horse_id,horse_name,sex,trainer,trainer_id,sire,sire_id,dam,dam_id,sire_of_dam,bms_id,owner,breeder,total_prize,sire_birth_year,dam_birth_year,bms_birth_year
2020102781,ベラジオオペラ,牡,上村洋行,,ロードカナロア,2008103552,エアルーティーン,2012104154,ハービンジャー,000a011996,ベラジオレーシング,社台ファーム,"94,473.4",2008.0,2012.0,2006.0
2020103656,リバティアイランド,牝,中内田充,,ドゥラメンテ,2012104511,ヤンキーローズ,000a013bb2,All American,000a013b22,サンデーレーシング,ノーザンファーム,"74,444.0",2012.0,2013.0,2005.0
2020103532,タスティエーラ,牡,堀宣行,,サトノクラウン,2012104668,パルティトゥーラ,2014106097,マンハッタンカフェ,1998101554,キャロットファーム,ノーザンファーム,"65,897.7",2012.0,2014.0,1998.0
2020102899,ソールオリエンス,牡,手塚貴久,,キタサンブラック,2012102013,スキア,000a012f7d,Motivator,000a010c91,社台レースホース,社台ファーム,"58,166.1",2012.0,2007.0,2002.0
2020103650,ドゥレッツァ,牡,尾関知人,,ドゥラメンテ,2012104511,モアザンセイクリッド,000a01295d,More Than Ready,000a00fcdd,キャロットファーム,ノーザンファーム,"47,217.8",2012.0,2009.0,1997.0
2020106851,ルガル,牡,杉山晴紀,,ドゥラメンテ,2012104511,アタブ,000a01447f,New Approach,000a011656,江馬由将,三嶋牧場,"37,921.0",2012.0,2012.0,2005.0
2020100157,ロードデルレイ,牡,中内田充,,ロードカナロア,2008103552,デルフィーノ,2011103449,ハーツクライ,2001103038,ロードホースクラブ,ケイアイファーム,"29,527.3",2008.0,2011.0,2001.0
2020103941,ホウオウビスケッツ,牡,奥村武,,マインドユアビスケッツ,000a01392e,ホウオウサブリナ,2015104903,ルーラーシップ,2007103143,小笹芳央,岡田スタッド,"29,224.8",2013.0,2015.0,2007.0
2020103242,ブレイディヴェーグ,牝,宮田敬介,,ロードカナロア,2008103552,インナーアージ,2010104322,ディープインパクト,2002100816,サンデーレーシング,ノーザンファーム,"28,707.6",2008.0,2010.0,2002.0
2020100680,エルトンバローズ,牡,杉山晴紀,,ディープブリランテ,2009105084,ショウナンカラット,2007102038,ブライアンズタイム,000a000082,猪熊広次,桑田牧場,"28,076.7",2009.0,2007.0,1985.0
2020103307,コスタノヴァ,牡,木村哲也,,ロードカナロア,2008103552,カラフルブラッサム,2010104227,ハーツクライ,2001103038,吉田勝己,ノーザンファーム,"27,305.9",2008.0,2010.0,2001.0
2020102078,レーベンスティール,牡,田中博康,,リアルスティール,2012104889,トウカイライフ,2007105970,トウカイテイオー,1988101025,キャロットファーム,広富牧場,"26,354.4",2012.0,2007.0,1988.0
2020109107,シランケド,牝,牧浦充徳,,デクラレーションオブウォー,000a0136f6,フェアブルーム,2009102479,ディープインパクト,2002100816,田畑利彦,下河辺トレーニングセンター,"23,977.9",2009.0,2009.0,2002.0
2020105621,アウトレンジ,牡,大久保龍,,レガーロ,2013105464,クイーンパイレーツ,2014105872,キングカメハメハ,2001103460,寺田寿男,ノースヒルズ,"22,549.5",2013.0,2014.0,2001.0
2020100148,アルジーヌ,牝,中内田充,,ロードカナロア,2008103552,キャトルフィーユ,2009101532,ディープインパクト,2002100816,ロードホースクラブ,ケイアイファーム,"22,366.6",2008.0,2009.0,2002.0
2020103054,マスクトディーヴァ,牝,辻野泰之,,ルーラーシップ,2007103143,マスクオフ,2009105916,ディープインパクト,2002100816,社台レースホース,社台ファーム,"21,589.6",2007.0,2009.0,2002.0
2020101547,エンペラーワケア,牡,杉山晴紀,,ロードカナロア,2008103552,カラズマッチポイント,000a013863,Curlin,000a011734,草間庸文,下河辺牧場,"21,098.1",2008.0,2010.0,2004.0
2020103101,シェイクユアハート,牡,宮徹,,ハーツクライ,2001103038,ルンバロッカ,000a010649,Sri Pekan,000a00223f,吉田千津,社台ファーム,"20,908.2",2001.0,2001.0,1992.0
2020100930,ライオットガール,牝,中村直也,,シニスターミニスター,000a011099,マリアビスティー,2008103221,ハーツクライ,2001103038,ヒダカファーム,ヒダカファーム,"20,673.9",2003.0,2008.0,2001.0
2020105786,マイネルエンペラー,牡,清水久詞,,ゴールドシップ,2009102739,マイネテレジア,2007104916,ロージズインメイ,000a010a10,サラブレッドクラブ・ラフィアン,ビッグレッドファーム,"20,258.2",2009.0,2007.0,2000.0
2020110009,オーサムリザルト,牝,池江泰寿,,Justify,000a013f2d,Blossomed,000a01a75a,Deputy Minister,000a001849,インゼルレーシング,Orpendale/Chelston/Wynatt,"20,063.0",2015.0,2003.0,1979.0
2020100896,ビッグシーザー,牡,西園正都,,ビッグアーサー,2011103328,アンナペレンナ,2013110017,Tale of Ekati,000a012550,幅田昌伸,バンブー牧場,"19,976.0",2011.0,2013.0,2005.0
2020103626,ドゥラエレーデ,牡,池添学,,ドゥラメンテ,2012104511,マルケッサ,2015105019,オルフェーヴル,2008102636,スリーエイチレーシング,ノーザンファーム,"19,924.4",2012.0,2015.0,2008.0
2020103458,ハーパー,牝,友道康夫,,ハーツクライ,2001103038,セレスタ,000a012e7c,Jump Start,000a010b86,エムズレーシング,ノーザンファーム,"19,641.2",2001.0,2012.0,1999.0
2020104376,ミックファイア,牡,渡辺和雄,,シニスターミニスター,000a011099,マリアージュ,2005101067,ブライアンズタイム,000a000082,ＫＨレーシング,高橋ファーム,"19,625.0",2003.0,2005.0,1985.0
2020106402,トップナイフ,牡,昆貢,,デクラレーションオブウォー,000a0136f6,ビーウインド,2001100275,スピニングワールド,000a000325,安原浩司,杵臼牧場,"19,624.3",2009.0,2001.0,1993.0
2020100145,ロードフォンス,牡,安田翔伍,,ロードカナロア,2008103552,オーシュペール,2009101530,ダイワメジャー,2001103114,ロードホースクラブ,ケイアイファーム,"19,207.2",2008.0,2009.0,2001.0
2020103400,セラフィックコール,牡,寺島良,,ヘニーヒューズ,000a011155,シャンドランジュ,2013106008,マンハッタンカフェ,1998101554,キャロットファーム,ノーザンファーム,"19,178.8",2003.0,2013.0,1998.0
2020101599,サンライズフレイム,牡,石坂公一,,ドレフォン,000a013b82,マストバイアイテム,2007105550,アフリート,000a000013,ライフハウス,下河辺牧場,"19,175.9",2013.0,2007.0,1984.0
2020104136,サンデーファンデー,牡,東田明士,,スズカコーズウェイ,2004104345,ファーストレディ,2008100289,スマートボーイ,1995100385,吉澤ホールディングス,グランド牧場,"18,530.8",2004.0,2008.0,1995.0
2020101874,ペリエール,牡,黒岩陽一,,ヘニーヒューズ,000a011155,ソフトライム,2010103668,フジキセキ,1992109618,長谷川祐司,チャンピオンズファーム,"18,390.4",2003.0,2010.0,1992.0
2020102764,モズメイメイ,牝,前川恭子,,リアルインパクト,2008103244,インラグジュアリー,2014105410,Frankel,000a01239b,キャピタル・システム,社台ファーム,"18,127.0",2008.0,2014.0,2008.0
2020100105,エイシンフェンサー,牝,吉村圭司,,ファインニードル,2013100612,エーシンパナギア,2008101286,エイシンサンディ,1993103280,栄進堂,木田牧場,"17,403.9",2013.0,2008.0,1993.0
2020103075,シャンパンカラー,牡,田中剛,,ドゥラメンテ,2012104511,メモリアルライフ,2015110048,Reckless Abandon,000a0136f5,青山洋一,社台ファーム,"17,168.7",2012.0,2015.0,2010.0
2020106565,ブライアンセンス,牡,斎藤誠,,ホッコータルマエ,2009100921,ヒラボクビジン,2007101587,ブライアンズタイム,000a000082,林正道,谷川牧場,"17,020.0",2009.0,2007.0,1985.0
2020104196,ヒーローコール,牡,小久保智,,ホッコータルマエ,2009100921,アインライツ,2001103971,ティンバーカントリー,000a00035e,山口裕介,坂本春雄,"16,957.3",2009.0,2001.0,1992.0
2020102223,ユメノホノオ,牡,田中守,,バトルプラン,000a0118e8,テレフォトグラフ,2009103061,ハーツクライ,2001103038,須田靖之,槇本牧場,"16,686.0",2005.0,2009.0,2001.0
2020103390,ラヴェル,牝,矢作芳人,,キタサンブラック,2012102013,サンブルエミューズ,2010104050,ダイワメジャー,2001103114,キャロットファーム,ノーザンファーム,"16,594.7",2012.0,2010.0,2001.0
2020103473,サトノグランツ,牡,友道康夫,,サトノダイヤモンド,2013106101,チェリーコレクト,000a012130,Oratorio,000a010d4e,里見治,ノーザンファーム,"16,320.7",2013.0,2009.0,2002.0
2020101503,カンチェンジュンガ,牡,庄野靖志,,ビッグアーサー,2011103328,クェスタボルタ,2015103865,ノヴェリスト,000a012230,幅田昌伸,サンバマウンテンファーム,"16,122.5",2011.0,2015.0,2009.0
2020102904,オメガギネス,牡,安田翔伍,,ロゴタイプ,2010103783,スタートアップ,2015104208,ハービンジャー,000a011996,原禮子,社台ファーム,"15,721.5",2010.0,2015.0,2006.0
2020103674,ウンブライル,牝,木村哲也,,ロードカナロア,2008103552,ラルケット,2005102452,ファルブラヴ,1998190004,サンデーレーシング,ノーザンファーム,"15,665.8",2008.0,2005.0,1998.0
2020100273,ミトノオー,牡,牧光二,,ロゴタイプ,2010103783,シダクティヴリー,000a011520,サンダーガルチ,000a00035c,ロイヤルパーク,築紫洋,"15,486.7",2010.0,2003.0,1992.0
2020106006,ドンアミティエ,牡,今野貞一,,アジアエクスプレス,2011110091,クラシックス,2013102089,キングヘイロー,1995104427,山田貢一,村田牧場,"15,427.8",2011.0,2013.0,1995.0
2020104760,ゼットリアン,牡,吉田直弘,,モーリス,2011100655,ネオシルヴィア,2008101532,ネオユニヴァース,2000101426,フォーレスト,フジワラファーム,"15,036.1",2011.0,2008.0,2000.0
2020103732,ドゥアイズ,牝,庄野靖志,,ルーラーシップ,2007103143,ローズマンブリッジ,2010104127,ディープインパクト,2002100816,Ｇ１レーシング,ノーザンファーム,"15,020.5",2007.0,2010.0,2002.0
2020105681,ハーツコンチェルト,牡,武井亮,,ハーツクライ,2001103038,ナスノシベリウス,2009110036,Unbridled's Song,000a002071,グリーンファーム,ハシモトファーム,"14,689.8",2001.0,2009.0,1993.0
2020103099,ビヨンドザヴァレー,牝,橋口慎介,,イスラボニータ,2011103565,リリーオブザヴァレー,000a011dc7,Galileo,000a00232b,社台レースホース,社台ファーム,"14,643.3",2011.0,2007.0,1998.0
2020101205,ベルピット,牡,角川秀樹,,パイロ,000a01176a,ベルライン,2010104076,ダイワメジャー,2001103114,廣松金次,厚賀古川牧場,"14,496.0",2005.0,2010.0,2001.0
2020105633,リビアングラス,牡,矢作芳人,,キズナ,2010105827,ディルガ,2011110025,Curlin,000a011734,前田幸治,ノースヒルズ,"14,489.0",2010.0,2011.0,2004.0
2020110155,レイベリング,牡,鹿戸雄一,,Frankel,000a01239b,Noyelles,000a01bbf6,Docksider,000a00fffc,ビッグレッドファーム,Sir Nicholas & Lady Nugent,"14,383.8",2008.0,2004.0,1995.0
2020106582,ファントムシーフ,牡,西村真幸,,ハービンジャー,000a011996,ルパンII,000a013e3b,Medaglia d'Oro,000a010a65,ターフ・スポート,谷川牧場,"14,233.0",2006.0,2014.0,1999.0
2020102853,シャドウフューリー,牡,杉山晴紀,,イスラボニータ,2011103565,コージーロージー,000a011e15,Pleasantly Perfect,000a01052f,飯塚知一,社台ファーム,"14,120.0",2011.0,2007.0,1998.0
2020105424,シルトホルン,牡,新開幸一,,スクリーンヒーロー,2004103328,シンメイミヤビ,2005109191,Langfuhr,000a0021ab,ディアレストクラブ,飛渡牧場,"14,047.7",2004.0,2005.0,1992.0
2020105655,アリスヴェリテ,牝,中竹和也,,キズナ,2010105827,ルミエールヴェリテ,2007110112,Cozzene,000a001bda,加藤誠,ノースヒルズ,"13,634.1",2010.0,2007.0,1980.0
2020105795,フェアエールング,牝,和田正一,,ゴールドシップ,2009102739,マイネポリーヌ,2002105175,スペシャルウィーク,1995103211,サラブレッドクラブ・ラフィアン,ビッグレッドファーム,"13,584.6",2009.0,2002.0,1995.0
2020104239,キリンジ,牡,渡辺和雄,,キズナ,2010105827,タイムピース,2014100579,ルーラーシップ,2007103143,岡浩二,サンデーヒルズ,"13,540.0",2010.0,2014.0,2007.0
2020106435,ドゥーラ,牝,高橋康之,,ドゥラメンテ,2012104511,イシス,2012100041,キングヘイロー,1995104427,サイプレスホールディングス,グランデファーム,"13,521.2",2012.0,2012.0,1995.0
2020102660,シングザットソング,牝,高野友和,,ドゥラメンテ,2012104511,ザガールインザットソング,000a013cf1,My Golden Song,000a013be7,社台レースホース,社台コーポレーション白老ファーム,"13,419.0",2012.0,2011.0,2003.0
2020101607,ココナッツブラウン,牝,上村洋行,,キタサンブラック,2012102013,ルアーズストリート,2007105554,キングカメハメハ,2001103460,下河辺隆行,下河辺牧場,"13,414.9",2012.0,2007.0,2001.0
2020100484,アームズレイン,牡,佐々木仁,,コパノリッキー,2010106548,アームズトウショウ,2006101310,コロナドズクエスト,000a0000b5,（株）ＴＳホールディ,明治牧場,"13,363.2",2010.0,2006.0,1995.0
2020101608,シンリョクカ,牝,竹内正洋,,サトノダイヤモンド,2013106101,レイカーラ,2009102441,キングカメハメハ,2001103460,由井健太郎,下河辺牧場,"13,188.8",2013.0,2009.0,2001.0
2020103661,フリームファクシ,牡,須貝尚介,,ルーラーシップ,2007103143,ライツェント,2007103233,スペシャルウィーク,1995103211,金子真人ホールディングス,ノーザンファーム,"13,187.4",2007.0,2007.0,1995.0
2020104243,オオバンブルマイ,牡,吉村圭司,,ディスクリートキャット,000a0113a1,ピンクガーベラ,2014100617,ディープインパクト,2002100816,岡浩二,サンデーヒルズ,"13,090.8",2003.0,2014.0,2002.0
2020100734,サヴォーナ,牡,中竹和也,,キズナ,2010105827,テイケイラピッド,2012103951,スニッツェル,000a010eaa,加藤誠,高昭牧場,"13,061.9",2010.0,2012.0,2002.0
2020101772,メタルスピード,牡,斎藤誠,,シルバーステート,2013105903,マイビビアーヌ,2009110103,Shamardal,000a010c92,ＨｉｍＲｏｃｋＲａｃｉｎｇホールディングス,タバタファーム,"12,898.4",2013.0,2009.0,2002.0
2020103322,モリアーナ,牝,武藤善則,,エピファネイア,2010104155,ガルデルスリール,2011103993,ダイワメジャー,2001103114,高橋文男,ノーザンファーム,"12,830.6",2010.0,2011.0,2001.0
2020105599,ヤマニンウルス,牡,斉藤崇史,,ジャスタウェイ,2009106461,ヤマニンパピオネ,2008104795,スウェプトオーヴァーボード,000a00fa34,土井肇,錦岡牧場,"12,807.2",2009.0,2008.0,1997.0
2020104497,サイモンザナドゥ,牡,小林真也,,アジアエクスプレス,2011110091,トゥルーロマンス,2012103230,アグネスデジタル,1997110025,澤田昭紀,千代田牧場,"12,713.4",2011.0,2012.0,1997.0
2020110024,ウェイワードアクト,牡,田中博康,,Maclean's Music,000a0139af,Warrior Kat,000a01b0fe,マジェスティックウォリアー,000a011e9c,ゴドルフィン,Mike Olszewsky Craig Conrad & Darren Kuntz,"12,491.5",2008.0,2014.0,2005.0
2020103387,クールミラボー,牡,寺島良,,ドレフォン,000a013b82,サンソヴール,2011103869,キングカメハメハ,2001103460,Ｇ１レーシング,ノーザンファーム,"12,374.2",2013.0,2011.0,2001.0
2020106909,ゴールデンスナップ,牝,田中克典,,ゴールドシップ,2009102739,メイショウジェイ,2005102873,タニノギムレット,1999100226,エースレーシング,三嶋牧場,"12,278.8",2009.0,2005.0,1999.0
2020103640,ミッキーゴージャス,牝,安田翔伍,,ミッキーロケット,2013106099,ミッキークイーン,2012104870,ディープインパクト,2002100816,野田みづき,ノーザンファーム,"12,209.9",2013.0,2012.0,2002.0
2020103102,セオ,牡,上村洋行,,スピルバーグ,2009105961,ルーラ,000a013e70,Oasis Dream,000a010d4f,吉田千津,社台ファーム,"12,185.9",2009.0,2009.0,2000.0
2020104564,ニホンピロキーフ,牡,大橋勇樹,,キタサンブラック,2012102013,ニホンピロアンバー,2011102347,スウェプトオーヴァーボード,000a00fa34,小林英一,友田牧場,"12,095.0",2012.0,2011.0,1997.0
2020103472,ノッキングポイント,牡,木村哲也,,モーリス,2011100655,チェッキーノ,2013106005,キングカメハメハ,2001103460,サンデーレーシング,ノーザンファーム,"12,050.7",2011.0,2013.0,2001.0
2020103333,ショウナンバシット,牡,須貝尚介,,シルバーステート,2013105903,ギエム,2014105859,Medaglia d'Oro,000a010a65,国本哲秀,ノーザンファーム,"11,979.2",2013.0,2014.0,1999.0
2020102740,コントラポスト,牡,菊沢隆徳,,ルーラーシップ,2007103143,アカンサス,2008102889,フジキセキ,1992109618,ライオンレースホース,社台ファーム,"11,773.9",2007.0,2008.0,1992.0
2020105639,ハギノサステナブル,牡,高野友和,,サトノダイヤモンド,2013106101,ハギノエスカーダ,2014106229,タートルボウル,000a012045,日隈良江,ノースヒルズ,"11,706.9",2013.0,2014.0,2002.0
2020102045,フェルヴェンテ,牡,宮徹,,ダノンバラード,2008103548,オリジンファースト,000a012fcf,Exceed And Excel,000a010a61,ロイヤルパーク,日高大洋牧場,"11,628.2",2008.0,2010.0,2000.0
2020106678,マコトヴェリーキー,牡,上村洋行,,オルフェーヴル,2008102636,マコトブリジャール,2010101874,ストーミングホーム,1998190003,ディアマント,辻牧場,"11,524.2",2008.0,2010.0,1998.0
2020105154,アサカラキング,牡,斎藤誠,,キズナ,2010105827,アサカラヴァーズ,2011104670,キングヘイロー,1995104427,山口雄司,協和牧場,"11,475.2",2010.0,2011.0,1995.0
2020103043,コレペティトール,セ,中竹和也,,ジャスタウェイ,2009106461,ベガスナイト,2000110038,コロナドズクエスト,000a0000b5,加藤誠,社台ファーム,"11,440.2",2009.0,2000.0,1995.0
2020101373,バトゥーキ,牡,浜田多実,,ラニ,2013110045,サンバホイッスル,2008105409,サウスヴィグラス,1996110138,京都ホースレーシング,川島正広,"11,398.4",2013.0,2008.0,1996.0
2020103876,モンドプリューム,牡,水野貴広,,サトノダイヤモンド,2013106101,エリモフェザー,2010101787,シニスターミニスター,000a011099,落合幸弘,岡田スタッド,"11,382.6",2013.0,2010.0,2003.0
2020101533,ドルチェモア,牡,藤田輝信,,ルーラーシップ,2007103143,アユサン,2010100487,ディープインパクト,2002100816,（株）スリーエイチレ,下河辺牧場,"11,344.0",2007.0,2010.0,2002.0
2020105018,スズハローム,牡,牧田和弥,,サトノダイヤモンド,2013106101,アイライン,2012100048,ローレルゲレイロ,2004100933,森達郎,アラキファーム,"11,328.3",2013.0,2012.0,2004.0
2020105773,コスモフリーゲン,牡,畠山吉宏,,スクリーンヒーロー,2004103328,フライングメリッサ,2004102746,ダンスインザダーク,1993109188,ビッグレッドファーム,ビッグレッドファーム,"11,318.5",2004.0,2004.0,1993.0
2020103616,フェブランシェ,牝,藤田輝信,,リアルスティール,2012104889,マイティースルー,2006103249,クロフネ,1998110135,キャロットファーム,ノーザンファーム,"11,312.9",2012.0,2006.0,1998.0
2020103521,セブンマジシャン,牡,高野友和,,ジャスタウェイ,2009106461,ハピネスダンサー,2011103837,メイショウサムソン,2003102205,前迫義幸,ノーザンファーム,"11,301.5",2009.0,2011.0,2003.0
2020105749,マイネルモーント,牡,高木登,,ゴールドシップ,2009102739,ゲッカコウ,2013102323,ロージズインメイ,000a010a10,サラブレッドクラブ・ラフィアン,ビッグレッドファーム,"11,244.2",2009.0,2013.0,2000.0
2020110105,マニバドラ,牡,森秀行,,Speightstown,000a011200,Trini Brewnette,000a01bdeb,Milwaukee Brew,000a015092,冨士井直哉,Corser Thoroughbreds LLC,"11,202.9",1998.0,2013.0,1997.0
2020101694,シゲルショウグン,牡,大橋勇樹,,モーリス,2011100655,ペニーブラック,2008103182,Redoute's Choice,000a00fe93,關美和,シンボリ牧場,"11,201.1",2011.0,2008.0,1996.0
2020101543,グランテスト,牝,今野貞一,,ロードカナロア,2008103552,オーヴィレール,2013100339,シンボリクリスエス,1999110099,下河辺隆行,下河辺牧場,"11,140.9",2008.0,2013.0,1999.0
2020102061,ローズスター,牡,上村洋行,,ドレフォン,000a013b82,ロゼットネビュラ,2006103432,ネオユニヴァース,2000101426,石川達絵,日高大洋牧場,"11,126.7",2013.0,2006.0,2000.0
2020105626,コンクシェル,牝,清水久詞,,キズナ,2010105827,ザナ,2008110037,Galileo,000a00232b,前田晋二,ノースヒルズ,"11,058.3",2010.0,2008.0,1998.0
2020103276,バルサムノート,牡,高野友和,,モーリス,2011100655,エピセアローム,2009106383,ダイワメジャー,2001103114,吉田勝己,ノーザンファーム,"11,044.6",2011.0,2009.0,2001.0
2020110085,イングランドアイズ,牝,安田翔伍,,Kingman,000a0124ab,ヌーヴォレコルト,2011104201,ハーツクライ,2001103038,原禮子,Hara Reiko Racing Co. Ltd,"10,999.8",2011.0,2011.0,2001.0
2020101784,ラケマーダ,牡,千田輝彦,,アメリカンペイトリオット,000a013bba,アプト,2014102205,アドマイヤムーン,2003102991,ゴドルフィン,ダーレー・ジャパン・ファーム,"10,971.7",2013.0,2014.0,2003.0
2020106557,コンクイスタ,セ,吉岡辰弥,,ロードカナロア,2008103552,ドリームオブジェニー,000a011e0e,Pivotal,000a002328,ターフ・スポート,谷川牧場,"10,960.4",2008.0,2008.0,1993.0
2020100811,スマイルミーシャ,牝,飯田良弘,,カレンブラックヒル,2009106230,クリスマドンナ,2007102122,シンボリクリスエス,1999110099,松野真一,猿橋義昭,"10,937.0",2009.0,2007.0,1999.0
2020101813,クルゼイロドスル,牡,高橋義忠,,ファインニードル,2013100612,スタリア,2009102647,アルカセット,2000190010,ゴドルフィン,ダーレー・ジャパン・ファーム,"10,873.8",2013.0,2009.0,2000.0
2020100806,ディープリボーン,牡,四位洋文,,ホッコータルマエ,2009100921,メイショウアリス,2007101792,マンハッタンカフェ,1998101554,深見敏男,鮫川ファーム,"10,853.7",2009.0,2007.0,1998.0
2020105750,マイネルメモリー,牡,宮徹,,ゴールドシップ,2009102739,コスモエンドレス,2004100280,スターオブコジーン,1988109108,サラブレッドクラブ・ラフィアン,ビッグレッドファーム,"10,823.1",2009.0,2004.0,1988.0
2020103434,カルロヴェローチェ,セ,須貝尚介,,シルバーステート,2013105903,スサーナトウショウ,2008100654,ロックオブジブラルタル,000a00fd4c,ＴＯＲＡＣＩＮＧ,ノーザンファーム,"10,801.7",2013.0,2008.0,1999.0
2020110007,ペースセッティング,牡,田中一巧,,Showcasing,000a013495,ジェットセッティング,000a0133d6,Fast Company,000a019851,シルクレーシング,Northern Farm,"10,801.1",2007.0,2013.0,2005.0
2020100116,アクションプラン,牡,池上昌和,,リオンディーズ,2013105915,シャプレドサクレ,2014106290,タートルボウル,000a012045,関田光男,木下牧場,"10,736.3",2013.0,2014.0,2002.0
2020102870,ブレイヴロッカー,セ,本田優,,ドゥラメンテ,2012104511,シティイメージ,000a01446f,Elusive City,000a01239c,吉田照哉,社台ファーム,"10,708.6",2012.0,2010.0,2000.0
2020105939,ナチュラルハイ,牡,小久保智,,スクリーンヒーロー,2004103328,ニシノシュクラン,2008104122,Pulpit,000a002133,山口裕介,村上欽哉,"10,586.8",2004.0,2008.0,1994.0
2020105798,マイネルカンパーナ,牡,青木孝文,,ゴールドシップ,2009102739,マンバラ,000a010eb2,Linamix,000a001e23,サラブレッドクラブ・ラフィアン,ビッグレッドファーム,"10,540.2",2009.0,2003.0,1987.0
2020101292,ボナンザ,牡,庄野靖志,,シニスターミニスター,000a011099,グラニースミス,2008102627,ディープインパクト,2002100816,幅田京子,浦新徳司,"10,527.2",2003.0,2008.0,2002.0
2020104474,ルクスフロンティア,牡,松永幹夫,,エピファネイア,2010104155,サトノアイリ,2013104464,ステイゴールド,1994108729,ルクス,千代田牧場,"10,514.9",2010.0,2013.0,1994.0
2020104302,スマートファントム,牡,石橋守,,ハービンジャー,000a011996,スマートアイリス,2008100115,ディープインパクト,2002100816,大川徹,静内山田牧場,"10,473.6",2006.0,2008.0,2002.0
2020103446,スマイルスルー,牡,斉藤崇史,,ルーラーシップ,2007103143,スマイルシャワー,2011103871,シンボリクリスエス,1999110099,吉田勝己,ノーザンファーム,"10,459.4",2007.0,2011.0,1999.0
2020104661,ダンテバローズ,牡,上村洋行,,ドレフォン,000a013b82,スズカエルマンボ,2005100297,シンボリクリスエス,1999110099,猪熊広次,服部牧場,"10,419.0",2013.0,2005.0,1999.0
2020102928,ソーダズリング,牝,新谷功一,,ハーツクライ,2001103038,ソーマジック,2005102296,シンボリクリスエス,1999110099,社台レースホース,社台ファーム,"10,310.8",2001.0,2005.0,1999.0
2020101756,アンクルブラック,牡,高橋亮,,キタサンブラック,2012102013,ウインクルキラリ,2010100604,ダンスインザダーク,1993109188,塚本能交,竹島幸治,"10,300.7",2012.0,2010.0,1993.0
2020110060,ホールネス,牝,藤原英昭,,Lope de Vega,000a012919,Missunited,000a01bbff,Golan,1998190001,ゴドルフィン,Mrs V.B. Hutch & Lope de Vega Synd.,"10,181.4",2007.0,2007.0,1998.0
2020100909,ジューンオレンジ,牝,長谷川浩,,ジャスタウェイ,2009106461,アドマイヤサブリナ,2010104205,シンボリクリスエス,1999110099,吉川潤,ヒダカファーム,"10,161.6",2009.0,2010.0,1999.0
2020100829,コパノパサディナ,牡,森泰斗,,コパノリッキー,2010106548,プリンシプルレディ,2007102136,アグネスデジタル,1997110025,小林祥晃,大北牧場,"10,147.8",2010.0,2007.0,1997.0
2020103148,ショウナンライシン,牡,大竹正博,,エスケンデレヤ,000a012cc0,ショウナンバーキン,2010102776,フジキセキ,1992109618,国本哲秀,青藍牧場,"10,041.2",2007.0,2010.0,1992.0
2020100301,サルヴァトーレ,牡,和田正一,,キズナ,2010105827,セレブラール,2004101364,ボストンハーバー,000a00007c,ノースヒルズ,土居牧場,"10,039.4",2010.0,2004.0,1994.0
2020104144,オマツリオトコ,牡,長倉功,,ヴィットリオドーロ,2009110009,マツリバヤシ,2008100256,スマートボーイ,1995100385,（株）Ｗプロパティー,グランド牧場,"10,032.0",2009.0,2008.0,1995.0
2020103364,ペリファーニア,牝,鹿戸雄一,,モーリス,2011100655,ケイティーズハート,2009106142,ハーツクライ,2001103038,キャロットファーム,ノーザンファーム,"10,030.7",2011.0,2009.0,2001.0
2020101707,スマートフォルス,牡,吉村圭司,,シニスターミニスター,000a011099,スマートレグルス,2016103216,ロードカナロア,2008103552,大川徹,スマート,"10,010.0",2003.0,2016.0,2008.0
2020103368,コナコースト,牝,清水久詞,,キタサンブラック,2012102013,コナブリュワーズ,2010104036,キングカメハメハ,2001103460,サンデーレーシング,ノーザンファーム,"10,001.0",2012.0,2010.0,2001.0
2020103785,コンティノアール,牡,矢作芳人,,ドレフォン,000a013b82,パンデリング,2014106100,キングカメハメハ,2001103460,ライオンレースホース,レイクヴィラファーム,"9,940.0",2013.0,2014.0,2001.0
2020100912,ジューンアヲニヨシ,牡,松下武士,,キズナ,2010105827,オールブランニュー,2006100570,ノボジャック,1997110152,吉川潤,ヒダカファーム,"9,903.4",2010.0,2006.0,1997.0
2020101419,ブーケファロス,牡,清水英克,,ビッグアーサー,2011103328,クラウンデュナミス,2011109147,ダンディコマンド,1993109569,矢野まり子,クラウン日高牧場,"9,864.2",2011.0,2011.0,1993.0
2020100254,ニシノレヴナント,セ,上原博之,,ネロ,2011103722,ニシノアモーレ,2014102696,コンデュイット,2005190006,西山茂行,タツヤファーム,"9,836.9",2011.0,2014.0,2005.0
2020101262,エコロレジーナ,牝,菊沢隆徳,,アメリカンペイトリオット,000a013bba,ハーズシャドウ,2015104210,オルフェーヴル,2008102636,原村正紀,荒井ファーム,"9,821.6",2013.0,2015.0,2008.0
2020103070,ミラクルティアラ,牝,野中賢二,,ヘニーヒューズ,000a011155,ミラクルレジェンド,2007102873,フジキセキ,1992109618,グリーンファーム,社台ファーム,"9,797.7",2003.0,2007.0,1992.0
2020102873,キミノナハマリア,牝,千田輝彦,,ハービンジャー,000a011996,シャドウマリア,2014105625,ヴィクトワールピサ,2007102923,浦野和由,社台ファーム,"9,739.9",2006.0,2014.0,2007.0
2020100815,ミルトクレイモー,牡,橋本和馬,,バゴ,2001190004,ウートゥルメール,2013106419,マンハッタンカフェ,1998101554,永山勝敏,大北牧場,"9,736.8",2001.0,2013.0,1998.0
2020103061,シュタールヴィント,牡,矢作芳人,,ロードカナロア,2008103552,マルセリーナ,2008103009,ディープインパクト,2002100816,社台レースホース,社台ファーム,"9,649.5",2008.0,2008.0,2002.0
2020101827,バースクライ,牝,千田輝彦,,ハーツクライ,2001103038,ティップトップ,2011100511,Dubawi,000a0115e2,ゴドルフィン,ダーレー・ジャパン・ファーム,"9,640.1",2001.0,2011.0,2002.0
2020107041,アウストロ,牡,小沢宏次,,ダノンレジェンド,2010110102,キーチケット,2016101625,ダンカーク,000a012185,迎徹,鵜木唯義,"9,631.5",2010.0,2016.0,2006.0
2020102237,スペシャルエックス,牡,田中淳司,,ダノンレジェンド,2010110102,ファーマクリーム,2008106177,スニッツェル,000a010eaa,定蛇邦宏,増尾牧場,"9,500.0",2010.0,2008.0,2002.0
2020106015,バグラダス,牡,嘉藤貴行,,マジェスティックウォリアー,000a011e9c,メジェルダ,2013102088,ディープインパクト,2002100816,村田牧場,村田牧場,"9,465.6",2005.0,2013.0,2002.0
2020110131,メタマックス,牡,森秀行,,Into Mischief,000a0125a7,Zapara,000a01c07c,Not for Love,000a002152,藤田晋,Brookstone Farm & Lee Mauberret,"9,445.5",2005.0,2010.0,1990.0
2020104597,ショウナンアビアス,牡,加藤士津,,ドレフォン,000a013b82,ショウナンカサロ,2012103338,キングカメハメハ,2001103460,国本哲秀,西村牧場,"9,418.6",2013.0,2012.0,2001.0
2020100142,ロードアヴニール,牡,野中賢二,,ドゥラメンテ,2012104511,ヴィーヴル,2012102313,ディープインパクト,2002100816,ロードホースクラブ,ケイアイファーム,"9,410.8",2012.0,2012.0,2002.0
2020100497,ベガリス,牝,高橋義忠,,モーリス,2011100655,プレシャスベガ,2011103614,キングカメハメハ,2001103460,杉山忠国,明治牧場,"9,391.3",2011.0,2011.0,2001.0
2020110090,ティニア,牡,池江泰寿,,Frankel,000a01239b,フォローアドリーム,000a01bdb1,Giant's Causeway,000a0022e1,前田幸治,North Hills Co. Ltd,"9,383.4",2008.0,2016.0,1997.0
2020103129,ワンダイレクト,牡,藤岡健一,,ハービンジャー,000a011996,ワントゥワン,2013105748,ディープインパクト,2002100816,青山洋一,社台ファーム,"9,335.8",2006.0,2013.0,2002.0
2020106914,イコサン,牡,長谷川浩,,ビッグアーサー,2011103328,メイショウトモシビ,2015103380,ハーツクライ,2001103038,天野克彦,三嶋牧場,"9,282.5",2011.0,2015.0,2001.0
2020105839,ポリゴンウェイヴ,牡,小久保智,,ヘニーヒューズ,000a011155,カヒリ,2009106091,キングカメハメハ,2001103460,山口裕介,北星村田牧場,"9,264.1",2003.0,2009.0,2001.0
2020100635,サンテックス,牡,加藤和義,,マジェスティックウォリアー,000a011e9c,ナイトフライト,2008104876,ゴールドアリュール,1999106689,橋元勇氣,笠松牧場,"9,261.5",2005.0,2008.0,1999.0
2020103398,ライツフォル,牡,高橋義忠,,ミッキーアイル,2011103916,シャルマント,2016104647,エンパイアメーカー,000a010542,サンデーレーシング,ノーザンファーム,"9,058.2",2011.0,2016.0,2000.0
2020105656,フルール,牝,上原佑紀,,キズナ,2010105827,レリカリオ,2015110009,Malibu Moon,000a010c8e,ノースヒルズ,ノースヒルズ,"9,017.0",2010.0,2015.0,1997.0
2020101967,ダイシンヤマト,牡,戸田博文,,ヤマカツエース,2012102774,ダイシンパーティー,2003100653,ブライアンズタイム,000a000082,大八木信行,中原牧場,"8,868.3",2012.0,2003.0,1985.0
2020100162,ロードアウォード,セ,吉岡辰弥,,ロードカナロア,2008103552,パーフェクトトリビュート,000a0128f2,Dubawi,000a0115e2,ロードホースクラブ,ケイアイファーム,"8,863.1",2008.0,2008.0,2002.0
2020103354,アイスグリーン,牡,池添学,,モーリス,2011100655,グリューネワルト,2007103195,スペシャルウィーク,1995103211,シルクレーシング,ノーザンファーム,"8,849.6",2011.0,2007.0,1995.0
2020103945,ヴェルミセル,牝,吉村圭司,,ゴールドシップ,2009102739,マルーンドロップ,2011101749,コンデュイット,2005190006,ノルマンディーサラブレッドレーシング,岡田スタッド,"8,744.9",2009.0,2011.0,2005.0
2020101275,アイファーテイオー,牡,井上智史,,アイファーソング,2008100386,ピコット,2013100406,ハーツクライ,2001103038,中島稔,アースファーム,"8,705.2",2008.0,2013.0,2001.0
2020105295,エエヤン,セ,伊藤大士,,シルバーステート,2013105903,シルクヴィーナス,2006104639,ティンバーカントリー,000a00035e,ニッシンホールディングス,須崎牧場,"8,691.4",2013.0,2006.0,1992.0
2020103025,ドクタードリトル,牡,今野貞一,,デクラレーションオブウォー,000a0136f6,ブルックデイル,2012104418,キングカメハメハ,2001103460,谷掛龍夫,社台ファーム,"8,641.1",2009.0,2012.0,2001.0
2020103639,セッション,牡,斉藤崇史,,シルバーステート,2013105903,ミスドバウィ,2013110037,Dubawi,000a0115e2,林正道,ノーザンファーム,"8,618.6",2013.0,2013.0,2002.0
2020102412,メイドイットマム,牝,石井勝男,,ノヴェリスト,000a012230,コマノスクアーロ,2008100724,ゼンノロブロイ,2000101517,木村牧場,新井牧場,"8,606.6",2009.0,2008.0,2000.0
2020102843,アッチャゴーラ,牡,浅利英明,,マインドユアビスケッツ,000a01392e,グラッブユアコート,2012104210,ゴールドアリュール,1999106689,吉田千津,社台ファーム,"8,593.1",2013.0,2012.0,1999.0
2020102751,エミサキホコル,牡,池田忠好,,ドレフォン,000a013b82,アルテミスハート,2010103957,ハーツクライ,2001103038,亀岡和彦,社台ファーム,"8,573.6",2013.0,2010.0,2001.0
2020101897,レッドヒルシューズ,牝,武英智,,ハーツクライ,2001103038,ヤマノラヴ,2008105732,アグネスデジタル,1997110025,呉本昌時,チャンピオンズファーム,"8,563.4",2001.0,2008.0,1997.0
2020100960,マーブルロック,牡,西園正都,,シニスターミニスター,000a011099,サニーロック,2010102292,キングカメハメハ,2001103460,下村直,丸村村下ファーム,"8,556.9",2003.0,2010.0,2001.0
2020102750,タイトニット,牡,今野貞一,,キズナ,2010105827,アルティメイトラブ,2009105790,シンボリクリスエス,1999110099,社台レースホース,社台ファーム,"8,553.4",2010.0,2009.0,1999.0
2020103875,フェーレンベルク,牡,千葉直人,,エイシンフラッシュ,2007102951,エクラミレネール,2013103951,マツリダゴッホ,2003104570,岡田牧雄,岡田スタッド,"8,547.6",2007.0,2013.0,2003.0
2020104702,ジョウショーホープ,牡,雑賀正光,,ミッキーロケット,2013106099,スターフォーユー,2006101248,アグネスデジタル,1997110025,熊田義孝,福岡駿弥,"8,542.1",2013.0,2006.0,1997.0
2020106370,サンマルパトロール,牡,大橋勇樹,,ビーチパトロール,000a0141f9,サンマルアリュール,2012105273,ゴールドアリュール,1999106689,相馬勇,木戸口牧場,"8,533.0",2013.0,2012.0,1999.0
2020106408,ペプチドタイガー,牡,吉村圭司,,ディーマジェスティ,2013104704,ペプチドスピカ,2011105688,ヨハネスブルグ,000a0103b9,沼川一彦,杵臼牧場,"8,521.1",2013.0,2011.0,1999.0
2020105622,パラシュラーマ,牡,松浦聡志,,トランセンド,2006104736,クライミングローズ,2012100611,マンハッタンカフェ,1998101554,前田幸治,ノースヒルズ,"8,504.8",2006.0,2012.0,1998.0
2020100761,マンマリアーレ,牝,高木登,,ゴールドシップ,2009102739,カラヴィンカ,2008110074,Bernardini,000a0111fe,ディアレストクラブ,小島牧場,"8,409.1",2009.0,2008.0,2003.0
2020105781,マイネルケレリウス,牡,奥村武,,ルーラーシップ,2007103143,マイネカンナ,2004100773,アグネスタキオン,1998101516,サラブレッドクラブ・ラフィアン,ビッグレッドファーム,"8,405.0",2007.0,2004.0,1998.0
2020105217,ウインオーディン,牡,鹿戸雄一,,エピファネイア,2010104155,ピエナビーナス,2004101777,フジキセキ,1992109618,ウイン,コスモヴューファーム,"8,392.8",2010.0,2004.0,1992.0
2020102378,ミシシッピテソーロ,牝,畠山吉宏,,ダノンバラード,2008103548,ハピネスフォーユー,2005110200,A.P. Indy,000a001d37,了徳寺健二ホールディングス,リョーケンファーム,"8,387.4",2008.0,2005.0,1989.0
2020103060,ヴェルテンベルク,牡,宮本博,,キタサンブラック,2012102013,マルカアイチャン,2003102664,フレンチデピュティ,000a00013a,吉田照哉,社台ファーム,"8,360.8",2012.0,2003.0,1992.0
2020106877,スマートアイ,牝,寺島良,,ヘニーヒューズ,000a011155,スマートオーシャン,2008110033,Mr. Greeley,000a00213e,大川徹,三嶋牧場,"8,341.1",2003.0,2008.0,1992.0
2020110106,アドバンスファラオ,セ,森秀行,,American Pharoah,000a012aad,Fair Huntress,000a01bdec,Tiznow,000a00fa4b,久保田典秀,John D. Gunther & American Pharoah Syndicate,"8,334.8",2012.0,2014.0,1997.0
2020106884,テーオーリカード,セ,高柳大輔,,パイロ,000a01176a,ナナイロボタン,2012104055,ネオユニヴァース,2000101426,小笹公也,三嶋牧場,"8,329.5",2005.0,2012.0,2000.0
2020104675,ヘニータイフーン,牝,荒山勝徳,,ヘニーヒューズ,000a011155,メジャータイフーン,2013104710,ダイワメジャー,2001103114,林正道,服部牧場,"8,284.6",2003.0,2013.0,2001.0
2020110075,ミスティックロア,牡,矢作芳人,,Arrogate,000a013798,Folklore,000a011d47,Tiznow,000a00fa4b,ＤＭＭドリームクラブ,Lewis Thoroughbred Breeding LLC,"8,279.9",2013.0,2003.0,1997.0
2020102737,マリアナトレンチ,牡,東田明士,,ハーツクライ,2001103038,アイアムルビー,2007110004,Saint Liam,000a010610,谷掛龍夫,社台ファーム,"8,249.3",2001.0,2007.0,2000.0
2020106234,グランドカリナン,牡,田島俊明,,リアルインパクト,2008103244,サマーティアラ,2008104681,マンハッタンカフェ,1998101554,田畑利彦,浦河日成牧場,"8,219.5",2008.0,2008.0,1998.0
2020106967,キタウイング,牝,小島茂之,,ダノンバラード,2008103548,キタノリツメイ,2014103618,アイルハヴアナザー,000a011ed3,ミルファーム,ミルファーム,"8,213.6",2008.0,2014.0,2009.0
2020105144,ニシキギミッチー,牡,鈴木伸尋,,ヘニーヒューズ,000a011155,カフジビーナス,2013101381,ディープインパクト,2002100816,茂木国久,川島牧場,"8,158.7",2003.0,2013.0,2002.0
2020106063,ゴッドブルービー,牡,角田晃一,,パイロ,000a01176a,ゴッドビラブドミー,2004100969,ブライアンズタイム,000a000082,中西憲治,芳住鉄兵,"8,125.1",2005.0,2004.0,1985.0
2020104550,ワイドアラジン,牡,奥村豊,,ダイワメジャー,2001103114,トクラットリバー,2010104115,ウォーエンブレム,000a00fa35,幅田京子,飛野牧場,"8,086.5",2001.0,2010.0,1999.0
2020106782,ニットウバジル,牡,高橋文雅,,ダノンレジェンド,2010110102,ベリーキュート,2007101718,ザッツザプレンティ,2000101398,日東牧場,日東牧場,"8,069.8",2010.0,2007.0,2000.0
2020102745,デルマソトガケ,牡,須貝尚介,,マインドユアビスケッツ,000a01392e,アムールポエジー,2010103852,ネオユニヴァース,2000101426,浅沼廣幸,社台ファーム,"8,053.4",2013.0,2010.0,2000.0
2020105869,ストライク,牡,加藤士津,,アジアエクスプレス,2011110091,シュネッラー,2015100813,オルフェーヴル,2008102636,松谷翔太,松浦牧場,"7,930.3",2011.0,2015.0,2008.0
2020103005,ナイトアクアリウム,牡,杉山佳明,,ロードカナロア,2008103552,ファイブスター,2005102288,クロフネ,1998110135,グリーンファーム,社台ファーム,"7,918.0",2008.0,2005.0,1998.0
2020103308,オーロイプラータ,牡,宮本博,,リアルインパクト,2008103244,カリスペル,000a013e75,シングスピール,1992190005,吉田勝己,ノーザンファーム,"7,914.0",2008.0,2010.0,1992.0
2020102186,ルクスメテオール,牡,永島太郎,,ダイワメジャー,2001103114,スマートカペラ,2014104860,ヨハネスブルグ,000a0103b9,（株）ルクス,本間牧場,"7,905.8",2001.0,2014.0,1999.0
2020102488,トーセンエスクード,牡,菊沢隆徳,,トーセンラー,2008102985,トーセンアルバータ,2013110131,More Than Ready,000a00fcdd,島川隆哉,エスティファーム,"7,866.1",2008.0,2013.0,1997.0
2020100593,ヴォランテ,牡,羽月友彦,,サトノクラウン,2012104668,ローザディアマント,2008103280,スペシャルウィーク,1995103211,永田和彦,エムエム、ヤマダファーム,"7,839.0",2012.0,2008.0,1995.0
2020110039,ユハンヌス,牡,大久保龍,,Frankel,000a01239b,ミッドサマーフェア,2009102642,タニノギムレット,1999100226,ゴドルフィン,Godolphin,"7,822.2",2008.0,2009.0,1999.0
2020101025,アスクドゥポルテ,牡,梅田智之,,ハービンジャー,000a011996,ジャジャウマガール,2013106473,ハーツクライ,2001103038,廣崎利洋ＨＤ,ＡＳＫＳＴＵＤ,"7,805.3",2006.0,2013.0,2001.0
2020102688,サーマルソアリング,牝,藤原英昭,,ドゥラメンテ,2012104511,トータルヒート,2011110003,Street Cry,000a0103ba,キャロットファーム,社台コーポレーション白老ファーム,"7,796.2",2012.0,2011.0,1998.0
2020105744,ゴールデンハインド,牝,武市康男,,ゴールドシップ,2009102739,オレゴンレディ,000a013927,Shamardal,000a010c92,サラブレッドクラブ・ラフィアン,ビッグレッドファーム,"7,795.4",2009.0,2007.0,2002.0
2020103241,ケイデンシーマーク,牝,福永祐一,,ロードカナロア,2008103552,インダクティ,2008103319,ハーツクライ,2001103038,サンデーレーシング,ノーザンファーム,"7,776.7",2008.0,2008.0,2001.0
2020101486,ドットクルー,牡,笹田和秀,,ディーマジェスティ,2013104704,スターオブロゼッタ,2015102386,ロードカナロア,2008103552,幅田昌伸,佐々木牧場,"7,770.3",2013.0,2015.0,2008.0
2020103672,ラファドゥラ,牝,小島茂之,,ドゥラメンテ,2012104511,ラファダリ,2009102636,シングスピール,1992190005,丸山担,ノーザンファーム,"7,739.6",2012.0,2009.0,1992.0
2020106811,タイキラフター,牡,大竹正博,,ハーツクライ,2001103038,アッシュベリー,2009102615,Any Given Saturday,000a0113a0,大樹ファーム,ビクトリーホースランチ,"7,731.0",2001.0,2009.0,2004.0
2020105494,ニシノライコウ,牡,古賀慎明,,エイシンヒカリ,2011101273,ニシノオマージュ,2014102318,ストリートセンス,000a0113a2,西山茂行,中山高鹿康,"7,723.6",2011.0,2014.0,2004.0
2020103048,ティムール,牡,中竹和也,,キズナ,2010105827,ホワイトローズII,000a01387a,Tapit,000a011248,前田幸治,社台ファーム,"7,720.5",2010.0,2010.0,2001.0
2020103915,ツインクルトーズ,牝,牧光二,,マインドユアビスケッツ,000a01392e,ツインクルスター,2009103307,サクラバクシンオー,1989108341,岡田牧雄,岡田スタッド,"7,696.9",2013.0,2009.0,1989.0
2020109102,サウザンサニー,牡,岩戸孝樹,,タリスマニック,000a013425,メイハンコック,2015109096,ワークフォース,000a011a7f,千明牧場,千明牧場,"7,696.7",2013.0,2015.0,2007.0
2020102343,サンライズパスカル,牡,石坂公一,,ミッキーアイル,2011103916,ラブミーニキータ,2008106606,クロフネ,1998110135,ライフハウス,ヤナガワ牧場,"7,690.7",2011.0,2008.0,1998.0
2020104304,スマートサニー,牡,石橋守,,シニスターミニスター,000a011099,スマートスピカ,2015103557,キングカメハメハ,2001103460,大川徹,静内山田牧場,"7,665.7",2003.0,2015.0,2001.0
2020103928,ホウオウスーペリア,牡,吉岡辰弥,,スクリーンヒーロー,2004103328,ビーコンターン,000a0137a0,Shamardal,000a010c92,小笹芳央,岡田スタッド,"7,660.2",2004.0,2010.0,2002.0
2020103199,ビップスコーピオン,牡,田島俊明,,サトノクラウン,2012104668,アソルータ,2008103297,ゼンノロブロイ,2000101517,鈴木邦英,ノーザンファーム,"7,644.0",2012.0,2008.0,2000.0
2020103522,グランヴィノス,牡,友道康夫,,キタサンブラック,2012102013,ハルーワスウィート,2001103409,Machiavellian,000a001c1d,佐々木主浩,ノーザンファーム,"7,613.5",2012.0,2001.0,1987.0
2020105305,アウフヘーベン,牝,高橋亮,,サトノダイヤモンド,2013106101,ランウェイ,2012102699,キングカメハメハ,2001103460,ＧＥＴＮＥＸＴ,須崎牧場,"7,609.5",2013.0,2012.0,2001.0
2020101614,ミニアチュール,牝,佐藤祐司,,ラブリーデイ,2010104298,ローマンブリッジ,2005103174,ブライアンズタイム,000a000082,平賀敏男,下河辺牧場,"7,608.2",2010.0,2005.0,1985.0
2020103713,タイセイフェリーク,牝,田中克典,,ミッキーロケット,2013106099,レーヴルシード,2014106245,ディープインパクト,2002100816,田中成奉,ノーザンファーム,"7,588.5",2013.0,2014.0,2002.0
2020106062,ジュンウィンダム,牝,浜田多実,,カレンブラックヒル,2009106230,ゴッドカリビアン,2013102105,ベーカバド,000a011dc0,ＪＫレーシング,芳住鉄兵,"7,580.9",2009.0,2013.0,2007.0
2020103331,ジェイパームス,セ,堀宣行,,ジャスタウェイ,2009106461,キラーグレイシス,000a01205f,Congaree,000a011591,エムズレーシング,ノーザンファーム,"7,551.8",2009.0,2009.0,1998.0
2020103577,ポルカリズム,牝,中内田充,,ロードカナロア,2008103552,フロアクラフト,2010104347,フジキセキ,1992109618,キャロットファーム,ノーザンファーム,"7,549.9",2008.0,2010.0,1992.0
2020105585,カズペトシーン,牡,池添学,,ルーラーシップ,2007103143,レゼトワール,2010105780,ファスリエフ,000a00fc4c,吉田和美,新冠橋本牧場,"7,548.0",2007.0,2010.0,1997.0
2020103304,アンリーロード,牝,茶木太樹,,リアルスティール,2012104889,カシシ,2012104557,ジャングルポケット,1998101786,三木正浩,ノーザンファーム,"7,516.6",2012.0,2012.0,1998.0
2020102867,フルメタルボディー,セ,清水久詞,,マインドユアビスケッツ,000a01392e,ザレマ,2004103187,ダンスインザダーク,1993109188,社台レースホース,社台ファーム,"7,499.4",2013.0,2004.0,1993.0
2020102891,ユティタム,牡,須貝尚介,,Justify,000a013f2d,ジペッサ,000a01360a,City Zip,000a0127e6,金子真人ホールディングス,社台ファーム,"7,413.7",2015.0,2012.0,1998.0
2020103892,オメガシンフォニー,牝,坂井英光,,ヘニーヒューズ,000a011155,クレーデリンテ,2013105416,ダイワメジャー,2001103114,原禮子レーシング（,岡田スタッド,"7,406.4",2003.0,2013.0,2001.0
2020103722,スキルヴィング,牡,木村哲也,,キタサンブラック,2012102013,ロスヴァイセ,2011103783,シンボリクリスエス,1999110099,キャロットファーム,ノーザンファーム,"7,402.3",2012.0,2011.0,1999.0
2020102226,リベイクフルシティ,セ,宗形竹見,,マジェスティックウォリアー,000a011e9c,ラッキーバトル,2013100959,バトルプラン,000a0118e8,藤本栄史,槇本牧場,"7,369.0",2005.0,2013.0,2005.0
2020107001,キョウエイブリッサ,牡,武市康男,,グレーターロンドン,2012101402,キョウエイポズナン,2015102500,ルーラーシップ,2007103143,田中晴夫,山口義彦,"7,320.1",2012.0,2015.0,2007.0
2020105092,デステージョ,牡,小国博行,,ニシケンモノノフ,2011105438,スレドボ,2012101519,コマンズ,000a011625,西森鶴,オリエント牧場,"7,315.0",2011.0,2012.0,1996.0
2020103517,レッドシュヴェルト,牡,尾関知人,,レッドファルクス,2011104416,ハイドバウンド,000a011cdb,Grand Slam,000a0022b9,東京ホースレーシング,ノーザンファーム,"7,310.2",2011.0,2007.0,1995.0
2020103361,パルクリチュード,牝,松永幹夫,,Gun Runner,000a0138fb,グローバルビューティ,000a01560a,Global Hunter,000a014edb,キャロットファーム,ノーザンファーム,"7,302.9",2013.0,2014.0,2003.0
2020106756,ハチメンロッピ,牡,矢野英一,,キンシャサノキセキ,2003110212,メイショウユウゼン,2001100575,タイキシャトル,1994109686,ターフ・スポート,中島牧場,"7,234.7",2003.0,2001.0,1994.0
2020104861,タマモロック,牡,伊藤圭三,,ヘニーヒューズ,000a011155,タマモボレロ,2012103543,ハーツクライ,2001103038,タマモ,前田牧場,"7,228.8",2003.0,2012.0,2001.0
2020103666,マキシ,牡,杉山佳明,,エピファネイア,2010104155,ラキシス,2010104304,ディープインパクト,2002100816,大島昌也,ノーザンファーム,"7,194.9",2010.0,2010.0,2002.0
2020109027,ロジシルバー,牝,宮田敬介,,シルバーステート,2013105903,ヴルタヴァ,2015105051,ロードカナロア,2008103552,久米田正明,風ノ丘ファーム,"7,153.1",2013.0,2015.0,2008.0
2020105400,タマモブラックタイ,牡,角田晃一,,デクラレーションオブウォー,000a0136f6,タマモイヤリング,2012101462,ブラックタイド,2001103312,タマモ,対馬正,"7,152.7",2009.0,2012.0,2001.0
2020100349,マンダリンヒーロー,牡,藤田輝信,,シャンハイボビー,000a0127e4,ナムラナデシコ,2009101762,フジキセキ,1992109618,新井浩明,平野牧場,"7,129.0",2010.0,2009.0,1992.0
2020101695,シーウィザード,セ,鹿戸雄一,,ビーチパトロール,000a0141f9,メリーウェザー,2010103605,メジロベイリー,1998101457,岡田牧雄,シンボリ牧場,"7,124.1",2013.0,2010.0,1998.0
2020102836,セフィロ,牝,菊沢隆徳,,イスラボニータ,2011103565,クリスプウインド,2014105541,ハーツクライ,2001103038,村野康司,社台ファーム,"7,113.9",2011.0,2014.0,2001.0
2020101342,セブンカラーズ,牝,川西毅,,コパノリッキー,2010106548,ウイニフレッド,2009102287,スペシャルウィーク,1995103211,グリーンファーム,オリオンファーム,"7,109.0",2010.0,2009.0,1995.0
2020110114,スリーアイランド,牝,中竹和也,,Zoustar,000a013f8e,Entreat,000a01beff,Pivotal,000a002328,永井商事,Cn Farm Ltd,"7,093.9",2010.0,2006.0,1993.0
2020103277,ダノンタッチダウン,セ,堀宣行,,ロードカナロア,2008103552,エピックラヴ,000a011dce,Dansili,000a010a5f,ダノックス,ノーザンファーム,"7,045.0",2008.0,2008.0,1996.0
2020106966,ピンクジン,牝,南田美知,,ダノンバラード,2008103548,オーミチェリッシュ,2004103702,キャプテンスティーヴ,000a000d9d,ミルファーム,ミルファーム,"7,044.6",2008.0,2004.0,1997.0
2020104203,スピードオブライト,牝,相沢郁,,ロードカナロア,2008103552,サイレントソニック,2008100343,ディープインパクト,2002100816,ヒダカ・ブリーダーズ・ユニオン,桜井牧場,"7,042.7",2008.0,2008.0,2002.0
2020103466,キングズレイン,牡,手塚貴久,,ルーラーシップ,2007103143,タッチングスピーチ,2012104906,ディープインパクト,2002100816,サンデーレーシング,ノーザンファーム,"7,042.0",2007.0,2012.0,2002.0
2020105835,ゴールドバランサー,牡,林正人,,ゴールドアクター,2011105266,ゴールドグローリー,2012100760,ハービンジャー,000a011996,居城寿与,北勝ファーム,"7,030.3",2011.0,2012.0,2006.0
2020102925,アームブランシュ,牡,竹内正洋,,キズナ,2010105827,ソウルフルヴォイス,2007102847,キングカメハメハ,2001103460,古川一弘,社台ファーム,"7,017.8",2010.0,2007.0,2001.0
2020100810,グラニット,牡,大和田成,,ダノンバラード,2008103548,インティワタナ,2010101401,フサイチコンコルド,1993109220,ミルファーム,猿橋義昭,"7,008.5",2008.0,2010.0,1993.0
2020100168,ロードラディウス,牡,森田直行,,ドレフォン,000a013b82,ポプラ,2015102379,Frankel,000a01239b,ロードホースクラブ,ケイアイファーム,"6,990.6",2013.0,2015.0,2008.0
2020104013,プッシュオン,牡,西村真幸,,キズナ,2010105827,ラルナデミエル,000a011dc3,Monsun,000a010db6,ライオンレースホース,岡田牧場,"6,968.8",2010.0,2007.0,1990.0
2020104083,テラステラ,牡,荒川義之,,モーリス,2011100655,ステラリード,2007106439,スペシャルウィーク,1995103211,広尾レース,木村秀則,"6,959.4",2011.0,2007.0,1995.0
2020100934,クリニクラウン,牝,小手川準,,トビーズコーナー,000a011fed,ルナフォース,2014103992,ディープブリランテ,2009105084,新木鈴子,ヒダカファーム,"6,959.3",2008.0,2014.0,2009.0
2020109067,リサリサ,牝,田村康仁,,イスラボニータ,2011103565,サトノローズヒップ,2005100587,タイキシャトル,1994109686,山藤賢,村上勝治,"6,953.8",2011.0,2005.0,1994.0
2020105517,ヒビキ,牡,繁田健一,,ドゥラメンテ,2012104511,ジプシーマイラブ,2009106052,Manduro,000a0114b8,石川達絵,長浜牧場,"6,947.3",2012.0,2009.0,2002.0
2020102344,コパノサントス,牡,梅田智之,,イスラボニータ,2011103565,ラブミーリル,2013106400,ハービンジャー,000a011996,小林祥晃,ヤナガワ牧場,"6,928.9",2011.0,2013.0,2006.0
2020100665,ジャスパーバローズ,牡,清水久詞,,モーリス,2011100655,ファーレサルティ,2006103200,ダンスインザダーク,1993109188,猪熊広次,桑田ファーム,"6,924.4",2011.0,2006.0,1993.0
2020104429,エランティス,牝,杉山晴紀,,コパノリッキー,2010106548,サクラスリール,2010102911,ファンタスティックライト,1996190005,ヒダカ・ブリーダーズ・ユニオン,谷岡牧場,"6,921.5",2010.0,2010.0,1996.0
2020101182,グッジョブ,牡,牧浦充徳,,ベストウォーリア,2010110127,ハッピーロングラン,2011103990,ネオユニヴァース,2000101426,馬場幸夫,雅牧場,"6,910.1",2010.0,2011.0,2000.0
2020105545,アルムラトゥール,牡,西園翔太,,コパノリッキー,2010106548,チャーリーズ,2012100509,キングカメハメハ,2001103460,崎川美枝子,新冠タガノファーム,"6,908.2",2010.0,2012.0,2001.0
2020103962,ステークホルダー,牡,斎藤誠,,ハービンジャー,000a011996,ワンスインナムーン,2013103973,アドマイヤムーン,2003102991,諸江幸祐,岡田スタッド,"6,903.4",2006.0,2013.0,2003.0
2020110126,パライバトルマリン,牝,林徹,,Malibu Moon,000a010c8e,Private Jet,000a01c06c,Smart Strike,000a00211c,吉田和美,Stonestreet Thoroughbred Holdings LLC,"6,898.0",1997.0,2011.0,1992.0
2020100052,シルヴァーデューク,セ,前川恭子,,シルバーステート,2013105903,ヴァナディース,2008103330,ロックオブジブラルタル,000a00fd4c,田畑利彦,沖田博志,"6,895.8",2013.0,2008.0,1999.0
2020100387,オールマキシマム,牝,奥平雅士,,ホッコータルマエ,2009100921,フローラルウインド,2006102662,アグネスタキオン,1998101516,岩崎伸道,本桐牧場,"6,892.1",2009.0,2006.0,1998.0
2020105642,レミージュ,牝,井上智史,,キズナ,2010105827,バイコースタル,000a011797,Gone West,000a001be1,ノースヒルズ,ノースヒルズ,"6,852.6",2010.0,2004.0,1984.0
2020106667,サトノクローク,牡,橋口慎介,,サトノクラウン,2012104668,トーコーユズキ,2009106289,ディープインパクト,2002100816,里見治,辻牧場,"6,843.1",2012.0,2009.0,2002.0
2020102625,アクートゥス,牡,藤原英昭,,ルーラーシップ,2007103143,アッフィラート,2013105336,ディープインパクト,2002100816,社台レースホース,社台コーポレーション白老ファーム,"6,837.5",2007.0,2013.0,2002.0
2020103168,トーアライデン,牡,河嶋宏樹,,マインドユアビスケッツ,000a01392e,ジョーヌダンブル,2011105459,アグネスデジタル,1997110025,高山ランド,トーア牧場,"6,809.6",2013.0,2011.0,1997.0
2020105203,ウインアイオライト,牝,矢嶋大樹,,スクリーンヒーロー,2004103328,コスモクリスタル,2006105174,マイネルラヴ,1995108558,ウイン,コスモヴューファーム,"6,797.4",2004.0,2006.0,1995.0
2020103464,ゴートゥファースト,牡,新谷功一,,ルーラーシップ,2007103143,タイトルパート,2006103260,アグネスタキオン,1998101516,後藤和成,ノーザンファーム,"6,772.9",2007.0,2006.0,1998.0
2020107030,ウインエーデル,牝,吉田直弘,,リオンディーズ,2013105915,コスモプラチナ,2003105723,ステイゴールド,1994108729,ウイン,コスモヴューファーム,"6,741.1",2013.0,2003.0,1994.0
2020103729,アロマデローサ,牝,池添学,,キンシャサノキセキ,2003110212,ローズウィスパー,2013106189,ワークフォース,000a011a7f,シルクレーシング,ノーザンファーム,"6,740.5",2003.0,2013.0,2007.0
2020103280,エマヌエーレ,牡,平田修,,ロードカナロア,2008103552,エマノン,2013106031,ハーツクライ,2001103038,丸山担,ノーザンファーム,"6,717.3",2008.0,2013.0,2001.0
2020106642,オシゲ,牝,須貝尚介,,ハービンジャー,000a011996,オツウ,2010104221,ハーツクライ,2001103038,大和屋暁,辻牧場,"6,707.6",2006.0,2010.0,2001.0
2020105760,エリダヌス,牝,青木孝文,,ゴールドシップ,2009102739,コスモレティクルム,2013101912,ダノンシャンティ,2007105709,ビッグレッドファーム,ビッグレッドファーム,"6,691.5",2009.0,2013.0,2007.0
2020103063,マルディランダ,牡,金成貴史,,イスラボニータ,2011103565,マルバイユ,000a010648,Marju,000a001fb6,社台レースホース,社台ファーム,"6,675.5",2011.0,2000.0,1988.0
2020104893,セミマル,牡,西村真幸,,アメリカンペイトリオット,000a013bba,ラルティスタ,2007100948,マイネルラヴ,1995108558,田畑利彦,松田牧場,"6,651.8",2013.0,2007.0,1995.0
2020100495,ドラゴンヘッド,牡,武藤善則,,ラブリーデイ,2010104298,フリティラリア,2010104504,アドマイヤムーン,2003102991,杉山忠国,明治牧場,"6,642.5",2010.0,2010.0,2003.0
2020105354,サクセスアイ,牝,北出成人,,ミッキーアイル,2011103916,サクセスアイニー,2007104540,ジャングルポケット,1998101786,タカシマ,タニグチ牧場,"6,625.0",2011.0,2007.0,1998.0
2020106660,スズカダブル,牡,西村真幸,,バゴ,2001190004,ダブルファンタジー,2010104961,ジャイアントレッカー,000a01151b,永井宏明,辻牧場,"6,614.1",2001.0,2010.0,2002.0
2020101429,ローディアマント,セ,尾関知人,,サトノダイヤモンド,2013106101,ブロッサムレーン,000a0127f2,New Approach,000a011656,シルクレーシング,クラウン日高牧場,"6,590.0",2013.0,2011.0,2005.0
2020104567,ヴァナルガンド,牡,稲垣幸雄,,シビルウォー,2005102317,ニホンピロルピナス,2002107006,アドマイヤベガ,1996107396,ノルマンディーサラブレッドレーシング,友田牧場,"6,589.8",2005.0,2002.0,1996.0
2020106331,マルカンラニ,牡,高野毅,,ラニ,2013110045,ミヤビセラヴィ,2016101747,アルデバランＩＩ,000a010541,斉藤勘介,金石牧場,"6,562.0",2013.0,2016.0,1998.0
2020105185,ウインレイアー,牝,和田雄二,,シルバーステート,2013105903,ウインアルテミス,2013110016,Arch,000a0021b7,ウイン,コスモヴューファーム,"6,555.8",2013.0,2013.0,1995.0
2020110100,シゲルソロソロ,牝,谷潔,,Runhappy,000a014a1b,Distinguishable,000a01bd5e,Distorted Humor,000a0022ea,關美和,Kathryn Nikkel Old Dominion & Sanford Robertson,"6,547.0",2012.0,2013.0,1993.0
2020102630,アルーリングビュー,牝,吉村圭司,,イスラボニータ,2011103565,アルーリングライフ,2007102995,フレンチデピュティ,000a00013a,社台レースホース,社台コーポレーション白老ファーム,"6,538.7",2011.0,2007.0,1992.0
2020102845,ドゥラレジリエント,牡,牧田和弥,,ドゥラメンテ,2012104511,グレナディーン,2007102818,スペシャルウィーク,1995103211,鈴木昭和,社台ファーム,"6,509.6",2012.0,2007.0,1995.0
2020103208,ジュンツバメガエシ,牡,友道康夫,,ジャスタウェイ,2009106461,アドマイヤテレサ,2000101626,エリシオ,1993190001,河合純二,ノーザンファーム,"6,484.3",2009.0,2000.0,1993.0
2020100418,ニシノカシミヤ,牝,市村誠,,ディスクリートキャット,000a0113a1,ニシノケイト,2013106208,ゴールドアリュール,1999106689,西山茂行,前田ファーム,"6,464.1",2003.0,2013.0,1999.0
2020103960,オメガキャプテン,牡,大和田成,,ヴィクトワールピサ,2007102923,レッドルンバ,2005110121,Red Ransom,000a001c68,原禮子,岡田スタッド,"6,425.0",2007.0,2005.0,1987.0
2020104613,タツダイヤモンド,牡,的場均,,サトノダイヤモンド,2013106101,オリオンザブラック,2006104240,サクラプレジデント,2000102261,鈴木伸幸,ニッコウファーム,"6,408.7",2013.0,2006.0,2000.0
2020103088,ピックアップライン,牡,田中剛,,ロゴタイプ,2010103783,ラブリリック,2008103042,ワイルドラッシュ,000a0003a1,社台レースホース,社台ファーム,"6,407.0",2010.0,2008.0,1994.0
2020102734,エリーズダイヤ,牝,戸田博文,,ハーツクライ,2001103038,ローズカットダイヤ,2005102310,フレンチデピュティ,000a00013a,青芝商事,社台コーポレーション白老ファーム,"6,401.9",2001.0,2005.0,1992.0
2020103487,ミッキーツインクル,牝,中内田充,,ドゥラメンテ,2012104511,テーブルロンド,000a01379e,Astronomer Royal,000a0136f4,野田みづき,ノーザンファーム,"6,400.0",2012.0,2010.0,2004.0
2020105568,ハクサンパイオニア,牡,加藤和義,,ドレフォン,000a013b82,ニーマルオトメ,2007104714,ゼンノロブロイ,2000101517,河崎五市,新冠橋本牧場,"6,394.2",2013.0,2007.0,2000.0
2020110081,テーオーグランビル,牡,上村洋行,,Lea,000a012904,オールインファン,000a01a95b,Tapit,000a011248,小笹公也,Mishima Stud LTD.,"6,380.7",2009.0,2012.0,2001.0
2020102702,ストリンジェンド,牡,加藤公太,,キンシャサノキセキ,2003110212,フォルテピアノ,2003102840,フレンチデピュティ,000a00013a,キャロットファーム,社台コーポレーション白老ファーム,"6,363.6",2003.0,2003.0,1992.0
2020110133,フロムダスク,牡,森秀行,,Bolt d'Oro,000a01bccc,Foolish Cause,000a01c080,Giant's Causeway,000a0022e1,藤田晋,Springhouse Farm,"6,359.2",2015.0,2012.0,1997.0
2020102468,トーセンサウダージ,牡,杉浦宏昭,,トーセンホマレボシ,2009106092,カグラグレイス,2013100457,エンパイアメーカー,000a010542,島川隆哉,エスティファーム,"6,358.8",2009.0,2013.0,2000.0
2020105834,ゴールドプリンセス,牝,寺島良,,ゴールドアクター,2011105266,ゴールドエルフ,2009105221,キングヘイロー,1995104427,居城寿与,北勝ファーム,"6,343.4",2011.0,2009.0,1995.0
2020100184,オピニオンリーダー,牡,小久保智,,シニスターミニスター,000a011099,ルレシャンテ,2014105590,ヴィクトワールピサ,2007102923,高岡浩行,斉藤スタッド,"6,341.0",2003.0,2014.0,2007.0
2020100061,モックモック,牡,寺島良,,ダノンレジェンド,2010110102,ジュピターズビコー,2002110212,シングスピール,1992190005,山口正行,オギオギ牧場,"6,338.9",2010.0,2002.0,1992.0
2020105060,ナンセイホワイト,牡,米田英世,,タリスマニック,000a013425,カサロサーダ,2013105950,ステイゴールド,1994108729,池田喜吉,大狩部牧場,"6,305.5",2013.0,2013.0,1994.0
2020106654,スズカハービン,牡,高橋義忠,,ハービンジャー,000a011996,スズカローラン,2002103112,サンデーサイレンス,000a00033a,永井宏明,辻牧場,"6,293.6",2006.0,2002.0,1986.0
2020103482,スカイロケット,牡,須貝尚介,,ジャスタウェイ,2009106461,ティッカーテープ,000a011de4,Royal Applause,000a010615,シルクレーシング,ノーザンファーム,"6,293.6",2009.0,2001.0,1993.0
2020106579,ルナビス,牝,森田直行,,ディーマジェスティ,2013104704,リトルジュン,2007106060,クロフネ,1998110135,阿部東亜子,谷川牧場,"6,290.1",2013.0,2007.0,1998.0
2020104194,ルーフ,牝,清水久詞,,ダイワメジャー,2001103114,ラスエモーショネス,2015110006,Fastnet Rock,000a010601,白日光,坂本智広,"6,275.0",2001.0,2015.0,2001.0
2020103193,シャンデルナゴル,牡,石坂公一,,サトノダイヤモンド,2013106101,アガルタ,2007103323,キングカメハメハ,2001103460,吉田勝己,ノーザンファーム,"6,273.2",2013.0,2007.0,2001.0
2020102988,オメガタキシード,セ,井上智史,,ハービンジャー,000a011996,パーティードレス,2011104230,デュランダル,1999106756,原禮子,社台ファーム,"6,255.4",2006.0,2011.0,1999.0
2020104753,サトノヴィレ,セ,鹿戸雄一,,デクラレーションオブウォー,000a0136f6,ダイワジェラート,2004103260,フジキセキ,1992109618,里見治,フジワラファーム,"6,231.7",2009.0,2004.0,1992.0
2020104228,ケイアイアニラ,牡,吉岡辰弥,,パイロ,000a01176a,プリンセスキナウ,2008100346,キングカメハメハ,2001103460,ケイアイスタリオン,佐竹学,"6,231.3",2005.0,2008.0,2001.0
2020100979,メイショウコガシラ,牡,本田優,,メイショウボーラー,2001100650,マイラッキー,2005103338,Elusive Quality,000a00231f,松本好隆,村下明博,"6,187.5",2001.0,2005.0,1993.0
2020105631,エミュー,牝,和田正一,,ハービンジャー,000a011996,スーリール,2011105082,スペシャルウィーク,1995103211,前田幸治,ノースヒルズ,"6,180.4",2006.0,2011.0,1995.0
2020102703,リバートゥルー,牝,久保田貴,,レッドファルクス,2011104416,フルオブグレース,2014105437,ヴィクトワールピサ,2007102923,佐々木幸弘,社台コーポレーション白老ファーム,"6,176.8",2011.0,2014.0,2007.0
2020102978,サーフズアップ,牝,山下貴之,,ドレフォン,000a013b82,ハッピーウェーブ,2009105797,ゴールドアリュール,1999106689,吉田照哉,社台ファーム,"6,155.0",2013.0,2009.0,1999.0
2020102888,バールデュヴァン,牡,浜田多実,,ミッキーアイル,2011103916,ジェラテリアバール,2010103764,マンハッタンカフェ,1998101554,グリーンファーム,社台ファーム,"6,139.9",2011.0,2010.0,1998.0
2020102161,サノノエスポ,牝,目迫大輔,,エスポワールシチー,2005102837,シックファイター,2003105271,ヘクタープロテクター,000a000d6b,ファーストビジョン,豊洋牧場,"6,113.3",2005.0,2003.0,1988.0
2020100809,アマイ,牝,伊藤大士,,ダノンバラード,2008103548,イオ,2012105517,タイキシャトル,1994109686,ミルファーム,猿橋義昭,"6,103.8",2008.0,2012.0,1994.0
2020100406,トクシーカイザー,牡,小島茂之,,キンシャサノキセキ,2003110212,キングアンドクイン,2012103723,キングカメハメハ,2001103460,ＡＩレーシング,前田ファーム,"6,087.6",2003.0,2012.0,2001.0
2020104912,アグラシアド,牝,中村直也,,リアルスティール,2012104889,サラシー,000a01435e,Teofilo,000a01139e,ライオンレースホース,矢野牧場,"6,067.2",2012.0,2011.0,2004.0
2020103271,ショウナンアレクサ,牡,清水久詞,,キズナ,2010105827,エセンテペ,000a012fc2,Oratorio,000a010d4e,国本哲秀,ノーザンファーム,"6,057.1",2010.0,2009.0,2002.0
2020103589,ブトンドール,牝,池添学,,ビッグアーサー,2011103328,プリンセスロック,2012106308,スウィフトカレント,2001103189,吉田和美,ノーザンファーム,"6,054.8",2011.0,2012.0,2001.0
2020110040,ヤクシマ,牡,寺島良,,Havana Grey,000a01bbdc,Satsuma,000a01bbec,Compton Place,000a00fc4f,ゴドルフィン,Whitsbury Manor Stud,"6,053.2",2015.0,2010.0,1994.0
2020106901,メイショウピース,牝,高橋亮,,リオンディーズ,2013105915,メイショウアリア,000a0123e1,Hurricane Run,000a01189d,松本好隆,三嶋牧場,"6,050.3",2013.0,2008.0,2002.0
2020106896,メイショウポペット,牝,角田晃一,,ヴィクトワールピサ,2007102923,マリエット,2015103352,Uncle Mo,000a011ffb,松本好隆,三嶋牧場,"6,030.2",2007.0,2015.0,2008.0
2020101872,デイトナモード,牡,千田輝彦,,アメリカンペイトリオット,000a013bba,セクレタ,2015102933,スズカマンボ,2001103890,前原敏行,チャンピオンズファーム,"6,021.3",2013.0,2015.0,2001.0
2020103356,クファシル,牡,池添学,,モーリス,2011100655,グルヴェイグ,2008103099,ディープインパクト,2002100816,サンデーレーシング,ノーザンファーム,"5,927.2",2011.0,2008.0,2002.0
2020106873,オウギノカナメ,牡,高木登,,キタサンブラック,2012102013,ジェラスガール,000a012957,Petionville,000a0021de,嶋田賢,三嶋牧場,"5,920.7",2012.0,2008.0,1992.0
2020103462,ノットファウンド,牝,国枝栄,,ドゥラメンテ,2012104511,ソーメニーウェイズ,000a0124ce,Sightseeing,000a0123e7,江馬由将,ノーザンファーム,"5,904.3",2012.0,2010.0,2004.0
2020105552,タガノアレハンドラ,牝,西園翔太,,ホッコータルマエ,2009100921,ミトス,2012106118,エンパイアメーカー,000a010542,八木良司,新冠タガノファーム,"5,898.3",2009.0,2012.0,2000.0
2020103132,オクタヴィアヌス,牡,木村哲也,,ドゥラメンテ,2012104511,クイーンズアドヴァイス,000a013799,Orpen,000a002326,山本英俊,社台牧場,"5,897.2",2012.0,2010.0,1996.0
2020106677,スピーディブレイク,牡,村田一誠,,マクフィ,000a011c77,ブレイクマイハート,2013100440,ディープインパクト,2002100816,嶋田賢,辻牧場,"5,892.1",2007.0,2013.0,2002.0
2020104846,ワンダーランド,牡,林正人,,ヘニーヒューズ,000a011155,クイーンオブハルカ,2006105694,シングスピール,1992190005,石川達絵,前谷武志,"5,880.5",2003.0,2006.0,1992.0
2020103439,サスツルギ,セ,千葉直人,,ハーツクライ,2001103038,スノーパイン,000a012804,Dalakhani,000a01098f,サンデーレーシング,ノーザンファーム,"5,833.8",2001.0,2010.0,2000.0
2020103790,レディフォース,牝,杉山佳明,,リアルインパクト,2008103244,マザーロシア,000a012628,Mayakovsky,000a012622,藤田好紀,レイクヴィラファーム,"5,816.0",2008.0,2006.0,1999.0
2020104572,ペイシャフラワー,牝,高橋康之,,ニシケンモノノフ,2011105438,ペイシャフローレス,2014104877,ヴィクトワールピサ,2007102923,北所直人,友田牧場,"5,815.8",2011.0,2014.0,2007.0
2020103082,カネフラ,牡,高橋康之,,グランデッツァ,2009105989,ラカ,2010103816,キングカメハメハ,2001103460,社台レースホース,社台ファーム,"5,788.8",2009.0,2010.0,2001.0
2020102345,ヒューゴ,牡,保利良平,,コパノリッキー,2010106548,リントス,2009106146,ウォーエンブレム,000a00fa35,林正道,ヤナガワ牧場,"5,782.9",2010.0,2009.0,1999.0
2020101143,イージーオンミー,牝,中舘英二,,ダイワメジャー,2001103114,ビービーバーレル,2013103288,パイロ,000a01176a,坂東牧場,坂東牧場,"5,758.7",2001.0,2013.0,2005.0
2020101174,ユキマル,牡,尾形和幸,,グレーターロンドン,2012101402,キニナルーイ,2013101194,シニスターミニスター,000a011099,高橋文男,船越伸也,"5,756.8",2012.0,2013.0,2003.0
2020104678,オードリーバローズ,牝,清水久詞,,キタサンブラック,2012102013,ラダームブランシェ,2012104532,チチカステナンゴ,000a011135,猪熊広次,服部牧場,"5,728.6",2012.0,2012.0,1998.0
2020100792,ハクサンバード,牡,高橋一哉,,ハクサンムーン,2009102527,ハクサンサマー,2014103876,サマーバード,2006190002,河崎五市,鮫川啓一,"5,726.0",2009.0,2014.0,2006.0
2020102763,ライトクオンタム,牝,武幸四郎,,ディープインパクト,2002100816,イルミナント,000a013eb6,Quality Road,000a011cff,社台レースホース,社台ファーム,"5,713.6",2002.0,2012.0,2006.0
2020103325,プロトポロス,牡,西村真幸,,War Front,000a011d00,キャヴァルドレ,000a015984,サンデーブレイク,1999104200,キャロットファーム,ノーザンファーム,"5,709.8",2002.0,2014.0,1999.0
2020100316,ニシケンボブ,牡,小国博行,,アジアエクスプレス,2011110091,バイカオウレン,2007106436,フジキセキ,1992109618,西森鶴,ニシケンファーム,"5,705.0",2011.0,2007.0,1992.0
2020110083,ラックスアットゼア,牝,赤嶺亮,,Kantharos,000a013014,Come Sunday,000a01bd63,Repent,000a0145b0,岡井元憲,The Estate of Tommy G. Ligon,"5,694.1",2008.0,2007.0,1999.0
2020103228,ビターグラッセ,牝,栗田徹,,ルーラーシップ,2007103143,アンソロジー,2004103025,サクラバクシンオー,1989108341,Ｙ’ｓレーシング,ノーザンファーム,"5,688.7",2007.0,2004.0,1989.0
2020105954,ネッケツシャチョウ,牡,藤沢則雄,,リオンディーズ,2013105915,レッドティムール,2009106395,シンボリクリスエス,1999110099,ミキハウスＨＫサービス,村上欽哉,"5,674.6",2013.0,2009.0,1999.0
2020104997,シーサーペント,牡,小久保智,,ディスクリートキャット,000a0113a1,ジョジョニー,2015100033,ゴールドアリュール,1999106689,高岡浩行,アサヒ牧場,"5,672.7",2003.0,2015.0,1999.0
2020101766,ミヤジシャルマン,牡,宮地貴稔,,エピファネイア,2010104155,アナザーワールド,2013100546,ディープインパクト,2002100816,曽我司,タバタファーム,"5,659.4",2010.0,2013.0,2002.0
2020101152,ナイトインロンドン,牡,大竹正博,,グレーターロンドン,2012101402,ムーンハウリング,2004106174,メジロマックイーン,1987107235,窪田芳郎,坂東牧場,"5,655.2",2012.0,2004.0,1987.0
2020104297,ルクスビッグスター,牡,清水久詞,,キタサンブラック,2012102013,オメガリトルスター,2006102910,ジャングルポケット,1998101786,ルクス,静内山田牧場,"5,655.0",2012.0,2006.0,1998.0
2020110120,ガンウルフ,牡,藤岡健一,,Gun Runner,000a0138fb,Loure,000a012fb5,A.P. Indy,000a001d37,前原敏行,Winchester Farm,"5,643.5",2013.0,2008.0,1989.0
2020102095,ペプチドソレイユ,牡,武英智,,コパノリッキー,2010106548,ペプチドヴィーナス,2013103381,ワークフォース,000a011a7f,沼川一彦,ファーミングヤナキタ,"5,641.6",2010.0,2013.0,2007.0
2020101024,ピースオブザライフ,牝,野中賢二,,キタサンブラック,2012102013,サンキューアスク,2009104195,シンボリクリスエス,1999110099,廣崎智子,ＡＳＫＳＴＵＤ,"5,638.7",2012.0,2009.0,1999.0
2020100771,ジョータルマエ,セ,河嶋宏樹,,ホッコータルマエ,2009100921,ジョーイロンデル,2005101521,クロフネ,1998110135,上田江吏子,斉藤政志,"5,623.9",2009.0,2005.0,1998.0
2020106459,ボヌールバローズ,牝,福永敏,,ヘニーヒューズ,000a011155,ジュリエットソング,2009100447,ディープインパクト,2002100816,猪熊広次,酒井牧場,"5,606.0",2003.0,2009.0,2002.0
2020102817,マラキナイア,牝,吉岡辰弥,,ジャスタウェイ,2009106461,カウアイレーン,2006104791,キングカメハメハ,2001103460,社台レースホース,社台ファーム,"5,599.2",2009.0,2006.0,2001.0
2020103284,トールキン,牡,西園正都,,ダイワメジャー,2001103114,エルビッシュ,2013105919,キングカメハメハ,2001103460,吉田勝己,ノーザンファーム,"5,597.7",2001.0,2013.0,2001.0
2020103792,アドマイヤサジー,牝,宮田敬介,,ハービンジャー,000a011996,メジロコウミョウ,2008102539,キングカメハメハ,2001103460,近藤旬子,レイクヴィラファーム,"5,583.8",2006.0,2008.0,2001.0
2020102319,メンコイボクチャン,牡,渡邊貴光,,コパノリチャード,2010106552,ショウナンランパダ,2011106419,アグネスデジタル,1997110025,梁川正普,ヤナガワ牧場,"5,581.1",2010.0,2011.0,1997.0
2020102190,トロピカルライト,牝,武藤善則,,キズナ,2010105827,トロピカルスイーツ,2007106095,フレンチデピュティ,000a00013a,高橋文男,本間牧場,"5,565.8",2010.0,2007.0,1992.0
2020103027,ブリタニア,牡,杉山佳明,,ハービンジャー,000a011996,ブロンクスシルバー,2011104476,クロフネ,1998110135,谷掛龍夫,社台ファーム,"5,556.3",2006.0,2011.0,1998.0
2020100742,ブラックヴァール,牝,菊川正達,,ジャングルポケット,1998101786,ホッコーヴァール,2012101185,スタチューオブリバティ,000a0109d5,石井輝昭,高昭牧場,"5,554.6",1998.0,2012.0,2000.0
2020103499,トーホウガレオン,牡,谷潔,,リアルスティール,2012104889,デビルズコーナー,2005110198,Songandaprayer,000a01069b,東豊物産,ノーザンファーム,"5,551.7",2012.0,2005.0,1998.0
2020104708,ウィステリアリヴァ,牡,小野次郎,,ロゴタイプ,2010103783,クルールヴィオラ,2007102093,プリサイスエンド,000a00fe9b,ウエスト．フォレスト．ステイブル,藤川ファーム,"5,551.0",2010.0,2007.0,1997.0
2020110137,エコロアイ,牝,森秀行,,Shackleford,000a012d4d,Key Is to Win,000a01c088,Dixie Union,000a00fdbe,原村正紀,Doug Branham & Felicia Branham,"5,545.2",2008.0,2009.0,1997.0
2020102818,メイクザビート,牡,西園正都,,マインドユアビスケッツ,000a01392e,カジノブギ,2013105437,ワークフォース,000a011a7f,社台レースホース,社台ファーム,"5,536.1",2013.0,2013.0,2007.0
2020102868,ピクシレーション,牝,菊沢隆徳,,ハーツクライ,2001103038,シアードラマ,000a013875,Burning Roma,000a013729,社台レースホース,社台ファーム,"5,530.3",2001.0,2010.0,1998.0
2020103566,シェットランド,牡,久保田貴,,リアルインパクト,2008103244,フェイトカラー,2011103781,サクラバクシンオー,1989108341,村木隆,ノーザンファーム,"5,519.0",2008.0,2011.0,1989.0
2020104793,サンライズグルーヴ,牡,前川恭子,,マインドユアビスケッツ,000a01392e,フォローハート,2011105545,サンライズペガサス,1998106718,松岡隆雄,藤原牧場,"5,508.7",2013.0,2011.0,1998.0
2020103428,スイープアワーズ,牡,宮地貴稔,,ディープインパクト,2002100816,スイープトウショウ,2001104313,エンドスウィープ,000a00010f,大塚亮一,ノーザンファーム,"5,506.7",2002.0,2001.0,1991.0
2020104679,コパノハンプトン,牡,宮徹,,シャンハイボビー,000a0127e4,レディセラヴィ,2004105725,アグネスタキオン,1998101516,小林祥晃,服部牧場,"5,501.3",2010.0,2004.0,1998.0
2020102814,ジャスリー,牡,田島俊明,,ルーラーシップ,2007103143,オールドパサデナ,2009105757,エンパイアメーカー,000a010542,越村洋子,社台ファーム,"5,484.3",2007.0,2009.0,2000.0
2020105492,ニシノピウモッソ,牡,西田雄一,,ネロ,2011103722,ニシノアリオス,2015101784,リーチザクラウン,2006102923,西山茂行,中山高鹿康,"5,481.5",2011.0,2015.0,2006.0
2020102775,ベラジオソノダラブ,牡,田中範雄,,ロゴタイプ,2010103783,ヴェイルドクリス,2005102348,シンボリクリスエス,1999110099,（株）ビープロジェク,社台ファーム,"5,480.9",2010.0,2005.0,1999.0
2020101579,レッドプロフェシー,牡,大久保龍,,ルーラーシップ,2007103143,トリニティプレイス,2011100323,マンハッタンカフェ,1998101554,東京ホースレーシング,下河辺牧場,"5,478.8",2007.0,2011.0,1998.0
2020103111,アスターブジエ,牡,中竹和也,,オルフェーヴル,2008102636,レッドカーラ,2012104243,マンハッタンカフェ,1998101554,加藤千豊,社台ファーム,"5,457.4",2008.0,2012.0,1998.0
2020104881,ケイアイサンデラ,セ,小林真也,,シルバーステート,2013105903,クインズミリセント,2014105147,エンパイアメーカー,000a010542,ケイアイスタリオン,松田牧場,"5,455.4",2013.0,2014.0,2000.0
2020106518,エイシンレジューム,牡,坂本和也,,サトノクラウン,2012104668,エーシンリターンズ,2007101280,キングカメハメハ,2001103460,平井克彦,高野牧場,"5,455.0",2012.0,2007.0,2001.0
2020101633,ダノンセシボン,牝,千田輝彦,,ダノンレジェンド,2010110102,ダノンボンジュール,2007105733,Shamardal,000a010c92,ダノックス,白井牧場,"5,454.8",2010.0,2007.0,2002.0
2020103947,ホウオウムサシ,牡,蛯名正義,,ドゥラメンテ,2012104511,メリッサ,2004104138,ホワイトマズル,1990109700,小笹芳央,岡田スタッド,"5,454.0",2012.0,2004.0,1990.0
2020103471,テンノメッセージ,牝,高柳大輔,,ルーラーシップ,2007103143,チアズメッセージ,2000102044,サンデーサイレンス,000a00033a,天白泰司,ノーザンファーム,"5,434.4",2007.0,2000.0,1986.0
2020110062,ワールズコライド,牡,堀宣行,,War Front,000a011d00,Elizabeth Browning,000a01bc48,Galileo,000a00232b,ゴドルフィン,Lynch Bages LTD. & MacQuarie Bloodstock,"5,423.3",2002.0,2014.0,1998.0
2020101582,アンジュフィールド,牝,矢作芳人,,Justify,000a013f2d,ノットナウキャロライン,000a01596c,Tapit,000a011248,竹下浩一,下河辺牧場,"5,420.6",2015.0,2013.0,2001.0
2020110068,エイムインライフ,牝,角田晃一,,Kitten's Joy,000a0119b3,エリシェヴァ,2013110048,Smart Strike,000a00211c,前田葉子,North Hills Co. Limited,"5,411.9",2001.0,2013.0,1992.0
2020100818,マーブルマカロン,牝,藤田輝信,,ダノンレジェンド,2010110102,クォーク,2006100876,ネオユニヴァース,2000101426,保坂和孝,大北牧場,"5,403.0",2010.0,2006.0,2000.0
2020101641,エムズマインド,牡,荒川義之,,マインドユアビスケッツ,000a01392e,ピエナアプローズ,2009100768,フジキセキ,1992109618,本谷兼三,白井牧場,"5,393.4",2013.0,2009.0,1992.0
2020102194,グリューネグリーン,牡,相沢郁,,ラブリーデイ,2010104298,レディーダービー,2002101970,スペシャルウィーク,1995103211,斎藤洋子,本間牧場,"5,393.2",2010.0,2002.0,1995.0
2020103279,ショーモン,セ,東田明士,,マインドユアビスケッツ,000a01392e,エポキシ,2009106178,ディープインパクト,2002100816,林瑛子,ノーザンファーム,"5,383.0",2013.0,2009.0,2002.0
2020103519,バンドマスター,牡,茶木太樹,,バンドワゴン,2011104010,ハッピーテレサ,2011103752,フジキセキ,1992109618,馬場幸夫,ノーザンファーム,"5,372.4",2011.0,2011.0,1992.0
2020106635,メイショウシナノ,牡,大橋勇樹,,サトノダイヤモンド,2013106101,アルボナンザ,2010104958,キングカメハメハ,2001103460,松本好隆,辻牧場,"5,366.4",2013.0,2010.0,2001.0
2020101332,オーマイグッネス,牡,山田信大,,マクフィ,000a011c77,ブライズメイト,2005102907,エイシンサンディ,1993103280,沖田方子,沖田牧場,"5,357.5",2007.0,2005.0,1993.0
2020104426,ビキニボーイ,牡,東眞市,,ビーチパトロール,000a0141f9,エバーアンドエバー,2012103106,ハーツクライ,2001103038,小林祥晃,谷岡牧場,"5,352.2",2013.0,2012.0,2001.0
2020100976,ハギノアルデバラン,牡,佐藤悠太,,ジャスタウェイ,2009106461,ハギノアーク,2009101332,アドマイヤムーン,2003102991,安岡美津子,村下明博,"5,346.4",2009.0,2009.0,2003.0
2020103486,トラマンダーレ,セ,国枝栄,,ドゥラメンテ,2012104511,テルアケリー,000a01294a,Tapit,000a011248,シルクレーシング,ノーザンファーム,"5,339.1",2012.0,2008.0,2001.0
2020102964,チュウワハート,牡,大久保龍,,ハーツクライ,2001103038,ドリーフォンテイン,000a012bbc,Fastnet Rock,000a010601,中西忍,社台ファーム,"5,310.1",2001.0,2009.0,2001.0
2020105950,カマチョクイン,牝,坂井英光,,シニスターミニスター,000a011099,メイクアミラクル,2009105296,ファスリエフ,000a00fc4c,（株）マフィン,村上欽哉,"5,280.1",2003.0,2009.0,1997.0
2020106936,ロードトラスト,セ,長谷川浩,,キズナ,2010105827,エルテアトロ,2007102802,キングカメハメハ,2001103460,ロードホースクラブ,宮内牧場,"5,254.6",2010.0,2007.0,2001.0
2020105306,カセノミオ,牝,中尾秀正,,アジアエクスプレス,2011110091,レディーソルジャー,2009104741,マヤノトップガン,1992102988,平川進,須崎牧場,"5,245.0",2011.0,2009.0,1992.0
2020101892,ミタマ,牝,小崎憲,,ハーツクライ,2001103038,モナリザ,000a01388a,Giant's Causeway,000a0022e1,ニッシンホールディングス,チャンピオンズファーム,"5,224.9",2001.0,2002.0,1997.0
2020110026,ダブルジョーク,牡,小林真也,,Practical Joke,000a0139d1,Double Date,000a01b104,Rahy,000a001c5e,ゴドルフィン,William Humphries & Altair Farms LLC,"5,219.3",2014.0,2007.0,1985.0
2020101861,アオイイーグル,牡,山下貴之,,カレンブラックヒル,2009106230,アオイエンジェル,2016106404,ハーツクライ,2001103038,新谷正子,チャンピオンズファーム,"5,215.9",2009.0,2016.0,2001.0
2020107095,メモリーグラス,牡,松永康利,,イスラボニータ,2011103565,ラベンダーメモリー,2013109166,ナカヤマフェスタ,2006102424,田頭勇貴,浜本牧場,"5,208.6",2011.0,2013.0,2006.0
2020101968,ベンダバリラビア,牡,田中守,,アジアエクスプレス,2011110091,エーシンラクーン,2010104645,ジャングルポケット,1998101786,幅田昌伸,中前牧場,"5,202.7",2011.0,2010.0,1998.0
2020103407,スリリングチェイス,セ,渡辺薫彦,,サトノアラジン,2011104063,シンギングメリリー,2015110003,Ghostzapper,000a010525,吉田勝己,ノーザンファーム,"5,196.7",2011.0,2015.0,2000.0
2020103969,ヨウシタンレイ,牝,藤野健太,,サトノアラジン,2011104063,フレイムミーティア,2010100559,ファンタスティックライト,1996190005,中内田克二,岡田猛,"5,189.7",2011.0,2010.0,1996.0
2020103328,スプレモフレイバー,牡,久保田貴,,ダイワメジャー,2001103114,キャレモンショコラ,2011100812,サクラバクシンオー,1989108341,尾田信夫,ノーザンファーム,"5,188.8",2001.0,2011.0,1989.0
2020100328,ツウカイノキズナ,セ,岩崎真樹,,キズナ,2010105827,エイコオウイング,2008103756,アフリート,000a000013,木村直樹,萩澤泰博,"5,178.9",2010.0,2008.0,1984.0
2020101036,マテンロウガイ,牡,角田晃一,,リアルスティール,2012104889,エアベルヘザー,2007110077,エンパイアメーカー,000a010542,寺田千代乃,稲原牧場,"5,174.9",2012.0,2007.0,2000.0
2020103688,ダズリングブレイヴ,セ,斉藤崇史,,Saxon Warrior,2015100991,リリーズキャンドル,000a014f47,Style Vendome,000a014136,サンデーレーシング,ノーザンファーム,"5,141.7",2015.0,2016.0,2010.0
2020102027,カミーロ,牡,石橋守,,リオンディーズ,2013105915,ノースキャット,2014101207,ディープスカイ,2005101358,カナヤマホールディングス,原田ファーム,"5,139.2",2013.0,2014.0,2005.0
2020103195,アスコルティアーモ,牝,林徹,,キタサンブラック,2012102013,アスコルティ,2011104104,Danehill Dancer,000a002309,サンデーレーシング,ノーザンファーム,"5,134.0",2012.0,2011.0,1993.0
2020105484,ニシノコウダイ,牡,松山将樹,,アメリカンペイトリオット,000a013bba,セイウンエブリー,2014103813,ルーラーシップ,2007103143,西山茂行,中山高鹿康,"5,127.3",2013.0,2014.0,2007.0
2020100233,セイウンパシュート,牡,上原博之,,ハーツクライ,2001103038,シーソルティキッス,2014106004,キングカメハメハ,2001103460,西山茂行,田上徹,"5,124.2",2001.0,2014.0,2001.0
2020100300,ジョーエスポワール,牡,小久保智,,エスポワールシチー,2005102837,ジョーゲルダ,2006100212,オペラハウス,000a000d77,上田江吏子,土居牧場,"5,120.0",2005.0,2006.0,1988.0
2020105198,ウインスノーライト,牡,宮徹,,エイシンヒカリ,2011101273,エーシンマリポーサ,2004110077,Pulpit,000a002133,ウイン,コスモヴューファーム,"5,104.0",2011.0,2004.0,1994.0
2020101983,クリノアルバトロス,牡,伊藤伸一,,アスカクリチャン,2007104599,クリノテレジア,2014106485,スクリーンヒーロー,2004103328,栗本依利子,日西牧場,"5,082.4",2007.0,2014.0,2004.0
2020103066,マルチャン,牡,武市康男,,ラブリーデイ,2010104298,ミオリチャン,2007102943,スウェプトオーヴァーボード,000a00fa34,瀬谷隆雄,社台ファーム,"5,082.3",2010.0,2007.0,1997.0
2020101919,ダイメイセブン,牡,平山宏秀,,マクフィ,000a011c77,ミラクルフラッグ,2007105764,スパイキュール,2000101557,宮本昇,出口牧場,"5,074.5",2007.0,2007.0,2000.0
2020103275,シーズンリッチ,牡,久保田貴,,ドゥラメンテ,2012104511,エバーシャルマン,2012104891,ハーツクライ,2001103038,宇田豊,ノーザンファーム,"5,066.9",2012.0,2012.0,2001.0
2020105929,スターペスカオリ,牝,石橋守,,シニスターミニスター,000a011099,スターペスユウコ,2011105353,バトルライン,1993109741,河野和香子,村上欽哉,"5,066.3",2003.0,2011.0,1993.0
2020102307,フジコチャン,牝,荒山勝徳,,エスポワールシチー,2005102837,ムービングアウト,2004104363,Langfuhr,000a0021ab,兼松康太,ヤスナカファーム,"5,066.0",2005.0,2004.0,1992.0
2020103634,ミスヨコハマ,牝,斎藤誠,,カレンブラックヒル,2009106230,ミスエリカ,2012110021,Blame,000a0122f4,大野富生,ノーザンファーム,"5,064.9",2009.0,2012.0,2006.0
2020106535,モズロックンロール,牡,藤岡健一,,ビーチパトロール,000a0141f9,モズソフィ,2011100970,マンハッタンカフェ,1998101554,キャピタル・システム,多田善弘,"5,059.3",2013.0,2011.0,1998.0
2020110031,ディキシーガンナー,牡,中内田充,,Gun Runner,000a0138fb,Dixie Crisp,000a01b114,Dixieland Band,000a0017b2,ゴドルフィン,J. D. Stuart P. C. Bance AR Enterprises G. Todaro,"5,055.6",2013.0,2004.0,1980.0
2020105650,リチャ,牡,堀千亜樹,,バゴ,2001190004,ユースティティア,2008104822,フジキセキ,1992109618,前田幸治,ノースヒルズ,"5,055.0",2001.0,2008.0,1992.0
2020103240,エバーハピネス,牝,久保田貴,,ドゥラメンテ,2012104511,イルーシヴハピネス,2014105821,Frankel,000a01239b,宇田豊,ノーザンファーム,"5,027.5",2012.0,2014.0,2008.0
2020106196,メイショウモズ,牡,石橋守,,トランセンド,2006104736,エメラルドタワー,2010103307,アドマイヤマックス,1999107004,松本好雄,赤田牧場,"5,024.8",2006.0,2010.0,1999.0
2020100631,ブレイゼスト,牡,安達昭夫,,デクラレーションオブウォー,000a0136f6,ジーニアル,2012105801,キングカメハメハ,2001103460,水上行雄,笠松牧場,"4,999.0",2009.0,2012.0,2001.0
2020100996,ミヤジレガリア,牝,鈴木孝志,,キタサンブラック,2012102013,ミヤジレリゴー,2012106117,キングカメハメハ,2001103460,曽我司,村中牧場,"4,986.3",2012.0,2012.0,2001.0
2020102724,クールブロン,牡,井上智史,,ドレフォン,000a013b82,リリカルホワイト,2013106153,ダイワメジャー,2001103114,キャロットファーム,社台コーポレーション白老ファーム,"4,985.2",2013.0,2013.0,2001.0
2020101198,メイテソーロ,牡,武市康男,,ミッキーロケット,2013106099,フリップフロップ,2009100744,リンカーン,2000101561,了徳寺健二ホールディングス,アイズスタッド,"4,981.8",2013.0,2009.0,2000.0
2020105627,クレメダンジュ,牝,鈴木孝志,,ラニ,2013110045,シェルエメール,2008104831,ジャングルポケット,1998101786,ノースヒルズ,ノースヒルズ,"4,966.8",2013.0,2008.0,1998.0
2020100787,マテリアルガール,牝,小久保智,,コパノリッキー,2010106548,ストレイシープ,2015103649,サウスヴィグラス,1996110138,ＨｉｍＲｏｃｋＲａｃｉｎｇホールディングス,鮫川啓一,"4,965.5",2010.0,2015.0,1996.0
2020104346,イミュータブル,牡,浜田多実,,バゴ,2001190004,ラハイナII,000a0123d4,Milt's Overture,000a012301,前田幸治,タイヘイ牧場,"4,944.0",2001.0,2008.0,1991.0
2020106534,メイショウカゼマチ,牡,角田晃一,,ミッキーアイル,2011103916,メイショウマイカゼ,2013103509,メイショウボーラー,2001100650,松本好隆,多田善弘,"4,935.0",2011.0,2013.0,2001.0
2020106559,マザオ,牡,嶋田幸晴,,インカンテーション,2010104916,ニシノマザーアース,2007102501,ブライアンズタイム,000a000082,（有）谷川牧場,谷川牧場,"4,934.0",2010.0,2007.0,1985.0
2020102955,ポワンキュルミナン,牡,岡田稲男,,ロゴタイプ,2010103783,ディオベルタ,2009105870,フジキセキ,1992109618,吉田照哉,社台ファーム,"4,933.1",2010.0,2009.0,1992.0
2020102607,ロフティーイデアル,牝,林徹,,サトノクラウン,2012104668,ロフティーエイム,2002100466,サンデーサイレンス,000a00033a,Ｇ１レーシング,追分ファーム,"4,933.0",2012.0,2002.0,1986.0
2020106611,アロットドリーム,牝,本田優,,ディスクリートキャット,000a0113a1,ブロッケン,2009102673,ワイルドラッシュ,000a0003a1,本間茂,大道牧場,"4,932.3",2003.0,2009.0,1994.0
2020101303,グランフォーブル,牡,土田稔,,タリスマニック,000a013425,マオリオ,2013100300,ネオユニヴァース,2000101426,飯田訓大,ヴェルサイユファーム,"4,931.4",2013.0,2013.0,2000.0
2020103590,ココクレーター,牝,浅利英明,,エピファネイア,2010104155,プルメリアスター,2012104913,ゼンノロブロイ,2000101517,キャロットファーム,ノーザンファーム,"4,929.7",2010.0,2012.0,2000.0
2020104332,ルミノメテオール,牝,金成貴史,,エピファネイア,2010104155,クイーンナイサー,2004109288,フォーティナイナー,000a000134,尾上松壽,タイヘイ牧場,"4,929.4",2010.0,2004.0,1985.0
2020101918,ウィズユアドリーム,牡,宮地貴稔,,サトノダイヤモンド,2013106101,フラワーバレイ,000a013e16,ディスクリートキャット,000a0113a1,小林英一ホールディングス,出口牧場,"4,897.4",2013.0,2013.0,2003.0
2020105603,ヤマニンエンディマ,牡,辻哲英,,サトノダイヤモンド,2013106101,ヤマニンリップル,2008104793,スペシャルウィーク,1995103211,土井肇,錦岡牧場,"4,857.2",2013.0,2008.0,1995.0
2020101678,リバーラ,牝,高柳瑞樹,,キンシャサノキセキ,2003110212,インドリヤ,000a013e1e,Stormy Atlantic,000a010b85,荒井泰樹,シンボリ牧場,"4,845.3",2003.0,2012.0,1994.0
2020104088,ランドオブラヴ,牝,蛯名正義,,ミッキーアイル,2011103916,ルックオブラヴ,2013106260,キングズベスト,000a0022d2,広尾レース,木村秀則,"4,839.0",2011.0,2013.0,1997.0
2020100906,フライングブレード,牡,飯田祐史,,ビッグアーサー,2011103328,ルプス,2015103767,キングズベスト,000a0022d2,中辻明,バンブー牧場,"4,830.2",2011.0,2015.0,1997.0
2020103643,エレガントムーン,牝,牧浦充徳,,カレンブラックヒル,2009106230,ムーンフェイズ,2001103298,エリシオ,1993190001,サンデーレーシング,ノーザンファーム,"4,825.8",2009.0,2001.0,1993.0
2020110127,ジョヴィアン,牡,井上智史,,Justify,000a013f2d,Runway Doll,000a01c06e,マジェスティックウォリアー,000a011e9c,吉田和美,DS Stable LLC,"4,822.0",2015.0,2014.0,2005.0
2020102831,ワレハウミノコ,牝,武英智,,キタサンブラック,2012102013,キャンディネバダ,000a012941,Pure Prize,000a011252,谷掛龍夫,社台ファーム,"4,786.8",2012.0,2009.0,1998.0
2020103089,グランベルナデット,牝,大竹正博,,キズナ,2010105827,ラブリーベルナデット,000a01440f,Wilburn,000a013c87,ＤＭＭドリームクラブ,社台ファーム,"4,778.3",2010.0,2014.0,2008.0
2020102942,ヒップホップソウル,牝,木村哲也,,キタサンブラック,2012102013,ダンスファンタジア,2008102910,ファルブラヴ,1998190004,社台レースホース,社台ファーム,"4,768.0",2012.0,2008.0,1998.0
2020101271,アイファースキャン,牡,根本康広,,アイファーソング,2008100386,エスケイティアラ,2009101286,スズカマンボ,2001103890,中島稔,アースファーム,"4,762.2",2008.0,2009.0,2001.0
2020104107,ショウナンカブト,セ,戸田博文,,ヘニーヒューズ,000a011155,イチリュウ,2010102632,キングヘイロー,1995104427,湘南,グランド牧場,"4,761.8",2003.0,2010.0,1995.0
2020105206,ウインルーティン,牡,長谷川浩,,ゴールドシップ,2009102739,コスモマイルール,2011105730,ルールオブロー,000a010d7d,ウイン,コスモヴューファーム,"4,746.0",2009.0,2011.0,2001.0
2020103696,ラレーヌデリス,牝,安田翔伍,,エピファネイア,2010104155,レイリオン,2013106154,ダイワメジャー,2001103114,キャロットファーム,ノーザンファーム,"4,741.0",2010.0,2013.0,2001.0
2020101035,スズカコーズ,牡,伊藤圭三,,スズカコーズウェイ,2004104345,アイシースズカ,2000106983,サンデーサイレンス,000a00033a,永井宏明,稲原牧場,"4,736.5",2004.0,2000.0,1986.0
2020110147,インヒズアイズ,牝,打越勇児,,Race Day,000a01426a,Lee Ann W,000a01c0cb,Mr. Greeley,000a00213e,江馬由将,Kings and Queens Farm,"4,724.0",2011.0,2010.0,1992.0
2020100850,マオノアラシ,牡,加藤士津,,ゴールドアクター,2011105266,マオノココロ,2013103031,ヴァーミリアン,2002100877,湯浅健司,ダイヤモンドファーム,"4,721.7",2011.0,2013.0,2002.0
2020101258,コスモオピニオン,牡,黒岩陽一,,ダノンバラード,2008103548,オピニオン,2014103345,アイルハヴアナザー,000a011ed3,ビッグレッドファーム,荒井ファーム,"4,716.9",2008.0,2014.0,2009.0
2020104056,オールパルフェ,牡,石橋満,,リアルスティール,2012104889,クイーングラス,2015104472,ルーラーシップ,2007103143,遠藤良一,カタオカファーム,"4,716.7",2012.0,2015.0,2007.0
2020101537,リミットバスター,牡,杉山晴紀,,ハーツクライ,2001103038,ウィステリアアーチ,2007105546,キングカメハメハ,2001103460,草間庸文,下河辺牧場,"4,715.0",2001.0,2007.0,2001.0
2020101548,アイザックバローズ,牡,友道康夫,,ドゥラメンテ,2012104511,カーリンホーク,000a013e1b,Curlin,000a011734,猪熊広次,下河辺牧場,"4,707.7",2012.0,2010.0,2004.0
2020101929,サベージ,牡,森下淳平,,ディープスカイ,2005101358,シギル,2010100789,アドマイヤムーン,2003102991,山口裕介,道見牧場,"4,695.0",2005.0,2010.0,2003.0
2020102132,トレンディスター,牝,高柳大輔,,ファインニードル,2013100612,ハンドスター,2009102992,パラダイスクリーク,1989109110,水谷美穂,船越牧場,"4,692.1",2013.0,2009.0,1989.0
2020106180,ユーアオンフリーク,牡,荒山勝徳,,インカンテーション,2010104916,サイレンスアモール,2003102100,テイエムオペラオー,1996100292,池田草龍,中村勝則,"4,687.3",2010.0,2003.0,1996.0
2020100544,リコールガー,牡,荒山勝徳,,マジェスティックウォリアー,000a011e9c,エトワールステージ,2003101298,デヒア,000a0000df,土橋正雄,レースホース牧場,"4,673.9",2005.0,2003.0,1991.0
2020101209,メイショウオーロラ,牝,本田優,,ホッコータルマエ,2009100921,エンパイアガール,2014101625,エンパイアメーカー,000a010542,松本好隆,天羽牧場,"4,672.6",2009.0,2014.0,2000.0
2020106330,ラウラーナ,牝,宗像義忠,,バゴ,2001190004,ミヤビエメライン,2014104542,マンハッタンカフェ,1998101554,ディアレスト,金石牧場,"4,668.5",2001.0,2014.0,1998.0
2020103803,アヴニールドブリエ,セ,大和田成,,エピファネイア,2010104155,レーヌドブリエ,2012103942,ゼンノロブロイ,2000101517,シルクレーシング,レイクヴィラファーム,"4,662.0",2010.0,2012.0,2000.0
2020104872,ツウカイリアル,牡,佐藤裕太,,ホッコータルマエ,2009100921,テアトロレアル,2013105999,シンボリクリスエス,1999110099,レックス,増本牧場,"4,661.6",2009.0,2013.0,1999.0
2020106396,スマートアンバー,牝,永島太郎,,シニスターミニスター,000a011099,スマートサクソン,2014100333,ドリームジャーニー,2004102753,（株）大川徹ホール,杵臼牧場,"4,657.4",2003.0,2014.0,2004.0
2020106415,ロゼル,牡,大和田成,,シルバーステート,2013105903,レーヌユニヴェール,2013103389,タイキシャトル,1994109686,田中純一,杵臼牧場,"4,655.4",2013.0,2013.0,1994.0
2020107094,ルイス,牡,月岡健二,,キンシャサノキセキ,2003110212,ラドゥガ,2010100888,サクラバクシンオー,1989108341,（株）ＬＤＳ,浜本牧場,"4,652.5",2003.0,2010.0,1989.0
2020106386,プラチナジュビリー,牝,田村康仁,,リアルスティール,2012104889,カホマックス,2007103031,クロフネ,1998110135,大塚亮一,杵臼牧場,"4,649.0",2012.0,2007.0,1998.0
2020104945,ベルウッドグラス,牡,手島勝利,,パイロ,000a01176a,エナジャイズ,2012100789,キングカメハメハ,2001103460,福岡隆史,市川ファーム,"4,633.2",2005.0,2012.0,2001.0
2020105157,ミルトハンター,牡,中竹和也,,ヘニーヒューズ,000a011155,イナズマアマリリス,2006104345,スエヒロコマンダー,1995104468,永山勝敏,小泉牧場,"4,625.3",2003.0,2006.0,1995.0
2020100053,プレイサーゴールド,牡,今野貞一,,シニスターミニスター,000a011099,エクディス,2013106085,クロフネ,1998110135,ＣＨＥＶＡＬＡＴＴＡＣＨＥ,沖田博志,"4,623.1",2003.0,2013.0,1998.0
2020102140,アンビバレント,牡,藤野健太,,ディスクリートキャット,000a0113a1,フォーミー,2008106101,アドマイヤマックス,1999107004,ノルマンディーサラブレッドレーシング,碧雲牧場,"4,618.1",2003.0,2008.0,1999.0
2020102299,アシャカタカ,牡,鈴木伸尋,,ファインニードル,2013100612,ハートノイヤリング,2008102854,ハーツクライ,2001103038,吉冨学,門別山際牧場,"4,618.0",2013.0,2008.0,2001.0
2020106908,メイショウコバト,牝,和田勇介,,ダノンレジェンド,2010110102,メイショウサワヤカ,2012105598,メイショウサムソン,2003102205,松本好隆,三嶋牧場,"4,604.9",2010.0,2012.0,2003.0
2020100177,ロードマンハイム,牡,友道康夫,,ロードカナロア,2008103552,ワイルドココ,000a012d45,Shirocco,000a010db9,ロードホースクラブ,ケイアイファーム,"4,602.5",2008.0,2008.0,2001.0
2020102798,スマラグドス,牡,西園正都,,ハーツクライ,2001103038,エメラルドスター,000a013894,Mount Nelson,000a0124b6,グリーンファーム,社台ファーム,"4,597.9",2001.0,2011.0,2004.0
2020100443,エイシンエイト,牝,田中剛,,エーシントップ,2010110058,エイシンモルト,2011101527,ハーツクライ,2001103038,栄進堂,水丸牧場,"4,597.3",2010.0,2011.0,2001.0
2020103534,ジュドー,セ,手塚貴久,,モーリス,2011100655,パンデイア,2012104875,ディープインパクト,2002100816,シルクレーシング,ノーザンファーム,"4,592.7",2011.0,2012.0,2002.0
2020106910,エッセレンチ,牝,蛯名正義,,シルバーステート,2013105903,メイショウスイヅキ,2013106291,パイロ,000a01176a,三嶋牧場,三嶋牧場,"4,590.5",2013.0,2013.0,2005.0
2020102862,レシプロシティ,牝,田村康仁,,キズナ,2010105827,サプレザ,2005190003,Sahm,000a011651,社台レースホース,社台ファーム,"4,589.7",2010.0,2005.0,1994.0
2020105611,ピーターサイト,牡,村田一誠,,ワンアンドオンリー,2011105072,ヴィクトリアアイ,2004100665,ブライアンズタイム,000a000082,ノースヒルズ,ノースヒルズ,"4,580.2",2011.0,2004.0,1985.0
2020110136,エコロアレス,牡,保利良平,,Unified,000a01c067,Red Hot Tweet,000a01c087,Heatseeker,000a012181,原村正紀,St. Simon Place LLC & Scott Stephens,"4,578.2",2013.0,2010.0,2003.0
2020101250,ランスノーブル,牝,上原博之,,ハービンジャー,000a011996,ロイヤルライン,2006103131,クロフネ,1998110135,佐々木基,新井昭二,"4,573.1",2006.0,2006.0,1998.0
2020103414,ムジェロ,牡,藤原英昭,,ハーツクライ,2001103038,シーヴ,000a0137fc,Mineshaft,000a010545,ラ・メール,ノーザンファーム,"4,561.7",2001.0,2009.0,1999.0
2020102776,マルカラピッド,牝,笹野博司,,マインドユアビスケッツ,000a01392e,ヴェルメンティーノ,2011104330,ダイワメジャー,2001103114,日下部猛,社台ファーム,"4,559.6",2013.0,2011.0,2001.0
2020101639,ハッピーロンドン,牡,菊沢隆徳,,グレーターロンドン,2012101402,ハッピーベリンダ,2011103470,アグネスデジタル,1997110025,窪田芳郎,白井牧場,"4,554.0",2012.0,2011.0,1997.0
2020103049,ミカッテヨンデイイ,牝,堀内岳志,,イスラボニータ,2011103565,ボルティモア,2015104290,ステイゴールド,1994108729,ニューマレコード,社台ファーム,"4,547.0",2011.0,2015.0,1994.0
2020103899,セーヌドゥレーヴ,牝,吉岡辰弥,,ダイワメジャー,2001103114,シュヴァリエ,2011101881,フレンチデピュティ,000a00013a,ノルマンディーサラブレッドレーシング,岡田スタッド,"4,544.2",2001.0,2011.0,1992.0
2020103033,グレノークス,牝,宮田敬介,,ロードカナロア,2008103552,プリンセスオブシルマー,000a012942,マジェスティックウォリアー,000a011e9c,吉田照哉,社台ファーム,"4,544.0",2008.0,2010.0,2005.0
2020106274,ガストリック,牡,上原博之,,ジャスタウェイ,2009106461,エーシンエポナ,2010110061,Curlin,000a011734,前田幸治,栄進牧場,"4,538.5",2009.0,2010.0,2004.0
2020103189,レッドダンルース,牡,福永祐一,,リアルスティール,2012104889,アイリッシュシー,000a013e3f,Galileo,000a00232b,東京ホースレーシング,ノーザンファーム,"4,532.6",2012.0,2014.0,1998.0
2020101301,ネオトキオ,牡,荒山勝徳,,キズナ,2010105827,ドバウィディエティ,000a012f8a,Dubawi,000a0115e2,兼松康太,ヴェルサイユファーム,"4,530.0",2010.0,2013.0,2002.0
2020103417,ダノンザタイガー,牡,国枝栄,,ハーツクライ,2001103038,シーズアタイガー,000a01294d,Tale of the Cat,000a002276,ダノックス,ノーザンファーム,"4,529.7",2001.0,2011.0,1994.0
2020103238,オックスリップ,牝,佐藤悠太,,サトノダイヤモンド,2013106101,イプスウィッチ,000a01293f,Danehill Dancer,000a002309,ライオンレースホース,ノーザンファーム,"4,525.4",2013.0,2010.0,1993.0
2020105089,グランデサラス,牡,池添学,,エピファネイア,2010104155,シャッセロール,2010105366,クロフネ,1998110135,名古屋友豊,オリエント牧場,"4,520.9",2010.0,2010.0,1998.0
2020105539,タガノシャーンス,牝,中尾秀正,,キタサンブラック,2012102013,タガノジョイナー,2009104949,キングカメハメハ,2001103460,八木良司,新冠タガノファーム,"4,508.4",2012.0,2009.0,2001.0
2020101517,ソノママソノママ,牝,奥村豊,,ビッグアーサー,2011103328,ワイドロスメルタ,2010103245,グラスワンダー,1995108676,幅田京子,サンバマウンテンファーム,"4,502.5",2011.0,2010.0,1995.0
2020102565,スクーバー,牡,新井清重,,ヘニーヒューズ,000a011155,ソロダンサー,2013105260,ゴールドアリュール,1999106689,Ｇ１レーシング,追分ファーム,"4,495.2",2003.0,2013.0,1999.0
2020104190,ゴライコウ,牡,新谷功一,,ホッコータルマエ,2009100921,プロフェシーライツ,2000102674,アフリート,000a000013,岡浩二,坂本智広,"4,490.0",2009.0,2000.0,1984.0
2020103295,エクロジャイト,セ,武幸四郎,,ヘニーヒューズ,000a011155,オージャイト,2013105927,キングカメハメハ,2001103460,サンデーレーシング,ノーザンファーム,"4,487.8",2003.0,2013.0,2001.0
2020106475,ピンキープロミス,牡,畠山吉宏,,ゴールドシップ,2009102739,マイネランデブー,2005105511,アグネスデジタル,1997110025,ビッグレッドファーム,笹島智則,"4,486.0",2009.0,2005.0,1997.0
2020101031,アスクエピソード,牡,坂口智康,,ハーツクライ,2001103038,ネヴァーピリオド,2002102752,タイキシャトル,1994109686,廣崎利洋ＨＤ,ＡＳＫＳＴＵＤ,"4,484.4",2001.0,2002.0,1994.0
2020102310,キタサンダムール,牝,清水久詞,,キタサンブラック,2012102013,キタサンプリンセス,2012102273,エンパイアメーカー,000a010542,大野商事,ヤナガワ牧場,"4,481.0",2012.0,2012.0,2000.0
2020107121,イケイケドンドン,牡,松山将樹,,ワールドエース,2009106353,ラスリーズ,2009103077,ブライアンズタイム,000a000082,新井原博,川上牧場,"4,471.8",2009.0,2009.0,1985.0
2020102907,ステラバルセロナ,牝,菊川正達,,ハービンジャー,000a011996,ステラスターライト,2012104317,ディープインパクト,2002100816,吉田千津,社台ファーム,"4,470.3",2006.0,2012.0,2002.0
2020109140,ネオシエル,牡,真島元徳,,ケイムホーム,000a0108d1,サイタ,2006100575,ネオユニヴァース,2000101426,瓜生和彦,吉野政敏,"4,467.0",1999.0,2006.0,2000.0
2020104764,ウェイビー,牝,西村真幸,,サトノアラジン,2011104063,パルストリーナ,000a0138a3,Medaglia d'Oro,000a010a65,フジワラ・ファーム,フジワラファーム,"4,463.5",2011.0,2011.0,1999.0
2020103496,パクスオトマニカ,牡,久保田貴,,ヴィクトワールピサ,2007102923,ディープラヴ,2011103897,ディープインパクト,2002100816,窪田芳郎,ノーザンファーム,"4,451.3",2007.0,2011.0,2002.0
2020103881,コスモサガルマータ,牡,嘉藤貴行,,ヴィクトワールピサ,2007102923,エーソングフォー,2005110174,More Than Ready,000a00fcdd,ビッグレッドファーム,岡田スタッド,"4,439.5",2007.0,2005.0,1997.0
2020101588,ロンドンプラン,牡,宮本博,,グレーターロンドン,2012101402,パッションローズ,2005103173,アフリート,000a000013,下河辺隆行,下河辺牧場,"4,437.6",2012.0,2005.0,1984.0
2020104772,ランスオブサターン,牝,本田優,,キタサンブラック,2012102013,マイティティー,2012103478,エンパイアメーカー,000a010542,五影隆則,フジワラファーム,"4,426.2",2012.0,2012.0,2000.0
2020103553,バロッサヴァレー,牝,高野友和,,ハーツクライ,2001103038,ピラミマ,2005110048,Unbridled's Song,000a002071,シルクレーシング,ノーザンファーム,"4,423.0",2001.0,2005.0,1993.0
2020104738,ラフエイジアン,セ,中舘英二,,アジアエクスプレス,2011110091,アラピンタ,000a013e35,Medicean,000a010a19,尾崎恒男,フジワラファーム,"4,415.8",2011.0,2014.0,1997.0
2020103664,バトルハーデン,牡,矢作芳人,,ドゥラメンテ,2012104511,ラヴズオンリーミー,000a01179f,Storm Cat,000a001a98,サンデーレーシング,ノーザンファーム,"4,412.6",2012.0,2006.0,1983.0
2020104983,マルプリ,牝,青木孝文,,ミッキーアイル,2011103916,マジックポーションII,000a011dc4,Danehill Dancer,000a002309,中丸裕嗣,秋田牧場,"4,410.4",2011.0,2006.0,1993.0
2020103629,マンデヴィラ,牝,福永祐一,,リアルスティール,2012104889,マンデラ,000a011190,Acatenango,000a001f0b,吉田勝己,ノーザンファーム,"4,407.1",2012.0,2000.0,1982.0
2020106706,タリア,牝,矢野英一,,ビーチパトロール,000a0141f9,トリアンドルス,2012105900,マツリダゴッホ,2003104570,ディアレストクラブ,ディアレストクラブ,"4,405.0",2013.0,2012.0,2003.0
2020105998,タッチウッド,牡,武幸四郎,,ドゥラメンテ,2012104511,アメージングムーン,2010106120,アドマイヤムーン,2003102991,吉田和美,村田牧場,"4,403.7",2012.0,2010.0,2003.0
2020101792,プロスペリダード,牝,西園翔太,,アメリカンペイトリオット,000a013bba,ヴェスティージ,2015101588,Raven's Pass,000a011d04,大樹ファーム,ダーレー・ジャパン・ファーム,"4,401.9",2013.0,2015.0,2005.0
2020103794,エゾダイモン,牡,武幸四郎,,ハーツクライ,2001103038,メジロツボネ,2008102538,スウェプトオーヴァーボード,000a00fa34,藤田晋,レイクヴィラファーム,"4,400.2",2001.0,2008.0,1997.0
2020105625,ローズバルサム,牝,吉村圭司,,ブラックタイド,2001103312,サリエル,2007105619,キングカメハメハ,2001103460,ノースヒルズ,ノースヒルズ,"4,400.0",2001.0,2007.0,2001.0
2020103985,グラスシフォン,牝,松山将樹,,シニスターミニスター,000a011099,グラスルノン,2011102043,フレンチデピュティ,000a00013a,半沢,岡田牧場,"4,399.8",2003.0,2011.0,1992.0
2020103693,フレーヴァード,牡,大竹正博,,モーリス,2011100655,ルージュバック,2012104669,マンハッタンカフェ,1998101554,キャロットファーム,ノーザンファーム,"4,387.9",2011.0,2012.0,1998.0
2020100363,キョウエイカンフ,牡,勢司和浩,,アジアエクスプレス,2011110091,クラシカルレディ,2014101304,キングズベスト,000a0022d2,田中晴夫,幌村牧場,"4,386.7",2011.0,2014.0,1997.0
2020107082,ライジン,牡,池添学,,Speightstown,000a011200,ケンジントンII,000a01596f,Kitten's Joy,000a0119b3,ＬＥＶＥＬーＫ,浜本牧場,"4,378.4",1998.0,2015.0,2001.0
2020106987,スムースベルベット,牝,南田美知,,ディスクリートキャット,000a0113a1,ローブドヴルール,2006105366,サウスヴィグラス,1996110138,ミルファーム,ミルファーム,"4,369.4",2003.0,2006.0,1996.0
2020105365,ドーバーホーク,牡,清水英克,,ディーマジェスティ,2013104704,タカラジェニファ,2011104888,ヨハネスブルグ,000a0103b9,嶋田賢,大栄牧場,"4,365.3",2013.0,2011.0,1999.0
2020102077,シゲルカミカゼ,牡,松山将樹,,ドレフォン,000a013b82,ゼクト,2012102235,サウスヴィグラス,1996110138,關美和,広富牧場,"4,348.7",2013.0,2012.0,1996.0
2020103247,メテオールライト,牝,萩原清,,リオンディーズ,2013105915,ウインミーティア,2009106267,アグネスタキオン,1998101516,シルクレーシング,ノーザンファーム,"4,346.5",2013.0,2009.0,1998.0
2020102861,ラテラルシンキング,牡,黒岩陽一,,ハービンジャー,000a011996,サプルマインド,2013105480,ディープインパクト,2002100816,社台レースホース,社台ファーム,"4,343.5",2006.0,2013.0,2002.0
2020100681,ジーニアスバローズ,牡,辻野泰之,,ハーツクライ,2001103038,スカイノダン,2006102794,サクラバクシンオー,1989108341,猪熊広次,桑田牧場,"4,330.0",2001.0,2006.0,1989.0
2020104616,パクスロマーナ,牝,加藤公太,,ネロ,2011103722,アンティクイーン,2014104932,アンライバルド,2006103308,酒井孝敏,野表篤夫,"4,321.6",2011.0,2014.0,2006.0
2020102935,シリアルノヴェル,セ,伊藤圭三,,ノヴェリスト,000a012230,ダイワレジェンド,2011104297,キングカメハメハ,2001103460,社台レースホース,社台ファーム,"4,312.4",2009.0,2011.0,2001.0
2020104215,ケイアイメキラ,セ,秋山真一,,パイロ,000a01176a,ケイアイベローナ,2003106218,クロフネ,1998110135,亀田和弘,佐竹学,"4,311.6",2005.0,2003.0,1998.0
2020103538,オーシャントライブ,セ,高柳大輔,,ルーラーシップ,2007103143,パープルセイル,2011103819,フジキセキ,1992109618,サンデーレーシング,ノーザンファーム,"4,309.4",2007.0,2011.0,1992.0
2020107176,ワックスフラワー,牝,深山雅史,,モンテロッソ,000a011b05,キマグレ,2002100290,サクラバクシンオー,1989108341,ミルファーム,田中裕之,"4,306.0",2007.0,2002.0,1989.0
2020102890,イティネラートル,牝,長谷川浩,,キズナ,2010105827,ジプシーハイウェイ,000a0120ed,High Chaparral,000a010270,社台レースホース,社台ファーム,"4,303.7",2010.0,2008.0,1999.0
2020106930,シャーンゴッセ,セ,蛯名正義,,イスラボニータ,2011103565,ルーシーブライド,2010104689,ブライアンズタイム,000a000082,インゼルレーシング,三嶋牧場,"4,300.0",2011.0,2010.0,1985.0
2020102785,イゾレエオリア,牝,伊藤大士,,ハービンジャー,000a011996,エオリアンハープ,2006102892,キングカメハメハ,2001103460,吉田照哉,社台ファーム,"4,299.7",2006.0,2006.0,2001.0
2020109098,グラティアスグー,牡,川野勇馬,,ノヴェリスト,000a012230,ワンダフルキッス,2013109156,ゴールドプルーフ,1995100942,上岡和男,恵比寿興業株式会社那須野牧場,"4,297.5",2009.0,2013.0,1995.0
2020104523,マイネルフォーコン,牡,西園翔太,,アジアエクスプレス,2011110091,マジックシアター,2006101252,ネオユニヴァース,2000101426,サラブレッドクラブ・ラフィアン,千代田牧場,"4,297.0",2011.0,2006.0,2000.0
2020100607,サンティーテソーロ,牝,栗田徹,,エピファネイア,2010104155,ナガラフラワー,2012105774,ダンスインザダーク,1993109188,了徳寺健二ホールディングス,大島牧場,"4,294.9",2010.0,2012.0,1993.0
2020106393,ノボリクレバー,牝,石橋守,,デクラレーションオブウォー,000a0136f6,スウィングダンス,2007101432,クロフネ,1998110135,原田豊,杵臼牧場,"4,290.8",2009.0,2007.0,1998.0
2020110055,エメラルドビーチ,牡,桧森邦夫,,Gleneagles,000a0128fa,Sea Chanter,000a01bbf9,War Chant,000a00fce0,佐藤弘樹,Roland H. Alder,"4,285.5",2012.0,2005.0,1997.0
2020103929,オルノア,牝,新谷功一,,ゴールドシップ,2009102739,ピッツネイル,2011101879,クロフネ,1998110135,ノルマンディーサラブレッドレーシング,岡田スタッド,"4,272.2",2009.0,2011.0,1998.0
2020105043,ヒメツルイチモンジ,牝,新子雅司,,エスポワールシチー,2005102837,コウセイエリザベス,2014100084,アイルハヴアナザー,000a011ed3,野田善己,イワミ牧場,"4,259.0",2005.0,2014.0,2009.0
2020102832,シャザーン,牡,友道康夫,,ロードカナロア,2008103552,クイーンズリング,2012104105,マンハッタンカフェ,1998101554,金子真人ホールディングス,社台ファーム,"4,258.0",2008.0,2012.0,1998.0
2020103039,サンライズジーク,牡,柏原誠路,,エピファネイア,2010104155,プロヴィナージュ,2005102392,フレンチデピュティ,000a00013a,（株）ライフハウス,社台ファーム,"4,250.8",2010.0,2005.0,1992.0
2020102315,ヨリノサファイヤ,牝,根本康広,,コパノリッキー,2010106548,コパノタイマネ,2004106985,クロフネ,1998110135,辻子依旦,ヤナガワ牧場,"4,242.2",2010.0,2004.0,1998.0
2020103537,ジーククローネ,セ,宮田敬介,,サトノクラウン,2012104668,パーフェクトマッチ,2002100962,サンデーサイレンス,000a00033a,ＤＭＭドリームクラブ,ノーザンファーム,"4,237.0",2012.0,2002.0,1986.0
2020100367,グレートヒエン,牝,雑賀正光,,ドレフォン,000a013b82,トーセンファースト,2009102207,クロフネ,1998110135,菊地博,幌村牧場,"4,233.5",2013.0,2009.0,1998.0
2020103902,ジャーヴィス,牡,千田輝彦,,ビーチパトロール,000a0141f9,ジェルヴェーズ,2012104251,メイショウサムソン,2003102205,ノルマンディーサラブレッドレーシング,岡田スタッド,"4,227.6",2013.0,2012.0,2003.0
2020103367,ハンベルジャイト,牝,大久保龍,,ジャスタウェイ,2009106461,ココシュニック,2005102526,クロフネ,1998110135,キャロットファーム,ノーザンファーム,"4,219.7",2009.0,2005.0,1998.0
2020106554,ヴェールトゥマラン,牡,高月賢一,,シニスターミニスター,000a011099,スピナッチ,2011105838,ゼンノロブロイ,2000101517,鈴木雅俊,谷川牧場,"4,210.0",2003.0,2011.0,2000.0
2020103648,メテオリート,牝,吉岡辰弥,,ドレフォン,000a013b82,メテオーリカ,2009105715,ディープインパクト,2002100816,シルクレーシング,ノーザンファーム,"4,205.0",2013.0,2009.0,2002.0
2020105496,ニシノコウフク,牝,伊藤大士,,サトノクラウン,2012104668,ニシノマメフク,2015105197,スペシャルウィーク,1995103211,西山茂行,中山高鹿康,"4,204.0",2012.0,2015.0,1995.0
2020101052,ルーラルハピネス,牝,伊藤大士,,ファインニードル,2013100612,ナムラバイオレット,2013100058,チーフベアハート,1993190010,キャロットファーム,川向高橋育成牧場,"4,193.8",2013.0,2013.0,1993.0
2020103388,フェイト,牡,福永祐一,,リアルスティール,2012104889,サンタフェチーフ,2012110011,Wiesenpfad,000a0122bf,藤田晋,ノーザンファーム,"4,189.6",2012.0,2012.0,2003.0
2020101557,パルティクラール,牝,牧浦充徳,,ヴィクトワールピサ,2007102923,サンドスラッシュ,000a012043,Holy Roman Emperor,000a011ab8,下河辺牧場,下河辺牧場,"4,184.7",2007.0,2008.0,2004.0
2020104632,ハッスルダンク,セ,中川公成,,ダンカーク,000a012185,カジノスマイル,2013103888,カジノドライヴ,2005110112,高篠憲一,橋本牧場,"4,177.3",2006.0,2013.0,2005.0
2020105533,タガノチョコラータ,牝,角田晃一,,アメリカンペイトリオット,000a013bba,スペシャルディナー,2005107041,スペシャルウィーク,1995103211,八木良司,新冠タガノファーム,"4,172.0",2013.0,2005.0,1995.0
2020102502,トーセンローリエ,牝,小笠倫弘,,サトノクラウン,2012104668,トーセンナチュラル,2012101083,メイショウサムソン,2003102205,島川隆哉,エスティファーム,"4,140.2",2012.0,2012.0,2003.0
2020104469,ゴッドセンド,牡,藤田輝信,,アジアエクスプレス,2011110091,ギフトオブザラック,2008100599,ディープインパクト,2002100816,カナヤマホールディングス,千代田牧場,"4,134.0",2011.0,2008.0,2002.0
2020101905,プラーヴィ,セ,黒岩陽一,,ドゥラメンテ,2012104511,ワイメアビーチ,2009104346,フジキセキ,1992109618,長谷川祐司,チャンピオンズファーム,"4,125.0",2012.0,2009.0,1992.0
2020101343,ミヤビ,牝,尾形和幸,,リオンディーズ,2013105915,ウインルキア,2008105370,ディープインパクト,2002100816,高橋文男,オリオンファーム,"4,117.2",2013.0,2008.0,2002.0
2020104287,サンガネーブ,牡,田中克典,,マクフィ,000a011c77,サンコロネット,2006100285,スペシャルウィーク,1995103211,水上ふじ子,静内フジカワ牧場,"4,092.3",2007.0,2006.0,1995.0
2020106919,メイショウフジ,牡,和田勇介,,ホッコータルマエ,2009100921,メイショウミハル,2014103529,ダイワメジャー,2001103114,松本好隆,三嶋牧場,"4,083.5",2009.0,2014.0,2001.0
2020106669,ハウゼ,牡,田中博康,,デクラレーションオブウォー,000a0136f6,ハワイアンローズ,2011103384,キングカメハメハ,2001103460,ＣＨＥＶＡＬＡＴＴＡＣＨＥ,辻牧場,"4,082.1",2009.0,2011.0,2001.0
2020100056,クールムーア,牡,保利幸作,,ジャスタウェイ,2009106461,クールユリア,2009102597,ケイムホーム,000a0108d1,川上哲司,沖田博志,"4,080.0",2009.0,2009.0,1999.0
2020105409,ディアドコス,牡,羽月友彦,,ネロ,2011103722,チェインブラッド,2009101091,マンハッタンカフェ,1998101554,岡田牧雄,津田牧場,"4,077.8",2011.0,2009.0,1998.0
2020101632,ダノンミカエル,牝,別府真司,,ダノンレジェンド,2010110102,ダノンエンジェル,2012104099,ディープインパクト,2002100816,佐藤憲治,白井牧場,"4,072.0",2010.0,2012.0,2002.0
2020110034,ハードワイヤード,牡,加藤征弘,,Hard Spun,000a0116a1,Season Maker,000a01b117,Pioneerof the Nile,000a0122f5,ゴドルフィン,Godolphin,"4,064.4",2004.0,2016.0,2006.0
2020103205,フロムナウオン,セ,手塚貴久,,モーリス,2011100655,アドマイヤキュート,2009106415,キングカメハメハ,2001103460,平田修,ノーザンファーム,"4,064.2",2011.0,2009.0,2001.0
2020103433,ヴァリージア,牡,斉藤崇史,,ドゥラメンテ,2012104511,スクールミストレス,000a013bb1,Equal Stripes,000a012c13,早野誠,ノーザンファーム,"4,052.2",2012.0,2013.0,1999.0
2020102539,アレンテージョ,牡,坂口智康,,フェノーメノ,2009106599,アルアマーナ,2009106578,ディープインパクト,2002100816,Ｇ１レーシング,追分ファーム,"4,038.6",2009.0,2009.0,2002.0
2020102898,ラブリービュー,牡,佐藤裕太,,ラブリーデイ,2010104298,スアデラ,2013105647,ゴールドアリュール,1999106689,吉田照哉,社台ファーム,"4,029.9",2010.0,2013.0,1999.0
2020104148,タイセイウォリアー,牡,山田信大,,マジェスティックウォリアー,000a011e9c,レゲウーマン,2014104420,サマーバード,2006190002,田中成奉,グランド牧場,"4,027.2",2005.0,2014.0,2006.0
2020103173,トーアモルペウス,セ,辻哲英,,タリスマニック,000a013425,トーアヒミコ,2013105103,クロフネ,1998110135,高山ランド,トーア牧場,"4,021.0",2013.0,2013.0,1998.0
2020103009,フェステスバント,牝,藤岡健一,,キズナ,2010105827,フィオドラ,000a012e7f,Lord of England,000a0122be,吉田照哉,社台ファーム,"4,017.5",2010.0,2011.0,2003.0
2020105250,ビルカール,牡,水野貴広,,ミッキーアイル,2011103916,サンシャインキッス,2014102224,ストリートセンス,000a0113a2,野村茂雄,サンローゼン,"4,016.5",2011.0,2014.0,2004.0
2020102360,クリノグローリー,牡,谷潔,,ラブリーデイ,2010104298,モエレエターナル,2006103788,ゴールドヘイロー,1997101264,栗本依利子,横井哲,"4,010.0",2010.0,2006.0,1997.0
2020103562,コスモシャングリラ,牝,水野貴広,,ハーツクライ,2001103038,ファディラー,000a014474,Monsun,000a010db6,ビッグレッドファーム,ノーザンファーム,"4,001.9",2001.0,2013.0,1990.0
2020101941,バリアントバイオ,牡,今野貞一,,トーセンジョーダン,2006103169,エスカレートバイオ,2013101113,アルデバランII,000a010541,バイオ,中館牧場,"3,998.0",2006.0,2013.0,1998.0
2020103898,イグニション,牡,畑端省吾,,スノードラゴン,2008104268,シャルマンレーヌ,2004107197,ダンスインザダーク,1993109188,ノルマンディーサラブレッドレーシング,岡田スタッド,"3,997.7",2008.0,2004.0,1993.0
2020102375,ニクソンテソーロ,牡,田中守,,フェノーメノ,2009106599,アンクレット,2008102972,Footstepsinthesand,000a0111b5,伊藤捷一,リョーケンファーム,"3,995.3",2009.0,2008.0,2002.0
2020101992,ライクアフラワー,牡,松永康利,,アメリカンペイトリオット,000a013bba,ビクトリーチャンス,2009101498,ステイゴールド,1994108729,大倉佑介,日西牧場,"3,994.5",2013.0,2009.0,1994.0
2020102971,サトノグレイト,セ,中竹和也,,ダイワメジャー,2001103114,ノヴァホーク,000a0120f1,Hawk Wing,000a010d4d,里見治,社台ファーム,"3,987.8",2001.0,2008.0,1999.0
2020104843,インスタキング,セ,蛯名正義,,エピファネイア,2010104155,アガサ,2010103794,マンハッタンカフェ,1998101554,嶋田賢,前谷武志,"3,986.2",2010.0,2010.0,1998.0
2020103218,フミサウンド,牡,鹿戸雄一,,ジャスタウェイ,2009106461,アブソルートリー,000a012168,Redoute's Choice,000a00fe93,林文彦,ノーザンファーム,"3,983.4",2009.0,2007.0,1996.0
2020106406,クリダーム,牡,打越勇児,,ハーツクライ,2001103038,ブーケトウショウ,2010103059,サクラバクシンオー,1989108341,菊地温以,杵臼牧場,"3,980.2",2001.0,2010.0,1989.0
2020100774,ショウガタップリ,牝,高橋俊之,,エスポワールシチー,2005102837,ハートフルビコー,2001104889,ゼンノメイジン,1994109704,芳賀克也,斉藤政志,"3,977.2",2005.0,2001.0,1994.0
2020105729,タイガーチャージ,牡,鈴木啓之,,ミッキーロケット,2013106099,ヒカリヴィグラス,2006104810,サウスヴィグラス,1996110138,定蛇邦宏,ヒカル牧場,"3,976.1",2013.0,2006.0,1996.0
2020103183,レッドラグラス,牡,中内田充,,リオンディーズ,2013105915,アイスパステル,2014110112,Shackleford,000a012d4d,東京ホースレーシング,ノーザンファーム,"3,975.5",2013.0,2014.0,2008.0
2020102976,ノーブルクライ,牡,田村康仁,,ハーツクライ,2001103038,ノーブルジュエリー,2008110008,Smarty Jones,000a01053e,窪田芳郎,社台ファーム,"3,961.0",2001.0,2008.0,2001.0
2020107113,アイファーシアトル,牝,佐藤悠太,,ベストウォーリア,2010110127,レディワシントン,2008110087,Vindication,000a010544,中島稔,アースファーム,"3,958.8",2010.0,2008.0,2000.0
2020109096,ライジングラパス,牝,宮本博,,ダノンバラード,2008103548,ボーナスチャンス,2013109017,エンパイアメーカー,000a010542,那須野牧場,恵比寿興業株式会社那須野牧場,"3,936.9",2008.0,2013.0,2000.0
2020105635,ツークフォーゲル,牡,荒川義之,,ドレフォン,000a013b82,トラディション,2011105087,ゴールドアリュール,1999106689,ノースヒルズ,ノースヒルズ,"3,919.0",2013.0,2011.0,1999.0
2020102883,フォーチュンコード,牝,小林真也,,スピルバーグ,2009105961,シークレットコード,2003102657,Fusaichi Pegasus,000a0022cf,吉田千津,社台ファーム,"3,914.8",2009.0,2003.0,1997.0
2020103731,ミントマーク,牡,高橋一哉,,ルーラーシップ,2007103143,ローズノーブル,2009106088,ディープインパクト,2002100816,キャロットファーム,ノーザンファーム,"3,913.8",2007.0,2009.0,2002.0
2020103127,フラッパールック,牝,林徹,,イスラボニータ,2011103565,ワイルドフラッパー,2009105832,Ghostzapper,000a010525,吉田千津,社台ファーム,"3,912.8",2011.0,2009.0,2000.0
2020102641,ペンティメント,牡,嘉藤貴行,,レッドファルクス,2011104416,カイカヨソウ,2010104312,ティンバーカントリー,000a00035e,吉田和美,社台コーポレーション白老ファーム,"3,910.8",2011.0,2010.0,1992.0
2020103289,グランサバナ,セ,田村康仁,,ドレフォン,000a013b82,エンジェルフォール,2009106063,ジャングルポケット,1998101786,キャロットファーム,ノーザンファーム,"3,906.4",2013.0,2009.0,1998.0
2020102738,エールレヴリー,牝,武英智,,ダイワメジャー,2001103114,アイムオールレディセクシー,000a012f00,Ready's Image,000a011e56,佐伯由加理,社台ファーム,"3,901.0",2001.0,2010.0,2005.0
2020104452,マウンテンエース,牡,和田雄二,,ワールドエース,2009106353,ヤマガール,2010101709,ストーミングホーム,1998190003,西村新一郎,田原橋本牧場,"3,865.0",2009.0,2010.0,1998.0
2020101763,トーホウフランゴ,牝,高橋康之,,トーホウジャッカル,2011100482,トーホウディアーナ,2015101173,ノヴェリスト,000a012230,東豊物産,竹島幸治,"3,855.5",2011.0,2015.0,2009.0
2020105809,マイネルフォルツァ,牡,金成貴史,,ゴールドシップ,2009102739,ラッフォルツァート,2012100690,グラスワンダー,1995108676,サラブレッドクラブ・ラフィアン,ブルースターズファーム,"3,849.4",2009.0,2012.0,1995.0
2020103705,レッドロスタム,牡,国枝栄,,ロードカナロア,2008103552,レッドメデューサ,2009110039,Mr. Greeley,000a00213e,東京ホースレーシング,ノーザンファーム,"3,838.0",2008.0,2009.0,1992.0
2020102762,メインクーン,牝,林徹,,ハーツクライ,2001103038,イマーキュレイトキャット,000a0120cf,Storm Cat,000a001a98,Ｇ１レーシング,社台ファーム,"3,834.8",2001.0,2008.0,1983.0
2020103560,ジェモロジー,牝,橋口慎介,,ハービンジャー,000a011996,ファシネートダイア,2009106248,アグネスタキオン,1998101516,サンデーレーシング,ノーザンファーム,"3,831.3",2006.0,2009.0,1998.0
2020110130,ボールドゾーン,牡,木村哲也,,Mendelssohn,000a014f32,Halo Dolly,000a01c079,Popular,000a01c065,シルクレーシング,Spendthrift Farm LLC,"3,830.4",2015.0,2008.0,1999.0
2020102187,スマートケープ,牝,辻野泰之,,シニスターミニスター,000a011099,スマートノエル,2012102129,ヴァーミリアン,2002100877,大川徹,本間牧場,"3,828.8",2003.0,2012.0,2002.0
2020100341,ランプロン,牡,赤嶺本浩,,ベストウォーリア,2010110127,アクティフ,2012100870,ファスリエフ,000a00fc4c,武仲勝,平野牧場,"3,826.0",2010.0,2012.0,1997.0
2020101630,トノパー,牡,小久保智,,シルバーステート,2013105903,セシャルマン,2013100427,ワークフォース,000a011a7f,小田吉男,白井牧場,"3,821.0",2013.0,2013.0,2007.0
2020104051,グレートジャーニー,牡,小久保智,,ホッコータルマエ,2009100921,ネイビートウショウ,1999100686,アフリート,000a000013,密山根成,片岡博,"3,811.5",2009.0,1999.0,1984.0
2020101199,ロードプレイヤー,牡,尾形和幸,,グレーターロンドン,2012101402,ホオポノポノ,2010100214,タニノギムレット,1999100226,ロードホースクラブ,アイズスタッド,"3,809.6",2012.0,2010.0,1999.0
2020104864,タマモヴェナトル,牡,菊沢隆徳,,シニスターミニスター,000a011099,プティトシャンティ,2014105123,ダノンシャンティ,2007105709,タマモ,前田牧場,"3,805.1",2003.0,2014.0,2007.0
2020101590,トラベログ,牝,岩戸孝樹,,グレーターロンドン,2012101402,フィリス,2002105999,アフリート,000a000013,下河辺牧場,下河辺牧場,"3,793.2",2012.0,2002.0,1984.0
2020102564,ムーンプローブ,牝,宮地貴稔,,モーリス,2011100655,スマイリングムーン,2008102602,フジキセキ,1992109618,吉田晴哉,追分ファーム,"3,783.7",2011.0,2008.0,1992.0
2020105415,タカネノハナコサン,牝,緒方努,,カレンブラックヒル,2009106230,ジャムトウショウ,2007100625,デザートキング,000a0000e7,三宅勝俊,つつみ牧場,"3,780.0",2009.0,2007.0,1994.0
2020103086,カレンアルカンタラ,牡,佐藤裕太,,エスポワールシチー,2005102837,ラセレシオン,2012104126,ゼンノロブロイ,2000101517,鈴木隆司,社台ファーム,"3,777.0",2005.0,2012.0,2000.0
2020101492,シンリンゲンカイ,牝,田中守,,ロージズインメイ,000a010a10,クロスオーバー,2011101925,サウスヴィグラス,1996110138,酒井孝敏,サンシャイン牧場,"3,767.0",2000.0,2011.0,1996.0
2020103670,ショウナンハクウン,牡,大竹正博,,ダイワメジャー,2001103114,ラッドルチェンド,2010104341,Danehill Dancer,000a002309,国本哲秀,ノーザンファーム,"3,762.0",2001.0,2010.0,1993.0
2020101610,ルージュアズライト,牝,森一誠,,リオンディーズ,2013105915,レッドセシリア,2010104124,ハーツクライ,2001103038,東京ホースレーシング,下河辺牧場,"3,756.1",2013.0,2010.0,2001.0
2020105540,アルムエアフォルク,牝,平田修,,シャンハイボビー,000a0127e4,タガノトリオンフ,2012100505,ワイルドラッシュ,000a0003a1,崎川美枝子,新冠タガノファーム,"3,756.0",2010.0,2012.0,1994.0
2020103456,ナヴォーナ,牡,矢作芳人,,ロードカナロア,2008103552,セリエンホルデ,000a0142f1,Soldier Hollow,000a0102ff,ラ・メール,ノーザンファーム,"3,748.6",2008.0,2013.0,2000.0
2020101655,マンダリンボレロ,牡,伊藤伸一,,スピルバーグ,2009105961,ジャーメイン,2013100621,アドマイヤムーン,2003102991,田頭勇貴,白瀬盛雄,"3,747.1",2009.0,2013.0,2003.0
2020105789,ヴァイルマティ,牝,鹿戸雄一,,ゴールドシップ,2009102739,マイネヌーヴェル,2000102605,ブライアンズタイム,000a000082,サラブレッドクラブ・ラフィアン,ビッグレッドファーム,"3,728.6",2009.0,2000.0,1985.0
2020103679,ダニーデン,牡,辻哲英,,リアルスティール,2012104889,リアリサトリス,000a011dd1,Numerous,000a002191,吉田和美,ノーザンファーム,"3,722.7",2012.0,2008.0,1991.0
2020100686,ジョリダム,牝,武英智,,カレンブラックヒル,2009106230,マイダイナマイト,1997103952,ダイナマイトダディ,1988107348,桑田牧場,桑田牧場,"3,718.9",2009.0,1997.0,1988.0
2020103545,エンデミズム,牡,鹿戸雄一,,ロードカナロア,2008103552,ビッシュ,2013106013,ディープインパクト,2002100816,窪田芳郎,ノーザンファーム,"3,707.9",2008.0,2013.0,2002.0
2020103682,フラミニア,牝,森一誠,,モーリス,2011100655,リミニ,2014106143,ディープインパクト,2002100816,シルクレーシング,ノーザンファーム,"3,706.0",2011.0,2014.0,2002.0
2020104845,ギーロカスタル,牡,伊藤大士,,マインドユアビスケッツ,000a01392e,エナチャン,2012104566,キンシャサノキセキ,2003110212,桑畑夏美,前谷武志,"3,701.7",2013.0,2012.0,2003.0
2020110079,アマルナ,牝,東田明士,,American Pharoah,000a012aad,Minks Aprise,000a01bcf2,Northern Afleet,000a010a96,カナヤマホールディングス,Buck Pond Farm Inc.,"3,693.2",2012.0,2012.0,1993.0
2020103772,エイトスターズ,牝,坂口智康,,ジャスタウェイ,2009106461,インザスポットライト,000a013e80,Exceed And Excel,000a010a61,武田修,レイクヴィラファーム,"3,689.0",2009.0,2014.0,2000.0
2020103074,ディアサクセサー,セ,手島勝利,,モーリス,2011100655,メジャーフォルム,2012104340,ダイワメジャー,2001103114,ＫＨレーシング,社台ファーム,"3,689.0",2011.0,2012.0,2001.0
2020106750,シルヴァーゴースト,牝,真島二也,,トビーズコーナー,000a011fed,アンヌ,2014103412,タイキシャトル,1994109686,ブルースターズファーム,中島牧場,"3,668.8",2008.0,2014.0,1994.0
2020102317,サイモンブーケ,牝,梅田智之,,ダイワメジャー,2001103114,サイモンガーランド,2009103158,ロージズインメイ,000a010a10,澤田昭紀,ヤナガワ牧場,"3,660.1",2001.0,2009.0,2000.0
2020105495,ニシノパプルブリリ,牝,加藤和宏,,ディープブリランテ,2009105084,ニシノクローバー,2012105623,アドマイヤオーラ,2004102987,西山茂行,中山高鹿康,"3,657.0",2009.0,2012.0,2004.0
2020105803,マイネルラッシュ,牡,水野貴広,,ダイワメジャー,2001103114,ワンダフルラッシュ,2013102671,バゴ,2001190004,サラブレッドクラブ・ラフィアン,ビッグレッドファーム,"3,656.6",2001.0,2013.0,2001.0
2020106900,アームテイル,牝,和田勇介,,ダノンバラード,2008103548,メイショウアサツユ,2011106064,タイキシャトル,1994109686,三嶋牧場,三嶋牧場,"3,652.3",2008.0,2011.0,1994.0
2020103246,ウィンターダフネ,牝,国枝栄,,ブラックタイド,2001103312,ウィンターコスモス,2007103360,キングカメハメハ,2001103460,金子真人ホールディングス,ノーザンファーム,"3,652.0",2001.0,2007.0,2001.0
2020103413,ダノントルネード,牡,中内田充,,ハーツクライ,2001103038,シーウィルレイン,000a014389,Manhattan Rain,000a013e2c,ダノックス,ノーザンファーム,"3,649.0",2001.0,2014.0,2006.0
2020104259,ミヤビブレイブ,牝,小島茂之,,ハービンジャー,000a011996,ミヤビグレイス,2007101118,キングカメハメハ,2001103460,村上義勝,静内白井牧場,"3,641.2",2006.0,2007.0,2001.0
2020105643,プメハナ,牝,鮫島一歩,,エスケンデレヤ,000a012cc0,ピンウィール,2009105012,キングカメハメハ,2001103460,ノースヒルズ,ノースヒルズ,"3,638.0",2007.0,2009.0,2001.0
2020106953,ダスク,牡,宮本博,,シニスターミニスター,000a011099,フォルクスオーパー,2006102334,テイエムオペラオー,1996100292,吉澤ホールディングス,宮内牧場,"3,636.7",2003.0,2006.0,1996.0
2020100583,レイズカイザー,セ,田村康仁,,ヘニーヒューズ,000a011155,バイカターキン,2013102789,エンパイアメーカー,000a010542,吉井盛治,梅田牧場,"3,634.0",2003.0,2013.0,2000.0
2020101575,サザーランド,牝,小林真也,,ダイワメジャー,2001103114,ターキー,2003106086,Sinndar,000a002329,下河辺牧場,下河辺牧場,"3,633.0",2001.0,2003.0,1997.0
2020103920,フェミナフォルテ,牝,小島茂之,,エピファネイア,2010104155,ナンヨーユナ,2010104266,ジャングルポケット,1998101786,ノルマンディーサラブレッドレーシング,岡田スタッド,"3,630.2",2010.0,2010.0,1998.0
2020100446,イトカワサクラ,牝,牧田和弥,,ゴールドシップ,2009102739,カワカミサクラ,000a013646,Danehill Dancer,000a002309,二口雅一,三石川上牧場,"3,629.1",2009.0,2013.0,1993.0
2020105991,ヴァンドゥラン,牡,藤野健太,,フリオーソ,2004106867,ロイヤルクリッパー,2006102748,アグネスタキオン,1998101516,ノルマンディーサラブレッドレーシング,村上牧場,"3,626.8",2004.0,2006.0,1998.0
2020109094,ナスノカンゲツ,牡,武井亮,,ダイワメジャー,2001103114,フリスコベイ,2009110062,Hard Spun,000a0116a1,那須野牧場,恵比寿興業株式会社那須野牧場,"3,618.0",2001.0,2009.0,2004.0
2020106934,エナジーポコアポコ,牡,繁田健一,,ビーチパトロール,000a0141f9,エナジーハート,2007101822,サクラバクシンオー,1989108341,北側雅司,宮内牧場,"3,617.0",2013.0,2007.0,1989.0
2020101927,ブルグミューラー,牡,小久保智,,ダノンバラード,2008103548,フセノブルース,2009102754,ストラヴィンスキー,000a00fa41,国田正忠,豊郷牧場,"3,615.5",2008.0,2009.0,1996.0
2020104561,タイガースパーク,牡,大橋勇樹,,リオンディーズ,2013105915,アビイロード,2014103564,ストリートセンス,000a0113a2,伊藤和夫,友田牧場,"3,610.6",2013.0,2014.0,2004.0
2020110132,ティルドーン,牡,小久保智,,Mor Spirit,000a01c066,Follow My Tail,000a01c07f,Indian Charlie,000a00fcd8,藤田晋,Brad King,"3,598.2",2013.0,2008.0,1995.0
2020103463,サトノトルネード,牡,国枝栄,,ハーツクライ,2001103038,タイタンクイーン,000a012321,Tiznow,000a00fa4b,里見治,ノーザンファーム,"3,597.5",2001.0,2005.0,1997.0
2020106836,マテンロウジョイ,牡,四位洋文,,ハービンジャー,000a011996,パッショナルダンス,2002103275,サンデーサイレンス,000a00033a,寺田千代乃,丸幸小林牧場,"3,593.0",2006.0,2002.0,1986.0
2020103179,ウインドフレイバー,牡,繁田健一,,マクフィ,000a011c77,クリスチャンパール,2006102531,シンボリクリスエス,1999110099,尾田信夫,習志野牧場,"3,583.0",2007.0,2006.0,1999.0
2020106352,ヨリマル,牡,上村洋行,,リアルスティール,2012104889,テイエムオーシャン,1998102673,ダンシングブレーヴ,000a0000cc,辻子依旦,川越ファーム,"3,581.2",2012.0,1998.0,1983.0
2020103450,ピピオラ,牝,武幸四郎,,モーリス,2011100655,スルージエアー,2006103400,ダンスインザダーク,1993109188,ストレートレーシング,ノーザンファーム,"3,571.6",2011.0,2006.0,1993.0
2020100435,ナイトオブバンド,牡,米谷康秀,,シャンハイボビー,000a0127e4,ナイトオブドバイ,000a012f7e,Lord of England,000a0122be,程田真司,松本牧場,"3,567.0",2010.0,2008.0,2003.0
2020102326,サンライズプルート,牡,東田明士,,リオンディーズ,2013105915,テーオーヴィーナス,2009103146,ディープインパクト,2002100816,ライフハウス,ヤナガワ牧場,"3,563.0",2013.0,2009.0,2002.0
2020100678,アンテロース,牡,岡田稲男,,モーリス,2011100655,シャブリ,2014103781,ディープインパクト,2002100816,インゼルレーシング,桑田牧場,"3,561.7",2011.0,2014.0,2002.0
2020102535,トーセントラム,牡,佐藤吉勝,,ヴァンキッシュラン,2013105718,ローザデルドバイ,000a0142a6,Dubai Destination,000a010a60,島川隆哉,エスティファーム,"3,559.6",2013.0,2005.0,1999.0
2020102932,タロントゥーズ,牡,大久保龍,,ダイワメジャー,2001103114,ダイワダッチェス,2013105601,ワークフォース,000a011a7f,前田晋二,社台ファーム,"3,558.0",2001.0,2013.0,2007.0
2020105073,ガットネロ,牝,東田明士,,アメリカンペイトリオット,000a013bba,ブラックシュガー,2012100093,ブラックタイド,2001103312,山口敦広,大狩部牧場,"3,556.5",2013.0,2012.0,2001.0
2020102672,メイクアスナッチ,牝,武市康男,,ルーラーシップ,2007103143,スナッチマインド,2011103620,ディープインパクト,2002100816,シルクレーシング,社台コーポレーション白老ファーム,"3,552.0",2007.0,2011.0,2002.0
2020107182,コアリオ,牝,栗田裕光,,モンテロッソ,000a011b05,ビューティサン,2009101650,フジキセキ,1992109618,山室正之,川上悦夫,"3,550.5",2007.0,2009.0,1992.0
2020104725,モーメントキャッチ,牡,松山将樹,,モーリス,2011100655,シュシュブリーズ,2011103661,フジキセキ,1992109618,ＹＧＧホースクラブ,藤沢牧場,"3,543.6",2011.0,2011.0,1992.0
2020105049,ハヤブサジェット,セ,青木孝文,,ダノンレジェンド,2010110102,エメンタールベルン,2013100585,ディープスカイ,2005101358,鈴木正浩,岩見牧場,"3,537.8",2010.0,2013.0,2005.0
2020105761,マイネルカーライル,牡,西園正都,,Bayern,000a012900,サイレンスイズゴールド,000a0163e0,アグネスゴールド,1998101530,サラブレッドクラブ・ラフィアン,ビッグレッドファーム,"3,534.4",2011.0,2014.0,1998.0
2020106205,メイショウクーガー,牡,中内田充,,メイショウボーラー,2001100650,メイショウゴウヒメ,2008101553,ジャングルポケット,1998101786,松本好隆,赤田牧場,"3,533.0",2001.0,2008.0,1998.0
2020100498,ブライトファントム,牡,藤ケ崎一,,カレンブラックヒル,2009106230,マプチートカーユ,2015105574,フレンチデピュティ,000a00013a,豊原純弥,明治牧場,"3,532.6",2009.0,2015.0,1992.0
2020103668,マチカゼ,牡,伊藤和忍,,ロードカナロア,2008103552,ラスティングソング,2007103282,フジキセキ,1992109618,福原聡,ノーザンファーム,"3,530.5",2008.0,2007.0,1992.0
2020106166,ヒルズカーン,牡,松永康利,,ダノンバラード,2008103548,ドクトルコスモ,2009100144,オレハマッテルゼ,2000101550,湯澤寛,清水誠一,"3,526.0",2008.0,2009.0,2000.0
2020105574,ラビュリントス,牝,田中淳司,,キンシャサノキセキ,2003110212,ブリトマルティス,2004101213,スペシャルウィーク,1995103211,キャロットファーム,新冠橋本牧場,"3,524.0",2003.0,2004.0,1995.0
2020105732,マホロバ,牡,和田正一,,キズナ,2010105827,シアージュ,2010110073,Raven's Pass,000a011d04,ノースヒルズ,平山牧場,"3,517.2",2010.0,2010.0,2005.0
2020110104,ラップスター,牡,森秀行,,Justify,000a013f2d,Guest House,000a01bde4,Ghostzapper,000a010525,藤田晋,Hartmut H. Malluche & Silesia Farm,"3,510.0",2015.0,2008.0,2000.0
2020105957,ダズリングダンス,セ,小椋研介,,タイセイレジェンド,2007103199,サンバダンサー,2014103103,アドマイヤマックス,1999107004,京都ホースレーシング,村上進治,"3,504.4",2007.0,2014.0,1999.0
2020107143,ウイニンググレイス,セ,河嶋宏樹,,ダノンレジェンド,2010110102,ユリオプスデイジー,2009103905,フジキセキ,1992109618,杉元四男,村上進治,"3,492.1",2010.0,2009.0,1992.0
2020106694,ヴァイザーバルコ,セ,水野貴広,,ゴールドシップ,2009102739,カレイメモワール,2009103099,アドマイヤムーン,2003102991,ディアレストクラブ,ディアレストクラブ,"3,485.4",2009.0,2009.0,2003.0
2020104087,グランツベリー,牝,田中克典,,エイシンフラッシュ,2007102951,ラズベリータイム,2003104385,フジキセキ,1992109618,広尾レース,木村秀則,"3,475.5",2007.0,2003.0,1992.0
2020104676,マイレーヌ,牝,大和田成,,ロゴタイプ,2010103783,ユキノクイーン,2006101447,タイキシャトル,1994109686,小関昭次,服部牧場,"3,461.5",2010.0,2006.0,1994.0
2020106623,ゴキゲンサン,牝,伊藤大士,,リアルインパクト,2008103244,マチャプチャレ,2013103474,ヨハネスブルグ,000a0103b9,ニッシンホールディングス,チェスナットファーム,"3,460.8",2008.0,2013.0,1999.0
2020102679,アニトラ,牝,矢嶋大樹,,ロードカナロア,2008103552,ソルヴェイグ,2013105357,ダイワメジャー,2001103114,Ｇ１レーシング,社台コーポレーション白老ファーム,"3,454.0",2008.0,2013.0,2001.0
2020102323,ノレッジビューティ,牝,上村洋行,,キタサンブラック,2012102013,タッチオブパラダイス,000a013e39,Frankel,000a01239b,ヤナガワ牧場,ヤナガワ牧場,"3,451.5",2012.0,2014.0,2008.0
2020106338,ソレイユヴィータ,牝,杉山晴紀,,スクリーンヒーロー,2004103328,スターペスミツコ,2002102806,カーネギー,000a000093,杉山忠国,鎌田正嗣,"3,450.9",2004.0,2002.0,1991.0
2020105149,サイレンスゴールド,牡,杉山佳明,,コパノリッキー,2010106548,フォーマルアプローバル,000a011796,Kingmambo,000a001d7e,辻子依旦,川島牧場,"3,430.2",2010.0,2002.0,1990.0
2020103393,ダルエスサラーム,牝,秋山真一,,ダイワメジャー,2001103114,ザズー,000a012061,Tapit,000a011248,サンデーレーシング,ノーザンファーム,"3,424.9",2001.0,2008.0,2001.0
2020103369,パンデアスカル,牡,小椋研介,,モーリス,2011100655,コルコバード,2013105816,ステイゴールド,1994108729,キャロットファーム,ノーザンファーム,"3,420.8",2011.0,2013.0,1994.0
2020107081,クリノクリスタル,牝,大橋勇樹,,ブラックタイド,2001103312,クリスタルキャノン,2013104481,クロフネ,1998110135,栗本守,浜本牧場,"3,415.0",2001.0,2013.0,1998.0
2020103316,スペキオサレジーナ,牝,森一誠,,ルーラーシップ,2007103143,カンデラ,2012104905,ダイワメジャー,2001103114,ＭＯＭＯレーシング,ノーザンファーム,"3,407.0",2007.0,2012.0,2001.0
2020105228,ジョウショーパワー,牡,雑賀正光,,バンドワゴン,2011104010,ジョウショーコトミ,2008105737,リンカーン,2000101561,熊田義孝,五丸農場,"3,394.0",2011.0,2008.0,2000.0
2020101217,アスクドリームモア,牡,藤原英昭,,キズナ,2010105827,マリンフェスタ,2003105699,サクラバクシンオー,1989108341,廣崎利洋ＨＤ,天羽牧場,"3,391.6",2010.0,2003.0,1989.0
2020103955,ルーチェロッサ,牝,粕谷昌央,,ビーチパトロール,000a0141f9,ルミナスレッド,2009103350,トーセンダンス,2002100594,ノルマンディーサラブレッドレーシング,岡田スタッド,"3,385.3",2013.0,2009.0,2002.0
2020110153,グレートサンドシー,牡,中内田充,,Into Mischief,000a0125a7,Game for More,000a01c0d7,More Than Ready,000a00fcdd,山紫水明,H. Allen Poindexter,"3,383.9",2005.0,2003.0,1997.0
2020104041,キタサンベレーザ,牝,米田英世,,ヘニーヒューズ,000a011155,キタサングラシアス,2014102426,キングヘイロー,1995104427,大野商事,カタオカステーブル,"3,362.5",2003.0,2014.0,1995.0
2020105734,オーバーザドリーム,牡,清水久詞,,ヘニーハウンド,2008110097,マザーレイク,2002102287,サンデーサイレンス,000a00033a,槙和美,平山牧場,"3,358.0",2008.0,2002.0,1986.0
2020101913,タカサンフェイス,牡,森田直行,,ゴールドシップ,2009102739,ウッドシップ,2008105827,クロフネ,1998110135,ＳＴレーシング,出口牧場,"3,356.2",2009.0,2008.0,1998.0
2020103795,ネイビースター,セ,林徹,,ドゥラメンテ,2012104511,メジロマリアン,2006102668,メジロベイリー,1998101457,保坂和孝,レイクヴィラファーム,"3,352.0",2012.0,2006.0,1998.0
2020101649,ミッキースピナッチ,牡,新井清重,,ミッキーアイル,2011103916,ミッキーオリーブ,2007103134,クロフネ,1998110135,酒井孝敏,白井牧場,"3,350.0",2011.0,2007.0,1998.0
2020102188,ルーカスミノル,牡,本田優,,シャンハイボビー,000a0127e4,セラミックアート,2010103684,フジキセキ,1992109618,吉岡輝美,本間牧場,"3,346.3",2010.0,2010.0,1992.0
2020102636,アンスリウム,牝,加藤征弘,,リアルスティール,2012104889,エクストラペトル,2012104080,キングカメハメハ,2001103460,キャロットファーム,社台コーポレーション白老ファーム,"3,345.6",2012.0,2012.0,2001.0
2020103045,マサハヤウォルズ,牡,今野貞一,,マインドユアビスケッツ,000a01392e,ペイフォワード,2015104465,ディープインパクト,2002100816,ドリーム＆Ｄｒｅａｍ,社台ファーム,"3,340.0",2013.0,2015.0,2002.0
2020106771,トモジャシーマ,セ,鈴木伸尋,,シャンハイボビー,000a0127e4,ステラーホープ,2005107027,グラスワンダー,1995108676,吉冨朝美,日進牧場,"3,339.1",2010.0,2005.0,1995.0
2020103642,スカーズ,牡,安部幸夫,,サトノアラジン,2011104063,ムーングロウ,000a013897,Nayef,000a01056f,梅ケ枝容晃,ノーザンファーム,"3,336.4",2011.0,2009.0,1998.0
2020105299,リアライズ,牡,石橋守,,シルバーステート,2013105903,ネーラペルレ,2011109239,キングカメハメハ,2001103460,ＧＥＴＮＥＸＴ,須崎牧場,"3,333.5",2013.0,2011.0,2001.0
2020100950,ゼウスビスティー,牡,佐々木清,,シニスターミニスター,000a011099,プリマビスティー,2007102282,プリサイスエンド,000a00fe9b,秋本竹子,伏木田牧場,"3,333.0",2003.0,2007.0,1997.0
2020103329,ローレルキャニオン,牡,加藤公太,,ジャスタウェイ,2009106461,キャンプロック,000a01388c,Myboycharlie,000a012464,サンデーレーシング,ノーザンファーム,"3,332.4",2009.0,2013.0,2005.0
2020106191,ブレイブアモーレ,牡,佐々木国,,バンブーエール,2003104100,オーミパドドゥ,2013102010,マーベラスサンデー,1992103687,岩崎僖澄,山本和彦,"3,325.6",2003.0,2013.0,1992.0
2020100189,アレクサ,牡,永田幸宏,,リアルスティール,2012104889,アルテーロ,2014105908,ハービンジャー,000a011996,エクワインレーシング,佐藤鉄也,"3,316.8",2012.0,2014.0,2006.0
2020100948,ウォーターリーダー,牡,藤野健太,,ルーラーシップ,2007103143,ウォーターラボ,2012103929,マンハッタンカフェ,1998101554,山岡正人,伏木田牧場,"3,313.0",2007.0,2012.0,1998.0
2020105796,ペリプルス,牡,佐藤吉勝,,ゴールドシップ,2009102739,マイネリベルタス,2011105180,コンデュイット,2005190006,ビッグレッドファーム,ビッグレッドファーム,"3,311.6",2009.0,2011.0,2005.0
2020110020,コレクテイニア,牡,戸田博文,,Collected,000a013d74,ダンスウィズキトゥン,000a0143eb,Kitten's Joy,000a0119b3,Ｇ１レーシング,Shadai Corporation,"3,308.0",2013.0,2010.0,2001.0
2020105093,ミルトプライム,牡,保利良平,,エスポワールシチー,2005102837,ダームドゥラック,2009101577,シンボリクリスエス,1999110099,永山勝敏,オリエント牧場,"3,306.5",2005.0,2009.0,1999.0
2020100781,キングオブザナイル,牡,安部幸夫,,マインドユアビスケッツ,000a01392e,ヴェネーノ,2014102125,ディープインパクト,2002100816,梅ケ枝容晃,鮫川啓一,"3,303.5",2013.0,2014.0,2002.0
2020105813,マーゴットレーヴ,牝,伊坂重信,,エスポワールシチー,2005102837,シリカ,2013102122,メイショウボーラー,2001100650,前田良平,プログレスファーム,"3,300.0",2005.0,2013.0,2001.0
2020106963,アンタノバラード,牝,伊藤大士,,ダノンバラード,2008103548,ヴァップ,2009100845,ストーミングホーム,1998190003,ミルファーム,ミルファーム,"3,298.0",2008.0,2009.0,1998.0
2020102229,リシャールケリー,牡,茶木太樹,,ビッグアーサー,2011103328,リシャールサーバー,2011100918,フサイチリシャール,2003102955,水谷美穂,槇本牧場,"3,295.0",2011.0,2011.0,2003.0
2020103653,ガールズレジェンド,牝,上原佑紀,,ロードカナロア,2008103552,モルガナイト,2006103262,アグネスデジタル,1997110025,レッドマジック,ノーザンファーム,"3,284.4",2008.0,2006.0,1997.0
2020100319,アイゴールド,牝,鹿沼良和,,スマートファルコン,2005100097,アリーペデ,2006106569,タニノギムレット,1999100226,ライフエンタープライズ,沼田照秋,"3,282.0",2005.0,2006.0,1999.0
2020105183,ウインルピナス,牝,鈴木伸尋,,ゴールドシップ,2009102739,イクスキューズ,2004100763,ボストンハーバー,000a00007c,ウイン,コスモヴューファーム,"3,278.0",2009.0,2004.0,1994.0
2020102793,ルーラーリッチ,セ,小島茂之,,ルーラーシップ,2007103143,エバーキュート,2012104360,チチカステナンゴ,000a011135,宇田豊,社台ファーム,"3,270.0",2007.0,2012.0,1998.0
2020103632,スイミーユニバンス,牝,平田修,,ドゥラメンテ,2012104511,マンビア,000a012f86,アルデバランII,000a010541,亀井哲也,ノーザンファーム,"3,267.0",2012.0,2008.0,1998.0
2020103554,ラスハンメル,牡,松永幹夫,,シルバーステート,2013105903,ピンクアリエス,2007103297,キングカメハメハ,2001103460,キャロットファーム,ノーザンファーム,"3,263.9",2013.0,2007.0,2001.0
2020100492,スギノプリンセス,牝,田中正二,,ダンカーク,000a012185,スギノエンプレス,2014101387,エンパイアメーカー,000a010542,（株）ＴＳホールディ,明治牧場,"3,256.6",2006.0,2014.0,2000.0
2020105794,マイネルラウレア,牡,宮徹,,ゴールドシップ,2009102739,マイネボヌール,2009105146,ロージズインメイ,000a010a10,サラブレッドクラブ・ラフィアン,ビッグレッドファーム,"3,256.1",2009.0,2009.0,2000.0
2020103293,フェザーモチーフ,セ,武井亮,,ハーツクライ,2001103038,オーサムフェザー,000a0124d0,Awesome of Course,000a0123ea,シルクレーシング,ノーザンファーム,"3,255.9",2001.0,2008.0,2000.0
2020101574,ギョウネン,牝,竹内正洋,,オルフェーヴル,2008102636,タイキオードリー,2006105475,キングカメハメハ,2001103460,由井健太郎,下河辺牧場,"3,255.2",2008.0,2006.0,2001.0
2020107106,メーサンデュラント,牡,月岡健二,,エスポワールシチー,2005102837,トーセンペンネ,2016103855,Poet's Voice,000a012051,後藤泰彦,坂本智広,"3,245.5",2005.0,2016.0,
2020106821,ピースフルナイト,牝,畑端省吾,,ファインニードル,2013100612,フロレンティナ,2009106503,クロフネ,1998110135,大樹ファーム,ビクトリーホースランチ,"3,241.0",2013.0,2009.0,1998.0
2020100696,ドラケン,牡,堀千亜樹,,エイシンフラッシュ,2007102951,ケンアマツカゼ,2005104974,マーベラスサンデー,1992103687,中西宏彰,ケンブリッジバレー,"3,237.5",2007.0,2005.0,1992.0
2020104046,ダイリュウホマレ,牝,橋口慎介,,ヘニーヒューズ,000a011155,ダイリュウビーナス,2011101850,ディープスカイ,2005101358,大野龍,カタオカステーブル,"3,230.0",2003.0,2011.0,2005.0
2020103543,ホウオウカブキ,牡,田中博康,,ジャスタウェイ,2009106461,ビキニブロンド,2009106375,キングカメハメハ,2001103460,小笹芳央,ノーザンファーム,"3,230.0",2009.0,2009.0,2001.0
2020106409,ペプチドハドソン,牡,野口寛仁,,モーリス,2011100655,ペプチドルビー,2005104018,コロナドズクエスト,000a0000b5,沼川瀧子,杵臼牧場,"3,224.0",2011.0,2005.0,1995.0
2020103419,カナウ,牡,渡辺和雄,,リアルスティール,2012104889,シーズオールエルティッシュ,000a011564,Eltish,000a0114fa,江馬由将,ノーザンファーム,"3,220.4",2012.0,2005.0,1992.0
2020101465,フクノブルジュ,牡,池田忠好,,フリオーソ,2004106867,ネビュラ,2011100555,ネオユニヴァース,2000101426,原久美子,ケイズ,"3,216.7",2004.0,2011.0,2000.0
2020100606,タナサンブラック,牡,伊坂重信,,キタサンブラック,2012102013,スピニングレディ,000a013867,Hard Spun,000a0116a1,田中俊彰,大島牧場,"3,216.2",2012.0,2009.0,2004.0
2020105877,ラヴィアン,牝,保利良平,,リオンディーズ,2013105915,ハニードント,2011102872,クロフネ,1998110135,薪浦州平,松浦牧場,"3,215.0",2013.0,2011.0,1998.0
2020103595,ハイランドリンクス,牝,奥村豊,,ドゥラメンテ,2012104511,ヘアキティー,000a01294b,Wildcat Heir,000a011b14,吉田勝己,ノーザンファーム,"3,215.0",2012.0,2010.0,2000.0
2020101479,ゴールドボンド,牡,保利良平,,コパノリッキー,2010106548,バヤル,2010100391,フレンチデピュティ,000a00013a,村山忠弘,坂牧場,"3,214.5",2010.0,2010.0,1992.0
2020102982,ハーエクセレンシー,牝,大和田成,,ダイワメジャー,2001103114,ハーエミネンシー,000a013da7,Successful Appeal,000a010748,社台レースホース,社台ファーム,"3,214.1",2001.0,2012.0,1996.0
2020106104,ロアリングルックス,牡,橋本和馬,,ルックスザットキル,2012110078,サザンローマン,2015106446,ロードバリオス,2005104227,村田裕子,熊沢牧場,"3,213.5",2012.0,2015.0,2005.0
2020102800,オメガリッチマン,牡,安田翔伍,,イスラボニータ,2011103565,エルカラファテ,2015104264,ディープインパクト,2002100816,原禮子,社台ファーム,"3,211.0",2011.0,2015.0,2002.0
2020101121,ハッピーアズラリー,牝,安田翔伍,,ラブリーデイ,2010104298,エンドレスノット,2009106084,ディープインパクト,2002100816,金子真人ホールディングス,坂東牧場,"3,205.6",2010.0,2009.0,2002.0
2020103373,オープンファイア,牡,池江泰寿,,ディープインパクト,2002100816,ゴーマギーゴー,000a013db0,Ghostzapper,000a010525,長谷川祐司,ノーザンファーム,"3,205.0",2002.0,2013.0,2000.0
2020102594,ユアフラッシュ,牝,辻野泰之,,マジェスティックウォリアー,000a011e9c,ユアメモリー,2011103540,シンボリクリスエス,1999110099,Ｇ１レーシング,追分ファーム,"3,200.0",2005.0,2011.0,1999.0
2020106399,ユメハハテシナク,牡,石坂公一,,ダイワメジャー,2001103114,テイコフトウショウ,2010103061,タイキシャトル,1994109686,江口博美,杵臼牧場,"3,198.1",2001.0,2010.0,1994.0
2020107017,エイシンジェンマ,牝,中尾秀正,,コパノリチャード,2010106552,エイシンフレア,2011101841,エイシンデピュティ,2002102706,栄進堂,栄進牧場,"3,195.8",2010.0,2011.0,2002.0
2020102760,ビッグベルーガ,牡,牧浦充徳,,ハービンジャー,000a011996,イチオクノホシ,2009106042,ゼンノロブロイ,2000101517,谷掛龍夫,社台ファーム,"3,189.1",2006.0,2009.0,2000.0
2020103270,ダミエ,牡,武幸四郎,,キンシャサノキセキ,2003110212,エスメラルディーナ,2011110078,Harlan's Holiday,000a010cdf,キーファーズ,ノーザンファーム,"3,181.0",2003.0,2011.0,1999.0
2020102300,ワラ,牡,山中尊徳,,コパノリッキー,2010106548,ペロチャン,2012106329,サクラプレジデント,2000102261,吉木伸彦,門別山際牧場,"3,179.5",2010.0,2012.0,2000.0
2020101307,マルグリッド,牝,新子雅司,,フリオーソ,2004106867,レッドストリング,2006105445,シンボリクリスエス,1999110099,山本芳樹,ヴェルサイユファーム,"3,173.1",2004.0,2006.0,1999.0
2020107000,クレールジャック,牡,的場直之,,ノボジャック,1997110152,キョウエイボサツ,2012105663,オレハマッテルゼ,2000101550,太田匡哉,山口義彦,"3,172.5",1997.0,2012.0,2000.0
2020103338,ダノンボレロ,牡,堀宣行,,ドゥラメンテ,2012104511,クイーンビーII,000a012e2e,Le Havre,000a01198f,ダノックス,ノーザンファーム,"3,170.3",2012.0,2012.0,2006.0
2020100958,ミシェラドラータ,牡,打越勇児,,キンシャサノキセキ,2003110212,クリールソレイユ,2009105741,フレンチデピュティ,000a00013a,福盛訓之,丸村村下ファーム,"3,170.0",2003.0,2009.0,1992.0
2020100725,シンプリーオーサム,牡,吉岡辰弥,,ビッグアーサー,2011103328,シンプリーディヴァイン,000a011ddc,Grand Slam,000a0022b9,岡田牧雄,高昭牧場,"3,168.9",2011.0,2004.0,1995.0
2020103078,サイアンドコー,牡,荒山勝徳,,マインドユアビスケッツ,000a01392e,モレサンドニ,2010103973,フジキセキ,1992109618,青山洋一,社台ファーム,"3,167.0",2013.0,2010.0,1992.0
2020106572,パレルモ,牡,米田英世,,インカンテーション,2010104916,マンテラライ,000a013aa2,Catcher In The Rye,000a01372d,（有）ターフ・スポー,谷川牧場,"3,165.0",2010.0,2012.0,2000.0
2020106983,ネバレチュゴー,牡,金田一昌,,アメリカンペイトリオット,000a013bba,メランコリア,2012105638,プリサイスエンド,000a00fe9b,（有）ミルファーム,ミルファーム,"3,163.5",2013.0,2012.0,1997.0
2020104266,ブライトジュエリー,牝,橋口慎介,,エピファネイア,2010104155,エアパスカル,2005102706,ウォーエンブレム,000a00fa35,西村清子,静内ファーム,"3,152.4",2010.0,2005.0,1999.0
2020103405,フォトンブルー,セ,武幸四郎,,ハーツクライ,2001103038,シルヴァースカヤ,000a0117fe,Silver Hawk,000a0019b4,ＴＮレーシング,ノーザンファーム,"3,151.8",2001.0,2001.0,1979.0
2020105405,ダイヤモンドライン,牝,佐藤茂,,レインボーライン,2013106183,ラベンダーミント,2010103258,ブライアンズタイム,000a000082,大山良彦,対馬正,"3,146.9",2013.0,2010.0,1985.0
2020105949,ケンキョ,牡,高橋文雅,,ダノンレジェンド,2010110102,ブライアンズイブ,1999104262,ブライアンズタイム,000a000082,佐久間拓士,村上欽哉,"3,145.0",2010.0,1999.0,1985.0
2020104164,アネモス,牝,北出成人,,ビッグアーサー,2011103328,フェバリットガール,2006101512,ダンスインザダーク,1993109188,ゴールドアップ・カンパニー,ゴールドアップカンパニー,"3,144.6",2011.0,2006.0,1993.0
2020106174,キタノブライド,牝,福田真広,,マクフィ,000a011c77,ミニョンレーヌ,2013104340,ディープインパクト,2002100816,北所拓也,高村伸一,"3,139.2",2007.0,2013.0,2002.0
2020103556,ブルーペクトライト,牝,宮地貴稔,,サトノダイヤモンド,2013106101,ピースエンブレム,2006103166,ウォーエンブレム,000a00fa35,キャロットファーム,ノーザンファーム,"3,134.1",2013.0,2006.0,1999.0
2020105394,ブルマリンシェール,牡,佐野謙二,,ヴァンセンヌ,2009106525,シゲルアワオドリ,2012100403,ソングオブウインド,2003102461,吉田喜昭,中央牧場,"3,125.5",2009.0,2012.0,2003.0
2020100716,カネトシフラム,牝,大橋勇樹,,パイロ,000a01176a,カネトシビバーチェ,2011103410,キングカメハメハ,2001103460,兼松昌男,高昭牧場,"3,100.0",2005.0,2011.0,2001.0
2020103266,ウヴァロヴァイト,牝,萩原清,,サトノクラウン,2012104668,エイグレット,2000101618,サンデーサイレンス,000a00033a,池谷誠一,ノーザンファーム,"3,093.8",2012.0,2000.0,1986.0
2020106925,メイショウノブカ,牝,本田優,,シルバーステート,2013105903,ラッシュカッター,000a0116e1,Red Ransom,000a001c68,松本好雄,三嶋牧場,"3,092.6",2013.0,2006.0,1987.0
2020106770,ダディーズウォリア,牡,川西毅,,マジェスティックウォリアー,000a011e9c,シードオブハピネス,2011103850,ゼンノロブロイ,2000101517,吉野加壽代,日進牧場,"3,090.8",2005.0,2011.0,2000.0
2020104791,プウスカンドゥール,牝,坂口智康,,シャンハイボビー,000a0127e4,トレノトマト,2003105456,デヒア,000a0000df,廣崎双葉,藤原牧場,"3,087.8",2010.0,2003.0,1991.0
2020104898,サクセスバラード,牡,竹内正洋,,ダノンバラード,2008103548,ミスベルツリー,2006104843,アグネスデジタル,1997110025,ブルースターズファーム,見上牧場,"3,087.2",2008.0,2006.0,1997.0
2020102687,バックトゥザライト,牡,辻野泰之,,シニスターミニスター,000a011099,トリプルミッション,2012104306,ハービンジャー,000a011996,平井裕,社台コーポレーション白老ファーム,"3,085.0",2003.0,2012.0,2006.0
2020104306,スマートハンター,牡,中西達也,,シャンハイボビー,000a0127e4,スマートブローラ,2014100397,スマートファルコン,2005100097,（株）大川徹ホール,静内山田牧場,"3,083.0",2010.0,2014.0,2005.0
2020105361,エリンアキレウス,牡,入口由美,,ストロングリターン,2006102934,エリンズハープ,2009105751,ネオユニヴァース,2000101426,田頭勇貴,大栄牧場,"3,076.0",2006.0,2009.0,2000.0
2020100640,プラニスフェリオ,牡,牧浦充徳,,ドゥラメンテ,2012104511,プリオバーン,000a011dfb,Galileo,000a00232b,水上行雄,笠松牧場,"3,065.7",2012.0,2007.0,1998.0
2020101161,ミズワリヲクダサイ,牡,雑賀正光,,ヴァンセンヌ,2009106525,カラオケスナック,2013102708,スタチューオブリバティ,000a0109d5,内田玄祥,びらとり牧場,"3,065.5",2009.0,2013.0,2000.0
2020101567,サトノガレオン,セ,堀宣行,,ロードカナロア,2008103552,スウィーティーガール,000a013e15,Star Dabbler,000a013be8,里見治,下河辺牧場,"3,063.6",2008.0,2012.0,2003.0
2020106746,ベレザニーニャ,牝,小崎憲,,アメリカンペイトリオット,000a013bba,シウダニーニャ,2012110060,Leroidesanimaux,000a0115cc,一村哲也,富菜牧場,"3,060.9",2013.0,2012.0,2000.0
2020102262,ドゥラリアル,牡,天間昭一,,ドゥラメンテ,2012104511,イリデ,2008110111,Indian Charlie,000a00fcd8,藤田孟司,モリナガファーム,"3,060.0",2012.0,2008.0,1995.0
2020106413,レッドバレンティア,牡,矢嶋大樹,,リオンディーズ,2013105915,レッドマジュール,2012104859,ディープインパクト,2002100816,東京ホースレーシング,杵臼牧場,"3,053.5",2013.0,2012.0,2002.0
2020100905,エアポートライナー,牡,小久保智,,バンブーエール,2003104100,リベリーターン,2013103091,ヴァーミリアン,2002100877,小菅誠,バンブー牧場,"3,049.7",2003.0,2013.0,2002.0
2020103647,ダイヤモンドハンズ,牡,池江泰寿,,サトノダイヤモンド,2013106101,メチャコルタ,000a013924,El Corredor,000a010238,サンデーレーシング,ノーザンファーム,"3,047.0",2013.0,2012.0,1997.0
2020101162,カレンチャンキー,牝,小久保智,,アスカクリチャン,2007104599,カレンコティヤール,2011102991,ディープスカイ,2005101358,ブルーエクウス,びらとり牧場,"3,045.0",2007.0,2011.0,2005.0
2020106549,イデアユウシン,牡,松永康利,,ドレフォン,000a013b82,コウヨウマリア,2011105851,ダンスインザダーク,1993109188,益田修一,谷川牧場,"3,043.0",2013.0,2011.0,1993.0
2020103093,プレジャークルーズ,牝,大竹正博,,ダイワメジャー,2001103114,ランドオーバーシー,000a013da9,Bellamy Road,000a011cf9,吉田照哉,社台ファーム,"3,039.6",2001.0,2013.0,2002.0
2020103321,カナオールウェイズ,牡,菅原勲,,ロードカナロア,2008103552,ガリレオオールウェイズ,000a013715,Galileo,000a00232b,稲場澄,ノーザンファーム,"3,038.4",2008.0,2012.0,1998.0
2020106056,ポーチュラカ,牝,渋谷信博,,バンブーエール,2003104100,ラヴァンタージュ,2011104953,アドマイヤマックス,1999107004,嶋田佳幸,山岡牧場,"3,038.0",2003.0,2011.0,1999.0
2020106353,リリージェーン,牝,小手川準,,ヘニーヒューズ,000a011155,ハンナリト,2007101397,ネオユニヴァース,2000101426,馬目時宗,川越ファーム,"3,035.0",2003.0,2007.0,2000.0
2020104198,サイレンスタイム,牡,柏原誠路,,エスポワールシチー,2005102837,ストームトウショウ,2004104750,スターオブコジーン,1988109108,（株）京都ホースレー,坂本春雄,"3,035.0",2005.0,2004.0,1988.0
2020102185,アッティラ,牡,福永敏,,ジャスタウェイ,2009106461,ショコラーチ,2013100928,キンシャサノキセキ,2003110212,菊地温以,本間牧場,"3,021.0",2009.0,2013.0,2003.0
2020106209,メイショウコボケ,牝,本田優,,ダノンバラード,2008103548,メイショウワカクサ,2014103471,サマーバード,2006190002,松本好雄,赤田牧場,"3,020.0",2008.0,2014.0,2006.0
2020103044,リラックス,牡,久保田貴,,イスラボニータ,2011103565,ベストロケーション,2005102308,クロフネ,1998110135,中西純穂,社台ファーム,"3,020.0",2011.0,2005.0,1998.0
2020100684,マルベリーシチー,牡,奥平雅士,,サトノアラジン,2011104063,ベルミュール,2010102047,キングカメハメハ,2001103460,友駿ホースクラブ,桑田牧場,"3,020.0",2011.0,2010.0,2001.0
2020106051,セザンワールド,セ,蛯名利弘,,トゥザワールド,2011103975,ディアテイスティー,2008102080,ジャングルポケット,1998101786,瀬山孝一,山岡牧場,"3,017.5",2011.0,2008.0,1998.0
2020106941,スペンサーバローズ,牡,繁田健一,,ルーラーシップ,2007103143,ジュデッカ,2014105367,ディープインパクト,2002100816,猪熊広次,宮内牧場,"3,010.0",2007.0,2014.0,2002.0
2020110058,ホウキボシ,セ,堀宣行,,Zoustar,000a013f8e,La Collina,000a013e0d,Strategic Prince,000a01246a,ゴドルフィン,Kenilworth House Stud,"3,004.8",2010.0,2009.0,2004.0
2020105615,マスキュリン,牝,堀千亜樹,,ワンアンドオンリー,2011105072,エミナ,2002110035,デインヒル,000a0000d1,前田幸治,ノースヒルズ,"3,001.4",2011.0,2002.0,1986.0
2020100297,フライヤートゥルー,牡,宮川真衣,,リアルスティール,2012104889,アンジュエ,2010105828,アグネスタキオン,1998101516,冨谷昌弘,土居牧場,"3,000.5",2012.0,2010.0,1998.0
2020103979,モカラエース,牡,北野真弘,,ヤマカツエース,2012102774,オアシスクイーン,2014104352,シニスターミニスター,000a011099,村上憲政,岡田牧場,"2,992.5",2012.0,2014.0,2003.0
2020101337,コスモアバンサ,牡,清水英克,,リオンディーズ,2013105915,ヨウヨウ,2002105721,マヤノトップガン,1992102988,ビッグレッドファーム,沖田牧場,"2,990.1",2013.0,2002.0,1992.0
2020106727,システムリブート,牡,佐藤悠太,,キタサンブラック,2012102013,シャンテクレール,2011110058,Dubawi,000a0115e2,山口裕介,富田牧場,"2,982.4",2012.0,2011.0,2002.0
2020100151,スクルプトーリス,牝,松下武士,,ジャスタウェイ,2009106461,サッカーマム,000a010758,Kingmambo,000a001d7e,中村伊三美,ケイアイファーム,"2,954.2",2009.0,2000.0,1990.0
2020104491,ファームツエンティ,セ,北出成人,,キズナ,2010105827,ダノンエレガント,2009103862,ブライアンズタイム,000a000082,ウエストヒルズ,千代田牧場,"2,950.0",2010.0,2009.0,1985.0
2020102805,クロックフォード,セ,田島俊明,,ロードカナロア,2008103552,オメガインベガス,2010103917,スペシャルウィーク,1995103211,社台レースホース,社台ファーム,"2,950.0",2008.0,2010.0,1995.0
2020101803,カムランベイ,牡,宮川浩一,,タリスマニック,000a013425,コーズウェイベイ,2015101605,Hard Spun,000a0116a1,吉田一成,ダーレー・ジャパン・ファーム,"2,949.0",2013.0,2015.0,2004.0
2020105246,トモジャミ,牝,鈴木伸尋,,ヘニーヒューズ,000a011155,ヤマノローラ,2006104415,スペシャルウィーク,1995103211,吉冨学,佐藤牧場,"2,945.0",2003.0,2006.0,1995.0
2020104982,ヘンリー,牡,山下貴之,,ヘニーヒューズ,000a011155,ピカケレイ,2014105883,ディープブリランテ,2009105084,サイプレスホールディングス,秋田牧場,"2,942.5",2003.0,2014.0,2009.0
2020102929,フルングニル,牡,小手川準,,イスラボニータ,2011103565,ターフドンナ,000a014350,Doyen,000a010533,社台レースホース,社台ファーム,"2,938.2",2011.0,2012.0,2000.0
2020106680,サスケ,牡,西村真幸,,エピファネイア,2010104155,マラジニア,000a012f92,Whipper,000a0114a6,安原浩司,辻牧場,"2,926.1",2010.0,2008.0,2001.0
2020105285,ユリーシャ,牝,伊坂重信,,グレーターロンドン,2012101402,アンジェリカス,2013105497,ハービンジャー,000a011996,竹下佳利,スカイビーチステーブル,"2,926.1",2012.0,2013.0,2006.0
2020105542,ドンアチェカ,牡,田中一巧,,マジェスティックウォリアー,000a011e9c,タガノラヴキセキ,2008105144,フジキセキ,1992109618,山田容子,新冠タガノファーム,"2,926.0",2005.0,2008.0,1992.0
2020104942,シルフィードレーヴ,牝,西園正都,,アメリカンペイトリオット,000a013bba,キモンクイーン,2011102175,クロフネ,1998110135,山崎太嗣,田原橋本牧場,"2,924.1",2013.0,2011.0,1998.0
2020102993,シンゼンイズモ,牡,荒川義之,,エピファネイア,2010104155,ビジュアルショック,2007110052,Kingmambo,000a001d7e,原司郎,社台ファーム,"2,922.0",2010.0,2007.0,1990.0
2020103198,メイデンタワー,牝,稲垣幸雄,,ドレフォン,000a013b82,アゼリ,000a0117a2,ジェイドハンター,000a0001a6,サンデーレーシング,ノーザンファーム,"2,912.0",2013.0,1998.0,1984.0
2020103123,マルカブリッツ,牡,福永祐一,,エイシンフラッシュ,2007102951,ロイヤルネックレス,2006102954,シンボリクリスエス,1999110099,日下部猛,社台ファーム,"2,910.4",2007.0,2006.0,1999.0
2020103736,ハリケーンリッジ,牝,大和田成,,リアルスティール,2012104889,ワシントンレガシー,2014106109,クロフネ,1998110135,キャロットファーム,ノーザンファーム,"2,908.2",2012.0,2014.0,1998.0
2020104744,ノーブルアクト,牝,上原博之,,マクフィ,000a011c77,クイーンロイド,2009102024,ゼンノロブロイ,2000101517,芳賀滿男,フジワラファーム,"2,902.0",2007.0,2009.0,2000.0
2020102559,ナチュラルリバー,牡,宮地貴稔,,ルーラーシップ,2007103143,シナノネージュ,2006102742,フレンチデピュティ,000a00013a,吉田晴哉,追分ファーム,"2,898.0",2007.0,2006.0,1992.0
2020103502,トラストエムシー,牡,北出成人,,ブラックタイド,2001103312,トゥーピー,000a011a16,Intikhab,000a0022af,コスモ・コスモ,ノーザンファーム,"2,897.8",2001.0,2002.0,1994.0
2020101184,シャイニースイフト,牡,菊川正達,,ダノンバラード,2008103548,ブライティアスター,2011101158,ダイタクリーヴァ,1997105873,小林昌志,雅牧場,"2,893.0",2008.0,2011.0,1997.0
2020106737,メイショウコギク,牝,石橋守,,サトノクラウン,2012104668,メイショウミソラ,2012105428,ハーツクライ,2001103038,松本好雄,富田牧場,"2,889.8",2012.0,2012.0,2001.0
2020103910,レジェンドシップ,セ,佐藤悠太,,ゴールドシップ,2009102739,タニノハイクレア,2004104861,クロフネ,1998110135,ＤＭＭドリームクラブ,岡田スタッド,"2,887.0",2009.0,2004.0,1998.0
2020102195,ガウラ,牝,鈴木孝志,,ラニ,2013110045,カネスベネフィット,2001100658,Miswaki,000a0017b0,ケーエスＨＤ,前川義則,"2,883.0",2013.0,2001.0,1978.0
2020100714,オリビアジュテーム,牝,西田雄一,,トビーズコーナー,000a011fed,カネトシジュテーム,2014103799,キングズベスト,000a0022d2,高昭牧場,高昭牧場,"2,880.0",2008.0,2014.0,1997.0
2020104748,ファルコンミノル,牡,中舘英二,,ゴールドシップ,2009102739,ストライクルート,2010110002,Smart Strike,000a00211c,吉岡輝美,フジワラファーム,"2,878.0",2009.0,2010.0,1992.0
2020102940,ダンシングニードル,牝,斉藤崇史,,ファインニードル,2013100612,ダンシングワンダー,2012104264,グラスワンダー,1995108676,窪田芳郎,社台ファーム,"2,875.0",2013.0,2012.0,1995.0
2020101195,ゴルトリッチ,牡,牧浦充徳,,ビッグアーサー,2011103328,グロッタアズーラ,2007103011,フジキセキ,1992109618,前原敏行,アイズスタッド,"2,873.8",2011.0,2007.0,1992.0
2020105733,キャリーハピネス,牡,工藤真司,,ヤマカツエース,2012102774,フィーユ,2005105396,ダンスインザダーク,1993109188,徳田直樹,平山牧場,"2,872.9",2012.0,2005.0,1993.0
2020104091,カッティングジェム,牡,小崎憲,,シャンハイボビー,000a0127e4,ディキシーランドジェム,000a01115f,Dixieland Band,000a0017b2,ヒダカ・ブリーダーズ・ユニオン,キヨタケ牧場,"2,861.4",2010.0,2002.0,1980.0
2020101412,パープルナイト,牡,堀内岳志,,スクリーンヒーロー,2004103328,リボンティアラ,2013100217,アドマイヤムーン,2003102991,木村牧場,木村牧場,"2,860.0",2004.0,2013.0,2003.0
2020110076,メリタテス,牝,矢作芳人,,American Pharoah,000a012aad,Gem Gem,000a01bce7,Tapit,000a011248,広尾レース,Charles Fipke,"2,854.5",2012.0,2010.0,2001.0
2020106763,イデアミラーグロ,牡,鹿沼良和,,トビーズコーナー,000a011fed,メルシーミヨ,2007103854,アドマイヤボス,1997103699,益田修一,中脇満,"2,854.0",2008.0,2007.0,1997.0
2020100702,ジューンアース,牝,飯田祐史,,ルーラーシップ,2007103143,アグネスナチュラル,2006102875,サクラバクシンオー,1989108341,吉川潤,高昭牧場,"2,847.0",2007.0,2006.0,1989.0
2020101546,アドワン,牝,土屋洋之,,ストロングリターン,2006102934,カクシアジ,2011100360,スウェプトオーヴァーボード,000a00fa34,下河辺牧場,下河辺牧場,"2,846.0",2006.0,2011.0,1997.0
2020104520,アイルシャイン,セ,新谷功一,,ヴィクトワールピサ,2007102923,ベストオブミー,2005100613,ブライアンズタイム,000a000082,勝本竜二,千代田牧場,"2,840.0",2007.0,2005.0,1985.0
2020105735,フラフ,牡,松浦聡志,,ベストウォーリア,2010110127,マツリカ,2015100631,エンパイアメーカー,000a010542,中村忠彦,平山牧場,"2,837.5",2010.0,2015.0,2000.0
2020102443,リストン,牡,荒巻透,,ミッキーアイル,2011103916,ステファニーラン,2012103793,スウェプトオーヴァーボード,000a00fa34,和田博美,上水牧場,"2,834.4",2011.0,2012.0,1997.0
2020104750,リーゼノアール,セ,国枝栄,,エピファネイア,2010104155,スリーアロー,2011102545,アルデバランII,000a010541,嶋田一成,フジワラファーム,"2,833.2",2010.0,2011.0,1998.0
2020106388,ディアナゼロス,牝,土屋洋之,,ダンカーク,000a012185,キュイキュイ,2014105990,ハービンジャー,000a011996,山本国広,杵臼牧場,"2,824.0",2006.0,2014.0,2006.0
2020103663,シリンガバルガリス,セ,松永幹夫,,オルフェーヴル,2008102636,ライラックスアンドレース,000a011df8,Flower Alley,000a011d8c,サンデーレーシング,ノーザンファーム,"2,816.7",2008.0,2008.0,2002.0
2020101805,フィルムアクトレス,牝,石橋守,,スクリーンヒーロー,2004103328,サマリーズ,2010100704,Hard Spun,000a0116a1,ゴドルフィン,ダーレー・ジャパン・ファーム,"2,813.0",2004.0,2010.0,2004.0
2020100733,ティアップエックス,セ,細川忠義,,ドレフォン,000a013b82,ティアップレーヴ,2010100275,クロフネ,1998110135,上岡和男,高昭牧場,"2,813.0",2013.0,2010.0,1998.0
2020106491,メイショウジェンマ,牡,飯田祐史,,ホッコータルマエ,2009100921,メイショウキラリ,2009100470,マンハッタンカフェ,1998101554,松本好隆,松栄牧場,"2,810.0",2009.0,2009.0,1998.0
2020102741,アサクサヴィーナス,牝,高柳瑞樹,,モーリス,2011100655,アサクサティアラ,2010103956,ディープインパクト,2002100816,櫻井素子,社台ファーム,"2,810.0",2011.0,2010.0,2002.0
2020104960,トロピカルヒーロー,牡,根本康広,,ビッグアーサー,2011103328,トロピカルガーデン,2012102832,ハイアーゲーム,2001103160,田頭勇貴,奥山牧場,"2,806.0",2011.0,2012.0,2001.0
2020104318,オーラビルス,牡,工藤真司,,エスポワールシチー,2005102837,ラヴァリーズーム,2007100005,スキャン,000a000d69,高橋徳昭,静内山田牧場,"2,806.0",2005.0,2007.0,1988.0
2020102784,タリエシン,セ,金成貴史,,キンシャサノキセキ,2003110212,エヴァディングタンペット,000a011dcd,Dubai Destination,000a010a60,野田努,社台ファーム,"2,806.0",2003.0,2007.0,1999.0
2020101113,マンノライトニング,牡,安部幸夫,,トーセンラー,2008102985,マンノヴィクトリア,2008105195,トウカイテイオー,1988101025,萬野順啓,二風谷ファーム,"2,802.0",2008.0,2008.0,1988.0
2020100185,ノースプリマ,牝,水野貴史,,エスポワールシチー,2005102837,オタカラハッケン,2013102331,オペラハウス,000a000d77,斉藤秀文,坂本牧場,"2,798.5",2005.0,2013.0,1988.0
2020106547,クリーデンス,牝,山下貴之,,リアルスティール,2012104889,クールゼファー,2013110102,Street Cry,000a0103ba,橋元勇氣,谷川牧場,"2,795.0",2012.0,2013.0,1998.0
2020104553,パープルクラウド,牡,吉村圭司,,ドゥラメンテ,2012104511,パープル,000a01386c,Galileo,000a00232b,堂守貴志,飛野牧場,"2,791.1",2012.0,2009.0,1998.0
2020101808,ハワイアンタイム,セ,昆貢,,ロードカナロア,2008103552,ザマンダ,2011100544,コマンズ,000a011625,吉田勝利,ダーレー・ジャパン・ファーム,"2,790.0",2008.0,2011.0,1996.0
2020102439,ニジュウダンサー,牝,尾関知人,,ミッキーアイル,2011103916,カクタスペア,2007110005,Lion Heart,000a010ee2,前迫義幸,上水牧場,"2,789.8",2011.0,2007.0,2001.0
2020105637,ジグラート,セ,田中一巧,,ラニ,2013110045,ナギット,2012110057,Smart Strike,000a00211c,曽和由行,ノースヒルズ,"2,780.0",2013.0,2012.0,1992.0
2020103274,ロンシャンクイーン,牝,野中賢二,,ミッキーアイル,2011103916,エノラ,000a012f85,Noverre,000a0103cf,寺田寿男,ノーザンファーム,"2,770.0",2011.0,2007.0,1998.0
2020100711,リョウタスペシャル,牡,小沢宏次,,シニスターミニスター,000a011099,オールオールオール,2006100363,アグネスタキオン,1998101516,トーケンサービス,高昭牧場,"2,768.8",2003.0,2006.0,1998.0
2020102499,トーセンアウローラ,牡,尾形和幸,,マクマホン,000a0143ac,トーセンシャイニー,2012104518,ネオユニヴァース,2000101426,島川隆哉,エスティファーム,"2,767.0",2014.0,2012.0,2000.0
2020105670,タッチャブル,牡,中村直也,,リアルスティール,2012104889,フルボイス,2014105842,ルーラーシップ,2007103143,大塚亮一,ハクレイファーム,"2,764.0",2012.0,2014.0,2007.0
2020101468,フクノユリディズ,牡,田中一巧,,シニスターミニスター,000a011099,フクノドリーム,2011105841,ヨハネスブルグ,000a0103b9,福島祐子,ケイズ,"2,756.3",2003.0,2011.0,1999.0
2020105471,マンノステータス,牡,小野次郎,,ホッコータルマエ,2009100921,マンノアクトレス,2010106202,ハーツクライ,2001103038,萬野順啓,中本牧場,"2,756.0",2009.0,2010.0,2001.0
2020100683,カフェノワール,牝,池江泰寿,,ドゥラメンテ,2012104511,デプロマトウショウ,2009103950,ファスリエフ,000a00fc4c,石川達絵,桑田牧場,"2,753.0",2012.0,2009.0,1997.0
2020100897,ルソレイユ,牡,北出成人,,ビッグアーサー,2011103328,ヴェリーバンブー,2010102251,ファルブラヴ,1998190004,サクラターフィークラブ,バンブー牧場,"2,750.6",2011.0,2010.0,1998.0
2020101361,ルクバー,牡,川西毅,,キンシャサノキセキ,2003110212,エストレーラ,2006102976,シンボリクリスエス,1999110099,宮川保,賀張三浦牧場,"2,746.0",2003.0,2006.0,1999.0
2020100382,ニシノファンフェア,牡,和田勇介,,ホッコータルマエ,2009100921,ニシノメルモ,2007102503,スペシャルウィーク,1995103211,西山茂行,本桐牧場,"2,742.4",2009.0,2007.0,1995.0
2020103386,メモリーズオブユー,牡,高橋義忠,,エピファネイア,2010104155,サンエルピス,2011104024,キングカメハメハ,2001103460,三田昌宏,ノーザンファーム,"2,737.0",2010.0,2011.0,2001.0
2020102331,メイショウオトギ,牝,池添学,,レッドファルクス,2011104416,ヒガシドリーム,2013106396,ドリームジャーニー,2004102753,松本好雄,ヤナガワ牧場,"2,731.5",2011.0,2013.0,2004.0
2020103372,コスタレイ,牝,池上昌和,,ドゥラメンテ,2012104511,コーステッド,000a013daf,Tizway,2005190007,シルクレーシング,ノーザンファーム,"2,731.4",2012.0,2014.0,2005.0
2020103453,ダノンペドロ,セ,別府真司,,サトノダイヤモンド,2013106101,セットスクエア,000a013915,Reset,000a011657,組）志士十二組合,ノーザンファーム,"2,717.5",2013.0,2011.0,2000.0
2020103436,ネビュルーズ,牡,鹿戸雄一,,ジャスタウェイ,2009106461,スターズアンドクラウズ,000a01379f,マクフィ,000a011c77,インゼルレーシング,ノーザンファーム,"2,717.3",2009.0,2012.0,2007.0
2020105722,マカゼ,牝,高月賢一,,フリオーソ,2004106867,ユリカチャン,2006104785,ゴールドアリュール,1999106689,鈴木基容,パカパカファーム,"2,716.5",2004.0,2006.0,1999.0
2020106927,リュクスドレフォン,牡,平田修,,ドレフォン,000a013b82,リュクスメジャー,2009106549,ダイワメジャー,2001103114,田畑憲士,三嶋牧場,"2,713.0",2013.0,2009.0,2001.0
2020103550,ダイヤグラフ,牡,飯田良弘,,ルーラーシップ,2007103143,ピサノグラフ,2002106092,サンデーサイレンス,000a00033a,橘勝年,ノーザンファーム,"2,712.5",2007.0,2002.0,1986.0
2020103509,ドナウパール,牝,斉藤崇史,,エピファネイア,2010104155,ドナウブルー,2008103250,ディープインパクト,2002100816,サンデーレーシング,ノーザンファーム,"2,710.0",2010.0,2008.0,2002.0
2020103697,ロイガヴェーグル,牡,浜田多実,,サトノアラジン,2011104063,レジェンドトレイル,2003102931,フレンチデピュティ,000a00013a,サンデーレーシング,ノーザンファーム,"2,709.6",2011.0,2003.0,1992.0
2020100621,マイバラード,牡,松永康利,,ダノンバラード,2008103548,マイネアロマ,2007104369,ロージズインメイ,000a010a10,ビッグレッドファーム,荻伏三好ファーム,"2,700.5",2008.0,2007.0,2000.0
2020106022,ショーヘーフェイス,牡,荒川義之,,シルバーステート,2013105903,オメガカリビアン,2005105710,フレンチデピュティ,000a00013a,ＳＴレーシング,森永聡,"2,700.0",2013.0,2005.0,1992.0
2020104484,ミッキーカプチーノ,牡,矢作芳人,,エピファネイア,2010104155,スティールパス,2007100581,ネオユニヴァース,2000101426,野田みづき,千代田牧場,"2,699.9",2010.0,2007.0,2000.0
2020100432,ミヤノウッドリー,牝,東眞市,,ホッコータルマエ,2009100921,グランドバリュー,2011104352,マンハッタンカフェ,1998101554,宮副敏明,松本牧場,"2,699.4",2009.0,2011.0,1998.0
2020106024,ナックダンス,牝,立花伸,,アジアエクスプレス,2011110091,ゴッドダンシング,2006105043,ダンスインザダーク,1993109188,小松欣也,森永聡,"2,698.0",2011.0,2006.0,1993.0
2020102731,エコロドゥネス,牡,打越勇児,,ヘニーヒューズ,000a011155,レディシャツィ,000a012042,Privately Held,000a011ff9,福盛訓之,社台コーポレーション白老ファーム,"2,691.5",2003.0,2005.0,1994.0
2020104650,トモジャケーヤ,牡,大根田裕,,パイロ,000a01176a,トモジャオール,2015102690,エンパイアメーカー,000a010542,吉冨朝美,畠山牧場,"2,690.0",2005.0,2015.0,2000.0
2020101139,モルチャン,牝,武井亮,,ヘニーヒューズ,000a011155,ヒアーズトウショウ,2011102308,フジキセキ,1992109618,ＴＮレーシング,坂東牧場,"2,687.5",2003.0,2011.0,1992.0
2020104134,ピッチパーフェクト,牝,伊藤圭三,,マジェスティックウォリアー,000a011e9c,ファイトソング,2004104322,アサティス,1985109002,ＯＵＭＡ,グランド牧場,"2,682.4",2005.0,2004.0,1985.0
2020105298,ノースディーバ,牡,矢野義幸,,ヘニーヒューズ,000a011155,デアリングプライド,2009105868,ダイワメジャー,2001103114,谷野健,須崎牧場,"2,676.0",2003.0,2009.0,2001.0
2020104495,ミエノサンダー,牡,坂井英光,,バーディバーディ,2007100567,チェンジユアセルフ,2008110089,Giant's Causeway,000a0022e1,里見治,千代田牧場,"2,674.0",2007.0,2008.0,1997.0
2020100903,サンデーヒーロー,牡,中村直也,,サトノダイヤモンド,2013106101,ブラックショコラ,2012106045,サウスヴィグラス,1996110138,山田裕仁,バンブー牧場,"2,674.0",2013.0,2012.0,1996.0
2020102874,シャドウソニック,牡,辻野泰之,,エピファネイア,2010104155,シャドウムーン,2002101806,キングヘイロー,1995104427,飯塚知一,社台ファーム,"2,666.0",2010.0,2002.0,1995.0
2020102796,ミラーオブマインド,セ,新開幸一,,マインドユアビスケッツ,000a01392e,エミーズスマイル,2004103142,アグネスタキオン,1998101516,社台レースホース,社台ファーム,"2,666.0",2013.0,2004.0,1998.0
2020101020,ペイシャモノノフ,牡,畑端省吾,,ニシケンモノノフ,2011105438,ペイシャオブワキア,2014101455,フリオーソ,2004106867,北所直人,赤石牧場,"2,666.0",2011.0,2014.0,2004.0
2020104751,ゼットカレン,牝,宮徹,,シャンハイボビー,000a0127e4,ゼットフーリ,2013104777,ワークフォース,000a011a7f,フォーレスト,フジワラファーム,"2,665.5",2010.0,2013.0,2007.0
2020103539,パーリーブラック,牡,伊坂重信,,キタサンブラック,2012102013,パーリーアヴェニュー,000a013e3c,Anabaa,000a0022e2,吉田勝己,ノーザンファーム,"2,665.0",2012.0,2010.0,1992.0
2020104954,ウメムスビ,牡,新谷功一,,ファインニードル,2013100612,ヴィオレッタ,2013106064,シンボリクリスエス,1999110099,紀州ほそ川飼料,奥山牧場,"2,663.1",2013.0,2013.0,1999.0
2020100825,ライズゾーン,牡,細川忠義,,ビーチパトロール,000a0141f9,ハビタブルゾーン,2011104379,ネオユニヴァース,2000101426,国田正忠,大北牧場,"2,658.5",2013.0,2011.0,2000.0
2020101411,リコシェ,牝,佐々木国,,ホッコータルマエ,2009100921,ユーリカ,2010103505,クロフネ,1998110135,トーケンサービス,木村牧場,"2,641.7",2009.0,2010.0,1998.0
2020106586,ハクサンアイ,牝,坂口義幸,,ハクサンムーン,2009102527,エタニティ,2009102355,ジャングルポケット,1998101786,河崎五市,谷口牧場,"2,641.0",2009.0,2009.0,1998.0
2020101594,セブンスストリート,牡,藤ケ崎一,,リオンディーズ,2013105915,ブロードストリート,2006105518,アグネスタキオン,1998101516,豊原純弥,下河辺牧場,"2,636.8",2013.0,2006.0,1998.0
2020105737,ワイズゴールド,牝,蛯名利弘,,レインボーライン,2013106183,キタサンテンニョ,2009105114,キングヘイロー,1995104427,稲場澄,樋渡志尚,"2,636.0",2013.0,2009.0,1995.0
2020101743,シュネルクィーン,牝,永島太郎,,ストロングリターン,2006102934,ビービーリアン,2010104119,ゼンノロブロイ,2000101517,生部初男,高山博,"2,629.5",2006.0,2010.0,2000.0
2020104518,オボッチャマ,牡,音無秀孝,,アジアエクスプレス,2011110091,プレシャスメイト,2012103180,ステイゴールド,1994108729,稲場澄,千代田牧場,"2,629.0",2011.0,2012.0,1994.0
2020103939,ホウオウプレシャス,牡,天間昭一,,イスラボニータ,2011103565,プレシャスドロップ,2003104556,フレンチデピュティ,000a00013a,小笹芳央,岡田スタッド,"2,626.5",2011.0,2003.0,1992.0
2020106795,フクノワカバ,牝,杉山佳明,,ドレフォン,000a013b82,マレーナ,2011103777,ダイワメジャー,2001103114,佐藤範夫,信岡牧場,"2,626.0",2013.0,2011.0,2001.0
2020101893,チュウワモーニング,牝,小崎憲,,キズナ,2010105827,モーニングリズ,000a014476,Acatenango,000a001f0b,中西忍,チャンピオンズファーム,"2,625.1",2010.0,2004.0,1982.0
2020104721,キョウエイゲイル,セ,打越勇児,,マクフィ,000a011c77,キョウエイルフィー,2015106137,ルーラーシップ,2007103143,藤沢澄雄,藤沢牧場,"2,625.0",2007.0,2015.0,2007.0
2020102281,マリンデュンデュン,牡,金田一昌,,トビーズコーナー,000a011fed,ビビッドフレイム,2011102286,パイロ,000a01176a,川添裕起,門別敏朗,"2,624.6",2008.0,2011.0,2005.0
2020104363,バスドラムガール,牝,羽月友彦,,スズカコーズウェイ,2004104345,コテキタイ,2009103520,サウスヴィグラス,1996110138,京都ホースレーシング,高橋ファーム,"2,623.0",2004.0,2009.0,1996.0
2020105123,リッキーザキング,牡,山下貴之,,コパノリッキー,2010106548,キープザサミット,2010104409,チチカステナンゴ,000a011135,サイプレスホールディングス,カミイスタット,"2,618.5",2010.0,2010.0,1998.0
2020101359,ヴィクラント,牡,山田義人,,ディープスカイ,2005101358,ロッキーダンサー,2003106283,パークリージェント,000a000d01,近藤一生,賀張中川牧場,"2,614.2",2005.0,2003.0,1981.0
2020110069,モズアカボス,牡,今津博之,,Quality Road,000a011cff,India,000a012d6c,ヘネシー,000a000178,根田喜久雄,Summer Wind Equine LLC,"2,604.5",2006.0,2003.0,1993.0
2020100931,メイトースイ,牡,羽月友彦,,フリオーソ,2004106867,ムードン,2014103997,フレンチデピュティ,000a00013a,康本利幸,ヒダカファーム,"2,601.8",2004.0,2014.0,1992.0
2020109148,ゴーツウキリシマ,牝,牧田和弥,,ナムラタイタン,2006101408,エイシンドナウ,2011105568,グラスワンダー,1995108676,西村新一郎,釘田義美,"2,591.1",2006.0,2011.0,1995.0
2020103318,コルサファターレ,セ,中川公成,,ダンカーク,000a012185,カールファターレ,2007103149,キングカメハメハ,2001103460,シルクレーシング,ノーザンファーム,"2,588.2",2006.0,2007.0,2001.0
2020105651,メジェド,牡,佐々木晶,,キズナ,2010105827,ラヴェリータ,2006110090,Unbridled's Song,000a002071,ノースヒルズ,ノースヒルズ,"2,587.3",2010.0,2006.0,1993.0
2020104160,アイオブザストーム,牝,岡田稲男,,サトノアラジン,2011104063,オーバービュー,000a013e37,Frankel,000a01239b,ゴールドアップ・カンパニー,ゴールドアップカンパニー,"2,585.0",2011.0,2014.0,2008.0
2020106458,カゲマル,牡,張田京,,ヘニーヒューズ,000a011155,シエルルージュ,000a011a95,Red Ransom,000a001c68,中辻明,酒井牧場,"2,583.4",2003.0,2006.0,1987.0
2020105648,メランポジューム,牝,山中尊徳,,ハービンジャー,000a011996,ペルフィカ,2012100599,ゼンノロブロイ,2000101517,前田幸大,ノースヒルズ,"2,582.5",2006.0,2012.0,2000.0
2020103787,クレオメデス,牡,武英智,,モーリス,2011100655,ブルーダイアモンド,2011103847,ディープインパクト,2002100816,近藤英子,レイクヴィラファーム,"2,581.8",2011.0,2011.0,2002.0
2020103160,ケイツークローン,セ,清水英克,,ラブリーデイ,2010104298,コンゴウビジン,2015105918,ケイムホーム,000a0108d1,楠本勝美,ゼットステーブル,"2,580.7",2010.0,2015.0,1999.0
2020101335,ピエナパイロ,牝,渡辺薫彦,,パイロ,000a01176a,メメキューティー,2010104269,ゴールドアリュール,1999106689,本谷兼三,沖田牧場,"2,580.0",2005.0,2010.0,1999.0
2020105614,ルソルティール,牝,高本友芳,,ブラックタイド,2001103312,エディン,2009105029,ジャングルポケット,1998101786,前田幸治,ノースヒルズ,"2,577.0",2001.0,2009.0,1998.0
2020103505,マスグラバイト,セ,高木登,,ヘニーヒューズ,000a011155,トリプライト,2013105963,ワイルドラッシュ,000a0003a1,サンデーレーシング,ノーザンファーム,"2,576.5",2003.0,2013.0,1994.0
2020104732,ハルオーブ,牡,武井亮,,ディーマジェスティ,2013104704,ハルダヨリ,2012100821,ファルブラヴ,1998190004,村上卓史,藤沢牧場,"2,574.9",2013.0,2012.0,1998.0
2020106777,セレッソデアモール,牝,庄野靖志,,リオンディーズ,2013105915,ブランダムール,2009100666,アドマイヤコジーン,1996106512,三宅勝俊,日進牧場,"2,573.0",2013.0,2009.0,1996.0
2020104271,テクノゴールド,牡,角川秀樹,,モーリス,2011100655,コンフェッシオン,2012104684,ダイワメジャー,2001103114,西村健,静内ファーム,"2,572.0",2011.0,2012.0,2001.0
2020102973,ランプシー,牡,斎藤誠,,ハーツクライ,2001103038,ノッテビアンカ,000a013870,Kendargent,000a0126fd,社台レースホース,社台ファーム,"2,567.8",2001.0,2013.0,2003.0
2020104327,スイフトランナー,牡,佐藤裕太,,ベストウォーリア,2010110127,ハシルモーガン,2010102828,アグネスタキオン,1998101516,レックス,聖心台牧場,"2,567.0",2010.0,2010.0,1998.0
2020102926,フォーカルフラワー,牝,国枝栄,,ロードカナロア,2008103552,ソラリア,000a012945,Scat Daddy,000a0114fe,社台レースホース,社台ファーム,"2,565.1",2008.0,2010.0,2004.0
2020106570,グロリオサ,牡,嶋田幸晴,,インカンテーション,2010104916,ボウピープ,2011105853,ディープスカイ,2005101358,石道勝次,谷川牧場,"2,560.8",2010.0,2011.0,2005.0
2020100144,ロードスパイラル,牡,清水久詞,,キタサンブラック,2012102013,エンジェリックレイ,2010101354,ダイワメジャー,2001103114,ロードホースクラブ,ケイアイファーム,"2,553.6",2012.0,2010.0,2001.0
2020104840,グッドハビッツ,牝,土屋洋之,,ダノンバラード,2008103548,マイネジェシカ,2007104906,ロージズインメイ,000a010a10,橘勝年,真歌田中牧場,"2,553.0",2008.0,2007.0,2000.0
2020102357,ダイメイタマナ,牡,野口孝,,タリスマニック,000a013425,ダイメイザバリヤル,2004101855,ダンスインザダーク,1993109188,宮本孝一,横井哲,"2,552.4",2013.0,2004.0,1993.0
2020100590,ガンモレジェンド,牡,栗田泰昌,,カレンブラックヒル,2009106230,ブルーインザスカイ,2011104865,チチカステナンゴ,000a011135,酒井千佳,エムエム、ヤマダファーム,"2,552.3",2009.0,2011.0,1998.0
2020102675,ダノンクロム,牡,東田明士,,ハーツクライ,2001103038,セデュイールII,000a012f04,Elusive Quality,000a00231f,ダノックス,社台コーポレーション白老ファーム,"2,551.0",2001.0,2012.0,1993.0
2020101061,キャッツライズ,牝,西山裕貴,,ホッコータルマエ,2009100921,マヤノプリヤ,2003105692,フサイチコンコルド,1993109220,織田隆寛,北島牧場,"2,549.5",2009.0,2003.0,1993.0
2020106661,フォーサイドナイン,牡,倉兼育康,,サトノダイヤモンド,2013106101,ツインテール,2008103146,Tale of the Cat,000a002276,（同）ＪＰＮ技研,辻牧場,"2,548.0",2013.0,2008.0,1994.0
2020101699,シゲルマッハ,牡,鈴木義久,,シゲルカガ,2011103048,シゲルリクゼン,2011101192,クロフネ,1998110135,關美和,スウィングフィールド牧場,"2,547.0",2011.0,2011.0,1998.0
2020103034,ドライブアローカス,牡,細川忠義,,キンシャサノキセキ,2003110212,プリンセスノンコ,2015104357,Orb,000a0127da,中山純子,社台ファーム,"2,546.0",2003.0,2015.0,2010.0
2020103444,ピュアグルーヴ,牝,藤岡健一,,ドレフォン,000a013b82,スペシャルグルーヴ,2007103232,スペシャルウィーク,1995103211,シルクレーシング,ノーザンファーム,"2,545.0",2013.0,2007.0,1995.0
2020100673,ヒルノピレネー,牡,北出成人,,ジャスタウェイ,2009106461,ヴォルカン,2016102374,ロードカナロア,2008103552,ヒルノ,桑田牧場,"2,537.0",2009.0,2016.0,2008.0
2020102544,パスカリ,牝,池上昌和,,エピファネイア,2010104155,イングリッド,2008102578,ディープインパクト,2002100816,Ｇ１レーシング,追分ファーム,"2,535.5",2010.0,2008.0,2002.0
2020103053,シャンドゥレール,セ,国枝栄,,エピファネイア,2010104155,マジェスティッククオリティ,000a013eb9,Quality Road,000a011cff,ＤＭＭドリームクラブ,社台ファーム,"2,535.2",2010.0,2014.0,2006.0
2020103259,ヴィンセドリス,牡,森澤友貴,,ロードカナロア,2008103552,ヴィブロス,2013106007,ディープインパクト,2002100816,佐々木主浩,ノーザンファーム,"2,534.0",2008.0,2013.0,2002.0
2020106306,アウロス,牝,高橋一哉,,キズナ,2010105827,アサクサフルート,2012109123,エンパイアメーカー,000a010542,カナヤマホールディングス,オカモトファーム,"2,530.0",2010.0,2012.0,2000.0
2020104126,サラサハウプリティ,牝,岡田稲男,,ドレフォン,000a013b82,ハヤブサエミネンス,2007110009,Medaglia d'Oro,000a010a65,横井良明,グランド牧場,"2,524.8",2013.0,2007.0,1999.0
2020103262,チャンスザローゼス,セ,中内田充,,エピファネイア,2010104155,ヴィンテージローズ,2011104128,ゼンノロブロイ,2000101517,藤田晋,ノーザンファーム,"2,518.2",2010.0,2011.0,2000.0
2020103994,タマモマスラオ,牡,倉兼育康,,スズカコーズウェイ,2004104345,タマモマナムスメ,2010105750,マンハッタンカフェ,1998101554,（同）ＪＰＮ技研,岡田牧場,"2,512.5",2004.0,2010.0,1998.0
2020106289,エイシンテムジン,牡,飯田良弘,,エイシンヒカリ,2011101273,ダンスオンザルーフ,2009105853,シンボリクリスエス,1999110099,平井克彦,栄進牧場,"2,508.5",2011.0,2009.0,1999.0
2020100060,オセアバトルプラン,牡,菊川正達,,バトルプラン,000a0118e8,プレミアステイタス,2011104271,タニノギムレット,1999100226,ＸＩＡＯジャパン,沖田博志,"2,505.5",2005.0,2011.0,1999.0
2020101513,ブエラフェルテ,牡,保利良平,,ノボジャック,1997110152,ブエラ,2010103892,メイショウサムソン,2003102205,ＹＧＧホースクラブ,サンバマウンテンファーム,"2,504.4",1997.0,2010.0,2003.0
2020100258,セイウンダマシイ,牡,山口浩幸,,ネロ,2011103722,ラソ,2014100827,パイロ,000a01176a,冨田藤男,タツヤファーム,"2,502.6",2011.0,2014.0,2005.0
2020101591,ソッコータルマカ,セ,打越勇児,,ホッコータルマエ,2009100921,ブライダルブーケ,2005103132,ゴールドアリュール,1999106689,福盛訓之,下河辺牧場,"2,500.0",2009.0,2005.0,1999.0
2020105860,ジェントルタッチ,牡,佐藤裕太,,Always Dreaming,000a0139b2,アンシェリゼ,000a015978,Curlin,000a011734,桑野隆司,松浦牧場,"2,499.0",2014.0,2011.0,2004.0
2020107169,ベラジオウマムスコ,牡,栗林徹治,,トゥザグローリー,2007103265,ウインレコード,2010100023,チチカステナンゴ,000a011135,ベラジオコーポレーシ,グラストレーニングセンター,"2,496.5",2007.0,2010.0,1998.0
2020100271,フォティック,牡,飯田祐史,,エイシンヒカリ,2011101273,エイシンミント,2013102395,ジャングルポケット,1998101786,今村明浩,築紫洋,"2,496.5",2011.0,2013.0,1998.0
2020104240,ノッテルーナ,牝,田中淳司,,ルーラーシップ,2007103143,ダイヤモンドムーン,2007105741,マンハッタンカフェ,1998101554,岡浩二,サンデーヒルズ,"2,495.0",2007.0,2007.0,1998.0
2020101764,トーホウキザン,牡,高橋康之,,トーホウジャッカル,2011100482,トーホウドルチェ,2005103291,サウスヴィグラス,1996110138,東豊物産,竹島幸治,"2,492.9",2011.0,2005.0,1996.0
2020103435,マヴォロンテ,牝,松永幹夫,,ロードカナロア,2008103552,スターアイル,2004110007,ロックオブジブラルタル,000a00fd4c,桑田牧場,ノーザンファーム,"2,492.0",2008.0,2004.0,1999.0
2020106954,タイセイキューティ,牝,奥村武,,ダンカーク,000a012185,ボストンサクラ,2009100807,ダイワメジャー,2001103114,田中成奉,宮内牧場,"2,490.0",2006.0,2009.0,2001.0
2020100956,スーパーマン,牡,岩戸孝樹,,シルバーステート,2013105903,アマノチェリーラン,2004103791,デザートキング,000a0000e7,小菅誠,丸村村下ファーム,"2,485.0",2013.0,2004.0,1994.0
2020102329,エーデルサンライズ,牝,小林真也,,シャンハイボビー,000a0127e4,デイジーフローラ,2013104987,キングカメハメハ,2001103460,松岡隆雄,ヤナガワ牧場,"2,483.0",2010.0,2013.0,2001.0
2020105136,テイエムスイスイ,牝,竹之下昭,,メイショウボーラー,2001100650,ケイエスシンアカリ,2007105642,クロフネ,1998110135,竹園正繼,上井農場,"2,479.0",2001.0,2007.0,1998.0
2020106946,マジックタッチ,牡,打越勇児,,リオンディーズ,2013105915,デンファレ,2007101820,フジキセキ,1992109618,福原聡,宮内牧場,"2,477.5",2013.0,2007.0,1992.0
2020106519,モズアンタレス,牝,飯田祐史,,グランプリボス,2008103388,モズフリムカナイデ,2012101803,クロフネ,1998110135,キャピタル・システム,高野牧場,"2,476.0",2008.0,2012.0,1998.0
2020106776,トゥピ,牝,田村康仁,,シニスターミニスター,000a011099,ブラックティー,2004103968,チーフベアハート,1993190010,ディアレストクラブ,日進牧場,"2,467.9",2003.0,2004.0,1993.0
2020101481,サザンレイク,牝,村上頼章,,ヘニーヒューズ,000a011155,ローズゴールド,2014102575,サウスヴィグラス,1996110138,村山忠弘,坂牧場,"2,462.4",2003.0,2014.0,1996.0
2020101327,フォードテソーロ,牡,田中守,,ミッキーアイル,2011103916,ツクシヒメ,2006105373,カコイーシーズ,1986109001,稲場澄,沖田牧場,"2,461.8",2011.0,2006.0,1986.0
2020110140,グランファラオ,牡,井樋一也,,American Pharoah,000a012aad,Sweet Tooth Sweety,000a01c092,Smarty Jones,000a01053e,石山紘,Dennis A. Drazin,"2,460.0",2012.0,2010.0,2001.0
2020101833,イナフセド,牡,小林真也,,モーリス,2011100655,ハッシュ,2011100540,コマンズ,000a011625,ゴドルフィン,ダーレー・ジャパン・ファーム,"2,454.0",2011.0,2011.0,1996.0
2020102563,ルカン,牝,藤野健太,,ハーツクライ,2001103038,スパニッシュクイーン,000a012f0b,Tribal Rule,000a011b10,フォレストレーシング,追分ファーム,"2,453.0",2001.0,2012.0,1996.0
2020103366,スティルディマーレ,セ,田中譲二,,ロードカナロア,2008103552,コケレール,000a011d05,Zamindar,000a011b6e,上岡和男,ノーザンファーム,"2,451.5",2008.0,2004.0,1994.0
2020110112,エイトワン,牡,竹下直人,,City of Light,000a014375,Banree,000a01bdfa,Macho Uno,000a010d0c,大島栄一,Pippa's Hurricane LLC,"2,451.0",2014.0,2013.0,1998.0
2020100987,セレクティオ,牡,橋口慎介,,ジャスタウェイ,2009106461,キーポケット,2004103821,デヒア,000a0000df,大冨智弘,村下農場,"2,450.0",2009.0,2004.0,1991.0
2020103154,コルデアニル,牝,金成貴史,,モーリス,2011100655,ブルザンインディゴ,2011102788,フジキセキ,1992109618,藤沼利夫,青藍牧場,"2,449.5",2011.0,2011.0,1992.0
2020100236,ニシノトキメキ,牝,小手川準,,リアルスティール,2012104889,レッドアシェット,2011104169,ダイワメジャー,2001103114,西山茂行,田上徹,"2,448.3",2012.0,2011.0,2001.0
2020103755,フジラプンツェル,牝,岡野尚光,,メイショウボーラー,2001100650,ホワイトデイズ,2006101208,クロフネ,1998110135,富士ファーム,橋本牧場,"2,448.2",2001.0,2006.0,1998.0
2020103575,シュバルツガイスト,牡,国枝栄,,キタサンブラック,2012102013,フリーティングスピリット,000a012517,Invincible Spirit,000a01056d,インゼルレーシング,ノーザンファーム,"2,440.0",2012.0,2005.0,1997.0
2020104206,プロテア,セ,田中守,,ロードカナロア,2008103552,ナスケンアイリス,2007100331,フレンチデピュティ,000a00013a,稲場澄,桜井牧場,"2,436.0",2008.0,2007.0,1992.0
2020101811,ササヤキ,セ,工藤真司,,アドマイヤムーン,2003102991,ジャパニーズウィスパー,000a0116ce,Machiavellian,000a001c1d,福盛訓之,ダーレー・ジャパン・ファーム,"2,430.0",2003.0,2001.0,1987.0
2020102039,ロンギングナイス,牡,的場直之,,バンブーエール,2003104100,ダイメイクイーン,2010102858,シンボリクリスエス,1999110099,坂本浩一,坂東ファーム,"2,424.5",2003.0,2010.0,1999.0
2020102298,トレブランシュ,牝,伊藤伸一,,オルフェーヴル,2008102636,トレサンセール,2014105591,Rip Van Winkle,000a012465,ＹＧＧホースクラブ,門別山際牧場,"2,424.1",2008.0,2014.0,2006.0
2020100741,ノーブルラン,牡,田中譲二,,ワールドエース,2009106353,フォーモサマンボ,2011103180,ノボジャック,1997110152,川村初美,高昭牧場,"2,422.5",2009.0,2011.0,1997.0
2020104370,ハニートースト,牡,藤田輝信,,シニスターミニスター,000a011099,ハニーバニー,2010102654,メイショウボーラー,2001100650,保坂和孝,高橋ファーム,"2,421.0",2003.0,2010.0,2001.0
2020101981,シルバービスケッツ,牝,新井清重,,マインドユアビスケッツ,000a01392e,アディシオン,2010103732,マンハッタンカフェ,1998101554,島川利子,日西牧場,"2,420.0",2013.0,2010.0,1998.0
2020105120,エリコーハク,牝,水野貴史,,ナムラタイタン,2006101408,ミヤジサクラコ,2015103842,ロードカナロア,2008103552,八木光博,柏木一則,"2,417.8",2006.0,2015.0,2008.0
2020106597,ペップセ,牝,今津勝之,,ネロ,2011103722,ゴールデンレッグ,2013104547,ブラックタイド,2001103312,（同）ＪＰＮ技研,大道牧場,"2,410.1",2011.0,2013.0,2001.0
2020103441,フラッシングレート,牝,加藤公太,,ミッキーロケット,2013106099,スピードリッパー,2008103322,ファルブラヴ,1998190004,吉田勝己,ノーザンファーム,"2,410.1",2013.0,2008.0,1998.0
2020105578,トウロウノオノ,牝,水上直人,,ビッグアーサー,2011103328,ベッキー,2014100536,ブラックタイド,2001103312,酒井千佳,新冠橋本牧場,"2,409.5",2011.0,2014.0,2001.0
2020101228,シグナルファイアー,牝,齊藤敏,,ラニ,2013110045,パスザトーチ,2008105163,ファンタスティックライト,1996190005,藤田在子,天羽禮治,"2,405.5",2013.0,2008.0,1996.0
2020104245,コイニョウボウ,牝,中尾秀正,,キズナ,2010105827,ラプザントゥール,2011104558,キングカメハメハ,2001103460,岡浩二,サンデーヒルズ,"2,401.2",2010.0,2011.0,2001.0
2020110057,ホシノスナ,牡,米谷康秀,,Saxon Warrior,2015100991,Desert Tigress,000a0136ae,Storm Cat,000a001a98,西村健,Tinnakill Bloodstock & Jack Cantillon,"2,399.5",2015.0,2002.0,1983.0
2020102840,ブーバー,牝,西川敏弘,,ロゴタイプ,2010103783,クードロア,2015104402,Hard Spun,000a0116a1,上岡和男,社台ファーム,"2,394.0",2010.0,2015.0,2004.0
2020105197,マインドユアミモザ,牝,河津裕昭,,マインドユアビスケッツ,000a01392e,エイシンキンチェム,2009100946,フジキセキ,1992109618,阿部秀夫,コスモヴューファーム,"2,393.0",2013.0,2009.0,1992.0
2020104174,レジーナローズ,牝,鈴木慎太,,リオンディーズ,2013105915,ヒルノリスボン,2013104197,マンハッタンカフェ,1998101554,永山勝敏,サカイファーム,"2,391.4",2013.0,2013.0,1998.0
2020103718,オールマイデイズ,牡,矢嶋大樹,,リアルスティール,2012104889,ロザリンド,2011103895,シンボリクリスエス,1999110099,シルクレーシング,ノーザンファーム,"2,390.0",2012.0,2011.0,1999.0
2020102562,レディアス,牝,鈴木慎太,,ジャスタウェイ,2009106461,スキャットレディビーダンシング,000a013db4,Scat Daddy,000a0114fe,中山栄一,追分ファーム,"2,390.0",2009.0,2012.0,2004.0
2020103561,エルモサミオ,牝,橋本和馬,,キタサンブラック,2012102013,ファッションプレート,000a012947,Old Fashioned,000a011f17,山口功一郎,ノーザンファーム,"2,385.0",2012.0,2011.0,2006.0
2020103403,ミッキーマカロン,牝,大久保龍,,キタサンブラック,2012102013,シュガーショック,000a012f05,Candy Ride,000a01132a,野田みづき,ノーザンファーム,"2,382.2",2012.0,2011.0,1999.0
2020102273,ムーンスカイ,牡,牧田和弥,,トゥザワールド,2011103975,スターリットスカイ,2008103242,フジキセキ,1992109618,永田和彦,森永牧場,"2,380.0",2011.0,2008.0,1992.0
2020101341,ムーランブルー,牝,久保田貴,,ジャスタウェイ,2009106461,アドアード,000a0117c5,Galileo,000a00232b,村上卓史,オリオンファーム,"2,380.0",2009.0,2005.0,1998.0
2020103073,サウンドレイラ,牝,渡辺薫彦,,イスラボニータ,2011103565,ムニラー,000a012f03,Kitten's Joy,000a0119b3,増田雄一,社台ファーム,"2,378.0",2011.0,2011.0,2001.0
2020105746,コスモバラタ,牡,武市康男,,ダノンバラード,2008103548,クアルティエーレ,2013105414,ネオユニヴァース,2000101426,ビッグレッドファーム,ビッグレッドファーム,"2,370.1",2008.0,2013.0,2000.0
2020102542,イッツオンリーユー,牝,矢嶋大樹,,ハーツクライ,2001103038,イッツオンリーアクティングダッド,000a0137a6,Giant's Causeway,000a0022e1,Ｇ１レーシング,追分ファーム,"2,370.0",2001.0,2012.0,1997.0
2020102208,マテンロウアネモス,牝,久保田貴,,サトノダイヤモンド,2013106101,バロネスサッチャー,000a011a67,ヨハネスブルグ,000a0103b9,寺田千代乃,前野牧場,"2,365.0",2013.0,2004.0,1999.0
2020100879,ビップナージャ,牝,稻田彰宏,,レーヴミストラル,2012104929,ヒシカルメン,2008102171,ロックオブジブラルタル,000a00fd4c,大田愛奈,中村雅明,"2,363.4",2012.0,2008.0,1999.0
2020104251,ナガタエース,牡,岩本洋,,タリスマニック,000a013425,メイケイペガムーン,2010102760,アドマイヤムーン,2003102991,紙透一雄,静内酒井牧場,"2,361.5",2013.0,2010.0,2003.0
2020106271,エイシンレオ,セ,森沢友貴,,エイシンヒカリ,2011101273,エイシンロビン,2011110045,エンパイアメーカー,000a010542,平井克彦,栄進牧場,"2,360.0",2011.0,2011.0,2000.0
2020104472,プレッジ,牝,中内田充,,ドゥラメンテ,2012104511,ゴーイントゥザウィンドウ,000a01387e,Tapit,000a011248,飯田正剛,千代田牧場,"2,360.0",2012.0,2010.0,2001.0
2020101378,アイヲツグモノ,牝,牧浦充徳,,ヴィクトワールピサ,2007102923,ホッコーアムール,2010100328,スタチューオブリバティ,000a0109d5,三宅勝俊,川端正博,"2,359.9",2007.0,2010.0,2000.0
2020103202,ハーンドルフ,牝,内田勝義,,ヘニーヒューズ,000a011155,アデレードヒル,2013102858,ゴールドヘイロー,1997101264,キャロットファーム,ノーザンファーム,"2,358.0",2003.0,2013.0,1997.0
2020101916,ペネトレイトゴー,セ,戸田博文,,ゴールドシップ,2009102739,セカンドノホシ,2001106467,シンボリルドルフ,1981107017,前川俊行,出口牧場,"2,356.0",2009.0,2001.0,1981.0
2020100720,シャンボール,牡,高野毅,,キズナ,2010105827,キララチュール,2006100360,タイキシャトル,1994109686,前田幸治,高昭牧場,"2,352.0",2010.0,2006.0,1994.0
2020106633,ドーバーイーグル,牡,奥村武,,ディーマジェスティ,2013104704,アドマイヤチャーム,2007101628,キングヘイロー,1995104427,嶋田賢,辻牧場,"2,351.2",2013.0,2007.0,1995.0
2020105988,サラキャサリン,牝,小野望,,エスポワールシチー,2005102837,フジヤマサクラ,2003102829,クロフネ,1998110135,村上博將,村上牧場,"2,351.2",2005.0,2003.0,1998.0
2020103779,エンプレスペイ,牝,小栗実,,ドレフォン,000a013b82,ストラスペイ,2009106339,シンボリクリスエス,1999110099,ＤＭＭドリームクラブ,レイクヴィラファーム,"2,350.0",2013.0,2009.0,1999.0
2020103900,プラティクレール,牝,水野貴史,,ロージズインメイ,000a010a10,シルヴァーコード,2012103628,スウェプトオーヴァーボード,000a00fa34,ノルマンディーサラブレッドレーシング,岡田スタッド,"2,349.2",2000.0,2012.0,1997.0
2020100121,イイヒニナル,牝,千田輝彦,,ビッグアーサー,2011103328,フェルクレール,2013102278,ドリームジャーニー,2004102753,米津佳昭,木下牧場,"2,347.0",2011.0,2013.0,2004.0
2020105350,コスモマルーン,牝,土田稔,,ロージズインメイ,000a010a10,コスモキララ,2002104633,タマモクロス,1984101673,酒井孝敏,竹中牧場,"2,340.1",2000.0,2002.0,1984.0
2020106101,シュヴァルツリーベ,牝,林徹,,ドレフォン,000a013b82,クロエチャン,2008104166,スパイキュール,2000101557,ノルマンディーサラブレッドレーシング,リトルブルーファーム,"2,338.0",2013.0,2008.0,2000.0
2020106439,ボーンイングランデ,牡,吉田直弘,,サトノクラウン,2012104668,シェアザジョイフル,2012106275,ブラックタイド,2001103312,ＧｒａｎｄｅＲａｃｉｎｇ,グランデファーム,"2,337.6",2012.0,2012.0,2001.0
2020103477,サトノアルペジオ,セ,大和田成,,モーリス,2011100655,チャームドヴェール,2010104052,ネオユニヴァース,2000101426,里見治,ノーザンファーム,"2,330.0",2011.0,2010.0,2000.0
2020105156,フェリ,牝,佐々木晶,,ヘニーヒューズ,000a011155,キョウワフェアリー,2007104304,アルカセット,2000190010,ヒダカ・ブリーダーズ・ユニオン,協和牧場,"2,324.0",2003.0,2007.0,2000.0
2020102680,エールミネルヴァ,牝,伊藤強一,,アメリカンペイトリオット,000a013bba,ソルダテッサ,2010104512,フレンチデピュティ,000a00013a,鈴木和彦,社台コーポレーション白老ファーム,"2,323.5",2013.0,2010.0,1992.0
2020101229,レディメローラ,牝,北出成人,,ビッグアーサー,2011103328,ビエンナーレ,2003104677,ステイゴールド,1994108729,松本俊廣,天羽禮治,"2,318.0",2011.0,2003.0,1994.0
2020101379,ホッコーソムニウム,牡,山崎裕也,,ホッコータルマエ,2009100921,ホッコーマスタング,2007102073,アグネスフライト,1997103400,矢部道晃,川端正博,"2,316.0",2009.0,2007.0,1997.0
2020103655,ダークブロンド,牝,高橋亮,,ハービンジャー,000a011996,モンローブロンド,2002100890,アドマイヤベガ,1996107396,吉田勝己,ノーザンファーム,"2,314.7",2006.0,2002.0,1996.0
2020100629,サイモンコーラル,牝,羽月友彦,,ビーチパトロール,000a0141f9,オールドフレイム,2014104728,ゼンノロブロイ,2000101517,澤田昭紀,笠松牧場,"2,313.0",2013.0,2014.0,2000.0
2020102576,インナースティール,牡,内田勝義,,リアルスティール,2012104889,ナターレ,2008102623,クロフネ,1998110135,吉田晴哉,追分ファーム,"2,312.5",2012.0,2008.0,1998.0
2020103937,ラヴァグロウ,牝,畠山吉宏,,ホッコータルマエ,2009100921,ブロンズテーラー,2011101737,ロージズインメイ,000a010a10,岡田牧雄,岡田スタッド,"2,311.4",2009.0,2011.0,2000.0
2020101873,グラシアス,牡,佐藤雅彦,,ブラックタイド,2001103312,セレブデート,2012103741,キングカメハメハ,2001103460,瀬谷隆雄,チャンピオンズファーム,"2,309.0",2001.0,2012.0,2001.0
2020101779,サンマルグレイト,牡,佐藤吉勝,,グレーターロンドン,2012101402,サンマルベラータ,2015101559,ハービンジャー,000a011996,相馬勇,田端牧場,"2,309.0",2012.0,2015.0,2006.0
2020100604,テーオーレガシー,牡,宮徹,,ダンカーク,000a012185,ココモオレンジ,2008102812,キングカメハメハ,2001103460,小笹公也,大島牧場,"2,305.0",2006.0,2008.0,2001.0
2020106061,マツリダワールド,牡,菅原勲,,トゥザワールド,2011103975,ニシノバニーガール,2003103172,ブライアンズタイム,000a000082,高橋文枝,ヤマタケ牧場,"2,304.6",2011.0,2003.0,1985.0
2020101496,コロンバージュ,牡,西山裕貴,,ディープスカイ,2005101358,ショーピース,2012101266,スクリーンヒーロー,2004103328,伊達泰明,サンシャイン牧場,"2,301.2",2005.0,2012.0,2004.0
2020106573,スネークアイズ,牡,田中範雄,,ホッコータルマエ,2009100921,メモリーサクセス,2013103534,バゴ,2001190004,グリーンファーム,谷川牧場,"2,298.0",2009.0,2013.0,2001.0
2020102755,フィンガークリック,牝,水野貴広,,マインドユアビスケッツ,000a01392e,アンバーミニー,2014105747,ダイワメジャー,2001103114,吉田照哉,社台ファーム,"2,298.0",2013.0,2014.0,2001.0
2020106950,レッツゴーローズ,牝,原口次夫,,シニスターミニスター,000a011099,ピエノフィオレ,2012105616,キングカメハメハ,2001103460,水谷光太郎,宮内牧場,"2,297.5",2003.0,2012.0,2001.0
2020104653,マイネルボンバー,牡,阪本一栄,,コパノリッキー,2010106548,ブリーボーンズ,000a011dc5,Hesabull,000a0114fb,ファーストビジョン,畠山牧場,"2,296.0",2010.0,2003.0,1993.0
2020106922,メイショウクモイ,牡,飯田祐史,,フリオーソ,2004106867,メーシャンス,2016102195,ジャスタウェイ,2009106461,松本好隆,三嶋牧場,"2,290.0",2004.0,2016.0,2009.0
2020103641,アップトゥミー,牝,国枝栄,,モーリス,2011100655,ムードインディゴ,2005102182,ダンスインザダーク,1993109188,金子真人ホールディングス,ノーザンファーム,"2,290.0",2011.0,2005.0,1993.0
2020102802,イリスレーン,牝,清水久詞,,ハーツクライ,2001103038,エレクトラレーン,000a0120ec,Dubawi,000a0115e2,インゼルレーシング,社台ファーム,"2,285.6",2001.0,2009.0,2002.0
2020102305,フークエンジェル,牝,齋藤雄一,,ディスクリートキャット,000a0113a1,ビーユアエンジェル,2009106602,シニスターミニスター,000a011099,福岡隆史,ヤスナカファーム,"2,283.5",2003.0,2009.0,2003.0
2020107084,ソムリエ,牡,相沢郁,,ルーラーシップ,2007103143,ジェイケイオジョウ,2014102360,ハービンジャー,000a011996,畑佐博,浜本牧場,"2,280.0",2007.0,2014.0,2006.0
2020100747,レゾルシオン,牡,飯田良弘,,エピファネイア,2010104155,ミュゲプリンセス,2013102564,エンパイアメーカー,000a010542,前田幸貴,高昭牧場,"2,278.0",2010.0,2013.0,2000.0
2020100390,リトルウインディー,牝,稲垣幸雄,,ビッグアーサー,2011103328,ラフィエスタ,2008103355,スペシャルウィーク,1995103211,宮田守,本桐牧場,"2,278.0",2011.0,2008.0,1995.0
2020103119,ディズレーリ,セ,池上昌和,,エピファネイア,2010104155,レディシビル,000a012fce,Siyouni,000a012056,社台レースホース,社台ファーム,"2,275.0",2010.0,2012.0,2007.0
2020102896,ロミオボス,牡,加藤征弘,,ストロングリターン,2006102934,ジュリエットベール,2014105701,ヴィクトワールピサ,2007102923,加藤正二郎,社台ファーム,"2,274.5",2006.0,2014.0,2007.0
2020102655,ナイトキャッスル,牡,音無秀孝,,シルバーステート,2013105903,サダムグランジュテ,2008102669,キングカメハメハ,2001103460,シルクレーシング,社台コーポレーション白老ファーム,"2,274.4",2013.0,2008.0,2001.0
2020101422,クラウンブラヴォー,牡,石井勝男,,ノボジャック,1997110152,クラウンミストラル,2009104142,フジキセキ,1992109618,サンエツ企画（有）,クラウン日高牧場,"2,272.5",1997.0,2009.0,1992.0
2020103673,ケイエイト,牡,羽月友彦,,ルーラーシップ,2007103143,ラベンダーカラー,2008103209,サクラバクシンオー,1989108341,武田敏也,ノーザンファーム,"2,270.0",2007.0,2008.0,1989.0
2020103363,ダグフォース,セ,川西毅,,ドレフォン,000a013b82,ケアレスウィスパー,2004102857,フジキセキ,1992109618,坂東正積,ノーザンファーム,"2,269.4",2013.0,2004.0,1992.0
2020104208,ケンキートス,牡,繁田健一,,Bernardini,000a0111fe,ファッションストリート,000a015976,ストリートセンス,000a0113a2,（株）エスティ,桜井牧場,"2,268.5",2003.0,2013.0,2004.0
2020105873,ガウロン,牡,中川竜馬,,リアルスティール,2012104889,タケノビワ,2012106072,ブライアンズタイム,000a000082,豊島愛子,松浦牧場,"2,267.4",2012.0,2012.0,1985.0
2020102792,エッグスラット,牡,矢野英一,,ジャスタウェイ,2009106461,エッグドロップ,000a013874,Alphabet Soup,000a002286,Ｇ１レーシング,社台ファーム,"2,265.0",2009.0,2009.0,1991.0
2020106401,ナリタシン,牡,坂本和也,,リオンディーズ,2013105915,ナリタモード,2011105586,ナリタセンチュリー,1999107049,（株）オースミ,杵臼牧場,"2,261.0",2013.0,2011.0,1999.0
2020100248,コスモイグローク,牡,宮路洋一,,ジョーカプチーノ,2006100529,クールベット,2002103478,キングヘイロー,1995104427,酒井孝敏,タツヤファーム,"2,259.6",2006.0,2002.0,1995.0
2020100198,シャンパンファイト,牡,甲田悟史,,エスポワールシチー,2005102837,プリモウェイ,000a011adb,Giant's Causeway,000a0022e1,竹下浩一,佐藤鉄也,"2,257.8",2005.0,2005.0,1997.0
2020104207,ビターゼノビア,牝,手塚貴久,,ヘニーヒューズ,000a011155,ビタースウィート,2007100337,Afleet Alex,000a010dc8,ヒダカ・ブリーダーズ・ユニオン,桜井牧場,"2,255.0",2003.0,2007.0,2002.0
2020104328,パープルアドミラル,牡,堀内岳志,,シビルウォー,2005102317,ママノヨリミチ,2012103126,マンハッタンカフェ,1998101554,岡田牧雄,聖心台牧場,"2,253.0",2005.0,2012.0,1998.0
2020105277,コスモジョセフ,牡,笹野博司,,アポロキングダム,2003110139,ジョリーン,2002103586,トワイニング,000a000006,（有）ビッグレッドフ,シンユウファーム,"2,252.0",2003.0,2002.0,1991.0
2020106047,フェイマスドクター,牡,吉見真幸,,エスポワールシチー,2005102837,ヘルヴェティア,2011102395,サウスヴィグラス,1996110138,山崎康,山岡ファーム,"2,251.0",2005.0,2011.0,1996.0
2020103692,アルナージェイン,牝,奥村豊,,リアルスティール,2012104889,ルナレガーロ,2010104077,アドマイヤムーン,2003102991,ＭＫレーシング,ノーザンファーム,"2,250.0",2012.0,2010.0,2003.0
2020106525,シルバーティムール,牡,久保田貴,,リアルスティール,2012104889,ピエールドリュヌ,2011105824,キングカメハメハ,2001103460,越村洋子,高村牧場,"2,245.4",2012.0,2011.0,2001.0
2020105359,グリーリー,牡,中西達也,,ベストウォーリア,2010110127,アルマアダーラ,2010105637,マーベラスサンデー,1992103687,西森鶴,大栄牧場,"2,242.0",2010.0,2010.0,1992.0
2020100663,デザートウインド,牝,藤原智行,,ラニ,2013110045,デザートフラワー,2010102833,サイレントディール,2000101634,加藤鈴幸,熊谷武,"2,239.9",2013.0,2010.0,2000.0
2020103965,キューティロメラ,牝,中道啓二,,ポアゾンブラック,2009102733,シャンディロメラ,2011101835,サウスヴィグラス,1996110138,村上憲政,岡田猛,"2,234.1",2009.0,2011.0,1996.0
2020106384,カイザーブリッツ,セ,工藤真司,,ロードカナロア,2008103552,エルパンドール,2013101846,ネオユニヴァース,2000101426,嶋田亘克,杵臼牧場,"2,232.0",2008.0,2013.0,2000.0
2020103975,イリュージョン,牝,西田雄一,,タリスマニック,000a013425,アートオブビーン,2007105937,アグネスデジタル,1997110025,岡田隆寛,岡田牧場,"2,226.3",2013.0,2007.0,1997.0
2020107163,ボルドーネセバル,牡,齊藤敏,,モンテロッソ,000a011b05,ビートフォルテ,2014105443,ゴールドアリュール,1999106689,杉浦和也,シグラップファーム,"2,226.0",2007.0,2014.0,1999.0
2020102489,ケープライト,牝,佐藤浩一,,ジャスタウェイ,2009106461,トーセンインディ,2008105327,アドマイヤコジーン,1996106512,Ｉレーシング（株）,エスティファーム,"2,222.6",2009.0,2008.0,1996.0
2020103565,フィールザオーラ,牝,武井亮,,ブラックタイド,2001103312,フィールザレース,000a012e10,Orpen,000a002326,フィールドレーシング,ノーザンファーム,"2,220.0",2001.0,2011.0,1996.0
2020106552,ルーンファクター,牡,的場均,,インカンテーション,2010104916,シルカズギフト,000a010ebf,Cadeaux Genereux,000a001e13,ミレレーシング,谷川牧場,"2,212.6",2010.0,2001.0,1985.0
2020100138,デアデルマーレ,牝,坂口智康,,シルバーステート,2013105903,アルセナーレ,2013102296,クロフネ,1998110135,ロードホースクラブ,ケイアイファーム,"2,201.0",2013.0,2013.0,1998.0
2020105550,タガノフリューゲル,牡,森澤友貴,,ハービンジャー,000a011996,ボルボレッタ,2009106303,ウォーエンブレム,000a00fa35,八木昌司,新冠タガノファーム,"2,197.0",2006.0,2009.0,1999.0
2020102347,ナイトスピアー,牡,小野次郎,,ストロングリターン,2006102934,サクラコ,2010106584,メジロベイリー,1998101457,ＩＺＵＲＵジャパン,Ｕ・Ｍ・Ａ,"2,197.0",2006.0,2010.0,1998.0
2020102574,トゥルブレンツ,牝,小栗実,,サトノダイヤモンド,2013106101,トラウム,2011110055,Dansili,000a010a5f,Ｇ１レーシング,追分ファーム,"2,196.0",2013.0,2011.0,1996.0
2020103524,レヴォルタード,セ,今津勝之,,エピファネイア,2010104155,バウンスシャッセ,2011104105,ゼンノロブロイ,2000101517,小出水正男,ノーザンファーム,"2,193.1",2010.0,2011.0,2000.0
2020110118,エアメテオラ,牡,池添学,,Goldencents,000a0144c7,Nokaze,000a013987,エンパイアメーカー,000a010542,ラッキーフィールド,Sekie Yoshihara & Tsunebumi Yoshihara,"2,192.3",2010.0,2009.0,2000.0
2020102728,ポルトドール,牡,小栗実,,モーリス,2011100655,レクレドール,2001103241,サンデーサイレンス,000a00033a,Ｇ１レーシング,社台コーポレーション白老ファーム,"2,188.5",2011.0,2001.0,1986.0
2020103255,トゥーテイルズ,牝,藤原英昭,,ラブリーデイ,2010104298,ウリウリ,2010104042,ディープインパクト,2002100816,金子真人ホールディングス,ノーザンファーム,"2,185.0",2010.0,2010.0,2002.0
2020102952,オーサムデアラー,セ,上原博之,,マインドユアビスケッツ,000a01392e,デアリングハート,2002100600,サンデーサイレンス,000a00033a,吉田照哉,社台ファーム,"2,185.0",2013.0,2002.0,1986.0
2020101261,コスモスプモーニ,牡,松山将樹,,リアルインパクト,2008103244,シャドウライフ,2009106013,サクラバクシンオー,1989108341,ビッグレッドファーム,荒井ファーム,"2,184.0",2008.0,2009.0,1989.0
2020101147,トレチーメ,牡,中内田充,,モーリス,2011100655,ポップコーンジャズ,2000101560,ダンスインザダーク,1993109188,金子真人ホールディングス,坂東牧場,"2,183.0",2011.0,2000.0,1993.0
2020100914,リーゼントミニー,牝,矢嶋大樹,,リアルスティール,2012104889,カフジサファイア,2015103780,ロードカナロア,2008103552,三浦大輔,ヒダカファーム,"2,182.0",2012.0,2015.0,2008.0
2020105133,タイセイマンボ,牡,高野友和,,ホッコータルマエ,2009100921,ロージーサンセット,2013101345,キンシャサノキセキ,2003110212,田中成奉,カミイスタット,"2,180.4",2009.0,2013.0,2003.0
2020102803,エリム,牝,上原博之,,ダイワメジャー,2001103114,オヴァンボクイーン,000a012166,Kalatos,000a01204e,ネコメンレーシング,社台ファーム,"2,179.7",2001.0,2007.0,1992.0
2020104745,シルバースペード,牡,坂本昇,,シルバーステート,2013105903,サトノベリーニ,2013104794,キングカメハメハ,2001103460,渡辺孝祐,フジワラファーム,"2,175.4",2013.0,2013.0,2001.0
2020101216,テイエムヒショウ,牡,浜田多実,,ヘニーヒューズ,000a011155,マヤノマヤ,2006105137,タイキシャトル,1994109686,竹園正繼,天羽牧場,"2,174.3",2003.0,2006.0,1994.0
2020101950,ナムラテディー,牡,西川敏弘,,レッドファルクス,2011104416,ナムラココロ,2012103362,サウスヴィグラス,1996110138,中山純子,ナカノファーム,"2,169.0",2011.0,2012.0,1996.0
2020104878,シルバープリペット,牡,松山将樹,,レッドファルクス,2011104416,アウグスタ,2016106336,エイシンフラッシュ,2007102951,ミルファーム,松田牧場,"2,163.0",2011.0,2016.0,2007.0
2020102578,オソルノ,セ,萩原清,,シニスターミニスター,000a011099,ヌチバナ,2008102618,キングカメハメハ,2001103460,池谷誠一,追分ファーム,"2,163.0",2003.0,2008.0,2001.0
2020107165,デアシュトゥルム,牡,鈴木義久,,ファインニードル,2013100612,ナイキトリック,2008102693,サクラバクシンオー,1989108341,ウエスト．フォレスト．ステイブル,宝寄山拓樹,"2,162.0",2013.0,2008.0,1989.0
2020105147,ユイノマチブセ,牡,竹内正洋,,シニスターミニスター,000a011099,デフィニール,2013101391,ブラックタイド,2001103312,由井健太郎,川島牧場,"2,160.0",2003.0,2013.0,2001.0
2020101856,セイカティターニア,牝,相沢郁,,グレーターロンドン,2012101402,セイカフォルトゥナ,2009102695,サウスヴィグラス,1996110138,久米大,千葉飯田牧場,"2,160.0",2012.0,2009.0,1996.0
2020103299,ゴーマックス,セ,打越勇児,,ダイワメジャー,2001103114,オールドタイムワルツ,000a01435b,War Front,000a011d00,ＴＯＲＡＣＩＮＧ,ノーザンファーム,"2,156.5",2001.0,2014.0,2002.0
2020106956,グレートフリオーソ,牡,佐々木功,,フリオーソ,2004106867,ラッキーハナチャン,2011106115,ネオユニヴァース,2000101426,廣松金次,宮内牧場,"2,151.6",2004.0,2011.0,2000.0
2020103676,ミラクルキャッツ,牝,堀宣行,,キンシャサノキセキ,2003110212,ランニングボブキャッツ,000a0121b7,Running Stag,000a010002,シルクレーシング,ノーザンファーム,"2,150.0",2003.0,2002.0,1994.0
2020102238,スタードラマー,牡,高橋純,,フェノーメノ,2009106599,ファーマフレア,2011101331,スウェプトオーヴァーボード,000a00fa34,中西功,増尾牧場,"2,145.8",2009.0,2011.0,1997.0
2020106369,カッパギ,牡,角川秀樹,,ホッコータルマエ,2009100921,ゴールドウィング,2012105259,ステイゴールド,1994108729,（株）オリオンファー,木戸口牧場,"2,142.7",2009.0,2012.0,1994.0
2020104755,エルナーニ,牡,安部幸夫,,マスクゾロ,2011110069,ダークマレイン,2009110071,サブミーカー,2005102676,門野重雄,フジワラファーム,"2,141.5",2011.0,2009.0,2005.0
2020106722,クインズエルサ,牝,西村真幸,,デクラレーションオブウォー,000a0136f6,キャンディバローズ,2013103606,ディープインパクト,2002100816,ケイアイスタリオン,富田牧場,"2,141.4",2009.0,2013.0,2002.0
2020102725,ソワドリヨン,牝,古賀慎明,,ハーツクライ,2001103038,ルシルク,000a0117a1,Dynaformer,000a001dd9,シルクレーシング,社台コーポレーション白老ファーム,"2,139.0",2001.0,2004.0,1985.0
2020101265,オコジュ,牝,矢嶋大樹,,ロゴタイプ,2010103783,マロンコート,2015104967,ハービンジャー,000a011996,ミルファーム,荒井ファーム,"2,136.0",2010.0,2015.0,2006.0
2020109159,サツマノオンナ,牝,新谷功一,,スクワートルスクワート,000a000da4,スペシャルビビー,2003100104,スペシャルウィーク,1995103211,伊東政清,新保孝一,"2,135.7",1998.0,2003.0,1995.0
2020105632,ジラルデ,牡,山中尊徳,,ハーツクライ,2001103038,テンモース,2014110055,Speightstown,000a011200,前田幸治,ノースヒルズ,"2,135.0",2001.0,2014.0,1998.0
2020104590,キモンアップル,牝,山崎裕也,,コパノリッキー,2010106548,キモンレッド,2008100726,サウスヴィグラス,1996110138,小林祥晃,西村牧場,"2,131.1",2010.0,2008.0,1996.0
2020103727,ゴールドシーン,セ,林徹,,エピファネイア,2010104155,ローガンサファイア,2010104200,ダイワメジャー,2001103114,キャロットファーム,ノーザンファーム,"2,131.0",2010.0,2010.0,2001.0
2020101921,コレオグラファー,牡,高柳大輔,,モーリス,2011100655,ソルトオブジアース,2011100652,アグネスデジタル,1997110025,大谷正嗣,戸川牧場,"2,130.0",2011.0,2011.0,1997.0
2020106820,タイキクラージュ,牡,齋藤雄一,,サトノアラジン,2011104063,フェリーチェ,2015103314,モンテロッソ,000a011b05,金野喜見男,ビクトリーホースランチ,"2,129.3",2011.0,2015.0,2007.0
2020102718,オルフェスト,牝,池上昌和,,オルフェーヴル,2008102636,ユールフェスト,2009110091,More Than Ready,000a00fcdd,キャロットファーム,社台コーポレーション白老ファーム,"2,128.0",2008.0,2009.0,1997.0
2020104671,コパノバークレー,牝,新井清重,,ディーマジェスティ,2013104704,マザイ,000a011a98,ファスリエフ,000a00fc4c,小林祥晃,服部牧場,"2,127.6",2013.0,2005.0,1997.0
2020103225,アルヴィエンヌ,牝,高本友芳,,ダイワメジャー,2001103114,アルル,000a014352,Monsun,000a010db6,鈴木道隆,ノーザンファーム,"2,123.0",2001.0,2012.0,1990.0
2020105951,ヴェンチュラムーン,セ,小島茂之,,エピファネイア,2010104155,ラスヴェンチュラス,2009105821,ディープインパクト,2002100816,西見徹也,村上欽哉,"2,122.0",2010.0,2009.0,2002.0
2020105372,ショウナンガロ,牡,的場直之,,Mendelssohn,000a014f32,ローンリリー,000a01597d,Medaglia d'Oro,000a010a65,酒井孝敏,大栄牧場,"2,120.0",2015.0,2011.0,1999.0
2020104384,ライヴマスタード,牡,工藤伸輔,,トビーズコーナー,000a011fed,オサマジョール,2009101270,アフリート,000a000013,澤田孝之,武牧場,"2,120.0",2008.0,2009.0,1984.0
2020101200,ヒロノオオゾラ,牡,宮本博,,シニスターミニスター,000a011099,ミナミ,2014106162,ルーラーシップ,2007103143,高原将浩,アイズスタッド,"2,120.0",2003.0,2014.0,2007.0
2020102044,オセアフラッグ,牡,戸田博文,,オルフェーヴル,2008102636,イースターアイランド,000a013e18,Giant's Causeway,000a0022e1,ＸＩＡＯジャパン,日高大洋牧場,"2,119.7",2008.0,2014.0,1997.0
2020102119,ロードディフィート,牡,松島壽,,デクラレーションオブウォー,000a0136f6,カディーシャ,2009101986,ダイワメジャー,2001103114,三岡陽,藤本ファーム,"2,115.8",2009.0,2009.0,2001.0
2020104825,スカプラリオ,牝,佐々木晶,,ルーラーシップ,2007103143,ラブフール,2007103423,ゼンノロブロイ,2000101517,小林竜太郎,へいはた牧場,"2,115.0",2007.0,2007.0,2000.0
2020103888,ベルシャンソン,牝,山中尊徳,,イスラボニータ,2011103565,キョウエイハツラツ,2002105650,オペラハウス,000a000d77,ノルマンディーサラブレッドレーシング,岡田スタッド,"2,110.0",2011.0,2002.0,1988.0
2020100867,ハクサンオリヒメ,牝,坂口義幸,,ハクサンムーン,2009102527,アイサレジョウズ,2010100720,Refuse to Bend,000a010bac,河崎五市,中村雅明,"2,110.0",2009.0,2010.0,2000.0
2020100359,スカイアクロス,牡,山崎裕也,,カレンブラックヒル,2009106230,スカイウェー,000a012044,Trans Island,000a011f89,谷口凜人,堀川洋之,"2,107.5",2009.0,2007.0,1995.0
2020100619,レヴィアタン,牡,橋本忠明,,パイロ,000a01176a,ホワイトアルバム,2008102566,クロフネ,1998110135,薪浦英稔,荻伏三好ファーム,"2,106.0",2005.0,2008.0,1998.0
2020106479,サイタブラウン,牡,及川良春,,カレンブラックヒル,2009106230,ミスサイベリア,000a010ebe,Giant's Causeway,000a0022e1,岩渕哲郎,笹島政信,"2,102.5",2009.0,2003.0,1997.0
2020106146,セイウンミライズ,セ,奥平雅士,,パイロ,000a01176a,ハーモニックソウル,2012104215,ハービンジャー,000a011996,西山茂行,猿倉牧場,"2,100.0",2005.0,2012.0,2006.0
2020102767,テンプーシャオン,牡,和田勇介,,ドレフォン,000a013b82,ウィズエモーション,2013105665,クロフネ,1998110135,村田能光,社台ファーム,"2,100.0",2013.0,2013.0,1998.0
2020101879,マイド,牡,野中賢二,,ハービンジャー,000a011996,ニーレンベルギア,2009105815,アグネスタキオン,1998101516,ニッシンホールディングス,チャンピオンズファーム,"2,100.0",2006.0,2009.0,1998.0
2020105561,ケイアイクビラ,牡,宮本博,,ビッグアーサー,2011103328,ケイアイアテナ,2008110026,Afleet Alex,000a010dc8,ケイアイスタリオン,新冠橋本牧場,"2,096.0",2011.0,2008.0,2002.0
2020105420,カンタウッドテール,牡,長南和宏,,ファインニードル,2013100612,ブライトホープ,2015101655,Shamardal,000a010c92,梶正典,トド岩高原銀河農場物語,"2,084.0",2013.0,2015.0,2002.0
2020103625,ゴルデールスカー,牡,加藤公太,,モーリス,2011100655,マラムデール,2011104022,フレンチデピュティ,000a00013a,サンデーレーシング,ノーザンファーム,"2,082.0",2011.0,2011.0,1992.0
2020104270,テクノダイヤモンド,牡,稲益貴弘,,バンブーエール,2003104100,コスモアオイ,2010105972,アグネスデジタル,1997110025,西村健,静内ファーム,"2,078.8",2003.0,2010.0,1997.0
2020102956,ブライテストドーン,セ,田島俊明,,マインドユアビスケッツ,000a01392e,デザートオブムーン,2011104226,ゼンノロブロイ,2000101517,吉田千津,社台ファーム,"2,077.0",2013.0,2011.0,2000.0
2020101268,モズバンディット,牡,中尾秀正,,ドレフォン,000a013b82,アマルティア,2013106245,アドマイヤムーン,2003102991,キャピタル・システム,幾千世牧場,"2,077.0",2013.0,2013.0,2003.0
2020109129,オバケノキンタ,牡,大根田裕,,マクフィ,000a011c77,テラノイロハ,2009106233,ゼンノロブロイ,2000101517,内田玄祥,本田土寿,"2,076.6",2007.0,2009.0,2000.0
2020105406,アイグレース,牝,鹿沼良和,,トゥザワールド,2011103975,ローズドサハラ,2005100908,フォーティナイナー,000a000134,ライフエンタープライ,対馬正,"2,073.5",2011.0,2005.0,1985.0
2020102990,シャドウレディー,牝,金成貴史,,ロードカナロア,2008103552,パールシャドウ,2006103035,クロフネ,1998110135,飯塚知一,社台ファーム,"2,072.7",2008.0,2006.0,1998.0
2020106407,ライブリームーラン,牝,田中勝春,,リアルスティール,2012104889,プレザンサプライズ,2007110042,Shamardal,000a010c92,山科統,杵臼牧場,"2,070.0",2012.0,2007.0,2002.0
2020102042,エムエスドン,牡,竹下直人,,ラブリーデイ,2010104298,アルマニンファ,2012101802,スペシャルウィーク,1995103211,森哲,日高大洋牧場,"2,069.6",2010.0,2012.0,1995.0
2020101814,スターグロウ,牝,田中博康,,アメリカンペイトリオット,000a013bba,スターライト,2014102222,ディープインパクト,2002100816,ゴドルフィン,ダーレー・ジャパン・ファーム,"2,066.0",2013.0,2014.0,2002.0
2020104824,シンデレラスマイル,牝,宮路洋一,,キンシャサノキセキ,2003110212,ポエティックターン,2010100714,Pivotal,000a002328,小橋亮太,へいはた牧場,"2,065.0",2003.0,2010.0,1993.0
2020105167,スナークメモリー,牝,宮地貴稔,,オルフェーヴル,2008102636,スナークヒロイン,2007109141,サクラバクシンオー,1989108341,杉本豊,小泉牧場,"2,060.4",2008.0,2007.0,1989.0
2020103120,エメリヨン,牝,加藤士津,,ドゥラメンテ,2012104511,レディフォグホーン,000a013eb7,Zavata,000a011037,社台レースホース,社台ファーム,"2,060.0",2012.0,2012.0,2000.0
2020102280,ブリックロード,牝,山口竜一,,エスポワールシチー,2005102837,バトルアンコール,2010106247,フジキセキ,1992109618,橋本富夫,門別敏朗,"2,059.3",2005.0,2010.0,1992.0
2020105211,ウイングランブルー,牡,深山雅史,,ゴールドシップ,2009102739,サマーラグーン,2006106459,ボストンハーバー,000a00007c,ウイン,コスモヴューファーム,"2,057.8",2009.0,2006.0,1994.0
2020106779,ニットウライジン,セ,宮路洋一,,ダンカーク,000a012185,ドキドキガール,2009100684,キングヘイロー,1995104427,小橋亮太,日東牧場,"2,056.0",2006.0,2009.0,1995.0
2020106003,キタサンエルピス,牝,石崎駿,,キタサンブラック,2012102013,キタサンハルカゼ,2013102082,マヤノトップガン,1992102988,大野商事,村田牧場,"2,055.5",2012.0,2013.0,1992.0
2020103412,ジャミーレ,牝,斉藤崇史,,リアルインパクト,2008103244,シンハリーズ,000a011191,シングスピール,1992190005,キャロットファーム,ノーザンファーム,"2,053.0",2008.0,2002.0,1992.0
2020101578,リュウ,牡,今津勝之,,ヘニーヒューズ,000a011155,ツインキャンドル,2011100379,キングカメハメハ,2001103460,（同）ＪＰＮ技研,下河辺牧場,"2,053.0",2003.0,2011.0,2001.0
2020106986,エンライトメント,牡,斎藤誠,,ゴールドシップ,2009102739,リーベストラウム,2005100990,ゼンノエルシド,1997110179,ミルファーム,ミルファーム,"2,052.0",2009.0,2005.0,1997.0
2020104099,マーシヴィガラス,牡,的場均,,ネロ,2011103722,スケッチーヴュー,2004102765,ホワイトマズル,1990109700,佐藤好美,桑嶋峰雄,"2,052.0",2011.0,2004.0,1990.0
2020106131,ジオパーククラウン,牡,清水英克,,サトノクラウン,2012104668,ジオパーククイーン,2014102917,バトルプラン,000a0118e8,小関勝紀,様似共栄牧場,"2,050.0",2012.0,2014.0,2005.0
2020101586,エルフレスアリー,牝,木村哲也,,サトノダイヤモンド,2013106101,バートラムガーデン,2009102481,サクラバクシンオー,1989108341,下河辺牧場,下河辺牧場,"2,050.0",2013.0,2009.0,1989.0
2020101284,ルクスドヌーヴ,牝,堀内岳志,,ハーツクライ,2001103038,スマートアストリア,2014104862,ストラヴィンスキー,000a00fa41,ルクス,いとう牧場,"2,047.0",2001.0,2014.0,1996.0
2020102936,ダノンヒューマ,牡,大久保龍,,ミッキーロケット,2013106099,ダノンジャンヌ,2012104151,ディープインパクト,2002100816,ダノックス,社台ファーム,"2,044.0",2013.0,2012.0,2002.0
2020101960,フミヤングフェイス,牡,新谷功一,,シルバーステート,2013105903,ラクテウスオルビス,2010100810,ホワイトマズル,1990109700,ＳＴレーシング,ナカノファーム,"2,044.0",2013.0,2010.0,1990.0
2020100632,アイノセンシ,牡,高月賢一,,ドゥラメンテ,2012104511,スターズアラインド,000a013b87,Sea The Stars,000a011c78,日下部勝徳,笠松牧場,"2,044.0",2012.0,2011.0,2006.0
2020105919,エルツ,牡,月岡健二,,エスポワールシチー,2005102837,ウインプラチナム,2005102311,ゼンノエルシド,1997110179,高樽秀夫,村上欽哉,"2,042.0",2005.0,2005.0,1997.0
2020101853,シャープソーン,牝,西園正都,,ファインニードル,2013100612,ローズストリート,2014102195,ストリートセンス,000a0113a2,ゴドルフィン,ダーレー・ジャパン・ファーム,"2,040.0",2013.0,2014.0,2004.0
2020101317,テナシャスバイオ,牡,岡林光浩,,フリオーソ,2004106867,アグレッシブバイオ,2009106163,ディープインパクト,2002100816,バイオ（株）,沖田牧場,"2,035.5",2004.0,2009.0,2002.0
2020101508,ジャックパール,牡,稲益貴弘,,ノボジャック,1997110152,スピーディユウマ,2010104410,ディープインパクト,2002100816,吉川朋宏,サンバマウンテンファーム,"2,034.5",1997.0,2010.0,2002.0
2020104340,ハッピーパンニャ,牡,鈴木伸尋,,エピファネイア,2010104155,ハッピーノリチャン,2012103033,サクラバクシンオー,1989108341,足立範子,タイヘイ牧場,"2,034.0",2010.0,2012.0,1989.0
2020104321,チェルカトローヴァ,牡,矢野義幸,,スマートファルコン,2005100097,ロサガリカ,2007102691,フレンチデピュティ,000a00013a,（株）Ｎｉｃｋｓ,静内山田牧場,"2,032.0",2005.0,2007.0,1992.0
2020100203,クフィール,牡,今津博之,,キンシャサノキセキ,2003110212,ライムスカッシュ,2012104448,キングカメハメハ,2001103460,野田善己,嶋田牧場,"2,030.6",2003.0,2012.0,2001.0
2020103349,イルディヴィーノ,セ,稲垣幸雄,,キンシャサノキセキ,2003110212,クローバーリーフ,2008103376,タニノギムレット,1999100226,キャロットファーム,ノーザンファーム,"2,030.0",2003.0,2008.0,1999.0
2020100166,パラディ,牝,打越勇児,,ロードカナロア,2008103552,ブリュネット,2010101350,ダイワメジャー,2001103114,中村智幸,ケイアイファーム,"2,030.0",2008.0,2010.0,2001.0
2020104674,バレリーナ,牝,清水久詞,,ダイワメジャー,2001103114,マニヤラ,000a014479,Manduro,000a0114b8,石川達絵,服部牧場,"2,027.6",2001.0,2011.0,2002.0
2020101768,ブルーウィン,牝,坂口義幸,,ジャスタウェイ,2009106461,エゴイスト,2011100499,ファスリエフ,000a00fc4c,服部康夫,タバタファーム,"2,025.4",2009.0,2011.0,1997.0
2020104734,ユイノオトコヤマ,牡,土屋洋之,,メイショウサムソン,2003102205,ランリーナ,2015102676,エイシンフラッシュ,2007102951,橘勝年,藤沢牧場,"2,023.5",2003.0,2015.0,2007.0
2020101709,アステロイドメア,牝,田中淳司,,キズナ,2010105827,アサクラ,2011100267,クロフネ,1998110135,スマイルファーム,スマイルファーム,"2,023.2",2010.0,2011.0,1998.0
2020105205,ウインネモフィラ,牝,奥平雅士,,ゴールドシップ,2009102739,コスモネモシン,2007101171,ゼンノロブロイ,2000101517,ウイン,コスモヴューファーム,"2,023.0",2009.0,2007.0,2000.0
2020106816,ディクレアブルーム,牝,辻野泰之,,デクラレーションオブウォー,000a0136f6,タイキエイワン,2007101744,フサイチコンコルド,1993109220,大樹ファーム,ビクトリーホースランチ,"2,020.0",2009.0,2007.0,1993.0
2020104922,トラファルガー,セ,加藤和宏,,リオンディーズ,2013105915,マチュアード,000a01251f,Manduro,000a0114b8,田畑利彦,矢野牧場,"2,019.0",2013.0,2009.0,2002.0
2020102592,アフトクラーティラ,牝,上原佑紀,,ロードカナロア,2008103552,メーデイア,2008102582,キングヘイロー,1995104427,Ｇ１レーシング,追分ファーム,"2,018.0",2008.0,2008.0,1995.0
2020100959,ピノホホッア,牡,野口孝,,ベストウォーリア,2010110127,サニーヘイロー,2008102262,キングヘイロー,1995104427,岡田義雄,丸村村下ファーム,"2,017.5",2010.0,2008.0,1995.0
2020103212,アドマイヤソラ,牡,友道康夫,,ロードカナロア,2008103552,アドマイヤミヤビ,2014106242,ハーツクライ,2001103038,近藤旬子,ノーザンファーム,"2,013.8",2008.0,2014.0,2001.0
2020101288,ナムララジベラ,牝,石栗龍彦,,リアルスティール,2012104889,パンカティリオ,000a011a97,Kingmambo,000a001d7e,奈村睦弘,いとう牧場,"2,010.0",2012.0,2008.0,1990.0
2020103865,エイトキングゴッド,牡,青木孝文,,エイシンフラッシュ,2007102951,アフロディシアス,2008105107,ジャングルポケット,1998101786,岡田牧雄,岡田スタッド,"2,007.6",2007.0,2008.0,1998.0
2020101127,シャープムスタング,牡,藤田輝信,,カレンブラックヒル,2009106230,シャーペンエッジ,2006103222,クロフネ,1998110135,吉田勝己,坂東牧場,"2,007.0",2009.0,2006.0,1998.0
2020100759,アルマロクザン,牝,伊藤伸一,,ドレフォン,000a013b82,アルマディヴァン,2010106366,メジロベイリー,1998101457,コウトミックレーシング,小島牧場,"2,005.5",2013.0,2010.0,1998.0
2020102711,ノルドヴェスト,牡,萩原清,,ロードカナロア,2008103552,マエストラーレ,2006102778,ネオユニヴァース,2000101426,サンデーレーシング,社台コーポレーション白老ファーム,"2,004.0",2008.0,2006.0,2000.0
2020105774,コスモチプリア,牝,松永康利,,ゴールドシップ,2009102739,ホワイトウインド,2012103881,スウェプトオーヴァーボード,000a00fa34,ビッグレッドファーム,ビッグレッドファーム,"1,999.0",2009.0,2012.0,1997.0
2020101472,ラヴラブクロフネ,牝,坂口義幸,,ラブリーデイ,2010104298,ベルモントラヴ,2010105994,クロフネ,1998110135,谷謙介,小西ファーム,"1,987.6",2010.0,2010.0,1998.0
2020102809,デルマオシダシ,牝,鈴木慎太,,ジャスタウェイ,2009106461,オリオンムーン,000a0129c0,Manduro,000a0114b8,浅沼廣幸,社台ファーム,"1,984.6",2009.0,2009.0,2002.0
2020100078,フリッパー,牡,瀬戸口悟,,ドレフォン,000a013b82,ピアノボレロ,2007103526,ダンスインザダーク,1993109188,谷掛龍夫,片山牧場,"1,983.0",2013.0,2007.0,1993.0
2020101712,ダンツビガー,牡,古賀光範,,ミッキーアイル,2011103916,アバンドーネ,2014104055,ファルブラヴ,1998190004,山元哲二,スマイルファーム,"1,982.8",2011.0,2014.0,1998.0
2020102391,チュウワスプリング,牝,加藤幸保,,リアルスティール,2012104889,チュウワグルーヴ,2014106020,ルーラーシップ,2007103143,中西忍,若林順一,"1,981.4",2012.0,2014.0,2007.0
2020105236,プレストステラ,牡,鷹見浩,,アポロキングダム,2003110139,スミヨシルビー,2008104520,ナスダックパワー,1998103430,（有）ランドエコノミ,佐藤静子,"1,972.5",2003.0,2008.0,1998.0
2020106733,ブラーヴ,牡,黒木豊,,マジェスティックウォリアー,000a011e9c,ファインチョイス,2009100612,アドマイヤムーン,2003102991,田賀孝昭,富田牧場,"1,969.0",2005.0,2009.0,2003.0
2020105985,ヴィシソワーズ,牝,坂本昇,,フリオーソ,2004106867,センティーレ,2002100986,フジキセキ,1992109618,藤木隆之,村上牧場,"1,967.0",2004.0,2002.0,1992.0
2020102207,マイショウチャン,牡,田中道夫,,ディスクリートキャット,000a0113a1,チュウワプリンセス,2008102659,スペシャルウィーク,1995103211,（同）ＪＰＮ技研,前野牧場,"1,967.0",2003.0,2008.0,1995.0
2020110095,サイブレーカー,牡,武井亮,,Uncle Mo,000a011ffb,Downside Scenario,000a01bcee,Scat Daddy,000a0114fe,ＴＮレーシング,BlackRidge Stables LLC.,"1,966.9",2008.0,2013.0,2004.0
2020103036,サトノミスチーフ,牡,齋藤雄一,,Into Mischief,000a0125a7,プレイプリティー,000a015601,Indian Charlie,000a00fcd8,里見治,社台ファーム,"1,963.7",2005.0,2012.0,1995.0
2020105895,フォルテース,牡,斎藤雄一,,シルバーステート,2013105903,ケージーサクランボ,2010105328,キングカメハメハ,2001103460,岩崎僖澄,松木加代,"1,960.0",2013.0,2010.0,2001.0
2020104496,トウシンカーリン,牝,杉山晴紀,,マクフィ,000a011c77,トウシンハンター,2012103182,エンパイアメーカー,000a010542,サトー,千代田牧場,"1,960.0",2007.0,2012.0,2000.0
2020104237,トウキチロウ,牡,蛯名正義,,ヘニーヒューズ,000a011155,クランベリー,2007103527,フジキセキ,1992109618,サンデーヒルズ,サンデーヒルズ,"1,960.0",2003.0,2007.0,1992.0
2020101697,ノーブルライジング,牡,宮本博,,キズナ,2010105827,エルミラドール,2010104020,ジャングルポケット,1998101786,吉木伸彦,スウィングフィールド牧場,"1,960.0",2010.0,2010.0,1998.0
2020100530,フォルティーナ,牝,石橋守,,ミッキーアイル,2011103916,ワンダフルタイム,2011101948,サウスヴィグラス,1996110138,猪又晶介,山野牧場,"1,959.0",2011.0,2011.0,1996.0
2020103007,エンファサイズ,牡,小笠倫弘,,リアルスティール,2012104889,ファビュラスセンス,2006103038,グラスワンダー,1995108676,社台レースホース,社台ファーム,"1,958.0",2012.0,2006.0,1995.0
2020105757,グスタール,牡,森山英雄,,ダノンバラード,2008103548,コスモリープリング,2010103311,ヤマニンセラフィム,1999104188,山邉浩,ビッグレッドファーム,"1,956.3",2008.0,2010.0,1999.0
2020107199,ダンスインザリング,牡,柏原誠路,,キンシャサノキセキ,2003110212,ナイツエンド,000a010edd,エンドスウィープ,000a00010f,古賀慎一,惣田英幸,"1,956.0",2003.0,2001.0,1991.0
2020103303,ガルヴァナイズ,牡,中川竜馬,,リアルスティール,2012104889,カヴェルナ,2015104853,キングカメハメハ,2001103460,豊島愛子,ノーザンファーム,"1,943.2",2012.0,2015.0,2001.0
2020102881,プリンスノット,牡,小椋研介,,パドトロワ,2007102760,シンデレラロマンス,2005102279,Elusive Quality,000a00231f,ノルマンディーサラブレッドレーシング,社台ファーム,"1,940.0",2007.0,2005.0,1993.0
2020102736,ビヨンドザドリーム,牡,小椋研介,,ドリームジャーニー,2004102753,ワーキングプライド,2012104086,ハービンジャー,000a011996,盛学志,社台コーポレーション白老ファーム,"1,938.9",2004.0,2012.0,2006.0
2020104739,ランスオブサウンド,牝,奥村豊,,ディープブリランテ,2009105084,アンジェラスキッス,2004110255,Gone West,000a001be1,五影慶則,フジワラファーム,"1,937.2",2009.0,2004.0,1984.0
2020102962,プチボヌール,牝,畠山吉宏,,ジャスタウェイ,2009106461,トロワボヌール,2010103823,バゴ,2001190004,村野康司,社台ファーム,"1,936.0",2009.0,2010.0,2001.0
2020103117,ダンネワード,牡,角田輝也,,オルフェーヴル,2008102636,レッドレイチェル,2011104225,Medaglia d'Oro,000a010a65,吉田勝利,社台ファーム,"1,935.5",2008.0,2011.0,1999.0
2020101402,ラミアストラーダ,牡,藤ケ崎一,,エピファネイア,2010104155,タカミツサクラ,2014101826,ヨハネスブルグ,000a0103b9,小林誉人,木村牧場,"1,933.6",2010.0,2014.0,1999.0
2020103500,ドンデンガエシ,牡,保利良平,,ドレフォン,000a013b82,トゥザハピネス,2009106245,シンボリクリスエス,1999110099,岩切企画,ノーザンファーム,"1,931.4",2013.0,2009.0,1999.0
2020102081,テンクウハット,牝,加藤和宏,,モーリス,2011100655,ナリタシルエット,2007105969,フジキセキ,1992109618,小島將之,広富牧場,"1,930.0",2011.0,2007.0,1992.0
2020103448,スマートジェイナ,牝,加藤公太,,ロードカナロア,2008103552,スマートレイアー,2010102459,ディープインパクト,2002100816,大川徹,ノーザンファーム,"1,923.0",2008.0,2010.0,2002.0
2020106959,オーケン,牡,南弘樹,,ファインニードル,2013100612,アルシッペ,000a0114e6,Seeking the Gold,000a001bea,仲辻正貴,ミリオンファーム,"1,922.0",2013.0,2004.0,1985.0
2020104291,ベリーベリーベリー,牝,鈴木伸尋,,シャンハイボビー,000a0127e4,ストロベリーパフェ,2007100370,ブライアンズタイム,000a000082,藤川靖仁,静内フジカワ牧場,"1,921.0",2010.0,2007.0,1985.0
2020104606,ハチキンムスメ,牝,国沢輝幸,,パドトロワ,2007102760,ブルーブルチャンネ,2006101388,ステイゴールド,1994108729,岡林守三,西村牧場,"1,914.5",2007.0,2006.0,1994.0
2020103253,ピエフォール,牡,米谷康秀,,リアルスティール,2012104889,ウォッチハー,000a01227a,Mutakddim,000a00217c,組）ＷｉｎｎｉｎｇＨ,吉田俊介,"1,914.0",2012.0,2007.0,1991.0
2020102949,ツインビスケッツ,牝,伊藤滋規,,マインドユアビスケッツ,000a01392e,ツインエンジェルズ,2008102995,ハーツクライ,2001103038,遠藤裕之,社台ファーム,"1,910.5",2013.0,2008.0,2001.0
2020101572,スペシャリスト,牝,高橋文雅,,ヘニーヒューズ,000a011155,スペシャルピース,2008105562,スペシャルウィーク,1995103211,下河辺隆行,下河辺牧場,"1,908.0",2003.0,2008.0,1995.0
2020102120,バンブーグローブ,牡,斎藤誠,,ホッコータルマエ,2009100921,ゴールドフォレスト,2013103176,ゴールドアリュール,1999106689,林正道,藤本ファーム,"1,905.0",2009.0,2013.0,1999.0
2020103402,ベルシャンブル,牝,小椋研介,,キズナ,2010105827,シャンブルドット,2016110112,Lope de Vega,000a012919,シルクレーシング,ノーザンファーム,"1,903.3",2010.0,2016.0,2007.0
2020104636,ノーブルマルシェ,牝,佐野謙二,,ルーラーシップ,2007103143,ピーチブローフィズ,2007103298,シンボリクリスエス,1999110099,吉木伸彦,橋本牧場,"1,903.0",2007.0,2007.0,1999.0
2020104129,バサラ,牝,伊藤圭三,,フリオーソ,2004106867,ハードデイズナイト,2010102670,サウスヴィグラス,1996110138,ＯＵＭＡ,グランド牧場,"1,901.0",2004.0,2010.0,1996.0
2020105137,ヴァンナチュール,牡,橘友和,,ヴァンセンヌ,2009106525,ジョイオブライフ,2015100125,ゼンノロブロイ,2000101517,徳永雅樹,上井農場,"1,896.0",2009.0,2015.0,2000.0
2020102561,インペリアルコート,牝,畑端省吾,,ダイワメジャー,2001103114,シーリーコート,2004103080,Distorted Humor,000a0022ea,吉田晴哉,追分ファーム,"1,891.0",2001.0,2004.0,1993.0
2020100639,サイモンギフト,牡,勢司和浩,,シャンハイボビー,000a0127e4,フレンチトースト,2009101022,フレンチデピュティ,000a00013a,澤田昭紀,笠松牧場,"1,888.0",2010.0,2009.0,1992.0
2020100656,ダークンストーミー,牡,酒井忍,,サトノアラジン,2011104063,ラブレインボー,2010102020,フレンチデピュティ,000a00013a,荒井眞澄,上山牧場,"1,887.0",2011.0,2010.0,1992.0
2020101823,ファイアネイド,牝,安田翔伍,,パイロ,000a01176a,セントリフュージ,2015101637,ハードスパン,000a0116a1,ゴドルフィン,ダーレー・ジャパン・ファーム,"1,882.0",2005.0,2015.0,2004.0
2020104752,クレシューズ,牡,稲益貴弘,,シニスターミニスター,000a011099,ダイヤモンドギフト,2008100867,ブライアンズタイム,000a000082,（有）フジワラ・ファ,フジワラファーム,"1,881.5",2003.0,2008.0,1985.0
2020103474,シュニー,牝,小崎憲,,マインドユアビスケッツ,000a01392e,チカリータ,2013105882,クロフネ,1998110135,インゼルレーシング,ノーザンファーム,"1,880.0",2013.0,2013.0,1998.0
2020103268,パルティキュリエ,牝,小手川準,,キタサンブラック,2012102013,エクセレンスII,000a012f87,Champs Elysees,000a012551,サンデーレーシング,ノーザンファーム,"1,880.0",2012.0,2011.0,2003.0
2020104940,マコトヴィクラント,牡,鮫島一歩,,ダンカーク,000a012185,マコトカンパネッロ,2012105020,デュランダル,1999106756,ディアマント,木村秀則,"1,878.0",2006.0,2012.0,1999.0
2020104790,エンツォウーノ,セ,田中克典,,エイシンヒカリ,2011101273,トレノエンジェル,2007100875,タイキシャトル,1994109686,廣崎智子,藤原牧場,"1,877.0",2011.0,2007.0,1994.0
2020104152,ケンマキシム,牡,高橋清顕,,ジャスタウェイ,2009106461,チアズスワロー,2004104380,フレンチデピュティ,000a00013a,（株）エスティ,今牧場,"1,871.5",2009.0,2004.0,1992.0
2020102771,トリオンファーレ,セ,真島元徳,,ドゥラメンテ,2012104511,ウェイクアップマギー,000a01179a,ザール,000a010990,平井裕,社台ファーム,"1,867.8",2012.0,2003.0,1995.0
2020100506,グロリアドーロ,牡,石橋満,,トゥザグローリー,2007103265,エーシンブイムード,2005110171,Malibu Moon,000a010c8e,福盛訓之,元道牧場,"1,867.5",2007.0,2005.0,1997.0
2020105130,ローアヴァンフレア,牡,繁田健一,,ヘニーヒューズ,000a011155,プラセンティア,2006103189,トワイニング,000a000006,（有）エッジ,カミイスタット,"1,866.5",2003.0,2006.0,1991.0
2020106474,ノブノビスケッツ,牡,加藤和宏,,マインドユアビスケッツ,000a01392e,マイネクイーン,2008104036,アグネスタキオン,1998101516,佐野信幸,笹島智則,"1,860.9",2013.0,2008.0,1998.0
2020106687,ウォルラス,牡,中川公成,,イスラボニータ,2011103565,アイヴォリーカラー,2004102743,クロフネ,1998110135,ディアレストクラブ,ディアレストクラブ,"1,860.0",2011.0,2004.0,1998.0
2020103728,ヤングローゼス,セ,手塚貴久,,エピファネイア,2010104155,ローザフェリーチェ,2015105111,エンパイアメーカー,000a010542,藤田晋,ノーザンファーム,"1,854.0",2010.0,2015.0,2000.0
2020106449,グディカンワル,セ,南弘樹,,ロージズインメイ,000a010a10,レオアンナ,2001100333,タヤスツヨシ,1992109612,小橋亮太,江谷牧場,"1,852.5",2000.0,2001.0,1992.0
2020103530,イコノスタシス,牝,古賀慎明,,モーリス,2011100655,パストフォリア,2009106261,シンボリクリスエス,1999110099,サンデーレーシング,ノーザンファーム,"1,852.0",2011.0,2009.0,1999.0
2020103885,クリノゴッホ,セ,岩戸孝樹,,マツリダゴッホ,2003104570,カムホームラッシー,2013110056,Lawman,000a011d55,栗原正雄,岡田スタッド,"1,850.9",2003.0,2013.0,2004.0
2020102668,メダルラッシュ,牝,山田義人,,マインドユアビスケッツ,000a01392e,スイートメロディー,2013105485,ゴールドアリュール,1999106689,近藤一生,社台コーポレーション白老ファーム,"1,848.2",2013.0,2013.0,1999.0
2020103100,ファイナルヒート,牡,古賀慎明,,リアルインパクト,2008103244,リーサルヒート,000a011d32,Unusual Heat,000a0118fe,村野康司,社台ファーム,"1,848.0",2008.0,2005.0,1990.0
2020100707,クレセントウイング,セ,高橋文雅,,ロードカナロア,2008103552,ウイングザムーン,2009101080,アドマイヤムーン,2003102991,ヒダカ・ブリーダーズ・ユニオン,高昭牧場,"1,848.0",2008.0,2009.0,2003.0
2020103416,テンペスト,牝,国枝栄,,ロードカナロア,2008103552,シーザリオ,2002100844,スペシャルウィーク,1995103211,キャロットファーム,ノーザンファーム,"1,845.6",2008.0,2002.0,1995.0
2020106320,ゲンパチルミナス,牝,渡邊貴光,,ダンカーク,000a012185,ダイオプサイド,2011105640,フジキセキ,1992109618,宗方千明,カナイシスタッド,"1,845.5",2006.0,2011.0,1992.0
2020110052,ダークモード,牡,山中尊徳,,Dark Angel,000a0122b4,Royal Majestic,000a015960,Tobougg,000a00fea3,三河辰已,Paul & Billy McEnery,"1,844.5",2005.0,2009.0,1998.0
2020100250,ライトニングブルー,牝,栗林徹治,,ホッコータルマエ,2009100921,システーナブルー,2008104458,ゼンノロブロイ,2000101517,組）Ｇ．Ｇ．Ｇ．Ｍホ,タツヤファーム,"1,840.3",2009.0,2008.0,2000.0
2020104040,ハセノゴールド,牡,張田京,,アジアエクスプレス,2011110091,ガールズ,2012103099,グラスワンダー,1995108676,長谷川文夫,カタオカステーブル,"1,840.0",2011.0,2012.0,1995.0
2020100289,シルバーダイヤ,牝,山崎裕也,,シルバーステート,2013105903,ルドラ,000a011529,Cape Cross,000a0022ae,渡辺孝祐,土田農場,"1,840.0",2013.0,2005.0,1994.0
2020102757,ベファーナ,牝,松下武士,,エピファネイア,2010104155,アーヴェイ,2006190003,Danehill Dancer,000a002309,グリーンファーム,社台ファーム,"1,836.0",2010.0,2006.0,1993.0
2020100652,ヒラリーステップ,牝,天間昭一,,ホッコータルマエ,2009100921,サラファン,2009101032,アグネスタキオン,1998101516,ビッグレッドファーム,上山牧場,"1,836.0",2009.0,2009.0,1998.0
2020102674,スペルキャスター,牝,蛯名利弘,,ロードカナロア,2008103552,スペルバインド,2005102095,ゴールドアリュール,1999106689,稲場澄,社台コーポレーション白老ファーム,"1,835.0",2008.0,2005.0,1999.0
2020106049,リュウノアスラーム,牝,齊藤敏,,ベストウォーリア,2010110127,シベリアンリリー,2003104082,タマモクロス,1984101673,蓑島竜一,山岡牧場,"1,833.8",2010.0,2003.0,1984.0
2020106446,モーモーレッド,牝,池田忠好,,タリスマニック,000a013425,テンセイフジ,2002102898,ハウスバスター,000a000187,小橋亮太,小葉松幸雄,"1,833.2",2013.0,2002.0,1987.0
2020106249,エイシンケプラー,牡,坂本和也,,エイシンヒカリ,2011101273,エイシンコクーン,2011110048,Unbridled's Song,000a002071,平井克彦,栄進牧場,"1,830.0",2011.0,2011.0,1993.0
2020103703,コーパスクリスティ,牡,加藤和宏,,エピファネイア,2010104155,レッドソンブレロ,2012104673,キングカメハメハ,2001103460,ファーストビジョン,ノーザンファーム,"1,830.0",2010.0,2012.0,2001.0
2020102050,サンポーニャ,牝,池江泰寿,,モーリス,2011100655,テンダリーヴォイス,2012104864,ディープインパクト,2002100816,金子真人ホールディングス,日高大洋牧場,"1,830.0",2011.0,2012.0,2002.0
2020103014,バルーンアート,牡,田中力,,シャンハイボビー,000a0127e4,フライングバルーン,2009105937,デュランダル,1999106756,吉田照哉,社台ファーム,"1,828.4",2010.0,2009.0,1999.0
2020102995,クイーンオブソウル,牝,高野毅,,マインドユアビスケッツ,000a01392e,ビジューミニョン,2012104195,ダイワメジャー,2001103114,ジャコモ（同）,社台ファーム,"1,825.1",2013.0,2012.0,2001.0
2020105189,ウインリュクス,牝,吉田直弘,,ハービンジャー,000a011996,ウインプリメーラ,2010105925,ステイゴールド,1994108729,ウイン,コスモヴューファーム,"1,822.0",2006.0,2010.0,1994.0
2020103834,プルタオルネ,牡,小国博行,,リアルインパクト,2008103244,サクラカンパネラ,2002104299,サクラバクシンオー,1989108341,佐藤良二,伊藤敏明,"1,821.6",2008.0,2002.0,1989.0
2020103605,ホウオウドラッカー,牡,奥村武,,ドレフォン,000a013b82,ホウオウパフューム,2014106155,ハーツクライ,2001103038,小笹芳央,ノーザンファーム,"1,820.0",2013.0,2014.0,2001.0
2020101134,ニフェーデービル,セ,宮川浩一,,ルーラーシップ,2007103143,チュラカーギー,2013105838,ゴールドアリュール,1999106689,吉田一成,坂東牧場,"1,820.0",2007.0,2013.0,1999.0
2020104089,ドンカルロ,牡,細川忠義,,ドレフォン,000a013b82,レトロクラシック,2012102815,ディープインパクト,2002100816,ファーストビジョン,木村秀則,"1,818.5",2013.0,2012.0,2002.0
2020103636,インテンソ,セ,松永幹夫,,ドゥラメンテ,2012104511,ミスセレンディピティ,000a013c82,Not For Sale,000a011fae,シルクレーシング,ノーザンファーム,"1,810.4",2012.0,2008.0,1994.0
2020190002,チャリン,牡,ヴェリア,,Dark Angel,000a0122b4,Futoon,000a01ee78,Kodiac,000a012b10,Ｎ．ビザコフ,Grangemore Stud,"1,800.0",2005.0,2013.0,2001.0
2020102181,コロンビアテソーロ,牝,栗田徹,,ジャスタウェイ,2009106461,キトゥンブルー,2008102643,ダンスインザダーク,1993109188,了徳寺健二ホールディングス,本間牧場,"1,800.0",2009.0,2008.0,1993.0
2020104192,トニープリンス,牡,田辺陽一,,ネロ,2011103722,ミッシェルラブ,2005104547,フォティテン,000a000d19,（有）トニーステーブ,坂本智広,"1,799.5",2011.0,2005.0,1984.0
2020105023,プレストレガシー,牡,佐々木清,,エスポワールシチー,2005102837,レッドフィオーレ,2008104241,バゴ,2001190004,（有）ランドエコノミ,アラキファーム,"1,796.5",2005.0,2008.0,2001.0
2020103221,シルバーニース,牝,工藤真司,,ルーラーシップ,2007103143,アルギュロス,2012104647,マンハッタンカフェ,1998101554,嶋田亘克,ノーザンファーム,"1,791.0",2007.0,2012.0,1998.0
2020100433,オズモポリタン,牝,諏訪貴正,,ビーチパトロール,000a0141f9,ケージーハッピー,2005104799,ジェイドロバリー,000a0001a7,（同）スカイラーシス,松本牧場,"1,790.0",2013.0,2005.0,1987.0
2020101438,クラティアラ,牝,藤原智行,,タイセイレジェンド,2007103199,クラフィンライデン,2006105348,ワカオライデン,1981100841,倉見利弘,倉見牧場,"1,788.7",2007.0,2006.0,1981.0
2020104831,コパノエルパソ,牡,上原博之,,コパノリッキー,2010106548,タスクミストレス,2007103106,キングカメハメハ,2001103460,小林祥晃,北洋牧場,"1,788.0",2010.0,2007.0,2001.0
2020102464,シルヴィーノ,牡,橋本和馬,,トーセンホマレボシ,2009106092,エスティレジェンド,2011100114,ロージズインメイ,000a010a10,島川隆哉,エスティファーム,"1,786.0",2009.0,2011.0,2000.0
2020101721,ゴッドファーザー,牡,萩原清,,シルバーステート,2013105903,ノッツダルジェント,2012102366,バゴ,2001190004,ＨｏｒｓｅＮｅｔ,スマイルファーム,"1,784.1",2013.0,2012.0,2001.0
2020100548,リアルミー,牡,今津博之,,トランセンド,2006104736,テラザパピヨン,2012102656,トワイニング,000a000006,渡部賢治,レースホース牧場,"1,783.9",2006.0,2012.0,1991.0
2020103579,アルタビスタ,牝,松永幹夫,,ロードカナロア,2008103552,ブエナビスタ,2006103319,スペシャルウィーク,1995103211,サンデーレーシング,ノーザンファーム,"1,783.0",2008.0,2006.0,1995.0
2020103685,ヒシタイカン,セ,澤佳宏,,モーリス,2011100655,リュラ,2013106020,ステイゴールド,1994108729,釜石康平,ノーザンファーム,"1,782.1",2011.0,2013.0,1994.0
2020104913,グランデスフィーダ,牡,佐藤悠太,,ドゥラメンテ,2012104511,シスタリーラヴ,000a012955,Bellamy Road,000a011cf9,ＤＭＭドリームクラブ,矢野牧場,"1,782.0",2012.0,2008.0,2002.0
2020103261,アウクソー,牝,平田修,,サトノアラジン,2011104063,ヴィリエルバクル,2011110051,Sea The Stars,000a011c78,大島昌也,ノーザンファーム,"1,780.0",2011.0,2011.0,2006.0
2020106345,ハローマイラブリー,牝,矢内博,,モーリス,2011100655,ラッキーペニー,2013100722,ダイワメジャー,2001103114,田村忠正,鎌田正嗣,"1,777.5",2011.0,2013.0,2001.0
2020105201,ウインエタンセル,牡,川添明弘,,ビーチパトロール,000a0141f9,コスモエルデスト,2011105940,ブラックホーク,1994109361,泉一郎,コスモヴューファーム,"1,775.1",2013.0,2011.0,1994.0
2020102648,ラパンラピッド,セ,武井亮,,ルーラーシップ,2007103143,クードラパン,2013106160,ダイワメジャー,2001103114,シルクレーシング,社台コーポレーション白老ファーム,"1,773.0",2007.0,2013.0,2001.0
2020110134,ジャスパーロイヤル,牡,佐久間雅,,Violence,000a013951,Sumthingtotalkabt,000a01bb7d,Mutakddim,000a00217c,加藤和夫,SF Bloodstock LLC,"1,770.0",2010.0,2003.0,1991.0
2020102568,ワイアウ,牝,鈴木慎太,,ロードカナロア,2008103552,チェリーペトルズ,2010104541,ダイワメジャー,2001103114,Ｇ１レーシング,追分ファーム,"1,768.0",2008.0,2010.0,2001.0
2020101019,サイレントウルフ,牡,藤田正治,,リーチザクラウン,2006102923,フレンチフレイバー,2005105993,フレンチデピュティ,000a00013a,蟹江知彦,赤石牧場,"1,767.5",2006.0,2005.0,1992.0
2020102637,ヴィヴィッシモ,牡,松永幹夫,,ジャスタウェイ,2009106461,エスティタート,2013105321,ドリームジャーニー,2004102753,キャロットファーム,社台コーポレーション白老ファーム,"1,763.0",2009.0,2013.0,2004.0
2020101970,エーヴベリー,牝,平山真希,,マインドユアビスケッツ,000a01392e,ベルゲン,2013106035,ヴァーミリアン,2002100877,杉浦和也,中前牧場,"1,757.4",2013.0,2013.0,2002.0
2020104644,スマイルジョナス,牡,渡瀬寛彰,,グランプリボス,2008103388,カツゲキミヤビ,2015105341,サウスヴィグラス,1996110138,松野真一,畠山牧場,"1,755.0",2008.0,2015.0,1996.0
2020102500,トーセンジェミニ,牝,小久保智,,トーセンファントム,2007102870,トーセンスマッシュ,2004101464,トウカイテイオー,1988101025,増田博美,エスティファーム,"1,754.5",2007.0,2004.0,1988.0
2020106018,モリデンステルス,牡,鈴木啓之,,エスポワールシチー,2005102837,アローフィールド,2000107089,シャーディー,000a0002f0,吉岡亨浩,森田芳男,"1,753.0",2005.0,2000.0,1986.0
2020105649,モンネトワ,牝,橋口慎介,,キズナ,2010105827,ユメノトビラ,2014110053,Bernardini,000a0111fe,前田幸貴,ノースヒルズ,"1,753.0",2010.0,2014.0,2003.0
2020100519,ジョーイルムシュ,牝,小久保智,,ジョーカプチーノ,2006100529,ジョーアラマート,2008103959,キングヘイロー,1995104427,上田江吏子,山際牧場,"1,751.0",2006.0,2008.0,1995.0
2020106775,スナイプフレイバー,牡,坂井英光,,マジェスティックウォリアー,000a011e9c,フェールクークー,2005106340,アラムシャー,000a00fdab,尾田信夫,日進牧場,"1,750.0",2005.0,2005.0,2000.0
2020103248,キープスマイリング,牝,武井亮,,Quality Road,000a011cff,ウィープノーモア,000a015604,Mineshaft,000a010545,キャロットファーム,ノーザンファーム,"1,750.0",2006.0,2013.0,1999.0
2020105327,パイアイヤー,牝,村上実,,アジアエクスプレス,2011110091,パイメイメイ,2011104833,ファルブラヴ,1998190004,山本茂,隆栄牧場,"1,747.0",2011.0,2011.0,1998.0
2020105889,トレド,牡,池上昌和,,ヘニーヒューズ,000a011155,リンガスウーノ,2013104896,サウスヴィグラス,1996110138,ラ・メール,松浦牧場,"1,746.8",2003.0,2013.0,1996.0
2020104407,エスプリボクチャン,牡,澤佳宏,,アジアエクスプレス,2011110091,ルナーコロナ,2007102746,ネオユニヴァース,2000101426,依田泰雄,田中裕之,"1,746.5",2011.0,2007.0,2000.0
2020107036,マイネルビジョン,牡,打越勇児,,Oscar Performance,000a015fd6,ソングオブアイスアンドファイア,000a0169e6,Dynaformer,000a001dd9,サラブレッドクラブ・ラフィアン,ビッグレッドファーム,"1,745.0",2014.0,2011.0,1985.0
2020107073,ジェイケイファイン,セ,川村守男,,ファインニードル,2013100612,アイアムエメラルド,2014103789,ステイゴールド,1994108729,小谷野次郎,浜本牧場,"1,743.9",2013.0,2014.0,1994.0
2020106392,ダッチアイリス,牝,相沢郁,,ハービンジャー,000a011996,シルクアイリス,2008101431,ディープインパクト,2002100816,杵臼牧場,杵臼牧場,"1,740.0",2006.0,2008.0,2002.0
2020106106,マナフラッシュ,牡,齊藤敏,,ダノンレジェンド,2010110102,ブリトン,2002104080,サクラローレル,1991103498,佐藤弘樹,熊沢牧場,"1,738.5",2010.0,2002.0,1991.0
2020104096,ガーベランクイーン,牝,佐藤裕太,,ストロングリターン,2006102934,ワイルドゲッツ,2009103470,ワイルドラッシュ,000a0003a1,桑野隆司,キヨタケ牧場,"1,733.5",2006.0,2009.0,1994.0
2020104111,チェイスザウェイ,牝,伊藤圭三,,ジャスタウェイ,2009106461,ゴールドチェイス,2010102652,アドマイヤムーン,2003102991,ヒダカ・ブリーダーズ・ユニオン,グランド牧場,"1,730.0",2009.0,2010.0,2003.0
2020102495,サムタイムアゴー,牡,高馬元紘,,マクマホン,000a0143ac,トーセンオーキッド,2011104258,ネオユニヴァース,2000101426,ネコメンレーシング,エスティファーム,"1,729.1",2014.0,2011.0,2000.0
2020102944,リュクススティール,セ,高柳瑞樹,,リアルスティール,2012104889,チェリークォーツ,2013105356,ワークフォース,000a011a7f,田畑憲士,社台ファーム,"1,723.0",2012.0,2013.0,2007.0
2020101034,アイアンムーン,牡,玉垣光章,,アドマイヤムーン,2003102991,ミラクルアスク,2010106609,ディープインパクト,2002100816,廣崎双葉,ＡＳＫＳＴＵＤ,"1,722.0",2003.0,2010.0,2002.0
2020101230,ヤングワールド,牡,手塚貴久,,コパノリッキー,2010106548,ビーラヴリー,2008110081,ヨハネスブルグ,000a0103b9,藤田在子,天羽禮治,"1,720.0",2010.0,2008.0,1999.0
2020110044,ボタニカルガーデン,牝,緒方努,,Mastercraftsman,000a01249a,Poinsettia,000a01bbfc,Galileo,000a00232b,ゴドルフィン,C&S Bloodstock Ltd A Davis & G Doran,"1,719.0",2006.0,2008.0,1998.0
2020100706,アグネスシュウ,セ,岡田利一,,ドレフォン,000a013b82,アグネスワルツ,2007102955,ゼンノロブロイ,2000101517,上山泰憲,高昭牧場,"1,717.0",2013.0,2007.0,2000.0
2020102872,シャドウダッチェス,牝,矢内博,,ヘニーヒューズ,000a011155,シャドウストリーム,2003106090,サンデーサイレンス,000a00033a,田村義徳,社台ファーム,"1,716.0",2003.0,2003.0,1986.0
2020104525,サグアロ,牡,田村彰啓,,ヘニーヒューズ,000a011155,ミリオンセラーII,000a012e2d,A.P. Indy,000a001d37,伊藤永二郎,千代田牧場,"1,714.0",2003.0,2006.0,1989.0
2020102398,ティオボルド,牡,鷹見浩,,ヴィットリオドーロ,2009110009,ムービングライト,2009103535,サウスヴィグラス,1996110138,江里口弘一郎,若林順一,"1,709.0",2009.0,2009.0,1996.0
2020101569,マテンロウアルテ,牝,坂口智康,,ルーラーシップ,2007103143,スキーホリデー,000a013675,Harlan's Holiday,000a010cdf,寺田千代乃,下河辺牧場,"1,700.4",2007.0,2009.0,1999.0
2020110107,ジャスパーワールド,セ,森秀行,,Justify,000a013f2d,Sweet Shirley Mae,000a01bdef,Broken Vow,000a0101a0,加藤和夫,Breeze Easy LLC,"1,700.0",2015.0,2010.0,1997.0
2020106473,ゴーフォマームード,牝,長谷川浩,,ダノンレジェンド,2010110102,マイネウインク,2005105006,スペシャルウィーク,1995103211,前田剛,笹島智則,"1,700.0",2010.0,2005.0,1995.0
2020106144,ディヴァージオン,牝,別府真司,,サトノダイヤモンド,2013106101,スコアズビー,2007103203,ロックオブジブラルタル,000a00fd4c,ファーストビジョン,猿倉牧場,"1,700.0",2013.0,2007.0,1999.0
2020104818,レジュークレール,牝,斉藤正弘,,シニスターミニスター,000a011099,ハイフィールド,2006101556,マーベラスサンデー,1992103687,山下貴,へいはた牧場,"1,700.0",2003.0,2006.0,1992.0
2020104205,テレパシー,牝,石坂公一,,ドレフォン,000a013b82,ストック,2008100339,キングカメハメハ,2001103460,石川達絵,桜井牧場,"1,700.0",2013.0,2008.0,2001.0
2020100994,マルモリキング,牡,大橋勇樹,,ホッコータルマエ,2009100921,ミヤジガンバレ,2009101361,ファスリエフ,000a00fc4c,山下繁美,村中牧場,"1,700.0",2009.0,2009.0,1997.0
2020105804,マイネルアラウダ,牡,坂本和也,,ロージズインメイ,000a010a10,ウォーブル,2014102906,トーセンホマレボシ,2009106092,柳田基,ブルースターズファーム,"1,699.5",2000.0,2014.0,2009.0
2020101233,ロンリープラネット,セ,古賀光範,,パイロ,000a01176a,アースリヴィング,2006110122,Yonaguska,000a010be8,須田靖之,新井昭二,"1,696.3",2005.0,2006.0,1998.0
2020110073,イサイアス,牡,藤ケ崎一,,カリフォルニアクローム,000a012602,Above Heaven,000a012d61,Mr. Greeley,000a00213e,平本淳一,Chiyoda Farm,"1,693.3",2011.0,2009.0,1992.0
2020110029,フリーウィーリング,牡,櫻田康二,,War Front,000a011d00,Fresh Feline,000a01b112,Kitten's Joy,000a0119b3,星野隆男,Lazy F Ranch & W. S. Farish,"1,690.0",2002.0,2011.0,2001.0
2020105582,ソフィアクラウン,牝,佐々木仁,,サトノクラウン,2012104668,メガクライト,2003102819,アグネスタキオン,1998101516,吉田勝己,新冠橋本牧場,"1,687.5",2012.0,2003.0,1998.0
2020106221,スイッチオン,牡,鈴木義久,,マジェスティックウォリアー,000a011e9c,ケイアイミサイル,2003104541,スペシャルウィーク,1995103211,須山悟至,浦河育成牧場,"1,686.5",2005.0,2003.0,1995.0
2020110151,グレン,牡,野中賢二,,Union Rags,000a012d4c,Purely Hot,000a01c0d2,Pure Prize,000a011252,カナヤマホールディングス,Orpendale/Chelston/Wynatt,"1,680.0",2009.0,2008.0,1998.0
2020104903,コスモモカ,牝,佐藤敏彦,,ジョーカプチーノ,2006100529,ダンサーズブロンド,2006103271,ゴールドアリュール,1999106689,小橋亮太,三木田牧場,"1,677.3",2006.0,2006.0,1999.0
2020101489,コルドゥアン,牡,山中尊徳,,プレティオラス,2009102405,ヴィジタンディーヌ,2010100402,ワイルドラッシュ,000a0003a1,伊達泰明,サンシャイン牧場,"1,677.0",2009.0,2010.0,1994.0
2020104354,ジャクソン,牡,武市康男,,サトノアラジン,2011104063,プードルデコール,2010104493,New Approach,000a011656,薪浦亨,高橋修,"1,672.0",2011.0,2010.0,2005.0
2020103931,ヴィクトリーロード,牡,畠山吉宏,,ロードカナロア,2008103552,ファーゴ,2009106345,ハーツクライ,2001103038,山田弘,岡田スタッド,"1,670.8",2008.0,2009.0,2001.0
2020101560,ダラムキャッスル,牝,斎藤誠,,ヘニーヒューズ,000a011155,シュンドルボン,2011100352,ハーツクライ,2001103038,下河辺隆行,下河辺牧場,"1,670.0",2003.0,2011.0,2001.0
2020101925,アイヤナ,牝,田村彰啓,,リアルインパクト,2008103244,レッドマシェリ,2007102830,Gone West,000a001be1,水野淳,戸川牧場,"1,669.5",2008.0,2007.0,1984.0
2020101008,キープブライトン,牡,岩崎真樹,,ルーラーシップ,2007103143,シードパール,2012106134,ディープインパクト,2002100816,高嶋航,吉田ファーム,"1,664.5",2007.0,2012.0,2002.0
2020100541,ドゥーロアバンティ,牡,立花伸,,アジアエクスプレス,2011110091,モンテドーター,2003109309,ブライアンズタイム,000a000082,清水龍,米田牧場,"1,664.0",2011.0,2003.0,1985.0
2020105478,ウマピョイ,牝,加藤和宏,,ゴールドアクター,2011105266,サニツ,2015104874,ロードカナロア,2008103552,大田恭充,中山高鹿康,"1,662.2",2011.0,2015.0,2008.0
2020100997,マルモリディライト,牝,畠山吉宏,,ダンカーク,000a012185,ロイヤルヴィラ,2014100819,ゼンノロブロイ,2000101517,山下繁美,村中牧場,"1,656.0",2006.0,2014.0,2000.0
2020102965,マルカシャルマン,牝,浜田多実,,ノヴェリスト,000a012230,ナチュラルスタンス,2010103709,フジキセキ,1992109618,日下部猛,社台ファーム,"1,655.5",2009.0,2010.0,1992.0
2020106686,ジャスタースパーク,牡,鈴木義久,,ジャスタウェイ,2009106461,ペルセンプレ,2008110086,Kingmambo,000a001d7e,安喰武雄,天馬杵臼牧場,"1,653.5",2009.0,2008.0,1990.0
2020101850,ウェザーコック,牡,山田徹,,タリスマニック,000a013425,レッドフェザー,2011100561,ディープスカイ,2005101358,（株）ＨＦＧ越後,ダーレー・ジャパン・ファーム,"1,653.2",2013.0,2011.0,2005.0
2020100688,エントラップメント,牝,盛本信春,,マジェスティックウォリアー,000a011e9c,ルーレットクイーン,2013103464,ドリームジャーニー,2004102753,椎名節,桑田牧場,"1,651.5",2005.0,2013.0,2004.0
2020105055,ドナルビー,牝,佐々木仁,,ディスクリートキャット,000a0113a1,ポッドシルビア,2013101362,ダノンシャンティ,2007105709,小川眞査雄,岩見牧場,"1,651.0",2003.0,2013.0,2007.0
2020102552,クラウドセイル,牡,堀内岳志,,シルバーステート,2013105903,クリッパールート,2012104053,シンボリクリスエス,1999110099,Ｇ１レーシング,追分ファーム,"1,648.5",2013.0,2012.0,1999.0
2020102961,リヤンドメテオール,牝,中竹和也,,キズナ,2010105827,トレラピッド,2005190001,Anabaa Blue,000a011385,社台レースホース,社台ファーム,"1,645.0",2010.0,2005.0,1998.0
2020105456,トロピカルタウン,牡,宇野木博,,カレンブラックヒル,2009106230,トロピカルタイム,2000105004,ブライアンズタイム,000a000082,田村武久,中本隆志,"1,642.0",2009.0,2000.0,1985.0
2020101777,シゲルミライ,牝,川村禎彦,,ドレフォン,000a013b82,クァンタムミス,000a01293e,Smoke Glacken,000a00222c,關美和,田端牧場,"1,641.0",2013.0,2008.0,1994.0
2020102431,ラブリプリンチャン,牝,鈴木伸尋,,コパノリッキー,2010106548,ララサンタフェーズ,2011102231,スペシャルウィーク,1995103211,大崎幸路,市川牧場,"1,640.7",2010.0,2011.0,1995.0
2020104323,キャッスルシオン,牝,渋谷信博,,バトルプラン,000a0118e8,キャッスルローズ,2007100400,スターリングローズ,1997106560,城市公,城市公,"1,640.5",2005.0,2007.0,1997.0
2020106025,サワヤカローズ,牝,坂本和也,,ヘニーヒューズ,000a011155,レッドアンコール,2011105412,キングカメハメハ,2001103460,森永聡,森永聡,"1,639.6",2003.0,2011.0,2001.0
2020105952,ワンボイス,牡,田村彰啓,,ハービンジャー,000a011996,リアライズクレア,2009106476,ゴールドアリュール,1999106689,井手進策,村上欽哉,"1,637.0",2006.0,2009.0,1999.0
2020103503,クロスライセンス,牡,萩原清,,キズナ,2010105827,トップライセンス,2013105841,キンシャサノキセキ,2003110212,サンデーレーシング,ノーザンファーム,"1,635.4",2010.0,2013.0,2003.0
2020100257,ユイアングレイス,牡,石橋満,,イスラボニータ,2011103565,ポッドルージュ,2011105692,フレンチデピュティ,000a00013a,由比泉子,タツヤファーム,"1,633.5",2011.0,2011.0,1992.0
2020103047,ホウオウバーナード,牡,高柳瑞樹,,ハービンジャー,000a011996,ホウオウマリリン,2013105446,ダイワメジャー,2001103114,小笹芳央,社台ファーム,"1,631.0",2006.0,2013.0,2001.0
2020104442,アトカラツイテクル,牝,宇野木博,,パドトロワ,2007102760,ウェーブピアサー,2007102670,ゼンノロブロイ,2000101517,内田玄祥,谷藤弘美,"1,630.0",2007.0,2007.0,2000.0
2020110080,モダナイズクィーン,牝,小久保智,,Distorted Humor,000a0022ea,Never Grow Old,000a01bced,Scat Daddy,000a0114fe,小田吉男,Grantley Acres,"1,628.5",1993.0,2014.0,2004.0
2020100215,サラサグッドワーク,牡,佐々木仁,,パイロ,000a01176a,ドナファウスタ,2015102430,オルフェーヴル,2008102636,横井良明,下屋敷牧場,"1,628.5",2005.0,2015.0,2008.0
2020100401,テイエムルンバ,牝,竹之下昭,,モーリス,2011100655,ヒミノダンス,2006103939,ダンスインザダーク,1993109188,竹園正繼,前川勝春,"1,628.0",2011.0,2006.0,1993.0
2020103710,ホウオウジュビリー,牝,森泰斗,,リアルスティール,2012104889,レトII,000a0117c4,Diesis,000a001815,小笹芳央,ノーザンファーム,"1,627.0",2012.0,2003.0,1980.0
2020101817,スノーパトロール,牝,飯田弘道,,アメリカンペイトリオット,000a013bba,スノーレパード,2011100553,ストーミングホーム,1998190003,廣瀬由一,ダーレー・ジャパン・ファーム,"1,625.7",2013.0,2011.0,1998.0
2020105872,ヴォードヴィル,牝,中竹和也,,ルーラーシップ,2007103143,ストームイメージ,2001102785,ダンスインザダーク,1993109188,ローレルレーシング,松浦牧場,"1,624.2",2007.0,2001.0,1993.0
2020106251,エイシンエメラルド,牝,工藤伸輔,,タリスマニック,000a013425,エイシンジルコン,2013102269,ディープインパクト,2002100816,北原大史,栄進牧場,"1,624.0",2013.0,2013.0,2002.0
2020105172,アンフォラ,牝,堀千亜樹,,ディスクリートキャット,000a0113a1,ムニン,2009110131,Bernardini,000a0111fe,一村哲也,小泉牧場,"1,623.3",2003.0,2009.0,2003.0
2020105728,クリノクオン,牡,伊藤伸一,,レインボーライン,2013106183,バラッドレディ,2009104452,ムーンバラッド,000a00fe8f,栗本依利子,ヒカル牧場,"1,622.0",2013.0,2009.0,1999.0
2020103721,レイカットスルー,牡,坂口義幸,,ミッキーアイル,2011103916,ロジャーズスー,000a011de3,Forestry,000a002270,山邉浩,ノーザンファーム,"1,616.6",2011.0,2001.0,1996.0
2020102575,ウィズザドリーム,セ,佐藤悠太,,マインドユアビスケッツ,000a01392e,ドリームアドリーム,2011103513,ディープインパクト,2002100816,Ｇ１レーシング,追分ファーム,"1,616.2",2013.0,2011.0,2002.0
2020105827,ルールメイプル,牝,山崎裕也,,エスポワールシチー,2005102837,ダノンスズラン,2007105547,Awesome Again,000a0021cb,（株）ランドプロジエ,ホース・マネジメント・ボス,"1,615.0",2005.0,2007.0,1994.0
2020104375,ボルネオ,セ,工藤真司,,ダノンレジェンド,2010110102,マスターマイン,2006100801,Belong to Me,000a001ff2,嶋田亘克,高橋ファーム,"1,614.6",2010.0,2006.0,1989.0
2020103323,ナウズザタイム,牝,細川忠義,,リアルインパクト,2008103244,ガートルード,2011103769,ジャングルポケット,1998101786,酒井孝敏,ノーザンファーム,"1,611.5",2008.0,2011.0,1998.0
2020104020,プレミアペガサス,セ,田中博康,,トビーズコーナー,000a011fed,エヴリホープ,2012100281,Mineshaft,000a010545,鈴木剛史,小倉光博,"1,610.0",2008.0,2012.0,1999.0
2020106639,カビーリア,牡,飯田祐史,,サトノアラジン,2011104063,エスジーアンクル,2009100574,シニスターミニスター,000a011099,竹下千亜子,辻牧場,"1,607.0",2011.0,2009.0,2003.0
2020104570,ルージュクレセント,牝,宮地貴稔,,ドゥラメンテ,2012104511,プレザントケイプ,000a0117bd,Cape Cross,000a0022ae,東京ホースレーシング,友田牧場,"1,605.4",2012.0,2006.0,1994.0
2020100101,サブリュウシン,牡,塚田隆男,,エーシントップ,2010110058,エイシンルーデンス,1996100003,サンデーサイレンス,000a00033a,堀井真知子,川端英幸,"1,601.0",2010.0,1996.0,1986.0
2020104478,アルルカン,牡,中川竜馬,,ミッキーアイル,2011103916,サンキュースマイル,2009103848,ブライアンズタイム,000a000082,佐藤憲治,千代田牧場,"1,600.6",2011.0,2009.0,1985.0
2020106829,オデンシタ,牡,野口寛仁,,ワールドエース,2009106353,ビクトワールイゾレ,2008101742,ダンスインザダーク,1993109188,山本武司,松田牧場,"1,600.0",2009.0,2008.0,1993.0
2020102452,フェスティヴビーム,牡,畠山吉宏,,リアルスティール,2012104889,マクシマール,2003102660,アグネスタキオン,1998101516,臼井義太郎,上水牧場,"1,600.0",2012.0,2003.0,1998.0
2020103495,マルクパージュ,牝,坂口義幸,,ハービンジャー,000a011996,ディープストーリー,2010104352,ディープインパクト,2002100816,渋谷高雄,ノーザンファーム,"1,598.0",2006.0,2010.0,2002.0
2020105534,タガノタント,牡,木村健,,ヤマカツエース,2012102774,タガノヴィアーレ,2013101739,ダイワメジャー,2001103114,八木昌司,新冠タガノファーム,"1,596.5",2012.0,2013.0,2001.0
2020101430,カナリアフレイバー,牡,稲益貴弘,,ドレフォン,000a013b82,マジッククレスト,2009106488,ウォーエンブレム,000a00fa35,尾田信夫,クラウン日高牧場,"1,596.0",2013.0,2009.0,1999.0
2020101115,ブレバ,牡,山田質,,ネロ,2011103722,リラコルレオーネ,2004106086,アドマイヤベガ,1996107396,コージーレーシング,二風谷ファーム,"1,596.0",2011.0,2004.0,1996.0
2020100472,イエスウィズキャン,牡,堀江仁,,デクラレーションオブウォー,000a0136f6,ジュエルメッセージ,2013102307,ダイワメジャー,2001103114,村田裕子,三石橋本牧場,"1,596.0",2009.0,2013.0,2001.0
2020103997,ショーケン,セ,米谷康秀,,タリスマニック,000a013425,ニシノフェミニン,2007102512,キングカメハメハ,2001103460,岡田隆寛,岡田牧場,"1,595.2",2013.0,2007.0,2001.0
2020102941,ラバタンシン,牡,川添明弘,,エピファネイア,2010104155,ダンスアミーガ,2011104307,サクラバクシンオー,1989108341,桑田照夫,社台ファーム,"1,590.0",2010.0,2011.0,1989.0
2020102664,ウォーターハウス,セ,井上智史,,ロードカナロア,2008103552,ショウナンパンドラ,2011103584,ディープインパクト,2002100816,シルクレーシング,社台コーポレーション白老ファーム,"1,590.0",2008.0,2011.0,2002.0
2020104132,スーパーリベロ,セ,櫻田康二,,スズカコーズウェイ,2004104345,ビジータイム,2011101910,マンハッタンカフェ,1998101554,星野隆男,グランド牧場,"1,589.5",2004.0,2011.0,1998.0
2020100655,マーゴットミニモ,牝,小国博行,,サトノダイヤモンド,2013106101,フクシア,2008101994,ゴールドアリュール,1999106689,前田良平,上山牧場,"1,578.5",2013.0,2008.0,1999.0
2020106981,アクラシア,牡,池田忠好,,ホッコータルマエ,2009100921,ポロロッカ,2010106194,スパイキュール,2000101557,鶴俊邦,ミルファーム,"1,577.5",2009.0,2010.0,2000.0
2020105002,ツミキヒトツ,牡,笹野博司,,スノードラゴン,2008104268,ユーセイクインサー,2010100266,タイムパラドックス,1998101683,石川裕基,アサヒ牧場,"1,577.2",2008.0,2010.0,1998.0
2020103209,セレスティアリティ,牝,西村真幸,,バゴ,2001190004,アドマイヤテンバ,2007103116,クロフネ,1998110135,サンデーレーシング,ノーザンファーム,"1,573.0",2001.0,2007.0,1998.0
2020104116,エンジェルリッター,牡,内田勝義,,ファインニードル,2013100612,スズカエンジェル,2004104304,High Yield,000a00fd81,岡本真二,グランド牧場,"1,572.5",2013.0,2004.0,1997.0
2020101708,スマートカリス,牝,池江泰寿,,エピファネイア,2010104155,ルビーレジェンド,2003103030,アグネスタキオン,1998101516,大川徹,スマート,"1,570.0",2010.0,2003.0,1998.0
2020100130,エスジースパークル,牝,田島寿一,,パイロ,000a01176a,セドゥラマジー,2015105295,ダイワメジャー,2001103114,後藤貞夫,グローリーファーム,"1,570.0",2005.0,2015.0,2001.0
2020101488,バシュラマック,牡,山中尊徳,,ラニ,2013110045,ヴァイスヴァーサ,2011100266,ブライアンズタイム,000a000082,伊達泰明,サンシャイン牧場,"1,563.9",2013.0,2011.0,1985.0
2020105969,サラサビーザベスト,牡,村田一誠,,ゴールドアクター,2011105266,ポーカーアリス,2005102345,スウェプトオーヴァーボード,000a00fa34,横井良明,村上進治,"1,563.0",2011.0,2005.0,1997.0
2020101551,ダノンワンナップ,牡,森澤友貴,,ダノンシャーク,2008105554,ケトルワンアップ,000a012505,Victory Gallop,000a0022d4,（株）ダノックス,下河辺牧場,"1,562.5",2008.0,2003.0,1995.0
2020105940,ニシノトレンディー,牝,小手川準,,ミッキーアイル,2011103916,ニシノステディー,2008102454,グランデラ,000a00fe3b,西山茂行,村上欽哉,"1,560.0",2011.0,2008.0,1998.0
2020103513,ナンヨークリスタル,セ,松永幹夫,,ロードカナロア,2008103552,ナンヨーカノン,2010104253,フジキセキ,1992109618,中村徳也,ノーザンファーム,"1,557.5",2008.0,2010.0,1992.0
2020101212,ショウナンアキドン,牡,高野友和,,ドゥラメンテ,2012104511,セシリア,2009102124,アグネスタキオン,1998101516,国本哲秀,天羽牧場,"1,554.2",2012.0,2009.0,1998.0
2020100840,カレーパン,牡,田村彰啓,,ストロングリターン,2006102934,アグネスアーニャ,2012104116,アグネスデジタル,1997110025,重野心平,高松牧場,"1,553.0",2006.0,2012.0,1997.0
2020103701,ルージュイストリア,牝,浅利英明,,ドレフォン,000a013b82,レッドクラウディア,2009106164,アグネスタキオン,1998101516,東京ホースレーシング,ノーザンファーム,"1,550.0",2013.0,2009.0,1998.0
2020105407,ブチエー,牝,栗林徹治,,エスポワールシチー,2005102837,ウインパレード,2006106240,アグネスデジタル,1997110025,有馬久和,津田牧場,"1,548.5",2005.0,2006.0,1997.0
2020100132,グロリアンズタイム,牡,古澤悟,,フリオーソ,2004106867,マザーフェアリー,2009101511,スパイキュール,2000101557,蔀英二,グローリーファーム,"1,548.2",2004.0,2009.0,2000.0
2020102756,ナリノヴァニーユ,牡,林幻,,グランデッツァ,2009105989,アンブルサイド,2010103987,ウォーエンブレム,000a00fa35,成塚清志,社台ファーム,"1,548.0",2009.0,2010.0,1999.0
2020101563,イージスバローズ,セ,角田輝也,,ジャスタウェイ,2009106461,シークレットアセット,000a012f0f,Awesome Again,000a0021cb,猪熊広次,下河辺牧場,"1,547.8",2009.0,2008.0,1994.0
2020106913,メイショウナナクサ,牝,笹田和秀,,オルフェーヴル,2008102636,メイショウツレヅレ,2009100509,サウスヴィグラス,1996110138,松本好隆,三嶋牧場,"1,547.0",2008.0,2009.0,1996.0
2020103838,ダノンダンサー,牡,宮川真衣,,ルーラーシップ,2007103143,ウエスタンダンサー,2004105048,デヒア,000a0000df,組）志士十二組合,ウエスタンファーム,"1,543.0",2007.0,2004.0,1991.0
2020101077,ヤエベニシダレ,牝,梅田智之,,ハーツクライ,2001103038,ロイヤルタバスコ,2004106465,タバスコキャット,000a000348,ヒダカ・ブリーダーズ・ユニオン,清水牧場,"1,540.0",2001.0,2004.0,1991.0
2020109085,フレスコバンクール,牡,田中力,,キタサンブラック,2012102013,アースグリーン,2008110076,Street Cry,000a0103ba,遠藤裕之,恵比寿興業株式会社那須野牧場,"1,538.0",2012.0,2008.0,1998.0
2020100892,サニーサフラン,牡,張田京,,ヘニーハウンド,2008110097,サフランパートナー,2010100058,アドマイヤボス,1997103699,海原聖一,林農場,"1,538.0",2008.0,2010.0,1997.0
2020102919,ロスティチェーレ,牝,松下武士,,キタサンブラック,2012102013,セコンドピアット,2009105755,ハーツクライ,2001103038,社台レースホース,社台ファーム,"1,535.0",2012.0,2009.0,2001.0
2020103467,ナリサ,牝,工藤伸輔,,キンシャサノキセキ,2003110212,タリサ,000a01447a,Pour Moi,000a0126ff,（株）アプエンテ,ノーザンファーム,"1,534.3",2003.0,2013.0,2008.0
2020101387,キングダラス,牡,田中譲二,,コパノリッキー,2010106548,デトロイトカフェ,2012105897,マンハッタンカフェ,1998101554,今井高之,北田剛,"1,529.0",2010.0,2012.0,1998.0
2020102934,ディナトセレーネ,牝,林幻,,レッドファルクス,2011104416,ダイワミランダ,2012104278,ハービンジャー,000a011996,社台レースホース,社台ファーム,"1,528.0",2011.0,2012.0,2006.0
2020101194,ナックサンライズ,牡,立花伸,,ネロ,2011103722,グレイスサンセット,2005102870,ジャングルポケット,1998101786,小松欣也,アイズスタッド,"1,527.0",2011.0,2005.0,1998.0
2020102654,プラチナムロッド,牝,村上頼章,,ダンカーク,000a012185,ゴールデンロッド,2011103664,キングカメハメハ,2001103460,吉田晴哉,社台コーポレーション白老ファーム,"1,522.6",2006.0,2011.0,2001.0
2020104640,ガンモヘラクレス,牡,笹田和秀,,ラニ,2013110045,ローズベビークリス,2010105601,ファスリエフ,000a00fc4c,酒井孝敏,橋本牧場,"1,516.0",2013.0,2010.0,1997.0
2020100817,ディーエスエール,牡,松本隆宏,,バンブーエール,2003104100,エーシンウェンディ,2010102342,ネオユニヴァース,2000101426,秋谷壽之,大北牧場,"1,515.3",2003.0,2010.0,2000.0
2020103292,ハレアカラフラ,牝,吉田直弘,,ラブリーデイ,2010104298,オーキッドレイ,2010104137,ディープインパクト,2002100816,金子真人ホールディングス,ノーザンファーム,"1,513.0",2010.0,2010.0,2002.0
2020101407,ブルーミングヒル,牝,山本学,,ホッコータルマエ,2009100921,ブルーバレット,2010103501,First Defence,000a011701,トーケンサービス,木村牧場,"1,512.8",2009.0,2010.0,2004.0
2020101830,エテルネル,牝,新井清重,,タリスマニック,000a013425,デュナミス,2014102181,ストリートセンス,000a0113a2,福原聡,ダーレー・ジャパン・ファーム,"1,512.0",2013.0,2014.0,2004.0
2020100103,エイシンネクタル,牡,遠藤茂,,イスラボニータ,2011103565,エイシンノーティス,2011105569,キングカメハメハ,2001103460,葛西宣行,木田牧場,"1,511.5",2011.0,2011.0,2001.0
2020103410,ディバイングレース,牝,蛯名正義,,キタサンブラック,2012102013,シンハディーパ,2010104152,ウォーエンブレム,000a00fa35,キャロットファーム,ノーザンファーム,"1,510.0",2012.0,2010.0,1999.0
2020103256,カフジキアッキエレ,牝,森田直行,,モーリス,2011100655,ヴァイスハイト,2004102929,アドマイヤベガ,1996107396,加藤千豊,ノーザンファーム,"1,510.0",2011.0,2004.0,1996.0
2020103844,フリントロック,牝,胡本友晴,,ブラックタイド,2001103312,ウエスタンメルシー,2011101693,ブラックホーク,1994109361,ファーストビジョン,ウエスタンファーム,"1,508.0",2001.0,2011.0,1994.0
2020100055,クールジャーマン,牡,保利幸作,,ミッキーアイル,2011103916,クールマギー,2013103472,キンシャサノキセキ,2003110212,川上哲司,沖田博志,"1,508.0",2011.0,2013.0,2003.0
2020101797,シモズル,牝,石橋守,,アメリカンペイトリオット,000a013bba,エンジェヌー,2011100552,コマンズ,000a011625,ゴドルフィン,ダーレー・ジャパン・ファーム,"1,505.0",2013.0,2011.0,1996.0
2020105730,スカパラダイス,牡,大和田成,,シルバーステート,2013105903,ファミリーソング,2013101867,グラスワンダー,1995108676,田邉滋久,ヒカル牧場,"1,500.0",2013.0,2013.0,1995.0
2020100272,ニーナブランド,牝,千葉直人,,ダンカーク,000a012185,カルディア,2012102300,ゼンノロブロイ,2000101517,ディアレストクラブ,築紫洋,"1,500.0",2006.0,2012.0,2000.0
2020106488,トウカイラメール,セ,西川敏弘,,ヘニーヒューズ,000a011155,トウカイポプリ,2005105314,タイキシャトル,1994109686,山本浩太郎,松栄牧場,"1,499.0",2003.0,2005.0,1994.0
2020100617,ブリングライト,牡,土田稔,,バトルプラン,000a0118e8,ティンタジェル,2009105638,キングカメハメハ,2001103460,前田清二,荻伏三好ファーム,"1,499.0",2005.0,2009.0,2001.0
2020102903,オンザブロッサム,牝,伊藤和,,ラブリーデイ,2010104298,スターズバース,2014105689,タートルボウル,000a012045,久保田定,社台ファーム,"1,498.4",2010.0,2014.0,2002.0
2020102631,ラッジオ,牝,大竹正博,,ハービンジャー,000a011996,イリュミナンス,2010104429,マンハッタンカフェ,1998101554,Ｇ１レーシング,社台コーポレーション白老ファーム,"1,498.0",2006.0,2010.0,1998.0
2020106571,ワイルドハンター,セ,竹下太,,マクフィ,000a011c77,ボーントゥブーギー,000a0117c0,Tobougg,000a00fea3,小橋亮太,谷川牧場,"1,490.3",2007.0,2005.0,1998.0
2020103644,ナチュラルターン,牡,佐々木仁,,サトノダイヤモンド,2013106101,ムーンライトダンス,000a010b61,Sinndar,000a002329,吉田和美,ノーザンファーム,"1,490.2",2013.0,2002.0,1997.0
2020103525,グラングスト,牝,西園翔太,,ドゥラメンテ,2012104511,バラダセール,000a011fff,Not For Sale,000a011fae,サンデーレーシング,ノーザンファーム,"1,490.0",2012.0,2008.0,1994.0
2020102950,テクノデザイン,牝,千田輝彦,,ロゴタイプ,2010103783,テクニカルラン,2006103101,アグネスタキオン,1998101516,吉田照哉,社台ファーム,"1,490.0",2010.0,2006.0,1998.0
2020102859,ステラデルシエロ,セ,迫田清美,,ダイワメジャー,2001103114,サザンスターズ,000a013892,Smart Strike,000a00211c,（同）ＪＰＮ技研,社台ファーム,"1,489.9",2001.0,2013.0,1992.0
2020103684,アヴィオンドール,牝,手塚貴久,,ドゥラメンテ,2012104511,リュヌドール,2001190001,Green Tune,000a01025d,サンデーレーシング,ノーザンファーム,"1,485.0",2012.0,2001.0,1991.0
2020104758,ゴコウサス,牡,田口輝彦,,ラブリーデイ,2010104298,ティンクルチャーミ,2007100860,スウェプトオーヴァーボード,000a00fa34,吉田勝利,フジワラファーム,"1,484.3",2010.0,2007.0,1997.0
2020101839,サティンボディス,牝,平松徳彦,,ファインニードル,2013100612,プリンセスケイト,2015101678,ハードスパン,000a0116a1,小橋亮太,ダーレー・ジャパン・ファーム,"1,479.5",2013.0,2015.0,2004.0
2020102797,フクチャンビーナス,牝,加藤征弘,,パイロ,000a01176a,エミーズプライド,2012104160,キングカメハメハ,2001103460,福田義明,社台ファーム,"1,479.0",2005.0,2012.0,2001.0
2020104532,シンプリーザベスト,牝,雑賀正光,,キンシャサノキセキ,2003110212,ランブリングローズ,2007100566,アグネスデジタル,1997110025,飯田貴大,千代田牧場,"1,475.3",2003.0,2007.0,1997.0
2020105074,レオキー,牝,橋本忠明,,パイロ,000a01176a,マリントウショウ,2009103935,キャプテンスティーヴ,000a000d9d,親川智行,大狩部牧場,"1,467.5",2005.0,2009.0,1997.0
2020100278,スティールシャトル,牝,井手上慎,,インカンテーション,2010104916,レッドシャトル,2004100385,タイキシャトル,1994109686,横田一男,築紫洋,"1,466.4",2010.0,2004.0,1994.0
2020105678,ハッピーミーク,牝,角田輝也,,ファインニードル,2013100612,アモーレエテルノ,2012104767,ゼンノロブロイ,2000101517,山口功一郎,ハシモトファーム,"1,466.0",2013.0,2012.0,2000.0
2020105755,コスモシーウルフ,牡,目迫大輔,,ゴールドシップ,2009102739,コスモピーコック,2012100744,Medicean,000a010a19,ファーストビジョン,ビッグレッドファーム,"1,464.0",2009.0,2012.0,1997.0
2020101958,ユウユウレラシオン,牝,飯田弘道,,インカンテーション,2010104916,マルカジュリエット,2000101336,サンデーサイレンス,000a00033a,北原大史,ナカノファーム,"1,464.0",2010.0,2000.0,1986.0
2020110047,ウェイオブサクセス,牝,野中賢二,,New Approach,000a011656,ワディ,2011100584,パイロ,000a01176a,ゴドルフィン,Godolphin,"1,463.0",2005.0,2011.0,2005.0
2020100143,ディーズメイト,牝,高月賢一,,コパノリッキー,2010106548,エイトディズアパート,000a01115b,Forest Wildcat,000a0021d8,長橋秀雄,ケイアイファーム,"1,462.5",2010.0,2004.0,1991.0
2020102340,カズキ,牡,梅田智之,,モーリス,2011100655,メイショウセイカ,2007101800,クロフネ,1998110135,大石秀夫,ヤナガワ牧場,"1,461.8",2011.0,2007.0,1998.0
2020103348,アースクロニクル,牝,斉藤崇史,,モーリス,2011100655,クロノロジスト,2003103047,クロフネ,1998110135,サンデーレーシング,ノーザンファーム,"1,461.0",2011.0,2003.0,1998.0
2020104005,アナザーエース,牡,宮徹,,ヤマカツエース,2012102774,ホットフレイバー,2004104183,タバスコキャット,000a000348,ヒダカ・ブリーダーズ・ユニオン,岡田牧場,"1,459.0",2012.0,2004.0,1991.0
2020103001,キレナイカ,牡,須貝尚介,,ハービンジャー,000a011996,ピュアーフレーム,2004110127,Silver Deputy,000a001fa3,金子真人ホールディングス,社台ファーム,"1,458.0",2006.0,2004.0,1985.0
2020105097,ヒナタレディー,牝,長倉功,,リオンディーズ,2013105915,パステルモーブ,2013101320,ダイワメジャー,2001103114,上田正則,オリエント牧場,"1,457.5",2013.0,2013.0,2001.0
2020103746,サンカプリス,牡,野口寛仁,,スノードラゴン,2008104268,アポロレレ,2011100029,ディープスカイ,2005101358,山崎祐嗣,ホースガーデンしらおい,"1,453.5",2008.0,2011.0,2005.0
2020101820,ロングウッド,牡,小林俊彦,,タリスマニック,000a013425,セイントヘレナ,2014102147,ディープスカイ,2005101358,小橋亮太,ダーレー・ジャパン・ファーム,"1,453.5",2013.0,2014.0,2005.0
2020103747,アヴェッリーノ,牡,齊藤敏,,リアルインパクト,2008103244,アメリデラックス,2012106180,アメリカンボス,1995108602,八嶋長久,橋本牧場,"1,453.1",2008.0,2012.0,1995.0
2020101674,ミスグロリア,牝,林正人,,パイロ,000a01176a,ミスミランダー,2013100454,アッミラーレ,1997100569,（有）新生ファーム,新生ファーム,"1,451.5",2005.0,2013.0,1997.0
2020106880,ヨシイチ,牡,吉井竜一,,ディープスカイ,2005101358,タマノベレッツァ,2012105595,ワイルドラッシュ,000a0003a1,高野良美,三嶋牧場,"1,448.8",2005.0,2012.0,1994.0
2020110116,ララマルシュドロワ,セ,坂口智康,,Collected,000a013d74,Draw It,000a01bed6,Tapit,000a011248,フジイ興産,Randal Family Trust,"1,443.0",2013.0,2008.0,2001.0
2020103094,バロックダンス,牝,小手川準,,モーリス,2011100655,リトミックダンス,2001103218,ダンスインザダーク,1993109188,吉田照哉,社台ファーム,"1,441.0",2011.0,2001.0,1993.0
2020100383,ニシノシークレット,牡,市村誠,,リーチザクラウン,2006102923,ニシノラピート,2011103734,サウスヴィグラス,1996110138,西山茂行,本桐牧場,"1,440.0",2006.0,2011.0,1996.0
2020107146,イチノコマチ,牝,平山宏秀,,パイロ,000a01176a,スコッチリンクス,2015102724,キンシャサノキセキ,2003110212,上村裕希,ヴェルサイユファーム,"1,439.2",2005.0,2015.0,2003.0
2020101354,サンスノーフレーク,牝,長谷川浩,,ジャスタウェイ,2009106461,シナル,2008105447,キングカメハメハ,2001103460,加藤ステーブル,加藤ステーブル,"1,439.0",2009.0,2008.0,2001.0
2020102690,ソレア,牝,新井清重,,ドレフォン,000a013b82,バイラオーラ,2006102828,トワイニング,000a000006,福原聡,社台コーポレーション白老ファーム,"1,438.5",2013.0,2006.0,1991.0
2020105041,ビットコイン,牡,岩崎真樹,,ロゴタイプ,2010103783,アルマエルモ,2012100073,クロフネ,1998110135,吉野智博,イワミ牧場,"1,438.1",2010.0,2012.0,1998.0
2020105613,マンティコア,牡,堀千亜樹,,キンシャサノキセキ,2003110212,ヴォルドニュイ,2010110070,Sky Mesa,000a010a66,前田幸治,ノースヒルズ,"1,436.5",2003.0,2010.0,2000.0
2020105301,センゲントップ,牡,小国博行,,ホッコータルマエ,2009100921,プレイフォーユー,2013105733,ハーツクライ,2001103038,西森鶴,須崎牧場,"1,435.4",2009.0,2013.0,2001.0
2020105567,ステラポイント,牝,小椋研介,,ドゥラメンテ,2012104511,デライトポイント,2003101290,トウカイテイオー,1988101025,ホシノレーシング,新冠橋本牧場,"1,434.8",2012.0,2003.0,1988.0
2020100111,エイシンメヌエット,牝,今津博之,,スクリーンヒーロー,2004103328,マーゼリン,000a011a9c,Barathea,000a000054,平井克彦,木田牧場,"1,430.5",2004.0,2004.0,1990.0
2020100046,デシマルサーガ,牡,粕谷昌央,,バゴ,2001190004,ラリエット,2009102571,メイショウボーラー,2001100650,松尾正,沖田忠幸,"1,430.0",2001.0,2009.0,2001.0
2020105571,レイフォール,牡,千葉博次,,リオンディーズ,2013105915,バリアーモ,2012104909,シンボリクリスエス,1999110099,山邉浩,新冠橋本牧場,"1,428.7",2013.0,2012.0,1999.0
2020100838,ポンサン,牡,小西一男,,カレンブラックヒル,2009106230,ラヴコマンダー,2001105375,コマンダーインチーフ,000a0000b0,天野克彦,高岸順一,"1,428.0",2009.0,2001.0,1990.0
2020107129,プリンスメーカー,牡,川島正一,,リアルインパクト,2008103244,プリンセスメーカー,2012106119,エンパイアメーカー,000a010542,小原準一郎,坂本智広,"1,427.5",2008.0,2012.0,2000.0
2020105455,ジョイブラック,牝,稻田彰宏,,カレンブラックヒル,2009106230,テンザンジョイ,2003103992,マイネルラヴ,1995108558,古東薫,中地義次,"1,426.6",2009.0,2003.0,1995.0
2020104936,カサブランカキッド,牡,和田勇介,,ドレフォン,000a013b82,ビーチパラソル,2012104342,ダイワメジャー,2001103114,山本雅道,社台ファーム,"1,425.0",2013.0,2012.0,2001.0
2020104853,スタボーンイメル,牡,石井勝男,,ヘニーヒューズ,000a011155,ダーリングバード,000a013881,Birdstone,000a01169b,木村都是,前谷武志,"1,425.0",2003.0,2010.0,2001.0
2020103659,エオリエンヌ,牝,内田勝義,,トゥザワールド,2011103975,ライクザウインド,2000101535,デインヒル,000a0000d1,キャロットファーム,ノーザンファーム,"1,422.1",2011.0,2000.0,1986.0
2020103614,ラクサパーナ,牝,矢野英一,,ダイワメジャー,2001103114,ポロンナルワ,2008103176,Rahy,000a001c5e,キャロットファーム,ノーザンファーム,"1,421.2",2001.0,2008.0,1985.0
2020103925,タオロマイ,牡,盛本信春,,ホッコータルマエ,2009100921,バチスタ,2012104869,ダイワメジャー,2001103114,レックス,岡田スタッド,"1,420.0",2009.0,2012.0,2001.0
2020102772,ヴェラグエリエロ,牡,辻哲英,,レッドファルクス,2011104416,ウララカ,2006103084,ワイルドラッシュ,000a0003a1,加藤裕司,社台ファーム,"1,419.0",2011.0,2006.0,1994.0
2020102977,オールアイウォント,牝,森田直行,,マインドユアビスケッツ,000a01392e,ハシッテホシーノ,2006102883,アグネスタキオン,1998101516,社台レースホース,社台ファーム,"1,418.0",2013.0,2006.0,1998.0
2020101224,ドロットニング,牝,永田幸宏,,エスポワールシチー,2005102837,シナスタジア,2009110042,Gone West,000a001be1,上手健太郎,天羽禮治,"1,415.3",2005.0,2009.0,1984.0
2020103609,トラネスハープ,牝,三野宮通,,キンシャサノキセキ,2003110212,ボシンシェ,000a011a17,Kingmambo,000a001d7e,桑野隆司,ノーザンファーム,"1,413.7",2003.0,2004.0,1990.0
2020109155,テイエムユメキュウ,牝,飯田雄三,,ベーカバド,000a011dc0,ユメノタイト,2014109154,ブラックタイド,2001103312,竹園正繼,テイエム牧場,"1,413.2",2007.0,2014.0,2001.0
2020104951,ブルーゴールド,牡,根本康広,,アイファーソング,2008100386,タカラインディ,2012100377,エンパイアメーカー,000a010542,青山郁代,アースファーム,"1,413.0",2008.0,2012.0,2000.0
2020101943,ユイノイチゲキ,牡,保利良次,,ディスクリートキャット,000a0113a1,ディクシーゴールド,2005102591,ゴールドアリュール,1999106689,飯田学,中館牧場,"1,412.0",2003.0,2005.0,1999.0
2020106296,コスモスミッチー,牝,田辺陽一,,マジェスティックウォリアー,000a011e9c,アンノウンウォーターズ,000a0067db,Rahy,000a001c5e,茂木国久,絵笛牧場,"1,411.5",2005.0,1998.0,1985.0
2020102866,フクチャンキング,セ,横山保,,マインドユアビスケッツ,000a01392e,ザッハーマイン,2005110040,Mineshaft,000a010545,北原大史,社台ファーム,"1,410.5",2013.0,2005.0,1999.0
2020102231,ワイドカイゼリン,牝,瀬戸口悟,,アメリカンペイトリオット,000a013bba,ワイルドシンガー,2010101083,ワイルドラッシュ,000a0003a1,谷謙介,槇本牧場,"1,407.3",2013.0,2010.0,1994.0
2020101778,サンマルーン,牡,岩崎真樹,,ディスクリートキャット,000a0113a1,サンマルセイコー,2003100409,ビワタケヒデ,1995104953,平本淳一,田端牧場,"1,407.0",2003.0,2003.0,1995.0
2020100572,ルルシュシュ,牝,金成貴史,,リオンディーズ,2013105915,マダムチェロキー,2001105650,Cherokee Run,000a00214a,Ｇリビエール・レーシング,市川ファーム,"1,403.0",2013.0,2001.0,1990.0
2020106158,モノノフブルー,牡,田中譲二,,ニシケンモノノフ,2011105438,ゲイリークィンビー,2000110121,スピニングワールド,000a000325,ウエスト．フォレスト．ステイブル,清水スタッド,"1,402.4",2011.0,2000.0,1993.0
2020102271,コスモグングニール,牡,緒方努,,ヘニーヒューズ,000a011155,グロリエッテ,2010101134,アドマイヤムーン,2003102991,ビッグレッドファーム,森永牧場,"1,402.4",2003.0,2010.0,2003.0
2020102493,スタンレー,牡,後藤正義,,マクマホン,000a0143ac,トーセンエポック,2015101118,キングカメハメハ,2001103460,島川隆哉,エスティファーム,"1,402.0",2014.0,2015.0,2001.0
2020106429,ノーブルミステリー,牝,菊川正達,,ディーマジェスティ,2013104704,マウンテンミステリー,000a010e5b,Mt. Livermore,000a00184b,吉木伸彦,金成吉田牧場,"1,400.0",2013.0,2002.0,1981.0
2020106755,ナムラジョシュア,牡,池田忠好,,シニスターミニスター,000a011099,ナムラネネ,2010104932,ケイムホーム,000a0108d1,大岩和也,中島牧場,"1,396.9",2003.0,2010.0,1999.0
2020106171,マロンロシェ,牡,林正人,,デクラレーションオブウォー,000a0136f6,オクシペタルム,2008102782,シンボリクリスエス,1999110099,ウエスト．フォレスト．ステイブル,高村伸一,"1,396.0",2009.0,2008.0,1999.0
2020102060,ストリートジャガー,牡,有馬澄男,,シャンハイボビー,000a0127e4,レディーファースト,2005101115,ダンスインザダーク,1993109188,吉岡泰治,日高大洋牧場,"1,393.0",2010.0,2005.0,1993.0
2020104776,トンジンチ,牝,福永祐一,,ドゥラメンテ,2012104511,ワイドサファイア,2006102921,アグネスタキオン,1998101516,幅田昌伸,フジワラファーム,"1,386.8",2012.0,2006.0,1998.0
2020101189,ディオスメッセージ,牡,村上正和,,トビーズコーナー,000a011fed,ウィンメッセージ,1999103039,ウイニングチケット,1990102314,山口明彦,山口明彦,"1,385.4",2008.0,1999.0,1990.0
2020100636,ベストポイント,牡,杉山晴紀,,ジャスタウェイ,2009106461,ナニアヒアヒ,2014105823,キングカメハメハ,2001103460,高田博,笠松牧場,"1,385.0",2009.0,2014.0,2001.0
2020105697,サザンラピッド,牝,山田信大,,アジアエクスプレス,2011110091,サザンレイスター,2004106612,サザンヘイロー,000a00031e,今村明浩,浜口牧場,"1,384.5",2011.0,2004.0,1983.0
2020100538,ゲットアップゲート,牡,田辺陽一,,コパノリッキー,2010106548,ジュエルド,2014102223,ストーミングホーム,1998190003,斉藤三寛,米田牧場,"1,384.5",2010.0,2014.0,1998.0
2020102912,スノーフェス,牝,高橋宏征,,レッドファルクス,2011104416,スノーレガーロ,2009105883,ネオユニヴァース,2000101426,吉田千津,社台ファーム,"1,383.0",2011.0,2009.0,2000.0
2020102895,ロンギングタイム,牡,的場直之,,ハーツクライ,2001103038,ジュリエットシアトル,000a01440c,Seattle Fitz,000a01430b,坂本浩一,社台ファーム,"1,383.0",2001.0,2014.0,1999.0
2020105143,ビレッジスティール,牝,新井清重,,パイロ,000a01176a,カフジウインド,2011104651,ディープインパクト,2002100816,村山輝雄,川島牧場,"1,382.5",2005.0,2011.0,2002.0
2020104884,アンジュール,牝,竹下太,,ストロングリターン,2006102934,グラスコマチ,2015106257,ルーラーシップ,2007103143,小橋亮太,松田牧場,"1,381.0",2006.0,2015.0,2007.0
2020102642,パルメリータ,牝,細川忠義,,スクリーンヒーロー,2004103328,カニョット,000a01199b,Sunray Spirit,000a0118fc,上岡和男,社台コーポレーション白老ファーム,"1,379.0",2004.0,2005.0,1999.0
2020102902,エコロマーベリック,セ,宮路洋一,,ハーツクライ,2001103038,スターシップトラッフルズ,000a012f02,Ghostzapper,000a010525,（同）ＪＰＮ技研,社台ファーム,"1,377.0",2001.0,2009.0,2000.0
2020105808,スコプルス,牝,齊藤敏,,ゴールドシップ,2009102739,マイネグレヴィル,2011105245,ブライアンズタイム,000a000082,八嶋長久,ブルースターズファーム,"1,374.0",2009.0,2011.0,1985.0
2020100910,ピックプリンサ,牡,新井隆太,,ベストウォーリア,2010110127,アムネリス,2005101663,サウスヴィグラス,1996110138,フロンティア,ヒダカファーム,"1,373.2",2010.0,2005.0,1996.0
2020102589,リオンエトワール,セ,堀内岳志,,ルーラーシップ,2007103143,ミネット,2013105297,ディープインパクト,2002100816,ライオンレースホース,追分ファーム,"1,373.0",2007.0,2013.0,2002.0
2020106918,メイショウネムノキ,牝,池添学,,ロードカナロア,2008103552,メイショウベルーガ,2005106472,フレンチデピュティ,000a00013a,松本好雄,三嶋牧場,"1,371.0",2008.0,2005.0,1992.0
2020101112,フェスティヴラジャ,牝,加藤幸保,,ヴィクトワールピサ,2007102923,フェスティヴマロン,2004100468,クロフネ,1998110135,臼井義太郎,二風谷ファーム,"1,370.5",2007.0,2004.0,1998.0
2020106698,バンディート,牡,東田明士,,イスラボニータ,2011103565,ジョリーザスターズ,2013110039,Sea The Stars,000a011c78,大塚亮一,ディアレストクラブ,"1,370.3",2011.0,2013.0,2006.0
2020104663,ハルクバローズ,牡,石坂公一,,モーリス,2011100655,チャチャリーノ,2003105312,Unbridled's Song,000a002071,猪熊広次,服部牧場,"1,370.0",2011.0,2003.0,1993.0
2020104124,ウイニングライブ,牡,吉田司,,ハービンジャー,000a011996,ナタリー,2012102857,ディープインパクト,2002100816,古川忠一,グランド牧場,"1,366.6",2006.0,2012.0,2002.0
2020104342,キガン,牝,鋤田誠二,,ダイワメジャー,2001103114,プリンセスオブザスターズ,000a012e23,Sea The Stars,000a011c78,小林裕典,タイヘイ牧場,"1,366.3",2001.0,2012.0,2006.0
2020109086,ジュエリジュエリー,牝,野中賢二,,オルフェーヴル,2008102636,エイシンバンバ,2012110073,Rock Hard Ten,000a010612,グリーンファーム,恵比寿興業株式会社那須野牧場,"1,360.0",2008.0,2012.0,2001.0
2020103008,エンジェリックアイ,牝,牧光二,,エピファネイア,2010104155,ファンタジックアイ,2011104376,ネオユニヴァース,2000101426,社台レースホース,社台ファーム,"1,358.0",2010.0,2011.0,2000.0
2020101045,シズカノウミ,牝,尾原強,,アポロキングダム,2003110139,スズカノジェリコ,2010100009,スズカマンボ,2001103890,太田雅貴,オークツリーファーム,"1,357.8",2003.0,2010.0,2001.0
2020102639,カンフーダンス,牝,小林俊彦,,シャンハイボビー,000a0127e4,オリエンタルダンス,2012104710,キングカメハメハ,2001103460,小橋亮太,社台コーポレーション白老ファーム,"1,356.9",2010.0,2012.0,2001.0
2020101487,ペルトラン,牝,櫻田康二,,アンライバルド,2006103308,アブマーシュ,2009102385,ディクタット,1995190007,吉川真ノ介,サンシャイン牧場,"1,355.8",2006.0,2009.0,1995.0
2020100599,ラピスアダマンス,牝,金田一昌,,トビーズコーナー,000a011fed,ナムララピス,2006104580,キングヘイロー,1995104427,山地真吾,王蔵牧場,"1,351.5",2008.0,2006.0,1995.0
2020101190,ヤマノウォーリア,牡,佐々木洋,,エスポワールシチー,2005102837,ケイアイリード,2005104768,フォーティナイナー,000a000134,山口明彦,山口明彦,"1,350.6",2005.0,2005.0,1985.0
2020102367,リコーベレッタ,牝,久保秀男,,キンシャサノキセキ,2003110212,リオ,2005104908,ジャングルポケット,1998101786,土橋正雄,リコーファーム,"1,349.0",2003.0,2005.0,1998.0
2020106343,ユカリプレリュード,牝,森山英雄,,キタサンブラック,2012102013,プリティウイッチ,2010104172,クロフネ,1998110135,山邉浩,鎌田正嗣,"1,348.8",2012.0,2010.0,1998.0
2020100355,ナックブレイブ,牡,杉浦宏昭,,レッドファルクス,2011104416,ワキノバクシン,2002101425,サクラバクシンオー,1989108341,小松欣也,広田牧場,"1,348.8",2011.0,2002.0,1989.0
2020101571,ララテロワール,牡,碇清次郎,,サトノクラウン,2012104668,スナップドラゴン,2015101384,ゼンノロブロイ,2000101517,（株）さくらコーポレ,下河辺牧場,"1,345.2",2012.0,2015.0,2000.0
2020103957,レアジーニアス,牝,大塚信次,,ヘニーヒューズ,000a011155,レアドロップ,2013101236,キンシャサノキセキ,2003110212,大黒富美子,岡田スタッド,"1,341.9",2003.0,2013.0,2003.0
2020100307,オブシディアン,牡,石栗龍彦,,ホッコータルマエ,2009100921,ヒラボクミラクル,2009103904,アグネスデジタル,1997110025,田頭勇貴,仲野牧場,"1,340.0",2009.0,2009.0,1997.0
2020104990,アウトビアンキ,牡,高橋清顕,,ベストウォーリア,2010110127,ステージワンスモア,2004100232,タニノギムレット,1999100226,中西純穂,浅川牧場,"1,338.5",2010.0,2004.0,1999.0
2020105721,ポーレット,牝,吉岡辰弥,,ハービンジャー,000a011996,ポウリナズラヴ,000a013880,Mizzen Mast,000a0109d3,フクキタル,パカパカファーム,"1,338.0",2006.0,2012.0,1998.0
2020103310,アナベルヒマワリ,牝,渡辺薫彦,,ダイワメジャー,2001103114,カリフォルニアネクター,000a01205b,Stormy Atlantic,000a010b85,ＹＭホース,ノーザンファーム,"1,338.0",2001.0,2008.0,1994.0
2020100206,エクトゥシュタール,牡,雑賀正光,,リアルスティール,2012104889,レディナデシコ,2007103581,ワイルドラッシュ,000a0003a1,小橋亮太,嶋田牧場,"1,337.3",2012.0,2007.0,1994.0
2020104916,シゲルオトコギ,牡,鈴木義久,,ドレフォン,000a013b82,ダイワドレッサー,2013105715,ネオユニヴァース,2000101426,關美和,矢野牧場,"1,336.5",2013.0,2013.0,2000.0
2020100362,ダートレイジング,牡,加藤誠一,,ゴールドアクター,2011105266,エフティアクトレス,2005102380,ファルブラヴ,1998190004,三浦勝仁,幌村牧場,"1,336.0",2011.0,2005.0,1998.0
2020102570,ディアマイサン,牡,中川竜馬,,ハービンジャー,000a011996,ディアマイダーリン,2012103979,ハーツクライ,2001103038,豊島愛子,追分ファーム,"1,335.0",2006.0,2012.0,2001.0
2020105522,クレメンティ,牝,稲益貴弘,,デクラレーションオブウォー,000a0136f6,トウカイメガミ,2003100591,サンデーサイレンス,000a00033a,保坂和孝,長浜牧場,"1,333.5",2009.0,2003.0,1986.0
2020100859,チェリーロシアン,牡,保利良次,,チェリークラウン,2004102428,チェリーグレイス,2008100721,ティンバーカントリー,000a00035e,櫻井悦朗,富塚ファーム,"1,333.5",2004.0,2008.0,1992.0
2020106916,サルトアンヘル,牝,田中淳司,,ダンカーク,000a012185,メイショウブルック,2011106066,ディープスカイ,2005101358,三嶋昌春,三嶋牧場,"1,331.5",2006.0,2011.0,2005.0
2020100795,ベルタソ,牝,小崎憲,,ミッキーアイル,2011103916,マルハチメイフェア,2006106730,ホワイトマズル,1990109700,細川大輔,鮫川啓一,"1,331.5",2011.0,2006.0,1990.0
2020106254,エイシンレア,牝,笹野博司,,リアルスティール,2012104889,エイシンダーラ,2012105563,キングカメハメハ,2001103460,平井克彦,栄進牧場,"1,331.0",2012.0,2012.0,2001.0
2020103991,タマモネモフィラ,牝,大橋勇樹,,パイロ,000a01176a,タマモエルドラド,2014100896,ゴールドアリュール,1999106689,タマモ,岡田牧場,"1,330.0",2005.0,2014.0,1999.0
2020109114,アネロイド,牡,手島勝利,,ケイムホーム,000a0108d1,メイクミーシャイン,2008100611,アグネスデジタル,1997110025,片山建治,片山建治,"1,328.1",1999.0,2008.0,1997.0
2020101374,コトシロ,牝,森山英雄,,サトノアラジン,2011104063,ショウナンカガリビ,2007103023,フレンチデピュティ,000a00013a,山邉浩,川島正広,"1,323.2",2011.0,2007.0,1992.0
2020102301,ラッキーストーリー,牡,新井清重,,コパノリッキー,2010106548,ラッキーガール,2010102623,サウスヴィグラス,1996110138,ＹＧＧホースクラブ,門別山際牧場,"1,322.6",2010.0,2010.0,1996.0
2020104623,ムコウジマランプ,牡,森一誠,,ナムラタイタン,2006101408,イタリアンフェッテ,2011101086,ヨハネスブルグ,000a0103b9,芳賀克也,野坂牧場,"1,320.0",2006.0,2011.0,1999.0
2020104238,カマラードマリー,牝,酒井仁,,セレスハント,2005101116,サテラノサト,2015103202,ディープブリランテ,2009105084,山邉浩,サンデーヒルズ,"1,320.0",2005.0,2015.0,2009.0
2020103340,スーパーアグリ,牡,荒山勝徳,,リオンディーズ,2013105915,クラシックリディア,2013106059,ハービンジャー,000a011996,三木正浩,ノーザンファーム,"1,320.0",2013.0,2013.0,2006.0
2020106130,ダイアモンドモア,牝,須田和伸,,ダンカーク,000a012185,ウエバフラッシュ,2012103847,ダイワメジャー,2001103114,（株）システムコア,様似共栄牧場,"1,318.5",2006.0,2012.0,2001.0
2020104911,キュベリン,牝,嘉藤貴行,,ノヴェリスト,000a012230,キュリオスティー,2011103583,ディープインパクト,2002100816,武田浩典,矢野牧場,"1,318.0",2009.0,2011.0,2002.0
2020101715,リーリオブランコ,牝,清水英克,,リアルスティール,2012104889,オメガハートビート,2015104268,ヴィクトワールピサ,2007102923,スマイルファーム,スマイルファーム,"1,318.0",2012.0,2015.0,2007.0
2020103956,ダイヤモンドビーチ,牡,宇野木博,,ビーチパトロール,000a0141f9,ルーシーショー,2005102573,フジキセキ,1992109618,ノルマンディーサラブレッドレーシング,岡田スタッド,"1,315.5",2013.0,2005.0,1992.0
2020103547,ランカグア,牝,溝橋利喜,,ルーラーシップ,2007103143,ビニャデルマール,2013106074,ディープインパクト,2002100816,組）オールザベスト組,ノーザンファーム,"1,313.4",2007.0,2013.0,2002.0
2020110109,トリプルループ,牝,森秀行,,Justify,000a013f2d,Morena,000a01362f,Privately Held,000a011ff9,松島一晃,Mt. Brilliant Broodmares I LLC,"1,313.0",2015.0,2004.0,1994.0
2020104137,インプローヴィング,牝,佐々木仁,,コパノリッキー,2010106548,フィーリンググー,2012102858,セイントアレックス,2007110008,,グランド牧場,"1,311.7",2010.0,2012.0,2007.0
2020106182,メイショウホウセン,牡,工藤真司,,ホッコータルマエ,2009100921,プラッキーエリーナ,2009100111,マヤノトップガン,1992102988,嶋田亘克,中脇一幸,"1,311.5",2009.0,2009.0,1992.0
2020102864,サングラデーション,セ,千葉直人,,ドゥラメンテ,2012104511,サンシャイン,2009105903,ハーツクライ,2001103038,社台レースホース,社台ファーム,"1,310.5",2012.0,2009.0,2001.0
2020103235,エルデストサン,牡,田中淳司,,ジャスタウェイ,2009106461,イイナヅケ,2013105822,ワークフォース,000a011a7f,大和屋暁,ノーザンファーム,"1,310.0",2009.0,2013.0,2007.0
2020102658,ティエラサンタ,牡,西村真幸,,ハーツクライ,2001103038,サンタエヴィータ,2011103572,Smart Strike,000a00211c,社台レースホース,社台コーポレーション白老ファーム,"1,310.0",2001.0,2011.0,1992.0
2020102225,リグレイアー,牝,宮路洋一,,タリスマニック,000a013425,ベリーベリータイム,2011100924,ブライアンズタイム,000a000082,松本桂昌,槇本牧場,"1,309.0",2013.0,2011.0,1985.0
2020102437,セブンメイクハピー,牡,金田一昌,,ホッコータルマエ,2009100921,ウインガイア,2009106432,Broken Vow,000a0101a0,前迫義幸,上水牧場,"1,308.1",2009.0,2009.0,1997.0
2020106834,ロックフレイバー,牡,繁田健一,,バトルプラン,000a0118e8,ココナフレイバー,2011101082,スウェプトオーヴァーボード,000a00fa34,尾田信夫,丸幸小林牧場,"1,307.5",2005.0,2011.0,1997.0
2020102093,ビービーグラーテス,牡,角田晃一,,ラブリーデイ,2010104298,ツインダイヤ,2006105972,ゴールドアリュール,1999106689,坂東牧場,ファーミングヤナキタ,"1,305.0",2010.0,2006.0,1999.0
2020101126,サクセスパルス,牡,斉藤正弘,,エピファネイア,2010104155,サクセスフィリア,2011103428,ディープインパクト,2002100816,柴田実千代,坂東牧場,"1,304.2",2010.0,2011.0,2002.0
2020105946,カネミツエース,牡,有馬澄男,,サトノクラウン,2012104668,パナマックス,2005102170,クロフネ,1998110135,大石正和,村上欽哉,"1,302.9",2012.0,2005.0,1998.0
2020100080,ヘルシェイク,牡,高月賢一,,ホッコータルマエ,2009100921,ピサノマイセン,1999101546,マイニング,000a000221,山口裕介,金舛牧場,"1,302.5",2009.0,1999.0,1984.0
2020106587,レオプルミエール,牡,杉浦宏昭,,レオアクティブ,2009100556,ジュトゥヴ,2013103543,エンパイアメーカー,000a010542,レオ,谷口牧場,"1,301.5",2009.0,2013.0,2000.0
2020103076,ポリーフォリア,牝,鈴木伸尋,,キタサンブラック,2012102013,メンディド,000a014411,Broken Vow,000a0101a0,吉田照哉,社台ファーム,"1,300.0",2012.0,2013.0,1997.0
2020106233,グランリージェント,牡,中西達也,,ドリームバレンチノ,2007104877,クイーンキセキ,2009100199,フジキセキ,1992109618,大田慎治,浦河日成牧場,"1,299.5",2007.0,2009.0,1992.0
2020107076,モイル,牝,保利幸作,,キンシャサノキセキ,2003110212,ウルティマミューズ,2011100844,キングカメハメハ,2001103460,小橋亮太,浜本牧場,"1,297.5",2003.0,2011.0,2001.0
2020106064,ジュンクッタラ,牝,張田京,,ロゴタイプ,2010103783,サンシアトル,2014100929,シンボリクリスエス,1999110099,河合純二,芳住鉄兵,"1,296.0",2010.0,2014.0,1999.0
2020100654,ミトノシャルマン,牡,陶文峰,,キンシャサノキセキ,2003110212,ピエールナオチャン,2009101033,ケイムホーム,000a0108d1,泉一郎,上山牧場,"1,296.0",2003.0,2009.0,1999.0
2020106145,ナムラマイケル,牡,角田輝也,,リアルスティール,2012104889,ナムラライラ,2014102933,ルーラーシップ,2007103143,プレディクトレーシング,猿倉牧場,"1,295.2",2012.0,2014.0,2007.0
2020100765,ハクサンアルタイル,牡,堀場裕充,,ハクサンムーン,2009102527,ハクサンインパクト,2013104892,ディープインパクト,2002100816,河崎五市,小島牧場,"1,293.2",2009.0,2013.0,2002.0
2020107203,イツモハラペコ,牡,中野博,,ファインニードル,2013100612,イイコトバカリ,2014103186,エンパイアメーカー,000a010542,下川正義,桑嶋峰雄,"1,292.6",2013.0,2014.0,2000.0
2020103046,シルヴァティカ,牝,古賀慎明,,ルーラーシップ,2007103143,ペディクラリス,2003104258,サンデーサイレンス,000a00033a,グリーンファーム,社台ファーム,"1,290.0",2007.0,2003.0,1986.0
2020102640,サイモンオリーブ,牝,梅田智之,,ダイワメジャー,2001103114,オリジナルスピンII,000a0118a2,Distorted Humor,000a0022ea,澤田昭紀,社台コーポレーション白老ファーム,"1,290.0",2001.0,2003.0,1993.0
2020101443,キタノトパーズ,牝,岩本洋,,トゥザワールド,2011103975,シーキングトパーズ,2009102702,シーキングザダイヤ,2001110220,北所拓也,クリアファーム,"1,289.1",2011.0,2009.0,2001.0
2020104545,スマートメイプル,牝,蛯名利弘,,モーリス,2011100655,アイラブリリ,2009103971,ストラヴィンスキー,000a00fa41,大川徹,飛野牧場,"1,288.0",2011.0,2009.0,1996.0
2020106805,キイチオータム,牡,松浦聡志,,コパノリッキー,2010106548,リトルリスキー,2009110018,Authorized,000a01139f,山本益臣,林孝輝,"1,287.0",2010.0,2009.0,2004.0
2020100662,ダンシングクライ,牝,藤原智行,,スマートファルコン,2005100097,ダンスバンド,2012103013,エイシンサンディ,1993103280,加藤鈴幸,熊谷武,"1,286.8",2005.0,2012.0,1993.0
2020104476,フォーサイティド,牝,川田孝好,,アジアエクスプレス,2011110091,サトノニーケ,2014104786,マンハッタンカフェ,1998101554,太田雅貴,千代田牧場,"1,285.3",2011.0,2014.0,1998.0
2020105240,ハクアイアテナ,牝,佐藤祐司,,ヘニーヒューズ,000a011155,ステージトリック,000a011e0b,Distorted Humor,000a0022ea,佐藤信廣,佐藤牧場,"1,281.0",2003.0,2006.0,1993.0
2020106899,イエルバブエナ,牡,工藤真司,,マジェスティックウォリアー,000a011e9c,ミンティエアー,2004102984,アグネスタキオン,1998101516,上岡和男,三嶋牧場,"1,280.0",2005.0,2004.0,1998.0
2020103339,ナゲットモンスター,牡,西村真幸,,モーリス,2011100655,クッカーニャ,2009106254,フジキセキ,1992109618,馬場幸夫,ノーザンファーム,"1,280.0",2011.0,2009.0,1992.0
2020100482,イルルージュ,牝,迫田清美,,ミッキーアイル,2011103916,ブイルージュ,1999105267,ウォーニング,000a000843,酒井孝敏,村上牧場,"1,278.6",2011.0,1999.0,1985.0
2020105618,オブリクア,牝,萩原清,,ワンアンドオンリー,2011105072,ガラッシアファータ,2011110024,Distorted Humor,000a0022ea,ノースヒルズ,ノースヒルズ,"1,278.0",2011.0,2011.0,1993.0
2020100306,モルトヴェローチェ,牡,大竹正博,,モーリス,2011100655,モルトフェリーチェ,2009106047,ディープインパクト,2002100816,ＤＭＭドリームクラブ,中田英樹,"1,276.6",2011.0,2009.0,2002.0
2020106367,トワシュトラール,牡,上杉昌宏,,トランセンド,2006104736,ヒメカイドウ,2012106178,カルストンライトオ,1998103333,吉良商会（有）,ガーベラパークスタッド,"1,275.5",2006.0,2012.0,1998.0
2020103470,グレイウェザーズ,牝,塚田隆男,,キンシャサノキセキ,2003110212,ダートムーア,2008103121,クロフネ,1998110135,酒井孝敏,ノーザンファーム,"1,273.0",2003.0,2008.0,1998.0
2020101123,サクセスハチハチ,牡,森澤友貴,,パイロ,000a01176a,カリビアンロマンス,2011100541,コマンズ,000a011625,高嶋哲,坂東牧場,"1,273.0",2005.0,2011.0,1996.0
2020110053,ノイジーアプローチ,牡,池田敦,,Dawn Approach,000a012117,カタウォール,000a0127e8,Street Cry,000a0103ba,嶋田孝徳,Godolphin,"1,272.3",2010.0,2011.0,1998.0
2020106637,スウィーヴェモワ,牝,田村康仁,,ルーラーシップ,2007103143,アンブラッセモワ,2013110032,Zoffany,000a012701,ラ・メール,辻牧場,"1,270.0",2007.0,2013.0,2008.0
2020106546,セイウンシリウス,牡,冨田敏男,,グレーターロンドン,2012101402,カナエチャン,2008101997,マンハッタンカフェ,1998101554,冨田藤男,谷川牧場,"1,268.0",2012.0,2008.0,1998.0
2020102507,トーセンサマンサ,牝,小久保智,,ヴァンキッシュラン,2013105718,トーセンビート,2008106530,クロフネ,1998110135,島川隆哉,エスティファーム,"1,268.0",2013.0,2008.0,1998.0
2020106311,マルモルミエール,牡,工藤真司,,エイシンヒカリ,2011101273,マルモセーラ,2008101301,クロフネ,1998110135,嶋田亘克,オカモトファーム,"1,266.0",2011.0,2008.0,1998.0
2020104780,ラホーヤストーム,牝,藤野健太,,キタサンブラック,2012102013,エアラホーヤ,2003105451,ボストンハーバー,000a00007c,ヒダカ・ブリーダーズ・ユニオン,藤原牧場,"1,265.0",2012.0,2003.0,1994.0
2020103619,スティーロポリス,牡,胡本友晴,,リアルスティール,2012104889,マザーウェル,2007105620,シンボリクリスエス,1999110099,ファーストビジョン,ノーザンファーム,"1,265.0",2012.0,2007.0,1999.0
2020105078,ユーヒナタ,牝,村上頼章,,ラニ,2013110045,モリヤッコ,2009102987,アジュディケーティング,000a000d5d,北浦博樹,大狩部牧場,"1,263.0",2013.0,2009.0,1987.0
2020104778,チャイボーグ,牝,的場均,,シャンハイボビー,000a0127e4,アンスタンフィール,2010103299,スタチューオブリバティ,000a0109d5,田頭勇貴,藤原牧場,"1,263.0",2010.0,2010.0,2000.0
2020100671,コトヴィア,牝,川西毅,,ルーラーシップ,2007103143,ウインアルエット,2009106556,ダンスインザダーク,1993109188,（有）桑田牧場,桑田牧場,"1,261.1",2007.0,2009.0,1993.0
2020100347,クリノリアルレディ,牝,伊藤伸一,,リアルインパクト,2008103244,セイクリッドフレイム,000a011528,Rahy,000a001c5e,栗本依利子,平野牧場,"1,261.0",2008.0,2005.0,1985.0
2020104501,ブラウンウェーブ,牝,宗像義忠,,モーリス,2011100655,ニューウェーブ,2016106045,ハーツクライ,2001103038,櫻井秀樹,千代田牧場,"1,260.0",2011.0,2016.0,2001.0
2020105583,ボールドステート,牡,別府真司,,シルバーステート,2013105903,ラブカーナ,2004100620,オース,000a000d94,増田陽一,新冠橋本牧場,"1,259.5",2013.0,2004.0,1996.0
2020106596,アルティメットサガ,牡,榎屋充,,ディープエクシード,2013106228,ウチデノコヅチ,2012102210,ディープスカイ,2005101358,小橋亮太,大道牧場,"1,258.2",2013.0,2012.0,2005.0
2020103108,オーヴァルブルーム,牝,斎藤誠,,ハービンジャー,000a011996,レッドオーヴァル,2010103743,ディープインパクト,2002100816,ＤＭＭドリームクラブ,社台ファーム,"1,258.0",2006.0,2010.0,2002.0
2020101434,シャトーボビー,牡,菊川正達,,シャンハイボビー,000a0127e4,ラッポルティ,2016102940,ジャングルポケット,1998101786,徳増栄治,クラウン日高牧場,"1,257.9",2010.0,2016.0,1998.0
2020106321,タノムデホンマ,セ,諏訪貴正,,リヤンドファミユ,2010104396,デンタルハイジーン,2010102167,プリサイスエンド,000a00fe9b,三宅勝俊,カナイシスタッド,"1,257.0",2010.0,2010.0,1997.0
2020101587,ガルムキャット,牡,胡本友晴,,ハーツクライ,2001103038,パスオブドリームズ,000a012950,Giant's Causeway,000a0022e1,ファーストビジョン,下河辺牧場,"1,256.2",2001.0,2010.0,1997.0
2020101323,アットアブラスト,セ,小椋研介,,ゼンノロブロイ,2000101517,ウィンディガーデン,2007103248,タニノギムレット,1999100226,岡田牧雄,沖田牧場,"1,253.0",2000.0,2007.0,1999.0
2020105608,コンドリュール,セ,松浦聡志,,トランセンド,2006104736,イコールパートナー,2005105381,カリズマティック,000a00fa33,前田幸治,ノースヒルズ,"1,252.5",2006.0,2005.0,1996.0
2020103187,アドマイヤイル,牡,友道康夫,,Saxon Warrior,2015100991,アイムユアーズII,000a014bde,Invincible Spirit,000a01056d,近藤旬子,ノーザンファーム,"1,249.4",2015.0,2011.0,1997.0
2020104024,マリンジェミナイ,牝,石本孝博,,ディスクリートキャット,000a0113a1,ハニーサックル,2011104768,ハーツクライ,2001103038,川添裕起,小倉光博,"1,246.0",2003.0,2011.0,2001.0
2020106556,ティーズアペックス,牝,嶋田幸晴,,レッドファルクス,2011104416,ティーズアライズ,2012105214,ワイルドラッシュ,000a0003a1,立山伸二,谷川牧場,"1,245.9",2011.0,2012.0,1994.0
2020102571,ビューティーワン,牝,武英智,,ハーツクライ,2001103038,ディヴィナプレシオーサ,000a01294e,Crocker Road,000a0127e2,コスモ・コスモ,追分ファーム,"1,245.6",2001.0,2010.0,2001.0
2020102430,コスモフーレイ,牝,西園翔太,,サトノクラウン,2012104668,ファインセイコー,2001103367,サンデーサイレンス,000a00033a,ビッグレッドファーム,市川牧場,"1,243.4",2012.0,2001.0,1986.0
2020106226,ゴールデンカガヤ,牡,岩本洋,,ダンカーク,000a012185,トシキャンディ,2006101748,バブルガムフェロー,1993109219,日本スタンダード（株,浦河小林牧場,"1,240.5",2006.0,2006.0,1993.0
2020101570,レッドテンペスト,セ,笹田和秀,,リオンディーズ,2013105915,ストーミーレニー,000a0122d7,Storm Cat,000a001a98,東京ホースレーシング,下河辺牧場,"1,240.0",2013.0,2005.0,1983.0
2020105624,ヘヴンズタイム,セ,北出成人,,ラニ,2013110045,コンプリカーター,1998100676,Mr. Prospector,000a001607,ノースヒルズ,ノースヒルズ,"1,239.0",2013.0,1998.0,1970.0
2020100290,デザイアーフェーム,牡,松永康利,,ラブリーデイ,2010104298,コンゴウプリンセス,2015102484,エンパイアメーカー,000a010542,小林竜太郎,土田ファーム,"1,239.0",2010.0,2015.0,2000.0
2020109072,ナナドリーム,牡,千葉幸喜,,ダノンシャーク,2008105554,パールレディ,2007109242,クロフネ,1998110135,平本淳一,ワールドファーム,"1,238.6",2008.0,2007.0,1998.0
2020106453,ズンガリプテルス,牡,小国博行,,トゥザグローリー,2007103265,メイショウアレーナ,2009100806,アグネスタキオン,1998101516,谷口祐人,斉藤英牧場,"1,238.6",2007.0,2009.0,1998.0
2020110145,スモーキンビリー,牡,茂木浩幸,,Free Drop Billy,000a01c0bd,Buy for Less,000a01c0c7,Bodemeister,000a0124d5,江馬由将,Mullikin Thoroughbreds,"1,238.0",2015.0,2014.0,2009.0
2020101320,パワトゥザピープル,牝,米川昇,,キズナ,2010105827,イエスアイキャン,2011100134,スマートボーイ,1995100385,沖田方子,沖田牧場,"1,237.2",2010.0,2011.0,1995.0
2020100576,モトサン,牡,鈴木義久,,メイショウボーラー,2001100650,オーマイクリス,2007101237,シンボリクリスエス,1999110099,乙訓史樹,櫛桁牧場,"1,236.5",2001.0,2007.0,1999.0
2020106317,ハナノウタ,牝,真島正徳,,ニシケンモノノフ,2011105438,インカローズ,2013106385,ディープスカイ,2005101358,三岡有香,カナイシスタッド,"1,235.3",2011.0,2013.0,2005.0
2020102324,ダンシングラブリー,牝,竹下太,,コパノリッキー,2010106548,ダンシングミッシー,2009103145,シニスターミニスター,000a011099,武村學,ヤナガワ牧場,"1,235.3",2010.0,2009.0,2003.0
2020110028,ウォーターレモン,牡,川野勇馬,,Lemon Drop Kid,000a0022d0,Aquapazza,000a01b10c,Stormy Atlantic,000a010b85,神岡由美子,Barry R Ostrager,"1,235.0",1996.0,2008.0,1994.0
2020101845,フライウィズミー,牝,長南和宏,,ヴィクトワールピサ,2007102923,メイビーフォーエヴァー,000a011424,Zafonic,000a001d7d,山田裕史,ダーレー・ジャパン・ファーム,"1,234.6",2007.0,1999.0,1990.0
2020102646,クラックオブドーン,セ,胡本友晴,,サトノクラウン,2012104668,クラックシード,2007103062,キングカメハメハ,2001103460,ファーストビジョン,社台コーポレーション白老ファーム,"1,234.5",2012.0,2007.0,2001.0
2020100580,ソルエストレーラ,牝,石川栄,,マインドユアビスケッツ,000a01392e,スプリングフェスタ,2008102881,ゼンノロブロイ,2000101517,石橋敏行,梅田牧場,"1,233.5",2013.0,2008.0,2000.0
2020100039,ベアカワイコチャン,牝,杉浦宏昭,,アジアエクスプレス,2011110091,ディレットリーチェ,2010103001,ダイワメジャー,2001103114,熊木浩,沖田忠幸,"1,233.0",2011.0,2010.0,2001.0
2020103269,エンジェルラウンド,牝,新開幸一,,ミッキーアイル,2011103916,エクレールアンジュ,2013105763,ゼンノロブロイ,2000101517,吉田勝己,ノーザンファーム,"1,231.0",2011.0,2013.0,2000.0
2020103389,ブリスキー,セ,堀宣行,,ハービンジャー,000a011996,サンデースマイルII,000a01165a,サンデーサイレンス,000a00033a,金子真人ホールディングス,ノーザンファーム,"1,230.0",2006.0,2003.0,1986.0
2020102210,サーブルミラージュ,牡,宮川真衣,,エスポワールシチー,2005102837,マジックミラージュ,2002110147,Giant's Causeway,000a0022e1,山崎康,前野牧場,"1,228.5",2005.0,2002.0,1997.0
2020104814,リッキーナイト,牡,板垣吉則,,コパノリッキー,2010106548,コパノレイミー,2014101869,スターリングローズ,1997106560,小林祐介,へいはた牧場,"1,227.5",2010.0,2014.0,1997.0
2020110101,ゴールデンマイク,牡,新井清重,,Justify,000a013f2d,Sambuca Classica,000a0139a8,Cat Thief,000a00fcdf,藤田晋,CHC Inc,"1,224.0",2015.0,2004.0,1996.0
2020106798,メイショウオオミネ,牡,石橋守,,ドゥラメンテ,2012104511,ハービンジャーラス,000a012e27,Thousand Words,000a012c44,松本好隆,林孝輝,"1,223.0",2012.0,2010.0,2004.0
2020109061,コンチトーホク,牡,千葉幸喜,,メイショウサムソン,2003102205,メイショウオリビア,2007101559,フジキセキ,1992109618,根田喜久雄,フォレブルー,"1,222.0",2003.0,2007.0,1992.0
2020105770,コスモメイゲツ,牡,倉富隆一,,ダノンバラード,2008103548,ニシノムーンライト,1999107138,Diesis,000a001815,嶋田亘克,ビッグレッドファーム,"1,216.7",2008.0,1999.0,1980.0
2020105739,モズライフセーバー,牡,中西達也,,シルバーステート,2013105903,サマーコード,2007104861,スターリングローズ,1997106560,笠原久夫,樋渡志尚,"1,216.0",2013.0,2007.0,1997.0
2020106885,リリーバローズ,牝,村田順一,,ルーラーシップ,2007103143,ニコールバローズ,2009104381,ゼンノロブロイ,2000101517,酒井孝敏,三嶋牧場,"1,215.1",2007.0,2009.0,2000.0
2020106385,ブレードキング,牡,宮路洋一,,マジェスティックウォリアー,000a011e9c,カナスヌーマ,2013103394,マンハッタンカフェ,1998101554,小橋亮太,杵臼牧場,"1,214.0",2005.0,2013.0,1998.0
2020104355,バルフォアテソーロ,牡,高木登,,ブラックタイド,2001103312,マーティンオート,2010102857,プリサイスエンド,000a00fe9b,了徳寺健二ホールディングス,高橋修,"1,213.0",2001.0,2010.0,1997.0
2020100719,キャロルビアンカ,牝,松浦裕之,,サトノダイヤモンド,2013106101,キャロルロゼ,2007102054,タイキシャトル,1994109686,上山泰憲,高昭牧場,"1,211.5",2013.0,2007.0,1994.0
2020102377,サンタアナテソーロ,牝,九日俊光,,Speightstown,000a011200,ジャニュアリージョーンズ,000a014a47,Shirocco,000a010db9,山邉浩,リョーケンファーム,"1,211.0",1998.0,2011.0,2001.0
2020107191,ドウダンミッチー,牡,武市康男,,シニスターミニスター,000a011099,トウケイサクラ,2010101442,シンボリクリスエス,1999110099,茂木国久,大道牧場,"1,210.0",2003.0,2010.0,1999.0
2020104224,ニホンピロアリー,牝,中尾秀正,,キンシャサノキセキ,2003110212,ニホンピロタルト,2004104432,オペラハウス,000a000d77,小林英一,佐竹学,"1,208.0",2003.0,2004.0,1988.0
2020101276,イケノシイチャン,牝,高馬元紘,,エスポワールシチー,2005102837,イケノパシスタ,2013100050,ブラックタイド,2001103312,池添安雄,池添安雄,"1,207.5",2005.0,2013.0,2001.0
2020102366,リコーアストラ,牝,板垣吉則,,ラニ,2013110045,フサイチモナコ,2003102992,フジキセキ,1992109618,土橋正雄,リコーファーム,"1,206.3",2013.0,2003.0,1992.0
2020107037,ユキノマリア,牝,平和人,,アジアエクスプレス,2011110091,エムヴォワール,2008104999,ダンスインザダーク,1993109188,小橋亮太,北星村田牧場,"1,205.5",2011.0,2008.0,1993.0
2020105498,キタノチェロキー,牝,粕谷昌央,,タリスマニック,000a013425,ヒシシンエイ,2001101622,スペシャルウィーク,1995103211,北所直人,中山高鹿康,"1,204.0",2013.0,2001.0,1995.0
2020103559,リプレゼント,牡,高柳瑞樹,,ロードカナロア,2008103552,ファイネストシティ,000a014353,City Zip,000a0127e6,藤田晋,ノーザンファーム,"1,203.8",2008.0,2012.0,1998.0
2020106035,タガノエリザベス,牝,岡田稲男,,キタサンブラック,2012102013,エディンバラ,2013101722,キングカメハメハ,2001103460,八木昌司,八木牧場,"1,203.0",2012.0,2013.0,2001.0
2020104784,サンライズピース,牡,河内洋,,ブラックタイド,2001103312,シースナイプ,2007102932,グラスワンダー,1995108676,松岡隆雄,藤原牧場,"1,203.0",2001.0,2007.0,1995.0
2020105600,ヤマニンブルトンヌ,牝,松平幸秀,,ストロングリターン,2006102934,ヤマニンプチガトー,2009105000,ヤマニンセラフィム,1999104188,土井久美子,錦岡牧場,"1,201.8",2006.0,2009.0,1999.0
2020105675,ツカサレヴズ,牡,高月賢一,,リアルスティール,2012104889,ライラムーン,2013106127,キングカメハメハ,2001103460,小泉禎剛,ハクレイファーム,"1,201.0",2012.0,2013.0,2001.0
2020102537,チカポコ,牝,中川竜馬,,ブラックタイド,2001103312,アスペンアベニュー,2006102758,トワイニング,000a000006,奥正之,追分ファーム,"1,200.4",2001.0,2006.0,1991.0
2020100305,セイウンスイート,牝,吉田正美,,サトノクラウン,2012104668,フィールドメジャー,2010104091,ダイワメジャー,2001103114,冨田藤男,中田英樹,"1,198.5",2012.0,2010.0,2001.0
2020104119,ゴールドラッドマン,牡,千葉幸喜,,ヘニーヒューズ,000a011155,タイニーダンサー,2013104126,サウスヴィグラス,1996110138,宮崎俊也,グランド牧場,"1,196.0",2003.0,2013.0,1996.0
2020104052,テンホワイトラブ,牝,小西一男,,エスポワールシチー,2005102837,ベガグレシヤス,2007100183,アドマイヤドン,1999107052,天白泰司,片岡博,"1,194.0",2005.0,2007.0,1999.0
2020106625,マーレアペルト,牝,菊川正達,,ホッコータルマエ,2009100921,オーシャンケリー,2014103341,シンボリクリスエス,1999110099,中村祐子,地興牧場,"1,192.0",2009.0,2014.0,1999.0
2020104032,アルザード,牡,北野真弘,,トランセンド,2006104736,トーセンムンク,2009102212,キングカメハメハ,2001103460,グリーンウッド（株,織田正敏,"1,192.0",2006.0,2009.0,2001.0
2020106813,ラピッドベル,牝,佐々木国,,アジアエクスプレス,2011110091,グッドイヴニング,2011100519,コマンズ,000a011625,大樹ファーム,ビクトリーホースランチ,"1,191.5",2011.0,2011.0,1996.0
2020110012,ランベントライト,牝,田中正人,,ハードスパン,000a0116a1,Empire City,000a01a758,エンパイアメーカー,000a010542,レッドマジック,Hakurei Farm Corporation,"1,190.0",2004.0,2014.0,2000.0
2020105878,アルファゼウス,牡,石井勝男,,マインドユアビスケッツ,000a01392e,ピースフルデイズ,2015100800,ディープインパクト,2002100816,近藤真衣,松浦牧場,"1,190.0",2013.0,2015.0,2002.0
2020103418,インクルードダイヤ,牝,南弘樹,,サトノダイヤモンド,2013106101,シーズインクルーデッド,000a01116d,Include,000a010906,橘勝年,ノーザンファーム,"1,190.0",2013.0,2004.0,1997.0
2020101819,ヒサメ,牡,田中剛,,タニノギムレット,1999100226,スプリングレイン,2002100014,Dubai Millennium,000a0022d1,ゴドルフィン,ダーレー・ジャパン・ファーム,"1,190.0",1999.0,2002.0,1996.0
2020100558,グレイスカリヨン,牝,小久保智,,ドリームバレンチノ,2007104877,ブライトガーランド,2013100377,ダイワメジャー,2001103114,田畑利彦,秋場牧場,"1,190.0",2007.0,2013.0,2001.0
2020100202,ゼットスティール,牡,庄野靖志,,リアルスティール,2012104889,ソロデビュー,2009101565,シンボリクリスエス,1999110099,フォーレスト,嶋田牧場,"1,190.0",2012.0,2009.0,1999.0
2020106838,オグメンタ,牡,米田英世,,シニスターミニスター,000a011099,メモラブルワーズ,2001100704,バブルガムフェロー,1993109219,木村友典,丸幸小林牧場,"1,188.5",2003.0,2001.0,1993.0
2020105866,スターキー,牡,栗林徹治,,メイショウボーラー,2001100650,ゲットミー,2012101312,アグネスデジタル,1997110025,安部重夫,松浦牧場,"1,187.0",2001.0,2012.0,1997.0
2020100895,グランレイハート,牝,飯田良弘,,エスポワールシチー,2005102837,アルファメガハート,2005104732,オペラハウス,000a000d77,橘勝年,バンブー牧場,"1,181.5",2005.0,2005.0,1988.0
2020102410,ビッグショット,牡,鈴木啓之,,フリオーソ,2004106867,アースシェイカー,2006102419,スウェプトオーヴァーボード,000a00fa34,中山博,新井牧場,"1,179.0",2004.0,2006.0,1997.0
2020105726,セクシーコマンドー,牡,小久保智,,ビーチパトロール,000a0141f9,オウシュウフリート,2005105472,コロナドズクエスト,000a0000b5,山口裕介,ヒカル牧場,"1,178.0",2013.0,2005.0,1995.0
2020104607,ヨシノタルマエ,牡,盛本信春,,ホッコータルマエ,2009100921,マイティーボタン,2004106714,タイキシャトル,1994109686,清水義徳,西村牧場,"1,177.5",2009.0,2004.0,1994.0
2020101457,リネンマンボ,牡,南田美知,,ダンカーク,000a012185,ハタノメドゥーサ,2008105443,ダンスインザダーク,1993109188,戸山光男,グッドラック・ファーム,"1,175.8",2006.0,2008.0,1993.0
2020106947,ウインコマチ,牝,中川雅之,,ルーラーシップ,2007103143,トップコマチ,2005106501,テイエムオペラオー,1996100292,畠山朝子,宮内牧場,"1,175.6",2007.0,2005.0,1996.0
2020101597,サンライズタイソン,牡,平田修,,モーリス,2011100655,マイアトラクション,2012101390,ディープインパクト,2002100816,ライフハウス,下河辺牧場,"1,174.9",2011.0,2012.0,2002.0
2020100455,スナークドリアン,牡,新井隆太,,マクフィ,000a011c77,ハートフル,000a013e7e,Shamardal,000a010c92,杉本豊,三石川上牧場,"1,171.5",2007.0,2013.0,2002.0
2020101924,デアベーゼブリック,牝,櫻田浩樹,,エスポワールシチー,2005102837,ブイアスカ,2008105828,アドマイヤドン,1999107052,吉岡大樹,戸川牧場,"1,171.4",2005.0,2008.0,1999.0
2020104634,スピリチュアル,牝,月岡健二,,ヘニーヒューズ,000a011155,スフィンクス,2009104055,リンカーン,2000101561,佐々木雄二,橋本牧場,"1,171.0",2003.0,2009.0,2000.0
2020101835,イセベイ,牡,石橋満,,モーリス,2011100655,ハーロンベイ,2010100652,Elusive Quality,000a00231f,中平和宏,ダーレー・ジャパン・ファーム,"1,169.5",2011.0,2010.0,1993.0
2020101122,シエロエスティーボ,牡,小手川準,,ルーラーシップ,2007103143,オーラレガーレ,2008102816,マンハッタンカフェ,1998101554,シルクレーシング,坂東牧場,"1,168.0",2007.0,2008.0,1998.0
2020110065,キュピドン,牡,森秀行,,American Pharoah,000a012aad,Chocolate Pop,000a01bcdf,Cuvee,000a011250,前田幸貴,Camas Park Stud & Lynch Bages LTD.,"1,167.5",2012.0,2006.0,2001.0
2020100317,レスプレンドール,牝,稻田彰宏,,アジアエクスプレス,2011110091,ビエントブランコ,2010100762,フサイチリシャール,2003102955,木下務,ニシケンファーム,"1,167.2",2011.0,2010.0,2003.0
2020104171,グァルジャー,牝,吉田直弘,,アメリカンペイトリオット,000a013bba,ジアトレーゼ,2011100455,ティンバーカントリー,000a00035e,二口雅一,サカイファーム,"1,167.0",2013.0,2011.0,1992.0
2020104248,ロッソナブア,牡,菅原勲,,グランデッツァ,2009105989,ベラミカントリー,2005100405,ティンバーカントリー,000a00035e,大久保和夫,静内酒井牧場,"1,166.2",2009.0,2005.0,1992.0
2020103126,レイジングスラスト,牡,角田輝也,,ロゴタイプ,2010103783,ワイルドウインド,000a013879,Danehill Dancer,000a002309,（株）吉澤ステーブル,社台ファーム,"1,163.8",2010.0,2008.0,1993.0
2020106973,デイドリームビーチ,牡,金田一昌,,ビーチパトロール,000a0141f9,デイドリーマー,2010100683,ネオユニヴァース,2000101426,（有）ミルファーム,ミルファーム,"1,163.5",2013.0,2010.0,2000.0
2020101129,レクランスリール,牝,川嶋弘吉,,ドレフォン,000a013b82,スリールドランジュ,2011103753,ゼンノロブロイ,2000101517,高木毅,坂東牧場,"1,163.2",2013.0,2011.0,2000.0
2020106355,フェゲフォイア,牡,岡田稲男,,アドマイヤムーン,2003102991,アリアプーラ,000a011bb5,Flying Spur,000a00220d,一村哲也,ガーベラパークスタッド,"1,163.0",2003.0,2002.0,1992.0
2020104000,メイショウタクボク,牡,高橋亮,,モーリス,2011100655,フォースデラネイチャー,000a0143c5,Scat Daddy,000a0114fe,松本好隆,岡田牧場,"1,163.0",2011.0,2009.0,2004.0
2020100131,ジェイエルバルカー,牡,目迫大輔,,マジェスティックウォリアー,000a011e9c,ホウライマリーン,2013100719,サウスヴィグラス,1996110138,ファーストビジョン,グローリーファーム,"1,163.0",2005.0,2013.0,1996.0
2020101353,マロンアイス,牡,川西毅,,エピファネイア,2010104155,マロンブーケ,2011100153,ダイワメジャー,2001103114,保坂和孝,オリオンファーム,"1,160.3",2010.0,2011.0,2001.0
2020106260,エイシンエマーユ,牝,田中剛,,エイシンヒカリ,2011101273,エイシンピカソ,2013110066,Drosselmeyer,000a012874,平井克彦,栄進牧場,"1,160.0",2011.0,2013.0,2007.0
2020100098,グンジン,牡,橋本和馬,,エスポワールシチー,2005102837,リンノフォーマリア,2011102009,パイロ,000a01176a,和田博美,加野牧場,"1,159.0",2005.0,2011.0,2005.0
2020100785,ハクサンモンチュ,牡,矢野義幸,,ハクサンムーン,2009102527,サウンドウェーブ,2007102012,シンボリクリスエス,1999110099,河崎五市,鮫川啓一,"1,158.5",2009.0,2007.0,1999.0
2020100450,マーゴットバモス,牡,松浦裕之,,アポロキングダム,2003110139,ケーズノーツ,2014101364,サクラプレジデント,2000102261,前田良平,三石川上牧場,"1,158.5",2003.0,2014.0,2000.0
2020101231,プレストアルファ,牡,山下貴之,,ストロングリターン,2006102934,ベアフルート,2009105736,サクラバクシンオー,1989108341,（有）ランドエコノミ,天羽禮治,"1,157.5",2006.0,2009.0,1989.0
2020102879,スプレンディダ,牝,渡邊貴光,,ショウナンカンプ,1998102595,ショコラトリー,2015104203,ノヴェリスト,000a012230,吉田千津,社台ファーム,"1,156.0",1998.0,2015.0,2009.0
2020104106,ハッピーイエロー,牝,松平幸秀,,ダブルスター,2009103518,イエローサブマリン,2011101924,スズカフェニックス,2002107011,橘勝年,グランド牧場,"1,155.5",2009.0,2011.0,2002.0
2020101653,モズマーカッシン,牡,高柳大輔,,シルバーステート,2013105903,リュミエールゲラン,2008105651,ロックオブジブラルタル,000a00fd4c,キャピタル・システム,白井牧場,"1,155.0",2013.0,2008.0,1999.0
2020105910,エスクマ,牡,佐藤浩一,,ディスクリートキャット,000a0113a1,ニガオエ,2013104265,アドマイヤオーラ,2004102987,横山育生,マリオステーブル,"1,154.8",2003.0,2013.0,2004.0
2020106164,ピュアマークス,牡,別府真司,,ホッコータルマエ,2009100921,ラヴクレージー,2011105921,ゼンノロブロイ,2000101517,河村隆平,清水スタッド,"1,153.5",2009.0,2011.0,2000.0
2020102514,ビリーヴィン,牡,藤原智行,,トーセンモナーク,2005102391,トーセンモアムード,2007103369,Mineshaft,000a010545,中尾勝,エスティファーム,"1,153.5",2005.0,2007.0,1999.0
2020102294,スイープラン,牝,渡辺薫彦,,シャンハイボビー,000a0127e4,ブランシェール,2008102761,ディープインパクト,2002100816,岡村善行,門別牧場,"1,152.0",2010.0,2008.0,2002.0
2020104123,エリカドリーム,牝,佐藤悠太,,ロードカナロア,2008103552,ドリームライター,000a012f82,Tale of the Cat,000a002276,三木正浩,グランド牧場,"1,150.5",2008.0,2009.0,1994.0
2020103219,ドゥムーラン,牝,尾関知人,,サトノダイヤモンド,2013106101,アメリ,2010104018,Distorted Humor,000a0022ea,サンデーレーシング,ノーザンファーム,"1,150.0",2013.0,2010.0,1993.0
2020103079,デイズオブドリーム,牝,加藤征弘,,レッドファルクス,2011104416,ユメノキラメキ,2007102839,ロージズインメイ,000a010a10,諸江幸祐,社台ファーム,"1,150.0",2011.0,2007.0,2000.0
2020103029,スプレンデンテ,牝,荒山勝徳,,パイロ,000a01176a,ブローザキャンドル,2001103201,サンデーサイレンス,000a00033a,吉田照哉,社台ファーム,"1,150.0",2005.0,2001.0,1986.0
2020101556,オーサムサンライズ,牝,新井隆太,,マクフィ,000a011c77,サンデーサンライズ,2002105981,サンデーサイレンス,000a00033a,木村益生,下河辺牧場,"1,150.0",2007.0,2002.0,1986.0
2020106169,アンニンドウフ,牡,赤嶺本浩,,ラニ,2013110045,ジョア,2014102955,カジノドライヴ,2005110112,横田一男,スイートファーム,"1,149.7",2013.0,2014.0,2005.0
2020101136,マジーク,牝,田中範雄,,タリスマニック,000a013425,ディープサウス,2010104178,ディープインパクト,2002100816,窪田芳郎,坂東牧場,"1,149.5",2013.0,2010.0,2002.0
2020105458,テクノエクスプレス,牡,飯田良弘,,アジアエクスプレス,2011110091,ヒシトパーズ,2010105394,フサイチコンコルド,1993109220,梶山高志,中本隆志,"1,149.0",2011.0,2010.0,1993.0
2020104473,ゴールデンエール,牡,杉浦宏昭,,コパノリッキー,2010106548,サティーヌアロム,2014104794,シンボリクリスエス,1999110099,ＳＦレーシング,千代田牧場,"1,149.0",2010.0,2014.0,1999.0
2020102967,テイケイヴィーノ,牝,山口浩幸,,ダノンバラード,2008103548,ナミダガキラリ,2005110036,Fusaichi Pegasus,000a0022cf,兼松忠男,社台ファーム,"1,148.9",2008.0,2005.0,1997.0
2020105738,ライヴペッパー,牡,山崎裕也,,カレンブラックヒル,2009106230,コンフォータブル,2011105174,ザール,000a010990,澤田孝之,樋渡志尚,"1,148.0",2009.0,2011.0,1995.0
2020105282,ワタシデイイデスカ,牝,中川雅之,,アジアエクスプレス,2011110091,ブルーライトクロス,2012100303,ファスリエフ,000a00fc4c,松田真由美,シンユウファーム,"1,145.8",2011.0,2012.0,1997.0
2020101832,シナジーエフェクト,牡,凾館一昭,,パイロ,000a01176a,ノヴィア,2015101674,ハードスパン,000a0116a1,星野隆男,ダーレー・ジャパン・ファーム,"1,145.5",2005.0,2015.0,2004.0
2020100260,レイシン,牡,石井勝男,,ラブリーデイ,2010104298,グラッドクライ,2009101611,キッケンクリス,000a010643,根田喜久雄,田中春美,"1,142.6",2010.0,2009.0,2000.0
2020105033,アズグレーター,牡,田中範雄,,グレーターロンドン,2012101402,シルクアピール,2000104449,フォーティナイナー,000a000134,前原敏行,石田牧場,"1,142.5",2012.0,2000.0,1985.0
2020104829,オールアイズオン,セ,村上頼章,,キズナ,2010105827,キズナII,000a012e2b,Hurricane Run,000a01189d,和泉憲一,北洋牧場,"1,142.0",2010.0,2010.0,2002.0
2020106937,エレガントジュエリ,牝,川村守男,,ダノンレジェンド,2010110102,エレガントウーマン,2015103389,ロードカナロア,2008103552,畠山朝子,宮内牧場,"1,141.5",2010.0,2015.0,2008.0
2020106604,ニシノニューリーフ,牝,冨田敏男,,ネロ,2011103722,トーセンミューズ,2016103808,トーセンロレンス,2009106085,冨田藤男,大道牧場,"1,141.5",2011.0,2016.0,2009.0
2020101717,ネイロン,セ,中竹和也,,エイシンヒカリ,2011101273,グレースドゥモナコ,2012101460,タイキシャトル,1994109686,西田彰宏,スマイルファーム,"1,141.0",2011.0,2012.0,1994.0
2020103142,レコルトハッピー,牡,藪口一麻,,フリオーソ,2004106867,ニシエイビュレット,2005102940,タヤスツヨシ,1992109612,（有）太盛,ストロベリーフィールドファーム,"1,140.0",2004.0,2005.0,1992.0
2020102966,デインバランス,牝,杉山晴紀,,エピファネイア,2010104155,ナッシングバットドリームズ,000a012eca,Frankel,000a01239b,草間庸文,社台ファーム,"1,140.0",2010.0,2014.0,2008.0
2020100084,レッドカメリア,牝,佐藤吉勝,,レーヴミストラル,2012104929,インブルーム,2015103000,シンボリクリスエス,1999110099,清水敏,加野牧場,"1,139.6",2012.0,2015.0,1999.0
2020104759,ディープマインド,牡,加藤和義,,マインドユアビスケッツ,000a01392e,ディープデザイア,2007104835,アグネスタキオン,1998101516,プレディクトレーシング,フジワラファーム,"1,138.7",2013.0,2007.0,1998.0
2020106308,エスプリゴンザレス,牡,久保秀男,,マジェスティックウォリアー,000a011e9c,クレールドリュヌ,2009102687,アドマイヤムーン,2003102991,依田泰雄,オカモトファーム,"1,138.0",2005.0,2009.0,2003.0
2020103003,ピンポイントドロー,牡,田中勝春,,レッドファルクス,2011104416,ピリカクル,2015104490,オルフェーヴル,2008102636,薗部博之,社台ファーム,"1,138.0",2011.0,2015.0,2008.0
2020101293,オールアルミュール,牡,吉井竜一,,ディスクリートキャット,000a0113a1,ヴィーナスブルー,2014101215,ルーラーシップ,2007103143,（有）馬の友舎,ヴェルサイユファーム,"1,134.0",2003.0,2014.0,2007.0
2020104150,ベイブ,牝,吉見真幸,,スズカコーズウェイ,2004104345,ワイルドイマージュ,2006100940,ワイルドラッシュ,000a0003a1,椎名真生,グランド牧場,"1,133.5",2004.0,2006.0,1994.0
2020103996,エーティースピカ,牝,宇野木博,,タリスマニック,000a013425,チャームウィーク,2004105069,スペシャルウィーク,1995103211,会田裕一,岡田牧場,"1,133.0",2013.0,2004.0,1995.0
2020100549,リケアミネオラ,牡,吉井竜一,,ダノンレジェンド,2010110102,テルミークィーン,2009104151,キングカメハメハ,2001103460,豊島愛子,レースホース牧場,"1,133.0",2010.0,2009.0,2001.0
2020110128,フスカル,セ,石川栄,,American Pharoah,000a012aad,Blue Bahia,000a01c073,Wildcat Heir,000a011b14,川村靖子,Dennis A. Drazin,"1,132.8",2012.0,2013.0,2000.0
2020106012,エレガントルビー,牝,高野友和,,ドゥラメンテ,2012104511,ハーランズルビー,000a012062,Harlan's Holiday,000a010cdf,ターフ・スポート,村田牧場,"1,132.2",2012.0,2008.0,1999.0
2020104796,ホイッスルソング,牝,川西毅,,ビッグアーサー,2011103328,リルティングソング,2005100932,スペシャルウィーク,1995103211,今村明浩,藤原牧場,"1,132.2",2011.0,2005.0,1995.0
2020101144,ビービーベジェサ,牡,倉兼育康,,ゴールドシップ,2009102739,ビービーラッハーン,2007105622,シンボリクリスエス,1999110099,（有）坂東牧場,坂東牧場,"1,132.0",2009.0,2007.0,1999.0
2020100461,アラビアンレイン,牡,水野貴史,,シャンハイボビー,000a0127e4,ミンナノプリンセス,2012102554,コマンズ,000a011625,湯澤久徳,三石川上牧場,"1,132.0",2010.0,2012.0,1996.0
2020101029,アスクメークシェア,牡,前川恭子,,ロードカナロア,2008103552,ディープインアスク,2008106602,ディープインパクト,2002100816,廣崎利洋,ＡＳＫＳＴＵＤ,"1,131.0",2008.0,2008.0,2002.0
2020105610,ラモラック,牡,佐宗応和,,ラニ,2013110045,ヴァイセフラウ,2011105117,キングカメハメハ,2001103460,前田幸治,ノースヒルズ,"1,130.0",2013.0,2011.0,2001.0
2020102135,ペイシャアンジェロ,牝,伊藤伸一,,ストロングリターン,2006102934,アンジェロ,2012101713,マンハッタンカフェ,1998101554,北所直人,碧雲牧場,"1,130.0",2006.0,2012.0,1998.0
2020104488,ビッグリュウオー,牡,伊藤和忍,,ビッグアーサー,2011103328,セブンスハーモニー,2008100573,シンボリクリスエス,1999110099,会田裕一,千代田牧場,"1,129.0",2011.0,2008.0,1999.0
2020100990,アスピシャスデイ,牡,織田誠,,ラブリーデイ,2010104298,ハートオブスワロー,2014104044,ハーツクライ,2001103038,ファーストビジョン,村下農場,"1,126.5",2010.0,2014.0,2001.0
2020103754,アマートカヴァロ,牡,笹田和秀,,サトノクラウン,2012104668,ペルサントクリール,2004110225,Point Given,000a00fdbd,猪又晶介,橋本牧場,"1,125.0",2012.0,2004.0,1998.0
2020102184,サウンドズーム,牡,鈴木啓之,,サトノダイヤモンド,2013106101,サウンドリアーナ,2010101646,ケイムホーム,000a0108d1,会田裕一,本間牧場,"1,125.0",2013.0,2010.0,1999.0
2020107061,ケイツードラム,牡,坂口義幸,,ヴィクトワールピサ,2007102923,マルトクビクトリー,2012106363,フレンチデピュティ,000a00013a,大原直記,竹中牧場,"1,123.8",2007.0,2012.0,1992.0
2020106176,セイグッドラック,牡,安部幸夫,,ドレフォン,000a013b82,アロマキャンドル,2005102211,フレンチデピュティ,000a00013a,金田成基,富田恭司,"1,122.0",2013.0,2005.0,1992.0
2020103194,ギャラン,セ,長南和宏,,ハービンジャー,000a011996,アグレアーブル,2013106063,マンハッタンカフェ,1998101554,永山芳大,ノーザンファーム,"1,121.8",2006.0,2013.0,1998.0
2020100881,サンエイヴィクター,牡,畠山信一,,ラブリーデイ,2010104298,フウコウメイビ,2010103878,サクラバクシンオー,1989108341,鈴木雅俊,中村雅明,"1,121.0",2010.0,2010.0,1989.0
2020106350,ツーエムフリーク,牝,小沢宏次,,マジェスティックウォリアー,000a011e9c,ジュリエッタ,2012105183,エンパイアメーカー,000a010542,村上憲政,川越ファーム,"1,120.0",2005.0,2012.0,2000.0
2020102386,ラバテラリュージュ,牡,佐野謙二,,ワンダーアキュート,2006106794,エトワールアン,2010101194,スターキングマン,1999110010,本田廣一,若林順一,"1,119.0",2006.0,2010.0,1999.0
2020106277,ボルドーグリフォン,牝,菅原右吉,,エイシンヒカリ,2011101273,エーシングリフォン,2009110014,Street Cry,000a0103ba,シグラップ・マネジメ,栄進牧場,"1,116.9",2011.0,2009.0,1998.0
2020106940,ツルマルベル,牝,小林義明,,メイショウサムソン,2003102205,シャルマンウーマン,2011106116,サクラバクシンオー,1989108341,鶴谷義雄,宮内牧場,"1,116.7",2003.0,2011.0,1989.0
2020104519,シーズオブホープ,牡,武市康男,,リアルスティール,2012104889,プロディジー,2015105952,ヴィクトワールピサ,2007102923,櫻井秀樹,千代田牧場,"1,115.5",2012.0,2015.0,2007.0
2020104311,フィラメント,牡,平田正一,,フリオーソ,2004106867,トゥルーオトメ,2004100630,マンハッタンカフェ,1998101554,川原崇弘,静内山田牧場,"1,115.0",2004.0,2004.0,1998.0
2020101795,レンダリング,牡,海馬沢司,,タリスマニック,000a013425,エレメンツ,2013100554,パイロ,000a01176a,澤井義一,ダーレー・ジャパン・ファーム,"1,114.5",2013.0,2013.0,2005.0
2020106562,バンブトンプロ,牡,粕谷昌央,,マクフィ,000a011c77,ニースセブンティン,2005101300,ナリタトップロード,1996102442,樋口正蔵,谷川牧場,"1,113.0",2007.0,2005.0,1996.0
2020107089,ブレードランナー,牝,阿井正雄,,Gun Runner,000a0138fb,バンボッシュ,000a01596e,Tapit,000a011248,田頭勇貴,浜本牧場,"1,112.5",2013.0,2012.0,2001.0
2020105836,ゴールドレコーダー,牝,中川雅之,,ゴールドアクター,2011105266,ゴールドタイリン,2011105263,ネオユニヴァース,2000101426,大竹和彦,北勝ファーム,"1,111.7",2011.0,2011.0,2000.0
2020103735,ランフリーバンクス,牝,武幸四郎,,エピファネイア,2010104155,ワイルドラズベリー,2007103255,ファルブラヴ,1998190004,藤田晋,ノーザンファーム,"1,111.0",2010.0,2007.0,1998.0
2020106542,フレイムソード,牡,中川竜馬,,ハーツクライ,2001103038,アウトスマート,2014110068,Smart Strike,000a00211c,梶原哲朗,谷川牧場,"1,110.5",2001.0,2014.0,1992.0
2020106457,スナイチゴールド,牡,加藤和宏,,デクラレーションオブウォー,000a0136f6,ココロノアイ,2012105256,ステイゴールド,1994108729,ゴールドレーシング,酒井牧場,"1,110.0",2009.0,2012.0,1994.0
2020110146,シロイトイキ,牝,森下淳平,,Practical Joke,000a0139d1,Lady Hansen,000a01c0c9,Hansen,000a012bc4,江馬由将,Kendall E. Hansen M.D. Racing LLC,"1,109.0",2014.0,2014.0,2009.0
2020100966,シゲルアレグリア,牝,櫻田康二,,シゲルカガ,2011103048,シゲルオワリ,2011104839,ファスリエフ,000a00fc4c,ＫＡＪＩＭＯＴＯホールディングス,三好牧場,"1,107.4",2011.0,2011.0,1997.0
2020102453,アントレゾール,牡,田中正人,,キンシャサノキセキ,2003110212,マッテンタルト,2012103795,キングカメハメハ,2001103460,高橋正雄,上水牧場,"1,106.5",2003.0,2012.0,2001.0
2020102671,アイベラ,牝,長倉功,,イスラボニータ,2011103565,スターズインヘヴン,2014105290,ワークフォース,000a011a7f,稲場澄,社台コーポレーション白老ファーム,"1,106.0",2011.0,2014.0,2007.0
2020103375,オランジー,牝,藪口一麻,,ドレフォン,000a013b82,サトノオニキス,2013106106,ディープインパクト,2002100816,（有）総武開発,ノーザンファーム,"1,105.5",2013.0,2013.0,2002.0
2020106487,フューチャーアゲン,牝,川村守男,,アジアエクスプレス,2011110091,タカネナデシコ,2010109091,スズカフェニックス,2002107011,畠山朝子,松栄牧場,"1,103.5",2011.0,2010.0,2002.0
2020101319,ゴットリープ,牡,栗田徹,,キンシャサノキセキ,2003110212,アンタークティカ,2011100517,コマンズ,000a011625,今村明浩,沖田牧場,"1,103.0",2003.0,2011.0,1996.0
2020100231,ワンダーエッジ,牡,石坂公一,,デクラレーションオブウォー,000a0136f6,ワンダービーナス,2007103642,バゴ,2001190004,山本能成,城地牧場,"1,103.0",2009.0,2007.0,2001.0
2020105819,ギフテッドキング,牡,林正人,,ヴィクトワールピサ,2007102923,ガストネード,2011104776,キングカメハメハ,2001103460,ウエスト．フォレスト．ステイブル,ホース・マネジメント・ボス,"1,101.0",2007.0,2011.0,2001.0
2020100808,ワカタツフェイス,牝,佐々木由,,ヴィクトワールピサ,2007102923,アンフレシェ,2013102954,マンハッタンカフェ,1998101554,酒井孝敏,猿橋義昭,"1,100.2",2007.0,2013.0,1998.0
2020105669,ゴールデンウィンド,牝,高柳大輔,,ドレフォン,000a013b82,ダブルゴールド,2010104122,ゴールドアリュール,1999106689,レッドマジック,ハクレイファーム,"1,100.0",2013.0,2010.0,1999.0
2020104783,ハーモニーロワ,牡,新井清重,,コパノリッキー,2010106548,グロリアスバラッド,1998104867,Kingmambo,000a001d7e,日下部勝徳,藤原牧場,"1,100.0",2010.0,1998.0,1990.0
2020102333,サロンドブラック,牡,竹内正洋,,キタサンブラック,2012102013,ヒムノティック,000a013e19,War Front,000a011d00,辻子依旦,ヤナガワ牧場,"1,100.0",2012.0,2013.0,2002.0
2020100736,ビッグボーンリタ,牝,高橋康之,,ビッグアーサー,2011103328,トロンボーン,2010102076,アグネスタキオン,1998101516,高昭牧場,高昭牧場,"1,100.0",2011.0,2010.0,1998.0
2020110092,アヘッド,牝,中竹和也,,Frankel,000a01239b,ブランボヌール,2013101835,ディープインパクト,2002100816,前田葉子,North Hills Co. Ltd,"1,098.0",2008.0,2013.0,2002.0
2020101403,シェーンプリマー,牝,福永敏,,リアルスティール,2012104889,バラベルサイユ,2007105390,アグネスデジタル,1997110025,（有）ファンタストク,木村牧場,"1,094.0",2012.0,2007.0,1997.0
2020103942,ショートストップ,牡,田中道夫,,ダノンバラード,2008103548,ホリデイトウショウ,2008100649,タイキシャトル,1994109686,（同）ＪＰＮ技研,岡田スタッド,"1,093.9",2008.0,2008.0,1994.0
2020103103,レインメーカー,牡,佐藤悠太,,モーリス,2011100655,レアファインド,2013105569,ステイゴールド,1994108729,原禮子,社台ファーム,"1,093.5",2011.0,2013.0,1994.0
2020100542,ワンダーカラフル,牡,保利良次,,ディーマジェスティ,2013104704,ワンダースキー,2007104031,ストラヴィンスキー,000a00fa41,山本能成,米田牧場,"1,090.5",2013.0,2007.0,1996.0
2020101807,コンプラセンシア,牝,田中克典,,モーリス,2011100655,サンレーン,2010100698,Oasis Dream,000a010d4f,ゴドルフィン,ダーレー・ジャパン・ファーム,"1,090.0",2011.0,2010.0,2000.0
2020100500,ヴィエンヌ,牝,武藤善則,,エピファネイア,2010104155,リヴィエール,2011101574,ハーツクライ,2001103038,杉山忠国,明治牧場,"1,090.0",2010.0,2011.0,2001.0
2020105996,ファルシオン,牝,櫻田康二,,レッドファルクス,2011104416,ヒバリエクスプレス,2007105044,アグネスデジタル,1997110025,村上雅規,村上雅規,"1,089.8",2011.0,2007.0,1997.0
2020106944,ネイキッド,牡,宮本博,,シャンハイボビー,000a0127e4,タキオンレディー,2012105607,クロフネ,1998110135,前田晋二,宮内牧場,"1,088.0",2010.0,2012.0,1998.0
2020103172,トーアカラカウア,牡,阪本一栄,,ベーカバド,000a011dc0,トーアティアレ,2007102474,ゴールドアリュール,1999106689,（株）ファーストビジ,トーア牧場,"1,085.6",2007.0,2007.0,1999.0
2020104309,ミフネ,牡,真島元徳,,ストロングリターン,2006102934,ダンシング,2012105139,アッミラーレ,1997100569,副島義久,静内山田牧場,"1,084.9",2006.0,2012.0,1997.0
2020103593,リックスター,牝,中川雅之,,エピファネイア,2010104155,プロレタリアト,2011103739,ハーツクライ,2001103038,橋本宗保,ノーザンファーム,"1,084.4",2010.0,2011.0,2001.0
2020101092,ケイアイインダラ,牡,佐々木功,,ミッキーロケット,2013106099,アルヴェナ,000a011ab9,Seeking the Gold,000a001bea,（同）ＪＰＮ技研,中田牧場,"1,084.0",2013.0,2005.0,1985.0
2020106943,コパノスタンリー,牝,赤嶺亮,,コパノリッキー,2010106548,ソフィアルージュ,2003102310,クロフネ,1998110135,岩城拓実,宮内牧場,"1,082.0",2010.0,2003.0,1998.0
2020106156,キイロノトマト,牝,石栗龍彦,,インカンテーション,2010104916,カゼニモマケズ,2012105006,パイロ,000a01176a,江川伸夫,清水スタッド,"1,082.0",2010.0,2012.0,2005.0
2020102880,スズノハマヤ,牡,福田真広,,キンシャサノキセキ,2003110212,シルヴァーカップ,000a010eb1,Almutawakel,000a01064e,小紫嘉之,社台ファーム,"1,082.0",2003.0,2002.0,1995.0
2020102248,スマルト,牡,柏原誠路,,ダノンレジェンド,2010110102,マリンブルー,2012106282,ロージズインメイ,000a010a10,山上和良,三輪牧場,"1,079.5",2010.0,2012.0,2000.0
2020103424,ジュンフカリ,牡,坂本昇,,ドゥラメンテ,2012104511,ジュントップヒトミ,2013106145,ゼンノロブロイ,2000101517,（有）総武開発,ノーザンファーム,"1,079.0",2012.0,2013.0,2000.0
2020106290,エイシンチェンバー,牡,濱田一夫,,エイシンヒカリ,2011101273,チューブラーベルズ,000a0116e2,Kingmambo,000a001d7e,角茂樹,栄進牧場,"1,078.2",2011.0,2005.0,1990.0
2020103087,ラッキーコイン,牡,竹内正洋,,イスラボニータ,2011103565,ラディーヤ,000a014473,Sinndar,000a002329,吉田千津,社台ファーム,"1,078.0",2011.0,2008.0,1997.0
2020104729,マイキーマジック,牡,矢内博,,タリスマニック,000a013425,デュエット,2011104479,コンデュイット,2005190006,小林誠二,藤沢牧場,"1,077.0",2013.0,2011.0,2005.0
2020104448,エムティドン,牡,打越勇児,,ヴィットリオドーロ,2009110009,スガノグラスワン,2002103594,グラスワンダー,1995108676,（株）門別牧場,田原橋本牧場,"1,076.5",2009.0,2002.0,1995.0
2020106160,シカゴフォンテン,牡,玉井昇,,ベーカバド,000a011dc0,ナドレ,2006102973,スウェプトオーヴァーボード,000a00fa34,吉橋興生,清水スタッド,"1,075.5",2007.0,2006.0,1997.0
2020105221,キングダイヤモンド,牡,保利良平,,サトノダイヤモンド,2013106101,キングシスター,2002101949,キンググローリアス,000a000d48,伊藤裕章,小松隆弘,"1,075.5",2013.0,2002.0,1986.0
2020102857,ハットグットゲット,牡,宮川浩一,,ヴィクトワールピサ,2007102923,サイレントクロップ,2009105801,シンボリクリスエス,1999110099,小林渉,社台ファーム,"1,074.5",2007.0,2009.0,1999.0
2020100693,ナムラデュラン,セ,松平幸秀,,グレーターロンドン,2012101402,ナムラキッス,2011103015,マツリダゴッホ,2003104570,橘勝年,桑田正己,"1,074.5",2012.0,2011.0,2003.0
2020103624,ジャスティンボルト,牡,森澤友貴,,キタサンブラック,2012102013,マラコスタムブラダ,000a012b0b,Lizard Island,000a0129b9,三木正浩,ノーザンファーム,"1,074.0",2012.0,2010.0,2005.0
2020105884,フランコルシャン,牡,市村誠,,マクフィ,000a011c77,マダムジルウェット,2011100191,フジキセキ,1992109618,盛学志,松浦牧場,"1,073.6",2007.0,2011.0,1992.0
2020104645,オキサパンパ,牡,長谷川剛,,グレーターロンドン,2012101402,キャラメリゼ,2009104077,ブライアンズタイム,000a000082,ハヤシテラソスルイス,畠山牧場,"1,073.5",2012.0,2009.0,1985.0
2020104757,コモドアーズ,牡,横山保,,タリスマニック,000a013425,チラリ,2012104432,チチカステナンゴ,000a011135,北原大史,フジワラファーム,"1,073.0",2013.0,2012.0,1998.0
2020102472,トーセンジニアール,牡,小久保智,,トーセンレーヴ,2008103273,グレイスニコ,2014105586,スクリーンヒーロー,2004103328,Ａ．Ｗ（株）,エスティファーム,"1,072.5",2008.0,2014.0,2004.0
2020100508,スライスヘリテージ,牝,佐藤茂,,ワンダーアキュート,2006106794,ゴールドターフ,2008103940,ゴールドアリュール,1999106689,ニットー商事,元道牧場,"1,072.4",2006.0,2008.0,1999.0
2020105814,オリコウキング,牡,安池成実,,ニシケンモノノフ,2011105438,ドルフィン,2007105112,サウスヴィグラス,1996110138,（有）森井ホームサー,プログレスファーム,"1,072.0",2011.0,2007.0,1996.0
2020104693,ノーサイド,牡,酒井仁,,グランデッツァ,2009105989,パンパードサマー,2011102479,ショウナンカンプ,1998102595,伊藤裕一,原ファーム,"1,071.8",2009.0,2011.0,1998.0
2020101460,スティールグレイス,牝,角川秀樹,,ハタノヴァンクール,2009102350,ファーマシスト,2014102140,Shamardal,000a010c92,菅野守雄,グッドラック・ファーム,"1,070.0",2009.0,2014.0,2002.0
2020100973,ヘイスト,牡,森澤友貴,,エスポワールシチー,2005102837,ラブインザミスト,2010102296,ルールオブロー,000a010d7d,瀬野尾裕久,三好牧場,"1,069.9",2005.0,2010.0,2001.0
2020106275,エイシンエラン,牡,飯田良弘,,エイシンヒカリ,2011101273,エーシンエムディー,2009100231,キングカメハメハ,2001103460,平井克彦,栄進牧場,"1,069.5",2011.0,2009.0,2001.0
2020105867,ネオアリシア,牝,藤ケ崎一,,ドレフォン,000a013b82,サトノネネ,2010103898,ディープインパクト,2002100816,高井良隆男,松浦牧場,"1,069.0",2013.0,2010.0,2002.0
2020104731,サインポール,牡,東原己俊,,パイロ,000a01176a,ノルウェーノモリ,2011100431,ディープスカイ,2005101358,小橋亮太,藤沢牧場,"1,068.6",2005.0,2011.0,2005.0
2020105565,ベネチアフレイバー,牝,坂井英光,,ドレフォン,000a013b82,セイユウヴィーナス,2012100556,ハーツクライ,2001103038,尾田信一郎,新冠橋本牧場,"1,068.0",2013.0,2012.0,2001.0
2020106259,ビッグアメリカン,牡,的場直之,,アメリカンペイトリオット,000a013bba,エイシンヒマワリ,2013110116,Uncle Mo,000a011ffb,前田敏文,栄進牧場,"1,066.1",2013.0,2013.0,2008.0
2020103936,ホウオウヴィーナス,牝,岩崎真樹,,イスラボニータ,2011103565,ブリュメール,2000101786,ティンバーカントリー,000a00035e,組）リノレーシング,岡田スタッド,"1,066.1",2011.0,2000.0,1992.0
2020105499,ヤンノカステップ,牝,鷹見浩,,サトノクラウン,2012104668,ポートドラルーン,2010104423,チチカステナンゴ,000a011135,（有）内田ステーブル,中山高鹿康,"1,062.0",2012.0,2010.0,1998.0
2020105145,カワキタマックス,牝,宮川真衣,,エピファネイア,2010104155,キンショーダリヤ,2014104850,ダイワメジャー,2001103114,川島和範,川島牧場,"1,062.0",2010.0,2014.0,2001.0
2020101838,ハブル,牡,小久保智,,タリスマニック,000a013425,フラマブル,2013100635,パイロ,000a01176a,小菅誠,ダーレー・ジャパン・ファーム,"1,061.0",2013.0,2013.0,2005.0
2020101577,ハガネ,牡,藤田弘治,,ルーラーシップ,2007103143,ダイワスピリット,2005103189,ダンスインザダーク,1993109188,松井要,下河辺牧場,"1,060.9",2007.0,2005.0,1993.0
2020106381,リネンマリン,牝,粕谷昌央,,イスラボニータ,2011103565,イケジュンペガサス,2014103174,クロフネ,1998110135,戸山光男,杵臼牧場,"1,060.0",2011.0,2014.0,1998.0
2020104479,トゥルース,牡,金成貴史,,ジャスタウェイ,2009106461,サーキットレディ,2004110024,Grand Slam,000a0022b9,飯田正剛,千代田牧場,"1,060.0",2009.0,2004.0,1995.0
2020106977,モイスチャー,牡,諏訪貴正,,ダノンレジェンド,2010110102,ヒアルロンサン,2010102059,トワイニング,000a000006,（有）ミルファーム,ミルファーム,"1,058.5",2010.0,2010.0,1991.0
2020103555,ジャスティンユウジ,牡,森澤友貴,,キタサンブラック,2012102013,ピースアンドウォー,000a0137f9,War Front,000a011d00,三木正浩,ノーザンファーム,"1,058.4",2012.0,2012.0,2002.0
2020101296,アイヲヨブテーラー,牝,藤川純,,ノヴェリスト,000a012230,ゴールドテーラー,2010103921,ステイゴールド,1994108729,中西浩一,ヴェルサイユファーム,"1,058.0",2009.0,2010.0,1994.0
2020105591,ヤマニンリジッド,牡,松平幸秀,,レッドファルクス,2011104416,ヤマニンアタシャン,2011105062,フレンチデピュティ,000a00013a,土井久美子,錦岡牧場,"1,056.5",2011.0,2011.0,1992.0
2020103536,ジョナゴールド,牝,川島正一,,ヘニーヒューズ,000a011155,パーフェクトジョイ,2003103019,ステイゴールド,1994108729,吉田勝己,ノーザンファーム,"1,055.0",2003.0,2003.0,1994.0
2020101247,ミネヒメ,牝,本間忍,,ヴィクトワールピサ,2007102923,マウントフジ,2008109154,Orientate,000a010902,ミルファーム,新井昭二,"1,054.9",2007.0,2008.0,1998.0
2020104175,カシノインディード,牡,北村欣也,,リアルインパクト,2008103244,ボラボラ,2012104218,ジャングルポケット,1998101786,柏木務,サカイファーム,"1,052.0",2008.0,2012.0,1998.0
2020106692,アオラキ,牡,田村康仁,,ゴールドシップ,2009102739,カスタディーヴァ,2014110121,High Chaparral,000a010270,石井輝昭,ディアレストクラブ,"1,050.7",2009.0,2014.0,1999.0
2020106835,ソルテア,牡,水野貴史,,エスケンデレヤ,000a012cc0,ナロウゲート,2012105540,フォーティナイナーズサン,000a011227,杉浦和也,丸幸小林牧場,"1,050.3",2007.0,2012.0,2001.0
2020106794,フローラサンライズ,牝,玉垣光章,,クリエイターII,000a013630,ノベンバーペガサス,2008105585,サンライズペガサス,1998106718,松岡隆雄,信岡牧場,"1,050.0",2013.0,2008.0,1998.0
2020105652,トリオンファルマン,牝,笹田和秀,,キズナ,2010105827,ラトナプラ,2013110049,Distorted Humor,000a0022ea,ノースヒルズ,ノースヒルズ,"1,050.0",2010.0,2013.0,1993.0
2020105638,インザビギニング,牡,小崎憲,,マジェスティックウォリアー,000a011e9c,ネフェルティティ,2013101828,ゴールドアリュール,1999106689,ノースヒルズ,ノースヒルズ,"1,050.0",2005.0,2013.0,1999.0
2020105742,マイネルナラティヴ,牡,竹下直人,,マインドユアビスケッツ,000a01392e,ヴェイグストーリー,2009105726,ゴールドアリュール,1999106689,（株）ファーストビジ,ビッグレッドファーム,"1,049.7",2013.0,2009.0,1999.0
2020104439,リュウノマサムネ,牡,齊藤敏,,レッドファルクス,2011104416,ライトリーチューン,2013105719,マンハッタンカフェ,1998101554,蓑島竜一,谷岡牧場,"1,047.0",2011.0,2013.0,1998.0
2020110121,ルージュアマルフィ,牝,鹿戸雄一,,Frankel,000a01239b,Panmolle,000a01bdc1,Lawman,000a011d55,東京ホースレーシング,Wood Farm Stud,"1,045.0",2008.0,2015.0,2004.0
2020102274,ジョルジュ,牡,松本隆宏,,ルーラーシップ,2007103143,ピュアゴシップ,000a01250c,Pure Prize,000a011252,森永薫,森永牧場,"1,044.7",2007.0,2009.0,1998.0
2020106690,デスティノ,牡,矢野英一,,ホッコータルマエ,2009100921,アンルーリー,2010103177,チーフベアハート,1993190010,Ｇリビエール・レーシング,ディアレストクラブ,"1,044.0",2009.0,2010.0,1993.0
2020106641,オウケンデューク,セ,高月賢一,,ハーツクライ,2001103038,オウケンハナミズキ,2009100106,バゴ,2001190004,鈴木道隆,辻牧場,"1,044.0",2001.0,2009.0,2001.0
2020102617,オオエアクティブ,牡,雑賀正光,,リアルインパクト,2008103244,リアハッピー,2010101653,サウスヴィグラス,1996110138,生部初男,桑原牧場桑原康裕,"1,043.5",2008.0,2010.0,1996.0
2020105505,トウマ,牡,久保秀男,,ビーチパトロール,000a0141f9,オギノシュタイン,2008100368,ディープインパクト,2002100816,（有）龍光,長浜忠,"1,040.7",2013.0,2008.0,2002.0
2020104135,トルズイーガー,牡,伊藤圭三,,マインドユアビスケッツ,000a01392e,ファイトユアソング,2011101942,スズカマンボ,2001103890,モンレーヴ,グランド牧場,"1,040.0",2013.0,2011.0,2001.0
2020101703,ワンライトスター,牡,茶木太樹,,シニスターミニスター,000a011099,ラピッドガール,2005110063,Seeking the Gold,000a001bea,宮本育也,スウィングフィールド牧場,"1,040.0",2003.0,2005.0,1985.0
2020101652,ドライグ,牡,大根田裕,,ダノンレジェンド,2010110102,ラヴィーゲラン,2012101432,スペシャルウィーク,1995103211,奥裕嗣,白井牧場,"1,040.0",2010.0,2012.0,1995.0
2020100173,ダノンバビル,セ,中内田充,,ロードカナロア,2008103552,レキシールー,000a013e42,Sligo Bay,000a011fef,ダノックス,ケイアイファーム,"1,040.0",2008.0,2011.0,1998.0
2020107050,ベルウッドムサシ,牡,堀場裕充,,シニスターミニスター,000a011099,アスクザリーズン,2012106405,キングカメハメハ,2001103460,小林和義,大道牧場,"1,037.3",2003.0,2012.0,2001.0
2020103510,イストロス,セ,今津博之,,ロードカナロア,2008103552,ドナブリーニ,000a010eb8,Bertolini,000a00fe97,桑田照夫,ノーザンファーム,"1,037.0",2008.0,2003.0,1996.0
2020104670,ブロンディール,牝,深山雅史,,ハーツクライ,2001103038,ホワットアスポット,000a013e1a,Arch,000a0021b7,佐々木雄二,服部牧場,"1,034.0",2001.0,2010.0,1995.0
2020105912,エルメルクリオ,牝,三野宮通,,パドトロワ,2007102760,スウィートマフィン,2006103165,ダンスインザダーク,1993109188,福地幸一,三村卓也,"1,033.9",2007.0,2006.0,1993.0
2020106495,サンスレッド,牡,八木仁,,ファインニードル,2013100612,シャドウフェアリー,2009100494,フジキセキ,1992109618,北原大史,成隆牧場,"1,033.5",2013.0,2009.0,1992.0
2020105791,アフターグロウ,牝,宗像義忠,,スクリーンヒーロー,2004103328,マイネヒメル,2009105143,ロージズインメイ,000a010a10,サラブレッドクラブ・ラフィアン,ビッグレッドファーム,"1,033.5",2004.0,2009.0,2000.0
2020105216,ウインユアソング,牡,田中守,,ロージズインメイ,000a010a10,バラードソング,2008102892,ハーツクライ,2001103038,酒井孝敏,コスモヴューファーム,"1,033.0",2000.0,2008.0,2001.0
2020100245,コパノモナルカ,牝,後藤正義,,コパノリッキー,2010106548,レッドビアンカ,2013105642,ハードスパン,000a0116a1,野村和生,タガミファーム,"1,032.2",2010.0,2013.0,2004.0
2020102716,ドゥヴァンスマン,牡,安部幸夫,,ハービンジャー,000a011996,メルヴェイユドール,2007103010,フジキセキ,1992109618,豊田博司,社台コーポレーション白老ファーム,"1,030.4",2006.0,2007.0,1992.0
2020103769,ノーブルヴィクター,牡,水野貴広,,パイロ,000a01176a,マルクプレンヌ,2011103643,シンボリクリスエス,1999110099,吉木伸彦,ユートピア牧場,"1,030.0",2005.0,2011.0,1999.0
2020105702,カヤドーブラック,牝,後藤佑耶,,ブラックタイド,2001103312,ミニレイスター,2009105066,シニスターミニスター,000a011099,黒澤尚,浜口牧場,"1,028.9",2001.0,2009.0,2003.0
2020110048,ウィンザーロア,牡,田村彰啓,,Frankel,000a01239b,Kitten's Roar,000a01bc04,Kitten's Joy,000a0119b3,伊藤準一郎,Paca Paca Farm,"1,028.5",2008.0,2012.0,2001.0
2020104217,プリンスオーソ,牡,凾館一昭,,フリオーソ,2004106867,シャドークイーン,2010102743,マンハッタンカフェ,1998101554,（有）カネショウ,佐竹学,"1,028.0",2004.0,2010.0,1998.0
2020101896,サルトルーヴィル,牡,牧光二,,ルーラーシップ,2007103143,ヤマノサッシュ,2009106534,ファルブラヴ,1998190004,ニッシンホールディングス,チャンピオンズファーム,"1,025.0",2007.0,2009.0,1998.0
2020100620,シロノクミキョク,牝,山元博徳,,ゴールドシップ,2009102739,マイネアラベスク,2010110009,キングズベスト,000a0022d2,ファーストビジョン,荻伏三好ファーム,"1,025.0",2009.0,2010.0,1997.0
2020100042,エドノトップラン,牡,宇野木博,,デクラレーションオブウォー,000a0136f6,フレンチムスメ,2002101062,フレンチデピュティ,000a00013a,遠藤喜松,沖田忠幸,"1,025.0",2009.0,2002.0,1992.0
2020101362,モノノフレッド,牡,鈴木義久,,ニシケンモノノフ,2011105438,カルナアヴァンセ,2008106341,キングヘイロー,1995104427,ウエスト．フォレスト．ステイブル,賀張三浦牧場,"1,022.5",2011.0,2008.0,1995.0
2020101311,ランボーリープ,牡,坂本和也,,アジアエクスプレス,2011110091,シャインエフォート,2006105244,バブルガムフェロー,1993109219,前田良平,大江牧場,"1,022.0",2011.0,2006.0,1993.0
2020106200,イニッツィオ,牡,稲垣幸雄,,ネロ,2011103722,ノアビジン,2013102878,ブラックタイド,2001103312,ウエスト．フォレスト．ステイブル,赤田牧場,"1,020.0",2011.0,2013.0,2001.0
2020104855,ドレミファニー,牝,西田雄一,,ドレフォン,000a013b82,ファニーヒロイン,2013105599,ゴールドアリュール,1999106689,青芝商事,前谷武志,"1,020.0",2013.0,2013.0,1999.0
2020103651,テンカノギジン,牡,手塚貴久,,エピファネイア,2010104155,モスカートローザ,2008103387,ディープインパクト,2002100816,星野壽市,ノーザンファーム,"1,020.0",2010.0,2008.0,2002.0
2020102191,グランツグリーン,牡,相沢郁,,リアルスティール,2012104889,ファータグリーン,2013101481,タニノギムレット,1999100226,斎藤光政,本間牧場,"1,020.0",2012.0,2013.0,1999.0
2020102142,バズッチ,牝,月岡健二,,オルフェーヴル,2008102636,リリークラウン,2005100621,フレンチデピュティ,000a00013a,佐々木雄二,碧雲牧場,"1,020.0",2008.0,2005.0,1992.0
2020101535,サンライズフォルス,牡,羽月友彦,,マクフィ,000a011c77,アンセミス,2015101392,ハーツクライ,2001103038,ライフハウス,下河辺牧場,"1,020.0",2007.0,2015.0,2001.0
2020105831,テイコク,牡,菅原欣也,,エスポワールシチー,2005102837,ルーマードダイヤ,2009101630,シーキングザダイヤ,2001110220,ＪＰＮ技研,ホース・マネジメント・ボス,"1,019.1",2005.0,2009.0,2001.0
2020100735,ファイブレイナ,牝,岡田利一,,ホッコータルマエ,2009100921,トリンカファイブ,2012105893,ステイゴールド,1994108729,上山泰憲,高昭牧場,"1,019.0",2009.0,2012.0,1994.0
2020106602,ハッキョイ,牡,西山裕貴,,ベストウォーリア,2010110127,トマトチャン,2014105659,キンシャサノキセキ,2003110212,（株）ＭＭＣ,大道牧場,"1,018.5",2010.0,2014.0,2003.0
2020102963,ベルビューポイント,牝,高野友和,,キタサンブラック,2012102013,ドバウィハイツ,000a011de0,Dubawi,000a0115e2,社台レースホース,社台ファーム,"1,018.0",2012.0,2007.0,2002.0
2020101524,ラクプエル,牡,森沢友貴,,クリエイターII,000a013630,コスモライセンス,2010104088,アグネスタキオン,1998101516,増田江利子,シグラップファーム,"1,017.1",2013.0,2010.0,1998.0
2020110051,ザングウィル,牡,佐藤悠太,,Dandy Man,000a012a41,Zaaqya,000a019550,Nayef,000a01056f,ゴドルフィン,J. Lenihan,"1,017.0",2003.0,2006.0,1998.0
2020101863,コパカバーナビーチ,牝,石川栄,,モーリス,2011100655,アンチャン,2013105370,ゼンノロブロイ,2000101517,ライフエンタープライ,チャンピオンズファーム,"1,014.0",2011.0,2013.0,2000.0
2020103830,ケイツーユーロ,牡,加藤誠一,,アジアエクスプレス,2011110091,ダンシングハート,2002102487,サンデーサイレンス,000a00033a,楠本勝美,石川牧場,"1,013.0",2011.0,2002.0,1986.0
2020106882,シャングリラ,牝,杉山晴紀,,エピファネイア,2010104155,ダンスウィズミー,2013104141,ディープインパクト,2002100816,石川達絵,三嶋牧場,"1,012.0",2010.0,2013.0,2002.0
2020105470,キーウィル,牡,宮徹,,ネロ,2011103722,マリーゴールド,2017104607,スピルバーグ,2009105961,北前孔一郎,中本牧場,"1,012.0",2011.0,2017.0,2009.0
2020101264,ビルドラポール,牡,河津裕昭,,ダノンバラード,2008103548,マイネモントル,2010101407,マイネルラヴ,1995108558,岡田美佐子,荒井ファーム,"1,010.5",2008.0,2010.0,1995.0
2020106858,ライコウノヒカリ,牡,鈴木勝文,,ビーチパトロール,000a0141f9,ウォータームージカ,2009100779,フレンチデピュティ,000a00013a,徳田直樹,三嶋牧場,"1,010.0",2013.0,2009.0,1992.0
2020103479,ブラストウェーブ,牡,大竹正博,,ハービンジャー,000a011996,ツルマルワンピース,2008101894,キングカメハメハ,2001103460,シルクレーシング,ノーザンファーム,"1,010.0",2006.0,2008.0,2001.0
2020102938,ダルタニアン,牡,牧光二,,イスラボニータ,2011103565,ダルタヤ,000a012514,Anabaa,000a0022e2,吉田千津,社台ファーム,"1,010.0",2011.0,2003.0,1992.0
2020102591,メリオルヴィータ,牝,小椋研介,,ダイワメジャー,2001103114,メリオーラ,000a013e78,Starspangledbanner,000a013dbf,Ｇ１レーシング,追分ファーム,"1,010.0",2001.0,2012.0,2006.0
2020101866,アオイコウキ,牡,市村誠,,ロードカナロア,2008103552,キングスミール,2001103376,Theatrical,000a001bed,服部謙一,チャンピオンズファーム,"1,010.0",2008.0,2001.0,1982.0
2020100209,コトブキヘスペラス,牡,金成貴史,,ハーツクライ,2001103038,エーシンベロシティ,2005110019,Lemon Drop Kid,000a0022d0,尾上松壽,下屋敷牧場,"1,010.0",2001.0,2005.0,1996.0
2020104850,ノベンバーステップ,牡,渋谷信博,,モーリス,2011100655,スノードリーム,2013100720,スウェプトオーヴァーボード,000a00fa34,篠原徹,前谷武志,"1,009.8",2011.0,2013.0,1997.0
2020104162,ティータイム,牝,長谷川浩,,サトノクラウン,2012104668,ティープラズマ,2013104799,エンパイアメーカー,000a010542,三木久史,ゴールドアップカンパニー,"1,009.8",2012.0,2013.0,2000.0
2020102508,レゾリュートスカイ,牡,川島正一,,ヴァンキッシュラン,2013105718,トーセンフリージア,2007106428,シンボリクリスエス,1999110099,島川隆哉,エスティファーム,"1,009.0",2013.0,2007.0,1999.0
2020104301,メアリー,牝,真島正徳,,デクラレーションオブウォー,000a0136f6,スイングサンデー,2007101346,スペシャルウィーク,1995103211,平井裕,静内山田牧場,"1,007.1",2009.0,2007.0,1995.0
2020106288,エイシンテラ,牝,東眞市,,エーシンモアオバー,2006101789,スウィートクレメンタイン,000a0123db,Shamardal,000a010c92,平井克彦,栄進牧場,"1,006.1",2006.0,2007.0,2002.0
2020102211,ヤマタケアオイバラ,牡,萱野浩二,,ジャスタウェイ,2009106461,マルヨパトリオット,2008101644,アルカセット,2000190010,山中和子,前野牧場,"1,005.3",2009.0,2008.0,2000.0
2020102819,アイソラシー,牝,西村守幸,,ハービンジャー,000a011996,カタマチボタン,2004103222,ダンスインザダーク,1993109188,小谷昌吾,社台ファーム,"1,005.0",2006.0,2004.0,1993.0
2020101377,ターコイズデュー,牝,林正人,,フリオーソ,2004106867,ショウリノウタゲ,2010100331,プリサイスエンド,000a00fe9b,ＣＨＥＶＡＬＡＴＴＡＣＨＥ,川端正博,"1,005.0",2004.0,2010.0,1997.0
2020104285,ラーテル,セ,南田美知,,ビッグアーサー,2011103328,オービーレディー,2008100380,コマンダーインチーフ,000a0000b0,Ｍｒ．ホース,静内フジカワ牧場,"1,004.0",2011.0,2008.0,1990.0
2020101352,リュミヌーフィーユ,牝,繁田健一,,ジャスタウェイ,2009106461,マネーペニー,000a0117a7,Monarchos,000a010b7e,星野隆男,オリオンファーム,"1,003.8",2009.0,2003.0,1998.0
2020103850,ハングリーゴースト,牡,藤ヶ崎一,,ダンカーク,000a012185,マイティーハニー,2012104837,ハーツクライ,2001103038,須藤英之,ウエスタンファーム,"1,000.3",2006.0,2012.0,2001.0
2020101529,ボルドートロギル,牡,赤嶺本浩,,モンテロッソ,000a011b05,リッチエモーション,2010100851,フジキセキ,1992109618,シグラップ・マネジメ,シグラップファーム,"1,000.2",2007.0,2010.0,1992.0
2020105915,デトネイター,牝,竹下太,,デクラレーションオブウォー,000a0136f6,ハルワカ,2003100858,ワカオライデン,1981100841,吉川真ノ介,三村卓也,"1,000.0",2009.0,2003.0,1981.0
2020105101,ロジホーム,牡,大竹正博,,ロジユニヴァース,2006103140,ロジウエスト,2010105358,ケイムホーム,000a0108d1,久米田正明,オリエント牧場,"1,000.0",2006.0,2010.0,1999.0
2020104410,ニシノクラウディア,牝,小沢宏次,,ネロ,2011103722,アップルトウショウ,1996105169,アンバーシャダイ,1977103827,西山茂行,棚川祐志,"1,000.0",2011.0,1996.0,1977.0
2020103420,セレンディピティ,セ,菊沢隆徳,,ドゥラメンテ,2012104511,ジェラシー,2013105864,ハービンジャー,000a011996,近藤英子,ノーザンファーム,"1,000.0",2012.0,2013.0,2006.0
2020106359,ニシノサキュバス,牝,渡邊貴光,,ネロ,2011103722,セイウンデライラ,2012110062,Munnings,000a0123f6,西山茂行,ガーベラパークスタッド,999.0,2011.0,2012.0,2006.0
2020102491,エピファニーボーイ,牡,張田京,,マクマホン,000a0143ac,トーセンウェルカム,2010103777,フジキセキ,1992109618,島川隆哉,エスティファーム,998.0,2014.0,2010.0,1992.0
2020100823,ゴッドインパルス,セ,坂口義幸,,マジェスティックウォリアー,000a011e9c,ダイワエタニティー,2008102906,ジャングルポケット,1998101786,谷謙介,大北牧場,997.9,2005.0,2008.0,1998.0
2020103454,マラマプア,牝,伊藤圭三,,ダイワメジャー,2001103114,セットプレイ,000a012949,Van Nistelrooy,000a010c3f,加藤治,ノーザンファーム,997.0,2001.0,2005.0,2000.0
2020101781,アウローラシエル,牡,森田直行,,アメリカンペイトリオット,000a013bba,ヤヤラーラ,2009106508,ゼンノロブロイ,2000101517,高橋正雄,田端牧場,996.0,2013.0,2009.0,2000.0
2020106179,ハルノサムソン,牡,宮路洋一,,メイショウサムソン,2003102205,メガミチャン,2012104454,クロフネ,1998110135,深瀬歩,富田恭司,995.5,2003.0,2012.0,1998.0
2020102254,ホースマンシップ,牡,渡邊貴光,,グランプリボス,2008103388,ジーエンゲージ,2014110048,Distorted Humor,000a0022ea,蔀英二,目黒牧場,995.5,2008.0,2014.0,1993.0
2020103305,アリーチェ,牝,戸田博文,,ルーラーシップ,2007103143,カゼルタ,2012104563,ハービンジャー,000a011996,小濱忠一,ノーザンファーム,995.0,2007.0,2012.0,2006.0
2020102013,オリンポスカズマ,牡,平田修,,ヴィクトワールピサ,2007102923,サクラサクラサクラ,2006105871,アッミラーレ,1997100569,吉田和美,野島牧場,994.5,2007.0,2006.0,1997.0
2020100304,チハヤ,牝,伊藤勝己,,ミッキーロケット,2013106099,グランドゲルニカ,2012102423,ネオユニヴァース,2000101426,蔀英二,中田英樹,994.5,2013.0,2012.0,2000.0
2020106471,エコロウォーリア,牡,川村守男,,ベストウォーリア,2010110127,クインズコノセ,2012103564,キンシャサノキセキ,2003110212,岩渕瑞生,佐々木恵一,994.2,2010.0,2012.0,2003.0
2020105944,ニシノシャイニング,牡,佐々木清,,レーヴミストラル,2012104929,ニシノモンクス,2010101117,タニノギムレット,1999100226,和氣竜彦,村上欽哉,994.0,2012.0,2010.0,1999.0
2020104727,ミスティックパワー,牡,伊藤勝好,,サトノアラジン,2011104063,ダーリング,2015106212,ハービンジャー,000a011996,小橋亮太,藤沢牧場,992.7,2011.0,2015.0,2006.0
2020104799,エスプリリチャード,牡,澤佳宏,,リアルインパクト,2008103244,セクシーシューズ,2001103908,パラダイスクリーク,1989109110,依田泰雄,ＰＲＩＤＥＲＯＣＫ,992.0,2008.0,2001.0,1989.0
2020102219,ビーティングハート,牝,宗形竹見,,シニスターミニスター,000a011099,クロタカ,2009103068,シーキングザダイヤ,2001110220,藤本栄史,槇本牧場,992.0,2003.0,2009.0,2001.0
2020106149,アスキーアート,牝,宮路洋一,,ダノンレジェンド,2010110102,アールデコ,2001104877,タイキシャトル,1994109686,松本桂昌,澤井義一,991.9,2010.0,2001.0,1994.0
2020102277,リーデレ,牝,藤川純,,クラグオー,2010100350,エーシンラピッド,2010104644,クロフネ,1998110135,門別敏朗,門別敏朗,991.9,2010.0,2010.0,1998.0
2020106979,ベベ,牡,金田一昌,,ディスクリートキャット,000a0113a1,ファンファーレ,2011102915,フレンチデピュティ,000a00013a,（有）ミルファーム,ミルファーム,989.0,2003.0,2011.0,1992.0
2020104250,マジカルガール,牝,本間忍,,トゥザワールド,2011103975,ミラクルガール,2008100586,ロックオブジブラルタル,000a00fd4c,ミルファーム,静内酒井牧場,988.9,2011.0,2008.0,1999.0
2020101490,タイムトゥキル,牝,内田勝義,,ルックスザットキル,2012110078,オリークック,2008105509,フィガロ,1995108837,三宅重高,サンシャイン牧場,986.5,2012.0,2008.0,1995.0
2020104785,スリアンヴォス,牡,川島正一,,ルーラーシップ,2007103143,スターアクトレス,2011102578,フレンチデピュティ,000a00013a,大久保和夫,藤原牧場,985.6,2007.0,2011.0,1992.0
2020103382,トラミナー,牝,長南和宏,,サトノダイヤモンド,2013106101,サマーハ,000a011dd3,シングスピール,1992190005,金子真人,ノーザンファーム,985.4,2013.0,2006.0,1992.0
2020103254,マテンロウカノン,牝,萩原清,,サトノダイヤモンド,2013106101,ウォークロニクル,2012104605,ウォーエンブレム,000a00fa35,寺田千代乃,ノーザンファーム,985.0,2013.0,2012.0,1999.0
2020101762,トーホウランボ,牝,国沢輝幸,,ダンカーク,000a012185,トーホウシンバル,2007105671,ステイゴールド,1994108729,服部康夫,竹島幸治,984.9,2006.0,2007.0,1994.0
2020101447,ノッテドコード,牡,高橋清顕,,ハタノヴァンクール,2009102350,エイシンサンタフェ,2012110075,Zensational,000a0119b2,今中俊平,グッドラック・ファーム,984.0,2009.0,2012.0,2006.0
2020107150,シフノス,牡,今津博之,,エスポワールシチー,2005102837,マヤノスターライト,2000105532,ジェイドロバリー,000a0001a7,渡部賢治,日西牧場,983.8,2005.0,2000.0,1987.0
2020100429,マサノエンペラー,牡,張田京,,シャンハイボビー,000a0127e4,ルーナデラセーラー,2014103694,ハーツクライ,2001103038,古賀禎彦,前田ファーム,983.0,2010.0,2014.0,2001.0
2020102387,バクレツマホウ,牝,渡瀬寛彰,,ニシケンモノノフ,2011105438,オウカランブ,2013105006,スターリングローズ,1997106560,谷謙介,若林順一,982.5,2011.0,2013.0,1997.0
2020100624,ウワサノアノコ,牝,古澤悟,,レインボーライン,2013106183,アノネノネ,2014104780,キングズベスト,000a0022d2,栗山英樹,カケハムポニークラブ,981.1,2013.0,2014.0,1997.0
2020103432,ヒシルリアン,牡,川島豊,,キズナ,2010105827,スカイフ,2014110006,Siyouni,000a012056,米澤淳,ノーザンファーム,980.8,2010.0,2014.0,2007.0
2020100070,クリノヒーロー,牡,橋本忠明,,イスラボニータ,2011103565,リヴァプール,2002101083,ダンスインザダーク,1993109188,栗本依利子,折手牧場,980.5,2011.0,2002.0,1993.0
2020106697,トニトゥルス,牡,新井清重,,マジェスティックウォリアー,000a011e9c,シリウストウショウ,2004104742,スペシャルウィーク,1995103211,（株）ＩＴＦ,ディアレストクラブ,980.0,2005.0,2004.0,1995.0
2020101069,セリオーソ,牝,高柳瑞樹,,ディープブリランテ,2009105084,エバーグレーズ,2010101550,シンボリクリスエス,1999110099,ＶｉｒｉｄｉａｎＫｅｉｂａＣｌｕｂ,清水牧場,980.0,2009.0,2010.0,1999.0
2020100169,ロードアスタリスク,牡,吉田正美,,ロードカナロア,2008103552,メイズオブオナー,2014101086,ハーツクライ,2001103038,小橋亮太,ケイアイファーム,979.1,2008.0,2014.0,2001.0
2020104295,メルティーショコラ,牝,今井輝和,,ベストウォーリア,2010110127,メルティーキス,2009103646,ブライアンズタイム,000a000082,北原大史,静内フジカワ牧場,978.4,2010.0,2009.0,1985.0
2020101914,キクノアーデント,牡,山田徹,,ポアゾンブラック,2009102733,ガイーヌ,2007103240,デュランダル,1999106756,菊池靖二,出口牧場,978.3,2009.0,2007.0,1999.0
2020101908,アイガットユー,牝,後藤正義,,ベストウォーリア,2010110127,シュエット,2013102143,ブラックタイド,2001103312,堀井真知子,坪田晃宜,976.7,2010.0,2013.0,2001.0
2020102383,パールテソーロ,牝,高木登,,キタサンブラック,2012102013,モトカ,2015110059,Frankel,000a01239b,了徳寺健二ホールディングス,リョーケンファーム,976.0,2012.0,2015.0,2008.0
2020104627,スマイルスライヴ,牡,宇野木博,,コパノリッキー,2010106548,タマモスズラン,2013104663,サウスヴィグラス,1996110138,松野真一,野坂牧場,975.2,2010.0,2013.0,1996.0
2020100175,アンブレラダンス,牝,平山真希,,ロードカナロア,2008103552,レディカーニバル,2004101198,Giant's Causeway,000a0022e1,シグラップ・マネジメ,ケイアイファーム,973.2,2008.0,2004.0,1997.0
2020100072,イノセンス,牝,川西毅,,サトノクラウン,2012104668,ワイキキブリーズ,2007103513,フレンチデピュティ,000a00013a,高樽秀夫,折手牧場,971.9,2012.0,2007.0,1992.0
2020101118,アイアムカチマショ,牝,川島豊,,ミッキーアイル,2011103916,アイアムカミノマゴ,2006102871,アグネスタキオン,1998101516,ファーストビジョン,坂東牧場,971.8,2011.0,2006.0,1998.0
2020105253,ゴーストバスター,牡,国沢輝幸,,ヴァンセンヌ,2009106525,センターアリーナ,2012100393,パーソナルラッシュ,2001110155,（株）ＭＭＣ,サンローゼン,971.5,2009.0,2012.0,2001.0
2020100228,カールポメロ,牝,地辺幸一,,マクフィ,000a011c77,フォワードカール,2011104109,ゼンノロブロイ,2000101517,ファーストビジョン,城地牧場,970.3,2007.0,2011.0,2000.0
2020105549,タガノエヴリン,牝,石橋守,,マインドユアビスケッツ,000a01392e,ボディーダンシング,2010103812,ホワイトマズル,1990109700,八木良司,新冠タガノファーム,970.0,2013.0,2010.0,1990.0
2020106634,スリーミスラピス,牝,吉見真幸,,デクラレーションオブウォー,000a0136f6,アドマイヤヒナタ,2013103600,キングカメハメハ,2001103460,永井商事（株）,辻牧場,969.5,2009.0,2013.0,2001.0
2020104416,サマーストーリー,牡,冨田敏男,,タニノギムレット,1999100226,サクラエミネント,2009103668,サクラプレジデント,2000102261,冨田藤男,谷岡スタット,968.6,1999.0,2009.0,2000.0
2020101682,アムレート,牝,小久保智,,カレンブラックヒル,2009106230,ジヴェルニーアート,2009110046,Giant's Causeway,000a0022e1,密山根成,シンボリ牧場,968.3,2009.0,2009.0,1997.0
2020105031,シュハリ,牡,粕谷昌央,,カレンブラックヒル,2009106230,キシャリ,000a00feb8,Kris,000a001678,岡田牧雄,石田牧場,968.0,2009.0,1999.0,1976.0
2020103921,ゴンドワナ,セ,小島茂之,,マツリダゴッホ,2003104570,ヌーナ,2012110031,Congrats,000a010687,岡田牧雄,岡田スタッド,968.0,2003.0,2012.0,2000.0
2020105682,ウルトラワールド,牡,鹿沼良和,,ファインニードル,2013100612,パールブロッサム,2009102974,アドマイヤドン,1999107052,小林和義,ハシモトファーム,967.6,2013.0,2009.0,1999.0
2020104649,プロミシングギャル,牝,原口次夫,,ビーチパトロール,000a0141f9,トパーズトウショウ,2010103042,フレンチデピュティ,000a00013a,近藤克麿,畠山牧場,967.1,2013.0,2010.0,1992.0
2020103657,リードブロー,牡,今津博之,,キンシャサノキセキ,2003110212,ユードントラヴミー,000a013e3d,Teofilo,000a01139e,桑田照夫,ノーザンファーム,966.7,2003.0,2009.0,2004.0
2020105525,カツノテンス,牡,伊藤伸一,,シルバーステート,2013105903,コウザンティアラ,2013101706,サウスヴィグラス,1996110138,勝野産業,新冠伊藤牧場,966.5,2013.0,2013.0,1996.0
2020102414,メイクストーム,牝,川嶋弘吉,,ディスクリートキャット,000a0113a1,コマノリリー,2011102370,キングカメハメハ,2001103460,木村牧場,新井牧場,965.6,2003.0,2011.0,2001.0
2020101450,ファイアボルト,牡,木村健,,ハタノヴァンクール,2009102350,ダイワカリエンテ,2009105837,ネオユニヴァース,2000101426,（有）内田ステーブル,グッドラック・ファーム,965.5,2009.0,2009.0,2000.0
2020104765,サトノウェーブ,牡,米谷康秀,,ジャスタウェイ,2009106461,ビューティフルストリート,000a01456a,Street Cry,000a0103ba,里見治,フジワラファーム,965.0,2009.0,2015.0,1998.0
2020110001,ポテンザ,牡,長南和宏,,U S Navy Flag,000a01a7a0,Appleton Drove,000a01a7a3,Street Cry,000a0103ba,舟坂孝治,Mr Takaya Kimura,964.0,2015.0,2011.0,1998.0
2020106860,ティファニードンナ,牝,木村哲也,,ドゥラメンテ,2012104511,オピュレンス,000a01441d,Giant's Causeway,000a0022e1,三木正浩,三嶋牧場,964.0,2012.0,2009.0,1997.0
2020100941,ニシノプロポーズ,牡,松山将樹,,サトノダイヤモンド,2013106101,ニシノラヴコール,2015101782,ルーラーシップ,2007103143,西山茂行,フクオカファーム,964.0,2013.0,2015.0,2007.0
2020100180,キクノルタ,牝,岩崎真樹,,デクラレーションオブウォー,000a0136f6,チューベローズ,2006103000,シンボリクリスエス,1999110099,遠藤喜和,斉藤スタッド,963.2,2009.0,2006.0,1999.0
2020103018,ヒラリ,牝,新井清重,,モーリス,2011100655,フローラルカーヴ,2004103127,アグネスタキオン,1998101516,藤田晋,社台ファーム,963.0,2011.0,2004.0,1998.0
2020103083,ルモンドブリエ,牡,友道康夫,,エピファネイア,2010104155,ラクレソニエール,000a0131c9,Le Havre,000a01198f,社台レースホース,社台ファーム,962.8,2010.0,2013.0,2006.0
2020101944,ウインドインバイオ,牝,森山雄大,,ミッキーロケット,2013106099,フラッシュバイオ,2011103874,ディープインパクト,2002100816,バイオ（株）,中館牧場,962.5,2013.0,2011.0,2002.0
2020103052,ライツオブキングス,牡,鹿戸雄一,,エピファネイア,2010104155,マキシマムドパリ,2012104407,キングカメハメハ,2001103460,社台レースホース,社台ファーム,962.0,2010.0,2012.0,2001.0
2020102058,ネッロランパンテ,牝,杉浦宏昭,,キズナ,2010105827,リラックススマイル,2006105690,Dubai Destination,000a010a60,堀田浩司,日高大洋牧場,962.0,2010.0,2006.0,1999.0
2020101894,カズピレウス,牡,赤嶺亮,,キタサンブラック,2012102013,ヤマノアイリー,2010103806,グラスワンダー,1995108676,岡田拓也,チャンピオンズファーム,962.0,2012.0,2010.0,1995.0
2020100551,ディーン,牝,倉兼育康,,ザサンデーフサイチ,2004102855,クイーンステッラ,2015105537,エンパイアメーカー,000a010542,酒井孝敏,秋場牧場,962.0,2004.0,2015.0,2000.0
2020105921,サンドエンプレス,牝,長倉功,,エスポワールシチー,2005102837,ウインルナ,2006104964,フレンチデピュティ,000a00013a,桑野隆司,村上欽哉,961.5,2005.0,2006.0,1992.0
2020110117,ララロワデザニモー,牡,酒井忍,,American Pharoah,000a012aad,Vision of Justice,000a01bed9,Into Mischief,000a0125a7,フジイ興産（株）,Jacob Nance Michelle Nance & Mike Abraham,960.0,2012.0,2015.0,2005.0
2020106928,グローリーカフェ,牝,中舘英二,,ヘニーヒューズ,000a011155,ルミエールカフェ,2013103484,マンハッタンカフェ,1998101554,西川光一,三嶋牧場,960.0,2003.0,2013.0,1998.0
2020105983,サルモン,牡,加藤士津,,シャンハイボビー,000a0127e4,キセキノショウリ,2011105031,フジキセキ,1992109618,野村茂雄,村上牧場,960.0,2010.0,2011.0,1992.0
2020103429,ネアセリーニ,牡,高野友和,,ハーツクライ,2001103038,スウィートリーズン,000a012f08,ストリートセンス,000a0113a2,サンデーレーシング,ノーザンファーム,960.0,2001.0,2011.0,2004.0
2020103394,タイセイクラージュ,セ,矢作芳人,,サトノクラウン,2012104668,シェリール,2000101583,サンデーサイレンス,000a00033a,田中成奉,ノーザンファーム,960.0,2012.0,2000.0,1986.0
2020101931,ランヴァル,牡,鈴木孝志,,ダノンバラード,2008103548,ニシノマドカ,2007102514,ジャングルポケット,1998101786,ノルマンディーサラブレッドレーシング,道見牧場,960.0,2008.0,2007.0,1998.0
2020100957,タンバアズキ,牝,坂本和也,,インカンテーション,2010104916,クリノクロフネ,2009101317,クロフネ,1998110135,荻野憲夫,丸村村下ファーム,960.0,2010.0,2009.0,1998.0
2020104125,キーチキング,牡,井樋一也,,マジェスティックウォリアー,000a011e9c,ハナライ,2008110015,Medaglia d'Oro,000a010a65,泉一郎,グランド牧場,959.7,2005.0,2008.0,1999.0
2020104368,ツアーモデル,牝,小西重征,,トビーズコーナー,000a011fed,チャリシー,2012104801,ハービンジャー,000a011996,長澤茂,高橋ファーム,959.3,2008.0,2012.0,2006.0
2020105084,ビナカントー,牝,永島太郎,,エスポワールシチー,2005102837,ビナセブン,2009103676,タイキシャトル,1994109686,井之口二三雄,大林ファーム,957.0,2005.0,2009.0,1994.0
2020102167,サノノタルマエ,牝,川島豊,,ホッコータルマエ,2009100921,プラチナムーン,2011102418,アドマイヤムーン,2003102991,ファーストビジョン,豊洋牧場,954.0,2009.0,2011.0,2003.0
2020102303,ジョーフォック,牡,小久保智,,パイロ,000a01176a,ストリートダンサー,2013105823,ダノンシャンティ,2007105709,上田江吏子,ヤスナカファーム,952.5,2005.0,2013.0,2007.0
2020105169,スナオナキモチ,牝,山田質,,ホッコータルマエ,2009100921,フェブノヘア,2011103406,ヨハネスブルグ,000a0103b9,石山嘉七,小泉牧場,950.5,2009.0,2011.0,1999.0
2020105106,アメノオシホミミ,牡,岩崎真樹,,ベストウォーリア,2010110127,キョウワアマテラス,2009104604,チーフベアハート,1993190010,是枝浩平,鹿児島国際ゴルフ倶楽部協和牧場,950.5,2010.0,2009.0,1993.0
2020100611,キラット,牝,新井清重,,リアルインパクト,2008103244,トワインブルーム,2006100252,トワイニング,000a000006,大原知宏,大原ファーム,950.5,2008.0,2006.0,1991.0
2020104726,マカーリオ,牝,角田輝也,,イスラボニータ,2011103565,スズカシャーマン,2011102511,チチカステナンゴ,000a011135,藤沢亮輔,藤沢牧場,949.6,2011.0,2011.0,1998.0
2020105543,タガノトラリア,牝,斉藤崇史,,サトノダイヤモンド,2013106101,タガノレヴェントン,2006106568,キングカメハメハ,2001103460,八木良司,新冠タガノファーム,948.0,2013.0,2006.0,2001.0
2020102933,デルマウチガケ,牝,鈴木啓之,,パイロ,000a01176a,ダイワベスパー,2009105848,ダイワメジャー,2001103114,浅沼廣幸,社台ファーム,948.0,2005.0,2009.0,2001.0
2020101350,ブライトカラー,牡,高馬元紘,,マインドユアビスケッツ,000a01392e,ブライトアバンダンス,000a011a6c,Quiet American,000a001ea2,保坂和孝,オリオンファーム,946.4,2013.0,2001.0,1986.0
2020103608,アイリッシュパール,牝,柄崎将寿,,Saxon Warrior,2015100991,ホームカミングクイーン,000a014f41,Holy Roman Emperor,000a011ab8,サンデーレーシング,ノーザンファーム,946.1,2015.0,2009.0,2004.0
2020101485,オリエンタルラニ,牝,酒井一則,,ラニ,2013110045,キタノタイセツ,2013100142,ヨハネスブルグ,000a0103b9,森田一俊,佐々木康治,942.0,2013.0,2013.0,1999.0
2020101952,ナムラオリビア,牝,土屋洋之,,リアルインパクト,2008103244,ナムラルンタ,2014102292,ダイワメジャー,2001103114,橘勝年,ナカノファーム,940.5,2008.0,2014.0,2001.0
2020105159,ブレストサンダー,牡,箕輪武,,リアルスティール,2012104889,イナズマローレル,2001101745,ピルサドスキー,1992190011,梅ケ枝容晃,小泉牧場,940.3,2012.0,2001.0,1992.0
2020101855,ビーチガール,牝,小林真治,,ビーチパトロール,000a0141f9,シゲルハチマンタイ,2006105720,シンボリクリスエス,1999110099,井上久光,千葉飯田牧場,940.0,2013.0,2006.0,1999.0
2020104575,クレテイユ,牡,八木仁,,ヴァンセンヌ,2009106525,オープニングベル,2006101101,キングカメハメハ,2001103460,北原大史,鳥谷勝彦,938.0,2009.0,2006.0,2001.0
2020104723,サブノチャンス,牝,後藤佑耶,,ロージズインメイ,000a010a10,サブノイナズマ,2005100884,カコイーシーズ,1986109001,藤沢亮輔,藤沢牧場,937.7,2000.0,2005.0,1986.0
2020109130,ベルボールドナイン,牡,須田和伸,,マクフィ,000a011c77,デンコウブルー,2006103553,キングカメハメハ,2001103460,辻助,本田土寿,937.5,2007.0,2006.0,2001.0
2020104648,キョウエイジョイ,牝,水上直人,,レッドファルクス,2011104416,セイユウスマイル,2010103168,ルールオブロー,000a010d7d,高橋真紀,畠山牧場,934.6,2011.0,2010.0,2001.0
2020105782,マルメラーダ,牝,伊藤大士,,スクリーンヒーロー,2004103328,マイネサヴァラン,2009105192,マンハッタンカフェ,1998101554,サラブレッドクラブ・ラフィアン,ビッグレッドファーム,932.0,2004.0,2009.0,1998.0
2020102519,ランディー,牡,小久保智,,トーセンブライト,2001103660,ニケトップラン,2013100099,トーセンファントム,2007102870,増田博美,エスティファーム,932.0,2001.0,2013.0,2007.0
2020102416,サヤオンニ,牝,田中正二,,タリスマニック,000a013425,サワヤカムスメ,2012103766,ネオユニヴァース,2000101426,新井誠,新井牧場,931.9,2013.0,2012.0,2000.0
2020107057,オオサキワンダー,牝,鹿沼良和,,アメリカンペイトリオット,000a013bba,ブルーデライト,2006103796,アグネスタキオン,1998101516,男澤喜惠子,田原橋本牧場,931.5,2013.0,2006.0,1998.0
2020103121,ダノンゴーイチ,牡,菊沢隆徳,,イスラボニータ,2011103565,レニーズゴットジップ,000a012f01,City Zip,000a0127e6,ダノックス,社台ファーム,931.0,2011.0,2009.0,1998.0
2020102753,アスクヴレーヴモア,牡,玉垣光章,,ロードカナロア,2008103552,アンナミルト,2011104161,マンハッタンカフェ,1998101554,廣崎利洋ＨＤ,社台ファーム,930.5,2008.0,2011.0,1998.0
2020104856,プライムレート,牝,笹田和秀,,シニスターミニスター,000a011099,ベストレート,2013106068,ゼンノロブロイ,2000101517,京都ホースレーシング,前谷武志,930.0,2003.0,2013.0,2000.0
2020104668,ハッピータイム,牡,福永敏,,キズナ,2010105827,フレンチカクタス,2008100801,タイキシャトル,1994109686,三嶋昌春,服部牧場,930.0,2010.0,2008.0,1994.0
2020102365,リコーグロック,牝,田中一巧,,ディスクリートキャット,000a0113a1,ナニーズアリュール,2011103856,ゴールドアリュール,1999106689,土橋正雄,リコーファーム,930.0,2003.0,2011.0,1999.0
2020106004,ゴルトレオパルト,牡,井上哲,,ヘニーヒューズ,000a011155,キタサンメジャー,2014100871,ダイワメジャー,2001103114,小澤徳定,村田牧場,926.5,2003.0,2014.0,2001.0
2020106957,カタラ,牝,諏訪貴正,,シニスターミニスター,000a011099,レイアンドキス,2013103778,キングカメハメハ,2001103460,湯浅徹,宮内牧場,925.5,2003.0,2013.0,2001.0
2020101267,アイファーダイオウ,牡,加藤幸保,,アイファーソング,2008100386,アイファーヒロイン,2014104564,スクリーンヒーロー,2004103328,中島稔,アースファーム,924.8,2008.0,2014.0,2004.0
2020101846,インナーサンクタム,牡,三小田幸,,ジャスタウェイ,2009106461,メンデンホール,2013100590,アドマイヤムーン,2003102991,（株）ケーエム,ダーレー・ジャパン・ファーム,924.0,2009.0,2013.0,2003.0
2020102634,ルーシアン,牝,池上昌和,,エピファネイア,2010104155,ヴェルジョワーズ,2011103650,ネオユニヴァース,2000101426,シミズレーシング,社台コーポレーション白老ファーム,923.0,2010.0,2011.0,2000.0
2020100768,ボラボラフレイバー,牡,月岡健二,,キズナ,2010105827,ポムフィリア,2012105901,フォーティナイナーズサン,000a011227,尾田信夫,小島牧場,923.0,2010.0,2012.0,2001.0
2020101281,リボンピーチ,牝,吉見真幸,,インカンテーション,2010104916,ワイルドローズ,2009103412,メイショウオウドウ,1995101767,宮本昌彦,石原牧場,922.5,2010.0,2009.0,1995.0
2020106121,カッテミル,牝,有馬澄男,,トゥザグローリー,2007103265,ディスグラース,2013105749,ワークフォース,000a011a7f,（同）ＪＰＮ技研,能登浩,922.4,2007.0,2013.0,2007.0
2020102085,マスターキー,牡,鷹見浩,,イスラボニータ,2011103565,ライトハート,2004106095,キャプテンスティーヴ,000a000d9d,中山博,広富牧場,921.0,2011.0,2004.0,1997.0
2020105017,コンプラドール,牡,打越勇児,,ベストウォーリア,2010110127,ユキノレッシャ,2009106561,フジキセキ,1992109618,三木康史,安達牧場,920.5,2010.0,2009.0,1992.0
2020104664,グッドロマンス,牝,後藤正義,,コパノリッキー,2010106548,テツナゴオ,2010103891,ハーツクライ,2001103038,小林照弘,服部牧場,920.0,2010.0,2010.0,2001.0
2020103791,ブレイクボーイ,牡,四位洋文,,ハービンジャー,000a011996,メジロオードリー,2007102589,スペシャルウィーク,1995103211,藤田晋,レイクヴィラファーム,920.0,2006.0,2007.0,1995.0
2020102393,ゼンリョクダンス,牝,伊藤滋規,,アポロキングダム,2003110139,ディープビヨンド,2012103790,ディープインパクト,2002100816,内田玄祥,若林順一,919.0,2003.0,2012.0,2002.0
2020102055,トワキ,牡,嬉勝則,,ヘニーヒューズ,000a011155,ホクセツダンス,2008105996,アグネスデジタル,1997110025,石澤純平,日高大洋牧場,918.9,2003.0,2008.0,1997.0
2020104110,サンエントジアスタ,牝,菅原勲,,フリオーソ,2004106867,グレートハーベスト,2003104748,サンデーサイレンス,000a00033a,加藤ステーブル,グランド牧場,918.4,2004.0,2003.0,1986.0
2020109153,テイエムジンキュウ,牡,平山宏秀,,テイエムジンソク,2012101830,テイエムリヴィエラ,2011100636,テイエムオペラオー,1996100292,竹園正繼,テイエム牧場,918.2,2012.0,2011.0,1996.0
2020105579,ラビアータ,牝,田中淳司,,ドレフォン,000a013b82,ベルベットローブ,2000110191,Gone West,000a001be1,（有）新冠橋本牧場,新冠橋本牧場,917.9,2013.0,2000.0,1984.0
2020107020,リアルガー,牡,橋本和馬,,リアルスティール,2012104889,メイショウホノボノ,2010105030,メイショウサムソン,2003102205,日進牧場,高村牧場,917.8,2012.0,2010.0,2003.0
2020101446,ティーズブライト,牝,高野毅,,ハタノヴァンクール,2009102350,アイルゴーバック,2009106640,アッミラーレ,1997100569,立山伸二,グッドラック・ファーム,917.3,2009.0,2009.0,1997.0
2020101555,サトノキャサリン,牝,笹野博司,,エピファネイア,2010104155,サトノエカテリーナ,2011100389,ディープインパクト,2002100816,里見治,下河辺牧場,917.0,2010.0,2011.0,2002.0
2020100179,ウインフィエルテ,牝,笹野博司,,シャンハイボビー,000a0127e4,ギガンティア,2004102437,Fusaichi Pegasus,000a0022cf,（株）ウイン,斉藤スタッド,916.3,2010.0,2004.0,1997.0
2020104964,スピードスター,牝,陶文峰,,エスポワールシチー,2005102837,ラヤーリドバイ,000a0127e9,ストリートセンス,000a0113a2,会田裕一,奥山牧場,916.1,2005.0,2009.0,2004.0
2020101959,ハイインザスカイ,牡,牧田和弥,,リアルインパクト,2008103244,モンルージュ,2004103752,Smart Strike,000a00211c,深見富朗,ナカノファーム,916.0,2008.0,2004.0,1992.0
2020106283,エイシンメリダ,牝,戸部尚実,,マクフィ,000a011c77,エーシンリジル,2007101298,フレンチデピュティ,000a00013a,遠藤喜和,栄進牧場,915.7,2007.0,2007.0,1992.0
2020103753,キタノワンダー,牡,石栗龍彦,,バーディバーディ,2007100567,フレンチジェンヌ,2013104282,グラスワンダー,1995108676,北所直人,橋本牧場,915.0,2007.0,2013.0,1995.0
2020103320,アイサマン,牝,小牧毅,,ミッキーロケット,2013106099,ガラディナー,2002100906,サンデーサイレンス,000a00033a,伊藤弘人,ノーザンファーム,914.1,2013.0,2002.0,1986.0
2020100824,トウヨウノマジョ,牝,大宮和也,,ディーマジェスティ,2013104704,トーホークイーン,2005101304,メジロマックイーン,1987107235,北原大史,大北牧場,913.5,2013.0,2005.0,1987.0
2020100769,コスモレンブランサ,牝,三野宮通,,ダノンバラード,2008103548,イアハート,2015103612,ヘニーヒューズ,000a011155,（株）アプエンテ,小林正仁,913.2,2008.0,2015.0,2003.0
2020105326,パイリヴレ,牝,別府真司,,ヘニーヒューズ,000a011155,パイクーニャン,2004100420,フレンチデピュティ,000a00013a,ウエスト．フォレスト．ステイブル,隆栄牧場,912.0,2003.0,2004.0,1992.0
2020102709,ゼラスエフォーツ,牝,有馬澄男,,ヘニーヒューズ,000a011155,ボールドアテンプト,2013105250,ゴールドアリュール,1999106689,徳田直樹,社台コーポレーション白老ファーム,912.0,2003.0,2013.0,1999.0
2020103774,シホノインプルソ,牡,笹野博司,,サトノクラウン,2012104668,サオヒメ,2002100383,サンデーサイレンス,000a00033a,村瀬寛紀,レイクヴィラファーム,911.5,2012.0,2002.0,1986.0
2020103835,マイブー,牡,池田忠好,,エスポワールシチー,2005102837,スイートライラック,2009109149,シンボリクリスエス,1999110099,原久美子,伊藤敏明,911.3,2005.0,2009.0,1999.0
2020101974,リノメテオール,牡,林幻,,バトルプラン,000a0118e8,カレンダーガール,2001106081,アフリート,000a000013,組）リノレーシング,西野春樹,910.0,2005.0,2001.0,1984.0
2020104733,スカイオージ,牡,後藤佑耶,,サウンドスカイ,2013104773,パパパノチョイナ,2010103250,アフリート,000a000013,藤沢亮輔,藤沢牧場,908.3,2013.0,2010.0,1984.0
2020103749,クィーンズヒル,牝,角川秀樹,,カレンブラックヒル,2009106230,コンサートクィーン,1998101233,カコイーシーズ,1986109001,ユートピア牧場,橋本牧場,907.7,2009.0,1998.0,1986.0
2020105930,フブキ,牝,水上直人,,マジェスティックウォリアー,000a011e9c,ダイワミストレス,2009105803,ダイワメジャー,2001103114,パニオロ,村上欽哉,906.5,2005.0,2009.0,2001.0
2020101755,ムーンローバー,牡,田中一巧,,ロージズインメイ,000a010a10,ラブハミング,2007104506,スペシャルウィーク,1995103211,ＫＨレーシング,滝本健二,905.2,2000.0,2007.0,1995.0
2020105193,メイワノワ,牝,河津裕昭,,バトルプラン,000a0118e8,ウインミモザ,2013102187,ゴールドアリュール,1999106689,増澤一明,コスモヴューファーム,904.5,2005.0,2013.0,1999.0
2020101421,グリーングラシア,牡,渡辺博文,,ジャスタウェイ,2009106461,クラウンフォルテ,2012104779,ハービンジャー,000a011996,サンエツ企画（有）,クラウン日高牧場,904.1,2009.0,2012.0,2006.0
2020106837,ウィンウッドテール,牝,長南和宏,,シニスターミニスター,000a011099,ミヤジレイナ,2011106048,キングカメハメハ,2001103460,梶正典,丸幸小林牧場,903.5,2003.0,2011.0,2001.0
2020107022,ナニーピオニー,牝,矢野久美,,シビルウォー,2005102317,ハリウッドナニー,2006100698,キングカメハメハ,2001103460,星野裕光,山春牧場,903.1,2005.0,2006.0,2001.0
2020103594,スティールウィル,牡,秋山直之,,リアルスティール,2012104889,プンタステラ,000a0124c1,Elusive City,000a01239c,（株）ＫーＳＴＹＬＥ,ノーザンファーム,902.5,2012.0,2010.0,2000.0
2020104212,ケイアイマゴラ,セ,海馬沢司,,タリスマニック,000a013425,クインズゴールド,2014105988,ステイゴールド,1994108729,（同）ＪＰＮ技研,佐竹学,902.3,2013.0,2014.0,1994.0
2020106468,オーデンミカ,牝,赤嶺本浩,,インカンテーション,2010104916,ロマンロード,2011105758,マイネルラヴ,1995108558,横田一男,榊原敏明,901.5,2010.0,2011.0,1995.0
2020100516,マイクロモザイク,牝,別府真司,,ドレフォン,000a013b82,ナイスクオリア,2011106124,キングカメハメハ,2001103460,（株）ファーストビジ,山際セントラルスタッド,901.5,2013.0,2011.0,2001.0
2020105645,レストア,牡,小笠倫弘,,エスケンデレヤ,000a012cc0,ブルジュオン,2010105858,ダイワメジャー,2001103114,ノースヒルズ,ノースヒルズ,900.0,2007.0,2010.0,2001.0
2020104571,ペイシャフェリ,牝,高橋裕,,シャンハイボビー,000a0127e4,ペイシャフェリス,2011102351,スペシャルウィーク,1995103211,北所直人,友田牧場,900.0,2010.0,2011.0,1995.0
2020102790,キスオンザチーク,牝,小崎憲,,Curlin,000a011734,エスキモーキセス,000a015600,To Honor and Serve,000a0123ee,社台レースホース,社台ファーム,900.0,2004.0,2015.0,2008.0
2020101598,マジカルワード,牝,大竹正博,,ハーツクライ,2001103038,マジカルシェイプ,2006105536,Street Cry,000a0103ba,村野康司,下河辺牧場,900.0,2001.0,2006.0,1998.0
2020104180,ナックジャスパー,牝,立花伸,,モンテロッソ,000a011b05,サクラキューティ,2003104897,サクラローレル,1991103498,小松雅也,坂本健一,899.5,2007.0,2003.0,1991.0
2020103917,デオヴォレンティ,牝,蛯名利弘,,ダノンバラード,2008103548,デオ,2006100866,フサイチコンコルド,1993109220,岡田牧雄,岡田スタッド,899.3,2008.0,2006.0,1993.0
2020106974,サムワンライクユー,牡,佐藤吉勝,,グレーターロンドン,2012101402,デスティニーラブ,2011103244,アグネスデジタル,1997110025,ミルファーム,ミルファーム,899.2,2012.0,2011.0,1997.0
2020106115,マルヨジョーダン,牡,赤嶺本浩,,トーセンジョーダン,2006103169,ナショナルフラワー,2007102851,アグネスタキオン,1998101516,二瓶徹,寺井文秀,898.5,2006.0,2007.0,1998.0
2020101553,タイセイマイティ,牡,飯田弘道,,ハーツクライ,2001103038,ゴッドフェニックス,2006105549,ブライアンズタイム,000a000082,遠藤喜和,下河辺牧場,897.7,2001.0,2006.0,1985.0
2020101344,フリンジティアラ,牝,那俄性哲,,サトノクラウン,2012104668,ヴァルホーリング,000a010f01,Halling,000a002075,（株）ファーストビジ,オリオンファーム,896.5,2012.0,2002.0,1991.0
2020106485,ディーエスフランク,牡,松本隆宏,,ホッコータルマエ,2009100921,レディシアトル,2013103451,エンパイアメーカー,000a010542,秋谷壽之,笹地牧場,895.8,2009.0,2013.0,2000.0
2020104834,ロットゥーラ,牡,小久保智,,バゴ,2001190004,ナカヤマジェンヌ,2011104891,ステイゴールド,1994108729,密山根成,北洋牧場,895.0,2001.0,2011.0,1994.0
2020100227,グローリアスメイ,牝,河津裕昭,,ストロングリターン,2006102934,ソプラノムーン,2013100607,アドマイヤムーン,2003102991,中村保,城地牧場,895.0,2006.0,2013.0,2003.0
2020101193,ヤマノリッチ,牝,佐々木洋,,ストロングリターン,2006102934,ヤーマンミルフィー,2010100138,バブルガムフェロー,1993109219,山口明彦,山口明彦,894.8,2006.0,2010.0,1993.0
2020103118,ブレイヴアロウ,牡,辻哲英,,ハーツクライ,2001103038,レディオブフィフティ,000a01440e,After Market,000a011e9d,加藤裕司,社台ファーム,894.0,2001.0,2009.0,2003.0
2020100444,ターミバレンシア,牝,藤ヶ崎一,,ワンダーアキュート,2006106794,エーシンサンファン,2008104012,ステイゴールド,1994108729,櫻井多美子,水丸牧場,893.2,2006.0,2008.0,1994.0
2020101713,アベニンティアラ,牝,竹之下昭,,ベストウォーリア,2010110127,アベニンプラナス,2008106051,サウスヴィグラス,1996110138,（株）マステック,スマイルファーム,893.1,2010.0,2008.0,1996.0
2020102844,グラビティモデル,牡,川島正一,,キンシャサノキセキ,2003110212,グラッブユアハート,2000110237,Deputy Commander,000a0021b5,吉田照哉,社台ファーム,892.0,2003.0,2000.0,1994.0
2020101770,トリプルウイナー,牡,小村正也,,ビッグアーサー,2011103328,ステルス,2012101498,ディープインパクト,2002100816,組）オールザベスト組,タバタファーム,892.0,2011.0,2012.0,2002.0
2020100281,ミヤコノティアラ,牝,林正人,,サトノクラウン,2012104668,サンダーバトル,2013105678,キンシャサノキセキ,2003110212,吉田喜代司,土田和男,892.0,2012.0,2013.0,2003.0
2020105332,フジジュンフェイス,牝,中塚猛,,ドレフォン,000a013b82,ヤマノボンディール,2005105147,ダンスインザダーク,1993109188,佐々木勉,高瀬牧場,891.5,2013.0,2005.0,1993.0
2020106119,テンクウワールド,牡,尾林幸二,,ベストウォーリア,2010110127,ラブリッサ,2013100516,ダイワメジャー,2001103114,小島將之,寺井文秀,891.1,2010.0,2013.0,2001.0
2020102024,フェイマスアレグロ,牝,佐藤茂,,ダノンレジェンド,2010110102,オーキャロル,2012100915,キングカメハメハ,2001103460,堀江貞幸,原田ファーム,890.7,2010.0,2012.0,2001.0
2020106796,アメイジングスター,牡,小林義明,,リアルスティール,2012104889,レッドエレンシア,2008101708,ジャングルポケット,1998101786,山下末子,信岡牧場,890.5,2012.0,2008.0,1998.0
2020106785,オレンタノ,牡,田口輝彦,,ケープブランコ,000a011b06,スノーボードロマン,2010102926,スウェプトオーヴァーボード,000a00fa34,吉田勝利,日本中央競馬会日高育成牧場,890.1,2007.0,2010.0,1997.0
2020104902,ハクサンビーナス,牝,寺島良,,ハクサンムーン,2009102527,オークヒルズ,2005105604,ブライアンズタイム,000a000082,河崎五市,三木田牧場,890.0,2009.0,2005.0,1985.0
2020103967,グレイスオブゴッド,牝,緒方努,,ラニ,2013110045,ネバーグレイス,2005100156,スキャターザゴールド,000a000d99,キャピタルクラブ,岡田猛,890.0,2013.0,2005.0,1997.0
2020101474,ガンバルチャン,牝,橋本和馬,,スマートファルコン,2005100097,ロイヤルヴィグラス,2011100235,サウスヴィグラス,1996110138,（有）スタッグ・ワー,小西ファーム,889.5,2005.0,2011.0,1996.0
2020105417,チーフインザスカイ,牡,長南和宏,,サウンドスカイ,2013104773,シルキーブリス,2006104825,チーフベアハート,1993190010,阿部善武,堤牧場,889.3,2013.0,2006.0,1993.0
2020104460,オペラ,牝,井手上慎,,フリオーソ,2004106867,スーパープルーム,2013102045,ネオユニヴァース,2000101426,江津和人,チェリーフィールズ,888.2,2004.0,2013.0,2000.0
2020102604,スカイピース,牝,溝橋利喜,,ミッキーアイル,2011103916,レザニティエ,2013110096,Bernardini,000a0111fe,組）オールザベスト組,追分ファーム,888.2,2011.0,2013.0,2003.0
2020100496,ローズパイ,牝,岩崎真樹,,パイロ,000a01176a,プラチナローズ,2003101595,クロフネ,1998110135,杉山忠国,明治牧場,888.0,2005.0,2003.0,1998.0
2020102106,デルマツリダシ,牡,山崎裕也,,ストロングリターン,2006102934,デルマセンヒメ,2013105717,ワークフォース,000a011a7f,浅沼廣幸,ファニーヒルファーム,887.5,2006.0,2013.0,2007.0
2020104800,アストライオス,牡,手島勝利,,ダブルスター,2009103518,タイムトゥラン,2004104288,ブライアンズタイム,000a000082,満岡昭洋,ＰＲＩＤＥＲＯＣＫ,887.3,2009.0,2004.0,1985.0
2020104402,チハヤブルラン,牝,永田幸宏,,コパノリッキー,2010106548,ニシノカーリー,2008102449,Shamardal,000a010c92,金野喜見男,田中裕之,886.8,2010.0,2008.0,2002.0
2020100744,アデラパフューム,牝,水上直人,,メイショウボーラー,2001100650,ホッコーパフューム,2013102940,ヴィクトワールピサ,2007102923,組）リノレーシング,高昭牧場,886.0,2001.0,2013.0,2007.0
2020104905,ハクサンミニョン,牝,坂口義幸,,シルポート,2005109202,ハクサンエルモ,2012103586,ハーツクライ,2001103038,河崎五市,三木田牧場,885.8,2005.0,2012.0,2001.0
2020106593,ジークシュベルト,牡,雑賀正光,,ファインニードル,2013100612,レオソレイユ,2002103068,オペラハウス,000a000d77,小橋亮太,谷口牧場,885.6,2013.0,2002.0,1988.0
2020101739,サルフトピッチ,牝,土井道隆,,メイショウボーラー,2001100650,ミラクルピッチ,2009101655,マイネルラヴ,1995108558,冨田藤男,高柳隆男,885.1,2001.0,2009.0,1995.0
2020107077,パカラボーイ,牡,田中淳司,,ヘニーヒューズ,000a011155,エアルーヴル,2011110072,Fusaichi Pegasus,000a0022cf,岩倉俊之,浜本牧場,883.0,2003.0,2011.0,1997.0
2020102595,パワフルボンド,牡,和田勇介,,キズナ,2010105827,ヨナグッチ,000a012546,Yonaguska,000a010be8,Ｇ１レーシング,追分ファーム,883.0,2010.0,2005.0,1998.0
2020106826,ディーディーデイ,牝,真島正徳,,スピルバーグ,2009105961,ミサトサウス,2007106000,サウスヴィグラス,1996110138,原大栄,北光牧場,881.3,2009.0,2007.0,1996.0
2020102009,ピエールオレゴン,牡,中道啓二,,パドトロワ,2007102760,フレスカ,2014103735,ディープスカイ,2005101358,工藤栄三,ノースガーデン,880.8,2007.0,2014.0,2005.0
2020104138,カネトシシュキン,牡,佐々木仁,,ヴィットリオドーロ,2009110009,フルチャージ,2010102641,シニスターミニスター,000a011099,兼松昌男,グランド牧場,880.5,2009.0,2010.0,2003.0
2020110154,デッドリー,牝,中内田充,,Roaring Lion,000a013d89,Heartless,000a01c13a,New Approach,000a011656,Ｈ．Ｈ．シェイク・ファハド,The Heartless Partnership,880.0,2015.0,2012.0,2005.0
2020106309,カルンウェナン,牡,平田正一,,シルバーステート,2013105903,グランシャルム,2009106050,Dylan Thomas,000a011072,前田幸治,オカモトファーム,880.0,2013.0,2009.0,2003.0
2020103918,ワタシダケドナニカ,牡,本間忍,,マインドユアビスケッツ,000a01392e,トップスカーレット,2009106205,ダイワメジャー,2001103114,松田真由美,岡田スタッド,880.0,2013.0,2009.0,2001.0
2020101243,ブラーノマーノ,牡,山本学,,シャンハイボビー,000a0127e4,ハイレイヤー,2007103230,シンボリクリスエス,1999110099,手嶋康雄,新井昭二,879.0,2010.0,2007.0,1999.0
2020104961,ダット,牝,永田幸宏,,ドゥラメンテ,2012104511,ピュアウィッシーズ,2013106110,Manduro,000a0114b8,鈴木康弘,奥山牧場,878.0,2012.0,2013.0,2002.0
2020102849,テンコマンドゥール,牡,矢野英一,,エイシンフラッシュ,2007102951,コマンドゥールキイ,2011104264,フジキセキ,1992109618,天白泰司,社台ファーム,878.0,2007.0,2011.0,1992.0
2020100784,アントニオヒロキ,牡,森山英雄,,コパノリッキー,2010106548,キルシュバウム,2007106366,キングヘイロー,1995104427,山邉浩,鮫川啓一,877.8,2010.0,2007.0,1995.0
2020105235,モノノフイエロー,牡,田村彰啓,,ニシケンモノノフ,2011105438,キョウワハピネス,2001101708,オース,000a000d94,西森正樹,佐藤静子,877.0,2011.0,2001.0,1996.0
2020101999,ハードボイルド,牡,那俄性哲,,ディーマジェスティ,2013104704,ラヴィーネ,2011104499,ゼンノロブロイ,2000101517,浅野真由美,日西牧場,877.0,2013.0,2011.0,2000.0
2020105212,シェイクオンイット,牡,新田守,,ゴールドアクター,2011105266,シェイクラブハート,2008100533,アグネスデジタル,1997110025,北原大史,コスモヴューファーム,875.5,2011.0,2008.0,1997.0
2020101826,シントーツバキ,牝,池田敦,,タリスマニック,000a013425,テイクウォーニング,2012101540,ディープスカイ,2005101358,（株）さくらコーポレ,ダーレー・ジャパン・ファーム,874.5,2013.0,2012.0,2005.0
2020100154,ソニックライト,牝,宮川浩一,,エピファネイア,2010104155,スターコレクション,2008103539,アグネスタキオン,1998101516,邑田昌平,ケイアイファーム,874.4,2010.0,2008.0,1998.0
2020110103,ワインワインレッド,牡,小久保智,,Justify,000a013f2d,Streaming,000a014f53,Smart Strike,000a00211c,藤田晋,Hill 'n' Dale Equine Holdings Inc & Stretch Run Ventures LLC,873.5,2015.0,2011.0,1992.0
2020106021,マイネルサンテ,牡,宗形竹見,,ヘニーヒューズ,000a011155,インクルーシブ,2012104063,ディープインパクト,2002100816,（株）サラブレッドク,森永聡,872.0,2003.0,2012.0,2002.0
2020102614,ハセノクラウン,牡,田中力,,サトノクラウン,2012104668,キャントセイワーズ,2009103901,アフリート,000a000013,本間進,桑原牧場桑原康裕,871.5,2012.0,2009.0,1984.0
2020101589,ベストホリデー,牝,関本浩司,,ベルシャザール,2008103004,ピサノプリヴェ,2006105480,Hold That Tiger,000a010a64,小橋亮太,下河辺牧場,871.2,2008.0,2006.0,2000.0
2020104692,リゴートゥー,牡,徳本慶一,,グレーターロンドン,2012101402,タンポポプリンセス,2004104929,パークリージェント,000a000d01,廣藤政弘,原ファーム,870.9,2012.0,2004.0,1981.0
2020101366,ティーズアイランド,牝,高野毅,,スマートファルコン,2005100097,アイランドリリー,2010105259,タイムパラドックス,1998101683,立山伸二,神島芳仁,870.3,2005.0,2010.0,1998.0
2020101086,サンマルリアン,牝,土田稔,,キズナ,2010105827,デイドリーム,2012100904,アドマイヤムーン,2003102991,相馬勇,高橋啓,869.3,2010.0,2012.0,2003.0
2020106087,ビックバンブー,牡,立花伸,,フリオーソ,2004106867,パンジェンシー,2007102994,フレンチデピュティ,000a00013a,大竹和彦,小野瀬竜馬,869.2,2004.0,2007.0,1992.0
2020100117,ダズリングスカイ,牝,鈴木義久,,ホッコータルマエ,2009100921,スカイトラベラー,2009106590,ディープインパクト,2002100816,須山悟至,木下牧場,866.0,2009.0,2009.0,2002.0
2020101749,アヤサンメルシー,牝,齊藤敏,,フリオーソ,2004106867,ファーマレッド,2007105655,ネオユニヴァース,2000101426,高山義朋,高山牧場,864.5,2004.0,2007.0,2000.0
2020104009,グッドルックス,牡,高岩孝敏,,タリスマニック,000a013425,ヤマカツサファイヤ,2013104051,マンハッタンカフェ,1998101554,北原大史,岡田牧場,864.2,2013.0,2013.0,1998.0
2020102364,エクソソーム,牝,田中一巧,,シャンハイボビー,000a0127e4,シンクスマイル,2010103951,キングカメハメハ,2001103460,土橋正雄,リコーファーム,864.0,2010.0,2010.0,2001.0
2020104880,ビービーシャーンス,牡,矢内博,,ラニ,2013110045,エスプリドゥルミエ,2014105138,ジャングルポケット,1998101786,（株）ＩＴＦ,松田牧場,863.2,2013.0,2014.0,1998.0
2020103114,ルージュメイベル,牝,甲田悟史,,ハービンジャー,000a011996,レッドミラベル,2014105575,ステイゴールド,1994108729,谷田部靖,社台ファーム,863.0,2006.0,2014.0,1994.0
2020100447,エルマニート,牡,渡瀬寛彰,,トビーズコーナー,000a011fed,カワカミタキオン,2009101867,アグネスタキオン,1998101516,谷謙介,三石川上牧場,862.4,2008.0,2009.0,1998.0
2020106804,ラスブリサス,牡,倉地学,,ジャスタウェイ,2009106461,メイショウボナール,2006101902,ホワイトマズル,1990109700,日野陽子,林孝輝,862.0,2009.0,2006.0,1990.0
2020105544,ダイシンカタナ,牡,森澤友貴,,キズナ,2010105827,ダイシンタイムズ,2008102685,ブライアンズタイム,000a000082,大八木信行,新冠タガノファーム,861.0,2010.0,2008.0,1985.0
2020105146,モンサンスヴニール,牝,宗形竹見,,シャンハイボビー,000a0127e4,タッソーニー,2002101848,テンビー,000a000354,山下新一,川島牧場,860.0,2010.0,2002.0,1990.0
2020103622,フェブルウス,牡,上原博之,,カレンブラックヒル,2009106230,マトリョーシカ,2011103736,クロフネ,1998110135,Ｇ１レーシング,ノーザンファーム,860.0,2009.0,2011.0,1998.0
2020101938,ペイシャハヤブサ,牡,吉田直弘,,コパノリッキー,2010106548,デルマハヤブサ,2010103993,ロージズインメイ,000a010a10,北所直人,中川欽一,860.0,2010.0,2010.0,2000.0
2020101088,エリスグリ,牡,牧田和弥,,ヴァンセンヌ,2009106525,ファンクザゴールド,2011101248,アドマイヤコジーン,1996106512,中西功,高橋啓,860.0,2009.0,2011.0,1996.0
2020100667,クラウンオーシャン,牝,溝橋利喜,,ベルシャザール,2008103004,ポーラーシェーン,2010102326,Rock Hard Ten,000a010612,組）オールザベスト組,桑田ファーム,859.7,2008.0,2010.0,2001.0
2020103483,サンライズプライド,牡,柏原誠路,,イスラボニータ,2011103565,ティロレスカ,000a013234,Roman Ruler,000a011480,（株）ライフハウス,ノーザンファーム,859.5,2011.0,2011.0,2002.0
2020105768,リョウライライ,牡,竹下直人,,ゴールドシップ,2009102739,ツウローゼズ,2012100671,スターリングローズ,1997106560,ファーストビジョン,ビッグレッドファーム,858.1,2009.0,2012.0,1997.0
2020106843,メイショウヒュウガ,牡,安達昭夫,,ダンカーク,000a012185,カネトシガーネット,2011102737,キングカメハメハ,2001103460,松本好隆,まるとみ冨岡牧場,858.0,2006.0,2011.0,2001.0
2020104921,ノエマ,牡,橋本忠明,,ハーツクライ,2001103038,ホームタイム,000a01435a,Dubai Destination,000a010a60,小紫嘉之,矢野牧場,858.0,2001.0,2008.0,1999.0
2020102878,ショコラクイーン,牝,内田勝義,,パイロ,000a01176a,ショコラヴェリーヌ,2009105947,ゴールドアリュール,1999106689,吉田照哉,社台ファーム,857.5,2005.0,2009.0,1999.0
2020106295,アサクサロック,牝,佐野謙二,,ダンカーク,000a012185,アイスカチャン,2011100670,ゴールドヘイロー,1997101264,和田博美,絵笛牧場,857.1,2006.0,2011.0,1997.0
2020102445,スマイルフォーユウ,牡,藤田正治,,シニスターミニスター,000a011099,ティンバーランド,2004102429,ティンバーカントリー,000a00035e,福永實,上水牧場,857.1,2003.0,2004.0,1992.0
2020104973,トゥービートライン,牡,那俄性哲,,エスポワールシチー,2005102837,ルルマントウショウ,2012103256,キングヘイロー,1995104427,藤本直弘,藤本直弘,857.0,2005.0,2012.0,1995.0
2020101473,ファサード,牡,吉井竜一,,スピルバーグ,2009105961,リードハイシ,2005103003,スターオブコジーン,1988109108,永田博之,小西ファーム,856.5,2009.0,2005.0,1988.0
2020102384,イーデンテソーロ,牡,東眞市,,ファインニードル,2013100612,モトカノテソーロ,2014110020,Unbridled's Song,000a002071,了徳寺健二ホールディングス,リョーケンファーム,856.4,2013.0,2014.0,1993.0
2020104098,メガバズーカランチ,牝,河津裕昭,,コパノリチャード,2010106552,サクラピュアハート,2008100065,サクラプレジデント,2000102261,柴田茂樹,桑嶋峰雄,855.4,2010.0,2008.0,2000.0
2020105062,ルンバルンバルンバ,牝,稲益貴弘,,トゥザワールド,2011103975,ゲシートショウリ,2013103709,タイキシャトル,1994109686,小田和子,大狩部牧場,855.3,2011.0,2013.0,1994.0
2020102612,ワンダーグァルネリ,牡,田中範雄,,ワンダーアキュート,2006106794,ガルネリ,2008102723,ゼンノロブロイ,2000101517,山本能成,桑原牧場桑原康裕,854.9,2006.0,2008.0,2000.0
2020102505,トーセンカタリーナ,牝,佐藤浩一,,トーセンホマレボシ,2009106092,トーセンバンビーナ,2012103933,キングカメハメハ,2001103460,島川隆哉,エスティファーム,854.4,2009.0,2012.0,2001.0
2020100705,ショーユーシ,牡,土井道隆,,アジアエクスプレス,2011110091,アグネスミヌエット,2005101419,アグネスフライト,1997103400,吉冨学,高昭牧場,853.8,2011.0,2005.0,1997.0
2020102447,スワンオーキッド,牝,川島洋人,,ストロングリターン,2006102934,バンダ,2008102349,キングヘイロー,1995104427,上水牧場,上水牧場,852.4,2006.0,2008.0,1995.0
2020100856,エースクイーン,牝,佐々木仁,,ダノンレジェンド,2010110102,エースヴィクトリア,2011103409,ゼンノロブロイ,2000101517,（有）オート・エース,富塚ファーム,852.0,2010.0,2011.0,2000.0
2020100843,エクメディノキセキ,牡,石井勝男,,キンシャサノキセキ,2003110212,スカーレットダンス,2010105782,ダンスインザダーク,1993109188,橋本慎太郎,高松牧場,851.6,2003.0,2010.0,1993.0
2020102218,トリマゴクイーン,牝,竹下直人,,エイシンフラッシュ,2007102951,キアーロベルタ,2012101948,エンパイアメーカー,000a010542,森哲,槇本牧場,850.1,2007.0,2012.0,2000.0
2020110123,レッドアーバイン,牡,手塚貴久,,Kingman,000a0124ab,Speedy Boarding,000a0133f5,Shamardal,000a010c92,東京ホースレーシング,Meon Valley Stud,850.0,2011.0,2012.0,2002.0
2020106752,コーゲンマース,牡,井上弘之,,インカンテーション,2010104916,コーゲンスイスイ,2011105946,アドマイヤマックス,1999107004,（株）光元コーポレー,中島牧場,850.0,2010.0,2011.0,1999.0
2020106026,エントジアスタ,牡,佐藤裕太,,フリオーソ,2004106867,ゴールドマッシモ,2007101541,ネオユニヴァース,2000101426,ノルマンディーサラブレッドレーシング,守矢牧場,850.0,2004.0,2007.0,2000.0
2020105325,クインズカムイ,牝,加藤征弘,,キンシャサノキセキ,2003110212,ハイワイヤー,000a0143d0,Street Cry,000a0103ba,ケイアイスタリオン,隆栄牧場,850.0,2003.0,2009.0,1998.0
2020103374,ヴァレンティヌス,牡,武井和実,,レッドファルクス,2011104416,サザンスピード,000a01216c,Southern Image,000a011132,小川眞査雄,ノーザンファーム,850.0,2011.0,2007.0,2000.0
2020106261,エイシンセラフィム,牡,田嶋弘幸,,ジャスタウェイ,2009106461,エイシンフェアリー,2006103470,タイキシャトル,1994109686,小橋亮太,栄進牧場,849.5,2009.0,2006.0,1994.0
2020106109,ケンドチョウライ,牝,坂口義幸,,ダノンバラード,2008103548,エリモジェンヌ,2000100027,ブライアンズタイム,000a000082,谷謙介,寺井文秀,849.5,2008.0,2000.0,1985.0
2020100998,ヴァルトビューネ,牡,田島寿一,,ホッコータルマエ,2009100921,エルシェロアスール,2010102325,アドマイヤジャパン,2002102324,ＫＡＪＩＭＯＴＯホールディングス,山下恭茂,849.0,2009.0,2010.0,2002.0
2020104980,ヒメナデシコ,牝,井樋一也,,シルバーステート,2013105903,ナデシコニッポン,2010103018,アドマイヤジャパン,2002102324,宮崎豊治,秋田牧場,847.0,2013.0,2010.0,2002.0
2020100882,フレンドキング,牡,加藤幸保,,ビーチパトロール,000a0141f9,フレンドスイート,2011101463,バゴ,2001190004,横尾晴人,中村雅明,846.3,2013.0,2011.0,2001.0
2020105562,パルフュメ,牝,川野勇馬,,キタサンブラック,2012102013,シャンスイ,2005102148,スウェプトオーヴァーボード,000a00fa34,佐山公男,新冠橋本牧場,846.0,2012.0,2005.0,1997.0
2020102795,バレンタインソング,牡,小崎憲,,ハービンジャー,000a011996,エマソング,000a013da5,Unbridled's Song,000a002071,社台レースホース,社台ファーム,845.0,2006.0,2007.0,1993.0
2020102380,ブッシュテソーロ,牡,真島大輔,,ロゴタイプ,2010103783,ビューティテソーロ,2015110053,Camelot,000a011ed2,了徳寺健二ホールディングス,リョーケンファーム,844.8,2010.0,2015.0,2009.0
2020106228,ホーリーホック,牝,田口輝彦,,ミュゼスルタン,2012104118,ヒカルカグヤヒメ,2005101869,ダンスインザダーク,1993109188,吉田勝利,浦河小林牧場,844.7,2012.0,2005.0,1993.0
2020104887,ドゥワー,牝,保利良次,,ゴールドシップ,2009102739,シーギリヤガール,2010100565,スターリングローズ,1997106560,中津允,松田牧場,844.7,2009.0,2010.0,1997.0
2020101274,ニッショウミライ,牝,酒井一則,,グランデッツァ,2009105989,セクシーモーション,2014105143,キングズベスト,000a0022d2,エヌエス仙台（有）,幾千世牧場,844.5,2009.0,2014.0,1997.0
2020104754,アンバーホーク,セ,蛯名正義,,デクラレーションオブウォー,000a0136f6,ダイワデッセー,2009104150,スペシャルウィーク,1995103211,フジワラ・ファーム,フジワラファーム,843.0,2009.0,2009.0,1995.0
2020100118,ベルウッドシキシマ,牡,加藤和義,,マインドユアビスケッツ,000a01392e,ピクシーチャーム,2010104523,キングカメハメハ,2001103460,矢内卓人,木下牧場,842.2,2013.0,2010.0,2001.0
2020100749,マッティーナ,牡,荒巻透,,ビッグアーサー,2011103328,メイショウオヒサマ,2014103842,マンハッタンカフェ,1998101554,（同）ＪＰＮ技研,高昭牧場,840.5,2011.0,2014.0,1998.0
2020104477,スイーツバイキング,牝,大竹正博,,ヴィクトワールピサ,2007102923,サトノラミア,2009103886,ブライアンズタイム,000a000082,ＹＴレーシング,千代田牧場,840.0,2007.0,2009.0,1985.0
2020103527,メイプルリーフラグ,牝,坂井英光,,キンシャサノキセキ,2003110212,バンゴール,2012104938,キングカメハメハ,2001103460,稲場澄,ノーザンファーム,840.0,2003.0,2012.0,2001.0
2020100332,シンアルマトゥラ,牡,井上弘之,,アメリカンペイトリオット,000a013bba,シンメトリック,2013100598,アドマイヤムーン,2003102991,福永由文,原口牧場,839.8,2013.0,2013.0,2003.0
2020106433,ワンダーブレス,牡,木村健,,ワールドエース,2009106353,ワンダーベレーザ,2011103306,アルデバランII,000a010541,山本能成,グラストレーニングセンター,839.3,2009.0,2011.0,1998.0
2020101043,ジューンシャトル,牡,高橋純,,メイショウボーラー,2001100650,アナンタン,2009103820,キングカメハメハ,2001103460,芦信雄,オークツリーファーム,839.0,2001.0,2009.0,2001.0
2020105269,ジョーアラモード,牡,蛯名雄太,,ジョーカプチーノ,2006100529,ヌーヴェルモード,2013102551,エンパイアメーカー,000a010542,大高政一,シンカンファーム,838.5,2006.0,2013.0,2000.0
2020100403,ミツカネマーズ,牡,松浦裕之,,ケープブランコ,000a011b06,アイギーナ,2013100765,エンパイアメーカー,000a010542,小山田満,前田ファーム,838.5,2007.0,2013.0,2000.0
2020102649,ハートループ,牝,高橋純,,モーリス,2011100655,グランデアモーレ,2010104460,ネオユニヴァース,2000101426,大黒富美子,社台コーポレーション白老ファーム,838.4,2011.0,2010.0,2000.0
2020106344,ローブドゥマリエ,牝,坂口義幸,,リオンディーズ,2013105915,ベストファッション,2008101387,ダンスインザダーク,1993109188,日向均,鎌田正嗣,838.3,2013.0,2008.0,1993.0
2020101540,タイセイランナー,牡,牧浦充徳,,アジアエクスプレス,2011110091,エターナルスター,2010100519,アドマイヤムーン,2003102991,田中成奉,下河辺牧場,838.0,2011.0,2010.0,2003.0
2020100961,シエルラビクトア,牝,山田質,,マジェスティックウォリアー,000a011e9c,ジュヴァンクル,2011103378,ゴールドアリュール,1999106689,米津佳昭,丸村村下ファーム,838.0,2005.0,2011.0,1999.0
2020103878,ニューホライゾン,牝,真島元徳,,ビーチパトロール,000a0141f9,エレガンテヴィータ,2010102451,アグネスタキオン,1998101516,三岡有香,岡田スタッド,837.6,2013.0,2010.0,1998.0
2020103512,ジュンブライト,牝,高柳瑞樹,,エピファネイア,2010104155,ナイアガラロール,2013110137,Bluegrass Cat,000a01173d,河合裕明,ノーザンファーム,836.9,2010.0,2013.0,2003.0
2020103491,ディオファントス,牡,千葉博次,,モーリス,2011100655,ディオジェーヌ,2010104264,ディープインパクト,2002100816,谷謙介,ノーザンファーム,836.5,2011.0,2010.0,2002.0
2020100160,シブースト,牝,高野友和,,ロードカナロア,2008103552,パステラリア,2014101104,エンパイアメーカー,000a010542,ロードホースクラブ,ケイアイファーム,835.0,2008.0,2014.0,2000.0
2020100318,ヘニーレット,牡,工藤真司,,ヘニーヒューズ,000a011155,ビッグスマイル,2008104471,タニノギムレット,1999100226,西森鶴,ニシケンファーム,834.9,2003.0,2008.0,1999.0
2020104537,イサムサンカ,牡,佐藤茂,,ジャスタウェイ,2009106461,レーヴドフィユ,000a0120d8,Storm Cat,000a001a98,岡田和惠,千代田牧場,834.0,2009.0,2005.0,1983.0
2020106050,レーブドフェイス,牡,石井勝男,,ラブリーデイ,2010104298,スガノラッシュ,2013104675,ワイルドラッシュ,000a0003a1,村山詠一,山岡牧場,833.9,2010.0,2013.0,1994.0
2020100745,ココリアイランド,牡,工藤伸輔,,ワールドエース,2009106353,マジカルフラッシュ,2015103575,エイシンフラッシュ,2007102951,（株）アプエンテ,高昭牧場,833.8,2009.0,2015.0,2007.0
2020106046,ニシノタメチカ,牝,田辺陽一,,ネロ,2011103722,ブセナ,2011106471,マイネルセレクト,1999107196,西山茂行,山岡ファーム,833.0,2011.0,2011.0,1999.0
2020103987,メイショウコジロウ,セ,古澤悟,,ヘニーヒューズ,000a011155,シティウェルズ,000a013869,City Zip,000a0127e6,船木幸雄,岡田牧場,833.0,2003.0,2012.0,1998.0
2020104987,サンライズサラー,牡,井上哲,,エピファネイア,2010104155,ロジナン,2012106230,ディープインパクト,2002100816,池山慎吾,秋田牧場,832.1,2010.0,2012.0,2002.0
2020101089,キャンディガール,牝,堀江仁,,ベルシャザール,2008103004,シャンパンカクテル,2015101349,ワークフォース,000a011a7f,吉野武,中川隆,832.0,2008.0,2015.0,2007.0
2020100938,ニシノウール,牡,冨田敏男,,ダンカーク,000a012185,アドマイヤウイング,2011103816,スペシャルウィーク,1995103211,冨田藤男,フクオカファーム,831.5,2006.0,2011.0,1995.0
2020104025,アクセルオーソ,牡,北村欣也,,フリオーソ,2004106867,バトルキクヒメ,2007100162,ホワイトマズル,1990109700,藤木隆之,小倉光博,831.4,2004.0,2007.0,1990.0
2020105897,ソアラ,牝,高橋康之,,ヤマカツエース,2012102774,マリンブラスト,2009103891,アグネスデジタル,1997110025,ローレルレーシング,松木加代,830.0,2012.0,2009.0,1997.0
2020104415,スピニングマーリン,牝,西田雄一,,サクラオリオン,2002104686,サクラエボル,2008100400,サクラバクシンオー,1989108341,コージーレーシング,谷岡スタット,830.0,2002.0,2008.0,1989.0
2020103552,カフェブルーム,牝,堀宣行,,ドレフォン,000a013b82,ピュクシス,2010104267,シンボリクリスエス,1999110099,西川光一,ノーザンファーム,830.0,2013.0,2010.0,1999.0
2020103203,フラグランツァ,牡,宗形竹見,,ハービンジャー,000a011996,アドマイヤアロマ,2011104013,ネオユニヴァース,2000101426,扇寿堂（株）,ノーザンファーム,830.0,2006.0,2011.0,2000.0
2020105310,イースターエッグ,牝,加藤和宏,,カレンブラックヒル,2009106230,エバーローズ,2009104752,ウインクリューガー,2000107407,スピードファーム,スピードファーム,829.0,2009.0,2009.0,2000.0
2020101396,アズマサクラエモン,牡,藤野健太,,デクラレーションオブウォー,000a0136f6,アズマクィーン,2012101205,アドマイヤムーン,2003102991,川端美穂,木村牧場,829.0,2009.0,2012.0,2003.0
2020102121,シルバーレイズ,牝,牧光二,,シルバーステート,2013105903,シルバージェニー,2012110121,Lantana Mob,000a012599,林正道,藤本ファーム,828.0,2013.0,2012.0,2005.0
2020102461,ピュアアメリカン,牝,小沢宏次,,アメリカンペイトリオット,000a013bba,ファウンテンジョイ,2006102465,スウェプトオーヴァーボード,000a00fa34,堂本修一,宇南山牧場,827.5,2013.0,2006.0,1997.0
2020105751,アデリーヌ,牝,工藤伸輔,,ダノンバラード,2008103548,コスモオヌール,2011110104,ダンカーク,000a012185,（株）アプエンテ,ビッグレッドファーム,827.2,2008.0,2011.0,2006.0
2020101048,キミトユメヲカケル,牝,長谷川忍,,レッドファルクス,2011104416,アナコンダ,2009102035,フサイチコンコルド,1993109220,山田大輔,川向高橋育成牧場,826.8,2011.0,2009.0,1993.0
2020101116,ヒミノイチシロ,牡,中川雅之,,ラブリーデイ,2010104298,ヒミノプリンセス,2005104548,マンハッタンカフェ,1998101554,栗嶋豊明,原田新治,826.6,2010.0,2005.0,1998.0
2020100417,セイウンデイスター,牡,市村誠,,カレンブラックヒル,2009106230,ニシノキララコ,2014102322,アドマイヤムーン,2003102991,和氣竜彦,前田ファーム,826.5,2009.0,2014.0,2003.0
2020104682,ストレリチア,牝,田中範雄,,ロージズインメイ,000a010a10,シンビジウム,2016100711,アイルハヴアナザー,000a011ed3,衣斐浩,原弘之,826.0,2000.0,2016.0,2009.0
2020105999,セザンディーヴァ,牝,高橋純,,ローレルゲレイロ,2004100933,アルレガーロ,2009105351,スペシャルウィーク,1995103211,瀬山孝一,村田牧場,825.8,2004.0,2009.0,1995.0
2020107029,ジュエルマイスター,牝,荒山勝徳,,ジャスタウェイ,2009106461,アイアムジュエル,2005102365,アグネスタキオン,1998101516,池田草龍,上井農場,825.0,2009.0,2005.0,1998.0
2020102469,エスティフィン,牡,橋本忠明,,トーセンホマレボシ,2009106092,カネトシコンサイス,2009110058,Smarty Jones,000a01053e,矢納利夫,エスティファーム,825.0,2009.0,2009.0,2001.0
2020100295,メリトリオ,牡,大竹正博,,キンシャサノキセキ,2003110212,アミーキティア,2012100609,プリサイスエンド,000a00fe9b,ノースヒルズ,土居牧場,825.0,2003.0,2012.0,1997.0
2020100630,シャノンフォールズ,セ,田中淳司,,キンシャサノキセキ,2003110212,シャルマンスタイル,2006100281,タイキシャトル,1994109686,水上ふじ子,笠松牧場,823.5,2003.0,2006.0,1994.0
2020103742,プリンシパルアクト,牡,水上直人,,ゴールドアクター,2011105266,カラフル,2015104011,ブラックタイド,2001103312,太田匡哉,平岡牧場,823.3,2011.0,2015.0,2001.0
2020101737,カレンハサウェイ,牝,九日俊光,,ディープブリランテ,2009105084,カレンタントミール,2010100589,シェルゲーム,2001110087,皆川なほ子,高柳隆男,823.3,2009.0,2010.0,2001.0
2020101865,オークアンドモルト,牝,佐藤博紀,,ハービンジャー,000a011996,オモテナシII,000a012e28,Henrythenavigator,000a0116fd,ニッシンホールディングス,チャンピオンズファーム,822.0,2006.0,2012.0,2005.0
2020103901,ウインドワンピース,牡,新開幸一,,ヴァンセンヌ,2009106525,シーデイライト,2015100667,ヘニーヒューズ,000a011155,福原正博,岡田スタッド,821.0,2009.0,2015.0,2003.0
2020103370,ミッキーキャンバス,牡,池江泰寿,,サトノダイヤモンド,2013106101,コンヴィクションII,000a013235,City Banker,000a0131ff,野田みづき,ノーザンファーム,821.0,2013.0,2011.0,2005.0
2020110008,ヴィアルーチェ,牝,奥村武,,Almanzor,000a013230,ヴィアフィレンツェ,000a01a8dc,Dansili,000a010a5f,シルクレーシング,Katsumi Yoshida,820.0,2013.0,2013.0,1996.0
2020103578,ロッククリーク,セ,別府真司,,エピファネイア,2010104155,フロールデセレッソ,2004103003,スウェプトオーヴァーボード,000a00fa34,（株）ファーストビジ,ノーザンファーム,820.0,2010.0,2004.0,1997.0
2020103492,フェールデレーヴ,牝,加藤幸保,,トーセンラー,2008102985,デイトユアドリーム,2006103379,トワイニング,000a000006,桑田照夫,ノーザンファーム,820.0,2008.0,2006.0,1991.0
2020102909,レッドソリッド,牡,上原佑紀,,ドレフォン,000a013b82,ステレオグラム,2014105540,ローエングリン,1999106738,東京ホースレーシング,社台ファーム,820.0,2013.0,2014.0,1999.0
2020104639,トーケンエミスター,牝,山本学,,シニスターミニスター,000a011099,レーヴドベティ,2008100761,ロックオブジブラルタル,000a00fd4c,トーケンサービス,橋本牧場,819.6,2003.0,2008.0,1999.0
2020104435,ピカンチダブル,牝,板垣吉則,,コパノリッキー,2010106548,ピカンチラヴ,2007102834,ネオユニヴァース,2000101426,小林祐介,谷岡牧場,817.6,2010.0,2007.0,2000.0
2020105634,プロヴァーブ,牝,田村彰啓,,ハービンジャー,000a011996,デビュタント,2012103219,ディープインパクト,2002100816,曽和直栄,ノースヒルズ,817.5,2006.0,2012.0,2002.0
2020103378,サトノルクソン,牡,田中範雄,,ルーラーシップ,2007103143,サトノフローラ,2008103364,アグネスタキオン,1998101516,里見治,ノーザンファーム,817.5,2007.0,2008.0,1998.0
2020104761,ビーチユーミング,牡,佐宗応和,,ビーチパトロール,000a0141f9,ネフェルメモリー,2006104007,アジュディケーティング,000a000d5d,木谷哲,フジワラファーム,816.5,2013.0,2006.0,1987.0
2020104142,ケンジャ,牡,伊藤和,,ヴィットリオドーロ,2009110009,ベラトリックス,2008106570,スマートボーイ,1995100385,山中元夫,グランド牧場,816.4,2009.0,2008.0,1995.0
2020104161,タイガーミノル,牡,細川忠義,,バゴ,2001190004,セブンシークィーン,2006101515,コロナドズクエスト,000a0000b5,上岡和男,ゴールドアップカンパニー,815.5,2001.0,2006.0,1995.0
2020103469,ダノンフレア,牝,細川忠義,,ロードカナロア,2008103552,ダノンチェリー,2015104691,ディープインパクト,2002100816,組）志士十二組合,ノーザンファーム,814.5,2008.0,2015.0,2002.0
2020103360,ガレストロ,牡,萩原清,,リアルスティール,2012104889,グレーパール,2013105818,クロフネ,1998110135,金子真人ホールディングス,ノーザンファーム,813.0,2012.0,2013.0,1998.0
2020103591,ジャクソンルーツ,牡,柏原誠路,,キズナ,2010105827,プレシャライジング,000a013f6d,Henrythenavigator,000a0116fd,（株）Ｙ’ｓｃｏｒｐ,ノーザンファーム,812.9,2010.0,2010.0,2005.0
2020101759,トーホウビエント,牝,川嶋弘吉,,ロードカナロア,2008103552,トーホウアマポーラ,2009102583,フジキセキ,1992109618,冨田清誠,竹島幸治,812.1,2008.0,2009.0,1992.0
2020100265,エクスプロラベスト,牝,岡田利一,,アジアエクスプレス,2011110091,ワタリプリンセス,2010106261,ダンスインザダーク,1993109188,（同）クイック・ホー,田中春美,812.1,2011.0,2010.0,1993.0
2020109026,コトノサンショ,牡,河津裕昭,,アルデバランII,000a010541,フィッシュザビート,2008104039,ステイゴールド,1994108729,加藤由紀乃,織笠時男,811.0,1998.0,2008.0,1994.0
2020106380,アンジェリカル,牝,河嶋宏樹,,ドゥラメンテ,2012104511,アンジェリック,2011105685,シンボリクリスエス,1999110099,ローレルレーシング,杵臼牧場,811.0,2012.0,2011.0,1999.0
2020100395,タイセイエルフィン,牝,栗田泰昌,,スクリーンヒーロー,2004103328,ヴァイスゴルト,2012104068,ダンスインザダーク,1993109188,酒井孝敏,前川勝春,810.5,2004.0,2012.0,1993.0
2020101163,ヨルデモアーサー,牡,矢野義幸,,ビッグアーサー,2011103328,クローデル,2010100667,ストーミングホーム,1998190003,近藤和彦,びらとり牧場,810.0,2011.0,2010.0,1998.0
2020106133,ナディスター,セ,玉垣光章,,コパノリッキー,2010106548,ヘイローマジック,2003102096,キングヘイロー,1995104427,赤松敬之,様似共栄牧場,809.9,2010.0,2003.0,1995.0
2020105663,ピンクビジョン,牝,加藤和宏,,ディスクリートキャット,000a0113a1,プレイアップ,2010104481,Redoute's Choice,000a00fe93,（株）ファーストビジ,ハクツ牧場,809.0,2003.0,2010.0,1996.0
2020101710,アスターチェンチ,牡,河嶋宏樹,,パイロ,000a01176a,アスターヒューモア,2008110126,More Than Ready,000a00fcdd,加藤久枝,スマイルファーム,809.0,2005.0,2008.0,1997.0
2020104873,レモンアイカー,牝,澤佳宏,,サトノクラウン,2012104668,ハルダル,2007100935,ゴールドアリュール,1999106689,ハヤシテラソスルイス,増本牧場,808.7,2012.0,2007.0,1999.0
2020110152,レグナム,セ,打越勇児,,American Pharoah,000a012aad,Big Meesh,000a01c0d3,High Chaparral,000a010270,カナヤマホールディングス,Grantley Acres & Ryan Conner,808.5,2012.0,2015.0,1999.0
2020100449,シャンハイマゴコロ,牝,及川良春,,シャンハイボビー,000a0127e4,カワカミマゴコロ,2011101539,パイロ,000a01176a,谷謙介,三石川上牧場,808.0,2010.0,2011.0,2005.0
2020100459,サクセスベージュ,セ,稲益貴弘,,スクリーンヒーロー,2004103328,ボールルーム,000a0123d7,Storm Cat,000a001a98,高嶋哲,三石川上牧場,807.4,2004.0,2008.0,1983.0
2020102102,デルマネコダマシ,牝,矢野義幸,,レッドファルクス,2011104416,デルマアラレチャン,2011100821,スクリーンヒーロー,2004103328,釜石康平,ファニーヒルファーム,807.0,2011.0,2011.0,2004.0
2020107014,ハンバーグハマー,牝,土屋洋之,,メイショウボーラー,2001100650,イーグルアモン,2011102827,イーグルカフェ,1997110118,濱村充哉,千島北斗牧場,805.8,2001.0,2011.0,1997.0
2020100800,イナウィンク,牡,吉田直弘,,ダノンレジェンド,2010110102,ウインク,2005106043,ミラクルアドマイヤ,1995107939,岡田牧雄,鮫川ファーム,804.5,2010.0,2005.0,1995.0
2020106754,ブリリオ,牡,池田忠好,,ホッコータルマエ,2009100921,スパークルキャット,2011103281,ダンスインザダーク,1993109188,鶴俊邦,中島牧場,803.6,2009.0,2011.0,1993.0
2020100122,エスプリダーコ,牝,久保秀男,,イスラボニータ,2011103565,ランフォーイット,000a011ddd,El Prado,000a001fb5,依田泰雄,木下牧場,803.5,2011.0,2006.0,1989.0
2020102548,オリオンネビュラ,牡,橋口慎介,,イスラボニータ,2011103565,オリヒメ,2013110092,マジェスティックウォリアー,000a011e9c,Ｇ１レーシング,追分ファーム,803.0,2011.0,2013.0,2005.0
2020102534,ロッソ,牡,池田忠好,,トーセンラー,2008102985,ロッソトウショウ,2005100661,マーベラスサンデー,1992103687,山本将司,エスティファーム,802.1,2008.0,2005.0,1992.0
2020102373,リコーヘンメリー,牡,蛯名雄太,,バトルプラン,000a0118e8,リコーレイス,2009101355,カコイーシーズ,1986109001,土橋正雄,リコーファーム,801.5,2005.0,2009.0,1986.0
2020104204,サンセットベリー,牡,櫻井今朝,,コパノリッキー,2010106548,シュウザンアイ,2002104615,アフリート,000a000013,（同）ＪＰＮ技研,桜井牧場,801.0,2010.0,2002.0,1984.0
2020103535,アルファインディ,牡,栗林徹治,,モーリス,2011100655,パーシーズベスト,2013106015,ディープインパクト,2002100816,（同）ＪＰＮ技研,ノーザンファーム,800.7,2011.0,2013.0,2002.0
2020102369,リコーステアー,牝,蛯名雄太,,メイショウボーラー,2001100650,リコーノエラニ,2011105489,プリサイスエンド,000a00fe9b,土橋正雄,リコーファーム,800.6,2001.0,2011.0,1997.0
2020106890,パールロード,牡,中内田充,,ロードカナロア,2008103552,パールコード,2013105648,ヴィクトワールピサ,2007102923,Ｈ．Ｈ．シェイク・ファハド,三嶋牧場,800.0,2008.0,2013.0,2007.0
2020106691,シンドバッド,牡,原口次夫,,ルーラーシップ,2007103143,イルミナティ,2010102105,メイショウサムソン,2003102205,酒井孝敏,ディアレストクラブ,800.0,2007.0,2010.0,2003.0
2020105091,ゴールドバッハ,牡,鈴木慎太,,アジアエクスプレス,2011110091,ジュンユーミン,2013105643,キングカメハメハ,2001103460,吉川朋宏,オリエント牧場,800.0,2011.0,2013.0,2001.0
2020103267,アトモストリミッツ,牝,池添学,,ダイワメジャー,2001103114,エクシードリミッツ,2012110045,Exceed And Excel,000a010a61,サンデーレーシング,ノーザンファーム,800.0,2001.0,2012.0,2000.0
2020102669,ホロニックパス,牡,菊沢隆徳,,ジャスタウェイ,2009106461,スウィートハース,000a011999,Touch Gold,000a0022cd,社台レースホース,社台コーポレーション白老ファーム,800.0,2009.0,2006.0,1994.0
2020101093,ショッキングブルー,牝,清水英克,,バゴ,2001190004,キスオブザビーナス,2011105705,メイショウサムソン,2003102205,ビッグレッドファーム,中田牧場,800.0,2001.0,2011.0,2003.0
2020104334,ルナテンソウマオ,牡,橘友和,,デクラレーションオブウォー,000a0136f6,サウンドアドバイス,2010102851,アグネスタキオン,1998101516,鈴木智明,タイヘイ牧場,798.0,2009.0,2010.0,1998.0
2020104163,エメラダ,牝,田中伸一,,カレンブラックヒル,2009106230,ピサノグレース,2005103167,フレンチデピュティ,000a00013a,小橋亮太,ゴールドアップカンパニー,797.5,2009.0,2005.0,1992.0
2020106865,マイモーメント,セ,小林俊彦,,ジャスタウェイ,2009106461,クライシスオブスピリット,000a012f23,Vindication,000a010544,前田敏文,三嶋牧場,796.5,2009.0,2007.0,2000.0
2020103140,カルムステップ,牝,林正人,,ディープスカイ,2005101358,コノハナ,2006105701,イーグルカフェ,1997110118,（有）太盛,ストロベリーフィールドファーム,795.0,2005.0,2006.0,1997.0
2020100555,リッチハンター,牡,本間忍,,ホッコータルマエ,2009100921,トモトモリバー,2013102771,ブラックタイド,2001103312,橋川欣司,秋場牧場,794.0,2009.0,2013.0,2001.0
2020105586,ライルアケカイ,牡,米川昇,,ディープブリランテ,2009105084,オヒアレフア,2013101771,ワイルドラッシュ,000a0003a1,土井久美子,錦岡牧場,793.9,2009.0,2013.0,1994.0
2020106751,セイレジーナ,牝,三小田幸,,インカンテーション,2010104916,クールマジョリック,2013103637,エンパイアメーカー,000a010542,伊勢光,中島牧場,793.4,2010.0,2013.0,2000.0
2020103528,エコロジョイアー,牡,小久保智,,サトノアラジン,2011104063,パシオンルージュ,2008100959,ボストンハーバー,000a00007c,ブルーエクウス,ノーザンファーム,793.0,2011.0,2008.0,1994.0
2020109134,セロンテソーロ,牝,加藤和宏,,ダノンバラード,2008103548,ワイルドソース,000a012e2a,Exceed And Excel,000a010a61,了徳寺健二ホールディングス,本田土寿,792.0,2008.0,2009.0,2000.0
2020101951,ナムラレオ,牡,宮川浩一,,ジャスタウェイ,2009106461,ナムラヒラリー,2011102118,クロフネ,1998110135,生垣博志,ナカノファーム,791.5,2009.0,2011.0,1998.0
2020101142,ヴィキャンデル,牝,佐藤祐司,,ダノンバラード,2008103548,ビービーアングラー,2014101552,ヴィクトワールピサ,2007102923,大木義一,坂東牧場,790.7,2008.0,2014.0,2007.0
2020100174,スノーファンタジー,牝,川添明弘,,ジャスタウェイ,2009106461,レジデンス,2014101083,ケープブランコ,000a011b06,小橋亮太,ケイアイファーム,790.6,2009.0,2014.0,2007.0
2020103365,ウィズダムハート,牝,上原佑紀,,サトノアラジン,2011104063,ケルシャンス,2011103852,Dubawi,000a0115e2,フィールドレーシング,ノーザンファーム,790.0,2011.0,2011.0,2002.0
2020100729,ハーモニーアルゴル,牡,高月賢一,,マジェスティックウォリアー,000a011e9c,セイウンメイリー,2005106496,アグネスタキオン,1998101516,日下部勝徳,高昭牧場,790.0,2005.0,2005.0,1998.0
2020104986,ロジウムエポック,牡,村田一誠,,サトノクラウン,2012104668,レイナカスターニャ,2008103252,キングカメハメハ,2001103460,平沼宣秀,秋田牧場,789.6,2012.0,2008.0,2001.0
2020100074,ネクストブレイク,牡,加藤幸保,,エピファネイア,2010104155,ウェディングフジコ,2004106374,フジキセキ,1992109618,堂守貴志,片山牧場,789.5,2010.0,2004.0,1992.0
2020105510,インオービット,牡,倉兼育康,,ミッキーロケット,2013106099,オペラアイ,2000104483,オペラハウス,000a000d77,ＪＰＮ技研,長浜秀昭,789.1,2013.0,2000.0,1988.0
2020102353,キャプテンフジ,牡,的場直之,,フリオーソ,2004106867,ガニエ,2013101044,ダンスインザダーク,1993109188,堤保政,横井哲,789.0,2004.0,2013.0,1993.0
2020105727,クライトゥナイト,牝,渡辺和雄,,ヴァンセンヌ,2009106525,シングンガガ,2013100851,キンシャサノキセキ,2003110212,和田正巳,ヒカル牧場,788.5,2009.0,2013.0,2003.0
2020103023,ヘラクレスノット,セ,九日俊光,,マインドユアビスケッツ,000a01392e,ブリシンガメン,2014105584,ステイゴールド,1994108729,山邉浩,社台ファーム,788.1,2013.0,2014.0,1994.0
2020105507,ヒメカグラ,牝,久保秀男,,ラニ,2013110045,ステラシスネ,2010105731,ルールオブロー,000a010d7d,（有）龍光,長浜忠,788.0,2013.0,2010.0,2001.0
2020105266,ガレージドライブ,牡,国沢輝幸,,エイシンフラッシュ,2007102951,スパニッシュソウル,2003106607,フジキセキ,1992109618,（株）ＭＭＣ,シンカンファーム,788.0,2007.0,2003.0,1992.0
2020102162,ナックリーガル,牡,立花伸,,エスケンデレヤ,000a012cc0,ショウサンユリシス,2011101453,プリサイスエンド,000a00fe9b,小松欣也,豊洋牧場,786.5,2007.0,2011.0,1997.0
2020104348,ヨリキリ,牡,浜田多実,,スクリーンヒーロー,2004103328,レディオブキャメロット,000a01388f,モンジュー,1996190001,宮田直也,タイヘイ牧場,786.0,2004.0,2012.0,1996.0
2020102538,ルトラセ,セ,荒井朋弘,,リオンディーズ,2013105915,アニマトゥール,2010104564,ホワイトマズル,1990109700,川上和彦,追分ファーム,786.0,2013.0,2010.0,1990.0
2020104437,ジャーニーメモリー,牡,粕谷昌央,,ヴィクトワールピサ,2007102923,プリンセスメモリー,2007102972,スウェプトオーヴァーボード,000a00fa34,海谷幸司,谷岡牧場,785.0,2007.0,2007.0,1997.0
2020103346,アラメダ,牝,池江泰寿,,ブラックタイド,2001103312,クロウキャニオン,2002106979,フレンチデピュティ,000a00013a,金子真人ホールディングス,ノーザンファーム,785.0,2001.0,2002.0,1992.0
2020104683,オケイン,牡,那俄性哲,,ベーカバド,000a011dc0,ジャネットハウス,2002105126,オペラハウス,000a000d77,田村章,原弘之,784.5,2007.0,2002.0,1988.0
2020101111,マクギリス,牡,藤川純,,ロードカナロア,2008103552,フィエラメンテ,2008103289,タニノギムレット,1999100226,横田秀明,二風谷ファーム,784.5,2008.0,2008.0,1999.0
2020103822,アエノコクオウ,牡,的場直之,,バトルプラン,000a0118e8,ラブリーサンデー,2014106354,サマーバード,2006190002,角井紀夫,荒木貴宏,784.0,2005.0,2014.0,2006.0
2020101622,ヴィヴラガレット,牝,玉垣光章,,ニシケンモノノフ,2011105438,シーズガレット,2008101892,アグネスフライト,1997103400,橋場勇二,庄野牧場,783.9,2011.0,2008.0,1997.0
2020101286,ナムラアンソニー,セ,森山英雄,,ジャスタウェイ,2009106461,ナムラケイト,2012101064,ディープインパクト,2002100816,山邉浩,いとう牧場,783.5,2009.0,2012.0,2002.0
2020104229,ボニファシオ,牡,山本学,,ダイワメジャー,2001103114,ベーリングメファ,2012102958,スニッツェル,000a010eaa,手嶋康雄,佐竹学,782.9,2001.0,2012.0,2002.0
2020104282,エスケイキャット,牝,林正人,,フリオーソ,2004106867,イセノラヴィソン,2010101592,ファスリエフ,000a00fc4c,伊藤輔則,静内フジカワ牧場,782.5,2004.0,2010.0,1997.0
2020105989,エクメディゴールド,牡,石井勝男,,ベストウォーリア,2010110127,ボンジュールカレン,2006103066,ゴールドアリュール,1999106689,橋本慎太郎,村上牧場,782.0,2010.0,2006.0,1999.0
2020101680,コンバットグランデ,牝,三野宮通,,コパノリッキー,2010106548,ヴァケア,000a012f24,Lear Fan,000a00199d,（株）アプエンテ,シンボリ牧場,780.4,2010.0,2003.0,1981.0
2020109003,エイシンペトラ,牝,東眞市,,アメリカンペイトリオット,000a013bba,エイシンチーター,2005101225,スペシャルウィーク,1995103211,平井克彦,荒谷牧場,780.3,2013.0,2005.0,1995.0
2020102959,テンカオーライ,牡,松下武士,,マインドユアビスケッツ,000a01392e,トゥールエッフェル,2013105705,フレンチデピュティ,000a00013a,村田能光,社台ファーム,780.0,2013.0,2013.0,1992.0
2020106403,ウィズフィリップ,牡,後藤佑耶,,シルバーステート,2013105903,フィオレロ,2014103158,エンパイアメーカー,000a010542,山科統,杵臼牧場,779.7,2013.0,2014.0,2000.0
2020102638,シンティリオ,牡,鈴木啓之,,スピルバーグ,2009105961,オッティマルーチェ,2004110119,Fusaichi Pegasus,000a0022cf,吉田照哉,社台コーポレーション白老ファーム,779.5,2009.0,2004.0,1997.0
2020101605,サトミノアサヒ,牝,土井道隆,,マジェスティックウォリアー,000a011e9c,ララエクレリゼ,2011100390,スペシャルウィーク,1995103211,田代洋己,下河辺牧場,778.5,2005.0,2011.0,1995.0
2020106788,ティーラミレス,牝,佐藤雅彦,,マクフィ,000a011c77,ユッコ,2012104590,ハーツクライ,2001103038,天白裕之,日本中央競馬会日高育成牧場,778.1,2007.0,2012.0,2001.0
2020105489,インザストーン,牡,佐藤博紀,,インカンテーション,2010104916,ディヴォーション,2009101670,ゴールドヘイロー,1997101264,白戸光広,中山高鹿康,778.0,2010.0,2009.0,1997.0
2020104210,エドノスマイル,牡,宇野木博,,タリスマニック,000a013425,ウィーヴァー,2014102216,ストリートセンス,000a0113a2,遠藤喜松,佐竹学,778.0,2013.0,2014.0,2004.0
2020103587,ブルジュドバイ,牝,森秀行,,キタサンブラック,2012102013,プリティカリーナ,000a011a66,Seeking the Gold,000a001bea,野村茂雄,ノーザンファーム,778.0,2012.0,2005.0,1985.0
2020100356,リラスカイ,牝,山崎尋美,,コパノリッキー,2010106548,キャンディームーン,2006110167,Candy Ride,000a01132a,高樽秀夫,藤巻則弘,778.0,2010.0,2006.0,1999.0
2020106917,メイショウライジン,牡,宮川真衣,,シルバーステート,2013105903,メイショウブーケ,2011106065,フレンチデピュティ,000a00013a,上岡和男,三嶋牧場,777.5,2013.0,2011.0,1992.0
2020103570,ジャスティンカプリ,牡,森澤友貴,,キンシャサノキセキ,2003110212,フォンタネットポー,2012110097,ダンカーク,000a012185,三木正浩,ノーザンファーム,777.5,2003.0,2012.0,2006.0
2020105926,テングクラブ,牡,新田守,,ドレフォン,000a013b82,カウントオンミー,2003102538,バブルガムフェロー,1993109219,高橋千恵子,村上欽哉,777.2,2013.0,2003.0,1993.0
2020103574,ウォーハンマー,牡,那俄性哲,,リアルインパクト,2008103244,フラーテイシャスミス,000a011eaf,Mr. Greeley,000a00213e,ファーストビジョン,ノーザンファーム,777.0,2008.0,2004.0,1992.0
2020102602,ベンハー,牡,高橋清顕,,ロードカナロア,2008103552,レイヌドネージュ,2010104515,フジキセキ,1992109618,小菅定雄,追分ファーム,777.0,2008.0,2010.0,1992.0
2020106002,コパノモンタナ,牡,古澤悟,,キンシャサノキセキ,2003110212,オーシャンフリート,2008105085,アフリート,000a000013,前田良平,村田牧場,776.5,2003.0,2008.0,1984.0
2020105058,ナンセイスコピオン,牝,米田英世,,デクラレーションオブウォー,000a0136f6,イリデッセンス,2013105946,ダイワメジャー,2001103114,池田喜吉,大狩部牧場,775.5,2009.0,2013.0,2001.0
2020104885,グラスミラー,牡,嶋田幸晴,,ディープブリランテ,2009105084,グラスルビー,2008103055,シングスピール,1992190005,小橋亮太,松田牧場,774.0,2009.0,2008.0,1992.0
2020101506,ホクトブルース,牝,佐々木功,,アポロキングダム,2003110139,サワキック,2009103375,アグネスデジタル,1997110025,井上久光,サンバマウンテンファーム,774.0,2003.0,2009.0,1997.0
2020106239,エイシンジェット,牝,渡瀬寛彰,,アジアエクスプレス,2011110091,アゼナーマ,000a013e7b,Pivotal,000a002328,平井宏承,栄進牧場,773.1,2011.0,2013.0,1993.0
2020104625,コスモバイオレット,牝,松永康利,,デクラレーションオブウォー,000a0136f6,クイックモーション,2013105846,ディープインパクト,2002100816,ビッグレッドファーム,野坂牧場,773.0,2009.0,2013.0,2002.0
2020106211,サンマルブライト,牝,今津勝之,,トゥザワールド,2011103975,カールブライトリー,2007103779,チアズブライトリー,1998104232,平本淳一,一珍棒牧場,772.3,2011.0,2007.0,1998.0
2020101794,イーヴンキール,牡,藤ヶ崎一,,アドマイヤムーン,2003102991,エヴァモア,000a0127f6,Dansili,000a010a5f,片岡信賢,ダーレー・ジャパン・ファーム,772.3,2003.0,2010.0,1996.0
2020100830,クリイロ,牝,村田順一,,イスラボニータ,2011103565,ミーヤチャスカ,2010110085,First Samurai,000a011157,山邉浩,大北牧場,772.3,2011.0,2010.0,2003.0
2020103239,レッドマジック,牡,田中一巧,,ハーツクライ,2001103038,イルーシヴウェーヴ,000a0124c0,Elusive City,000a01239c,藤田晋,ノーザンファーム,772.0,2001.0,2006.0,2000.0
2020102596,スパークルスカイ,牝,飯田良弘,,エイシンフラッシュ,2007102951,ラバヤデール,2000101283,サンデーサイレンス,000a00033a,吉木伸彦,追分ファーム,771.5,2007.0,2000.0,1986.0
2020106371,サンタモニカビーチ,牡,高野毅,,ヤマカツエース,2012102774,サンマルガイア,2014103144,メイショウボーラー,2001100650,ライフエンタープライズ,木戸口牧場,771.3,2012.0,2014.0,2001.0
2020104837,ライトブラーヴ,牡,山元博徳,,マクフィ,000a011c77,ナリタトップスター,2014105414,ディープインパクト,2002100816,竹田和博,北海道静内農業高等学校,771.0,2007.0,2014.0,2002.0
2020101358,キラメクホシ,牡,伊藤大士,,ゴールドシップ,2009102739,ホシノキラメキ,2011100923,メイショウサムソン,2003102205,ミルファーム,賀張中川牧場,771.0,2009.0,2011.0,2003.0
2020106337,ダンツクリスタル,牝,古賀光範,,エピファネイア,2010104155,スイートハート,2015100554,ワークフォース,000a011a7f,山元哲二,鎌田正嗣,770.9,2010.0,2015.0,2007.0
2020106555,ラプソディンブルー,牡,高野毅,,ダンカーク,000a012185,タイセイララバイ,2011103900,シンボリクリスエス,1999110099,田畑利彦,谷川牧場,770.0,2006.0,2011.0,1999.0
2020106508,メイショウコウラン,牝,徳本慶一,,ワールドエース,2009106353,オーシャンルミナス,2004106736,フレンチデピュティ,000a00013a,遠藤喜和,太陽牧場,770.0,2009.0,2004.0,1992.0
2020105679,アースコンチェルト,牡,斉藤崇史,,エピファネイア,2010104155,アースサウンド,2007110094,Yes It's True,000a010753,シルクレーシング,ハシモトファーム,770.0,2010.0,2007.0,1996.0
2020105207,ウインアチーヴ,牡,水野貴広,,エピファネイア,2010104155,コスモマーベラス,2002101336,フジキセキ,1992109618,ウイン,コスモヴューファーム,770.0,2010.0,2002.0,1992.0
2020104482,タイセイラヴィータ,牡,田中克典,,デクラレーションオブウォー,000a0136f6,シーブリーズライフ,2010103002,アドマイヤジャパン,2002102324,田中成奉,千代田牧場,770.0,2009.0,2010.0,2002.0
2020102279,トゥーリナライト,牡,田辺陽一,,ベストウォーリア,2010110127,トゥバン,2007106188,アドマイヤドン,1999107052,高橋文男,門別敏朗,769.0,2010.0,2007.0,1999.0
2020100086,グロリアスライン,牡,井上弘之,,ディスクリートキャット,000a0113a1,グロリアスシーン,2001100927,キンググローリアス,000a000d48,豊島愛子,加野牧場,769.0,2003.0,2001.0,1986.0
2020103922,ディヴァーザウェイ,牡,田中譲二,,ジャスタウェイ,2009106461,ネイティヴコード,2011101743,アグネスデジタル,1997110025,上岡和男,岡田スタッド,768.5,2009.0,2011.0,1997.0
2020104436,クウレイナニ,牝,新井清重,,スクリーンヒーロー,2004103328,ピュアライン,2010102904,サクラプレジデント,2000102261,小林由明,谷岡牧場,768.0,2004.0,2010.0,2000.0
2020109073,フェルベンゲート,牝,今津勝之,,リアルスティール,2012104889,モーディッシュ,2001103204,シングスピール,1992190005,斉藤三寛,ワールドファーム,767.5,2012.0,2001.0,1992.0
2020100386,トライコーン,牡,荒井朋弘,,コパノリッキー,2010106548,フュージョン,2008101002,クロフネ,1998110135,（株）吉永ファーム,本桐牧場,767.5,2010.0,2008.0,1998.0
2020106888,レターマイハート,牝,萩原清,,ダイワメジャー,2001103114,バスラットアマル,2010100657,New Approach,000a011656,嶋田賢,三嶋牧場,767.0,2001.0,2010.0,2005.0
2020103966,スティールアグネス,牝,吉見真幸,,パイロ,000a01176a,ジャストゥラヴ,2013102740,シニスターミニスター,000a011099,（株）ファーストオー,ＣＲステーブル,764.8,2005.0,2013.0,2003.0
2020109069,ジョイルミナス,牝,矢野義幸,,クリエイターII,000a013630,ゴールドマリキヤ,2010109257,ゴールドアリュール,1999106689,西村亮二,ワールドファーム,764.5,2013.0,2010.0,1999.0
2020101790,ヴァイタリティ,牝,藤田弘治,,ファインニードル,2013100612,ヴァレリカ,000a012806,Dynaformer,000a001dd9,嶋田亘克,ダーレー・ジャパン・ファーム,763.5,2013.0,2007.0,1985.0
2020103451,スーパーファルクス,牝,武英智,,レッドファルクス,2011104416,スーヴェニアギフト,000a010ac6,Souvenir Copy,000a00fc4e,吉田勝己,ノーザンファーム,763.0,2011.0,2002.0,1995.0
2020104709,スタープレジデント,牡,鈴木正也,,コパノリッキー,2010106548,スターインパルス,2014104905,サウスヴィグラス,1996110138,坂本順子,藤川ファーム,762.8,2010.0,2014.0,1996.0
2020100379,クレーンロケット,牝,遠藤茂,,ミッキーロケット,2013106099,トーセンプリンセス,2008102986,フジキセキ,1992109618,男澤喜惠子,本桐牧場,761.7,2013.0,2008.0,1992.0
2020106823,レアリーゼ,牡,宮本仁,,カレンブラックヒル,2009106230,ギブミーアチャンス,2003103549,エルコンドルパサー,1995108742,遠藤喜和,福田牧場,761.4,2009.0,2003.0,1995.0
2020102579,ルヴェルリドー,牡,秋山直之,,モーリス,2011100655,ハイリリー,2009106597,アグネスタキオン,1998101516,上手健太郎,追分ファーム,761.0,2011.0,2009.0,1998.0
2020105302,ブライテン,牝,迫田清美,,シルバーステート,2013105903,ペルレストラーダ,2007104463,アルデバランII,000a010541,蟹江知彦,須崎牧場,760.9,2013.0,2007.0,1998.0
2020106153,トラックヤロー,牡,平山真希,,グレーターロンドン,2012101402,ラブリーアイ,2011100788,ダイワメジャー,2001103114,角谷守正,澤井義一,760.5,2012.0,2011.0,2001.0
2020104593,キモンツガル,牝,伊藤強一,,コパノリチャード,2010106552,コパノチカチャン,2006105934,ワイルドラッシュ,000a0003a1,酒井孝敏,西村牧場,760.5,2010.0,2006.0,1994.0
2020106995,メイショウマジック,牡,四位洋文,,ホッコータルマエ,2009100921,メイショウヒメユリ,2009100793,ハーツクライ,2001103038,松本好隆,本巣敦,760.0,2009.0,2009.0,2001.0
2020106444,ノンリミタシオン,牡,林正人,,ディスクリートキャット,000a0113a1,リコリアーノ,2012104932,タニノギムレット,1999100226,（有）太盛,グランデファーム,759.5,2003.0,2012.0,1999.0
2020101441,タイムオブハート,牝,村田順一,,ネロ,2011103722,エコパン,2006106117,ツルマルボーイ,1998106357,吉武章,クリアファーム,759.5,2011.0,2006.0,1998.0
2020101761,トーホウジェンマ,牝,藤田正治,,トーホウジャッカル,2011100482,トーホウキャサリン,2015103252,キングズベスト,000a0022d2,藤居正樹,竹島幸治,759.4,2011.0,2015.0,1997.0
2020102123,オンネマトカ,牝,手島勝利,,ゴールドアクター,2011105266,タントタント,2011106042,シニスターミニスター,000a011099,吉田勝利,藤本ファーム,757.6,2011.0,2011.0,2003.0
2020106561,ニシノベストワン,牡,新谷功一,,エピファネイア,2010104155,ニシノワン,2010104125,ウォーエンブレム,000a00fa35,西山茂行,谷川牧場,757.0,2010.0,2010.0,1999.0
2020104798,テイケイヴォーグ,牡,山口浩幸,,ロゴタイプ,2010103783,ジョンコ,2004104360,アグネスタキオン,1998101516,兼松忠男,ＰＲＩＤＥＲＯＣＫ,756.1,2010.0,2004.0,1998.0
2020106294,エイシンレプニ,牝,橋本忠明,,エイシンヒカリ,2011101273,マリーファー,000a013e7a,Dubawi,000a0115e2,平井宏承,栄進牧場,755.7,2011.0,2012.0,2002.0
2020104599,レイズユアリミット,牡,矢野久美,,エスポワールシチー,2005102837,タイヨウガデテキタ,2005103841,サウスヴィグラス,1996110138,濱村充哉,西村牧場,754.5,2005.0,2005.0,1996.0
2020107142,オールスティール,牡,真島正徳,,リアルスティール,2012104889,シンラバンショウ,2012104866,サクラバクシンオー,1989108341,ＹＧＧホースクラブ,川上牧場,754.0,2012.0,2012.0,1989.0
2020105887,アルファマドンナ,牝,坂本昇,,マインドユアビスケッツ,000a01392e,ムーンライトゼファー,000a0118a4,ムーンロケット,2000101586,近藤真衣,松浦牧場,753.9,2013.0,2004.0,2000.0
2020104910,キープアドーラブル,牝,岩崎真樹,,ロードカナロア,2008103552,キストゥリメンバー,000a013866,Big Brown,000a01173e,高嶋航,矢野牧場,753.2,2008.0,2011.0,2005.0
2020102914,ドゥフレーシュ,牡,八木正喜,,ドゥラメンテ,2012104511,スペシャルフロート,2004103225,スペシャルウィーク,1995103211,橋詰弘一,社台ファーム,752.0,2012.0,2004.0,1995.0
2020100108,クイーンラブソング,牝,今井輝和,,ゴールドアクター,2011105266,キタサンラブソング,2001103232,ダンスインザダーク,1993109188,米田剛文,木田牧場,752.0,2011.0,2001.0,1993.0
2020105848,アストロアイガー,牡,倉兼育康,,レーヴミストラル,2012104929,ステレッタ,2014100773,マンハッタンカフェ,1998101554,（同）ＪＰＮ技研,細川農場,750.4,2012.0,2014.0,1998.0
2020103022,アウトサイドベット,牡,溝橋利喜,,レッドファルクス,2011104416,ブラックアテナ,2008102831,シンボリクリスエス,1999110099,組）オールザベスト組,社台ファーム,750.0,2011.0,2008.0,1999.0
2020100916,ヴィクトリーアイ,牡,大塚信次,,デクラレーションオブウォー,000a0136f6,シスターエレキング,2005101786,アグネスデジタル,1997110025,（株）さくらコーポレ,ヒダカファーム,749.1,2009.0,2005.0,1997.0
2020107103,ターンソウル,牡,高橋俊之,,ダノンレジェンド,2010110102,ユメヒマワリ,2006105890,シンボリクリスエス,1999110099,山上和良,山田政宏,748.6,2010.0,2006.0,1999.0
2020106075,ナキムシヒカル,牝,田辺陽一,,ニシケンモノノフ,2011105438,オウケンハート,2008104597,ジャングルポケット,1998101786,村田大作,レジェンドファーム,748.0,2011.0,2008.0,1998.0
2020104351,ブランディー,牝,中塚猛,,エピファネイア,2010104155,オートロンシャン,2011103006,クロフネ,1998110135,福山博徳,高橋修,748.0,2010.0,2011.0,1998.0
2020106472,ボールドトップ,牡,佐々木功,,エーシントップ,2010110058,アンプレシオネ,2005100193,クロフネ,1998110135,酒井孝敏,笹島智則,747.5,2010.0,2005.0,1998.0
2020100995,ミヤジミニー,牝,田辺陽一,,ミッキーアイル,2011103916,ミヤジマミー,2014101147,ヴィクトワールピサ,2007102923,酒井孝敏,村中牧場,747.5,2011.0,2014.0,2007.0
2020103893,トリオーレ,牡,倉兼育康,,パドトロワ,2007102760,グレイスノート,2013105406,ハービンジャー,000a011996,（同）ＪＰＮ技研,岡田スタッド,747.0,2007.0,2013.0,2006.0
2020102057,ジンフィンドール,牝,打越勇児,,リオンディーズ,2013105915,ヤサカオディール,2009104505,メイショウボーラー,2001100650,高樽さゆり,日高大洋牧場,747.0,2013.0,2009.0,2001.0
2020106503,オキザリスレディー,牝,諏訪貴正,,グランプリボス,2008103388,カツヴィーナス,2014102729,タートルボウル,000a012045,嶋田亘克,惣田英幸,746.8,2008.0,2014.0,2002.0
2020102693,ビヴァアカプルコ,牝,水上直人,,スクリーンヒーロー,2004103328,パセンジャーシップ,2012104335,ダイワメジャー,2001103114,組）リノレーシング,社台コーポレーション白老ファーム,746.6,2004.0,2012.0,2001.0
2020110021,サブエガ,牡,藤ケ崎一,,Kitten's Joy,000a0119b3,パスーイングザドリーム,000a01a8ec,Dream Ahead,000a013cf4,坂本弘樹,Aoshiba Shouji Inc.,746.5,2001.0,2015.0,2008.0
2020100370,フェリキタス,牝,羽月友彦,,ビッグアーサー,2011103328,リアンシチー,2012102484,ディープインパクト,2002100816,友駿ホースクラブ,幌村牧場,746.0,2011.0,2012.0,2002.0
2020105340,タツノキセキ,牡,秋山直之,,アジアエクスプレス,2011110091,シャンハイギャル,2002104847,シャンハイ,000a000d73,三河辰已,武田修一,745.5,2011.0,2002.0,1989.0
2020106395,エイユーマックス,牡,永島太郎,,サトノアラジン,2011104063,スカーレットダイヤ,2005106198,ブライアンズタイム,000a000082,笹部義則,杵臼牧場,745.0,2011.0,2005.0,1985.0
2020104966,イサチルキュート,牝,竹内正洋,,タリスマニック,000a013425,ケリーズビューティ,2001100858,ブライアンズタイム,000a000082,小坂功,坂戸節子,745.0,2013.0,2001.0,1985.0
2020103421,キャルドーン,牡,繁田健一,,ミッキーアイル,2011103916,ジュエルオブザナイト,000a011a44,Giant's Causeway,000a0022e1,里見治,ノーザンファーム,745.0,2011.0,2002.0,1997.0
2020100616,ソーヴキプ,牝,渋谷信博,,ドリームバレンチノ,2007104877,エーメ,2014103727,バトルプラン,000a0118e8,（同）ソーテーリア,荻伏三好ファーム,745.0,2007.0,2014.0,2005.0
2020101355,ボイド,牡,久保秀男,,アメリカンペイトリオット,000a013bba,クラウンハンター,2013100181,ケイムホーム,000a0108d1,和田博美,賀張中川牧場,744.5,2013.0,2013.0,1999.0
2020105701,ピーチクパーチク,牝,南弘樹,,シャンハイボビー,000a0127e4,ボロブドゥール,2011105141,ハイアーゲーム,2001103160,仲辻正貴,浜口牧場,744.2,2010.0,2011.0,2001.0
2020102356,シンデレラサマー,牝,吉橋淳一,,エスポワールシチー,2005102837,ソンヨン,2010101191,ティンバーカントリー,000a00035e,松本雅彦,横井哲,744.0,2005.0,2010.0,1992.0
2020107168,アヴァンタージュ,牡,山田信大,,エピファネイア,2010104155,チェルシーガール,2006102997,アグネスタキオン,1998101516,（株）マフィン,上村清志,743.6,2010.0,2006.0,1998.0
2020102834,エクローサ,牝,溝橋利喜,,エイシンフラッシュ,2007102951,クラリスピンク,2008102916,ネオユニヴァース,2000101426,小林聖子,社台ファーム,743.3,2007.0,2008.0,2000.0
2020101297,イグアスワーク,牝,伊藤滋規,,アメリカンペイトリオット,000a013bba,シャイニングスルー,2002100973,スペシャルウィーク,1995103211,大泉勉,ヴェルサイユファーム,743.3,2013.0,2002.0,1995.0
2020102415,メイクアストーリー,牡,柳井宏之,,バゴ,2001190004,コマノレジェンド,2014102717,ストリートセンス,000a0113a2,北原大史,新井牧場,741.7,2001.0,2014.0,2004.0
2020106817,タイキバルドル,牡,勢司和浩,,ダイワメジャー,2001103114,タイキキララ,2010105076,キングヘイロー,1995104427,大樹ファーム,ビクトリーホースランチ,740.0,2001.0,2010.0,1995.0
2020106523,タイセイサンダー,牡,小栗実,,エイシンフラッシュ,2007102951,ナパ,2006103401,スペシャルウィーク,1995103211,田中成奉,高村牧場,740.0,2007.0,2006.0,1995.0
2020101852,ニードレストゥセイ,牝,加藤幸保,,ファインニードル,2013100612,レリッシュザソート,000a0116f8,Sadler's Wells,000a00185d,桑田照夫,ダーレー・ジャパン・ファーム,739.8,2013.0,1998.0,1981.0
2020104611,エンジョイリッキー,牡,田口輝彦,,コパノリッキー,2010106548,ラブミーブルー,2011104781,サウスヴィグラス,1996110138,古町純代,西村牧場,739.5,2010.0,2011.0,1996.0
2020102918,オルソビアンコ,牝,櫻井今朝,,ハービンジャー,000a011996,セウアズール,2011104252,ディープインパクト,2002100816,西岡透,社台ファーム,739.1,2006.0,2011.0,2002.0
2020104667,ヨシノクラウン,牡,荒井朋弘,,サトノクラウン,2012104668,フェアレディ,2015106096,ハーツクライ,2001103038,清水義徳,服部牧場,739.0,2012.0,2015.0,2001.0
2020105473,ニシノオールマイト,牡,山口浩幸,,ヴィクトワールピサ,2007102923,エテ,2013110072,Congrats,000a010687,冨田藤男,中山高鹿康,737.4,2007.0,2013.0,2000.0
2020104322,キャッスルバジオウ,牡,宮川真衣,,ロージズインメイ,000a010a10,キャッスルスピカ,2006106471,タイキブリザード,1991109979,城市公,城市公,737.0,2000.0,2006.0,1991.0
2020101726,スターライトテール,牡,酒井仁,,ドレフォン,000a013b82,ラーチャプルック,2005103542,マーベラスサンデー,1992103687,小橋亮太,スマイルファーム,737.0,2013.0,2005.0,1992.0
2020100646,ロイヤルナタール,牝,黒木豊,,ロードカナロア,2008103552,ロイヤルヴォルト,2012103226,ディープインパクト,2002100816,関昭一,笠松牧場,736.1,2008.0,2012.0,2002.0
2020102136,ストロベリーツー,牡,細川忠義,,ラニ,2013110045,イチゴアミーラ,2013100816,シンボリクリスエス,1999110099,ウエスト．フォレスト．ステイブル,碧雲牧場,736.0,2013.0,2013.0,1999.0
2020101538,ノビシロ,牡,赤嶺本浩,,デクラレーションオブウォー,000a0136f6,ウェルカミング,2012101318,マンハッタンカフェ,1998101554,豊島愛子,下河辺牧場,736.0,2009.0,2012.0,1998.0
2020101470,リンガススウィート,牝,三小田幸,,シニスターミニスター,000a011099,リンガスアリュール,2011102662,ゴールドアリュール,1999106689,酒井孝敏,ケイズ,735.7,2003.0,2011.0,1999.0
2020102768,アリダンジェロ,牝,赤嶺亮,,ジャスタウェイ,2009106461,ウイングドウィール,2009105725,シンボリクリスエス,1999110099,岡田拓也,社台ファーム,735.5,2009.0,2009.0,1999.0
2020103617,レディエンフェイス,牝,加藤征弘,,ハーツクライ,2001103038,マイハッピーフェイス,000a014417,Tiz Wonderful,000a011c23,キャロットファーム,ノーザンファーム,735.0,2001.0,2010.0,2004.0
2020101681,ロードイモータル,牡,西山裕貴,,ロードカナロア,2008103552,キャプテンガール,2010109015,キャプテンスティーヴ,000a000d9d,小橋亮太,シンボリ牧場,733.7,2008.0,2010.0,1997.0
2020104034,バブルアップハート,牡,高橋康之,,アジアエクスプレス,2011110091,バブルウィズジョイ,2014105292,ダイワメジャー,2001103114,京都ホースレーシング,織田正敏,733.5,2011.0,2014.0,2001.0
2020106272,エイシンペペロミア,牝,木村健,,キンシャサノキセキ,2003110212,エイシンローリン,2011101329,サウスヴィグラス,1996110138,平井克彦,栄進牧場,733.2,2003.0,2011.0,1996.0
2020102754,アンナジーク,牝,中舘英二,,ヴィクトワールピサ,2007102923,アンナモンダ,000a0111c2,Monsun,000a010db6,グリーンファーム,社台ファーム,733.0,2007.0,2002.0,1990.0
2020100259,サトシライズ,牡,國澤利照,,パドトロワ,2007102760,カズノマリリン,1997100499,マルゼンスキー,000a0003bd,小橋亮太,田中春美,732.4,2007.0,1997.0,1974.0
2020105066,フィオリーノ,牝,永島太郎,,メイショウボーラー,2001100650,テイクザスカイ,2005104809,ゴールドアリュール,1999106689,加藤徹,大狩部牧場,732.0,2001.0,2005.0,1999.0
2020103612,モンテイゾラ,セ,森山英雄,,イスラボニータ,2011103565,ポルケテスエーニョ,000a0137a3,Medaglia d'Oro,000a010a65,山邉浩,ノーザンファーム,732.0,2011.0,2011.0,1999.0
2020101624,ワールドペコ,牝,石橋満,,ワールドエース,2009106353,アイリッシュペコ,2011110060,Sea The Stars,000a011c78,山口正行,白井牧場,731.9,2009.0,2011.0,2006.0
2020100059,ハッピーエンド,牡,阪本一栄,,メイショウボーラー,2001100650,ハッピーエム,2011100763,プリサイスエンド,000a00fe9b,三宅勝俊,沖田博志,731.5,2001.0,2011.0,1997.0
2020106980,ドライカプチーノ,牝,土井道隆,,ジョーカプチーノ,2006100529,ブリッサ,2009104935,ブラックホーク,1994109361,岡友則,ミルファーム,731.3,2006.0,2009.0,1994.0
2020105124,シャウラ,牝,高橋義忠,,リオンディーズ,2013105915,スコルピオンキッス,2004110121,フレンチデピュティ,000a00013a,ヒダカ・ブリーダーズ・ユニオン,カミイスタット,731.0,2013.0,2004.0,1992.0
2020110035,アフタヌーンドレス,牝,栗田徹,,Bernardini,000a0111fe,Beautify,000a01b119,Lemon Drop Kid,000a0022d0,ゴドルフィン,Godolphin,730.0,2003.0,2016.0,1996.0
2020102526,トーセンウォルト,牡,橋本和馬,,トーセンレーヴ,2008103273,ペンネドゥピー,000a012db2,Tiger Hill,1995190004,島川隆哉,エスティファーム,730.0,2008.0,2008.0,1995.0
2020101026,アスクビートルズ,牡,藤原英昭,,Frankel,000a01239b,ストレイトガール,2009100301,フジキセキ,1992109618,廣崎利洋ＨＤ,ＡＳＫＳＴＵＤ,730.0,2008.0,2009.0,1992.0
2020106982,ヨロ,牡,大和田成,,ディスクリートキャット,000a0113a1,ムサ,2012104460,フレンチデピュティ,000a00013a,ミルファーム,ミルファーム,728.0,2003.0,2012.0,1992.0
2020106905,メイショウランザン,牡,森澤友貴,,ルーラーシップ,2007103143,メイショウガンツ,2010105141,ダイワメジャー,2001103114,松本好隆,三嶋牧場,728.0,2007.0,2010.0,2001.0
2020100677,サンデュエル,牡,栗田徹,,ロードカナロア,2008103552,サンドクイーン,2015104953,ゴールドアリュール,1999106689,シルクレーシング,桑田牧場,728.0,2008.0,2015.0,1999.0
2020105881,フルオブプレイズ,牡,大島静夫,,カレンブラックヒル,2009106230,フルマークス,2011104777,Kitten's Joy,000a0119b3,北原大史,松浦牧場,727.6,2009.0,2011.0,2001.0
2020105072,ブルーイングリーン,牝,稲益貴弘,,アメリカンペイトリオット,000a013bba,ヒメベニサクラ,2015105909,ディープブリランテ,2009105084,上村洋司,大狩部牧場,727.0,2013.0,2015.0,2009.0
2020103143,メーネフロタント,牝,小林真治,,ホールウォーカー,2003105250,プレセペ,2011100172,ノボジャック,1997110152,（有）太盛,ストロベリーフィールドファーム,726.5,2003.0,2011.0,1997.0
2020101109,トウカイフィエロ,牡,橋本忠明,,ヘニーヒューズ,000a011155,トウカイフィーバー,2013103460,エンパイアメーカー,000a010542,内村亨,二風谷ファーム,725.5,2003.0,2013.0,2000.0
2020105892,ヴァルトラウテ,牝,宗綱泰彦,,レッドファルクス,2011104416,ヴァルキリー,2014100799,ダンスインザダーク,1993109188,（同）ＪＰＮ技研,松木加代,724.0,2011.0,2014.0,1993.0
2020105190,ウインプリームス,牝,吉橋淳一,,ロージズインメイ,000a010a10,ウインプルミエ,2014100230,ステイゴールド,1994108729,（同）ＪＰＮ技研,コスモヴューファーム,723.6,2000.0,2014.0,1994.0
2020104179,アイダケ,牡,佐々木清,,バトルプラン,000a0118e8,レミニセンス,2000101338,サンデーサイレンス,000a00033a,内藤正生,サカイファーム,723.4,2005.0,2000.0,1986.0
2020100058,タイセイドルチェ,牝,佐藤雅彦,,キズナ,2010105827,トーセンバスケット,2005100117,ブライアンズタイム,000a000082,田中成奉,沖田博志,723.3,2010.0,2005.0,1985.0
2020101356,フェリスラリー,牡,阿井正雄,,シャンハイボビー,000a0127e4,ツクバクイーン,2009105808,Bernardini,000a0111fe,（有）総武開発,賀張中川牧場,723.0,2010.0,2009.0,2003.0
2020101679,シゲルノヴァ,牝,渡辺博文,,エピファネイア,2010104155,ウタヒメ,2010110074,Mr. Greeley,000a00213e,遠藤喜和,シンボリ牧場,722.8,2010.0,2010.0,1992.0
2020104385,トロルトゥンガ,牡,工藤真司,,アジアエクスプレス,2011110091,グリシーヌシチー,2012105206,ハーツクライ,2001103038,松木和子,武牧場,721.0,2011.0,2012.0,2001.0
2020104344,モリーダーリン,牝,国枝栄,,ハーツクライ,2001103038,マルケサ,000a013804,Kingmambo,000a001d7e,タイヘイ牧場,タイヘイ牧場,720.0,2001.0,2006.0,1990.0
2020100471,ツーエムルーイー,牝,小沢宏次,,バゴ,2001190004,キャットガール,2010101346,マンハッタンカフェ,1998101554,水谷昌晃,三石橋本牧場,719.6,2001.0,2010.0,1998.0
2020102676,リコッチ,牝,山田徹,,ハーツクライ,2001103038,セブンスセンス,2013105258,キングカメハメハ,2001103460,谷川昭雄,社台コーポレーション白老ファーム,719.2,2001.0,2013.0,2001.0
2020109089,アリアージュ,牡,加藤和宏,,ヴィクトワールピサ,2007102923,シルバーフォー,2014110101,Majesticperfection,000a012669,（株）ファーストビジ,恵比寿興業株式会社那須野牧場,718.4,2007.0,2014.0,2006.0
2020100503,サザンフルーヴ,牝,陶文峰,,レーヴミストラル,2012104929,アルデグロリア,2010101708,アルデバランＩＩ,000a010541,小橋亮太,元茂牧場,718.4,2012.0,2010.0,1998.0
2020109126,キスウマイ,牡,大島静夫,,ロードバリオス,2005104227,アヴェニューズレディ,000a010ac5,Avenue of Flags,000a00217e,北原大史,本田土寿,717.5,2005.0,2001.0,1988.0
2020106375,コチョウ,牝,今津博之,,アメリカンペイトリオット,000a013bba,ウイングフリオーソ,2014103150,フリオーソ,2004106867,北村泰規,杵臼斉藤牧場,717.1,2013.0,2014.0,2004.0
2020104769,コロル,牝,新井隆太,,New Approach,000a011656,プラリーヌ,000a016b5a,Pivotal,000a002328,五影隆則,フジワラファーム,716.0,2005.0,2011.0,1993.0
2020100410,ワレラホシノコ,牝,石橋満,,レッドファルクス,2011104416,ジェットスパークル,2006103036,シンボリクリスエス,1999110099,石井義人,前田ファーム,715.9,2011.0,2006.0,1999.0
2020106818,ルーチェステラーレ,牝,佐々木国,,タリスマニック,000a013425,タイキソレイユ,2009100720,フジキセキ,1992109618,大樹ファーム,ビクトリーホースランチ,715.7,2013.0,2009.0,1992.0
2020103984,グラスヴィガー,牡,石川浩文,,ミッキーアイル,2011103916,グラスティファニー,2011101005,キングカメハメハ,2001103460,（同）ＪＰＮ技研,岡田牧場,715.1,2011.0,2011.0,2001.0
2020105612,ジャンマギアーナ,牡,松浦聡志,,キズナ,2010105827,ヴェルディアーナ,2014110025,Perfect Soul,000a01186e,加藤誠,ノースヒルズ,715.0,2010.0,2014.0,1998.0
2020107212,ウィリデシルバ,牡,平松徳彦,,エイシンヒカリ,2011101273,エーシンレベルハイ,2006110043,Holy Bull,000a000180,柴原栄,川上牧場,714.8,2011.0,2006.0,1991.0
2020100325,チャントアチャーム,牡,真島正徳,,リアルインパクト,2008103244,エーシンジョイフル,2008101284,オペラハウス,000a000d77,梅ケ枝容晃,信田牧場,714.4,2008.0,2008.0,1988.0
2020109167,ワンダフルボーイ,牡,小林俊彦,,アメリカンペイトリオット,000a013bba,ワンダフルメモリー,2014104737,パイロ,000a01176a,小橋亮太,栗山ホースファーム,713.5,2013.0,2014.0,2005.0
2020104026,アップフェリス,牝,大橋敬永,,ヤマカツエース,2012102774,フェリシダーデス,2012103041,ディープインパクト,2002100816,田口順子,小倉光博,713.3,2012.0,2012.0,2002.0
2020105128,ケイトポムドゥパン,牝,中川公成,,スクリーンヒーロー,2004103328,ヒシシャトル,2005104880,ボストンハーバー,000a00007c,ウエスト．フォレスト．ステイブル,カミイスタット,713.0,2004.0,2005.0,1994.0
2020103223,アルメリア,牝,上原佑紀,,ハーツクライ,2001103038,アルビアーノ,2012110102,Harlan's Holiday,000a010cdf,シルクレーシング,ノーザンファーム,713.0,2001.0,2012.0,1999.0
2020107024,モノノフピンク,牝,国沢輝幸,,ニシケンモノノフ,2011105438,ブライティアグラス,2007105312,キングヘイロー,1995104427,ウエスト．フォレスト．ステイブル,山春牧場,712.3,2011.0,2007.0,1995.0
2020103431,ドウフォルス,牡,東原己俊,,ハーツクライ,2001103038,スカイダイヤモンズ,000a014414,First Dude,000a01430c,織田隆寛,ノーザンファーム,712.0,2001.0,2013.0,2007.0
2020103149,ショウナンタバルア,牡,澤佳宏,,ドレフォン,000a013b82,ショウナンバーチ,2015103977,ディープインパクト,2002100816,塚田義広,青藍牧場,711.5,2013.0,2015.0,2002.0
2020101961,ショウナンダグラス,牡,大島静夫,,イスラボニータ,2011103565,ショウナンアルマー,2014101931,ダイワメジャー,2001103114,成富直行,中原牧場,711.3,2011.0,2014.0,2001.0
2020103326,エンパイアブーケ,牝,藤田輝信,,ダイワメジャー,2001103114,キャッチータイトル,2003102900,オペラハウス,000a000d77,サンデーレーシング,ノーザンファーム,711.0,2001.0,2003.0,1988.0
2020102456,アエディフィカータ,牝,森澤友貴,,マクフィ,000a011c77,レディトリス,2013105043,エンパイアメーカー,000a010542,今村明浩,上水牧場,710.7,2007.0,2013.0,2000.0
2020103285,アスクダイアムーン,牡,武幸四郎,,ミッキーアイル,2011103916,エルフィンコーブ,2013110109,Adios Charlie,000a012a6e,廣崎利洋ＨＤ,ノーザンファーム,710.0,2011.0,2013.0,2008.0
2020102100,デルマヨリキリ,牡,田島俊明,,オンファイア,2003102809,デピュティプリミエ,2004102873,フレンチデピュティ,000a00013a,浅沼廣幸,ファニーヒルファーム,710.0,2003.0,2004.0,1992.0
2020100397,ナイトフォールサン,牡,櫻井今朝,,サトノクラウン,2012104668,クィーンズトレイル,2008103097,ディープインパクト,2002100816,遠藤喜和,前川勝春,710.0,2012.0,2008.0,2002.0
2020100161,ロードサミット,牡,長谷川忍,,ロードカナロア,2008103552,パラダイスリッジ,2012104604,ディープインパクト,2002100816,シグラップ・マネジメ,ケイアイファーム,709.9,2008.0,2012.0,2002.0
2020105747,レアリーズレーヴ,牝,塚田隆男,,ゴールドシップ,2009102739,クードヴァン,2013101949,ディープインパクト,2002100816,酒井孝敏,ビッグレッドファーム,709.5,2009.0,2013.0,2002.0
2020106107,ディーレジェンド,牝,石井勝男,,ダノンレジェンド,2010110102,ミスヨナ,2008105671,ティンバーカントリー,000a00035e,飯田総一郎,熊沢牧場,709.0,2010.0,2008.0,1992.0
2020102627,トレジャートレイル,牡,森山広大,,イスラボニータ,2011103565,アナモリ,2005104006,トワイニング,000a000006,山邉浩,社台コーポレーション白老ファーム,708.4,2011.0,2005.0,1991.0
2020107055,マジデ,牡,加藤誠一,,ディスクリートキャット,000a0113a1,アドマイヤトパーズ,2005106252,アドマイヤベガ,1996107396,岡本真二,田原橋本牧場,708.0,2003.0,2005.0,1996.0
2020103191,ブライトサイン,牝,茶木太樹,,ハービンジャー,000a011996,アウェイク,2013105820,ディープインパクト,2002100816,キャロットファーム,ノーザンファーム,707.0,2006.0,2013.0,2002.0
2020101044,フェイスナイン,牝,栗林徹治,,ベルシャザール,2008103004,アンジェラスベル,2010100159,Oratorio,000a010d4e,組）Ｇ．Ｇ．Ｇ．Ｍホ,オークツリーファーム,706.7,2008.0,2010.0,2002.0
2020107159,カッテニシヤガレ,牡,村上頼章,,ポアゾンブラック,2009102733,バカニシナイデヨ,2011101027,チーフベアハート,1993190010,川上和彦,若林順一,705.9,2009.0,2011.0,1993.0
2020100133,イントゥザファイア,牡,松島壽,,ベルシャザール,2008103004,マールデルプラタ,2013105985,ステイゴールド,1994108729,高野良美,グローリーファーム,705.1,2008.0,2013.0,1994.0
2020100062,サンライズソング,牝,安池成実,,ノボジャック,1997110152,テラコッタ,2007102793,アグネスタキオン,1998101516,西村專次,オギオギ牧場,703.5,1997.0,2007.0,1998.0
2020102975,カップコルス,牝,九日俊光,,ロードカナロア,2008103552,ノンザ,000a014471,Zanzibari,000a01355d,山邉浩,社台ファーム,703.2,2008.0,2014.0,2007.0
2020100874,スノーヴァース,牝,福永敏,,ダノンレジェンド,2010110102,サマーアクトレス,2005105261,サクラバクシンオー,1989108341,中辻明,中村雅明,703.0,2010.0,2005.0,1989.0
2020101564,テルテ,牝,菅原右吉,,ハーツクライ,2001103038,ジェニサ,000a012f0e,Storm Cat,000a001a98,下河辺牧場,下河辺牧場,702.9,2001.0,2007.0,1983.0
2020104924,アスキステソーロ,牡,竹下直人,,ドゥラメンテ,2012104511,メイデイローズ,000a012047,Rockport Harbor,000a0111ff,ファーストビジョン,矢野牧場,702.6,2012.0,2008.0,2002.0
2020103227,ロジドレフォン,牡,藪口一麻,,ドレフォン,000a013b82,アンジュシャルマン,2014105958,マンハッタンカフェ,1998101554,（有）総武開発,ノーザンファーム,702.2,2013.0,2014.0,1998.0
2020100237,シゲルスナイパー,牡,九日俊光,,モーリス,2011100655,シャラントレディ,2007103176,フジキセキ,1992109618,關美和,タガミファーム,702.0,2011.0,2007.0,1992.0
2020101175,リッキーマキアート,牝,酒井一則,,コパノリッキー,2010106548,クリヤマキアート,2009102083,クロフネ,1998110135,谷謙介,船越伸也,701.5,2010.0,2009.0,1998.0
2020106819,アースビート,牝,萱野浩二,,サトノクラウン,2012104668,タイキマロン,2013103705,ファスリエフ,000a00fc4c,大樹ファーム,ビクトリーホースランチ,700.0,2012.0,2013.0,1997.0
2020105273,マイネルズーメン,牡,加藤和宏,,ダノンバラード,2008103548,マイネチャーム,2010105485,アグネスタキオン,1998101516,（株）ファーストビジ,シンカンファーム,700.0,2008.0,2010.0,1998.0
2020105138,レヴィナス,牝,鈴木慎太,,トゥザワールド,2011103975,ヒシクリッパー,2004100145,ジャングルポケット,1998101786,池田草龍,上井農場,700.0,2011.0,2004.0,1998.0
2020105131,ロッソランパンテ,牝,榎屋充,,エピファネイア,2010104155,マウロア,2012104931,キングカメハメハ,2001103460,杉本剛彦,カミイスタット,700.0,2010.0,2012.0,2001.0
2020103573,フォースターデイズ,牝,木村哲也,,Kingman,000a0124ab,フォースタークルック,000a014f42,Freud,000a011434,吉田勝己,ノーザンファーム,700.0,2011.0,2012.0,1998.0
2020103529,イリゼ,牝,武幸四郎,,サトノアラジン,2011104063,パスティエーラ,2015104929,キングカメハメハ,2001103460,寺田寿男,ノーザンファーム,700.0,2011.0,2015.0,2001.0
2020103455,セラドナイト,牝,木村哲也,,Mendelssohn,000a014f32,セラドン,000a013974,ゴールドヘイロー,1997101264,シルクレーシング,ノーザンファーム,700.0,2015.0,2007.0,1997.0
2020103311,エナジーチャイム,牝,村田順一,,エピファネイア,2010104155,カリンバ,2014105804,ルーラーシップ,2007103143,シグラップ・マネジメ,ノーザンファーム,700.0,2010.0,2014.0,2007.0
2020103031,ラヴェリテ,牝,上原佑紀,,ロードカナロア,2008103552,プラスヴァンドーム,000a012808,Dr Fong,000a010571,インゼルレーシング,社台ファーム,700.0,2008.0,2004.0,1995.0
2020102681,オールザタイム,牝,国枝栄,,ハーツクライ,2001103038,タイムトラベリング,2004102771,ブライアンズタイム,000a000082,Ｇ１レーシング,社台コーポレーション白老ファーム,700.0,2001.0,2004.0,1985.0
2020102645,タルマエロマエ,牝,西川敏弘,,ホッコータルマエ,2009100921,クイーンマグノリア,2012104157,ゴールドアリュール,1999106689,山本浩司,社台コーポレーション白老ファーム,700.0,2009.0,2012.0,1999.0
2020102232,コウセイマリア,牝,和田雄二,,リアルスティール,2012104889,アズマガール,2009102914,キングカメハメハ,2001103460,杉安浩一郎,増尾牧場,700.0,2012.0,2009.0,2001.0
2020102156,サノノウォーリア,セ,加藤和宏,,ベストウォーリア,2010110127,アニマートホウヨウ,2010101033,フサイチコンコルド,1993109220,（株）ファーストビジ,豊洋牧場,700.0,2010.0,2010.0,1993.0
2020101635,ルクルス,牡,井上智史,,ハーツクライ,2001103038,チリエージェ,2001107654,サクラバクシンオー,1989108341,インゼルレーシング,白井牧場,700.0,2001.0,2001.0,1989.0
2020101367,ルンナノオクリモノ,牡,大根田裕,,ディスクリートキャット,000a0113a1,イサチルルンナ,2012102521,キングカメハメハ,2001103460,小坂功,カロッテファーム,700.0,2003.0,2012.0,2001.0
2020100890,ヨドノリリー,牝,北出成人,,トランセンド,2006104736,クイーンマルサ,2006106732,ステイゴールド,1994108729,海原聖一,林農場,700.0,2006.0,2006.0,1994.0
2020100847,グランヒマラヤ,牡,松山将樹,,シルバーステート,2013105903,リアライズナラック,2008110032,Fusaichi Pegasus,000a0022cf,飯田訓大,高松牧場,700.0,2013.0,2008.0,1997.0
2020100172,フィレット,牝,藤岡健一,,エピファネイア,2010104155,ルアンジュ,2012102296,マンハッタンカフェ,1998101554,ロードホースクラブ,ケイアイファーム,700.0,2010.0,2012.0,1998.0
2020101304,ラブスレンダー,牝,宗綱泰彦,,ミッキーアイル,2011103916,ユキアカリノマチ,2010101429,キングカメハメハ,2001103460,（同）ＪＰＮ技研,ヴェルサイユファーム,699.8,2011.0,2010.0,2001.0
2020101338,リネンスピリット,牡,浜田一夫,,キンシャサノキセキ,2003110212,リネンパズル,2007106103,パラダイスクリーク,1989109110,戸山光男,沖田牧場,699.1,2003.0,2007.0,1989.0
2020106103,ビーチセイヴァー,牡,林隆之,,ビーチパトロール,000a0141f9,ミレナ,2015105323,リーチザクラウン,2006102923,栗山正,リトルブルーファーム,699.0,2013.0,2015.0,2006.0
2020101972,リバースイート,牝,齊藤敏,,カレンブラックヒル,2009106230,ケイズビーナス,2004105962,タイキシャトル,1994109686,河越久,長田ファーム,698.5,2009.0,2004.0,1994.0
2020100077,ユーカリプタス,牡,小林俊彦,,ノヴェリスト,000a012230,ツクバエトワール,2010104553,ディープインパクト,2002100816,上手健太郎,片山牧場,698.1,2009.0,2010.0,2002.0
2020102824,シャルラハロート,牝,上村洋行,,ダイワメジャー,2001103114,カルティカ,000a013871,Rainbow Quest,000a001b4d,吉田照哉,社台ファーム,698.0,2001.0,2007.0,1981.0
2020101509,マイカグラ,牝,武井和実,,ノボジャック,1997110152,デルマオコマ,2012104184,ゴールドアリュール,1999106689,北原大史,サンバマウンテンファーム,698.0,1997.0,2012.0,1999.0
2020107162,タイコウフェイス,牝,中塚猛,,サトノアラジン,2011104063,キクノアルバ,2007101557,サウスヴィグラス,1996110138,佐々木勉,惣田英幸,697.3,2011.0,2007.0,1996.0
2020104061,タオスワン,牡,佐野謙二,,ミッキーロケット,2013106099,イルドロール,2006102730,ゴールドアリュール,1999106689,和田博美,神垣道弘,696.0,2013.0,2006.0,1999.0
2020109028,リケアシラヌイ,牡,田中守,,モンテロッソ,000a011b05,クインズカリナン,2013104422,サウスヴィグラス,1996110138,稲場澄,風ノ丘ファーム,695.5,2007.0,2013.0,1996.0
2020105345,ショウナンマナ,牝,庄子昭彦,,デクラレーションオブウォー,000a0136f6,ショウナンマラーク,2012101721,エンパイアメーカー,000a010542,酒井孝敏,武田牧場,695.0,2009.0,2012.0,2000.0
2020101372,クリノエンジェル,牝,武井和実,,グレーターロンドン,2012101402,クリノハイスバル,2011106628,ハーツクライ,2001103038,北原大史,川島正広,695.0,2012.0,2011.0,2001.0
2020104060,ジェネロジテ,牡,田嶋弘幸,,コパノリッキー,2010106548,ワイズアンサー,2013104084,サウスヴィグラス,1996110138,宮田平,カタオカファーム,693.1,2010.0,2013.0,1996.0
2020106267,エイシンレゲンダ,牝,橋本忠明,,ダノンレジェンド,2010110102,エイシンリオ,2013103345,ロージズインメイ,000a010a10,平井克彦,栄進牧場,692.8,2010.0,2013.0,2000.0
2020103828,コステロアスール,牡,真島正徳,,ビーチパトロール,000a0141f9,プリメラアスール,2012102682,スペシャルウィーク,1995103211,アスール,石川栄一,692.8,2013.0,2012.0,1995.0
2020103122,レインボーウェザー,牝,倉富隆一,,ストロングリターン,2006102934,レーヌルネサンス,2015104301,ステイゴールド,1994108729,吉嗣浩隆,社台ファーム,691.9,2006.0,2015.0,1994.0
2020106911,メイショウギシオー,牡,有馬澄男,,ダイワメジャー,2001103114,メイショウスズラン,2007101659,キングカメハメハ,2001103460,松本好隆,三嶋牧場,691.0,2001.0,2007.0,2001.0
2020103776,エスカミーリョ,セ,佐藤茂,,エピファネイア,2010104155,サルスエラ,2005102611,マンハッタンカフェ,1998101554,本井寿幸,レイクヴィラファーム,690.3,2010.0,2005.0,1998.0
2020106155,モジャータルマエ,牡,斎藤誠,,ホッコータルマエ,2009100921,ウイニングティアラ,2008101389,マーベラスサンデー,1992103687,ＭＯＪＡ,清水スタッド,690.0,2009.0,2008.0,1992.0
2020105388,ドラゴングライダー,牡,辻野豊,,カリフォルニアクローム,000a012602,ラウブレック,000a01596d,Mr. Greeley,000a00213e,田頭勇貴,大作ステーブル,690.0,2011.0,2011.0,1992.0
2020104085,ボンドオブラヴ,牡,鈴木慎太,,キズナ,2010105827,ハイアーラヴ,000a011ffe,Sadler's Wells,000a00185d,広尾レース,木村秀則,690.0,2010.0,2002.0,1981.0
2020103425,レッドヴァジュラ,牡,池江泰寿,,ロードカナロア,2008103552,ジョリージョコンド,000a012fc7,Marju,000a001fb6,東京ホースレーシング,ノーザンファーム,690.0,2008.0,2008.0,1988.0
2020103863,ボールドライ,牡,植松則幸,,ラニ,2013110045,ラゴディラゴライ,2010104158,Pure Prize,000a011252,ファーストビジョン,大滝康晴,689.5,2013.0,2010.0,1998.0
2020104296,ネバーエバー,牡,伊藤和忍,,フリオーソ,2004106867,オウルインザダスク,2012104404,ゴールドアリュール,1999106689,松本光弘,静内山田牧場,688.4,2004.0,2012.0,1999.0
2020106874,グローバリスト,牡,酒井忍,,シニスターミニスター,000a011099,ジャポニウム,2014103583,ダノンシャンティ,2007105709,安原浩司,三嶋牧場,688.0,2003.0,2014.0,2007.0
2020103588,マテンロウナイト,牡,坂口智康,,モーリス,2011100655,プリモンディアル,2011104026,ディープインパクト,2002100816,寺田千代乃,ノーザンファーム,688.0,2011.0,2011.0,2002.0
2020104035,ネメシス,牝,野田忍,,バンブーエール,2003104100,ブラックスワン,2011106541,アジュディケーティング,000a000d5d,グリーンウッド（株,織田正敏,687.0,2003.0,2011.0,1987.0
2020107109,ジュタドール,牝,天間昭一,,メジロダイボサツ,2008102525,ポールウィン,2015100596,オルフェーヴル,2008102636,諸岡慶,北田剛,686.5,2008.0,2015.0,2008.0
2020106405,タガノロビンソン,牡,森澤友貴,,ジャスタウェイ,2009106461,ブリリアントライフ,2002102858,グラスワンダー,1995108676,八木昌司,杵臼牧場,686.0,2009.0,2002.0,1995.0
2020106391,タイセイスパート,牡,内田勝義,,ハーツクライ,2001103038,シャペロンルージュ,2004101886,サクラバクシンオー,1989108341,欠畑圭一,杵臼牧場,685.5,2001.0,2004.0,1989.0
2020102080,ベッラフロー,牝,錦見勇夫,,ビッグアーサー,2011103328,ナリタカサブランカ,2008103667,ディープインパクト,2002100816,錦見日出雄,広富牧場,685.3,2011.0,2008.0,2002.0
2020103741,ブレイヴァリーボス,牡,小国博行,,ダンカーク,000a012185,レッドイオ,2005101942,ゴールドアリュール,1999106689,佐藤良二,登別上水牧場,685.0,2006.0,2005.0,1999.0
2020100096,シルバーニードル,牡,横山保,,ゴールドシップ,2009102739,ブーケドロゼブルー,2007103535,ロージズインメイ,000a010a10,北原大史,加野牧場,684.8,2009.0,2007.0,2000.0
2020100591,ユウユウプレゼンス,牝,横山保,,ヤマカツエース,2012102774,プレゼンスブルー,2013102805,パイロ,000a01176a,北原大史,エムエム、ヤマダファーム,683.5,2012.0,2013.0,2005.0
2020101657,ヤマイチラブリー,牝,田中道夫,,ラブリーデイ,2010104298,ホリデイスクリーン,2006104607,フレンチデピュティ,000a00013a,（同）ＪＰＮ技研,白瀬盛雄,683.0,2010.0,2006.0,1992.0
2020104145,ダイユウファルクス,牡,錦見勇夫,,レッドファルクス,2011104416,ユメザンマイ,2008100246,フジキセキ,1992109618,大勇,グランド牧場,682.6,2011.0,2008.0,1992.0
2020101669,ワールドミッション,牡,田口輝彦,,エスポワールシチー,2005102837,ヒャクマンゴク,2008104208,ブラックタキシード,1996107315,（有）新生ファーム,新生ファーム,681.2,2005.0,2008.0,1996.0
2020106806,ヒーローエフエー,牡,國澤利照,,メイショウサムソン,2003102205,カリズマ,2009102624,アドマイヤムーン,2003102991,小橋亮太,ＨＡＲＵＮＯファーム,680.9,2003.0,2009.0,2003.0
2020104595,リュウノラプター,牡,齊藤敏,,イスラボニータ,2011103565,サクラジュノー,2002104426,サクラバクシンオー,1989108341,蓑島竜一,西村牧場,680.5,2011.0,2002.0,1989.0
2020102615,キアキア,牝,斉藤正弘,,ダノンレジェンド,2010110102,ジョウノノーブル,2006105443,キングカメハメハ,2001103460,高瀬真尚,桑原牧場桑原康裕,680.5,2010.0,2006.0,2001.0
2020106787,グレイソニック,牡,東眞市,,クリエイターII,000a013630,プリニア,2013104993,プリサイスエンド,000a00fe9b,酒井孝敏,日本中央競馬会日高育成牧場,679.8,2013.0,2013.0,1997.0
2020101984,エソラ,牡,平山真希,,メイショウボーラー,2001100650,クリノバンダイサン,2010102010,フレンチデピュティ,000a00013a,堀口晴男,日西牧場,679.0,2001.0,2010.0,1992.0
2020101070,バトルレジェンダ,牝,藤ヶ崎一,,ホッコータルマエ,2009100921,カラダダイヤモンド,2011101075,ステイゴールド,1994108729,安澤義三,清水牧場,678.8,2009.0,2011.0,1994.0
2020106620,ラージフィールド,セ,田中伸一,,マジェスティックウォリアー,000a011e9c,クールメアリー,2015103074,タイキシャトル,1994109686,蟹江知彦,チェスナットファーム,677.8,2005.0,2015.0,1994.0
2020105793,プレシャスストーン,牝,三宅直之,,ダノンバラード,2008103548,マイネプレセア,2011105191,マイネルラヴ,1995108558,ファーストビジョン,ビッグレッドファーム,677.3,2008.0,2011.0,1995.0
2020100928,ドゥーエニシング,牡,新井隆太,,ロジユニヴァース,2006103140,ベツァオバーン,2012104885,タニノギムレット,1999100226,（株）さくらコーポレ,ヒダカファーム,676.5,2006.0,2012.0,1999.0
2020102257,モズメルベイユ,牝,武井和実,,グランプリボス,2008103388,ジープルメリア,2013110013,ストリートセンス,000a0113a2,山邉浩,目黒牧場,675.5,2008.0,2013.0,2004.0
2020104316,ミヤビデロス,牡,藤ヶ崎一,,ディスクリートキャット,000a0113a1,ミヤビフィオーラ,2015105711,マンハッタンカフェ,1998101554,高井良隆男,静内山田牧場,675.1,2003.0,2015.0,1998.0
2020101617,ダビディ,牡,坂口義幸,,ホッコータルマエ,2009100921,イトハユリ,2011103699,ゼンノロブロイ,2000101517,田畑憲士,庄野牧場,674.3,2009.0,2011.0,2000.0
2020100520,ベルウッドミカサ,牡,手島勝利,,ビーチパトロール,000a0141f9,ステージスクール,000a0111fd,サンデーサイレンス,000a00033a,福岡隆史,山際牧場,673.9,2013.0,2002.0,1986.0
2020100523,ジョーシーゲル,牝,安部幸夫,,ヴィクトワールピサ,2007102923,ミスアイーカメ,2008103960,アグネスタキオン,1998101516,稲葉光昭,山際牧場,672.6,2007.0,2008.0,1998.0
2020106630,ヘウレシス,牝,茂木浩幸,,ロードカナロア,2008103552,アスティル,2014106075,ステイゴールド,1994108729,江馬由将,辻牧場,672.5,2008.0,2014.0,1994.0
2020106178,シェナクラウン,牡,冨田敏男,,ホッコータルマエ,2009100921,ピーチファービー,2015105249,ハードスパン,000a0116a1,冨田藤男,富田恭司,672.5,2009.0,2015.0,2004.0
2020100863,アルセリア,牝,林正人,,キズナ,2010105827,オウケンクイーン,2012109098,キングズベスト,000a0022d2,栗坂崇,中神牧場,671.2,2010.0,2012.0,1997.0
2020100068,レコパンマミー,牝,箕輪武,,コパノリッキー,2010106548,ドリーボンズレガシー,000a0117a4,Proud Citizen,000a0105b8,日下部敦,折手牧場,670.5,2010.0,2005.0,1999.0
2020102014,キタカラキタオペラ,牝,川田孝好,,ベーカバド,000a011dc0,シーエーユウカ,2008100286,フレンチデピュティ,000a00013a,阪田英裕,野島牧場,670.4,2007.0,2008.0,1992.0
2020103923,クリスプブリーズ,セ,菊川正達,,ディーマジェスティ,2013104704,ハイデフィニション,2005104192,アグネスデジタル,1997110025,コロンバスサークル,岡田スタッド,670.0,2013.0,2005.0,1997.0
2020104756,タマモメガジョッキ,牡,玉垣光章,,デクラレーションオブウォー,000a0136f6,チャームポット,2006102033,フジキセキ,1992109618,タマモ（株）,フジワラファーム,669.9,2009.0,2006.0,1992.0
2020109087,プアラニ,牝,川田孝好,,デクラレーションオブウォー,000a0136f6,エルメスグリーン,2006105592,アグネスタキオン,1998101516,平野郁子,恵比寿興業株式会社那須野牧場,669.4,2009.0,2006.0,1998.0
2020101841,コントリビューター,牡,田中守,,ハービンジャー,000a011996,ベッラヴォーチェ,2010100680,アドマイヤムーン,2003102991,稲場澄,ダーレー・ジャパン・ファーム,668.5,2006.0,2010.0,2003.0
2020105666,アグニレディアンス,牝,吉田司,,アグニシャイン,2014105880,キンナリー,2014105869,ディープブリランテ,2009105084,古川忠一,ハクレイファーム,668.0,2014.0,2014.0,2009.0
2020102389,ルイーサ,牝,鷹見浩,,ニシケンモノノフ,2011105438,シーブルー,2006104954,マンハッタンカフェ,1998101554,江里口弘一郎,若林順一,668.0,2011.0,2006.0,1998.0
2020100065,タンバッフェ,牝,坂本和也,,リオンディーズ,2013105915,ラパージュ,2009101517,ダイワメジャー,2001103114,荻野憲夫,小野秀治,665.9,2013.0,2009.0,2001.0
2020104981,ハヌマーンビーチ,牡,鹿沼良和,,ビーチパトロール,000a0141f9,ネオイリュージョン,2006103384,ネオユニヴァース,2000101426,（有）総武開発,秋田牧場,665.4,2013.0,2006.0,2000.0
2020106034,アイアンストーン,牡,田村彰啓,,スズカコーズウェイ,2004104345,ラサンバ,000a011bb7,Orientate,000a010902,中西功,守矢牧場,665.3,2004.0,2004.0,1998.0
2020100801,サノノビスケッツ,牡,胡本友晴,,マインドユアビスケッツ,000a01392e,エスケイミネルバ,2012105938,メイショウボーラー,2001100650,ファーストビジョン,鮫川ファーム,665.1,2013.0,2012.0,2001.0
2020102341,テーオードリアン,牝,中道啓二,,ラブリーデイ,2010104298,メイショウネイロ,2011106546,ネオユニヴァース,2000101426,小笹公也,ヤナガワ牧場,665.0,2010.0,2011.0,2000.0
2020100038,ゴールデンレディー,牝,永田幸宏,,ヨハネスブルグ,000a0103b9,チャノカオリ,2015102288,ゴールドアリュール,1999106689,小野寺悠太,沖田忠幸,665.0,1999.0,2015.0,1999.0
2020103909,ジュレップスター,牝,九日俊光,,ダノンレジェンド,2010110102,タニノジュレップ,2005100234,コロナドズクエスト,000a0000b5,酒井孝敏,岡田スタッド,664.7,2010.0,2005.0,1995.0
2020105095,ベンデュガ,牡,倉富隆一,,シニスターミニスター,000a011099,バーバリアン,2014100308,マンハッタンカフェ,1998101554,（株）永翔苑,オリエント牧場,664.0,2003.0,2014.0,1998.0
2020100243,ランドティターン,牡,安達昭夫,,アドマイヤムーン,2003102991,リュンヌ,2007106768,クロフネ,1998110135,木村昌三,タガミファーム,664.0,2003.0,2007.0,1998.0
2020102022,サンエイゴロー,牡,畠山信一,,エスポワールシチー,2005102837,シルヴィルージュ,2008102969,アドマイヤコジーン,1996106512,鈴木雅俊,長谷部牧場,663.5,2005.0,2008.0,1996.0
2020104252,モナークスラッガー,牡,田島寿一,,ヤマカツエース,2012102774,レーヴマイハート,2013104712,ハービンジャー,000a011996,扇原毅士,静内酒井牧場,663.2,2012.0,2013.0,2006.0
2020103694,フォレスタドーロ,牝,武幸四郎,,モーリス,2011100655,ルールブリタニア,2013106109,ディープインパクト,2002100816,フィールドレーシング,ノーザンファーム,663.0,2011.0,2013.0,2002.0
2020107092,イチゴホイップ,牝,久保勇,,ストロングリターン,2006102934,ブリーズドゥース,2015104511,ヴィクトワールピサ,2007102923,篠塚和郎,浜本牧場,662.4,2006.0,2015.0,2007.0
2020101806,ツクヨミ,牡,佐藤祐司,,アドマイヤムーン,2003102991,サンデーミューズ,2007105711,アルカセット,2000190010,北原大史,ダーレー・ジャパン・ファーム,662.2,2003.0,2007.0,2000.0
2020105700,キタノファルコン,牡,高橋宏征,,タリスマニック,000a013425,ソフィーズローズ,1999106767,ナリタブライアン,1991108889,北所拓也,浜口牧場,661.2,2013.0,1999.0,1991.0
2020101497,アンディジェン,牡,竹下太,,プレティオラス,2009102405,デラセーラ,2008110116,Maria's Mon,000a002285,吉川真ノ介,サンシャイン牧場,661.2,2009.0,2008.0,1993.0
2020105257,ハレノチアラシ,牡,桧森邦夫,,セイントアレックス,2007110008,レッドベリル,2004103069,スペシャルウィーク,1995103211,木村薫,渋谷牧場,661.0,2007.0,2004.0,1995.0
2020106883,ブラックデコ,牝,尾関知人,,シルバーステート,2013105903,デコラス,2014106230,タートルボウル,000a012045,林正道,三嶋牧場,660.0,2013.0,2014.0,2002.0
2020103599,ヴィラーゴスリーブ,牝,高橋一哉,,リアルスティール,2012104889,ベルスリーブ,2005102620,シンボリクリスエス,1999110099,サンデーレーシング,ノーザンファーム,660.0,2012.0,2005.0,1999.0
2020100413,キスオンザビーチ,牝,山崎裕也,,ビーチパトロール,000a0141f9,ダイワネーブル,2013105690,ダイワメジャー,2001103114,吉田千津,前田ファーム,659.0,2013.0,2013.0,2001.0
2020101444,イザワン,牡,沖田明子,,カレンブラックヒル,2009106230,ジュモット,2012101953,ファスリエフ,000a00fc4c,伊藤永二郎,クリアファーム,658.1,2009.0,2012.0,1997.0
2020102030,ショウサンレックス,牡,立花伸,,フリオーソ,2004106867,ユーステイアウェイ,2015106497,ゴールドアリュール,1999106689,鈴木昭和,原田ファーム,658.0,2004.0,2015.0,1999.0
2020105509,ダバイグラスノスチ,牡,竹下太,,マスクゾロ,2011110069,レイズアセイル,2011103931,ハーツクライ,2001103038,本城,長浜忠,657.4,2011.0,2011.0,2001.0
2020105116,ウィスティンガー,牡,藤田正治,,タイセイレジェンド,2007103199,タイセイビビッド,2015105071,ヴィクトワールピサ,2007102923,組）リノレーシング,柏木一則,655.5,2007.0,2015.0,2007.0
2020103314,カレンパンピナップ,牡,新子雅司,,デクラレーションオブウォー,000a0136f6,カレンオプシス,2012104775,サムライハート,2002100996,鈴木隆司,ノーザンファーム,655.5,2009.0,2012.0,2002.0
2020101051,スマイルポピー,牝,佐々木功,,ラニ,2013110045,スマイルビジン,2006103995,ゴールドヘイロー,1997101264,橋本久和,川向高橋育成牧場,655.5,2013.0,2006.0,1997.0
2020105918,ノースハマナス,牝,三野宮通,,ベストウォーリア,2010110127,ウィステリアカフナ,2011105334,スペシャルウィーク,1995103211,爲永良弘,村上欽哉,655.4,2010.0,2011.0,1995.0
2020102622,メイショウベニバナ,牝,長谷川忍,,ビーチパトロール,000a0141f9,リボルトレイダー,2008100903,ワイルドラッシュ,000a0003a1,川上和彦,笹川大晃牧場,655.3,2013.0,2008.0,1994.0
2020106879,ニチリン,牝,栗田裕光,,ディープブリランテ,2009105084,タフネスデジタル,2006101032,アグネスデジタル,1997110025,,三嶋牧場,655.0,2009.0,2006.0,1997.0
2020105451,スプライト,牝,倉地学,,トゥザワールド,2011103975,アミザクラ,2012106333,メイショウボーラー,2001100650,稲葉光昭,中地義次,655.0,2011.0,2012.0,2001.0
2020104920,ダンツターセル,牡,本田優,,マインドユアビスケッツ,000a01392e,プレシャスジェムズ,2007100277,シンボリクリスエス,1999110099,山元哲二,矢野牧場,655.0,2013.0,2007.0,1999.0
2020106569,ルヴァンモンスター,牡,鈴木勝文,,アジアエクスプレス,2011110091,ホウホウ,000a0138a4,Dylan Thomas,000a011072,河合明弘,谷川牧場,654.0,2011.0,2010.0,2003.0
2020101937,セイジグラット,牡,笹野博司,,ニシケンモノノフ,2011105438,ディスイズザライフ,2003105082,アグネスタキオン,1998101516,金田成基,中川欽一,653.8,2011.0,2003.0,1998.0
2020110006,オストファーレン,牡,今津博之,,Saxon Warrior,2015100991,Owaseyf,000a01a8e4,Medaglia d'Oro,000a010a65,桑田照夫,Owaseyf Syndicate,653.5,2015.0,2013.0,1999.0
2020100618,ラブバイオレット,牝,沖田明子,,ダノンレジェンド,2010110102,ハーツコンセンサス,2010104516,ハーツクライ,2001103038,内山一郎,荻伏三好ファーム,653.2,2010.0,2010.0,2001.0
2020103948,ツワモノ,牡,田島寿一,,ネオユニヴァース,2000101426,モトヒメ,2007100092,ショウナンカンプ,1998102595,川上和彦,岡田スタッド,652.9,2000.0,2007.0,1998.0
2020104735,キックアス,牡,海馬沢司,,パドトロワ,2007102760,ジェイケイカルミア,2011102500,キングカメハメハ,2001103460,福田達也,藤吉牧場,652.5,2007.0,2011.0,2001.0
2020104012,メイショウウナバラ,牡,永島太郎,,リアルインパクト,2008103244,ラタンペットロゼ,2011100430,ストーミングホーム,1998190003,松本好雄,岡田牧場,652.4,2008.0,2011.0,1998.0
2020100214,フォーウィンド,牡,高馬元紘,,ドレフォン,000a013b82,シャイニンオーラ,2008110028,キングカメハメハ,2001103460,（有）仁志工業,下屋敷牧場,651.7,2013.0,2008.0,2001.0
2020100087,タケノライコウ,牡,北村欣也,,ミッキーロケット,2013106099,ゴールドペンダント,2010101302,ゴールドヘイロー,1997101264,竹原孝昭,加野牧場,651.2,2013.0,2010.0,1997.0
2020103700,ルージュミシェル,牝,川島豊,,リオンディーズ,2013105915,レッドオリヴィア,2011103758,ジャングルポケット,1998101786,田口絢子,ノーザンファーム,651.0,2013.0,2011.0,1998.0
2020102628,ダルジェント,牡,今井輝和,,ルーラーシップ,2007103143,アルジャンテ,2013105998,ディープインパクト,2002100816,内山啓,社台コーポレーション白老ファーム,650.6,2007.0,2013.0,2002.0
2020106161,ホウショウマーニ,牝,藤川純,,ビーチパトロール,000a0141f9,ホウショウアマネ,2005110189,Unbridled's Song,000a002071,芳賀美知子,清水スタッド,650.5,2013.0,2005.0,1993.0
2020105182,グランダルメ,牝,真島正徳,,シビルウォー,2005102317,アルデュール,2008103014,フレンチデピュティ,000a00013a,西村健,コスモヴューファーム,650.0,2005.0,2008.0,1992.0
2020102471,ルックアップ,牡,橋本和馬,,ヴァンキッシュラン,2013105718,クルーズライナー,000a0139a2,Wild Event,000a0136c5,島川隆哉,エスティファーム,650.0,2013.0,2011.0,1993.0
2020106293,エイシンゼータ,牝,柳井宏之,,エイシンヒカリ,2011101273,ホームフロムオズ,000a011c6e,Pulpit,000a002133,江頭數義,栄進牧場,649.8,2011.0,2002.0,1994.0
2020101502,ティンドラ,牝,山崎尋美,,ノボジャック,1997110152,カウベル,2012103036,ワイルドラッシュ,000a0003a1,矢野琢也,サンバマウンテンファーム,648.8,1997.0,2012.0,1994.0
2020106028,キークラシック,牡,保利幸作,,コパノリチャード,2010106552,ゼーリムニル,2013100511,メイショウサムソン,2003102205,ＫＡＪＩＭＯＴＯホールディングス,守矢牧場,648.5,2010.0,2013.0,2003.0
2020102780,エアミュニュレ,牡,今津博之,,ハービンジャー,000a011996,エアマグダラ,2003102492,サンデーサイレンス,000a00033a,桑田照夫,社台ファーム,648.2,2006.0,2003.0,1986.0
2020101056,ハットリ,牡,岩崎真樹,,リアルスティール,2012104889,クナウ,2013101099,シンボリクリスエス,1999110099,プレディクトレーシング,北島牧場,648.2,2012.0,2013.0,1999.0
2020101701,ベストオーシャン,牡,鈴木正也,,ゼンノロブロイ,2000101517,ライジングネクスト,2007109303,マイネルセレクト,1999107196,新村順一,スウィングフィールド牧場,648.1,2000.0,2007.0,1999.0
2020101660,ケイパブル,牝,松島壽,,グランデッツァ,2009105989,キョウワゴールド,2007104309,キョウワアリシバ,1990109127,三岡有香,新生ファーム,647.7,2009.0,2007.0,1990.0
2020107214,コーリンラズベリー,牝,茶木太樹,,ヘニーヒューズ,000a011155,コーリンベリー,2011100069,サウスヴィグラス,1996110138,伊藤恵介,前谷武志,647.5,2003.0,2011.0,1996.0
2020104896,ホヌ,牡,玉井勝,,ホッコータルマエ,2009100921,スナークスマイル,2008105968,フレンチデピュティ,000a00013a,服部謙一,見上牧場,647.0,2009.0,2008.0,1992.0
2020103874,ロッカバラード,牡,稻田彰宏,,ダノンバラード,2008103548,エクスシア,2011104803,シニスターミニスター,000a011099,細川幸男,岡田スタッド,647.0,2008.0,2011.0,2003.0
2020100378,キョウエイカリーナ,牝,小沢宏次,,レーヴミストラル,2012104929,ディープスタイル,2015105554,ディープブリランテ,2009105084,田中晴夫,本桐牧場,647.0,2012.0,2015.0,2009.0
2020103319,アンタッチャブル,牡,後藤正義,,ハービンジャー,000a011996,ガラアフェアー,2009106387,ダイワメジャー,2001103114,本田恒雄,ノーザンファーム,646.2,2006.0,2009.0,2001.0
2020103294,クロニオス,牡,田島寿一,,ヘニーヒューズ,000a011155,オーシャンビーナス,2008103301,リンカーン,2000101561,鈴木昌樹,ノーザンファーム,646.0,2003.0,2008.0,2000.0
2020100338,アマレロフレイバー,牡,繁田健一,,キンシャサノキセキ,2003110212,レディパッション,2011101441,ネオユニヴァース,2000101426,尾田信夫,ヒサイファーム,646.0,2003.0,2011.0,2000.0
2020105362,ニシケンリターン,牝,別府真司,,ストロングリターン,2006102934,ゴールデンファレノ,2010106506,フジキセキ,1992109618,西森鶴,大栄牧場,645.6,2006.0,2010.0,1992.0
2020100901,ローザ,牝,櫻田康二,,ビッグアーサー,2011103328,ドゥラセア,2013105728,マンハッタンカフェ,1998101554,鶴谷義雄,バンブー牧場,645.3,2011.0,2013.0,1998.0
2020104336,ダオラダオラ,セ,宮川浩一,,ドレフォン,000a013b82,シェーネフラウ,2012103032,ゼンノロブロイ,2000101517,吉田一成,タイヘイ牧場,645.0,2013.0,2012.0,2000.0
2020103263,デリッサ,牝,村上頼章,,マジェスティックウォリアー,000a011e9c,ヴィータアレグリア,2011103811,ネオユニヴァース,2000101426,吉田和美,ノーザンファーム,645.0,2005.0,2011.0,2000.0
2020106276,ウオッカガール,牝,箕輪武,,アメリカンペイトリオット,000a013bba,エーシンオーレ,2010104650,キングヘイロー,1995104427,丹呉通孝,栄進牧場,644.5,2013.0,2010.0,1995.0
2020104391,ラトワール,牝,別府真司,,ダノンレジェンド,2010110102,マイカ,2007100209,シンボリクリスエス,1999110099,橋本富夫,武牧場,644.4,2010.0,2007.0,1999.0
2020105237,メロパール,牝,中道啓二,,キンシャサノキセキ,2003110212,エイシンピカデリー,2013110115,ハードスパン,000a0116a1,村上憲政,佐藤牧場,643.0,2003.0,2013.0,2004.0
2020100802,チョウウマクイク,牝,織田誠,,セレン,2005105680,ダーレームーン,2009102653,アドマイヤムーン,2003102991,丸山隆雄,鮫川ファーム,642.7,2005.0,2009.0,2003.0
2020105338,シヴァシン,牡,入口由美,,ワールドエース,2009106353,ナムラマドンナ,2013104666,サウスヴィグラス,1996110138,小橋亮太,武田寛治,642.5,2009.0,2013.0,1996.0
2020103660,ライジングホープ,牝,三野宮通,,リアルスティール,2012104889,ライジングクロス,000a011523,Cape Cross,000a0022ae,（株）アプエンテ,ノーザンファーム,642.5,2012.0,2003.0,1994.0
2020104617,ブルーリヴァーサル,牡,的場均,,ディープスカイ,2005101358,エフシア,2005100049,アグネスデジタル,1997110025,青山郁代,野表篤夫,642.0,2005.0,2005.0,1997.0
2020100675,フリューゲル,牡,沖田明子,,キンシャサノキセキ,2003110212,サダムフジコ,2013102892,クロフネ,1998110135,岩本武士,桑田牧場,641.9,2003.0,2013.0,1998.0
2020107213,グリューンヴァルト,牡,平松徳彦,,モンテロッソ,000a011b05,ハクシンライラック,2012106428,マーベラスサンデー,1992103687,柴原栄,川上牧場,641.5,2007.0,2012.0,1992.0
2020106436,シュペールミミ,牝,田中譲二,,サトノクラウン,2012104668,ウィアーワン,2011105948,アドマイヤジャパン,2002102324,ウエスト．フォレスト．ステイブル,グランデファーム,641.0,2012.0,2011.0,2002.0
2020102216,ジェムステート,牡,安部幸夫,,シルバーステート,2013105903,ラヴィオリ,2011100705,サクラバクシンオー,1989108341,梅ケ枝容晃,前野牧場,641.0,2013.0,2011.0,1989.0
2020100727,ヴァレンシアスノー,牝,吉井竜一,,ホッコータルマエ,2009100921,スノーピアサー,2012105863,マンハッタンカフェ,1998101554,上山泰憲,高昭牧場,640.0,2009.0,2012.0,1998.0
2020106363,ニシノソレガシ,セ,冨田敏男,,リーチザクラウン,2006102923,ニシノプレシャス,2012101706,ディープスカイ,2005101358,冨田藤男,ガーベラパークスタッド,639.5,2006.0,2012.0,2005.0
2020100191,ニシノメサイア,牝,小沢宏次,,ドゥラメンテ,2012104511,コズミックショア,2010110108,Elusive Quality,000a00231f,西山茂行,佐藤鉄也,639.5,2012.0,2010.0,1993.0
2020104807,スターハッスル,牡,小沢宏次,,スマートファルコン,2005100097,アールテンダネス,2008101716,クロフネ,1998110135,岡本育枝,へいはた牧場,639.0,2005.0,2008.0,1998.0
2020109002,エイシンゲッコウ,牡,佐藤雅彦,,エイシンヒカリ,2011101273,エイシンアクロン,2012102534,サウスヴィグラス,1996110138,鈴木克紀,荒谷牧場,637.7,2011.0,2012.0,1996.0
2020104249,ジャヌウブ,牝,小久保智,,アメリカンペイトリオット,000a013bba,ホットファッション,2004104666,スペシャルウィーク,1995103211,河合裕明,静内酒井牧場,637.5,2013.0,2004.0,1995.0
2020106521,エイシンヘーメラー,牝,入口由美,,エイシンヒカリ,2011101273,エイシンラトゥナ,2010110055,Exchange Rate,000a011433,北原大史,高村牧場,637.1,2011.0,2010.0,1997.0
2020106948,トップダイヤ,牡,橋本和馬,,トゥザグローリー,2007103265,トップルビー,2008101804,チーフベアハート,1993190010,宮内牧場,宮内牧場,636.5,2007.0,2008.0,1993.0
2020100884,アソス,牡,月岡健二,,ワールドエース,2009106353,エンプレスクー,2013103073,エンパイアメーカー,000a010542,中山牧場,中山牧場,636.5,2009.0,2013.0,2000.0
2020102338,クリムゾンレッド,牡,山口浩幸,,モンテロッソ,000a011b05,マコトスズラン,2000101565,サンデーサイレンス,000a00033a,山上和良,ヤナガワ牧場,636.4,2007.0,2000.0,1986.0
2020102071,マロンルピナス,牝,村田順一,,バゴ,2001190004,アルコシエロ,2009104066,ハーツクライ,2001103038,豊島愛子,広富牧場,636.3,2001.0,2009.0,2001.0
2020105659,キャンアイシング,牝,溝橋利喜,,ディスクリートキャット,000a0113a1,カクテルラウンジ,2005102429,タニノギムレット,1999100226,大田愛奈,ハクツ牧場,636.2,2003.0,2005.0,1999.0
2020109133,カシノスパイス,牡,古賀光範,,ロードバリオス,2005104227,ライトウェイレフト,000a012106,モンジュー,1996190001,柏木務,本田土寿,636.0,2005.0,2009.0,1996.0
2020105196,ウインフランシーズ,牝,水野善太,,ドゥラメンテ,2012104511,ウインリバティ,2011104724,ダンスインザダーク,1993109188,小橋亮太,コスモヴューファーム,635.8,2012.0,2011.0,1993.0
2020101436,クラキンカ,牡,佐藤祐司,,ジャングルポケット,1998101786,クラキンコ,2007105398,クラキングオー,1997106190,倉見利弘,倉見牧場,634.9,1998.0,2007.0,1997.0
2020106831,アシモトヨシ,牝,千葉博次,,マインドユアビスケッツ,000a01392e,リベラルタイプ,2016105074,ノヴェリスト,000a012230,南新宿商事（株）,松田牧場,634.7,2013.0,2016.0,2009.0
2020106854,ヴェロス,牝,内田勝義,,ブラックタイド,2001103312,アモーレヴォレ,2005106469,アグネスデジタル,1997110025,星野隆男,三嶋牧場,634.0,2001.0,2005.0,1997.0
2020106844,ウォーターフルール,牝,石橋守,,ゴールドアクター,2011105266,ピエナサクラ,2010105126,アグネスタキオン,1998101516,山岡正人,まるとみ冨岡牧場,633.0,2011.0,2010.0,1998.0
2020104715,オブリビッグマミー,牝,胡本友晴,,アポロソニック,2010110120,ミークレイチェル,2009103837,ネオユニヴァース,2000101426,岡田龍太郎,藤川ファーム,633.0,2010.0,2009.0,2000.0
2020104556,スマートヴィーヴル,牝,田中淳司,,ハーツクライ,2001103038,リトルブック,000a012100,Librettist,000a012055,（株）大川徹ホールデ,飛野牧場,633.0,2001.0,2008.0,2002.0
2020103207,リベイラパレス,牡,宮田敬介,,エピファネイア,2010104155,アドマイヤセプター,2008103077,キングカメハメハ,2001103460,サンデーレーシング,ノーザンファーム,633.0,2010.0,2008.0,2001.0
2020102405,アワビキング,牡,尾形和幸,,ルーラーシップ,2007103143,エンドレストライ,2011102201,ゼンノロブロイ,2000101517,陳立文,アスラン,633.0,2007.0,2011.0,2000.0
2020101623,ラブルパイル,牡,吉田正美,,ゴールドアクター,2011105266,スターライラック,2009102513,シニスターミニスター,000a011099,田頭勇貴,庄野牧場,633.0,2011.0,2009.0,2003.0
2020100405,ストームズエンド,牡,川島正一,,ダノンバラード,2008103548,オレンジローズ,2010103592,スウェプトオーヴァーボード,000a00fa34,東京Ｍｉｄｇａｒ,前田ファーム,633.0,2008.0,2010.0,1997.0
2020100637,フェアリーハイ,牝,大島静夫,,シャンハイボビー,000a0127e4,ハイリマイリ,2013102836,アドマイヤムーン,2003102991,北原大史,笠松牧場,632.7,2010.0,2013.0,2003.0
2020106842,アンミノレモン,牡,宮路洋一,,フリオーソ,2004106867,アンミ,2012105554,アッミラーレ,1997100569,小橋亮太,まるとみ冨岡牧場,632.0,2004.0,2012.0,1997.0
2020103401,エプルシャージュ,牡,森一誠,,Justify,000a013f2d,シャンパンルーム,000a014fce,Broken Vow,000a0101a0,サンデーレーシング,ノーザンファーム,632.0,2015.0,2014.0,1997.0
2020106033,ビッグボスマサムネ,牡,角田輝也,,エスケンデレヤ,000a012cc0,メロークーミス,2008104870,ダンスインザダーク,1993109188,塩澤正樹,守矢牧場,631.5,2007.0,2008.0,1993.0
2020104044,セザンブライト,牡,高橋純,,セレン,2005105680,ダイリュウアマゾン,2013104068,ベーカバド,000a011dc0,瀬山孝一,カタオカステーブル,631.2,2005.0,2013.0,2007.0
2020100647,ベアメイフェザー,牝,三宅直之,,ルースリンド,2001106791,アロマフレグランス,2011104159,ホワイトマズル,1990109700,小橋亮太,片田保,630.7,2001.0,2011.0,1990.0
2020101185,シャイニーセンス,牡,佐々木由,,ラブリーデイ,2010104298,ブライティアセンス,2014101591,ストリートセンス,000a0113a2,小林昌志,雅牧場,630.5,2010.0,2014.0,2004.0
2020103422,ジュエルピーチ,牝,西村真幸,,ハービンジャー,000a011996,ジュエルトウショウ,2009103937,アグネスタキオン,1998101516,山本剛士,ノーザンファーム,630.0,2006.0,2009.0,1998.0
2020103309,ビップクロエ,牝,松下武士,,シルバーステート,2013105903,カリズマティックゴールド,000a01116b,カリズマティック,000a00fa33,鈴木邦英,ノーザンファーム,630.0,2013.0,2003.0,1996.0
2020103237,サファイア,牝,辻野泰之,,ロードカナロア,2008103552,イサベル,2011103913,ディープインパクト,2002100816,近藤英子,ノーザンファーム,630.0,2008.0,2011.0,2002.0
2020103113,マランジュ,牝,田中克典,,ハービンジャー,000a011996,レッドマニッシュ,2010103781,シンボリクリスエス,1999110099,社台レースホース,社台ファーム,630.0,2006.0,2010.0,1999.0
2020102599,リトルミム,牝,上原博之,,ダイワメジャー,2001103114,リトルゲルダ,2009110133,Closing Argument,000a011594,栗山良子,追分ファーム,630.0,2001.0,2009.0,2002.0
2020102545,マテンロウプラウド,セ,松永幹夫,,ドゥラメンテ,2012104511,ウィズアミッション,2011110054,Danehill Dancer,000a002309,寺田千代乃,追分ファーム,630.0,2012.0,2011.0,1993.0
2020102049,ハウピア,牝,岡田稲男,,レッドファルクス,2011104416,タイヨウパフューム,2008106004,ジャングルポケット,1998101786,日高大洋牧場,日高大洋牧場,630.0,2011.0,2008.0,1998.0
2020100760,シルキーバローズ,牝,辻野泰之,,ブラックタイド,2001103312,エレイン,2011103598,キングカメハメハ,2001103460,猪熊広次,小島牧場,630.0,2001.0,2011.0,2001.0
2020104917,キャナルロックス,牡,齊藤敏,,キズナ,2010105827,ダンツカナリー,2010101879,フジキセキ,1992109618,角谷守正,矢野牧場,629.5,2010.0,2010.0,1992.0
2020101196,ヘイチャンプ,牝,渡邊貴光,,ロージズインメイ,000a010a10,サトノジュエル,2009103846,アグネスタキオン,1998101516,佐々木將吉,アイズスタッド,629.5,2000.0,2009.0,1998.0
2020102586,キールロワイヤル,牡,斉藤崇史,,ダイワメジャー,2001103114,ベルロワイヤル,000a012140,Val Royal,000a0120e9,Ｇ１レーシング,追分ファーム,629.0,2001.0,2008.0,1996.0
2020102794,バージャンフォース,牡,池田忠好,,ロードカナロア,2008103552,エバーブロッサム,2010103752,ディープインパクト,2002100816,小橋亮太,社台ファーム,628.7,2008.0,2010.0,2002.0
2020102251,キタノパッション,牝,佐々木由,,アジアエクスプレス,2011110091,ロマンスリップ,2009102493,ネオユニヴァース,2000101426,北所拓也,三輪牧場,628.7,2011.0,2009.0,2000.0
2020101389,ジャックトマメノキ,牡,金田一昌,,ノボジャック,1997110152,ファインドロップ,2004105702,サクラバクシンオー,1989108341,太田珠々子,北野澤勝廣,628.3,1997.0,2004.0,1989.0
2020110074,ハカイシン,牡,渡辺和雄,,Runhappy,000a014a1b,Elarose,000a01bce4,Storm Cat,000a001a98,各務正人,Chiyoda Farm,628.2,2012.0,2007.0,1983.0
2020105331,アルファエリザベス,牝,林正人,,キズナ,2010105827,ビバエルフ,2006106523,コロナドズクエスト,000a0000b5,近藤勝安,高瀬牧場,627.4,2010.0,2006.0,1995.0
2020101745,トクシーカグヤヒメ,牝,新井清重,,アドマイヤムーン,2003102991,クイーンベジタブル,2011100472,キングカメハメハ,2001103460,井手尾篤志,高山牧場,627.1,2003.0,2011.0,2001.0
2020103216,アスパルディーコ,牝,蛯名正義,,ブラックタイド,2001103312,アパパネ,2007103234,キングカメハメハ,2001103460,金子真人ホールディングス,ノーザンファーム,627.0,2001.0,2007.0,2001.0
2020103897,シュヴァルツナーガ,牝,藪口一麻,,ビーチパトロール,000a0141f9,シチリアーナ,2005106279,メイショウオウドウ,1995101767,（有）総武開発,岡田スタッド,626.7,2013.0,2005.0,1995.0
2020100420,カンノンソラーレ,牡,角田輝也,,サトノクラウン,2012104668,バニラマカロン,2012104839,クロフネ,1998110135,伊藤とみ枝,前田ファーム,626.4,2012.0,2012.0,1998.0
2020100394,アプレイザー,牡,宇野木博,,オルフェーヴル,2008102636,アンティックドール,2006110004,Fusaichi Pegasus,000a0022cf,レックス,前川勝春,626.4,2008.0,2006.0,1997.0
2020104209,アンジュルミエール,牝,新田守,,ビッグアーサー,2011103328,ファビラスタイム,2009105923,シンボリクリスエス,1999110099,谷謙介,桜井牧場,625.8,2011.0,2009.0,1999.0
2020106708,タライロン,牡,黒田隆男,,ホッコータルマエ,2009100921,ハナショウブ,2007106004,マリエンバード,000a00fa36,（株）さくらコーポレ,ディアレストクラブ,625.1,2009.0,2007.0,1997.0
2020106005,タイセイラファーガ,牡,後藤佑耶,,ホッコータルマエ,2009100921,クライオブザソウル,2015100901,ハーツクライ,2001103038,田中成奉,村田牧場,624.6,2009.0,2015.0,2001.0
2020105286,ポルトディタリー,牡,久保杉隆,,メイショウサムソン,2003102205,オーガストウェイ,2008102807,アグネスタキオン,1998101516,（株）さくらコーポレ,スカイビーチステーブル,624.5,2003.0,2008.0,1998.0
2020105587,マノレア,牝,松平幸秀,,ゴールドシップ,2009102739,ガンダーラプソディ,2000105052,ジェイドロバリー,000a0001a7,土井久美子,錦岡牧場,624.1,2009.0,2000.0,1987.0
2020106792,サムイフレイバー,牡,月岡健二,,ディスクリートキャット,000a0113a1,スラリーアイス,2012105480,オレハマッテルゼ,2000101550,尾田信夫,信岡牧場,624.0,2003.0,2012.0,2000.0
2020106822,ウインペルセ,牡,佐藤茂,,トゥザワールド,2011103975,インフィジャール,2009100726,ステイゴールド,1994108729,大谷昌裕,福田牧場,623.0,2011.0,2009.0,1994.0
2020102635,エーテルノカゼ,牝,八木正喜,,レッドファルクス,2011104416,エインセル,2010103871,メイショウサムソン,2003102205,皆川なほ子,社台コーポレーション白老ファーム,623.0,2011.0,2010.0,2003.0
2020101158,ビービーラドン,牝,別府真司,,グレーターロンドン,2012101402,レッドボナンザ,2006103451,キングカメハメハ,2001103460,（有）坂東牧場,坂東牧場,622.5,2012.0,2006.0,2001.0
2020100565,クールビッグスター,牡,有馬澄男,,ビッグアーサー,2011103328,クールジョジョ,2011100494,ステイゴールド,1994108729,川上啓太,市川ファーム,622.1,2011.0,2011.0,1994.0
2020103110,ウィンクルティアラ,牝,高橋純,,ノヴェリスト,000a012230,レッドカチューシャ,2010103830,ディープインパクト,2002100816,岩渕道良,社台ファーム,621.2,2009.0,2010.0,2002.0
2020104244,フィッシュポンド,牡,中西達也,,ロードカナロア,2008103552,ラヴァズアゲイン,2009100020,ファルブラヴ,1998190004,岡浩二,サンデーヒルズ,621.0,2008.0,2009.0,1998.0
2020110129,ジオッコピアノ,牡,田中博康,,Justify,000a013f2d,Haddie Be Good,000a01c075,Silver Deputy,000a001fa3,吉田和美,Craig B. Singer,620.0,2015.0,2003.0,1985.0
2020106566,エルチェリーナ,牝,高野友和,,ハービンジャー,000a011996,ファンディーナ,2014103309,ディープインパクト,2002100816,ターフ・スポート,谷川牧場,620.0,2006.0,2014.0,2002.0
2020105107,ゼンダンゴクウ,牡,飯田雄三,,ルーラーシップ,2007103143,キョウワジャンヌ,2008104415,ハーツクライ,2001103038,ゼンレーシング,鹿児島国際ゴルフ倶楽部協和牧場,620.0,2007.0,2008.0,2001.0
2020104097,スーパーファルコン,牡,川島正一,,スマートファルコン,2005100097,モアスマイル,2005100579,ホワイトマズル,1990109700,田代實夫,久保秀雄,620.0,2005.0,2005.0,1990.0
2020102321,テーオーヴァイナー,牡,藤岡健一,,ビッグアーサー,2011103328,セイリングデイ,2012106356,ブラックタイド,2001103312,小笹公也,ヤナガワ牧場,620.0,2011.0,2012.0,2001.0
2020101869,エレガントギフト,牝,千田輝彦,,ディープインパクト,2002100816,ジュエルメーカー,2012103730,エンパイアメーカー,000a010542,長谷川祐司,チャンピオンズファーム,620.0,2002.0,2012.0,2000.0
2020101758,トーホウレーゲン,牡,石坂公一,,フリオーソ,2004106867,トーホウアスティ,2012103712,フレンチデピュティ,000a00013a,東豊物産,竹島幸治,620.0,2004.0,2012.0,1992.0
2020101140,シルバージュエリー,牝,加藤士津,,シルバーステート,2013105903,ビジュートウショウ,2011102310,ディープスカイ,2005101358,Ｇ１レーシング,坂東牧場,620.0,2013.0,2011.0,2005.0
2020100546,グローフォース,牝,上杉昌宏,,コパノリッキー,2010106548,オーネットサクセス,2010101761,アドマイヤボス,1997103699,醍醐伸之,レースホース牧場,620.0,2010.0,2010.0,1997.0
2020100343,ジュンフシナ,牡,中舘英二,,エピファネイア,2010104155,アルフィルク,2009106216,アグネスタキオン,1998101516,河合純二,平野牧場,620.0,2010.0,2009.0,1998.0
2020101023,ラマジ,牝,鈴木正也,,マジェスティックウォリアー,000a011e9c,エンジェルドンキ,2014105077,ディープインパクト,2002100816,隅山桂治,ＡＳＫＳＴＵＤ,619.4,2005.0,2014.0,2002.0
2020101141,ビップピュアエース,牝,小村正也,,エピファネイア,2010104155,ビップピュアレディ,2007103328,フジキセキ,1992109618,（株）ＴＫＫ,坂東牧場,618.3,2010.0,2007.0,1992.0
2020102686,ユニコ,牝,新井隆太,,イスラボニータ,2011103565,デコレイト,2009106600,スペシャルウィーク,1995103211,木村益生,社台コーポレーション白老ファーム,618.1,2011.0,2009.0,1995.0
2020105695,シンキングサベージ,牡,今井輝和,,ハービンジャー,000a011996,カラエ,2011104102,キングカメハメハ,2001103460,佐藤雄司,浜口牧場,618.0,2006.0,2011.0,2001.0
2020100115,キュールエスグリ,牝,中塚猛,,ホッコータルマエ,2009100921,キュールエアリス,2010104528,ウォーエンブレム,000a00fa35,岡本良三,木下牧場,617.0,2009.0,2010.0,1999.0
2020101394,フェルドランス,牡,鈴木慎太,,ワールドエース,2009106353,ラレンヌ,2010100889,ルールオブロー,000a010d7d,木部厳生,木部ファーム,616.8,2009.0,2010.0,2001.0
2020100763,ベロニカブレイン,牝,及川良春,,アドマイヤムーン,2003102991,ドゥーアール,2013102119,サウスヴィグラス,1996110138,高橋誠,小島牧場,616.2,2003.0,2013.0,1996.0
2020101936,コンバットアンジュ,牝,三野宮通,,バゴ,2001190004,サルガッソ,2012103645,ハービンジャー,000a011996,山根義信,中川欽一,616.1,2001.0,2012.0,2006.0
2020101321,ヴェニスクィーン,牝,織田誠,,ネロ,2011103722,インフィニティ,2013100254,カジノドライヴ,2005110112,沖田方子,沖田牧場,615.6,2011.0,2013.0,2005.0
2020100216,ポッドゲイン,牡,栗本陽一,,リアルインパクト,2008103244,ポッドガゼール,2013101356,ドリームジャーニー,2004102753,ＡＨＣ（株）,下屋敷牧場,615.5,2008.0,2013.0,2004.0
2020102075,ジョリーハーモニー,牝,的場直之,,ホッコータルマエ,2009100921,ゴールドハーモニー,2008106028,ゴールドアリュール,1999106689,中山博,広富牧場,615.0,2009.0,2008.0,1999.0
2020101962,ショウナンハルカゼ,牝,九日俊光,,メイショウサムソン,2003102205,ショウナンタイリン,2006100328,キングカメハメハ,2001103460,山邉浩,中原牧場,614.9,2003.0,2006.0,2001.0
2020105859,セーヌウォーリア,牝,矢野義幸,,ベストウォーリア,2010110127,セーヌパリジャンヌ,2008106754,ゴールドアリュール,1999106689,（有）総武開発,前川隆範,614.6,2010.0,2008.0,1999.0
2020106016,ロジメリオール,牡,九日俊光,,ロジユニヴァース,2006103140,メリオール,2012100888,キングカメハメハ,2001103460,ＪＰＮ技研,村田牧場,614.1,2006.0,2012.0,2001.0
2020105287,グレイトインディ,牡,山中尊徳,,レーヴミストラル,2012104929,ピンロックリー,000a010a99,A.P. Indy,000a001d37,大越徹朗,スカイビーチステーブル,613.4,2012.0,2001.0,1989.0
2020103283,エルディアナ,牝,塚田隆男,,ハービンジャー,000a011996,エルディアマンテ,2015104892,キングカメハメハ,2001103460,酒井孝敏,ノーザンファーム,613.2,2006.0,2015.0,2001.0
2020102910,ハイクライテリア,セ,羽月友彦,,ヴィクトワールピサ,2007102923,ストロボフラッシュ,2013110097,Speightstown,000a011200,ライオンレースホース,社台ファーム,612.8,2007.0,2013.0,1998.0
2020100302,アルフェニン,牝,田村彰啓,,ラニ,2013110045,ラバニーユ,2012102422,クロフネ,1998110135,曽和直栄,土居牧場,612.6,2013.0,2012.0,1998.0
2020103481,カズボニファシオ,牡,沖田明子,,サトノダイヤモンド,2013106101,ティッカーコード,2012104719,Giant's Causeway,000a0022e1,岡田孝之,ノーザンファーム,611.8,2013.0,2012.0,1997.0
2020100614,ミオソフィア,牝,中川雅之,,トビーズコーナー,000a011fed,ソレイユフルール,2014100691,マツリダゴッホ,2003104570,荻伏服部牧場,荻伏服部牧場,611.7,2008.0,2014.0,2003.0
2020106643,イッツアンドレア,牡,内田勝義,,ミッキーアイル,2011103916,カカリア,2011102954,ヨハネスブルグ,000a0103b9,大志総合企画,辻牧場,611.0,2011.0,2011.0,1999.0
2020106053,バーニングウインド,牡,齊藤敏,,トーセンラー,2008102985,バーニングハート,2010105061,ストラヴィンスキー,000a00fa41,吉田好雄,山岡牧場,611.0,2008.0,2010.0,1996.0
2020100204,ダールフルート,牡,高木登,,エピファネイア,2010104155,ルタンデスリーズ,2009101564,サクラバクシンオー,1989108341,ヒダカ・ブリーダーズ・ユニオン,嶋田牧場,610.0,2010.0,2009.0,1989.0
2020107002,バクシーシ,牡,橋本和馬,,トゥザグローリー,2007103265,コスモメソッド,2014100673,ヴィクトワールピサ,2007102923,和田博美,山口義彦,609.7,2007.0,2014.0,2007.0
2020104182,クリスプオブウォー,牡,佐々木清,,デクラレーションオブウォー,000a0136f6,モフモフ,2011101979,サウスヴィグラス,1996110138,村上憲政,坂本健一,609.6,2009.0,2011.0,1996.0
2020106665,テマリ,牝,武井和実,,マジェスティックウォリアー,000a011e9c,テンテマリ,2011105901,スズカフェニックス,2002107011,酒井孝敏,辻牧場,609.5,2005.0,2011.0,2002.0
2020105352,ホルス,牡,北村欣也,,スマートファルコン,2005100097,ヴェルサイユパーク,2011104867,チチカステナンゴ,000a011135,藤木隆之,タニグチ牧場,609.4,2005.0,2011.0,1998.0
2020104498,シゲルタイムフライ,牡,赤嶺亮,,マインドユアビスケッツ,000a01392e,トップオブザヒル,2004104696,フレンチデピュティ,000a00013a,内海雅之,千代田牧場,608.5,2013.0,2004.0,1992.0
2020101677,エーティータキオン,牡,的場均,,デクラレーションオブウォー,000a0136f6,アドマイヤオウカ,2009106410,シンボリクリスエス,1999110099,小澤徳定,シンボリ牧場,607.6,2009.0,2009.0,1999.0
2020102901,ヴィナクローナ,牡,田中譲二,,サトノクラウン,2012104668,スクラッタ,2013105408,キングカメハメハ,2001103460,西岡透,社台ファーム,607.5,2012.0,2013.0,2001.0
2020101255,フロリダフォンテン,牝,井上弘之,,レッドファルクス,2011104416,マドンナフォンテン,2010100178,ルールオブロー,000a010d7d,吉橋興生,新井弘幸,607.5,2011.0,2010.0,2001.0
2020100125,ロンギングマドンナ,牝,的場直之,,スズカコーズウェイ,2004104345,アースエマーブル,2009101509,キングヘイロー,1995104427,坂本浩一,グローリーファーム,607.5,2004.0,2009.0,1995.0
2020106845,メイショウバラッド,牝,永島太郎,,ダノンバラード,2008103548,ピエナマーメイド,2002103279,タイキシャトル,1994109686,松本好雄,まるとみ冨岡牧場,606.0,2008.0,2002.0,1994.0
2020100703,メイショウカジキ,牡,大塚信次,,メイショウボーラー,2001100650,アグネスマクシム,2012104110,アグネスデジタル,1997110025,大黒富美子,高昭牧場,606.0,2001.0,2012.0,1997.0
2020101625,エストラーダ,セ,井手上慎,,ハービンジャー,000a011996,ヴェルーテ,2009104517,ディープインパクト,2002100816,田口順子,白井牧場,605.6,2006.0,2009.0,2002.0
2020100567,エムティヒビキ,牡,佐藤敏彦,,レガーロ,2013105464,スパートル,2007101913,ゼンノロブロイ,2000101517,遠藤喜和,市川ファーム,605.6,2013.0,2007.0,2000.0
2020105762,ファイナルワンダー,牡,田島寿一,,グラスワンダー,1995108676,サトノフェアリー,2010104164,ディープインパクト,2002100816,川上和彦,ビッグレッドファーム,605.1,1995.0,2010.0,2002.0
2020101965,レディバローズ,牝,奥村武,,ロゴタイプ,2010103783,ダイアナバローズ,2006103964,シンボリクリスエス,1999110099,猪熊広次,中原牧場,605.0,2010.0,2006.0,1999.0
2020100114,ヨシノミッチー,牡,酒井忍,,ジョーカプチーノ,2006100529,ロバーブ,000a0116d2,Dubai Destination,000a010a60,茂木国久,木田牧場,605.0,2006.0,2005.0,1999.0
2020100384,メグ,牝,鹿沼良和,,ラブリーデイ,2010104298,ハロウィンパレード,2007105542,アグネスデジタル,1997110025,木村廣太,本桐牧場,604.5,2010.0,2007.0,1997.0
2020100092,リリーコレール,牝,工藤裕孝,,トゥザワールド,2011103975,ブリリアントロビン,2010101300,プリサイスエンド,000a00fe9b,鈴木正浩,加野牧場,604.1,2011.0,2010.0,1997.0
2020106857,アフロビート,牡,迫田清美,,ドレフォン,000a013b82,アーマンディ,2013102349,ダイワメジャー,2001103114,（同）ＪＰＮ技研,三嶋牧場,603.6,2013.0,2013.0,2001.0
2020103993,オーシンエンジェル,牡,小牧毅,,ディスクリートキャット,000a0113a1,タマモホットポット,2012105296,キンシャサノキセキ,2003110212,大田慎治,岡田牧場,603.4,2003.0,2012.0,2003.0
2020104122,アンプレッセシチー,牡,田中譲二,,アジアエクスプレス,2011110091,トゥービーハッピー,2010110021,Bernardini,000a0111fe,（同）ＪＰＮ技研,グランド牧場,603.0,2011.0,2010.0,2003.0
2020102758,ソブリンルーラー,セ,渡邊貴光,,ルーラーシップ,2007103143,アーバンレジェンド,2010103866,アグネスタキオン,1998101516,横田一男,社台ファーム,603.0,2007.0,2010.0,1998.0
2020106315,シャンドゥルン,牝,水野善太,,トゥザグローリー,2007103265,ワールドオンライン,2014103090,プリサイスエンド,000a00fe9b,戸部昌洋,小倉牧場,602.2,2007.0,2014.0,1997.0
2020101859,モモロイヤル,牝,長倉功,,キズナ,2010105827,アイリーグレイ,2012103729,クロフネ,1998110135,ニッシンホールディングス,チャンピオンズファーム,602.1,2010.0,2012.0,1998.0
2020102812,ビューティフルベル,牝,蛯名雄太,,シビルウォー,2005102317,オーバーレイ,2014105626,ダイワメジャー,2001103114,吉田照哉,社台ファーム,601.5,2005.0,2014.0,2001.0
2020101160,イロゴノミ,牡,伊藤勝己,,ジャングルポケット,1998101786,イロジカケ,2012100787,クロフネ,1998110135,内田玄祥,びらとり牧場,601.2,1998.0,2012.0,1998.0
2020105844,ロジェ,牝,栗本陽一,,ベストウォーリア,2010110127,フェスティヴレディ,2007104965,ブライアンズタイム,000a000082,川崎賢二,北星村田牧場,601.1,2010.0,2007.0,1985.0
2020105200,ステキナココロ,牡,工藤裕孝,,スピルバーグ,2009105961,ココロチラリ,2009106012,エアジハード,1995107978,小笠原岳,コスモヴューファーム,601.0,2009.0,2009.0,1995.0
2020106803,メイショウフェリオ,牝,武井和実,,エイシンヒカリ,2011101273,メイショウキズナ,2010104485,チチカステナンゴ,000a011135,北原大史,林孝輝,600.9,2011.0,2010.0,1998.0
2020102109,デルマカタスカシ,牝,坂本昇,,オーシャンブルー,2008102978,デルマノママナノダ,2011104292,ハイアーゲーム,2001103160,浅沼廣幸,ファニーヒルファーム,600.7,2008.0,2011.0,2001.0
2020101239,リヨン,牝,川田孝好,,マインドユアビスケッツ,000a01392e,シンギングセンセーション,000a011e2f,コロナドズクエスト,000a0000b5,（株）玄柑舎,新井昭二,600.4,2013.0,2004.0,1995.0
2020105199,ウイントルヴェール,牡,庄子昭彦,,ダノンバラード,2008103548,キャッシュインクルーデッド,000a011170,Include,000a010906,酒井孝敏,コスモヴューファーム,600.3,2008.0,2004.0,1997.0
2020103968,オマタセシマシタ,牝,川島正一,,ジャングルポケット,1998101786,ハロウィーン,2001104268,エルコンドルパサー,1995108742,村上卓史,岡田猛,600.3,1998.0,2001.0,1995.0
2020100873,シテイタイケツ,牡,迫田清美,,バゴ,2001190004,サットー,2011102247,ステイゴールド,1994108729,（同）ＪＰＮ技研,中村雅明,600.0,2001.0,2011.0,1994.0
2020103788,デイライト,セ,小椋研介,,モーリス,2011100655,プントバンコ,2008100285,フジキセキ,1992109618,盛学志,レイクヴィラファーム,599.0,2011.0,2008.0,1992.0
2020106742,ギリギリチョップ,牡,雑賀正光,,タリスマニック,000a013425,オースミフブキ,2011103208,マンハッタンカフェ,1998101554,風早信昭,富菜牧場,598.0,2013.0,2011.0,1998.0
2020104696,ダンストンムート,牝,野口孝,,シニスターミニスター,000a011099,レークサイドカフェ,2007102980,マンハッタンカフェ,1998101554,伊藤治子,原ファーム,598.0,2003.0,2007.0,1998.0
2020104516,サクラトップクリス,牝,渡邉和雄,,エピファネイア,2010104155,ブルーブラッド,2014102178,Dubawi,000a0115e2,櫻井秀樹,千代田牧場,598.0,2010.0,2014.0,2002.0
2020102855,エリカキルシェ,牝,宮田敬介,,マインドユアビスケッツ,000a01392e,ゴルトキルシェ,2015104411,ステイゴールド,1994108729,三木正浩,社台ファーム,598.0,2013.0,2015.0,1994.0
2020101476,リュウノインパルス,牡,野口孝,,ビッグアーサー,2011103328,キャンベルイモン,2006105170,バブルガムフェロー,1993109219,蓑島竜一,坂牧場,597.7,2011.0,2006.0,1993.0
2020106117,ハーピーレックス,牡,佐々木仁,,ビーチパトロール,000a0141f9,ミルファンティ,2012104435,クロフネ,1998110135,小林伸幸,寺井文秀,597.5,2013.0,2012.0,1998.0
2020104962,カリスマタイクーン,牡,田中伸一,,ロゴタイプ,2010103783,プラスドピラミッド,2014105731,ヴィクトワールピサ,2007102923,蟹江知彦,奥山牧場,596.0,2010.0,2014.0,2007.0
2020102284,ストレート,牝,千葉博次,,フリオーソ,2004106867,ポンデュガール,2002105590,フォーティナイナー,000a000134,谷謙介,門別敏朗,594.1,2004.0,2002.0,1985.0
2020102239,エスプリアカボシ,牡,澤佳宏,,ゴールドアクター,2011105266,アドヴァンテージ,2013100973,タニノギムレット,1999100226,依田泰雄,三輪幸子,594.0,2011.0,2013.0,1999.0
2020106939,フクフクテンテン,牝,甲田悟史,,ダンカーク,000a012185,サーストンララア,2010104139,キングカメハメハ,2001103460,欠畑圭一,宮内牧場,593.5,2006.0,2010.0,2001.0
2020104633,キーオブハート,牝,高馬元紘,,キンシャサノキセキ,2003110212,キャントミス,000a013ebb,Congrats,000a010687,（有）仁志工業,橋本牧場,592.9,2003.0,2012.0,2000.0
2020104475,ジャズピアニスト,牝,小久保智,,レッドファルクス,2011104416,サトノサクラ,2007100523,シンボリクリスエス,1999110099,小菅誠,千代田牧場,592.5,2011.0,2007.0,1999.0
2020103224,アレナル,牝,村上頼章,,ベストウォーリア,2010110127,アルフォンシーヌ,2002100981,サンデーサイレンス,000a00033a,吉田勝己,ノーザンファーム,592.5,2010.0,2002.0,1986.0
2020100951,ニジイロライン,牝,細川忠義,,レインボーライン,2013106183,プルーフオブライフ,2008105369,Vindication,000a010544,国田正忠,伏木田牧場,592.0,2013.0,2008.0,2000.0
2020102729,ナリノビスケッツ,牝,内田勝義,,マインドユアビスケッツ,000a01392e,レッツサッチャー,2011104463,フレンチデピュティ,000a00013a,成塚清志,社台コーポレーション白老ファーム,591.7,2013.0,2011.0,1992.0
2020101383,イダテンターボ,牡,石川浩文,,フリオーソ,2004106867,クラウディア,2008106478,マンハッタンカフェ,1998101554,藤木隆之,北田剛,591.6,2004.0,2008.0,1998.0
2020101596,フィリピーヌ,牝,福永敏,,ブラックタイド,2001103312,ペケジェイ,2003106102,Tiznow,000a00fa4b,下河辺牧場,下河辺牧場,591.5,2001.0,2003.0,1997.0
2020105840,インベンション,牝,長谷川忍,,カレンブラックヒル,2009106230,キャットストリート,2003102759,クロフネ,1998110135,米津佳昭,北星村田牧場,590.5,2009.0,2003.0,1998.0
2020104499,チアーズ,牝,宗像義忠,,ルーラーシップ,2007103143,トレンドハンター,2008100618,マンハッタンカフェ,1998101554,飯田正剛,千代田牧場,590.5,2007.0,2008.0,1998.0
2020105264,リックトラチャン,牝,森山英雄,,トゥザワールド,2011103975,スカイプラネット,2008104350,ネオユニヴァース,2000101426,山邉浩,シンカンファーム,589.5,2011.0,2008.0,2000.0
2020106273,アメリカンライト,牝,関本浩司,,アメリカンペイトリオット,000a013bba,エルヴィエント,2008103032,ワイルドラッシュ,000a0003a1,小橋亮太,栄進牧場,589.1,2013.0,2008.0,1994.0
2020104994,ソルレベンテ,牝,植松則幸,,スピルバーグ,2009105961,エメラルドクイーン,2013104095,トワイニング,000a000006,伊藤雅康,アサヒ牧場,586.9,2009.0,2013.0,1991.0
2020104371,マジカルモーション,牡,山田徹,,マジェスティックウォリアー,000a011e9c,ビーウィッチド,2012104054,ハービンジャー,000a011996,横田秀明,高橋ファーム,586.7,2005.0,2012.0,2006.0
2020102553,スヴニールデジール,牡,横井将人,,ハーツクライ,2001103038,ゴールディーエスポニー,000a013db5,Vespone,000a013be6,西岡透,追分ファーム,586.3,2001.0,2011.0,2000.0
2020104713,リュウノタイガー,牡,北村欣也,,スズカコーズウェイ,2004104345,プリモカラーズ,2006100954,アグネスタキオン,1998101516,蓑島竜一,藤川ファーム,586.2,2004.0,2006.0,1998.0
2020110093,ドナスウェット,牝,武井和実,,Justify,000a013f2d,No Sweat,000a01bce6,Blame,000a0122f4,小川眞査雄,Ashview Farm & Colts Neck Stables,586.0,2015.0,2014.0,2006.0
2020101146,ガルヴァニック,牝,村田順一,,エピファネイア,2010104155,ポケットチャーリー,2013105473,ジャングルポケット,1998101786,山邉浩,坂東牧場,586.0,2010.0,2013.0,1998.0
2020106923,ミカヅキ,牝,土井道隆,,ルーラーシップ,2007103143,ユイフィーユ,2014103546,ディープインパクト,2002100816,西村健作,三嶋牧場,585.3,2007.0,2014.0,2002.0
2020106055,アナザームーン,牡,齊藤敏,,トーセンラー,2008102985,ムーンライトソナタ,1999107173,サクラバクシンオー,1989108341,吉田好雄,山岡牧場,585.0,2008.0,1999.0,1989.0
2020109097,ハスノミ,牡,原口次夫,,マインドユアビスケッツ,000a01392e,ロータスクイーン,2015110089,Blame,000a0122f4,上野孝展,恵比寿興業株式会社那須野牧場,584.8,2013.0,2015.0,2006.0
2020100091,ビッグシシールーフ,牝,伊藤和,,グランプリボス,2008103388,フジノドラマ,2012102266,フォーティナイナーズサン,000a011227,大屋高広,加野牧場,584.0,2008.0,2012.0,2001.0
2020107015,メイショウボンゴチ,牡,玉井勝,,メイショウボーラー,2001100650,メイショウフロリナ,2007101564,クロフネ,1998110135,（有）総武開発,中脇一幸,583.7,2001.0,2007.0,1998.0
2020102368,リコーカービン,牝,久保秀男,,ミッキーアイル,2011103916,リコーシルエット,2010106201,サウスヴィグラス,1996110138,土橋正雄,リコーファーム,583.7,2011.0,2010.0,1996.0
2020101464,サンベルベッド,牡,五十嵐冬,,セイントアレックス,2007110008,ティーゲット,2013103413,ゼンノロブロイ,2000101517,加藤ステーブル,ケイズ,583.3,2007.0,2013.0,2000.0
2020103654,マローディープ,セ,及川良春,,スクリーンヒーロー,2004103328,モルジアナ,2012104626,Dubawi,000a0115e2,吉田啓,ノーザンファーム,583.1,2004.0,2012.0,2002.0
2020103816,コルテローザ,牝,大山寿文,,エキストラエンド,2009105771,ベリンダジーク,2014105055,ハービンジャー,000a011996,谷口祐人,アフリートファーム,583.0,2009.0,2014.0,2006.0
2020101742,メイショウカガ,牡,高柳瑞樹,,シルバーステート,2013105903,メイショウデンコー,2000106199,ジェイドロバリー,000a0001a7,松本好雄,高柳隆男,583.0,2013.0,2000.0,1987.0
2020101601,モダンフリンジ,牝,伊藤圭三,,リオンディーズ,2013105915,マーメイドティアラ,2009102448,シンボリクリスエス,1999110099,下河辺隆行,下河辺牧場,582.8,2013.0,2009.0,1999.0
2020100457,フルーヴ,牝,井手上慎,,ラブリーデイ,2010104298,ブルーロータス,2011104372,ディープインパクト,2002100816,北瀬浩,三石川上牧場,582.7,2010.0,2011.0,2002.0
2020100262,サンエスペランス,牡,菅原欣也,,レーヴミストラル,2012104929,ディアレイラ,1999105049,シャンハイ,000a000d73,小橋亮太,田中春美,582.4,2012.0,1999.0,1989.0
2020106043,トミサンペガサス,牝,村田六郎,,コパノリッキー,2010106548,ヴェルテュ,2009101637,ファスリエフ,000a00fc4c,高橋清彦,山岡ファーム,582.0,2010.0,2009.0,1997.0
2020102997,ピエナナイスガイ,セ,山田義人,,ルーラーシップ,2007103143,ピエナヴィブレ,2007102982,クロフネ,1998110135,上岡和男,社台ファーム,581.8,2007.0,2007.0,1998.0
2020105501,マツリダダリ,牡,高月賢一,,エスポワールシチー,2005102837,ムーンスガタ,2009103437,アドマイヤムーン,2003102991,高橋文枝,中山高鹿康,581.0,2005.0,2009.0,2003.0
2020106760,サムシンググレート,牡,松島壽,,ファインニードル,2013100612,カンティレーナ,2014102211,ストリートセンス,000a0113a2,柳裕一郎,中脇満,579.6,2013.0,2014.0,2004.0
2020110082,エアグリフォン,牡,山田徹,,Air Force Blue,000a012ed4,Yuzuru,000a0145da,Medaglia d'Oro,000a010a65,上手健太郎,Sekie Yoshihara & Tsunebumi Yoshihara,579.1,2013.0,2010.0,1999.0
2020104283,アスノヒロイン,牝,石川栄,,ヴィクトワールピサ,2007102923,エンジェルステップ,2014105855,タートルボウル,000a012045,佐藤良男,静内フジカワ牧場,579.1,2007.0,2014.0,2002.0
2020105006,カシマヴェローナ,牝,澤佳宏,,ストロングリターン,2006102934,カシマサミダレ,2015102333,シニスターミニスター,000a011099,松浦一久,安達牧場,579.0,2006.0,2015.0,2003.0
2020101287,ナムラエヴァ,牝,藤ケ崎一,,イスラボニータ,2011103565,ナムラシゲコ,2002105626,エンドスウィープ,000a00010f,北澤信,いとう牧場,578.8,2011.0,2002.0,1991.0
2020101177,ジュウィール,牡,村上頼章,,マクフィ,000a011c77,ノイエクローネ,2014105440,ネオユニヴァース,2000101426,酒井孝敏,船越伸也,578.0,2007.0,2014.0,2000.0
2020104447,アニマルキリシマ,牡,古賀光範,,ラニ,2013110045,アサクサロータス,2005102434,フサイチコンコルド,1993109220,西村新一郎,田原橋本牧場,576.7,2013.0,2005.0,1993.0
2020102296,エムオージェネラル,牡,佐藤茂,,ホッコータルマエ,2009100921,モエレプロポーズ,2006103782,マジックマイルズ,000a000d4c,田中竜雄,門別牧場,576.6,2009.0,2006.0,1985.0
2020102532,トーセンプリシラ,牝,小久保智,,トーセンレーヴ,2008103273,レッドヴォーグ,2009106239,シンボリクリスエス,1999110099,島川隆哉,エスティファーム,575.5,2008.0,2009.0,1999.0
2020102712,マグノリアレーン,牝,佐藤雅彦,,レッドファルクス,2011104416,マサノミネルバ,2005104380,ラムタラ,000a0001d4,會田浩史,社台コーポレーション白老ファーム,575.3,2011.0,2005.0,1992.0
2020107079,メンヒ,牡,川野勇馬,,リオンディーズ,2013105915,カトルラポール,2013100787,グラスワンダー,1995108676,上岡和男,浜本牧場,575.0,2013.0,2013.0,1995.0
2020105520,クイーンオーキッド,牝,沖田明子,,ロゴタイプ,2010103783,トウカイベルタ,2008104734,ワイルドラッシュ,000a0003a1,大谷昌裕,長浜牧場,574.5,2010.0,2008.0,1994.0
2020100199,タケショウゲイル,牡,山本学,,ネロ,2011103722,ローズシティ,2005102726,フレンチデピュティ,000a00013a,武石昇,佐藤鉄也,574.5,2011.0,2005.0,1992.0
2020104153,ヨシノカトリヤ,牝,長倉功,,ヘニーヒューズ,000a011155,ティンクルハート,2003100655,サンデーサイレンス,000a00033a,清水義徳,今牧場,574.0,2003.0,2003.0,1986.0
2020105076,シミーシェイク,牝,永島太郎,,カレンブラックヒル,2009106230,マレンカヤ,2008104283,ファンタスティックライト,1996190005,加藤徹,大狩部牧場,573.8,2009.0,2008.0,1996.0
2020102198,イテマエバファロー,牡,徳本慶一,,アポロキングダム,2003110139,ハツネ,2009103042,トウカイテイオー,1988101025,平賀眞吾,前川義則,573.1,2003.0,2009.0,1988.0
2020100456,メディアプンタ,牡,倉地学,,ビーチパトロール,000a0141f9,フォーモサアピール,2005101451,タイキシャトル,1994109686,稲葉光昭,三石川上牧場,572.3,2013.0,2005.0,1994.0
2020109076,ケンヴァイザッハ,牡,石栗龍彦,,ゴールドアクター,2011105266,スプンキーウーマン,2007105715,アルカセット,2000190010,中西宏彰,早坂牧場,572.1,2011.0,2007.0,2000.0
2020104534,ネーブル,牝,森澤友貴,,エピファネイア,2010104155,リンターバル,000a01250b,Desert Prince,000a0022c1,飯田正剛,千代田牧場,572.0,2010.0,2005.0,1995.0
2020105341,シューカンパネラ,牡,伊藤滋規,,シルバーステート,2013105903,フローレセンス,2009104812,タイムパラドックス,1998101683,大柴周司,武田修一,571.0,2013.0,2009.0,1998.0
2020106316,レイワホクト,牝,小野望,,バゴ,2001190004,ダンツスウィフト,2009102618,ダイワメジャー,2001103114,松岡研司,加藤重治,570.6,2001.0,2009.0,2001.0
2020104788,ラインクロッカス,牝,小沢宏次,,レッドファルクス,2011104416,テンザンアモーレ,2002105266,タイキシャトル,1994109686,大澤繁昌,藤原牧場,570.5,2011.0,2002.0,1994.0
2020106264,エイシンレミー,牝,伊藤勝好,,エーシンモアオバー,2006101789,エイシンベティー,2015102896,Animal Kingdom,000a011dad,（有）ホースケア,栄進牧場,570.4,2006.0,2015.0,2008.0
2020101995,ダレカノカゼノアト,牝,橘友和,,メイショウサムソン,2003102205,メイショウカレン,2003106491,パラダイスクリーク,1989109110,堀口晴男,日西牧場,570.0,2003.0,2003.0,1989.0
2020100578,ヒロチャン,牝,栗本陽一,,トビーズコーナー,000a011fed,ハヤブサピクシー,2014103143,ジャングルポケット,1998101786,三田正眞,市正牧場,569.9,2008.0,2014.0,1998.0
2020105163,スエヒロイナズマ,牝,寺地誠一,,レインボーライン,2013106183,ゲルズ,2012100210,エンパイアメーカー,000a010542,紙谷洋一,小泉牧場,569.1,2013.0,2012.0,2000.0
2020101125,リュウノファントム,牡,野口孝,,モンテロッソ,000a011b05,サウスキャロライナ,2012104506,ステイゴールド,1994108729,蓑島竜一,坂東牧場,569.1,2007.0,2012.0,1994.0
2020102520,リングベルガール,牝,平松徳彦,,トーセンブライト,2001103660,ハイランドダンス,2008103368,ゼンノロブロイ,2000101517,柴原栄,エスティファーム,569.0,2001.0,2008.0,2000.0
2020103995,サンシップ,牡,中道啓二,,ルーラーシップ,2007103143,ダイアナヘイロー,2013103292,キングヘイロー,1995104427,落畑健,岡田牧場,568.8,2007.0,2013.0,1995.0
2020103833,ラブミーモナコ,牝,赤嶺亮,,コパノリッキー,2010106548,コパノバウンシ,2011101689,サウスヴィグラス,1996110138,小林祥晃,伊藤敏明,568.0,2010.0,2011.0,1996.0
2020103520,バンドネオン,セ,工藤真司,,バンドワゴン,2011104010,ハッピーパレード,2006103394,ネオユニヴァース,2000101426,湯浅健司,ノーザンファーム,568.0,2011.0,2006.0,2000.0
2020101718,タマモコンペイトウ,牝,川島豊,,マクフィ,000a011c77,タマモクラリティー,2012103010,ハーツクライ,2001103038,（株）アプエンテ,スマイルファーム,568.0,2007.0,2012.0,2001.0
2020104036,シェナクィーン,牝,山口浩幸,,ホッコータルマエ,2009100921,リアンローズ,2008104647,スターリングローズ,1997106560,冨田藤男,織田正敏,567.8,2009.0,2008.0,1997.0
2020101536,アイリスバローズ,牝,西川敏弘,,モーリス,2011100655,インプレスゴールド,2004105639,ブライアンズタイム,000a000082,笠原久夫,下河辺牧場,567.8,2011.0,2004.0,1985.0
2020107018,レジェンダリーデイ,セ,森田直行,,ダノンレジェンド,2010110102,ハイウェイトゥグローリー,000a0111cd,Cape Cross,000a0022ae,岡田牧雄,斉藤英牧場,567.0,2010.0,2003.0,1994.0
2020105792,クライノート,牝,畠山吉宏,,スクリーンヒーロー,2004103328,マイネプリンセス,2006104862,アグネスデジタル,1997110025,サラブレッドクラブ・ラフィアン,ビッグレッドファーム,567.0,2004.0,2006.0,1997.0
2020103766,カンタベリーハヤテ,牡,山田徹,,ロゴタイプ,2010103783,ペッパーベリー,2010103712,タイキシャトル,1994109686,峰哲馬,ヤマイチ牧場,567.0,2010.0,2010.0,1994.0
2020104303,ルクスシュナイダー,牡,今津勝之,,シニスターミニスター,000a011099,スマートアルファ,2013104484,アグネスデジタル,1997110025,（同）ＪＰＮ技研,静内山田牧場,566.2,2003.0,2013.0,1997.0
2020106976,クレイプマートル,牝,金田一昌,,ジョーカプチーノ,2006100529,パドブレ,2006102113,ホワイトマズル,1990109700,清水敏,ミルファーム,565.7,2006.0,2006.0,1990.0
2020102008,パパノオウマサン,牝,田中守,,パイロ,000a01176a,ピュアリーソリッド,2012110067,Bluegrass Cat,000a01173d,酒井孝敏,ノースガーデン,565.5,2005.0,2012.0,2003.0
2020101644,ウィンストラテジー,牡,米川昇,,コパノリッキー,2010106548,フローレンスガール,2003110054,El Corredor,000a010238,平井裕,白井牧場,565.1,2010.0,2003.0,1997.0
2020105696,シンキングファーザ,牡,佐藤裕太,,フリオーソ,2004106867,コグノセンティ,2011103493,ゴールドアリュール,1999106689,佐藤雄司,浜口牧場,565.0,2004.0,2011.0,1999.0
2020100286,ルリイロ,牝,林正人,,バトルプラン,000a0118e8,ペイルローズ,2001101094,フジキセキ,1992109618,高樽秀夫,土田農場,565.0,2005.0,2001.0,1992.0
2020101616,エスプレッシーボ,牝,佐藤祐司,,シャンハイボビー,000a0127e4,ワンダーラスト,2013100380,キングカメハメハ,2001103460,Ｉレーシング（株）,下河辺牧場,564.3,2010.0,2013.0,2001.0
2020100872,コルレオーネ,牡,伊藤勝己,,サトノアラジン,2011104063,コスモミザール,2012110024,Pioneerof the Nile,000a0122f5,ＪＰＮ技研,中村雅明,564.0,2011.0,2012.0,2006.0
2020104214,クリノブリーゼ,牝,畠山信一,,ロゴタイプ,2010103783,ケイアイセイラ,2009104269,タイキシャトル,1994109686,前田敏文,佐竹学,562.9,2010.0,2009.0,1994.0
2020106968,エマウリオマレプ,牝,諏訪貴正,,ディーマジェスティ,2013104704,コウギョウマシェリ,2013103162,アサクサデンエン,1999110191,（有）ミルファーム,ミルファーム,562.5,2013.0,2013.0,1999.0
2020105368,イッピン,牡,櫻田康二,,ビッグアーサー,2011103328,ドリームピーチ,2007104565,タップダンスシチー,1997110043,由利一郎,大栄牧場,562.3,2011.0,2007.0,1997.0
2020110025,サイレントウィンド,牡,石井勝男,,Malibu Moon,000a010c8e,Deana Street,000a01b103,ストリートセンス,000a0113a2,根田喜久雄,St. Simon Place LLC & Scott Stephens,561.0,1997.0,2015.0,2004.0
2020103860,オセアジェネシス,牡,藤田正治,,バゴ,2001190004,カラマンシー,2012104497,ゼンノロブロイ,2000101517,組）リノレーシング,大滝康晴,560.8,2001.0,2012.0,2000.0
2020100803,ハイグッドシャイン,牝,保利良次,,ベルシャザール,2008103004,ニュードラゴン,2013102982,アンライバルド,2006103308,服部新平,鮫川ファーム,560.7,2008.0,2013.0,2006.0
2020100962,レットイットゴー,牝,真島元徳,,ベストウォーリア,2010110127,トーホウリリー,2013100521,ネオユニヴァース,2000101426,宮田直也,丸村村下ファーム,559.7,2010.0,2013.0,2000.0
2020106685,ペルソナ,牡,角田輝也,,ドゥラメンテ,2012104511,レベッカ,000a01386e,Event of the Year,000a0103b2,石川達絵,辻牧場,559.0,2012.0,2007.0,1995.0
2020104689,ラニーズグレイス,牝,工藤伸輔,,ラニ,2013110045,アルディートプリエ,2009101292,シーキングザダイヤ,2001110220,吉岡泰治,原ファーム,559.0,2013.0,2009.0,2001.0
2020106373,エスケーアトラス,牡,川野勇馬,,タニノギムレット,1999100226,バタラバ,2000100642,バンブービギン,1986100672,上岡早苗,木戸口牧場,558.5,1999.0,2000.0,1986.0
2020105218,ポンテニオ,牝,榎屋充,,ゴールドシップ,2009102739,ポンテディリアルト,2005102708,アグネスタキオン,1998101516,吉田哲,コスモヴューファーム,558.3,2009.0,2005.0,1998.0
2020101302,ゲットザフェイム,牡,鮫島克也,,キズナ,2010105827,プリンセスミユキ,2011100295,スウェプトオーヴァーボード,000a00fa34,石田淳悦,ヴェルサイユファーム,558.0,2010.0,2011.0,1997.0
2020106329,エルーシア,牝,瀬戸口悟,,コパノリッキー,2010106548,マイネフェリックス,2007104909,アグネスデジタル,1997110025,北原大史,金石牧場,557.8,2010.0,2007.0,1997.0
2020102417,インジェクション,牡,大山寿文,,ミッキーロケット,2013106099,スリーアフロディテ,2009105449,スズカマンボ,2001103890,谷口祐人,新井牧場,557.2,2013.0,2009.0,2001.0
2020106958,ビアンカ,牝,工藤伸輔,,ビッグアーサー,2011103328,レチャーダ,2009106251,ディープインパクト,2002100816,北原大史,宮内牧場,557.0,2011.0,2009.0,2002.0
2020103445,プラウドウィッチ,牝,飯田弘道,,モーリス,2011100655,スペルオンミー,2011103778,ダイワメジャー,2001103114,山本将司,ノーザンファーム,557.0,2011.0,2011.0,2001.0
2020102433,マーシャン,牡,那俄性哲,,パイロ,000a01176a,アイアムノココロ,2007102768,フジキセキ,1992109618,澤井一真,上水牧場,557.0,2005.0,2007.0,1992.0
2020105243,ティタン,牝,井手上慎,,ベストウォーリア,2010110127,セイラ,2009102772,スパイキュール,2000101557,鮎川福道,佐藤牧場,556.8,2010.0,2009.0,2000.0
2020104875,ラーユ,牝,藤ケ崎一,,トーセンラー,2008102985,エニシノイト,2010106586,スウェプトオーヴァーボード,000a00fa34,鈴木重夫,増本良孝,556.8,2008.0,2010.0,1997.0
2020104490,ルフレーヴ,セ,古賀慎明,,ハーツクライ,2001103038,タミーザトルピード,000a013dca,More Than Ready,000a00fcdd,長谷川祐司,千代田牧場,556.0,2001.0,2012.0,1997.0
2020102125,キュアドリーム,牝,田中力,,キタサンブラック,2012102013,ノーブルストーン,2004110268,Hussonet,000a0104d9,川上和彦,藤本ファーム,555.5,2012.0,2004.0,1991.0
2020102083,ウイニングザソウル,牝,真島元徳,,ダノンレジェンド,2010110102,ブラボーデジタル,2010101168,アグネスデジタル,1997110025,長山幸路,広富牧場,555.5,2010.0,2010.0,1997.0
2020101424,マリノリリアン,牝,大島静夫,,サトノクラウン,2012104668,クラウンリリー,2013100676,シンボリクリスエス,1999110099,サンエツ企画（有）,クラウン日高牧場,555.5,2012.0,2013.0,1999.0
2020106644,モノセーラス,牝,千葉幸喜,,ビッグアーサー,2011103328,グローリアスローズ,2008103144,ロックオブジブラルタル,000a00fd4c,辻助,辻牧場,554.6,2011.0,2008.0,1999.0
2020100974,テイエムサンローズ,牝,平山宏秀,,ジャスタウェイ,2009106461,サンタローズ,2002104181,パントレセレブル,000a000271,竹園正繼,村下明博,554.6,2009.0,2002.0,1994.0
2020100066,タイムトラベラー,牡,吉田正美,,フリオーソ,2004106867,グランオマージュ,2003102732,サンデーサイレンス,000a00033a,田頭勇貴,折手牧場,554.5,2004.0,2003.0,1986.0
2020106869,ハスラー,牡,山田徹,,ロードカナロア,2008103552,シャンロッサ,000a01251d,Galileo,000a00232b,平本淳一,三嶋牧場,553.0,2008.0,2006.0,1998.0
2020100894,ヨドノストロング,牡,平山真希,,ストロングリターン,2006102934,ヨドノスマイル,2009101352,タイキシャトル,1994109686,海原聖一,林農場,553.0,2006.0,2009.0,1994.0
2020109101,メタルメタリカ,牡,國澤利照,,ミッキーアイル,2011103916,メイシャイン,2007103217,シンボリクリスエス,1999110099,小橋亮太,千明牧場,552.3,2011.0,2007.0,1999.0
2020104067,シシガオウ,牡,佐々木仁,,エイシンフラッシュ,2007102951,デライトシーン,2004104244,サクラバクシンオー,1989108341,組）志士十二組合,神垣道弘,552.0,2007.0,2004.0,1989.0
2020104869,キャリアパス,牡,高橋純,,ヤマカツエース,2012102774,ケリーメイ,2005101007,アグネスデジタル,1997110025,岩渕道良,増本牧場,551.4,2012.0,2005.0,1997.0
2020105153,クルメミッチー,牡,田辺陽一,,アジアエクスプレス,2011110091,ローブレガリア,2015104989,ハーツクライ,2001103038,茂木国久,川島牧場,551.0,2011.0,2015.0,2001.0
2020104213,クインズカヤノヒメ,牝,八木正喜,,クリエイターII,000a013630,ケイアイエーデル,2005106637,トワイニング,000a000006,北原大史,佐竹学,551.0,2013.0,2005.0,1991.0
2020110042,ファミリーラヴ,牝,野中賢二,,Frankel,000a01239b,Household Name,000a013d37,Zamindar,000a011b6e,ゴドルフィン,Countess De La Warr,550.0,2008.0,2010.0,1994.0
2020106895,ロッソジュリア,牝,田中淳司,,エピファネイア,2010104155,マドモアゼル,2015103365,ブラックタイド,2001103312,椎名節,三嶋牧場,550.0,2010.0,2015.0,2001.0
2020106719,サラマックイーン,牝,西村真幸,,ヘニーヒューズ,000a011155,アグネスダリム,2009105704,ゴールドアリュール,1999106689,宮崎俊也,富田牧場,550.0,2003.0,2009.0,1999.0
2020105569,クインズベル,牝,和田正一,,キンシャサノキセキ,2003110212,ネネグース,2004102898,クロフネ,1998110135,ケイアイスタリオン,新冠橋本牧場,550.0,2003.0,2004.0,1998.0
2020104347,スプル,牝,堀千亜樹,,ミッキーアイル,2011103916,ルナフェリーナ,000a012547,Storm Cat,000a001a98,前田幸治,タイヘイ牧場,550.0,2011.0,2005.0,1983.0
2020104263,シャイニングヒカリ,牡,佐々木仁,,フェノーメノ,2009106599,クインズエンジェル,2011106262,Zensational,000a0119b2,伊藤享,静内杉下牧場,550.0,2009.0,2011.0,2006.0
2020104120,エリカグロリア,牝,安田翔伍,,ロードカナロア,2008103552,チークトゥチーク,2014106181,クロフネ,1998110135,三木正浩,グランド牧場,550.0,2008.0,2014.0,1998.0
2020103548,キトリ,牝,杉山晴紀,,キタサンブラック,2012102013,ビバリーヒルズ,2012104803,スニッツェル,000a010eaa,近藤英子,ノーザンファーム,550.0,2012.0,2012.0,2002.0
2020102220,ウインステイトリー,牡,上原博之,,ディーマジェスティ,2013104704,シュヴァルツィーナ,2014102526,カジノドライヴ,2005110112,ウイン,槇本牧場,550.0,2013.0,2014.0,2005.0
2020101980,ユウナイス,牝,新谷功一,,プリサイスエンド,000a00fe9b,ベイリービーズ,2010100406,ワイルドラッシュ,000a0003a1,アイテツ,西野春樹,550.0,1997.0,2010.0,1994.0
2020101398,クリノリンカーン,牡,長谷川浩,,ブラックタイド,2001103312,クリノエリザベス,2011102075,プリサイスエンド,000a00fe9b,栗本博晴,木村牧場,550.0,2001.0,2011.0,1997.0
2020101214,ミヤジトレヴ,牝,川村禎彦,,キタサンブラック,2012102013,パクスアジアーナ,2015101020,ノヴェリスト,000a012230,曽我司,天羽牧場,550.0,2012.0,2015.0,2009.0
2020101176,ホワイトシャーク,牝,大宮和也,,レッドファルクス,2011104416,シャークファング,2011101583,パイロ,000a01176a,鮫島明洋,船越伸也,550.0,2011.0,2011.0,2005.0
2020100846,エスシービビ,牝,加藤士津,,リオンディーズ,2013105915,リアライズキボンヌ,2009102415,アフリート,000a000013,工藤圭司,高松牧場,550.0,2013.0,2009.0,1984.0
2020100685,ディーエスソフィア,牡,岡田稲男,,ラブリーデイ,2010104298,ポントマイコ,2010102053,ゼンノロブロイ,2000101517,秋谷壽之,桑田牧場,550.0,2010.0,2010.0,2000.0
2020100176,チークルージュ,牝,竹下太,,ルーラーシップ,2007103143,レディルージュ,2006103602,ブライアンズタイム,000a000082,小橋亮太,ケイアイファーム,549.6,2007.0,2006.0,1985.0
2020101837,ファームフレッシュ,牝,橘友和,,キズナ,2010105827,フラガリア,2014102172,タニノギムレット,1999100226,ＫＡＪＩＭＯＴＯホールディングス,ダーレー・ジャパン・ファーム,549.4,2010.0,2014.0,1999.0
2020103944,ユヅルハ,牝,新井清重,,ストロングリターン,2006102934,マックスユーキャン,2011103677,ゴールドアリュール,1999106689,ＹＧＧホースクラブ,岡田スタッド,549.0,2006.0,2011.0,1999.0
2020106127,ベントディパーチェ,牡,中野博,,カレンブラックヒル,2009106230,ワタシダイナマイト,2012106419,スニッツェル,000a010eaa,小濱正智,小田牧場,548.7,2009.0,2012.0,2002.0
2020102808,アスタリウス,牡,服部功,,ルーラーシップ,2007103143,オメガハートソング,2012104168,ゼンノロブロイ,2000101517,北原大史,社台ファーム,548.5,2007.0,2012.0,2000.0
2020106849,メイショウゴルシ,牡,加藤和宏,,ゴールドシップ,2009102739,メイショウタラチネ,2012103583,メイショウボーラー,2001100650,ファーストビジョン,まるとみ冨岡牧場,547.8,2009.0,2012.0,2001.0
2020103889,アーテルナイト,牡,櫻田康二,,エイシンフラッシュ,2007102951,ギャラクシーセレブ,2013101515,ブラックタイド,2001103312,（有）総武開発,岡田スタッド,547.6,2007.0,2013.0,2001.0
2020103862,コンサイダー,牡,黒川智貴,,デクラレーションオブウォー,000a0136f6,ミュージカルII,000a010553,In the Wings,000a001cd4,（株）大高建設,大滝康晴,547.5,2009.0,1999.0,1986.0
2020103058,マニエジェニー,牝,山田質,,シャンハイボビー,000a0127e4,マニエリスム,2008103001,ゼンノロブロイ,2000101517,丹羽裕正,社台ファーム,547.5,2010.0,2008.0,2000.0
2020101515,ユイガハマビーチ,牝,長南和宏,,ビーチパトロール,000a0141f9,ラベンダーヒスイ,2013102160,サウスヴィグラス,1996110138,簗詰幸子,サンバマウンテンファーム,546.9,2013.0,2013.0,1996.0
2020104405,ブラスター,牡,田村彰啓,,キンシャサノキセキ,2003110212,ブリズデロートンヌ,2005102122,シンボリクリスエス,1999110099,村上淳,田中裕之,546.8,2003.0,2005.0,1999.0
2020101688,ミカノヴェニュス,牝,櫻井今朝,,ジョーカプチーノ,2006100529,スイートポーラ,2011109109,スウェプトオーヴァーボード,000a00fa34,尾上松壽,シンボリ牧場,546.6,2006.0,2011.0,1997.0
2020103021,ヒノタマボーイ,牡,和田雄二,,ヴィクトワールピサ,2007102923,ブラッキーピサ,2010103755,タイキシャトル,1994109686,本田恒雄,社台ファーム,546.0,2007.0,2010.0,1994.0
2020100839,エルフィンドール,牝,佐藤敏彦,,ダイワメジャー,2001103114,アイアンヒロイン,2013110069,Congrats,000a010687,白井慎一,高松牧場,545.2,2001.0,2013.0,2000.0
2020100764,オースピス,牝,高橋裕,,ハービンジャー,000a011996,ナナヨーティアラ,2002103870,マイネルラヴ,1995108558,大塚亮一,小島牧場,545.0,2006.0,2002.0,1995.0
2020106455,メイショウイッシン,牡,櫻井今朝,,キズナ,2010105827,メイショウカイカ,2016102104,メイショウボーラー,2001100650,遠藤喜和,斉藤英牧場,545.0,2010.0,2016.0,2001.0
2020101346,カスミノモリ,牝,角川秀樹,,ダノンレジェンド,2010110102,オノユウ,2007100023,バブルガムフェロー,1993109219,村上卓史,オリオンファーム,544.4,2010.0,2007.0,1993.0
2020109044,フラワーニシキ,牝,錦見勇夫,,アルデバランII,000a010541,スノーフラワー,2009105440,クロフネ,1998110135,山本忍,諏訪牧場,544.0,1998.0,2009.0,1998.0
2020110141,ホウショウラスティ,牝,藤川純,,Goldencents,000a0144c7,The Dove,000a01c0df,Hawk Wing,000a010d4d,芳賀美知子,Marablue Farm LLC,543.9,2010.0,2006.0,1999.0
2020106442,ベアデブリン,牡,土井道隆,,サトノクラウン,2012104668,トゥルヴァーユ,2010100162,ダイワメジャー,2001103114,酒井孝敏,グランデファーム,543.5,2012.0,2010.0,2001.0
2020100029,ネオメガミ,牝,櫻田康二,,ホッコータルマエ,2009100921,スズノメガミ,2001110133,ワイルドラッシュ,000a0003a1,西田俊二,小河豊水,543.5,2009.0,2001.0,1994.0
2020106576,モノクロームスター,牡,加藤和宏,,デクラレーションオブウォー,000a0136f6,メモリーロワジール,2010104920,アグネスタキオン,1998101516,嶋田孝徳,谷川牧場,543.2,2009.0,2010.0,1998.0
2020105328,ペイシャハーメルン,牡,那俄性哲,,クリエイターII,000a013630,ママキジャ,2008104580,ストラヴィンスキー,000a00fa41,ウエスト．フォレスト．ステイブル,隆栄牧場,543.0,2013.0,2008.0,1996.0
2020103867,アンカリング,牝,九日俊光,,ブラックタイド,2001103312,アンカジャポニカ,2010110048,Authorized,000a01139f,酒井孝敏,岡田スタッド,541.7,2001.0,2010.0,2004.0
2020105577,オールズフェア,牡,中道啓二,,デクラレーションオブウォー,000a0136f6,プルーフオブラヴ,2000101653,サンデーサイレンス,000a00033a,ライオンレースホース,新冠橋本牧場,541.4,2009.0,2000.0,1986.0
2020106512,メイショウミチロク,牡,関本浩司,,ゴールドシップ,2009102739,メイショウアシタバ,2010104881,スタチューオブリバティ,000a0109d5,小橋亮太,太陽牧場,541.2,2009.0,2010.0,2000.0
2020100465,エンドオブウォー,牡,加藤幸保,,デクラレーションオブウォー,000a0136f6,レディーロックフォード,000a011dd6,Invincible Spirit,000a01056d,上山浩司,三石川上牧場,539.8,2009.0,2009.0,1997.0
2020106781,ニットウサニー,牝,林隆之,,ダノンレジェンド,2010110102,ニットウサンサン,2006102216,アグネスフライト,1997103400,日東牧場,日東牧場,539.0,2010.0,2006.0,1997.0
2020103631,ゴレアドール,牝,長南和宏,,リオンディーズ,2013105915,マンハイム,2014106169,ダイワメジャー,2001103114,寺田寿男,ノーザンファーム,539.0,2013.0,2014.0,2001.0
2020105010,エスプリナミコ,牝,澤佳宏,,トゥザワールド,2011103975,スー,2005106423,スキャン,000a000d69,依田泰雄,安達牧場,538.5,2011.0,2005.0,1988.0
2020100985,マライアガーネット,牡,平和人,,ミッキーロケット,2013106099,メイレディ,2009101071,ジェニュイン,1992109450,小橋亮太,村下清志,537.8,2013.0,2009.0,1992.0
2020102363,スプラッシュ,牝,加藤和宏,,ディスクリートキャット,000a0113a1,シャコーゴールド,2007100496,キングカメハメハ,2001103460,（株）ファーストビジ,リコーファーム,537.5,2003.0,2007.0,2001.0
2020103557,ホペロア,牡,角田輝也,,ロードカナロア,2008103552,ファイナルスコア,000a013c70,Dylan Thomas,000a011072,大塚亮一（株）,ノーザンファーム,537.3,2008.0,2011.0,2003.0
2020104605,パリパリ,牝,碇清次郎,,リオンディーズ,2013105915,ブリュンヒルト,2004103268,アグネスタキオン,1998101516,（株）さくらコーポレ,西村牧場,537.0,2013.0,2004.0,1998.0
2020102996,ビーチアネラ,牝,的場直之,,ロゴタイプ,2010103783,ビーチマリカ,2014105630,スマートファルコン,2005100097,吉田照哉,社台ファーム,537.0,2010.0,2014.0,2005.0
2020103064,ミサイルビスケッツ,牝,今井輝和,,マインドユアビスケッツ,000a01392e,マルルー,2015104374,キングカメハメハ,2001103460,内山啓,社台ファーム,536.8,2013.0,2015.0,2001.0
2020105888,イナホ,牝,辻野豊,,リアルインパクト,2008103244,ライトアップ,2001109302,フォーティナイナー,000a000134,中村勝彦,松浦牧場,536.0,2008.0,2001.0,1985.0
2020104265,ハンデンリリー,牝,伊藤強一,,ミッキーロケット,2013106099,アナザーガール,2010103636,ダイワメジャー,2001103114,酒井孝敏,静内ファーム,535.9,2013.0,2010.0,2001.0
2020103157,イブシギン,牡,藤ヶ崎一,,レッドファルクス,2011104416,ワンダフルバディ,2011102785,ハーツクライ,2001103038,服部康夫,青藍牧場,535.1,2011.0,2011.0,2001.0
2020106299,フィアスサーメット,牡,藤ヶ崎一,,ダノンレジェンド,2010110102,マイネマニフィーク,2002105170,アドマイヤベガ,1996107396,須藤英之,絵笛牧場,534.9,2010.0,2002.0,1996.0
2020106258,エイシンケヴィン,牡,中西達也,,エイシンヒカリ,2011101273,エイシンバヤール,2012105118,ハーツクライ,2001103038,上岡和男,栄進牧場,534.9,2011.0,2012.0,2001.0
2020106577,モズマスターピース,牡,入口由美,,シルバーステート,2013105903,モズハツコイ,2011103111,クロフネ,1998110135,北原大史,谷川牧場,534.2,2013.0,2011.0,1998.0
2020104456,カツワカマル,牡,鷹見浩,,マジェスティックウォリアー,000a011e9c,シックスポケット,2003105652,カリズマティック,000a00fa33,菊地博,大典牧場,534.0,2005.0,2003.0,1996.0
2020105754,イノ,牝,佐々木仁,,ダノンバラード,2008103548,コスモバタフライ,2008103438,ソングオブウインド,2003102461,和田正巳,ビッグレッドファーム,533.3,2008.0,2008.0,2003.0
2020105713,リスレツィオ,牝,千葉幸喜,,ディスクリートキャット,000a0113a1,サマーソルスティス,2014104153,サマーバード,2006190002,熊谷貴之,パカパカファーム,532.9,2003.0,2014.0,2006.0
2020102970,ネロディセッピア,牡,山崎裕也,,ルーラーシップ,2007103143,ネロディアマンテ,2010104383,シンボリクリスエス,1999110099,吉田千津,社台ファーム,532.5,2007.0,2010.0,1999.0
2020103999,ラインアンジェラ,牝,池田忠好,,シニスターミニスター,000a011099,ファシネイト,2009109151,キングカメハメハ,2001103460,大澤繁昌,岡田牧場,531.3,2003.0,2009.0,2001.0
2020102455,ラブリーヨシノ,牡,荒井朋弘,,ラブリーデイ,2010104298,レッドアランダ,2014101990,ディープインパクト,2002100816,清水義徳,上水牧場,531.0,2010.0,2014.0,2002.0
2020102974,ノットソーリッチ,牡,佐藤裕太,,ヘニーヒューズ,000a011155,ノットオーソリティ,2011104394,スウェプトオーヴァーボード,000a00fa34,吉田照哉,社台ファーム,530.0,2003.0,2011.0,1997.0
2020102858,サウンドジャッカル,牡,安部幸夫,,ロードカナロア,2008103552,サウンドバリアー,2007101512,アグネスデジタル,1997110025,篠原徹,社台ファーム,529.2,2008.0,2007.0,1997.0
2020104115,グラシアーノ,牝,堀場裕充,,リオンディーズ,2013105915,シーズアウーマン,2013104156,ネオユニヴァース,2000101426,福岡隆史,グランド牧場,529.1,2013.0,2013.0,2000.0
2020102913,グシチャンノソラ,牝,五十嵐冬,,ラブリーデイ,2010104298,スパツィアーレ,2013105503,シンボリクリスエス,1999110099,南雲智,社台ファーム,529.0,2010.0,2013.0,1999.0
2020106499,ジコン,牡,森下淳平,,ダノンレジェンド,2010110102,シニョリーナベラ,000a010a9a,Unbridled,000a001cd0,大里隆史,千里ファーム,528.5,2010.0,2002.0,1987.0
2020100219,ジオジーニー,牝,武井和実,,ドレフォン,000a013b82,ポッドジーニー,2014101144,ストリートセンス,000a0113a2,小川眞査雄,下屋敷牧場,528.0,2013.0,2014.0,2004.0
2020105068,フェイマスグローリ,牡,佐藤茂,,アメリカンペイトリオット,000a013bba,ナンセイサクラ,2011105430,シンボリクリスエス,1999110099,堀江貞幸,大狩部牧場,527.6,2013.0,2011.0,1999.0
2020109166,ウィーナーズソング,牡,赤嶺本浩,,ビーチパトロール,000a0141f9,ホーリーハート,2016105997,ルーラーシップ,2007103143,栗山英樹,栗山ホースファーム,527.5,2013.0,2016.0,2007.0
2020105289,メリーコッカー,牝,中川竜馬,,ミッキーロケット,2013106099,アルカンジュ,2011103827,チチカステナンゴ,000a011135,豊島愛子,須崎牧場,527.5,2013.0,2011.0,1998.0
2020107059,ラブミーモニカ,牝,藤ケ崎一,,アポロキングダム,2003110139,マスターウィンド,2007100478,サクラプレジデント,2000102261,谷伊織,へいはた牧場,527.4,2003.0,2007.0,2000.0
2020109049,テンポルバート,牝,荒井朋弘,,マインドユアビスケッツ,000a01392e,モモトンボ,2010103820,ネオユニヴァース,2000101426,（株）２・２８,諏訪牧場,527.0,2013.0,2010.0,2000.0
2020101534,サンライズプラーナ,牡,牧浦充徳,,ダンカーク,000a012185,アンジェルブ,2011100375,Tiznow,000a00fa4b,ライフハウス,下河辺牧場,527.0,2006.0,2011.0,1997.0
2020104037,コトブキエース,牡,渡部則夫,,メイショウボーラー,2001100650,ワンダーアリス,2012105984,ブラックホーク,1994109361,（株）ＩＴＦ,織田正敏,526.5,2001.0,2012.0,1994.0
2020104289,ネイサンバローズ,牡,池田忠好,,リアルインパクト,2008103244,シーカーマ,000a011ada,Exchange Rate,000a011433,湯浅健司,静内フジカワ牧場,526.3,2008.0,2006.0,1997.0
2020106336,ゴレイジョウ,牝,永田幸宏,,イスラボニータ,2011103565,クィーンアマポーラ,2013105333,キングカメハメハ,2001103460,福田光博,鎌田正嗣,526.0,2011.0,2013.0,2001.0
2020105079,アネラカイカマヒネ,牝,中道啓二,,ベストウォーリア,2010110127,エスクルシーヴァ,2008106525,アドマイヤジャパン,2002102324,（株）Ｍ．Ｃ．Ｆ,大林ファーム,526.0,2010.0,2008.0,2002.0
2020100312,リュウノステルス,牡,加藤和義,,スノードラゴン,2008104268,スズカカラーズ,2001103910,サンデーサイレンス,000a00033a,蓑島竜一,中橋清,525.9,2008.0,2001.0,1986.0
2020104512,ロコルルハーツ,牡,伊藤和忍,,ハーツクライ,2001103038,フォーチュンワード,2005100580,デヒア,000a0000df,徳田直樹,千代田牧場,525.8,2001.0,2005.0,1991.0
2020104870,フレンドライクミー,牡,新井清重,,ラブリーデイ,2010104298,サミーカラー,2002105330,オペラハウス,000a000d77,日下部勝徳,増本牧場,525.5,2010.0,2002.0,1988.0
2020101203,ヌンヌンシー,牡,長谷川忍,,ロールボヌール,2012106120,ドゥラーレ,2012102965,フサイチリシャール,2003102955,大久保和夫,厚賀古川牧場,525.4,2012.0,2012.0,2003.0
2020102600,コースタルタウン,牝,真島正徳,,ドレフォン,000a013b82,リュートフルシティ,2005102084,ウォーエンブレム,000a00fa35,梅ケ枝容晃,追分ファーム,525.2,2013.0,2005.0,1999.0
2020106229,セレッソサンライズ,牝,櫻井今朝,,マジェスティックウォリアー,000a011e9c,フォロミーバゴ,2015102840,バゴ,2001190004,酒井孝敏,浦河小林牧場,525.0,2005.0,2015.0,2001.0
2020104854,ストーンヘンジ,牡,藤ケ崎一,,エピファネイア,2010104155,ディアエナ,2012104724,スニッツェル,000a010eaa,須藤英之,前谷武志,525.0,2010.0,2012.0,2002.0
2020103628,サヴァリア,牝,宗形竹見,,ジャスタウェイ,2009106461,マルティンスターク,2005102704,シンボリクリスエス,1999110099,扇寿堂（株）,ノーザンファーム,525.0,2009.0,2005.0,1999.0
2020106875,メイショウサトユキ,牡,森澤友貴,,アドマイヤムーン,2003102991,スクービドゥー,000a011535,Johan Cruyff,000a0114c3,松本好隆,三嶋牧場,524.8,2003.0,2004.0,1994.0
2020106912,ミニストリー,牝,米川昇,,シニスターミニスター,000a011099,メイショウツバクロ,2010105144,フレンチデピュティ,000a00013a,荒井孝則,三嶋牧場,524.6,2003.0,2010.0,1992.0
2020104996,クリスタルミリオン,牝,箕輪武,,グランプリボス,2008103388,カッチャウカモネ,2015104420,タートルボウル,000a012045,廣瀬由一,アサヒ牧場,524.2,2008.0,2015.0,2002.0
2020102275,エストレリータ,牝,桜井今朝,,サトノクラウン,2012104668,メロディーオブラブ,2014102582,ディープインパクト,2002100816,酒井孝敏,森永牧場,523.5,2012.0,2014.0,2002.0
2020110091,マラマ,牝,松永幹夫,,Dubawi,000a0115e2,アムールブリエ,2011110023,Smart Strike,000a00211c,前田幸大,North Hills Co. Ltd,523.0,2002.0,2011.0,1992.0
2020101454,ベルウッドタイガー,牡,加藤和義,,シルバーステート,2013105903,ハタノファベルジェ,2008105440,Lemon Drop Kid,000a0022d0,小林和義,グッドラック・ファーム,522.0,2013.0,2008.0,1996.0
2020105898,スマイルマハロ,牡,宇野木博,,ラニ,2013110045,ミコノキセキ,2016106160,キンシャサノキセキ,2003110212,松野真一,松木加代,521.0,2013.0,2016.0,2003.0
2020101554,シーギリア,牝,野口寛仁,,エピファネイア,2010104155,サイズミックレディ,2008105573,サクラバクシンオー,1989108341,塚本裕己,下河辺牧場,521.0,2010.0,2008.0,1989.0
2020100704,ジュジュジューン,牝,中川雅之,,ドレフォン,000a013b82,アグネスマジカル,2003106126,アグネスタキオン,1998101516,上山泰憲,高昭牧場,520.7,2013.0,2003.0,1998.0
2020110005,ソフィアエール,牝,小野次郎,,Kingman,000a0124ab,シヴォリエール,000a01a8e2,Sea The Stars,000a011c78,ＫＲジャパン,Healthy Wood Co. Ltd,520.0,2011.0,2012.0,2006.0
2020105886,ジョイトリップ,牝,山崎裕也,,カレンブラックヒル,2009106230,ミストラルグリーン,000a010c42,エンドスウィープ,000a00010f,松谷翔太,松浦牧場,520.0,2009.0,2002.0,1991.0
2020103689,エピメテウス,牡,堀宣行,,モーリス,2011100655,リングネブラ,2009106376,ハーツクライ,2001103038,吉田勝己,ノーザンファーム,520.0,2011.0,2009.0,2001.0
2020103515,タカシ,セ,鹿戸雄一,,マインドユアビスケッツ,000a01392e,ノーブルソニック,2012104697,ネオユニヴァース,2000101426,三木正浩,ノーザンファーム,520.0,2013.0,2012.0,2000.0
2020101848,バロットボックス,牝,宮田敬介,,タリスマニック,000a013425,ラッキーボックス,2013100645,ディープスカイ,2005101358,ゴドルフィン,ダーレー・ジャパン・ファーム,520.0,2013.0,2013.0,2005.0
2020102470,アサップ,牡,佐藤浩一,,マクマホン,000a0143ac,ガールズトーク,2008102745,ステイゴールド,1994108729,島川隆哉,エスティファーム,519.8,2014.0,2008.0,1994.0
2020106085,コイスルシイナ,牝,高月賢一,,ヴィットリオドーロ,2009110009,シナノリトル,2015105324,タイムパラドックス,1998101683,小野瀬悦子,小野瀬竜馬,519.5,2009.0,2015.0,1998.0
2020101380,クリノチャンプ,牡,橋本忠明,,ファインニードル,2013100612,ユキノチャンプ,2003103577,タバスコキャット,000a000348,栗本守,川端正博,519.3,2013.0,2003.0,1991.0
2020106839,ソウルフレイバー,牡,繁田健一,,ブリーズフレイバー,2007101776,メープルフレイバー,2013105947,キングカメハメハ,2001103460,尾田信夫,丸幸小林牧場,519.0,2007.0,2013.0,2001.0
2020107102,ジュレーヴ,牡,宇都英樹,,レーヴミストラル,2012104929,センスオブラヴ,2014104177,ストリートセンス,000a0113a2,小橋亮太,山田政宏,518.2,2012.0,2014.0,2004.0
2020104241,アパラギ,牝,新田守,,ブラックタイド,2001103312,バリーバーン,2001103356,エンドスウィープ,000a00010f,谷謙介,サンデーヒルズ,518.2,2001.0,2001.0,1991.0
2020106013,インテンスシチー,牡,林正人,,エスポワールシチー,2005102837,ハーランズワンダー,2013102083,Awesome Again,000a0021cb,友駿ホースクラブ,村田牧場,518.0,2005.0,2013.0,1994.0
2020100634,ブライトノート,牝,黒木豊,,ルーラーシップ,2007103143,トップノート,2013102838,ダイワメジャー,2001103114,関昭一,笠松牧場,518.0,2007.0,2013.0,2001.0
2020105977,スイープステークス,牝,佐藤敏彦,,パイロ,000a01176a,ホワイトプラネット,2010106089,クロフネ,1998110135,小橋亮太,ムラカミファーム,517.9,2005.0,2010.0,1998.0
2020105173,ヤサカソレイユ,牡,村田六郎,,ミッキーロケット,2013106099,ラインキュート,2012104561,ハーツクライ,2001103038,（有）総武開発,小泉牧場,517.9,2013.0,2012.0,2001.0
2020101101,アエリアン,牡,晴山厚司,,トゥザワールド,2011103975,マイカイ,2011105994,ヨハネスブルグ,000a0103b9,小橋亮太,中田牧場,517.2,2011.0,2011.0,1999.0
2020106619,シマノダイヤモンド,牡,山元博徳,,ディーマジェスティ,2013104704,レッドジュディス,2013106102,New Approach,000a011656,ファーストビジョン,大道牧場,516.0,2013.0,2013.0,2005.0
2020102466,ダイチノメグミ,牝,後藤正義,,ヴィクトワールピサ,2007102923,エミレーツガール,000a012e25,Lizard Island,000a0129b9,（株）ジャパン・ヘル,エスティファーム,515.7,2007.0,2010.0,2005.0
2020105009,ピクシーワルツ,牡,鈴木義久,,トゥザワールド,2011103975,スターガーネット,2010100526,シニスターミニスター,000a011099,小沼一成,安達牧場,515.0,2011.0,2010.0,2003.0
2020100923,コンフィズリー,牝,碇清次郎,,エイシンヒカリ,2011101273,テイクザケイク,1999105801,スキャン,000a000d69,近藤聡明,ヒダカファーム,515.0,2011.0,1999.0,1988.0
2020102352,エムオーチロ,牝,角田輝也,,グレーターロンドン,2012101402,エムオーアンジェラ,2006103578,マイネルラヴ,1995108558,門別牧場,湯浅一夫,514.4,2012.0,2006.0,1995.0
2020103459,プレミアマイン,牝,加藤和宏,,サトノアラジン,2011104063,センティナリー,2010104161,フレンチデピュティ,000a00013a,（株）ファーストビジ,ノーザンファーム,514.0,2011.0,2010.0,1992.0
2020101404,アクセルロッド,牡,林正人,,エスポワールシチー,2005102837,パイナマナ,2014101838,カネヒキリ,2002100978,山口裕介,木村牧場,513.0,2005.0,2014.0,2002.0
2020106650,ノットインザアイ,牝,川島正一,,イスラボニータ,2011103565,ジオパークルビー,2011105904,フレンチデピュティ,000a00013a,安川幸彦,辻牧場,512.2,2011.0,2011.0,1992.0
2020107080,ジャガンナート,牡,玉井勝,,キタサンブラック,2012102013,カノヤトップレディ,2005103537,キングヘイロー,1995104427,（有）総武開発,浜本牧場,511.3,2012.0,2005.0,1995.0
2020102987,ギャングスター,牡,関本浩司,,ロゴタイプ,2010103783,パーソナルレジェンド,000a010ac0,Awesome Again,000a0021cb,岩渕瑞生,社台ファーム,510.6,2010.0,2000.0,1994.0
2020110108,ジャスパーティアラ,牝,森秀行,,Justify,000a013f2d,Sweetgrass,000a01bdf2,ストリートセンス,000a0113a2,加藤和夫,Chris Baccari Brad Stephens & Breeze Easy,510.5,2015.0,2012.0,2004.0
2020100854,イチモクサン,牡,堀江仁,,ラニ,2013110045,レアシルウィア,2003104007,ティンバーカントリー,000a00035e,田部井孝夫,東栄牧場,510.0,2013.0,2003.0,1992.0
2020103738,サンネンエーグミ,牡,松平幸秀,,ヴィクトワールピサ,2007102923,ダイヤフォンテン,2012100464,シンボリクリスエス,1999110099,藤本彰,登別上水牧場,509.6,2007.0,2012.0,1999.0
2020104947,アルティジャナーレ,牝,村上実,,アジアエクスプレス,2011110091,フォレスタレガーロ,2012100705,ダイワメジャー,2001103114,岩渕瑞生,佐藤鉄也,509.0,2011.0,2012.0,2001.0
2020105430,クラシカルスカラー,牝,田中正二,,ドゥラメンテ,2012104511,クラシカルバリュー,2010110020,Theatrical,000a001bed,水上行雄,富本茂喜,508.5,2012.0,2010.0,1982.0
2020100119,クーラント,牝,伊藤和忍,,ドリームジャーニー,2004102753,フェアリーロンド,2009106605,ゴールドアリュール,1999106689,山川雅弘,木下牧場,508.5,2004.0,2009.0,1999.0
2020103220,キャラメルシフォン,牝,西山裕貴,,ハーツクライ,2001103038,アルアリングスター,000a014416,Exchange Rate,000a011433,須山悟至,ノーザンファーム,508.2,2001.0,2015.0,1997.0
2020106527,リレーションハート,牝,市村誠,,ベストウォーリア,2010110127,ライブリハート,2010104894,プリサイスエンド,000a00fe9b,松下祐也,高村牧場,507.8,2010.0,2010.0,1997.0
2020102372,リコースチェッキン,牝,久保秀男,,ゼンノロブロイ,2000101517,リコールクレール,2013101047,ケイムホーム,000a0108d1,土橋正雄,リコーファーム,507.4,2000.0,2013.0,1999.0
2020104294,ブロードアクト,牝,竹下太,,マジェスティックウォリアー,000a011e9c,ミルキーブロード,2009103639,クロフネ,1998110135,小橋亮太,静内フジカワ牧場,507.3,2005.0,2009.0,1998.0
2020106921,メイショウコムスビ,牡,田中譲二,,メイショウボーラー,2001100650,メイショウルンバ,2011106067,マツリダゴッホ,2003104570,（同）ＪＰＮ技研,三嶋牧場,507.2,2001.0,2011.0,2003.0
2020101245,ドンドン,牡,阪本一栄,,ラブリーデイ,2010104298,プリミティブラブ,2011109237,ゼンノロブロイ,2000101517,山田祐三,新井昭二,507.2,2010.0,2011.0,2000.0
2020106208,メイショウオーザ,牡,石橋守,,ダノンレジェンド,2010110102,メイショウラグーナ,2007101779,バブルガムフェロー,1993109219,松本好隆,赤田牧場,507.0,2010.0,2007.0,1993.0
2020105807,ヤマブキ,牡,鹿沼良和,,ゴールドシップ,2009102739,マイネカトレア,2010105956,アグネスタキオン,1998101516,豊島愛子,ブルースターズファーム,507.0,2009.0,2010.0,1998.0
2020106354,バンクサイド,牡,竹内正洋,,デクラレーションオブウォー,000a0136f6,マリスレーン,2014102210,ストリートセンス,000a0113a2,大田恭充,川越ファーム,506.9,2009.0,2014.0,2004.0
2020101164,ロッキータイタン,牡,千葉幸喜,,ナムラタイタン,2006101408,ジェットフォイル,2013102705,タイムパラドックス,1998101683,Ｉレーシング（株）,びらとり牧場,506.9,2006.0,2013.0,1998.0
2020102506,トーセンメモリア,牝,小久保智,,マクマホン,000a0143ac,トーセンビレッタ,2005100179,スウェプトオーヴァーボード,000a00fa34,島川隆哉,エスティファーム,506.0,2014.0,2005.0,1997.0
2020102509,マイロマンス,牝,後藤正義,,トーセンホマレボシ,2009106092,トーセンプリモ,2009103040,ストラヴィンスキー,000a00fa41,島川隆哉,エスティファーム,505.5,2009.0,2009.0,1996.0
2020103606,リアリーホット,牝,斉藤崇史,,ロードカナロア,2008103552,ホットチャチャ,000a01205c,Cactus Ridge,000a011ff1,長谷川祐司,ノーザンファーム,505.0,2008.0,2006.0,2001.0
2020102598,リアルエッジ,牡,角田輝也,,リアルスティール,2012104889,リアリゾンルレーヴ,2013110095,Lemon Drop Kid,000a0022d0,Ｇ１レーシング,追分ファーム,505.0,2012.0,2013.0,1996.0
2020105245,ベアエクセレント,牝,齋藤雄一,,ヘニーヒューズ,000a011155,ベストフューチャー,2007104417,ロージズインメイ,000a010a10,岡崎淳,佐藤牧場,504.6,2003.0,2007.0,2000.0
2020100411,ジャストザヴァルス,牝,宇野木博,,トランセンド,2006104736,ジャストザハピネス,2009105753,ハーツクライ,2001103038,北原大史,前田ファーム,504.5,2006.0,2009.0,2001.0
2020105389,オダケンサイレス,牡,松木啓助,,ノヴェリスト,000a012230,ラフォルトゥナ,1999105460,サンデーサイレンス,000a00033a,織田隆寛,大作ステーブル,504.0,2009.0,1999.0,1986.0
2020102206,シンキングキャロル,牝,内田勝義,,バゴ,2001190004,シンキングカミユ,2013101864,タニノギムレット,1999100226,佐藤雄司,前野牧場,504.0,2001.0,2013.0,1999.0
2020101881,サニーフリージア,牝,川嶋弘吉,,タニノギムレット,1999100226,ハレイワ,2015103694,キングズベスト,000a0022d2,（株）チャンピオンズ,チャンピオンズファーム,504.0,1999.0,2015.0,1997.0
2020101727,エーレウォーン,牡,新田守,,ダイワメジャー,2001103114,レディヴァルール,000a01441e,Multiplex,000a014348,植田信行,スマイルファーム,504.0,2001.0,2013.0,2003.0
2020100596,モーニングヒマワリ,牝,水野善太,,コパノリッキー,2010106548,サクラシエラ,2009104119,マイネルラヴ,1995108558,戸部昌洋,王蔵牧場,503.7,2010.0,2009.0,1995.0
2020104261,メタルクラフト,牡,荒巻透,,バゴ,2001190004,レッドラフィーネ,2014106313,ハービンジャー,000a011996,シグラップ・マネジメ,静内白井牧場,503.3,2001.0,2014.0,2006.0
2020105053,シルバーステラ,牝,中川竜馬,,シルバーステート,2013105903,ファインステラ,2015100099,ルーラーシップ,2007103143,豊島愛子,岩見牧場,503.2,2013.0,2015.0,2007.0
2020104505,カースソーサラー,牡,奥平雅士,,リオンディーズ,2013105915,バンドゥッチ,000a011a6a,Rossini,000a0119ba,飯田貴大,千代田牧場,503.0,2013.0,2007.0,1997.0
2020100860,チェリースクワート,牡,頼本盛行,,チェリークラウン,2004102428,チェリーノコイビト,2006101366,スクワートルスクワート,000a000da4,遠藤喜和,富塚ファーム,502.6,2004.0,2006.0,1998.0
2020106741,ツルノオンガエシ,牡,小野寺晋,,ベストウォーリア,2010110127,オドゥールゲラン,2003106176,ステイゴールド,1994108729,（有）鶴岡鉄工所,富菜牧場,502.5,2010.0,2003.0,1994.0
2020104833,トモノコリ,牝,藤ケ崎一,,パイロ,000a01176a,トモノメジェール,2013106038,ゼンノロブロイ,2000101517,山口謙太郎,北洋牧場,502.5,2005.0,2013.0,2000.0
2020103109,タイセイマキシム,牡,佐藤雅彦,,ルーラーシップ,2007103143,レッドオーラム,2011104294,ダイワメジャー,2001103114,田中成奉,社台ファーム,502.5,2007.0,2011.0,2001.0
2020100936,ヤマニンビロー,セ,伊藤和,,ロージズインメイ,000a010a10,ヤマニンパソドブル,2007104730,シンボリクリスエス,1999110099,土井久美子,廣田光夫,502.0,2000.0,2007.0,1999.0
2020100613,ミオファースト,牝,織田誠,,アジアエクスプレス,2011110091,スープリムシチー,2011106370,ネオユニヴァース,2000101426,小橋亮太,荻伏服部牧場,502.0,2011.0,2011.0,2000.0
2020100335,ブロムベーレ,牝,別府真司,,レッドファルクス,2011104416,ミュール,2010101551,ブライアンズタイム,000a000082,国田正忠,ヒサイファーム,502.0,2011.0,2010.0,1985.0
2020100486,フェネストラ,牝,田村彰啓,,サトノアラジン,2011104063,ゴットサーガ,2011103595,ダンスインザダーク,1993109188,由谷拓之,明治牧場,501.2,2011.0,2011.0,1993.0
2020100504,ミレディ,牝,櫻田康二,,リーチザクラウン,2006102923,ファルファラ,2006100584,キングカメハメハ,2001103460,由利一郎,元茂牧場,501.0,2006.0,2006.0,2001.0
2020110013,オーディブルコール,牝,池江泰寿,,Medaglia d'Oro,000a010a65,コールバック,000a01a8db,ストリートセンス,000a0113a2,サンデーレーシング,Northern Farm,500.0,1999.0,2012.0,2004.0
2020105797,アンノウンレディ,牝,清水英克,,ルーラーシップ,2007103143,マイネレーツェル,2005109177,ステイゴールド,1994108729,サラブレッドクラブ・ラフィアン,ビッグレッドファーム,500.0,2007.0,2005.0,1994.0
2020105653,ラビットヘアー,牝,山中尊徳,,ルーラーシップ,2007103143,ラナンキュラス,2007104775,スペシャルウィーク,1995103211,前田幸治,ノースヒルズ,500.0,2007.0,2007.0,1995.0
2020104528,ゲットアミリオン,牡,新谷功一,,ドゥラメンテ,2012104511,ライクアミリオン,000a01441c,ストリートセンス,000a0113a2,カカムーチョレーシング,千代田牧場,500.0,2012.0,2013.0,2004.0
2020104257,メイショウリリアム,牝,板垣吉則,,シルバーステート,2013105903,マイネウェリナ,2011104877,キングカメハメハ,2001103460,シグラップ・マネジメ,静内白井牧場,500.0,2013.0,2011.0,2001.0
2020105894,マッドルル,牝,山中尊徳,,ミッキーロケット,2013106099,オーミポルカ,2013102009,キングヘイロー,1995104427,大越徹朗,松木加代,499.5,2013.0,2013.0,1995.0
2020104629,ディーエスエンスー,牡,松本隆宏,,ビッグアーサー,2011103328,ナムラエンジェル,2011102413,サウスヴィグラス,1996110138,秋谷壽之,野坂牧場,499.1,2011.0,2011.0,1996.0
2020110030,ユアデスティニー,牝,小野次郎,,Oscar Performance,000a015fd6,Rendezvous Point,000a014131,Kingmambo,000a001d7e,稲場澄,Crosshaven Bloodstock,499.0,2014.0,2001.0,1990.0
2020102629,アルスアンティカ,セ,九日俊光,,イスラボニータ,2011103565,アルスフェルト,2013105305,キングカメハメハ,2001103460,（同）ＪＰＮ技研,社台コーポレーション白老ファーム,498.7,2011.0,2013.0,2001.0
2020104003,プリンセスキアラ,牝,佐々木清,,シニスターミニスター,000a011099,プリンセスバリュー,2010100813,サウスヴィグラス,1996110138,村上憲政,岡田牧場,498.6,2003.0,2010.0,1996.0
2020106674,ヒルノグラスゴー,牡,後藤佑耶,,モーリス,2011100655,ヒルノマテーラ,2011105890,マンハッタンカフェ,1998101554,ヒルノ,辻牧場,497.8,2011.0,2011.0,1998.0
2020100353,ロゴデザイン,牡,高橋文雅,,ロゴタイプ,2010103783,ピンクガーター,2000101544,アフリート,000a000013,住宅データ,広田牧場,497.7,2010.0,2000.0,1984.0
2020106723,ドミネートシチー,牡,高月賢一,,マジェスティックウォリアー,000a011e9c,クアンナム,000a013e38,Invincible Spirit,000a01056d,友駿ホースクラブ,富田牧場,497.0,2005.0,2010.0,1997.0
2020103493,カリブルヌス,牡,坂口義幸,,ビッグアーサー,2011103328,ディリジェンテ,2012104740,ステイゴールド,1994108729,大原直記,ノーザンファーム,496.8,2011.0,2012.0,1994.0
2020102572,カルツェッタ,牝,関本浩司,,ビッグアーサー,2011103328,ディミータ,2007102689,ダンスインザダーク,1993109188,小橋亮太,追分ファーム,496.7,2011.0,2007.0,1993.0
2020101783,パニックボタン,牡,加藤幸保,,アドマイヤムーン,2003102991,アドニータ,000a011a1c,シングスピール,1992190005,桑田照夫,ダーレー・ジャパン・ファーム,496.7,2003.0,2004.0,1992.0
2020101009,アイノパスレル,牝,佐藤雅彦,,グレーターロンドン,2012101402,スカーレットドレス,2004102911,ホワイトマズル,1990109700,會田浩史,吉田ファーム,496.5,2012.0,2004.0,1990.0
2020106203,メイショウフラム,牝,高橋純,,マクフィ,000a011c77,メイショウイザヨイ,2009100139,オレハマッテルゼ,2000101550,加藤和成,赤田牧場,496.3,2007.0,2009.0,2000.0
2020102035,パトリ,牝,佐々木由,,カレンブラックヒル,2009106230,プレイリースター,2010100150,マヤノトップガン,1992102988,大黒富美子,春木ファーム,495.7,2009.0,2010.0,1992.0
2020106076,ケンコウ,牡,辻野豊,,ラニ,2013110045,キクノレヨン,2012105271,エンパイアメーカー,000a010542,榊原勝好,レジェンドファーム,495.5,2013.0,2012.0,2000.0
2020102841,ノイアーターク,セ,植松則幸,,ロードカナロア,2008103552,Coeur de Beaute,000a014470,Dabirsim,000a013ff9,ファーストビジョン,社台ファーム,495.0,2008.0,2015.0,2009.0
2020101138,グレーターホープ,牡,月岡健二,,グレーターロンドン,2012101402,パンドラズホープ,2012104790,キングカメハメハ,2001103460,窪田芳郎,坂東牧場,495.0,2012.0,2012.0,2001.0
2020106263,ピンポンマム,牝,工藤裕孝,,エイシンヒカリ,2011101273,エイシンヘケト,2015102898,エイシンアポロン,2007110020,山口謙太郎,栄進牧場,493.2,2011.0,2015.0,2007.0
2020105381,パーティーキング,牡,田辺陽一,,ホッコータルマエ,2009100921,ハッピーパーティー,2014103229,クロフネ,1998110135,安藤浩也,大作ステーブル,493.2,2009.0,2014.0,1998.0
2020100556,リュウノレッドアイ,牝,野口寛仁,,エスケンデレヤ,000a012cc0,ニシノヘレンド,2007102519,Oasis Dream,000a010d4f,蓑島竜一,秋場牧場,493.1,2007.0,2007.0,2000.0
2020104211,マンジュ,牡,岩本洋,,マクフィ,000a011c77,エンプレスボード,2013104242,スウェプトオーヴァーボード,000a00fa34,野路一治,佐竹学,493.0,2007.0,2013.0,1997.0
2020102092,フォルキャップ,牡,桧森邦夫,,クレイドルサイアー,2001107386,コスモフリップ,2014100751,アイルハヴアナザー,000a011ed3,八嶋長久,ファーミングヤナキタ,493.0,2001.0,2014.0,2009.0
2020101705,ノーブルジャック,牡,板垣吉則,,バゴ,2001190004,ワディラム,2001103035,サンデーサイレンス,000a00033a,吉木伸彦,スウィングフィールド牧場,492.5,2001.0,2001.0,1986.0
2020101672,クラベルブランコ,牝,畠山信一,,グランデッツァ,2009105989,ベッティング,2014102055,カジノドライヴ,2005110112,吉田勝利,新生ファーム,491.9,2009.0,2014.0,2005.0
2020100919,ジューントルテ,牝,宇都英樹,,ラニ,2013110045,ジューンヴィエナ,2011102376,カンパニー,2001103435,小橋亮太,ヒダカファーム,491.8,2013.0,2011.0,2001.0
2020101256,アロア,牝,長谷川忍,,ネロ,2011103722,ロイズブラスハート,2015101053,ショウナンカンプ,1998102595,新井弘幸,新井弘幸,491.5,2011.0,2015.0,1998.0
2020102411,フォーカスオンミー,牡,西山裕貴,,サトノダイヤモンド,2013106101,コマノサラサ,2012103318,クロフネ,1998110135,永田廣,新井牧場,491.0,2013.0,2012.0,1998.0
2020106310,カンノーリ,牝,原口次夫,,ブラックタイド,2001103312,マッドアバウトユー,2011101482,アルデバランII,000a010541,加藤千豊,オカモトファーム,490.5,2001.0,2011.0,1998.0
2020103568,ピヌスアモリス,牝,松下武士,,ハーツクライ,2001103038,フォエヴァーダーリング,000a013dcb,Congrats,000a010687,サンデーレーシング,ノーザンファーム,490.0,2001.0,2013.0,2000.0
2020100402,ラガーワンチーム,牡,尾林幸二,,ミッキーアイル,2011103916,ラガーデリゲート,2015102600,ロードカナロア,2008103552,奥村啓二,前川勝春,490.0,2011.0,2015.0,2008.0
2020102283,ブルーシャトー,牡,國澤利照,,トゥザワールド,2011103975,フロールシータ,2011104331,エアジハード,1995107978,小橋亮太,門別敏朗,489.9,2011.0,2011.0,1995.0
2020102684,ティックルハート,牝,櫻田康二,,ドレフォン,000a013b82,ティックルゴールド,2011103636,ステイゴールド,1994108729,Ｇ１レーシング,社台コーポレーション白老ファーム,489.7,2013.0,2011.0,1994.0
2020100989,リュウノボマーク,牝,野口寛仁,,メイショウボーラー,2001100650,チェイルリー,2004103818,ジャングルポケット,1998101786,蓑島竜一,村下農場,489.6,2001.0,2004.0,1998.0
2020101637,ナリタアンビション,牝,川島豊,,サトノクラウン,2012104668,ナリタスカイ,2009102519,ディープインパクト,2002100816,山田信明,白井牧場,489.2,2012.0,2009.0,2002.0
2020102289,ブライトガッサン,牡,矢野義幸,,ディープブリランテ,2009105084,ギリア,2009110043,Fusaichi Pegasus,000a0022cf,西村專次,門別牧場,489.0,2009.0,2009.0,1997.0
2020101898,サンバデルンバ,牝,渡辺博文,,キズナ,2010105827,ヤマン,2013104937,ハービンジャー,000a011996,（株）チャンピオンズ,チャンピオンズファーム,489.0,2010.0,2013.0,2006.0
2020100694,ナムラミシェル,牝,後藤佑耶,,マクフィ,000a011c77,ナムラケイオス,2009103253,ケイムホーム,000a0108d1,福原聡,桑田正己,488.3,2007.0,2009.0,1999.0
2020106740,キタノクーヴェル,牡,陶文峰,,トーセンラー,2008102985,アンナトルテ,2013103628,エンパイアメーカー,000a010542,北所拓也,富菜牧場,488.0,2008.0,2013.0,2000.0
2020105112,リケアネーブル,牡,大塚信次,,パドトロワ,2007102760,カヤドーミーティア,2006100756,エアジハード,1995107978,大黒富美子,柏木一則,486.4,2007.0,2006.0,1995.0
2020105779,ヴンダー,牝,伊藤強一,,ゴールドシップ,2009102739,マイネエスポワール,2005105013,アグネスデジタル,1997110025,酒井孝敏,ビッグレッドファーム,485.8,2009.0,2005.0,1997.0
2020102479,トーセンスタイル,牡,小久保智,,マクマホン,000a0143ac,スタイルアンドクラス,000a012d0d,Galileo,000a00232b,Ａ．Ｗ（株）,エスティファーム,485.5,2014.0,2010.0,1998.0
2020100076,テイエムエポック,牡,平山宏秀,,リオンディーズ,2013105915,チャイニーズフレア,2004102935,タヤスツヨシ,1992109612,竹園正繼,片山牧場,485.0,2013.0,2004.0,1992.0
2020104409,ライヴケチャップ,牝,酒井仁,,ヘニーヒューズ,000a011155,レッドジュラーレ,2014105407,ハービンジャー,000a011996,澤田孝之,田中裕之,484.5,2003.0,2014.0,2006.0
2020102269,ツィスカリーゼ,牡,的場均,,リオンディーズ,2013105915,アンドリエッテ,2012101989,ディープインパクト,2002100816,谷口祐人,森永牧場,484.1,2013.0,2012.0,2002.0
2020106984,ダンシングハピリー,牝,武井和実,,ビーチパトロール,000a0141f9,ヨイミヤ,2013103983,マツリダゴッホ,2003104570,北原大史,ミルファーム,484.0,2013.0,2013.0,2003.0
2020100311,サヨノフジ,牡,九日俊光,,スズカコーズウェイ,2004104345,ジュウゴヤムーン,2009103533,アドマイヤムーン,2003102991,原庸介,中橋清,484.0,2004.0,2009.0,2003.0
2020104530,モズスナイパー,牡,加藤和宏,,デクラレーションオブウォー,000a0136f6,ラブアンドピース,2006101245,キングカメハメハ,2001103460,（株）ファーストビジ,千代田牧場,483.5,2009.0,2006.0,2001.0
2020102478,ステラータアイズ,牝,川添明弘,,マインドユアビスケッツ,000a01392e,ジュリアー,000a0143cb,Sky Mesa,000a010a66,宮崎孝一郎,エスティファーム,483.4,2013.0,2012.0,2000.0
2020102105,デルマスソバライ,牝,加藤和義,,ヴィクトワールピサ,2007102923,デルマスピリタス,2015101904,ノヴェリスト,000a012230,浅沼廣幸,ファニーヒルファーム,483.4,2007.0,2015.0,2009.0
2020107193,ミスサンフラワー,牝,那俄性哲,,フェノーメノ,2009106599,マルハチブルーム,2014106269,キングヘイロー,1995104427,宮澤健,北光牧場,483.0,2009.0,2014.0,1995.0
2020103645,スワッグチェーン,牡,田村康仁,,ロードカナロア,2008103552,メジャーエンブレム,2013105840,ダイワメジャー,2001103114,サンデーレーシング,ノーザンファーム,483.0,2008.0,2013.0,2001.0
2020104552,ランペイジシチー,牡,藤ケ崎一,,ブラックタイド,2001103312,ハイデンガールズ,2013104593,サウスヴィグラス,1996110138,山口謙太郎,飛野牧場,482.7,2001.0,2013.0,1996.0
2020100368,スタークローザー,牡,山田義人,,エスポワールシチー,2005102837,ユメミライ,2013102979,マンハッタンカフェ,1998101554,鳳山信年,幌村牧場,482.6,2005.0,2013.0,1998.0
2020103750,ダプネマリン,牝,入口由美,,ミッキーロケット,2013106099,シーフェアリー,2002106148,ユートカイザー,1994107985,小橋亮太,橋本牧場,482.5,2013.0,2002.0,1994.0
2020103904,イスラデルノルテ,牡,山下貴之,,イスラボニータ,2011103565,スノークラフト,2009103322,アグネスデジタル,1997110025,堂守貴志,岡田スタッド,482.1,2011.0,2009.0,1997.0
2020101236,グリグリグリジロウ,牡,井樋明正,,ダンカーク,000a012185,グリシーヌ,2011102062,サムライハート,2002100996,ジェイアイ（株）,新井昭二,482.0,2006.0,2011.0,2002.0
2020100210,ワタシハマジョ,牝,鹿沼良和,,ドレフォン,000a013b82,カネショウメロン,2004102378,ディアブロ,000a0000e9,今中俊平,下屋敷牧場,482.0,2013.0,2004.0,1987.0
2020106112,ワールドフォンテン,牡,井上弘之,,トゥザワールド,2011103975,オペラフォンテン,2008101677,オペラハウス,000a000d77,吉橋興生,寺井文秀,481.5,2011.0,2008.0,1988.0
2020106400,ゴバンガイノマリー,牝,池田忠好,,コパノリッキー,2010106548,ドリームエンブレム,2005106010,ウォーエンブレム,000a00fa35,小菅誠,杵臼牧場,480.5,2010.0,2005.0,1999.0
2020104549,スミダカチドキ,牡,稲益貴弘,,デクラレーションオブウォー,000a0136f6,ザフラッツ,000a011dda,Giant's Causeway,000a0022e1,臼倉あけみ,飛野牧場,480.0,2009.0,2007.0,1997.0
2020101505,ウィンターソング,牝,伊藤強一,,ラニ,2013110045,サッキーシフター,2011101251,サウスヴィグラス,1996110138,鈴木道隆,サンバマウンテンファーム,479.9,2013.0,2011.0,1996.0
2020106852,メイショウコウテツ,牡,石川浩文,,キズナ,2010105827,アプローズ,2015103385,Acclamation,000a0122b0,（株）アプエンテ,三嶋牧場,479.8,2010.0,2015.0,1999.0
2020105057,マヒート,牡,佐藤茂,,タリスマニック,000a013425,アンリミテッドピサ,2008102705,シンボリクリスエス,1999110099,ニットー商事,大狩部牧場,479.6,2013.0,2008.0,1999.0
2020102937,アイアンオー,牡,荒巻透,,ジャスタウェイ,2009106461,ダノンベルベール,2006103091,アグネスタキオン,1998101516,（同）ＪＰＮ技研,社台ファーム,479.5,2009.0,2006.0,1998.0
2020105271,ファーレンジョー,牡,渡辺博文,,ベーカバド,000a011dc0,フーガフューグ,2007104082,マンハッタンカフェ,1998101554,本橋厚哉,シンカンファーム,479.4,2007.0,2007.0,1998.0
2020104374,フォルテッサ,牡,大垣敏夫,,トーセンジョーダン,2006103169,ボンセジュール,2011102554,ダイワメジャー,2001103114,小橋亮太,高橋ファーム,479.1,2006.0,2011.0,2001.0
2020104999,ラヴァーズアイ,牝,渡辺博文,,アメリカンペイトリオット,000a013bba,タカヒロガートップ,2010105291,アドマイヤマックス,1999107004,高岡浩行,アサヒ牧場,479.0,2013.0,2010.0,1999.0
2020104057,サダムヴィオロン,牝,伊藤和,,エスポワールシチー,2005102837,サイレントセンティネル,000a0114af,Silver Hawk,000a0019b4,大西美生子,カタオカファーム,478.8,2005.0,2004.0,1979.0
2020109048,ツネノフージン,牡,竹下太,,リアルインパクト,2008103244,ドルフィンルージュ,2008104046,ティンバーカントリー,000a00035e,本城,諏訪牧場,478.7,2008.0,2008.0,1992.0
2020105491,ニシノスイセイ,牡,瀬戸幸一,,ストロングリターン,2006102934,ニシノアストライア,2015101787,ジャングルポケット,1998101786,安藤浩也,中山高鹿康,478.1,2006.0,2015.0,1998.0
2020105529,ノーブルプロセス,牝,那俄性哲,,ジャスタウェイ,2009106461,ノーブルジュピタ,2010105277,アドマイヤジュピタ,2003102883,吉木伸彦,新冠伊藤牧場,478.0,2009.0,2010.0,2003.0
2020100283,マユグリーン,牡,川村守男,,ラニ,2013110045,トーセンメッツ,2010100241,ジャングルポケット,1998101786,伊藤弘泰,土田和男,477.5,2013.0,2010.0,1998.0
2020102953,デルマオクリダシ,牡,三小田幸,,ストロングリターン,2006102934,ディエルベ,2015104564,ローエングリン,1999106738,北原大史,社台ファーム,477.4,2006.0,2015.0,1999.0
2020101445,モルフェアセーラ,牝,北村欣也,,トゥザワールド,2011103975,モルフェワイン,2011100871,ソングオブウインド,2003102461,藤井陸治,クリアファーム,477.3,2011.0,2011.0,2003.0
2020103249,マンオブグリット,牡,安部幸夫,,ロードカナロア,2008103552,ウィーミスフランキー,000a012060,Sunriver,000a011ff7,西村健,ノーザンファーム,477.1,2008.0,2009.0,2003.0
2020101491,グレヴィスタ,牡,三小田幸,,プレティオラス,2009102405,オルレアン,2001106075,アフリート,000a000013,楊明翰,サンシャイン牧場,476.6,2009.0,2001.0,1984.0
2020105482,ノンストップガール,牝,渡辺和雄,,エスポワールシチー,2005102837,スズランコマンダー,2005102937,スエヒロコマンダー,1995104468,鈴木雅彦,中山高鹿康,476.5,2005.0,2005.0,1995.0
2020106889,キャリーアドリーム,牝,倉地学,,ノヴェリスト,000a012230,パーソナルブレーン,2006102301,マンハッタンカフェ,1998101554,（株）アプエンテ,三嶋牧場,476.3,2009.0,2006.0,1998.0
2020105263,フェアリーマイア,牝,村上頼章,,レインボーライン,2013106183,シンカンミグフジ,2008104204,キャプテンスティーヴ,000a000d9d,和田清文,シンカンファーム,476.3,2013.0,2008.0,1997.0
2020105592,ヤマニンソウェイル,牝,伊藤和,,タリスマニック,000a013425,ヤマニンエルフィン,2011103348,スウィフトカレント,2001103189,土井久美子,錦岡牧場,475.9,2013.0,2011.0,2001.0
2020101173,ロマンチックボーイ,牡,野田幸雄,,ダノンシャンティ,2007105709,ロマンチックキス,2016105070,ルーラーシップ,2007103143,川合満,びらとり牧場,475.7,2007.0,2016.0,2007.0
2020105662,ニャー,牝,加藤幸保,,ディスクリートキャット,000a0113a1,ファニーゴールド,2002102304,エリシオ,1993190001,内田玄祥,ハクツ牧場,475.4,2003.0,2002.0,1993.0
2020102320,ゴールデンパリー,牝,櫻田康二,,ストロングリターン,2006102934,ステキナポケット,2009100599,ジャングルポケット,1998101786,簗詰貴彦,ヤナガワ牧場,475.2,2006.0,2009.0,1998.0
2020103961,グランキューブ,牡,植松則幸,,マインドユアビスケッツ,000a01392e,ワイキューブ,2003104550,アグネスタキオン,1998101516,ファーストビジョン,岡田スタッド,475.1,2013.0,2003.0,1998.0
2020100430,ゲームボール,牡,松浦裕之,,ワールドエース,2009106353,アクアブルーマーチ,2005105960,タイキシャトル,1994109686,前田良平,松本牧場,475.0,2009.0,2005.0,1994.0
2020103124,レッドフローガ,牡,松浦裕之,,ロードカナロア,2008103552,ロマンシングジェム,2010103985,アグネスタキオン,1998101516,佐藤知雄,社台ファーム,474.7,2008.0,2010.0,1998.0
2020109071,フレッチャネーラ,牡,迫田清美,,イスラボニータ,2011103565,トップチョイス,2004110256,Cryptoclearance,000a001e83,小林哲弘,ワールドファーム,474.5,2011.0,2004.0,1984.0
2020102504,トーセンサブリナ,牝,小久保智,,マクマホン,000a0143ac,トーセンハピネス,2002104353,サンデーサイレンス,000a00033a,島川隆哉,エスティファーム,474.0,2014.0,2002.0,1986.0
2020105437,サンウイング,牡,大山寿文,,ゼンノロブロイ,2000101517,バラブシュカ,2012101175,ブレイクランアウト,2006110007,（株）さくらコーポレ,トモファーム,473.3,2000.0,2012.0,2006.0
2020105938,マテンロウイーグル,牡,昆貢,,Sharp Azteca,000a013e22,ドッピアヴェンデッタ,000a01597f,First American,000a014f37,寺田千代乃,村上欽哉,473.0,2013.0,2010.0,1996.0
2020104411,フロレンティア,牝,工藤伸輔,,ストロングリターン,2006102934,グレーストスカーナ,2013103076,マツリダゴッホ,2003104570,（株）アプエンテ,棚川祐志,472.5,2006.0,2013.0,2003.0
2020100351,モルフェブーケ,牝,室井眞文,,ダイワメジャー,2001103114,ライブリーチューン,000a011166,Dixieland Band,000a0017b2,（株）ファーストビジ,平野牧場,472.4,2001.0,2004.0,1980.0
2020106080,ノブノウマー,牡,川島正一,,パドトロワ,2007102760,サクラパイロット,2014104365,サクラプレジデント,2000102261,鈴木伸明,レジェンドファーム,472.0,2007.0,2014.0,2000.0
2020100885,ロデオスター,牡,森下淳平,,トビーズコーナー,000a011fed,ニュースター,2008102180,プリサイスエンド,000a00fe9b,今村明浩,中山牧場,472.0,2008.0,2008.0,1997.0
2020104766,タリスアマゾン,牡,中舘英二,,タリスマニック,000a013425,ピエナアマゾン,2007100873,アグネスタキオン,1998101516,高橋文男,フジワラファーム,471.0,2013.0,2007.0,1998.0
2020109014,クリノファルコン,牡,菅原欣也,,アルデバランII,000a010541,イースタリーブリーズ,000a010f07,Fusaichi Pegasus,000a0022cf,（同）ＪＰＮ技研,イズモリファーム,470.7,1998.0,2002.0,1997.0
2020101844,ボストンコモン,牡,高橋俊之,,アメリカンペイトリオット,000a013bba,ミッドサマーコモン,2015101619,ディープインパクト,2002100816,佐々木均,ダーレー・ジャパン・ファーム,470.5,2013.0,2015.0,2002.0
2020102012,スタングレネード,牡,塚田隆男,,エスポワールシチー,2005102837,ゴーフォーイット,2012101739,タイキシャトル,1994109686,堀井真知子,野島牧場,470.4,2005.0,2012.0,1994.0
2020101475,スーパークール,牡,尾林幸二,,パイロ,000a01176a,カリス,2011100254,シンボリクリスエス,1999110099,石原進,坂牧場,470.3,2005.0,2011.0,1999.0
2020110084,カイロメッセージ,牡,森下淳平,,Cairo Prince,000a013f30,Denali Tizadream,000a01bd64,Colonel John,000a011a41,岡井元憲,Machmer Hall Craig Brogden & Carrie Brogden,470.0,2011.0,2012.0,2005.0
2020107180,アタッシュマン,牡,久保勇,,アメリカンペイトリオット,000a013bba,イガノポポー,2007103678,オペラハウス,000a000d77,北原大史,荒谷輝和,469.0,2013.0,2007.0,1988.0
2020104494,ホームラン,牡,九日俊光,,ドレフォン,000a013b82,ダノンパンサー,2015105949,ノヴェリスト,000a012230,關美和,千代田牧場,469.0,2013.0,2015.0,2009.0
2020105961,シェナダイヤ,牡,山田正実,,フリオーソ,2004106867,ニシノキュアノス,2007102507,アジュディケーティング,000a000d5d,冨田藤男,村上進治,468.0,2004.0,2007.0,1987.0
2020100128,シゲルダンガン,牡,鈴木義久,,シゲルカガ,2011103048,シゲルアンドロメダ,2010110118,Birdstone,000a01169b,森中啓子,グローリーファーム,468.0,2011.0,2010.0,2001.0
2020100717,リリアナフェアリー,牝,石川栄,,ダノンレジェンド,2010110102,カネトシフェアリー,2013105659,ワークフォース,000a011a7f,宮崎豊治,高昭牧場,467.7,2010.0,2013.0,2007.0
2020101171,ビスケット,牝,和田雄二,,ミッキーアイル,2011103916,ラガマフィン,2013105400,ゼンノロブロイ,2000101517,和田牧場,びらとり牧場,467.3,2011.0,2013.0,2000.0
2020104901,ワガママナビジン,牝,矢野義幸,,パイロ,000a01176a,エカポールパンダ,2011106515,ダンスインザダーク,1993109188,石瀬浩三,三木田牧場,466.5,2005.0,2011.0,1993.0
2020100489,ジュエルプリンス,牡,後藤正義,,シニスターミニスター,000a011099,ジュエルクイーン,2012102600,キンシャサノキセキ,2003110212,豊原純弥,明治牧場,466.4,2003.0,2012.0,2003.0
2020103958,スパーキングブルー,牡,九日俊光,,サトノクラウン,2012104668,レジェンドブルー,2006100820,ステイゴールド,1994108729,（同）ＪＰＮ技研,岡田スタッド,466.0,2012.0,2006.0,1994.0
2020106108,スカイロック,牡,関本浩司,,ディープスカイ,2005101358,ワタシノデバン,1999106177,アジュディケーティング,000a000d5d,小橋亮太,熊沢牧場,465.5,2005.0,1999.0,1987.0
2020104863,ビーアイブラック,牝,山田義人,,カレンブラックヒル,2009106230,ビットアリエス,2011102929,ヨハネスブルグ,000a0103b9,礒川正明,前田牧場,465.5,2009.0,2011.0,1999.0
2020101234,ザゴート,牝,荒井朋弘,,コパノリッキー,2010106548,エルメスショコラ,2013109020,アドマイヤムーン,2003102991,野村一雄,新井昭二,465.1,2010.0,2013.0,2003.0
2020106970,スングリダンダン,牝,高橋純,,マジェスティックウォリアー,000a011e9c,チクタクボンボン,2015103763,ゴールドアリュール,1999106689,谷謙介,ミルファーム,464.8,2005.0,2015.0,1999.0
2020102268,リワードジョン,牡,堂山芳則,,ホッコータルマエ,2009100921,ポレモス,2008104809,アグネスタキオン,1998101516,宮崎忠比古,モリナガファーム,464.8,2009.0,2008.0,1998.0
2020101345,エスタビエン,牝,伊藤強一,,ドゥラメンテ,2012104511,エストレチャダ,000a01441b,Offlee Wild,000a01291d,鈴木和彦,オリオンファーム,464.8,2012.0,2011.0,2000.0
2020105982,カガヤキタイヨー,牝,平松徳彦,,エスポワールシチー,2005102837,ヴェアリアスローズ,2010106098,スターリングローズ,1997106560,曽和栄司,村上牧場,464.7,2005.0,2010.0,1997.0
2020103873,メルクーア,牝,保利良次,,ブラックタイド,2001103312,ヴンダーゾンネ,2006100745,グラスワンダー,1995108676,小橋亮太,岡田スタッド,464.6,2001.0,2006.0,1995.0
2020106951,サルジュターグ,牡,柳井宏之,,ダンカーク,000a012185,ピッパレジーナ,2014103598,ゴールドアリュール,1999106689,江頭數義,宮内牧場,464.5,2006.0,2014.0,1999.0
2020104457,ヒダカホンセン,牝,阪本一栄,,フェノーメノ,2009106599,トキノメイゲツ,2009103793,クロフネ,1998110135,大典牧場（有）,大典牧場,464.3,2009.0,2009.0,1998.0
2020102460,モーニング,牡,入口由美,,パイロ,000a01176a,ヒカルユメアカリ,2009105583,シンボリクリスエス,1999110099,木原文夫,宇南山牧場,464.0,2005.0,2009.0,1999.0
2020106748,トリシューラ,牡,石川浩文,,ディスクリートキャット,000a0113a1,クサナギノツルギ,2007102814,デュランダル,1999106756,篁真一郎,トラストスリーファーム,463.7,2003.0,2007.0,1999.0
2020103526,リアルデグニティ,牡,佐藤裕太,,リアルスティール,2012104889,バランセラ,000a011522,Acatenango,000a001f0b,西村健,ノーザンファーム,463.2,2012.0,2001.0,1982.0
2020103353,グリューナブリッツ,牝,飯田良弘,,ベストウォーリア,2010110127,グリューネヴォッヘ,2010104333,スペシャルウィーク,1995103211,レックス,ノーザンファーム,462.7,2010.0,2010.0,1995.0
2020101458,キタノレーニア,牝,宇都英樹,,レッドファルクス,2011104416,ハタノリュウール,2014101851,ディープブリランテ,2009105084,遠藤喜和,グッドラック・ファーム,462.6,2011.0,2014.0,2009.0
2020110119,エスペランサフラグ,牝,中竹和也,,Point of Entry,000a01293c,プレイスオブアーナー,000a01a963,First Samurai,000a011157,クラウン,Crown Farm USA,462.0,2008.0,2011.0,2003.0
2020105815,アドベンチャーベイ,牝,伊藤強一,,ニシケンモノノフ,2011105438,ニケ,2009100620,ダイワメジャー,2001103114,酒井孝敏,プログレスファーム,462.0,2011.0,2009.0,2001.0
2020100333,ミスターキング,牡,藤田弘治,,ドレフォン,000a013b82,ヴォレダンルシエル,2015104948,キングカメハメハ,2001103460,田畑利彦,ヒサイファーム,461.2,2013.0,2015.0,2001.0
2020100336,バララララララ,牝,工藤伸輔,,ジャングルポケット,1998101786,ラクリモーサ,2009105982,ウォーエンブレム,000a00fa35,古谷剛彦,ヒサイファーム,461.1,1998.0,2009.0,1999.0
2020101365,ビービーパークス,牡,別府真司,,ノヴェリスト,000a012230,リーガルアミューズ,2005104016,アグネスタキオン,1998101516,（有）坂東牧場,賀張三浦牧場,461.0,2009.0,2005.0,1998.0
2020103438,ジナ,牝,角田輝也,,シルバーステート,2013105903,スネガエクスプレス,2009106159,ウォーエンブレム,000a00fa35,小出敬之,ノーザンファーム,460.7,2013.0,2009.0,1999.0
2020103841,シュネーガッツ,牡,齊藤敏,,ディスクリートキャット,000a0113a1,ウエスタンビアンコ,2012102716,クロフネ,1998110135,八嶋長久,ウエスタンファーム,460.5,2003.0,2012.0,1998.0
2020101886,ホープアイランド,牝,栗本陽一,,ルーラーシップ,2007103143,ピースオブラヴ,2002105372,マイネルラヴ,1995108558,信田健男,チャンピオンズファーム,460.1,2007.0,2002.0,1995.0
2020101059,コパノシャンソン,牝,手島勝利,,コパノリッキー,2010106548,フレンチカンカン,2010100017,フレンチデピュティ,000a00013a,吉田勝利,北島牧場,459.4,2010.0,2010.0,1992.0
2020106502,アンパト,セ,川島豊,,ビーチパトロール,000a0141f9,レッドリップス,2006102912,フレンチデピュティ,000a00013a,豊島愛子,千里ファーム,458.8,2013.0,2006.0,1992.0
2020105683,ツーウィング,牝,大島静夫,,エピファネイア,2010104155,ビジャリカ,2009106559,ディープインパクト,2002100816,成富直行,ハシモトファーム,458.8,2010.0,2009.0,2002.0
2020104730,フエルテテソーロ,牝,工藤裕孝,,ファインニードル,2013100612,ナドー,000a0120f0,Soave,000a01205a,川添裕起,藤沢牧場,458.5,2013.0,2009.0,1999.0
2020103895,ソルデベラーノ,牡,伊藤和忍,,ビーチパトロール,000a0141f9,サマーロコガール,2007101192,キングカメハメハ,2001103460,鈴木智明,岡田スタッド,458.3,2013.0,2007.0,2001.0
2020105056,ヒメワカバ,牝,高橋文雅,,アメリカンペイトリオット,000a013bba,アッシュケーク,2006103872,タイキシャトル,1994109686,岡田勇,大狩部牧場,458.0,2013.0,2006.0,1994.0
2020102113,ハイブリッチライト,牡,小牧毅,,トゥザワールド,2011103975,アルカンジュエール,2013101108,スズカマンボ,2001103890,秋元順紀,藤本直弘,458.0,2011.0,2013.0,2001.0
2020103161,サワーキャンディー,牝,阪本一栄,,トゥザワールド,2011103975,サトノガガ,2014104813,ダイワメジャー,2001103114,松谷翔太,ゼットステーブル,457.5,2011.0,2014.0,2001.0
2020101336,メメナビレラ,牝,大島静夫,,ルーラーシップ,2007103143,メメビーナス,2007101890,フジキセキ,1992109618,北原大史,沖田牧場,457.5,2007.0,2007.0,1992.0
2020100978,ハギノカノア,牡,飯田良弘,,ロードカナロア,2008103552,ハギノフェリス,2011103386,ディープインパクト,2002100816,安岡美津子,村下明博,457.5,2008.0,2011.0,2002.0
2020104919,ベッピンサン,牝,小崎憲,,ハービンジャー,000a011996,プレザントブリーズ,2006101667,マンハッタンカフェ,1998101554,ニッシンホールディングス,矢野牧場,457.0,2006.0,2006.0,1998.0
2020104626,クツワファミリー,牡,高橋俊之,,ビッグアーサー,2011103328,クツワホームラン,2011102409,ハーツクライ,2001103038,浜口卓也,野坂牧場,456.9,2011.0,2011.0,2001.0
2020102250,レイズアオーソ,牡,佐藤博紀,,フリオーソ,2004106867,レイズアスマイル,2013102206,ベーカバド,000a011dc0,西村隆平,三輪牧場,456.8,2004.0,2013.0,2007.0
2020100540,テリオスドン,牡,新田守,,ジャングルポケット,1998101786,モモイロアゲハ,2010106387,ダンスインザダーク,1993109188,高橋昇市,米田牧場,456.7,1998.0,2010.0,1993.0
2020100371,レジーナヌーボ,牝,角田輝也,,ルーラーシップ,2007103143,アペラシオン,2009106077,アドマイヤムーン,2003102991,永山勝敏,本桐牧場,456.7,2007.0,2009.0,2003.0
2020104276,オンドリータイザン,牡,桧森邦夫,,ミッキーロケット,2013106099,ジュヴィ,2015105372,ハーツクライ,2001103038,平野照子,静内ファーム,456.5,2013.0,2015.0,2001.0
2020106220,ワイルドダンク,牡,藤原智行,,ダンカーク,000a012185,ワイルドテイル,2014103007,ケイムホーム,000a0108d1,レックス,鵜木唯義,455.5,2006.0,2014.0,1999.0
2020104071,ネクストレベル,牝,小西重征,,レッドファルクス,2011104416,プリンセスボーラー,2012101074,メイショウボーラー,2001100650,吉橋英隆,神垣道弘,455.5,2011.0,2012.0,2001.0
2020105828,フユノソラ,牝,桜田浩樹,,シニスターミニスター,000a011099,パーカッショニスト,2007102927,アグネスタキオン,1998101516,山本武司,ホース・マネジメント・ボス,455.0,2003.0,2007.0,1998.0
2020106743,ミユキアモーレミオ,牡,水野善太,,レッドファルクス,2011104416,クロンドローリエ,2007101671,フジキセキ,1992109618,小橋亮太,富菜牧場,454.9,2011.0,2007.0,1992.0
2020100217,ポッピングシャワー,牝,川村守男,,シャンハイボビー,000a0127e4,ポッドクヒオ,2013105388,キングカメハメハ,2001103460,岡本育枝,下屋敷牧場,454.5,2010.0,2013.0,2001.0
2020102485,ミコフランシスカ,牝,伊藤勝好,,トーセンホマレボシ,2009106092,ダンカンズビー,2014105387,Shamardal,000a010c92,（有）ホースケア,エスティファーム,453.7,2009.0,2014.0,2002.0
2020110046,デイアンドナイト,牝,小久保智,,Night of Thunder,000a013801,Heat Of The Day,000a019859,Raven's Pass,000a011d04,小田吉男,Godolphin,452.5,2011.0,2014.0,2005.0
2020104618,ブルーテネーシャス,牡,倉地学,,アイファーソング,2008100386,キシュウリベンジ,2009105692,グリーンアプローズ,1994109559,青山郁代,野表篤夫,452.4,2008.0,2009.0,1994.0
2020106878,ファイナルソード,牡,山田徹,,ジャスタウェイ,2009106461,セクシーザムライ,2004110130,Deputy Minister,000a001849,（株）ＨＦＧ越後,三嶋牧場,451.5,2009.0,2004.0,1979.0
2020105419,ゴッドスピードレオ,牡,川嶋弘吉,,タリスマニック,000a013425,ターコイズ,2015101567,ハードスパン,000a0116a1,（株）ファーストビジ,トド岩高原銀河農場物語,451.1,2013.0,2015.0,2004.0
2020102946,カゼノオト,牝,九日俊光,,イスラボニータ,2011103565,チカアレグレ,2015104259,ハーツクライ,2001103038,岡友則,社台ファーム,451.1,2011.0,2015.0,2001.0
2020100963,イエローエイト,牝,川島豊,,ダンカーク,000a012185,ホワイトアウト,2012106084,フォーティナイナーズサン,000a011227,（株）ファーストビジ,丸村村下ファーム,451.0,2006.0,2012.0,2001.0
2020105061,エイチエヌバンピー,牡,佐藤茂,,ディスクリートキャット,000a0113a1,ギフトアワード,2013104450,エンパイアメーカー,000a010542,鳴田啓志,大狩部牧場,450.7,2003.0,2013.0,2000.0
2020105674,ツージーフェイス,牝,四位洋文,,ハービンジャー,000a011996,ミニョネット,2010104246,クロフネ,1998110135,ＳＴレーシング,ハクレイファーム,450.0,2006.0,2010.0,1998.0
2020103708,コンエネルジア,牡,手塚貴久,,Frankel,000a01239b,レディイヴァンカ,000a014f43,Tiz Wonderful,000a011c23,サンデーレーシング,ノーザンファーム,450.0,2008.0,2015.0,2004.0
2020100724,センチュリヒーロー,牡,大島静夫,,サトノクラウン,2012104668,シャイニインパクト,2015103579,ディープインパクト,2002100816,北原大史,高昭牧場,449.9,2012.0,2015.0,2002.0
2020105431,タツノヴィクトリー,牡,田辺陽一,,サトノクラウン,2012104668,ハワイアンアイ,2012100439,キングカメハメハ,2001103460,三河辰已,富本茂喜,449.8,2012.0,2012.0,2001.0
2020103801,アマソナ,牝,井樋一也,,ルーラーシップ,2007103143,ルージュクール,2008110125,Redoute's Choice,000a00fe93,吉田勝利,レイクヴィラファーム,449.5,2007.0,2008.0,1996.0
2020100865,ハクアイジュピター,牡,中道啓二,,ホッコータルマエ,2009100921,マカロンドナンシー,2006103148,ダンスインザダーク,1993109188,アシスト・ハクユウ不,中神牧場,449.5,2009.0,2006.0,1993.0
2020100721,アンナプルナ,牝,千葉博次,,ドリームバレンチノ,2007104877,グランドサッチャー,2013103249,ダイワメジャー,2001103114,住宅データ,高昭牧場,449.5,2007.0,2013.0,2001.0
2020106713,ヴィアスパークル,牡,山田徹,,ロゴタイプ,2010103783,ペルルクロシュ,2013101213,ソングオブウインド,2003102461,（株）ＭＲ,ディアレストクラブ,449.2,2010.0,2013.0,2003.0
2020105258,マナマハロ,牡,佐藤雅彦,,スマートファルコン,2005100097,アヴィド,2005104724,マヤノトップガン,1992102988,（同）ＭＩＲＡＩ,シンカンファーム,448.7,2005.0,2005.0,1992.0
2020102605,サトノミネルヴァ,牝,中塚猛,,ロードカナロア,2008103552,レジネッタ,2005102077,フレンチデピュティ,000a00013a,里見治,追分ファーム,448.7,2008.0,2005.0,1992.0
2020102236,オニユリ,牝,藤田正治,,ディスクリートキャット,000a0113a1,ダブルヨウコ,2012100452,ハーツクライ,2001103038,組）リノレーシング,増尾牧場,448.7,2003.0,2012.0,2001.0
2020101878,ヴァークスティ,牡,戸部尚実,,ジャスタウェイ,2009106461,トランプクイーン,2010104243,ネオユニヴァース,2000101426,Ｉレーシング（株）,チャンピオンズファーム,448.7,2009.0,2010.0,2000.0
2020100726,シティウォリアー,牝,千葉津代,,マジェスティックウォリアー,000a011e9c,ジェネロシティー,2010102085,フジキセキ,1992109618,上山泰憲,高昭牧場,448.7,2005.0,2010.0,1992.0
2020103229,ヴェアリアス,牡,高野毅,,ドレフォン,000a013b82,アンフィデルマール,2016104757,エンパイアメーカー,000a010542,前田幸治,ノーザンファーム,448.0,2013.0,2016.0,2000.0
2020101510,シュンコッチャン,牡,佐藤茂,,トーセンラー,2008102985,ノボキャビア,2011103169,ノボジャック,1997110152,渡辺孝祐,サンバマウンテンファーム,447.8,2008.0,2011.0,1997.0
2020101290,フラッフィソング,牝,西川敏弘,,マクフィ,000a011c77,マイディアソング,2008105281,ディープインパクト,2002100816,ウエスト．フォレスト．ステイブル,いとう牧場,447.0,2007.0,2008.0,2002.0
2020100094,ベストフェローズ,牡,雑賀正光,,エスポワールシチー,2005102837,ブルーベルベット,2003107000,フォーティナイナー,000a000134,公文進児,加野牧場,446.6,2005.0,2003.0,1985.0
2020105997,ディオレム,牡,久保杉隆,,リアルインパクト,2008103244,ホーリーフルーツ,2013105731,ワークフォース,000a011a7f,（株）さくらコーポレ,村上雅規,445.5,2008.0,2013.0,2007.0
2020102979,チリセラーノ,牡,国沢輝幸,,ドレフォン,000a013b82,ハラペーニョペパー,2012104484,ゼンノロブロイ,2000101517,山本浩司,社台ファーム,445.5,2013.0,2012.0,2000.0
2020104165,ランスオブビーナス,牝,長倉功,,ブラックタイド,2001103312,マイスクエアワン,2011102527,Giant's Causeway,000a0022e1,川下竜彦,ゴールドアップカンパニー,445.0,2001.0,2011.0,1997.0
2020102811,アンジュブースター,牝,佐藤博紀,,ディスクリートキャット,000a0113a1,オージーアイドル,2012104361,スニッツェル,000a010eaa,竹下浩一,社台ファーム,445.0,2003.0,2012.0,2002.0
2020100005,トライジャーニー,牡,小久保智,,アメリカンペイトリオット,000a013bba,スイートリリック,2010105284,ダイワメジャー,2001103114,密山根成,飯岡牧場,444.0,2013.0,2010.0,2001.0
2020105741,パラダイスシティ,牝,井上哲,,ゴールドシップ,2009102739,ヴィオトポス,2015100726,マツリダゴッホ,2003104570,酒井孝敏,ビッグレッドファーム,443.6,2009.0,2015.0,2003.0
2020105485,ニシノカナン,牡,松島壽,,ヴィクトワールピサ,2007102923,セイウンチャーム,2014110115,Dominus,000a0131a6,三岡陽,中山高鹿康,443.6,2007.0,2014.0,2008.0
2020109081,ジンステージ,牡,赤嶺本浩,,マスクゾロ,2011110069,ルリイロノチキュウ,2000110150,Gone West,000a001be1,栗山道郎,栗山ホースファーム,443.5,2011.0,2000.0,1984.0
2020100939,レオマニフィク,牡,栗林徹治,,パイロ,000a01176a,シルクシンフォニー,2009105111,ストーミングホーム,1998190003,田中博之,フクオカファーム,443.5,2005.0,2009.0,1998.0
2020101469,ラインシュトラール,牡,伊藤勝好,,タリスマニック,000a013425,ラインハーディー,2011103973,ゴールドアリュール,1999106689,葛西豊次,ケイズ,443.3,2013.0,2011.0,1999.0
2020103357,アラモードジェンヌ,牝,石橋満,,ドレフォン,000a013b82,グルーヴァー,2011103775,シンボリクリスエス,1999110099,福盛訓之,ノーザンファーム,443.2,2013.0,2011.0,1999.0
2020103633,クールトラッカー,牡,萩原清,,ドレフォン,000a013b82,マーブルケーキ,2011103886,キングカメハメハ,2001103460,寺田寿男,ノーザンファーム,442.5,2013.0,2011.0,2001.0
2020101150,ミッキーホーリー,牡,岡田利一,,ミッキーアイル,2011103916,ミッキークルソラ,2014105894,ダイワメジャー,2001103114,野田みづき,坂東牧場,442.5,2011.0,2014.0,2001.0
2020103056,ヴァルダリス,牝,杉山佳明,,ヴィクトワールピサ,2007102923,マチカネハヤテ,2005102387,サクラバクシンオー,1989108341,社台レースホース,社台ファーム,442.0,2007.0,2005.0,1989.0
2020102708,ホウオウプラージュ,牝,川田孝好,,ハービンジャー,000a011996,ベルプラージュ,2011103535,キングカメハメハ,2001103460,成富直行,社台コーポレーション白老ファーム,442.0,2006.0,2011.0,2001.0
2020102651,ファンタジスタ,牡,今津博之,,ルーラーシップ,2007103143,ココファンタジア,2013105871,ステイゴールド,1994108729,塚田義広,社台コーポレーション白老ファーム,441.8,2007.0,2013.0,1994.0
2020104300,シントーチャチャ,牝,藤田弘治,,キタサンブラック,2012102013,シントーオイチ,2016100974,サムライハート,2002100996,南條浩輝,静内山田牧場,441.5,2012.0,2016.0,2002.0
2020106341,キンキラキン,牝,柳井宏之,,ビッグアーサー,2011103328,ピンクパレット,2013106314,オレハマッテルゼ,2000101550,柴田茂樹,鎌田正嗣,441.0,2011.0,2013.0,2000.0
2020100476,ビナダラット,牝,加藤和宏,,ベストウォーリア,2010110127,スカイホークアイ,2008103905,バブルガムフェロー,1993109219,栗東総合産業（株）,三石ファーム,440.8,2010.0,2008.0,1993.0
2020107083,ジェイケイロンドン,牡,中道啓二,,グレーターロンドン,2012101402,ジェイケイウィン,2013104747,エンパイアメーカー,000a010542,小谷野次郎,浜本牧場,440.5,2012.0,2013.0,2000.0
2020101562,ユイノシノビアシ,牡,中川竜馬,,グレーターロンドン,2012101402,シーガルサリー,2004105647,フレンチデピュティ,000a00013a,豊島愛子,下河辺牧場,440.3,2012.0,2004.0,1992.0
2020110094,ニトロジャーニー,牡,木村暁,,Speightstown,000a011200,Twice the Lady,000a01bcf0,Quiet American,000a001ea2,Ｉレーシング（株）,WinStar Farm LLC,440.0,1998.0,2008.0,1986.0
2020105752,チェンテナリオ,牝,酒井一則,,ダノンバラード,2008103548,コスモスカイライン,2003106856,グラスワンダー,1995108676,森田一俊,ビッグレッドファーム,440.0,2008.0,2003.0,1995.0
2020103870,ウィズアットダンス,牝,矢内博,,マツリダゴッホ,2003104570,ウィズアットレース,2012102169,ローレルゲレイロ,2004100933,田村義徳,岡田スタッド,440.0,2003.0,2012.0,2004.0
2020101063,ディオース,牡,宇都英樹,,ヴィクトワールピサ,2007102923,タッチオブクラス,2012110124,High Chaparral,000a010270,清宮義男,協栄組合,440.0,2007.0,2012.0,1999.0
2020100731,サンヴェリー,牡,辻哲英,,デクラレーションオブウォー,000a0136f6,ダニエラズフラワー,000a012553,Corinthian,000a01173f,ホースアディクト,高昭牧場,440.0,2009.0,2009.0,2003.0
2020101593,ブルーアーカイブ,牡,加藤和宏,,コパノリッキー,2010106548,ブルーチッパー,2010100503,ボーナスフィーバー,2003110072,（株）ファーストビジ,下河辺牧場,439.0,2010.0,2010.0,2003.0
2020106129,サウザンパンチ,牡,錦見勇夫,,ダンカーク,000a012185,アドマイヤパンチ,2006102146,ワイルドラッシュ,000a0003a1,山本忍,様似共栄牧場,438.8,2006.0,2006.0,1994.0
2020107128,ギャレットルレーヴ,セ,井樋明正,,リオンディーズ,2013105915,ハビトゥス,2013102600,ファルブラヴ,1998190004,ジェイアイ（株）,坂本智広,438.1,2013.0,2013.0,1998.0
2020104183,アトモスジブリール,牡,原口次夫,,エイシンフラッシュ,2007102951,リーズントウショウ,2011102317,アドマイヤムーン,2003102991,志村鑑彦,坂本健一,438.1,2007.0,2011.0,2003.0
2020103128,ウバリ,牝,堀千亜樹,,ビーチパトロール,000a0141f9,ワカチナ,2013105488,ゼンノロブロイ,2000101517,吉田照哉,社台ファーム,438.0,2013.0,2013.0,2000.0
2020110022,スパイツサージュ,牝,五十嵐冬,,Speightstown,000a011200,ノディアック,000a014fd0,Kodiac,000a012b10,大里隆史,Healthy Wood Co. LTD.,437.9,1998.0,2013.0,2001.0
2020107004,マーブルミミ,牝,藤田弘治,,インカンテーション,2010104916,スマートディルハム,2009103351,ディープインパクト,2002100816,清水隆雄,山口義彦,437.9,2010.0,2009.0,2002.0
2020106058,インセイン,牡,大塚信次,,ゴールドアクター,2011105266,オグリピンキー,1998101874,トニービン,1983109006,大黒富美子,ヤマタケ牧場,437.7,2011.0,1998.0,1983.0
2020106867,エピックヒーロー,牡,加藤和宏,,スクリーンヒーロー,2004103328,サティアナ,000a01389c,Street Cry,000a0103ba,（株）ファーストビジ,三嶋牧場,437.6,2004.0,2009.0,1998.0
2020103818,マギーローズ,牝,吉橋淳一,,ラブリーデイ,2010104298,ローズデュルワ,2007102815,アフリート,000a000013,谷口祐人,アフリートファーム,437.5,2010.0,2007.0,1984.0
2020101068,ダイナマイトブル,牡,新井健児,,ベストウォーリア,2010110127,メイショウフーガ,2010102301,メイショウサムソン,2003102205,桧山博守,黒川賢司,437.5,2010.0,2010.0,2003.0
2020106430,ワンダフルグレイス,牝,山下貴之,,ロゴタイプ,2010103783,レッドマーキュリー,2009104147,マンハッタンカフェ,1998101554,米田稔,金成吉田牧場,437.2,2010.0,2009.0,1998.0
2020105758,ルビータイプ,牝,三小田幸,,ロゴタイプ,2010103783,コスモルビー,2003110076,ソヴィエトスター,000a000320,（株）ケーエム,ビッグレッドファーム,437.1,2010.0,2003.0,1984.0
2020101864,ツインプライム,牡,高野毅,,ダノンバラード,2008103548,イスルギ,2011103478,キングカメハメハ,2001103460,吉川朋宏,チャンピオンズファーム,437.0,2008.0,2011.0,2001.0
2020105075,マルヨクレハ,牝,柴田高志,,ラブリーデイ,2010104298,マルヨシロワイン,2006101118,アジュディケーティング,000a000d5d,野村春行,大狩部牧場,436.8,2010.0,2006.0,1987.0
2020102621,シナノホワイト,牡,鹿沼良和,,サトノクラウン,2012104668,ユキハナ,2013105092,マンハッタンカフェ,1998101554,小林和義,笹川大晃牧場,436.5,2012.0,2013.0,1998.0
2020100314,シェナストーン,牡,吉田正美,,ベルシャザール,2008103004,セイウンクレナイ,2002104840,タイキシャトル,1994109686,冨田藤男,中橋正,436.5,2008.0,2002.0,1994.0
2020106248,エイシンジェダイト,牝,宇都英樹,,ロゴタイプ,2010103783,エイシンクローバー,2014101055,キンシャサノキセキ,2003110212,松永直記,栄進牧場,435.9,2010.0,2014.0,2003.0
2020105978,マダムレディバグ,牝,平松徳彦,,ヘニーハウンド,2008110097,メモリアビアンカ,2009109133,クロフネ,1998110135,石川貴久,ムラカミファーム,435.7,2008.0,2009.0,1998.0
2020101804,リスクテイカー,牝,小林俊彦,,アメリカンペイトリオット,000a013bba,ゴールデンチャンス,2014102203,ステイゴールド,1994108729,高橋清彦,ダーレー・ジャパン・ファーム,435.2,2013.0,2014.0,1994.0
2020100605,マーレイン,牝,森山英雄,,ゴールドシップ,2009102739,シシャモチャン,2006100245,サクラバクシンオー,1989108341,西岡透,大島牧場,435.1,2009.0,2006.0,1989.0
2020102852,サテライト,牡,林正人,,ストロングリターン,2006102934,コンフェイト,2015104550,キングカメハメハ,2001103460,石川達絵,社台ファーム,434.5,2006.0,2015.0,2001.0
2020100826,イタルトコロデ,牡,飯田弘道,,ホッコータルマエ,2009100921,ハートランドスノー,2009101172,スペシャルウィーク,1995103211,大久保幸夫,大北牧場,434.4,2009.0,2009.0,1995.0
2020104068,アイズオンミー,牝,中川竜馬,,ストロングリターン,2006102934,ネオファンシー,2008102019,ネオユニヴァース,2000101426,吉橋英隆,神垣道弘,434.2,2006.0,2008.0,2000.0
2020106325,コーディネイター,牡,柏原誠路,,バゴ,2001190004,ラクスクライン,2007101183,ステイゴールド,1994108729,三宅勝俊,カナイシスタッド,434.1,2001.0,2007.0,1994.0
2020101685,タッチーフェイス,牡,長倉功,,コパノリッキー,2010106548,スイートスズラン,2009109147,シンボリクリスエス,1999110099,佐々木勉,シンボリ牧場,434.1,2010.0,2009.0,1999.0
2020101650,イスデボニュウタ,牡,山田徹,,イスラボニータ,2011103565,ミルトス,2006102167,サクラバクシンオー,1989108341,小菅誠,白井牧場,434.1,2011.0,2006.0,1989.0
2020105480,カネショウカイト,牡,鈴木義久,,レッドファルクス,2011104416,ジェネロジー,2004110275,ジェイドロバリー,000a0001a7,清水正裕,中山高鹿康,434.0,2011.0,2004.0,1987.0
2020104377,レッツプロミス,牝,藤ヶ崎一,,ビーチパトロール,000a0141f9,チャードリー,2009106462,ウォーエンブレム,000a00fa35,谷伊織,高橋義浩,434.0,2013.0,2009.0,1999.0
2020105646,アルアマル,牝,河津裕昭,,キズナ,2010105827,ブルーモーメント,2007104764,ダンスインザダーク,1993109188,前田幸治,ノースヒルズ,433.5,2010.0,2007.0,1993.0
2020100218,ミスビーンズ,牝,大宮和也,,シャンハイボビー,000a0127e4,ポッドジゼル,2015101484,ゴールドアリュール,1999106689,高橋真紀,下屋敷牧場,433.5,2010.0,2015.0,1999.0
2020105829,ハーモニーシャイン,牡,平田正一,,マインドユアビスケッツ,000a01392e,ヒカルアスピレイト,2007102453,ネオユニヴァース,2000101426,日下部勝徳,ホース・マネジメント・ボス,433.0,2013.0,2007.0,2000.0
2020105483,ニシノリンドウ,牝,市村誠,,グランプリボス,2008103388,セイウンイチリン,2014101367,リーチザクラウン,2006102923,和氣竜彦,中山高鹿康,433.0,2008.0,2014.0,2006.0
2020106454,メイショウヒエイ,牝,森山英雄,,メイショウサムソン,2003102205,メイショウエーデル,2011105743,キングカメハメハ,2001103460,山邉浩,斉藤英牧場,432.8,2003.0,2011.0,2001.0
2020101235,ゲイジュツガクブ,牝,松平幸秀,,フリオーソ,2004106867,カクテル,000a011176,Most Welcome,000a0110a9,藤本彰,新井昭二,432.3,2004.0,2001.0,1984.0
2020103618,マコトエトルリア,牝,溝橋利喜,,スピルバーグ,2009105961,マコトクラダリング,2013106086,シンボリクリスエス,1999110099,小林聖子,ノーザンファーム,432.1,2009.0,2013.0,1999.0
2020109009,ヤマジュンセーヌ,牝,伊藤強一,,ウインバリアシオン,2008103206,マリーシア,2008103169,クロフネ,1998110135,山下洵一郎,荒谷牧場,431.9,2008.0,2008.0,1998.0
2020107132,スーパージェドシカ,牡,坂本昇,,モンテロッソ,000a011b05,スーパースター,2011105504,デュランダル,1999106756,（株）本城,川上悦夫,431.5,2007.0,2011.0,1999.0
2020101038,スリーブリランテ,牡,齋藤雄一,,ディープブリランテ,2009105084,スズカグリーン,2012102055,ハービンジャー,000a011996,永井商事（株）,稲原牧場,430.5,2009.0,2012.0,2006.0
2020105955,チョアヨ,牝,川西毅,,エイシンヒカリ,2011101273,ロキロキ,2004100904,プレミアムサンダー,1994109717,佐久間拓士,村上欽哉,430.3,2011.0,2004.0,1994.0
2020100241,シュマンドロワ,牡,宮川真衣,,モーリス,2011100655,プリンセスフローラ,2010104279,キングカメハメハ,2001103460,（有）オート・エース,タガミファーム,430.2,2011.0,2010.0,2001.0
2020100415,スカーレヴァーズ,牝,酒井忍,,アメリカンペイトリオット,000a013bba,トーセンユーモア,2007103698,グラスワンダー,1995108676,城之内勝己,前田ファーム,430.0,2013.0,2007.0,1995.0
2020100391,リキサンクー,牡,奥平雅士,,ロードカナロア,2008103552,リキサンピュアティ,2000101649,トニービン,1983109006,ハイパワー商事,本桐牧場,430.0,2008.0,2000.0,1983.0
2020106827,ヒマリン,牝,藤川純,,ドレフォン,000a013b82,カタストロフィ,2012104233,ハービンジャー,000a011996,谷口裕司,松田牧場,429.9,2013.0,2012.0,2006.0
2020102252,リジッドウイングス,牝,塚田隆男,,ヴィクトワールピサ,2007102923,ウイングオブスカイ,2012103970,ウォーエンブレム,000a00fa35,堀井真知子,目黒牧場,429.9,2007.0,2012.0,1999.0
2020105995,グランシャスール,牡,田嶋弘幸,,カレンブラックヒル,2009106230,トーセンジュエル,2016105309,ヴィクトワールピサ,2007102923,小橋亮太,村上雅規,429.8,2009.0,2016.0,2007.0
2020106014,ラヴァリエール,牝,武井和実,,アジアエクスプレス,2011110091,フルオブスターズ,2013102086,エンパイアメーカー,000a010542,酒井孝敏,村田牧場,429.7,2011.0,2013.0,2000.0
2020104935,ブラウンキングズ,牡,倉富隆一,,サクラオリオン,2002104686,ワンスアポンタイム,2013104302,サクラプレジデント,2000102261,安藤浩也,山田牧場,429.4,2002.0,2013.0,2000.0
2020106933,アンチフラジャイル,牡,尾関知人,,ファインニードル,2013100612,アメイジングライト,2015101570,Teofilo,000a01139e,山本英俊,宮内牧場,428.0,2013.0,2015.0,2004.0
2020104985,ラインウォリアー,牡,西川敏弘,,マジェスティックウォリアー,000a011e9c,ラインダール,2013105968,クロフネ,1998110135,西森鶴,秋田牧場,428.0,2005.0,2013.0,1998.0
2020100255,ポッドクリフ,牡,武井和実,,ホッコータルマエ,2009100921,ポッドシャイニー,2012100146,ゴールドアリュール,1999106689,小川眞査雄,タツヤファーム,428.0,2009.0,2012.0,1999.0
2020102449,ファルダ,牝,五十嵐冬,,ハーツクライ,2001103038,フライングニンバス,2012110066,Awesome Again,000a0021cb,橋元勇氣,上水牧場,427.5,2001.0,2012.0,1994.0
2020102001,パイロン,牝,栗本陽一,,パイロ,000a01176a,クラッシュオンユー,2010105285,クロフネ,1998110135,吉岡廣樹,ノースガーデン,427.4,2005.0,2010.0,1998.0
2020103490,レッドディライト,牡,佐藤裕太,,エピファネイア,2010104155,ディエンティ,000a012f6f,Storm Cat,000a001a98,（株）東京ホースレー,ノーザンファーム,427.0,2010.0,2007.0,1983.0
2020106830,クラシカルタイプ,牝,西山裕貴,,ロゴタイプ,2010103783,ピントゥリッキオ,2013103722,カンパニー,2001103435,上岡和男,松田牧場,426.4,2010.0,2013.0,2001.0
2020106537,ウィルオブラガー,牡,尾林幸二,,ファインニードル,2013100612,シエルクレール,2015103054,ダイワメジャー,2001103114,奥村訓彦,田中スタッド,426.0,2013.0,2015.0,2001.0
2020104524,タッケンイッキ,牡,田中範雄,,サトノダイヤモンド,2013106101,ミリアグラシア,2010110038,Flashy Bull,000a011b18,竹田寿,千代田牧場,426.0,2013.0,2010.0,2003.0
2020101137,リトリーブ,牡,菅原欣也,,ミッキーアイル,2011103916,データ,000a01122f,Roy,000a00226b,大黒富美子,坂東牧場,425.2,2011.0,2003.0,1983.0
2020101188,シャイニーヤマト,牡,佐々木由,,リアルインパクト,2008103244,ブライティアナイル,2004106630,アドマイヤベガ,1996107396,小林昌志,雅牧場,425.1,2008.0,2004.0,1996.0
2020104959,ストライダー,牡,瀬戸口悟,,アジアエクスプレス,2011110091,トリプレット,2014102188,ストリートセンス,000a0113a2,小橋亮太,奥山牧場,425.0,2011.0,2014.0,2004.0
2020100235,ジャスティンレオン,牡,杉山晴紀,,ハーツクライ,2001103038,ダイワパッション,2003101283,フォーティナイナー,000a000134,三木正浩,田上徹,425.0,2001.0,2003.0,1985.0
2020104010,ヤマカツラナウェイ,牡,沖田明子,,ヤマカツエース,2012102774,ヤマカツナタリー,2009103395,アグネスタキオン,1998101516,山田和夫,岡田牧場,424.7,2012.0,2009.0,1998.0
2020100279,テリオスノア,牝,茂崎正善,,アメリカンペイトリオット,000a013bba,アースソング,2008105798,アグネスタキオン,1998101516,橘勝年,土田和男,424.5,2013.0,2008.0,1998.0
2020107157,ウマムスコ,牡,佐々木功,,トゥザワールド,2011103975,ダイワフェリス,2009105847,タニノギムレット,1999100226,酒井孝敏,若林順一,424.0,2011.0,2009.0,1999.0
2020106462,カイラシ,牝,田中範雄,,ハービンジャー,000a011996,ティズウインディ,000a013868,Tiznow,000a00fa4b,ニッシンホールディングス,酒井牧場,423.5,2006.0,2011.0,1997.0
2020103301,エーリチェ,牝,千葉直人,,リオンディーズ,2013105915,カイゼリン,2005102655,アドマイヤベガ,1996107396,吉田和美,ノーザンファーム,423.5,2013.0,2005.0,1996.0
2020100844,イーヴイ,牡,鈴木義久,,ミッキーアイル,2011103916,ダンスインザマミー,2009105938,タニノギムレット,1999100226,斉藤雅志,高松牧場,423.5,2011.0,2009.0,1999.0
2020106177,エムティウィンド,牝,田嶋弘幸,,ホッコータルマエ,2009100921,オルビア,2004103993,カリズマティック,000a00fa33,小橋亮太,富田恭司,423.4,2009.0,2004.0,1996.0
2020103811,キタカラキタダイヤ,牝,吉橋淳一,,スズカコーズウェイ,2004104345,クインズキンバリー,2013104157,ゼンノロブロイ,2000101517,谷口祐人,アフリートファーム,423.2,2004.0,2013.0,2000.0
2020100524,サバンナテソーロ,牝,矢野久美,,ビーチパトロール,000a0141f9,クリムゾンフレア,2001100351,サンデーサイレンス,000a00033a,（有）総武開発,山口忠彦,422.2,2013.0,2001.0,1986.0
2020106932,リリノエ,牝,打越勇児,,ロードカナロア,2008103552,アクティビューティ,2007101829,バゴ,2001190004,カナヤマホールディングス,宮内牧場,422.0,2008.0,2007.0,2001.0
2020103258,ドルヴァル,牡,加藤和宏,,ロードカナロア,2008103552,ヴィニー,2014105915,ディープインパクト,2002100816,（株）ファーストビジ,ノーザンファーム,422.0,2008.0,2014.0,2002.0
2020101700,テイエムクリエイト,牡,竹之下昭,,シンボリクリスエス,1999110099,ハイキートーン,2010100504,ハーツクライ,2001103038,竹園正繼,スウィングフィールド牧場,422.0,1999.0,2010.0,2001.0
2020101295,ペルシアンローズ,牝,渡辺和雄,,エスポワールシチー,2005102837,キッズアベリア,2011103824,ネオユニヴァース,2000101426,星加浩一,ヴェルサイユファーム,422.0,2005.0,2011.0,2000.0
2020103726,エリクシール,牝,田口輝彦,,リアルインパクト,2008103244,ローエキスキーズ,2013110035,Oasis Dream,000a010d4f,小山田明人,ノーザンファーム,421.7,2008.0,2013.0,2000.0
2020102427,エムオーベリー,牝,大塚信次,,キンシャサノキセキ,2003110212,ドゥルセデレーチェ,2003102989,フレンチデピュティ,000a00013a,大黒富美子,市川牧場,421.6,2003.0,2003.0,1992.0
2020105992,セセラギ,牝,井上哲,,ゴールドアクター,2011105266,アウロラプラネット,2005105129,アグネスタキオン,1998101516,酒井孝敏,村上雅規,421.3,2011.0,2005.0,1998.0
2020106389,メリーモアナ,牝,川添明弘,,シニスターミニスター,000a011099,ケイティマイヒメ,2005101405,コロナドズクエスト,000a0000b5,金野博幸,杵臼牧場,421.0,2003.0,2005.0,1995.0
2020101133,ビービーグリッター,牡,及川良春,,ニシケンモノノフ,2011105438,タガタメ,2004106355,ディアブロ,000a0000e9,大黒富美子,坂東牧場,421.0,2011.0,2004.0,1987.0
2020100587,ファインギフト,牝,大垣敏夫,,ファインニードル,2013100612,オトヒメII,000a014355,Pivotal,000a002328,小橋亮太,恵比寿牧場,421.0,2013.0,2014.0,1993.0
2020102584,バークエム,牝,溝橋利喜,,マインドユアビスケッツ,000a01392e,ブリオレット,2015104096,ロードカナロア,2008103552,組）オールザベスト組,追分ファーム,420.5,2013.0,2015.0,2008.0
2020103030,オーグメントコード,牝,鈴木慎太,,エイシンヒカリ,2011101273,プライマリーコード,2011103773,クロフネ,1998110135,社台レースホース,社台ファーム,420.0,2011.0,2011.0,1998.0
2020102958,コンスピキュアス,牡,栗田徹,,エピファネイア,2010104155,デルマコイウタ,2014105424,ディープブリランテ,2009105084,村野康司,社台ファーム,420.0,2010.0,2014.0,2009.0
2020101684,シンボリタイプ,牡,森山英雄,,ロゴタイプ,2010103783,スイートカルタゴ,2005109308,ヘクタープロテクター,000a000d6b,山邉浩,シンボリ牧場,420.0,2010.0,2005.0,1988.0
2020100773,バレーオブファイア,牡,加藤和宏,,シルバーステート,2013105903,ジョーパルカ,2010102229,フジキセキ,1992109618,田畑利彦,斉藤政志,420.0,2013.0,2010.0,1992.0
2020107032,シンゼンイトサン,牝,溝橋利喜,,オルフェーヴル,2008102636,シンゼンクイーン,2014101599,キングズベスト,000a0022d2,組）オールザベスト組,大作ステーブル,419.8,2008.0,2014.0,1997.0
2020104278,オスマン,牡,土井道隆,,ベストウォーリア,2010110127,セレスティーヌ,2012104270,ハーツクライ,2001103038,西村健作,静内ファーム,419.4,2010.0,2012.0,2001.0
2020102810,デルマアビセタオシ,牡,阪本一栄,,サトノダイヤモンド,2013106101,オレンジティアラ,2007102748,サクラバクシンオー,1989108341,（同）ＪＰＮ技研,社台ファーム,419.2,2013.0,2007.0,1989.0
2020105905,ティアン,牝,柳井宏之,,サトノクラウン,2012104668,ヴァレンティーネ,2010106054,デュランダル,1999106756,渋谷和広,的場牧場,419.1,2012.0,2010.0,1999.0
2020101888,ブルクラシコ,牡,坂口義幸,,キンシャサノキセキ,2003110212,ブレイジング,2012101590,パイロ,000a01176a,谷謙介,チャンピオンズファーム,419.1,2003.0,2012.0,2005.0
2020100927,シェルオパール,牝,山田質,,メイショウボーラー,2001100650,パラベンス,2012103152,タニノギムレット,1999100226,大越徹朗,ヒダカファーム,419.0,2001.0,2012.0,1999.0
2020107178,マオノイリゼ,牝,手島勝利,,ロゴタイプ,2010103783,カレンマーガレット,2007102647,ネオユニヴァース,2000101426,湯浅健司,高橋啓,418.6,2010.0,2007.0,2000.0
2020106490,マリンイチナオミー,牝,国沢輝幸,,ダノンレジェンド,2010110102,ムーンライトソング,2006102020,ステイゴールド,1994108729,川添裕起,松栄牧場,418.5,2010.0,2006.0,1994.0
2020101671,ナイトホークス,牝,鮫島克也,,ヴィットリオドーロ,2009110009,ピンナップ,2014102050,スマートボーイ,1995100385,廣松金義,新生ファーム,418.5,2009.0,2014.0,1995.0
2020103951,ユメミゴコチ,牡,榎屋充,,マインドユアビスケッツ,000a01392e,ユメノキズナ,2007102968,ストラヴィンスキー,000a00fa41,蟹江知彦,岡田スタッド,417.0,2013.0,2007.0,1996.0
2020103706,デュメイカズマ,牡,笹野博司,,ハービンジャー,000a011996,レッドラヴィータ,2011103966,スペシャルウィーク,1995103211,雅苑興業,ノーザンファーム,417.0,2006.0,2011.0,1995.0
2020102457,アーティスティック,牡,東眞市,,パイロ,000a01176a,ロアジス,2011110021,Medaglia d'Oro,000a010a65,渡辺優磨,上水牧場,417.0,2005.0,2011.0,1999.0
2020106938,キセキニャン,牝,宇都英樹,,メイショウボーラー,2001100650,キセキノハナ,2009100812,ネオユニヴァース,2000101426,酒井孝敏,宮内牧場,416.5,2001.0,2009.0,2000.0
2020105088,ハクアイウルフ,牡,石井勝男,,アジアエクスプレス,2011110091,カーナヴァル,2006104728,ダンスインザダーク,1993109188,（株）Ｈ．Ｉコーポレ,オリエント牧場,416.0,2011.0,2006.0,1993.0
2020107115,ベニノパール,牝,田島寿一,,モンテロッソ,000a011b05,グレイスフルワード,2012103646,ハーツクライ,2001103038,紅谷,川上牧場,415.5,2007.0,2012.0,2001.0
2020101001,プリンセスツッキー,牝,沖田明子,,アジアエクスプレス,2011110091,ニシノブーケトス,2007102509,スペシャルウィーク,1995103211,（株）皐月,山田牧場,415.5,2011.0,2007.0,1995.0
2020101272,エムザックローバー,牡,中川雅之,,ビッグアーサー,2011103328,エメラルコヨーテ,2010102123,ネオユニヴァース,2000101426,寺西正彰,幾千世牧場,415.3,2011.0,2010.0,2000.0
2020109092,ジャパンノウレッジ,牝,寺島良,,リアルスティール,2012104889,ディスカバージャパン,000a013f90,Pioneerof the Nile,000a0122f5,グリーンファーム,恵比寿興業株式会社那須野牧場,415.0,2012.0,2016.0,2006.0
2020105743,エターナルジェイド,牡,水野貴史,,アンライバルド,2006103308,エターナルムーン,2010106414,マイネルラヴ,1995108558,リノベシア（株）,ビッグレッドファーム,415.0,2006.0,2010.0,1995.0
2020101798,オータムクイーン,牝,鮫島一歩,,ハーツクライ,2001103038,オータムメロディー,000a010ce1,Kingmambo,000a001d7e,ゴドルフィン,ダーレー・ジャパン・ファーム,415.0,2001.0,2002.0,1990.0
2020104868,シンコッチョウ,牝,平山宏秀,,ラブリーデイ,2010104298,グリーンサンライズ,2004105615,サッカーボーイ,1985103538,高野良美,増本牧場,415.0,2010.0,2004.0,1985.0
2020104105,グローブフェイム,牝,坂口義幸,,ジャスタウェイ,2009106461,アースエンジェル,2012102852,キンシャサノキセキ,2003110212,増田吉彦,グランド牧場,414.9,2009.0,2012.0,2003.0
2020105531,タガノクルシータ,牝,碇清次郎,,オルフェーヴル,2008102636,アポセカリー,000a0123dd,Manduro,000a0114b8,崎川美枝子,新冠タガノファーム,414.5,2008.0,2009.0,2002.0
2020102021,エスポワールゲート,牡,池田孝,,マクフィ,000a011c77,メルセダリオ,2007103129,タニノギムレット,1999100226,斉藤三寛,長谷川牧場,414.0,2007.0,2007.0,1999.0
2020104968,ワレハカゼノコ,牡,加藤和義,,リオンディーズ,2013105915,ウキヨノカゼ,2010100975,オンファイア,2003102809,国分純,スマイルファーム,413.4,2013.0,2010.0,2003.0
2020106357,セラシュトラール,牡,藤田正治,,ヴィクトワールピサ,2007102923,シルククインビー,2007101413,キングカメハメハ,2001103460,吉良商会（有）,ガーベラパークスタッド,413.0,2007.0,2007.0,2001.0
2020102948,プレサージオ,牡,小手川準,,ハービンジャー,000a011996,チョコレートバイン,2011104253,ディープインパクト,2002100816,吉田千津,社台ファーム,413.0,2006.0,2011.0,2002.0
2020105322,モノノフグリーン,牡,細川忠義,,ニシケンモノノフ,2011105438,ガンセ,2009104768,クロフネ,1998110135,ウエスト．フォレスト．ステイブル,隆栄牧場,412.7,2011.0,2009.0,1998.0
2020100891,ヨドノルーキー,牡,濱田一夫,,トーセンラー,2008102985,サフランカーネギー,2000107068,カーネギー,000a000093,海原聖一,林農場,412.1,2008.0,2000.0,1991.0
2020101818,スプリングラヴ,牝,宮路洋一,,アメリカンペイトリオット,000a013bba,スプリングタイム,2014102198,ストリートセンス,000a0113a2,松本桂昌,ダーレー・ジャパン・ファーム,412.0,2013.0,2014.0,2004.0
2020107009,レオアトロポス,牝,岡林光浩,,ホッコータルマエ,2009100921,ネオヴァイン,2013100983,ダノンシャンティ,2007105709,田中博之,山田昇史,411.6,2009.0,2013.0,2007.0
2020101423,マリノペガサス,牝,板垣吉則,,ベストウォーリア,2010110127,クラウンリバー,2008109195,ダンツシアトル,1990109145,サンエツ企画（有）,クラウン日高牧場,411.4,2010.0,2008.0,1990.0
2020105890,オードリー,牝,保利良次,,キンシャサノキセキ,2003110212,レディオブフレイム,2013100646,パイロ,000a01176a,吉岡亨浩,松浦牧場,410.3,2003.0,2013.0,2005.0
2020104536,サトノシトラス,牡,池江泰寿,,サトノダイヤモンド,2013106101,ルルパンブルー,2005100568,ジャングルポケット,1998101786,里見治,千代田牧場,410.0,2013.0,2005.0,1998.0
2020103440,スパークタイムリー,牝,小島茂之,,ドゥラメンテ,2012104511,スパークオンアイス,2009106059,シンボリクリスエス,1999110099,西見徹也,ノーザンファーム,410.0,2012.0,2009.0,1999.0
2020101828,スノードーム,牝,和田勇介,,ディープブリランテ,2009105084,デザートチル,000a0116dc,Red Ransom,000a001c68,ゴドルフィン,ダーレー・ジャパン・ファーム,410.0,2009.0,2005.0,1987.0
2020104892,サカジロレインボー,牝,山田徹,,ファインニードル,2013100612,ラファエラ,2014105139,ジャングルポケット,1998101786,（有）Ｍ’ｓ,松田牧場,409.7,2013.0,2014.0,1998.0
2020106219,サトシー,牡,三宅直之,,ダンカーク,000a012185,ミルフォードスバル,2001100076,ホークアタック,000a000d90,（株）ファーストビジ,鵜木唯義,409.6,2006.0,2001.0,1992.0
2020105377,ミレクイーン,牝,渡辺博文,,イスラボニータ,2011103565,ジーエスレインボー,2001106110,トーヨーレインボー,1994109681,桑原一樹,大作ステーブル,409.4,2011.0,2001.0,1994.0
2020103104,リスノワール,牝,黒田隆男,,ロゴタイプ,2010103783,レイクキャリー,2014105753,ダイワメジャー,2001103114,ファーストビジョン,社台ファーム,409.4,2010.0,2014.0,2001.0
2020104366,モルデュール,牡,伊藤和忍,,ビッグアーサー,2011103328,シーヴァージア,2011101825,クロフネ,1998110135,川上和彦,高橋ファーム,409.3,2011.0,2011.0,1998.0
2020100661,シゲルスコーピオン,牡,九日俊光,,ホッコータルマエ,2009100921,テツムーン,2009100341,アドマイヤムーン,2003102991,關美和,櫛桁牧場,409.2,2009.0,2009.0,2003.0
2020104582,ミュラー,牡,櫻田康二,,マクフィ,000a011c77,マサノマリリン,2011101409,キングカメハメハ,2001103460,サイプレスホールディングス,中田浩美,408.5,2007.0,2011.0,2001.0
2020106183,メイショウケンセイ,牡,中川竜馬,,キンシャサノキセキ,2003110212,メイショウアガサ,2011103585,メイショウサムソン,2003102205,濱口正章,中脇一幸,408.4,2003.0,2011.0,2003.0
2020100791,プールファム,牝,中西達也,,イスラボニータ,2011103565,ハイノリッジ,2011103212,マンハッタンカフェ,1998101554,ウエスト．フォレスト．ステイブル,鮫川啓一,408.0,2011.0,2011.0,1998.0
2020109117,ライトボヌール,牝,竹下太,,ストロングリターン,2006102934,ダノンクィーン,2011102297,チチカステナンゴ,000a011135,村山光弘,ストームファームコーポレーション,407.5,2006.0,2011.0,1998.0
2020106168,マッドアゼリア,牝,山田質,,マジェスティックウォリアー,000a011e9c,サンデーメモリー,2002106511,サンデーサイレンス,000a00033a,大越徹朗,スイートファーム,407.5,2005.0,2002.0,1986.0
2020101692,ラガープリンセス,牝,尾林幸二,,ドレフォン,000a013b82,テンダーエモーション,000a014259,Pivotal,000a002328,奥村訓彦,シンボリ牧場,407.3,2013.0,2011.0,1993.0
2020104533,シルヴァーアーマー,牡,米川昇,,マクフィ,000a011c77,リボンフラワー,2013104499,ディープインパクト,2002100816,飯田貴大,千代田牧場,407.1,2007.0,2013.0,2002.0
2020100193,ニシノテンカフブ,牡,吉田正美,,ラブリーデイ,2010104298,ニシノストーリー,2014102315,ディープインパクト,2002100816,冨田藤男,佐藤鉄也,406.9,2010.0,2014.0,2002.0
2020106445,レグルレガリス,セ,秋山直之,,サトノクラウン,2012104668,レグルドール,2015105231,アドマイヤマックス,1999107004,岡田将一,グランデファーム,406.5,2012.0,2015.0,1999.0
2020102164,ルクスエルドラド,牡,宇都英樹,,ヘニーヒューズ,000a011155,スマートメニル,2014104827,スマートファルコン,2005100097,安藤浩也,豊洋牧場,406.5,2003.0,2014.0,2005.0
2020101471,ヴァーレミヤギ,牡,三坂盛雄,,バトルプラン,000a0118e8,ティーブラウニー,2010101773,ホワイトマズル,1990109700,鈴木雅俊,小西ファーム,406.5,2005.0,2010.0,1990.0
2020106988,フレンドリームーン,牝,岩崎真樹,,アドマイヤムーン,2003102991,ミサノグリーン,2008101833,タニノギムレット,1999100226,品田直樹,向別牧場,406.2,2003.0,2008.0,1999.0
2020105184,ウインヴィオラ,牝,加藤和宏,,ゴールドシップ,2009102739,ウインアキレア,2012100229,コンデュイット,2005190006,（株）ファーストビジ,コスモヴューファーム,406.0,2009.0,2012.0,2005.0
2020101149,カミノマジック,牡,鈴木正也,,グレーターロンドン,2012101402,ミスキララ,2013102157,ファスリエフ,000a00fc4c,谷岡正次,坂東牧場,405.9,2012.0,2013.0,1997.0
2020110033,フロストシティ,牡,栗林徹治,,Frosted,000a012b42,Texas Twirl,000a01b116,ハードスパン,000a0116a1,伊藤健,Godolphin,405.8,2012.0,2016.0,2004.0
2020105924,ターニングタイド,牝,後藤佑耶,,シニスターミニスター,000a011099,ヴァンデグローブ,2014100828,ハービンジャー,000a011996,今村明浩,村上欽哉,405.5,2003.0,2014.0,2006.0
2020105457,アイノビート,牝,角田輝也,,エスポワールシチー,2005102837,ヒカリアイ,2001106555,アフリート,000a000013,長谷川守正,中本隆志,405.4,2005.0,2001.0,1984.0
2020100626,サツキフラッシュ,牝,伊藤強一,,リアルインパクト,2008103244,スパークルレディー,2006109237,フォーティナイナー,000a000134,小野博郷,カケハムポニークラブ,404.5,2008.0,2006.0,1985.0
2020101752,パタパタママ,牝,柳井宏之,,クリエイターII,000a013630,スマイルジュノ,2008105716,ステイゴールド,1994108729,池田俊道,滝本健二,404.4,2013.0,2008.0,1994.0
2020104403,クライオブジアース,牡,藤川純,,ダンカーク,000a012185,パルパルムツミ,2012103072,ハーツクライ,2001103038,境直行,田中裕之,404.2,2006.0,2012.0,2001.0
2020109122,タケノエイコウ,牡,北村欣也,,ロードバリオス,2005104227,タケノペガサス,2011105596,サウスヴィグラス,1996110138,竹原孝昭,竹原孝昭,404.1,2005.0,2011.0,1996.0
2020103933,ホウオウエニシ,牡,迫田清美,,キズナ,2010105827,フサイチジェット,2002110192,Gilded Time,000a001fbc,小林哲弘,岡田スタッド,404.1,2010.0,2002.0,1990.0
2020106808,モモナ,牝,三宅直之,,ダノンレジェンド,2010110102,ラペーシュ,2016100377,バゴ,2001190004,安部恵介,ＨＡＲＵＮＯファーム,403.5,2010.0,2016.0,2001.0
2020105699,カシノビルボード,牡,古賀光範,,ストロングリターン,2006102934,ジギースンナー,2011105144,サムライハート,2002100996,柏木務,浜口牧場,403.5,2006.0,2011.0,2002.0
2020106333,アオイダリア,牝,加藤和義,,アジアエクスプレス,2011110091,アドマイヤジュノー,2007103380,ゼンノロブロイ,2000101517,山村奉正,鎌田正嗣,403.1,2011.0,2007.0,2000.0
2020105007,オペラシオン,牝,佐藤博紀,,トゥザワールド,2011103975,グリーディー,2002101672,シャンハイ,000a000d73,前川俊行,安達牧場,403.0,2011.0,2002.0,1989.0
2020104031,シャインルージュ,牝,吉田正美,,タイセイレジェンド,2007103199,チェリールージュ,2009105321,アドマイヤジャパン,2002102324,篠塚和郎,織田正敏,403.0,2007.0,2009.0,2002.0
2020100562,ワンダーマーシー,牡,森田直行,,ワンダーアキュート,2006106794,ワンダーストーリリ,2007106714,バゴ,2001190004,山本能成,秋場牧場,402.5,2006.0,2007.0,2001.0
2020105300,アジアノカイゾク,牡,菅原勲,,トゥザワールド,2011103975,バーラプレッタ,2004100377,Grand Slam,000a0022b9,福島徳佑,須崎牧場,402.3,2011.0,2004.0,1995.0
2020104690,ブレイブゾロ,牡,今津博之,,マスクゾロ,2011110069,グランドエンジェル,2011101921,スズカマンボ,2001103890,川村初美,原ファーム,401.9,2011.0,2011.0,2001.0
2020106125,ダンソンラローズ,牝,佐藤祐司,,スピルバーグ,2009105961,ラッキースプリント,2012104970,トワイニング,000a000006,ＫＡＪＩＭＯＴＯホールディングス,小田誠一,401.8,2009.0,2012.0,1991.0
2020100855,チェリーロマンス,牝,保利良次,,ラニ,2013110045,アイラシンガー,2005106068,アグネスタキオン,1998101516,櫻井悦朗,富塚ファーム,401.2,2013.0,2005.0,1998.0
2020105202,カラードレス,牝,戸部尚実,,ゴールドアクター,2011105266,コスモカラーズ,2006103799,クロフネ,1998110135,Ｉレーシング（株）,コスモヴューファーム,400.9,2011.0,2006.0,1998.0
2020102418,ビルトインアデイ,牝,九日俊光,,クリエイターII,000a013630,ピュアシンフォニー,2007102620,ストラヴィンスキー,000a00fa41,關美和,新井牧場,400.5,2013.0,2007.0,1996.0
2020100445,コパノモンテカルロ,牡,原口次夫,,コパノリッキー,2010106548,エーシンベタラネリ,2006110036,Elusive Quality,000a00231f,上野孝展,水丸牧場,400.2,2010.0,2006.0,1993.0
2020106020,モリデンボーイ,牡,濱田一夫,,アスカクリチャン,2007104599,モリデンヴィーナス,2009105364,ジェニュイン,1992109450,馬場信一,森田芳男,400.1,2007.0,2009.0,1992.0
2020105230,サンアマリリス,牝,栗本陽一,,シニスターミニスター,000a011099,ピンクベリーニ,2011105902,フジキセキ,1992109618,盛学志,五丸農場,399.6,2003.0,2011.0,1992.0
2020105723,アモフリューゲル,牝,藤原智行,,ファインニードル,2013100612,レイロー,2015105282,オルフェーヴル,2008102636,鈴木昌樹,パカパカファーム,399.5,2013.0,2015.0,2008.0
2020100330,オダマキ,牝,佐藤茂,,ダンカーク,000a012185,ノボピュアリティ,2009101727,ノボトゥルー,1996110169,渡辺孝祐,萩澤泰博,399.5,2006.0,2009.0,1996.0
2020104774,ドーバーファルコン,牡,海馬沢司,,ダイワメジャー,2001103114,リトルシャンブルズ,000a014482,Shamardal,000a010c92,ＪＰＮ技研,フジワラファーム,399.4,2001.0,2011.0,2002.0
2020101922,ホウオウアルマン,牡,千葉博次,,トーセンラー,2008102985,ティファイファイ,2006105744,スターリングローズ,1997106560,山口謙太郎,戸川牧場,399.4,2008.0,2006.0,1997.0
2020109007,ギャクテンオー,牡,宗綱泰彦,,ウインバリアシオン,2008103206,ジュエルシャネル,2002109176,アグネスワールド,1995108665,金野博幸,荒谷牧場,399.3,2008.0,2002.0,1995.0
2020101612,サンライズグレート,牡,柏原誠路,,ロードカナロア,2008103552,ロイヤルストリート,2012101374,ディープインパクト,2002100816,（株）ライフハウス,下河辺牧場,399.1,2008.0,2012.0,2002.0
2020105046,レイナアレナ,牝,小椋研介,,シニスターミニスター,000a011099,ノーブルクラウン,2014105890,ゼンノロブロイ,2000101517,京都ホースレーシング,イワミ牧場,398.5,2003.0,2014.0,2000.0
2020106532,モズアンカー,牡,佐藤茂,,グランプリボス,2008103388,ジュウニンノナカマ,2014100978,キングズベスト,000a0022d2,大谷昌裕,多田善弘,398.4,2008.0,2014.0,1997.0
2020107100,ラスターカノン,牝,櫻田浩樹,,ウインバリアシオン,2008103206,シェッドラスター,2014105325,タートルボウル,000a012045,大田恭充,山田政宏,397.1,2008.0,2014.0,2002.0
2020104319,ステンノー,牝,小林真治,,アポロソニック,2010110120,ルナマリア,2005101807,ジェイドロバリー,000a0001a7,石井啓之,静内山田牧場,397.0,2010.0,2005.0,1987.0
2020103809,カツゲキウマムスビ,牝,原口次夫,,ミッキーアイル,2011103916,レイビスティー,2007104987,キングカメハメハ,2001103460,田中順,朝野勝洋,396.9,2011.0,2007.0,2001.0
2020102256,ピラヴロス,牡,伊藤和忍,,ミッキーロケット,2013106099,ジーピークロス,2009105491,アグネスタキオン,1998101516,上手健太郎,目黒牧場,396.7,2013.0,2009.0,1998.0
2020106213,ヴィンチェンツォ,牡,安池成実,,バンブーエール,2003104100,グレースグロリアス,1998102497,キンググローリアス,000a000d48,（有）泰興建設,今井秀樹,396.5,2003.0,1998.0,1986.0
2020102450,スリーディプテー,牡,目迫大輔,,マインドユアビスケッツ,000a01392e,プリモタイム,2004104311,ブライアンズタイム,000a000082,永井商事（株）,上水牧場,396.2,2013.0,2004.0,1985.0
2020104988,ナミエヒーロー,牡,村田六郎,,ヴァンセンヌ,2009106525,エレガントビーナス,2013106475,ダノンシャンティ,2007105709,大貫篤志,浅川牧場,396.0,2009.0,2013.0,2007.0
2020105973,クアトロソバージュ,牡,栗本陽一,,コパノリッキー,2010106548,ウェスタリーズ,2005102116,フジキセキ,1992109618,盛学志,ムラカミファーム,395.6,2010.0,2005.0,1992.0
2020101252,グレートキングベア,牡,高本友芳,,イスラボニータ,2011103565,タカミツスズラン,2011100047,タイキシャトル,1994109686,玉井宏典,新井弘幸,395.5,2011.0,2011.0,1994.0
2020102924,テルスター,牡,内田勝義,,イスラボニータ,2011103565,ゼラスキャット,000a0124ca,Storm Cat,000a001a98,稲川一,社台ファーム,394.5,2011.0,2006.0,1983.0
2020102097,フォルベルウェイ,牡,市村誠,,スズカコーズウェイ,2004104345,リバティーベル,2001103881,アサティス,1985109002,八嶋長久,ファーミングヤナキタ,394.4,2004.0,2001.0,1985.0
2020103507,グラニットピーク,セ,田島俊明,,ダイワメジャー,2001103114,トレジャーステイト,2012104941,Oasis Dream,000a010d4f,シルクレーシング,ノーザンファーム,394.3,2001.0,2012.0,2000.0
2020101585,アガット,牝,木村暁,,グレーターロンドン,2012101402,バーグドール,2004105658,サクラバクシンオー,1989108341,安彦公一,下河辺牧場,394.3,2012.0,2004.0,1989.0
2020100178,ウインクリエ,牡,小手川準,,クリエイターII,000a013630,エヴァ,2006103110,キングカメハメハ,2001103460,ウイン,斉藤スタッド,393.5,2013.0,2006.0,2001.0
2020103949,シャコンヌ,牡,宇野木博,,マツリダゴッホ,2003104570,ヤマサラグランジュ,2005100084,サクラバクシンオー,1989108341,村島昭男,岡田スタッド,392.8,2003.0,2005.0,1989.0
2020101246,ゴールドタイプ,牡,櫻田浩樹,,ロゴタイプ,2010103783,ペネトレイト,2012101029,ネオユニヴァース,2000101426,青山英昭,新井昭二,392.7,2010.0,2012.0,2000.0
2020104434,ムーンベストホース,牡,土井道隆,,ヴァンセンヌ,2009106525,ディランディラン,2014104687,サクラプレジデント,2000102261,木稲安則,谷岡牧場,392.1,2009.0,2014.0,2000.0
2020104535,チュラヴィーナス,牝,山下貴之,,エイシンフラッシュ,2007102951,ルヴィロンザ,2010110065,ハットトリック,2001103018,（株）Ｍ’ｓカンパニ,千代田牧場,392.0,2007.0,2010.0,2001.0
2020101314,ラフィーニ,牝,宗像義忠,,ヴィクトワールピサ,2007102923,メイルストローム,2007102928,シンボリクリスエス,1999110099,ディアレストクラブ,大江牧場,392.0,2007.0,2007.0,1999.0
2020101207,キタノカトレア,牝,中西達也,,エスポワールシチー,2005102837,ユキノカトレア,2012101186,キンシャサノキセキ,2003110212,北所拓也,厚賀古川牧場,391.6,2005.0,2012.0,2003.0
2020105034,ストレートアクター,牝,玉井等,,ゴールドアクター,2011105266,ドラゴンラッシュ,2006104131,ワイルドラッシュ,000a0003a1,廣川直樹,石田牧場,391.5,2011.0,2006.0,1994.0
2020101661,ウォーボーイ,牡,山田徹,,ダノンシャンティ,2007105709,クリスマスローズ,2009103201,アグネスデジタル,1997110025,（有）新生ファーム,新生ファーム,391.5,2007.0,2009.0,1997.0
2020107171,ピックミー,牡,高月賢一,,メイショウサムソン,2003102205,ドリームチャイルド,2013106429,ネイティヴハート,1998107227,前田良平,グラストレーニングセンター,391.3,2003.0,2013.0,1998.0
2020103055,オンザスカイ,牡,佐藤悠太,,ジャスタウェイ,2009106461,マダムダンスアロット,000a014410,Sir Prancealot,000a01423f,久保田定,社台ファーム,391.3,2009.0,2014.0,2010.0
2020101602,アフタービート,牡,菅原右吉,,グレーターロンドン,2012101402,ユキノマイ,2004105606,ロックオブジブラルタル,000a00fd4c,後藤順男,下河辺牧場,391.1,2012.0,2004.0,1999.0
2020104227,フジブルーダイヤ,牝,宇野木博,,サトノダイヤモンド,2013106101,バクシンヒロイン,2004104423,サクラバクシンオー,1989108341,（有）フジレーシング,佐竹学,391.0,2013.0,2004.0,1989.0
2020104610,サビト,牡,林正人,,コパノリッキー,2010106548,モンサンビアンカ,2012100018,キンシャサノキセキ,2003110212,増田和啓,西村牧場,390.5,2010.0,2012.0,2003.0
2020102569,カタリナマリー,牝,松永幹夫,,マジェスティックウォリアー,000a011e9c,チャームザワールド,2015104085,ロードカナロア,2008103552,岡浩二,追分ファーム,390.5,2005.0,2015.0,2008.0
2020105849,サクラトップムーン,牡,雑賀伸一,,フェノーメノ,2009106599,チェリースピリッツ,2012103143,アドマイヤムーン,2003102991,櫻井秀樹,細川農場,390.2,2009.0,2012.0,2003.0
2020105692,クールアイ,牝,的場直之,,ドゥラメンテ,2012104511,モンプティクール,2003102854,クロフネ,1998110135,平本敏夫,ハシモトファーム,390.0,2012.0,2003.0,1998.0
2020105665,インディストーン,牝,田中博康,,ルーラーシップ,2007103143,ウルド,2013105803,ハービンジャー,000a011996,山本又一郎,ハクレイファーム,390.0,2007.0,2013.0,2006.0
2020103343,プレドミナル,牡,藤原英昭,,エピファネイア,2010104155,クルミナル,2012104599,ディープインパクト,2002100816,キャロットファーム,ノーザンファーム,390.0,2010.0,2012.0,2002.0
2020102908,ステラヴェスパー,牝,茶木太樹,,キンシャサノキセキ,2003110212,ステラプラド,2008102876,ハーツクライ,2001103038,吉田照哉,社台ファーム,390.0,2003.0,2008.0,2001.0
2020101325,ラウロスカイ,牝,橋本和馬,,リオンディーズ,2013105915,カミヒコーキ,2005102910,マイネルラヴ,1995108558,迎徹,沖田牧場,390.0,2013.0,2005.0,1995.0
2020100608,コウエイダイヤ,牝,保利良平,,サトノダイヤモンド,2013106101,ブルーボンボヤージ,2010101960,Medaglia d'Oro,000a010a65,伊東政清,大島牧場,390.0,2013.0,2010.0,1999.0
2020103869,ミスファイト,牝,古賀光範,,イスラボニータ,2011103565,イッツマイン,2012101916,Medicean,000a010a19,西村新一郎,岡田スタッド,389.9,2011.0,2012.0,1997.0
2020103084,マサハヤヴァンス,牝,今津勝之,,サトノクラウン,2012104668,ラグナグ,2013105627,ハービンジャー,000a011996,ドリーム＆Ｄｒｅａｍ,社台ファーム,389.3,2012.0,2013.0,2006.0
2020106302,マリブコーク,牝,川田孝好,,シルバーステート,2013105903,アンダルシア,2007101337,アルカセット,2000190010,（株）玄柑舎,大柳ファーム,388.2,2013.0,2007.0,2000.0
2020103864,プリュムドランジュ,牝,後藤佑耶,,ミッキーロケット,2013106099,アナンジュパス,2009106099,ディープインパクト,2002100816,ＫＡＪＩＭＯＴＯホールディングス,岡田スタッド,388.0,2013.0,2009.0,2002.0
2020101107,ラジェルブ,牝,山田義人,,モーリス,2011100655,スワンソング,2010100697,シングスピール,1992190005,成富直行,二風谷ファーム,387.7,2011.0,2010.0,1992.0
2020101096,ジョイスマイリー,牝,井樋明正,,エイシンフラッシュ,2007102951,ストロンボリ,2010101908,ゴールドアリュール,1999106689,金野博幸,中田牧場,387.1,2007.0,2010.0,1999.0
2020106949,ドンナドンナ,牝,橋本和馬,,マジェスティックウォリアー,000a011e9c,ドンナビアンカ,2015103399,ゴールドアリュール,1999106689,宮内牧場,宮内牧場,387.0,2005.0,2015.0,1999.0
2020106551,シャインフェーブス,牡,宮川真衣,,マジェスティックウォリアー,000a011e9c,シェーンフレール,2010104351,Smart Strike,000a00211c,ウエスト．フォレスト．ステイブル,谷川牧場,387.0,2005.0,2010.0,1992.0
2020104352,キャンベル,牝,三宅直之,,ホッコータルマエ,2009100921,ティーケイキャット,2008110068,Bluegrass Cat,000a01173d,（株）ＴＫＫ,高橋修,386.9,2009.0,2008.0,2003.0
2020102182,スマートアリオン,牡,宗綱泰彦,,マインドユアビスケッツ,000a01392e,グランス,2008102832,アグネスタキオン,1998101516,大黒富美子,本間牧場,386.8,2013.0,2008.0,1998.0
2020102503,ノーバディエルス,牝,渋谷信博,,ヴァンキッシュラン,2013105718,トーセンハナミズキ,2010104096,タイキシャトル,1994109686,篠原徹,エスティファーム,386.5,2013.0,2010.0,1994.0
2020100188,ルチルチェコ,牝,柳井宏之,,ディスクリートキャット,000a0113a1,フリージアコート,2011104028,タニノギムレット,1999100226,谷脇智恵子,佐藤勝秀,386.4,2003.0,2011.0,1999.0
2020101953,ラキッシュ,牡,角田輝也,,ダノンレジェンド,2010110102,ナリッシュ,2015101737,ヘニーヒューズ,000a011155,（有）ナカノファーム,ナカノファーム,385.8,2010.0,2015.0,2003.0
2020106217,エスシーマゼラン,牡,大垣敏夫,,マジェスティックウォリアー,000a011e9c,エルビーローズ,2011105528,クロフネ,1998110135,三岡有香,鵜木唯義,385.3,2005.0,2011.0,1998.0
2020103564,パールシェル,牝,萩原清,,リオンディーズ,2013105915,フィビュラ,2013105805,クロフネ,1998110135,Ｇ１レーシング,ノーザンファーム,385.0,2013.0,2013.0,1998.0
2020105148,ゴッドホーネット,牡,永島太郎,,サトノクラウン,2012104668,ネオグラティア,2006104293,ネオユニヴァース,2000101426,中西憲治,川島牧場,384.8,2012.0,2006.0,2000.0
2020101956,ジェイエルトランス,牝,小西一男,,マクフィ,000a011c77,ホウライアキコ,2011100693,ヨハネスブルグ,000a0103b9,橋元幸人,ナカノファーム,384.6,2007.0,2011.0,1999.0
2020104602,ワールドバトル,牡,海馬沢司,,トゥザワールド,2011103975,バトルサクヤビメ,2003107140,フジキセキ,1992109618,神田貢典,西村牧場,384.5,2011.0,2003.0,1992.0
2020101100,ウィンチップ,牡,稻田彰宏,,ヴィクトワールピサ,2007102923,ティアレ,2007103183,キングカメハメハ,2001103460,組）オールザベスト組,中田牧場,384.4,2007.0,2007.0,2001.0
2020100864,パヴァーヌ,牝,伊藤圭三,,サトノクラウン,2012104668,オリヴェット,2002106318,ダンスインザダーク,1993109188,栗坂崇,中神牧場,384.3,2012.0,2002.0,1993.0
2020109138,キリシマラッキー,牡,柳井宏之,,ケイムホーム,000a0108d1,コウエイテンペスタ,2011104609,ブライアンズタイム,000a000082,土屋君春,土屋牧場,384.1,1999.0,2011.0,1985.0
2020104979,ブリエロード,牡,倉地学,,ミッキーロケット,2013106099,サダムルーティン,2012105833,ハーツクライ,2001103038,池田俊道,スガタ牧場,384.0,2013.0,2012.0,2001.0
2020103849,イサチルアルマーレ,牡,宇野木博,,モンテロッソ,000a011b05,ポートキャンベル,2014102674,ルーラーシップ,2007103143,小坂功,ウエスタンファーム,384.0,2007.0,2014.0,2007.0
2020103098,ブルーハートリリー,牝,奥平雅士,,ハーツクライ,2001103038,リリーアメリカ,000a0120ee,American Post,000a011997,吉田千津,社台ファーム,384.0,2001.0,2009.0,2001.0
2020101702,ファイヴロージズ,牝,三小田幸,,ロージズインメイ,000a010a10,ラインクローバー,2015101874,ゴールドアリュール,1999106689,青木也寸志,スウィングフィールド牧場,383.0,2000.0,2015.0,1999.0
2020102804,レッドバルデス,牡,宇野木博,,イスラボニータ,2011103565,オジャグワ,000a011de1,Pure Prize,000a011252,西村健,社台ファーム,382.5,2011.0,2005.0,1998.0
2020100570,ツヴィリング,牡,柏原誠路,,マジェスティックウォリアー,000a011e9c,マダムウルル,2012105723,ハーツクライ,2001103038,（株）ヘルシーウッド,市川ファーム,382.5,2005.0,2012.0,2001.0
2020104747,ベニエ,牝,山田徹,,ダンカーク,000a012185,ジニアスミノル,2012103468,ディープインパクト,2002100816,徳田直樹,フジワラファーム,381.7,2006.0,2012.0,2002.0
2020104823,メビウス,牝,沖田明子,,ラニ,2013110045,ホマレエイカン,2008100916,ステイゴールド,1994108729,門澤慎,へいはた牧場,381.5,2013.0,2008.0,1994.0
2020106480,ヨツバミッチー,牡,田辺陽一,,ヴィクトワールピサ,2007102923,アグネスエンジェル,2012104113,ホワイトマズル,1990109700,茂木国久,笹地牧場,381.0,2007.0,2012.0,1990.0
2020101294,ミギフック,牝,鈴木正也,,デクラレーションオブウォー,000a0136f6,ヴェレーナ,2013100369,アルデバランＩＩ,000a010541,三木利文,ヴェルサイユファーム,380.5,2009.0,2013.0,1998.0
2020100192,タケショウルイス,牡,岩崎真樹,,マインドユアビスケッツ,000a01392e,タケショウメーカー,2013103629,エンパイアメーカー,000a010542,ナイト商事,佐藤鉄也,380.5,2013.0,2013.0,2000.0
2020105759,マイネルジュリアン,牡,川添明弘,,スクリーンヒーロー,2004103328,コスモルーシー,2009106653,マイネルラヴ,1995108558,桑田照夫,ビッグレッドファーム,380.1,2004.0,2009.0,1995.0
2020110097,ドリーミーブリーズ,牡,森下淳平,,オールウェイズドリーミング,000a0139b2,Playa Blanca,000a01bd6a,Unbridled's Song,000a002071,岡井元憲,Machmer Hall,380.0,2014.0,2014.0,1993.0
2020103894,ホウオウマーメイド,牝,松山将樹,,マインドユアビスケッツ,000a01392e,サウスティーダ,2003105773,アドマイヤベガ,1996107396,小笹芳央,岡田スタッド,380.0,2013.0,2003.0,1996.0
2020105766,コスモエポラール,牝,森山英雄,,ゴールドシップ,2009102739,ストークアンドレイ,2010105360,クロフネ,1998110135,山邉浩,ビッグレッドファーム,379.8,2009.0,2010.0,1998.0
2020101206,ワイワイキュート,牝,櫻井今朝,,ジャスタウェイ,2009106461,メイグレイス,2007103016,ネオユニヴァース,2000101426,酒井孝敏,厚賀古川牧場,379.6,2009.0,2007.0,2000.0
2020103853,アイリイファースト,牝,伊藤勝好,,パドトロワ,2007102760,アイリーデイ,2015100947,モンテロッソ,000a011b05,遠藤喜和,漆原武男,379.5,2007.0,2015.0,2007.0
2020100868,ハクサンブリエ,牝,藤ケ崎一,,ハクサンムーン,2009102527,アクロスザシャイン,2014105376,タニノギムレット,1999100226,河崎五市,中村雅明,379.5,2009.0,2014.0,1999.0
2020106300,エムオードリーム,牝,藤川純,,メイショウボーラー,2001100650,ミスチフキッツ,2008101951,マーベラスサンデー,1992103687,小橋亮太,大西ファーム,379.1,2001.0,2008.0,1992.0
2020106648,ハンマ,牝,宮川浩一,,マクフィ,000a011c77,シンバルII,000a011a52,シングスピール,1992190005,吉田勝利,辻牧場,379.0,2007.0,2005.0,1992.0
2020103345,ノヴィアル,牝,藤ケ崎一,,サトノクラウン,2012104668,クレオール,2012104914,チチカステナンゴ,000a011135,寒川太一,ノーザンファーム,378.1,2012.0,2012.0,1998.0
2020102265,アイトアーサー,牡,佐久間雅,,ドレフォン,000a013b82,ビップチャチャチャ,2016103727,ディープブリランテ,2009105084,山口雄司,モリナガファーム,377.7,2013.0,2016.0,2009.0
2020100477,アルベド,牝,井手上慎,,アドマイヤマックス,1999107004,スリーキュート,2001103736,トワイニング,000a000006,原口厚三,三石ファーム,377.7,1999.0,2001.0,1991.0
2020103719,ロジブライアン,牡,加藤和宏,,ロジユニヴァース,2006103140,ロジフェローズ,2007105940,タニノギムレット,1999100226,（株）ファーストビジ,ノーザンファーム,377.6,2006.0,2007.0,1999.0
2020103854,コーラルトレジャー,牡,川西毅,,モンテロッソ,000a011b05,コーラルバード,2013102510,サウスヴィグラス,1996110138,勝田輝之,漆原武男,377.4,2007.0,2013.0,1996.0
2020101666,ストレイトアップ,牝,手島勝利,,マツリダゴッホ,2003104570,スパイシーキティ,2003103049,タバスコキャット,000a000348,吉田勝利,新生ファーム,377.2,2003.0,2003.0,1991.0
2020105040,エコロヴィーガ,牝,佐々木清,,ベストウォーリア,2010110127,ローズヘイロー,2006104129,キングヘイロー,1995104427,（有）ランドエコノミ,石田牧場,377.1,2010.0,2006.0,1995.0
2020104222,ニホンピロパークス,牝,川嶋弘吉,,サトノクラウン,2012104668,ニホンピロシェリー,2004104433,アドマイヤベガ,1996107396,小林英一,佐竹学,377.0,2012.0,2004.0,1996.0
2020107112,レディーラッキー,牝,櫻井今朝,,シルバーステート,2013105903,アイキャン,2007101894,タイキシャトル,1994109686,遠藤喜和,幾千世牧場,376.9,2013.0,2007.0,1994.0
2020103358,ブリックスダール,セ,中川竜馬,,サトノクラウン,2012104668,グレイシアブルー,2002100942,サンデーサイレンス,000a00033a,豊島愛子,ノーザンファーム,376.7,2012.0,2002.0,1986.0
2020100602,ワンダーミズキ,牡,九日俊光,,ワールドエース,2009106353,アストレアピース,2005106526,マヤノトップガン,1992102988,山本能成,大島牧場,376.3,2009.0,2005.0,1992.0
2020109135,コウユーオモイノセ,セ,安田武広,,ケイムホーム,000a0108d1,パブロワ,2011104351,クロフネ,1998110135,加治屋貞光,田上勝雄,376.0,1999.0,2011.0,1998.0
2020100048,ミテクレコノアシ,牡,井樋一也,,エスケンデレヤ,000a012cc0,キングダンサー,2008103455,キングカメハメハ,2001103460,山本浩志,沖田哲夫,376.0,2007.0,2008.0,2001.0
2020104432,サクラグラシュー,牝,野田忍,,コパノリッキー,2010106548,シロガネーゼカフェ,2000110206,Gulch,000a001cd6,野田秀人,谷岡牧場,375.9,2010.0,2000.0,1984.0
2020102999,ムジークフェライン,牝,齋藤雄一,,ノヴェリスト,000a012230,ピュアコンチェルト,2013105666,キンシャサノキセキ,2003110212,紙谷洋一,社台ファーム,375.8,2009.0,2013.0,2003.0
2020100211,ヒルノヴィクトリア,セ,後藤正義,,ハーツクライ,2001103038,クライフォージョイ,2011105455,サクラバクシンオー,1989108341,蛭川正文,下屋敷牧場,375.8,2001.0,2011.0,1989.0
2020105902,ジャーニーボーイ,牡,朝倉実,,エスポワールシチー,2005102837,トヨサンハッピー,2004107244,マリエンバード,000a00fa36,斉藤秀昭,松本信行,375.5,2005.0,2004.0,1997.0
2020106778,シナロアテソーロ,牝,櫻田浩樹,,キンシャサノキセキ,2003110212,ミステールヴェール,2015106474,ヘニーヒューズ,000a011155,安藤浩也,日進牧場,375.2,2003.0,2015.0,2003.0
2020106365,ラドリオ,牡,水野善太,,キンシャサノキセキ,2003110212,ハヤブサユウサン,2010104737,スペシャルウィーク,1995103211,小橋亮太,ガーベラパークスタッド,375.2,2003.0,2010.0,1995.0
2020101822,アルスヴィズ,牝,齋藤雄一,,モンテロッソ,000a011b05,セレナータ,2014102138,ストーミングホーム,1998190003,紙谷洋一,ダーレー・ジャパン・ファーム,375.2,2007.0,2014.0,1998.0
2020105421,キッズファイナル,牝,佐藤雅彦,,ドレフォン,000a013b82,エカルラート,2008103189,ハーツクライ,2001103038,瀬谷隆雄,飛渡牧場,374.3,2013.0,2008.0,2001.0
2020102170,サノノビーチ,牝,加藤和宏,,ヘニーヒューズ,000a011155,ユニバーサルビーチ,2011102215,ネオユニヴァース,2000101426,（株）ファーストビジ,豊洋牧場,374.1,2003.0,2011.0,2000.0
2020106564,ヒルクライム,牝,大宮和也,,ハービンジャー,000a011996,ハーツキー,2012104540,ハーツクライ,2001103038,北原大史,谷川牧場,374.0,2006.0,2012.0,2001.0
2020102685,プロトカルチャー,牡,井樋一也,,ハーツクライ,2001103038,テスタオクローチェ,000a012e80,Orpen,000a002326,泉一郎,社台コーポレーション白老ファーム,374.0,2001.0,2012.0,1996.0
2020101667,プロタゴニスタ,牡,斎藤雄一,,バトルプラン,000a0118e8,ハイポセシス,2010100688,アグネスタキオン,1998101516,（有）新生ファーム,新生ファーム,373.5,2005.0,2010.0,1998.0
2020104624,カドノユトリ,牡,及川良春,,コパノリチャード,2010106552,カドバン,2013104443,タイキシャトル,1994109686,谷謙介,野坂牧場,372.5,2010.0,2013.0,1994.0
2020107118,リアルマーヴェル,牡,川田孝好,,リアルスティール,2012104889,ビアンコカンドーレ,2011104025,チチカステナンゴ,000a011135,小林博雄,川上牧場,372.3,2012.0,2011.0,1998.0
2020104080,プレジールツッキー,牝,森山雄大,,アジアエクスプレス,2011110091,コートリーラッシュ,2011103463,ディープスカイ,2005101358,（株）皐月,木村秀則,372.0,2011.0,2011.0,2005.0
2020105262,ロトクローバー,牝,真島元徳,,トゥザワールド,2011103975,ガバナーリヴァイヴ,2010103396,スクワートルスクワート,000a000da4,國武佳博,シンカンファーム,371.7,2011.0,2010.0,1998.0
2020102127,スティールレイダー,牡,山中尊徳,,パイロ,000a01176a,マンボカーニバル,2000110161,Kingmambo,000a001d7e,川上和彦,藤本ファーム,371.7,2005.0,2000.0,1990.0
2020104169,キタノマーベラス,牝,佐々木由,,ジョーカプチーノ,2006100529,マーベラスリリー,2006104299,クロフネ,1998110135,北所拓也,酒井亨,371.6,2006.0,2006.0,1998.0
2020200001,シュヴィル,牡,柳澤好美,,タイセイレジェンド,2007103199,クーヨシン,2009200004,スターリングローズ,1997106560,長浜和也,サンローゼン,371.3,2007.0,2009.0,1997.0
2020109033,ストラダーレ,牡,伊藤強一,,フリオーソ,2004106867,レモンリーフ,2001106243,リンドシェーバー,1988107894,清川孝徳,風ノ丘ファーム,371.3,2004.0,2001.0,1988.0
2020106383,ポポラーレウーノ,牝,齋藤雄一,,ホッコータルマエ,2009100921,エスペランサナナ,2011105704,フジキセキ,1992109618,浦野智恵子,杵臼牧場,370.8,2009.0,2011.0,1992.0
2020102084,ブレッシングアイル,牡,大塚信次,,ミッキーアイル,2011103916,マンディスキュア,2011100808,シンボリクリスエス,1999110099,（株）さくらコーポレ,広富牧場,369.6,2011.0,2011.0,1999.0
2020107119,プリマウェイ,牝,千葉幸喜,,ジャスタウェイ,2009106461,プリマーベル,2013104442,キングカメハメハ,2001103460,新井原博,川上牧場,369.1,2009.0,2013.0,2001.0
2020102779,トモエ,牝,加藤幸保,,アジアエクスプレス,2011110091,エアティアーモ,2007102719,ロージズインメイ,000a010a10,梅澤明,社台ファーム,369.0,2011.0,2007.0,2000.0
2020106589,イズミアマゾネス,牝,植松則幸,,ダノンレジェンド,2010110102,フミノアマゾン,2009100552,フジキセキ,1992109618,小橋亮太,谷口牧場,368.8,2010.0,2009.0,1992.0
2020100715,タイセイサーマル,牡,山田信大,,ジャスタウェイ,2009106461,カネトシパリッシュ,2010110137,Tapit,000a011248,田中成奉,高昭牧場,368.5,2009.0,2010.0,2001.0
2020101934,オフェーリア,牝,本名信行,,ロードアルティマ,2000110026,レディー,2010101496,ゴールドヘイロー,1997101264,酒井孝敏,道見牧場,368.3,2000.0,2010.0,1997.0
2020104008,ブロードイメル,セ,田中譲二,,ゴールドシップ,2009102739,ミキノセレナーデ,2005105415,コロナドズクエスト,000a0000b5,上岡和男,岡田牧場,368.0,2009.0,2005.0,1995.0
2020102173,コパノオレゴン,牝,角川秀樹,,トビーズコーナー,000a011fed,エンドレスワルツ,2002103122,アドマイヤベガ,1996107396,小林祥晃,細川牧場,367.8,2008.0,2002.0,1996.0
2020100908,ミヤギヴァラー,牡,菅原勲,,ヘニーヒューズ,000a011155,アドマイヤインディ,2006103290,フジキセキ,1992109618,鈴木雅俊,ヒダカファーム,367.2,2003.0,2006.0,1992.0
2020103166,クラウンバド,牡,桧森邦夫,,サトノクラウン,2012104668,フューチャーセイル,2009101527,クロフネ,1998110135,ギリビシュヌ,ゼットステーブル,367.1,2012.0,2009.0,1998.0
2020105472,オレノアイバ,牡,高橋康之,,ダンカーク,000a012185,イシュトリルトン,2006105597,ムーンバラッド,000a00fe8f,大田恭充,中山高鹿康,367.0,2006.0,2006.0,1999.0
2020105186,ウインルベライト,牝,伊藤強一,,レッドファルクス,2011104416,ウインガーネット,2013101445,ヴィクトワールピサ,2007102923,組）リノレーシング,コスモヴューファーム,366.9,2011.0,2013.0,2007.0
2020101390,ドゥライト,牡,後藤佑耶,,ドゥラメンテ,2012104511,スカーゲン,000a012519,Dashing Blade,000a00fa3a,木部嚴生,木部ファーム,366.9,2012.0,2008.0,1987.0
2020110067,カウピリ,牝,上杉昌宏,,Frosted,000a012b42,ヘヴンリーロマンス,2000105086,サンデーサイレンス,000a00033a,前田幸治,North Hills Co. Limited,366.0,2012.0,2000.0,1986.0
2020105288,ピーストークス,牡,福田真広,,デクラレーションオブウォー,000a0136f6,アプレレクール,2008103224,ゼンノロブロイ,2000101517,稲場澄,須崎牧場,366.0,2009.0,2008.0,2000.0
2020104621,ゲンサイ,牡,田中博康,,ナムラタイタン,2006101408,アサケゴマ,2010103144,クロフネ,1998110135,矢野秀春,野坂牧場,365.8,2006.0,2010.0,1998.0
2020102339,テーオースミス,牡,井樋明正,,コパノリッキー,2010106548,ミヤコレッドローズ,2008106612,キングカメハメハ,2001103460,ジェイアイ（株）,ヤナガワ牧場,365.6,2010.0,2008.0,2001.0
2020103050,ナンヨーノサラ,牝,黒木豊,,エイシンフラッシュ,2007102951,ボルドグザグ,000a0120eb,Layman,000a012049,堀口晴男,社台ファーム,365.5,2007.0,2009.0,2002.0
2020105356,ミヅキ,牝,九日俊光,,メイショウボーラー,2001100650,テイエムブリランテ,2015100383,ディープブリランテ,2009105084,皆川なほ子,タニグチ牧場,365.1,2001.0,2015.0,2009.0
2020107063,ツクシ,牝,大宮和也,,ファインニードル,2013100612,ヒシヴェリタス,2007102184,アドマイヤドン,1999107052,谷正之,八島夕起子,365.0,2013.0,2007.0,1999.0
2020102227,ラッシュエオリカ,牝,山田和久,,ワールドエース,2009106353,ラッシュウインド,2008106175,ワイルドラッシュ,000a0003a1,（有）槇本牧場,槇本牧場,364.7,2009.0,2008.0,1994.0
2020105598,ヤマニンバシリーサ,牝,目迫大輔,,ラブリーデイ,2010104298,ヤマニンバステト,2011105053,ディープインパクト,2002100816,土井久美子,錦岡牧場,364.5,2010.0,2011.0,2002.0
2020102287,エムオーコマチ,牝,池田忠好,,エスケンデレヤ,000a012cc0,エムオープラチナ,2015102805,ヨハネスブルグ,000a0103b9,廣田優生,門別牧場,364.5,2007.0,2015.0,1999.0
2020106724,ケイアイバザラ,牡,立花伸,,マクフィ,000a011c77,クインズミラーグロ,2012105433,マンハッタンカフェ,1998101554,亀田和弘,富田牧場,364.4,2007.0,2012.0,1998.0
2020100374,マーカンエミーオ,牡,嶋田幸晴,,ネロ,2011103722,カエデ,2015102585,タイキシャトル,1994109686,木村廣太,本桐牧場,364.0,2011.0,2015.0,1994.0
2020110016,コスモコルトレーン,牡,井樋明正,,Invincible Spirit,000a01056d,Jakonda,000a01350d,Kingmambo,000a001d7e,（同）ＪＰＮ技研,Viktor Timoshenko,363.7,1997.0,2006.0,1990.0
2020106256,エイシンペリドット,牝,長谷川忍,,アメリカンペイトリオット,000a013bba,エイシントパーズ,2011105585,アドマイヤムーン,2003102991,川上和彦,栄進牧場,363.7,2013.0,2011.0,2003.0
2020105317,モーニングビーチ,牡,坂口義幸,,ビーチパトロール,000a0141f9,モーニングテラス,2014104097,ディープスカイ,2005101358,谷謙介,スピードファーム,363.2,2013.0,2014.0,2005.0
2020102555,サザンショア,牝,赤嶺本浩,,キタサンブラック,2012102013,サザンフェアリー,2001110018,サザンヘイロー,000a00031e,シグラップ・マネジメ,追分ファーム,363.0,2012.0,2001.0,1983.0
2020105438,マルカマタドール,牡,橋本忠明,,カレンブラックヒル,2009106230,ヒラリータイザン,2008100798,ワイルドラッシュ,000a0003a1,日下部猛,トモファーム,362.5,2009.0,2008.0,1994.0
2020100589,マキバシラ,牝,畑端省吾,,ベストウォーリア,2010110127,ネイルドイット,2015104685,ワークフォース,000a011a7f,植村仁,エムエム、ヤマダファーム,362.1,2010.0,2015.0,2007.0
2020103820,ニュクス,牝,岩崎真樹,,ミッキーロケット,2013106099,ペキンドール,2013103867,ブライアンズタイム,000a000082,阿部憲三,荒木貴宏,362.0,2013.0,2013.0,1985.0
2020102897,バラージファイア,セ,井樋明正,,ダイワメジャー,2001103114,ジョイフルビクトリー,000a01440d,Tapit,000a011248,吉田哲,社台ファーム,361.5,2001.0,2008.0,2001.0
2020102139,ネザーランドリマ,牝,小桧山悟,,アメリカンペイトリオット,000a013bba,ビバナポリ,2012101207,グラスワンダー,1995108676,小川敏夫,碧雲牧場,361.0,2013.0,2012.0,1995.0
2020105901,タイセイヴィゴーレ,牡,佐藤雅彦,,アジアエクスプレス,2011110091,シーアクトレス,2008105035,ネオユニヴァース,2000101426,石川諭,松本信行,360.9,2011.0,2008.0,2000.0
2020106231,ゴーマイオーシャン,牡,真島正徳,,バトルプラン,000a0118e8,ラトーヌインパクト,2009100187,ディープインパクト,2002100816,冨沢敦子,浦河小林牧場,360.8,2005.0,2009.0,2002.0
2020100100,ナイトパトロール,牡,柳井宏之,,ビーチパトロール,000a0141f9,ワタリラッシュ,2010101296,アドマイヤマックス,1999107004,池田俊道,加野牧場,360.7,2013.0,2010.0,1999.0
2020102171,リケアバンペイユ,牡,平和人,,トゥザワールド,2011103975,ディアダンサー,2005103396,ディアブロ,000a0000e9,稲場澄,法理牧場,360.5,2011.0,2005.0,1987.0
2020104638,ユメカナウトキ,牡,佐藤茂,,ノボジャック,1997110152,ミンナノユメノセテ,2014105098,サマーバード,2006190002,渡辺孝祐,橋本牧場,360.2,1997.0,2014.0,2006.0
2020102577,ホンマモン,牝,長倉功,,ロードカナロア,2008103552,ニンフII,000a01280e,Galileo,000a00232b,ニッシンホールディングス,追分ファーム,360.1,2008.0,2010.0,1998.0
2020107019,フィールマイウェイ,牡,川嶋弘吉,,カレンブラックヒル,2009106230,フィールマイハート,2007101709,マリエンバード,000a00fa36,日進牧場,高村牧場,360.0,2009.0,2007.0,1997.0
2020106645,アッチェレランド,牡,矢作芳人,,リッチーリッチー,2013110008,コルボノワール,2012101285,マンハッタンカフェ,1998101554,ラ・メール,辻牧場,360.0,2013.0,2012.0,1998.0
2020102261,モズマワシゲリ,牡,榎屋充,,グランプリボス,2008103388,モズカッチャン,2014102565,ハービンジャー,000a011996,嶋田亘克,目黒牧場,360.0,2008.0,2014.0,2006.0
2020101552,サトノメドーサ,牝,田口輝彦,,ドゥラメンテ,2012104511,コンクエストハーラネイト,000a013898,Harlan's Holiday,000a010cdf,豊原純弥,下河辺牧場,359.7,2012.0,2012.0,1999.0
2020102143,ナリノルル,牡,内田勝義,,ヴィクトワールピサ,2007102923,ロールラフィネ,2016105298,Medaglia d'Oro,000a010a65,成塚清志,ベルサイユステーブル,359.5,2007.0,2016.0,1999.0
2020104794,アスクサステナブル,牡,玉垣光章,,リオンディーズ,2013105915,フューチャサンデー,1997104638,サンデーサイレンス,000a00033a,廣崎智子,藤原牧場,359.1,2013.0,1997.0,1986.0
2020103273,エディストーン,牡,長南和宏,,ハーツクライ,2001103038,エディスワートン,000a014475,Dubawi,000a0115e2,シルクレーシング,ノーザンファーム,359.0,2001.0,2014.0,2002.0
2020107133,マッチャンファイト,牡,後藤正義,,モンテロッソ,000a011b05,ケージーホマレ,2006104152,ダンスインザダーク,1993109188,松本朋治,川上牧場,358.9,2007.0,2006.0,1993.0
2020105842,ヘアピンシュプール,牝,手島勝利,,ドレフォン,000a013b82,シュネーバル,2013110140,Lonhro,000a011187,吉田勝利,北星村田牧場,358.9,2013.0,2013.0,1998.0
2020106753,ヴァイスホルン,牝,辻野豊,,ダンカーク,000a012185,シラヤマヒメ,2009100652,サクラローレル,1991103498,（有）ターフ・スポー,中島牧場,358.7,2006.0,2009.0,1991.0
2020106975,スキップアビート,牝,藤田正治,,ダノンバラード,2008103548,パッセ,2015103877,パイロ,000a01176a,菅原洋充,ミルファーム,358.6,2008.0,2015.0,2005.0
2020104362,ヴィオレーヌ,牝,永田幸宏,,メイショウボーラー,2001100650,ヴェリタスマリコ,2012106081,キングカメハメハ,2001103460,Ｉレーシング（株）,高橋ファーム,358.6,2001.0,2012.0,2001.0
2020103200,アウグーリ,牝,藤ケ崎一,,エピファネイア,2010104155,アッラサルーテ,2013106131,ダイワメジャー,2001103114,坂本弘樹,ノーザンファーム,358.4,2010.0,2013.0,2001.0
2020101665,ゼイリブ,牝,石本孝博,,パドトロワ,2007102760,シーザムーンライト,2011104085,ゴールドアリュール,1999106689,（有）新生ファーム,新生ファーム,358.4,2007.0,2011.0,1999.0
2020105005,ヘキレキイッセン,牡,宇都英樹,,エイシンヒカリ,2011101273,エイシンシラユキ,2013103264,クロフネ,1998110135,小橋亮太,安達牧場,358.1,2011.0,2013.0,1998.0
2020101532,ゴッドメリフルアス,牝,角川秀樹,,ノボジャック,1997110152,マジカルデイ,2016103113,ゴールドアリュール,1999106689,渋谷健作,渋谷健作,358.1,1997.0,2016.0,1999.0
2020109164,カシノサヴィ,牝,谷潔,,ホッコータルマエ,2009100921,サトノコンドル,2008105577,アグネスタキオン,1998101516,柏木務,福田米造,358.0,2009.0,2008.0,1998.0
2020106478,ナイトブレーカー,牡,久保田信,,キズナ,2010105827,セキサンキセキ,2008101505,フジキセキ,1992109618,豊島愛子,笹島政信,358.0,2010.0,2008.0,1992.0
2020105021,プリヴィエレジェ,牡,矢野英一,,シルバーステート,2013105903,スプリングシティ,000a010e55,Seeking the Gold,000a001bea,落合幸弘,アラキファーム,358.0,2013.0,2001.0,1985.0
2020102777,ヴゼットマシェリ,牝,牧浦充徳,,マインドユアビスケッツ,000a01392e,ヴゼットジョリー,2014105655,ローエングリン,1999106738,社台レースホース,社台ファーム,358.0,2013.0,2014.0,1999.0
2020100392,デーレーノヴァ,牡,川田孝好,,ベストウォーリア,2010110127,ルールザユニバース,2012104709,ネオユニヴァース,2000101426,鶴俊邦,本桐牧場,358.0,2010.0,2012.0,2000.0
2020105748,コスモアイビー,牡,加藤和宏,,ゴールドシップ,2009102739,ケイティラブ,2004103689,スキャン,000a000d69,ファーストビジョン,ビッグレッドファーム,357.9,2009.0,2004.0,1988.0
2020104462,タイセイグッドマン,牡,松島壽,,マクフィ,000a011c77,アンシェンヌヴィル,2015105976,ディープインパクト,2002100816,山田勇,千代田牧場,357.6,2007.0,2015.0,2002.0
2020105349,サワヤカサワチャン,牝,西川進也,,ホッコータルマエ,2009100921,ギンマク,2007104495,スペシャルウィーク,1995103211,小橋亮太,竹中牧場,357.3,2009.0,2007.0,1995.0
2020103159,クリノアグレッシブ,牡,成田明,,リオンディーズ,2013105915,ガラシア,2009106259,シンボリクリスエス,1999110099,栗本篤志,ゼットステーブル,357.3,2013.0,2009.0,1999.0
2020102620,ヤマイチアクトレス,牝,宮路洋一,,ゴールドアクター,2011105266,ヤマイチジャスミン,2011104555,ファスリエフ,000a00fc4c,酒井孝敏,笹川大晃牧場,357.0,2011.0,2011.0,1997.0
2020107127,シグナトリー,牝,井上哲,,ヘニーハウンド,2008110097,ソロフライト,2013103000,ミスキャスト,1998103573,紙谷洋一,坂本智広,356.7,2008.0,2013.0,1998.0
2020106609,エアファールング,牡,藤原智行,,ディスクリートキャット,000a0113a1,ハンドオブフェイト,000a0114aa,ジェイドロバリー,000a0001a7,江川伸夫,大道牧場,356.5,2003.0,2004.0,1987.0
2020103665,モンテコルノ,牡,山田義人,,キタサンブラック,2012102013,ラカリフォルニー,2013110052,Dutch Art,000a0121d7,成富直行,ノーザンファーム,356.4,2012.0,2013.0,2004.0
2020100054,クールフレア,牝,錦見勇夫,,ベルシャザール,2008103004,クールシナリオ,2007105754,フォーティナイナー,000a000134,山本忍,沖田博志,356.4,2008.0,2007.0,1985.0
2020106319,サブノユメノスケ,牡,阪本一栄,,メイショウボーラー,2001100650,サブノイツトー,2010103160,ブラックタイド,2001103312,中川三郎,カナイシスタッド,356.0,2001.0,2010.0,2001.0
2020105490,モモンガクロー,牝,武井和実,,フリオーソ,2004106867,トレトレボーラー,2011103160,メイショウボーラー,2001100650,北原大史,中山高鹿康,356.0,2004.0,2011.0,2001.0
2020105994,ベルーガサミット,牝,佐々木由,,エスポワールシチー,2005102837,クリンゲルベルガー,2006103263,スウェプトオーヴァーボード,000a00fa34,（有）武田興業,村上雅規,355.9,2005.0,2006.0,1997.0
2020105294,ラヴァルス,牝,八木正喜,,シルバーステート,2013105903,クロスウォーターII,000a0117ce,Storm Cat,000a001a98,廣松真次,須崎牧場,355.8,2013.0,2005.0,1983.0
2020105913,ブラックサンサン,牝,真島正徳,,キタサンブラック,2012102013,ハルサンサン,2008105046,サウスヴィグラス,1996110138,原大栄,三村卓也,355.7,2012.0,2008.0,1996.0
2020102786,チキチキチータ,牝,池田忠好,,ロゴタイプ,2010103783,エクストラファイン,2012104281,シンボリクリスエス,1999110099,倉重博文,社台ファーム,355.6,2010.0,2012.0,1999.0
2020101686,ホウオウレンジャー,牡,及川良春,,レッドファルクス,2011104416,スイートハビタット,2000110233,Grand Lodge,000a001f34,岩渕瑞生,シンボリ牧場,355.1,2011.0,2000.0,1991.0
2020103437,バロンゾラーレ,牝,久保田貴,,ドゥラメンテ,2012104511,ステファニーズキトゥン,000a012f07,Kitten's Joy,000a0119b3,キャロットファーム,ノーザンファーム,355.0,2012.0,2009.0,2001.0
2020102492,エルジーニョ,牡,小久保智,,マクマホン,000a0143ac,トーセンヴェール,2009106231,クロフネ,1998110135,島川隆哉,エスティファーム,354.5,2014.0,2009.0,1998.0
2020104592,ラファルジュノー,牝,立花伸,,アジアエクスプレス,2011110091,コパノジャーノー,2001107109,エリシオ,1993190001,大竹和彦,西村牧場,353.8,2011.0,2001.0,1993.0
2020104768,ウィービースティ,牡,植松則幸,,ホッコータルマエ,2009100921,ブリリン,2006101513,タイキシャトル,1994109686,（株）ファーストビジ,フジワラファーム,353.6,2009.0,2006.0,1994.0
2020101689,エイユースイート,牝,倉兼育康,,シャンハイボビー,000a0127e4,スイートマトルーフ,2006109266,スペシャルウィーク,1995103211,笹部義則,シンボリ牧場,353.3,2010.0,2006.0,1995.0
2020101191,ニシノサトパーク,牡,佐々木洋,,ストロングリターン,2006102934,スマイルメッセージ,2015102247,スクリーンヒーロー,2004103328,山口明彦,山口明彦,353.1,2006.0,2015.0,2004.0
2020105712,セントアイヴス,牡,中川竜馬,,サトノアラジン,2011104063,クエストフォーワンダー,000a013909,マクフィ,000a011c77,豊島愛子,パカパカファーム,353.0,2011.0,2012.0,2007.0
2020102423,ジージーファン,牝,伊藤勝己,,グレーターロンドン,2012101402,マジックルーラー,2014106029,ルーラーシップ,2007103143,太田雅貴,池本久志,353.0,2012.0,2014.0,2007.0
2020103777,ゼファーバローズ,牡,真島正徳,,ロードカナロア,2008103552,サンドラバローズ,2011102892,ディープインパクト,2002100816,梅ケ枝容晃,レイクヴィラファーム,352.7,2008.0,2011.0,2002.0
2020102530,トーセンダビット,牡,後藤正義,,マクマホン,000a0143ac,ライズスクリュー,2014101705,トーセンホマレボシ,2009106092,島川隆哉,エスティファーム,352.3,2014.0,2014.0,2009.0
2020105923,ヤノニノキセキ,牡,藤ヶ崎一,,キンシャサノキセキ,2003110212,ウマヤノニウシ,2014105219,ストリートセンス,000a0113a2,仲尾正人,村上欽哉,351.8,2003.0,2014.0,2004.0
2020104895,ローゼンサムライ,牡,東眞市,,リーチザクラウン,2006102923,シナノカラー,2012104795,アグネスデジタル,1997110025,酒井一圭,見上牧場,351.6,2006.0,2012.0,1997.0
2020105427,ルージュカメリア,牝,植松則幸,,バトルプラン,000a0118e8,ビューティーレディ,2002102784,サンデーサイレンス,000a00033a,（株）ファーストビジ,飛渡牧場,351.5,2005.0,2002.0,1986.0
2020102732,フォースバイオ,牡,玉井昇,,ダイワメジャー,2001103114,ロイヤルマリー,000a011dca,Monsun,000a010db6,（株）ＩＴＦ,社台コーポレーション白老ファーム,350.6,2001.0,2007.0,1990.0
2020107012,フクシマニア,牡,福永敏,,ラニ,2013110045,リキサンキャロル,2006105025,ニューイングランド,1997105461,福島崇志,山田昇史,350.5,2013.0,2006.0,1997.0
2020102205,キャラハンテソーロ,牡,高橋俊之,,ブラックタイド,2001103312,コパノマルコリーニ,2004106386,マヤノトップガン,1992102988,横田一男,前野牧場,350.4,2001.0,2004.0,1992.0
2020102246,ターントゥベスト,牝,村上実,,ミッキーロケット,2013106099,ターントゥタイド,2011100942,ブラックタイド,2001103312,西村隆平,三輪牧場,350.2,2013.0,2011.0,2001.0
2020106374,タムロショウリュー,牡,西園正都,,パイロ,000a01176a,ビーナスライン,2001100355,フジキセキ,1992109618,谷口屯,木戸口牧場,350.0,2005.0,2001.0,1992.0
2020104104,ガールズドリーム,牝,内田勝義,,ファインニードル,2013100612,アリュマージュ,2015104175,ハーツクライ,2001103038,星野隆男,グランド牧場,349.5,2013.0,2015.0,2001.0
2020101439,クラダイリン,牝,長谷川忍,,ベルシャザール,2008103004,クラローザ,2003105938,ホリスキー,1979101459,倉見利弘,倉見牧場,349.2,2008.0,2003.0,1979.0
2020102270,アンズ,牝,岡田利一,,レインボーライン,2013106183,オンザスローン,2006106150,キングカメハメハ,2001103460,大黒富美子,森永牧場,348.2,2013.0,2006.0,2001.0
2020102224,ルナエルフ,牝,小野望,,アドマイヤムーン,2003102991,ブライトエルフ,2009103059,ブライアンズタイム,000a000082,（有）槇本牧場,槇本牧場,348.0,2003.0,2009.0,1985.0
2020103989,ジューンナックル,牡,九日俊光,,タリスマニック,000a013425,セントローレンス,2008106192,ジャングルポケット,1998101786,皆川なほ子,岡田牧場,347.5,2013.0,2008.0,1998.0
2020103265,エアアレクサンドラ,牝,迫田清美,,ドゥラメンテ,2012104511,エアジェルブロワ,2009106074,ダイワメジャー,2001103114,酒井孝敏,ノーザンファーム,347.5,2012.0,2009.0,2001.0
2020101251,クリノトランプ,牡,西川進也,,エイシンヒカリ,2011101273,カクテルフォンテン,2010100179,ルールオブロー,000a010d7d,栗本依利子,新井弘幸,347.5,2011.0,2010.0,2001.0
2020101606,アイリーンテーラー,牝,稲益貴弘,,リオンディーズ,2013105915,リンネ,2013100383,ワイルドラッシュ,000a0003a1,中西浩一,下河辺牧場,347.0,2013.0,2013.0,1994.0
2020104231,チャチャマルレディ,牝,池田孝,,ディスクリートキャット,000a0113a1,レディマスグレイヴ,2012101616,コマンズ,000a011625,ＳＲＥ（同）,佐竹学,346.5,2003.0,2012.0,1996.0
2020103585,ガーランドスタイル,牡,原口次夫,,サトノダイヤモンド,2013106101,プラチナブロンド,2011104092,ジャングルポケット,1998101786,（同）ＪＰＮ技研,ノーザンファーム,346.3,2013.0,2011.0,1998.0
2020101930,ヤマショウデリーヌ,牝,小林俊彦,,シンボリクリスエス,1999110099,ナトゥーラ,2010100303,フジキセキ,1992109618,山下勇,道見牧場,346.3,1999.0,2010.0,1992.0
2020106866,サトノアダマス,牝,中塚猛,,サトノダイヤモンド,2013106101,グリーンダンディ,000a011e11,Green Desert,000a0017d2,里見治,三嶋牧場,346.0,2013.0,2007.0,1983.0
2020106712,ファルマリン,牝,川西毅,,イスラボニータ,2011103565,フェアラフィネ,2012101890,デュランダル,1999106756,高樽さゆり,ディアレストクラブ,345.9,2011.0,2012.0,1999.0
2020104886,ストリングポスト,牝,田村彰啓,,ジョーカプチーノ,2006100529,ケイアイカミーリア,2007106568,タイキシャトル,1994109686,松田三千雄,松田牧場,345.9,2006.0,2007.0,1994.0
2020103799,マロンドレ,牡,大竹正博,,ラブリーデイ,2010104298,リトルダーリン,2008101078,ディープインパクト,2002100816,伊藤功一,レイクヴィラファーム,345.9,2010.0,2008.0,2002.0
2020106486,エイルリシュリュー,牝,東眞市,,サトノアラジン,2011104063,シャルロッカ,2010102595,タニノギムレット,1999100226,（株）ＴＥＳＯＲＯ,松栄牧場,345.8,2011.0,2010.0,1999.0
2020104394,シャイナライ,牝,井樋明正,,クリエイターII,000a013630,アクロスザライト,2008102771,ネオユニヴァース,2000101426,吉田哲,田中裕之,345.7,2013.0,2008.0,2000.0
2020107107,ラブファントム,牡,坂本昇,,レッドファルクス,2011104416,ラブターボ,2013104632,スクリーンヒーロー,2004103328,田頭勇貴,大作ステーブル,345.3,2011.0,2013.0,2004.0
2020104506,アルバートミノル,牡,渡邊貴光,,ホッコータルマエ,2009100921,パーティブロッサム,2009103841,キングヘイロー,1995104427,吉岡輝美,千代田牧場,345.0,2009.0,2009.0,1995.0
2020103971,エースオブスペーズ,セ,栗本陽一,,ヤマカツエース,2012102774,ベルモントピノコ,2002100208,アジュディケーティング,000a000d5d,山梨純一,岡田猛,344.9,2012.0,2002.0,1987.0
2020105476,トゥーナミラクル,牡,後藤佑耶,,エスポワールシチー,2005102837,ガラドリエル,2012105350,カンパニー,2001103435,薄井隆博,中山高鹿康,344.7,2005.0,2012.0,2001.0
2020104695,フォンテーヌパーク,牡,凾館一昭,,ダノンレジェンド,2010110102,ルーセントオーデ,2014102549,スマートファルコン,2005100097,横田一男,原ファーム,344.6,2010.0,2014.0,2005.0
2020104404,エムティソレイユ,牝,齊藤敏,,モーリス,2011100655,フレイミングクリフス,000a012f8b,Kingmambo,000a001d7e,（株）門別牧場,田中裕之,344.5,2011.0,2002.0,1990.0
2020100150,ロードパレス,牡,小林俊彦,,ロードカナロア,2008103552,グラナダ,2012102295,Galileo,000a00232b,小橋亮太,ケイアイファーム,344.5,2008.0,2012.0,1998.0
2020101561,エコログラッツェ,牡,松島壽,,バトルプラン,000a0118e8,シルバーメール,2013100340,ネオユニヴァース,2000101426,大黒富美子,下河辺牧場,344.2,2005.0,2013.0,2000.0
2020107060,ブレイブクラウン,牡,高橋清顕,,ワールドエース,2009106353,ハートマイハート,2009104572,キングカメハメハ,2001103460,井上久光,川上牧場,344.0,2009.0,2009.0,2001.0
2020106627,ヤシロケンチャン,牡,中塚猛,,ベストウォーリア,2010110127,スターリーベイ,2008102674,キングカメハメハ,2001103460,高島幸子,津島優治,344.0,2010.0,2008.0,2001.0
2020100170,コロロア,牝,福永敏,,ロードカナロア,2008103552,ラコロネル,000a0143c7,Colonel John,000a011a41,中村伊三美,ケイアイファーム,344.0,2008.0,2014.0,2005.0
2020103404,バッジオレディネロ,牡,中野博,,ドゥラメンテ,2012104511,シユーマ,000a01218a,Medicean,000a010a19,小濱正智,ノーザンファーム,343.4,2012.0,2008.0,1997.0
2020104890,オモルフォス,牝,池田忠好,,ダノンバラード,2008103548,マイネマキアージュ,2009104652,アグネスデジタル,1997110025,酒井孝敏,松田牧場,343.0,2008.0,2009.0,1997.0
2020105865,ダリ,牡,西川進也,,グレーターロンドン,2012101402,オリエンタルアデル,2013103977,Conduit,2005190006,（株）ＴＫＫ,松浦牧場,342.3,2012.0,2013.0,2005.0
2020101480,ムーンダイヤモンド,牝,佐々木由,,サトノダイヤモンド,2013106101,ムーンエクスプレス,2012101248,アドマイヤムーン,2003102991,由利一郎,坂牧場,342.1,2013.0,2012.0,2003.0
2020105452,ニシケンカーラ,牡,錦見勇夫,,ダノンシャーク,2008105554,エーシンフォチュナ,2008104010,エイシンプレストン,1997110161,山本忍,中地義次,342.0,2008.0,2008.0,1997.0
2020102707,アウトリーチ,牝,新谷功一,,リーチザクラウン,2006102923,ベストリーダー,2011103571,ゼンノロブロイ,2000101517,吉田千津,社台コーポレーション白老ファーム,342.0,2006.0,2011.0,2000.0
2020101940,ディープトラスト,牝,川島豊,,サトノダイヤモンド,2013106101,ユアザイオン,2012104593,メイショウサムソン,2003102205,江原明,中川欽一,341.5,2013.0,2012.0,2003.0
2020106170,ケイティベガ,牝,伊藤和忍,,マジェスティックウォリアー,000a011e9c,ファンディータ,2011102989,パイロ,000a01176a,瀧本和義,スイートファーム,341.2,2005.0,2011.0,2005.0
2020105861,フレールジョワ,牡,川村守男,,シルバーステート,2013105903,インフィニート,2015100798,ルーラーシップ,2007103143,伊藤弘泰,松浦牧場,341.0,2013.0,2015.0,2007.0
2020102354,クリノサクセス,牝,高橋純,,ダイワメジャー,2001103114,クリノビャクダン,2006105891,クロフネ,1998110135,山口謙太郎,横井哲,340.2,2001.0,2006.0,1998.0
2020103789,コウソクカナ,牝,藤ケ崎一,,キズナ,2010105827,ポップチャート,2003102988,アフリート,000a000013,鈴木重夫,レイクヴィラファーム,340.1,2010.0,2003.0,1984.0
2020102597,コンイルヴェント,牡,伊藤滋規,,ミッキーアイル,2011103916,ランデックギブリ,2012104528,シンボリクリスエス,1999110099,遠藤裕之,追分ファーム,340.0,2011.0,2012.0,1999.0
2020105238,ネコネコロコガール,牝,平山真希,,エスポワールシチー,2005102837,キャッツ,000a0117cd,Storm Cat,000a001a98,会田裕一,佐藤牧場,339.6,2005.0,2006.0,1983.0
2020105090,ベリーズフレイバー,牝,福永敏,,ヘニーヒューズ,000a011155,シルキークラフト,2004110099,Crafty Prospector,000a00193b,尾田信夫,オリエント牧場,339.5,2003.0,2004.0,1979.0
2020109070,ストロングフレイヤ,牝,蛯名雄太,,オルフェーヴル,2008102636,タイホウパーリオ,2008109140,キングカメハメハ,2001103460,上小澤美香,ワールドファーム,339.0,2008.0,2008.0,2001.0
2020102666,セピアス,牝,加藤幸保,,ハーツクライ,2001103038,シーティス,000a0142da,Invincible Spirit,000a01056d,社台レースホース,社台コーポレーション白老ファーム,339.0,2001.0,2013.0,1997.0
2020101971,アルベロ,牡,那俄性哲,,ミッキーロケット,2013106099,アラブランカ,2000106445,ディアブロ,000a0000e9,岩田雅之,長田ファーム,339.0,2013.0,2000.0,1987.0
2020101277,シルバーハート,牝,平和人,,シルバーステート,2013105903,コスモハート,2006104848,マイネルラヴ,1995108558,酒井孝敏,石原牧場,339.0,2013.0,2006.0,1995.0
2020101920,メラヴィリオーザ,牝,秋山真一,,ディーマジェスティ,2013104704,メイクデュース,2006105732,トウカイテイオー,1988101025,ノルマンディーサラブレッドレーシング,出口牧場,338.2,2013.0,2006.0,1988.0
2020104820,フラッシュドロー,牝,沖田明子,,アポロキングダム,2003110139,フィールザライト,2008102486,ファンタスティックライト,1996190005,溝端二三雄,へいはた牧場,338.1,2003.0,2008.0,1996.0
2020103877,アサクサアダム,牡,戸田博文,,ビーチパトロール,000a0141f9,エリモフローラ,2010101785,ゼンノロブロイ,2000101517,櫻井素子,岡田スタッド,338.0,2013.0,2010.0,2000.0
2020101201,ヴァルカン,牝,西村守幸,,ベストウォーリア,2010110127,リスクオン,2011103754,マツリダゴッホ,2003104570,小谷昌吾,アイズスタッド,338.0,2010.0,2011.0,2003.0
2020106907,サイモンカリン,牝,大垣敏夫,,ダンカーク,000a012185,メイショウグレア,2010105133,ジャングルポケット,1998101786,小橋亮太,三嶋牧場,337.9,2006.0,2010.0,1998.0
2020102349,ロブロイズハート,牡,坂口義幸,,ゼンノロブロイ,2000101517,フサイチミライ,2003102632,エンドスウィープ,000a00010f,谷謙介,Ｕ・Ｍ・Ａ,337.6,2000.0,2003.0,1991.0
2020102278,ハクシンジャベリン,牡,工藤真司,,ビッグアーサー,2011103328,タオルチャン,2010104690,クロフネ,1998110135,新井原博,門別敏朗,337.0,2011.0,2010.0,1998.0
2020100028,ヴェスペリーナ,牝,真島元徳,,ベストウォーリア,2010110127,スズノヒロイン,2005102631,スペシャルウィーク,1995103211,瓜生和彦,小河豊水,337.0,2010.0,2005.0,1995.0
2020105736,ボンジュールリーゼ,牝,晴山厚司,,リアルインパクト,2008103244,レディジェーン,2005102370,フレンチデピュティ,000a00013a,川村初美,平山牧場,336.9,2008.0,2005.0,1992.0
2020105071,クリスタルゴールド,牡,佐藤茂,,ハービンジャー,000a011996,ヒメスズラン,2011104597,ゴールドアリュール,1999106689,岡田和惠,大狩部牧場,336.6,2006.0,2011.0,1999.0
2020104092,アメ,牝,長谷川忍,,ラニ,2013110045,ドゥマイモンシェリ,2014104397,タイキシャトル,1994109686,池田貴征,キヨタケ牧場,336.5,2013.0,2014.0,1994.0
2020106305,ハクアイゼウス,牡,東眞市,,ホッコータルマエ,2009100921,ワンメイク,2006101818,フジキセキ,1992109618,（株）Ｈ．Ｉコーポレ,大柳ファーム,336.4,2009.0,2006.0,1992.0
2020103344,ファンネルマーク,セ,伊藤滋規,,ハーツクライ,2001103038,クルージンミジー,2009110123,Mizzen Mast,000a0109d3,シグラップ・マネジメ,ノーザンファーム,336.0,2001.0,2009.0,1998.0
2020103300,ポーラライツ,牡,菅原欣也,,サトノクラウン,2012104668,オーロラエンブレム,2014106111,ディープインパクト,2002100816,（同）ＪＰＮ技研,ノーザンファーム,336.0,2012.0,2014.0,2002.0
2020101796,サイファーテキスト,牡,中野博,,ディスクリートキャット,000a0113a1,エンクリプション,2015101663,ストーミングホーム,1998190003,小濱正智,ダーレー・ジャパン・ファーム,336.0,2003.0,2015.0,1998.0
2020110015,スターリングナウ,牡,角田輝也,,Super Saver,000a012d51,チャチャタイム,000a01a925,Gio Ponti,000a011a7e,古賀和夫,Murakami Farm LLC,335.9,2007.0,2013.0,2005.0
2020102865,ヒーリングアート,牝,井樋一也,,ロードカナロア,2008103552,サンテミリオン,2007102958,ゼンノロブロイ,2000101517,谷口祐人,社台ファーム,335.9,2008.0,2007.0,2000.0
2020104662,スターチャーム,牝,佐藤敏彦,,バトルプラン,000a0118e8,ダイワチャーム,2004105605,フジキセキ,1992109618,小橋亮太,服部牧場,335.7,2005.0,2004.0,1992.0
2020101148,ラトラパンテ,牝,土井道隆,,リオンディーズ,2013105915,マーキークラブ,2013106028,クロフネ,1998110135,西村健作,坂東牧場,335.3,2013.0,2013.0,1998.0
2020102826,カリーナベローチェ,牝,笹田和秀,,サトノクラウン,2012104668,カレンリスベット,2011104256,マンハッタンカフェ,1998101554,吉田照哉,社台ファーム,335.0,2012.0,2011.0,1998.0
2020100984,ロードストレーザ,牡,高柳瑞樹,,マジェスティックウォリアー,000a011e9c,ピエモンテ,2009102487,フジキセキ,1992109618,ロードホースクラブ,村下清志,335.0,2005.0,2009.0,1992.0
2020103976,ブレイクネック,牡,堀場裕充,,ビッグアーサー,2011103328,ウィステリアメジロ,2011102904,メジロベイリー,1998101457,秋本竹子,岡田牧場,334.6,2011.0,2011.0,1998.0
2020103905,スピリットクークス,牡,吉田司,,ビーチパトロール,000a0141f9,スピリテッドエアー,2009110032,Danehill Dancer,000a002309,古川忠一,岡田スタッド,334.2,2013.0,2009.0,1993.0
2020103698,エリカソレイユ,牝,茶木太樹,,ミッキーアイル,2011103916,レツィーナ,2004105815,キャプテンスティーヴ,000a000d9d,三木正浩,ノーザンファーム,334.2,2011.0,2004.0,1997.0
2020104656,ナムラダニー,牡,保利幸作,,ヴィクトワールピサ,2007102923,ナムラオツウ,2012101060,ディープインパクト,2002100816,ＫＡＪＩＭＯＴＯホールディングス,八田ファーム,334.1,2007.0,2012.0,2002.0
2020106434,エクチュール,牡,吉田司,,ミッキーアイル,2011103916,イエロースター,2013100781,サウスヴィグラス,1996110138,古川忠一,グランデファーム,334.0,2011.0,2013.0,1996.0
2020100512,ササキントモタロウ,牡,安池成実,,パドトロワ,2007102760,テーオーティアラ,2006103280,スペシャルウィーク,1995103211,佐々木均,森政巳,334.0,2007.0,2006.0,1995.0
2020101558,アンニーナ,牝,大山寿文,,マインドユアビスケッツ,000a01392e,シャラポワ,2003106081,サンデーサイレンス,000a00033a,門野文典,下河辺牧場,333.6,2013.0,2003.0,1986.0
2020106649,サトノドゥーチェ,牡,玉垣光章,,ハービンジャー,000a011996,シンフォニア,2012105410,サクラバクシンオー,1989108341,里見治,辻牧場,333.4,2006.0,2012.0,1989.0
2020103163,ロゴナンバーワン,牝,石井勝男,,ロゴタイプ,2010103783,トーコーディオーネ,2013106233,エンパイアメーカー,000a010542,（有）イーデン産業,ゼットステーブル,333.0,2010.0,2013.0,2000.0
2020100428,ヴォーグセレナイト,牝,内田勝義,,ジャスタウェイ,2009106461,ルイーズ,2008103312,ロージズインメイ,000a010a10,志村幸彦,前田ファーム,333.0,2009.0,2008.0,2000.0
2020103837,アークウォリアー,牝,平田正一,,マジェスティックウォリアー,000a011e9c,ウエスタンイヴ,2011110101,エンパイアメーカー,000a010542,アークフロンティア,ウエスタンファーム,332.5,2005.0,2011.0,2000.0
2020105846,クライアウト,牝,佐藤浩一,,マジェスティックウォリアー,000a011e9c,ウインシップ,2015100779,ルーラーシップ,2007103143,石瀬浩三,細川農場,332.3,2005.0,2015.0,2007.0
2020103887,スカーレットレイル,牝,笹野博司,,アジアエクスプレス,2011110091,キネオソレイユ,2011100356,ネオユニヴァース,2000101426,（同）ハマモト,岡田スタッド,332.3,2011.0,2011.0,2000.0
2020106461,ミユキアルテミシア,牝,溝橋利喜,,リオンディーズ,2013105915,ダブルアクセル,2010104828,アグネスタキオン,1998101516,大田愛奈,酒井牧場,332.1,2013.0,2010.0,1998.0
2020106324,オセアマジェスティ,牡,佐藤浩一,,マジェスティックウォリアー,000a011e9c,プラチナループ,2006103633,マーベラスサンデー,1992103687,Ｉレーシング（株）,カナイシスタッド,332.1,2005.0,2006.0,1992.0
2020103449,スミレブーケ,牝,山元博徳,,サトノクラウン,2012104668,スミレ,2013106138,ダイワメジャー,2001103114,ファーストビジョン,ノーザンファーム,332.1,2012.0,2013.0,2001.0
2020104631,マムティアリュール,牡,荒井朋弘,,スマートファルコン,2005100097,マムティ,2010104326,デュランダル,1999106756,谷謙介,野坂牧場,332.0,2005.0,2010.0,1999.0
2020101889,キャビネットバトル,牡,小西重征,,ダイワメジャー,2001103114,ホワイトソックス,2012110034,Scipion,000a0122fd,紙谷洋一,チャンピオンズファーム,331.7,2001.0,2012.0,2002.0
2020109074,キョウエイルーマー,牡,濱田一夫,,キョウエイギア,2013109168,レディアマポーラ,2002101141,パントレセレブル,000a000271,馬場信一,ワールドファーム,331.2,2013.0,2002.0,1994.0
2020105558,スプラッシュヒット,牡,加藤誠一,,エピファネイア,2010104155,オルトリンデ,2006102909,ダンスインザダーク,1993109188,山口正行,新冠橋本牧場,331.0,2010.0,2006.0,1993.0
2020102875,シャンデル,牝,藤原智行,,マジェスティックウォリアー,000a011e9c,シャンデリアスピン,2015104415,ノヴェリスト,000a012230,村山光弘,社台ファーム,331.0,2005.0,2015.0,2009.0
2020100547,ストーリータイム,牡,千葉津代,,ディープブリランテ,2009105084,ストーリーライン,2010102992,ブライアンズタイム,000a000082,冨沢敦子,レースホース牧場,331.0,2009.0,2010.0,1985.0
2020101836,バーンキャット,牝,松浦裕之,,ディスクリートキャット,000a0113a1,バーンアウル,2011100560,コマンズ,000a011625,梅ケ枝容晃,ダーレー・ジャパン・ファーム,330.9,2003.0,2011.0,1996.0
2020100752,エレナユニヴァース,牝,瀬戸口悟,,ダノンレジェンド,2010110102,リアユニヴァース,2009101118,ネオユニヴァース,2000101426,（同）ＪＰＮ技研,高昭牧場,330.9,2010.0,2009.0,2000.0
2020105590,ヤマニンアルマーレ,牝,伊藤和,,ロゴタイプ,2010103783,ヤマニンアストレア,2007104725,キングカメハメハ,2001103460,土井久美子,錦岡牧場,330.4,2010.0,2007.0,2001.0
2020101081,ノアシーザリオ,牝,川野勇馬,,エピファネイア,2010104155,ノアスカーレット,2007102173,キングカメハメハ,2001103460,佐山公男,スガタ牧場,330.0,2010.0,2007.0,2001.0
2020100585,レオナイン,牡,坂井英光,,デクラレーションオブウォー,000a0136f6,マルデデルマ,2008102829,ワイルドラッシュ,000a0003a1,野田善己,梅田牧場,330.0,2009.0,2008.0,1994.0
2020102778,ナンヨーウイング,牝,関本浩司,,オルフェーヴル,2008102636,エアシンフォニー,2015104246,ルーラーシップ,2007103143,岩渕瑞生,社台ファーム,329.7,2008.0,2015.0,2007.0
2020100861,レイズミーアップ,牡,渡辺博文,,ファインニードル,2013100612,フレッチャブランカ,2015103323,クロフネ,1998110135,遠藤喜和,富塚ファーム,329.6,2013.0,2015.0,1998.0
2020109001,ミラコロダンス,牝,飯田弘道,,ウインバリアシオン,2008103206,ウインアンブロシア,2009106581,ゴールドアリュール,1999106689,山崎和哉,荒谷牧場,329.2,2008.0,2009.0,1999.0
2020104815,フークレグルス,牡,関本浩司,,トゥザグローリー,2007103265,サクラミラージュ,2008100496,ブライアンズタイム,000a000082,福岡隆史,へいはた牧場,328.8,2007.0,2008.0,1985.0
2020107208,ワンダーアウメント,牡,西村守幸,,ディーマジェスティ,2013104704,ワンダートロワ,2011106539,アルデバランII,000a010541,山本能行,フクダファーム,328.5,2013.0,2011.0,1998.0
2020100360,アユチャンプ,牝,織田誠,,エイシンヒカリ,2011101273,ビッグザム,000a0120fc,Zamindar,000a011b6e,佐々木將吉,堀川洋之,328.5,2011.0,2005.0,1994.0
2020102747,ランドグリーズ,牝,和田勇介,,イスラボニータ,2011103565,アラドヴァル,2009105749,シンボリクリスエス,1999110099,社台レースホース,社台ファーム,328.0,2011.0,2009.0,1999.0
2020100375,トワイライトレディ,牝,小林俊彦,,ハービンジャー,000a011996,グレイスフラワー,2009106185,ダイワメジャー,2001103114,佐藤壽男,本桐牧場,328.0,2006.0,2009.0,2001.0
2020101432,マリノフェアレディ,牝,渡辺博文,,クラウンレガーロ,2010105639,マリノトップレディ,2013100225,トウカイテイオー,1988101025,矢野恭裕,クラウン日高牧場,327.6,2010.0,2013.0,1988.0
2020105013,クイーンオブドミノ,牝,齊藤敏,,サトノクラウン,2012104668,パレスメダーリア,2009104436,ハーツクライ,2001103038,大西充秋,安達牧場,327.5,2012.0,2009.0,2001.0
2020105487,パクパクデスワ,牝,橘友和,,イスラボニータ,2011103565,タイクローサ,2001107561,フォーティナイナー,000a000134,大田恭充,中山高鹿康,327.3,2011.0,2001.0,1985.0
2020102020,キメツノホース,牡,石川栄,,マインドユアビスケッツ,000a01392e,ホローポ,2015101815,ゼンノロブロイ,2000101517,ＳＲＥ（同）,長谷川牧場,327.1,2013.0,2015.0,2000.0
2020101658,ビッグノースルーフ,牝,伊藤和,,シビルウォー,2005102317,レッドフォーリア,2006103027,ダンスインザダーク,1993109188,大屋高広,白瀬盛雄,326.5,2005.0,2006.0,1993.0
2020103998,ヴィクターアーク,牝,藤田正治,,デクラレーションオブウォー,000a0136f6,ヒストリアドリーム,2010100557,アドマイヤムーン,2003102991,（株）ファーストオー,岡田牧場,326.4,2009.0,2010.0,2003.0
2020100441,ハナサキポプラ,牝,高橋宏征,,ガルボ,2007101163,アドリアーネ,2009101623,アグネスデジタル,1997110025,石川秀守,水丸牧場,326.3,2007.0,2009.0,1997.0
2020103080,リトルジーニー,牝,酒井一則,,サトノアラジン,2011104063,ユーリトミクス,2015104601,キングカメハメハ,2001103460,谷謙介,社台ファーム,326.0,2011.0,2015.0,2001.0
2020104220,ニホンピロラグーナ,牝,今津勝之,,ダイワメジャー,2001103114,ニホンピロヴィータ,2008100351,スニッツェル,000a010eaa,小林英一,佐竹学,325.8,2001.0,2008.0,2002.0
2020100922,ユイノデストラーデ,牡,千葉博次,,シャンハイボビー,000a0127e4,チャプレット,2011103343,ゼンノロブロイ,2000101517,佐々木直貴,ヒダカファーム,325.6,2010.0,2011.0,2000.0
2020102462,レジーナ,牝,佐藤浩一,,トーセンラー,2008102985,イエスアイゲット,2013100094,トーセンファントム,2007102870,Ｉレーシング（株）,エスティファーム,325.5,2008.0,2013.0,2007.0
2020105885,サダムターゲット,牡,藤田正治,,ミッキーロケット,2013106099,ミオビキニブロンド,2011100468,ブラックタイド,2001103312,豊原純弥,松浦牧場,325.0,2013.0,2011.0,2001.0
2020104414,スプリングレター,牝,村上正和,,メイショウボーラー,2001100650,サクラヴァニータ,2001104173,サクラローレル,1991103498,谷岡真喜,谷岡スタット,324.7,2001.0,2001.0,1991.0
2020110070,モズグランダム,牝,新子雅司,,City of Light,000a014375,Miss Moon,000a01bce0,Malibu Moon,000a010c8e,（株）キャピタル・シ,Chris Baccari & Brad Stephens,324.0,2014.0,2012.0,1997.0
2020106601,セイオニックス,牡,大島静夫,,セイクリムズン,2006100106,セイスピカ,2016100823,パイロ,000a01176a,金田成基,大道牧場,324.0,2006.0,2016.0,2005.0
2020100088,ササキンダリア,牝,佐野謙二,,サトノアラジン,2011104063,シキセイセイ,2010101308,マイネルセレクト,1999107196,佐々木均,加野牧場,324.0,2011.0,2010.0,1999.0
2020106252,エイシンセブン,牡,水野善太,,エイシンヒカリ,2011101273,エイシンソルティー,2011110049,Tapit,000a011248,小橋亮太,栄進牧場,323.5,2011.0,2011.0,2001.0
2020100819,ヘイワ,牡,中川竜馬,,ダンカーク,000a012185,グロリアフライト,2015103672,ヨハネスブルグ,000a0103b9,梶原哲朗,大北牧場,323.5,2006.0,2015.0,1999.0
2020101437,クラマサヴィーナス,牝,矢野義幸,,ニシケンモノノフ,2011105438,クラビッグレディ,2002105809,ブラックタイアフェアー,000a00006e,倉見政敏,倉見牧場,323.4,2011.0,2002.0,1986.0
2020105426,ベストバディ,牝,川島正一,,シルバーステート,2013105903,ヒシラスティ,2008104356,フサイチコンコルド,1993109220,飛渡清一,飛渡牧場,323.0,2013.0,2008.0,1993.0
2020100917,ララベルダム,牝,碇清次郎,,ディーマジェスティ,2013104704,ジュエルボックスII,000a012efb,Pivotal,000a002328,羽地律雄,ヒダカファーム,322.8,2013.0,2009.0,1993.0
2020105293,ペインティトブルー,牝,瀬戸幸一,,カレンブラックヒル,2009106230,クィーンオブシバ,2011104796,ファスリエフ,000a00fc4c,後藤順男,須崎牧場,322.4,2009.0,2011.0,1997.0
2020105323,ペイシャキネマ,牝,九日俊光,,カレンブラックヒル,2009106230,クィーンオブキネマ,2004100416,タイキシャトル,1994109686,北所拓也,隆栄牧場,322.2,2009.0,2004.0,1994.0
2020100775,ビッグコエミルーフ,牝,伊藤和,,エスポワールシチー,2005102837,ハートフルモトヒメ,2012105915,フサイチリシャール,2003102955,大屋高広,斉藤政志,322.0,2005.0,2012.0,2003.0
2020103970,リンデザ,牝,藤ヶ崎一,,ヤマカツエース,2012102774,フレンチ,2007103580,キングヘイロー,1995104427,近藤芳光,岡田猛,321.9,2012.0,2007.0,1995.0
2020104053,アユ,牝,後藤正義,,シニスターミニスター,000a011099,アグネスバラード,2002103118,ヘネシー,000a000178,本田恒雄,カタオカファーム,321.7,2003.0,2002.0,1993.0
2020101166,シエルリーナ,牝,渡辺博文,,バゴ,2001190004,トウカイセレッソ,2009104929,キングカメハメハ,2001103460,遠藤喜和,びらとり牧場,321.4,2001.0,2009.0,2001.0
2020106199,カネショウシオン,牡,鈴木義久,,ラニ,2013110045,スイートレーヌ,2008109023,ブライアンズタイム,000a000082,清水正裕,赤田牧場,321.0,2013.0,2008.0,1985.0
2020106612,パステルデナタ,牡,高橋俊之,,ダノンレジェンド,2010110102,ミスティックアート,2011102274,アグネスデジタル,1997110025,藤田司,大道牧場,320.9,2010.0,2011.0,1997.0
2020110002,ミアパシオーネ,牝,井樋明正,,New Approach,000a011656,ユーブゴットイット,000a01395c,Sea The Stars,000a011c78,（同）ＪＰＮ技研,La Mere Co. Ltd,320.8,2005.0,2011.0,2006.0
2020109093,キッスオブファイア,牝,鹿沼良和,,エスポワールシチー,2005102837,バージニアキャット,2008110103,Bluegrass Cat,000a01173d,豊島愛子,恵比寿興業株式会社那須野牧場,320.5,2005.0,2008.0,2003.0
2020102426,ダディーズラビング,牝,井上弘之,,コパノリッキー,2010106548,トロピカルブラッサム,000a0105c7,サンダーガルチ,000a00035c,田島大史,市川牧場,320.5,2010.0,1998.0,1992.0
2020101942,アルブレーヴ,牡,藤ケ崎一,,グレーターロンドン,2012101402,エールドランジュ,2010100805,メイショウボーラー,2001100650,新井裕明,中館牧場,320.4,2012.0,2010.0,2001.0
2020106040,ムギコ,牝,川添明弘,,シビルウォー,2005102317,プレイズザミラクル,2004103097,フジキセキ,1992109618,（株）アプエンテ,八島夕起子,320.0,2005.0,2004.0,1992.0
2020103540,アンティーゾ,牡,森一誠,,エピファネイア,2010104155,ヒカルアマランサス,2006103241,アグネスタキオン,1998101516,シルクレーシング,ノーザンファーム,320.0,2010.0,2006.0,1998.0
2020102263,トリフィス,牝,矢作芳人,,ロードカナロア,2008103552,キョウエイカルラ,2007106172,アフリート,000a000013,広尾レース,モリナガファーム,320.0,2008.0,2007.0,1984.0
2020105711,ホワイトキャンバス,牡,石川浩文,,レッドファルクス,2011104416,オールアイキャンセイイズワウ,000a0117d6,Street Cry,000a0103ba,（株）アプエンテ,パカパカファーム,319.6,2011.0,2005.0,1998.0
2020101114,コハル,牝,井手上慎,,ジャスタウェイ,2009106461,ヤエノグラフ,2015104821,ロードカナロア,2008103552,山口謙太郎,二風谷ファーム,319.5,2009.0,2015.0,2008.0
2020105847,サクラトップロール,牡,雑賀伸一,,ビーチパトロール,000a0141f9,サクラトップクイン,2008102998,ジャングルポケット,1998101786,トップフェロウ,細川農場,319.2,2013.0,2008.0,1998.0
2020101750,インペトゥオーソ,牡,藤田弘治,,フリオーソ,2004106867,ブラウンキャビア,2013110113,Kodiac,000a012b10,山口正行,高山牧場,319.0,2004.0,2013.0,2001.0
2020103938,ゲイナー,牡,藤ヶ崎一,,ジャスタウェイ,2009106461,プラチナテーラー,2010102455,ジャングルポケット,1998101786,近藤克麿,岡田スタッド,318.9,2009.0,2010.0,1998.0
2020100835,ダンカークウルフ,牡,東眞市,,ダンカーク,000a012185,エンダレ,2009101176,ゴールドアリュール,1999106689,瀬戸富美,高岸順一,318.9,2006.0,2009.0,1999.0
2020105085,テーオーマツカゼ,牡,伊藤強一,,ネロ,2011103722,ルーチェデルソーレ,2009106514,メイショウボーラー,2001100650,大橋利幸,大林ファーム,318.5,2011.0,2009.0,2001.0
2020104170,トゥーナトライ,牡,柳井宏之,,フリオーソ,2004106867,クルイザキ,2014106491,ゴールドアリュール,1999106689,薄井隆博,サカイファーム,318.2,2004.0,2014.0,1999.0
2020105628,アリクテラー,セ,高野毅,,マジェスティックウォリアー,000a011e9c,シャスターデイジー,2010105834,アグネスタキオン,1998101516,前田幸治,ノースヒルズ,318.0,2005.0,2010.0,1998.0
2020105378,タカイチスイート,牝,藪口一麻,,ノヴェリスト,000a012230,スイートガーデン,2011101843,ブラックタイド,2001103312,高橋一郎,大作ステーブル,318.0,2009.0,2011.0,2001.0
2020101385,ブラックフラミンゴ,牝,胡本友晴,,エピファネイア,2010104155,クロイゼリンチャン,2010100336,ブラックタイド,2001103312,（株）ファーストビジ,北田剛,318.0,2010.0,2010.0,2001.0
2020101895,アオイリキマル,牡,川嶋弘吉,,ジャスタウェイ,2009106461,ヤマノグラス,2008105731,バブルガムフェロー,1993109219,坂田行夫,チャンピオンズファーム,317.6,2009.0,2008.0,1993.0
2020105481,ジュエルマドンナ,牝,山田和久,,レッドファルクス,2011104416,ジュエリーストーム,2013100642,ストーミングホーム,1998190003,（株）アプエンテ,中山高鹿康,317.5,2011.0,2013.0,1998.0
2020101371,クリノビッグママ,牝,小村正也,,ストロングリターン,2006102934,クリノツネチャン,2011100187,マイネルセレクト,1999107196,組）オールザベスト組,川島正広,317.2,2006.0,2011.0,1999.0
2020101280,フィンランドシス,牝,瀬戸口悟,,サトノクラウン,2012104668,リモンチェッロ,2010104452,シンボリクリスエス,1999110099,小橋亮太,石原牧場,316.5,2012.0,2010.0,1999.0
2020104918,スマイルウェーブ,牡,工藤裕孝,,サトノクラウン,2012104668,バイタルスタイル,2007101001,スペシャルウィーク,1995103211,岩渕瑞生,矢野牧場,316.4,2012.0,2007.0,1995.0
2020102201,ラプタマーベリック,牡,金田一昌,,ラニ,2013110045,マルーチ,2009102661,ディクタット,1995190007,関忠信,前川義則,316.4,2013.0,2009.0,1995.0
2020103903,シュライフェ,牝,山元博徳,,リーチザクラウン,2006102923,ストゥデンテッサ,000a011aba,High Yield,000a00fd81,ファーストビジョン,岡田スタッド,316.0,2006.0,2007.0,1997.0
2020105178,シルバーアッシュ,牡,安部幸夫,,ミッキーロケット,2013106099,シルバーストリーク,2010105461,クロフネ,1998110135,藤原達也,小泉学,315.8,2013.0,2010.0,1998.0
2020103460,リリックス,牝,渡部則夫,,キンシャサノキセキ,2003110212,ソングライティング,2013110090,Giant's Causeway,000a0022e1,江川伸夫,ノーザンファーム,315.8,2003.0,2013.0,1997.0
2020100790,カットビホッキマン,牡,佐藤茂,,ホッコータルマエ,2009100921,ナリタアマリリス,2014103869,ハーツクライ,2001103038,小野寺悠太,鮫川啓一,315.8,2009.0,2014.0,2001.0
2020101416,マリノシュライエン,牝,五十嵐冬,,レッドファルクス,2011104416,クラウンシトラス,2012106347,スニッツェル,000a010eaa,サンエツ企画（有）,クラウン日高牧場,315.4,2011.0,2012.0,2002.0
2020106581,ティーズアヴァンセ,牝,工藤裕孝,,イスラボニータ,2011103565,リーベグランツ,2015104084,ノヴェリスト,000a012230,高橋真紀,谷川牧場,315.0,2011.0,2015.0,2009.0
2020100308,シュヴルーズ,牡,伊藤和忍,,ヴァンセンヌ,2009106525,ヴィエナトウショウ,2007100639,ワイルドラッシュ,000a0003a1,会田裕一,中橋清,314.4,2009.0,2007.0,1994.0
2020105296,ジーガーアイアン,牝,石井勝男,,ゴールドアクター,2011105266,ジーガーウイング,2004100380,ウイングアロー,1995101039,飯田総一郎,須崎牧場,314.0,2011.0,2004.0,1995.0
2020106327,プラチナリボン,牡,真島元徳,,メイショウボーラー,2001100650,リボンチャン,2015101816,エンパイアメーカー,000a010542,三宅勝俊,カナイシスタッド,313.8,2001.0,2015.0,2000.0
2020106531,ハシレヨオトメ,牝,北野真弘,,インカンテーション,2010104916,シンセツ,2007101525,ホワイトマズル,1990109700,小菅誠,多田善弘,313.3,2010.0,2007.0,1990.0
2020105967,ティリア,牝,渡瀬寛彰,,ヴァンセンヌ,2009106525,プリーズユアラヴ,2010100845,マイネルラヴ,1995108558,徳永博,村上進治,313.2,2009.0,2010.0,1995.0
2020106699,ベルサーナ,牝,坂口義幸,,ゴールドシップ,2009102739,スズノネイロ,2010106274,デュランダル,1999106756,山邉浩,ディアレストクラブ,313.0,2009.0,2010.0,1999.0
2020105537,タガノドゥリ,牝,西園翔太,,レーヴミストラル,2012104929,タガノグラッツェ,2013101709,エンパイアメーカー,000a010542,八木良司,新冠タガノファーム,313.0,2012.0,2013.0,2000.0
2020105434,ドラタイザン,牝,桧森邦夫,,パドトロワ,2007102760,オテンバタイザン,2011101341,ゴールドアリュール,1999106689,平野正行,トモファーム,312.8,2007.0,2011.0,1999.0
2020102821,カレイジャス,牝,藤田弘治,,ジャスタウェイ,2009106461,カトマンブルー,000a0124c9,Bluegrass Cat,000a01173d,津田浩一,社台ファーム,312.1,2009.0,2008.0,2003.0
2020100690,オボロヅキヨ,牡,川添明弘,,レッドファルクス,2011104416,ロイヤルテーラー,2014105732,ワークフォース,000a011a7f,小橋亮太,桑田牧場,312.1,2011.0,2014.0,2007.0
2020106681,ドゥフタハ,牡,坂本昇,,マクフィ,000a011c77,メドゥシアナ,2014105252,コンデュイット,2005190006,（有）総武開発,辻牧場,312.0,2007.0,2014.0,2005.0
2020106603,ティフィンタイガー,牡,酒井一則,,ダノンレジェンド,2010110102,トーアハナノマイ,2009104819,タップダンスシチー,1997110043,瀬戸竜男,大道牧場,312.0,2010.0,2009.0,1997.0
2020105313,ワクワクドキドキ,牡,荒井朋弘,,コパノリチャード,2010106552,スカーレットジェム,2014104096,ディープスカイ,2005101358,スピードファーム,スピードファーム,312.0,2010.0,2014.0,2005.0
2020106332,ラズライトサナ,牝,黒田隆男,,ゴールドアクター,2011105266,ミヤビソーダライト,2011104601,アドマイヤムーン,2003102991,（株）ＴＫＫ,金石牧場,311.9,2011.0,2011.0,2003.0
2020101676,ディマリア,牝,角川秀樹,,ディスクリートキャット,000a0113a1,ロマンチック,2010101688,サウスヴィグラス,1996110138,渋谷健作,新生ファーム,311.9,2003.0,2010.0,1996.0
2020102110,デルマウッチャリ,牝,大島静夫,,ノヴェリスト,000a012230,メロディアス,2010103883,ゴールドアリュール,1999106689,（同）ＪＰＮ技研,ファニーヒルファーム,311.8,2009.0,2010.0,1999.0
2020107174,シンデレラワルツ,牝,尾原強,,ダノンレジェンド,2010110102,ワルツ,1994100851,サンデーサイレンス,000a00033a,（同）ＪＰＮ技研,北光牧場,310.9,2010.0,1994.0,1986.0
2020101462,フクノデイジー,牝,竹下太,,ディーマジェスティ,2013104704,サンウィノナ,2012109120,スニッツェル,000a010eaa,丹下将,ケイズ,310.7,2013.0,2012.0,2002.0
2020104299,シントータケシ,牡,田中正人,,ハタノヴァンクール,2009102350,シャロット,2013102887,ゼンノロブロイ,2000101517,中野辰三,静内山田牧場,310.5,2009.0,2013.0,2000.0
2020102774,デルマソトコマタ,牝,加藤和義,,ロゴタイプ,2010103783,ヴィクトリアマンボ,2013105664,ヴィクトワールピサ,2007102923,浅沼廣幸,社台ファーム,310.5,2010.0,2013.0,2007.0
2020100373,マルティネーテ,牝,斉藤正弘,,ラブリーデイ,2010104298,オルフィーク,2012102504,ヴァーミリアン,2002100877,加藤徹,本桐牧場,310.5,2010.0,2012.0,2002.0
2020107011,フークアーデル,牡,山田和久,,アメリカンペイトリオット,000a013bba,ポーズ,2009100833,ゼンノロブロイ,2000101517,福岡隆史,山田昇史,310.4,2013.0,2009.0,2000.0
2020102984,ブルネットスター,牡,平山宏秀,,グランデッツァ,2009105989,バーボネラ,2014105538,ハービンジャー,000a011996,高野英彦,社台ファーム,310.4,2009.0,2014.0,2006.0
2020101087,テイラス,牡,川添明弘,,トゥザワールド,2011103975,ビューティサフラン,2009102025,ローエングリン,1999106738,小濱正智,高橋啓,310.2,2011.0,2009.0,1999.0
2020102388,ヨルニカケル,牝,池田忠好,,パイロ,000a01176a,コウヨウタレイア,2009100865,エイシンサンディ,1993103280,小菅誠,若林順一,309.7,2005.0,2009.0,1993.0
2020104811,アグルーメ,牝,中野博,,バゴ,2001190004,キモンオレンジ,2011102583,ダンスインザダーク,1993109188,小橋亮太,へいはた牧場,309.6,2001.0,2011.0,1993.0
2020105968,フェイスシステム,牝,倉地学,,インカンテーション,2010104916,ベルベールダンス,2014105714,ステイゴールド,1994108729,中川雄斗,村上進治,309.3,2010.0,2014.0,1994.0
2020105959,フクシマパープレイ,セ,戸部尚実,,バゴ,2001190004,シェリトリンド,2014106195,ステイゴールド,1994108729,西本資史,村上進治,309.1,2001.0,2014.0,1994.0
2020103139,クラスヴァンクル,牡,藪口一麻,,リアルインパクト,2008103244,クレバーオーロラ,2009102905,クロフネ,1998110135,（有）太盛,ストロベリーフィールドファーム,309.0,2008.0,2009.0,1998.0
2020107158,フリッピ,牡,加藤和義,,フリオーソ,2004106867,ダンシングクイーン,2006100664,Giant's Causeway,000a0022e1,橋本慎太郎,若林順一,308.9,2004.0,2006.0,1997.0
2020103907,アドラブリーズ,牝,後藤佑耶,,ラブリーデイ,2010104298,スマートストーム,2004104143,アグネスタキオン,1998101516,ノルマンディーサラブレッドレーシング,岡田スタッド,308.6,2010.0,2004.0,1998.0
2020100743,ホッコーアリス,牝,千葉津代,,ブラックタイド,2001103312,ホッコーサラスター,2011103175,ヨハネスブルグ,000a0103b9,北幸商事,高昭牧場,308.6,2001.0,2011.0,1999.0
2020106097,ユーメイドマイデイ,牝,藤ケ崎一,,ベストウォーリア,2010110127,アズライト,2004102702,アグネスタキオン,1998101516,満仲敦,ハーモニーストックファーム,308.5,2010.0,2004.0,1998.0
2020100756,スーパームーン,牡,九日俊光,,エスケンデレヤ,000a012cc0,ルスナイサンバ,2003103857,キングヘイロー,1995104427,關美和,高昭牧場,308.4,2007.0,2003.0,1995.0
2020101504,レーヌドゥール,牝,真島正徳,,オルフェーヴル,2008102636,クラリティーアイズ,2013105980,キングカメハメハ,2001103460,ＹＧＧホースクラブ,サンバマウンテンファーム,308.3,2008.0,2013.0,2001.0
2020100463,ミラチャリオット,牡,松浦裕之,,ヘニーヒューズ,000a011155,ラブミークリーム,2009105402,スウェプトオーヴァーボード,000a00fa34,上山浩司,三石川上牧場,308.3,2003.0,2009.0,1997.0
2020100426,ウインエクラン,牡,井樋一也,,スクリーンヒーロー,2004103328,ライラックラブ,2005102209,アグネスタキオン,1998101516,嶋田亘克,前田ファーム,308.1,2004.0,2005.0,1998.0
2020106997,フミタツエンペラー,牡,井樋明正,,トゥザグローリー,2007103265,ケイティクラシー,2003106465,キンググローリアス,000a000d48,大黒富美子,モトスファーム,307.9,2007.0,2003.0,1986.0
2020105500,リワードセタレン,牝,雑賀正光,,レーヴミストラル,2012104929,ポートレイト,2013101702,ベーカバド,000a011dc0,宮崎忠比古,中山高鹿康,307.5,2012.0,2013.0,2007.0
2020104030,ムーンパスカレッジ,牡,土井道隆,,トーセンジョーダン,2006103169,スティールシャーク,2005102260,シンボリクリスエス,1999110099,木稲安則,織田正敏,307.5,2006.0,2005.0,1999.0
2020102465,トーセンアライブ,牡,小久保智,,ヴァンキッシュラン,2013105718,エスフィンジ,000a013dba,Wild Event,000a0136c5,島川隆哉,エスティファーム,307.0,2013.0,2013.0,1993.0
2020101328,ケンタスペシャル,牡,保利良平,,スピルバーグ,2009105961,ティープリーズ,2012101134,アジュディミツオー,2001104554,トーケンサービス,沖田牧場,307.0,2009.0,2012.0,2001.0
2020101507,フランコニア,牝,菅原欣也,,ベルシャザール,2008103004,ジョセフィーヌ,1999101348,エルハーブ,000a000d7f,井上久光,サンバマウンテンファーム,306.6,2008.0,1999.0,1991.0
2020106768,ハニーベリー,牝,黒川智貴,,ダノンレジェンド,2010110102,キングスベリー,2004102172,キングヘイロー,1995104427,日進牧場,日進牧場,305.9,2010.0,2004.0,1995.0
2020106347,レディアバンティ,牝,菅原勲,,ベストウォーリア,2010110127,イナーシャ,2015102962,ハードスパン,000a0116a1,清水龍,川越ファーム,305.9,2010.0,2015.0,2004.0
2020106989,アイヴカムバック,牝,川嶋弘吉,,アドマイヤマックス,1999107004,パッションロード,2009106850,ファンタスティックライト,1996190005,田中良輝,室田千秋,305.8,1999.0,2009.0,1996.0
2020104418,サンアルフィー,牝,栗林徹治,,アポロキングダム,2003110139,サクラコフレドール,2008100403,ロックオブジブラルタル,000a00fd4c,組）Ｇ．Ｇ．Ｇ．Ｍホ,谷岡スタット,305.8,2003.0,2008.0,1999.0
2020104697,カイエン,牡,高橋優子,,ラニ,2013110045,ガレリアトウショウ,2001104324,トワイニング,000a000006,大門忠司,原田久司,305.7,2013.0,2001.0,1991.0
2020102088,イテマエダセン,牡,黒田隆男,,キンシャサノキセキ,2003110212,シャイナムスメ,2004104779,ブライアンズタイム,000a000082,小橋亮太,広中稔,305.7,2003.0,2004.0,1985.0
2020101466,サンルクリア,牝,中川竜馬,,ダノンレジェンド,2010110102,フィールザロマンス,2010103585,ブラックタイド,2001103312,豊島愛子,ケイズ,305.7,2010.0,2010.0,2001.0
2020105718,ミコトウッドテール,牡,雑賀伸一,,アメリカンペイトリオット,000a013bba,ハマギク,2012101315,Lawman,000a011d55,梶正典,パカパカファーム,305.5,2013.0,2012.0,2004.0
2020110149,グリーンオパール,牝,小崎憲,,American Pharoah,000a012aad,Snapdragon,000a01c0cd,Super Saver,000a012d51,田頭勇貴,Crosshaven Bloodstock,305.4,2012.0,2014.0,2007.0
2020107105,マジェスティア,牡,三野宮通,,マインドユアビスケッツ,000a01392e,アンジェラクイーン,2016102019,マンハッタンカフェ,1998101554,後藤順男,坂本智広,305.0,2013.0,2016.0,1998.0
2020104862,タマモシリウス,牡,玉垣光章,,アジアエクスプレス,2011110091,タマモルミエール,2012102760,ハーツクライ,2001103038,タマモ（株）,前田牧場,305.0,2011.0,2012.0,2001.0
2020103038,キャルキューレ,牝,鹿戸雄一,,ミッキーアイル,2011103916,プレリュードフィズ,2013105663,キングカメハメハ,2001103460,里見治紀,社台ファーム,305.0,2011.0,2013.0,2001.0
2020105165,アルマケルブ,牝,柳井宏之,,コパノリッキー,2010106548,コウエイテンプウ,2006100647,デヒア,000a0000df,北原大史,小泉牧場,304.9,2010.0,2006.0,1991.0
2020106894,パワフルウィッシュ,牝,小久保智,,レッドファルクス,2011104416,マスターコーク,2006102307,フレンチデピュティ,000a00013a,上田江吏子,三嶋牧場,304.5,2011.0,2006.0,1992.0
2020100579,ツルマルタイヨー,牝,岡林光浩,,ホッコータルマエ,2009100921,ユキノセリーヌ,2008100874,ワイルドラッシュ,000a0003a1,鶴谷義雄,市正牧場,304.0,2009.0,2008.0,1994.0
2020106504,キクノミヤビ,牝,山田徹,,ノヴェリスト,000a012230,キクノジェニー,1999104906,ジェニュイン,1992109450,菊池靖二,惣田英幸,303.8,2009.0,1999.0,1992.0
2020104167,フミタツビックボス,牡,及川良春,,ダノンシャーク,2008105554,ドナマコン,2014101967,ハービンジャー,000a011996,大黒富美子,酒井亨,303.8,2008.0,2014.0,2006.0
2020101289,ウインシャルマン,牡,川添明弘,,モーリス,2011100655,ビウイッチアス,2009102183,ダイワメジャー,2001103114,桑田照夫,いとう牧場,303.4,2011.0,2009.0,2001.0
2020100758,アルマロザリオ,牝,松本隆宏,,ビーチパトロール,000a0141f9,アルマクロア,2014103976,バンブーエール,2003104100,組）コウトミックレー,小島牧場,303.3,2013.0,2014.0,2003.0
2020104585,ユウユウロケット,牡,渋谷信博,,ミッキーロケット,2013106099,スピーディードータ,2009102369,アフリート,000a000013,高岡義光,西川富岡牧場,303.2,2013.0,2009.0,1984.0
2020106876,ステラノーツ,牝,桧森邦夫,,シルバーステート,2013105903,ステラグレイス,2012102685,クロフネ,1998110135,林正道,三嶋牧場,303.0,2013.0,2012.0,1998.0
2020104058,ロンバルディ,牡,高月賢一,,エスポワールシチー,2005102837,ハレイワクィーン,2010102578,キングカメハメハ,2001103460,前田良平,カタオカファーム,303.0,2005.0,2010.0,2001.0
2020101725,エルカリエンテ,牡,大和田成,,エイシンヒカリ,2011101273,ミスパスカリ,2001103436,Mr. Greeley,000a00213e,金子真人ホールディングス,スマイルファーム,303.0,2011.0,2001.0,1992.0
2020104809,アポロパシュート,セ,小沢宏次,,タリスマニック,000a013425,エクスポジション,2015101586,Exceed And Excel,000a010a61,西村健,へいはた牧場,302.5,2013.0,2015.0,2000.0
2020106250,エイシンセレナ,牝,三宅直之,,エイシンヒカリ,2011101273,エイシンゴージャス,2011110046,Exchange Rate,000a011433,ファーストビジョン,栄進牧場,302.4,2011.0,2011.0,1997.0
2020100573,ザセントラル,牡,林幻,,ホッコータルマエ,2009100921,ルヴァンクレール,2005110010,Danehill Dancer,000a002309,猪俣文行,市川ファーム,302.4,2009.0,2005.0,1993.0
2020105155,シェナリオン,牡,冨田敏男,,リオンディーズ,2013105915,キュートシルフ,2006104318,キングヘイロー,1995104427,冨田藤男,協和牧場,302.1,2013.0,2006.0,1995.0
2020105802,コスモアメジスト,牝,加藤士津,,スクリーンヒーロー,2004103328,リアンドジュエリー,2012101146,クロフネ,1998110135,ビッグレッドファーム,ビッグレッドファーム,302.0,2004.0,2012.0,1998.0
2020109132,オヨヨマン,牡,渡辺博文,,アメリカンペイトリオット,000a013bba,ユニティ,2005103314,ワイルドラッシュ,000a0003a1,真中伴典,本田土寿,301.8,2013.0,2005.0,1994.0
2020107206,ニューアルケミー,牡,栗本陽一,,ノボジャック,1997110152,ローブディアンジェ,2012104824,ネオユニヴァース,2000101426,吉田勝利,川上牧場,301.7,1997.0,2012.0,2000.0
2020107075,ワスレガタミ,牝,渡部則夫,,エイシンヒカリ,2011101273,イルネージュ,1999106680,トニービン,1983109006,田村彰夫,浜本牧場,301.5,2011.0,1999.0,1983.0
2020103935,ドラヴァイト,牡,高月賢一,,マインドユアビスケッツ,000a01392e,ブラックオニキス,2014102424,ブラックタイド,2001103312,（同）ＪＰＮ技研,岡田スタッド,300.8,2013.0,2014.0,2001.0
2020102019,デアリングエイト,牝,山田義人,,ドレフォン,000a013b82,デアリングバード,2011104319,キングカメハメハ,2001103460,ＳＲＥ（同）,長谷川牧場,300.8,2013.0,2011.0,2001.0
2020101690,アイブライト,牡,海馬沢司,,コパノリッキー,2010106548,スポークンファー,000a011998,Notebook,000a010651,ＡＳＵＫＡＫＩＫＡＫ,シンボリ牧場,300.8,2010.0,2000.0,1985.0
2020106848,カネトシロワン,牝,中川雅之,,マジェスティックウォリアー,000a011e9c,ベストオブチャンス,2001100708,サクラローレル,1991103498,兼松昌男,まるとみ冨岡牧場,300.5,2005.0,2001.0,1991.0
2020104762,クンバカルナ,牝,濱田一夫,,ビッグアーサー,2011103328,ハナフブキ,2011103425,ディープインパクト,2002100816,高野良美,フジワラファーム,300.5,2011.0,2011.0,2002.0
2020103819,プリンチェプス,牡,的場直之,,ベストウォーリア,2010110127,ゴッデス,2013104930,サムライハート,2002100996,大澤恒広,荒木貴宏,300.5,2010.0,2013.0,2002.0
2020104200,タナマッキー,牝,九日俊光,,レーヴミストラル,2012104929,コンゴウマドンナ,2003107394,マーベラスサンデー,1992103687,田中俊彰,坂本春信,300.2,2012.0,2003.0,1992.0
2020102266,カウンシル,牡,佐藤裕太,,マインドユアビスケッツ,000a01392e,ピユカンタービレ,2008102793,スペシャルウィーク,1995103211,犬塚悠治郎,モリナガファーム,300.0,2013.0,2008.0,1995.0
2020100462,サリーピルエット,牡,鈴木伸尋,,シニスターミニスター,000a011099,ラッキーマンボ,2010101664,スズカマンボ,2001103890,黒須不二男,三石川上牧場,300.0,2003.0,2010.0,2001.0
2020100365,ケイラブマッハ,牝,中川雅之,,マジェスティックウォリアー,000a011e9c,ストレートラブ,2009106555,アグネスタキオン,1998101516,鳳山信年,幌村牧場,299.8,2005.0,2009.0,1998.0
2020100369,ココラフィネ,牝,飯田良弘,,ヘニーヒューズ,000a011155,ラフィネシチー,2011101468,ゴールドアリュール,1999106689,友駿ホースクラブ,幌村牧場,299.0,2003.0,2011.0,1999.0
2020104218,キョウエイフレアー,牝,黒川智貴,,ディーマジェスティ,2013104704,ジャストトゥートゥー,000a0114a2,In Excess,000a00228f,田中晴夫,佐竹学,298.9,2013.0,2000.0,1987.0
2020102656,サルサロマンティカ,牝,平山宏秀,,マインドユアビスケッツ,000a01392e,サルサドゥーラ,2010104539,ゴールドアリュール,1999106689,（株）ＨＡＷ,社台コーポレーション白老ファーム,298.8,2013.0,2010.0,1999.0
2020105687,ベルウッドアラシ,牡,加藤和義,,キンシャサノキセキ,2003110212,ブライトメッセージ,2008103101,シンボリクリスエス,1999110099,東恭平,ハシモトファーム,298.0,2003.0,2008.0,1999.0
2020102394,ハナレタクナイ,牝,川島洋人,,レーヴミストラル,2012104929,ヒシアリアケ,2005109305,シンボリクリスエス,1999110099,若林武雄,若林順一,298.0,2012.0,2005.0,1999.0
2020105810,グッドラックガール,牝,千葉博次,,ビーチパトロール,000a0141f9,アエノアビリティー,2011102966,ヨハネスブルグ,000a0103b9,岩渕瑞生,プログレスファーム,297.6,2013.0,2011.0,1999.0
2020101638,ナリタアワユキ,牝,田中道夫,,リオンディーズ,2013105915,ナリタピクシー,2013105747,ヴィクトワールピサ,2007102923,（株）さくらコーポレ,白井牧場,297.5,2013.0,2013.0,2007.0
2020106585,ヴォンヌヴォー,牝,天間昭一,,ドレフォン,000a013b82,ヴェイルオブクララ,2011104478,ゼンノロブロイ,2000101517,平川三津,谷口牧場,297.0,2013.0,2011.0,2000.0
2020101949,ナムラダリウス,牡,室井眞文,,シルバーステート,2013105903,ナムラアピア,2009102800,クロフネ,1998110135,泉一郎,ナカノファーム,296.8,2013.0,2009.0,1998.0
2020102943,ソレイユブラン,牡,飯田弘道,,トーセンラー,2008102985,ダンスーズデトワール,000a00ff47,Highest Honor,000a00185c,高松悟,社台ファーム,296.4,2008.0,1999.0,1983.0
2020101395,ミスフライデー,牝,永田幸宏,,ラニ,2013110045,ワイルドアフリカ,2005101227,ワイルドラッシュ,000a0003a1,木部嚴生,木部ファーム,296.4,2013.0,2005.0,1994.0
2020103690,セブンリーチ,牝,井上哲,,リオンディーズ,2013105915,リーチコンセンサス,2006103160,フレンチデピュティ,000a00013a,伊藤弘泰,ノーザンファーム,296.3,2013.0,2006.0,1992.0
2020106441,ワクワクルンルン,牝,吉田司,,ウインバリアシオン,2008103206,スラスラスイスイ,2016102881,パイロ,000a01176a,古川忠一,グランデファーム,295.4,2008.0,2016.0,2005.0
2020106494,サトミノココロ,牝,矢内博,,リアルインパクト,2008103244,トゥルーゴールド,2007103005,フレンチデピュティ,000a00013a,田代洋己,信成牧場,295.0,2008.0,2007.0,1992.0
2020106463,デイジーロック,牝,植松則幸,,ダンカーク,000a012185,フラワーロック,2008101489,アッミラーレ,1997100569,ファーストビジョン,酒井牧場,295.0,2006.0,2008.0,1997.0
2020100208,フクノカトレア,牝,高野毅,,キンシャサノキセキ,2003110212,エヴィータアルゼンティーナ,000a011a47,Candy Ride,000a01132a,佐藤範夫,下屋敷牧場,295.0,2003.0,2006.0,1999.0
2020100017,アイノパンテール,牝,内田勝義,,ホッコータルマエ,2009100921,グリマープリンセス,2013104974,マンハッタンカフェ,1998101554,會田浩史,乾皆雄,295.0,2009.0,2013.0,1998.0
2020102889,ベアサッチャー,牝,笹野博司,,ノヴェリスト,000a012230,ジェルミナル,2006102913,アグネスタキオン,1998101516,谷謙介,社台ファーム,294.7,2009.0,2006.0,1998.0
2020103085,ペガーズブリエ,牡,山下貴之,,ダイワメジャー,2001103114,ラグプリンセス,2014110012,Union Rags,000a012d4c,山本雅道,社台ファーム,294.6,2001.0,2014.0,2009.0
2020105891,ギロウ,牡,渡辺博文,,ロードカナロア,2008103552,ロイヤルインパクト,2008105016,ディープインパクト,2002100816,遠藤喜和,松浦牧場,294.5,2008.0,2008.0,2002.0
2020101042,スマイルセンプー,牡,井上哲,,シャンハイボビー,000a0127e4,ロイヤルムーン,2011101049,アドマイヤムーン,2003102991,広瀬将嗣,稲原牧場,294.0,2010.0,2011.0,2003.0
2020100200,ロデオフリップ,牝,武井和実,,ビーチパトロール,000a0141f9,クロストウショウ,2007100635,アグネスタキオン,1998101516,北原大史,嶋田牧場,293.8,2013.0,2007.0,1998.0
2020109068,キタノムホウ,牡,飯田弘道,,ウインバリアシオン,2008103206,クーファレイア,2013102026,ワークフォース,000a011a7f,北所拓也,ユーコー牧場,293.7,2008.0,2013.0,2007.0
2020102316,ミュークカルム,牡,栗本陽一,,マクフィ,000a011c77,コパノリンデン,2012106360,ゴールドアリュール,1999106689,庄司修二,ヤナガワ牧場,293.7,2007.0,2012.0,1999.0
2020106992,ラシェル,牝,橘友和,,ホッコータルマエ,2009100921,クリアーパッション,2011100326,キングヘイロー,1995104427,前田良平,本巣敦,293.5,2009.0,2011.0,1995.0
2020100012,リュウノローランド,牝,齊藤敏,,サトノアラジン,2011104063,ストールンハート,000a0117bb,Stuka,000a01025b,蓑島竜一,稲葉牧場,293.5,2011.0,2005.0,1990.0
2020106187,メイショウコソデ,牝,伊藤強一,,マクフィ,000a011c77,メイショウワゴコロ,2012105364,マンハッタンカフェ,1998101554,（同）ＪＰＮ技研,中脇一幸,293.0,2007.0,2012.0,1998.0
2020103192,トラヴォルジェンテ,牡,三宅直之,,ロードカナロア,2008103552,アヴェンチュラ,2008103078,ジャングルポケット,1998101786,ファーストビジョン,ノーザンファーム,293.0,2008.0,2008.0,1998.0
2020102311,テーオーミシュラン,牡,山田徹,,シャンハイボビー,000a0127e4,キモンプライド,2010106551,ダイワメジャー,2001103114,中川雄斗,ヤナガワ牧場,293.0,2010.0,2010.0,2001.0
2020106961,スプレマシー,牡,高橋純,,パイロ,000a01176a,マジェスティックブライト,000a011dfc,Pivotal,000a002328,谷謙介,ミリオンファーム,292.8,2005.0,2007.0,1993.0
2020106218,アテンヒーロー,牡,中野博,,マジェスティックウォリアー,000a011e9c,オーバルカット,2000101596,エリシオ,1993190001,（同）ＪＰＮ技研,鵜木唯義,292.7,2005.0,2000.0,1993.0
2020103744,フィールザクラウン,牡,村上正和,,サトノクラウン,2012104668,フィールザプリティ,2012103874,ブラックタイド,2001103312,林英明,平岡牧場,292.7,2012.0,2012.0,2001.0
2020103770,フェアリーパイン,牝,土井道隆,,ジャスタウェイ,2009106461,レーヌドオリエント,2012104057,キングカメハメハ,2001103460,酒井孝敏,ユートピア牧場,292.6,2009.0,2012.0,2001.0
2020105440,ダイノキラリ,牝,今井輝和,,バンドワゴン,2011104010,モリデンマンボ,2014100886,ファスリエフ,000a00fc4c,町田武,トモファーム,292.5,2011.0,2014.0,1997.0
2020107126,ラフト,牡,三小田幸,,リオンディーズ,2013105915,スールマカロン,2015105005,ハービンジャー,000a011996,荒井泰樹,坂本智広,292.4,2013.0,2015.0,2006.0
2020109095,シナノブロード,牡,佐藤博紀,,シャンハイボビー,000a0127e4,ブルーモントレー,2010110106,ヘニーヒューズ,000a011155,小林和義,恵比寿興業株式会社那須野牧場,292.0,2010.0,2010.0,2003.0
2020101907,バウアーズ,牝,入口由美,,エスポワールシチー,2005102837,エンジェルズソング,2013102361,フレンチデピュティ,000a00013a,（同）ＪＰＮ技研,坪田晃宜,291.9,2005.0,2013.0,1992.0
2020107215,アースリンゴ,牝,岡島玉一,,エイシンヒカリ,2011101273,スタッドドフランス,2013106469,ジャングルポケット,1998101786,松山増男,習志野牧場,291.5,2011.0,2013.0,1998.0
2020104944,ホクセンキングオー,牡,後藤正義,,アポロキングダム,2003110139,エメラルドアロー,2014103258,ヨハネスブルグ,000a0103b9,大野和馬,ホースガーデンしらおい,291.5,2003.0,2014.0,1999.0
2020103107,デルマモナーク,牡,宮川浩一,,ロードカナロア,2008103552,レッドアゲート,2005101462,マンハッタンカフェ,1998101554,吉田ひとみ,社台ファーム,291.0,2008.0,2005.0,1998.0
2020106676,オウケンライト,牡,榎屋充,,レインボーライン,2013106183,ブルースガール,2014103350,オウケンブルースリ,2005102548,廣田優生,辻牧場,290.6,2013.0,2014.0,2005.0
2020101642,ジューンフリーダム,牡,西川進也,,サトノクラウン,2012104668,フィールフリーリー,2010103946,アグネスタキオン,1998101516,小橋亮太,白井牧場,290.5,2012.0,2010.0,1998.0
2020103068,フェアリープト,牝,佐藤茂,,イスラボニータ,2011103565,ミセスリンゼイ,000a0120d1,Theatrical,000a001bed,清宮義男,社台ファーム,290.1,2011.0,2004.0,1982.0
2020106929,バトルエンジェル,牝,久保勇,,マクフィ,000a011c77,ルリビタキ,2010103706,デュランダル,1999106756,北原大史,三嶋牧場,290.0,2007.0,2010.0,1999.0
2020101723,マケン,牡,佐藤雅彦,,ビッグアーサー,2011103328,プリンセスケイ,2012104379,タニノギムレット,1999100226,井手慶祐,スマイルファーム,290.0,2011.0,2012.0,1999.0
2020106379,ヴイエルジュ,牝,加藤和義,,モーリス,2011100655,アルーリングハート,2013105307,ダイワメジャー,2001103114,矢内卓人,杵臼牧場,289.9,2011.0,2013.0,2001.0
2020104480,オフィスバトル,牡,宇都英樹,,キズナ,2010105827,シェリレーヌ,2014104729,Mineshaft,000a010545,桑田照夫,千代田牧場,289.3,2010.0,2014.0,1999.0
2020104808,フッカツラヴ,牝,茂崎正善,,コパノリッキー,2010106548,イメージング,2013105475,ワークフォース,000a011a7f,小林照弘,へいはた牧場,289.2,2010.0,2013.0,2007.0
2020103233,アルプスソング,牝,笹野博司,,ロードカナロア,2008103552,アーデルハイト,2007103292,アグネスタキオン,1998101516,シルクレーシング,ノーザンファーム,289.0,2008.0,2007.0,1998.0
2020104641,アップルキャンディ,牝,渡辺博文,,レインボーライン,2013106183,アペリラ,2013105925,キングカメハメハ,2001103460,シグラップ・マネジメ,畠山牧場,288.6,2013.0,2013.0,2001.0
2020106663,ファベルジェエッグ,牝,瀬戸口悟,,リアルスティール,2012104889,ティファニーケイス,2007101647,タイキシャトル,1994109686,北原大史,辻牧場,288.1,2012.0,2007.0,1994.0
2020105821,アップグレーズ,牝,高月賢一,,ヘニーヒューズ,000a011155,グローリアスセラン,2014103621,ディープスカイ,2005101358,日下部勝徳,ホース・マネジメント・ボス,288.0,2003.0,2014.0,2005.0
2020101055,アルテミス,牝,井上弘之,,コパノリッキー,2010106548,カシマフラワー,2002107034,ヘクタープロテクター,000a000d6b,北嶋義三,北島牧場,288.0,2010.0,2002.0,1988.0
2020100534,キタノソロモン,牡,九日俊光,,モンテロッソ,000a011b05,イントリーグ,2015101577,タニノギムレット,1999100226,北所拓也,米田牧場,288.0,2007.0,2015.0,1999.0
2020100592,ポケッティーノ,牡,栗本陽一,,ネロ,2011103722,ボムシェル,2003103747,キャプテンスティーヴ,000a000d9d,吉田勝利,エムエム、ヤマダファーム,287.8,2011.0,2003.0,1997.0
2020100222,グッバイアイザック,牡,加藤幸保,,ガルボ,2007101163,トゥファーアウェイ,2011105750,チチカステナンゴ,000a011135,石川秀守,白井吉美,287.7,2007.0,2011.0,1998.0
2020104039,グレースエンブレム,牝,北村欣也,,ダンカーク,000a012185,オーファメイ,2009106219,ディープインパクト,2002100816,田村孝仁,カタオカステーブル,287.5,2006.0,2009.0,2002.0
2020102018,セイウンガオリー,牡,石川浩文,,モーリス,2011100655,ウインドストリーム,2010104556,アグネスタキオン,1998101516,和氣竜彦,長谷川牧場,287.5,2011.0,2010.0,1998.0
2020100878,ハクサンセーブル,牝,加藤和義,,ハクサンムーン,2009102527,ヒシアメジスト,2010102206,ゴールドアリュール,1999106689,河崎五市,中村雅明,287.3,2009.0,2010.0,1999.0
2020106767,ウェンス,牡,杉浦宏昭,,モーリス,2011100655,カトルズリップス,2008102915,マンハッタンカフェ,1998101554,山岸桂市,日進牧場,287.0,2011.0,2008.0,1998.0
2020104677,ユキノグレース,牝,笹野博司,,ビッグアーサー,2011103328,ユキノマーメイド,2003105308,スペシャルウィーク,1995103211,井上基之,服部牧場,287.0,2011.0,2003.0,1995.0
2020103927,ベリーズテソーロ,牝,森山英雄,,マツリダゴッホ,2003104570,パリージョ,2007100725,タイキシャトル,1994109686,山邉浩,岡田スタッド,287.0,2003.0,2007.0,1994.0
2020100937,ヤマニンファシオ,牡,渡部則夫,,ブラックタイド,2001103312,ヤマニンファビュル,2003100621,エアジハード,1995107978,土井久美子,廣田光夫,287.0,2001.0,2003.0,1995.0
2020103071,ミュールダール,牡,及川良春,,トーセンラー,2008102985,ミルシャイナー,2005102411,シンボリクリスエス,1999110099,谷謙介,社台ファーム,286.9,2008.0,2005.0,1999.0
2020104197,テイエムリオンディ,牡,竹之下昭,,リオンディーズ,2013105915,シータトウショウ,2003105152,ジェニュイン,1992109450,竹園正繼,坂本春雄,286.8,2013.0,2003.0,1992.0
2020104094,ゴーゴーオンリー,牝,酒井仁,,ワンアンドオンリー,2011105072,ノワゼット,2001103824,ウォーニング,000a000843,安田功夫,キヨタケ牧場,286.5,2011.0,2001.0,1985.0
2020101963,サツキスマイル,牝,石栗龍彦,,リオンディーズ,2013105915,スマイルフラワー,2014101952,ステイゴールド,1994108729,小野博郷,中原牧場,286.5,2013.0,2014.0,1994.0
2020104770,トンボイミノル,牝,栗本陽一,,サトノダイヤモンド,2013106101,プリンセスカナ,2009104160,ワイルドラッシュ,000a0003a1,花井栄治,フジワラファーム,286.4,2013.0,2009.0,1994.0
2020105232,ソリッドステート,牝,川嶋弘吉,,エイシンフラッシュ,2007102951,ハッピートーク,2006105535,アグネスデジタル,1997110025,冨田清誠,坂元芳春,286.3,2007.0,2006.0,1997.0
2020105963,ビターモンスター,牡,村田順一,,タイセイレジェンド,2007103199,ビターココア,2014100424,トーセンホマレボシ,2009106092,高野英彦,村上進治,286.0,2007.0,2014.0,2009.0
2020100081,アカツキロットリー,牡,的場均,,アイファーソング,2008100386,アイファーイービス,2009101233,ブラックタキシード,1996107315,村岡曉憲,加野牧場,285.7,2008.0,2009.0,1996.0
2020106702,エクラディーバ,牝,迫田清美,,ダノンレジェンド,2010110102,ディアザリアー,2010105013,ワイルドラッシュ,000a0003a1,酒井孝敏,ディアレストクラブ,285.6,2010.0,2010.0,1994.0
2020106993,レフトアローン,牡,黒木豊,,インカンテーション,2010104916,ティーズノーブル,2014104053,プリサイスエンド,000a00fe9b,風早信昭,本巣敦,285.5,2010.0,2014.0,1997.0
2020100898,テッコサン,牡,今井輝和,,マジェスティックウォリアー,000a011e9c,エメライン,2014103972,マンハッタンカフェ,1998101554,高橋照比古,バンブー牧場,285.5,2005.0,2014.0,1998.0
2020102031,メルシーステップ,牝,大垣敏夫,,イスラボニータ,2011103565,エクセレントビュー,2011100013,チチカステナンゴ,000a011135,三岡有香,春木ファーム,285.4,2011.0,2011.0,1998.0
2020100246,リトルアーサー,牝,山田和久,,ビッグアーサー,2011103328,ナムラエラン,2005100385,アグネスタキオン,1998101516,竹内良一,竹内良一,285.4,2011.0,2005.0,1998.0
2020101976,リオチャン,牡,野口孝,,ダノンレジェンド,2010110102,スパンコール,2011102276,ダイワメジャー,2001103114,谷口裕司,西野春樹,285.0,2010.0,2011.0,2001.0
2020106232,ネモフィラ,牝,菅原欣也,,ザサンデーフサイチ,2004102855,クインポルカ,2010104632,タニノギムレット,1999100226,栗嶋豊明,浦河日成牧場,284.8,2004.0,2010.0,1999.0
2020105980,コリュウカゲミツ,牡,佐々木国,,アジアエクスプレス,2011110091,レッドメイヴ,2011104259,ディープインパクト,2002100816,岡田孝之,ムラカミファーム,284.8,2011.0,2011.0,2002.0
2020104542,ピンクヒップガール,牝,高橋俊之,,ゼンノロブロイ,2000101517,ウェットサンプ,2010103068,シニスターミニスター,000a011099,（株）ラグジュアリー,徳本幸雄,284.6,2000.0,2010.0,2003.0
2020104882,スターオブアーサー,牡,嶋田幸晴,,ビッグアーサー,2011103328,クインズラッシュ,2011102011,スウェプトオーヴァーボード,000a00fa34,光安了,松田牧場,284.5,2011.0,2011.0,1997.0
2020103762,リンクスソレイユ,牡,玉井等,,マクフィ,000a011c77,シュガーレディアン,2001110207,Salt Lake,000a001f5a,村田愼哉,ヤマイチ牧場,284.2,2007.0,2001.0,1989.0
2020104842,ルートゥドゥピエ,牡,平田正一,,エスポワールシチー,2005102837,マイネマリアンヌ,2009105127,ダイワメジャー,2001103114,石道勝次,真歌田中牧場,284.0,2005.0,2009.0,2001.0
2020102424,ドナビスケット,牝,野田忍,,マインドユアビスケッツ,000a01392e,アンソニカ,2007110110,Purge,000a011156,野田秀人,市川牧場,284.0,2013.0,2007.0,2001.0
2020101730,マリンプチタンジュ,牝,齊藤敏,,トゥザワールド,2011103975,カネトシエターナル,2010101466,ハーツクライ,2001103038,川添裕起,高澤正幸,284.0,2011.0,2010.0,2001.0
2020103180,ミハルンルン,牝,佐々木功,,エイシンヒカリ,2011101273,シャイニングビュー,2004109134,ライブリーワン,000a0001e9,遠藤喜和,習志野牧場,283.8,2011.0,2004.0,1985.0
2020107195,モンテブラック,牡,菅原欣也,,モンテロッソ,000a011b05,オジャッタモンセ,2003107164,クロフネ,1998110135,石山紘,木村牧場,283.6,2007.0,2003.0,1998.0
2020104984,ユナヴィール,牝,九日俊光,,サトノクラウン,2012104668,ユナニマス,2015105080,キングカメハメハ,2001103460,皆川なほ子,秋田牧場,283.4,2012.0,2015.0,2001.0
2020101516,オミコシ,牝,田口輝彦,,ビッグアーサー,2011103328,ワイドチキチータ,2013103197,ハービンジャー,000a011996,吉田勝利,サンバマウンテンファーム,283.3,2011.0,2013.0,2006.0
2020105408,カミアラシ,牡,伊藤強一,,ベストウォーリア,2010110127,サンジョ,2011104921,ファスリエフ,000a00fc4c,鈴木和彦,津田牧場,283.2,2010.0,2011.0,1997.0
2020100474,ロマンチックタイム,牝,大垣敏夫,,ホッコータルマエ,2009100921,スイートメモリーズ,2013102589,ブラックタイド,2001103312,小橋亮太,三石ファーム,283.2,2009.0,2013.0,2001.0
2020102304,アバランチベルン,牝,井樋明正,,フリオーソ,2004106867,トーセンセレニティ,2003106051,サンデーサイレンス,000a00033a,小橋亮太,ヤスナカファーム,283.1,2004.0,2003.0,1986.0
2020104736,カンタベリーガール,牝,遠藤茂,,フリオーソ,2004106867,マイガール,2011100929,アドマイヤマックス,1999107004,峰哲馬,藤吉牧場,283.0,2004.0,2011.0,1999.0
2020104444,ジョウショートニー,牡,雑賀正光,,トーセンラー,2008102985,チョコダイスキ,2009103346,アグネスデジタル,1997110025,熊田義孝,谷藤弘美,283.0,2008.0,2009.0,1997.0
2020106398,フクジュソウ,牝,吉井竜一,,マジェスティックウォリアー,000a011e9c,タケショウナデシコ,2010104758,スペシャルウィーク,1995103211,宇賀神英子,杵臼牧場,282.5,2005.0,2010.0,1995.0
2020101576,プレザントロンドン,牝,菅原右吉,,ロードカナロア,2008103552,ダイワエルシエーロ,2001106188,サンデーサイレンス,000a00033a,下河辺牧場,下河辺牧場,282.5,2008.0,2001.0,1986.0
2020101397,トロピコ,セ,川嶋弘吉,,バゴ,2001190004,エリモマドンナ,2007101047,ダンスインザダーク,1993109188,坂田行夫,木村牧場,282.5,2001.0,2007.0,1993.0
2020105787,アントルメグラッセ,牝,藤ケ崎一,,ダノンバラード,2008103548,マイネデセール,2002105178,マイネルラヴ,1995108558,仲尾正人,ビッグレッドファーム,282.4,2008.0,2002.0,1995.0
2020106599,ナギサノチャコ,牝,川添明弘,,ニシケンモノノフ,2011105438,シーキングドーラ,2004110177,More Than Ready,000a00fcdd,扇原毅士,大道牧場,282.3,2011.0,2004.0,1997.0
2020106493,ビッグラミー,牡,大島静夫,,メイショウボーラー,2001100650,ロックドクトリン,2008102207,ロックオブジブラルタル,000a00fd4c,奥寺毅己,松栄牧場,282.2,2001.0,2008.0,1999.0
2020100345,アオイマコト,牡,渡辺博文,,マインドユアビスケッツ,000a01392e,スタコラサッサ,2014105741,ヴィクトワールピサ,2007102923,遠藤喜和,平野牧場,282.1,2013.0,2014.0,2007.0
2020104281,アムブロシアー,牝,真島正徳,,モーリス,2011100655,レッドレネット,2015104520,キングカメハメハ,2001103460,西村健,静内ファーム,282.0,2011.0,2015.0,2001.0
2020102258,フラワーテイル,牝,海馬沢司,,ラブリーデイ,2010104298,バーレーヘッズ,2008100252,スペシャルウィーク,1995103211,森田徹,目黒牧場,282.0,2010.0,2008.0,1995.0
2020105433,キタノレジータ,牝,沖田明子,,サトノクラウン,2012104668,メモリーオブハース,2012104073,ディープインパクト,2002100816,北所拓也,富本茂喜,281.9,2012.0,2012.0,2002.0
2020101776,テイエムバクソウ,牡,平山宏秀,,アジアエクスプレス,2011110091,ウンベラータ,2010103719,アグネスタキオン,1998101516,竹園正繼,田端牧場,280.9,2011.0,2010.0,1998.0
2020104038,フークマカリオス,牡,赤嶺亮,,トゥザワールド,2011103975,スマートエッグ,2004101453,デヒア,000a0000df,福岡隆史,鹿嶋牧場,280.8,2011.0,2004.0,1991.0
2020104502,ザスターオブチグサ,セ,大垣敏夫,,マクフィ,000a011c77,ノットフォーマル,2012103224,ヴァーミリアン,2002100877,小橋亮太,千代田牧場,280.7,2007.0,2012.0,2002.0
2020100090,レブロン,牡,東原己俊,,ダノンバラード,2008103548,バイタルクィーン,2007103541,プリサイスエンド,000a00fe9b,野村文子,加野牧場,280.5,2008.0,2007.0,1997.0
2020104181,コンパルティール,牝,川村守男,,ベストウォーリア,2010110127,タヒチアンメモリ,2001102061,コマンダーインチーフ,000a0000b0,福地幸一,坂本健一,280.1,2010.0,2001.0,1990.0
2020106679,プリティジェニー,牝,西村真幸,,ジャスタウェイ,2009106461,マダムジェニファー,2015104742,ヘニーヒューズ,000a011155,大和屋暁,辻牧場,280.0,2009.0,2015.0,2003.0
2020104223,ニホンピロフリード,牝,大橋勇樹,,ストロングリターン,2006102934,ニホンピロシュラブ,2007100345,デュランダル,1999106756,小林英一,佐竹学,280.0,2006.0,2007.0,1999.0
2020103514,エドワーズクラウン,牡,山田徹,,サトノクラウン,2012104668,ネオヴィクトリア,2010104257,ディープインパクト,2002100816,成富直行,ノーザンファーム,280.0,2012.0,2010.0,2002.0
2020103011,メズマライジング,牝,藤原英昭,,ディープインパクト,2002100816,フォルト,000a01440b,Blame,000a0122f4,社台レースホース,社台ファーム,280.0,2002.0,2014.0,2006.0
2020102829,グラシリスティラ,牝,吉村圭司,,ドゥラメンテ,2012104511,キトゥンズダンプリングス,000a013da8,Kitten's Joy,000a0119b3,社台レースホース,社台ファーム,280.0,2012.0,2010.0,2001.0
2020102695,ルクスグローリア,牡,宮田敬介,,サトノダイヤモンド,2013106101,ヒカルアモーレ,2004102760,クロフネ,1998110135,キャロットファーム,社台コーポレーション白老ファーム,280.0,2013.0,2004.0,1998.0
2020101664,センチュリヒロイン,牝,寺島良,,スクリーンヒーロー,2004103328,シャンハイロック,2008105674,ロックオブジブラルタル,000a00fd4c,吉田勝利,新生ファーム,280.0,2004.0,2008.0,1999.0
2020102994,ウエスタンラピダ,牝,角田輝也,,マインドユアビスケッツ,000a01392e,ビジューミス,000a011cb7,Buddha,000a00fe92,西川賢,社台ファーム,279.8,2013.0,2004.0,1999.0
2020103699,レッドルヴァンシュ,セ,音無秀孝,,ロードカナロア,2008103552,レッドアヴァンセ,2013105811,ディープインパクト,2002100816,東京ホースレーシング,ノーザンファーム,279.5,2008.0,2013.0,2002.0
2020104897,スペシャルディガー,牝,佐々木由,,オウケンブルースリ,2005102548,フラヴィニー,2013105022,キンシャサノキセキ,2003110212,原昌久,見上牧場,279.1,2005.0,2013.0,2003.0
2020103162,シナノフローレンス,牝,岡田一男,,ミッキーロケット,2013106099,シレーナ,2011102461,アドマイヤムーン,2003102991,小林和義,ゼットステーブル,279.0,2013.0,2011.0,2003.0
2020101946,メジャーエール,牝,長谷川忍,,リオンディーズ,2013105915,アデュラリア,2006105798,クロフネ,1998110135,河村隆平,ナカノファーム,278.5,2013.0,2006.0,1998.0
2020106366,ハコスカ,牡,渡辺博文,,コパノリッキー,2010106548,ハルノサキガケ,2011103725,ゼンノロブロイ,2000101517,中尾浩一,ガーベラパークスタッド,278.1,2010.0,2011.0,2000.0
2020105397,カプリーヌメファ,牝,尾形和幸,,ビッグアーサー,2011103328,ティランジア,2015101603,ハードスパン,000a0116a1,手嶋康雄,中央牧場,278.0,2011.0,2015.0,2004.0
2020102766,ジアッシズ,牝,牧田和弥,,ロゴタイプ,2010103783,ウィケットキーパー,2009105795,アグネスタキオン,1998101516,社台レースホース,社台ファーム,278.0,2010.0,2009.0,1998.0
2020100783,ハルメク,牝,矢野久美,,ルーラーシップ,2007103143,オースミミズホ,2010102122,スペシャルウィーク,1995103211,星野裕光,鮫川啓一,277.6,2007.0,2010.0,1995.0
2020106833,ピピフレイバー,牝,月岡健二,,マジェスティックウォリアー,000a011e9c,カプレーゼ,2009100762,アグネスデジタル,1997110025,尾田信夫,丸幸小林牧場,277.5,2005.0,2009.0,1997.0
2020105226,ジョウショーセリア,牝,雑賀正光,,ラニ,2013110045,ゴーバンズ,2006104190,フレンチデピュティ,000a00013a,熊田義孝,五丸農場,277.5,2013.0,2006.0,1992.0
2020102073,ヤマンバ,牝,古澤悟,,トビーズコーナー,000a011fed,クーファゲルニカ,2010104057,ディープインパクト,2002100816,宇都宮智治,広富牧場,277.5,2008.0,2010.0,2002.0
2020102004,イーストベンティ,牡,塚田隆男,,フェノーメノ,2009106599,スタイルオブメロン,2001106912,メジロマックイーン,1987107235,東悦子,ノースガーデン,277.1,2009.0,2001.0,1987.0
2020104655,ハートフルアース,牡,佐藤浩一,,ジャスタウェイ,2009106461,エポカローザ,2004110209,El Prado,000a001fb5,畠山浩司,八田ファーム,276.8,2009.0,2004.0,1989.0
2020100009,サンアクセソワール,牝,石川浩文,,タリスマニック,000a013425,ヴィトンクイーン,2006102298,ダンスインザダーク,1993109188,（株）アプエンテ,稲葉牧場,276.7,2013.0,2006.0,1993.0
2020105387,マサノキクノスケ,牡,竹下直人,,エスケンデレヤ,000a012cc0,モエレゴールド,2001100980,サンデーサイレンス,000a00033a,中村時子,大作ステーブル,276.6,2007.0,2001.0,1986.0
2020100326,アルプスノヒトミ,牝,荒井朋弘,,ラニ,2013110045,アリスマイン,2009106276,タニノギムレット,1999100226,スピードファーム,萩澤俊雄,276.5,2013.0,2009.0,1999.0
2020102038,アツモリ,牝,池田忠好,,トゥザワールド,2011103975,セングウ,2012105263,マイネルセレクト,1999107196,重松国建,坂東ファーム,276.1,2011.0,2012.0,1999.0
2020104939,マコトクガニゼーク,牝,宗綱泰彦,,フリオーソ,2004106867,マコトオキツカガミ,2015102079,ルーラーシップ,2007103143,金野博幸,木村秀則,276.0,2004.0,2015.0,2007.0
2020101279,レオニーノ,セ,迫田清美,,リオンディーズ,2013105915,ビキューナー,2010102385,ネオユニヴァース,2000101426,蟹江知彦,石原牧場,276.0,2013.0,2010.0,2000.0
2020100955,ワンダーグラン,牡,九日俊光,,ディーマジェスティ,2013104704,ワンダープリマ,2006106793,デヒア,000a0000df,山本能成,藤春修二,276.0,2013.0,2006.0,1991.0
2020102441,カプアーノ,牝,新井清重,,コパノリッキー,2010106548,クイーンオブナプレス,000a011a1a,シングスピール,1992190005,（有）上水牧場,上水牧場,275.8,2010.0,2005.0,1992.0
2020106862,サトノトライアンフ,牡,田中淳司,,ロードカナロア,2008103552,オペラデイム,000a01388d,Medaglia d'Oro,000a010a65,里見治,三嶋牧場,275.5,2008.0,2013.0,1999.0
2020106759,イェスマイラブ,牝,玉井昇,,フリオーソ,2004106867,カツナデシコ,2007101695,カリズマティック,000a00fa33,角谷守正,中脇満,275.5,2004.0,2007.0,1996.0
2020107072,クルーエルワーク,牝,安達昭夫,,ディスクリートキャット,000a0113a1,プレシャスクルー,2015103529,ノヴェリスト,000a012230,水上行雄,ノースガーデン,275.0,2003.0,2015.0,2009.0
2020104797,フルラインナップ,セ,小島茂之,,Wootton Bassett,000a01322e,アトラクティヴレディ,000a017600,Teofilo,000a01139e,平田修,ＰＲＩＤＥＲＯＣＫ,275.0,2008.0,2012.0,2004.0
2020102192,キョウエイノーブル,牝,萱野浩二,,ミッキーロケット,2013106099,プーシー,2016104441,ゴールドアリュール,1999106689,田中晴夫,本間牧場,275.0,2013.0,2016.0,1999.0
2020100186,マサカド,牡,佐藤博紀,,ニシケンモノノフ,2011105438,フェバリットソング,2010106304,ゴールドアリュール,1999106689,篠山賢一,坂本牧場,275.0,2011.0,2010.0,1999.0
2020109091,ブリアンツァ,牝,矢野久美,,リアルスティール,2012104889,ツルマルオトメ,2002102982,タイキシャトル,1994109686,川添裕起,恵比寿興業株式会社那須野牧場,274.9,2012.0,2002.0,1994.0
2020100929,ヘルミオーネ,牝,新井隆太,,アジアエクスプレス,2011110091,ペチカ,2004103191,スウェプトオーヴァーボード,000a00fa34,フロンティア,ヒダカファーム,274.6,2011.0,2004.0,1997.0
2020105115,ヴィルブラックヒル,牝,柳澤好美,,カレンブラックヒル,2009106230,タイセイクインス,2009100048,ワイルドラッシュ,000a0003a1,廣田優生,柏木一則,274.4,2009.0,2009.0,1994.0
2020106382,ディアマンテブルー,牡,今津勝之,,サトノダイヤモンド,2013106101,ヴィーヴァブーケ,2006100776,キングカメハメハ,2001103460,芹澤精一,杵臼牧場,274.1,2013.0,2006.0,2001.0
2020100323,ラストレムナント,牡,長倉功,,サトノクラウン,2012104668,エイシンマカロン,2012102626,エンパイアメーカー,000a010542,鈴木淳人,信田牧場,273.6,2012.0,2012.0,2000.0
2020106668,サワヤカサヤカ,牝,坂本昇,,デクラレーションオブウォー,000a0136f6,ハッピージュエル,2012105395,リンカーン,2000101561,（株）本城,辻牧場,273.0,2009.0,2012.0,2000.0
2020104023,バーサズバラード,牝,平田正一,,ダノンバラード,2008103548,ソライロノハナ,2012103232,プリサイスエンド,000a00fe9b,今中俊平,小倉光博,273.0,2008.0,2012.0,1997.0
2020106470,ラブヒカリ,牝,石川浩文,,エイシンヒカリ,2011101273,エーシンフラクタル,2006110105,ケイムホーム,000a0108d1,（株）アプエンテ,佐々木恵一,272.9,2011.0,2006.0,1999.0
2020104417,メイショウスイケイ,牡,中野博,,メイショウサムソン,2003102205,サクラカスケード,2005100445,マンハッタンカフェ,1998101554,ＪＰＮ技研,谷岡スタット,272.8,2003.0,2005.0,1998.0
2020106931,テーオーシルビア,牝,盛本信春,,ハーツクライ,2001103038,ワンダーフィリー,000a012f7c,Invincible Spirit,000a01056d,小笹公也,三嶋牧場,272.0,2001.0,2007.0,1997.0
2020105181,ビクトリーキャッチ,牝,沖田明子,,ゴールドシップ,2009102739,アイルキャッチユー,2014101677,アイルハヴアナザー,000a011ed3,篠原徹,コスモヴューファーム,272.0,2009.0,2014.0,2009.0
2020106588,ハートオブリバティ,牡,高月賢一,,ダンカーク,000a012185,センコウノマイヒメ,2012105368,スタチューオブリバティ,000a0109d5,ＹＧＧホースクラブ,谷口牧場,271.8,2006.0,2012.0,2000.0
2020104782,マーヒナヒナ,牝,川田孝好,,マジェスティックウォリアー,000a011e9c,オスカルフランソワ,2005100933,ワイルドラッシュ,000a0003a1,平野司郎,藤原牧場,271.8,2005.0,2005.0,1994.0
2020106786,スマイルフレンド,牝,加藤和義,,マクフィ,000a011c77,フローラルホーム,2009101430,ケイムホーム,000a0108d1,川尻拓磨,日本中央競馬会日高育成牧場,271.4,2007.0,2009.0,1999.0
2020105981,メーリッハベイ,牡,松島壽,,ビーチパトロール,000a0141f9,イムディーナ,2010106171,スペシャルウィーク,1995103211,高野良美,村上牧場,270.9,2013.0,2010.0,1995.0
2020106538,シバノヤマブキ,牝,宇野木博,,ビッグアーサー,2011103328,ジルニーナ,2004102031,オジジアン,000a00025e,柴一男,田中スタッド,270.0,2011.0,2004.0,1983.0
2020106206,メイショウマニス,牝,阿井正雄,,ヘニーヒューズ,000a011155,メイショウスザンナ,2009105230,アグネスデジタル,1997110025,（有）総武開発,赤田牧場,270.0,2003.0,2009.0,1997.0
2020106071,バルベルベ,牡,齊藤敏,,アジアエクスプレス,2011110091,ハヤブサショコラ,2011101906,マンハッタンカフェ,1998101554,市川智,ラッキー牧場,270.0,2011.0,2011.0,1998.0
2020106048,アイディンモンロー,牝,山本学,,ロージズインメイ,000a010a10,アイディンラヴ,2011102660,マイネルラヴ,1995108558,（株）ファーストビジ,山岡牧場,270.0,2000.0,2011.0,1995.0
2020103806,マオノロック,牡,手島勝利,,コパノリチャード,2010106552,セプドール,2009106521,ストラヴィンスキー,000a00fa41,湯浅健司,秋田育成牧場,270.0,2010.0,2009.0,1996.0
2020102131,エスプリイガラシ,牡,久保秀男,,フリオーソ,2004106867,テールバインダー,2007106038,カコイーシーズ,1986109001,依田泰雄,船越牧場,270.0,2004.0,2007.0,1986.0
2020100398,エスケイアイランド,牝,藪口一麻,,ロードカナロア,2008103552,テメリアイランド,000a012522,モンジュー,1996190001,伊藤輔則,前川勝春,270.0,2008.0,2005.0,1996.0
2020103409,クラウンモチーフ,牝,錦見勇夫,,サトノクラウン,2012104668,シンシアズブレス,2013105847,ダイワメジャー,2001103114,錦見日出雄,ノーザンファーム,269.8,2012.0,2013.0,2001.0
2020106799,フロンテアブライト,牡,川島洋人,,エピファネイア,2010104155,フォーシーム,2013103684,ダイワメジャー,2001103114,長妻和男,林孝輝,269.7,2010.0,2013.0,2001.0
2020109025,シンライゴールド,牡,阿井正雄,,アルデバランII,000a010541,セイントムーン,2009101305,アドマイヤムーン,2003102991,（株）心頼ＬｏｏＰ,織笠時男,269.6,1998.0,2009.0,2003.0
2020104308,シャインコア,牝,瀬戸幸一,,ベストウォーリア,2010110127,ソヨカゼステップ,2009100739,スタチューオブリバティ,000a0109d5,川原輝雄,静内山田牧場,269.5,2010.0,2009.0,2000.0
2020104280,グロリアヴェルデ,牡,佐久間雅,,ゴールドアクター,2011105266,ラックアサイン,2012103633,ハービンジャー,000a011996,坂田栄一,静内ファーム,269.0,2011.0,2012.0,2006.0
2020102189,オザリス,牝,小沢宏次,,ホッコータルマエ,2009100921,ソラリス,2010106059,ウインラディウス,1998105841,パニオロ,本間牧場,269.0,2009.0,2010.0,1998.0
2020100837,リコルド,牝,佐藤博紀,,リオンディーズ,2013105915,サクセスベルーナ,2009101376,シンボリクリスエス,1999110099,鈴木真,高岸順一,268.7,2013.0,2009.0,1999.0
2020101788,エフロレセンス,牝,藤ヶ崎一,,タリスマニック,000a013425,イヴニングブルーム,2016110014,アドマイヤムーン,2003102991,高井孝二,ダーレー・ジャパン・ファーム,268.6,2013.0,2016.0,2003.0
2020101461,シュピラール,牡,水野善太,,ルーラーシップ,2007103143,ラフェクレール,2007103123,スペシャルウィーク,1995103211,小橋亮太,グッドラック・ファーム,268.5,2007.0,2007.0,1995.0
2020100509,ミュゼベリー,牝,加藤幸保,,シャンハイボビー,000a0127e4,ミュゼミランダ,2011104194,ダイワメジャー,2001103114,吉川真ノ介,元道牧場,268.4,2010.0,2011.0,2001.0
2020105104,ミラクルハゼオー,牡,織田誠,,ネロ,2011103722,トウバレリーナ,2012104174,マンハッタンカフェ,1998101554,櫨山慶次,海馬沢明,268.0,2011.0,2012.0,1998.0
2020101957,ジェイエルドラフト,牡,佐々木由,,デクラレーションオブウォー,000a0136f6,ホウライサンデー,2000106611,サンデーサイレンス,000a00033a,橋元幸人,ナカノファーム,267.9,2009.0,2000.0,1986.0
2020106780,アイガイッパイ,牝,山口竜一,,ビーチパトロール,000a0141f9,ナルミチャン,2010105041,ファスリエフ,000a00fc4c,藤井謙,日東牧場,267.8,2013.0,2010.0,1997.0
2020102328,メーテルコート,牝,山本学,,ジャスタウェイ,2009106461,テーオーメーテル,2014106467,ゴールドアリュール,1999106689,梁川正普,ヤナガワ牧場,267.8,2009.0,2014.0,1999.0
2020101884,シゲルハピネス,牝,九日俊光,,モーリス,2011100655,ビガップ,2013105395,ネオユニヴァース,2000101426,關美和,チャンピオンズファーム,267.1,2011.0,2013.0,2000.0
2020102204,モルガナイトリング,牡,中道啓二,,マクフィ,000a011c77,カホピーチ,2014105344,ディープインパクト,2002100816,蔀恒一,前野牧場,267.0,2007.0,2014.0,2002.0
2020101592,ポーラーナイト,牝,栗本陽一,,キタサンブラック,2012102013,ブリリアントレイ,2006105524,キングカメハメハ,2001103460,福永實,下河辺牧場,266.9,2012.0,2006.0,2001.0
2020105422,クロノワール,牡,石川浩文,,スクリーンヒーロー,2004103328,サウンドモニカ,2011105781,クロフネ,1998110135,（株）さくらコーポレ,飛渡牧場,266.4,2004.0,2011.0,1998.0
2020109039,メイデンズプレアー,牝,櫻井今朝,,トーセンジョーダン,2006103169,アウトオブザウィム,2000101679,サンデーサイレンス,000a00033a,藤沼利夫,佐々木功治,266.3,2006.0,2000.0,1986.0
2020102334,ティエラサンライズ,牝,藤田正治,,ディスクリートキャット,000a0113a1,フォローガーネット,2012105095,サンライズペガサス,1998106718,小橋亮太,ヤナガワ牧場,266.3,2003.0,2012.0,1998.0
2020104189,ジュンシリアス,牝,鋤田誠二,,ジュンツバサ,2012104777,ブランダルジャン,2012104898,ゼンノロブロイ,2000101517,宮田平,坂本智広,266.2,2012.0,2012.0,2000.0
2020105187,ウインジュルネ,牡,玉井昇,,ゴールドシップ,2009102739,ウインソワレ,2012100231,ロージズインメイ,000a010a10,村田愼哉,コスモヴューファーム,266.0,2009.0,2012.0,2000.0
2020106222,レーヴドアンカー,牡,中道啓二,,カフェラピード,2008101059,フクウンラブスター,2005103979,アジュディケーティング,000a000d5d,石塚史典,浦河育成牧場,265.5,2008.0,2005.0,1987.0
2020105358,キタノランディ,牝,田口輝彦,,メイショウボーラー,2001100650,デビルインマインド,2000101044,ダンスインザダーク,1993109188,北所拓也,タニグチ牧場,265.4,2001.0,2000.0,1993.0
2020104926,ライヴァル,牡,成田明,,ハーツクライ,2001103038,ライトインパリス,000a013e43,Aussie Rules,000a0116bf,河村隆平,矢野牧場,264.9,2001.0,2012.0,2003.0
2020103883,レイレフア,牝,九日俊光,,マインドユアビスケッツ,000a01392e,オヒア,2012101421,ブラックタイド,2001103312,（同）ＪＰＮ技研,岡田スタッド,264.7,2013.0,2012.0,2001.0
2020100213,リトルポッド,牡,西村守幸,,ディスクリートキャット,000a0113a1,グリエルマ,2015101857,ロードカナロア,2008103552,組）オールザベスト組,下屋敷牧場,264.5,2003.0,2015.0,2008.0
2020102178,マドンナリリー,牝,森山雄大,,ミュゼスルタン,2012104118,マザーロード,2006102478,フォーティナイナー,000a000134,山邉浩,細川牧場,264.2,2012.0,2006.0,1985.0
2020104188,ウナヴォルタ,牝,佐久間雅,,アメリカンペイトリオット,000a013bba,フギン,2010110143,ストリートセンス,000a0113a2,一村哲也,坂本智広,264.1,2013.0,2010.0,2004.0
2020103988,アルベルト,牡,土井道隆,,モーリス,2011100655,スイートレッドキャット,000a012efa,Bluegrass Cat,000a01173d,（同）ＪＰＮ技研,岡田牧場,263.7,2011.0,2010.0,2003.0
2020100284,イントゥフリー,牡,工藤裕孝,,ビッグアーサー,2011103328,ディヴァインクレア,2008101017,ディープインパクト,2002100816,岩渕瑞生,土田農場,263.7,2011.0,2008.0,2002.0
2020100738,マイラブジャック,牡,佐藤茂,,ノボジャック,1997110152,ノボプレシャス,2009101099,ゴールドアリュール,1999106689,渡辺孝祐,高昭牧場,263.1,1997.0,2009.0,1999.0
2020106498,ドナイデッカ,牡,安池成実,,ラブリーデイ,2010104298,メモリーフェミナ,2008101539,キャプテンスティーヴ,000a000d9d,柏原勝也,成隆牧場,263.0,2010.0,2008.0,1997.0
2020102661,シェアザグローリー,牡,梅田智之,,エピファネイア,2010104155,シェアザストーリー,2002100903,コマンダーインチーフ,000a0000b0,サンデーレーシング,社台コーポレーション白老ファーム,263.0,2010.0,2002.0,1990.0
2020106456,エリカエクラ,牝,山田徹,,シャンハイボビー,000a0127e4,コイヲダキシメヨウ,2014103210,ワークフォース,000a011a7f,原久美子,酒井牧場,262.7,2010.0,2014.0,2007.0
2020105602,ヤマニンリーリオ,牝,小野望,,シニスターミニスター,000a011099,ヤマニンラレーヌ,2008104787,ヤマニンセラフィム,1999104188,土井久美子,錦岡牧場,262.6,2003.0,2008.0,1999.0
2020106920,メイショウマンゲツ,牝,森澤友貴,,ハービンジャー,000a011996,メイショウメイゲツ,2012105574,ディープインパクト,2002100816,松本好隆,三嶋牧場,262.5,2006.0,2012.0,2002.0
2020101050,カミノアスール,牡,川嶋弘吉,,ビッグアーサー,2011103328,サンクチュアリ,2006102946,アグネスタキオン,1998101516,アスール,川向高橋育成牧場,262.5,2011.0,2006.0,1998.0
2020102765,ライヴリー,牝,茶木太樹,,ダイワメジャー,2001103114,インランジェリー,000a0124c8,エンパイアメーカー,000a010542,吉田千津,社台ファーム,262.0,2001.0,2009.0,2000.0
2020101738,ヘルスケア,牝,森山雄大,,ビッグアーサー,2011103328,ケイエスアカリ,2001106354,フジキセキ,1992109618,高橋真紀,高柳隆男,261.6,2011.0,2001.0,1992.0
2020103724,ロッカフラダンサー,牡,今津博之,,ハービンジャー,000a011996,ロッカフラベイビー,2012104663,キングカメハメハ,2001103460,山田弘,ノーザンファーム,261.4,2006.0,2012.0,2001.0
2020105879,フェアリープレスト,牝,笹野博司,,ドゥラメンテ,2012104511,フェアリーバニヤン,2003100823,Honour and Glory,000a002072,桑野隆司,松浦牧場,261.0,2012.0,2003.0,1993.0
2020104705,スタールーズベルト,牡,宗綱泰彦,,スズカコーズウェイ,2004104345,オープンベルト,2011105649,サムライハート,2002100996,大黒富美子,藤川ファーム,261.0,2004.0,2011.0,2002.0
2020102440,スペースソニック,牡,三小田幸,,ダンカーク,000a012185,カーヴィシャス,2010104335,シンボリクリスエス,1999110099,堀江健二,上水牧場,260.9,2006.0,2010.0,1999.0
2020103040,ジンジャーパン,牡,今津博之,,オーシャンブルー,2008102978,ヘヴンリークルーズ,2005102301,ファルブラヴ,1998190004,（株）Ｗプロパティー,社台ファーム,260.7,2008.0,2005.0,1998.0
2020106313,エムズシップ,牝,宇都英樹,,ルーラーシップ,2007103143,メメクザリアーナ,2012105156,ジャングルポケット,1998101786,（株）ファーストビジ,岡本牧場,260.5,2007.0,2012.0,1998.0
2020103178,エフティゲイル,牡,藤原智行,,ドレフォン,000a013b82,エフティベス,2012104559,ハービンジャー,000a011996,江川伸夫,習志野牧場,260.5,2013.0,2012.0,2006.0
2020106960,ユーバーウィンデン,牡,佐藤茂,,ジャスタウェイ,2009106461,ピアレスピンク,2012105304,エンパイアメーカー,000a010542,花野友象,ミリオンファーム,260.0,2009.0,2012.0,2000.0
2020103133,レッドマグナス,牡,緒方努,,ドゥラメンテ,2012104511,シックスイス,000a01379b,Luhuk,000a00fdbc,東京ホースレーシング,社台牧場,260.0,2012.0,2010.0,1991.0
2020106068,アップイージス,牝,迫田清美,,ニシケンモノノフ,2011105438,キャンドルアイス,2002104976,フォーティナイナー,000a000134,増田兼良,ラッキー牧場,259.8,2011.0,2002.0,1985.0
2020103686,マックロスキー,牡,宇都英樹,,ルーラーシップ,2007103143,リラヴァティ,2011103890,ゼンノロブロイ,2000101517,近藤正勝,ノーザンファーム,259.6,2007.0,2011.0,2000.0
2020101047,ポロネーズ,牝,坂口義幸,,ドレフォン,000a013b82,ピエスドール,2014106161,ステイゴールド,1994108729,村島昭男,オークツリーファーム,259.5,2013.0,2014.0,1994.0
2020106497,ワンオアエイト,牝,的場均,,ダノンレジェンド,2010110102,メモリーフェスタ,2008101540,キャプテンスティーヴ,000a000d9d,村岡曉憲,成隆牧場,259.4,2010.0,2008.0,1997.0
2020102900,ギルデッドフレーム,牡,川添明弘,,イスラボニータ,2011103565,スクエアゴールド,2012104277,ステイゴールド,1994108729,組）リノレーシング,社台ファーム,259.3,2011.0,2012.0,1994.0
2020106856,ラヴァドーム,牡,宮路洋一,,ホッコータルマエ,2009100921,アルブスメロディー,2011105622,ゴールドアリュール,1999106689,松下寿恵和,三嶋牧場,259.0,2009.0,2011.0,1999.0
2020100181,キタノマルティス,牝,藤田正治,,ケープブランコ,000a011b06,ビアンカリボン,2013102319,スペシャルウィーク,1995103211,北所拓也,斉藤スタッド,258.8,2007.0,2013.0,1995.0
2020104789,コノハナサクヤヒメ,牝,川田孝好,,シニスターミニスター,000a011099,テンザンコノハナ,2004105025,カリズマティック,000a00fa33,平野郁子,藤原牧場,258.6,2003.0,2004.0,1996.0
2020100451,カワカミアンフィニ,牝,中川雅之,,トゥザワールド,2011103975,スパイシーソース,000a010a9c,Storm Cat,000a001a98,上山浩司,三石川上牧場,258.6,2011.0,1999.0,1983.0
2020105177,キバルエース,牡,上杉昌宏,,ヤマカツエース,2012102774,ガムシロップ,2009104641,ロージズインメイ,000a010a10,須山悟至,小泉学,258.5,2012.0,2009.0,2000.0
2020104955,カミナリオヤヂ,牡,伊藤勝己,,ディスクリートキャット,000a0113a1,カカアデンカ,2010100475,ステイゴールド,1994108729,内田律子,奥山牧場,258.4,2003.0,2010.0,1994.0
2020110110,アートペッパー,牡,雑賀正光,,Frosted,000a012b42,Tim's Girl,000a01bdf3,Broken Vow,000a0101a0,風早信昭,Lemon's Mill LLC,258.0,2012.0,2014.0,1997.0
2020110087,ユージェニー,牝,宮川浩一,,Le Havre,000a01198f,サウンドオブフリーダム,000a0142d6,Duke of Marmalade,000a011773,吉田千津,Shadai Farm,258.0,2006.0,2012.0,2004.0
2020100869,カラルナ,牝,林隆之,,セレン,2005105680,エグランティエ,2012105278,アドマイヤジャパン,2002102324,組）マージナルレーシ,中村雅明,258.0,2005.0,2012.0,2002.0
2020103096,リュバンスリーズ,牝,永田幸宏,,エイシンフラッシュ,2007102951,リボンアート,2001103115,サンデーサイレンス,000a00033a,小野寺悠太,社台ファーム,257.9,2007.0,2001.0,1986.0
2020100770,マサノチャンス,牡,月岡健二,,タリスマニック,000a013425,ティアップアリア,2015103602,ヘニーヒューズ,000a011155,古賀禎彦,小林正仁,257.8,2013.0,2015.0,2003.0
2020101484,コウユーマサニキミ,牡,九日俊光,,フリオーソ,2004106867,ミラクルセイリング,2009106483,フジキセキ,1992109618,加治屋貞光,坂戸節子,257.7,2004.0,2009.0,1992.0
2020102752,ナゴミチャン,牝,加藤和義,,ドゥラメンテ,2012104511,アンズチャン,2011104360,フレンチデピュティ,000a00013a,津田浩一,社台ファーム,257.5,2012.0,2011.0,1992.0
2020101917,ムーランドール,牝,川西毅,,シャンハイボビー,000a0127e4,フラワーシップ,2014102257,ステイゴールド,1994108729,小林英一ホールディングス,出口牧場,257.5,2010.0,2014.0,1994.0
2020109168,カシノジャッカル,牡,東美義,,ケイムホーム,000a0108d1,ユメサカス,2006109072,イシノナイト,1996106813,柏木務,徳重正幸,256.7,1999.0,2006.0,1996.0
2020100165,オルタード,牝,真島正徳,,サトノクラウン,2012104668,ブラックナイル,2014101090,ルーラーシップ,2007103143,原久美子,ケイアイファーム,256.7,2012.0,2014.0,2007.0
2020104614,アイファーグラッド,牝,井手上慎,,アイファーソング,2008100386,アイファーメリッサ,2013104286,サクラオリオン,2002104686,中島稔,野表篤夫,256.5,2008.0,2013.0,2002.0
2020102104,デルマコテナゲ,牡,山田徹,,マインドユアビスケッツ,000a01392e,デルマサリーチャン,2011100822,ホワイトマズル,1990109700,浅沼廣幸,ファニーヒルファーム,256.3,2013.0,2011.0,1990.0
2020100866,フルコンタクト,牡,加藤和宏,,ファインニードル,2013100612,メイショウアンデス,2006102155,ダンスインザダーク,1993109188,（株）ファーストビジ,中神牧場,256.2,2013.0,2006.0,1993.0
2020106758,ワイキキビーチ,牡,鹿沼良和,,フリオーソ,2004106867,オアハカ,2015101600,キングズベスト,000a0022d2,住清三,中脇満,256.1,2004.0,2015.0,1997.0
2020105799,ピリカルキナ,牝,井樋明正,,ダノンシャンティ,2007105709,モエレカトリーナ,2005104399,ゴールドヘイロー,1997101264,楊明翰,ビッグレッドファーム,256.1,2007.0,2005.0,1997.0
2020102011,シェナカレン,牡,冨田敏男,,カレンブラックヒル,2009106230,エクセルギー,2010100872,ブライアンズタイム,000a000082,冨田藤男,野島牧場,256.0,2009.0,2010.0,1985.0
2020100469,ヴェールダンス,牝,阪本一栄,,カフェラピード,2008101059,アサクサヴェール,2004101564,フレンチデピュティ,000a00013a,西村健作,三石橋本牧場,255.7,2008.0,2004.0,1992.0
2020100431,エイシンケンラン,牝,九日俊光,,ダンカーク,000a012185,エーシンアマテラス,2007110015,Tale of the Cat,000a002276,（同）ＪＰＮ技研,松本牧場,255.6,2006.0,2007.0,1994.0
2020104821,ハイグッドミネルバ,牝,倉地学,,ゼンノロブロイ,2000101517,プランシングレディ,2008105191,ファンタスティックライト,1996190005,服部新平,へいはた牧場,255.2,2000.0,2008.0,1996.0
2020106467,スイートエデン,牝,酒井一則,,ダノンレジェンド,2010110102,メイショウトパーズ,2012105591,クロフネ,1998110135,瀬戸竜男,榊原敏明,255.0,2010.0,2012.0,1998.0
2020102115,ナムラアダム,牡,藤ヶ崎一,,ミッキーアイル,2011103916,ナムラジュノー,2015102802,トーセンホマレボシ,2009106092,谷伊織,藤本直弘,254.7,2011.0,2015.0,2009.0
2020106368,グレートロード,牡,盛本信春,,グレーターロンドン,2012101402,プリンセスメイク,2007101408,キャプテンスティーヴ,000a000d9d,田島政光,ガーベラパークスタッド,254.3,2012.0,2007.0,1997.0
2020106066,ビービーローレライ,牡,別府真司,,アジアエクスプレス,2011110091,マスターギラティナ,2006105096,アグネスデジタル,1997110025,組）志士十二組合,芳住鉄兵,254.3,2011.0,2006.0,1997.0
2020102041,ラインガウディ,牡,鷹見浩,,ビッグアーサー,2011103328,アグネスキフジン,2001106775,サンデーサイレンス,000a00033a,大澤繁昌,日高大洋牧場,254.3,2011.0,2001.0,1986.0
2020100276,リンネル,牝,池田忠好,,リアルスティール,2012104889,フォトジェニック,2008105783,Sinndar,000a002329,太田雅貴,築紫洋,254.1,2012.0,2008.0,1997.0
2020100452,パワーミント,牝,国沢輝幸,,デクラレーションオブウォー,000a0136f6,スマイルユー,2010101657,スタチューオブリバティ,000a0109d5,吉田紘子,三石川上牧場,253.5,2009.0,2010.0,2000.0
2020104369,ルレット,牝,酒井仁,,モンテロッソ,000a011b05,ネオザスティング,2008102981,タニノギムレット,1999100226,安田功夫,高橋ファーム,253.3,2007.0,2008.0,1999.0
2020105052,テイエムフジッコ,牝,平山宏秀,,ホッコータルマエ,2009100921,シルバーキセキ,2007104111,フジキセキ,1992109618,竹園正繼,岩見牧場,253.2,2009.0,2007.0,1992.0
2020100104,エイシンゼスト,牝,安部幸夫,,エイシンヒカリ,2011101273,エーシンカリーナ,2007106413,アグネスデジタル,1997110025,酒井孝敏,木田牧場,253.2,2011.0,2007.0,1997.0
2020107216,アースジェイソンテ,牡,岡島玉一,,シャンハイボビー,000a0127e4,スモーキーヴォイス,2009106836,ディープインパクト,2002100816,松山増男,三好牧場,253.1,2010.0,2009.0,2002.0
2020101406,ワイルドソニック,牡,米田英世,,アジアエクスプレス,2011110091,ビオレント,2011100202,ゼンノロブロイ,2000101517,細谷典幸,木村牧場,253.0,2011.0,2011.0,2000.0
2020102413,メイクアドリーム,牝,川嶋弘吉,,ヴィクトワールピサ,2007102923,コマノドリーム,2013104622,スウェプトオーヴァーボード,000a00fa34,木村牧場,新井牧場,252.6,2007.0,2013.0,1997.0
2020104373,ブルースワット,セ,山田義人,,ケープブランコ,000a011b06,プレイフォーマザー,2011100429,ディープスカイ,2005101358,辻川弘,高橋ファーム,252.5,2007.0,2011.0,2005.0
2020103028,シンメリーチャン,牝,東眞市,,ジャスタウェイ,2009106461,ブロークンソード,000a012efe,Broken Vow,000a0101a0,津田浩一,社台ファーム,252.0,2009.0,2010.0,1997.0
2020101021,ウィンサム,牝,佐藤浩一,,コパノリッキー,2010106548,ワイルドフェイス,2008106302,ワイルドラッシュ,000a0003a1,Ｉレーシング（株）,赤石牧場,251.8,2010.0,2008.0,1994.0
2020105213,ウインラフィネ,牝,九日俊光,,ダノンバラード,2008103548,シュフルール,2002100649,パントレセレブル,000a000271,田中誠一,コスモヴューファーム,251.4,2008.0,2002.0,1994.0
2020109065,ストロングシム,牡,井上弘之,,ヴァンセンヌ,2009106525,テレフォニカ,000a01062d,Distant View,000a002161,中島雅春,マルシチ牧場,251.0,2009.0,2001.0,1991.0
2020100230,クリノマイスター,牡,北村欣也,,ラブリーデイ,2010104298,レッドオランジュ,2012104177,ステイゴールド,1994108729,本城,城地牧場,250.5,2010.0,2012.0,1994.0
2020106419,ジャスティスボス,牡,中野博,,シビルウォー,2005102317,キイレ,2007101669,フジキセキ,1992109618,下川正義,木村牧場,250.1,2005.0,2007.0,1992.0
2020106926,ステラライズ,牝,須貝尚介,,ミッキーロケット,2013106099,ラッシュライフ,2003102762,サクラバクシンオー,1989108341,安原浩司,三嶋牧場,250.0,2013.0,2003.0,1989.0
2020106720,アグネスアース,牡,小崎憲,,サトノアラジン,2011104063,アグネスフェアリー,2013105354,ヴィクトワールピサ,2007102923,渡辺公美子,富田牧場,250.0,2011.0,2013.0,2007.0
2020106671,プリュネルウィンク,牝,田中淳司,,ディーマジェスティ,2013104704,ヒラボクウィン,2008101612,ワイルドラッシュ,000a0003a1,嶋田賢,辻牧場,250.0,2013.0,2008.0,1994.0
2020105933,ダンツセリカ,牡,谷潔,,エピファネイア,2010104155,ツクバエルドラド,2009105924,El Corredor,000a010238,山元哲二,村上欽哉,250.0,2010.0,2009.0,1997.0
2020105209,ウインラピーヌ,牝,上原博之,,キタサンブラック,2012102013,コスモラパン,2011100988,スクリーンヒーロー,2004103328,ウイン,コスモヴューファーム,250.0,2012.0,2011.0,2004.0
2020104187,ユキゴー,牝,石橋満,,エイシンヒカリ,2011101273,ノリミ,2014103457,サマーバード,2006190002,加藤志明,坂本智広,250.0,2011.0,2014.0,2006.0
2020103518,ハッピーバンド,牝,石坂公一,,バンドワゴン,2011104010,ハッピーアビラ,2009106070,ディープインパクト,2002100816,馬場幸夫,ノーザンファーム,250.0,2011.0,2009.0,2002.0
2020103748,アシャカデュラン,牡,土井道隆,,ベストウォーリア,2010110127,インプレッシヴ,2008100537,オンファイア,2003102809,吉冨学,ゼットステーブル,249.6,2010.0,2008.0,2003.0
2020104027,オーキデパフュメ,牝,安部幸夫,,アジアエクスプレス,2011110091,ポップスキャット,2012104496,ダンスインザダーク,1993109188,今中俊平,小倉光博,249.1,2011.0,2012.0,1993.0
2020109154,テイエムハヤカケン,牡,平山宏秀,,ドレフォン,000a013b82,ビアンカシェボン,2010104324,フジキセキ,1992109618,竹園正繼,テイエム牧場,249.0,2013.0,2010.0,1992.0
2020106600,オノノウマコ,牝,川野勇馬,,メイショウボーラー,2001100650,スマイルアン,2010104709,ゴールドヘイロー,1997101264,伊藤温,大道牧場,249.0,2001.0,2010.0,1997.0
2020105435,シバノナスタチウム,牝,石川浩文,,ヴィクトワールピサ,2007102923,シバノモスキー,2015105270,ロードカナロア,2008103552,（同）ＪＰＮ技研,トモファーム,249.0,2007.0,2015.0,2008.0
2020101966,ダイシンベスパ,牝,森澤友貴,,ハギノハイブリッド,2011104344,ダイシンキャンディ,2009106529,アグネスタキオン,1998101516,大八木秀子,中原牧場,249.0,2011.0,2009.0,1998.0
2020100709,モンセラット,牝,畠山信一,,エピファネイア,2010104155,ヴィスビー,2011103763,ネオユニヴァース,2000101426,岩渕瑞生,高昭牧場,248.8,2010.0,2011.0,2000.0
2020106335,ウィーヴヒストリー,牝,栗本陽一,,リオンディーズ,2013105915,オーゴンカガヤキ,2012101023,デュランダル,1999106756,吉田勝利,鎌田正嗣,247.4,2013.0,2012.0,1999.0
2020104909,レゼルノワール,牝,中塚猛,,キタサンブラック,2012102013,アンシェルブルー,2007101000,マンハッタンカフェ,1998101554,平岩義範,矢野牧場,247.0,2012.0,2007.0,1998.0
2020104260,ハッサクサン,牝,川村守男,,コパノリッキー,2010106548,ミヤビグローリー,2009101160,アグネスタキオン,1998101516,北原大史,静内白井牧場,247.0,2010.0,2009.0,1998.0
2020107148,クセモノ,牡,柳沢好美,,カレンブラックヒル,2009106230,ダービーゾーン,2000101103,サニーブライアン,1994105719,岡田祐一,日西牧場,246.9,2009.0,2000.0,1994.0
2020105943,キッカケ,牝,瀬戸幸一,,ダノンバラード,2008103548,ニシノミーチャン,2006102597,キングカメハメハ,2001103460,後藤順男,村上欽哉,246.9,2008.0,2006.0,2001.0
2020109137,カシノスターリング,牡,古賀光範,,エーシンシャラク,2008104011,ミッキーコマンド,2003109084,ダンディコマンド,1993109569,柏木務,田上雄二,246.8,2008.0,2003.0,1993.0
2020105511,ロックオンファルコ,牡,内田勝義,,スマートファルコン,2005100097,サクラフォルトゥナ,2005100051,サウスヴィグラス,1996110138,宮崎俊也,長浜秀昭,246.5,2005.0,2005.0,1996.0
2020102480,トーセンステラ,牝,山中尊徳,,トーセンブライト,2001103660,スペシャライズ,2001103802,スペシャルウィーク,1995103211,島川隆哉,エスティファーム,246.5,2001.0,2001.0,1995.0
2020105114,シークレットロゴ,牡,和田正一,,ロゴタイプ,2010103783,シークレットベース,2008105203,テレグノシス,1999106851,山口春夫,柏木一則,246.3,2010.0,2008.0,1999.0
2020105029,ステルクカナト,牡,加藤和義,,ワールドエース,2009106353,イシノウォーニング,2007104091,ムーンバラッド,000a00fe8f,山村太三,石田牧場,245.5,2009.0,2007.0,1999.0
2020101802,コズミックコール,牝,錦見勇夫,,アドマイヤムーン,2003102991,コズミックフレイム,000a0127f3,Doyen,000a010533,錦見日出雄,ダーレー・ジャパン・ファーム,245.5,2003.0,2010.0,2000.0
2020102611,ソーマイティ,牡,坂本和也,,フリオーソ,2004106867,アースリーチャンス,2016103336,ネオユニヴァース,2000101426,後藤宙人,桑原牧場桑原康裕,245.4,2004.0,2016.0,2000.0
2020109118,ライトギフト,牝,長南和宏,,ダンカーク,000a012185,ダノンサイクロン,2011104068,シンボリクリスエス,1999110099,村山光弘,ストームファームコーポレーション,245.3,2006.0,2011.0,1999.0
2020107120,ベッケンバウアー,牡,松島寿,,レーヴミストラル,2012104929,マラチバンド,000a011159,Dixieland Band,000a0017b2,三岡陽,川上牧場,245.3,2012.0,2003.0,1980.0
2020102382,アトリーテソーロ,牡,藤ケ崎一,,アドマイヤムーン,2003102991,メイドインリオ,000a012f8d,Captain Rio,000a010d4b,片岡信賢,リョーケンファーム,245.3,2003.0,2011.0,1999.0
2020101178,カグラハルカ,牡,渡邊貴光,,パドトロワ,2007102760,ビヨンドマイリーチ,2006102087,ワイルドラッシュ,000a0003a1,（有）槇本牧場,船越伸也,245.1,2007.0,2006.0,1994.0
2020110036,カッチュッコ,牝,榎屋充,,Nyquist,000a013047,Livorno,000a01b11b,Bernardini,000a0111fe,伊藤健,Godolphin,245.0,2013.0,2016.0,2003.0
2020105410,ゴールドバニー,牝,野口孝,,エスポワールシチー,2005102837,ナイキアクトレス,2001104250,アフリート,000a000013,厚澤保明,津田牧場,245.0,2005.0,2001.0,1984.0
2020102428,ベアジャック,牡,八木仁,,エピファネイア,2010104155,ノーブルビューティ,2007100556,キングカメハメハ,2001103460,小橋亮太,市川牧場,245.0,2010.0,2007.0,2001.0
2020100834,ビーチサンダル,牝,宮川浩一,,ビーチパトロール,000a0141f9,レディービスティー,2005102619,フジキセキ,1992109618,国田正忠,大北牧場,244.5,2013.0,2005.0,1992.0
2020104948,ピスティス,牝,頼本盛行,,ミュゼスルタン,2012104118,ハンナ,2013106149,ディープインパクト,2002100816,山本国広,タツヤファーム,244.3,2012.0,2013.0,2002.0
2020106664,インセプション,牡,板垣吉則,,ロードカナロア,2008103552,テンイムホウ,2002102852,ラムタラ,000a0001d4,三度屋,辻牧場,244.1,2008.0,2002.0,1992.0
2020105960,マックスブンブン,牡,小林真治,,レインボーライン,2013106183,トキメキブンブン,2011101867,タニノギムレット,1999100226,井上久光,村上進治,244.0,2013.0,2011.0,1999.0
2020100197,スペキュレイション,牡,工藤裕孝,,アグニシャイン,2014105880,フィネス,2014101150,ディープインパクト,2002100816,畠山浩司,佐藤鉄也,243.6,2014.0,2014.0,2002.0
2020103982,スターウイン,牝,柳井宏之,,ディーマジェスティ,2013104704,カーニバルダクス,2012110119,Bernardini,000a0111fe,Ｉレーシング（株）,岡田牧場,243.5,2013.0,2012.0,2003.0
2020104849,ユアソング,牝,榎屋充,,バゴ,2001190004,サテンドール,2014102895,ステイゴールド,1994108729,遠藤喜和,前谷武志,243.4,2001.0,2014.0,1994.0
2020104443,ビップルイス,牡,栗林徹治,,ヴァンセンヌ,2009106525,キョウエイアン,1999102312,フォーティナイナー,000a000134,伊藤健,谷藤弘美,243.4,2009.0,1999.0,1985.0
2020104563,スライトマッド,牝,矢野久美,,ファインニードル,2013100612,グリーンケープ,2015101572,Cape Cross,000a0022ae,（株）ＴＫＫ,友田牧場,243.0,2013.0,2015.0,1994.0
2020102442,オッドナンバー,牝,川島雅人,,ハービンジャー,000a011996,ゴールデンナンバー,2009102620,ダイワメジャー,2001103114,（有）パイオニアファ,上水牧場,242.9,2006.0,2009.0,2001.0
2020107042,クワスタッキー,牝,山田徹,,マクフィ,000a011c77,アイハヴアジョイ,2014106349,アイルハヴアナザー,000a011ed3,桑波田耕円,日本中央競馬会日高育成牧場,242.7,2007.0,2014.0,2009.0
2020100980,メイショウニコヒメ,牝,松永昌博,,ホッコータルマエ,2009100921,メイショウアルパ,2012106099,ゼンノロブロイ,2000101517,松本好雄,村下明博,242.5,2009.0,2012.0,2000.0
2020104392,イロドリ,牝,遠藤茂,,コパノリッキー,2010106548,ラッシュストーム,2013100960,ザール,000a010990,浦野和由,武牧場,242.2,2010.0,2013.0,1995.0
2020105320,メモリアルフィジー,牡,甲田悟史,,フェノーメノ,2009106599,ワールドツアラー,2014100332,ウインクリューガー,2000107407,スピードファーム,スピードファーム,242.0,2009.0,2014.0,2000.0
2020106088,ポリリン,牝,宇都英樹,,タリスマニック,000a013425,ポリカ,2014104166,スマートボーイ,1995100385,松永直記,小野瀬竜馬,241.4,2013.0,2014.0,1995.0
2020106659,ファートム,セ,金成貴史,,ラニ,2013110045,タオヤメ,2014105857,ルーラーシップ,2007103143,Ｇリビエール・レーシング,辻牧場,241.3,2013.0,2014.0,2007.0
2020104381,ピンクチャン,牝,柳井宏之,,ゼンノロブロイ,2000101517,アフィニティ,2006101116,サクラバクシンオー,1989108341,江頭佳宏,武牧場,241.1,2000.0,2006.0,1989.0
2020101197,プリンシアティアモ,牝,工藤裕孝,,ダノンレジェンド,2010110102,ツヨイキモチ,2007103017,シンボリクリスエス,1999110099,山口謙太郎,アイズスタッド,241.1,2010.0,2007.0,1999.0
2020105513,モモアカ,牝,川村守男,,グレーターロンドン,2012101402,マキノチーフ,2003104000,チーフベアハート,1993190010,濱野牧男,長浜秀昭,240.5,2012.0,2003.0,1993.0
2020103740,フルダッシュ,牡,久保秀男,,ノヴェリスト,000a012230,ノットユアビジネス,2002100606,エンドスウィープ,000a00010f,大栗芳一,登別上水牧場,240.5,2009.0,2002.0,1991.0
2020105584,クインズサクヤヒメ,牝,安田武広,,ルーラーシップ,2007103143,リオグランデ,2010104427,ディープインパクト,2002100816,亀田和弘,新冠橋本牧場,240.4,2007.0,2010.0,2002.0
2020107021,アイゼンヴァンド,牡,川島洋人,,バンブーエール,2003104100,キョウエイボヌール,2011106588,ゴールドアリュール,1999106689,ウエスト．フォレスト．ステイブル,山春牧場,240.0,2003.0,2011.0,1999.0
2020106846,ルネッサンスバカラ,牝,山田義人,,ダンカーク,000a012185,ファンフェア,2008105784,アルカセット,2000190010,原久美子,まるとみ冨岡牧場,240.0,2006.0,2008.0,2000.0
2020105119,セレベス,牡,佐野謙二,,ストロングリターン,2006102934,マイネヴィント,2007104869,ブライアンズタイム,000a000082,和田博美,柏木一則,240.0,2006.0,2007.0,1985.0
2020101477,ラウドロック,牡,吉井竜一,,パイロ,000a01176a,サイレンスドリーム,2009105262,ディープインパクト,2002100816,（株）アウレア,坂牧場,240.0,2005.0,2009.0,2002.0
2020101223,エルクリード,牡,深山雅史,,リオンディーズ,2013105915,ゴールドカルラ,2008105124,ゼンノロブロイ,2000101517,磯波勇Ｆ,天羽禮治,240.0,2013.0,2008.0,2000.0
2020100518,デュアルモーション,牝,澤佳宏,,ドレフォン,000a013b82,クロフォード,2007103220,フジキセキ,1992109618,前原敏行,山際牧場,240.0,2013.0,2007.0,1992.0
2020104589,ムーンビッグレディ,牝,土井道隆,,マクフィ,000a011c77,エリモエクレール,2008101081,アグネスタキオン,1998101516,木稲安則,西村牧場,239.9,2007.0,2008.0,1998.0
2020104652,フレンドパーティー,牡,櫻田浩樹,,サトノクラウン,2012104668,パーティクル,2011102441,ハーツクライ,2001103038,横尾晴人,畠山牧場,239.8,2012.0,2011.0,2001.0
2020104509,パディントンブーツ,牡,今津勝之,,リオンディーズ,2013105915,ピサノバーキン,2001104260,サンデーサイレンス,000a00033a,小橋亮太,千代田牧場,239.8,2013.0,2001.0,1986.0
2020103497,シャンディエン,牡,田中道夫,,ドレフォン,000a013b82,デグラーティア,2006109086,フジキセキ,1992109618,西岡透,ノーザンファーム,239.7,2013.0,2006.0,1992.0
2020104230,ハバナモヒート,牡,朝倉実,,ホッコータルマエ,2009100921,ボデギータ,2011105129,ゼンノロブロイ,2000101517,手嶋康雄,佐竹学,239.5,2009.0,2011.0,2000.0
2020105893,スイートレーヴ,牝,箕輪武,,レーヴミストラル,2012104929,オーミバンビーナ,2011105319,ブラックタイド,2001103312,梅ケ枝容晃,松木加代,238.9,2012.0,2011.0,2001.0
2020103423,シュタイナー,牡,三宅直之,,ルーラーシップ,2007103143,ジュモー,2006103316,タニノギムレット,1999100226,ファーストビジョン,ノーザンファーム,238.6,2007.0,2006.0,1999.0
2020100018,グングニル,牡,阪本一栄,,ミッキーアイル,2011103916,ポリリズム,2006103246,バチアー,000a00004b,松谷翔太,乾皆雄,238.6,2011.0,2006.0,1997.0
2020100893,ヨドノストーリー,牡,高橋優子,,ヤマカツエース,2012102774,ストロベリーハーツ,2014102578,ハーツクライ,2001103038,海原聖一,林農場,238.5,2012.0,2014.0,2001.0
2020102788,ユーピテル,牡,的場直之,,マインドユアビスケッツ,000a01392e,エクレアオール,2013105457,ゴールドアリュール,1999106689,吉田照哉,社台ファーム,238.2,2013.0,2013.0,1999.0
2020101315,ウルツァイト,牡,的場直之,,トビーズコーナー,000a011fed,カラカル,2008105352,グリーンアプローズ,1994109559,前川義則,大矢牧場,238.0,2008.0,2008.0,1994.0
2020109066,ノリノリ,牡,柳井宏之,,ウインバリアシオン,2008103206,ヤマシロギク,2004104887,アフリート,000a000013,北原大史,マルシチ牧場,237.8,2008.0,2004.0,1984.0
2020104389,タカツワカマツ,牡,及川良春,,ダノンシャーク,2008105554,パレストウショウ,2010103066,ホワイトマズル,1990109700,大黒富美子,武牧場,237.8,2008.0,2010.0,1990.0
2020105852,ケレス,牝,西村守幸,,リオンディーズ,2013105915,プトラナ,2015100780,ノヴェリスト,000a012230,（株）ファーストビジ,細川農場,237.6,2013.0,2015.0,2009.0
2020101169,ホシノカケラ,牝,櫻田康二,,ビッグアーサー,2011103328,ファミリーパーク,2012104141,ネオユニヴァース,2000101426,山本武司,びらとり牧場,237.6,2011.0,2012.0,2000.0
2020104934,ハイボールガール,牝,箕輪武,,バトルプラン,000a0118e8,サクラワイズ,2004104493,サクラバクシンオー,1989108341,丹呉通孝,山田牧場,237.5,2005.0,2004.0,1989.0
2020103000,ウェルマインド,牝,倉兼育康,,ルーラーシップ,2007103143,ピュアマインド,2008102879,ティンバーカントリー,000a00035e,上岡和男,社台ファーム,237.0,2007.0,2008.0,1992.0
2020102789,ジラソーレ,牝,平山宏秀,,クリエイターII,000a013630,エグランティーナ,2012104257,シンボリクリスエス,1999110099,高野英彦,社台ファーム,236.9,2013.0,2012.0,1999.0
2020105022,ラブウェイ,牝,本名信行,,ジャスタウェイ,2009106461,ラヴザットマスタング,000a0143d1,Candy Ride,000a01132a,ファーストビジョン,アラキファーム,236.7,2009.0,2012.0,1999.0
2020104835,レイナバレンティア,牝,関本浩司,,シャンハイボビー,000a0127e4,レイナグラシア,2015105566,ヘニーヒューズ,000a011155,吉田啓,北洋牧場,236.6,2010.0,2015.0,2003.0
2020105564,テンフェリーチェ,牝,佐藤雅彦,,ディスクリートキャット,000a0113a1,ジョディーズロマン,2010105781,サムライハート,2002100996,天白泰司,新冠橋本牧場,236.3,2003.0,2010.0,2002.0
2020102002,キミカワイイネ,牝,阿井正雄,,フリオーソ,2004106867,グローリアスヴォレ,2012106380,サウスヴィグラス,1996110138,（株）ＩＴＦ,ノースガーデン,236.0,2004.0,2012.0,1996.0
2020109029,グレートアクター,牡,千葉幸喜,,ゴールドアクター,2011105266,クヴァルダ,2005102132,ダンスインザダーク,1993109188,レックス,風ノ丘ファーム,235.9,2011.0,2005.0,1993.0
2020101440,エマーブルクラス,牝,小国博行,,パイロ,000a01176a,ウインレーヌ,2011100188,キングカメハメハ,2001103460,（有）太盛,クリアファーム,235.2,2005.0,2011.0,2001.0
2020106513,メイショウミヨシノ,牝,大橋勇樹,,ゴールドシップ,2009102739,メイショウクノイチ,2013103491,エンパイアメーカー,000a010542,松本好雄,太陽牧場,235.0,2009.0,2013.0,2000.0
2020105731,パーペチュアル,牡,宮本博,,ビッグアーサー,2011103328,エクロジオン,2013101874,エンパイアメーカー,000a010542,ノースヒルズ,平山牧場,235.0,2011.0,2013.0,2000.0
2020105698,シンキングマンボ,牡,佐藤裕太,,ベルシャザール,2008103004,シンキングジョリー,2012100652,タイムパラドックス,1998101683,佐藤雄司,浜口牧場,235.0,2008.0,2012.0,1998.0
2020103586,ミッキーグロリア,牝,久保田貴,,エピファネイア,2010104155,プラトリーナ,2013106049,ディープインパクト,2002100816,野田みづき,ノーザンファーム,235.0,2010.0,2013.0,2002.0
2020100949,プリンシペペケニョ,牡,小野寺晋,,ディスクリートキャット,000a0113a1,プエルトプリンセサ,2013103137,キンシャサノキセキ,2003110212,冨永平太郎,伏木田牧場,235.0,2003.0,2013.0,2003.0
2020102697,ウテナ,牝,伊藤和忍,,ハービンジャー,000a011996,ビキニスタイル,2011103653,ディープインパクト,2002100816,林弘之,社台コーポレーション白老ファーム,234.9,2006.0,2011.0,2002.0
2020102435,イーブンナンバー,牝,角田輝也,,ドゥラメンテ,2012104511,アミカブルナンバー,2009105913,ダイワメジャー,2001103114,池谷誠一,上水牧場,234.9,2012.0,2009.0,2001.0
2020103065,アーケイディア,牝,九日俊光,,ルーラーシップ,2007103143,マンハッタンセレブ,2003102531,サンデーサイレンス,000a00033a,（同）ＪＰＮ技研,社台ファーム,234.7,2007.0,2003.0,1986.0
2020106613,アペーゴ,牝,佐藤茂,,ディーマジェスティ,2013104704,ミリオンスターズ,2016104859,ヴィクトワールピサ,2007102923,飯田真也,大道牧場,234.2,2013.0,2016.0,2007.0
2020106489,ドヴォルザーク,牡,後藤佑耶,,アジアエクスプレス,2011110091,パリーナチャン,2009100469,メイショウオウドウ,1995101767,ＫＡＪＩＭＯＴＯホールディングス,松栄牧場,234.1,2011.0,2009.0,1995.0
2020105042,マジェスティック,牡,今津博之,,マジェスティックウォリアー,000a011e9c,アーベントロート,2009105917,フジキセキ,1992109618,飯田学,イワミ牧場,234.0,2005.0,2009.0,1992.0
2020106855,テーオーエンゲルス,牡,水野善太,,サトノクラウン,2012104668,アルケミスト,2013103749,ダイワメジャー,2001103114,遠藤喜和,三嶋牧場,233.8,2012.0,2013.0,2001.0
2020102351,ガミラスソロモン,牡,大塚信次,,ジョーカプチーノ,2006100529,ホウショウワールド,2006110163,Sky Classic,000a001ea6,藤井猛,Ｕ・Ｍ・Ａ,233.6,2006.0,2006.0,1987.0
2020103817,ディアレストゥラヴ,牝,伊藤和忍,,カルストンライトオ,1998103333,ロッツオブラブ,2013101897,ステイゴールド,1994108729,宮崎成幸,アフリートファーム,233.4,1998.0,2013.0,1994.0
2020107003,クリオネ,牝,加藤和義,,フリオーソ,2004106867,スマートウェーブ,2006103056,ネオユニヴァース,2000101426,大島豊彦,山口義彦,233.0,2004.0,2006.0,2000.0
2020104927,ケイグンノイッカク,牝,嶋田幸晴,,ブラックタイド,2001103312,エンゼルジョーカー,2007100557,ブライアンズタイム,000a000082,志水祐彦,山際智,232.8,2001.0,2007.0,1985.0
2020104712,リュウノレイビア,牝,吉井竜一,,オルフェーヴル,2008102636,フレンズ,2010104265,クロフネ,1998110135,蓑島竜一,藤川ファーム,232.8,2008.0,2010.0,1998.0
2020101673,フィスト,牡,高馬元紘,,ダノンシャンティ,2007105709,ミスプロ,2007104969,アフリート,000a000013,（有）新生ファーム,新生ファーム,232.8,2007.0,2007.0,1984.0
2020106270,カルタデアモール,牝,晴山厚司,,ロジユニヴァース,2006103140,エイシンレタリング,000a013888,Lawman,000a011d55,小橋亮太,栄進牧場,232.5,2006.0,2015.0,2004.0
2020100911,オチツイテ,牡,宮路洋一,,カレンブラックヒル,2009106230,エンジェルシェア,2006100569,プリサイスエンド,000a00fe9b,松本桂昌,ヒダカファーム,232.5,2009.0,2006.0,1997.0
2020103759,リョウマダイオー,牡,徳本慶一,,アポロソニック,2010110120,ピョル,2016104197,ネオヴァンドーム,2007102913,荒川三代子,宮井孝典,232.4,2010.0,2016.0,2007.0
2020101511,カラフルリーフ,牝,佐藤敏彦,,ダノンシャーク,2008105554,ノボレインボー,2006105613,ノボジャック,1997110152,小橋亮太,サンバマウンテンファーム,232.4,2008.0,2006.0,1997.0
2020103930,レースラヴェンダー,牝,橘友和,,サトノクラウン,2012104668,ファンシーリシェス,2012103683,キングカメハメハ,2001103460,前田良平,岡田スタッド,232.1,2012.0,2012.0,2001.0
2020100256,アークステート,牡,藤ケ崎一,,シルバーステート,2013105903,ポッドドナータ,2014101152,ストリートセンス,000a0113a2,酒井孝敏,タツヤファーム,232.0,2013.0,2014.0,2004.0
2020101159,ビービーザンダー,牡,川西毅,,リオンディーズ,2013105915,レッドマーベル,2008106403,シンボリクリスエス,1999110099,（有）坂東牧場,坂東牧場,231.8,2013.0,2008.0,1999.0
2020104517,ブランクスペース,牡,原口次夫,,アジアエクスプレス,2011110091,ブロンコーネ,2003105107,ブライアンズタイム,000a000082,小橋亮太,千代田牧場,231.5,2011.0,2003.0,1985.0
2020100782,フラッシュダンス,牝,松島壽,,ルーラーシップ,2007103143,オースミアザレア,2007102104,スペシャルウィーク,1995103211,高野良美,鮫川啓一,231.5,2007.0,2007.0,1995.0
2020107054,ノンファンジブル,牡,佐々木洋,,ホッコータルマエ,2009100921,キスカラハジメヨウ,2011104208,ステイゴールド,1994108729,瀬戸竜男,坂本智広,231.0,2009.0,2011.0,1994.0
2020106421,エレボス,牡,山崎尋美,,ストロングリターン,2006102934,トコロロ,2011105709,ティンバーカントリー,000a00035e,延原弘茂,木村牧場,231.0,2006.0,2011.0,1992.0
2020102876,シュテルンロット,牝,高橋康之,,ジャスタウェイ,2009106461,シュテルンターラー,2007102845,ネオユニヴァース,2000101426,会田浩史,社台ファーム,231.0,2009.0,2007.0,2000.0
2020100155,ダノンプレジャー,牡,打越勇児,,ロードカナロア,2008103552,スピニングワイルドキャット,000a01250f,ハードスパン,000a0116a1,中村智幸,ケイアイファーム,231.0,2008.0,2009.0,2004.0
2020105767,ハナノニオイ,牝,平山宏秀,,ダノンバラード,2008103548,ダブルフラワー,2012102287,サムライハート,2002100996,高野英彦,ビッグレッドファーム,230.9,2008.0,2012.0,2002.0
2020104232,サッチモ,牝,斎藤雄一,,ビーチパトロール,000a0141f9,ラブユー,2011102027,マーベラスサンデー,1992103687,川村初美,サンコウ牧場,230.8,2013.0,2011.0,1992.0
2020100953,リュウノフラワー,牝,沖田明子,,リアルスティール,2012104889,ラピーダシャリナ,000a0118a3,Vicar,000a00ff42,蓑島竜一,藤春修二,230.8,2012.0,2006.0,1996.0
2020101091,アヤサンアメニャー,牡,齊藤敏,,ミッキーロケット,2013106099,ブーティー,2005101808,フジキセキ,1992109618,高山義朋,中川隆,230.5,2013.0,2005.0,1992.0
2020100196,ノーブルトラップ,牝,八木仁,,ヴィクトワールピサ,2007102923,ノーブルヴィーナス,2012103410,ケイムホーム,000a0108d1,吉木伸彦,佐藤鉄也,230.5,2007.0,2012.0,1999.0
2020105108,リアルブリージー,牡,坂口義幸,,リアルインパクト,2008103244,キョウワセロトーレ,2015100187,キングカメハメハ,2001103460,（同）ＪＰＮ技研,鹿児島国際ゴルフ倶楽部協和牧場,230.0,2008.0,2015.0,2001.0
2020101629,シーガーディアン,牡,小国博行,,エイシンヒカリ,2011101273,サラトガ,2004101768,クロフネ,1998110135,平井裕,白井牧場,230.0,2011.0,2004.0,1998.0
2020101156,ライリーミノル,牡,後藤正義,,オルフェーヴル,2008102636,リヴィアローズ,2007110053,Galileo,000a00232b,吉岡輝美,坂東牧場,230.0,2008.0,2007.0,1998.0
2020100275,ニジュウマル,牝,米川昇,,ミッキーアイル,2011103916,スマートダズル,2006100958,スマートボーイ,1995100385,飛渡敬二,築紫洋,230.0,2011.0,2006.0,1995.0
2020100342,メージャーテソーロ,牡,池田忠好,,シルバーステート,2013105903,アマルフィターナ,2007103340,シンボリクリスエス,1999110099,（株）玄柑舎,平野牧場,229.5,2013.0,2007.0,1999.0
2020105117,ギンザトップレディ,牝,栗本陽一,,ギンザグリングラス,2005106327,タイセイボニータ,2012105102,タイキシャトル,1994109686,高木毅,柏木一則,229.4,2005.0,2012.0,1994.0
2020103745,プランドールユー,牝,佐藤浩一,,ゴールドアクター,2011105266,ラブリーアモン,2013105131,ソングオブウインド,2003102461,高橋皖,平岡牧場,229.0,2011.0,2013.0,2003.0
2020102477,クワイエットライト,牡,小久保智,,マクマホン,000a0143ac,シーブリーズラブ,2013105887,カジノドライヴ,2005110112,島川隆哉,エスティファーム,229.0,2014.0,2013.0,2005.0
2020106447,ユウガオ,牝,佐藤雅彦,,トゥザグローリー,2007103265,ハトゥンルナ,000a01239f,デインヒル,000a0000d1,二口雅一,小葉松幸雄,228.5,2007.0,2003.0,1986.0
2020102665,ショウミーザマネー,牝,柳澤好美,,サトノダイヤモンド,2013106101,シーオーク,2013105240,キングカメハメハ,2001103460,成富直行,社台コーポレーション白老ファーム,228.1,2013.0,2013.0,2001.0
2020106853,パサージュ,牝,川島豊,,ダノンバラード,2008103548,アメリカンドミンゴ,2015110029,Scat Daddy,000a0114fe,伊勢光,三嶋牧場,228.0,2008.0,2015.0,2004.0
2020103297,ダノンジュリアス,牡,中川竜馬,,バゴ,2001190004,オーマイベイビー,2011103810,ディープインパクト,2002100816,谷口信喜,ノーザンファーム,227.8,2001.0,2011.0,2002.0
2020101049,セルリアンロケット,牡,東美義,,ミッキーロケット,2013106099,エアルシアン,2012104691,ジャングルポケット,1998101786,小橋亮太,川向高橋育成牧場,227.7,2013.0,2012.0,1998.0
2020104958,ヤーゴ,牡,安部幸夫,,マスクゾロ,2011110069,ツクバビューティ,2011103498,ゼンノロブロイ,2000101517,木村良明,奥山牧場,227.5,2011.0,2011.0,2000.0
2020103523,アッシュフォード,牡,橘友和,,ハーツクライ,2001103038,ハーレクイーン,000a013e76,Canford Cliffs,000a0127a5,黒岩剛史,ノーザンファーム,227.3,2001.0,2013.0,2007.0
2020105121,ピロコインザスカイ,牝,八木仁,,ホッコータルマエ,2009100921,ヴァレッタスカイ,2014100130,マンハッタンスカイ,2004106840,長橋賢吾,カミイスタット,227.3,2009.0,2014.0,2004.0
2020100689,スマートソニック,牡,九日俊光,,ロードカナロア,2008103552,レティセントガール,2005102157,フォーティナイナー,000a000134,（同）ＪＰＮ技研,桑田牧場,227.1,2008.0,2005.0,1985.0
2020107117,ジュングンジョウ,牡,伊坂重信,,ジュンツバサ,2012104777,ツキノテンシ,2006104273,ムーンバラッド,000a00fe8f,河合純二,川上牧場,227.0,2012.0,2006.0,1999.0
2020100035,サスガダネ,牡,辻野豊,,ラブリーデイ,2010104298,モスコーオペラ,2010103961,ハーツクライ,2001103038,川島倉男,小河豊水,227.0,2010.0,2010.0,2001.0
2020102917,デルマイサミアシ,牝,迫田清美,,ロゴタイプ,2010103783,スワンキーポーチ,2005102318,アグネスタキオン,1998101516,蟹江知彦,社台ファーム,226.7,2010.0,2005.0,1998.0
2020106608,マジリノチガサキ,牝,大宮和也,,マジェスティックウォリアー,000a011e9c,ハッピーメイカー,2009100771,ネオユニヴァース,2000101426,（株）ＭＭＣ,大道牧場,226.5,2005.0,2009.0,2000.0
2020104526,セントトーマス,牡,武井和実,,ビッグアーサー,2011103328,メイクヒストリー,2001104235,サンデーサイレンス,000a00033a,ＡＨＣ（株）,千代田牧場,226.5,2011.0,2001.0,1986.0
2020101393,ジャッカルズサン,牡,藤田弘治,,トーホウジャッカル,2011100482,プラチナメモリー,2013105940,ディープインパクト,2002100816,木部嚴生,木部ファーム,226.4,2011.0,2013.0,2002.0
2020100041,ポイントバック,牡,櫻田浩樹,,ラニ,2013110045,トーセンアート,2004110159,Woodman,000a001beb,松尾正,沖田忠幸,226.1,2013.0,2004.0,1983.0
2020104857,コハクノカガヤキ,牝,藤田正治,,ジョーカプチーノ,2006100529,マイネベリンダ,2005106126,アグネスデジタル,1997110025,（株）ファーストビジ,前谷武志,226.0,2006.0,2005.0,1997.0
2020102823,サトノロワ,牡,新子雅司,,ハーツクライ,2001103038,カラライナ,000a013878,Curlin,000a011734,里見治,社台ファーム,226.0,2001.0,2012.0,2004.0
2020102090,ノアタイクーン,牡,川野勇馬,,サトノクラウン,2012104668,マリブビーチ,2008102996,マンハッタンカフェ,1998101554,佐山公男,広中稔,226.0,2012.0,2008.0,1998.0
2020101316,プロスパーバイオ,牝,土井道隆,,ノヴェリスト,000a012230,アイドルバイオ,2008103163,ディープインパクト,2002100816,西村健作,沖田牧場,225.8,2009.0,2008.0,2002.0
2020100633,テスティファイ,牝,塚田隆男,,マジェスティックウォリアー,000a011e9c,トコワカ,2013102839,ディープインパクト,2002100816,橋元勇氣,笠松牧場,225.8,2005.0,2013.0,2002.0
2020105276,ミスヒカリ,牝,中道啓二,,ダノンシャンティ,2007105709,ワンダフルムーン,2010104847,アドマイヤムーン,2003102991,大高政一,シンカンファーム,225.5,2007.0,2010.0,2003.0
2020109156,タイムオブライフ,牝,平山宏秀,,ケイムホーム,000a0108d1,サキノザザ,2009101716,タイムパラドックス,1998101683,吉武章,徳重正幸,224.6,1999.0,2009.0,1998.0
2020100466,パクパク,牡,渋谷信博,,アポロキングダム,2003110139,エヴァソーマッチ,2004101253,アフリート,000a000013,安田智彦,三石軽種馬共同育成センター,224.5,2003.0,2004.0,1984.0
2020104763,ケークウォーク,牝,大垣敏夫,,リオンディーズ,2013105915,バトルムーングロウ,2011101183,アドマイヤムーン,2003102991,伊勢光,フジワラファーム,224.4,2013.0,2011.0,2003.0
2020106328,スタータマチャン,牝,川村守男,,ダンカーク,000a012185,ブラウンテヌート,2013103562,シンボリクリスエス,1999110099,岡本育枝,金石牧場,224.0,2006.0,2013.0,1999.0
2020105081,シゲルデラックス,牝,鈴木義久,,シゲルカガ,2011103048,シゲルシュサ,2008105774,ヘニーヒューズ,000a011155,森中啓子,大林ファーム,224.0,2011.0,2008.0,2003.0
2020102253,アムアイレディ,牝,鈴木義久,,コパノリッキー,2010106548,シェアースマイル,2009101469,プリサイスエンド,000a00fe9b,小林秀樹,目黒牧場,224.0,2010.0,2009.0,1997.0
2020104646,ショーウェイコ,牝,土井道隆,,ビッグアーサー,2011103328,ショーウェイ,2014103422,メイショウボーラー,2001100650,吉冨学,畠山牧場,223.7,2011.0,2014.0,2001.0
2020102379,カーターテソーロ,牡,尾原強,,アドマイヤムーン,2003102991,パールプリンセス,000a013e7f,Astronomer Royal,000a0136f4,（同）ＪＰＮ技研,リョーケンファーム,223.4,2003.0,2011.0,2004.0
2020102306,ワンビ,牝,角川秀樹,,マスクゾロ,2011110069,フェイドレス,2000101481,バブルガムフェロー,1993109219,安中公成,ヤスナカファーム,223.4,2011.0,2000.0,1993.0
2020104527,ドーンパッセージ,牝,田中淳司,,ヘニーヒューズ,000a011155,モーニングコール,2010102996,ブライアンズタイム,000a000082,飯田貴大,千代田牧場,223.0,2003.0,2010.0,1985.0
2020105811,アンダーザフラッグ,牡,今津博之,,レインボーライン,2013106183,インシスト,2010105367,シンボリクリスエス,1999110099,宮崎孝一郎,プログレスファーム,222.8,2013.0,2010.0,1999.0
2020100085,スマイリー,牝,千葉津代,,エスポワールシチー,2005102837,エフケーサクラ,2004101148,キンググローリアス,000a000d48,和田博美,加野牧場,222.8,2005.0,2004.0,1986.0
2020105851,フェスティヴチャン,牝,加藤幸保,,ノヴェリスト,000a012230,フジチャン,2008103672,ネオユニヴァース,2000101426,臼井義太郎,細川農場,222.6,2009.0,2008.0,2000.0
2020106072,ビビアンギャング,牝,高橋清顕,,シニスターミニスター,000a011099,パイライトパワー,2009104774,ケイムホーム,000a0108d1,鈴木道雄,ラッキー牧場,222.5,2003.0,2009.0,1999.0
2020102023,ハニーフラッシュ,牝,海馬沢司,,ワールドエース,2009106353,イナズマチーター,2006104349,カリズマティック,000a00fa33,角谷守正,原田ファーム,222.5,2009.0,2006.0,1996.0
2020105373,バトーボヌール,牡,池田忠好,,Flatter,000a010d05,アイランドリトリート,000a01597c,Medaglia d'Oro,000a010a65,鶴俊邦,大作ステーブル,222.4,1999.0,2013.0,1999.0
2020100651,ヴェレノージ,牝,田中剛,,モーリス,2011100655,クールアンフルール,2006100304,サクラバクシンオー,1989108341,加藤誠,上山牧場,222.4,2011.0,2006.0,1989.0
2020104786,プロフェッショナル,牝,今津博之,,サトノダイヤモンド,2013106101,ストームツイスター,2006101543,ワイルドラッシュ,000a0003a1,谷口祐人,藤原牧場,222.3,2013.0,2006.0,1994.0
2020102835,キャッチザロマンス,牝,地辺幸一,,ノヴェリスト,000a012230,クリスティロマンス,2007102799,シンボリクリスエス,1999110099,（株）ファーストビジ,社台ファーム,222.0,2009.0,2007.0,1999.0
2020102490,ローズトレミエ,牝,及川良春,,トーセンラー,2008102985,トーセンウィッチ,2007105290,キングカメハメハ,2001103460,谷謙介,エスティファーム,221.4,2008.0,2007.0,2001.0
2020105753,アルファホール,牡,山田徹,,ゴールドシップ,2009102739,コスモチョコレイ,2011103251,ブラックタイド,2001103312,成富直行,ビッグレッドファーム,221.2,2009.0,2011.0,2001.0
2020102657,サンクメダイユ,牡,田村康仁,,キズナ,2010105827,サンクボヌール,2012104037,ハービンジャー,000a011996,Ｇ１レーシング,社台コーポレーション白老ファーム,221.0,2010.0,2012.0,2006.0
2020100358,ルクスベリタティス,牝,阪本一栄,,トビーズコーナー,000a011fed,シャイントウショウ,2007100631,オペラハウス,000a000d77,三岡陽,堀川洋之,221.0,2008.0,2007.0,1988.0
2020102863,ブラックヒル,牡,田中一巧,,キタサンブラック,2012102013,サラフィナ,000a011a83,Refuse to Bend,000a010bac,吉田照哉,社台ファーム,220.7,2012.0,2007.0,2000.0
2020106709,マキシマムベット,牡,佐藤博紀,,ヤマカツエース,2012102774,バルスピュール,2009100047,チーフベアハート,1993190010,岡田隆寛,ディアレストクラブ,220.5,2012.0,2009.0,1993.0
2020109084,シンライダムール,牡,凾館一昭,,アルデバランII,000a010541,ホワイトパラソル,2015101795,メイショウサムソン,2003102205,（株）心頼ＬｏｏＰ,安田和男,220.0,1998.0,2015.0,2003.0
2020106868,レッジェンダペスカ,牡,角田晃一,,ダノンレジェンド,2010110102,シャインダイアン,2013103763,エンパイアメーカー,000a010542,山田信太郎,三嶋牧場,220.0,2010.0,2013.0,2000.0
2020106592,ライトライズライト,牡,石坂公一,,ヴィクトワールピサ,2007102923,メジャーシャルマン,2015105049,ダイワメジャー,2001103114,吉澤ホールディングス,谷口牧場,220.0,2007.0,2015.0,2001.0
2020106550,シャーマンロック,牡,新谷功一,,インカンテーション,2010104916,コウヨウルビー,2010104913,バブルガムフェロー,1993109219,ターフ・スポート,谷川牧場,220.0,2010.0,2010.0,1993.0
2020105281,コンピートバーチェ,牝,佐々木忠,,サトノクラウン,2012104668,ビクトリーレディー,2006104710,ネオユニヴァース,2000101426,豊島愛子,シンユウファーム,220.0,2012.0,2006.0,2000.0
2020103501,クイーンノジョウ,牝,四位洋文,,キタサンブラック,2012102013,トゥリフォー,000a013e40,Frankel,000a01239b,ＴＮレーシング,ノーザンファーム,220.0,2012.0,2014.0,2008.0
2020103377,サトノアンタレス,牝,堀宣行,,ハービンジャー,000a011996,サトノジュピター,2009106065,アグネスタキオン,1998101516,里見治,ノーザンファーム,220.0,2006.0,2009.0,1998.0
2020102854,アンクルコンシャス,牝,栗田徹,,ロードカナロア,2008103552,コートシャルマン,2012104217,ハーツクライ,2001103038,吉田照哉,社台ファーム,220.0,2008.0,2012.0,2001.0
2020102833,イスラブリーサ,牝,武井亮,,イスラボニータ,2011103565,クラウンプリンセス,2004103160,スペシャルウィーク,1995103211,吉田照哉,社台ファーム,220.0,2011.0,2004.0,1995.0
2020101640,ダックダイヴ,牝,堀宣行,,ブラックタイド,2001103312,ハマヒルガオ,2013106105,クロフネ,1998110135,金子真人ホールディングス,白井牧場,220.0,2001.0,2013.0,1998.0
2020100964,リノメリア,牝,石坂公一,,ハービンジャー,000a011996,ウィズザフロウ,2009106316,アグネスタキオン,1998101516,ライオンレースホース,エクセルマネジメント,220.0,2006.0,2009.0,1998.0
2020100900,ピーシャ,牝,福永敏,,サトノダイヤモンド,2013106101,シヤボナ,000a01152e,Kingmambo,000a001d7e,中辻明,バンブー牧場,220.0,2013.0,2005.0,1990.0
2020100730,ブルーライトルナ,牝,大橋勇樹,,ビッグアーサー,2011103328,タワーライトブルー,2003103881,アグネスタキオン,1998101516,高昭牧場,高昭牧場,220.0,2011.0,2003.0,1998.0
2020101322,アニモミホ,牝,織田誠,,レーヴミストラル,2012104929,ウイングパラダイス,2011102529,メイショウサムソン,2003102205,沖田方子,沖田牧場,219.7,2012.0,2011.0,2003.0
2020106450,メイショウオジマ,牡,大島静夫,,ダノンバラード,2008103548,スイートストームクリーク,000a010b66,Storm Creek,000a01074a,ＪＰＮ技研,斉藤英牧場,219.5,2008.0,2000.0,1993.0
2020106140,イーストウェイ,牝,堀千亜樹,,ジャスタウェイ,2009106461,フラムドール,2007102819,フレンチデピュティ,000a00013a,蛭川年明,様似渡辺牧場,219.5,2009.0,2007.0,1992.0
2020109151,サツマハヤト,牡,東眞市,,ケイムホーム,000a0108d1,ハンマークラビア,2011104020,ゼンノロブロイ,2000101517,内山啓,釘田義美,219.3,1999.0,2011.0,2000.0
2020106065,ワラッテユルシテ,牝,三小田幸,,アメリカンペイトリオット,000a013bba,タイコ,2016103315,ヴィクトワールピサ,2007102923,古倉正一,芳住鉄兵,219.3,2013.0,2016.0,2007.0
2020105386,マサノミモザ,牝,竹下直人,,メイショウボーラー,2001100650,モエレカバーガール,2004103294,フレンチデピュティ,000a00013a,中村時子,大作ステーブル,219.3,2001.0,2004.0,1992.0
2020102025,コリレーション,牡,矢野義幸,,フリオーソ,2004106867,シャルロットノアル,2004102847,フジキセキ,1992109618,石瀬丈太郎,原田ファーム,219.0,2004.0,2004.0,1992.0
2020105045,カナード,牡,林幻,,レッドファルクス,2011104416,チャメ,2007104105,ホワイトマズル,1990109700,内海雅之,イワミ牧場,218.6,2011.0,2007.0,1990.0
2020104305,ルクスグラシャス,牝,山田和久,,デクラレーションオブウォー,000a0136f6,スマートニンバス,2014104381,スマートファルコン,2005100097,遠藤喜和,静内山田牧場,218.5,2009.0,2014.0,2005.0
2020105344,ジュエルス,牝,村上頼章,,シャンハイボビー,000a0127e4,アルテシア,2002100615,サンデーサイレンス,000a00033a,北浦博樹,武田牧場,218.0,2010.0,2002.0,1986.0
2020102408,ウォーゲーム,牡,加藤和義,,デクラレーションオブウォー,000a0136f6,エナジーワイルド,2005101769,カリズマティック,000a00fa33,蔵野高,阿部栄乃進,217.6,2009.0,2005.0,1996.0
2020102358,スノウドレス,牝,鮫島克也,,トゥザワールド,2011103975,ドレスアップ,2012100952,スウェプトオーヴァーボード,000a00fa34,重松国建,横井哲,217.5,2011.0,2012.0,1997.0
2020104234,オトメノワルツ,牝,玉井勝,,ベストウォーリア,2010110127,レッドクリフ,2009103617,タップダンスシチー,1997110043,（株）ＩＴＦ,サンコウ牧場,217.0,2010.0,2009.0,1997.0
2020100853,ダバイマリーンズ,牡,北村欣也,,ベストウォーリア,2010110127,スプリングタイムロマンス,000a0111be,Kris S.,000a0016f2,（株）本城,東栄牧場,216.9,2010.0,2001.0,1977.0
2020105065,ゴールドジェンマ,牝,佐々木国,,ディスクリートキャット,000a0113a1,ダラーバックス,2009106102,ネオユニヴァース,2000101426,迎徹,大狩部牧場,216.6,2003.0,2009.0,2000.0
2020104063,ジーエイチグールド,牡,鋤田誠二,,ワールドエース,2009106353,エバレット,2012109102,ヴァーミリアン,2002100877,清水弘美,神垣道弘,216.5,2009.0,2012.0,2002.0
2020104365,リリーブースター,牡,藤田正治,,サトノアラジン,2011104063,シンコームーン,2009101871,フォーティナイナーズサン,000a011227,（株）ファーストビジ,高橋ファーム,216.4,2011.0,2009.0,2001.0
2020107078,エニシャル,牝,川添明弘,,キンシャサノキセキ,2003110212,オンワードミシェル,2000100322,アンバーシャダイ,1977103827,（株）アプエンテ,浜本牧場,215.3,2003.0,2000.0,1977.0
2020103600,ムンドエルモソ,牝,澤佳宏,,ハービンジャー,000a011996,ベルダム,2014106045,ディープインパクト,2002100816,山本又一郎,ノーザンファーム,215.0,2006.0,2014.0,2002.0
2020106506,コンスタンス,牡,坂本昇,,バゴ,2001190004,ジーシスター,2012105224,ジャングルポケット,1998101786,矢口龍彦,惣田英幸,214.7,2001.0,2012.0,1998.0
2020105466,キングフォーチュン,牡,阿井正雄,,バゴ,2001190004,シルクヴェルサイユ,2008104712,スペシャルウィーク,1995103211,横田一男,中本牧場,214.5,2001.0,2008.0,1995.0
2020105096,セオグランジ,牡,井手上慎,,ルーラーシップ,2007103143,パイシーズ,2008104319,フジキセキ,1992109618,増田兼良,オリエント牧場,214.3,2007.0,2008.0,1992.0
2020105004,ルンメニゲ,牡,松島寿,,モンテロッソ,000a011b05,イエスマイダーリン,2007105905,キングカメハメハ,2001103460,三岡陽,安達牧場,214.0,2007.0,2007.0,2001.0
2020103371,エルダーサイン,牝,新開幸一,,ハーツクライ,2001103038,コンドコマンド,000a012f06,Tiz Wonderful,000a011c23,サンデーレーシング,ノーザンファーム,214.0,2001.0,2012.0,2004.0
2020102839,デルレイビーチ,牝,藤田正治,,キズナ,2010105827,クーデンビーチ,000a011a60,パントレセレブル,000a000271,鈴木道隆,社台ファーム,213.7,2010.0,2000.0,1994.0
2020101202,ビュウティマドンナ,牝,関本浩司,,エスポワールシチー,2005102837,ゼリービーン,2000101824,タイキシャトル,1994109686,高橋悦彌,厚賀古川牧場,213.7,2005.0,2000.0,1994.0
2020110056,ロマンスオーサー,牡,伊藤和忍,,Iffraaj,000a0111d1,Agathonia,000a01bbfa,Street Cry,000a0103ba,鈴木智明,Godolphin,213.6,2001.0,2014.0,1998.0
2020103972,ポアゾンシップ,牡,北野真弘,,ポアゾンブラック,2009102733,マジカルビアンカ,2010106108,アドマイヤジャパン,2002102324,村上憲政,岡田猛,213.6,2009.0,2010.0,2002.0
2020100263,ビーチブルース,牡,菅原欣也,,マジェスティックウォリアー,000a011e9c,ビキニクィーン,2010103895,キングヘイロー,1995104427,井上久光,田中春美,213.6,2005.0,2010.0,1995.0
2020104445,エミープライム,牝,中西達也,,メイショウボーラー,2001100650,ハナズクリーム,2014102538,ブラックタイド,2001103312,今井優,谷藤弘美,213.5,2001.0,2014.0,2001.0
2020105841,ララプロフォン,牡,坂口智康,,ドゥラメンテ,2012104511,クイーンオブトロイ,000a012f9c,Storm Cat,000a001a98,フジイ興産,北星村田牧場,213.0,2012.0,2007.0,1983.0
2020103406,シトラスタイム,牝,大島静夫,,ドレフォン,000a013b82,シルバーポジー,2013106027,クロフネ,1998110135,奥寺毅己,ノーザンファーム,213.0,2013.0,2013.0,1998.0
2020104112,リワードノンノ,牝,宇野木博,,レッドファルクス,2011104416,ゴールドフェスタ,2008110014,Medaglia d'Oro,000a010a65,宮崎忠比古,グランド牧場,212.5,2011.0,2008.0,1999.0
2020103782,ポッドウィズダム,牡,鈴木啓之,,マジェスティックウォリアー,000a011e9c,デリケートアーチ,2009105873,アフリート,000a000013,小川眞査雄,レイクヴィラファーム,212.5,2005.0,2009.0,1984.0
2020101253,シアトルフォンテン,牡,矢内博,,ベーカバド,000a011dc0,ハニーフォンテン,2011101246,ステイゴールド,1994108729,吉橋興生,新井弘幸,212.5,2007.0,2011.0,1994.0
2020101565,タイムパトロール,牝,山口竜一,,モーリス,2011100655,ジェラスキャット,000a013861,Tapit,000a011248,組）志士十二組合,下河辺牧場,212.4,2011.0,2011.0,2001.0
2020110089,クリプティクコード,牡,新田守,,Churchill,000a0137af,Veiled Intrigue,000a01bc06,Pastoral Pursuits,000a01bbdd,谷謙介,Gerry Flannery Developments Ltd,212.3,2014.0,2011.0,2001.0
2020101072,エチゴノウタゲ,牝,山本学,,ルーラーシップ,2007103143,ジョーダンエース,2015101416,エイシンフラッシュ,2007102951,渡辺敏道,清水牧場,212.0,2007.0,2015.0,2007.0
2020102079,スペースアギト,牡,松本隆宏,,ダノンレジェンド,2010110102,トゥモローズライト,2006105267,アフリート,000a000013,平井裕,広富牧場,211.6,2010.0,2006.0,1984.0
2020101654,シールドメイデン,牝,酒井一則,,ベストウォーリア,2010110127,サイモンパルフェ,2010106547,ゼンノロブロイ,2000101517,小林裕典,白瀬盛雄,211.5,2010.0,2010.0,2000.0
2020100571,アワーストーリー,牝,堀場裕充,,ラブリーデイ,2010104298,マダムストーリー,2014106389,ストリートセンス,000a0113a2,福岡隆史,市川ファーム,211.4,2010.0,2014.0,2004.0
2020106985,ケレンシア,牝,川添明弘,,モンテロッソ,000a011b05,ラノララク,2010102239,オレハマッテルゼ,2000101550,（株）アプエンテ,ミルファーム,211.3,2007.0,2010.0,2000.0
2020106695,ロギッシュ,牝,井樋一也,,ルーラーシップ,2007103143,サトノサンシャイン,2013105573,ステイゴールド,1994108729,大塚亮一（株）,ディアレストクラブ,211.0,2007.0,2013.0,1994.0
2020101263,イマキバラ,牝,田島寿一,,ダノンバラード,2008103548,マイネグラティア,2011106369,ネオユニヴァース,2000101426,廣瀬由一,荒井ファーム,211.0,2008.0,2011.0,2000.0
2020102748,オーガニックリーチ,牡,吉田司,,リーチザクラウン,2006102923,アルヴァーダ,000a010abc,エルナンド,1990109706,古川忠一,社台ファーム,210.7,2006.0,2000.0,1990.0
2020104507,ウェディングブーケ,牝,平山真希,,キズナ,2010105827,パールウェディング,2015110071,Tapit,000a011248,（同）ＪＰＮ技研,千代田牧場,210.6,2010.0,2015.0,2001.0
2020104929,エースフラワー,牝,玉井等,,ヤマカツエース,2012102774,テレキネシス,2011103609,ダイワメジャー,2001103114,廣川正之,山際智,210.5,2012.0,2011.0,2001.0
2020102699,エッセンシャリティ,牝,塚田隆男,,マインドユアビスケッツ,000a01392e,ピュリティゴールド,2014105286,ゴールドアリュール,1999106689,山口謙太郎,社台コーポレーション白老ファーム,210.4,2013.0,2014.0,1999.0
2020104539,モンテナルス,牝,新田守,,トーセンラー,2008102985,ワスレナグサ,2005100600,アグネスデジタル,1997110025,安彦公一,千代田牧場,210.1,2008.0,2005.0,1997.0
2020104598,ショウナンアウリイ,牝,土井道隆,,ショウナンカンプ,1998102595,ショウナンガーデン,2008102015,クロフネ,1998110135,酒井孝敏,西村牧場,210.0,1998.0,2008.0,1998.0
2020104493,ヒャクマンボルト,牡,雑賀正光,,サトノアラジン,2011104063,ダノンジュエル,2012103170,キングカメハメハ,2001103460,小菅誠,千代田牧場,210.0,2011.0,2012.0,2001.0
2020100460,ローツェ,牝,中尾秀正,,アジアエクスプレス,2011110091,マウンテンウーマン,000a0123d8,モンジュー,1996190001,グリーンスウォード,三石川上牧場,210.0,2011.0,2008.0,1996.0
2020100324,グリーミージュエル,牝,中西達也,,フェノーメノ,2009106599,エーシンシャイナー,2010104635,グラスワンダー,1995108676,ウエスト．フォレスト．ステイブル,信田牧場,210.0,2009.0,2010.0,1995.0
2020101016,イリゼリヴァージュ,牝,矢野久美,,ベストウォーリア,2010110127,グレイスフルアート,2012104531,ダイワメジャー,2001103114,星野裕光,赤石牧場,209.8,2010.0,2012.0,2001.0
2020102000,ステラメテオール,牝,尾原強,,マジェスティックウォリアー,000a011e9c,キネオマドンナ,2011104415,クロフネ,1998110135,（株）ＴＫＫ,ノースガーデン,208.8,2005.0,2011.0,1998.0
2020102160,フェリスクララ,牝,川西毅,,スクリーンヒーロー,2004103328,サンメンフィス,2011106482,マイネルセレクト,1999107196,高樽秀夫,豊洋牧場,208.7,2004.0,2011.0,1999.0
2020101415,マリノルルワ,牝,大島静夫,,ノヴェリスト,000a012230,クラウンイヴ,2011100216,ブラックタイド,2001103312,サンエツ企画（有）,クラウン日高牧場,208.3,2009.0,2011.0,2001.0
2020104406,セイウンカノープス,牡,宮本博,,デクラレーションオブウォー,000a0136f6,ムツミマーベラス,2007100455,マーベラスサンデー,1992103687,西山茂行,田中裕之,208.0,2009.0,2007.0,1992.0
2020104001,フジリョウエイ,牡,打越勇児,,サトノクラウン,2012104668,フジキラメキ,2009101822,ゼンノロブロイ,2000101517,荒木誠,岡田牧場,208.0,2012.0,2009.0,2000.0
2020101753,エスケンシャトル,牡,本間忍,,エスケンデレヤ,000a012cc0,セトノフラッパー,2010103932,タイキシャトル,1994109686,橋本忠雄,滝本健二,208.0,2007.0,2010.0,1994.0
2020104965,サウザンセーラ,牝,立花貢,,パイロ,000a01176a,クラシックセーラ,2011102291,キングカメハメハ,2001103460,尾中直也,坂戸節子,207.8,2005.0,2011.0,2001.0
2020107056,スマイルドロップ,牝,岩崎真樹,,ディスクリートキャット,000a0113a1,シルクスパイシー,1999100581,ダンシングブレーヴ,000a0000cc,阿部憲三,田原橋本牧場,207.0,2003.0,1999.0,1983.0
2020104481,ウルトラシー,牡,雑賀正光,,ダンカーク,000a012185,シャンパントパーズ,2010102984,ワイルドラッシュ,000a0003a1,小菅誠,千代田牧場,207.0,2006.0,2010.0,1994.0
2020101363,カウノスライト,牡,田辺陽一,,サトノアラジン,2011104063,カーリア,000a011177,Carson City,000a001e7d,高橋文男,賀張三浦牧場,206.5,2011.0,2002.0,1987.0
2020104963,ラブモンテー,牝,今津勝之,,モンテロッソ,000a011b05,ラブカテリーナ,2013101767,オレハマッテルゼ,2000101550,小出水正男,奥山牧場,206.3,2007.0,2013.0,2000.0
2020101360,ローズミカ,牝,酒井一則,,ニシケンモノノフ,2011105438,ローズプラネット,2010100315,フレンチデピュティ,000a00013a,阿部博憲,賀張中川牧場,206.3,2011.0,2010.0,1992.0
2020106757,セイマスタング,牡,米田英世,,アドマイヤムーン,2003102991,エタンスラント,2012100709,コンデュイット,2005190006,金田成基,中脇満,206.0,2003.0,2012.0,2005.0
2020105703,マルカンレインボー,牝,高橋優子,,レインボーライン,2013106183,レッドアンジェリカ,2008102747,サクラバクシンオー,1989108341,斉藤勘介,浜口牧場,206.0,2013.0,2008.0,1989.0
2020106404,ヴェッキオカズマ,牡,東美義,,ドレフォン,000a013b82,フラワーファースト,2013105790,ネオユニヴァース,2000101426,（同）ＪＰＮ技研,杵臼牧場,205.6,2013.0,2013.0,2000.0
2020103752,アスターフラッペ,牝,原口次夫,,エピファネイア,2010104155,ピュアノアール,2012103910,ブラックタイド,2001103312,加藤久枝,橋本牧場,205.6,2010.0,2012.0,2001.0
2020104584,タイムオブリンリ,牡,池田忠好,,ヴァンセンヌ,2009106525,サマーフェアリー,2010104545,ゴールドアリュール,1999106689,吉武章,西川富岡牧場,205.5,2009.0,2010.0,1999.0
2020102029,マリンビッグボス,牡,金田一昌,,ミッキーロケット,2013106099,ミスチバスペニー,2003106681,テイエムオペラオー,1996100292,川添裕起,原田ファーム,205.5,2013.0,2003.0,1996.0
2020110049,デイタム,牡,桜田康二,,Harry Angel,000a01a8a2,Dalamar,000a01bbee,モンジュー,1996190001,星野隆男,S.C.E.A. Team Hogdala France et al,205.2,2014.0,2012.0,1996.0
2020105366,タカラアーサー,牡,菅原欣也,,ビッグアーサー,2011103328,タカラジャンヌ,2011104884,ヨハネスブルグ,000a0103b9,村山義男,大栄牧場,205.1,2011.0,2011.0,1999.0
2020101877,イクノマゴムスメ,牝,内田勝義,,ハクサンムーン,2009102527,トマトーマ,2016106419,ローエングリン,1999106738,小林篤,チャンピオンズファーム,204.5,2009.0,2016.0,1999.0
2020106529,エイシンネムス,牡,藤ヶ崎一,,エーシントップ,2010110058,エーシンチェロキー,2008101269,ディープインパクト,2002100816,北澤信,多田善弘,204.0,2010.0,2008.0,2002.0
2020105503,ポルトボヌール,牝,矢内博,,サトノクラウン,2012104668,レッドクラリス,2011104431,ハーツクライ,2001103038,岩渕哲雄,中山高鹿康,204.0,2012.0,2011.0,2001.0
2020105036,ルーシッドドリーム,牝,高橋清顕,,バトルプラン,000a0118e8,ホープフルドリーム,2010105318,バゴ,2001190004,今中俊平,石田牧場,204.0,2005.0,2010.0,2001.0
2020105563,タカイチキズナ,牝,藪口一麻,,キズナ,2010105827,ジョディーズライン,2007103074,クロフネ,1998110135,高橋一郎,新冠橋本牧場,203.5,2010.0,2007.0,1998.0
2020104779,ジャッドノワール,牝,新田守,,キタサンブラック,2012102013,エアブリエ,2005102214,エアエミネム,1998110210,谷謙介,藤原牧場,203.4,2012.0,2005.0,1998.0
2020103940,ダンスベルレーヌ,牝,荒木道哉,,リオンディーズ,2013105915,ヘレナモルフォ,2009102309,ジャングルポケット,1998101786,内山一郎,岡田スタッド,203.3,2013.0,2009.0,1998.0
2020104433,サクラマイウェイ,牡,矢野久美,,ジャスタウェイ,2009106461,セダンフォーグッド,2010106289,アグネスタキオン,1998101516,三岡有香,谷岡牧場,203.2,2009.0,2010.0,1998.0
2020106223,ロゴマジック,牡,武市康男,,ロゴタイプ,2010103783,エボニーアイボリー,2014105550,ファルブラヴ,1998190004,坂巻勝彦,浦河小林牧場,203.0,2010.0,2014.0,1998.0
2020100242,テーオーレーズン,牝,小牧毅,,デクラレーションオブウォー,000a0136f6,ママアルパ,2011103790,タニノギムレット,1999100226,小笹公也,タガミファーム,203.0,2009.0,2011.0,1999.0
2020105820,ロドレッタ,牝,坂口義幸,,サトノクラウン,2012104668,グローリアスイリス,2014100299,メイショウサムソン,2003102205,吉橋英隆,ホース・マネジメント・ボス,202.6,2012.0,2014.0,2003.0
2020103185,マーゴットミトス,牡,橘友和,,サトノクラウン,2012104668,アイムユアドリーム,2011104001,フジキセキ,1992109618,前田良平,ノーザンファーム,202.6,2012.0,2011.0,1992.0
2020103551,フェアリーピコ,牝,大島静夫,,キンシャサノキセキ,2003110212,ピュアブリーゼ,2008103279,Monsun,000a010db6,北原大史,ノーザンファーム,202.4,2003.0,2008.0,1990.0
2020104004,マルティーナ,牝,寺地誠一,,デクラレーションオブウォー,000a0136f6,ベストコレクション,2011101794,フォーティナイナーズサン,000a011227,角山喜信,岡田牧場,202.2,2009.0,2011.0,2001.0
2020110003,エリカボニータ,牝,伊藤圭三,,Justify,000a013f2d,カレドニアロード,000a01a81b,Quality Road,000a011cff,三木正浩,Grand Bokujo,202.0,2015.0,2015.0,2006.0
2020104408,ガンマハーベ,牡,小野寺晋,,エスケンデレヤ,000a012cc0,レイクメリット,2006102914,ネオユニヴァース,2000101426,（有）ジェムインター,田中裕之,202.0,2007.0,2006.0,2000.0
2020102293,オウユーナッシング,牝,真島元徳,,ビッグアーサー,2011103328,ディープスノー,2008104247,ディープインパクト,2002100816,三岡陽,門別牧場,202.0,2011.0,2008.0,2002.0
2020100067,レインシュプリーム,牡,矢野久美,,サトノクラウン,2012104668,グルーヴィクイーン,2008103090,キングカメハメハ,2001103460,小橋亮太,折手牧場,201.7,2012.0,2008.0,2001.0
2020105904,ロケッツアン,牡,錦見勇夫,,ミッキーロケット,2013106099,アンナヴァン,2001103430,エンドスウィープ,000a00010f,森田裕樹,的場牧場,201.4,2013.0,2001.0,1991.0
2020100293,スターオブボニータ,牡,嶋田幸晴,,イスラボニータ,2011103565,メンフィスガール,2002110072,サンダーガルチ,000a00035c,光安了,土田ファーム,201.0,2011.0,2002.0,1992.0
2020106541,カナデル,牝,酒井一則,,ベストウォーリア,2010110127,レディストレイツ,2003110002,モンジュー,1996190001,瀬戸竜男,田中スタッド,200.7,2010.0,2003.0,1996.0
2020101800,アトミックナンバー,牡,沖田明子,,タリスマニック,000a013425,カトゥーンバ,000a01142b,Forest Wildcat,000a0021d8,シグラップ・マネジメ,ダーレー・ジャパン・ファーム,200.6,2013.0,2004.0,1991.0
2020105593,ヤマニンドナティ,牡,川島雅人,,ダイワメジャー,2001103114,ヤマニンギモーヴ,2007104727,アグネスデジタル,1997110025,土井久美子,錦岡牧場,200.3,2001.0,2007.0,1997.0
2020106190,トップガン,牡,今津勝之,,ノヴェリスト,000a012230,リメンバーメジロ,2010103615,メジロベイリー,1998101457,芹澤精一,山口幸雄,200.2,2009.0,2010.0,1998.0
2020100557,ボルドーユニコーン,牝,長谷川忍,,スマートファルコン,2005100097,フジワンキララ,2014105231,スウェプトオーヴァーボード,000a00fa34,シグラップ・マネジメ,秋場牧場,200.1,2005.0,2014.0,1997.0
2020109139,ヒイズル,牝,井樋明正,,スクワートルスクワート,000a000da4,エシャペ,2005101653,ゼンノエルシド,1997110179,吉田哲,吉野政敏,200.0,1998.0,2005.0,1997.0
2020105461,キージョーカー,牡,川西毅,,シャンハイボビー,000a0127e4,キークッキー,2010100617,フサイチコンコルド,1993109220,北前孔一郎,中本牧場,200.0,2010.0,2010.0,1993.0
2020103504,ラスターブラスター,牡,宗像義忠,,リアルインパクト,2008103244,トップライナーII,000a011e13,サンダーガルチ,000a00035c,薗部博之,ノーザンファーム,200.0,2008.0,2002.0,1992.0
2020102567,フラワートゥループ,牝,高橋義忠,,ジャスタウェイ,2009106461,チェリーフォレスト,2003102455,サクラバクシンオー,1989108341,吉田晴哉,追分ファーム,200.0,2009.0,2003.0,1989.0
2020102214,モズマンマミーヤ,牝,栗本陽一,,グランプリボス,2008103388,モズマッテタワ,2010105235,オレハマッテルゼ,2000101550,三峰誠植,前野牧場,200.0,2008.0,2010.0,2000.0
2020101603,ダンスクラブ,牡,斎藤誠,,コパノリッキー,2010106548,ラウンドダンス,2004105660,アフリート,000a000013,村野康司,下河辺牧場,200.0,2010.0,2004.0,1984.0
2020100220,マルケイヴェラ,牝,石川栄,,リアルインパクト,2008103244,ポッドフィズ,2012109114,エンパイアメーカー,000a010542,熊谷清則,下屋敷牧場,200.0,2008.0,2012.0,2000.0
2020106725,コールマン,牡,大橋敬永,,キンシャサノキセキ,2003110212,サーリセルカ,2005102176,ウォーエンブレム,000a00fa35,廣瀬普,富田牧場,199.9,2003.0,2005.0,1999.0
2020102783,ストームインレース,牡,赤嶺本浩,,ディスクリートキャット,000a0113a1,エイブルインレース,2006103047,フジキセキ,1992109618,谷謙介,社台ファーム,199.5,2003.0,2006.0,1992.0
2020104158,コクセンプウ,牡,石川栄,,モーリス,2011100655,マイネアンティーク,2009106193,サクラバクシンオー,1989108341,Ｉレーシング（株）,今牧場,199.2,2011.0,2009.0,1989.0
2020105783,ゲットザナック,牝,三小田幸,,ゴールドシップ,2009102739,マイネシャローナ,2002103588,コマンダーインチーフ,000a0000b0,北原大史,ビッグレッドファーム,199.1,2009.0,2002.0,1990.0
2020101187,シャイニーゼネラル,セ,晴山厚司,,ベーカバド,000a011dc0,ブライティアトップ,2009102097,スペシャルウィーク,1995103211,小林昌志,雅牧場,199.0,2007.0,2009.0,1995.0
2020105280,トゥインクルナイト,牝,宇都英樹,,カレンブラックヒル,2009106230,ネオヴェリーベリー,2006102944,ホワイトマズル,1990109700,田頭勇貴,シンユウファーム,198.7,2009.0,2006.0,1990.0
2020105850,ミツカネアース,牡,金田一昌,,ヘニーヒューズ,000a011155,ナスカザン,2012101815,ダイワメジャー,2001103114,小山田満,細川農場,198.2,2003.0,2012.0,2001.0
2020100063,スターオブデイズ,牝,池田忠好,,エイシンフラッシュ,2007102951,イノセントデイズ,2014101102,ダイワメジャー,2001103114,光安了,小野秀治,197.9,2007.0,2014.0,2001.0
2020101266,ダイヤプリーモ,牝,成田明,,ゴールドシップ,2009102739,レッツグルーヴ,2010103877,フレンチデピュティ,000a00013a,諸岡慶,荒井ファーム,197.5,2009.0,2010.0,1992.0
2020100097,ユメウララ,牝,真島正徳,,ベストウォーリア,2010110127,ユメウメサクラ,2012102264,マイネルセレクト,1999107196,瓜生和彦,加野牧場,196.6,2010.0,2012.0,1999.0
2020106268,ジャストビリーヴ,牡,木村健,,エイシンヒカリ,2011101273,エイシンルキア,2014103053,グラスワンダー,1995108676,（有）内田ステーブル,栄進牧場,196.5,2011.0,2014.0,1995.0
2020101735,マリンモンシェリ,牡,別府真司,,エスポワールシチー,2005102837,ハギノアップラウゾ,2008104825,キングカメハメハ,2001103460,川添裕起,高藤茂,196.5,2005.0,2008.0,2001.0
2020103596,ダフィネ,牝,田中淳司,,キタサンブラック,2012102013,ベットーレ,000a0139a1,Blu Air Force,000a01289c,ＮＩＣＫＳ,ノーザンファーム,196.4,2012.0,2009.0,1997.0
2020105027,プライムレコード,牡,中道啓二,,ヴァンセンヌ,2009106525,ドリームノート,2011102198,ディープスカイ,2005101358,西田順彦,飯島功典,196.0,2009.0,2011.0,2005.0
2020104337,ラルガンド,牡,米谷康秀,,ストロングリターン,2006102934,ショウリダバンザイ,2007106452,プリサイスエンド,000a00fe9b,ＫＡＪＩＭＯＴＯホールディングス,タイヘイ牧場,196.0,2006.0,2007.0,1997.0
2020100799,カリーナアンジェロ,牝,佐藤雅彦,,エピファネイア,2010104155,ラブジュリエット,2009101145,フサイチコンコルド,1993109220,鮫川啓一,鮫川啓一,195.9,2010.0,2009.0,1993.0
2020102652,レガント,セ,櫻井今朝,,ルーラーシップ,2007103143,コーディリア,2009106585,シンボリクリスエス,1999110099,西岡透,社台コーポレーション白老ファーム,195.8,2007.0,2009.0,1999.0
2020106207,メイショウアダーラ,牝,加藤和宏,,フリオーソ,2004106867,メイショウセレーノ,2015103360,アイルハヴアナザー,000a011ed3,（株）ファーストビジ,赤田牧場,195.6,2004.0,2015.0,2009.0
2020101595,サンフェリーチェ,牝,及川良春,,トーセンラー,2008102985,プレシャスライン,2008105588,キングカメハメハ,2001103460,大黒富美子,下河辺牧場,195.6,2008.0,2008.0,2001.0
2020106840,アイアムロージー,牝,川添明弘,,ビッグアーサー,2011103328,アイアムビューティ,2014101538,ディープインパクト,2002100816,インターフェース（同,まるとみ冨岡牧場,195.1,2011.0,2014.0,2002.0
2020110054,メレク,牡,斉藤崇史,,Frankel,000a01239b,Lily's Angel,000a01bbf7,Dark Angel,000a0122b4,ゴドルフィン,Phillistown House Ltd,195.0,2008.0,2009.0,2005.0
2020104048,サンドロップ,牝,伊藤伸一,,ザサンデーフサイチ,2004102855,グランドウイズダム,2013103247,キングカメハメハ,2001103460,田畑利彦,片岡博,195.0,2004.0,2013.0,2001.0
2020102613,トキメキパラダイス,牝,矢内博,,サトノクラウン,2012104668,ガルノーヴァ,2012101944,スタチューオブリバティ,000a0109d5,横田一男,桑原牧場桑原康裕,195.0,2012.0,2012.0,2000.0
2020104431,ラストカノン,牝,佐々木国,,シャンハイボビー,000a0127e4,サクラフーガ,2003105239,サクラローレル,1991103498,谷岡康成,谷岡牧場,194.6,2010.0,2003.0,1991.0
2020101482,シェナグローリー,牝,冨田敏男,,ラニ,2013110045,タッチブライト,2006106161,サウスヴィグラス,1996110138,冨田藤男,坂田牧場,194.5,2013.0,2006.0,1996.0
2020102144,サンマルマインド,牝,山田徹,,マインドユアビスケッツ,000a01392e,グランゼコール,2015101604,ステイゴールド,1994108729,相馬勇,ベルサイユステーブル,194.2,2013.0,2015.0,1994.0
2020105812,ベガス,牡,的場直之,,ホッコータルマエ,2009100921,カゼノサファイア,2010106157,スパイキュール,2000101557,平本敏夫,プログレスファーム,194.0,2009.0,2010.0,2000.0
2020102986,ルーフォン,牝,植松則幸,,ドレフォン,000a013b82,パンズラビリンス,2011104153,メイショウサムソン,2003102205,伊藤雅康,社台ファーム,193.7,2013.0,2011.0,2003.0
2020107201,エイピーフローネ,牝,胡本友晴,,マジェスティックウォリアー,000a011e9c,ダイイチサクラ,2000107664,サンデーサイレンス,000a00033a,（株）ＭＭＣ,大道牧場,193.5,2005.0,2000.0,1986.0
2020102566,サーキュレイト,牡,地辺幸一,,Curlin,000a011734,ソワー,000a01591f,Flatter,000a010d05,（株）ファーストビジ,追分ファーム,193.5,2004.0,2015.0,1999.0
2020100833,サウスシーパール,牡,藤田正治,,ゴールドアクター,2011105266,レッドペルル,2012106319,ディープインパクト,2002100816,小橋亮太,大北牧場,193.5,2011.0,2012.0,2002.0
2020106175,ペイシャマカロン,牝,栗本陽一,,ガルボ,2007101163,リサプシュケ,2011102993,ワイルドラッシュ,000a0003a1,福永實,高村伸一,193.1,2007.0,2011.0,1994.0
2020103506,スカイラー,牝,国枝栄,,Saxon Warrior,2015100991,トレジャリング,000a014f48,Havana Gold,000a0148fc,エムズレーシング,ノーザンファーム,193.0,2015.0,2015.0,2010.0
2020103264,コチョウラン,牝,蛯名正義,,エピファネイア,2010104155,ヴェルザンディ,2005102477,アグネスタキオン,1998101516,キーファーズ,ノーザンファーム,193.0,2010.0,2005.0,1998.0
2020104603,クレンジングナイト,牡,斎藤雄一,,ラブイズブーシェ,2009101075,フルオブラヴ,2012104383,チチカステナンゴ,000a011135,小林祐介,西村牧場,192.9,2009.0,2012.0,1998.0
2020106520,モズフェアリー,牝,北野真弘,,グランプリボス,2008103388,モズラコルタ,2013105849,ヴィクトワールピサ,2007102923,村田裕子,高野牧場,192.6,2008.0,2013.0,2007.0
2020105777,フクシマブルース,牝,石川浩文,,ゴールドシップ,2009102739,マイネヴァリエンテ,2011105186,コンデュイット,2005190006,西本資史,ビッグレッドファーム,192.6,2009.0,2011.0,2005.0
2020105453,レインボーグレース,牝,小村正也,,レインボーライン,2013106183,グレースドナヒュー,2012106430,キンシャサノキセキ,2003110212,（株）ＴＫＫ,中地義次,192.6,2013.0,2012.0,2003.0
2020105515,ニシケンバリー,牡,細川忠義,,ニシケンモノノフ,2011105438,ワンモアアリュール,1997105085,ジェイドロバリー,000a0001a7,神岡俊行,長浜秀昭,192.5,2011.0,1997.0,1987.0
2020104559,フリースタイル,牝,畑端省吾,,コパノリッキー,2010106548,イマスグキスミー,2011104439,ジャングルポケット,1998101786,小林照弘,泊寿幸,192.5,2010.0,2011.0,1998.0
2020102395,マルゴットバナナ,牝,小野寺晋,,スノードラゴン,2008104268,ヒシストーミイ,2010110041,Stormy Atlantic,000a010b85,大塚謹吾,若林順一,192.5,2008.0,2010.0,1994.0
2020101241,ウルフヴェローチェ,牡,工藤裕孝,,バゴ,2001190004,スーパールミナル,2012106132,ゼンノロブロイ,2000101517,元持久勝,新井昭二,192.3,2001.0,2012.0,2000.0
2020104151,ヒルデブランド,牡,菅原欣也,,リオンディーズ,2013105915,サトノジェイド,2011110001,Cape Cross,000a0022ae,安部重夫,今牧場,192.1,2013.0,2011.0,1994.0
2020102054,フィオーレシチー,牡,田中伸一,,ジャスタウェイ,2009106461,フルールシチー,2011100790,サクラバクシンオー,1989108341,高石寿夫,日高大洋牧場,191.8,2009.0,2011.0,1989.0
2020100109,ヒラトミッチー,牝,村上実,,ゴールドシップ,2009102739,トゥルビネ,2012104897,クロフネ,1998110135,茂木国久,木田牧場,191.7,2009.0,2012.0,1998.0
2020105691,ココマンダリン,牝,瀬戸幸一,,ディープブリランテ,2009105084,ミッキーパール,2007103145,タニノギムレット,1999100226,橋本浩,ハシモトファーム,191.1,2009.0,2007.0,1999.0
2020102074,スクリプタム,牝,小桧山悟,,キズナ,2010105827,グラマトフィラム,2004106091,クロフネ,1998110135,ヒダカ・ブリーダーズ・ユニオン,広富牧場,191.0,2010.0,2004.0,1998.0
2020101975,サバイバルキュート,牝,竹下太,,ロゴタイプ,2010103783,キューガーデン,2010102378,クロフネ,1998110135,小林昭徳,西野春樹,190.9,2010.0,2010.0,1998.0
2020105707,アイワナアイドル,牝,地辺幸一,,バゴ,2001190004,アイワナシーユー,2015105115,ステイゴールド,1994108729,酒井孝敏,パカパカファーム,190.8,2001.0,2015.0,1994.0
2020102149,クリノイシン,牝,笹野博司,,ノヴェリスト,000a012230,クリノクレオパトラ,2011104761,ロージズインメイ,000a010a10,栗本依利子,宝寄山拓樹,190.6,2009.0,2011.0,2000.0
2020101179,シャルプラッテ,牝,栗林徹治,,ファインニードル,2013100612,ラビットファレル,2008106431,アグネスデジタル,1997110025,船越伸也,船越伸也,190.6,2013.0,2008.0,1997.0
2020104100,パープルブロッサム,牝,吉橋淳一,,ラニ,2013110045,バリュアットリスク,2002100602,エルコンドルパサー,1995108742,組）パープルパッチレ,桑嶋峰雄,190.5,2013.0,2002.0,1995.0
2020105576,ヴェルデシチー,牡,村上頼章,,リオンディーズ,2013105915,プリンセスルーシー,000a012524,Strategic Prince,000a01246a,山邉浩,新冠橋本牧場,190.2,2013.0,2010.0,2004.0
2020106339,ヒラボクアルセウス,牡,齋藤雄一,,デクラレーションオブウォー,000a0136f6,ヒラボクスペシャル,2006101873,スペシャルウィーク,1995103211,新田嘉一,鎌田正嗣,190.0,2009.0,2006.0,1995.0
2020101945,タツノプリンセス,牝,田辺陽一,,ストロングリターン,2006102934,プリンセスプライド,2009102791,マンハッタンカフェ,1998101554,三河辰已,中館牧場,190.0,2006.0,2009.0,1998.0
2020102112,マンファスガール,牝,長谷川忍,,トゥザワールド,2011103975,タイムデヴィアス,2009102977,タイムパラドックス,1998101683,今成正美,福山牧場,189.5,2011.0,2009.0,1998.0
2020109032,ハワイアンパレス,牝,小牧毅,,アジアエクスプレス,2011110091,ハワイアンスマイル,2011102096,キングカメハメハ,2001103460,小林量,風ノ丘ファーム,189.4,2011.0,2011.0,2001.0
2020101408,ペプチドカンナ,牝,川嶋弘吉,,ディーマジェスティ,2013104704,ペプチドセマム,2015103011,エンパイアメーカー,000a010542,小松芳子,木村牧場,189.4,2013.0,2015.0,2000.0
2020100943,クリスプエアー,牡,藤ケ崎一,,シャンハイボビー,000a0127e4,フィアマロッサ,2014106092,アイルハヴアナザー,000a011ed3,高井孝二,フクオカファーム,189.4,2010.0,2014.0,2009.0
2020106019,モリデンコーナー,牝,浜田一夫,,トビーズコーナー,000a011fed,マグマヴィーナス,2000106815,カコイーシーズ,1986109001,森田芳男,森田芳男,188.6,2008.0,2000.0,1986.0
2020106394,オンリーラヴ,牝,森田直行,,ブラックタイド,2001103312,スウェプトレジーナ,2004103491,スウェプトオーヴァーボード,000a00fa34,大塚亮一,杵臼牧場,188.4,2001.0,2004.0,1997.0
2020103743,フィールザダイヤ,牡,村上正和,,サトノダイヤモンド,2013106101,フィールザビュウ,2000110184,Distant View,000a002161,櫻井正,平岡牧場,188.2,2013.0,2000.0,1991.0
2020106235,スーサンベガ,牝,鈴木孝志,,ミッキーアイル,2011103916,スーサンゴー,2014103034,ジャングルポケット,1998101786,林千枝子,浦河日成牧場,188.0,2011.0,2014.0,1998.0
2020102981,バーレスク,牝,植松則幸,,パドトロワ,2007102760,ハロックライン,2013105667,キングカメハメハ,2001103460,小橋亮太,社台ファーム,188.0,2007.0,2013.0,2001.0
2020102337,ニシノオスマン,牡,吉田正美,,ドゥラメンテ,2012104511,プルージャ,000a013e82,Sidney's Candy,000a0126c5,冨田藤男,ヤナガワ牧場,188.0,2012.0,2013.0,2007.0
2020100337,グッドラックソング,牝,後藤正義,,ルーラーシップ,2007103143,リンガフランカ,2002100938,サンデーサイレンス,000a00033a,久井直彦,ヒサイファーム,188.0,2007.0,2002.0,1986.0
2020100023,モズミヤビ,牝,新子雅司,,マクフィ,000a011c77,グランプリエンゼル,2006103499,アグネスデジタル,1997110025,北側雅司,上村清志,188.0,2007.0,2006.0,1997.0
2020100899,フォルキュンデス,牝,市村誠,,バンブーエール,2003104100,キューバンリズムII,000a01152a,Kingmambo,000a001d7e,八嶋長久,バンブー牧場,187.5,2003.0,2005.0,1990.0
2020105570,マンスール,牡,晴山厚司,,サトノアラジン,2011104063,バシマー,2003110159,Grand Lodge,000a001f34,倉田吉一郎,新冠橋本牧場,187.1,2011.0,2003.0,1991.0
2020105907,ヤマジュンアジアン,牝,伊藤強一,,アジアエクスプレス,2011110091,ダイヤモンドパール,2009105275,クロフネ,1998110135,山下洵一郎,的場牧場,187.0,2011.0,2009.0,1998.0
2020104930,フォルリスティー,牝,新井清重,,ディーマジェスティ,2013104704,レディクローリス,2001106264,フォーティナイナー,000a000134,八嶋長久,山際智,187.0,2013.0,2001.0,1985.0
2020103112,ヒットザフロント,牝,佐野謙二,,ミッキーアイル,2011103916,レッドシルヴィ,2013105540,ヴィクトワールピサ,2007102923,吉木伸彦,社台ファーム,186.8,2011.0,2013.0,2007.0
2020101449,トラストキンタロウ,牡,吉橋淳一,,ハタノヴァンクール,2009102350,ステイハッピー,2012104004,ステイゴールド,1994108729,菅波雅巳,グッドラック・ファーム,186.5,2009.0,2012.0,1994.0
2020101157,マジカルドラゴン,牝,福永敏,,タリスマニック,000a013425,リンピッドドラゴン,2010110097,ディスクリートキャット,000a0113a1,窪田芳郎,坂東牧場,186.5,2013.0,2010.0,2003.0
2020101744,カシノベンケイ,牡,東美義,,エイシンフラッシュ,2007102951,マヤフィオーレ,2006105783,バブルガムフェロー,1993109219,柏木務,高山博,186.2,2007.0,2006.0,1993.0
2020103872,キラープリンセス,牝,櫻田浩樹,,トゥザワールド,2011103975,ヴィーナスベルト,2013103948,コンデュイット,2005190006,Ｉレーシング（株）,岡田スタッド,186.1,2011.0,2013.0,2005.0
2020103667,シテ,牡,西川敏弘,,エピファネイア,2010104155,ラクアミ,2012104923,ダイワメジャー,2001103114,山本浩司,ノーザンファーム,186.0,2010.0,2012.0,2001.0
2020101291,ヴェローチェ,牝,渡部則夫,,オルフェーヴル,2008102636,ミスパッション,2014105827,ディープブリランテ,2009105084,酒井孝敏,いとう牧場,186.0,2008.0,2014.0,2009.0
2020102696,ノーサンブリア,牝,安部幸夫,,リオンディーズ,2013105915,ヒルダ,2013106014,ダイワメジャー,2001103114,酒井孝敏,社台コーポレーション白老ファーム,185.8,2013.0,2013.0,2001.0
2020100586,ゲッティン,牝,加藤征弘,,パイロ,000a01176a,エビスオール,2005110059,Chief Seattle,000a010bca,ローレルレーシング,恵比寿牧場,185.5,2005.0,2005.0,1997.0
2020100315,シェナカンザシ,牝,冨田敏男,,ベルシャザール,2008103004,ビューティーリヨ,2008103687,ゴールドヘイロー,1997101264,冨田藤男,中橋正,185.5,2008.0,2008.0,1997.0
2020105976,セルリアンミナギル,牡,藤野健太,,ディープブリランテ,2009105084,フレイムコード,2009105355,タヤスツヨシ,1992109612,イクタ,ムラカミファーム,185.1,2009.0,2009.0,1992.0
2020103896,ユールメイキット,牝,三小田幸,,ゴールドシップ,2009102739,ザッツザウェイ,2003104870,フサイチコンコルド,1993109220,北原大史,岡田スタッド,185.1,2009.0,2003.0,1993.0
2020100299,アンフィテアトルム,牡,宮本博,,キズナ,2010105827,コンポステラ,2006110083,エンパイアメーカー,000a010542,ノースヒルズ,土居牧場,185.0,2010.0,2006.0,2000.0
2020100082,アカツキスワロー,牝,倉地学,,フェノーメノ,2009106599,アイファーコラソン,2008100238,スターリングローズ,1997106560,村岡曉憲,加野牧場,184.5,2009.0,2008.0,1997.0
2020100346,シゲルビッグバン,牡,九日俊光,,モーリス,2011100655,ストロベリーズ,2012101554,コマンズ,000a011625,森中啓子,平野牧場,184.4,2011.0,2012.0,1996.0
2020103786,キャリアウーマン,牝,黒木豊,,トーセンラー,2008102985,ピンクリップス,2001103459,エンドスウィープ,000a00010f,小橋亮太,レイクヴィラファーム,183.6,2008.0,2001.0,1991.0
2020109011,エイシンメテオラ,牡,鷹見浩,,エイシンヒカリ,2011101273,モントレーストリート,000a011e07,Candy Ride,000a01132a,吉田勝利,荒谷牧場,183.5,2011.0,2006.0,1999.0
2020101780,キャルドカフェ,牡,沖田明子,,サトノダイヤモンド,2013106101,ミガット,2013106257,マンハッタンカフェ,1998101554,伊賀広志,田端牧場,183.4,2013.0,2013.0,1998.0
2020106227,スターサファイア,牡,尾原強,,トゥザグローリー,2007103265,トシザマキ,2007101248,デュランダル,1999106756,（同）ＪＰＮ技研,浦河小林牧場,183.3,2007.0,2007.0,1999.0
2020101237,コスモビスケッツ,牡,大垣敏夫,,マインドユアビスケッツ,000a01392e,コスモアンダルシア,2010105948,アドマイヤマックス,1999107004,三岡有香,新井昭二,183.1,2013.0,2010.0,1999.0
2020105837,ゴールドスピーダー,牡,柳井宏之,,ホッコータルマエ,2009100921,ジェラテリア,2009103243,フジキセキ,1992109618,池田俊道,北勝ファーム,183.0,2009.0,2009.0,1992.0
2020105109,シェナマリア,牝,吉田正美,,ジャスタウェイ,2009106461,キョウワマリア,2012100172,ハービンジャー,000a011996,冨田藤男,鹿児島国際ゴルフ倶楽部協和牧場,183.0,2009.0,2012.0,2006.0
2020104722,タイセイトリオンフ,牡,後藤佑耶,,デクラレーションオブウォー,000a0136f6,サファーガ,2009106068,アグネスタキオン,1998101516,藤沢澄雄,藤沢牧場,182.9,2009.0,2009.0,1998.0
2020101714,カフネ,牝,手島勝利,,マジェスティックウォリアー,000a011e9c,アリスパイレーツ,2014102082,クロフネ,1998110135,吉田勝利,スマイルファーム,182.6,2005.0,2014.0,1998.0
2020104588,アキノカトレア,牝,瀬戸幸一,,イスラボニータ,2011103565,アキノバレリーナ,2013104625,ハーツクライ,2001103038,岩渕瑞生,西村牧場,182.2,2011.0,2013.0,2001.0
2020101420,クラウンサプライズ,セ,東眞市,,クラウンレガーロ,2010105639,クラウンビション,2010101485,メジロベイリー,1998101457,サンエツ企画（有）,クラウン日高牧場,182.2,2010.0,2010.0,1998.0
2020106356,ミキチャン,牝,保利良平,,ハービンジャー,000a011996,アースプレイ,2011105664,ゼンノロブロイ,2000101517,清水義徳,ガーベラパークスタッド,182.0,2006.0,2011.0,2000.0
2020105215,ダリオールショコラ,牝,伊藤強一,,イスラボニータ,2011103565,ダリオール,000a011dc9,Highest Honor,000a00185c,酒井孝敏,コスモヴューファーム,182.0,2011.0,2007.0,1983.0
2020102432,ジャスタワンウルフ,牡,手島勝利,,ジャスタウェイ,2009106461,リスキーディール,2006103409,ネオユニヴァース,2000101426,瀬戸年美,市川牧場,182.0,2009.0,2006.0,2000.0
2020101339,リネンデイジー,牝,浜田一夫,,オルフェーヴル,2008102636,リネンフィールド,2004101480,パラダイスクリーク,1989109110,戸山昌彦,沖田牧場,181.9,2008.0,2004.0,1989.0
2020104827,テンプロファイター,牡,伊藤強一,,ストロングリターン,2006102934,ワンオブクインズ,2014105095,ソングオブウインド,2003102461,天白泰司,へいはた牧場,181.5,2006.0,2014.0,2003.0
2020100354,ワイドバレンシア,牝,榎屋充,,リアルスティール,2012104889,ワキノドライバー,2004102870,スウェプトオーヴァーボード,000a00fa34,川崎賢二,広田牧場,181.4,2012.0,2004.0,1997.0
2020100004,ムーンプライド,牝,飯田弘道,,アドマイヤムーン,2003102991,コウユーユメダンス,2007103892,ダンスインザダーク,1993109188,遠藤喜和,飯岡牧場,181.1,2003.0,2007.0,1993.0
2020101627,シェーンブルーメ,牝,米田英世,,ビーチパトロール,000a0141f9,オースミハナチャン,2013100419,ハーツクライ,2001103038,（株）ヒダカ・ブリー,白井牧場,181.0,2013.0,2013.0,2001.0
2020104566,ニホンピロソラーナ,牝,今津博之,,ヴィクトワールピサ,2007102923,ニホンピロチャンス,2010102749,メイショウボーラー,2001100650,小林英一,友田牧場,180.8,2007.0,2010.0,2001.0
2020104014,レーヴリベルテ,牝,伊藤勝好,,クリエイターII,000a013630,レーヴイマージン,2010102824,マイネルセレクト,1999107196,（有）ホースケア,岡田牧場,180.8,2013.0,2010.0,1999.0
2020100357,マナブライト,牡,川嶋弘吉,,ケープブランコ,000a011b06,フェレット,1997103390,サンデーサイレンス,000a00033a,佐藤弘樹,藤巻則弘,180.8,2007.0,1997.0,1986.0
2020106204,メイショウメイプル,牡,工藤真司,,タリスマニック,000a013425,メイショウカエデ,2010101176,ダイワメジャー,2001103114,嶋田亘克,赤田牧場,180.5,2013.0,2010.0,2001.0
2020106269,エイシンネクサス,牡,田中正二,,エーシントップ,2010110058,エイシンルンナ,2002102703,エイシンワシントン,1991109929,平井克彦,栄進牧場,180.2,2010.0,2002.0,1991.0
2020100598,ビービーデシジョン,牡,井手上慎,,アメリカンペイトリオット,000a013bba,ダンスザクラシックス,000a0117c3,Sadler's Wells,000a00185d,横田一男,王蔵牧場,180.2,2013.0,2004.0,1981.0
2020100113,オネストリー,牡,打越勇児,,ヴィクトワールピサ,2007102923,ラリーズン,000a01116f,Labeeb,000a011134,金山政信,木田牧場,180.2,2007.0,2000.0,1992.0
2020110059,リマスタリング,牝,伊藤圭三,,Cracksman,000a0137be,Reunite,000a01278e,Kingmambo,000a001d7e,ゴドルフィン,Godolphin,180.0,2014.0,2003.0,1990.0
2020106772,リーリエ,牝,川嶋弘吉,,マジェスティックウォリアー,000a011e9c,スールキートス,2012105471,キングヘイロー,1995104427,日進牧場,日進牧場,180.0,2005.0,2012.0,1995.0
2020105551,ポセイドン,牡,五十嵐忠,,アジアエクスプレス,2011110091,ポレイア,2009101362,ゴールドアリュール,1999106689,崎川美枝子,新冠タガノファーム,180.0,2011.0,2009.0,1999.0
2020105536,タガノピュール,牝,西園正都,,サトノクラウン,2012104668,タガノキャンドル,2009106310,アグネスタキオン,1998101516,八木良司,新冠タガノファーム,180.0,2012.0,2009.0,1998.0
2020105292,オーヴァーストーム,牡,佐々木晶,,ヘニーヒューズ,000a011155,オーヴァーアンダー,000a011e0a,Seeking the Gold,000a001bea,ＧＥＴＮＥＸＴ,須崎牧場,180.0,2003.0,2004.0,1985.0
2020105118,クリプリンセス,牝,冨田敏男,,ヘニーハウンド,2008110097,ノーフェイト,2012105903,サムライハート,2002100996,栗原清子,柏木一則,180.0,2008.0,2012.0,2002.0
2020104551,カワチャンフェイス,牡,田中譲二,,エスケンデレヤ,000a012cc0,ドナジュディス,2014104863,マンハッタンカフェ,1998101554,今井高之,飛野牧場,180.0,2007.0,2014.0,1998.0
2020104546,ラブリーハーツ,牝,相沢郁,,ハーツクライ,2001103038,オールオブナイト,2011104008,キングカメハメハ,2001103460,友駿ホースクラブ,飛野牧場,180.0,2001.0,2011.0,2001.0
2020104095,サイレントストーム,牝,雑賀伸一,,ビッグアーサー,2011103328,バーバラ,2009103471,ディープインパクト,2002100816,（有）キヨタケ牧場,キヨタケ牧場,180.0,2011.0,2009.0,2002.0
2020103800,ランビリーゾ,牡,斎藤誠,,ハービンジャー,000a011996,ルミナスハッピー,2005102707,アグネスタキオン,1998101516,シルクレーシング,レイクヴィラファーム,180.0,2006.0,2005.0,1998.0
2020103611,ミッキーゴーゴー,牡,音無秀孝,,ドゥラメンテ,2012104511,ポジティブマインド,000a014272,Equal Stripes,000a012c13,野田みづき,ノーザンファーム,180.0,2012.0,2014.0,1999.0
2020103603,ペニードロップス,牝,鈴木慎太,,サトノアラジン,2011104063,ペニーウェディング,2013110082,Broken Vow,000a0101a0,Ｇ１レーシング,ノーザンファーム,180.0,2011.0,2013.0,1997.0
2020103598,ディンディンドン,牡,杉山晴紀,,ドゥラメンテ,2012104511,ベルアリュールII,000a011a9d,Numerous,000a002191,藤田晋,ノーザンファーム,180.0,2012.0,2005.0,1991.0
2020103488,メグスタス,牝,森田直行,,ドレフォン,000a013b82,ディアデラノビア,2002100954,サンデーサイレンス,000a00033a,キャロットファーム,ノーザンファーム,180.0,2013.0,2002.0,1986.0
2020103391,ミコマザーパール,牝,武井亮,,ミッキーアイル,2011103916,サンライズシェル,2015104798,キンシャサノキセキ,2003110212,古賀慎一,ノーザンファーム,180.0,2011.0,2015.0,2003.0
2020103334,マテンロウウェイ,牝,中内田充,,ジャスタウェイ,2009106461,ギモーヴ,2013106018,ハービンジャー,000a011996,寺田千代乃,ノーザンファーム,180.0,2009.0,2013.0,2006.0
2020103317,ブラックポイント,牡,萩原清,,リオンディーズ,2013105915,カービングパス,2012104757,ハービンジャー,000a011996,サンデーレーシング,ノーザンファーム,180.0,2013.0,2012.0,2006.0
2020102851,カリプソメロディ,牝,宮川浩一,,オルフェーヴル,2008102636,コンテッサトゥーレ,2012104153,ディープインパクト,2002100816,吉田照哉,社台ファーム,180.0,2008.0,2012.0,2002.0
2020101955,サトノスヴニール,牡,萩原清,,サトノクラウン,2012104668,ベネフィット,2011100608,マンハッタンカフェ,1998101554,里見治,ナカノファーム,180.0,2012.0,2011.0,1998.0
2020100648,アピールラン,牝,高橋文雅,,ディスクリートキャット,000a0113a1,アルマシェダル,2011103113,フジキセキ,1992109618,岡村善行,上山牧場,180.0,2003.0,2011.0,1992.0
2020100521,テイエムスーペリア,牡,武英智,,エピファネイア,2010104155,セラフィーヌ,2007102813,ネオユニヴァース,2000101426,竹園正繼,山際牧場,180.0,2010.0,2007.0,2000.0
2020106898,ライコウノキセキ,牡,後藤佑耶,,エピファネイア,2010104155,ミラクルアイドル,2011106070,オレハマッテルゼ,2000101550,玉腰勇吉,三嶋牧場,179.8,2010.0,2011.0,2000.0
2020107058,トゥインクルーガー,牝,井樋明正,,コパノリッキー,2010106548,ラカンパーナ,2008100777,ワイルドラッシュ,000a0003a1,西隆久,畠山牧場,179.3,2010.0,2008.0,1994.0
2020109024,フォレステーション,牡,北野真弘,,ウインバリアシオン,2008103206,エプソムアイリス,2004102264,クロフネ,1998110135,角山喜信,織笠時男,179.2,2008.0,2004.0,1998.0
2020106255,パープルゴールド,牝,吉橋淳一,,エイシンフラッシュ,2007102951,エイシンチャーター,2012105117,クロフネ,1998110135,組）パープルパッチレ,栄進牧場,179.0,2007.0,2012.0,1998.0
2020103805,ココアン,牝,宗綱泰彦,,ナムラタイタン,2006101408,スターオブアフリカ,2005105173,ヨハネスブルグ,000a0103b9,金野博幸,秋田育成牧場,178.8,2006.0,2005.0,1999.0
2020101331,エウテューモス,牝,森山雄大,,ノヴェリスト,000a012230,ピエナルシオル,2015104485,ハービンジャー,000a011996,亀井徳彦,沖田牧場,178.7,2009.0,2015.0,2006.0
2020105321,ペイシャウォーリア,牡,平山宏秀,,ベストウォーリア,2010110127,ヴェニット,2013101557,エンパイアメーカー,000a010542,北所拓也,隆栄牧場,178.5,2010.0,2013.0,2000.0
2020104503,ヒマワリノコ,牝,後藤正義,,サトノアラジン,2011104063,ノブクィーン,2007109144,シンボリクリスエス,1999110099,前田亘輝,千代田牧場,178.4,2011.0,2007.0,1999.0
2020106192,テンアリオン,牝,岡島玉一,,ミッキーアイル,2011103916,クレバースプリント,2007106749,サクラバクシンオー,1989108341,山口十郎,アイオイファーム,178.3,2011.0,2007.0,1989.0
2020109079,リュウノフランカー,牡,沼澤英知,,ウインバリアシオン,2008103206,ロックランザ,2007103316,ロックオブジブラルタル,000a00fd4c,蓑島竜一,スプリングファーム,178.0,2008.0,2007.0,1999.0
2020102476,レラカムイ,牝,関本浩司,,ヴァンキッシュラン,2013105718,シゲラ,000a012e26,New Approach,000a011656,小橋亮太,エスティファーム,178.0,2013.0,2011.0,2005.0
2020105993,サンテンシーサン,牡,山口益巳,,グランデッツァ,2009105989,ヴァリュー,000a010563,Belong to Me,000a001ff2,（同）ＪＰＮ技研,村上雅規,177.9,2009.0,2000.0,1989.0
2020100575,マイプレイス,牝,晴山厚司,,エイシンフラッシュ,2007102951,クレインテオドーラ,2011103038,タニノギムレット,1999100226,小橋亮太,市川牧場,177.9,2007.0,2011.0,1999.0
2020104972,ダブルシックス,牡,塚田隆男,,トゥザワールド,2011103975,グレースシャンティ,2013106459,ダノンシャンティ,2007105709,片山晴一,藤本直弘,177.4,2011.0,2013.0,2007.0
2020106079,コルニヒット,牝,国沢輝幸,,バトルプラン,000a0118e8,コルニヨン,2015106285,ルーラーシップ,2007103143,吉田紘子,レジェンドファーム,177.0,2005.0,2015.0,2007.0
2020104279,ゴーギャン,牡,植松則幸,,ホッコータルマエ,2009100921,ホザンナ,2012103917,ダイワメジャー,2001103114,小橋亮太,静内ファーム,177.0,2009.0,2012.0,2001.0
2020101155,クロスリーフ,牝,加藤幸保,,シルバーステート,2013105903,ラテアート,2008103359,サクラバクシンオー,1989108341,（株）コージーホール,坂東牧場,177.0,2013.0,2008.0,1989.0
2020106184,メイショウチェリー,牝,柳井宏之,,マジェスティックウォリアー,000a011e9c,メイショウバーズ,2013104759,タニノギムレット,1999100226,北原大史,中脇一幸,176.8,2005.0,2013.0,1999.0
2020103443,ユレマー,牝,田中道夫,,モーリス,2011100655,スペクトロライト,2010104242,ディープインパクト,2002100816,西岡透,ノーザンファーム,176.8,2011.0,2010.0,2002.0
2020101467,ベラジオシュンスケ,牡,保利幸作,,ビッグアーサー,2011103328,フクノグローリア,2012100411,ブライアンズタイム,000a000082,（株）ビープロジェク,ケイズ,176.7,2011.0,2012.0,1985.0
2020101849,カンパナーダス,牡,栗林徹治,,エピファネイア,2010104155,ラドルチェ,000a011429,Gone West,000a001be1,田所英子,ダーレー・ジャパン・ファーム,176.5,2010.0,2004.0,1984.0
2020100261,ワンキーロケット,牡,加藤和義,,ビーチパトロール,000a0141f9,シャークサッカー,2008103634,ブラックタキシード,1996107315,鈴木照雄,田中春美,176.5,2013.0,2008.0,1996.0
2020104022,アップテンポラーレ,牝,藤田正治,,パドトロワ,2007102760,スペランツァーレ,2009102674,シングスピール,1992190005,増田兼良,小倉光博,176.4,2007.0,2009.0,1992.0
2020104813,コパノアトランタ,牡,伊藤勝好,,キモンノカシワ,2009104021,コパノプレゼント,2006101763,サクラバクシンオー,1989108341,小橋亮太,へいはた牧場,176.1,2009.0,2006.0,1989.0
2020100014,ダノンボンド,牡,中川竜馬,,ダノンレジェンド,2010110102,ダノンボンコ,2013100424,ダノンシャンティ,2007105709,坂本孝徳,稲葉牧場,176.1,2010.0,2013.0,2007.0
2020110122,ルージュナディア,牝,国枝栄,,Kingman,000a0124ab,Smart Change,000a01bdbe,Smart Strike,000a00211c,東京ホースレーシング,Mr John Gunther,176.0,2011.0,2011.0,1992.0
2020106536,イイガネ,牝,酒井一則,,フリオーソ,2004106867,イッツマイタイム,2013105401,ワイルドラッシュ,000a0003a1,鈴木伸哉,田中スタッド,176.0,2004.0,2013.0,1994.0
2020103175,ジンバブジ,牝,庄子昭彦,,ロゴタイプ,2010103783,メイプルキャンディ,2010110086,Candy Ride,000a01132a,酒井孝敏,トーア牧場,176.0,2010.0,2010.0,1999.0
2020102089,ゼンダンヒメノガ,牝,新井隆太,,マインドユアビスケッツ,000a01392e,ハナノパレード,2012100392,ゴールドヘイロー,1997101264,渡邊善男,広中稔,176.0,2013.0,2012.0,1997.0
2020100875,ビッグブリランテ,牡,甲田悟史,,ディープブリランテ,2009105084,サンマルフェアー,2008102159,アドマイヤドン,1999107052,大西充秋,中村雅明,176.0,2009.0,2008.0,1999.0
2020100026,シゲルテイオウ,牡,東美義,,ドゥラメンテ,2012104511,ベラルーナ,2009101407,ディープインパクト,2002100816,坂本忠教,上村清志,176.0,2012.0,2009.0,2002.0
2020106766,アンジェララヴ,牝,井上哲,,ダンカーク,000a012185,アンジュラミエル,2014103443,カネヒキリ,2002100978,武藤隆司,日進牧場,175.6,2006.0,2014.0,2002.0
2020101455,アオバノキセキ,牝,菅原欣也,,グレーターロンドン,2012101402,ハタノフォルトゥナ,2014101849,グラスワンダー,1995108676,小平進,グッドラック・ファーム,175.4,2012.0,2014.0,1995.0
2020100778,ゴールスナイパー,牡,藤ケ崎一,,ハクサンムーン,2009102527,アオイサンライズ,2014102682,ステイゴールド,1994108729,河崎五市,鮫川啓一,175.4,2009.0,2014.0,1994.0
2020104015,ロゼアクアリオ,牝,後藤正義,,モーリス,2011100655,ローズカリーナ,2012104934,ハービンジャー,000a011996,欠畑圭一,岡田牧場,175.3,2011.0,2012.0,2006.0
2020105875,ジスボウイ,牡,保利良次,,エスケンデレヤ,000a012cc0,ナンシー,2012103918,フレンチデピュティ,000a00013a,薪浦亨,松浦牧場,175.0,2007.0,2012.0,1992.0
2020104938,エクレアジョーイ,牝,角田輝也,,ロードカナロア,2008103552,エクレアスターライト,000a014096,Fastnet Rock,000a010601,李柱坤,木村秀則,175.0,2008.0,2014.0,2001.0
2020101858,セビーチェ,牝,井樋一也,,ヴァンセンヌ,2009106525,ラパヌイ,2008105607,アフリート,000a000013,冨谷昌弘,千葉飯田牧場,175.0,2009.0,2008.0,1984.0
2020105392,シゲルマンテン,牝,木村暁,,シゲルカガ,2011103048,オペラシーズン,2015101630,キングズベスト,000a0022d2,谷謙介,中央牧場,174.5,2011.0,2015.0,1997.0
2020105015,ブラウンリバティ,牝,佐々木洋,,エスポワールシチー,2005102837,フラワーパワー,2013105533,カジノドライヴ,2005110112,小島學,安達牧場,174.5,2005.0,2013.0,2005.0
2020100232,アステルグロリアス,牝,板垣吉則,,ルーラーシップ,2007103143,インヴィジブルワン,2015104197,ディープインパクト,2002100816,小島正宏,田上徹,174.5,2007.0,2015.0,2002.0
2020105194,シンガーズバラッド,牡,東美義,,ダノンバラード,2008103548,ウインミューズ,2013101436,ダイワメジャー,2001103114,（同）ＪＰＮ技研,コスモヴューファーム,174.4,2008.0,2013.0,2001.0
2020109150,エイヨーチャクラ,牝,鮫島克也,,ダノンレジェンド,2010110102,ズッチーナ,2015109130,ストラヴィンスキー,000a00fa41,柳田英子,釘田義美,174.2,2010.0,2015.0,1996.0
2020103156,アービトレーション,牝,錦見勇夫,,デクラレーションオブウォー,000a0136f6,レッドランタン,2012105307,オレハマッテルゼ,2000101550,森田裕樹,青藍牧場,174.1,2009.0,2012.0,2000.0
2020101842,ボーダーパトロール,牡,林幻,,アメリカンペイトリオット,000a013bba,ボーダレス,2013100579,アドマイヤムーン,2003102991,組）リノレーシング,ダーレー・ジャパン・ファーム,173.6,2013.0,2013.0,2003.0
2020100274,セイルアウェイ,牡,今津博之,,ディープブリランテ,2009105084,ショウナンガッド,2003103836,フジキセキ,1992109618,（有）内田ステーブル,築紫洋,173.5,2009.0,2003.0,1992.0
2020100502,ルドヴィカ,牝,佐々木由,,レーヴミストラル,2012104929,キテキ,2007103975,スキャターザゴールド,000a000d99,小泉修,元茂修一,173.2,2012.0,2007.0,1997.0
2020100427,パワポケプレミア,牝,井樋明正,,リアルスティール,2012104889,ラピッドチェンジ,2014105495,ワークフォース,000a011a7f,柳原達也,前田ファーム,173.2,2012.0,2014.0,2007.0
2020101520,キョウモモユリコ,牝,大垣敏夫,,グレーターロンドン,2012101402,ペプチドガーネット,2010100987,フサイチコンコルド,1993109220,三岡有香,鹿戸和幸,173.1,2012.0,2010.0,1993.0
2020105693,ヴェイヤーズ,牡,宮川浩一,,エイシンヒカリ,2011101273,ルヴェソンヴェール,2011105135,クロフネ,1998110135,笠原久夫,ハシモトファーム,173.0,2011.0,2011.0,1998.0
2020101386,キクイチモンジ,セ,成田明,,ベルシャザール,2008103004,チェス,2014101816,フリオーソ,2004106867,諸岡慶,北田剛,173.0,2008.0,2014.0,2004.0
2020101687,ダバイホークス,牝,北村欣也,,ノーザンリバー,2008103212,スイートフィズ,2004109165,クロフネ,1998110135,（株）本城,シンボリ牧場,172.9,2008.0,2004.0,1998.0
2020101375,シーグラデーア,牝,佐藤英明,,サトノアラジン,2011104063,テーマソング,2006102978,ジャングルポケット,1998101786,（株）アプエンテ,川島正広,172.9,2011.0,2006.0,1998.0
2020102616,アイノメバエ,牝,竹下直人,,メイショウボーラー,2001100650,チャーミングメイト,2014104796,エンパイアメーカー,000a010542,安藤浩也,桑原牧場桑原康裕,172.7,2001.0,2014.0,2000.0
2020105324,ペイシャコリン,牝,別府真司,,トゥザワールド,2011103975,コリンナ,2002102057,マヤノトップガン,1992102988,田村浩二,隆栄牧場,172.5,2011.0,2002.0,1992.0
2020101979,カガヤキフジ,牝,上杉昌宏,,フリオーソ,2004106867,パラディラタン,2014105742,ハービンジャー,000a011996,加藤武久,西野春樹,172.5,2004.0,2014.0,2006.0
2020101135,ライトヴィクトリー,牝,長南和宏,,グレーターロンドン,2012101402,チーカ,2011103634,チチカステナンゴ,000a011135,宮本育也,坂東牧場,172.5,2012.0,2011.0,1998.0
2020106282,エイシンヘマタイト,牡,松島壽,,エイシンヒカリ,2011101273,エーシンマイスター,2006101782,タイキシャトル,1994109686,三岡有香,栄進牧場,172.2,2011.0,2006.0,1994.0
2020104400,テイエムノーブル,牝,平山宏秀,,ミッキーアイル,2011103916,トップモーション,2006103357,シンボリクリスエス,1999110099,竹園正繼,田中裕之,172.2,2011.0,2006.0,1999.0
2020106583,プレリオン,セ,東美義,,ミッキーアイル,2011103916,レムミラス,2011105837,キングヘイロー,1995104427,小橋亮太,谷川牧場,171.9,2011.0,2011.0,1995.0
2020103866,フルフィリング,牝,高岩孝敏,,ビーチパトロール,000a0141f9,アルテミシア,2010101239,クロフネ,1998110135,早川稔,岡田スタッド,171.8,2013.0,2010.0,1998.0
2020105363,カゲヨシ,牡,的場直之,,アジアエクスプレス,2011110091,ゴールデンフェザー,2011102465,キングカメハメハ,2001103460,小池啓補,大栄牧場,171.5,2011.0,2011.0,2001.0
2020106147,プロパルジョン,牡,森澤友貴,,ロードカナロア,2008103552,バブルファンタジー,2002100613,スペシャルウィーク,1995103211,奥裕嗣,猿倉牧場,171.1,2008.0,2002.0,1995.0
2020101426,マリノファルコン,牝,手島勝利,,スマートファルコン,2005100097,サザンベル,2005100482,サウスヴィグラス,1996110138,和田志保,クラウン日高牧場,171.1,2005.0,2005.0,1996.0
2020109064,ササキンシャリマー,牝,板垣吉則,,ジャングルポケット,1998101786,ガーデンショット,2013103936,アサクサデンエン,1999110191,佐々木均,マルシチ牧場,171.0,1998.0,2013.0,1999.0
2020102308,オレンジベルン,牝,関本浩司,,コメート,2012103165,ユズチャン,2012103588,カネヒキリ,2002100978,小橋亮太,ヤスナカファーム,171.0,2012.0,2012.0,2002.0
2020107013,リワードメラン,牡,堂山芳則,,ロゴタイプ,2010103783,リワードクリエン,2011106196,ケイムホーム,000a0108d1,宮崎冴子,リワード,170.8,2010.0,2011.0,1999.0
2020100407,ピーチコーラル,牝,森山英雄,,ディーマジェスティ,2013104704,クールラディカル,2014101016,キングヘイロー,1995104427,皆川なほ子,前田ファーム,170.8,2013.0,2014.0,1995.0
2020105370,ナックブライアン,牡,立花貢,,ビッグアーサー,2011103328,ラヴァーズタイム,2011104885,ブライアンズタイム,000a000082,小松欣也,大栄牧場,170.5,2011.0,2011.0,1985.0
2020102425,ハッピーナキモチ,牝,新子雅司,,シニスターミニスター,000a011099,チャイナドール,2001103381,スペシャルウィーク,1995103211,会田裕一,市川牧場,170.5,2003.0,2001.0,1995.0
2020102094,カヴァコ,牝,藤川純,,グランプリボス,2008103388,ピカバ,2015104019,トーセンホマレボシ,2009106092,（株）ＴＫＫ,ファーミングヤナキタ,170.4,2008.0,2015.0,2009.0
2020101531,カタシグレ,牝,竹下太,,サウンドボルケーノ,2008110123,ホワイトドレス,2009101323,クロフネ,1998110135,小橋亮太,渋谷健作,170.2,2008.0,2009.0,1998.0
2020106543,ピカパンドーラ,牝,千葉幸喜,,Saxon Warrior,2015100991,ウェルアウェイ,000a014f50,Monsun,000a010db6,宮崎俊也,谷川牧場,170.1,2015.0,2010.0,1990.0
2020102623,ジンガノ,牝,荒山勝徳,,ヘニーヒューズ,000a011155,リュウメイ,2005101843,コロナドズクエスト,000a0000b5,（株）永翔苑,笹川大晃牧場,170.0,2003.0,2005.0,1995.0
2020100513,ハピネスストーリー,牡,鈴木啓之,,スマートファルコン,2005100097,テーオーディオネ,2012106355,ヴァーミリアン,2002100877,会田裕一,森政巳,170.0,2005.0,2012.0,2002.0
2020106466,フミタツビックバン,牝,岡田利一,,ダンカーク,000a012185,ハヤブサマナポン,2013103359,スペシャルウィーク,1995103211,大黒富美子,榊原敏明,169.6,2006.0,2013.0,1995.0
2020103798,ヘニーイクシード,牡,井樋一也,,ヘニーヒューズ,000a011155,ラインハート,2011103956,ステイゴールド,1994108729,大塚亮一（株）,レイクヴィラファーム,169.6,2003.0,2011.0,1994.0
2020100836,リーア,牝,佐々木由,,ラブリーデイ,2010104298,サウスエンピリカル,2005101539,マンハッタンカフェ,1998101554,小泉修,高岸順一,169.6,2010.0,2005.0,1998.0
2020105160,グッドブルースカイ,牡,永田幸宏,,ジャングルポケット,1998101786,グッドスカイ,2013106062,ステイゴールド,1994108729,杉立健次郎,小泉牧場,169.4,1998.0,2013.0,1994.0
2020103775,サトノラピス,牝,真島正徳,,サトノクラウン,2012104668,サトノルーリー,2015104048,ディープインパクト,2002100816,里見治,レイクヴィラファーム,169.2,2012.0,2015.0,2002.0
2020106629,クイーンサイド,牝,秋田大助,,ビッグアーサー,2011103328,ピアノコンクール,2011103341,フォーティナイナーズサン,000a011227,津島優治,津島優治,169.1,2011.0,2011.0,2001.0
2020102475,アペカムイ,牡,宗石大,,マクマホン,000a0143ac,サクラレディ,2014110127,Galileo,000a00232b,安部重夫,エスティファーム,168.9,2014.0,2014.0,1998.0
2020103871,ビヨンドザバラード,牡,濱田一夫,,ダノンバラード,2008103548,ヴイプラド,2001110173,El Prado,000a001fb5,鶴俊邦,岡田スタッド,168.7,2008.0,2001.0,1989.0
2020100550,パンフィーリ,牝,伊藤強一,,リオンディーズ,2013105915,レジェ,2013105928,ステイゴールド,1994108729,酒井孝敏,レースホース牧場,168.7,2013.0,2013.0,1994.0
2020104467,ローマンシアター,牝,今津勝之,,ドゥラメンテ,2012104511,エルラディユー,2012110087,Unbridled's Song,000a002071,水野修,千代田牧場,168.6,2012.0,2012.0,1993.0
2020104859,ハートヲワシヅカミ,牝,平田正一,,エスポワールシチー,2005102837,ゲットザピクチャー,2015106235,エイシンフラッシュ,2007102951,山内昇,前田牧場,168.5,2005.0,2015.0,2007.0
2020104172,リュウコ,牡,安部幸夫,,ディーマジェスティ,2013104704,デットオアアライブ,2005106285,グランデラ,000a00fe3b,豊田博司,サカイファーム,168.5,2013.0,2005.0,1998.0
2020105657,インタクト,牡,松浦聡志,,ハーツクライ,2001103038,ロードクロサイト,2010110076,Unbridled's Song,000a002071,前田幸大,ノースヒルズ,168.4,2001.0,2010.0,1993.0
2020101843,キャットナップ,牝,酒井仁,,ディスクリートキャット,000a0113a1,マイナーズドリーム,2016103340,ゴールドアリュール,1999106689,鈴木道隆,ダーレー・ジャパン・ファーム,168.4,2003.0,2016.0,1999.0
2020101425,クラウンローゼン,牡,奥平雅士,,ハービンジャー,000a011996,クラウンロゼ,2010105389,ロサード,1996107429,和田志保,クラウン日高牧場,168.4,2006.0,2010.0,1996.0
2020107044,ジーファー,牝,藤ケ崎一,,オルフェーヴル,2008102636,クレバークリス,2006101820,クロフネ,1998110135,仲尾正人,ミリオンファーム,168.1,2008.0,2006.0,1998.0
2020105664,パララヴィクトリア,牝,加藤和宏,,ドレフォン,000a013b82,アスタラビクトリア,2010103924,ネオユニヴァース,2000101426,（株）ファーストビジ,ハクレイファーム,168.0,2013.0,2010.0,2000.0
2020100849,ノンセンパイ,牝,榎屋充,,ラブリーデイ,2010104298,ピサノパスティーユ,2001103848,サンデーサイレンス,000a00033a,遠藤喜和,ダイヤモンドファーム,168.0,2010.0,2001.0,1986.0
2020100692,ナムラレナード,牡,藤田正治,,カレンブラックヒル,2009106230,ナムラエルサ,2013100063,マツリダゴッホ,2003104570,（株）ファーストビジ,桑田正己,167.9,2009.0,2013.0,2003.0
2020101825,チェリーリップス,牝,吉井竜一,,アメリカンペイトリオット,000a013bba,チェリーミルズ,2010100689,Invincible Spirit,000a01056d,後藤宙人,ダーレー・ジャパン・ファーム,167.8,2013.0,2010.0,1997.0
2020106193,レイジングウェイブ,牡,川添明弘,,ハーツクライ,2001103038,ホットスウェル,2005110076,Fusaichi Pegasus,000a0022cf,宮崎孝一郎,アイオイファーム,167.2,2001.0,2005.0,1997.0
2020100807,ダイノサムソン,牝,佐々木仁,,メイショウサムソン,2003102205,レオズアメトリン,2015100489,カネヒキリ,2002100978,町田武,鮫川ファーム,167.0,2003.0,2015.0,2002.0
2020109043,ホビイスト,牡,櫻田浩樹,,ディーマジェスティ,2013104704,マルターズホビー,2002110252,スピニングワールド,000a000325,永田壯一,スプリングファーム,166.9,2013.0,2002.0,1993.0
2020100786,グレースレニー,牝,櫻田康二,,ディープエクシード,2013106228,シルヴィーボーテ,2013102956,キングカメハメハ,2001103460,菅原広隆,鮫川啓一,166.6,2013.0,2013.0,2001.0
2020102618,ヤマイチジャンヌ,牝,佐藤博紀,,ベストウォーリア,2010110127,エスケークイーン,2015102755,オルフェーヴル,2008102636,西村豊,笹川大晃牧場,166.5,2010.0,2015.0,2008.0
2020100057,メルキュリオ,牝,瀬戸幸一,,ビッグアーサー,2011103328,ソリッドリーズン,2014100254,ジャングルポケット,1998101786,岩渕瑞生,沖田博志,166.4,2011.0,2014.0,1998.0
2020110011,フォミルマジック,牝,藤原英昭,,Saxon Warrior,2015100991,Bewitched,000a01a8e6,Dansili,000a010a5f,インゼルレーシング,R. Scarborough & Carradale,166.0,2015.0,2007.0,1996.0
2020104746,プルシアンブルー,牝,後藤正義,,マクフィ,000a011c77,サトノマイヒメ,2013104782,ダイワメジャー,2001103114,廣野敏樹,フジワラファーム,166.0,2007.0,2013.0,2001.0
2020104313,シントーメグミ,牝,平田正一,,ダンカーク,000a012185,ドリームチャッター,2002100596,エアジハード,1995107978,近藤秀典,静内山田牧場,166.0,2006.0,2002.0,1995.0
2020101870,ラブコ,牝,頼本盛行,,ロードカナロア,2008103552,ステラマドレード,2003104941,フォーティナイナー,000a000134,小橋亮太,チャンピオンズファーム,166.0,2008.0,2003.0,1985.0
2020103155,ステイマックウォー,牡,鮫島克也,,デクラレーションオブウォー,000a0136f6,レッドメアラス,2012103841,ステイゴールド,1994108729,北原大史,青藍牧場,165.9,2009.0,2012.0,1994.0
2020100625,ノーブル,牝,大橋敬永,,ノヴェリスト,000a012230,カネトシルメルシェ,2012103054,キングカメハメハ,2001103460,武仲勝,カケハムポニークラブ,165.4,2009.0,2012.0,2001.0
2020105519,フラッシュベルン,牝,藤田正治,,エイシンフラッシュ,2007102951,トウカイアンジュ,2013101700,ハービンジャー,000a011996,小橋亮太,長浜牧場,165.3,2007.0,2013.0,2006.0
2020101973,オザナリ,牝,土井道隆,,グレーターロンドン,2012101402,エニーデイ,2007105362,Arch,000a0021b7,（同）ＪＰＮ技研,西野春樹,165.3,2012.0,2007.0,1995.0
2020106915,メイショウスイセン,牝,土井道隆,,ディープブリランテ,2009105084,メイショウナナイロ,2008101791,タイキシャトル,1994109686,酒井孝敏,三嶋牧場,165.1,2009.0,2008.0,1994.0
2020104844,ルコールジャン,牡,福永敏,,ディオスコリダー,2014105108,インカンデセンス,2010100653,ファンタスティックライト,1996190005,吉田智,前谷武志,165.0,2014.0,2010.0,1996.0
2020104657,ナムラエルカス,牡,鈴木孝志,,ミッキーアイル,2011103916,ナムラチアーズ,2008101130,マンハッタンカフェ,1998101554,奈村睦弘,八田ファーム,165.0,2011.0,2008.0,1998.0
2020103243,ハイアーレルム,牝,安田隆行,,ハーツクライ,2001103038,インナーレルム,000a013895,Galileo,000a00232b,キャロットファーム,ノーザンファーム,165.0,2001.0,2008.0,1998.0
2020103197,アズライトムーン,牝,池添学,,サトノダイヤモンド,2013106101,アズールムーン,2014106011,Malibu Moon,000a010c8e,シルクレーシング,ノーザンファーム,165.0,2013.0,2014.0,1997.0
2020101269,コウセイエミオト,牝,武井和実,,リアルスティール,2012104889,アンプレヴー,2006103376,トワイニング,000a000006,北原大史,幾千世牧場,165.0,2012.0,2006.0,1991.0
2020105225,リュウワンタカヒロ,牡,錦見勇夫,,トゥザワールド,2011103975,リュウワンティアラ,2009100008,スキャン,000a000d69,錦見日出雄,今野活博,164.8,2011.0,2009.0,1988.0
2020102560,クリスタルダムール,牝,竹下太,,ハービンジャー,000a011996,シャルムダムール,2016104324,ディープインパクト,2002100816,酒井孝敏,追分ファーム,164.7,2006.0,2016.0,2002.0
2020101249,ミラクルレインボー,牝,小西重征,,ロゴタイプ,2010103783,レインボーハート,2007102954,エアジハード,1995107978,村井良孝,新井昭二,164.7,2010.0,2007.0,1995.0
2020109010,アスノヒーロー,牡,朝倉実,,アルデバランII,000a010541,マンハッタンガビー,2012104992,マンハッタンカフェ,1998101554,佐藤良男,荒谷牧場,164.5,1998.0,2012.0,1998.0
2020100669,カグヤ,牝,川西毅,,エピファネイア,2010104155,アスカビレン,2012105832,ブラックタイド,2001103312,（有）桑田牧場,桑田牧場,164.5,2010.0,2012.0,2001.0
2020100064,ゴールドユキ,牝,角田輝也,,ダノンシャーク,2008105554,ブリーズヴェール,2012102312,バゴ,2001190004,清水敬央,小野秀治,164.5,2008.0,2012.0,2001.0
2020101773,ミンクス,牝,三小田幸,,ミッキーアイル,2011103916,メイマドンナ,2006102869,シンボリクリスエス,1999110099,伊勢光,タバタファーム,164.0,2011.0,2006.0,1999.0
2020100183,パルファンロッキ,牝,納谷和玖,,グランデッツァ,2009105989,ライカート,2004102749,スウェプトオーヴァーボード,000a00fa34,川添裕起,斉藤スタッド,164.0,2009.0,2004.0,1997.0
2020100043,ニットウアイアン,牡,千葉津代,,ジャングルポケット,1998101786,ベルベットメドウ,2009100682,アッミラーレ,1997100569,藤井謙,沖田忠幸,163.3,1998.0,2009.0,1997.0
2020102235,ハコダテメモリー,牝,石川栄,,リアルスティール,2012104889,クロフネジョウ,2014100450,クロフネ,1998110135,石橋敏行,増尾牧場,163.1,2012.0,2014.0,1998.0
2020101282,デルマツキオトシ,牡,加藤和宏,,ファインニードル,2013100612,アバンダント,2013106193,ハービンジャー,000a011996,（株）ファーストビジ,いとう牧場,162.3,2013.0,2013.0,2006.0
2020101985,クリノスラッガー,牡,今津勝之,,アスカクリチャン,2007104599,クリノミユキチャン,2011105525,キンググローリアス,000a000d48,伊勢光,日西牧場,162.1,2007.0,2011.0,1986.0
2020106590,テフィティフライト,牝,渡邊貴光,,イスラボニータ,2011103565,フライトオブスワン,2007102897,フレンチデピュティ,000a00013a,夏間洋平,谷口牧場,162.0,2011.0,2007.0,1992.0
2020102010,プティステラ,牝,目迫大輔,,ファインニードル,2013100612,ラマルティーヌ,2011100596,マンハッタンカフェ,1998101554,畑山秀忠,ノースガーデン,162.0,2013.0,2011.0,1998.0
2020101347,リチアブーケ,牝,藤原智行,,イスラボニータ,2011103565,クルザダアメリカーナ,000a0117cc,Nedawi,000a0116fe,新井悟,オリオンファーム,162.0,2011.0,2004.0,1995.0
2020100814,マハロケアクア,牝,胡本友晴,,ルースリンド,2001106791,インマイラヴ,2001106409,ダンスインザダーク,1993109188,岡田孝之,大北牧場,162.0,2001.0,2001.0,1993.0
2020110010,セブンキューブド,牡,今津勝之,,Showcasing,000a013495,サーティーンスクエアド,000a01a8df,Liaison,000a013c85,（同）ＪＰＮ技研,Shadai Corporation Ltd,161.9,2007.0,2015.0,2009.0
2020106214,アセットミューズ,牝,瀬戸幸一,,ネオユニヴァース,2000101426,サセッティ,000a010eba,Selkirk,000a001fab,後藤順男,今井秀樹,161.9,2000.0,2003.0,1988.0
2020109106,クレッシェンド,牝,小手川準,,ドレフォン,000a013b82,キープレイヤー,2011109135,メイショウボーラー,2001100650,下河邉博,下河辺トレーニングセンター,161.5,2013.0,2011.0,2001.0
2020100902,グリーンオーブ,牡,井樋明正,,ビッグアーサー,2011103328,フラミンゴ,2015103071,マルカシェンク,2003102542,楊明翰,バンブー牧場,161.4,2011.0,2015.0,2003.0
2020110077,モンテルナ,牝,高野毅,,Union Rags,000a012d4c,Light the Sky,000a01bce8,Tapit,000a011248,幅田昌伸,Peter J. Callahan Runnymede Farm Inc. Enid Cafritz & Haras d'Etr,161.0,2009.0,2013.0,2001.0
2020107155,タリスマメモリー,牝,渡瀬寛彰,,タリスマニック,000a013425,マヤリッシュ,2008104576,イーグルカフェ,1997110118,谷謙介,八島夕起子,161.0,2013.0,2008.0,1997.0
2020105914,ヒロピアーナ,牡,石栗龍彦,,リアルインパクト,2008103244,ハルノアシオト,2013102020,エンパイアメーカー,000a010542,石川博,三村卓也,161.0,2008.0,2013.0,2000.0
2020104993,ショーガイッパイ,牡,中野栄治,,デクラレーションオブウォー,000a0136f6,イセエビ,2014105449,ハービンジャー,000a011996,芳賀克也,アサヒ牧場,161.0,2009.0,2014.0,2006.0
2020102215,ワンダーウイン,牝,九日俊光,,ストロングリターン,2006102934,ラインステッチ,2004110120,Fusaichi Pegasus,000a0022cf,和田博美,前野牧場,161.0,2006.0,2004.0,1997.0
2020102761,ポーラーサンダー,牡,瀬戸口悟,,レッドファルクス,2011104416,イブニングサンダー,000a013dac,Morning Line,000a013be5,谷掛龍夫,社台ファーム,160.4,2011.0,2015.0,2007.0
2020110144,ポッピンキャンディ,牝,菊沢隆徳,,Twirling Candy,000a01316b,Senior Prom,000a01c0c2,Mr. Greeley,000a00213e,ノルマンディーサラブレッドレーシング,McKee Stables Inc.,160.0,2007.0,2011.0,1992.0
2020109136,ベリル,牝,榎屋充,,ケイムホーム,000a0108d1,ナムラダンサー,2009102176,サクラバクシンオー,1989108341,吉田哲,田上雄二,160.0,1999.0,2009.0,1989.0
2020109082,ギンガ,牡,佐藤雅彦,,ラニ,2013110045,オイチ,2014100089,シンボリクリスエス,1999110099,内藤正生,内藤牧場,160.0,2013.0,2014.0,1999.0
2020107093,ユキノソックス,牝,岡田利一,,ダンカーク,000a012185,ミラクルベリー,2008103019,ファルブラヴ,1998190004,村元康,浜本牧場,160.0,2006.0,2008.0,1998.0
2020106515,カフェクリア,牝,堀宣行,,ロードカナロア,2008103552,ラフレーズカフェ,2009106051,マンハッタンカフェ,1998101554,西川光一,太陽牧場,160.0,2008.0,2009.0,1998.0
2020104541,トウショウリッジ,牡,萱野浩二,,ダンカーク,000a012185,ガイアトウショウ,2013104568,デュランダル,1999106756,トウショウ産業,トウショウ産業株式会社トウショウ牧場,160.0,2006.0,2013.0,1999.0
2020104455,トシコノユメ,牝,鈴木義久,,トーセンジョーダン,2006103169,サンフローラン,2008101315,ゼンノロブロイ,2000101517,（有）山春牧場,大典牧場,160.0,2006.0,2008.0,2000.0
2020103572,ピーチバウム,牝,山崎裕也,,ドゥラメンテ,2012104511,フォンターナリーリ,2013105936,クロフネ,1998110135,保坂和孝,ノーザンファーム,160.0,2012.0,2013.0,1998.0
2020103013,フォーチュンラブ,牝,今津博之,,トーセンラー,2008102985,フォーチュネイトダムゼル,000a01151e,Runaway Groom,000a001dbb,稲垣隆治,社台ファーム,160.0,2008.0,2001.0,1979.0
2020102624,コリアンドリ,牝,大久保龍,,エピファネイア,2010104155,アスクデピュティ,2004103303,フレンチデピュティ,000a00013a,社台レースホース,社台コーポレーション白老ファーム,160.0,2010.0,2004.0,1992.0
2020102312,スウィートガール,牝,上村洋行,,モーリス,2011100655,キャンディーストア,2003102959,スペシャルウィーク,1995103211,辻子依旦,ヤナガワ牧場,160.0,2011.0,2003.0,1995.0
2020105103,カネトシセレスト,牡,千葉津代,,レーヴミストラル,2012104929,デューイガール,2009106337,スペシャルウィーク,1995103211,兼松昌男,海馬沢明,159.8,2012.0,2009.0,1995.0
2020104425,サクラアザレア,牝,佐々木国,,キタサンブラック,2012102013,アシュレイリバー,2004102942,Mr. Greeley,000a00213e,さくらコマース,谷岡牧場,159.8,2012.0,2004.0,1992.0
2020106580,ビースプリング,牝,井手上慎,,ノヴェリスト,000a012230,リーズ,2013103538,ヴィクトワールピサ,2007102923,岡島行一,谷川牧場,159.6,2009.0,2013.0,2007.0
2020103288,ウォーカーカップ,牝,迫田清美,,サトノダイヤモンド,2013106101,エンシェントヒル,2001103297,エンドスウィープ,000a00010f,酒井孝敏,ノーザンファーム,159.4,2013.0,2001.0,1991.0
2020106257,ニシキエイシン,牡,錦見勇夫,,エイシンヒカリ,2011101273,エイシンノア,2011101274,ネオユニヴァース,2000101426,山本忍,栄進牧場,159.0,2011.0,2011.0,2000.0
2020106086,ダイナマイトレディ,牝,南田美知,,ダノンシャーク,2008105554,ダイナマイトハニー,2006103445,ダイナマイトメール,1995108126,飯田総一郎,小野瀬竜馬,159.0,2008.0,2006.0,1995.0
2020100044,メイレーヴ,牝,小村正也,,シニスターミニスター,000a011099,マッシュレイヤー,2006103252,ジャングルポケット,1998101786,小谷昌吾,沖田忠幸,159.0,2003.0,2006.0,1998.0
2020105459,ボールドロイ,牡,井樋明正,,ゼンノロブロイ,2000101517,アマレット,2008100079,スウェプトオーヴァーボード,000a00fa34,吉田哲,中本牧場,158.8,2000.0,2008.0,1997.0
2020101911,モズキラー,牡,井樋明正,,グランプリボス,2008103388,モズキンメダリスト,2014110033,Bernardini,000a0111fe,（同）ＪＰＮ技研,坪田晃宜,158.8,2008.0,2014.0,2003.0
2020104345,エリカフォンテーヌ,牝,櫻田康二,,モーリス,2011100655,ラストワルツ,2007106521,ゼンノロブロイ,2000101517,ＫＡＪＩＭＯＴＯホールディングス,タイヘイ牧場,158.7,2011.0,2007.0,2000.0
2020105817,アルムダウン,牝,鈴木勝文,,メイショウボーラー,2001100650,ミスコマチ,2008105132,ステイゴールド,1994108729,（有）総武開発,プログレスファーム,158.5,2001.0,2008.0,1994.0
2020103167,ナッチャン,牝,伊藤強一,,ベストウォーリア,2010110127,ロジカルクィーン,2000110188,Deputy Minister,000a001849,柴田浩二,ゼットステーブル,158.5,2010.0,2000.0,1979.0
2020104047,グランドジャヌー,牡,井樋明正,,ザサンデーフサイチ,2004102855,クインスウィーティ,2010104627,デュランダル,1999106756,（同）ＪＰＮ技研,片岡博,158.3,2004.0,2010.0,1999.0
2020106560,ニシノスナイパー,牡,小桧山悟,,モーリス,2011100655,ニシノマメユリ,2013105209,キングカメハメハ,2001103460,西山茂行,谷川牧場,158.0,2011.0,2013.0,2001.0
2020101165,テナーヴォイス,牡,矢野義幸,,ゴールドアクター,2011105266,ソットヴォーチェ,2013105558,ヴィクトワールピサ,2007102923,江幡丈美,びらとり牧場,158.0,2011.0,2013.0,2007.0
2020106089,ヤマノムスメ,牝,石川浩文,,ストロングリターン,2006102934,マウンテンガール,2012103749,リンドシェーバー,1988107894,（同）ＪＰＮ技研,小野瀬竜馬,157.8,2006.0,2012.0,1988.0
2020104871,ヤカンヒコウ,牝,吉田司,,パドトロワ,2007102760,シーダーローズ,2006101602,タイキシャトル,1994109686,古川忠一,増本牧場,157.7,2007.0,2006.0,1994.0
2020102202,ビバリー,牝,酒井一則,,ニシケンモノノフ,2011105438,ローズオブローズ,2012102877,スマートボーイ,1995100385,谷口祐人,前川義則,157.6,2011.0,2012.0,1995.0
2020107111,アネモネポルト,牝,細川忠義,,バンブーエール,2003104100,オカノプレイヤー,1999107594,マイニング,000a000221,ウエスト．フォレスト．ステイブル,目名太山口牧場,157.5,2003.0,1999.0,1984.0
2020101691,ブリーゼ,牝,大橋敬永,,ミッキーロケット,2013106099,ダノンスウィート,2014106145,ステイゴールド,1994108729,冨田清誠,シンボリ牧場,157.4,2013.0,2014.0,1994.0
2020103095,プエルトボニータ,牡,今野貞一,,イスラボニータ,2011103565,リベルタンゴ,2012104165,Smart Strike,000a00211c,谷掛龍夫,社台ファーム,157.2,2011.0,2012.0,1992.0
2020102285,メンコイメイコー,牝,水野善太,,パドトロワ,2007102760,エムオーパール,2011102771,ステイゴールド,1994108729,国立勝仁,門別牧場,157.2,2007.0,2011.0,1994.0
2020104957,カシノクインダム,牝,鹿沼良和,,リアルスティール,2012104889,クインズアダマン,2012103025,チチカステナンゴ,000a011135,柏木務,奥山牧場,157.0,2012.0,2012.0,1998.0
2020106416,ミスジャカルタ,牝,永田幸宏,,ダノンレジェンド,2010110102,オムスビ,2011105708,オレハマッテルゼ,2000101550,木村薫,木村牧場,156.5,2010.0,2011.0,2000.0
2020105011,アグリモニー,牝,藤田正治,,ミュゼスルタン,2012104118,スーパーオアシス,2006105275,アフリート,000a000013,小橋亮太,安達牧場,156.2,2012.0,2006.0,1984.0
2020103908,ロンスアンドロンス,牡,田嶋弘幸,,マツリダゴッホ,2003104570,ズブロッカ,2005100230,アグネスデジタル,1997110025,上野孝展,岡田スタッド,156.2,2003.0,2005.0,1997.0
2020105176,リエントリー,牝,平田正一,,ベストウォーリア,2010110127,エスフライト,1999105644,サンデーサイレンス,000a00033a,山内昇,小泉学,156.0,2010.0,1999.0,1986.0
2020101435,アストラルポケット,牝,井樋一也,,ジャングルポケット,1998101786,レインボーシーカー,2004103321,ダンスインザダーク,1993109188,中谷俊康,クラウン日高牧場,156.0,1998.0,2004.0,1993.0
2020101273,アイファーダボス,牡,伊藤強一,,アイファーソング,2008100386,オトメローズ,2012103460,アサクサデンエン,1999110191,中島稔,アースファーム,155.3,2008.0,2012.0,1999.0
2020109045,オセアジャーディン,牡,山田信大,,オルフェーヴル,2008102636,タムロブライト,2006109157,シルバーチャーム,000a00227c,西村健,諏訪牧場,155.0,2008.0,2006.0,1994.0
2020102549,ジューンスパーク,セ,尾原強,,ロードカナロア,2008103552,ガーネットチャーム,2009106579,ファルブラヴ,1998190004,山下壽,追分ファーム,155.0,2008.0,2009.0,1998.0
2020107023,ノワールシュバリエ,牡,宇都英樹,,ネロ,2011103722,フィールドスピカ,2007102159,パラダイスクリーク,1989109110,北原大史,山春牧場,154.9,2011.0,2007.0,1989.0
2020100920,クラウンオール,牝,黒田隆男,,ネオユニヴァース,2000101426,ジョイフルスマイル,2005102525,マヤノトップガン,1992102988,（株）さくらコーポレ,ヒダカファーム,154.9,2000.0,2005.0,1992.0
2020109108,ラスパルマス,牝,後藤佑耶,,ワールドエース,2009106353,ムスタパルタ,2011104137,Tapit,000a011248,（有）下河辺トレーニ,下河辺トレーニングセンター,154.8,2009.0,2011.0,2001.0
2020105336,カルストンロワール,牝,井手上慎,,カレンブラックヒル,2009106230,カルストンハイネ,2007104525,カルストンライトオ,1998103333,清水貞光,武田寛治,154.8,2009.0,2007.0,1998.0
2020105788,マイネルペルセウス,牡,錦見勇夫,,スクリーンヒーロー,2004103328,マイネトゥインクル,2005105525,ムタファーウエク,000a000d9e,楊明翰,ビッグレッドファーム,154.7,2004.0,2005.0,1996.0
2020104810,ソウウンリング,牝,藤田正治,,ベルシャザール,2008103004,オシャベリコパ,2006102462,フォーティナイナー,000a000134,小橋亮太,へいはた牧場,154.7,2008.0,2006.0,1985.0
2020107131,フォーバーズ,牝,永田幸宏,,ディスクリートキャット,000a0113a1,レイテストバード,2014104054,サマーバード,2006190002,小原準一郎,坂本智広,154.0,2003.0,2014.0,2006.0
2020105343,ビーチポジティヴ,牝,金田一昌,,ビーチパトロール,000a0141f9,ロマンチックドラマ,2013106456,ハービンジャー,000a011996,小林弘明,武田修一,154.0,2013.0,2013.0,2006.0
2020100766,ケアラシ,牡,宮川浩一,,ベルシャザール,2008103004,ハリケーンタマ,2008102786,クロフネ,1998110135,濱村充哉,小島牧場,154.0,2008.0,2008.0,1998.0
2020110050,アブストゥルース,牡,今津博之,,Churchill,000a0137af,Candiland,000a01bbf0,Shamardal,000a010c92,服部知明,J. C. Bloodstock,153.8,2014.0,2014.0,2002.0
2020104379,ウッドブルーニイ,牝,加藤幸保,,スマートファルコン,2005100097,レイナウッド,2005106511,ボストンハーバー,000a00007c,冨沢敦子,高橋義浩,153.8,2005.0,2005.0,1994.0
2020102217,アラタマシップ,牝,瀬戸口悟,,ゴールドシップ,2009102739,アラタマクリスエス,2014102523,シンボリクリスエス,1999110099,谷謙介,槇本牧場,153.6,2009.0,2014.0,1999.0
2020105719,ヒズハイネス,牡,新子雅司,,モーリス,2011100655,プリンセスプリンセス,000a014483,ディスクリートキャット,000a0113a1,フクキタル,パカパカファーム,153.5,2011.0,2013.0,2003.0
2020105371,ロサムンディー,牝,入口由美,,ネオユニヴァース,2000101426,ロンデル,2015101638,キングズベスト,000a0022d2,田頭勇貴,大栄牧場,153.5,2000.0,2015.0,1997.0
2020102610,グランディアート,牡,米田英世,,リアルインパクト,2008103244,アシドベリー,2012101949,スウェプトオーヴァーボード,000a00fa34,（有）二風谷ファーム,桑原牧場桑原康裕,153.5,2008.0,2012.0,1997.0
2020102176,アポテカ,牝,菅原欣也,,ゴールドアクター,2011105266,ファーマペニー,2008105712,ジャングルポケット,1998101786,井上久光,細川牧場,153.3,2011.0,2008.0,1998.0
2020101947,イチズ,牝,瀬戸幸一,,ゴールドシップ,2009102739,ジャスティシア,2009102796,キングカメハメハ,2001103460,丸岡啓一,ナカノファーム,153.1,2009.0,2009.0,2001.0
2020105667,スカイミニスター,牝,藪口一麻,,シニスターミニスター,000a011099,サトノレジーナ,2008102851,ハーツクライ,2001103038,須貝廣次,ハクレイファーム,153.0,2003.0,2008.0,2001.0
2020104703,シャイントゥモロー,牝,中道啓二,,ベストウォーリア,2010110127,ブラストスイフト,2006101238,コマンダーインチーフ,000a0000b0,鳳山信年,福岡駿弥,152.6,2010.0,2006.0,1990.0
2020104049,クイーンディーン,牝,竹下直人,,ザサンデーフサイチ,2004102855,グランドホール,2014110126,Sea The Stars,000a011c78,酒井孝敏,片岡博,152.4,2004.0,2014.0,2006.0
2020106307,ヤマショウチーター,牡,堀千亜樹,,ジャスタウェイ,2009106461,アファーブル,2009103890,ブライアンズタイム,000a000082,山下勇,オカモトファーム,152.3,2009.0,2009.0,1985.0
2020107144,ラッキーオスカル,牝,吉田司,,ファインニードル,2013100612,ジョウノマドンナ,2006105451,ダンスインザダーク,1993109188,岩崎美由紀,ヴェルサイユファーム,152.1,2013.0,2006.0,1993.0
2020102837,クリスマスディナー,セ,迫田清美,,ロードカナロア,2008103552,クリスマスキャロル,2007102758,アグネスタキオン,1998101516,（同）ＪＰＮ技研,社台ファーム,152.1,2008.0,2007.0,1998.0
2020107187,トキノウイナー,牡,上杉昌宏,,モンテロッソ,000a011b05,ケンブリッジヒカリ,2012101570,アドマイヤムーン,2003102991,田中準市,マリオステーブル,151.5,2007.0,2012.0,2003.0
2020104267,ベラストレーガ,牝,三小田幸,,ドゥラメンテ,2012104511,エイシンウルル,2014103046,ディープインパクト,2002100816,西村健,静内ファーム,151.5,2012.0,2014.0,2002.0
2020104576,ココナッツナッツ,牝,沖田明子,,レーヴミストラル,2012104929,スカイトウショウ,2002104944,ハウスバスター,000a000187,水崎なつみ,鳥谷勝彦,151.3,2012.0,2002.0,1987.0
2020106078,ミワテツニゴー,牡,櫻木英喜,,トゥザワールド,2011103975,グリッシーニ,2015106339,アドマイヤムーン,2003102991,石田哲也,レジェンドファーム,151.0,2011.0,2015.0,2003.0
2020106428,ミトノライメイ,牡,瀬戸口悟,,ベーカバド,000a011dc0,デルマオサキ,2010103773,ネオユニヴァース,2000101426,（有）Ｍ’ｓ,金成吉田牧場,150.8,2007.0,2010.0,2000.0
2020106423,エスペラール,牡,斉藤正弘,,レインボーライン,2013106183,モシモシ,2010106531,ジャングルポケット,1998101786,柳裕一郎,木村牧場,150.8,2013.0,2010.0,1998.0
2020101559,ポリフォニー,牝,佐藤祐司,,アジアエクスプレス,2011110091,シュペール,2013100355,ジャングルポケット,1998101786,Ｉレーシング（株）,下河辺牧場,150.5,2011.0,2013.0,1998.0
2020105220,ブラックディーバ,牝,中西達也,,カレンブラックヒル,2009106230,メジロフォーナ,2005102029,ナリタトップロード,1996102442,炭田豊,コスモヴューファーム,150.0,2009.0,2005.0,1996.0
2020102483,トーセンセルヴィア,牝,橋本和馬,,New Bay,000a012bc0,セルヴァティカ,000a014f4e,Southdale,000a014b99,島川隆哉,エスティファーム,150.0,2012.0,2013.0,2006.0
2020101226,エイジアンスター,牡,手塚貴久,,アジアエクスプレス,2011110091,トップオブドーラ,2004110263,Grand Slam,000a0022b9,藤田在子,天羽禮治,150.0,2011.0,2004.0,1995.0
2020106162,ウニタ,牡,田嶋弘幸,,ダンカーク,000a012185,ホエールシャーク,2002109448,ヘネシー,000a000178,西浦和男,清水スタッド,149.4,2006.0,2002.0,1993.0
2020106212,ベルモットエール,牝,坂口義幸,,バンブーエール,2003104100,スイートアリエッタ,2013103385,エンパイアメーカー,000a010542,太田雅貴,一珍棒牧場,149.1,2003.0,2013.0,2000.0
2020106696,マンディブラリス,牝,伊藤勝好,,マインドユアビスケッツ,000a01392e,サトノバーキン,2011102258,クロフネ,1998110135,遠藤喜和,ディアレストクラブ,149.0,2013.0,2011.0,1998.0
2020105843,エコログレイト,牡,柳井宏之,,ドレフォン,000a013b82,ビッグクィーン,2004100852,ブライアンズタイム,000a000082,星野裕光,北星村田牧場,149.0,2013.0,2004.0,1985.0
2020102580,グレースバローズ,牝,林正人,,ヘニーヒューズ,000a011155,バレエブラン,2001103019,ダンスインザダーク,1993109188,猪熊広次,追分ファーム,149.0,2003.0,2001.0,1993.0
2020100011,ハーピーモンブラン,牝,栗本陽一,,スピルバーグ,2009105961,シュンプウサイライ,2008103401,フレンチデピュティ,000a00013a,小林伸幸,稲葉牧場,149.0,2009.0,2008.0,1992.0
2020104440,カパリルア,牝,榎屋充,,ストロングリターン,2006102934,リノマカナ,2013104417,マンハッタンカフェ,1998101554,谷岡康成,谷岡牧場,148.8,2006.0,2013.0,1998.0
2020104583,ノースサイド,牡,岡田利一,,ラブリーデイ,2010104298,エネルバ,2005104480,ミラクルアドマイヤ,1995107939,油木大樹,西川富岡牧場,148.4,2010.0,2005.0,1995.0
2020103859,マミーマム,牝,佐々木国,,エスポワールシチー,2005102837,アートアロング,2010103399,アドマイヤムーン,2003102991,柴田実千代,大滝康晴,148.1,2005.0,2010.0,2003.0
2020105671,フィーユエクレール,牝,田島俊明,,ドレフォン,000a013b82,ブランカ,2013105509,ディープインパクト,2002100816,レッドマジック,ハクレイファーム,148.0,2013.0,2013.0,2002.0
2020103158,ワビスケ,牝,庄子昭彦,,サトノクラウン,2012104668,エムオークィーン,2015105316,スマートファルコン,2005100097,豊島愛子,ゼットステーブル,148.0,2012.0,2015.0,2005.0
2020106096,バドボーイ,牡,池田忠好,,ベーカバド,000a011dc0,ムネ,2016104028,スウィフトカレント,2001103189,渋谷忠一,濱野日出夫,147.9,2007.0,2016.0,2001.0
2020102335,サンライズサターン,牡,沖田明子,,コパノリッキー,2010106548,ブライトサファイヤ,2000106898,サンダーガルチ,000a00035c,扇原毅士,ヤナガワ牧場,147.8,2010.0,2000.0,1992.0
2020104086,ウェンダヴズクライ,牝,大垣敏夫,,リアルスティール,2012104889,ホットサマーデイ,2008105162,アポインテッドデイ,2001110204,三岡陽,木村秀則,147.5,2012.0,2008.0,2001.0
2020106094,アーモンドドラジェ,牝,栗本陽一,,モンドキャンノ,2014106235,モズジョーカー,2015103014,ロードカナロア,2008103552,（株）ラグジュアリー,高橋直人,147.3,2014.0,2015.0,2008.0
2020102930,トーホウダリンシア,牝,原口次夫,,ミッキーアイル,2011103916,ダイワウィズミー,2013105530,キングカメハメハ,2001103460,東豊物産,社台ファーム,147.2,2011.0,2013.0,2001.0
2020102153,クリノトンイ,牝,今津博之,,ヘニーヒューズ,000a011155,ツルマルミホ,2006102044,ネオユニヴァース,2000101426,栗本八江,宝寄山拓樹,146.9,2003.0,2006.0,2000.0
2020103415,レインボーロード,牝,頼本盛行,,レインボーライン,2013106183,シーオブラブ,2012104763,ディープインパクト,2002100816,大黒富美子,ノーザンファーム,146.5,2013.0,2012.0,2002.0
2020105248,カンキノナミダ,牡,中道啓二,,ラブイズブーシェ,2009101075,ノーブルムーン,2014100636,アドマイヤムーン,2003102991,静内白井牧場,佐藤義紀,146.0,2009.0,2014.0,2003.0
2020106326,サスケブリッコ,牝,金田一昌,,トゥザグローリー,2007103265,ラブリイステラ,2008101364,クロフネ,1998110135,高橋敏英,カナイシスタッド,145.9,2007.0,2008.0,1998.0
2020104064,ラストサミット,牝,藤ケ崎一,,セレン,2005105680,ガッダムアスカ,2009103448,スウェプトオーヴァーボード,000a00fa34,（有）武田興業,神垣道弘,145.9,2005.0,2009.0,1997.0
2020100822,ゼンダンミカメ,牡,倉地学,,ネロ,2011103722,セイウンクロエ,2012110053,Footstepsinthesand,000a0111b5,ゼンレーシング,大北牧場,145.8,2011.0,2012.0,2002.0
2020100737,ナディアクイーン,牝,石川浩文,,クリエイターII,000a013630,ナンヨークイーン,2006103405,トワイニング,000a000006,（同）ＪＰＮ技研,高昭牧場,145.8,2013.0,2006.0,1991.0
2020104109,ブルーブルースカイ,牝,藤田正治,,ジャスタウェイ,2009106461,ガーデニア,000a013711,Galileo,000a00232b,（株）ファーストビジ,グランド牧場,145.7,2009.0,2013.0,1998.0
2020101392,ノーザンクロス,牡,橘友和,,リアルスティール,2012104889,デネブ,2013104096,ハーツクライ,2001103038,山内晃,木部ファーム,145.6,2012.0,2013.0,2001.0
2020103169,トーアホウジョウ,牡,田口輝彦,,マインドユアビスケッツ,000a01392e,ツーオブアス,2009105859,フジキセキ,1992109618,高山ランド（株）,トーア牧場,145.2,2013.0,2009.0,1992.0
2020109008,マブテッシー,牡,藤ヶ崎一,,ウインバリアシオン,2008103206,ネオヴェリーフェズ,2007102893,ネオユニヴァース,2000101426,伊藤彰敏,荒谷牧場,145.1,2008.0,2007.0,2000.0
2020105778,マイネルパーヴェル,牡,尾原強,,ゴールドシップ,2009102739,マイネエカテリーナ,2009105193,アグネスタキオン,1998101516,谷謙介,ビッグレッドファーム,145.1,2009.0,2009.0,1998.0
2020102644,アイリーン,牝,安田翔伍,,ブラックタイド,2001103312,キューティゴールド,2004102762,フレンチデピュティ,000a00013a,シルクレーシング,社台コーポレーション白老ファーム,145.0,2001.0,2004.0,1992.0
2020107086,ジェイケイタルマエ,牝,高橋俊之,,ホッコータルマエ,2009100921,ジョルジーナ,2004103302,ホワイトマズル,1990109700,小谷野次郎,浜本牧場,144.9,2009.0,2004.0,1990.0
2020104669,オスカーウィナー,牡,大島静夫,,ロードカナロア,2008103552,ホクラニミサ,2011102452,ディープインパクト,2002100816,北原大史,服部牧場,144.8,2008.0,2011.0,2002.0
2020101349,ナックホリデー,牝,立花貢,,ルーラーシップ,2007103143,ナショナルホリデー,2004103244,ダンスインザダーク,1993109188,小松欣也,オリオンファーム,144.8,2007.0,2004.0,1993.0
2020104059,プライスレス,牝,桜田康二,,ビッグアーサー,2011103328,プライムチョイス,2015103245,ロードカナロア,2008103552,森本敏正,カタオカファーム,144.7,2011.0,2015.0,2008.0
2020103592,ミルザム,牝,加藤和宏,,サトノダイヤモンド,2013106101,プロクリス,2011104095,キングカメハメハ,2001103460,（株）ファーストビジ,ノーザンファーム,144.7,2013.0,2011.0,2001.0
2020107160,アナイス,牝,新井健児,,エイシンヒカリ,2011101273,エイシンシルダリア,2013102949,キングカメハメハ,2001103460,桧山博守,栄進牧場,144.5,2011.0,2013.0,2001.0
2020104247,アキノイロクサ,牝,今津勝之,,トランセンド,2006104736,ブーケパルフェ,2008100545,アフリート,000a000013,橘倍男,静内酒井牧場,144.5,2006.0,2008.0,1984.0
2020100935,テリオスカイ,牡,加藤和宏,,ミッキーアイル,2011103916,ルピナスベル,2013101518,ホワイトマズル,1990109700,（株）ファーストビジ,ヒダカファーム,144.4,2011.0,2013.0,1990.0
2020102086,カゲツ,牝,迫田清美,,フリオーソ,2004106867,ロトクレドール,2013100850,アドマイヤムーン,2003102991,（同）ＪＰＮ技研,広富牧場,144.1,2004.0,2013.0,2003.0
2020104233,ファンシーカラー,牝,井手上慎,,トーセンラー,2008102985,ルージュハート,2015105698,アグネスデジタル,1997110025,岡島晶子,サンコウ牧場,143.5,2008.0,2015.0,1997.0
2020107190,モーニングアイリス,牝,長谷川忍,,タリスマニック,000a013425,シャドウマスク,2011104370,ハーツクライ,2001103038,爲永良弘,成隆牧場,143.3,2013.0,2011.0,2001.0
2020106903,メイショウオウカ,牝,岡田稲男,,モーリス,2011100655,メイショウオウヒ,2008101769,マンハッタンカフェ,1998101554,松本好雄,三嶋牧場,143.0,2011.0,2008.0,1998.0
2020103964,イスティント,牝,松島壽,,アグネスデジタル,1997110025,シャイニングアイズ,2004104704,アグネスタキオン,1998101516,三岡陽,岡田猛,142.8,1997.0,2004.0,1998.0
2020101840,ガイアメモリ,牝,佐々木由,,ディープブリランテ,2009105084,ヘヴンアンドアース,2012101599,アドマイヤムーン,2003102991,シグラップ・マネジメ,ダーレー・ジャパン・ファーム,142.5,2009.0,2012.0,2003.0
2020106684,コンテパルティロ,牝,田中淳司,,ラニ,2013110045,ルミナーラ,2013103574,ヴィクトワールピサ,2007102923,ヒダカ・ブリーダーズ・ユニオン,辻牧場,142.4,2013.0,2013.0,2007.0
2020104492,プレンティーハーツ,牝,植松則幸,,ジャスタウェイ,2009106461,ダノングラシアス,2012103158,マンハッタンカフェ,1998101554,小橋亮太,千代田牧場,142.4,2009.0,2012.0,1998.0
2020105596,ヤマニントナーダ,牝,伊藤和,,トーセンジョーダン,2006103169,ヤマニンナジャーハ,2012100568,ディープインパクト,2002100816,土井久美子,錦岡牧場,142.0,2006.0,2012.0,2002.0
2020102151,シュバルツベルガー,牡,藤川純,,トビーズコーナー,000a011fed,シュガーハートコン,2009103007,オンファイア,2003102809,Ｉレーシング（株）,宝寄山拓樹,142.0,2008.0,2009.0,2003.0
2020103959,エターナルスノー,牝,森山英雄,,マインドユアビスケッツ,000a01392e,レットイットスノー,2009105711,ハーツクライ,2001103038,西岡透,岡田スタッド,141.7,2013.0,2009.0,2001.0
2020104826,コパノイノリ,牝,櫻井拓章,,コパノリッキー,2010106548,ルーシーイズマイン,2012104445,ネオユニヴァース,2000101426,小林照弘,へいはた牧場,141.6,2010.0,2012.0,2000.0
2020104310,スマートアリア,牝,三小田幸,,ジャスタウェイ,2009106461,デアリングワールド,2003102590,エンドスウィープ,000a00010f,（株）ＨＦＧ越後,静内山田牧場,141.2,2009.0,2003.0,1991.0
2020106314,キョウエイロッソ,牡,阪本一栄,,モンテロッソ,000a011b05,ミスバレイ,2009100304,スクワートルスクワート,000a000da4,田中晴夫,小倉牧場,141.0,2007.0,2009.0,1998.0
2020106001,ニシケンベーレ,牡,渡辺博文,,ニシケンモノノフ,2011105438,エルトベーレ,2007110033,Lion Heart,000a010ee2,野田芳,村田牧場,141.0,2011.0,2007.0,2001.0
2020106999,トミュリス,牝,藤ケ崎一,,パドトロワ,2007102760,エビスシハーブ,2012105757,ハーツクライ,2001103038,伊藤彰敏,山口義彦,140.8,2007.0,2012.0,2001.0
2020106242,エイシンデネボラ,牝,藤ヶ崎一,,ダイワメジャー,2001103114,エイシンアリエル,2012102269,サクラバクシンオー,1989108341,北澤信,栄進牧場,140.8,2001.0,2012.0,1989.0
2020107149,キクノビースト,牡,加藤和義,,アジアエクスプレス,2011110091,ドナメジャー,2009102846,ダイワメジャー,2001103114,菊池五郎,日西牧場,140.6,2011.0,2009.0,2001.0
2020104548,タイセイシャルム,牝,小野望,,シャンハイボビー,000a0127e4,ゴールドヴァレー,2010103081,ブライアンズタイム,000a000082,柏木一則,飛野牧場,140.4,2010.0,2010.0,1985.0
2020104719,キャメロンテソーロ,牡,川田孝好,,バゴ,2001190004,ヴェルナッツァ,000a011812,Unbridled's Song,000a002071,了徳寺健二ホールディングス,藤沢牧場,140.2,2001.0,2007.0,1993.0
2020106881,エニーデイナウ,牝,坂口智康,,リオンディーズ,2013105915,ダイヤモンドハイ,2011106101,アドマイヤムーン,2003102991,三嶋牧場,三嶋牧場,140.0,2013.0,2011.0,2003.0
2020106358,レゲエダンサー,牝,須田和伸,,ショウナンカンプ,1998102595,シンワシュシュ,2011106295,ファスリエフ,000a00fc4c,長島和彦,ガーベラパークスタッド,140.0,1998.0,2011.0,1997.0
2020105685,ボンフェット,牡,伊藤伸一,,キズナ,2010105827,フェートデュヴァン,2000101506,メジロマックイーン,1987107235,栗坂崇,ハシモトファーム,140.0,2010.0,2000.0,1987.0
2020104341,マテンロウメテオラ,牡,昆貢,,ハーツクライ,2001103038,ブロームフォンテン,000a0117cb,Cape Cross,000a0022ae,寺田千代乃,タイヘイ牧場,140.0,2001.0,2001.0,1994.0
2020103890,ホウオウフェアリー,牝,尾形和幸,,スクリーンヒーロー,2004103328,クイックメール,2006100870,タイキシャトル,1994109686,小笹芳央,岡田スタッド,140.0,2004.0,2006.0,1994.0
2020103324,コスモフランメ,牝,宮徹,,エピファネイア,2010104155,ガールオンファイア,2009106401,アグネスタキオン,1998101516,ビッグレッドファーム,ノーザンファーム,140.0,2010.0,2009.0,1998.0
2020100942,ハシッテマウデ,牡,渋谷信博,,メイショウボーラー,2001100650,ピンクブリザード,2014106086,ダイワメジャー,2001103114,安田智彦,フクオカファーム,140.0,2001.0,2014.0,2001.0
2020100434,ローレンクサナギ,牡,堀江仁,,リオンディーズ,2013105915,ケージーヒトメボレ,2009104474,ジャングルポケット,1998101786,（株）ローレン,松本牧場,140.0,2013.0,2009.0,1998.0
2020100106,カワキタハクギン,牡,浜田多実,,ゴールドシップ,2009102739,カワキタラブポップ,2006101708,クロフネ,1998110135,川島徹郎,木田牧場,140.0,2009.0,2006.0,1998.0
2020104226,オオエペガサス,牡,雑賀伸一,,タリスマニック,000a013425,ハートエンジェル,2014102214,アドマイヤムーン,2003102991,生部初男,佐竹学,139.8,2013.0,2014.0,2003.0
2020100190,ユーセイルミナス,牝,藤田正治,,スノードラゴン,2008104268,インフィニティラヴ,2013103018,ファルブラヴ,1998190004,浅井隆夫,佐藤鉄也,139.8,2008.0,2013.0,1998.0
2020101428,クラウンレイエス,牡,渡辺博文,,ラニ,2013110045,ナナリー,2010100665,Doyen,000a010533,サンエツ企画（有）,クラウン日高牧場,139.4,2013.0,2010.0,2000.0
2020109157,ユクサキタ,牝,九日俊光,,ケイムホーム,000a0108d1,エフェクト,2012109205,スクワートルスクワート,000a000da4,新保孝一,新保孝一,139.2,1999.0,2012.0,1998.0
2020104329,キタノニードル,牝,沖田明子,,ファインニードル,2013100612,クインズジュエリー,2013104519,ハービンジャー,000a011996,北所拓也,曾我博,139.2,2013.0,2013.0,2006.0
2020107202,ユアフィスカス,牡,藤川純,,マインドユアビスケッツ,000a01392e,チャーミングホープ,2015106503,キングズベスト,000a0022d2,（株）ＭＭＣ,大道牧場,138.9,2013.0,2015.0,1997.0
2020104830,ヴォーグシャララ,牝,佐藤雅彦,,クリエイターII,000a013630,キャプテンヴォーグ,2013105697,キャプテントゥーレ,2005102216,志村幸彦,北洋牧場,138.9,2013.0,2013.0,2005.0
2020101724,サーフライド,牡,及川良春,,ビッグアーサー,2011103328,ベルモントラハイナ,2011105260,スウィフトカレント,2001103189,岩渕瑞生,スマイルファーム,138.9,2011.0,2011.0,2001.0
2020105688,シャルトターク,牝,野田忍,,ルーラーシップ,2007103143,プラージュ,2006102820,スペシャルウィーク,1995103211,グリーンウッド（株,ハシモトファーム,138.6,2007.0,2006.0,1995.0
2020105204,ウインダンスタイム,牝,三小田幸,,マインドユアビスケッツ,000a01392e,コスモダンスナイト,2003100691,ダンスインザダーク,1993109188,北原大史,コスモヴューファーム,138.5,2013.0,2003.0,1993.0
2020103362,ハーベストデイ,牡,櫻田康二,,マインドユアビスケッツ,000a01392e,グローリアスデイズ,2001103340,サンデーサイレンス,000a00033a,星野隆男,ノーザンファーム,138.3,2013.0,2001.0,1986.0
2020102714,ノヴェント,牝,三野宮通,,エピファネイア,2010104155,メガン,2014105302,ディープインパクト,2002100816,後藤順男,社台コーポレーション白老ファーム,138.3,2010.0,2014.0,2002.0
2020102407,シアワセノアシオト,牝,晴山厚司,,ドレフォン,000a013b82,ライブリースプライト,000a01340c,Dansili,000a010a5f,小橋亮太,アスラン,138.3,2013.0,2011.0,1996.0
2020106029,タマモソリスト,牡,加藤和宏,,シャンハイボビー,000a0127e4,チャームドリーム,2006105053,フレンチデピュティ,000a00013a,（株）ファーストビジ,守矢牧場,138.2,2010.0,2006.0,1992.0
2020105454,ネロブルグ,牝,那俄性哲,,ネロ,2011103722,ショウナンカグラ,2001107800,アジュディケーティング,000a000d5d,西森鶴,中地義次,138.2,2011.0,2001.0,1987.0
2020104471,ウインユニバース,牡,藤田正治,,アメリカンペイトリオット,000a013bba,グローバルハート,2010102953,クロフネ,1998110135,（同）ＪＰＮ技研,千代田牧場,138.1,2013.0,2010.0,1998.0
2020110098,マレフィセントラヴ,牝,山下貴之,,Arrogate,000a013798,Highway Mary,000a01bc5e,U S Ranger,000a011df6,栗山学,Fred W. Hertrich III,138.0,2013.0,2013.0,2004.0
2020106730,ホウショウルキナ,牝,河内洋,,ドゥラメンテ,2012104511,ストライキングヴェイル,000a011e10,Smart Strike,000a00211c,芳賀美知子,富田牧場,138.0,2012.0,2008.0,1992.0
2020106044,エクセルウェッジ,牡,川添明弘,,ビッグアーサー,2011103328,エーピーモモ,2003100414,ダンスインザダーク,1993109188,谷川正純,山岡ファーム,138.0,2011.0,2003.0,1993.0
2020106036,タガノマカロン,牝,藤沢則雄,,マインドユアビスケッツ,000a01392e,タガノチャンス,2012100519,スペシャルウィーク,1995103211,八木良司,八木牧場,138.0,2013.0,2012.0,1995.0
2020105948,ドゥラミチャン,牝,加藤征弘,,ドゥラメンテ,2012104511,フラットウェアー,000a0143cc,Flatter,000a010d05,阿部友弘,村上欽哉,138.0,2012.0,2013.0,1999.0
2020105644,リヴァーレ,牝,松永幹夫,,モーリス,2011100655,ファヴォーラ,2014103537,Frankel,000a01239b,寺田寿男,ノースヒルズ,138.0,2011.0,2014.0,2008.0
2020103681,リッスンアップ,牝,藤岡健一,,リアルスティール,2012104889,リッスン,000a011aa0,Sadler's Wells,000a00185d,サンデーレーシング,ノーザンファーム,138.0,2012.0,2005.0,1981.0
2020100458,ボン,牡,宮路洋一,,バゴ,2001190004,ボロンベルラルーン,2010101659,アドマイヤムーン,2003102991,上岡和男,三石川上牧場,138.0,2001.0,2010.0,2003.0
2020107067,レディボレロ,牝,伊藤強一,,ハービンジャー,000a011996,アルゴロオジエ,2014101904,ハーツクライ,2001103038,岩崎美由紀,ヴェルサイユファーム,137.7,2006.0,2014.0,2001.0
2020105883,シンゼンアツタ,牡,中川雅之,,エピファネイア,2010104155,ボナマティーナ,2015100810,キングズベスト,000a0022d2,吉田勝利,松浦牧場,137.6,2010.0,2015.0,1997.0
2020102454,ゼファーラーテル,牡,井上哲,,ルーラーシップ,2007103143,マトゥラー,2009106434,ディープインパクト,2002100816,伊藤弘泰,上水牧場,137.5,2007.0,2009.0,2002.0
2020100561,ワンダーエッグ,牝,九日俊光,,マクフィ,000a011c77,ワンダーショコラ,2015103457,マンハッタンカフェ,1998101554,山本能成,秋場牧場,137.4,2007.0,2015.0,1998.0
2020106902,メイショウエース,牡,有馬澄男,,ワールドエース,2009106353,メイショウエクレール,000a014480,Le Havre,000a01198f,松本好隆,三嶋牧場,137.2,2009.0,2016.0,2006.0
2020103144,ミラージュフルール,牝,佐久間雅,,ゴールドアクター,2011105266,レネシャーンティア,2012103834,ホールウォーカー,2003105250,（有）太盛,ストロベリーフィールドファーム,137.2,2011.0,2012.0,2003.0
2020107010,キバルダンシ,牡,鈴木義久,,ファインニードル,2013100612,ポワンセティ,2015100544,ロードカナロア,2008103552,須山悟至,山田昇史,137.0,2013.0,2015.0,2008.0
2020103583,ピュアブラック,牝,角田輝也,,キタサンブラック,2012102013,プチノワール,2005102710,シングスピール,1992190005,シルクレーシング,ノーザンファーム,137.0,2012.0,2005.0,1992.0
2020100862,スターオブエース,牡,嶋田幸晴,,ヤマカツエース,2012102774,ヤマカツサユリ,2011103685,マンハッタンカフェ,1998101554,光安了,富塚ファーム,137.0,2012.0,2011.0,1998.0
2020100777,ジュライナイン,牝,蛯名雄太,,ジョーカプチーノ,2006100529,ララミニョンヌ,2011103337,プリサイスエンド,000a00fe9b,川添裕起,斉藤政志,137.0,2006.0,2011.0,1997.0
2020101098,ジェーバディ,牡,秋田大助,,ジャングルポケット,1998101786,タイセイアモーレ,2013106009,ゼンノロブロイ,2000101517,国重政信,中田牧場,136.5,1998.0,2013.0,2000.0
2020105035,パウパトロール,牝,伊藤滋規,,ビーチパトロール,000a0141f9,ハルトリーゲル,2009104457,ファスリエフ,000a00fc4c,桧森高史,石田牧場,136.0,2013.0,2009.0,1997.0
2020103630,グランドジョラス,牡,福田真広,,サトノダイヤモンド,2013106101,マンドゥラ,000a0120f4,Danehill Dancer,000a002309,池谷誠一,ノーザンファーム,136.0,2013.0,2007.0,1993.0
2020101774,ドリームラッシュ,牝,迫田清美,,ルーラーシップ,2007103143,リーサルウェポン,2011100497,ディープインパクト,2002100816,酒井孝敏,タバタファーム,135.7,2007.0,2011.0,2002.0
2020106426,マテンロウブルース,牡,井樋明正,,メイショウボーラー,2001100650,シーソング,2004101905,コマンダーインチーフ,000a0000b0,田頭勇貴,金成吉田牧場,135.6,2001.0,2004.0,1990.0
2020106201,キーコンパス,牝,迫田清美,,トーセンラー,2008102985,マイネプルメリア,2008104486,キングカメハメハ,2001103460,蟹江知彦,赤田牧場,135.6,2008.0,2008.0,2001.0
2020106093,アーニーセカンド,牝,土屋洋之,,ゴールドアクター,2011105266,ウォーターウェイ,2012101592,コンデュイット,2005190006,高井貞明,高橋直人,135.5,2011.0,2012.0,2005.0
2020103081,エイガウマザンマイ,牡,八木仁,,スピルバーグ,2009105961,ラヴファンシフル,2015104427,ハービンジャー,000a011996,北原大史,社台ファーム,135.5,2009.0,2015.0,2006.0
2020104852,シャトランジ,牡,伊藤強一,,ハービンジャー,000a011996,タンギモウジア,2013105189,ハーツクライ,2001103038,川上和彦,前谷武志,135.3,2006.0,2013.0,2001.0
2020101824,エブアンドフロウ,牝,迫田清美,,ブラックタイド,2001103312,タッチII,000a011a55,Pulpit,000a002133,杉本剛彦,ダーレー・ジャパン・ファーム,135.3,2001.0,2007.0,1994.0
2020104339,キタノサウンド,牝,戸部尚実,,リアルスティール,2012104889,ドリームバラード,2009103705,タニノギムレット,1999100226,北所拓也,タイヘイ牧場,135.2,2012.0,2009.0,1999.0
2020104268,ブーケスマイル,牝,角田輝也,,ドゥラメンテ,2012104511,エンゲージスマイル,2014105434,シンボリクリスエス,1999110099,（株）ヒダカ・ブリー,静内ファーム,135.1,2012.0,2014.0,1999.0
2020103812,シャーロットローズ,牝,飯田弘道,,サトノクラウン,2012104668,ダマスクローズ,2003102609,アグネスタキオン,1998101516,北原大史,アフリートファーム,135.1,2012.0,2003.0,1998.0
2020110086,ロスマリンブルー,牝,宮川浩一,,Zoustar,000a013f8e,ニュープロヴィデンス,000a01b4fe,Bahamian Bounty,000a013f6a,吉田千津,Shadai Farm,135.0,2010.0,2012.0,1994.0
2020104277,ピエルナフェルテ,牡,吉見真幸,,ホッコータルマエ,2009100921,スマートアルティラ,2007100654,ブライアンズタイム,000a000082,原将太,静内ファーム,135.0,2009.0,2007.0,1985.0
2020102969,ルージュレクラン,牝,川島洋人,,レッドファルクス,2011104416,ヌーベルバーグ,2008102997,ディープインパクト,2002100816,岡展宏,社台ファーム,134.5,2011.0,2008.0,2002.0
2020101521,チバリヨー,牝,堀江仁,,スピルバーグ,2009105961,レインボーマリーン,2006103251,サクラバクシンオー,1989108341,鈴木伸哉,鹿戸和幸,134.5,2009.0,2006.0,1989.0
2020106887,サウンドシエル,牝,坂本和也,,サウンドスカイ,2013104773,ハートアンドハート,2010103855,ハーツクライ,2001103038,増田雄一,三嶋牧場,134.4,2013.0,2010.0,2001.0
2020101619,リオンキッド,牝,小野望,,リオンディーズ,2013105915,キミーズキッド,000a0112b0,Exploit,000a002319,庄野宏志,庄野牧場,134.4,2013.0,2001.0,1996.0
2020104547,リュウノラファール,牡,加藤和義,,Blame,000a0122f4,オールフラッグズフライング,000a015974,War Front,000a011d00,蓑島竜一,飛野牧場,134.0,2006.0,2015.0,2002.0
2020103843,スッピン,牝,角田輝也,,ファインニードル,2013100612,ウエスタンベッラ,2008100923,ハーツクライ,2001103038,福島徳佑,ウエスタンファーム,133.8,2013.0,2008.0,2001.0
2020103906,ティエラボニータ,牡,山田徹,,イスラボニータ,2011103565,スプリングボード,2000102582,アサティス,1985109002,ノルマンディーサラブレッドレーシング,岡田スタッド,133.7,2011.0,2000.0,1985.0
2020100595,モーニングシスター,牝,塚田隆男,,シニスターミニスター,000a011099,ゴールドマーチ,2014103027,タイムパラドックス,1998101683,（有）崇富商業,王蔵牧場,133.7,2003.0,2014.0,1998.0
2020104399,コロネット,牝,栗田泰昌,,マクフィ,000a011c77,グレースグランド,2011101943,アドマイヤムーン,2003102991,酒井孝敏,田中裕之,133.5,2007.0,2011.0,2003.0
2020103919,スノーベル,牝,田中譲二,,スノードラゴン,2008104268,トーセンイレイシャ,2000101777,Silver Hawk,000a0019b4,今井高之,岡田スタッド,133.5,2008.0,2000.0,1979.0
2020106568,アイランドガール,牝,別府真司,,ミッキーアイル,2011103916,プレインズウーマン,000a013e83,Zensational,000a0119b2,濱口正章,谷川牧場,133.4,2011.0,2013.0,2006.0
2020105708,ヘリックス,牡,柳井宏之,,サトノダイヤモンド,2013106101,アップワードスパイラル,000a012509,Teofilo,000a01139e,北原大史,パカパカファーム,133.4,2013.0,2010.0,2004.0
2020105222,カントリーマダム,牝,栗本陽一,,ベーカバド,000a011dc0,エナジーブルー,2009104165,アグネスタキオン,1998101516,吉田勝利,今野活博,133.2,2007.0,2009.0,1998.0
2020105102,ミラクルサーダ,牝,織田誠,,ヴァンセンヌ,2009106525,ガランティサーダ,2008103103,ゼンノロブロイ,2000101517,櫨山慶次,海馬沢明,133.2,2009.0,2008.0,2000.0
2020101882,マサノゴールド,牡,飯田弘道,,サトノダイヤモンド,2013106101,パーフェクトチャンス,000a0114ad,Unbridled's Song,000a002071,小橋亮太,チャンピオンズファーム,133.2,2013.0,2005.0,1993.0
2020105475,ウマダッチ,牡,金田一昌,,ディスクリートキャット,000a0113a1,カネツプリンセス,2001105898,サクラバクシンオー,1989108341,大田恭充,中山高鹿康,133.1,2003.0,2001.0,1989.0
2020103024,サーキュラーキー,牡,川田孝好,,キタサンブラック,2012102013,ブリッジクライム,2009106032,ゼンノロブロイ,2000101517,（株）玄柑舎,社台ファーム,132.9,2012.0,2009.0,2000.0
2020109004,サツキダンサー,牝,藤田正治,,ウインバリアシオン,2008103206,カリアティード,2013106151,カジノドライヴ,2005110112,（株）さくらコーポレ,荒谷牧場,132.8,2008.0,2013.0,2005.0
2020104628,ナムラフレディー,牡,宇都英樹,,サトノアラジン,2011104063,ナムラエメラルド,2008100057,ファンタスティックライト,1996190005,安部重夫,野坂牧場,132.6,2011.0,2008.0,1996.0
2020104688,スーパーラピッド,牝,加藤誠一,,ベストウォーリア,2010110127,アイヲシルニッポン,2013104733,スタチューオブリバティ,000a0109d5,吉岡泰治,原ファーム,132.5,2010.0,2013.0,2000.0
2020101789,コードゼロ,牡,伊藤和,,タリスマニック,000a013425,ヴァレッタ,000a011a1b,Cape Cross,000a0022ae,川上和彦,ダーレー・ジャパン・ファーム,131.1,2013.0,2006.0,1994.0
2020103911,ジェミースター,牝,高橋優子,,ジャスタウェイ,2009106461,タマヒカル,2002102475,パラダイスクリーク,1989109110,関根渉,岡田スタッド,130.5,2009.0,2002.0,1989.0
2020100438,キョウエイミランダ,牝,佐々木仁,,ホッコータルマエ,2009100921,シルクメガヒット,2002101525,サンデーサイレンス,000a00033a,田中晴夫,水上習孝,130.5,2009.0,2002.0,1986.0
2020105541,タガノチェイス,牡,奥村豊,,ドレフォン,000a013b82,タガノバトラ,2013105637,フレンチデピュティ,000a00013a,八木良司,新冠タガノファーム,130.0,2013.0,2013.0,1992.0
2020104741,オリビアミノル,牝,本田優,,ルーラーシップ,2007103143,エテルナミノル,2013104783,エンパイアメーカー,000a010542,吉岡實,フジワラファーム,130.0,2007.0,2013.0,2000.0
2020102920,ピーエムギャレット,牝,市村誠,,モーリス,2011100655,セレナビアンカ,2011104451,ジャングルポケット,1998101786,松山毅,社台ファーム,130.0,2011.0,2011.0,1998.0
2020102399,エヌタンホイザー,牡,山田義人,,ビッグアーサー,2011103328,ユニヴァースパール,2012104132,ネオユニヴァース,2000101426,成富直行,若林順一,130.0,2011.0,2012.0,2000.0
2020100921,シャインフェアリー,牝,天間昭一,,ディーマジェスティ,2013104704,スパイスフェアリー,2011102763,シニスターミニスター,000a011099,ヒダカ・ブリーダーズ・ユニオン,ヒダカファーム,130.0,2013.0,2011.0,2003.0
2020104839,キープシャイン,牡,菅原勲,,バゴ,2001190004,ハルサエクレバ,2012103536,スペシャルウィーク,1995103211,北村和江,真歌田中牧場,129.9,2001.0,2012.0,1995.0
2020101935,マリアンヌ,牝,瀬戸幸一,,ベストウォーリア,2010110127,コンバットアマゾン,2009102764,ダンスインザダーク,1993109188,安藤浩也,中川欽一,129.9,2010.0,2009.0,1993.0
2020107164,パドドゥファイン,牝,矢野久美,,ディスクリートキャット,000a0113a1,ホーチャム,2012104042,ステイゴールド,1994108729,川添裕起,シグラップファーム,129.0,2003.0,2012.0,1994.0
2020104933,ロックジャム,牝,伊藤強一,,ベストウォーリア,2010110127,サクラメガマックス,2004104498,クロフネ,1998110135,（同）ＪＰＮ技研,山田牧場,129.0,2010.0,2004.0,1998.0
2020100971,ヴォーノハート,牝,飯田良弘,,バゴ,2001190004,ユメノツリー,2015106480,ブラックタイド,2001103312,平口信行,三好牧場,129.0,2001.0,2015.0,2001.0
2020101067,カンナリ,牡,池田忠好,,トゥザワールド,2011103975,マルマツキセキ,2002106210,カコイーシーズ,1986109001,（株）玄柑舎,黒川賢司,128.9,2011.0,2002.0,1986.0
2020105241,ハクアイコーラル,牝,松浦裕之,,ベストウォーリア,2010110127,スノーキトゥン,000a0114b0,Storm Cat,000a001a98,アシスト・ハクユウ不,佐藤牧場,128.8,2010.0,2001.0,1983.0
2020100657,スターグローリー,牝,植松則幸,,トゥザグローリー,2007103265,エミネンツァベルタ,2004102145,タイキシャトル,1994109686,（株）ファーストビジ,北俣ファーム,128.7,2007.0,2004.0,1994.0
2020105880,テイエムネイア,牝,平山宏秀,,エピファネイア,2010104155,フラワーハート,2011105310,サムライハート,2002100996,竹園正繼,松浦牧場,128.6,2010.0,2011.0,2002.0
2020103882,ラヴィングメモリー,牝,栗本陽一,,マインドユアビスケッツ,000a01392e,エーデルメイシュ,2013103966,ヴィクトワールピサ,2007102923,宮崎孝一郎,岡田スタッド,128.6,2013.0,2013.0,2007.0
2020104401,ピオニーシャルム,牝,及川良春,,ダイワメジャー,2001103114,トールディクイント,000a013e7d,Sea The Stars,000a011c78,谷謙介,田中裕之,128.5,2001.0,2015.0,2006.0
2020102288,モエヨジャンヌ,牝,箕輪武,,パドトロワ,2007102760,エースジャンヌ,2009105390,オンファイア,2003102809,望月朋子,門別牧場,128.5,2007.0,2009.0,2003.0
2020103059,ロイヤルワラント,牝,伊藤強一,,ジャスタウェイ,2009106461,マリアロワイヤル,000a011dc8,モンジュー,1996190001,石井啓之,社台ファーム,128.4,2009.0,2007.0,1996.0
2020105174,サウンドミライ,牝,柳井宏之,,サウンドスカイ,2013104773,ラインジェシカ,2007104155,マーベラスサンデー,1992103687,中田喜久子,小泉牧場,128.3,2013.0,2007.0,1992.0
2020102101,デルマウワテナゲ,牡,山田徹,,エイシンフラッシュ,2007102951,デルマアマノジャク,2010100969,オンファイア,2003102809,浅沼廣幸,ファニーヒルファーム,128.0,2007.0,2010.0,2003.0
2020100025,マジカルウェーヴ,牝,大島静夫,,リアルスティール,2012104889,パワーフレーズ,2014100973,クロフネ,1998110135,吉岡時美,上村清志,128.0,2012.0,2014.0,1998.0
2020102175,レディースピーダー,牝,瀬戸幸一,,スマートファルコン,2005100097,ナイスゴールド,2009102332,サウスヴィグラス,1996110138,会田裕一,細川牧場,127.7,2005.0,2009.0,1996.0
2020101530,ライメイウィザード,牝,井樋明正,,ノボジャック,1997110152,クイーンバイオ,2006106307,キングカメハメハ,2001103460,小橋亮太,渋谷健作,127.6,1997.0,2006.0,2001.0
2020104221,ニホンピログリット,牡,今津勝之,,ヘニーヒューズ,000a011155,ニホンピロカミーユ,2014104876,カネヒキリ,2002100978,小林英一,佐竹学,127.5,2003.0,2014.0,2002.0
2020107138,マイヴェリテ,牡,金田一昌,,モンテロッソ,000a011b05,メグリ,2007104224,フジキセキ,1992109618,安川幸彦,川上牧場,127.4,2007.0,2007.0,1992.0
2020106870,カーメラ,牝,後藤佑耶,,コパノリッキー,2010106548,シンメイスバル,2009100792,アドマイヤムーン,2003102991,川田篤,三嶋牧場,127.2,2010.0,2009.0,2003.0
2020105001,ユウユウヴィグール,牡,三小田幸,,ヴァンセンヌ,2009106525,ベルモントエルメス,2006104908,ティンバーカントリー,000a00035e,北原大史,アサヒ牧場,127.2,2009.0,2006.0,1992.0
2020100448,カワカミエレガンス,牝,川西毅,,デクラレーションオブウォー,000a0136f6,カワカミプリンセス,2003107045,キングヘイロー,1995104427,上山浩司,三石川上牧場,126.9,2009.0,2003.0,1995.0
2020104361,ペイシャアップ,牝,九日俊光,,ダノンレジェンド,2010110102,アップファーレン,2015105269,ハードスパン,000a0116a1,北所拓也,高橋ファーム,126.8,2010.0,2015.0,2004.0
2020100163,ランラビットラン,牝,廣森久雄,,ホッコータルマエ,2009100921,フィラデルフィア,2011103453,ディープインパクト,2002100816,光安了,ケイアイファーム,126.5,2009.0,2011.0,2002.0
2020105019,ミトノクリール,牝,永島太郎,,ヘニーヒューズ,000a011155,アラマサスナイパー,2003100057,ステイゴールド,1994108729,南通運送（有）,アラキファーム,126.4,2003.0,2003.0,1994.0
2020105429,ラスリングプレス,牡,真島元徳,,アジアエクスプレス,2011110091,ラパンノワール,2013105700,ステイゴールド,1994108729,國武佳博,飛渡牧場,126.3,2011.0,2013.0,1994.0
2020103768,ウインドメイヒメ,牝,野田幸雄,,カレンブラックヒル,2009106230,メイショウウケヅキ,2011106526,フレンチデピュティ,000a00013a,福原正博,ヤマイチ牧場,126.2,2009.0,2011.0,1992.0
2020103015,テキーラプリティ,牝,甲田悟史,,ハーツクライ,2001103038,フリアアステカ,000a013dad,Zensational,000a0119b2,吉田千津,社台ファーム,126.0,2001.0,2013.0,2006.0
2020106052,イカリ,牝,高馬元紘,,アメリカンペイトリオット,000a013bba,ノーモアクライ,2003110105,Cozzene,000a001bda,和田博美,山岡牧場,125.6,2013.0,2003.0,1980.0
2020105003,オフトン,牝,中川雅之,,ニシケンモノノフ,2011105438,ラプチュア,2015100031,バンブーエール,2003104100,横田秀明,アサヒ牧場,125.5,2011.0,2015.0,2003.0
2020105784,ウィッチハット,牝,井樋明正,,スクリーンヒーロー,2004103328,マイネソルシエール,2008104953,ロージズインメイ,000a010a10,吉田哲,ビッグレッドファーム,125.2,2004.0,2008.0,2000.0
2020100439,グレートゴールド,牡,千葉幸喜,,リアルスティール,2012104889,スキャンダルシート,000a0120fd,Galileo,000a00232b,ゴールドレーシング,水上習孝,125.2,2012.0,2006.0,1998.0
2020105686,パガファンタス,牡,打越勇児,,ルーラーシップ,2007103143,ブライトエピローグ,2014105576,ダイワメジャー,2001103114,前川企画,ハシモトファーム,125.0,2007.0,2014.0,2001.0
2020103569,ブレガーロード,セ,岩戸孝樹,,Quality Road,000a011cff,フォトコール,000a01560b,Galileo,000a00232b,キャロットファーム,ノーザンファーム,125.0,2006.0,2011.0,1998.0
2020104419,サクラストリーム,牡,村上正和,,ラブリーデイ,2010104298,サクラシオン,2008101034,サクラプレジデント,2000102261,さくらコマース,谷岡スタット,124.7,2010.0,2008.0,2000.0
2020105556,クインズイザナミ,牝,松浦聡志,,スクリーンヒーロー,2004103328,アースザスリー,2010101280,シンボリクリスエス,1999110099,亀田和弘,新冠橋本牧場,124.4,2004.0,2010.0,1999.0
2020101053,シャイニーコンドル,セ,佐々木由,,ベルシャザール,2008103004,ノードラメール,2009110012,ロックオブジブラルタル,000a00fd4c,小林昌志,川向高橋育成牧場,124.1,2008.0,2009.0,1999.0
2020105126,バーバラサクラ,牝,雑賀伸一,,バトルプラン,000a0118e8,パラマンボハーバー,2010106161,アドマイヤジャパン,2002102324,木村公子,カミイスタット,124.0,2005.0,2010.0,2002.0
2020104143,カナールティアラ,牝,内田勝義,,シャンハイボビー,000a0127e4,ホールドミータイト,2011101944,コマンズ,000a011625,小松芳子,グランド牧場,124.0,2010.0,2011.0,1996.0
2020103879,グレイシャスオーラ,牝,川島豊,,マジェスティックウォリアー,000a011e9c,エレガンテココ,2008103603,ブラックホーク,1994109361,（株）ファーストビジ,岡田スタッド,123.8,2005.0,2008.0,1994.0
2020102773,ラプンタ,牝,本名信行,,リアルスティール,2012104889,ヴァインドレッサー,2002100510,エンドスウィープ,000a00010f,（株）ファーストビジ,社台ファーム,123.4,2012.0,2002.0,1991.0
2020100366,ディオスシチー,牡,井樋一也,,ルーラーシップ,2007103143,ディオーサシチー,2010101580,シンボリクリスエス,1999110099,中村嘉一,幌村牧場,123.2,2007.0,2010.0,1999.0
2020105135,クリノジルバ,牝,伊藤勝好,,ワールドエース,2009106353,クリノメダリスト,2006106767,ステイゴールド,1994108729,（有）ホースケア,上井農場,123.1,2009.0,2006.0,1994.0
2020106540,デライトアルバム,牝,米川昇,,ダンカーク,000a012185,リミックスアルバム,2010104825,キングカメハメハ,2001103460,田中定彦,田中スタッド,123.0,2006.0,2010.0,2001.0
2020102887,キラメクミナミ,牝,加藤幸保,,キズナ,2010105827,シーニーンガール,000a012944,Spring At Last,000a0127d9,亀岡和彦,社台ファーム,123.0,2010.0,2010.0,2003.0
2020103950,ウインドアカネール,牝,野田幸雄,,ビーチパトロール,000a0141f9,ヤマトサクラコ,2009103328,ディープインパクト,2002100816,福原正博,岡田スタッド,122.7,2013.0,2009.0,2002.0
2020104771,パミーラ,牝,安部幸夫,,マスクゾロ,2011110069,ペルセクション,2010110084,Invasor,000a0114ba,門野重雄,フジワラファーム,122.6,2011.0,2010.0,2002.0
2020104858,アプロ,牡,吉見真幸,,ポアゾンブラック,2009102733,アマノブラウニイー,2007102089,サクラバクシンオー,1989108341,徳丸初盛,前田牧場,122.5,2009.0,2007.0,1989.0
2020104569,アリバダ,牝,小野望,,トゥザワールド,2011103975,ハローアゲイン,2003105689,アグネスタキオン,1998101516,和田博美,友田牧場,122.1,2011.0,2003.0,1998.0
2020106615,ホットシップ,牝,高橋俊之,,ルーラーシップ,2007103143,モントボーゲン,2011104125,ゼンノロブロイ,2000101517,（株）Ｔ．Ｕ．Ｋ．,大道牧場,122.0,2007.0,2011.0,2000.0
2020105806,オールデイズ,牝,相沢郁,,ディーマジェスティ,2013104704,ピノブラン,2007103065,クロフネ,1998110135,サラブレッドクラブ・ラフィアン,ブルースターズファーム,122.0,2013.0,2007.0,1998.0
2020105351,キタノチャリブル,牡,小西一男,,サトノクラウン,2012104668,アレキサンドリア,2003102792,サンデーサイレンス,000a00033a,北所直人,タニグチ牧場,122.0,2012.0,2003.0,1986.0
2020103796,フドウシン,セ,菅原勲,,アジアエクスプレス,2011110091,メジロミドウ,2008102519,ステイゴールド,1994108729,引地大介,レイクヴィラファーム,122.0,2011.0,2008.0,1994.0
2020105555,アンジュアムール,牝,山田徹,,アドマイヤムーン,2003102991,アドマイヤカグラ,2007103029,スペシャルウィーク,1995103211,今川和亮,新冠橋本牧場,121.9,2003.0,2007.0,1995.0
2020103804,ボールズピラミッド,牡,小野望,,イスラボニータ,2011103565,サラーシス,000a013877,Sharp Humor,000a01180b,吉田照哉,社台ファーム,121.7,2011.0,2012.0,2003.0
2020101912,アークウイングラス,牝,嶋田幸晴,,リアルインパクト,2008103244,ウインクルグラス,2002106552,グラスワンダー,1995108676,アークフロンティア,出口牧場,121.7,2008.0,2002.0,1995.0
2020102370,リコーブローニング,牡,山元博徳,,スマートファルコン,2005100097,リコーフィオラノ,2012100964,シンボリクリスエス,1999110099,（株）ファーストビジ,リコーファーム,121.6,2005.0,2012.0,1999.0
2020105856,キラーホエール,牡,保利良次,,ホッコータルマエ,2009100921,ロンギングシャネル,2010104187,ネオユニヴァース,2000101426,石瀬浩三,細川農場,121.5,2009.0,2010.0,2000.0
2020103222,アッシャーカット,牡,田中伸一,,サトノダイヤモンド,2013106101,アルテリテ,000a012c83,Literato,000a01289b,木村益生,ノーザンファーム,121.5,2013.0,2010.0,2004.0
2020102436,プーリアフレイバー,牡,福永敏,,マクフィ,000a011c77,アントワープ,2007102378,キングカメハメハ,2001103460,尾田信夫,上水牧場,121.5,2007.0,2007.0,2001.0
2020107052,ライヴビネガー,牡,菅原勲,,ビッグアーサー,2011103328,ドゥエベリーニ,2015106088,マンハッタンカフェ,1998101554,澤田孝之,高岸順一,121.0,2011.0,2015.0,1998.0
2020104290,ワンダーダヴィンチ,牝,中川竜馬,,ワイルドワンダー,2002104665,スイートフラッグ,2004110062,Kingmambo,000a001d7e,酒井孝敏,静内フジカワ牧場,121.0,2002.0,2004.0,1990.0
2020103831,カルリーヌ,牝,野口寛仁,,カレンブラックヒル,2009106230,メガフェリーチェ,2007100040,サクラバクシンオー,1989108341,塚本裕己,石川牧場,121.0,2009.0,2007.0,1989.0
2020102474,トーセンサクセス,牡,後藤正義,,マクマホン,000a0143ac,サクセスライン,2014101697,トーセンファントム,2007102870,島川隆哉,エスティファーム,121.0,2014.0,2014.0,2007.0
2020100740,ジェド,牡,林幻,,デクラレーションオブウォー,000a0136f6,フェザーレイ,2001103318,エルコンドルパサー,1995108742,組）リノレーシング,高昭牧場,121.0,2009.0,2001.0,1995.0
2020106279,タケルルーク,牡,小島茂之,,エイシンヒカリ,2011101273,エーシンスパイシー,2010104652,クロフネ,1998110135,森保彦,栄進牧場,120.6,2011.0,2010.0,1998.0
2020110072,クリソグランシャ,牡,田中守,,Bolt d'Oro,000a01bccc,D'cats Meow,000a01bce3,D'wildcat,000a011574,稲場澄,Chris Baccari,120.0,2015.0,2007.0,1998.0
2020102032,キョウエイジーン,牝,松浦裕之,,スマートファルコン,2005100097,キョウエイダルク,2011105308,ネオユニヴァース,2000101426,田中晴夫,春木ファーム,120.0,2005.0,2011.0,2000.0
2020101550,ファイブセンス,牝,高橋文雅,,Frankel,000a01239b,キャシーズソング,000a01507f,Candy Ride,000a01132a,下河辺牧場,下河辺牧場,120.0,2008.0,2014.0,1999.0
2020101057,ハイエナジー,セ,高橋亮,,サトノクラウン,2012104668,ゴージャスガール,2012103146,ジャングルポケット,1998101786,前田幸治,北島牧場,120.0,2012.0,2012.0,1998.0
2020100400,ルージュサクシード,牝,松永幹夫,,オルフェーヴル,2008102636,ハロウィンデイズ,2015104614,ディープインパクト,2002100816,東京ホースレーシング,前川勝春,120.0,2008.0,2015.0,2002.0
2020102163,スマートチルダー,牡,溝橋利喜,,ヴィクトワールピサ,2007102923,スマートダフネ,2014103774,スマートファルコン,2005100097,小林聖子,豊洋牧場,119.9,2007.0,2014.0,2005.0
2020100251,ヴィンテージマロン,牝,蛯名雄太,,エスポワールシチー,2005102837,ジュネスガール,2015102708,サウスヴィグラス,1996110138,東桂木真吾,タツヤファーム,119.5,2005.0,2015.0,1996.0
2020106189,ナムラジャクソン,牡,吉井一良,,メイショウサムソン,2003102205,ナムラカメーリア,2008106123,ネオユニヴァース,2000101426,原田猛,林時春,119.1,2003.0,2008.0,2000.0
2020107038,ラパンパラ,牝,田中守,,フリオーソ,2004106867,クイーンダワジャー,2015101661,キングズベスト,000a0022d2,山口正行,ホース・マネジメント・ボス,118.5,2004.0,2015.0,1997.0
2020106704,ビリヤニ,牝,長南和宏,,メイショウサムソン,2003102205,ディアパヴォーネ,2014100372,エンパイアメーカー,000a010542,森本敏正,ディアレストクラブ,118.5,2003.0,2014.0,2000.0
2020102404,ノーアーギュメント,牡,森山英雄,,ディープブリランテ,2009105084,エメラルハヤブサ,2010101868,タイキシャトル,1994109686,山邉浩,アスラン,118.5,2009.0,2010.0,1994.0
2020102062,テイエムチョウテン,牡,平山宏秀,,シルバーステート,2013105903,ダウンタウンガール,000a012954,City Zip,000a0127e6,竹園正繼,日高テイエム牧場,118.4,2013.0,2010.0,1998.0
2020101326,ゴールドアクトレス,牝,千葉博次,,ゴールドアクター,2011105266,ゴールドハーツ,2013100152,ハーツクライ,2001103038,谷謙介,沖田牧場,118.3,2011.0,2013.0,2001.0
2020100348,トウカイカグラ,牝,川西毅,,ジャスタウェイ,2009106461,トウカイミステリー,2006103886,キングカメハメハ,2001103460,（有）平野牧場,平野牧場,118.3,2009.0,2006.0,2001.0
2020104090,セイナッシング,牝,井樋明正,,モーリス,2011100655,クラッチヒッター,2014104400,ディープインパクト,2002100816,小橋亮太,キヨタケ牧場,118.1,2011.0,2014.0,2002.0
2020105067,サードオニックス,牝,斉藤正弘,,ディスクリートキャット,000a0113a1,ティファニージェム,2006103318,マンハッタンカフェ,1998101554,加藤厚子,大狩部牧場,118.0,2003.0,2006.0,1998.0
2020104700,イズミチャン,牝,甲田悟史,,トランセンド,2006104736,サチノストリート,2008100198,ロックオブジブラルタル,000a00fd4c,桧森高史,福岡駿弥,118.0,2006.0,2008.0,1999.0
2020100918,ジューンハート,牝,原口次夫,,ミッキーアイル,2011103916,ジューンアイリス,2016102092,ダンカーク,000a012185,上野孝展,ヒダカファーム,118.0,2011.0,2016.0,2006.0
2020102603,トーセンダリア,牝,佐藤浩一,,サトノダイヤモンド,2013106101,レインボーダリア,2007104556,ブライアンズタイム,000a000082,島川隆哉,追分ファーム,117.7,2013.0,2007.0,1985.0
2020106281,エイシンレックス,牡,平松徳彦,,エイシンヒカリ,2011101273,エーシンブルバード,2009100226,オレハマッテルゼ,2000101550,平井克彦,栄進牧場,117.6,2011.0,2009.0,2000.0
2020105446,フウジンノマイ,牝,坂口義幸,,ディープスカイ,2005101358,ドリームマイウエイ,2006106222,カコイーシーズ,1986109001,組）リノレーシング,堂島牧場,117.5,2005.0,2006.0,1986.0
2020105291,アルマセラフ,牝,坂口義幸,,アジアエクスプレス,2011110091,エトルアンフルール,2010102379,タイキシャトル,1994109686,小山英隆,須崎牧場,117.5,2011.0,2010.0,1994.0
2020103153,ルミノルシファー,牝,桜井今朝,,マクフィ,000a011c77,ヒカルリクエスト,2004102761,アグネスタキオン,1998101516,尾上松壽,青藍牧場,117.3,2007.0,2004.0,1998.0
2020100037,カノンチャン,牝,金田一昌,,コパノリッキー,2010106548,オトメチャン,2012103354,ヴァーミリアン,2002100877,島田和俊,沖田忠幸,117.3,2010.0,2012.0,2002.0
2020105527,シーザミニョン,牝,伊藤和忍,,サウンドスカイ,2013104773,サウンドビクトリー,2014105157,サウスヴィグラス,1996110138,松本光弘,新冠伊藤牧場,117.2,2013.0,2014.0,1996.0
2020101046,アイラヴシノジマ,牡,倉地学,,ビッグアーサー,2011103328,スパイスシャワー,2011100341,フジキセキ,1992109618,（株）ＭＲ,オークツリーファーム,117.2,2011.0,2011.0,1992.0
2020106157,カステルデルモンテ,牡,渡部則夫,,アメリカンペイトリオット,000a013bba,カネトシバニラ,2006105689,Kheleyf,000a010a62,江川伸夫,清水スタッド,117.0,2013.0,2006.0,2001.0
2020104073,モンゲーチャンス,牡,八木正喜,,ゴールドアクター,2011105266,マキノクィーン,2010102582,クロフネ,1998110135,須山悟至,神垣道弘,117.0,2011.0,2010.0,1998.0
2020104619,アイファーニケ,牝,加藤幸保,,アイファーソング,2008100386,マグノリア,2000106407,サッカーボーイ,1985103538,中島稔,野表篤夫,116.9,2008.0,2000.0,1985.0
2020106964,ハードキャリー,牡,久保勇,,ディスクリートキャット,000a0113a1,オクリモノ,2011106140,ゴールドアリュール,1999106689,大黒富美子,ミルファーム,116.7,2003.0,2011.0,1999.0
2020102107,デルマコマタスクイ,牝,坂本和也,,ヴィクトワールピサ,2007102923,デルマタビダチ,2014105464,キングカメハメハ,2001103460,浅沼廣幸,ファニーヒルファーム,116.6,2007.0,2014.0,2001.0
2020106942,スマッシュキング,牡,小林俊彦,,エピファネイア,2010104155,スマッシュ,2010104569,キングカメハメハ,2001103460,上手健太郎,宮内牧場,116.4,2010.0,2010.0,2001.0
2020101006,シュプール,牝,中川雅之,,ハービンジャー,000a011996,サクセスシルエット,2008102310,ディープインパクト,2002100816,山田壮一郎,吉田ファーム,116.1,2006.0,2008.0,2002.0
2020102593,ピペル,牝,塚田隆男,,フェノーメノ,2009106599,モクレン,2011110056,Galileo,000a00232b,酒井孝敏,追分ファーム,116.0,2009.0,2011.0,1998.0
2020101183,スマイルサンライズ,牝,川田孝好,,マインドユアビスケッツ,000a01392e,ハニーメロンチャン,2007104997,サウスヴィグラス,1996110138,丸岡啓一,雅牧場,115.9,2013.0,2007.0,1996.0
2020106322,ブレスオブラヴ,牝,新田守,,ビッグアーサー,2011103328,ハナズジャンプ,2011100044,ダンスインザダーク,1993109188,高橋敏英,カナイシスタッド,115.7,2011.0,2011.0,1993.0
2020104581,マサノサンサン,牝,齊藤敏,,ワールドエース,2009106353,プリティーサンサン,1997105440,リンドシェーバー,1988107894,中村時子,中田浩美,115.5,2009.0,1997.0,1988.0
2020102701,ベラジオキュンデス,牝,佐藤浩一,,キンシャサノキセキ,2003110212,ファルネーゼ,2005102174,フレンチデピュティ,000a00013a,中田喜久子,社台コーポレーション白老ファーム,115.5,2003.0,2005.0,1992.0
2020100848,ゴールドオアハーツ,牡,工藤裕孝,,ベストウォーリア,2010110127,バードオブワンダー,2006105654,グラスワンダー,1995108676,Ｉレーシング（株）,ダイヤモンドファーム,115.5,2010.0,2006.0,1995.0
2020104594,ラブイズハート,牝,頼本盛行,,ラブイズブーシェ,2009101075,コパノレヴィーン,2014106465,ゴールドアリュール,1999106689,遠藤喜和,西村牧場,115.4,2009.0,2014.0,1999.0
2020106340,ヒラボクバーキン,牝,岡林光浩,,ブラックタイド,2001103312,ヒラボクフレンチ,2006102088,フレンチデピュティ,000a00013a,新田嘉一,鎌田正嗣,115.0,2001.0,2006.0,1992.0
2020106297,ルーシースカイ,牝,伊藤滋規,,ダノンレジェンド,2010110102,シルクドレス,2014102141,ディープスカイ,2005101358,（株）ＭＭＣ,絵笛牧場,115.0,2010.0,2014.0,2005.0
2020102286,エムオーイキマス,牝,渡辺博文,,パイロ,000a01176a,エムオービーナス,2014102594,グラスワンダー,1995108676,遠藤喜和,門別牧場,114.3,2005.0,2014.0,1995.0
2020107007,チョウドイイ,牡,田中道夫,,アメリカンペイトリオット,000a013bba,タイキジャスパー,2006104799,タイキシャトル,1994109686,丸山隆雄,山田昇史,114.1,2013.0,2006.0,1994.0
2020109115,カシノアルバ,セ,東美義,,ファインニードル,2013100612,アイスウィッチ,2010104009,シンボリクリスエス,1999110099,柏木務,ストームファームコーポレーション,113.7,2013.0,2010.0,1999.0
2020104118,スーパータスカン,牡,角川秀樹,,ハーツクライ,2001103038,スプリングサンダー,2007100267,クロフネ,1998110135,伊藤佳洋,グランド牧場,113.5,2001.0,2007.0,1998.0
2020103678,クラッパーボード,牡,川添明弘,,ドゥラメンテ,2012104511,リアアントニア,000a01294c,Rockport Harbor,000a0111ff,栗嶋豊明,ノーザンファーム,113.5,2012.0,2011.0,2002.0
2020106701,ウィズアウト,牝,井手上慎,,ミッキーアイル,2011103916,ディアエスペランサ,2008102325,ロックオブジブラルタル,000a00fd4c,江津和人,ディアレストクラブ,113.4,2011.0,2008.0,1999.0
2020104254,ゴウソク,牝,佐藤敏彦,,ベルシャザール,2008103004,シスターマリオン,2014104544,スズカマンボ,2001103890,白井慎一,静内白井牧場,113.2,2008.0,2014.0,2001.0
2020101410,パープルブリーズ,牝,竹口勝利,,ビーチパトロール,000a0141f9,メローブリーズ,2014101829,スクリーンヒーロー,2004103328,谷謙介,木村牧場,113.1,2013.0,2014.0,2004.0
2020107069,イーブンモア,牝,赤嶺本浩,,フリオーソ,2004106867,イチノティアラ,2012101744,ブラックタイド,2001103312,勝山隆造,ノースガーデン,113.0,2004.0,2012.0,2001.0
2020102420,ピンクマーメイド,牝,池田忠好,,シビルウォー,2005102317,ダイメイチャーム,2010103468,シルバーチャーム,000a00227c,廣松金次,池本久志,112.8,2005.0,2010.0,1994.0
2020106411,フェルマータ,牡,橘友和,,ディープブリランテ,2009105084,ラーナック,2005110212,モンジュー,1996190001,星野隆男,杵臼牧場,112.7,2009.0,2005.0,1996.0
2020106247,ハマベノユウワク,牝,平山宏秀,,ビーチパトロール,000a0141f9,エイシンキスミー,2013103267,マンハッタンカフェ,1998101554,遠藤喜和,栄進牧場,112.7,2013.0,2013.0,1998.0
2020105447,チアフルマノン,牝,吉井一良,,ダノンシャーク,2008105554,ドリームレインボー,2004100535,カコイーシーズ,1986109001,原田猛,堂島牧場,112.7,2008.0,2004.0,1986.0
2020102348,カゼノハクシュウ,牡,上原博之,,ネオユニヴァース,2000101426,ハイヨーシルバー,2012101031,クロフネ,1998110135,深井孟,Ｕ・Ｍ・Ａ,112.5,2000.0,2012.0,1998.0
2020109113,ハナハナビスケット,牝,手島勝利,,ケイムホーム,000a0108d1,ノブグローリー,2012103162,ネオユニヴァース,2000101426,片山建治,片山建治,112.4,1999.0,2012.0,2000.0
2020104357,ミヤビジゼル,牝,池田忠好,,イスラボニータ,2011103565,ミヤビソフィア,2016105804,ハービンジャー,000a011996,倉重博文,高橋修,112.3,2011.0,2016.0,2006.0
2020102259,アカリチャン,牝,頼本盛行,,リオンディーズ,2013105915,ビューティーモズ,2008106213,ネオユニヴァース,2000101426,遠藤喜和,目黒牧場,112.3,2013.0,2008.0,2000.0
2020100212,ビッグピエンルーフ,牝,関本浩司,,ハーツクライ,2001103038,クリーミーボイス,2012104059,キングカメハメハ,2001103460,岩渕瑞生,下屋敷牧場,112.1,2001.0,2012.0,2001.0
2020106682,ラビアンムーン,牝,鮫島克也,,デクラレーションオブウォー,000a0136f6,ラビアンローズ,2006103244,スペシャルウィーク,1995103211,野口幸八,辻牧場,112.0,2009.0,2006.0,1995.0
2020105474,アルファマリナ,牝,坂本昇,,ディスクリートキャット,000a0113a1,エールミニョン,2014101994,ネオユニヴァース,2000101426,近藤勝安,中山高鹿康,112.0,2003.0,2014.0,2000.0
2020101782,スイカズラ,牝,井樋明正,,ファインニードル,2013100612,アイスコールド,2013100603,タニノギムレット,1999100226,西隆久,ダーレー・ジャパン・ファーム,112.0,2013.0,2013.0,1999.0
2020100093,ハチサンサン,牝,真島元徳,,ベストウォーリア,2010110127,ブルーハピネス,2004101149,エイシンサンディ,1993103280,原久美子,加野牧場,112.0,2010.0,2004.0,1993.0
2020107116,ハクシンレガロ,牝,千葉幸喜,,エピファネイア,2010104155,グレイトフルレガロ,2012103990,ステイゴールド,1994108729,新井原博,川上牧場,111.9,2010.0,2012.0,1994.0
2020100454,ホッカイメルケル,牝,山田義人,,マジェスティックウォリアー,000a011e9c,ハルノヒダマリ,2014101356,エンパイアメーカー,000a010542,瀬戸竜男,三石川上牧場,111.8,2005.0,2014.0,2000.0
2020102118,ドリームダンス,牝,柳井宏之,,パイロ,000a01176a,エンドレスドリームII,000a010f03,エンドスウィープ,000a00010f,中田喜久子,藤本ファーム,111.6,2005.0,2002.0,1991.0
2020106595,マジックレッグ,牡,加藤誠一,,エスケンデレヤ,000a012cc0,アルマアネラ,2012105377,キングカメハメハ,2001103460,臼井義太郎,大道牧場,111.5,2007.0,2012.0,2001.0
2020104372,リトルココン,牡,角田輝也,,ビッグアーサー,2011103328,ブレイクダンサー,2012104378,ファルブラヴ,1998190004,山口功一郎,高橋ファーム,111.5,2011.0,2012.0,1998.0
2020100182,スライム,牡,伊藤滋規,,エスケンデレヤ,000a012cc0,メイカ,2004102801,ダンスインザダーク,1993109188,内田玄祥,斉藤スタッド,111.5,2007.0,2004.0,1993.0
2020109088,カシノフェリクス,牝,手島勝利,,サトノアラジン,2011104063,エレンシア,2013101845,ワークフォース,000a011a7f,柏木務,恵比寿興業株式会社那須野牧場,111.3,2011.0,2013.0,2007.0
2020106069,ベリーアーリー,牝,菅原欣也,,フェノーメノ,2009106599,シルクプロミス,2006104637,マヤノトップガン,1992102988,安部重夫,ラッキー牧場,111.2,2009.0,2006.0,1992.0
2020100499,ピュアステート,牡,宗綱泰彦,,シルバーステート,2013105903,モンピュア,2006110033,モンジュー,1996190001,大黒富美子,明治牧場,111.1,2013.0,2006.0,1996.0
2020104510,カーフィラ,牝,雑賀正光,,アジアエクスプレス,2011110091,フェミニンガール,2001110158,Kingmambo,000a001d7e,飯田貴大,千代田牧場,111.0,2011.0,2001.0,1990.0
2020104065,ペルシアンキャット,牝,細川忠義,,ベルシャザール,2008103004,コウギョウデジタル,2010100449,アグネスデジタル,1997110025,国田正忠,神垣道弘,111.0,2008.0,2010.0,1997.0
2020102396,サンオブアマゾン,牡,井樋一也,,レーヴミストラル,2012104929,ヒシバラード,2000110036,Saint Ballado,000a00212e,吉田勝利,若林順一,110.6,2012.0,2000.0,1989.0
2020103855,デスティロッソ,牡,大垣敏夫,,モンテロッソ,000a011b05,ブラッシュウィズデスティニー,000a010aa4,Broad Brush,000a001e93,遠藤喜和,漆原武男,110.1,2007.0,2001.0,1983.0
2020106991,ウォーターヴァーゴ,牝,石橋守,,ウォーターリーグ,1998110199,ウォータートスカ,2004101667,オペラハウス,000a000d77,山岡正人,本巣敦,110.0,1998.0,2004.0,1988.0
2020105740,トレオン,牡,佐藤吉勝,,アジアエクスプレス,2011110091,ダイヤインザラフ,2014100670,スマートファルコン,2005100097,石瀬浩三,樋渡志尚,110.0,2011.0,2014.0,2005.0
2020105676,ブリガンダイン,牡,林徹,,ドゥラメンテ,2012104511,ラビルキン,000a013aa1,Indygo Shiner,000a011798,ライオンレースホース,ハクレイファーム,110.0,2012.0,2012.0,1998.0
2020105307,アンドゥ,牡,荒川義之,,アジアエクスプレス,2011110091,ロサモスカータ,2013106190,ヴィクトワールピサ,2007102923,ＧＥＴＮＥＸＴ,須崎牧場,110.0,2011.0,2013.0,2007.0
2020105278,セイカパルナッソス,牝,南田美知,,ゴールドアクター,2011105266,セイカアルテナ,2002109412,メジロマックイーン,1987107235,久米大,シンユウファーム,110.0,2011.0,2002.0,1987.0
2020105152,ジットマツ,牝,竹内正洋,,サトノダイヤモンド,2013106101,レユシット,2015100170,ルーラーシップ,2007103143,由井健太郎,川島牧場,110.0,2013.0,2015.0,2007.0
2020104832,アーユーレディ,牡,川島洋人,,クリエイターII,000a013630,テンシノキセキ,1998102844,フジキセキ,1992109618,（株）吉沢ステーブ,北洋牧場,110.0,2013.0,1998.0,1992.0
2020104604,ソルトベール,牝,四位洋文,,マクフィ,000a011c77,ブライダルベール,2006100872,キングカメハメハ,2001103460,杉浦敏夫,西村牧場,110.0,2007.0,2006.0,2001.0
2020103662,レーベンスベルーフ,牝,黒岩陽一,,ハーツクライ,2001103038,ライフフォーセール,000a012104,Not For Sale,000a011fae,吉田勝己,ノーザンファーム,110.0,2001.0,2008.0,1994.0
2020103296,ペモンディアル,牡,手塚貴久,,ブラックタイド,2001103312,オープンウォーター,000a018e36,Include,000a010906,落合幸弘,ノーザンファーム,110.0,2001.0,2009.0,1997.0
2020103251,クワイエットドーン,牡,阿井正雄,,ダイワメジャー,2001103114,ウェイクミーアップ,000a012fc0,ロックオブジブラルタル,000a00fd4c,（株）ＩＴＦ,ノーザンファーム,110.0,2001.0,2007.0,1999.0
2020103152,ショウナンアキーム,牡,久保田信,,モーリス,2011100655,ヒカルドウキセイ,2001103326,サンデーサイレンス,000a00033a,豊島愛子,青藍牧場,110.0,2011.0,2001.0,1986.0
2020102983,グレイコード,牝,高柳大輔,,スクリーンヒーロー,2004103328,バイナリーコード,2012104247,ネオユニヴァース,2000101426,社台レースホース,社台ファーム,110.0,2004.0,2012.0,2000.0
2020102735,インヴェントーレ,牡,古賀慎明,,ハービンジャー,000a011996,ワンブレスアウェイ,2013105322,ステイゴールド,1994108729,サンデーレーシング,社台コーポレーション白老ファーム,110.0,2006.0,2013.0,1994.0
2020102677,プリティセレブ,牝,小手川準,,イスラボニータ,2011103565,セレブリティモデル,2010103939,キングカメハメハ,2001103460,吉田千津,社台コーポレーション白老ファーム,110.0,2011.0,2010.0,2001.0
2020102551,シンギュラチャーム,牝,池上昌和,,ハービンジャー,000a011996,クィーンチャーム,2012103980,キングカメハメハ,2001103460,吉田晴哉,追分ファーム,110.0,2006.0,2012.0,2001.0
2020101600,クレーフェアリー,牝,奥村豊,,マジェスティックウォリアー,000a011e9c,マートンパーク,2012101339,フレンチデピュティ,000a00013a,下河辺牧場,下河辺牧場,110.0,2005.0,2012.0,1992.0
2020101027,アスクエブリーワン,牡,青木孝文,,ダンカーク,000a012185,スマイリンアスク,2010103285,ディープインパクト,2002100816,廣崎利洋ＨＤ,ＡＳＫＳＴＵＤ,110.0,2006.0,2010.0,2002.0
2020100969,ヴァモスタイテー,牡,西園正都,,キズナ,2010105827,ナンヨーナイト,2005104836,クロフネ,1998110135,久保博文,三好牧場,110.0,2010.0,2005.0,1998.0
2020100954,ワンダーミズ,牝,牧田和弥,,エスケンデレヤ,000a012cc0,ワンダーフウラン,2006103682,カリズマティック,000a00fa33,山本能成,藤春修二,110.0,2007.0,2006.0,1996.0
2020100687,テイエムタイフーン,牡,武英智,,イスラボニータ,2011103565,マロトウショウ,2005100686,ワイルドラッシュ,000a0003a1,竹園正繼,桑田牧場,110.0,2011.0,2005.0,1994.0
2020100031,ビップレオーネ,牡,高柳瑞樹,,ミッキーロケット,2013106099,ノブジョプリン,2011102254,スペシャルウィーク,1995103211,鈴木邦英,小河豊水,110.0,2013.0,2011.0,1995.0
2020106906,ホオズキヒメ,牝,川西毅,,キンシャサノキセキ,2003110212,メイショウクローバ,2011106081,メイショウサムソン,2003102205,近藤秀典,三嶋牧場,109.8,2003.0,2011.0,2003.0
2020104609,レジェンドライン,牝,高橋清顕,,レインボーライン,2013106183,メジャーメアリー,2012102010,ブライアンズタイム,000a000082,小林章,西村牧場,109.5,2013.0,2012.0,1985.0
2020102401,レッドジェダイト,牡,頼本盛行,,トーセンラー,2008102985,ディアースパークル,2005106887,マイネルラヴ,1995108558,遠藤喜和,和田洋平,109.5,2008.0,2005.0,1995.0
2020103952,ラコンチャ,牡,植松則幸,,イスラボニータ,2011103565,ラステラ,2011106242,サッカーボーイ,1985103538,（株）ファーストビジ,岡田スタッド,109.4,2011.0,2011.0,1985.0
2020107053,アウレアレックス,牡,角田輝也,,ネロ,2011103722,タマモカトルズ,2015100923,サウスヴィグラス,1996110138,馬場祥晃,タガミファーム,109.2,2011.0,2015.0,1996.0
2020106784,カナ,牝,柴田高志,,クリエイターII,000a013630,ゲッカビジン,2015102778,ヨハネスブルグ,000a0103b9,平川三津,日本中央競馬会日高育成牧場,109.0,2013.0,2015.0,1999.0
2020102146,シュガーベイビー,牝,佐宗応和,,ジャスタウェイ,2009106461,エーレンガート,2013100625,アドマイヤムーン,2003102991,（一社）ｔａｘａｂｌ,宝寄山拓樹,108.5,2009.0,2013.0,2003.0
2020105805,マインツァー,牝,藤ヶ崎一,,ダノンシャンティ,2007105709,コスモマクスウェル,2007104370,アドマイヤマックス,1999107004,永山和夫,ブルースターズファーム,108.1,2007.0,2007.0,1999.0
2020104121,ポンカンサン,牝,内田勝義,,フリオーソ,2004106867,ディーズファクター,2015105591,スズカマンボ,2001103890,是枝浩平,グランド牧場,108.0,2004.0,2015.0,2001.0
2020103963,シナノゴールド,牡,鈴木義久,,エスポワールシチー,2005102837,エンジェルファタル,2000102099,フォーティナイナー,000a000134,小林和義,ＣＲステーブル,108.0,2005.0,2000.0,1985.0
2020102169,ラテラリス,牝,那俄性哲,,ベストウォーリア,2010110127,ホウヨウバルキリー,2015101940,スターリングローズ,1997106560,廣田優生,豊洋牧場,108.0,2010.0,2015.0,1997.0
2020104033,ムーンパスゴーゴー,牝,土井道隆,,トゥザワールド,2011103975,ハニームーナー,2010100696,アドマイヤムーン,2003102991,木稲安則,織田正敏,107.9,2011.0,2010.0,2003.0
2020105252,カシノトルメンタ,セ,古賀光範,,マツリダゴッホ,2003104570,セトウチダイヤ,2006100938,タイキシャトル,1994109686,柏木務,サンローゼン,107.4,2003.0,2006.0,1994.0
2020100952,メガロドン,牡,笹野博司,,トビーズコーナー,000a011fed,エメラルドコースト,2008105569,ダンスインザダーク,1993109188,高瀬真尚,藤春修二,107.2,2008.0,2008.0,1993.0
2020104423,ブルーアストロン,牡,板垣吉則,,ビーチパトロール,000a0141f9,サクラベッシー,2007101017,サクラプレジデント,2000102261,楊明山,谷岡スタット,107.0,2013.0,2007.0,2000.0
2020101628,ラムケイ,牝,吉岡辰弥,,アメリカンペイトリオット,000a013bba,サマナケイ,000a012802,Authorized,000a01139f,平井裕,白井牧場,107.0,2013.0,2009.0,2004.0
2020106195,トップモーリス,牝,中川雅之,,モーリス,2011100655,ルナリア,2010104329,ネオユニヴァース,2000101426,畠山朝子,アイオイファーム,106.9,2011.0,2010.0,2000.0
2020109109,サンアマランス,牝,原口次夫,,ファインニードル,2013100612,ルビーティアラ,2014101373,マンハッタンカフェ,1998101554,（株）ケーエム,下河辺トレーニングセンター,106.6,2013.0,2014.0,1998.0
2020106240,チュウオーレベッカ,牝,松木啓助,,エイシンヒカリ,2011101273,アーリントンガール,2002110070,Miswaki,000a0017b0,松本忠正,栄進牧場,106.5,2011.0,2002.0,1978.0
2020100582,カナデルアイ,牝,川野勇馬,,ディスクリートキャット,000a0113a1,ハミングライフ,2011103808,スペシャルウィーク,1995103211,佐山元章,梅田牧場,106.5,2003.0,2011.0,1995.0
2020105441,サンシュヴァリエ,牡,桧森邦夫,,トゥザワールド,2011103975,ユウキエナージー,2012101733,オンファイア,2003102809,（株）さくらコーポレ,トモファーム,106.4,2011.0,2012.0,2003.0
2020101099,ヒアカムズザキング,牡,九日俊光,,バゴ,2001190004,ツクバエンジェル,2007106196,クロフネ,1998110135,山邉浩,中田牧場,106.4,2001.0,2007.0,1998.0
2020100019,ココナッツミルク,牝,手島勝利,,コパノリッキー,2010106548,リファインド,2011102625,オペラハウス,000a000d77,小川智史,乾皆雄,106.0,2010.0,2011.0,1988.0
2020107135,ハッポウヤブレ,牡,森山英雄,,ベルシャザール,2008103004,ブルージャーニー,2013106471,カジノドライヴ,2005110112,江川伸夫,川上牧場,105.8,2008.0,2013.0,2005.0
2020102985,ルージュメアリー,牝,緒方努,,キタサンブラック,2012102013,パイレートクイーン,2011104318,ダイワメジャー,2001103114,東京ホースレーシング,社台ファーム,105.8,2012.0,2011.0,2001.0
2020100372,ハイネス,牝,小林俊彦,,ワールドエース,2009106353,アンテプリッツ,2011104066,キングカメハメハ,2001103460,佐藤壽男,本桐牧場,105.8,2009.0,2011.0,2001.0
2020106863,ジャスティンビーチ,牡,田中淳司,,ハーツクライ,2001103038,キャッチザカクテル,000a013907,Catcher In The Rye,000a01372d,三木正浩,三嶋牧場,105.6,2001.0,2012.0,2000.0
2020104601,ゴールドエポレット,牡,高橋清顕,,シャンハイボビー,000a0127e4,デコルテ,2007100210,タニノギムレット,1999100226,今中俊平,西村牧場,105.5,2010.0,2007.0,1999.0
2020104043,スーパーレジーナ,牝,北村欣也,,レーヴミストラル,2012104929,キタサンロングラン,2012102792,アドマイヤムーン,2003102991,藤木隆之,カタオカステーブル,105.5,2012.0,2012.0,2003.0
2020106558,ナムララン,牝,藤ヶ崎一,,キズナ,2010105827,ナムラアン,2012104987,エンパイアメーカー,000a010542,服部康夫,谷川牧場,105.1,2010.0,2012.0,2000.0
2020105038,カゼヒナタ,牡,石川浩文,,ベルシャザール,2008103004,マサカーネ,2005104781,トワイニング,000a000006,（同）ＪＰＮ技研,石田牧場,105.1,2008.0,2005.0,1991.0
2020106432,ワンダーフルーリ,牝,橘友和,,ケープブランコ,000a011b06,ワンダーキラット,2014101446,バゴ,2001190004,山本能成,グラストレーニングセンター,105.0,2007.0,2014.0,2001.0
2020102241,エスプリタンバ,牡,澤佳宏,,バゴ,2001190004,ミワノロマンス,2010106323,サムライハート,2002100996,依田泰雄,三輪幸子,105.0,2001.0,2010.0,2002.0
2020105530,ミテ,牝,庄子昭彦,,ベストウォーリア,2010110127,ロイヤルジュエリー,2006105533,キングカメハメハ,2001103460,豊島愛子,新冠伊藤牧場,104.5,2010.0,2006.0,2001.0
2020104635,ミヨノイナズマ,牡,瀬戸幸一,,エイシンフラッシュ,2007102951,パルフェダムール,2013104670,マンハッタンカフェ,1998101554,植村仁,橋本牧場,104.5,2007.0,2013.0,1998.0
2020104235,アイノスターライト,牡,内田勝義,,ケープブランコ,000a011b06,ワンダーセーハ,2012102960,バゴ,2001190004,會田浩史,サンコウ牧場,104.5,2007.0,2012.0,2001.0
2020105823,グローリアスイリゼ,牝,平田正一,,スパロービート,2005104351,ケンジントン,2010100672,アグネスタキオン,1998101516,吉田郁実,ホース・マネジメント・ボス,103.5,2005.0,2010.0,1998.0
2020106431,エイシンゲンゲン,牝,今津勝之,,エイシンヒカリ,2011101273,エイシンイジゲン,2013103277,マンハッタンカフェ,1998101554,小出水正男,草薙利昭,103.4,2011.0,2013.0,1998.0
2020102026,サンディマジック,牡,池田孝,,マジェスティックウォリアー,000a011e9c,セリーナトロフィー,2002104870,スペシャルウィーク,1995103211,川上和彦,原田ファーム,103.0,2005.0,2002.0,1995.0
2020101167,スタージョン,牡,小林俊彦,,サトノクラウン,2012104668,トウカイネオ,2012102142,ハービンジャー,000a011996,高橋清彦,びらとり牧場,102.8,2012.0,2012.0,2006.0
2020101733,ポジションバトル,牡,松浦裕之,,バトルプラン,000a0118e8,フィールザファン,2007102535,デュランダル,1999106756,前田良平,高澤正幸,102.5,2005.0,2007.0,1999.0
2020100588,キャットライン,牝,林幻,,スマートファルコン,2005100097,エターナルラブ,2009105919,シンボリクリスエス,1999110099,内田裕美,エムエム、ヤマダファーム,102.5,2005.0,2009.0,1999.0
2020104075,メジャーインラテン,牝,真島元徳,,ダンカーク,000a012185,アラホウジョウ,2012100042,マンハッタンカフェ,1998101554,三岡有香,木村秀則,102.4,2006.0,2012.0,1998.0
2020103447,スマイルマーク,牝,矢野久美,,ルーラーシップ,2007103143,スマイルミーティア,2012104633,チチカステナンゴ,000a011135,小橋亮太,ノーザンファーム,102.4,2007.0,2012.0,1998.0
2020106528,エイシンペネロペ,牝,黒田隆男,,エイシンヒカリ,2011101273,エーシンスペリアー,2009110033,キングズベスト,000a0022d2,（株）ファーストビジ,多田善弘,102.2,2011.0,2009.0,1997.0
2020104711,ケチャンティッカン,牝,宮川浩一,,サトノアラジン,2011104063,ヒカルアルテミス,2005102138,ファルブラヴ,1998190004,ウエスト．フォレスト．ステイブル,藤川ファーム,102.0,2011.0,2005.0,1998.0
2020103807,フロマージュリー,牝,碇清次郎,,ゼンノロブロイ,2000101517,ダイストウショウ,2010103063,サクラバクシンオー,1989108341,藤井亮輔,秋田育成牧場,101.9,2000.0,2010.0,1989.0
2020102221,ラヴスウィートリー,牝,菅原欣也,,ヴィクトワールピサ,2007102923,スウィートラブミー,2014102529,キングズベスト,000a0022d2,（同）ＪＰＮ技研,槇本牧場,101.9,2007.0,2014.0,1997.0
2020104349,キースケデシュ,牝,菅原欣也,,ヴィクトワールピサ,2007102923,ローマンクィーン,2009110070,Holy Roman Emperor,000a011ab8,（同）ＪＰＮ技研,タイヘイ牧場,101.8,2007.0,2009.0,2004.0
2020101348,コスモエランドール,牝,中野博,,ゴールドシップ,2009102739,ソートアフター,2014105532,ディープインパクト,2002100816,小濱正智,オリオンファーム,101.6,2009.0,2014.0,2002.0
2020102098,サッキーエターナル,牡,伊藤勝己,,ベーカバド,000a011dc0,ロングアンドリーン,2011102268,シンボリクリスエス,1999110099,組）リノレーシング,ファーミングヤナキタ,101.5,2007.0,2011.0,1999.0
2020100610,ビッグモーメント,牡,高野毅,,ヴィクトワールピサ,2007102923,レゾリューション,2004103409,カリズマティック,000a00fa33,保坂和孝,大島牧場,101.5,2007.0,2004.0,1996.0
2020105411,ソイヤソイヤソイヤ,牝,池田忠好,,ベストウォーリア,2010110127,ニシノコハク,2009103388,ゴールドアリュール,1999106689,倉重博文,津田牧場,101.4,2010.0,2009.0,1999.0
2020101313,バックアレー,牝,九日俊光,,コパノリッキー,2010106548,シャインワンハート,2012101127,ファルブラヴ,1998190004,和田博美,大江牧場,101.3,2010.0,2012.0,1998.0
2020100022,シゲルマーメイド,牝,九日俊光,,サトノクラウン,2012104668,メイケイキララ,2001100865,タイキシャトル,1994109686,森中啓子,猪野毛牧場,101.2,2012.0,2001.0,1994.0
2020106151,アステーラス,牝,榎屋充,,インカンテーション,2010104916,ショウナンダズル,2015101374,シャンハイボビー,000a0127e4,山本国広,澤井義一,101.0,2010.0,2015.0,2010.0
2020100659,キックノアドゥジェ,牡,米川昇,,ベーカバド,000a011dc0,チェリーワールド,2006101715,フサイチコンコルド,1993109220,佐野幸一郎,北俣牧夫,100.9,2007.0,2006.0,1993.0
2020105059,エルフサイエン,牝,斉藤正弘,,ディスクリートキャット,000a0113a1,エルフィンパーク,2005102489,タニノギムレット,1999100226,加藤徹,大狩部牧場,100.8,2003.0,2005.0,1999.0
2020104465,ウラヌス,牡,栗林徹治,,ミッキーアイル,2011103916,エクセレントピーク,2008100569,アドマイヤジャパン,2002102324,（株）さくらコーポレ,千代田牧場,100.8,2011.0,2008.0,2002.0
2020102053,ノーンハーン,牝,石川浩文,,アドマイヤムーン,2003102991,ニューアイデア,000a0116df,Cape Cross,000a0022ae,藤木隆之,日高大洋牧場,100.8,2003.0,2007.0,1994.0
2020100627,トリニティテソーロ,牝,松島壽,,ストロングリターン,2006102934,レモンイエロー,2012104922,サクラバクシンオー,1989108341,（株）ジャスト,カケハムポニークラブ,100.7,2006.0,2012.0,1989.0
2020105303,アルカイド,牡,橋本忠明,,シルバーステート,2013105903,ホシニイノリヲ,2009104735,シンボリクリスエス,1999110099,山口功一郎,須崎牧場,100.6,2013.0,2009.0,1999.0
2020100478,リュウノイーグル,牡,北村欣也,,トーセンジョーダン,2006103169,フィリグリー,2010100710,ステイゴールド,1994108729,蓑島竜一,三石ファーム,100.4,2006.0,2010.0,1994.0
2020106216,ウィルフォルティス,牡,尾形和幸,,ダノンレジェンド,2010110102,ヴォーグジャック,2009100173,クロフネ,1998110135,伊藤正樹,鵜木唯義,100.0,2010.0,2009.0,1998.0
2020105853,コッコローネ,牡,田島寿一,,エイシンフラッシュ,2007102951,ベルメール,2012100779,ハーツクライ,2001103038,細川博之,細川農場,100.0,2007.0,2012.0,2001.0
2020104028,フェアムーン,牝,加藤幸保,,アドマイヤムーン,2003102991,マコーミック,2012110105,Sebring,000a012639,今中俊平,小倉光博,100.0,2003.0,2012.0,2005.0
2020104018,マーマネ,牝,酒井仁,,サトノクラウン,2012104668,バトルエニシ,2014105620,ネオユニヴァース,2000101426,Ｉレーシング（株）,小国スティーブル,100.0,2012.0,2014.0,2000.0
2020102148,クリノダンディー,牡,笹野博司,,コパノリッキー,2010106548,クリノアマダブラム,2010104874,オレハマッテルゼ,2000101550,栗本八江,宝寄山拓樹,99.9,2010.0,2010.0,2000.0
2020109142,カシノニケ,牝,手島勝利,,デクラレーションオブウォー,000a0136f6,カシノインカローズ,2009101813,キングヘイロー,1995104427,柏木務,柏木務,99.8,2009.0,2009.0,1995.0
2020104155,グーディッシュ,牝,戸部尚実,,シルバーステート,2013105903,ビューティブロンド,2004104676,タイキシャトル,1994109686,矢澤和樹,今牧場,99.4,2013.0,2004.0,1994.0
2020102128,トムワールド,牡,佐藤英明,,トゥザワールド,2011103975,エイシンアポロニア,2012110014,Dalakhani,000a01098f,柳橋俊昭,船越牧場,99.4,2011.0,2012.0,2000.0
2020101370,カロッテフリオーソ,牝,竹下太,,フリオーソ,2004106867,マジェストゥーズ,2016102036,ジャスタウェイ,2009106461,酒井孝敏,カロッテファーム,99.2,2004.0,2016.0,2009.0
2020106656,スリーガーニッシュ,牝,胡本友晴,,デクラレーションオブウォー,000a0136f6,スリーカーニバル,2010102675,マンハッタンカフェ,1998101554,中嶋弘士,辻牧場,99.0,2009.0,2010.0,1998.0
2020104883,ペリヴァロン,牝,堀江仁,,ビッグアーサー,2011103328,クレヨンルージュ,2003103002,フジキセキ,1992109618,（株）丸若商事,松田牧場,99.0,2011.0,2003.0,1992.0
2020104367,ハニーブラウニー,牝,佐宗応和,,ヤマカツエース,2012102774,ジュエリークイーン,2003104592,フサイチコンコルド,1993109220,韓孝徳,高橋ファーム,99.0,2012.0,2003.0,1993.0
2020101418,クラウンジン,牡,鮫島克也,,サムライハート,2002100996,クラウンティアラ,2008104348,ロックオブジブラルタル,000a00fd4c,サンエツ企画（有）,クラウン日高牧場,99.0,2002.0,2008.0,1999.0
2020101151,ミッキーショック,牡,細川忠義,,ミッキーアイル,2011103916,ミッキーディナシー,2013105978,ハービンジャー,000a011996,酒井孝敏,坂東牧場,99.0,2011.0,2013.0,2006.0
2020101095,トモヒメ,牝,松木啓助,,トーセンジョーダン,2006103169,シャトレーヌ,2013105251,ゴールドアリュール,1999106689,中山純子,中田牧場,99.0,2006.0,2013.0,1999.0
2020101030,ボンナターレアスク,牝,山崎尋美,,モーリス,2011100655,ネヴァーハーツ,2009104578,ハーツクライ,2001103038,廣崎双葉,ＡＳＫＳＴＵＤ,99.0,2011.0,2009.0,2001.0
2020100545,フェイスイースト,牝,山田徹,,ノヴェリスト,000a012230,エレガントテソーロ,2015104119,ハーツクライ,2001103038,中川雄斗,レースホース牧場,99.0,2009.0,2015.0,2001.0
2020109034,キタクイン,牝,桜田康二,,デビッドジュニア,000a010ea9,キタハナ,2011109043,ヨハネスブルグ,000a0103b9,北村守彦,北村牧場,98.8,2002.0,2011.0,1999.0
2020105945,リュウワンホヌ,牝,市村誠,,バトルプラン,000a0118e8,ニシノラフィーネ,2010101598,タニノギムレット,1999100226,門脇竜一,村上欽哉,98.0,2005.0,2010.0,1999.0
2020103717,ビッグヒップ,牝,笹野博司,,アジアエクスプレス,2011110091,ロザリウム,2011104134,キングカメハメハ,2001103460,桑野隆司,ノーザンファーム,98.0,2011.0,2011.0,2001.0
2020107196,ズイウン,牡,渡辺和雄,,フリオーソ,2004106867,ナミノリゴリラ,2012101124,スウェプトオーヴァーボード,000a00fa34,小田切光,木村牧場,97.5,2004.0,2012.0,1997.0
2020104737,ナットシーワン,牝,大山寿文,,バトルプラン,000a0118e8,ラベルベート,2015101048,ハードスパン,000a0116a1,樋口康彦,藤吉牧場,97.5,2005.0,2015.0,2004.0
2020106707,ヌンフェルモ,牝,伊藤強一,,ストロングリターン,2006102934,ヌンジュリエット,2014102296,ローエングリン,1999106738,大島光二,ディアレストクラブ,97.1,2006.0,2014.0,1999.0
2020102066,テイエムマタドール,牡,平山宏秀,,エスポワールシチー,2005102837,テイエムクリスタル,2003102951,サクラバクシンオー,1989108341,竹園正繼,日高テイエム牧場,96.9,2005.0,2003.0,1989.0
2020106280,エイシンセドナ,牝,木村健,,エイシンヒカリ,2011101273,エーシンセノーテ,2010102109,フレンチデピュティ,000a00013a,平井克彦,栄進牧場,96.8,2011.0,2010.0,1992.0
2020106584,メトロフィルム,牝,橘友和,,ドゥラメンテ,2012104511,アンブリカル,2012102348,マンハッタンカフェ,1998101554,石川秀守,谷口牧場,96.7,2012.0,2012.0,1998.0
2020103135,オグリヨンセイ,牡,佐久間雅,,クレイドルサイアー,2001107386,バロンドールパル,2006105821,デザートストーリー,000a00faf1,山口久仁子,社台牧場,96.6,2001.0,2006.0,1994.0
2020105864,タターガタ,牝,加藤和義,,West Coast,000a013d72,エッチアキャット,000a015972,Tale of the Cat,000a002276,程田真司,松浦牧場,96.3,2014.0,2012.0,1994.0
2020104441,フィーユポワソン,牝,中川雅之,,ラブリーデイ,2010104298,リンガスウラン,2013104411,ヴィクトワールピサ,2007102923,谷岡康成,谷岡牧場,96.2,2010.0,2013.0,2007.0
2020107170,マインインパクト,牝,笹野博司,,トゥザワールド,2011103975,ギルティーコンシェンス,000a010aea,アントレプレナー,000a000112,峰哲馬,グラストレーニングセンター,96.0,2011.0,2001.0,1994.0
2020107085,ダイノコクオウ,牡,竹下太,,エイシンヒカリ,2011101273,ジェイケイドリーム,2009104134,マンハッタンカフェ,1998101554,町田武,浜本牧場,96.0,2011.0,2009.0,1998.0
2020106266,オドロキツヨシ,牝,今井輝和,,トゥザワールド,2011103975,エイシンユートピア,2014103050,カンパニー,2001103435,高橋照比古,栄進牧場,96.0,2011.0,2014.0,2001.0
2020105714,モーリスガガ,牡,玉井昇,,ディスクリートキャット,000a0113a1,セブンバイセブン,2006104796,フォーティナイナー,000a000134,角谷守正,パカパカファーム,96.0,2003.0,2006.0,1985.0
2020105099,スピーダー,牡,那俄性哲,,ストロングリターン,2006102934,ファゴット,2015101335,ディープインパクト,2002100816,西森鶴,オリエント牧場,96.0,2006.0,2015.0,2002.0
2020100485,ヴァレーニュ,牡,東原己俊,,ダイワメジャー,2001103114,ギュイエンヌ,2005104636,タニノギムレット,1999100226,組）リノレーシング,明治牧場,96.0,2001.0,2005.0,1999.0
2020104894,ジューンリリー,牝,原口次夫,,トゥザワールド,2011103975,カレンナサクラ,2004105122,メジロライアン,1987105368,手嶋美季,見上牧場,95.8,2011.0,2004.0,1987.0
2020102749,プライムトゥーレ,牡,笹野博司,,ノヴェリスト,000a012230,アルティマチャーム,2013105364,キングカメハメハ,2001103460,サイプレスホールディングス,社台ファーム,95.8,2009.0,2013.0,2001.0
2020100525,ジュンハガクレ,牝,三小田幸,,ネロ,2011103722,ルナジェーナ,1999107193,フォーティナイナー,000a000134,河合純二,山口忠彦,95.4,2011.0,1999.0,1985.0
2020104326,カツノトクシン,牡,坂口義幸,,シニスターミニスター,000a011099,アリノマンボ,2013104317,オレハマッテルゼ,2000101550,谷謙介,聖心台牧場,95.3,2003.0,2013.0,2000.0
2020106238,サクラトップハーツ,牡,伊藤和忍,,ハーツクライ,2001103038,アクトアウト,000a0136f7,Storm Cat,000a001a98,櫻井秀樹,栄進牧場,95.0,2001.0,2005.0,1983.0
2020105979,アロハラニ,牝,小野望,,ダノンレジェンド,2010110102,メルセンヌナンバー,2007103241,ワイルドラッシュ,000a0003a1,道永幸治,ムラカミファーム,95.0,2010.0,2007.0,1994.0
2020102243,クリノタカラブネ,牡,天間昭一,,アスカクリチャン,2007104599,クリノタカラチャン,2010102252,アドマイヤコジーン,1996106512,栗本博晴,三輪牧場,94.6,2007.0,2010.0,1996.0
2020105516,ララノスタルジック,牝,碇清次郎,,リアルスティール,2012104889,アドヴェンチャレス,2015106526,ロードカナロア,2008103552,フジイ興産（株）,長浜牧場,94.5,2012.0,2015.0,2008.0
2020105051,ゴーゴームスメ,牝,鹿沼良和,,レインボーライン,2013106183,ケージーフジムスメ,2008104272,キングカメハメハ,2001103460,（有）岩見牧場,岩見牧場,94.5,2013.0,2008.0,2001.0
2020101787,ココリキラリ,牡,矢野久美,,アドマイヤムーン,2003102991,アーキオロジー,000a010ce0,Seeking the Gold,000a001bea,星野裕光,ダーレー・ジャパン・ファーム,94.4,2003.0,2002.0,1985.0
2020101015,ハートビート,牝,山口竜一,,モーリス,2011100655,ロリーフォードリー,000a012002,Oratorio,000a010d4e,鶴見恵理,吉田ファーム,94.2,2011.0,2007.0,2002.0
2020106418,ノーブルエフォート,牝,倉地学,,アポロキングダム,2003110139,ガンバリッコ,2002102874,サンデーサイレンス,000a00033a,吉木伸彦,木村牧場,94.1,2003.0,2002.0,1986.0
2020102172,マイクドロップ,牡,東美義,,バトルプラン,000a0118e8,イフリータ,2006102487,フレンチデピュティ,000a00013a,花本啓典,細川牧場,94.1,2005.0,2006.0,1992.0
2020104256,ケッパレアーク,牡,伊藤和忍,,ビーチパトロール,000a0141f9,ピンクノミーナ,2014104223,ダイワメジャー,2001103114,アークフロンティア,静内白井牧場,94.0,2013.0,2014.0,2001.0
2020101078,ポルコスピーノ,牝,伊藤強一,,ドゥラメンテ,2012104511,ローゼンハイン,2014101509,エンパイアメーカー,000a010542,酒井孝敏,清水牧場,94.0,2012.0,2014.0,2000.0
2020106451,コーヒーカフェ,牡,及川良春,,ビーチパトロール,000a0141f9,ピンキーカフェ,2011102972,ステイゴールド,1994108729,谷謙介,斉藤英牧場,93.8,2013.0,2011.0,1994.0
2020105769,スタニング,牝,板垣吉則,,ゴールドシップ,2009102739,トウホクビジン,2006100953,スマートボーイ,1995100385,シグラップ・マネジメ,ビッグレッドファーム,93.6,2009.0,2006.0,1995.0
2020100032,クリノブリランテ,牡,宗石大,,ディープブリランテ,2009105084,パサパ,2007103701,キングカメハメハ,2001103460,濱口正章,小河豊水,93.4,2009.0,2007.0,2001.0
2020101433,クラウンロマーニャ,牡,米川昇,,ダイワメジャー,2001103114,ラヴァリーノ,000a011426,Unbridled's Song,000a002071,サンエツ企画（有）,クラウン日高牧場,93.2,2001.0,2004.0,1993.0
2020110115,ララベルヴィーユ,牝,斉藤崇史,,Union Rags,000a012d4c,Divine Praises,000a014a6c,Medaglia d'Oro,000a010a65,フジイ興産,Three Chimneys Farm LLC,93.0,2009.0,2012.0,1999.0
2020109099,メイレベッカ,牝,岩戸孝樹,,マクフィ,000a011c77,メイアリス,2014109099,ダイワメジャー,2001103114,千明牧場,千明牧場,93.0,2007.0,2014.0,2001.0
2020105588,アレプリュロアン,牝,伊藤和忍,,ビーチパトロール,000a0141f9,ゴールデンメロディ,2015100565,ディープブリランテ,2009105084,土井久美子,錦岡牧場,93.0,2013.0,2015.0,2009.0
2020104969,ニシノサザナミ,牝,宇都英樹,,ハービンジャー,000a011996,リップル,2010100715,アグネスタキオン,1998101516,和氣竜彦,西山牧場,93.0,2006.0,2010.0,1998.0
2020103186,ヴォレトンクール,牝,斉藤崇史,,リアルスティール,2012104889,アイムユアーズ,2009106210,ファルブラヴ,1998190004,シルクレーシング,ノーザンファーム,93.0,2012.0,2009.0,1998.0
2020100470,カフェフィッツロイ,牡,中舘英二,,ロードカナロア,2008103552,カフェヒミコ,2008110024,Bandini,000a01162a,西川恭子,三石橋本牧場,93.0,2008.0,2008.0,2002.0
2020100479,マルケイレダン,牡,石川栄,,ジャングルポケット,1998101786,ヤマノカントリー,2006100072,ティンバーカントリー,000a00035e,熊谷清則,三石ファーム,92.9,1998.0,2006.0,1992.0
2020105785,カドゥケウス,牡,根本康広,,ゴールドシップ,2009102739,マイネソーサリス,2001103935,ブライアンズタイム,000a000082,成富直行,ビッグレッドファーム,92.8,2009.0,2001.0,1985.0
2020103814,リボンドハピネス,牝,今津博之,,ディスクリートキャット,000a0113a1,ファインドミー,2012103225,シンボリクリスエス,1999110099,谷口祐人,アフリートファーム,92.8,2003.0,2012.0,1999.0
2020106098,イッツオーケイ,牝,加藤和義,,ワンアンドオンリー,2011105072,ロスカティオス,2010106249,ティンバーカントリー,000a00035e,佐藤祥悦,ハーモニーストックファーム,92.7,2011.0,2010.0,1992.0
2020105920,ゼンノエヴェック,牡,小手川準,,シャンハイボビー,000a0127e4,ウインマリアベール,2007102825,クロフネ,1998110135,大迫久美子,村上欽哉,92.5,2010.0,2007.0,1998.0
2020106617,ニックジャガー,牡,工藤裕孝,,カレンブラックヒル,2009106230,レッツドローン,2014106531,ステイゴールド,1994108729,谷口悦一,大道牧場,92.3,2009.0,2014.0,1994.0
2020102727,パンテーラネーラ,牡,千葉博次,,サトノアラジン,2011104063,レオパルディナ,2012104768,スニッツェル,000a010eaa,岩渕瑞生,社台コーポレーション白老ファーム,92.2,2011.0,2012.0,2002.0
2020106578,ブルーリップル,牝,井上哲,,インカンテーション,2010104916,ランブルジャンヌ,2005106219,Mutakddim,000a00217c,大林春秀,谷川牧場,92.1,2010.0,2005.0,1991.0
2020104680,ヤマジュンゲノム,牡,伊藤強一,,コパノリチャード,2010106552,クロフネマンボ,2004101468,クロフネ,1998110135,山下洵一郎,原則夫,92.0,2010.0,2004.0,1998.0
2020102715,ムーンライトマリー,牡,田中淳司,,マインドユアビスケッツ,000a01392e,メモリーレーン,2011103618,ダイワメジャー,2001103114,吉田和美,社台コーポレーション白老ファーム,92.0,2013.0,2011.0,2001.0
2020100493,スギノケルピー,牝,川嶋弘吉,,ダイワメジャー,2001103114,スギノピクシー,2011103130,キングカメハメハ,2001103460,冨田清誠,明治牧場,91.8,2001.0,2011.0,2001.0
2020103884,ホウオウアリシア,牝,矢野久美,,マツリダゴッホ,2003104570,オークルーム,2000101781,ペンタイア,1992190007,川添裕起,岡田スタッド,91.7,2003.0,2000.0,1992.0
2020101722,ヒメカミノテング,牝,加藤和義,,サトノクラウン,2012104668,ファミリズム,2006102974,ダンスインザダーク,1993109188,矢野琢也,スマイルファーム,91.5,2012.0,2006.0,1993.0
2020104543,サクセスキーパー,牡,長南和宏,,トビーズコーナー,000a011fed,ボーアンドベッグ,2008101325,ゴールドアリュール,1999106689,（株）石川産業,徳本幸雄,91.4,2008.0,2008.0,1999.0
2020105337,キミガヒーロー,牡,稲益貴弘,,カレンブラックヒル,2009106230,ナムラクロワッサン,2012103392,ディープスカイ,2005101358,（株）Ｈｅｒｏレーシ,武田寛治,91.0,2009.0,2012.0,2005.0
2020106622,ガンバリーレ,牡,伊藤勝好,,サトノアラジン,2011104063,ティノ,2013105694,キンシャサノキセキ,2003110212,小橋亮太,チェスナットファーム,90.8,2011.0,2013.0,2003.0
2020104817,ラディーヴァ,牝,伊藤勝好,,レッドファルクス,2011104416,ディアデム,2012104326,シンボリクリスエス,1999110099,小橋亮太,へいはた牧場,90.7,2011.0,2012.0,1999.0
2020100804,リネンタンポポ,牝,浜田一夫,,インカンテーション,2010104916,フレンドプラチナ,2015102548,クロフネ,1998110135,戸山光男,鮫川ファーム,90.6,2010.0,2015.0,1998.0
2020107025,ラステラブリランテ,牡,鋤田誠二,,アドマイヤマックス,1999107004,エヴァンジェリン,2013105404,ダイワメジャー,2001103114,三浦良三,安達牧場,90.5,1999.0,2013.0,2001.0
2020100339,クールサムタイム,牡,加藤和義,,シャンハイボビー,000a0127e4,クールホタルビ,2012103383,マツリダゴッホ,2003104570,福岡隆史,久井牧場,90.5,2010.0,2012.0,2003.0
2020100886,ピサラクー,牝,松本隆宏,,エイシンフラッシュ,2007102951,プラネット,2008102178,アグネスフライト,1997103400,中山牧場,中山牧場,90.3,2007.0,2008.0,1997.0
2020107156,エスケイシズク,牝,林正人,,パイロ,000a01176a,サクラトップピサ,2013104483,ヴィクトワールピサ,2007102923,伊藤輔則,幾千世牧場,90.0,2005.0,2013.0,2007.0
2020107098,テイエムシャー,牝,平山宏秀,,エピファネイア,2010104155,ウィルシャー,2007101643,ブライアンズタイム,000a000082,竹園正繼,宝寄山拓樹,90.0,2010.0,2007.0,1985.0
2020104580,リュウノストレラ,牝,国沢輝幸,,ミッキーロケット,2013106099,プラセール,1998105977,ヘクタープロテクター,000a000d6b,蓑島竜一,中田浩美,90.0,2013.0,1998.0,1988.0
2020102429,オールイズバニティ,牝,打越勇児,,リオンディーズ,2013105915,バアゼルザウバー,2010103262,シンボリクリスエス,1999110099,邑田昌平,市川牧場,90.0,2013.0,2010.0,1999.0
2020101270,ダークライオン,牡,黒木豊,,ダンカーク,000a012185,ヴィーナスアロー,2014106387,パイロ,000a01176a,小橋亮太,幾千世牧場,90.0,2006.0,2014.0,2005.0
2020105402,テイエムガーネット,牝,竹之下昭,,アジアエクスプレス,2011110091,チャームラブ,2003100263,フレンチデピュティ,000a00013a,竹園正繼,対馬正,89.9,2011.0,2003.0,1992.0
2020104906,キタノシェイク,牝,戸部尚実,,サトノクラウン,2012104668,ピンクチャリス,2008103174,アグネスタキオン,1998101516,北所拓也,三木田牧場,89.4,2012.0,2008.0,1998.0
2020105845,キタノデネブ,牝,榎屋充,,ゴールドアクター,2011105266,ラブステイシー,2012100770,ステイゴールド,1994108729,北所拓也,北星村田牧場,89.1,2011.0,2012.0,1994.0
2020105192,マハロヌイロワ,牝,戸部尚実,,ハービンジャー,000a011996,ウインマハロ,2012100225,マツリダゴッホ,2003104570,遠藤喜和,コスモヴューファーム,88.8,2006.0,2012.0,2003.0
2020106059,ミユキウォーリアー,牡,堀江仁,,ヘニーヒューズ,000a011155,キタサンアカツキ,2012104316,メイショウサムソン,2003102205,長井純一,ヤマタケ牧場,88.5,2003.0,2012.0,2003.0
2020105445,レディブロンド,牝,那俄性哲,,スピルバーグ,2009105961,ラインラピット,2015100455,ヨハネスブルグ,000a0103b9,土井和則,土井牧場,88.5,2009.0,2015.0,1999.0
2020105069,アヴェラルド,牡,桧森邦夫,,エスポワールシチー,2005102837,パストゥレイユ,2015104732,ダノンシャンティ,2007105709,八嶋長久,大狩部牧場,88.4,2005.0,2015.0,2007.0
2020100827,オパールリング,牝,井手上慎,,ダンカーク,000a012185,パールイアリング,2009101170,スペシャルウィーク,1995103211,吉田勝利,大北牧場,88.4,2006.0,2009.0,1995.0
2020105512,シゲルオヒア,牝,九日俊光,,シゲルカガ,2011103048,ブルベアカイワレ,2015103541,クロフネ,1998110135,森中啓子,長浜秀昭,88.2,2011.0,2015.0,1998.0
2020103765,キタイノオノコ,牡,田口輝彦,,リアルスティール,2012104889,ネオフェリーク,2007103155,キングカメハメハ,2001103460,中西宏彰,ヤマイチ牧場,88.0,2012.0,2007.0,2001.0
2020103211,ゲラウィン,牝,笹野博司,,リアルスティール,2012104889,アドマイヤマリン,2007103338,クロフネ,1998110135,大塚亮一,ノーザンファーム,88.0,2012.0,2007.0,1998.0
2020101299,クニ,牝,瀬戸口悟,,リアルスティール,2012104889,ジョウノアドバンス,2012101292,ファルブラヴ,1998190004,酒井孝敏,ヴェルサイユファーム,88.0,2012.0,2012.0,1998.0
2020100933,ララオーベルジュ,牝,藤ヶ崎一,,エピファネイア,2010104155,ラララルジェス,2013105374,ファルブラヴ,1998190004,服部康夫,ヒダカファーム,87.8,2010.0,2013.0,1998.0
2020106797,ヤマノコトブキ,牡,地辺幸一,,リオンディーズ,2013105915,エアガガ,2008102794,ジャングルポケット,1998101786,シグラップ・マネジメ,林孝輝,87.7,2013.0,2008.0,1998.0
2020105364,ヌーベルタイガー,牡,工藤伸輔,,コパノリチャード,2010106552,シアヌークビル,2013101611,ステイゴールド,1994108729,吉岡泰治,大栄牧場,87.5,2010.0,2013.0,1994.0
2020105087,メイショウユキドケ,牝,九日俊光,,パイロ,000a01176a,アイルビーファイン,2008103535,アグネスタキオン,1998101516,（同）ＪＰＮ技研,オリエント牧場,87.5,2005.0,2008.0,1998.0
2020104701,シゲルマイヒメ,牝,九日俊光,,シゲルカガ,2011103048,シゲルアケビ,2009101767,ゴールドアリュール,1999106689,森中啓子,福岡駿弥,87.5,2011.0,2009.0,1999.0
2020105369,オーラクォーツ,牡,井樋明正,,ファインニードル,2013100612,ペトロシネッラ,2015101646,Teofilo,000a01139e,田頭勇貴,大栄牧場,87.2,2013.0,2015.0,2004.0
2020102359,キヨハタムスメ,牝,池田忠好,,フリオーソ,2004106867,ホシゾラ,2014104128,ネオユニヴァース,2000101426,堤保政,横井哲,87.1,2004.0,2014.0,2000.0
2020105824,コウシロウノキセキ,牡,目迫大輔,,ビーチパトロール,000a0141f9,サンアイブライト,2004102574,スペシャルウィーク,1995103211,松本桂昌,ホース・マネジメント・ボス,87.0,2013.0,2004.0,1995.0
2020105044,ブループラネット,牡,川野勇馬,,カレンブラックヒル,2009106230,コウセイオリーヴ,2013101290,マーベラスサンデー,1992103687,上岡和男,イワミ牧場,87.0,2009.0,2013.0,1992.0
2020101427,クラウンエンペラー,牡,大島静夫,,ロゴタイプ,2010103783,シーブライド,2015100492,エイシンフラッシュ,2007102951,サンエツ企画（有）,クラウン日高牧場,86.9,2010.0,2015.0,2007.0
2020106334,モストロネーロ,牡,藤田正治,,リオンディーズ,2013105915,アルマーズビコー,2010103803,ジャングルポケット,1998101786,遠藤喜和,鎌田正嗣,86.8,2013.0,2010.0,1998.0
2020104899,ロワシュペール,牡,工藤裕孝,,ビッグアーサー,2011103328,レディカリーナ,2013102501,ゴールドアリュール,1999106689,鳳山信年,見上牧場,86.8,2011.0,2013.0,1999.0
2020100266,ヴィレイメル,牡,小牧毅,,ゴールドアクター,2011105266,アビス,2013102054,ダイワメジャー,2001103114,秋元順紀,田湯牧場,86.7,2011.0,2013.0,2001.0
2020101969,モンハブランカ,牝,新田守,,アメリカンペイトリオット,000a013bba,キョウエイアロマ,2008102343,キングカメハメハ,2001103460,谷謙介,中前牧場,86.5,2013.0,2008.0,2001.0
2020100753,ワンダーハイパー,牡,九日俊光,,ビーチパトロール,000a0141f9,リマンドインパクト,2009101105,ディープインパクト,2002100816,山本能成,高昭牧場,86.5,2013.0,2009.0,2002.0
2020105376,シンゼンドラゴン,牡,中川雅之,,スマートファルコン,2005100097,コンパーニ,2014100605,トランセンド,2006104736,吉田勝利,大作ステーブル,86.0,2005.0,2014.0,2006.0
2020101000,アルヒモリノナカ,牡,小林真治,,ワールドエース,2009106353,ニシノキュベレー,2006102602,サクラバクシンオー,1989108341,内田玄祥,山田牧場,86.0,2009.0,2006.0,1989.0
2020103546,クエイヴァー,牝,瀬戸幸一,,ヘニーヒューズ,000a011155,ビットレート,2012104690,スペシャルウィーク,1995103211,会田裕一,ノーザンファーム,85.9,2003.0,2012.0,1995.0
2020103480,レインボーティアラ,牝,安部幸夫,,レインボーライン,2013106183,ティアラトウショウ,2012103255,アドマイヤムーン,2003102991,梅ケ枝容晃,ノーザンファーム,85.8,2013.0,2012.0,2003.0
2020100581,バスキュラント,牝,藤ケ崎一,,イスラボニータ,2011103565,トラストフェアリー,2011103054,ケイムホーム,000a0108d1,北澤信,梅田牧場,85.7,2011.0,2011.0,1999.0
2020101932,ピースワンソラーレ,牝,小西重征,,ストロングリターン,2006102934,マサノヒロイン,2013100686,ゴールドヘイロー,1997101264,長谷川成利,道見牧場,85.6,2006.0,2013.0,1997.0
2020100698,ゲンゲンバッハ,牡,小沢宏次,,ミッキーロケット,2013106099,ケンブリッジデイズ,2012102904,クロフネ,1998110135,中西宏彰,ケンブリッジバレー,85.5,2013.0,2012.0,1998.0
2020103335,クラシカルビジュー,牝,石橋満,,サトノクラウン,2012104668,ギーニョ,2003102952,サンデーサイレンス,000a00033a,福盛訓之,ノーザンファーム,85.4,2012.0,2003.0,1986.0
2020106100,エゴラッピング,牡,朝倉実,,デクラレーションオブウォー,000a0136f6,クリムゾンルージュ,2003103379,エンドスウィープ,000a00010f,（株）ＭＭＣ,リトルブルーファーム,85.0,2009.0,2003.0,1991.0
2020103974,サンクスギビング,牡,加藤和宏,,デクラレーションオブウォー,000a0136f6,アートオブダンサー,2006100787,サウスヴィグラス,1996110138,（株）ファーストビジ,岡田牧場,85.0,2009.0,2006.0,1996.0
2020100089,セントマリリン,牝,及川良春,,ダノンバラード,2008103548,ディーズハイビガー,2006106773,アグネスデジタル,1997110025,大黒富美子,加野牧場,85.0,2008.0,2006.0,1997.0
2020101054,シュペットライズ,牡,栗林徹治,,リオンディーズ,2013105915,アレアレア,2008110100,Kyllachy,000a010cba,吉岡寛行,北島牧場,84.5,2013.0,2008.0,1998.0
2020100381,ニシノツキアカリ,牝,川島洋人,,サトノクラウン,2012104668,ニシノブルームーン,2004102548,タニノギムレット,1999100226,西山茂行,本桐牧場,84.4,2012.0,2004.0,1999.0
2020100364,コンスタンシア,牝,及川良春,,モーリス,2011100655,ケープタウンシチー,2005103391,シンボリクリスエス,1999110099,谷謙介,幌村牧場,84.4,2011.0,2005.0,1999.0
2020102558,サンタジュリア,牡,桜田浩樹,,キンシャサノキセキ,2003110212,サーブルクーリール,2013110093,Tale of the Cat,000a002276,前田敏文,追分ファーム,84.2,2003.0,2013.0,1994.0
2020102406,モズハタラキモノ,牡,西川進也,,Golden Horn,000a012adf,キティウェルズ,000a014f51,Sadler's Wells,000a00185d,三峰誠植,アスラン,84.2,2012.0,2007.0,1981.0
2020104925,ティエラ,牝,新田守,,サトノダイヤモンド,2013106101,モアナブリーズ,2013104908,キングカメハメハ,2001103460,谷謙介,矢野牧場,84.1,2013.0,2013.0,2001.0
2020110023,スペイツァー,牝,飯田良弘,,Speightstown,000a011200,Prado's Sweet Ride,000a01b0fd,Fort Prado,000a01b0c0,ゴドルフィン,HnR Nothhaft Horseracing LLC,84.0,1998.0,2012.0,2001.0
2020102199,ベルドミノ,牝,金田一昌,,マスクゾロ,2011110069,ベティボルテクス,2002105708,ジェニュイン,1992109450,鈴木道隆,前川義則,84.0,2011.0,2002.0,1992.0
2020101786,コロコロラスク,牝,岡田利一,,アメリカンペイトリオット,000a013bba,アリュージョン,2011100577,アドマイヤムーン,2003102991,佐々木龍駿,ダーレー・ジャパン・ファーム,84.0,2013.0,2011.0,2003.0
2020101675,アメリカーノ,牡,田中範雄,,フリオーソ,2004106867,ユメハオオキク,2012101451,アドマイヤオーラ,2004102987,（有）新生ファーム,新生ファーム,84.0,2004.0,2012.0,2004.0
2020103990,タマモマイホーム,牝,藤ヶ崎一,,クリエイターII,000a013630,タマモエスカルゴ,2011102613,ケイムホーム,000a0108d1,坂本弘樹,岡田牧場,83.7,2013.0,2011.0,1999.0
2020103861,ロイヤルホープ,牝,平山宏秀,,ダノンレジェンド,2010110102,マリアローザ,2010100499,フジキセキ,1992109618,高野英彦,大滝康晴,83.7,2010.0,2010.0,1992.0
2020109149,カムカムキリシマ,牝,古賀光範,,ショウナンカンプ,1998102595,キアラ,2006103973,ステイゴールド,1994108729,西村新一郎,釘田義美,83.2,1998.0,2006.0,1994.0
2020103913,カガカーニバル,セ,三野宮通,,マツリダゴッホ,2003104570,チアフルドーラ,2005110168,Jump Start,000a010b86,熊谷孝也,岡田スタッド,83.2,2003.0,2005.0,1999.0
2020101740,メイショウイセ,牡,藤ヶ崎一,,メイショウボーラー,2001100650,メイショウサリー,2015101525,ヨハネスブルグ,000a0103b9,服部康夫,高柳隆男,83.1,2001.0,2015.0,1999.0
2020110096,シールテソーロ,牝,高木登,,Kingman,000a0124ab,パテオドバテール,000a01b812,Shirocco,000a010db9,了徳寺健二ホールディングス,Kenji Ryotokuji,83.0,2011.0,2013.0,2001.0
2020110041,グローブホッパー,牡,新子雅司,,Kingman,000a0124ab,ゴールデングローブ,2008105763,Shamardal,000a010c92,ゴドルフィン,Godolphin,83.0,2011.0,2008.0,2002.0
2020106789,センツイ,セ,竹内正洋,,エスケンデレヤ,000a012cc0,ルイゼリアクィーン,2014100444,キングズベスト,000a0022d2,菅井牧場,日本中央競馬会日高育成牧場,83.0,2007.0,2014.0,1997.0
2020105672,グランラウディー,牡,黒岩陽一,,リアルスティール,2012104889,ベラルーサ,000a013aa7,Orpen,000a002326,小島章義,ハクレイファーム,83.0,2012.0,2012.0,1996.0
2020105609,エクセルシオール,牝,渡辺薫彦,,シニスターミニスター,000a011099,ウィッシュハピネス,2012100613,ゴールドアリュール,1999106689,ノースヒルズ,ノースヒルズ,83.0,2003.0,2012.0,1999.0
2020104740,エドノアンジェラス,牝,相沢郁,,ドゥラメンテ,2012104511,ヴィヴァシャスヴィヴィアン,000a0117f9,Distorted Humor,000a0022ea,遠藤喜松,フジワラファーム,83.0,2012.0,2005.0,1993.0
2020104466,カンショウバクヤ,牡,池田孝,,フェノーメノ,2009106599,エスターブレ,2010102951,タニノギムレット,1999100226,野田善己,千代田牧場,83.0,2009.0,2010.0,1999.0
2020103341,カミノモラド,牡,矢野英一,,ロードカナロア,2008103552,クリスプ,000a0137fa,El Corredor,000a010238,Ｇリビエール・レーシング,ノーザンファーム,83.0,2008.0,2007.0,1997.0
2020103327,ホウオウヒショウ,牝,渡辺博文,,エピファネイア,2010104155,キャリコ,2014106184,ディープインパクト,2002100816,小笹芳央,ノーザンファーム,83.0,2010.0,2014.0,2002.0
2020103214,グレンハイウェイ,牝,畑端省吾,,ジャスタウェイ,2009106461,アナアメリカーナ,000a012516,American Post,000a011997,Ｇ１レーシング,ノーザンファーム,83.0,2009.0,2006.0,2001.0
2020103184,オンリーサンライズ,牝,安田翔伍,,ドレフォン,000a013b82,アイズオンリー,2010104010,ネオユニヴァース,2000101426,ライフハウス,ノーザンファーム,83.0,2013.0,2010.0,2000.0
2020102650,ドラクロワ,牡,田中博康,,ミッキーアイル,2011103916,グリサージュ,2011104485,クロフネ,1998110135,キーファーズ,社台コーポレーション白老ファーム,83.0,2011.0,2011.0,1998.0
2020101221,シュナップス,牡,渡辺薫彦,,ヘニーヒューズ,000a011155,キルシュワッサー,2003105704,サクラバクシンオー,1989108341,カナヤマホールディングス,天羽禮治,83.0,2003.0,2003.0,1989.0
2020102590,ファゼドール,牝,藤ヶ崎一,,キンシャサノキセキ,2003110212,ミラグレ,2014105284,ステイゴールド,1994108729,寒川太一,追分ファーム,82.7,2003.0,2014.0,1994.0
2020104851,デセオ,牝,伊藤強一,,Union Rags,000a012d4c,タピットトゥギャザー,000a015975,Tapit,000a011248,（同）ＪＰＮ技研,前谷武志,82.4,2009.0,2013.0,2001.0
2020103196,アマギール,牝,小手川準,,ロードカナロア,2008103552,アステリックス,2010104011,ネオユニヴァース,2000101426,サンデーレーシング,ノーザンファーム,82.3,2008.0,2010.0,2000.0
2020100110,ダバイオラッサン,牝,斉藤正弘,,イスラボニータ,2011103565,フレンチアウル,000a0116dd,Reset,000a011657,（株）本城,木田牧場,82.3,2011.0,2006.0,2000.0
2020101771,ミラクルストーリー,牡,伊藤強一,,フェノーメノ,2009106599,ストリートキャット,2012101500,アドマイヤムーン,2003102991,川上和彦,タバタファーム,82.0,2009.0,2012.0,2003.0
2020103244,メリープランク,牝,真島元徳,,トーセンラー,2008102985,ウィキッドアイズ,2015104686,オルフェーヴル,2008102636,三岡有香,ノーザンファーム,81.6,2008.0,2015.0,2008.0
2020100975,メイショウアサゴチ,牝,原口次夫,,ホッコータルマエ,2009100921,ネオザフラッシュ,2008102822,タニノギムレット,1999100226,北原大史,村下明博,81.5,2009.0,2008.0,1999.0
2020103761,カンタベリースワン,牝,山田徹,,スピルバーグ,2009105961,ケンコウランハート,2004104264,タニノギムレット,1999100226,峰哲馬,ヤマイチ牧場,81.4,2009.0,2004.0,1999.0
2020104312,スマートローラ,牝,地辺幸一,,ブラックタイド,2001103312,トレダンス,000a0120fa,Sinndar,000a002329,酒井孝敏,静内山田牧場,81.1,2001.0,2009.0,1997.0
2020101238,エキゾチックアイズ,牝,松浦聡志,,ドレフォン,000a013b82,サンジュリアン,2014105502,ハービンジャー,000a011996,村野康司,新井昭二,81.0,2013.0,2014.0,2006.0
2020100965,ヨシキタ,牝,石川栄,,ディスクリートキャット,000a0113a1,カネスラッゾ,2008103314,サクラバクシンオー,1989108341,吉田喜代司,三好牧場,80.8,2003.0,2008.0,1989.0
2020106114,ウワサノモネ,牝,菅原欣也,,タイセイレジェンド,2007103199,タイセイティグレス,2011102940,アサクサデンエン,1999110191,山田三郎,寺井文秀,80.7,2007.0,2011.0,1999.0
2020100127,ハチミツプリン,牝,石川浩文,,ビッグアーサー,2011103328,クールビューティー,2015103358,キングズベスト,000a0022d2,（同）ＪＰＮ技研,グローリーファーム,80.6,2011.0,2015.0,1997.0
2020104802,フェスタヴェネト,牝,盛本信春,,ヴィットリオドーロ,2009110009,フェスティバル,1999100306,アサティス,1985109002,福田達也,ＰＲＩＤＥＲＯＣＫ,80.5,2009.0,1999.0,1985.0
2020101647,ノートエリア,牡,山田義人,,シルバーステート,2013105903,ベルテンポ,2011103987,メイショウサムソン,2003102205,川上和彦,白井牧場,80.5,2013.0,2011.0,2003.0
2020101604,エンブレム,牡,長倉功,,シニスターミニスター,000a011099,ラグジャリークラス,000a0114e3,Gone West,000a001be1,塚田義広,下河辺牧場,80.5,2003.0,2004.0,1984.0
2020105113,カゼノマキバオー,牡,後藤佑耶,,ペルーサ,2007102705,サンタレジーナ,2011104053,タニノギムレット,1999100226,柏木一則,柏木一則,80.2,2007.0,2011.0,1999.0
2020105871,ビギドリ,牝,笹野博司,,サトノダイヤモンド,2013106101,ストーミーウェザー,000a01117b,Storm Cat,000a001a98,桑野隆司,松浦牧場,80.0,2013.0,2002.0,1983.0
2020105379,リッタースポーツ,牡,井樋一也,,ノヴェリスト,000a012230,スプリングアウェク,2006103706,アジュディケーティング,000a000d5d,宮崎豊治,大作ステーブル,80.0,2009.0,2006.0,1987.0
2020102325,テーオービスケット,牝,関本浩司,,ミッキーアイル,2011103916,テーオーアモーレ,2015102069,ヨハネスブルグ,000a0103b9,吉田啓,ヤナガワ牧場,80.0,2011.0,2015.0,1999.0
2020102165,ナックレガシー,牡,金田一昌,,エスケンデレヤ,000a012cc0,チュウワビーナス,2009106279,アグネスタキオン,1998101516,小松欣也,豊洋牧場,80.0,2007.0,2009.0,1998.0
2020101809,ムーンフォレスト,牡,小島茂之,,アドマイヤムーン,2003102991,シルヴァンソング,000a0127ec,Street Cry,000a0103ba,ゴドルフィン,ダーレー・ジャパン・ファーム,80.0,2003.0,2009.0,1998.0
2020100226,ロンドンブルース,牝,小林真治,,グレーターロンドン,2012101402,エーシンミモザ,2008101295,キングカメハメハ,2001103460,井上久光,城地牧場,80.0,2012.0,2008.0,2001.0
2020100164,ストレイトアウェイ,牝,田中淳司,,ロードカナロア,2008103552,フラーティングアウェイ,000a0143c6,Distorted Humor,000a0022ea,中村智幸,ケイアイファーム,80.0,2008.0,2012.0,1993.0
2020102028,ビフォーダクセーラ,牝,北村欣也,,フェノーメノ,2009106599,ビフォーダーク,2007105499,キングカメハメハ,2001103460,藤井享宏,原田ファーム,79.9,2009.0,2007.0,2001.0
2020102434,イレンカ,牝,宇都英樹,,リアルスティール,2012104889,アスクレピアス,2002105072,ヘクタープロテクター,000a000d6b,石澤純平,上水牧場,79.8,2012.0,2002.0,1988.0
2020102117,フィーバーヒュー,牝,竹之下昭,,ミュゼスルタン,2012104118,マルヨバナーヌ,2012101935,エイシンサンディ,1993103280,（同）ＪＰＮ技研,藤本直弘,79.8,2012.0,2012.0,1993.0
2020109103,チョコバニラ,牝,川田孝好,,ハービンジャー,000a011996,メイブリーズ,2009106470,クロフネ,1998110135,成富直行,千明牧場,79.7,2006.0,2009.0,1998.0
2020102240,アポロシュシュ,牝,加藤和宏,,アポロソニック,2010110120,キタノオペラ,2001107051,グランドオペラ,000a000d1d,（株）ファーストビジ,三輪幸子,79.6,2010.0,2001.0,1984.0
2020109031,エムティウイン,牝,菅原勲,,ウインバリアシオン,2008103206,タカラメロス,2013109058,ヴァーミリアン,2002100877,（株）門別牧場,風ノ丘ファーム,79.5,2008.0,2013.0,2002.0
2020107147,ミスターマイセルフ,牡,新子雅司,,シルバーステート,2013105903,キープサニーハート,2013103148,キングヘイロー,1995104427,堀口晴男,日西牧場,79.5,2013.0,2013.0,1995.0
2020100287,セブンハイ,牡,金田一昌,,バゴ,2001190004,ムーンレイク,2012102405,アドマイヤムーン,2003102991,前迫義幸,土田農場,79.2,2001.0,2012.0,2003.0
2020106892,サラアデール,牝,後藤佑耶,,ロードカナロア,2008103552,プリンセスムーン,2010105140,アドマイヤムーン,2003102991,玉腰勇吉,三嶋牧場,79.0,2008.0,2010.0,2003.0
2020105398,シゲルストーム,牡,九日俊光,,シゲルカガ,2011103048,トシチャン,2013106380,サムライハート,2002100996,森中啓子,中央牧場,79.0,2011.0,2013.0,2002.0
2020105175,ホバーコルテ,牝,菅原欣也,,ホッコータルマエ,2009100921,エアワルツ,2005102399,ダンスインザダーク,1993109188,（同）ＪＰＮ技研,小泉学,79.0,2009.0,2005.0,1993.0
2020104562,ディーフライト,牝,中野博,,ディーマジェスティ,2013104704,エスジーナミ,2007102134,タイキシャトル,1994109686,金野博幸,友田牧場,79.0,2013.0,2007.0,1994.0
2020100944,ユウユウプレシャス,牝,横山保,,フリオーソ,2004106867,プレシャスペスカ,2009101306,フジキセキ,1992109618,北原大史,フクオカファーム,79.0,2004.0,2009.0,1992.0
2020105724,マナフリューゲル,牝,金田一昌,,ハービンジャー,000a011996,ワビサビ,2015105044,シンボリクリスエス,1999110099,谷口祐人,パカパカファーム,78.8,2006.0,2015.0,1999.0
2020106810,メイショウサツマ,牡,田中伸一,,マジェスティックウォリアー,000a011e9c,メイショウアツヒメ,2006102236,タイキシャトル,1994109686,蟹江知彦,日の出牧場,78.5,2005.0,2006.0,1994.0
2020106126,メイプルマロン,牝,小林真治,,トゥザグローリー,2007103265,グレースローラ,2012102097,アサクサデンエン,1999110191,節英司,小田牧場,78.5,2007.0,2012.0,1999.0
2020105125,フェバリットロード,牝,雑賀正光,,アジアエクスプレス,2011110091,ナナヨンハーバー,2012100924,タイムパラドックス,1998101683,木村公子,カミイスタット,78.5,2011.0,2012.0,1998.0
2020100225,ラブロスピカ,牝,栗本陽一,,ディープブリランテ,2009105084,エーシンスピカ,2009100250,アグネスタキオン,1998101516,酒井孝敏,城地牧場,78.5,2009.0,2009.0,1998.0
2020100167,ケサランパサラン,牝,安田武広,,ロードカナロア,2008103552,ベルフィオーレ,2011103461,ディープインパクト,2002100816,中村智幸,ケイアイファーム,78.4,2008.0,2011.0,2002.0
2020103204,スウィフトアロー,牝,水野善太,,ヘニーヒューズ,000a011155,アドマイヤアロー,2014103382,ワークフォース,000a011a7f,遠藤喜和,ノーザンファーム,78.3,2003.0,2014.0,2007.0
2020107152,ブルーステラ,牡,九日俊光,,パイロ,000a01176a,トーホウシャイン,2003106291,スペシャルウィーク,1995103211,岡友則,絵笛牧場,78.0,2005.0,2003.0,1995.0
2020106978,レインボーウォリア,セ,伊坂重信,,ビーチパトロール,000a0141f9,ファンアットコート,2010105945,アドマイヤマックス,1999107004,ミルファーム,ミルファーム,78.0,2013.0,2010.0,1999.0
2020105772,サンガルガーノ,牡,松山将樹,,スクリーンヒーロー,2004103328,ビラゴーティアラ,2007104013,スターオブコジーン,1988109108,ビッグレッドファーム,ビッグレッドファーム,78.0,2004.0,2007.0,1988.0
2020104515,クラウンリング,牡,田中伸一,,サトノクラウン,2012104668,ブライテストリング,2015105939,ダノンシャンティ,2007105709,小橋亮太,千代田牧場,78.0,2012.0,2015.0,2007.0
2020101785,ケンブレンデント,牝,田口輝彦,,アドマイヤムーン,2003102991,アラリーン,000a0127f0,Selkirk,000a001fab,中西桂子,ダーレー・ジャパン・ファーム,78.0,2003.0,2008.0,1988.0
2020101769,ダイヤノジャック,牝,加用正,,エピファネイア,2010104155,クラウンドジャック,2013100538,ヴィクトワールピサ,2007102923,協栄,タバタファーム,78.0,2010.0,2013.0,2007.0
2020101568,エンジェルスアスク,牝,矢作芳人,,サトノダイヤモンド,2013106101,スカイランダーガール,000a0143ca,Stroll,000a011f19,廣崎利洋ＨＤ,下河辺牧場,78.0,2013.0,2011.0,2000.0
2020101039,ワキアプリンセス,牝,中竹和也,,デクラレーションオブウォー,000a0136f6,スズカグレイス,2002107012,サンデーサイレンス,000a00033a,永井商事,稲原牧場,78.0,2009.0,2002.0,1986.0
2020100728,ヘイローグラン,牡,笹田和秀,,ミッキーアイル,2011103916,スーサンヘイロー,2012100187,アドマイヤムーン,2003102991,林進,高昭牧場,78.0,2011.0,2012.0,2003.0
2020104716,リュウノシデン,牡,加藤和義,,シビルウォー,2005102317,リュウノシャンソン,2016106006,トーセンラー,2008102985,蓑島竜一,藤川ファーム,77.9,2005.0,2016.0,2008.0
2020105014,アイチケンシノジマ,牝,佐藤祐司,,ラニ,2013110045,ピッチニーニ,2009100526,ホワイトマズル,1990109700,（株）ＭＲ,安達牧場,77.8,2013.0,2009.0,1990.0
2020106009,ルーヴェローチェ,牡,加藤和義,,ヘニーヒューズ,000a011155,ジョワユーズ,2015100897,エンパイアメーカー,000a010542,石瀬浩三,村田牧場,77.4,2003.0,2015.0,2000.0
2020105705,スターメメ,牡,水野善太,,エイシンフラッシュ,2007102951,スターギャル,2011101993,ヨハネスブルグ,000a0103b9,小橋亮太,林博道,77.4,2007.0,2011.0,1999.0
2020106791,ソウヤ,牡,山越光,,スピルバーグ,2009105961,エイシンエルヴァー,2015105218,タイキシャトル,1994109686,江川伸夫,信岡牧場,77.0,2009.0,2015.0,1994.0
2020105161,コウセイ,牡,青木孝文,,ゴールドアクター,2011105266,グッドプリン,2013101419,ブラックタイド,2001103312,仲谷善彰,小泉牧場,77.0,2011.0,2013.0,2001.0
2020100511,リュウノミグ,牡,北村欣也,,フェノーメノ,2009106599,サワヤカスズカ,1997102949,サクラバクシンオー,1989108341,蓑島竜一,森政巳,77.0,2009.0,1997.0,1989.0
2020106500,ロードヴェロシティ,牡,池田忠好,,アメリカンペイトリオット,000a013bba,スクリプティド,2015101611,キングズベスト,000a0022d2,光安慎一,千里ファーム,76.6,2013.0,2015.0,1997.0
2020106188,ムサシキング,牡,栗田泰昌,,ホッコータルマエ,2009100921,ヨシカワクン,2010101882,アドマイヤムーン,2003102991,武蔵屋ハウス（株）,中脇一幸,76.5,2009.0,2010.0,2003.0
2020105436,リリーロードナイト,牝,織田誠,,トゥザワールド,2011103975,トップギャル,2010103280,ワイルドラッシュ,000a0003a1,小畑久恵,トモファーム,76.0,2011.0,2010.0,1994.0
2020101368,コーリンライリー,牡,錦見勇夫,,スピルバーグ,2009105961,コーリンブリリアン,2012101066,キングカメハメハ,2001103460,伊藤惠子,カロッテファーム,76.0,2009.0,2012.0,2001.0
2020104191,ホクセンマイヒメ,牝,伊藤勝好,,ヘニーハウンド,2008110097,ホクセンノマイ,2015105668,ジャングルポケット,1998101786,（有）ホースケア,坂本智広,75.8,2008.0,2015.0,1998.0
2020101220,マナキーアハ,セ,桧森邦夫,,ダイワメジャー,2001103114,アポロジャスミン,2007110117,Saint Liam,000a010610,佐藤弘樹,天羽禮治,75.4,2001.0,2007.0,2000.0
2020107110,サンマルエール,牝,今津博之,,バンブーエール,2003104100,オオオク,2013101618,キングカメハメハ,2001103460,相馬勇,目名太山口牧場,75.3,2003.0,2013.0,2001.0
2020106524,ノーブルリスト,牝,倉地学,,ノヴェリスト,000a012230,ネオアレクサンドラ,2009106290,アグネスタキオン,1998101516,吉木伸彦,高村牧場,75.0,2009.0,2009.0,1998.0
2020105818,ゴールドウォリアー,牡,瀬戸幸一,,マジェスティックウォリアー,000a011e9c,エレクティオン,2009105100,シンボリクリスエス,1999110099,後藤順男,ホース・マネジメント・ボス,75.0,2005.0,2009.0,1999.0
2020105560,クインズスセリヒメ,牝,西山裕貴,,ダノンレジェンド,2010110102,クインズストリーク,2011102628,ゴールドアリュール,1999106689,亀田和弘,新冠橋本牧場,75.0,2010.0,2011.0,1999.0
2020105105,コスモリボルブ,牡,佐藤敏彦,,ダノンバラード,2008103548,ワンダーサークル,2010102848,グラスワンダー,1995108676,組）リノレーシング,海馬沢明,74.9,2008.0,2010.0,1995.0
2020105333,スプリングルージュ,牝,井手上慎,,ヘニーハウンド,2008110097,オンワードマルタ,2000107249,メジロマックイーン,1987107235,岡島行一,高橋忍,74.8,2008.0,2000.0,1987.0
2020100294,リエキソウハン,牡,坂口義幸,,ネオアトラクション,2012110050,ポンドガール,2007102934,キングカメハメハ,2001103460,（同）ＪＰＮ技研,鳥井牧場,74.8,2012.0,2007.0,2001.0
2020102260,アネラアーニャ,牝,川田孝好,,ヴィクトワールピサ,2007102923,ホーマンビジュー,2013105875,キングカメハメハ,2001103460,久保博文,目黒牧場,74.7,2007.0,2013.0,2001.0
2020100320,サンケイスマイル,牝,塚田隆男,,ベストウォーリア,2010110127,チェストケハーツ,2013102496,ハーツクライ,2001103038,中村吉隆,沼田照秋,74.6,2010.0,2013.0,2001.0
2020105704,スーパーファントム,牡,嶋田幸晴,,スピルバーグ,2009105961,コハルタイム,2004107037,キャプテンスティーヴ,000a000d9d,阿部東亜子,林博道,74.5,2009.0,2004.0,1997.0
2020106172,ロケットスピード,牡,安田武広,,ミッキーロケット,2013106099,サクラダモン,2004103979,ボストンハーバー,000a00007c,高村洋子,高村伸一,74.2,2013.0,2004.0,1994.0
2020102531,トーセンベガス,牡,後藤正義,,マクマホン,000a0143ac,ライブインベガス,2008102988,マンハッタンカフェ,1998101554,島川隆哉,エスティファーム,74.2,2014.0,2008.0,1998.0
2020109120,チャペル,牝,東眞市,,サドンストーム,2009102663,フォンティーン,2003102862,エンドスウィープ,000a00010f,村山光弘,ストームファームコーポレーション,74.0,2009.0,2003.0,1991.0
2020105395,シゲルモアナ,牝,九日俊光,,シゲルカガ,2011103048,シゲルパンダ,2014104826,ローエングリン,1999106738,森中啓子,中央牧場,73.9,2011.0,2014.0,1999.0
2020105318,フランキンセンス,牡,櫻田康二,,フェノーメノ,2009106599,ライステラス,2008104574,ソングオブウインド,2003102461,スピードファーム,スピードファーム,73.8,2009.0,2008.0,2003.0
2020105935,サクラ,牝,小野望,,ドレフォン,000a013b82,デッセシャテーヌ,2013105280,ヴィクトワールピサ,2007102923,篠田くみ子,村上欽哉,73.6,2013.0,2013.0,2007.0
2020101351,ヴェルティグレ,牡,田中淳司,,ドゥラメンテ,2012104511,ブルーグラスチャッター,000a0124d3,Bluegrass Cat,000a01173d,小島章義,オリオンファーム,73.6,2012.0,2008.0,2003.0
2020105444,ジョーボギーニャ,牝,小久保智,,ベストウォーリア,2010110127,ユアライフスタイル,1999106847,ティンバーカントリー,000a00035e,上田江吏子,土井牧場,73.5,2010.0,1999.0,1992.0
2020105504,ローズジャスティス,牡,井手上慎,,レーヴミストラル,2012104929,ローズカスケイド,2014106257,シンボリクリスエス,1999110099,太田美津子,中山高鹿康,73.4,2012.0,2014.0,1999.0
2020102871,ミソニコミウドン,牝,中野博,,ロゴタイプ,2010103783,シャイニンオスカー,2015104487,ディープインパクト,2002100816,佐々木龍駿,社台ファーム,73.1,2010.0,2015.0,2002.0
2020102371,リコーウージー,牝,植松則幸,,ワンアンドオンリー,2011105072,リコーマチルダ,2013101051,ゼンノロブロイ,2000101517,（株）ファーストビジ,リコーファーム,73.1,2011.0,2013.0,2000.0
2020102267,エフボマ,牝,中川雅之,,ノヴェリスト,000a012230,フォルゴラーレ,2012101980,ハーツクライ,2001103038,吉田勝利,モリナガファーム,73.1,2009.0,2012.0,2001.0
2020105987,ヨコワケハンサム,牡,吉田正美,,ネロ,2011103722,ネローリ,2001103158,ラムタラ,000a0001d4,篠塚和郎,村上牧場,73.0,2011.0,2001.0,1992.0
2020100421,マーゴットピア,牝,金田一昌,,レッドファルクス,2011104416,ピアグラス,2010103733,チチカステナンゴ,000a011135,北原大史,前田ファーム,72.9,2011.0,2010.0,1998.0
2020102662,サヴィトリ,牝,工藤裕孝,,ハービンジャー,000a011996,シャクンタラー,2013106111,ゼンノロブロイ,2000101517,岩渕瑞生,社台コーポレーション白老ファーム,72.8,2006.0,2013.0,2000.0
2020102683,アグラバー,牝,佐々木国,,サトノアラジン,2011104063,ダイナミズム,2007103044,Rahy,000a001c5e,吉田晴哉,社台コーポレーション白老ファーム,72.4,2011.0,2007.0,1985.0
2020102374,ケネディテソーロ,牡,東眞市,,アドマイヤムーン,2003102991,アンカーテソーロ,2015110094,Giant's Causeway,000a0022e1,了徳寺健二ホールディングス,リョーケンファーム,72.4,2003.0,2015.0,1997.0
2020106971,ニジノテンシ,牝,竹口勝利,,ビーチパトロール,000a0141f9,テイア,2012103681,マヤノトップガン,1992102988,（同）ＪＰＮ技研,ミルファーム,72.0,2013.0,2012.0,1992.0
2020104891,トロピカルレイズ,牝,雑賀正光,,キンシャサノキセキ,2003110212,ラヴトワイス,2014105150,ファルブラヴ,1998190004,中野幸一,松田牧場,72.0,2003.0,2014.0,1998.0
2020104691,ジョーンズ,牝,岩本洋,,ワンアンドオンリー,2011105072,シグラップマリア,2013104315,スタチューオブリバティ,000a0109d5,岡田初江,原ファーム,72.0,2011.0,2013.0,2000.0
2020102091,ミュークテリウス,牡,山崎尋美,,イスラボニータ,2011103565,リリーオブザバリー,2006105951,バブルガムフェロー,1993109219,庄司修二,広中稔,72.0,2011.0,2006.0,1993.0
2020109062,パダノベネタ,牝,今津勝之,,ウインバリアシオン,2008103206,パダナ,000a011e0f,Lando,1990109712,酒井孝敏,町屋勝幸,71.9,2008.0,2007.0,1990.0
2020100385,シュウ,牡,小西重征,,キンシャサノキセキ,2003110212,ヒマラヤタカコ,2011101475,タイキシャトル,1994109686,木村廣太,本桐牧場,71.5,2003.0,2011.0,1994.0
2020106185,メイショウコナツ,牝,松平幸秀,,ダノンバラード,2008103548,メイショウルナ,2011105998,スタチューオブリバティ,000a0109d5,橘勝年,中脇一幸,71.4,2008.0,2011.0,2000.0
2020109012,カガヤキハリマオー,牡,藤ヶ崎一,,ヤマカツエース,2012102774,シーズババズディライト,000a010f05,Distorted Humor,000a0022ea,高井孝二,石田英機,71.3,2012.0,2001.0,1993.0
2020100195,ニシノリーデル,牝,宇都英樹,,シルバーステート,2013105903,ニシノミストレス,2015101780,ルーラーシップ,2007103143,和氣竜彦,佐藤鉄也,71.2,2013.0,2015.0,2007.0
2020104102,テイエムシャイン,牡,平山宏秀,,アジアエクスプレス,2011110091,アイシークレット,2007100290,ゴールドアリュール,1999106689,竹園正繼,グランド牧場,71.1,2011.0,2007.0,1999.0
2020103165,ジョディユキ,牝,酒井一則,,ダノンシャンティ,2007105709,フィユタージュ,2014104802,マンハッタンカフェ,1998101554,岡崎健一,ゼットステーブル,71.0,2007.0,2014.0,1998.0
2020104848,コーリンエプリン,牝,錦見勇夫,,ダノンレジェンド,2010110102,コーリンハッピー,2008105286,バブルガムフェロー,1993109219,伊藤惠子,前谷武志,70.6,2010.0,2008.0,1993.0
2020110014,エッセンシャルワン,牝,昆貢,,Bernardini,000a0111fe,インデリブル,000a01a924,Tiznow,000a00fa4b,ＮＩＣＫＳ,Ocala Stud J Michael O'Farrell Jr. & William J. Terrill,70.0,2003.0,2016.0,1997.0
2020107096,マジックアワー,牡,宇都英樹,,ロージズインメイ,000a010a10,リクエストアワー,2011104346,ネオユニヴァース,2000101426,田頭勇貴,浜本牧場,70.0,2000.0,2011.0,2000.0
2020106859,カフェハーモニー,牝,古賀慎明,,マジェスティックウォリアー,000a011e9c,エルドールカフェ,2013103487,ロージズインメイ,000a010a10,西川光一,三嶋牧場,70.0,2005.0,2013.0,2000.0
2020106397,サムシンググッド,セ,新谷功一,,リオンディーズ,2013105915,スマートルビー,2013103386,ゼンノロブロイ,2000101517,吉田千津,杵臼牧場,70.0,2013.0,2013.0,2000.0
2020105855,レッドリターン,牝,萱野浩二,,ルーラーシップ,2007103143,レッドマロン,2008106083,Aragorn,000a011158,紅露純,細川農場,70.0,2007.0,2008.0,2002.0
2020104976,ブロックバスター,牡,藤岡健一,,ルーラーシップ,2007103143,ギンマクノヒロイン,2011104404,グラスワンダー,1995108676,深見敏男,モリナガファーム,70.0,2007.0,2011.0,1995.0
2020104242,スマイルモネ,牝,北出成人,,キンシャサノキセキ,2003110212,パチャママ,2009101572,ファスリエフ,000a00fc4c,岡浩二,サンデーヒルズ,70.0,2003.0,2009.0,1997.0
2020104011,ヤマカツキントーン,牡,谷潔,,ヤマカツエース,2012102774,ヤマカツマヤリス,2007100146,クロフネ,1998110135,山田和夫,岡田牧場,70.0,2012.0,2007.0,1998.0
2020103845,シンゲンモッチーニ,牝,石川浩文,,ブラックタイド,2001103312,ウエスタンユーノー,2011101698,アドマイヤコジーン,1996106512,ＳＲＥ（同）,ウエスタンファーム,70.0,2001.0,2011.0,1996.0
2020103607,ウインターズテイル,牝,吉岡辰弥,,リオンディーズ,2013105915,ホワイトミーティア,2011103818,ゼンノロブロイ,2000101517,キャロットファーム,ノーザンファーム,70.0,2013.0,2011.0,2000.0
2020102177,ロードアルザス,牡,稲垣幸雄,,ヴァンセンヌ,2009106525,ボヌールバトー,2014102256,ジャングルポケット,1998101786,ロードホースクラブ,細川牧場,70.0,2009.0,2014.0,1998.0
2020101862,ワイズメアリー,牝,長倉功,,キタサンブラック,2012102013,アオイスカーレット,2014102676,ディープインパクト,2002100816,（株）チャンピオンズ,チャンピオンズファーム,70.0,2012.0,2014.0,2002.0
2020101829,ヴァンサンブル,牡,中村直也,,パイロ,000a01176a,デストリアー,2012101572,ディープスカイ,2005101358,増田江利子,ダーレー・ジャパン・ファーム,70.0,2005.0,2012.0,2005.0
2020101400,バスケットカウント,牝,的場均,,エスポワールシチー,2005102837,サウスサプライズ,2005102973,サウスヴィグラス,1996110138,長谷川守正,木村牧場,70.0,2005.0,2005.0,1996.0
2020101153,クレアチョウサン,牝,石毛善彦,,ストロングリターン,2006102934,モカチョウサン,2015102213,オルフェーヴル,2008102636,チョウサン,坂東牧場,70.0,2006.0,2015.0,2008.0
2020101033,アスクトゥマッチ,牡,中舘英二,,ハービンジャー,000a011996,ベストセラーアスク,2011102577,キングカメハメハ,2001103460,廣崎利洋,ＡＳＫＳＴＵＤ,70.0,2006.0,2011.0,2001.0
2020100968,オーケードラゴン,牡,森沢友貴,,モーリス,2011100655,ナンヨーサフラウア,2008103295,アグネスタキオン,1998101516,小野建,三好牧場,70.0,2011.0,2008.0,1998.0
2020100393,テナシティー,牝,中村直也,,ロードカナロア,2008103552,アルスノヴァ,2005102121,ダンスインザダーク,1993109188,中村智幸,前川勝春,70.0,2008.0,2005.0,1993.0
2020100120,レジーナルージュ,牝,佐藤吉勝,,レッドファルクス,2011104416,フェリシア,2002100480,グラスワンダー,1995108676,永山勝敏,木下牧場,70.0,2011.0,2002.0,1995.0
2020101857,ゼッタイ,牝,原口次夫,,キズナ,2010105827,ファストムーン,2013100661,アドマイヤムーン,2003102991,小橋亮太,千葉飯田牧場,69.8,2010.0,2013.0,2003.0
2020101041,ニホンピロベイリー,牝,川嶋弘吉,,サトノクラウン,2012104668,ニホンピロコナユキ,2004104948,ニホンピロニール,1997105739,小林英一,稲原牧場,69.8,2012.0,2004.0,1997.0
2020101108,ショウナンカムイ,牡,土井道隆,,ダイワメジャー,2001103114,タッチミーベイブ,000a0125f0,E Dubai,000a010a94,岡友則,二風谷ファーム,69.5,2001.0,2006.0,1998.0
2020100986,メローラ,牝,永田幸宏,,ビッグアーサー,2011103328,ライゼリート,2012104015,ゼンノロブロイ,2000101517,小原準一郎,村下清志,69.3,2011.0,2012.0,2000.0
2020104298,ヴィートディエース,牝,藤田正治,,マインドユアビスケッツ,000a01392e,ガスター,2011100228,ファスリエフ,000a00fc4c,住宅データ,静内山田牧場,69.2,2013.0,2011.0,1997.0
2020106807,ニジ,牝,飯田良弘,,ジャングルポケット,1998101786,フジクイーン,2013103621,クロフネ,1998110135,平口信行,ＨＡＲＵＮＯファーム,69.0,1998.0,2013.0,1998.0
2020106137,ヴィーナスフォート,牝,山田義人,,エイシンフラッシュ,2007102951,ファイヤーオパール,2006101931,アグネスタキオン,1998101516,ＳＲＥ（同）,様似堀牧場,69.0,2007.0,2006.0,1998.0
2020102390,チュウワステート,牡,打越勇児,,シルバーステート,2013105903,チュウワアピール,2011104038,マンハッタンカフェ,1998101554,中西忍,若林順一,69.0,2013.0,2011.0,1998.0
2020101409,アシャカドリュー,牡,土井道隆,,マジェスティックウォリアー,000a011e9c,マイスイートベス,2006103880,Haafhd,000a010530,吉冨学,木村牧場,68.7,2005.0,2006.0,2001.0
2020106243,エイシンレイラニ,牝,三宅直之,,エイシンヒカリ,2011101273,エイシンイヒラニ,2013103746,キングカメハメハ,2001103460,（株）ファーストビジ,栄進牧場,68.6,2011.0,2013.0,2001.0
2020104841,カリンパニ,牝,三小田幸,,ダノンバラード,2008103548,マイネノーブレス,2007105000,マヤノトップガン,1992102988,桑原一樹,真歌田中牧場,68.2,2008.0,2007.0,1992.0
2020102916,チャクラバーディ,牝,小国博行,,スピルバーグ,2009105961,スペードクイーン,2013110114,Gio Ponti,000a011a7e,望月文恵,社台ファーム,68.0,2009.0,2013.0,2005.0
2020100270,ナパヴァレー,牝,金田一昌,,ベストウォーリア,2010110127,ワイングラス,2010106282,スペシャルウィーク,1995103211,三宅勝俊,田湯牧場,68.0,2010.0,2010.0,1995.0
2020100970,ドメル,牡,安田武広,,クリエイターII,000a013630,ハーベストシーズン,2003110179,Tale of the Cat,000a002276,竹下佳利,三好牧場,67.9,2013.0,2003.0,1994.0
2020103494,シャインジュエリー,牝,織田誠,,ドレフォン,000a013b82,ディープジュエリー,2012104666,ディープインパクト,2002100816,藤井猛,ノーザンファーム,67.6,2013.0,2012.0,2002.0
2020106828,コンフェッティ,牡,新井清重,,レーヴミストラル,2012104929,スマートシャワー,2005106427,アグネスタキオン,1998101516,ＹＧＧホースクラブ,松田牧場,67.5,2012.0,2005.0,1998.0
2020102689,マリンノート,牝,藤ヶ崎一,,ルーラーシップ,2007103143,ネオフレグランス,2014105942,ネオユニヴァース,2000101426,武藤隆司,社台コーポレーション白老ファーム,67.5,2007.0,2014.0,2000.0
2020101693,ポリッシュグルーム,牡,川西毅,,ビッグアーサー,2011103328,ハイデルベーレ,2008102778,ハーツクライ,2001103038,星加浩一,シンボリ牧場,67.5,2011.0,2008.0,2001.0
2020101215,フクシマルーラー,牝,石川浩文,,ディープブリランテ,2009105084,プルクワパ,2016102770,ルーラーシップ,2007103143,西本資史,天羽牧場,67.4,2009.0,2016.0,2007.0
2020104651,セカンドチャプター,牝,加藤和義,,ゴドリー,2010110050,ニュープロローグ,2011103564,キングカメハメハ,2001103460,?文彦,畠山牧場,67.2,2010.0,2011.0,2001.0
2020105100,ケイツータラ,牝,宇都英樹,,フリオーソ,2004106867,ペニーウエイト,2009104518,ダイワメジャー,2001103114,松永直記,オリエント牧場,67.1,2004.0,2009.0,2001.0
2020105974,カシノビジン,牝,東美義,,レッドファルクス,2011104416,ショウナンパシスタ,2015109110,ルーラーシップ,2007103143,柏木務,ムラカミファーム,67.0,2011.0,2015.0,2007.0
2020100205,ファロブンスリング,牝,千葉幸喜,,サトノダイヤモンド,2013106101,レディアモーレ,2003101181,フレンチデピュティ,000a00013a,佐野幸一郎,嶋田牧場,67.0,2013.0,2003.0,1992.0
2020105242,ラヴァンドラ,牝,菅原欣也,,リアルスティール,2012104889,スパイクラベンダー,2010105523,Henrythenavigator,000a0116fd,（同）ＪＰＮ技研,佐藤牧場,66.6,2012.0,2010.0,2005.0
2020105047,エクセルスコール,牡,櫻井今朝,,ロゴタイプ,2010103783,フジドリーム,2009104467,オペラハウス,000a000d77,谷川正純,イワミ牧場,66.6,2010.0,2009.0,1988.0
2020102980,ルージュアウラ,牝,井上哲,,ヴィクトワールピサ,2007102923,ハルマッタン,2012104406,マンハッタンカフェ,1998101554,酒井孝敏,社台ファーム,66.5,2007.0,2012.0,1998.0
2020102516,オータムリーブス,牡,山中尊徳,,マクマホン,000a0143ac,トーセンレディ,2010103194,ダイワメジャー,2001103114,島川隆哉,エスティファーム,66.5,2014.0,2010.0,2001.0
2020106716,トゥルーキーノ,牡,伊藤強一,,トーセンラー,2008102985,ルシアンネイル,2012103643,タニノギムレット,1999100226,（同）ＪＰＮ技研,ディアレストクラブ,66.4,2008.0,2012.0,1999.0
2020103245,カフジクロストリ,セ,原口次夫,,ダイワメジャー,2001103114,ウィキッドリーパーフェクト,000a011ad9,Congrats,000a010687,加藤守,ノーザンファーム,66.1,2001.0,2008.0,2000.0
2020100040,フラワートピアリー,牝,金田一昌,,ダノンバラード,2008103548,トピアリー,2003101100,タバスコキャット,000a000348,堀内一夫,沖田忠幸,66.0,2008.0,2003.0,1991.0
2020100510,キリンジュニア,牝,大島静夫,,タニノギムレット,1999100226,キリーンガール,2000110094,Cozzene,000a001bda,吉岡時美,森政巳,65.8,1999.0,2000.0,1980.0
2020109141,レオンブルーム,牡,矢野久美,,トーセンジョーダン,2006103169,マルラニビスティー,2006103153,ダンスインザダーク,1993109188,吉野政敏,吉野政敏,65.6,2006.0,2006.0,1993.0
2020106465,サヴァナ,牡,藤ケ崎一,,シルバーステート,2013105903,マサイマラ,000a013899,Orpen,000a002326,北澤信,酒井牧場,65.5,2013.0,2012.0,1996.0
2020104002,ブラストクラッシュ,牡,秋田大助,,ディスクリートキャット,000a0113a1,ブロードピーク,2008103303,ディープインパクト,2002100816,北原大史,岡田牧場,65.3,2003.0,2008.0,2002.0
2020102543,バステト,牝,佐々木国,,キタサンブラック,2012102013,イルーシヴキャット,2011103549,キングカメハメハ,2001103460,Ｇ１レーシング,追分ファーム,65.2,2012.0,2011.0,2001.0
2020100988,カオルアーチャン,牝,北村欣也,,メイショウボーラー,2001100650,ゴールドルージュ,2002104193,クロコルージュ,000a0000bf,藤木隆之,村下農場,65.2,2001.0,2002.0,1995.0
2020104943,ナッツナナーヤ,牡,工藤伸輔,,コパノリチャード,2010106552,ワールドパンダ,2009103789,スキャン,000a000d69,大島光二,田原安田牧場,65.0,2010.0,2009.0,1988.0
2020100408,ヒロノデモクラシー,牡,中川雅之,,ケープブランコ,000a011b06,コーリングオブラブ,2007100565,キングカメハメハ,2001103460,吉田勝利,前田ファーム,65.0,2007.0,2007.0,2001.0
2020109046,ローズアスティ,牝,今津勝之,,アメリカンペイトリオット,000a013bba,タークオイズローズ,2012109037,フレンチデピュティ,000a00013a,横山幸弘,諏訪牧場,64.8,2013.0,2012.0,1992.0
2020100126,ケイティヴィーナス,牝,渡辺博文,,エスケンデレヤ,000a012cc0,エアブライス,2014106078,ハービンジャー,000a011996,遠藤喜和,グローリーファーム,64.8,2007.0,2014.0,2006.0
2020105790,ピリカノンノ,牝,石川浩文,,ラブリーデイ,2010104298,マイネノンノ,2010103847,タイキシャトル,1994109686,（株）アプエンテ,ビッグレッドファーム,64.6,2010.0,2010.0,1994.0
2020105164,イナズマモーリス,牝,角川秀樹,,モーリス,2011100655,コウエイオトメ,2008104252,ハーツクライ,2001103038,小泉賢悟,小泉牧場,64.5,2011.0,2008.0,2001.0
2020101909,リュウノマスタング,牡,山口浩幸,,ロゴタイプ,2010103783,スズカシャルム,2015106135,アドマイヤコジーン,1996106512,蓑島竜一,坪田晃宜,64.5,2010.0,2015.0,1996.0
2020101791,ヴァイキングムーン,牡,濱田一夫,,アドマイヤムーン,2003102991,ヴィヴァルダ,2015101582,Intello,000a012293,高野英彦,ダーレー・ジャパン・ファーム,64.3,2003.0,2015.0,2010.0
2020104574,ペイシャボビー,牡,戸部尚実,,シャンハイボビー,000a0127e4,ペイシャマリヤ,2013104604,タイキシャトル,1994109686,北所拓也,友田牧場,64.2,2010.0,2013.0,1994.0
2020106318,ゴールドマリー,牝,諏訪貴正,,ダンカーク,000a012185,グランシュクレ,2012100953,サムライハート,2002100996,間宮秀直,カナイシスタッド,64.0,2006.0,2012.0,2002.0
2020102168,アンモチャン,牝,真島元徳,,ミッキーロケット,2013106099,ホウヨウジーナス,2015101931,トランセンド,2006104736,原久美子,豊洋牧場,64.0,2013.0,2015.0,2006.0
2020100102,エルフィナ,牝,久保勇,,ラブリーデイ,2010104298,エーシンシルビア,2008101263,スペシャルウィーク,1995103211,山崎勇次,川端英幸,64.0,2010.0,2008.0,1995.0
2020105966,ケイパラパデオ,牝,田口輝彦,,ベーカバド,000a011dc0,ブラストエルサ,2006101029,キングカメハメハ,2001103460,中西桂子,村上進治,63.8,2007.0,2006.0,2001.0
2020103151,エイブル,牡,安部幸夫,,モーリス,2011100655,ティイ,2015103982,エイシンフラッシュ,2007102951,梅ケ枝容晃,青藍牧場,63.8,2011.0,2015.0,2007.0
2020106801,メイショウオオゾラ,牡,頼本盛行,,バゴ,2001190004,マイヴィヴィアン,1997102385,ダンシングブレーヴ,000a0000cc,（同）ＪＰＮ技研,林孝輝,63.4,2001.0,1997.0,1983.0
2020106670,ヴィクトリアスカイ,牝,佐々木由,,クリエイターII,000a013630,パフュームスター,2011105886,アルデバランＩＩ,000a010541,欠畑圭一,辻牧場,63.3,2013.0,2011.0,1998.0
2020102989,ベアコンコルド,牡,川田孝好,,ダイワメジャー,2001103114,パールサイド,000a012fcd,Alhaarth,000a01025c,太田雅貴,社台ファーム,63.3,2001.0,2010.0,1993.0
2020103042,アクトゥールキネマ,牡,飯田弘道,,スクリーンヒーロー,2004103328,ベアトリッツ,2010103862,ディープインパクト,2002100816,山本将司,社台ファーム,63.0,2004.0,2010.0,2002.0
2020105030,ビーハーモニ,牝,井手上慎,,コパノリッキー,2010106548,イシノエストック,2004100069,タバスコキャット,000a000348,冨田清誠,石田牧場,62.9,2010.0,2004.0,1991.0
2020101501,グラントフローラ,牡,塚田隆男,,ダノンシャーク,2008105554,ラプレシューズ,2011110068,A.P. Indy,000a001d37,山本久美子,サンシャイン牧場,62.8,2008.0,2011.0,1989.0
2020101060,ロンドンデリー,牝,田嶋弘幸,,ダンカーク,000a012185,マヤノソフィア,000a011b03,ロックオブジブラルタル,000a00fd4c,北嶋佳和,北島牧場,62.6,2006.0,2004.0,1999.0
2020100983,ブルースペース,牡,加藤和宏,,キンシャサノキセキ,2003110212,スマートアルテミス,2009101159,キングカメハメハ,2001103460,（株）ファーストビジ,村下清志,62.6,2003.0,2009.0,2001.0
2020106143,シャトーブラン,牝,山崎裕也,,イスラボニータ,2011103565,サワヤカブラン,2005102404,クロフネ,1998110135,徳増栄治,猿倉牧場,62.5,2011.0,2005.0,1998.0
2020105488,ヤマショウパール,牝,瀬戸幸一,,ウインバリアシオン,2008103206,ツカサリボン,2008103463,キングカメハメハ,2001103460,後藤順男,中山高鹿康,62.5,2008.0,2008.0,2001.0
2020105469,リンリン,牝,木村健,,エスポワールシチー,2005102837,マミーフェスト,2010106432,エイシンサンディ,1993103280,狩野好宗,中本牧場,62.5,2005.0,2010.0,1993.0
2020104454,ワンワン,牡,諏訪貴正,,ワンアンドオンリー,2011105072,イチオクノユメ,2013104438,アグネスデジタル,1997110025,飯田孝明,大典牧場,62.5,2011.0,2013.0,1997.0
2020103808,スティヒタイト,牝,飯田良弘,,トゥザワールド,2011103975,デューントウショウ,2005100684,デザートキング,000a0000e7,小池啓補,秋田育成牧場,62.5,2011.0,2005.0,1994.0
2020103138,ミカヅキムネチカ,牡,倉地学,,ヴィクトワールピサ,2007102923,レッドヴァージン,2009110037,Distorted Humor,000a0022ea,岡田孝之,社台牧場,62.5,2007.0,2009.0,1993.0
2020102103,デルマツキダシ,牡,深山雅史,,ストロングリターン,2006102934,デルマオシマ,2013105409,ハービンジャー,000a011996,浅沼廣幸,ファニーヒルファーム,62.5,2006.0,2013.0,2006.0
2020101854,アイルグロース,牡,角田輝也,,エピファネイア,2010104155,クレマチスクィーン,2010100728,ダンスインザダーク,1993109188,勝本竜二,千葉飯田牧場,62.5,2010.0,2010.0,1993.0
2020100006,アマビリス,牝,高橋純,,フリオーソ,2004106867,プーカ,2010104484,キングカメハメハ,2001103460,大黒富美子,飯岡牧場,62.5,2004.0,2010.0,2001.0
2020105290,アルマパラディン,牡,藤田正治,,ミッキーアイル,2011103916,アルマレイモミ,2013102171,Uncle Mo,000a011ffb,小橋亮太,須崎牧場,62.4,2011.0,2013.0,2008.0
2020105048,ビックレジーナ,牝,今津勝之,,ゴールドアクター,2011105266,プリンセスレジーナ,2016100099,トーセンジョーダン,2006103169,大西和子,イワミ牧場,62.3,2011.0,2016.0,2006.0
2020103802,ルージュリオンヌ,牝,永田幸宏,,ペルーサ,2007102705,レッドエルザ,2010110011,Smart Strike,000a00211c,（株）東京ホースレー,レイクヴィラファーム,62.3,2007.0,2010.0,1992.0
2020105353,パネース,牡,牧光二,,ミッキーアイル,2011103916,エリモインプレス,2003103506,エルコンドルパサー,1995108742,天堀忠博,タニグチ牧場,62.0,2011.0,2003.0,1995.0
2020105150,モンサンメリッサ,牝,田中一巧,,ドゥラメンテ,2012104511,プリティキャサリン,000a011ddf,Vindication,000a010544,山下新一,川島牧場,62.0,2012.0,2006.0,2000.0
2020102036,テイエムマンモス,牡,竹之下昭,,ホッコータルマエ,2009100921,マリアンヌカフェ,2006106918,マンハッタンカフェ,1998101554,竹園正繼,春木ファーム,62.0,2009.0,2006.0,1998.0
2020101867,タイセイリリック,牝,佐藤雅彦,,ハーツクライ,2001103038,シュウギン,2010103426,スウェプトオーヴァーボード,000a00fa34,石川諭,チャンピオンズファーム,62.0,2001.0,2010.0,1997.0
2020100674,ビューティーコスモ,牝,武英智,,リオンディーズ,2013105915,サダムノンノ,2013102882,ディープインパクト,2002100816,ウエストヒルズ,桑田牧場,62.0,2013.0,2013.0,2002.0
2020104397,リブリッチ,牝,宇都英樹,,ホッコータルマエ,2009100921,ガラム,000a014477,Pivotal,000a002328,松永直記,田中裕之,61.6,2009.0,2014.0,1993.0
2020100240,アオイビーナス,牝,加藤和義,,アメリカンペイトリオット,000a013bba,ハッピーユーゲント,2009106326,ディープインパクト,2002100816,小濱正智,タガミファーム,61.6,2013.0,2009.0,2002.0
2020105908,マオノハトホル,牝,櫻田康二,,ダンカーク,000a012185,ホワイトウォーター,000a010e56,Forestry,000a002270,鈴木智明,的場牧場,61.5,2006.0,2001.0,1996.0
2020101747,ノートランプ,牝,佐々木由,,バゴ,2001190004,コウソクヒカリ,2015104541,ステイゴールド,1994108729,谷謙介,高山牧場,61.5,2001.0,2015.0,1994.0
2020100697,ヴェリタス,牝,櫻田康二,,ベストウォーリア,2010110127,ケンブリッジアロー,2012102490,ブラックタイド,2001103312,中西桂子,ケンブリッジバレー,61.4,2010.0,2012.0,2001.0
2020101948,ジャスミンフリッグ,牝,米川昇,,エピファネイア,2010104155,スターフェスタ,1999100634,エリシオ,1993190001,眞保栄稔,ナカノファーム,61.3,2010.0,1999.0,1993.0
2020101180,シャイニークイーン,牝,佐々木由,,トーセンジョーダン,2006103169,シャイニーガール,2011101162,ブラックタイド,2001103312,小林昌志,雅牧場,61.0,2006.0,2011.0,2001.0
2020104928,アンジェリア,牝,藤ケ崎一,,カレンブラックヒル,2009106230,カイドウ,2011100354,ワイルドラッシュ,000a0003a1,服部康夫,山際智,60.9,2009.0,2011.0,1994.0
2020100034,ミランダ,牝,伊藤強一,,ノヴェリスト,000a012230,メジャーフラガール,2010103665,ダイワメジャー,2001103114,柴田浩二,小河豊水,60.8,2009.0,2010.0,2001.0
2020101414,マリノビューティー,牝,東眞市,,サトノクラウン,2012104668,クラウンアルテミス,2010104231,リンカーン,2000101561,サンエツ企画（有）,クラウン日高牧場,60.6,2012.0,2010.0,2000.0
2020106285,エヌタキオン,牡,山田義人,,エイシンヒカリ,2011101273,カベルネフラン,2009105626,アサクサデンエン,1999110191,成富直行,栄進牧場,60.2,2011.0,2009.0,1999.0
2020103946,ビッグゲイン,セ,笹野博司,,スマートファルコン,2005100097,ムーニーポンズ,000a011508,Mizzen Mast,000a0109d3,ジャコモ（同）,岡田スタッド,60.2,2005.0,2004.0,1998.0
2020107197,ゲンパチウルフ,牡,阪本一栄,,アドマイヤムーン,2003102991,シャドウエルフ,2000110220,Cozzene,000a001bda,平野武志,成隆牧場,60.0,2003.0,2000.0,1980.0
2020106886,ハッピークイン,牝,大塚信次,,ヤマカツエース,2012102774,ハッピーコラソン,2012105585,マンハッタンカフェ,1998101554,大黒富美子,三嶋牧場,60.0,2012.0,2012.0,1998.0
2020105032,クリノイチバンボシ,牡,鈴木啓之,,ヘニーヒューズ,000a011155,ゴブレット,2013109021,ホワイトマズル,1990109700,栗本守,石田牧場,60.0,2003.0,2013.0,1990.0
2020101696,ビナダナン,牝,加藤和宏,,コパノリッキー,2010106548,エイシンウィチタ,2013102455,ファルブラヴ,1998190004,栗東総合産業（株）,スウィングフィールド牧場,60.0,2010.0,2013.0,1998.0
2020104681,サンシンシア,牡,加藤和義,,ディープブリランテ,2009105084,クラールハイト,2009105625,キングカメハメハ,2001103460,小林和義,原弘之,59.8,2009.0,2009.0,2001.0
2020102222,エムエスビジン,牝,竹下直人,,エスケンデレヤ,000a012cc0,タケノチャンス,2007100437,チーフベアハート,1993190010,森哲,槇本牧場,59.6,2007.0,2007.0,1993.0
2020102355,アエノプロミネンス,牝,田中道夫,,モンテロッソ,000a011b05,コンサートレディ,2009106902,サクラプレジデント,2000102261,角井紀夫,横井哲,59.5,2007.0,2009.0,2000.0
2020107154,アタックタイガー,牡,中川雅之,,ダンカーク,000a012185,ラシアンレヴォリューション,000a0116d4,Dubai Millennium,000a0022d1,西村新一郎,絵笛牧場,59.2,2006.0,2002.0,1996.0
2020106292,エイシンテスタータ,牡,鋤田誠二,,エーシントップ,2010110058,トロピカルフロール,000a0120fb,Big Shuffle,000a010a77,岡田龍太郎,栄進牧場,58.8,2010.0,2008.0,1984.0
2020102282,オブリージュ,牡,安部幸夫,,パドトロワ,2007102760,フィオレンツァ,2013103972,グラスワンダー,1995108676,前田清二,門別敏朗,58.6,2007.0,2013.0,1995.0
2020107028,ユウユウピッコラ,牝,横山保,,モンテロッソ,000a011b05,パトリツィア,2015101670,キングズベスト,000a0022d2,北原大史,安達牧場,58.5,2007.0,2015.0,1997.0
2020109021,ニシノヒカル,牡,村上正和,,ヴィクトワールピサ,2007102923,スプリングシーズンII,000a011dd2,Dansili,000a010a5f,大西一樹,大西興産,58.4,2007.0,2005.0,1996.0
2020105261,ブルードルフィン,牝,藤ヶ崎一,,ヒルノダムール,2007100727,エピックフィリー,2013101222,アグネスデジタル,1997110025,安本卓史,シンカンファーム,58.2,2007.0,2013.0,1997.0
2020105347,リックアジト,牝,頼本盛行,,コパノリッキー,2010106548,ハイフリート,2008104622,アフリート,000a000013,遠藤喜和,武田牧場,57.4,2010.0,2008.0,1984.0
2020104128,ニケファルコン,牝,桜田康二,,スズカコーズウェイ,2004104345,ハヤブサレディゴー,2013104145,サウスヴィグラス,1996110138,岡本真二,グランド牧場,57.3,2004.0,2013.0,1996.0
2020103839,ヤエノシャイン,牡,晴山厚司,,ペルーサ,2007102705,ウエスタンデンコー,1998104894,ジェネラス,000a000148,皆川博文,ウエスタンファーム,57.2,2007.0,1998.0,1988.0
2020104325,フジジャスティス,牡,岡野尚光,,ベーカバド,000a011dc0,アインステージ,2007100494,ゴールドアリュール,1999106689,杉山学,聖心台牧場,57.0,2007.0,2007.0,1999.0
2020101891,ミチノアスカリ,牝,納谷和玖,,キンシャサノキセキ,2003110212,マンダラキッス,2013104756,サウスヴィグラス,1996110138,鈴木道雄,チャンピオンズファーム,57.0,2003.0,2013.0,1996.0
2020101698,シゲルスゴウデ,牡,田嶋弘幸,,コパノリッキー,2010106548,クールアイランド,2015101347,ハットトリック,2001103018,高野英彦,スウィングフィールド牧場,57.0,2010.0,2015.0,2001.0
2020105375,エコロマックス,牡,菅原欣也,,イスラボニータ,2011103565,オルターネイティヴ,2000106581,タイキシャトル,1994109686,栗嶋豊明,大作ステーブル,56.9,2011.0,2000.0,1994.0
2020106962,ソッケルカーカ,牝,高橋優子,,リアルインパクト,2008103244,レーヌベルキス,2013102688,マンハッタンカフェ,1998101554,中村政夫,ミリオンファーム,56.8,2008.0,2013.0,1998.0
2020106952,ロードディライト,牡,中川雅之,,キンシャサノキセキ,2003110212,フェリス,2010101359,ジャングルポケット,1998101786,高尾誠,宮内牧場,56.8,2003.0,2010.0,1998.0
2020106747,ショウリノシナリオ,牡,伊藤勝己,,メイショウボーラー,2001100650,プラリネ,2010105000,アドマイヤムーン,2003102991,（同）ＪＰＮ技研,富菜牧場,56.8,2001.0,2010.0,2003.0
2020102076,フウレンカ,牝,真島元徳,,シニスターミニスター,000a011099,スイリンカ,2006105944,ワイルドラッシュ,000a0003a1,（株）ヒダカ・ブリー,広富牧場,56.8,2003.0,2006.0,1994.0
2020104314,ディアデラフォリア,牝,矢野義幸,,シルポート,2005109202,ハートゴールド,2008101311,ゴールドヘイロー,1997101264,（株）Ｎｉｃｋｓ,静内山田牧場,56.5,2005.0,2008.0,1997.0
2020102297,マロンアルジャン,牝,戸部尚実,,エピファネイア,2010104155,シルヴァースプーン,2008102861,アグネスタキオン,1998101516,矢澤和樹,門別山際牧場,56.5,2010.0,2008.0,1998.0
2020100981,メイショウアヤカゼ,牝,黒木豊,,キズナ,2010105827,メイショウボーテ,2013103689,シンボリクリスエス,1999110099,小橋亮太,村下明博,56.4,2010.0,2013.0,1999.0
2020109060,コンチカミキタ,牝,大山寿文,,アッミラーレ,1997100569,ヘレニウム,2010102650,サウスヴィグラス,1996110138,田中英昭,フォレブルー,56.1,1997.0,2010.0,1996.0
2020101670,ピオポルトボヌール,牝,的場直之,,ノボジャック,1997110152,ピオニエトウショウ,2009103931,デュランダル,1999106756,廣松光成,新生ファーム,56.1,1997.0,2009.0,1999.0
2020106244,ヒーユリユー,牡,雑賀伸一,,エイシンヒカリ,2011101273,エイシンオルドス,2011103055,フジキセキ,1992109618,田上雅春,栄進牧場,56.0,2011.0,2011.0,1992.0
2020104485,ビッグジョイ,牡,藤川純,,デクラレーションオブウォー,000a0136f6,ストロングレダ,2006101237,マンハッタンカフェ,1998101554,中田喜久子,千代田牧場,56.0,2009.0,2006.0,1998.0
2020103842,ダノンシンガー,牡,岡田利一,,リアルインパクト,2008103244,ウエスタンビジュー,2013103903,エンパイアメーカー,000a010542,（株）ダノックス,ウエスタンファーム,56.0,2008.0,2013.0,2000.0
2020103825,ビーストキング,牡,矢野義幸,,バトルプラン,000a0118e8,サイマルタシュ,2002100586,Behrens,000a002306,谷野健,荒谷輝和,56.0,2005.0,2002.0,1994.0
2020102588,ボンボニータ,牝,中野博,,イスラボニータ,2011103565,マイギフト,2014110032,Ice Box,000a012b12,金野博幸,追分ファーム,56.0,2011.0,2014.0,2007.0
2020101003,レイクハニー,牝,渋谷信博,,ミッキーロケット,2013106099,インタールナ,2009105720,ディープインパクト,2002100816,小沼一成,横山浩司,56.0,2013.0,2009.0,2002.0
2020100224,レディーパトロール,牝,及川良春,,ビーチパトロール,000a0141f9,エイシンルンディー,2010101408,ゴールドヘイロー,1997101264,大黒富美子,城地牧場,56.0,2013.0,2010.0,1997.0
2020101939,コンバットシリウス,牝,笹野博司,,ダノンシャーク,2008105554,モズエエヤン,2013100988,アグネスデジタル,1997110025,（株）アプエンテ,中川欽一,55.8,2008.0,2013.0,1997.0
2020105412,ポヴディーコス,牡,蛯名雄太,,ダノンレジェンド,2010110102,ラヴマリッジ,2005102092,フレンチデピュティ,000a00013a,川添裕起,津田牧場,55.3,2010.0,2005.0,1992.0
2020100638,キャッチクライ,牝,黒木豊,,ジャスタウェイ,2009106461,パラフレーズ,000a0116e0,Pivotal,000a002328,早川隆雄,笠松牧場,55.2,2009.0,2006.0,1993.0
2020101083,キタノファルクス,牝,渡辺博文,,レッドファルクス,2011104416,エパティック,2008102600,ディープインパクト,2002100816,北所拓也,高橋啓,55.1,2011.0,2008.0,2002.0
2020107145,プリモカヴァロ,牝,永島太郎,,ダイワメジャー,2001103114,スイートリトリート,000a011093,Indian Ridge,000a001ef3,猪又晶介,ヴェルサイユファーム,55.0,2001.0,1998.0,1985.0
2020106990,ヨウハオソザキ,牝,松山将樹,,アグネスデジタル,1997110025,レディマハロ,2005106137,フォーティナイナー,000a000134,サミットレーシング,室田千秋,55.0,1997.0,2005.0,1985.0
2020106734,ホーリーイノセンス,牝,目迫大輔,,マクフィ,000a011c77,ホーリーシュラウド,2012104180,Cape Cross,000a0022ae,星野康三,富田牧場,55.0,2007.0,2012.0,1994.0
2020106464,メイケイビューティ,牝,木原一良,,アジアエクスプレス,2011110091,ブラジリアンビューティ,000a011a96,Galileo,000a00232b,名古屋競馬,酒井牧場,55.0,2011.0,2007.0,1998.0
2020106215,ネオビスティー,牝,山田徹,,ネオユニヴァース,2000101426,ステラビスティー,2008104867,ジャングルポケット,1998101786,太田雅貴,今井秀樹,55.0,2000.0,2008.0,1998.0
2020103981,アクエリオン,牝,柳澤好美,,エイシンヒカリ,2011101273,カルナヴァレ,2009104243,ローエングリン,1999106738,組）リノレーシング,岡田牧場,55.0,2011.0,2009.0,1999.0
2020103797,ホウオウロザリー,牝,須貝尚介,,ルーラーシップ,2007103143,メジロルルド,2002100396,サンデーサイレンス,000a00033a,小笹芳央,レイクヴィラファーム,55.0,2007.0,2002.0,1986.0
2020103597,トゥルーサンライズ,牝,平田修,,スクリーンヒーロー,2004103328,ベッラレイア,2004103040,ナリタトップロード,1996102442,ライフハウス,ノーザンファーム,55.0,2004.0,2004.0,1996.0
2020103581,ブレスユアスターズ,牝,奥村豊,,ルーラーシップ,2007103143,ブレッシングテレサ,2013105765,マンハッタンカフェ,1998101554,シルクレーシング,ノーザンファーム,55.0,2007.0,2013.0,1998.0
2020103567,フェルミディラック,牝,勢司和浩,,ハービンジャー,000a011996,フェルミオン,2006103313,アグネスタキオン,1998101516,キャロットファーム,ノーザンファーム,55.0,2006.0,2006.0,1998.0
2020103452,ラリーレイド,牡,萩原清,,マジェスティックウォリアー,000a011e9c,スーブレット,2015104964,ゴールドアリュール,1999106689,キャロットファーム,ノーザンファーム,55.0,2005.0,2015.0,1999.0
2020103332,キャッスルクラス,牡,国枝栄,,ハーツクライ,2001103038,キングスローズ,000a012169,Redoute's Choice,000a00fe93,サンデーレーシング,ノーザンファーム,55.0,2001.0,2007.0,1996.0
2020103281,プロスペラーレ,牡,木村哲也,,リアルインパクト,2008103244,エラクレーア,2013110034,Raven's Pass,000a011d04,ＤＭＭドリームクラブ,ノーザンファーム,55.0,2008.0,2013.0,2005.0
2020103252,ウエスタンローズ,牝,矢作芳人,,ルーラーシップ,2007103143,ウエスタンマンデラ,2011104078,ネオユニヴァース,2000101426,西川賢,ノーザンファーム,55.0,2007.0,2011.0,2000.0
2020103136,レッドブラスト,牡,松永幹夫,,エピファネイア,2010104155,プラヤデシエルタ,000a01379c,Orpen,000a002326,東京ホースレーシング,社台牧場,55.0,2010.0,2011.0,1996.0
2020102827,フォスティーヌ,牝,戸田博文,,ジャスタウェイ,2009106461,カンビーナ,000a0124c6,Hawk Wing,000a010d4d,吉田照哉,社台ファーム,55.0,2009.0,2008.0,1999.0
2020102726,シャンデュヴァン,牝,田中博康,,ドレフォン,000a013b82,ルフォール,2013105335,キングカメハメハ,2001103460,サンデーレーシング,社台コーポレーション白老ファーム,55.0,2013.0,2013.0,2001.0
2020102601,マイディーレマイ,牡,友道康夫,,ルーラーシップ,2007103143,リープオブフェイス,2007102686,クロフネ,1998110135,金子真人ホールディングス,追分ファーム,55.0,2007.0,2007.0,1998.0
2020102556,ハイファイヴ,牡,堀内岳志,,ジャスタウェイ,2009106461,サマーローズ,2012103986,ハービンジャー,000a011996,吉田安惠,追分ファーム,55.0,2009.0,2012.0,2006.0
2020101904,ワイウン,牝,倉地学,,サトノクラウン,2012104668,ワイオリ,2016106394,ヴィクトワールピサ,2007102923,横田一男,チャンピオンズファーム,55.0,2012.0,2016.0,2007.0
2020101620,バズダイヤ,牡,平田修,,サトノダイヤモンド,2013106101,クローソー,2012104802,ハービンジャー,000a011996,石原進,庄野牧場,55.0,2013.0,2012.0,2006.0
2020100670,レヴィーアキング,牡,清水久詞,,キタサンブラック,2012102013,アンジュシュエット,2011103131,フレンチデピュティ,000a00013a,奥田貴敏,桑田牧場,55.0,2012.0,2011.0,1992.0
2020100522,レッドルキフェル,牡,田中博康,,リアルスティール,2012104889,ハッピーパウダー,2012104919,クロフネ,1998110135,東京ホースレーシング,山際牧場,55.0,2012.0,2012.0,1998.0
2020100269,ハクサンクロユリ,牝,坂口義幸,,ハクサンムーン,2009102527,ダイアンスマイル,2008101063,ロックオブジブラルタル,000a00fd4c,河崎五市,田湯牧場,55.0,2009.0,2008.0,1999.0
2020101996,メイショウウルス,牝,藤田正治,,ビッグアーサー,2011103328,メイショウナゴミ,2012102849,スズカマンボ,2001103890,（株）ファーストビジ,日西牧場,54.9,2011.0,2012.0,2001.0
2020106714,エーデルシュタイン,牝,佐藤祐司,,ダノンバラード,2008103548,マダムアグライア,2011100083,ケイムホーム,000a0108d1,北原大史,ディアレストクラブ,54.8,2008.0,2011.0,1999.0
2020105134,ダイセンアーサー,牝,鋤田誠二,,ビッグアーサー,2011103328,イヴニングミスト,000a010565,Pulpit,000a002133,根田喜久雄,上井農場,54.8,2011.0,2000.0,1994.0
2020100676,フェリシエンヌ,牝,川西毅,,ダンカーク,000a012185,サンティエ,2014105359,ステイゴールド,1994108729,河野孝明,桑田牧場,54.6,2006.0,2014.0,1994.0
2020109019,ギザンノフモト,牡,川島洋人,,スウィフトカレント,2001103189,タイキポーラ,1996106519,トウカイテイオー,1988101025,皆見幸平,太田ファーム,54.3,2001.0,1996.0,1988.0
2020100352,プレザントアンクル,牡,藤ヶ崎一,,サトノクラウン,2012104668,グローブ,2010104292,ダイワメジャー,2001103114,広瀬将嗣,広田牧場,54.3,2012.0,2010.0,2001.0
2020107184,ナブラチロワ,牝,矢野久美,,ジャングルポケット,1998101786,セイカユニヴァース,2015106541,ネオユニヴァース,2000101426,三岡陽,川上牧場,54.1,1998.0,2015.0,2000.0
2020106253,エイシンネリネ,牝,井手上慎,,エイシンヒカリ,2011101273,エイシンタルトゥ,2012110017,Henrythenavigator,000a0116fd,吉田勝利,栄進牧場,54.0,2011.0,2012.0,2005.0
2020106111,ロンジェヴィティー,牝,高橋俊之,,ベルシャザール,2008103004,オフショア,2009105839,アルカセット,2000190010,横田一男,寺井文秀,54.0,2008.0,2009.0,2000.0
2020105312,ゲンキチーター,牡,坂口義幸,,パドトロワ,2007102760,サザンアルプス,2014100423,トーセンホマレボシ,2009106092,谷謙介,スピードファーム,54.0,2007.0,2014.0,2009.0
2020103306,ミッキーマーベラス,牡,角田輝也,,エピファネイア,2010104155,カデナダムール,2014106194,ディープインパクト,2002100816,野田みづき,ノーザンファーム,54.0,2010.0,2014.0,2002.0
2020101283,ディスティニー,牡,長南和宏,,ハービンジャー,000a011996,エスコルピオン,2011100064,ダンスインザダーク,1993109188,河村隆平,いとう牧場,54.0,2006.0,2011.0,1993.0
2020105283,ミズカガミ,牝,三野宮通,,ノヴェリスト,000a012230,マジカルミステリー,2008104543,マンハッタンカフェ,1998101554,佐々木徹,シンユウファーム,53.8,2009.0,2008.0,1998.0
2020100699,コウカンニッキ,牝,金田一昌,,シビルウォー,2005102317,ケンブリッジナイス,2010106286,サウスヴィグラス,1996110138,中西桂子,ケンブリッジバレー,53.6,2005.0,2010.0,1996.0
2020102822,カラフルラグーン,牝,金田一昌,,イスラボニータ,2011103565,カラフルマーメイド,2012104189,ハービンジャー,000a011996,鈴木道隆,社台ファーム,53.4,2011.0,2012.0,2006.0
2020110111,ピンクソレイユ,セ,伊藤強一,,American Pharoah,000a012aad,Stoweshoe,000a01bdf4,Flatter,000a010d05,川上和彦,Doug Branham & Felicia Branham,53.0,2012.0,2013.0,1999.0
2020101618,イナホミノル,牝,盛本信春,,ベルシャザール,2008103004,カイミラ,2011100566,パイロ,000a01176a,庄野宏志,庄野牧場,53.0,2008.0,2011.0,2005.0
2020101222,ローヌメファ,牝,原口次夫,,ハービンジャー,000a011996,ケイティバローズ,2010105312,マンハッタンカフェ,1998101554,手嶋康雄,天羽禮治,53.0,2006.0,2010.0,1998.0
2020100577,ゴールデンメイン,牝,那俄性哲,,メイショウボーラー,2001100650,タニセンヴォイス,2009100947,ゼンノロブロイ,2000101517,（株）Ｌｏｙａｌｔｙ,市正牧場,53.0,2001.0,2009.0,2000.0
2020106095,ウィンシンプリー,牡,川添明弘,,ジャングルポケット,1998101786,リプカ,2012104469,ハービンジャー,000a011996,飛彈共栄,中川郁夫,52.9,1998.0,2012.0,2006.0
2020102619,エリアントゥス,牝,桜井今朝,,アジアエクスプレス,2011110091,スイートシャイン,2014102655,ディープブリランテ,2009105084,尾上寿夫,笹川大晃牧場,52.9,2011.0,2014.0,2009.0
2020105168,スナークメーテル,牝,菅原欣也,,エピファネイア,2010104155,スナークメイファ,2014105216,ハーツクライ,2001103038,（同）ＪＰＮ技研,小泉牧場,52.8,2010.0,2014.0,2001.0
2020103932,サバイバルシュシュ,牝,井樋一也,,レッドファルクス,2011104416,フィアレス,2009103323,スペシャルウィーク,1995103211,冨谷昌弘,岡田スタッド,52.8,2011.0,2009.0,1995.0
2020102295,ベルウッドムツ,牡,加藤和義,,ラニ,2013110045,マンチャ,2006110056,キングズベスト,000a0022d2,小林和義,門別牧場,52.8,2013.0,2006.0,1997.0
2020102877,エルフォルク,牝,北村欣也,,モーリス,2011100655,シュピッツェ,2009105812,Azamour,000a01053b,本城,社台ファーム,52.7,2011.0,2009.0,2001.0
2020105111,ジェットアロー,牡,的場直之,,パイロ,000a01176a,アローシルバー,2012101328,スペシャルウィーク,1995103211,平本敏夫,柏木一則,52.5,2005.0,2012.0,1995.0
2020102007,レーガンテソーロ,牡,真島正徳,,ファインニードル,2013100612,バレットテソーロ,2015110052,Camelot,000a011ed2,（株）ジャスト,ノースガーデン,52.5,2013.0,2015.0,2009.0
2020105129,クリノビッグボス,牡,菅原欣也,,リアルスティール,2012104889,ピースフルメモリー,2015102144,ロードカナロア,2008103552,（同）ＪＰＮ技研,カミイスタット,52.3,2012.0,2015.0,2008.0
2020102291,サユミンランドール,牝,東眞市,,ベストウォーリア,2010110127,サイレントスター,2009102632,Rahy,000a001c5e,竹下佳利,門別牧場,52.2,2010.0,2009.0,1985.0
2020110135,エコロディアナ,牝,森秀行,,More Than Ready,000a00fcdd,Nutcracker Suite,000a01c081,Fastnet Rock,000a010601,原村正紀,Breed First LLC,52.0,1997.0,2014.0,2001.0
2020106011,レーヴスレアリーズ,牝,田中範雄,,キタサンブラック,2012102013,ゼフィランサス,2008105100,キングヘイロー,1995104427,村田繁實,村田牧場,52.0,2012.0,2008.0,1995.0
2020105572,アカサンピン,牝,竹内正洋,,ヴィクトワールピサ,2007102923,フィックルベリー,2005110002,Cryptoclearance,000a001e83,由井健太郎,新冠橋本牧場,52.0,2007.0,2005.0,1984.0
2020105316,ウイキャンファイト,牡,佐藤吉勝,,フェノーメノ,2009106599,メープルパール,2013101545,アドマイヤオーラ,2004102987,スピードファーム,スピードファーム,52.0,2009.0,2013.0,2004.0
2020105227,ジョウショーポーラ,牝,服部利之,,バンドワゴン,2011104010,ジョウショーエガオ,2012102216,ケイムホーム,000a0108d1,熊田義孝,五丸農場,52.0,2011.0,2012.0,1999.0
2020104486,フェアリーパワポケ,牝,藪口一麻,,ディーマジェスティ,2013104704,スマイリーパワポケ,2014104811,スウェプトオーヴァーボード,000a00fa34,立岡広美,千代田牧場,52.0,2013.0,2014.0,1997.0
2020104219,ニホンピロビート,牡,服部利之,,ニホンピロアワーズ,2007100191,ニホンピロアニカ,2004104949,キャプテンスティーヴ,000a000d9d,小林英一,佐竹学,52.0,2007.0,2004.0,1997.0
2020103707,マテンロウレガシー,牡,長谷川浩,,ロードカナロア,2008103552,レディアリエッタ,2014106025,ディープインパクト,2002100816,寺田千代乃,ノーザンファーム,52.0,2008.0,2014.0,2002.0
2020103442,クランプレミア,牝,池田忠好,,モーリス,2011100655,スプレンダークラン,2014105981,ルーラーシップ,2007103143,南條浩輝,ノーザンファーム,52.0,2011.0,2014.0,2007.0
2020102746,ヨシノレジェンド,牝,吉田直弘,,マジェスティックウォリアー,000a011e9c,アムールレジェンド,2009105911,ディープインパクト,2002100816,清水義徳,社台ファーム,52.0,2005.0,2009.0,2002.0
2020102381,クリントンテソーロ,牡,川田孝好,,イスラボニータ,2011103565,プリンセステソーロ,2015110054,デクラレーションオブウォー,000a0136f6,了徳寺健二ホールディングス,リョーケンファーム,52.0,2011.0,2015.0,2009.0
2020102152,クリノエイラク,牝,蛯名利弘,,ハーツクライ,2001103038,セラミスト,2014102169,パイロ,000a01176a,栗本博晴,宝寄山拓樹,52.0,2001.0,2014.0,2005.0
2020101728,トータルプラン,牡,小桧山悟,,フリオーソ,2004106867,ビップフライト,2012105137,ファルブラヴ,1998190004,福田光博,瀬戸牧場,52.0,2004.0,2012.0,1998.0
2020101720,タマモガーベラ,牝,水野貴広,,コパノリッキー,2010106548,チャームペンダント,2006104670,ボストンハーバー,000a00007c,タマモ,スマイルファーム,52.0,2010.0,2006.0,1994.0
2020101002,ゲンパチジャンヌ,牝,高橋俊之,,シルバーステート,2013105903,ニシノプロミネンス,1998101176,ブライアンズタイム,000a000082,横田一男,山田牧場,52.0,2013.0,1998.0,1985.0
2020100841,スタンプブック,牡,高馬元紘,,レーヴミストラル,2012104929,アグネスカルミア,2004110016,ケイムホーム,000a0108d1,橋詰弘一,高松牧場,52.0,2012.0,2004.0,1999.0
2020100816,タケウチリッキー,牝,竹内正洋,,コパノリッキー,2010106548,エイシンバーサス,2012102443,ファルブラヴ,1998190004,由井健太郎,大北牧場,52.0,2010.0,2012.0,1998.0
2020100532,キタサンポエム,牝,小笠倫弘,,パイロ,000a01176a,アドマイヤギャラン,2009101057,ハーツクライ,2001103038,大野商事,米田牧場,52.0,2005.0,2009.0,2001.0
2020100425,コスモアリス,牝,吉田直弘,,リアルスティール,2012104889,ミリオンセラー,2009105895,フジキセキ,1992109618,ビッグレッドファーム,前田ファーム,52.0,2012.0,2009.0,1992.0
2020100334,カブキチョウ,牡,浜田多実,,ハービンジャー,000a011996,キーウエスト,2013104589,ネオユニヴァース,2000101426,宮田直也,ヒサイファーム,52.0,2006.0,2013.0,2000.0
2020100296,スマイリングデイズ,牝,田中剛,,エスケンデレヤ,000a012cc0,アワーグラス,2009105032,アグネスタキオン,1998101516,ノースヒルズ,土居牧場,52.0,2007.0,2009.0,1998.0
2020100158,コーラフロート,牡,和田勇介,,ロードカナロア,2008103552,ニンフェアアルバ,000a012520,Monsun,000a010db6,中村智幸,ケイアイファーム,52.0,2008.0,2007.0,1990.0
2020106073,カムカムカモン,牡,角田輝也,,シルバーステート,2013105903,アースウィンド,2011106058,ディープスカイ,2005101358,（株）吉澤ステーブル,レジェンドファーム,51.8,2013.0,2011.0,2005.0
2020105158,ヤサカオネット,牝,池田忠好,,ベストウォーリア,2010110127,イナズマイーリス,2012100212,ハーツクライ,2001103038,志邑宣彦,小泉牧場,51.4,2010.0,2012.0,2001.0
2020106246,エイシンテンライ,牡,井手上慎,,エイシンヒカリ,2011101273,エイシンガイア,2012105588,ハービンジャー,000a011996,吉田勝利,栄進牧場,51.3,2011.0,2012.0,2006.0
2020107026,エムザックジャガー,牡,加藤和義,,フリオーソ,2004106867,セトカ,2015100353,シニスターミニスター,000a011099,寺西正彰,安達牧場,51.2,2004.0,2015.0,2003.0
2020103813,イリゼルース,牝,中野博,,レインボーライン,2013106183,ピンナップガール,2012109218,マイネルセレクト,1999107196,三岡有香,アフリートファーム,51.2,2013.0,2012.0,1999.0
2020106303,イネフェイブル,牝,田中伸一,,ヴィクトワールピサ,2007102923,タッチアス,2006110087,Mineshaft,000a010545,小菅誠,大柳ファーム,51.0,2007.0,2006.0,1999.0
2020100926,ビビアーナ,牝,山中尊徳,,アドマイヤムーン,2003102991,ハートオブキナコ,2010109132,チチカステナンゴ,000a011135,（株）ロマンス,ヒダカファーム,51.0,2003.0,2010.0,1998.0
2020106631,スカイラピス,牝,千葉幸喜,,マクフィ,000a011c77,アドマイヤカンナ,2003102082,ブライアンズタイム,000a000082,欠畑圭一,辻牧場,50.9,2007.0,2003.0,1985.0
2020100945,サンライズブラスト,牡,竹口勝利,,エピファネイア,2010104155,ヘラルドスクエア,2013105453,キングカメハメハ,2001103460,（同）ＪＰＮ技研,フクオカファーム,50.8,2010.0,2013.0,2001.0
2020105677,レアマカナ,牝,瀬戸幸一,,アメリカンペイトリオット,000a013bba,アイスグレー,2014100834,フリオーソ,2004106867,橋本浩,ハシモトファーム,50.7,2013.0,2014.0,2004.0
2020106042,ベアキング,牡,池田忠好,,キンシャサノキセキ,2003110212,イイデステップ,2008105154,ファンタスティックライト,1996190005,光安慎一,山岡ファーム,50.5,2003.0,2008.0,1996.0
2020104874,ショウタイム,牡,加藤誠一,,ストロングリターン,2006102934,ライサ,2008100954,トーセンダンス,2002100594,山口正行,増本牧場,50.5,2006.0,2008.0,2002.0
2020101847,ニューブラック,牡,高橋俊之,,ブラックタイド,2001103312,モケット,000a0114e5,Maria's Mon,000a002285,宮谷内文雄,ダーレー・ジャパン・ファーム,50.4,2001.0,2004.0,1993.0
2020107097,ロッキープラネット,牡,沖田明子,,アジアエクスプレス,2011110091,レッドアメリア,2014100960,ディープインパクト,2002100816,阿部武士,浜本牧場,50.0,2011.0,2014.0,2002.0
2020107090,ピアブルー,牝,目迫大輔,,ベストウォーリア,2010110127,ファシル,2014102357,ハーツクライ,2001103038,北原光一郎,浜本牧場,50.0,2010.0,2014.0,2001.0
2020106761,エムティレグルス,牡,角田輝也,,グレーターロンドン,2012101402,ショーハイウェイ,2015103271,パイロ,000a01176a,（株）門別牧場,中脇満,50.0,2012.0,2015.0,2005.0
2020105265,シャザロイン,牝,赤嶺本浩,,ベルシャザール,2008103004,ストロングヒロイン,2006104600,リンドシェーバー,1988107894,（株）ＭＭＣ,シンカンファーム,50.0,2008.0,2006.0,1988.0
2020105247,ディオーネ,牝,井手上慎,,シルバーステート,2013105903,ルナツー,2012101661,エンパイアメーカー,000a010542,鮎川福道,佐藤牧場,50.0,2013.0,2012.0,2000.0
2020104643,アギレラビーム,牝,桜田浩樹,,ワールドエース,2009106353,エメラルドビーム,2012101002,ファスリエフ,000a00fc4c,北原光一郎,畠山牧場,50.0,2009.0,2012.0,1997.0
2020104113,ライヴソルト,牡,井樋明正,,ダノンレジェンド,2010110102,サトノハニー,2012102875,ディープインパクト,2002100816,（同）ＪＰＮ技研,グランド牧場,50.0,2010.0,2012.0,2002.0
2020101636,シークレットトーク,牡,安部幸夫,,ラブリーデイ,2010104298,ナリタシークレット,2002106061,フジキセキ,1992109618,石川佳弘,白井牧場,50.0,2010.0,2002.0,1992.0
2020100563,ワンダーシデン,牡,鈴木勝文,,エスケンデレヤ,000a012cc0,ワンダービジュー,2009100312,デビッドジュニア,000a010ea9,山本能成,秋場牧場,50.0,2007.0,2009.0,2002.0
2020100871,ヘイトアルーズ,牡,角田輝也,,ビーチパトロール,000a0141f9,カリビアンセレブ,2006100494,ゴールドアリュール,1999106689,古賀和夫,中村雅明,49.8,2013.0,2006.0,1999.0
2020102473,サーニア,牝,伊藤勝好,,ヴァンキッシュラン,2013105718,コドウ,2013100120,ジャングルポケット,1998101786,（有）ホースケア,エスティファーム,49.7,2013.0,2013.0,1998.0
2020101324,ザワールドアズワン,牡,藤田正治,,ディープブリランテ,2009105084,オリヅル,2007105326,クロフネ,1998110135,円城幸男,沖田牧場,49.7,2009.0,2007.0,1998.0
2020109006,レイナジャスミン,牝,石橋満,,サトノアラジン,2011104063,サルサファンタジア,2012109212,フレンチデピュティ,000a00013a,藤沼利夫,荒谷牧場,49.5,2011.0,2012.0,1992.0
2020104398,ビッグワン,牡,川村守男,,サトノダイヤモンド,2013106101,クリムゾンブーケ,2006103238,クロフネ,1998110135,大西充秋,田中裕之,49.5,2013.0,2006.0,1998.0
2020104952,アルマドゥーラ,牝,工藤裕孝,,スピルバーグ,2009105961,アルヘンティーノ,2015104169,オルフェーヴル,2008102636,田頭勇貴,奥山牧場,48.7,2009.0,2015.0,2008.0
2020102033,キョウエイボンバー,牡,黒川智貴,,リオンディーズ,2013105915,キョウエイレガシー,2014100635,ハービンジャー,000a011996,田中晴夫,春木ファーム,48.6,2013.0,2014.0,2006.0
2020101442,フルーツサンド,牝,井樋明正,,ベストウォーリア,2010110127,クレバーパルマ,2010103149,ブライアンズタイム,000a000082,田頭勇貴,クリアファーム,48.6,2010.0,2010.0,1985.0
2020106278,エイシンテゾーロ,牝,橋本忠明,,アジアエクスプレス,2011110091,エーシンサルサ,2010101446,サウスヴィグラス,1996110138,平井克彦,栄進牧場,48.3,2011.0,2010.0,1996.0
2020102522,トーセンジャネット,牝,後藤正義,,キタサンブラック,2012102013,ビオンドパンテーラ,2006103406,Seeking the Gold,000a001bea,島川隆哉,エスティファーム,48.0,2012.0,2006.0,1985.0
2020101494,クレマカタラーナ,牡,桜田康二,,プレティオラス,2009102405,コンソラーレ,2011100273,マンハッタンカフェ,1998101554,伊達泰明,サンシャイン牧場,48.0,2009.0,2011.0,1998.0
2020100992,ブラフアニバーサル,牡,伊藤勝好,,メイショウボーラー,2001100650,エンプレスラブ,2009101360,マイネルラヴ,1995108558,（有）ホースケア,村中牧場,48.0,2001.0,2009.0,1995.0
2020106224,テイエムアタック,牡,平山宏秀,,トゥザグローリー,2007103265,オードリーローズ,2003101714,ブライアンズタイム,000a000082,竹園正繼,浦河小林牧場,47.9,2007.0,2003.0,1985.0
2020105391,オルゾ,牡,高橋俊之,,パドトロワ,2007102760,アイファインバンド,2008104652,タップダンスシチー,1997110043,高橋麻樹,中央牧場,47.9,2007.0,2008.0,1997.0
2020101305,ソアソア,牝,川添明弘,,レッドファルクス,2011104416,ランダムトーク,2007102751,ジャングルポケット,1998101786,木村良明,ヴェルサイユファーム,47.9,2011.0,2007.0,1998.0
2020104199,テイエムスペシャル,セ,平山宏秀,,リオンディーズ,2013105915,ノーズトウショウ,2008100648,ブラックホーク,1994109361,竹園正繼,坂本春雄,47.8,2013.0,2008.0,1994.0
2020106469,ミスタージョリー,牡,今津勝之,,ダンカーク,000a012185,レディエントブルー,2013102816,バトルプラン,000a0118e8,神野生男,坂本晴美,47.6,2006.0,2013.0,2005.0
2020104076,ブラックフェザー,牡,高橋純,,ロゴタイプ,2010103783,ウェディングソング,2015105563,ルーラーシップ,2007103143,大黒富美子,木村秀則,47.6,2010.0,2015.0,2007.0
2020100788,エピックライズ,牡,飯田弘道,,エピファネイア,2010104155,スパイチャクラ,2013106235,Shamardal,000a010c92,村上憲政,鮫川啓一,47.6,2010.0,2013.0,2002.0
2020105139,エリンジウム,牝,晴山厚司,,グレーターロンドン,2012101402,ペイデュソレイユ,2007102782,シンボリクリスエス,1999110099,福田光博,上井農場,47.4,2012.0,2007.0,1999.0
2020101528,ボルドーブルゴス,牡,地辺幸一,,トゥザワールド,2011103975,リアクションレート,2007103156,スウェプトオーヴァーボード,000a00fa34,シグラップ・マネジメ,シグラップファーム,47.4,2011.0,2007.0,1997.0
2020100015,タコヤキ,牡,雑賀伸一,,ノヴェリスト,000a012230,ハルランマン,2007101816,アグネスタキオン,1998101516,内田玄祥,稲葉牧場,47.4,2009.0,2007.0,1998.0
2020105953,レボロテアール,牝,飯田弘道,,イスラボニータ,2011103565,リトゥルスター,2005102760,アグネスワールド,1995108665,松本あけみ,村上欽哉,47.3,2011.0,2005.0,1995.0
2020100436,スターオブグラシア,牝,手島勝利,,ヴィクトワールピサ,2007102923,ハートフォーカス,000a012f90,Intense Focus,000a012053,光安了,松本牧場,47.3,2007.0,2011.0,2006.0
2020105098,エレガントジェシー,牝,伊藤強一,,ジャスタウェイ,2009106461,ファイヤードラゴン,2015102350,ジャングルポケット,1998101786,柴田浩二,オリエント牧場,47.2,2009.0,2015.0,1998.0
2020105937,シゲルゴキゲン,牡,九日俊光,,マジェスティックウォリアー,000a011e9c,ドキュン,2004104773,ボストンハーバー,000a00007c,森中啓子,村上欽哉,47.0,2005.0,2004.0,1994.0
2020104975,バリアントガール,牝,佐藤博紀,,ニシケンモノノフ,2011105438,ガーネットウィング,2015103723,ヴァーミリアン,2002100877,伊藤正樹,宝寄山拓樹,47.0,2011.0,2015.0,2002.0
2020101340,ダバイファイターズ,牡,川島洋人,,ヴァンセンヌ,2009106525,ルナルナ,2001105863,アフリート,000a000013,（株）本城,沖田牧場,46.9,2009.0,2001.0,1984.0
2020101495,フローリドゥルス,牝,佐藤英明,,プレティオラス,2009102405,シュベリーン,2006105434,マンハッタンカフェ,1998101554,組）西野畜産組合,サンシャイン牧場,46.8,2009.0,2006.0,1998.0
2020105396,ヴァイオヴィーナス,牝,堀千亜樹,,ロゴタイプ,2010103783,チュウオーサーヤ,2002107293,ディアブロ,000a0000e9,鈴木史郎,中央牧場,46.5,2010.0,2002.0,1987.0
2020104707,ラニコチャン,牝,沖田明子,,ラニ,2013110045,キンセイマル,2004106068,クロフネ,1998110135,楊明翰,藤川ファーム,46.5,2013.0,2004.0,1998.0
2020102496,ウィズアウトソング,牝,後藤正義,,マクマホン,000a0143ac,トーセンキャッスル,2007103376,フレンチデピュティ,000a00013a,島川隆哉,エスティファーム,46.5,2014.0,2007.0,1992.0
2020100982,ランマ,牡,栗林徹治,,ダンカーク,000a012185,エミリア,2000103853,サンデーサイレンス,000a00033a,北嶋佳和,村下清志,46.5,2006.0,2000.0,1986.0
2020104970,アパラージタ,牡,川添明弘,,サトノクラウン,2012104668,シープシャンクス,2010103968,ディープインパクト,2002100816,田頭勇貴,浜本牧場,46.4,2012.0,2010.0,2002.0
2020107099,ステアエアー,牝,佐藤英明,,ベストウォーリア,2010110127,エステル,2005106205,タイキシャトル,1994109686,イシカリホースマンクラブ,山田政宏,46.2,2010.0,2005.0,1994.0
2020104642,アイキューテーラー,牝,川西毅,,シャンハイボビー,000a0127e4,アルティマヒート,2013105334,ステイゴールド,1994108729,中西浩一,畠山牧場,46.0,2010.0,2013.0,1994.0
2020101011,ゴルディッヒ,牝,海馬沢司,,ダノンシャーク,2008105554,ダノンビーナス,2010100927,キングカメハメハ,2001103460,森田徹,吉田ファーム,46.0,2008.0,2010.0,2001.0
2020105962,サチカゴンタ,牡,原口次夫,,ニシケンモノノフ,2011105438,ヒシイサベル,2007102703,キングヘイロー,1995104427,丹後清勝,村上進治,45.3,2011.0,2007.0,1995.0
2020105927,ゼロフェイス,牡,藤ヶ崎一,,ネロ,2011103722,キャッスルブラウン,2000110255,Silver Hawk,000a0019b4,上田力,村上欽哉,45.3,2011.0,2000.0,1979.0
2020106102,ケアマネジャー,牝,今津博之,,サトノクラウン,2012104668,ダブルハッピー,2011101330,タイキシャトル,1994109686,小菅誠,リトルブルーファーム,45.2,2012.0,2011.0,1994.0
2020105528,ヒナヒナ,牝,板垣吉則,,バトルプラン,000a0118e8,チュロ,2011100012,キングヘイロー,1995104427,小林由明,新冠伊藤牧場,45.2,2005.0,2011.0,1995.0
2020103563,マニータ,牝,今津勝之,,ディープブリランテ,2009105084,フィナリザール,2015104857,Congrats,000a010687,関根渉,ノーザンファーム,45.1,2009.0,2015.0,2000.0
2020100812,ファルコンウルフ,牝,渡辺博文,,スマートファルコン,2005100097,ホリノティアラ,2005106861,アグネスデジタル,1997110025,瀬戸年美,鈴木武蔵,45.1,2005.0,2005.0,1997.0
2020100377,キタノフロスト,牡,飯田弘道,,アドマイヤムーン,2003102991,スリースノーグラス,2004100240,グラスワンダー,1995108676,北所拓也,本桐牧場,45.1,2003.0,2004.0,1995.0
2020105502,シェナレモン,牝,冨田敏男,,ダンカーク,000a012185,モンレーヴリアン,2011104037,スペシャルウィーク,1995103211,冨田藤男,中山高鹿康,45.0,2006.0,2011.0,1995.0
2020101775,フルオーケストラ,牡,川嶋弘吉,,ドゥラメンテ,2012104511,ローデッド,2012105924,ディープインパクト,2002100816,木村廣太,タバタファーム,45.0,2012.0,2012.0,2002.0
2020100404,ファインドユー,牝,的場直之,,ダンカーク,000a012185,アサヒライジング,2003102338,ロイヤルタッチ,1993101237,（有）内田ステーブル,前田ファーム,45.0,2006.0,2003.0,1993.0
2020100099,レイナ,牝,藤田正治,,リーチザクラウン,2006102923,ロゼブルー,2008103483,ダンスインザダーク,1993109188,佐々木龍駿,加野牧場,45.0,2006.0,2008.0,1993.0
2020102362,リコーブローバック,牝,植松則幸,,エイシンフラッシュ,2007102951,シマノタカラチャン,1999106293,ジェイドロバリー,000a0001a7,（株）ファーストビジ,リコーファーム,44.9,2007.0,1999.0,1987.0
2020104079,キラールージュ,牝,鋤田誠二,,サトノアラジン,2011104063,キャンディウォー,2012102822,War Front,000a011d00,村田滋,木村秀則,44.8,2011.0,2012.0,2002.0
2020103355,アイルトンライト,牝,千葉博次,,ハービンジャー,000a011996,グリントオブライト,2013105769,ステイゴールド,1994108729,谷謙介,ノーザンファーム,44.8,2006.0,2013.0,1994.0
2020105399,ミニイ,牝,塚田隆男,,アジアエクスプレス,2011110091,アラモアナワヒネ,2013101636,グラスワンダー,1995108676,古賀和夫,対馬正,44.4,2011.0,2013.0,1995.0
2020101453,ハタノイチバンボシ,牡,佐藤英明,,トーセンホマレボシ,2009106092,ハタノオヌール,2014101850,サウスヴィグラス,1996110138,畑末廣郎,グッドラック・ファーム,44.4,2009.0,2014.0,1996.0
2020103751,フォルハッシーナ,牝,井樋一也,,メイショウボーラー,2001100650,ドレスコード,2003100654,サンデーサイレンス,000a00033a,酒井蔀,橋本牧場,44.2,2001.0,2003.0,1986.0
2020102769,エレガントヒロイン,牝,稻田彰宏,,モーリス,2011100655,ウイングレット,2001103057,タイキシャトル,1994109686,安部治夫,社台ファーム,44.1,2011.0,2001.0,1994.0
2020100514,クレナイピロコ,牝,井樋一也,,ヤマカツエース,2012102774,ガーネットビコー,1999106697,フジキセキ,1992109618,長橋賢吾,山際セントラルスタッド,44.0,2012.0,1999.0,1992.0
2020106606,フミタツグットママ,牝,松島寿,,トビーズコーナー,000a011fed,ハシルヨアカルク,2011101357,ディープインパクト,2002100816,大黒富美子,大道牧場,43.6,2008.0,2011.0,2002.0
2020105311,キューバンサルサ,牝,千葉博次,,トゥザワールド,2011103975,キューバンマンボ,2014104833,スズカマンボ,2001103890,谷謙介,スピードファーム,43.6,2011.0,2014.0,2001.0
2020102111,デルマヨビモドシ,牡,山田徹,,ダノンレジェンド,2010110102,ユークロニア,2002101012,アドマイヤベガ,1996107396,浅沼廣幸,ファニーヒルファーム,43.4,2010.0,2002.0,1996.0
2020101004,ティアモローザ,牝,菅原欣也,,ミッキーロケット,2013106099,ダンシングママ,2002101405,フレンチデピュティ,000a00013a,井上久光,横山浩司,43.2,2013.0,2002.0,1992.0
2020105990,アリゾナスカイ,牡,渡辺和雄,,ヴァンセンヌ,2009106525,マチカネホホエミ,2000103916,コマンダーインチーフ,000a0000b0,和田正巳,村上牧場,42.5,2009.0,2000.0,1990.0
2020104446,オオエユニコーン,牡,新井隆太,,トランセンド,2006104736,ユメヲカナエテ,2012110006,Arcano,000a011d56,川根幸晴,谷藤弘美,42.5,2006.0,2012.0,2007.0
2020101615,キボウノワダチ,牝,戸部尚実,,ビッグアーサー,2011103328,ワイドロータス,2006105530,ダンスインザダーク,1993109188,山口謙太郎,下河辺牧場,42.5,2011.0,2006.0,1993.0
2020106710,ナイト,牡,大島静夫,,ワールドエース,2009106353,バースデイパーティ,2010101877,アドマイヤムーン,2003102991,組）リノレーシング,ディアレストクラブ,42.4,2009.0,2010.0,2003.0
2020105925,ゼンノグリッター,牝,雑賀正光,,ジャスタウェイ,2009106461,ヴォワルドール,2014100822,ハービンジャー,000a011996,（同）ＮＯＫＫＮ,村上欽哉,42.0,2009.0,2014.0,2006.0
2020104803,ロックン,牡,野口寛仁,,ダブルスター,2009103518,プロフュージョン,2001103879,ジョリーズヘイロー,000a0001aa,町田圭太,ＰＲＩＤＥＲＯＣＫ,42.0,2009.0,2001.0,1987.0
2020109121,タケノコウコウ,牡,古賀光範,,ロードバリオス,2005104227,エイケイキャプテン,2011109047,キャプテンスティーヴ,000a000d9d,竹原孝昭,竹原孝昭,41.6,2005.0,2011.0,1997.0
2020107134,メイジョウプリンス,牡,榎屋充,,フェノーメノ,2009106599,トレノブレーヴィ,2006106853,アグネスデジタル,1997110025,蟹江知彦,川上牧場,41.6,2009.0,2006.0,1997.0
2020104792,ラインパシュート,牝,池田忠好,,マインドユアビスケッツ,000a01392e,バードオンアスク,2011102560,マンハッタンカフェ,1998101554,大澤繁昌,藤原牧場,41.6,2013.0,2011.0,1998.0
2020101124,ビービータンバム,牡,中川竜馬,,モンテロッソ,000a011b05,クイーンズムーヴ,2015101628,キングズベスト,000a0022d2,吉橋英隆,坂東牧場,41.6,2007.0,2015.0,1997.0
2020109054,パープルラメーラ,牝,高橋純,,アルデバランII,000a010541,タムロマンサーナ,2001109258,ジェネラス,000a000148,谷謙介,野々宮牧場,41.5,1998.0,2001.0,1988.0
2020105416,クリノシークレット,牝,石川浩文,,アスカクリチャン,2007104599,ストールンブライド,2003102514,ヘクタープロテクター,000a000d6b,（同）ＪＰＮ技研,つつみ牧場,41.3,2007.0,2003.0,1988.0
2020101868,ブーケエスポワール,牝,藤ヶ崎一,,ハーツクライ,2001103038,シルバートレイン,2003107095,シングスピール,1992190005,片岡信賢,チャンピオンズファーム,41.1,2001.0,2003.0,1992.0
2020106815,タイキウルトラ,牡,藤ケ崎一,,デクラレーションオブウォー,000a0136f6,スノーサミット,2013100592,アドマイヤムーン,2003102991,大樹ファーム,ビクトリーホースランチ,40.6,2009.0,2013.0,2003.0
2020101168,エンカント,牡,桜田康二,,フェノーメノ,2009106599,パラダイスフラワー,2004105298,ティンバーカントリー,000a00035e,山本武司,びらとり牧場,40.6,2009.0,2004.0,1992.0
2020107016,ヴァード,牝,鈴木義久,,ベストウォーリア,2010110127,レジーナシップ,2015105644,ルーラーシップ,2007103143,サイプレスホールディングス,赤田牧場,40.5,2010.0,2015.0,2007.0
2020106610,シエルジョワ,牝,伊藤滋規,,ディープスカイ,2005101358,ピアーノ,2011100201,シンボリクリスエス,1999110099,遠藤裕之,大道牧場,40.5,2005.0,2011.0,1999.0
2020104991,サクラエンジェル,牝,高月賢一,,トビーズコーナー,000a011fed,パラドーロ,2011104072,ステイゴールド,1994108729,福本次雄,浅川牧場,40.5,2008.0,2011.0,1994.0
2020102196,ビッグジャカランダ,牡,川村守男,,ラブリーデイ,2010104298,チリペッパー,2011100563,マンハッタンカフェ,1998101554,大西充秋,前川義則,40.5,2010.0,2011.0,1998.0
2020101523,ボルドーバターリャ,牝,伊藤滋規,,ラニ,2013110045,コスモカゼツカイ,2009110099,Hurricane Run,000a01189d,シグラップ・マネジメ,シグラップファーム,40.5,2013.0,2009.0,2002.0
2020100527,マリンエンジェル,牝,村田順一,,ゴールドアクター,2011105266,キタサンモデル,2015101895,キングヘイロー,1995104427,大野商事,山野牧場,40.5,2011.0,2015.0,1995.0
2020101663,チャレリア,牝,宗綱泰彦,,グレーターロンドン,2012101402,ザスパイスガール,2010100566,マチカネキンノホシ,1996110304,金野博幸,新生ファーム,40.4,2012.0,2010.0,1996.0
2020101082,レジオンドヌール,牡,森山英雄,,リアルインパクト,2008103244,フィーユドノワール,2003102781,クロフネ,1998110135,山邉浩,スガタ牧場,40.4,2008.0,2003.0,1998.0
2020107137,ステキニシンデレラ,牝,凾館一昭,,ネオユニヴァース,2000101426,ミストラスト,000a010a12,Nashwan,000a001ce7,（株）ＩＴＦ,川上牧場,40.0,2000.0,2001.0,1986.0
2020106745,アイティーテーラー,牝,栗本陽一,,ビッグアーサー,2011103328,コウエイレディー,2010105455,タニノギムレット,1999100226,福永實,富菜牧場,40.0,2011.0,2010.0,1999.0
2020106703,マーニャ,牝,荒巻透,,マツリダゴッホ,2003104570,ディアジーローズ,2009103698,ワイルドラッシュ,000a0003a1,（同）ＪＰＮ技研,ディアレストクラブ,40.0,2003.0,2009.0,1994.0
2020106533,テイエムリッキー,牡,平山宏秀,,コパノリッキー,2010106548,フミノオリヒメ,2004106720,グラスワンダー,1995108676,竹園正繼,多田善弘,40.0,2010.0,2004.0,1995.0
2020105374,リュウキシ,牡,小国博行,,ネオユニヴァース,2000101426,アミリス,2002103797,フレンチデピュティ,000a00013a,二口雅一,大作ステーブル,40.0,2000.0,2002.0,1992.0
2020103926,ホウオウバーデン,牡,井樋一也,,スクリーンヒーロー,2004103328,パゲラ,000a013e1f,Soldier Hollow,000a0102ff,宮崎豊治,岡田スタッド,40.0,2004.0,2013.0,2000.0
2020102525,アナリスト,牡,佐藤浩一,,マクマホン,000a0143ac,ペナンクライ,000a012dc0,Barathea,000a000054,（株）ジャパン・ヘル,エスティファーム,40.0,2014.0,2005.0,1990.0
2020101518,イチゴセカンド,牝,大垣敏夫,,ジャングルポケット,1998101786,オモイデヲノセテ,2014102350,アドマイヤムーン,2003102991,三岡有香,鹿戸和幸,40.0,1998.0,2014.0,2003.0
2020100880,バンビクン,牡,田中淳司,,レーヴミストラル,2012104929,ヒシルーマー,2004103679,デヒア,000a0000df,国信泰秀,中村雅明,40.0,2012.0,2004.0,1991.0
2020105442,ガンバルレディー,牝,山田和久,,オーシャンブルー,2008102978,ユニーク,2010100662,コマンズ,000a011625,山本晋也,トモファーム,39.8,2008.0,2010.0,1996.0
2020105932,キャロリン,牝,植松則幸,,モーリス,2011100655,チーズマヨ,2009105985,シンボリクリスエス,1999110099,小橋亮太,村上欽哉,39.5,2011.0,2009.0,1999.0
2020102444,ワイワイスマイル,牡,平和人,,パドトロワ,2007102760,スマイルゲート,2009105484,タニノギムレット,1999100226,酒井孝敏,上水牧場,39.0,2007.0,2009.0,1999.0
2020107211,チャスラフスカ,牝,真島元徳,,タリスマニック,000a013425,エルサフィール,2006104275,タヤスツヨシ,1992109612,三岡陽,マリオステーブル,38.9,2013.0,2006.0,1992.0
2020106372,イイクニスター,牡,藤ヶ崎一,,ケープブランコ,000a011b06,タガノレベッカ,2011105001,サクラバクシンオー,1989108341,武中進,木戸口牧場,38.8,2007.0,2011.0,1989.0
2020106553,チョウシンセイ,牝,宇都英樹,,インカンテーション,2010104916,スターレット,2011105839,ブライアンズタイム,000a000082,松永直記,谷川牧場,38.7,2010.0,2011.0,1985.0
2020106082,シェリメイ,牝,沖田明子,,グランプリボス,2008103388,ファーマジェンヌ,2009101001,プリサイスエンド,000a00fe9b,楊明翰,レジェンドファーム,38.6,2008.0,2009.0,1997.0
2020100453,ジャム,牝,井樋一也,,ディーマジェスティ,2013104704,ドゥザボサノバ,000a011dd5,Galileo,000a00232b,小川寛子,三石川上牧場,38.4,2013.0,2008.0,1998.0
2020101330,ディアナバイオ,牝,加藤幸保,,サトノクラウン,2012104668,ハイレベルバイオ,2012104828,マンハッタンカフェ,1998101554,バイオ（株）,沖田牧場,38.2,2012.0,2012.0,1998.0
2020102511,トーセンディーバ,牝,山中尊徳,,トーセンラー,2008102985,トーセンマリオン,2012101085,トーセンブライト,2001103660,島川隆哉,エスティファーム,38.0,2008.0,2012.0,2001.0
2020104932,メガクレアー,牝,稻田彰宏,,サクラゼウス,2004104495,サクラメガプリティ,2007100397,グラスワンダー,1995108676,角山喜信,山田牧場,37.8,2004.0,2007.0,1995.0
2020104554,ルクスプレシャス,牝,三小田幸,,マクフィ,000a011c77,ピサノルビー,2006101331,ブライアンズタイム,000a000082,北原大史,飛野牧場,37.8,2007.0,2006.0,1985.0
2020103756,ユイノクモタロウ,牡,菅原欣也,,トーセンジョーダン,2006103169,ルサリエ,2012103141,ステイゴールド,1994108729,大黒富美子,橋本牧場,37.6,2006.0,2012.0,1994.0
2020105800,ハンモック,牡,佐藤浩一,,ゴールドシップ,2009102739,ラヴリードリーム,2006101614,マイネルラヴ,1995108558,畠山浩司,ビッグレッドファーム,37.5,2009.0,2006.0,1995.0
2020104819,スティールユアラブ,牝,三野宮通,,アポロソニック,2010110120,ハッシュドトーン,2009105893,マンハッタンカフェ,1998101554,田頭勇貴,へいはた牧場,37.5,2010.0,2009.0,1998.0
2020104555,プルピットワール,牡,海馬沢司,,パイロ,000a01176a,フォレノワール,2010103079,アグネスタキオン,1998101516,神田貢典,飛野牧場,37.5,2005.0,2010.0,1998.0
2020106412,ブライトクラウン,牡,野田忍,,サトノクラウン,2012104668,レッドセイリング,2010104204,ゼンノロブロイ,2000101517,岡本敞司,杵臼牧場,37.2,2012.0,2010.0,2000.0
2020106123,キタノグリエル,牡,飯田弘道,,ザサンデーフサイチ,2004102855,パッシオーネ,2010104078,ゼンノロブロイ,2000101517,北所拓也,能登浩,37.0,2004.0,2010.0,2000.0
2020104450,モーニングパワー,牡,古賀光範,,タニノギムレット,1999100226,フルブロッサム,2014102227,ストリートセンス,000a0113a2,西村新一郎,田原橋本牧場,37.0,1999.0,2014.0,2004.0
2020100008,オレンジムスメ,牝,金田一昌,,ベルシャザール,2008103004,ユーアーマイン,2009101821,ディープインパクト,2002100816,鈴木和彦,飯岡牧場,36.8,2008.0,2009.0,2002.0
2020104665,ガリレオノクツシタ,牡,瀬戸口悟,,ディーマジェスティ,2013104704,ドーバーブリーズ,2016110105,Frankel,000a01239b,（同）ＪＰＮ技研,服部牧場,36.6,2013.0,2016.0,2008.0
2020103954,ラナヴェット,牝,植松則幸,,ロージズインメイ,000a010a10,リルティングインク,2013103950,マツリダゴッホ,2003104570,（株）ファーストビジ,岡田スタッド,36.5,2000.0,2013.0,2003.0
2020102145,シティオブヨーク,牡,川田孝好,,ラブリーデイ,2010104298,ウインアイスバーグ,2015100234,ステイゴールド,1994108729,角茂樹,宝寄山拓樹,36.4,2010.0,2015.0,1994.0
2020100700,ショウナンバトン,牡,小林義明,,トビーズコーナー,000a011fed,アクアブルーハート,2012105952,エンパイアメーカー,000a010542,組）リノレーシング,高昭牧場,36.4,2008.0,2012.0,2000.0
2020100999,サーグラム,牝,桜田康二,,ベストウォーリア,2010110127,エリカオンヒル,2005110169,Century City,000a010f0f,森本敏正,山田牧場,36.3,2010.0,2005.0,1999.0
2020107219,ジュゲム,牝,藤ケ崎一,,レーヴミストラル,2012104929,ラファータ,2013105270,ゴールドアリュール,1999106689,酒井孝敏,藤本直弘,36.1,2012.0,2013.0,1999.0
2020105026,アセットギンガ,牝,蛯名雄太,,トゥザワールド,2011103975,キクカパラダイス,2008102137,プリサイスエンド,000a00fe9b,中澤加那子,飯島功典,36.0,2011.0,2008.0,1997.0
2020104074,グリフィン,牡,別府真司,,ヤマカツエース,2012102774,ラブコール,2011101877,チチカステナンゴ,000a011135,萩原挙,神垣道弘,36.0,2012.0,2011.0,1998.0
2020103020,バーラーゴーラ,牡,高橋清顕,,キズナ,2010105827,ブギーダモーレ,000a013e72,Rail Link,000a010d4a,吉田照哉,社台ファーム,36.0,2010.0,2009.0,2003.0
2020102587,シストルム,牝,蛯名雄太,,フェノーメノ,2009106599,ボンバルリーナ,2006102762,シンボリクリスエス,1999110099,吉田晴哉,追分ファーム,36.0,2009.0,2006.0,1999.0
2020101318,エキスパートバイオ,牝,加藤幸保,,ミッキーロケット,2013106099,アマゾネスバイオ,2005102661,シンボリクリスエス,1999110099,バイオ（株）,沖田牧場,35.8,2013.0,2005.0,1999.0
2020107066,ムルウアイ,牡,千葉幸喜,,ビーチパトロール,000a0141f9,レイニータ,2007104306,アグネスデジタル,1997110025,ハヤシテラソスルイス,レジェンドファーム,35.2,2013.0,2007.0,1997.0
2020103457,ヘルムシュテット,牝,千葉幸喜,,ジャスタウェイ,2009106461,セルキス,000a011d97,Monsun,000a010db6,吉田和美,ノーザンファーム,35.0,2009.0,2008.0,1990.0
2020101225,セレッソプラテアド,牝,平山宏秀,,シルバーステート,2013105903,セレッソブランコ,2012101015,スウェプトオーヴァーボード,000a00fa34,三宅勝俊,天羽禮治,35.0,2013.0,2012.0,1997.0
2020105780,タイラント,牝,田嶋弘幸,,ヴィクトワールピサ,2007102923,マイネエレーナ,2008104911,ロージズインメイ,000a010a10,上野孝展,ビッグレッドファーム,34.6,2007.0,2008.0,2000.0
2020106138,アークワルツ,牝,伊藤和忍,,イスラボニータ,2011103565,マツリダワルツ,2004109391,チーフベアハート,1993190010,アークフロンティア,様似堀牧場,34.5,2011.0,2004.0,1993.0
2020105219,ウインエルフリーデ,牝,田中伸一,,ロゴタイプ,2010103783,マリアヴェロニカ,2008103338,ジャングルポケット,1998101786,木村益生,コスモヴューファーム,34.5,2010.0,2008.0,1998.0
2020102694,デルマシタテナゲ,牝,竹之下昭,,スピルバーグ,2009105961,パドパピヨン,2012104211,スウェプトオーヴァーボード,000a00fa34,（同）ＪＰＮ技研,社台コーポレーション白老ファーム,34.1,2009.0,2012.0,1997.0
2020104522,アークシップ,牝,諏訪貴正,,マクフィ,000a011c77,マザーシップ,2011102209,コンデュイット,2005190006,（株）イージス,千代田牧場,33.6,2007.0,2011.0,2005.0
2020102150,クリノコマンダー,牡,黒木豊,,エピファネイア,2010104155,グランプリソフィ,2007103358,アグネスタキオン,1998101516,関昭一,宝寄山拓樹,33.5,2010.0,2007.0,1998.0
2020100322,エイシンエコロジー,牝,今津勝之,,エーシントップ,2010110058,エイシンキララ,2013103263,ハーツクライ,2001103038,小出水正男,信田牧場,33.5,2010.0,2013.0,2001.0
2020105970,ファインイユー,牡,森沢友貴,,ファインニードル,2013100612,ミスアバンセ,2012100748,パイロ,000a01176a,（有）モリクニ,村上進治,33.4,2013.0,2012.0,2005.0
2020103376,サトノブリリアント,牡,新井清重,,サトノダイヤモンド,2013106101,サトノシュテルン,2014106013,Distorted Humor,000a0022ea,里見治,ノーザンファーム,33.0,2013.0,2014.0,1993.0
2020105486,アゲマセン,牝,金田一昌,,ビッグアーサー,2011103328,ソヴールトウショウ,2012103267,スズカフェニックス,2002107011,大田恭充,中山高鹿康,32.8,2011.0,2012.0,2002.0
2020105179,ダンツフロンテ,牡,古賀光範,,サトノクラウン,2012104668,ダンツキャンサー,2011102236,アドマイヤジャパン,2002102324,山元哲二,小泉学,32.8,2012.0,2011.0,2002.0
2020104801,スカイインパルス,牡,藤田正治,,サトノダイヤモンド,2013106101,バイブレイションズ,2007100260,キングカメハメハ,2001103460,（同）ＪＰＮ技研,ＰＲＩＤＥＲＯＣＫ,32.5,2013.0,2007.0,2001.0
2020101369,コウユーアツイキミ,牡,九日俊光,,パイロ,000a01176a,ジュアンレパン,2007110082,Dynaformer,000a001dd9,加治屋貞光,カロッテファーム,32.2,2005.0,2007.0,1985.0
2020101448,コンバットチャンス,牝,三野宮通,,ベストウォーリア,2010110127,グランデクオーレ,2012104309,シンボリクリスエス,1999110099,（株）アプエンテ,グッドラック・ファーム,32.1,2010.0,2012.0,1999.0
2020106693,ラルミナ,牝,伊藤勝己,,メイショウボーラー,2001100650,カルブンクルス,2009100433,スタチューオブリバティ,000a0109d5,（同）ＪＰＮ技研,ディアレストクラブ,32.0,2001.0,2009.0,2000.0
2020106594,テネット,牝,田村彰啓,,ドレフォン,000a013b82,レオフラッパー,2012105372,ステイゴールド,1994108729,伊藤良兵,谷口牧場,32.0,2013.0,2012.0,1994.0
2020105267,マナスマイル,牝,佐藤雅彦,,スピルバーグ,2009105961,スマイルリリー,2011104517,スターリングローズ,1997106560,（同）ＭＩＲＡＩ,シンカンファーム,32.0,2009.0,2011.0,1997.0
2020103580,マルグアレイス,牡,関本浩司,,モーリス,2011100655,ブリガアルタ,2013106057,コンデュイット,2005190006,岩渕瑞生,ノーザンファーム,31.6,2011.0,2013.0,2005.0
2020105384,ストロングトーコー,牡,嶋田幸晴,,ストロングリターン,2006102934,マリア,2008104082,ディープインパクト,2002100816,千田貞四郎,大作ステーブル,31.5,2006.0,2008.0,2002.0
2020104195,グッドフラッシュ,牝,森山英雄,,サトノダイヤモンド,2013106101,ワンモアドリーム,2015105934,ハービンジャー,000a011996,岩崎伸道,坂本智広,31.5,2013.0,2015.0,2006.0
2020102342,テーオーマルサス,牡,石橋満,,ディーマジェスティ,2013104704,ラブミーナンシー,2012102011,ステイゴールド,1994108729,小笹公也,ヤナガワ牧場,31.5,2013.0,2012.0,1994.0
2020101748,ヨンダイメ,牡,服部利之,,ラニ,2013110045,ファーマフローラ,2015101533,スクリーンヒーロー,2004103328,中西功,高山牧場,31.5,2013.0,2015.0,2004.0
2020105110,ステイポジティブ,牡,三小田幸,,サトノクラウン,2012104668,ミラクルステイ,2011104673,ステイゴールド,1994108729,楠田雅文,鹿児島国際ゴルフ倶楽部協和牧場,31.4,2012.0,2011.0,1994.0
2020103868,トントントントロ,牝,中川竜馬,,スピルバーグ,2009105961,アンローランサン,2006100741,フサイチコンコルド,1993109220,佐々木龍駿,岡田スタッド,31.4,2009.0,2006.0,1993.0
2020101037,オーケーパイレーツ,牝,山田徹,,ダイワメジャー,2001103114,ケースバイケース,2012110048,Sea The Stars,000a011c78,西村健,稲原牧場,30.5,2001.0,2012.0,2006.0
2020104072,バンクェット,牝,川添明弘,,アジアエクスプレス,2011110091,マイスフォルテ,2012104013,ディープインパクト,2002100816,（株）アプエンテ,神垣道弘,30.4,2011.0,2012.0,2002.0
2020100564,アオイサロン,牝,加藤和義,,キンシャサノキセキ,2003110212,アルプサロン,2011106400,アドマイヤムーン,2003102991,東邦男,市川ファーム,30.4,2003.0,2011.0,2003.0
2020106142,カフェカズショコラ,牡,矢野久美,,ルーラーシップ,2007103143,サニーラブカフェ,2004103936,マンハッタンカフェ,1998101554,（株）ＴＫＫ,猿倉牧場,30.1,2007.0,2004.0,1998.0
2020110148,シティオブハンター,牝,井樋明正,,City of Light,000a014375,War Tigress,000a013c97,War Chant,000a00fce0,田頭勇貴,Waymore LLC,30.0,2014.0,2006.0,1997.0
2020106616,タイムアンドタイド,牡,渡辺博文,,ロードカナロア,2008103552,リンダリンダ,2013105168,フレンチデピュティ,000a00013a,（株）ＭＭＣ,大道牧場,30.0,2008.0,2013.0,1992.0
2020105054,タペジャラ,牡,金田一昌,,エピファネイア,2010104155,ファインドヌーヴ,2012100084,チチカステナンゴ,000a011135,谷口祐人,岩見牧場,30.0,2010.0,2012.0,1998.0
2020104225,ニホンピロカーデフ,牝,川嶋弘吉,,ビーチパトロール,000a0141f9,ニホンピロヘーゼル,2013104602,カジノドライヴ,2005110112,小林英一,佐竹学,30.0,2013.0,2013.0,2005.0
2020101906,ハシレソウタロウ,牡,田村彰啓,,ダンスディレクター,2010103303,エスパージョー,2015102302,エスポワールシチー,2005102837,泉一郎,坪田晃宜,30.0,2010.0,2015.0,2005.0
2020101500,グランポデール,牡,桜田康二,,プレティオラス,2009102405,ミスリンディ,2009110086,Stormy Atlantic,000a010b85,伊達泰明,サンシャイン牧場,30.0,2009.0,2009.0,1994.0
2020101259,マイネルスヴニール,牡,田中伸一,,メイショウサムソン,2003102205,コスモピクシス,2013101930,ステイゴールド,1994108729,木村益生,荒井ファーム,30.0,2003.0,2013.0,1994.0
2020100075,パイロウェーブ,牝,的場直之,,パイロ,000a01176a,キャリーウェーブ,2008103478,アグネスタキオン,1998101516,平本敏夫,片山牧場,30.0,2005.0,2008.0,1998.0
2020100615,アップチェリー,牝,加藤幸保,,シルバーステート,2013105903,ペルルフィーヌ,2009106482,ブライアンズタイム,000a000082,荻伏服部牧場,荻伏服部牧場,29.7,2013.0,2009.0,1985.0
2020106286,カズオルデアニ,牡,加藤和宏,,ノヴェリスト,000a012230,ケイティーズジェム,2008103145,ディープインパクト,2002100816,（株）ファーストビジ,栄進牧場,29.6,2009.0,2008.0,2002.0
2020105776,マイネルツァーリ,牡,菅原欣也,,ゴールドシップ,2009102739,マイネイサベル,2008104086,テレグノシス,1999106851,（同）ＪＰＮ技研,ビッグレッドファーム,29.6,2009.0,2008.0,1999.0
2020104816,ケイティウラノス,牡,頼本盛行,,シルバーステート,2013105903,ジュエルヨコハマ,2015105297,メイショウサムソン,2003102205,遠藤喜和,へいはた牧場,29.3,2013.0,2015.0,2003.0
2020102272,ルジマトフ,セ,竹之下昭,,サトノアラジン,2011104063,ザッハトルテ,2007106175,クロフネ,1998110135,（同）ＪＰＮ技研,森永牧場,29.3,2011.0,2007.0,1998.0
2020106437,キングオブスペーズ,牡,後藤佑耶,,グランプリボス,2008103388,カツンダモン,2013102712,エンパイアメーカー,000a010542,菅原仁人,グランデファーム,29.1,2008.0,2013.0,2000.0
2020105964,シールビーカミング,牝,伊藤勝己,,アドマイヤムーン,2003102991,ピクニックソング,2011100702,ファスリエフ,000a00fc4c,太田雅貴,村上進治,29.1,2003.0,2011.0,1997.0
2020105941,ニシノピボット,牝,山口浩幸,,ドレフォン,000a013b82,ニシノナースコール,2002100167,ブライアンズタイム,000a000082,冨田藤男,村上欽哉,28.4,2013.0,2002.0,1985.0
2020106624,タラコ,牝,加藤和義,,ホッコータルマエ,2009100921,ミッシェルズナイト,2013109023,ネオユニヴァース,2000101426,程田真司,チェスナットファーム,28.2,2009.0,2013.0,2000.0
2020101729,アオイカゲ,牝,松島壽,,ネロ,2011103722,プロスペラスマム,2007105629,マイネルセレクト,1999107196,高野英彦,瀬戸牧場,28.1,2011.0,2007.0,1999.0
2020106060,ジンジンバイパー,牡,八木仁,,アジアエクスプレス,2011110091,ダイナルシャトー,1999104610,コマンダーインチーフ,000a0000b0,馬場剛,ヤマタケ牧場,28.0,2011.0,1999.0,1990.0
2020105717,アクトレスラン,牝,盛本信春,,アメリカンペイトリオット,000a013bba,トリプルアクト,000a0116fa,Theatrical,000a001bed,岡村善行,パカパカファーム,28.0,2013.0,2000.0,1982.0
2020105523,リュウノコルセア,牡,北村欣也,,ベーカバド,000a011dc0,マリーシャンタル,1996107346,サンデーサイレンス,000a00033a,蓑島竜一,長浜牧場,28.0,2007.0,1996.0,1986.0
2020101799,バスティア,牡,尾林幸二,,ファインニードル,2013100612,カオール,2011100591,コマンズ,000a011625,神村雅己,ダーレー・ジャパン・ファーム,28.0,2013.0,2011.0,1996.0
2020101170,バクハツアフロ,牝,坂口義幸,,ゴールドアクター,2011105266,ミダレガミ,2012104553,サムライハート,2002100996,内田玄祥,びらとり牧場,27.8,2011.0,2012.0,2002.0
2020100668,ツキミズヒカリ,牝,藤ヶ崎一,,ミッキーアイル,2011103916,モーニングムーン,2010106037,アドマイヤムーン,2003102991,谷伊織,桑田ファーム,27.6,2011.0,2010.0,2003.0
2020105170,オールスイート,牝,安部幸夫,,シルバーステート,2013105903,プラントパラダイス,2000104675,パラダイスクリーク,1989109110,梅ケ枝容晃,小泉牧場,27.5,2013.0,2000.0,1989.0
2020101736,レイワノホシ,牡,原口次夫,,マインドユアビスケッツ,000a01392e,カレンステイシー,2011100464,アドマイヤジャパン,2002102324,松岡研司,高柳隆男,27.1,2013.0,2011.0,2002.0
2020106841,ミランダバレー,牝,西山裕貴,,サトノクラウン,2012104668,アクアブルーバレー,2010102073,ワイルドラッシュ,000a0003a1,上山泰憲,まるとみ冨岡牧場,27.0,2012.0,2010.0,1994.0
2020106135,アサヒドライブ,牡,池田孝,,ダノンバラード,2008103548,スマートメビウス,2007106461,タニノギムレット,1999100226,ＳＲＥ（同）,様似堀牧場,27.0,2008.0,2007.0,1999.0
2020106116,リオーロッキ,牝,原三男,,マツリダゴッホ,2003104570,ミッドキャップ,000a010dcf,アントレプレナー,000a000112,紺野光彦,寺井文秀,27.0,2003.0,2002.0,1994.0
2020105899,インテリジェンヌ,牝,加藤誠一,,フェノーメノ,2009106599,ルージュマジック,2008100552,アフリート,000a000013,吉岡泰恵,松木加代,27.0,2009.0,2008.0,1984.0
2020105256,スターオブキッド,牡,佐々木功,,パドトロワ,2007102760,マグナカルタ,2011100601,ルールオブロー,000a010d7d,光安了,渋谷牧場,27.0,2007.0,2011.0,2001.0
2020104487,スマイリングウェイ,牝,池田忠好,,ジャスタウェイ,2009106461,スマイルプライズ,2007100528,ホワイトマズル,1990109700,鶴俊邦,千代田牧場,27.0,2009.0,2007.0,1990.0
2020104380,フォルシェルル,牝,久保秀男,,サトノクラウン,2012104668,レッドシェダル,2012104255,ジャングルポケット,1998101786,八嶋長久,高橋義浩,27.0,2012.0,2012.0,1998.0
2020104201,シントーハナサツキ,牝,本名信行,,ロージズインメイ,000a010a10,スマートブライト,2009103295,アグネスタキオン,1998101516,（株）ＴｒＹ,坂本春信,27.0,2000.0,2009.0,1998.0
2020104029,ノアローズ,牝,川野勇馬,,ベストウォーリア,2010110127,ワールドムーン,2013101491,アドマイヤムーン,2003102991,佐山公男,小倉光博,27.0,2010.0,2013.0,2003.0
2020102327,アークテーオー,牡,武井和実,,ラブリーデイ,2010104298,テーオーピコタン,2013106405,ダイワメジャー,2001103114,ＡＨＣ（株）,ヤナガワ牧場,27.0,2010.0,2013.0,2001.0
2020100887,タカイチリブラ,牝,玉井昇,,スズカコーズウェイ,2004104345,アクアリブラ,2015105103,ロードカナロア,2008103552,高橋一郎,野表俊一,27.0,2004.0,2015.0,2008.0
2020100852,バリバリクン,牡,小林真治,,ワンアンドオンリー,2011105072,カントリーギャル,2008106517,ティンバーカントリー,000a00035e,田部井孝夫,東栄牧場,27.0,2011.0,2008.0,1992.0
2020105658,ジョイパピエーダ,牡,高橋純,,ゴールドアクター,2011105266,アイアムネオ,2006102889,ネオユニヴァース,2000101426,西村亮二,ハクツ牧場,26.2,2011.0,2006.0,2000.0
2020104591,コパノニース,牡,後藤正義,,コパノリッキー,2010106548,コパノオリジナル,2014104906,キモンノカシワ,2009104021,小林祥晃,西村牧場,26.2,2010.0,2014.0,2009.0
2020101860,アールスペック,牡,長倉功,,コパノリッキー,2010106548,アヴァール,2011103486,キングカメハメハ,2001103460,（株）チャンピオンズ,チャンピオンズファーム,26.0,2010.0,2011.0,2001.0
2020100424,コノハナミカミ,牝,石川浩文,,エイシンヒカリ,2011101273,ホウショウマツエ,2007110073,Malibu Moon,000a010c8e,（株）アプエンテ,前田ファーム,26.0,2011.0,2007.0,1997.0
2020100045,キラータイトル,牡,金田一昌,,ブラックタイド,2001103312,マリアベール,2010101562,サクラバクシンオー,1989108341,中田了也,沖田忠幸,25.6,2001.0,2010.0,1989.0
2020101634,ルビーバローズ,牝,福永敏,,ダンカーク,000a012185,チェルカ,2005102478,クロフネ,1998110135,猪熊広次,白井牧場,25.5,2006.0,2005.0,1998.0
2020104388,シェナオージ,牡,山口浩幸,,ベルシャザール,2008103004,タイキエリーゼ,2004106655,キングオブキングス,000a0001b8,冨田藤男,武牧場,25.4,2008.0,2004.0,1995.0
2020102438,マジカルフラワー,牝,角川秀樹,,ハービンジャー,000a011996,オンリートゥモロー,2014105784,ディープインパクト,2002100816,ユートピア牧場,上水牧場,25.2,2006.0,2014.0,2002.0
2020102072,ブルーポピー,牡,佐藤英明,,ノヴェリスト,000a012230,オースミアース,2012101832,ハービンジャー,000a011996,イシカリホースマンクラブ,広富牧場,25.2,2009.0,2012.0,2006.0
2020100993,メイショウマイタケ,牝,櫻井今朝,,メイショウサムソン,2003102205,スリーサンハーツ,2009100354,ハーツクライ,2001103038,遠藤喜和,村中牧場,25.1,2003.0,2009.0,2001.0
2020109160,サクラジマノオトコ,牡,野田忍,,ケイムホーム,000a0108d1,マリーアントワー,2011102565,ダイワメジャー,2001103114,吉永一馬,新保孝一,25.0,1999.0,2011.0,2001.0
2020106481,クリーンショコラ,牝,瀬戸口悟,,バゴ,2001190004,クリーンプリンセス,2009103819,ジャングルポケット,1998101786,小橋亮太,笹地牧場,25.0,2001.0,2009.0,1998.0
2020104184,ピュラー,牝,石橋満,,ネロ,2011103722,アニー,2008105007,ファンタスティックライト,1996190005,岡展宏,坂本智広,25.0,2011.0,2008.0,1996.0
2020101085,ゴールドバロン,牡,鹿沼良和,,ヴァンセンヌ,2009106525,カリスマブラック,2005103399,ブラックタキシード,1996107315,厚澤保明,高橋啓,25.0,2009.0,2005.0,1996.0
2020100047,ルヴァンアクトレス,牝,水野貴史,,ディスクリートキャット,000a0113a1,オボロヅキ,2005100266,カリズマティック,000a00fa33,堀内義孝,沖田哲夫,25.0,2003.0,2005.0,1996.0
2020106291,マジックジュエル,牝,米川昇,,リアルスティール,2012104889,トピカII,000a0129cd,Whipper,000a0114a6,大屋高広,栄進牧場,24.5,2012.0,2009.0,2001.0
2020104728,エコロミューズ,牝,石川浩文,,イスラボニータ,2011103565,デヒアバーズ,2004104972,デヒア,000a0000df,（同）ＪＰＮ技研,藤沢牧場,24.5,2011.0,2004.0,1991.0
2020109124,イチザブレーヴ,牡,的場均,,ヴァンセンヌ,2009106525,イチザプラチナ,2013101558,メイショウボーラー,2001100650,奈良崎孝一郎,奈良崎孝一郎,24.0,2009.0,2013.0,2001.0
2020106735,ユウギリ,牝,中川雅之,,ラブリーデイ,2010104298,ムスターヴェルク,2014105819,ハーツクライ,2001103038,兼松康太,富田牧場,24.0,2010.0,2014.0,2001.0
2020103858,サカエプリンセス,牝,佐々木仁,,ロゴタイプ,2010103783,ミスグランドコーホ,1998103976,ヤマニンスキー,1975102626,我妻栄,及川ミツ子,24.0,2010.0,1998.0,1975.0
2020102510,トーセンドリフト,牡,後藤正義,,マクマホン,000a0143ac,トーセンベニザクラ,2009102231,ダイワメジャー,2001103114,島川隆哉,エスティファーム,24.0,2014.0,2009.0,2001.0
2020101978,フォルメノス,牡,村上頼章,,フェノーメノ,2009106599,トキノナイス,2007106741,チアズブライトリー,1998104232,八嶋長久,西野春樹,24.0,2009.0,2007.0,1998.0
2020100798,フォルテクオーレ,牡,山中尊徳,,レインボーライン,2013106183,ラティエラ,2004105693,スキャターザゴールド,000a000d99,（株）ロマンス,鮫川啓一,24.0,2013.0,2004.0,1997.0
2020100746,ショーエース,牡,目迫大輔,,リオンディーズ,2013105915,マスターチアフル,2006100383,ボストンハーバー,000a00007c,吉冨学,高昭牧場,24.0,2013.0,2006.0,1994.0
2020102998,デルマクビナゲ,牡,吉田司,,ハービンジャー,000a011996,ピクシーダスト,2002100561,サンデーサイレンス,000a00033a,小橋亮太,社台ファーム,23.7,2006.0,2002.0,1986.0
2020101090,ベアラブリー,牝,竹下直人,,バゴ,2001190004,ナイキトライアンフ,2004104647,ボストンハーバー,000a00007c,（株）ファーストビジ,中川隆,23.6,2001.0,2004.0,1994.0
2020104587,コパノサントロペ,牡,板垣吉則,,ラブイズブーシェ,2009101075,ラブミーサアヤ,2016105428,スウィフトカレント,2001103189,小林祥晃,西川富岡牧場,23.5,2009.0,2016.0,2001.0
2020104413,ヤマノトライ,牝,野田忍,,レーヴミストラル,2012104929,ダイヤモンドローズ,2013104582,ダノンシャンティ,2007105709,澤村敏雄,棚川祐志,23.4,2012.0,2013.0,2007.0
2020105404,ヤマカツタイガ,牡,沖田明子,,ヤマカツエース,2012102774,プリティタヤス,2003100250,マーベラスサンデー,1992103687,山田和夫,対馬正,22.6,2012.0,2003.0,1992.0
2020105868,ロッシーニ,牝,川添明弘,,ダンカーク,000a012185,シャンパンサーベル,2012100798,キンシャサノキセキ,2003110212,田頭勇貴,松浦牧場,22.4,2006.0,2012.0,2003.0
2020104967,ヴァイストウショウ,牝,佐藤茂,,アメリカンペイトリオット,000a013bba,ワイズトウショウ,2008100675,キングヘイロー,1995104427,安瀬裕一,坂戸節子,22.4,2013.0,2008.0,1995.0
2020103977,サイレンスエース,牡,田中淳司,,ヤマカツエース,2012102774,エヴォリューション,2011101806,リキアイサイレンス,2001103725,岡田隆寛,岡田牧場,22.4,2012.0,2011.0,2001.0
2020105210,ウインエレナ,牝,畠山吉宏,,ロードカナロア,2008103552,サマーエタニティ,2005103207,アドマイヤコジーン,1996106512,ウイン,コスモヴューファーム,22.0,2008.0,2005.0,1996.0
2020103004,レディマーシャル,牝,橘友和,,ロードカナロア,2008103552,ファイアマーシャル,2010103899,ディープインパクト,2002100816,大谷昌裕,社台ファーム,22.0,2008.0,2010.0,2002.0
2020102314,グッデイドリーム,牝,村山明,,デクラレーションオブウォー,000a0136f6,グッデーコパ,2006106744,マンハッタンカフェ,1998101554,辻子依旦,ヤナガワ牧場,22.0,2009.0,2006.0,1998.0
2020100481,コマチザクラ,牝,菊沢隆徳,,リアルスティール,2012104889,ソラコマチ,2009101892,サクラバクシンオー,1989108341,サラブレッドクラブ・ラフィアン,村上牧場,22.0,2012.0,2009.0,1989.0
2020106124,ビッグウィリー,牡,井樋一也,,メイショウボーラー,2001100650,プレッピー,2009100589,タニノギムレット,1999100226,水谷昌晃,小田誠一,21.6,2001.0,2009.0,1999.0
2020104660,ホットチョコ,牝,川添明弘,,リオンディーズ,2013105915,スキャンパー,000a01388e,Oasis Dream,000a010d4f,増田吉彦,服部牧場,21.6,2013.0,2013.0,2000.0
2020104284,デイムティアス,牝,桜田浩樹,,ビッグアーサー,2011103328,オペラガール,2010102785,オペラハウス,000a000d77,松尾正,静内フジカワ牧場,21.6,2011.0,2010.0,1988.0
2020109036,キタシャーデー,牝,加藤和義,,マクフィ,000a011c77,ボールドカップ,2005109172,オペラハウス,000a000d77,北村守彦,北村牧場,21.5,2007.0,2005.0,1988.0
2020103290,オクタグラム,セ,櫻田康二,,エピファネイア,2010104155,エールデュレーヴ,2013106181,ディープインパクト,2002100816,大坪邦夫,ノーザンファーム,21.0,2010.0,2013.0,2002.0
2020100658,アイドラゴン,牡,金田一昌,,フリオーソ,2004106867,ルナクィーン,2005102465,フジキセキ,1992109618,ライフエンタープライズ,北俣ファーム,20.9,2004.0,2005.0,1992.0
2020100623,ツクバセイヴァー,牝,中野博,,ワールドエース,2009106353,ラブルビー,2007109039,ティンバーカントリー,000a00035e,大黒富美子,荻伏三好ファーム,20.8,2009.0,2007.0,1992.0
2020104620,コマセイバー,牡,榎屋充,,シニスターミニスター,000a011099,アイナマーリエ,2011102634,サウスヴィグラス,1996110138,仲尾正人,野坂牧場,20.7,2003.0,2011.0,1996.0
2020106038,サンマルミストラル,牡,今津博之,,レーヴミストラル,2012104929,ガッビア,2006103185,モンジュー,1996190001,相馬勇,八島夕起子,20.6,2012.0,2006.0,1996.0
2020102230,レイズオブスター,牝,藤川純,,シャンハイボビー,000a0127e4,レースオブスターズ,2003102668,アグネスタキオン,1998101516,横田秀明,槇本牧場,20.6,2010.0,2003.0,1998.0
2020106067,ムーンオオトミボス,牡,土井道隆,,アジアエクスプレス,2011110091,ムーンパスクイン,2014105103,ゴールドアリュール,1999106689,木稲安則,芳住鉄兵,20.4,2011.0,2014.0,1999.0
2020103847,グリームクィーン,牝,川添明弘,,リアルインパクト,2008103244,プテリュクス,2016104478,スマートファルコン,2005100097,小橋亮太,ウエスタンファーム,20.4,2008.0,2016.0,2005.0
2020101871,ゼロライン,牝,竹之下昭,,ブラックタイド,2001103312,ステラムーン,2011100890,アドマイヤムーン,2003102991,（同）ＪＰＮ技研,チャンピオンズファーム,20.4,2001.0,2011.0,2003.0
2020101527,ゴブリン,牡,坂口義幸,,ミッキーアイル,2011103916,ミラクルワウ,2003102595,フジキセキ,1992109618,内田玄祥,シグラップファーム,20.4,2011.0,2003.0,1992.0
2020101986,クリノキスミント,牝,伊藤勝好,,メイショウサムソン,2003102205,スープミント,2010102014,キングカメハメハ,2001103460,（有）ホースケア,日西牧場,20.3,2003.0,2010.0,2001.0
2020106225,サンライズクリード,牡,川田孝好,,シャンハイボビー,000a0127e4,キャニオンバレー,2010100493,シンボリクリスエス,1999110099,松岡隆雄,浦河小林牧場,20.0,2010.0,2010.0,1999.0
2020101611,ライジングローワン,牡,佐藤祐司,,ダンカーク,000a012185,レッドデセーオ,2008105618,アグネスタキオン,1998101516,平賀敏男,下河辺牧場,20.0,2006.0,2008.0,1998.0
2020100977,ハギノセフィーラ,牝,角田輝也,,ハギノハイブリッド,2011104344,ハギノセゾン,2011103385,シンボリクリスエス,1999110099,安岡美津子,村下明博,20.0,2011.0,2011.0,1999.0
2020100666,カナリアスイート,牝,溝橋利喜,,メイショウボーラー,2001100650,ボタングラス,2012105905,スウィフトカレント,2001103189,小林聖子,桑田ファーム,20.0,2001.0,2012.0,2001.0
2020101923,クリノチャイルド,牝,伊藤勝好,,サトノクラウン,2012104668,フェアチャイルド,2014102890,エンパイアメーカー,000a010542,（有）ホースケア,戸川牧場,19.7,2012.0,2014.0,2000.0
2020106732,ピクシー,牡,小野望,,ペルーサ,2007102705,ハットシテグー,2011110080,エンパイアメーカー,000a010542,長谷川祐司,富田牧場,19.6,2007.0,2011.0,2000.0
2020102043,ライアンバローズ,牡,別府真司,,シニスターミニスター,000a011099,インユアアームス,2005102647,ファルブラヴ,1998190004,猪熊広次,日高大洋牧場,19.6,2003.0,2005.0,1998.0
2020101890,マツリダパーチェ,牡,三野宮通,,サトノダイヤモンド,2013106101,ボウルズ,2015104205,エイシンフラッシュ,2007102951,高橋文枝,チャンピオンズファーム,19.4,2013.0,2015.0,2007.0
2020100396,レガーリデルソーレ,牝,頼本盛行,,ロードカナロア,2008103552,オールプリュネル,2013105552,ステイゴールド,1994108729,（同）ＪＰＮ技研,前川勝春,19.4,2008.0,2013.0,1994.0
2020105547,タガノルビー,牝,碇清次郎,,シルバーステート,2013105903,フレイミングスカイII,000a0116cb,Red Ransom,000a001c68,崎川美枝子,新冠タガノファーム,19.3,2013.0,2005.0,1987.0
2020106511,メイショウヒナギク,牝,佐藤茂,,マジェスティックウォリアー,000a011e9c,プリンプリンカフェ,2014105587,ネオユニヴァース,2000101426,（株）ランドプロジエ,太陽牧場,19.2,2005.0,2014.0,2000.0
2020106090,フードゥル,牝,金田一昌,,ベルシャザール,2008103004,メイショウランタナ,2008101550,フジキセキ,1992109618,飛彈共栄,佐々木啓文,19.2,2008.0,2008.0,1992.0
2020104685,ラミリーズ,牡,高橋俊之,,バトルプラン,000a0118e8,パーフェクトブルー,2000102924,サンデーサイレンス,000a00033a,津田浩一,原弘之,19.2,2005.0,2000.0,1986.0
2020104390,ワールドナイト,牝,山下貴之,,ワールドエース,2009106353,ホーリーシー,2012106090,タニノギムレット,1999100226,サイプレスホールディングス,武牧場,19.0,2009.0,2012.0,1999.0
2020104101,ヤギリベリル,牡,千葉幸喜,,モーリス,2011100655,ヤギリヴィーナス,2012104279,コンデュイット,2005190006,内田ヤエ子,桑嶋峰雄,18.8,2011.0,2012.0,2005.0
2020106323,ブライトカリン,牝,後藤正義,,ミッキーアイル,2011103916,ブライトチェリー,2010106163,マイネルラヴ,1995108558,徳田直樹,カナイシスタッド,18.5,2011.0,2010.0,1995.0
2020100329,テセラフィリア,牝,石川浩文,,リアルスティール,2012104889,テセラレフィナード,2012100097,ファルブラヴ,1998190004,（株）アプエンテ,萩澤泰博,18.5,2012.0,2012.0,1998.0
2020104307,ルクスシャロン,牝,植松則幸,,ルーラーシップ,2007103143,スマートモニカ,2014104832,ファルブラヴ,1998190004,（株）ファーストビジ,静内山田牧場,18.3,2007.0,2014.0,1998.0
2020105414,テイエムオオジャ,セ,竹之下昭,,ベストウォーリア,2010110127,オーデコロン,2003100594,ボストンハーバー,000a00007c,竹園正繼,つつみ牧場,18.2,2010.0,2003.0,1994.0
2020103115,ラミュロス,牝,矢野久美,,ハービンジャー,000a011996,レッドラミア,2012104402,ディープインパクト,2002100816,小橋亮太,社台ファーム,18.2,2006.0,2012.0,2002.0
2020106378,ワンダフルホーマ,牝,栗林信文,,アメリカンペイトリオット,000a013bba,ルアス,2008100755,タイキシャトル,1994109686,伊橋寿夫,杵臼斉藤牧場,18.0,2013.0,2008.0,1994.0
2020104538,マサアンドマサ,牝,雑賀正光,,ホッコータルマエ,2009100921,ワイルディング,2012103139,ワイルドラッシュ,000a0003a1,飯田正剛,千代田牧場,18.0,2009.0,2012.0,1994.0
2020102905,ステイジョリー,牡,田中伸一,,トーセンラー,2008102985,ステイアライヴ,000a0120f2,Iffraaj,000a0111d1,木村益生,社台ファーム,18.0,2008.0,2008.0,2001.0
2020104453,ワクワクタロー,牡,宇都英樹,,ヴァンセンヌ,2009106525,ワクワクキリシマ,2011100564,ストーミングホーム,1998190003,西村新一郎,田原橋本牧場,17.8,2009.0,2011.0,1998.0
2020101094,キタノオブピース,牡,平山宏秀,,アンライバルド,2006103308,キスミーソフトリー,2010100076,スウェプトオーヴァーボード,000a00fa34,北所拓也,中田牧場,17.8,2006.0,2010.0,1997.0
2020106023,ハクアイカイザー,牡,東眞市,,ルーラーシップ,2007103143,オーデュボンパーク,000a0143cf,Candy Ride,000a01132a,（株）Ｈ．Ｉコーポレ,森永聡,17.6,2007.0,2013.0,1999.0
2020105825,ミツカネサターン,セ,石川浩文,,ミッキーロケット,2013106099,ジュエリスト,2009106421,ダイワメジャー,2001103114,田中誠一,ホース・マネジメント・ボス,17.6,2013.0,2009.0,2001.0
2020102037,ハッピーレオ,牡,池田忠好,,トゥザワールド,2011103975,エピソードレディー,2011103357,ゼンノロブロイ,2000101517,堤保政,坂東ファーム,17.6,2011.0,2011.0,2000.0
2020100207,エスケイペガサス,セ,佐藤浩一,,コパノリッキー,2010106548,レディピアレス,2004103146,Point Given,000a00fdbd,菊池一之,嶋田牧場,17.6,2010.0,2004.0,1998.0
2020107005,エイシンメイラード,牝,三小田幸,,エイシンヒカリ,2011101273,エイシンイソップ,2013103500,フレンチデピュティ,000a00013a,桑原一樹,山田昇史,17.5,2011.0,2013.0,1992.0
2020106262,エイシンメーヴェ,牡,堂山芳則,,エイシンヒカリ,2011101273,エイシンブリード,2014101320,ハーツクライ,2001103038,平井克彦,栄進牧場,17.5,2011.0,2014.0,2001.0
2020105385,パワポケロケット,牝,工藤裕孝,,スピルバーグ,2009105961,ミルククラウン,2003110152,Mr. Greeley,000a00213e,柳原達也,大作ステーブル,17.5,2009.0,2003.0,1992.0
2020104202,ウインフロリゼル,牡,錦見勇夫,,リオンディーズ,2013105915,アステュート,2010102733,アグネスタキオン,1998101516,錦見日出雄,桜井牧場,17.5,2013.0,2010.0,1998.0
2020102743,ファイアーバード,牝,酒井仁,,レインボーライン,2013106183,アフターダーク,2013105410,ワークフォース,000a011a7f,Ｉレーシング（株）,社台ファーム,17.2,2013.0,2013.0,2007.0
2020105195,ウインリージェント,牡,安部幸夫,,サトノダイヤモンド,2013106101,ウインミレーユ,2013101434,ステイゴールド,1994108729,（同）ＪＰＮ技研,コスモヴューファーム,17.1,2013.0,2013.0,1994.0
2020106054,ツキガミ,牡,稻田彰宏,,アドマイヤムーン,2003102991,パリスセイリュウ,2002102055,サクラバクシンオー,1989108341,巴山尊文,山岡牧場,17.0,2003.0,2002.0,1989.0
2020104596,タカイチタルマエ,牡,市村誠,,ホッコータルマエ,2009100921,サムタイムレーター,2003107302,エンドスウィープ,000a00010f,高橋一郎,西村牧場,17.0,2009.0,2003.0,1991.0
2020104699,ターフインワン,牡,瀬戸幸一,,ビーチパトロール,000a0141f9,ユノマニッシュ,2006103103,ホワイトマズル,1990109700,新井原博,原田久司,16.9,2013.0,2006.0,1990.0
2020102255,ジーゲルマン,牝,秋田大助,,ノヴェリスト,000a012230,ジーニアスドール,2012104820,ゼンノロブロイ,2000101517,北原大史,目黒牧場,16.6,2009.0,2012.0,2000.0
2020105532,タガノヴィクター,牡,九日俊光,,デクラレーションオブウォー,000a0136f6,アレキパ,2010103863,スペシャルウィーク,1995103211,崎谷彦司,新冠タガノファーム,16.5,2009.0,2010.0,1995.0
2020103145,サンライズビヨンド,牡,矢作芳人,,リオンディーズ,2013105915,エーティーロゼッタ,2012103843,ディープスカイ,2005101358,ライフハウス,青藍牧場,16.5,2013.0,2012.0,2005.0
2020106621,イルマティック,牡,藤ヶ崎一,,イスラボニータ,2011103565,スモーキークォーツ,2004102209,ヘクタープロテクター,000a000d6b,広瀬将嗣,チェスナットファーム,16.1,2011.0,2004.0,1988.0
2020101987,コタバル,牝,坂口義幸,,カルストンライトオ,1998103333,タケノビジン,2015101791,メイショウボーラー,2001100650,乙訓史樹,日西牧場,16.1,1998.0,2015.0,2001.0
2020107200,マオノカープ,牡,渋谷信博,,フリオーソ,2004106867,タイキクラリス,2006103337,トワイニング,000a000006,湯浅健司,大道牧場,16.0,2004.0,2006.0,1991.0
2020106825,ミットシュラー,牝,笹野博司,,ワールドエース,2009106353,シンメイゲイルス,2006105494,ダンスインザダーク,1993109188,滝沢裕也,北光牧場,16.0,2009.0,2006.0,1993.0
2020106718,メモワールロマン,牡,斎藤雄一,,ミッキーアイル,2011103916,ロマンチックワーク,2014105472,ワークフォース,000a011a7f,増田江利子,ディアレストクラブ,16.0,2011.0,2014.0,2007.0
2020105083,ブレイブシャイン,牝,今井輝和,,ビッグアーサー,2011103328,シャインレジーナ,2006104697,アグネスタキオン,1998101516,紺野光彦,大林ファーム,16.0,2011.0,2006.0,1998.0
2020103767,ミラクルアーサー,牡,岡田一男,,ビッグアーサー,2011103328,ミラクルミジュ,2013105162,ブラックタイド,2001103312,山田信明,ヤマイチ牧場,16.0,2011.0,2013.0,2001.0
2020100467,グランデスパーダ,牡,室井真文,,ダンスディレクター,2010103303,セイントリースカウト,000a010e5d,Saint Ballado,000a00212e,（株）ファーストビジ,三石軽種馬共同育成センター,16.0,2010.0,2002.0,1989.0
2020100292,ドゥラチェレステ,牡,後藤佑耶,,ドゥラメンテ,2012104511,メルジェリーナ,2015104608,ハービンジャー,000a011996,ノルマンディーサラブレッドレーシング,土田ファーム,16.0,2012.0,2015.0,2006.0
2020100051,グランジュテ,牝,大橋敬永,,ワールドエース,2009106353,アデリナ,2016101085,エイシンフラッシュ,2007102951,木戸英世,沖田博志,16.0,2009.0,2016.0,2007.0
2020100376,ヘンデル,牡,森山雄大,,パイロ,000a01176a,スイートザザ,2011109113,スウェプトオーヴァーボード,000a00fa34,ＫＡＪＩＭＯＴＯホールディングス,本桐牧場,15.8,2005.0,2011.0,1997.0
2020100187,イイクニリュウセイ,牡,榎屋充,,アジアエクスプレス,2011110091,フロリアリア,2005101531,マンハッタンカフェ,1998101554,武中進,坂本牧場,15.8,2011.0,2005.0,1998.0
2020109078,アヴェシオン,牝,永田幸宏,,ウインバリアシオン,2008103206,アヴェネンテ,2008101095,ファンタスティックライト,1996190005,宮内隆好,青森ホースファーム,15.7,2008.0,2008.0,1996.0
2020101110,テイエムポピー,牝,竹之下昭,,シャンハイボビー,000a0127e4,トウカイメリー,2009102973,マンハッタンカフェ,1998101554,竹園正繼,二風谷ファーム,15.7,2010.0,2009.0,1998.0
2020104393,オールコートプレス,牝,中野博,,トーセンジョーダン,2006103169,ロビングショット,2008105804,ゼンノロブロイ,2000101517,三岡有香,武牧場,15.4,2006.0,2008.0,2000.0
2020102807,チーズエピ,牡,小野望,,エピファネイア,2010104155,オメガセニョリーナ,2009105814,アグネスタキオン,1998101516,吉田照哉,社台ファーム,15.4,2010.0,2009.0,1998.0
2020100650,エイシンエポック,牡,桧森邦夫,,ブラックタイド,2001103312,エーシンジェネシス,2008101293,Medaglia d'Oro,000a010a65,酒井孝敏,上山牧場,15.4,2001.0,2008.0,1999.0
2020101260,モスコイ,牝,東美義,,スピルバーグ,2009105961,コスモフライハイ,2004101535,ダンスインザダーク,1993109188,桑原一樹,荒井ファーム,15.2,2009.0,2004.0,1993.0
2020100531,ロージードロップ,牝,大垣敏夫,,ビーチパトロール,000a0141f9,ウィズリーガーデン,2013105983,ダイワメジャー,2001103114,遠藤喜和,米田和子,15.2,2013.0,2013.0,2001.0
2020110063,ネフェルウラー,牝,中竹和也,,American Pharoah,000a012aad,Harmony Lodge,000a013f74,ヘネシー,000a000178,加藤誠,Glenvale Stud,15.0,2012.0,1998.0,1993.0
2020105234,ダバイバブシカ,牝,桜田康二,,トビーズコーナー,000a011fed,ヴィーナスゴスペル,2006105470,スペシャルウィーク,1995103211,（株）本城,佐藤静子,15.0,2008.0,2006.0,1995.0
2020104956,カモンザファースト,牡,川野勇馬,,ストロングリターン,2006102934,カモンビューティー,2016105975,ダンカーク,000a012185,中野秀樹,奥山牧場,15.0,2006.0,2016.0,2006.0
2020104557,カレンラグレース,牡,錦見勇夫,,ハービンジャー,000a011996,レインオンザデューン,000a01456b,Frankel,000a01239b,錦見日出雄,飛野牧場,15.0,2006.0,2014.0,2008.0
2020103815,ゴヘンチボーイ,牡,橘友和,,アルデバランII,000a010541,プラトヤヤ,2014103334,タイムパラドックス,1998101683,Ｉレーシング（株）,アフリートファーム,15.0,1998.0,2014.0,1998.0
2020100535,グーチョキパー,牝,池田孝,,トゥザワールド,2011103975,エフヨンエフ,2014103217,ハイアーゲーム,2001103160,米田剛文,米田牧場,15.0,2011.0,2014.0,2001.0
2020100050,ニューカラー,牝,塚田隆男,,ダノンシャーク,2008105554,グランブルー,2009102671,Tiger Hill,1995190004,酒井孝敏,沖田哲夫,15.0,2008.0,2009.0,1995.0
2020109158,カシノクック,牝,北村欣也,,スクワートルスクワート,000a000da4,カシノエルサ,2016109140,ケープブランコ,000a011b06,柏木務,新保孝一,14.8,1998.0,2016.0,2007.0
2020109131,パラポネラ,牡,池田忠好,,バンブーエール,2003104100,トップヴィーナス,2007101828,キングカメハメハ,2001103460,山本将司,本田土寿,14.6,2003.0,2007.0,2001.0
2020102585,エンム,牡,竹下直人,,ハーツクライ,2001103038,ベラポーサ,2013110091,Tapit,000a011248,（株）ファーストビジ,追分ファーム,14.5,2001.0,2013.0,2001.0
2020109063,メモリアル,牡,今津勝之,,ナムラタイタン,2006101408,アルテッツァ,2010104749,アグネスタキオン,1998101516,飯田学,マルシチ牧場,14.4,2006.0,2010.0,1998.0
2020101915,ファストバック,牡,川西毅,,ゴールドシップ,2009102739,サニーアンジェリカ,2004103790,サクラバクシンオー,1989108341,小林英一ホールディングス,出口牧場,14.4,2009.0,2004.0,1989.0
2020109146,ウォークオンエア,牡,土井道隆,,アポロキングダム,2003110139,スウィープイン,2007102256,Sky Mesa,000a010a66,木稲安則,上村利幸,14.0,2003.0,2007.0,2000.0
2020106417,ツリーブランコ,牝,田中正二,,ケープブランコ,000a011b06,カイテキセレブ,2004103930,ティンバーカントリー,000a00035e,木村薫,木村牧場,14.0,2007.0,2004.0,1992.0
2020106113,ウワサノショウヘイ,牡,佐久間雅,,レーヴミストラル,2012104929,スターキャスト,2012104449,ディープインパクト,2002100816,上野耕一,寺井文秀,14.0,2012.0,2012.0,2002.0
2020105896,ジェイウォーリア,牝,川添明弘,,ベストウォーリア,2010110127,フェアリースマイル,2011105320,ジャングルポケット,1998101786,小橋亮太,松木加代,14.0,2010.0,2011.0,1998.0
2020105636,シャラパール,牝,高橋亮,,ハーツクライ,2001103038,ドリームジョブ,000a013887,Dubawi,000a0115e2,ノースヒルズ,ノースヒルズ,14.0,2001.0,2012.0,2002.0
2020105403,レイワシンザン,牡,櫻田康二,,ホッコータルマエ,2009100921,ファイアクリスタル,2013105699,ネオユニヴァース,2000101426,（株）レックス,対馬正,14.0,2009.0,2013.0,2000.0
2020103810,アルファウォーリア,牡,石井勝男,,ベストウォーリア,2010110127,アストロラーベ,2010104128,クロフネ,1998110135,近藤悦子,アフリートファーム,14.0,2010.0,2010.0,1998.0
2020103176,トーアライラック,牝,栗本陽一,,ホッコータルマエ,2009100921,ローゼズガーランド,2009102140,アポインテッドデイ,2001110204,北原大史,トーア牧場,14.0,2009.0,2009.0,2001.0
2020100796,レジェンドナイト,牡,小野望,,ハービンジャー,000a011996,マルハチラブーム,2006100415,キングカメハメハ,2001103460,（有）ファンタストク,鮫川啓一,14.0,2006.0,2006.0,2001.0
2020100129,サインポスト,牝,藪口一麻,,アポロキングダム,2003110139,シシャルディン,2014105694,ステイゴールド,1994108729,徳田直樹,グローリーファーム,14.0,2003.0,2014.0,1994.0
2020101463,フクノヘップバーン,牝,坂口義幸,,ヤマカツエース,2012102774,サンヘレナ,2013106452,パイロ,000a01176a,谷謙介,ケイズ,13.8,2012.0,2013.0,2005.0
2020109050,モリヤトツイキ,牝,桜井今朝,,アルデバランII,000a010541,アイダンスカラー,2004109294,アジュディケーティング,000a000d5d,酒井孝敏,滝沢牧場,13.7,1998.0,2004.0,1987.0
2020101219,マックスアデュー,牡,田嶋弘幸,,ドゥラメンテ,2012104511,ランスタン,2013100019,ダイワメジャー,2001103114,田所英子,天羽牧場,13.6,2012.0,2013.0,2001.0
2020106721,ナンゴクタフネット,セ,角田輝也,,エイシンヒカリ,2011101273,エイシンスイーツ,2014103556,シンボリクリスエス,1999110099,渡義光,富田牧場,13.5,2011.0,2014.0,1999.0
2020103704,ルージュベルメール,牝,川西毅,,エピファネイア,2010104155,レッドファンタジア,2010110012,Unbridled's Song,000a002071,（株）東京ホースレー,ノーザンファーム,13.5,2010.0,2010.0,1993.0
2020102517,トーセンクオーレ,牝,後藤正義,,マクマホン,000a0143ac,トーセンロザリオ,2015110067,Galileo,000a00232b,島川隆哉,エスティファーム,13.5,2014.0,2015.0,1998.0
2020107123,アカラレイア,牝,藤田正治,,トーセンラー,2008102985,ターフジェニック,2010106510,ホワイトマズル,1990109700,（株）ファーストビジ,マリオステーブル,13.3,2008.0,2010.0,1990.0
2020103886,アクティビティ,牡,井上哲,,マツリダゴッホ,2003104570,カリスマテーラー,2006100762,アドマイヤコジーン,1996106512,近藤英二,岡田スタッド,13.2,2003.0,2006.0,1996.0
2020102573,シゲルマティアス,牡,小林義明,,エピファネイア,2010104155,ディーチェ,2014105333,ダイワメジャー,2001103114,鶴谷義雄,追分ファーム,13.2,2010.0,2014.0,2001.0
2020101102,ロックハンドパーク,牝,佐藤英明,,バゴ,2001190004,リージェンツパーク,2014103177,キングズベスト,000a0022d2,小橋亮太,中田牧場,12.8,2001.0,2014.0,1997.0
2020101989,ドナエネルジア,牝,藤ヶ崎一,,ラニ,2013110045,ドナウィンディ,2014106484,フレンチデピュティ,000a00013a,鈴木重夫,日西牧場,12.5,2013.0,2014.0,1992.0
2020105270,ニッキーキャンディ,牝,胡本友晴,,ロジユニヴァース,2006103140,ビバサムシング,2007104455,ムーンバラッド,000a00fe8f,ＭＭＣ,シンカンファーム,12.0,2006.0,2007.0,1999.0
2020103826,ラブチェイス,牝,佐々木功,,レーヴミストラル,2012104929,ツヴィンガー,2013103871,スクリーンヒーロー,2004103328,井上久光,荒谷輝和,12.0,2012.0,2013.0,2004.0
2020103426,ロンドゥジャンブ,牝,山田義人,,ハービンジャー,000a011996,ジョンブドール,2012104643,ステイゴールド,1994108729,森本研太,ノーザンファーム,12.0,2006.0,2012.0,1994.0
2020101991,ハービリア,牝,川島豊,,ビッグアーサー,2011103328,ハービーナ,2015104446,ハービンジャー,000a011996,（株）ファーストビジ,日西牧場,12.0,2011.0,2015.0,2006.0
2020100234,テイエムアンジェロ,牝,平山宏秀,,ルーラーシップ,2007103143,ソリーソアンジェロ,2010104001,ディープインパクト,2002100816,竹園正繼,田上徹,12.0,2007.0,2010.0,2002.0
2020100112,メルロー,牡,打越勇児,,パイロ,000a01176a,モンロー,2014105598,クロフネ,1998110135,カナヤマホールディングス,木田牧場,12.0,2005.0,2014.0,1998.0
2020106935,エナジースイッチ,牡,倉地学,,ダンカーク,000a012185,エナジーピエトラ,2015103388,サウスヴィグラス,1996110138,稲垣誠,宮内牧場,11.9,2006.0,2015.0,1996.0
2020105538,タガノグラジオラス,牝,九日俊光,,デクラレーションオブウォー,000a0136f6,タガノグラマラス,2004100609,スペシャルウィーク,1995103211,崎谷彦司,新冠タガノファーム,11.8,2009.0,2004.0,1995.0
2020106141,エスオールージュ,牝,石川浩文,,サトノクラウン,2012104668,エアカリナン,2009106095,ディープインパクト,2002100816,（同）ＪＰＮ技研,猿倉牧場,11.6,2012.0,2009.0,2002.0
2020102056,チエチャン,牝,瀬戸幸一,,デクラレーションオブウォー,000a0136f6,モリトシラギク,2014102381,クロフネ,1998110135,飛田光大,日高大洋牧場,11.5,2009.0,2014.0,1998.0
2020106824,トキメキセンヒメ,牝,田嶋弘幸,,アドマイヤムーン,2003102991,アジェンダ,2007106729,マンハッタンカフェ,1998101554,上野孝展,北光牧場,11.3,2003.0,2007.0,1998.0
2020105975,マテンロウシップ,牡,坂本和也,,ルーラーシップ,2007103143,フェアノータム,2003102754,アグネスタキオン,1998101516,寺田千代乃,ムラカミファーム,11.2,2007.0,2003.0,1998.0
2020105348,ラプトゥリー,牝,角川秀樹,,キンシャサノキセキ,2003110212,ベネラ,2007104536,フォーティナイナー,000a000134,高樽秀夫,武田牧場,11.2,2003.0,2007.0,1985.0
2020103531,フローラルハニー,牝,川添明弘,,ヘニーヒューズ,000a011155,パッシフローラ,2009106220,ディープインパクト,2002100816,（株）アプエンテ,ノーザンファーム,11.2,2003.0,2009.0,2002.0
2020102513,トーセントゥーリオ,牡,後藤正義,,マクマホン,000a0143ac,トーセンミルキー,2011104012,クロフネ,1998110135,島川隆哉,エスティファーム,11.2,2014.0,2011.0,1998.0
2020101609,イークウェス,牡,山田徹,,デクラレーションオブウォー,000a0136f6,レッドステラーノ,2007105571,アグネスタキオン,1998101516,（株）ＭＲ,下河辺牧場,11.2,2009.0,2007.0,1998.0
2020105463,キーアビリティー,牝,嘉藤貴行,,バンドワゴン,2011104010,キーツヨイ,2002102567,タバスコキャット,000a000348,北前孔一郎,中本牧場,11.0,2011.0,2002.0,1991.0
2020110027,ランドオブサンド,牡,新子雅司,,American Pharoah,000a012aad,Slow Sand,000a01b106,Dixieland Band,000a0017b2,ゴドルフィン,Carhue Investments Grouseridge LTD. & Marengo Investments,10.5,2012.0,2005.0,1980.0
2020105028,エスプリクール,牝,米川昇,,イスラボニータ,2011103565,ノウゼンハレン,2012105155,ブライアンズタイム,000a000082,芳住革二,石郷岡松太郎,10.5,2011.0,2012.0,1985.0
2020104900,スズノキャスター,牝,田口輝彦,,サトノダイヤモンド,2013106101,ウィローパドック,2006103108,クロフネ,1998110135,組）ホースラブ・クラ,三木田牧場,10.5,2013.0,2006.0,1998.0
2020104157,ベルストック,牡,高橋俊之,,タリスマニック,000a013425,ベルシルエット,2012104145,ディープインパクト,2002100816,小林淳一,今牧場,10.4,2013.0,2012.0,2002.0
2020104069,ランドヴァッサー,牝,平山宏秀,,シルバーステート,2013105903,ヒットザトレイル,2010104280,ファスリエフ,000a00fc4c,桑原一樹,神垣道弘,10.4,2013.0,2010.0,1997.0
2020100388,アルトドイチェ,牝,宗綱泰彦,,カレンブラックヒル,2009106230,フローラルジュノー,2003100244,タイキシャトル,1994109686,（同）ＪＰＮ技研,本桐牧場,10.4,2009.0,2003.0,1994.0
2020102667,ジュールヒート,牝,西園正都,,ロードカナロア,2008103552,ジュールポレール,2013105318,ディープインパクト,2002100816,Ｇ１レーシング,社台コーポレーション白老ファーム,10.2,2008.0,2013.0,2002.0
2020105255,タカマキツー,牝,佐藤祐司,,ワールドエース,2009106353,プルマージュ,2006104307,フォーティナイナー,000a000134,後藤順男,渋谷牧場,10.0,2009.0,2006.0,1985.0
2020104387,ローマコンクリート,牝,高橋純,,アドマイヤムーン,2003102991,スリーパール,2013104368,ハービンジャー,000a011996,遠藤喜和,武牧場,10.0,2003.0,2013.0,2006.0
2020104017,ステラート,牡,錦見勇夫,,フリオーソ,2004106867,スターリーオレンジ,2011101445,サウスヴィグラス,1996110138,錦見日出雄,岡野牧場,10.0,2004.0,2011.0,1996.0
2020102521,トーセンカイロス,牡,後藤正義,,トーセンホマレボシ,2009106092,パイアルディーナ,000a01434d,Casamento,000a011be4,島川隆哉,エスティファーム,10.0,2009.0,2014.0,2008.0
2020102497,バービー,牝,佐藤浩一,,フェノーメノ,2009106599,トーセンクリオネ,2008105323,シンボリクリスエス,1999110099,島川隆哉,エスティファーム,10.0,2009.0,2008.0,1999.0
2020106626,ウィマンボ,牝,矢野久美,,インカンテーション,2010104916,ベイルリ,2006102116,スペシャルウィーク,1995103211,原久美子,地興牧場,9.9,2010.0,2006.0,1995.0
2020105690,オリオンザキング,牡,三小田幸,,カレンブラックヒル,2009106230,ポンテペルレ,2002100767,Green Desert,000a0017d2,平本敏夫,ハシモトファーム,9.9,2009.0,2002.0,1983.0
2020103637,エリザベスベイ,牝,目迫大輔,,サトノダイヤモンド,2013106101,ミスティックリップス,000a011d57,ジェネラス,000a000148,アジェンダ（同）,ノーザンファーム,9.8,2013.0,2004.0,1988.0
2020101181,シャイニーダンサー,牝,晴山厚司,,スピルバーグ,2009105961,シャイニーデジタル,2013101199,アグネスデジタル,1997110025,小林昌志,雅牧場,9.8,2009.0,2013.0,1997.0
2020104420,スペリオール,牝,土井道隆,,トーセンラー,2008102985,サクラデイジー,2008100401,サクラローレル,1991103498,岡友則,谷岡スタット,9.7,2008.0,2008.0,1991.0
2020106496,ブルバードソフィア,牝,井上哲,,フリオーソ,2004106867,メモリーソフィア,2006105994,ジェニュイン,1992109450,三原公子,成隆牧場,9.6,2004.0,2006.0,1992.0
2020104907,ハワイアンブルー,牡,伊藤勝己,,オーシャンブルー,2008102978,プラニスフィア,2012101598,ディープスカイ,2005101358,（同）ＪＰＮ技研,三木田牧場,9.6,2008.0,2012.0,2005.0
2020100146,ロードフォーステル,牡,加藤和宏,,ロードカナロア,2008103552,オースオブゴールド,2015104885,オルフェーヴル,2008102636,（株）ファーストビジ,ケイアイファーム,9.6,2008.0,2015.0,2008.0
2020105497,シュガープラム,牝,橘友和,,ダンカーク,000a012185,ハニーハント,2001103448,エンドスウィープ,000a00010f,大田恭充,中山高鹿康,9.5,2006.0,2001.0,1991.0
2020104483,スリラー,牡,宇都英樹,,ブラックタイド,2001103312,ジューンブライド,2006101260,アフリート,000a000013,小橋亮太,千代田牧場,9.2,2001.0,2006.0,1984.0
2020100327,ルシール,牝,瀬戸口悟,,ホッコータルマエ,2009100921,ギタートウショウ,2008100665,アグネスデジタル,1997110025,夏間洋平,萩澤俊雄,9.2,2009.0,2008.0,1997.0
2020106448,ナビー,牝,井樋明正,,バゴ,2001190004,アラビアンパール,2009106515,フジキセキ,1992109618,西隆久,江谷牧場,9.1,2001.0,2009.0,1992.0
2020107091,デジタルテーラー,牡,後藤佑耶,,コパノリッキー,2010106548,フリックフラック,2015101828,エンパイアメーカー,000a010542,豊原純弥,浜本牧場,9.0,2010.0,2015.0,2000.0
2020105882,リトルブレイバー,牡,森山英雄,,ニシケンモノノフ,2011105438,ホリデイインミラノ,2002100579,サンデーサイレンス,000a00033a,松谷翔太,松浦牧場,9.0,2011.0,2002.0,1986.0
2020105725,マンゴーパッション,牝,藤田正治,,メイショウボーラー,2001100650,ヴィヴィアナ,2011104573,ディープスカイ,2005101358,村田滋,ヒカル牧場,9.0,2001.0,2011.0,2005.0
2020105037,フミタツダイアナ,牝,大塚信次,,スピルバーグ,2009105961,ボルジアクイーン,2013101283,ナカヤマフェスタ,2006102424,大黒富美子,石田牧場,9.0,2009.0,2013.0,2006.0
2020103057,ムティアラ,牝,安部幸夫,,モーリス,2011100655,マドモアゼルドパリ,2001103046,サンデーサイレンス,000a00033a,山口謙太郎,社台ファーム,9.0,2011.0,2001.0,1986.0
2020101542,アーリーショベル,牡,安部幸夫,,ダノンシャーク,2008105554,エペルネ,2015101385,ルーラーシップ,2007103143,門野文典,下河辺牧場,9.0,2008.0,2015.0,2007.0
2020101058,サファイアリング,牝,細川忠義,,サトノダイヤモンド,2013106101,ジャズプリンセス,000a0117c2,Bahhare,000a011770,国田正忠,北島牧場,9.0,2013.0,2002.0,1994.0
2020101903,アートオブサウンド,牝,川嶋弘吉,,ドゥラメンテ,2012104511,ロイヤルバラード,000a011a54,Elusive Quality,000a00231f,坂田行夫,チャンピオンズファーム,8.9,2012.0,2006.0,1993.0
2020104514,ラッキーザクラ,牝,菅原欣也,,ビーチパトロール,000a0141f9,ブライダルドレス,2010103007,クロフネ,1998110135,栗山道郎,千代田牧場,8.8,2013.0,2010.0,1998.0
2020103763,マイプリンセス,牝,黒木豊,,ダンカーク,000a012185,ジェンハオサイマ,2003101044,コマンダーインチーフ,000a0000b0,小橋亮太,ヤマイチ牧場,8.8,2006.0,2003.0,1990.0
2020101706,スマートソロモン,牡,菅原欣也,,ヘニーヒューズ,000a011155,スマートアンカー,2013104521,クロフネ,1998110135,（同）ＪＰＮ技研,スマート,8.8,2003.0,2013.0,1998.0
2020100857,アオシロツルバミ,牝,井樋一也,,アドマイヤムーン,2003102991,クロツルバミ,2014103929,スペシャルウィーク,1995103211,扇原毅士,富塚ファーム,8.8,2003.0,2014.0,1995.0
2020106376,シャトンブリヤント,牝,石川浩文,,フリオーソ,2004106867,ヴァンドゥーズ,2014102221,アドマイヤムーン,2003102991,（同）ＪＰＮ技研,杵臼斉藤牧場,8.5,2004.0,2014.0,2003.0
2020100505,ラッキータリスマン,牡,藤ケ崎一,,タリスマニック,000a013425,アグネスターフ,2004101603,アグネスカミカゼ,1993109165,高井孝二,元道牧場,8.5,2013.0,2004.0,1993.0
2020110043,ターキッシュアート,牝,桧森邦夫,,Golden Horn,000a012adf,エンシェントアート,000a0127f1,Monsun,000a010db6,門別敏朗,Godolphin,8.4,2012.0,2008.0,1990.0
2020103734,バージュアルアラブ,牝,安田武広,,キズナ,2010105827,ローマンエンプレス,000a012940,Sadler's Wells,000a00185d,福盛訓之,ノーザンファーム,8.4,2010.0,2006.0,1981.0
2020102633,ヴァリドゥス,牡,川添明弘,,オルフェーヴル,2008102636,ヴァリディオル,2009106431,Dynaformer,000a001dd9,小橋亮太,社台コーポレーション白老ファーム,8.4,2008.0,2009.0,1985.0
2020106030,ルーラーソニオ,牝,中川雅之,,ルーラーシップ,2007103143,トラストニーケー,2012100795,ディープインパクト,2002100816,（有）モリクニ,守矢牧場,8.0,2007.0,2012.0,2002.0
2020103824,メインボード,牡,川添明弘,,グランプリボス,2008103388,キュークッキング,2011101643,マイネルセレクト,1999107196,栗嶋豊明,荒谷輝和,8.0,2008.0,2011.0,1999.0
2020102463,トーセンアデル,牡,佐藤浩一,,ハイランドリール,000a0128f6,ヴーヴフルニ,000a014f4c,Christine's Outlaw,000a014b97,島川隆哉,エスティファーム,8.0,2012.0,2011.0,2000.0
2020101329,セイウンリフレ,牝,山口浩幸,,モンテロッソ,000a011b05,ニシノカザブエ,2011103716,ステイゴールド,1994108729,冨田藤男,沖田牧場,8.0,2007.0,2011.0,1994.0
2020100574,サンマルリアリティ,牡,山田徹,,リアルインパクト,2008103244,ルフィーナ,2015104052,ヴィクトワールピサ,2007102923,相馬勇,市川ファーム,8.0,2008.0,2015.0,2007.0
2020101244,レザン,牝,土井道隆,,ゴールドシップ,2009102739,ファインビンテージ,2003102825,ダンスインザダーク,1993109188,酒井孝敏,新井昭二,7.6,2009.0,2003.0,1993.0
2020109057,タカマキワン,牡,菅原右吉,,ウインバリアシオン,2008103206,マツリダシルヴィ,2003104552,エルコンドルパサー,1995108742,後藤順男,野々宮牧場,7.5,2008.0,2003.0,1995.0
2020106689,モナベリー,牝,錦見勇夫,,ゴールドシップ,2009102739,アロンザモナ,2014101289,ストリートセンス,000a0113a2,（有）大勇,ディアレストクラブ,7.5,2009.0,2014.0,2004.0
2020101821,ストーリーテラー,牝,安部幸夫,,アメリカンペイトリオット,000a013bba,セヴンゴシック,2014102207,ステイゴールド,1994108729,酒井孝敏,ダーレー・ジャパン・ファーム,7.5,2013.0,2014.0,1994.0
2020100932,ララポムドゥテール,牡,山田義人,,サトノクラウン,2012104668,メイショウシズカロ,2014103820,スズカフェニックス,2002107011,川上和彦,ヒダカファーム,7.2,2012.0,2014.0,2002.0
2020110032,ナギ,牡,関本浩司,,ストリートセンス,000a0113a2,Caramel Snap,000a01b115,Smart Strike,000a00211c,吉田啓,Godolphin,7.0,2004.0,2009.0,1992.0
2020109144,ナギサノカゼ,牝,頼本盛行,,ダノンレジェンド,2010110102,ブレーヴスキー,2008101938,ストラヴィンスキー,000a00fa41,神野生男,神野生男,7.0,2010.0,2008.0,1996.0
2020102116,ガオサンチン,牝,瀬戸口悟,,ストゥディウム,2012106362,ピンクキャンドル,2004102992,マヤノトップガン,1992102988,山本国広,藤本直弘,7.0,2012.0,2004.0,1992.0
2020101232,ギアチェンジ,牝,橋本忠明,,トーセンラー,2008102985,マルターズクリス,2006105155,シンボリクリスエス,1999110099,藤田在子,天羽禮治,7.0,2008.0,2006.0,1999.0
2020101018,シンメブルー,牡,榎屋充,,アメリカンペイトリオット,000a013bba,スズカクエーサー,2008106303,ジャングルポケット,1998101786,遠藤喜和,赤石牧場,7.0,2013.0,2008.0,1998.0
2020100601,クリノランボー,牡,西川進也,,レッドファルクス,2011104416,レオティアラ,2004102066,マリエンバード,000a00fa36,栗本八江,王蔵牧場,7.0,2011.0,2004.0,1997.0
2020100361,オオカブキモノ,牡,山田徹,,メイショウサムソン,2003102205,ウキヨエ,2008103063,アグネスタキオン,1998101516,近藤洋司,幌村牧場,7.0,2003.0,2008.0,1998.0
2020100239,ティーティースター,牡,碇清次郎,,キズナ,2010105827,ノバラ,2012103019,マンハッタンカフェ,1998101554,康本利幸,タガミファーム,7.0,2010.0,2012.0,1998.0
2020100123,アイアンマジン,セ,平松徳彦,,ダンカーク,000a012185,アイアンクリッパー,2008103128,ハーツクライ,2001103038,池上一馬,グローリーファーム,7.0,2006.0,2008.0,2001.0
2020106965,ダルマジュン,牝,川添明弘,,アドマイヤムーン,2003102991,オルレアンノオトメ,2007104109,チーフベアハート,1993190010,（株）アプエンテ,ミルファーム,6.8,2003.0,2007.0,1993.0
2020103760,カルストントラスト,牡,竹下太,,リアルインパクト,2008103244,カルストンツバサ,2002103347,オジジアン,000a00025e,小澤徳定,ヤマイチ牧場,6.8,2008.0,2002.0,1983.0
2020106530,メイショウヨツハ,牝,井樋明正,,ホッコータルマエ,2009100921,キンショーオトヒメ,2005106123,マーベラスサンデー,1992103687,佐々木龍駿,多田善弘,6.7,2009.0,2005.0,1992.0
2020102059,ヒーステソーロ,牡,東眞市,,ヴィクトワールピサ,2007102923,レディオスソープ,2008103198,アグネスタキオン,1998101516,了徳寺健二ホールディングス,日高大洋牧場,6.7,2007.0,2008.0,1998.0
2020100612,ダイチストリーム,牡,笹野博司,,トビーズコーナー,000a011fed,ヴァルール,2013102828,ゴールドヘイロー,1997101264,（株）ＭＲ,荻伏服部牧場,6.7,2008.0,2013.0,1997.0
2020106563,ユイホープ,牡,山田徹,,イスラボニータ,2011103565,ノースプリンセス,2003102037,アジュディケーティング,000a000d5d,森本研太,谷川牧場,6.6,2011.0,2003.0,1987.0
2020106420,ハナムネ,牡,中野博,,シビルウォー,2005102317,コリャコリャ,2011106574,ゼンノロブロイ,2000101517,下川正義,木村牧場,6.6,2005.0,2011.0,2000.0
2020102524,トーセンコルネリオ,牡,後藤正義,,トーセンラー,2008102985,フォレガ,000a01434b,Oasis Dream,000a010d4f,島川隆哉,エスティファーム,6.6,2008.0,2014.0,2000.0
2020100416,ニシノギドラー,牡,三小田幸,,サトノアラジン,2011104063,ニシノアスカ,2015101772,ドリームジャーニー,2004102753,安藤浩也,前田ファーム,6.6,2011.0,2015.0,2004.0
2020100267,ハクサンミューズ,牝,加藤和義,,ハクサンムーン,2009102527,アピアリング,2013104961,ステイゴールド,1994108729,河崎五市,田湯牧場,6.4,2009.0,2013.0,1994.0
2020101734,マリンノヤイバ,牡,矢野久美,,エスポワールシチー,2005102837,ジーズドリームス,2011102533,キングカメハメハ,2001103460,川添裕起,高藤茂,6.3,2005.0,2011.0,2001.0
2020106618,ドライチ,牡,大根田裕,,レッドファルクス,2011104416,レッドガナドーラ,2009110038,Bernardini,000a0111fe,藤沼利夫,大道牧場,6.2,2011.0,2009.0,2003.0
2020104395,ナックアロマ,牝,中野博,,ロゴタイプ,2010103783,アルマフローラ,2008102887,ハーツクライ,2001103038,小松欣也,田中裕之,6.2,2010.0,2008.0,2001.0
2020106605,ローリーシェンテ,牝,田中伸一,,トゥザグローリー,2007103265,ネコハッピー,2012105378,サムライハート,2002100996,真中伴典,大道牧場,6.0,2007.0,2012.0,2002.0
2020105334,キョウエイヒルズ,牝,佐藤祐司,,ゴールドアクター,2011105266,ロマンスアンダルザ,2007110105,Barathea,000a000054,佐藤信廣,高橋忍,6.0,2011.0,2007.0,1990.0
2020105191,ウインエリタージュ,牝,井手上慎,,キズナ,2010105827,ウインペイザージュ,2014100238,ダノンシャンティ,2007105709,山口謙太郎,コスモヴューファーム,6.0,2010.0,2014.0,2007.0
2020104767,マックザナイフ,牝,田中伸一,,リオンディーズ,2013105915,ピサノベッテル,2009104149,クロフネ,1998110135,甲原晃,フジワラファーム,6.0,2013.0,2009.0,1998.0
2020104463,カーメルビーチ,牝,東原己俊,,サトノアラジン,2011104063,ヴァタルサイビーチ,2013104459,ゼンノロブロイ,2000101517,小橋亮太,千代田牧場,6.0,2011.0,2013.0,2000.0
2020102557,アモ,牝,東美義,,モーリス,2011100655,サンレガーロ,2008102588,ディープインパクト,2002100816,山本浩司,追分ファーム,6.0,2011.0,2008.0,2002.0
2020102213,テクノストーン,牡,中西達也,,グランプリボス,2008103388,モズアリュール,2012101979,ゴールドアリュール,1999106689,西村健,前野牧場,6.0,2008.0,2012.0,1999.0
2020100722,コンチェッタ,牝,目迫大輔,,ハービンジャー,000a011996,コンケイヴ,000a012956,Colonel John,000a011a41,上山泰憲,高昭牧場,6.0,2006.0,2011.0,2005.0
2020107217,ゴールドフォックス,牡,森山雄大,,サトノアラジン,2011104063,ブルーパラダイス,2015105519,ロードカナロア,2008103552,江川伸夫,新冠川上牧場,5.6,2011.0,2015.0,2008.0
2020106167,アイビーデゼル,牝,桜田康二,,デクラレーションオブウォー,000a0136f6,ヴァバーウエン,000a013e1d,Kitten's Joy,000a0119b3,石坂茂ラボ（株）,スイートファーム,5.6,2009.0,2013.0,2001.0
2020101106,シビッククール,牝,田中淳司,,エピファネイア,2010104155,シビックハート,2012100879,バゴ,2001190004,国枝久美子,二風谷ファーム,5.6,2010.0,2012.0,2001.0
2020105514,ミタケヤマブシ,牡,黒木豊,,トゥザワールド,2011103975,マヤノブリッツ,2011101063,サムライハート,2002100996,中田了也,長浜秀昭,5.5,2011.0,2011.0,2002.0
2020105684,スキダッチ,牝,橘友和,,クリエイターII,000a013630,ファービヨンド,2011100581,ディープスカイ,2005101358,大田恭充,ハシモトファーム,5.2,2013.0,2011.0,2005.0
2020103272,カームリー,牡,佐々木由,,ドゥラメンテ,2012104511,エッジースタイル,2013106141,ハービンジャー,000a011996,小泉修,ノーザンファーム,5.2,2012.0,2013.0,2006.0
2020100030,ネオスウィープ,牝,桜田康二,,コパノリッキー,2010106548,ネバーエンディング,2002100784,エンドスウィープ,000a00010f,西田俊二,小河豊水,5.2,2010.0,2002.0,1991.0
2020106864,ブラックルージュ,牝,井上哲,,ルーラーシップ,2007103143,ギンザボナンザ,2007103127,ゼンノロブロイ,2000101517,伊藤弘泰,三嶋牧場,5.0,2007.0,2007.0,2000.0
2020105972,ベルプリュネル,牝,竹之下昭,,リヤンドファミユ,2010104396,ミティーク,2005105409,ムーンバラッド,000a00fe8f,（同）ＪＰＮ技研,村上進治,5.0,2010.0,2005.0,1999.0
2020103840,サンデンロマン,牝,塚田隆男,,シンボリクリスエス,1999110099,ウエスタンドルチェ,2007100907,マンハッタンカフェ,1998101554,山田春枝,ウエスタンファーム,5.0,1999.0,2007.0,1998.0
2020100672,ブルーカノン,牝,川西毅,,ジャスタウェイ,2009106461,ヴェイパー,000a01389a,Galileo,000a00232b,山崎太嗣,桑田牧場,5.0,2009.0,2008.0,1998.0
2020101704,ノーブルブラッド,牝,倉地学,,ルーラーシップ,2007103143,ローズオットー,2004103143,ダンスインザダーク,1993109188,吉木伸彦,スウィングフィールド牧場,4.9,2007.0,2004.0,1993.0
2020110142,ラピスパイライト,牝,高橋俊之,,American Pharoah,000a012aad,アッシャー,000a01c06b,Harlan's Holiday,000a010cdf,田頭勇貴,Clearsky Farms,4.8,2012.0,2014.0,1999.0
2020103857,テイエムビュビュウ,牝,竹之下昭,,ロゴタイプ,2010103783,マダムメガミ,2003100803,マヤノトップガン,1992102988,竹園正繼,及川ミツ子,4.6,2010.0,2003.0,1992.0
2020100682,スマートマリナ,牝,伊藤勝己,,ブラックタイド,2001103312,スマートオランプ,2014104835,キングズベスト,000a0022d2,（同）ＪＰＮ技研,桑田牧場,4.6,2001.0,2014.0,1997.0
2020106972,ミルクブッシュ,牡,荒巻透,,アメリカンペイトリオット,000a013bba,テルミドール,2011104733,アドマイヤマックス,1999107004,（同）ＪＰＮ技研,ミルファーム,4.5,2013.0,2011.0,1999.0
2020105838,マテキ,牝,井樋明正,,シルバーステート,2013105903,アンケセナーメン,2010106013,ブライアンズタイム,000a000082,小橋亮太,北星村田牧場,4.5,2013.0,2010.0,1985.0
2020103846,ハートヴオーシャン,牝,伊藤勝好,,バゴ,2001190004,スカイノーヴァ,2014105978,ステイゴールド,1994108729,佐々木龍駿,ウエスタンファーム,4.5,2001.0,2014.0,1994.0
2020102155,ペイシャレイ,牝,大橋敬永,,ニシケンモノノフ,2011105438,レイナデアブリル,2009105752,フジキセキ,1992109618,冨田清誠,宝寄山拓樹,4.5,2011.0,2009.0,1992.0
2020104568,ニホンピロシーガー,牡,川嶋弘吉,,サトノクラウン,2012104668,ニホンピロルーラー,2015105998,ルーラーシップ,2007103143,小林英一,友田牧場,4.4,2012.0,2015.0,2007.0
2020102606,レイズザリミッツ,牡,大垣敏夫,,ロードカナロア,2008103552,レッドサン,000a01386f,Monsun,000a010db6,桑原一樹,追分ファーム,4.4,2008.0,2010.0,1990.0
2020103392,ロジザキア,牝,田中淳司,,キズナ,2010105827,ザキア,000a013e41,New Approach,000a011656,久米田正明,ノーザンファーム,4.2,2010.0,2014.0,2005.0
2020103914,チェアアップソング,牡,菅原欣也,,マツリダゴッホ,2003104570,チェアユーアップ,2006100751,エアジハード,1995107978,（同）ＪＰＮ技研,岡田スタッド,4.0,2003.0,2006.0,1995.0
2020101990,カシマテッコン,牡,藤田正治,,リーチザクラウン,2006102923,ニッセイグリーン,2010100862,シンボリクリスエス,1999110099,（株）ファーストビジ,日西牧場,4.0,2006.0,2010.0,1999.0
2020106194,アースジェール,牝,角田輝也,,ハーツクライ,2001103038,ミサキジュエル,2011106557,ネオユニヴァース,2000101426,山口十郎,アイオイファーム,3.6,2001.0,2011.0,2000.0
2020105922,ナイツオブラウンド,牡,今津博之,,エピファネイア,2010104155,ウェストレー,2015104703,オルフェーヴル,2008102636,桑野隆司,村上欽哉,3.6,2010.0,2015.0,2008.0
2020104185,ディオスビエント,牡,中西達也,,マインドユアビスケッツ,000a01392e,キナウ,2011104108,キングカメハメハ,2001103460,西村健,坂本智広,3.6,2013.0,2011.0,2001.0
2020101831,ミストラヴィアータ,牝,荒巻透,,ファインニードル,2013100612,トラヴィアータ,2015101589,Shamardal,000a010c92,（同）ＪＰＮ技研,ダーレー・ジャパン・ファーム,3.6,2013.0,2015.0,2002.0
2020109058,コンチトワダ,牡,桧森邦夫,,アッミラーレ,1997100569,スニーク,2008104121,ティンバーカントリー,000a00035e,（有）フォレブルー,フォレブルー,3.5,1997.0,2008.0,1992.0
2020107034,ピエールバージニア,牝,三宅直之,,ラブリーデイ,2010104298,ヤクマンブルース,2014106330,カネヒキリ,2002100978,（株）オー・エム・ピ,大作ステーブル,3.5,2010.0,2014.0,2002.0
2020102276,ダバイイーグルス,牝,斉藤正弘,,ダノンシャーク,2008105554,シャドウリーフ,2011101126,ヨハネスブルグ,000a0103b9,（株）本城,門別正,3.5,2008.0,2011.0,1999.0
2020101071,サンジャックマン,牡,角田晃一,,リアルスティール,2012104889,サーソーラ,000a0120f9,Dalakhani,000a01098f,加藤ステーブル,清水牧場,3.5,2012.0,2005.0,2000.0
2020100924,ロメリア,牝,土井道隆,,ラブリーデイ,2010104298,ディープアントス,2012103034,ディープインパクト,2002100816,岡友則,ヒダカファーム,3.5,2010.0,2012.0,2002.0
2020100288,ジュビレーション,牝,佐々木由,,リアルインパクト,2008103244,リュシオル,2006103365,クロフネ,1998110135,谷謙介,土田農場,3.5,2008.0,2006.0,1998.0
2020106312,モズテキーラ,牡,武藤敏明,,サトノクラウン,2012104668,マルモレイナ,2014103085,エンパイアメーカー,000a010542,Ｉレーシング（株）,オカモトファーム,3.2,2012.0,2014.0,2000.0
2020102157,ファビュラスエリカ,牝,土井道隆,,アジアエクスプレス,2011110091,エリカスマイル,2010101035,キングカメハメハ,2001103460,酒井孝敏,豊洋牧場,3.2,2011.0,2010.0,2001.0
2020106039,ビッグファイト,牡,古賀光範,,バトルプラン,000a0118e8,クッカ,2015105898,ディープブリランテ,2009105084,西村新一郎,八島夕起子,3.0,2005.0,2015.0,2009.0
2020109042,ドデカハーツ,牡,森山雄大,,ウインバリアシオン,2008103206,バーニングラブ,2004104331,スキャターザゴールド,000a000d99,大田恭充,清水貞信,2.8,2008.0,2004.0,1997.0
2020106652,セツナシュギ,牝,川島雅人,,ダノンレジェンド,2010110102,スズカビンテージ,2006110010,Vindication,000a010544,杉浦和也,辻牧場,2.8,2010.0,2006.0,2000.0
2020104438,リーフカレント,牝,佐々木国,,イスラボニータ,2011103565,ミスウインストン,2011102158,マンハッタンカフェ,1998101554,谷岡康成,谷岡牧場,2.8,2011.0,2011.0,1998.0
2020104428,ファイアストライド,牝,斉藤正弘,,シニスターミニスター,000a011099,サクラステラーノ,2011102167,サクラプレジデント,2000102261,谷岡康成,谷岡牧場,2.8,2003.0,2011.0,2000.0
2020103106,パープルダイヤ,牝,桜田康二,,ハービンジャー,000a011996,レジュールダムール,2007102889,Kingmambo,000a001d7e,木村牧場,社台ファーム,2.8,2006.0,2007.0,1990.0
2020101954,リアルガチ,牡,佐藤祐司,,グレーターロンドン,2012101402,パラダイスコースト,2006110099,Fusaichi Pegasus,000a0022cf,村田愼哉,ナカノファーム,2.8,2012.0,2006.0,1997.0
2020101076,ララファンファーレ,牝,石川栄,,ハービンジャー,000a011996,ラッキーレディ,2010104688,ネオユニヴァース,2000101426,子安裕樹,清水牧場,2.8,2006.0,2010.0,2000.0
2020103856,キタノマリリン,牝,水野善太,,ヤマカツエース,2012102774,リキアイノキセキ,2002104395,フジキセキ,1992109618,冨田清誠,漆原武男,2.5,2012.0,2002.0,1992.0
2020106163,ドンタッチミー,牝,森山英雄,,エイシンフラッシュ,2007102951,ヤマホトトギス,2011106308,サクラプレジデント,2000102261,江川伸夫,清水スタッド,2.2,2007.0,2011.0,2000.0
2020106070,メロディックスカイ,牝,後藤佑耶,,カレンブラックヒル,2009106230,トスカーナ,2008105797,Medicean,000a010a19,山口謙太郎,ラッキー牧場,2.2,2009.0,2008.0,1997.0
2020104565,ニホンピロアレイ,牝,川嶋弘吉,,ノヴェリスト,000a012230,ニホンピロオーロラ,2010103091,マンハッタンカフェ,1998101554,小林英一,友田牧場,2.2,2009.0,2010.0,1998.0
2020102421,リノプルミエール,牝,藤田正治,,トーセンラー,2008102985,ダイメイロッコウ,2013105020,ロッコウオロシ,2008110119,組）リノレーシング,池本久志,1.8,2008.0,2013.0,2008.0
2020700002,バルーンヒダカの2020,牝,,,ヴィクトリーヒダカ,2011700008,バルーンヒダカ,2011700003,デザートショット,000a00f777,,井上潔,0.0,2011.0,2011.0,1995.0
2020700001,ビケンの2020,牡,,,アマール,2008700002,ビケン,1997700003,グレイスコーサー,1992700001,,片山彰,0.0,2008.0,1997.0,1992.0
2020500001,シュクオトの2020,牡,,,フジナミカイドウ,2001500400,シュクオト,2011502003,オーシャンキング,1993500843,,宮内庁御料牧場,0.0,2001.0,2011.0,1993.0
2020190006,ドックランズ,牡,ユースタ,,Massaat,000a012ee8,Icky Woo,000a02114c,Mark of Esteem,000a002097,Ｏ．Ｔ．Ｉ．Ｒａｃｉｎｇ,Mickley Stud,0.0,2013.0,2004.0,1993.0
2020190005,ゴリアット,セ,グラファ,,Adlerflug,000a012caf,Gouache,000a020c4b,Shamardal,000a010c92,レゾリュート・ブラッドストック＆Ｐ．ウルマン男爵,Gestut Schlenderhan,0.0,2004.0,2012.0,2002.0
2020190004,ファンタスティックムーン,牡,シュタイ,,Sea The Moon,000a012696,Frangipani,000a01f7eb,Jukebox Jury,000a01533f,リバティレーシング２０２１,Graf und Grafin Von Stauffenberg,0.0,2011.0,2014.0,2006.0
2020190003,オーギュストロダン,牡,オブライ,,ディープインパクト,2002100816,ロードデンドロン,000a013e23,Galileo,000a00232b,Ｍ．テイバーＤ．スミスＪ．マグニア夫人＆ヴェス,Coolmore,0.0,2002.0,2014.0,1998.0
2020190001,コンティニュアス,牡,オブライ,,ハーツクライ,2001103038,フラッフ,000a013872,Galileo,000a00232b,,,0.0,2001.0,2012.0,1998.0
2020110150,トモダチ,牡,中内田充,,Mendelssohn,000a014f32,Grace Is Gone,000a01c0d0,Malibu Moon,000a010c8e,山紫水明,Marcus Stables LLC,0.0,2015.0,2012.0,1997.0
2020110143,リリーミストレス,牝,矢野英一,,Tapwrit,000a0139d5,Roman Mistress,000a01c0be,Fusaichi Pegasus,000a0022cf,ノルマンディーサラブレッドレーシング,Whisper Hill Farm LLC,0.0,2014.0,2006.0,1997.0
2020110139,ラピッドクイーン,牝,高橋義忠,,Invincible Spirit,000a01056d,Seeharn,000a01c08c,Pivotal,000a002328,福盛訓之,Pier House Stud & Martinstown,0.0,1997.0,2008.0,1993.0
2020110138,レッドカフラー,牡,上村洋行,,American Pharoah,000a012aad,A. P. Dream,000a01bdc4,A.P. Indy,000a001d37,東京ホースレーシング,Kinsman Farm,0.0,2012.0,2004.0,1989.0
2020110125,ルージュベノワ,牝,友道康夫,,Kingman,000a0124ab,Wonderfully,000a01bdc6,Galileo,000a00232b,東京ホースレーシング,,0.0,2011.0,2011.0,1998.0
2020110124,ルージュカプシーヌ,牝,藤原英昭,,Kingman,000a0124ab,River Belle,000a013f80,Lahib,000a0020d4,東京ホースレーシング,Mrs C. R. Philipson & Mrs H. G. Lascelle,0.0,2011.0,2001.0,1988.0
2020110113,デフィレデモード,牝,蛯名正義,,Fastnet Rock,000a010601,Fashionable,000a01490d,Nashwan,000a001ce7,前田幸治,Ross Moorhead,0.0,2001.0,2002.0,1986.0
2020110102,ソラカラノチカラ,牡,森秀行,,Justify,000a013f2d,Stayclassysandiego,000a01bde3,Rockport Harbor,000a0111ff,藤田晋,Nancy C. Shuford,0.0,2015.0,2009.0,2002.0
2020110099,リブバイナイト,牝,佐野謙二,,U S Navy Flag,000a01a7a0,Anthracite,000a01be01,Redoute's Choice,000a00fe93,野村茂雄,Ecurie Haras de Saint Vincent,0.0,2015.0,2014.0,1996.0
2020110088,アンデルセン,牝,,,Kingman,000a0124ab,デインドリーム,2008190004,Lomitas,000a00fe91,,Teruya Yoshida,0.0,2011.0,2008.0,1988.0
2020110078,ヴァンビスタ,牝,矢作芳人,,Justify,000a013f2d,Vanquished,000a01bce9,エンパイアメーカー,000a010542,ＤＭＭドリームクラブ,Forging Oaks Farm,0.0,2015.0,2005.0,2000.0
2020110071,エレガントメイデン,牝,石橋満,,American Pharoah,000a012aad,Sunshine for Life,000a01bce1,Giant's Causeway,000a0022e1,福盛訓之,Jane Schosberg,0.0,2012.0,2004.0,1997.0
2020110066,ガルミッシュ,牡,松永幹夫,,Uncle Mo,000a011ffb,フィドゥーシア,2012110038,Medaglia d'Oro,000a010a65,前田幸大,North Hills Co. Limited,0.0,2008.0,2012.0,1999.0
2020110064,エメトアムール,牝,友道康夫,,Union Rags,000a012d4c,Trensa,000a01327d,Giant's Causeway,000a0022e1,中村祐子,Helen K. Groves Revocable Trust,0.0,2009.0,2004.0,1997.0
2020110061,プリンクアップ,牝,藤岡健一,,Cracksman,000a0137be,Princess Lala,000a013d19,Royal Dragon,000a012378,ゴドルフィン,David u.Hans-Peter Schon,0.0,2014.0,2006.0,1998.0
2020110045,ミカサエスカサ,牝,林徹,,New Approach,000a011656,Ishitaki,000a01490f,Interprete,000a00205c,ゴドルフィン,Godolphin,0.0,2005.0,2006.0,1988.0
2020110038,ラブソル,牝,松永幹夫,,Frankel,000a01239b,ラルク,2013106126,ディープインパクト,2002100816,インゼルレーシング,Keiffers Co Ltd,0.0,2008.0,2013.0,2002.0
2020110037,ザプリティーアスク,牝,中内田充,,Kingman,000a0124ab,プリティーレディー,2015101417,エンパイアメーカー,000a010542,廣崎利洋,Hirosaki Toshihiro HD Inc.,0.0,2011.0,2015.0,2000.0
2020110019,ジョイフルアクト,牝,加藤征弘,,Kitten's Joy,000a0119b3,ジョイニキータ,000a01b0f8,Fortify,000a015fd3,社台レースホース,Shadai Farm,0.0,2001.0,2015.0,2010.0
2020110018,ルージュアテナ,牝,庄野靖志,,Tapiture,000a01a97d,インフレイムド,000a01b0f7,Unusual Heat,000a0118fe,東京ホースレーシング,Teruya Yoshida,0.0,2011.0,2010.0,1990.0
2020110017,シャスティフォル,牡,友道康夫,,Nathaniel,000a011bdb,コンシダレイト,000a01a8e7,Dansili,000a010a5f,インゼルレーシング,Ecurie Des Charmes,0.0,2008.0,2010.0,1996.0
2020110004,フジマサグッド,牡,菊川正達,,Good Samaritan,000a01a803,ビヴァレッジクイーン,000a01a818,Indygo Shiner,000a011798,藤原正一,Beverage Queen Syndicate,0.0,2014.0,2010.0,1998.0
2020109165,セレクティッド,牡,田島寿一,,ケイムホーム,000a0108d1,スティルヘブン,2007100887,チーフベアハート,1993190010,（株）吉永ファーム,吉永ファーム,0.0,1999.0,2007.0,1993.0
2020109163,モネプリンセス,牝,井樋明正,,ケイムホーム,000a0108d1,プルメリアチャーム,2007102788,キングカメハメハ,2001103460,服部文明,服部文明,0.0,1999.0,2007.0,2001.0
2020109162,サプライズミルキー,牝,鮫島克也,,ケイムホーム,000a0108d1,オペレッタ,2015105835,ステイゴールド,1994108729,伊勢光,服部文明,0.0,1999.0,2015.0,1994.0
2020109161,ダンシングヒーロー,牡,本間忍,,ケイムホーム,000a0108d1,アイディンビュー,2010103392,バブルガムフェロー,1993109219,フェニックスレーシング,長谷川牧場,0.0,1999.0,2010.0,1993.0
2020109152,テイエムイッキュウ,セ,平山宏秀,,アドマイヤマックス,1999107004,テイエムヒスイ,2003102102,テイエムオペラオー,1996100292,竹園正繼,テイエム牧場,0.0,1999.0,2003.0,1996.0
2020109147,カシノロマネ,牝,古賀光範,,ケイムホーム,000a0108d1,トシザキミ,2011105539,ジャイアントレッカー,000a01151b,柏木務,上村利幸,0.0,1999.0,2011.0,2002.0
2020109145,レインリリー,牝,藤沢則雄,,ダノンシャーク,2008105554,ワイルドリリー,1999110266,Wild Again,000a00185f,野村茂雄,神野生男,0.0,2008.0,1999.0,1980.0
2020109143,カシノラガマフィン,牡,,,ケイムホーム,000a0108d1,カシノワルツ,2010105716,ローエングリン,1999106738,,柏木務,0.0,1999.0,2010.0,1999.0
2020109128,コチョウサンの2020,牡,,,バゴ,2001190004,コチョウサン,2011102006,クロフネ,1998110135,,本田土寿,0.0,2001.0,2011.0,1998.0
2020109127,マダナゾナノダゾ,牝,北村欣也,,ケイムホーム,000a0108d1,イマヒトタビノ,2014103428,スマートファルコン,2005100097,内田玄祥,本田土寿,0.0,1999.0,2014.0,2005.0
2020109125,イチザラブオー,牡,的場均,,パドトロワ,2007102760,イチザラブ,2012103752,タイムパラドックス,1998101683,奈良崎孝一郎,奈良崎孝一郎,0.0,2007.0,2012.0,1998.0
2020109123,ロイヤルシフォンの2020,牡,,,ロードバリオス,2005104227,ロイヤルシフォン,2009100818,ダイワメジャー,2001103114,,竹原孝昭,0.0,2005.0,2009.0,2001.0
2020109119,リュウゼン,牡,,,ゴールスキー,2007102676,ヒラボクハッピー,2011102226,タイキシャトル,1994109686,,ストームファームコーポレーション,0.0,2007.0,2011.0,1994.0
2020109116,オランジェットの2020,牝,,,タリスマニック,000a013425,オランジェット,2012104178,ハービンジャー,000a011996,,ストームファームコーポレーション,0.0,2013.0,2012.0,2006.0
2020109112,キヨハル,牡,大垣敏夫,,ケイムホーム,000a0108d1,ジョニーギター,2012103414,ヴァーミリアン,2002100877,南里義彦,片山建治,0.0,1999.0,2012.0,2002.0
2020109111,グレースホーム,牝,手島勝利,,ケイムホーム,000a0108d1,グレースランド,1998101676,トニービン,1983109006,片山建治,片山建治,0.0,1999.0,1998.0,1983.0
2020109110,ホクソウキャラメル,牝,栗田裕光,,グランシルク,2012104915,ツクバクリコ,2008106240,ゴールドアリュール,1999106689,林作一,北総ファーム,0.0,2012.0,2008.0,1999.0
2020109105,キャプテンエース,牡,鈴木伸尋,,マクフィ,000a011c77,メイロビン,2015109094,キングヘイロー,1995104427,千明牧場,千明牧場,0.0,2007.0,2015.0,1995.0
2020109104,マスターパペット,セ,水野貴広,,レッドファルクス,2011104416,メイラヴィーン,2014109098,ファルブラヴ,1998190004,千明牧場,千明牧場,0.0,2011.0,2014.0,1998.0
2020109100,メイグローリア,牝,大竹正博,,ダンカーク,000a012185,メイグランデ,2014105722,マンハッタンカフェ,1998101554,千明牧場,千明牧場,0.0,2006.0,2014.0,1998.0
2020109090,テイケイヴィエント,牡,山口浩幸,,イスラボニータ,2011103565,ジャストザマリン,2014109096,ディープブリランテ,2009105084,兼松忠男,恵比寿興業株式会社那須野牧場,0.0,2011.0,2014.0,2009.0
2020109083,センレツ,牡,佐藤雅彦,,トゥザワールド,2011103975,ティヴォリオベーネ,2015104213,ローエングリン,1999106738,内藤正生,内藤牧場,0.0,2011.0,2015.0,1999.0
2020109080,コンチアリノベ,牝,,,ヴァンセンヌ,2009106525,ケージーナデシコ,2010105333,クロフネ,1998110135,,フォレブルー,0.0,2009.0,2010.0,1998.0
2020109077,サランサランサラン,牝,山越光,,アルデバランII,000a010541,ヒダカビジン,2002104833,フジキセキ,1992109618,牧野好行,早坂牧場,0.0,1998.0,2002.0,1992.0
2020109075,ギンギラリン,牝,雑賀正光,,パドトロワ,2007102760,オーバーザレインボ,2008101530,ダンスインザダーク,1993109188,小橋亮太,菅井澄,0.0,2007.0,2008.0,1993.0
2020109059,コンチヨモダ,牝,桧森邦夫,,ファインニードル,2013100612,バトナージュ,2012100646,ステイゴールド,1994108729,（有）フォレブルー,フォレブルー,0.0,2013.0,2012.0,1994.0
2020109056,タイムオブカインド,牝,東美義,,グランデッツァ,2009105989,ベネチアンテンズ,1999103548,クリスタルグリッターズ,000a0000c0,吉武章,野々宮牧場,0.0,2009.0,1999.0,1980.0
2020109055,カミフジ,牡,嶋田幸晴,,ウインバリアシオン,2008103206,ナリタメロディ,2011100411,シンボリクリスエス,1999110099,佐竹徹,野々宮牧場,0.0,2008.0,2011.0,1999.0
2020109053,Throttleの2020,牝,,,アルデバランII,000a010541,Throttle,000a00fc99,A.P. Indy,000a001d37,,長谷地義正,0.0,1998.0,1996.0,1989.0
2020109052,ブラッドタイプビー,セ,根本康広,,スウィフトカレント,2001103189,シフォンベール,2003102545,El Prado,000a001fb5,三岡陽,長谷地義正,0.0,2001.0,2003.0,1989.0
2020109051,ブラウヴァルト,牡,松浦裕之,,イスラボニータ,2011103565,エリーゼパレス,000a0116c9,キングズベスト,000a0022d2,阿部武士,谷川ファーム,0.0,2011.0,2005.0,1997.0
2020109047,ディヴァインアロー,牡,昆貢,,タリスマニック,000a013425,チャンドラプラバー,2012104592,アドマイヤムーン,2003102991,ノルマンディーサラブレッドレーシング,諏訪牧場,0.0,2013.0,2012.0,2003.0
2020109041,ヨンハの2020,牝,,,ウインバリアシオン,2008103206,ヨンハ,2011109046,ヨハネスブルグ,000a0103b9,,佐々木牧場,0.0,2008.0,2011.0,1999.0
2020109040,ローザクイン,牝,,,アルデバランII,000a010541,タイセイローザ,2007103894,キングカメハメハ,2001103460,,佐々木牧場,0.0,1998.0,2007.0,2001.0
2020109038,ショーネノー,牡,鈴木伸尋,,モーリス,2011100655,ブラックシップ,2006104432,クロフネ,1998110135,吉冨学,久保ファーム,0.0,2011.0,2006.0,1998.0
2020109037,キタエルピーダ,牡,金田一昌,,ケープブランコ,000a011b06,リキサンエルピーダ,2011101481,ネオユニヴァース,2000101426,北村守彦,北村牧場,0.0,2007.0,2011.0,2000.0
2020109035,キタマカロン,牝,鹿沼良和,,デクラレーションオブウォー,000a0136f6,ケイワンスイート,2006109146,キャプテンスティーヴ,000a000d9d,北村守彦,北村牧場,0.0,2009.0,2006.0,1997.0
2020109030,セイオウ,牡,小牧毅,,ビーチパトロール,000a0141f9,ソトーグラシオ,2008103122,アグネスタキオン,1998101516,伊藤永二郎,風ノ丘ファーム,0.0,2013.0,2008.0,1998.0
2020109023,シゲルダンヤバードの2020,牝,,,アルデバランII,000a010541,シゲルダンヤバード,2004105178,ボストンハーバー,000a00007c,,大前典男,0.0,1998.0,2004.0,1994.0
2020109022,タイムオブトゥルー,牡,平山宏秀,,デビッドジュニア,000a010ea9,イチバンノヒカリ,2009109031,サニングデール,1999109275,吉武章,大前典男,0.0,2002.0,2009.0,1999.0
2020109020,ネオシアリーズの2020,牝,,,スノードラゴン,2008104268,ネオシアリーズ,2009105967,デュランダル,1999106756,,太田ファーム,0.0,2008.0,2009.0,1999.0
2020109018,モズツドイの2020,牡,,,グランプリボス,2008103388,モズツドイ,2013103581,クロフネ,1998110135,,伊藤牧場,0.0,2008.0,2013.0,1998.0
2020109017,アイランドルビーの2020,牝,,,バゴ,2001190004,アイランドルビー,2016106129,グランプリボス,2008103388,,伊藤牧場,0.0,2001.0,2016.0,2008.0
2020109016,ユメノハコブネの2020,牡,,,ホッコータルマエ,2009100921,ユメノハコブネ,2004101237,クロフネ,1998110135,,一山育成牧場,0.0,2009.0,2004.0,1998.0
2020109015,モエレメルシーの2020,牝,,,ヴィクトワールピサ,2007102923,モエレメルシー,2005104512,マジックマイルズ,000a000d4c,,一山育成牧場,0.0,2007.0,2005.0,1985.0
2020109013,ミュークレア,牝,稲垣幸雄,,ヴィクトワールピサ,2007102923,ホットレッグス,2003102468,Galileo,000a00232b,庄司紫紀,石田英機,0.0,2007.0,2003.0,1998.0
2020109005,ゴールデンティアラの2020,牡,,,バゴ,2001190004,ゴールデンティアラ,2013101769,ハーツクライ,2001103038,,荒谷牧場,0.0,2001.0,2013.0,2001.0
2020107220,パミーナコラッジョの2020,牡,,,フリオーソ,2004106867,パミーナコラッジョ,2013101527,ダイワメジャー,2001103114,,宝寄山拓樹,0.0,2004.0,2013.0,2001.0
2020107218,ミニクイアヒルノコ,牝,堂山芳則,,ラニ,2013110045,グレンチェック,2006106743,スターリングローズ,1997106560,藤本直弘,藤本直弘,0.0,2013.0,2006.0,1997.0
2020107210,アンシャンテルールの2020,牝,,,エイシンヒカリ,2011101273,アンシャンテルール,2008106728,キングヘイロー,1995104427,,マリオステーブル,0.0,2011.0,2008.0,1995.0
2020107209,ワンダーカインド,牡,石橋守,,ヴァンセンヌ,2009106525,ワンダーフロレゾン,2010101573,アルデバランII,000a010541,山本能成,フクダファーム,0.0,2009.0,2010.0,1998.0
2020107207,ワンダーナラティブ,牡,今野貞一,,ケープブランコ,000a011b06,ワンダーエレメント,2008104033,ボストンハーバー,000a00007c,山本能成,フクダファーム,0.0,2007.0,2008.0,1994.0
2020107205,キントギン,牡,宗綱泰彦,,パイロ,000a01176a,ラヴィアージュ,2011103441,クロフネ,1998110135,小島將之,山田政宏,0.0,2005.0,2011.0,1998.0
2020107204,アルアイジ,牝,,,ベストウォーリア,2010110127,サクラマシェリ,2008100255,キングカメハメハ,2001103460,,海馬沢明,0.0,2010.0,2008.0,2001.0
2020107198,パトリオットウィン,牡,,,アメリカンペイトリオット,000a013bba,シャドウスペル,2012105309,ダンスインザダーク,1993109188,,成隆牧場,0.0,2013.0,2012.0,1993.0
2020107194,ザレットイットビー,牡,梅田智之,,ジャスタウェイ,2009106461,ニシノプルメリア,2006102600,シングスピール,1992190005,廣崎利洋ＨＤ,マリオステーブル,0.0,2009.0,2006.0,1992.0
2020107192,ステムアロー,牡,,,ファインニードル,2013100612,ポッドマロン,2012102693,ネオユニヴァース,2000101426,,マリオステーブル,0.0,2013.0,2012.0,2000.0
2020107189,アスクビックヴァン,牡,中舘英二,,エイシンヒカリ,2011101273,ハツガツオ,2011104643,パラダイスクリーク,1989109110,廣崎利洋,マリオステーブル,0.0,2011.0,2011.0,1989.0
2020107188,ボンフィール,牝,小桧山悟,,モンテロッソ,000a011b05,シーサイドチャペル,2013105543,シンボリクリスエス,1999110099,宮崎金造,マリオステーブル,0.0,2007.0,2013.0,1999.0
2020107186,コパカバーナアスク,牝,,,シルバーステート,2013105903,リスティアアスリー,2001101659,スピニングワールド,000a000325,,川上牧場,0.0,2013.0,2001.0,1993.0
2020107185,アスクトニーロッソ,牡,梅田智之,,モンテロッソ,000a011b05,ディーズプリンセス,2009106904,ゴールドアリュール,1999106689,廣崎利洋ＨＤ,川上牧場,0.0,2007.0,2009.0,1999.0
2020107183,シャインルピナス,牝,小桧山悟,,トーセンラー,2008102985,サダムアカイカゼ,2003106203,ブライアンズタイム,000a000082,大久保典義,川上牧場,0.0,2008.0,2003.0,1985.0
2020107181,ベッロ,牡,山口竜一,,マクフィ,000a011c77,ゴールデンターキン,2014103686,ネオユニヴァース,2000101426,西森功,宝寄山拓樹,0.0,2007.0,2014.0,2000.0
2020107179,シゲルビクトリウム,牡,九日俊光,,タリスマニック,000a013425,サパス,000a010b3f,Kingmambo,000a001d7e,森中啓子,村上進治,0.0,2013.0,2002.0,1990.0
2020107177,カームマインド,牝,松永康利,,ファインニードル,2013100612,ピンクトルマリン,2006110137,Fusaichi Pegasus,000a0022cf,田頭勇貴,日西牧場,0.0,2013.0,2006.0,1997.0
2020107175,オレゴノミ,牡,加藤和宏,,フェノーメノ,2009106599,アナタゴノミ,2001105672,デヒア,000a0000df,スピードファーム,田中裕之,0.0,2009.0,2001.0,1991.0
2020107173,スペロ,牝,矢野英一,,インカンテーション,2010104916,ビクトリアクロス,2007101476,ヘクタープロテクター,000a000d6b,Ｇリビエール・レーシング,グラストレーニングセンター,0.0,2010.0,2007.0,1988.0
2020107172,バクニョウ,牝,奥平雅士,,バゴ,2001190004,ヒデノヒロイン,2011106585,クロフネ,1998110135,内田玄祥,グラストレーニングセンター,0.0,2001.0,2011.0,1998.0
2020107167,マルモリプリンセスの2020,牡,,,ワールドエース,2009106353,マルモリプリンセス,2013103037,スウィフトカレント,2001103189,,センチュリースタッドファーム,0.0,2009.0,2013.0,2001.0
2020107166,マルモリキャンディの2020,牝,,,トゥザワールド,2011103975,マルモリキャンディ,2014106297,エイシンサンディ,1993103280,,センチュリースタッドファーム,0.0,2011.0,2014.0,1993.0
2020107161,エイシンケーニッヒ,牡,今津博之,,エイシンヒカリ,2011101273,ムザヤダ,000a0123d9,Monsun,000a010db6,平井克彦,栄進牧場,0.0,2011.0,2008.0,1990.0
2020107153,レイゲンアラタ,牡,,,ファインニードル,2013100612,メイショウアモーレ,2002103294,タイキシャトル,1994109686,,絵笛牧場,0.0,2013.0,2002.0,1994.0
2020107151,レディーアスリート,牝,,,シニスターミニスター,000a011099,プロジェクション,2013105621,メイショウサムソン,2003102205,,安達牧場,0.0,2003.0,2013.0,2003.0
2020107141,リゼタイムスの2020,牝,,,モンテロッソ,000a011b05,リゼタイムス,2011100288,ブライアンズタイム,000a000082,,マリオステーブル,0.0,2007.0,2011.0,1985.0
2020107140,バジガクセレネ,牝,久保秀男,,モンテロッソ,000a011b05,グッドモーメント,2015106459,ゴールドアリュール,1999106689,（株）馬事学院,マリオステーブル,0.0,2007.0,2015.0,1999.0
2020107139,スカイウイングス,牡,小桧山悟,,ネオユニヴァース,2000101426,レヴリ,2002107654,ホワイトマズル,1990109700,野田清水,川上牧場,0.0,2000.0,2002.0,1990.0
2020107136,ポッドローザの2020,牝,,,モンテロッソ,000a011b05,ポッドローザ,2010103675,ホワイトマズル,1990109700,,川上牧場,0.0,2007.0,2010.0,1990.0
2020107130,ミタイナの2020,牝,,,エイシンヒカリ,2011101273,ミタイナ,2012110104,Denman,000a012638,,坂本智広,0.0,2011.0,2012.0,2006.0
2020107125,カーティバルの2020,牡,,,アドマイヤムーン,2003102991,カーティバル,2015100561,ロードカナロア,2008103552,,坂本智広,0.0,2003.0,2015.0,2008.0
2020107124,ビネッサ,セ,中竹和也,,ホッコータルマエ,2009100921,カンポデフィオーリ,2014105809,ゼンノロブロイ,2000101517,コージーレーシング,坂本智広,0.0,2009.0,2014.0,2000.0
2020107122,サトマキコバコミ,牝,小野寺晋,,サトノアラジン,2011104063,ルトルヴェール,2012104894,ステイゴールド,1994108729,（有）ジェムインター,川上牧場,0.0,2011.0,2012.0,1994.0
2020107114,サンライズアップ,牡,森山雄大,,モンテロッソ,000a011b05,ギャラリスト,2012104529,ハービンジャー,000a011996,江川伸夫,川上牧場,0.0,2007.0,2012.0,2006.0
2020107108,バーチャミ,牝,土田稔,,メジロダイボサツ,2008102525,サンシャワー,2014102389,Candy Ride,000a01132a,諸岡慶,北田剛,0.0,2008.0,2014.0,1999.0
2020107104,プシュケの2020,牡,根本康広,,レッドファルクス,2011104416,プシュケ,2016105635,ノヴェリスト,000a012230,広尾レース,木村秀則,0.0,2011.0,2016.0,2009.0
2020107101,セレスティアルの2020,牡,,,アジアエクスプレス,2011110091,セレスティアル,2007103128,アグネスタキオン,1998101516,,山田政宏,0.0,2011.0,2007.0,1998.0
2020107088,デラマーノキセキ,牝,植松則幸,,カリフォルニアクローム,000a012602,デラマー,000a015971,Into Mischief,000a0125a7,小橋亮太,浜本牧場,0.0,2011.0,2015.0,2005.0
2020107087,グアディアナ,牝,,,リオンディーズ,2013105915,ディスコルディア,2012104507,ウォーエンブレム,000a00fa35,,浜本牧場,0.0,2013.0,2012.0,1999.0
2020107074,アドルナメンテの2020,牡,,,デクラレーションオブウォー,000a0136f6,アドルナメンテ,2013105787,ワークフォース,000a011a7f,,浜本牧場,0.0,2009.0,2013.0,2007.0
2020107071,クイーンロッソ,牝,,,モンテロッソ,000a011b05,グリッツェルン,2005101360,マンハッタンカフェ,1998101554,,ノースガーデン,0.0,2007.0,2005.0,1998.0
2020107070,キクノルッカの2020,牝,,,ディスクリートキャット,000a0113a1,キクノルッカ,2016101271,ロードカナロア,2008103552,,ノースガーデン,0.0,2003.0,2016.0,2008.0
2020107068,ハイマウンテンの2020,牝,,,コパノリチャード,2010106552,ハイマウンテン,2010100784,アルデバランＩＩ,000a010541,,高澤正幸,0.0,2010.0,2010.0,1998.0
2020107065,ラブリーハルアキ,牡,高橋清顕,,バーディバーディ,2007100567,リサイトアチャーム,2004103235,アグネスタキオン,1998101516,村田大作,レジェンドファーム,0.0,2007.0,2004.0,1998.0
2020107064,バジガクブルローネ,牡,今井輝和,,モンテロッソ,000a011b05,ジュンナルトー,2012104818,ゴールドアリュール,1999106689,（株）馬事学院,レジェンドファーム,0.0,2007.0,2012.0,1999.0
2020107062,クウークン,牡,木村健,,フリオーソ,2004106867,レッドアモーレ,2010103738,ダイワメジャー,2001103114,狩野好宗,竹中牧場,0.0,2004.0,2010.0,2001.0
2020107051,メイショウカミノコ,牝,飯田祐史,,ロードカナロア,2008103552,メイショウマンボ,2010102094,スズカマンボ,2001103890,松本好雄,高昭牧場,0.0,2008.0,2010.0,2001.0
2020107049,ユメヲカケル,牡,音無秀孝,,ミッキーロケット,2013106099,イツノヒカ,2009103750,アドマイヤムーン,2003102991,小田切光,木村牧場,0.0,2013.0,2009.0,2003.0
2020107048,ミライエの2020,牡,,,ファインニードル,2013100612,ミライエ,2010104019,ディープインパクト,2002100816,,アスラン,0.0,2013.0,2010.0,2002.0
2020107047,River Rose,牝,マー,,ロードカナロア,2008103552,トーセンプラウド,2015101111,トーセンファントム,2007102870,,アスラン,0.0,2008.0,2015.0,2007.0
2020107046,サクレエクスプレスの2020,牡,,,ロードカナロア,2008103552,サクレエクスプレス,2014106080,クロフネ,1998110135,,アスラン,0.0,2008.0,2014.0,1998.0
2020107045,エンプティーゾーンの2020,牝,,,ファインニードル,2013100612,エンプティーゾーン,2014101540,ディープスカイ,2005101358,,アスラン,0.0,2013.0,2014.0,2005.0
2020107043,クリスタルティアラ,牝,,,ミッキーロケット,2013106099,ミルキークォーツ,2014105913,シンボリクリスエス,1999110099,,松田牧場,0.0,2013.0,2014.0,1999.0
2020107040,サツキグレイ,牝,土田稔,,グレイレジェンド,2008103400,サツキジョオウ,2014102548,ジャングルポケット,1998101786,小野博郷,宝寄山拓樹,0.0,2008.0,2014.0,1998.0
2020107039,チイサナメダル,牝,宗像義忠,,トーセンジョーダン,2006103169,コンパクトモデル,2013102803,カンパニー,2001103435,薗部博之,村上欽哉,0.0,2006.0,2013.0,2001.0
2020107035,マザーズウィッシュの2020,牝,,,グランプリボス,2008103388,マザーズウィッシュ,2004100355,タイキシャトル,1994109686,,中村弘昭,0.0,2008.0,2004.0,1994.0
2020107033,ゴシップガールズ,牝,笹野博司,,フェノーメノ,2009106599,シーズオールザット,2015106154,キングズベスト,000a0022d2,組）サクラターフィー,大作ステーブル,0.0,2009.0,2015.0,1997.0
2020107031,ボールドムーン,牡,辻哲英,,アドマイヤムーン,2003102991,ラブグランデー,2007103827,グランデラ,000a00fe3b,増田陽一,武田修一,0.0,2003.0,2007.0,1998.0
2020107027,ナガラフライトの2020,牝,,,フリオーソ,2004106867,ナガラフライト,2011103070,スタチューオブリバティ,000a0109d5,,安達牧場,0.0,2004.0,2011.0,2000.0
2020107008,レジェンドワン,牡,高橋康之,,ジャングルポケット,1998101786,トチノマドンナ,2013103844,パイロ,000a01176a,阿部東亜子,山田昇史,0.0,1998.0,2013.0,2005.0
2020107006,エーシンシークルーの2020,牡,,,エイシンヒカリ,2011101273,エーシンシークルー,2006110117,Cuvee,000a011250,,山田昇史,0.0,2011.0,2006.0,2001.0
2020106998,タカラブネクイーンの2020,牝,,,メイショウボーラー,2001100650,タカラブネクイーン,2013105112,ヴァーミリアン,2002100877,,モトスファーム,0.0,2001.0,2013.0,2002.0
2020106996,メイショウマルコマの2020,牝,,,マジェスティックウォリアー,000a011e9c,メイショウマルコマ,2014103391,スペシャルウィーク,1995103211,,本巣敦,0.0,2005.0,2014.0,1995.0
2020106994,メイショウアイカゼ,牝,荒川義之,,ダノンレジェンド,2010110102,メイショウジビュス,2009100505,フジキセキ,1992109618,松本好雄,本巣敦,0.0,2010.0,2009.0,1992.0
2020106969,タプロームの2020,牡,,,マジェスティックウォリアー,000a011e9c,タプローム,2010105212,ケイムホーム,000a0108d1,,ミルファーム,0.0,2005.0,2010.0,1999.0
2020106955,ネミッサ,牝,辻哲英,,リアルインパクト,2008103244,ミク,2015103724,キングズベスト,000a0022d2,武田浩典,宮内牧場,0.0,2008.0,2015.0,1997.0
2020106945,バレルロール,セ,昆貢,,キズナ,2010105827,タムロウイング,2006100314,ブラックホーク,1994109361,ノルマンディーサラブレッドレーシング,宮内牧場,0.0,2010.0,2006.0,1994.0
2020106924,ラヴユアセルフ,牝,松永幹夫,,ロードカナロア,2008103552,ラヴアンドフェイス,000a013e1c,Corinthian,000a01173f,インゼルレーシング,三嶋牧場,0.0,2008.0,2009.0,2003.0
2020106904,メイショウカガリビの2020,牡,,,アドマイヤムーン,2003102991,メイショウカガリビ,2006102309,シンボリクリスエス,1999110099,,三嶋牧場,0.0,2003.0,2006.0,1999.0
2020106897,ミッキースペース,牡,萩原清,,ミッキーロケット,2013106099,ミッキーグッドネス,2013106298,ディープインパクト,2002100816,野田みづき,三嶋牧場,0.0,2013.0,2013.0,2002.0
2020106893,ダノンソレイユ,牝,尾関知人,,ハーツクライ,2001103038,マイグッドネス,000a011dc6,Storm Cat,000a001a98,ダノックス,三嶋牧場,0.0,2001.0,2005.0,1983.0
2020106891,ビリオネアの2020,牝,,,ジャスタウェイ,2009106461,ビリオネア,2010102894,タニノギムレット,1999100226,,三嶋牧場,0.0,2009.0,2010.0,1999.0
2020106872,ジェイムの2020,牝,,,レッドファルクス,2011104416,ジェイム,000a013d32,Amadeus Wolf,000a013c7d,,三嶋牧場,0.0,2011.0,2011.0,2003.0
2020106871,ソアヴィータ,牝,四位洋文,,ドゥラメンテ,2012104511,ジアナズドリーム,000a0143c8,Twirling Candy,000a01316b,広尾レース,三嶋牧場,0.0,2012.0,2013.0,2007.0
2020106861,テールコート,牡,坂口智康,,ジャスタウェイ,2009106461,オペラグローブ,2015110007,Speightstown,000a011200,山紫水明,三嶋牧場,0.0,2009.0,2015.0,1998.0
2020106850,メイショウマルヒメ,牝,松永昌博,,ドレフォン,000a013b82,レッドミュール,2013105326,ダイワメジャー,2001103114,松本好雄,まるとみ冨岡牧場,0.0,2013.0,2013.0,2001.0
2020106847,アキュート,牝,,,エスポワールシチー,2005102837,プルメリアミコ,2014103464,ケイムホーム,000a0108d1,,まるとみ冨岡牧場,0.0,2005.0,2014.0,1999.0
2020106832,カガヤクアイロの2020,牝,,,ダノンレジェンド,2010110102,カガヤクアイロ,2012105384,アドマイヤムーン,2003102991,,丸幸小林牧場,0.0,2010.0,2012.0,2003.0
2020106814,シナモン,牝,伊藤大士,,ドリームジャーニー,2004102753,サウザンリーブス,2012105509,タニノギムレット,1999100226,松平正樹,ビクトリーホースランチ,0.0,2004.0,2012.0,1999.0
2020106812,クローネウィルマ,牝,萱野浩二,,タリスマニック,000a013425,クラウンアゲン,2013104907,マンハッタンカフェ,1998101554,大樹ファーム,ビクトリーホースランチ,0.0,2013.0,2013.0,1998.0
2020106809,カナリの2020,牝,,,エピファネイア,2010104155,カナリ,2012105499,マンハッタンカフェ,1998101554,,日の出牧場,0.0,2010.0,2012.0,1998.0
2020106802,メイショウハギカゼ,牝,渡辺薫彦,,クリエイターII,000a013630,メイショウアズミノ,2011105927,ハーツクライ,2001103038,松本好雄,林孝輝,0.0,2013.0,2011.0,2001.0
2020106800,ブルーボックスボウの2020,牡,,,メイショウサムソン,2003102205,ブルーボックスボウ,1998103264,サンデーサイレンス,000a00033a,,林孝輝,0.0,2003.0,1998.0,1986.0
2020106793,プルミエレーヴ,牝,嘉藤貴行,,ダンカーク,000a012185,デルニエリアリテ,2015100495,ゼンノロブロイ,2000101517,山口功一郎,信岡牧場,0.0,2006.0,2015.0,2000.0
2020106790,ピースアーミー,牝,鮫島一歩,,マクフィ,000a011c77,レディバゴ,2013103163,バゴ,2001190004,中平和宏,日本中央競馬会日高育成牧場,0.0,2007.0,2013.0,2001.0
2020106783,アーツィハーツの2020,牡,,,エスケンデレヤ,000a012cc0,アーツィハーツ,000a0143cd,Candy Ride,000a01132a,,日本中央競馬会日高育成牧場,0.0,2007.0,2015.0,1999.0
2020106774,ニシノセイラン,牡,山口浩幸,,リーチザクラウン,2006102923,ニシノミナミカゼ,2013102911,ファルブラヴ,1998190004,冨田藤男,日進牧場,0.0,2006.0,2013.0,1998.0
2020106773,セイウンヒマワリの2020,牝,,,ネロ,2011103722,セイウンヒマワリ,2010105018,ステイゴールド,1994108729,,日進牧場,0.0,2011.0,2010.0,1994.0
2020106769,クインズオーロラ,牝,山元博徳,,コパノリッキー,2010106548,クインズアリエス,2015106262,ヘニーヒューズ,000a011155,（株）ファーストビジ,日進牧場,0.0,2010.0,2015.0,2003.0
2020106765,ミスターキンの2020,牝,,,スマートファルコン,2005100097,ミスターキン,2004102155,オジジアン,000a00025e,,南部功,0.0,2005.0,2004.0,1983.0
2020106764,ディアベビードールの2020,牝,,,フェノーメノ,2009106599,ディアベビードール,2011105954,ファンタスティックライト,1996190005,,南部功,0.0,2009.0,2011.0,1996.0
2020106762,イデアテッシン,牡,上原博之,,ヴィクトワールピサ,2007102923,マスイデア,2009100729,リンカーン,2000101561,益田修一,中脇満,0.0,2007.0,2009.0,2000.0
2020106749,グッドファッションの2020,牡,,,フリオーソ,2004106867,グッドファッション,2008106695,アドマイヤマックス,1999107004,,トラストスリーファーム,0.0,2004.0,2008.0,1999.0
2020106744,メイショウカリウド,牡,武幸四郎,,ホッコータルマエ,2009100921,クーヴェルチュール,2004102132,ブラックホーク,1994109361,松本好雄,富菜牧場,0.0,2009.0,2004.0,1994.0
2020106739,レッドコルディスの2020,牡,,,レッドファルクス,2011104416,レッドコルディス,2014103392,ハーツクライ,2001103038,,富田牧場,0.0,2011.0,2014.0,2001.0
2020106738,メイショウドウシン,牡,南井克巳,,ビッグアーサー,2011103328,メイショウワカツキ,2005106286,マンハッタンカフェ,1998101554,松本好雄,富田牧場,0.0,2011.0,2005.0,1998.0
2020106736,メイショウタイジュ,牡,渡辺薫彦,,マクフィ,000a011c77,メイショウアキシノ,2009100613,デュランダル,1999106756,松本好雄,富田牧場,0.0,2007.0,2009.0,1999.0
2020106731,ハヤブサゲキレア,牝,坂口智康,,ジャスタウェイ,2009106461,トゥルヴァ,000a01447e,Frankel,000a01239b,武田修,富田牧場,0.0,2009.0,2015.0,2008.0
2020106729,サンサンジェニー,牝,田中克典,,バゴ,2001190004,ジプシー,000a01389b,Distorted Humor,000a0022ea,ターフ・スポート,富田牧場,0.0,2001.0,2007.0,1993.0
2020106728,ジャスティンダンク,牡,宮田敬介,,ドゥラメンテ,2012104511,シラバリー,000a013731,Street Cry,000a0103ba,三木正浩,富田牧場,0.0,2012.0,2013.0,1998.0
2020106726,シャマアウェイの2020,牡,木村哲也,,サトノダイヤモンド,2013106101,シャマアウェイ,000a01447d,Giant's Causeway,000a0022e1,東京ホースレーシング,富田牧場,0.0,2013.0,2015.0,1997.0
2020106717,フロル,牝,大和田成,,ワールドエース,2009106353,レディーガリレオ,2013110006,Galileo,000a00232b,大塚亮一,ディアレストクラブ,0.0,2009.0,2013.0,1998.0
2020106715,グロッタジガンテ,牝,橋本忠明,,ロゴタイプ,2010103783,ラフェットデメール,2011102001,ブライアンズタイム,000a000082,ラ・メール,ディアレストクラブ,0.0,2010.0,2011.0,1985.0
2020106711,リンポポヴァリー,牝,黒木豊,,ヤマカツエース,2012102774,ピジョンレッド,2014103854,キングズベスト,000a0022d2,寺岡一彦,ディアレストクラブ,0.0,2012.0,2014.0,1997.0
2020106705,ヴァイスネージュ,牡,月岡健二,,ゴールドシップ,2009102739,ディアユリアザミ,2014100369,ボストンハーバー,000a00007c,高樽秀夫,ディアレストクラブ,0.0,2009.0,2014.0,1994.0
2020106700,ゴールドノヴァ,牝,田嶋弘幸,,ゴールドシップ,2009102739,ディアアレトゥーサ,2007102346,トーセンダンス,2002100594,上野孝展,ディアレストクラブ,0.0,2009.0,2007.0,2002.0
2020106688,アイリスモレアの2020,牝,,,マツリダゴッホ,2003104570,アイリスモレア,2005101297,ショウナンカンプ,1998102595,,ディアレストクラブ,0.0,2003.0,2005.0,1998.0
2020106683,リアンノンの2020,牡,,,ハービンジャー,000a011996,リアンノン,2014102174,ステイゴールド,1994108729,,辻牧場,0.0,2006.0,2014.0,1994.0
2020106675,フェローチェ,牡,寺島良,,バゴ,2001190004,ブブールチャチャ,2014106134,ステイゴールド,1994108729,ラ・メール,辻牧場,0.0,2001.0,2014.0,1994.0
2020106673,ヒラボクムーン,牝,田中剛,,アドマイヤムーン,2003102991,ヒラボクロマンス,2010103020,アグネスデジタル,1997110025,平田牧場,辻牧場,0.0,2003.0,2010.0,1997.0
2020106672,ヒラボクケリー,牝,寺島良,,マクフィ,000a011c77,ヒラボクキャロル,2004102048,ダンスインザダーク,1993109188,平田牧場,辻牧場,0.0,2007.0,2004.0,1993.0
2020106666,ロハ,牝,吉見真幸,,ハービンジャー,000a011996,トーコーヴィーナス,2012104827,クロフネ,1998110135,森田和豊,辻牧場,0.0,2006.0,2012.0,1998.0
2020106662,ツジガハナの2020,牡,,,ヤマカツエース,2012102774,ツジガハナ,2012105394,ジャングルポケット,1998101786,,辻牧場,0.0,2012.0,2012.0,1998.0
2020106658,スリーメロディーの2020,牝,田中淳司,,シニスターミニスター,000a011099,スリーメロディー,2013103692,ネオユニヴァース,2000101426,ヒダカ・ブリーダーズ・ユニオン,辻牧場,0.0,2003.0,2013.0,2000.0
2020106657,スリーベラミウオー,牡,,,デクラレーションオブウォー,000a0136f6,スリーベラミ,2010102671,ディープインパクト,2002100816,,辻牧場,0.0,2009.0,2010.0,2002.0
2020106655,スズカクリエイター,セ,高橋義忠,,クリエイターII,000a013630,スズカローラー,2011105913,スズカマンボ,2001103890,永井啓弍,辻牧場,0.0,2013.0,2011.0,2001.0
2020106653,スズカヒーロー,牡,,,モーリス,2011100655,スズカローゼ,2007101654,クロフネ,1998110135,,辻牧場,0.0,2011.0,2007.0,1998.0
2020106651,スズカラート,牝,,,マジェスティックウォリアー,000a011e9c,スズカクイーン,2015104709,クロフネ,1998110135,,辻牧場,0.0,2005.0,2015.0,1998.0
2020106647,ダイリンノハナ,牝,大竹正博,,Expert Eye,000a0142ca,シムシマー,000a015947,Poet's Voice,000a012051,坪野谷和平,辻牧場,0.0,2015.0,2015.0,
2020106646,ココリイト,牝,倉地学,,ハーツクライ,2001103038,サンドグロース,000a012e29,Mr. Greeley,000a00213e,石澤純平,辻牧場,0.0,2001.0,2010.0,1992.0
2020106640,オウケンサクラブの2020,牝,,,フェノーメノ,2009106599,オウケンサクラブ,2014100347,オウケンブルースリ,2005102548,,辻牧場,0.0,2009.0,2014.0,2005.0
2020106638,プレイフォーピース,牝,林徹,,デクラレーションオブウォー,000a0136f6,ウェルノーテッド,2013103588,ドリームジャーニー,2004102753,ヒダカ・ブリーダーズ・ユニオン,辻牧場,0.0,2009.0,2013.0,2004.0
2020106636,グロリアン,牝,奥村豊,,サトノダイヤモンド,2013106101,アルマク,2009100590,シニスターミニスター,000a011099,伊藤昭文,辻牧場,0.0,2013.0,2009.0,2003.0
2020106632,スノーパーシスト,牝,栗本陽一,,ワールドエース,2009106353,アドマイヤスペース,2004102089,アドマイヤコジーン,1996106512,北原大史,辻牧場,0.0,2009.0,2004.0,1996.0
2020106628,ヤレルカモシレナイ,牡,左海誠二,,ワールドエース,2009106353,ティティテア,2010104952,バブルガムフェロー,1993109219,松澤光洋,津島優治,0.0,2009.0,2010.0,1993.0
2020106614,イズム,牡,柳沢好美,,ダノンレジェンド,2010110102,メイユーブルーム,2005102650,ダンスインザダーク,1993109188,太田雅貴,大道牧場,0.0,2010.0,2005.0,1993.0
2020106607,タガノゼロ,牡,五十嵐忠,,シャンハイボビー,000a0127e4,ハタノルミエール,2015101254,ハーツクライ,2001103038,八木良司,大道牧場,0.0,2010.0,2015.0,2001.0
2020106598,フミタツナイスガイ,牡,,,カレンブラックヒル,2009106230,ショウダウン,000a0114b3,Darshaan,000a0019b1,,大道牧場,0.0,2009.0,1999.0,1981.0
2020106591,ナビレラ,牝,今野貞一,,アドマイヤムーン,2003102991,ポリネイター,000a011aa2,Motivator,000a010c91,伊藤良兵,谷口牧場,0.0,2003.0,2007.0,2002.0
2020106575,キックオンブーツ,牡,中尾秀正,,タリスマニック,000a013425,メモリーフェイス,2014103304,エンパイアメーカー,000a010542,野嶋祥二,谷川牧場,0.0,2013.0,2014.0,2000.0
2020106574,メモリーシャルマンの2020,牝,,,プリサイスエンド,000a00fe9b,メモリーシャルマン,2009100547,アジュディケーティング,000a000d5d,,谷川牧場,0.0,1997.0,2009.0,1987.0
2020106567,ルージュワトル,牝,斉藤崇史,,リアルスティール,2012104889,フィルバート,2013110138,High Chaparral,000a010270,東京ホースレーシング,谷川牧場,0.0,2012.0,2013.0,1999.0
2020106548,ティトルタトル,牡,金成貴史,,ディスクリートキャット,000a0113a1,コウヨウアイリーン,2004102050,ダンスインザダーク,1993109188,尾上寿夫,谷川牧場,0.0,2003.0,2004.0,1993.0
2020106545,エレンディル,牡,森沢友貴,,リオンディーズ,2013105915,エルベレス,2004105348,ダンスインザダーク,1993109188,鳥居公子,谷川牧場,0.0,2013.0,2004.0,1993.0
2020106544,シゲルミラクル,牝,九日俊光,,ジャスタウェイ,2009106461,ヴァンゴーゴー,000a013713,Dutch Art,000a0121d7,森中啓子,谷川牧場,0.0,2009.0,2009.0,2004.0
2020106539,メイショウアポロン,牡,岡田稲男,,ダンカーク,000a012185,チョコレートリリー,2010104501,ウォーエンブレム,000a00fa35,松本好隆,田中スタッド,0.0,2006.0,2010.0,1999.0
2020106526,マイアミサンセット,牡,田中一巧,,ミッキーアイル,2011103916,プリンシアラッテオ,2013103503,サウスヴィグラス,1996110138,竹下浩一,高村牧場,0.0,2011.0,2013.0,1996.0
2020106522,シュヴァルアンジュ,牝,,,ダノンレジェンド,2010110102,センソリートレイル,2016102131,スマートファルコン,2005100097,,高村牧場,0.0,2010.0,2016.0,2005.0
2020106517,シルバーテーラー,牝,高橋文雅,,エイシンヒカリ,2011101273,エーシンメンフィス,2008101289,Medaglia d'Oro,000a010a65,中西浩一,高野牧場,0.0,2011.0,2008.0,1999.0
2020106516,レッドベルフィーユの2020,牝,,,ダンカーク,000a012185,レッドベルフィーユ,2010104316,アグネスタキオン,1998101516,,太陽牧場,0.0,2006.0,2010.0,1998.0
2020106514,メイショウメイホウの2020,牡,,,メイショウボーラー,2001100650,メイショウメイホウ,2015103354,オルフェーヴル,2008102636,,太陽牧場,0.0,2001.0,2015.0,2008.0
2020106510,フラワーガイアの2020,牡,,,トゥザグローリー,2007103265,フラワーガイア,2007101563,ゼンノロブロイ,2000101517,,太陽牧場,0.0,2007.0,2007.0,2000.0
2020106509,グレインラインの2020,牡,,,ホッコータルマエ,2009100921,グレインライン,2005102410,タイキシャトル,1994109686,,太陽牧場,0.0,2009.0,2005.0,1994.0
2020106507,モズディーバ,牝,佐藤雅彦,,グランプリボス,2008103388,レッドムーヴ,2010103814,ロックオブジブラルタル,000a00fd4c,鶴谷義雄,惣田英幸,0.0,2008.0,2010.0,1999.0
2020106505,キクノルーナ,牝,山田徹,,アドマイヤムーン,2003102991,キクノレジーナ,2008106555,キングヘイロー,1995104427,菊池五郎,惣田英幸,0.0,2003.0,2008.0,1995.0
2020106501,キャシェ,牝,石毛善彦,,ダンカーク,000a012185,チェネレントラ,2010104490,アグネスタキオン,1998101516,ミルファーム,千里ファーム,0.0,2006.0,2010.0,1998.0
2020106492,サブリエール,牡,,,メイショウサムソン,2003102205,メイショウブリエ,2010104854,タイキシャトル,1994109686,,松栄牧場,0.0,2003.0,2010.0,1994.0
2020106484,ミルレーヴ,牝,上原博之,,ダノンシャンティ,2007105709,ミステリアスオーラ,2006106882,シンボリクリスエス,1999110099,ターフ・スポート,笹地牧場,0.0,2007.0,2006.0,1999.0
2020106483,ジェイエルベッセル,牝,,,ダノンレジェンド,2010110102,ホウライシップ,2015101913,アッミラーレ,1997100569,,笹地牧場,0.0,2010.0,2015.0,1997.0
2020106482,レストアプレジャー,牡,,,マジェスティックウォリアー,000a011e9c,トゥニーポート,2007101514,ステイゴールド,1994108729,,笹地牧場,0.0,2005.0,2007.0,1994.0
2020106477,シゲルヴィンセント,牡,水野貴広,,ヴィクトワールピサ,2007102923,ゴールドジェーン,2008101504,キングカメハメハ,2001103460,森中啓子,笹島政信,0.0,2007.0,2008.0,2001.0
2020106476,ゴールドサニー,牝,塚田隆男,,ジャスタウェイ,2009106461,ゴールドコイン,2005106097,デヒア,000a0000df,（有）崇富商業,笹島政信,0.0,2009.0,2005.0,1991.0
2020106460,ウォータードラセナ,牝,岡田稲男,,ハービンジャー,000a011996,スマッシュハート,2011105753,キングカメハメハ,2001103460,山岡正人,酒井牧場,0.0,2006.0,2011.0,2001.0
2020106452,シュンライ,牡,,,ダノンレジェンド,2010110102,フミノアザレア,2009100439,マンハッタンカフェ,1998101554,,斉藤英牧場,0.0,2010.0,2009.0,1998.0
2020106443,カノンドール,牡,吉田直弘,,リアルインパクト,2008103244,フレンチナデシコ,2009101322,フレンチデピュティ,000a00013a,ローレルレーシング,グランデファーム,0.0,2008.0,2009.0,1992.0
2020106440,シャイニングムーンの2020,牡,,,オウケンブルースリ,2005102548,シャイニングムーン,2002104881,エリシオ,1993190001,,グランデファーム,0.0,2005.0,2002.0,1993.0
2020106438,ボルダード,牡,和田正一,,ドゥラメンテ,2012104511,コスモパルムドール,2004110239,Yonaguska,000a010be8,ローレルレーシング,グランデファーム,0.0,2012.0,2004.0,1998.0
2020106427,エメラルタッチ,牡,相沢郁,,モーリス,2011100655,セトウチソーラー,2007104004,スペシャルウィーク,1995103211,高橋勉,金成吉田牧場,0.0,2011.0,2007.0,1995.0
2020106425,キミニオクル,牝,音無秀孝,,メイショウボーラー,2001100650,レッドピアノ,2012106423,オレハマッテルゼ,2000101550,小田切有一,木村牧場,0.0,2001.0,2012.0,2000.0
2020106424,ヨッテウタッテの2020,牡,,,パドトロワ,2007102760,ヨッテウタッテ,2011104949,オレハマッテルゼ,2000101550,,木村牧場,0.0,2007.0,2011.0,2000.0
2020106422,ツリーラッキーヒメ,牝,,,コパノリッキー,2010106548,トーワフォーチュン,2003100711,エンドスウィープ,000a00010f,,木村牧場,0.0,2010.0,2003.0,1991.0
2020106414,カリビアンジョー,牡,相沢郁,,ルーラーシップ,2007103143,レッドミモザ,2013105328,キンシャサノキセキ,2003110212,河内孝夫,杵臼牧場,0.0,2007.0,2013.0,2003.0
2020106410,タニセンレラ,牝,鈴木慎太,,ハービンジャー,000a011996,ラジョコンダ,2011104099,フジキセキ,1992109618,染谷幸雄,杵臼牧場,0.0,2006.0,2011.0,1992.0
2020106390,ロウカンジェイド,牝,吉村圭司,,サトノダイヤモンド,2013106101,シェルシーカー,000a01141c,Machiavellian,000a001c1d,杵臼牧場,杵臼牧場,0.0,2013.0,2004.0,1987.0
2020106387,カルテレヴァンテ,牝,安田武広,,サトノクラウン,2012104668,カルテブランシェ,2007101433,ゴールドアリュール,1999106689,大塚亮一（株）,杵臼牧場,0.0,2012.0,2007.0,1999.0
2020106377,ルイーズブルー,牝,萱野浩二,,タリスマニック,000a013425,カプリースレディー,2008101417,ジャングルポケット,1998101786,廣野敏樹,杵臼斉藤牧場,0.0,2013.0,2008.0,1998.0
2020106364,ニシノシャカリキ,牡,,,アジアエクスプレス,2011110091,ニシノリコルディ,2012102499,ハーツクライ,2001103038,,ガーベラパークスタッド,0.0,2011.0,2012.0,2001.0
2020106362,ヨシノフラワー,牝,武英智,,ルーラーシップ,2007103143,ニシノフィオーリ,2009106627,アグネスデジタル,1997110025,清水義徳,ガーベラパークスタッド,0.0,2007.0,2009.0,1997.0
2020106361,ニシノレールガン,牝,武藤善則,,ドゥラメンテ,2012104511,ニシノアカツキ,2011103162,オペラハウス,000a000d77,西山茂行,ガーベラパークスタッド,0.0,2012.0,2011.0,1988.0
2020106360,ホームランダービー,牡,松島寿,,エイシンフラッシュ,2007102951,ソヨカゼII,000a011871,Monsun,000a010db6,三岡陽,ガーベラパークスタッド,0.0,2007.0,2005.0,1990.0
2020106351,ストームエンジェルの2020,牡,,,ビッグアーサー,2011103328,ストームエンジェル,2012101560,ストーミングホーム,1998190003,,川越ファーム,0.0,2011.0,2012.0,1998.0
2020106349,ラスティンガール,牝,勢司和浩,,マジェスティックウォリアー,000a011e9c,カラレイア,2015104985,エンパイアメーカー,000a010542,齋藤秀昭,川越ファーム,0.0,2005.0,2015.0,2000.0
2020106348,ミラコロアネラ,牝,福永敏,,ポアゾンブラック,2009102733,ウインマルゲリータ,2010104693,メイショウオウドウ,1995101767,山崎和哉,川越ファーム,0.0,2009.0,2010.0,1995.0
2020106346,ムーランジョンヌ,牝,小手川準,,リアルスティール,2012104889,アイカギ,2008101396,ファンタスティックライト,1996190005,村上卓史,川越ファーム,0.0,2012.0,2008.0,1996.0
2020106342,フォレストビーナスの2020,牡,,,ロジユニヴァース,2006103140,フォレストビーナス,2001100859,エルコンドルパサー,1995108742,,鎌田正嗣,0.0,2006.0,2001.0,1995.0
2020106304,セイウンドリーミー,牝,,,ホッコータルマエ,2009100921,マルモリバニー,2010104679,ダンスインザダーク,1993109188,,大柳ファーム,0.0,2009.0,2010.0,1993.0
2020106301,ヤマカツダーリン,牡,沖田明子,,ヤマカツエース,2012102774,ヤマカツエレナ,2014104349,ジャングルポケット,1998101786,山田和夫,大西ファーム,0.0,2012.0,2014.0,1998.0
2020106298,ニコニコルンルン,牝,矢作芳人,,リアルスティール,2012104889,ニンナナンナ,1999101861,Unbridled's Song,000a002071,ＤＭＭドリームクラブ,絵笛牧場,0.0,2012.0,1999.0,1993.0
2020106287,エイシンケッヘル,牡,今津勝之,,スクリーンヒーロー,2004103328,ケルヴィテッセ,000a012381,Sadler's Wells,000a00185d,平井克彦,栄進牧場,0.0,2004.0,2006.0,1981.0
2020106284,サンライトビジン,牝,加藤和宏,,エイシンヒカリ,2011101273,エーシンロレーン,2006110042,Rahy,000a001c5e,北川勉,栄進牧場,0.0,2011.0,2006.0,1985.0
2020106265,エイシンメルクール,牡,坂本和也,,エイシンヒカリ,2011101273,エイシンポラリス,2011110047,Unbridled's Song,000a002071,平井克彦,栄進牧場,0.0,2011.0,2011.0,1993.0
2020106245,エイシンエレメント,牝,,,エピファネイア,2010104155,エイシンカラット,2012110074,Tale of Ekati,000a012550,,栄進牧場,0.0,2010.0,2012.0,2005.0
2020106241,エイシンエッサイ,牡,,,エーシントップ,2010110058,エイシンアトロポス,2012105334,ヨハネスブルグ,000a0103b9,,栄進牧場,0.0,2010.0,2012.0,1999.0
2020106237,ダイヤモンドロワ,牡,笹田和秀,,サトノダイヤモンド,2013106101,ロワール,2013101407,アドマイヤムーン,2003102991,林進,浦河日成牧場,0.0,2013.0,2013.0,2003.0
2020106236,グランドグラン,牡,井上哲,,ヴィクトワールピサ,2007102923,ティーエスベリー,2013110118,New Approach,000a011656,酒井孝敏,浦河日成牧場,0.0,2007.0,2013.0,2005.0
2020106230,エコロゴーゴー,牡,武市康男,,ダンカーク,000a012185,メイケイソフィア,2007103161,キングカメハメハ,2001103460,原村正紀,浦河小林牧場,0.0,2006.0,2007.0,2001.0
2020106210,メイショウトップウ,牝,金田一昌,,ビッグアーサー,2011103328,メイショウユウダチ,2010104593,メイショウボーラー,2001100650,北原大史,磯野牧場,0.0,2011.0,2010.0,2001.0
2020106202,メイショウリコリス,牝,松永昌博,,ゴールドアクター,2011105266,マルカシャルダン,2007102935,オペラハウス,000a000d77,松本好雄,赤田牧場,0.0,2011.0,2007.0,1988.0
2020106198,ジョリファムの2020,牡,,,ホッコータルマエ,2009100921,ジョリファム,2010103607,スペシャルウィーク,1995103211,,赤田牧場,0.0,2009.0,2010.0,1995.0
2020106197,キータイトル,牡,浜田一夫,,トーセンジョーダン,2006103169,キャンディキー,2011104965,スクリーンヒーロー,2004103328,（株）ジャスト,赤田牧場,0.0,2006.0,2011.0,2004.0
2020106186,メイショウレクセラの2020,牡,,,アジアエクスプレス,2011110091,メイショウレクセラ,2013103754,キングカメハメハ,2001103460,,中脇一幸,0.0,2011.0,2013.0,2001.0
2020106181,ラクスエーター,牝,雑賀伸一,,ビッグアーサー,2011103328,ヴィヴァマリアンヌ,2015102792,ヘニーヒューズ,000a011155,福田達也,中脇一幸,0.0,2011.0,2015.0,2003.0
2020106173,ジオパークミューズの2020,牡,,,フェノーメノ,2009106599,ジオパークミューズ,2015102779,キングズベスト,000a0022d2,,高村伸一,0.0,2009.0,2015.0,1997.0
2020106165,オスカーレイ,牝,小桧山悟,,レッドファルクス,2011104416,エーシンハーバー,2008110079,Cozzene,000a001bda,森保彦,清水誠一,0.0,2011.0,2008.0,1980.0
2020106159,ヒュプノス,牡,吉田直弘,,ディスクリートキャット,000a0113a1,セイントローズバド,2011102976,タイキシャトル,1994109686,ウエスト．フォレスト．ステイブル,清水スタッド,0.0,2003.0,2011.0,1994.0
2020106154,ロンドインディの2020,牡,,,ロードアルティマ,2000110026,ロンドインディ,2002103618,フジキセキ,1992109618,,澤井義一,0.0,2000.0,2002.0,1992.0
2020106152,ミルクキャラメル,牝,平山真希,,メイショウボーラー,2001100650,ミルク,2014102941,キングヘイロー,1995104427,木村勝,澤井義一,0.0,2001.0,2014.0,1995.0
2020106150,シオサイの2020,牝,,,メイショウボーラー,2001100650,シオサイ,2011105398,ファスリエフ,000a00fc4c,,澤井義一,0.0,2001.0,2011.0,1997.0
2020106148,カモミール,牝,久保田貴,,キズナ,2010105827,プルームリジェール,2005102234,Diesis,000a001815,ロードホースクラブ,猿倉牧場,0.0,2010.0,2005.0,1980.0
2020106139,サマニテイオー,牡,的場均,,ドゥラメンテ,2012104511,クリノヴェルサイユ,2013102681,ディープインパクト,2002100816,渡辺牧場,様似渡辺牧場,0.0,2012.0,2013.0,2002.0
2020106136,ユキノワール,牝,,,ヴィクトワールピサ,2007102923,ヒラボクドリーム,2006101231,キングカメハメハ,2001103460,,様似堀牧場,0.0,2007.0,2006.0,2001.0
2020106134,ブレイクチョッパー,牡,米川昇,,メイショウサムソン,2003102205,オクテットバレー,2012106303,マツリダゴッホ,2003104570,須賀利行,大道牧場,0.0,2003.0,2012.0,2003.0
2020106132,ヴィマナ,牡,畑端省吾,,イスラボニータ,2011103565,スプリングルーシー,2005101179,チーフベアハート,1993190010,ディアレストクラブ,様似共栄牧場,0.0,2011.0,2005.0,1993.0
2020106128,フクトナス,牡,蛯名利弘,,ホッコータルマエ,2009100921,ワンオリーブ,2009110060,Bernstein,000a010bae,佐野信幸,小田牧場,0.0,2009.0,2009.0,1997.0
2020106122,マイリトルガール,牝,東眞市,,スピルバーグ,2009105961,ニシノリアン,2010100830,ハーツクライ,2001103038,鳳山信年,能登浩,0.0,2009.0,2010.0,2001.0
2020106120,カシノラシット,牝,東美義,,ミッキーロケット,2013106099,シップスログ,2010104440,ネオユニヴァース,2000101426,柏木務,能登浩,0.0,2013.0,2010.0,2000.0
2020106118,ラソーミュロワーズの2020,牡,,,マツリダゴッホ,2003104570,ラソーミュロワーズ,1999110244,Kendor,000a001be4,,寺井文秀,0.0,2003.0,1999.0,1986.0
2020106110,オデッタの2020,牡,,,レッドファルクス,2011104416,オデッタ,2012105414,キングカメハメハ,2001103460,,寺井文秀,0.0,2011.0,2012.0,2001.0
2020106105,シュクレビジューの2020,牝,,,タイセイレジェンド,2007103199,シュクレビジュー,2014106147,カジノドライヴ,2005110112,,熊沢牧場,0.0,2007.0,2014.0,2005.0
2020106099,ポンポコポン,牝,,,ダンカーク,000a012185,オヒナサマ,2014104165,カジノドライヴ,2005110112,,リトルブルーファーム,0.0,2006.0,2014.0,2005.0
2020106092,ラブラックヒルー,牝,大和田成,,カレンブラックヒル,2009106230,アプリコットチャン,2016105599,フレンチデピュティ,000a00013a,増田陽一,高橋直人,0.0,2009.0,2016.0,1992.0
2020106091,シェナアメリ,牡,吉田正美,,アメリカンペイトリオット,000a013bba,アイズユーニン,2011105690,サクラバクシンオー,1989108341,冨田藤男,高橋直人,0.0,2013.0,2011.0,1989.0
2020106084,リンベストの2020,牝,,,ロジユニヴァース,2006103140,リンベスト,2016106610,キングズベスト,000a0022d2,,レジェンドファーム,0.0,2006.0,2016.0,1997.0
2020106083,ライトシャイン,牡,,,ストロングリターン,2006102934,ポロメリア,2007101648,プリサイスエンド,000a00fe9b,,レジェンドファーム,0.0,2006.0,2007.0,1997.0
2020106081,ユーリエンペラー,牡,佐宗応和,,リアルインパクト,2008103244,ピジョンオネスト,2013101371,ブライアンズタイム,000a000082,由利一郎,レジェンドファーム,0.0,2008.0,2013.0,1985.0
2020106077,クリスエスヒルの2020,牡,,,バトルプラン,000a0118e8,クリスエスヒル,2008105479,シンボリクリスエス,1999110099,,レジェンドファーム,0.0,2005.0,2008.0,1999.0
2020106074,イケホープ,牡,山崎裕也,,エスポワールシチー,2005102837,イケトップクイーン,2008101717,キングカメハメハ,2001103460,岩城拓実,レジェンドファーム,0.0,2005.0,2008.0,2001.0
2020106057,ウマオト,牝,稻田彰宏,,ホッコータルマエ,2009100921,レディエマ,2014106496,オンファイア,2003102809,巴山尊文,山岡牧場,0.0,2009.0,2014.0,2003.0
2020106045,コアウッド,牡,浜田多実,,コパノリッキー,2010106548,パルトネール,2014100907,カジノドライヴ,2005110112,小林由明,山岡ファーム,0.0,2010.0,2014.0,2005.0
2020106041,モンタージュの2020,牝,,,スマートファルコン,2005100097,モンタージュ,2010100708,アドマイヤムーン,2003102991,,八島夕起子,0.0,2005.0,2010.0,2003.0
2020106037,タバスコムスメの2020,牝,,,ダンカーク,000a012185,タバスコムスメ,2003105800,タバスコキャット,000a000348,,八木牧場,0.0,2006.0,2003.0,1991.0
2020106032,タマモオトメ,牝,三宅直之,,ダノンシャンティ,2007105709,ヒトリムスメ,2003100600,アフリート,000a000013,（株）ＴＫＫ,守矢牧場,0.0,2007.0,2003.0,1984.0
2020106031,ニッショウテンマ,牡,酒井一則,,エスポワールシチー,2005102837,ヒカルヨザクラ,2010104138,チチカステナンゴ,000a011135,エヌエス仙台（有）,守矢牧場,0.0,2005.0,2010.0,1998.0
2020106027,ライントレジャー,牡,,,ジャスタウェイ,2009106461,セラフィックロンプ,2004100976,マンハッタンカフェ,1998101554,,守矢牧場,0.0,2009.0,2004.0,1998.0
2020106017,ソルトハート,牡,木原一良,,バゴ,2001190004,ガーリッシュハート,2011104490,ハーツクライ,2001103038,杉浦敏夫,村本牧場,0.0,2001.0,2011.0,2001.0
2020106010,スルターナの2020,牡,,,ヘニーヒューズ,000a011155,スルターナ,2012100889,キングヘイロー,1995104427,,村田牧場,0.0,2003.0,2012.0,1995.0
2020106008,クイーンレベッカ,牝,田島俊明,,ベーカバド,000a011dc0,ゴシップクイーン,2004103341,フレンチデピュティ,000a00013a,ノルマンディーサラブレッドレーシング,村田牧場,0.0,2007.0,2004.0,1992.0
2020106007,アヴィニヨン,牝,本田優,,ダンカーク,000a012185,クロワラモー,2007105062,スペシャルウィーク,1995103211,ターフ・スポート,村田牧場,0.0,2006.0,2007.0,1995.0
2020106000,エイシンキルデアの2020,牡,,,エイシンヒカリ,2011101273,エイシンキルデア,000a013889,Kitten's Joy,000a0119b3,,村田牧場,0.0,2011.0,2013.0,2001.0
2020105986,サラサンサンサン,牝,小野望,,パドトロワ,2007102760,デザイナー,2013102068,スウィフトカレント,2001103189,村上博將,村上牧場,0.0,2007.0,2013.0,2001.0
2020105984,カシノグランツ,牝,谷潔,,ベストウォーリア,2010110127,スペシャルウィッチ,2004103076,スペシャルウィーク,1995103211,柏木務,村上牧場,0.0,2010.0,2004.0,1995.0
2020105971,キリシマレインボー,牡,宇都英樹,,レインボーライン,2013106183,ミッドナイトダンス,2006106473,ダンスインザダーク,1993109188,西村新一郎,村上進治,0.0,2013.0,2006.0,1993.0
2020105965,ピクニックランチの2020,牝,,,ラニ,2013110045,ピクニックランチ,2014105504,キングズベスト,000a0022d2,,村上進治,0.0,2013.0,2014.0,1997.0
2020105958,サーシャの2020,牝,,,リヤンドファミユ,2010104396,サーシャ,2014101624,ディープブリランテ,2009105084,,村上進治,0.0,2010.0,2014.0,2009.0
2020105956,アレグレメンテの2020,牡,,,バゴ,2001190004,アレグレメンテ,2015104184,ステイゴールド,1994108729,,村上進治,0.0,2001.0,2015.0,1994.0
2020105947,ピュアハルカ,牝,竹内正洋,,リオンディーズ,2013105915,ピュアプレジャー,2008100102,Tiznow,000a00fa4b,鶴見芳子,村上欽哉,0.0,2013.0,2008.0,1997.0
2020105942,ニシノタマヨリヒナ,牝,,,ファインニードル,2013100612,ニシノハナムスメ,2013100748,ディープインパクト,2002100816,,村上欽哉,0.0,2013.0,2013.0,2002.0
2020105936,クーファアドーブス,牝,四位洋文,,ハーツクライ,2001103038,トーセンハーディ,000a014481,Compton Place,000a00fc4f,大迫正善,村上欽哉,0.0,2001.0,2015.0,1994.0
2020105934,コモレビノオモイデ,牡,,,カリフォルニアクローム,000a012602,デセニアル,000a017601,Trippi,000a010749,,村上欽哉,0.0,2011.0,2008.0,1997.0
2020105931,レスタメンテ,牝,加藤征弘,,ドゥラメンテ,2012104511,ダンシングロイヤル,2008105189,サクラバクシンオー,1989108341,ローレルレーシング,村上欽哉,0.0,2012.0,2008.0,1989.0
2020105928,スキップモロチャン,牡,宗像義忠,,モーリス,2011100655,クリッピングエリア,2009105733,シンボリクリスエス,1999110099,薗部博之,村上欽哉,0.0,2011.0,2009.0,1999.0
2020105917,ゼンノアマテラス,牝,田中淳司,,ゼンノロブロイ,2000101517,イーデンズコーズウェイ,000a01274b,Giant's Causeway,000a0022e1,（同）ＮＯＫＫＮ,村上欽哉,0.0,2000.0,2003.0,1997.0
2020105916,デイジードルチェ,牝,,,マインドユアビスケッツ,000a01392e,アグネッタ,2013102192,エンパイアメーカー,000a010542,,村上欽哉,0.0,2013.0,2013.0,2000.0
2020105911,モテオ,牡,橘友和,,モンテロッソ,000a011b05,プロムクイーン,2015101618,キングズベスト,000a0022d2,長塩豊,マリオステーブル,0.0,2007.0,2015.0,1997.0
2020105909,エリモミヤビの2020,牝,,,シルバーステート,2013105903,エリモミヤビ,2008101083,ブライアンズタイム,000a000082,,マリオステーブル,0.0,2013.0,2008.0,1985.0
2020105906,ストレイトフロムテキサスの2020,牡,,,シルバーステート,2013105903,ストレイトフロムテキサス,000a010ac4,Judge T C,000a002131,,的場牧場,0.0,2013.0,1999.0,1991.0
2020105903,ラブギャラクシーの2020,牝,,,ベーカバド,000a011dc0,ラブギャラクシー,2008100882,ネオユニヴァース,2000101426,,松本信行,0.0,2007.0,2008.0,2000.0
2020105900,キアーロの2020,牝,,,ストロングリターン,2006102934,キアーロ,2005105201,ゴールドアリュール,1999106689,,松本信行,0.0,2006.0,2005.0,1999.0
2020105876,シュンセツ,牝,小桧山悟,,ジョーカプチーノ,2006100529,ハナガスミ,2002109336,クロコルージュ,000a0000bf,中村勝彦,松浦牧場,0.0,2006.0,2002.0,1995.0
2020105874,タケノローマンの2020,牡,,,ヘニーヒューズ,000a011155,タケノローマン,2011105305,キングカメハメハ,2001103460,,松浦牧場,0.0,2003.0,2011.0,2001.0
2020105870,クルエラ,牝,,,ルーラーシップ,2007103143,シンジュボシ,2010104871,ダイワメジャー,2001103114,,松浦牧場,0.0,2007.0,2010.0,2001.0
2020105863,ウィットウォーターの2020,牡,,,リアルスティール,2012104889,ウィットウォーター,2011102731,ヨハネスブルグ,000a0103b9,,松浦牧場,0.0,2012.0,2011.0,1999.0
2020105862,レハイム,牡,保利良次,,タリスマニック,000a013425,インプレショニスト,2010104315,ディープインパクト,2002100816,薪浦亨,松浦牧場,0.0,2013.0,2010.0,2002.0
2020105858,カシノアリエル,牝,,,エスポワールシチー,2005102837,グランドアメリフローラ,000a011165,Grand Slam,000a0022b9,,前川隆範,0.0,2005.0,2004.0,1995.0
2020105857,レイラブレイン,牝,,,キンシャサノキセキ,2003110212,シンデレラ,2015103834,ハーツクライ,2001103038,,発田文広,0.0,2003.0,2015.0,2001.0
2020105854,トップビート,牡,萱野浩二,,ジャスタウェイ,2009106461,レッドキャンティー,2011103439,ヨハネスブルグ,000a0103b9,紅露純,細川農場,0.0,2009.0,2011.0,1999.0
2020105833,ゴールドモニター,牝,佐藤雅彦,,ゴールドアクター,2011105266,ゴールドアピール,2014100761,ベーカバド,000a011dc0,増田隆彰,北勝ファーム,0.0,2011.0,2014.0,2007.0
2020105832,ゴールドシアター,牝,村田一誠,,ゴールドアクター,2011105266,グローバルリーダー,2002102392,テンビー,000a000354,居城寿与,北勝ファーム,0.0,2011.0,2002.0,1990.0
2020105830,ギフトオブヘブン,牝,佐宗応和,,バゴ,2001190004,メテオロン,2009101754,クロフネ,1998110135,日下部勝徳,ホース・マネジメント・ボス,0.0,2001.0,2009.0,1998.0
2020105826,ブルームーンビーム,牡,平田正一,,パイロ,000a01176a,ジンダバイン,2012101518,コマンズ,000a011625,日下部勝徳,ホース・マネジメント・ボス,0.0,2005.0,2012.0,1996.0
2020105822,キングダムダンス,牡,,,サトノダイヤモンド,2013106101,グローリアスレイ,2012103941,チチカステナンゴ,000a011135,,ホース・マネジメント・ボス,0.0,2013.0,2012.0,1998.0
2020105816,ビナスイートの2020,牡,,,コパノリッキー,2010106548,ビナスイート,2009101309,シニスターミニスター,000a011099,,プログレスファーム,0.0,2010.0,2009.0,2003.0
2020105801,アエテルニタス,牝,清水英克,,ジャスタウェイ,2009106461,ラペルトワ,2013102727,ゼンノロブロイ,2000101517,サラブレッドクラブ・ラフィアン,ビッグレッドファーム,0.0,2009.0,2013.0,2000.0
2020105775,ツヴァイウイング,牝,伊藤勝己,,ゴールドシップ,2009102739,マイネアルナイル,2009105140,ロージズインメイ,000a010a10,（同）ＪＰＮ技研,ビッグレッドファーム,0.0,2009.0,2009.0,2000.0
2020105771,ミネストレイル,牝,和田勇介,,スクリーンヒーロー,2004103328,パラノーマル,2013101945,ステイゴールド,1994108729,ビッグレッドファーム,ビッグレッドファーム,0.0,2004.0,2013.0,1994.0
2020105765,コスモアンテロース,牡,菊川正達,,ゴールドシップ,2009102739,ストレンジラブ,2007104497,ネオユニヴァース,2000101426,ビッグレッドファーム,ビッグレッドファーム,0.0,2009.0,2007.0,2000.0
2020105764,コスモシャンソン,牡,大和田成,,ジャングルポケット,1998101786,サルヴェレジーナ,2014100139,スクリーンヒーロー,2004103328,ビッグレッドファーム,ビッグレッドファーム,0.0,1998.0,2014.0,2004.0
2020105763,タイシャククリゲ,牡,西川敏弘,,スクリーンヒーロー,2004103328,サトルアリー,000a011c5c,French Envoy,000a011c25,上岡和男,ビッグレッドファーム,0.0,2004.0,2005.0,1996.0
2020105756,コーヒーブレイク,牝,雑賀正光,,ジョーカプチーノ,2006100529,コスモベル,2004110238,Formal Dinner,000a010bce,中野幸一,ビッグレッドファーム,0.0,2006.0,2004.0,1988.0
2020105745,ポメル,牡,尾関知人,,レッドファルクス,2011104416,キーパップ,2009106458,フレンチデピュティ,000a00013a,サラブレッドクラブ・ラフィアン,ビッグレッドファーム,0.0,2011.0,2009.0,1992.0
2020105720,ミロスラヴァ,牝,小林真也,,モーリス,2011100655,ボカイウヴァ,000a012f9b,Teofilo,000a01139e,フクキタル,パカパカファーム,0.0,2011.0,2011.0,2004.0
2020105716,ラポシュ,牡,,,ジャングルポケット,1998101786,ツーソックス,2005105450,ファルブラヴ,1998190004,,パカパカファーム,0.0,1998.0,2005.0,1998.0
2020105715,ブシノホマレ,牡,谷潔,,ディープブリランテ,2009105084,チアズヒカリ,2000107342,マヤノトップガン,1992102988,岡浩二,パカパカファーム,0.0,2009.0,2000.0,1992.0
2020105710,オフェーリアシチーの2020,牡,,,アメリカンペイトリオット,000a013bba,オフェーリアシチー,2011106312,アドマイヤコジーン,1996106512,,パカパカファーム,0.0,2013.0,2011.0,1996.0
2020105709,アンミティゲイテド,牝,西田雄一,,タリスマニック,000a013425,アンキャニー,2010106308,アグネスタキオン,1998101516,Ｊ．ファーガソン,パカパカファーム,0.0,2013.0,2010.0,1998.0
2020105706,ダイメイジャスミンの2020,牝,,,リアルインパクト,2008103244,ダイメイジャスミン,2015103146,ロードカナロア,2008103552,,林博道,0.0,2008.0,2015.0,2008.0
2020105694,ライメイサイファー,牡,角川秀樹,,コパノリッキー,2010106548,レッドシューズ,2007102986,フジキセキ,1992109618,渋谷健作,ハシモトファーム,0.0,2010.0,2007.0,1992.0
2020105689,プレミアノアールの2020,牡,,,ファインニードル,2013100612,プレミアノアール,2004102853,スペシャルウィーク,1995103211,,ハシモトファーム,0.0,2013.0,2004.0,1995.0
2020105680,ヴァニラシャンティの2020,牝,,,ラブリーデイ,2010104298,ヴァニラシャンティ,2008102751,シンボリクリスエス,1999110099,,ハシモトファーム,0.0,2010.0,2008.0,1999.0
2020105673,シャンハイドール,牝,久保田貴,,ノヴェリスト,000a012230,ホウライマツリ,2012102391,エンパイアメーカー,000a010542,レッドマジック,ハクレイファーム,0.0,2009.0,2012.0,2000.0
2020105668,エリカクロッシュ,牝,安田隆行,,シルバーステート,2013105903,ザデイ,2006100911,シンボリクリスエス,1999110099,唐澤絵里加,ハクレイファーム,0.0,2013.0,2006.0,1999.0
2020105661,ラストデール,牝,鈴木伸尋,,サニングデール,1999109275,セシャト,2013100560,アドマイヤムーン,2003102991,ハクツ牧場,ハクツ牧場,0.0,1999.0,2013.0,2003.0
2020105660,ミコパール,牝,伊坂重信,,ディスクリートキャット,000a0113a1,クリーペル,2006104764,タイキシャトル,1994109686,古賀慎一,ハクツ牧場,0.0,2003.0,2006.0,1994.0
2020105654,エメイヴェイモン,牝,中竹和也,,ハーツクライ,2001103038,ルシュクル,2006104724,サクラバクシンオー,1989108341,前田幸大,ノースヒルズ,0.0,2001.0,2006.0,1989.0
2020105647,ベルカントの2020,牝,,,キズナ,2010105827,ベルカント,2011101395,サクラバクシンオー,1989108341,,ノースヒルズ,0.0,2010.0,2011.0,1989.0
2020105641,サエッタ,牡,河内洋,,キンシャサノキセキ,2003110212,ハーモニー,2009105025,Street Cry,000a0103ba,ノースヒルズ,ノースヒルズ,0.0,2003.0,2009.0,1998.0
2020105640,ハギノナトゥーラの2020,牡,,,ハギノハイブリッド,2011104344,ハギノナトゥーラ,2012100606,ダイワメジャー,2001103114,,ノースヒルズ,0.0,2011.0,2012.0,2001.0
2020105630,ラフィネクリール,牡,武藤善則,,トランセンド,2006104736,スイートメドゥーサ,2010105865,アグネスタキオン,1998101516,ノースヒルズ,ノースヒルズ,0.0,2006.0,2010.0,1998.0
2020105629,プリーズモア,牝,小笠倫弘,,ラニ,2013110045,ジャルダンスクレ,2010110072,Medaglia d'Oro,000a010a65,ノースヒルズ,ノースヒルズ,0.0,2013.0,2010.0,1999.0
2020105623,ローゼンカヴァリエ,牡,渡辺薫彦,,スクリーンヒーロー,2004103328,ケープジャスミン,2009105021,クロフネ,1998110135,ノースヒルズ,ノースヒルズ,0.0,2004.0,2009.0,1998.0
2020105620,シェーヌダンクル,牝,寺島良,,マインドユアビスケッツ,000a01392e,キングベイビー,2010105836,マンハッタンカフェ,1998101554,前田幸大,ノースヒルズ,0.0,2013.0,2010.0,1998.0
2020105619,キトゥンズクイーンの2020,牡,,,ダイワメジャー,2001103114,キトゥンズクイーン,000a012f81,Kitten's Joy,000a0119b3,,ノースヒルズ,0.0,2001.0,2010.0,2001.0
2020105617,オールスマイルの2020,牡,,,シニスターミニスター,000a011099,オールスマイル,2013101795,エンパイアメーカー,000a010542,,ノースヒルズ,0.0,2003.0,2013.0,2000.0
2020105616,コルニチェロ,牡,萩原清,,ハービンジャー,000a011996,エレーデ,2013101838,ディープインパクト,2002100816,前田晋二,ノースヒルズ,0.0,2006.0,2013.0,2002.0
2020105607,ビレイ,牝,宮本博,,キズナ,2010105827,アンファミーユ,2011110026,Medaglia d'Oro,000a010a65,ノースヒルズ,ノースヒルズ,0.0,2010.0,2011.0,1999.0
2020105606,アンシャンタンの2020,牡,,,キズナ,2010105827,アンシャンタン,2008110053,Unbridled's Song,000a002071,,ノースヒルズ,0.0,2010.0,2008.0,1993.0
2020105605,カーバンクル,牝,,,ロードカナロア,2008103552,アディアフォーン,2006104744,ダンスインザダーク,1993109188,,ノースヒルズ,0.0,2008.0,2006.0,1993.0
2020105604,トラザクラ,牡,中竹和也,,キズナ,2010105827,アジアンミーティア,2000110100,Unbridled,000a001cd0,前田晋二,ノースヒルズ,0.0,2010.0,2000.0,1987.0
2020105601,ヤマニンミラグロス,牡,,,エイシンフラッシュ,2007102951,ヤマニンメルベイユ,2002102259,メジロマックイーン,1987107235,,錦岡牧場,0.0,2007.0,2002.0,1987.0
2020105597,ヤマニンエカ,牝,松平幸秀,,ノヴェリスト,000a012230,ヤマニンヌヌース,2015100571,ディープインパクト,2002100816,土井久美子,錦岡牧場,0.0,2009.0,2015.0,2002.0
2020105595,ヤマニンアルテシマ,牝,伊藤和,,ヴィクトワールピサ,2007102923,ヤマニンティアモ,2007104735,キングカメハメハ,2001103460,土井久美子,錦岡牧場,0.0,2007.0,2007.0,2001.0
2020105594,ヤマニンティンク,牝,伊藤和,,イスラボニータ,2011103565,ヤマニンシュクル,2001104834,トウカイテイオー,1988101025,土井久美子,錦岡牧場,0.0,2011.0,2001.0,1988.0
2020105589,ジョリーパーマー,牝,青木孝文,,マインドユアビスケッツ,000a01392e,ジョリーダンス,2001102114,ダンスインザダーク,1993109188,小林薫,錦岡牧場,0.0,2013.0,2001.0,1993.0
2020105581,サカベンローズ,牝,赤嶺本浩,,ホッコータルマエ,2009100921,マンイーター,2008105787,タイキシャトル,1994109686,坂本勉,新冠橋本牧場,0.0,2009.0,2008.0,1994.0
2020105580,マコトベルゲルミル,牡,角田輝也,,ディスクリートキャット,000a0113a1,マコトサンパギータ,2008104057,ジャングルポケット,1998101786,（株）ディアマント,新冠橋本牧場,0.0,2003.0,2008.0,1998.0
2020105575,ロジブルーレイ,牡,稲垣幸雄,,ロジユニヴァース,2006103140,ブルーレイ,2006102842,トワイニング,000a000006,久米田正明,新冠橋本牧場,0.0,2006.0,2006.0,1991.0
2020105573,フライアゲインの2020,牡,,,ダイワメジャー,2001103114,フライアゲイン,000a013e17,Fusaichi Pegasus,000a0022cf,,新冠橋本牧場,0.0,2001.0,2010.0,1997.0
2020105566,マイクロレディ,牝,北出成人,,キタサンブラック,2012102013,タイムフェアレディ,1998100647,メジロマックイーン,1987107235,新冠橋本牧場,新冠橋本牧場,0.0,2012.0,1998.0,1987.0
2020105559,ローレルレジーナ,牝,稲垣幸雄,,ビッグアーサー,2011103328,ギンザヴィクトリア,2012100544,ゼンノロブロイ,2000101517,ローレルレーシング,新冠橋本牧場,0.0,2011.0,2012.0,2000.0
2020105557,アカカブト,牝,尾関知人,,リオンディーズ,2013105915,イオス,2007102838,バゴ,2001190004,由井健太郎,新冠橋本牧場,0.0,2013.0,2007.0,2001.0
2020105554,タガノソフィア,牝,長谷川浩,,エピファネイア,2010104155,ラーダー,2013105331,ハービンジャー,000a011996,八木良司,新冠タガノファーム,0.0,2010.0,2013.0,2006.0
2020105553,タガノファソラ,牝,大根田裕,,ドレフォン,000a013b82,ラヴソレイユ,2007102714,フジキセキ,1992109618,八木良司,新冠タガノファーム,0.0,2013.0,2007.0,1992.0
2020105548,タガノツラヌキ,牡,石坂公一,,レッドスパーダ,2006105511,ブランジェリーナ,2007102801,Smarty Jones,000a01053e,八木良司,新冠タガノファーム,0.0,2006.0,2007.0,2001.0
2020105546,タガノルークス,牡,北出成人,,ヤマカツエース,2012102774,トウシンヴィーナス,2010103857,ディープインパクト,2002100816,八木良司,新冠タガノファーム,0.0,2012.0,2010.0,2002.0
2020105535,タガノヴェント,セ,岡田稲男,,デクラレーションオブウォー,000a0136f6,タガノカトレア,2014100509,エンパイアメーカー,000a010542,八木良司,新冠タガノファーム,0.0,2009.0,2014.0,2000.0
2020105526,フォルイマイッチ,牡,今井輝和,,アジアエクスプレス,2011110091,コルカロリ,2011104988,ステイゴールド,1994108729,八嶋長久,新冠伊藤牧場,0.0,2011.0,2011.0,1994.0
2020105524,エイショウビギン,牝,真島元徳,,コパノリッキー,2010106548,アイズオブナタリー,2011104363,カンパニー,2001103435,原久美子,新冠伊藤牧場,0.0,2010.0,2011.0,2001.0
2020105521,フレンドリーサン,牝,雑賀正光,,ミッキーロケット,2013106099,トウカイミーロ,2013101701,ワークフォース,000a011a7f,増山武志,長浜牧場,0.0,2013.0,2013.0,2007.0
2020105518,オメガライヴ,牡,古賀慎明,,ハービンジャー,000a011996,チェルカービレ,2013104008,ダイワメジャー,2001103114,原禮子,長浜牧場,0.0,2006.0,2013.0,2001.0
2020105508,ノアバラード,牡,川野勇馬,,ビーチパトロール,000a0141f9,ハープスプレンダー,2014105264,ゼンノロブロイ,2000101517,佐山公男,長浜忠,0.0,2013.0,2014.0,2000.0
2020105506,クインオブクインの2020,牡,,,ベーカバド,000a011dc0,クインオブクイン,2002102476,キングヘイロー,1995104427,,長浜忠,0.0,2007.0,2002.0,1995.0
2020105493,サザンプリンス,牡,根本康広,,ヴァンセンヌ,2009106525,ニシノエクレール,2015105196,エイシンフラッシュ,2007102951,サザンホールディング,中山高鹿康,0.0,2009.0,2015.0,2007.0
2020105479,ミヤギヴィゴー,牝,畠山信一,,クリエイターII,000a013630,ザマーチャン,2013105493,ディープインパクト,2002100816,鈴木雅俊,中山高鹿康,0.0,2013.0,2013.0,2002.0
2020105477,ニシノメラーキ,牡,的場均,,ネロ,2011103722,キーラ,2014106224,ディープブリランテ,2009105084,西山茂行,中山高鹿康,0.0,2011.0,2014.0,2009.0
2020105468,トライトエラー,牡,,,ノボジャック,1997110152,ヘーラー,2011103260,サウスヴィグラス,1996110138,,中本牧場,0.0,1997.0,2011.0,1996.0
2020105467,ユウユウジャック,牝,,,ノボジャック,1997110152,フォールメドウ,2009102496,アグネスタキオン,1998101516,,中本牧場,0.0,1997.0,2009.0,1998.0
2020105465,ハダカノココロ,牝,,,ヴィクトワールピサ,2007102923,グローリサンディ,2001102057,エイシンサンディ,1993103280,,中本牧場,0.0,2007.0,2001.0,1993.0
2020105464,キーハニー,牝,本名信行,,コパノリチャード,2010106552,キーレター,2003104182,リンドシェーバー,1988107894,酒井孝敏,中本牧場,0.0,2010.0,2003.0,1988.0
2020105462,キーウオルサム,牡,青木孝文,,パドトロワ,2007102760,キーステージ,2002102412,ジェニュイン,1992109450,北前孔一郎,中本牧場,0.0,2007.0,2002.0,1992.0
2020105460,シトラスフルーツ,牝,青木孝文,,パドトロワ,2007102760,カボスチャン,2012104414,タニノギムレット,1999100226,小林祐一,中本牧場,0.0,2007.0,2012.0,1999.0
2020105450,ロイヤルフレアの2020,牡,,,シルバーステート,2013105903,ロイヤルフレア,2013105630,フレンチデピュティ,000a00013a,,中地広大,0.0,2013.0,2013.0,1992.0
2020105449,ラヴリージョウの2020,牝,,,スノードラゴン,2008104268,ラヴリージョウ,2003100550,フレンチデピュティ,000a00013a,,中地広大,0.0,2008.0,2003.0,1992.0
2020105448,カゼノジョー,牡,岡田稲男,,ノヴェリスト,000a012230,ハコダテダリア,2015100461,ステイゴールド,1994108729,河内孝夫,中地広大,0.0,2009.0,2015.0,1994.0
2020105443,ドンジュアン,牡,,,エピファネイア,2010104155,スーパーマダム,2010103717,タニノギムレット,1999100226,,土井牧場,0.0,2010.0,2010.0,1999.0
2020105439,ゴンドレス,牡,山田和久,,トゥザワールド,2011103975,プリマゴールド,2012101577,ステイゴールド,1994108729,山本晋也,トモファーム,0.0,2011.0,2012.0,1994.0
2020105432,リアルアミューズ,牝,,,リアルスティール,2012104889,パフュームボム,2011102225,プリサイスエンド,000a00fe9b,,富本茂喜,0.0,2012.0,2011.0,1997.0
2020105428,ベストアングル,牡,和田雄二,,イスラボニータ,2011103565,ミスケリー,2013104493,カジノドライヴ,2005110112,西村新一郎,飛渡牧場,0.0,2011.0,2013.0,2005.0
2020105425,ドリームテルテル,牝,,,トーセンラー,2008102985,ヒシサブリナ,2011110053,Bernardini,000a0111fe,,飛渡牧場,0.0,2008.0,2011.0,2003.0
2020105423,サウンドアルジュナ,牡,安達昭夫,,デクラレーションオブウォー,000a0136f6,サウンドラブリー,2014105490,ディープインパクト,2002100816,増田雄一,飛渡牧場,0.0,2009.0,2014.0,2002.0
2020105418,ラバレンヌ,牝,黒川智貴,,トビーズコーナー,000a011fed,シルクジュリエット,1999104263,マーベラスサンデー,1992103687,三橋慶太,堤牧場,0.0,2008.0,1999.0,1992.0
2020105413,フロストクエイク,牡,,,コパノリッキー,2010106548,ワンサイドゲーム,2009106132,ウォーエンブレム,000a00fa35,,津田牧場,0.0,2010.0,2009.0,1999.0
2020105401,チャームアンサーの2020,牡,,,ジャスタウェイ,2009106461,チャームアンサー,2006104566,メジロライアン,1987105368,,対馬正,0.0,2009.0,2006.0,1987.0
2020105393,キャッツプライドの2020,牡,,,タリスマニック,000a013425,キャッツプライド,1998110161,ヘネシー,000a000178,,中央牧場,0.0,2013.0,1998.0,1993.0
2020105390,アースオーガー,牡,鈴木孝志,,ホッコータルマエ,2009100921,ランドクイーン,2010105653,サウスヴィグラス,1996110138,山口敦広,大作ステーブル,0.0,2009.0,2010.0,1996.0
2020105383,ポラリスの2020,牡,,,マインドユアビスケッツ,000a01392e,ポラリス,2009101017,キングカメハメハ,2001103460,,大作ステーブル,0.0,2013.0,2009.0,2001.0
2020105382,ルノン,牝,,,ノヴェリスト,000a012230,ホットランナー,2011104418,ダイワメジャー,2001103114,,大作ステーブル,0.0,2009.0,2011.0,2001.0
2020105380,トウケイチョウテン,牡,辻哲英,,トウケイヘイロー,2009101682,センターアンジェロ,2000103029,オペラハウス,000a000d77,木村信彦,大作ステーブル,0.0,2009.0,2000.0,1988.0
2020105367,ドリームパールの2020,牝,,,ディーマジェスティ,2013104704,ドリームパール,2009106892,マンハッタンカフェ,1998101554,,大栄牧場,0.0,2013.0,2009.0,1998.0
2020105360,テイエムマズルカ,セ,浜田多実,,ディーマジェスティ,2013104704,エクストラニュース,2002100740,エンドスウィープ,000a00010f,竹園正繼,大栄牧場,0.0,2013.0,2002.0,1991.0
2020105357,テイエムインパクト,牡,五十嵐忠,,リアルインパクト,2008103244,テイエムプリキュア,2003101046,パラダイスクリーク,1989109110,竹園正繼,タニグチ牧場,0.0,2008.0,2003.0,1989.0
2020105355,テイエムジンリョク,牡,平山宏秀,,テイエムジンソク,2012101830,テイエムナデシコ,2010105623,ゼンノロブロイ,2000101517,竹園正繼,タニグチ牧場,0.0,2012.0,2010.0,2000.0
2020105346,マオノイラ,牡,黒岩陽一,,ヤマカツエース,2012102774,ディアナムラ,2007104537,ザッツザプレンティ,2000101398,湯浅健司,武田牧場,0.0,2012.0,2007.0,2000.0
2020105342,リュウキンカの2020,牝,,,バゴ,2001190004,リュウキンカ,2013105615,ステイゴールド,1994108729,,武田修一,0.0,2001.0,2013.0,1994.0
2020105339,カルストンラック,牡,竹之下昭,,ジョーカプチーノ,2006100529,フレンドスキャン,2007106450,スキャン,000a000d69,（同）ＪＰＮ技研,武田寛治,0.0,2006.0,2007.0,1988.0
2020105335,カネトシアズサ,牝,玉垣光章,,ワールドエース,2009106353,カネトシレジアス,2005102201,ジャングルポケット,1998101786,兼松宏樹,武田寛治,0.0,2009.0,2005.0,1998.0
2020105330,マジックアイランド,牝,,,ベーカバド,000a011dc0,ケアリイカイ,2014100352,ディープインパクト,2002100816,,高瀬牧場,0.0,2007.0,2014.0,2002.0
2020105329,マルパカビーナス,牝,池田孝,,ホッコータルマエ,2009100921,アルボランシー,2008104594,ロックオブジブラルタル,000a00fd4c,（有）ヘラクレスファ,高瀬牧場,0.0,2009.0,2008.0,1999.0
2020105319,グラニサード,牝,,,ダノンシャーク,2008105554,リバークルーズ,2012100330,マルカシェンク,2003102542,,スピードファーム,0.0,2008.0,2012.0,2003.0
2020105315,スイートウオーター,牝,和田正一,,フェノーメノ,2009106599,ファインロマンス,2008104573,ゴールドアリュール,1999106689,スピードファーム,スピードファーム,0.0,2009.0,2008.0,1999.0
2020105314,ハートヴァインの2020,牝,,,トゥザグローリー,2007103265,ハートヴァイン,2009104756,スピードワールド,1994109494,,スピードファーム,0.0,2007.0,2009.0,1994.0
2020105309,ホシノシュクフク,牝,加藤和宏,,フェノーメノ,2009106599,アイリッシュハート,2015105672,ハーツクライ,2001103038,スピードファーム,スピードファーム,0.0,2009.0,2015.0,2001.0
2020105308,ヨシノマリアージュ,牝,,,ヴェリーハード,2006101853,ディアハピネス,2009102885,サクラバクシンオー,1989108341,,スターファーム,0.0,2006.0,2009.0,1989.0
2020105304,マリブウィンの2020,牡,,,ヘニーヒューズ,000a011155,マリブウィン,000a012046,Malibu Moon,000a010c8e,,須崎牧場,0.0,2003.0,2006.0,1997.0
2020105297,ジーガールージュの2020,牝,,,ミッキーロケット,2013106099,ジーガールージュ,2012100313,カネヒキリ,2002100978,,須崎牧場,0.0,2013.0,2012.0,2002.0
2020105284,サンマリーン,牝,,,サトノクラウン,2012104668,ミスマリーン,2011104789,マヤノトップガン,1992102988,,シンユウファーム,0.0,2012.0,2011.0,1992.0
2020105279,セイカベラトリクス,牝,南田美知,,トーセンジョーダン,2006103169,セイカイリス,2011100622,キングカメハメハ,2001103460,久米誠,シンユウファーム,0.0,2006.0,2011.0,2001.0
2020105275,ラブロジックの2020,牡,,,トゥザワールド,2011103975,ラブロジック,2008105006,ブライアンズタイム,000a000082,,シンカンファーム,0.0,2011.0,2008.0,1985.0
2020105274,マイネルムジーク,牡,栗林徹治,,ダノンバラード,2008103548,マイネルーチェ,2004100789,スペシャルウィーク,1995103211,上村勇人,シンカンファーム,0.0,2008.0,2004.0,1995.0
2020105272,マイネカメリアの2020,牝,,,アグネスデジタル,1997110025,マイネカメリア,2009105164,ディープインパクト,2002100816,,シンカンファーム,0.0,1997.0,2009.0,2002.0
2020105268,シンライウイッシュ,牝,新井健児,,シビルウォー,2005102317,トーホウグラマラス,2015101151,エンパイアメーカー,000a010542,（株）心頼ＬｏｏＰ,シンカンファーム,0.0,2005.0,2015.0,2000.0
2020105260,セイラン,牡,堂山芳則,,ベーカバド,000a011dc0,アラマサローズ,2006104117,スターリングローズ,1997106560,（株）フロンティア,シンカンファーム,0.0,2007.0,2006.0,1997.0
2020105259,ゴオウ,牡,小国博行,,ベーカバド,000a011dc0,アラマサマンボウ,2007104079,ストラヴィンスキー,000a00fa41,西森鶴,シンカンファーム,0.0,2007.0,2007.0,1996.0
2020105254,ミスローラの2020,牡,,,ロージズインメイ,000a010a10,ミスローラ,2015101474,メイショウボーラー,2001100650,,サンローゼン,0.0,2000.0,2015.0,2001.0
2020105251,フッカツノアカシ,牡,小桧山悟,,バンドワゴン,2011104010,スカイワード,2004104022,ティンバーカントリー,000a00035e,福田光博,サンローゼン,0.0,2011.0,2004.0,1992.0
2020105249,イーグルアイ,牡,大江原哲,,ミュゼスルタン,2012104118,フェドゥネージュ,2008100581,アグネスデジタル,1997110025,ＯＲＴＥＧＡ,佐藤義紀,0.0,2012.0,2008.0,1997.0
2020105244,トレジャートリップ,牝,南弘樹,,ロゴタイプ,2010103783,ビルズトレジャー,2014102900,ダノンシャンティ,2007105709,島井新一郎,佐藤牧場,0.0,2010.0,2014.0,2007.0
2020105239,キンショーユキヒメの2020,牝,,,ハービンジャー,000a011996,キンショーユキヒメ,2013105358,メイショウサムソン,2003102205,,佐藤牧場,0.0,2006.0,2013.0,2003.0
2020105233,リュウノランサー,牡,,,シビルウォー,2005102317,ユノエポック,2006103079,アグネスデジタル,1997110025,,坂元芳春,0.0,2005.0,2006.0,1997.0
2020105231,バナナシェイク,牝,佐藤吉勝,,エイシンフラッシュ,2007102951,ツクバオトメ,2008103074,ネオユニヴァース,2000101426,田頭勇貴,坂元芳春,0.0,2007.0,2008.0,2000.0
2020105229,サブノミリオン,牝,,,アジアエクスプレス,2011110091,タケノミリオン,2011105303,ハーツクライ,2001103038,,五丸農場,0.0,2011.0,2011.0,2001.0
2020105224,ヴィヒキルース,牝,小野望,,アポロソニック,2010110120,ユウカスミレ,2000104708,サニーブライアン,1994105719,藤平浩幸,今野活博,0.0,2010.0,2000.0,1994.0
2020105223,パーフェクトスター,牡,,,ルックスザットキル,2012110078,コイスルオトメ,2009100606,グラスワンダー,1995108676,,今野活博,0.0,2012.0,2009.0,1995.0
2020105214,ジャカランダテラスの2020,牡,,,スピルバーグ,2009105961,ジャカランダテラス,2007110126,Redoute's Choice,000a00fe93,,コスモヴューファーム,0.0,2009.0,2007.0,1996.0
2020105208,ウインガレオン,牡,菅原欣也,,ゴールドシップ,2009102739,コスモメリー,2011101467,アドマイヤジャパン,2002102324,（同）ＪＰＮ技研,コスモヴューファーム,0.0,2009.0,2011.0,2002.0
2020105188,ウインティアラの2020,牡,,,ダノンシャンティ,2007105709,ウインティアラ,2012100236,ハービンジャー,000a011996,,コスモヴューファーム,0.0,2007.0,2012.0,2006.0
2020105180,キングブリトン,牡,,,ビッグアーサー,2011103328,ミラクルモーメント,2008104190,フジキセキ,1992109618,,小泉学,0.0,2011.0,2008.0,1992.0
2020105171,デーレーダンカン,牡,鈴木義久,,カレンブラックヒル,2009106230,マイファーストラヴ,2006104350,スエヒロコマンダー,1995104468,久松朋史,小泉牧場,0.0,2009.0,2006.0,1995.0
2020105166,サウンドレーヴ,牝,斉藤崇史,,スクリーンヒーロー,2004103328,サウンドガガ,2009110065,Roman Ruler,000a011480,増田雄一,小泉牧場,0.0,2004.0,2009.0,2002.0
2020105162,リュウノヒエン,牡,,,アジアエクスプレス,2011110091,グッドレインボー,2010102982,ステイゴールド,1994108729,,小泉牧場,0.0,2011.0,2010.0,1994.0
2020105151,ミラクルキューブ,牝,竹内正洋,,ホッコータルマエ,2009100921,ミラクルクロス,2008104412,フジキセキ,1992109618,ローレルレーシング,川島牧場,0.0,2009.0,2008.0,1992.0
2020105142,ビレッジマーメイド,牝,土田稔,,ルーラーシップ,2007103143,ウインヴァネッサ,2008105055,アグネスタキオン,1998101516,村山輝雄,川島牧場,0.0,2007.0,2008.0,1998.0
2020105141,イイゾの2020,牡,,,キズナ,2010105827,イイゾ,2015100176,ロードカナロア,2008103552,,川島牧場,0.0,2010.0,2015.0,2008.0
2020105140,スレートグレイ,牝,杉浦宏昭,,ルーラーシップ,2007103143,アカリ,2006101670,ネオユニヴァース,2000101426,山岸桂市,川島牧場,0.0,2007.0,2006.0,2000.0
2020105132,ルレーブアマゾン,牝,村田一誠,,マジェスティックウォリアー,000a011e9c,マリノアマゾネス,2014100133,マンハッタンカフェ,1998101554,クラウン,カミイスタット,0.0,2005.0,2014.0,1998.0
2020105127,テイエムマクウチ,牡,飯田雄三,,マクフィ,000a011c77,ヒシガーネット,2010105393,マンハッタンカフェ,1998101554,竹園正繼,カミイスタット,0.0,2007.0,2010.0,1998.0
2020105122,ドリーミーバローズ,牝,上村洋行,,ヘニーヒューズ,000a011155,オータムカラー,2009106438,ダンスインザダーク,1993109188,猪熊広次,カミイスタット,0.0,2003.0,2009.0,1993.0
2020105094,ハマナスの2020,牡,,,パイロ,000a01176a,ハマナス,2013100299,キングカメハメハ,2001103460,,オリエント牧場,0.0,2005.0,2013.0,2001.0
2020105086,ソレノプシス,牝,加藤誠一,,ヴァンセンヌ,2009106525,アイチャンルック,2001101556,ジェネラス,000a000148,山本将司,岡牧場,0.0,2009.0,2001.0,1988.0
2020105082,シゲルレッドスター,牡,松山将樹,,シゲルカガ,2011103048,シゲルデリシャス,2009103257,フジキセキ,1992109618,森中啓子,大林ファーム,0.0,2011.0,2009.0,1992.0
2020105080,キーマーガレット,牝,藤沢則雄,,ネロ,2011103722,キースカーフ,2012106110,キングヘイロー,1995104427,北前孔一郎,大林ファーム,0.0,2011.0,2012.0,1995.0
2020105077,ミヤビエポレット,牡,高橋文雅,,ヴィクトワールピサ,2007102923,ミヤビハルカ,2005101523,ウォーエンブレム,000a00fa35,村上義勝,大狩部牧場,0.0,2007.0,2005.0,1999.0
2020105070,ヒダカエクスプレス,セ,高橋一哉,,アジアエクスプレス,2011110091,ヒメキヨヒダカ,2012100836,ハービンジャー,000a011996,岡田牧雄,大狩部牧場,0.0,2011.0,2012.0,2006.0
2020105064,ドロップキック,牡,別府真司,,ベルシャザール,2008103004,スノードロップ,2010103247,クロフネ,1998110135,（株）ファーストビジ,大狩部牧場,0.0,2008.0,2010.0,1998.0
2020105063,シノビダンス,牡,,,コパノリッキー,2010106548,サクヤヒメ,2012103868,ホワイトマズル,1990109700,,大狩部牧場,0.0,2010.0,2012.0,1990.0
2020105050,オーサムクイーンの2020,牡,,,エピファネイア,2010104155,オーサムクイーン,2014100088,クロフネ,1998110135,,岩見牧場,0.0,2010.0,2014.0,1998.0
2020105039,ドゥーザトリック,牡,小西一男,,トゥザワールド,2011103975,マルヒロトリック,2011101370,ヨハネスブルグ,000a0103b9,岡田牧雄,石田牧場,0.0,2011.0,2011.0,1999.0
2020105025,キイアウェイクン,牝,小桧山悟,,タニノギムレット,1999100226,エレガントゴールド,2005107081,ステイゴールド,1994108729,安田嘉太郎,飯島功典,0.0,1999.0,2005.0,1994.0
2020105024,アセットサクラの2020,牝,,,コパノリチャード,2010106552,アセットサクラ,2015100060,エスポワールシチー,2005102837,,飯島功典,0.0,2010.0,2015.0,2005.0
2020105020,イータカリーナの2020,牡,,,エスケンデレヤ,000a012cc0,イータカリーナ,2005105596,Forestry,000a002270,,アラキファーム,0.0,2007.0,2005.0,1996.0
2020105016,ベイビーローズの2020,牡,,,エスポワールシチー,2005102837,ベイビーローズ,2006110098,シングスピール,1992190005,,安達牧場,0.0,2005.0,2006.0,1992.0
2020105012,ツルマルアイの2020,牡,,,サトノクラウン,2012104668,ツルマルアイ,2004106030,タイキシャトル,1994109686,,安達牧場,0.0,2012.0,2004.0,1994.0
2020105008,チュニジアブルー,牡,,,イスラボニータ,2011103565,ゴールデンプライズ,2005102303,ホワイトマズル,1990109700,,安達牧場,0.0,2011.0,2005.0,1990.0
2020105000,イサイ,牡,井樋一也,,シルバーステート,2013105903,フォーシンズ,000a011533,Sinndar,000a002329,小橋亮太,アサヒ牧場,0.0,2013.0,2004.0,1997.0
2020104998,ジーバイオレット,牡,,,グランプリボス,2008103388,ジーベロニカ,2013104372,キングカメハメハ,2001103460,,アサヒ牧場,0.0,2008.0,2013.0,2001.0
2020104995,セイエスパシオ,牡,加用正,,サトノクラウン,2012104668,カインドオブブルー,2006103233,クロフネ,1998110135,金田成基,アサヒ牧場,0.0,2012.0,2006.0,1998.0
2020104992,アオゴールド,牡,久保田貴,,フェノーメノ,2009106599,アルマネーレーイス,2009104470,ジャングルポケット,1998101786,大野淳史,アサヒ牧場,0.0,2009.0,2009.0,1998.0
2020104989,シルクミレニアの2020,牝,,,ヴァンセンヌ,2009106525,シルクミレニア,2009105399,ブライアンズタイム,000a000082,,浅川牧場,0.0,2009.0,2009.0,1985.0
2020104978,オンクルヨリ,牡,西田雄一,,ホッコータルマエ,2009100921,コパノニキータ,2001107110,ティンバーカントリー,000a00035e,辻子依旦,ヤナガワ牧場,0.0,2009.0,2001.0,1992.0
2020104977,ラッシュオブジョイの2020,牝,,,ディスクリートキャット,000a0113a1,ラッシュオブジョイ,2015101668,パイロ,000a01176a,,門別牧場,0.0,2003.0,2015.0,2005.0
2020104974,キイトーン,牝,坂口義幸,,ザサンデーフサイチ,2004102855,ウィンナワルツ,2004103231,アグネスタキオン,1998101516,渋谷高雄,宝寄山拓樹,0.0,2004.0,2004.0,1998.0
2020104971,ホワイトセージ,牝,,,ラブリーデイ,2010104298,マローブルー,2011100796,ディープインパクト,2002100816,,日高大洋牧場,0.0,2010.0,2011.0,2002.0
2020104953,ルージュアグライア,牝,昆貢,,アメリカンペイトリオット,000a013bba,アンジュパッセ,2015101648,Shamardal,000a010c92,東京ホースレーシング,奥山牧場,0.0,2013.0,2015.0,2002.0
2020104950,エアリーチューンの2020,牝,,,レッドスパーダ,2006105511,エアリーチューン,2012104470,ステイゴールド,1994108729,,アースファーム,0.0,2006.0,2012.0,1994.0
2020104949,アイファーポケット,牡,,,ビーチパトロール,000a0141f9,アヤナルベルス,2007101427,サクラバクシンオー,1989108341,,アースファーム,0.0,2013.0,2007.0,1989.0
2020104946,ヒシパールの2020,牝,,,ホッコータルマエ,2009100921,ヒシパール,2010102213,ディープインパクト,2002100816,,中村雅明,0.0,2009.0,2010.0,2002.0
2020104941,ミサトサンデーの2020,牡,,,アドマイヤムーン,2003102991,ミサトサンデー,2006104053,フサイチコンコルド,1993109220,,木村秀則,0.0,2003.0,2006.0,1993.0
2020104937,ヴォアプレット,牡,中内田充,,ハーツクライ,2001103038,クォリティシーズン,2008103847,トワイニング,000a000006,金子真人ホールディングス,社台ファーム,0.0,2001.0,2008.0,1991.0
2020104931,サクライリュームの2020,牝,,,トゥザワールド,2011103975,サクライリューム,2005101085,コマンダーインチーフ,000a0000b0,,山田牧場,0.0,2011.0,2005.0,1990.0
2020104923,ケアレスグレース,牝,田中克典,,Showcasing,000a013495,マンゴタンゴ,000a015945,Siyouni,000a012056,矢野秀春,矢野牧場,0.0,2007.0,2013.0,2007.0
2020104915,スターリーウインドの2020,牡,,,ハービンジャー,000a011996,スターリーウインド,2012103704,ゼンノロブロイ,2000101517,,矢野牧場,0.0,2006.0,2012.0,2000.0
2020104914,アイルフライ,牝,寺島良,,ハーツクライ,2001103038,スターズインハーアイズ,000a00fe59,Woodman,000a001beb,勝本竜二,矢野牧場,0.0,2001.0,1999.0,1983.0
2020104908,スズカプラチナの2020,牡,,,レインボーライン,2013106183,スズカプラチナ,2005100326,フレンチデピュティ,000a00013a,,ムーンシェル・インベストメンツ,0.0,2013.0,2005.0,1992.0
2020104904,ドゥハの2020,牡,,,ルーラーシップ,2007103143,ドゥハ,2014106246,ゼンノロブロイ,2000101517,,三木田牧場,0.0,2007.0,2014.0,2000.0
2020104889,オーブアンドセプタ,牝,辻野泰之,,ファインニードル,2013100612,ハルーワソング,000a00683b,Nureyev,000a001676,ヒダカ・ブリーダーズ・ユニオン,松田牧場,0.0,2013.0,1996.0,1977.0
2020104888,ジュラーレの2020,牝,,,ファインニードル,2013100612,ジュラーレ,2013104873,ジャングルポケット,1998101786,,松田牧場,0.0,2013.0,2013.0,1998.0
2020104879,ツウィ,牝,尾形和幸,,メイショウボーラー,2001100650,アンジェレッタ,2015106259,ロードカナロア,2008103552,ＩＲレーシング,松田牧場,0.0,2001.0,2015.0,2008.0
2020104877,クロネコの2020,牝,,,ビーチパトロール,000a0141f9,クロネコ,2001103169,ダンスインザダーク,1993109188,,増本良孝,0.0,2013.0,2001.0,1993.0
2020104876,ベルスオーノ,牡,牧光二,,ヘニーハウンド,2008110097,クィーンズロード,2014110103,Quality Road,000a011cff,林正道,増本良孝,0.0,2008.0,2014.0,2006.0
2020104867,サンライズムート,牡,,,デクラレーションオブウォー,000a0136f6,オーシャンブルグ,2011102616,ヨハネスブルグ,000a0103b9,,増本牧場,0.0,2009.0,2011.0,1999.0
2020104866,ユキノヴィクトリー,牡,笹野博司,,クリエイターII,000a013630,ユキノサンブライト,2011102559,ブラックタイド,2001103312,井上基之,前田牧場,0.0,2013.0,2011.0,2001.0
2020104865,ユキノヴィーナスの2020,牝,,,レッドファルクス,2011104416,ユキノヴィーナス,2008100944,グラスワンダー,1995108676,,前田牧場,0.0,2011.0,2008.0,1995.0
2020104860,シゲルピカイチ,牡,伊藤圭三,,ビッグアーサー,2011103328,シゲルアサヒダケ,2006100398,ネオユニヴァース,2000101426,森中蕃,前田牧場,0.0,2011.0,2006.0,2000.0
2020104847,レガリア,牝,田中克典,,リオンディーズ,2013105915,グラニーズチップス,2014105916,ハーツクライ,2001103038,カナヤマホールディングス,前谷武志,0.0,2013.0,2014.0,2001.0
2020104838,トートラスール,牡,,,ヤマカツエース,2012102774,コスタズメラルダ,2006103855,コロナドズクエスト,000a0000b5,,真歌田中牧場,0.0,2012.0,2006.0,1995.0
2020104836,ピーク,牝,堀内岳志,,ナカヤマフェスタ,2006102424,ローズギフト,2016106295,Siyouni,000a012056,和泉憲一,北洋牧場,0.0,2006.0,2016.0,2007.0
2020104828,モキハナ,牝,尾形和幸,,コパノリッキー,2010106548,カリストーガ,2014106476,ダノンシャンティ,2007105709,小林由明,北洋牧場,0.0,2010.0,2014.0,2007.0
2020104822,ベルフランシール,牝,村山明,,ダノンレジェンド,2010110102,プリンセスチャーム,2006104636,ブライアンズタイム,000a000082,内田滋三,へいはた牧場,0.0,2010.0,2006.0,1985.0
2020104812,コパノサンタアナ,牡,村山明,,コパノリッキー,2010106548,コパノハート,2012103513,コパノフウジン,2002106885,小林祥晃,へいはた牧場,0.0,2010.0,2012.0,2002.0
2020104806,アポロサンデス,牡,,,アポロソニック,2010110120,アンジュデトワール,2012104567,スペシャルウィーク,1995103211,,へいはた牧場,0.0,2010.0,2012.0,1995.0
2020104805,ソウウンカガヤキ,牝,倉地学,,ノヴェリスト,000a012230,アドマイヤセレブ,2015103196,ロードカナロア,2008103552,服部新平,へいはた牧場,0.0,2009.0,2015.0,2008.0
2020104804,コパノキャスパー,牡,,,コパノリチャード,2010106552,アカリアイドル,2012103393,サクラバクシンオー,1989108341,,へいはた牧場,0.0,2010.0,2012.0,1989.0
2020104795,コントロッロ,牡,松永昌博,,ルーラーシップ,2007103143,プリンセスペスカ,2006101542,チーフベアハート,1993190010,山田信太郎,藤原牧場,0.0,2007.0,2006.0,1993.0
2020104787,コンフルエンス,牡,笹田和秀,,ビッグアーサー,2011103328,センショウレイナ,2013103991,ハービンジャー,000a011996,川勝裕之,藤原牧場,0.0,2011.0,2013.0,2006.0
2020104781,スカイレイジング,牡,岩戸孝樹,,ディープブリランテ,2009105084,オアシスムーン,2010103296,アグネスタキオン,1998101516,三浦勝仁,藤原牧場,0.0,2009.0,2010.0,1998.0
2020104777,アスカミヤビ,牡,,,ラブリーデイ,2010104298,アスカクイン,2011102567,スペシャルウィーク,1995103211,,藤原牧場,0.0,2010.0,2011.0,1995.0
2020104775,コットンキャンディ,牝,,,リオンディーズ,2013105915,レーヌミノル,2014105043,ダイワメジャー,2001103114,,フジワラファーム,0.0,2013.0,2014.0,2001.0
2020104773,ヤマカツリン,牝,小栗実,,ヤマカツエース,2012102774,ヤマカツオーキッド,2005100161,ダンスインザダーク,1993109188,山田和夫,フジワラファーム,0.0,2012.0,2005.0,1993.0
2020104749,ゴールデンパス,牝,,,ワールドエース,2009106353,スポークスウーマン,000a012805,Invincible Spirit,000a01056d,,フジワラファーム,0.0,2009.0,2010.0,1997.0
2020104743,アナザーブレイク,牡,角田晃一,,ルーラーシップ,2007103143,オールザットジャズ,2008100868,タニノギムレット,1999100226,市川義美ホールディングス,フジワラファーム,0.0,2007.0,2008.0,1999.0
2020104742,ミツルスピード,牡,本田優,,ルーラーシップ,2007103143,エレアノラデュース,000a013e36,Azamour,000a01053b,守内ひろ子,フジワラファーム,0.0,2007.0,2007.0,2001.0
2020104724,サブノジョニー,牡,,,ダンカーク,000a012185,サブノハッピー,2012103452,アジュディケーティング,000a000d5d,,藤沢牧場,0.0,2006.0,2012.0,1987.0
2020104720,キョウエイリリックの2020,牝,,,マクフィ,000a011c77,キョウエイリリック,2010103244,マンハッタンカフェ,1998101554,,藤沢牧場,0.0,2007.0,2010.0,1998.0
2020104718,ルースエスペランサ,牝,佐藤祐司,,サトノダイヤモンド,2013106101,アドマイヤレッド,2006102845,ストラヴィンスキー,000a00fa41,木村良明,藤沢牧場,0.0,2013.0,2006.0,1996.0
2020104717,アツコの2020,牡,,,リアルスティール,2012104889,アツコ,2013100913,ワークフォース,000a011a7f,,藤沢牧場,0.0,2012.0,2013.0,2007.0
2020104714,ペイストリーの2020,牝,,,シャンハイボビー,000a0127e4,ペイストリー,2015104410,オルフェーヴル,2008102636,,藤川ファーム,0.0,2010.0,2015.0,2008.0
2020104710,パーフェクトレディの2020,牡,,,ニシケンモノノフ,2011105438,パーフェクトレディ,2008100062,タニノギムレット,1999100226,,藤川ファーム,0.0,2011.0,2008.0,1999.0
2020104706,マサハヤラヴォー,牡,,,ヴィクトワールピサ,2007102923,オープンマインド,2015105092,ロードカナロア,2008103552,,藤川ファーム,0.0,2007.0,2015.0,2008.0
2020104704,アポロパドメ,牝,,,ダンカーク,000a012185,エイミーフレイバー,2013104674,キングカメハメハ,2001103460,,藤川ファーム,0.0,2006.0,2013.0,2001.0
2020104698,ミストフラワー,牡,桜田康二,,レーヴミストラル,2012104929,グロリアスフラワー,2007102763,スペシャルウィーク,1995103211,高野英彦,原田久司,0.0,2012.0,2007.0,1995.0
2020104694,ミルキーシャワー,牝,羽月友彦,,ダンカーク,000a012185,フジエンジェル,2013105723,ダンスインザダーク,1993109188,吉岡泰治,原ファーム,0.0,2006.0,2013.0,1993.0
2020104687,オリエンタルデイ,牝,大江原哲,,ヴァンセンヌ,2009106525,ミヤビハンター,2005107055,メイショウホムラ,1988101162,棚網基己,原弘之,0.0,2009.0,2005.0,1988.0
2020104686,リュウキヘイ,牡,牧田和弥,,バトルプラン,000a0118e8,マイネペンタグラム,2009105190,アグネスタキオン,1998101516,二口雅一,原弘之,0.0,2005.0,2009.0,1998.0
2020104684,フレンドローズ,牝,南田美知,,バトルプラン,000a0118e8,ダイワノブレス,2001103200,サンデーサイレンス,000a00033a,横尾晴人,原弘之,0.0,2005.0,2001.0,1986.0
2020104673,マスターセイレーンの2020,牡,,,ラブイズブーシェ,2009101075,マスターセイレーン,2007100767,ネオユニヴァース,2000101426,,服部牧場,0.0,2009.0,2007.0,2000.0
2020104672,フウライジンモン,牝,伊坂重信,,コパノリッキー,2010106548,マスターエクレール,2009110002,Elusive Quality,000a00231f,大久保幸夫,服部牧場,0.0,2010.0,2009.0,1993.0
2020104666,ハーランズサイン,牝,桜井今朝,,シルバーステート,2013105903,ハーランズロマン,2012110120,Harlan's Holiday,000a010cdf,西岡透,服部牧場,0.0,2013.0,2012.0,1999.0
2020104659,ナムラオードリー,牝,石栗龍彦,,サトノアラジン,2011104063,ナムラユメ,2015106079,ゼンノロブロイ,2000101517,奈村睦弘,八田ファーム,0.0,2011.0,2015.0,2000.0
2020104658,ナムラソフィア,牝,鈴木孝志,,サトノアラジン,2011104063,ナムラボルテージ,2007100758,グランデラ,000a00fe3b,奈村睦弘,八田ファーム,0.0,2011.0,2007.0,1998.0
2020104654,レガロフィオリ,牝,高橋義忠,,West Coast,000a013d72,レガリニ,000a015979,ハードスパン,000a0116a1,ヒダカ・ブリーダーズ・ユニオン,畠山牧場,0.0,2014.0,2014.0,2004.0
2020104647,ライブリアンジェラ,牝,尾原強,,キタサンブラック,2012102013,ジムジャム,000a013e3a,Frankel,000a01239b,加藤哲郎,畠山牧場,0.0,2012.0,2014.0,2008.0
2020104637,シンライクレイヴ,牝,凾館一昭,,ラニ,2013110045,プリンセス,2014104943,キングズベスト,000a0022d2,（株）心頼ＬｏｏＰ,橋本牧場,0.0,2013.0,2014.0,1997.0
2020104630,イサムサットン,牡,桜田浩樹,,コパノリッキー,2010106548,ナムラジュエル,2008100751,マーベラスサンデー,1992103687,石田勇,野坂牧場,0.0,2010.0,2008.0,1992.0
2020104622,アロゴの2020,牝,,,ワールドエース,2009106353,アロゴ,2016106137,ジャスタウェイ,2009106461,,野坂牧場,0.0,2009.0,2016.0,2009.0
2020104615,アイファープレミア,牝,加藤幸保,,ヴァンセンヌ,2009106525,アイファーラブラブ,2002104666,タックスパラダイス,1995106667,中島稔,野表篤夫,0.0,2009.0,2002.0,1995.0
2020104612,ローザレーヌの2020,牝,,,ヘニーヒューズ,000a011155,ローザレーヌ,2006104175,マンハッタンカフェ,1998101554,,西村牧場,0.0,2003.0,2006.0,1998.0
2020104608,サンアレックス,牝,盛本信春,,エイシンフラッシュ,2007102951,マリナーズコンパス,2010103886,ディープインパクト,2002100816,坂東まさ子,西村牧場,0.0,2007.0,2010.0,2002.0
2020104600,ウインタイズ,牡,畠山吉宏,,キズナ,2010105827,テーブルスピーチ,2007100204,フレンチデピュティ,000a00013a,ウイン,西村牧場,0.0,2010.0,2007.0,1992.0
2020104586,ダンスインザムーンの2020,牡,,,オーシャンブルー,2008102978,ダンスインザムーン,2006101372,ダンスインザダーク,1993109188,,西川富岡牧場,0.0,2008.0,2006.0,1993.0
2020104579,ペイシャカリントウ,牝,平山宏秀,,ベストウォーリア,2010110127,ノーブルヴィサージ,2012103385,ステイゴールド,1994108729,北所拓也,中田浩美,0.0,2010.0,2012.0,1994.0
2020104578,エイトメロディーズ,牡,尾形和幸,,ワンアンドオンリー,2011105072,エムエヌメロディー,2002102305,グラスワンダー,1995108676,岡田牧雄,中田浩美,0.0,2011.0,2002.0,1995.0
2020104577,プリモスペシャルの2020,牝,,,コパノリチャード,2010106552,プリモスペシャル,2004103808,フォーティナイナー,000a000134,,鳥谷勝彦,0.0,2010.0,2004.0,1985.0
2020104573,フレンズエース,牡,,,ワールドエース,2009106353,ペイシャプレゼント,2015106002,ノヴェリスト,000a012230,,友田牧場,0.0,2009.0,2015.0,2009.0
2020104560,スピネッタの2020,牡,,,コパノリチャード,2010106552,スピネッタ,2006100329,シンボリクリスエス,1999110099,,泊寿幸,0.0,2010.0,2006.0,1999.0
2020104558,アマランスの2020,牝,,,ミッキーロケット,2013106099,アマランス,2001103721,サンデーサイレンス,000a00033a,,泊寿幸,0.0,2013.0,2001.0,1986.0
2020104544,マリアンズクックの2020,牡,,,パドトロワ,2007102760,マリアンズクック,2011102329,ブラックホーク,1994109361,,徳本幸雄,0.0,2007.0,2011.0,1994.0
2020104540,ヒロノエクスプレス,牡,,,アジアエクスプレス,2011110091,ワンファインデイ,2013104530,ディープインパクト,2002100816,,千代田牧場,0.0,2011.0,2013.0,2002.0
2020104531,ラブミーテンダーの2020,牡,,,リオンディーズ,2013105915,ラブミーテンダー,2012103200,ゼンノロブロイ,2000101517,,千代田牧場,0.0,2013.0,2012.0,2000.0
2020104529,レジェンダシチー,牡,上原博之,,ダノンレジェンド,2010110102,ラフェデビジュー,2013104476,スペシャルウィーク,1995103211,友駿ホースクラブ,千代田牧場,0.0,2010.0,2013.0,1995.0
2020104521,アオイテン,牡,西園翔太,,ロードカナロア,2008103552,ホエールキャプチャ,2008100544,クロフネ,1998110135,新谷幸義,千代田牧場,0.0,2008.0,2008.0,1998.0
2020104513,ブライスキャニオンの2020,牡,,,キズナ,2010105827,ブライスキャニオン,000a012f93,Galileo,000a00232b,,千代田牧場,0.0,2010.0,2011.0,1998.0
2020104511,フォルテシモの2020,牝,,,ノヴェリスト,000a012230,フォルテシモ,2010102940,ディープインパクト,2002100816,,千代田牧場,0.0,2009.0,2010.0,2002.0
2020104508,ビバパーチェの2020,牡,,,デクラレーションオブウォー,000a0136f6,ビバパーチェ,2013104506,エンパイアメーカー,000a010542,,千代田牧場,0.0,2009.0,2013.0,2000.0
2020104504,シェケラート,牝,須貝尚介,,ハーツクライ,2001103038,バディーラ,000a011ac4,Unbridled's Song,000a002071,飯田正剛,千代田牧場,0.0,2001.0,2008.0,1993.0
2020104500,アシリパ,牝,武英智,,ビッグアーサー,2011103328,ドリームカムカム,1998104511,メジロライアン,1987105368,飯田正剛,千代田牧場,0.0,2011.0,1998.0,1987.0
2020104489,スピリタス,牡,佐々木晶,,キズナ,2010105827,タニノアーバンシー,2013110057,Sea The Stars,000a011c78,坂口慎吾,千代田牧場,0.0,2010.0,2013.0,2006.0
2020104470,シゲルイタダキ,牡,渡辺薫彦,,モーリス,2011100655,グラミスキャッスル,2013104449,クロフネ,1998110135,森中蕃,千代田牧場,0.0,2011.0,2013.0,1998.0
2020104468,コロナオペルタ,セ,蛯名利弘,,ブラックタイド,2001103312,カチューシャ,2009103906,ケイムホーム,000a0108d1,岡田牧雄,千代田牧場,0.0,2001.0,2009.0,1999.0
2020104464,ネイビー,牝,国枝栄,,サトノダイヤモンド,2013106101,ヴィクタシア,2009110044,Bluegrass Cat,000a01173d,飯田正剛,千代田牧場,0.0,2013.0,2009.0,2003.0
2020104461,アルマフエルテ,牡,岩戸孝樹,,ジャスタウェイ,2009106461,アルマリンピア,2008100570,タイキシャトル,1994109686,飯田良枝,千代田牧場,0.0,2009.0,2008.0,1994.0
2020104459,ゴールドキャヴィアの2020,牡,,,フリオーソ,2004106867,ゴールドキャヴィア,2009104875,ゴールドアリュール,1999106689,,チェリーフィールズ,0.0,2004.0,2009.0,1999.0
2020104458,トキノマイ,牝,佐々木国,,メイショウボーラー,2001100650,ミューズマジック,2005102352,スウェプトオーヴァーボード,000a00fa34,大典牧場（有）,大典牧場,0.0,2001.0,2005.0,1997.0
2020104451,タイガーウッド,牡,村山明,,ファインニードル,2013100612,メモリアルイヤー,2008103928,ゴールドアリュール,1999106689,西村新一郎,田原橋本牧場,0.0,2013.0,2008.0,1999.0
2020104449,ドウドウムーン,牡,天間昭一,,アドマイヤムーン,2003102991,チェリースマイル,2012103172,サクラバクシンオー,1989108341,西村新一郎,田原橋本牧場,0.0,2003.0,2012.0,1989.0
2020104430,エペ,牡,打越勇児,,シャンハイボビー,000a0127e4,サクラフルーレ,2011102165,マンハッタンカフェ,1998101554,カナヤマホールディングス,谷岡牧場,0.0,2010.0,2011.0,1998.0
2020104427,サクラエース,牡,金成貴史,,リオンディーズ,2013105915,サクラクローバー,2007100475,サウスヴィグラス,1996110138,さくらコマース,谷岡牧場,0.0,2013.0,2007.0,1996.0
2020104424,アンフォゲット,牡,坂口智康,,メイショウサムソン,2003102205,サクラローズマリー,2006101383,サクラプレジデント,2000102261,ヒダカ・ブリーダーズ・ユニオン,谷岡スタット,0.0,2003.0,2006.0,2000.0
2020104422,サンドジオグリフ,牡,金田一昌,,ビーチパトロール,000a0141f9,サクラナスカ,2006101071,サクラバクシンオー,1989108341,矢沼浩二,谷岡スタット,0.0,2013.0,2006.0,1989.0
2020104421,サクラユーロスター,牡,尾関知人,,アジアエクスプレス,2011110091,サクラディソール,2010103901,ダイワメジャー,2001103114,さくらコマース,谷岡スタット,0.0,2011.0,2010.0,2001.0
2020104412,ソルシエトウショウの2020,牡,,,レーヴミストラル,2012104929,ソルシエトウショウ,2011102299,マーベラスサンデー,1992103687,,棚川祐志,0.0,2012.0,2011.0,1992.0
2020104396,インヴィンシブルタッチの2020,牡,,,キタサンブラック,2012102013,インヴィンシブルタッチ,000a013b88,Invincible Spirit,000a01056d,,田中裕之,0.0,2012.0,2007.0,1997.0
2020104386,シャルフミニョンヌの2020,牡,,,レインボーライン,2013106183,シャルフミニョンヌ,2006101195,ジャングルポケット,1998101786,,武牧場,0.0,2013.0,2006.0,1998.0
2020104383,ヴィーヴァテキーラの2020,牝,,,ワールドエース,2009106353,ヴィーヴァテキーラ,2013104369,タイキシャトル,1994109686,,武牧場,0.0,2009.0,2013.0,1994.0
2020104382,ウインファンタジアの2020,牝,,,アドマイヤムーン,2003102991,ウインファンタジア,2002102785,ヘネシー,000a000178,,武牧場,0.0,2003.0,2002.0,1993.0
2020104378,フォーコ,牡,堀千亜樹,,パイロ,000a01176a,プンターレ,2009102820,ブラックタキシード,1996107315,ターフ・スポート,高橋義浩,0.0,2005.0,2009.0,1996.0
2020104364,サモーラ,牝,,,シニスターミニスター,000a011099,サンタテレサ,2014105803,ドリームジャーニー,2004102753,,高橋ファーム,0.0,2003.0,2014.0,2004.0
2020104360,ミヤビラピート,牡,高橋文雅,,ルーラーシップ,2007103143,ルナレディ,2011101399,タイキシャトル,1994109686,村上義勝,高橋修,0.0,2007.0,2011.0,1994.0
2020104359,トキノヤマト,牡,田村康仁,,ダンカーク,000a012185,リアリーラヴユー,2008103046,スペシャルウィーク,1995103211,醍醐徹,高橋修,0.0,2006.0,2008.0,1995.0
2020104358,タッカーカムカム,牝,鈴木伸尋,,ドレフォン,000a013b82,ラインキャメロン,2009103711,キングカメハメハ,2001103460,小松崎孝,高橋修,0.0,2013.0,2009.0,2001.0
2020104356,ルナスティール,牝,中塚猛,,リアルスティール,2012104889,マーティンルナ,2015100839,ハービンジャー,000a011996,大戸志浦,高橋修,0.0,2012.0,2015.0,2006.0
2020104353,ラウラ,牝,,,アジアエクスプレス,2011110091,トーセンスタッフ,2008100166,アフリート,000a000013,,高橋修,0.0,2011.0,2008.0,1984.0
2020104350,スピルクリスティ,牝,中塚猛,,スピルバーグ,2009105961,オートクリス,2006101096,シンボリクリスエス,1999110099,大戸志浦,高橋修,0.0,2009.0,2006.0,1999.0
2020104343,タイセイラプソディ,牡,佐藤雅彦,,ドゥラメンテ,2012104511,ベアフットレディ,000a012102,Footstepsinthesand,000a0111b5,相馬哲夫,タイヘイ牧場,0.0,2012.0,2008.0,2002.0
2020104338,ヴァラエタル,牝,秋田大助,,ダイワメジャー,2001103114,トゥアーニー,000a013e89,Country Reel,000a012054,北原大史,タイヘイ牧場,0.0,2001.0,2013.0,2000.0
2020104335,コウテツレディー,牝,斎藤誠,,スクリーンヒーロー,2004103328,サウンドオブハート,2009103696,アグネスタキオン,1998101516,佐藤守宏,タイヘイ牧場,0.0,2004.0,2009.0,1998.0
2020104333,ハーツファンタジア,牝,加藤士津,,ハーツクライ,2001103038,グレイトペイジ,000a014478,Roderic O'Connor,000a012873,ライオンレースホース,タイヘイ牧場,0.0,2001.0,2013.0,2008.0
2020104331,フェアリーサークル,牝,,,ディーマジェスティ,2013104704,マキアージュシチー,2010100936,ダイワメジャー,2001103114,,曾我博,0.0,2013.0,2010.0,2001.0
2020104330,タマモベルン,牡,,,アメリカンペイトリオット,000a013bba,タマモクララ,2009103686,クロフネ,1998110135,,曾我博,0.0,2013.0,2009.0,1998.0
2020104324,シルクパサージュの2020,牡,,,ジョーカプチーノ,2006100529,シルクパサージュ,2006104589,マイネルラヴ,1995108558,,城市公,0.0,2006.0,2006.0,1995.0
2020104320,アジュールブルー,牝,清水久詞,,エピファネイア,2010104155,ルリオン,2014100305,キングカメハメハ,2001103460,犬塚悠治郎,静内山田牧場,0.0,2010.0,2014.0,2001.0
2020104317,メイプルフクチャン,牝,伊藤強一,,ベルシャザール,2008103004,メイプルケプラー,2013102173,カネヒキリ,2002100978,節英司,静内山田牧場,0.0,2008.0,2013.0,2002.0
2020104315,ピンチヒッター,牝,遠藤茂,,アスカクリチャン,2007104599,マテリアメディカ,2013103539,ゴールドヘイロー,1997101264,（有）トニーステーブ,静内山田牧場,0.0,2007.0,2013.0,1997.0
2020104293,ポリアフの2020,牡,,,マジェスティックウォリアー,000a011e9c,ポリアフ,2012104881,キングカメハメハ,2001103460,,静内フジカワ牧場,0.0,2005.0,2012.0,2001.0
2020104292,ロジプロパー,牡,古賀慎明,,ドレフォン,000a013b82,ダイワプロパー,2012103476,ダイワメジャー,2001103114,久米田正明,静内フジカワ牧場,0.0,2013.0,2012.0,2001.0
2020104288,ショウナンマカロン,牝,堂山芳則,,リオンディーズ,2013105915,ショウナンライム,2012101683,ハーツクライ,2001103038,工藤栄三,静内フジカワ牧場,0.0,2013.0,2012.0,2001.0
2020104286,グラスファンタジー,牝,,,コパノリッキー,2010106548,グラスブロード,2003110070,Fusaichi Pegasus,000a0022cf,,静内フジカワ牧場,0.0,2010.0,2003.0,1997.0
2020104275,ショウナンガチャ,牡,嘉藤貴行,,エピファネイア,2010104155,ショウナンラヴィ,2015105373,キングカメハメハ,2001103460,国本哲秀,静内ファーム,0.0,2010.0,2015.0,2001.0
2020104274,ショウナンカカオ,牡,新谷功一,,ショウナンカンプ,1998102595,ショウナンハウメア,2013105344,キングカメハメハ,2001103460,湘南,静内ファーム,0.0,1998.0,2013.0,2001.0
2020104273,ショウナンアシベ,牝,西田雄一,,ジャスタウェイ,2009106461,ショウナンアイ,2012110081,Northern Afleet,000a010a96,国本哲秀,静内ファーム,0.0,2009.0,2012.0,1993.0
2020104272,ガルシア,牡,田島俊明,,アジアエクスプレス,2011110091,サブリナ,2015102557,ダノンシャンティ,2007105709,小原準一郎,静内ファーム,0.0,2011.0,2015.0,2007.0
2020104269,チョウピッタリ,セ,羽月友彦,,アメリカンペイトリオット,000a013bba,オルニス,2015105913,マンハッタンカフェ,1998101554,丸山隆雄,静内ファーム,0.0,2013.0,2015.0,1998.0
2020104264,シャイニングカイ,牡,,,ミッキーロケット,2013106099,ムーンスケイプ,2010104328,ダイワメジャー,2001103114,,静内杉下牧場,0.0,2013.0,2010.0,2001.0
2020104262,ダイユウアレース,牡,中西達也,,ホッコータルマエ,2009100921,ロッタ,2004104456,ティンバーカントリー,000a00035e,西村健,静内白井牧場,0.0,2009.0,2004.0,1992.0
2020104258,ミヤビキラメキの2020,牝,,,エピファネイア,2010104155,ミヤビキラメキ,2013104268,ハーツクライ,2001103038,,静内白井牧場,0.0,2010.0,2013.0,2001.0
2020104255,オーケーボニータ,牝,森沢友貴,,イスラボニータ,2011103565,シーキングフェイム,2007100358,ダンスインザダーク,1993109188,小野建,静内白井牧場,0.0,2011.0,2007.0,1993.0
2020104253,テイエムユキフブキ,牝,鈴木孝志,,ワールドエース,2009106353,グローバルフェイム,2015105709,クロフネ,1998110135,竹園正繼,静内白井牧場,0.0,2009.0,2015.0,1998.0
2020104246,ソラトウミノアオの2020,牡,,,ストロングリターン,2006102934,ソラトウミノアオ,2013103511,ベーカバド,000a011dc0,,静内酒井牧場,0.0,2006.0,2013.0,2007.0
2020104236,ニトウリュウ,牝,宇都英樹,,ダイワメジャー,2001103114,イニシャルダブル,2010103683,ウォーエンブレム,000a00fa35,酒井孝敏,サンデーヒルズ,0.0,2001.0,2010.0,1999.0
2020104216,ラブリージュビリー,牝,尾関知人,,リアルスティール,2012104889,コウエイラブリー,2012102466,エンパイアメーカー,000a010542,ミルファーム,佐竹学,0.0,2012.0,2012.0,2000.0
2020104193,アコニャン,牝,笹田和秀,,リオンディーズ,2013105915,モルフェキイ,2006106816,モルフェデスペクタ,1998110056,奥田貴敏,坂本智広,0.0,2013.0,2006.0,1998.0
2020104186,レッドルーセント,牡,尾関知人,,モーリス,2011100655,サウンタ,000a013db9,Invincible Spirit,000a01056d,東京ホースレーシング,坂本智広,0.0,2011.0,2009.0,1997.0
2020104178,ラブザワールドの2020,牝,,,リアルインパクト,2008103244,ラブザワールド,2015100983,オルフェーヴル,2008102636,,サカイファーム,0.0,2008.0,2015.0,2008.0
2020104177,ノーサレンダー,牝,石川浩文,,ビーチパトロール,000a0141f9,ラスイエットロス,2013101887,ディープインパクト,2002100816,（株）アプエンテ,サカイファーム,0.0,2013.0,2013.0,2002.0
2020104176,ゼンダンダイチ,牡,小崎憲,,タリスマニック,000a013425,ラヴバインド,2015100249,ショウナンカンプ,1998102595,渡邊善男,サカイファーム,0.0,2013.0,2015.0,1998.0
2020104173,ヒマワリムスメ,牝,堀内岳志,,ディスクリートキャット,000a0113a1,ノブアニバーサリー,2013103178,ロージズインメイ,000a010a10,前田亘輝,サカイファーム,0.0,2003.0,2013.0,2000.0
2020104168,キンショーローズ,牝,岡田利一,,オーシャンブルー,2008102978,バアゼルローズ,2000103883,サンダーガルチ,000a00035c,礒野日出夫,酒井亨,0.0,2008.0,2000.0,1992.0
2020104166,プレシャスアロー,牝,藤岡健一,,デクラレーションオブウォー,000a0136f6,ラストアロー,2004104994,アサティス,1985109002,ゴールドアップ・カンパニー,ゴールドアップカンパニー,0.0,2009.0,2004.0,1985.0
2020104159,ジャパンガール,牝,土田稔,,ディスクリートキャット,000a0113a1,ロゴマーク,2011104274,チチカステナンゴ,000a011135,阿部東亜子,今牧場,0.0,2003.0,2011.0,1998.0
2020104156,コパノモントレー,牝,村山明,,モーリス,2011100655,フェイスマーク,2015104377,ローエングリン,1999106738,小林祥晃,今牧場,0.0,2011.0,2015.0,1999.0
2020104154,ブリットラン,牡,細川忠義,,ファインニードル,2013100612,パルティール,2011104009,スペシャルウィーク,1995103211,酒井孝敏,今牧場,0.0,2013.0,2011.0,1995.0
2020104149,サラサブルー,牡,伊藤圭三,,ダンカーク,000a012185,レディサマンサ,2012102862,ディープインパクト,2002100816,横井良明,グランド牧場,0.0,2006.0,2012.0,2002.0
2020104147,オブシアングレー,牝,,,レッドファルクス,2011104416,ルージェリティ,000a012e7b,Dubawi,000a0115e2,,グランド牧場,0.0,2011.0,2012.0,2002.0
2020104146,リアルアーネストの2020,牝,,,ダブルスター,2009103518,リアルアーネスト,2010110022,Consolidator,000a011127,,グランド牧場,0.0,2009.0,2010.0,2002.0
2020104141,リトルパインナナ,牝,,,ダブルスター,2009103518,ヘヴンリーカラーズ,2009103526,アドマイヤムーン,2003102991,,グランド牧場,0.0,2009.0,2009.0,2003.0
2020104140,テイエムプレシャス,牡,飯田雄三,,スズカコーズウェイ,2004104345,プレシャスヴィガー,2011101951,サウスヴィグラス,1996110138,竹園正繼,グランド牧場,0.0,2004.0,2011.0,1996.0
2020104139,スリーパイロ,セ,伊藤圭三,,ヘニーヒューズ,000a011155,ブライスガウ,2013104161,パイロ,000a01176a,永井商事,グランド牧場,0.0,2003.0,2013.0,2005.0
2020104133,ヨモギネス,牝,盛本信春,,マジェスティックウォリアー,000a011e9c,ピッチシフター,2010102639,スズカマンボ,2001103890,岡本真二,グランド牧場,0.0,2005.0,2010.0,2001.0
2020104131,シーアールビジュ,牝,,,キズナ,2010105827,ビジュ,000a012f83,ストリートセンス,000a0113a2,,グランド牧場,0.0,2010.0,2012.0,2004.0
2020104130,ジャスティンマリン,牡,,,キズナ,2010105827,パワースポット,2008100266,スズカマンボ,2001103890,,グランド牧場,0.0,2010.0,2008.0,2001.0
2020104127,エコログリッド,牡,加藤征弘,,マインドユアビスケッツ,000a01392e,ハヤブサペコチャン,2010102624,アグネスタキオン,1998101516,原村正紀,グランド牧場,0.0,2013.0,2010.0,1998.0
2020104117,ベルクレール,牝,,,クリエイターII,000a013630,スズカブルーム,2002104512,スキャターザゴールド,000a000d99,,グランド牧場,0.0,2013.0,2002.0,1997.0
2020104114,ロマンスハイウェイ,牡,伊藤圭三,,ジャスタウェイ,2009106461,サムロマンス,000a013712,Galileo,000a00232b,星野隆男,グランド牧場,0.0,2009.0,2013.0,1998.0
2020104108,ジオストーム,牝,吉岡辰弥,,エピファネイア,2010104155,イントゥザストーム,2009102925,ディープインパクト,2002100816,ＯＵＭＡ,グランド牧場,0.0,2010.0,2009.0,2002.0
2020104103,ルーナチュラリー,牝,宮本博,,ダノンレジェンド,2010110102,アクトナチュラリー,2011101918,ディープインパクト,2002100816,吉澤ホールディングス,グランド牧場,0.0,2010.0,2011.0,2002.0
2020104093,ニコーズステージの2020,牡,,,ジャスタウェイ,2009106461,ニコーズステージ,2014104398,エンパイアメーカー,000a010542,,キヨタケ牧場,0.0,2009.0,2014.0,2000.0
2020104084,メグルキセキ,牝,尾関知人,,ダンカーク,000a012185,ゼロカラノキセキ,2013104098,キンシャサノキセキ,2003110212,広尾レース,木村秀則,0.0,2006.0,2013.0,2003.0
2020104082,スイートマカロンの2020,牡,,,マジェスティックウォリアー,000a011e9c,スイートマカロン,2006110076,Tale of the Cat,000a002276,,木村秀則,0.0,2005.0,2006.0,1994.0
2020104081,ヴァリアントゴッド,牡,松永幹夫,,ダンカーク,000a012185,ゴッドフロアー,2010106226,ハーツクライ,2001103038,広尾レース,木村秀則,0.0,2006.0,2010.0,2001.0
2020104078,エンパイアブルーの2020,牡,高柳瑞樹,,マジェスティックウォリアー,000a011e9c,エンパイアブルー,2012102824,エンパイアメーカー,000a010542,広尾レース,木村秀則,0.0,2005.0,2012.0,2000.0
2020104077,ラブアゲイン,牝,,,マジェスティックウォリアー,000a011e9c,ヴェルヴェットクイーン,000a010ab0,シングスピール,1992190005,,木村秀則,0.0,2005.0,2001.0,1992.0
2020104070,モンテプリン,牝,,,モンテロッソ,000a011b05,プリンセスプラン,2012102596,オペラハウス,000a000d77,,神垣道弘,0.0,2007.0,2012.0,1988.0
2020104066,サダムサロペットの2020,牝,,,ベストウォーリア,2010110127,サダムサロペット,2010104403,スペシャルウィーク,1995103211,,神垣道弘,0.0,2010.0,2010.0,1995.0
2020104062,ワールドウイング,セ,加藤和宏,,レインボーライン,2013106183,ヴァリアントレディ,2005102178,ウォーエンブレム,000a00fa35,スピードファーム,神垣道弘,0.0,2013.0,2005.0,1999.0
2020104055,ベストフェイト,牡,加用正,,マクフィ,000a011c77,インファクト,2013103612,ダイワメジャー,2001103114,宮川純造,カタオカファーム,0.0,2007.0,2013.0,2001.0
2020104054,シゲルショウタイム,牡,九日俊光,,ルーラーシップ,2007103143,アグネスリース,2006102152,フレンチデピュティ,000a00013a,森中啓子,カタオカファーム,0.0,2007.0,2006.0,1992.0
2020104050,バトルトウショウ,牝,佐藤茂,,デクラレーションオブウォー,000a0136f6,ジーントウショウ,2004104739,デザートキング,000a0000e7,トウショウ産業,片岡博,0.0,2009.0,2004.0,1994.0
2020104045,ダイリュウミラクル,牝,梅田智之,,アジアエクスプレス,2011110091,ダイリュウキセキ,2011101272,ファスリエフ,000a00fc4c,大野龍,カタオカステーブル,0.0,2011.0,2011.0,1997.0
2020104042,リーヴルストロング,牡,,,ストロングリターン,2006102934,キタサンスズラン,2007100174,アルカセット,2000190010,,カタオカステーブル,0.0,2006.0,2007.0,2000.0
2020104021,ケツァールの2020,牝,,,ダノンバラード,2008103548,ケツァール,2008102764,ストラヴィンスキー,000a00fa41,,小倉光博,0.0,2008.0,2008.0,1996.0
2020104019,トルヴェール,牡,,,ベストウォーリア,2010110127,アインクラング,2011103578,チチカステナンゴ,000a011135,,小倉光博,0.0,2010.0,2011.0,1998.0
2020104016,ライヴシュガー,牝,牧光二,,コパノリッキー,2010106548,ケイティローレル,2006100519,サクラローレル,1991103498,澤田孝之,岡野牧場,0.0,2010.0,2006.0,1991.0
2020104007,マンボビーンの2020,牡,,,ダノンレジェンド,2010110102,マンボビーン,2008100167,スズカマンボ,2001103890,,岡田牧場,0.0,2010.0,2008.0,2001.0
2020104006,マリンシップ,牝,,,ゴールドシップ,2009102739,マリンランプ,2013104053,スウェプトオーヴァーボード,000a00fa34,,岡田牧場,0.0,2009.0,2013.0,1997.0
2020103992,ビーチャンス,牡,桜田康二,,ディスクリートキャット,000a0113a1,タマモペンライト,2013104037,ブラックタイド,2001103312,馬場祥晃,岡田牧場,0.0,2003.0,2013.0,2001.0
2020103986,デフィート,牡,高木登,,ビッグアーサー,2011103328,サンドヴィーナス,2005100147,マンハッタンカフェ,1998101554,Ｇリビエール・レーシング,岡田牧場,0.0,2011.0,2005.0,1998.0
2020103983,クインズトリスター,牝,川添明弘,,ハービンジャー,000a011996,クインズプレイヤー,2004104185,トウカイテイオー,1988101025,桑田照夫,岡田牧場,0.0,2006.0,2004.0,1988.0
2020103980,オースミシエロ,牝,木原一良,,マクフィ,000a011c77,オースミマコ,2005102252,フレンチデピュティ,000a00013a,オースミ,岡田牧場,0.0,2007.0,2005.0,1992.0
2020103978,ブルースエース,牡,高馬元紘,,ヤマカツエース,2012102774,エルブルース,2012104702,チチカステナンゴ,000a011135,岡田隆寛,岡田牧場,0.0,2012.0,2012.0,1998.0
2020103973,アイスクラウン,牡,,,サトノクラウン,2012104668,アイスメアー,2008100857,サウスヴィグラス,1996110138,,岡田牧場,0.0,2012.0,2008.0,1996.0
2020103953,ヴォーグファラオ,牡,田中剛,,ビーチパトロール,000a0141f9,リブレドバンク,2012104550,ネオユニヴァース,2000101426,志村幸彦,岡田スタッド,0.0,2013.0,2012.0,2000.0
2020103943,マイネホコモモラの2020,牝,,,エスポワールシチー,2005102837,マイネホコモモラ,2007104875,ロージズインメイ,000a010a10,,岡田スタッド,0.0,2005.0,2007.0,2000.0
2020103934,イヌハワントナク,牡,小笠倫弘,,イスラボニータ,2011103565,フレイヤ,2006100750,ショウナンカンプ,1998102595,熊澤浩樹,岡田スタッド,0.0,2011.0,2006.0,1998.0
2020103924,ハルシュタットの2020,牡,,,ダンカーク,000a012185,ハルシュタット,2009106298,ファスリエフ,000a00fc4c,,岡田スタッド,0.0,2006.0,2009.0,1997.0
2020103916,トレメンダスハート,牡,高木登,,ハーツクライ,2001103038,ティズトレメンダス,2010110032,Tiz Wonderful,000a011c23,岡田牧雄,岡田スタッド,0.0,2001.0,2010.0,2004.0
2020103912,ヤマトデビル,牡,佐藤祐司,,ロージズインメイ,000a010a10,ダイワラスター,2011100347,キングカメハメハ,2001103460,山下稔,岡田スタッド,0.0,2000.0,2011.0,2001.0
2020103891,クラックコードの2020,牡,,,スクリーンヒーロー,2004103328,クラックコード,2004103297,ダンスインザダーク,1993109188,,岡田スタッド,0.0,2004.0,2004.0,1993.0
2020103880,エンシャントヌーン,牡,小林真也,,カレンブラックヒル,2009106230,エンシャントアーツ,2005100547,Maria's Mon,000a002285,永見貴昭,岡田スタッド,0.0,2009.0,2005.0,1993.0
2020103852,ジーンエクセレント,牝,,,ダンカーク,000a012185,ショーエクセレント,2015106230,ワイルドラッシュ,000a0003a1,,上野正恵,0.0,2006.0,2015.0,1994.0
2020103851,アマレーナイメル,牝,小崎憲,,ビッグアーサー,2011103328,シャインパーミット,2008106454,ファルブラヴ,1998190004,ケーエスＨＤ,上野正恵,0.0,2011.0,2008.0,1998.0
2020103848,プンタレオナの2020,牝,,,リアルインパクト,2008103244,プンタレオナ,2015104984,ヘニーヒューズ,000a011155,,ウエスタンファーム,0.0,2008.0,2015.0,2003.0
2020103836,コパノミステリー,牡,村山明,,ラブイズブーシェ,2009101075,スパイオブラヴ,2005102254,フレンチデピュティ,000a00013a,小林祥晃,伊藤敏明,0.0,2009.0,2005.0,1992.0
2020103832,カップケーキ,牝,根本康広,,ヘニーヒューズ,000a011155,ロードナイト,2009103245,ジャングルポケット,1998101786,小林祐一,石川牧場,0.0,2003.0,2009.0,1998.0
2020103829,ヒロノサクセス,牡,森澤友貴,,サトノクラウン,2012104668,サクセスビスケット,2002107292,サンデーサイレンス,000a00033a,石川博,石川牧場,0.0,2012.0,2002.0,1986.0
2020103827,エスクドアスール,牡,鈴木孝志,,バゴ,2001190004,エスピナアスール,2007100028,フジキセキ,1992109618,アスール,石川栄一,0.0,2001.0,2007.0,1992.0
2020103823,リックタラキチの2020,牝,,,トビーズコーナー,000a011fed,リックタラキチ,2011101635,オンファイア,2003102809,,荒木貴宏,0.0,2008.0,2011.0,2003.0
2020103821,ギョウコウ,牝,,,プリサイスエンド,000a00fe9b,ラガーファンタジー,2010101622,クロフネ,1998110135,,荒木貴宏,0.0,1997.0,2010.0,1998.0
2020103793,レイクトロシュナ,牝,萩原清,,ドレフォン,000a013b82,メジロシャレード,2006102673,マンハッタンカフェ,1998101554,キャロットファーム,レイクヴィラファーム,0.0,2013.0,2006.0,1998.0
2020103784,サンジュリオ,牝,斉藤崇史,,ハーツクライ,2001103038,ハヴユーゴーンアウェイ,000a01387c,Congrats,000a010687,キャロットファーム,レイクヴィラファーム,0.0,2001.0,2011.0,2000.0
2020103783,コユメ,牝,,,ビッグアーサー,2011103328,ナオミノユメ,2009106131,ジャングルポケット,1998101786,,レイクヴィラファーム,0.0,2011.0,2009.0,1998.0
2020103781,ベルローブ,牝,西村真幸,,ロードカナロア,2008103552,デックドアウト,000a013dc9,Street Boss,000a0116a2,シルクレーシング,レイクヴィラファーム,0.0,2008.0,2013.0,2004.0
2020103780,フルハウス,牡,奥村武,,ルーラーシップ,2007103143,ツボミ,2013105205,スペシャルウィーク,1995103211,石川達絵,レイクヴィラファーム,0.0,2007.0,2013.0,1995.0
2020103778,クロスジー,牡,長谷川浩,,モーリス,2011100655,スターシンフォニー,2010104094,アグネスタキオン,1998101516,コスモ・コスモ,レイクヴィラファーム,0.0,2011.0,2010.0,1998.0
2020103773,インサラー,牡,今野貞一,,キンシャサノキセキ,2003110212,ゴールウェイ,2009105639,フサイチコンコルド,1993109220,ＤＭＭドリームクラブ,レイクヴィラファーム,0.0,2003.0,2009.0,1993.0
2020103771,サトノレティシア,牝,森澤友貴,,ロードカナロア,2008103552,アイヴィベル,000a01441a,Archarcharch,000a012ab8,里見治,レイクヴィラファーム,0.0,2008.0,2013.0,2008.0
2020103764,ナックシルバー,牡,杉浦宏昭,,ハービンジャー,000a011996,チャームアップ,2006105986,シルバーチャーム,000a00227c,小松欣也,ヤマイチ牧場,0.0,2006.0,2006.0,1994.0
2020103758,シワクシラナミの2020,牝,,,アポロソニック,2010110120,シワクシラナミ,2011102845,シルバーチャーム,000a00227c,,宮井孝典,0.0,2010.0,2011.0,1994.0
2020103757,ルージュロワイヤルの2020,牡,,,ジャスタウェイ,2009106461,ルージュロワイヤル,2012103908,フレンチデピュティ,000a00013a,,橋本牧場,0.0,2009.0,2012.0,1992.0
2020103739,ベアマックス,牡,杉浦宏昭,,モーリス,2011100655,ダンシングマオ,2007102734,ゴールドアリュール,1999106689,熊木浩,登別上水牧場,0.0,2011.0,2007.0,1999.0
2020103737,ワンミリオンスの2020,牝,小崎憲,,ドレフォン,000a013b82,ワンミリオンス,2013105918,ゴールドアリュール,1999106689,サンデーレーシング,ノーザンファーム,0.0,2013.0,2013.0,1999.0
2020103733,ロキエ,牝,,,ロードカナロア,2008103552,ローブティサージュ,2010104278,ウォーエンブレム,000a00fa35,,ノーザンファーム,0.0,2008.0,2010.0,1999.0
2020103730,オランジュシュクレ,牝,小西一男,,リアルインパクト,2008103244,ローズシュクレ,2014106251,スマートファルコン,2005100097,Ｇ１レーシング,ノーザンファーム,0.0,2008.0,2014.0,2005.0
2020103725,ロベリア,牝,池添学,,ロードカナロア,2008103552,ロベルタ,2008103143,ブライアンズタイム,000a000082,ＤＭＭドリームクラブ,ノーザンファーム,0.0,2008.0,2008.0,1985.0
2020103723,トラディスカント,牡,和田正一,,エピファネイア,2010104155,ロゼリーナ,2013106191,キングカメハメハ,2001103460,シルクレーシング,ノーザンファーム,0.0,2010.0,2013.0,2001.0
2020103720,ロジペンカナ,牡,本間忍,,ロジユニヴァース,2006103140,ロジプリンセス,2010104291,ディープインパクト,2002100816,久米田正明,ノーザンファーム,0.0,2006.0,2010.0,2002.0
2020103716,アミーラ,牝,寺島良,,ハーツクライ,2001103038,ロクセラーナ,2015105045,キングカメハメハ,2001103460,近藤英子,ノーザンファーム,0.0,2001.0,2015.0,2001.0
2020103715,ロカの2020,牡,尾関知人,,ジャスタウェイ,2009106461,ロカ,2012104903,ハービンジャー,000a011996,サンデーレーシング,ノーザンファーム,0.0,2009.0,2012.0,2006.0
2020103714,サトノマジック,牡,友道康夫,,ジャスタウェイ,2009106461,レーゲンボーゲン,2002106230,フレンチデピュティ,000a00013a,里見治,ノーザンファーム,0.0,2009.0,2002.0,1992.0
2020103712,ダンザンレーヴ,牝,吉田直弘,,リオンディーズ,2013105915,レーヴデトワール,2011104124,ゼンノロブロイ,2000101517,サンデーレーシング,ノーザンファーム,0.0,2013.0,2011.0,2000.0
2020103711,ヴェイパーウェイヴ,牝,大竹正博,,サトノクラウン,2012104668,レネットグルーヴ,2010104041,キングカメハメハ,2001103460,サンデーレーシング,ノーザンファーム,0.0,2012.0,2010.0,2001.0
2020103709,レディドーヴィルの2020,牝,,,ドゥラメンテ,2012104511,レディドーヴィル,000a011811,ファスリエフ,000a00fc4c,,ノーザンファーム,0.0,2012.0,2005.0,1997.0
2020103702,レッドアルベール,牡,鹿戸雄一,,サトノクラウン,2012104668,レッドジゼル,2010104173,アグネスタキオン,1998101516,東京ホースレーシング,ノーザンファーム,0.0,2012.0,2010.0,1998.0
2020103695,フラットコール,牝,黒岩陽一,,キンシャサノキセキ,2003110212,レイズアンドコール,2001103471,サクラバクシンオー,1989108341,Ｇ１レーシング,ノーザンファーム,0.0,2003.0,2001.0,1989.0
2020103691,リーチエミネンス,牝,杉山晴紀,,ドゥラメンテ,2012104511,リーチング,000a014419,Dansili,000a010a5f,キャロットファーム,ノーザンファーム,0.0,2012.0,2009.0,1996.0
2020103687,ナイドルフ,牡,黒岩陽一,,ロードカナロア,2008103552,リリサイド,000a011a19,American Post,000a011997,吉田和美,ノーザンファーム,0.0,2008.0,2007.0,2001.0
2020103683,ルージュクオーレ,牝,友道康夫,,ドゥラメンテ,2012104511,リュズキナ,000a012f79,Storm Cat,000a001a98,東京ホースレーシング,ノーザンファーム,0.0,2012.0,2008.0,1983.0
2020103680,リコリスの2020,牝,,,ジャスタウェイ,2009106461,リコリス,2006103235,シンボリクリスエス,1999110099,,ノーザンファーム,0.0,2009.0,2006.0,1999.0
2020103677,フィーバーピッチ,牡,頼本盛行,,ハービンジャー,000a011996,ランプフィーバー,2015110084,Ghostzapper,000a010525,（同）ＪＰＮ技研,ノーザンファーム,0.0,2006.0,2015.0,2000.0
2020103675,ピコデモンターニャ,牝,宗像義忠,,モーリス,2011100655,ランズエッジ,2006103163,ダンスインザダーク,1993109188,シルクレーシング,ノーザンファーム,0.0,2011.0,2006.0,1993.0
2020103671,ラディアンシア,牝,栗田徹,,ロードカナロア,2008103552,ラドラーダ,2006103419,シンボリクリスエス,1999110099,キャロットファーム,ノーザンファーム,0.0,2008.0,2006.0,1999.0
2020103669,ラストグルーヴの2020,牡,,,ロードカナロア,2008103552,ラストグルーヴ,2010104053,ディープインパクト,2002100816,,ノーザンファーム,0.0,2008.0,2010.0,2002.0
2020103658,ブレナムパレス,牝,田村康仁,,リアルスティール,2012104889,ユーロシャーリーン,000a013896,Myboycharlie,000a012464,サンデーレーシング,ノーザンファーム,0.0,2012.0,2011.0,2005.0
2020103652,モヒニの2020,牡,,,ドゥラメンテ,2012104511,モヒニ,000a013db6,Galileo,000a00232b,,ノーザンファーム,0.0,2012.0,2012.0,1998.0
2020103649,ウィットサンデー,牝,黒岩陽一,,ミッキーアイル,2011103916,メリート,000a01256c,Redoute's Choice,000a00fe93,キャロットファーム,ノーザンファーム,0.0,2011.0,2006.0,1996.0
2020103646,メジャーラプソディの2020,牡,池上昌和,,ルーラーシップ,2007103143,メジャーラプソディ,2015104748,ゴールドアリュール,1999106689,サンデーレーシング,ノーザンファーム,0.0,2007.0,2015.0,1999.0
2020103638,ロンゴロンゴ,牡,武井亮,,ダイワメジャー,2001103114,ミスティークII,000a0120f6,Monsun,000a010db6,サンデーレーシング,ノーザンファーム,0.0,2001.0,2009.0,1990.0
2020103635,テネールスエルテ,牝,安田翔伍,,ロードカナロア,2008103552,ミスエルテ,2014106174,Frankel,000a01239b,サンデーレーシング,ノーザンファーム,0.0,2008.0,2014.0,2008.0
2020103627,グロッターリエ,牡,栗田徹,,ハービンジャー,000a011996,マルシアーノ,2010104114,フジキセキ,1992109618,サンデーレーシング,ノーザンファーム,0.0,2006.0,2010.0,1992.0
2020103623,ウィングマン,牡,斎藤誠,,ハービンジャー,000a011996,マハーバーラタ,2008103336,ディープインパクト,2002100816,レッドマジック,ノーザンファーム,0.0,2006.0,2008.0,2002.0
2020103621,マジックタイムの2020,牝,中川公成,,モーリス,2011100655,マジックタイム,2011103946,ハーツクライ,2001103038,サンデーレーシング,ノーザンファーム,0.0,2011.0,2011.0,2001.0
2020103620,ケオケオ,牝,,,ラブリーデイ,2010104298,マシュマロ,2009106172,クロフネ,1998110135,,ノーザンファーム,0.0,2010.0,2009.0,1998.0
2020103615,マイスウィートベイビーの2020,牡,,,サトノダイヤモンド,2013106101,マイスウィートベイビー,000a011dd0,Minardi,000a011d54,,ノーザンファーム,0.0,2013.0,2006.0,1998.0
2020103613,ポルトロッソ,牝,小笠倫弘,,リアルスティール,2012104889,ポルトフィーノ,2005102483,クロフネ,1998110135,サンデーレーシング,ノーザンファーム,0.0,2012.0,2005.0,1998.0
2020103610,アンガンダ,牡,木村哲也,,ドレフォン,000a013b82,ボージェスト,2011103749,キングカメハメハ,2001103460,サンデーレーシング,ノーザンファーム,0.0,2013.0,2011.0,2001.0
2020103604,ペルレンケッテの2020,牡,,,ドレフォン,000a013b82,ペルレンケッテ,2008103309,ディープインパクト,2002100816,,ノーザンファーム,0.0,2013.0,2008.0,2002.0
2020103602,ベルリエゾン,牝,佐々木晶,,キズナ,2010105827,ベルワトリング,000a011df9,Dushyantor,000a011d8d,サンデーレーシング,ノーザンファーム,0.0,2010.0,2006.0,1993.0
2020103601,アーヴルダート,牡,,,モーリス,2011100655,ベルディーヴァ,2012104760,ダイワメジャー,2001103114,,ノーザンファーム,0.0,2011.0,2012.0,2001.0
2020103584,サンサルテーション,牝,野中賢二,,ドゥラメンテ,2012104511,プラウドスペル,000a0124bd,Proud Citizen,000a0105b8,シルクレーシング,ノーザンファーム,0.0,2012.0,2005.0,1999.0
2020103582,ブロンシェダームの2020,牡,,,ミッキーロケット,2013106099,ブロンシェダーム,2011103927,ディープインパクト,2002100816,,ノーザンファーム,0.0,2013.0,2011.0,2002.0
2020103576,フレグラントブレスの2020,牡,,,トーセンラー,2008102985,フレグラントブレス,2013105865,クロフネ,1998110135,,ノーザンファーム,0.0,2008.0,2013.0,1998.0
2020103571,ブラックモンスター,牡,西園翔太,,キタサンブラック,2012102013,フォンタネリーチェ,000a012e2c,Vale of York,000a012e08,長谷川守正,ノーザンファーム,0.0,2012.0,2012.0,2007.0
2020103558,ディサイシヴ,牝,和田正一,,ロードカナロア,2008103552,ファイナルディシジョン,000a013dae,Super Saver,000a012d51,シルクレーシング,ノーザンファーム,0.0,2008.0,2013.0,2007.0
2020103549,ファビーニョ,牡,茶木太樹,,ハービンジャー,000a011996,ビートマッチ,2014106073,ルーラーシップ,2007103143,吉田和美,ノーザンファーム,0.0,2006.0,2014.0,2007.0
2020103544,クレスティア,牝,黒岩陽一,,リアルスティール,2012104889,ビッグワールド,000a013db3,Custom for Carlos,000a012b46,小島章義,ノーザンファーム,0.0,2012.0,2013.0,2006.0
2020103542,ホウオウリュウセイ,牡,,,ハーツクライ,2001103038,ヒルダズパッション,000a011de2,Canadian Frontier,000a011290,,ノーザンファーム,0.0,2001.0,2007.0,1999.0
2020103541,ヒストリックレディの2020,牝,,,ドレフォン,000a013b82,ヒストリックレディ,2010104245,ネオユニヴァース,2000101426,,ノーザンファーム,0.0,2013.0,2010.0,2000.0
2020103533,パレスルーマーの2020,牡,,,ドゥラメンテ,2012104511,パレスルーマー,000a0124d2,Royal Anthem,000a00fa49,,ノーザンファーム,0.0,2012.0,2003.0,1995.0
2020103516,サトノミーティア,牡,安田隆行,,ドレフォン,000a013b82,ノーブルリーズン,2012104578,ネオユニヴァース,2000101426,サトミホースカンパニー,ノーザンファーム,0.0,2013.0,2012.0,2000.0
2020103511,フィロソフィア,牝,菊沢隆徳,,リアルスティール,2012104889,ドントテルソフィア,000a012f09,Congaree,000a011591,シルクレーシング,ノーザンファーム,0.0,2012.0,2008.0,1998.0
2020103508,トーセンソレイユの2020,牝,,,マクマホン,000a0143ac,トーセンソレイユ,2010104045,ネオユニヴァース,2000101426,,ノーザンファーム,0.0,2014.0,2010.0,2000.0
2020103498,デューデット,牝,友道康夫,,モーリス,2011100655,デニムアンドルビー,2010104287,ディープインパクト,2002100816,金子真人ホールディングス,ノーザンファーム,0.0,2011.0,2010.0,2002.0
2020103489,ディアデラマドレの2020,牝,,,ハービンジャー,000a011996,ディアデラマドレ,2010104211,キングカメハメハ,2001103460,,ノーザンファーム,0.0,2006.0,2010.0,2001.0
2020103485,ミントガーネット,牡,青木孝文,,サトノダイヤモンド,2013106101,ティールグリーン,2013110123,Scat Daddy,000a0114fe,吉田勝己,ノーザンファーム,0.0,2013.0,2013.0,2004.0
2020103484,タイガーシュガー,牡,高橋文雅,,キンシャサノキセキ,2003110212,ティンバレス,2012104717,ウォーエンブレム,000a00fa35,吉田和美,ノーザンファーム,0.0,2003.0,2012.0,1999.0
2020103478,エイカイフォーユー,牝,藤原英昭,,ドゥラメンテ,2012104511,チリーシルバー,2014110097,Malibu Moon,000a010c8e,二木英実,ノーザンファーム,0.0,2012.0,2014.0,1997.0
2020103476,チャーチモード,牡,高野友和,,モーリス,2011100655,チャーチクワイア,2009106411,ネオユニヴァース,2000101426,シルクレーシング,ノーザンファーム,0.0,2011.0,2009.0,2000.0
2020103475,チャイマックスの2020,牡,,,リーチザクラウン,2006102923,チャイマックス,2013110080,Congrats,000a010687,,ノーザンファーム,0.0,2006.0,2013.0,2000.0
2020103468,ダストテイル,牝,尾関知人,,ロードカナロア,2008103552,ダストアンドダイヤモンズ,000a0137a4,Vindication,000a010544,シルクレーシング,ノーザンファーム,0.0,2008.0,2008.0,2000.0
2020103465,ルージュセイレーン,牝,栗田徹,,エピファネイア,2010104155,タイムレスメロディ,2013105756,ディープインパクト,2002100816,東京ホースレーシング,ノーザンファーム,0.0,2010.0,2013.0,2002.0
2020103461,レゾリュート,牡,萩原清,,ドレフォン,000a013b82,ソーディヴァイン,2013105956,キンシャサノキセキ,2003110212,シルクレーシング,ノーザンファーム,0.0,2013.0,2013.0,2003.0
2020103430,チャパリータ,牝,伊藤強一,,リオンディーズ,2013105915,スウェアトウショウ,2008100662,ディープインパクト,2002100816,（同）ＪＰＮ技研,ノーザンファーム,0.0,2013.0,2008.0,2002.0
2020103427,ジョックロック,牡,奥村武,,キタサンブラック,2012102013,ジングルベルロック,2013110036,ロックオブジブラルタル,000a00fd4c,吉田和美,ノーザンファーム,0.0,2012.0,2013.0,1999.0
2020103411,ダンブッラ,牝,,,ロードカナロア,2008103552,シンハライト,2013105906,ディープインパクト,2002100816,,ノーザンレーシング,0.0,2008.0,2013.0,2002.0
2020103408,スカイゲイザー,牡,松永幹夫,,ロードカナロア,2008103552,シングルゲイズ,000a01438a,Not A Single Doubt,000a013af7,シルクレーシング,ノーザンファーム,0.0,2008.0,2012.0,2001.0
2020103399,ミッキースマイル,牡,菊沢隆徳,,エピファネイア,2010104155,シャレードスマイル,2013105932,ステイゴールド,1994108729,野田みづき,ノーザンファーム,0.0,2010.0,2013.0,1994.0
2020103397,シャトーブランシュの2020,牡,,,ジャスタウェイ,2009106461,シャトーブランシュ,2010104274,キングヘイロー,1995104427,,ノーザンファーム,0.0,2009.0,2010.0,1995.0
2020103396,シシリアンブリーズの2020,牡,,,アジアエクスプレス,2011110091,シシリアンブリーズ,2008103302,ゼンノロブロイ,2000101517,,ノーザンファーム,0.0,2011.0,2008.0,2000.0
2020103395,レイアネラ,牝,高野友和,,ダイワメジャー,2001103114,シェルズレイ,2003102823,クロフネ,1998110135,キャロットファーム,ノーザンファーム,0.0,2001.0,2003.0,1998.0
2020103385,サロミナの2020,牡,,,ハーツクライ,2001103038,サロミナ,000a0121c3,Lomitas,000a00fe91,,ノーザンファーム,0.0,2001.0,2009.0,1988.0
2020103384,サロニカの2020,牡,,,モーリス,2011100655,サロニカ,2014105928,ディープインパクト,2002100816,,ノーザンファーム,0.0,2011.0,2014.0,2002.0
2020103383,バウンシートーン,牝,武幸四郎,,モーリス,2011100655,サルタート,2014105780,ゴールドアリュール,1999106689,シルクレーシング,ノーザンファーム,0.0,2011.0,2014.0,1999.0
2020103381,エリソン,牡,黒岩陽一,,ハービンジャー,000a011996,サブトゥエンティ,2012104887,キングカメハメハ,2001103460,吉田和美,ノーザンファーム,0.0,2006.0,2012.0,2001.0
2020103380,ドナルド,牡,嘉藤貴行,,サトノダイヤモンド,2013106101,サファリミス,000a012b0a,Not For Sale,000a011fae,吉田和美,ノーザンファーム,0.0,2013.0,2011.0,1994.0
2020103379,サトノクレア,牝,宮田敬介,,ロードカナロア,2008103552,サトノユリア,2008103211,ディープインパクト,2002100816,里見治,ノーザンファーム,0.0,2008.0,2008.0,2002.0
2020103359,プレスキル,牝,斎藤誠,,エピファネイア,2010104155,グレイトフルデッド,2012104548,ハーツクライ,2001103038,市川義美ホールディングス,ノーザンファーム,0.0,2010.0,2012.0,2001.0
2020103352,シラーヴァイン,牝,櫻井今朝,,キズナ,2010105827,グリューヴァイン,2012104858,ゴールドアリュール,1999106689,伊勢光,ノーザンファーム,0.0,2010.0,2012.0,1999.0
2020103351,グランプリエの2020,牡,,,ジャスタウェイ,2009106461,グランプリエ,2011104054,Footstepsinthesand,000a0111b5,,ノーザンファーム,0.0,2009.0,2011.0,2002.0
2020103350,オーディトリアム,牡,渡辺薫彦,,モーリス,2011100655,グランデセーヌ,2014106213,ゼンノロブロイ,2000101517,キャロットファーム,ノーザンファーム,0.0,2011.0,2014.0,2000.0
2020103347,クレームブリュレ,牝,川添明弘,,ドレフォン,000a013b82,クロカンブッシュ,2004102856,フジキセキ,1992109618,（株）アプエンテ,ノーザンファーム,0.0,2013.0,2004.0,1992.0
2020103342,クルチェット,牝,辻野泰之,,サトノアラジン,2011104063,クルソラ,000a01118f,Candy Stripes,000a00fe3c,ＤＭＭドリームクラブ,ノーザンファーム,0.0,2011.0,2002.0,1982.0
2020103337,クインアマランサスの2020,牝,,,ジャスタウェイ,2009106461,クインアマランサス,2014106074,キングカメハメハ,2001103460,,ノーザンファーム,0.0,2009.0,2014.0,2001.0
2020103336,クイックリトルミスの2020,牝,,,ジャスタウェイ,2009106461,クイックリトルミス,000a011504,Freud,000a011434,,ノーザンファーム,0.0,2009.0,2004.0,1998.0
2020103330,キラモサの2020,牡,,,ロードカナロア,2008103552,キラモサ,000a012f7a,Alamosa,000a012f1d,,ノーザンファーム,0.0,2008.0,2010.0,2004.0
2020103315,メイケイアラジン,牝,武英智,,サトノアラジン,2011104063,カロンセギュール,2004110200,Forest Camp,000a010654,名古屋競馬,ノーザンファーム,0.0,2011.0,2004.0,1997.0
2020103313,セントマーガレット,牝,金成貴史,,キタサンブラック,2012102013,カレドニアレディ,000a013eb4,Firebreak,000a01031a,シルクレーシング,ノーザンファーム,0.0,2012.0,2009.0,1999.0
2020103312,バーラデプラータ,牝,高橋文雅,,レッドファルクス,2011104416,カルディーン,000a012103,Roman Ruler,000a011480,シルクレーシング,ノーザンファーム,0.0,2011.0,2009.0,2002.0
2020103302,パルピターレ,牝,国枝栄,,ドゥラメンテ,2012104511,カヴァートラブ,000a013614,Azamour,000a01053b,吉田勝己,ノーザンファーム,0.0,2012.0,2012.0,2001.0
2020103298,フェニックスホープ,牝,橋口慎介,,リアルスティール,2012104889,オールザウェイベイビー,000a010fb1,Grand Slam,000a0022b9,フィールドレーシング,ノーザンファーム,0.0,2012.0,2000.0,1995.0
2020103291,オリエンタルポピーの2020,牡,,,モーリス,2011100655,オリエンタルポピー,2011103981,キングカメハメハ,2001103460,,ノーザンファーム,0.0,2011.0,2011.0,2001.0
2020103287,エレクトラムの2020,牝,手塚貴久,,ダイワメジャー,2001103114,エレクトラム,000a0137fb,High Chaparral,000a010270,インゼルレーシング,ノーザンファーム,0.0,2001.0,2011.0,1999.0
2020103286,ラッフィナート,牡,藤岡健一,,ハービンジャー,000a011996,エレガントマナー,2006103297,シンボリクリスエス,1999110099,キャロットファーム,ノーザンファーム,0.0,2006.0,2006.0,1999.0
2020103282,サトノエスポワール,牡,池江泰寿,,サトノダイヤモンド,2013106101,エリドゥバビロン,2007110107,Bernstein,000a010bae,里見治,ノーザンファーム,0.0,2013.0,2007.0,1997.0
2020103278,パンタソス,牡,金成貴史,,ドレフォン,000a013b82,エフティマイア,2005102499,フジキセキ,1992109618,吉野英子,ノーザンファーム,0.0,2013.0,2005.0,1992.0
2020103260,ヴィラの2020,牡,,,ドレフォン,000a013b82,ヴィラ,2011103865,ディープインパクト,2002100816,,ノーザンファーム,0.0,2013.0,2011.0,2002.0
2020103257,ロンドンシステム,牡,清水久詞,,ドゥラメンテ,2012104511,ヴァフラーム,2012104781,ハービンジャー,000a011996,シルクレーシング,ノーザンファーム,0.0,2012.0,2012.0,2006.0
2020103250,ソパーズレーン,牝,奥村豊,,ロードカナロア,2008103552,ウェイヴェルアベニュー,000a013dbd,Harlington,000a013c7f,キャロットファーム,ノーザンファーム,0.0,2008.0,2011.0,2002.0
2020103236,ベルオブピース,牡,矢作芳人,,エピファネイア,2010104155,イェーガーオレンジ,2014106198,ダイワメジャー,2001103114,前田晋二,ノーザンファーム,0.0,2010.0,2014.0,2001.0
2020103234,アールブリュットの2020,牝,木村哲也,,ブラックタイド,2001103312,アールブリュット,2012104535,マクフィ,000a011c77,キャロットファーム,ノーザンファーム,0.0,2001.0,2012.0,2007.0
2020103232,アースライズの2020,牝,,,ハービンジャー,000a011996,アースライズ,2012104884,マンハッタンカフェ,1998101554,,ノーザンファーム,0.0,2006.0,2012.0,1998.0
2020103231,インフェルノ,牡,四位洋文,,Lope de Vega,000a012919,アーキテクチャー,000a015940,Zoffany,000a012701,寺田寿男,ノーザンファーム,0.0,2007.0,2013.0,2008.0
2020103230,アンブロワーズの2020,牝,田中克典,,ドレフォン,000a013b82,アンブロワーズ,2002101007,フレンチデピュティ,000a00013a,サンデーレーシング,ノーザンファーム,0.0,2013.0,2002.0,1992.0
2020103226,アロマティコの2020,牡,,,エピファネイア,2010104155,アロマティコ,2009106257,キングカメハメハ,2001103460,,ノーザンファーム,0.0,2010.0,2009.0,2001.0
2020103217,アジャスタブル,牝,長谷川浩,,ジャスタウェイ,2009106461,アピールII,000a012f7f,Selkirk,000a001fab,シルクレーシング,ノーザンファーム,0.0,2009.0,2008.0,1988.0
2020103215,ロイヤルバイオ,牝,新谷功一,,ハービンジャー,000a011996,アニメイトバイオ,2007103393,ゼンノロブロイ,2000101517,バイオ,ノーザンファーム,0.0,2006.0,2007.0,2000.0
2020103213,キュムラス,牝,池上昌和,,ロードカナロア,2008103552,アドマイヤリード,2013106072,ステイゴールド,1994108729,吉田和美,ノーザンファーム,0.0,2008.0,2013.0,1994.0
2020103210,アドマイヤメーゼ,牝,大久保龍,,ロードカナロア,2008103552,アドマイヤナイト,2012100531,アドマイヤムーン,2003102991,近藤旬子,ノーザンファーム,0.0,2008.0,2012.0,2003.0
2020103206,アドマイヤゾネ,牡,加藤征弘,,ハービンジャー,000a011996,アドマイヤシーマ,2011103884,ディープインパクト,2002100816,近藤旬子,ノーザンファーム,0.0,2006.0,2011.0,2002.0
2020103201,アルアリング,牝,高野友和,,ロードカナロア,2008103552,アディクティド,000a011a9f,ディクタット,1995190007,キャロットファーム,ノーザンファーム,0.0,2008.0,2006.0,1995.0
2020103190,テイクジオース,牡,藤原英昭,,キタサンブラック,2012102013,アイルビーバウンド,2005102616,タニノギムレット,1999100226,サンデーレーシング,ノーザンファーム,0.0,2012.0,2005.0,1999.0
2020103188,アイランドファッションの2020,牡,,,リアルスティール,2012104889,アイランドファッション,2000190003,Petionville,000a0021de,,ノーザンファーム,0.0,2012.0,2000.0,1992.0
2020103182,ファニーママの2020,牝,,,リアルインパクト,2008103244,ファニーママ,2006102546,ロサード,1996107429,,習志野牧場,0.0,2008.0,2006.0,1996.0
2020103181,アースリアン,牝,岡島玉一,,ベルシャザール,2008103004,ヒカルマイヒメ,2007103198,アグネスタキオン,1998101516,松山増男,習志野牧場,0.0,2008.0,2007.0,1998.0
2020103177,ミマンキ,牡,大久保龍,,エピファネイア,2010104155,アースビーガ,2013102355,ゴールドアリュール,1999106689,中辻明,習志野牧場,0.0,2010.0,2013.0,1999.0
2020103174,トーアタンガロア,牡,佐藤祐司,,トランセンド,2006104736,トーアポリネシア,2014102808,キンシャサノキセキ,2003110212,山本茂,トーア牧場,0.0,2006.0,2014.0,2003.0
2020103171,トーアダッチェス,牝,加藤和宏,,ディスクリートキャット,000a0113a1,トーアシシイ,2008102436,ボストンハーバー,000a00007c,高山ランド,トーア牧場,0.0,2003.0,2008.0,1994.0
2020103170,トーアオリンポス,牡,天間昭一,,アポロキングダム,2003110139,トーアアテナ,2014102813,タイキシャトル,1994109686,高山ランド,トーア牧場,0.0,2003.0,2014.0,1994.0
2020103164,ユカリノツキ,牝,今津勝之,,バンブーエール,2003104100,トーコーメロディ,2011101168,ヤマニンセラフィム,1999104188,橘倍男,ゼットステーブル,0.0,2003.0,2011.0,1999.0
2020103150,チヨノセイラン,牝,,,ホッコータルマエ,2009100921,チヨノドラゴン,2003103267,バブルガムフェロー,1993109219,,青藍牧場,0.0,2009.0,2003.0,1993.0
2020103147,ショウナンバリュー,牡,稲垣幸雄,,ハービンジャー,000a011996,ショウナンナナイロ,2014104395,エンパイアメーカー,000a010542,国本哲秀,青藍牧場,0.0,2006.0,2014.0,2000.0
2020103146,ショウナンハコブネ,牝,奥村武,,Roaring Lion,000a013d89,ショウナンアデラ,2012101324,ディープインパクト,2002100816,国本哲秀,青藍牧場,0.0,2015.0,2012.0,2002.0
2020103141,モリノサルバトーレ,牝,,,リアルインパクト,2008103244,ジェルネイル,2012103912,サウスヴィグラス,1996110138,,ストロベリーフィールドファーム,0.0,2008.0,2012.0,1996.0
2020103137,ラヴィータ,牝,鹿戸雄一,,キズナ,2010105827,ペルフォルマーダ,000a01379d,Jump Start,000a010b86,山本英俊,社台牧場,0.0,2010.0,2011.0,1999.0
2020103134,レッドセリオン,牡,萩原清,,エピファネイア,2010104155,ドライヴンスノー,000a012f78,Storm Cat,000a001a98,東京ホースレーシング,社台牧場,0.0,2010.0,2006.0,1983.0
2020103131,ルージュエクセル,牝,安田隆行,,ロードカナロア,2008103552,エクセレントデザイン,000a014349,Exceed And Excel,000a010a61,東京ホースレーシング,社台牧場,0.0,2008.0,2014.0,2000.0
2020103130,ルージュヴィーダ,牝,宮田敬介,,キタサンブラック,2012102013,ヴィヴェンシャル,000a01379a,Mutakddim,000a00217c,東京ホースレーシング,社台牧場,0.0,2012.0,2011.0,1991.0
2020103125,ロングホットサマーの2020,牡,[東],,イスラボニータ,2011103565,ロングホットサマー,000a013eb8,Street Boss,000a0116a2,社台レースホース,社台ファーム,0.0,2011.0,2012.0,2004.0
2020103116,ルージュレヴール,牝,須貝尚介,,モーリス,2011100655,レッドリヴェール,2011104324,ステイゴールド,1994108729,東京ホースレーシング,社台ファーム,0.0,2011.0,2011.0,1994.0
2020103105,シントーリッキー,牡,佐藤裕太,,スピルバーグ,2009105961,レイナクーバ,2006102920,アグネスタキオン,1998101516,中野辰三,社台ファーム,0.0,2009.0,2006.0,1998.0
2020103097,ヴィヴマン,牡,宮川浩一,,ヴィクトワールピサ,2007102923,リュポメルー,000a013891,Dubawi,000a0115e2,加藤裕司,社台ファーム,0.0,2007.0,2011.0,2002.0
2020103092,ララベルの2020,牡,久保田貴,,ロードカナロア,2008103552,ララベル,2012104368,ゴールドアリュール,1999106689,社台レースホース,社台ファーム,0.0,2008.0,2012.0,1999.0
2020103091,ボディアンドソウル,牡,,,キズナ,2010105827,ララア,000a01179d,Tapit,000a011248,,社台ファーム,0.0,2010.0,2006.0,2001.0
2020103090,ラブリーチャンプ,牡,,,ロードカナロア,2008103552,ラブリーマリア,000a012efd,Majesticperfection,000a012669,,社台ファーム,0.0,2008.0,2012.0,2006.0
2020103077,モスコーバーニングの2020,牡,,,レッドファルクス,2011104416,モスコーバーニング,000a010262,Moscow Ballet,000a001cba,,社台ファーム,0.0,2011.0,2000.0,1982.0
2020103072,フジマサメジャー,牡,菊川正達,,ダイワメジャー,2001103114,ミントフレッシュ,2016110087,War Front,000a011d00,藤原正一,社台ファーム,0.0,2001.0,2016.0,2002.0
2020103069,ミュージックアワーの2020,牡,,,トーセンラー,2008102985,ミュージックアワー,2004103308,アグネスタキオン,1998101516,,社台ファーム,0.0,2008.0,2004.0,1998.0
2020103067,エミーラ,牝,矢作芳人,,ロードカナロア,2008103552,ミスラゴ,000a0120ef,Encosta de Lago,000a0112ca,寺田寿男,社台ファーム,0.0,2008.0,2008.0,1993.0
2020103062,マルチスクリーンの2020,牡,,,ダノンシャンティ,2007105709,マルチスクリーン,2014105705,スクリーンヒーロー,2004103328,,社台ファーム,0.0,2007.0,2014.0,2004.0
2020103051,サビドゥリア,牡,畑端省吾,,サトノアラジン,2011104063,マイジェン,000a0120d2,Fusaichi Pegasus,000a0022cf,浦野和由,社台ファーム,0.0,2011.0,2007.0,1997.0
2020103041,ツァウバークライス,牝,高橋亮,,オルフェーヴル,2008102636,ベアトリスII,000a012970,Dr Fong,000a010571,吉田照哉,社台ファーム,0.0,2008.0,2010.0,1995.0
2020103037,シュリット,牡,辻哲英,,ダイワメジャー,2001103114,プレミアステップス,000a0129c1,Footstepsinthesand,000a0111b5,ＤＭＭドリームクラブ,社台ファーム,0.0,2001.0,2010.0,2002.0
2020103035,プリンセスルシータの2020,牡,,,ハービンジャー,000a011996,プリンセスルシータ,2002102334,サンデーサイレンス,000a00033a,,社台ファーム,0.0,2006.0,2002.0,1986.0
2020103032,アスタマニアーナ,牝,嘉藤貴行,,ハーツクライ,2001103038,プリンセスアスタ,000a014472,Canford Cliffs,000a0127a5,吉田千津,社台ファーム,0.0,2001.0,2013.0,2007.0
2020103026,レッドジャルダン,牡,山元博徳,,ダイワメジャー,2001103114,ブルーミングアレー,2007102912,シンボリクリスエス,1999110099,（株）ファーストビジ,社台ファーム,0.0,2001.0,2007.0,1999.0
2020103019,フローレスビート,牡,田中博康,,モーリス,2011100655,フローレスダンサー,2012104286,ハービンジャー,000a011996,社台レースホース,社台ファーム,0.0,2011.0,2012.0,2006.0
2020103017,ベストエフォート,牡,平田修,,ノヴェリスト,000a012230,フロレットアレー,2012104369,ディープインパクト,2002100816,吉田昌久,社台ファーム,0.0,2009.0,2012.0,2002.0
2020103016,フレンチボウの2020,牡,,,ミッキーアイル,2011103916,フレンチボウ,2008103003,ホワイトマズル,1990109700,,社台ファーム,0.0,2011.0,2008.0,1990.0
2020103012,フォーエバーダイヤ,牝,村田一誠,,ドゥラメンテ,2012104511,フォーエバーマーク,2008103048,ファルブラヴ,1998190004,青山洋一,社台ファーム,0.0,2012.0,2008.0,1998.0
2020103010,フェイブルネージュの2020,牝,,,ハービンジャー,000a011996,フェイブルネージュ,2011103681,ディープインパクト,2002100816,,社台ファーム,0.0,2006.0,2011.0,2002.0
2020103006,ファタルベーレの2020,牡,中舘英二,,キズナ,2010105827,ファタルベーレ,000a014568,Pedro the Great,000a0143ec,社台レースホース,社台ファーム,0.0,2010.0,2015.0,2010.0
2020103002,ピリカの2020,牡,,,イスラボニータ,2011103565,Pirika,000a0122a8,Monsun,000a010db6,,社台ファーム,0.0,2011.0,2008.0,1990.0
2020102992,デルマハタキコミ,牝,,,グランデッツァ,2009105989,ヒムカ,2011104347,ゴールドアリュール,1999106689,,社台ファーム,0.0,2009.0,2011.0,1999.0
2020102991,ヒシアン,牝,矢作芳人,,ドゥラメンテ,2012104511,ヒシラストレディ,2009110115,Posse,000a01124c,阿部雅英,社台ファーム,0.0,2012.0,2009.0,2000.0
2020102972,リーチザアマゾネス,牝,上村洋行,,リーチザクラウン,2006102923,ノスタルジア,2015104619,ノヴェリスト,000a012230,杉山忠国,社台ファーム,0.0,2006.0,2015.0,2009.0
2020102968,ナレラの2020,牡,,,オルフェーヴル,2008102636,ナレラ,000a014351,Reliable Man,000a011bdd,,社台ファーム,0.0,2008.0,2015.0,2008.0
2020102960,ディセニウム,牝,佐々木晶,,ダイワメジャー,2001103114,トップデサイル,000a013daa,Congrats,000a010687,社台レースホース,社台ファーム,0.0,2001.0,2012.0,2000.0
2020102957,デリスモアの2020,牝,,,ノヴェリスト,000a012230,デリスモア,2014105396,ワークフォース,000a011a7f,,社台ファーム,0.0,2009.0,2014.0,2007.0
2020102954,ディオニージアの2020,牡,,,キズナ,2010105827,ディオニージア,000a0111c3,Tejano Run,000a010a79,,社台ファーム,0.0,2010.0,2003.0,1992.0
2020102951,デアリングエッジの2020,牡,,,ダンカーク,000a012185,デアリングエッジ,2013105551,キングカメハメハ,2001103460,,社台ファーム,0.0,2006.0,2013.0,2001.0
2020102947,パダウ,牝,斉藤崇史,,バゴ,2001190004,チューニー,2000106575,サンデーサイレンス,000a00033a,社台レースホース,社台ファーム,0.0,2001.0,2000.0,1986.0
2020102945,エールヴェスタ,牝,,,ハービンジャー,000a011996,チェリーヒロイン,2009105745,キングカメハメハ,2001103460,,社台ファーム,0.0,2006.0,2009.0,2001.0
2020102939,ポピュラーダンサー,牝,北野真弘,,ダイワメジャー,2001103114,ダンサーデスティネイション,000a012fcc,Dubai Destination,000a010a60,南條浩輝,社台ファーム,0.0,2001.0,2010.0,1999.0
2020102931,スカーレットアリア,牝,安田翔伍,,ロードカナロア,2008103552,ダイワスカーレット,2004103198,アグネスタキオン,1998101516,社台レースホース,社台ファーム,0.0,2008.0,2004.0,1998.0
2020102927,ソーシャライツの2020,牝,,,ミッキーアイル,2011103916,ソーシャライツ,2014105708,ジャングルポケット,1998101786,,社台ファーム,0.0,2011.0,2014.0,1998.0
2020102923,セータコローナの2020,牡,,,ダイワメジャー,2001103114,セータコローナ,2013105487,Distorted Humor,000a0022ea,,社台ファーム,0.0,2001.0,2013.0,1993.0
2020102922,ピュアゴールド,牝,小崎憲,,スクリーンヒーロー,2004103328,センシュアルドレス,2004103196,アグネスタキオン,1998101516,宮崎吉二,社台ファーム,0.0,2004.0,2004.0,1998.0
2020102921,シャルレーヌ,牝,大竹正博,,ペルーサ,2007102705,セレブレイションキャット,000a0124cb,Storm Cat,000a001a98,山本英俊,社台ファーム,0.0,2007.0,2008.0,1983.0
2020102915,ハイランドメモリー,牝,橋本忠明,,ヴィクトワールピサ,2007102923,スペランツァデーア,2011104170,マンハッタンカフェ,1998101554,日向英二,社台ファーム,0.0,2007.0,2011.0,1998.0
2020102911,スノーエンジェルの2020,牡,,,モーリス,2011100655,スノーエンジェル,2012104221,スウェプトオーヴァーボード,000a00fa34,,社台ファーム,0.0,2011.0,2012.0,1997.0
2020102906,ステイウィズアンナの2020,牝,,,キタサンブラック,2012102013,ステイウィズアンナ,2014105401,ステイゴールド,1994108729,,社台ファーム,0.0,2012.0,2014.0,1994.0
2020102894,ババガヌーシュ,牝,,,キズナ,2010105827,ジュマイエル,000a01434f,Lope de Vega,000a012919,,社台ファーム,0.0,2010.0,2013.0,2007.0
2020102893,ギフトオブザナイル,牝,川島洋人,,マインドユアビスケッツ,000a01392e,ジュエルオブナイル,2007102985,デュランダル,1999106756,猿倉修,社台ファーム,0.0,2013.0,2007.0,1999.0
2020102892,ジェムラー,牡,藤岡健一,,ロードカナロア,2008103552,ジュエラー,2013105582,ヴィクトワールピサ,2007102923,青山洋一,社台ファーム,0.0,2008.0,2013.0,2007.0
2020102886,シーディザーブスの2020,牡,,,マインドユアビスケッツ,000a01392e,シーディザーブス,1999106800,サンデーサイレンス,000a00033a,,社台ファーム,0.0,2013.0,1999.0,1986.0
2020102885,シースプレイの2020,牡,竹内正洋,,ミッキーアイル,2011103916,シースプレイ,2008102869,ハーツクライ,2001103038,社台レースホース,社台ファーム,0.0,2011.0,2008.0,2001.0
2020102884,シーサイドロマンスの2020,牝,,,キンシャサノキセキ,2003110212,シーサイドロマンス,2015104355,ショウナンカンプ,1998102595,,社台ファーム,0.0,2003.0,2015.0,1998.0
2020102882,タフタドレープ,牝,池添学,,イスラボニータ,2011103565,シーエスシルク,000a0120cd,Medaglia d'Oro,000a010a65,吉田照哉,社台ファーム,0.0,2011.0,2006.0,1999.0
2020102869,パンタロンノワール,牡,奥村武,,ブラックタイド,2001103312,シェリュスドパリ,2012110003,Siyouni,000a012056,吉田照哉,社台ファーム,0.0,2001.0,2012.0,2007.0
2020102860,サトノシャルマンの2020,牝,,,エイシンフラッシュ,2007102951,サトノシャルマン,2012104222,ディープインパクト,2002100816,,社台ファーム,0.0,2007.0,2012.0,2002.0
2020102856,ゴールデンムーンの2020,牡,,,ハーツクライ,2001103038,ゴールデンムーン,2009105875,アドマイヤムーン,2003102991,,社台ファーム,0.0,2001.0,2009.0,2003.0
2020102850,アスクアンビシャス,セ,梅田智之,,ロードカナロア,2008103552,コレクターアイテム,2010103844,ハーツクライ,2001103038,廣崎利洋ＨＤ,社台ファーム,0.0,2008.0,2010.0,2001.0
2020102848,レモンオーラ,牝,須貝尚介,,ハーツクライ,2001103038,コッパ,000a013ebd,Yesbyjimminy,000a013e31,社台レースホース,社台ファーム,0.0,2001.0,2013.0,2004.0
2020102847,コケットの2020,牡,,,スクリーンヒーロー,2004103328,コケット,2015104581,ダイワメジャー,2001103114,,社台ファーム,0.0,2004.0,2015.0,2001.0
2020102846,アズワンウイッシュ,牝,庄野靖志,,ロードカナロア,2008103552,ケンホープ,000a012e7d,Kendargent,000a0126fd,社台レースホース,社台ファーム,0.0,2008.0,2010.0,2003.0
2020102842,デルマスクイナゲ,牝,伊藤伸一,,キンシャサノキセキ,2003110212,グッドチョイス,2004103347,フレンチデピュティ,000a00013a,浅沼廣幸,社台ファーム,0.0,2003.0,2004.0,1992.0
2020102838,フレンドグラス,牝,,,ドレフォン,000a013b82,クロースフレンド,2013105658,サウスヴィグラス,1996110138,,社台ファーム,0.0,2013.0,2013.0,1996.0
2020102830,ラストグリン,牝,鈴木伸尋,,ローエングリン,1999106738,キャスケードブーケ,2003102548,スペシャルウィーク,1995103211,山本茂,社台ファーム,0.0,1999.0,2003.0,1995.0
2020102828,キトゥンズグレイスの2020,牡,,,ブラックタイド,2001103312,キトゥンズグレイス,2013105377,Kitten's Joy,000a0119b3,,社台ファーム,0.0,2001.0,2013.0,2001.0
2020102825,カレンノンノ,牝,安田翔伍,,ハービンジャー,000a011996,カレンケカリーナ,2010103791,ハーツクライ,2001103038,鈴木隆司,社台ファーム,0.0,2006.0,2010.0,2001.0
2020102820,カチバの2020,牡,,,ドレフォン,000a013b82,カチバ,000a011116,Sir Cat,000a002239,,社台ファーム,0.0,2013.0,2000.0,1993.0
2020102816,カイザーバルの2020,牡,中内田充,,ロードカナロア,2008103552,カイザーバル,2013105537,エンパイアメーカー,000a010542,社台レースホース,社台ファーム,0.0,2008.0,2013.0,2000.0
2020102815,オールモストゼアの2020,牡,,,キンシャサノキセキ,2003110212,オールモストゼア,2015104251,ディープインパクト,2002100816,,社台ファーム,0.0,2003.0,2015.0,2002.0
2020102813,ミエノリュウセイ,牡,高橋亮,,キンシャサノキセキ,2003110212,オープンユアアイズ,2013105372,ヴィクトワールピサ,2007102923,里見美惠子,社台ファーム,0.0,2003.0,2013.0,2007.0
2020102806,アスクブレークイン,牡,,,スクリーンヒーロー,2004103328,オメガエンブレム,2009105760,ウォーエンブレム,000a00fa35,,社台ファーム,0.0,2004.0,2009.0,1999.0
2020102801,エルーセラの2020,牝,,,キズナ,2010105827,エルーセラ,000a006a32,Spirit One,000a012399,,社台ファーム,0.0,2010.0,2010.0,2004.0
2020102799,アスクビビットモア,牝,梅田智之,,ジャスタウェイ,2009106461,エリンコート,2008102805,デュランダル,1999106756,廣崎利洋ＨＤ,社台ファーム,0.0,2009.0,2008.0,1999.0
2020102791,エスコフィオンの2020,牡,,,ノヴェリスト,000a012230,エスコフィオン,2014105697,ディープインパクト,2002100816,,社台ファーム,0.0,2009.0,2014.0,2002.0
2020102787,エクセラントカーヴの2020,牝,武幸四郎,,キタサンブラック,2012102013,エクセラントカーヴ,2009105721,ダイワメジャー,2001103114,東京ホースレーシング,社台ファーム,0.0,2012.0,2009.0,2001.0
2020102782,エアサンジ,牡,小牧毅,,エピファネイア,2010104155,エアワンピース,2008102792,ロックオブジブラルタル,000a00fd4c,伊藤準一郎,社台ファーム,0.0,2010.0,2008.0,1999.0
2020102770,ウィンドハックの2020,牡,,,イスラボニータ,2011103565,ウィンドハック,000a0111c4,プラティニ,1989109107,,社台ファーム,0.0,2011.0,2003.0,1989.0
2020102759,イタリアンレッドの2020,牡,,,ロードカナロア,2008103552,イタリアンレッド,2006103026,ネオユニヴァース,2000101426,,社台ファーム,0.0,2008.0,2006.0,2000.0
2020102744,アプリコットフィズの2020,牝,,,ロードカナロア,2008103552,アプリコットフィズ,2007102942,ジャングルポケット,1998101786,,社台ファーム,0.0,2008.0,2007.0,1998.0
2020102742,シーサイドヒロイン,牝,三小田幸,,スクリーンヒーロー,2004103328,アットザシーサイド,2013105721,キングカメハメハ,2001103460,伊勢光,社台ファーム,0.0,2004.0,2013.0,2001.0
2020102739,アオゾラペダルの2020,牡,,,キズナ,2010105827,アオゾラペダル,2006103044,ホワイトマズル,1990109700,,社台ファーム,0.0,2010.0,2006.0,1990.0
2020102733,ロックディスタウンの2020,牡,黒岩陽一,,ジャスタウェイ,2009106461,ロックディスタウン,2015104185,オルフェーヴル,2008102636,サンデーレーシング,社台コーポレーション白老ファーム,0.0,2009.0,2015.0,2008.0
2020102730,ヴェネツィアーナ,牝,池江泰寿,,サトノダイヤモンド,2013106101,レディオブヴェニス,000a011565,Loup Solitaire,000a0114fc,サンデーレーシング,社台コーポレーション白老ファーム,0.0,2013.0,2003.0,1993.0
2020102723,メガラニカ,牡,平田修,,イスラボニータ,2011103565,リリウム,2005102167,クロフネ,1998110135,キャロットファーム,社台コーポレーション白老ファーム,0.0,2011.0,2005.0,1998.0
2020102722,グランデアマポーラ,牝,鹿戸雄一,,ヘニーヒューズ,000a011155,リトルアマポーラ,2005102180,アグネスタキオン,1998101516,社台レースホース,社台コーポレーション白老ファーム,0.0,2003.0,2005.0,1998.0
2020102721,ボーマルシェ,牡,平田修,,ドレフォン,000a013b82,ラフォルジュルネ,2007103007,スペシャルウィーク,1995103211,キャロットファーム,社台コーポレーション白老ファーム,0.0,2013.0,2007.0,1995.0
2020102720,ラナモンの2020,牝,,,Mendelssohn,000a014f32,ラナモン,000a014fcd,Sky Mesa,000a010a66,,社台コーポレーション白老ファーム,0.0,2015.0,2011.0,2000.0
2020102719,ラスティックフレイムの2020,牡,,,ブラックタイド,2001103312,ラスティックフレイム,000a0117a5,Danehill Dancer,000a002309,,社台コーポレーション白老ファーム,0.0,2001.0,2004.0,1993.0
2020102717,ユッカマウンテンの2020,牝,,,ルーラーシップ,2007103143,ユッカマウンテン,2009105965,アグネスタキオン,1998101516,,社台コーポレーション白老ファーム,0.0,2007.0,2009.0,1998.0
2020102713,プリメールアモーレ,牝,宮田敬介,,ミッキーアイル,2011103916,ミラグロッサ,2008102648,フジキセキ,1992109618,社台レースホース,社台コーポレーション白老ファーム,0.0,2011.0,2008.0,1992.0
2020102710,ポルカマズルカの2020,牡,,,ロゴタイプ,2010103783,ポルカマズルカ,2006102994,ティンバーカントリー,000a00035e,,社台コーポレーション白老ファーム,0.0,2010.0,2006.0,1992.0
2020102706,プレシャスジュエルの2020,牡,高木登,,スクリーンヒーロー,2004103328,プレシャスジュエル,2014105307,キングカメハメハ,2001103460,Ｇ１レーシング,社台コーポレーション白老ファーム,0.0,2004.0,2014.0,2001.0
2020102705,フラッシュキューブ,セ,堀宣行,,Dark Angel,000a0122b4,プペフラッシュ,000a0142d9,Elusive Quality,000a00231f,社台レースホース,社台コーポレーション白老ファーム,0.0,2005.0,2009.0,1993.0
2020102704,ハンブルブライド,牝,和田勇介,,ハービンジャー,000a011996,フーラブライド,2009105546,ゴールドアリュール,1999106689,社台レースホース,社台コーポレーション白老ファーム,0.0,2006.0,2009.0,1999.0
2020102700,センスオブピース,牝,安田翔伍,,オルフェーヴル,2008102636,ピースバーグ,000a013d31,Sageburg,000a01260d,サンデーレーシング,社台コーポレーション白老ファーム,0.0,2008.0,2010.0,2004.0
2020102698,ビートポップ,牝,堀内岳志,,ハーツクライ,2001103038,ビートゴーズオン,2011103627,Curlin,000a011734,吉田千津,社台コーポレーション白老ファーム,0.0,2001.0,2011.0,2004.0
2020102692,センシブレーロ,牡,中尾秀正,,レッドファルクス,2011104416,パシャドーラ,2010103676,ハーツクライ,2001103038,社台レースホース,社台コーポレーション白老ファーム,0.0,2011.0,2010.0,2001.0
2020102691,サブライムチューン,牡,萩原清,,ルーラーシップ,2007103143,バウンシーチューン,2008103051,ステイゴールド,1994108729,Ｇ１レーシング,社台コーポレーション白老ファーム,0.0,2007.0,2008.0,1994.0
2020102682,タンタアモール,牝,,,ルーラーシップ,2007103143,タンタビクトリア,2013105252,ディープインパクト,2002100816,,社台コーポレーション白老ファーム,0.0,2007.0,2013.0,2002.0
2020102678,シュトラーセ,牝,杉山晴紀,,ジャスタウェイ,2009106461,ソベラニア,000a011abe,Monsun,000a010db6,サンデーレーシング,社台コーポレーション白老ファーム,0.0,2009.0,2006.0,1990.0
2020102673,スパイラルステップの2020,牝,,,キズナ,2010105827,スパイラルステップ,2012104094,シンボリクリスエス,1999110099,,社台コーポレーション白老ファーム,0.0,2010.0,2012.0,1999.0
2020102670,スカーレルの2020,牡,,,マインドユアビスケッツ,000a01392e,スカーレル,2009105882,ゴールドアリュール,1999106689,,社台コーポレーション白老ファーム,0.0,2013.0,2009.0,1999.0
2020102663,シュクルダールの2020,牝,,,ロゴタイプ,2010103783,シュクルダール,2014105703,シンボリクリスエス,1999110099,,社台コーポレーション白老ファーム,0.0,2010.0,2014.0,1999.0
2020102659,サンドレフォン,牝,西田雄一,,ドレフォン,000a013b82,サンドミエシュ,2011103601,マンハッタンカフェ,1998101554,吉田和美,社台コーポレーション白老ファーム,0.0,2013.0,2011.0,1998.0
2020102653,ゴールデンハープの2020,牝,,,キンシャサノキセキ,2003110212,ゴールデンハープ,2012103991,ステイゴールド,1994108729,,社台コーポレーション白老ファーム,0.0,2003.0,2012.0,1994.0
2020102647,セントランサス,牝,吉岡辰弥,,ドリームジャーニー,2004102753,クリアンサス,2008102710,Redoute's Choice,000a00fe93,サンデーレーシング,社台コーポレーション白老ファーム,0.0,2004.0,2008.0,1996.0
2020102643,フリップアコイン,牝,小林真也,,モーリス,2011100655,キャットコイン,2012104074,ステイゴールド,1994108729,Ｇ１レーシング,社台コーポレーション白老ファーム,0.0,2011.0,2012.0,1994.0
2020102632,コンシェンス,牝,,,ジャスタウェイ,2009106461,ウィルパワー,2007103269,キングカメハメハ,2001103460,,社台コーポレーション白老ファーム,0.0,2009.0,2007.0,2001.0
2020102626,ラトレイア,牝,高柳瑞樹,,ミッキーアイル,2011103916,アドヴェントス,2013105764,ジャングルポケット,1998101786,キャロットファーム,社台コーポレーション白老ファーム,0.0,2011.0,2013.0,1998.0
2020102609,チャンスドゥアスク,牝,梅田智之,,ディープインパクト,2002100816,ワッツダチャンセズ,000a012f0c,Diamond Green,000a012e7a,廣崎利洋ＨＤ,追分ファーム,0.0,2002.0,2010.0,2001.0
2020102608,トゥーランドット,牝,武幸四郎,,ロードカナロア,2008103552,ワイ,000a011de6,Galileo,000a00232b,キャロットファーム,追分ファーム,0.0,2008.0,2008.0,1998.0
2020102583,フィーユダムールの2020,牡,,,エピファネイア,2010104155,フィーユダムール,2013105283,ディープインパクト,2002100816,,追分ファーム,0.0,2010.0,2013.0,2002.0
2020102582,ファームフェイスの2020,牝,笹田和秀,,ジャスタウェイ,2009106461,ファームフェイス,2014105323,タートルボウル,000a012045,Ｇ１レーシング,追分ファーム,0.0,2009.0,2014.0,2002.0
2020102581,インダイアリー,牝,渡辺薫彦,,ドゥラメンテ,2012104511,パーソナルダイアリー,000a0137a5,City Zip,000a0127e6,Ｇ１レーシング,追分ファーム,0.0,2012.0,2011.0,1998.0
2020102554,グランリュー,牡,堀宣行,,ドゥラメンテ,2012104511,サイマー,000a013e79,Zoffany,000a012701,Ｇ１レーシング,追分ファーム,0.0,2012.0,2013.0,2008.0
2020102550,クイーンカトリーンの2020,牝,,,ハーツクライ,2001103038,クイーンカトリーン,000a013db8,Acclamation,000a0122b0,,追分ファーム,0.0,2001.0,2011.0,1999.0
2020102547,オリエントワークスの2020,牡,寺島良,,ロードカナロア,2008103552,オリエントワークス,2013105234,ワークフォース,000a011a7f,Ｇ１レーシング,追分ファーム,0.0,2008.0,2013.0,2007.0
2020102546,レセゾン,牡,斎藤誠,,デクラレーションオブウォー,000a0136f6,ヴァゼム,2011103526,ゼンノロブロイ,2000101517,Ｇ１レーシング,追分ファーム,0.0,2009.0,2011.0,2000.0
2020102541,スペンシエラート,牝,,,ルーラーシップ,2007103143,アンチュラス,2009106569,ディープインパクト,2002100816,,追分ファーム,0.0,2007.0,2009.0,2002.0
2020102540,アシュアビクトリー,牝,矢作芳人,,Justify,000a013f2d,アレイヴィングビューティ,000a014b05,Mastercraftsman,000a01249a,Ｇ１レーシング,追分ファーム,0.0,2015.0,2013.0,2006.0
2020102536,ワールドフォースの2020,牡,,,トーセンジョーダン,2006103169,ワールドフォース,2013110060,Canford Cliffs,000a0127a5,,エスティファーム,0.0,2006.0,2013.0,2007.0
2020102533,トーセンジュノ,牝,中川公成,,トーセンラー,2008102985,レディートゥーゴー,2013100122,フレンチデピュティ,000a00013a,島川隆哉,エスティファーム,0.0,2008.0,2013.0,1992.0
2020102529,ナーディス,牝,高野毅,,マクマホン,000a0143ac,ユーキャンゴーゴー,2013110059,Galileo,000a00232b,島川隆哉,エスティファーム,0.0,2014.0,2013.0,1998.0
2020102528,ピーコックス,牡,,,マクマホン,000a0143ac,メモリーリング,2014101706,トーセンホマレボシ,2009106092,,エスティファーム,0.0,2014.0,2014.0,2009.0
2020102527,ミステリーギャルの2020,牡,,,ヴァンキッシュラン,2013105718,ミステリーギャル,000a01434c,Big Bad Bob,000a012700,,エスティファーム,0.0,2013.0,2013.0,2000.0
2020102523,ファストカラーの2020,牝,,,マクマホン,000a0143ac,ファストカラー,2008103284,フジキセキ,1992109618,,エスティファーム,0.0,2014.0,2008.0,1992.0
2020102518,トーセンノヴァ,牡,上原博之,,トーセンホマレボシ,2009106092,トーセンロビン,2009102240,ファンタスティックライト,1996190005,島川隆哉,エスティファーム,0.0,2009.0,2009.0,1996.0
2020102515,グリーンドルフィン,牡,,,トーセンジョーダン,2006103169,トーセンラーク,2012105999,アルデバランＩＩ,000a010541,,エスティファーム,0.0,2006.0,2012.0,1998.0
2020102512,トーセンミネルバの2020,牡,,,ゴールドシップ,2009102739,トーセンミネルバ,2008105252,キングカメハメハ,2001103460,,エスティファーム,0.0,2009.0,2008.0,2001.0
2020102501,トーセンソニアの2020,牡,,,トーセンレーヴ,2008103273,トーセンソニア,2008105789,ファンタスティックライト,1996190005,,エスティファーム,0.0,2008.0,2008.0,1996.0
2020102498,トーセンクリスの2020,牝,,,ダイワメジャー,2001103114,トーセンクリス,2013110132,Redoute's Choice,000a00fe93,,エスティファーム,0.0,2001.0,2013.0,1996.0
2020102494,トーセンオードリー,牝,土田稔,,マクマホン,000a0143ac,トーセンオマージュ,2003104545,ダンスインザダーク,1993109188,島川隆哉,エスティファーム,0.0,2014.0,2003.0,1993.0
2020102487,トーセンマテリアル,牝,小桧山悟,,ヴァンキッシュラン,2013105718,トーセンアルニカ,2010100233,メイショウサムソン,2003102205,島川隆哉,エスティファーム,0.0,2013.0,2010.0,2003.0
2020102486,チャイナドレスの2020,牝,,,トーセンレーヴ,2008103273,チャイナドレス,2013105970,ハービンジャー,000a011996,,エスティファーム,0.0,2008.0,2013.0,2006.0
2020102484,トーセンミーシャ,牝,,,トーセンホマレボシ,2009106092,ターフローレル,000a01434e,Footstepsinthesand,000a0111b5,,エスティファーム,0.0,2009.0,2014.0,2002.0
2020102482,トーセンヴェルディ,牡,小笠倫弘,,マクマホン,000a0143ac,セシルブルース,2003102896,エルコンドルパサー,1995108742,島川隆哉,エスティファーム,0.0,2014.0,2003.0,1995.0
2020102481,スマートチョイスの2020,牝,,,Highland Reel,000a0128f6,スマートチョイス,000a014f4d,Grand Reward,000a014b98,,エスティファーム,0.0,2012.0,2013.0,2001.0
2020102467,ソワール,牡,,,ディープブリランテ,2009105084,エラドゥーラ,1998110155,Sultry Song,000a001f1b,,エスティファーム,0.0,2009.0,1998.0,1988.0
2020102459,セイウンエミリア,牝,根本康広,,エピファネイア,2010104155,ゴールドアシュレイ,2008100587,マヤノトップガン,1992102988,西山茂行,宇南山牧場,0.0,2010.0,2008.0,1992.0
2020102458,ゴールデンリーフの2020,牝,,,フリオーソ,2004106867,ゴールデンリーフ,2010104608,ステイゴールド,1994108729,,宇南山牧場,0.0,2004.0,2010.0,1994.0
2020102451,ヴァーナルブルーム,牝,松本隆宏,,ハービンジャー,000a011996,ベストティアラ,2013105044,マンハッタンカフェ,1998101554,（有）上水牧場,上水牧場,0.0,2006.0,2013.0,1998.0
2020102448,テクノプラチナ,牡,安部幸夫,,リアルスティール,2012104889,ピュアブラウン,2001110134,Indian Charlie,000a00fcd8,西村健,上水牧場,0.0,2012.0,2001.0,1995.0
2020102446,ケントメリー,牡,角川秀樹,,レッドファルクス,2011104416,バイオレントハート,2004102427,ダンスインザダーク,1993109188,ＭＭＣ,上水牧場,0.0,2011.0,2004.0,1993.0
2020102422,ベルモントリーダー,牝,東眞市,,シビルウォー,2005102317,ベルモントリボン,2004100815,カコイーシーズ,1986109001,廣松金次,池本久志,0.0,2005.0,2004.0,1986.0
2020102419,インカブレイブの2020,牡,,,セイントアレックス,2007110008,インカブレイブ,2005101783,アメリカンボス,1995108602,,池本久志,0.0,2007.0,2005.0,1995.0
2020102409,ディーノカヨウ,牝,鈴木慎太,,キンシャサノキセキ,2003110212,ファイナルリリー,2007102337,ロージズインメイ,000a010a10,坂本守孝,阿部栄乃進,0.0,2003.0,2007.0,2000.0
2020102403,エスカッション,牡,尾形和幸,,ミッキーアイル,2011103916,アートラヴァー,2013105843,ダイワメジャー,2001103114,米津佳昭,アスラン,0.0,2011.0,2013.0,2001.0
2020102402,ギャロップオー,牡,中塚猛,,トーセンラー,2008102985,フジノビューティ,2015102117,ホワイトマズル,1990109700,田畑富子,和田洋平,0.0,2008.0,2015.0,1990.0
2020102400,レオキラメキの2020,牡,,,バンブーエール,2003104100,レオキラメキ,2007101153,アルカセット,2000190010,,若林順一,0.0,2003.0,2007.0,2000.0
2020102397,ヒシレイホウの2020,牝,,,スノードラゴン,2008104268,ヒシレイホウ,1995108743,Dayjur,000a001d8b,,若林順一,0.0,2008.0,1995.0,1987.0
2020102392,チュウワヒーロー,牡,庄野靖志,,スクリーンヒーロー,2004103328,チュウワフェザー,2013105814,ファルブラヴ,1998190004,中西忍,若林順一,0.0,2004.0,2013.0,1998.0
2020102385,ヒュームテソーロ,牡,伊坂重信,,ファインニードル,2013100612,レッドテソーロ,2015103058,ノヴェリスト,000a012230,了徳寺健二ホールディングス,リョーケンファーム,0.0,2013.0,2015.0,2009.0
2020102376,コロラドテソーロ,牝,勢司和浩,,ブラックタイド,2001103312,ウイントゥルーラヴ,2008104108,ロックオブジブラルタル,000a00fd4c,了徳寺健二ホールディングス,リョーケンファーム,0.0,2001.0,2008.0,1999.0
2020102361,リコースコーピオン,牡,,,シニスターミニスター,000a011099,ケイアイメルヘン,2002107326,エンドスウィープ,000a00010f,,リコーファーム,0.0,2003.0,2002.0,1991.0
2020102350,ホーリーイヴ,牝,上原博之,,ダンカーク,000a012185,ホウショウリヴ,2003110248,Holy Bull,000a000180,遠藤日出樹,Ｕ・Ｍ・Ａ,0.0,2006.0,2003.0,1991.0
2020102346,シェリーベイビー,牝,,,リオンディーズ,2013105915,アリアンナ,2015102056,スマートファルコン,2005100097,,Ｕ・Ｍ・Ａ,0.0,2013.0,2015.0,2005.0
2020102336,サンライズウイング,牡,,,ダイワメジャー,2001103114,ブラボーデイジー,2005103851,クロフネ,1998110135,,ヤナガワ牧場,0.0,2001.0,2005.0,1998.0
2020102332,キミッテリッキー,牝,堀千亜樹,,コパノリッキー,2010106548,ヒットザフロアー,2012104398,ステイゴールド,1994108729,小林祐介,ヤナガワ牧場,0.0,2010.0,2012.0,1994.0
2020102330,サンライズドラマ,牡,笹田和秀,,コパノリッキー,2010106548,デイジーメーカー,2015102076,エンパイアメーカー,000a010542,松岡隆雄,ヤナガワ牧場,0.0,2010.0,2015.0,2000.0
2020102322,ベルエト,牝,牧光二,,ブラックタイド,2001103312,タイセイエトワール,2000106882,トニービン,1983109006,辻子依旦,ヤナガワ牧場,0.0,2001.0,2000.0,1983.0
2020102318,サンライズトモス,牡,,,クリエイターII,000a013630,サンデーローズ,2006102792,ブライアンズタイム,000a000082,,ヤナガワ牧場,0.0,2013.0,2006.0,1985.0
2020102313,キュアロージズの2020,牝,,,コパノリッキー,2010106548,キュアロージズ,2014102614,ロージズインメイ,000a010a10,,ヤナガワ牧場,0.0,2010.0,2014.0,2000.0
2020102309,サンライズオルク,牡,藤川純,,ラブリーデイ,2010104298,イエロータキオン,2005105614,アグネスタキオン,1998101516,（株）ＴＫＫ,ヤナガワ牧場,0.0,2010.0,2005.0,1998.0
2020102302,ヒロノリク,牡,川村禎彦,,ディスクリートキャット,000a0113a1,エンジェルウィング,2015105100,ヘニーヒューズ,000a011155,高原将浩,ヤスナカファーム,0.0,2003.0,2015.0,2003.0
2020102292,スティールジュニア,牡,,,ベーカバド,000a011dc0,スティールクィーン,2015106224,サウスヴィグラス,1996110138,,門別牧場,0.0,2007.0,2015.0,1996.0
2020102290,エムティメロディー,牝,,,ダノンバラード,2008103548,クラリン,2007106420,キングヘイロー,1995104427,,門別牧場,0.0,2008.0,2007.0,1995.0
2020102264,キョウエイエピカ,牝,伊藤伸一,,ハービンジャー,000a011996,ショウサンミーベル,2011101519,フジキセキ,1992109618,田中晴夫,モリナガファーム,0.0,2006.0,2011.0,1992.0
2020102249,アイラブユー,牝,蛯名利弘,,ミッキーロケット,2013106099,ミライポケット,2008103551,ジャングルポケット,1998101786,ミルファーム,三輪牧場,0.0,2013.0,2008.0,1998.0
2020102247,ヤマショウミラクル,牝,瀬戸幸一,,シビルウォー,2005102317,マキハタスリリング,2004106332,ステイゴールド,1994108729,山下勇,三輪牧場,0.0,2005.0,2004.0,1994.0
2020102245,カネトシストーム,牡,飯田祐史,,リオンディーズ,2013105915,ジュメイラジョアン,000a0118a5,Swain,000a0021ca,兼松昌男,三輪牧場,0.0,2013.0,2005.0,1992.0
2020102244,クリノルージュ,牝,藤沢則雄,,アスカクリチャン,2007104599,クリノレイステル,2015102011,ヴァーミリアン,2002100877,栗本博晴,三輪牧場,0.0,2007.0,2015.0,2002.0
2020102242,オレゴントレイルの2020,牝,,,ビッグアーサー,2011103328,オレゴントレイル,2000101622,ダンスインザダーク,1993109188,,三輪牧場,0.0,2011.0,2000.0,1993.0
2020102234,クリノコンドル,牡,藤沢則雄,,トーセンジョーダン,2006103169,クリノエカテリーナ,2014102765,スズカマンボ,2001103890,栗本博晴,増尾牧場,0.0,2006.0,2014.0,2001.0
2020102233,ノアパラダイス,牡,川野勇馬,,グレーターロンドン,2012101402,アンプレショニスト,2006102878,エアジハード,1995107978,佐山公男,増尾牧場,0.0,2012.0,2006.0,1995.0
2020102228,アムレートマジコ,牝,西田雄一,,タリスマニック,000a013425,ラプンツェル,2002106787,デヒア,000a0000df,ヒダカ・ブリーダーズ・ユニオン,槇本牧場,0.0,2013.0,2002.0,1991.0
2020102212,マルヨタマキ,牝,,,ロージズインメイ,000a010a10,マルヨモザー,2006100037,アグネスタキオン,1998101516,,前野牧場,0.0,2000.0,2006.0,1998.0
2020102209,ネコニナリタイ,牝,土田稔,,ダンカーク,000a012185,ビーキュート,2009106516,マヤノトップガン,1992102988,檜森高史,前野牧場,0.0,2006.0,2009.0,1992.0
2020102203,ブレスワンズラック,牡,井樋一也,,バゴ,2001190004,アエテウレシイ,2010100469,アグネスタキオン,1998101516,小橋亮太,前野牧場,0.0,2001.0,2010.0,1998.0
2020102200,マイネフェニーチェの2020,牡,,,ヤマカツエース,2012102774,マイネフェニーチェ,2006104869,ブライアンズタイム,000a000082,,前川義則,0.0,2012.0,2006.0,1985.0
2020102197,ミユキアグレッシブ,牝,堂山芳則,,レッドファルクス,2011104416,ノヴェンバースカイ,2011102248,ディープスカイ,2005101358,長井純一,前川義則,0.0,2011.0,2011.0,2005.0
2020102193,エメイン,牡,田中剛,,ミッキーロケット,2013106099,ラペールノアール,2015100620,ディープインパクト,2002100816,ノースヒルズ,本間牧場,0.0,2013.0,2015.0,2002.0
2020102183,サウンドレガミ,牡,安達昭夫,,エスポワールシチー,2005102837,サウンドパラダイス,2013105611,ワークフォース,000a011a7f,増田雄一,本間牧場,0.0,2005.0,2013.0,2007.0
2020102180,ヴェネルディ,牝,,,ドレフォン,000a013b82,アルカナ,2010105843,ステイゴールド,1994108729,,本間牧場,0.0,2013.0,2010.0,1994.0
2020102179,タヤスブラック,牡,岩戸孝樹,,ブラックタイド,2001103312,アイビー,2006106071,サクラバクシンオー,1989108341,横瀬兼二,本間牧場,0.0,2001.0,2006.0,1989.0
2020102174,オリエンタルエース,牡,大江原哲,,ワールドエース,2009106353,ゲストアスリート,2005100692,ブライアンズタイム,000a000082,棚網基己,細川牧場,0.0,2009.0,2005.0,1985.0
2020102166,フォルテドンナの2020,牡,,,スクリーンヒーロー,2004103328,フォルテドンナ,2015101942,ヘニーヒューズ,000a011155,,豊洋牧場,0.0,2004.0,2015.0,2003.0
2020102159,サノノヒューズ,牡,栗田徹,,ヘニーヒューズ,000a011155,コーラルビュー,2008106126,キングヘイロー,1995104427,佐野信幸,豊洋牧場,0.0,2003.0,2008.0,1995.0
2020102158,サノノマクフィ,牡,中舘英二,,マクフィ,000a011c77,クロフネビームス,2012101889,クロフネ,1998110135,佐野信幸,豊洋牧場,0.0,2007.0,2012.0,1998.0
2020102154,エマルジョン,牝,伊藤伸一,,トーセンラー,2008102985,ミセススノー,000a0117c7,シングスピール,1992190005,グリーンスウォード,宝寄山拓樹,0.0,2008.0,2003.0,1992.0
2020102147,アークヴェリスト,牝,平田正一,,ノヴェリスト,000a012230,ガーランドワルツ,2014105997,ハーツクライ,2001103038,アークフロンティア,宝寄山拓樹,0.0,2009.0,2014.0,2001.0
2020102141,マイオールの2020,牝,,,エスポワールシチー,2005102837,マイオール,2013106351,フレンチデピュティ,000a00013a,,碧雲牧場,0.0,2005.0,2013.0,1992.0
2020102138,アスピレイション,牡,,,サトノクラウン,2012104668,スマートルピナス,2010106459,ハーツクライ,2001103038,,碧雲牧場,0.0,2012.0,2010.0,2001.0
2020102137,サバイバルサン,セ,和田雄二,,ディーマジェスティ,2013104704,サバイバルポケット,2013105680,ジャングルポケット,1998101786,福田光博,碧雲牧場,0.0,2013.0,2013.0,1998.0
2020102134,ミエノプリンプリンの2020,牡,,,タリスマニック,000a013425,ミエノプリンプリン,2012104204,ハービンジャー,000a011996,,船越牧場,0.0,2013.0,2012.0,2006.0
2020102133,ヒカルマナムスメの2020,牝,,,ディスクリートキャット,000a0113a1,ヒカルマナムスメ,2011105429,ディープインパクト,2002100816,,船越牧場,0.0,2003.0,2011.0,2002.0
2020102130,メイジョウサンダー,牝,,,モンテロッソ,000a011b05,スクリーンデビュー,2011104990,スクリーンヒーロー,2004103328,,船越牧場,0.0,2007.0,2011.0,2004.0
2020102129,ファインザエコーズ,牝,堂山芳則,,ファインニードル,2013100612,エコーズインザウインド,000a01280c,モンジュー,1996190001,船越三弘,船越牧場,0.0,2013.0,2009.0,1996.0
2020102126,ハニーフィッツの2020,牡,,,ホッコータルマエ,2009100921,ハニーフィッツ,2014103948,ゴールドアリュール,1999106689,,藤本ファーム,0.0,2009.0,2014.0,1999.0
2020102124,イトサン,牝,小崎憲,,サトノダイヤモンド,2013106101,チェルヴァ,2015104926,キングカメハメハ,2001103460,ニッシンホールディングス,藤本ファーム,0.0,2013.0,2015.0,2001.0
2020102122,ソルトエース,牡,武英智,,ジャスタウェイ,2009106461,ソルトドリーム,2015104469,ストロングリターン,2006102934,杉浦敏夫,藤本ファーム,0.0,2009.0,2015.0,2006.0
2020102114,アークレーヴ,牝,長倉功,,マインドユアビスケッツ,000a01392e,トーコーニーケ,2011100014,キングカメハメハ,2001103460,天堀忠博,藤本直弘,0.0,2013.0,2011.0,2001.0
2020102108,デルマヒキオトシ,牝,勢司和浩,,スピルバーグ,2009105961,デルマトモエゴゼン,2013105482,キングカメハメハ,2001103460,浅沼廣幸,ファニーヒルファーム,0.0,2009.0,2013.0,2001.0
2020102099,ティルトウイングの2020,牝,,,ロゴタイプ,2010103783,ティルトウイング,2008102775,シンボリクリスエス,1999110099,,ファニーヒルファーム,0.0,2010.0,2008.0,1999.0
2020102096,リスペクトマナーの2020,牡,,,ベルシャザール,2008103004,リスペクトマナー,2015104506,カジノドライヴ,2005110112,,ファーミングヤナキタ,0.0,2008.0,2015.0,2005.0
2020102087,ロトエルピス,牝,中尾秀正,,シニスターミニスター,000a011099,ロトラトゥール,2011100799,ゴールドアリュール,1999106689,國武佳博,広富牧場,0.0,2003.0,2011.0,1999.0
2020102082,ベビードール,牝,杉山佳明,,ラブリーデイ,2010104298,フラゴリーネ,2009106150,ディープインパクト,2002100816,中辻明,広富牧場,0.0,2010.0,2009.0,2002.0
2020102070,テイエムジンドウ,牝,,,テイエムジンソク,2012101830,テイエムヨカドー,2004109152,テイエムオペラオー,1996100292,,日高テイエム牧場,0.0,2012.0,2004.0,1996.0
2020102069,テイエムジンハク,牡,石栗龍彦,,テイエムジンソク,2012101830,テイエムヨカオゴ,2002109119,ヘネシー,000a000178,竹園正繼,日高テイエム牧場,0.0,2012.0,2002.0,1993.0
2020102068,テイエムアトラス,セ,石栗龍彦,,ベルシャザール,2008103004,テイエムテンモン,2012101819,バゴ,2001190004,竹園正繼,日高テイエム牧場,0.0,2008.0,2012.0,2001.0
2020102067,テイエムジョーダンの2020,牡,,,テイエムジンソク,2012101830,テイエムジョーダン,2016100382,トーセンジョーダン,2006103169,,日高テイエム牧場,0.0,2012.0,2016.0,2006.0
2020102065,テイエムカルテット,牝,,,リアルインパクト,2008103244,テイエムカルメン,2006105927,タイキシャトル,1994109686,,日高テイエム牧場,0.0,2008.0,2006.0,1994.0
2020102064,テイエムスバル,牝,加藤和宏,,ストロングリターン,2006102934,テイエムオペレッタ,2004106018,アドマイヤベガ,1996107396,竹園正繼,日高テイエム牧場,0.0,2006.0,2004.0,1996.0
2020102063,テイエムオドロキの2020,牡,,,メイショウボーラー,2001100650,テイエムオドロキ,2011100637,マーベラスサンデー,1992103687,,日高テイエム牧場,0.0,2001.0,2011.0,1992.0
2020102052,トルメンタ,牝,坂口智康,,ジャスタウェイ,2009106461,ドルドラムズ,000a01386b,Bernardini,000a0111fe,寺田寿男,日高大洋牧場,0.0,2009.0,2010.0,2003.0
2020102051,トリルビーの2020,牝,,,ホッコータルマエ,2009100921,トリルビー,2012100351,デュランダル,1999106756,,日高大洋牧場,0.0,2009.0,2012.0,1999.0
2020102048,スウィートアンドセイヴォリーの2020,牡,,,ハーツクライ,2001103038,スウィートアンドセイヴォリー,000a012512,Storm Cat,000a001a98,,日高大洋牧場,0.0,2001.0,2008.0,1983.0
2020102047,アスカノリュウ,牡,尾林幸二,,エスケンデレヤ,000a012cc0,サンピング,000a012fd0,Any Given Saturday,000a0113a0,豊田哲子,日高大洋牧場,0.0,2007.0,2010.0,2004.0
2020102046,サンキャッチャーの2020,牡,,,アジアエクスプレス,2011110091,サンキャッチャー,2014102393,シンボリクリスエス,1999110099,,日高大洋牧場,0.0,2011.0,2014.0,1999.0
2020102040,ゼンカイ,牡,,,ヘニーハウンド,2008110097,プリンセスハルカ,2010101284,ハーツクライ,2001103038,,坂東ファーム,0.0,2008.0,2010.0,2001.0
2020102034,シュシュメジェール,牝,浅野洋一,,サトノアラジン,2011104063,ゲイエティ,2014102372,タニノギムレット,1999100226,住宅データ,春木ファーム,0.0,2011.0,2014.0,1999.0
2020102017,レクタアーバ,牝,藤沢則雄,,トーセンラー,2008102985,ユウアールシー,2005106001,クロフネ,1998110135,イクタ,長谷川一男,0.0,2008.0,2005.0,1998.0
2020102016,セルリアンジャック,牡,飯田雄三,,ジャングルポケット,1998101786,チェキ,2014100840,ゴールドアリュール,1999106689,イクタ,長谷川一男,0.0,1998.0,2014.0,1999.0
2020102015,ムンドノーヴォ,牡,寺島良,,ジョーカプチーノ,2006100529,シングルカスク,2011103924,タニノギムレット,1999100226,輝レーシング,長谷川一男,0.0,2006.0,2011.0,1999.0
2020102006,ゼットガガの2020,牡,,,ホッコータルマエ,2009100921,ゼットガガ,2013104788,バゴ,2001190004,,ノースガーデン,0.0,2009.0,2013.0,2001.0
2020102005,ゼットイーリスの2020,牡,,,マジェスティックウォリアー,000a011e9c,ゼットイーリス,2015105173,ハードスパン,000a0116a1,,ノースガーデン,0.0,2005.0,2015.0,2004.0
2020102003,グローリアスゼーレの2020,牡,,,キンシャサノキセキ,2003110212,グローリアスゼーレ,2014101204,ジャングルポケット,1998101786,,ノースガーデン,0.0,2003.0,2014.0,1998.0
2020101998,ラヴァ,牡,伊藤伸一,,クラウンレガーロ,2010105639,ユウキビバ,1999103033,フォーティナイナー,000a000134,樋口雅彦,日西牧場,0.0,2010.0,1999.0,1985.0
2020101997,メイショウマオヒメ,牝,安達昭夫,,プリサイスエンド,000a00fe9b,メイショウバレーヌ,2004105973,キャプテンスティーヴ,000a000d9d,松本好雄,日西牧場,0.0,1997.0,2004.0,1997.0
2020101994,オスカークロンヌ,牝,中川公成,,サトノクラウン,2012104668,メイショウオスカル,2001106653,フジキセキ,1992109618,多田賢司,日西牧場,0.0,2012.0,2001.0,1992.0
2020101993,アカショウビン,牡,,,ニシケンモノノフ,2011105438,ピアッジーネ,2011102568,サクラバクシンオー,1989108341,,日西牧場,0.0,2011.0,2011.0,1989.0
2020101988,サイフォジオ,牝,,,トーセンブライト,2001103660,チェリーボンボン,2014101342,プリサイスエンド,000a00fe9b,,日西牧場,0.0,2001.0,2014.0,1997.0
2020101982,クリノミスゴールド,牝,竹之下昭,,ゴールドシップ,2009102739,クリノチョモラーリ,2010106460,スパイキュール,2000101557,（同）ＪＰＮ技研,日西牧場,0.0,2009.0,2010.0,2000.0
2020101977,シゲルプレジール,牡,九日俊光,,シビルウォー,2005102317,ダイメイジュエリー,2007102355,キャプテンスティーヴ,000a000d9d,岡友則,西野春樹,0.0,2005.0,2007.0,1997.0
2020101964,ジャコイッチャン,牡,松永幹夫,,シルバーステート,2013105903,スマートエンデバー,2010103828,ファルブラヴ,1998190004,晴間初栄,中原牧場,0.0,2013.0,2010.0,1998.0
2020101933,マサノミストレスの2020,牡,,,ディープブリランテ,2009105084,マサノミストレス,2012105803,キングカメハメハ,2001103460,,道見牧場,0.0,2009.0,2012.0,2001.0
2020101928,フィセルルージュ,牝,,,エイシンフラッシュ,2007102951,ギオンゴールド,2006105769,ゴールドヘイロー,1997101264,,道見牧場,0.0,2007.0,2006.0,1997.0
2020101926,ゴールドリボンの2020,牡,,,トーセンラー,2008102985,ゴールドリボン,2012101648,スターキングマン,1999110010,,豊郷牧場,0.0,2008.0,2012.0,1999.0
2020101910,デジタルゴールドの2020,牡,,,カレンブラックヒル,2009106230,デジタルゴールド,2007105786,アグネスデジタル,1997110025,,坪田晃宜,0.0,2009.0,2007.0,1997.0
2020101902,レインデートの2020,牡,,,ヘニーヒューズ,000a011155,レインデート,000a0117cf,Unbridled's Song,000a002071,,チャンピオンズファーム,0.0,2003.0,2005.0,1993.0
2020101901,ルンバフラメンコ,牝,,,キンシャサノキセキ,2003110212,ルージュノアール,2013104971,ストーミングホーム,1998190003,,チャンピオンズファーム,0.0,2003.0,2013.0,1998.0
2020101900,ルンバカタラーナ,牝,,,ドレフォン,000a013b82,リキセレナード,1998107256,ジェイドロバリー,000a0001a7,,チャンピオンズファーム,0.0,2013.0,1998.0,1987.0
2020101899,ロックステディ,牡,尾形和幸,,サトノアラジン,2011104063,ラヴァーズロック,2015102561,ヘニーヒューズ,000a011155,ニッシンホールディングス,チャンピオンズファーム,0.0,2011.0,2015.0,2003.0
2020101887,サンブルエクリプス,牡,,,リアルスティール,2012104889,ブルーエクセル,2016106416,ロードカナロア,2008103552,,チャンピオンズファーム,0.0,2012.0,2016.0,2008.0
2020101885,ハンデンメシアー,牡,土田稔,,パドトロワ,2007102760,ピアンピアーノ,2014102693,マンハッタンカフェ,1998101554,坂田行夫,チャンピオンズファーム,0.0,2007.0,2014.0,1998.0
2020101883,ピンクフォワード,牝,,,エイシンヒカリ,2011101273,パールヴァティー,2012102371,タイキシャトル,1994109686,,チャンピオンズファーム,0.0,2011.0,2012.0,1994.0
2020101880,マッシミリアーノ,牡,中舘英二,,モーリス,2011100655,ネックレス,000a01378a,Darshaan,000a0019b1,平田修,チャンピオンズファーム,0.0,2011.0,2001.0,1981.0
2020101876,ペイシャダラニ,牝,堀内岳志,,エイシンヒカリ,2011101273,ダラニ,2011103484,サクラバクシンオー,1989108341,北所直人,チャンピオンズファーム,0.0,2011.0,2011.0,1989.0
2020101875,ブロディ,牡,千田輝彦,,エピファネイア,2010104155,ダブルオベリスク,2009100619,アグネスタキオン,1998101516,藤井聡一郎,チャンピオンズファーム,0.0,2010.0,2009.0,1998.0
2020101851,クリスティーヌ,牝,,,ハーツクライ,2001103038,レディオブオペラ,2010100717,シングスピール,1992190005,,ダーレー・ジャパン・ファーム,0.0,2001.0,2010.0,1992.0
2020101834,デアリングウォリア,セ,竹口勝利,,ハーツクライ,2001103038,ハピネス,2011100582,コマンズ,000a011625,（同）ＪＰＮ技研,ダーレー・ジャパン・ファーム,0.0,2001.0,2011.0,1996.0
2020101816,カザハナ,牝,久保田貴,,ディスクリートキャット,000a0113a1,スノーイルナ,2014102175,アドマイヤムーン,2003102991,ゴドルフィン,ダーレー・ジャパン・ファーム,0.0,2003.0,2014.0,2003.0
2020101815,コールミープリティ,牝,,,アドマイヤムーン,2003102991,ストロベリーフェア,000a010aae,Kingmambo,000a001d7e,,ダーレー・ジャパン・ファーム,0.0,2003.0,2001.0,1990.0
2020101812,スノーフラッターズ,牝,,,ディスクリートキャット,000a0113a1,スキースクール,2012101555,パイロ,000a01176a,,ダーレー・ジャパン・ファーム,0.0,2003.0,2012.0,2005.0
2020101810,ラヴキャット,牝,,,ディスクリートキャット,000a0113a1,シンダーズ,2012101533,パイロ,000a01176a,,ダーレー・ジャパン・ファーム,0.0,2003.0,2012.0,2005.0
2020101801,ベストタイミング,牝,,,スクリーンヒーロー,2004103328,グレイトタイミング,000a0127f9,Raven's Pass,000a011d04,,ダーレー・ジャパン・ファーム,0.0,2004.0,2010.0,2005.0
2020101793,アシュームエアズ,牝,飯田良弘,,ディスクリートキャット,000a0113a1,エアショウ,2013100606,ディープスカイ,2005101358,組）パトリオット,ダーレー・ジャパン・ファーム,0.0,2003.0,2013.0,2005.0
2020101767,エフジョイナー,牝,加用正,,ドゥラメンテ,2012104511,アルピナブルー,2010103868,フジキセキ,1992109618,ＨｉｍＲｏｃｋＲａｃｉｎｇホールディングス,タバタファーム,0.0,2012.0,2010.0,1992.0
2020101765,トーホウバリエンテ,牡,,,アメリカンペイトリオット,000a013bba,トーホウハニー,2012103720,ステイゴールド,1994108729,,竹島幸治,0.0,2013.0,2012.0,1994.0
2020101760,トーホウハーガン,牝,高橋康之,,タリスマニック,000a013425,トーホウガイア,2001110162,Unbridled's Song,000a002071,東豊物産,竹島幸治,0.0,2013.0,2001.0,1993.0
2020101757,ウインクルスーパーの2020,牝,,,トゥザワールド,2011103975,ウインクルスーパー,2013100520,アンクルスーパー,1997100632,,竹島幸治,0.0,2011.0,2013.0,1997.0
2020101754,ダイユウサンテ,セ,松永康利,,サトノクラウン,2012104668,ハッピーティア,2008105717,ホワイトマズル,1990109700,大友靖岐,滝本健二,0.0,2012.0,2008.0,1990.0
2020101751,トコロガクマサンガ,牝,宇野木博,,アジアエクスプレス,2011110091,キセキノデアイ,2013106161,キンシャサノキセキ,2003110212,内田玄祥,滝本健二,0.0,2011.0,2013.0,2003.0
2020101746,クリアソウルの2020,牡,,,ジャングルポケット,1998101786,クリアソウル,2006101198,アグネスデジタル,1997110025,,高山牧場,0.0,1998.0,2006.0,1997.0
2020101741,メイショウシオギリの2020,牡,,,カレンブラックヒル,2009106230,メイショウシオギリ,2004105766,メイショウドトウ,1996110113,,高柳隆男,0.0,2009.0,2004.0,1996.0
2020101732,トマチョップガールの2020,牝,,,ホッコータルマエ,2009100921,トマチョップガール,2013103510,カジノドライヴ,2005110112,,高澤正幸,0.0,2009.0,2013.0,2005.0
2020101731,スカイカーミー,牝,田島寿一,,ディープスカイ,2005101358,コンスタンツェ,2013104298,メイショウボーラー,2001100650,中村秀之,高澤正幸,0.0,2005.0,2013.0,2001.0
2020101719,タマモジュエル,牝,,,リオンディーズ,2013105915,チャームダイヤ,2002102231,ヘネシー,000a000178,,スマイルファーム,0.0,2013.0,2002.0,1993.0
2020101716,ゼロディフェクト,牡,辻哲英,,イスラボニータ,2011103565,グレイスファミリー,2006103404,タニノギムレット,1999100226,荒井元明,スマイルファーム,0.0,2011.0,2006.0,1999.0
2020101711,クラマテング,牡,小野次郎,,ビッグアーサー,2011103328,アドマイヤダッシュ,2003102879,フサイチコンコルド,1993109220,國分純,スマイルファーム,0.0,2011.0,2003.0,1993.0
2020101683,コラエテーナ,牝,伊藤大士,,ロードカナロア,2008103552,スイートエルドール,2012109099,フレンチデピュティ,000a00013a,ニッシンホールディングス,シンボリ牧場,0.0,2008.0,2012.0,1992.0
2020101668,ハタノシュヴァリエの2020,牝,,,フリオーソ,2004106867,ハタノシュヴァリエ,2012105996,ディープスカイ,2005101358,,新生ファーム,0.0,2004.0,2012.0,2005.0
2020101662,サジッタの2020,牡,,,ディスクリートキャット,000a0113a1,サジッタ,2010100709,ネオユニヴァース,2000101426,,新生ファーム,0.0,2003.0,2010.0,2000.0
2020101659,エムワイスカレットの2020,牝,,,ダノンバラード,2008103548,エムワイスカレット,2006101113,フレンチデピュティ,000a00013a,,新生ファーム,0.0,2008.0,2006.0,1992.0
2020101656,ハナズルナピエナの2020,牝,,,コパノリッキー,2010106548,ハナズルナピエナ,2009102988,アドマイヤムーン,2003102991,,白瀬盛雄,0.0,2010.0,2009.0,2003.0
2020101651,モエルアの2020,牡,,,ベストウォーリア,2010110127,モエルア,2012101434,エンパイアメーカー,000a010542,,白井牧場,0.0,2010.0,2012.0,2000.0
2020101648,ミッキーアップルの2020,牡,,,ミッキーアイル,2011103916,ミッキーアップル,2010101772,クロフネ,1998110135,,白井牧場,0.0,2011.0,2010.0,1998.0
2020101646,シャララゲラン,牡,池上昌和,,シニスターミニスター,000a011099,ベイビーイッツユー,2010100534,ダイワメジャー,2001103114,ヒダカ・ブリーダーズ・ユニオン,白井牧場,0.0,2003.0,2010.0,2001.0
2020101645,エクレアヒカリ,牡,永島太郎,,エイシンヒカリ,2011101273,ブラーノ,2015104196,キングカメハメハ,2001103460,李柱坤,白井牧場,0.0,2011.0,2015.0,2001.0
2020101643,トプシー,牝,吉田直弘,,ラブリーデイ,2010104298,フライングレディ,2013105598,ディープインパクト,2002100816,金子真人ホールディングス,白井牧場,0.0,2010.0,2013.0,2002.0
2020101631,セントフロンティアの2020,牡,,,マクフィ,000a011c77,セントフロンティア,2002110236,デインヒル,000a0000d1,,白井牧場,0.0,2007.0,2002.0,1986.0
2020101626,オークリッチ,牡,宮路洋一,,ドレフォン,000a013b82,オークヒルパーク,2008103156,アグネスタキオン,1998101516,小橋亮太,白井牧場,0.0,2013.0,2008.0,1998.0
2020101621,ラーク,牝,庄野靖志,,ワールドエース,2009106353,グラールホーリー,1997103844,アフリート,000a000013,庄野宏志,庄野牧場,0.0,2009.0,1997.0,1984.0
2020101613,マーゴットロンド,牝,服部利之,,ジャスタウェイ,2009106461,ロンドンシーズン,2015101408,ロードカナロア,2008103552,前田良平,下河辺牧場,0.0,2009.0,2015.0,2008.0
2020101584,ドゥミプリエ,牝,藤原英昭,,Justify,000a013f2d,バレエシューズII,000a01597b,Galileo,000a00232b,下河辺牧場,下河辺牧場,0.0,2015.0,2015.0,1998.0
2020101583,ハッピーファレル,セ,宮田敬介,,ルーラーシップ,2007103143,ハッピーグラス,2008105591,ディープインパクト,2002100816,スリーエイチレーシング,下河辺牧場,0.0,2007.0,2008.0,2002.0
2020101581,ネオヴァシュランの2020,牡,,,マクフィ,000a011c77,ネオヴァシュラン,2012101373,エンパイアメーカー,000a010542,,下河辺牧場,0.0,2007.0,2012.0,2000.0
2020101580,ナトゥーア,牝,佐藤英明,,グレーターロンドン,2012101402,ネイチャーガイド,2003106127,エルコンドルパサー,1995108742,組）西野畜産組合,下河辺牧場,0.0,2012.0,2003.0,1995.0
2020101573,スペチアーレの2020,牡,,,ビッグアーサー,2011103328,スペチアーレ,2012101355,ダイワメジャー,2001103114,,下河辺牧場,0.0,2011.0,2012.0,2001.0
2020101566,ジュエルアラモードの2020,牡,,,サトノクラウン,2012104668,ジュエルアラモード,2012101349,ダイワメジャー,2001103114,,下河辺牧場,0.0,2012.0,2012.0,2001.0
2020101549,ガリレオズソングの2020,牡,,,ハーツクライ,2001103038,ガリレオズソング,000a0143c9,Galileo,000a00232b,,下河辺牧場,0.0,2001.0,2013.0,1998.0
2020101545,オールタイムベストの2020,牝,,,ブラックタイド,2001103312,オールタイムベスト,2005103113,ブライアンズタイム,000a000082,,下河辺牧場,0.0,2001.0,2005.0,1985.0
2020101544,オールウェイズウィリングの2020,牝,,,ハーツクライ,2001103038,オールウェイズウィリング,000a0117fd,Elusive Quality,000a00231f,,下河辺牧場,0.0,2001.0,2006.0,1993.0
2020101541,ジョアジョルナータ,牡,佐藤祐司,,リオンディーズ,2013105915,エターナルブーケ,2013100322,マンハッタンカフェ,1998101554,下河辺牧場,下河辺牧場,0.0,2013.0,2013.0,1998.0
2020101539,ダンスフォーユー,牝,石坂公一,,ロードカナロア,2008103552,エスカナール,2008105549,スペシャルウィーク,1995103211,ライフハウス,下河辺牧場,0.0,2008.0,2008.0,1995.0
2020101526,ドメーヌの2020,牡,,,キンシャサノキセキ,2003110212,ドメーヌ,000a010e7b,Hussonet,000a0104d9,,シグラップファーム,0.0,2003.0,2001.0,1991.0
2020101525,フレンドモア,牝,南田美知,,バゴ,2001190004,トウカイユニバース,2007104672,ダンスインザダーク,1993109188,横尾晴人,シグラップファーム,0.0,2001.0,2007.0,1993.0
2020101522,ウーメラ,牡,,,バトルプラン,000a0118e8,オンリゲットベター,2014105553,ヴィクトワールピサ,2007102923,,シグラップファーム,0.0,2005.0,2014.0,2007.0
2020101519,ファルセット,牝,,,ベルシャザール,2008103004,ステラマリーン,2011100308,アドマイヤジャパン,2002102324,,鹿戸和幸,0.0,2008.0,2011.0,2002.0
2020101514,オテア,牡,松山将樹,,バゴ,2001190004,ラブフルーツ,2014102066,キングカメハメハ,2001103460,プレミアムレースホース,サンバマウンテンファーム,0.0,2001.0,2014.0,2001.0
2020101512,キソタイシャ,牡,,,ストロングリターン,2006102934,バクシンオージョ,2004100244,タイキシャトル,1994109686,,サンバマウンテンファーム,0.0,2006.0,2004.0,1994.0
2020101499,ルレーヴオンクルー,牡,,,アンライバルド,2006103308,マリーアルーア,2009102395,ゴールドアリュール,1999106689,,サンシャイン牧場,0.0,2006.0,2009.0,1999.0
2020101498,ハーミアの2020,牝,,,ルックスザットキル,2012110078,ハーミア,2007105461,フィガロ,1995108837,,サンシャイン牧場,0.0,2012.0,2007.0,1995.0
2020101493,メディナアサーラ,牝,桜田康二,,ヴァンセンヌ,2009106525,コルディリエーラ,2013100287,キャプテントゥーレ,2005102216,伊達泰明,サンシャイン牧場,0.0,2009.0,2013.0,2005.0
2020101483,ケリーズタイムの2020,牡,,,ディスクリートキャット,000a0113a1,ケリーズタイム,2009106792,アルカセット,2000190010,,坂戸節子,0.0,2003.0,2009.0,2000.0
2020101478,ヴェズレー,セ,和田雄二,,スズカコーズウェイ,2004104345,ハイマーク,2007105067,マヤノトップガン,1992102988,田島榮二郎,坂牧場,0.0,2004.0,2007.0,1992.0
2020101459,ハタノリュクスの2020,牡,,,リアルインパクト,2008103244,ハタノリュクス,2016102968,ロードカナロア,2008103552,,グッドラック・ファーム,0.0,2008.0,2016.0,2008.0
2020101456,マーブルシャイナー,牝,西園正都,,ハタノヴァンクール,2009102350,ハタノボニート,2010110042,Bernardini,000a0111fe,下村直,グッドラック・ファーム,0.0,2009.0,2010.0,2003.0
2020101452,セイエイフラワー,牝,,,トーセンジョーダン,2006103169,ハタノエンジェル,2011100224,ブライアンズタイム,000a000082,,グッドラック・ファーム,0.0,2006.0,2011.0,1985.0
2020101451,クリノグッドラック,牡,荒川義之,,リオンディーズ,2013105915,ダイワストリーム,2010103263,ダイワメジャー,2001103114,栗本守,グッドラック・ファーム,0.0,2013.0,2010.0,2001.0
2020101431,クラウンリアルティ,牡,鈴木慎太,,ベストウォーリア,2010110127,マリノサクセス,2014104064,ヴィクトワールピサ,2007102923,和田志保,クラウン日高牧場,0.0,2010.0,2014.0,2007.0
2020101417,マリノハート,牝,青木孝文,,サムライハート,2002100996,クラウンシンホニー,2011104790,ファスリエフ,000a00fc4c,矢野雅子,クラウン日高牧場,0.0,2002.0,2011.0,1997.0
2020101413,カキツバタアヤメ,牝,天間昭一,,レッドファルクス,2011104416,クラウンアイリス,2011109160,ロドリゴデトリアーノ,000a000d71,矢野恭裕,クラウン日高牧場,0.0,2011.0,2011.0,1989.0
2020101405,パワフルラリマーの2020,牡,,,ヘニーヒューズ,000a011155,パワフルラリマー,2009102341,サクラバクシンオー,1989108341,,木村牧場,0.0,2003.0,2009.0,1989.0
2020101401,ペプチドスミレ,牝,,,キズナ,2010105827,スターオブジュニパー,000a010f04,Sadler's Wells,000a00185d,,木村牧場,0.0,2010.0,1999.0,1981.0
2020101399,クリノエイブラハム,牡,的場均,,アスカクリチャン,2007104599,クリノカグヤマ,2010104867,プリサイスエンド,000a00fe9b,栗本博晴,木村牧場,0.0,2007.0,2010.0,1997.0
2020101391,スカートフワリの2020,牡,,,ダイワメジャー,2001103114,スカートフワリ,2016109118,シンボリクリスエス,1999110099,,木部ファーム,0.0,2001.0,2016.0,1999.0
2020101388,ブルーベリー,牝,,,ストロングリターン,2006102934,ビジョナリー,2011100346,ディープインパクト,2002100816,,北田剛,0.0,2006.0,2011.0,2002.0
2020101384,ファニーボーイ,牡,安達昭夫,,ダイワメジャー,2001103114,クラウディーハート,2009100745,クロフネ,1998110135,ＨｉｍＲｏｃｋＲａｃｉｎｇホールディングス,北田剛,0.0,2001.0,2009.0,1998.0
2020101382,オンシジュームの2020,牝,,,カレンブラックヒル,2009106230,オンシジューム,2003102705,エンドスウィープ,000a00010f,,北田剛,0.0,2009.0,2003.0,1991.0
2020101381,エレオノール,牝,大竹正博,,ジャスタウェイ,2009106461,イリリア,2014105956,ダノンシャンティ,2007105709,中村昭博,北田剛,0.0,2009.0,2014.0,2007.0
2020101376,テイエムクリッパー,牡,加藤和宏,,シンボリクリスエス,1999110099,フジノトップガン,2006101883,ネオユニヴァース,2000101426,竹園正繼,川島正広,0.0,1999.0,2006.0,2000.0
2020101364,ヤマショウシェル,牝,,,フリオーソ,2004106867,ヤマショウエル,2015101204,エンパイアメーカー,000a010542,,賀張三浦牧場,0.0,2004.0,2015.0,2000.0
2020101357,ゴールドワンウルフ,牡,北村欣也,,ゴールドシップ,2009102739,ニシノルーファス,2006102609,シンボリクリスエス,1999110099,瀬戸年美,賀張中川牧場,0.0,2009.0,2006.0,1999.0
2020101334,メイフラワーの2020,牝,,,トーセンラー,2008102985,メイフラワー,2010100285,オペラハウス,000a000d77,,沖田牧場,0.0,2008.0,2010.0,1988.0
2020101333,エイカ,牝,渡辺薫彦,,モーリス,2011100655,ママズディッシュ,2007103201,クロフネ,1998110135,平沼龍漢,沖田牧場,0.0,2011.0,2007.0,1998.0
2020101312,シャインソテツ,セ,小野次郎,,リオンディーズ,2013105915,シャインセレブ,2007102941,クロフネ,1998110135,皆川博文,大江牧場,0.0,2013.0,2007.0,1998.0
2020101310,デイバンカウボーイ,牡,堀内岳志,,ゴールドシップ,2009102739,ヴィグシュテラウス,2012101025,ダイタクリーヴァ,1997105873,ニューマレコード,エトルタファーム,0.0,2009.0,2012.0,1997.0
2020101309,クリノスパーク,牡,藤沢則雄,,グレーターロンドン,2012101402,ソソノ,2005105112,フレンチデピュティ,000a00013a,栗本博晴,永村侑,0.0,2012.0,2005.0,1992.0
2020101308,アスカトップレディの2020,牡,,,ダンカーク,000a012185,アスカトップレディ,2007103852,アドマイヤボス,1997103699,,永村侑,0.0,2006.0,2007.0,1997.0
2020101306,ルヴェルテュールの2020,牡,,,ディスクリートキャット,000a0113a1,ルヴェルテュール,2011100268,ザカリヤ,1996110289,,ヴェルサイユファーム,0.0,2003.0,2011.0,1996.0
2020101300,ミオカーロ,牡,清水久詞,,キズナ,2010105827,ジョウノカーラ,2009102417,Dylan Thomas,000a011072,シルクレーシング,ヴェルサイユファーム,0.0,2010.0,2009.0,2003.0
2020101298,アイノットラブ,牝,安田隆行,,アドマイヤムーン,2003102991,シーエーパイロット,2014101545,パイロ,000a01176a,スリーエイチレーシング,ヴェルサイユファーム,0.0,2003.0,2014.0,2005.0
2020101285,ダノニーの2020,牡,,,リオンディーズ,2013105915,ダノニー,2006105209,マンハッタンカフェ,1998101554,,いとう牧場,0.0,2013.0,2006.0,1998.0
2020101278,アファメーション,牡,羽月友彦,,インカンテーション,2010104916,ハッピーラベンダー,2005102842,バブルガムフェロー,1993109219,宮本貞雄,石原牧場,0.0,2010.0,2005.0,1993.0
2020101257,インサニア,牡,,,リオンディーズ,2013105915,アンジュデュバン,2011100051,ハーツクライ,2001103038,,荒井ファーム,0.0,2013.0,2011.0,2001.0
2020101254,ホワイトポピーの2020,牝,,,イスラボニータ,2011103565,ホワイトポピー,2010100070,スウェプトオーヴァーボード,000a00fa34,,新井弘幸,0.0,2011.0,2010.0,1997.0
2020101248,ジュエルアズギフト,牡,牧浦充徳,,サトノダイヤモンド,2013106101,ラヴアズギフト,2007110024,Tiznow,000a00fa4b,グリーンファーム,新井昭二,0.0,2013.0,2007.0,1997.0
2020101242,ダンスフェイマス,牡,吉田直弘,,ヴィクトワールピサ,2007102923,ダンスフェイム,2010103815,ファルブラヴ,1998190004,ＧｒａｎｄｅＲａｃｉｎｇ,新井昭二,0.0,2007.0,2010.0,1998.0
2020101240,ライフデザイン,牝,,,ストロングリターン,2006102934,スローライフ,2011104218,ハーツクライ,2001103038,,新井昭二,0.0,2006.0,2011.0,2001.0
2020101227,カズノフウゲツ,牝,小西一男,,ハービンジャー,000a011996,ドラゴンホマレ,2014106119,トーセンホマレボシ,2009106092,鈴木可一,天羽禮治,0.0,2006.0,2014.0,2009.0
2020101218,ショウナンマラマ,牝,西園正都,,ダイワメジャー,2001103114,ムーンライトベイ,2006103392,High Chaparral,000a010270,国本哲秀,天羽牧場,0.0,2001.0,2006.0,1999.0
2020101213,センセーションの2020,牡,,,モーリス,2011100655,センセーション,2011100018,ゼンノロブロイ,2000101517,,天羽牧場,0.0,2011.0,2011.0,2000.0
2020101211,カネトシフローラ,牝,,,ジャスタウェイ,2009106461,ジーニマジック,2010100157,ダイワメジャー,2001103114,,天羽牧場,0.0,2009.0,2010.0,2001.0
2020101210,ショウナンワタリ,牡,国枝栄,,エピファネイア,2010104155,ショウナンアピア,2008102024,ディープインパクト,2002100816,国本哲秀,天羽牧場,0.0,2010.0,2008.0,2002.0
2020101208,ショウナンサンダー,牡,松下武士,,ハービンジャー,000a011996,ヴィリア,2013100016,ディープインパクト,2002100816,国本哲秀,天羽牧場,0.0,2006.0,2013.0,2002.0
2020101204,ハナウタの2020,牡,,,ロールボヌール,2012106120,ハナウタ,2011102758,ドリームスプレッド,1998101500,,厚賀古川牧場,0.0,2012.0,2011.0,1998.0
2020101192,フレアリングシエロ,牝,松本隆宏,,ダノンシャーク,2008105554,フレアリングピュア,2008106449,ブラックホーク,1994109361,山口明彦,山口明彦,0.0,2008.0,2008.0,1994.0
2020101186,シャイニーパルサー,牡,晴山厚司,,トーセンジョーダン,2006103169,ブライティアターフ,2008106445,ステイゴールド,1994108729,昆亜紀夫,雅牧場,0.0,2006.0,2008.0,1994.0
2020101172,リャクダツアイの2020,牡,,,ゴールドアクター,2011105266,リャクダツアイ,2012101642,チチカステナンゴ,000a011135,,びらとり牧場,0.0,2011.0,2012.0,1998.0
2020101154,マリオキュート,牝,盛本信春,,ハービンジャー,000a011996,ヤマトマリオン,2003104871,オペラハウス,000a000d77,坂東まさ子,坂東牧場,0.0,2006.0,2003.0,1988.0
2020101145,ヘーデンチョウサン,牡,和田正一,,ハービンジャー,000a011996,プジュリ,2003104378,ダンスインザダーク,1993109188,チョウサン,坂東牧場,0.0,2006.0,2003.0,1993.0
2020101132,タイセイアリオス,牝,青木孝文,,ストロングリターン,2006102934,タイセイレガシー,2014105986,マンハッタンカフェ,1998101554,田中成奉,坂東牧場,0.0,2006.0,2014.0,1998.0
2020101131,ゼロメリディアンの2020,牝,,,ハービンジャー,000a011996,ゼロメリディアン,2014105932,ディープインパクト,2002100816,,坂東牧場,0.0,2006.0,2014.0,2002.0
2020101130,サスティーン,牝,武藤善則,,ハービンジャー,000a011996,ゼマティス,2008110012,ゼンノロブロイ,2000101517,シルクレーシング,坂東牧場,0.0,2006.0,2008.0,2000.0
2020101128,スウィートレイディーの2020,牡,,,ダイワメジャー,2001103114,スウィートレイディー,000a013092,Encosta de Lago,000a0112ca,,坂東牧場,0.0,2001.0,2005.0,1993.0
2020101120,ウルトラブラック,牡,黒岩陽一,,キタサンブラック,2012102013,ウルトラブレンド,000a011dfa,Richly Blended,000a011d94,シルクレーシング,坂東牧場,0.0,2012.0,2006.0,1998.0
2020101119,ペルセ,牡,九日俊光,,ヤマカツエース,2012102774,アスールダリア,2015106454,エスポワールシチー,2005102837,山邉浩,坂東牧場,0.0,2012.0,2015.0,2005.0
2020101117,チュラサンビーチ,牝,齊藤敏,,ジャングルポケット,1998101786,フラワータッチ,2009102059,バブルガムフェロー,1993109219,（株）Ｍ’ｓカンパニ,原田新治,0.0,1998.0,2009.0,1993.0
2020101105,ツーウインドバレー,牡,,,バトルプラン,000a0118e8,サプライズハッピー,2013101148,ゴールドアリュール,1999106689,,二風谷ファーム,0.0,2005.0,2013.0,1999.0
2020101104,フェスティヴビップ,牡,宗綱泰彦,,ロードカナロア,2008103552,クイーンズシアター,2011104289,ディープインパクト,2002100816,（同）ＪＰＮ技研,二風谷ファーム,0.0,2008.0,2011.0,2002.0
2020101103,アイシャの2020,牝,,,リオンディーズ,2013105915,アイシャ,2015104827,ハーツクライ,2001103038,,二風谷ファーム,0.0,2013.0,2015.0,2001.0
2020101097,ケイツーコロン,牝,溝橋利喜,,バゴ,2001190004,タイキロザリオ,2002105521,スピニングワールド,000a000325,小林聖子,中田牧場,0.0,2001.0,2002.0,1993.0
2020101084,ミッドナイトワルツ,牝,寺島良,,ハービンジャー,000a011996,オールオブユー,2012104158,ダイワメジャー,2001103114,三田昌宏,高橋啓,0.0,2006.0,2012.0,2001.0
2020101080,オーロラバローズ,牝,長谷川浩,,バゴ,2001190004,ニエロ,2012104807,ステイゴールド,1994108729,猪熊広次,スガタ牧場,0.0,2001.0,2012.0,1994.0
2020101079,ブラッスリー,牝,金成貴史,,ジャスタウェイ,2009106461,オートキュイジーヌ,2006102855,フレンチデピュティ,000a00013a,藤沼利夫,スガタ牧場,0.0,2009.0,2006.0,1992.0
2020101075,オペラミラクル,牡,田村康仁,,キンシャサノキセキ,2003110212,ヒラルダ,2009102123,Kyllachy,000a010cba,二木英実,清水牧場,0.0,2003.0,2009.0,1998.0
2020101074,ウォーリアアスク,牝,田村康仁,,マジェスティックウォリアー,000a011e9c,チーティンハート,2009103082,シンボリクリスエス,1999110099,廣崎利洋ＨＤ,清水牧場,0.0,2005.0,2009.0,1999.0
2020101073,シンプルガール,牝,竹下直人,,コパノリッキー,2010106548,スマートアレンジ,2010105652,パーソナルラッシュ,2001110155,（株）ファーストビジ,清水牧場,0.0,2010.0,2010.0,2001.0
2020101066,フレッシュトースト,牡,柳沢好美,,アポロソニック,2010110120,ノーブルファニー,2000107024,ディアブロ,000a0000e9,長浜和也,黒川賢司,0.0,2010.0,2000.0,1987.0
2020101065,ホクトシュンシュン,牡,岡野尚光,,ニシケンモノノフ,2011105438,マックススカラ,2006110142,オペラハウス,000a000d77,（有）東海住宅,協栄組合,0.0,2011.0,2006.0,1988.0
2020101064,フレノカトリーヌの2020,牝,,,サトノアラジン,2011104063,フレノカトリーヌ,2004101784,クロフネ,1998110135,,協栄組合,0.0,2011.0,2004.0,1998.0
2020101062,アルコノテン,牝,箕輪武,,ミッキーロケット,2013106099,アドリア,2013100564,ヴィクトワールピサ,2007102923,飯?進次,協栄組合,0.0,2013.0,2013.0,2007.0
2020101040,スズカマリー,牝,谷潔,,モーリス,2011100655,スズカマドンナ,2012102056,ディープインパクト,2002100816,永井啓弍,稲原牧場,0.0,2011.0,2012.0,2002.0
2020101032,ヴァンビーナアスク,牝,河内洋,,ハービンジャー,000a011996,プリンセスアスク,2011106267,ゼンノロブロイ,2000101517,廣崎利洋ＨＤ,ＡＳＫＳＴＵＤ,0.0,2006.0,2011.0,2000.0
2020101028,ダイヤモンドアスクの2020,牝,,,ドレフォン,000a013b82,ダイヤモンドアスク,2008100905,ジャングルポケット,1998101786,,ＡＳＫＳＴＵＤ,0.0,2013.0,2008.0,1998.0
2020101022,エイカイビクター,セ,坂口智康,,ベルシャザール,2008103004,エイカイビクトリア,2015104682,オルフェーヴル,2008102636,二木英実,ＡＳＫＳＴＵＤ,0.0,2008.0,2015.0,2008.0
2020101017,コスモウィローの2020,牡,,,サトノアラジン,2011104063,コスモウィロー,2009110023,Cherokee Run,000a00214a,,赤石牧場,0.0,2011.0,2009.0,1990.0
2020101014,ファリガ,牝,笹田和秀,,ダイワメジャー,2001103114,ラファイエ,2015101561,Elusive Quality,000a00231f,寺田寿男,吉田ファーム,0.0,2001.0,2015.0,1993.0
2020101013,トーホウグランツ,牡,原口次夫,,タリスマニック,000a013425,トーホウプリンセス,2007102333,サクラバクシンオー,1989108341,東豊物産,吉田ファーム,0.0,2013.0,2007.0,1989.0
2020101012,トーホウスプライトの2020,牡,,,タリスマニック,000a013425,トーホウスプライト,2011103424,ディープインパクト,2002100816,,吉田ファーム,0.0,2013.0,2011.0,2002.0
2020101010,レスピラシオン,牡,坂口智康,,モーリス,2011100655,セレブレーション,2015103861,ハーツクライ,2001103038,キーウエスト,吉田ファーム,0.0,2011.0,2015.0,2001.0
2020101007,マテンロウナスカ,牝,寺島良,,ドゥラメンテ,2012104511,サクセスセレーネ,2009101381,ディープインパクト,2002100816,寺田千代乃,吉田ファーム,0.0,2012.0,2009.0,2002.0
2020101005,ガラスマスカレイドの2020,牡,,,ハービンジャー,000a011996,ガラスマスカレイド,2012106133,キングカメハメハ,2001103460,,吉田ファーム,0.0,2006.0,2012.0,2001.0
2020100991,フローイングヘアの2020,牝,,,アドマイヤムーン,2003102991,フローイングヘア,2013101854,キングカメハメハ,2001103460,,村下農場,0.0,2003.0,2013.0,2001.0
2020100972,フォルテカヴァロ,牡,石橋守,,タリスマニック,000a013425,ラグタイム,2011102919,ディープインパクト,2002100816,猪又晶介,三好牧場,0.0,2013.0,2011.0,2002.0
2020100967,シゲルマッシグラ,牡,藤沢則雄,,シゲルカガ,2011103048,シゲルチャグチャグ,2012100481,サムライハート,2002100996,森中蕃,三好牧場,0.0,2011.0,2012.0,2002.0
2020100947,ウォータールバート,牝,岡田稲男,,ブラックタイド,2001103312,ウォーターエナン,1999110291,ボストンハーバー,000a00007c,山岡正人,伏木田牧場,0.0,2001.0,1999.0,1994.0
2020100946,レンヌルシャトーの2020,牝,,,リアルインパクト,2008103244,レンヌルシャトー,2008103065,アグネスタキオン,1998101516,,フクオカファーム,0.0,2008.0,2008.0,1998.0
2020100940,ニシノマオの2020,牡,,,レッドファルクス,2011104416,ニシノマオ,2004102571,サクラバクシンオー,1989108341,,フクオカファーム,0.0,2011.0,2004.0,1989.0
2020100925,ダイゴショウリュウ,牡,玉垣光章,,ビッグアーサー,2011103328,ハナオウギ,2015110095,Super Saver,000a012d51,長谷川光司,ヒダカファーム,0.0,2011.0,2015.0,2007.0
2020100915,カフジガラーニ,牝,木原一良,,ビーチパトロール,000a0141f9,カフジティアラ,2013103113,カネヒキリ,2002100978,加藤守,ヒダカファーム,0.0,2013.0,2013.0,2002.0
2020100913,ジャージー,牡,森田直行,,ヴィクトワールピサ,2007102923,カノン,2010102263,フォーティナイナーズサン,000a011227,北山敏隆,ヒダカファーム,0.0,2007.0,2010.0,2001.0
2020100907,ルージュバンブーの2020,牡,,,ビッグアーサー,2011103328,ルージュバンブー,2006100557,マリエンバード,000a00fa36,,バンブー牧場,0.0,2011.0,2006.0,1997.0
2020100904,トリッシュ,牝,小手川準,,ダンカーク,000a012185,ベッライリス,2012104817,ディープインパクト,2002100816,中辻明,バンブー牧場,0.0,2006.0,2012.0,2002.0
2020100889,タカイチシップ,牝,浅野洋一,,ゴールドシップ,2009102739,タカイチホワイト,2014103958,クロフネ,1998110135,高橋一郎,野表俊一,0.0,2009.0,2014.0,1998.0
2020100888,アルウィキウィキ,牝,箕輪武,,ラニ,2013110045,サンジャンドリュズ,2013103435,スクリーンヒーロー,2004103328,（株）ＳＫＴ,野表俊一,0.0,2013.0,2013.0,2004.0
2020100883,ブルーセレブの2020,牡,,,パドトロワ,2007102760,ブルーセレブ,2011103286,アサクサデンエン,1999110191,,中村雅明,0.0,2007.0,2011.0,1999.0
2020100877,トリプルハートの2020,牝,,,ハクサンムーン,2009102527,トリプルハート,2008100621,ネオユニヴァース,2000101426,,中村雅明,0.0,2009.0,2008.0,2000.0
2020100876,アオイモモ,牝,中舘英二,,ビーチパトロール,000a0141f9,スイチョウカ,2011103683,シンボリクリスエス,1999110099,新谷幸義,中村雅明,0.0,2013.0,2011.0,1999.0
2020100870,オスカーメロディ,牝,牧光二,,ビーチパトロール,000a0141f9,オスカークイーン,2014103942,シニスターミニスター,000a011099,森保彦,中村雅明,0.0,2013.0,2014.0,2003.0
2020100858,チェリーハイジ,牝,,,チェリークラウン,2004102428,チェリーウォーター,2007100685,ティンバーカントリー,000a00035e,,富塚ファーム,0.0,2004.0,2007.0,1992.0
2020100851,レオアメニティー,セ,萱野浩二,,トーセンジョーダン,2006103169,オチャノコサイサイ,2007106255,ダイタクサージャン,1992108653,レオ,東栄牧場,0.0,2006.0,2007.0,1992.0
2020100845,エスシールージュ,牝,宗像義忠,,エピファネイア,2010104155,リアライズカレボ,2009110041,Fusaichi Pegasus,000a0022cf,工藤圭司,高松牧場,0.0,2010.0,2009.0,1997.0
2020100842,リンクスソアラ,セ,宗像義忠,,エイシンヒカリ,2011101273,エイシンミレレ,2013103753,キングカメハメハ,2001103460,目谷一幸,高松牧場,0.0,2011.0,2013.0,2001.0
2020100832,レッドサーガの2020,牡,,,ダノンレジェンド,2010110102,レッドサーガ,2010103906,アグネスタキオン,1998101516,,大北牧場,0.0,2010.0,2010.0,1998.0
2020100831,シンフォニー,牡,加藤和宏,,バゴ,2001190004,メモリーマニフィカ,2013103522,マンハッタンカフェ,1998101554,近藤英二,大北牧場,0.0,2001.0,2013.0,1998.0
2020100828,フェリスホイールの2020,牡,,,ビーチパトロール,000a0141f9,フェリスホイール,2006103062,ダンスインザダーク,1993109188,,大北牧場,0.0,2013.0,2006.0,1993.0
2020100821,セカイノワ,牡,,,トーセンモナーク,2005102391,スパイラルリング,2002100710,エンドスウィープ,000a00010f,,大北牧場,0.0,2005.0,2002.0,1991.0
2020100820,タガノギンギツネ,牝,,,ゴールドシップ,2009102739,ジャストアキッス,2015103674,エンパイアメーカー,000a010542,,大北牧場,0.0,2009.0,2015.0,2000.0
2020100813,マルヨヘップバーン,牝,,,エスポワールシチー,2005102837,マルヨカナ,2015101988,フレンチデピュティ,000a00013a,,鈴木武蔵,0.0,2005.0,2015.0,1992.0
2020100805,プリティダイヤ,牝,,,サトノダイヤモンド,2013106101,プリティホワイト,2009104650,クロフネ,1998110135,,鮫川ファーム,0.0,2013.0,2009.0,1998.0
2020100797,ハクサンメガミ,牝,飯田雄三,,ハクサンムーン,2009102527,メンブランツァ,2007103618,タイキシャトル,1994109686,河崎五市,鮫川啓一,0.0,2009.0,2007.0,1994.0
2020100794,スイートエンジェル,牝,,,アジアエクスプレス,2011110091,プリンセスオーラ,2013102967,ドリームジャーニー,2004102753,,鮫川啓一,0.0,2011.0,2013.0,2004.0
2020100793,ゼファーブラウン,牡,中川公成,,エピファネイア,2010104155,ブラックシンデレラ,2014103878,ハーツクライ,2001103038,吉井盛治,鮫川啓一,0.0,2010.0,2014.0,2001.0
2020100789,ナイアガラモンローの2020,牡,,,ビーチパトロール,000a0141f9,ナイアガラモンロー,2012105927,アドマイヤムーン,2003102991,,鮫川啓一,0.0,2013.0,2012.0,2003.0
2020100780,アンゼンキガン,牝,,,アジアエクスプレス,2011110091,アースラブーム,2014103875,マンハッタンカフェ,1998101554,,鮫川啓一,0.0,2011.0,2014.0,1998.0
2020100779,グランデボスコ,牡,新開幸一,,ハーツクライ,2001103038,アランフェスロマン,2006100238,イーグルカフェ,1997110118,大森悌次,鮫川啓一,0.0,2001.0,2006.0,1997.0
2020100776,プリンセスリング,牝,,,ラニ,2013110045,ビブラビブレ,2011103751,ジャングルポケット,1998101786,,斉藤政志,0.0,2013.0,2011.0,1998.0
2020100772,ジョーヴィクトリー,牡,,,ヴィクトワールピサ,2007102923,ジョーカルーア,2014103859,ジョーカプチーノ,2006100529,,斉藤政志,0.0,2007.0,2014.0,2006.0
2020100767,ベストエビデンスの2020,牝,,,ホッコータルマエ,2009100921,ベストエビデンス,2012104203,ネオユニヴァース,2000101426,,小島牧場,0.0,2009.0,2012.0,2000.0
2020100762,グッディーの2020,牝,,,マツリダゴッホ,2003104570,グッディー,2013102107,キングカメハメハ,2001103460,,小島牧場,0.0,2003.0,2013.0,2001.0
2020100757,ワンダーテルヌーラの2020,牡,,,ディーマジェスティ,2013104704,ワンダーテルヌーラ,2010101572,ケイムホーム,000a0108d1,,高昭牧場,0.0,2013.0,2010.0,1999.0
2020100755,モデリスタ,牡,加藤士津,,アドマイヤムーン,2003102991,ルスナイオブカラー,2002103856,ブライアンズタイム,000a000082,高瀬正志,高昭牧場,0.0,2003.0,2002.0,1985.0
2020100754,シングルリード,牝,地辺幸一,,ダンカーク,000a012185,リードフルート,2014105679,ネオユニヴァース,2000101426,酒井孝敏,高昭牧場,0.0,2006.0,2014.0,2000.0
2020100751,ブランラパン,セ,新子雅司,,キズナ,2010105827,ラビングハート,2013110003,Sea The Stars,000a011c78,前田晋二,高昭牧場,0.0,2010.0,2013.0,2006.0
2020100750,イメルダドリーム,牝,杉山佳明,,シャンハイボビー,000a0127e4,ライブザドリーム,2012105867,シニスターミニスター,000a011099,高昭牧場,高昭牧場,0.0,2010.0,2012.0,2003.0
2020100748,メイショウコクフウ,セ,松下武士,,マツリダゴッホ,2003104570,メイショウイザナミ,2015101596,パイロ,000a01176a,松本好雄,高昭牧場,0.0,2003.0,2015.0,2005.0
2020100739,グランヴェリア,牡,鈴木孝志,,Le Havre,000a01198f,ファウヴェリア,000a012b1f,Polish Precedent,000a001dde,田畑利彦,高昭牧場,0.0,2006.0,2003.0,1986.0
2020100732,ティアップソード,牝,奥平雅士,,シャンハイボビー,000a0127e4,ティアップブロンド,2012105910,ゴールドアリュール,1999106689,田中昇,高昭牧場,0.0,2010.0,2012.0,1999.0
2020100723,メイショウハツセ,牡,松永昌博,,メイショウサムソン,2003102205,ゴールドトパーズ,2013102936,エンパイアメーカー,000a010542,松本好雄,高昭牧場,0.0,2003.0,2013.0,2000.0
2020100718,クインズクシナダ,牝,池上昌和,,ルーラーシップ,2007103143,カーディナルコーヴ,000a013908,Leroidesanimaux,000a0115cc,ケイアイスタリオン,高昭牧場,0.0,2007.0,2012.0,2000.0
2020100713,イザベラフジン,牝,荒川義之,,モーリス,2011100655,カネトシキフジン,2011103604,キングカメハメハ,2001103460,高昭牧場,高昭牧場,0.0,2011.0,2011.0,2001.0
2020100712,ビビアナローズ,牝,中竹和也,,ミッキーアイル,2011103916,カクテルローズ,2007106496,タニノギムレット,1999100226,上山牧,高昭牧場,0.0,2011.0,2007.0,1999.0
2020100710,ヴィーヴィーグッドナイトの2020,牡,,,ハーツクライ,2001103038,ヴィーヴィーグッドナイト,000a013865,Midnight Lute,000a011c22,,高昭牧場,0.0,2001.0,2011.0,2003.0
2020100708,ソマリ,牝,,,ゴールドシップ,2009102739,ヴィクトリアズワイルドキャット,000a011ddb,Bellamy Road,000a011cf9,,高昭牧場,0.0,2009.0,2008.0,2002.0
2020100701,アグネスクウ,牡,宮本博,,ヴィクトワールピサ,2007102923,アグネスサクラ,2006102879,ホワイトマズル,1990109700,渡辺公美子,高昭牧場,0.0,2007.0,2006.0,1990.0
2020100695,アテナブルーの2020,牡,,,ミッキーロケット,2013106099,アテナブルー,2007104336,ジャングルポケット,1998101786,,ケンブリッジバレー,0.0,2013.0,2007.0,1998.0
2020100691,ペイシャメガミ,牝,吉田直弘,,バゴ,2001190004,イセノメガミ,2008100749,ネオユニヴァース,2000101426,北所直人,桑田正己,0.0,2001.0,2008.0,2000.0
2020100679,スマートミラージュ,牝,音無秀孝,,ハービンジャー,000a011996,ショウナンアクト,2004103493,フレンチデピュティ,000a00013a,大川徹,桑田牧場,0.0,2006.0,2004.0,1992.0
2020100664,ウマコの2020,牡,,,アポロキングダム,2003110139,ウマコ,2014101161,スマートファルコン,2005100097,,桑田ファーム,0.0,2003.0,2014.0,2005.0
2020100660,ゴールデンワトルの2020,牝,,,レーヴミストラル,2012104929,ゴールデンワトル,2012104734,スニッツェル,000a010eaa,,櫛桁牧場,0.0,2012.0,2012.0,2002.0
2020100653,オールオナーズ,牝,加藤和宏,,アジアエクスプレス,2011110091,ヌーヴォモンド,2013101270,エンパイアメーカー,000a010542,小原準一郎,上山牧場,0.0,2011.0,2013.0,2000.0
2020100649,フセノスガタ,牝,,,トビーズコーナー,000a011fed,アルマシャウラ,2010102023,アドマイヤムーン,2003102991,,上山牧場,0.0,2008.0,2010.0,2003.0
2020100645,ルサルトゥーロ,牡,黒木豊,,ビッグアーサー,2011103328,ルサビ,2009101009,アグネスタキオン,1998101516,関昭一,笠松牧場,0.0,2011.0,2009.0,1998.0
2020100644,リアルエイム,牝,寺島良,,ドレフォン,000a013b82,リアルヴィーナス,2011103108,ネオユニヴァース,2000101426,水上行雄,笠松牧場,0.0,2013.0,2011.0,2000.0
2020100643,ユーロナイトメアの2020,牝,,,ノーブルミッション,000a0126a3,ユーロナイトメア,000a015946,Kodiac,000a012b10,,笠松牧場,0.0,2009.0,2014.0,2001.0
2020100642,クールシュヴェル,牝,上原博之,,ドレフォン,000a013b82,モンクール,2009101019,ディープインパクト,2002100816,水上行雄,笠松牧場,0.0,2013.0,2009.0,2002.0
2020100641,ロカイユ,牝,高橋裕,,リアルスティール,2012104889,モエレヒストリー,2005104421,ファルブラヴ,1998190004,水上ふじ子,笠松牧場,0.0,2012.0,2005.0,1998.0
2020100628,アカカホールの2020,牡,,,ダンカーク,000a012185,アカカホール,2013102846,ダイワメジャー,2001103114,,笠松牧場,0.0,2006.0,2013.0,2001.0
2020100622,ロングエール,牝,森澤友貴,,ホッコータルマエ,2009100921,ラストエンジェル,2012105783,バゴ,2001190004,中井敏雄,荻伏三好ファーム,0.0,2009.0,2012.0,2001.0
2020100609,テイエムエレガント,牝,石栗龍彦,,サトノクラウン,2012104668,ミスシューケット,2014103724,ルーラーシップ,2007103143,竹園正繼,大島牧場,0.0,2012.0,2014.0,2007.0
2020100603,ガリカローズの2020,牝,,,デクラレーションオブウォー,000a0136f6,ガリカローズ,2008101937,ロックオブジブラルタル,000a00fd4c,,大島牧場,0.0,2009.0,2008.0,1999.0
2020100600,ミズホユウセイの2020,牡,,,シゲルカガ,2011103048,ミズホユウセイ,2002103735,デヒア,000a0000df,,王蔵牧場,0.0,2011.0,2002.0,1991.0
2020100597,シゲルマドンナ,牝,,,シゲルカガ,2011103048,シゲルメジロザメ,2013106333,サウスヴィグラス,1996110138,,王蔵牧場,0.0,2011.0,2013.0,1996.0
2020100594,モントシャルマン,牡,嶋田幸晴,,コパノリッキー,2010106548,アリオーン,2009104401,スターリングローズ,1997106560,（株）Ｔ．Ｕ．Ｋ．,王蔵牧場,0.0,2010.0,2009.0,1997.0
2020100584,ヴィントカイゼリン,牝,川島洋人,,マクフィ,000a011c77,ホワイトフーガ,2012105752,クロフネ,1998110135,ウエスト．フォレスト．ステイブル,梅田牧場,0.0,2007.0,2012.0,1998.0
2020100569,フォレストキティの2020,牝,,,ホッコータルマエ,2009100921,フォレストキティ,000a010b6a,Forestry,000a002270,,市川ファーム,0.0,2009.0,2001.0,1996.0
2020100568,タツレーヴ,牡,鮫島一歩,,レーヴミストラル,2012104929,ドナアンブロージア,2016101212,パイロ,000a01176a,野田政義,市川ファーム,0.0,2012.0,2016.0,2005.0
2020100566,シルクリバーの2020,牡,,,エイシンヒカリ,2011101273,シルクリバー,2013105202,タニノギムレット,1999100226,,市川ファーム,0.0,2011.0,2013.0,1999.0
2020100560,ロックオブサリサの2020,牡,,,シルバーステート,2013105903,ロックオブサリサ,2005110143,ロックオブジブラルタル,000a00fd4c,,秋場牧場,0.0,2013.0,2005.0,1999.0
2020100559,ユミル,牡,,,ドリームバレンチノ,2007104877,レイナプティ,2014103038,ネオユニヴァース,2000101426,,秋場牧場,0.0,2007.0,2014.0,2000.0
2020100554,エスティーブライド,牝,,,エピファネイア,2010104155,ティーエスクライ,2012105115,ハーツクライ,2001103038,,秋場牧場,0.0,2010.0,2012.0,2001.0
2020100553,スモモチャンの2020,牝,,,レッドファルクス,2011104416,スモモチャン,2013105586,ハービンジャー,000a011996,,秋場牧場,0.0,2011.0,2013.0,2006.0
2020100552,ルビコントレイル,牡,鈴木慎太,,リオンディーズ,2013105915,サマールナ,2009105270,アドマイヤムーン,2003102991,田畑利彦,秋場牧場,0.0,2013.0,2009.0,2003.0
2020100543,ワンダーノンブーレの2020,牡,,,マクフィ,000a011c77,ワンダーノンブーレ,2003102207,デヒア,000a0000df,,米田牧場,0.0,2007.0,2003.0,1991.0
2020100539,タイセイドクター,牡,新開幸一,,ゴールドアクター,2011105266,チアズフィアレス,2002106343,フォーティナイナー,000a000134,田中成奉,米田牧場,0.0,2011.0,2002.0,1985.0
2020100537,キタノミストレス,牝,,,ミッキーロケット,2013106099,サンキンレター,2003101879,ホワイトマズル,1990109700,,米田牧場,0.0,2013.0,2003.0,1990.0
2020100536,キタサンユキの2020,牡,,,ダノンレジェンド,2010110102,キタサンユキ,2005100196,マリエンバード,000a00fa36,,米田牧場,0.0,2010.0,2005.0,1997.0
2020100533,ゲールサンダー,牡,藤岡健一,,ハービンジャー,000a011996,イザベルドスメーン,2007102737,スペシャルウィーク,1995103211,幅田昌伸,米田牧場,0.0,2006.0,2007.0,1995.0
2020100529,セラミックガールの2020,牝,,,ノヴェリスト,000a012230,セラミックガール,2010104017,ダイワメジャー,2001103114,,山野牧場,0.0,2009.0,2010.0,2001.0
2020100528,ココロノスポーツの2020,牡,,,イスラボニータ,2011103565,ココロノスポーツ,2010110092,Monarchos,000a010b7e,,山野牧場,0.0,2011.0,2010.0,1998.0
2020100526,オンザウインドの2020,牡,,,ロゴタイプ,2010103783,オンザウインド,2013105244,ヴィクトワールピサ,2007102923,,山野牧場,0.0,2010.0,2013.0,2007.0
2020100517,ヒープパラドックス,牡,高馬元紘,,レッドファルクス,2011104416,クレタパラドックス,2007104168,サクラバクシンオー,1989108341,藤田岳彦,山際牧場,0.0,2011.0,2007.0,1989.0
2020100515,スマートローズの2020,牝,,,コパノリッキー,2010106548,スマートローズ,2012102619,ケイムホーム,000a0108d1,,山際セントラルスタッド,0.0,2010.0,2012.0,1999.0
2020100507,キイチゴ,牝,土井道隆,,エイシンヒカリ,2011101273,エーシンヘラ,2010110006,モンジュー,1996190001,酒井孝敏,元道牧場,0.0,2011.0,2010.0,1996.0
2020100501,オータムエッジ,牡,金成貴史,,アグニシャイン,2014105880,エイシントット,2011105576,タニノギムレット,1999100226,レッドマジック,元茂修一,0.0,2014.0,2011.0,1999.0
2020100494,ブラッシュアウェイ,牡,須貝尚介,,ジャスタウェイ,2009106461,バクシンカーリー,2007103963,サクラバクシンオー,1989108341,杉山忠国,明治牧場,0.0,2009.0,2007.0,1989.0
2020100491,スギノエスペランザの2020,牝,,,ダノンレジェンド,2010110102,スギノエスペランザ,2010104505,ウォーエンブレム,000a00fa35,,明治牧場,0.0,2010.0,2010.0,1999.0
2020100490,フレイムインパルス,牡,高橋義忠,,ルーラーシップ,2007103143,スカイキューティー,2010101696,スペシャルウィーク,1995103211,杉山忠国,明治牧場,0.0,2007.0,2010.0,1995.0
2020100488,シーイズムーン,牝,田中正二,,アドマイヤムーン,2003102991,シーイズドーター,2015102664,ヨハネスブルグ,000a0103b9,杉山忠国,明治牧場,0.0,2003.0,2015.0,1999.0
2020100487,アントワネット,牝,田中正二,,ブラックタイド,2001103312,シャイニングエナジー,000a0117a6,Rahy,000a001c5e,杉山忠国,明治牧場,0.0,2001.0,2002.0,1985.0
2020100483,パルボナール,牝,須貝尚介,,オルフェーヴル,2008102636,アンジュドボヌール,2011100229,タイキシャトル,1994109686,杉山忠国,明治牧場,0.0,2008.0,2011.0,1994.0
2020100480,ミラクルブラウン,牡,堀内岳志,,ミッキーロケット,2013106099,スタンリープール,2013106061,キンシャサノキセキ,2003110212,プレミアムレースホース,村上牧場,0.0,2013.0,2013.0,2003.0
2020100475,スカイウォリアーの2020,牝,,,ベストウォーリア,2010110127,スカイウォリアー,2011101551,テレグノシス,1999106851,,三石ファーム,0.0,2010.0,2011.0,1999.0
2020100473,モエレフルールの2020,牝,,,エピファネイア,2010104155,モエレフルール,2009101683,ゴールドヘイロー,1997101264,,三石橋本牧場,0.0,2010.0,2009.0,1997.0
2020100468,ランザン,牝,高野毅,,ネロ,2011103722,ニシノアウリイ,2012101708,フレンチデピュティ,000a00013a,幅田昌伸,三石軽種馬共同育成センター,0.0,2011.0,2012.0,1992.0
2020100464,ギガボルト,牡,村田一誠,,ホッコータルマエ,2009100921,レディーメグネイト,2009101862,ファスリエフ,000a00fc4c,ＴＮレーシング,三石川上牧場,0.0,2009.0,2009.0,1997.0
2020100442,エイシンゼクウ,牡,平松徳彦,,エイシンヒカリ,2011101273,エイシンサンバレー,2002102697,エイシンワシントン,1991109929,平井克彦,水丸牧場,0.0,2011.0,2002.0,1991.0
2020100440,メイショウヤッコ,牡,木原一良,,タリスマニック,000a013425,スズカリーガル,2003101551,ホワイトマズル,1990109700,松本好雄,水上習孝,0.0,2013.0,2003.0,1990.0
2020100437,スターオブディスク,牡,,,ディスクリートキャット,000a0113a1,リベラメンテ,2015105053,ダノンシャンティ,2007105709,,松本牧場,0.0,2003.0,2015.0,2007.0
2020100423,プレシャスワン,牡,,,スピルバーグ,2009105961,プリマチュチュ,2010102869,ヒシミラクル,1999104693,,前田ファーム,0.0,2009.0,2010.0,1999.0
2020100422,アイランドボニータ,牡,,,ヴァンセンヌ,2009106525,フィールドボニータ,2005104557,コロナドズクエスト,000a0000b5,,前田ファーム,0.0,2009.0,2005.0,1995.0
2020100419,マチウマイウマナリ,牝,倉地学,,ヴィクトワールピサ,2007102923,ハリウッドセレブ,2011104442,ジャングルポケット,1998101786,稲垣誠,前田ファーム,0.0,2007.0,2011.0,1998.0
2020100414,ニシノルーナ,牝,山口浩幸,,リーチザクラウン,2006102923,ツキミチャン,2011106417,フジキセキ,1992109618,冨田藤男,前田ファーム,0.0,2006.0,2011.0,1992.0
2020100412,コロイモコロッケ,牡,小桧山悟,,ダイワメジャー,2001103114,スカイブルーダイヤ,2015104425,ロードカナロア,2008103552,小塩利文,前田ファーム,0.0,2001.0,2015.0,2008.0
2020100409,タニセンイメル,牡,加藤士津,,ヴィクトワールピサ,2007102923,シャドウカラーズ,2011104250,キングカメハメハ,2001103460,染谷幸雄,前田ファーム,0.0,2007.0,2011.0,2001.0
2020100399,ドリーミートーツの2020,牝,,,ルーラーシップ,2007103143,ドリーミートーツ,2010104373,ジャングルポケット,1998101786,,前川勝春,0.0,2007.0,2010.0,1998.0
2020100389,インディケーション,牡,田中守,,ヴィクトワールピサ,2007102923,ミコデイジーラブ,2015104629,ハービンジャー,000a011996,古賀慎一,本桐牧場,0.0,2007.0,2015.0,2006.0
2020100380,ニシノフェイムの2020,牡,,,ベストウォーリア,2010110127,ニシノフェイム,2008104129,ディープインパクト,2002100816,,本桐牧場,0.0,2010.0,2008.0,2002.0
2020100350,ビッグナアシタ,牡,中道啓二,,ビッグアーサー,2011103328,ライブリーダンス,2003102552,サンデーサイレンス,000a00033a,松田整二,平野牧場,0.0,2011.0,2003.0,1986.0
2020100344,ジョーリシュト,牝,,,ジョーカプチーノ,2006100529,ジョーアカリン,2008103799,タニノギムレット,1999100226,,平野牧場,0.0,2006.0,2008.0,1999.0
2020100340,トロワフレーシュ,牡,小牧毅,,エスケンデレヤ,000a012cc0,ダイワサンルージュ,2006103694,コロナドズクエスト,000a0000b5,秋元順紀,久井牧場,0.0,2007.0,2006.0,1995.0
2020100331,コスモベルガモット,牡,西園正都,,ディスクリートキャット,000a0113a1,サンライトムーン,2008106006,キングカメハメハ,2001103460,ビッグレッドファーム,原口牧場,0.0,2003.0,2008.0,2001.0
2020100321,タカイチメデタイ,牡,藪口一麻,,トゥザワールド,2011103975,メデタイメデタイ,2006106434,クロフネ,1998110135,高橋一郎,沼田照秋,0.0,2011.0,2006.0,1998.0
2020100313,ヘヴンズムーンの2020,牝,,,オーシャンブルー,2008102978,ヘヴンズムーン,2010102664,アドマイヤムーン,2003102991,,中橋清,0.0,2008.0,2010.0,2003.0
2020100310,クラッシーシャーロットの2020,牝,,,ヴィットリオドーロ,2009110009,クラッシーシャーロット,000a010aa1,A.P. Indy,000a001d37,,中橋清,0.0,2009.0,1998.0,1989.0
2020100309,ナノ,牡,田中正二,,ニシケンモノノフ,2011105438,オブラディオブラダ,2011101937,ゼンノロブロイ,2000101517,湯浅徹,中橋清,0.0,2011.0,2011.0,2000.0
2020100303,ロヴェッシャータ,牡,栗田徹,,シャンハイボビー,000a0127e4,ラベ,2005105379,ダンスインザダーク,1993109188,ノースヒルズ,土居牧場,0.0,2010.0,2005.0,1993.0
2020100298,ジョイトゥザラブ,牝,西田雄一,,マインドユアビスケッツ,000a01392e,オールウェイズラブ,2010105856,ディープインパクト,2002100816,ノースヒルズ,土居牧場,0.0,2013.0,2010.0,2002.0
2020100291,シップフォクイーンの2020,牡,,,ヴィクトワールピサ,2007102923,シップフォクイーン,2015102483,ルーラーシップ,2007103143,,土田ファーム,0.0,2007.0,2015.0,2007.0
2020100285,ミネルヴァレジーナ,牝,村上頼章,,バトルプラン,000a0118e8,ベレッツァ,2003101336,フジキセキ,1992109618,金山幸司,土田農場,0.0,2005.0,2003.0,1992.0
2020100282,ダイセンザダーク,牡,,,コパノリッキー,2010106548,スタートウショウ,2002104955,スキャターザゴールド,000a000d99,,土田和男,0.0,2010.0,2002.0,1997.0
2020100280,グラシエトウショウの2020,牡,,,ミッキーアイル,2011103916,グラシエトウショウ,2011102302,クロフネ,1998110135,,土田和男,0.0,2011.0,2011.0,1998.0
2020100277,ザントカイザー,牡,羽月友彦,,ダンカーク,000a012185,ホウショウバレン,2012101032,ネオユニヴァース,2000101426,京都ホースレーシング,築紫洋,0.0,2006.0,2012.0,2000.0
2020100268,アーキトニー,牡,,,レッドファルクス,2011104416,セレッソフロリード,2010101881,サクラバクシンオー,1989108341,,田湯牧場,0.0,2011.0,2010.0,1989.0
2020100264,オーブエクレール,牝,南田美知,,レーヴミストラル,2012104929,ホシノアテナ,2002104915,サンデーサイレンス,000a00033a,鹽田久義,田中春美,0.0,2012.0,2002.0,1986.0
2020100253,ビッグボーナス,牝,藤田輝信,,バトルプラン,000a0118e8,ドンプリムローズ,2013102646,ゴールドヘイロー,1997101264,川田篤,タツヤファーム,0.0,2005.0,2013.0,1997.0
2020100252,ニシノサンキョウダ,牡,,,ネロ,2011103722,スリーシスターズ,2012101529,パイロ,000a01176a,,タツヤファーム,0.0,2011.0,2012.0,2005.0
2020100249,コスモリリーの2020,牡,長谷川浩,,ダノンバラード,2008103548,コスモリリー,2004102329,オペラハウス,000a000d77,サラブレッドクラブ・ラフィアン,タツヤファーム,0.0,2008.0,2004.0,1988.0
2020100247,パープルベンテンの2020,牡,,,ダノンレジェンド,2010110102,パープルベンテン,2001101070,ジェイドロバリー,000a0001a7,,竹内良一,0.0,2010.0,2001.0,1987.0
2020100244,レッドヴィラーゴの2020,牡,,,エピファネイア,2010104155,レッドヴィラーゴ,2012104658,ネオユニヴァース,2000101426,,タガミファーム,0.0,2010.0,2012.0,2000.0
2020100238,ブルーエンジェルス,牝,加藤士津,,ハービンジャー,000a011996,ナリタブルースター,2007102800,マンハッタンカフェ,1998101554,ターフ・スポート,タガミファーム,0.0,2006.0,2007.0,1998.0
2020100229,フェアシスター,牝,,,コパノリッキー,2010106548,リライアブル,2008103729,ゴールドヘイロー,1997101264,,城地牧場,0.0,2010.0,2008.0,1997.0
2020100223,レオパルツェ,牝,奥平雅士,,シルバーステート,2013105903,エイシンヴァルハラ,2012102362,ヴァーミリアン,2002100877,レオ,城地牧場,0.0,2013.0,2012.0,2002.0
2020100221,セバーンテソーロ,牝,田中博康,,ドゥラメンテ,2012104511,レックスレイノス,000a011aa3,Intikhab,000a0022af,了徳寺健二ホールディングス,下屋敷牧場,0.0,2012.0,2006.0,1994.0
2020100201,シェーヌオンノール,牡,清水久詞,,オルフェーヴル,2008102636,ジャジャマーチャン,2008103040,アドマイヤコジーン,1996106512,ヒダカ・ブリーダーズ・ユニオン,嶋田牧場,0.0,2008.0,2008.0,1996.0
2020100194,ニシノフリヒメの2020,牡,,,ネロ,2011103722,ニシノフリヒメ,2015101778,タニノギムレット,1999100226,,佐藤鉄也,0.0,2011.0,2015.0,1999.0
2020100171,ロードアストラ,牡,安田隆行,,ロードカナロア,2008103552,リラコサージュ,2010101344,ブライアンズタイム,000a000082,ロードホースクラブ,ケイアイファーム,0.0,2008.0,2010.0,1985.0
2020100159,ライオットビート,牡,四位洋文,,シルバーステート,2013105903,ハーフムーンＩＩ,000a012d44,Duke of Marmalade,000a011773,中村祐子,ケイアイファーム,0.0,2013.0,2010.0,2004.0
2020100156,カランガティアラ,牝,,,リアルスティール,2012104889,ティアーモ,2010101353,キングカメハメハ,2001103460,,ケイアイファーム,0.0,2012.0,2010.0,2001.0
2020100153,シティトゥシティの2020,牡,,,ロードカナロア,2008103552,シティトゥシティ,000a012f11,City Zip,000a0127e6,,ケイアイファーム,0.0,2008.0,2007.0,1998.0
2020100152,パドゥム,牡,,,マジェスティックウォリアー,000a011e9c,ザンスカール,2013102300,エンパイアメーカー,000a010542,,ケイアイファーム,0.0,2005.0,2013.0,2000.0
2020100149,シザジー,牝,中村直也,,モーリス,2011100655,キープセイク,2013110002,Sea The Stars,000a011c78,ロードホースクラブ,ケイアイファーム,0.0,2011.0,2013.0,2006.0
2020100147,キャッチローズ,牝,安田隆行,,ロードカナロア,2008103552,Catch A Glimpse,000a0135d6,City Zip,000a0127e6,中村祐子,ケイアイファーム,0.0,2008.0,2013.0,1998.0
2020100141,グラマラスデイズ,牝,杉山晴紀,,ロードカナロア,2008103552,インディアナギャル,000a011a94,Intikhab,000a0022af,ロードホースクラブ,ケイアイファーム,0.0,2008.0,2005.0,1994.0
2020100140,テイクアスタッブ,牝,友道康夫,,Justify,000a013f2d,イトワズマジック,000a01591e,War Front,000a011d00,中村祐子,ケイアイファーム,0.0,2015.0,2016.0,2002.0
2020100139,アンビージャー,牡,斎藤誠,,ハービンジャー,000a011996,アンビータブル,2009101514,ブライアンズタイム,000a000082,中村智幸,ケイアイファーム,0.0,2006.0,2009.0,1985.0
2020100137,スパークスフライ,牝,,,ロードカナロア,2008103552,アドマイヤシャイ,2012104806,キンシャサノキセキ,2003110212,,ケイアイファーム,0.0,2008.0,2012.0,2003.0
2020100136,ロードエピソード,牡,千田輝彦,,ドゥラメンテ,2012104511,アウトシャイン,2010101358,ネオユニヴァース,2000101426,ロードホースクラブ,ケイアイファーム,0.0,2012.0,2010.0,2000.0
2020100135,ソングメサイア,牝,,,ダンカーク,000a012185,レッドルシアン,2011103762,ゼンノロブロイ,2000101517,,グローリーファーム,0.0,2006.0,2011.0,2000.0
2020100134,リネンプラン,牝,粕谷昌央,,バトルプラン,000a0118e8,レッドテオドーラ,2015104618,ディープインパクト,2002100816,戸山光男,グローリーファーム,0.0,2005.0,2015.0,2002.0
2020100124,アイアンランラン,牝,南田美知,,ダノンバラード,2008103548,アイアンプラスワン,2009106228,シンボリクリスエス,1999110099,池上一馬,グローリーファーム,0.0,2008.0,2009.0,1999.0
2020100107,キタサンイザナミ,牝,小笠倫弘,,キタサンブラック,2012102013,キタサンナデシコ,2015102354,ヘニーヒューズ,000a011155,大野商事,木田牧場,0.0,2012.0,2015.0,2003.0
2020100095,ブルーポラリスの2020,牡,,,ダノンバラード,2008103548,ブルーポラリス,2003107264,ウェイオブライト,000a000d9b,,加野牧場,0.0,2008.0,2003.0,1996.0
2020100083,アグリミラクル,牝,,,パドトロワ,2007102760,アグリデジタル,2011104848,アグネスデジタル,1997110025,,加野牧場,0.0,2007.0,2011.0,1997.0
2020100079,リリカル,牝,戸田博文,,ハーツクライ,2001103038,リリアーレ,2006102737,キングカメハメハ,2001103460,ヒダカ・ブリーダーズ・ユニオン,片山牧場,0.0,2001.0,2006.0,2001.0
2020100073,ショウロンポウ,牝,田中正人,,ヴィクトワールピサ,2007102923,イセベル,2015102330,シンボリクリスエス,1999110099,程田真司,片山牧場,0.0,2007.0,2015.0,1999.0
2020100071,レスタンノールの2020,牡,,,コパノリッキー,2010106548,レスタンノール,2008102607,ステイゴールド,1994108729,,折手牧場,0.0,2010.0,2008.0,1994.0
2020100069,ミスフーバフーバの2020,牝,,,イスラボニータ,2011103565,ミスフーバフーバ,000a010a9e,Gone West,000a001be1,,折手牧場,0.0,2011.0,2001.0,1984.0
2020100049,ホネマデアイシテ,牝,,,レッドファルクス,2011104416,クロカミノマイ,2007105320,コマンダーインチーフ,000a0000b0,,沖田哲夫,0.0,2011.0,2007.0,1990.0
2020100036,イズジョーノバトン,牝,本間忍,,エイシンフラッシュ,2007102951,エイシンダイヤ,2012110013,Galileo,000a00232b,泉一郎,沖田忠幸,0.0,2007.0,2012.0,1998.0
2020100033,ベストマテリアルの2020,牝,,,アジアエクスプレス,2011110091,ベストマテリアル,2008100551,アグネスタキオン,1998101516,,小河豊水,0.0,2011.0,2008.0,1998.0
2020100027,ゲンパチタクト,セ,田中剛,,ハービンジャー,000a011996,ロージーローズ,2010101223,シンボリクリスエス,1999110099,平野武志,上村清志,0.0,2006.0,2010.0,1999.0
2020100024,タカノベンチャーの2020,牝,,,ヘニーヒューズ,000a011155,タカノベンチャー,2009101409,アグネスタキオン,1998101516,,上村清志,0.0,2003.0,2009.0,1998.0
2020100021,ファーストナイナーの2020,牡,,,ハーツクライ,2001103038,ファーストナイナー,2004101088,フォーティナイナー,000a000134,,猪野毛牧場,0.0,2001.0,2004.0,1985.0
2020100020,シゲルダイスキ,牝,,,ハーツクライ,2001103038,サラトガヴィーナス,2002101038,ブライアンズタイム,000a000082,,猪野毛牧場,0.0,2001.0,2002.0,1985.0
2020100016,ホッテストチケットの2020,牡,,,イスラボニータ,2011103565,ホッテストチケット,2004104864,ゼンノエルシド,1997110179,,稲葉牧場,0.0,2011.0,2004.0,1997.0
2020100013,タマユラの2020,牝,,,リアルインパクト,2008103244,タマユラ,2011110057,Tamayuz,000a011c79,,稲葉牧場,0.0,2008.0,2011.0,2005.0
2020100010,アリアロマンティカ,牝,安田武広,,レッドファルクス,2011104416,カラフルロマンス,2015102255,タイキシャトル,1994109686,（有）稲葉牧場,稲葉牧場,0.0,2011.0,2015.0,1994.0
2020100007,ユーカリグニー,牡,大根田裕,,アドマイヤムーン,2003102991,ペパーミントラヴ,2006103126,シンボリクリスエス,1999110099,山本堅治,飯岡牧場,0.0,2003.0,2006.0,1999.0
2020100003,Maybe Just Maybe,牝,オブライ,,ロードカナロア,2008103552,プロミストゥビートゥルー,000a013e85,Galileo,000a00232b,,パカパカファーム,0.0,2008.0,2014.0,1998.0
2020100002,Continuous,牡,オブライ,,ハーツクライ,2001103038,フラッフ,000a013872,Galileo,000a00232b,"D Smith, Mrs J Magnier, M Tabor, Westerberg",パカパカファーム,0.0,2001.0,2012.0,1998.0
2020100001,フラッターの2020,牡,,,ロードカナロア,2008103552,フラッター,000a014356,Galileo,000a00232b,,パカパカファーム,0.0,2008.0,2015.0,1998.0
