horse_id,horse_name,sex,trainer,trainer_id,sire,sire_id,dam,dam_id,sire_of_dam,bms_id,owner,breeder,total_prize,sire_birth_year,dam_birth_year,bms_birth_year
2018103559,タイトルホルダー,牡,栗田徹,,ドゥラメンテ,2012104511,メーヴェ,2008110046,Motivator,000a010c91,山田弘,岡田スタッド,"106,875.1",2012.0,2008.0,2002.0
2018105165,シャフリヤール,牡,藤原英昭,,ディープインパクト,2002100816,ドバイマジェスティ,000a011a63,Essence of Dubai,000a0119b8,サンデーレーシング,ノーザンファーム,"80,481.9",2002.0,2005.0,1999.0
2018105027,エフフォーリア,牡,鹿戸雄一,,エピファネイア,2010104155,ケイティーズハート,2009106142,ハーツクライ,2001103038,キャロットファーム,ノーザンファーム,"77,663.6",2010.0,2009.0,2001.0
2018110015,レモンポップ,牡,田中博康,,Lemon Drop Kid,000a0022d0,Unreachable,000a01a5f0,Giant's Causeway,000a0022e1,ゴドルフィン,Mr. & Mrs. Oliver S. Tait,"76,020.0",1996.0,2009.0,1997.0
2018105355,ソングライン,牝,林徹,,キズナ,2010105827,ルミナスパレード,2011104118,シンボリクリスエス,1999110099,サンデーレーシング,ノーザンファーム,"68,855.0",2010.0,2011.0,1999.0
2018100382,ソウルラッシュ,牡,池江泰寿,,ルーラーシップ,2007103143,エターナルブーケ,2013100322,マンハッタンカフェ,1998101554,石川達絵,下河辺牧場,"68,371.0",2007.0,2013.0,1998.0
2018105233,ソダシ,牝,須貝尚介,,クロフネ,1998110135,ブチコ,2012104646,キングカメハメハ,2001103460,金子真人ホールディングス,ノーザンファーム,"62,923.4",1998.0,2012.0,2001.0
2018103528,シャマル,牡,松下武士,,スマートファルコン,2005100097,ネイティヴコード,2011101743,アグネスデジタル,1997110025,金山敏也,岡田スタッド,"55,000.5",2005.0,2011.0,1997.0
2018110007,シュネルマイスター,牡,手塚貴久,,Kingman,000a0124ab,セリエンホルデ,000a0142f1,Soldier Hollow,000a0102ff,サンデーレーシング,Northern Farm,"52,652.0",2011.0,2013.0,2000.0
2018106545,テーオーロイヤル,牡,岡田稲男,,リオンディーズ,2013105915,メイショウオウヒ,2008101769,マンハッタンカフェ,1998101554,小笹公也,三嶋牧場,"51,826.6",2013.0,2008.0,1998.0
2018100274,ジャックドール,牡,藤岡健一,,モーリス,2011100655,ラヴァリーノ,000a011426,Unbridled's Song,000a002071,前原敏行,クラウン日高牧場,"49,004.2",2011.0,2004.0,1993.0
2018105081,ジェラルディーナ,牝,斉藤崇史,,モーリス,2011100655,ジェンティルドンナ,2009106253,ディープインパクト,2002100816,サンデーレーシング,ノーザンファーム,"44,544.7",2011.0,2009.0,2002.0
2018103308,ジューンベロシティ,牡,武英智,,ロードカナロア,2008103552,アドマイヤサブリナ,2010104205,シンボリクリスエス,1999110099,吉川潤,ヒダカファーム,"38,649.9",2008.0,2010.0,1999.0
2018105448,ディクテオン,セ,荒山勝徳,,キングカメハメハ,2001103460,メーデイア,2008102582,キングヘイロー,1995104427,Ｇ１レーシング,追分ファーム,"37,802.0",2001.0,2008.0,1995.0
2018104980,ステラヴェローチェ,牡,須貝尚介,,バゴ,2001190004,オーマイベイビー,2011103810,ディープインパクト,2002100816,大野照旺,ノーザンファーム,"37,563.2",2001.0,2011.0,2002.0
2018106084,ペプチドナイル,牡,武英智,,キングカメハメハ,2001103460,クイーンオリーブ,2008101424,マンハッタンカフェ,1998101554,沼川一彦,杵臼牧場,"35,084.6",2001.0,2008.0,1998.0
2018100916,イグナイター,牡,新子雅司,,エスポワールシチー,2005102837,ビアンコ,2000102652,ウォーニング,000a000843,野田善己,春木ファーム,"34,864.0",2005.0,2000.0,1985.0
2018105012,ヨーホーレイク,牡,友道康夫,,ディープインパクト,2002100816,クロウキャニオン,2002106979,フレンチデピュティ,000a00013a,金子真人ホールディングス,ノーザンファーム,"34,678.5",2002.0,2002.0,1992.0
2018104541,プログノーシス,牡,中内田充,,ディープインパクト,2002100816,ヴェルダ,000a012809,Observatory,000a010bee,社台レースホース,社台ファーム,"34,595.1",2002.0,2006.0,1997.0
2018104963,ダノンザキッド,牡,安田隆行,,ジャスタウェイ,2009106461,エピックラヴ,000a011dce,Dansili,000a010a5f,ダノックス,ノーザンファーム,"33,661.5",2009.0,2008.0,1996.0
2018105069,メイケイエール,牝,武英智,,ミッキーアイル,2011103916,シロインジャー,2013106122,ハービンジャー,000a011996,名古屋競馬,ノーザンファーム,"33,006.0",2011.0,2013.0,2006.0
2018104475,ディープモンスター,牡,池江泰寿,,ディープインパクト,2002100816,シスタリーラヴ,000a012955,Bellamy Road,000a011cf9,ＤＭＭドリームクラブ,矢野牧場,"28,471.2",2002.0,2008.0,2002.0
2018104942,シュヴァリエローズ,牡,清水久詞,,ディープインパクト,2002100816,ヴィアンローズ,000a010bf2,Sevres Rose,000a010a17,キャロットファーム,ノーザンファーム,"28,266.7",2002.0,2002.0,1993.0
2018104934,グレナディアガーズ,牡,中内田充,,Frankel,000a01239b,ウェイヴェルアベニュー,000a013dbd,Harlington,000a013c7f,サンデーレーシング,ノーザンファーム,"27,139.6",2008.0,2011.0,2002.0
2018100829,ウィリアムバローズ,牡,上村洋行,,ミッキーアイル,2011103916,ダイアナバローズ,2006103964,シンボリクリスエス,1999110099,猪熊広次,中原牧場,"27,043.6",2011.0,2006.0,1999.0
2018104750,テンハッピーローズ,牝,高柳大輔,,エピファネイア,2010104155,フェータルローズ,2009105960,タニノギムレット,1999100226,天白泰司,社台ファーム,"26,885.3",2010.0,2009.0,1999.0
2018106571,メイショウフンジン,牡,西園正都,,ホッコータルマエ,2009100921,シニスタークイーン,2009100820,シニスターミニスター,000a011099,松本好隆,宮内牧場,"26,360.0",2009.0,2009.0,2003.0
2018105251,グロリアムンディ,牡,川島正一,,キングカメハメハ,2001103460,ベットーレ,000a0139a1,Blu Air Force,000a01289c,吉田和美,ノーザンファーム,"25,117.2",2001.0,2009.0,1997.0
2018102348,ノースブリッジ,牡,奥村武,,モーリス,2011100655,アメージングムーン,2010106120,アドマイヤムーン,2003102991,井山登,村田牧場,"24,475.6",2011.0,2010.0,2003.0
2018105181,ファインルージュ,牝,木村哲也,,キズナ,2010105827,パシオンルージュ,2008100959,ボストンハーバー,000a00007c,六井元一,ノーザンファーム,"23,714.5",2010.0,2008.0,1994.0
2018104240,アイコンテーラー,牝,河内洋,,ドゥラメンテ,2012104511,ボイルトウショウ,2011102321,ケイムホーム,000a0108d1,中西浩一,畠山牧場,"23,578.0",2012.0,2011.0,1999.0
2018101489,アランバローズ,牡,林正人,,ヘニーヒューズ,000a011155,カサロサーダ,2013105950,ステイゴールド,1994108729,猪熊広次,大狩部牧場,"22,775.0",2003.0,2013.0,1994.0
2018105204,ピクシーナイト,牡,音無秀孝,,モーリス,2011100655,ピクシーホロウ,2010106209,キングヘイロー,1995104427,シルクレーシング,ノーザンファーム,"22,764.2",2011.0,2010.0,1995.0
2018104021,ラッキードリーム,牡,新子雅司,,シニスターミニスター,000a011099,サクラスリール,2010102911,ファンタスティックライト,1996190005,野田善己,谷岡牧場,"22,461.0",2003.0,2010.0,1996.0
2018104903,アカイトリノムスメ,牝,国枝栄,,ディープインパクト,2002100816,アパパネ,2007103234,キングカメハメハ,2001103460,金子真人ホールディングス,ノーザンファーム,"22,268.0",2002.0,2007.0,2001.0
2018103677,ネビーイーム,牡,中竹和也,,キズナ,2010105827,ヴェルヴェットクイーン,000a010ab0,シングスピール,1992190005,前田幸貴,木村秀則,"22,258.1",2010.0,2001.0,1992.0
2018104708,ロングラン,セ,和田勇介,,ヴィクトワールピサ,2007102923,ノッテビアンカ,000a013870,Kendargent,000a0126fd,梅澤明,社台ファーム,"22,028.8",2007.0,2013.0,2003.0
2018103811,ランリョウオー,牡,小久保智,,パイロ,000a01176a,ファビラスタイム,2009105923,シンボリクリスエス,1999110099,糸井政三,桜井牧場,"21,985.0",2005.0,2009.0,1999.0
2018102167,ユーバーレーベン,牝,手塚貴久,,ゴールドシップ,2009102739,マイネテレジア,2007104916,ロージズインメイ,000a010a10,サラブレッドクラブ・ラフィアン,ビッグレッドファーム,"21,869.5",2009.0,2007.0,2000.0
2018102170,マイネルグロン,牡,青木孝文,,ゴールドシップ,2009102739,マイネヌーヴェル,2000102605,ブライアンズタイム,000a000082,サラブレッドクラブ・ラフィアン,ビッグレッドファーム,"21,642.1",2009.0,2000.0,1985.0
2018104576,ジャスティンカフェ,牡,安田翔伍,,エピファネイア,2010104155,カジノブギ,2013105437,ワークフォース,000a011a7f,三木正浩,社台ファーム,"20,924.6",2010.0,2013.0,2007.0
2018106055,ヨシノイースター,牡,中尾秀正,,ルーラーシップ,2007103143,アースプレイ,2011105664,ゼンノロブロイ,2000101517,清水義徳,ガーベラパークスタッド,"20,451.5",2007.0,2011.0,2000.0
2018101007,ムエックス,牡,張田京,,アジアエクスプレス,2011110091,フォーミー,2008106101,アドマイヤマックス,1999107004,中辻明,碧雲牧場,"20,277.0",2011.0,2008.0,1999.0
2018104609,チャックネイト,セ,堀宣行,,ハーツクライ,2001103038,ゴジップガール,000a011ade,Dynaformer,000a001dd9,金子真人ホールディングス,社台ファーム,"20,235.5",2001.0,2006.0,1985.0
2018106265,セイカメテオポリス,牡,渡邉和雄,,マジェスティックウォリアー,000a011e9c,ボウピープ,2011105853,ディープスカイ,2005101358,星加浩一,谷川牧場,"19,540.0",2005.0,2011.0,2005.0
2018100927,マリアエレーナ,牝,吉田直弘,,クロフネ,1998110135,テンダリーヴォイス,2012104864,ディープインパクト,2002100816,金子真人ホールディングス,日高大洋牧場,"19,450.7",1998.0,2012.0,2002.0
2018103774,レディバグ,牝,北出成人,,ホッコータルマエ,2009100921,フェバリットガール,2006101512,ダンスインザダーク,1993109188,ゴールドアップ・カンパニー,ゴールドアップカンパニー,"19,419.4",2009.0,2006.0,1993.0
2018105269,スルーセブンシーズ,牝,尾関知人,,ドリームジャーニー,2004102753,マイティースルー,2006103249,クロフネ,1998110135,キャロットファーム,ノーザンファーム,"19,170.4",2004.0,2006.0,1998.0
2018104225,リフレーミング,牡,藤野健太,,キングヘイロー,1995104427,ヒーリング,2013101094,バトルプラン,000a0118e8,栗山学,橋本牧場,"19,148.5",1995.0,2013.0,2005.0
2018105610,ダディーズビビッド,牡,千田輝彦,,キズナ,2010105827,ケイティーズギフト,2002100852,フレンチデピュティ,000a00013a,田島大史,上水牧場,"19,079.7",2010.0,2002.0,1992.0
2018104638,ミステリーウェイ,セ,小林真也,,ジャスタウェイ,2009106461,ジプシーハイウェイ,000a0120ed,High Chaparral,000a010270,社台レースホース,社台ファーム,"19,066.8",2009.0,2008.0,1999.0
2018104662,ソーヴァリアント,牡,大竹正博,,オルフェーヴル,2008102636,ソーマジック,2005102296,シンボリクリスエス,1999110099,社台レースホース,社台ファーム,"18,941.4",2008.0,2005.0,1999.0
2018104033,ギガキング,牡,稲益貴弘,,キングヘイロー,1995104427,ウルフコール,2000101403,バブルガムフェロー,1993109219,Ｈｅｒｏレーシング,谷藤弘美,"18,871.0",1995.0,2000.0,1993.0
2018190002,ロマンチックウォリアー,セ,シャム,,Acclamation,000a0122b0,Folk Melody,000a01be97,Street Cry,000a0103ba,Ｐ．ラウ,Corduff Stud & T.J.Rooney,"18,378.0",1999.0,2011.0,1998.0
2018101871,ララクリスティーヌ,牝,斉藤崇史,,ミッキーアイル,2011103916,スーパーマダム,2010103717,タニノギムレット,1999100226,フジイ興産,土井牧場,"18,341.7",2011.0,2010.0,1999.0
2018105454,グレイイングリーン,牡,池江泰寿,,ディープインパクト,2002100816,リトルゲルダ,2009110133,Closing Argument,000a011594,青芝商事,追分ファーム,"17,976.8",2002.0,2009.0,2002.0
2018100671,フィアスプライド,牝,国枝栄,,ディープインパクト,2002100816,ストロベリーフェア,000a010aae,Kingmambo,000a001d7e,ゴドルフィン,ダーレー・ジャパン・ファーム,"17,733.8",2002.0,2001.0,1990.0
2018106273,ブレークアップ,牡,森田直行,,ノヴェリスト,000a012230,リトルジュン,2007106060,クロフネ,1998110135,阿部東亜子,谷川牧場,"17,575.4",2009.0,2007.0,1998.0
2018102657,キングストンボーイ,セ,渡辺和雄,,ドゥラメンテ,2012104511,ダイワパッション,2003101283,フォーティナイナー,000a000134,吉田和美,田上徹,"17,523.7",2012.0,2003.0,1985.0
2018105192,ホウオウアマゾン,牡,矢作芳人,,キングカメハメハ,2001103460,ヒカルアマランサス,2006103241,アグネスタキオン,1998101516,小笹芳央,ノーザンファーム,"17,295.9",2001.0,2006.0,1998.0
2018105164,スレイマン,牡,藤田輝信,,キングカメハメハ,2001103460,ドナブリーニ,000a010eb8,Bertolini,000a00fe97,サンデーレーシング,ノーザンファーム,"16,561.8",2001.0,2003.0,1996.0
2018104947,ディヴィーナ,牝,友道康夫,,モーリス,2011100655,ヴィルシーナ,2009106264,ディープインパクト,2002100816,佐々木主浩,ノーザンファーム,"16,238.6",2011.0,2009.0,2002.0
2018101343,ゾンニッヒ,牡,池江泰寿,,ラブリーデイ,2010104298,エンドレスノット,2009106084,ディープインパクト,2002100816,金子真人ホールディングス,坂東牧場,"16,142.8",2010.0,2009.0,2002.0
2018105402,イルーシヴパンサー,牡,久保田貴,,ハーツクライ,2001103038,イルーシヴキャット,2011103549,キングカメハメハ,2001103460,草間庸文,追分ファーム,"15,859.8",2001.0,2011.0,2001.0
2018104919,フォーヴィスム,牡,内田勝義,,ドゥラメンテ,2012104511,アートプリンセス,000a011e14,Officer,000a0108d0,キャロットファーム,ノーザンファーム,"15,767.9",2012.0,2006.0,1999.0
2018106247,エンテレケイア,牡,小久保智,,アジアエクスプレス,2011110091,スターレット,2011105839,ブライアンズタイム,000a000082,小田吉男,谷川牧場,"15,642.0",2011.0,2011.0,1985.0
2018105088,テンカハル,牡,山田信大,,キングカメハメハ,2001103460,ジンジャーパンチ,000a0117a0,Awesome Again,000a0021cb,ライオンレースホース,ノーザンファーム,"15,558.1",2001.0,2003.0,1994.0
2018101087,ヴァンヤール,牡,庄野靖志,,タートルボウル,000a012045,ブライトエルフ,2009103059,ブライアンズタイム,000a000082,ヒダカ・ブリーダーズ・ユニオン,槇本牧場,"15,465.7",2002.0,2009.0,1985.0
2018105158,デュアリスト,牡,藤田輝信,,ミッキーアイル,2011103916,デュアルストーリー,2000101608,エンドスウィープ,000a00010f,サンデーレーシング,ノーザンファーム,"15,432.4",2011.0,2000.0,1991.0
2018104951,バーデンヴァイラー,牡,内田勝義,,ドゥラメンテ,2012104511,ヴィートマルシェ,2002100843,フレンチデピュティ,000a00013a,キャロットファーム,ノーザンファーム,"15,280.0",2012.0,2002.0,1992.0
2018105060,ラーゴム,牡,斉藤崇史,,オルフェーヴル,2008102636,シュガーショック,000a012f05,Candy Ride,000a01132a,林正道,ノーザンファーム,"15,028.9",2008.0,2011.0,1999.0
2018100184,タイムトゥヘヴン,牡,戸田博文,,ロードカナロア,2008103552,キストゥヘヴン,2003101040,アドマイヤベガ,1996107396,ＤＭＭドリームクラブ,オリオンファーム,"14,945.1",2008.0,2003.0,1996.0
2018104960,アリーヴォ,牡,杉山晴紀,,ドゥラメンテ,2012104511,エスメラルディーナ,2011110078,Harlan's Holiday,000a010cdf,シルクレーシング,ノーザンファーム,"14,711.3",2012.0,2011.0,1999.0
2018105431,ミッキーヌチバナ,牡,高橋亮,,ダノンレジェンド,2010110102,ヌチバナ,2008102618,キングカメハメハ,2001103460,野田みづき,追分ファーム,"14,705.8",2010.0,2008.0,2001.0
2018105500,ヴィジュネル,牡,渡辺薫彦,,マクフィ,000a011c77,コードネーム,1999106688,サンデーサイレンス,000a00033a,キャロットファーム,社台コーポレーション白老ファーム,"14,459.1",2007.0,1999.0,1986.0
2018105020,アンドヴァラナウト,牝,池添学,,キングカメハメハ,2001103460,グルヴェイグ,2008103099,ディープインパクト,2002100816,サンデーレーシング,ノーザンファーム,"14,455.1",2001.0,2008.0,2002.0
2018103105,テイエムトッキュウ,牡,秋山真一,,ロードカナロア,2008103552,アグネスナチュラル,2006102875,サクラバクシンオー,1989108341,竹園正繼,高昭牧場,"14,437.1",2008.0,2006.0,1989.0
2018104579,カレンルシェルブル,牡,目迫大輔,,ハービンジャー,000a011996,カレンケカリーナ,2010103791,ハーツクライ,2001103038,本田恒雄,社台ファーム,"14,316.3",2006.0,2010.0,2001.0
2018105008,ククナ,牝,栗田徹,,キングカメハメハ,2001103460,クルミナル,2012104599,ディープインパクト,2002100816,キャロットファーム,ノーザンファーム,"14,314.9",2001.0,2012.0,2002.0
2018101646,ウインシャーロット,牝,和田正一,,スクリーンヒーロー,2004103328,マリアヴェロニカ,2008103338,ジャングルポケット,1998101786,ウイン,コスモヴューファーム,"14,064.4",2004.0,2008.0,1998.0
2018104331,ヴァトレニ,セ,石橋満,,グラスワンダー,1995108676,チアフルスマイル,2000104770,サンデーサイレンス,000a00033a,野田政義,フジワラファーム,"13,916.0",1995.0,2000.0,1986.0
2018102227,アナゴサン,牡,牧田和弥,,ミッキーアイル,2011103916,タケノローマン,2011105305,キングカメハメハ,2001103460,内田玄祥,松浦牧場,"13,893.5",2011.0,2011.0,2001.0
2018104059,ブラックアーメット,牡,角田晃一,,ブラックタイド,2001103312,カチューシャ,2009103906,ケイムホーム,000a0108d1,窪田芳郎,千代田牧場,"13,724.0",2001.0,2009.0,1999.0
2018101012,クリノドラゴン,牡,中西達也,,アスカクリチャン,2007104599,クリノクレオパトラ,2011104761,ロージズインメイ,000a010a10,栗本依利子,宝寄山拓樹,"13,448.6",2007.0,2011.0,2000.0
2018110035,シュバルツカイザー,セ,大竹正博,,Dark Angel,000a0122b4,Fashionable,000a01490d,Nashwan,000a001ce7,ゴドルフィン,Ross Moorhead,"13,395.5",2005.0,2002.0,1986.0
2018100420,ノースザワールド,牡,嬉勝則,,ディープインパクト,2002100816,パスオブドリームズ,000a012950,Giant's Causeway,000a0022e1,石本鈴雄,下河辺牧場,"13,305.5",2002.0,2010.0,1997.0
2018104948,ヴィクティファルス,セ,藤田輝信,,ハーツクライ,2001103038,ヴィルジニア,2010104147,Galileo,000a00232b,Ｇ１レーシング,ノーザンファーム,"13,271.2",2001.0,2010.0,1998.0
2018105349,ヴェイルネビュラ,セ,大竹正博,,ロードカナロア,2008103552,リングネブラ,2009106376,ハーツクライ,2001103038,吉田勝己,ノーザンファーム,"13,041.9",2008.0,2009.0,2001.0
2018104910,アヴェラーレ,牝,木村哲也,,ドゥラメンテ,2012104511,アルビアーノ,2012110102,Harlan's Holiday,000a010cdf,シルクレーシング,ノーザンファーム,"13,035.6",2012.0,2012.0,1999.0
2018103535,ホウオウラスカーズ,牝,高木登,,ディープインパクト,2002100816,ビーコンターン,000a0137a0,Shamardal,000a010c92,小笹芳央,岡田スタッド,"12,977.8",2002.0,2010.0,2002.0
2018105215,イクスプロージョン,牡,杉山晴紀,,オルフェーヴル,2008102636,ファシネイション,2009106140,シンボリクリスエス,1999110099,近藤英子,ノーザンファーム,"12,919.3",2008.0,2009.0,1999.0
2018105092,アドマイヤハダル,牡,大久保龍,,ロードカナロア,2008103552,スウェアトウショウ,2008100662,ディープインパクト,2002100816,近藤旬子,ノーザンファーム,"12,882.9",2008.0,2008.0,2002.0
2018100297,サンデイビス,牡,村田一誠,,ジョーカプチーノ,2006100529,ピントゥハティ,2009102293,アドマイヤムーン,2003102991,加藤ステーブル,ケイズ,"12,838.7",2006.0,2009.0,2003.0
2018105277,グラティアス,牡,安田翔伍,,ハーツクライ,2001103038,マラコスタムブラダ,000a012b0b,Lizard Island,000a0129b9,スリーエイチレーシング,ノーザンファーム,"12,794.8",2001.0,2010.0,2005.0
2018105998,ロードエクレール,牡,打越勇児,,ロードカナロア,2008103552,タッチアス,2006110087,Mineshaft,000a010545,中村智幸,大柳ファーム,"12,741.1",2008.0,2006.0,1999.0
2018109134,ヨカヨカ,牝,谷潔,,スクワートルスクワート,000a000da4,ハニーダンサー,2004103414,Danehill Dancer,000a002309,岡浩二,本田土寿,"12,711.4",1998.0,2004.0,1993.0
2018101010,アウスヴァール,セ,昆貢,,ノヴェリスト,000a012230,カネツスペシャル,2011100163,スペシャルウィーク,1995103211,ノルマンディーサラブレッドレーシング,宝寄山拓樹,"12,663.4",2009.0,2011.0,1995.0
2018106532,バスラットレオン,牡,矢作芳人,,キズナ,2010105827,バスラットアマル,2010100657,New Approach,000a011656,広尾レース,三嶋牧場,"12,599.0",2010.0,2010.0,2005.0
2018101434,ルーチェドーロ,牡,今津博之,,マクフィ,000a011c77,アラフネ,2009104441,クロフネ,1998110135,ＳＲＥ（同）,アラキファーム,"12,384.3",2007.0,2009.0,1998.0
2018105280,オーソクレース,牡,久保田貴,,エピファネイア,2010104155,マリアライト,2011103832,ディープインパクト,2002100816,キャロットファーム,ノーザンファーム,"12,323.0",2010.0,2011.0,2002.0
2018105554,ステラリア,牝,斉藤崇史,,キズナ,2010105827,ポリネイター,000a011aa2,Motivator,000a010c91,社台レースホース,社台コーポレーション白老ファーム,"12,036.4",2010.0,2007.0,2002.0
2018105061,オールアットワンス,牝,中舘英二,,マクフィ,000a011c77,シュプリームギフト,2008103205,ディープインパクト,2002100816,吉田勝己,ノーザンファーム,"12,008.6",2007.0,2008.0,2002.0
2018105553,ゴールドレガシー,牡,藤田輝信,,ゴールドアリュール,1999106689,ベルエアシズル,000a011a46,Unusual Heat,000a0118fe,Ｇ１レーシング,社台コーポレーション白老ファーム,"12,008.5",1999.0,2005.0,1990.0
2018105293,マカオンドール,牡,宮川浩一,,ゴールドシップ,2009102739,ミリオンウィッシーズ,000a0120f5,Darshaan,000a0019b1,關陽彦,ノーザンファーム,"11,926.2",2009.0,2002.0,1981.0
2018104261,プラチナトレジャー,牡,国枝栄,,キングカメハメハ,2001103460,ホワイトエレガンス,2012103409,クロフネ,1998110135,嶋田賢,服部牧場,"11,902.1",2001.0,2012.0,1998.0
2018104646,オンザライン,セ,大和田成,,スクリーンヒーロー,2004103328,ステラスターライト,2012104317,ディープインパクト,2002100816,久保田定,社台ファーム,"11,753.5",2004.0,2012.0,2002.0
2018103724,ミスズグランドオー,牡,目迫大輔,,サウスヴィグラス,1996110138,スズカシャンティー,2005100303,Giant's Causeway,000a0022e1,永井宏明,グランド牧場,"11,692.5",1996.0,2005.0,1997.0
2018100427,ビッグリボン,牝,中内田充,,ルーラーシップ,2007103143,ブリッツフィナーレ,2008105619,ディープインパクト,2002100816,石川達絵,下河辺牧場,"11,689.2",2007.0,2008.0,2002.0
2018106348,ギャルダル,牡,川島正一,,ホッコータルマエ,2009100921,スリーメロディー,2013103692,ネオユニヴァース,2000101426,辻牧場,辻牧場,"11,631.0",2009.0,2013.0,2000.0
2018105679,ジョエル,牡,張田京,,トーセンブライト,2001103660,トーセンレインボー,2010100238,ダイワメジャー,2001103114,島川隆哉,エスティファーム,"11,616.5",2001.0,2010.0,2001.0
2018100830,ダイシンピスケス,牡,森秀行,,マジェスティックウォリアー,000a011e9c,ダイシンキャンディ,2009106529,アグネスタキオン,1998101516,大八木信行,中原牧場,"11,571.1",2005.0,2009.0,1998.0
2018105438,ロスコフ,牡,久保田貴,,オルフェーヴル,2008102636,ベルプラージュ,2011103535,キングカメハメハ,2001103460,吉田晴哉,追分ファーム,"11,494.6",2008.0,2011.0,2001.0
2018109069,ギシギシ,牡,栗田裕光,,アルデバランII,000a010541,ラーニー,2012100791,ハーツクライ,2001103038,（有）フォレブルー,フォレブルー,"11,432.0",1998.0,2012.0,2001.0
2018100897,ウェルドーン,牝,角田晃一,,ヘニーヒューズ,000a011155,ツルマルオジョウ,2004106033,ダンスインザダーク,1993109188,安原浩司,浜本牧場,"11,411.2",2003.0,2004.0,1993.0
2018103223,サヴァ,牡,井樋一也,,アイルハヴアナザー,000a011ed3,ダイワバーガンディ,2006102993,ブライアンズタイム,000a000082,辻高史,大北牧場,"11,364.9",2009.0,2006.0,1985.0
2018104797,リンフレスカンテ,牡,宮本博,,ルーラーシップ,2007103143,マルカサワヤカ,1998101556,サンデーサイレンス,000a00033a,名古屋友豊,社台ファーム,"11,358.4",2007.0,1998.0,1986.0
2018105179,サトノレイナス,牝,国枝栄,,ディープインパクト,2002100816,バラダセール,000a011fff,Not For Sale,000a011fae,サトミホースカンパニー,ノーザンファーム,"11,338.3",2002.0,2008.0,1994.0
2018104462,キタノリューオー,牡,福田真広,,ジョーカプチーノ,2006100529,モリトオウカ,1998104267,ブライアンズタイム,000a000082,北所拓也,見上牧場,"11,226.6",2006.0,1998.0,1985.0
2018101514,ラヴケリー,牝,中道啓二,,カレンブラックヒル,2009106230,ダームドゥラック,2009101577,シンボリクリスエス,1999110099,水谷昌晃,オリエント牧場,"11,198.4",2009.0,2009.0,1999.0
2018105452,ルコルセール,牡,田中守,,ロードカナロア,2008103552,ラバヤデール,2000101283,サンデーサイレンス,000a00033a,稲場澄,追分ファーム,"11,085.6",2008.0,2000.0,1986.0
2018102195,ゴールドハイアー,牡,松島壽,,ヘニーヒューズ,000a011155,ゴールドグローリー,2012100760,ハービンジャー,000a011996,高野良美,北勝ファーム,"11,032.1",2003.0,2012.0,2006.0
2018101348,シルブロン,牡,稲垣幸雄,,トーセンジョーダン,2006103169,グレイシアブルー,2002100942,サンデーサイレンス,000a00033a,シルクレーシング,坂東牧場,"10,989.6",2006.0,2002.0,1986.0
2018105074,ワンダフルタウン,牡,高橋義忠,,ルーラーシップ,2007103143,シーオブラブ,2012104763,ディープインパクト,2002100816,三田昌宏,ノーザンファーム,"10,975.7",2007.0,2012.0,2002.0
2018101984,クインズメリッサ,牝,宮本博,,パイロ,000a01176a,ケイアイアテナ,2008110026,Afleet Alex,000a010dc8,ケイアイスタリオン,新冠橋本牧場,"10,885.3",2005.0,2008.0,2002.0
2018105478,ヴァリアメンテ,牡,中内田充,,ドゥラメンテ,2012104511,ヴァリディオル,2009106431,Dynaformer,000a001dd9,Ｇ１レーシング,社台コーポレーション白老ファーム,"10,815.1",2012.0,2009.0,1985.0
2018104332,タマモダイジョッキ,牡,緒方努,,ヘニーヒューズ,000a011155,チャームポット,2006102033,フジキセキ,1992109618,タマモ,フジワラファーム,"10,787.1",2003.0,2006.0,1992.0
2018104876,ユアヒストリー,牡,山下貴之,,ルーラーシップ,2007103143,アイムユアドリーム,2011104001,フジキセキ,1992109618,百瀬裕規,ノーザンファーム,"10,785.8",2007.0,2011.0,1992.0
2018101943,タガノパッション,牝,武幸四郎,,キングカメハメハ,2001103460,アドマイヤシルク,2009106443,シンボリクリスエス,1999110099,八木良司,新冠タガノファーム,"10,708.7",2001.0,2009.0,1999.0
2018110089,リフレイム,牝,黒岩陽一,,American Pharoah,000a012aad,Careless Jewel,000a014a6e,Tapit,000a011248,山口裕介,Summer Wind Equine LLC,"10,702.6",2012.0,2006.0,2001.0
2018104029,レイハリア,牝,田島俊明,,ロードカナロア,2008103552,ライトリーチューン,2013105719,マンハッタンカフェ,1998101554,ヒダカ・ブリーダーズ・ユニオン,谷岡牧場,"10,609.7",2008.0,2013.0,1998.0
2018102969,タイセイブレイズ,牡,牧浦充徳,,ワールドエース,2009106353,ニシノヘレンド,2007102519,Oasis Dream,000a010d4f,田中成奉,秋場牧場,"10,593.4",2009.0,2007.0,2000.0
2018105605,セブンデイズ,牡,金田一昌,,ラブリーデイ,2010104298,ウインガイア,2009106432,Broken Vow,000a0101a0,前迫義幸,上水牧場,"10,572.6",2010.0,2009.0,1997.0
2018101660,ワイドエンペラー,牡,藤岡健一,,ルーラーシップ,2007103143,アンフィルージュ,2007104401,アグネスタキオン,1998101516,幅田昌伸,斉藤安行,"10,515.9",2007.0,2007.0,1998.0
2018104881,ジオフロント,牡,清水久詞,,ハーツクライ,2001103038,アガルタ,2007103323,キングカメハメハ,2001103460,サンデーレーシング,ノーザンファーム,"10,515.5",2001.0,2007.0,2001.0
2018105308,ジャンカズマ,牡,西田雄一,,ハービンジャー,000a011996,モンローブロンド,2002100890,アドマイヤベガ,1996107396,吉田和美,ノーザンファーム,"10,515.3",2006.0,2002.0,1996.0
2018105078,ドゥラモンド,牡,手塚貴久,,ドゥラメンテ,2012104511,シーズインクルーデッド,000a01116d,Include,000a010906,シルクレーシング,ノーザンファーム,"10,498.5",2012.0,2004.0,1997.0
2018103711,シンヨモギネス,牡,櫻田康二,,ダノンレジェンド,2010110102,グレースグランド,2011101943,アドマイヤムーン,2003102991,岡本真二,グランド牧場,"10,492.7",2010.0,2011.0,2003.0
2018104803,グランオフィシエ,牡,久保田貴,,キングカメハメハ,2001103460,マーブルカテドラル,2011104414,ダイワメジャー,2001103114,社台レースホース,社台ファーム,"10,360.5",2001.0,2011.0,2001.0
2018102281,キタノエクスプレス,牡,坂口智康,,アジアエクスプレス,2011110091,ツルマルサンチャン,2009104344,ディープインパクト,2002100816,北所直人,村上欽哉,"10,315.9",2011.0,2009.0,2002.0
2018103819,ケイアイロベージ,セ,小野望,,ヘニーヒューズ,000a011155,ケイアイベローナ,2003106218,クロフネ,1998110135,（株）ケイアイスタリ,佐竹学,"10,285.5",2003.0,2003.0,1998.0
2018103574,アイスリアン,牝,高柳大輔,,キズナ,2010105827,アイスメアー,2008100857,サウスヴィグラス,1996110138,村上憲政,岡田牧場,"10,283.3",2010.0,2008.0,1996.0
2018106318,メイショウシンタケ,牡,千田輝彦,,ワールドエース,2009106353,アドマイヤビアン,2004102092,アドマイヤコジーン,1996106512,松本好隆,辻牧場,"10,231.0",2009.0,2004.0,1996.0
2018100652,ファイアダンサー,牝,鈴木慎太,,パイロ,000a01176a,エンジェヌー,2011100552,コマンズ,000a011625,ゴドルフィン,ダーレー・ジャパン・ファーム,"10,222.0",2005.0,2011.0,1996.0
2018102020,ヤマニンサンパ,牡,斉藤崇史,,ディープインパクト,2002100816,ヤマニンパピオネ,2008104795,スウェプトオーヴァーボード,000a00fa34,土井肇,錦岡牧場,"10,149.6",2002.0,2008.0,1997.0
2018106573,スマッシャー,牡,吉岡辰弥,,マジェスティックウォリアー,000a011e9c,スマッシュ,2010104569,キングカメハメハ,2001103460,ヒダカ・ブリーダーズ・ユニオン,宮内牧場,"10,097.3",2005.0,2010.0,2001.0
2018104665,ダノンブレット,牡,菊沢隆徳,,キングカメハメハ,2001103460,ダイワズーム,2009105930,ハーツクライ,2001103038,ダノックス,社台ファーム,"10,039.8",2001.0,2009.0,2001.0
2018103929,ビューティフルデイ,牝,国枝栄,,ディープインパクト,2002100816,マルケサ,000a013804,Kingmambo,000a001d7e,タイヘイ牧場,タイヘイ牧場,"9,991.6",2002.0,2006.0,1990.0
2018100993,トランセンデンス,牡,石橋満,,トランセンド,2006104736,タントタント,2011106042,シニスターミニスター,000a011099,福盛訓之,藤本ファーム,"9,965.5",2006.0,2011.0,2003.0
2018100032,シゲルピンクルビー,牝,渡辺薫彦,,モーリス,2011100655,ムーンライトベイ,2006103392,High Chaparral,000a010270,關美和,天羽牧場,"9,922.9",2011.0,2006.0,1999.0
2018106428,タイセイサムソン,牡,田中淳司,,メイショウサムソン,2003102205,マイユクール,2008101691,バゴ,2001190004,田中成奉,日進牧場,"9,916.3",2003.0,2008.0,2001.0
2018105366,レッドベルオーブ,牡,河嶋宏樹,,ディープインパクト,2002100816,レッドファンタジア,2010110012,Unbridled's Song,000a002071,東京ホースレーシング,ノーザンファーム,"9,907.3",2002.0,2010.0,1993.0
2018105503,ロコポルティ,牡,西園正都,,ヘニーヒューズ,000a011155,サダムグランジュテ,2008102669,キングカメハメハ,2001103460,シルクレーシング,社台コーポレーション白老ファーム,"9,865.9",2003.0,2008.0,2001.0
2018102155,マイネルジェロディ,牡,西園正都,,スクリーンヒーロー,2004103328,マイネエレーナ,2008104911,ロージズインメイ,000a010a10,サラブレッドクラブ・ラフィアン,ビッグレッドファーム,"9,836.6",2004.0,2008.0,2000.0
2018103804,ノーブルシルエット,牝,佐野謙二,,シニスターミニスター,000a011099,クラシックチュチュ,2006102928,キングカメハメハ,2001103460,吉木伸彦,桜井牧場,"9,777.8",2003.0,2006.0,2001.0
2018103027,ワールドバローズ,牡,石坂公一,,ディスクリートキャット,000a0113a1,ポーシア,2011103707,ディープインパクト,2002100816,猪熊広次,大島牧場,"9,777.6",2003.0,2011.0,2002.0
2018106183,ボイラーハウス,牡,吉井竜一,,アジアエクスプレス,2011110091,パリーナチャン,2009100469,メイショウオウドウ,1995101767,永田博之,松栄牧場,"9,742.4",2011.0,2009.0,1995.0
2018106388,メイショウホシアイ,牝,高橋亮,,モーリス,2011100655,マカロンドナンシー,2006103148,ダンスインザダーク,1993109188,松本好雄,富田牧場,"9,690.6",2011.0,2006.0,1993.0
2018102260,サンライズウルス,牡,安田翔伍,,ヘニーヒューズ,000a011155,アルーシュ,2011103968,チチカステナンゴ,000a011135,松岡隆雄,村上欽哉,"9,651.3",2003.0,2011.0,1998.0
2018105343,レッドジェネシス,セ,小林真也,,ディープインパクト,2002100816,リュズキナ,000a012f79,Storm Cat,000a001a98,東京ホースレーシング,ノーザンファーム,"9,637.3",2002.0,2008.0,1983.0
2018102761,ケラススヴィア,牝,小久保智,,サウスヴィグラス,1996110138,レディパッション,2011101441,ネオユニヴァース,2000101426,小田吉男,ヒサイファーム,"9,570.0",1996.0,2011.0,2000.0
2018105296,モントライゼ,牡,松永幹夫,,ダイワメジャー,2001103114,ムーングロウ,000a013897,Nayef,000a01056f,キャロットファーム,ノーザンファーム,"9,522.5",2001.0,2009.0,1998.0
2018105131,セファーラジエル,牡,高柳大輔,,キズナ,2010105827,ダークサファイア,2000110186,Out of Place,000a0022ca,サンデーレーシング,ノーザンファーム,"9,522.2",2010.0,2000.0,1987.0
2018105174,ジネストラ,牝,鹿戸雄一,,ロードカナロア,2008103552,ハッピーパス,1998101803,サンデーサイレンス,000a00033a,サンデーレーシング,ノーザンファーム,"9,508.3",2008.0,1998.0,1986.0
2018101071,アサマノイタズラ,牡,手塚貴久,,ヴィクトワールピサ,2007102923,ハイタッチクイーン,2007106112,キングヘイロー,1995104427,星野壽市,前野牧場,"9,500.2",2007.0,2007.0,1995.0
2018106458,メイショウミカワ,牡,千田輝彦,,ミッキーアイル,2011103916,メイショウボナール,2006101902,ホワイトマズル,1990109700,松本好隆,林孝輝,"9,494.2",2011.0,2006.0,1990.0
2018102040,ヴィヴァン,牡,池江泰寿,,ハーツクライ,2001103038,キトゥンズクイーン,000a012f81,Kitten's Joy,000a0119b3,前田幸大,ノースヒルズ,"9,493.5",2001.0,2010.0,2001.0
2018102608,ヴェルトハイム,牝,友道康夫,,ロードカナロア,2008103552,ワイルドココ,000a012d45,Shirocco,000a010db9,ロードホースクラブ,ケイアイファーム,"9,471.7",2008.0,2008.0,2001.0
2018104907,ガンダルフ,牡,国枝栄,,キングカメハメハ,2001103460,アメリ,2010104018,Distorted Humor,000a0022ea,サンデーレーシング,ノーザンファーム,"9,464.4",2001.0,2010.0,1993.0
2018105054,ヴァイスメテオール,牡,木村哲也,,キングカメハメハ,2001103460,シャトーブランシュ,2010104274,キングヘイロー,1995104427,シルクレーシング,ノーザンファーム,"9,428.4",2001.0,2010.0,1995.0
2018105474,スタッドリー,牡,奥村豊,,ハービンジャー,000a011996,ウインフロレゾン,2009106312,フジキセキ,1992109618,シルクレーシング,社台コーポレーション白老ファーム,"9,421.0",2006.0,2009.0,1992.0
2018103368,メイショウカイト,牝,荒川義之,,ラブリーデイ,2010104298,デンコウデア,2009101334,スペシャルウィーク,1995103211,松本好隆,村下明博,"9,396.5",2010.0,2009.0,1995.0
2018103499,プリュムドール,牝,奥村豊,,ゴールドシップ,2009102739,シュヴァリエ,2011101881,フレンチデピュティ,000a00013a,ノルマンディーサラブレッドレーシング,岡田スタッド,"9,352.9",2009.0,2011.0,1992.0
2018103551,ユスティニアン,牡,的場直之,,シニスターミニスター,000a011099,マイネホコモモラ,2007104875,ロージズインメイ,000a010a10,レックス,岡田スタッド,"9,276.1",2003.0,2007.0,2000.0
2018104041,マウンテンムスメ,牝,天間昭一,,アドマイヤムーン,2003102991,ヤマガール,2010101709,ストーミングホーム,1998190003,西村新一郎,田原橋本牧場,"9,203.6",2003.0,2010.0,1998.0
2018105147,ディオスバリエンテ,セ,小久保智,,ロードカナロア,2008103552,ディアデラノビア,2002100954,サンデーサイレンス,000a00033a,小菅誠,ノーザンファーム,"9,077.9",2008.0,2002.0,1986.0
2018104914,アナザーリリック,牝,林徹,,リオンディーズ,2013105915,アンソロジー,2004103025,サクラバクシンオー,1989108341,シルクレーシング,ノーザンファーム,"9,055.9",2013.0,2004.0,1989.0
2018110126,ジャスパーゴールド,セ,森秀行,,Khozan,000a017939,Gracious Lady,000a017951,Put It Back,000a01074e,加藤和夫,Randy Lee Myers,"9,051.4",2012.0,2014.0,1998.0
2018105162,レッドヴェロシティ,牡,木村哲也,,ワールドエース,2009106353,トップモーション,2006103357,シンボリクリスエス,1999110099,東京ホースレーシング,ノーザンファーム,"9,032.9",2009.0,2006.0,1999.0
2018102576,ロードプレジール,牡,佐藤悠太,,キングカメハメハ,2001103460,キャトルフィーユ,2009101532,ディープインパクト,2002100816,ロードホースクラブ,ケイアイファーム,"9,027.4",2001.0,2009.0,2002.0
2018101989,ジョディーズマロン,牡,北出成人,,ディスクリートキャット,000a0113a1,ジョディーズロマン,2010105781,サムライハート,2002100996,ローレルレーシング,新冠橋本牧場,"9,020.7",2003.0,2010.0,2002.0
2018101728,マイヨアポア,牝,和田正一,,リオンディーズ,2013105915,エバーローズ,2009104752,ウインクリューガー,2000107407,スピードファーム,スピードファーム,"8,990.5",2013.0,2009.0,2000.0
2018100664,ホールシバン,セ,高橋義忠,,パイロ,000a01176a,サマリーズ,2010100704,Hard Spun,000a0116a1,ゴドルフィン,ダーレー・ジャパン・ファーム,"8,956.7",2005.0,2010.0,2004.0
2018103116,サトノロイヤル,牡,内田勝義,,ヘニーヒューズ,000a011155,カネトシキフジン,2011103604,キングカメハメハ,2001103460,里見治,高昭牧場,"8,933.1",2003.0,2011.0,2001.0
2018103926,ショウナンラスボス,牡,奥村武,,ダイワメジャー,2001103114,プリンセスオブザスターズ,000a012e23,Sea The Stars,000a011c78,国本哲秀,タイヘイ牧場,"8,911.8",2001.0,2012.0,2006.0
2018100388,サトノテンペスト,牡,真島大輔,,ハーツクライ,2001103038,ガスパリライン,000a013862,Street Cry,000a0103ba,里見治,下河辺牧場,"8,888.5",2001.0,2011.0,1998.0
2018102360,メディーヴァル,牡,福永敏,,アジアエクスプレス,2011110091,メジェルダ,2013102088,ディープインパクト,2002100816,（有）ターフ・スポー,村田牧場,"8,825.1",2011.0,2013.0,2002.0
2018104788,トゥーフェイス,セ,新開幸一,,モーリス,2011100655,マスクオフ,2009105916,ディープインパクト,2002100816,社台レースホース,社台ファーム,"8,810.2",2011.0,2009.0,2002.0
2018105011,ショウナンアレス,牡,新谷功一,,リオンディーズ,2013105915,クレヨンルージュ,2003103002,フジキセキ,1992109618,国本哲秀,ノーザンファーム,"8,803.7",2013.0,2003.0,1992.0
2018105017,フラーズダルム,牝,松永昌博,,キズナ,2010105827,クーデグレイス,2006103197,ホワイトマズル,1990109700,吉田勝己,ノーザンファーム,"8,721.7",2010.0,2006.0,1990.0
2018110064,アナンシエーション,セ,藤田輝信,,Union Rags,000a012d4c,Acquant,000a014a3f,Giant's Causeway,000a0022e1,シルクレーシング,Colts Neck Stables LLC,"8,712.5",2009.0,2011.0,1997.0
2018101267,ワールドタキオン,牡,斎藤誠,,アジアエクスプレス,2011110091,アナコンダ,2009102035,フサイチコンコルド,1993109220,ＭＯＪＡ,川向高橋育成牧場,"8,707.0",2011.0,2009.0,1993.0
2018106272,リュウノシンゲン,牡,山田徹,,グランプリボス,2008103388,ランブルジャンヌ,2005106219,Mutakddim,000a00217c,ＳＲＥ（同）,谷川牧場,"8,685.4",2008.0,2005.0,1991.0
2018104895,アドマイヤハレー,牡,宮田敬介,,モーリス,2011100655,アドマイヤシーマ,2011103884,ディープインパクト,2002100816,近藤旬子,ノーザンファーム,"8,681.1",2011.0,2011.0,2002.0
2018110137,エアサージュ,牡,池添学,,Point of Entry,000a01293c,Nokaze,000a013987,エンパイアメーカー,000a010542,ラッキーフィールド,Winchester Farm,"8,673.9",2008.0,2009.0,2000.0
2018101615,ウインシュクラン,セ,和田正一,,スクリーンヒーロー,2004103328,イクスキューズ,2004100763,ボストンハーバー,000a00007c,ウイン,コスモヴューファーム,"8,647.7",2004.0,2004.0,1994.0
2018106834,テーオーシリウス,牡,工藤真司,,ジャスタウェイ,2009106461,ハロースカーレット,2006106350,シンボリクリスエス,1999110099,嶋田亘克,ヤナガワ牧場,"8,604.8",2009.0,2006.0,1999.0
2018103898,キャッスルトップ,牡,宮川真衣,,バンブーエール,2003104100,ジーガートップラン,1999103929,マヤノトップガン,1992102988,城市公,城市公,"8,553.0",2003.0,1999.0,1992.0
2018103005,テイエムマジック,牡,鈴木孝志,,マジェスティックウォリアー,000a011e9c,ハミングライフ,2011103808,スペシャルウィーク,1995103211,竹園正繼,梅田牧場,"8,542.5",2005.0,2011.0,1995.0
2018101452,スンリ,牝,清水久詞,,キズナ,2010105827,ホットマンボ,000a010e94,Kingmambo,000a001d7e,白日光,石郷岡五月,"8,518.5",2010.0,2003.0,1990.0
2018103563,ロードトゥフェイム,セ,尾形和幸,,マツリダゴッホ,2003104570,ラドランファーマ,2002101831,ホワイトマズル,1990109700,岡田牧雄,岡田スタッド,"8,474.6",2003.0,2002.0,1990.0
2018105350,フルヴォート,牡,西村真幸,,ヘニーヒューズ,000a011155,リーチコンセンサス,2006103160,フレンチデピュティ,000a00013a,キャロットファーム,ノーザンファーム,"8,444.2",2003.0,2006.0,1992.0
2018103205,クムシラコ,牡,千葉直人,,ディスクリートキャット,000a0113a1,デイドリーマー,2010100683,ネオユニヴァース,2000101426,ミルファーム,猿橋義昭,"8,428.4",2003.0,2010.0,2000.0
2018103515,カンティーユ,牡,嘉藤貴行,,オルフェーヴル,2008102636,タマヒカル,2002102475,パラダイスクリーク,1989109110,ノルマンディーサラブレッドレーシング,岡田スタッド,"8,428.2",2008.0,2002.0,1989.0
2018100693,ブルーシンフォニー,牡,工藤真司,,スクリーンヒーロー,2004103328,ブルーストーン,2011100528,コマンズ,000a011625,嶋田亘克,ダーレー・ジャパン・ファーム,"8,406.8",2004.0,2011.0,1996.0
2018104945,ルークズネスト,牡,小久保智,,モーリス,2011100655,ヴィラ,2011103865,ディープインパクト,2002100816,窪田芳郎,ノーザンファーム,"8,362.5",2011.0,2011.0,2002.0
2018103173,アティード,牡,中西達也,,サウスヴィグラス,1996110138,ロックフォーティ,2008102088,ロックオブジブラルタル,000a00fd4c,盛学志,小林仁,"8,321.6",1996.0,2008.0,1999.0
2018100443,ショウナンアーチー,牡,松下武士,,リオンディーズ,2013105915,マーメイドティアラ,2009102448,シンボリクリスエス,1999110099,国本哲秀,下河辺牧場,"8,317.6",2013.0,2009.0,1999.0
2018103139,メイショウムラクモ,牡,和田勇介,,ネオユニヴァース,2000101426,ノースパストラル,2010102087,キングヘイロー,1995104427,松本好雄,高昭牧場,"8,303.9",2000.0,2010.0,1995.0
2018105264,ボーデン,セ,上原佑紀,,ハービンジャー,000a011996,ボージェスト,2011103749,キングカメハメハ,2001103460,吉田勝己,ノーザンファーム,"8,288.9",2006.0,2011.0,2001.0
2018105286,ミスフィガロ,牝,友道康夫,,ディープインパクト,2002100816,ミスアンコール,2006103348,キングカメハメハ,2001103460,金子真人ホールディングス,ノーザンファーム,"8,276.7",2002.0,2006.0,2001.0
2018106795,スパイラルノヴァ,牡,山田徹,,キズナ,2010105827,アップワードスパイラル,000a012509,Teofilo,000a01139e,角田喜継,パカパカファーム,"8,275.3",2010.0,2010.0,2004.0
2018103406,トーホウディアス,牡,谷潔,,トーホウジャッカル,2011100482,トーホウプリンセス,2007102333,サクラバクシンオー,1989108341,東豊物産,吉田ファーム,"8,257.6",2011.0,2007.0,1989.0
2018104922,アールドヴィーヴル,牝,今野貞一,,キングカメハメハ,2001103460,イサベル,2011103913,ディープインパクト,2002100816,近藤英子,ノーザンファーム,"8,197.8",2001.0,2011.0,2002.0
2018105223,モンファボリ,牝,須貝尚介,,Frankel,000a01239b,フォエヴァーダーリング,000a013dcb,Congrats,000a010687,サンデーレーシング,ノーザンファーム,"8,188.7",2008.0,2013.0,2000.0
2018100043,ロワンディシー,牡,北出成人,,リオンディーズ,2013105915,ビエンナーレ,2003104677,ステイゴールド,1994108729,松本俊廣,天羽禮治,"8,159.5",2013.0,2003.0,1994.0
2018100401,カイザーバローズ,牡,音無秀孝,,ディープインパクト,2002100816,ジェニサ,000a012f0e,Storm Cat,000a001a98,猪熊広次,下河辺牧場,"8,139.1",2002.0,2007.0,1983.0
2018105213,ルドヴィクス,牡,久保田貴,,モーリス,2011100655,ピーチブローフィズ,2007103298,シンボリクリスエス,1999110099,村木克子,ノーザンファーム,"8,091.8",2011.0,2007.0,1999.0
2018104382,マッドルーレット,牡,川西毅,,カジノドライヴ,2005110112,サクラアリア,2004104603,マンハッタンカフェ,1998101554,大越徹朗,へいはた牧場,"8,090.0",2005.0,2004.0,1998.0
2018105470,ローウェル,セ,藤田輝信,,キズナ,2010105827,アンティフォナ,2008110005,Songandaprayer,000a01069b,シルクレーシング,社台コーポレーション白老ファーム,"8,067.6",2010.0,2008.0,1998.0
2018110043,ゴールデンシロップ,牡,鈴木慎太,,Havana Gold,000a0148fc,Muscovado,000a01491b,Mr. Greeley,000a00213e,ゴドルフィン,Hall of Fame Stud,"8,066.4",2010.0,2004.0,1992.0
2018103540,ホウオウルバン,牡,田中譲二,,キズナ,2010105827,フサイチジェット,2002110192,Gilded Time,000a001fbc,増田吉彦,岡田スタッド,"8,031.7",2010.0,2002.0,1990.0
2018101945,タガノディアーナ,牝,長谷川浩,,リオンディーズ,2013105915,アルーア,2009106427,ディープインパクト,2002100816,八木良司,新冠タガノファーム,"8,024.5",2013.0,2009.0,2002.0
2018101486,ルチェカリーナ,牝,高橋義忠,,ディスクリートキャット,000a0113a1,アンリミテッドピサ,2008102705,シンボリクリスエス,1999110099,加藤徹,大狩部牧場,"7,998.5",2003.0,2008.0,1999.0
2018102048,ハイエストポイント,牡,橋本和馬,,シンボリクリスエス,1999110099,シェルエメール,2008104831,ジャングルポケット,1998101786,伊藤とみ枝,ノースヒルズ,"7,993.1",1999.0,2008.0,1998.0
2018103301,テイエムアトム,牡,竹之下昭,,ヘニーヒューズ,000a011155,チリビリビン,2001105503,ブロッコ,000a000083,竹園正繼,バンブー牧場,"7,989.5",2003.0,2001.0,1991.0
2018106883,ツムタイザン,牡,木村健,,シンボリクリスエス,1999110099,モエレカバーガール,2004103294,フレンチデピュティ,000a00013a,平野照子,大作ステーブル,"7,976.5",1999.0,2004.0,1992.0
2018104114,ヴェローチェオロ,牡,須貝尚介,,ゴールドシップ,2009102739,プレシャスライフ,2004104670,タイキシャトル,1994109686,大野照旺,千代田牧場,"7,912.1",2009.0,2004.0,1994.0
2018104266,ナギサ,牝,本田優,,フェノーメノ,2009106599,ユキノクイーン,2006101447,タイキシャトル,1994109686,本間茂,服部牧場,"7,891.3",2009.0,2006.0,1994.0
2018103489,ホウオウリアリティ,牡,井上智史,,モーリス,2011100655,キョウエイトルース,1997106004,フジキセキ,1992109618,小笹芳央,岡田スタッド,"7,884.6",2011.0,1997.0,1992.0
2018104280,サヨノグローリー,牡,工藤伸輔,,トゥザグローリー,2007103265,アルディートプリエ,2009101292,シーキングザダイヤ,2001110220,吉岡泰治,原ファーム,"7,871.0",2007.0,2009.0,2001.0
2018100389,シャンブル,牝,坂井英光,,ハーツクライ,2001103038,クラリネット,000a012167,Giant's Causeway,000a0022e1,ＣＨＥＶＡＬＡＴＴＡＣＨＥ,下河辺牧場,"7,860.7",2001.0,2007.0,1997.0
2018104756,バジオウ,牡,田中博康,,ルーラーシップ,2007103143,フローレスダンサー,2012104286,ハービンジャー,000a011996,鈴木剛史,社台ファーム,"7,827.1",2007.0,2012.0,2006.0
2018100763,アルーブルト,牡,打越勇児,,フェノーメノ,2009106599,トリアンドルス,2012105900,マツリダゴッホ,2003104570,高樽さゆり,ディアレストクラブ,"7,822.4",2009.0,2012.0,2003.0
2018106511,ロックユー,セ,中内田充,,ディープインパクト,2002100816,シャンロッサ,000a01251d,Galileo,000a00232b,石川達絵,三嶋牧場,"7,812.3",2002.0,2006.0,1998.0
2018106560,メイショウヒューマ,牡,中西達也,,Distorted Humor,000a0022ea,ラヴアンドフェイス,000a013e1c,Corinthian,000a01173f,松本好隆,三嶋牧場,"7,801.8",1993.0,2009.0,2003.0
2018104481,ヴアーサ,牡,工藤真司,,キズナ,2010105827,ブリリアントクラン,2008101014,ロックオブジブラルタル,000a00fd4c,松本桂昌,矢野牧場,"7,788.1",2010.0,2008.0,1999.0
2018103590,リッケンバッカー,牡,西村真幸,,ロードカナロア,2008103552,シティウェルズ,000a013869,City Zip,000a0127e6,安原浩司,岡田牧場,"7,740.9",2008.0,2012.0,1998.0
2018105573,レインフロムヘヴン,セ,堀宣行,,ドゥラメンテ,2012104511,レディオブヴェニス,000a011565,Loup Solitaire,000a0114fc,社台レースホース,社台コーポレーション白老ファーム,"7,709.3",2012.0,2003.0,1993.0
2018102718,ヘネラルカレーラ,牝,角田晃一,,キズナ,2010105827,セレブラール,2004101364,ボストンハーバー,000a00007c,ノースヒルズ,土居牧場,"7,701.4",2010.0,2004.0,1994.0
2018104970,エルカスティージョ,牝,斉藤崇史,,ロードカナロア,2008103552,エルミラドール,2010104020,ジャングルポケット,1998101786,キャロットファーム,ノーザンファーム,"7,693.5",2008.0,2010.0,1998.0
2018103021,タイセイシェダル,牡,藤田輝信,,マクフィ,000a011c77,ココモオレンジ,2008102812,キングカメハメハ,2001103460,田中成奉,大島牧場,"7,653.5",2007.0,2008.0,2001.0
2018101621,ウインリブルマン,牡,赤嶺本浩,,エピファネイア,2010104155,ウインリバティ,2011104724,ダンスインザダーク,1993109188,豊島愛子,コスモヴューファーム,"7,614.8",2010.0,2011.0,1993.0
2018103221,ワールドリング,牡,細川忠義,,トゥザワールド,2011103975,スパイラルリング,2002100710,エンドスウィープ,000a00010f,国田正忠,大北牧場,"7,532.5",2011.0,2002.0,1991.0
2018105365,レッドソルダード,セ,荒山勝徳,,マジェスティックウォリアー,000a011e9c,レッドソンブレロ,2012104673,キングカメハメハ,2001103460,（株）東京ホースレー,ノーザンファーム,"7,527.6",2005.0,2012.0,2001.0
2018102703,ドンカポノ,牡,田中一巧,,ヘニーヒューズ,000a011155,エルクイーン,2010101452,Tiznow,000a00fa4b,山田容子,土田農場,"7,504.2",2003.0,2010.0,1997.0
2018102595,ロードマックス,牡,中村直也,,ディープインパクト,2002100816,パーフェクトトリビュート,000a0128f2,Dubawi,000a0115e2,ロードホースクラブ,ケイアイファーム,"7,482.6",2002.0,2008.0,2002.0
2018104698,ハートオブアシティ,牡,森田直行,,ハーツクライ,2001103038,トレラピッド,2005190001,Anabaa Blue,000a011385,吉田千津,社台ファーム,"7,474.7",2001.0,2005.0,1998.0
2018102715,ローゼライト,牝,清水久詞,,キズナ,2010105827,エンブレイス,2004100688,アフリート,000a000013,中村忠彦,土居牧場,"7,457.6",2010.0,2004.0,1984.0
2018110037,ブルースピリット,セ,岩戸孝樹,,Invincible Spirit,000a01056d,Jasmine Blue,000a014911,Galileo,000a00232b,ゴドルフィン,Deerpark Stud & Irish National Stud,"7,452.9",1997.0,2012.0,1998.0
2018101878,ハコダテブショウ,牡,米田英世,,モーリス,2011100655,イチノヤジョウ,1999104113,アジュディケーティング,000a000d5d,河内孝夫,中地康弘,"7,414.8",2011.0,1999.0,1987.0
2018106077,イルクオーレ,セ,田中守,,ロードカナロア,2008103552,アルーリングハート,2013105307,ダイワメジャー,2001103114,稲場澄,杵臼牧場,"7,365.6",2008.0,2013.0,2001.0
2018106314,エープラス,牝,池上昌和,,キズナ,2010105827,アドマイヤスペース,2004102089,アドマイヤコジーン,1996106512,辻牧場,辻牧場,"7,353.1",2010.0,2004.0,1996.0
2018106324,エニシノウタ,牝,笹田和秀,,キズナ,2010105827,ウアジェト,2008101637,シンボリクリスエス,1999110099,岡浩二,辻牧場,"7,340.1",2010.0,2008.0,1999.0
2018105947,エイシンチラー,牝,田中剛,,リアルインパクト,2008103244,エーシンサーフィン,2004101724,フレンチデピュティ,000a00013a,栄進堂,栄進牧場,"7,305.0",2008.0,2004.0,1992.0
2018101075,モズマゾク,牡,田中守,,グランプリボス,2008103388,モズアリュール,2012101979,ゴールドアリュール,1999106689,稲場澄,前野牧場,"7,304.9",2008.0,2012.0,1999.0
2018105085,ジュンブルースカイ,牡,伊坂重信,,ドゥラメンテ,2012104511,ジュントップヒトミ,2013106145,ゼンノロブロイ,2000101517,河合純二,ノーザンファーム,"7,263.3",2012.0,2013.0,2000.0
2018103927,マテンロウアレス,セ,昆貢,,ダイワメジャー,2001103114,ベアフットレディ,000a012102,Footstepsinthesand,000a0111b5,寺田千代乃,タイヘイ牧場,"7,243.2",2001.0,2008.0,2002.0
2018106513,シティレインボー,牡,北出成人,,エピファネイア,2010104155,シージョー,2005106471,フジキセキ,1992109618,深見富朗,三嶋牧場,"7,214.0",2010.0,2005.0,1992.0
2018101742,クインズミモザ,牝,池上昌和,,シニスターミニスター,000a011099,ベターナウ,000a011e0c,サンダーガルチ,000a00035c,ケイアイスタリオン,隆栄牧場,"7,197.5",2003.0,2003.0,1992.0
2018100255,マリノアズラ,牝,小手川準,,メイショウサムソン,2003102205,クラウンイヴ,2011100216,ブラックタイド,2001103312,矢野まり子,クラウン日高牧場,"7,179.8",2003.0,2011.0,2001.0
2018105877,マイステージ,牝,伊藤伸一,,ストーミングホーム,1998190003,トシキャンディ,2006101748,バブルガムフェロー,1993109219,冨沢敦子,浦河小林牧場,"7,175.4",1998.0,2006.0,1993.0
2018105909,エイシンヒテン,牝,渡辺薫彦,,エイシンヒカリ,2011101273,エイシンサンバレー,2002102697,エイシンワシントン,1991109929,栄進堂,栄進牧場,"7,145.3",2011.0,2002.0,1991.0
2018105824,ホウオウイクセル,牝,高柳瑞樹,,ルーラーシップ,2007103143,メジロオードリー,2007102589,スペシャルウィーク,1995103211,小笹芳央,レイクヴィラファーム,"7,141.7",2007.0,2007.0,1995.0
2018105276,リアンクール,牝,安田隆行,,ヘニーヒューズ,000a011155,マハーバーラタ,2008103336,ディープインパクト,2002100816,村上龍太郎,ノーザンファーム,"7,110.9",2003.0,2008.0,2002.0
2018100821,タイセイスラッガー,牡,古賀慎明,,タイセイレジェンド,2007103199,ベネフィット,2011100608,マンハッタンカフェ,1998101554,田中成奉,ナカノファーム,"7,096.4",2007.0,2011.0,1998.0
2018106780,ブラックストーム,牡,塚田隆男,,ノボジャック,1997110152,ツキノテンシ,2006104273,ムーンバラッド,000a00fe8f,菊地博,川上牧場,"7,085.0",1997.0,2006.0,1999.0
2018105996,サムハンター,牡,高橋康之,,マジェスティックウォリアー,000a011e9c,ヤマカツセイレーン,2007101469,グラスワンダー,1995108676,駒秀,大西ファーム,"7,074.4",2005.0,2007.0,1995.0
2018105830,クールキャット,牝,奥村武,,スクリーンヒーロー,2004103328,メジロトンキニーズ,2002100389,ダンスインザダーク,1993109188,シルクレーシング,レイクヴィラファーム,"7,019.0",2004.0,2002.0,1993.0
2018103503,プラチナムレイアー,セ,河嶋宏樹,,マツリダゴッホ,2003104570,スノークラフト,2009103322,アグネスデジタル,1997110025,岡田牧雄,岡田スタッド,"7,008.5",2003.0,2009.0,1997.0
2018104913,アルビージャ,牡,手塚貴久,,モーリス,2011100655,アロマティコ,2009106257,キングカメハメハ,2001103460,サンデーレーシング,ノーザンファーム,"6,994.4",2011.0,2009.0,2001.0
2018102491,メイショウエニシア,牝,本田優,,リアルインパクト,2008103244,ブリーズヴェール,2012102312,バゴ,2001190004,松本好隆,小野秀治,"6,974.2",2008.0,2012.0,2001.0
2018104347,ユキノファラオ,牡,小野次郎,,ワールドエース,2009106353,ユキノシンデレラ,2000102685,サンダーガルチ,000a00035c,井上基之,フジワラファーム,"6,969.9",2009.0,2000.0,1992.0
2018102178,マイネルエニグマ,牡,吉田直弘,,グラスワンダー,1995108676,マイネレーツェル,2005109177,ステイゴールド,1994108729,サラブレッドクラブ・ラフィアン,ビッグレッドファーム,"6,954.0",1995.0,2005.0,1994.0
2018104152,イフティファール,牡,大久保龍,,キズナ,2010105827,ピサノレインボー,2006110003,Rainbow Quest,000a001b4d,ノースヒルズ,飛野牧場,"6,949.5",2010.0,2006.0,1981.0
2018101516,トモジャリア,牡,小笠倫弘,,シニスターミニスター,000a011099,ハマナス,2013100299,キングカメハメハ,2001103460,吉冨学,オリエント牧場,"6,940.2",2003.0,2013.0,2001.0
2018102120,ロードミッドナイト,牡,池田忠好,,カレンブラックヒル,2009106230,コンフォータブル,2011105174,ザール,000a010990,光安了,樋渡志尚,"6,938.3",2009.0,2011.0,1995.0
2018104366,ステイブルアスク,牝,矢作芳人,,オルフェーヴル,2008102636,トレノエンジェル,2007100875,タイキシャトル,1994109686,廣崎利洋ＨＤ,藤原牧場,"6,936.2",2008.0,2007.0,1994.0
2018110050,サマートゥリスト,牝,藤原英昭,,Dubawi,000a0115e2,ミッドサマーフェア,2009102642,タニノギムレット,1999100226,ゴドルフィン,Godolphin,"6,935.6",2002.0,2009.0,1999.0
2018103470,シゲルバクハツ,牡,谷潔,,アイルハヴアナザー,000a011ed3,アフロディシアス,2008105107,ジャングルポケット,1998101786,關美和,岡田スタッド,"6,925.9",2009.0,2008.0,1998.0
2018105524,エクセレントタイム,セ,川野勇馬,,ハーツクライ,2001103038,タイムウィルテル,2000101636,ブライアンズタイム,000a000082,上岡早苗,社台コーポレーション白老ファーム,"6,912.4",2001.0,2000.0,1985.0
2018104463,テイエムタツマキ,牡,武英智,,キズナ,2010105827,ウィローパドック,2006103108,クロフネ,1998110135,竹園正繼,三木田牧場,"6,900.2",2010.0,2006.0,1998.0
2018110086,バニシングポイント,セ,古賀慎明,,Tapit,000a011248,Unrivaled Belle,000a013658,Unbridled's Song,000a002071,長谷川祐司,Whisper Hill Farm LLC,"6,899.2",2001.0,2006.0,1993.0
2018104688,モンテディオ,牡,四位洋文,,ジャスタウェイ,2009106461,ディオニージア,000a0111c3,Tejano Run,000a010a79,毛利元昭,社台ファーム,"6,889.5",2009.0,2003.0,1992.0
2018104896,レガトゥス,セ,矢嶋大樹,,モーリス,2011100655,アドマイヤセプター,2008103077,キングカメハメハ,2001103460,サンデーレーシング,ノーザンファーム,"6,864.1",2011.0,2008.0,2001.0
2018105155,ディヴァインラヴ,牝,斉藤崇史,,エピファネイア,2010104155,ディープラヴ,2011103897,ディープインパクト,2002100816,窪田芳郎,ノーザンファーム,"6,850.3",2010.0,2011.0,2002.0
2018104502,オヌール,牝,友道康夫,,ディープインパクト,2002100816,アヴニールセルタン,000a0126cb,Le Havre,000a01198f,社台レースホース,社台ファーム,"6,832.8",2002.0,2011.0,2006.0
2018104512,エルディアブロ,牡,佐々木晶,,キングカメハメハ,2001103460,アプリコットフィズ,2007102942,ジャングルポケット,1998101786,社台レースホース,社台ファーム,"6,824.5",2001.0,2007.0,1998.0
2018104518,ゴッドセレクション,牡,野口孝,,ノヴェリスト,000a012230,アルティメイトラブ,2009105790,シンボリクリスエス,1999110099,前田敏文,社台ファーム,"6,823.6",2009.0,2009.0,1999.0
2018104977,シャーレイポピー,牝,石坂公一,,ミッキーアイル,2011103916,オリエンタルポピー,2011103981,キングカメハメハ,2001103460,キャロットファーム,ノーザンファーム,"6,820.0",2011.0,2011.0,2001.0
2018104994,アランデル,セ,大竹正博,,ハービンジャー,000a011996,ガラディナー,2002100906,サンデーサイレンス,000a00033a,シルクレーシング,ノーザンファーム,"6,795.6",2006.0,2002.0,1986.0
2018109026,ヴルカーノ,牡,稲垣幸雄,,スピルバーグ,2009105961,スプリングシーズンII,000a011dd2,Dansili,000a010a5f,宮田守,大西興産,"6,785.8",2009.0,2005.0,1996.0
2018101625,ウインザナドゥ,牡,打越勇児,,ハーツクライ,2001103038,コスモアクセス,2009105141,ロージズインメイ,000a010a10,（株）ウイン,コスモヴューファーム,"6,777.3",2001.0,2009.0,2000.0
2018101559,ゼンノアンジュ,牝,中村直也,,ヘニーヒューズ,000a011155,ウインアンジェラス,2004100181,Bertolini,000a00fe97,大迫久美子,川島牧場,"6,760.2",2003.0,2004.0,1996.0
2018103954,ブラッティーキッド,牡,工藤真司,,シニスターミニスター,000a011099,デザートレジーナ,2003103035,タヤスツヨシ,1992109612,ＫＡＪＩＭＯＴＯホールディングス,高橋ファーム,"6,759.5",2003.0,2003.0,1992.0
2018109080,レプンカムイ,牡,橋口慎介,,キズナ,2010105827,ローレルアンジュ,1999109402,パラダイスクリーク,1989109110,前田葉子,村上幹夫,"6,750.6",2010.0,1999.0,1989.0
2018104011,ファユエン,牝,勢司和浩,,ヴァンセンヌ,2009106525,サクラパピルス,2011102142,アグネスデジタル,1997110025,谷岡毅,谷岡スタット,"6,737.8",2009.0,2011.0,1997.0
2018104765,イズンシーラブリー,牝,加藤征弘,,ディープインパクト,2002100816,ブルーミンバー,2005102305,ファルブラヴ,1998190004,諸江幸祐,社台ファーム,"6,728.2",2002.0,2005.0,1998.0
2018101796,リキサントライ,牡,緒方努,,ネオユニヴァース,2000101426,ドリームピーチ,2007104565,タップダンスシチー,1997110043,ハイパワー商事,大栄牧場,"6,716.6",2000.0,2007.0,1997.0
2018104955,カーディナル,牡,林徹,,ハービンジャー,000a011996,エカルラート,2008103189,ハーツクライ,2001103038,キャロットファーム,ノーザンファーム,"6,715.5",2006.0,2008.0,2001.0
2018105073,サトノスカイターフ,牡,池江泰寿,,ディープインパクト,2002100816,シーヴ,000a0137fc,Mineshaft,000a010545,里見治,ノーザンファーム,"6,696.1",2002.0,2009.0,1999.0
2018105545,エマージングロール,牡,田中守,,ネオユニヴァース,2000101426,フィーリングトーン,2006102785,ワイルドラッシュ,000a0003a1,稲場澄,社台コーポレーション白老ファーム,"6,695.7",2000.0,2006.0,1994.0
2018105105,ウィンドリッパー,牡,清水久詞,,ルーラーシップ,2007103143,スピードリッパー,2008103322,ファルブラヴ,1998190004,シルクレーシング,ノーザンファーム,"6,681.2",2007.0,2008.0,1998.0
2018104574,ローズボウル,牡,宮川浩一,,キズナ,2010105827,オールドパサデナ,2009105757,エンパイアメーカー,000a010542,生垣博志,社台ファーム,"6,670.4",2010.0,2009.0,2000.0
2018104674,サトノペルセウス,セ,新子雅司,,ディープインパクト,2002100816,ダンサーデスティネイション,000a012fcc,Dubai Destination,000a010a60,里見治,社台ファーム,"6,647.5",2002.0,2010.0,1999.0
2018102328,アサケレディ,牝,大橋勇樹,,キズナ,2010105827,メルセンヌナンバー,2007103241,ワイルドラッシュ,000a0003a1,大橋公堯,ムラカミファーム,"6,644.5",2010.0,2007.0,1994.0
2018104156,ダッシュダクラウン,セ,雑賀正光,,ホッコータルマエ,2009100921,アマランス,2001103721,サンデーサイレンス,000a00033a,星加浩一,泊寿幸,"6,644.1",2009.0,2001.0,1986.0
2018100606,ハデスキーパー,牡,堀千亜樹,,ヘニーヒューズ,000a011155,ムニン,2009110131,Bernardini,000a0111fe,一村哲也,高山牧場,"6,630.0",2003.0,2009.0,2003.0
2018110120,ジャズエチュード,牝,黒岩陽一,,I Am Invincible,000a0144f0,Mumbai Rock,000a0169ec,Fastnet Rock,000a010601,吉田勝己,Morning Rise Stud,"6,611.1",2004.0,2011.0,2001.0
2018102078,カールスバート,牡,齊藤敏,,フリオーソ,2004106867,ユメノアトサキ,2010105870,サウスヴィグラス,1996110138,市川智,ハクツ牧場,"6,589.8",2004.0,2010.0,1996.0
2018104861,レイモンドバローズ,牡,上村洋行,,ヴィクトワールピサ,2007102923,レッドレイチェル,2011104225,Medaglia d'Oro,000a010a65,猪熊広次,社台ファーム,"6,588.8",2007.0,2011.0,1999.0
2018104558,エリカヴァレリア,牝,久保田貴,,オルフェーヴル,2008102636,オヴァンボクイーン,000a012166,Kalatos,000a01204e,三木正浩,社台ファーム,"6,576.0",2008.0,2007.0,1992.0
2018110149,コスモアディラート,牡,和田正一,,スニッツェル,000a010eaa,River Serenade,000a018f1c,Hurricane Sky,000a0112cd,ビッグレッドファーム,Mr G Harvey,"6,565.7",2002.0,1999.0,1991.0
2018105152,メイサウザンアワー,牝,尾関知人,,ノヴェリスト,000a012230,ディナシー,2006103281,キングカメハメハ,2001103460,千明牧場,ノーザンファーム,"6,561.4",2009.0,2006.0,2001.0
2018100531,キタノインディ,牡,中西達也,,トーセンジョーダン,2006103169,コリエドペルル,2010109143,アグネスタキオン,1998101516,北所拓也,シンボリ牧場,"6,545.4",2006.0,2010.0,1998.0
2018102910,ファルヴォーレ,牡,小西重征,,ドゥラメンテ,2012104511,フリティラリア,2010104504,アドマイヤムーン,2003102991,長澤茂,明治牧場,"6,537.7",2012.0,2010.0,2003.0
2018101739,ケイアイシェルビー,牡,平田修,,ディープインパクト,2002100816,ケイアイガーベラ,2006104463,Smarty Jones,000a01053e,亀田和弘,隆栄牧場,"6,537.3",2002.0,2006.0,2001.0
2018101970,タガノカイ,牡,宮徹,,ノヴェリスト,000a012230,ボディーダンシング,2010103812,ホワイトマズル,1990109700,八木良司,新冠タガノファーム,"6,536.7",2009.0,2010.0,1990.0
2018100040,アビッグチア,牝,水野貴広,,リオンディーズ,2013105915,シベリアンクラシカ,2004110175,Siphon,000a002220,藤田在子,天羽禮治,"6,536.5",2013.0,2004.0,1991.0
2018106815,ヴィアルークス,牡,小林真也,,ディープインパクト,2002100816,リズムオブライト,000a012507,Beat Hollow,000a00fe45,フクキタル,パカパカファーム,"6,509.3",2002.0,2008.0,1997.0
2018106354,バガン,牡,宮地貴稔,,バゴ,2001190004,トーコーユズキ,2009106289,ディープインパクト,2002100816,カナヤマホールディングス,辻牧場,"6,498.8",2001.0,2009.0,2002.0
2018105561,ジュディッタ,牝,石坂公一,,ダノンレジェンド,2010110102,メリーウィドウ,2011106522,ゴールドアリュール,1999106689,シルクレーシング,社台コーポレーション白老ファーム,"6,498.8",2010.0,2011.0,1999.0
2018105056,ジュリアバローズ,牝,上村洋行,,ディープインパクト,2002100816,シャムロッカー,000a01216b,O'Reilly,000a0104d5,猪熊広次,ノーザンファーム,"6,496.8",2002.0,2007.0,1993.0
2018104709,ノットリグレット,牡,川島正一,,クロフネ,1998110135,ノットオーソリティ,2011104394,スウェプトオーヴァーボード,000a00fa34,吉田照哉,社台ファーム,"6,495.5",1998.0,2011.0,1997.0
2018104527,タイセイアゲイン,牡,佐藤雅彦,,パイロ,000a01176a,アーバンレジェンド,2010103866,アグネスタキオン,1998101516,田中成奉,社台ファーム,"6,491.8",2005.0,2010.0,1998.0
2018105334,グランパラディーゾ,牝,渡辺和雄,,ルーラーシップ,2007103143,ラルケット,2005102452,ファルブラヴ,1998190004,サンデーレーシング,ノーザンファーム,"6,479.3",2007.0,2005.0,1998.0
2018100696,アルバーシャ,牡,今津博之,,アドマイヤムーン,2003102991,ポップアイコン,2009102557,ダイワメジャー,2001103114,桑田照夫,ダーレー・ジャパン・ファーム,"6,479.3",2003.0,2009.0,2001.0
2018100410,ダノンターキッシュ,牡,中川竜馬,,ルーラーシップ,2007103143,ターキー,2003106086,Sinndar,000a002329,組）志士十二組合,下河辺牧場,"6,462.5",2007.0,2003.0,1997.0
2018104633,テーオーダヴィンチ,牡,岡田稲男,,ダイワメジャー,2001103114,シークレットジプシー,000a011add,Sea of Secrets,000a00fb8b,小笹公也,社台ファーム,"6,429.1",2001.0,2005.0,1995.0
2018102033,ヴィゴーレ,牡,高野毅,,キズナ,2010105827,ヴァイセフラウ,2011105117,キングカメハメハ,2001103460,前田幸治,ノースヒルズ,"6,420.2",2010.0,2011.0,2001.0
2018106074,ヴァガボンド,牡,真島正徳,,ディスクリートキャット,000a0113a1,カプリースレディー,2008101417,ジャングルポケット,1998101786,福原聡,杵臼斉藤牧場,"6,415.2",2003.0,2008.0,1998.0
2018103296,サニーオーシャン,セ,杉浦宏昭,,ゼンノロブロイ,2000101517,ヨドノグレイス,2009102052,バゴ,2001190004,海原聖一,林農場,"6,408.9",2000.0,2009.0,2001.0
2018100756,シュアーヴアリア,牝,矢嶋大樹,,ゴールドシップ,2009102739,スズノネイロ,2010106274,デュランダル,1999106756,ディアレストクラブ,ディアレストクラブ,"6,389.7",2009.0,2010.0,1999.0
2018103796,ケンアンビシャス,牡,久保田貴,,トゥザワールド,2011103975,モルフェキイ,2006106816,モルフェデスペクタ,1998110056,中西健,坂本智広,"6,387.6",2011.0,2006.0,1998.0
2018101881,ハルノインパクト,牡,宮路洋一,,ヴァンセンヌ,2009106525,エーシンフォチュナ,2008104010,エイシンプレストン,1997110161,深瀬歩,中地義次,"6,377.0",2009.0,2008.0,1997.0
2018103507,イヤサカ,牝,天間昭一,,アイルハヴアナザー,000a011ed3,スマーティコジーン,2002110200,Cozzene,000a001bda,岡田壮史,岡田スタッド,"6,372.5",2009.0,2002.0,1980.0
2018100017,テイエムベンチャー,牡,鈴木孝志,,エスポワールシチー,2005102837,ゼリービーン,2000101824,タイキシャトル,1994109686,竹園正繼,厚賀古川牧場,"6,367.1",2005.0,2000.0,1994.0
2018105952,アンタンスルフレ,セ,真島正徳,,トーセンジョーダン,2006103169,エーシンチェロキー,2008101269,ディープインパクト,2002100816,西村健,栄進牧場,"6,361.0",2006.0,2008.0,2002.0
2018110076,ヴォワドアンジェ,牝,中竹和也,,Curlin,000a011734,Love and Pride,000a014a61,A.P. Indy,000a001d37,前田幸治,Three Chimneys Farm LLC,"6,339.1",2004.0,2008.0,1989.0
2018105529,ヘッズオアテールズ,牝,須貝尚介,,ドゥラメンテ,2012104511,テスタオクローチェ,000a012e80,Orpen,000a002326,社台レースホース,社台コーポレーション白老ファーム,"6,327.5",2012.0,2012.0,1996.0
2018110001,ジュストコル,牡,大久保龍,,Shalaa,000a0142a5,ジュマイエル,000a01434f,Lope de Vega,000a012919,吉田照哉,Shadai Farm,"6,297.6",2013.0,2013.0,2007.0
2018106455,メイショウハボタン,牝,本田優,,メイショウサムソン,2003102205,ブルーボックスボウ,1998103264,サンデーサイレンス,000a00033a,松本好雄,林孝輝,"6,289.5",2003.0,1998.0,1986.0
2018100679,インテンスフレイム,牡,雑賀正光,,パイロ,000a01176a,ティップトップ,2011100511,Dubawi,000a0115e2,庄司修二,ダーレー・ジャパン・ファーム,"6,287.2",2005.0,2011.0,2002.0
2018106552,メイショウフンケイ,牡,高橋亮,,ダイワメジャー,2001103114,メイショウスズラン,2007101659,キングカメハメハ,2001103460,松本好雄,三嶋牧場,"6,274.9",2001.0,2007.0,2001.0
2018102863,スマイルサルファー,セ,渡瀬寛彰,,プリサイスエンド,000a00fe9b,カワカミタキオン,2009101867,アグネスタキオン,1998101516,松野真一,三石川上牧場,"6,269.5",1997.0,2009.0,1998.0
2018100570,セリシア,牝,中竹和也,,エイシンヒカリ,2011101273,サワノパルファン,2007101431,クロフネ,1998110135,西田彰宏,スマイルファーム,"6,264.4",2011.0,2007.0,1998.0
2018103615,ルース,牝,茶木太樹,,ドゥラメンテ,2012104511,ヤマカツマリリン,2004104162,グラスワンダー,1995108676,山田和夫,岡田牧場,"6,251.7",2012.0,2004.0,1995.0
2018105167,グレートマジシャン,牡,宮田敬介,,ディープインパクト,2002100816,ナイトマジック,000a011d58,Sholokhov,000a01196d,サンデーレーシング,ノーザンファーム,"6,236.4",2002.0,2006.0,1999.0
2018104345,ランスオブアース,牝,本田優,,エピファネイア,2010104155,マイスクエアワン,2011102527,Giant's Causeway,000a0022e1,五影隆則,フジワラファーム,"6,190.3",2010.0,2011.0,1997.0
2018100445,メモリーエフェクト,牡,中川竜馬,,モーリス,2011100655,メモリーパフィア,2006105996,ノボジャック,1997110152,奥正之,下河辺牧場,"6,184.9",2011.0,2006.0,1997.0
2018103065,スターシューター,牡,櫻田浩樹,,トビーズコーナー,000a011fed,アルマシェダル,2011103113,フジキセキ,1992109618,山本武司,上山牧場,"6,170.5",2008.0,2011.0,1992.0
2018104944,エイカイステラ,牝,藤原英昭,,オルフェーヴル,2008102636,ヴィヤダーナ,000a011aa1,Azamour,000a01053b,二木英実,ノーザンファーム,"6,167.8",2008.0,2007.0,2001.0
2018101562,カフジアスール,牡,中竹和也,,ハービンジャー,000a011996,カフジビーナス,2013101381,ディープインパクト,2002100816,加藤守,川島牧場,"6,164.2",2006.0,2013.0,2002.0
2018105143,レフトゥバーズ,牝,萩原清,,ディープインパクト,2002100816,テルアケリー,000a01294a,Tapit,000a011248,池谷誠一,ノーザンファーム,"6,158.4",2002.0,2008.0,2001.0
2018100394,サトノラムセス,牡,橋口慎介,,ルーラーシップ,2007103143,サトノエカテリーナ,2011100389,ディープインパクト,2002100816,里見治,下河辺牧場,"6,158.1",2007.0,2011.0,2002.0
2018101243,オレデイイノカ,牡,古賀慎明,,サウスヴィグラス,1996110138,グレイスフルアート,2012104531,ダイワメジャー,2001103114,福島徳佑,赤石牧場,"6,151.6",1996.0,2012.0,2001.0
2018105954,エイシンギアアップ,牡,嬉勝則,,エイシンフラッシュ,2007102951,エーシンパナギア,2008101286,エイシンサンディ,1993103280,上岡和男,栄進牧場,"6,148.5",2007.0,2008.0,1993.0
2018102574,ロードシュトローム,牡,打越勇児,,マクフィ,000a011c77,オーシュペール,2009101530,ダイワメジャー,2001103114,中村智幸,ケイアイファーム,"6,142.6",2007.0,2009.0,2001.0
2018104221,スペクタクル,牡,加藤和義,,ヘニーヒューズ,000a011155,スフィンクス,2009104055,リンカーン,2000101561,福原聡,橋本牧場,"6,130.2",2003.0,2009.0,2000.0
2018101999,タブラオ,牡,荒山勝徳,,アイルハヴアナザー,000a011ed3,プルーフオブラヴ,2000101653,サンデーサイレンス,000a00033a,吉田勝己,新冠橋本牧場,"6,114.0",2009.0,2000.0,1986.0
2018106211,テイエムマグマ,牡,杉山晴紀,,メイショウボーラー,2001100650,エーシンピュリティ,2006102341,アグネスタキオン,1998101516,竹園正繼,高村牧場,"6,112.6",2001.0,2006.0,1998.0
2018102060,ハンディーズピーク,牡,堀千亜樹,,マジェスティックウォリアー,000a011e9c,パノラマビューティ,2002100969,ダンスインザダーク,1993109188,前田幸大,ノースヒルズ,"6,101.9",2005.0,2002.0,1993.0
2018104837,ノーダブルディップ,牡,森山広大,,リーチザクラウン,2006102923,リトルディッパー,2005102406,アグネスワールド,1995108665,山邉浩,社台ファーム,"6,101.4",2006.0,2005.0,1995.0
2018102158,アインゲーブング,牝,黒岩陽一,,ゴールドシップ,2009102739,マイネグロリアーナ,2010110043,Rock Hard Ten,000a010612,サラブレッドクラブ・ラフィアン,ビッグレッドファーム,"6,092.6",2009.0,2010.0,2001.0
2018103611,デルマカンノン,牝,緒方努,,スピルバーグ,2009105961,マスターマイン,2006100801,Belong to Me,000a001ff2,浅沼廣幸,岡田牧場,"6,085.6",2009.0,2006.0,1989.0
2018105899,エイシンピストン,牡,藤田輝信,,エーシンスピーダー,2009110013,エイシンウィキ,2013103758,キングカメハメハ,2001103460,平井克彦,栄進牧場,"6,074.9",2009.0,2013.0,2001.0
2018106628,アエノブライアン,牡,池田忠好,,フリオーソ,2004106867,ソナータ,2013102168,ゴールドアリュール,1999106689,角井紀夫,山口義彦,"6,071.0",2004.0,2013.0,1999.0
2018100684,クリーンスレイト,セ,真島正徳,,ディスクリートキャット,000a0113a1,ニューチャプターＩＩ,000a0114ac,A.P. Indy,000a001d37,福原聡,ダーレー・ジャパン・ファーム,"6,069.4",2003.0,2005.0,1989.0
2018106504,サトノアイ,牝,森一誠,,ハーツクライ,2001103038,キャッチザカクテル,000a013907,Catcher In The Rye,000a01372d,里見治,三嶋牧場,"6,052.9",2001.0,2012.0,2000.0
2018102362,オセアダイナスティ,牡,倉兼育康,,オルフェーヴル,2008102636,ラヴァーズレーン,2000105372,メジロライアン,1987105368,蕭敬如,村田牧場,"6,028.9",2008.0,2000.0,1987.0
2018105076,ルペルカーリア,牡,友道康夫,,モーリス,2011100655,シーザリオ,2002100844,スペシャルウィーク,1995103211,キャロットファーム,ノーザンファーム,"6,025.7",2011.0,2002.0,1995.0
2018105115,ビューティーウェイ,牝,西園翔太,,ジャスタウェイ,2009106461,セルキス,000a011d97,Monsun,000a010db6,大塚亮一,ノーザンファーム,"6,017.4",2009.0,2008.0,1990.0
2018104607,クライミングリリー,牝,国枝栄,,ディープインパクト,2002100816,コンテスティッド,000a0120cc,Ghostzapper,000a010525,社台レースホース,社台ファーム,"6,010.6",2002.0,2009.0,2000.0
2018101032,スキピオ,牡,今津博之,,マツリダゴッホ,2003104570,プレトリアン,2007106059,キングヘイロー,1995104427,カナヤマホールディングス,豊洋牧場,"5,997.3",2003.0,2007.0,1995.0
2018101616,ウインアキレウス,牡,西園正都,,スクリーンヒーロー,2004103328,ウインアキレア,2012100229,コンデュイット,2005190006,ウイン,コスモヴューファーム,"5,969.3",2004.0,2012.0,2005.0
2018104982,ヴィルヘルム,牡,西川敏弘,,エピファネイア,2010104155,カイゼリン,2005102655,アドマイヤベガ,1996107396,上岡和男,ノーザンファーム,"5,968.9",2010.0,2005.0,1996.0
2018105321,カランドゥーラ,牡,福永祐一,,モーリス,2011100655,ラストグルーヴ,2010104053,ディープインパクト,2002100816,窪田芳郎,ノーザンファーム,"5,965.2",2011.0,2010.0,2002.0
2018106147,メイショウミツヤス,牡,飯田祐史,,トゥザグローリー,2007103265,フミノアザレア,2009100439,マンハッタンカフェ,1998101554,松本好隆,斉藤英牧場,"5,954.8",2007.0,2009.0,1998.0
2018100720,ゲットアップ,セ,松浦裕之,,ルーラーシップ,2007103143,ソフトライム,2010103668,フジキセキ,1992109618,ニッシンホールディングス,チャンピオンズファーム,"5,948.2",2007.0,2010.0,1992.0
2018100886,ジェットエンブレム,牡,長倉功,,ヘニーヒューズ,000a011155,アイアムネオ,2006102889,ネオユニヴァース,2000101426,犬塚悠治郎,浜本牧場,"5,939.8",2003.0,2006.0,2000.0
2018105169,ナンヨーアイボリー,牝,松永幹夫,,ロードカナロア,2008103552,ナンヨーカノン,2010104253,フジキセキ,1992109618,中村徳也,ノーザンファーム,"5,912.8",2008.0,2010.0,1992.0
2018101722,ラルフ,牡,荒川義之,,アジアエクスプレス,2011110091,ロサモスカータ,2013106190,ヴィクトワールピサ,2007102923,ＧＥＴＮＥＸＴ,須崎牧場,"5,912.3",2011.0,2013.0,2007.0
2018104778,フジマサインパクト,牡,菊川正達,,ディープインパクト,2002100816,ベイトゥベイ,000a0120cb,Sligo Bay,000a011fef,藤原正一,社台ファーム,"5,911.2",2002.0,2007.0,1998.0
2018105347,ストゥーティ,牝,奥村豊,,モーリス,2011100655,リラヴァティ,2011103890,ゼンノロブロイ,2000101517,キャロットファーム,ノーザンファーム,"5,898.5",2011.0,2011.0,2000.0
2018104917,レベランス,牡,新田守,,ハービンジャー,000a011996,アンレール,2010104270,ディープインパクト,2002100816,植田信行,ノーザンファーム,"5,881.4",2006.0,2010.0,2002.0
2018100444,ゴールデンヒーラー,牝,佐藤祐司,,タートルボウル,000a012045,ミリオンハッピー,2007105549,アグネスタキオン,1998101516,平賀敏男,下河辺牧場,"5,869.8",2002.0,2007.0,1998.0
2018104700,ランドオブリバティ,セ,嘉藤貴行,,ディープインパクト,2002100816,ドバウィハイツ,000a011de0,Dubawi,000a0115e2,吉田照哉,社台ファーム,"5,867.5",2002.0,2007.0,2002.0
2018106336,ヴィクトゥーラ,牡,田島寿一,,ロードカナロア,2008103552,グローリアスローズ,2008103144,ロックオブジブラルタル,000a00fd4c,鈴木昌樹,辻牧場,"5,866.1",2008.0,2008.0,1999.0
2018101337,ヒミノフラッシュ,牡,吉井竜一,,エイシンフラッシュ,2007102951,ヒミノプリンセス,2005104548,マンハッタンカフェ,1998101554,佐々木八郎,原田新治,"5,863.8",2007.0,2005.0,1998.0
2018100397,ハーツラプソディ,牝,今野貞一,,ハーツクライ,2001103038,シェイクズセレナーデ,000a012951,Unbridled's Song,000a002071,下河辺隆行,下河辺牧場,"5,859.5",2001.0,2006.0,1993.0
2018106663,エアミアーニ,セ,笹田和秀,,ロードカナロア,2008103552,エアマスカット,2010103698,ジャングルポケット,1998101786,ラッキーフィールド,猿倉牧場,"5,859.3",2008.0,2010.0,1998.0
2018103003,ペイシャフェスタ,牝,高橋裕,,マクフィ,000a011c77,スプリングフェスタ,2008102881,ゼンノロブロイ,2000101517,北所直人,梅田牧場,"5,859.3",2007.0,2008.0,2000.0
2018102196,ゴールドブリーズ,牡,深山雅史,,トゥザワールド,2011103975,ゴールドジャパン,2007104957,スターリングローズ,1997106560,居城寿与,北勝ファーム,"5,857.5",2011.0,2007.0,1997.0
2018104491,エコロファルコン,牡,打越勇児,,ホッコータルマエ,2009100921,サクラヴィッキー,2004104487,ダンスインザダーク,1993109188,福原聡,山田牧場,"5,849.7",2009.0,2004.0,1993.0
2018106473,タイキドミニオン,牡,畑端省吾,,ダノンシャーク,2008105554,ニチドウルチル,2007103476,ファルブラヴ,1998190004,大樹ファーム,ビクトリーホースランチ,"5,844.1",2008.0,2007.0,1998.0
2018103736,ゴダイリキ,牡,荒山勝徳,,モーリス,2011100655,パワースポット,2008100266,スズカマンボ,2001103890,青山洋一,グランド牧場,"5,834.5",2011.0,2008.0,2001.0
2018110070,リンカーンテソーロ,牡,加藤士津,,Carpe Diem,000a014112,Santa Vindi,000a014a48,Vindication,000a010544,了徳寺健二ホールディングス,Stonehaven Steadings,"5,833.9",2012.0,2005.0,2000.0
2018106259,サンマルレジェンド,牡,今津博之,,ダノンレジェンド,2010110102,ノースプリンセス,2003102037,アジュディケーティング,000a000d5d,相馬勇,谷川牧場,"5,827.3",2010.0,2003.0,1987.0
2018103238,リプレーザ,牡,大根田裕,,リオンディーズ,2013105915,サウスエンピリカル,2005101539,マンハッタンカフェ,1998101554,奥裕嗣,高岸順一,"5,820.0",2013.0,2005.0,1998.0
2018103828,ニホンピロハーバー,牡,玉垣光章,,ニホンピロアワーズ,2007100191,ニホンピロタルト,2004104432,オペラハウス,000a000d77,小林英一,佐竹学,"5,807.0",2007.0,2004.0,1988.0
2018103622,ディアノイア,牝,杉山晴紀,,パイロ,000a01176a,ケイティローレル,2006100519,サクラローレル,1991103498,杉山忠国,岡野牧場,"5,795.6",2005.0,2006.0,1991.0
2018104669,ダノンドリーマー,牡,別府真司,,ルーラーシップ,2007103143,ダノンジャンヌ,2012104151,ディープインパクト,2002100816,組）志士十二組合,社台ファーム,"5,783.5",2007.0,2012.0,2002.0
2018105722,モリノカンナチャン,牝,鈴木伸尋,,ハービンジャー,000a011996,ヒカルドウキセイ,2001103326,サンデーサイレンス,000a00033a,森和久,青藍牧場,"5,769.3",2006.0,2001.0,1986.0
2018104729,ワセダハーツ,牡,打越勇児,,ハーツクライ,2001103038,パーソナルレジェンド,000a010ac0,Awesome Again,000a0021cb,（株）マフィン,社台ファーム,"5,767.3",2001.0,2000.0,1994.0
2018100226,アラビアンナイト,牝,田村康仁,,エピファネイア,2010104155,デトロイトカフェ,2012105897,マンハッタンカフェ,1998101554,ＨｉｍＲｏｃｋＲａｃｉｎｇホールディングス,北田剛,"5,761.6",2010.0,2012.0,1998.0
2018100141,シャークスポット,牡,橋本和馬,,ダノンシャーク,2008105554,ウィンディガーデン,2007103248,タニノギムレット,1999100226,沖田正憲,沖田牧場,"5,716.6",2008.0,2007.0,1999.0
2018110117,フランスゴデイナ,牡,森秀行,,ウィルテイクチャージ,000a01372f,Dreamy Blues,000a014dc7,Curlin,000a011734,稻井田有司,Betz Kidder B & K Canetti & Jim Betz,"5,712.1",2010.0,2010.0,2004.0
2018103362,シゲルホサヤク,牡,谷潔,,ニホンピロアワーズ,2007100191,シゲルチャグチャグ,2012100481,サムライハート,2002100996,關美和,三好牧場,"5,705.7",2007.0,2012.0,2002.0
2018104160,ニホンピロタイズ,牡,今津勝之,,キズナ,2010105827,ニホンピロアンバー,2011102347,スウェプトオーヴァーボード,000a00fa34,小林英一,友田牧場,"5,676.3",2010.0,2011.0,1997.0
2018101579,シャイニングフジ,牝,笹田和秀,,ドゥラメンテ,2012104511,ヘイローフジ,2003100206,キングヘイロー,1995104427,林進,協和牧場,"5,669.5",2012.0,2003.0,1995.0
2018100026,ワールドリバイバル,牡,牧田和弥,,エピファネイア,2010104155,セシリア,2009102124,アグネスタキオン,1998101516,鈴木昭和,天羽牧場,"5,667.4",2010.0,2009.0,1998.0
2018105071,セブンサミット,牡,西村真幸,,モーリス,2011100655,シンハライト,2013105906,ディープインパクト,2002100816,キャロットファーム,ノーザンファーム,"5,666.1",2011.0,2013.0,2002.0
2018101966,タガノペカ,牝,西園翔太,,オルフェーヴル,2008102636,バレドクール,2008102874,タニノギムレット,1999100226,八木良司,新冠タガノファーム,"5,651.9",2008.0,2008.0,1999.0
2018105004,アップリバー,牝,牧光二,,スクリーンヒーロー,2004103328,クイーンビーII,000a012e2e,Le Havre,000a01198f,平田修,ノーザンファーム,"5,645.5",2004.0,2012.0,2006.0
2018104208,プリティインピンク,牝,小手川準,,キンシャサノキセキ,2003110212,アサケゴマ,2010103144,クロフネ,1998110135,新木鈴子,野坂牧場,"5,641.4",2003.0,2010.0,1998.0
2018102585,ロードラスター,牡,千田輝彦,,リオンディーズ,2013105915,スターコレクション,2008103539,アグネスタキオン,1998101516,ロードホースクラブ,ケイアイファーム,"5,636.0",2013.0,2008.0,1998.0
2018104379,ロードレイライン,牡,打越勇児,,ストロングリターン,2006102934,キモンオレンジ,2011102583,ダンスインザダーク,1993109188,中村智幸,へいはた牧場,"5,629.9",2006.0,2011.0,1993.0
2018100624,ブラックパンサー,牡,山田徹,,エピファネイア,2010104155,アルピナブルー,2010103868,フジキセキ,1992109618,角田喜継,タバタファーム,"5,601.9",2010.0,2010.0,1992.0
2018104460,サクセスエース,牡,竹内正洋,,ジョーカプチーノ,2006100529,ミスベルツリー,2006104843,アグネスデジタル,1997110025,ブルースターズファーム,見上牧場,"5,597.0",2006.0,2006.0,1997.0
2018104746,セイクリッドゲイズ,セ,佐々木晶,,エピファネイア,2010104155,ファンタジックアイ,2011104376,ネオユニヴァース,2000101426,社台レースホース,社台ファーム,"5,573.0",2010.0,2011.0,2000.0
2018104849,ブリエヴェール,牡,小笠倫弘,,エイシンフラッシュ,2007102951,レイヨンヴェール,2011104196,ゴールドアリュール,1999106689,グリーンファーム,社台ファーム,"5,572.0",2007.0,2011.0,1999.0
2018109119,ルピナステソーロ,牝,宮川真衣,,ミッキーアイル,2011103916,ダノンクィーン,2011102297,チチカステナンゴ,000a011135,冨谷昌弘,ストームファームコーポレーション,"5,566.0",2011.0,2011.0,1998.0
2018101125,ミラーウォーカーズ,牝,石栗龍彦,,サウスヴィグラス,1996110138,キョウエイカプリス,2011106396,ゴールドアリュール,1999106689,ライオンレースホース,モリナガファーム,"5,547.0",1996.0,2011.0,1999.0
2018110131,アメリカンピース,セ,東田明士,,Tapit,000a011248,La Cloche,000a01793e,Ghostzapper,000a010525,吉澤ホールディングス,Don Alberto Corporation,"5,543.0",2001.0,2007.0,2000.0
2018104092,トウシンモンブラン,牝,杉山晴紀,,ルーラーシップ,2007103143,トウシンハンター,2012103182,エンパイアメーカー,000a010542,サトー,千代田牧場,"5,532.7",2007.0,2012.0,2000.0
2018105471,ビオグラフィア,牡,別府真司,,ルーラーシップ,2007103143,イストワール,2001103230,サンデーサイレンス,000a00033a,冨谷昌弘,社台コーポレーション白老ファーム,"5,531.3",2007.0,2001.0,1986.0
2018106569,エナジーロッソ,牝,酒井忍,,ホッコータルマエ,2009100921,エナジーハート,2007101822,サクラバクシンオー,1989108341,（株）キャピタル・シ,宮内牧場,"5,502.2",2009.0,2007.0,1989.0
2018110145,アイリッシュセンス,牡,真島元徳,,Quality Road,000a011cff,Miss Singhsix,000a018f2b,シングスピール,1992190005,貝本隆三,Normandy Farm LLC,"5,488.0",2006.0,2005.0,1992.0
2018105423,インヴァリアンス,セ,尾関知人,,ハーツクライ,2001103038,タマユラ,2011110057,Tamayuz,000a011c79,Ｇ１レーシング,追分ファーム,"5,484.9",2001.0,2011.0,2005.0
2018104030,ワーズワース,牡,高橋一哉,,リオンディーズ,2013105915,ラブディラン,2009103765,Dylan Thomas,000a011072,カナヤマホールディングス,谷岡牧場,"5,461.2",2013.0,2009.0,2003.0
2018103902,サウンドブライアン,牡,加藤公太,,クリーンエコロジー,2008100563,ブライアンオークス,2003105051,ブライアンズタイム,000a000082,増田雄一,聖心台牧場,"5,452.5",2008.0,2003.0,1985.0
2018102292,ニシノライトニング,牡,佐宗応和,,アポロキングダム,2003110139,ニシノモンクス,2010101117,タニノギムレット,1999100226,西山茂行,村上欽哉,"5,448.4",2003.0,2010.0,1999.0
2018103293,ヨドノゴールド,牡,西園正都,,サウスヴィグラス,1996110138,クイーンマルサ,2006106732,ステイゴールド,1994108729,海原聖一,林農場,"5,447.0",1996.0,2006.0,1994.0
2018105628,トーセンメラニー,牝,小桧山悟,,ヴィクトワールピサ,2007102923,エラドゥーラ,1998110155,Sultry Song,000a001f1b,島川隆哉,エスティファーム,"5,446.5",2007.0,1998.0,1988.0
2018100487,スライリー,牝,相沢郁,,オルフェーヴル,2008102636,ビジョナリー,2011100346,ディープインパクト,2002100816,ヒダカ・ブリーダーズ・ユニオン,白井牧場,"5,441.3",2008.0,2011.0,2002.0
2018105043,エスコーラ,牡,中内田充,,ディープインパクト,2002100816,サロミナ,000a0121c3,Lomitas,000a00fe91,吉田和美,ノーザンファーム,"5,433.0",2002.0,2009.0,1988.0
2018105214,サトノアポロン,セ,山崎裕也,,Into Mischief,000a0125a7,ファイナルディシジョン,000a013dae,Super Saver,000a012d51,里見治,ノーザンファーム,"5,432.5",2005.0,2013.0,2007.0
2018102666,レーヴリアン,牝,緒方努,,リアルインパクト,2008103244,フェイズシフト,2006103691,サクラバクシンオー,1989108341,矢野崇志,タガミファーム,"5,428.6",2008.0,2006.0,1989.0
2018104775,パルデンス,牡,森一誠,,ディープブリランテ,2009105084,ヘヴンリークルーズ,2005102301,ファルブラヴ,1998190004,山本三津子,社台ファーム,"5,423.7",2009.0,2005.0,1998.0
2018105259,スティクス,牝,武幸四郎,,ロードカナロア,2008103552,ペンテシレイア,2007103113,ネオユニヴァース,2000101426,シルクレーシング,ノーザンファーム,"5,423.6",2008.0,2007.0,2000.0
2018105521,ナックイルシーブ,牡,杉浦宏昭,,ハーツクライ,2001103038,セデュイールII,000a012f04,Elusive Quality,000a00231f,小松欣也,社台コーポレーション白老ファーム,"5,423.2",2001.0,2012.0,1993.0
2018103560,ワザモノ,牡,尾関知人,,マツリダゴッホ,2003104570,モトヒメ,2007100092,ショウナンカンプ,1998102595,ノルマンディーサラブレッドレーシング,岡田スタッド,"5,415.7",2003.0,2007.0,1998.0
2018103341,ロレンツォ,牡,田中守,,ロードカナロア,2008103552,マリアフィオーレ,2011104286,ハーツクライ,2001103038,稲場澄,伏木田牧場,"5,413.2",2008.0,2011.0,2001.0
2018104297,ジョーロノ,牡,長倉功,,ジョーカプチーノ,2006100529,キョウエイエルメス,2006100119,ワイルドラッシュ,000a0003a1,盛学志,藤沢牧場,"5,401.0",2006.0,2006.0,1994.0
2018102917,ネイチャーシップ,牡,根本康広,,ゴールドシップ,2009102739,アルデグロリア,2010101708,アルデバランII,000a010541,サザンホールディング,元茂牧場,"5,396.3",2009.0,2010.0,1998.0
2018105762,フィールザワールド,牡,岩戸孝樹,,ブラックタイド,2001103312,フィールザビュウ,2000110184,Distant View,000a002161,櫻井正,平岡牧場,"5,377.5",2001.0,2000.0,1991.0
2018102399,ハートプレイス,牡,角川秀樹,,ネオユニヴァース,2000101426,ネリヤカナヤ,2013102131,タイキシャトル,1994109686,渡部賢治,山岡牧場,"5,369.0",2000.0,2013.0,1994.0
2018105731,メイショウアツイタ,牡,高橋義忠,,フェノーメノ,2009106599,ロジカルクィーン,2000110188,Deputy Minister,000a001849,松本好隆,ゼットステーブル,"5,358.0",2009.0,2000.0,1979.0
2018102358,ハセノエクスプレス,牡,張田京,,アジアエクスプレス,2011110091,フルオブスターズ,2013102086,エンパイアメーカー,000a010542,長谷川文夫,村田牧場,"5,352.0",2011.0,2013.0,2000.0
2018106155,ノアヴィグラス,牝,鷹見浩,,サウスヴィグラス,1996110138,ダブルアクセル,2010104828,アグネスタキオン,1998101516,佐山公男,酒井牧場,"5,348.5",1996.0,2010.0,1998.0
2018104591,サウンドウォリアー,牡,高橋康之,,マジェスティックウォリアー,000a011e9c,クインリーグレイス,2007102756,スペシャルウィーク,1995103211,増田雄一,社台ファーム,"5,325.6",2005.0,2007.0,1995.0
2018101093,バリチューロ,牡,倉兼育康,,シニスターミニスター,000a011099,ラッシュウインド,2008106175,ワイルドラッシュ,000a0003a1,西森鶴,槇本牧場,"5,325.5",2003.0,2008.0,1994.0
2018103957,ココリホウオウ,セ,九日俊光,,ワールドエース,2009106353,フレイムミーティア,2010100559,ファンタスティックライト,1996190005,山邉浩,高橋ファーム,"5,297.8",2009.0,2010.0,1996.0
2018104586,ダノンマデイラ,牡,茶木太樹,,ディープインパクト,2002100816,キャンディネバダ,000a012941,Pure Prize,000a011252,ダノックス,社台ファーム,"5,288.9",2002.0,2009.0,1998.0
2018104936,ジャカランダレーン,牝,中内田充,,ラブリーデイ,2010104298,ウリウリ,2010104042,ディープインパクト,2002100816,金子真人ホールディングス,ノーザンファーム,"5,275.4",2010.0,2010.0,2002.0
2018100220,ホッコーハナミチ,セ,打越勇児,,ホッコータルマエ,2009100921,シーノットラブユー,2011102728,タニノギムレット,1999100226,北幸商事,川端正博,"5,269.8",2009.0,2011.0,1999.0
2018102090,アイリッシュムーン,牝,武井亮,,マクフィ,000a011c77,ナスノシベリウス,2009110036,Unbridled's Song,000a002071,那須野牧場,ハシモトファーム,"5,255.7",2007.0,2009.0,1993.0
2018103729,スリートップキズナ,牡,伊藤圭三,,キズナ,2010105827,トップオブザヘヴン,2007100235,キングカメハメハ,2001103460,永井商事,グランド牧場,"5,255.0",2010.0,2007.0,2001.0
2018100590,カレンロマチェンコ,牡,田中守,,マクフィ,000a011c77,カレンステイシー,2011100464,アドマイヤジャパン,2002102324,酒井孝敏,高柳隆男,"5,237.4",2007.0,2011.0,2002.0
2018104865,レディステディゴー,牡,中村直也,,ダイワメジャー,2001103114,レディトゥプリーズ,000a011167,More Than Ready,000a00fcdd,社台レースホース,社台ファーム,"5,227.0",2001.0,2003.0,1997.0
2018105235,ダノンハーロック,牡,音無秀孝,,ルーラーシップ,2007103143,ブラマンジェ,2010104146,クロフネ,1998110135,ダノックス,ノーザンファーム,"5,225.7",2007.0,2010.0,1998.0
2018100126,クリノクラール,牡,武英智,,タートルボウル,000a012045,アスカトップレディ,2007103852,アドマイヤボス,1997103699,栗本博晴,永村侑,"5,222.1",2002.0,2007.0,1997.0
2018103369,ハギノピリナ,牝,高野友和,,キズナ,2010105827,ハギノアーク,2009101332,アドマイヤムーン,2003102991,安岡美津子,村下明博,"5,220.4",2010.0,2009.0,2003.0
2018102168,リンゴアメ,牝,菊川正達,,マツリダゴッホ,2003104570,マイネデセール,2002105178,マイネルラヴ,1995108558,ビッグレッドファーム,ビッグレッドファーム,"5,212.5",2003.0,2002.0,1995.0
2018105112,フォドラ,牝,牧浦充徳,,ロードカナロア,2008103552,セイングレンド,2001103338,バブルガムフェロー,1993109219,吉田勝己,ノーザンファーム,"5,207.4",2008.0,2001.0,1993.0
2018104322,プレジールミノル,牡,松平幸秀,,ケープブランコ,000a011b06,セブンシークィーン,2006101515,コロナドズクエスト,000a0000b5,（株）藤田工務店,フジワラファーム,"5,172.2",2007.0,2006.0,1995.0
2018100623,ミラクル,牝,福永祐一,,エイシンフラッシュ,2007102951,アフレイタス,1999107089,サンデーサイレンス,000a00033a,協栄,タバタファーム,"5,166.0",2007.0,1999.0,1986.0
2018105157,ディープリッチ,牡,小島茂之,,ディープブリランテ,2009105084,デビルズコーナー,2005110198,Songandaprayer,000a01069b,宇田豊,ノーザンファーム,"5,160.6",2009.0,2005.0,1998.0
2018106693,グランツアーテム,牡,別府真司,,マクフィ,000a011c77,オクシペタルム,2008102782,シンボリクリスエス,1999110099,ウエスト．フォレスト．ステイブル,高村伸一,"5,144.6",2007.0,2008.0,1999.0
2018100548,リーチ,牡,真島正徳,,グランプリボス,2008103388,スイートローレライ,2003110187,Rahy,000a001c5e,原久美子,シンボリ牧場,"5,141.1",2008.0,2003.0,1985.0
2018105236,ブルメンダール,牡,国枝栄,,モーリス,2011100655,ブルーメンブラット,2003102993,アドマイヤベガ,1996107396,キャロットファーム,ノーザンファーム,"5,128.0",2011.0,2003.0,1996.0
2018105301,シャインユニバンス,牝,田村康仁,,ルーラーシップ,2007103143,メテオーリカ,2009105715,ディープインパクト,2002100816,亀井哲也,ノーザンファーム,"5,124.4",2007.0,2009.0,2002.0
2018100858,メイショウマントル,牡,安達昭夫,,メイショウボーラー,2001100650,ピンクトルマリン,2006110137,Fusaichi Pegasus,000a0022cf,松本和子,日西牧場,"5,116.8",2001.0,2006.0,1997.0
2018102264,アシタバ,牝,奥村豊,,シニスターミニスター,000a011099,ウインプラチナム,2005102311,ゼンノエルシド,1997110179,佐久間拓士,村上欽哉,"5,103.0",2003.0,2005.0,1997.0
2018104800,ギャラントウォリア,セ,平田修,,スクリーンヒーロー,2004103328,マルバイユ,000a010648,Marju,000a001fb6,社台レースホース,社台ファーム,"5,102.8",2004.0,2000.0,1988.0
2018106559,ダノンティンパニー,牡,中内田充,,ディープインパクト,2002100816,ライトニングパール,000a012fa2,Marju,000a001fb6,ダノックス,三嶋牧場,"5,091.6",2002.0,2009.0,1988.0
2018106282,マッドシェリー,牝,山田質,,ダノンレジェンド,2010110102,ジュトゥヴ,2013103543,エンパイアメーカー,000a010542,大越徹朗,谷口牧場,"5,055.6",2010.0,2013.0,2000.0
2018102172,マイネルマーティン,牡,土田稔,,ハーツクライ,2001103038,マイネヒメル,2009105143,ロージズインメイ,000a010a10,サラブレッドクラブ・ラフィアン,ビッグレッドファーム,"5,051.9",2001.0,2009.0,2000.0
2018106466,タイキフォース,牡,永島太郎,,スピルバーグ,2009105961,アッシュベリー,2009102615,Any Given Saturday,000a0113a0,大樹ファーム,ビクトリーホースランチ,"5,046.8",2009.0,2009.0,2004.0
2018103305,プリモパイソン,牡,内田勝義,,バンブーエール,2003104100,ブラックショコラ,2012106045,サウスヴィグラス,1996110138,大志総合企画,バンブー牧場,"5,036.0",2003.0,2012.0,1996.0
2018101178,サンライズグリット,牡,宮川浩一,,ダイワメジャー,2001103114,テーオールネサンス,2007106698,クロフネ,1998110135,楊明翰,ヤナガワ牧場,"5,036.0",2001.0,2007.0,1998.0
2018105506,スーパーフェイバー,牡,平和人,,Super Saver,000a012d51,ザガールインザットソング,000a013cf1,My Golden Song,000a013be7,酒井孝敏,社台コーポレーション白老ファーム,"5,035.2",2007.0,2011.0,2003.0
2018106451,レイクリエイター,牡,榎屋充,,クリエイターII,000a013630,レインボーローズ,2007100271,アグネスタキオン,1998101516,嶋田亘克,信岡牧場,"5,027.2",2013.0,2007.0,1998.0
2018100700,スカーレットスカイ,牝,岡田稲男,,ディスクリートキャット,000a0113a1,レッドフェザー,2011100561,ディープスカイ,2005101358,ゴドルフィン,ダーレー・ジャパン・ファーム,"5,013.4",2003.0,2011.0,2005.0
2018104291,プレストカイザー,牡,森山広大,,リアルインパクト,2008103244,クルールヴィオラ,2007102093,プリサイスエンド,000a00fe9b,（有）ランドエコノミ,藤川ファーム,"5,009.7",2008.0,2007.0,1997.0
2018101145,アジアノジュンシン,牝,福永敏,,アジアエクスプレス,2011110091,バトルアンコール,2010106247,フジキセキ,1992109618,門別敏朗,門別敏朗,"5,000.9",2011.0,2010.0,1992.0
2018104559,ナリタローゼ,牝,高橋亮,,ダイワメジャー,2001103114,オフジオールドブロック,000a01151d,A.P. Indy,000a001d37,オースミ,社台ファーム,"4,988.0",2001.0,2000.0,1989.0
2018105238,ノワールドゥジェ,牝,宮田敬介,,ハーツクライ,2001103038,プチノワール,2005102710,シングスピール,1992190005,シルクレーシング,ノーザンファーム,"4,983.6",2001.0,2005.0,1992.0
2018105949,エイシンビッグボス,牡,橋本忠明,,トランセンド,2006104736,エーシンジェネシス,2008101293,Medaglia d'Oro,000a010a65,平井克彦,栄進牧場,"4,983.5",2006.0,2008.0,1999.0
2018104553,サジェス,牡,宇都英樹,,オルフェーヴル,2008102636,エメラルドスター,000a013894,Mount Nelson,000a0124b6,清宮義男,社台ファーム,"4,977.0",2008.0,2011.0,2004.0
2018106311,ラヴォラーレ,牡,武市康男,,オールステイ,2011110029,ピアノコンクール,2011103341,フォーティナイナーズサン,000a011227,ローレルレーシング,津島優治,"4,968.7",2011.0,2011.0,2001.0
2018105887,ロンコーネ,牡,中道啓二,,フサイチセブン,2006101225,サマーティアラ,2008104681,マンハッタンカフェ,1998101554,ライオンレースホース,浦河日成牧場,"4,966.0",2006.0,2008.0,1998.0
2018104949,フォイアーロート,牡,中村直也,,リオンディーズ,2013105915,ヴィンテージローズ,2011104128,ゼンノロブロイ,2000101517,吉田勝己,ノーザンファーム,"4,960.6",2013.0,2011.0,2000.0
2018102181,コスモノアゼット,牡,打越勇児,,ロージズインメイ,000a010a10,ミルルーテウス,2004103310,アグネスタキオン,1998101516,（有）ビッグレッドフ,ビッグレッドファーム,"4,958.0",2000.0,2004.0,1998.0
2018104219,ブンブンマル,牡,大塚信次,,ナムラタイタン,2006101408,エイシンドナウ,2011105568,グラスワンダー,1995108676,大黒富美子,橋本牧場,"4,935.7",2006.0,2011.0,1995.0
2018103647,ファイナルキング,牡,佐藤浩一,,サウスヴィグラス,1996110138,ゴールドキャヴィア,2009104875,ゴールドアリュール,1999106689,高橋皖,カタオカステーブル,"4,930.5",1996.0,2009.0,1999.0
2018102669,スズノナデシコ,牝,石坂公一,,ハービンジャー,000a011996,レッドヴィラーゴ,2012104658,ネオユニヴァース,2000101426,小紫嘉之,タガミファーム,"4,929.4",2006.0,2012.0,2000.0
2018104877,スワーヴエルメ,牡,堀宣行,,ドゥラメンテ,2012104511,アイムユアーズ,2009106210,ファルブラヴ,1998190004,ＮＩＣＫＳ,ノーザンファーム,"4,925.3",2012.0,2009.0,1998.0
2018105237,セラフィナイト,牡,藤田弘治,,ルーラーシップ,2007103143,ブロンシェダーム,2011103927,ディープインパクト,2002100816,南條浩輝,ノーザンファーム,"4,923.3",2007.0,2011.0,2002.0
2018100478,ニューフロンティア,牡,真島正徳,,マクフィ,000a011c77,セントフロンティア,2002110236,デインヒル,000a0000d1,平井裕,白井牧場,"4,923.2",2007.0,2002.0,1986.0
2018102290,ブルーカルセドニー,牝,打越勇児,,ディープブリランテ,2009105084,ニシノミーチャン,2006102597,キングカメハメハ,2001103460,（株）ヘルシーウッド,村上欽哉,"4,892.6",2009.0,2006.0,2001.0
2018104534,アスクキングコング,セ,梅田智之,,ロードカナロア,2008103552,ウィケットキーパー,2009105795,アグネスタキオン,1998101516,廣崎利洋ＨＤ,社台ファーム,"4,890.5",2008.0,2009.0,1998.0
2018102956,ワンダースティング,牡,雑賀正光,,マクフィ,000a011c77,ワンダーノンブーレ,2003102207,デヒア,000a0000df,山本能成,米田牧場,"4,880.3",2007.0,2003.0,1991.0
2018102372,ランドボルケーノ,牡,安達昭夫,,ヘニーヒューズ,000a011155,ゴッドダンシング,2006105043,ダンスインザダーク,1993109188,木村昌三,森永聡,"4,866.9",2003.0,2006.0,1993.0
2018105306,インフィナイト,牝,安田隆行,,モーリス,2011100655,モルガナイト,2006103262,アグネスデジタル,1997110025,サンデーレーシング,ノーザンファーム,"4,866.1",2011.0,2006.0,1997.0
2018100439,ノーリス,牡,手塚貴久,,アジアエクスプレス,2011110091,マストバイアイテム,2007105550,アフリート,000a000013,榊原源一郎,下河辺牧場,"4,863.4",2011.0,2007.0,1984.0
2018105021,グルーヴビート,牡,中村直也,,ディープブリランテ,2009105084,グルーヴァー,2011103775,シンボリクリスエス,1999110099,サンデーレーシング,ノーザンファーム,"4,862.0",2009.0,2011.0,1999.0
2018101617,ウインアグライア,牝,和田雄二,,マツリダゴッホ,2003104570,ウインアルテミス,2013110016,Arch,000a0021b7,ウイン,コスモヴューファーム,"4,852.2",2003.0,2013.0,1995.0
2018101322,トゥルーバローズ,セ,打越勇児,,ロードカナロア,2008103552,ヴェルデライト,2008103254,ディープインパクト,2002100816,（株）マフィン,二風谷ファーム,"4,850.5",2008.0,2008.0,2002.0
2018105846,メイショウオキビ,牡,那俄性哲,,トウケイヘイロー,2009101682,ブーケドレーヌ,2003102768,フレンチデピュティ,000a00013a,ファーストビジョン,赤田牧場,"4,819.6",2009.0,2003.0,1992.0
2018110138,サトノムスタング,牡,川島正一,,Mineshaft,000a010545,Mare and Cher,000a017965,Old Fashioned,000a011f17,里見治,Haymarket Farm LLC,"4,817.0",1999.0,2011.0,2006.0
2018106474,タイキフロリゼル,牡,谷潔,,リオンディーズ,2013105915,フロレンティナ,2009106503,クロフネ,1998110135,大樹ファーム,ビクトリーホースランチ,"4,807.4",2013.0,2009.0,1998.0
2018103407,アールバロン,牡,伊藤大士,,モーリス,2011100655,バージニアキャット,2008110103,Bluegrass Cat,000a01173d,前原敏行,吉田ファーム,"4,794.9",2011.0,2008.0,2003.0
2018103160,ワンダーイチョウ,牡,雑賀正光,,ワンダーアキュート,2006106794,ワンダーテルヌーラ,2010101572,ケイムホーム,000a0108d1,山本能成,高昭牧場,"4,785.5",2006.0,2010.0,1999.0
2018106389,メイショウツツジ,牝,木原一良,,エイシンフラッシュ,2007102951,メイショウアキシノ,2009100613,デュランダル,1999106756,松本好雄,富田牧場,"4,784.3",2007.0,2009.0,1999.0
2018102938,ピュアジャッジ,セ,清水久詞,,ホッコータルマエ,2009100921,ピュアアイズ,2010101737,ネオユニヴァース,2000101426,山際牧場,山際牧場,"4,783.6",2009.0,2010.0,2000.0
2018105505,サンタグラシア,牝,鹿戸雄一,,オルフェーヴル,2008102636,サンタエヴィータ,2011103572,Smart Strike,000a00211c,社台レースホース,社台コーポレーション白老ファーム,"4,779.9",2008.0,2011.0,1992.0
2018103391,フォレストキャット,牝,野中賢二,,スマートファルコン,2005100097,キティ,2006100649,Northern Afleet,000a010a96,武田茂男,山下恭茂,"4,770.5",2005.0,2006.0,1993.0
2018104310,アルバミノル,牡,水野善太,,Bobby's Kitten,000a013dc5,アラピンタ,000a013e35,Medicean,000a010a19,伊藤とみ枝,フジワラファーム,"4,751.3",2011.0,2014.0,1997.0
2018105033,レヴェッツァ,セ,斉藤崇史,,ドゥラメンテ,2012104511,コンヴィクションII,000a013235,City Banker,000a0131ff,早野誠,ノーザンファーム,"4,742.3",2012.0,2011.0,2005.0
2018102047,マリーナ,牝,矢作芳人,,キズナ,2010105827,ザナ,2008110037,Galileo,000a00232b,三浦大輔,ノースヒルズ,"4,742.3",2010.0,2008.0,1998.0
2018104663,タウゼントシェーン,牝,小林真也,,ディープインパクト,2002100816,ターフローズ,000a011870,Big Shuffle,000a010a77,社台レースホース,社台ファーム,"4,733.2",2002.0,2004.0,1984.0
2018105908,カサデガ,牡,戸部尚実,,ブラックタイド,2001103312,エイシンサンタフェ,2012110075,Zensational,000a0119b2,杉浦和也,栄進牧場,"4,702.6",2001.0,2012.0,2006.0
2018102173,ヒットザシーン,牝,畠山吉宏,,スクリーンヒーロー,2004103328,マイネプリンセス,2006104862,アグネスデジタル,1997110025,サラブレッドクラブ・ラフィアン,ビッグレッドファーム,"4,701.0",2004.0,2006.0,1997.0
2018105067,ゴールドチャリス,牝,武幸四郎,,トゥザワールド,2011103975,シルバーチャリス,000a010c8c,Rainbow Quest,000a001b4d,フィールドレーシング,ノーザンファーム,"4,685.5",2011.0,2001.0,1981.0
2018105187,ブレーヴジャッカル,セ,長谷川浩,,ダイワメジャー,2001103114,パーシステントリー,000a011b0f,Smoke Glacken,000a00222c,シルクレーシング,ノーザンファーム,"4,680.0",2001.0,2006.0,1994.0
2018103508,ウワサノシブコ,牝,佐久間雅,,アイルハヴアナザー,000a011ed3,スマートシンパシー,2004105307,ダンスインザダーク,1993109188,上野耕一,岡田スタッド,"4,675.0",2009.0,2004.0,1993.0
2018103084,カバーガール,牝,清水久詞,,ダイワメジャー,2001103114,ショウナンカラット,2007102038,ブライアンズタイム,000a000082,石川達絵,桑田牧場,"4,670.4",2001.0,2007.0,1985.0
2018106035,コスモコラッジョ,牡,土井道隆,,シンボリクリスエス,1999110099,マイネフェリックス,2007104909,アグネスデジタル,1997110025,（有）ビッグレッドフ,金石牧場,"4,652.1",1999.0,2007.0,1997.0
2018100097,スマートルシーダ,牡,東田明士,,ディープインパクト,2002100816,レジェトウショウ,2006101287,キングヘイロー,1995104427,大川徹,いとう牧場,"4,648.2",2002.0,2006.0,1995.0
2018100185,バライロノキセキ,牝,中竹和也,,キンシャサノキセキ,2003110212,クルザダアメリカーナ,000a0117cc,Nedawi,000a0116fe,岡浩二,オリオンファーム,"4,645.0",2003.0,2004.0,1995.0
2018105339,サルビア,牝,鈴木孝志,,ダイワメジャー,2001103114,リップスポイズン,000a011d98,Mamool,000a011cde,岡浩二,ノーザンファーム,"4,644.9",2001.0,2008.0,1999.0
2018105086,シテフローラル,セ,堀宣行,,ディープインパクト,2002100816,ジョコンダII,000a011cf6,Rossini,000a0119ba,金子真人ホールディングス,ノーザンファーム,"4,623.1",2002.0,2003.0,1997.0
2018103388,ゴイゴイスー,牡,中尾秀正,,ホッコータルマエ,2009100921,ミヤジガンバレ,2009101361,ファスリエフ,000a00fc4c,山下良子,村中牧場,"4,612.0",2009.0,2009.0,1997.0
2018106154,エスコバル,セ,高橋文雅,,モーリス,2011100655,スマッシュハート,2011105753,キングカメハメハ,2001103460,吉田和美,酒井牧場,"4,607.8",2011.0,2011.0,2001.0
2018105844,セルフメイド,牡,田中守,,サウスヴィグラス,1996110138,ジョリファム,2010103607,スペシャルウィーク,1995103211,石瀬浩三,赤田牧場,"4,601.0",1996.0,2010.0,1995.0
2018101642,ウインミニヨン,牝,長谷川浩,,ダノンシャンティ,2007105709,ヒカルラブリーアイ,2000101123,ブライアンズタイム,000a000082,ウイン,コスモヴューファーム,"4,596.7",2007.0,2000.0,1985.0
2018100390,サンライズゴラッソ,牡,河内洋,,エピファネイア,2010104155,ケトルワンアップ,000a012505,Victory Gallop,000a0022d4,松岡隆雄,下河辺牧場,"4,591.0",2010.0,2003.0,1995.0
2018106764,チャンプタイガー,牡,真島大輔,,ロージズインメイ,000a010a10,スーパースター,2011105504,デュランダル,1999106756,松本朋治,川上悦夫,"4,587.5",2000.0,2011.0,1999.0
2018100967,アスカノミライ,牡,宮地貴稔,,リオンディーズ,2013105915,ロトクルーザー,2012101831,クロフネ,1998110135,豊田智郎,広富牧場,"4,584.1",2013.0,2012.0,1998.0
2018104712,レイオブウォーター,牡,稲垣幸雄,,ディープインパクト,2002100816,ノーブルジュエリー,2008110008,Smarty Jones,000a01053e,大塚亮一,社台ファーム,"4,578.8",2002.0,2008.0,2001.0
2018100474,ナリタフォルテ,牡,木原一良,,ベルシャザール,2008103004,オースミリンド,1996104713,Woodman,000a001beb,オースミ,白井牧場,"4,571.8",2008.0,1996.0,1983.0
2018102953,テリオスルイ,牡,松下武士,,ジャングルポケット,1998101786,モモイロアゲハ,2010106387,ダンスインザダーク,1993109188,鈴木美江子,米田牧場,"4,545.7",1998.0,2010.0,1993.0
2018105814,マケルナマサムネ,牡,畑端省吾,,ディープブリランテ,2009105084,ナオミノユメ,2009106131,ジャングルポケット,1998101786,塩澤正樹,レイクヴィラファーム,"4,537.5",2009.0,2009.0,1998.0
2018104696,タイニーロマンス,牝,金成貴史,,ノヴェリスト,000a012230,トリプレックス,1999106801,サンデーサイレンス,000a00033a,吉田千津,社台ファーム,"4,533.2",2009.0,1999.0,1986.0
2018100774,メガゴールド,牡,川西毅,,ゴールドシップ,2009102739,ウッドシップ,2008105827,クロフネ,1998110135,小林英一ホールディングス,出口牧場,"4,521.5",2009.0,2008.0,1998.0
2018106621,メイショウアルト,牡,高橋亮,,メイショウサムソン,2003102205,メイショウモーレン,2009106319,ステイゴールド,1994108729,松本好雄,本巣敦,"4,511.9",2003.0,2009.0,1994.0
2018106502,ムジック,牝,平田正一,,アイルハヴアナザー,000a011ed3,ウォータームージカ,2009100779,フレンチデピュティ,000a00013a,三嶋昌春,三嶋牧場,"4,506.0",2009.0,2009.0,1992.0
2018104976,マジカルステージ,牝,須貝尚介,,モーリス,2011100655,オツウ,2010104221,ハーツクライ,2001103038,大和屋暁,ノーザンファーム,"4,506.0",2011.0,2010.0,2001.0
2018104885,アスコルターレ,牡,西村真幸,,ドゥラメンテ,2012104511,アスコルティ,2011104104,Danehill Dancer,000a002309,サンデーレーシング,ノーザンファーム,"4,502.0",2012.0,2011.0,1993.0
2018101467,パールプレミア,牝,新子雅司,,エスポワールシチー,2005102837,アルマエルモ,2012100073,クロフネ,1998110135,近藤洋司,イワミ牧場,"4,500.5",2005.0,2012.0,1998.0
2018105161,テンバガー,牡,藤岡健一,,モーリス,2011100655,トップセラー,2002100946,スペシャルウィーク,1995103211,Ｇ１レーシング,ノーザンファーム,"4,492.7",2011.0,2002.0,1995.0
2018102454,ラグラスドシエル,牝,工藤真司,,シニスターミニスター,000a011099,センノメグミ,2009101845,キングカメハメハ,2001103460,ＫＡＪＩＭＯＴＯホールディングス,小河豊水,"4,491.5",2003.0,2009.0,2001.0
2018105317,キミワテル,牡,武藤善則,,アジアエクスプレス,2011110091,ラインダール,2013105968,クロフネ,1998110135,浦邊輝實,ノーザンファーム,"4,489.2",2011.0,2013.0,1998.0
2018105495,パロットビーク,牝,西園翔太,,ハーツクライ,2001103038,クリアンサス,2008102710,Redoute's Choice,000a00fe93,社台レースホース,社台コーポレーション白老ファーム,"4,488.9",2001.0,2008.0,1996.0
2018101498,ラブリークイーン,牝,福田真広,,ラブリーデイ,2010104298,マリントウショウ,2009103935,キャプテンスティーヴ,000a000d9d,酒井孝敏,大狩部牧場,"4,469.7",2010.0,2009.0,1997.0
2018102743,シェナキング,牡,山口浩幸,,ベルシャザール,2008103004,メデタイメデタイ,2006106434,クロフネ,1998110135,冨田藤男,沼田照秋,"4,466.4",2008.0,2006.0,1998.0
2018102000,ユイノチャッキー,牡,竹内正洋,,ディープスカイ,2005101358,マンイーター,2008105787,タイキシャトル,1994109686,由井健太郎,新冠橋本牧場,"4,452.1",2005.0,2008.0,1994.0
2018105274,アンダープロット,セ,加藤征弘,,ハーツクライ,2001103038,マチカネタマカズラ,2003110090,Kingmambo,000a001d7e,シルクレーシング,ノーザンファーム,"4,451.8",2001.0,2003.0,1990.0
2018102649,タツリュウオー,牝,藤野健太,,エイシンヒカリ,2011101273,フォワードカール,2011104109,ゼンノロブロイ,2000101517,しょうじ,城地牧場,"4,441.2",2011.0,2011.0,2000.0
2018105774,ウォーロード,牡,和田勇介,,ヴァンセンヌ,2009106525,アールヌーヴォー,2004104690,ブライアンズタイム,000a000082,プレミアムレースホース,橋本牧場,"4,439.5",2009.0,2004.0,1985.0
2018110045,ショックアクション,牡,大久保龍,,Gleneagles,000a0128fa,Reset In Blue,000a014923,Fastnet Rock,000a010601,ゴドルフィン,Scuderia Effevi Srl & Dioscuri Srl,"4,428.5",2012.0,2012.0,2001.0
2018102148,マイネルダグラス,牡,中川竜馬,,スクリーンヒーロー,2004103328,マイネアルデュール,2005105499,アドマイヤコジーン,1996106512,豊島愛子,ビッグレッドファーム,"4,423.2",2004.0,2005.0,1996.0
2018101730,スイーツマジック,牝,佐藤吉勝,,コパノリチャード,2010106552,ハミングトップ,2004100392,リンドシェーバー,1988107894,スピードファーム,スピードファーム,"4,422.9",2010.0,2004.0,1988.0
2018105367,ルージュメサージュ,牝,斉藤崇史,,スピルバーグ,2009105961,レッドメデューサ,2009110039,Mr. Greeley,000a00213e,東京ホースレーシング,ノーザンファーム,"4,409.2",2009.0,2009.0,1992.0
2018110004,エリザベスタワー,牝,高野友和,,Kingman,000a0124ab,ターフドンナ,000a014350,Doyen,000a010533,社台レースホース,Shadai Farm,"4,404.0",2011.0,2012.0,2000.0
2018101214,アラゴナイト,牝,池田忠好,,モンテロッソ,000a011b05,ドレスアップ,2012100952,スウェプトオーヴァーボード,000a00fa34,重松国建,横井哲,"4,387.7",2007.0,2012.0,1997.0
2018102216,ロンギングバース,セ,工藤裕孝,,ラブリーデイ,2010104298,ロンギングシャネル,2010104187,ネオユニヴァース,2000101426,小笠原岳,細川農場,"4,366.6",2010.0,2010.0,2000.0
2018102365,カイトゲニー,牝,和田雄二,,カレンブラックヒル,2009106230,シルクヴィーナス,2006104639,ティンバーカントリー,000a00035e,本田恒雄,森牧場,"4,363.9",2009.0,2006.0,1992.0
2018105047,ホウオウサンデー,牡,井上智史,,キングカメハメハ,2001103460,サンデースマイルII,000a01165a,サンデーサイレンス,000a00033a,小笹芳央,ノーザンファーム,"4,355.4",2001.0,2003.0,1986.0
2018190001,ビクターザウィナー,セ,シャム,,Toronado,000a014fff,Noetic,000a01fb58,Cape Cross,000a0022ae,Ｙ．チュウ,Mr.A Sangster,"4,354.0",2010.0,2007.0,1994.0
2018102943,タイソウ,牡,西園正都,,モーリス,2011100655,セラミックガール,2010104017,ダイワメジャー,2001103114,中辻明,山野牧場,"4,338.7",2011.0,2010.0,2001.0
2018105833,アルメイダミノル,牡,北出成人,,ルーラーシップ,2007103143,メジロマリアン,2006102668,メジロベイリー,1998101457,吉岡輝美,レイクヴィラファーム,"4,335.9",2007.0,2006.0,1998.0
2018103150,レイニーデイ,牡,田村康仁,,ジャスタウェイ,2009106461,マスターチアフル,2006100383,ボストンハーバー,000a00007c,大塚亮一,高昭牧場,"4,330.1",2009.0,2006.0,1994.0
2018104392,グリュースゴット,セ,雑賀正光,,ヘニーヒューズ,000a011155,ラブフール,2007103423,ゼンノロブロイ,2000101517,小林竜太郎,へいはた牧場,"4,327.0",2003.0,2007.0,2000.0
2018103195,ハイラブハンター,牡,谷潔,,メイショウサムソン,2003102205,エスケイミネルバ,2012105938,メイショウボーラー,2001100650,服部新平,鮫川ファーム,"4,321.4",2003.0,2012.0,2001.0
2018102149,イザニコス,牝,和田正一,,スクリーンヒーロー,2004103328,マイネアルナイル,2009105140,ロージズインメイ,000a010a10,サラブレッドクラブ・ラフィアン,ビッグレッドファーム,"4,313.3",2004.0,2009.0,2000.0
2018103913,トミケンシャイリ,牡,目迫大輔,,ブラックタイド,2001103312,クインズアダマン,2012103025,チチカステナンゴ,000a011135,（株）ファーストビジ,タイヘイ牧場,"4,305.8",2001.0,2012.0,1998.0
2018106144,レオカクテル,牡,萱野浩二,,タイムパラドックス,1998101683,レオフォーレンス,2001100334,フジキセキ,1992109618,レオ,江谷牧場,"4,304.0",1998.0,2001.0,1992.0
2018102009,ヤマニンデンファレ,牝,辻哲英,,ローエングリン,1999106738,ヤマニンアドーレ,2010105803,ダイワメジャー,2001103114,土井肇,錦岡牧場,"4,297.2",1999.0,2010.0,2001.0
2018103618,クローリスノキセキ,牝,西田雄一,,キンシャサノキセキ,2003110212,レディクローリス,2001106264,フォーティナイナー,000a000134,嶋田賢,岡田牧場,"4,290.0",2003.0,2001.0,1985.0
2018104757,ジュノー,セ,田中勝春,,Dark Angel,000a0122b4,ブギーダモーレ,000a013e72,Rail Link,000a010d4a,金子真人ホールディングス,社台ファーム,"4,285.9",2005.0,2009.0,2003.0
2018103138,ノボベルサイユ,牝,山崎裕也,,リオンディーズ,2013105915,ノボプレシャス,2009101099,ゴールドアリュール,1999106689,渡辺孝祐,高昭牧場,"4,251.0",2013.0,2009.0,1999.0
2018100595,メイショウホオズキ,牝,高柳瑞樹,,キンシャサノキセキ,2003110212,メイショウシオギリ,2004105766,メイショウドトウ,1996110113,松本好雄,高柳隆男,"4,248.6",2003.0,2004.0,1996.0
2018101354,パストーソ,牡,田嶋弘幸,,フリオーソ,2004106867,スイートリリック,2010105284,ダイワメジャー,2001103114,小橋亮太,坂東牧場,"4,239.5",2004.0,2010.0,2001.0
2018102832,ゲンパチムサシ,牡,佐々木晶,,ドゥラメンテ,2012104511,ティアランドール,2007110025,Action This Day,000a010ab3,平野武志,前田ファーム,"4,236.4",2012.0,2007.0,2001.0
2018103705,サイファーシチー,牡,保利良平,,スズカコーズウェイ,2004104345,アイシークレット,2007100290,ゴールドアリュール,1999106689,小川智史,グランド牧場,"4,226.1",2004.0,2007.0,1999.0
2018104395,ボーンジーニアス,牡,村上頼章,,ナカヤマフェスタ,2006102424,キズナII,000a012e2b,Hurricane Run,000a01189d,和泉憲一,北洋牧場,"4,210.6",2006.0,2010.0,2002.0
2018101681,イッツソーラッド,牡,荒山勝徳,,ハイアーゲーム,2001103160,オオカリベクイン,2010105541,フサイチレオン,2004102901,池田草龍,渋谷一郎,"4,204.6",2001.0,2010.0,2004.0
2018105418,フォルテデイマルミ,牡,須貝尚介,,オルフェーヴル,2008102636,シーフロント,000a013886,Le Havre,000a01198f,金子真人ホールディングス,追分ファーム,"4,204.0",2008.0,2011.0,2006.0
2018103102,ケンハービンジャー,牡,本田優,,ハービンジャー,000a011996,ラフレッシュブルー,2005104976,グラスワンダー,1995108676,ケンブリッジバレー,ケンブリッジバレー,"4,202.5",2006.0,2005.0,1995.0
2018101596,フェブキラナ,セ,大島静夫,,カジノドライヴ,2005110112,フェブノヘア,2011103406,ヨハネスブルグ,000a0103b9,釘田義広,小泉牧場,"4,196.5",2005.0,2011.0,1999.0
2018102831,ジャストザビアンカ,牝,牧浦充徳,,ディープブリランテ,2009105084,ジャストザハピネス,2009105753,ハーツクライ,2001103038,ジャスト・タイムクラブ,前田ファーム,"4,195.1",2009.0,2009.0,2001.0
2018103395,ベニスビーチ,牝,中川雅之,,ノボジャック,1997110152,ロスグラシアレス,2007101072,シンボリクリスエス,1999110099,吉田勝利,山下恭茂,"4,193.3",1997.0,2007.0,1999.0
2018103149,メイショウヨシテル,牡,安達昭夫,,パイロ,000a01176a,ホッコーユニバース,2010102064,アグネスタキオン,1998101516,松本好隆,高昭牧場,"4,187.3",2005.0,2010.0,1998.0
2018103641,ロードオブザチェコ,牡,櫻田康二,,ストロングリターン,2006102934,リアンローズ,2008104647,スターリングローズ,1997106560,谷脇智恵子,織田正敏,"4,187.1",2006.0,2008.0,1997.0
2018106471,ブルースコード,牡,佐々木国,,ミッキーアイル,2011103916,タイキグラミー,2010105073,フレンチデピュティ,000a00013a,（有）ビクトリーホー,ビクトリーホースランチ,"4,186.1",2011.0,2010.0,1992.0
2018101704,サハラヴァンクール,牡,宮川浩一,,パイロ,000a01176a,ビクトリーレディー,2006104710,ネオユニヴァース,2000101426,楊明翰,シンユウファーム,"4,164.5",2005.0,2006.0,2000.0
2018103029,カンリンポチェ,牡,田村康仁,,ホッコータルマエ,2009100921,レゾリューション,2004103409,カリズマティック,000a00fa33,窪田芳郎,大島牧場,"4,163.4",2009.0,2004.0,1996.0
2018110097,ルーチェット,牝,松永幹夫,,キズナ,2010105827,アムールブリエ,2011110023,Smart Strike,000a00211c,前田幸治,North Hills Co. Ltd,"4,159.1",2010.0,2011.0,1992.0
2018100545,トーホウバロン,牡,石坂公一,,キングカメハメハ,2001103460,スイートマトルーフ,2006109266,スペシャルウィーク,1995103211,東豊物産,シンボリ牧場,"4,157.2",2001.0,2006.0,1995.0
2018102035,イリマ,牝,高橋亮,,キズナ,2010105827,ヴェントス,2010104475,ウォーエンブレム,000a00fa35,前田幸治,ノースヒルズ,"4,157.1",2010.0,2010.0,1999.0
2018103739,ビリーヴインミー,牝,米谷康秀,,サウスヴィグラス,1996110138,ファイトソング,2004104322,アサティス,1985109002,組）ＷｉｎｎｉｎｇＨ,グランド牧場,"4,150.5",1996.0,2004.0,1985.0
2018105117,カズロレアート,牡,倉富隆一,,スピルバーグ,2009105961,センティナリー,2010104161,フレンチデピュティ,000a00013a,嶋田亘克,ノーザンファーム,"4,148.4",2009.0,2010.0,1992.0
2018104850,テーオーソロス,牡,宮徹,,ノヴェリスト,000a012230,レインダンス,2004103345,ダンスインザダーク,1993109188,小笹公也,社台ファーム,"4,147.7",2009.0,2004.0,1993.0
2018105420,スキャッターシード,牝,斎藤誠,,Uncle Mo,000a011ffb,スキャットレディビーダンシング,000a013db4,Scat Daddy,000a0114fe,Ｇ１レーシング,追分ファーム,"4,144.8",2008.0,2012.0,2004.0
2018103018,トーホウボルツ,牡,佐々木仁,,ワールドエース,2009106353,レディークライスト,2004102125,Holy Bull,000a000180,小林篤,王蔵牧場,"4,133.0",2009.0,2004.0,1991.0
2018101370,ビシャモンテン,牡,荒井朋弘,,パイロ,000a01176a,マーキークラブ,2013106028,クロフネ,1998110135,大田恭充,坂東牧場,"4,129.0",2005.0,2013.0,1998.0
2018105711,レッドロワ,セ,木村哲也,,ディープインパクト,2002100816,プラヤデシエルタ,000a01379c,Orpen,000a002326,東京ホースレーシング,社台牧場,"4,119.2",2002.0,2011.0,1996.0
2018104525,ポルタフォリオ,牡,角田晃一,,ハーツクライ,2001103038,アンリミテッドバジェット,000a012946,ストリートセンス,000a0113a2,吉田照哉,社台ファーム,"4,115.6",2001.0,2010.0,2004.0
2018104841,リリーブライト,牡,西田雄一,,ハーツクライ,2001103038,リリーアメリカ,000a0120ee,American Post,000a011997,グリーンファーム,社台ファーム,"4,108.6",2001.0,2009.0,2001.0
2018100025,シゲルカチョウ,牝,高橋康之,,マクフィ,000a011c77,ジーニマジック,2010100157,ダイワメジャー,2001103114,關美和,天羽牧場,"4,102.6",2007.0,2010.0,2001.0
2018106435,キープイットシンポ,牝,西川敏弘,,エスケンデレヤ,000a012cc0,イットーエンプレス,2012100926,エンパイアメーカー,000a010542,ウエスト．フォレスト．ステイブル,日本中央競馬会日高育成牧場,"4,102.4",2007.0,2012.0,2000.0
2018102176,エレフセリア,牝,武藤善則,,アンライバルド,2006103308,マイネリベルタス,2011105180,コンデュイット,2005190006,サラブレッドクラブ・ラフィアン,ビッグレッドファーム,"4,094.9",2006.0,2011.0,2005.0
2018103730,タイセイドリーマー,牡,後藤佑耶,,ハーツクライ,2001103038,ドリームライター,000a012f82,Tale of the Cat,000a002276,関根渉,グランド牧場,"4,090.4",2001.0,2009.0,1994.0
2018101189,テーオーラフィット,牝,上村洋行,,リオンディーズ,2013105915,マキシムカフェ,2007106200,マンハッタンカフェ,1998101554,小笹公也,ヤナガワ牧場,"4,089.9",2013.0,2007.0,1998.0
2018105408,シンシアリダーリン,牝,上村洋行,,ドリームジャーニー,2004102753,オネストリーダーリン,000a010e86,Kingmambo,000a001d7e,Ｇ１レーシング,追分ファーム,"4,089.5",2004.0,1998.0,1990.0
2018104403,スズカトップバゴ,セ,吉村圭司,,バゴ,2001190004,マイネマリアンヌ,2009105127,ダイワメジャー,2001103114,永井啓弍,真歌田中牧場,"4,085.2",2001.0,2009.0,2001.0
2018105860,メイショウフジタカ,牡,飯田祐史,,メイショウサムソン,2003102205,メイショウユウダチ,2010104593,メイショウボーラー,2001100650,松本好隆,磯野牧場,"4,080.9",2003.0,2010.0,2001.0
2018101817,アイスマン,牡,迫田清美,,スウェプトオーヴァーボード,000a00fa34,ラプザントゥール,2011104558,キングカメハメハ,2001103460,（同）ＪＰＮ技研,大作ステーブル,"4,074.0",1997.0,2011.0,2001.0
2018104145,ゲンパチフォルツァ,牡,阪本一栄,,ヘニーヒューズ,000a011155,アイラブリリ,2009103971,ストラヴィンスキー,000a00fa41,平野武志,飛野牧場,"4,068.0",2003.0,2009.0,1996.0
2018103359,サイレントギフト,牡,阪本一栄,,サウスヴィグラス,1996110138,ジュヴァンクル,2011103378,ゴールドアリュール,1999106689,金石守,丸村村下ファーム,"4,063.5",1996.0,2011.0,1999.0
2018103133,ティアップリオン,牡,奥平雅士,,リオンディーズ,2013105915,ティアップレーヴ,2010100275,クロフネ,1998110135,田中昇,高昭牧場,"4,060.2",2013.0,2010.0,1998.0
2018100960,プレイイットサム,牡,藤岡健一,,クロフネ,1998110135,ナリタカサブランカ,2008103667,ディープインパクト,2002100816,ゴドルフィン,広富牧場,"4,056.8",1998.0,2008.0,2002.0
2018100406,ヴィントミューレ,セ,後藤佑耶,,オルフェーヴル,2008102636,ストーミーレニー,000a0122d7,Storm Cat,000a001a98,豊原純弥,下河辺牧場,"4,055.2",2008.0,2005.0,1983.0
2018106492,メイショウキリモン,牡,荒川義之,,マジェスティックウォリアー,000a011e9c,ピエナサクラ,2010105126,アグネスタキオン,1998101516,松本好雄,まるとみ冨岡牧場,"4,050.0",2005.0,2010.0,1998.0
2018103917,マカベウス,牡,佐藤祐司,,ゼンノロブロイ,2000101517,ショウリダバンザイ,2007106452,プリサイスエンド,000a00fe9b,ＫＡＪＩＭＯＴＯホールディングス,タイヘイ牧場,"4,047.9",2000.0,2007.0,1997.0
2018101924,フォレスタ,牝,嘉藤貴行,,ヴァンセンヌ,2009106525,オペラアイ,2000104483,オペラハウス,000a000d77,ビッグレッドファーム,長浜秀昭,"4,047.2",2009.0,2000.0,1988.0
2018104603,スーパーホープ,牡,遠藤茂,,キズナ,2010105827,ケンホープ,000a012e7d,Kendargent,000a0126fd,（株）バストアップコ,社台ファーム,"4,042.4",2010.0,2010.0,2003.0
2018106603,ネクストストーリー,牝,中川公成,,ジョーカプチーノ,2006100529,パドブレ,2006102113,ホワイトマズル,1990109700,ミルファーム,ミルファーム,"4,028.6",2006.0,2006.0,1990.0
2018101964,アルムファーツリー,牝,川村禎彦,,エピファネイア,2010104155,チャーリーズ,2012100509,キングカメハメハ,2001103460,崎川美枝子,新冠タガノファーム,"4,025.4",2010.0,2012.0,2001.0
2018104477,ヴィトーリア,牡,武英智,,ドゥラメンテ,2012104511,スターズインハーアイズ,000a00fe59,Woodman,000a001beb,寺田寿男,矢野牧場,"4,023.0",2012.0,1999.0,1983.0
2018106391,メイショウイジゲン,牡,櫻田康二,,クリエイターII,000a013630,メイショウジェーン,2009100614,アグネスタキオン,1998101516,谷崎森吾,富田牧場,"4,012.9",2013.0,2009.0,1998.0
2018100808,アラモードバイオ,牡,山崎尋美,,グラスワンダー,1995108676,エスカレートバイオ,2013101113,アルデバランII,000a010541,バイオ（株）,中館牧場,"4,000.5",1995.0,2013.0,1998.0
2018105874,ルルローズ,牝,伊藤大士,,トゥザグローリー,2007103265,オードリーローズ,2003101714,ブライアンズタイム,000a000082,的場徹,浦河小林牧場,"3,997.4",2007.0,2003.0,1985.0
2018105544,ホワイトクロウ,セ,矢野英一,,ヘニーヒューズ,000a011155,ピエリーナ,2011103644,チチカステナンゴ,000a011135,キャロットファーム,社台コーポレーション白老ファーム,"3,990.0",2003.0,2011.0,1998.0
2018102091,ウルトラソニック,牡,中尾秀正,,ドゥラメンテ,2012104511,パールブロッサム,2009102974,アドマイヤドン,1999107052,中野義一,ハシモトファーム,"3,989.7",2012.0,2009.0,1999.0
2018105258,バンベルク,牡,小林真也,,エピファネイア,2010104155,ペルレンケッテ,2008103309,ディープインパクト,2002100816,キャロットファーム,ノーザンファーム,"3,987.0",2010.0,2008.0,2002.0
2018100074,マイネルタイムリー,牡,東眞市,,アイルハヴアナザー,000a011ed3,マイネグラティア,2011106369,ネオユニヴァース,2000101426,（株）サラブレッドク,荒井ファーム,"3,984.4",2009.0,2011.0,2000.0
2018100219,ショウリノカンパイ,牝,村田一誠,,ディープブリランテ,2009105084,ショウリノウタゲ,2010100331,プリサイスエンド,000a00fe9b,平井裕,川端正博,"3,984.1",2009.0,2010.0,1997.0
2018106002,メイショウミズモ,牝,笹田和秀,,ダノンレジェンド,2010110102,フェルガーナ,2005106646,アグネスタキオン,1998101516,松本好雄,岡部牧場,"3,982.0",2010.0,2005.0,1998.0
2018104433,リーチアディール,牡,雑賀正光,,リーチザクラウン,2006102923,サミーカラー,2002105330,オペラハウス,000a000d77,山本将司,増本牧場,"3,980.0",2006.0,2002.0,1988.0
2018104129,シューラヴァラ,牡,中川竜馬,,ルーラーシップ,2007103143,モーニングコール,2010102996,ブライアンズタイム,000a000082,豊島愛子,千代田牧場,"3,974.4",2007.0,2010.0,1985.0
2018104875,スパークル,牝,中内田充,,エピファネイア,2010104155,アイズオンリー,2010104010,ネオユニヴァース,2000101426,Ｒ．アンダーソン,ノーザンファーム,"3,969.6",2010.0,2010.0,2000.0
2018102753,オルトスラッガー,牡,井上弘之,,フリオーソ,2004106867,アルドラ,2009103980,マイネルラヴ,1995108558,寺嶋博史,原口牧場,"3,969.5",2004.0,2009.0,1995.0
2018102247,シゲルヒラトリ,牡,水野貴広,,アジアエクスプレス,2011110091,シーアクトレス,2008105035,ネオユニヴァース,2000101426,關美和,松本信行,"3,969.0",2011.0,2008.0,2000.0
2018100173,ラインオブフェイト,牝,新井清重,,ディスクリートキャット,000a0113a1,ハンドオブフェイト,000a0114aa,ジェイドロバリー,000a0001a7,ＹＧＧホースクラブ,奥山博,"3,964.2",2003.0,2004.0,1987.0
2018104196,タイセイコマンド,牡,青木孝文,,バトルプラン,000a0118e8,ブルーブルチャンネ,2006101388,ステイゴールド,1994108729,田中成奉,西村牧場,"3,962.9",2005.0,2006.0,1994.0
2018104336,チサット,牡,佐宗応和,,スマートファルコン,2005100097,ネフェルメモリー,2006104007,アジュディケーティング,000a000d5d,木谷ツヤ,フジワラファーム,"3,952.5",2005.0,2006.0,1987.0
2018105798,スズカキンシャサ,牡,上村洋行,,キンシャサノキセキ,2003110212,マルクプレンヌ,2011103643,シンボリクリスエス,1999110099,永井啓弍,ユートピア牧場,"3,952.1",2003.0,2011.0,1999.0
2018100654,シーニックウェイ,牝,林徹,,ハーツクライ,2001103038,オーシャンウェイ,000a0123e0,Street Cry,000a0103ba,ゴドルフィン,ダーレー・ジャパン・ファーム,"3,950.2",2001.0,2008.0,1998.0
2018101832,ヴァヴィロフ,牡,原口次夫,,トゥザワールド,2011103975,ローズドサハラ,2005100908,フォーティナイナー,000a000134,（同）ＪＰＮ技研,対馬正,"3,944.5",2011.0,2005.0,1985.0
2018105428,トラウンシュタイン,牡,奥村豊,,オルフェーヴル,2008102636,トラウム,2011110055,Dansili,000a010a5f,Ｇ１レーシング,追分ファーム,"3,929.2",2008.0,2011.0,1996.0
2018100186,タイセイマーベル,牡,池上昌和,,スクリーンヒーロー,2004103328,ナショナルホリデー,2004103244,ダンスインザダーク,1993109188,田中成奉,オリオンファーム,"3,929.0",2004.0,2004.0,1993.0
2018100719,タケルジャック,牡,辻哲英,,ブラックタイド,2001103312,セレブデート,2012103741,キングカメハメハ,2001103460,森保彦,チャンピオンズファーム,"3,927.8",2001.0,2012.0,2001.0
2018101245,ペイシャクェーサー,牝,蛯名利弘,,フリオーソ,2004106867,スズカクエーサー,2008106303,ジャングルポケット,1998101786,北所直人,赤石牧場,"3,925.6",2004.0,2008.0,1998.0
2018100530,スイートクラウン,牝,石毛善彦,,リーチザクラウン,2006102923,キャプテンガール,2010109015,キャプテンスティーヴ,000a000d9d,シンボリ牧場,シンボリ牧場,"3,916.2",2006.0,2010.0,1997.0
2018105647,トーセンニック,牡,田村康仁,,トーセンファントム,2007102870,トーセンアルニカ,2010100233,メイショウサムソン,2003102205,島川隆哉,エスティファーム,"3,915.0",2007.0,2010.0,2003.0
2018103738,ミラバーグマン,牝,西村真幸,,サウスヴィグラス,1996110138,ピッチシフター,2010102639,スズカマンボ,2001103890,宮崎俊也,グランド牧場,"3,911.6",1996.0,2010.0,2001.0
2018106285,マーチリリー,牝,朝倉実,,マジェスティックウォリアー,000a011e9c,フミノアマゾン,2009100552,フジキセキ,1992109618,手嶋美季,谷口牧場,"3,909.2",2005.0,2009.0,1992.0
2018102902,スギノマジェスティ,牡,西川敏弘,,マジェスティックウォリアー,000a011e9c,シャイニングピアス,2001101389,ブライアンズタイム,000a000082,酒井孝敏,明治牧場,"3,907.4",2005.0,2001.0,1985.0
2018102394,ロイヤルダンス,牡,清水英克,,ガルボ,2007101163,ブセナ,2011106471,マイネルセレクト,1999107196,大脇佑樹,山岡ファーム,"3,897.0",2007.0,2011.0,1999.0
2018102985,アオイゴールド,牝,和田雄二,,ゴールドシップ,2009102739,ボンビバン,2007105701,Red Ransom,000a001c68,鈴木照雄,市川ファーム,"3,896.9",2009.0,2007.0,1987.0
2018105763,アズユーフィール,牡,坂本和也,,ベルシャザール,2008103004,フィールザライト,2008102486,ファンタスティックライト,1996190005,（株）ビープロジェク,平岡牧場,"3,877.5",2008.0,2008.0,1996.0
2018102884,カフェプリンセス,牝,中舘英二,,ドゥラメンテ,2012104511,カフェヒミコ,2008110024,Bandini,000a01162a,西川恭子,三石橋本牧場,"3,875.8",2012.0,2008.0,2002.0
2018102087,クインズバジル,牝,梅田智之,,クリエイターII,000a013630,ケイアイリブラ,2010101689,アグネスデジタル,1997110025,ケイアイスタリオン,ハシモトファーム,"3,873.9",2013.0,2010.0,1997.0
2018105132,オークハンプトン,牡,田中守,,ネオユニヴァース,2000101426,ダートムーア,2008103121,クロフネ,1998110135,酒井孝敏,ノーザンファーム,"3,873.5",2000.0,2008.0,1998.0
2018102190,ビナサクセス,牡,水野貴史,,サウスヴィグラス,1996110138,ビナスイート,2009101309,シニスターミニスター,000a011099,井之口二三雄,プログレスファーム,"3,864.5",1996.0,2009.0,2003.0
2018104121,クロパラントゥ,セ,古賀慎明,,キズナ,2010105827,マーガレットメドウ,2014110044,Distorted Humor,000a0022ea,長谷川祐司,千代田牧場,"3,859.3",2010.0,2014.0,1993.0
2018106357,ハーツオブシャカ,牡,鮫島一歩,,ハーツクライ,2001103038,ハワイアンローズ,2011103384,キングカメハメハ,2001103460,ＣＨＥＶＡＬＡＴＴＡＣＨＥ,辻牧場,"3,846.7",2001.0,2011.0,2001.0
2018100650,ゼログラヴィティ,牝,岩戸孝樹,,アドマイヤムーン,2003102991,ヴァレッタ,000a011a1b,Cape Cross,000a0022ae,ゴドルフィン,ダーレー・ジャパン・ファーム,"3,830.0",2003.0,2006.0,1994.0
2018100190,アトミックフレア,牝,渡辺薫彦,,ドゥラメンテ,2012104511,ミスティックソウル,000a01293d,Bahri,000a001fd8,天堀忠博,オリオンファーム,"3,828.3",2012.0,2004.0,1992.0
2018105342,ラフルオリータ,牝,加藤士津,,ハーツクライ,2001103038,リュシオル,2006103365,クロフネ,1998110135,ライオンレースホース,ノーザンファーム,"3,827.3",2001.0,2006.0,1998.0
2018106345,スズカマクフィ,牝,伊藤圭三,,マクフィ,000a011c77,スズカローラン,2002103112,サンデーサイレンス,000a00033a,永井啓弍,辻牧場,"3,811.0",2007.0,2002.0,1986.0
2018100537,シルキーヴォイス,牡,池江泰寿,,キングカメハメハ,2001103460,スイートサルサ,2010109147,デュランダル,1999106756,金子真人ホールディングス,シンボリ牧場,"3,805.8",2001.0,2010.0,1999.0
2018101368,トゥースパークル,牡,藤田輝信,,アジアエクスプレス,2011110091,プロミストスパーク,1999107050,フジキセキ,1992109618,キャロットファーム,坂東牧場,"3,805.0",2011.0,1999.0,1992.0
2018110099,ドンナセレーノ,牝,安田翔伍,,ロードカナロア,2008103552,ヌーヴォレコルト,2011104201,ハーツクライ,2001103038,原禮子,Hara Reiko Racing Co. Ltd,"3,802.5",2008.0,2011.0,2001.0
2018106701,ルヴァンノワール,牝,庄野靖志,,ブラックタイド,2001103312,ベリーフィールズ,2008101162,オペラハウス,000a000d77,ＶｉｒｉｄｉａｎＫｅｉｂａＣｌｕｂ,富田恭司,"3,801.0",2001.0,2008.0,1988.0
2018104064,ラストバリオン,牡,木村暁,,サウスヴィグラス,1996110138,サティーヌアロム,2014104794,シンボリクリスエス,1999110099,岩渕瑞生,千代田牧場,"3,794.0",1996.0,2014.0,1999.0
2018105847,メイショウツワブキ,牝,高橋亮,,メイショウボーラー,2001100650,メイショウイザヨイ,2009100139,オレハマッテルゼ,2000101550,松本好雄,赤田牧場,"3,790.8",2001.0,2009.0,2000.0
2018104621,サトノルーチェ,牝,吉村圭司,,ディープインパクト,2002100816,シアードラマ,000a013875,Burning Roma,000a013729,里見治,社台ファーム,"3,760.2",2002.0,2010.0,1998.0
2018105556,キングスフィリア,牝,萩原清,,キングカメハメハ,2001103460,マエストラーレ,2006102778,ネオユニヴァース,2000101426,社台レースホース,社台コーポレーション白老ファーム,"3,757.5",2001.0,2006.0,2000.0
2018101768,サステナブル,牡,堀千亜樹,,キズナ,2010105827,ベネラ,2007104536,フォーティナイナー,000a000134,前田幸治,武田牧場,"3,754.0",2010.0,2007.0,1985.0
2018104503,アンクラウデッド,牡,古賀慎明,,ジャスタウェイ,2009106461,アオゾラペダル,2006103044,ホワイトマズル,1990109700,社台レースホース,社台ファーム,"3,748.6",2009.0,2006.0,1990.0
2018106918,ラストストーリー,牡,真島元徳,,モンテロッソ,000a011b05,タイクローサ,2001107561,フォーティナイナー,000a000134,三岡有香,中山高鹿康,"3,747.5",2007.0,2001.0,1985.0
2018106837,テーオーメアリー,牝,梅田智之,,モーリス,2011100655,リーグルメアリー,000a01175f,Afternoon Deelites,000a0021a7,小笹公也,ヤナガワ牧場,"3,745.1",2011.0,2002.0,1992.0
2018106597,キュムロンニンバス,牡,南田美知,,プリサイスエンド,000a00fe9b,オーミチェリッシュ,2004103702,キャプテンスティーヴ,000a000d9d,ミルファーム,ミルファーム,"3,741.3",1997.0,2004.0,1997.0
2018106244,ウエストンバート,牡,吉岡辰弥,,マジェスティックウォリアー,000a011e9c,コウヨウルビー,2010104913,バブルガムフェロー,1993109219,ターフ・スポート,谷川牧場,"3,733.5",2005.0,2010.0,1993.0
2018105785,メイショウマンサク,牝,石橋守,,メイショウサムソン,2003102205,ペルサントクリール,2004110225,Point Given,000a00fdbd,松本好隆,橋本牧場,"3,710.0",2003.0,2004.0,1998.0
2018104150,エルソール,牝,池江泰寿,,ディープインパクト,2002100816,パープル,000a01386c,Galileo,000a00232b,吉澤ホールディングス,飛野牧場,"3,700.0",2002.0,2009.0,1998.0
2018106031,ゲンパチハマジ,牡,宮川浩一,,ダンカーク,000a012185,ラブリイステラ,2008101364,クロフネ,1998110135,楊明翰,カナイシスタッド,"3,699.2",2006.0,2008.0,1998.0
2018104834,アリエノール,牝,斎藤誠,,Nyquist,000a013047,ランドオーバーシー,000a013da9,Bellamy Road,000a011cf9,村野康司,社台ファーム,"3,697.9",2013.0,2013.0,2002.0
2018104843,コーストライン,牝,上原博之,,ハーツクライ,2001103038,リーチマイハーバー,1999110014,ボストンハーバー,000a00007c,吉田照哉,社台ファーム,"3,690.7",2001.0,1999.0,1994.0
2018106606,ビーマイセルフ,牝,金田一昌,,トゥザグローリー,2007103265,ブリッサ,2009104935,ブラックホーク,1994109361,（有）ミルファーム,ミルファーム,"3,689.3",2007.0,2009.0,1994.0
2018101657,ジョウショーモード,牡,雑賀正光,,ダノンシャンティ,2007105709,ジョウショークイン,2002104358,ディアブロ,000a0000e9,熊田義孝,五丸農場,"3,689.0",2007.0,2002.0,1987.0
2018110088,ララシャンドン,牡,酒井忍,,ストリートセンス,000a0113a2,Divine Praises,000a014a6c,Medaglia d'Oro,000a010a65,フジイ興産（株）,Three Chimneys Farm LLC,"3,687.2",2004.0,2012.0,1999.0
2018101630,ウインチェレステ,牡,畠山吉宏,,ドゥラメンテ,2012104511,コスモチェーロ,2003110225,Fusaichi Pegasus,000a0022cf,ウイン,コスモヴューファーム,"3,683.0",2012.0,2003.0,1997.0
2018106612,オリアメンディ,牝,南田美知,,ジョーカプチーノ,2006100529,リーベストラウム,2005100990,ゼンノエルシド,1997110179,ミルファーム,ミルファーム,"3,680.1",2006.0,2005.0,1997.0
2018104732,ヒシシュシュ,牝,中舘英二,,ディープインパクト,2002100816,ヒシラストレディ,2009110115,Posse,000a01124c,阿部雅英,社台ファーム,"3,671.0",2002.0,2009.0,2000.0
2018103558,パープルレディー,牝,奥村武,,ディープインパクト,2002100816,メリッサ,2004104138,ホワイトマズル,1990109700,井山登,岡田スタッド,"3,670.9",2002.0,2004.0,1990.0
2018102660,ビーアイフェリペ,牡,鈴木啓之,,ヘニーヒューズ,000a011155,エムアイルシェル,2006101674,アフリート,000a000013,馬場祥晃,タガミファーム,"3,664.5",2003.0,2006.0,1984.0
2018104592,ブーケオブアイリス,セ,宮川浩一,,スウェプトオーヴァーボード,000a00fa34,クイーンアイリス,2001103121,ダンスインザダーク,1993109188,小林渉,社台ファーム,"3,656.0",1997.0,2001.0,1993.0
2018101090,ウェイキー,牡,竹下直人,,スズカコーズウェイ,2004104345,マキハタターキー,2004106292,サザンヘイロー,000a00031e,（有）槇本牧場,槇本牧場,"3,654.9",2004.0,2004.0,1983.0
2018102862,ベストオブラック,牡,柏原誠路,,メイショウボーラー,2001100650,カワカミショコラ,2007103928,アグネスデジタル,1997110025,太田裕臣,三石川上牧場,"3,652.0",2001.0,2007.0,1997.0
2018103756,フォルベルール,牡,倉兼育康,,ベルシャザール,2008103004,リバティーベル,2001103881,アサティス,1985109002,酒井孝敏,グランド牧場,"3,650.5",2008.0,2001.0,1985.0
2018104879,バクシン,牡,斎藤誠,,ヘニーヒューズ,000a011155,アウトオブザウィム,2000101679,サンデーサイレンス,000a00033a,林正道,ノーザンファーム,"3,648.8",2003.0,2000.0,1986.0
2018105285,サルファーコスモス,牝,中内田充,,キングカメハメハ,2001103460,ミクロコスモス,2006103398,ネオユニヴァース,2000101426,吉田勝己,ノーザンファーム,"3,637.5",2001.0,2006.0,2000.0
2018104883,アドマイヤザーゲ,牡,友道康夫,,ドゥラメンテ,2012104511,アコースティクス,2001103378,Cape Cross,000a0022ae,近藤旬子,ノーザンファーム,"3,636.5",2012.0,2001.0,1994.0
2018105260,サンデージャック,牡,畠山信一,,ダイワメジャー,2001103114,ホットチャチャ,000a01205c,Cactus Ridge,000a011ff1,辻高史,ノーザンファーム,"3,621.4",2001.0,2006.0,2001.0
2018100859,シュルードアイズ,牡,牧光二,,バトルプラン,000a0118e8,プレシャスエルフ,2006100290,コロナドズクエスト,000a0000b5,水上行雄,日西牧場,"3,616.0",2005.0,2006.0,1995.0
2018102184,ラストリージョ,牝,蛯名利弘,,アグネスデジタル,1997110025,コスモマクスウェル,2007104370,アドマイヤマックス,1999107004,ブルースターズファーム,ブルースターズファーム,"3,615.4",1997.0,2007.0,1999.0
2018100073,ルミナスライン,牝,清水英克,,マツリダゴッホ,2003104570,マイネエストレヤ,2002105155,スターオブコジーン,1988109108,ブルースターズファーム,荒井ファーム,"3,612.6",2003.0,2002.0,1988.0
2018104571,ワイドアウェイク,牝,西園翔太,,ローエングリン,1999106738,オープンユアアイズ,2013105372,ヴィクトワールピサ,2007102923,グリーンファーム,社台ファーム,"3,605.0",1999.0,2013.0,2007.0
2018104373,スティールストーム,牡,安部幸夫,,シニスターミニスター,000a011099,フェスティバル,1999100306,アサティス,1985109002,菅野守雄,プライドロック,"3,593.3",2003.0,1999.0,1985.0
2018103932,フミロア,牝,黒岩陽一,,ロードカナロア,2008103552,ラストワルツ,2007106521,ゼンノロブロイ,2000101517,林文彦,タイヘイ牧場,"3,591.8",2008.0,2007.0,2000.0
2018101894,ターニングアップ,牡,南田美知,,カレンブラックヒル,2009106230,トロピカルタイム,2000105004,ブライアンズタイム,000a000082,ミルファーム,中本隆志,"3,591.0",2009.0,2000.0,1985.0
2018105217,ゴールドレッグス,セ,真島正徳,,ルーラーシップ,2007103143,ファンシーミューズ,2011104090,ゴールドアリュール,1999106689,西村健,ノーザンファーム,"3,588.0",2007.0,2011.0,1999.0
2018102366,モリデンアロー,牡,田中譲二,,エスポワールシチー,2005102837,アローフィールド,2000107089,シャーディー,000a0002f0,今井高之,森田芳男,"3,586.0",2005.0,2000.0,1986.0
2018100428,カナリキケン,牝,竹内正洋,,ジャスタウェイ,2009106461,ブリリアントレイ,2006105524,キングカメハメハ,2001103460,由井健太郎,下河辺牧場,"3,585.5",2009.0,2006.0,2001.0
2018103377,テリオスマナ,牝,松下武士,,エピファネイア,2010104155,ビューティソング,1997100572,デインヒル,000a0000d1,鈴木美江子,村下清志,"3,574.2",2010.0,1997.0,1986.0
2018102202,オブデュモンド,セ,蛯名正義,,ドゥラメンテ,2012104511,クイーンオブトロイ,000a012f9c,Storm Cat,000a001a98,多田信尊,北星村田牧場,"3,572.0",2012.0,2007.0,1983.0
2018106582,ビップエレナ,牝,田島俊明,,ヴァンセンヌ,2009106525,ミュージー,000a010646,El Prado,000a001fb5,鈴木邦英,宮内牧場,"3,570.6",2009.0,2001.0,1989.0
2018104827,スマートワン,牡,加藤士津,,エイシンフラッシュ,2007102951,ラブアクチュアリー,2003106302,ダンスインザダーク,1993109188,橋詰弘一,社台ファーム,"3,564.2",2007.0,2003.0,1993.0
2018105336,セナリスト,牝,金成貴史,,ブラックタイド,2001103312,リアリサトリス,000a011dd1,Numerous,000a002191,サンデーレーシング,ノーザンファーム,"3,561.2",2001.0,2008.0,1991.0
2018100039,イディオム,牡,佐藤雅彦,,ドゥラメンテ,2012104511,シナスタジア,2009110042,Gone West,000a001be1,佐藤弘樹,天羽禮治,"3,553.4",2012.0,2009.0,1984.0
2018102093,ゾディアックレーヴ,牡,山田信大,,シニスターミニスター,000a011099,ファービヨンド,2011100581,ディープスカイ,2005101358,（有）エッジ,ハシモトファーム,"3,550.5",2003.0,2011.0,2005.0
2018105253,ベッラノーヴァ,牝,金成貴史,,エピファネイア,2010104155,ベッラレジーナ,2011104046,ネオユニヴァース,2000101426,シルクレーシング,ノーザンファーム,"3,531.2",2010.0,2011.0,2000.0
2018104148,アシタガアルサ,牡,小笠倫弘,,シニスターミニスター,000a011099,スウィフトレディー,2004104769,フジキセキ,1992109618,千葉正人,飛野牧場,"3,527.6",2003.0,2004.0,1992.0
2018100618,トーホウジュナール,牝,谷潔,,エイシンフラッシュ,2007102951,トーホウアマポーラ,2009102583,フジキセキ,1992109618,東豊物産,竹島幸治,"3,521.0",2007.0,2009.0,1992.0
2018103358,ハイパータンク,牡,佐野謙二,,シニスターミニスター,000a011099,サニーロック,2010102292,キングカメハメハ,2001103460,野村茂雄,丸村村下ファーム,"3,520.5",2003.0,2010.0,2001.0
2018100740,アールラプチャー,牝,千田輝彦,,ミッキーアイル,2011103916,ルージュノアール,2013104971,ストーミングホーム,1998190003,前原敏行,チャンピオンズファーム,"3,520.2",2011.0,2013.0,1998.0
2018109033,レディブラウン,牝,千葉幸喜,,フリオーソ,2004106867,レモンリーフ,2001106243,リンドシェーバー,1988107894,藤元厚雄,風ノ丘ファーム,"3,519.8",2004.0,2001.0,1988.0
2018105079,ジャングルキング,牡,溝橋利喜,,ドゥラメンテ,2012104511,シーズオールエルティッシュ,000a011564,Eltish,000a0114fa,組）オールザベスト組,ノーザンファーム,"3,515.8",2012.0,2005.0,1992.0
2018105748,ナンヨーヴィヨレ,牡,藤田正治,,ルーラーシップ,2007103143,アースビーガ,2013102355,ゴールドアリュール,1999106689,北原大史,習志野牧場,"3,515.5",2007.0,2013.0,1999.0
2018103248,エスシーヴィオラ,牝,渡邊貴光,,カジノドライヴ,2005110112,リアライズカレボ,2009110041,Fusaichi Pegasus,000a0022cf,工藤圭司,高松牧場,"3,507.0",2005.0,2009.0,1997.0
2018106871,サンマルシップ,牡,川島正一,,クロフネ,1998110135,サンマルリジイ,2009106799,ゼンノロブロイ,2000101517,矢口龍彦,アイオイファーム,"3,502.5",1998.0,2009.0,2000.0
2018103276,マブストーク,牡,米谷康秀,,シルポート,2005109202,ヒシアニマ,2003110018,Sinndar,000a002329,楊明翰,中村雅明,"3,498.0",2005.0,2003.0,1997.0
2018100736,アンフィニドール,牝,千田輝彦,,モーリス,2011100655,ヤマノフェアリー,2011104048,ディープインパクト,2002100816,前原敏行,チャンピオンズファーム,"3,497.0",2011.0,2011.0,2002.0
2018102340,サラコナン,牡,今津博之,,シビルウォー,2005102317,ロイヤルクリッパー,2006102748,アグネスタキオン,1998101516,若林武雄,村上牧場,"3,474.4",2005.0,2006.0,1998.0
2018106553,サイモンルピナス,牝,羽月友彦,,ダノンレジェンド,2010110102,メイショウチルチェ,2008101781,キングカメハメハ,2001103460,澤田昭紀,三嶋牧場,"3,468.0",2010.0,2008.0,2001.0
2018103596,タマモヒメギミ,牝,五十嵐忠,,アポロキングダム,2003110139,タマモマナムスメ,2010105750,マンハッタンカフェ,1998101554,タマモ,岡田牧場,"3,463.0",2003.0,2010.0,1998.0
2018105398,ブリングトゥライフ,牝,畑端省吾,,ハービンジャー,000a011996,アニマトゥール,2010104564,ホワイトマズル,1990109700,Ｇ１レーシング,追分ファーム,"3,462.7",2006.0,2010.0,1990.0
2018104697,サザンナイツ,セ,橘友和,,トーセンラー,2008102985,トレサンセール,2014105591,Rip Van Winkle,000a012465,ジャコモ（同）,社台ファーム,"3,454.5",2008.0,2014.0,2006.0
2018106508,メイショウハナモモ,牝,松永昌博,,オルフェーヴル,2008102636,グランドメージャー,000a012511,A.P. Indy,000a001d37,松本好雄,三嶋牧場,"3,449.0",2008.0,2004.0,1989.0
2018100377,タイセイグラシア,牝,山田信大,,ディープインパクト,2002100816,インプレスゴールド,2004105639,ブライアンズタイム,000a000082,田中成奉,下河辺牧場,"3,445.0",2002.0,2004.0,1985.0
2018106712,メイショウシマト,牡,長倉功,,メイショウボーラー,2001100650,メイショウワゴコロ,2012105364,マンハッタンカフェ,1998101554,松田正一,中脇一幸,"3,444.0",2001.0,2012.0,1998.0
2018104878,ミニーアイル,牝,武幸四郎,,ミッキーアイル,2011103916,アイランドファッション,2000190003,Petionville,000a0021de,大野剛嗣,ノーザンファーム,"3,432.0",2011.0,2000.0,1992.0
2018101300,ドラミモン,牡,瀬戸口悟,,ドゥラメンテ,2012104511,ラッキーレディ,2010104688,ネオユニヴァース,2000101426,北原大史,清水牧場,"3,423.0",2012.0,2010.0,2000.0
2018104664,アンブレラデート,牝,藤原英昭,,エイシンフラッシュ,2007102951,ダイワスカーレット,2004103198,アグネスタキオン,1998101516,吉田千津,社台ファーム,"3,418.8",2007.0,2004.0,1998.0
2018100510,スパイスアップ,牡,平和人,,フリオーソ,2004106867,ザスパイスガール,2010100566,マチカネキンノホシ,1996110304,酒井孝敏,新生ファーム,"3,418.5",2004.0,2010.0,1996.0
2018103035,ドローム,牝,飯田雄三,,スマートファルコン,2005100097,キャニオンドリーム,2001100470,ブラックタイアフェアー,000a00006e,ビッグレッドファーム,荻伏三好ファーム,"3,418.4",2005.0,2001.0,1986.0
2018104333,スカーレットジンク,牡,田中一巧,,ミッキーアイル,2011103916,ティンクルチャーミ,2007100860,スウェプトオーヴァーボード,000a00fa34,林知佐子,フジワラファーム,"3,411.9",2011.0,2007.0,1997.0
2018105535,ノートウォージー,牡,藤田輝信,,ノヴェリスト,000a012230,ノブレスオブリッジ,1998101568,サンデーサイレンス,000a00033a,吉田照哉,社台コーポレーション白老ファーム,"3,404.5",2009.0,1998.0,1986.0
2018104346,ヴェノム,牡,中川雅之,,リオンディーズ,2013105915,マーヴェリックス,2010104060,Smart Strike,000a00211c,栗嶋豊明,フジワラファーム,"3,399.0",2013.0,2010.0,1992.0
2018101694,トリニティノット,牡,野田忍,,ヒルノダムール,2007100727,ストロングヒロイン,2006104600,リンドシェーバー,1988107894,野田秀人,シンカンファーム,"3,393.9",2007.0,2006.0,1988.0
2018109052,エコロデイジー,牝,牧浦充徳,,ハービンジャー,000a011996,モモトンボ,2010103820,ネオユニヴァース,2000101426,原村正紀,諏訪牧場,"3,383.6",2006.0,2010.0,2000.0
2018106529,ミセスバローズ,牝,森下淳平,,モーリス,2011100655,ニコールバローズ,2009104381,ゼンノロブロイ,2000101517,猪熊広次,三嶋牧場,"3,383.2",2011.0,2009.0,2000.0
2018106715,ナムラスワガー,牡,栗本陽一,,メイショウサムソン,2003102205,ナムラカメーリア,2008106123,ネオユニヴァース,2000101426,吉田勝利,林時春,"3,381.7",2003.0,2008.0,2000.0
2018100827,ショウナンサルヴォ,牡,山口浩幸,,ジャングルポケット,1998101786,ショウナンラノビア,2003102874,フレンチデピュティ,000a00013a,酒井孝敏,中原牧場,"3,377.0",1998.0,2003.0,1992.0
2018102822,テイエムエメラルド,牝,小椋研介,,ロードカナロア,2008103552,ヒミノダンス,2006103939,ダンスインザダーク,1993109188,竹園正繼,前川勝春,"3,374.0",2008.0,2006.0,1993.0
2018100116,ボウトロイ,牡,菅原勲,,ストロングリターン,2006102934,ゴールドポイント,1998101640,サンデーサイレンス,000a00033a,会田裕一,ヴェルサイユファーム,"3,363.5",2006.0,1998.0,1986.0
2018110018,イージーファクト,牝,川島正一,,ザファクター,000a0130d0,Lighthouse Bay,000a0151fa,Speightstown,000a011200,兼行聡,Teruya Yoshida,"3,362.0",2008.0,2010.0,1998.0
2018106208,エクレルシー,牡,栗田徹,,ダンカーク,000a012185,イソシギ,2000104138,タイキシャトル,1994109686,ノースヒルズ,高野牧場,"3,350.6",2006.0,2000.0,1994.0
2018102270,ケイサンフリーゼ,牝,堀千亜樹,,リオンディーズ,2013105915,カウントオンミー,2003102538,バブルガムフェロー,1993109219,中西桂子,村上欽哉,"3,349.2",2013.0,2003.0,1993.0
2018104439,スイートフィル,牝,菊川正達,,グランプリボス,2008103388,エニシノイト,2010106586,スウェプトオーヴァーボード,000a00fa34,シンボリ牧場,増本良孝,"3,348.6",2008.0,2010.0,1997.0
2018102416,フォックススリープ,セ,田中譲二,,カレンブラックヒル,2009106230,キャンドルアイス,2002104976,フォーティナイナー,000a000134,酒井孝敏,ラッキー牧場,"3,348.0",2009.0,2002.0,1985.0
2018103229,イナズマテーラー,セ,安部幸夫,,アドマイヤマックス,1999107004,プリンシプルレディ,2007102136,アグネスデジタル,1997110025,酒井孝敏,大北牧場,"3,346.0",1999.0,2007.0,1997.0
2018100611,キャンユーキッス,牝,栗田裕光,,ディスクリートキャット,000a0113a1,セトノミッシー,2010104473,ゴールドアリュール,1999106689,酒井孝敏,滝本健二,"3,332.0",2003.0,2010.0,1999.0
2018105853,メイショウホタルビ,牝,大橋勇樹,,ナムラタイタン,2006101408,メジロミシェル,2007102574,アグネスタキオン,1998101516,松本和子,赤田牧場,"3,324.0",2006.0,2007.0,1998.0
2018105183,インテグリフォリア,牝,古賀慎明,,ロードカナロア,2008103552,パストフォリア,2009106261,シンボリクリスエス,1999110099,サンデーレーシング,ノーザンファーム,"3,319.2",2008.0,2009.0,1999.0
2018100641,ケンジーフェイス,牡,中塚猛,,ラブリーデイ,2010104298,ワンダフルドーラ,2004110173,More Than Ready,000a00fcdd,佐々木勉,田端牧場,"3,317.0",2010.0,2004.0,1997.0
2018104301,サブノハクタカ,牡,鷹見浩,,クロフネ,1998110135,サブノハゴロモ,2010105121,アルデバランＩＩ,000a010541,有サブノ,藤沢牧場,"3,314.5",1998.0,2010.0,1998.0
2018102117,プルモナリア,牝,中竹和也,,マクフィ,000a011c77,フィーユ,2005105396,ダンスインザダーク,1993109188,ノースヒルズ,平山牧場,"3,309.0",2007.0,2005.0,1993.0
2018103872,メタスペクター,牡,張田京,,ダンカーク,000a012185,フロリアード,2012104191,クロフネ,1998110135,松尾正,静内フジカワ牧場,"3,306.2",2006.0,2012.0,1998.0
2018102021,ヤマニンルリュール,牝,木原一良,,ヴィクトワールピサ,2007102923,ヤマニンプチフール,2002102270,フレンチデピュティ,000a00013a,土井肇,錦岡牧場,"3,305.9",2007.0,2002.0,1992.0
2018104687,デアリングウーマン,牝,角田晃一,,ロードカナロア,2008103552,デアリングハート,2002100600,サンデーサイレンス,000a00033a,岡浩二,社台ファーム,"3,305.0",2008.0,2002.0,1986.0
2018104714,テイデ,セ,堀宣行,,ディープインパクト,2002100816,ハウオリ,2006100448,キングカメハメハ,2001103460,金子真人ホールディングス,社台ファーム,"3,301.6",2002.0,2006.0,2001.0
2018105249,プンタアレナス,セ,古賀慎明,,ハーツクライ,2001103038,プンタステラ,000a0124c1,Elusive City,000a01239c,吉田勝己,ノーザンファーム,"3,300.0",2001.0,2010.0,2000.0
2018103147,ホッコーカリュウ,牝,飯田祐史,,ホッコータルマエ,2009100921,ホッコーザムーン,2011103168,アドマイヤジャパン,2002102324,北幸商事,高昭牧場,"3,295.0",2009.0,2011.0,2002.0
2018105462,アナレンマ,セ,中舘英二,,ディープインパクト,2002100816,ワイ,000a011de6,Galileo,000a00232b,金子真人ホールディングス,追分ファーム,"3,290.6",2002.0,2008.0,1998.0
2018104959,ラフストリーム,牡,田中守,,ドゥラメンテ,2012104511,エジル,2010110129,Stormy Atlantic,000a010b85,酒井孝敏,ノーザンファーム,"3,286.1",2012.0,2010.0,1994.0
2018105102,キャロライナリーパ,牝,月岡健二,,ディープブリランテ,2009105084,スネガエクスプレス,2009106159,ウォーエンブレム,000a00fa35,野嶋祥二,ノーザンファーム,"3,283.1",2009.0,2009.0,1999.0
2018104825,フラリオナ,牝,平田修,,ストロングリターン,2006102934,ラカ,2010103816,キングカメハメハ,2001103460,大冨智弘,社台ファーム,"3,282.5",2006.0,2010.0,2001.0
2018103565,ホウオウジョルノ,牡,安田翔伍,,ゴールドシップ,2009102739,リトルビスケット,2005100236,タニノギムレット,1999100226,小笹芳央,岡田スタッド,"3,272.3",2009.0,2005.0,1999.0
2018101175,サイモンメガライズ,牡,根本康広,,ケープブランコ,000a011b06,テーオーヴィーナス,2009103146,ディープインパクト,2002100816,澤田昭紀,ヤナガワ牧場,"3,268.0",2007.0,2009.0,2002.0
2018103278,タケルペガサス,牡,加藤征弘,,ダンカーク,000a012185,ヒシアルコル,2009101220,ダイワメジャー,2001103114,森保彦,中村雅明,"3,265.0",2006.0,2009.0,2001.0
2018104893,スペシャルドラマ,牡,月岡健二,,エピファネイア,2010104155,アドマイヤキュート,2009106415,キングカメハメハ,2001103460,大塚亮一,ノーザンファーム,"3,264.7",2010.0,2009.0,2001.0
2018104938,ヴェールクレール,牝,高橋亮,,リオンディーズ,2013105915,ウルド,2013105803,ハービンジャー,000a011996,シルクレーシング,ノーザンファーム,"3,257.0",2013.0,2013.0,2006.0
2018102907,スウィープザボード,セ,中尾秀正,,スウェプトオーヴァーボード,000a00fa34,スギノブロッサム,2007103970,フサイチコンコルド,1993109220,杉山忠国,明治牧場,"3,252.2",1997.0,2007.0,1993.0
2018110129,スーパーウーパー,牝,森秀行,,Overanalyze,000a013957,Spoken,000a01795c,Unbridled's Song,000a002071,キーファーズ,Calumet Farm,"3,244.3",2010.0,2005.0,1993.0
2018105050,ビップランバン,牡,清水久詞,,エイシンフラッシュ,2007102951,シェリール,2000101583,サンデーサイレンス,000a00033a,鈴木邦英,ノーザンファーム,"3,244.0",2007.0,2000.0,1986.0
2018106739,マイネルジャッカル,牡,西田雄一,,トーホウジャッカル,2011100482,リトルラブソング,2003103424,マイネルラヴ,1995108558,サラブレッドクラブ・ラフィアン,小野瀬竜馬,"3,241.3",2011.0,2003.0,1995.0
2018104694,トップザビル,牝,山崎裕也,,American Pharoah,000a012aad,トップデサイル,000a013daa,Congrats,000a010687,（株）レックス,社台ファーム,"3,241.0",2012.0,2012.0,2000.0
2018102584,メガキャット,牝,吉岡辰弥,,ダイワメジャー,2001103114,ジャズキャット,000a00680c,Storm Cat,000a001a98,中村智幸,ケイアイファーム,"3,240.0",2001.0,1997.0,1983.0
2018104966,ギブミーラブ,牝,藤田輝信,,リアルインパクト,2008103244,エリドゥバビロン,2007110107,Bernstein,000a010bae,橋本征道,ノーザンファーム,"3,237.8",2008.0,2007.0,1997.0
2018101956,タガノリバイバー,牝,大根田裕,,マクフィ,000a011c77,タガノバトラ,2013105637,フレンチデピュティ,000a00013a,八木秀之,新冠タガノファーム,"3,235.4",2007.0,2013.0,1992.0
2018101946,タガノチュール,牡,西園翔太,,ディスクリートキャット,000a0113a1,アレキパ,2010103863,スペシャルウィーク,1995103211,八木良司,新冠タガノファーム,"3,228.0",2003.0,2010.0,1995.0
2018106601,テセウス,牡,奥平雅士,,ダノンレジェンド,2010110102,テルミドール,2011104733,アドマイヤマックス,1999107004,ミルファーム,ミルファーム,"3,225.0",2010.0,2011.0,1999.0
2018104894,トーセンアラン,牡,池江泰寿,,キズナ,2010105827,アドマイヤキラメキ,2002100822,エンドスウィープ,000a00010f,島川隆哉,ノーザンファーム,"3,218.0",2010.0,2002.0,1991.0
2018106699,ペイシャジュン,牡,高橋裕,,クリエイターII,000a013630,ジュンレンカ,2011104247,ネオユニヴァース,2000101426,北所直人,富田恭司,"3,213.0",2013.0,2011.0,2000.0
2018105831,ワンデイモア,牡,和田正一,,ドゥラメンテ,2012104511,メジロバーミューズ,2002100385,アサティス,1985109002,江馬由将,レイクヴィラファーム,"3,211.9",2012.0,2002.0,1985.0
2018102215,トップヴィヴィット,牡,柏原誠路,,ディープブリランテ,2009105084,レッドマロン,2008106083,Aragorn,000a011158,紅露純,細川農場,"3,211.9",2009.0,2008.0,2002.0
2018106220,メイショウシロガネ,牡,宮路洋一,,ホッコータルマエ,2009100921,キンショーオトヒメ,2005106123,マーベラスサンデー,1992103687,上岡和男,多田善弘,"3,209.8",2009.0,2005.0,1992.0
2018106613,プルスウルトラ,牡,金田一昌,,ディスクリートキャット,000a0113a1,ローブドヴルール,2006105366,サウスヴィグラス,1996110138,（有）ミルファーム,ミルファーム,"3,208.2",2003.0,2006.0,1996.0
2018105809,リーブルミノル,牡,本田優,,キングカメハメハ,2001103460,サルスエラ,2005102611,マンハッタンカフェ,1998101554,吉岡實,レイクヴィラファーム,"3,206.1",2001.0,2005.0,1998.0
2018105064,ショウリュウレーヴ,牡,佐々木晶,,ミッキーアイル,2011103916,ショウリュウムーン,2007101578,キングカメハメハ,2001103460,上田芳枝,ノーザンファーム,"3,201.2",2011.0,2007.0,2001.0
2018105338,マッハモンルード,牝,斉藤崇史,,キングカメハメハ,2001103460,リッスン,000a011aa0,Sadler's Wells,000a00185d,サンデーレーシング,ノーザンファーム,"3,199.1",2001.0,2005.0,1981.0
2018105202,ベルゼール,牝,藤田輝信,,スクリーンヒーロー,2004103328,ビリーヴミー,000a0120f3,In the Wings,000a001cd4,シルクレーシング,ノーザンファーム,"3,196.0",2004.0,2004.0,1986.0
2018104640,コモレビキラリ,牝,加藤幸保,,ダノンレジェンド,2010110102,ジャドール,2004103128,フジキセキ,1992109618,亀岡和彦,社台ファーム,"3,196.0",2010.0,2004.0,1992.0
2018105151,イルデレーヴ,牡,小林真也,,ミッキーアイル,2011103916,デイトユアドリーム,2006103379,トワイニング,000a000006,シルクレーシング,ノーザンファーム,"3,194.0",2011.0,2006.0,1991.0
2018103439,ビルドアップ,牡,的場直之,,ヘニーヒューズ,000a011155,ロードナイト,2009103245,ジャングルポケット,1998101786,平本敏夫,石川牧場,"3,194.0",2003.0,2009.0,1998.0
2018103473,サヴァビアン,牡,新開幸一,,カレンブラックヒル,2009106230,アンローランサン,2006100741,フサイチコンコルド,1993109220,岡田牧雄,岡田スタッド,"3,180.6",2009.0,2006.0,1993.0
2018104985,カラレーション,牝,松下武士,,キングカメハメハ,2001103460,カラフルブラッサム,2010104227,ハーツクライ,2001103038,シルクレーシング,ノーザンファーム,"3,172.1",2001.0,2010.0,2001.0
2018102279,イツカハシャチョウ,牡,吉田直弘,,エイシンフラッシュ,2007102951,ダンシングロイヤル,2008105189,サクラバクシンオー,1989108341,ミキハウスＨＫサービス,村上欽哉,"3,169.2",2007.0,2008.0,1989.0
2018105595,エムオーシャトル,牝,鹿戸雄一,,マクフィ,000a011c77,ファインセイコー,2001103367,サンデーサイレンス,000a00033a,大浅貢,市川牧場,"3,164.0",2007.0,2001.0,1986.0
2018110132,アメリカンエール,セ,東田明士,,Tapit,000a011248,Sindy With an S,000a017941,Broken Vow,000a0101a0,吉澤ホールディングス,Gainesway Thoroughbreds Ltd.,"3,161.5",2001.0,2004.0,1997.0
2018104420,ベストインクラス,牡,伊藤伸一,,リヤンドファミユ,2010104396,アマノブラウニイー,2007102089,サクラバクシンオー,1989108341,グリーンスウォード,前田牧場,"3,149.5",2010.0,2007.0,1989.0
2018102330,ビクトリーサイト,牡,関本浩司,,プリサイスエンド,000a00fe9b,イムディーナ,2010106171,スペシャルウィーク,1995103211,福岡隆史,村上牧場,"3,144.9",1997.0,2010.0,1995.0
2018105159,クールファイブ,牡,小林俊彦,,ルーラーシップ,2007103143,トゥザハピネス,2009106245,シンボリクリスエス,1999110099,小橋亮太,ノーザンファーム,"3,141.2",2007.0,2009.0,1999.0
2018103266,メルテミア,牡,迫田清美,,トゥザグローリー,2007103265,ミコノス,2005101745,With Approval,000a001c5f,酒井孝敏,中神牧場,"3,133.7",2007.0,2005.0,1986.0
2018103496,ウェイオブライト,セ,高橋康之,,エイシンヒカリ,2011101273,ザッツザウェイ,2003104870,フサイチコンコルド,1993109220,岡田牧雄,岡田スタッド,"3,126.9",2011.0,2003.0,1993.0
2018105489,カイカセンゲン,牝,藤田輝信,,ネオユニヴァース,2000101426,カイカヨソウ,2010104312,ティンバーカントリー,000a00035e,キャロットファーム,社台コーポレーション白老ファーム,"3,124.0",2000.0,2010.0,1992.0
2018100593,タイガーリリー,牝,石毛善彦,,キズナ,2010105827,ケイエスホノカ,1998106060,アフリート,000a000013,ミルファーム,高柳隆男,"3,123.2",2010.0,1998.0,1984.0
2018103181,シゲルセンム,牝,谷潔,,キズナ,2010105827,オースミアザレア,2007102104,スペシャルウィーク,1995103211,關美和,鮫川啓一,"3,121.0",2010.0,2007.0,1995.0
2018105345,エクランドール,牝,手塚貴久,,ディープインパクト,2002100816,リュヌドール,2001190001,Green Tune,000a01025d,サンデーレーシング,ノーザンファーム,"3,112.8",2002.0,2001.0,1991.0
2018104368,リーベサンライズ,牝,河内洋,,ルーラーシップ,2007103143,フォローハート,2011105545,サンライズペガサス,1998106718,松岡隆雄,藤原牧場,"3,110.0",2007.0,2011.0,1998.0
2018104406,ゴールドフィンガー,牝,岡田稲男,,サウスヴィグラス,1996110138,アンティフリーズ,2007101028,タップダンスシチー,1997110043,グリーンスウォード,前谷武志,"3,104.8",1996.0,2007.0,1997.0
2018103418,ストライプ,牝,尾形和幸,,ルーラーシップ,2007103143,グレイスフラワー,2009106185,ダイワメジャー,2001103114,佐藤壽男,荒木貴宏,"3,101.7",2007.0,2009.0,2001.0
2018105283,グアドループ,牡,板垣吉則,,ヴィクトワールピサ,2007102923,マンビア,000a012f86,アルデバランII,000a010541,佐藤弘樹,ノーザンファーム,"3,096.5",2007.0,2008.0,1998.0
2018104110,サトノフォーチュン,牡,国枝栄,,ディープインパクト,2002100816,フォーチュンワード,2005100580,デヒア,000a0000df,里見治,千代田牧場,"3,089.8",2002.0,2005.0,1991.0
2018105163,ドナウエレン,牝,高野友和,,モーリス,2011100655,ドナウブルー,2008103250,ディープインパクト,2002100816,サンデーレーシング,ノーザンファーム,"3,086.4",2011.0,2008.0,2002.0
2018103331,マロカオブジャガー,牡,細川忠義,,ロージズインメイ,000a010a10,ケンブリッジスワン,2009103551,ゴールドアリュール,1999106689,シグラップ・マネジメ,フクオカファーム,"3,084.0",2000.0,2009.0,1999.0
2018106152,ルルルージュ,牝,菊沢隆徳,,ダイワメジャー,2001103114,シエルルージュ,000a011a95,Red Ransom,000a001c68,的場徹,酒井牧場,"3,082.0",2001.0,2006.0,1987.0
2018106881,ジャッカル,牡,五十嵐冬,,リオンディーズ,2013105915,キマグレ,2002100290,サクラバクシンオー,1989108341,平井裕,田中裕之,"3,080.5",2013.0,2002.0,1989.0
2018103831,イサチルプリンス,セ,九日俊光,,パイロ,000a01176a,プリンセスキナウ,2008100346,キングカメハメハ,2001103460,小坂功,佐竹学,"3,072.5",2005.0,2008.0,2001.0
2018100985,ペプチドサンライズ,牡,田中淳司,,ディープブリランテ,2009105084,ペプチドヴィーナス,2013103381,ワークフォース,000a011a7f,沼川瀧子,ファーミングヤナキタ,"3,072.4",2009.0,2013.0,2007.0
2018101033,サノノヒーロー,セ,地辺幸一,,スクリーンヒーロー,2004103328,ホウヨウターゲット,2001106908,ジョリーズヘイロー,000a0001aa,ファーストビジョン,豊洋牧場,"3,067.7",2004.0,2001.0,1987.0
2018105373,レーヴドゥラプレリ,牝,宮田敬介,,モーリス,2011100655,レーヴデトワール,2011104124,ゼンノロブロイ,2000101517,吉田勝己,ノーザンファーム,"3,066.4",2011.0,2011.0,2000.0
2018110119,トップスターサン,牡,小椋研介,,I Am Invincible,000a0144f0,Meliora,000a0169e9,Ad Valorem,000a0169e2,吉田和美,Yarraman Park Stud Pty Ltd A Mitchell E & J Rea,"3,063.0",2004.0,2009.0,2002.0
2018106368,スズカルビコン,牡,堀内岳志,,ダンカーク,000a012185,ルミナーラ,2013103574,ヴィクトワールピサ,2007102923,永井啓弍,辻牧場,"3,062.5",2006.0,2013.0,2007.0
2018105497,グランデフィオーレ,牝,西園翔太,,ドゥラメンテ,2012104511,グランデアモーレ,2010104460,ネオユニヴァース,2000101426,キャロットファーム,社台コーポレーション白老ファーム,"3,060.9",2012.0,2010.0,2000.0
2018106050,ブラビオ,牡,別府真司,,ルーラーシップ,2007103143,ゴールデンプライズ,2005102303,ホワイトマズル,1990109700,ファーストビジョン,川越ファーム,"3,060.5",2007.0,2005.0,1990.0
2018104117,トーセンマッシモ,セ,佐藤浩一,,キングカメハメハ,2001103460,ホエールキャプチャ,2008100544,クロフネ,1998110135,島川隆哉,千代田牧場,"3,059.1",2001.0,2008.0,1998.0
2018100976,デルマタモン,牡,勢司和浩,,オンファイア,2003102809,デルマトモエゴゼン,2013105482,キングカメハメハ,2001103460,浅沼廣幸,ファニーヒルファーム,"3,057.2",2003.0,2013.0,2001.0
2018105090,クリーンスイープ,牝,国枝栄,,ドゥラメンテ,2012104511,スイープトウショウ,2001104313,エンドスウィープ,000a00010f,シルクレーシング,ノーザンファーム,"3,056.0",2012.0,2001.0,1991.0
2018103916,アオイカツマ,牡,酒井仁,,ロードカナロア,2008103552,サウンドオブハート,2009103696,アグネスタキオン,1998101516,鈴木道隆,タイヘイ牧場,"3,046.9",2008.0,2009.0,1998.0
2018109123,ルクシオン,牝,河内洋,,エイシンフラッシュ,2007102951,ヘヴンリーヴォイス,2007102915,アグネスタキオン,1998101516,ノルマンディーサラブレッドレーシング,ストームファームコーポレーション,"3,046.4",2007.0,2007.0,1998.0
2018102344,ソロユニット,牝,角川秀樹,,アジアエクスプレス,2011110091,ヒバリエクスプレス,2007105044,アグネスデジタル,1997110025,村上雅規,村上雅規,"3,045.0",2011.0,2007.0,1997.0
2018105432,ジジ,牡,田島俊明,,モーリス,2011100655,ハートアイリス,2008100757,ネオユニヴァース,2000101426,林弘之,追分ファーム,"3,042.0",2011.0,2008.0,2000.0
2018101232,ヒヤ,牡,藤田弘治,,パドトロワ,2007102760,ゴールドピアース,2006100862,ゴールドアリュール,1999106689,山口正行,若林順一,"3,034.0",2007.0,2006.0,1999.0
2018105442,ディールクルム,牡,田村康仁,,キングカメハメハ,2001103460,ミゼリコルデ,2005110107,ファスリエフ,000a00fc4c,Ｇ１レーシング,追分ファーム,"3,029.8",2001.0,2005.0,1997.0
2018105382,レアシャンパーニュ,牝,上村洋行,,エピファネイア,2010104155,ロゼシャンパーニュ,2009106078,ゼンノロブロイ,2000101517,大塚亮一,ノーザンファーム,"3,029.5",2010.0,2009.0,2000.0
2018103684,カイザーノヴァ,牡,川添明弘,,モーリス,2011100655,ステラリード,2007106439,スペシャルウィーク,1995103211,組）リノレーシング,木村秀則,"3,024.1",2011.0,2007.0,1995.0
2018106610,ビヨンドザシーン,牡,金田一昌,,モンテロッソ,000a011b05,ミュージカルパレス,2005102409,アグネスタキオン,1998101516,（有）ミルファーム,ミルファーム,"3,023.1",2007.0,2005.0,1998.0
2018101031,スミソニアン,牡,宗形竹見,,ホッコータルマエ,2009100921,プラチナムーン,2011102418,アドマイヤムーン,2003102991,鈴木秀敏,豊洋牧場,"3,022.5",2009.0,2011.0,2003.0
2018106291,マイクハージュ,牡,伊藤強一,,シニスターミニスター,000a011099,カリオンレディ,2006104237,キングカメハメハ,2001103460,柴田浩二,大道牧場,"3,021.7",2003.0,2006.0,2001.0
2018106429,ルシャリーブル,牝,鈴木孝志,,ディスクリートキャット,000a0113a1,マリカ,2011105959,サウスヴィグラス,1996110138,日進牧場,日進牧場,"3,018.0",2003.0,2011.0,1996.0
2018101255,エーティーソブリン,牡,武英智,,リオンディーズ,2013105915,エアジュプロンサ,2008103325,ハーツクライ,2001103038,杉浦敏夫,稲原牧場,"3,015.2",2013.0,2008.0,2001.0
2018105199,ビジューブリランテ,セ,浅利英明,,ディープブリランテ,2009105084,ビジュートウショウ,2011102310,ディープスカイ,2005101358,シルクレーシング,ノーザンファーム,"3,010.0",2009.0,2011.0,2005.0
2018105469,シュルレアリスト,牡,中村直也,,オルフェーヴル,2008102636,アルーリングライフ,2007102995,フレンチデピュティ,000a00013a,Ｇ１レーシング,社台コーポレーション白老ファーム,"3,001.0",2008.0,2007.0,1992.0
2018100247,テンウォークライ,牡,金成貴史,,ダンカーク,000a012185,ナイスゴールド,2009102332,サウスヴィグラス,1996110138,天白泰司,木村牧場,"2,999.0",2006.0,2009.0,1996.0
2018106403,アイカプチーノ,牝,川島豊,,ジョーカプチーノ,2006100529,エミネンツァベルタ,2004102145,タイキシャトル,1994109686,ライフエンタープライズ,中島牧場,"2,994.0",2006.0,2004.0,1994.0
2018104149,ディベルティール,セ,那俄性哲,,サウスヴィグラス,1996110138,ハッピーヴァリュー,2011102338,ゼンノロブロイ,2000101517,（株）ファーストビジ,飛野牧場,"2,984.0",1996.0,2011.0,2000.0
2018100994,アウリガテソーロ,牡,東眞市,,ドゥラメンテ,2012104511,チェストケリリー,2013110099,Scat Daddy,000a0114fe,了徳寺健二ホールディングス,藤本ファーム,"2,978.5",2012.0,2013.0,2004.0
2018103993,キゾク,牡,西山裕貴,,マクフィ,000a011c77,ルナーコロナ,2007102746,ネオユニヴァース,2000101426,ＪＰＮ技研,田中裕之,"2,976.4",2007.0,2007.0,2000.0
2018100681,サンズオブタイム,牡,森山英雄,,ディープブリランテ,2009105084,デザートチル,000a0116dc,Red Ransom,000a001c68,山邉浩,ダーレー・ジャパン・ファーム,"2,971.2",2009.0,2005.0,1987.0
2018100621,トーホウスザク,牡,佐々木仁,,トーホウジャッカル,2011100482,トーホウドルチェ,2005103291,サウスヴィグラス,1996110138,東豊物産,竹島幸治,"2,968.0",2011.0,2005.0,1996.0
2018106082,コーラスケイト,牝,田村康仁,,オルフェーヴル,2008102636,カホマックス,2007103031,クロフネ,1998110135,大塚亮一,杵臼牧場,"2,960.0",2008.0,2007.0,1998.0
2018103620,ロゼクラン,牝,秋山真一,,リーチザクラウン,2006102923,ローズカリーナ,2012104934,ハービンジャー,000a011996,水谷昌晃,岡田牧場,"2,959.3",2006.0,2012.0,2006.0
2018100008,ナサ,牝,伊藤滋規,,ロードカナロア,2008103552,ダイヤモンドムーン,2007105741,マンハッタンカフェ,1998101554,杉浦和也,アイズスタッド,"2,955.0",2008.0,2007.0,1998.0
2018102407,キモンブラウン,牝,手塚貴久,,アジアエクスプレス,2011110091,ゲイルプリムラ,2002103317,フレンチデピュティ,000a00013a,小林祥晃,ヤマタケ牧場,"2,954.3",2011.0,2002.0,1992.0
2018106697,エイユーストロング,牡,鈴木孝志,,ダノンレジェンド,2010110102,エイユーモモチャン,2010100501,サクラバクシンオー,1989108341,笹部義則,富田恭司,"2,950.0",2010.0,2010.0,1989.0
2018100440,クリーンドリーム,牡,鈴木伸尋,,ダンカーク,000a012185,マヤノメメント,2003106115,フレンチデピュティ,000a00013a,石橋和夫,下河辺牧場,"2,947.1",2006.0,2003.0,1992.0
2018102006,テーオーターナー,セ,盛本信春,,モーリス,2011100655,ジョリーダンス,2001102114,ダンスインザダーク,1993109188,小笹公也,錦岡牧場,"2,932.0",2011.0,2001.0,1993.0
2018105659,トーセンクロード,牡,橋本和馬,,トーセンファントム,2007102870,トーセンスクリュー,2005105447,フレンチデピュティ,000a00013a,島川隆哉,エスティファーム,"2,930.0",2007.0,2005.0,1992.0
2018104317,ミツルハピネス,牝,小栗実,,エピファネイア,2010104155,サトノフラリッシュ,2012103489,エンパイアメーカー,000a010542,守内ひろ子,フジワラファーム,"2,930.0",2010.0,2012.0,2000.0
2018103735,リワードマレンゴ,牡,雑賀正光,,スズカコーズウェイ,2004104345,バライロー,2008100294,タニノギムレット,1999100226,宮崎忠比古,グランド牧場,"2,930.0",2004.0,2008.0,1999.0
2018105194,ジュリオ,牡,木村哲也,,リオンディーズ,2013105915,ヒストリックレディ,2010104245,ネオユニヴァース,2000101426,シルクレーシング,ノーザンファーム,"2,927.0",2013.0,2010.0,2000.0
2018105611,ショウナンアストラ,牡,西田雄一,,キズナ,2010105827,チョコレートリリー,2010104501,ウォーエンブレム,000a00fa35,国本哲秀,上水牧場,"2,926.0",2010.0,2010.0,1999.0
2018103598,タマモイットウセイ,牡,雑賀正光,,エイシンフラッシュ,2007102951,チャームライト,2006101404,ワイルドラッシュ,000a0003a1,小菅誠,岡田牧場,"2,924.5",2007.0,2006.0,1994.0
2018104522,ピースマッチング,セ,茂崎正善,,スウェプトオーヴァーボード,000a00fa34,アンコールピース,2009105878,ネオユニヴァース,2000101426,橘勝年,社台ファーム,"2,917.5",1997.0,2009.0,2000.0
2018101997,カズカポレイ,牡,安田隆行,,ドゥラメンテ,2012104511,プリティカポレイ,2007104706,クロフネ,1998110135,雅苑興業,新冠橋本牧場,"2,917.0",2012.0,2007.0,1998.0
2018110093,フリード,牝,西園正都,,No Nay Never,000a013cf5,Arctic Freedom,000a014a64,War Chant,000a00fce0,ビッグレッドファーム,Lynch Bages Ltd,"2,902.4",2011.0,2006.0,1997.0
2018100425,ミッションレール,牡,加藤和宏,,ジャスタウェイ,2009106461,フィルハーマジック,2008105612,シンボリクリスエス,1999110099,ファーストビジョン,下河辺牧場,"2,898.3",2009.0,2008.0,1999.0
2018100748,アルマセクメト,牝,田村康仁,,プリサイスエンド,000a00fe9b,カルブンクルス,2009100433,スタチューオブリバティ,000a0109d5,コウトミックレーシング,ディアレストクラブ,"2,896.0",1997.0,2009.0,2000.0
2018100373,アップストリーム,牝,手塚貴久,,キングカメハメハ,2001103460,アユサン,2010100487,ディープインパクト,2002100816,下河辺隆行,下河辺牧場,"2,893.8",2001.0,2010.0,2002.0
2018100636,ステラダイヤ,牝,高柳瑞樹,,ロードカナロア,2008103552,クァンタムミス,000a01293e,Smoke Glacken,000a00222c,ＶｉｒｉｄｉａｎＫｅｉｂａＣｌｕｂ,田端牧場,"2,893.7",2008.0,2008.0,1994.0
2018105392,レゾンドゥスリール,セ,那俄性哲,,ハーツクライ,2001103038,ローブティサージュ,2010104278,ウォーエンブレム,000a00fa35,松本桂昌,ノーザンファーム,"2,891.6",2001.0,2010.0,1999.0
2018110134,ニルアドミラリ,セ,宮川浩一,,Dialed In,000a0139c7,Into Reality,000a017960,Untuttable,000a01793a,生垣博志,Scott Dilworth,"2,884.5",2008.0,2004.0,1996.0
2018103087,ウェーブメジャー,牡,川西毅,,ダイワメジャー,2001103114,ショウナンワヒネ,2009101058,シンボリクリスエス,1999110099,（有）桑田牧場,桑田牧場,"2,879.0",2001.0,2009.0,1999.0
2018103988,ディアリッキー,牝,板垣吉則,,ホッコータルマエ,2009100921,パキータ,2002100944,スペシャルウィーク,1995103211,小林祐介,田中裕之,"2,874.4",2009.0,2002.0,1995.0
2018105263,コーディアル,牝,高野友和,,エピファネイア,2010104155,ボンジュールココロ,2010105912,リンカーン,2000101561,キャロットファーム,ノーザンファーム,"2,872.3",2010.0,2010.0,2000.0
2018100924,ノットイェット,牝,松本隆宏,,キズナ,2010105827,オリジンファースト,000a012fcf,Exceed And Excel,000a010a61,（有）須崎牧場,日高大洋牧場,"2,872.0",2010.0,2010.0,2000.0
2018100995,ルーパステソーロ,牡,真島二也,,ゴールドシップ,2009102739,ハピネスフォーユー,2005110200,A.P. Indy,000a001d37,原庸介,藤本ファーム,"2,870.4",2009.0,2005.0,1989.0
2018104620,シャドウモノリス,牡,佐藤裕太,,ロードカナロア,2008103552,サンテミリオン,2007102958,ゼンノロブロイ,2000101517,飯塚知一,社台ファーム,"2,870.0",2008.0,2007.0,2000.0
2018104659,エンスージアズム,牝,安田翔伍,,ディープインパクト,2002100816,ゼラスキャット,000a0124ca,Storm Cat,000a001a98,吉田照哉,社台ファーム,"2,867.2",2002.0,2006.0,1983.0
2018104971,コウソクカレン,牝,中舘英二,,ロードカナロア,2008103552,エレガントマナー,2006103297,シンボリクリスエス,1999110099,野崎昭夫,ノーザンファーム,"2,867.0",2008.0,2006.0,1999.0
2018102643,フェイマスダンディ,牡,佐藤茂,,ダノンレジェンド,2010110102,オーキャロル,2012100915,キングカメハメハ,2001103460,堀江貞幸,白井吉美,"2,866.2",2010.0,2012.0,2001.0
2018104711,エトワールマタン,牝,高柳瑞樹,,ルーラーシップ,2007103143,ノーブルコロネット,2010103850,ディープインパクト,2002100816,丹羽久一郎,社台ファーム,"2,859.5",2007.0,2010.0,2002.0
2018100936,シゲルリジ,牝,九日俊光,,シニスターミニスター,000a011099,ボムガール,2008106010,アグネスタキオン,1998101516,森中啓子,日高大洋牧場,"2,843.5",2003.0,2008.0,1998.0
2018104787,ウラエウス,セ,中村直也,,キンシャサノキセキ,2003110212,マウントコブラ,000a011a61,Mt. Livermore,000a00184b,吉田照哉,社台ファーム,"2,840.0",2003.0,2000.0,1981.0
2018104738,コンテナジュニア,牡,牧浦充徳,,ハーツクライ,2001103038,ピュアマインド,2008102879,ティンバーカントリー,000a00035e,住谷孝一,社台ファーム,"2,840.0",2001.0,2008.0,1992.0
2018103086,ヴァーチャリティ,牝,庄野靖志,,マクフィ,000a011c77,ショウナンタレント,2004103494,アグネスタキオン,1998101516,桑田牧場,桑田牧場,"2,834.0",2007.0,2004.0,1998.0
2018104018,アポロミラクル,牡,加藤和宏,,アポロキングダム,2003110139,コペノイコロ,2006101151,マンハッタンカフェ,1998101554,ファーストビジョン,谷岡牧場,"2,832.4",2003.0,2006.0,1998.0
2018101666,トゥルスウィー,牝,北村欣也,,ヴァンセンヌ,2009106525,ブラックウィッチ,2004100203,ブラックホーク,1994109361,（株）本城,佐藤静子,"2,829.5",2009.0,2004.0,1994.0
2018103920,ノックオンウッド,セ,鮫島克也,,Frankel,000a01239b,トゥアーニー,000a013e89,Country Reel,000a012054,嶋田亘克,タイヘイ牧場,"2,829.3",2008.0,2013.0,2000.0
2018102186,キュンストラー,牝,松永康利,,ゴールドシップ,2009102739,マイネグレヴィル,2011105245,ブライアンズタイム,000a000082,サラブレッドクラブ・ラフィアン,ブルースターズファーム,"2,827.2",2009.0,2011.0,1985.0
2018103121,クインズレモン,牝,新谷功一,,ヘニーヒューズ,000a011155,カーディナルコーヴ,000a013908,Leroidesanimaux,000a0115cc,ケイアイスタリオン,高昭牧場,"2,824.0",2003.0,2012.0,2000.0
2018104819,エコロカナワン,牡,錦見勇夫,,エイシンフラッシュ,2007102951,ユッカマウンテン,2009105965,アグネスタキオン,1998101516,山本忍,社台ファーム,"2,810.0",2007.0,2009.0,1998.0
2018101020,ニヨドスマイル,牡,別府真司,,ヘニーヒューズ,000a011155,ビッグスマイル,2008104471,タニノギムレット,1999100226,西森鶴,宝寄山拓樹,"2,804.0",2003.0,2008.0,1999.0
2018102336,ブラックネロ,牡,岩本洋,,ホッコータルマエ,2009100921,ネローリ,2001103158,ラムタラ,000a0001d4,（同）クイック・ホー,村上牧場,"2,790.6",2009.0,2001.0,1992.0
2018104628,レンツシュピッツェ,牡,尾原強,,ドゥラメンテ,2012104511,シュピッツェ,2009105812,Azamour,000a01053b,山下壽,社台ファーム,"2,789.8",2012.0,2009.0,2001.0
2018104929,ハッピーオーサム,牝,藤原英昭,,ディープインパクト,2002100816,ウィラビーオーサム,000a0124cf,Awesome Gambler,000a0123e8,馬場幸夫,ノーザンファーム,"2,789.0",2002.0,2009.0,2004.0
2018102989,エバーサニーハート,牡,雑賀正光,,シニスターミニスター,000a011099,キープサニーハート,2013103148,キングヘイロー,1995104427,堀口晴男,市川牧場,"2,786.0",2003.0,2013.0,1995.0
2018106385,ラペルーズ,牡,藤沢和雄,,ペルーサ,2007102705,ハットシテグー,2011110080,エンパイアメーカー,000a010542,多田信尊,富田牧場,"2,784.2",2007.0,2011.0,2000.0
2018103873,マシンガン,牡,田中守,,シンボリクリスエス,1999110099,ポリアフ,2012104881,キングカメハメハ,2001103460,酒井孝敏,静内フジカワ牧場,"2,777.5",1999.0,2012.0,2001.0
2018105226,カトルショセット,牝,黒岩陽一,,ハーツクライ,2001103038,フォーシンズ,000a011533,Sinndar,000a002329,Ｇ１レーシング,ノーザンファーム,"2,777.0",2001.0,2004.0,1997.0
2018101951,タガノスペルノヴァ,牡,中尾秀正,,モーリス,2011100655,タガノエトワール,2011103610,キングカメハメハ,2001103460,八木良司,新冠タガノファーム,"2,776.8",2011.0,2011.0,2001.0
2018102131,スウィートブルーム,牝,和田雄二,,ゴールドシップ,2009102739,コスモバルバラ,2009105203,ロージズインメイ,000a010a10,サラブレッドクラブ・ラフィアン,ビッグレッドファーム,"2,774.4",2009.0,2009.0,2000.0
2018101362,サブルドール,牝,山下貴之,,カジノドライヴ,2005110112,ビスクドール,1998101814,サンデーサイレンス,000a00033a,キャロットファーム,坂東牧場,"2,772.5",2005.0,1998.0,1986.0
2018105134,クロンターフ,牡,木村哲也,,ディープインパクト,2002100816,チェリーコレクト,000a012130,Oratorio,000a010d4e,サンデーレーシング,ノーザンファーム,"2,771.5",2002.0,2009.0,2002.0
2018104239,クープドクール,牝,高橋義忠,,エイシンヒカリ,2011101273,ブリーボーンズ,000a011dc5,Hesabull,000a0114fb,ヒダカ・ブリーダーズ・ユニオン,畠山牧場,"2,768.1",2011.0,2003.0,1993.0
2018110122,キャリアリズム,セ,矢野義幸,,Upstart,000a01793d,Out of Goodbyes,000a01796f,Out of Place,000a0022ca,谷野健,Golden Pedigree LLC,"2,768.0",2012.0,2007.0,1987.0
2018100480,デルマヤクシ,牡,戸田博文,,オルフェーヴル,2008102636,チリエージェ,2001107654,サクラバクシンオー,1989108341,浅沼廣幸,白井牧場,"2,753.0",2008.0,2001.0,1989.0
2018101929,スカリーワグ,牡,坂本和也,,ドゥラメンテ,2012104511,ジプシーマイラブ,2009106052,Manduro,000a0114b8,後藤宙人,長浜牧場,"2,746.0",2012.0,2009.0,2002.0
2018100187,ブライトフラッグ,牡,国沢輝幸,,ヴィクトワールピサ,2007102923,ブライトアバンダンス,000a011a6c,Quiet American,000a001ea2,保坂和孝,オリオンファーム,"2,743.5",2007.0,2001.0,1986.0
2018101928,コウバコ,牝,北出成人,,エスポワールシチー,2005102837,ワンモアアリュール,1997105085,ジェイドロバリー,000a0001a7,増田江利子,長浜秀昭,"2,738.3",2005.0,1997.0,1987.0
2018100434,エルモドーロ,牡,関本浩司,,オルフェーヴル,2008102636,ホワイトヴェール,2004105635,クロフネ,1998110135,小橋亮太,下河辺牧場,"2,735.1",2008.0,2004.0,1998.0
2018103082,リメス,牡,松永幹夫,,カレンブラックヒル,2009106230,ケイティマイヒメ,2005101405,コロナドズクエスト,000a0000b5,黒川暁子,桑田牧場,"2,732.6",2009.0,2005.0,1995.0
2018101497,デリシュレーヌ,牝,高橋文雅,,シニスターミニスター,000a011099,ブラックシュガー,2012100093,ブラックタイド,2001103312,加藤徹,大狩部牧場,"2,730.0",2003.0,2012.0,2001.0
2018103485,ジャガード,牡,和田雄二,,トーセンラー,2008102985,オーガンディー,2011101785,フレンチデピュティ,000a00013a,栗坂崇,岡田スタッド,"2,721.0",2008.0,2011.0,1992.0
2018100752,タンジェントアーク,セ,田村康仁,,エイシンフラッシュ,2007102951,サトノサンシャイン,2013105573,ステイゴールド,1994108729,大塚亮一,ディアレストクラブ,"2,717.0",2007.0,2013.0,1994.0
2018105129,ロンズデーライト,牡,高橋一哉,,ディープインパクト,2002100816,ダストアンドダイヤモンズ,000a0137a4,Vindication,000a010544,シルクレーシング,ノーザンファーム,"2,704.6",2002.0,2008.0,2000.0
2018103861,フクウン,牡,鈴木伸尋,,リオンディーズ,2013105915,オペラガール,2010102785,オペラハウス,000a000d77,西村專次,静内フジカワ牧場,"2,703.2",2013.0,2010.0,1988.0
2018106352,キヨラ,牝,柄崎将寿,,エピファネイア,2010104155,テンイムホウ,2002102852,ラムタラ,000a0001d4,三度屋,辻牧場,"2,699.6",2010.0,2002.0,1992.0
2018101127,ショウサンイチマツ,牡,松下武士,,オルフェーヴル,2008102636,ショウサンウルル,2006100539,Grand Slam,000a0022b9,鈴木昭和,モリナガファーム,"2,697.6",2008.0,2006.0,1995.0
2018104459,スペシャルトーク,セ,森山広大,,リーチザクラウン,2006102923,フラヴィニー,2013105022,キンシャサノキセキ,2003110212,山邉浩,見上牧場,"2,697.3",2006.0,2013.0,2003.0
2018102041,ブルレスカ,牝,松浦聡志,,エスケンデレヤ,000a012cc0,キングベイビー,2010105836,マンハッタンカフェ,1998101554,前田幸治,ノースヒルズ,"2,695.5",2007.0,2010.0,1998.0
2018103093,ヒルノアローザ,牡,後藤佑耶,,クロフネ,1998110135,ベルミュール,2010102047,キングカメハメハ,2001103460,ヒルノ,桑田牧場,"2,692.1",1998.0,2010.0,2001.0
2018105311,アンセーニュ,牝,奥村豊,,オルフェーヴル,2008102636,ユーロシャーリーン,000a013896,Myboycharlie,000a012464,吉田勝己,ノーザンファーム,"2,691.0",2008.0,2011.0,2005.0
2018102986,ダンツトレノ,牡,本田優,,ラブリーデイ,2010104298,マダムウルル,2012105723,ハーツクライ,2001103038,山元哲二,市川ファーム,"2,683.8",2010.0,2012.0,2001.0
2018103983,メッザノッテ,牝,寺島良,,アイルハヴアナザー,000a011ed3,アルダントヌイ,2005102407,フレンチデピュティ,000a00013a,ゴドルフィン,田中裕之,"2,683.0",2009.0,2005.0,1992.0
2018105601,ヒロノクイーン,牝,寺島良,,ヘニーヒューズ,000a011155,アイアムノココロ,2007102768,フジキセキ,1992109618,サンエイ開発,上水牧場,"2,677.0",2003.0,2007.0,1992.0
2018102066,グリンブルスティ,牡,中西達也,,ロードカナロア,2008103552,ユースティティア,2008104822,フジキセキ,1992109618,前田幸治,ノースヒルズ,"2,676.5",2008.0,2008.0,1992.0
2018102261,ゼンノミチザネ,牡,雑賀正光,,ディープインパクト,2002100816,イーデンズコーズウェイ,000a01274b,Giant's Causeway,000a0022e1,（同）ＮＯＫＫＮ,村上欽哉,"2,674.9",2002.0,2003.0,1997.0
2018105319,マテンロウルビー,牝,野中賢二,,ロードカナロア,2008103552,ラシンティランテ,2009106061,アグネスタキオン,1998101516,寺田千代乃,ノーザンファーム,"2,668.0",2008.0,2009.0,1998.0
2018106464,メイショウイッコン,牝,高橋亮,,クリエイターII,000a013630,レイジーリヴァー,000a010ebd,In the Wings,000a001cd4,松本好雄,日の出牧場,"2,667.1",2013.0,2003.0,1986.0
2018103174,タツノマッハ,牡,田辺陽一,,ダノンレジェンド,2010110102,ジョーパルカ,2010102229,フジキセキ,1992109618,（有）総武開発,斉藤政志,"2,652.5",2010.0,2010.0,1992.0
2018102600,ロードサージュ,牡,池田忠好,,ダイワメジャー,2001103114,リラコサージュ,2010101344,ブライアンズタイム,000a000082,光安了,ケイアイファーム,"2,651.0",2001.0,2010.0,1985.0
2018104339,メイショウナリヒラ,牡,南井克巳,,ヘニーヒューズ,000a011155,ピエナアマゾン,2007100873,アグネスタキオン,1998101516,松本好隆,フジワラファーム,"2,648.0",2003.0,2007.0,1998.0
2018103430,エスパダアスール,牝,武藤善則,,キングカメハメハ,2001103460,エスピナアスール,2007100028,フジキセキ,1992109618,アスール,石川栄一,"2,643.0",2001.0,2007.0,1992.0
2018101321,エイノスケ,牡,土屋洋之,,アンライバルド,2006103308,マイカイ,2011105994,ヨハネスブルグ,000a0103b9,中田和宏,中田牧場,"2,641.9",2006.0,2011.0,1999.0
2018102338,アラカザーム,牝,松永康利,,アジアエクスプレス,2011110091,ボンジュールカレン,2006103066,ゴールドアリュール,1999106689,小林竜太郎,村上牧場,"2,640.0",2011.0,2006.0,1999.0
2018105084,ファジェス,牝,安田隆行,,モーリス,2011100655,ジュモー,2006103316,タニノギムレット,1999100226,キャロットファーム,ノーザンファーム,"2,635.7",2011.0,2006.0,1999.0
2018105523,シュライエン,牝,高野友和,,オルフェーヴル,2008102636,ソベラニア,000a011abe,Monsun,000a010db6,Ｇ１レーシング,社台コーポレーション白老ファーム,"2,635.0",2008.0,2006.0,1990.0
2018101744,レイデルマール,セ,矢内博,,ヘニーヒューズ,000a011155,アルボランシー,2008104594,ロックオブジブラルタル,000a00fd4c,竹内利子,高瀬牧場,"2,634.5",2003.0,2008.0,1999.0
2018105803,スイートカルデア,牝,菊川正達,,リアルインパクト,2008103244,リボンノキシ,2004102720,スクワートルスクワート,000a000da4,吉田牧場,吉田牧場,"2,634.0",2008.0,2004.0,1998.0
2018102551,エスジープリンセス,牝,和田勇介,,アンライバルド,2006103308,アースファイヤー,2005105167,クロフネ,1998110135,後藤貞夫,グローリーファーム,"2,631.4",2006.0,2005.0,1998.0
2018110081,モズハッピーロード,牡,海馬沢司,,Medaglia d'Oro,000a010a65,Overheard,000a014a4f,Macho Uno,000a010d0c,斉藤直樹,Pin Oak Stud LLC,"2,627.5",1999.0,2010.0,1998.0
2018105484,レコレータ,牝,中舘英二,,ハーツクライ,2001103038,エヴィータアルゼンティーナ,000a011a47,Candy Ride,000a01132a,サンデーレーシング,社台コーポレーション白老ファーム,"2,627.0",2001.0,2006.0,1999.0
2018102602,ダノンバジリア,牝,中内田充,,Frankel,000a01239b,レキシールー,000a013e42,Sligo Bay,000a011fef,ダノックス,ケイアイファーム,"2,627.0",2008.0,2011.0,1998.0
2018104569,デルマアシュラ,牡,菅原勲,,ディープインパクト,2002100816,オンヴェラ,000a011dcb,Smart Strike,000a00211c,浅沼廣幸,社台ファーム,"2,625.2",2002.0,2007.0,1992.0
2018104386,ラングロワ,牝,工藤裕孝,,マツリダゴッホ,2003104570,プランシングレディ,2008105191,ファンタスティックライト,1996190005,門澤慎,へいはた牧場,"2,623.9",2003.0,2008.0,1996.0
2018105137,ヴェールアップ,牝,橋口慎介,,ルーラーシップ,2007103143,ツィンクルヴェール,2001103384,サンデーサイレンス,000a00033a,キャロットファーム,ノーザンファーム,"2,622.0",2007.0,2001.0,1986.0
2018104244,ナムラコマチ,牝,玉垣光章,,マクフィ,000a011c77,ナムラオツウ,2012101060,ディープインパクト,2002100816,奈村睦弘,八田ファーム,"2,621.0",2007.0,2012.0,2002.0
2018105322,エレボアブランシュ,牝,田中譲二,,リアルインパクト,2008103244,ラダームブランシェ,2012104532,チチカステナンゴ,000a011135,酒井孝敏,ノーザンファーム,"2,618.0",2008.0,2012.0,1998.0
2018102062,ランスルー,牡,小笠倫弘,,ダイワメジャー,2001103114,フェアエレン,2009110056,Street Cry,000a0103ba,前田晋二,ノースヒルズ,"2,617.0",2001.0,2009.0,1998.0
2018101222,リコージーン,牡,川島雅人,,ゴールドアリュール,1999106689,リオ,2005104908,ジャングルポケット,1998101786,土橋正雄,リコーファーム,"2,614.0",1999.0,2005.0,1998.0
2018105419,トーセンインパルス,牡,池上昌和,,ディープインパクト,2002100816,シーリーコート,2004103080,Distorted Humor,000a0022ea,島川隆哉,追分ファーム,"2,608.0",2002.0,2004.0,1993.0
2018105790,フランコイメル,牡,武英智,,ベルシャザール,2008103004,ケンコウランハート,2004104264,タニノギムレット,1999100226,ケーエスＨＤ,ヤマイチ牧場,"2,604.8",2008.0,2004.0,1999.0
2018106607,ヤクモ,牡,那俄性哲,,ホッコータルマエ,2009100921,ポロロッカ,2010106194,スパイキュール,2000101557,ファーストビジョン,ミルファーム,"2,601.3",2009.0,2010.0,2000.0
2018105518,ダブルスナッチ,牝,宗像義忠,,ルーラーシップ,2007103143,スナッチマインド,2011103620,ディープインパクト,2002100816,シルクレーシング,社台コーポレーション白老ファーム,"2,599.4",2007.0,2011.0,2002.0
2018101223,リコーシンザン,牡,久保秀男,,スマートファルコン,2005100097,リコーシルエット,2010106201,サウスヴィグラス,1996110138,土橋正雄,リコーファーム,"2,599.0",2005.0,2010.0,1996.0
2018110114,ジャスパードリーム,セ,佐久間雅,,Speightstown,000a011200,Liberated,000a014dc3,Curlin,000a011734,加藤和夫,G. Watts Humphrey Jr.,"2,597.9",1998.0,2010.0,2004.0
2018104022,サウスジェラート,牝,伊坂重信,,サウスヴィグラス,1996110138,サクラフルーレ,2011102165,マンハッタンカフェ,1998101554,谷岡牧場,谷岡牧場,"2,593.8",1996.0,2011.0,1998.0
2018105007,サブロンカズマ,牡,深山雅史,,キンシャサノキセキ,2003110212,クリムゾンブーケ,2006103238,クロフネ,1998110135,雅苑興業,ノーザンファーム,"2,591.0",2003.0,2006.0,1998.0
2018100299,フクノルッカ,牝,西川敏弘,,マクフィ,000a011c77,フクノドリーム,2011105841,ヨハネスブルグ,000a0103b9,宮崎孝一郎,ケイズ,"2,587.0",2007.0,2011.0,1999.0
2018105291,ザレストノーウェア,牡,新開幸一,,ディープインパクト,2002100816,ミュージカルウェイ,000a011534,Gold Away,000a010313,大塚亮一,ノーザンファーム,"2,583.9",2002.0,2002.0,1995.0
2018109050,グランステーファノ,牡,山中尊徳,,スマートファルコン,2005100097,ハクシュウベリー,2010109049,ルールオブロー,000a010d7d,立山伸二,諏訪牧場,"2,582.8",2005.0,2010.0,2001.0
2018103708,リュヌダムール,牝,渡瀬寛彰,,ダブルスター,2009103518,ヴェスタ,000a01055a,Fortunate Prospect,000a002049,伊藤準一郎,グランド牧場,"2,581.5",2009.0,1999.0,1981.0
2018104835,リズムオブザナイト,牡,宮川浩一,,ストロングリターン,2006102934,リズムオブザレイン,2002100698,サンデーサイレンス,000a00033a,楊明翰,社台ファーム,"2,580.0",2006.0,2002.0,1986.0
2018102309,マツリダスティール,牡,菅原勲,,エキストラエンド,2009105771,シェーンブリッツ,2011105042,クロフネ,1998110135,高橋文枝,村上進治,"2,578.5",2009.0,2011.0,1998.0
2018104251,コパノジャンピング,牡,大山寿文,,バトルプラン,000a0118e8,ダイワチャーム,2004105605,フジキセキ,1992109618,谷口祐人,服部牧場,"2,578.0",2005.0,2004.0,1992.0
2018104706,リヴェット,セ,田村康仁,,ハービンジャー,000a011996,ヌーベルバーグ,2008102997,ディープインパクト,2002100816,社台レースホース,社台ファーム,"2,574.0",2006.0,2008.0,2002.0
2018105009,シーニッククルーズ,牡,坂口義幸,,ブラックタイド,2001103312,クルージンミジー,2009110123,Mizzen Mast,000a0109d3,橘勝年,ノーザンファーム,"2,564.5",2001.0,2009.0,1998.0
2018106707,メイショウタニカゼ,牡,千葉幸喜,,アイルハヴアナザー,000a011ed3,ピッコレット,2005101235,アグネスタキオン,1998101516,前田敏文,中脇一幸,"2,562.8",2009.0,2005.0,1998.0
2018105331,サンバデジャネイロ,牝,奥村豊,,ルーラーシップ,2007103143,ラフィカ,1998101740,サンデーサイレンス,000a00033a,幅田京子,ノーザンファーム,"2,559.0",2007.0,1998.0,1986.0
2018100929,スノームーン,牝,萩原清,,ドゥラメンテ,2012104511,ドルドラムズ,000a01386b,Bernardini,000a0111fe,ＮＩＣＫＳ,日高大洋牧場,"2,554.0",2012.0,2010.0,2003.0
2018104162,ニホンピロマリブ,牡,安達昭夫,,ジャングルポケット,1998101786,ニホンピロオーロラ,2010103091,マンハッタンカフェ,1998101554,小林英一,友田牧場,"2,546.5",1998.0,2010.0,1998.0
2018105316,ラレイナ,牝,嘉藤貴行,,キングカメハメハ,2001103460,ライラプス,2002101006,フレンチデピュティ,000a00013a,シルクレーシング,ノーザンファーム,"2,541.0",2001.0,2002.0,1992.0
2018105245,ポールスター,牡,安田隆行,,モーリス,2011100655,プリームス,2009106399,フジキセキ,1992109618,林正道,ノーザンファーム,"2,539.0",2011.0,2009.0,1992.0
2018109160,アイアンムスメ,牝,田中守,,ヴァンセンヌ,2009106525,スイートグラーツ,2005109313,サクラバクシンオー,1989108341,西村新一郎,釘田義美,"2,537.5",2009.0,2005.0,1989.0
2018102151,マイネルヒッツェ,牡,村上実,,ゴールドシップ,2009102739,マイネイディール,2008105633,アドマイヤマックス,1999107004,岩渕瑞生,ビッグレッドファーム,"2,536.9",2009.0,2008.0,1999.0
2018105357,ラピカズマ,牡,高橋文雅,,キンシャサノキセキ,2003110212,レイズアンドコール,2001103471,サクラバクシンオー,1989108341,吉田和美,ノーザンファーム,"2,534.6",2003.0,2001.0,1989.0
2018103057,フレーズメーカー,牡,古賀光範,,ドゥラメンテ,2012104511,パラフレーズ,000a0116e0,Pivotal,000a002328,須田靖之,笠松牧場,"2,534.2",2012.0,2006.0,1993.0
2018102417,ウィズザワールド,牝,松山将樹,,トゥザワールド,2011103975,シルキーウィズ,2002105367,エンドスウィープ,000a00010f,阿部善武,ラッキー牧場,"2,532.0",2011.0,2002.0,1991.0
2018100433,ブロンズレッド,牡,牧浦充徳,,レッドスパーダ,2006105511,ヘリテージゴールド,2005103161,フジキセキ,1992109618,下河辺隆行,下河辺牧場,"2,530.8",2006.0,2005.0,1992.0
2018105205,ペイルライダー,牝,角田晃一,,ルーラーシップ,2007103143,ピサノグラフ,2002106092,サンデーサイレンス,000a00033a,市川義美ホールディングス,ノーザンファーム,"2,530.0",2007.0,2002.0,1986.0
2018105819,フミチャン,牝,鹿戸雄一,,クロフネ,1998110135,フェアリーダンス,2009106296,アグネスタキオン,1998101516,林文彦,レイクヴィラファーム,"2,529.5",1998.0,2009.0,1998.0
2018103167,ハクサンスプリング,牡,桜井今朝,,シルポート,2005109202,ハクサンインパクト,2013104892,ディープインパクト,2002100816,河崎五市,小島牧場,"2,524.0",2005.0,2013.0,2002.0
2018104537,リュクスフレンド,牝,加藤士津,,ブラックタイド,2001103312,ウェイクアップマギー,000a01179a,ザール,000a010990,田畑憲士,社台ファーム,"2,520.0",2001.0,2003.0,1995.0
2018102453,ネオヒューズ,牡,西山裕貴,,アジアエクスプレス,2011110091,スズノメガミ,2001110133,ワイルドラッシュ,000a0003a1,（同）ＪＰＮ技研,小河豊水,"2,518.0",2011.0,2001.0,1994.0
2018105360,アイアゲート,牝,田中博康,,ダイワメジャー,2001103114,レスペランス,2012104542,キングカメハメハ,2001103460,シルクレーシング,ノーザンファーム,"2,517.7",2001.0,2012.0,2001.0
2018106790,ハクシンパーソナル,牡,千葉幸喜,,ワールドエース,2009106353,プリマーベル,2013104442,キングカメハメハ,2001103460,新井原博,川上牧場,"2,515.6",2009.0,2013.0,2001.0
2018106270,モズアンビリバボー,牡,米川昇,,グランプリボス,2008103388,モズラコルタ,2013105849,ヴィクトワールピサ,2007102923,キャピタル・システム,谷川牧場,"2,515.5",2008.0,2013.0,2007.0
2018103603,グラヴィテ,牝,藤野健太,,ネオユニヴァース,2000101426,ファシネイト,2009109151,キングカメハメハ,2001103460,栗山学,岡田牧場,"2,503.0",2000.0,2009.0,2001.0
2018103024,フォルツァンド,牡,打越勇児,,ドゥラメンテ,2012104511,スピニングレディ,000a013867,ハードスパン,000a0116a1,カナヤマホールディングス,大島牧場,"2,502.0",2012.0,2009.0,2004.0
2018105146,マテンロウエール,牡,松永幹夫,,ロードカナロア,2008103552,ディアチャンス,2001107389,タイキシャトル,1994109686,寺田千代乃,ノーザンファーム,"2,500.0",2008.0,2001.0,1994.0
2018101643,ウインヴァカンス,牝,寺島良,,ダノンシャンティ,2007105709,フリーヴァケイション,000a006896,Fly So Free,000a001fbe,ウイン,コスモヴューファーム,"2,498.6",2007.0,1996.0,1988.0
2018106524,コンセプト,牡,森山英雄,,モーリス,2011100655,ダンスウィズミー,2013104141,ディープインパクト,2002100816,山邉浩,三嶋牧場,"2,493.5",2011.0,2013.0,2002.0
2018106448,トミケンカラバティ,牡,尾形和幸,,ディスクリートキャット,000a0113a1,ペイドリン,000a0117be,Pulpit,000a002133,佐野信幸,信岡牧場,"2,488.0",2003.0,2006.0,1994.0
2018103214,ウィンウッド,牡,上杉昌宏,,エスポワールシチー,2005102837,アートリョウコ,2011102182,タイキシャトル,1994109686,須山悟至,大北牧場,"2,488.0",2005.0,2011.0,1994.0
2018106380,ミスズメジャー,牡,目迫大輔,,ダイワメジャー,2001103114,ジプシー,000a01389b,Distorted Humor,000a0022ea,永井啓弐,富田牧場,"2,485.5",2001.0,2007.0,1993.0
2018100251,メイストーム,牡,黒田隆男,,ディスクリートキャット,000a0113a1,ユーリカ,2010103505,クロフネ,1998110135,小橋亮太,木村牧場,"2,485.0",2003.0,2010.0,1998.0
2018106602,ビーマイベイビー,牝,伊藤大士,,ジョーカプチーノ,2006100529,デスティニーラブ,2011103244,アグネスデジタル,1997110025,ミルファーム,ミルファーム,"2,482.2",2006.0,2011.0,1997.0
2018103755,ペイシャオウユー,牝,石栗龍彦,,アイルハヴアナザー,000a011ed3,リアルアーネスト,2010110022,Consolidator,000a011127,北所直人,グランド牧場,"2,479.1",2009.0,2010.0,2002.0
2018102681,サプライズビュー,牡,目迫大輔,,ホッコータルマエ,2009100921,シプカクラッチュ,2002101257,デヒア,000a0000df,ファーストビジョン,田中春美,"2,479.0",2009.0,2002.0,1991.0
2018101782,コスモサンレミ,牝,中野栄治,,マツリダゴッホ,2003104570,ドリームレディ,2007104986,ロージズインメイ,000a010a10,ビッグレッドファーム,タニグチ牧場,"2,472.2",2003.0,2007.0,2000.0
2018106825,モンゲーハガネ,牡,鈴木義久,,フリオーソ,2004106867,ヤマノシンデレラ,2007101607,タイキシャトル,1994109686,須山悟至,原田ファーム,"2,472.0",2004.0,2007.0,1994.0
2018103115,メイショウユウスイ,牡,飯田祐史,,スピルバーグ,2009105961,カクテルローズ,2007106496,タニノギムレット,1999100226,松本好雄,高昭牧場,"2,466.0",2009.0,2007.0,1999.0
2018104643,フォティノース,牝,小崎憲,,ドゥラメンテ,2012104511,スキア,000a012f7d,Motivator,000a010c91,社台レースホース,社台ファーム,"2,463.0",2012.0,2007.0,2002.0
2018104874,コンソレーション,牡,手塚貴久,,モーリス,2011100655,アイスドール,2003102943,キャプテンスティーヴ,000a000d9d,伊東純一,ノーザンファーム,"2,461.0",2011.0,2003.0,1997.0
2018102077,トーカイキング,牡,南田美知,,ヴィクトワールピサ,2007102923,ポポチャン,2005105412,トウカイテイオー,1988101025,田畑富子,ハクツ牧場,"2,458.0",2007.0,2005.0,1988.0
2018103127,ワンダークローバー,牡,森田直行,,ゴールドシップ,2009102739,シーギリアレディー,2006101887,キングカメハメハ,2001103460,山本能成,高昭牧場,"2,455.6",2009.0,2006.0,2001.0
2018106608,カキエモン,牡,金田一昌,,モンテロッソ,000a011b05,マリーズケイ,2011101385,アッミラーレ,1997100569,（有）ミルファーム,ミルファーム,"2,454.5",2007.0,2011.0,1997.0
2018105460,プレフェリータ,牝,萩原清,,モーリス,2011100655,レジネッタ,2005102077,フレンチデピュティ,000a00013a,Ｇ１レーシング,追分ファーム,"2,453.0",2011.0,2005.0,1992.0
2018105314,パタゴニア,牝,池添学,,キズナ,2010105827,ライフフォーセール,000a012104,Not For Sale,000a011fae,シルクレーシング,ノーザンファーム,"2,453.0",2010.0,2008.0,1994.0
2018106078,レッドスパロー,牡,水野貴広,,オルフェーヴル,2008102636,アンジェリック,2011105685,シンボリクリスエス,1999110099,野村茂雄,杵臼牧場,"2,446.0",2008.0,2011.0,1999.0
2018103446,ダノンマヴロス,牡,細川忠義,,ブラックタイド,2001103312,ウエスタンダンサー,2004105048,デヒア,000a0000df,組）志士十二組合,ウエスタンファーム,"2,445.5",2001.0,2004.0,1991.0
2018104731,メインターゲット,牝,杉浦宏昭,,ダイワメジャー,2001103114,ヒシシルバーメイド,1999110060,Silver Deputy,000a001fa3,吉田千津,社台ファーム,"2,441.0",2001.0,1999.0,1985.0
2018100379,ルチルクォーツ,牝,菅原右吉,,アイルハヴアナザー,000a011ed3,ウェルカミング,2012101318,マンハッタンカフェ,1998101554,斉藤秀文,下河辺牧場,"2,438.4",2009.0,2012.0,1998.0
2018105516,グレアリングアイ,牡,古賀慎明,,ハーツクライ,2001103038,ストライキングアイ,2011103596,Smart Strike,000a00211c,Ｇ１レーシング,社台コーポレーション白老ファーム,"2,437.4",2001.0,2011.0,1992.0
2018103870,トランザクト,牡,矢内博,,トランセンド,2006104736,トーホウロサード,2005105422,トーホウエンペラー,1996102712,岩渕哲雄,静内フジカワ牧場,"2,435.0",2006.0,2005.0,1996.0
2018103079,ウォーターアンク,牝,岡田稲男,,オルフェーヴル,2008102636,アンジュシュエット,2011103131,フレンチデピュティ,000a00013a,山岡正人,桑田牧場,"2,435.0",2008.0,2011.0,1992.0
2018106254,ニシノリース,牝,土田稔,,ロードアルティマ,2000110026,ニシノヒナギク,2008104138,アグネスタキオン,1998101516,西山茂行,谷川牧場,"2,434.6",2000.0,2008.0,1998.0
2018102023,ヤマニンビオローネ,牝,奥村豊,,カジノドライヴ,2005110112,ヤマニンラレーヌ,2008104787,ヤマニンセラフィム,1999104188,土井肇,錦岡牧場,"2,433.0",2005.0,2008.0,1999.0
2018105796,リュミエール,牡,福永敏,,クリエイターII,000a013630,ピュアダイヤモンド,2009105676,フジキセキ,1992109618,ユートピア牧場,ユートピア牧場,"2,432.1",2013.0,2009.0,1992.0
2018103498,アイルビーザワン,セ,大山寿文,,アイルハヴアナザー,000a011ed3,シャルマンレーヌ,2004107197,ダンスインザダーク,1993109188,谷口祐人,岡田スタッド,"2,432.0",2009.0,2004.0,1993.0
2018100421,ライズンシャイン,牝,岡田稲男,,ジャスタウェイ,2009106461,パッションローズ,2005103173,アフリート,000a000013,下河辺牧場,下河辺牧場,"2,429.5",2009.0,2005.0,1984.0
2018105621,セイウンオードリー,牡,深山雅史,,リーチザクラウン,2006102923,ゴールドアシュレイ,2008100587,マヤノトップガン,1992102988,西山茂行,宇南山牧場,"2,427.0",2006.0,2008.0,1992.0
2018101371,マリオンエール,牝,安達昭夫,,ロードカナロア,2008103552,ヤマトマリオン,2003104871,オペラハウス,000a000d77,サン,坂東牧場,"2,422.5",2008.0,2003.0,1988.0
2018102032,ポールネイロン,牝,坂井英光,,オルフェーヴル,2008102636,イングランドローズ,2012110052,Dansili,000a010a5f,前田幸治,ノースヒルズ,"2,422.2",2008.0,2012.0,1996.0
2018104577,ボルカンバル,セ,新井清重,,オルフェーヴル,2008102636,カチバ,000a011116,Sir Cat,000a002239,社台レースホース,社台ファーム,"2,420.5",2008.0,2000.0,1993.0
2018102561,フルークツォイク,牡,池田忠好,,アポロキングダム,2003110139,パレスジェイド,2011101295,ゴールドアリュール,1999106689,野村祐,グローリーファーム,"2,419.8",2003.0,2011.0,1999.0
2018102641,エストレラブレイン,牡,藤ケ崎一,,シニスターミニスター,000a011099,ライヴマジック,2008105776,Shamardal,000a010c92,鈴木道隆,下屋敷牧場,"2,417.8",2003.0,2008.0,2002.0
2018101437,カード,牝,小久保智,,カジノドライヴ,2005110112,スズノエミー,2008103434,クロフネ,1998110135,ブルーエクウス,アラキファーム,"2,416.0",2005.0,2008.0,1998.0
2018103766,フレンドパル,牝,深山雅史,,ロードカナロア,2008103552,パルティール,2011104009,スペシャルウィーク,1995103211,前田清二,今牧場,"2,410.4",2008.0,2011.0,1995.0
2018105328,アルマドラード,セ,小笠倫弘,,キングカメハメハ,2001103460,ラドラーダ,2006103419,シンボリクリスエス,1999110099,キャロットファーム,ノーザンファーム,"2,409.0",2001.0,2006.0,1999.0
2018109079,トーケンリュウ,牡,山本学,,フリオーソ,2004106867,レーヴドアクトレス,2002102203,コマンダーインチーフ,000a0000b0,トーケンサービス（,マルシチ牧場,"2,396.0",2004.0,2002.0,1990.0
2018104320,マリーアミノル,牝,中舘英二,,ダイワメジャー,2001103114,ストライクルート,2010110002,Smart Strike,000a00211c,吉岡實,フジワラファーム,"2,392.0",2001.0,2010.0,1992.0
2018101006,ベンチャーアウト,牡,庄野靖志,,リアルインパクト,2008103244,トウカイファイン,2004106738,フレンチデピュティ,000a00013a,吉澤ホールディングス,碧雲牧場,"2,384.0",2008.0,2004.0,1992.0
2018106689,エアセイラン,牡,那俄性哲,,Air Force Blue,000a012ed4,ヴァバーウエン,000a013e1d,Kitten's Joy,000a0119b3,（株）ファーストビジ,スイートファーム,"2,381.5",2013.0,2013.0,2001.0
2018104626,マイナーズライト,セ,川添明弘,,スウェプトオーヴァーボード,000a00fa34,シャリオドール,2013105462,ヴィクトワールピサ,2007102923,桑田照夫,社台ファーム,"2,376.8",1997.0,2013.0,2007.0
2018100580,レスペディーザ,牝,田中淳司,,マクフィ,000a011c77,レッドシャンデル,2008103418,ネオユニヴァース,2000101426,ＮＩＣＫＳ,スマイルファーム,"2,370.8",2007.0,2008.0,2000.0
2018101668,エリオット,牡,打越勇児,,サウスヴィグラス,1996110138,キャッツ,000a0117cd,Storm Cat,000a001a98,（株）マフィン,佐藤牧場,"2,366.0",1996.0,2006.0,1983.0
2018102689,キャストロポポ,牡,山本学,,マジェスティックウォリアー,000a011e9c,キャストロメファ,2010105357,トワイニング,000a000006,手嶋康雄,田湯牧場,"2,365.5",2005.0,2010.0,1991.0
2018103247,ハングタイム,牡,坂本和也,,ロードアルティマ,2000110026,ニケ,2009100620,ダイワメジャー,2001103114,前田良平,高松牧場,"2,353.1",2000.0,2009.0,2001.0
2018105299,プレミアエンブレム,牝,田村康仁,,ルーラーシップ,2007103143,メジャーエンブレム,2013105840,ダイワメジャー,2001103114,サンデーレーシング,ノーザンファーム,"2,350.0",2007.0,2013.0,2001.0
2018102811,スズノイナズマ,セ,深山雅史,,リーチザクラウン,2006102923,フローラルウインド,2006102662,アグネスタキオン,1998101516,小紫嘉之,本桐牧場,"2,350.0",2006.0,2006.0,1998.0
2018101204,ジューンクエスト,牡,西川進也,,エスポワールシチー,2005102837,ジュエリーストーム,2013100642,ストーミングホーム,1998190003,（株）ＴＫＫ,山田政宏,"2,349.6",2005.0,2013.0,1998.0
2018106752,ゼローソ,セ,鋤田誠二,,フリオーソ,2004106867,ギフトオブソング,000a0116f1,Unbridled's Song,000a002071,小橋亮太,ダーレー・ジャパン・ファーム,"2,349.3",2004.0,2004.0,1993.0
2018104762,キャニオニング,牝,村田一誠,,キングカメハメハ,2001103460,ブリッジクライム,2009106032,ゼンノロブロイ,2000101517,吉田照哉,社台ファーム,"2,347.6",2001.0,2009.0,2000.0
2018101932,ショウネンジダイ,牡,新井清重,,エイシンフラッシュ,2007102951,フサイチエアデール,1996107418,サンデーサイレンス,000a00033a,長浜秋一,長浜牧場,"2,345.5",2007.0,1996.0,1986.0
2018103976,ダイモーン,牡,大島静夫,,ホッコータルマエ,2009100921,トロピカルラヴ,2003102745,ダンスインザダーク,1993109188,吉岡時美,武牧場,"2,344.3",2009.0,2003.0,1993.0
2018110127,コウエイブレイヴ,牡,目迫大輔,,Run Away and Hide,000a01316c,Officer Allie,000a017956,Officer,000a0108d0,（株）ファーストビジ,Jack Owens & Barbara Owens,"2,341.5",2006.0,2005.0,1999.0
2018100905,アームストロング,牡,久保秀男,,ベルシャザール,2008103004,ユメノハコブネ,2004101237,クロフネ,1998110135,塩田清,浜本幸雄,"2,338.0",2008.0,2004.0,1998.0
2018102054,ロングトレーン,牝,佐々木晶,,トランセンド,2006104736,デビュタント,2012103219,ディープインパクト,2002100816,前田幸治,ノースヒルズ,"2,327.0",2006.0,2012.0,2002.0
2018103292,アークボルト,牡,栗本陽一,,トランセンド,2006104736,リハーサル,2009102679,ストーミングホーム,1998190003,ＡＨＣ（株）,野表俊一,"2,326.9",2006.0,2009.0,1998.0
2018106049,ミラコロカナーレ,牡,中道啓二,,ワイルドワンダー,2002104665,ウインマルゲリータ,2010104693,メイショウオウドウ,1995101767,荷口優,川越ファーム,"2,325.5",2002.0,2010.0,1995.0
2018102858,ブルーバード,牝,高橋祥泰,,リーチザクラウン,2006102923,エーシンベタラネリ,2006110036,Elusive Quality,000a00231f,サラブレッドクラブ・ラフィアン,水丸牧場,"2,323.1",2006.0,2006.0,1993.0
2018102069,ラナキラ,牝,尾関知人,,ロードカナロア,2008103552,ラベ,2005105379,ダンスインザダーク,1993109188,ノースヒルズ,ノースヒルズ,"2,321.0",2008.0,2005.0,1993.0
2018101462,フレーゲル,牡,伊藤滋規,,トゥザワールド,2011103975,ハルトリーゲル,2009104457,ファスリエフ,000a00fc4c,内田玄祥,石田牧場,"2,318.0",2011.0,2009.0,1997.0
2018104365,マイグレーション,牡,飯田弘道,,キンシャサノキセキ,2003110212,テンザンコノハナ,2004105025,カリズマティック,000a00fa33,野村茂雄,藤原牧場,"2,312.9",2003.0,2004.0,1996.0
2018104730,シャドウエリス,牝,金成貴史,,ハーツクライ,2001103038,パールシャドウ,2006103035,クロフネ,1998110135,飯塚知一,社台ファーム,"2,304.0",2001.0,2006.0,1998.0
2018101662,ヴォーグマチネ,牡,原口次夫,,ロージズインメイ,000a010a10,ツクバオトメ,2008103074,ネオユニヴァース,2000101426,志村幸彦,坂元芳春,"2,297.0",2000.0,2008.0,2000.0
2018104754,リファインドマナー,牝,杉山佳明,,パイロ,000a01176a,フレンドリーマナー,2000101417,サンデーサイレンス,000a00033a,高橋明裕,社台ファーム,"2,291.2",2005.0,2000.0,1986.0
2018103477,ホウオウヴォーヌ,牡,天間昭一,,オルフェーヴル,2008102636,ヴンダーゾンネ,2006100745,グラスワンダー,1995108676,小笹芳央,岡田スタッド,"2,290.0",2008.0,2006.0,1995.0
2018102287,ニシノアジャスト,牡,小手川準,,リーチザクラウン,2006102923,ニシノステディー,2008102454,グランデラ,000a00fe3b,西山茂行,村上欽哉,"2,288.4",2006.0,2008.0,1998.0
2018102665,サツキハピネス,牝,土田稔,,エピファネイア,2010104155,ハッピーユーゲント,2009106326,ディープインパクト,2002100816,小野博郷,タガミファーム,"2,286.2",2010.0,2009.0,2002.0
2018106305,テーオーディエス,牝,宮徹,,ラブリーデイ,2010104298,ティノ,2013105694,キンシャサノキセキ,2003110212,小笹公也,チェスナットファーム,"2,284.7",2010.0,2013.0,2003.0
2018105703,コトブキアルニラム,牝,佐々木仁,,クリエイターII,000a013630,ルミノハレブタイ,2010102550,クロフネ,1998110135,尾上松壽,笹川大晃牧場,"2,284.0",2013.0,2010.0,1998.0
2018102667,ニューアリオン,牡,新谷功一,,リオンディーズ,2013105915,ママアルパ,2011103790,タニノギムレット,1999100226,フィールドレーシング,タガミファーム,"2,283.7",2013.0,2011.0,1999.0
2018104695,クロフネミッション,牝,新開幸一,,クロフネ,1998110135,トリプルミッション,2012104306,ハービンジャー,000a011996,会田浩史,社台ファーム,"2,280.0",1998.0,2012.0,2006.0
2018104563,オメガロマンス,牝,斎藤誠,,ハーツクライ,2001103038,オメガスピリット,2001102438,スピニングワールド,000a000325,原禮子,社台ファーム,"2,280.0",2001.0,2001.0,1993.0
2018102807,ニシノソワレ,牡,冨田敏男,,ディスクリートキャット,000a0113a1,ニシノメルモ,2007102503,スペシャルウィーク,1995103211,冨田藤男,本桐牧場,"2,280.0",2003.0,2007.0,1995.0
2018103330,マサカウマザンマイ,牡,青木孝文,,キンシャサノキセキ,2003110212,イタリアンオリーブ,2004103253,アフリート,000a000013,鈴木慈雄,フクオカファーム,"2,277.5",2003.0,2004.0,1984.0
2018100442,モーデン,牡,加藤公太,,モーリス,2011100655,マートンパーク,2012101339,フレンチデピュティ,000a00013a,ＹＧＧホースクラブ,下河辺牧場,"2,272.0",2011.0,2012.0,1992.0
2018103543,レヴォリオ,牡,村上頼章,,ジャスタウェイ,2009106461,ブリュメール,2000101786,ティンバーカントリー,000a00035e,西村健作,岡田スタッド,"2,265.1",2009.0,2000.0,1992.0
2018101001,ピクトルテソーロ,セ,鮫島克也,,シンボリクリスエス,1999110099,ハンドスター,2009102992,パラダイスクリーク,1989109110,了徳寺健二ホールディングス,船越牧場,"2,263.8",1999.0,2009.0,1989.0
2018100395,ペドラフォルカ,牝,上村洋行,,ディープインパクト,2002100816,サトノジョリー,2009102473,Bernardini,000a0111fe,下河辺隆行,下河辺牧場,"2,263.0",2002.0,2009.0,2003.0
2018110017,スカイナイル,牝,牧浦充徳,,Pioneerof the Nile,000a0122f5,ジョイフルビクトリー,000a01440d,Tapit,000a011248,社台レースホース,Teruya Yoshida,"2,260.0",2006.0,2008.0,2001.0
2018101592,スナークシュンソウ,牡,野中賢二,,エイシンヒカリ,2011101273,スナークスズラン,1999105134,ダンシングブレーヴ,000a0000cc,杉本豊,小泉牧場,"2,260.0",2011.0,1999.0,1983.0
2018104611,スクリーンプロセス,セ,中川公成,,スクリーンヒーロー,2004103328,サイレントクロップ,2009105801,シンボリクリスエス,1999110099,社台レースホース,社台ファーム,"2,241.0",2004.0,2009.0,1999.0
2018102306,マンテーニャ,牡,柏原誠路,,ハタノヴァンクール,2009102350,ヴァーチュスター,2008110029,シンボリクリスエス,1999110099,山上和良,村上進治,"2,238.1",2009.0,2008.0,1999.0
2018106914,トリプルミリオン,牝,林正人,,エイシンヒカリ,2011101273,レヴリ,2002107654,ホワイトマズル,1990109700,江川伸夫,川上牧場,"2,234.4",2011.0,2002.0,1990.0
2018110110,アイファーリンクス,牝,鮫島一歩,,Fed Biz,000a0145b2,Polish Silk,000a014d2c,Polish Pro,000a01184a,中島稔,David G. Campbell,"2,232.0",2009.0,1999.0,1993.0
2018101034,ホウヨウクリスタル,牡,板垣吉則,,マクフィ,000a011c77,ユニバーサルビーチ,2011102215,ネオユニヴァース,2000101426,会田裕一,豊洋牧場,"2,228.2",2007.0,2011.0,2000.0
2018105477,タイフォン,牡,森田直行,,フェノーメノ,2009106599,ヴァリアントレディ,2005102178,ウォーエンブレム,000a00fa35,吉田安惠,社台コーポレーション白老ファーム,"2,227.0",2009.0,2005.0,1999.0
2018102142,マイネルダンク,セ,東眞市,,ゴールドシップ,2009102739,ビラゴーティアラ,2007104013,スターオブコジーン,1988109108,篠塚和郎,ビッグレッドファーム,"2,221.6",2009.0,2007.0,1988.0
2018104561,エンブレムコード,牝,尾関知人,,エピファネイア,2010104155,オメガエンブレム,2009105760,ウォーエンブレム,000a00fa35,山口功一郎,社台ファーム,"2,217.2",2010.0,2009.0,1999.0
2018103744,ミコノスフレイバー,牡,稲益貴弘,,スズカコーズウェイ,2004104345,プレシャスヴィガー,2011101951,サウスヴィグラス,1996110138,尾田信夫,グランド牧場,"2,212.0",2004.0,2011.0,1996.0
2018110112,バラードインミラノ,牡,小野次郎,,ダノンバラード,2008103548,Epica,000a01533c,Excellent Art,000a012379,稲場澄,Colombo Carlo and Rz Vedano Di Litta Modignani Picozzi Alfonso,"2,211.3",2008.0,2013.0,2004.0
2018103672,ブラックマンバ,牡,別府真司,,ダノンレジェンド,2010110102,プリンセスボーラー,2012101074,メイショウボーラー,2001100650,吉橋英隆,神垣道弘,"2,209.5",2010.0,2012.0,2001.0
2018104644,スターリングワース,牝,中舘英二,,ミッキーアイル,2011103916,スターシップトラッフルズ,000a012f02,Ghostzapper,000a010525,吉田照哉,社台ファーム,"2,207.0",2011.0,2009.0,2000.0
2018105333,アドマイヤレビン,牡,小西重征,,ブラックタイド,2001103312,ラリズ,000a011abb,Bernstein,000a010bae,松井淳二,ノーザンファーム,"2,204.3",2001.0,2004.0,1997.0
2018105583,サワヤカコーズサン,セ,森下淳平,,スズカコーズウェイ,2004104345,サワヤカラスカル,2005101771,ラスカルスズカ,1996103387,永井啓弐,新井牧場,"2,202.0",2004.0,2005.0,1996.0
2018106472,シーオブドリームス,牝,矢野英一,,ホッコータルマエ,2009100921,タイキラナキラ,2011106005,フジキセキ,1992109618,大樹ファーム,ビクトリーホースランチ,"2,201.6",2009.0,2011.0,1992.0
2018105671,トーセンインディゴ,牡,小久保智,,ダイワメジャー,2001103114,トーセンブリリアン,2003102610,ホワイトマズル,1990109700,島川隆哉,エスティファーム,"2,201.5",2001.0,2003.0,1990.0
2018101679,カシノフォワード,セ,伊藤和,,ゴスホークケン,2005110186,セトウチダイヤ,2006100938,タイキシャトル,1994109686,柏木務,サンローゼン,"2,201.3",2005.0,2006.0,1994.0
2018103538,エーアイダンサー,牝,新井清重,,タニノギムレット,1999100226,フェイドレス,2000101481,バブルガムフェロー,1993109219,岡田壮史,岡田スタッド,"2,201.1",1999.0,2000.0,1993.0
2018100096,キトゥンズマーチ,牝,上原博之,,ディスクリートキャット,000a0113a1,マイディアソング,2008105281,ディープインパクト,2002100816,ノルマンディーサラブレッドレーシング,いとう牧場,"2,200.0",2003.0,2008.0,2002.0
2018102716,プロバーティオ,牡,田中剛,,トランセンド,2006104736,オナーリーブ,2003104832,ダンスインザダーク,1993109188,ノースヒルズ,土居牧場,"2,189.2",2006.0,2003.0,1993.0
2018101217,リコーリュウセイ,牡,胡本友晴,,パイロ,000a01176a,ケイアイメルヘン,2002107326,エンドスウィープ,000a00010f,ファーストビジョン,リコーファーム,"2,185.7",2005.0,2002.0,1991.0
2018105670,トーセンマーク,牡,古賀慎明,,トーセンホマレボシ,2009106092,トーセンフリージア,2007106428,シンボリクリスエス,1999110099,島川隆哉,エスティファーム,"2,183.4",2009.0,2007.0,1999.0
2018102813,リキサンハート,牝,奥平雅士,,ダイワメジャー,2001103114,リキサンピュアティ,2000101649,トニービン,1983109006,ハイパワー商事,本桐牧場,"2,177.0",2001.0,2000.0,1983.0
2018102995,リンクスショウ,牡,栗田泰昌,,メイショウボーラー,2001100650,トゥーラムール,2002104855,スペシャルウィーク,1995103211,豊島愛子,一倉牧場,"2,176.0",2001.0,2002.0,1995.0
2018100919,ダイキチホマレ,牡,池田忠好,,フリオーソ,2004106867,プリンセスハルカ,2010101284,ハーツクライ,2001103038,堤保政,坂東ファーム,"2,175.0",2004.0,2010.0,2001.0
2018101904,ライジングサミット,牡,佐々木由,,エスポワールシチー,2005102837,マミーフェスト,2010106432,エイシンサンディ,1993103280,（有）武田興業,中本牧場,"2,173.4",2005.0,2010.0,1993.0
2018106129,アレデラヴァン,セ,本間忍,,ゼンノロブロイ,2000101517,ディテール,2007106371,コマンダーインチーフ,000a0000b0,黒岩初美,久保昇,"2,169.0",2000.0,2007.0,1990.0
2018105096,レッドフランカー,セ,前川恭子,,リアルインパクト,2008103244,スタイルリスティック,000a010cac,Storm Cat,000a001a98,東京ホースレーシング,ノーザンファーム,"2,167.0",2008.0,1999.0,1983.0
2018101198,タイセイアーメット,牡,内田勝義,,タートルボウル,000a012045,ハートノイヤリング,2008102854,ハーツクライ,2001103038,田中成奉,門別山際牧場,"2,165.0",2002.0,2008.0,2001.0
2018100346,フューリアス,牡,藤田弘治,,バトルプラン,000a0118e8,ヴィヴァント,2012103998,ハーツクライ,2001103038,津田浩一,サンバマウンテンファーム,"2,165.0",2005.0,2012.0,2001.0
2018102517,ココロイキ,牡,佐野謙二,,フリオーソ,2004106867,バイタルクィーン,2007103541,プリサイスエンド,000a00fe9b,和田博美,加野牧場,"2,161.0",2004.0,2007.0,1997.0
2018105608,パラノイド,牝,萩原清,,ヘニーヒューズ,000a011155,カーヴィシャス,2010104335,シンボリクリスエス,1999110099,池谷誠一,上水牧場,"2,159.0",2003.0,2010.0,1999.0
2018104308,カンタベリーマッハ,牡,山下定文,,アーネストリー,2005105410,ウインブリーザ,2009105287,ファンタスティックライト,1996190005,峰哲馬,藤吉牧場,"2,157.0",2005.0,2009.0,1996.0
2018104119,マインジャラン,牡,上杉昌宏,,キズナ,2010105827,ホームスイートホーム,000a0105cc,Seeking the Gold,000a001bea,前田幸治,千代田牧場,"2,156.5",2010.0,1999.0,1985.0
2018106145,アコルダール,牝,西園翔太,,ダノンレジェンド,2010110102,ピンキーカフェ,2011102972,ステイゴールド,1994108729,ノルマンディーサラブレッドレーシング,斉藤英牧場,"2,156.0",2010.0,2011.0,1994.0
2018104791,タイセイアーサー,牡,青木孝文,,キングカメハメハ,2001103460,マドモアゼルドパリ,2001103046,サンデーサイレンス,000a00033a,田中成奉,社台ファーム,"2,153.0",2001.0,2001.0,1986.0
2018100424,ガムラン,牡,佐藤茂,,ヴィクトワールピサ,2007102923,ピサノプリヴェ,2006105480,Hold That Tiger,000a010a64,ニットー商事,下河辺牧場,"2,150.3",2007.0,2006.0,2000.0
2018102267,ハクアイゴジロー,牡,横山保,,パイロ,000a01176a,ウインルナ,2006104964,フレンチデピュティ,000a00013a,北原大史,村上欽哉,"2,147.0",2005.0,2006.0,1992.0
2018106103,イズジョードリーム,牡,小牧毅,,キンシャサノキセキ,2003110212,ブーケトウショウ,2010103059,サクラバクシンオー,1989108341,伊藤準一郎,杵臼牧場,"2,146.5",2003.0,2010.0,1989.0
2018104583,カルナック,牡,山崎尋美,,American Pharoah,000a012aad,キトゥンズダンプリングス,000a013da8,Kitten's Joy,000a0119b3,社台レースホース,社台ファーム,"2,144.5",2012.0,2010.0,2001.0
2018109084,フィスラー,牡,八木正喜,,キンシャサノキセキ,2003110212,トップチョイス,2004110256,Cryptoclearance,000a001e83,小泉修,ワールドファーム,"2,144.1",2003.0,2004.0,1984.0
2018105456,サルマン,牡,中尾秀正,,フェノーメノ,2009106599,リングジアラーム,2004103084,スウェプトオーヴァーボード,000a00fa34,吉田晴哉,追分ファーム,"2,140.0",2009.0,2004.0,1997.0
2018103749,ヨッシーフェイス,牡,寺島良,,サウスヴィグラス,1996110138,ホワイトカーニバル,2000101973,ミシル,1988109110,ＳＴレーシング,グランド牧場,"2,140.0",1996.0,2000.0,1988.0
2018101746,タイスケフェイス,牡,長倉功,,ジャスタウェイ,2009106461,ビバエルフ,2006106523,コロナドズクエスト,000a0000b5,佐々木勉,高瀬牧場,"2,136.0",2009.0,2006.0,1995.0
2018100655,オータムヒロイン,牝,鮫島一歩,,スクリーンヒーロー,2004103328,オータムメロディー,000a010ce1,Kingmambo,000a001d7e,ゴドルフィン,ダーレー・ジャパン・ファーム,"2,135.8",2004.0,2002.0,1990.0
2018106588,ゲンパチリベロ,牡,田中譲二,,ドゥラメンテ,2012104511,クレバークリス,2006101820,クロフネ,1998110135,（同）ＪＰＮ技研,ミリオンファーム,"2,130.6",2012.0,2006.0,1998.0
2018105326,ブラックラテ,牡,梅田智之,,ブラックタイド,2001103312,ラテアート,2008103359,サクラバクシンオー,1989108341,サンデーレーシング,ノーザンファーム,"2,128.0",2001.0,2008.0,1989.0
2018105530,ゴットゴーゴー,牝,高橋純,,ルーラーシップ,2007103143,デコレイト,2009106600,スペシャルウィーク,1995103211,岩渕道良,社台コーポレーション白老ファーム,"2,127.7",2007.0,2009.0,1995.0
2018103063,フィルムスコア,牝,黒木豊,,ルーラーシップ,2007103143,ロンド,2008101974,ロックオブジブラルタル,000a00fd4c,関昭一,笠松牧場,"2,125.3",2007.0,2008.0,1999.0
2018105411,フローレスクイーン,牝,田中克典,,Frankel,000a01239b,クイーンカトリーン,000a013db8,Acclamation,000a0122b0,Ｇ１レーシング,追分ファーム,"2,122.3",2008.0,2011.0,1999.0
2018104829,エールソヴール,牝,橋口慎介,,ストロングリターン,2006102934,ラブリリック,2008103042,ワイルドラッシュ,000a0003a1,佐伯由加理,社台ファーム,"2,121.0",2006.0,2008.0,1994.0
2018100454,サンフローリス,牝,宮本仁,,ハーツクライ,2001103038,ルアーズストリート,2007105554,キングカメハメハ,2001103460,遠藤喜和,下河辺牧場,"2,120.1",2001.0,2007.0,2001.0
2018106090,ロッキーブレイヴ,牡,竹下直人,,ケープブランコ,000a011b06,スウィングダンス,2007101432,クロフネ,1998110135,ファーストビジョン,杵臼牧場,"2,117.3",2007.0,2007.0,1998.0
2018105479,ケープホーン,牝,村上頼章,,タートルボウル,000a012045,ヴァルパライソ,2001103264,サンデーサイレンス,000a00033a,吉田晴哉,社台コーポレーション白老ファーム,"2,115.5",2002.0,2001.0,1986.0
2018106425,ドリアード,牝,佐々木晶,,キズナ,2010105827,ナイアード,2006102204,ワイルドラッシュ,000a0003a1,ヒダカ・ブリーダーズ・ユニオン,日進牧場,"2,114.0",2010.0,2006.0,1994.0
2018103055,ランカンカン,セ,別府真司,,ヴィクトワールピサ,2007102923,ニュアージュドール,2012105791,ディープスカイ,2005101358,橋元勇氣,笠松牧場,"2,112.5",2007.0,2012.0,2005.0
2018100378,ディアナグラン,牝,大竹正博,,ダイワメジャー,2001103114,ウィステリアアーチ,2007105546,キングカメハメハ,2001103460,湊義明,下河辺牧場,"2,111.5",2001.0,2007.0,2001.0
2018106097,ディオスクーロイ,牡,松下武士,,マジェスティックウォリアー,000a011e9c,ナムラエラン,2005100385,アグネスタキオン,1998101516,野嶋祥二,杵臼牧場,"2,111.0",2005.0,2005.0,1998.0
2018105035,トレデマンド,牝,松永幹夫,,ディープインパクト,2002100816,コンドコマンド,000a012f06,Tiz Wonderful,000a011c23,サンデーレーシング,ノーザンファーム,"2,111.0",2002.0,2012.0,2004.0
2018102677,ポッドアワーズ,牡,加藤和宏,,ニホンピロアワーズ,2007100191,ポッドドナータ,2014101152,ストリートセンス,000a0113a2,安部重夫,タツヤファーム,"2,109.7",2007.0,2014.0,2004.0
2018106605,ホーキーポーキー,牝,武市康男,,ディスクリートキャット,000a0113a1,ファンファーレ,2011102915,フレンチデピュティ,000a00013a,ミルファーム,ミルファーム,"2,108.6",2003.0,2011.0,1992.0
2018101241,ラルムオブダリア,牝,鷹見浩,,ナムラタイタン,2006101408,レオキラメキ,2007101153,アルカセット,2000190010,江里口弘一郎,若林順一,"2,108.5",2006.0,2007.0,2000.0
2018101054,チャイブテソーロ,牝,武市康男,,スクリーンヒーロー,2004103328,メイドインリオ,000a012f8d,Captain Rio,000a010d4b,了徳寺健二ホールディングス,本間牧場,"2,108.0",2004.0,2011.0,1999.0
2018104165,ニホンピロクリフ,牡,川嶋弘吉,,ルーラーシップ,2007103143,ニホンピロディール,2011102492,サイレントディール,2000101634,小林英一,友田牧場,"2,107.4",2007.0,2011.0,2000.0
2018101144,クレモナ,牝,長倉功,,クラグオー,2010100350,トゥバン,2007106188,アドマイヤドン,1999107052,門別敏朗,門別敏朗,"2,105.5",2010.0,2007.0,1999.0
2018106723,バルドルブレイン,牡,加藤和義,,ロードカナロア,2008103552,ラグタイム,2011102919,ディープインパクト,2002100816,藤田卓也,エクセルマネジメント,"2,102.5",2008.0,2011.0,2002.0
2018105986,エイシンリヒト,牡,今津博之,,エイシンヒカリ,2011101273,ミスティコンクエスト,000a0123da,Mujadil,000a001fac,平井克彦,栄進牧場,"2,097.8",2011.0,2009.0,1988.0
2018110115,ジャスパーメジャー,牡,佐久間雅,,Animal Kingdom,000a011dad,Seahawk Girl,000a014dc5,Pioneerof the Nile,000a0122f5,加藤和夫,William Humphries & Altair Farms LLC,"2,096.9",2008.0,2011.0,2006.0
2018103512,ホウオウジュレップ,牝,加藤和宏,,エイシンヒカリ,2011101273,タニノジュレップ,2005100234,コロナドズクエスト,000a0000b5,ファーストビジョン,岡田スタッド,"2,095.8",2011.0,2005.0,1995.0
2018106426,ニシノオイカゼ,牡,武市康男,,ヒルノダムール,2007100727,ニシノミナミカゼ,2013102911,ファルブラヴ,1998190004,西山茂行,日進牧場,"2,092.0",2007.0,2013.0,1998.0
2018101319,シンタロウ,牡,田中淳司,,プリサイスエンド,000a00fe9b,ツクバエンジェル,2007106196,クロフネ,1998110135,中田和宏,中田牧場,"2,092.0",1997.0,2007.0,1998.0
2018105457,ルーリング,牡,川島正一,,ルーラーシップ,2007103143,リープオブフェイス,2007102686,クロフネ,1998110135,Ｇ１レーシング,追分ファーム,"2,091.0",2007.0,2007.0,1998.0
2018102200,マヒオレ,牡,井樋一也,,エピファネイア,2010104155,カヒリ,2009106091,キングカメハメハ,2001103460,盛学志,北星村田牧場,"2,091.0",2010.0,2009.0,2001.0
2018100659,クァンタムレルム,牝,石橋守,,アドマイヤムーン,2003102991,コズミックフレイム,000a0127f3,Doyen,000a010533,ゴドルフィン,ダーレー・ジャパン・ファーム,"2,090.7",2003.0,2010.0,2000.0
2018105667,トーセンジャック,牡,伊藤強一,,トーセンブライト,2001103660,トーセンパピヨン,2008102965,フジキセキ,1992109618,（同）ＪＰＮ技研,エスティファーム,"2,090.0",2001.0,2008.0,1992.0
2018101141,テイルウインド,牡,川野勇馬,,リオンディーズ,2013105915,スターウインド,2012104714,マンハッタンカフェ,1998101554,上岡和男,門別敏朗,"2,089.0",2013.0,2012.0,1998.0
2018101122,ペルチャン,牝,新子雅司,,サウスヴィグラス,1996110138,ペルファヴォーレ,1997104826,アフリート,000a000013,（株）目黒牧場,目黒牧場,"2,087.5",1996.0,1997.0,1984.0
2018104860,ゴーストレート,牡,板垣吉則,,エイシンフラッシュ,2007102951,レッドリップス,2006102912,フレンチデピュティ,000a00013a,堂守貴志,社台ファーム,"2,084.5",2007.0,2006.0,1992.0
2018106157,タイセイヴィーナス,牝,内田勝義,,シニスターミニスター,000a011099,フラワーロック,2008101489,アッミラーレ,1997100569,田中成奉,酒井牧場,"2,084.4",2003.0,2008.0,1997.0
2018100968,ゼンダンリュウ,牡,飯田良弘,,ディスクリートキャット,000a0113a1,マリブビーチ,2008102996,マンハッタンカフェ,1998101554,渡邊善男,広中稔,"2,083.7",2003.0,2008.0,1998.0
2018104658,プルミエロール,牡,寺島良,,スクリーンヒーロー,2004103328,センシュアルドレス,2004103196,アグネスタキオン,1998101516,キャロットファーム,社台ファーム,"2,079.8",2004.0,2004.0,1998.0
2018106561,アルシオーネ,牡,須貝尚介,,ドゥラメンテ,2012104511,ラッシュライフ,2003102762,サクラバクシンオー,1989108341,安原浩司,三嶋牧場,"2,077.0",2012.0,2003.0,1989.0
2018103135,トロンアゲイン,牝,和田勇介,,プリサイスエンド,000a00fe9b,トロンボーン,2010102076,アグネスタキオン,1998101516,高昭牧場,高昭牧場,"2,070.0",1997.0,2010.0,1998.0
2018101874,ラペルシェール,牡,佐野謙二,,スウェプトオーヴァーボード,000a00fa34,ドリームレインボー,2004100535,カコイーシーズ,1986109001,吉田喜昭,堂島牧場,"2,062.5",1997.0,2004.0,1986.0
2018106372,タイセイエクセル,牝,佐藤雅彦,,ヘニーヒューズ,000a011155,エリモマドンナ,2007101047,ダンスインザダーク,1993109188,田中成奉,富田牧場,"2,061.0",2003.0,2007.0,1993.0
2018105184,ブリンク,牝,吉岡辰弥,,エピファネイア,2010104155,パッシフローラ,2009106220,ディープインパクト,2002100816,吉田和美,ノーザンファーム,"2,061.0",2010.0,2009.0,2002.0
2018105231,ラヴォルタ,牝,田村康仁,,ロードカナロア,2008103552,フロアクラフト,2010104347,フジキセキ,1992109618,キャロットファーム,ノーザンファーム,"2,060.0",2008.0,2010.0,1992.0
2018103274,アオイショー,牡,中舘英二,,ロードカナロア,2008103552,スイチョウカ,2011103683,シンボリクリスエス,1999110099,新谷幸義,中村雅明,"2,053.4",2008.0,2011.0,1999.0
2018106232,ヨロシオスナ,牡,川島洋人,,ロードアルティマ,2000110026,レッダンゴールド,1997100562,サンデーサイレンス,000a00033a,伊藤準一郎,田中スタッド,"2,052.3",2000.0,1997.0,1986.0
2018102219,ワーイズオーバー,牡,保利良平,,マジェスティックウォリアー,000a011e9c,インプレショニスト,2010104315,ディープインパクト,2002100816,薪浦亨,松浦牧場,"2,051.5",2005.0,2010.0,2002.0
2018102933,ジョーイルガチフェ,牡,小久保智,,ジョーカプチーノ,2006100529,ジョーアラマート,2008103959,キングヘイロー,1995104427,上田江吏子,山際牧場,"2,050.0",2006.0,2008.0,1995.0
2018102593,シャスティーナ,牝,中村直也,,ロードカナロア,2008103552,パラダイスリッジ,2012104604,ディープインパクト,2002100816,ロードホースクラブ,ケイアイファーム,"2,048.0",2008.0,2012.0,2002.0
2018109002,バリコノユメ,牝,松永昌博,,ウインバリアシオン,2008103206,サルサファンタジア,2012109212,フレンチデピュティ,000a00013a,大田恭充,荒谷牧場,"2,047.0",2008.0,2012.0,1992.0
2018106303,クールシャワー,牡,有馬澄男,,ラブリーデイ,2010104298,クールマギー,2013103472,キンシャサノキセキ,2003110212,川上哲司,チェスナットファーム,"2,041.5",2010.0,2013.0,2003.0
2018102382,ライヴクラッカー,牡,赤嶺本浩,,ホッコータルマエ,2009100921,メロークーミス,2008104870,ダンスインザダーク,1993109188,澤田孝之,守矢牧場,"2,039.0",2009.0,2008.0,1993.0
2018103483,ヴィオマージュ,牡,栗林徹治,,マツリダゴッホ,2003104570,エロージュ,2006103049,フサイチコンコルド,1993109220,（同）ＪＰＮ技研,岡田スタッド,"2,037.5",2003.0,2006.0,1993.0
2018103094,ディーエスボンバー,牡,松本隆宏,,キンシャサノキセキ,2003110212,マロトウショウ,2005100686,ワイルドラッシュ,000a0003a1,秋谷壽之,桑田牧場,"2,034.4",2003.0,2005.0,1994.0
2018105738,トーアエレクトロン,牡,高月賢一,,ディスクリートキャット,000a0113a1,ジョーヌダンブル,2011105459,アグネスデジタル,1997110025,稲場澄,トーア牧場,"2,032.0",2003.0,2011.0,1997.0
2018102559,グロリオーソ,牝,佐野謙二,,フリオーソ,2004106867,シャインエタニティ,2010105177,グラスワンダー,1995108676,仲尾正人,グローリーファーム,"2,027.5",2004.0,2010.0,1995.0
2018104471,グレイトミッション,牝,中川竜馬,,ダイワメジャー,2001103114,アートスタジオ,000a011a4f,Bernardini,000a0111fe,豊島愛子,矢野牧場,"2,026.2",2001.0,2008.0,2003.0
2018102961,ビゾンテノブファロ,牡,飯田弘道,,プリサイスエンド,000a00fe9b,テラノクリスティー,2005104709,アドマイヤボス,1997103699,橋本政信,レースホース牧場,"2,024.2",1997.0,2005.0,1997.0
2018105873,ミキノバスドラム,牡,平山真希,,ミキノバンジョー,2007100811,ミキノモナコ,2004101197,ディアブロ,000a0000e9,谷口久和,浦河育成牧場,"2,022.6",2007.0,2004.0,1987.0
2018105383,カラパタール,牝,池上昌和,,カレンブラックヒル,2009106230,ロッシェノワール,2006103393,ブラックホーク,1994109361,シルクレーシング,ノーザンファーム,"2,021.0",2009.0,2006.0,1994.0
2018106302,バラク,牝,朝倉実,,プリサイスエンド,000a00fe9b,モエレアイドル,2006103787,ゴールドヘイロー,1997101264,（有）ノマ,大道牧場,"2,019.5",1997.0,2006.0,1997.0
2018110090,ブラックロータス,牡,高月賢一,,American Pharoah,000a012aad,Arravale,000a014409,Arch,000a0021b7,レッドマジック,Merriebelle Stable LLC,"2,017.5",2012.0,2003.0,1995.0
2018102204,ビルボードクィーン,牝,齋藤雄一,,ルーラーシップ,2007103143,ビッグクィーン,2004100852,ブライアンズタイム,000a000082,吉田勝利,北星村田牧場,"2,016.9",2007.0,2004.0,1985.0
2018105525,パルヴニール,牝,荒山勝徳,,キンシャサノキセキ,2003110212,タスクミストレス,2007103106,キングカメハメハ,2001103460,吉田晴哉,社台コーポレーション白老ファーム,"2,014.5",2003.0,2007.0,2001.0
2018101573,セイレーン,牝,佐々木晶,,オルフェーヴル,2008102636,ウインキナウ,2006102807,キングカメハメハ,2001103460,浅川昌彦,協和牧場,"2,014.0",2008.0,2006.0,2001.0
2018102144,マイネルパリオート,牡,宗綱泰彦,,グラスワンダー,1995108676,フライングメリッサ,2004102746,ダンスインザダーク,1993109188,（同）ＪＰＮ技研,ビッグレッドファーム,"2,013.9",1995.0,2004.0,1993.0
2018103812,スラップショット,セ,大竹正博,,Air Force Blue,000a012ed4,ラックスフィールドロード,000a013ebc,Quality Road,000a011cff,ノースヒルズ,桜井牧場,"2,010.0",2013.0,2013.0,2006.0
2018102256,ロングジャーニー,牝,小久保智,,モーリス,2011100655,ハルサンサン,2008105046,サウスヴィグラス,1996110138,密山根成,三村卓也,"2,007.5",2011.0,2008.0,1996.0
2018106411,モメントグスタール,セ,打越勇児,,ハービンジャー,000a011996,ハーモニーフェア,2010104259,シンボリクリスエス,1999110099,高樽さゆり,中脇満,"2,007.3",2006.0,2010.0,1999.0
2018103690,マリアッチ,牡,佐々木清,,ワールドエース,2009106353,ゲラウトマイウエイ,2004104270,スキャターザゴールド,000a000d99,内藤好江,キヨタケ牧場,"2,007.0",2009.0,2004.0,1997.0
2018105340,ゴールデンプルーフ,牝,羽月友彦,,トーセンジョーダン,2006103169,リビングプルーフ,2007103327,ファルブラヴ,1998190004,サンデーレーシング,ノーザンファーム,"2,000.0",2006.0,2007.0,1998.0
2018101876,タカジョー,牡,宇野木博,,ハーツクライ,2001103038,ラヴリージョウ,2003100550,フレンチデピュティ,000a00013a,西村健,中地広大,"1,999.0",2001.0,2003.0,1992.0
2018110123,オリンピックデイ,牡,西村真幸,,Medaglia d'Oro,000a010a65,Flagstaff,000a017947,Dansili,000a010a5f,馬場幸夫,Fred W. Hertrich III,"1,996.6",1999.0,2013.0,1996.0
2018104415,リッチアロマ,牝,板垣吉則,,ジョーカプチーノ,2006100529,マイネベリンダ,2005106126,アグネスデジタル,1997110025,シグラップ・マネジメ,前谷武志,"1,996.1",2006.0,2005.0,1997.0
2018105266,ポルトヴェッキオ,牝,田中博康,,ロードカナロア,2008103552,ポルトフィーノ,2005102483,クロフネ,1998110135,サンデーレーシング,ノーザンファーム,"1,992.6",2008.0,2005.0,1998.0
2018103636,ワキノクイーン,牝,中塚猛,,トランセンド,2006104736,トウケイスペシャル,2011105165,スペシャルウィーク,1995103211,脇山良之,落合一巳,"1,992.0",2006.0,2011.0,1995.0
2018102386,タガノネクステージ,牡,松平幸秀,,ディスクリートキャット,000a0113a1,タガノディーバ,2007106606,フジキセキ,1992109618,八木昌司,八木牧場,"1,992.0",2003.0,2007.0,1992.0
2018103275,ハクサンクラーケン,牡,坂口義幸,,ハクサンムーン,2009102527,トリプルハート,2008100621,ネオユニヴァース,2000101426,河崎五市,中村雅明,"1,990.5",2009.0,2008.0,2000.0
2018101994,ジョイフルダンサー,牝,北出成人,,ヘニーヒューズ,000a011155,バリアーモ,2012104909,シンボリクリスエス,1999110099,大塚亮一,新冠橋本牧場,"1,990.0",2003.0,2012.0,1999.0
2018100463,セイエクシード,牡,伊藤勝好,,ゼンノロブロイ,2000101517,グラールホーリー,1997103844,アフリート,000a000013,小橋亮太,庄野牧場,"1,988.1",2000.0,1997.0,1984.0
2018104979,ジェムフェザー,牝,藤原英昭,,ディープインパクト,2002100816,オーサムフェザー,000a0124d0,Awesome of Course,000a0123ea,キャロットファーム,ノーザンファーム,"1,987.0",2002.0,2008.0,2000.0
2018105955,エイシンヒビキ,牡,宇都英樹,,ワンダーアキュート,2006106794,エーシンフラクタル,2006110105,ケイムホーム,000a0108d1,酒井孝敏,栄進牧場,"1,986.7",2006.0,2006.0,1999.0
2018102451,ゲンパチミーティア,セ,矢作芳人,,ロードカナロア,2008103552,ロージーローズ,2010101223,シンボリクリスエス,1999110099,平野武志,上村清志,"1,985.2",2008.0,2010.0,1999.0
2018105929,エイシンイルハーン,牡,田中譲二,,エイシンヒカリ,2011101273,エイシンラトゥナ,2010110055,Exchange Rate,000a011433,（同）ＪＰＮ技研,栄進牧場,"1,984.5",2011.0,2010.0,1997.0
2018100298,サンランシング,牝,堀内岳志,,ロージズインメイ,000a010a10,フィールザロマンス,2010103585,ブラックタイド,2001103312,加藤ステーブル,ケイズ,"1,981.0",2000.0,2010.0,2001.0
2018106243,リックマーベル,牡,須田和伸,,パイロ,000a01176a,コウヨウマリア,2011105851,ダンスインザダーク,1993109188,我妻栄,谷川牧場,"1,978.5",2005.0,2011.0,1993.0
2018102757,ノアファンタジー,牝,水野貴広,,ディスクリートキャット,000a0113a1,メジロベイシンガー,2001102936,メジロライアン,1987105368,佐山公男,原口牧場,"1,978.0",2003.0,2001.0,1987.0
2018101457,アーバンヒーロー,牡,玉井昇,,アジアエクスプレス,2011110091,イシノエストック,2004100069,タバスコキャット,000a000348,横田一男,石田牧場,"1,976.4",2011.0,2004.0,1991.0
2018104267,ユキノフラッシュ,牡,牧田和弥,,エイシンフラッシュ,2007102951,ユキノマーメイド,2003105308,スペシャルウィーク,1995103211,嶋田賢,服部牧場,"1,975.0",2007.0,2003.0,1995.0
2018102464,クロノフルール,牝,張田京,,クロフネ,1998110135,オトメチャン,2012103354,ヴァーミリアン,2002100877,島田久,沖田忠幸,"1,974.5",1998.0,2012.0,2002.0
2018106554,メイショウメイスイ,牡,菅原勲,,ノヴェリスト,000a012230,メイショウツバクロ,2010105144,フレンチデピュティ,000a00013a,鈴木雅俊,三嶋牧場,"1,974.2",2009.0,2010.0,1992.0
2018105256,サトノバトラー,セ,伊藤和忍,,キングカメハメハ,2001103460,ベルワトリング,000a011df9,Dushyantor,000a011d8d,里見治,ノーザンファーム,"1,974.1",2001.0,2006.0,1993.0
2018101453,プッシュユアセルフ,牝,大山寿文,,アジアエクスプレス,2011110091,ボストンタイム,1995107599,ブライアンズタイム,000a000082,日野光央,石郷岡五月,"1,973.4",2011.0,1995.0,1985.0
2018104529,ララマカロン,牝,田中博康,,ロードカナロア,2008103552,イオス,2007102838,バゴ,2001190004,フジイ興産,社台ファーム,"1,970.0",2008.0,2007.0,2001.0
2018106541,ラストサムライ,牡,吉井竜一,,クロフネ,1998110135,ミラクルアイドル,2011106070,オレハマッテルゼ,2000101550,玉腰勇吉,三嶋牧場,"1,969.0",1998.0,2011.0,2000.0
2018106219,アスターナランハ,牡,南井克巳,,キズナ,2010105827,ライブリハート,2010104894,プリサイスエンド,000a00fe9b,加藤久枝,高村牧場,"1,967.5",2010.0,2010.0,1997.0
2018105984,グランディス,セ,大垣敏夫,,Free Eagle,000a0124a0,マリーファー,000a013e7a,Dubawi,000a0115e2,小橋亮太,栄進牧場,"1,967.2",2011.0,2012.0,2002.0
2018105701,ワイズマンハート,牡,松永昌博,,ヨハネスブルグ,000a0103b9,リボルトレイダー,2008100903,ワイルドラッシュ,000a0003a1,吉岡泰治,笹川大晃牧場,"1,963.0",1999.0,2008.0,1994.0
2018105564,レッドヴァイス,セ,佐々木功,,キズナ,2010105827,ライカート,2004102749,スウェプトオーヴァーボード,000a00fa34,（株）Ｗｉｎｎｉｎｇ,社台コーポレーション白老ファーム,"1,958.0",2010.0,2004.0,1997.0
2018104327,ヒートヘイズ,牡,長倉功,,ロードカナロア,2008103552,ダイワデッセー,2009104150,スペシャルウィーク,1995103211,稲場澄,フジワラファーム,"1,958.0",2008.0,2009.0,1995.0
2018103006,ラナチャンス,牡,高木登,,ミッキーアイル,2011103916,バイカターキン,2013102789,エンパイアメーカー,000a010542,ウエスト．フォレスト．ステイブル,梅田牧場,"1,957.0",2011.0,2013.0,2000.0
2018101376,ダイバオーソ,牡,箕輪武,,フリオーソ,2004106867,クローデル,2010100667,ストーミングホーム,1998190003,丹呉通孝,びらとり牧場,"1,954.5",2004.0,2010.0,1998.0
2018105810,ラジェドール,セ,小笠倫弘,,ゴールドシップ,2009102739,シアトルサンセット,000a00fe52,Belong to Me,000a001ff2,根岸朋弘,レイクヴィラファーム,"1,953.0",2009.0,1999.0,1989.0
2018102097,ディヴァインゲート,牡,月岡健二,,ブラックタイド,2001103312,ルヴェソンヴェール,2011105135,クロフネ,1998110135,佐々木雄二,ハシモトファーム,"1,953.0",2001.0,2011.0,1998.0
2018104616,マイプレシャス,牡,松永幹夫,,ヴィクトワールピサ,2007102923,Sarafina,000a011a83,Refuse to Bend,000a010bac,キーファーズ,社台ファーム,"1,951.0",2007.0,2007.0,2000.0
2018101305,メイプルエクセル,牡,南田美知,,オルフェーヴル,2008102636,メイプルプラウド,2005104526,アグネスタキオン,1998101516,節英司,スガタ牧場,"1,951.0",2008.0,2005.0,1998.0
2018101335,ジュンキリタップ,牡,高柳瑞樹,,リオンディーズ,2013105915,レオアルテミス,2012103060,クロフネ,1998110135,河合純二,二風谷ファーム,"1,950.0",2013.0,2012.0,1998.0
2018109129,イロエンピツ,牝,大根田裕,,アーネストリー,2005105410,イロジカケ,2012100787,クロフネ,1998110135,内田玄祥,本田土寿,"1,949.0",2005.0,2012.0,1998.0
2018104111,ダノンハイファイブ,牡,細川忠義,,ハーツクライ,2001103038,ブライスキャニオン,000a012f93,Galileo,000a00232b,組）志士十二組合,千代田牧場,"1,947.8",2001.0,2011.0,1998.0
2018100722,オーパンバル,牝,野中賢二,,ルーラーシップ,2007103143,トランプクイーン,2010104243,ネオユニヴァース,2000101426,ニッシンホールディングス,チャンピオンズファーム,"1,946.0",2007.0,2010.0,2000.0
2018105282,ブラウシュヴァルツ,セ,黒岩陽一,,ブラックタイド,2001103312,マンドゥラ,000a0120f4,Danehill Dancer,000a002309,キャロットファーム,ノーザンファーム,"1,941.0",2001.0,2007.0,1993.0
2018104891,アドマイヤハイジ,牝,小西重征,,ノヴェリスト,000a012230,アドマイヤエレノア,2008103247,ディープインパクト,2002100816,松井淳二,ノーザンファーム,"1,938.0",2009.0,2008.0,2002.0
2018102534,スバラシイヒビ,牡,尾原強,,ラブリーデイ,2010104298,キタサンメッセージ,2002104928,キングヘイロー,1995104427,ジェイアイ（株）,木田牧場,"1,932.2",2010.0,2002.0,1995.0
2018110085,ショベルヘッド,セ,古賀慎明,,Curlin,000a011734,Date to Remember,000a014a65,Bernardini,000a0111fe,長谷川祐司,Siena Farms LLC,"1,932.0",2004.0,2008.0,2003.0
2018102163,ギンノサジ,牝,松永康利,,ゴールドシップ,2009102739,マイネジャンヌ,2008104904,ロージズインメイ,000a010a10,サラブレッドクラブ・ラフィアン,ビッグレッドファーム,"1,929.4",2009.0,2008.0,2000.0
2018104796,レヴィーアクイーン,牝,川西毅,,ルーラーシップ,2007103143,マルカキャンディ,1996107183,サンデーサイレンス,000a00033a,奥田貴敏,社台ファーム,"1,925.0",2007.0,1996.0,1986.0
2018100991,マコトゴコタイ,牡,川島正一,,リオンディーズ,2013105915,グッドファイト,2006105118,チーフベアハート,1993190010,（株）ディアマント,藤本ファーム,"1,923.3",2013.0,2006.0,1993.0
2018106835,メイショウオニユリ,牝,池添兼雄,,ジャスタウェイ,2009106461,ヒガシドリーム,2013106396,ドリームジャーニー,2004102753,松本好雄,ヤナガワ牧場,"1,922.0",2009.0,2013.0,2004.0
2018104185,ショウナンガニアン,牡,須貝尚介,,タニノギムレット,1999100226,ショウナンアルス,2003102875,サンデーサイレンス,000a00033a,国本哲秀,西村牧場,"1,919.0",1999.0,2003.0,1986.0
2018100551,サンエルセントロ,牡,山田徹,,マクフィ,000a011c77,ハイデルベーレ,2008102778,ハーツクライ,2001103038,田村仁美,シンボリ牧場,"1,917.7",2007.0,2008.0,2001.0
2018101067,オパールムーン,牝,昆貢,,ヴィクトワールピサ,2007102923,コパノマルコリーニ,2004106386,マヤノトップガン,1992102988,ＮＩＣＫＳ,前野牧場,"1,912.8",2007.0,2004.0,1992.0
2018106187,ディストピアーナ,牝,伊藤滋規,,プリサイスエンド,000a00fe9b,シャドウファイル,2001103412,フジキセキ,1992109618,小沼一成,成隆牧場,"1,911.5",1997.0,2001.0,1992.0
2018104136,ヴァジュランダ,牡,宮本博,,ルーラーシップ,2007103143,ルルパンブルー,2005100568,ジャングルポケット,1998101786,高原将浩,千代田牧場,"1,911.0",2007.0,2005.0,1998.0
2018103031,キラメキ,牝,村上実,,エスポワールシチー,2005102837,トワインブルーム,2006100252,トワイニング,000a000006,大原知宏,大原ファーム,"1,909.9",2005.0,2006.0,1991.0
2018101519,ケイツーマルカ,牝,鈴木伸尋,,ロージズインメイ,000a010a10,ペニーウエイト,2009104518,ダイワメジャー,2001103114,楠本勝美,オリエント牧場,"1,904.0",2000.0,2009.0,2001.0
2018105363,レッドロムルス,牡,新井清重,,キングカメハメハ,2001103460,レッドクラウディア,2009106164,アグネスタキオン,1998101516,福原聡,ノーザンファーム,"1,901.8",2001.0,2009.0,1998.0
2018100063,バシレウス,牡,工藤真司,,ルーラーシップ,2007103143,ロイヤルライン,2006103131,クロフネ,1998110135,小菅誠,新井昭二,"1,898.5",2007.0,2006.0,1998.0
2018101572,シュピカ,牝,千田輝彦,,プリサイスエンド,000a00fe9b,アサカラヴァーズ,2011104670,キングヘイロー,1995104427,平山靖,協和牧場,"1,898.0",1997.0,2011.0,1995.0
2018103734,ミエノハヤブサ,セ,小沢宏次,,ベルシャザール,2008103004,ハヤブサエミネンス,2007110009,Medaglia d'Oro,000a010a65,里見治,グランド牧場,"1,893.2",2008.0,2007.0,1999.0
2018105364,ルージュグラース,牝,安田隆行,,ハービンジャー,000a011996,レッドジゼル,2010104173,アグネスタキオン,1998101516,東京ホースレーシング,ノーザンファーム,"1,892.2",2006.0,2010.0,1998.0
2018103454,トチノヒーロー,牡,嶋田幸晴,,タニノギムレット,1999100226,コーラルバード,2013102510,サウスヴィグラス,1996110138,男澤喜惠子,漆原武男,"1,891.2",1999.0,2013.0,1996.0
2018101430,エスプリアラジン,牡,澤佳宏,,エスポワールシチー,2005102837,パレスレディー,2001101505,シャンハイ,000a000d73,依田泰雄,安達洋生,"1,889.0",2005.0,2001.0,1989.0
2018106335,ハピネスマインド,牝,玉井等,,レッドスパーダ,2006105511,グローバルシップ,2011105907,キングカメハメハ,2001103460,（株）ＩＴＦ,辻牧場,"1,888.0",2006.0,2011.0,2001.0
2018100600,マヤローザ,牝,尾林幸二,,タートルボウル,000a012045,マヤフィオーレ,2006105783,バブルガムフェロー,1993109219,（有）まの,高山博,"1,884.0",2002.0,2006.0,1993.0
2018103172,レッドアーチャー,牡,高月賢一,,フリオーソ,2004106867,ティアップダイヤ,2007103346,ゼンノロブロイ,2000101517,鈴木基容,小林仁,"1,882.5",2004.0,2007.0,2000.0
2018103408,ミッキークイック,牡,大久保龍,,ミッキーアイル,2011103916,ミッキーポーチ,2012104543,ハービンジャー,000a011996,野田みづき,吉田ファーム,"1,882.0",2011.0,2012.0,2006.0
2018102794,レディアリエス,牝,小野望,,ルーラーシップ,2007103143,レディカリーナ,2013102501,ゴールドアリュール,1999106689,幌村祐司,幌村牧場,"1,881.4",2007.0,2013.0,1999.0
2018106692,アクセル,牡,福永敏,,キズナ,2010105827,エメラルハヤブサ,2010101868,タイキシャトル,1994109686,中辻明,高村伸一,"1,881.0",2010.0,2010.0,1994.0
2018105684,トーセンフランク,牡,小久保智,,ゴールドシップ,2009102739,ビオンドパンテーラ,2006103406,Seeking the Gold,000a001bea,島川隆哉,エスティファーム,"1,879.5",2009.0,2006.0,1985.0
2018100212,コウユーユメフワリ,牝,小野望,,トランセンド,2006104736,シフォンベール,2003102545,El Prado,000a001fb5,加治屋貞光,カロッテファーム,"1,878.0",2006.0,2003.0,1989.0
2018105275,ヴァシリエフスキー,牝,武藤善則,,ミッキーアイル,2011103916,マトリョーシカ,2011103736,クロフネ,1998110135,サンデーレーシング,ノーザンファーム,"1,874.0",2011.0,2011.0,1998.0
2018104340,テリーヌ,牝,福田真広,,ダノンシャーク,2008105554,ピサノグレース,2005103167,フレンチデピュティ,000a00013a,鈴木昌樹,フジワラファーム,"1,871.0",2008.0,2005.0,1992.0
2018101037,キングオブカズ,牡,矢内博,,アドマイヤマックス,1999107004,ツルマイクィーン,2001104853,メジロマックイーン,1987107235,石井智,細川牧場,"1,869.5",1999.0,2001.0,1987.0
2018110065,ナイトフローリック,セ,木村哲也,,Into Mischief,000a0125a7,Frolic's Revenge,000a014a42,Vindication,000a010544,保坂和孝,Woodford Thoroughbreds,"1,867.0",2005.0,2009.0,2000.0
2018100319,アイバンホー,牡,金田一昌,,プリサイスエンド,000a00fe9b,ラヴフルーヴ,2002102435,アラジ,000a00003b,村山忠弘,坂牧場,"1,867.0",1997.0,2002.0,1989.0
2018103015,ナムラハカ,牡,長南和宏,,ベルシャザール,2008103004,ナムララピス,2006104580,キングヘイロー,1995104427,永山芳大,王蔵牧場,"1,865.2",2008.0,2006.0,1995.0
2018103025,カンパリフレイバー,牝,月岡健二,,ダンカーク,000a012185,デイジーギャル,2010101957,ブラックタイド,2001103312,尾田信夫,大島牧場,"1,865.0",2006.0,2010.0,2001.0
2018102101,マイネルボーダレス,牡,細川忠義,,シニスターミニスター,000a011099,サザンレイスター,2004106612,サザンヘイロー,000a00031e,上岡和男,浜口牧場,"1,865.0",2003.0,2004.0,1983.0
2018101590,バイス,セ,川村禎彦,,ホッコータルマエ,2009100921,コウエイテンプウ,2006100647,デヒア,000a0000df,ケーエスＨＤ,小泉牧場,"1,864.0",2009.0,2006.0,1991.0
2018105992,スマイルアモーレ,牝,高橋純,,ダノンレジェンド,2010110102,メイショウアモーレ,2002103294,タイキシャトル,1994109686,岩渕道良,絵笛牧場,"1,863.5",2010.0,2002.0,1994.0
2018103319,アイソウザスター,牝,中西達也,,ホッコータルマエ,2009100921,スパイスフェアリー,2011102763,シニスターミニスター,000a011099,盛学志,ヒダカファーム,"1,863.5",2009.0,2011.0,2003.0
2018100277,クラバルバトス,牝,矢野義幸,,セイントアレックス,2007110008,クラビッグレディ,2002105809,ブラックタイアフェアー,000a00006e,（株）サンエアー,倉見牧場,"1,863.0",2007.0,2002.0,1986.0
2018103194,セイウンロミオ,セ,田村康仁,,ドゥラメンテ,2012104511,ラブジュリエット,2009101145,フサイチコンコルド,1993109220,西山茂行,鮫川啓一,"1,860.0",2012.0,2009.0,1993.0
2018102562,キラカイドウ,牡,藤田正治,,ディープスカイ,2005101358,ヒメカイドウ,2012106178,カルストンライトオ,1998103333,東海物流（有）,グローリーファーム,"1,859.8",2005.0,2012.0,1998.0
2018106058,ニシノガブリヨリ,牡,村田一誠,,リーチザクラウン,2006102923,ニシノプレシャス,2012101706,ディープスカイ,2005101358,西山茂行,ガーベラパークスタッド,"1,859.0",2006.0,2012.0,2005.0
2018110025,メイショウシルト,牡,角田輝也,,Myboycharlie,000a012464,Moon Giant,000a014684,Giant's Causeway,000a0022e1,竹内三年,Mr Patrick Chedeville,"1,857.7",2005.0,2007.0,1997.0
2018105729,ハイモビリティ,牡,東原己俊,,タイセイレジェンド,2007103199,フューチャーセイル,2009101527,クロフネ,1998110135,小橋亮太,ゼットステーブル,"1,857.5",2007.0,2009.0,1998.0
2018100955,ボルゲリ,牡,斉藤正弘,,ロードアルティマ,2000110026,キャンティユッキ,2011105392,マヤノトップガン,1992102988,木下康昭,広富牧場,"1,856.0",2000.0,2011.0,1992.0
2018104233,スマイルミュ,牝,入口由美,,マクフィ,000a011c77,セイユウスマイル,2010103168,ルールオブロー,000a010d7d,田頭勇貴,畠山牧場,"1,855.5",2007.0,2010.0,2001.0
2018104207,スティルライフ,牝,橋本和馬,,リーチザクラウン,2006102923,アイナマーリエ,2011102634,サウスヴィグラス,1996110138,山口功一郎,野坂牧場,"1,851.0",2006.0,2011.0,1996.0
2018104262,ネフェルタリ,牝,高柳大輔,,American Pharoah,000a012aad,ホワットアスポット,000a013e1a,Arch,000a0021b7,ヒダカ・ブリーダーズ・ユニオン,服部牧場,"1,850.0",2012.0,2010.0,1995.0
2018100213,コウユーラヴラヴ,牝,九日俊光,,ダノンレジェンド,2010110102,ジュアンレパン,2007110082,Dynaformer,000a001dd9,加治屋貞光,カロッテファーム,"1,845.2",2010.0,2007.0,1985.0
2018104996,ヒストリアノワール,セ,宗綱泰彦,,エイシンフラッシュ,2007102951,ガルデルスリール,2011103993,ダイワメジャー,2001103114,（同）ＪＰＮ技研,ノーザンファーム,"1,844.4",2007.0,2011.0,2001.0
2018105842,バンボーレ,牝,飯田祐史,,ホッコータルマエ,2009100921,ゴールデンオーラ,2009105087,ステイゴールド,1994108729,竹中一彰,赤田牧場,"1,843.5",2009.0,2009.0,1994.0
2018104954,ホウオウサミット,牡,大竹正博,,ロードカナロア,2008103552,エイグレット,2000101618,サンデーサイレンス,000a00033a,小笹芳央,ノーザンファーム,"1,842.9",2008.0,2000.0,1986.0
2018105939,エイシンティップス,牡,鋤田誠二,,トーセンジョーダン,2006103169,エーシンエムディー,2009100231,キングカメハメハ,2001103460,岡田龍太郎,栄進牧場,"1,841.7",2006.0,2009.0,2001.0
2018105682,トーセンマルコ,牡,小久保智,,トーセンブライト,2001103660,ハイランドダンス,2008103368,ゼンノロブロイ,2000101517,島川隆哉,エスティファーム,"1,839.5",2001.0,2008.0,2000.0
2018104470,モズマンジロウ,セ,田中譲二,,モーリス,2011100655,アンシェルブルー,2007101000,マンハッタンカフェ,1998101554,（同）ＪＰＮ技研,矢野牧場,"1,839.5",2011.0,2007.0,1998.0
2018102238,ハローチュース,牡,保利良平,,ディスクリートキャット,000a0113a1,レディオブフレイム,2013100646,パイロ,000a01176a,薪浦亨,松浦牧場,"1,836.0",2003.0,2013.0,2005.0
2018103725,ジェセニア,牝,伊藤圭三,,サウスヴィグラス,1996110138,スズカブルーム,2002104512,スキャターザゴールド,000a000d99,椎名節,グランド牧場,"1,830.0",1996.0,2002.0,1997.0
2018104212,レジェンドルーラー,牡,鮫島克也,,ダノンレジェンド,2010110102,スターオブアフリカ,2005105173,ヨハネスブルグ,000a0103b9,廣松光成,野坂牧場,"1,829.4",2010.0,2005.0,1999.0
2018105575,エイムトゥルー,牡,奥村武,,エイシンフラッシュ,2007102951,ロフティーエイム,2002100466,サンデーサイレンス,000a00033a,吉田晴哉,社台コーポレーション白老ファーム,"1,829.0",2007.0,2002.0,1986.0
2018103896,キャッスルヒーロー,牡,渋谷信博,,ハタノヴァンクール,2009102350,キャッスルローズ,2007100400,スターリングローズ,1997106560,城市公,城市公,"1,828.0",2009.0,2007.0,1997.0
2018105962,エイシンリボーン,牝,坂本和也,,エイシンヒカリ,2011101273,エーシンリターンズ,2007101280,キングカメハメハ,2001103460,平井克彦,栄進牧場,"1,827.9",2011.0,2007.0,2001.0
2018100270,マリノエンブレム,牝,尾形和幸,,パイロ,000a01176a,マジッククレスト,2009106488,ウォーエンブレム,000a00fa35,矢野恭裕,クラウン日高牧場,"1,827.0",2005.0,2009.0,1999.0
2018100938,ラインポラリス,牡,中川竜馬,,ルーラーシップ,2007103143,ラインアンジュ,2008105997,Rockport Harbor,000a0111ff,豊島愛子,日高大洋牧場,"1,825.1",2007.0,2008.0,2002.0
2018100974,デルマフゲン,牝,坂本和也,,トーセンジョーダン,2006103169,デルマシズカチャン,2011100815,スウィフトカレント,2001103189,浅沼廣幸,ファニーヒルファーム,"1,825.0",2006.0,2011.0,2001.0
2018100918,サブノキコウシ,牡,阪本一栄,,ノボジャック,1997110152,ダイメイクイーン,2010102858,シンボリクリスエス,1999110099,中川三郎,坂東ファーム,"1,823.5",1997.0,2010.0,1999.0
2018105289,ビクトリアバローズ,牝,中内田充,,ロードカナロア,2008103552,ミスティークII,000a0120f6,Monsun,000a010db6,猪熊広次,ノーザンファーム,"1,817.0",2008.0,2009.0,1990.0
2018100997,エコロマンボ,牝,牧浦充徳,,キズナ,2010105827,マンボカーニバル,2000110161,Kingmambo,000a001d7e,原村正紀,藤本ファーム,"1,817.0",2010.0,2000.0,1990.0
2018101186,マイコレット,牝,国沢輝幸,,ベルシャザール,2008103004,プリティーキャロル,2010101427,サウスヴィグラス,1996110138,（同）ＪＰＮ技研,ヤナガワ牧場,"1,815.0",2008.0,2010.0,1996.0
2018103928,グラティトゥー,牡,加藤和宏,,エピファネイア,2010104155,ペブルガーデン,2012103035,ディープインパクト,2002100816,ファーストビジョン,タイヘイ牧場,"1,813.7",2010.0,2012.0,2002.0
2018104684,マサハヤサン,牝,今野貞一,,ルーラーシップ,2007103143,テイクユアチョイス,2011104327,ゴールドアリュール,1999106689,中村政夫,社台ファーム,"1,810.0",2007.0,2011.0,1999.0
2018106550,メイショウサトワ,牡,小牧毅,,サウスヴィグラス,1996110138,メイショウコブシ,2007101796,スペシャルウィーク,1995103211,松本好隆,三嶋牧場,"1,806.5",1996.0,2007.0,1995.0
2018101468,ダイセンハッピー,牝,今津博之,,ホッコータルマエ,2009100921,アルマネーレーイス,2009104470,ジャングルポケット,1998101786,根田喜久雄,イワミ牧場,"1,803.5",2009.0,2009.0,1998.0
2018104086,ジュラメント,牝,鈴木義久,,キズナ,2010105827,ダイワジャンヌ,2005100578,タニノギムレット,1999100226,須山悟至,千代田牧場,"1,803.0",2010.0,2005.0,1999.0
2018105973,エイシンイナズマ,牡,平松徳彦,,エイシンヒカリ,2011101273,トバーン,000a012f91,Teofilo,000a01139e,平井克彦,栄進牧場,"1,802.9",2011.0,2010.0,2004.0
2018106334,ロイヤルアッシュ,牡,池上昌和,,エピファネイア,2010104155,クイーンマザー,2014106226,ハーツクライ,2001103038,大塚亮一,辻牧場,"1,798.0",2010.0,2014.0,2001.0
2018105325,ダノンシュネラ,牝,池江泰寿,,ドゥラメンテ,2012104511,ラッドルチェンド,2010104341,Danehill Dancer,000a002309,ダノックス,ノーザンファーム,"1,797.0",2012.0,2010.0,1993.0
2018103058,ピュアブリス,牝,川島洋人,,ロードカナロア,2008103552,フレンチトースト,2009101022,フレンチデピュティ,000a00013a,水上行雄,笠松牧場,"1,791.1",2008.0,2009.0,1992.0
2018104424,タマモブトウカイ,牡,伊藤圭三,,シニスターミニスター,000a011099,タマモボレロ,2012103543,ハーツクライ,2001103038,タマモ,前田牧場,"1,783.0",2003.0,2012.0,2001.0
2018102587,チャペルレーン,牝,尾形和幸,,ヘニーヒューズ,000a011155,ティアーモ,2010101353,キングカメハメハ,2001103460,ロードホースクラブ,ケイアイファーム,"1,780.0",2003.0,2010.0,2001.0
2018100446,モンサンレックス,牡,宗形竹見,,スマートファルコン,2005100097,モンサンアルビレオ,2011100378,シニスターミニスター,000a011099,山下新一,下河辺牧場,"1,773.5",2005.0,2011.0,2003.0
2018102433,キュン,牝,戸田博文,,シニスターミニスター,000a011099,ユーアーマイン,2009101821,ディープインパクト,2002100816,吉澤ホールディングス,飯岡牧場,"1,773.0",2003.0,2009.0,2002.0
2018101935,シュリーデービー,牝,中川竜馬,,カレンブラックヒル,2009106230,アイズオブナタリー,2011104363,カンパニー,2001103435,豊島愛子,新冠伊藤牧場,"1,772.6",2009.0,2011.0,2001.0
2018103605,レスールドマカロン,牝,小久保智,,サウスヴィグラス,1996110138,フレンチ,2007103580,キングヘイロー,1995104427,上田江吏子,岡田牧場,"1,771.5",1996.0,2007.0,1995.0
2018102345,サンキューレター,牡,相沢郁,,エスポワールシチー,2005102837,マルターズガール,2002110137,ボストンハーバー,000a00007c,吉澤ホールディングス,村上雅規,"1,770.0",2005.0,2002.0,1994.0
2018106531,サウンドウイッシュ,牡,工藤真司,,サウンドボルケーノ,2008110123,ハートアンドハート,2010103855,ハーツクライ,2001103038,谷謙介,三嶋牧場,"1,763.2",2008.0,2010.0,2001.0
2018102528,トミケンベレムド,牡,加藤和義,,エスケンデレヤ,000a012cc0,エーシンシルビア,2008101263,スペシャルウィーク,1995103211,蓑島竜一,川端英幸,"1,762.0",2007.0,2008.0,1995.0
2018102289,ネオトリニティー,牝,今津博之,,ヘニーヒューズ,000a011155,ニシノフジムスメ,2003103175,キングヘイロー,1995104427,桑野隆司,村上欽哉,"1,760.9",2003.0,2003.0,1995.0
2018104188,ヒットガール,牝,安部幸夫,,エスポワールシチー,2005102837,タイヨウガデテキタ,2005103841,サウスヴィグラス,1996110138,酒井孝敏,西村牧場,"1,758.5",2005.0,2005.0,1996.0
2018109162,テイエムサツマドン,牡,平山宏秀,,テイエムオペラオー,1996100292,テイエムオペレッタ,2004106018,アドマイヤベガ,1996107396,竹園正繼,テイエム牧場,"1,758.0",1996.0,2004.0,1996.0
2018102514,ミラクルベルン,牝,寺地誠一,,ビービーガルダン,2004106583,シキセイセイ,2010101308,マイネルセレクト,1999107196,小橋亮太,加野牧場,"1,757.0",2004.0,2010.0,1999.0
2018106119,サブノタマヒメ,牝,金田一昌,,プリサイスエンド,000a00fe9b,カイテキセレブ,2004103930,ティンバーカントリー,000a00035e,中川三郎,木村牧場,"1,756.2",1997.0,2004.0,1992.0
2018105776,シンメロワン,牡,手島勝利,,リーチザクラウン,2006102923,コンサートクィーン,1998101233,カコイーシーズ,1986109001,四宮圭,橋本牧場,"1,754.5",2006.0,1998.0,1986.0
2018109075,テイクアターン,牡,佐藤裕太,,ストロングリターン,2006102934,ネクストフラワー,2010103210,フォーティナイナーズサン,000a011227,レックス,マルシチ牧場,"1,752.5",2006.0,2010.0,2001.0
2018104925,インナリオ,牝,嘉藤貴行,,モーリス,2011100655,インナーアージ,2010104322,ディープインパクト,2002100816,サンデーレーシング,ノーザンファーム,"1,750.0",2011.0,2010.0,2002.0
2018106085,トゥーパンクス,牡,三宅直之,,Garswood,000a013c7e,サウンタ,000a013db9,Invincible Spirit,000a01056d,（株）ＴＫＫ,杵臼牧場,"1,748.5",2010.0,2009.0,1997.0
2018105405,ファーストソリスト,牝,吉村圭司,,ロードカナロア,2008103552,ヴァゼム,2011103526,ゼンノロブロイ,2000101517,Ｇ１レーシング,追分ファーム,"1,746.0",2008.0,2011.0,2000.0
2018106580,アルナージ,牝,昆貢,,ダノンレジェンド,2010110102,フォルクスオーパー,2006102334,テイエムオペラオー,1996100292,安原浩司,宮内牧場,"1,741.0",2010.0,2006.0,1996.0
2018100813,アイヴォリーアイ,牝,坂口智康,,エイシンヒカリ,2011101273,アデュラリア,2006105798,クロフネ,1998110135,京都ホースレーシング,ナカノファーム,"1,740.0",2011.0,2006.0,1998.0
2018101220,リコーバルカン,牡,荒山勝徳,,サウスヴィグラス,1996110138,ナニーズアリュール,2011103856,ゴールドアリュール,1999106689,土橋正雄,リコーファーム,"1,737.0",1996.0,2011.0,1999.0
2018104014,サクラファシナンテ,牝,村上正和,,トーセンジョーダン,2006103169,サクラプレジール,2010102812,サクラプレジデント,2000102261,谷岡真喜,谷岡スタット,"1,734.7",2006.0,2010.0,2000.0
2018101539,ペイシャケイティー,牝,平山宏秀,,カレンブラックヒル,2009106230,ヒシシャトル,2005104880,ボストンハーバー,000a00007c,遠藤喜和,カミイスタット,"1,733.3",2009.0,2005.0,1994.0
2018102925,ニジイロ,牝,伊藤和忍,,トビーズコーナー,000a011fed,ビバロングライフ,2003105842,コマンダーインチーフ,000a0000b0,会田裕一,森政巳,"1,732.8",2008.0,2003.0,1990.0
2018104528,ペダンクルアーチ,牡,加藤和宏,,ダイワメジャー,2001103114,アーリーアメリカン,2006102885,El Corredor,000a010238,ファーストビジョン,社台ファーム,"1,731.6",2001.0,2006.0,1997.0
2018103750,ミカンサン,牝,伊藤圭三,,ダノンレジェンド,2010110102,ホールドミータイト,2011101944,コマンズ,000a011625,是枝浩平,グランド牧場,"1,730.0",2010.0,2011.0,1996.0
2018105938,エイシンピクセル,牝,笹野博司,,エピファネイア,2010104155,エーシンエポナ,2010110061,Curlin,000a011734,平井克彦,栄進牧場,"1,729.2",2010.0,2010.0,2004.0
2018105935,スリーケイエヌ,牡,藤沢則雄,,フリオーソ,2004106867,エーシンアマゾーン,2007101308,ファルブラヴ,1998190004,永井商事,栄進牧場,"1,729.0",2004.0,2007.0,1998.0
2018104629,アムールショコラ,牡,荒山勝徳,,パイロ,000a01176a,ショコラヴェリーヌ,2009105947,ゴールドアリュール,1999106689,吉田照哉,社台ファーム,"1,726.5",2005.0,2009.0,1999.0
2018106171,ゴールドフライト,牡,坂口智康,,ロードカナロア,2008103552,ゴールドコイン,2005106097,デヒア,000a0000df,加藤充彦,笹島政信,"1,721.0",2008.0,2005.0,1991.0
2018103617,メイショウクラーク,牡,真島正徳,,キズナ,2010105827,ラタンペットロゼ,2011100430,ストーミングホーム,1998190003,西村健,岡田牧場,"1,717.2",2010.0,2011.0,1998.0
2018103894,ハイブランド,牝,松浦裕之,,ホッコータルマエ,2009100921,ミッシェルラブ,2005104547,フォティテン,000a000d19,服部新平,静内山田牧場,"1,717.0",2009.0,2005.0,1984.0
2018110063,カルフレグランス,牝,山田徹,,カリフォルニアクローム,000a012602,ライトゼア,000a014a39,エスケンデレヤ,000a012cc0,庄司修二,Perry Martin & Denise Martin,"1,715.2",2011.0,2013.0,2007.0
2018105562,セルヴァン,牡,大竹正博,,ハービンジャー,000a011996,メルヴェイユドール,2007103010,フジキセキ,1992109618,社台レースホース,社台コーポレーション白老ファーム,"1,714.2",2006.0,2007.0,1992.0
2018100930,シャイニングライト,牡,武井亮,,エイシンヒカリ,2011101273,ニューアイデア,000a0116df,Cape Cross,000a0022ae,井山登,日高大洋牧場,"1,710.5",2011.0,2007.0,1994.0
2018105121,ソナトリーチェ,牝,奥村豊,,ルーラーシップ,2007103143,ソムニア,2007103274,スペシャルウィーク,1995103211,ＤＭＭドリームクラブ,ノーザンファーム,"1,709.0",2007.0,2007.0,1995.0
2018102398,セザンテイオー,牡,蛯名利弘,,フリオーソ,2004106867,ディアテイスティー,2008102080,ジャングルポケット,1998101786,瀬山孝一,山岡牧場,"1,709.0",2004.0,2008.0,1998.0
2018105889,グランドレグルス,牡,伊藤伸一,,アイルハヴアナザー,000a011ed3,ドリームデュネット,2010102980,ディープインパクト,2002100816,田畑利彦,浦河日成牧場,"1,708.2",2009.0,2010.0,2002.0
2018103353,モーモーブラック,牝,村田順一,,カレンブラックヒル,2009106230,イッツアバウトシルヴァー,000a01055d,Silver Deputy,000a001fa3,小橋亮太,丸村村下ファーム,"1,706.3",2009.0,1999.0,1985.0
2018106280,トリプルフォー,牝,鈴木義久,,ロードカナロア,2008103552,アンブリカル,2012102348,マンハッタンカフェ,1998101554,ジーホース,谷口牧場,"1,705.5",2008.0,2012.0,1998.0
2018103250,マテラガニア,牝,水野貴史,,モーリス,2011100655,リアライズノユメ,2008105521,アフリート,000a000013,山際拓馬,高松牧場,"1,705.5",2011.0,2008.0,1984.0
2018104808,ラブオブマイライフ,牝,山下貴之,,キングカメハメハ,2001103460,ミラクルレジェンド,2007102873,フジキセキ,1992109618,吉田千津,社台ファーム,"1,705.0",2001.0,2007.0,1992.0
2018104545,レッツゴーアスク,牝,玉垣光章,,ロードカナロア,2008103552,エイブルインレース,2006103047,フジキセキ,1992109618,廣崎智子,社台ファーム,"1,703.6",2008.0,2006.0,1992.0
2018110044,ピエドラアギーラ,牡,加藤和宏,,Gleneagles,000a0128fa,Neuquen,000a01491e,ロックオブジブラルタル,000a00fd4c,ファーストビジョン,Irish National Stud Mare Syndicate,"1,701.5",2012.0,2009.0,1999.0
2018103997,セイウンダイモス,牡,千葉直人,,ローエングリン,1999106738,ソルシエトウショウ,2011102299,マーベラスサンデー,1992103687,西山茂行,棚川光男,"1,701.3",1999.0,2011.0,1992.0
2018106659,クリノカイザー,牡,倉富隆一,,スマートファルコン,2005100097,チャーミングオーラ,2006102916,Fusaichi Pegasus,000a0022cf,（有）総武開発,様似渡辺牧場,"1,699.5",2005.0,2006.0,1997.0
2018101705,ダヴィンチ,牡,坂口義幸,,トランセンド,2006104736,ブルーライトクロス,2012100303,ファスリエフ,000a00fc4c,組）リノレーシング,シンユウファーム,"1,698.8",2006.0,2012.0,1997.0
2018101038,フーククリスタル,牡,角川秀樹,,ベーカバド,000a011dc0,パッションメイト,2006105733,アグネスタキオン,1998101516,福岡隆史,細川牧場,"1,697.6",2007.0,2006.0,1998.0
2018105443,ミッキーハロー,牝,久保田貴,,ミッキーアイル,2011103916,ミッキーレモン,2008102579,ロージズインメイ,000a010a10,野田みづき,追分ファーム,"1,697.0",2011.0,2008.0,2000.0
2018103904,カツノサンキュウ,牡,藤田正治,,ヘニーヒューズ,000a011155,モーガンズマンボ,000a011164,Kingmambo,000a001d7e,福永實,聖心台牧場,"1,690.9",2003.0,2002.0,1990.0
2018103860,ハイガーデン,牝,川島正一,,ドゥラメンテ,2012104511,イセノラヴィソン,2010101592,ファスリエフ,000a00fc4c,東京Ｍｉｄｇａｒ,静内フジカワ牧場,"1,690.0",2012.0,2010.0,1997.0
2018103653,カガフラッシュ,セ,萱野浩二,,エイシンフラッシュ,2007102951,ジーントウショウ,2004104739,デザートキング,000a0000e7,香川憲次,片岡博,"1,690.0",2007.0,2004.0,1994.0
2018106175,ジオヴィグラス,セ,吉田正美,,サウスヴィグラス,1996110138,アッリヴァーレ,2011105769,アッミラーレ,1997100569,小橋亮太,笹地牧場,"1,689.3",1996.0,2011.0,1997.0
2018106283,ハーモニーレグルス,牡,高月賢一,,ダンカーク,000a012185,センコウノマイヒメ,2012105368,スタチューオブリバティ,000a0109d5,日下部勝徳,谷口牧場,"1,689.0",2006.0,2012.0,2000.0
2018105036,タスマンハイウェイ,セ,大塚信次,,キンシャサノキセキ,2003110212,サザンスピード,000a01216c,Southern Image,000a011132,辻川弘,ノーザンファーム,"1,689.0",2003.0,2007.0,2000.0
2018100769,デンプシーロール,牡,迫田清美,,ワールドエース,2009106353,マダムアグライア,2011100083,ケイムホーム,000a0108d1,伊藤力,ディアレストクラブ,"1,685.4",2009.0,2011.0,1999.0
2018101171,トランセンドパスト,牡,櫻田康二,,トランセンド,2006104736,ステキナポケット,2009100599,ジャングルポケット,1998101786,簗詰貴彦,ヤナガワ牧場,"1,685.3",2006.0,2009.0,1998.0
2018100400,サトノディーバ,牝,矢作芳人,,ドゥラメンテ,2012104511,シークレットアセット,000a012f0f,Awesome Again,000a0021cb,里見治,下河辺牧場,"1,685.0",2012.0,2008.0,1994.0
2018102663,インディナート,牝,加藤和義,,ルーラーシップ,2007103143,ナリタブルースター,2007102800,マンハッタンカフェ,1998101554,ＫＡＪＩＭＯＴＯホールディングス,タガミファーム,"1,684.0",2007.0,2007.0,1998.0
2018100555,シンボリフラッシュ,牡,平山真希,,ダノンレジェンド,2010110102,レディハニー,2005104224,ワイルドラッシュ,000a0003a1,清宮義男,シンボリ牧場,"1,681.2",2010.0,2005.0,1994.0
2018103517,コスモアシュラ,牡,加藤和宏,,ゴールドシップ,2009102739,チアフルドーラ,2005110168,Jump Start,000a010b86,（株）ファーストビジ,岡田スタッド,"1,678.8",2009.0,2005.0,1999.0
2018109163,テイエムサツマオー,牡,平山宏秀,,テイエムオペラオー,1996100292,テイエムクリスタル,2003102951,サクラバクシンオー,1989108341,竹園正繼,テイエム牧場,"1,678.7",1996.0,2003.0,1989.0
2018102253,ブラックアピス,牡,石本孝博,,ホッコータルマエ,2009100921,テイクワンズアイ,1998101806,サンデーサイレンス,000a00033a,吉田勝利,的場牧場,"1,678.3",2009.0,1998.0,1986.0
2018103125,モラトリアム,牝,河内洋,,キズナ,2010105827,ゴールドトパーズ,2013102936,エンパイアメーカー,000a010542,安藤晋平,高昭牧場,"1,676.0",2010.0,2013.0,2000.0
2018102329,オリエンタルメラク,牝,田村彰啓,,マクフィ,000a011c77,レッドメイヴ,2011104259,ディープインパクト,2002100816,梶原大輔,ムラカミファーム,"1,675.5",2007.0,2011.0,2002.0
2018104833,カレンレベンティス,セ,川添明弘,,エピファネイア,2010104155,ラントゥザリード,2008103044,タニノギムレット,1999100226,栗嶋豊明,社台ファーム,"1,674.6",2010.0,2008.0,1999.0
2018102922,エレグア,牡,浅野洋一,,ジョーカプチーノ,2006100529,バタラバ,2000100642,バンブービギン,1986100672,豊井義次,森俊雄,"1,674.0",2006.0,2000.0,1986.0
2018101803,グローリアスサルム,牝,小島茂之,,キズナ,2010105827,グローリアスレイ,2012103941,チチカステナンゴ,000a011135,日下部勝徳,大作ステーブル,"1,670.0",2010.0,2012.0,1998.0
2018101756,ミズイロキキョウ,牡,田中正人,,エスポワールシチー,2005102837,シルクラズベリー,2003100456,フォーティナイナー,000a000134,エクワインレーシング,武田修一,"1,662.0",2005.0,2003.0,1985.0
2018110118,アスカロン,牡,高橋清顕,,Speightstown,000a011200,Coco as in Chanel,000a014dc9,Awesome Again,000a0021cb,（株）アスメディア,Heider Family Stables LLC,"1,660.0",1998.0,2013.0,1994.0
2018101610,サンエイウルフ,牡,畠山信一,,ホッコータルマエ,2009100921,ブリッジポート,2007104347,ロージズインメイ,000a010a10,鈴木雅俊,小泉学,"1,659.2",2009.0,2007.0,2000.0
2018106865,シンゼンシャイン,牡,石橋満,,ミッキーアイル,2011103916,ハートマイハート,2009104572,キングカメハメハ,2001103460,吉田勝利,川上牧場,"1,656.0",2011.0,2009.0,2001.0
2018104965,シグネチャーセル,牡,小崎憲,,ヘニーヒューズ,000a011155,エポキシ,2009106178,ディープインパクト,2002100816,前田葉子,ノーザンファーム,"1,656.0",2003.0,2009.0,2002.0
2018100982,サイセイセイ,牡,別府真司,,ワンダーアキュート,2006106794,クリムゾンスカイ,2012102947,ディープスカイ,2005101358,石橋正人,ファーミングヤナキタ,"1,653.5",2006.0,2012.0,2005.0
2018104173,プレストレジーナ,牝,佐々木清,,エスポワールシチー,2005102837,プリティーサンサン,1997105440,リンドシェーバー,1988107894,（有）ランドエコノミ,中田浩美,"1,652.5",2005.0,1997.0,1988.0
2018105511,シングマイハート,牝,尾関知人,,ハーツクライ,2001103038,シングライクバード,2005102278,シンボリクリスエス,1999110099,社台レースホース,社台コーポレーション白老ファーム,"1,648.0",2001.0,2005.0,1999.0
2018104370,トーホウエンジェル,牝,原口次夫,,ヴィクトワールピサ,2007102923,アドマイヤアモーレ,2005100317,Fusaichi Pegasus,000a0022cf,武村學,プライドロック,"1,647.4",2007.0,2005.0,1997.0
2018101135,クマサンニデアッタ,牝,内野健二,,ダノンレジェンド,2010110102,ファイナルヘヴン,2005104935,ダンスインザダーク,1993109188,内田玄祥,森永牧場,"1,644.5",2010.0,2005.0,1993.0
2018101834,ウンエンリヒカイ,牡,井樋一也,,アジアエクスプレス,2011110091,ニシノコハク,2009103388,ゴールドアリュール,1999106689,清水徳克,津田牧場,"1,643.5",2011.0,2009.0,1999.0
2018104037,ムサシフウジン,牡,那俄性哲,,フリオーソ,2004106867,スガノグラスワン,2002103594,グラスワンダー,1995108676,田村章,田原橋本牧場,"1,641.5",2004.0,2002.0,1995.0
2018104411,カムバルアタ,牡,尾林幸二,,サウスヴィグラス,1996110138,コーリンスピカ,2012101067,トーセンダンス,2002100594,岸本すみれ,前谷武志,"1,641.3",1996.0,2012.0,2002.0
2018105852,メイショウストーム,セ,松永昌博,,クリエイターII,000a013630,メイショウラグーナ,2007101779,バブルガムフェロー,1993109219,松本好隆,赤田牧場,"1,641.0",2013.0,2007.0,1993.0
2018100758,スパラキシス,牝,林正人,,フェノーメノ,2009106599,ディアコメット,2009103802,キングカメハメハ,2001103460,高樽さゆり,ディアレストクラブ,"1,641.0",2009.0,2009.0,2001.0
2018103088,ヴィスコンティ,セ,山中尊徳,,ハーツクライ,2001103038,スカイノダン,2006102794,サクラバクシンオー,1989108341,加藤誠,桑田牧場,"1,639.2",2001.0,2006.0,1989.0
2018103650,キタサンユニゾン,牡,米田英世,,ホッコータルマエ,2009100921,ダイリュウビーナス,2011101850,ディープスカイ,2005101358,大野商事,カタオカステーブル,"1,637.0",2009.0,2011.0,2005.0
2018104523,トーセンウォーリア,牡,後藤正義,,ドゥラメンテ,2012104511,アンズチャン,2011104360,フレンチデピュティ,000a00013a,島川隆哉,社台ファーム,"1,635.0",2012.0,2011.0,1992.0
2018103600,ブザービート,牡,宗綱泰彦,,シニスターミニスター,000a011099,ドレスデングリーン,2004102882,アグネスタキオン,1998101516,ＪＰＮ技研,岡田牧場,"1,634.5",2003.0,2004.0,1998.0
2018105750,マテーラフレイバー,牡,福永敏,,マクフィ,000a011c77,クリスチャンパール,2006102531,シンボリクリスエス,1999110099,尾田信夫,習志野牧場,"1,623.5",2007.0,2006.0,1999.0
2018109046,ユイノダンディズム,牡,千葉博次,,ディープブリランテ,2009105084,タークオイズローズ,2012109037,フレンチデピュティ,000a00013a,南新宿商事（株）,諏訪牧場,"1,621.8",2009.0,2012.0,1992.0
2018104511,グラヴィル,牝,国枝栄,,Le Havre,000a01198f,アブソリュートレディ,000a013e6e,Galileo,000a00232b,社台レースホース,社台ファーム,"1,620.0",2006.0,2006.0,1998.0
2018110107,ユイノザッパー,牡,松浦裕之,,Ghostzapper,000a010525,バルタ,000a014a78,Crimson Tide,000a014a18,南新宿商事（株）,Bonne Chance Farm LLC & Stud RDI LLC,"1,614.0",2000.0,2009.0,1994.0
2018103387,スリーマイトコーズ,牝,菅原欣也,,スズカコーズウェイ,2004104345,スリーサンハーツ,2009100354,ハーツクライ,2001103038,栗嶋豊明,村中牧場,"1,610.5",2004.0,2009.0,2001.0
2018104984,マンオブカレッジ,セ,松永幹夫,,ハーツクライ,2001103038,カトマンドゥ,000a012105,Country Reel,000a012054,ホシノレーシング,ノーザンファーム,"1,610.0",2001.0,2008.0,2000.0
2018102189,マイアミ,牡,高月賢一,,メイショウボーラー,2001100650,ドルフィン,2007105112,サウスヴィグラス,1996110138,前田良平,プログレスファーム,"1,607.6",2001.0,2007.0,1996.0
2018105942,エイシンディーデイ,牡,田嶋弘幸,,モーリス,2011100655,エーシンクールディ,2006110045,Distorted Humor,000a0022ea,小橋亮太,栄進牧場,"1,606.8",2011.0,2006.0,1993.0
2018104713,サトノマジェスタ,セ,音無秀孝,,ハーツクライ,2001103038,ノーブルステラ,000a011478,Monsun,000a010db6,里見治,社台ファーム,"1,605.0",2001.0,2001.0,1990.0
2018104961,アヴァノス,セ,櫻井今朝,,ダイワメジャー,2001103114,エセンテペ,000a012fc2,Oratorio,000a010d4e,西岡透,ノーザンファーム,"1,604.0",2001.0,2009.0,2002.0
2018104533,サンフィニティ,牝,鈴木伸尋,,ルーラーシップ,2007103143,イントロダクション,2011104311,デュランダル,1999106756,社台レースホース,社台ファーム,"1,600.0",2007.0,2011.0,1999.0
2018101993,クインズセージ,牝,小島茂之,,ディープブリランテ,2009105084,ネネグース,2004102898,クロフネ,1998110135,クイーンズ・ランチ,新冠橋本牧場,"1,600.0",2009.0,2004.0,1998.0
2018110078,アクイール,牝,尾林幸二,,Palace Malice,000a014a1a,ウィルビーゼア,1999104206,サンデーサイレンス,000a00033a,曽和栄司,North Hills Co. Limited,"1,597.0",2010.0,1999.0,1986.0
2018101209,スピネル,牡,池田忠好,,フリオーソ,2004106867,ガニエ,2013101044,ダンスインザダーク,1993109188,重松慶城,横井哲,"1,595.6",2004.0,2013.0,1993.0
2018106409,ノブヘンドリックス,牡,小久保智,,ダノンレジェンド,2010110102,ワタシマッテルワ,2009100650,オレハマッテルゼ,2000101550,前田亘輝,中島牧場,"1,595.0",2010.0,2009.0,2000.0
2018106443,クレイジーリッチ,牡,林正人,,エイシンヒカリ,2011101273,エーシンマンターナ,2007101307,Mr. Greeley,000a00213e,江川伸夫,信岡牧場,"1,593.4",2011.0,2007.0,1992.0
2018105257,ダノンジェネラル,牡,大島静夫,,ドゥラメンテ,2012104511,ペルヴィアンリリー,2004103056,フレンチデピュティ,000a00013a,組）志士十二組合,ノーザンファーム,"1,591.0",2012.0,2004.0,1992.0
2018105261,リノユニヴァース,牡,友道康夫,,ネオユニヴァース,2000101426,ボシンシェ,000a011a17,Kingmambo,000a001d7e,シルクレーシング,ノーザンファーム,"1,590.0",2000.0,2004.0,1990.0
2018104071,ヒシカムイ,牡,田中淳司,,キズナ,2010105827,サンキュースマイル,2009103848,ブライアンズタイム,000a000082,飯田正剛,千代田牧場,"1,590.0",2010.0,2009.0,1985.0
2018103120,フロスティクォーツ,牡,那俄性哲,,ロードカナロア,2008103552,カレンシェリーメイ,2009105828,ディープインパクト,2002100816,ファーストビジョン,高昭牧場,"1,585.4",2008.0,2009.0,2002.0
2018103732,ルイジアンナ,牝,佐々木仁,,ダブルスター,2009103518,ナナツボシ,2001110156,サザンヘイロー,000a00031e,吉岡寛行,グランド牧場,"1,583.0",2009.0,2001.0,1983.0
2018101740,ガウナエルフリーデ,牝,細川忠義,,アジアエクスプレス,2011110091,コリンナ,2002102057,マヤノトップガン,1992102988,ウエスト．フォレスト．ステイブル,隆栄牧場,"1,580.9",2011.0,2002.0,1992.0
2018106172,ウインガヴァナー,牡,西園正都,,ルーラーシップ,2007103143,セキサンキセキ,2008101505,フジキセキ,1992109618,ウイン,笹島政信,"1,580.0",2007.0,2008.0,1992.0
2018106048,クールガジェット,牡,稲益貴弘,,マクフィ,000a011c77,アイカギ,2008101396,ファンタスティックライト,1996190005,上村洋司,川越ファーム,"1,579.5",2007.0,2008.0,1996.0
2018100326,ユングヴィ,牡,大江原哲,,ミュゼスルタン,2012104118,ハンナ,2013106149,ディープインパクト,2002100816,ＯＲＴＥＧＡ,佐々木康治,"1,579.2",2012.0,2013.0,2002.0
2018102709,ウォニー,牡,稻田彰宏,,バトルプラン,000a0118e8,ムーンレイク,2012102405,アドマイヤムーン,2003102991,組）オールザベスト組,土田農場,"1,579.0",2005.0,2012.0,2003.0
2018104412,コーリンジャッジ,牡,角田輝也,,サウスヴィグラス,1996110138,コーリンハッピー,2008105286,バブルガムフェロー,1993109219,伊藤恵介,前谷武志,"1,577.0",1996.0,2008.0,1993.0
2018103832,バルネージュ,セ,山本学,,ドゥラメンテ,2012104511,ミスホーユー,1999106398,ダイナガリバー,1983104089,手嶋康雄,佐竹学,"1,572.5",2012.0,1999.0,1983.0
2018103098,ケンブリッジラテ,牡,手島勝利,,エスポワールシチー,2005102837,アテナブルー,2007104336,ジャングルポケット,1998101786,中西宏彰,ケンブリッジバレー,"1,571.8",2005.0,2007.0,1998.0
2018105255,ベルヴォーグ,牝,藤原英昭,,ジャスタウェイ,2009106461,ベルスリーブ,2005102620,シンボリクリスエス,1999110099,サンデーレーシング,ノーザンファーム,"1,571.0",2009.0,2005.0,1999.0
2018103849,ミヤビハイディ,牝,高橋文雅,,エピファネイア,2010104155,ミヤビキラメキ,2013104268,ハーツクライ,2001103038,村上義勝,静内白井牧場,"1,570.0",2010.0,2013.0,2001.0
2018102719,フィールドモーリス,牡,藤ケ崎一,,モーリス,2011100655,エバーシャイニング,2007102977,ゼンノロブロイ,2000101517,酒井孝敏,中田英樹,"1,565.5",2011.0,2007.0,2000.0
2018104482,インヴァネス,牝,玉垣光章,,キンシャサノキセキ,2003110212,マチュアード,000a01251f,Manduro,000a0114b8,大田慎治,矢野牧場,"1,563.5",2003.0,2009.0,2002.0
2018106319,ココクラッシュ,牝,梅田智之,,モーリス,2011100655,アドマイヤマリリン,2010104956,アグネスタキオン,1998101516,大塚亮一,辻牧場,"1,562.0",2011.0,2010.0,1998.0
2018101891,ポケットロケット,牝,盛本信春,,スマートファルコン,2005100097,マザーズウィッシュ,2004100355,タイキシャトル,1994109686,野田政義,中村弘昭,"1,562.0",2005.0,2004.0,1994.0
2018106496,メイショウケンジャ,牡,森沢友貴,,マジェスティックウォリアー,000a011e9c,メイショウレンマ,2013102818,メイショウサムソン,2003102205,松本好雄,まるとみ冨岡牧場,"1,559.6",2005.0,2013.0,2003.0
2018105552,トレイトセオリー,牝,渡辺博文,,ラブリーデイ,2010104298,ベストリーダー,2011103571,ゼンノロブロイ,2000101517,酒井孝敏,社台コーポレーション白老ファーム,"1,558.5",2010.0,2011.0,2000.0
2018101640,グロリユーノワール,牝,工藤裕孝,,ダノンシャンティ,2007105709,サマーラグーン,2006106459,ボストンハーバー,000a00007c,高橋真紀,コスモヴューファーム,"1,558.0",2007.0,2006.0,1994.0
2018102939,アポログランツ,牡,石毛善彦,,アポロキングダム,2003110139,ミスアイーカメ,2008103960,アグネスタキオン,1998101516,木村牧場,山際牧場,"1,555.0",2003.0,2008.0,1998.0
2018104389,アポロスマイル,牝,工藤裕孝,,アポロキングダム,2003110139,ポエティックターン,2010100714,Pivotal,000a002328,高橋真紀,へいはた牧場,"1,553.5",2003.0,2010.0,1993.0
2018105941,エイシンニーダー,牡,國澤利照,,エーシンジーライン,2005110011,エーシンオマーン,2010104646,アグネスデジタル,1997110025,小橋亮太,栄進牧場,"1,553.2",2005.0,2010.0,1997.0
2018110091,コズミックマインド,セ,田島俊明,,Into Mischief,000a0125a7,Mystical Star,000a014a60,Ghostzapper,000a010525,レッドマジック,Candy Meadows LLC,"1,553.0",2005.0,2008.0,2000.0
2018102123,セントポーリア,牝,打越勇児,,アイルハヴアナザー,000a011ed3,キーパップ,2009106458,フレンチデピュティ,000a00013a,岡田美佐子,ビッグレッドファーム,"1,552.5",2009.0,2009.0,1992.0
2018104745,シゲルオテンバ,牝,九日俊光,,ロードカナロア,2008103552,ファビュラスセンス,2006103038,グラスワンダー,1995108676,森中啓子,社台ファーム,"1,550.7",2008.0,2006.0,1995.0
2018106754,イエローキャブ,牡,徳本慶一,,ゼンノロブロイ,2000101517,ミニレイスター,2009105066,シニスターミニスター,000a011099,平賀眞吾,浜口牧場,"1,549.6",2000.0,2009.0,2003.0
2018104465,ハクサントップ,牡,矢野義幸,,ハクサンムーン,2009102527,オークヒルズ,2005105604,ブライアンズタイム,000a000082,河崎五市,三木田牧場,"1,549.5",2009.0,2005.0,1985.0
2018100207,ビービーリバイブ,牡,加藤幸保,,カジノドライヴ,2005110112,ビービーオドラント,2011101135,ステイゴールド,1994108729,吉川真ノ介,賀張三浦牧場,"1,549.0",2005.0,2011.0,1994.0
2018102990,グルナピーク,牝,東美義,,ダノンレジェンド,2010110102,クレインテオドーラ,2011103038,タニノギムレット,1999100226,（同）ＪＰＮ技研,市川牧場,"1,548.0",2010.0,2011.0,1999.0
2018103709,ララサンスフル,牝,大竹正博,,ハーツクライ,2001103038,ガーデニア,000a013711,Galileo,000a00232b,フジイ興産,グランド牧場,"1,547.0",2001.0,2013.0,1998.0
2018100476,ニーナドレス,牝,友道康夫,,ハーツクライ,2001103038,サラトガ,2004101768,クロフネ,1998110135,平井裕,白井牧場,"1,546.6",2001.0,2004.0,1998.0
2018106480,クーシェル,牝,渡瀬寛彰,,スマートファルコン,2005100097,ニシノラメール,2008102452,タイキシャトル,1994109686,谷謙介,松田牧場,"1,546.2",2005.0,2008.0,1994.0
2018103802,イモータルソウル,牡,加藤和宏,,ルーラーシップ,2007103143,アステュート,2010102733,アグネスタキオン,1998101516,ファーストビジョン,桜井牧場,"1,545.1",2007.0,2010.0,1998.0
2018101916,シンジダイ,牡,伊藤滋規,,リーチザクラウン,2006102923,ビギントゥーラン,2006105039,シンボリクリスエス,1999110099,シグラップ・マネジメ,中山高鹿康,"1,545.1",2006.0,2006.0,1999.0
2018106231,ゴールドマイヤー,牡,中塚猛,,アドマイヤムーン,2003102991,マーティンゴールド,2010104911,タイキシャトル,1994109686,大戸志浦,田中スタッド,"1,543.0",2003.0,2010.0,1994.0
2018101626,ウインルーア,牝,青木孝文,,ゴールドシップ,2009102739,コスモエルデスト,2011105940,ブラックホーク,1994109361,ウイン,コスモヴューファーム,"1,540.6",2009.0,2011.0,1994.0
2018105493,ピュアブラッド,セ,尾関知人,,オルフェーヴル,2008102636,クィーンアマポーラ,2013105333,キングカメハメハ,2001103460,Ｇ１レーシング,社台コーポレーション白老ファーム,"1,540.0",2008.0,2013.0,2001.0
2018105201,デイトンウェイ,牡,野中賢二,,リアルインパクト,2008103244,ビバリーヒルズ,2012104803,スニッツェル,000a010eaa,シルクレーシング,ノーザンファーム,"1,540.0",2008.0,2012.0,2002.0
2018101557,ビスバルト,牡,新井清重,,アジアエクスプレス,2011110091,シーユーサンデー,2003102882,サンデーサイレンス,000a00033a,ＹＧＧホースクラブ,川上牧場,"1,539.6",2011.0,2003.0,1986.0
2018104181,トンデコパ,牝,板垣吉則,,サウスヴィグラス,1996110138,イマスグキスミー,2011104439,ジャングルポケット,1998101786,小林祐介,西村牧場,"1,538.8",1996.0,2011.0,1998.0
2018104673,ナリノバロン,牡,及川良春,,スピルバーグ,2009105961,ダルタヤ,000a012514,Anabaa,000a0022e2,大黒富美子,社台ファーム,"1,538.3",2009.0,2003.0,1992.0
2018100515,アウタースペース,牡,黒田隆男,,フリオーソ,2004106867,ハタノシュヴァリエ,2012105996,ディープスカイ,2005101358,小橋亮太,新生ファーム,"1,536.0",2004.0,2012.0,2005.0
2018106203,メイショウコトダマ,牡,有馬澄男,,メイショウボーラー,2001100650,メイショウフクヒメ,1999102020,バブルガムフェロー,1993109219,松本好隆,太陽牧場,"1,535.1",2001.0,1999.0,1993.0
2018105781,フレイムフォース,牡,雑賀伸一,,メイショウボーラー,2001100650,ドレスコード,2003100654,サンデーサイレンス,000a00033a,生部初男,橋本牧場,"1,534.8",2001.0,2003.0,1986.0
2018103663,ティーズアレディー,牝,嶋田幸晴,,トランセンド,2006104736,フェスティブシャン,2000101894,サニーブライアン,1994105719,立山伸二,カタオカファーム,"1,534.0",2006.0,2000.0,1994.0
2018103776,ブリリアドロ,牡,栗林徹治,,ダノンレジェンド,2010110102,ボンセジュール,2011102554,ダイワメジャー,2001103114,組）Ｇ．Ｇ．Ｇ．Ｍホ,ゴールドアップカンパニー,"1,533.0",2010.0,2011.0,2001.0
2018104250,ケリアテソーロ,牝,伊坂重信,,ダイワメジャー,2001103114,スキャンパー,000a01388e,Oasis Dream,000a010d4f,了徳寺健二ホールディングス,服部牧場,"1,530.6",2001.0,2013.0,2000.0
2018103592,セントレガーロ,牝,田中力,,クリエイターII,000a013630,セントローレンス,2008106192,ジャングルポケット,1998101786,井手京子,岡田牧場,"1,530.4",2013.0,2008.0,1998.0
2018106156,オーケーパッション,牝,小久保智,,ルーラーシップ,2007103143,パッションレッド,2004103339,アグネスタキオン,1998101516,ブルーエクウス,酒井牧場,"1,530.0",2007.0,2004.0,1998.0
2018105436,ギャリエノワール,牡,萩原清,,ドゥラメンテ,2012104511,ブランネージュ,2011103510,シンボリクリスエス,1999110099,Ｇ１レーシング,追分ファーム,"1,530.0",2012.0,2011.0,1999.0
2018102968,ティーケーメイト,牝,八木仁,,ホッコータルマエ,2009100921,ティーケーニケ,2003103705,ジェニュイン,1992109450,富岡直博,秋場牧場,"1,529.0",2009.0,2003.0,1992.0
2018103270,ハクサンハーバー,牡,加藤和義,,ハクサンムーン,2009102527,キャメロンロード,2010105742,デュランダル,1999106756,河崎五市,中村雅明,"1,526.0",2009.0,2010.0,1999.0
2018101369,ティプシーワールド,牝,大島静夫,,トゥザワールド,2011103975,ホーリーブラウン,1998101720,フジキセキ,1992109618,（同）ＪＰＮ技研,坂東牧場,"1,525.8",2011.0,1998.0,1992.0
2018104036,ハイプリーステス,牝,三宅直之,,ネオユニヴァース,2000101426,キモンクイーン,2011102175,クロフネ,1998110135,小橋亮太,田原橋本牧場,"1,523.5",2000.0,2011.0,1998.0
2018101170,スターインパクト,牡,竹下太,,リアルインパクト,2008103244,シルキーステラ,2002107298,ブライアンズタイム,000a000082,服部豊,ヤナガワ牧場,"1,522.8",2008.0,2002.0,1985.0
2018104146,ロックオンエイム,牝,佐藤浩一,,アドマイヤムーン,2003102991,ゴールドヴァレー,2010103081,ブライアンズタイム,000a000082,池田俊道,飛野牧場,"1,521.2",2003.0,2010.0,1985.0
2018106236,サザンジンジャー,牡,菅原勲,,シニスターミニスター,000a011099,エポカブラヴァ,2004110013,Point Given,000a00fdbd,岡田美佐子,谷川牧場,"1,520.8",2003.0,2004.0,1998.0
2018100553,ミコブラック,牝,中村直也,,パイロ,000a01176a,ペニーブラック,2008103182,Redoute's Choice,000a00fe93,古賀慎一,シンボリ牧場,"1,520.0",2005.0,2008.0,1996.0
2018101246,マーサマイディア,牝,内田勝義,,サウスヴィグラス,1996110138,ドリームヴィーナス,2005103893,ジェイドロバリー,000a0001a7,グランド牧場,赤石牧場,"1,518.5",1996.0,2005.0,1987.0
2018100753,ハッピーホンコン,牡,田中淳司,,エスポワールシチー,2005102837,サトノバーキン,2011102258,クロフネ,1998110135,会田裕一,ディアレストクラブ,"1,518.4",2005.0,2011.0,1998.0
2018109100,カルタゴ,牝,小島茂之,,バゴ,2001190004,ターフデライト,2009105991,アグネスタキオン,1998101516,那須野牧場,恵比寿興業株式会社那須野牧場,"1,516.0",2001.0,2009.0,1998.0
2018105059,オレンジフィズ,牝,小手川準,,エピファネイア,2010104155,シャンボールフィズ,2009105993,キングカメハメハ,2001103460,保坂和孝,ノーザンファーム,"1,514.4",2010.0,2009.0,2001.0
2018103437,ミルトボス,牡,中竹和也,,スマートファルコン,2005100097,ヤマイチシキブ,2008100045,ブライアンズタイム,000a000082,永山勝敏,石川牧場,"1,514.0",2005.0,2008.0,1985.0
2018100332,アングラン,牝,林隆之,,フィガロ,1995108837,ヴィジタンディーヌ,2010100402,ワイルドラッシュ,000a0003a1,伊達泰明,サンシャイン牧場,"1,512.0",1995.0,2010.0,1994.0
2018100438,ライクマジック,牝,栗田裕光,,ダノンレジェンド,2010110102,マジカルシェイプ,2006105536,Street Cry,000a0103ba,酒井孝敏,下河辺牧場,"1,511.5",2010.0,2006.0,1998.0
2018101385,ベラジオホープ,牡,瀬戸幸一,,パイロ,000a01176a,サマーリガード,2007104927,アドマイヤマックス,1999107004,山田均,船越伸也,"1,508.5",2005.0,2007.0,1999.0
2018105585,サイレントナイト,牡,橋本忠明,,リオンディーズ,2013105915,スリーアフロディテ,2009105449,スズカマンボ,2001103890,大塚亮一,新井牧場,"1,507.0",2013.0,2009.0,2001.0
2018105304,グッドインパクト,牝,宮徹,,マジェスティックウォリアー,000a011e9c,モスカートローザ,2008103387,ディープインパクト,2002100816,杉立健次郎,ノーザンファーム,"1,506.0",2005.0,2008.0,2002.0
2018101072,キュートラン,牝,高橋文雅,,ディスクリートキャット,000a0113a1,ビーキュート,2009106516,マヤノトップガン,1992102988,岡村善行,前野牧場,"1,506.0",2003.0,2009.0,1992.0
2018105473,エアーレジーナ,牝,和田雄二,,ルーラーシップ,2007103143,ウインドストリーム,2010104556,アグネスタキオン,1998101516,遠藤良一,社台コーポレーション白老ファーム,"1,503.0",2007.0,2010.0,1998.0
2018104675,ミリタリータンゴ,牡,中竹和也,,エイシンフラッシュ,2007102951,ダンスアミーガ,2011104307,サクラバクシンオー,1989108341,社台レースホース,社台ファーム,"1,500.0",2007.0,2011.0,1989.0
2018104595,デルマセイシ,牝,音無秀孝,,エイシンフラッシュ,2007102951,クラウンプリンセス,2004103160,スペシャルウィーク,1995103211,浅沼廣幸,社台ファーム,"1,500.0",2007.0,2004.0,1995.0
2018103678,サイダイゲンカイ,牡,田中淳司,,ジョーカプチーノ,2006100529,ガーデンスタイル,2005102135,デヒア,000a0000df,山口裕介,木村秀則,"1,497.6",2006.0,2005.0,1991.0
2018104211,クツワノセキトリ,牡,石橋満,,ヴィットリオドーロ,2009110009,クツワホームラン,2011102409,ハーツクライ,2001103038,芳賀克也,野坂牧場,"1,497.5",2009.0,2011.0,2001.0
2018105588,キングフリオーソ,牡,佐々木功,,フリオーソ,2004106867,インカブレイブ,2005101783,アメリカンボス,1995108602,江崎聡,池本久志,"1,497.4",2004.0,2005.0,1995.0
2018103885,スマートエミネンス,牡,栗林徹治,,ワールドエース,2009106353,スマートアルファ,2013104484,アグネスデジタル,1997110025,（同）ＪＰＮ技研,静内山田牧場,"1,495.9",2009.0,2013.0,1997.0
2018101645,ウインアルバローズ,牡,中川竜馬,,ロージズインメイ,000a010a10,マイネピュール,2001100313,ジェニュイン,1992109450,豊島愛子,コスモヴューファーム,"1,495.0",2000.0,2001.0,1992.0
2018101686,ウキウキホリデー,牝,松永康利,,ジョーカプチーノ,2006100529,アサヒカレンダー,2003100152,サニーブライアン,1994105719,ビッグレッドファーム,シンカンファーム,"1,493.0",2006.0,2003.0,1994.0
2018104565,フローズンカクテル,牝,小手川準,,スクリーンヒーロー,2004103328,オメガハートロック,2011104198,ネオユニヴァース,2000101426,吉田千津,社台ファーム,"1,490.0",2004.0,2011.0,2000.0
2018102827,エコロキング,牡,保利良平,,リオンディーズ,2013105915,イミラカチャ,2011104338,サクラバクシンオー,1989108341,原村正紀,前田ファーム,"1,487.5",2013.0,2011.0,1989.0
2018103608,ダイナストーン,牝,蛯名正義,,ダンカーク,000a012185,ベアフルート,2009105736,サクラバクシンオー,1989108341,山本又一郎,岡田牧場,"1,485.4",2006.0,2009.0,1989.0
2018105812,ランペロニキ,牡,米谷康秀,,キンシャサノキセキ,2003110212,チェルカ,2005102478,クロフネ,1998110135,西村健,レイクヴィラファーム,"1,483.1",2003.0,2005.0,1998.0
2018105429,ナヴィリオ,牡,米谷康秀,,ジャスタウェイ,2009106461,ナターレ,2008102623,クロフネ,1998110135,（株）マフィン,追分ファーム,"1,482.5",2009.0,2008.0,1998.0
2018101166,サイモンポーリア,牝,根本康広,,マジェスティックウォリアー,000a011e9c,サイモンガーランド,2009103158,ロージズインメイ,000a010a10,澤田昭紀,ヤナガワ牧場,"1,481.8",2005.0,2009.0,2000.0
2018101669,ファイントリック,牝,佐藤祐司,,ルーラーシップ,2007103143,ステージトリック,000a011e0b,Distorted Humor,000a0022ea,佐藤信廣,佐藤牧場,"1,481.1",2007.0,2006.0,1993.0
2018103633,スツーカ,牝,山口浩幸,,コメート,2012103165,ユズチャン,2012103588,カネヒキリ,2002100978,津田浩一,小倉光博,"1,479.9",2012.0,2012.0,2002.0
2018103242,ピナ,牝,蛯名利弘,,キズナ,2010105827,アグネスカルミア,2004110016,ケイムホーム,000a0108d1,畑佐博,高松牧場,"1,478.6",2010.0,2004.0,1999.0
2018105461,フレイミングサン,牝,荒井朋弘,,ハーツクライ,2001103038,レッドサン,000a01386f,Monsun,000a010db6,清水義徳,追分ファーム,"1,477.5",2001.0,2010.0,1990.0
2018104363,チェックメイト,牡,武幸四郎,,ダイワメジャー,2001103114,ストームツイスター,2006101543,ワイルドラッシュ,000a0003a1,川勝裕之,藤原牧場,"1,477.3",2001.0,2006.0,1994.0
2018110032,レベルタウン,牡,石橋守,,Dawn Approach,000a012117,Cynthiana,000a014907,Siyouni,000a012056,ゴドルフィン,Ringfort Stud Ltd,"1,477.0",2010.0,2012.0,2007.0
2018105108,グリモリオ,牝,菊沢隆徳,,エピファネイア,2010104155,スペルオンミー,2011103778,ダイワメジャー,2001103114,吉田勝己,ノーザンファーム,"1,477.0",2010.0,2011.0,2001.0
2018104957,エクスインパクト,セ,尾関知人,,ディープインパクト,2002100816,エクセレンスII,000a012f87,Champs Elysees,000a012551,シルクレーシング,ノーザンファーム,"1,477.0",2002.0,2011.0,2003.0
2018100179,シゲルソウサイ,牡,上村洋行,,エピファネイア,2010104155,ヴァルホーリング,000a010f01,Halling,000a002075,森中蕃,オリオンファーム,"1,477.0",2010.0,2002.0,1991.0
2018105645,トーセンジーザス,牡,川島正一,,スピルバーグ,2009105961,ダンカンズビー,2014105387,Shamardal,000a010c92,島川隆哉,エスティファーム,"1,475.0",2009.0,2014.0,2002.0
2018103745,スマートパルフェ,牝,有馬澄男,,ルーラーシップ,2007103143,プレシャスジェムズ,2007100277,シンボリクリスエス,1999110099,（株）大川徹ホールデ,グランド牧場,"1,475.0",2007.0,2007.0,1999.0
2018106483,バジルフレイバー,牝,井上弘之,,ホッコータルマエ,2009100921,ココナフレイバー,2011101082,スウェプトオーヴァーボード,000a00fa34,豊島愛子,丸幸小林牧場,"1,474.0",2009.0,2011.0,1997.0
2018104517,フロンタルクリス,牡,松浦裕之,,シンボリクリスエス,1999110099,アルティマチャーム,2013105364,キングカメハメハ,2001103460,高橋正雄,社台ファーム,"1,473.5",1999.0,2013.0,2001.0
2018103798,ミュークレグルス,牡,山崎尋美,,トーセンジョーダン,2006103169,シータトウショウ,2003105152,ジェニュイン,1992109450,庄司修二,坂本春雄,"1,472.1",2006.0,2003.0,1992.0
2018102566,インゴットバード,牡,倉富隆一,,ディスクリートキャット,000a0113a1,レッドルシアン,2011103762,ゼンノロブロイ,2000101517,梶原哲朗,グローリーファーム,"1,472.0",2003.0,2011.0,2000.0
2018105323,ラッキーモー,セ,松永幹夫,,Uncle Mo,000a011ffb,ラッキートゥビーミー,000a013db2,Bernstein,000a010bae,シルクレーシング,ノーザンファーム,"1,470.0",2008.0,2007.0,1997.0
2018104484,リングボーイ,セ,川嶋弘吉,,シニスターミニスター,000a011099,マリアージュ,2005101067,ブライアンズタイム,000a000082,徳田直樹,矢野牧場,"1,469.8",2003.0,2005.0,1985.0
2018104069,レオパルドミノル,セ,渡邊貴光,,エピファネイア,2010104155,サトノラミア,2009103886,ブライアンズタイム,000a000082,吉岡實,千代田牧場,"1,468.0",2010.0,2009.0,1985.0
2018102210,サクラトップクロス,牡,雑賀伸一,,トーセンジョーダン,2006103169,チェリースピリッツ,2012103143,アドマイヤムーン,2003102991,トップフェロウ,細川農場,"1,467.0",2006.0,2012.0,2003.0
2018100773,ユナイテッドハーツ,牡,鋤田誠二,,ハーツクライ,2001103038,レディーガリレオ,2013110006,Galileo,000a00232b,組）玉川,ディアレストクラブ,"1,466.1",2001.0,2013.0,1998.0
2018103758,マイハンプス,牝,保利良平,,サウスヴィグラス,1996110138,レゲウーマン,2014104420,サマーバード,2006190002,吉野浩太朗,グランド牧場,"1,464.5",1996.0,2014.0,2006.0
2018102878,アイスボウル,牡,新田守,,ホッコータルマエ,2009100921,ラブミークリーム,2009105402,スウェプトオーヴァーボード,000a00fa34,高橋千恵子,三石川上牧場,"1,464.4",2009.0,2009.0,1997.0
2018101712,ワカミヤクオーレ,牡,稲垣幸雄,,プリサイスエンド,000a00fe9b,ヤサシイキモチ,2005105195,ビッグサンデー,1994105040,芳川貴行,スカイビーチステーブル,"1,464.0",1997.0,2005.0,1994.0
2018105228,ブレイブライオン,牡,西村真幸,,ディープインパクト,2002100816,フラーテイシャスミス,000a011eaf,Mr. Greeley,000a00213e,ライオンレースホース,ノーザンファーム,"1,463.0",2002.0,2004.0,1992.0
2018104495,シェナブライト,牡,吉田正美,,シニスターミニスター,000a011099,サクラワイズ,2004104493,サクラバクシンオー,1989108341,冨田藤男,山田牧場,"1,463.0",2003.0,2004.0,1989.0
2018100727,ハクサンマックス,牡,櫻井今朝,,モーリス,2011100655,ピュアエクセル,2011102909,アドマイヤムーン,2003102991,河崎五市,チャンピオンズファーム,"1,462.2",2011.0,2011.0,2003.0
2018104139,クローズネスト,牝,安田翔伍,,ブラックタイド,2001103312,ロイヤルペルラ,2000102322,ブライアンズタイム,000a000082,飯田正剛,千代田牧場,"1,461.0",2001.0,2000.0,1985.0
2018105216,ブライトギフト,牡,国沢輝幸,,エピファネイア,2010104155,ファシネートダイア,2009106248,アグネスタキオン,1998101516,保坂和孝,ノーザンファーム,"1,460.0",2010.0,2009.0,1998.0
2018101804,グローリアスカペラ,牝,土田稔,,エピファネイア,2010104155,ジュエリスト,2009106421,ダイワメジャー,2001103114,日下部勝徳,大作ステーブル,"1,454.9",2010.0,2009.0,2001.0
2018102049,テオドラ,牝,北出成人,,サウスヴィグラス,1996110138,シャインリザルト,2002110053,Victory Gallop,000a0022d4,ノースヒルズ,ノースヒルズ,"1,450.0",1996.0,2002.0,1995.0
2018103775,クールブリエ,牝,国沢利照,,メイショウサムソン,2003102205,フレアキャスケード,2003105424,エルコンドルパサー,1995108742,五影慶則,ゴールドアップカンパニー,"1,449.5",2003.0,2003.0,1995.0
2018100287,フォルドンナ,牝,村上頼章,,ハタノヴァンクール,2009102350,ダイワストリーム,2010103263,ダイワメジャー,2001103114,八嶋長久,グッドラック・ファーム,"1,449.0",2009.0,2010.0,2001.0
2018105733,カネショウルーイ,牡,鈴木義久,,スウェプトオーヴァーボード,000a00fa34,ターキッシュブルー,2009105555,カリズマティック,000a00fa33,清水正裕,高橋農場,"1,448.0",1997.0,2009.0,1996.0
2018106581,セレッソフレイム,牝,西村守幸,,パイロ,000a01176a,ボストンサクラ,2009100807,ダイワメジャー,2001103114,三宅勝俊,宮内牧場,"1,447.2",2005.0,2009.0,2001.0
2018102226,ユーベルント,牝,堀内岳志,,ルーラーシップ,2007103143,ストームイメージ,2001102785,ダンスインザダーク,1993109188,ノルマンディーサラブレッドレーシング,松浦牧場,"1,447.0",2007.0,2001.0,1993.0
2018102011,ヤマニンバルトロ,牡,伊藤和,,ディープブリランテ,2009105084,ヤマニンエマイユ,2003100626,ホワイトマズル,1990109700,土井久美子,錦岡牧場,"1,445.8",2009.0,2003.0,1990.0
2018100658,コスモノート,セ,宗綱泰彦,,アドマイヤムーン,2003102991,コスモポリタン,000a0116db,Cadeaux Genereux,000a001e13,（同）ＪＰＮ技研,ダーレー・ジャパン・ファーム,"1,444.9",2003.0,2005.0,1985.0
2018101850,リュウノヘラクレス,牡,鷹見浩,,ディスクリートキャット,000a0113a1,メロディライン,2014102231,パイロ,000a01176a,蓑島竜一,トド岩高原銀河農場物語,"1,444.0",2003.0,2014.0,2005.0
2018103386,ガールズヒロイン,牝,佐藤茂,,ロージズインメイ,000a010a10,ガールズストーリー,2008106573,シックスセンス,2002100476,松橋公生,村中牧場,"1,443.2",2000.0,2008.0,2002.0
2018105875,ディーバサンライズ,牝,小林真也,,ダイワメジャー,2001103114,カシュカシュ,2009102465,アフリート,000a000013,松岡隆雄,浦河小林牧場,"1,440.0",2001.0,2009.0,1984.0
2018104699,トロワエスポワール,牡,鹿戸雄一,,エピファネイア,2010104155,トロワボヌール,2010103823,バゴ,2001190004,村野康司,社台ファーム,"1,439.0",2010.0,2010.0,2001.0
2018101801,グローリアスゾスマ,牝,高月賢一,,シニスターミニスター,000a011099,エレクティオン,2009105100,シンボリクリスエス,1999110099,日下部勝徳,大作ステーブル,"1,432.0",2003.0,2009.0,1999.0
2018101259,ノーブルグレイス,牝,宮本博,,マクフィ,000a011c77,スズカグレイス,2002107012,サンデーサイレンス,000a00033a,吉木伸彦,稲原牧場,"1,429.0",2007.0,2002.0,1986.0
2018103159,グランドライズ,牡,伊坂重信,,フサイチセブン,2006101225,ローズアライヴァル,2002102691,フジキセキ,1992109618,竹下佳利,高昭牧場,"1,427.5",2006.0,2002.0,1992.0
2018103762,クープラン,牡,目迫大輔,,ドゥラメンテ,2012104511,サトノジェイド,2011110001,Cape Cross,000a0022ae,森田和豊,今牧場,"1,427.4",2012.0,2011.0,1994.0
2018106828,ランドファースト,牡,矢野義幸,,トランセンド,2006104736,ストリートダンサー,2013105823,ダノンシャンティ,2007105709,木村昌三,ヤスナカファーム,"1,426.5",2006.0,2013.0,2007.0
2018105335,ギャラクシーエッジ,牡,萩原清,,エピファネイア,2010104155,ランズエッジ,2006103163,ダンスインザダーク,1993109188,サンデーレーシング,ノーザンファーム,"1,426.5",2010.0,2006.0,1993.0
2018102791,クレマチステソーロ,牝,勢司和浩,,Kingman,000a0124ab,ドゥケシーナ,000a013dbb,Henrythenavigator,000a0116fd,了徳寺健二ホールディングス,幌村牧場,"1,424.0",2011.0,2013.0,2005.0
2018105315,グランメテオール,セ,松永幹夫,,ダイワメジャー,2001103114,ライラックスアンドレース,000a011df8,Flower Alley,000a011d8c,サンデーレーシング,ノーザンファーム,"1,421.0",2001.0,2008.0,2002.0
2018103320,タカミズ,牝,荒井朋弘,,ヘニーヒューズ,000a011155,チャプレット,2011103343,ゼンノロブロイ,2000101517,清水義徳,ヒダカファーム,"1,421.0",2003.0,2011.0,2000.0
2018102988,キアヌマウナ,牝,和田雄二,,ホッコータルマエ,2009100921,ルヴァンクレール,2005110010,Danehill Dancer,000a002309,ターフ・スポート,市川ファーム,"1,421.0",2009.0,2005.0,1993.0
2018103156,エスケイヤマト,牡,林正人,,サウスヴィグラス,1996110138,ルスナイオブカラー,2002103856,ブライアンズタイム,000a000082,伊藤輔則,高昭牧場,"1,420.5",1996.0,2002.0,1985.0
2018104986,スクウェアセイル,牝,坂口智康,,トゥザワールド,2011103975,カラベルラティーナ,2004102922,クロフネ,1998110135,キャロットファーム,ノーザンファーム,"1,420.0",2011.0,2004.0,1998.0
2018104426,タマモヒップホップ,牡,伊藤圭三,,ディープブリランテ,2009105084,チャームダンス,2003105515,アフリート,000a000013,タマモ,前田牧場,"1,420.0",2009.0,2003.0,1984.0
2018105123,ジェニーアムレット,牝,池添学,,ディープインパクト,2002100816,ソーメニーウェイズ,000a0124ce,Sightseeing,000a0123e7,スリーエイチレーシング,ノーザンファーム,"1,419.0",2002.0,2010.0,2004.0
2018102799,ヴィグルズマン,セ,佐藤祐司,,サウスヴィグラス,1996110138,クレーンズラヴァー,2007103866,ゼンノロブロイ,2000101517,ＫＡＪＩＭＯＴＯホールディングス,本桐牧場,"1,416.3",1996.0,2007.0,2000.0
2018105490,コートダルジャン,牝,牧田和弥,,ハーツクライ,2001103038,カニョット,000a01199b,Sunray Spirit,000a0118fc,キャロットファーム,社台コーポレーション白老ファーム,"1,416.0",2001.0,2005.0,1999.0
2018105379,ロジローズ,牡,加藤和宏,,ロジユニヴァース,2006103140,ロジフェローズ,2007105940,タニノギムレット,1999100226,（株）ファーストビジ,ノーザンファーム,"1,415.1",2006.0,2007.0,1999.0
2018103602,ラインプリンス,牡,平沢芳三,,リオンディーズ,2013105915,ヒストリアドリーム,2010100557,アドマイヤムーン,2003102991,小橋亮太,岡田牧場,"1,414.0",2013.0,2010.0,2003.0
2018102579,アルバリーニョ,牝,西川進也,,ロードカナロア,2008103552,グラナダ,2012102295,Galileo,000a00232b,小橋亮太,ケイアイファーム,"1,414.0",2008.0,2012.0,1998.0
2018100867,スマイルチャージ,牝,雑賀正光,,ベーカバド,000a011dc0,ゴーフォーイット,2012101739,タイキシャトル,1994109686,小橋亮太,野島牧場,"1,412.0",2007.0,2012.0,1994.0
2018103303,メディシス,牝,杉山佳明,,サウスヴィグラス,1996110138,バルビーナ,2012101348,ブラックタイド,2001103312,中辻明,バンブー牧場,"1,408.0",1996.0,2012.0,2001.0
2018104939,エシカル,牡,高橋文雅,,ハーツクライ,2001103038,ウーマンシークレット,000a012001,Sadler's Wells,000a00185d,吉田和美,ノーザンファーム,"1,407.0",2001.0,2002.0,1981.0
2018104727,ナリノヴィエンヌ,セ,高岩孝敏,,エイシンフラッシュ,2007102951,パシャドーラ,2010103676,ハーツクライ,2001103038,北原大史,社台ファーム,"1,406.1",2007.0,2010.0,2001.0
2018102826,アウトレイジング,牡,手島勝利,,リーチザクラウン,2006102923,アウトオブタイム,000a011194,Panis,000a0110a4,吉田勝利,前田ファーム,"1,403.7",2006.0,2004.0,1998.0
2018101533,ユキノマツシマ,牡,畠山信一,,サウスヴィグラス,1996110138,アモーレエテルノ,2012104767,ゼンノロブロイ,2000101517,鈴木雅俊,カミイスタット,"1,401.4",1996.0,2012.0,2000.0
2018103862,ブレーヴトライ,セ,宮川真衣,,マクフィ,000a011c77,オービーレディー,2008100380,コマンダーインチーフ,000a0000b0,上岡和男,静内フジカワ牧場,"1,399.5",2007.0,2008.0,1990.0
2018106749,トウキョウドライヴ,牡,畠山信一,,カジノドライヴ,2005110112,パンジェンシー,2007102994,フレンチデピュティ,000a00013a,岩渕瑞生,リトルブルーファーム,"1,398.2",2005.0,2007.0,1992.0
2018101957,タガノマーチ,牝,荒川義之,,ブラックタイド,2001103312,タガノバラード,2011105008,ブライアンズタイム,000a000082,八木良司,新冠タガノファーム,"1,397.0",2001.0,2011.0,1985.0
2018110046,デリカテッセン,牡,稻田彰宏,,Dawn Approach,000a012117,スピークソフトリー,2009102631,アルカセット,2000190010,大田愛奈,Godolphin,"1,395.0",2010.0,2009.0,2000.0
2018105039,ミスターサファリ,牡,栗田裕光,,ハーツクライ,2001103038,サファリミス,000a012b0a,Not For Sale,000a011fae,酒井孝敏,ノーザンファーム,"1,394.0",2001.0,2011.0,1994.0
2018104393,フォルメッシ,牡,齊藤敏,,ロージズインメイ,000a010a10,リトルマーメード,2001104875,トワイニング,000a000006,八嶋長久,へいはた牧場,"1,392.1",2000.0,2001.0,1991.0
2018106158,モーガン,牡,渡瀬寛彰,,モーリス,2011100655,モーニングフェイス,2007100044,スペシャルウィーク,1995103211,林正道,酒井牧場,"1,392.0",2011.0,2007.0,1995.0
2018103414,カツゲキダイリン,牡,工藤伸輔,,スマートファルコン,2005100097,カツゲキドラマ,2010105695,クロフネ,1998110135,北原大史,朝野勝洋,"1,390.9",2005.0,2010.0,1998.0
2018102019,ヤマニンエステル,牡,伊藤和忍,,リオンディーズ,2013105915,ヤマニンパソドブル,2007104730,シンボリクリスエス,1999110099,土井久美子,錦岡牧場,"1,387.9",2013.0,2007.0,1999.0
2018104304,バードハズフロウン,牝,今井輝和,,ベーカバド,000a011dc0,ノルウェーノモリ,2011100431,ディープスカイ,2005101358,北原大史,藤沢牧場,"1,387.4",2007.0,2011.0,2005.0
2018102229,イマジンヨウコ,牝,山崎尋美,,ルーラーシップ,2007103143,ナンシー,2012103918,フレンチデピュティ,000a00013a,薪浦亨,松浦牧場,"1,387.0",2007.0,2012.0,1992.0
2018102592,スペシャリティ,牝,鋤田誠二,,キンシャサノキセキ,2003110212,パッソ,2013102311,キングカメハメハ,2001103460,庭田文雄,ケイアイファーム,"1,386.7",2003.0,2013.0,2001.0
2018103186,セイウンゴールド,牡,吉田正美,,エピファネイア,2010104155,ゴールドグレース,2002103893,エリシオ,1993190001,冨田藤男,鮫川啓一,"1,386.2",2010.0,2002.0,1993.0
2018106677,ノアブラック,セ,伊藤強一,,モンテロッソ,000a011b05,カネトシバニラ,2006105689,Kheleyf,000a010a62,酒井孝敏,清水スタッド,"1,385.0",2007.0,2006.0,2001.0
2018105515,パノティア,牡,金成貴史,,ドゥラメンテ,2012104511,スカーレル,2009105882,ゴールドアリュール,1999106689,野田努,社台コーポレーション白老ファーム,"1,384.0",2012.0,2009.0,1999.0
2018102894,ラッキーカイザー,牡,鈴木啓之,,サウスヴィグラス,1996110138,ソラコマチ,2009101892,サクラバクシンオー,1989108341,会田裕一,村上牧場,"1,383.0",1996.0,2009.0,1989.0
2018100120,ゲストプリンシパル,牡,飯田弘道,,ゼンノロブロイ,2000101517,ティエッチグレース,1997110296,Capote,000a00185a,大黒富美子,ヴェルサイユファーム,"1,382.8",2000.0,1997.0,1984.0
2018100895,スマイルヴィヴァン,牝,中川竜馬,,パイロ,000a01176a,サクセスウイッチ,2000104885,ブライアンズタイム,000a000082,豊島愛子,浜本牧場,"1,382.4",2005.0,2000.0,1985.0
2018101296,レイワプリンセス,牝,野口寛仁,,ドゥラメンテ,2012104511,スズノメヒョー,2004103045,バチアー,000a00004b,菅藤孝雄,清水牧場,"1,382.0",2012.0,2004.0,1997.0
2018105435,カンナリリー,牝,伊藤勝好,,スクリーンヒーロー,2004103328,フォーエバーモア,2011103499,ネオユニヴァース,2000101426,（有）ホースケア,追分ファーム,"1,380.3",2004.0,2011.0,2000.0
2018109175,ミスターウラノフ,牡,渡辺博文,,スクワートルスクワート,000a000da4,プルメリアチャーム,2007102788,キングカメハメハ,2001103460,シグラップ・マネジメ,服部文明,"1,380.0",1998.0,2007.0,2001.0
2018105239,プラウドルック,牝,茶木太樹,,ディープインパクト,2002100816,プラウドスペル,000a0124bd,Proud Citizen,000a0105b8,吉田勝己,ノーザンファーム,"1,380.0",2002.0,2005.0,1999.0
2018102899,ヴァンヌ,牡,栗本陽一,,モーリス,2011100655,ギュイエンヌ,2005104636,タニノギムレット,1999100226,福永實,明治牧場,"1,380.0",2011.0,2005.0,1999.0
2018101772,マルトクローレル,牝,戸部尚実,,エスポワールシチー,2005102837,マルトクビクトリー,2012106363,フレンチデピュティ,000a00013a,竹中進一,竹中牧場,"1,380.0",2005.0,2012.0,1992.0
2018109009,オタクインパクト,牡,村上正和,,ウインバリアシオン,2008103206,ネオヴェリーフェズ,2007102893,ネオユニヴァース,2000101426,上手健太郎,荒谷牧場,"1,378.0",2008.0,2007.0,2000.0
2018104921,トゥルーアート,牝,大竹正博,,ダイワメジャー,2001103114,イグジビットワン,000a011944,Silver Hawk,000a0019b4,キャロットファーム,ノーザンファーム,"1,377.4",2001.0,2002.0,1979.0
2018105548,フォルテファム,牝,荒山勝徳,,マジェスティックウォリアー,000a011e9c,フォルテミニョン,2013105257,ディープインパクト,2002100816,吉田晴哉,社台コーポレーション白老ファーム,"1,376.0",2005.0,2013.0,2002.0
2018102368,モリデンワールド,牡,鈴木啓之,,トゥザワールド,2011103975,マグマヴィーナス,2000106815,カコイーシーズ,1986109001,伊藤正樹,森田芳男,"1,376.0",2011.0,2000.0,1986.0
2018100675,チュイション,牡,赤嶺本浩,,ディスクリートキャット,000a0113a1,スモーダリング,2012101513,パイロ,000a01176a,豊島愛子,ダーレー・ジャパン・ファーム,"1,376.0",2003.0,2012.0,2005.0
2018106296,セイブロッケン,牡,國澤利照,,サウスヴィグラス,1996110138,ブロッケン,2009102673,ワイルドラッシュ,000a0003a1,小橋亮太,大道牧場,"1,375.2",1996.0,2009.0,1994.0
2018101294,カモミールティー,牡,安部幸夫,,リーチザクラウン,2006102923,サブラタ,2010103994,ウォーエンブレム,000a00fa35,（同）ＪＰＮ技研,清水牧場,"1,374.9",2006.0,2010.0,1999.0
2018103451,パーティーモード,牡,甲田悟史,,アジアエクスプレス,2011110091,マイネリスペクト,2008104071,リンカーン,2000101561,竹下浩一,上野正恵,"1,374.0",2011.0,2008.0,2000.0
2018102211,フェスティヴノンノ,牝,加藤和宏,,アジアエクスプレス,2011110091,フェスティヴキティ,2006105405,バブルガムフェロー,1993109219,（株）ファーストビジ,細川農場,"1,372.7",2011.0,2006.0,1993.0
2018106317,ジオパークマグマ,牡,川島豊,,トーセンジョーダン,2006103169,アドマイヤヒナタ,2013103600,キングカメハメハ,2001103460,田口絢子,辻牧場,"1,371.0",2006.0,2013.0,2001.0
2018103060,スカイトライア,牡,黒木豊,,ディープスカイ,2005101358,モエレヒストリー,2005104421,ファルブラヴ,1998190004,関昭一,笠松牧場,"1,369.0",2005.0,2005.0,1998.0
2018101103,クリノキララ,牝,畑端省吾,,クレスコグランド,2008103013,バクシンクリチャン,2009102007,サクラバクシンオー,1989108341,栗本博晴,増尾牧場,"1,366.6",2008.0,2009.0,1989.0
2018101988,レープハフト,牝,山元博徳,,ルーラーシップ,2007103143,ジョディーズライン,2007103074,クロフネ,1998110135,（株）ファーストビジ,新冠橋本牧場,"1,363.0",2007.0,2007.0,1998.0
2018103737,ユウユウスターリー,牝,月岡健二,,ダブルスター,2009103518,ビジータイム,2011101910,マンハッタンカフェ,1998101554,北原大史,グランド牧場,"1,357.9",2009.0,2011.0,1998.0
2018104454,アイルビーゼア,牝,及川良春,,サウスヴィグラス,1996110138,リファインド,2011102625,オペラハウス,000a000d77,欠畑圭一,松田牧場,"1,356.8",1996.0,2011.0,1988.0
2018102276,ジェイケイマクフィ,牝,佐々木仁,,マクフィ,000a011c77,ジェイケイドリーム,2009104134,マンハッタンカフェ,1998101554,小谷野次郎,村上欽哉,"1,353.0",2007.0,2009.0,1998.0
2018100107,アイファーベア,牡,根本康広,,トビーズコーナー,000a011fed,レディワシントン,2008110087,Vindication,000a010544,中島稔,ＷｉｎｇＦａｒｍ,"1,352.8",2008.0,2008.0,2000.0
2018102268,ハートロック,セ,藤田弘治,,ミッキーアイル,2011103916,ウインルミエール,2002110005,Saint Ballado,000a00212e,パニオロ,村上欽哉,"1,351.8",2011.0,2002.0,1989.0
2018105138,アイディアリスト,牡,川島正一,,リアルインパクト,2008103244,ティアラトウショウ,2012103255,アドマイヤムーン,2003102991,鈴木紋菜,ノーザンファーム,"1,351.0",2008.0,2012.0,2003.0
2018106769,トキノワンカラット,牝,千葉幸喜,,トーセンラー,2008102985,エルサフィール,2006104275,タヤスツヨシ,1992109612,岩城光一,川上牧場,"1,350.7",2008.0,2006.0,1992.0
2018100494,ミッキーレジェンド,牡,大竹正博,,ダノンレジェンド,2010110102,ミッキーオリーブ,2007103134,クロフネ,1998110135,野田みづき,白井牧場,"1,350.0",2010.0,2007.0,1998.0
2018106146,メイショウピスカリ,牡,黒田隆男,,アドマイヤムーン,2003102991,フェアナタリー,2001103421,ダンスインザダーク,1993109188,小橋亮太,斉藤英牧場,"1,348.5",2003.0,2001.0,1993.0
2018101421,ジーソウルブラザー,牡,佐々木仁,,グランプリボス,2008103388,ジーベロニカ,2013104372,キングカメハメハ,2001103460,勝山陽介,アサヒ牧場,"1,348.5",2008.0,2013.0,2001.0
2018105828,ナオミゴゼン,牝,寺島良,,ブラックタイド,2001103312,メジロスプレンダー,2006102657,シンボリクリスエス,1999110099,塩澤正樹,レイクヴィラファーム,"1,346.0",2001.0,2006.0,1999.0
2018104608,コーンフィールド,牝,中道啓二,,ジャスタウェイ,2009106461,コーンドリー,2008102925,Indian Charlie,000a00fcd8,工藤栄三,社台ファーム,"1,346.0",2009.0,2008.0,1995.0
2018104142,ディープエコロジー,牝,原口次夫,,クリーンエコロジー,2008100563,ワンファインデイ,2013104530,ディープインパクト,2002100816,小濱正智,千代田牧場,"1,345.8",2008.0,2013.0,2002.0
2018105632,トーセンダーウィン,牡,三野宮通,,トーセンファントム,2007102870,カネトシコンサイス,2009110058,Smarty Jones,000a01053e,（株）アプエンテ,エスティファーム,"1,345.1",2007.0,2009.0,2001.0
2018110113,ヒトヨギリ,牝,中竹和也,,Shalaa,000a0142a5,Federation,000a01533d,Motivator,000a010c91,森田和豊,Floors Farming,"1,345.0",2013.0,2008.0,2002.0
2018104940,バクラヴァ,牝,佐々木仁,,ロードカナロア,2008103552,ヴァイスハイト,2004102929,アドマイヤベガ,1996107396,吉田和美,ノーザンファーム,"1,344.0",2008.0,2004.0,1996.0
2018102936,ウインスーリール,牝,西園正都,,ヴィクトワールピサ,2007102923,ノーモアクライ,2003110105,Cozzene,000a001bda,ウイン,山際牧場,"1,343.8",2007.0,2003.0,1980.0
2018102777,ワキノフラッシュ,牡,飯田良弘,,エイシンフラッシュ,2007102951,グローブ,2010104292,ダイワメジャー,2001103114,脇山良之,広田牧場,"1,343.1",2007.0,2010.0,2001.0
2018104520,シャドウファックス,牝,佐藤裕太,,スウェプトオーヴァーボード,000a00fa34,アルマフローラ,2008102887,ハーツクライ,2001103038,飯塚知一,社台ファーム,"1,341.0",1997.0,2008.0,2001.0
2018105378,ミッキーセサミ,牡,菊沢隆徳,,エピファネイア,2010104155,ロザリウム,2011104134,キングカメハメハ,2001103460,野田みづき,ノーザンファーム,"1,340.0",2010.0,2011.0,2001.0
2018109152,カシノレオ,牡,山下定文,,エスケンデレヤ,000a012cc0,カシノインカローズ,2009101813,キングヘイロー,1995104427,柏木務,柏木務,"1,339.5",2007.0,2009.0,1995.0
2018100419,フレディバローズ,牡,山田徹,,エイシンヒカリ,2011101273,バートラムガーデン,2009102481,サクラバクシンオー,1989108341,太田雅貴,下河辺牧場,"1,338.7",2011.0,2009.0,1989.0
2018106120,マスクトライ,セ,原口次夫,,アポロキングダム,2003110139,ガンバリッコ,2002102874,サンデーサイレンス,000a00033a,酒井孝敏,木村牧場,"1,338.2",2003.0,2002.0,1986.0
2018105038,サトノハンター,牡,平田修,,ハービンジャー,000a011996,サトノユリア,2008103211,ディープインパクト,2002100816,サトミホースカンパニー,ノーザンファーム,"1,338.0",2006.0,2008.0,2002.0
2018101356,ビービービルダー,牡,高橋俊之,,ワンダーアキュート,2006106794,タガタメ,2004106355,ディアブロ,000a0000e9,横田一男,坂東牧場,"1,336.6",2006.0,2004.0,1987.0
2018104981,アレクサンドロス,牡,小林俊彦,,ハーツクライ,2001103038,オールザウェイベイビー,000a010fb1,Grand Slam,000a0022b9,高橋清彦,ノーザンファーム,"1,335.8",2001.0,2000.0,1995.0
2018106717,プロトサマニ,牝,細川忠義,,ジョーカプチーノ,2006100529,ニンフェッタ,2007101737,タイキシャトル,1994109686,（株）ファーストビジ,林時春,"1,329.2",2006.0,2007.0,1994.0
2018105232,ブエナベントゥーラ,牡,堀宣行,,モーリス,2011100655,ブエナビスタ,2006103319,スペシャルウィーク,1995103211,サンデーレーシング,ノーザンファーム,"1,329.2",2011.0,2006.0,1995.0
2018102724,ニシノミズカゼ,牝,佐宗応和,,アジアエクスプレス,2011110091,フィールドメジャー,2010104091,ダイワメジャー,2001103114,西山茂行,中田英樹,"1,328.0",2011.0,2010.0,2001.0
2018100430,ゼンダンピューマ,セ,土田稔,,ノヴェリスト,000a012230,ブレイヴフィート,2010100464,キングカメハメハ,2001103460,ゼンレーシング,下河辺牧場,"1,328.0",2009.0,2010.0,2001.0
2018103495,グラスピレ,牝,井樋明正,,アイルハヴアナザー,000a011ed3,サマーロコガール,2007101192,キングカメハメハ,2001103460,大黒富美子,岡田スタッド,"1,326.4",2009.0,2007.0,2001.0
2018104253,マジック,牡,高柳大輔,,キンシャサノキセキ,2003110212,ディアレストトリックスキ,000a012953,Proudest Romeo,000a0127e5,カナヤマホールディングス,服部牧場,"1,325.2",2003.0,2004.0,1990.0
2018103658,バージョンアップ,牝,加用正,,エピファネイア,2010104155,アグネスリース,2006102152,フレンチデピュティ,000a00013a,高橋宏弥,カタオカファーム,"1,325.0",2010.0,2006.0,1992.0
2018100546,スイートアリエス,牝,朝倉実,,アジアエクスプレス,2011110091,スイートマルセル,2011109117,ワイルドラッシュ,000a0003a1,前田清二,シンボリ牧場,"1,325.0",2011.0,2011.0,1994.0
2018102766,アルシャイン,牡,森下淳平,,ホッコータルマエ,2009100921,アルフィルク,2009106216,アグネスタキオン,1998101516,江馬由将,平野牧場,"1,322.5",2009.0,2009.0,1998.0
2018100197,ハヴィティペイ,牡,高岩孝敏,,ゼンノロブロイ,2000101517,ペッシュドール,2006102788,キングカメハメハ,2001103460,豊島愛子,賀張中川牧場,"1,322.5",2000.0,2006.0,2001.0
2018104908,アルジェントステラ,牝,加藤和宏,,モーリス,2011100655,アルギュロス,2012104647,マンハッタンカフェ,1998101554,（株）ファーストビジ,ノーザンファーム,"1,321.8",2011.0,2012.0,1998.0
2018105604,トリストラム,牡,武井和実,,シニスターミニスター,000a011099,アントワープ,2007102378,キングカメハメハ,2001103460,北原大史,上水牧場,"1,321.0",2003.0,2007.0,2001.0
2018101942,ロイヤルエピック,牡,橋本和馬,,スマートファルコン,2005100097,ロイヤルジュエリー,2006105533,キングカメハメハ,2001103460,（有）スタッグ・ワー,新冠伊藤牧場,"1,319.5",2005.0,2006.0,2001.0
2018100412,リンガー,牝,土屋洋之,,ドリームジャーニー,2004102753,ダノンスズラン,2007105547,Awesome Again,000a0021cb,下河辺牧場,下河辺牧場,"1,319.1",2004.0,2007.0,1994.0
2018101759,シタベッド,牡,立花伸,,ベーカバド,000a011dc0,マイネアレグリア,2002106752,スペシャルウィーク,1995103211,小阪優友,武田修一,"1,317.5",2007.0,2002.0,1995.0
2018105619,ショウナンバサロ,牡,吉村圭司,,スウェプトオーヴァーボード,000a00fa34,レディトリス,2013105043,エンパイアメーカー,000a010542,国本哲秀,上水牧場,"1,317.0",1997.0,2013.0,2000.0
2018105881,セレーネカグラ,牝,市村誠,,レッドスパーダ,2006105511,ヒカルカグヤヒメ,2005101869,ダンスインザダーク,1993109188,曽根正,浦河小林牧場,"1,316.5",2006.0,2005.0,1993.0
2018105616,ラカン,牡,井樋一也,,キズナ,2010105827,ピュアブラウン,2001110134,Indian Charlie,000a00fcd8,宮崎豊治,上水牧場,"1,315.5",2010.0,2001.0,1995.0
2018103047,アミスタ,牝,黒木豊,,キンシャサノキセキ,2003110212,アミリス,2002103797,フレンチデピュティ,000a00013a,関昭一,笠松牧場,"1,315.3",2003.0,2002.0,1992.0
2018105849,メイショウキートス,牝,大島静夫,,パイロ,000a01176a,メイショウゴウヒメ,2008101553,ジャングルポケット,1998101786,奥寺毅己,赤田牧場,"1,312.0",2005.0,2008.0,1998.0
2018101677,コパノピッチング,牡,鋤田誠二,,コパノリチャード,2010106552,イゾラトウショウ,2003105166,ティンバーカントリー,000a00035e,宮田平,サンローゼン,"1,311.8",2010.0,2003.0,1992.0
2018104575,ゲヴィナー,牡,藤原英昭,,オルフェーヴル,2008102636,カウアイレーン,2006104791,キングカメハメハ,2001103460,金子真人ホールディングス,社台ファーム,"1,310.0",2008.0,2006.0,2001.0
2018106667,サーストントラスト,牡,立花伸,,キズナ,2010105827,パープルカフェ,2003105026,Vettori,000a00215f,斉藤宣彰,猿倉牧場,"1,309.0",2010.0,2003.0,1992.0
2018104455,エコロワカ,牝,木村暁,,スウェプトオーヴァーボード,000a00fa34,レーヌベルキス,2013102688,マンハッタンカフェ,1998101554,上手健太郎,松田牧場,"1,308.9",1997.0,2013.0,1998.0
2018102616,セカイノホシ,牝,井樋一也,,カレンブラックヒル,2009106230,セカイノカナ,2010101371,キングヘイロー,1995104427,吉田勝利,坂本牧場,"1,305.0",2009.0,2010.0,1995.0
2018100019,ヴェニーレ,牡,関本浩司,,メイショウボーラー,2001100650,ハナウタ,2011102758,ドリームスプレッド,1998101500,小橋亮太,厚賀古川牧場,"1,304.0",2001.0,2011.0,1998.0
2018103374,メイショウフウカ,牝,宇野木博,,メイショウサムソン,2003102205,メイショウアルパ,2012106099,ゼンノロブロイ,2000101517,湯浅健司,村下明博,"1,302.5",2003.0,2012.0,2000.0
2018101628,ウインモリオン,牡,山田徹,,ロージズインメイ,000a010a10,コスモクリスタル,2006105174,マイネルラヴ,1995108558,太田雅貴,コスモヴューファーム,"1,302.4",2000.0,2006.0,1995.0
2018100953,シングンジョーイ,牡,伊坂重信,,シングンオペラ,1998105609,エフロレス,2006102781,キングカメハメハ,2001103460,伊坂重憲,広富牧場,"1,302.3",1998.0,2006.0,2001.0
2018103315,ララモンドール,牡,碇清次郎,,トーセンラー,2008102985,ジュエルボックスII,000a012efb,Pivotal,000a002328,藤井亮輔,ヒダカファーム,"1,301.0",2008.0,2009.0,1993.0
2018110151,コスモキルカス,牡,村田順一,,Exceed And Excel,000a010a61,Lady's Light,000a018f2a,Toolighttoquit,000a018f12,シグラップ・マネジメ,Rosemont Stud,"1,299.2",2000.0,2001.0,1992.0
2018104298,キョウエイロナ,牝,加藤和宏,,ワールドエース,2009106353,キョウエイトリガー,2007109196,イーグルカフェ,1997110118,（株）ファーストビジ,藤沢牧場,"1,298.6",2009.0,2007.0,1997.0
2018104028,アーガイルピンク,牝,稲益貴弘,,ストロングリターン,2006102934,ミスウインストン,2011102158,マンハッタンカフェ,1998101554,谷岡康成,谷岡牧場,"1,298.0",2006.0,2011.0,1998.0
2018100451,ホワイトブライド,牝,瀬戸幸一,,ルーラーシップ,2007103143,ランフォーイット,000a011ddd,El Prado,000a001fb5,下河辺牧場,下河辺牧場,"1,294.7",2007.0,2006.0,1989.0
2018106575,ウイングウインド,牡,橋本和馬,,シニスターミニスター,000a011099,タムロウイング,2006100314,ブラックホーク,1994109361,宮内牧場,宮内牧場,"1,293.0",2003.0,2006.0,1994.0
2018100962,アルティマソウル,牡,櫻田浩樹,,シニスターミニスター,000a011099,ブラボーデジタル,2010101168,アグネスデジタル,1997110025,長山幸路,広富牧場,"1,292.9",2003.0,2010.0,1997.0
2018103984,ペイシャムスビ,牝,飯田弘道,,ストロングリターン,2006102934,カザリムスビ,2007102853,トワイニング,000a000006,北所拓也,田中裕之,"1,288.4",2006.0,2007.0,1991.0
2018103200,バーニングパワー,牝,鮫島一歩,,トゥザグローリー,2007103265,プリティホワイト,2009104650,クロフネ,1998110135,長谷川光司,鮫川ファーム,"1,288.0",2007.0,2009.0,1998.0
2018106625,サンクスグランパ,牡,大宮和也,,フサイチセブン,2006101225,ビートローズ,2003101729,フジキセキ,1992109618,高橋真紀,モトスファーム,"1,287.0",2006.0,2003.0,1992.0
2018105820,カタリーナ,牝,武英智,,ドゥラメンテ,2012104511,ブルーダイアモンド,2011103847,ディープインパクト,2002100816,近藤英子,レイクヴィラファーム,"1,287.0",2012.0,2011.0,2002.0
2018105675,トーセンアマンダ,牝,遠藤茂,,トーセンファントム,2007102870,トーセンミネルバ,2008105252,キングカメハメハ,2001103460,豊島愛子,エスティファーム,"1,286.0",2007.0,2008.0,2001.0
2018103529,ハイレリーフ,牝,大島静夫,,マツリダゴッホ,2003104570,ハイデフィニション,2005104192,アグネスデジタル,1997110025,北原大史,岡田スタッド,"1,286.0",2003.0,2005.0,1997.0
2018101374,ビービーアクティブ,牡,佐藤敏彦,,スピルバーグ,2009105961,レッドボナンザ,2006103451,キングカメハメハ,2001103460,小橋亮太,坂東牧場,"1,284.3",2009.0,2006.0,2001.0
2018105404,エイカイファントム,牡,藤原英昭,,キズナ,2010105827,インコグニート,1999106687,Gone West,000a001be1,二木英実,追分ファーム,"1,284.1",2010.0,1999.0,1984.0
2018106467,メテオダヴリル,牝,高木登,,エスポワールシチー,2005102837,グッドイヴニング,2011100519,コマンズ,000a011625,大樹ファーム,ビクトリーホースランチ,"1,284.0",2005.0,2011.0,1996.0
2018102133,マイネルグスタフ,牡,古賀光範,,スクリーンヒーロー,2004103328,コスモルビー,2003110076,ソヴィエトスター,000a000320,須田靖之,ビッグレッドファーム,"1,281.8",2004.0,2003.0,1984.0
2018100403,エレファンティネ,牝,斎藤誠,,American Pharoah,000a012aad,スウィーティーガール,000a013e15,Star Dabbler,000a013be8,下河辺隆行,下河辺牧場,"1,280.0",2012.0,2012.0,2003.0
2018105066,マンインザミラー,牡,池江泰寿,,ディープインパクト,2002100816,シルヴァースカヤ,000a0117fe,Silver Hawk,000a0019b4,キーファーズ,ノーザンファーム,"1,277.0",2002.0,2001.0,1979.0
2018103009,シエルブルー,牡,新井清重,,キンシャサノキセキ,2003110212,ブルーインザスカイ,2011104865,チチカステナンゴ,000a011135,ＹＧＧホースクラブ,エムエム、ヤマダファーム,"1,276.0",2003.0,2011.0,1998.0
2018100520,ブルースウェード,牝,水野貴史,,ストロングリターン,2006102934,ベッティング,2014102055,カジノドライヴ,2005110112,吉田勝利,新生ファーム,"1,274.9",2006.0,2014.0,2005.0
2018103638,スーパーアスラーダ,牡,野田忍,,トーセンジョーダン,2006103169,トーセンノーブル,2008105325,トーセンダンス,2002100594,グリーンウッド（株,織田正敏,"1,272.8",2006.0,2008.0,2002.0
2018104857,レッドアウレア,セ,尾関知人,,スクリーンヒーロー,2004103328,レッドマニッシュ,2010103781,シンボリクリスエス,1999110099,東京ホースレーシング,社台ファーム,"1,272.0",2004.0,2010.0,1999.0
2018101604,エクセルローグ,牡,武市康男,,ドゥラメンテ,2012104511,シルバーストリーク,2010105461,クロフネ,1998110135,谷川正純,小泉学,"1,272.0",2012.0,2010.0,1998.0
2018106520,トウリュウ,牡,野中賢二,,ディープブリランテ,2009105084,タフネスデジタル,2006101032,アグネスデジタル,1997110025,甘糟麗子,三嶋牧場,"1,271.0",2009.0,2006.0,1997.0
2018102845,カフェアヴニール,牡,中舘英二,,アロマカフェ,2007104812,ブランフィル,2008105503,アフリート,000a000013,西川光一,前山友厚,"1,270.0",2007.0,2008.0,1984.0
2018100923,ヴィクトリオン,セ,羽月友彦,,Uncle Mo,000a011ffb,イースターアイランド,000a013e18,Giant's Causeway,000a0022e1,中内田克二,日高大洋牧場,"1,270.0",2008.0,2014.0,1997.0
2018103049,ティーストーク,牝,佐々木仁,,ジャスタウェイ,2009106461,サチノスイーティー,2003106201,カリスタグローリ,1988106402,水上行雄,笠松牧場,"1,268.5",2009.0,2003.0,1988.0
2018101754,プリメラクラセ,牡,朝倉実,,アドマイヤマックス,1999107004,キャトルキャール,2005106592,サクラローレル,1991103498,（株）ファーストビジ,武田修一,"1,268.5",1999.0,2005.0,1991.0
2018102030,オーホンブリック,牡,吉村圭司,,エイシンフラッシュ,2007102951,アンファミーユ,2011110026,Medaglia d'Oro,000a010a65,ノースヒルズ,ノースヒルズ,"1,268.0",2007.0,2011.0,1999.0
2018101046,オニジオオタニ,セ,角田輝也,,マクフィ,000a011c77,サララ,2002106746,アドマイヤベガ,1996107396,高瀬真尚,本間牧場,"1,268.0",2007.0,2002.0,1996.0
2018102053,ドリームアゲイン,牝,田中克典,,キズナ,2010105827,ディルガ,2011110025,Curlin,000a011734,前田幸治,ノースヒルズ,"1,266.0",2010.0,2011.0,2004.0
2018100513,ラブアンバジョ,牡,伊藤強一,,アッミラーレ,1997100569,ナトリフレンド,2006102260,オペラハウス,000a000d77,鈴木和彦,新生ファーム,"1,265.8",1997.0,2006.0,1988.0
2018104016,サクラカレント,牝,佐々木国,,ブラックタイド,2001103312,サクラレイリ,2002104684,サクラバクシンオー,1989108341,さくらコマース,谷岡スタット,"1,265.3",2001.0,2002.0,1989.0
2018102127,ガンバンテイン,牝,工藤裕孝,,ゴールドシップ,2009102739,コスモオヌール,2011110104,ダンカーク,000a012185,篠塚和郎,ビッグレッドファーム,"1,265.3",2009.0,2011.0,2006.0
2018100715,ジランドール,セ,荒山勝徳,,ヘニーヒューズ,000a011155,オモテナシII,000a012e28,Henrythenavigator,000a0116fd,長谷川祐司,チャンピオンズファーム,"1,264.9",2003.0,2012.0,2005.0
2018105843,メイショウソウゴン,牡,佐々木由,,アジアエクスプレス,2011110091,シーエンプレス,2005102094,ダンスインザダーク,1993109188,大黒富美子,赤田牧場,"1,264.8",2011.0,2005.0,1993.0
2018103889,ピースフラッグ,牡,田島寿一,,アーネストリー,2005105410,トゥルーオトメ,2004100630,マンハッタンカフェ,1998101554,川原崇弘,静内山田牧場,"1,262.6",2005.0,2004.0,1998.0
2018104330,ランスオブミューズ,牝,石井勝男,,リオンディーズ,2013105915,チアフルアイズ,2008100871,ロックオブジブラルタル,000a00fd4c,五影慶則,フジワラファーム,"1,262.5",2013.0,2008.0,1999.0
2018105298,ヒートアップハート,牡,川島正一,,ダンカーク,000a012185,メガクライト,2003102819,アグネスタキオン,1998101516,キャロットファーム,ノーザンファーム,"1,261.6",2006.0,2003.0,1998.0
2018104909,ラリック,牡,鋤田誠二,,オルフェーヴル,2008102636,アルテリテ,000a012c83,Literato,000a01289b,岡田龍太郎,ノーザンファーム,"1,259.9",2008.0,2010.0,2004.0
2018101379,サンマルセレッソ,牝,伊藤和忍,,ヘニーハウンド,2008110097,トウカイセレッソ,2009104929,キングカメハメハ,2001103460,平本淳一,びらとり牧場,"1,259.3",2008.0,2009.0,2001.0
2018102301,パイナ,牝,大津剛,,ディープブリランテ,2009105084,リトゥルスター,2005102760,アグネスワールド,1995108665,松本あけみ,村上欽哉,"1,258.0",2009.0,2005.0,1995.0
2018106010,マルモルーラー,牡,木原一良,,ルーラーシップ,2007103143,マルモセーラ,2008101301,クロフネ,1998110135,まるも組合,岡本昌市,"1,256.0",2007.0,2008.0,1998.0
2018105337,ミスカイウラニ,牝,松浦聡志,,キングカメハメハ,2001103460,リコリス,2006103235,シンボリクリスエス,1999110099,諸江幸祐,ノーザンファーム,"1,255.0",2001.0,2006.0,1999.0
2018103882,ワイプアウト,牡,池田孝,,マクフィ,000a011c77,スイングサンデー,2007101346,スペシャルウィーク,1995103211,平井裕,静内山田牧場,"1,254.7",2007.0,2007.0,1995.0
2018110103,ハイレジリエンス,牡,尾林幸二,,Kingman,000a0124ab,Nannina,000a014beb,Medicean,000a010a19,曽和栄司,Cheveley Park Stud Ltd,"1,252.5",2011.0,2003.0,1997.0
2018102686,ハンター,牡,村田一誠,,エイシンフラッシュ,2007102951,ビキニクィーン,2010103895,キングヘイロー,1995104427,道永幸治,田中春美,"1,250.0",2007.0,2010.0,1995.0
2018104473,ハヌマーン,セ,藤川純,,ダノンレジェンド,2010110102,クエルクス,2008105773,フジキセキ,1992109618,福岡隆史,矢野牧場,"1,246.5",2010.0,2008.0,1992.0
2018105638,トーセンクライマー,牡,尾形和幸,,ゴールドシップ,2009102739,シゲラ,000a012e26,New Approach,000a011656,島川隆哉,エスティファーム,"1,245.0",2009.0,2011.0,2005.0
2018101100,ディーノランページ,牡,小久保智,,ベルシャザール,2008103004,オーブシュプレーム,2003102508,サクラバクシンオー,1989108341,坂本守孝,増尾牧場,"1,245.0",2008.0,2003.0,1989.0
2018102586,フライングバレル,牝,小椋研介,,ロードカナロア,2008103552,スピニングワイルドキャット,000a01250f,ハードスパン,000a0116a1,ロードホースクラブ,ケイアイファーム,"1,244.0",2008.0,2009.0,2004.0
2018100822,ジェイエルブリッジ,牡,平山宏秀,,クリエイターII,000a013630,ホウライサンデー,2000106611,サンデーサイレンス,000a00033a,遠藤喜和,ナカノファーム,"1,243.5",2013.0,2000.0,1986.0
2018104093,サンエイマジック,牡,酒井仁,,ホッコータルマエ,2009100921,トゥルーロマンス,2012103230,アグネスデジタル,1997110025,鈴木雅俊,千代田牧場,"1,241.3",2009.0,2012.0,1997.0
2018102239,ラロワイヤル,牡,田中道夫,,キングカメハメハ,2001103460,ロイヤルインパクト,2008105016,ディープインパクト,2002100816,（同）ＪＰＮ技研,松浦牧場,"1,241.0",2001.0,2008.0,2002.0
2018101351,サキガケバイオ,牝,菅原欣也,,アルデバランII,000a010541,シアリアスバイオ,1999103133,タマモクロス,1984101673,大黒富美子,坂東牧場,"1,241.0",1998.0,1999.0,1984.0
2018100619,トーホウロゼリア,牝,原口次夫,,ハーツクライ,2001103038,トーホウガイア,2001110162,Unbridled's Song,000a002071,東豊物産,竹島幸治,"1,240.6",2001.0,2001.0,1993.0
2018101358,グリージャ,牝,田中一巧,,モンテロッソ,000a011b05,チーカ,2011103634,チチカステナンゴ,000a011135,上村勇人,坂東牧場,"1,240.5",2007.0,2011.0,1998.0
2018106193,キクノクライフ,牡,土屋洋之,,キングズベスト,000a0022d2,キクノジェニー,1999104906,ジェニュイン,1992109450,菊池靖二,惣田英幸,"1,240.4",1997.0,1999.0,1992.0
2018100094,ナムラシベラ,牝,中川竜馬,,ミッキーアイル,2011103916,パンカティリオ,000a011a97,Kingmambo,000a001d7e,豊島愛子,いとう牧場,"1,240.4",2011.0,2008.0,1990.0
2018106756,コスモマイン,牡,畠山吉宏,,オルフェーヴル,2008102636,リアンドジュエリー,2012101146,クロフネ,1998110135,ビッグレッドファーム,ビッグレッドファーム,"1,240.0",2008.0,2012.0,1998.0
2018100071,テーオールソー,牡,中道啓二,,リオンディーズ,2013105915,ショコラディスコ,2009105701,シンボリクリスエス,1999110099,小笹公也,荒井ファーム,"1,240.0",2013.0,2009.0,1999.0
2018106478,レディヴィクトリア,牝,納谷和玖,,トゥザグローリー,2007103265,レディブライアン,2000104213,ブライアンズタイム,000a000082,川添裕起,松田憲一,"1,239.7",2007.0,2000.0,1985.0
2018101791,ゴールデンナイト,牡,田島寿一,,ロードカナロア,2008103552,ゴールデンファレノ,2010106506,フジキセキ,1992109618,ＫＡＪＩＭＯＴＯホールディングス,大栄牧場,"1,239.7",2008.0,2010.0,1992.0
2018102541,キュールエライジン,牡,中塚猛,,ホッコータルマエ,2009100921,キュールエアリス,2010104528,ウォーエンブレム,000a00fa35,岡本良三,木下牧場,"1,239.0",2009.0,2010.0,1999.0
2018105013,ブッシュドノエル,牝,柳澤好美,,オーシャンブルー,2008102978,クロカンブッシュ,2004102856,フジキセキ,1992109618,組）リノレーシング,ノーザンファーム,"1,236.8",2008.0,2004.0,1992.0
2018110062,タピテール,牝,甲田悟史,,Tapit,000a011248,レディオブフィフティ,000a01440e,After Market,000a011e9d,吉田千津,Teruya Yoshida,"1,234.0",2001.0,2009.0,2003.0
2018105759,モモドリーム,牝,平山真希,,トーセンジョーダン,2006103169,レッドイオ,2005101942,ゴールドアリュール,1999106689,吉田卓司,登別上水牧場,"1,234.0",2006.0,2005.0,1999.0
2018103206,クオンタム,牝,石毛善彦,,ジョーカプチーノ,2006100529,パリサンジェルマン,2003104164,フレンチデピュティ,000a00013a,ミルファーム,猿橋義昭,"1,234.0",2006.0,2003.0,1992.0
2018102121,エターナルルビー,牝,三野宮通,,マツリダゴッホ,2003104570,エターナルムーン,2010106414,マイネルラヴ,1995108558,（株）アプエンテ,ビッグレッドファーム,"1,234.0",2003.0,2010.0,1995.0
2018102096,テイエムハヤテオー,牡,平山宏秀,,エスポワールシチー,2005102837,ポンテペルレ,2002100767,Green Desert,000a0017d2,竹園正繼,ハシモトファーム,"1,232.8",2005.0,2002.0,1983.0
2018104241,ウィステリアダディ,牡,保利良次,,ドゥラメンテ,2012104511,ポワティエ,2011103976,Le Havre,000a01198f,星野裕光,畠山牧場,"1,232.7",2012.0,2011.0,2006.0
2018105639,トーセンジェイク,牡,松木啓助,,ロージズインメイ,000a010a10,シーブリーズラブ,2013105887,カジノドライヴ,2005110112,織田好和,エスティファーム,"1,230.0",2000.0,2013.0,2005.0
2018104135,チュラウェーブ,牡,宮川浩一,,クリーンエコロジー,2008100563,ルヴィロンザ,2010110065,ハットトリック,2001103018,（株）Ｍ’ｓカンパニ,千代田牧場,"1,230.0",2008.0,2010.0,2001.0
2018105678,トーセンアルル,牝,井樋一也,,ジャスタウェイ,2009106461,トーセンラフィット,2006100765,E Dubai,000a010a94,小橋亮太,エスティファーム,"1,228.7",2009.0,2006.0,1998.0
2018103412,デイジーカプシーヌ,牝,海馬沢司,,ナムラタイタン,2006101408,ヘイハニー,2006105707,Cherokee Run,000a00214a,（有）エッジ,秋田育成牧場,"1,226.0",2006.0,2006.0,1990.0
2018100046,タナキーボー,牡,佐藤雅彦,,リオンディーズ,2013105915,マルターズクリス,2006105155,シンボリクリスエス,1999110099,田中俊彰,天羽禮治,"1,225.1",2013.0,2006.0,1999.0
2018109111,オースター,牡,山崎裕也,,ストロングリターン,2006102934,エーシンラクーン,2010104645,ジャングルポケット,1998101786,（有）下河辺トレーニ,下河辺トレーニングセンター,"1,222.5",2006.0,2010.0,1998.0
2018102192,デクラーク,牡,栗本陽一,,トーセンラー,2008102985,メイショウガザニア,2008102068,キングヘイロー,1995104427,三峰誠植,プログレスファーム,"1,219.4",2008.0,2008.0,1995.0
2018101547,スプリングメドウ,牡,井手上慎,,シビルウォー,2005102317,アリーヤ,2010103848,キングカメハメハ,2001103460,蜂須賀重夫,上井農場,"1,219.3",2005.0,2010.0,2001.0
2018100349,シャークウォーニン,牡,佐宗応和,,ダノンシャーク,2008105554,サワキック,2009103375,アグネスデジタル,1997110025,井上久光,サンバマウンテンファーム,"1,218.0",2008.0,2009.0,1997.0
2018103662,スマイルキューティ,牝,山崎裕也,,エスポワールシチー,2005102837,ハレイワクィーン,2010102578,キングカメハメハ,2001103460,会田裕一,カタオカファーム,"1,217.5",2005.0,2010.0,2001.0
2018103390,モーニングフジ,牝,水野善太,,アグネスデジタル,1997110025,ロイヤルヴィラ,2014100819,ゼンノロブロイ,2000101517,戸部昌洋,村中牧場,"1,215.5",1997.0,2014.0,2000.0
2018105488,ラインスプラッシュ,牡,池田忠好,,ラブリーデイ,2010104298,オールピュール,2001110020,Touch Gold,000a0022cd,大澤繁昌,社台コーポレーション白老ファーム,"1,215.4",2010.0,2001.0,1994.0
2018103036,ボルゾーバー,牡,桜井今朝,,タニノギムレット,1999100226,ティンタジェル,2009105638,キングカメハメハ,2001103460,尾上寿夫,荻伏三好ファーム,"1,215.0",1999.0,2009.0,2001.0
2018105097,テネラメンテ,牝,木村哲也,,ドゥラメンテ,2012104511,スターアイル,2004110007,ロックオブジブラルタル,000a00fd4c,吉田勝己,ノーザンファーム,"1,210.4",2012.0,2004.0,1999.0
2018100174,マクシミリアン,牡,高橋俊之,,ドゥラメンテ,2012104511,ピュアウィッシーズ,2013106110,Manduro,000a0114b8,（株）Ｔ．Ｕ．Ｋ．,奥山博,"1,209.5",2012.0,2013.0,2002.0
2018105005,ジャンカルド,セ,武井亮,,ハービンジャー,000a011996,クッカーニャ,2009106254,フジキセキ,1992109618,サンデーレーシング,ノーザンファーム,"1,209.0",2006.0,2009.0,1992.0
2018106803,ツーエムタイガー,牡,佐々木清,,パイロ,000a01176a,セブンバイセブン,2006104796,フォーティナイナー,000a000134,水谷昌晃,パカパカファーム,"1,208.8",2005.0,2006.0,1985.0
2018102437,オールドブラフ,牡,川野勇馬,,アグネスデジタル,1997110025,ハルランマン,2007101816,アグネスタキオン,1998101516,佐藤良男,稲葉牧場,"1,207.0",1997.0,2007.0,1998.0
2018110061,キトゥンズルンバ,牡,工藤裕孝,,Kitten's Joy,000a0119b3,Tee Off,000a014a37,サンダーガルチ,000a00035c,吉田朋之,Frederick M. Allor Kenneth L. Ramsey & Sarah K. Ramsey,"1,206.8",2001.0,2001.0,1992.0
2018100908,ノースリュシオル,牝,三野宮通,,ノーザンリバー,2008103212,オンワードセイント,1996103673,リンドシェーバー,1988107894,爲永良弘,原田ファーム,"1,205.6",2008.0,1996.0,1988.0
2018101499,クリスタルスワン,牝,山崎尋美,,パイロ,000a01176a,マルヨシロワイン,2006101118,アジュディケーティング,000a000d5d,岡田和惠,大狩部牧場,"1,205.5",2005.0,2006.0,1987.0
2018101475,ネオアビー,牝,中川雅之,,ベーカバド,000a011dc0,アイティアビー,2006104156,フジキセキ,1992109618,苗加雅仁,岩見牧場,"1,205.1",2007.0,2006.0,1992.0
2018101085,ナインゲーツ,牡,川島正一,,エーシンフォワード,2005110172,ヌーヴォモンド,2013101270,エンパイアメーカー,000a010542,金蘭兄弟（有）,槇本牧場,"1,204.6",2005.0,2013.0,2000.0
2018104116,プライムデイ,牡,高橋純,,キズナ,2010105827,ベストオブミー,2005100613,ブライアンズタイム,000a000082,加藤和成,千代田牧場,"1,203.4",2010.0,2005.0,1985.0
2018101644,ウインフェーデ,牡,佐藤祐司,,グラスワンダー,1995108676,ベリーフ,2007102456,スペシャルウィーク,1995103211,道地房男,コスモヴューファーム,"1,203.0",1995.0,2007.0,1995.0
2018106583,ロードリスペクト,牡,高橋俊之,,キズナ,2010105827,リュヌドサーブル,000a01386a,Medicean,000a010a19,宮谷内文雄,宮内牧場,"1,202.2",2010.0,2013.0,1997.0
2018102544,タイセイアンシェル,牡,今津勝之,,シニスターミニスター,000a011099,スカイトラベラー,2009106590,ディープインパクト,2002100816,関根渉,木下牧場,"1,201.5",2003.0,2009.0,2002.0
2018101627,ヒロインカラーズ,牝,南弘樹,,リオンディーズ,2013105915,コスモカラーズ,2006103799,クロフネ,1998110135,仲辻正貴,コスモヴューファーム,"1,201.5",2013.0,2006.0,1998.0
2018106153,ジュリエットパール,牝,西村真幸,,ルーラーシップ,2007103143,ジュリエットソング,2009100447,ディープインパクト,2002100816,ターフ・スポート,酒井牧場,"1,201.0",2007.0,2009.0,2002.0
2018105680,トーセンダニエル,牡,古賀史生,,シンボリクリスエス,1999110099,トーセンレディ,2010103194,ダイワメジャー,2001103114,島川隆哉,エスティファーム,"1,201.0",1999.0,2010.0,2001.0
2018102150,フェアメーゲン,牝,工藤伸輔,,スクリーンヒーロー,2004103328,マイネイサベル,2008104086,テレグノシス,1999106851,北原大史,ビッグレッドファーム,"1,200.5",2004.0,2008.0,1999.0
2018105144,チカリヨン,牝,松永幹夫,,ハーツクライ,2001103038,テンプルステイ,2013110130,Sepoy,000a012b5f,松島千佳,ノーザンファーム,"1,200.0",2001.0,2013.0,2008.0
2018104023,シンギングハピネス,牡,荒山勝徳,,ラブリーデイ,2010104298,サクラプリファー,2000102260,ラムタラ,000a0001d4,前川企画,谷岡牧場,"1,200.0",2010.0,2000.0,1992.0
2018101352,シャオイーシャオ,牝,川島正一,,ベルシャザール,2008103004,シャーペンエッジ,2006103222,クロフネ,1998110135,吉田勝己,坂東牧場,"1,199.0",2008.0,2006.0,1998.0
2018103066,コンフィアンス,牝,中川竜馬,,キズナ,2010105827,アルマシャウラ,2010102023,アドマイヤムーン,2003102991,豊島愛子,上山牧場,"1,196.2",2010.0,2010.0,2003.0
2018104582,ハローマイキー,牡,安部幸夫,,キンシャサノキセキ,2003110212,キトゥンズグレイス,2013105377,Kitten's Joy,000a0119b3,小林誠,社台ファーム,"1,195.3",2003.0,2013.0,2001.0
2018101485,ゴールデンオージャ,牡,村上頼章,,カレンブラックヒル,2009106230,アナステーシア,2000102884,ソヴィエトスター,000a000320,小田和子,大狩部牧場,"1,194.0",2009.0,2000.0,1984.0
2018101147,プラチナステージ,牝,石橋満,,エスポワールシチー,2005102837,プラティーヌ,2010106017,サクラバクシンオー,1989108341,門別敏朗,門別敏朗,"1,194.0",2005.0,2010.0,1989.0
2018104095,メイプルリズム,牝,橋口慎介,,モーリス,2011100655,トレンドハンター,2008100618,マンハッタンカフェ,1998101554,飯田良枝,千代田牧場,"1,193.0",2011.0,2008.0,1998.0
2018102154,マイネルスキーブ,牡,高橋純,,ゴールドシップ,2009102739,マイネエポナ,2009102559,キングカメハメハ,2001103460,大黒富美子,ビッグレッドファーム,"1,192.8",2009.0,2009.0,2001.0
2018100711,フェリスダージ,牝,柳井宏之,,ノヴェリスト,000a012230,インターリム,000a012f77,Elusive City,000a01239c,柴田茂樹,チャンピオンズファーム,"1,192.8",2009.0,2010.0,2000.0
2018106905,ヨッシャー,牡,田村彰啓,,アドマイヤムーン,2003102991,クランベリー,2007103527,フジキセキ,1992109618,重野心平,大作ステーブル,"1,191.6",2003.0,2007.0,1992.0
2018102198,ゴールドベレー,牡,矢内博,,エピファネイア,2010104155,ハチマンダイボサツ,2004100833,マーベラスサンデー,1992103687,居城寿与,北勝ファーム,"1,191.5",2010.0,2004.0,1992.0
2018101134,リツィタル,牝,牧田和弥,,ミッキーアイル,2011103916,ザッハトルテ,2007106175,クロフネ,1998110135,永田和彦,森永牧場,"1,191.0",2011.0,2007.0,1998.0
2018101404,エスジーリカチャン,牝,田島寿一,,ジャスタウェイ,2009106461,アリスマイン,2009106276,タニノギムレット,1999100226,後藤貞夫,秋田牧場,"1,190.0",2009.0,2009.0,1999.0
2018102201,カイジンウェーヴ,牡,中川雅之,,アジアエクスプレス,2011110091,キャットストリート,2003102759,クロフネ,1998110135,廣村憲郎,北星村田牧場,"1,188.2",2011.0,2003.0,1998.0
2018100577,カズオ,牡,武市康男,,ロージズインメイ,000a010a10,ファミリズム,2006102974,ダンスインザダーク,1993109188,國分純,スマイルファーム,"1,187.0",2000.0,2006.0,1993.0
2018104492,オノマトペ,牝,徳本慶一,,シニスターミニスター,000a011099,サクラシンフォニー,2005100523,ワイルドラッシュ,000a0003a1,荒川三代子,山田牧場,"1,186.7",2003.0,2005.0,1994.0
2018105534,ノックトゥワイス,セ,西川進也,,スクリーンヒーロー,2004103328,ネロディアマンテ,2010104383,シンボリクリスエス,1999110099,小橋亮太,社台コーポレーション白老ファーム,"1,184.0",2004.0,2010.0,1999.0
2018103805,ソニックムーヴ,牡,胡本友晴,,モーリス,2011100655,サイレントソニック,2008100343,ディープインパクト,2002100816,（株）ファーストビジ,桜井牧場,"1,184.0",2011.0,2008.0,2002.0
2018104070,セルジュ,牡,中川公成,,トーセンラー,2008102985,サトノローズヒップ,2005100587,タイキシャトル,1994109686,多田賢司,千代田牧場,"1,183.0",2008.0,2005.0,1994.0
2018103883,スマートルグラン,牝,鹿戸雄一,,ローエングリン,1999106738,スマートアイリス,2008100115,ディープインパクト,2002100816,大川徹,静内山田牧場,"1,182.0",1999.0,2008.0,2002.0
2018101239,ナットグレースワン,牝,中塚猛,,ホッコータルマエ,2009100921,マーメイドナナ,2011101889,ワイルドラッシュ,000a0003a1,樋口康彦,若林順一,"1,181.9",2009.0,2011.0,1994.0
2018100870,アサンテギア,牝,横山保,,クリエイターII,000a013630,アサンテサーナ,2011102181,スウェプトオーヴァーボード,000a00fa34,北原大史,ノースガーデン,"1,181.1",2013.0,2011.0,1997.0
2018103300,テーオーアングル,牡,宮徹,,マジェスティックウォリアー,000a011e9c,チョウカイクリス,2003105070,サクラバクシンオー,1989108341,小笹公也,バンブー牧場,"1,181.0",2005.0,2003.0,1989.0
2018100113,セブンゴー,牡,橋本和馬,,ヴィクトワールピサ,2007102923,オルターネイティヴ,2000106581,タイキシャトル,1994109686,木川陽介,ヴェルサイユファーム,"1,179.5",2007.0,2000.0,1994.0
2018103443,コパノフレディー,牡,田中守,,エスポワールシチー,2005102837,バックアタック,2007100060,アグネスデジタル,1997110025,小林祥晃,伊藤敏明,"1,178.0",2005.0,2007.0,1997.0
2018100354,ノボインパクト,牝,長友豊,,リアルインパクト,2008103244,ノボキャビア,2011103169,ノボジャック,1997110152,渡辺孝祐,サンバマウンテンファーム,"1,177.4",2008.0,2011.0,1997.0
2018101979,イッツユアタイム,牝,齊藤敏,,エピファネイア,2010104155,エイコーンウィル,2011105032,キングカメハメハ,2001103460,川添裕起,新冠橋本牧場,"1,177.0",2010.0,2011.0,2001.0
2018101531,ヴィントホーゼ,牡,新井清重,,ナムラタイタン,2006101408,マイネヴィント,2007104869,ブライアンズタイム,000a000082,レックス,柏木一則,"1,173.7",2006.0,2007.0,1985.0
2018105141,ラヴィズポイズン,牝,盛本信春,,ジャスタウェイ,2009106461,テスティコ,2011110095,Tiznow,000a00fa4b,牧埜幸一,ノーザンファーム,"1,173.5",2009.0,2011.0,1997.0
2018103256,チェリーオリオン,牡,石本孝博,,チェリークラウン,2004102428,アイラシンガー,2005106068,アグネスタキオン,1998101516,櫻井悦朗,富塚ファーム,"1,171.3",2004.0,2005.0,1998.0
2018109073,マルヨソウタ,牡,村上頼章,,ロージズインメイ,000a010a10,コルサトウショウ,2003105149,ヘクタープロテクター,000a000d6b,山邉浩,マルシチ牧場,"1,171.0",2000.0,2003.0,1988.0
2018106407,ボレロ,牝,川島洋人,,モーリス,2011100655,スパークルキャット,2011103281,ダンスインザダーク,1993109188,中島雅春,中島牧場,"1,170.0",2011.0,2011.0,1993.0
2018103851,ラジアントエンティ,牝,角川秀樹,,スマートファルコン,2005100097,ミヤビグローリー,2009101160,アグネスタキオン,1998101516,小林祥晃,静内白井牧場,"1,170.0",2005.0,2009.0,1998.0
2018103007,ミヤコノアカリ,牝,石川栄,,オルフェーヴル,2008102636,エビスオール,2005110059,Chief Seattle,000a010bca,吉田喜代司,恵比寿牧場,"1,169.3",2008.0,2005.0,1997.0
2018101629,ウインブリオーソ,牡,中野博,,フリオーソ,2004106867,コスモダンスナイト,2003100691,ダンスインザダーク,1993109188,子守貴久,コスモヴューファーム,"1,168.4",2004.0,2003.0,1993.0
2018105871,ミキノカラクリバコ,牡,村上頼章,,タイムパラドックス,1998101683,ミキノクラリネット,2013103836,パーソナルラッシュ,2001110155,会田裕一,浦河育成牧場,"1,166.3",1998.0,2013.0,2001.0
2018106379,ハイエログリフ,牝,小栗実,,キズナ,2010105827,シラバリー,000a013731,Street Cry,000a0103ba,カナヤマホールディングス,富田牧場,"1,164.9",2010.0,2013.0,1998.0
2018104105,ハイオプターレ,牡,佐藤裕太,,ヘニーヒューズ,000a011155,ピサノバーキン,2001104260,サンデーサイレンス,000a00033a,西村健,千代田牧場,"1,164.0",2003.0,2001.0,1986.0
2018106459,メイショウデージー,牝,田中守,,シニスターミニスター,000a011099,ラブミーダン,2008101714,マンハッタンカフェ,1998101554,松本好雄,林孝輝,"1,163.5",2003.0,2008.0,1998.0
2018106806,エコロブラスト,牡,保利良平,,ディープブリランテ,2009105084,チアズヒカリ,2000107342,マヤノトップガン,1992102988,原村正紀,パカパカファーム,"1,163.0",2009.0,2000.0,1992.0
2018106809,バイシクルキック,牡,鋤田誠二,,ディープブリランテ,2009105084,トリプルアクト,000a0116fa,Theatrical,000a001bed,田賀孝昭,パカパカファーム,"1,162.9",2009.0,2000.0,1982.0
2018105010,アブルマドール,牡,鮫島克也,,ロードカナロア,2008103552,クレアドール,2011104052,ハーツクライ,2001103038,西村健,ノーザンファーム,"1,162.9",2008.0,2011.0,2001.0
2018102124,コスモピエドラ,牡,高橋純,,アイルハヴアナザー,000a011ed3,クアルティエーレ,2013105414,ネオユニヴァース,2000101426,加藤和成,ビッグレッドファーム,"1,161.9",2009.0,2013.0,2000.0
2018103040,イントゥザワールド,牡,目迫大輔,,ワールドエース,2009106353,ラブルビー,2007109039,ティンバーカントリー,000a00035e,（株）ファーストビジ,荻伏三好ファーム,"1,161.5",2009.0,2007.0,1992.0
2018103232,メモリーエアシップ,牡,塚田隆男,,キンシャサノキセキ,2003110212,メモリーキャップ,2007106026,キャプテンスティーヴ,000a000d9d,シンザンクラブ,大北牧場,"1,161.0",2003.0,2007.0,1997.0
2018103204,ヤマノグリッターズ,牡,松山将樹,,エイシンフラッシュ,2007102951,コーラルグリッタ,2009101155,ゼンノロブロイ,2000101517,澤村敏雄,猿橋義昭,"1,161.0",2007.0,2009.0,2000.0
2018101029,オーロファースト,牝,山田質,,シニスターミニスター,000a011099,ショウサンユリシス,2011101453,プリサイスエンド,000a00fe9b,四宮圭,豊洋牧場,"1,159.7",2003.0,2011.0,1997.0
2018106614,エムワンハルコ,牝,晴山厚司,,ザサンデーフサイチ,2004102855,ミサノグリーン,2008101833,タニノギムレット,1999100226,（株）マネジメント・,向別牧場,"1,156.9",2004.0,2008.0,1999.0
2018102302,ハンデンディオーネ,牝,山崎尋美,,トゥザワールド,2011103975,イナズマディオーネ,2012100207,ディープスカイ,2005101358,会田裕一,村上進治,"1,156.0",2011.0,2012.0,2005.0
2018101826,アウトオブサイト,牝,斉藤崇史,,リアルインパクト,2008103244,オブザーヴァント,000a0106a5,Capote,000a00185a,ゴドルフィン,対馬正,"1,154.0",2008.0,2000.0,1984.0
2018102836,ニシノブライアント,牡,三野宮通,,タニノギムレット,1999100226,ニシノケイト,2013106208,ゴールドアリュール,1999106689,安藤浩也,前田ファーム,"1,153.2",1999.0,2013.0,1999.0
2018103132,ジューンブルーム,牝,川田孝好,,ダイワメジャー,2001103114,ダニエラズフラワー,000a012553,Corinthian,000a01173f,吉川潤,高昭牧場,"1,152.0",2001.0,2009.0,2003.0
2018104872,アクアマリンブルー,セ,田中譲二,,オーシャンブルー,2008102978,ローズカットダイヤ,2005102310,フレンチデピュティ,000a00013a,今井高之,社台ファーム,"1,151.5",2008.0,2005.0,1992.0
2018101312,ゴールドブレイン,牡,蛯名雄太,,タイムパラドックス,1998101683,ナイキトライアンフ,2004104647,ボストンハーバー,000a00007c,相原一徳,中川隆,"1,149.0",1998.0,2004.0,1994.0
2018104453,シャウト,牝,田島寿一,,マクフィ,000a011c77,ラルティスタ,2007100948,マイネルラヴ,1995108558,ＫＡＪＩＭＯＴＯホールディングス,松田牧場,"1,146.7",2007.0,2007.0,1995.0
2018100984,プリマステラ,牝,渡辺博文,,フリオーソ,2004106867,トゥモローカフェ,2007106218,マンハッタンカフェ,1998101554,原久美子,ファーミングヤナキタ,"1,146.7",2004.0,2007.0,1998.0
2018100803,アークリオーソ,牡,諏訪貴正,,フリオーソ,2004106867,ジプシーダンサー,2001104434,ウォーニング,000a000843,赤澤仁司,中川欽一,"1,146.6",2004.0,2001.0,1985.0
2018101086,ウインブランカ,牝,鮫島克也,,ゴールドシップ,2009102739,フライバイペガサス,2002100664,Fusaichi Pegasus,000a0022cf,石田淳悦,槇本牧場,"1,145.1",2009.0,2002.0,1997.0
2018106732,ソウヤミサキ,牝,平山真希,,フリオーソ,2004106867,マックスビート,2007106399,マイネルセレクト,1999107196,上野耕一,寺井文秀,"1,144.7",2004.0,2007.0,1999.0
2018100314,ホーリーナイトキス,牝,鷹見浩,,ホッコータルマエ,2009100921,カリス,2011100254,シンボリクリスエス,1999110099,（有）内田ステーブ,坂牧場,"1,144.0",2009.0,2011.0,1999.0
2018104385,フォートレスヒル,牡,井樋明正,,アポロキングダム,2003110139,ハイフィールド,2006101556,マーベラスサンデー,1992103687,小橋亮太,へいはた牧場,"1,143.4",2003.0,2006.0,1992.0
2018103712,カーラミーア,牝,高橋清顕,,マジェスティックウォリアー,000a011e9c,グレートハーベスト,2003104748,サンデーサイレンス,000a00033a,今中俊平,グランド牧場,"1,143.0",2005.0,2003.0,1986.0
2018102997,リヴウェル,牡,坂口義幸,,シニスターミニスター,000a011099,ドラゴンアリー,2009101752,Indian Charlie,000a00fcd8,橘勝年,市正牧場,"1,142.3",2003.0,2009.0,1995.0
2018104015,パクスジャポニカ,牡,入口由美,,バトルプラン,000a0118e8,サクラベル,2008100408,サクラプレジデント,2000102261,田頭勇貴,谷岡スタット,"1,141.2",2005.0,2008.0,2000.0
2018102547,アイアンフラワー,牝,平松徳彦,,スウェプトオーヴァーボード,000a00fa34,アイアンクリッパー,2008103128,ハーツクライ,2001103038,池上一馬,グローリーファーム,"1,140.0",1997.0,2008.0,2001.0
2018100894,オプティミスモ,牝,平松徳彦,,リーチザクラウン,2006102923,カノヤザミラクル,2003106549,ダンスインザダーク,1993109188,泉一郎,浜本牧場,"1,140.0",2006.0,2003.0,1993.0
2018101716,ジーガーオーシャン,牡,赤嶺本浩,,アジアエクスプレス,2011110091,ジーガーウイング,2004100380,ウイングアロー,1995101039,豊島愛子,須崎牧場,"1,139.0",2011.0,2004.0,1995.0
2018102674,アンジュクレール,牝,工藤伸輔,,サウスヴィグラス,1996110138,スプリングアウェク,2006103706,アジュディケーティング,000a000d5d,北原大史,タツヤファーム,"1,138.9",1996.0,2006.0,1987.0
2018100703,モンレアーレ,牡,稲益貴弘,,モンテロッソ,000a011b05,レリッシュザソート,000a0116f8,Sadler's Wells,000a00185d,西村健,ダーレー・ジャパン・ファーム,"1,137.4",2007.0,1998.0,1981.0
2018106115,リゾルート,牝,土屋洋之,,ラブリーデイ,2010104298,レッドミュール,2013105326,ダイワメジャー,2001103114,小橋亮太,杵臼牧場,"1,137.2",2010.0,2013.0,2001.0
2018106091,ユキヤコンコン,牝,櫻田康二,,ゴールドシップ,2009102739,スカーレットダイヤ,2005106198,ブライアンズタイム,000a000082,上手健太郎,杵臼牧場,"1,136.0",2009.0,2005.0,1985.0
2018101761,サッキールビアノ,牡,加藤和義,,エスポワールシチー,2005102837,リナミクドリーム,2002110077,Rubiano,000a001d84,��景孤�,武田修一,"1,134.2",2005.0,2002.0,1987.0
2018100699,オールスターズ,牡,藤田輝信,,スクリーンヒーロー,2004103328,リオズスターレット,000a01152f,Galileo,000a00232b,川田篤,ダーレー・ジャパン・ファーム,"1,134.0",2004.0,2005.0,1998.0
2018100891,テンシノエア,牝,渡辺和雄,,ディスクリートキャット,000a0113a1,エアルーヴル,2011110072,Fusaichi Pegasus,000a0022cf,濱本泰彰,浜本牧場,"1,132.0",2003.0,2011.0,1997.0
2018105693,エムオーナイナー,牡,高岩孝敏,,アドマイヤムーン,2003102991,ガルネリ,2008102723,ゼンノロブロイ,2000101517,遠藤喜和,桑原牧場,"1,130.5",2003.0,2008.0,2000.0
2018106646,ホシプリンセス,牝,酒井一則,,トゥザワールド,2011103975,テレビ,2010105712,メイショウサムソン,2003102205,豊原辰京,小田牧場,"1,129.0",2011.0,2010.0,2003.0
2018106832,ブライズルーム,牝,竹内正洋,,ルーラーシップ,2007103143,コパノオーシャンズ,2004106983,アグネスタキオン,1998101516,ヤナガワ牧場,ヤナガワ牧場,"1,127.0",2007.0,2004.0,1998.0
2018106543,イースタンワールド,牡,高柳瑞樹,,ワールドエース,2009106353,メイショウアサツユ,2011106064,タイキシャトル,1994109686,三嶋牧場,三嶋牧場,"1,126.4",2009.0,2011.0,1994.0
2018105766,シラカミロード,牡,坂口義幸,,シビルウォー,2005102317,オレンジローズ,2010103592,スウェプトオーヴァーボード,000a00fa34,（同）ＪＰＮ技研,真壁信一,"1,125.9",2005.0,2010.0,1997.0
2018104560,ベガスストリップ,牝,角田輝也,,モーリス,2011100655,オメガインベガス,2010103917,スペシャルウィーク,1995103211,中村遼太朗,社台ファーム,"1,125.1",2011.0,2010.0,1995.0
2018109112,グリーンフラッシュ,牝,米田英世,,アジアエクスプレス,2011110091,コロナ,2006109091,コロナドズクエスト,000a0000b5,（有）下河辺トレーニ,下河辺トレーニングセンター,"1,125.0",2011.0,2006.0,1995.0
2018106166,ハヤブサユートピア,牡,稲垣幸雄,,フェノーメノ,2009106599,ニライカナイ,2004110210,モンジュー,1996190001,武田修,笹島智則,"1,125.0",2009.0,2004.0,1996.0
2018100483,ナリタエール,牝,宮本博,,ロードカナロア,2008103552,ナリタスカイ,2009102519,ディープインパクト,2002100816,オースミ,白井牧場,"1,121.2",2008.0,2009.0,2002.0
2018100961,スカイドゥエラー,牡,谷潔,,キズナ,2010105827,フリーバード,2000105691,アフリート,000a000013,ヒダカ・ブリーダーズ・ユニオン,広富牧場,"1,120.6",2010.0,2000.0,1984.0
2018100842,ツルマルハナコ,牝,小林義明,,フリオーソ,2004106867,キューガーデン,2010102378,クロフネ,1998110135,鶴谷義雄,西野春樹,"1,120.2",2004.0,2010.0,1998.0
2018101933,アルコーン,牡,工藤真司,,トーセンジョーダン,2006103169,マリーシャンタル,1996107346,サンデーサイレンス,000a00033a,徳田直樹,長浜牧場,"1,119.9",2006.0,1996.0,1986.0
2018103168,ガンブーツダンス,牡,瀬戸口悟,,エスポワールシチー,2005102837,ハリケーンタマ,2008102786,クロフネ,1998110135,北原大史,小島牧場,"1,118.2",2005.0,2008.0,1998.0
2018106213,モーニングアヤメ,牝,浅野洋一,,トビーズコーナー,000a011fed,シュガーハートコン,2009103007,オンファイア,2003102809,今朝光,高村牧場,"1,117.0",2008.0,2009.0,2003.0
2018105193,アークライト,牡,飯田弘道,,ディープインパクト,2002100816,ヒストリックスター,2005102664,ファルブラヴ,1998190004,濱村充哉,ノーザンファーム,"1,115.3",2002.0,2005.0,1998.0
2018105042,ミエリ,牝,藤岡健一,,ハーツクライ,2001103038,サミター,000a0124cd,ロックオブジブラルタル,000a00fd4c,シルクレーシング,ノーザンファーム,"1,115.0",2001.0,2009.0,1999.0
2018105654,ジェフリー,牡,畠山信一,,トーセンジョーダン,2006103169,トーセンオマージュ,2003104545,ダンスインザダーク,1993109188,吉田勝利,エスティファーム,"1,114.4",2006.0,2003.0,1993.0
2018101142,イチマンボルト,牡,立花伸,,フリオーソ,2004106867,スティッチ,2006105363,カコイーシーズ,1986109001,村山忠弘,門別敏朗,"1,114.0",2004.0,2006.0,1986.0
2018103757,シャイニングルキア,牝,佐々木仁,,スズカコーズウェイ,2004104345,ルージェリティ,000a012e7b,Dubawi,000a0115e2,伊藤享,グランド牧場,"1,113.8",2004.0,2012.0,2002.0
2018106371,ボニンブルー,牡,岡田利一,,ホッコータルマエ,2009100921,アグネスフェアリー,2013105354,ヴィクトワールピサ,2007102923,上山泰憲,富田牧場,"1,111.5",2009.0,2013.0,2007.0
2018102737,ウィア,牡,国沢輝幸,,エスケンデレヤ,000a012cc0,クレメンティア,2007102804,フジキセキ,1992109618,神岡俊行,ニシケンファーム,"1,111.3",2007.0,2007.0,1992.0
2018103921,インザホッパー,牡,菅原右吉,,タートルボウル,000a012045,ドリームゴールド,2005109196,ステイゴールド,1994108729,後藤順男,タイヘイ牧場,"1,111.1",2002.0,2005.0,1994.0
2018103228,ユラノグラフィア,牝,村上実,,ダノンレジェンド,2010110102,フェリスホイール,2006103062,ダンスインザダーク,1993109188,小橋亮太,大北牧場,"1,110.2",2010.0,2006.0,1993.0
2018105106,アイリスクォーツ,牝,那俄性哲,,アジアエクスプレス,2011110091,スペクトロライト,2010104242,ディープインパクト,2002100816,（株）ファーストビジ,ノーザンファーム,"1,110.1",2011.0,2010.0,2002.0
2018104234,ピンクカメハメハ,牡,森秀行,,リオンディーズ,2013105915,タバサトウショウ,1993100872,ダンシングブレーヴ,000a0000cc,木村久子,畠山牧場,"1,110.0",2013.0,1993.0,1983.0
2018102194,ゴールドミーティア,牡,中川公成,,ブラックタイド,2001103312,ゴールドエルフ,2009105221,キングヘイロー,1995104427,居城寿与,北勝ファーム,"1,110.0",2001.0,2009.0,1995.0
2018100540,ファルキート,牡,佐藤祐司,,リーチザクラウン,2006102923,スイートピグレット,2004109404,ブライアンズタイム,000a000082,Ｉレーシング（株）,シンボリ牧場,"1,109.8",2006.0,2004.0,1985.0
2018100313,リンクスエルピス,牡,平田正一,,ホッコータルマエ,2009100921,カネスブリエ,2008105486,ロックオブジブラルタル,000a00fd4c,小川寛子,坂牧場,"1,108.2",2009.0,2008.0,1999.0
2018102721,グランフォロミー,牡,中川雅之,,ストロングリターン,2006102934,グランドバリュー,2011104352,マンハッタンカフェ,1998101554,吉田勝利,中田英樹,"1,107.2",2006.0,2011.0,1998.0
2018103298,タイセイルージュ,牝,佐藤雅彦,,ダイワメジャー,2001103114,キューバンリズムII,000a01152a,Kingmambo,000a001d7e,石川諭,バンブー牧場,"1,105.8",2001.0,2005.0,1990.0
2018100818,ナムラゴロー,牡,佐々木仁,,アジアエクスプレス,2011110091,ナムラココロ,2012103362,サウスヴィグラス,1996110138,吉田勝利,ナカノファーム,"1,105.5",2011.0,2012.0,1996.0
2018100004,ユウバエ,牝,平松徳彦,,キズナ,2010105827,イニシャルダブル,2010103683,ウォーエンブレム,000a00fa35,曽和栄司,アイズスタッド,"1,104.1",2010.0,2010.0,1999.0
2018106381,クインズラベンダー,牝,西村真幸,,ハーツクライ,2001103038,ジャストトゥートゥー,000a0114a2,In Excess,000a00228f,ケイアイスタリオン,富田牧場,"1,103.4",2001.0,2000.0,1987.0
2018103311,ラント,牝,西村守幸,,ダイワメジャー,2001103114,カノン,2010102263,フォーティナイナーズサン,000a011227,組）オールザベスト組,ヒダカファーム,"1,102.0",2001.0,2010.0,2001.0
2018106570,スペシャルサンデー,牡,橋本和馬,,マジェスティックウォリアー,000a011e9c,キセキノハナ,2009100812,ネオユニヴァース,2000101426,宮内牧場,宮内牧場,"1,099.8",2005.0,2009.0,2000.0
2018105786,ハニーロコスキップ,牝,雑賀伸一,,クリーンエコロジー,2008100563,ルサリエ,2012103141,ステイゴールド,1994108729,田尾有,橋本牧場,"1,099.6",2008.0,2012.0,1994.0
2018104880,サファル,セ,黒岩陽一,,キングカメハメハ,2001103460,アヴェンチュラ,2008103078,ジャングルポケット,1998101786,キャロットファーム,ノーザンファーム,"1,099.0",2001.0,2008.0,1998.0
2018103553,マックスウォリアー,牡,平田修,,マジェスティックウォリアー,000a011e9c,マックスユーキャン,2011103677,ゴールドアリュール,1999106689,岡田牧雄,岡田スタッド,"1,098.0",2005.0,2011.0,1999.0
2018100566,マーメイドソング,牝,田辺陽一,,リアルインパクト,2008103244,オモイデサクラ,2007101401,サクラバクシンオー,1989108341,シグラップ・マネジメ,スマイルファーム,"1,097.6",2008.0,2007.0,1989.0
2018104801,セイハロートゥユー,牡,牧光二,,キングカメハメハ,2001103460,マンハッタンセレブ,2003102531,サンデーサイレンス,000a00033a,平田修,社台ファーム,"1,097.0",2001.0,2003.0,1986.0
2018103530,ハッピーアナザー,牡,栗田徹,,アイルハヴアナザー,000a011ed3,ハッピーダイアリー,2007102864,アグネスタキオン,1998101516,永見貴昭,岡田スタッド,"1,097.0",2009.0,2007.0,1998.0
2018106547,ボルケーノペスカ,牡,佐藤雅彦,,ホッコータルマエ,2009100921,メイショウガンツ,2010105141,ダイワメジャー,2001103114,湯浅健司,三嶋牧場,"1,096.4",2009.0,2010.0,2001.0
2018101474,ウインラザンツ,牡,関本浩司,,アジアエクスプレス,2011110091,マイネカプリース,1998105689,タヤスツヨシ,1992109612,岩渕瑞生,イワミ牧場,"1,094.9",2011.0,1998.0,1992.0
2018101661,ユイノタンキマチ,牡,赤嶺本浩,,ベーカバド,000a011dc0,タンスチョキン,2010100473,ストラヴィンスキー,000a00fa41,（株）ファーストビジ,坂元芳春,"1,093.6",2007.0,2010.0,1996.0
2018100576,ファントムルージュ,牝,平山宏秀,,ネオユニヴァース,2000101426,ノッツダルジェント,2012102366,バゴ,2001190004,遠藤喜和,スマイルファーム,"1,093.0",2000.0,2012.0,2001.0
2018104000,ニシノエルサ,牝,渋谷信博,,トゥザワールド,2011103975,ミスチフ,2004100201,クロフネ,1998110135,和氣竜彦,棚川光男,"1,091.5",2011.0,2004.0,1998.0
2018103886,ツエンダー,牡,山崎尋美,,フリオーソ,2004106867,ソヨカゼステップ,2009100739,スタチューオブリバティ,000a0109d5,川原輝雄,静内山田牧場,"1,091.0",2004.0,2009.0,2000.0
2018109105,レッドウッドヒル,牝,武井亮,,ヴィクトワールピサ,2007102923,フリスコベイ,2009110062,ハードスパン,000a0116a1,那須野牧場,恵比寿興業株式会社那須野牧場,"1,090.0",2007.0,2009.0,2004.0
2018105422,カスティーリャ,牡,橋口慎介,,モーリス,2011100655,スパニッシュクイーン,000a012f0b,Tribal Rule,000a011b10,キャロットファーム,追分ファーム,"1,090.0",2011.0,2012.0,1996.0
2018100898,アンジュソレイユ,牝,堀井雅広,,モーリス,2011100655,テンシノダンス,2000106533,ダンスインザダーク,1993109188,浜本牧場,浜本牧場,"1,090.0",2011.0,2000.0,1993.0
2018100713,ワンラヴ,牝,藪口一麻,,タニノギムレット,1999100226,エターナルトルース,2010100735,スペシャルウィーク,1995103211,（有）総武開発,チャンピオンズファーム,"1,090.0",1999.0,2010.0,1995.0
2018100730,ブルアモーレ,牝,山下貴之,,ジャスタウェイ,2009106461,ブレイジング,2012101590,パイロ,000a01176a,高田秀信,チャンピオンズファーム,"1,088.5",2009.0,2012.0,2005.0
2018105433,インワンシティング,セ,加藤和宏,,ディープインパクト,2002100816,パーソナルダイアリー,000a0137a5,City Zip,000a0127e6,（株）ファーストビジ,追分ファーム,"1,087.9",2002.0,2011.0,1998.0
2018106510,プリペアード,牝,宮徹,,ディープインパクト,2002100816,サークリングII,000a01389d,Galileo,000a00232b,サラブレッドクラブ・ラフィアン,三嶋牧場,"1,087.0",2002.0,2011.0,1998.0
2018104855,ルージュジャドール,牝,林幻,,ハービンジャー,000a011996,レッドカチューシャ,2010103830,ディープインパクト,2002100816,組）リノレーシング,社台ファーム,"1,086.0",2006.0,2010.0,2002.0
2018102987,アオイシチフク,牝,中舘英二,,ドゥラメンテ,2012104511,マダムチェロキー,2001105650,Cherokee Run,000a00214a,鈴木照雄,市川ファーム,"1,086.0",2012.0,2001.0,1990.0
2018106647,セイテンタイセイ,牡,齊藤敏,,タイセイレジェンド,2007103199,ヨユウノヨッチャン,2008100762,スターリングローズ,1997106560,松下智,小田牧場,"1,084.8",2007.0,2008.0,1997.0
2018105805,ララパピヨンドメル,牝,碇清次郎,,ヴィクトワールピサ,2007102923,ウィストラム,2002100688,フレンチデピュティ,000a00013a,藤井亮輔,レイクヴィラファーム,"1,084.0",2007.0,2002.0,1992.0
2018105513,ハースファイア,セ,栗田泰昌,,スクリーンヒーロー,2004103328,スウィートハース,000a011999,Touch Gold,000a0022cd,酒井孝敏,社台コーポレーション白老ファーム,"1,082.4",2004.0,2006.0,1994.0
2018101523,ミラクルキャッチ,牝,織田誠,,サウンドボルケーノ,2008110123,トウバレリーナ,2012104174,マンハッタンカフェ,1998101554,櫨山慶次,海馬沢明,"1,082.4",2008.0,2012.0,1998.0
2018100210,ビービークラージュ,牡,中川竜馬,,カジノドライヴ,2005110112,リーガルアミューズ,2005104016,アグネスタキオン,1998101516,吉橋英隆,賀張三浦牧場,"1,081.9",2005.0,2005.0,1998.0
2018105094,ギルランディーナ,牝,高馬元紘,,カジノドライヴ,2005110112,スカーレットベル,2001103365,エリシオ,1993190001,兼子尚也,ノーザンファーム,"1,080.0",2005.0,2001.0,1993.0
2018103687,マーチャンフェイス,牝,藤田輝信,,キズナ,2010105827,ベネディーレ,2007105559,クロフネ,1998110135,佐々木勉,木村秀則,"1,080.0",2010.0,2007.0,1998.0
2018101082,ティアラキング,牡,山田徹,,ベルシャザール,2008103004,クロタカ,2009103068,シーキングザダイヤ,2001110220,西村健作,槇本牧場,"1,079.4",2008.0,2009.0,2001.0
2018104716,テーオーラファエロ,セ,胡本友晴,,ゴールドシップ,2009102739,ハッシュバンバン,1999110216,Kaldoun,000a00196b,（株）ファーストビジ,社台ファーム,"1,078.0",2009.0,1999.0,1975.0
2018100817,ナムライダテン,牡,今津勝之,,ミッキーアイル,2011103916,ナムラアピア,2009102800,クロフネ,1998110135,小出水正男,ナカノファーム,"1,077.2",2011.0,2009.0,1998.0
2018104229,リスカム,セ,昆貢,,モーリス,2011100655,アルコセニョーラ,2004104875,ステイゴールド,1994108729,寺田寿男,畠山牧場,"1,077.0",2011.0,2004.0,1994.0
2018102258,ナツハヨル,牝,野口孝,,キズナ,2010105827,ハルワカ,2003100858,ワカオライデン,1981100841,北原大史,三村卓也,"1,077.0",2010.0,2003.0,1981.0
2018101051,タマダイヤモンド,牝,相沢郁,,アンライバルド,2006103308,タママリア,2003100330,キングヘイロー,1995104427,玉井鶴枝,本間牧場,"1,077.0",2006.0,2003.0,1995.0
2018104260,マイトレジャーフジ,牡,牧田和弥,,ロードカナロア,2008103552,ホクラニミサ,2011102452,ディープインパクト,2002100816,嶋田賢,服部牧場,"1,074.5",2008.0,2011.0,2002.0
2018103760,シュガーダディ,牡,内田勝義,,ダブルスター,2009103518,ワカオカミ,2007100289,タニノギムレット,1999100226,グランド牧場,グランド牧場,"1,073.5",2009.0,2007.0,1999.0
2018105089,ジンジャーブラッド,牝,鈴木啓之,,リアルインパクト,2008103244,ジンジャーミスト,2010104167,Bernardini,000a0111fe,小川眞査雄,ノーザンファーム,"1,073.0",2008.0,2010.0,2003.0
2018105130,アレナマエストロ,牝,坂口義幸,,ヘニーヒューズ,000a011155,ダブルゴールド,2010104122,ゴールドアリュール,1999106689,（同）ＪＰＮ技研,ノーザンファーム,"1,072.3",2003.0,2010.0,1999.0
2018101631,ウインプロスト,牡,武井和実,,アイルハヴアナザー,000a011ed3,コスモネモシン,2007101171,ゼンノロブロイ,2000101517,北原大史,コスモヴューファーム,"1,071.5",2009.0,2007.0,2000.0
2018100903,ラスティネイル,牝,川添明弘,,ダンカーク,000a012185,リクエストアワー,2011104346,ネオユニヴァース,2000101426,田頭勇貴,浜本牧場,"1,071.3",2006.0,2011.0,2000.0
2018102055,フージャオ,牝,尾林幸二,,アイルハヴアナザー,000a011ed3,トラディション,2011105087,ゴールドアリュール,1999106689,曽和栄司,ノースヒルズ,"1,070.0",2009.0,2011.0,1999.0
2018105596,ハイボールコパ,牝,板垣吉則,,リオンディーズ,2013105915,マキシマムジョイ,2010101695,ハーツクライ,2001103038,新三宅（株）,市川牧場,"1,069.0",2013.0,2010.0,2001.0
2018103833,ユナチャン,牝,木村健,,マクフィ,000a011c77,ミルクデール,2011101603,キングカメハメハ,2001103460,狩野好宗,佐竹学,"1,067.2",2007.0,2011.0,2001.0
2018103392,クジラ,牡,藤田正治,,シビルウォー,2005102317,フォレストキティ,000a010b6a,Forestry,000a002270,組）リノレーシング,山下恭茂,"1,066.1",2005.0,2001.0,1996.0
2018100845,アビレ,牝,櫻井今朝,,ノボジャック,1997110152,フミノジャミーラ,2012105450,フォーティナイナーズサン,000a011227,服部謙一,西野春樹,"1,066.0",1997.0,2012.0,2001.0
2018100409,ドゥラヴェルデ,牡,木村哲也,,ドゥラメンテ,2012104511,タミーン,000a0120ff,Shirocco,000a010db9,ＤＭＭドリームクラブ,下河辺牧場,"1,066.0",2012.0,2008.0,2001.0
2018106651,トランセンデンタル,牡,小村正也,,トランセンド,2006104736,ジュンプリンセス,2002103108,タイキシャトル,1994109686,ファーストビジョン,様似共栄牧場,"1,065.0",2006.0,2002.0,1994.0
2018100158,リネンデザイン,牝,浜田一夫,,ゼンノロブロイ,2000101517,リネンパズル,2007106103,パラダイスクリーク,1989109110,戸山昌彦,沖田牧場,"1,064.9",2000.0,2007.0,1989.0
2018105736,セイカリス,牡,栗田泰昌,,ジャングルポケット,1998101786,リリーオブザナイル,2010103550,バゴ,2001190004,酒井孝敏,高橋農場,"1,062.9",1998.0,2010.0,2001.0
2018104407,キンバ,牡,小村正也,,マクフィ,000a011c77,インカンデセンス,2010100653,ファンタスティックライト,1996190005,花水辰夫,前谷武志,"1,061.5",2007.0,2010.0,1996.0
2018105743,トーアアネラ,牝,関本浩司,,アドマイヤムーン,2003102991,トーアティアレ,2007102474,ゴールドアリュール,1999106689,小橋亮太,トーア牧場,"1,061.4",2003.0,2007.0,1999.0
2018106696,ペイシャスカイ,牡,榎屋充,,ディープスカイ,2005101358,リサプシュケ,2011102993,ワイルドラッシュ,000a0003a1,北所拓也,高村伸一,"1,060.5",2005.0,2011.0,1994.0
2018105247,クリオズナ,牝,坂口義幸,,オルフェーヴル,2008102636,プロクリス,2011104095,キングカメハメハ,2001103460,（同）ＪＰＮ技研,ノーザンファーム,"1,060.0",2008.0,2011.0,2001.0
2018104480,ホープケツァール,牝,長倉功,,マクフィ,000a011c77,バイタルスタイル,2007101001,スペシャルウィーク,1995103211,吉谷憲一郎,矢野牧場,"1,059.9",2007.0,2007.0,1995.0
2018104783,ナリノペッパー,牡,堀千亜樹,,スウェプトオーヴァーボード,000a00fa34,ホワイトペッパー,2002100694,サンデーサイレンス,000a00033a,垣本栄一,社台ファーム,"1,059.5",1997.0,2002.0,1986.0
2018103170,スターオブスパーダ,牡,嶋田幸晴,,ディスクリートキャット,000a0113a1,ダイワソフィー,2011104296,チチカステナンゴ,000a011135,光安了,小林仁,"1,059.0",2003.0,2011.0,1998.0
2018101672,ゼニス,牡,坂口義幸,,パイロ,000a01176a,ソルスティス,2007102372,クロフネ,1998110135,谷謙介,佐藤牧場,"1,058.5",2005.0,2007.0,1998.0
2018100647,ディープステイト,牡,菅原右吉,,ディープブリランテ,2009105084,アリュージョン,2011100577,アドマイヤムーン,2003102991,シグラップ・マネジメ,ダーレー・ジャパン・ファーム,"1,058.4",2009.0,2011.0,2003.0
2018103280,インテグラルシチー,牡,胡本友晴,,カレンブラックヒル,2009106230,ヒシタイトル,2009101218,キングカメハメハ,2001103460,（株）ファーストビジ,中村雅明,"1,058.0",2009.0,2009.0,2001.0
2018105997,カイジンビリーヴ,牡,入口由美,,ネオユニヴァース,2000101426,アンダルシア,2007101337,アルカセット,2000190010,木原文夫,大柳ファーム,"1,057.7",2000.0,2007.0,2000.0
2018110010,クインズムーン,牝,中川公成,,Gutaifan,000a014388,Woodcock Moon,000a0143a9,Kyllachy,000a010cba,シルクレーシング,Littlejohn Bloodstock Ltd,"1,057.0",2013.0,2004.0,1998.0
2018105993,サムライスピアー,牡,菊川正達,,トゥザグローリー,2007103265,メイショウアルペン,2004102268,Dixie Union,000a00fdbe,玉腰勇吉,絵笛牧場,"1,056.0",2007.0,2004.0,1997.0
2018105273,アメイジングタイム,牡,田中克典,,モーリス,2011100655,マジックタイム,2011103946,ハーツクライ,2001103038,サンデーレーシング,ノーザンファーム,"1,056.0",2011.0,2011.0,2001.0
2018104988,ギレルモ,セ,瀬戸幸一,,ダイワメジャー,2001103114,カルディーン,000a012103,Roman Ruler,000a011480,岩渕瑞生,ノーザンファーム,"1,054.6",2001.0,2009.0,2002.0
2018102712,ティーティーエイト,牝,碇清次郎,,スウェプトオーヴァーボード,000a00fa34,マイルストーン,2007100726,タイキシャトル,1994109686,羽地律雄,筒井征文,"1,053.5",1997.0,2007.0,1994.0
2018104164,ニホンピロジャック,牡,川嶋弘吉,,マクフィ,000a011c77,ニホンピロチャンス,2010102749,メイショウボーラー,2001100650,小林英一,友田牧場,"1,053.3",2007.0,2010.0,2001.0
2018110075,ソジュン,牡,玉井昇,,Liam's Map,000a01372b,Tiz Champ,000a014a5e,Tiznow,000a00fa4b,（株）ＩＴＦ,Arturo Vargas,"1,051.4",2011.0,2010.0,1997.0
2018101632,ウイングリュック,牡,新田守,,ロージズインメイ,000a010a10,コスモフォーチュン,2002105598,マイネルラヴ,1995108558,植田信行,コスモヴューファーム,"1,050.6",2000.0,2002.0,1995.0
2018101325,イタリアンゴールド,牡,伊藤滋規,,オルフェーヴル,2008102636,スワンソング,2010100697,シングスピール,1992190005,梅ケ枝容晃,二風谷ファーム,"1,050.0",2008.0,2010.0,1992.0
2018101138,ラピッドフロウ,牝,今井輝和,,ベルシャザール,2008103004,エーシンラピッド,2010104644,クロフネ,1998110135,門別敏朗,門別敏朗,"1,049.8",2008.0,2010.0,1998.0
2018110133,アメリカンマッハ,牡,平山宏秀,,Kitten's Joy,000a0119b3,Cat On a Tin Roof,000a017945,Catienus,000a0127d7,彌登章,Kenneth L. Ramsey & Sarah K. Ramsey,"1,047.2",2001.0,2010.0,1994.0
2018101341,クウェンヤ,牝,三野宮通,,カレンブラックヒル,2009106230,アルウェン,1999102686,トニービン,1983109006,山根義信,坂東牧場,"1,042.6",2009.0,1999.0,1983.0
2018103488,キャットリング,牝,竹下直人,,メイショウボーラー,2001100650,キネオソレイユ,2011100356,ネオユニヴァース,2000101426,（株）ファーストビジ,岡田スタッド,"1,042.5",2001.0,2011.0,2000.0
2018101329,インディペンデント,牡,武藤善則,,モーリス,2011100655,フェスティヴマロン,2004100468,クロフネ,1998110135,高橋文男,二風谷ファーム,"1,041.9",2011.0,2004.0,1998.0
2018100396,ヘーメル,牝,安部幸夫,,ヴィクトワールピサ,2007102923,サンドスラッシュ,000a012043,Holy Roman Emperor,000a011ab8,稲葉光昭,下河辺牧場,"1,041.5",2007.0,2008.0,2004.0
2018101466,インプルーヴ,牝,保利良次,,フリオーソ,2004106867,ローズヘイロー,2006104129,キングヘイロー,1995104427,石瀬浩三,石田牧場,"1,041.0",2004.0,2006.0,1995.0
2018104772,レッドレジェーラ,セ,三小田幸,,ディープインパクト,2002100816,プレミアステップス,000a0129c1,Footstepsinthesand,000a0111b5,北原大史,社台ファーム,"1,040.8",2002.0,2010.0,2002.0
2018105332,ケイセブン,牡,箕輪武,,オーシャンブルー,2008102978,ラベンダーカラー,2008103209,サクラバクシンオー,1989108341,廣瀬由一,ノーザンファーム,"1,040.5",2008.0,2008.0,1989.0
2018105878,テイエムグレイト,牡,武英智,,ロードアルティマ,2000110026,トシザコジーン,2005105828,アドマイヤコジーン,1996106512,竹園正繼,浦河小林牧場,"1,040.0",2000.0,2005.0,1996.0
2018103290,ベルジークザンダー,牡,須田和伸,,トランセンド,2006104736,ピサノロマン,2001103845,コマンダーインチーフ,000a0000b0,宮崎俊也,野表俊一,"1,040.0",2006.0,2001.0,1990.0
2018104380,コパノキャッチング,牡,田中譲二,,コパノリチャード,2010106552,コパノハート,2012103513,コパノフウジン,2002106885,（同）ＪＰＮ技研,へいはた牧場,"1,039.4",2010.0,2012.0,2002.0
2018100849,セイウンエンプレス,牝,山口浩幸,,リーチザクラウン,2006102923,リップル,2010100715,アグネスタキオン,1998101516,冨田藤男,西山牧場,"1,038.8",2006.0,2010.0,1998.0
2018100146,セルクルクルミ,牝,川嶋弘吉,,エスケンデレヤ,000a012cc0,ゴールドハーツ,2013100152,ハーツクライ,2001103038,木村牧場,沖田牧場,"1,038.2",2007.0,2013.0,2001.0
2018103820,ゴールドランタン,牝,岡田利一,,シニスターミニスター,000a011099,コウエイラブリー,2012102466,エンパイアメーカー,000a010542,（同）クイック・ホー,佐竹学,"1,037.8",2003.0,2012.0,2000.0
2018103269,ニーヨル,牡,山田徹,,シニスターミニスター,000a011099,カリビアンセレブ,2006100494,ゴールドアリュール,1999106689,（株）ＭＲ,中村雅明,"1,037.7",2003.0,2006.0,1999.0
2018104596,ブーケドフルール,牝,加藤和義,,エイシンフラッシュ,2007102951,クラリスピンク,2008102916,ネオユニヴァース,2000101426,福岡隆史,社台ファーム,"1,037.6",2007.0,2008.0,2000.0
2018106228,モリノオーシャン,牝,角川秀樹,,ホッコータルマエ,2009100921,アピールポイント,2003101939,アグネスタキオン,1998101516,森和久,田中スタッド,"1,036.9",2009.0,2003.0,1998.0
2018102438,マイネルキャラバン,牡,東原己俊,,スクリーンヒーロー,2004103328,ファインビンテージ,2003102825,ダンスインザダーク,1993109188,小橋亮太,稲葉牧場,"1,036.0",2004.0,2003.0,1993.0
2018103231,スセリヒメ,牝,河津裕昭,,ヴァンセンヌ,2009106525,ミスランタナ,1999110255,Miswaki,000a0017b0,ウィル,大北牧場,"1,034.6",2009.0,1999.0,1978.0
2018100625,ハイフォース,牡,川野勇馬,,グランプリボス,2008103388,エトピリカ,2007105681,キングカメハメハ,2001103460,上岡和男,タバタファーム,"1,034.5",2008.0,2007.0,2001.0
2018106618,メイショウカークス,牡,小牧毅,,ホッコータルマエ,2009100921,プチットマドレーヌ,2013100352,ディープインパクト,2002100816,松本好雄,本巣敦,"1,034.4",2009.0,2013.0,2002.0
2018101623,アナザーヴィータ,牡,矢野久美,,アイルハヴアナザー,000a011ed3,オメガラヴィータ,2010103713,ジャングルポケット,1998101786,石井啓之,コスモヴューファーム,"1,033.7",2009.0,2010.0,1998.0
2018106503,ドラマティコ,牝,打越勇児,,ドゥラメンテ,2012104511,オペラデイム,000a01388d,Medaglia d'Oro,000a010a65,カナヤマホールディングス,三嶋牧場,"1,033.5",2012.0,2013.0,1999.0
2018102691,ハクサンタマテバコ,牝,溝橋利喜,,ハクサンムーン,2009102527,ダイアンスマイル,2008101063,ロックオブジブラルタル,000a00fd4c,組）オールザベスト組,田湯牧場,"1,033.0",2009.0,2008.0,1999.0
2018110008,フランクエトワール,牡,川西毅,,Frankel,000a01239b,ドレスドインファー,000a0142f0,Excellent Art,000a012379,ＤＭＭドリームクラブ,Dream Farm Co. Ltd,"1,031.1",2008.0,2013.0,2004.0
2018101044,スマートネクタル,牝,有馬澄男,,サウスヴィグラス,1996110138,グランス,2008102832,アグネスタキオン,1998101516,徳田直樹,本間牧場,"1,031.0",1996.0,2008.0,1998.0
2018104151,ノーブルキャニオン,牡,鮫島克也,,ブラックタイド,2001103312,ピサノルビー,2006101331,ブライアンズタイム,000a000082,吉木伸彦,飛野牧場,"1,030.6",2001.0,2006.0,1985.0
2018102303,ロッティミニスター,牡,小野望,,シニスターミニスター,000a011099,ウィステリア,2011105073,マンハッタンカフェ,1998101554,会田裕一,村上進治,"1,030.5",2003.0,2011.0,1998.0
2018103497,ミチノシチリア,牡,嶋田幸晴,,アイルハヴアナザー,000a011ed3,シチリアーナ,2005106279,メイショウオウドウ,1995101767,牧野慎一郎,岡田スタッド,"1,029.5",2009.0,2005.0,1995.0
2018101402,ヤマノプリティー,牝,松本隆宏,,タイセイレジェンド,2007103199,ヤーマンミルフィー,2010100138,バブルガムフェロー,1993109219,山口明彦,山口明彦,"1,028.6",2007.0,2010.0,1993.0
2018106585,オルディネール,牝,溝橋利喜,,キンシャサノキセキ,2003110212,アルシッペ,000a0114e6,Seeking the Gold,000a001bea,小谷昌吾,ミリオンファーム,"1,025.4",2003.0,2004.0,1985.0
2018103080,ノブ,牡,新田守,,ドゥラメンテ,2012104511,ウインアルエット,2009106556,ダンスインザダーク,1993109188,植田信行,桑田牧場,"1,025.2",2012.0,2009.0,1993.0
2018105230,ステディシュシュ,牝,田中剛,,モーリス,2011100655,フレンチバレリーナ,2003102937,フレンチデピュティ,000a00013a,亀岡和彦,ノーザンファーム,"1,021.0",2011.0,2003.0,1992.0
2018101890,ビーザベスト,牡,新子雅司,,シニスターミニスター,000a011099,プリティアクィーン,2008104544,フジキセキ,1992109618,野田善己,中村弘昭,"1,021.0",2003.0,2008.0,1992.0
2018103594,ビーアップ,牝,鈴木啓之,,シニスターミニスター,000a011099,タマモペンライト,2013104037,ブラックタイド,2001103312,馬場祥晃,岡田牧場,"1,019.2",2003.0,2013.0,2001.0
2018106440,クールマニワ,セ,中道啓二,,エスケンデレヤ,000a012cc0,プリニア,2013104993,プリサイスエンド,000a00fe9b,（有）サンライズ,日本中央競馬会日高育成牧場,"1,019.0",2007.0,2013.0,1997.0
2018102128,コスモゲイダーグ,牡,凾館一昭,,キンシャサノキセキ,2003110212,コスモコルデス,2010100785,ゴールドヘイロー,1997101264,森田一俊,ビッグレッドファーム,"1,018.0",2003.0,2010.0,1997.0
2018101219,リコータイザン,牡,荒山勝徳,,ディスクリートキャット,000a0113a1,シンクスマイル,2010103951,キングカメハメハ,2001103460,土橋正雄,リコーファーム,"1,017.0",2003.0,2010.0,2001.0
2018104602,スフリエール,牝,鹿戸雄一,,ルーラーシップ,2007103143,グレナディーン,2007102818,スペシャルウィーク,1995103211,吉田照哉,社台ファーム,"1,016.0",2007.0,2007.0,1995.0
2018103191,セイウンノウヒメ,牝,新谷功一,,トゥザグローリー,2007103265,ハイノリッジ,2011103212,マンハッタンカフェ,1998101554,西山茂行,鮫川啓一,"1,015.0",2007.0,2011.0,1998.0
2018105445,エコロテッチャン,牝,山田徹,,メイショウボーラー,2001100650,ミュゲドボヌール,2000101468,バブルガムフェロー,1993109219,上手健太郎,追分ファーム,"1,014.3",2001.0,2000.0,1993.0
2018105374,ヒシハルク,牡,木村健,,ブラックタイド,2001103312,レーゲンボーゲン,2002106230,フレンチデピュティ,000a00013a,若林武雄,ノーザンファーム,"1,014.1",2001.0,2002.0,1992.0
2018104686,ギブンアンソート,牝,斉藤崇史,,エピファネイア,2010104155,テクニカルラン,2006103101,アグネスタキオン,1998101516,社台レースホース,社台ファーム,"1,013.0",2010.0,2006.0,1998.0
2018100012,サンケイワールド,牡,金田一昌,,ケイムホーム,000a0108d1,エレメンタリー,2011103950,ダイワメジャー,2001103114,関忠信,旭牧場,"1,012.7",1999.0,2011.0,2001.0
2018106913,フェアリー,牝,千葉幸喜,,ネオユニヴァース,2000101426,ラスリーズ,2009103077,ブライアンズタイム,000a000082,新井原博,川上牧場,"1,012.5",2000.0,2009.0,1985.0
2018103297,エールソングス,牝,田中道夫,,バンブーエール,2003104100,ヴェリーバンブー,2010102251,ファルブラヴ,1998190004,（同）ＪＰＮ技研,バンブー牧場,"1,010.5",2003.0,2010.0,1998.0
2018100279,クラウォー,牡,松本隆宏,,シビルウォー,2005102317,クラローザ,2003105938,ホリスキー,1979101459,倉見利弘,倉見牧場,"1,009.1",2005.0,2003.0,1979.0
2018100682,ラウンシー,牝,佐藤浩一,,パイロ,000a01176a,デストリアー,2012101572,ディープスカイ,2005101358,鈴木雅俊,ダーレー・ジャパン・ファーム,"1,008.4",2005.0,2012.0,2005.0
2018105485,ヨウコウザクラ,牝,南弘樹,,エイシンフラッシュ,2007102951,エスプリドパリ,2012104348,ハーツクライ,2001103038,仲辻正貴,社台コーポレーション白老ファーム,"1,008.3",2007.0,2012.0,2001.0
2018106759,スペルガッサン,牝,坂本昇,,モンテロッソ,000a011b05,シャドウスペル,2012105309,ダンスインザダーク,1993109188,西村專次,成隆牧場,"1,006.9",2007.0,2012.0,1993.0
2018102698,オセアジャスティス,牡,工藤真司,,マクフィ,000a011c77,グラシエトウショウ,2011102302,クロフネ,1998110135,南條浩輝,土田和男,"1,004.0",2007.0,2011.0,1998.0
2018101578,ラントゥザスカイ,牝,橋本忠明,,ヘニーヒューズ,000a011155,ファインスカイ,2010105423,アグネスタキオン,1998101516,浅川昌彦,協和牧場,"1,004.0",2003.0,2010.0,1998.0
2018106007,スプリングローズ,牝,小久保智,,フェノーメノ,2009106599,カリズマ,2009102624,アドマイヤムーン,2003102991,山内邦一,岡本昌市,"1,002.0",2009.0,2009.0,2003.0
2018105068,シビックドライヴ,牡,米田英世,,カジノドライヴ,2005110112,シルバーフォックス,2008103277,クロフネ,1998110135,国枝久美子,ノーザンファーム,"1,002.0",2005.0,2008.0,1998.0
2018110095,パラディズム,セ,山田徹,,Medaglia d'Oro,000a010a65,Taste Of Heaven,000a014a6f,Encosta de Lago,000a0112ca,森本研太,Elevage II LLC,"1,001.9",1999.0,2010.0,1993.0
2018102679,ハーモニーホクト,牡,新井清重,,ホッコータルマエ,2009100921,ポッドルージュ,2011105692,フレンチデピュティ,000a00013a,日下部勝徳,タツヤファーム,"1,000.2",2009.0,2011.0,1992.0
2018106418,パッドゥラパン,牝,川嶋弘吉,,トゥザグローリー,2007103265,アンビホールドゥン,2009110113,Bluegrass Cat,000a01173d,日進牧場,日進牧場,994.3,2007.0,2009.0,2003.0
2018101762,ハルヒコ,牡,松浦聡志,,ストロングリターン,2006102934,リュウキンカ,2013105615,ステイゴールド,1994108729,三宅勝俊,武田修一,994.0,2006.0,2013.0,1994.0
2018106479,ドクタースキル,牝,岡林光浩,,リオンディーズ,2013105915,スマートシャワー,2005106427,アグネスタキオン,1998101516,松岡悟,松田牧場,993.9,2013.0,2005.0,1998.0
2018104672,ノボリスターリー,牡,瀬戸口悟,,ドゥラメンテ,2012104511,ダリオール,000a011dc9,Highest Honor,000a00185c,原田豊,社台ファーム,993.1,2012.0,2007.0,1983.0
2018105669,トーセンエディ,牡,武市康男,,トーセンブライト,2001103660,トーセンビート,2008106530,クロフネ,1998110135,島川隆哉,エスティファーム,993.0,2001.0,2008.0,1998.0
2018102050,レーニア,牝,坂井英光,,ヴィクトワールピサ,2007102923,ジャルダンスクレ,2010110072,Medaglia d'Oro,000a010a65,前田幸治,ノースヒルズ,993.0,2007.0,2010.0,1999.0
2018101299,アスクドンキバック,牡,梅田智之,,キングカメハメハ,2001103460,マルトク,2001107831,マーベラスサンデー,1992103687,廣崎智子,清水牧場,989.0,2001.0,2001.0,1992.0
2018100493,イッツトゥルー,牡,井手上慎,,エイシンフラッシュ,2007102951,ベイビーイッツユー,2010100534,ダイワメジャー,2001103114,江津和人,白井牧場,989.0,2007.0,2010.0,2001.0
2018106686,アスマスティーブ,セ,橘友和,,トゥザグローリー,2007103265,ドクトルコスモ,2009100144,オレハマッテルゼ,2000101550,湯澤寛,清水誠一,987.9,2007.0,2009.0,2000.0
2018102072,ピーチリキュール,牝,渡辺博文,,サウスヴィグラス,1996110138,カクテルラウンジ,2005102429,タニノギムレット,1999100226,原久美子,ハクツ牧場,987.8,1996.0,2005.0,1999.0
2018104598,メレカリキマカ,牡,小島茂之,,ロードカナロア,2008103552,クリスマスキャロル,2007102758,アグネスタキオン,1998101516,丸山担,社台ファーム,987.0,2008.0,2007.0,1998.0
2018101766,ピノモラーン,牡,野口孝,,エイシンフラッシュ,2007102951,ナイジェラ,2006104514,ワイルドラッシュ,000a0003a1,木村康義,武田牧場,987.0,2007.0,2006.0,1994.0
2018100188,レッジャードロ,牝,戸田博文,,ドゥラメンテ,2012104511,ブルーグラスチャッター,000a0124d3,Bluegrass Cat,000a01173d,大谷正嗣,オリオンファーム,986.0,2012.0,2008.0,2003.0
2018104409,レオテソーロ,牡,加藤和宏,,ネオユニヴァース,2000101426,クイーンオブハルカ,2006105694,シングスピール,1992190005,（株）ファーストビジ,前谷武志,984.6,2000.0,2006.0,1992.0
2018101749,カミヤガルーラ,牡,金田一昌,,エイシンフラッシュ,2007102951,ヤマノボンディール,2005105147,ダンスインザダーク,1993109188,高木秀明,高瀬牧場,984.6,2007.0,2005.0,1993.0
2018106893,スーチャン,牝,川添明弘,,トゥザグローリー,2007103265,クサナギノツルギ,2007102814,デュランダル,1999106756,インターフェース（同,トラストスリーファーム,983.8,2007.0,2007.0,1999.0
2018105476,メイレンシュタイン,セ,勢司和浩,,エピファネイア,2010104155,ヴァイスゴルト,2012104068,ダンスインザダーク,1993109188,キャロットファーム,社台コーポレーション白老ファーム,982.7,2010.0,2012.0,1993.0
2018101566,モンサンラディウス,牡,牧光二,,ルーラーシップ,2007103143,ジュリアビコー,1999106988,ジェイドロバリー,000a0001a7,山下新一,川島牧場,982.0,2007.0,1999.0,1987.0
2018105370,ゾディアックサイン,セ,萩原清,,モーリス,2011100655,レネットグルーヴ,2010104041,キングカメハメハ,2001103460,シルクレーシング,ノーザンファーム,980.0,2011.0,2010.0,2001.0
2018103004,ノアスマッシュ,牝,盛本信春,,キズナ,2010105827,トラストフェアリー,2011103054,ケイムホーム,000a0108d1,佐山公男,梅田牧場,978.5,2010.0,2011.0,1999.0
2018102350,テーオールノワール,セ,中西達也,,パイロ,000a01176a,オーシャンフリート,2008105085,アフリート,000a000013,廣瀬由一,村田牧場,977.5,2005.0,2008.0,1984.0
2018100767,ブラウオリゾン,牡,酒井仁,,ナムラタイタン,2006101408,バースデイパーティ,2010101877,アドマイヤムーン,2003102991,小橋亮太,ディアレストクラブ,977.3,2006.0,2010.0,2003.0
2018103103,ブラックハート,牝,目迫大輔,,ベーカバド,000a011dc0,アクアブルーハート,2012105952,エンパイアメーカー,000a010542,上山泰憲,高昭牧場,976.0,2007.0,2012.0,2000.0
2018106386,フロイング,牡,黒木豊,,マクフィ,000a011c77,ピンクシャンパン,2012104344,ディープインパクト,2002100816,田賀孝昭,富田牧場,975.8,2007.0,2012.0,2002.0
2018100154,ママズコフィ,牝,橋本和馬,,カジノドライヴ,2005110112,ママズディッシュ,2007103201,クロフネ,1998110135,沖田正憲,沖田牧場,975.8,2005.0,2007.0,1998.0
2018110098,オンラインドリーム,牝,武幸四郎,,Frankel,000a01239b,デインドリーム,2008190004,Lomitas,000a00fe91,吉田千津,Teruya Yoshida,975.5,2008.0,2008.0,1988.0
2018103039,サツキティアラ,牝,加藤和宏,,バトルプラン,000a0118e8,ラストエンジェル,2012105783,バゴ,2001190004,グランデオーナーズ,荻伏三好ファーム,974.5,2005.0,2012.0,2001.0
2018101811,サウスワールド,牡,小久保智,,サウスヴィグラス,1996110138,パーカッショニスト,2007102927,アグネスタキオン,1998101516,小田吉男,大作ステーブル,974.0,1996.0,2007.0,1998.0
2018103481,エコロアジェンダ,牡,川添明弘,,タイムパラドックス,1998101683,エレガンテヴィータ,2010102451,アグネスタキオン,1998101516,（株）アプエンテ,岡田スタッド,973.1,1998.0,2010.0,1998.0
2018104689,ミトグラフィア,牝,村上頼章,,ロードカナロア,2008103552,ディオベルタ,2009105870,フジキセキ,1992109618,酒井孝敏,社台ファーム,972.0,2008.0,2009.0,1992.0
2018100031,ペガサスハーツ,牝,矢作芳人,,ハーツクライ,2001103038,マリンフェスタ,2003105699,サクラバクシンオー,1989108341,天羽牧場,天羽牧場,971.0,2001.0,2003.0,1989.0
2018100759,ノーブルオリンピア,牡,鮫島克也,,トーセンジョーダン,2006103169,ディアザリアー,2010105013,ワイルドラッシュ,000a0003a1,吉木伸彦,ディアレストクラブ,970.6,2006.0,2010.0,1994.0
2018104932,アスクヒーロー,セ,田村康仁,,ルーラーシップ,2007103143,ウインミーティア,2009106267,アグネスタキオン,1998101516,廣崎利洋ＨＤ,ノーザンファーム,970.0,2007.0,2009.0,1998.0
2018105778,マオノヴァイザー,牡,諏訪貴正,,キングヘイロー,1995104427,シーフェアリー,2002106148,ユートカイザー,1994107985,湯浅健司,橋本牧場,968.6,1995.0,2002.0,1994.0
2018105369,アルディートクライ,牡,新子雅司,,ハーツクライ,2001103038,レディスキッパー,2007103371,クロフネ,1998110135,中塚孝明,ノーザンファーム,968.5,2001.0,2007.0,1998.0
2018103769,ミヤジオシャラク,牝,畠山信一,,モーリス,2011100655,マイネアンティーク,2009106193,サクラバクシンオー,1989108341,鈴木雅俊,今牧場,968.0,2011.0,2009.0,1989.0
2018101410,ロジディープ,牝,瀬戸幸一,,キンシャサノキセキ,2003110212,ロジナン,2012106230,ディープインパクト,2002100816,酒井孝敏,秋田牧場,968.0,2003.0,2012.0,2002.0
2018100941,マイネルレガシー,牡,武市康男,,ルーラーシップ,2007103143,ロゼットネビュラ,2006103432,ネオユニヴァース,2000101426,サラブレッドクラブ・ラフィアン,日高大洋牧場,966.5,2007.0,2006.0,2000.0
2018102071,キオネヴェリテ,牝,中竹和也,,キズナ,2010105827,ルミエールヴェリテ,2007110112,Cozzene,000a001bda,加藤誠,ノースヒルズ,966.0,2010.0,2007.0,1980.0
2018102243,ブラーブサージュ,牡,手島勝利,,マツリダゴッホ,2003104570,オーミポルカ,2013102009,キングヘイロー,1995104427,岩崎僖澄,松木加代,965.5,2003.0,2013.0,1995.0
2018104238,キティラ,牝,清水英克,,バトルプラン,000a0118e8,フローネ,2003106162,アグネスタキオン,1998101516,ディアレストクラブ,畠山牧場,965.2,2005.0,2003.0,1998.0
2018104486,ジェミニテソーロ,牡,田中伸一,,ヴィクトワールピサ,2007102923,ラグジャリー,000a01056a,Storm Cat,000a001a98,江口正典,矢野牧場,964.0,2007.0,1998.0,1983.0
2018102769,ジョーカイ,牝,小久保智,,ジョーカプチーノ,2006100529,ジョーフュージョン,1999105761,オペラハウス,000a000d77,上田江吏子,平野牧場,964.0,2006.0,1999.0,1988.0
2018101215,クリノヴァニラ,牝,那俄性哲,,アスカクリチャン,2007104599,マヤノプレム,2004105224,タイキシャトル,1994109686,（株）ファーストビジ,横井哲,964.0,2007.0,2004.0,1994.0
2018105450,メモラーブル,牝,戸部尚実,,ハービンジャー,000a011996,ユアメモリー,2011103540,シンボリクリスエス,1999110099,山口謙太郎,追分ファーム,963.4,2006.0,2011.0,1999.0
2018103580,ウポポイ,牝,茂崎正善,,バトルプラン,000a0118e8,ウインプレセア,2006104297,アグネスタキオン,1998101516,小橋亮太,岡田牧場,963.0,2005.0,2006.0,1998.0
2018102838,メガミリオン,牡,田島寿一,,ホッコータルマエ,2009100921,バニラマカロン,2012104839,クロフネ,1998110135,組）ゴッテスフルス,前田ファーム,961.0,2009.0,2012.0,1998.0
2018100598,ビービーモノローグ,セ,中川竜馬,,シニスターミニスター,000a011099,ビービーリアン,2010104119,ゼンノロブロイ,2000101517,坂本孝徳,高山博,960.1,2003.0,2010.0,2000.0
2018102898,クラッチシュート,牡,栗田泰昌,,トーセンジョーダン,2006103169,エフティアクトレス,2005102380,ファルブラヴ,1998190004,酒井孝敏,明治牧場,960.0,2006.0,2005.0,1998.0
2018105769,ダイエービルベリー,牝,酒井一則,,コパノリチャード,2010106552,テーオーディオネ,2012106355,ヴァーミリアン,2002100877,エヌエス仙台（有）,真壁信一,959.5,2010.0,2012.0,2002.0
2018100161,カラドボルグ,牡,吉田正美,,ラブリーデイ,2010104298,ロングビクトリア,2004105680,タニノギムレット,1999100226,篠塚和郎,沖田牧場,959.5,2010.0,2004.0,1999.0
2018103349,ワンダーフェンリル,牡,鈴木勝文,,マクフィ,000a011c77,ワンダーフウラン,2006103682,カリズマティック,000a00fa33,山本能成,藤春修二,959.0,2007.0,2006.0,1996.0
2018105330,ラヴィエント,牝,伊藤和忍,,ドゥラメンテ,2012104511,ラフィエスタ,2008103355,スペシャルウィーク,1995103211,ＤＭＭドリームクラブ,ノーザンファーム,958.5,2012.0,2008.0,1995.0
2018102768,ジョーレイラニ,牝,小久保智,,ドゥラメンテ,2012104511,ジョーアカリン,2008103799,タニノギムレット,1999100226,上田江吏子,平野牧場,958.0,2012.0,2008.0,1999.0
2018102535,キタサンマーベラス,牝,五十嵐冬,,ヘニーヒューズ,000a011155,キタサンラブソング,2001103232,ダンスインザダーク,1993109188,田村誠,木田牧場,957.6,2003.0,2001.0,1993.0
2018106248,クーバ,牡,小国博行,,タイセイレジェンド,2007103199,タイセイフレイヤ,2005105605,Tale of the Cat,000a002276,西森鶴,谷川牧場,957.4,2007.0,2005.0,1994.0
2018102056,グランクール,牡,坂井英光,,キズナ,2010105827,ドリームジョブ,000a013887,Dubawi,000a0115e2,前田幸治,ノースヒルズ,957.0,2010.0,2012.0,2002.0
2018104348,ジョリーブレス,牝,奥村豊,,ジャスタウェイ,2009106461,ラストアロー,2004104994,アサティス,1985109002,フジワラ・ファーム,フジワラファーム,956.8,2009.0,2004.0,1985.0
2018103973,アデウス,牝,三小田幸,,ホッコータルマエ,2009100921,サーレムフォレスト,2011103568,ディープインパクト,2002100816,平本敏夫,武牧場,956.5,2009.0,2011.0,2002.0
2018102819,イグドラシル,牡,山崎尋美,,ルーラーシップ,2007103143,タイセイハニー,2003101523,エンドスウィープ,000a00010f,松田幸生,前川勝春,956.5,2007.0,2003.0,1991.0
2018100876,レオスパンキー,牡,岡林光浩,,パドトロワ,2007102760,ホワイトピクシイ,2001106981,ホワイトマズル,1990109700,田中博之,ノースガーデン,956.0,2007.0,2001.0,1990.0
2018109044,スプリングネージュ,牝,藪口一麻,,アルデバランII,000a010541,スノーフラワー,2009105440,クロフネ,1998110135,（有）総武開発,諏訪牧場,955.5,1998.0,2009.0,1998.0
2018103051,ジュエルケイヴ,牝,黒木豊,,オルフェーヴル,2008102636,シャルマンスタイル,2006100281,タイキシャトル,1994109686,関昭一,笠松牧場,955.4,2008.0,2006.0,1994.0
2018104210,カドカラハジマル,牡,石橋満,,ワールドエース,2009106353,カドバン,2013104443,タイキシャトル,1994109686,芳賀克也,野坂牧場,954.0,2009.0,2013.0,1994.0
2018109097,グロリアスシティ,牡,荒山勝徳,,ディープブリランテ,2009105084,エイシンバンバ,2012110073,Rock Hard Ten,000a010612,グリーンファーム,恵比寿興業株式会社那須野牧場,953.5,2009.0,2012.0,2001.0
2018102749,ツウカイアペックス,牡,真島元徳,,マジェスティックウォリアー,000a011e9c,エイコオウイング,2008103756,アフリート,000a000013,木村直樹,萩澤泰博,953.3,2005.0,2008.0,1984.0
2018101851,リュウノアーダーン,牝,川村守男,,シビルウォー,2005102317,ラスティーク,2006110075,Fusaichi Pegasus,000a0022cf,蓑島竜一,トド岩高原銀河農場物語,951.6,2005.0,2006.0,1997.0
2018102628,バイオレットジンク,牝,川村禎彦,,パイロ,000a01176a,ソロデビュー,2009101565,シンボリクリスエス,1999110099,フォーレスト,嶋田牧場,951.0,2005.0,2009.0,1999.0
2018105622,スノームーンライト,牡,佐藤茂,,アドマイヤムーン,2003102991,ヒカルユメアカリ,2009105583,シンボリクリスエス,1999110099,堀江貞幸,宇南山牧場,950.2,2003.0,2009.0,1999.0
2018105465,ドリームマローネ,牝,吉村圭司,,ドリームジャーニー,2004102753,アドアード,000a0117c5,Galileo,000a00232b,社台レースホース,社台コーポレーション白老ファーム,950.0,2004.0,2005.0,1998.0
2018105241,ホウオウラフィット,牝,斎藤雄一,,ディープインパクト,2002100816,プリティカリーナ,000a011a66,Seeking the Gold,000a001bea,小笹芳央,ノーザンファーム,949.5,2002.0,2005.0,1985.0
2018101510,タツノフレア,牝,鷹見浩,,バトルプラン,000a0118e8,シゲキテキテキーラ,2006105073,ニューイングランド,1997105461,三河辰已,オリエント牧場,949.5,2005.0,2006.0,1997.0
2018100602,シダデカサドール,牡,林隆之,,マジェスティックウォリアー,000a011e9c,シウダニーニャ,2012110060,Leroidesanimaux,000a0115cc,平野郁朗,高山牧場,949.5,2005.0,2012.0,2000.0
2018101690,バチスカーフ,牝,渡辺博文,,ベーカバド,000a011dc0,サイレンスマンボウ,2002101860,サンデーサイレンス,000a00033a,野田芳,シンカンファーム,947.0,2007.0,2002.0,1986.0
2018106725,トノカンショウ,牡,藪口一麻,,モンテロッソ,000a011b05,カズノマリリン,1997100499,マルゼンスキー,000a0003bd,（有）総武開発,熊沢牧場,946.3,2007.0,1997.0,1974.0
2018105150,デュークアックス,牡,畠山信一,,マジェスティックウォリアー,000a011e9c,ディオジェーヌ,2010104264,ディープインパクト,2002100816,鈴木雅俊,ノーザンファーム,946.3,2005.0,2010.0,2002.0
2018103646,スティールグレート,牡,高野毅,,アジアエクスプレス,2011110091,キタサンスズラン,2007100174,アルカセット,2000190010,菅野守雄,カタオカステーブル,946.0,2011.0,2007.0,2000.0
2018101326,タイセイフリート,セ,後藤佑耶,,アドマイヤムーン,2003102991,ハナマル,2001107192,アフリート,000a000013,関根渉,二風谷ファーム,945.2,2003.0,2001.0,1984.0
2018104828,パレドジュスティス,牝,西村真幸,,ロードカナロア,2008103552,ラブリネスオブパリ,2002100622,サンデーサイレンス,000a00033a,社台レースホース,社台ファーム,944.0,2008.0,2002.0,1986.0
2018102607,ソノラメンテ,牝,佐野謙二,,ドゥラメンテ,2012104511,レディルージュ,2006103602,ブライアンズタイム,000a000082,シグラップ・マネジメ,ケイアイファーム,943.5,2012.0,2006.0,1985.0
2018100077,グルーヴィカグヤ,牝,土井道隆,,ディープブリランテ,2009105084,レッツグルーヴ,2010103877,フレンチデピュティ,000a00013a,酒井孝敏,荒井ファーム,943.1,2009.0,2010.0,1992.0
2018101608,サノカポ,牝,那俄性哲,,サウスヴィグラス,1996110138,ヒシディーバ,2005110086,Fusaichi Pegasus,000a0022cf,（株）ファーストビジ,小泉学,943.0,1996.0,2005.0,1997.0
2018103360,ハシルショウグン,牝,土屋洋之,,プリサイスエンド,000a00fe9b,ホワイトアウト,2012106084,フォーティナイナーズサン,000a011227,徳山和也,丸村村下ファーム,942.6,1997.0,2012.0,2001.0
2018101455,マルス,牡,井樋一也,,リオンディーズ,2013105915,モンテドーター,2003109309,ブライアンズタイム,000a000082,冨谷昌弘,石郷岡五月,942.1,2013.0,2003.0,1985.0
2018103196,ナイルローズ,牝,井樋一也,,トゥザグローリー,2007103265,カイロローズ,000a010aec,Sadler's Wells,000a00185d,酒井孝敏,鮫川ファーム,941.7,2007.0,2001.0,1981.0
2018103422,ムサシシニスター,牡,栗田泰昌,,シニスターミニスター,000a011099,ユーオーミー,2004103650,フォーティナイナー,000a000134,武蔵屋ハウス（株）,荒木貴宏,941.0,2003.0,2004.0,1985.0
2018104846,ルージュフェリーク,牝,尾関知人,,Golden Horn,000a012adf,ルーヴインペリアル,000a013e6f,Giant's Causeway,000a0022e1,東京ホースレーシング,社台ファーム,940.0,2012.0,2007.0,1997.0
2018106497,アウィウィリオ,牝,南弘樹,,ダノンレジェンド,2010110102,レッドシャトル,2004100385,タイキシャトル,1994109686,佐野幸一郎,まるとみ冨岡牧場,939.3,2010.0,2004.0,1994.0
2018100964,エスプレッソ,牡,鷹見浩,,フリオーソ,2004106867,ライトハート,2004106095,キャプテンスティーヴ,000a000d9d,中山博,広富牧場,938.5,2004.0,2004.0,1997.0
2018101541,キングオブハーバー,牡,雑賀正光,,シニスターミニスター,000a011099,ビエントハーバー,2000106651,キンググローリアス,000a000d48,木村公子,カミイスタット,938.0,2003.0,2000.0,1986.0
2018101250,アドヴェントイヴ,牝,山崎尋美,,ドゥラメンテ,2012104511,サンキューアスク,2009104195,シンボリクリスエス,1999110099,廣崎双葉,ＡＳＫＳＴＵＤ,938.0,2012.0,2009.0,1999.0
2018105681,トーセンチャールズ,牡,本間忍,,ローエングリン,1999106738,トーセンロビン,2009102240,ファンタスティックライト,1996190005,島川隆哉,エスティファーム,937.0,1999.0,2009.0,1996.0
2018101488,トーセンルチアーノ,セ,石井勝男,,パイロ,000a01176a,エルフィンパーク,2005102489,タニノギムレット,1999100226,根田喜久雄,大狩部牧場,937.0,2005.0,2005.0,1999.0
2018106711,メイショウマサカリ,牡,小牧毅,,メイショウボーラー,2001100650,メイショウレクセラ,2013103754,キングカメハメハ,2001103460,松本好隆,中脇一幸,935.8,2001.0,2013.0,2001.0
2018104863,ヴァルキリードレス,牝,藤田正治,,ハーツクライ,2001103038,レディオーカモア,000a0120d0,Meadowlake,000a001c0e,ＤＭＭドリームクラブ,社台ファーム,935.5,2001.0,2003.0,1983.0
2018103714,ケイティーユイ,牝,水野貴史,,パイロ,000a01176a,コテキタイ,2009103520,サウスヴィグラス,1996110138,竹之内康一,グランド牧場,935.5,2005.0,2009.0,1996.0
2018106126,ドドーニサンサン,牡,永田幸宏,,メイショウボーラー,2001100650,ヨッテウタッテ,2011104949,オレハマッテルゼ,2000101550,木村薫,木村牧場,935.1,2001.0,2011.0,2000.0
2018102477,スパークリングアイ,牡,宗綱泰彦,,マジェスティックウォリアー,000a011e9c,プリーズドスマイル,2010103997,ディープインパクト,2002100816,（同）ＪＰＮ技研,沖田哲夫,933.8,2005.0,2010.0,2002.0
2018102912,ジオルティ,牡,佐々木仁,,エピファネイア,2010104155,プレシャスベガ,2011103614,キングカメハメハ,2001103460,杉山忠国,明治牧場,933.2,2010.0,2011.0,2001.0
2018110128,トニーヒアロ,牝,堀千亜樹,,Mucho Macho Man,000a01252f,Rocksie Lucie,000a01795a,Rock Hard Ten,000a010612,濱田里美,Saddle Creek Farms Inc.,930.1,2008.0,2010.0,2001.0
2018106043,エピックデイ,牝,野田忍,,ラブリーデイ,2010104298,ピンクパレット,2013106314,オレハマッテルゼ,2000101550,岡本敞司,鎌田正嗣,927.0,2010.0,2013.0,2000.0
2018103164,ディアナブレイン,牝,的場直之,,エスポワールシチー,2005102837,イエロースター,2013100781,サウスヴィグラス,1996110138,市村義和,小島牧場,927.0,2005.0,2013.0,1996.0
2018101729,インペリアルツアー,牡,加藤和宏,,トゥザグローリー,2007103265,ツールドコルス,2007104475,ウインデュエル,1999102595,スピードファーム,スピードファーム,926.0,2007.0,2007.0,1999.0
2018100250,クレスコロッキー,牡,玉垣光章,,ストロングリターン,2006102934,マイスイートベス,2006103880,Haafhd,000a010530,堀川三郎,木村牧場,924.2,2006.0,2006.0,2001.0
2018106065,テンペスタース,牡,平和人,,ダンカーク,000a012185,ハルノサキガケ,2011103725,ゼンノロブロイ,2000101517,小橋亮太,ガーベラパークスタッド,924.1,2006.0,2011.0,2000.0
2018100843,グレル,牝,川村守男,,ノボジャック,1997110152,ダイメイジュエリー,2007102355,キャプテンスティーヴ,000a000d9d,遠藤喜和,西野春樹,924.0,1997.0,2007.0,1997.0
2018102605,ロードトランス,牡,安田翔伍,,ロードカナロア,2008103552,レディバラード,1997110261,Unbridled,000a001cd0,ロードホースクラブ,ケイアイファーム,923.0,2008.0,1997.0,1987.0
2018105065,ハクビ,牝,土田稔,,エピファネイア,2010104155,シラユキ,2012104516,クロフネ,1998110135,谷口祐人,ノーザンファーム,921.3,2010.0,2012.0,1998.0
2018105053,センショウライツ,牝,武幸四郎,,ハービンジャー,000a011996,シナジーウィスパー,2010104054,ネオユニヴァース,2000101426,川勝裕之,ノーザンファーム,921.0,2006.0,2010.0,2000.0
2018105673,トーセンアレックス,牡,飯田弘道,,エイシンフラッシュ,2007102951,トーセンベニザクラ,2009102231,ダイワメジャー,2001103114,（同）ＪＰＮ技研,エスティファーム,917.5,2007.0,2009.0,2001.0
2018100380,ウォーターリリー,牝,土井道隆,,ロードカナロア,2008103552,エスカナール,2008105549,スペシャルウィーク,1995103211,（同）ＪＰＮ技研,下河辺牧場,917.5,2008.0,2008.0,1995.0
2018104360,シゲルダイナミック,牡,鈴木義久,,マジェスティックウォリアー,000a011e9c,グローバルソング,2004105019,ブライアンズタイム,000a000082,森中蕃,藤原牧場,917.0,2005.0,2004.0,1985.0
2018100024,ショウナンナビ,牝,手塚貴久,,マクフィ,000a011c77,ショウナンマオ,2009106468,ダイワメジャー,2001103114,国本哲秀,天羽牧場,917.0,2007.0,2009.0,2001.0
2018106102,ブリリアントウェイ,牝,佐々木由,,ジャスタウェイ,2009106461,ブリリアントライフ,2002102858,グラスワンダー,1995108676,山下勇,杵臼牧場,916.5,2009.0,2002.0,1995.0
2018106586,サンライズテソロ,牡,植松則幸,,ダノンシャンティ,2007105709,イエスオアノー,2003105362,サクラバクシンオー,1989108341,ファーストビジョン,ミリオンファーム,915.5,2007.0,2003.0,1989.0
2018100764,マダムシュシュ,牝,田村康仁,,スクリーンヒーロー,2004103328,ドリーボヌール,2010103840,ディープインパクト,2002100816,ラ・メール,ディアレストクラブ,915.0,2004.0,2010.0,2002.0
2018102797,ペイシャシオン,牡,榎屋充,,ストロングリターン,2006102934,アペラシオン,2009106077,アドマイヤムーン,2003102991,北所拓也,本桐牧場,914.1,2006.0,2009.0,2003.0
2018105956,エイシンウィンク,牝,菅原欣也,,エイシンヒカリ,2011101273,エーシンブイムード,2005110171,Malibu Moon,000a010c8e,栗嶋豊明,栄進牧場,914.0,2011.0,2005.0,1997.0
2018104588,ヴィッカース,牝,佐々木清,,キングカメハメハ,2001103460,キラリダイヤモンド,2002100642,フジキセキ,1992109618,大永商事（株）,社台ファーム,913.5,2001.0,2002.0,1992.0
2018102480,リアルドキュメント,牡,保利幸作,,ルーラーシップ,2007103143,クールユリア,2009102597,ケイムホーム,000a0108d1,川上哲司,沖田博志,912.5,2007.0,2009.0,1999.0
2018103610,ゴールドフレイバー,牝,吉橋淳一,,ゴールドシップ,2009102739,ホットフレイバー,2004104183,タバスコキャット,000a000348,ＪＰＮ技研,岡田牧場,911.8,2009.0,2004.0,1991.0
2018100971,デルマジゾウ,牡,加藤和義,,アーネストリー,2005105410,デルマアマノジャク,2010100969,オンファイア,2003102809,浅沼廣幸,ファニーヒルファーム,911.4,2005.0,2010.0,2003.0
2018105649,トーセンブライアン,牡,張田京,,トーセンブライト,2001103660,トーセンウェルカム,2010103777,フジキセキ,1992109618,島川隆哉,エスティファーム,910.5,2001.0,2010.0,1992.0
2018100718,トレンチタウン,牡,横山保,,ヴィクトワールピサ,2007102923,ステラムーン,2011100890,アドマイヤムーン,2003102991,北原大史,チャンピオンズファーム,909.3,2007.0,2011.0,2003.0
2018102390,ヒデノペリドット,牡,岡田一男,,サウスヴィグラス,1996110138,イイデサンドラ,2007105126,サクラプレジデント,2000102261,小林和義,山岡ファーム,909.1,1996.0,2007.0,2000.0
2018101277,ナンヨーローズ,牡,工藤裕孝,,エピファネイア,2010104155,カディーシャ,2009101986,ダイワメジャー,2001103114,岩渕瑞生,北島牧場,908.6,2010.0,2009.0,2001.0
2018105294,ミエノムガール,牡,山下貴之,,トゥザワールド,2011103975,ムガール,2001103467,Silver Hawk,000a0019b4,里見治,ノーザンファーム,907.5,2011.0,2001.0,1979.0
2018101792,フェザーノユメ,牝,木村暁,,シニスターミニスター,000a011099,ゴールデンフェザー,2011102465,キングカメハメハ,2001103460,谷謙介,大栄牧場,906.5,2003.0,2011.0,2001.0
2018106377,チュートリス,牝,赤嶺亮,,キンシャサノキセキ,2003110212,サイレントセンティネル,000a0114af,Silver Hawk,000a0019b4,今中俊平,富田牧場,906.0,2003.0,2004.0,1979.0
2018102352,ビギニングドリーム,牝,八木正喜,,マクフィ,000a011c77,クロワラモー,2007105062,スペシャルウィーク,1995103211,石川佳弘,村田牧場,904.6,2007.0,2007.0,1995.0
2018103733,フォルリチャード,牡,久保杉隆,,コパノリチャード,2010106552,ハニーバニー,2010102654,メイショウボーラー,2001100650,八嶋長久,グランド牧場,903.5,2010.0,2010.0,2001.0
2018103304,シゲルメダリスト,牡,川村禎彦,,リアルインパクト,2008103244,バンビーナココ,2004103733,フォーティナイナー,000a000134,森中蕃,バンブー牧場,903.5,2008.0,2004.0,1985.0
2018105716,サントレゾール,牡,小野望,,モンテロッソ,000a011b05,コノハナ,2006105701,イーグルカフェ,1997110118,（有）太盛,ストロベリーフィールドファーム,903.0,2007.0,2006.0,1997.0
2018100281,エミーブリッツ,牝,月岡健二,,ゼンノロブロイ,2000101517,クレバーパルマ,2010103149,ブライアンズタイム,000a000082,今井優,クリアファーム,902.8,2000.0,2010.0,1985.0
2018100574,タマモアンドロメダ,牡,玉垣光章,,サウスヴィグラス,1996110138,チャームペンダント,2006104670,ボストンハーバー,000a00007c,タマモ,スマイルファーム,902.5,1996.0,2006.0,1994.0
2018103809,アルコディオーサ,牝,角川秀樹,,ディープインパクト,2002100816,ナスケンアイリス,2007100331,フレンチデピュティ,000a00013a,櫻井秋雄,桜井牧場,902.0,2002.0,2007.0,1992.0
2018103584,グラスクアドラ,牡,久保杉隆,,ワールドエース,2009106353,グラスルノン,2011102043,フレンチデピュティ,000a00013a,岡田義見,岡田牧場,902.0,2009.0,2011.0,1992.0
2018103198,ハイラブサンケイ,牝,矢野久美,,ダンカーク,000a012185,ティアラプリンセス,2003100927,ラムタラ,000a0001d4,矢野龍一,鮫川ファーム,901.3,2006.0,2003.0,1992.0
2018100341,コンピエーニュ,牡,林隆之,,アンライバルド,2006103308,マリーアルーア,2009102395,ゴールドアリュール,1999106689,伊達泰明,サンシャイン牧場,900.2,2006.0,2009.0,1999.0
2018105753,ベガスフォンテン,牝,井上弘之,,カジノドライヴ,2005110112,ジーナフォンテン,1998101415,ベストタイアップ,1992109617,吉橋興生,登別上水牧場,900.0,2005.0,1998.0,1992.0
2018102580,ティフォーザ,牝,小椋研介,,モーリス,2011100655,サッカーマム,000a010758,Kingmambo,000a001d7e,ロードホースクラブ,ケイアイファーム,900.0,2011.0,2000.0,1990.0
2018102623,ラストヴィグラス,牡,板垣吉則,,サウスヴィグラス,1996110138,フォレスタレガーロ,2012100705,ダイワメジャー,2001103114,会田裕一,佐藤鉄也,898.5,1996.0,2012.0,2001.0
2018102783,フェアリートレイル,牝,齊藤敏,,ダノンレジェンド,2010110102,キャンディームーン,2006110167,Candy Ride,000a01132a,吉田好雄,藤巻則弘,897.0,2010.0,2006.0,1999.0
2018106538,ダノンヴェロシティ,牡,別府真司,,キングカメハメハ,2001103460,マイグッドネス,000a011dc6,Storm Cat,000a001a98,組）志士十二組合,三嶋牧場,896.0,2001.0,2005.0,1983.0
2018102472,マッシュブライト,牝,酒井一則,,トーセンブライト,2001103660,マッシュレイヤー,2006103252,ジャングルポケット,1998101786,谷謙介,沖田忠幸,895.5,2001.0,2006.0,1998.0
2018101790,ベルセブンティーン,牝,飯田弘道,,アジアエクスプレス,2011110091,クールトップレディ,2008106481,クロフネ,1998110135,北原大史,大栄牧場,895.4,2011.0,2008.0,1998.0
2018106579,ルビープリンセス,牝,鋤田誠二,,アポロキングダム,2003110139,トップルビー,2008101804,チーフベアハート,1993190010,畠山朝子,宮内牧場,894.5,2003.0,2008.0,1993.0
2018100276,シャドウヘリテイジ,セ,林徹,,ヘニーヒューズ,000a011155,ロンギングエリー,2008102890,ゼンノロブロイ,2000101517,飯塚知一,クラウン日高牧場,894.3,2003.0,2008.0,2000.0
2018100892,エナジーボーイ,セ,矢野久美,,カレンブラックヒル,2009106230,エナチャン,2012104566,キンシャサノキセキ,2003110212,吉野政敏,浜本牧場,894.1,2009.0,2012.0,2003.0
2018101542,アゼリアグレート,牡,小林俊彦,,トランセンド,2006104736,マウロア,2012104931,キングカメハメハ,2001103460,前田敏文,カミイスタット,894.0,2006.0,2012.0,2001.0
2018100491,スーパービーム,牡,真島元徳,,エイシンヒカリ,2011101273,フローレンスガール,2003110054,El Corredor,000a010238,平井裕,白井牧場,893.9,2011.0,2003.0,1997.0
2018104048,ドキドキボーイ,牡,加藤誠一,,トゥザワールド,2011103975,フューチャータイム,2009103805,ブライアンズタイム,000a000082,大典牧場（有）,大典牧場,893.1,2011.0,2009.0,1985.0
2018105794,スモモモモモモモモ,牝,小林真治,,アンライバルド,2006103308,フロントタック,2010100508,Macho Uno,000a010d0c,井上久光,ヤマイチ牧場,892.0,2006.0,2010.0,1998.0
2018102332,ストロングカレント,牡,山田徹,,エスポワールシチー,2005102837,スイートレジーナ,2000106148,キンググローリアス,000a000d48,角田喜継,村上牧場,891.2,2005.0,2000.0,1986.0
2018103114,シズヨシ,牡,加藤誠一,,ホッコータルマエ,2009100921,オールオールオール,2006100363,アグネスタキオン,1998101516,吉岡泰治,高昭牧場,890.0,2009.0,2006.0,1998.0
2018101771,マイネルグロース,牡,金成貴史,,ゴールドシップ,2009102739,コスモクラッベ,2006104855,マイネルラヴ,1995108558,サラブレッドクラブ・ラフィアン,竹中牧場,890.0,2009.0,2006.0,1995.0
2018100911,ティーズダンキー,牝,今津博之,,リアルインパクト,2008103244,ビフォーダーク,2007105499,キングカメハメハ,2001103460,立山伸二,原田ファーム,889.6,2008.0,2007.0,2001.0
2018102240,オーミテンペスト,牡,中川雅之,,ベーカバド,000a011dc0,アムールエテルネル,2007105124,アルカセット,2000190010,岩崎僖澄,松木加代,889.5,2007.0,2007.0,2000.0
2018101444,ピラミデ,牝,宇都英樹,,ラブリーデイ,2010104298,ケイアイスパイダー,2004104426,サザンヘイロー,000a00031e,（株）ファーストビジ,石郷岡五月,889.1,2010.0,2004.0,1983.0
2018102871,モンチ,牡,沖田明子,,カレンブラックヒル,2009106230,フォーモサアピール,2005101451,タイキシャトル,1994109686,北所直人,三石川上牧場,888.7,2009.0,2005.0,1994.0
2018106039,ラウディ,牡,中川竜馬,,モーリス,2011100655,アルマーズビコー,2010103803,ジャングルポケット,1998101786,豊島愛子,鎌田正嗣,888.5,2011.0,2010.0,1998.0
2018103552,イッツバッド,牝,市村誠,,ヴァンセンヌ,2009106525,マチカネヒザクラ,1997106859,デインヒル,000a0000d1,三岡有香,岡田スタッド,888.0,2009.0,1997.0,1986.0
2018103665,スイートナイト,牝,工藤伸輔,,ダノンシャンティ,2007105709,ウイングオブラック,1999106905,ブライアンズタイム,000a000082,北原大史,神垣道弘,886.6,2007.0,1999.0,1985.0
2018103621,ラヴレイアード,牝,鋤田誠二,,シニスターミニスター,000a011099,エンドレスラヴ,2010101052,マイネルラヴ,1995108558,（株）Ｌｏｙａｌｔｙ,岡野牧場,886.6,2003.0,2010.0,1995.0
2018100249,ジュニパーダンス,牝,酒井一則,,ホッコータルマエ,2009100921,ビオレント,2011100202,ゼンノロブロイ,2000101517,石澤純平,木村牧場,886.5,2009.0,2011.0,2000.0
2018104421,ガビーズスピリット,牡,須田和伸,,ベルシャザール,2008103004,キューティガビー,2006106847,ジェニュイン,1992109450,長島和彦,前田牧場,886.0,2008.0,2006.0,1992.0
2018100538,ナジャ,牝,高月賢一,,サウスヴィグラス,1996110138,スイートスズラン,2009109147,シンボリクリスエス,1999110099,鈴木基容,シンボリ牧場,885.0,1996.0,2009.0,1999.0
2018101553,テイエムダイアタリ,牡,竹之下昭,,プリサイスエンド,000a00fe9b,ケイエスシンアカリ,2007105642,クロフネ,1998110135,竹園正繼,上井農場,882.6,1997.0,2007.0,1998.0
2018100088,ディンゴ,牝,小沢宏次,,スウェプトオーヴァーボード,000a00fa34,アドマイヤジュエル,2004100255,アドマイヤベガ,1996107396,鈴木昌樹,いとう牧場,882.3,1997.0,2004.0,1996.0
2018100562,ノーブルハーバー,牝,倉地学,,キンシャサノキセキ,2003110212,モンテミウ,2005109199,ボストンハーバー,000a00007c,吉木伸彦,スウィングフィールド牧場,882.2,2003.0,2005.0,1994.0
2018105101,イヤーズストレイト,牝,茂崎正善,,キズナ,2010105827,ストレイトフロムテキサス,000a010ac4,Judge T C,000a002131,小橋亮太,ノーザンファーム,881.0,2010.0,1999.0,1991.0
2018105551,スターロード,牡,錦見勇夫,,ノヴェリスト,000a012230,ブロンドヒロイン,2010103972,グラスワンダー,1995108676,大勇,社台コーポレーション白老ファーム,880.4,2009.0,2010.0,1995.0
2018106151,ルージュアドラブル,牝,国枝栄,,ロードカナロア,2008103552,ココロノアイ,2012105256,ステイゴールド,1994108729,東京ホースレーシング,酒井牧場,880.0,2008.0,2012.0,1994.0
2018105401,インフィニタス,牝,伊坂重信,,モーリス,2011100655,アンチュラス,2009106569,ディープインパクト,2002100816,Ｇ１レーシング,追分ファーム,880.0,2011.0,2009.0,2002.0
2018104637,ジルブラス,牡,栗田徹,,エピファネイア,2010104155,ジェルミナル,2006102913,アグネスタキオン,1998101516,Ｇ１レーシング,社台ファーム,880.0,2010.0,2006.0,1998.0
2018101551,クリノザウルス,牡,本間忍,,アスカクリチャン,2007104599,クリノスレンダー,2006104256,タヤスツヨシ,1992109612,栗本博晴,上井農場,880.0,2007.0,2006.0,1992.0
2018100044,ビーカレイジャス,牡,水野貴広,,エスポワールシチー,2005102837,ビーラヴリー,2008110081,ヨハネスブルグ,000a0103b9,藤田在子,天羽禮治,880.0,2005.0,2008.0,1999.0
2018106306,トーホウグロリアス,牡,伊藤勝好,,ダンカーク,000a012185,マチャプチャレ,2013103474,ヨハネスブルグ,000a0103b9,小橋亮太,チェスナットファーム,879.1,2006.0,2013.0,1999.0
2018100966,ガーディアン,牡,平山真希,,ベルシャザール,2008103004,ルナールフェノメナ,2012101841,バゴ,2001190004,（同）ＪＰＮ技研,広富牧場,877.2,2008.0,2012.0,2001.0
2018106678,ペイシャセイント,牡,栗田裕光,,モンテロッソ,000a011b05,セイントリーフ,1998105285,タヤスツヨシ,1992109612,米倉歩,清水スタッド,875.9,2007.0,1998.0,1992.0
2018106748,ミスターエイジュン,牡,佐藤祐司,,エスケンデレヤ,000a012cc0,パピチャン,2007103411,ウインラディウス,1998105841,後藤順男,リトルブルーファーム,872.8,2007.0,2007.0,1998.0
2018104031,ナツハヤテ,牝,山田質,,サウスヴィグラス,1996110138,リノマカナ,2013104417,マンハッタンカフェ,1998101554,楊明山,谷岡牧場,872.8,1996.0,2013.0,1998.0
2018103042,ラストチケット,牡,高馬元紘,,フレンチデピュティ,000a00013a,カネトシルメルシェ,2012103054,キングカメハメハ,2001103460,福澤真也,カケハムポニークラブ,872.5,1992.0,2012.0,2001.0
2018103589,ヒロシゲサウザント,牡,那俄性哲,,ヘニーヒューズ,000a011155,サンバビーン,2010102510,スズカマンボ,2001103890,シグラップ・マネジメ,岡田牧場,871.0,2003.0,2010.0,2001.0
2018103513,ホウオウハイエスト,牝,田中伸一,,ダイワメジャー,2001103114,タニノハイクレア,2004104861,クロフネ,1998110135,木村益生,岡田スタッド,871.0,2001.0,2004.0,1998.0
2018100482,ノーティーガール,牝,藤ヶ崎一,,クリエイターII,000a013630,ナリタシークレット,2002106061,フジキセキ,1992109618,鈴木重夫,白井牧場,870.7,2013.0,2002.0,1992.0
2018102733,キングサリ,牝,渡辺博文,,トビーズコーナー,000a011fed,ビューティーリヨ,2008103687,ゴールドヘイロー,1997101264,原久美子,中橋正,869.9,2008.0,2008.0,1997.0
2018106899,マザーフェイヴァー,牝,工藤伸輔,,ディスクリートキャット,000a0113a1,ウォータープレミア,2009106770,ネオユニヴァース,2000101426,北原大史,笹地牧場,869.0,2003.0,2009.0,2000.0
2018103313,ペイバスク,牝,黒田隆男,,トーセンジョーダン,2006103169,サンジャンドリュズ,2013103435,スクリーンヒーロー,2004103328,（株）さくらコーポレ,ヒダカファーム,868.9,2006.0,2013.0,2004.0
2018100418,サンライズシトラス,牡,井樋一也,,シンボリクリスエス,1999110099,ハッピートーク,2006105535,アグネスデジタル,1997110025,小橋亮太,下河辺牧場,868.6,1999.0,2006.0,1997.0
2018102717,ジョーミニスター,牝,小久保智,,シニスターミニスター,000a011099,ジョーゲルダ,2006100212,オペラハウス,000a000d77,上田江吏子,土居牧場,864.0,2003.0,2006.0,1988.0
2018110028,スカイシーカー,セ,小島茂之,,Free Eagle,000a0124a0,Ataraxy,000a014901,Zamindar,000a011b6e,ゴドルフィン,Bernard Cooke,863.0,2011.0,2005.0,1994.0
2018102688,ゼリア,牝,鈴木孝志,,キズナ,2010105827,カネスベネフィット,2001100658,Miswaki,000a0017b0,ケーエスＨＤ,田湯牧場,863.0,2010.0,2001.0,1978.0
2018100729,サンライズシューズ,牝,牧光二,,スクリーンヒーロー,2004103328,フェアリーブレス,2002107240,フレンチデピュティ,000a00013a,呉本昌時,チャンピオンズファーム,862.8,2004.0,2002.0,1992.0
2018101213,ダイメイイースター,牝,岡島玉一,,ディスクリートキャット,000a0113a1,ダイメイザバリヤル,2004101855,ダンスインザダーク,1993109188,宮本孝一,横井哲,862.7,2003.0,2004.0,1993.0
2018105527,トリニタリアニズム,牡,野口孝,,エピファネイア,2010104155,チュウワブロッサム,2007103003,デュランダル,1999106756,平川三津,社台コーポレーション白老ファーム,862.5,2010.0,2007.0,1999.0
2018103307,ユイノシワザ,牡,胡本友晴,,クリエイターII,000a013630,アドマイヤインディ,2006103290,フジキセキ,1992109618,（株）ファーストビジ,ヒダカファーム,862.0,2013.0,2006.0,1992.0
2018101151,エムオーアタック,牡,晴山厚司,,モンテロッソ,000a011b05,エムオープリズム,2014101571,バトルプラン,000a0118e8,小橋亮太,門別牧場,861.8,2007.0,2014.0,2005.0
2018101619,ウインヒメユリ,牝,中川竜馬,,ロージズインメイ,000a010a10,ウインミモザ,2013102187,ゴールドアリュール,1999106689,豊島愛子,コスモヴューファーム,861.7,2000.0,2013.0,1999.0
2018102857,サヨノイチバン,牝,西山裕貴,,ミッキーアイル,2011103916,スズカリーガル,2003101551,ホワイトマズル,1990109700,浦野智恵子,水上習孝,860.8,2011.0,2003.0,1990.0
2018101835,シナノジャングル,牡,鹿沼良和,,ジャングルポケット,1998101786,カナザワノハナ,2006104586,タヤスツヨシ,1992109612,小林和義,つつみ牧場,860.5,1998.0,2006.0,1992.0
2018105391,エイボンクリフ,牝,飯田弘道,,ハービンジャー,000a011996,ローズマンブリッジ,2010104127,ディープインパクト,2002100816,（同）ＪＰＮ技研,ノーザンファーム,860.0,2006.0,2010.0,2002.0
2018104324,モンストルシチー,牡,迫田清美,,フェノーメノ,2009106599,ダイヤモンドギフト,2008100867,ブライアンズタイム,000a000082,蟹江知彦,フジワラファーム,860.0,2009.0,2008.0,1985.0
2018100998,リーブラテソーロ,牡,加藤士津,,リオンディーズ,2013105915,モトカノテソーロ,2014110020,Unbridled's Song,000a002071,了徳寺健二ホールディングス,藤本ファーム,860.0,2013.0,2014.0,1993.0
2018106206,ミーティアカフェ,牝,箕輪武,,モーリス,2011100655,ラフレーズカフェ,2009106051,マンハッタンカフェ,1998101554,橋本義次,太陽牧場,858.0,2011.0,2009.0,1998.0
2018100824,セピアノーツ,牝,山崎裕也,,ジョーカプチーノ,2006100529,モンルージュ,2004103752,Smart Strike,000a00211c,谷口悦一,ナカノファーム,858.0,2006.0,2004.0,1992.0
2018105136,レオンベルガー,牡,鈴木義久,,ヘニーヒューズ,000a011155,チャームドヴェール,2010104052,ネオユニヴァース,2000101426,村木隆,ノーザンファーム,857.0,2003.0,2010.0,2000.0
2018106086,ベイビーアッシュ,牡,堀場裕充,,ダンカーク,000a012185,シェナンドアリバー,2003102798,ホワイトマズル,1990109700,山崎和哉,杵臼牧場,856.2,2006.0,2003.0,1990.0
2018105777,スプランディッド,牡,盛本信春,,スマートファルコン,2005100097,シルショコラティエ,2009105620,カコイーシーズ,1986109001,田島政光,橋本牧場,853.8,2005.0,2009.0,1986.0
2018100049,フクノラプラーニュ,牡,西山裕貴,,ラブリーデイ,2010104298,ラヴィーズラヴィン,2004110178,Giant's Causeway,000a0022e1,（株）ファーストビジ,天羽禮治,853.0,2010.0,2004.0,1997.0
2018103163,アルマブレイド,牡,松本隆宏,,ヴィクトワールピサ,2007102923,アルマディヴァン,2010106366,メジロベイリー,1998101457,組）コウトミックレー,小島牧場,852.5,2007.0,2010.0,1998.0
2018100241,クリノアンビシャス,セ,高橋純,,ホッコータルマエ,2009100921,クリノスペシャル,2003101825,スペシャルウィーク,1995103211,加藤和成,木村牧場,852.3,2009.0,2003.0,1995.0
2018105653,トーセンヴァレリ,牝,後藤正義,,トーセンファントム,2007102870,トーセンエトワール,2008105761,Street Cry,000a0103ba,島川隆哉,エスティファーム,851.0,2007.0,2008.0,1998.0
2018104538,ウララカナハル,牝,新井清重,,シニスターミニスター,000a011099,ウララカ,2006103084,ワイルドラッシュ,000a0003a1,吉田照哉,社台ファーム,851.0,2003.0,2006.0,1994.0
2018104271,キリンブラック,牡,田中譲二,,ガルボ,2007101163,コスモパッション,2004106974,マイネルラヴ,1995108558,今井高之,原則夫,850.5,2007.0,2004.0,1995.0
2018101461,ストレートダンディ,牡,玉井等,,ワールドエース,2009106353,ドラゴンラッシュ,2006104131,ワイルドラッシュ,000a0003a1,廣川正之,石田牧場,850.3,2009.0,2006.0,1994.0
2018104911,フルネーズ,牡,小笠倫弘,,エイシンフラッシュ,2007102951,アルフォンシーヌ,2002100981,サンデーサイレンス,000a00033a,Ｇ１レーシング,ノーザンファーム,850.0,2007.0,2002.0,1986.0
2018100376,アインジェニー,牝,山田徹,,ハーツクライ,2001103038,インネートグレイス,000a012f0d,Pulpit,000a002133,平本淳一,下河辺牧場,849.8,2001.0,2011.0,1994.0
2018102638,アーティフィス,牝,小崎憲,,ハーツクライ,2001103038,ディアマンティナ,000a011237,Seeking the Gold,000a001bea,ルシミエント,下屋敷牧場,849.5,2001.0,2003.0,1985.0
2018101673,ヒカルマドンナ,牝,村上実,,ロージズインメイ,000a010a10,ハーツブラッド,2009105784,ハーツクライ,2001103038,高橋悦彌,佐藤牧場,849.5,2000.0,2009.0,2001.0
2018102760,ライム,牡,渡瀬寛彰,,ディープブリランテ,2009105084,ユーワパンドラ,2000103310,アフリート,000a000013,山本堅治,ヒサイファーム,849.2,2009.0,2000.0,1984.0
2018102684,メイワシェリー,牝,平山真希,,ジャングルポケット,1998101786,デルフィニア,2010101434,サウスヴィグラス,1996110138,増澤一明,田中春美,848.5,1998.0,2010.0,1996.0
2018100896,ウチョウテン,牡,黒木豊,,モンテロッソ,000a011b05,シープシャンクス,2010103968,ディープインパクト,2002100816,風早信昭,浜本牧場,848.4,2007.0,2010.0,2002.0
2018104923,アゼルスタン,牡,堀宣行,,ドゥラメンテ,2012104511,イプスウィッチ,000a01293f,Danehill Dancer,000a002309,サンデーレーシング,ノーザンファーム,847.0,2012.0,2010.0,1993.0
2018100743,ルビーブランケット,牝,宗形竹見,,エスポワールシチー,2005102837,デジタルゴールド,2007105786,アグネスデジタル,1997110025,組）ハッピースウィン,坪田晃宜,846.5,2005.0,2007.0,1997.0
2018104113,シャイニングパール,牝,武井和実,,ゴールドシップ,2009102739,ブロンコーネ,2003105107,ブライアンズタイム,000a000082,北原大史,千代田牧場,846.4,2009.0,2003.0,1985.0
2018104416,クラーロイメル,牝,澤佳宏,,ドゥラメンテ,2012104511,ミラクルベリー,2008103019,ファルブラヴ,1998190004,稲場澄,前谷武志,846.0,2012.0,2008.0,1998.0
2018106240,キチロクレディス,牝,後藤佑耶,,グランプリボス,2008103388,キャニオンリリー,1999101675,エルハーブ,000a000d7f,山本正美,谷川牧場,845.8,2008.0,1999.0,1991.0
2018110105,ジャストフィット,牡,米谷康秀,,Australia,000a012499,Squeeze,000a0142ed,Danehill Dancer,000a002309,嶋田賢,Diamond Creek Farm,845.4,2011.0,2012.0,1993.0
2018101146,トウキョウボーイ,牡,村上頼章,,エスポワールシチー,2005102837,ビビッドフレイム,2011102286,パイロ,000a01176a,村山忠弘,門別敏朗,845.0,2005.0,2011.0,2005.0
2018102100,シンキングスカイ,牡,関本浩司,,タイムパラドックス,1998101683,コグノセンティ,2011103493,ゴールドアリュール,1999106689,岩渕瑞生,浜口牧場,844.5,1998.0,2011.0,1999.0
2018105265,グランスエーニョ,セ,川西毅,,キズナ,2010105827,ポルケテスエーニョ,000a0137a3,Medaglia d'Oro,000a010a65,ＤＭＭドリームクラブ,ノーザンファーム,844.0,2010.0,2011.0,1999.0
2018101992,セータステソーロ,牡,伊坂重信,,ハーツクライ,2001103038,デライトポイント,2003101290,トウカイテイオー,1988101025,了徳寺健二ホールディングス,新冠橋本牧場,843.0,2001.0,2003.0,1988.0
2018100320,シェナグンジョウ,牡,冨田敏男,,スマートファルコン,2005100097,タッチブライト,2006106161,サウスヴィグラス,1996110138,冨田藤男,坂田牧場,843.0,2005.0,2006.0,1996.0
2018105312,フーラリ,牡,飯田弘道,,スクリーンヒーロー,2004103328,ライジングクロス,000a011523,Cape Cross,000a0022ae,川上和彦,ノーザンファーム,842.9,2004.0,2003.0,1994.0
2018104723,マグナムハート,牡,板垣吉則,,ダイワメジャー,2001103114,ハートシェイプト,000a0124be,Storm Cat,000a001a98,杉浦和也,社台ファーム,842.5,2001.0,2006.0,1983.0
2018102073,コンモートフーガ,牡,赤嶺本浩,,フリオーソ,2004106867,クリーペル,2006104764,タイキシャトル,1994109686,豊島愛子,ハクツ牧場,842.0,2004.0,2006.0,1994.0
2018105307,ゴールドジャーニー,牝,平田修,,ダイワメジャー,2001103114,モンヴェール,2003102892,フレンチデピュティ,000a00013a,吉田和美,ノーザンファーム,841.0,2001.0,2003.0,1992.0
2018101560,ヴァンルーチェ,牡,上杉昌宏,,アジアエクスプレス,2011110091,ウインヴァネッサ,2008105055,アグネスタキオン,1998101516,叶徳文,川島牧場,840.5,2011.0,2008.0,1998.0
2018106333,ベラジオマナミ,牝,三小田幸,,マジェスティックウォリアー,000a011e9c,カレーニナ,2011103765,カンパニー,2001103435,坂本智広,辻牧場,840.0,2005.0,2011.0,2001.0
2018104771,ラムダ,牡,平田正一,,ルーラーシップ,2007103143,プリンセスルシータ,2002102334,サンデーサイレンス,000a00033a,今中俊平,社台ファーム,840.0,2007.0,2002.0,1986.0
2018102850,ナックレジェンド,牡,立花伸,,マクフィ,000a011c77,ティアドロップス,1997103387,サンデーサイレンス,000a00033a,小松欣也,松本牧場,839.5,2007.0,1997.0,1986.0
2018101849,リュウノチャチャ,牝,加藤和義,,パドトロワ,2007102760,マイガール,2011100929,アドマイヤマックス,1999107004,蓑島竜一,トド岩高原銀河農場物語,839.5,2007.0,2011.0,1999.0
2018106911,サンデーグラス,牡,今津博之,,ダノンレジェンド,2010110102,ビクトリアクロス,2007101476,ヘクタープロテクター,000a000d6b,道地房男,グラストレーニングセンター,838.9,2010.0,2007.0,1988.0
2018104873,ビッグタイマー,牡,鋤田誠二,,タイムパラドックス,1998101683,ローズデュルワ,2007102815,アフリート,000a000013,岡田龍太郎,社台ファーム,838.9,1998.0,2007.0,1984.0
2018104263,ブロードマリー,牝,林徹,,ディープブリランテ,2009105084,マザイ,000a011a98,ファスリエフ,000a00fc4c,ユートピア牧場,服部牧場,838.0,2009.0,2005.0,1997.0
2018101593,スナークショウエン,牝,川村禎彦,,ヘニーヒューズ,000a011155,スナークヒロイン,2007109141,サクラバクシンオー,1989108341,杉本豊,小泉牧場,838.0,2003.0,2007.0,1989.0
2018101361,セバスチャン,セ,月岡健二,,パイロ,000a01176a,パンドラズホープ,2012104790,キングカメハメハ,2001103460,平田修,坂東牧場,838.0,2005.0,2012.0,2001.0
2018100495,ウォーターイグアス,牡,長南和宏,,トーセンラー,2008102985,ミルトス,2006102167,サクラバクシンオー,1989108341,山岡正人,白井牧場,838.0,2008.0,2006.0,1989.0
2018105297,キョウジ,牡,矢野英一,,ロードカナロア,2008103552,ムーンライトダンス,000a010b61,Sinndar,000a002329,Ｇリビエール・レーシング,ノーザンファーム,837.5,2008.0,2002.0,1997.0
2018104091,ホーリーバジル,牡,佐藤浩一,,マクフィ,000a011c77,ティリアンパープル,2010103012,ジャングルポケット,1998101786,鈴木雅俊,千代田牧場,835.7,2007.0,2010.0,1998.0
2018103759,ビッグブラザー,牡,栗田泰昌,,ダブルスター,2009103518,ワイルドイマージュ,2006100940,ワイルドラッシュ,000a0003a1,酒井孝敏,グランド牧場,835.5,2009.0,2006.0,1994.0
2018103784,ミツカネジュピター,牡,松浦裕之,,アジアエクスプレス,2011110091,サクラキューティ,2003104897,サクラローレル,1991103498,小山田満,坂本健一,834.3,2011.0,2003.0,1991.0
2018106181,メイショウホガラカ,牝,千葉博次,,トゥザグローリー,2007103265,セルフィッシュ,2007101802,ブライアンズタイム,000a000082,谷謙介,松栄牧場,834.0,2007.0,2007.0,1985.0
2018100578,ブルーグリッター,牡,大津剛,,スウェプトオーヴァーボード,000a00fa34,プリンセスケイ,2012104379,タニノギムレット,1999100226,井手慶祐,スマイルファーム,833.1,1997.0,2012.0,1999.0
2018106862,ベツセタイ,牝,田中譲二,,ディープスカイ,2005101358,フィールドスピカ,2007102159,パラダイスクリーク,1989109110,（同）ＪＰＮ技研,ダイヤモンドファーム,832.5,2005.0,2007.0,1989.0
2018100514,ハドソンホーク,牡,高橋純,,トビーズコーナー,000a011fed,ハイポセシス,2010100688,アグネスタキオン,1998101516,大黒富美子,新生ファーム,831.1,2008.0,2010.0,1998.0
2018100506,プロジェクトエー,牡,高馬元紘,,グラスワンダー,1995108676,キョウワゴールド,2007104309,キョウワアリシバ,1990109127,南雲智,新生ファーム,830.6,1995.0,2007.0,1990.0
2018104578,セブンフォールド,牡,黒岩陽一,,ディープインパクト,2002100816,カルティカ,000a013871,Rainbow Quest,000a001b4d,社台レースホース,社台ファーム,829.0,2002.0,2007.0,1981.0
2018105546,ブールアネージュ,牝,西村守幸,,モーリス,2011100655,フェイブルネージュ,2011103681,ディープインパクト,2002100816,組）オールザベスト組,社台コーポレーション白老ファーム,828.7,2011.0,2011.0,2002.0
2018105026,トラストミー,牡,森山英雄,,ハービンジャー,000a011996,ケアレスウィスパー,2004102857,フジキセキ,1992109618,西岡透,ノーザンファーム,828.5,2006.0,2004.0,1992.0
2018110026,ルミナスゲート,牡,細川忠義,,Holy Roman Emperor,000a011ab8,Allegrina,000a014900,Barathea,000a000054,門脇ゆり,Miss Elaine Marie Smith,827.2,2004.0,2000.0,1990.0
2018104805,ララティーナ,牝,山下貴之,,スクリーンヒーロー,2004103328,ミスラゴ,000a0120ef,Encosta de Lago,000a0112ca,米田稔,社台ファーム,826.7,2004.0,2008.0,1993.0
2018101659,マルカフォルトゥナ,牝,瀬戸口悟,,ヘニーヒューズ,000a011155,ヘイブンズギフト,2010103658,クロフネ,1998110135,日下部猛,五丸農場,826.6,2003.0,2010.0,1998.0
2018104676,インフォーマント,牡,地辺幸一,,ノヴェリスト,000a012230,ダンスインザムード,2001103133,サンデーサイレンス,000a00033a,ファーストビジョン,社台ファーム,826.1,2009.0,2001.0,1986.0
2018102232,レオフューチャー,牡,野田忍,,アジアエクスプレス,2011110091,フラワーハート,2011105310,サムライハート,2002100996,岡本敞司,松浦牧場,825.8,2011.0,2011.0,2002.0
2018105387,スターオブエイジア,牝,長倉功,,ルーラーシップ,2007103143,ローガンサファイア,2010104200,ダイワメジャー,2001103114,稲場澄,ノーザンファーム,825.5,2007.0,2010.0,2001.0
2018103698,スターリーソング,牝,高馬元紘,,エスポワールシチー,2005102837,ウディバードソング,1999110058,Woodman,000a001beb,今井多満美,金球美,824.9,2005.0,1999.0,1983.0
2018103923,エルファシル,牡,高月賢一,,バゴ,2001190004,ドリームバラード,2009103705,タニノギムレット,1999100226,山口裕介,タイヘイ牧場,824.0,2001.0,2009.0,1999.0
2018103110,メイショウコウシ,牡,九日俊光,,ルーラーシップ,2007103143,ウイングザムーン,2009101080,アドマイヤムーン,2003102991,本口博康,高昭牧場,823.4,2007.0,2009.0,2003.0
2018102307,ベルピエース,牡,倉地学,,リオンディーズ,2013105915,ギンザフェアレディ,2011105036,マンハッタンカフェ,1998101554,（株）アプエンテ,村上進治,822.2,2013.0,2011.0,1998.0
2018102440,ワイドモーゼ,セ,田中伸一,,ミッキーアイル,2011103916,ジューシージーン,2005110109,High Chaparral,000a010270,杉本剛彦,乾皆雄,822.0,2011.0,2005.0,1999.0
2018101102,ウルトラヨウコ,牝,佐々木仁,,ルーラーシップ,2007103143,ダブルヨウコ,2012100452,ハーツクライ,2001103038,吉橋英隆,増尾牧場,821.2,2007.0,2012.0,2001.0
2018110021,キトゥンズワルツ,牝,茶木太樹,,Air Force Blue,000a012ed4,ダンスウィズキトゥン,000a0143eb,Kitten's Joy,000a0119b3,キャロットファーム,Shadai Corporation,821.0,2013.0,2010.0,2001.0
2018102298,シルミーヌ,牝,田中剛,,エイシンヒカリ,2011101273,ホットサマーデイ,2008105162,アポインテッドデイ,2001110204,市瀬章,村上欽哉,821.0,2011.0,2008.0,2001.0
2018101509,サッビアマーゴ,牡,田嶋弘幸,,ヘニーヒューズ,000a011155,カーナヴァル,2006104728,ダンスインザダーク,1993109188,組）西野畜産組合,オリエント牧場,820.0,2003.0,2006.0,1993.0
2018102992,リュウノケンシン,牡,齊藤敏,,トビーズコーナー,000a011fed,ミステリューズ,2006106696,ナリタトップロード,1996102442,蓑島竜一,市川牧場,819.0,2008.0,2006.0,1996.0
2018106824,スクリームイーグル,牡,佐々木功,,モンテロッソ,000a011b05,ココニサチアリ,2000103284,シャーディー,000a0002f0,植松大介,原田ファーム,818.8,2007.0,2000.0,1986.0
2018103028,ヴィエノワズリー,牝,後藤佑耶,,メイショウボーラー,2001100650,ミスシューケット,2014103724,ルーラーシップ,2007103143,今村明浩,大島牧場,818.5,2001.0,2014.0,2007.0
2018102413,ムーンオブザボス,牡,土井道隆,,エイシンフラッシュ,2007102951,サマーヴィーナス,2011102719,ハーツクライ,2001103038,木稲安則,芳住鉄兵,818.5,2007.0,2011.0,2001.0
2018101240,フィーリウスワン,牡,川田孝好,,ヴィットリオドーロ,2009110009,ユニヴァースパール,2012104132,ネオユニヴァース,2000101426,成富直行,若林順一,818.0,2009.0,2012.0,2000.0
2018103203,スコトントン,牝,高馬元紘,,ベルシャザール,2008103004,クリスマドンナ,2007102122,シンボリクリスエス,1999110099,和田博美,猿橋義昭,817.5,2008.0,2007.0,1999.0
2018100342,ゴデレッチョ,牡,佐々木国,,フィガロ,1995108837,ミスリンディ,2009110086,Stormy Atlantic,000a010b85,伊達泰明,サンシャイン牧場,817.2,1995.0,2009.0,1994.0
2018100312,パワースカイ,牡,加藤幸保,,シビルウォー,2005102317,カネスインバディル,2008106453,ゼンノロブロイ,2000101517,巽祐子,坂牧場,817.1,2005.0,2008.0,2000.0
2018105327,キタサンシンドー,牝,桧森邦夫,,ワールドエース,2009106353,ラトーナ,2010104360,Dansili,000a010a5f,大野商事,ノーザンファーム,817.0,2009.0,2010.0,1996.0
2018102343,エーストビーズ,牝,菅原欣也,,エスポワールシチー,2005102837,サンターナズソング,1999104478,サクラバクシンオー,1989108341,（同）ＪＰＮ技研,村上雅規,814.4,2005.0,1999.0,1989.0
2018105313,セブンシーズ,牝,長南和宏,,ハービンジャー,000a011996,ライツェント,2007103233,スペシャルウィーク,1995103211,シルクレーシング,ノーザンファーム,813.0,2006.0,2007.0,1995.0
2018100868,モチヅキノコロ,牡,森下淳平,,サウスヴィグラス,1996110138,サクラサクラサクラ,2006105871,アッミラーレ,1997100569,江馬由将,野島牧場,812.0,1996.0,2006.0,1997.0
2018101129,グリントスター,牡,盛本信春,,アンライバルド,2006103308,ドリームスター,2009100344,カリズマティック,000a00fa33,田島政光,モリナガファーム,811.6,2006.0,2009.0,1996.0
2018103389,リサコーハク,牝,笹野博司,,カレンブラックヒル,2009106230,ミヤジレリゴー,2012106117,キングカメハメハ,2001103460,（株）ＭＲ,村中牧場,810.3,2009.0,2012.0,2001.0
2018104115,レジェンドジアース,牡,蛯名雄太,,ダノンレジェンド,2010110102,プロテクトジアース,2006101262,アフリート,000a000013,平井ひろみ,千代田牧場,810.0,2010.0,2006.0,1984.0
2018101487,ヤマタケメジャー,牡,長南和宏,,ルーラーシップ,2007103143,イリデッセンス,2013105946,ダイワメジャー,2001103114,山中和子,大狩部牧場,809.1,2007.0,2013.0,2001.0
2018102745,カールグリン,牝,西村守幸,,ローエングリン,1999106738,カールブライトリー,2007103779,チアズブライトリー,1998104232,組）オールザベスト組,信田牧場,806.1,1999.0,2007.0,1998.0
2018106793,ベニノフェアリー,牝,田島寿一,,ノボジャック,1997110152,ワイルドダンス,2004105889,ダンスインザダーク,1993109188,紅谷,川上牧場,806.0,1997.0,2004.0,1993.0
2018102339,エドノストリート,牝,齋藤雄一,,ヴァンセンヌ,2009106525,ポポラーレ,2002102470,エブロス,000a000d4b,遠藤喜和,村上牧場,804.2,2009.0,2002.0,1986.0
2018103265,ベアナチュラル,牡,目迫大輔,,ケープブランコ,000a011b06,ドリームドリーマー,2005106287,ダンスインザダーク,1993109188,橘勝年,中神牧場,802.0,2007.0,2005.0,1993.0
2018102354,ヤマイチキャプテン,牡,齊藤敏,,ヘニーヒューズ,000a011155,ダンシングハート,2002102487,サンデーサイレンス,000a00033a,西村豊,村田牧場,801.1,2003.0,2002.0,1986.0
2018101580,グランツエクラ,牡,手島勝利,,ホッコータルマエ,2009100921,ミラクルステイ,2011104673,ステイゴールド,1994108729,岩崎僖澄,協和牧場,800.6,2009.0,2011.0,1994.0
2018101941,ノーブルパレス,牡,板垣吉則,,エピファネイア,2010104155,ノーブルジュピタ,2010105277,アドマイヤジュピタ,2003102883,吉木伸彦,新冠伊藤牧場,800.5,2010.0,2010.0,2003.0
2018109102,スズジャッカル,牡,平田修,,ノヴェリスト,000a012230,トゥルヴァーユ,2010100162,ダイワメジャー,2001103114,森達郎,恵比寿興業株式会社那須野牧場,799.5,2009.0,2010.0,2001.0
2018103085,ベルウッドエオ,牡,高橋文雅,,ルーラーシップ,2007103143,ショウナンガッド,2003103836,フジキセキ,1992109618,鈴木照雄,桑田牧場,799.0,2007.0,2003.0,1992.0
2018110027,トーテムポール,牡,中野博,,Iffraaj,000a0111d1,エンシェントアート,000a0127f1,Monsun,000a010db6,子守貴久,Godolphin,798.8,2001.0,2008.0,1990.0
2018104678,フレーズバニーユ,牝,北野真弘,,ストロングリターン,2006102934,チェリーヒロイン,2009105745,キングカメハメハ,2001103460,北野末子,社台ファーム,798.5,2006.0,2009.0,2001.0
2018104168,カイジンチャンプ,牡,立花伸,,ホッコータルマエ,2009100921,エリザベスサクラ,2005100733,アラムシャー,000a00fdab,廣村憲郎,鳥谷勝彦,797.5,2009.0,2005.0,2000.0
2018104046,リスキーウィスキー,牡,徳本慶一,,ヴィクトワールピサ,2007102923,ショートハンド,000a0114ae,ディクタット,1995190007,遠藤喜和,大典牧場,797.2,2007.0,2004.0,1995.0
2018104056,シーオブクラウズ,牡,野口孝,,クロフネ,1998110135,エクセレントピーク,2008100569,アドマイヤジャパン,2002102324,レックス,千代田牧場,796.8,1998.0,2008.0,2002.0
2018101847,リュウノワシントン,牡,加藤和義,,フリオーソ,2004106867,バトルパンタナール,2009104409,アグネスタキオン,1998101516,蓑島竜一,トド岩高原銀河農場物語,795.6,2004.0,2009.0,1998.0
2018100705,リターンオブクイン,牝,藤田弘治,,ストロングリターン,2006102934,クレマチスクィーン,2010100728,ダンスインザダーク,1993109188,杉岡弘和,千葉飯田牧場,795.6,2006.0,2010.0,1993.0
2018106782,ハクシンエース,牡,千葉幸喜,,ワールドエース,2009106353,トモロネヴァノウズ,2007104270,ブライアンズタイム,000a000082,新井原博,川上牧場,794.8,2009.0,2007.0,1985.0
2018106501,ウォーターボンボン,牡,塚田隆男,,ディスクリートキャット,000a0113a1,ウォータープリプリ,2010105146,ハーツクライ,2001103038,山岡正人,三嶋牧場,794.6,2003.0,2010.0,2001.0
2018101192,サンライズアクター,牡,九日俊光,,ラブリーデイ,2010104298,メイショウネイロ,2011106546,ネオユニヴァース,2000101426,岡友則,ヤナガワ牧場,794.6,2010.0,2011.0,2000.0
2018103788,ウォーバックス,牡,遠藤茂,,ベルシャザール,2008103004,アニー,2008105007,ファンタスティックライト,1996190005,今中俊平,坂本智広,794.5,2008.0,2008.0,1996.0
2018103314,フェラーラ,牝,碇清次郎,,ワールドエース,2009106353,シスターエレキング,2005101786,アグネスデジタル,1997110025,北山敏隆,ヒダカファーム,794.5,2009.0,2005.0,1997.0
2018104642,ドーターオブナイル,牝,野田忍,,キングカメハメハ,2001103460,ジュエルオブナイル,2007102985,デュランダル,1999106756,グリーンウッド（株,社台ファーム,794.4,2001.0,2007.0,1999.0
2018106005,ピエナパプリカ,牡,鋤田誠二,,エピファネイア,2010104155,アファーブル,2009103890,ブライアンズタイム,000a000082,岡田龍太郎,岡本昌市,794.0,2010.0,2009.0,1985.0
2018104083,エコロジーガール,牝,佐々木由,,クリーンエコロジー,2008100563,スレンダーガール,1998104520,アフリート,000a000013,シグラップ・マネジメ,千代田牧場,793.5,2008.0,1998.0,1984.0
2018102463,フクサンモード,牝,中野博,,ロージズインメイ,000a010a10,エレガントフラッグ,2005102285,ダンスインザダーク,1993109188,小橋亮太,沖田忠幸,793.4,2000.0,2005.0,1993.0
2018101089,アンファスエシャペ,牝,佐藤壽,,カジノドライヴ,2005110112,ベリーベリータイム,2011100924,ブライアンズタイム,000a000082,酒井孝敏,槇本牧場,792.9,2005.0,2011.0,1985.0
2018106326,ジャスティンスター,セ,安田隆行,,スクリーンヒーロー,2004103328,エスジーブルーム,2009100575,アフリート,000a000013,三木正浩,辻牧場,792.0,2004.0,2009.0,1984.0
2018103570,キャンディキューブ,牝,工藤真司,,ノヴェリスト,000a012230,ワイキューブ,2003104550,アグネスタキオン,1998101516,上岡和男,岡田スタッド,792.0,2009.0,2003.0,1998.0
2018102146,コスモホクシン,牡,粕谷昌央,,ゴールドシップ,2009102739,ホクトグレイン,2006104874,アグネスデジタル,1997110025,ビッグレッドファーム,ビッグレッドファーム,792.0,2009.0,2006.0,1997.0
2018105918,エイシンビーミング,牝,平松徳彦,,エイシンヒカリ,2011101273,エイシンノーティス,2011105569,キングカメハメハ,2001103460,石川貴久,栄進牧場,791.8,2011.0,2011.0,2001.0
2018100402,トレジャーバローズ,牡,加藤和宏,,オルフェーヴル,2008102636,スイートジュエリー,2009102461,キングカメハメハ,2001103460,（株）ファーストビジ,下河辺牧場,791.6,2008.0,2009.0,2001.0
2018101784,ネクサス,牝,井手上慎,,サウスヴィグラス,1996110138,ミスアシング,2011103801,キングカメハメハ,2001103460,冨田清誠,タニグチ牧場,791.0,1996.0,2011.0,2001.0
2018104303,エンドステージ,牡,新井清重,,マクフィ,000a011c77,デュエット,2011104479,コンデュイット,2005190006,レックス,藤沢牧場,790.1,2007.0,2011.0,2005.0
2018106469,フロストエッジ,牝,松永康利,,ヘニーヒューズ,000a011155,スノーサミット,2013100592,アドマイヤムーン,2003102991,大樹ファーム,ビクトリーホースランチ,790.0,2003.0,2013.0,2003.0
2018104670,ハイエストピーク,牡,大和田成,,ノヴェリスト,000a012230,ダノンフローラ,2004103267,アグネスタキオン,1998101516,村野康司,社台ファーム,790.0,2009.0,2004.0,1998.0
2018104157,タマモナセバナル,牡,大橋勇樹,,ワールドエース,2009106353,スレバルナ,2002104277,パラダイスクリーク,1989109110,タマモ,泊寿幸,790.0,2009.0,2002.0,1989.0
2018104133,ロゼット,牝,高橋義忠,,ルーラーシップ,2007103143,リボンフラワー,2013104499,ディープインパクト,2002100816,飯田良枝,千代田牧場,790.0,2007.0,2013.0,2002.0
2018103095,スマートパサート,牝,須貝尚介,,モーリス,2011100655,レティセントガール,2005102157,フォーティナイナー,000a000134,大川徹,桑田牧場,790.0,2011.0,2005.0,1985.0
2018102633,ドナタイフーン,牝,畠山吉宏,,ロードカナロア,2008103552,エリモエポナ,2007101058,ゼンノロブロイ,2000101517,小川眞査雄,下屋敷牧場,790.0,2008.0,2007.0,2000.0
2018102045,フォルセティ,セ,田中博康,,トランセンド,2006104736,コリーヌ,2009105008,スペシャルウィーク,1995103211,前田葉子,ノースヒルズ,790.0,2006.0,2009.0,1995.0
2018104137,パラダイスアレイ,牡,小沢宏次,,ハーツクライ,2001103038,レーヴドフィユ,000a0120d8,Storm Cat,000a001a98,橋元勇氣,千代田牧場,789.3,2001.0,2005.0,1983.0
2018103888,シントーネネ,牝,三小田幸,,パイロ,000a01176a,デザートチャーム,2007102716,Dubai Destination,000a010a60,桑原一樹,静内山田牧場,787.5,2005.0,2007.0,1999.0
2018106363,グロリアスルカ,牡,田中淳司,,グロリアスノア,2006100429,プレッピー,2009100589,タニノギムレット,1999100226,高野葉子,辻牧場,787.0,2006.0,2009.0,1999.0
2018106200,メイショウヒゾッコ,牝,石橋守,,ハービンジャー,000a011996,メイショウデイム,2007101565,マンハッタンカフェ,1998101554,松本好雄,太陽牧場,787.0,2006.0,2007.0,1998.0
2018101794,タカラネイビー,牡,米田英世,,エイシンフラッシュ,2007102951,タカラフローリック,2011104282,マンハッタンカフェ,1998101554,村山義男,大栄牧場,787.0,2007.0,2011.0,1998.0
2018100865,アリスパレス,牝,伊藤強一,,シビルウォー,2005102317,ウルビーノ,2007100885,ワイルドラッシュ,000a0003a1,安部恵介,野島牧場,786.4,2005.0,2007.0,1994.0
2018102810,ユニコーン,牡,千葉幸喜,,ドゥラメンテ,2012104511,フュージョン,2008101002,クロフネ,1998110135,楊明翰,本桐牧場,785.4,2012.0,2008.0,1998.0
2018105817,ロジネイア,牝,古賀慎明,,エピファネイア,2010104155,パンデリング,2014106100,キングカメハメハ,2001103460,久米田正明,レイクヴィラファーム,785.0,2010.0,2014.0,2001.0
2018102868,レオワントップ,牡,岡林光浩,,メイショウサムソン,2003102205,スパイシーソース,000a010a9c,Storm Cat,000a001a98,田中博之,三石川上牧場,783.0,2003.0,1999.0,1983.0
2018105218,アウトストラーダ,牡,藤田正治,,ジャスタウェイ,2009106461,フィエラメンテ,2008103289,タニノギムレット,1999100226,小橋亮太,ノーザンファーム,782.8,2009.0,2008.0,1999.0
2018104109,リュウノクララ,牝,山口浩幸,,クリーンエコロジー,2008100563,フォルテシモ,2010102940,ディープインパクト,2002100816,蓑島竜一,千代田牧場,782.5,2008.0,2010.0,2002.0
2018105916,フォーギブネス,牡,平山真希,,エイシンヒカリ,2011101273,エイシントパーズ,2011105585,アドマイヤムーン,2003102991,松本光弘,栄進牧場,782.0,2011.0,2011.0,2003.0
2018105468,アルーリングギフト,牡,藤岡健一,,オルフェーヴル,2008102636,アルーリングボイス,2003102704,フレンチデピュティ,000a00013a,サンデーレーシング,社台コーポレーション白老ファーム,782.0,2008.0,2003.0,1992.0
2018102603,フリブール,牝,水上直人,,ロードカナロア,2008103552,レジデンス,2014101083,ケープブランコ,000a011b06,長橋秀雄,ケイアイファーム,781.5,2008.0,2014.0,2007.0
2018105030,スノーハレーション,牝,金成貴史,,ディープインパクト,2002100816,ココシュニック,2005102526,クロフネ,1998110135,レッドマジック,ノーザンファーム,781.0,2002.0,2005.0,1998.0
2018100772,ハイライフ,牝,茂崎正善,,バトルプラン,000a0118e8,ルシアンネイル,2012103643,タニノギムレット,1999100226,藤原裕和,ディアレストクラブ,780.2,2005.0,2012.0,1999.0
2018109127,シーフードパイセン,牡,真島元徳,,ラブイズブーシェ,2009101075,アヴェニューズレディ,000a010ac5,Avenue of Flags,000a00217e,山下良子,本田土寿,780.0,2009.0,2001.0,1988.0
2018103193,バシリッサ,牝,井樋一也,,セレン,2005105680,ラティエラ,2004105693,スキャターザゴールド,000a000d99,小橋亮太,鮫川啓一,779.5,2005.0,2004.0,1997.0
2018102577,シーロンシャン,牝,和田勇介,,ロードカナロア,2008103552,キープセイク,2013110002,Sea The Stars,000a011c78,ロードホースクラブ,ケイアイファーム,779.0,2008.0,2013.0,2006.0
2018101805,シンゼンミラクル,セ,手島勝利,,ホッコータルマエ,2009100921,ジーエスレインボー,2001106110,トーヨーレインボー,1994109681,吉田勝利,大作ステーブル,778.0,2009.0,2001.0,1994.0
2018105368,ベストシンガー,牝,堀宣行,,ロードカナロア,2008103552,レッドラヴィータ,2011103966,スペシャルウィーク,1995103211,石川達絵,ノーザンファーム,777.0,2008.0,2011.0,1995.0
2018103048,ノームストリーム,牡,武市康男,,マジェスティックウォリアー,000a011e9c,ゴールドレリック,000a010b5e,Kingmambo,000a001d7e,水上ふじ子,笠松牧場,777.0,2005.0,2001.0,1990.0
2018100599,グランクエント,牡,稲益貴弘,,ベルシャザール,2008103004,マスターゾロアーク,2008105373,スニッツェル,000a010eaa,宮川保,高山博,777.0,2008.0,2008.0,2002.0
2018105547,フォルトゥナータ,牝,川田孝好,,ミッキーアイル,2011103916,フォルテピアノ,2003102840,フレンチデピュティ,000a00013a,高野英彦,社台コーポレーション白老ファーム,776.0,2011.0,2003.0,1992.0
2018106370,タケショウワンダー,牡,山本学,,ダンカーク,000a012185,サダムルーティン,2012105833,ハーツクライ,2001103038,ナイト商事,天馬杵臼牧場,775.9,2006.0,2012.0,2001.0
2018100554,マレフィセント,牝,今津博之,,クロフネ,1998110135,メリーウェザー,2010103605,メジロベイリー,1998101457,各務正人,シンボリ牧場,775.7,1998.0,2010.0,1998.0
2018103089,スマートシエル,牝,九日俊光,,オルフェーヴル,2008102636,スマートオランプ,2014104835,キングズベスト,000a0022d2,酒井孝敏,桑田牧場,775.0,2008.0,2014.0,1997.0
2018100601,シンシアハート,牝,宇野木博,,スウェプトオーヴァーボード,000a00fa34,クリアソウル,2006101198,アグネスデジタル,1997110025,朝比奈鉄工所（株）,高山牧場,775.0,1997.0,2006.0,1997.0
2018103227,マイネルデルフト,セ,三小田幸,,プリサイスエンド,000a00fe9b,パールイアリング,2009101170,スペシャルウィーク,1995103211,西村健,大北牧場,772.9,1997.0,2009.0,1995.0
2018103117,カネトシディーバ,牝,高橋康之,,トーセンジョーダン,2006103169,カネトシディザイア,1999106882,フジキセキ,1992109618,兼松昌男,高昭牧場,772.6,2006.0,1999.0,1992.0
2018102466,ファストトラベル,牝,浜田一夫,,ネオユニヴァース,2000101426,シンクオブミー,2008105488,スターリングローズ,1997106560,馬場信一,沖田忠幸,772.1,2000.0,2008.0,1997.0
2018102444,マテンロウスタイル,牡,昆貢,,ハーツクライ,2001103038,ファーストナイナー,2004101088,フォーティナイナー,000a000134,寺田千代乃,猪野毛牧場,770.0,2001.0,2004.0,1985.0
2018101664,レスポンデール,牡,高月賢一,,アポロキングダム,2003110139,ヴィーナスゴスペル,2006105470,スペシャルウィーク,1995103211,山口裕介,佐藤静子,770.0,2003.0,2006.0,1995.0
2018103660,シャルマンシェリー,牝,真島元徳,,エスポワールシチー,2005102837,シャルマンヒロイン,2013104085,キングカメハメハ,2001103460,橋本政信,カタオカファーム,769.5,2005.0,2013.0,2001.0
2018106182,トウカイキュニスカ,牝,山田義人,,ダンカーク,000a012185,トウカイポプリ,2005105314,タイキシャトル,1994109686,宇都宮智治,松栄牧場,769.4,2006.0,2005.0,1994.0
2018106817,キュアグローリー,牝,矢野義幸,,トゥザグローリー,2007103265,メグリ,2007104224,フジキセキ,1992109618,木谷ツヤ,川上牧場,768.0,2007.0,2007.0,1992.0
2018105300,ロジモーリス,牝,国枝栄,,モーリス,2011100655,メチャコルタ,000a013924,El Corredor,000a010238,久米田正明,ノーザンファーム,768.0,2011.0,2012.0,1997.0
2018100399,サンライズボルト,牡,山崎裕也,,ディープブリランテ,2009105084,シーガルサリー,2004105647,フレンチデピュティ,000a00013a,上手健太郎,下河辺牧場,768.0,2009.0,2004.0,1992.0
2018100278,クラフェニックス,牝,藤原智行,,ストロングリターン,2006102934,クラフィンライデン,2006105348,ワカオライデン,1981100841,倉見利弘,倉見牧場,767.5,2006.0,2006.0,1981.0
2018105501,エイスオーシャン,牡,池江泰寿,,ディープインパクト,2002100816,ゴールデンドックエー,000a011a45,Unusual Heat,000a0118fe,サンデーレーシング,社台コーポレーション白老ファーム,767.0,2002.0,2005.0,1990.0
2018100716,アスクスタイルマン,牡,矢作芳人,,ハーツクライ,2001103038,キングスミール,2001103376,Theatrical,000a001bed,廣崎利洋ＨＤ,チャンピオンズファーム,767.0,2001.0,2001.0,1982.0
2018104067,グロワールミノル,牡,山田義人,,リオンディーズ,2013105915,サトノジュエル,2009103846,アグネスタキオン,1998101516,上岡和男,千代田牧場,766.9,2013.0,2009.0,1998.0
2018105001,アンジュマリッシュ,牝,上村洋行,,ノヴェリスト,000a012230,ギーニョ,2003102952,サンデーサイレンス,000a00033a,サンデーレーシング,ノーザンファーム,766.0,2009.0,2003.0,1986.0
2018102110,ピュアエール,牝,松永康利,,トゥザワールド,2011103975,ピュアドリーム,2002102339,オース,000a000d94,ビッグレッドファーム,ヒカル牧場,764.8,2011.0,2002.0,1996.0
2018100140,テルミー,牝,佐々木由,,エスケンデレヤ,000a012cc0,イエスプリーズ,2004105362,スペシャルウィーク,1995103211,シグラップ・マネジメ,沖田牧場,764.6,2007.0,2004.0,1995.0
2018102231,トラストドーベル,牝,高橋文雅,,オルフェーヴル,2008102636,フェアリーバニヤン,2003100823,Honour and Glory,000a002072,菅波雅巳,松浦牧場,764.0,2008.0,2003.0,1993.0
2018101426,マナラズベリー,牝,笹野博司,,カジノドライヴ,2005110112,ユーセイクインサー,2010100266,タイムパラドックス,1998101683,（同）ＭＩＲＡＩ,アサヒ牧場,763.6,2005.0,2010.0,1998.0
2018104442,ケイアイマヌカ,牡,平松徳彦,,マツリダゴッホ,2003104570,アンドモアアゲイン,000a0117d2,Distorted Humor,000a0022ea,田中順二,松田牧場,763.0,2003.0,2004.0,1993.0
2018104780,ミエノベルル,牡,石橋満,,エピファネイア,2010104155,ベルルミエール,2011104391,スウェプトオーヴァーボード,000a00fa34,里見治,社台ファーム,761.0,2010.0,2011.0,1997.0
2018101406,ブルーダイヤ,牝,小笠倫弘,,モーリス,2011100655,ネオイリュージョン,2006103384,ネオユニヴァース,2000101426,古川智洋,秋田牧場,761.0,2011.0,2006.0,2000.0
2018101303,ノアムサシ,牡,川野勇馬,,ゴールドアリュール,1999106689,ノアスカーレット,2007102173,キングカメハメハ,2001103460,佐山公男,スガタ牧場,761.0,1999.0,2007.0,2001.0
2018103429,ジョブックルーチェ,牝,櫻井拓章,,ダイワメジャー,2001103114,カルトマリーヌ,2007100433,クロフネ,1998110135,森本研太,池田スタッド,760.3,2001.0,2007.0,1998.0
2018106168,サプライズギフト,牝,川島豊,,スクリーンヒーロー,2004103328,マイネランデブー,2005105511,アグネスデジタル,1997110025,伊勢光,笹島智則,760.2,2004.0,2005.0,1997.0
2018101639,ウインカンターレ,牝,永田幸宏,,ダノンシャンティ,2007105709,サマーソング,2007104925,ロージズインメイ,000a010a10,小野寺悠太,コスモヴューファーム,760.1,2007.0,2007.0,2000.0
2018105195,ネグローニ,牝,小林真也,,ドゥラメンテ,2012104511,ヒッピー,000a013a11,ムータティール,1995190002,亀井哲也,ノーザンファーム,760.0,2012.0,2008.0,1995.0
2018101884,ダイヤマリー,牡,中西達也,,メイショウボーラー,2001100650,ショウナンカグラ,2001107800,アジュディケーティング,000a000d5d,西森三智代,中地義次,758.5,2001.0,2001.0,1987.0
2018101816,ボムブラスト,牡,寺地誠一,,ジャングルポケット,1998101786,モエレサンタマリア,2007103745,ゴールドヘイロー,1997101264,小橋亮太,大作ステーブル,758.2,1998.0,2007.0,1997.0
2018105170,グランデモナルカ,牡,奥村武,,ロードカナロア,2008103552,ネオヴィクトリア,2010104257,ディープインパクト,2002100816,サンデーレーシング,ノーザンファーム,758.0,2008.0,2010.0,2002.0
2018100142,ピンクローズ,牝,宇野木博,,ローズキングダム,2007103404,オリヅル,2007105326,クロフネ,1998110135,大塚勝広,沖田牧場,758.0,2007.0,2007.0,1998.0
2018100710,ソルティエラ,牝,尾形和幸,,エピファネイア,2010104155,アンチャン,2013105370,ゼンノロブロイ,2000101517,服部統祥,チャンピオンズファーム,753.0,2010.0,2013.0,2000.0
2018106297,ジーノカロリーナ,牝,田中譲二,,マジェスティックウォリアー,000a011e9c,ベッロカリーノ,2006103320,キングカメハメハ,2001103460,西森功,大道牧場,752.5,2005.0,2006.0,2001.0
2018105310,ロングテール,牡,加藤和宏,,Zoffany,000a012701,ユードントラヴミー,000a013e3d,Teofilo,000a01139e,（株）ファーストビジ,ノーザンファーム,752.3,2008.0,2009.0,2004.0
2018100651,イフィゲニア,牝,角田晃一,,エピファネイア,2010104155,エヴァモア,000a0127f6,Dansili,000a010a5f,ゴドルフィン,ダーレー・ジャパン・ファーム,751.0,2010.0,2010.0,1996.0
2018104735,ピエナレモン,牡,細川忠義,,ノヴェリスト,000a012230,ピエナヴィブレ,2007102982,クロフネ,1998110135,酒井孝敏,社台ファーム,750.9,2009.0,2007.0,1998.0
2018106518,スマートブリーズ,セ,頼本盛行,,ロードカナロア,2008103552,スマートオーシャン,2008110033,Mr. Greeley,000a00213e,小橋亮太,三嶋牧場,750.2,2008.0,2008.0,1992.0
2018110144,ローズエンペラー,牡,池江泰寿,,Medaglia d'Oro,000a010a65,Arch Support,000a017969,Arch,000a0021b7,キーファーズ,Lee Pokoik,750.0,1999.0,2008.0,1995.0
2018105568,ベリエドール,牡,池江泰寿,,モーリス,2011100655,ラルシュドール,2009106562,シンボリクリスエス,1999110099,社台レースホース,社台コーポレーション白老ファーム,750.0,2011.0,2009.0,1999.0
2018104097,サマーカナロア,セ,昆貢,,ロードカナロア,2008103552,ノブクィーン,2007109144,シンボリクリスエス,1999110099,前田亘輝,千代田牧場,750.0,2008.0,2007.0,1999.0
2018102859,コマンダンテ,セ,吉村圭司,,グランプリボス,2008103388,トーホウフローラ,2002110091,Vicar,000a00ff42,岡田牧雄,水丸牧場,750.0,2008.0,2002.0,1996.0
2018101983,ズールウォリアー,牡,畠山信一,,マジェスティックウォリアー,000a011e9c,クインズメンテ,2012100558,ゼンノロブロイ,2000101517,鈴木雅俊,新冠橋本牧場,750.0,2005.0,2012.0,2000.0
2018106300,スターレイジング,牡,加藤誠一,,ノヴェリスト,000a012230,メイユーブルーム,2005102650,ダンスインザダーク,1993109188,三浦勝仁,大道牧場,749.5,2009.0,2005.0,1993.0
2018104388,アップメイヒメ,牝,井手上慎,,フリオーソ,2004106867,ホマレエイカン,2008100916,ステイゴールド,1994108729,田口順子,へいはた牧場,749.5,2004.0,2008.0,1994.0
2018101095,ソウマトウ,牝,細川忠義,,トランセンド,2006104736,リシャールサーバー,2011100918,フサイチリシャール,2003102955,酒井孝敏,槇本牧場,749.0,2006.0,2011.0,2003.0
2018105951,エイシンピナクル,牝,頼本盛行,,フェノーメノ,2009106599,エーシンセノーテ,2010102109,フレンチデピュティ,000a00013a,大黒富美子,栄進牧場,748.3,2009.0,2010.0,1992.0
2018104077,グリュレーヴ,牝,佐々木晶,,キズナ,2010105827,スターオブサファイア,000a011e09,Tapit,000a011248,飯田正剛,千代田牧場,748.0,2010.0,2007.0,2001.0
2018102448,マイブリュージュ,牝,盛本信春,,シニスターミニスター,000a011099,クリスタルボイス,2012102195,キングカメハメハ,2001103460,小関昭次,上村清志,748.0,2003.0,2012.0,2001.0
2018102377,サウンドブレイズ,牡,平山宏秀,,パイロ,000a01176a,ゴールドマッシモ,2007101541,ネオユニヴァース,2000101426,角田喜継,守矢牧場,747.7,2005.0,2007.0,2000.0
2018104286,ルヴィアス,牡,後藤佑耶,,ヴァンセンヌ,2009106525,ロメラ,2007105251,サクラバクシンオー,1989108341,小泉修,原田久司,747.6,2009.0,2007.0,1989.0
2018105902,エイシンシンクロ,牡,東美義,,エイシンフラッシュ,2007102951,エイシンオキザリス,2000110096,サンデーサイレンス,000a00033a,（同）ＪＰＮ技研,栄進牧場,747.4,2007.0,2000.0,1986.0
2018106797,シバノトロフェオ,牡,宇野木博,,キズナ,2010105827,アンキャニー,2010106308,アグネスタキオン,1998101516,柴一男,パカパカファーム,747.0,2010.0,2010.0,1998.0
2018106249,ホットストリーク,牡,田中範雄,,プリサイスエンド,000a00fe9b,タイセイプロバブル,2006103028,Mr. Greeley,000a00213e,グリーンファーム,谷川牧場,745.2,1997.0,2006.0,1992.0
2018100321,ビクトリーカノン,牡,佐藤敏彦,,ゼンノロブロイ,2000101517,クラシックセーラ,2011102291,キングカメハメハ,2001103460,白井慎一,坂戸節子,744.9,2000.0,2011.0,2001.0
2018104786,ライラテソーロ,牡,加藤和宏,,ミッキーアイル,2011103916,マイジェン,000a0120d2,Fusaichi Pegasus,000a0022cf,（株）ファーストビジ,社台ファーム,744.3,2011.0,2007.0,1997.0
2018106891,ダイスギミッチー,牡,田辺陽一,,ノヴェリスト,000a012230,ハシルヨアカルク,2011101357,ディープインパクト,2002100816,茂木国久,大道牧場,743.0,2009.0,2011.0,2002.0
2018105211,ブラックアリエス,セ,倉地学,,カレンブラックヒル,2009106230,ピンクアリエス,2007103297,キングカメハメハ,2001103460,西村健,ノーザンファーム,741.4,2009.0,2007.0,2001.0
2018105359,オルディノ,牝,川島正一,,キンシャサノキセキ,2003110212,レジェンドトレイル,2003102931,フレンチデピュティ,000a00013a,吉田勝己,ノーザンファーム,740.0,2003.0,2003.0,1992.0
2018103182,ナリタブルホーク,牡,橋本忠明,,ロードカナロア,2008103552,オースミハルカ,2000100459,フサイチコンコルド,1993109220,（株）オースミ,鮫川啓一,740.0,2008.0,2000.0,1993.0
2018101216,クリノパイソン,セ,蛯名利弘,,スマートファルコン,2005100097,モエレエターナル,2006103788,ゴールドヘイロー,1997101264,栗本博晴,横井哲,740.0,2005.0,2006.0,1997.0
2018101711,ナンノコレシキ,牝,佐藤祐司,,トゥザワールド,2011103975,ツヨイキモチ,2007103017,シンボリクリスエス,1999110099,森田徹,スカイビーチステーブル,739.0,2011.0,2007.0,1999.0
2018102601,ロードエルピス,セ,池田忠好,,マジェスティックウォリアー,000a011e9c,ルアンジュ,2012102296,マンハッタンカフェ,1998101554,小菅誠,ケイアイファーム,738.6,2005.0,2012.0,1998.0
2018104252,キラットアラシ,牝,堀千亜樹,,サウスヴィグラス,1996110138,テツナゴオ,2010103891,ハーツクライ,2001103038,小林祐介,服部牧場,738.5,1996.0,2010.0,2001.0
2018102409,アヴォカド,牝,新子雅司,,エスポワールシチー,2005102837,アップライジング,2011100604,コマンズ,000a011625,会田裕一,芳住鉄兵,738.5,2005.0,2011.0,1996.0
2018106127,エメラルスマイル,牝,佐々木清,,フェノーメノ,2009106599,シーソング,2004101905,コマンダーインチーフ,000a0000b0,高橋勉,金成吉田牧場,737.5,2009.0,2004.0,1990.0
2018100656,アナマリー,牝,三小田幸,,パイロ,000a01176a,カオール,2011100591,コマンズ,000a011625,鶴俊邦,ダーレー・ジャパン・ファーム,735.0,2005.0,2011.0,1996.0
2018103486,ジョット,牡,森山英雄,,ロージズインメイ,000a010a10,キアラ,2006103973,ステイゴールド,1994108729,海谷幸司,岡田スタッド,733.9,2000.0,2006.0,1994.0
2018106799,アシュラム,牡,関本浩司,,キズナ,2010105827,カメリアローズII,000a012506,Oratorio,000a010d4e,谷正之,パカパカファーム,733.5,2010.0,2008.0,2002.0
2018102755,ホワイトプレインズ,牡,高月賢一,,サウスヴィグラス,1996110138,フーリン,2009102101,ダイワメジャー,2001103114,（株）ＢＺＨＯＬＤＩ,原口牧場,733.5,1996.0,2009.0,2001.0
2018106195,モズザベスト,牝,迫田清美,,グランプリボス,2008103388,ボンベイダック,2008104877,ディープインパクト,2002100816,蟹江知彦,惣田英幸,733.2,2008.0,2008.0,2002.0
2018101781,モンゲーサクラ,牝,上杉昌宏,,メイショウボーラー,2001100650,テイクマイアイズ,2004103263,アグネスタキオン,1998101516,須山悟至,タニグチ牧場,733.0,2001.0,2004.0,1998.0
2018100170,アポロハクジャ,牝,的場均,,アポロソニック,2010110120,ツクバビューティ,2011103498,ゼンノロブロイ,2000101517,中島俊房,奥山博,732.0,2010.0,2011.0,2000.0
2018101688,マナバレンシア,牝,齊藤敏,,トゥザワールド,2011103975,キヌガサアジュディ,2002101638,アジュディケーティング,000a000d5d,佐藤弘樹,シンカンファーム,731.2,2011.0,2002.0,1987.0
2018102165,レースアルカーナ,牝,三宅直之,,ゴールドシップ,2009102739,マイネソーサリス,2001103935,ブライアンズタイム,000a000082,（株）ファーストビジ,ビッグレッドファーム,731.1,2009.0,2001.0,1985.0
2018100405,エアリエル,牝,菅原右吉,,リオンディーズ,2013105915,ストリートスタイル,2005103162,アドマイヤベガ,1996107396,後藤順男,下河辺牧場,730.7,2013.0,2005.0,1996.0
2018103468,チャーチャンテン,牝,迫田清美,,リーチザクラウン,2006102923,ラゴディラゴライ,2010104158,Pure Prize,000a011252,田頭勇貴,大滝康晴,730.5,2006.0,2010.0,1998.0
2018103601,ナリタサフラン,牝,西村守幸,,ディスクリートキャット,000a0113a1,ナリタジューン,2003106389,フジキセキ,1992109618,組）オールザベスト組,岡田牧場,730.3,2003.0,2003.0,1992.0
2018105985,エイシンイシュタル,牝,矢作芳人,,スクリーンヒーロー,2004103328,マーゼリン,000a011a9c,Barathea,000a000054,平井克彦,栄進牧場,730.0,2004.0,2004.0,1990.0
2018104186,シントートラノスケ,牡,武井和実,,ルースリンド,2001106791,ジュンナカヤマ,2012105024,タイキシャトル,1994109686,山邉浩,西村牧場,730.0,2001.0,2012.0,1994.0
2018103411,ショウナンアイビー,牡,清水久詞,,トゥザワールド,2011103975,ダイストウショウ,2010103063,サクラバクシンオー,1989108341,国本哲秀,秋田育成牧場,730.0,2011.0,2010.0,1989.0
2018106450,ブランメイユール,牝,加藤和義,,ディスクリートキャット,000a0113a1,メイユール,2009105835,ハーツクライ,2001103038,矢内卓人,信岡牧場,729.8,2003.0,2009.0,2001.0
2018106578,リパリス,牝,井樋一也,,キンシャサノキセキ,2003110212,トップコマチ,2005106501,テイエムオペラオー,1996100292,村上稔,宮内牧場,727.4,2003.0,2005.0,1996.0
2018103428,ブリクシア,牡,金田一昌,,トランセンド,2006104736,レヴェトン,2005110035,Malibu Moon,000a010c8e,谷口祐人,荒谷輝和,727.0,2006.0,2005.0,1997.0
2018102160,フォクシーレディ,牝,高木登,,ディープインパクト,2002100816,マイネシャローナ,2002103588,コマンダーインチーフ,000a0000b0,サラブレッドクラブ・ラフィアン,ビッグレッドファーム,726.0,2002.0,2002.0,1990.0
2018104494,ハシュマル,牝,徳本慶一,,ベーカバド,000a011dc0,サクラメガマックス,2004104498,クロフネ,1998110135,遠藤喜和,山田牧場,725.5,2007.0,2004.0,1998.0
2018101432,メイプルエルガー,牡,大山寿文,,ラブリーデイ,2010104298,メイプルチャンス,2011101977,アドマイヤムーン,2003102991,節ひかる,安達洋生,724.0,2010.0,2011.0,2003.0
2018101084,ヤマショウリアン,牡,工藤裕孝,,シンボリクリスエス,1999110099,テレフォトグラフ,2009103061,ハーツクライ,2001103038,遠藤正廣,槇本牧場,724.0,1999.0,2009.0,2001.0
2018102490,ライブリーキング,セ,石橋守,,ダノンシャンティ,2007105709,ジャックカガヤキ,1997101271,デインヒル,000a0000d1,加藤哲郎,小野秀治,722.0,2007.0,1997.0,1986.0
2018106853,アークエンジェル,牡,武井和実,,ディスクリートキャット,000a0113a1,アグネスエンジェル,2012104113,ホワイトマズル,1990109700,ＡＨＣ（株）,笹地牧場,719.5,2003.0,2012.0,1990.0
2018104398,ランダムストーリー,牝,櫻田浩樹,,ブラックタイド,2001103312,クノッソス,2002110237,エルナンド,1990109706,中尾勝,真歌田中牧場,719.4,2001.0,2002.0,1990.0
2018101056,ヌーベルアヴニール,牡,原口次夫,,ベルシャザール,2008103004,アルテミスターキン,2001104683,ジョリーズヘイロー,000a0001aa,伊藤裕章,前川義則,719.4,2008.0,2001.0,1987.0
2018104540,ウエイトジャッジ,牡,米田英世,,ダイワメジャー,2001103114,ヴェイルドクリス,2005102348,シンボリクリスエス,1999110099,村上卓史,社台ファーム,719.0,2001.0,2005.0,1999.0
2018100385,ハナウタマジリ,牝,伊藤勝好,,ロージズインメイ,000a010a10,カクシアジ,2011100360,スウェプトオーヴァーボード,000a00fa34,（有）ホースケア,下河辺牧場,718.6,2000.0,2011.0,1997.0
2018110074,メリオダス,牡,桜井拓章,,Uncle Mo,000a011ffb,Fifty Foot Woman,000a014a57,Giant's Causeway,000a0022e1,松下祐也,Fred W. Hertrich 111 & John D. Fielding,718.0,2008.0,2012.0,1997.0
2018106827,カガヤキ,牝,山中尊徳,,ホッコータルマエ,2009100921,インディストラーダ,2006102733,マンハッタンカフェ,1998101554,今井優,ヤスナカファーム,718.0,2009.0,2006.0,1998.0
2018103354,マイネルアミスター,牡,古賀慎明,,ミッキーアイル,2011103916,クリノクロフネ,2009101317,クロフネ,1998110135,サラブレッドクラブ・ラフィアン,丸村村下ファーム,717.0,2011.0,2009.0,1998.0
2018103141,カネトシバレンシア,牝,飯田祐史,,ノヴェリスト,000a012230,フェザーレイ,2001103318,エルコンドルパサー,1995108742,兼松昌男,高昭牧場,717.0,2009.0,2001.0,1995.0
2018102299,アジアフェニックス,牡,雑賀正光,,アジアエクスプレス,2011110091,メイクアミラクル,2009105296,ファスリエフ,000a00fc4c,中野幸一,村上欽哉,717.0,2011.0,2009.0,1997.0
2018101496,クリスタルローレル,牡,山崎尋美,,ホッコータルマエ,2009100921,ヒメスズラン,2011104597,ゴールドアリュール,1999106689,岡田和惠,大狩部牧場,717.0,2009.0,2011.0,1999.0
2018105207,ヴァンデスプワール,牝,九日俊光,,モーリス,2011100655,ピュアブリーゼ,2008103279,Monsun,000a010db6,山邉浩,ノーザンファーム,716.6,2011.0,2008.0,1990.0
2018100565,アスターベルデ,牝,中竹和也,,ハービンジャー,000a011996,アスターヒューモア,2008110126,More Than Ready,000a00fcdd,加藤久枝,スマイルファーム,716.0,2006.0,2008.0,1997.0
2018106353,ヘネラリーフェ,牝,前川恭子,,ドゥラメンテ,2012104511,トーコーヴィオラ,2010104090,ディープインパクト,2002100816,森田和豊,辻牧場,715.0,2012.0,2010.0,2002.0
2018106118,ユキプロスパー,牡,角田輝也,,アラムシャー,000a00fdab,オムスビ,2011105708,オレハマッテルゼ,2000101550,清水敬央,木村牧場,714.5,2000.0,2011.0,2000.0
2018100423,アイリーライフ,牝,後藤佑耶,,ヘニーヒューズ,000a011155,ピサノキャニオン,2000105993,サンデーサイレンス,000a00033a,ＹＧＧホースクラブ,下河辺牧場,714.0,2003.0,2000.0,1986.0
2018102563,クロスオブドリーム,牡,山田信大,,ドゥラメンテ,2012104511,フレンチサマー,2008102653,フレンチデピュティ,000a00013a,西村健,グローリーファーム,712.5,2012.0,2008.0,1992.0
2018103852,インパルスベルン,牡,鈴木義久,,ホッコータルマエ,2009100921,ムーンフライト,2011104163,アドマイヤムーン,2003102991,四本昭弘,静内白井牧場,712.0,2009.0,2011.0,2003.0
2018103433,ラビオンアスール,牡,藤ヶ崎一,,エイシンフラッシュ,2007102951,ルネッタアスール,2009105867,ロージズインメイ,000a010a10,山野雄,石川栄一,711.7,2007.0,2009.0,2000.0
2018106757,グランニコラシカ,牡,平和人,,ヘニーヒューズ,000a011155,エムヴォワール,2008104999,ダンスインザダーク,1993109188,酒井孝敏,北星村田牧場,710.5,2003.0,2008.0,1993.0
2018104858,レッドエタニティ,牡,寺島良,,エピファネイア,2010104155,レッドラミア,2012104402,ディープインパクト,2002100816,東京ホースレーシング,社台ファーム,710.0,2010.0,2012.0,2002.0
2018103858,ショウナンカホウ,牡,国枝栄,,メイショウサムソン,2003102205,ショウナンアイ,2012110081,Northern Afleet,000a010a96,国本哲秀,静内ファーム,710.0,2003.0,2012.0,1993.0
2018102296,ドナテッラ,牝,加藤征弘,,ロードカナロア,2008103552,フェニーチェ,2009106097,ファルブラヴ,1998190004,ローレルレーシング,村上欽哉,710.0,2008.0,2009.0,1998.0
2018101386,スペースフライト,セ,佐々木晶,,キズナ,2010105827,シャインプレジャー,2006101193,アグネスデジタル,1997110025,前田晋二,船越伸也,710.0,2010.0,2006.0,1997.0
2018100499,ゲノム,牡,高柳大輔,,ハクサンムーン,2009102527,ローカス,1998101773,トニービン,1983109006,今村明浩,白井牧場,710.0,2009.0,1998.0,1983.0
2018101349,シゲルシャイン,牡,九日俊光,,ディスクリートキャット,000a0113a1,サウスキャロライナ,2012104506,ステイゴールド,1994108729,森中蕃,坂東牧場,709.0,2003.0,2012.0,1994.0
2018103426,ユアーザキング,牡,高本友芳,,アポロソニック,2010110120,サイキョウロマン,1997103464,サンデーサイレンス,000a00033a,織田洋介,荒谷輝和,708.9,2010.0,1997.0,1986.0
2018102420,ジークガンビット,牡,林正人,,マジェスティックウォリアー,000a011e9c,パイライトパワー,2009104774,ケイムホーム,000a0108d1,（有）エッジ,ラッキー牧場,708.0,2005.0,2009.0,1999.0
2018103286,ダバイラードゥガ,牝,坂本昇,,ホッコータルマエ,2009100921,ニュースター,2008102180,プリサイスエンド,000a00fe9b,（株）本城,中山牧場,707.5,2009.0,2008.0,1997.0
2018110031,ロングボウマン,牡,池上昌和,,Nathaniel,000a011bdb,Crecy,000a014905,Refuse to Bend,000a010bac,ゴドルフィン,Crecy Partnership,707.0,2008.0,2009.0,2000.0
2018105295,ピーニャ,牡,中内田充,,キングカメハメハ,2001103460,ムードインディゴ,2005102182,ダンスインザダーク,1993109188,金子真人ホールディングス,ノーザンファーム,707.0,2001.0,2005.0,1993.0
2018104342,シャトワイエー,牝,石井勝男,,カレンブラックヒル,2009106230,ブリリン,2006101513,タイキシャトル,1994109686,竹内利子,フジワラファーム,706.0,2009.0,2006.0,1994.0
2018106849,ラブリーテン,牝,徳本慶一,,ラブリーデイ,2010104298,ピサノパスティーユ,2001103848,サンデーサイレンス,000a00033a,組）オールザベスト組,ダイヤモンドファーム,705.6,2010.0,2001.0,1986.0
2018104300,サブノドリーム,牝,堀千亜樹,,サウスヴィグラス,1996110138,サブノイナズマ,2005100884,カコイーシーズ,1986109001,中川三郎,藤沢牧場,705.5,1996.0,2005.0,1986.0
2018100429,ブルーキュラソー,牝,荒山勝徳,,ホッコータルマエ,2009100921,ブルーチッパー,2010100503,ボーナスフィーバー,2003110072,青山洋一,下河辺牧場,704.0,2009.0,2010.0,2003.0
2018100211,コウユープリティー,牝,中道啓二,,フェノーメノ,2009106599,コウユーキズナ,2004106348,ティンバーカントリー,000a00035e,加治屋貞光,カロッテファーム,704.0,2009.0,2004.0,1992.0
2018105250,ヘアケイリー,牝,中内田充,,ディープインパクト,2002100816,ヘアキティー,000a01294b,Wildcat Heir,000a011b14,シルクレーシング,ノーザンファーム,702.0,2002.0,2010.0,2000.0
2018105127,ディアマンテール,牡,国枝栄,,ドゥラメンテ,2012104511,ダイヤモンドディーバ,000a0117f6,Dansili,000a010a5f,サンデーレーシング,ノーザンファーム,702.0,2012.0,2004.0,1996.0
2018102662,ココリカレドニアン,牝,北野真弘,,マジェスティックウォリアー,000a011e9c,シャラントレディ,2007103176,フジキセキ,1992109618,美崎光二郎,タガミファーム,701.8,2005.0,2007.0,1992.0
2018101364,ビービーダルク,牝,藪口一麻,,スマートファルコン,2005100097,ビービーラッハーン,2007105622,シンボリクリスエス,1999110099,佐藤良二,坂東牧場,701.2,2005.0,2007.0,1999.0
2018102325,スターオブフェアー,牝,安田武広,,ジョーカプチーノ,2006100529,フェアノータム,2003102754,アグネスタキオン,1998101516,島田剛,ムラカミファーム,701.1,2006.0,2003.0,1998.0
2018100755,ポンフー,牡,織田誠,,ルーラーシップ,2007103143,シンジュボシ,2010104871,ダイワメジャー,2001103114,シグラップ・マネジメ,ディアレストクラブ,700.3,2007.0,2010.0,2001.0
2018101719,エガオガキュート,牝,矢野久美,,トゥザワールド,2011103975,バーラプレッタ,2004100377,Grand Slam,000a0022b9,矢野龍一,須崎牧場,700.1,2011.0,2004.0,1995.0
2018110124,ロシアンサモワール,牝,松永幹夫,,American Pharoah,000a012aad,Megalicious,000a01794e,Songandaprayer,000a01069b,吉田和美,Zayat Stables LLC,700.0,2012.0,2006.0,1998.0
2018106897,マルティウス,牡,石川浩文,,ドゥラメンテ,2012104511,アンシャンテルール,2008106728,キングヘイロー,1995104427,太田勝久,川上牧場,700.0,2012.0,2008.0,1995.0
2018105563,リリアンフェルス,牝,安田翔伍,,ダイワメジャー,2001103114,ユールフェスト,2009110091,More Than Ready,000a00fcdd,キャロットファーム,社台コーポレーション白老ファーム,700.0,2001.0,2009.0,1997.0
2018105248,カフェカエサル,牡,堀宣行,,ラブリーデイ,2010104298,プロミネント,2004103014,タイキシャトル,1994109686,西川光一,ノーザンファーム,700.0,2010.0,2004.0,1994.0
2018105191,ムーンティアーズ,牝,中川公成,,Kendargent,000a0126fd,パーリーアヴェニュー,000a013e3c,Anabaa,000a0022e2,キャロットファーム,ノーザンファーム,700.0,2003.0,2010.0,1992.0
2018104532,ムーンビード,牝,武井亮,,American Pharoah,000a012aad,イブニングジュエル,000a013da6,Northern Afleet,000a010a96,社台レースホース,社台ファーム,700.0,2012.0,2007.0,1993.0
2018104474,スノークォーツ,牝,大竹正博,,ゴールドシップ,2009102739,サビアーレ,2000110006,Capote,000a00185a,ノルマンディーサラブレッドレーシング,矢野牧場,700.0,2009.0,2000.0,1984.0
2018104401,グレートサークル,セ,天間昭一,,ロージズインメイ,000a010a10,デュポンサークル,2004110283,Rainbow Quest,000a001b4d,岡田牧雄,真歌田中牧場,700.0,2000.0,2004.0,1981.0
2018104247,ナムラメーテル,牝,鈴木孝志,,リオンディーズ,2013105915,ナムラボルテージ,2007100758,グランデラ,000a00fe3b,奈村睦弘,八田ファーム,700.0,2013.0,2007.0,1998.0
2018103357,アステルカーラ,牝,岩戸孝樹,,カレンブラックヒル,2009106230,サニーヘイロー,2008102262,キングヘイロー,1995104427,ノルマンディーサラブレッドレーシング,丸村村下ファーム,700.0,2009.0,2008.0,1995.0
2018103152,メイショウイチヒメ,牝,飯田祐史,,メイショウボーラー,2001100650,メイショウマンボ,2010102094,スズカマンボ,2001103890,松本好雄,高昭牧場,700.0,2001.0,2010.0,2001.0
2018103143,フェアリーリング,牝,稲垣幸雄,,ワールドエース,2009106353,フォーモサマンボ,2011103180,ノボジャック,1997110152,高昭牧場,高昭牧場,700.0,2009.0,2011.0,1997.0
2018102886,ヘブンリギフト,セ,斎藤誠,,フリオーソ,2004106867,キャットガール,2010101346,マンハッタンカフェ,1998101554,佐藤守宏,三石橋本牧場,700.0,2004.0,2010.0,1998.0
2018102378,マーサーアン,牡,大和田成,,ルーラーシップ,2007103143,セラフィックロンプ,2004100976,マンハッタンカフェ,1998101554,ＴＵＲＦレーシング,守矢牧場,700.0,2007.0,2004.0,1998.0
2018102065,ハヴァス,セ,橋口慎介,,ルーラーシップ,2007103143,ペルフィカ,2012100599,ゼンノロブロイ,2000101517,ノースヒルズ,ノースヒルズ,700.0,2007.0,2012.0,2000.0
2018102044,サナティオ,牝,清水久詞,,ディープインパクト,2002100816,ケープジャスミン,2009105021,クロフネ,1998110135,前田晋二,ノースヒルズ,700.0,2002.0,2009.0,1998.0
2018103423,クリキヨ,牡,的場直之,,キングヘイロー,1995104427,ラガーファンタジー,2010101622,クロフネ,1998110135,堤保政,荒木貴宏,698.4,1995.0,2010.0,1998.0
2018104618,グッドラベリング,牝,藤岡健一,,エピファネイア,2010104155,サンシャイン,2009105903,ハーツクライ,2001103038,青山洋一,社台ファーム,697.0,2010.0,2009.0,2001.0
2018105660,トーセンイヴ,牝,中川竜馬,,トーセンファントム,2007102870,トーセンスマッシュ,2004101464,トウカイテイオー,1988101025,豊島愛子,エスティファーム,696.8,2007.0,2004.0,1988.0
2018105948,エイシンシナバー,牝,田中道夫,,エスポワールシチー,2005102837,エーシンシークルー,2006110117,Cuvee,000a011250,（同）ＪＰＮ技研,栄進牧場,696.0,2005.0,2006.0,2001.0
2018103542,エコロゴールド,牡,黒田隆男,,スピルバーグ,2009105961,フレイヤ,2006100750,ショウナンカンプ,1998102595,（株）ファーストビジ,岡田スタッド,694.8,2009.0,2006.0,1998.0
2018100064,サンエルサ,牝,松浦聡志,,トーセンホマレボシ,2009106092,イーサンラヴ,2004105248,マイネルラヴ,1995108558,諸岡慶,新井弘幸,693.8,2009.0,2004.0,1995.0
2018104497,グレイグレイル,牡,山下貴之,,ジョーカプチーノ,2006100529,フサイチミライ,2003102632,エンドスウィープ,000a00010f,栗山学,Ｕ・Ｍ・Ａ,693.0,2006.0,2003.0,1991.0
2018103661,モーリスシチー,牡,上原博之,,モーリス,2011100655,ソムニアシチー,2010100190,メイショウサムソン,2003102205,友駿ホースクラブ,カタオカファーム,693.0,2011.0,2010.0,2003.0
2018102081,マクラガレーヌ,牝,大塚信次,,ルーラーシップ,2007103143,サトノレジーナ,2008102851,ハーツクライ,2001103038,平山博幸,ハクレイファーム,693.0,2007.0,2008.0,2001.0
2018101508,ビナジャンボ,牡,水野貴史,,トランセンド,2006104736,ビナセブン,2009103676,タイキシャトル,1994109686,井之口二三雄,大林ファーム,692.5,2006.0,2009.0,1994.0
2018106523,メイショウシンウチ,牡,荒川義之,,ハービンジャー,000a011996,ダンシングハピネス,1999101934,ダンスインザダーク,1993109188,松本好雄,三嶋牧場,692.0,2006.0,1999.0,1993.0
2018101714,イーサンタイガー,セ,赤嶺本浩,,タニノギムレット,1999100226,エルフィン,2000104846,ダンシングブレーヴ,000a0000cc,豊島愛子,須崎牧場,692.0,1999.0,2000.0,1983.0
2018102803,マイネルレスペト,牡,鮫島克也,,スマートファルコン,2005100097,デスピュートロマン,2004110155,Gone West,000a001be1,浦野和由,本桐牧場,691.1,2005.0,2004.0,1984.0
2018105109,スマイルライン,牡,高野友和,,ルーラーシップ,2007103143,スマイルシャワー,2011103871,シンボリクリスエス,1999110099,サンデーレーシング,ノーザンファーム,691.0,2007.0,2011.0,1999.0
2018102888,ウインレゴリス,牡,藤ヶ崎一,,サウスヴィグラス,1996110138,モエレフルール,2009101683,ゴールドヘイロー,1997101264,伊藤彰敏,三石橋本牧場,690.7,1996.0,2009.0,1997.0
2018106446,サンライズアポロン,牡,黒木豊,,クリエイターII,000a013630,ノベンバーペガサス,2008105585,サンライズペガサス,1998106718,田賀孝昭,信岡牧場,690.1,2013.0,2008.0,1998.0
2018109101,ジャンドゥーヤ,牝,小林真也,,リオンディーズ,2013105915,ツルマルオトメ,2002102982,タイキシャトル,1994109686,グリーンファーム,恵比寿興業株式会社那須野牧場,690.0,2013.0,2002.0,1994.0
2018102355,フロムディスタンス,牡,大竹正博,,ヘニーヒューズ,000a011155,ハーランズルビー,000a012062,Harlan's Holiday,000a010cdf,ローレルレーシング,村田牧場,690.0,2003.0,2008.0,1999.0
2018103786,シャインリッパー,牡,柏原誠路,,アドマイヤムーン,2003102991,ミズサワスキヤネン,1997104017,スキャン,000a000d69,坂本健一,坂本健一,689.9,2003.0,1997.0,1988.0
2018106777,トキノレーヴ,牝,海馬沢司,,ワールドエース,2009106353,サザリー,2004107175,コマンダーインチーフ,000a0000b0,澤井義一,川上牧場,689.8,2009.0,2004.0,1990.0
2018106859,デンショウロイヤル,牡,遠藤茂,,オーシャンブルー,2008102978,ベコニングキャット,2006110100,One Cool Cat,000a0111d2,田代正博,グラストレーニングセンター,689.5,2008.0,2006.0,2001.0
2018102522,ブルーローズシップ,牡,角田輝也,,ゴールドシップ,2009102739,ブーケドロゼブルー,2007103535,ロージズインメイ,000a010a10,ＹＧＧホースクラブ,加野牧場,688.8,2009.0,2007.0,2000.0
2018103850,ミヤビプレシャス,牡,関本浩司,,キズナ,2010105827,ミヤビグレイス,2007101118,キングカメハメハ,2001103460,小橋亮太,静内白井牧場,688.3,2010.0,2007.0,2001.0
2018103999,チャットムーン,牡,中野博,,ハクサンムーン,2009102527,ニシノアラモード,2014102319,リーチザクラウン,2006102923,扇原毅士,棚川光男,687.3,2009.0,2014.0,2006.0
2018103402,アレレブルー,牡,加藤和義,,モーリス,2011100655,サクセスセレーネ,2009101381,ディープインパクト,2002100816,程田真司,吉田ファーム,686.6,2011.0,2009.0,2002.0
2018104767,ジュンワンポイント,牝,堀千亜樹,,ダイワメジャー,2001103114,ブロークンソード,000a012efe,Broken Vow,000a0101a0,河合純二,社台ファーム,686.0,2001.0,2010.0,1997.0
2018102250,ラブミーグッド,牝,東眞市,,カレンブラックヒル,2009106230,グッドゲーム,000a010634,Fly Till Dawn,000a01056c,小林祥晃,的場牧場,685.9,2009.0,1997.0,1986.0
2018100934,ハクアイアトム,牡,宇野木博,,パイロ,000a01176a,ブーケティアラ,2003106605,アグネスタキオン,1998101516,田村武久,日高大洋牧場,683.7,2005.0,2003.0,1998.0
2018102415,タイガースネーク,牡,渡瀬寛彰,,アジアエクスプレス,2011110091,ムカラファ,000a010aab,Deputy Commander,000a0021b5,村元康,芳住鉄兵,681.7,2011.0,2002.0,1994.0
2018101793,カラハリ,セ,朝倉実,,アジアエクスプレス,2011110091,シアヌークビル,2013101611,ステイゴールド,1994108729,手嶋康雄,大栄牧場,679.5,2011.0,2013.0,1994.0
2018100890,ディープアゲイン,牡,渡部則夫,,ディープブリランテ,2009105084,イルネージュ,1999106680,トニービン,1983109006,田村彰夫,浜本牧場,679.0,2009.0,1999.0,1983.0
2018105841,キーチャンス,牡,栗田裕光,,ディープブリランテ,2009105084,キャンディキー,2011104965,スクリーンヒーロー,2004103328,庄司紫紀,赤田牧場,678.1,2009.0,2011.0,2004.0
2018101903,ヘーベー,牝,宇野木博,,パドトロワ,2007102760,ヘーラー,2011103260,サウスヴィグラス,1996110138,大塚勝広,中本牧場,678.0,2007.0,2011.0,1996.0
2018104627,アーダレイ,牝,庄野靖志,,オルフェーヴル,2008102636,シャーラレイ,000a013876,Afleet Alex,000a010dc8,社台レースホース,社台ファーム,677.0,2008.0,2012.0,2002.0
2018105116,ミッキーセレスタ,牡,国枝栄,,ハーツクライ,2001103038,セレスタ,000a012e7c,Jump Start,000a010b86,野田みづき,ノーザンファーム,675.0,2001.0,2012.0,1999.0
2018102429,ヴィルゲート,牝,柳澤好美,,グランプリボス,2008103388,コウユーユメダンス,2007103892,ダンスインザダーク,1993109188,廣田優生,飯岡牧場,674.6,2008.0,2007.0,1993.0
2018100586,ブルヴェール,牡,平松徳彦,,バトルプラン,000a0118e8,レッドクレオパトラ,2003105780,タヤスツヨシ,1992109612,柴原栄,瀬戸牧場,674.5,2005.0,2003.0,1992.0
2018103076,ディスバッドマム,牝,渡辺博文,,ネオユニヴァース,2000101426,キャメロンガール,2001110168,With Approval,000a001c5f,遠藤喜和,桑田ファーム,674.3,2000.0,2001.0,1986.0
2018106059,ニシノソメイノ,牝,佐宗応和,,マクフィ,000a011c77,ニシノマナムスメ,2004102569,アグネスタキオン,1998101516,西山茂行,ガーベラパークスタッド,673.0,2007.0,2004.0,1998.0
2018105569,ラルナプレナ,牝,小牧毅,,モーリス,2011100655,ラルナデミエル,000a011dc3,Monsun,000a010db6,大田慎治,社台コーポレーション白老ファーム,672.5,2011.0,2007.0,1990.0
2018106162,リュウセイグン,牡,佐藤雅彦,,バトルプラン,000a0118e8,チャーミングギャル,2004103410,タバスコキャット,000a000348,二口雅一,坂本晴美,671.8,2005.0,2004.0,1991.0
2018103537,ワンダーウォール,牡,宗綱泰彦,,アイルハヴアナザー,000a011ed3,フィアレス,2009103323,スペシャルウィーク,1995103211,（同）ＪＰＮ技研,岡田スタッド,671.8,2009.0,2009.0,1995.0
2018102622,スズノスケ,牡,荒巻透,,スズカコーズウェイ,2004104345,ソトーグラシオ,2008103122,アグネスタキオン,1998101516,和田博美,佐藤鉄也,671.8,2004.0,2008.0,1998.0
2018104737,ピクシーカット,牝,黒岩陽一,,モーリス,2011100655,ピクシーダスト,2002100561,サンデーサイレンス,000a00033a,吉田照哉,社台ファーム,671.0,2011.0,2002.0,1986.0
2018110042,グレイシャーベイ,セ,宮下靖旨,,New Bay,000a012bc0,Moraine,000a01335a,Rainbow Quest,000a001b4d,薄井隆博,Tinnakill Bloodstock Ltd,670.6,2012.0,2004.0,1981.0
2018106902,ジュンダイハード,牝,石橋満,,エイシンヒカリ,2011101273,ニシノプルメリア,2006102600,シングスピール,1992190005,河合純二,川上牧場,670.0,2011.0,2006.0,1992.0
2018110146,コスモザウル,牡,細川忠義,,Reliable Man,000a011bdd,Way To Win,000a018f1e,More Than Ready,000a00fcdd,門脇ゆり,G Harvey,669.5,2008.0,2010.0,1997.0
2018101251,アダムスマイリー,牡,後藤佑耶,,エイシンフラッシュ,2007102951,スマイリンアスク,2010103285,ディープインパクト,2002100816,廣崎双葉,ＡＳＫＳＴＵＤ,669.4,2007.0,2010.0,2002.0
2018100536,テーオーブレイブ,牡,橋本忠明,,リオンディーズ,2013105915,スイートカルタゴ,2005109308,ヘクタープロテクター,000a000d6b,小笹公也,シンボリ牧場,667.0,2013.0,2005.0,1988.0
2018105704,フェーバーラッシュ,牡,山下貴之,,スウェプトオーヴァーボード,000a00fa34,アブソルートライン,2004101529,ダンスインザダーク,1993109188,レックス,貞広賢治,666.8,1997.0,2004.0,1993.0
2018103720,メイショウミツヒデ,牡,森沢友貴,,マジェスティックウォリアー,000a011e9c,ザデイ,2006100911,シンボリクリスエス,1999110099,松本好隆,グランド牧場,666.0,2005.0,2006.0,1999.0
2018101944,タガノポルトロン,牡,碇清次郎,,ブラックタイド,2001103312,アポセカリー,000a0123dd,Manduro,000a0114b8,崎川美枝子,新冠タガノファーム,666.0,2001.0,2009.0,2002.0
2018101381,トウカイベルシナル,牝,北出成人,,マジェスティックウォリアー,000a011e9c,トウカイレジーナ,2007104671,ワイルドラッシュ,000a0003a1,内村正則,びらとり牧場,666.0,2005.0,2007.0,1994.0
2018103224,ベリリウンヌ,牝,尾原強,,ナカヤマフェスタ,2006102424,トーホークイーン,2005101304,メジロマックイーン,1987107235,（同）ＪＰＮ技研,大北牧場,665.5,2006.0,2005.0,1987.0
2018105726,リスカルダメント,牝,角川秀樹,,リアルインパクト,2008103244,クールダウン,1996106806,シャンハイ,000a000d73,ユートピア牧場,ゼットステーブル,665.3,2008.0,1996.0,1989.0
2018104625,シャドウアルテミス,牝,森山英雄,,エイシンフラッシュ,2007102951,シャドウムーン,2002101806,キングヘイロー,1995104427,西岡透,社台ファーム,664.8,2007.0,2002.0,1995.0
2018104566,レッドアストラム,牡,新子雅司,,オルフェーヴル,2008102636,オリオンムーン,000a0129c0,Manduro,000a0114b8,東京ホースレーシング,社台ファーム,664.0,2008.0,2009.0,2002.0
2018101483,ポッドラピド,牝,渋谷信博,,ロードアルティマ,2000110026,ポッドシルビア,2013101362,ダノンシャンティ,2007105709,石井太郎,岩見牧場,661.0,2000.0,2013.0,2007.0
2018100504,デンジャーマン,牡,齋藤雄一,,アドマイヤムーン,2003102991,マヤノカピオラニ,2006105131,キングカメハメハ,2001103460,浦野智恵子,白瀬盛雄,661.0,2003.0,2006.0,2001.0
2018101405,ゴースフロイデ,牡,山田徹,,ヘニーハウンド,2008110097,ナデシコニッポン,2010103018,アドマイヤジャパン,2002102324,ＳＲＥ（同）,秋田牧場,660.6,2008.0,2010.0,2002.0
2018102653,ワンダーハート,牝,木村健,,マクフィ,000a011c77,ワンダービーナス,2007103642,バゴ,2001190004,山本能成,城地牧場,660.5,2007.0,2007.0,2001.0
2018102039,ブールタング,セ,小崎憲,,ダイワメジャー,2001103114,ガラッシアファータ,2011110024,Distorted Humor,000a0022ea,前田幸治,ノースヒルズ,660.0,2001.0,2011.0,1993.0
2018101480,ビーナスオーキッド,牝,平田正一,,アジアエクスプレス,2011110091,ビーナストリック,2010105329,キングヘイロー,1995104427,今中俊平,岩見牧場,660.0,2011.0,2010.0,1995.0
2018101133,プロージット,牝,伊藤強一,,キンシャサノキセキ,2003110212,レイズユアグラス,1999102768,アジュディケーティング,000a000d5d,柴田浩二,モリナガファーム,658.5,2003.0,1999.0,1987.0
2018106750,パラマウント,牝,井樋明正,,ブラックタイド,2001103312,オールタイムベスト,2005103113,ブライアンズタイム,000a000082,（同）ＪＰＮ技研,下河辺牧場,658.1,2001.0,2005.0,1985.0
2018104516,ソウシュラリクリ,牡,盛本信春,,ルーラーシップ,2007103143,アラドヴァル,2009105749,シンボリクリスエス,1999110099,村田能光,社台ファーム,658.1,2007.0,2009.0,1999.0
2018103949,ジェイケーフェイス,牝,堀千亜樹,,ダノンレジェンド,2010110102,ヴェリタスマリコ,2012106081,キングカメハメハ,2001103460,佐々木勉,高橋ファーム,658.0,2010.0,2012.0,2001.0
2018100776,レキオノユメ,牡,宇野木博,,ゴールドシップ,2009102739,ダイアゴネル,000a010ce5,Darshaan,000a0019b1,宗方千明,出口牧場,658.0,2009.0,2000.0,1981.0
2018100669,パイロスコープ,牡,工藤真司,,パイロ,000a01176a,ジャパニーズウィスパー,000a0116ce,Machiavellian,000a001c1d,松本桂昌,ダーレー・ジャパン・ファーム,658.0,2005.0,2001.0,1987.0
2018100327,ウォーターパフィン,牝,岡田稲男,,プリサイスエンド,000a00fe9b,プロポーズギフト,2008105605,アグネスタキオン,1998101516,山岡正人,佐々木康治,658.0,1997.0,2008.0,1998.0
2018102371,ザント,牡,笹野博司,,カジノドライヴ,2005110112,インクルーシブ,2012104063,ディープインパクト,2002100816,サイプレスホールディングス,森永聡,657.7,2005.0,2012.0,2002.0
2018101026,サノラカ,牝,胡本友晴,,スクリーンヒーロー,2004103328,コーラルビュー,2008106126,キングヘイロー,1995104427,（株）ファーストビジ,豊洋牧場,657.0,2004.0,2008.0,1995.0
2018106209,ラヴアンドグレース,牝,高本友芳,,ダンカーク,000a012185,エーシントゥーゴー,2005110027,Gone West,000a001be1,北川原誠,高野牧場,656.1,2006.0,2005.0,1984.0
2018106657,バルバトス,牡,細川忠義,,トーセンホマレボシ,2009106092,ミヤビリーティー,2007100774,ロージズインメイ,000a010a10,上岡和男,様似堀牧場,656.0,2009.0,2007.0,2000.0
2018103869,トーホウレッド,牝,原口次夫,,ノヴェリスト,000a012230,トーホウシンバル,2007105671,ステイゴールド,1994108729,犬飼好稔,静内フジカワ牧場,655.8,2009.0,2007.0,1994.0
2018103467,ミルクディッパー,牝,高野毅,,リオンディーズ,2013105915,モントボーゲン,2011104125,ゼンノロブロイ,2000101517,ターフ・スポート,大滝康晴,654.5,2013.0,2011.0,2000.0
2018103656,グリームエース,牡,久保田貴,,キズナ,2010105827,ベガグレシヤス,2007100183,アドマイヤドン,1999107052,柳内光子,片岡博,653.0,2010.0,2007.0,1999.0
2018102521,リンノパルピート,牡,原口次夫,,アドマイヤムーン,2003102991,ブルーポラリス,2003107264,ウェイオブライト,000a000d9b,小川智史,加野牧場,652.4,2003.0,2003.0,1996.0
2018100016,シャノンアーサー,牝,飯田弘道,,トビーズコーナー,000a011fed,シュガーミント,2004109412,アグネスタキオン,1998101516,千田裕美,厚賀古川牧場,650.2,2008.0,2004.0,1998.0
2018105481,ワールドクルーズ,牝,米川昇,,ワールドエース,2009106353,ヴェラブランカ,2007103117,クロフネ,1998110135,荒井孝則,社台コーポレーション白老ファーム,650.0,2009.0,2007.0,1998.0
2018100585,ワンモアナイン,牝,永島太郎,,キズナ,2010105827,プロスペラスマム,2007105629,マイネルセレクト,1999107196,江川伸夫,瀬戸牧場,649.9,2010.0,2007.0,1999.0
2018103306,マラドーナ,牡,尾原強,,ペルーサ,2007102705,マラドーナスピン,2013103095,カネヒキリ,2002100978,谷謙介,バンブー牧場,649.4,2007.0,2013.0,2002.0
2018101202,ニャンニャン,牝,佐藤敏彦,,ディスクリートキャット,000a0113a1,エステル,2005106205,タイキシャトル,1994109686,薄井隆博,山田政宏,649.0,2003.0,2005.0,1994.0
2018106329,オウケントップ,牡,藤ヶ崎一,,ラブリーデイ,2010104298,オウケンハート,2008104597,ジャングルポケット,1998101786,服部康夫,辻牧場,648.8,2010.0,2008.0,1998.0
2018106402,ジャストトライ,牡,竹下直人,,ダノンレジェンド,2010110102,モナ,2003101941,フジキセキ,1992109618,大島栄一,鳥井征士,648.7,2010.0,2003.0,1992.0
2018102664,エクレウステソーロ,牡,真島正徳,,マツリダゴッホ,2003104570,ノウ,000a012f8e,Street Cry,000a0103ba,梅ケ枝容晃,タガミファーム,648.2,2003.0,2013.0,1998.0
2018101021,キーパイレーツ,牡,今津博之,,アンライバルド,2006103308,ブライアローズ,2012101191,スウィフトカレント,2001103189,松下祐也,宝寄山拓樹,647.5,2006.0,2012.0,2001.0
2018100132,クルゼイロ,牡,長南和宏,,エスポワールシチー,2005102837,アスタルテ,2005100498,スキャターザゴールド,000a000d99,辻嘉恵子,大澤己芳,646.7,2005.0,2005.0,1997.0
2018104792,マニエクセル,牝,蛯名雄太,,スマートファルコン,2005100097,マニエラ,2000105971,フォーティナイナー,000a000134,吉田照哉,社台ファーム,646.0,2005.0,2000.0,1985.0
2018103910,レインボーカラー,牝,石本孝博,,ニホンピロアワーズ,2007100191,ミヤビダンサー,2003105831,トレジャーアイランド,000a000d93,加藤鈴幸,曾我博,646.0,2007.0,2003.0,1996.0
2018102981,キャンビー,牡,野口寛仁,,メイショウボーラー,2001100650,ヴェラオン,2010101912,プリサイスエンド,000a00fe9b,兼行聡,市川ファーム,646.0,2001.0,2010.0,1997.0
2018102539,ラジョーネ,牡,渡辺薫彦,,ダイワメジャー,2001103114,ラリーズン,000a01116f,Labeeb,000a011134,カナヤマホールディングス,木田牧場,646.0,2001.0,2000.0,1992.0
2018100253,ファビュラスノヴァ,牡,中川雅之,,スクリーンヒーロー,2004103328,ルピナスレイク,1998105700,キンググローリアス,000a000d48,小川和彦,木村牧場,645.2,2004.0,1998.0,1986.0
2018102673,ドンブラコ,牝,安池成実,,サウスヴィグラス,1996110138,システーナブルー,2008104458,ゼンノロブロイ,2000101517,木村恵理,タツヤファーム,644.4,1996.0,2008.0,2000.0
2018105284,ピエトラサンタ,牡,友道康夫,,Frankel,000a01239b,マーゴットディド,000a013dbc,Exceed And Excel,000a010a61,金子真人ホールディングス,ノーザンファーム,644.0,2008.0,2008.0,2000.0
2018105268,テーオーマシェリ,牝,中道啓二,,ブラックタイド,2001103312,マイスウィートベイビー,000a011dd0,Minardi,000a011d54,小笹公也,ノーザンファーム,644.0,2001.0,2006.0,1998.0
2018100331,リヴェルサス,牡,加藤幸保,,ストロングリターン,2006102934,ヴァイスヴァーサ,2011100266,ブライアンズタイム,000a000082,伊達泰明,サンシャイン牧場,643.1,2006.0,2011.0,1985.0
2018100023,シンフジ,牡,沖田明子,,メイショウボーラー,2001100650,ザリーン,2004105217,メイショウオウドウ,1995101767,村瀬恵都子,天羽牧場,643.0,2001.0,2004.0,1995.0
2018101565,ゼンノナイン,牡,堂山芳則,,トランセンド,2006104736,クーファナイン,2011104650,ゼンノロブロイ,2000101517,（同）ＮＯＫＫＮ,川島牧場,642.3,2006.0,2011.0,2000.0
2018104666,マジェスティアスク,牝,山崎尋美,,ロードカナロア,2008103552,ダイワベスパー,2009105848,ダイワメジャー,2001103114,廣崎双葉,社台ファーム,641.5,2008.0,2009.0,2001.0
2018106819,グレイスディーヴァ,牝,渋谷信博,,ローエングリン,1999106738,フェリサティー,2003104691,タバスコキャット,000a000348,瀬山孝一,上田昭治,640.5,1999.0,2003.0,1991.0
2018103571,リンノペルフェット,牡,渡辺博文,,タイムパラドックス,1998101683,ガレリアトウショウ,2001104324,トワイニング,000a000006,浦野和由,岡田猛,640.5,1998.0,2001.0,1991.0
2018101517,テーオーステラ,牝,茂崎正善,,エイシンフラッシュ,2007102951,パステルモーブ,2013101320,ダイワメジャー,2001103114,組）オールザベスト組,オリエント牧場,640.5,2007.0,2013.0,2001.0
2018100431,センティメント,セ,荒巻透,,トーセンラー,2008102985,プティプランセス,2006105481,キングカメハメハ,2001103460,シグラップ・マネジメ,下河辺牧場,640.1,2008.0,2006.0,2001.0
2018110094,レディマーシー,牝,北出成人,,American Pharoah,000a012aad,Two Oceans,000a014a66,Cape Town,000a0022ec,松本俊廣,Toshihiro Matsumoto,640.0,2012.0,2007.0,1995.0
2018106506,シルバースピリット,セ,蛯名正義,,ディープインパクト,2002100816,クライシスオブスピリット,000a012f23,Vindication,000a010544,嶋田賢,三嶋牧場,640.0,2002.0,2007.0,2000.0
2018105508,コントゥール,牝,高柳大輔,,ハーツクライ,2001103038,シェアザストーリー,2002100903,コマンダーインチーフ,000a0000b0,キャロットファーム,社台コーポレーション白老ファーム,640.0,2001.0,2002.0,1990.0
2018103302,レスプロンディール,牝,西園正都,,オルフェーヴル,2008102636,トワエモア,2012100989,エンパイアメーカー,000a010542,中辻明,バンブー牧場,640.0,2008.0,2012.0,2000.0
2018100572,タマモネックタイ,牡,池添学,,ジャスタウェイ,2009106461,タマモピアス,2007104679,キングカメハメハ,2001103460,タマモ,スマイルファーム,640.0,2009.0,2007.0,2001.0
2018105399,クッキートン,牡,藤田正治,,ノヴェリスト,000a012230,アルアマーナ,2009106578,ディープインパクト,2002100816,小橋亮太,追分ファーム,639.7,2009.0,2009.0,2002.0
2018102762,クールブルースター,牡,有馬澄男,,トーセンジョーダン,2006103169,クールオボロ,2012102465,バゴ,2001190004,川上哲司,久井牧場,638.6,2006.0,2012.0,2001.0
2018106276,ラピスデラビオス,牝,高野友和,,ルーラーシップ,2007103143,レイナアラ,2013105391,マンハッタンカフェ,1998101554,名古屋友豊,谷川牧場,638.0,2007.0,2013.0,1998.0
2018105754,スターリーアイズ,牝,藤田正治,,フェノーメノ,2009106599,ダイヤフォンテン,2012100464,シンボリクリスエス,1999110099,（株）ファーストビジ,登別上水牧場,638.0,2009.0,2012.0,1999.0
2018104601,ルージュブラン,牝,伊坂重信,,エピファネイア,2010104155,グリサージュ,2011104485,クロフネ,1998110135,東京ホースレーシング,社台ファーム,638.0,2010.0,2011.0,1998.0
2018102976,ジャポニズム,牡,藪口一麻,,グランプリボス,2008103388,アートラヴァー,2013105843,ダイワメジャー,2001103114,（有）総武開発,アスラン,638.0,2008.0,2013.0,2001.0
2018101750,アイノファンタジー,牡,古賀史生,,ベーカバド,000a011dc0,ランミネルバ,2010105596,アグネスタキオン,1998101516,ライフエンタープライズ,高瀬牧場,638.0,2007.0,2010.0,1998.0
2018101767,アリエージュ,牝,尾林幸二,,エイシンフラッシュ,2007102951,ハイフリート,2008104622,アフリート,000a000013,河原義宏,武田牧場,637.5,2007.0,2008.0,1984.0
2018100528,ウォーレシア,牝,堀千亜樹,,アジアエクスプレス,2011110091,エリモアクアポリス,2006100030,ダンスインザダーク,1993109188,阿部憲三,シンボリ牧場,636.5,2011.0,2006.0,1993.0
2018106410,チームロックス,牡,渡辺和雄,,パイロ,000a01176a,カンティレーナ,2014102211,ストリートセンス,000a0113a2,星加浩一,中脇満,636.0,2005.0,2014.0,2004.0
2018100194,ホワットエヴァー,牝,佐々木由,,スマートファルコン,2005100097,エンドレスビジネス,2003102647,エンドスウィープ,000a00010f,大黒富美子,賀張中川牧場,635.5,2005.0,2003.0,1991.0
2018110040,ボイオートス,牡,金成貴史,,Dawn Approach,000a012117,Melanippe,000a014914,Shirocco,000a010db9,ゴドルフィン,Rathregan Stud,635.0,2010.0,2010.0,2001.0
2018101654,イトカワ,牡,佐藤裕太,,パイロ,000a01176a,ゴーゴーサンデー,2006104158,キングカメハメハ,2001103460,犬塚悠治郎,五丸農場,635.0,2005.0,2006.0,2001.0
2018100996,フセノチェリー,牝,盛本信春,,ストロングリターン,2006102934,ベルグラーノ,2001103137,サンデーサイレンス,000a00033a,池田守,藤本ファーム,635.0,2006.0,2001.0,1986.0
2018106775,チュウオウペット,牡,千葉幸喜,,エスケンデレヤ,000a012cc0,グレイトフルレガロ,2012103990,ステイゴールド,1994108729,新井原博,川上牧場,634.7,2007.0,2012.0,1994.0
2018104821,ユメノシラベ,牝,角田輝也,,ゴールドアリュール,1999106689,ユメノキラメキ,2007102839,ロージズインメイ,000a010a10,諸江幸祐,社台ファーム,634.5,1999.0,2007.0,2000.0
2018101248,コウジクン,セ,佐藤浩一,,ワールドエース,2009106353,フレンチフレイバー,2005105993,フレンチデピュティ,000a00013a,横山育生,赤石牧場,633.3,2009.0,2005.0,1992.0
2018102432,エクシードスター,牝,三野宮通,,トランセンド,2006104736,ベツレヘムスター,2003102947,フジキセキ,1992109618,（株）アプエンテ,飯岡牧場,633.0,2006.0,2003.0,1992.0
2018104685,ジュノエスク,牝,角田輝也,,ジャスタウェイ,2009106461,テイラーバートン,2007102903,ジャングルポケット,1998101786,栗山真一,社台ファーム,632.8,2009.0,2007.0,1998.0
2018105377,ロックオブエイジズ,牡,柏原誠路,,スクリーンヒーロー,2004103328,ロカ,2012104903,ハービンジャー,000a011996,古賀慎一,ノーザンファーム,632.0,2004.0,2012.0,2006.0
2018102002,ラブカプチーノ,牝,伊藤勝己,,ジョーカプチーノ,2006100529,ラブカーナ,2004100620,オース,000a000d94,（同）ＪＰＮ技研,新冠橋本牧場,632.0,2006.0,2004.0,1996.0
2018101755,コスモチェントロ,牝,竹口勝利,,キズナ,2010105827,ゲイリーピクシー,1998104954,Rahy,000a001c5e,谷謙介,武田修一,631.9,2010.0,1998.0,1985.0
2018105958,エイシンギンガ,牝,渡瀬寛彰,,メイショウサムソン,2003102205,エーシンブルバード,2009100226,オレハマッテルゼ,2000101550,平井克彦,栄進牧場,631.5,2003.0,2009.0,2000.0
2018100144,フォースウィズユー,牝,高馬元紘,,トーセンホマレボシ,2009106092,カザグルマ,2004105374,ソウルオブザマター,000a000d8a,沖田方子,沖田牧場,631.5,2009.0,2004.0,1991.0
2018101962,タガノイグナイト,牡,新子雅司,,ブラックタイド,2001103312,タガノレヴェントン,2006106568,キングカメハメハ,2001103460,八木良司,新冠タガノファーム,630.5,2001.0,2006.0,2001.0
2018105305,イシュタル,牝,萩原清,,American Pharoah,000a012aad,モヒニ,000a013db6,Galileo,000a00232b,シルクレーシング,ノーザンファーム,630.0,2012.0,2012.0,1998.0
2018106383,ヴェラート,セ,田嶋弘幸,,アイルハヴアナザー,000a011ed3,スペシャルクイン,2006100349,スペシャルウィーク,1995103211,宮田平,富田牧場,629.8,2009.0,2006.0,1995.0
2018104343,タッシーベリンダ,牝,山崎尋美,,ダイワメジャー,2001103114,プリンセスカナ,2009104160,ワイルドラッシュ,000a0003a1,会田裕一,フジワラファーム,628.7,2001.0,2009.0,1994.0
2018105980,グリントフラッター,牡,竹下太,,ケープブランコ,000a011b06,ビッグザム,000a0120fc,Zamindar,000a011b6e,山本国広,栄進牧場,628.5,2007.0,2005.0,1994.0
2018105676,トーセンウィリアム,牡,山中尊徳,,トーセンブライト,2001103660,トーセンミルキー,2011104012,クロフネ,1998110135,島川隆哉,エスティファーム,628.0,2001.0,2011.0,1998.0
2018101015,サンドアラバスタ,牡,笹野博司,,フリオーソ,2004106867,セラミスト,2014102169,パイロ,000a01176a,星加浩一,宝寄山拓樹,628.0,2004.0,2014.0,2005.0
2018102068,トレサイーユ,牝,柘榴浩樹,,ディープインパクト,2002100816,ラフアウェイ,2008104815,タイキシャトル,1994109686,前田幸治,ノースヒルズ,626.0,2002.0,2008.0,1994.0
2018102690,ウーマナイザー,牡,諏訪貴正,,リヤンドファミユ,2010104396,セレッソフロリード,2010101881,サクラバクシンオー,1989108341,三宅勝俊,田湯牧場,625.5,2010.0,2010.0,1989.0
2018106653,ジェネシスムーン,牝,小野望,,タイセイレジェンド,2007103199,ヘイローマジック,2003102096,キングヘイロー,1995104427,久保潤,様似共栄牧場,625.0,2007.0,2003.0,1995.0
2018101265,ワールドサミット,牡,田島寿一,,ワールドエース,2009106353,タニノピカンテ,1998104122,カーネギー,000a000093,（有）武田興業,オークツリーファーム,624.5,2009.0,1998.0,1991.0
2018100628,フィールマイソウル,牝,南弘樹,,シニスターミニスター,000a011099,スターエンジェル,2004105816,アフリート,000a000013,橘勝年,タバタファーム,624.2,2003.0,2004.0,1984.0
2018105541,レガーメダモーレ,牡,月岡健二,,キズナ,2010105827,ヒカルアモーレ,2004102760,クロフネ,1998110135,佐々木雄二,社台コーポレーション白老ファーム,624.0,2010.0,2004.0,1998.0
2018104617,フィルモグラフィー,牝,菅原欣也,,スクリーンヒーロー,2004103328,サラーシス,000a013877,Sharp Humor,000a01180b,栗嶋豊明,社台ファーム,623.8,2004.0,2012.0,2003.0
2018105807,ニンジャゴー,牡,佐々木仁,,ダイワメジャー,2001103114,クライウィズジョイ,1997103543,トニービン,1983109006,野村茂雄,レイクヴィラファーム,623.6,2001.0,1997.0,1983.0
2018106298,プリズムリバー,牝,高月賢一,,エスポワールシチー,2005102837,ホウライマツリ,2012102391,エンパイアメーカー,000a010542,レッドマジック,大道牧場,623.5,2005.0,2012.0,2000.0
2018100467,メイショウヨサレ,牝,栗林徹治,,ワールドエース,2009106353,ホットバタードラム,2010104365,タニノギムレット,1999100226,（同）ＪＰＮ技研,庄野牧場,622.0,2009.0,2010.0,1999.0
2018104652,デルマジザイ,牡,工藤伸輔,,ダイワメジャー,2001103114,スペシャルポケット,2005102324,ジャングルポケット,1998101786,（株）アプエンテ,社台ファーム,621.9,2001.0,2005.0,1998.0
2018100148,モユノイイオンナ,牝,久保田信,,ローズキングダム,2007103404,ティープリーズ,2012101134,アジュディミツオー,2001104554,豊島愛子,沖田牧場,621.5,2007.0,2012.0,2001.0
2018102083,ロクネンニクミ,牡,松平幸秀,,フリオーソ,2004106867,アガペー,2011105132,シンボリクリスエス,1999110099,藤本彰,ハシモトファーム,621.0,2004.0,2011.0,1999.0
2018110038,ライフサイエンス,牡,吉村圭司,,New Approach,000a011656,Life At Best,000a014913,Holy Roman Emperor,000a011ab8,ゴドルフィン,Cn Farm Ltd,620.0,2005.0,2014.0,2004.0
2018106539,サウンドパドマ,牝,吉田直弘,,シニスターミニスター,000a011099,マスターコーク,2006102307,フレンチデピュティ,000a00013a,増田雄一,三嶋牧場,620.0,2003.0,2006.0,1992.0
2018105212,エターナルピース,牝,和田正一,,ディープブリランテ,2009105084,ピースエンブレム,2006103166,ウォーエンブレム,000a00fa35,キャロットファーム,ノーザンファーム,620.0,2009.0,2006.0,1999.0
2018105049,セレンゲティ,牝,萩原清,,ダイワメジャー,2001103114,ザズー,000a012061,Tapit,000a011248,サンデーレーシング,ノーザンファーム,620.0,2001.0,2008.0,2001.0
2018101254,スズカビーチ,牝,堀内岳志,,スズカコーズウェイ,2004104345,アイシースズカ,2000106983,サンデーサイレンス,000a00033a,永井啓弍,稲原牧場,620.0,2004.0,2000.0,1986.0
2018106884,ラフカットジュエル,牝,佐藤祐司,,ディスクリートキャット,000a0113a1,ヒカルアルテミス,2005102138,ファルブラヴ,1998190004,道地房男,藤川ファーム,619.4,2003.0,2005.0,1998.0
2018105409,レシャバール,牡,池江泰寿,,ハービンジャー,000a011996,オリエントチャーム,2002100477,サンデーサイレンス,000a00033a,Ｇ１レーシング,追分ファーム,619.0,2006.0,2002.0,1986.0
2018105943,エイシンキマイラ,牡,黒田隆男,,バゴ,2001190004,エーシングリフォン,2009110014,Street Cry,000a0103ba,（株）ファーストビジ,栄進牧場,618.7,2001.0,2009.0,1998.0
2018102879,イクゼファイターズ,牡,中川雅之,,トゥザワールド,2011103975,リバーサウンド,2003107046,ブライアンズタイム,000a000082,上山浩司,三石川上牧場,618.3,2011.0,2003.0,1985.0
2018106366,センドハーマイラブ,牝,高橋文雅,,アジアエクスプレス,2011110091,マチルド,2002100567,アドマイヤベガ,1996107396,道場宏,辻牧場,618.0,2011.0,2002.0,1996.0
2018105118,パソロブレス,牡,武藤善則,,エイシンフラッシュ,2007102951,ゼマティス,2008110012,ゼンノロブロイ,2000101517,グリーンファーム,ノーザンファーム,618.0,2007.0,2008.0,2000.0
2018101602,アークリオン,牝,嶋田幸晴,,リオンディーズ,2013105915,エアワルツ,2005102399,ダンスインザダーク,1993109188,アークフロンティア,小泉学,618.0,2013.0,2005.0,1993.0
2018102134,エイメイカカン,牝,大島静夫,,ジャスタウェイ,2009106461,サバナパディーダ,000a011549,Cape Cross,000a0022ae,（同）ＪＰＮ技研,ビッグレッドファーム,617.2,2009.0,2003.0,1994.0
2018106704,メイショウシブキ,牡,永島太郎,,ダンカーク,000a012185,シングフォアジョイ,2003102878,グラスワンダー,1995108676,松本好雄,中脇一幸,617.0,2006.0,2003.0,1995.0
2018105412,ジョークラッシャー,セ,池田忠好,,マジェスティックウォリアー,000a011e9c,グァンタナメラ,2007102661,フジキセキ,1992109618,岡浩二,追分ファーム,617.0,2005.0,2007.0,1992.0
2018104774,オリノコ,牡,須貝尚介,,ドゥラメンテ,2012104511,プロヴィナージュ,2005102392,フレンチデピュティ,000a00013a,金子真人ホールディングス,社台ファーム,617.0,2012.0,2005.0,1992.0
2018101597,バケル,牡,東美義,,フェノーメノ,2009106599,プラントパラダイス,2000104675,パラダイスクリーク,1989109110,（同）ＪＰＮ技研,小泉牧場,616.6,2009.0,2000.0,1989.0
2018104195,リーガルチェック,牡,土井道隆,,タニノギムレット,1999100226,ブライダルベール,2006100872,キングカメハメハ,2001103460,木稲安則,西村牧場,616.5,1999.0,2006.0,2001.0
2018102375,キラーマウンテン,牡,打越勇児,,スクリーンヒーロー,2004103328,ビスカヤ,2006105046,コマンダーインチーフ,000a0000b0,山内邦一,森永聡,616.5,2004.0,2006.0,1990.0
2018102817,ラガートゥインクル,牝,尾林幸二,,ダイワメジャー,2001103114,アンティックドール,2006110004,Fusaichi Pegasus,000a0022cf,奥村啓二,前川勝春,616.3,2001.0,2006.0,1997.0
2018106823,タマモプリズム,牝,平山宏秀,,パイロ,000a01176a,タマモクラリティー,2012103010,ハーツクライ,2001103038,（株）ＨＡＷ,スマイルファーム,615.8,2005.0,2012.0,2001.0
2018103582,メルティング,牝,桜井今朝,,キンシャサノキセキ,2003110212,カルナヴァレ,2009104243,ローエングリン,1999106738,上田穣,岡田牧場,615.6,2003.0,2009.0,1999.0
2018102846,ニシノカタパルト,牡,宇都英樹,,グランプリボス,2008103388,アクアブルーマーチ,2005105960,タイキシャトル,1994109686,矢部文子,松本牧場,615.4,2008.0,2005.0,1994.0
2018102337,ブルックスジョイ,牝,伊藤和忍,,エスポワールシチー,2005102837,フジヤマサクラ,2003102829,クロフネ,1998110135,山中元夫,村上牧場,614.0,2005.0,2003.0,1998.0
2018100809,アラベスクパンシェ,牝,佐々木清,,ベーカバド,000a011dc0,ディクシーゴールド,2005102591,ゴールドアリュール,1999106689,内藤正生,中館牧場,614.0,2007.0,2005.0,1999.0
2018102222,リュウールドレ,牝,辻野豊,,オルフェーヴル,2008102636,キャタラクト,000a00fa59,Storm Cat,000a001a98,増澤一明,松浦牧場,613.4,2008.0,1999.0,1983.0
2018100417,サルディフレイバー,牡,福永敏,,ヘニーヒューズ,000a011155,ハッピーグラス,2008105591,ディープインパクト,2002100816,尾田信夫,下河辺牧場,612.5,2003.0,2008.0,2002.0
2018103937,クリスバーグ,牝,中塚猛,,スピルバーグ,2009105961,オートクリス,2006101096,シンボリクリスエス,1999110099,大戸志浦,高橋修,612.3,2009.0,2006.0,1999.0
2018105891,フォルティウス,牡,中道啓二,,ザサンデーフサイチ,2004102855,プリンセスネージュ,2007101267,フレンチデピュティ,000a00013a,ライオンレースホース,浦河日成牧場,611.8,2004.0,2007.0,1992.0
2018106813,ショウキ,牡,甲田悟史,,フリオーソ,2004106867,ミラクルプリンセス,2004100723,タイキシャトル,1994109686,フクキタル,パカパカファーム,611.5,2004.0,2004.0,1994.0
2018104204,アイファーライオン,牡,井上哲,,タイセイレジェンド,2007103199,キシュウリベンジ,2009105692,グリーンアプローズ,1994109559,小澤徳定,野表篤夫,610.8,2007.0,2009.0,1994.0
2018102937,フクノグラーティア,牝,川添明弘,,カレンブラックヒル,2009106230,ハロースピード,2004101625,マヤノトップガン,1992102988,栗嶋豊明,山際牧場,610.4,2009.0,2004.0,1992.0
2018109020,チャチャヒメ,牝,井樋一也,,スマートファルコン,2005100097,アドマイヤイチ,2002102859,ヘクタープロテクター,000a000d6b,酒井孝敏,今川満良,610.2,2005.0,2002.0,1988.0
2018110036,ストーンフェンス,牡,高柳瑞樹,,Exceed And Excel,000a010a61,Ishitaki,000a01490f,Interprete,000a00205c,ゴドルフィン,Godolphin,610.0,2000.0,2006.0,1988.0
2018104953,エアシュラブ,牝,林隆之,,リオンディーズ,2013105915,エアジェルブロワ,2009106074,ダイワメジャー,2001103114,ラッキーフィールド,ノーザンファーム,610.0,2013.0,2009.0,2001.0
2018100306,リードキングダム,牝,黒木豊,,プリサイスエンド,000a00fe9b,マドモアゼルノン,2007105415,アフリート,000a000013,寺岡一彦,小西ファーム,609.7,1997.0,2007.0,1984.0
2018105940,エイシンシルエット,牝,室井真文,,エーシンジーライン,2005110011,エーシンエーユー,2004110042,Unbridled's Song,000a002071,（株）ファーストビジ,栄進牧場,608.9,2005.0,2004.0,1993.0
2018103531,シェーンシュタット,牡,加藤和宏,,トーセンラー,2008102985,ハルシュタット,2009106298,ファスリエフ,000a00fc4c,宮下元胤,岡田スタッド,608.6,2008.0,2009.0,1997.0
2018101069,レディーオーソ,牝,宮川浩一,,フリオーソ,2004106867,スリーキセキ,2003104614,フジキセキ,1992109618,吉田勝利,前野牧場,608.3,2004.0,2003.0,1992.0
2018101218,リコーグレース,牝,繁田健一,,ゼンノロブロイ,2000101517,シマノタカラチャン,1999106293,ジェイドロバリー,000a0001a7,土橋正雄,リコーファーム,608.0,2000.0,1999.0,1987.0
2018110154,ローズファラオ,牝,田中一巧,,American Pharoah,000a012aad,Roz,000a01a7a2,Teofilo,000a01139e,ニッシンホールディングス,Go Bloodstock,606.5,2012.0,2010.0,2004.0
2018105197,フェアビアンカ,牝,池田忠好,,エイシンフラッシュ,2007102951,ビアンカシェボン,2010104324,フジキセキ,1992109618,成富直行,ノーザンファーム,606.2,2007.0,2010.0,1992.0
2018109158,カシノアイドル,牝,古賀光範,,リオンディーズ,2013105915,ワイルドリリー,1999110266,Wild Again,000a00185f,柏木務,神野生男,605.5,2013.0,1999.0,1980.0
2018104854,ミニマリズム,牝,田中博康,,モーリス,2011100655,レッドオーヴァル,2010103743,ディープインパクト,2002100816,社台レースホース,社台ファーム,605.0,2011.0,2010.0,2002.0
2018101247,リボーンヴィグラス,牡,内田勝義,,サウスヴィグラス,1996110138,ナイスサンフラワー,2011104322,サクラバクシンオー,1989108341,井手慶祐,赤石牧場,605.0,1996.0,2011.0,1989.0
2018105467,アイソリズム,牝,嶋田幸晴,,リオンディーズ,2013105915,アルスノヴァ,2005102121,ダンスインザダーク,1993109188,小菅誠,社台コーポレーション白老ファーム,604.1,2013.0,2005.0,1993.0
2018100469,サンライズヴェリテ,牡,工藤伸輔,,クリエイターII,000a013630,レインリバー,2007102892,スウェプトオーヴァーボード,000a00fa34,（株）アプエンテ,庄野牧場,603.5,2013.0,2007.0,1997.0
2018106493,メイショウケイゼン,牡,酒井仁,,ダンカーク,000a012185,ピエナマーメイド,2002103279,タイキシャトル,1994109686,Ｉレーシング（株）,まるとみ冨岡牧場,602.8,2006.0,2002.0,1994.0
2018100139,ヴィクトールアイ,牝,錦見勇夫,,ヴィクトワールピサ,2007102923,イエスアイキャン,2011100134,スマートボーイ,1995100385,錦見日出雄,沖田牧場,602.8,2007.0,2011.0,1995.0
2018105597,ラヴリンインパクト,牝,諏訪貴正,,リアルインパクト,2008103244,ラブシービル,2008102340,マイネルラヴ,1995108558,金子由紀,市川牧場,602.7,2008.0,2008.0,1995.0
2018100037,アザル,牝,永田幸宏,,オルフェーヴル,2008102636,キルシュワッサー,2003105704,サクラバクシンオー,1989108341,上手健太郎,天羽禮治,602.5,2008.0,2003.0,1989.0
2018103655,リゾートタイム,牝,鈴木啓之,,フリオーソ,2004106867,ネイビートウショウ,1999100686,アフリート,000a000013,礒川正明,片岡博,602.1,2004.0,1999.0,1984.0
2018103742,サラママ,牝,藤田輝信,,スズカコーズウェイ,2004104345,フルチャージ,2010102641,シニスターミニスター,000a011099,武田茂男,グランド牧場,602.0,2004.0,2010.0,2003.0
2018106016,プロペラシャフト,牡,水野善太,,トゥザグローリー,2007103265,ミスバレイ,2009100304,スクワートルスクワート,000a000da4,古川孝雄,小倉牧場,601.4,2007.0,2009.0,1998.0
2018106784,ゼンニン,牡,高馬元紘,,ネオユニヴァース,2000101426,トーヨーサンバ,1998106207,ティンバーカントリー,000a00035e,和田博美,川上牧場,601.0,2000.0,1998.0,1992.0
2018106392,メイショウクシナダ,牝,南井克巳,,アイルハヴアナザー,000a011ed3,メイショウワカツキ,2005106286,マンハッタンカフェ,1998101554,松本好雄,富田牧場,600.0,2009.0,2005.0,1998.0
2018105087,ルージュアリュール,牝,松永幹夫,,ディープインパクト,2002100816,ジョリージョコンド,000a012fc7,Marju,000a001fb6,東京ホースレーシング,ノーザンファーム,600.0,2002.0,2008.0,1988.0
2018104108,キャビア,牡,宗像義忠,,リアルインパクト,2008103244,フェミニンガール,2001110158,Kingmambo,000a001d7e,ＴＮレースホース,千代田牧場,600.0,2008.0,2001.0,1990.0
2018101667,ララシャルロット,牝,坂口智康,,ヘニーヒューズ,000a011155,エイシンピカデリー,2013110115,ハードスパン,000a0116a1,フジイ興産,佐藤牧場,600.0,2003.0,2013.0,2004.0
2018100095,ナムラスパロー,牝,田中道夫,,エピファネイア,2010104155,ビウイッチアス,2009102183,ダイワメジャー,2001103114,（同）ＪＰＮ技研,いとう牧場,599.5,2010.0,2009.0,2001.0
2018104509,アンシャセ,牡,新井清重,,モーリス,2011100655,アディシオン,2010103732,マンハッタンカフェ,1998101554,島川利子,社台ファーム,599.0,2011.0,2010.0,1998.0
2018106106,ペプチドハオー,牡,川島雅人,,モーリス,2011100655,ペプチドルビー,2005104018,コロナドズクエスト,000a0000b5,沼川瀧子,杵臼牧場,598.6,2011.0,2005.0,1995.0
2018103533,バジガクエブリン,牝,山中尊徳,,ショウナンカンプ,1998102595,バブルガムレディ,2005103856,バブルガムフェロー,1993109219,（株）馬事学院,岡田スタッド,598.2,1998.0,2005.0,1993.0
2018101365,ナッシングオンユー,牝,渡辺博文,,ペルーサ,2007102705,ブランシェール,2008102761,ディープインパクト,2002100816,坂本孝徳,坂東牧場,597.7,2007.0,2008.0,2002.0
2018110059,ヒノシタカイザン,牡,坂口智康,,Galileo,000a00232b,Prudente,000a0149ae,Dansili,000a010a5f,山紫水明,Ecurie des Monceaux Ecurie Skymarc Farm,597.0,1998.0,2012.0,1996.0
2018102885,カフェリリー,牝,菅原欣也,,アロマカフェ,2007104812,カフェララルー,2001110111,ストラヴィンスキー,000a00fa41,橋本義次,三石橋本牧場,596.4,2007.0,2001.0,1996.0
2018102946,ヒキガネ,牡,渡瀬寛彰,,ジョーカプチーノ,2006100529,リバーラスベル,2008100182,ロサード,1996107429,村上憲政,山野牧場,595.5,2006.0,2008.0,1996.0
2018101893,プリティヴィー,牝,武井和実,,エスポワールシチー,2005102837,オウハ,2006104317,シンボリクリスエス,1999110099,八木かおり,中本隆志,595.0,2005.0,2006.0,1999.0
2018101449,マーブルウェイ,牡,中塚猛,,ジャスタウェイ,2009106461,ストールンブライド,2003102514,ヘクタープロテクター,000a000d6b,下村直,石郷岡五月,595.0,2009.0,2003.0,1988.0
2018106023,ヴリルエリーゼ,牝,室井真文,,ヴリル,2001110257,タイキエリーゼ,2004106655,キングオブキングス,000a0001b8,（株）ファーストビジ,カナイシスタッド,594.9,2001.0,2004.0,1995.0
2018105034,ビップレックス,牡,中川竜馬,,ミッキーアイル,2011103916,コンカラン,2007104061,ジャングルポケット,1998101786,片岡宏一,ノーザンファーム,594.3,2011.0,2007.0,1998.0
2018100294,サンシェリダン,牝,田中守,,マコトスパルビエロ,2004103984,トシザサンサン,2003101708,ブラックタイアフェアー,000a00006e,須田靖之,ケイズ,594.0,2004.0,2003.0,1986.0
2018106494,アウワ,牡,井樋明正,,ベルシャザール,2008103004,ファンフェア,2008105784,アルカセット,2000190010,（同）ＪＰＮ技研,まるとみ冨岡牧場,592.9,2008.0,2008.0,2000.0
2018104655,デルマアミダ,牝,坂本和也,,ストロングリターン,2006102934,セデュウシング,2010103759,アグネスタキオン,1998101516,浅沼廣幸,社台ファーム,592.0,2006.0,2010.0,1998.0
2018102327,デスブロー,牝,蛯名雄太,,サウスヴィグラス,1996110138,ホワイトプラネット,2010106089,クロフネ,1998110135,石瀬丈太郎,ムラカミファーム,592.0,1996.0,2010.0,1998.0
2018105380,ロジプリン,牝,山口益巳,,ロジユニヴァース,2006103140,ロジプリンセス,2010104291,ディープインパクト,2002100816,（同）ＪＰＮ技研,ノーザンファーム,591.5,2006.0,2010.0,2002.0
2018104364,メルジーナ,牝,山田徹,,エピファネイア,2010104155,テンザンオトヒメ,2003102756,フジキセキ,1992109618,成富直行,藤原牧場,591.5,2010.0,2003.0,1992.0
2018102230,シックスレター,牝,林隆之,,アジアエクスプレス,2011110091,ピンクサプライズ,2008109012,ネオユニヴァース,2000101426,熊坂俊一,松浦牧場,590.0,2011.0,2008.0,2000.0
2018102781,ワンダースキル,牡,斉藤崇史,,マクフィ,000a011c77,ワンダーエレメント,2008104033,ボストンハーバー,000a00007c,山本能成,フクダファーム,589.0,2007.0,2008.0,1994.0
2018106178,メイショウスコヤカ,牝,茂崎正善,,メイショウボーラー,2001100650,メイショウアイリス,2001100740,ジョリーズヘイロー,000a0001aa,橘勝年,三栄牧場,588.5,2001.0,2001.0,1987.0
2018104567,アコンカグア,牡,松永幹夫,,ロードカナロア,2008103552,オルトリンデ,2006102909,ダンスインザダーク,1993109188,寺田寿男,社台ファーム,588.0,2008.0,2006.0,1993.0
2018106399,ショコラルビー,牝,尾原強,,ディスクリートキャット,000a0113a1,プラリネ,2010105000,アドマイヤムーン,2003102991,山下壽,富菜牧場,587.1,2003.0,2010.0,2003.0
2018104935,ウエスタンエポナ,牝,国枝栄,,Frankel,000a01239b,ウエスタンマンデラ,2011104078,ネオユニヴァース,2000101426,西川賢,ノーザンファーム,587.0,2008.0,2011.0,2000.0
2018104790,エンピレオ,牝,菊沢隆徳,,ロードカナロア,2008103552,マチカネハヤテ,2005102387,サクラバクシンオー,1989108341,社台レースホース,社台ファーム,587.0,2008.0,2005.0,1989.0
2018101774,ラマルセイエーズ,牝,堀内岳志,,ストロングリターン,2006102934,ヴェルサイユパーク,2011104867,チチカステナンゴ,000a011135,岡田牧雄,タニグチ牧場,587.0,2006.0,2011.0,1998.0
2018101721,ダミアン,牡,溝橋利喜,,ヘニーヒューズ,000a011155,レディーソルジャー,2009104741,マヤノトップガン,1992102988,組）オールザベスト組,須崎牧場,587.0,2003.0,2009.0,1992.0
2018105884,グランドアルナイル,牡,玉垣光章,,フサイチセブン,2006101225,クイーンキセキ,2009100199,フジキセキ,1992109618,大田慎治,浦河日成牧場,586.0,2006.0,2009.0,1992.0
2018104630,リオンドール,牡,田村康仁,,オルフェーヴル,2008102636,シリアスアティテュード,000a011a5f,Mtoto,000a001c66,社台レースホース,社台ファーム,586.0,2008.0,2006.0,1983.0
2018100081,スティールマドンナ,牝,小沢宏次,,カレンブラックヒル,2009106230,ローランデイラミ,2003110261,Daylami,000a00226a,川上和彦,池内健二,586.0,2009.0,2003.0,1994.0
2018106436,フレンドロマン,牝,桜田康二,,バゴ,2001190004,スノーボードロマン,2010102926,スウェプトオーヴァーボード,000a00fa34,横尾晴人,日本中央競馬会日高育成牧場,585.9,2001.0,2010.0,1997.0
2018101266,アンパラレルド,牝,加藤誠一,,アンライバルド,2006103308,ベルモンタージュ,2008106320,アフリート,000a000013,森本敏正,オークツリーファーム,585.3,2006.0,2008.0,1984.0
2018103962,マクロー,牡,渡辺博文,,アッミラーレ,1997100569,サクラシエラ,2009104119,マイネルラヴ,1995108558,中尾浩一,高橋義浩,585.1,1997.0,2009.0,1995.0
2018100642,サンゼント,牡,石橋満,,スウェプトオーヴァーボード,000a00fa34,サクラマシェリ,2008100255,キングカメハメハ,2001103460,渋谷健作,田村靖典,584.6,1997.0,2008.0,2001.0
2018104390,サマーローヤル,牝,渡辺博文,,スウェプトオーヴァーボード,000a00fa34,マスターウィンド,2007100478,サクラプレジデント,2000102261,シグラップ・マネジメ,へいはた牧場,584.2,1997.0,2007.0,2000.0
2018102869,ウエディングパーク,牝,松浦裕之,,シニスターミニスター,000a011099,スマイルユー,2010101657,スタチューオブリバティ,000a0109d5,上山浩司,三石川上牧場,583.0,2003.0,2010.0,2000.0
2018102393,フォルテベローチェ,牡,佐藤茂,,ホッコータルマエ,2009100921,エーピーモモ,2003100414,ダンスインザダーク,1993109188,山口敦広,山岡ファーム,581.4,2009.0,2003.0,1993.0
2018104889,ヴェルナー,牡,森沢友貴,,キングカメハメハ,2001103460,アディクティド,000a011a9f,ディクタット,1995190007,キャロットファーム,ノーザンファーム,581.0,2001.0,2006.0,1995.0
2018101205,テイエムリオン,牡,竹之下昭,,リオンディーズ,2013105915,セレスティアル,2007103128,アグネスタキオン,1998101516,竹園正繼,山田政宏,581.0,2013.0,2007.0,1998.0
2018106284,アイグローリー,セ,阿井正雄,,トゥザグローリー,2007103265,ファンアンドゲイムス,000a010ce8,Rahy,000a001c5e,ＡＳＵＫＡＫＩＫＡＫ,谷口牧場,580.5,2007.0,2001.0,1985.0
2018104968,ミルウ,牝,友道康夫,,ハービンジャー,000a011996,エルダンジュ,2000101551,サンデーサイレンス,000a00033a,大塚亮一,ノーザンファーム,580.0,2006.0,2000.0,1986.0
2018100592,アンチエイジング,牝,小桧山悟,,メイショウボーラー,2001100650,ケイエスアカリ,2001106354,フジキセキ,1992109618,福田光博,高柳隆男,580.0,2001.0,2001.0,1992.0
2018101328,ランブラスト,牡,小牧毅,,モーリス,2011100655,フェイドレスシーン,2005102159,タニノギムレット,1999100226,伊藤準一郎,二風谷ファーム,579.7,2011.0,2005.0,1999.0
2018103394,シェーンフォレスト,牝,國澤利照,,ベルシャザール,2008103004,ポーラーシェーン,2010102326,Rock Hard Ten,000a010612,小橋亮太,山下恭茂,579.0,2008.0,2010.0,2001.0
2018100486,オーロール,牝,阪本一栄,,マクフィ,000a011c77,ヒーラ,2009102525,ディープインパクト,2002100816,平井裕,白井牧場,579.0,2007.0,2009.0,2002.0
2018104314,アースフレア,牝,米川昇,,Frankel,000a01239b,エレアノラデュース,000a013e36,Azamour,000a01053b,フジワラ・ファーム,フジワラファーム,578.4,2008.0,2007.0,2001.0
2018101618,ウインメイユール,牝,竹之下昭,,モーリス,2011100655,ウインプリメーラ,2010105925,ステイゴールド,1994108729,（同）ＪＰＮ技研,コスモヴューファーム,578.0,2011.0,2010.0,1994.0
2018100084,パナプリ,牡,榎屋充,,リオンディーズ,2013105915,コスモハート,2006104848,マイネルラヴ,1995108558,蟹江知彦,石原牧場,577.5,2013.0,2006.0,1995.0
2018106616,メイショウムート,牡,栗本陽一,,ディープスカイ,2005101358,クリアーパッション,2011100326,キングヘイロー,1995104427,北原大史,本巣敦,577.0,2005.0,2011.0,1995.0
2018102162,ロデオスターメイト,牝,及川良春,,タイムパラドックス,1998101683,マイネジェシカ,2007104906,ロージズインメイ,000a010a10,谷謙介,ビッグレッドファーム,576.6,1998.0,2007.0,2000.0
2018104552,ウォリアープライド,牡,松永幹夫,,マジェスティックウォリアー,000a011e9c,エメラルドヴァレー,2008102804,シンボリクリスエス,1999110099,名古屋友豊,社台ファーム,576.2,2005.0,2008.0,1999.0
2018102861,カワカミカリーナ,牝,千葉津代,,ブラックタイド,2001103312,カワカミサクラ,000a013646,Danehill Dancer,000a002309,上山浩司,三石川上牧場,575.7,2001.0,2013.0,1993.0
2018103717,ドナヴォルタ,牝,竹口勝利,,スズカコーズウェイ,2004104345,サトノハニー,2012102875,ディープインパクト,2002100816,（同）ＪＰＮ技研,グランド牧場,575.1,2004.0,2012.0,2002.0
2018104832,ラグナキリア,牡,井手上慎,,ロードカナロア,2008103552,ララア,000a01179d,Tapit,000a011248,山口謙太郎,社台ファーム,574.2,2008.0,2006.0,2001.0
2018109122,ライトシャワー,牝,手島勝利,,ゴールスキー,2007102676,フリードリームズ,000a010b71,Areion,000a010a76,村山光弘,ストームファームコーポレーション,573.7,2007.0,2002.0,1995.0
2018104824,ノーマロエア,牝,榎屋充,,ダノンシャンティ,2007105709,ライラッククイーン,000a010ab9,Law Society,000a0016ec,組）リノレーシング,社台ファーム,573.3,2007.0,1998.0,1982.0
2018103806,スマイルジャスパー,牝,九日俊光,,シニスターミニスター,000a011099,シュウザンアイ,2002104615,アフリート,000a000013,松野真一,桜井牧場,573.1,2003.0,2002.0,1984.0
2018110033,レイトンヒル,牡,坂口義幸,,Teofilo,000a01139e,Dream of The Hill,000a014908,Tiger Hill,1995190004,谷謙介,Corrin Stud & Upper Farm Stud,572.6,2004.0,2007.0,1995.0
2018101035,デイドリーミン,牝,吉田正美,,シビルウォー,2005102317,エクスフラワー,2001100223,スペシャルウィーク,1995103211,篠塚和郎,細川牧場,572.3,2005.0,2001.0,1995.0
2018103693,パルクールラン,牝,雑賀伸一,,スクリーンヒーロー,2004103328,ディキシーランドジェム,000a01115f,Dixieland Band,000a0017b2,（有）キヨタケ牧場,キヨタケ牧場,571.2,2004.0,2002.0,1980.0
2018106758,ノーブルゲート,牡,板垣吉則,,エスポワールシチー,2005102837,トスカーナ,2008105797,Medicean,000a010a19,吉木伸彦,ラッキー牧場,570.8,2005.0,2008.0,1997.0
2018104356,ネイチャーラブリー,牡,河津裕昭,,ラブリーデイ,2010104298,オアシスムーン,2010103296,アグネスタキオン,1998101516,村山忠弘,藤原牧場,570.5,2010.0,2010.0,1998.0
2018102214,トップオアシス,牡,萱野浩二,,キンシャサノキセキ,2003110212,レッドキャンティー,2011103439,ヨハネスブルグ,000a0103b9,紅露純,細川農場,570.0,2003.0,2011.0,1999.0
2018105663,トーセンネッロ,牡,稻田彰宏,,アイルハヴアナザー,000a011ed3,トーセンナチュラル,2012101083,メイショウサムソン,2003102205,組）オールザベスト組,エスティファーム,568.9,2009.0,2012.0,2003.0
2018101699,タンジロー,牡,堀江仁,,ヒルノダムール,2007100727,ミヤジニキータ,2004103835,クロフネ,1998110135,鈴木伸哉,シンカンファーム,568.5,2007.0,2004.0,1998.0
2018104179,タケマルスワロー,牡,長倉功,,タイセイレジェンド,2007103199,マキシムパラダイス,1996101358,Conquistador Cielo,000a0017cc,山梨純一,西川富岡牧場,568.4,2007.0,1996.0,1979.0
2018101403,トーセンウィンザー,牡,桜井今朝,,ルーラーシップ,2007103143,アドマイヤラック,2009100573,アドマイヤムーン,2003102991,遠藤喜和,秋田牧場,567.8,2007.0,2009.0,2003.0
2018103295,サフランポケット,牡,高橋純,,ジャングルポケット,1998101786,サフランパートナー,2010100058,アドマイヤボス,1997103699,加藤和成,林農場,567.3,1998.0,2010.0,1997.0
2018104728,スワーヴジョーダン,セ,井樋一也,,オルフェーヴル,2008102636,パンズラビリンス,2011104153,メイショウサムソン,2003102205,吉田勝利,社台ファーム,567.1,2008.0,2011.0,2003.0
2018103340,キフジンノドレス,牝,小島茂之,,ジョーカプチーノ,2006100529,ポジショントーク,2009105816,シンボリクリスエス,1999110099,丸山担,伏木田牧場,567.0,2006.0,2009.0,1999.0
2018103379,ピットフォル,牝,保利良平,,メイショウボーラー,2001100650,イソノキセキ,1998103809,フジキセキ,1992109618,北前孔一郎,村下農場,566.5,2001.0,1998.0,1992.0
2018105838,ピースオブホース,牡,山田質,,タートルボウル,000a012045,ピースオブラック,2006106545,ステイゴールド,1994108729,大越徹朗,渡辺隆,566.1,2002.0,2006.0,1994.0
2018104647,ゼータ,牡,内田勝義,,ノヴェリスト,000a012230,ステラプラド,2008102876,ハーツクライ,2001103038,外池栄一郎,社台ファーム,566.0,2009.0,2008.0,2001.0
2018100125,ディーレクタ,牝,田辺陽一,,リーチザクラウン,2006102923,ランダムトーク,2007102751,ジャングルポケット,1998101786,矢部文子,ヴェルサイユファーム,565.8,2006.0,2007.0,1998.0
2018106611,ケプチャン,牡,東美義,,フリオーソ,2004106867,ラノララク,2010102239,オレハマッテルゼ,2000101550,坂本忠教,ミルファーム,564.7,2004.0,2010.0,2000.0
2018102750,ミズサンフェイム,牡,菅原勲,,ノボジャック,1997110152,エイコオシャトル,2010101531,タイキシャトル,1994109686,岩渕瑞生,萩澤泰博,563.7,1997.0,2010.0,1994.0
2018103771,ロングサクセション,牡,鈴木正也,,ミッキーアイル,2011103916,シビサーバ,000a011a51,Dixieland Band,000a0017b2,岩崎僖澄,ゴールドアップカンパニー,563.4,2011.0,2005.0,1980.0
2018102759,クニノキラメキ,牡,宮川真衣,,ベルシャザール,2008103004,ミュール,2010101551,ブライアンズタイム,000a000082,国田正忠,ヒサイファーム,563.0,2008.0,2010.0,1985.0
2018100802,コンバットマジック,牝,川添明弘,,プリサイスエンド,000a00fe9b,コンバットアマゾン,2009102764,ダンスインザダーク,1993109188,（株）アプエンテ,中川欽一,562.1,1997.0,2009.0,1993.0
2018102697,ケングロリアス,牡,荒山勝徳,,リーチザクラウン,2006102923,フィドルプレイヤー,2007105564,ストラヴィンスキー,000a00fa41,（株）エスティ,築紫洋,562.0,2006.0,2007.0,1996.0
2018102418,カルシファー,牡,阪本一栄,,プリサイスエンド,000a00fe9b,シルクプロミス,2006104637,マヤノトップガン,1992102988,杉浦正佳,ラッキー牧場,562.0,1997.0,2006.0,1992.0
2018101544,テイエムミラクル,牝,石栗龍彦,,アジアエクスプレス,2011110091,レッドハイヒール,2006104232,スペシャルウィーク,1995103211,竹園正繼,カミイスタット,562.0,2011.0,2006.0,1995.0
2018104190,ラブワンダー,牝,室井眞文,,ダイワメジャー,2001103114,テーブルスピーチ,2007100204,フレンチデピュティ,000a00013a,清水徳克,西村牧場,561.2,2001.0,2007.0,1992.0
2018106574,グローエルディング,牡,尾形和幸,,クリエイターII,000a013630,ソフィアルージュ,2003102310,クロフネ,1998110135,伊藤正樹,宮内牧場,561.0,2013.0,2003.0,1998.0
2018104472,ベゼドランジュ,牝,今野貞一,,ハーツクライ,2001103038,キストゥリメンバー,000a013866,Big Brown,000a01173e,ヒダカ・ブリーダーズ・ユニオン,矢野牧場,561.0,2001.0,2011.0,2005.0
2018104013,リルブラーヴ,牡,佐宗応和,,サクラゼウス,2004104495,サクラフォンテーヌ,2011103861,ゼンノロブロイ,2000101517,遠藤正子,谷岡スタット,561.0,2004.0,2011.0,2000.0
2018103933,テーオーエルサ,牝,梅田智之,,ロードカナロア,2008103552,ラハイナII,000a0123d4,Milt's Overture,000a012301,小笹公也,タイヘイ牧場,561.0,2008.0,2008.0,1991.0
2018101914,マミリアス,牡,八木正喜,,リオンディーズ,2013105915,ハニーハント,2001103448,エンドスウィープ,000a00010f,田中準市,中山高鹿康,561.0,2013.0,2001.0,1991.0
2018100723,レイモミ,牝,千田輝彦,,ディープインパクト,2002100816,ネックレス,000a01378a,Darshaan,000a0019b1,ニッシンホールディングス,チャンピオンズファーム,561.0,2002.0,2001.0,1981.0
2018100508,スラストリバーサー,牡,井手上慎,,アッミラーレ,1997100569,クロイヒトミ,2001106273,ジェイドロバリー,000a0001a7,伊藤雅康,新生ファーム,560.6,1997.0,2001.0,1987.0
2018103727,カザルス,牡,雑賀正光,,ダンカーク,000a012185,ダッシングハニー,2002104552,アサティス,1985109002,宮崎冴子,グランド牧場,560.5,2006.0,2002.0,1985.0
2018101418,カイレイダディ,牡,平山真希,,グランプリボス,2008103388,カツンダモン,2013102712,エンパイアメーカー,000a010542,森田徹,アサヒ牧場,560.5,2008.0,2013.0,2000.0
2018103953,ドルチェヴィータ,牝,工藤裕孝,,トランセンド,2006104736,ジョロキアキャット,2010102531,タニノギムレット,1999100226,畠山浩司,高橋ファーム,560.2,2006.0,2010.0,1999.0
2018102785,トペコンヒーロ,牡,田島寿一,,エスケンデレヤ,000a012cc0,フェレット,1997103390,サンデーサイレンス,000a00033a,細川勝也,藤巻則弘,559.0,2007.0,1997.0,1986.0
2018103944,ロマンロケット,牝,平松徳彦,,ミッキーアイル,2011103916,マーティンオート,2010102857,プリサイスエンド,000a00fe9b,和田博美,高橋修,558.6,2011.0,2010.0,1997.0
2018101484,ファインヒューズ,牝,那俄性哲,,ヘニーヒューズ,000a011155,メジロラルゴ,2003103351,フジキセキ,1992109618,（株）Ｌｏｙａｌｔｙ,岩見牧場,558.5,2003.0,2003.0,1992.0
2018104781,ブッカープライズ,牡,川添明弘,,ノヴェリスト,000a012230,ペディクラリス,2003104258,サンデーサイレンス,000a00033a,桑田照夫,社台ファーム,558.2,2009.0,2003.0,1986.0
2018102701,サンドフィッシュ,牡,高橋純,,トーセンラー,2008102985,フローラルホール,2008103649,オペラハウス,000a000d77,石瀬浩三,土田和男,558.0,2008.0,2008.0,1988.0
2018100676,ムーンランディング,牝,中川雅之,,アドマイヤムーン,2003102991,タクトフリー,000a0127ed,ディスクリートキャット,000a0113a1,野川貴人,ダーレー・ジャパン・ファーム,557.8,2003.0,2009.0,2003.0
2018102738,ペイシャレン,牝,平山宏秀,,エスケンデレヤ,000a012cc0,バイカオウレン,2007106436,フジキセキ,1992109618,北所拓也,ニシケンファーム,557.4,2007.0,2007.0,1992.0
2018101119,モズキタマサケンジ,牡,国沢利照,,ハービンジャー,000a011996,バーレーヘッズ,2008100252,スペシャルウィーク,1995103211,小橋亮太,目黒牧場,556.5,2006.0,2008.0,1995.0
2018104361,ブルーモンターニュ,牝,飯田弘道,,リオンディーズ,2013105915,シースナイプ,2007102932,グラスワンダー,1995108676,石澤純平,藤原牧場,556.3,2013.0,2007.0,1995.0
2018104496,サンダースピアー,牡,村上頼章,,ジョーカプチーノ,2006100529,ハイヨーシルバー,2012101031,クロフネ,1998110135,酒井孝敏,Ｕ・Ｍ・Ａ,556.0,2006.0,2012.0,1998.0
2018102003,テキサスブロンコ,牡,佐藤裕太,,ロードカナロア,2008103552,リオグランデ,2010104427,ディープインパクト,2002100816,山田弘,新冠橋本牧場,556.0,2008.0,2010.0,2002.0
2018100678,ベネフィサンス,牝,藤田輝信,,パイロ,000a01176a,チャリティークエスト,000a0116f0,コロナドズクエスト,000a0000b5,ゴドルフィン,ダーレー・ジャパン・ファーム,556.0,2005.0,2004.0,1995.0
2018106453,メイショウメイロウ,牝,今井輝和,,クリエイターII,000a013630,タイヨウノコ,2012105491,エンパイアメーカー,000a010542,松本好雄,林孝輝,555.0,2013.0,2012.0,2000.0
2018100836,ヤイロウェイヴ,牡,工藤真司,,キングヘイロー,1995104427,アラブランカ,2000106445,ディアブロ,000a0000e9,林勝宗,長田ファーム,555.0,1995.0,2000.0,1987.0
2018100007,カイマナリノ,牝,牧浦充徳,,ミッキーアイル,2011103916,グロッタアズーラ,2007103011,フジキセキ,1992109618,松岡雅昭,アイズスタッド,555.0,2011.0,2007.0,1992.0
2018104259,ノビーノヒカリ,牝,川島豊,,シニスターミニスター,000a011099,プレイフォーノビー,2011100428,アドマイヤムーン,2003102991,田口絢子,服部牧場,554.0,2003.0,2011.0,2003.0
2018102779,ロードバイファル,牡,関本浩司,,シニスターミニスター,000a011099,フレンチトウショウ,2009103946,フレンチデピュティ,000a00013a,小橋亮太,広田牧場,554.0,2003.0,2009.0,1992.0
2018101041,リリメリア,牝,木村健,,ベルシャザール,2008103004,アイビー,2006106071,サクラバクシンオー,1989108341,樋口雅彦,本間牧場,553.7,2008.0,2006.0,1989.0
2018103148,パフュームリボン,牝,大島静夫,,ダノンレジェンド,2010110102,ホッコーパフューム,2013102940,ヴィクトワールピサ,2007102923,組）リノレーシング,高昭牧場,553.4,2010.0,2013.0,2007.0
2018105354,コーヒーソフト,牝,宗石大,,リオンディーズ,2013105915,ルミナスハッピー,2005102707,アグネスタキオン,1998101516,濱口正章,ノーザンファーム,553.2,2013.0,2005.0,1998.0
2018109035,キタマクフィー,牝,鹿沼良和,,マクフィ,000a011c77,ケイワンスイート,2006109146,キャプテンスティーヴ,000a000d9d,北村守彦,北村牧場,552.9,2007.0,2006.0,1997.0
2018103050,ソルフィネット,牝,黒木豊,,マクフィ,000a011c77,サンコロネット,2006100285,スペシャルウィーク,1995103211,関昭一,笠松牧場,552.4,2007.0,2006.0,1995.0
2018101537,ヒテンハーバー,牡,雑賀伸一,,メイショウボーラー,2001100650,パラマンボハーバー,2010106161,アドマイヤジャパン,2002102324,木村公子,カミイスタット,551.7,2001.0,2010.0,2002.0
2018100866,ノールック,牝,高橋俊之,,トビーズコーナー,000a011fed,エクセルギー,2010100872,ブライアンズタイム,000a000082,高橋真紀,野島牧場,551.3,2008.0,2010.0,1985.0
2018100507,ポストモダン,牝,中野博,,ダノンシャーク,2008105554,クリスマスローズ,2009103201,アグネスデジタル,1997110025,小橋亮太,新生ファーム,551.2,2008.0,2009.0,1997.0
2018105093,プレアヴィヒア,牝,渡辺薫彦,,ドゥラメンテ,2012104511,スカイディーバ,000a0117d4,Sky Mesa,000a010a66,Ｇ１レーシング,ノーザンファーム,550.0,2012.0,2006.0,2000.0
2018106735,ハナビチャン,牝,真島正徳,,レッドスパーダ,2006105511,ショワサージュ,2004103091,クロフネ,1998110135,西村健作,小野瀬竜馬,549.8,2006.0,2004.0,1998.0
2018100550,シゲルブイン,牡,田中譲二,,キンシャサノキセキ,2003110212,テンダーエモーション,000a014259,Pivotal,000a002328,（同）ＪＰＮ技研,シンボリ牧場,549.5,2003.0,2011.0,1993.0
2018106083,カミノアカフジ,牡,藤川純,,ベルシャザール,2008103004,カミノサンサン,2012102910,ゼンノロブロイ,2000101517,（株）ＴＫＫ,杵臼牧場,549.0,2008.0,2012.0,2000.0
2018103396,キタノサブライム,牡,池田忠好,,グランデッツァ,2009105989,ニシノプロミネンス,1998101176,ブライアンズタイム,000a000082,北所拓也,山田牧場,548.7,2009.0,1998.0,1985.0
2018105999,テンポラーレ,牡,山中尊徳,,トランセンド,2006104736,マルモリバニー,2010104679,ダンスインザダーク,1993109188,（株）ロマンス,大柳ファーム,548.5,2006.0,2010.0,1993.0
2018101981,カツコ,牝,寺島良,,ハービンジャー,000a011996,ギンザヴィクトリア,2012100544,ゼンノロブロイ,2000101517,武田修,新冠橋本牧場,548.5,2006.0,2012.0,2000.0
2018102536,イチゴショート,牝,川村守男,,エイシンヒカリ,2011101273,トゥルビネ,2012104897,クロフネ,1998110135,伊藤弘泰,木田牧場,548.0,2011.0,2012.0,1998.0
2018100461,リュクスガレリア,牡,坂口義幸,,サンカルロ,2006102822,イトハユリ,2011103699,ゼンノロブロイ,2000101517,田畑憲士,庄野牧場,548.0,2006.0,2011.0,2000.0
2018101000,パラティッシ,牡,山田徹,,タイムパラドックス,1998101683,テールバインダー,2007106038,カコイーシーズ,1986109001,瀬戸竜男,船越牧場,547.3,1998.0,2007.0,1986.0
2018102028,キリーティー,セ,中竹和也,,ハーツクライ,2001103038,アンシャンタン,2008110053,Unbridled's Song,000a002071,前田幸治,ノースヒルズ,547.0,2001.0,2008.0,1993.0
2018104087,ブーゲンビリア,牝,高橋俊之,,キズナ,2010105827,ダノンエレガント,2009103862,ブライアンズタイム,000a000082,シグラップ・マネジメ,千代田牧場,546.8,2010.0,2009.0,1985.0
2018106136,ザベストデイ,牝,藤ヶ崎一,,ディスクリートキャット,000a0113a1,シェイキットオフ,2013102875,マーベラスサンデー,1992103687,広瀬将嗣,グランデファーム,546.5,2003.0,2013.0,1992.0
2018103001,ケヴィンズクロス,牡,加藤和宏,,スウェプトオーヴァーボード,000a00fa34,グレンダロッホ,2013105708,ディープインパクト,2002100816,（株）ファーストビジ,梅田牧場,546.0,1997.0,2013.0,2002.0
2018101230,カッター,牡,石井勝男,,グランプリボス,2008103388,カツジャックポット,2011102130,ダイワメジャー,2001103114,竹内利子,若林順一,546.0,2008.0,2011.0,2001.0
2018100353,ノボミラクル,牡,山崎裕也,,ヴィクトワールピサ,2007102923,ノボキッス,2003104701,フレンチデピュティ,000a00013a,矢野琢也,サンバマウンテンファーム,545.0,2007.0,2003.0,1992.0
2018103074,テイエムユキマイ,牝,竹之下昭,,ヴァンセンヌ,2009106525,リトルイライザ,2003102779,クロフネ,1998110135,竹園正繼,熊谷武,544.5,2009.0,2003.0,1998.0
2018105919,エイシンピタゴラス,牡,井樋明正,,エイシンアポロン,2007110020,エイシンバヤール,2012105118,ハーツクライ,2001103038,西隆久,栄進牧場,544.3,2007.0,2012.0,2001.0
2018100899,スマイルフェアリー,牝,菅原勲,,エピファネイア,2010104155,テンシノホホエミ,2011100756,ダイワメジャー,2001103114,飯田真也,浜本牧場,544.1,2010.0,2011.0,2001.0
2018103436,ドリーミーライフ,牝,森下淳平,,ホッコータルマエ,2009100921,ニジノムコウ,2005110160,Flatter,000a010d05,櫻井盛夫,石川牧場,544.0,2009.0,2005.0,1999.0
2018100075,ラヴィダヴィ,牝,凾館一昭,,ルースリンド,2001106791,マイネシャリマー,2004105683,ムタファーウエク,000a000d9e,横田一男,荒井ファーム,544.0,2001.0,2004.0,1996.0
2018100541,マツリダジョオー,牝,平沢芳三,,クリエイターII,000a013630,スイートフィズ,2004109165,クロフネ,1998110135,高橋福三郎,シンボリ牧場,543.9,2013.0,2004.0,1998.0
2018104773,ホットポッド,牡,宮川浩一,,スクリーンヒーロー,2004103328,プレリュードフィズ,2013105663,キングカメハメハ,2001103460,小林善一,社台ファーム,543.5,2004.0,2013.0,2001.0
2018102236,サイウン,牝,松平幸秀,,ネオユニヴァース,2000101426,ライトアップ,2001109302,フォーティナイナー,000a000134,渡辺優磨,松浦牧場,542.4,2000.0,2001.0,1985.0
2018106017,ファーブラ,牝,中西達也,,マジェスティックウォリアー,000a011e9c,グレインザダンス,2006103093,ダンスインザダーク,1993109188,炭田豊,帰山清貴,541.5,2005.0,2006.0,1993.0
2018104047,ブレスロガール,牝,宮路洋一,,ディープスカイ,2005101358,トキノメイゲツ,2009103793,クロフネ,1998110135,上岡和男,大典牧場,541.5,2005.0,2009.0,1998.0
2018104916,サムワンスペシャル,牝,山崎裕也,,リーチザクラウン,2006102923,アンプレヴー,2006103376,トワイニング,000a000006,大塚亮一,ノーザンファーム,541.0,2006.0,2006.0,1991.0
2018104752,フライングトリップ,牝,佐藤壽,,タートルボウル,000a012045,フライングバルーン,2009105937,デュランダル,1999106756,豊島愛子,社台ファーム,541.0,2002.0,2009.0,1999.0
2018102786,ミスチェリー,牝,那俄性哲,,エスポワールシチー,2005102837,スカイウェー,000a012044,Trans Island,000a011f89,宮澤健,堀川洋之,540.5,2005.0,2007.0,1995.0
2018102199,メジャータイム,牡,瀬戸口悟,,カレンブラックヒル,2009106230,アンケセナーメン,2010106013,ブライアンズタイム,000a000082,吉岡泰治,北星村田牧場,540.0,2009.0,2010.0,1985.0
2018101656,ジョウショーハニー,牝,雑賀正光,,トーセンジョーダン,2006103169,ジョウショーエガオ,2012102216,ケイムホーム,000a0108d1,熊田義孝,五丸農場,539.5,2006.0,2012.0,1999.0
2018110030,ズーカー,牡,久保田信,,Zoffany,000a012701,Clara Bow,000a013ff5,Sadler's Wells,000a00185d,豊島愛子,Mr Albert Conneally,539.0,2008.0,2002.0,1981.0
2018102489,チョウワイルド,牡,織田誠,,ワイルドワンダー,2002104665,テラコッタ,2007102793,アグネスタキオン,1998101516,丸山隆雄,オギオギ牧場,538.6,2002.0,2007.0,1998.0
2018102589,ヴィトラス,セ,高橋俊之,,ロードカナロア,2008103552,ニンフェアアルバ,000a012520,Monsun,000a010db6,村瀬恵都子,ケイアイファーム,537.9,2008.0,2007.0,1990.0
2018102876,ムーンライトキッス,牝,山口益巳,,ディスクリートキャット,000a0113a1,ミスムーンライトII,000a012523,プラティニ,1989109107,谷謙介,三石川上牧場,537.6,2003.0,2010.0,1989.0
2018102604,レジュールウール,牝,野口寛仁,,ロードカナロア,2008103552,レディハピネス,2007103589,モンジュー,1996190001,蓑島竜一,ケイアイファーム,536.8,2008.0,2007.0,1996.0
2018102892,イイデチャンプ,牡,村上正和,,トゥザワールド,2011103975,ブライアンズビコー,1999104245,ブライアンズタイム,000a000082,須貝廣次,三石ファーム,536.7,2011.0,1999.0,1985.0
2018100381,ノーブルスター,牡,倉地学,,エピファネイア,2010104155,エターナルスター,2010100519,アドマイヤムーン,2003102991,吉木伸彦,下河辺牧場,536.5,2010.0,2010.0,2003.0
2018109013,メイクマイデイ,牡,川島洋人,,ウインバリアシオン,2008103206,ダーティダンシング,2004100727,Danehill Dancer,000a002309,衣斐昭代,石田英機,536.4,2008.0,2004.0,1993.0
2018102672,スノウリリー,牝,北野真弘,,ジョーカプチーノ,2006100529,コスモリリー,2004102329,オペラハウス,000a000d77,南條浩輝,タツヤファーム,535.9,2006.0,2004.0,1988.0
2018104604,リナルド,牡,有馬澄男,,ロードカナロア,2008103552,コイウタ,2003102486,フジキセキ,1992109618,中本行則,社台ファーム,535.2,2008.0,2003.0,1992.0
2018102244,パラリーガル,牝,池田忠好,,カレンブラックヒル,2009106230,ケージーサクランボ,2010105328,キングカメハメハ,2001103460,小菅誠,松木加代,534.4,2009.0,2010.0,2001.0
2018106755,サンクフルレッド,牝,安池成実,,メイショウボーラー,2001100650,ファミリーソング,2013101867,グラスワンダー,1995108676,西村專次,ヒカル牧場,533.1,2001.0,2013.0,1995.0
2018101584,ネレイスフラッシュ,牝,吉田司,,ヘニーハウンド,2008110097,イナズマイーリス,2012100212,ハーツクライ,2001103038,古川忠一,小泉牧場,532.8,2008.0,2012.0,2001.0
2018100795,ミトノラッキー,牝,坂口義幸,,トーセンジョーダン,2006103169,ナトゥーラ,2010100303,フジキセキ,1992109618,遠藤喜和,道見牧場,532.5,2006.0,2010.0,1992.0
2018103846,ゴールドキャット,牝,岩本洋,,ディスクリートキャット,000a0113a1,メイケイペガムーン,2010102760,アドマイヤムーン,2003102991,野路一治,静内酒井牧場,532.0,2003.0,2010.0,2003.0
2018101332,エッセンス,牝,横山保,,オルフェーヴル,2008102636,ペイパーチェイン,000a012101,Dubawi,000a0115e2,北原大史,二風谷ファーム,530.5,2008.0,2008.0,2002.0
2018103218,ワンナイトスタンド,牡,長南和宏,,ベルシャザール,2008103004,エガオヨシ,2006100450,タイキシャトル,1994109686,山田裕史,大北牧場,530.4,2008.0,2006.0,1994.0
2018110013,ギャラントマナー,牡,蛯名正義,,More Than Ready,000a00fcdd,River Cruise,000a01a91c,Not for Love,000a002152,ゴドルフィン,Athens Woods LLC & More Than Ready Syndicate,530.0,1997.0,2000.0,1990.0
2018104369,リアンペスカ,牝,橋本忠明,,キズナ,2010105827,プリンセスペスカ,2006101542,チーフベアハート,1993190010,山田温子,藤原牧場,530.0,2010.0,2006.0,1993.0
2018103165,ショウナンアシュア,牡,池添兼雄,,ドゥラメンテ,2012104511,シニョリーナ,2011103187,キングヘイロー,1995104427,国本哲秀,小島牧場,530.0,2012.0,2011.0,1995.0
2018102038,クラーヴォ,牝,新谷功一,,プリサイスエンド,000a00fe9b,カスクドール,2007104753,ダンスインザダーク,1993109188,ノースヒルズ,ノースヒルズ,530.0,1997.0,2007.0,1993.0
2018105714,メールファンタジア,牝,藪口一麻,,ホールウォーカー,2003105250,クイーンオブヘブン,2013102458,スターリングローズ,1997106560,（有）太盛,ストロベリーフィールドファーム,529.5,2003.0,2013.0,1997.0
2018104124,サトノクリーチャー,牡,田中淳司,,ディープインパクト,2002100816,ミリアグラシア,2010110038,Flashy Bull,000a011b18,飯田正剛,千代田牧場,529.2,2002.0,2010.0,2003.0
2018100340,ファキュルテ,牡,佐藤敏彦,,ストーミングホーム,1998190003,ベルガマスク,2007105468,ネオユニヴァース,2000101426,組）リノレーシング,サンシャイン牧場,529.1,1998.0,2007.0,2000.0
2018103146,ホッコーマイサン,牡,松浦裕之,,ホッコータルマエ,2009100921,ホッコーヴァール,2012101185,スタチューオブリバティ,000a0109d5,矢部道晃,高昭牧場,529.0,2009.0,2012.0,2000.0
2018102805,アルバトリア,牝,斉藤正弘,,ヴィクトワールピサ,2007102923,ニシノビギン,2001102686,パラダイスクリーク,1989109110,加藤徹,本桐牧場,528.9,2007.0,2001.0,1989.0
2018105133,キネシクス,牡,千葉博次,,ハービンジャー,000a011996,チアズメッセージ,2000102044,サンデーサイレンス,000a00033a,山邉浩,ノーザンファーム,528.5,2006.0,2000.0,1986.0
2018101492,チェンマー,牡,岩本洋,,フリオーソ,2004106867,タイセイゴディス,2010104198,ステイゴールド,1994108729,西森鶴,大狩部牧場,528.2,2004.0,2010.0,1994.0
2018106405,ヤマタノオロチ,牡,鷹見浩,,シニスターミニスター,000a011099,シラヤマヒメ,2009100652,サクラローレル,1991103498,山本憲明,中島牧場,528.0,2003.0,2009.0,1991.0
2018101996,ナイトアルニラム,牡,中野博,,ブラックタイド,2001103312,ブルーレイ,2006102842,トワイニング,000a000006,小橋亮太,新冠橋本牧場,527.5,2001.0,2006.0,1991.0
2018106315,ノーザンピーク,牡,井手上慎,,ブラックタイド,2001103312,アドマイヤチャーム,2007101628,キングヘイロー,1995104427,広瀬将嗣,辻牧場,527.2,2001.0,2007.0,1995.0
2018105661,トーセンエリザベス,牝,藤ヶ崎一,,トーセンロレンス,2009106085,トーセンソニア,2008105789,ファンタスティックライト,1996190005,高井良隆男,エスティファーム,527.1,2009.0,2008.0,1996.0
2018110147,コスモサミット,牡,北村欣也,,Savabeel,000a012bb0,Disguised,000a018f20,O'Reilly,000a0104d5,本城,G J Chittick,526.4,2001.0,1999.0,1993.0
2018102532,ゲットオン,牡,池田忠好,,リオンディーズ,2013105915,ビクトリーチャンス,2009101498,ステイゴールド,1994108729,渋谷忠一,木田晶範,526.2,2013.0,2009.0,1994.0
2018100799,ミスティックライツ,牡,佐藤裕太,,バトルプラン,000a0118e8,マサノミストレス,2012105803,キングカメハメハ,2001103460,（株）レックス,道見牧場,526.0,2005.0,2012.0,2001.0
2018104216,コスモザクロ,牡,山田徹,,リーチザクラウン,2006102923,ミカルベウス,2011104355,スウェプトオーヴァーボード,000a00fa34,（株）ＭＲ,野坂牧場,525.6,2006.0,2011.0,1997.0
2018102624,レーヴプルーヴ,牝,繁田健一,,ディスクリートキャット,000a0113a1,ローズシティ,2005102726,フレンチデピュティ,000a00013a,（有）エッジ,佐藤鉄也,525.5,2003.0,2005.0,1992.0
2018105614,トーケンアーサー,牝,佐々木国,,サウスヴィグラス,1996110138,バンダ,2008102349,キングヘイロー,1995104427,トーケンサービス,上水牧場,525.1,1996.0,2008.0,1995.0
2018105617,アロハロック,牝,真島正徳,,キンシャサノキセキ,2003110212,ベストブート,000a00fe5a,Storm Boot,000a002053,荻原慎司,上水牧場,524.8,2003.0,1999.0,1989.0
2018103940,ヒストリー,牡,菅原勲,,キズナ,2010105827,ビーチデバカンス,2010103334,アドマイヤジャパン,2002102324,佐藤良男,高橋修,524.7,2010.0,2010.0,2002.0
2018100172,カリューウコン,牡,平田正一,,リーチザクラウン,2006102923,ハナズルナピエナ,2009102988,アドマイヤムーン,2003102991,中野辰三,奥山博,524.5,2006.0,2009.0,2003.0
2018104132,サクラトップキセキ,牝,板垣吉則,,キンシャサノキセキ,2003110212,ランブリングローズ,2007100566,アグネスデジタル,1997110025,堤興一,千代田牧場,524.0,2003.0,2007.0,1997.0
2018110002,ヒアーズトゥライフ,牡,新子雅司,,Frankel,000a01239b,サウンドオブフリーダム,000a0142d6,Duke of Marmalade,000a011773,吉田照哉,Shadai Farm,523.5,2008.0,2012.0,2004.0
2018101336,オーゴンノキズナ,牝,岡島玉一,,ローズキングダム,2007103404,ナイキアムール,2004104672,マヤノトップガン,1992102988,大野春男,原田新治,523.3,2007.0,2004.0,1992.0
2018104760,イヴァルディ,牡,工藤裕孝,,サウスヴィグラス,1996110138,ブラックアテナ,2008102831,シンボリクリスエス,1999110099,岩渕瑞生,社台ファーム,523.2,1996.0,2008.0,1999.0
2018106009,クライミング,牡,鈴木啓之,,メイショウサムソン,2003102205,マッドアバウトユー,2011101482,アルデバランＩＩ,000a010541,岡本昌市,岡本昌市,523.0,2003.0,2011.0,1998.0
2018101068,ビービーリバーサル,牡,斎藤雄一,,グランプリボス,2008103388,ジョイチャイルド,2006104397,シンボリクリスエス,1999110099,川村初美,前野牧場,523.0,2008.0,2006.0,1999.0
2018100626,ウンジョウノメガミ,牝,入口由美,,キズナ,2010105827,クイックコマンド,000a011496,Gold Legend,000a01147e,鈴木正浩,タバタファーム,522.6,2010.0,2003.0,1990.0
2018102255,サンマッハ,セ,角田輝也,,バゴ,2001190004,スウィートマフィン,2006103165,ダンスインザダーク,1993109188,勝田輝之,三村卓也,522.5,2001.0,2006.0,1993.0
2018102205,ミヤマガール,牝,土屋洋之,,メイショウボーラー,2001100650,フェスティヴレディ,2007104965,ブライアンズタイム,000a000082,小橋亮太,北星村田牧場,522.3,2001.0,2007.0,1985.0
2018100217,マイプレシャスワン,牝,栗本陽一,,リヤンドファミユ,2010104396,ショウナンカガリビ,2007103023,フレンチデピュティ,000a00013a,吉岡廣樹,川島正広,522.3,2010.0,2007.0,1992.0
2018105120,ルグランタンゴ,牝,山口益巳,,ハーツクライ,2001103038,ソブラドラインク,000a013925,Include,000a010906,（同）ＪＰＮ技研,ノーザンファーム,521.3,2001.0,2012.0,1997.0
2018102288,セイウンジャック,牡,山口浩幸,,ブラックタイド,2001103312,ニシノナースコール,2002100167,ブライアンズタイム,000a000082,冨田藤男,村上欽哉,521.0,2001.0,2002.0,1985.0
2018103792,トウケイメニモミヨ,牝,住吉朝男,,トウケイヘイロー,2009101682,トウケイランラン,2013104327,エンパイアメーカー,000a010542,木村信彦,坂本智広,520.9,2009.0,2013.0,2000.0
2018101270,スマイルアカサカ,牡,水野善太,,シニスターミニスター,000a011099,スマイルビジン,2006103995,ゴールドヘイロー,1997101264,小橋亮太,川向高橋育成牧場,520.7,2003.0,2006.0,1997.0
2018102776,ワイディドゥバイ,牡,赤嶺亮,,マクフィ,000a011c77,ライブリーダンス,2003102552,サンデーサイレンス,000a00033a,安田一彦,平野牧場,520.6,2007.0,2003.0,1986.0
2018104974,エンシェントアイル,牡,米谷康秀,,ミッキーアイル,2011103916,エンシェントヒル,2001103297,エンドスウィープ,000a00010f,兼松康太,ノーザンファーム,518.5,2011.0,2001.0,1991.0
2018104024,サクラロワ,牡,稻田彰宏,,ダイワメジャー,2001103114,サクラレーヌ,2006101156,シンボリクリスエス,1999110099,角山喜信,谷岡牧場,517.6,2001.0,2006.0,1999.0
2018103487,クールシラユリ,牝,石川浩文,,アイルハヴアナザー,000a011ed3,キタノシラユリ,1998103998,ダンスインザダーク,1993109188,（株）アプエンテ,岡田スタッド,517.6,2009.0,1998.0,1993.0
2018101706,フレンドポロス,牡,加藤幸保,,トーセンジョーダン,2006103169,マジカルミステリー,2008104543,マンハッタンカフェ,1998101554,横尾晴人,シンユウファーム,517.6,2006.0,2008.0,1998.0
2018101586,スエヒロヴァン,牝,黒田隆男,,カレンブラックヒル,2009106230,キネオスイトピー,2010105454,アドマイヤムーン,2003102991,（株）ＴＫＫ,小泉牧場,517.4,2009.0,2010.0,2003.0
2018104273,エゾフウジン,牝,別府真司,,タイムパラドックス,1998101683,サキノスイセイ,2004104926,ジョリーズヘイロー,000a0001aa,田村章,原弘之,517.3,1998.0,2004.0,1987.0
2018105815,ホウオウマルゴー,牝,新子雅司,,ディープインパクト,2002100816,ハヴユーゴーンアウェイ,000a01387c,Congrats,000a010687,小笹芳央,レイクヴィラファーム,517.0,2002.0,2011.0,2000.0
2018105376,エルピーダ,牝,鮫島克也,,ヘニーヒューズ,000a011155,レースパイロット,2002101011,サンデーサイレンス,000a00033a,西村健,ノーザンファーム,517.0,2003.0,2002.0,1986.0
2018103465,エコロドラグーン,牡,胡本友晴,,アジアエクスプレス,2011110091,マリアローザ,2010100499,フジキセキ,1992109618,小川寛子,大滝康晴,517.0,2011.0,2010.0,1992.0
2018101289,グリムカレッジ,牡,胡本友晴,,トゥザワールド,2011103975,メイショウフーガ,2010102301,メイショウサムソン,2003102205,長浜和也,黒川賢司,515.4,2011.0,2010.0,2003.0
2018102175,ハートリープ,牝,川添明弘,,ダイワメジャー,2001103114,マイネボヌール,2009105146,ロージズインメイ,000a010a10,栗嶋豊明,ビッグレッドファーム,514.3,2001.0,2009.0,2000.0
2018103445,ウエスタンアミーゴ,牝,田嶋弘幸,,Oasis Dream,000a010d4f,ウエスタンクィーン,2002105288,エルコンドルパサー,1995108742,菊地温以,ウエスタンファーム,513.9,2000.0,2002.0,1995.0
2018102962,フジノジャイアント,牡,佐宗応和,,トランセンド,2006104736,テルミークィーン,2009104151,キングカメハメハ,2001103460,遠藤正子,レースホース牧場,513.5,2006.0,2009.0,2001.0
2018106201,メイショウイチズ,牡,小国博行,,ホッコータルマエ,2009100921,メイショウナゴン,2007100984,メイショウホムラ,1988101162,前田良平,太陽牧場,513.2,2009.0,2007.0,1988.0
2018100750,スズロビンソン,牡,桜井拓章,,ミッキーアイル,2011103916,キュルミナン,2007106421,シンボリクリスエス,1999110099,森達郎,ディアレストクラブ,513.0,2011.0,2007.0,1999.0
2018109124,キンカイレイア,牝,古賀光範,,ラブイズブーシェ,2009101075,ウチノオジョウサマ,2014106127,キングカメハメハ,2001103460,竹原孝昭,竹原孝昭,512.5,2009.0,2014.0,2001.0
2018100828,キタノマンゲツ,牡,矢内博,,リオンディーズ,2013105915,スマートエンデバー,2010103828,ファルブラヴ,1998190004,石井智,中原牧場,512.0,2013.0,2010.0,1998.0
2018103233,クララコード,牝,茂崎正善,,ホッコータルマエ,2009100921,レッドサーガ,2010103906,アグネスタキオン,1998101516,組）オールザベスト組,大北牧場,511.9,2009.0,2010.0,1998.0
2018105542,ブライテストダーク,牡,菅原右吉,,ノヴェリスト,000a012230,ビキニスタイル,2011103653,ディープインパクト,2002100816,後藤順男,社台コーポレーション白老ファーム,510.1,2009.0,2011.0,2002.0
2018106512,メイショウミナヅキ,牝,荒川義之,,シニスターミニスター,000a011099,シンメイスバル,2009100792,アドマイヤムーン,2003102991,松本好雄,三嶋牧場,510.0,2003.0,2009.0,2003.0
2018106313,フルフィル,牝,山崎尋美,,ロードカナロア,2008103552,アドマイヤオウカ,2009106410,シンボリクリスエス,1999110099,大塚亮一,辻牧場,510.0,2008.0,2009.0,1999.0
2018106000,ワンプレート,牡,高柳瑞樹,,ロードアルティマ,2000110026,レディサファイア,2007103592,シンボリクリスエス,1999110099,中村智幸,大柳ファーム,510.0,2000.0,2007.0,1999.0
2018105190,ララヴァンド,牝,古賀慎明,,ロードカナロア,2008103552,パープルセイル,2011103819,フジキセキ,1992109618,シルクレーシング,ノーザンファーム,510.0,2008.0,2011.0,1992.0
2018105051,サトノブラーヴ,セ,石橋満,,オルフェーヴル,2008102636,シェルズレイ,2003102823,クロフネ,1998110135,里見治,ノーザンファーム,510.0,2008.0,2003.0,1998.0
2018105037,サトノフィオーレ,牝,西園正都,,ルーラーシップ,2007103143,サトノフローラ,2008103364,アグネスタキオン,1998101516,サトミホースカンパニー,ノーザンファーム,510.0,2007.0,2008.0,1998.0
2018104972,チュウワエンジェル,牝,大久保龍,,ハーツクライ,2001103038,エレクトラム,000a0137fb,High Chaparral,000a010270,中西忍,ノーザンファーム,510.0,2001.0,2011.0,1999.0
2018104915,ディクテイター,牡,斉藤崇史,,ルーラーシップ,2007103143,アンブロワーズ,2002101007,フレンチデピュティ,000a00013a,サンデーレーシング,ノーザンファーム,510.0,2007.0,2002.0,1992.0
2018104657,レッドカムイ,牡,嘉藤貴行,,エピファネイア,2010104155,セレブレイションキャット,000a0124cb,Storm Cat,000a001a98,東京ホースレーシング,社台ファーム,510.0,2010.0,2008.0,1983.0
2018104548,ジューンロールオン,牡,武英智,,ヴィクトワールピサ,2007102923,エッグドロップ,000a013874,Alphabet Soup,000a002286,吉川潤,社台ファーム,510.0,2007.0,2009.0,1991.0
2018102569,シュレンヌ,牝,安田翔伍,,ディープインパクト,2002100816,ウッドランドドリーム,000a0118f4,Charnwood Forest,000a002095,中村祐子,ケイアイファーム,510.0,2002.0,2002.0,1992.0
2018102057,ハギノロマネスク,牝,寺島良,,エピファネイア,2010104155,ハギノウィッシュ,2009106057,アグネスタキオン,1998101516,日隈良江,ノースヒルズ,510.0,2010.0,2009.0,1998.0
2018101263,ナインボール,牝,山田質,,ベルシャザール,2008103004,ベネチアンテンズ,1999103548,クリスタルグリッターズ,000a0000c0,尾高正英,稲原牧場,510.0,2008.0,1999.0,1980.0
2018101055,シエルグリーン,牡,平田正一,,エイシンフラッシュ,2007102951,レディーダービー,2002101970,スペシャルウィーク,1995103211,太田雅貴,本間牧場,510.0,2007.0,2002.0,1995.0
2018100415,アムールマルルー,牝,佐々木由,,ハーツクライ,2001103038,ネイチャーガイド,2003106127,エルコンドルパサー,1995108742,佐々木龍駿,下河辺牧場,510.0,2001.0,2003.0,1995.0
2018100108,ネズコ,牝,戸田博文,,エスケンデレヤ,000a012cc0,グラニースミス,2008102627,ディープインパクト,2002100816,吉澤ホールディングス,浦新徳司,510.0,2007.0,2008.0,2002.0
2018102640,ピースダンス,牝,金田一昌,,ノヴェリスト,000a012230,ポッドローザ,2010103675,ホワイトマズル,1990109700,中平和宏,下屋敷牧場,509.8,2009.0,2010.0,1990.0
2018105691,トーセンローラ,牝,新田守,,トーセンファントム,2007102870,レディートゥーゴー,2013100122,フレンチデピュティ,000a00013a,谷謙介,エスティファーム,509.6,2007.0,2013.0,1992.0
2018101228,カガヤキゴールド,牡,大島静夫,,タイムパラドックス,1998101683,アイキャンデイ,2009101696,ゴールドヘイロー,1997101264,北原大史,若林順一,509.4,1998.0,2009.0,1997.0
2018100228,サンミラー,牝,桜田康二,,トーセンラー,2008102985,ハートオンウェーブ,2000110031,Storm Cat,000a001a98,諸岡慶,北田剛,509.4,2008.0,2000.0,1983.0
2018103716,スティールフェスタ,牝,角川秀樹,,サウスヴィグラス,1996110138,ゴールドフェスタ,2008110014,Medaglia d'Oro,000a010a65,菅野守雄,グランド牧場,509.3,1996.0,2008.0,1999.0
2018106452,ゴットウェーブ,牡,武英智,,ハービンジャー,000a011996,エアガガ,2008102794,ジャングルポケット,1998101786,後藤進,林孝輝,509.0,2006.0,2008.0,1998.0
2018102183,アスルノーヴァ,牡,宮路洋一,,ロージズインメイ,000a010a10,ヴィアラクテア,2004103202,アグネスタキオン,1998101516,上岡和男,ブルースターズファーム,508.5,2000.0,2004.0,1998.0
2018101221,リコーニック,牡,川島雅人,,パイロ,000a01176a,フサイチモナコ,2003102992,フジキセキ,1992109618,土橋正雄,リコーファーム,508.2,2005.0,2003.0,1992.0
2018101042,トロピカリズモ,牝,林隆之,,プリサイスエンド,000a00fe9b,ガッテンハピネス,2010103748,チチカステナンゴ,000a011135,佐久間拓士,本間牧場,508.0,1997.0,2010.0,1998.0
2018109141,ネイバーアイランド,牝,鋤田誠二,,ベルシャザール,2008103004,エバレット,2012109102,ヴァーミリアン,2002100877,清水弘美,田上勝雄,507.6,2008.0,2012.0,2002.0
2018104199,キモンシャイン,牝,井樋一也,,コパノリチャード,2010106552,ラブミーブルー,2011104781,サウスヴィグラス,1996110138,扇原毅士,西村牧場,507.5,2010.0,2011.0,1996.0
2018100862,クリノビックリバゴ,牡,藤川純,,バゴ,2001190004,ユウキフジサン,2007106830,デュランダル,1999106756,栗本篤志,日西牧場,507.0,2001.0,2007.0,1999.0
2018101545,ドンナラボリオーザ,牝,中野博,,エイシンフラッシュ,2007102951,ワーキングウーマン,2004102830,フジキセキ,1992109618,小濱正智,カミイスタット,506.4,2007.0,2004.0,1992.0
2018102300,リープ,牝,山崎裕也,,モーリス,2011100655,リアライズクレア,2009106476,ゴールドアリュール,1999106689,高樽優也,村上欽哉,506.0,2011.0,2009.0,1999.0
2018100834,マッソニアーナ,牡,飯田良弘,,ラブリーデイ,2010104298,ブライダルソング,000a011428,Selkirk,000a001fab,水野淳,中前牧場,506.0,2010.0,2005.0,1988.0
2018100790,ドリームウォリアー,牡,迫田清美,,マジェスティックウォリアー,000a011e9c,ベルベットカフェ,2007105785,マンハッタンカフェ,1998101554,辻祐二,豊郷牧場,506.0,2005.0,2007.0,1998.0
2018103090,ヴィジャーヤ,セ,三小田幸,,オルフェーヴル,2008102636,デプロマトウショウ,2009103950,ファスリエフ,000a00fc4c,冨谷昌弘,桑田牧場,505.9,2008.0,2009.0,1997.0
2018105721,カシノシンセイ,牡,山下定文,,エイシンフラッシュ,2007102951,チヨノドラゴン,2003103267,バブルガムフェロー,1993109219,柏木務,青藍牧場,505.4,2007.0,2003.0,1993.0
2018102955,ワンダーピュルテ,牝,西川進也,,マクフィ,000a011c77,ワンダースキー,2007104031,ストラヴィンスキー,000a00fa41,山本能成,米田牧場,505.2,2007.0,2007.0,1996.0
2018102349,コパノシューマン,牡,西山裕貴,,カレンブラックヒル,2009106230,エルトベーレ,2007110033,Lion Heart,000a010ee2,（同）ＪＰＮ技研,村田牧場,505.0,2009.0,2007.0,2001.0
2018102361,メタモルフォシス,牡,井樋明正,,フェノーメノ,2009106599,メリオール,2012100888,キングカメハメハ,2001103460,田頭勇貴,村田牧場,504.6,2009.0,2012.0,2001.0
2018102001,ビュヴォン,牡,長谷川忍,,ダイワメジャー,2001103114,ラタフィア,1999110001,Cozzene,000a001bda,高山竜二,新冠橋本牧場,503.5,2001.0,1999.0,1980.0
2018100356,バクシンクイン,牝,南弘樹,,バトルプラン,000a0118e8,バクシンオージョ,2004100244,タイキシャトル,1994109686,井上久光,サンバマウンテンファーム,503.4,2005.0,2004.0,1994.0
2018106805,シーレカズマ,牡,柳井宏之,,ディープブリランテ,2009105084,タイキティファニー,2005102495,サクラバクシンオー,1989108341,川添裕起,パカパカファーム,503.2,2009.0,2005.0,1989.0
2018102540,クロマツミッチー,牡,村上実,,ジョーカプチーノ,2006100529,ロバーブ,000a0116d2,Dubai Destination,000a010a60,茂木国久,木田牧場,502.5,2006.0,2005.0,1999.0
2018100195,リリーマイウェー,牡,池添兼雄,,ジャスタウェイ,2009106461,サヴァーレ,2009105695,ローエングリン,1999106738,土井孝夫,賀張中川牧場,502.0,2009.0,2009.0,1999.0
2018101908,トミケンフリット,牡,阪本一栄,,ベルシャザール,2008103004,インブロッサム,2006105035,グラスワンダー,1995108676,（株）ファーストビジ,中山高鹿康,501.5,2008.0,2006.0,1995.0
2018104785,ナリタダイアリー,牝,徳本慶一,,キンシャサノキセキ,2003110212,ボーンレジェンド,2011104421,サクラバクシンオー,1989108341,組）オールザベスト組,社台ファーム,500.8,2003.0,2011.0,1989.0
2018106517,ハロートゥーユー,牝,高橋宏征,,ヘニーハウンド,2008110097,ステラグレイス,2012102685,クロフネ,1998110135,石川秀守,三嶋牧場,500.0,2008.0,2012.0,1998.0
2018105491,ファンタジーライツ,セ,四位洋文,,ロードカナロア,2008103552,カラフルデイズ,2008102625,フジキセキ,1992109618,社台レースホース,社台コーポレーション白老ファーム,500.0,2008.0,2008.0,1992.0
2018104295,トーセンアーバン,牡,後藤正義,,エイシンヒカリ,2011101273,アドマイヤレッド,2006102845,ストラヴィンスキー,000a00fa41,（株）ジャパン・ヘル,藤沢牧場,500.0,2011.0,2006.0,1996.0
2018100121,ファステストシチー,牡,那俄性哲,,エイシンヒカリ,2011101273,プリンセスミユキ,2011100295,スウェプトオーヴァーボード,000a00fa34,シグラップ・マネジメ,ヴェルサイユファーム,499.4,2011.0,2011.0,1997.0
2018104174,アルドゥマン,牡,茂崎正善,,トゥザワールド,2011103975,マストゥドウ,2000109265,チーフベアハート,1993190010,上田忠男,中田浩美,498.9,2011.0,2000.0,1993.0
2018101575,キョウワグロリア,牡,小村正也,,キングヘイロー,1995104427,キョウワアマテラス,2009104604,チーフベアハート,1993190010,青山郁代,協和牧場,497.0,1995.0,2009.0,1993.0
2018101281,セブンパワー,セ,金田一昌,,ラブリーデイ,2010104298,ラヴマリッジ,2005102092,フレンチデピュティ,000a00013a,前迫義幸,北島牧場,496.8,2010.0,2005.0,1992.0
2018104075,ペガサスウイング,牝,高月賢一,,モーリス,2011100655,シーブリーズライフ,2010103002,アドマイヤジャパン,2002102324,飯田正剛,千代田牧場,496.0,2011.0,2010.0,2002.0
2018100261,ランディングホース,牡,板垣吉則,,タニノギムレット,1999100226,クラウンビション,2010101485,メジロベイリー,1998101457,矢野悦三,クラウン日高牧場,495.3,1999.0,2010.0,1998.0
2018100015,ラピッドフォール,牝,吉田司,,アドマイヤムーン,2003102991,コパノベンザイテン,2004106982,アドマイヤベガ,1996107396,大久保和夫,厚賀古川牧場,494.6,2003.0,2004.0,1996.0
2018103440,ビューティーラブ,牝,的場直之,,エスポワールシチー,2005102837,ローレルマロン,1999103979,フォーティナイナー,000a000134,平本敏夫,石川牧場,494.5,2005.0,1999.0,1985.0
2018100090,クレイジーエックス,牡,菅原勲,,ノヴェリスト,000a012230,ダノニー,2006105209,マンハッタンカフェ,1998101554,前田敏文,いとう牧場,494.4,2009.0,2006.0,1998.0
2018101588,ウルズ,牝,茂崎正善,,ヘニーハウンド,2008110097,ゲルズ,2012100210,エンパイアメーカー,000a010542,組）パトリオット,小泉牧場,494.1,2008.0,2012.0,2000.0
2018103464,アースアバンティ,牡,中西達也,,シニスターミニスター,000a011099,ナンヨーアース,2004109177,スペシャルウィーク,1995103211,清水龍,大滝康晴,494.0,2003.0,2004.0,1995.0
2018106664,カフェファンタスト,牡,平山宏秀,,エピファネイア,2010104155,サニーラブカフェ,2004103936,マンハッタンカフェ,1998101554,佐藤言夫,猿倉牧場,493.4,2010.0,2004.0,1998.0
2018103930,エイジ,牡,佐藤雅彦,,キズナ,2010105827,ミネルバサウンド,2003109313,ブライアンズタイム,000a000082,瀬谷隆雄,タイヘイ牧場,493.1,2010.0,2003.0,1985.0
2018105797,マナカフナ,牝,井樋一也,,リオンディーズ,2013105915,マナエヴァ,2010103625,クロフネ,1998110135,山口功,ユートピア牧場,492.6,2013.0,2010.0,1998.0
2018105864,ラティ,牝,田中譲二,,マジェスティックウォリアー,000a011e9c,ヴォーグジャック,2009100173,クロフネ,1998110135,（同）ＪＰＮ技研,鵜木唯義,492.2,2005.0,2009.0,1998.0
2018100413,メイショウケンコン,牡,河内洋,,エピファネイア,2010104155,ツルマルハロー,2006105500,アグネスデジタル,1997110025,松本好雄,下河辺牧場,492.0,2010.0,2006.0,1997.0
2018102318,エルヴァス,牡,稲益貴弘,,ダノンレジェンド,2010110102,マチカネセンヒメ,1999107066,ブライアンズタイム,000a000082,宮川保,村上進治,491.5,2010.0,1999.0,1985.0
2018106639,エムザックベール,牝,赤嶺本浩,,ディスクリートキャット,000a0113a1,マテルナ,2009100488,ダイワメジャー,2001103114,寺西正彰,山田昇史,490.0,2003.0,2009.0,2001.0
2018105145,エリカブライト,牝,松浦聡志,,キングカメハメハ,2001103460,テーブルロンド,000a01379e,Astronomer Royal,000a0136f4,三木正浩,ノーザンファーム,490.0,2001.0,2010.0,2004.0
2018105198,エリカシャンス,牝,安田隆行,,スクリーンヒーロー,2004103328,ビキニブロンド,2009106375,キングカメハメハ,2001103460,唐澤絵里加,ノーザンファーム,489.5,2004.0,2009.0,2001.0
2018101193,ブルートブロッサム,牝,及川良春,,ラブリーデイ,2010104298,ラトーヌタキオン,2007101259,アグネスタキオン,1998101516,岩渕哲郎,ヤナガワ牧場,489.4,2010.0,2007.0,1998.0
2018102820,ゲンパチボロネーゼ,牡,森山英雄,,オルフェーヴル,2008102636,テメリアイランド,000a012522,モンジュー,1996190001,江川伸夫,前川勝春,488.7,2008.0,2005.0,1996.0
2018102269,シークレットギア,牡,松島壽,,リーチザクラウン,2006102923,ウマヤノニウシ,2014105219,ストリートセンス,000a0113a2,（同）ＪＰＮ技研,村上欽哉,487.7,2006.0,2014.0,2004.0
2018101160,ライトオブワールド,牡,宮本仁,,エイシンフラッシュ,2007102951,イエロータキオン,2005105614,アグネスタキオン,1998101516,遠藤喜和,ヤナガワ牧場,486.1,2007.0,2005.0,1998.0
2018106364,ヒルノエルニド,牝,後藤正義,,トゥザグローリー,2007103265,マインツ,2012105416,ジャイアントレッカー,000a01151b,蛭川正文,辻牧場,485.9,2007.0,2012.0,2002.0
2018106395,イチフジクイン,牝,佐藤敏彦,,ダンカーク,000a012185,ワグテイル,2012101548,コマンズ,000a011625,藤村栄子,富田牧場,485.6,2006.0,2012.0,1996.0
2018106546,ポップワール,牝,宗形竹見,,ダノンレジェンド,2010110102,メイショウカガリビ,2006102309,シンボリクリスエス,1999110099,三嶋昌春,三嶋牧場,485.0,2010.0,2006.0,1999.0
2018105386,カフジヴィオレッタ,牝,原口次夫,,ブラックタイド,2001103312,ローエキスキーズ,2013110035,Oasis Dream,000a010d4f,加藤守,ノーザンファーム,484.9,2001.0,2013.0,2000.0
2018102311,フクロウバトアルゴ,牡,齊藤敏,,メイショウサムソン,2003102205,タツサファイヤ,2007109040,サクラバクシンオー,1989108341,中地賢次郎,村上進治,484.5,2003.0,2007.0,1989.0
2018105694,フィールドクラウン,牡,伊藤滋規,,リーチザクラウン,2006102923,キャントセイワーズ,2009103901,アフリート,000a000013,シグラップ・マネジメ,桑原牧場,484.2,2006.0,2009.0,1984.0
2018100708,デイジームーン,牝,及川良春,,ヘニーハウンド,2008110097,ファストムーン,2013100661,アドマイヤムーン,2003102991,吉田啓,千葉飯田牧場,484.2,2008.0,2013.0,2003.0
2018102042,ビスボッチャ,牝,橘友和,,エピファネイア,2010104155,クロンヌドール,2009105896,アグネスタキオン,1998101516,北原摩留,ノースヒルズ,484.1,2010.0,2009.0,1998.0
2018104721,マラッカ,牝,矢野久美,,ローエングリン,1999106738,ハロックライン,2013105667,キングカメハメハ,2001103460,濱村充哉,社台ファーム,483.8,1999.0,2013.0,2001.0
2018106390,エルフバローズ,牝,川添明弘,,マジェスティックウォリアー,000a011e9c,メイショウアンデス,2006102155,ダンスインザダーク,1993109188,（株）アプエンテ,富田牧場,483.4,2005.0,2006.0,1993.0
2018103754,スマイルザロック,牝,宇野木博,,スズカコーズウェイ,2004104345,ラッキーガール,2010102623,サウスヴィグラス,1996110138,松野真一,グランド牧場,483.0,2004.0,2010.0,1996.0
2018102944,ペイフォン,牡,佐藤雅彦,,ジョーカプチーノ,2006100529,ブルーファイブ,2001100635,シンコウキング,1991109947,石川諭,山野牧場,482.9,2006.0,2001.0,1991.0
2018105651,トーセンヴァネッサ,牝,田口輝彦,,トーセンブライト,2001103660,トーセンヴェール,2009106231,クロフネ,1998110135,辻高史,エスティファーム,482.8,2001.0,2009.0,1998.0
2018103525,ウインドアリエル,牝,野田幸雄,,ロージズインメイ,000a010a10,トーワフォーエバー,2010102138,ステイゴールド,1994108729,福原正博,岡田スタッド,482.8,2000.0,2010.0,1994.0
2018105945,イソエイヒカリ,牡,鈴木義久,,エイシンヒカリ,2011101273,エーシンサルサ,2010101446,サウスヴィグラス,1996110138,磯部敏夫,栄進牧場,481.5,2011.0,2010.0,1996.0
2018101647,ブルーホープ,牡,頼本盛行,,ロージズインメイ,000a010a10,モエレカトリーナ,2005104399,ゴールドヘイロー,1997101264,小橋亮太,コスモヴューファーム,481.5,2000.0,2005.0,1997.0
2018101435,タイセイジェニー,牝,米川昇,,バゴ,2001190004,アラマサスナイパー,2003100057,ステイゴールド,1994108729,梶川憲一,アラキファーム,481.4,2001.0,2003.0,1994.0
2018105135,ケルト,牡,戸田博文,,ノヴェリスト,000a012230,チャイナドール,2001103381,スペシャルウィーク,1995103211,小濱忠一,ノーザンファーム,481.0,2009.0,2001.0,1995.0
2018101206,ギャンブルレディ,牝,渡辺和雄,,アジアエクスプレス,2011110091,テラノココロ,2009106322,シンボリクリスエス,1999110099,井上幸人,山田政宏,481.0,2011.0,2009.0,1999.0
2018100014,フーレドロール,牡,頼本盛行,,キングズベスト,000a0022d2,キョウエイプレアー,2007106581,バチアー,000a00004b,遠藤喜和,旭牧場,480.3,1997.0,2007.0,1997.0
2018105898,エイシンキーゼル,牡,庄子昭彦,,ローレルゲレイロ,2004100933,エイシンイソップ,2013103500,フレンチデピュティ,000a00013a,酒井孝敏,栄進牧場,480.1,2004.0,2013.0,1992.0
2018100218,ポップディーヴァ,牝,伊藤和忍,,シニスターミニスター,000a011099,テーマソング,2006102978,ジャングルポケット,1998101786,会田裕一,川島正広,480.1,2003.0,2006.0,1998.0
2018101227,リコージル,牝,蛯名雄太,,スマートファルコン,2005100097,リコーレイス,2009101355,カコイーシーズ,1986109001,土橋正雄,リコーファーム,480.0,2005.0,2009.0,1986.0
2018105329,コスモパラティーナ,牡,鮫島克也,,ディスクリートキャット,000a0113a1,ラファダリ,2009102636,シングスピール,1992190005,西村健,ノーザンファーム,479.5,2003.0,2009.0,1992.0
2018102016,ヤマニンジャベリン,牡,伊藤和,,フェノーメノ,2009106599,ヤマニンシュクル,2001104834,トウカイテイオー,1988101025,土井久美子,錦岡牧場,478.8,2009.0,2001.0,1988.0
2018103841,フォーリボス,牡,桜田浩樹,,トランセンド,2006104736,クリスタルブランカ,2009103899,ネオユニヴァース,2000101426,Ｉレーシング（株）,静内酒井牧場,478.6,2006.0,2009.0,2000.0
2018102252,イツハ,牝,加藤誠一,,ラブリーデイ,2010104298,ダイヤモンドパール,2009105275,クロフネ,1998110135,森本敏正,的場牧場,478.0,2010.0,2009.0,1998.0
2018100322,ダイヤモンドカノン,牝,工藤裕孝,,ヴィクトワールピサ,2007102923,ケリーズビューティ,2001100858,ブライアンズタイム,000a000082,川添裕起,坂戸節子,474.6,2007.0,2001.0,1985.0
2018101490,タイセイロワイヤル,牡,佐藤雅彦,,ローズキングダム,2007103404,グラントリノ,2009104487,グランデラ,000a00fe3b,田中成奉,大狩部牧場,474.5,2007.0,2009.0,1998.0
2018101880,キミョウキテレツ,牝,坂口義幸,,バトルプラン,000a0118e8,アミザクラ,2012106333,メイショウボーラー,2001100650,内田律子,中地義次,474.3,2005.0,2012.0,2001.0
2018105555,アスクマンカップ,牡,松木啓助,,ロードカナロア,2008103552,ポルカマズルカ,2006102994,ティンバーカントリー,000a00035e,織田隆寛,社台コーポレーション白老ファーム,474.0,2008.0,2006.0,1992.0
2018102501,トミケンサルタール,牝,山元博徳,,リオンディーズ,2013105915,キャリーウェーブ,2008103478,アグネスタキオン,1998101516,（株）ファーストビジ,片山牧場,472.5,2013.0,2008.0,1998.0
2018105444,レインボークラウド,牝,石坂公一,,ドゥラメンテ,2012104511,ミッドタウンレディ,2007102885,ゼンノロブロイ,2000101517,吉田安惠,追分ファーム,472.1,2012.0,2007.0,2000.0
2018104989,イニシュモア,牝,別府真司,,オルフェーヴル,2008102636,カレドニアレディ,000a013eb4,Firebreak,000a01031a,原久美子,ノーザンファーム,471.7,2008.0,2009.0,1999.0
2018102262,カオリナイト,牝,的場均,,ペルーサ,2007102705,ウィステリアカフナ,2011105334,スペシャルウィーク,1995103211,谷口祐人,村上欽哉,471.7,2007.0,2011.0,1995.0
2018101070,フジサクラ,牝,岩崎真樹,,アジアエクスプレス,2011110091,セレンディップ,2013100944,ダイワメジャー,2001103114,小島光治,前野牧場,471.0,2011.0,2013.0,2001.0
2018104315,グローリーエックス,セ,渡部則夫,,ヴィクトワールピサ,2007102923,オールザットジャズ,2008100868,タニノギムレット,1999100226,白鳥久男,フジワラファーム,470.8,2007.0,2008.0,1999.0
2018106431,キャラクターピース,牝,佐久間雅,,シニスターミニスター,000a011099,ドキドキガール,2009100684,キングヘイロー,1995104427,日東牧場,日東牧場,470.6,2003.0,2009.0,1995.0
2018103350,ワンダースパイン,牡,西村守幸,,ワンダーアキュート,2006106794,ワンダープリマ,2006106793,デヒア,000a0000df,山本能成,藤春修二,470.3,2006.0,2006.0,1991.0
2018106164,プナヘレ,牡,的場直之,,クリエイターII,000a013630,セインツプレイ,000a011a50,Saint Ballado,000a00212e,林田憲次,佐々木恵一,470.0,2013.0,2002.0,1989.0
2018105099,クイーンズキトゥン,牝,藤沢和雄,,ディープインパクト,2002100816,ステファニーズキトゥン,000a012f07,Kitten's Joy,000a0119b3,サンデーレーシング,ノーザンファーム,470.0,2002.0,2009.0,2001.0
2018101292,ヌータウ,牡,佐々木功,,トゥザワールド,2011103975,ニシノジャンヌ,2001102685,ブライアンズタイム,000a000082,江崎聡,鹿戸あけみ,470.0,2011.0,2001.0,1985.0
2018105925,フェズンツアイ,牝,徳本慶一,,トゥザワールド,2011103975,エイシンマカロン,2012102626,エンパイアメーカー,000a010542,徳本要,栄進牧場,469.7,2011.0,2012.0,2000.0
2018102914,ファッベラ,牡,千葉幸喜,,ラブリーデイ,2010104298,レッドフォーチュン,2010101699,クロフネ,1998110135,根田喜久雄,明治牧場,469.7,2010.0,2010.0,1998.0
2018104302,アイコトバ,牝,福田真広,,ドゥラメンテ,2012104511,デヒアバーズ,2004104972,デヒア,000a0000df,藤沢澄雄,藤沢牧場,469.6,2012.0,2004.0,1991.0
2018103573,マメニーニャ,牝,後藤正義,,トランセンド,2006104736,ハロウィーン,2001104268,エルコンドルパサー,1995108742,松本光弘,岡田猛,468.8,2006.0,2001.0,1995.0
2018101758,エンパワード,牝,打越勇児,,スマートファルコン,2005100097,フローレセンス,2009104812,タイムパラドックス,1998101683,飛彈共栄,武田修一,468.5,2005.0,2009.0,1998.0
2018101164,テーオーラターシュ,牝,高柳大輔,,ホッコータルマエ,2009100921,キャンディーストア,2003102959,スペシャルウィーク,1995103211,小笹公也,ヤナガワ牧場,468.2,2009.0,2003.0,1995.0
2018103264,マイバウム,牡,大和田成,,シンボリクリスエス,1999110099,オリヴェット,2002106318,ダンスインザダーク,1993109188,栗坂崇,中神牧場,467.9,1999.0,2002.0,1993.0
2018110125,バジェットライン,牝,玉井昇,,デクラレーションオブウォー,000a0136f6,Fraulein,000a014117,ディープインパクト,2002100816,角谷守正,Chiyoda Farm,467.4,2009.0,2013.0,2002.0
2018104930,デスティノアーラ,牝,池添学,,ディープインパクト,2002100816,ウイングステルス,000a012f88,Hawk Wing,000a010d4d,キャロットファーム,ノーザンファーム,467.0,2002.0,2005.0,1999.0
2018105882,サンコルテス,牝,植松則幸,,ゴールドヘイロー,1997101264,ワイエムサチ,2002102676,タバスコキャット,000a000348,ファーストビジョン,浦河小林牧場,466.8,1997.0,2002.0,1991.0
2018102900,フィリウスデイ,牡,水野善太,,ルーラーシップ,2007103143,ゴットサーガ,2011103595,ダンスインザダーク,1993109188,冨田清誠,明治牧場,466.8,2007.0,2011.0,1993.0
2018103808,ストックグロリー,牡,角川秀樹,,グランプリボス,2008103388,ストック,2008100339,キングカメハメハ,2001103460,門別敏朗,桜井牧場,466.1,2008.0,2008.0,2001.0
2018102631,ノルトクリーガー,牡,柏原誠路,,サウスヴィグラス,1996110138,レディピアレス,2004103146,Point Given,000a00fdbd,渡部賢治,嶋田牧場,466.0,1996.0,2004.0,1998.0
2018100635,ダイヤモンドブルー,牝,伊藤和忍,,ドゥラメンテ,2012104511,ローデッド,2012105924,ディープインパクト,2002100816,阿部弘利,タバタファーム,465.9,2012.0,2012.0,2002.0
2018103664,ブラックマーメイド,牝,堀千亜樹,,リオンディーズ,2013105915,イルドロール,2006102730,ゴールドアリュール,1999106689,多田賢司,神垣道弘,465.5,2013.0,2006.0,1999.0
2018106358,リターンギフト,牝,坂本昇,,ダノンレジェンド,2010110102,ヒラボクウィン,2008101612,ワイルドラッシュ,000a0003a1,辻牧場,辻牧場,465.0,2010.0,2008.0,1994.0
2018102383,タガノリヴェラーノ,牡,九日俊光,,マクフィ,000a011c77,エディンバラ,2013101722,キングカメハメハ,2001103460,土山弘昭,八木牧場,464.8,2007.0,2013.0,2001.0
2018106412,ルイズマキアート,牡,久保田信,,ジョーカプチーノ,2006100529,ヒダカナデシコ,2007100034,シンボリクリスエス,1999110099,豊島愛子,中脇満,464.0,2006.0,2007.0,1999.0
2018101892,ヴィルセキュリティ,牝,鋤田誠二,,メイショウボーラー,2001100650,エイシンパンドラ,2001100126,フォーティナイナー,000a000134,廣田優生,中本隆志,463.9,2001.0,2001.0,1985.0
2018106140,ジャイマオウリボン,牝,伊藤滋規,,ローエングリン,1999106738,メイショウグレイス,2002103309,グラスワンダー,1995108676,田中大,近藤牧場,463.0,1999.0,2002.0,1995.0
2018105372,ギャラクサイト,牡,長倉功,,ハーツクライ,2001103038,レーヴディマン,000a011c88,Highest Honor,000a00185c,（株）ＯＫＣ,ノーザンファーム,463.0,2001.0,2001.0,1983.0
2018102474,ジャヤワルダナ,セ,今津博之,,サウスヴィグラス,1996110138,オボロヅキ,2005100266,カリズマティック,000a00fa33,道地房男,沖田哲夫,462.9,1996.0,2005.0,1996.0
2018103726,スズカオーザ,セ,橋田満,,ディープインパクト,2002100816,スプリングサンダー,2007100267,クロフネ,1998110135,永井啓弍,グランド牧場,462.8,2002.0,2007.0,1998.0
2018100761,ルリオウ,牡,東美義,,ゴールドシップ,2009102739,デヴェロッペ,2005103632,ボストンハーバー,000a00007c,小橋亮太,ディアレストクラブ,462.3,2009.0,2005.0,1994.0
2018102395,ヴレネリ,牝,宗形竹見,,ジョーカプチーノ,2006100529,ヘルヴェティア,2011102395,サウスヴィグラス,1996110138,今村明浩,山岡ファーム,462.0,2006.0,2011.0,1996.0
2018104256,ルビースター,牝,加藤和宏,,キズナ,2010105827,ハーランズロマン,2012110120,Harlan's Holiday,000a010cdf,（株）ファーストビジ,服部牧場,461.8,2010.0,2012.0,1999.0
2018101959,タガノジョリーン,牝,川田孝好,,タガノゲルニカ,2002103050,タガノプルミエール,2004102748,アグネスタキオン,1998101516,崎谷彦司,新冠タガノファーム,461.7,2002.0,2004.0,1998.0
2018100460,ララアンドツイカ,牝,新子雅司,,リオンディーズ,2013105915,ワイドロータス,2006105530,ダンスインザダーク,1993109188,幅田昌伸,下河辺牧場,461.5,2013.0,2006.0,1993.0
2018106906,アブラアルバム,牝,溝橋利喜,,ダノンレジェンド,2010110102,チャームキャップ,2005100929,キャプテンスティーヴ,000a000d9d,組）オールザベスト組,村上進治,460.8,2010.0,2005.0,1997.0
2018100447,ダンスインザスノー,牡,真島元徳,,リオンディーズ,2013105915,ユキノマイ,2004105606,ロックオブジブラルタル,000a00fd4c,小川寛子,下河辺牧場,460.5,2013.0,2004.0,1999.0
2018102410,ジュンブーケ,牝,鮫島克也,,キズナ,2010105827,ヴィアレッタ,2011100522,Pivotal,000a002328,成富直行,芳住鉄兵,460.2,2010.0,2011.0,1993.0
2018104612,ベクルックス,牡,蛯名雄太,,ロードカナロア,2008103552,サザンスターズ,000a013892,Smart Strike,000a00211c,社台レースホース,社台ファーム,460.0,2008.0,2013.0,1992.0
2018105243,ジュンゼロ,牡,林正人,,アジアエクスプレス,2011110091,プリンセスノワール,2013106076,ネオユニヴァース,2000101426,夏間洋平,ノーザンファーム,458.0,2011.0,2013.0,2000.0
2018101143,メディアジャッカル,牝,内野健二,,グランプリボス,2008103388,タオルチャン,2010104690,クロフネ,1998110135,長橋秀雄,門別敏朗,457.5,2008.0,2010.0,1998.0
2018100910,スターオブソフィア,牝,八木正喜,,ヴァンセンヌ,2009106525,テーオーバーキン,2013106402,ヴィクトワールピサ,2007102923,北原大史,原田ファーム,457.5,2009.0,2013.0,2007.0
2018104269,セキノアトラス,牡,久保勇,,コパノリチャード,2010106552,レディセラヴィ,2004105725,アグネスタキオン,1998101516,北原大史,服部牧場,456.9,2010.0,2004.0,1998.0
2018106179,サンファボル,セ,工藤裕孝,,マツリダゴッホ,2003104570,アイリスモレア,2005101297,ショウナンカンプ,1998102595,加藤敏雄,松栄牧場,456.8,2003.0,2005.0,1998.0
2018102323,ネオリーズ,牡,佐藤敏彦,,クリエイターII,000a013630,ウェスタリーズ,2005102116,フジキセキ,1992109618,遠藤喜和,ムラカミファーム,456.8,2013.0,2005.0,1992.0
2018101624,ウインジュノー,牝,川島豊,,ヴィクトワールピサ,2007102923,キャッシュインクルーデッド,000a011170,Include,000a010906,（株）ファーストビジ,コスモヴューファーム,456.5,2007.0,2004.0,1997.0
2018106598,ドルフィンクエスト,セ,伊藤大士,,ロードカナロア,2008103552,カハラビスティー,2009105259,ダイワメジャー,2001103114,ミルファーム,ミルファーム,456.1,2008.0,2009.0,2001.0
2018105044,セカンドワルツ,牝,浅見秀一,,ハービンジャー,000a011996,サンエルピス,2011104024,キングカメハメハ,2001103460,三田昌宏,ノーザンファーム,456.0,2006.0,2011.0,2001.0
2018105015,クラウディベイ,牝,盛本信春,,ルーラーシップ,2007103143,クロフォード,2007103220,フジキセキ,1992109618,伏木田達之,ノーザンファーム,456.0,2007.0,2007.0,1992.0
2018102283,アールエクシード,牡,那俄性哲,,ノヴェリスト,000a012230,トクラットリバー,2010104115,ウォーエンブレム,000a00fa35,アシスタント,村上欽哉,456.0,2009.0,2010.0,1999.0
2018100182,リコネクト,牝,後藤正義,,アイルハヴアナザー,000a011ed3,カスタリア,2003102828,サンデーサイレンス,000a00033a,杉岡弘和,オリオンファーム,455.6,2009.0,2003.0,1986.0
2018104866,スプリングイズヒア,牝,岡林光浩,,キングカメハメハ,2001103460,レニーズゴットジップ,000a012f01,City Zip,000a0127e6,堀祥子,社台ファーム,454.0,2001.0,2009.0,1998.0
2018106778,トウキョウスター,牡,渡部則夫,,クリエイターII,000a013630,サッサイア,2003104481,ブライアンズタイム,000a000082,松本朋治,川上牧場,453.7,2013.0,2003.0,1985.0
2018106499,ディニータ,牡,溝橋利喜,,ロードカナロア,2008103552,アイスブレイク,2011106083,マンハッタンカフェ,1998101554,小林聖子,三嶋牧場,453.0,2008.0,2011.0,1998.0
2018103463,バナナムーン,牝,井樋一也,,シンボリクリスエス,1999110099,アリオーン,2009104401,スターリングローズ,1997106560,小橋亮太,大滝康晴,452.9,1999.0,2009.0,1997.0
2018104350,ローゼオ,牡,竹下太,,モーリス,2011100655,ロゼラニ,2010105905,ブラックタイド,2001103312,宮田大三,フジワラファーム,452.8,2011.0,2010.0,2001.0
2018106745,モモエチャン,牝,和田雄二,,クリエイターII,000a013630,クロエチャン,2008104166,スパイキュール,2000101557,リトルブルーファーム,リトルブルーファーム,452.4,2013.0,2008.0,2000.0
2018101179,テーオーラトゥール,牝,大垣敏夫,,ブラックタイド,2001103312,テーオーレイチェル,2010106257,キングカメハメハ,2001103460,小橋亮太,ヤナガワ牧場,451.4,2001.0,2010.0,2001.0
2018101899,ライヴクッキー,牡,赤嶺本浩,,コパノリチャード,2010106552,キーツヨイ,2002102567,タバスコキャット,000a000348,澤田孝之,中本牧場,451.1,2010.0,2002.0,1991.0
2018104864,ゲッレールト,牝,茶木太樹,,ハーツクライ,2001103038,レディシビル,000a012fce,Siyouni,000a012056,スリーエイチレーシング,社台ファーム,451.0,2001.0,2012.0,2007.0
2018101840,ティーティーゴー,牡,碇清次郎,,メイショウボーラー,2001100650,シルクロザリオ,2005104487,ダンスインザダーク,1993109188,康本利幸,堤牧場,451.0,2001.0,2005.0,1993.0
2018109049,ベジタブルストア,牡,庄子昭彦,,アルデバランII,000a010541,ナーサリーライム,2010100700,アグネスタキオン,1998101516,酒井孝敏,諏訪牧場,450.5,1998.0,2010.0,1998.0
2018106022,ネオスマイル,牡,阪本一栄,,ネオユニヴァース,2000101426,スマイルヒメ,2003105843,シャンハイ,000a000d73,金石守,カナイシスタッド,450.5,2000.0,2003.0,1989.0
2018100348,シンリバイバル,牡,立花伸,,カジノドライヴ,2005110112,サッキーシフター,2011101251,サウスヴィグラス,1996110138,��景孤�,サンバマウンテンファーム,450.5,2005.0,2011.0,1996.0
2018102005,クムリポ,牡,新子雅司,,ダイワメジャー,2001103114,ガンダーラプソディ,2000105052,ジェイドロバリー,000a0001a7,（株）レックス,錦岡牧場,450.2,2001.0,2000.0,1987.0
2018110048,ブリリアントパーク,牝,田村彰啓,,Iffraaj,000a0111d1,Bedecked,000a014926,Holy Roman Emperor,000a011ab8,嶋田亘克,Laundry Cottage Stud Farm,450.0,2001.0,2010.0,2004.0
2018106101,タケショウエース,牡,山本学,,ディープブリランテ,2009105084,フィーユドノワール,2003102781,クロフネ,1998110135,ナイト商事,杵臼牧場,450.0,2009.0,2003.0,1998.0
2018100269,マリノブロッサム,牝,石井勝男,,ドゥラメンテ,2012104511,ブロッサムレーン,000a0127f2,New Approach,000a011656,矢野悦三,クラウン日高牧場,450.0,2012.0,2011.0,2005.0
2018101982,クインズミント,牝,武藤敏明,,アジアエクスプレス,2011110091,クインズストリーク,2011102628,ゴールドアリュール,1999106689,（同）ＪＰＮ技研,新冠橋本牧場,449.8,2011.0,2011.0,1999.0
2018103616,トレンブラン,牝,福永敏,,エピファネイア,2010104155,ラヴフェアリー,2008100152,アフリート,000a000013,村上憲政,岡田牧場,449.7,2010.0,2008.0,1984.0
2018100456,レッドルーベンス,牡,小久保智,,キングカメハメハ,2001103460,レッドセシリア,2010104124,ハーツクライ,2001103038,東京ホースレーシング,下河辺牧場,449.5,2001.0,2010.0,2001.0
2018101078,アラタマリスト,牝,高本友芳,,ノヴェリスト,000a012230,アラタマデジタル,2006106092,アグネスデジタル,1997110025,荒木謙次,槇本牧場,449.2,2009.0,2006.0,1997.0
2018106256,ニシノカグラ,牝,北出成人,,エピファネイア,2010104155,ニシノマメユリ,2013105209,キングカメハメハ,2001103460,西山茂行,谷川牧場,449.0,2010.0,2013.0,2001.0
2018103283,マンタナ,牡,石橋満,,パイロ,000a01176a,フウコウメイビ,2010103878,サクラバクシンオー,1989108341,田中俊彰,中村雅明,448.7,2005.0,2010.0,1989.0
2018103741,ミスズフィーリング,牝,荒川義之,,サウスヴィグラス,1996110138,フィーリンググー,2012102858,セイントアレックス,2007110008,永井啓弍,グランド牧場,448.5,1996.0,2012.0,2007.0
2018101110,ナッシュカッツェ,牝,佐藤博紀,,ローエングリン,1999106738,ターントゥタイド,2011100942,ブラックタイド,2001103312,西村隆平,三輪牧場,448.4,1999.0,2011.0,2001.0
2018102982,アオイラブリー,牝,手島勝利,,ダイワメジャー,2001103114,エナジャイズ,2012100789,キングカメハメハ,2001103460,福岡隆史,市川ファーム,447.8,2001.0,2012.0,2001.0
2018101438,ジュンコーハク,牝,小野望,,ホッコータルマエ,2009100921,レッドフィオーレ,2008104241,バゴ,2001190004,八木光博,アラキファーム,447.6,2009.0,2008.0,2001.0
2018103520,キンタムチャチャ,牝,松浦聡志,,ダイワメジャー,2001103114,ツーデイズノーチス,2006101393,ヘクタープロテクター,000a000d6b,諸江幸祐,岡田スタッド,447.5,2001.0,2006.0,1988.0
2018104078,ハムレボ,牡,川西毅,,モーリス,2011100655,スティールパス,2007100581,ネオユニヴァース,2000101426,寺田心平,千代田牧場,447.0,2011.0,2007.0,2000.0
2018101373,カプトドラコーニス,牡,的場直之,,アドマイヤムーン,2003102991,リンピッドドラゴン,2010110097,ディスクリートキャット,000a0113a1,（有）ランドエコノミ,坂東牧場,446.5,2003.0,2010.0,2003.0
2018102449,マウイバークマン,牝,大島静夫,,エピファネイア,2010104155,チェルシーガール,2006102997,アグネスタキオン,1998101516,吉岡時美,上村清志,446.3,2010.0,2006.0,1998.0
2018101024,サノノバーディ,牡,阪本一栄,,サウスヴィグラス,1996110138,エトレーヌ,2004104698,ブライアンズタイム,000a000082,（株）ファーストビジ,豊洋牧場,446.3,1996.0,2004.0,1985.0
2018103977,フェイトリッパー,牡,飯田弘道,,アドマイヤムーン,2003102991,ブローオブサンダー,2003102949,クロフネ,1998110135,遠藤喜和,武牧場,446.0,2003.0,2003.0,1998.0
2018105624,トーセンパトリック,牡,後藤正義,,トーセンファントム,2007102870,アンジェロファニー,2002110095,Honour and Glory,000a002072,島川隆哉,エスティファーム,445.7,2007.0,2002.0,1993.0
2018101345,ビービーキング,牡,別府真司,,ワールドエース,2009106353,カリビアンロマンス,2011100541,コマンズ,000a011625,（有）坂東牧場,坂東牧場,445.6,2009.0,2011.0,1996.0
2018102659,ニシノカムイ,牡,宮下靖旨,,ドゥラメンテ,2012104511,レッドアシェット,2011104169,ダイワメジャー,2001103114,平井頼行,田上徹,445.0,2012.0,2011.0,2001.0
2018106727,パワポケゴー,牡,中野博,,ディープスカイ,2005101358,オペラフォンテン,2008101677,オペラハウス,000a000d77,柳原稔子,寺井文秀,444.6,2005.0,2008.0,1988.0
2018105644,トーセンマリア,牝,山中尊徳,,ジャングルポケット,1998101786,タチアナ,2007102713,スペシャルウィーク,1995103211,島川隆哉,エスティファーム,444.5,1998.0,2007.0,1995.0
2018106730,フェスタフォンテン,牝,矢内博,,アーネストリー,2005105410,デュークラヴィング,2004104463,スペシャルウィーク,1995103211,吉橋興生,寺井文秀,444.1,2005.0,2004.0,1995.0
2018100027,スウィングアロング,牝,栗林徹治,,ヴィクトワールピサ,2007102923,プレイリースター,2010100150,マヤノトップガン,1992102988,田所英子,天羽牧場,443.8,2007.0,2010.0,1992.0
2018100490,エンジェルステアー,牝,真島正徳,,マクフィ,000a011c77,フェリーチェレガロ,2010103821,マンハッタンカフェ,1998101554,平井裕,白井牧場,443.7,2007.0,2010.0,1998.0
2018109068,コンチアルテミシア,牝,栗田裕光,,ウインバリアシオン,2008103206,ディックカントウ,2013100301,クロフネ,1998110135,（有）フォレブルー,フォレブルー,443.0,2008.0,2013.0,1998.0
2018102423,アルファスコピアス,牡,高橋清顕,,トゥザワールド,2011103975,スコーピオンリジイ,2002101391,アジュディケーティング,000a000d5d,今中俊平,レジェンドファーム,443.0,2011.0,2002.0,1987.0
2018101528,ラッキーラック,牡,保利良次,,ヴァンセンヌ,2009106525,ハツネドオゴ,2002102705,ミシエロ,000a000212,山口春夫,柏木一則,442.0,2009.0,2002.0,1990.0
2018102475,ウィップザワールド,牝,高橋清顕,,パイロ,000a01176a,キングダンサー,2008103455,キングカメハメハ,2001103460,楊明翰,沖田哲夫,441.0,2005.0,2008.0,2001.0
2018109166,テイエムサツマッコ,牡,平山宏秀,,ジャングルポケット,1998101786,テイエムビックイ,2004109150,テイエムオペラオー,1996100292,竹園正繼,テイエム牧場,440.7,1998.0,2004.0,1996.0
2018101773,キミノナハ,牝,長谷川忍,,ローエングリン,1999106738,レッドアモーレ,2010103738,ダイワメジャー,2001103114,池田貴征,竹中牧場,440.5,1999.0,2010.0,2001.0
2018102013,ヤマニンエピクーレ,牝,伊藤和,,エピファネイア,2010104155,ヤマニンギモーヴ,2007104727,アグネスデジタル,1997110025,土井久美子,錦岡牧場,440.2,2010.0,2007.0,1997.0
2018103567,ワイドイシス,牝,溝橋利喜,,ルーラーシップ,2007103143,ルミナスレッド,2009103350,トーセンダンス,2002100594,小林聖子,岡田スタッド,440.0,2007.0,2009.0,2002.0
2018102908,レガルドモア,牝,福永敏,,ブラックタイド,2001103312,バクシンカーリー,2007103963,サクラバクシンオー,1989108341,杉山忠国,明治牧場,440.0,2001.0,2007.0,1989.0
2018101043,ブルーライト,牝,田辺陽一,,ルーラーシップ,2007103143,キトゥンブルー,2008102643,ダンスインザダーク,1993109188,高橋文男,本間牧場,440.0,2007.0,2008.0,1993.0
2018100907,スターオブドーレ,牡,石井勝男,,ベルシャザール,2008103004,イナズマチーター,2006104349,カリズマティック,000a00fa33,光安了,原田ファーム,440.0,2008.0,2006.0,1996.0
2018106475,アシナダカ,牝,藤ヶ崎一,,エイシンフラッシュ,2007102951,マロノヴィーナス,2007103243,タニノギムレット,1999100226,大樹ファーム,ビクトリーホースランチ,439.8,2007.0,2007.0,1999.0
2018104025,サクラテーベ,牝,北野真弘,,ハービンジャー,000a011996,シロガネーゼカフェ,2000110206,Gulch,000a001cd6,さくらコマース,谷岡牧場,439.0,2006.0,2000.0,1984.0
2018102498,カリーナチャム,牝,大垣敏夫,,スウェプトオーヴァーボード,000a00fa34,レスタンノール,2008102607,ステイゴールド,1994108729,小橋亮太,折手牧場,438.7,1997.0,2008.0,1994.0
2018106454,マハラジャゴールド,牡,水野善太,,オルフェーヴル,2008102636,ハービンジャーラス,000a012e27,Thousand Words,000a012c44,冨田清誠,林孝輝,438.6,2008.0,2010.0,2004.0
2018100392,ゴッドオブロンドン,牝,鈴木義久,,オルフェーヴル,2008102636,ゴッドフェニックス,2006105549,ブライアンズタイム,000a000082,サイプレスホールディングス,下河辺牧場,438.6,2008.0,2006.0,1985.0
2018102651,ハンデンキング,牡,川嶋弘吉,,マツリダゴッホ,2003104570,レジリアンス,2008103135,シンボリクリスエス,1999110099,坂田行夫,城地牧場,438.5,2003.0,2008.0,1999.0
2018102796,サウスインザダーク,牝,森沢友貴,,サウスヴィグラス,1996110138,アッフェルバンダム,2006100543,ダンスインザダーク,1993109188,上手健太郎,本桐牧場,438.1,1996.0,2006.0,1993.0
2018104702,フィエゾン,牝,加藤士津,,キンシャサノキセキ,2003110212,ドライアッド,1997103421,トニービン,1983109006,吉田照哉,社台ファーム,438.0,2003.0,1997.0,1983.0
2018104257,ジルベールバローズ,牡,福永敏,,オルフェーヴル,2008102636,フレンチカクタス,2008100801,タイキシャトル,1994109686,猪熊広次,服部牧場,438.0,2008.0,2008.0,1994.0
2018106845,サンプリマ,牝,土屋洋之,,カジノドライヴ,2005110112,スカイノリン,2007103273,ゼンノロブロイ,2000101517,（株）さくらコーポレ,トモファーム,437.8,2005.0,2007.0,2000.0
2018101670,プリンスカノン,牡,吉田司,,ヘニーヒューズ,000a011155,スパイクラベンダー,2010105523,Henrythenavigator,000a0116fd,川添裕起,佐藤牧場,437.7,2003.0,2010.0,2005.0
2018105082,リルドゥセルマン,牝,森山雄大,,ミッキーアイル,2011103916,ジェントルヴァウ,2012110086,Broken Vow,000a0101a0,上村秀一,ノーザンファーム,437.6,2011.0,2012.0,1997.0
2018101226,リコーセイラン,牡,渡瀬寛彰,,スマートファルコン,2005100097,リコーフィオラノ,2012100964,シンボリクリスエス,1999110099,土橋正雄,リコーファーム,437.6,2005.0,2012.0,1999.0
2018106465,マウンテンスワロー,牡,柳井宏之,,ダノンレジェンド,2010110102,レインボウスワロー,2014103485,アドマイヤオーラ,2004102987,Ｉレーシング（株）,ひるかわ育成牧場,437.4,2010.0,2014.0,2004.0
2018101909,ニシノワクテカ,牡,山田正実,,リオンディーズ,2013105915,キーラ,2014106224,ディープブリランテ,2009105084,冨田藤男,中山高鹿康,437.0,2013.0,2014.0,2009.0
2018100176,ラブバルドー,牝,佐藤敏彦,,アンライバルド,2006103308,ラブカテリーナ,2013101767,オレハマッテルゼ,2000101550,小橋亮太,奥山博,436.9,2006.0,2013.0,2000.0
2018103417,ブライリー,牡,工藤裕孝,,エピファネイア,2010104155,アンテプリッツ,2011104066,キングカメハメハ,2001103460,牧野好行,荒木貴宏,436.6,2010.0,2011.0,2001.0
2018106751,アイスムーン,牝,高橋俊之,,アドマイヤムーン,2003102991,アークティックシルク,000a0111fc,Selkirk,000a001fab,高橋麻樹,ダーレー・ジャパン・ファーム,436.3,2003.0,2001.0,1988.0
2018106174,ソングオブソフィア,牝,今津博之,,キズナ,2010105827,ミスサイベリア,000a010ebe,Giant's Causeway,000a0022e1,岡田将一,笹島政信,436.3,2010.0,2003.0,1997.0
2018105664,トーセンロジャー,牡,錦見勇夫,,トーセンファントム,2007102870,トーセンハナミズキ,2010104096,タイキシャトル,1994109686,錦見日出雄,エスティファーム,435.6,2007.0,2010.0,1994.0
2018103268,ハクサンエガオ,牝,櫻井今朝,,ハクサンムーン,2009102527,アイサレジョウズ,2010100720,Refuse to Bend,000a010bac,河崎五市,中村雅明,435.4,2009.0,2010.0,2000.0
2018103332,ニシノイルマーレ,牝,冨田敏男,,アドマイヤムーン,2003102991,ニシノマオ,2004102571,サクラバクシンオー,1989108341,冨田藤男,フクオカファーム,435.0,2003.0,2004.0,1989.0
2018100453,ウプサラ,牝,今津勝之,,ベルシャザール,2008103004,リンネ,2013100383,ワイルドラッシュ,000a0003a1,小出水正男,下河辺牧場,435.0,2008.0,2013.0,1994.0
2018105414,パープルレイン,牡,角田輝也,,フェノーメノ,2009106599,サザンフェアリー,2001110018,サザンヘイロー,000a00031e,山本長恭,追分ファーム,434.9,2009.0,2001.0,1983.0
2018102926,タイセツオー,セ,佐藤英明,,グランプリボス,2008103388,ガーネットビコー,1999106697,フジキセキ,1992109618,柳橋俊昭,山際セントラルスタッド,434.8,2008.0,1999.0,1992.0
2018109178,サイパー,牡,福田真広,,フェノーメノ,2009106599,ジョシュズマデリン,000a011174,Quiet American,000a001ea2,山口裕介,ストームファームコーポレーション,434.1,2009.0,2001.0,1986.0
2018110101,コスモシェルパ,牡,水野善太,,Kingman,000a0124ab,Bible Belt,000a014be6,Big Bad Bob,000a012700,小橋亮太,Chasemore Farm,433.9,2011.0,2008.0,2000.0
2018101168,ネクサスハート,牡,小野望,,ブラックタイド,2001103312,シュガーハート,2005106935,サクラバクシンオー,1989108341,ＤＭＭドリームクラブ,ヤナガワ牧場,433.9,2001.0,2005.0,1989.0
2018109167,テイエムオペラッコ,牝,平山宏秀,,テイエムオペラオー,1996100292,テイエムライオネス,2010106031,フジキセキ,1992109618,竹園正繼,テイエム牧場,433.0,1996.0,2010.0,1992.0
2018106584,シュアーウィナー,牡,川田孝好,,エピファネイア,2010104155,レチャーダ,2009106251,ディープインパクト,2002100816,久保博文,宮内牧場,433.0,2010.0,2009.0,2002.0
2018103936,モリノハンター,牝,池田孝,,クロフネ,1998110135,ワードパワー,000a011dd8,Oasis Dream,000a010d4f,坂本肇,タイヘイ牧場,433.0,1998.0,2008.0,2000.0
2018103179,ハクサンキュート,牝,宮本仁,,ハクサンムーン,2009102527,ウインク,2005106043,ミラクルアドマイヤ,1995107939,河崎五市,鮫川啓一,432.8,2009.0,2005.0,1995.0
2018105976,エイシンジラソーレ,牡,今津勝之,,エイシンフラッシュ,2007102951,トロピカルフロール,000a0120fb,Big Shuffle,000a010a77,トニーホースコーポレ,栄進牧場,432.3,2007.0,2008.0,1984.0
2018100122,シンゼングレート,牡,角田輝也,,ラブリーデイ,2010104298,ボーシュヴァル,2007102874,ゼンノロブロイ,2000101517,原さや香,ヴェルサイユファーム,432.3,2010.0,2007.0,2000.0
2018100099,アイファーチーター,牡,的場均,,ストロングリターン,2006102934,アイファーシンシア,2008101615,ジャングルポケット,1998101786,中島稔,ＷｉｎｇＦａｒｍ,432.3,2006.0,2008.0,1998.0
2018106328,オウケンビリュウ,牝,三野宮通,,ロードカナロア,2008103552,オウケンハナミズキ,2009100106,バゴ,2001190004,（株）アプエンテ,辻牧場,431.7,2008.0,2009.0,2001.0
2018105612,スノーフレイム,牡,斎藤雄一,,スウェプトオーヴァーボード,000a00fa34,ティンバーランド,2004102429,ティンバーカントリー,000a00035e,ウマスター（株）,上水牧場,430.6,1997.0,2004.0,1992.0
2018104515,アモーレグリーン,セ,宇都英樹,,ローエングリン,1999106738,アモールミーオ,2010103949,ダイワメジャー,2001103114,安部重夫,社台ファーム,430.3,1999.0,2010.0,2001.0
2018100028,スターオブブラッド,牡,手島勝利,,ダイワメジャー,2001103114,Mayano Sophia,000a011b03,ロックオブジブラルタル,000a00fd4c,光安慎一,天羽牧場,430.1,2001.0,2004.0,1999.0
2018105857,クロリンダ,牝,森下淳平,,ベルシャザール,2008103004,チェネレントラ,2010104490,アグネスタキオン,1998101516,大里隆史,阿波屋ファーム,430.0,2008.0,2010.0,1998.0
2018101201,ワチルボンズ,牡,林幻,,アイルハヴアナザー,000a011ed3,ヤマトダイアンサス,2010101172,ゼンノロブロイ,2000101517,瀬山孝一,門別山際牧場,430.0,2009.0,2010.0,2000.0
2018103316,ジューンビアンカ,牝,矢野久美,,ベルシャザール,2008103004,ジューンヴィエナ,2011102376,カンパニー,2001103435,川添裕起,ヒダカファーム,429.8,2008.0,2011.0,2001.0
2018106889,ニューレイライン,牝,藤ヶ崎一,,オルフェーヴル,2008102636,ニューグランジ,2002100869,Giant's Causeway,000a0022e1,高井良隆男,ノーザンファーム,429.1,2008.0,2002.0,1997.0
2018103959,シルヴェラード,牡,九日俊光,,シニスターミニスター,000a011099,ベルモントノーヴァ,2001102281,ラムタラ,000a0001d4,（同）ＪＰＮ技研,高橋ファーム,429.0,2003.0,2001.0,1992.0
2018102221,オーマイリーベ,牝,三宅直之,,ディープブリランテ,2009105084,オリエンタルアデル,2013103977,コンデュイット,2005190006,小橋亮太,松浦牧場,428.6,2009.0,2013.0,2005.0
2018104034,スイートチョコ,牝,長南和宏,,ダノンシャーク,2008105554,チョコダイスキ,2009103346,アグネスデジタル,1997110025,斉藤直信,谷藤弘美,427.9,2008.0,2009.0,1997.0
2018100355,シルキー,牡,関本浩司,,ダノンシャーク,2008105554,ノボレインボー,2006105613,ノボジャック,1997110152,岩渕瑞生,サンバマウンテンファーム,427.6,2008.0,2006.0,1997.0
2018101503,アピールデザイン,牝,古賀光範,,ディスクリートキャット,000a0113a1,グランドデザイン,2012103119,パイロ,000a01176a,西村新一郎,大林ファーム,427.3,2003.0,2012.0,2005.0
2018105244,ハンザ,牝,川村守男,,ヘニーヒューズ,000a011155,プリンセスフローラ,2010104279,キングカメハメハ,2001103460,北原大史,ノーザンファーム,427.1,2003.0,2010.0,2001.0
2018102598,ペタル,牝,伊藤強一,,ロードカナロア,2008103552,ベルフィオーレ,2011103461,ディープインパクト,2002100816,橋本義次,ケイアイファーム,426.6,2008.0,2011.0,2002.0
2018103836,エーアイ,牡,三宅直之,,アグネスデジタル,1997110025,ヴィヴィアン,2007100348,ゼンノエルシド,1997110179,（株）ファーストビジ,サンコウ牧場,425.9,1997.0,2007.0,1997.0
2018103424,プリーツスカート,牝,吉橋淳一,,トゥザワールド,2011103975,ラブリーサンデー,2014106354,サマーバード,2006190002,（同）ランニング・ク,荒木貴宏,425.0,2011.0,2014.0,2006.0
2018100011,フェスティヴグッド,牡,堀千亜樹,,パドトロワ,2007102760,ユアザイオン,2012104593,メイショウサムソン,2003102205,臼井義太郎,アイズスタッド,424.5,2007.0,2012.0,2003.0
2018110087,ララガブリエル,牡,大島静夫,,Into Mischief,000a0125a7,Celebrate Now,000a014a6b,Street Cry,000a0103ba,組）リノレーシング,Burleson Farm Sequel Thoroughbreds & McKenzie Bloodstock,423.8,2005.0,2009.0,1998.0
2018106587,キノトクイーン,牝,高橋俊之,,パイロ,000a01176a,カブリオレ,000a011dff,Dansili,000a010a5f,横田一男,ミリオンファーム,423.8,2005.0,2003.0,1996.0
2018104631,エンタイトルド,牝,山崎尋美,,ストロングリターン,2006102934,シルヴァーグレイス,2010103767,ハーツクライ,2001103038,豊島愛子,社台ファーム,423.1,2006.0,2010.0,2001.0
2018105979,エイシンニアルコス,牡,千葉博次,,バゴ,2001190004,ヒラルダ,2009102123,Kyllachy,000a010cba,谷謙介,栄進牧場,422.9,2001.0,2009.0,1998.0
2018106148,メイショウマグワシ,牝,迫田清美,,アドマイヤムーン,2003102991,フミノシンデレラ,2000103848,サンダーガルチ,000a00035c,（同）ＪＰＮ技研,斉藤英牧場,422.6,2003.0,2000.0,1992.0
2018102112,ジュークサマー,牝,張田京,,ホッコータルマエ,2009100921,プロハンター,2009105091,シーキングザダイヤ,2001110220,井上久光,ヒカル牧場,422.5,2009.0,2009.0,2001.0
2018104499,ショウナンパワフル,牡,奥村武,,ルーラーシップ,2007103143,アイアムマリリン,2006103030,マンハッタンカフェ,1998101554,国本哲秀,社台ファーム,422.0,2007.0,2006.0,1998.0
2018103032,リアドライブ,牡,長谷川忍,,グランプリボス,2008103388,ニックルフェザー,1997110292,Lear Fan,000a00199d,シグラップ・マネジメ,大原ファーム,422.0,2008.0,1997.0,1981.0
2018103606,スローンターゲット,牡,後藤佑耶,,ロードカナロア,2008103552,ブロードピーク,2008103303,ディープインパクト,2002100816,水谷昌晃,岡田牧場,421.5,2008.0,2008.0,2002.0
2018106808,ブレスオブライフ,牡,中川竜馬,,ディープブリランテ,2009105084,デザートオブライフ,000a0138a2,Mastercraftsman,000a01249a,豊島愛子,パカパカファーム,420.8,2009.0,2013.0,2006.0
2018102342,キタノサスピション,牝,渡辺博文,,カレンブラックヒル,2009106230,クリンゲルベルガー,2006103263,スウェプトオーヴァーボード,000a00fa34,遠藤喜和,村上雅規,420.8,2009.0,2006.0,1997.0
2018105969,ギョベクリテペ,牝,井樋一也,,マクフィ,000a011c77,サーソーラ,000a0120f9,Dalakhani,000a01098f,梶原大輔,栄進牧場,419.3,2007.0,2005.0,2000.0
2018104073,リリージャスパー,牝,新田守,,ジャスタウェイ,2009106461,シャンパントパーズ,2010102984,ワイルドラッシュ,000a0003a1,谷謙介,千代田牧場,419.2,2009.0,2010.0,1994.0
2018104931,シュトゥルーデル,牝,音無秀孝,,ディープインパクト,2002100816,ウィンターコスモス,2007103360,キングカメハメハ,2001103460,金子真人ホールディングス,ノーザンファーム,419.0,2002.0,2007.0,2001.0
2018100627,リオンジャック,牝,林隆之,,リオンディーズ,2013105915,クラウンドジャック,2013100538,ヴィクトワールピサ,2007102923,田端修,タバタファーム,419.0,2013.0,2013.0,2007.0
2018103874,トミケンストーリア,牡,目迫大輔,,マジェスティックウォリアー,000a011e9c,メルティーキス,2009103646,ブライアンズタイム,000a000082,（株）ファーストビジ,静内フジカワ牧場,418.5,2005.0,2009.0,1985.0
2018102848,ビバリークイーン,牝,新田守,,ローズキングダム,2007103404,ケージーヒトメボレ,2009104474,ジャングルポケット,1998101786,谷謙介,松本牧場,418.5,2007.0,2009.0,1998.0
2018105917,エイシンイージス,牝,石井勝男,,エイシンフラッシュ,2007102951,エイシンノア,2011101274,ネオユニヴァース,2000101426,森田一俊,栄進牧場,418.4,2007.0,2011.0,2000.0
2018100338,ヴィンチェンツァ,牡,山中尊徳,,アッミラーレ,1997100569,デラセーラ,2008110116,Maria's Mon,000a002285,伊達泰明,サンシャイン牧場,418.3,1997.0,2008.0,1993.0
2018104498,バロズレガシー,牡,酒井一則,,バロズハート,2005105197,ホウショウワールド,2006110163,Sky Classic,000a001ea6,谷口祐人,Ｕ・Ｍ・Ａ,418.2,2005.0,2006.0,1987.0
2018105741,トーアテンニョ,牝,茂崎正善,,タイキシャトル,1994109686,トーアシシイ,2008102436,ボストンハーバー,000a00007c,組）オールザベスト組,トーア牧場,418.1,1994.0,2008.0,1994.0
2018102248,セイギャラクシー,牡,安部幸夫,,セイクリムズン,2006100106,ラブギャラクシー,2008100882,ネオユニヴァース,2000101426,金田成基,松本信行,417.8,2006.0,2008.0,2000.0
2018103723,ノーブルハート,牝,山田義人,,ダイワメジャー,2001103114,スズカエンジェル,2004104304,High Yield,000a00fd81,堀田健一,グランド牧場,417.5,2001.0,2004.0,1997.0
2018103091,デシレー,牝,川西毅,,ダンカーク,000a012185,ネオファンシー,2008102019,ネオユニヴァース,2000101426,椎名節,桑田牧場,416.6,2006.0,2008.0,2000.0
2018102180,マイネルリリーフ,牡,中道啓二,,ゴールドシップ,2009102739,マンバラ,000a010eb2,Linamix,000a001e23,小川寛子,ビッグレッドファーム,416.6,2009.0,2003.0,1987.0
2018100873,ライトヴィグラス,牡,雑賀伸一,,サウスヴィグラス,1996110138,グラナディラ,2011103090,ファスリエフ,000a00fc4c,菊地博,ノースガーデン,416.5,1996.0,2011.0,1997.0
2018106066,ランディス,牝,栗本陽一,,ディープブリランテ,2009105084,ボーテビューティ,2008101405,マンハッタンカフェ,1998101554,藤田好紀,ガーベラパークスタッド,416.4,2009.0,2008.0,1998.0
2018106811,ヴァルガス,牡,藤田正治,,モーリス,2011100655,ボカイウヴァ,000a012f9b,Teofilo,000a01139e,組）リノレーシング,パカパカファーム,416.2,2011.0,2011.0,2004.0
2018105122,パフドラム,牡,鮫島克也,,ロードカナロア,2008103552,ソングバード,2004103030,ダンスインザダーク,1993109188,野口幸八,ノーザンファーム,416.2,2008.0,2004.0,1993.0
2018102778,ナナナナナイロ,牝,畠山信一,,アジアエクスプレス,2011110091,ビューティテイスト,1998102377,ダンスインザダーク,1993109188,吉田勝利,広田牧場,416.1,2011.0,1998.0,1993.0
2018105589,ダイメイリボン,牝,大垣敏夫,,ダノンシャーク,2008105554,ベルモントリボン,2004100815,カコイーシーズ,1986109001,宮本孝一,池本久志,416.0,2008.0,2004.0,1986.0
2018100841,ジュディスピュア,牝,渡部則夫,,トーセンジョーダン,2006103169,エンジェルブレイヴ,2010100135,アドマイヤコジーン,1996106512,（株）ＩＴＦ,西野春樹,416.0,2006.0,2010.0,1996.0
2018100070,トゥルカナ,牡,平田正一,,ラブリーデイ,2010104298,シャドウライフ,2009106013,サクラバクシンオー,1989108341,シグラップ・マネジメ,荒井ファーム,415.8,2010.0,2009.0,1989.0
2018109078,ウインレヴェランス,牡,山元博徳,,ウインバリアシオン,2008103206,レナリッチ,2003105403,ムタファーウエク,000a000d9e,ファーストビジョン,マルシチ牧場,415.1,2008.0,2003.0,1996.0
2018106095,ライヴマカロン,牡,山崎尋美,,マクフィ,000a011c77,Tesla,000a011033,Fayruz,000a010ff8,澤田孝之,杵臼牧場,415.1,2007.0,1999.0,1983.0
2018102507,タワーズアドリーム,牡,澤佳宏,,ベルシャザール,2008103004,ピサノマイセン,1999101546,マイニング,000a000221,（株）高野産業,金舛幸夫,415.0,2008.0,1999.0,1984.0
2018102671,コスモセレナ,牡,井樋明正,,ダイワメジャー,2001103114,クールベット,2002103478,キングヘイロー,1995104427,楊明翰,タツヤファーム,414.7,2001.0,2002.0,1995.0
2018101658,ジョウショーペース,牡,三野宮通,,ベルシャザール,2008103004,ジョウショーコトミ,2008105737,リンカーン,2000101561,熊田義孝,五丸農場,414.5,2008.0,2008.0,2000.0
2018105519,スペキアリス,牝,高橋清顕,,エピファネイア,2010104155,スペルバインド,2005102095,ゴールドアリュール,1999106689,今中俊平,社台コーポレーション白老ファーム,414.0,2010.0,2005.0,1999.0
2018101014,デイムコマンダー,牝,朝倉実,,リアルインパクト,2008103244,スズランコマンダー,2005102937,スエヒロコマンダー,1995104468,高山竜二,宝寄山拓樹,414.0,2008.0,2005.0,1995.0
2018100100,ミドダファーレ,牡,佐藤敏彦,,ワールドエース,2009106353,アスール,2001106203,フォーティナイナー,000a000134,白井慎一,ＷｉｎｇＦａｒｍ,413.9,2009.0,2001.0,1985.0
2018101678,ムンダーナ,牝,鋤田誠二,,タイセイレジェンド,2007103199,コロニアルディーバ,2003100958,コロニアルアッフェアー,000a0000ae,長浜和也,サンローゼン,413.8,2007.0,2003.0,1990.0
2018101827,エムティモナ,牝,保利幸作,,トビーズコーナー,000a011fed,サリール,2006101524,スペシャルウィーク,1995103211,北原光一郎,対馬正,413.3,2008.0,2006.0,1995.0
2018103259,チェリージャーマン,牡,保利良次,,チェリークラウン,2004102428,チェリーグレイス,2008100721,ティンバーカントリー,000a00035e,保利照美,富塚ファーム,413.1,2004.0,2008.0,1992.0
2018102722,ノースブラスト,セ,水野貴史,,ディープブリランテ,2009105084,シームストレス,2012101575,Cape Cross,000a0022ae,斉藤秀文,中田英樹,413.0,2009.0,2012.0,1994.0
2018104614,リテラチュア,牝,山田義人,,ノヴェリスト,000a012230,サニーデイサンデー,2008102855,ジャングルポケット,1998101786,松本政利,社台ファーム,412.6,2009.0,2008.0,1998.0
2018103609,ベストコレクトパリ,牝,瀬戸幸一,,ハーツクライ,2001103038,ベストコレクション,2011101794,フォーティナイナーズサン,000a011227,後藤順男,岡田牧場,412.6,2001.0,2011.0,2001.0
2018100114,バリフリクリ,牝,細川忠義,,フリオーソ,2004106867,クリアーパス,000a010575,A.P. Indy,000a001d37,西森鶴,ヴェルサイユファーム,412.5,2004.0,1998.0,1989.0
2018101429,ストロングアイ,牝,西川進也,,ストロングリターン,2006102934,ツルマルアイ,2004106030,タイキシャトル,1994109686,前川俊行,安達洋生,411.4,2006.0,2004.0,1994.0
2018102575,ソレンニータ,牝,小林義明,,ドゥラメンテ,2012104511,キャサリンオブアラゴン,000a011dd9,Holy Roman Emperor,000a011ab8,山下勇,ケイアイファーム,411.1,2012.0,2008.0,2004.0
2018100881,マオノジーナス,牝,佐藤雅彦,,エピファネイア,2010104155,デアリングバード,2011104319,キングカメハメハ,2001103460,湯浅健司,長谷川牧場,410.4,2010.0,2011.0,2001.0
2018101433,ハナハナ,牝,迫田清美,,エスポワールシチー,2005102837,ワオ,2013102969,キングカメハメハ,2001103460,伊藤將,安達洋生,410.3,2005.0,2013.0,2001.0
2018110109,ノブナガ,牡,竹口勝利,,Gio Ponti,000a011a7e,Tipperary Moon,000a014d2a,Malibu Moon,000a010c8e,（同）ＪＰＮ技研,Castleton Lyons & Kilboy Estate,410.0,2005.0,2003.0,1997.0
2018110092,デルマミロク,牝,田中克典,,Uncle Mo,000a011ffb,Diza,000a014a79,エンパイアメーカー,000a010542,浅沼廣幸,Don Alberto Corporation,410.0,2008.0,2006.0,2000.0
2018106767,イエローレンギョウ,牝,森山英雄,,マクフィ,000a011c77,エクセレントブルー,2008104390,ディープインパクト,2002100816,江川伸夫,川上牧場,410.0,2007.0,2008.0,2002.0
2018105178,グランワルツ,牝,内田勝義,,ロードカナロア,2008103552,バウンスシャッセ,2011104105,ゼンノロブロイ,2000101517,キャロットファーム,ノーザンファーム,410.0,2008.0,2011.0,2000.0
2018102801,スノークリスマス,牝,石毛善彦,,ブラックタイド,2001103312,スリースノーグラス,2004100240,グラスワンダー,1995108676,ミルファーム,本桐牧場,410.0,2001.0,2004.0,1995.0
2018100665,ブリリアントキング,牡,西園正都,,ディープブリランテ,2009105084,サンレーン,2010100698,Oasis Dream,000a010d4f,ゴドルフィン,ダーレー・ジャパン・ファーム,410.0,2009.0,2010.0,2000.0
2018103915,カフジアマリージャ,牝,原口次夫,,エピファネイア,2010104155,サウンドアドバイス,2010102851,アグネスタキオン,1998101516,加藤守,タイヘイ牧場,409.9,2010.0,2010.0,1998.0
2018102213,ラダック,牡,竹下直人,,フェノーメノ,2009106599,ラヴビーム,2010104991,マンハッタンカフェ,1998101554,大島栄一,細川農場,409.4,2009.0,2010.0,1998.0
2018106507,レゼール,牝,山田徹,,ミッキーアイル,2011103916,グラウソフィア,2014105334,エンパイアメーカー,000a010542,（株）ＭＲ,三嶋牧場,409.3,2011.0,2014.0,2000.0
2018106595,センナリ,セ,佐野謙二,,プリサイスエンド,000a00fe9b,オクリモノ,2011106140,ゴールドアリュール,1999106689,大崎洋平,ミルファーム,409.0,1997.0,2011.0,1999.0
2018104739,アオイフェリーチェ,牝,加藤和宏,,ドゥラメンテ,2012104511,ピュアーフレーム,2004110127,Silver Deputy,000a001fa3,石山紘,社台ファーム,408.7,2012.0,2004.0,1985.0
2018105567,フレディアーノ,牡,三宅直之,,ヴィクトワールピサ,2007102923,ラプターセイハート,2008102738,トワイニング,000a000006,（株）ファーストビジ,社台コーポレーション白老ファーム,408.6,2007.0,2008.0,1991.0
2018103900,キミニアイタイ,牡,鈴木義久,,ヴァンセンヌ,2009106525,セイシンアスリート,2004104519,ナリタトップロード,1996102442,高橋照比古,聖心台牧場,408.0,2009.0,2004.0,1996.0
2018103694,アップリュウジン,牡,大橋敬永,,バトルプラン,000a0118e8,ドゥマイモンシェリ,2014104397,タイキシャトル,1994109686,田口順子,キヨタケ牧場,408.0,2005.0,2014.0,1994.0
2018103685,カズグラーベン,牡,坂井英光,,リアルインパクト,2008103244,ニューコローラ,2012102821,New Approach,000a011656,雅苑興業,木村秀則,408.0,2008.0,2012.0,2005.0
2018105792,ツリガサキ,牝,石川栄,,ベルシャザール,2008103004,ジェンハオサイマ,2003101044,コマンダーインチーフ,000a0000b0,吉田喜代司,ヤマイチ牧場,407.9,2008.0,2003.0,1990.0
2018109106,ルーチェビアンカ,牝,佐々木功,,ディープブリランテ,2009105084,ボーナスチャンス,2013109017,エンパイアメーカー,000a010542,楊明翰,恵比寿興業株式会社那須野牧場,407.7,2009.0,2013.0,2000.0
2018103845,ゴールドレガーメ,牝,岩本洋,,エスポワールシチー,2005102837,ベラミカントリー,2005100405,ティンバーカントリー,000a00035e,小林英二,静内酒井牧場,407.5,2005.0,2005.0,1992.0
2018102556,コンフィテオール,牝,三小田幸,,リオンディーズ,2013105915,コンフェッシオン,2012104684,ダイワメジャー,2001103114,西村健,グローリーファーム,407.5,2013.0,2012.0,2001.0
2018100248,オリヴィアン,牝,柏原誠路,,ヘニーヒューズ,000a011155,バラベルサイユ,2007105390,アグネスデジタル,1997110025,太田裕臣,木村牧場,407.5,2003.0,2007.0,1997.0
2018100078,アイファーラクーン,牝,加藤幸保,,タニノギムレット,1999100226,アイファーヴァース,2007104552,ネオユニヴァース,2000101426,中島稔,アースファーム,406.8,1999.0,2007.0,2000.0
2018101479,テイエムキセキダン,牡,平山宏秀,,ホッコータルマエ,2009100921,シルバーキセキ,2007104111,フジキセキ,1992109618,竹園正繼,岩見牧場,406.6,2009.0,2007.0,1992.0
2018109109,サソリザ,牝,新田守,,ベルシャザール,2008103004,セドゥクティーバ,2003106312,アグネスタキオン,1998101516,谷謙介,内藤牧場,406.5,2008.0,2003.0,1998.0
2018104422,エキゾーストノート,牡,福田真広,,ヘニーハウンド,2008110097,クレバージーン,2004102218,スペシャルウィーク,1995103211,吉武綾子,前田牧場,406.5,2008.0,2004.0,1995.0
2018104027,アイドゥ,牝,中川雅之,,ブラックタイド,2001103312,ブリリアントスター,000a0117f8,Storm Cat,000a001a98,谷岡康成,谷岡牧場,406.0,2001.0,2003.0,1983.0
2018104469,スーパーキンチャン,牡,北村欣也,,トーセンホマレボシ,2009106092,ガバナーリヴァイヴ,2010103396,スクワートルスクワート,000a000da4,（株）本城,安田豊重,404.4,2009.0,2010.0,1998.0
2018105974,テオリス,牡,茂崎正善,,モーリス,2011100655,トピカII,000a0129cd,Whipper,000a0114a6,橘勝年,栄進牧場,404.1,2011.0,2009.0,2001.0
2018100061,ブラントン,牡,酒井仁,,フリオーソ,2004106867,マダムルコント,2005102819,メジロライアン,1987105368,鈴木雅俊,新井昭二,403.6,2004.0,2005.0,1987.0
2018100526,タンバオー,セ,角川秀樹,,ドゥラメンテ,2012104511,ウタヒメ,2010110074,Mr. Greeley,000a00213e,荻野憲夫,シンボリ牧場,402.7,2012.0,2010.0,1992.0
2018102828,ブリランテイモン,牝,晴山厚司,,ディープブリランテ,2009105084,キングアンドクイン,2012103723,キングカメハメハ,2001103460,小橋亮太,前田ファーム,402.5,2009.0,2012.0,2001.0
2018103630,マリキンサックル,牡,高橋清顕,,フリオーソ,2004106867,ハニーサックル,2011104768,ハーツクライ,2001103038,清家聖仁,小倉光博,402.0,2004.0,2011.0,2001.0
2018100697,ジャストメイビー,牝,宇野木博,,アドマイヤムーン,2003102991,メイビーフォーエヴァー,000a011424,Zafonic,000a001d7d,倉田博樹,ダーレー・ジャパン・ファーム,402.0,2003.0,1999.0,1990.0
2018100605,フォアラドゥング,牝,中川竜馬,,ヴィクトワールピサ,2007102923,フギン,2010110143,ストリートセンス,000a0113a2,川添裕起,高山牧場,401.7,2007.0,2010.0,2004.0
2018105543,プレリュードノート,セ,加藤幸保,,ダイワメジャー,2001103114,ビートゴーズオン,2011103627,Curlin,000a011734,亀岡和彦,社台コーポレーション白老ファーム,401.1,2001.0,2011.0,2004.0
2018102543,ドナレイラニ,牝,頼本盛行,,ラブリーデイ,2010104298,ココナッツパルム,2006102931,フレンチデピュティ,000a00013a,大黒富美子,木下牧場,401.0,2010.0,2006.0,1992.0
2018103794,ゴールデンシエロ,牝,鮫島克也,,タートルボウル,000a012045,ベルシエロ,2009106498,ダイワメジャー,2001103114,大野裕,坂本智広,400.9,2002.0,2009.0,2001.0
2018106137,ミールム,牝,赤嶺本浩,,フェノーメノ,2009106599,フレンチナデシコ,2009101322,フレンチデピュティ,000a00013a,武仲勝,グランデファーム,400.5,2009.0,2009.0,1992.0
2018104542,エアモンナンジュ,牝,伊藤勝己,,アジアエクスプレス,2011110091,エアティアーモ,2007102719,ロージズインメイ,000a010a10,大黒富美子,社台ファーム,400.0,2011.0,2007.0,2000.0
2018104209,ウォーターアークス,牡,長南和宏,,ドゥラメンテ,2012104511,アーリースプリング,2006102968,クロフネ,1998110135,山岡正人,野坂牧場,400.0,2012.0,2006.0,1998.0
2018104127,リュウノメアリー,牝,新田守,,クリーンエコロジー,2008100563,ムーンシンフォニー,2005100628,アグネスデジタル,1997110025,蓑島竜一,千代田牧場,400.0,2008.0,2005.0,1997.0
2018104008,ファンスマイル,牡,後藤佑耶,,サクラゼウス,2004104495,サクラコンドル,1999100565,サンデーサイレンス,000a00033a,谷岡真喜,谷岡スタット,400.0,2004.0,1999.0,1986.0
2018102911,クリムゾンハート,牝,佐々木仁,,エピファネイア,2010104155,プラチナローズ,2003101595,クロフネ,1998110135,杉山忠国,明治牧場,400.0,2010.0,2003.0,1998.0
2018105075,プリンニシテヤルノ,牝,東眞市,,ダイワメジャー,2001103114,シーカーマ,000a011ada,Exchange Rate,000a011433,陣内豊,ノーザンファーム,399.9,2001.0,2006.0,1997.0
2018105911,エイシンギフト,牝,佐藤茂,,エーシンモアオバー,2006101789,エイシンソルティー,2011110049,Tapit,000a011248,平井克彦,栄進牧場,399.7,2006.0,2011.0,2001.0
2018101868,モリデンカイドウ,牡,山田和久,,ゼンノロブロイ,2000101517,ヒラリータイザン,2008100798,ワイルドラッシュ,000a0003a1,（株）さくらコーポレ,トモファーム,398.7,2000.0,2008.0,1994.0
2018106843,マクラガセレーネ,牝,伊藤滋規,,ディスクリートキャット,000a0113a1,レッドアルテミス,2010110003,Hurricane Run,000a01189d,藤沼利夫,大道牧場,398.5,2003.0,2010.0,2002.0
2018106670,リンノファンタジー,牝,田辺陽一,,プリサイスエンド,000a00fe9b,アールデコ,2001104877,タイキシャトル,1994109686,川上和彦,澤井義一,398.5,1997.0,2001.0,1994.0
2018104367,ザモウコダマシイ,牝,坂口智康,,ロードカナロア,2008103552,トレノトマト,2003105456,デヒア,000a0000df,廣崎智子,藤原牧場,398.4,2008.0,2003.0,1991.0
2018105903,エイシンキンバリー,牝,小久保智,,エイシンヒカリ,2011101273,エイシンガイア,2012105588,ハービンジャー,000a011996,上田江吏子,栄進牧場,398.0,2011.0,2012.0,2006.0
2018104789,アサクサトラマル,牡,戸田博文,,フェノーメノ,2009106599,マチカネハツシマダ,1995108850,Private Account,000a00181a,田原慶子,社台ファーム,398.0,2009.0,1995.0,1976.0
2018104600,サイキユイコウル,牝,高柳大輔,,キズナ,2010105827,グッドチョイス,2004103347,フレンチデピュティ,000a00013a,村田能光,社台ファーム,398.0,2010.0,2004.0,1992.0
2018102626,プレジャジンク,牝,田中一巧,,エピファネイア,2010104155,クロストウショウ,2007100635,アグネスタキオン,1998101516,林知佐子,嶋田牧場,398.0,2010.0,2007.0,1998.0
2018104487,カシノルシーダ,牡,古賀光範,,トーセンジョーダン,2006103169,エンゼルジョーカー,2007100557,ブライアンズタイム,000a000082,柏木務,山際智,397.6,2006.0,2007.0,1985.0
2018103099,ケンジェネシス,牡,金田一昌,,ジョーカプチーノ,2006100529,ケンアマツカゼ,2005104974,マーベラスサンデー,1992103687,中西桂子,ケンブリッジバレー,397.4,2006.0,2005.0,1992.0
2018102346,グランフェデリーゴ,牡,桜田康二,,フェノーメノ,2009106599,マルティプライ,2007103081,Fusaichi Pegasus,000a0022cf,岡展宏,村上雅規,397.3,2009.0,2007.0,1997.0
2018106709,メイショウラピッド,牝,地辺幸一,,アジアエクスプレス,2011110091,メイショウアガサ,2011103585,メイショウサムソン,2003102205,（株）ファーストビジ,中脇一幸,397.2,2011.0,2011.0,2003.0
2018103667,シャイニングマーズ,牡,水野貴史,,フェノーメノ,2009106599,キュー,000a010e12,フレンチデピュティ,000a00013a,畑佐博,神垣道弘,397.0,2009.0,1997.0,1992.0
2018101671,ココロノエンジェル,牝,井手上慎,,ダンカーク,000a012185,セイラ,2009102772,スパイキュール,2000101557,鮎川福道,佐藤牧場,397.0,2006.0,2009.0,2000.0
2018106037,ブラウンザウバー,牡,佐藤祐司,,タートルボウル,000a012045,ミヤビキャッスル,2014103892,マンハッタンカフェ,1998101554,後藤順男,金石牧場,396.9,2002.0,2014.0,1998.0
2018104432,タチキチャン,牝,荒山勝徳,,ストロングリターン,2006102934,ケリーメイ,2005101007,アグネスデジタル,1997110025,古町純代,増本牧場,396.5,2006.0,2005.0,1997.0
2018104526,イポラニ,牝,細川忠義,,ハービンジャー,000a011996,Ave,2006190003,Danehill Dancer,000a002309,国田正忠,社台ファーム,396.0,2006.0,2006.0,1993.0
2018105700,コトブキアリエス,牝,西川進也,,ホッコータルマエ,2009100921,エンパイアライン,2012103814,エンパイアメーカー,000a010542,小橋亮太,笹川大晃牧場,395.8,2009.0,2012.0,2000.0
2018106841,ビービーラノビア,牝,別府真司,,パイロ,000a01176a,ヘラルド,2012105579,ハービンジャー,000a011996,坂東牧場,絵笛牧場,395.5,2005.0,2012.0,2006.0
2018102916,アイラグピース,牝,工藤真司,,スマートファルコン,2005100097,キテキ,2007103975,スキャターザゴールド,000a000d99,成富直行,元茂修一,395.5,2005.0,2007.0,1997.0
2018101005,フェスティヴアン,牝,打越勇児,,ストロングリターン,2006102934,スマートルピナス,2010106459,ハーツクライ,2001103038,臼井義太郎,碧雲牧場,395.0,2006.0,2010.0,2001.0
2018104546,ショコラドボンボン,牝,今津勝之,,ハーツクライ,2001103038,エヴァディングタンペット,000a011dcd,Dubai Destination,000a010a60,伊勢光,社台ファーム,394.7,2001.0,2007.0,1999.0
2018103578,ヒロシゲクリスタル,牝,新井清重,,キンシャサノキセキ,2003110212,アートオブダンサー,2006100787,サウスヴィグラス,1996110138,（株）ＩＴＦ,岡田牧場,394.4,2003.0,2006.0,1996.0
2018106295,サバノミッソーニ,牡,川村守男,,ベーカバド,000a011dc0,ハッピーメイカー,2009100771,ネオユニヴァース,2000101426,北原大史,大道牧場,394.0,2007.0,2009.0,2000.0
2018103840,タミルナードゥ,牝,藤ヶ崎一,,アーネストリー,2005105410,カンファーピュア,2006101034,コロナドズクエスト,000a0000b5,北澤信,静内酒井牧場,393.6,2005.0,2006.0,1995.0
2018109062,キショクマンメン,牝,榎屋充,,フリオーソ,2004106867,ケンブリッジマイア,2003102929,アグネスタキオン,1998101516,遠藤喜和,長谷地義正,393.4,2004.0,2003.0,1998.0
2018106003,デエレーブリオ,牡,鈴木義久,,ディープブリランテ,2009105084,アサクサフルート,2012109123,エンパイアメーカー,000a010542,久松朋史,岡本昌市,393.0,2009.0,2012.0,2000.0
2018103490,アレッサンドロ,牡,井樋一也,,ブラックタイド,2001103312,キョウエイハツラツ,2002105650,オペラハウス,000a000d77,清水徳克,岡田スタッド,392.8,2001.0,2002.0,1988.0
2018105599,テイエムカチドキ,牡,平山宏秀,,ルーラーシップ,2007103143,リスキーディール,2006103409,ネオユニヴァース,2000101426,竹園正繼,市川牧場,391.8,2007.0,2006.0,2000.0
2018102295,アレックス,牡,竹之下昭,,ファーガソン,2011102417,パナマックス,2005102170,クロフネ,1998110135,（同）ＪＰＮ技研,村上欽哉,391.8,2011.0,2005.0,1998.0
2018106729,ダイメイソテツ,牡,平山宏秀,,ロードアルティマ,2000110026,セントアンズ,2007101037,スペシャルウィーク,1995103211,宮本孝一,寺井文秀,391.2,2000.0,2007.0,1995.0
2018101707,アローイアロイ,牡,松平幸秀,,トゥザワールド,2011103975,ミスマリーン,2011104789,マヤノトップガン,1992102988,（株）藤田工務店,シンユウファーム,390.9,2011.0,2011.0,1992.0
2018110104,バウンシーダンス,牝,鈴木孝志,,No Nay Never,000a013cf5,Art of Dance,000a014bed,Medicean,000a010a19,岡田牧雄,Grenane House Stud,390.5,2011.0,2008.0,1997.0
2018103277,ハクサンマズル,牡,中川竜馬,,シルポート,2005109202,ヒシアメジスト,2010102206,ゴールドアリュール,1999106689,小橋亮太,中村雅明,390.0,2005.0,2010.0,1999.0
2018101595,エントラーテ,牝,工藤伸輔,,アジアエクスプレス,2011110091,タケカワルキューレ,2002101898,ダンスインザダーク,1993109188,会田裕一,小泉牧場,390.0,2011.0,2002.0,1993.0
2018102487,ジョーアヤメ,牝,小久保智,,ジョーカプチーノ,2006100529,ジュピターズビコー,2002110212,シングスピール,1992190005,上田江吏子,オギオギ牧場,389.2,2006.0,2002.0,1992.0
2018101652,リュウワンティアタ,牡,荒井朋弘,,ダノンレジェンド,2010110102,リュウワンティアラ,2009100008,スキャン,000a000d69,（有）門脇,今野活博,389.0,2010.0,2009.0,1988.0
2018103056,ライムワード,セ,黒木豊,,ルーラーシップ,2007103143,ハイリマイリ,2013102836,アドマイヤムーン,2003102991,関昭一,笠松牧場,388.6,2007.0,2013.0,2003.0
2018100522,トビーズレガシー,牡,角田輝也,,トビーズコーナー,000a011fed,ミスヨナ,2008105671,ティンバーカントリー,000a00035e,竹内三年,新生ファーム,388.6,2008.0,2008.0,1992.0
2018102668,シゲルカミナリ,牡,九日俊光,,ドゥラメンテ,2012104511,リュンヌ,2007106768,クロフネ,1998110135,森中蕃,タガミファーム,388.5,2012.0,2007.0,1998.0
2018105921,エイシンリカルダ,牝,三宅直之,,コパノリチャード,2010106552,エイシンフレア,2011101841,エイシンデピュティ,2002102706,（株）ファーストビジ,栄進牧場,388.2,2010.0,2011.0,2002.0
2018102169,マイネルレイヨン,牡,菅原欣也,,マツリダゴッホ,2003104570,マイネトゥインクル,2005105525,ムタファーウエク,000a000d9e,小橋亮太,ビッグレッドファーム,387.7,2003.0,2005.0,1996.0
2018102800,ノースキセキ,牡,齊藤敏,,アジアエクスプレス,2011110091,シンワロバリー,2001101269,ジェイドロバリー,000a0001a7,田中貴雄,本桐牧場,387.5,2011.0,2001.0,1987.0
2018102291,アスカヒーロー,牡,鈴木義久,,リーチザクラウン,2006102923,ニシノモレッタ,2007102524,タイキシャトル,1994109686,坂本敏浩,村上欽哉,387.5,2006.0,2007.0,1994.0
2018101224,リコーソニア,牝,蛯名雄太,,スマートファルコン,2005100097,リコーノエラニ,2011105489,プリサイスエンド,000a00fe9b,土橋正雄,リコーファーム,387.5,2005.0,2011.0,1997.0
2018102736,ミニスター,牝,尾原強,,シニスターミニスター,000a011099,アムールプロフォン,2011105870,サウスヴィグラス,1996110138,山下壽,ニシケンファーム,387.3,2003.0,2011.0,1996.0
2018102436,ハーピーマロン,牝,武井和実,,スマートファルコン,2005100097,シュンプウサイライ,2008103401,フレンチデピュティ,000a00013a,小林伸幸,稲葉牧場,387.3,2005.0,2008.0,1992.0
2018110080,モズロータスランド,牡,宇都英樹,,Tapit,000a011248,Sacred Feather,000a013473,Carson City,000a001e7d,石部高史,Dixiana Farms LLC & Tapit Syndicate,387.1,2001.0,2002.0,1987.0
2018105416,メイセキム,牝,平田修,,エピファネイア,2010104155,サンレガーロ,2008102588,ディープインパクト,2002100816,青山洋一,追分ファーム,387.0,2010.0,2008.0,2002.0
2018105166,ファイヤービート,牡,茶木太樹,,アジアエクスプレス,2011110091,ナイアガラロール,2013110137,Bluegrass Cat,000a01173d,長谷川守正,ノーザンファーム,387.0,2011.0,2013.0,2003.0
2018100374,キラメキビジョン,牡,加藤和宏,,ペルーサ,2007102705,アルレシャ,000a011cd9,Marju,000a001fb6,（株）ファーストビジ,下河辺牧場,387.0,2007.0,2006.0,1988.0
2018103161,アルマロベイラ,牝,桜井拓章,,ジョーカプチーノ,2006100529,アマダブラム,2009104446,ダイワメジャー,2001103114,組）コウトミックレー,小島牧場,386.7,2006.0,2009.0,2001.0
2018110049,ロンドンネス,牝,中川竜馬,,Iffraaj,000a0111d1,London Welsh,000a014928,Cape Cross,000a0022ae,豊島愛子,Usk Valley Stud Mr Martin Graham,386.5,2001.0,2009.0,1994.0
2018102122,コスモジェニー,牝,工藤伸輔,,ゴールドシップ,2009102739,オレゴンレディ,000a013927,Shamardal,000a010c92,（株）アプエンテ,ビッグレッドファーム,386.1,2009.0,2007.0,2002.0
2018106789,ハルモニア,牝,今津勝之,,ネオユニヴァース,2000101426,ブルーフェアプレー,2003107299,アジュディケーティング,000a000d5d,伊勢光,川上牧場,386.0,2000.0,2003.0,1987.0
2018104905,セラスチューム,牝,加藤和宏,,ハーツクライ,2001103038,アピールII,000a012f7f,Selkirk,000a001fab,ライオンレースホース,ノーザンファーム,386.0,2001.0,2008.0,1988.0
2018103722,ルナブランカ,牝,藤ヶ崎一,,クロフネ,1998110135,スズカエルマンボ,2005100297,シンボリクリスエス,1999110099,仲尾正人,グランド牧場,384.6,1998.0,2005.0,1999.0
2018102756,オルトディアナ,牝,柏木一夫,,パイロ,000a01176a,マキノジョリエ,2004101440,カリズマティック,000a00fa33,寺嶋博史,原口牧場,383.5,2005.0,2004.0,1996.0
2018102704,トリッコアトリート,牝,加藤幸保,,ハービンジャー,000a011996,タッキーナ,2006103744,アグネスタキオン,1998101516,多田賢司,土田農場,383.2,2006.0,2006.0,1998.0
2018106876,シンユンベイビー,牝,千葉幸喜,,アグネスデジタル,1997110025,ヴィヴィアナ,2011104573,ディープスカイ,2005101358,楊明翰,レジェンドファーム,383.0,1997.0,2011.0,2005.0
2018100855,ジョイフルラブ,牝,市村誠,,メイショウサムソン,2003102205,ダービーゾーン,2000101103,サニーブライアン,1994105719,堀口晴男,日西牧場,383.0,2003.0,2000.0,1994.0
2018103511,フェイダウェイ,牡,佐々木由,,トーセンジョーダン,2006103169,タニノジャドール,1998104124,サンデーサイレンス,000a00033a,須山悟至,岡田スタッド,382.8,2006.0,1998.0,1986.0
2018105760,ソルト,牝,長倉功,,アジアエクスプレス,2011110091,セクシイスイート,2008102488,タヤスツヨシ,1992109612,森川真也,平岡牧場,382.5,2011.0,2008.0,1992.0
2018104493,ハッピーヘイロー,牝,後藤佑耶,,キングヘイロー,1995104427,サクラフェリーチェ,2007100391,サクラプレジデント,2000102261,谷岡真喜,山田牧場,382.5,1995.0,2007.0,2000.0
2018103285,ワールドナカヤマ,牝,月岡健二,,ワールドエース,2009106353,エンプレスクー,2013103073,エンパイアメーカー,000a010542,中山牧場,中山牧場,382.4,2009.0,2013.0,2000.0
2018109085,リヤルサイレンス,牡,辻野豊,,リアルインパクト,2008103244,レディアマポーラ,2002101141,パントレセレブル,000a000271,山田武雄,ワールドファーム,382.0,2008.0,2002.0,1994.0
2018105288,ミスティックアイル,牝,田中一巧,,ミッキーアイル,2011103916,ミスティックリップス,000a011d57,ジェネラス,000a000148,ニッシンホールディングス,ノーザンファーム,382.0,2011.0,2004.0,1988.0
2018105922,エイシンビースト,牡,藪口一麻,,エイシンヒカリ,2011101273,エイシンブリード,2014101320,ハーツクライ,2001103038,（同）ＪＰＮ技研,栄進牧場,381.7,2011.0,2014.0,2001.0
2018100695,カウンターテナー,牡,藤田正治,,スクリーンヒーロー,2004103328,ベッラヴォーチェ,2010100680,アドマイヤムーン,2003102991,組）リノレーシング,ダーレー・ジャパン・ファーム,381.5,2004.0,2010.0,2003.0
2018104649,スパイラルライズ,牡,村上実,,ストロングリターン,2006102934,スパイラルポイント,2014105559,ディープインパクト,2002100816,岩渕瑞生,社台ファーム,381.4,2006.0,2014.0,2002.0
2018106630,マツリダカヴァロ,牡,三野宮通,,ゼンノロブロイ,2000101517,ワンダーサークル,2010102848,グラスワンダー,1995108676,高橋福三郎,山口義彦,381.1,2000.0,2010.0,1995.0
2018104057,ブリングミージョイ,牝,武市康男,,ドゥラメンテ,2012104511,エルラディユー,2012110087,Unbridled's Song,000a002071,飯田良枝,千代田牧場,381.0,2012.0,2012.0,1993.0
2018103022,オオシマサフィール,牝,黒岩陽一,,エピファネイア,2010104155,シシャモチャン,2006100245,サクラバクシンオー,1989108341,大島牧場,大島牧場,381.0,2010.0,2006.0,1989.0
2018103317,レインボーヒル,牡,高橋優子,,カレンブラックヒル,2009106230,ジョイフルスマイル,2005102525,マヤノトップガン,1992102988,上茶谷一,ヒダカファーム,380.9,2009.0,2005.0,1992.0
2018104053,タイセイポジション,牡,後藤佑耶,,ジャスタウェイ,2009106461,ヴィクタシア,2009110044,Bluegrass Cat,000a01173d,田中成奉,千代田牧場,380.5,2009.0,2009.0,2003.0
2018102223,クチバシニチェリー,牝,保利良平,,ダノンシャンティ,2007105709,ゲットミー,2012101312,アグネスデジタル,1997110025,薪浦州平,松浦牧場,380.1,2007.0,2012.0,1997.0
2018110139,サトノインパルス,牡,藤田輝信,,Tapizar,000a0123f3,Allencat,000a017967,Storm Cat,000a001a98,里見治,Kendall E. Hansen M.D. Racing LLC,380.0,2008.0,2001.0,1983.0
2018105424,ブラックジャッカル,セ,和田正一,,ブラックタイド,2001103312,チェリーフォレスト,2003102455,サクラバクシンオー,1989108341,中村昭博,追分ファーム,380.0,2001.0,2003.0,1989.0
2018110136,プリファードラン,牝,吉岡辰弥,,Mshawish,000a0129d1,Little Miss Muffet,000a0145de,Scat Daddy,000a0114fe,小林英一ホールディングス,Winchester Farm,379.7,2010.0,2009.0,2004.0
2018106439,サトミノヒカリ,牝,土井道隆,,エスケンデレヤ,000a012cc0,ビューティコマンダ,2007104361,コマンダーインチーフ,000a0000b0,田代洋己,日本中央競馬会日高育成牧場,379.0,2007.0,2007.0,1990.0
2018106046,トップシンデレラ,牝,矢内博,,ヴィクトワールピサ,2007102923,プリティウイッチ,2010104172,クロフネ,1998110135,鈴木栄進,鎌田正嗣,378.9,2007.0,2010.0,1998.0
2018101885,クイーンズハニー,牝,小国博行,,ヘニーハウンド,2008110097,タイキプレリュード,1998110219,Cozzene,000a001bda,三田正眞,中地義次,378.8,2008.0,1998.0,1980.0
2018103679,レコパントモチャン,牝,岡田一男,,グランプリボス,2008103388,キャンディウォー,2012102822,War Front,000a011d00,日下部敦,木村秀則,378.5,2008.0,2012.0,2002.0
2018102369,モリデンタワー,牝,山越光,,ロジユニヴァース,2006103140,モリデンヴィーナス,2009105364,ジェニュイン,1992109450,森田芳男,森田芳男,377.8,2006.0,2009.0,1992.0
2018104254,レディオストーム,牝,畠山信一,,マクフィ,000a011c77,トップスカーレット,2009106205,ダイワメジャー,2001103114,吉田勝利,服部牧場,377.5,2007.0,2009.0,2001.0
2018106188,トラースキック,牡,真島元徳,,ジャングルポケット,1998101786,シャドウフェアリー,2009100494,フジキセキ,1992109618,原久美子,成隆牧場,377.4,1998.0,2009.0,1992.0
2018101844,リュウノヒミコ,牝,北村欣也,,キングヘイロー,1995104427,ジョウネツノバラ,2010105594,アドマイヤボス,1997103699,蓑島竜一,トド岩高原銀河農場物語,377.1,1995.0,2010.0,1997.0
2018104184,ヴァハグン,牡,金田一昌,,エスポワールシチー,2005102837,サムタイムレーター,2003107302,エンドスウィープ,000a00010f,吉田郁実,西村牧場,376.8,2005.0,2003.0,1991.0
2018102754,ヴァレイポイント,牝,井手上慎,,ディスクリートキャット,000a0113a1,ショウナンハトバ,2008102023,フジキセキ,1992109618,原口厚三,原口牧場,376.5,2003.0,2008.0,1992.0
2018105579,ロメーロ,牝,矢野義幸,,サウスヴィグラス,1996110138,ハナイチリン,2003103053,ボストンハーバー,000a00007c,山際辰夫,阿部栄乃進,376.0,1996.0,2003.0,1994.0
2018101569,ライプトラオム,牡,松本隆宏,,スマートファルコン,2005100097,トキノナスティア,2006104298,ニューイングランド,1997105461,河本義弘,川島牧場,375.9,2005.0,2006.0,1997.0
2018106406,セイスパーキング,牡,後藤佑耶,,トゥザグローリー,2007103265,スパーキングガール,2007101689,サクラローレル,1991103498,金田成基,中島牧場,375.6,2007.0,2007.0,1991.0
2018103324,チョコラータ,牝,橘友和,,メイショウボーラー,2001100650,プレイザフィールド,1997104239,スキャン,000a000d69,近藤聡明,ヒダカファーム,375.5,2001.0,1997.0,1988.0
2018102004,カズノオジョウ,牝,水野貴史,,キズナ,2010105827,ロックフェアレディ,2008104765,ロックオブジブラルタル,000a00fd4c,鈴木可一,新冠橋本牧場,375.5,2010.0,2008.0,1999.0
2018105757,ウインクラリティ,牡,田中譲二,,ロージズインメイ,000a010a10,ヒカルダイヤモンド,2004102509,アグネスタキオン,1998101516,笠原久夫,登別上水牧場,375.0,2000.0,2004.0,1998.0
2018105740,トーアツクヨミ,牝,齊藤敏,,メイショウボーラー,2001100650,トーアイザヨイ,2013105104,シンボリクリスエス,1999110099,山本茂,トーア牧場,375.0,2001.0,2013.0,1999.0
2018102364,デルソーレ,牡,加藤誠一,,グロリアスノア,2006100429,ルーチェデルソーレ,2009106514,メイショウボーラー,2001100650,石瀬浩三,村本牧場,375.0,2006.0,2009.0,2001.0
2018100914,キョウエイアップ,牡,藤田正治,,ダノンシャンティ,2007105709,キョウエイラハイナ,2012102239,エンパイアメーカー,000a010542,組）リノレーシング,春木ファーム,374.5,2007.0,2012.0,2000.0
2018102680,グラスファミーユ,牝,真島元徳,,リーチザクラウン,2006102923,リアルファッション,2009106133,キングカメハメハ,2001103460,中村雄一,タツヤファーム,374.3,2006.0,2009.0,2001.0
2018101063,カバロスウィフト,牡,辻野豊,,ヴァンセンヌ,2009106525,ベティボルテクス,2002105708,ジェニュイン,1992109450,山室正之,前川義則,374.0,2009.0,2002.0,1992.0
2018100638,エスカマリ,牝,坂口義幸,,ホッコータルマエ,2009100921,サンマルバンベール,2007102191,マンハッタンカフェ,1998101554,遠藤喜和,田端牧場,373.7,2009.0,2007.0,1998.0
2018105437,コンジェラメント,牝,板垣吉則,,ゴールドシップ,2009102739,ベユーズラッシー,000a011524,Outflanker,000a011436,吉田郁実,追分ファーム,372.2,2009.0,2003.0,1994.0
2018101687,カンノンショウ,牡,井樋一也,,ベーカバド,000a011dc0,アラマサマンボウ,2007104079,ストラヴィンスキー,000a00fa41,宮崎豊治,シンカンファーム,371.7,2007.0,2007.0,1996.0
2018105019,マイネルオラトリオ,牡,別府真司,,ジャスタウェイ,2009106461,グリューネワルト,2007103195,スペシャルウィーク,1995103211,会田裕一,ノーザンファーム,371.5,2009.0,2007.0,1995.0
2018100304,ティープラン,牝,坂口義幸,,バトルプラン,000a0118e8,ティーブラウニー,2010101773,ホワイトマズル,1990109700,谷謙介,小西ファーム,370.9,2005.0,2010.0,1990.0
2018105862,シルクハット,牡,九日俊光,,メイショウボーラー,2001100650,ユーワジュリエット,1997100656,アフリート,000a000013,（同）ＪＰＮ技研,一珍棒牧場,370.6,2001.0,1997.0,1984.0
2018104744,アイノストーリー,牡,藤ヶ崎一,,ダイワメジャー,2001103114,ファニーストーリー,2004103234,Distorted Humor,000a0022ea,服部康夫,社台ファーム,370.6,2001.0,2004.0,1993.0
2018101366,ビービーミューズ,牝,村上頼章,,ビービーガルダン,2004106583,ブロードアピール,1994109547,Broad Brush,000a001e93,坂東牧場,坂東牧場,370.6,2004.0,1994.0,1983.0
2018106904,ミヤビゴールド,牡,尾林幸二,,ノボジャック,1997110152,キシュウレジアス,2006105998,シルバーチャーム,000a00227c,神村雅己,日西牧場,370.3,1997.0,2006.0,1994.0
2018104884,ヴィレーヌ,牝,小林真也,,リアルインパクト,2008103244,アシュレイリバー,2004102942,Mr. Greeley,000a00213e,吉田勝己,ノーザンファーム,370.0,2008.0,2004.0,1992.0
2018104236,ディープシーテッド,牝,阿井正雄,,フリオーソ,2004106867,ニュープロローグ,2011103564,キングカメハメハ,2001103460,田村忠正,畠山牧場,370.0,2004.0,2011.0,2001.0
2018104568,ボーヴィヴィエンヌ,牝,橘友和,,スピルバーグ,2009105961,オレンジティアラ,2007102748,サクラバクシンオー,1989108341,加藤裕司,社台ファーム,369.3,2009.0,2007.0,1989.0
2018105636,トーセンドナルド,牡,藤原智行,,トーセンラー,2008102985,コドウ,2013100120,ジャングルポケット,1998101786,平野友保,エスティファーム,369.0,2008.0,2013.0,1998.0
2018102790,ジョイガナール,牡,矢野義幸,,トーセンモナーク,2005102391,トーセンファースト,2009102207,クロフネ,1998110135,西村亮二,幌村牧場,369.0,2005.0,2009.0,1998.0
2018101587,イナズマエミール,牝,佐藤祐司,,アジアエクスプレス,2011110091,グッドプリン,2013101419,ブラックタイド,2001103312,安彦公一,小泉牧場,369.0,2011.0,2013.0,2001.0
2018102191,レラシオネス,牡,真島正徳,,エイシンフラッシュ,2007102951,ミスコマチ,2008105132,ステイゴールド,1994108729,福地幸一,プログレスファーム,368.7,2007.0,2008.0,1994.0
2018102015,ヤマニンカホン,牝,森山英雄,,スウェプトオーヴァーボード,000a00fa34,ヤマニンシェリル,2010105809,アグネスタキオン,1998101516,土井久美子,錦岡牧場,368.1,1997.0,2010.0,1998.0
2018102670,クラックステソーロ,牡,松島寿,,ネオユニヴァース,2000101426,レディーエリオット,000a013b86,Authorized,000a01139f,遠藤喜和,タガミファーム,367.9,2000.0,2010.0,2004.0
2018102473,オープンワールド,牡,川嶋弘吉,,ネオユニヴァース,2000101426,マリアベール,2010101562,サクラバクシンオー,1989108341,シグラップ・マネジメ,沖田忠幸,367.5,2000.0,2010.0,1989.0
2018100502,ヤベゴースイート,牝,佐々木清,,ディスクリートキャット,000a0113a1,エリザベススイート,2005103226,ティンバーカントリー,000a00035e,矢部裕之,白瀬盛雄,367.5,2003.0,2005.0,1992.0
2018100643,アイエススター,牝,井上哲,,ワールドエース,2009106353,トーヨーハヤテ,2003106396,フレンチデピュティ,000a00013a,伊藤誓吾,田村靖典,367.1,2009.0,2003.0,1992.0
2018103505,ハイスピリッツ,牝,今津博之,,ヘニーヒューズ,000a011155,スピリテッドエアー,2009110032,Danehill Dancer,000a002309,（株）レックス,岡田スタッド,366.6,2003.0,2009.0,1993.0
2018104759,クラブジャズ,牝,田村彰啓,,ヴィクトワールピサ,2007102923,ブラッキーピサ,2010103755,タイキシャトル,1994109686,吉橋英隆,社台ファーム,366.0,2007.0,2010.0,1994.0
2018106104,クラフトマンシチー,牡,武藤敏明,,オルフェーヴル,2008102636,プレザンサプライズ,2007110042,Shamardal,000a010c92,（同）ＪＰＮ技研,杵臼牧場,365.5,2008.0,2007.0,2002.0
2018104555,アヒージョケッパー,牝,小野望,,ゴールドシップ,2009102739,エルーセラ,000a006a32,Spirit One,000a012399,橋本征道,社台ファーム,365.5,2009.0,2010.0,2004.0
2018105913,トラモントガルフ,牡,中川竜馬,,ヴィクトワールピサ,2007102923,エイシンチャーター,2012105117,クロフネ,1998110135,奥正之,栄進牧場,364.5,2007.0,2012.0,1998.0
2018102531,トサフウジン,牝,細川忠義,,サウスヴィグラス,1996110138,サクラプラチナ,1997102282,サンデーサイレンス,000a00033a,田村章,木田晶範,364.5,1996.0,1997.0,1986.0
2018102470,エスプリアブー,牡,澤佳宏,,ラブリーデイ,2010104298,トーセンラピュタ,2004105576,フジキセキ,1992109618,依田泰雄,沖田忠幸,364.0,2010.0,2004.0,1992.0
2018106369,サルバトーレミノル,牡,金田一昌,,エイシンヒカリ,2011101273,レベッカ,000a01386e,Event of the Year,000a0103b2,廣村憲郎,辻牧場,363.8,2011.0,2007.0,1995.0
2018103257,ジェンティーレ,牡,田中正人,,フリオーソ,2004106867,ヴェンティミリア,2012105997,ダンスインザダーク,1993109188,田中勝麻,富塚ファーム,363.5,2004.0,2012.0,1993.0
2018105970,マルセンアガッシ,牝,小村正也,,ノヴェリスト,000a012230,スウィートクレメンタイン,000a0123db,Shamardal,000a010c92,マルセン工業（株）,栄進牧場,363.3,2009.0,2007.0,2002.0
2018103519,ホウオウツインクル,牝,栗本陽一,,スクリーンヒーロー,2004103328,ツインクルスター,2009103307,サクラバクシンオー,1989108341,吉田勝利,岡田スタッド,363.3,2004.0,2009.0,1989.0
2018103185,マオノルカン,牡,佐藤雅彦,,ダノンレジェンド,2010110102,ケイズパステル,2006100412,ネオユニヴァース,2000101426,湯浅健司,鮫川啓一,363.1,2010.0,2006.0,2000.0
2018106294,シシークラリス,牝,川野勇馬,,エスポワールシチー,2005102837,タイキクラリス,2006103337,トワイニング,000a000006,西森功,大道牧場,363.0,2005.0,2006.0,1991.0
2018102588,ロードドレイク,牡,松下武士,,ロードカナロア,2008103552,デルフィーノ,2011103449,ハーツクライ,2001103038,ロードホースクラブ,ケイアイファーム,363.0,2008.0,2011.0,2001.0
2018110142,ミラティオ,牝,桜井拓章,,Verrazano,000a013ac1,My Fast One,000a0145b8,Elusive Quality,000a00231f,岡田美佐子,MMM Stables,362.7,2010.0,2008.0,1993.0
2018103435,ドリームルーチェ,牝,千葉津代,,ヘニーヒューズ,000a011155,ナンゴクロマンス,2012102692,エンパイアメーカー,000a010542,堀口晴男,石川牧場,362.7,2003.0,2012.0,2000.0
2018102459,カリョウビンガ,牝,保利幸作,,ホッコータルマエ,2009100921,ベストマテリアル,2008100551,アグネスタキオン,1998101516,（有）オールウェイ,小河豊水,362.6,2009.0,2008.0,1998.0
2018104501,フェミニンルック,牝,高橋純,,ダイワメジャー,2001103114,アイムオールレディセクシー,000a012f00,Ready's Image,000a011e56,大黒富美子,社台ファーム,362.5,2001.0,2010.0,2005.0
2018103837,ノースキング,牡,赤嶺本浩,,キングヘイロー,1995104427,エンジェルファタル,2000102099,フォーティナイナー,000a000134,シグラップ・マネジメ,サンコウ牧場,362.0,1995.0,2000.0,1985.0
2018100589,アンドゥビジュー,牝,[地],,エスポワールシチー,2005102837,ジーズドリームス,2011102533,キングカメハメハ,2001103460,福岡隆史,高藤茂,361.4,2005.0,2011.0,2001.0
2018110052,リエンカウンター,牝,斉藤崇史,,Pivotal,000a002328,Reunite,000a01278e,Kingmambo,000a001d7e,ゴドルフィン,Godolphin,361.0,1993.0,2003.0,1990.0
2018105836,シゲルデカスロン,牝,鈴木義久,,リオンディーズ,2013105915,ルージュクール,2008110125,Redoute's Choice,000a00fe93,森中蕃,レイクヴィラファーム,361.0,2013.0,2008.0,1996.0
2018105655,トーセンガイア,牝,小桧山悟,,パドトロワ,2007102760,トーセンオーキッド,2011104258,ネオユニヴァース,2000101426,島川隆哉,エスティファーム,361.0,2007.0,2011.0,2000.0
2018102024,ヤマニンマリンバ,牝,目迫大輔,,トーセンジョーダン,2006103169,ヤマニンリップル,2008104793,スペシャルウィーク,1995103211,土井久美子,錦岡牧場,361.0,2006.0,2008.0,1995.0
2018103595,シニスターシックス,牝,藤田正治,,シニスターミニスター,000a011099,タマモホットポット,2012105296,キンシャサノキセキ,2003110212,大黒富美子,岡田牧場,360.8,2003.0,2012.0,2003.0
2018103130,スノールナ,牝,榎屋充,,ダノンレジェンド,2010110102,スノーピアサー,2012105863,マンハッタンカフェ,1998101554,鈴木伸子,高昭牧場,360.6,2010.0,2012.0,1998.0
2018102145,コスモクーシェリ,牝,桧森邦夫,,ジョーカプチーノ,2006100529,ベルモントヤマユリ,2005105541,アジュディケーティング,000a000d5d,酒井孝敏,ビッグレッドファーム,360.0,2006.0,2005.0,1987.0
2018102945,サルー,牝,竹下太,,パドトロワ,2007102760,メリーハート,2008102615,ジャングルポケット,1998101786,稲葉光昭,山野牧場,359.9,2007.0,2008.0,1998.0
2018100559,ゴドルアーム,牡,栗林徹治,,ベルシャザール,2008103004,ヒシトパーズ,2010105394,フサイチコンコルド,1993109220,有馬久和,スウィングフィールド牧場,359.7,2008.0,2010.0,1993.0
2018105406,シルヴェスター,牡,新井清重,,スクリーンヒーロー,2004103328,ヴィクトリーマーチ,2007102649,アグネスタキオン,1998101516,（株）ＩＴＦ,追分ファーム,359.1,2004.0,2007.0,1998.0
2018103474,マイスターハント,牡,山元博徳,,スピルバーグ,2009105961,イッツマイン,2012101916,Medicean,000a010a19,竹田和博,岡田スタッド,358.6,2009.0,2012.0,1997.0
2018102506,マロンカグラ,牝,林正人,,ダンカーク,000a012185,ディレットリーチェ,2010103001,ダイワメジャー,2001103114,曽根正,金舛幸夫,358.5,2006.0,2010.0,2001.0
2018100940,シゲルテンチョウ,牡,九日俊光,,ラブリーデイ,2010104298,レディオスソープ,2008103198,アグネスタキオン,1998101516,森中蕃,日高大洋牧場,358.5,2010.0,2008.0,1998.0
2018106470,アヴォロンティ,牝,佐藤祐司,,エピファネイア,2010104155,タイキエイワン,2007101744,フサイチコンコルド,1993109220,北原大史,ビクトリーホースランチ,357.7,2010.0,2007.0,1993.0
2018102316,ハッピーホリデイズ,牝,佐々木由,,サウスヴィグラス,1996110138,ホリデイオンアイス,2004103157,ダンスインザダーク,1993109188,須山悟至,村上進治,357.7,1996.0,2004.0,1993.0
2018104890,ミッキーワクチン,牡,菊沢隆徳,,ミッキーアイル,2011103916,アトアニ,000a0123d6,キングズベスト,000a0022d2,野田みづき,ノーザンファーム,357.0,2011.0,2008.0,1997.0
2018103075,ジェタンドレイ,牝,鈴木義久,,バトルプラン,000a0118e8,エメラルドミスト,2005101390,ダンスインザダーク,1993109188,小沼一成,桑田ファーム,357.0,2005.0,2005.0,1993.0
2018103939,レッティングゴー,牡,東美義,,ダイワメジャー,2001103114,ティーケイキャット,2008110068,Bluegrass Cat,000a01173d,小橋亮太,高橋修,355.9,2001.0,2008.0,2003.0
2018105371,レーヴドモンド,牝,古賀慎明,,キングカメハメハ,2001103460,レーヴディソール,2008103374,アグネスタキオン,1998101516,サンデーレーシング,ノーザンファーム,355.5,2001.0,2008.0,1998.0
2018101799,アイレスタイム,牝,大塚信次,,エスポワールシチー,2005102837,ピアニスト,2001101976,ホワイトマズル,1990109700,山本晋也,大栄牧場,355.3,2005.0,2001.0,1990.0
2018106362,デルマキッショウ,牝,山崎裕也,,モーリス,2011100655,ブレイクダンサー,2012104378,ファルブラヴ,1998190004,浅沼廣幸,辻牧場,355.0,2011.0,2012.0,1998.0
2018105140,エンジェルスキン,牝,渡辺和雄,,ダイワメジャー,2001103114,ティールグリーン,2013110123,Scat Daddy,000a0114fe,吉田和美,ノーザンファーム,355.0,2001.0,2013.0,2004.0
2018101965,ドナリノ,牝,高木登,,スマートファルコン,2005100097,ドナリサ,2008105857,サウスヴィグラス,1996110138,山田貢一,新冠タガノファーム,355.0,2005.0,2008.0,1996.0
2018104814,クレールフォルム,牝,藤ヶ崎一,,エピファネイア,2010104155,メジャーフォルム,2012104340,ダイワメジャー,2001103114,近藤克麿,社台ファーム,354.7,2010.0,2012.0,2001.0
2018110069,ペルセウステソーロ,牡,渡瀬寛彰,,Speightstown,000a011200,ジャニュアリージョーンズ,000a014a47,Shirocco,000a010db9,了徳寺健二ホールディングス,Mr. & Mrs. Kenji Ryotokuji,354.2,1998.0,2011.0,2001.0
2018106798,アッシュグレー,牝,南田美知,,リーチザクラウン,2006102923,オフェーリアシチー,2011106312,アドマイヤコジーン,1996106512,ミルファーム,パカパカファーム,354.0,2006.0,2011.0,1996.0
2018105271,テイクバイストーム,牡,高野毅,,キズナ,2010105827,マザーウェル,2007105620,シンボリクリスエス,1999110099,前田幸治,ノーザンファーム,354.0,2010.0,2007.0,1999.0
2018105219,ルージュセリーズ,牝,矢野英一,,ロードカナロア,2008103552,フィロンルージュ,2006103236,フレンチデピュティ,000a00013a,シルクレーシング,ノーザンファーム,354.0,2008.0,2006.0,1992.0
2018103494,デイズオブグレイス,牝,山本学,,スマートファルコン,2005100097,グレイスノート,2013105406,ハービンジャー,000a011996,（有）ベターエステ,岡田スタッド,354.0,2005.0,2013.0,2006.0
2018103019,オオシマアジサイ,牝,田中伸一,,ノヴェリスト,000a012230,オオシマパンジー,2002103741,スキャン,000a000d69,小島郁雄,大島牧場,354.0,2009.0,2002.0,1988.0
2018102174,コスモオニアシゲ,牡,小野寺晋,,ゴールドシップ,2009102739,マイネプレセア,2011105191,マイネルラヴ,1995108558,（株）ＯＫＣ,ビッグレッドファーム,354.0,2009.0,2011.0,1995.0
2018100166,エスメルーナ,牝,榎屋充,,カジノドライヴ,2005110112,カカアデンカ,2010100475,ステイゴールド,1994108729,遠藤喜和,奥山博,354.0,2005.0,2010.0,1994.0
2018102723,セイウンブリスク,牡,村上正和,,ドゥラメンテ,2012104511,フィールグリュック,2009106456,ストラヴィンスキー,000a00fa41,国信泰秀,中田英樹,353.6,2012.0,2009.0,1996.0
2018102435,ベストシーズン,牝,金田一昌,,フリオーソ,2004106867,サツキエンジェル,2013102185,カジノドライヴ,2005110112,川添裕起,稲葉牧場,353.6,2004.0,2013.0,2005.0
2018101431,アサキ,牡,澤佳宏,,パドトロワ,2007102760,マグナカルタ,2011100601,ルールオブロー,000a010d7d,杉野森正也,安達洋生,353.5,2007.0,2011.0,2001.0
2018102830,ボーランズテソーロ,牡,頼本盛行,,ハービンジャー,000a011996,シャドウカラーズ,2011104250,キングカメハメハ,2001103460,大黒富美子,前田ファーム,353.1,2006.0,2011.0,2001.0
2018106024,チキウボウエイグン,牡,柏原誠路,,ヴィクトワールピサ,2007102923,チキウミサキ,2009100313,メイショウボーラー,2001100650,三宅勝俊,カナイシスタッド,353.1,2007.0,2009.0,2001.0
2018101447,マイネルニゲラ,牡,平山真希,,ジョーカプチーノ,2006100529,シーナリー,2012110025,Scat Daddy,000a0114fe,勝山陽介,石郷岡五月,353.0,2006.0,2012.0,2004.0
2018103817,クインズユーカリ,牝,山田徹,,ケイアイドウソジン,2006105022,ケイアイギャラリー,1999100661,ウォーニング,000a000843,原久美子,佐竹学,352.2,2006.0,1999.0,1985.0
2018103887,スマートエルサ,牝,田辺陽一,,キンシャサノキセキ,2003110212,デアリングワールド,2003102590,エンドスウィープ,000a00010f,山下晃徳,静内山田牧場,352.0,2003.0,2003.0,1991.0
2018101601,ラインリブラ,牝,東原己俊,,シンボリクリスエス,1999110099,ラインジェシカ,2007104155,マーベラスサンデー,1992103687,小橋亮太,小泉牧場,351.6,1999.0,2007.0,1992.0
2018101283,ゲームアプレット,牝,山崎裕也,,キズナ,2010105827,ワンサイドゲーム,2009106132,ウォーエンブレム,000a00fa35,村上卓史,北島牧場,351.5,2010.0,2009.0,1999.0
2018103532,プレシアンス,牝,佐藤博紀,,アイルハヴアナザー,000a011ed3,バチスタ,2012104869,ダイワメジャー,2001103114,内山一郎,岡田スタッド,351.4,2009.0,2012.0,2001.0
2018101747,ロジータミニスター,牝,坂口義幸,,シニスターミニスター,000a011099,ビバドリーム,2009104782,クロフネ,1998110135,谷謙介,高瀬牧場,351.4,2003.0,2009.0,1998.0
2018101236,クリノハーヴィー,牡,大島静夫,,ダノンレジェンド,2010110102,ナチュラルブリッジ,2008103292,ディープインパクト,2002100816,北原大史,若林順一,351.3,2010.0,2008.0,2002.0
2018103857,トドロキゲキジョウ,牡,武市康男,,カレンブラックヒル,2009106230,ウェルカムキャット,2002104851,タバスコキャット,000a000348,ＧＥＴＮＥＸＴ,静内ファーム,351.0,2009.0,2002.0,1991.0
2018104410,エクスカテドラ,牡,高橋俊之,,サウスヴィグラス,1996110138,コンコルディア,2001103344,フジキセキ,1992109618,山上和良,前谷武志,350.4,1996.0,2001.0,1992.0
2018106432,アンノウンヒーロー,牡,廣森久雄,,ワールドエース,2009106353,ナルミチャン,2010105041,ファスリエフ,000a00fc4c,藤井謙,日東牧場,350.3,2009.0,2010.0,1997.0
2018102357,ウーヴァラーラ,牝,酒井仁,,アジアエクスプレス,2011110091,ファーストチェア,2004103028,ジャングルポケット,1998101786,鈴木道隆,村田牧場,350.3,2011.0,2004.0,1998.0
2018100138,アマラスボーイ,牡,藤ヶ崎一,,キンシャサノキセキ,2003110212,アンタークティカ,2011100517,コマンズ,000a011625,片岡信賢,沖田牧場,350.3,2003.0,2011.0,1996.0
2018106449,シビックアムレット,牡,田中淳司,,カジノドライヴ,2005110112,マレーナ,2011103777,ダイワメジャー,2001103114,国枝久美子,信岡牧場,350.0,2005.0,2011.0,2001.0
2018104306,コニャックダイヤ,牝,甲田悟史,,シニスターミニスター,000a011099,パパパノチョイナ,2010103250,アフリート,000a000013,角谷守正,藤沢牧場,350.0,2003.0,2010.0,1984.0
2018101327,フェアリーバローズ,牝,辻野泰之,,ロードカナロア,2008103552,パローマ,2013105954,ディープインパクト,2002100816,猪熊広次,二風谷ファーム,350.0,2008.0,2013.0,2002.0
2018105110,バラキエル,セ,真島正徳,,ロードカナロア,2008103552,スリールドランジュ,2011103753,ゼンノロブロイ,2000101517,西村健,ノーザンファーム,349.5,2008.0,2011.0,2000.0
2018101819,シゲルカンリショク,牝,九日俊光,,トゥザワールド,2011103975,アイファインバンド,2008104652,タップダンスシチー,1997110043,森中啓子,中央牧場,349.1,2011.0,2008.0,1997.0
2018100391,サトノスバル,牡,後藤佑耶,,ディープインパクト,2002100816,コンクエストハーラネイト,000a013898,Harlan's Holiday,000a010cdf,（株）ビープロジェク,下河辺牧場,349.0,2002.0,2012.0,1999.0
2018100231,バーガンディ,牡,加藤幸保,,ドゥラメンテ,2012104511,サンヴィヴァン,2012104228,マンハッタンカフェ,1998101554,山内晃,木部ファーム,349.0,2012.0,2012.0,1998.0
2018101889,ベニノジェネラル,牡,黒川智貴,,ローエングリン,1999106738,サイキョウヒカリ,2004100970,フレンチデピュティ,000a00013a,紅谷,中村弘昭,348.9,1999.0,2004.0,1992.0
2018104500,ハリウッドルビー,牝,中川竜馬,,スクリーンヒーロー,2004103328,アイアムルビー,2007110004,Saint Liam,000a010610,豊島愛子,社台ファーム,348.7,2004.0,2007.0,2000.0
2018104425,タマモポラリス,牝,伊藤滋規,,ディスクリートキャット,000a0113a1,タマモルミエール,2012102760,ハーツクライ,2001103038,シグラップ・マネジメ,前田牧場,348.5,2003.0,2012.0,2001.0
2018106776,ベニノサンフラワー,牝,須田和伸,,ノボジャック,1997110152,ケージーホマレ,2006104152,ダンスインザダーク,1993109188,紅谷,川上牧場,348.0,1997.0,2006.0,1993.0
2018105586,ビギー,牝,的場直之,,トビーズコーナー,000a011fed,ライトエメラルド,2008102318,ノボジャック,1997110152,中山博,新井牧場,348.0,2008.0,2008.0,1997.0
2018102581,ラスティングボンド,牝,西川進也,,キズナ,2010105827,ザンスカール,2013102300,エンパイアメーカー,000a010542,庄司修二,ケイアイファーム,347.8,2010.0,2013.0,2000.0
2018104927,アンドルディース,牝,国枝栄,,ハーツクライ,2001103038,ウィキッドリーパーフェクト,000a011ad9,Congrats,000a010687,サンデーレーシング,ノーザンファーム,347.0,2001.0,2008.0,2000.0
2018104452,マジックビーム,牡,高橋祥泰,,エイシンフラッシュ,2007102951,マジックビクトリア,2004105106,オペラハウス,000a000d77,鈴木芳夫,松田牧場,347.0,2007.0,2004.0,1988.0
2018102906,ファッシネイター,牝,酒井仁,,ダノンレジェンド,2010110102,スギノフォルモーザ,1997103642,サンデーサイレンス,000a00033a,安田功夫,明治牧場,347.0,2010.0,1997.0,1986.0
2018100199,ファイトイト,牝,堀江仁,,ジャングルポケット,1998101786,ボールドスマッシュ,2008102774,ネオユニヴァース,2000101426,高田勇三,賀張中川牧場,347.0,1998.0,2008.0,2000.0
2018105982,エイシンイレブン,牡,櫻井今朝,,ディープインパクト,2002100816,ホームフロムオズ,000a011c6e,Pulpit,000a002133,山口謙太郎,栄進牧場,346.8,2002.0,2002.0,1994.0
2018104747,アレンシュタイン,牡,中川竜馬,,ディープインパクト,2002100816,フィオドラ,000a012e7f,Lord of England,000a0122be,豊島愛子,社台ファーム,346.6,2002.0,2011.0,2003.0
2018100863,カシノオラフ,牡,古賀光範,,ロードアルティマ,2000110026,ラヴィーネ,2011104499,ゼンノロブロイ,2000101517,柏木務,日西牧場,346.6,2000.0,2011.0,2000.0
2018104161,ニホンピロラブリー,牝,大橋勇樹,,ニホンピロアワーズ,2007100191,ニホンピロエミリー,2004104950,デヒア,000a0000df,小林英一,友田牧場,346.5,2007.0,2004.0,1991.0
2018100325,キタノスカーレット,牝,竹口勝利,,サウスヴィグラス,1996110138,アルパインスタイル,2009105346,ダイワメジャー,2001103114,（同）ＪＰＮ技研,佐々木康治,346.4,1996.0,2009.0,2001.0
2018105593,ウルマ,牡,柏木一夫,,シニスターミニスター,000a011099,ノーブルビューティ,2007100556,キングカメハメハ,2001103460,前川企画,市川牧場,346.0,2003.0,2007.0,2001.0
2018104719,テイケイラウレア,牝,山口浩幸,,スピルバーグ,2009105961,ハッピーリクエスト,1997103413,トニービン,1983109006,兼松忠男,社台ファーム,345.0,2009.0,1997.0,1983.0
2018104153,ブルーガーデニア,牝,宮下靖旨,,ダノンシャンティ,2007105709,フォレノワール,2010103079,アグネスタキオン,1998101516,三村比呂志,飛野牧場,344.9,2007.0,2010.0,1998.0
2018102492,グローリアスヴェガ,牝,高月賢一,,タートルボウル,000a012045,レディキルシェ,2002106034,サンデーサイレンス,000a00033a,日下部勝徳,小野秀治,344.6,2002.0,2002.0,1986.0
2018100414,サンライズブルーム,牡,田辺陽一,,ロードカナロア,2008103552,ドラゴンハピネス,2012101370,ディープインパクト,2002100816,永谷友一郎,下河辺牧場,344.0,2008.0,2012.0,2002.0
2018103807,リリーエンプレス,牝,藤ヶ崎一,,ノヴェリスト,000a012230,シルクプリズム,2004104419,アグネスタキオン,1998101516,櫻井多美子,桜井牧場,343.4,2009.0,2004.0,1998.0
2018106486,ダンツソアラ,牡,古賀光範,,クリエイターII,000a013630,ミヤジレイナ,2011106048,キングカメハメハ,2001103460,山元哲二,丸幸小林牧場,342.0,2013.0,2011.0,2001.0
2018109053,リアルスピード,牝,藤ヶ崎一,,リアルインパクト,2008103244,ゲーリックダンス,2007109136,キングカメハメハ,2001103460,安部重夫,青南ムラカミファーム,340.6,2008.0,2007.0,2001.0
2018104513,ショスタコーヴィチ,牡,菅原欣也,,クリエイターII,000a013630,アムールポエジー,2010103852,ネオユニヴァース,2000101426,内海雅之,社台ファーム,340.6,2013.0,2010.0,2000.0
2018101548,レゾンデートル,牝,加藤和宏,,マツリダゴッホ,2003104570,イヴニングミスト,000a010565,Pulpit,000a002133,（株）ファーストビジ,上井農場,340.6,2003.0,2000.0,1994.0
2018101154,グレースクレージー,牝,矢野義幸,,ローズキングダム,2007103404,ガッテンマリー,2009103237,ネオユニヴァース,2000101426,山本智也,門別牧場,340.5,2007.0,2009.0,2000.0
2018106818,ミミタン,牡,川添明弘,,ワールドエース,2009106353,ケンブリッジヒカリ,2012101570,アドマイヤムーン,2003102991,川添裕起,マリオステーブル,340.3,2009.0,2012.0,2003.0
2018106744,モンセラーテ,牡,別府真司,,ダノンシャーク,2008105554,ロスカティオス,2010106249,ティンバーカントリー,000a00035e,中地賢次郎,ハーモニーストックファーム,340.0,2008.0,2010.0,1992.0
2018106683,ホウショウカノコ,牝,藤川純,,ゴールドシップ,2009102739,ホウショウマツエ,2007110073,Malibu Moon,000a010c8e,芳賀美知子,清水スタッド,340.0,2009.0,2007.0,1997.0
2018106351,インスピラーレ,牝,斎藤雄一,,ドゥラメンテ,2012104511,ティックルピンク,2006102841,フレンチデピュティ,000a00013a,辻牧場,辻牧場,340.0,2012.0,2006.0,1992.0
2018101520,エムティーロゼッタ,牝,佐藤茂,,ヴィクトワールピサ,2007102923,ロジウエスト,2010105358,ケイムホーム,000a0108d1,鶴谷義雄,オリエント牧場,340.0,2007.0,2010.0,1999.0
2018101288,ウィアサクラ,牝,山崎裕也,,サンカルロ,2006102822,マルマツキセキ,2002106210,カコイーシーズ,1986109001,谷口悦一,黒川賢司,340.0,2006.0,2002.0,1986.0
2018101181,ヨリクンロード,牡,荒山勝徳,,Quality Road,000a011cff,ヒムノティック,000a013e19,War Front,000a011d00,辻子依旦,ヤナガワ牧場,340.0,2006.0,2013.0,2002.0
2018105968,エイシンヴィクター,牡,栗林信文,,エーシンフォワード,2005110172,サクラメントガール,2002110067,Devil His Due,000a002109,紙谷洋一,栄進牧場,339.5,2005.0,2002.0,1989.0
2018102661,リリーテソーロ,牝,大垣敏夫,,ブラックタイド,2001103312,グリーズアージェント,000a012f8f,Clodovil,000a0130b0,了徳寺健二ホールディングス,タガミファーム,339.5,2001.0,2011.0,2000.0
2018100646,エースオブエース,牡,工藤裕孝,,アドマイヤムーン,2003102991,アラリーン,000a0127f0,Selkirk,000a001fab,岩渕瑞生,ダーレー・ジャパン・ファーム,339.3,2003.0,2008.0,1988.0
2018100856,ドナアネラ,牝,加藤和義,,プリサイスエンド,000a00fe9b,ドナビジュー,2004102121,スペシャルウィーク,1995103211,矢内卓人,日西牧場,338.8,1997.0,2004.0,1995.0
2018100501,チェリーベルツ,牝,米田英世,,フリオーソ,2004106867,エムオービューティ,2009106700,シンボリクリスエス,1999110099,米津佳昭,白瀬盛雄,338.6,2004.0,2009.0,1999.0
2018109095,アヴァンツァーレ,セ,堀内岳志,,ドゥラメンテ,2012104511,アドバンスクラーレ,2007103139,サクラバクシンオー,1989108341,ノルマンディーサラブレッドレーシング,恵比寿興業株式会社那須野牧場,338.2,2012.0,2007.0,1989.0
2018101752,カルストンデライト,牝,瀬戸幸一,,トゥザワールド,2011103975,カルストンハイネ,2007104525,カルストンライトオ,1998103333,安藤浩也,武田寛治,338.1,2011.0,2007.0,1998.0
2018103681,ルギア,牡,上杉昌宏,,ホッコータルマエ,2009100921,コートリーラッシュ,2011103463,ディープスカイ,2005101358,小泉修,木村秀則,338.0,2009.0,2011.0,2005.0
2018104820,デルマニッコウ,牝,金田一昌,,ジャングルポケット,1998101786,ユメノキズナ,2007102968,ストラヴィンスキー,000a00fa41,浅沼廣幸,社台ファーム,337.9,1998.0,2007.0,1996.0
2018103136,ケイアイイモーテル,牡,笹野博司,,キングカメハメハ,2001103460,ナイルクイーン,000a013864,Pioneerof the Nile,000a0122f5,安部重夫,高昭牧場,337.6,2001.0,2011.0,2006.0
2018100475,ザガーロ,牝,吉井一良,,ハクサンムーン,2009102527,グリーリーレイ,2007103009,Mr. Greeley,000a00213e,上野進二,白井牧場,337.5,2009.0,2007.0,1992.0
2018100387,ダノンパルス,牡,別府真司,,Malibu Moon,000a010c8e,カーリンホーク,000a013e1b,Curlin,000a011734,谷口信喜,下河辺牧場,337.5,1997.0,2010.0,2004.0
2018104290,タカラジマ,牡,竹下直人,,ベーカバド,000a011dc0,ブラストスイフト,2006101238,コマンダーインチーフ,000a0000b0,（株）ファーストビジ,福岡駿弥,337.4,2007.0,2006.0,1990.0
2018102294,ゲツレンカ,牝,水野貴広,,ジョーカプチーノ,2006100529,バーニングハート,2010105061,ストラヴィンスキー,000a00fa41,吉田好雄,村上欽哉,337.4,2006.0,2010.0,1996.0
2018105393,エンプレスソウル,牝,宗像義忠,,ハーツクライ,2001103038,ローマンエンプレス,000a012940,Sadler's Wells,000a00185d,吉田勝己,ノーザンファーム,337.0,2001.0,2006.0,1981.0
2018102618,ハルキジェイソウル,牝,浅見秀一,,シニスターミニスター,000a011099,フリージアコート,2011104028,タニノギムレット,1999100226,若草クラブ,佐藤勝秀,337.0,2003.0,2011.0,1999.0
2018102324,ショウナンアドール,牝,加藤士津,,キズナ,2010105827,ショウナンラヴオン,2005100221,シンボリクリスエス,1999110099,国本哲秀,ムラカミファーム,337.0,2010.0,2005.0,1999.0
2018100519,ラストスタンド,牝,畠山信一,,フリオーソ,2004106867,ファーストキス,2011100434,マチカネキンノホシ,1996110304,吉田勝利,新生ファーム,337.0,2004.0,2011.0,1996.0
2018100464,ガティット,牡,小牧毅,,ベルシャザール,2008103004,シーズガレット,2008101892,アグネスフライト,1997103400,大田慎治,庄野牧場,336.7,2008.0,2008.0,1997.0
2018106565,ブレーヴソウル,牡,東美義,,ハーツクライ,2001103038,ワンダーフィリー,000a012f7c,Invincible Spirit,000a01056d,坂本忠教,三嶋牧場,336.4,2001.0,2007.0,1997.0
2018101505,シゲルサンヨ,牡,九日俊光,,シンボリクリスエス,1999110099,シゲルトマト,2009102672,ルールオブロー,000a010d7d,森中蕃,大林ファーム,335.9,1999.0,2009.0,2001.0
2018103225,クニノスマイル,牡,細川忠義,,ホッコータルマエ,2009100921,ハビタブルゾーン,2011104379,ネオユニヴァース,2000101426,国田正忠,大北牧場,335.5,2009.0,2011.0,2000.0
2018102957,フィシェ,牝,酒井一則,,スウェプトオーヴァーボード,000a00fa34,エトワールステージ,2003101298,デヒア,000a0000df,（株）コージーホール,レースホース牧場,335.5,1997.0,2003.0,1991.0
2018100653,オペラムーン,牝,菅原勲,,アドマイヤムーン,2003102991,オペラクローク,000a0127fd,Cape Cross,000a0022ae,高橋一己,ダーレー・ジャパン・ファーム,334.8,2003.0,2009.0,1994.0
2018100259,クラウンヒューモア,牡,東眞市,,フォーティナイナーズサン,000a011227,クラウンハッピー,2008102247,スウェプトオーヴァーボード,000a00fa34,矢野まり子,クラウン日高牧場,334.4,2001.0,2008.0,1997.0
2018104222,セルヴォ,牡,大根田裕,,フレンチデピュティ,000a00013a,ソリッドプラチナム,2003105275,ステイゴールド,1994108729,奥裕嗣,橋本牧場,334.0,1992.0,2003.0,1994.0
2018104112,ブライダルクイーン,牝,池田忠好,,マクフィ,000a011c77,ブライダルドレス,2010103007,クロフネ,1998110135,原久美子,千代田牧場,333.1,2007.0,2010.0,1998.0
2018103104,ジューンサクラ,牝,荒川義之,,ハーツクライ,2001103038,アグネスサクラ,2006102879,ホワイトマズル,1990109700,吉川潤,高昭牧場,333.0,2001.0,2006.0,1990.0
2018105352,マーベラスムーン,牡,柳井宏之,,ドリームジャーニー,2004102753,ルナレガーロ,2010104077,アドマイヤムーン,2003102991,江頭數義,ノーザンファーム,332.8,2004.0,2010.0,2003.0
2018100987,ピヨピヨピピピ,牝,真島元徳,,オネストジョン,2004106158,パラディドル,2011104841,キングカメハメハ,2001103460,原久美子,藤本直弘,332.5,2004.0,2011.0,2001.0
2018105960,バイエニーチャンス,牡,田中伸一,,エピファネイア,2010104155,エーシンマダムジー,2006110040,Giant's Causeway,000a0022e1,木村益生,栄進牧場,332.0,2010.0,2006.0,1997.0
2018102058,ハギノヴィンチェレ,セ,堀千亜樹,,キズナ,2010105827,ハギノナトゥーラ,2012100606,ダイワメジャー,2001103114,日隈良江,ノースヒルズ,332.0,2010.0,2012.0,2001.0
2018102105,ピンチガチャンス,牝,久保勇,,アロマカフェ,2007104812,ヤマサカントリー,1999105301,ティンバーカントリー,000a00035e,大黒富美子,浜口牧場,331.6,2007.0,1999.0,1992.0
2018100293,サンパリス,牝,北野真弘,,トーセンジョーダン,2006103169,ケンタッキーミント,2011102007,ゼンノロブロイ,2000101517,木村益生,ケイズ,331.6,2006.0,2011.0,2000.0
2018105934,エイシンイオ,牝,伊藤勝己,,メイショウボーラー,2001100650,エーシンアガペー,2007103477,ロージズインメイ,000a010a10,（同）ＪＰＮ技研,栄進牧場,331.4,2001.0,2007.0,2000.0
2018106338,ゴールデンマリア,牝,森下淳平,,ドゥラメンテ,2012104511,コンサーンナッカ,000a011526,Concern,000a0021e1,嶋田賢,辻牧場,331.2,2012.0,2000.0,1991.0
2018106165,パカラッチ,牝,内田勝義,,ダノンレジェンド,2010110102,ビーフィットウォー,2010104464,ウォーエンブレム,000a00fa35,馬場祥晃,佐々木恵一,331.2,2010.0,2010.0,1999.0
2018100596,シングンジェット,牡,倉地学,,シングンオペラ,1998105609,カスミダンサー,2005104849,スウェプトオーヴァーボード,000a00fa34,伊坂重憲,高山博,331.1,1998.0,2005.0,1997.0
2018105648,トーセンガーリー,牝,佐藤祐司,,ダイワメジャー,2001103114,トーセンインディ,2008105327,アドマイヤコジーン,1996106512,小林和幸,エスティファーム,331.0,2001.0,2008.0,1996.0
2018104793,カイトエイティー,牝,和田雄二,,ダンカーク,000a012185,マニエリスム,2008103001,ゼンノロブロイ,2000101517,本田恒雄,社台ファーム,331.0,2006.0,2008.0,2000.0
2018100145,キクノペンスキー,牡,川西毅,,ケープブランコ,000a011b06,カフェドフレール,2008102931,マンハッタンカフェ,1998101554,菊池五郎,沖田牧場,330.4,2007.0,2008.0,1998.0
2018102527,ランブラー,牝,藤田正治,,ロージズインメイ,000a010a10,アイラインローザー,2005104183,バブルガムフェロー,1993109219,小橋亮太,川端英幸,330.3,2000.0,2005.0,1993.0
2018100481,ノーブルアイランド,牡,頼本盛行,,ラブリーデイ,2010104298,ナリタシリカ,2006105565,コマンダーインチーフ,000a0000b0,（同）ＪＰＮ技研,白井牧場,330.1,2010.0,2006.0,1990.0
2018109174,グレートセブン,牡,川野勇馬,,スクワートルスクワート,000a000da4,トウカイユニバース,2007104672,ダンスインザダーク,1993109188,上岡和男,服部文明,330.0,1998.0,2007.0,1993.0
2018106397,クリノラピッド,牝,伊藤伸一,,シニスターミニスター,000a011099,オースミフブキ,2011103208,マンハッタンカフェ,1998101554,栗本博晴,富菜牧場,330.0,2003.0,2011.0,1998.0
2018105417,ミュラッカ,牡,高木登,,ハービンジャー,000a011996,シナノネージュ,2006102742,フレンチデピュティ,000a00013a,Ｇ１レーシング,追分ファーム,330.0,2006.0,2006.0,1992.0
2018104926,ギルティブラック,牡,森沢友貴,,ディープインパクト,2002100816,インナーレルム,000a013895,Galileo,000a00232b,サンデーレーシング,ノーザンファーム,330.0,2002.0,2008.0,1998.0
2018104530,フィエラブラス,牡,手塚貴久,,キングカメハメハ,2001103460,イタリアンレッド,2006103026,ネオユニヴァース,2000101426,社台レースホース,社台ファーム,330.0,2001.0,2006.0,2000.0
2018103918,マテンロウアスカ,牝,武英智,,オルフェーヴル,2008102636,ダーリングバード,000a013881,Birdstone,000a01169b,寺田千代乃,タイヘイ牧場,330.0,2008.0,2010.0,2001.0
2018103853,アンジュブラン,牝,宮本仁,,ロジユニヴァース,2006103140,クインズエンジェル,2011106262,Zensational,000a0119b2,遠藤喜和,静内杉下牧場,329.7,2006.0,2011.0,2006.0
2018106159,ニューフィー,牝,田村彰啓,,マクフィ,000a011c77,リミックスアルバム,2010104825,キングカメハメハ,2001103460,梶川素嗣,酒井牧場,329.5,2007.0,2010.0,2001.0
2018101094,カラフルライフ,牝,柳井宏之,,バトルプラン,000a0118e8,ラプンツェル,2002106787,デヒア,000a0000df,柴田茂樹,槇本牧場,329.4,2005.0,2002.0,1991.0
2018103123,ハッピーキララ,牝,平和人,,トゥザグローリー,2007103265,キララチュール,2006100360,タイキシャトル,1994109686,シグラップ・マネジメ,高昭牧場,328.4,2007.0,2006.0,1994.0
2018105341,バルレッタ,牝,高野友和,,エピファネイア,2010104155,リミニ,2014106143,ディープインパクト,2002100816,シルクレーシング,ノーザンファーム,328.0,2010.0,2014.0,2002.0
2018104293,リュウノエルヴィス,牡,沖田明子,,マツリダゴッホ,2003104570,フレンズ,2010104265,クロフネ,1998110135,蓑島竜一,藤川ファーム,328.0,2003.0,2010.0,1998.0
2018103113,ブラックソウル,牝,上村洋行,,メイショウボーラー,2001100650,エンパイアソウル,2013102572,エンパイアメーカー,000a010542,高昭牧場,高昭牧場,328.0,2001.0,2013.0,2000.0
2018101443,サンキューベイリー,牝,相沢郁,,モーリス,2011100655,オンワードミシェル,2000100322,アンバーシャダイ,1977103827,石瀬浩三,石郷岡五月,328.0,2011.0,2000.0,1977.0
2018100792,トゥインクルベガ,牝,川村守男,,タイムパラドックス,1998101683,シャイニングベガ,2005106993,アドマイヤベガ,1996107396,北原大史,豊田田村牧場,328.0,1998.0,2005.0,1996.0
2018100807,モズキゾク,牡,沖田明子,,グランプリボス,2008103388,モズビリーブ,2013105862,クロフネ,1998110135,大谷昌裕,中川欽一,327.7,2008.0,2013.0,1998.0
2018100603,ファーマスター,牝,井樋一也,,スウェプトオーヴァーボード,000a00fa34,ニュートロンスター,2010100596,シンボリクリスエス,1999110099,（有）総武開発,高山牧場,327.7,1997.0,2010.0,1999.0
2018101415,ミステリーパワー,牡,石川浩文,,ローレルゲレイロ,2004100933,パラドーロ,2011104072,ステイゴールド,1994108729,吉武章,浅川牧場,326.8,2004.0,2011.0,1994.0
2018106433,ネイリスト,牝,藤ヶ崎一,,ダノンレジェンド,2010110102,ベリーキュート,2007101718,ザッツザプレンティ,2000101398,永山和夫,日東牧場,326.5,2010.0,2007.0,2000.0
2018103385,キングスハンド,牡,松木啓助,,リヤンドファミユ,2010104396,エンプレスラブ,2009101360,マイネルラヴ,1995108558,蕭敬意,村中牧場,326.5,2010.0,2009.0,1995.0
2018106044,ロイヤルブライド,牝,栗本陽一,,ローズキングダム,2007103404,ピーチフィズ,2006101872,スウェプトオーヴァーボード,000a00fa34,柴田洋一,鎌田正嗣,326.1,2007.0,2006.0,1997.0
2018102685,イクノエース,牡,辻野豊,,ワールドエース,2009106353,ハナシャトル,2014100969,タイキシャトル,1994109686,小林篤,田中春美,326.0,2009.0,2014.0,1994.0
2018102758,イールドブラック,牡,関本浩司,,ブラックタイド,2001103312,アリゲーターアリー,000a0114f5,Gone West,000a001be1,小橋亮太,ヒサイファーム,325.5,2001.0,1998.0,1984.0
2018100851,スタンドバイユー,セ,市村誠,,リーチザクラウン,2006102923,クリノアミナ,2014102326,スターリングローズ,1997106560,堀口晴男,日西牧場,325.0,2006.0,2014.0,1997.0
2018102234,ラヴィテスミラノ,牡,宮下靖旨,,タイムパラドックス,1998101683,ホリデイインミラノ,2002100579,サンデーサイレンス,000a00033a,平井頼行,松浦牧場,324.7,1998.0,2002.0,1986.0
2018103199,ハイラブサイエンス,牡,保利良次,,スマートファルコン,2005100097,ニュードラゴン,2013102982,アンライバルド,2006103308,服部新平,鮫川ファーム,324.5,2005.0,2013.0,2006.0
2018106779,ハラジュク,牡,大垣敏夫,,ロージズインメイ,000a010a10,ステイインハート,2013105306,ステイゴールド,1994108729,三岡陽,川上牧場,324.3,2000.0,2013.0,1994.0
2018102882,スピーチレス,牡,工藤裕孝,,アポロキングダム,2003110139,プレイサイレンス,000a01165b,サンデーサイレンス,000a00033a,小橋亮太,三石軽種馬共同育成センター,324.3,2003.0,2001.0,1986.0
2018102918,スリンシンガポール,牝,矢内博,,プリサイスエンド,000a00fe9b,ステッバイステップ,2004101795,カリズマティック,000a00fa33,田村義徳,元茂牧場,323.0,1997.0,2004.0,1996.0
2018103875,ヴィクターゾロ,牡,瀬戸幸一,,ダブルスター,2009103518,ウィンディラヴ,2009100421,ダンシングカラー,1998103701,川原崇弘,静内山田牧場,321.0,2009.0,2009.0,1998.0
2018103789,エアーズロック,牡,橋口慎介,,ヴィクトワールピサ,2007102923,エアジャメヴー,2005102215,シンボリクリスエス,1999110099,西村健,坂本智広,321.0,2007.0,2005.0,1999.0
2018102052,クアドリフォリオ,牝,和田正一,,バゴ,2001190004,スーリール,2011105082,スペシャルウィーク,1995103211,ノースヒルズ,ノースヒルズ,321.0,2001.0,2011.0,1995.0
2018101900,テイエムテンホー,牝,平山宏秀,,リオンディーズ,2013105915,グローリサンディ,2001102057,エイシンサンディ,1993103280,竹園正繼,中本牧場,320.1,2013.0,2001.0,1993.0
2018110102,コスモカルティエ,牡,宗形竹見,,Gleneagles,000a0128fa,Expensive Date,000a014be8,Monsieur Bond,000a010a63,組）ウィル,Redpender Stud Ltd,320.0,2012.0,2012.0,2000.0
2018104822,プレイマウント,牡,井樋一也,,スピルバーグ,2009105961,ライブリーチューン,000a011166,Dixieland Band,000a0017b2,宮崎豊治,社台ファーム,320.0,2009.0,2004.0,1980.0
2018100500,アサナト,牝,田中淳司,,ダノンレジェンド,2010110102,ワディラム,2001103035,サンデーサイレンス,000a00033a,白井岳,白井牧場,320.0,2010.0,2001.0,1986.0
2018104467,オーシャンウインド,牝,田島寿一,,オーシャンブルー,2008102978,プラニスフィア,2012101598,ディープスカイ,2005101358,組）ゴッテスフルス,三木田牧場,319.5,2008.0,2012.0,2005.0
2018100872,グローリアステラ,牝,佐藤茂,,ハービンジャー,000a011996,クラッシュオンユー,2010105285,クロフネ,1998110135,日下部勝徳,ノースガーデン,319.1,2006.0,2010.0,1998.0
2018100436,リップクリーム,牝,菅原右吉,,ルーラーシップ,2007103143,マイアトラクション,2012101390,ディープインパクト,2002100816,下河辺牧場,下河辺牧場,318.9,2007.0,2012.0,2002.0
2018106233,レイドフルール,牝,西川進也,,アジアエクスプレス,2011110091,レディストレイツ,2003110002,モンジュー,1996190001,（同）スカイラーシス,田中スタッド,318.8,2011.0,2003.0,1996.0
2018106563,プロデューサー,セ,佐々木由,,ロードカナロア,2008103552,ルリビタキ,2010103706,デュランダル,1999106756,大黒富美子,三嶋牧場,318.7,2008.0,2010.0,1999.0
2018106631,ゴールドホープ,牡,土井道隆,,アドマイヤムーン,2003102991,アドマイヤディア,2002100904,エルコンドルパサー,1995108742,岡友則,山田昇史,318.6,2003.0,2002.0,1995.0
2018106177,プリュイ,牡,藪口一麻,,ロードアルティマ,2000110026,スナークリーズン,2000103886,サンダーガルチ,000a00035c,谷野健,笹地牧場,318.5,2000.0,2000.0,1992.0
2018101149,エムオーロープ,牝,保利幸作,,バトルプラン,000a0118e8,エムオータイカン,2013104082,メイショウボーラー,2001100650,北原光一郎,門別牧場,318.5,2005.0,2013.0,2001.0
2018100131,ハイテレスヴェター,牝,小西重征,,ラブリーデイ,2010104298,リアリティー,2010100274,アドマイヤマックス,1999107004,小林弘明,大江牧場,318.3,2010.0,2010.0,1999.0
2018105832,スーゼル,牝,荒巻透,,モーリス,2011100655,メジロフォーナ,2005102029,ナリタトップロード,1996102442,インターフェース（同,レイクヴィラファーム,318.1,2011.0,2005.0,1996.0
2018102115,ジュリオチェザーレ,牡,河津裕昭,,ラブリーデイ,2010104298,コントローリング,000a010d9a,Danzig,000a0000d3,前田幸治,平山牧場,318.0,2010.0,1999.0,1977.0
2018101713,セナッキー,牝,工藤伸輔,,タイムパラドックス,1998101683,リスクオン,2011103754,マツリダゴッホ,2003104570,北原大史,スカイビーチステーブル,318.0,1998.0,2011.0,2003.0
2018100819,ナムラトキオ,牡,打越勇児,,リアルインパクト,2008103244,ナムラヒラリー,2011102118,クロフネ,1998110135,川添裕起,ナカノファーム,318.0,2008.0,2011.0,1998.0
2018101384,レーヴエモーション,牝,山田質,,パイロ,000a01176a,クリヤマキアート,2009102083,クロフネ,1998110135,米津佳昭,船越伸也,317.9,2005.0,2009.0,1998.0
2018106013,ピエナゴールド,牡,村田六郎,,ハービンジャー,000a011996,メメクザリアーナ,2012105156,ジャングルポケット,1998101786,山下勝博,岡本牧場,317.5,2006.0,2012.0,1998.0
2018104918,ベルンハルト,牡,池江泰寿,,ラブリーデイ,2010104298,アーデルハイト,2007103292,アグネスタキオン,1998101516,シルクレーシング,ノーザンファーム,317.0,2010.0,2007.0,1998.0
2018100959,ブラックライフ,牝,長倉功,,ブラックタイド,2001103312,トウカイライフ,2007105970,トウカイテイオー,1988101025,清水義徳,広富牧場,317.0,2001.0,2007.0,1988.0
2018100640,ウエイヴ,牝,古澤悟,,アジアエクスプレス,2011110091,ヤヤラーラ,2009106508,ゼンノロブロイ,2000101517,松本雅彦,田端牧場,316.0,2011.0,2009.0,2000.0
2018103524,グレートフォーユー,牡,黒田隆男,,マツリダゴッホ,2003104570,トーセンフォーユー,2000101778,トニービン,1983109006,（株）ファーストビジ,岡田スタッド,315.2,2003.0,2000.0,1983.0
2018104804,デルマケゴン,牝,山崎裕也,,ストロングリターン,2006102934,ミオリチャン,2007102943,スウェプトオーヴァーボード,000a00fa34,浅沼廣幸,社台ファーム,315.0,2006.0,2007.0,1997.0
2018104763,タイムリーブリーズ,牝,荒山勝徳,,ケイムホーム,000a0108d1,ブリージーウッズ,2000101330,ティンバーカントリー,000a00035e,吉田照哉,社台ファーム,315.0,1999.0,2000.0,1992.0
2018103856,ピースアンドリンゴ,牡,宇都英樹,,ルーラーシップ,2007103143,アナザーガール,2010103636,ダイワメジャー,2001103114,小橋亮太,静内ファーム,315.0,2007.0,2010.0,2001.0
2018102617,シャッタアックロイ,セ,坂本昇,,アジアエクスプレス,2011110091,フェバリットソング,2010106304,ゴールドアリュール,1999106689,（株）本城,坂本牧場,315.0,2011.0,2010.0,1999.0
2018106128,フィーネ,牝,山田和久,,サウスヴィグラス,1996110138,デルマオサキ,2010103773,ネオユニヴァース,2000101426,遠藤喜和,金成吉田牧場,314.8,1996.0,2010.0,2000.0
2018103534,ブレリア,牝,井樋一也,,マツリダゴッホ,2003104570,パリージョ,2007100725,タイキシャトル,1994109686,山本浩志,岡田スタッド,314.6,2003.0,2007.0,1994.0
2018102554,クリスタルハート,牝,鮫島克也,,ジャスタウェイ,2009106461,キャナルハート,2013110018,Giant's Causeway,000a0022e1,西村健,グローリーファーム,314.6,2009.0,2013.0,1997.0
2018106064,ラッセルリー,牝,鮫島一歩,,キズナ,2010105827,ハヤブサユウサン,2010104737,スペシャルウィーク,1995103211,田島政光,ガーベラパークスタッド,314.4,2010.0,2010.0,1995.0
2018103813,ゼニガタ,牡,山崎尋美,,パイロ,000a01176a,ウマヒトスジ,2006101021,Tale of the Cat,000a002276,中平崇介,佐竹学,313.5,2005.0,2006.0,1994.0
2018102840,ボンバーガール,牝,池田忠好,,ヴァンセンヌ,2009106525,フィールドボニータ,2005104557,コロナドズクエスト,000a0000b5,山本将司,前田ファーム,313.3,2009.0,2005.0,1995.0
2018102815,ツカサ,セ,天間昭一,,アイルハヴアナザー,000a011ed3,リードザウェイ,2003102456,アグネスタキオン,1998101516,木村廣太,本桐牧場,313.2,2009.0,2003.0,1998.0
2018102188,カゼノスバル,牡,竹下太,,カゼノグッドボーイ,2006102712,カゼノサファイア,2010106157,スパイキュール,2000101557,浅井隆夫,プログレスファーム,313.1,2006.0,2010.0,2000.0
2018104362,スターオンステージ,牝,今津博之,,シニスターミニスター,000a011099,スターアクトレス,2011102578,フレンチデピュティ,000a00013a,藤原牧場,藤原牧場,312.9,2003.0,2011.0,1992.0
2018106185,メイショウサロベツ,牡,朝倉実,,メイショウサムソン,2003102205,メイショウブリエ,2010104854,タイキシャトル,1994109686,（株）ファーストビジ,松栄牧場,312.5,2003.0,2010.0,1994.0
2018109001,ミラコロアムレート,牝,永田幸宏,,ウインバリアシオン,2008103206,ウインアンブロシア,2009106581,ゴールドアリュール,1999106689,山崎和哉,荒谷牧場,312.4,2008.0,2009.0,1999.0
2018106522,サイモンギザ,牡,池田忠好,,エイシンフラッシュ,2007102951,ダイヤモンドハイ,2011106101,アドマイヤムーン,2003102991,原久美子,三嶋牧場,312.4,2007.0,2011.0,2003.0
2018103989,ハルバルキタゼ,牡,新井健児,,ストロングリターン,2006102934,パルパルムツミ,2012103072,ハーツクライ,2001103038,渡辺敏道,田中裕之,312.0,2006.0,2012.0,2001.0
2018100839,サイモンシナモン,牝,中野博,,キングヘイロー,1995104427,ビックセイラー,2010101087,クロフネ,1998110135,小橋亮太,長田ファーム,312.0,1995.0,2010.0,1998.0
2018103366,ナンヨーノワール,牡,矢野久美,,グランプリボス,2008103388,ラブインザミスト,2010102296,ルールオブロー,000a010d7d,山下壽,三好牧場,311.9,2008.0,2010.0,2001.0
2018102627,ジャジャジャーン,牡,田中範雄,,モーリス,2011100655,ジャジャマーチャン,2008103040,アドマイヤコジーン,1996106512,嶋田純也,嶋田牧場,311.9,2011.0,2008.0,1996.0
2018106110,アンフィニ,牝,角田輝也,,ジャスタウェイ,2009106461,ラーナック,2005110212,モンジュー,1996190001,上手健太郎,杵臼牧場,311.5,2009.0,2005.0,1996.0
2018104987,グレイシャーパーク,牝,高橋義忠,,Dawn Approach,000a012117,カリスペル,000a013e75,シングスピール,1992190005,シルクレーシング,ノーザンファーム,311.0,2010.0,2010.0,1992.0
2018104311,ガレア,牡,佐々木功,,ブラックタイド,2001103312,アンジェラスキッス,2004110255,Gone West,000a001be1,田代實夫,フジワラファーム,311.0,2001.0,2004.0,1984.0
2018101210,クリノエルサ,牝,沖田明子,,ゴールドシップ,2009102739,クリノビャクダン,2006105891,クロフネ,1998110135,（株）ＯＫＣ,横井哲,310.6,2009.0,2006.0,1998.0
2018101495,ラインマン,牡,新田守,,キングズベスト,000a0022d2,ヒメキヨヒダカ,2012100836,ハービンジャー,000a011996,高橋昇市,大狩部牧場,310.0,1997.0,2012.0,2006.0
2018101315,サムライランナー,牡,鷹見浩,,トーセンジョーダン,2006103169,ジュラン,2002107091,フォーティナイナー,000a000134,田中照美,中田牧場,310.0,2006.0,2002.0,1985.0
2018100302,サンハーリンゲン,牡,藤原辰雄,,ストロングリターン,2006102934,ワニタレスタリ,2006101996,エイシンサンディ,1993103280,加藤ステーブル,ケイズ,310.0,2006.0,2006.0,1993.0
2018104585,ヴィクトリアブーケ,牝,三野宮通,,スウェプトオーヴァーボード,000a00fa34,キャスケードブーケ,2003102548,スペシャルウィーク,1995103211,竹下佳利,社台ファーム,309.4,1997.0,2003.0,1995.0
2018104995,ガリレオインパクト,牝,中内田充,,ディープインパクト,2002100816,ガリレオオールウェイズ,000a013715,Galileo,000a00232b,Ｃ．フィプケ,ノーザンファーム,309.0,2002.0,2012.0,1998.0
2018103627,ポムダムール,牝,保利良次,,アグネスデジタル,1997110025,ケツァール,2008102764,ストラヴィンスキー,000a00fa41,魚住啓市,小倉光博,309.0,1997.0,2008.0,1996.0
2018105415,シエンブラ,牡,山下貴之,,カジノドライヴ,2005110112,サルサドゥーラ,2010104539,ゴールドアリュール,1999106689,吉田晴哉,追分ファーム,308.5,2005.0,2010.0,1999.0
2018105944,リュウワンキンゾウ,牡,尾原強,,エイシンアポロン,2007110020,エーシンケツァール,2010104643,ディープインパクト,2002100816,門脇竜一,栄進牧場,308.3,2007.0,2010.0,2002.0
2018102137,マカラプア,牝,川田孝好,,グラスワンダー,1995108676,スウィートレイラニ,2011103776,ディープインパクト,2002100816,成富直行,ビッグレッドファーム,308.1,1995.0,2011.0,2002.0
2018100462,アンスリウムシンヤ,牡,田中道夫,,シビルウォー,2005102317,カイミラ,2011100566,パイロ,000a01176a,高橋弘充,庄野牧場,307.8,2005.0,2011.0,2005.0
2018110135,マイサンライズ,牝,加藤幸保,,Midnight Lute,000a011c22,My Kitty,000a017963,Catienus,000a0127d7,和田牧場,Chad Austin Reed & Hill 'n' Dale Farms,307.7,2003.0,2004.0,1994.0
2018105915,アーデントバローズ,牡,山田徹,,ルーラーシップ,2007103143,エイシンテンダー,2002102709,エイシンサンディ,1993103280,（株）ＭＲ,栄進牧場,307.3,2007.0,2002.0,1993.0
2018101779,テイエムジャガー,セ,平山宏秀,,プリサイスエンド,000a00fe9b,テイエムナデシコ,2010105623,ゼンノロブロイ,2000101517,竹園正繼,タニグチ牧場,307.3,1997.0,2010.0,2000.0
2018103052,マラムレシュ,牝,黒木豊,,マクフィ,000a011c77,ジーニアル,2012105801,キングカメハメハ,2001103460,関昭一,笠松牧場,307.2,2007.0,2012.0,2001.0
2018104842,エリカステラ,牝,松浦聡志,,ディープインパクト,2002100816,リリーオブザヴァレー,000a011dc7,Galileo,000a00232b,三木正浩,社台ファーム,307.0,2002.0,2007.0,1998.0
2018104594,リトルカプリース,牝,内田勝義,,ハーツクライ,2001103038,クォリティシーズン,2008103847,トワイニング,000a000006,吉田照哉,社台ファーム,307.0,2001.0,2008.0,1991.0
2018106556,キングオブマリア,牡,田中伸一,,ドゥラメンテ,2012104511,メイショウマリア,2005102413,マンハッタンカフェ,1998101554,蟹江知彦,三嶋牧場,306.4,2012.0,2005.0,1998.0
2018105961,エイシンミラクル,牝,山越光,,ストロングリターン,2006102934,エーシンリジル,2007101298,フレンチデピュティ,000a00013a,遠藤喜和,栄進牧場,306.4,2006.0,2007.0,1992.0
2018102374,ブルックブルックス,牝,徳本慶一,,カレンブラックヒル,2009106230,セイントブルック,000a010568,Saint Ballado,000a00212e,廣藤政弘,森永聡,306.3,2009.0,2000.0,1989.0
2018100133,リュウセイオジョウ,牝,成田明,,エスポワールシチー,2005102837,オマツリオジョウ,2011106022,エイシンサンディ,1993103280,大屋高広,大澤己芳,305.9,2005.0,2011.0,1993.0
2018106047,ベルウッドカノア,牡,栗田裕光,,エスケンデレヤ,000a012cc0,ベストファッション,2008101387,ダンスインザダーク,1993109188,鈴木照雄,鎌田正嗣,305.5,2007.0,2008.0,1993.0
2018109030,スマーティキャット,牡,鋤田誠二,,ディスクリートキャット,000a0113a1,オープンシャッセ,2007103055,ダンスインザダーク,1993109188,川添裕起,風ノ丘ファーム,305.4,2003.0,2007.0,1993.0
2018109057,フレンドジェイ,牡,加藤幸保,,バゴ,2001190004,ミホユニヴァース,2006109162,ネオユニヴァース,2000101426,横尾晴人,青南ムラカミファーム,305.1,2001.0,2006.0,2000.0
2018106766,モダンローズ,牝,松島寿,,トーセンジョーダン,2006103169,ヴィルフランシュ,2012104927,ハーツクライ,2001103038,大黒富美子,川上牧場,305.1,2006.0,2012.0,2001.0
2018105718,ジョワフロンティア,牝,藪口一麻,,エスポワールシチー,2005102837,レネシャーンティア,2012103834,ホールウォーカー,2003105250,（有）太盛,ストロベリーフィールドファーム,305.0,2005.0,2012.0,2003.0
2018102552,コルス,牡,福田真広,,ミッキーアイル,2011103916,エアパスカル,2005102706,ウォーエンブレム,000a00fa35,西村健,グローリーファーム,304.9,2011.0,2005.0,1999.0
2018106534,スクランブル,牡,月岡健二,,ロードカナロア,2008103552,パールオブアフリカ,000a01390a,Jeremy,000a012af9,佐々木雄二,三嶋牧場,304.0,2008.0,2010.0,2003.0
2018102996,サンジェイ,牝,岡田利一,,トビーズコーナー,000a011fed,スターマーチ,2007101411,フジキセキ,1992109618,（株）さくらコーポレ,市正牧場,304.0,2008.0,2007.0,1992.0
2018103506,スプリングムーン,牝,藤田正治,,トーセンラー,2008102985,スプリングボード,2000102582,アサティス,1985109002,組）リノレーシング,岡田スタッド,303.5,2008.0,2000.0,1985.0
2018103107,エスケイムサシ,牡,藪口一麻,,メイショウボーラー,2001100650,アグネスミヌエット,2005101419,アグネスフライト,1997103400,伊藤輔則,高昭牧場,303.5,2001.0,2005.0,1997.0
2018100523,プランナイン,牝,藪口一麻,,アッミラーレ,1997100569,ミラノリッチ,2011100440,キングカメハメハ,2001103460,吉田勝利,新生ファーム,303.2,1997.0,2011.0,2001.0
2018102980,アオイマジェスティ,牝,矢野義幸,,マジェスティックウォリアー,000a011e9c,アルプサロン,2011106400,アドマイヤムーン,2003102991,金子光男,市川ファーム,303.1,2005.0,2011.0,2003.0
2018100204,ウリコヒメ,牝,安池成実,,タイムパラドックス,1998101683,カルナアヴァンセ,2008106341,キングヘイロー,1995104427,木村恵理,賀張三浦牧場,303.0,1998.0,2008.0,1995.0
2018103763,ロッソネーリ,牝,今津勝之,,ドゥラメンテ,2012104511,シガレット,2012110049,Sea The Stars,000a011c78,（同）ＪＰＮ技研,今牧場,302.9,2012.0,2012.0,2006.0
2018103764,ネロリビガラード,牝,細川忠義,,ダイワメジャー,2001103114,チアズスワロー,2004104380,フレンチデピュティ,000a00013a,西森功,今牧場,301.5,2001.0,2004.0,1992.0
2018110148,コスモアピール,牡,中野博,,Preferment,000a012cff,Stocktake,000a018f24,Tavistock,000a01305b,小濱正智,B H King,301.3,2011.0,2011.0,2005.0
2018104798,ホノノルーカ,牝,野口寛仁,,モーリス,2011100655,マルカパール,1999106799,サンデーサイレンス,000a00033a,鈴木誠,社台ファーム,301.0,2011.0,1999.0,1986.0
2018104562,フォスキーア,セ,和田勇介,,ラブリーデイ,2010104298,オメガクリスマス,2007102745,クロフネ,1998110135,山本雅道,社台ファーム,301.0,2010.0,2007.0,1998.0
2018102924,スターサーバル,牝,米谷康秀,,パドトロワ,2007102760,キリーンガール,2000110094,Cozzene,000a001bda,須田靖之,森政巳,300.9,2007.0,2000.0,1980.0
2018106643,ゴッドデサフィオ,牡,鹿沼良和,,グラスワンダー,1995108676,シャンパンセラー,2004102100,マンハッタンカフェ,1998101554,横田一男,小田誠一,300.0,1995.0,2004.0,1998.0
2018105715,シュバルマル,牡,藪口一麻,,フリオーソ,2004106867,クレバーオーロラ,2009102905,クロフネ,1998110135,（有）太盛,ストロベリーフィールドファーム,300.0,2004.0,2009.0,1998.0
2018104799,パブリックドメイン,牡,池田孝,,エイシンフラッシュ,2007102951,マルチスクリーン,2014105705,スクリーンヒーロー,2004103328,松本政利,社台ファーム,300.0,2007.0,2014.0,2004.0
2018103908,タマモバニラ,牡,玉垣光章,,ジョーカプチーノ,2006100529,タマモメロディ,2007105096,ブライアンズタイム,000a000082,タマモ,曾我博,300.0,2006.0,2007.0,1985.0
2018100254,マリノアルカディア,牝,石井勝男,,エイシンフラッシュ,2007102951,クラウンアルテミス,2010104231,リンカーン,2000101561,クラウン,クラウン日高牧場,300.0,2007.0,2010.0,2000.0
2018105900,エイシンミステリー,牝,中川雅之,,エイシンデピュティ,2002102706,エイシンヴァニラ,2012105125,ダイワメジャー,2001103114,平井克彦,栄進牧場,299.7,2002.0,2012.0,2001.0
2018104328,ネッダ,牝,大山寿文,,マクフィ,000a011c77,ダンスオブサロメ,2002107305,ビワタケヒデ,1995104953,門野重雄,フジワラファーム,299.2,2007.0,2002.0,1995.0
2018104399,バレディクトリアン,牡,荒井朋弘,,エスポワールシチー,2005102837,コスタズメラルダ,2006103855,コロナドズクエスト,000a0000b5,苅部康太郎,真歌田中牧場,299.0,2005.0,2006.0,1995.0
2018104782,リュクスエンヴィ,牝,堀千亜樹,,ダイワメジャー,2001103114,ホットレッグス,2003102468,Galileo,000a00232b,田畑憲士,社台ファーム,298.8,2001.0,2003.0,1998.0
2018103471,メトリカ,牝,及川良春,,トーセンジョーダン,2006103169,アルテミシア,2010101239,クロフネ,1998110135,岩渕瑞生,岡田スタッド,298.6,2006.0,2010.0,1998.0
2018106051,カスターニョ,牡,雑賀正光,,ワールドエース,2009106353,ジュリエッタ,2012105183,エンパイアメーカー,000a010542,公文進児,川越ファーム,298.5,2009.0,2012.0,2000.0
2018100089,エブリーエックス,牝,荒井朋弘,,アジアエクスプレス,2011110091,エスコルピオン,2011100064,ダンスインザダーク,1993109188,野村一雄,いとう牧場,297.9,2011.0,2011.0,1993.0
2018102893,チェリーブロード,牝,関本浩司,,ラブリーデイ,2010104298,スタンリープール,2013106061,キンシャサノキセキ,2003110212,小橋亮太,村上牧場,297.8,2010.0,2013.0,2003.0
2018102700,キサツタイ,牝,土井道隆,,シンボリクリスエス,1999110099,トーセンメッツ,2010100241,ジャングルポケット,1998101786,酒井孝敏,土田和男,297.8,1999.0,2010.0,1998.0
2018100383,フロストフラワー,牝,佐藤祐司,,ホッコータルマエ,2009100921,オーケストラピット,2010100492,アグネスタキオン,1998101516,木村良明,下河辺牧場,297.7,2009.0,2010.0,1998.0
2018102485,コスモダラニ,牡,板垣吉則,,キングヘイロー,1995104427,マキノスペシャル,2008103991,スペシャルウィーク,1995103211,杉浦和也,沖田博志,297.5,1995.0,2008.0,1995.0
2018106241,ロマンエクスプレス,牡,朝倉実,,アジアエクスプレス,2011110091,クレールドリュヌ,2009102687,アドマイヤムーン,2003102991,斉藤秀昭,谷川牧場,296.5,2011.0,2009.0,2003.0
2018104002,カシノライズ,牡,鹿沼良和,,サクラゼウス,2004104495,サクラヴァニータ,2001104173,サクラローレル,1991103498,柏木務,谷岡スタット,296.5,2004.0,2001.0,1991.0
2018103648,シュルプリーズ,牡,佐藤浩一,,キングヘイロー,1995104427,サンデーシャドウ,2004104228,ビッグサンデー,1994105040,Ｉレーシング（株）,カタオカステーブル,296.5,1995.0,2004.0,1994.0
2018103604,フジグランツ,牝,打越勇児,,エイシンフラッシュ,2007102951,フジキラメキ,2009101822,ゼンノロブロイ,2000101517,荒木誠,岡田牧場,296.5,2007.0,2009.0,2000.0
2018100334,リクヴィール,牝,林隆之,,フィガロ,1995108837,コンソラーレ,2011100273,マンハッタンカフェ,1998101554,伊達泰明,サンシャイン牧場,296.5,1995.0,2011.0,1998.0
2018101273,セレンゲティシチー,牡,林正人,,スマートファルコン,2005100097,ブライティアピア,2006106256,キングヘイロー,1995104427,友駿ホースクラブ,川向高橋育成牧場,296.0,2005.0,2006.0,1995.0
2018102782,ワンダーアウトロー,牡,田中一巧,,ヨハネスブルグ,000a0103b9,ワンダーフロレゾン,2010101573,アルデバランＩＩ,000a010541,山本能成,フクダファーム,295.6,1999.0,2010.0,1998.0
2018105062,ミッキートレーゼ,牡,土井道隆,,エピファネイア,2010104155,シュペトレーゼ,2010104144,ディープインパクト,2002100816,酒井孝敏,ノーザンファーム,295.2,2010.0,2010.0,2002.0
2018105262,トウカタウルス,牡,佐藤茂,,ヴィクトワールピサ,2007102923,ボランス,2005102487,モンジュー,1996190001,清川信弘,ノーザンファーム,295.2,2007.0,2005.0,1996.0
2018109117,ハナハナホワイト,牝,手島勝利,,スクワートルスクワート,000a000da4,ノブグローリー,2012103162,ネオユニヴァース,2000101426,江頭數義,片山建治,294.8,1998.0,2012.0,2000.0
2018105866,レイオブシャイン,牡,中道啓二,,ダンカーク,000a012185,オープンエンド,2007101238,プリサイスエンド,000a00fe9b,石塚史典,鵜木唯義,294.0,2006.0,2007.0,1997.0
2018102370,モリデンリハク,牝,坂本昇,,トゥザワールド,2011103975,リハクタンス,1996101894,フレンチグローリー,1986109003,森田芳男,森田芳男,293.5,2011.0,1996.0,1986.0
2018100744,ダンディゴッホ,牡,大橋敬永,,マツリダゴッホ,2003104570,ファーストサイト,2001101386,メジロライアン,1987105368,廣瀬普,坪田晃宜,293.2,2003.0,2001.0,1987.0
2018100364,ボルドーアラン,牡,佐々木由,,アイルハヴアナザー,000a011ed3,マイネローレライ,2008100485,ロージズインメイ,000a010a10,シグラップ・マネジメ,シグラップファーム,293.1,2009.0,2008.0,2000.0
2018103514,モア,牝,伊藤勝好,,ブラックタイド,2001103312,タニノローゼ,2002104463,ジェネラス,000a000148,（有）ホースケア,岡田スタッド,292.9,2001.0,2002.0,1988.0
2018102152,リチェルカ,牝,関本浩司,,ゴールドシップ,2009102739,マイネヴォヤージ,2009110016,Teofilo,000a01139e,福岡隆史,ビッグレッドファーム,292.7,2009.0,2009.0,2004.0
2018100587,アメリカンポーロ,牡,村上昌幸,,ストロングリターン,2006102934,プランサー,2001106327,アブクマポーロ,1992107625,岩渕道良,高澤正幸,292.6,2006.0,2001.0,1992.0
2018103639,レディクルシマ,牝,平山宏秀,,トーセンファントム,2007102870,トーセンムンク,2009102212,キングカメハメハ,2001103460,瀬戸年美,織田正敏,292.4,2007.0,2009.0,2001.0
2018105517,リーチザワールド,セ,田中一巧,,リーチザクラウン,2006102923,ストロングメモリー,2000101456,エンドスウィープ,000a00010f,サンデーレーシング,社台コーポレーション白老ファーム,292.0,2006.0,2000.0,1991.0
2018103158,ボールドマーカー,牝,目迫大輔,,カレンブラックヒル,2009106230,ルスナイプリンセス,2011103155,ファスリエフ,000a00fc4c,上山泰憲,高昭牧場,292.0,2009.0,2011.0,1997.0
2018106747,ピッカ,牝,竹口勝利,,エイシンヒカリ,2011101273,ダブルハッピー,2011101330,タイキシャトル,1994109686,（同）ＪＰＮ技研,リトルブルーファーム,291.7,2011.0,2011.0,1994.0
2018106665,ソルジャー,牡,小久保智,,エイシンフラッシュ,2007102951,サワヤカブラン,2005102404,クロフネ,1998110135,ＨｉｍＲｏｃｋＲａｃｉｎｇホールディングス,猿倉牧場,291.5,2007.0,2005.0,1998.0
2018103704,ヤギリエール,牝,繁田健一,,バトルプラン,000a0118e8,ヤギリヴィーナス,2012104279,コンデュイット,2005190006,内田ヤエ子,桑嶋峰雄,291.0,2005.0,2012.0,2005.0
2018104639,ジャカランダブルー,牝,山田義人,,スピルバーグ,2009105961,ジャカランダテラス,2007110126,Redoute's Choice,000a00fe93,近藤一生,社台ファーム,290.9,2009.0,2007.0,1996.0
2018102304,ミユキパーフェクト,牡,井樋明正,,エキストラエンド,2009105771,ウィンドリーム,2013104994,ヴァーミリアン,2002100877,小橋亮太,村上進治,290.3,2009.0,2013.0,2002.0
2018106468,フィッツカラルド,牡,菅原欣也,,スウェプトオーヴァーボード,000a00fa34,ジュディソング,2009102639,ダイワメジャー,2001103114,小平進,ビクトリーホースランチ,290.1,1997.0,2009.0,2001.0
2018106226,ナラティブ,牝,朝倉実,,シニスターミニスター,000a011099,メイショウベーネ,2005106274,スキャターザゴールド,000a000d99,藤本栄史,多田善弘,290.0,2003.0,2005.0,1997.0
2018104052,ダリアシャーク,牝,小野寺晋,,ジョーカプチーノ,2006100529,メジロアニマート,2003103341,フレンチデピュティ,000a00013a,（有）ジェムインター,大典牧場,290.0,2006.0,2003.0,1992.0
2018103289,ブロンドボムシェル,牝,藤田輝信,,トビーズコーナー,000a011fed,マリリンテスコ,2010102216,ブライアンズタイム,000a000082,今村明浩,中山牧場,290.0,2008.0,2010.0,1985.0
2018101921,スターバースト,牡,荒井朋弘,,レッドスパーダ,2006105511,シスネ,2010105732,サムライハート,2002100996,（有）龍光,長浜忠,290.0,2006.0,2010.0,2002.0
2018101062,メゴヒメ,牝,堀江仁,,グランプリボス,2008103388,ベティフォーエバー,2005102325,ブラックホーク,1994109361,鈴木伸哉,前川義則,290.0,2008.0,2005.0,1994.0
2018100742,コロール,牝,新井清重,,ルーラーシップ,2007103143,ワイメアビーチ,2009104346,フジキセキ,1992109618,小池啓補,チャンピオンズファーム,290.0,2007.0,2009.0,1992.0
2018105804,ウィンターワルツ,牝,村田六郎,,グランプリボス,2008103388,ワカサイティング,2002100453,アグネスワールド,1995108665,吉武章,吉田牧場,289.9,2008.0,2002.0,1995.0
2018103748,プンヴァ,牡,佐々木仁,,サウスヴィグラス,1996110138,ベラトリックス,2008106570,スマートボーイ,1995100385,椎名節,グランド牧場,289.8,1996.0,2008.0,1995.0
2018101823,ボタンザクラ,牝,九日俊光,,リーチザクラウン,2006102923,チュウオーサーヤ,2002107293,ディアブロ,000a0000e9,森中啓子,中央牧場,289.6,2006.0,2002.0,1987.0
2018106674,モンジロウ,牡,水野貴史,,チェリークラウン,2004102428,ミルク,2014102941,キングヘイロー,1995104427,澤井義一,澤井義一,289.5,2004.0,2014.0,1995.0
2018101846,サカベンホープ,牡,赤嶺本浩,,トーセンモナーク,2005102391,バスティエンヌ,2009102675,シングスピール,1992190005,坂本勉,トド岩高原銀河農場物語,289.0,2005.0,2009.0,1992.0
2018106519,クライマックス,牡,九日俊光,,ダイワメジャー,2001103114,セクシーザムライ,2004110130,Deputy Minister,000a001849,（同）ＪＰＮ技研,三嶋牧場,288.5,2001.0,2004.0,1979.0
2018100371,カスアリダー,牝,錦見勇夫,,ローズキングダム,2007103404,リュクス,2005102287,ファスリエフ,000a00fc4c,伊藤力,渋谷健作,288.4,2007.0,2005.0,1997.0
2018101765,キソノクィーン,牝,大橋敬永,,ワールドエース,2009106353,タマノエスペランサ,2010105618,ワイルドラッシュ,000a0003a1,武仲哲司,武田牧場,288.2,2009.0,2010.0,1994.0
2018104461,キタノアヴァロン,牡,沖田明子,,スマートファルコン,2005100097,メジャービクトリー,2002105368,ヘクタープロテクター,000a000d6b,北所拓也,見上牧場,288.0,2005.0,2002.0,1988.0
2018104933,ナンヨーインディゴ,牝,田中淳司,,キングカメハメハ,2001103460,ウィーミスフランキー,000a012060,Sunriver,000a011ff7,中村徳也,ノーザンファーム,287.3,2001.0,2009.0,2003.0
2018101741,バイタライズ,牡,別府真司,,カレンブラックヒル,2009106230,パイクーニャン,2004100420,フレンチデピュティ,000a00013a,西森功,隆栄牧場,287.3,2009.0,2004.0,1992.0
2018102889,ホークピラー,牡,佐々木由,,ベーカバド,000a011dc0,スカイホークアイ,2008103905,バブルガムフェロー,1993109219,小泉修,三石ファーム,287.0,2007.0,2008.0,1993.0
2018101237,ダバイソンツェ,牝,坂本昇,,ホッコータルマエ,2009100921,ベルモントパティ,2000105245,ブライアンズタイム,000a000082,（株）本城,若林順一,287.0,2009.0,2000.0,1985.0
2018103925,シゲルカナロア,牡,九日俊光,,ロードカナロア,2008103552,ブロームフォンテン,000a0117cb,Cape Cross,000a0022ae,森中啓子,タイヘイ牧場,286.8,2008.0,2001.0,1994.0
2018104285,ミタケプリンス,牡,真島元徳,,ハクサンムーン,2009102527,レイクミード,2001103010,ダンスインザダーク,1993109188,田口武志,原田久司,286.2,2009.0,2001.0,1993.0
2018102979,トーホウアシュラ,牡,原口次夫,,ホッコータルマエ,2009100921,アバンダンティア,2011103799,ハーツクライ,2001103038,池田健二,市川ファーム,286.2,2009.0,2011.0,2001.0
2018100069,フライトメモリア,牝,内野健二,,パイロ,000a01176a,コスモフライハイ,2004101535,ダンスインザダーク,1993109188,石井啓之,荒井ファーム,285.5,2005.0,2004.0,1993.0
2018104242,マドモアゼルレーヴ,牝,岡林光浩,,ネオユニヴァース,2000101426,ラカンパーナ,2008100777,ワイルドラッシュ,000a0003a1,高岡義光,畠山牧場,285.0,2000.0,2008.0,1994.0
2018100853,マルヨポピー,牝,川西毅,,リーチザクラウン,2006102923,クリノバンダイサン,2010102010,フレンチデピュティ,000a00013a,野村春行,日西牧場,285.0,2006.0,2010.0,1992.0
2018100308,サンエイリアン,牡,三坂盛雄,,スマートファルコン,2005100097,ロイヤルヴィグラス,2011100235,サウスヴィグラス,1996110138,鈴木雅俊,小西ファーム,285.0,2005.0,2011.0,1996.0
2018100457,ロブストフィジーク,牡,菅原右吉,,アイルハヴアナザー,000a011ed3,レッドデセーオ,2008105618,アグネスタキオン,1998101516,平賀敏男,下河辺牧場,284.6,2009.0,2008.0,1998.0
2018106682,テセウスフォンテン,牡,井上弘之,,ディープスカイ,2005101358,ナドレ,2006102973,スウェプトオーヴァーボード,000a00fa34,吉橋興生,清水スタッド,284.5,2005.0,2006.0,1997.0
2018104485,モアナモーリス,牝,九日俊光,,モーリス,2011100655,モアナブリーズ,2013104908,キングカメハメハ,2001103460,蕭敬意,矢野牧場,284.3,2011.0,2013.0,2001.0
2018106495,メイショウランブ,牝,今津勝之,,マツリダゴッホ,2003104570,ベストオブチャンス,2001100708,サクラローレル,1991103498,酒井孝敏,まるとみ冨岡牧場,284.1,2003.0,2001.0,1991.0
2018106258,バンブトンローズ,牝,粕谷昌央,,マクフィ,000a011c77,ニースセブンティン,2005101300,ナリタトップロード,1996102442,樋口正蔵,谷川牧場,284.0,2007.0,2005.0,1996.0
2018104004,レモネード,牝,平和人,,マツリダゴッホ,2003104570,サクラエミリー,2008100397,タイキシャトル,1994109686,谷岡真喜,谷岡スタット,283.5,2003.0,2008.0,1994.0
2018100201,ミカファンギン,牝,橋本和馬,,ショウナンカンプ,1998102595,ロッキーダンサー,2003106283,パークリージェント,000a000d01,高田勇三,賀張中川牧場,283.5,1998.0,2003.0,1981.0
2018106117,グレースユイ,牝,大橋敬永,,アポロキングダム,2003110139,オジャッタモンセ,2003107164,クロフネ,1998110135,廣瀬普,木村牧場,283.3,2003.0,2003.0,1998.0
2018102567,ロードヴェントス,牡,住吉朝男,,ロードカナロア,2008103552,アンビータブル,2009101514,ブライアンズタイム,000a000082,生部初男,ケイアイファーム,283.0,2008.0,2009.0,1985.0
2018100151,ニシノレガシー,牡,佐々木清,,リーチザクラウン,2006102923,ニシノミチシルベ,2011103729,タイキシャトル,1994109686,和氣竜彦,沖田牧場,283.0,2006.0,2011.0,1994.0
2018100615,アンクルダッシュ,牡,中川雅之,,ハービンジャー,000a011996,ウインクルキラリ,2010100604,ダンスインザダーク,1993109188,岩崎僖澄,竹島幸治,282.6,2006.0,2010.0,1993.0
2018105972,エイシンイワトオシ,牡,森沢友貴,,エイシンヒカリ,2011101273,チューブラーベルズ,000a0116e2,Kingmambo,000a001d7e,平井克彦,栄進牧場,282.5,2011.0,2005.0,1990.0
2018106105,ペプチドモナ,牝,内田勝義,,ノヴェリスト,000a012230,ペプチドヒノトリ,2009106335,クロフネ,1998110135,（有）ペプチド・プリ,杵臼牧場,282.0,2009.0,2009.0,1998.0
2018104668,セーヌプロミーズ,牝,内田勝義,,フレンチデピュティ,000a00013a,ダガーズアラベスク,2003110046,ジェイドロバリー,000a0001a7,吉田照哉,社台ファーム,282.0,1992.0,2003.0,1987.0
2018104183,リオンキング,牡,池田孝,,リオンディーズ,2013105915,サクラジュノー,2002104426,サクラバクシンオー,1989108341,永谷友一郎,西村牧場,282.0,2013.0,2002.0,1989.0
2018102241,カカンクオン,牡,鈴木正也,,シニスターミニスター,000a011099,ヴァルキリー,2014100799,ダンスインザダーク,1993109188,新村順一,松木加代,281.8,2003.0,2014.0,1993.0
2018106331,ミレッシモ,牝,大島静夫,,ドゥラメンテ,2012104511,オリエンタルリリー,2010104157,ダイワメジャー,2001103114,成富直行,辻牧場,281.6,2012.0,2010.0,2001.0
2018104715,シューネスリヒト,牝,中野博,,エイシンフラッシュ,2007102951,ハシッテホシーノ,2006102883,アグネスタキオン,1998101516,佐々木龍駿,社台ファーム,281.4,2007.0,2006.0,1998.0
2018103536,ピッツベルニナ,牝,藤ヶ崎一,,スピルバーグ,2009105961,ピッツネイル,2011101879,クロフネ,1998110135,満仲敦,岡田スタッド,281.1,2009.0,2011.0,1998.0
2018106235,ロケットペンダント,牝,平田正一,,ヴィクトワールピサ,2007102923,ヴァンゴーゴー,000a013713,Dutch Art,000a0121d7,石道勝次,谷川牧場,281.0,2007.0,2009.0,2004.0
2018104170,ラッシュフェイス,牝,金田一昌,,ベーカバド,000a011dc0,エムエヌメロディー,2002102305,グラスワンダー,1995108676,村山詠一,中田浩美,280.9,2007.0,2002.0,1995.0
2018103134,アンシャルム,牝,目迫大輔,,メイショウサムソン,2003102205,トリンカファイブ,2012105893,ステイゴールド,1994108729,北原光一郎,高昭牧場,280.5,2003.0,2012.0,1994.0
2018105533,フルーガル,牝,角田輝也,,ジャスタウェイ,2009106461,ナドー,000a0120f0,Soave,000a01205a,石瀬浩三,社台コーポレーション白老ファーム,280.1,2009.0,2009.0,1999.0
2018106669,ターゲット,牡,福永敏,,ルーラーシップ,2007103143,ミステリアスガール,2008101125,アグネスタキオン,1998101516,石川達絵,猿倉牧場,280.0,2007.0,2008.0,1998.0
2018106668,ソラフネ,牡,中竹和也,,ゴールドシップ,2009102739,プルームリジェール,2005102234,Diesis,000a001815,山口裕介,猿倉牧場,280.0,2009.0,2005.0,1980.0
2018106222,ロダンレイジング,牝,小崎憲,,ダノンレジェンド,2010110102,シンセツ,2007101525,ホワイトマズル,1990109700,三浦勝仁,多田善弘,280.0,2010.0,2007.0,1990.0
2018105210,ルナベイル,牝,藤沢和雄,,ハーツクライ,2001103038,ピラミマ,2005110048,Unbridled's Song,000a002071,シルクレーシング,ノーザンファーム,280.0,2001.0,2005.0,1993.0
2018105025,ラヴィズミニオン,牝,武井亮,,ロードカナロア,2008103552,グローリアスデイズ,2001103340,サンデーサイレンス,000a00033a,牧埜幸一,ノーザンファーム,280.0,2008.0,2001.0,1986.0
2018104691,ドナライトニング,牝,武幸四郎,,ロードカナロア,2008103552,デリキットピース,2006103004,ホワイトマズル,1990109700,小川眞査雄,社台ファーム,280.0,2008.0,2006.0,1990.0
2018103761,ジャニスバローズ,牝,森下淳平,,ヘニーヒューズ,000a011155,オーディエンス,2001102138,スペシャルウィーク,1995103211,猪熊広次,今牧場,280.0,2003.0,2001.0,1995.0
2018103564,アルトヴォラーレ,牝,上原博之,,ダイワメジャー,2001103114,ラーストチカ,2010102310,スウェプトオーヴァーボード,000a00fa34,ノルマンディーサラブレッドレーシング,岡田スタッド,280.0,2001.0,2010.0,1997.0
2018102731,ドリームウィーバー,牡,那俄性哲,,トランセンド,2006104736,ディヴォーション,2009101670,ゴールドヘイロー,1997101264,白戸光広,中橋正,280.0,2006.0,2009.0,1997.0
2018102644,スケボーマン,牡,橘友和,,ガルボ,2007101163,トゥファーアウェイ,2011105750,チチカステナンゴ,000a011135,石川秀守,白井吉美,280.0,2007.0,2011.0,1998.0
2018100583,スマートジュリアン,牝,永島太郎,,ダイワメジャー,2001103114,スマートパンドラ,2010105522,キングヘイロー,1995104427,（株）大川徹ホールデ,スマート,280.0,2001.0,2010.0,1995.0
2018100533,マンヌポルト,牝,佐藤博紀,,ミッキーアイル,2011103916,ジヴェルニーアート,2009110046,Giant's Causeway,000a0022e1,陣内豊,シンボリ牧場,280.0,2011.0,2009.0,1997.0
2018100386,アレグリッシモ,牡,杉山晴紀,,ドゥラメンテ,2012104511,カラズマッチポイント,000a013863,Curlin,000a011734,草間庸文,下河辺牧場,280.0,2012.0,2010.0,2004.0
2018102984,クイーンシルビア,牝,山下貴之,,メイショウサムソン,2003102205,フヨウ,2005101671,フジキセキ,1992109618,欠畑圭一,市川ファーム,279.7,2003.0,2005.0,1992.0
2018100042,ヴィットリオーザ,牡,川島雅人,,ゴスホークケン,2005110186,パスザトーチ,2008105163,ファンタスティックライト,1996190005,藤田在子,天羽禮治,279.7,2005.0,2008.0,1996.0
2018104823,アーデンスピリッツ,牡,川添明弘,,アイルハヴアナザー,000a011ed3,ライムスカッシュ,2012104448,キングカメハメハ,2001103460,栗嶋豊明,社台ファーム,279.0,2009.0,2012.0,2001.0
2018102356,ダバイボンバー,牝,坂本昇,,ローレルゲレイロ,2004100933,パラボリカ,2010106118,ゴールドアリュール,1999106689,（株）本城,村田牧場,279.0,2004.0,2010.0,1999.0
2018106847,クープドゥフランス,牡,土田稔,,ラブリーデイ,2010104298,スタッドドフランス,2013106469,ジャングルポケット,1998101786,渡邊隆,習志野牧場,278.0,2010.0,2013.0,1998.0
2018103409,ネヴァーエンド,牡,盛本信春,,ハーツクライ,2001103038,ロリーフォードリー,000a012002,Oratorio,000a010d4e,高嶋祐子,吉田ファーム,278.0,2001.0,2007.0,2002.0
2018103096,アサマヤマブシ,牡,黒木豊,,トビーズコーナー,000a011fed,イセノメガミ,2008100749,ネオユニヴァース,2000101426,中田了也,桑田正己,277.9,2008.0,2008.0,2000.0
2018105633,トーセンケイト,牝,川村守男,,トーセンファントム,2007102870,カリニョッサ,000a013714,Tiznow,000a00fa4b,北原大史,エスティファーム,277.5,2007.0,2010.0,1997.0
2018106422,レイオブホープ,牝,川嶋弘吉,,リオンディーズ,2013105915,ステラーホープ,2005107027,グラスワンダー,1995108676,日進牧場,日進牧場,277.2,2013.0,2005.0,1995.0
2018105512,シーチェンジ,牝,村上頼章,,ハーツクライ,2001103038,シーオーク,2013105240,キングカメハメハ,2001103460,酒井孝敏,社台コーポレーション白老ファーム,277.0,2001.0,2013.0,2001.0
2018104807,カイザーレヴァンテ,牡,田中剛,,ノヴェリスト,000a012230,ミュージックアワー,2004103308,アグネスタキオン,1998101516,落合幸弘,社台ファーム,277.0,2009.0,2004.0,1998.0
2018103947,スマートリン,牡,玉井昇,,クリエイターII,000a013630,リアリーラヴユー,2008103046,スペシャルウィーク,1995103211,角谷守正,高橋修,277.0,2013.0,2008.0,1995.0
2018102034,ガラティーン,牡,中竹和也,,ルーラーシップ,2007103143,ヴィクトリアアイ,2004100665,ブライアンズタイム,000a000082,前田晋二,ノースヒルズ,277.0,2007.0,2004.0,1985.0
2018101769,シゲルヒラシャイン,牡,飯田祐史,,キズナ,2010105827,レンデフルール,2004100452,ブライアンズタイム,000a000082,森中蕃,武田牧場,277.0,2010.0,2004.0,1985.0
2018100613,テンサウザンドケイ,牡,杉浦宏昭,,ジャングルポケット,1998101786,ハッピーティア,2008105717,ホワイトマズル,1990109700,桑野克己,滝本健二,277.0,1998.0,2008.0,1990.0
2018100137,マイトバイオ,牝,新井清重,,ゼンノロブロイ,2000101517,アマゾネスバイオ,2005102661,シンボリクリスエス,1999110099,バイオ,沖田牧場,277.0,2000.0,2005.0,1999.0
2018104755,ラップリーダー,牡,鮫島克也,,ローエングリン,1999106738,フローラルカーヴ,2004103127,アグネスタキオン,1998101516,西村健,社台ファーム,276.4,1999.0,2004.0,1998.0
2018105103,ミッキーフランケル,セ,別府真司,,Frankel,000a01239b,スノーパイン,000a012804,Dalakhani,000a01098f,酒井孝敏,ノーザンファーム,276.1,2008.0,2010.0,2000.0
2018101828,プレシャスユウコ,牝,木村健,,トランセンド,2006104736,シルクヴァルキリー,2003100566,マーベラスサンデー,1992103687,狩野好宗,対馬正,276.1,2006.0,2003.0,1992.0
2018106052,クリスタルツリー,牝,米田英世,,サウスヴィグラス,1996110138,ストームエンジェル,2012101560,ストーミングホーム,1998190003,楊明山,川越ファーム,276.0,1996.0,2012.0,1998.0
2018105734,シナノキンタロー,牡,鈴木義久,,スマートファルコン,2005100097,ダイタクドクター,2001107366,Saint Ballado,000a00212e,小林勝,高橋農場,275.9,2005.0,2001.0,1989.0
2018106706,イカロスカフェ,牡,村上正和,,アロマカフェ,2007104812,トレイケイトカフェ,2012104993,メイショウサムソン,2003102205,林英明,中脇一幸,275.8,2007.0,2012.0,2003.0
2018100571,アズナブール,牝,有馬澄男,,オルフェーヴル,2008102636,ソナチネ,2014106393,Holy Roman Emperor,000a011ab8,西田彰宏,スマイルファーム,275.8,2008.0,2014.0,2004.0
2018100534,ジンクエール,牡,西村守幸,,サウスヴィグラス,1996110138,スイレン,2007110083,Roman Ruler,000a011480,武市基靖,シンボリ牧場,275.4,1996.0,2007.0,2002.0
2018103587,オンヴァガニエ,牡,松島寿,,リアルインパクト,2008103244,ゴーファイトウィン,2003102678,エンドスウィープ,000a00010f,野口幸八,岡田牧場,275.2,2008.0,2003.0,1991.0
2018106636,トーセンカクジツ,牝,雑賀伸一,,トーセンファントム,2007102870,トーセンスタッフ,2008100166,アフリート,000a000013,内田玄祥,山田昇史,275.0,2007.0,2008.0,1984.0
2018104103,カズアティシャ,牡,牛房栄吉,,ホッコータルマエ,2009100921,パーティブロッサム,2009103841,キングヘイロー,1995104427,小橋亮太,千代田牧場,275.0,2009.0,2009.0,1995.0
2018103818,シャインビリーヴ,牝,藤田輝信,,ホッコータルマエ,2009100921,ケイアイセイラ,2009104269,タイキシャトル,1994109686,桑野隆司,佐竹学,275.0,2009.0,2009.0,1994.0
2018103416,エクセリア,牝,小林真治,,シビルウォー,2005102317,ハッピームード,2003102603,フジキセキ,1992109618,稲垣隆治,アフリートファーム,275.0,2005.0,2003.0,1992.0
2018100983,キンナラキー,牝,矢野久美,,カレンブラックヒル,2009106230,クリールダイナー,2008104511,ロックオブジブラルタル,000a00fd4c,原久美子,ファーミングヤナキタ,274.9,2009.0,2008.0,1999.0
2018103867,プルミエアシュテ,牡,藤田正治,,エスケンデレヤ,000a012cc0,ストロベリーパフェ,2007100370,ブライアンズタイム,000a000082,小橋亮太,静内フジカワ牧場,274.6,2007.0,2007.0,1985.0
2018109140,ヒムカノロッキー,牡,田中正人,,スクワートルスクワート,000a000da4,イイジャン,2009101503,アドマイヤコジーン,1996106512,杉浦和也,田上勝雄,274.2,1998.0,2009.0,1996.0
2018106141,プロサングエ,牡,坂井英光,,ダノンレジェンド,2010110102,メイショウハイパス,2004102281,ダンスインザダーク,1993109188,山本律,近藤牧場,274.0,2010.0,2004.0,1993.0
2018100712,アールウィズ,牝,松浦裕之,,リアルインパクト,2008103244,エクスラヴィータ,2009103839,キングカメハメハ,2001103460,前原敏行,チャンピオンズファーム,274.0,2008.0,2009.0,2001.0
2018106791,クレールプリュネル,牝,海馬沢司,,ネオユニヴァース,2000101426,リスティアエナー,2001101656,アジュディケーティング,000a000d5d,高田耕平,川上牧場,273.8,2000.0,2001.0,1987.0
2018102207,チャンカパーナ,牝,平山宏秀,,トゥザワールド,2011103975,モンブラン,2010106005,マンハッタンカフェ,1998101554,原大栄,北星村田牧場,273.8,2011.0,2010.0,1998.0
2018102109,エクスプレス,牝,高本友芳,,アジアエクスプレス,2011110091,バラッドレディ,2009104452,ムーンバラッド,000a00fe8f,木下隆好,ヒカル牧場,273.6,2011.0,2009.0,1999.0
2018103797,ミルトディーズ,牡,保利良次,,リオンディーズ,2013105915,アインライツ,2001103971,ティンバーカントリー,000a00035e,永山勝敏,坂本春雄,273.5,2013.0,2001.0,1992.0
2018103432,レリキアアスール,牝,川嶋弘吉,,ハービンジャー,000a011996,リメインフォレスト,2000101717,アジュディケーティング,000a000d5d,アスール,石川栄一,273.2,2006.0,2000.0,1987.0
2018100237,テクノサンダー,牡,新井隆太,,ルースリンド,2001106791,ヴェネチアンレッド,2010100465,マンハッタンカフェ,1998101554,梶山高志,木村牧場,273.0,2001.0,2010.0,1998.0
2018105083,ナローパス,牡,大島静夫,,ハービンジャー,000a011996,ジュベルアリ,2013105993,ディープインパクト,2002100816,北原大史,ノーザンファーム,272.5,2006.0,2013.0,2002.0
2018109067,パースレイン,牡,土井道隆,,ウインバリアシオン,2008103206,サダチカガーベラ,2007106253,タップダンスシチー,1997110043,木稲安則,フォレブルー,272.3,2008.0,2007.0,1997.0
2018106852,オンドレースンドレ,牝,長南和宏,,キングヘイロー,1995104427,アジェンダ,2007106729,マンハッタンカフェ,1998101554,宮本育也,北光牧場,272.0,1995.0,2007.0,1998.0
2018106482,マリーナフレイバー,牝,月岡健二,,クリエイターII,000a013630,カプレーゼ,2009100762,アグネスデジタル,1997110025,尾田信夫,丸幸小林牧場,272.0,2013.0,2009.0,1997.0
2018100745,リザラクト,牡,桜田浩樹,,サウスヴィグラス,1996110138,ワイドチキチータ,2013103197,ハービンジャー,000a011996,市原朗雄,坪田晃宜,271.7,1996.0,2013.0,2006.0
2018105572,エコロマリン,牝,川添明弘,,リオンディーズ,2013105915,リリカルホイッスル,2011103619,ゼンノロブロイ,2000101517,蟹江知彦,社台コーポレーション白老ファーム,271.0,2013.0,2011.0,2000.0
2018103180,マオノルミエール,牝,池田忠好,,スマートファルコン,2005100097,オリヒメチャーム,2005102334,ジャングルポケット,1998101786,湯浅健司,鮫川啓一,270.1,2005.0,2005.0,1998.0
2018105683,トーセンエミリオ,牡,山中尊徳,,バトルプラン,000a0118e8,パームアイランド,2008102626,フジキセキ,1992109618,島川隆哉,エスティファーム,270.0,2005.0,2008.0,1992.0
2018103747,ナンブガッサン,牝,桜田康二,,ダブルスター,2009103518,ヘヴンリーカラーズ,2009103526,アドマイヤムーン,2003102991,西村專次,グランド牧場,270.0,2009.0,2009.0,2003.0
2018102076,アークヴィータス,牝,平田正一,,サウスヴィグラス,1996110138,ピオニエトウショウ,2009103931,デュランダル,1999106756,アークフロンティア,ハクツ牧場,270.0,1996.0,2009.0,1999.0
2018105206,エクセター,牡,関本浩司,,マクフィ,000a011c77,ピュアチャプレット,2006103306,クロフネ,1998110135,小橋亮太,ノーザンファーム,269.9,2007.0,2006.0,1998.0
2018106649,サンネイプルズ,牡,目迫大輔,,バゴ,2001190004,オウバイ,2003109401,タバスコキャット,000a000348,村田裕子,様似共栄牧場,269.5,2001.0,2003.0,1991.0
2018103323,トゥーレーヌ,牝,黒田隆男,,ロードアルティマ,2000110026,パラベンス,2012103152,タニノギムレット,1999100226,（株）さくらコーポレ,ヒダカファーム,269.5,2000.0,2012.0,1999.0
2018102967,ワンダーニメンソウ,牝,鈴木勝文,,ワンダーアキュート,2006106794,ティーケーキセキ,2006100191,フジキセキ,1992109618,山本能成,秋場牧場,269.4,2006.0,2006.0,1992.0
2018103697,ハリマフウジン,牡,北野真弘,,シニスターミニスター,000a011099,ラスカーラ,2004104268,オペラハウス,000a000d77,田村章,キヨタケ牧場,269.3,2003.0,2004.0,1988.0
2018104870,ラリマールース,牝,伊藤強一,,ローエングリン,1999106738,ロマンシングジェム,2010103985,アグネスタキオン,1998101516,太田雅貴,社台ファーム,269.2,1999.0,2010.0,1998.0
2018106116,シビルボーイ,牡,菅原欣也,,シビルウォー,2005102317,アリエナイ,2007105537,シンボリクリスエス,1999110099,小平進,木村牧場,269.0,2005.0,2007.0,1999.0
2018106251,スタービート,牡,井樋一也,,ダンカーク,000a012185,テレフォニカ,000a01062d,Distant View,000a002161,坂田栄一,谷川牧場,268.9,2006.0,2001.0,1991.0
2018103740,アタンドラヴニール,牡,柳井宏之,,ブラックタイド,2001103312,ファンダングル,000a01250d,Holy Bull,000a000180,北原大史,グランド牧場,268.1,2001.0,2007.0,1991.0
2018110153,レイクビワ,牝,林隆之,,Frankel,000a01239b,Lake Hamana,000a018fc5,Shamardal,000a010c92,ニッシンホールディングス,Yulong Investments Yulong Stud,268.0,2008.0,2013.0,2002.0
2018110152,オオサンバシ,牝,吉見真幸,,Fortify,000a015fd3,Stormy Nippy,000a01a757,Bernstein,000a010bae,レッドマジック,Vacacion,268.0,2010.0,2006.0,1997.0
2018103767,バキューン,牡,田島寿一,,アジアエクスプレス,2011110091,ビューティブロンド,2004104676,タイキシャトル,1994109686,高橋照比古,今牧場,268.0,2011.0,2004.0,1994.0
2018102353,ドゥラモンディー,牡,後藤正義,,ドゥラメンテ,2012104511,ゼフィランサス,2008105100,キングヘイロー,1995104427,村田繁實,村田牧場,268.0,2012.0,2008.0,1995.0
2018101860,サクセスビリーブ,牝,高橋清顕,,ミッキーアイル,2011103916,ミスケリー,2013104493,カジノドライヴ,2005110112,小林章,飛渡牧場,268.0,2011.0,2013.0,2005.0
2018100426,ハグンジョウ,セ,飯田弘道,,クリエイターII,000a013630,ブライダルブーケ,2005103132,ゴールドアリュール,1999106689,楠元貴司,下河辺牧場,267.9,2013.0,2005.0,1999.0
2018106237,エオウィン,牝,川田孝好,,マジェスティックウォリアー,000a011e9c,エルベレス,2004105348,ダンスインザダーク,1993109188,鶴俊邦,谷川牧場,267.5,2005.0,2004.0,1993.0
2018105290,カフジドラド,牡,原口次夫,,エピファネイア,2010104155,ミニョネット,2010104246,クロフネ,1998110135,加藤守,ノーザンファーム,267.4,2010.0,2010.0,1998.0
2018100280,クワトロッソ,牝,斉藤正弘,,プリサイスエンド,000a00fe9b,エコパン,2006106117,ツルマルボーイ,1998106357,（株）Ｌｏｙａｌｔｙ,クリアファーム,266.6,1997.0,2006.0,1998.0
2018103938,タッカーハート,牝,伊藤和忍,,ドゥラメンテ,2012104511,オートロンシャン,2011103006,クロフネ,1998110135,小松嵜孝,高橋修,266.5,2012.0,2011.0,1998.0
2018105867,マイヴァルキリー,牝,桜田康二,,マジェスティックウォリアー,000a011e9c,オーマイクリス,2007101237,シンボリクリスエス,1999110099,森本敏正,鵜木唯義,266.2,2005.0,2007.0,1999.0
2018100800,リファーブル,牝,柏木一夫,,ロードアルティマ,2000110026,レディー,2010101496,ゴールドヘイロー,1997101264,（株）三共商事,道見牧場,266.0,2000.0,2010.0,1997.0
2018103447,ウエスタンスパーダ,牡,西園正都,,レッドスパーダ,2006105511,ウエスタンドルチェ,2007100907,マンハッタンカフェ,1998101554,西川賢,ウエスタンファーム,265.8,2006.0,2007.0,1998.0
2018106887,メイム,牝,小桧山悟,,ミッキーアイル,2011103916,ケージーメグミ,2010105327,キングカメハメハ,2001103460,宮崎金造,川上牧場,265.7,2011.0,2010.0,2001.0
2018106662,ワイドモンスター,牡,新子雅司,,マクフィ,000a011c77,エアカリナン,2009106095,ディープインパクト,2002100816,幅田昌伸,猿倉牧場,265.5,2007.0,2009.0,2002.0
2018102018,ヤマニンミレニアム,牡,目迫大輔,,モンテロッソ,000a011b05,ヤマニンナジャーハ,2012100568,ディープインパクト,2002100816,土井久美子,錦岡牧場,265.5,2007.0,2012.0,2002.0
2018105640,トーセンポラリス,牡,川島正一,,キングカメハメハ,2001103460,スタイルアンドクラス,000a012d0d,Galileo,000a00232b,島川隆哉,エスティファーム,265.0,2001.0,2010.0,1998.0
2018100227,ラヴリースケーター,牝,米田英世,,ラブリーデイ,2010104298,トレグラツィエ,2007103185,シンボリクリスエス,1999110099,堂守貴志,北田剛,264.5,2010.0,2007.0,1999.0
2018104026,キタノエンディング,牡,榎屋充,,コパノリチャード,2010106552,ピカンチラヴ,2007102834,ネオユニヴァース,2000101426,北所拓也,谷岡牧場,264.4,2010.0,2007.0,2000.0
2018106327,モッケノサイワイ,牝,坂本昇,,マクフィ,000a011c77,エランドール,2008101619,アドマイヤマックス,1999107004,小島俊治,辻牧場,264.0,2007.0,2008.0,1999.0
2018106060,ハイパーミラクル,牝,甲田悟史,,キンシャサノキセキ,2003110212,ニシノミラクル,2009106621,スペシャルウィーク,1995103211,高橋宏弥,ガーベラパークスタッド,264.0,2003.0,2009.0,1995.0
2018102159,サニースポット,牝,工藤伸輔,,アイルハヴアナザー,000a011ed3,マイネサンサン,2003100736,スペシャルウィーク,1995103211,北原大史,ビッグレッドファーム,263.8,2009.0,2003.0,1995.0
2018105782,シュヴノアール,牝,岡林光浩,,マクフィ,000a011c77,ピュアノアール,2012103910,ブラックタイド,2001103312,ユートピア牧場,橋本牧場,263.5,2007.0,2012.0,2001.0
2018104740,パウンシングプーマ,牝,加藤幸保,,エイシンフラッシュ,2007102951,ピューマカフェ,2002100580,サンデーサイレンス,000a00033a,今中俊平,社台ファーム,263.5,2007.0,2002.0,1986.0
2018100766,チャンティック,牝,井樋明正,,ゴールドシップ,2009102739,ハナショウブ,2007106004,マリエンバード,000a00fa36,西隆久,ディアレストクラブ,263.4,2009.0,2007.0,1997.0
2018103215,コスモマイディア,牡,加藤幸保,,シビルウォー,2005102317,インマイラヴ,2001106409,ダンスインザダーク,1993109188,吉川真ノ介,大北牧場,263.2,2005.0,2001.0,1993.0
2018103037,リーベ,牝,橋本忠明,,ヴィクトワールピサ,2007102923,ホワイトアルバム,2008102566,クロフネ,1998110135,薪浦英稔,荻伏三好ファーム,262.5,2007.0,2008.0,1998.0
2018109015,シュウエットカズ,牡,玉井等,,オールステイ,2011110029,ラブリーバローズ,2002104103,キングヘイロー,1995104427,（株）ＩＴＦ,イズモリファーム,262.4,2011.0,2002.0,1995.0
2018103069,ナックタイガー,牡,金田一昌,,プリサイスエンド,000a00fe9b,ピエールナオチャン,2009101033,ケイムホーム,000a0108d1,小松欣也,上山牧場,262.4,1997.0,2009.0,1999.0
2018104296,リエンダミス,牝,堀千亜樹,,ハービンジャー,000a011996,ヴェルナッツァ,000a011812,Unbridled's Song,000a002071,藤沢澄雄,藤沢牧場,262.0,2006.0,2007.0,1993.0
2018104613,サトルアプローチ,牡,金田一昌,,ジャングルポケット,1998101786,サトルスマイル,1999106754,バブルガムフェロー,1993109219,茶谷圭祐,社台ファーム,261.8,1998.0,1999.0,1993.0
2018102720,ニュードロップオフ,牝,福田真広,,モンテロッソ,000a011b05,グランドゲルニカ,2012102423,ネオユニヴァース,2000101426,前田良平,中田英樹,261.0,2007.0,2012.0,2000.0
2018101425,ジョイライド,牡,矢野久美,,クリーンエコロジー,2008100563,マキノルーチェ,2007100072,スターリングローズ,1997106560,（株）ＴＫＫ,アサヒ牧場,260.7,2008.0,2007.0,1997.0
2018100543,キタノスウォード,牝,森山英雄,,アドマイヤムーン,2003102991,スイートプラド,2004110137,El Prado,000a001fb5,古田佳丈,シンボリ牧場,260.4,2003.0,2004.0,1989.0
2018104357,グッドスペンサー,牡,瀬戸口悟,,ドゥラメンテ,2012104511,オスカルフランソワ,2005100933,ワイルドラッシュ,000a0003a1,吉岡泰治,藤原牧場,260.2,2012.0,2005.0,1994.0
2018106867,フォルレイ,牝,栗田裕光,,ロージズインメイ,000a010a10,ソレイユ,1997105162,サクラユタカオー,1982101222,八嶋長久,大作ステーブル,260.0,2000.0,1997.0,1982.0
2018102993,スカイミント,牝,櫻木英喜,,ディープスカイ,2005101358,インピッシュハート,2007100584,クロフネ,1998110135,井上久光,一倉牧場,260.0,2005.0,2007.0,1998.0
2018106788,シーピーエフペット,セ,三小田幸,,フェノーメノ,2009106599,ビアンコカンドーレ,2011104025,チチカステナンゴ,000a011135,新井原博,川上牧場,259.7,2009.0,2011.0,1998.0
2018100437,ガレス,牡,伊藤和忍,,マクフィ,000a011c77,マシュケナーダ,2007105516,アグネスタキオン,1998101516,山中元夫,下河辺牧場,259.4,2007.0,2007.0,1998.0
2018106299,プレストマジック,牡,井樋一也,,エスポワールシチー,2005102837,ミラクルムーン,2009101168,アドマイヤムーン,2003102991,（有）ランドエコノミ,大道牧場,259.2,2005.0,2009.0,2003.0
2018102741,マリンタカチエフミ,牝,矢野久美,,ベルシャザール,2008103004,アリーペデ,2006106569,タニノギムレット,1999100226,川添裕起,沼田照秋,259.2,2008.0,2006.0,1999.0
2018101543,リアングロワール,牝,今津博之,,キズナ,2010105827,マドレボニータ,2005102581,ジャングルポケット,1998101786,ヒダカ・ブリーダーズ・ユニオン,カミイスタット,259.2,2010.0,2005.0,1998.0
2018100268,ピクシーズパラソル,牝,及川良春,,ラブリーデイ,2010104298,ダウンタウンブギ,2013105513,アサクサキングス,2004103163,谷謙介,クラウン日高牧場,259.2,2010.0,2013.0,2004.0
2018101540,ティーグランパ,牡,池田孝,,サウスヴィグラス,1996110138,ヒシラガーディア,2009104539,マンハッタンカフェ,1998101554,遠山淳,カミイスタット,259.1,1996.0,2009.0,1998.0
2018106263,ベアートフォラータ,牝,佐藤裕太,,カジノドライヴ,2005110112,ベラドーラＩＩ,000a01141d,Danzig,000a0000d3,佐藤英樹,谷川牧場,259.0,2005.0,2004.0,1977.0
2018102406,ゴールドアクセル,牡,鹿沼良和,,アジアエクスプレス,2011110091,キタサンアカツキ,2012104316,メイショウサムソン,2003102205,厚澤保明,ヤマタケ牧場,259.0,2011.0,2012.0,2003.0
2018101372,エクスカリバー,牡,真島元徳,,ブラックタイド,2001103312,リヴィアローズ,2007110053,Galileo,000a00232b,原久美子,坂東牧場,259.0,2001.0,2007.0,1998.0
2018105739,トーアマリアンヌ,牝,伊藤強一,,ディープブリランテ,2009105084,トーアアナスタシア,2010103562,ファルブラヴ,1998190004,（同）ＪＰＮ技研,トーア牧場,258.9,2009.0,2010.0,1998.0
2018100525,コズモポリス,牝,鷹見浩,,ダノンシャンティ,2007105709,ロマンチック,2010101688,サウスヴィグラス,1996110138,吉田勝利,新生ファーム,258.7,2007.0,2010.0,1996.0
2018102278,ジェイケイリオン,牝,中川竜馬,,リオンディーズ,2013105915,ジョルジーナ,2004103302,ホワイトマズル,1990109700,紙谷洋一,村上欽哉,258.6,2013.0,2004.0,1990.0
2018102425,カチドキブラック,牡,佐々木由,,タイムパラドックス,1998101683,ポロメリア,2007101648,プリサイスエンド,000a00fe9b,欠畑圭一,レジェンドファーム,258.5,1998.0,2007.0,1997.0
2018100365,ハテンコウ,牡,土井道隆,,エピファネイア,2010104155,マリナーズコンパス,2010103886,ディープインパクト,2002100816,岡友則,シグラップファーム,258.4,2010.0,2010.0,2002.0
2018109176,アローテソーロ,セ,高橋康之,,ブラックタイド,2001103312,ウイントゥルーラヴ,2008104108,ロックオブジブラルタル,000a00fd4c,了徳寺健二ホールディングス,本田土寿,258.0,2001.0,2008.0,1999.0
2018106691,オーシャングルーヴ,牝,竹下太,,トビーズコーナー,000a011fed,ユアカラー,2003110043,ジェイドロバリー,000a0001a7,中川浩一郎,スイートファーム,258.0,2008.0,2003.0,1987.0
2018104550,アベレージマーク,牝,大和田成,,ラブリーデイ,2010104298,エミネントピークス,1997103433,ティンバーカントリー,000a00035e,金子真人ホールディングス,社台ファーム,258.0,2010.0,1997.0,1992.0
2018104514,アミラルレジェンド,牡,稲垣幸雄,,クロフネ,1998110135,アムールレジェンド,2009105911,ディープインパクト,2002100816,吉田照哉,社台ファーム,258.0,1998.0,2009.0,2002.0
2018100266,クラウンゼロ,牡,東眞市,,ルーラーシップ,2007103143,クラウンロゼ,2010105389,ロサード,1996107429,サンエツ企画（有）,クラウン日高牧場,257.6,2007.0,2010.0,1996.0
2018103624,アナシュカ,牝,坂口義幸,,リヤンドファミユ,2010104396,スターリーオレンジ,2011101445,サウスヴィグラス,1996110138,谷謙介,岡野牧場,257.4,2010.0,2011.0,1996.0
2018105710,ツワ,牝,佐久間雅,,オウケンブルースリ,2005102548,フリートジュエル,2006101684,トレジャーアイランド,000a000d93,山口久仁子,社台牧場,257.0,2005.0,2006.0,1996.0
2018105234,トーセンミランダ,牝,橋本和馬,,ドゥラメンテ,2012104511,ブライトメッセージ,2008103101,シンボリクリスエス,1999110099,（株）ジャパン・ヘル,ノーザンファーム,257.0,2012.0,2008.0,1999.0
2018100751,マダムシャルル,牝,庄野靖志,,ドゥラメンテ,2012104511,グランシャルム,2009106050,Dylan Thomas,000a011072,ラ・メール,ディアレストクラブ,257.0,2012.0,2009.0,2003.0
2018103241,トイボブ,牝,赤嶺本浩,,ベルシャザール,2008103004,ラヴコマンダー,2001105375,コマンダーインチーフ,000a0000b0,杉浦和也,高岸順一,256.8,2008.0,2001.0,1990.0
2018103901,クラッキ,牡,倉地学,,フリオーソ,2004106867,ドキドキマドンナ,2011102067,クロフネ,1998110135,稲葉光昭,聖心台牧場,256.6,2004.0,2011.0,1998.0
2018105768,ブレイクダンス,牝,石井勝男,,トーセンジョーダン,2006103169,サンレイスズカ,1998101011,サンデーサイレンス,000a00033a,森田一俊,真壁信一,256.5,2006.0,1998.0,1986.0
2018103825,ニホンピロリアン,牝,今津勝之,,キズナ,2010105827,ニホンピロヴィータ,2008100351,スニッツェル,000a010eaa,小林百太郎,佐竹学,256.5,2010.0,2008.0,2002.0
2018106356,スカイカンナ,牝,山中尊徳,,ロードカナロア,2008103552,ハッピージュエル,2012105395,リンカーン,2000101561,小島俊治,辻牧場,256.0,2008.0,2012.0,2000.0
2018104072,ハングルース,牝,武藤敏明,,オルフェーヴル,2008102636,サーキットレディ,2004110024,Grand Slam,000a0022b9,Ｉレーシング（株）,千代田牧場,256.0,2008.0,2004.0,1995.0
2018101824,エムワンブラッサム,牝,晴山厚司,,サンカルロ,2006102822,アクアライン,2009104858,スズカマンボ,2001103890,（株）マネジメント・,対馬正,256.0,2006.0,2009.0,2001.0
2018104268,リーゼントジャンボ,牡,小手川準,,ゴールドシップ,2009102739,レディインディ,000a0114e8,A.P. Indy,000a001d37,三浦大輔,服部牧場,255.9,2009.0,2001.0,1989.0
2018104794,モッキンバードヒル,牝,後藤佑耶,,ミッキーアイル,2011103916,マリアロワイヤル,000a011dc8,モンジュー,1996190001,豊原純弥,社台ファーム,255.5,2011.0,2007.0,1996.0
2018102610,ムグンファ,牝,徳本慶一,,エスケンデレヤ,000a012cc0,イブニングアフェア,000a0114a9,Kingmambo,000a001d7e,組）オールザベスト組,斉藤スタッド,255.2,2007.0,2004.0,1990.0
2018101187,テーオーピタゴラス,牡,渡辺博文,,マジェスティックウォリアー,000a011e9c,プレゼンスウーマン,2003107303,サクラローレル,1991103498,小笹公也,ヤナガワ牧場,255.2,2005.0,2003.0,1991.0
2018103335,ベットオール,牝,森下淳平,,シニスターミニスター,000a011099,シャイニングサヤカ,2007102278,キングヘイロー,1995104427,伏木田達之,伏木田牧場,255.0,2003.0,2007.0,1995.0
2018106804,セラヴィー,牝,小野望,,キズナ,2010105827,セルフプリザヴェーション,000a012508,Lion Heart,000a010ee2,渡部識,パカパカファーム,254.7,2010.0,2009.0,2001.0
2018102808,キクノディーン,牡,頼本盛行,,リオンディーズ,2013105915,ハロウィンパレード,2007105542,アグネスデジタル,1997110025,（同）ＪＰＮ技研,本桐牧場,254.6,2013.0,2007.0,1997.0
2018102642,シゲルカイチョウ,牡,九日俊光,,ハーツクライ,2001103038,レックスレイノス,000a011aa3,Intikhab,000a0022af,森中蕃,下屋敷牧場,254.1,2001.0,2006.0,1994.0
2018106599,トラハト,牝,海馬沢司,,アイルハヴアナザー,000a011ed3,クロスザレイチェル,2008100588,スペシャルウィーク,1995103211,神田貢典,ミルファーム,254.0,2009.0,2008.0,1995.0
2018100060,ゴールデンブーツ,牡,林正人,,バトルプラン,000a0118e8,ペネトレイト,2012101029,ネオユニヴァース,2000101426,青山英昭,新井昭二,254.0,2005.0,2012.0,2000.0
2018100661,エイペクス,牝,池田孝,,リーチザクラウン,2006102923,ゴールデンイエラ,000a0116de,Machiavellian,000a001c1d,上野進二,ダーレー・ジャパン・ファーム,253.8,2006.0,2005.0,1987.0
2018106728,ブローディア,牝,藤ヶ崎一,,ホッコータルマエ,2009100921,スターキャスト,2012104449,ディープインパクト,2002100816,寒川太一,寺井文秀,253.5,2009.0,2012.0,2002.0
2018102538,フジサンニュウサツ,牝,村上実,,ジャングルポケット,1998101786,ライボー,2011105786,ディープスカイ,2005101358,藤田秀行,木田牧場,253.4,1998.0,2011.0,2005.0
2018102434,エムティセト,牡,桜井今朝,,トーセンホマレボシ,2009106092,コンパスローズ,2010105777,クロフネ,1998110135,遠藤喜和,稲葉牧場,252.5,2009.0,2010.0,1998.0
2018109051,カシノロナウド,牡,真島正徳,,モンテロッソ,000a011b05,ムーンダスト,2007109235,デュランダル,1999106756,柏木務,諏訪牧場,252.3,2007.0,2007.0,1999.0
2018100329,ルーベンスガール,牝,宇野木博,,トーセンジョーダン,2006103169,ルーベンスクラフト,2010103406,スペシャルウィーク,1995103211,大塚文夫,佐々木康治,252.0,2006.0,2010.0,1995.0
2018105592,エコロディバイン,牡,保利良平,,ドゥラメンテ,2012104511,ドゥルセデレーチェ,2003102989,フレンチデピュティ,000a00013a,原村正紀,市川牧場,251.6,2012.0,2003.0,1992.0
2018109156,サンエバンスビル,牡,八木仁,,エスケンデレヤ,000a012cc0,ブレーヴスキー,2008101938,ストラヴィンスキー,000a00fa41,酒井孝敏,神野生男,251.5,2007.0,2008.0,1996.0
2018106842,プレストハンター,牡,佐々木清,,パイロ,000a01176a,アスクザリーズン,2012106405,キングカメハメハ,2001103460,市村義和,大道牧場,251.5,2005.0,2012.0,2001.0
2018101751,イエロービーンズ,牝,及川良春,,トゥザグローリー,2007103265,エンジェルラブ,2002102093,フサイチソニック,1997103684,大黒富美子,武田寛治,251.5,2007.0,2002.0,1997.0
2018105224,マテンロウガイア,牝,四位洋文,,リオンディーズ,2013105915,フォンタネットポー,2012110097,ダンカーク,000a012185,寺田千代乃,ノーザンファーム,251.0,2013.0,2012.0,2006.0
2018105023,コンヴェクトル,牡,東眞市,,ディープブリランテ,2009105084,グレイスファミリー,2006103404,タニノギムレット,1999100226,遠藤喜和,ノーザンファーム,251.0,2009.0,2006.0,1999.0
2018104445,グラスシャイニング,牡,新井隆太,,リオンディーズ,2013105915,グラスプリマ,2011103840,シンボリクリスエス,1999110099,佐藤武史,松田牧場,250.9,2013.0,2011.0,1999.0
2018101800,プレストウイング,牡,玉井勝,,ネオユニヴァース,2000101426,ラヴァーズタイム,2011104885,ブライアンズタイム,000a000082,（有）ランドエコノミ,大栄牧場,250.9,2000.0,2011.0,1985.0
2018106096,ドリームポルックス,牝,後藤正義,,クリエイターII,000a013630,ドリームエンブレム,2005106010,ウォーエンブレム,000a00fa35,山科統,杵臼牧場,250.5,2013.0,2005.0,1999.0
2018106632,ヤマジュンレイワ,牝,川村守男,,モンテロッソ,000a011b05,サマークイーン,2008101867,ネオユニヴァース,2000101426,山下洵一郎,山田昇史,250.0,2007.0,2008.0,2000.0
2018102499,トーホウミトラ,牡,新谷功一,,キズナ,2010105827,ワイキキブリーズ,2007103513,フレンチデピュティ,000a00013a,東豊物産,折手牧場,250.0,2010.0,2007.0,1992.0
2018102088,カズノジャンボ,牡,納谷和玖,,ヴィクトワールピサ,2007102923,サイレンスデザート,2004101349,マンハッタンカフェ,1998101554,鈴木道雄,ハシモトファーム,250.0,2007.0,2004.0,1998.0
2018101853,サウンドマチカ,牝,水野貴史,,サウンドボルケーノ,2008110123,サウンドモニカ,2011105781,クロフネ,1998110135,増田雄一,飛渡牧場,250.0,2008.0,2011.0,1998.0
2018100963,マスケティアーズ,牡,小桧山悟,,ネオユニヴァース,2000101426,ミスマープル,2010100682,Sinndar,000a002329,加藤徹,広富牧場,250.0,2000.0,2010.0,1997.0
2018100582,スマートメソッド,牝,手島勝利,,タートルボウル,000a012045,スマートアンカー,2013104521,クロフネ,1998110135,吉田勝利,スマート,248.9,2002.0,2013.0,1998.0
2018100518,ミッドナイトクロス,牝,角田輝也,,トビーズコーナー,000a011fed,ピンナップ,2014102050,スマートボーイ,1995100385,（有）新生ファーム,新生ファーム,248.8,2008.0,2014.0,1995.0
2018104589,クリストバウム,牡,平山宏秀,,ノヴェリスト,000a012230,ギミーシェルター,2001103073,サンデーサイレンス,000a00033a,遠藤喜和,社台ファーム,248.7,2009.0,2001.0,1986.0
2018102891,ティゴフィリー,牝,頼本盛行,,バゴ,2001190004,フィリグリー,2010100710,ステイゴールド,1994108729,小橋亮太,三石ファーム,248.7,2001.0,2010.0,1994.0
2018105963,エイシンシッソウ,牝,佐藤壽,,アジアエクスプレス,2011110091,エーシンロレーン,2006110042,Rahy,000a001c5e,小橋亮太,栄進牧場,248.3,2011.0,2006.0,1985.0
2018103814,エイコウエンプレス,牝,有馬澄男,,キングズベスト,000a0022d2,エンプレスボード,2013104242,スウェプトオーヴァーボード,000a00fa34,増本光夫,佐竹学,248.2,1997.0,2013.0,1997.0
2018103415,チュラハート,牝,林正人,,フリオーソ,2004106867,アストロラーベ,2010104128,クロフネ,1998110135,松澤光洋,アフリートファーム,248.0,2004.0,2010.0,1998.0
2018102114,カシェル,牝,平田正一,,キズナ,2010105827,クリニエルドゥオル,2006110089,Cozzene,000a001bda,前田幸治,平山牧場,248.0,2010.0,2006.0,1980.0
2018100556,キタノフェスタ,牝,宮本仁,,ノヴェリスト,000a012230,レディパレード,2007103590,マンハッタンカフェ,1998101554,後藤武久,シンボリ牧場,247.3,2009.0,2007.0,1998.0
2018102565,ツネリュウオー,牝,須田和伸,,リーチザクラウン,2006102923,マールデルプラタ,2013105985,ステイゴールド,1994108729,（有）しょうじ,グローリーファーム,247.2,2006.0,2013.0,1994.0
2018105773,ハセノフリオーソ,牡,張田京,,フリオーソ,2004106867,アワフローラ,2013105175,サムライハート,2002100996,長谷川文夫,橋本牧場,247.0,2004.0,2013.0,2002.0
2018106760,サンジョルディ,牡,高橋道雄,,アドマイヤムーン,2003102991,ジョウテングレイス,2009106730,シーキングザダイヤ,2001110220,今川文夫,成隆牧場,246.8,2003.0,2009.0,2001.0
2018105188,モデュロール,牡,山田義人,,モーリス,2011100655,パーフェクトジョイ,2003103019,ステイゴールド,1994108729,坂本浩一,ノーザンファーム,246.7,2011.0,2003.0,1994.0
2018102934,クレイジースピード,牡,池田忠好,,ルーラーシップ,2007103143,ステージスクール,000a0111fd,サンデーサイレンス,000a00033a,川添裕起,山際牧場,246.7,2007.0,2002.0,1986.0
2018106309,ルリフラワー,牝,田嶋弘幸,,ブリーズフレイバー,2007101776,ベイルリ,2006102116,スペシャルウィーク,1995103211,西浦和男,地興牧場,246.5,2007.0,2006.0,1995.0
2018104457,グレースシラオキ,牝,菅原欣也,,シェイクザバーレイ,2010104380,グレースシャンティ,2013106459,ダノンシャンティ,2007105709,山本国広,見上牧場,246.2,2010.0,2013.0,2007.0
2018104490,キンカイユキ,牝,古賀光範,,エスポワールシチー,2005102837,マチカネホシシロキ,2000101662,サッカーボーイ,1985103538,竹原孝昭,山際智,246.0,2005.0,2000.0,1985.0
2018103575,ドリームキャット,牝,笹野博司,,ディスクリートキャット,000a0113a1,アスパラガス,2010102825,ティンバーカントリー,000a00035e,西村健,岡田牧場,246.0,2003.0,2010.0,1992.0
2018102272,ヒルノベルモンタ,セ,後藤佑耶,,オルフェーヴル,2008102636,クイーンカアフマヌ,2004102744,キングズベスト,000a0022d2,ヒルノ,村上欽哉,245.9,2008.0,2004.0,1997.0
2018101622,ウインルミナス,牡,田口輝彦,,エイシンフラッシュ,2007102951,エルノヴァ,1999102743,サンデーサイレンス,000a00033a,浅野真由美,コスモヴューファーム,245.6,2007.0,1999.0,1986.0
2018102079,タクシードライバー,牡,宮川浩一,,グラスワンダー,1995108676,ラストパートナー,2001102160,エリシオ,1993190001,（有）新生ファーム,ハクツ牧場,245.1,1995.0,2001.0,1993.0
2018102994,ベアレディ,牝,藤田正治,,グランプリボス,2008103388,テツムーン,2009100341,アドマイヤムーン,2003102991,小橋亮太,一倉牧場,244.6,2008.0,2009.0,2003.0
2018100305,サドンスマイル,牡,三坂盛雄,,トゥザワールド,2011103975,ベルモントラヴ,2010105994,クロフネ,1998110135,橋川欣司,小西ファーム,244.5,2011.0,2010.0,1998.0
2018106344,スズカロマンス,牝,川西毅,,ディスクリートキャット,000a0113a1,スズカローゼ,2007101654,クロフネ,1998110135,永井啓弐,辻牧場,244.4,2003.0,2007.0,1998.0
2018109031,スーパースターマン,牡,小牧毅,,リオンディーズ,2013105915,クヴァルダ,2005102132,ダンスインザダーク,1993109188,秋元順紀,風ノ丘ファーム,244.3,2013.0,2005.0,1993.0
2018105923,エイシンヒスイ,牝,井樋一也,,エイシンフラッシュ,2007102951,エイシンヘーベ,2001100113,エイシンワシントン,1991109929,清水徳克,栄進牧場,244.1,2007.0,2001.0,1991.0
2018105863,ココヒナショータ,牡,中道啓二,,ディープスカイ,2005101358,グレースグロリアス,1998102497,キンググローリアス,000a000d48,中村二郎,今井秀樹,244.0,2005.0,1998.0,1986.0
2018104635,インサイドワーク,牡,内田勝義,,ルーラーシップ,2007103143,シーディザーブス,1999106800,サンデーサイレンス,000a00033a,吉田千津,社台ファーム,244.0,2007.0,1999.0,1986.0
2018101561,マテンロウドリーム,牡,角田晃一,,キズナ,2010105827,ウインクリアビュー,2007104279,キングカメハメハ,2001103460,寺田千代乃,川島牧場,244.0,2010.0,2007.0,2001.0
2018101272,シャイニーマジック,セ,佐々木由,,マツリダゴッホ,2003104570,ノードラメール,2009110012,ロックオブジブラルタル,000a00fd4c,小林昌志,川向高橋育成牧場,243.6,2003.0,2009.0,1999.0
2018102973,ワンダーチア,牝,保利幸作,,マクフィ,000a011c77,ワンダーストーリリ,2007106714,バゴ,2001190004,山本能成,秋場牧場,243.1,2007.0,2007.0,2001.0
2018105154,ナインストーリーズ,牝,後藤佑耶,,ドゥラメンテ,2012104511,ディープストーリー,2010104352,ディープインパクト,2002100816,和田正巳,ノーザンファーム,242.5,2012.0,2010.0,2002.0
2018101603,シカゴ,牡,高月賢一,,ヘニーハウンド,2008110097,ガムシロップ,2009104641,ロージズインメイ,000a010a10,前田良平,小泉学,242.3,2008.0,2009.0,2000.0
2018109038,ハチノヘタイショウ,牡,古賀光範,,エスケンデレヤ,000a012cc0,リキサンエルピーダ,2011101481,ネオユニヴァース,2000101426,西村新一郎,北村牧場,242.3,2007.0,2011.0,2000.0
2018103935,ゼロリスク,牡,安田武広,,ケイムホーム,000a0108d1,ローマンクィーン,2009110070,Holy Roman Emperor,000a011ab8,福田真奈,タイヘイ牧場,242.1,1999.0,2009.0,2004.0
2018106347,スリーモーリス,牡,川西毅,,モーリス,2011100655,スリーベラミ,2010102671,ディープインパクト,2002100816,永井商事,辻牧場,242.0,2011.0,2010.0,2002.0
2018106071,ドゥーノットルース,牝,平山真希,,ストロングリターン,2006102934,ホウヨウターニング,2003106743,メジロマックイーン,1987107235,小林和幸,木戸口牧場,242.0,2006.0,2003.0,1987.0
2018102634,メイショウエバー,牝,池田孝,,ブラックタイド,2001103312,エーシンベロシティ,2005110019,Lemon Drop Kid,000a0022d0,（有）下屋敷牧場,下屋敷牧場,242.0,2001.0,2005.0,1996.0
2018102107,ソーラーストーム,牡,別府真司,,リアルインパクト,2008103244,コハルタイム,2004107037,キャプテンスティーヴ,000a000d9d,川添裕起,林博道,242.0,2008.0,2004.0,1997.0
2018102940,ハローキャシー,牝,藤ヶ崎一,,ディスクリートキャット,000a0113a1,クリムゾンフレア,2001100351,サンデーサイレンス,000a00033a,伊藤彰敏,山口忠彦,241.9,2003.0,2001.0,1986.0
2018102767,シゲルシュニン,牡,九日俊光,,トーセンジョーダン,2006103169,キリエ,2006102818,ブライアンズタイム,000a000082,森中蕃,平野牧場,241.9,2006.0,2006.0,1985.0
2018101271,リーヴルネッサンス,牡,山田徹,,パイロ,000a01176a,トロピカルジュエル,2008100469,キングカメハメハ,2001103460,西村健,川向高橋育成牧場,241.8,2005.0,2008.0,2001.0
2018104305,サイレントシズカ,牝,後藤佑耶,,アイルハヴアナザー,000a011ed3,ハルダヨリ,2012100821,ファルブラヴ,1998190004,藤沢澄雄,藤沢牧場,241.7,2009.0,2012.0,1998.0
2018102376,ユーティリティ,牝,赤嶺本浩,,ケープブランコ,000a011b06,レッドアンコール,2011105412,キングカメハメハ,2001103460,豊島愛子,森永聡,241.6,2007.0,2011.0,2001.0
2018102897,ジャングルファング,牡,高馬元紘,,ジャングルポケット,1998101786,アームズトウショウ,2006101310,コロナドズクエスト,000a0000b5,和田博美,明治牧場,241.5,1998.0,2006.0,1995.0
2018102804,クレンアストロ,牡,酒井仁,,トーセンブライト,2001103660,トーセンプリンセス,2008102986,フジキセキ,1992109618,本桐牧場,本桐牧場,241.5,2001.0,2008.0,1992.0
2018103371,ハギノクレド,牡,東眞市,,ラブリーデイ,2010104298,ハギノフェリス,2011103386,ディープインパクト,2002100816,渡辺優磨,村下明博,240.9,2010.0,2011.0,2002.0
2018102557,コマフォーゼ,牝,藤ヶ崎一,,スウェプトオーヴァーボード,000a00fa34,サフィール,2003101515,トウカイテイオー,1988101025,仲尾正人,グローリーファーム,240.7,1997.0,2003.0,1988.0
2018105587,ハナノミチ,牝,瀬戸幸一,,バゴ,2001190004,ロージーチークス,2012104272,デュランダル,1999106756,丸岡啓一,新井牧場,240.5,2001.0,2012.0,1999.0
2018104770,ビッグリーフルーフ,牝,伊藤和,,ディープブリランテ,2009105084,プリンセスカット,2001103180,トニービン,1983109006,大屋高広,社台ファーム,240.5,2009.0,2001.0,1983.0
2018103829,スターフェネック,牝,田中守,,ディスクリートキャット,000a0113a1,ハートエンジェル,2014102214,アドマイヤムーン,2003102991,須田靖之,佐竹学,240.5,2003.0,2014.0,2003.0
2018101310,ベイビーシャーク,牡,遠藤茂,,ダノンシャーク,2008105554,ファンクザゴールド,2011101248,アドマイヤコジーン,1996106512,北村和江,高橋啓,240.4,2008.0,2011.0,1996.0
2018106491,メイショウサイウン,牝,大橋勇樹,,ハービンジャー,000a011996,カネトシガーネット,2011102737,キングカメハメハ,2001103460,松本好雄,まるとみ冨岡牧場,240.0,2006.0,2011.0,2001.0
2018103899,ユイマールレディ,牝,松島壽,,シビルウォー,2005102317,アインステージ,2007100494,ゴールドアリュール,1999106689,小橋亮太,聖心台牧場,240.0,2005.0,2007.0,1999.0
2018101635,ウインマイソウル,牡,伊藤勝好,,ゴールドシップ,2009102739,コスモマイルール,2011105730,ルールオブロー,000a010d7d,酒井孝敏,コスモヴューファーム,239.8,2009.0,2011.0,2001.0
2018101841,ローブデュソワール,牝,大島静夫,,リアルインパクト,2008103244,ハーリカ,2005105280,ブライアンズタイム,000a000082,成富直行,ＴＫファーム,239.4,2008.0,2005.0,1985.0
2018106081,エルシノア,牡,桜井今朝,,リオンディーズ,2013105915,カナスヌーマ,2013103394,マンハッタンカフェ,1998101554,遠藤喜和,杵臼牧場,238.9,2013.0,2013.0,1998.0
2018105565,ドゥラヴィータ,牝,井樋明正,,ドゥラメンテ,2012104511,ラスティックフレイム,000a0117a5,Danehill Dancer,000a002309,金野博幸,社台コーポレーション白老ファーム,238.5,2012.0,2004.0,1993.0
2018104429,サンライズメモリー,牡,西村守幸,,シンボリクリスエス,1999110099,オーシャンブルグ,2011102616,ヨハネスブルグ,000a0103b9,（株）ファーストビジ,増本牧場,238.5,1999.0,2011.0,1999.0
2018102483,ベルベデール,牝,宮路洋一,,ヴィクトワールピサ,2007102923,プレミアステイタス,2011104271,タニノギムレット,1999100226,松下寿恵和,沖田博志,238.5,2007.0,2011.0,1999.0
2018101609,ピースゼール,牝,加藤和義,,トランセンド,2006104736,ヒトリシズカ,2006103377,シンボリクリスエス,1999110099,中平和宏,小泉学,238.3,2006.0,2006.0,1999.0
2018101808,フューチャーポップ,牝,吉岡辰弥,,ディープインパクト,2002100816,ドナパフューム,2010110141,Bertolini,000a00fe97,山口裕介,大作ステーブル,238.0,2002.0,2010.0,1996.0
2018100066,ビトエノスター,牡,久保田信,,ブラックタイド,2001103312,タカミツスズラン,2011100047,タイキシャトル,1994109686,豊島愛子,新井弘幸,238.0,2001.0,2011.0,1994.0
2018104950,ピアチェーレ,牝,三小田幸,,ルーラーシップ,2007103143,ヴィータアレグリア,2011103811,ネオユニヴァース,2000101426,安藤浩也,ノーザンファーム,237.9,2007.0,2011.0,2000.0
2018100885,ハーツトリップ,牡,山田義人,,ベルシャザール,2008103004,ラメント,2010100671,アドマイヤムーン,2003102991,成富直行,長谷部牧場,237.9,2008.0,2010.0,2003.0
2018102494,イーテーラー,牝,平山宏秀,,モーリス,2011100655,ドリーボンズレガシー,000a0117a4,Proud Citizen,000a0105b8,角田喜継,折手牧場,237.0,2011.0,2005.0,1999.0
2018100232,ヒーローネバーダイ,牡,永田幸宏,,アンライバルド,2006103308,スズカダーリン,2006101128,タイキシャトル,1994109686,木部嚴生,木部ファーム,237.0,2006.0,2006.0,1994.0
2018100477,デルマコンゴウ,牡,山崎裕也,,リオンディーズ,2013105915,セレーサ,2006105577,サクラバクシンオー,1989108341,浅沼廣幸,白井牧場,236.9,2013.0,2006.0,1989.0
2018106816,エグゼクティブリリ,牝,櫻木英喜,,クリエイターII,000a013630,リリウオカラニ,2003110073,Grindstone,000a002130,村田裕子,パカパカファーム,236.7,2013.0,2003.0,1993.0
2018102341,ロトプレジャー,牡,真島元徳,,ベーカバド,000a011dc0,ヴァリュー,000a010563,Belong to Me,000a001ff2,國武佳博,村上雅規,236.6,2007.0,2000.0,1989.0
2018105279,スコッチミスト,牝,森下淳平,,ノヴェリスト,000a012230,マリアヴァレリア,2001103476,サンデーサイレンス,000a00033a,吉田勝己,ノーザンファーム,236.5,2009.0,2001.0,1986.0
2018110140,スズカファラオ,牡,渡辺博文,,American Pharoah,000a012aad,Berrimilla,000a018477,Fastnet Rock,000a010601,永井商事（株）,Dr DJ O'Brien,236.4,2012.0,2008.0,2001.0
2018101268,ファーストライズ,牝,栗林徹治,,ディープブリランテ,2009105084,コアレスパティオ,2001107272,トウカイテイオー,1988101025,吉岡寛行,川向高橋育成牧場,236.3,2009.0,2001.0,1988.0
2018110012,モスグリーン,牝,柏木一夫,,New Bay,000a012bc0,ピサノティファニー,2006110073,Fusaichi Pegasus,000a0022cf,工藤栄三,Y. Ichikawa,236.0,2012.0,2006.0,1997.0
2018100614,マキシマムリスク,牝,中川竜馬,,タイムパラドックス,1998101683,ミスマーマレード,2001103144,ダンスインザダーク,1993109188,酒井孝敏,滝本健二,235.7,1998.0,2001.0,1993.0
2018101195,ラブリボーン,牝,工藤裕孝,,ディスクリートキャット,000a0113a1,ラブミーニキータ,2008106606,クロフネ,1998110135,（株）心頼ＬｏｏＰ,ヤナガワ牧場,235.6,2003.0,2008.0,1998.0
2018105410,デマントイド,牝,目迫大輔,,ハービンジャー,000a011996,ガーネットチャーム,2009106579,ファルブラヴ,1998190004,高橋真紀,追分ファーム,235.5,2006.0,2009.0,1998.0
2018103881,シントーオマツ,牝,平田正一,,トウケイヘイロー,2009101682,シャロット,2013102887,ゼンノロブロイ,2000101517,中野辰三,静内山田牧場,235.5,2009.0,2013.0,2000.0
2018103876,ゴールデンファラオ,牡,酒井仁,,フリオーソ,2004106867,オウルインザダスク,2012104404,ゴールドアリュール,1999106689,安田功夫,静内山田牧場,235.5,2004.0,2012.0,1999.0
2018102658,ロンギングベイビー,牝,工藤裕孝,,ドゥラメンテ,2012104511,ファイアフライ,2012101534,パイロ,000a01176a,坂本直子,田上徹,234.8,2012.0,2012.0,2005.0
2018102525,ロゼヴィヴァーチェ,牝,佐藤壽,,リーチザクラウン,2006102923,ロゼブルー,2008103483,ダンスインザダーク,1993109188,酒井孝敏,加野牧場,234.7,2006.0,2008.0,1993.0
2018100517,スターキンメダル,牝,加藤和義,,グラスワンダー,1995108676,ヒャクマンゴク,2008104208,ブラックタキシード,1996107315,坂本順子,新生ファーム,234.5,1995.0,2008.0,1996.0
2018101708,シャインローリエ,牝,伊藤和忍,,ディープブリランテ,2009105084,ローリエ,1996103579,メジロマックイーン,1987107235,鈴木智明,シンユウファーム,234.4,2009.0,1996.0,1987.0
2018102855,メイショウヤマツミ,牡,三小田幸,,マクフィ,000a011c77,ゲッコウ,2008103872,キングカメハメハ,2001103460,北原大史,水上習孝,234.2,2007.0,2008.0,2001.0
2018100111,サンマルビクトリー,牡,山田徹,,ヴィクトワールピサ,2007102923,アバランチリリー,2013105739,マンハッタンカフェ,1998101554,平本淳一,ヴェルサイユファーム,234.0,2007.0,2013.0,1998.0
2018100466,フェラリーチェコ,牝,金田一昌,,ディスクリートキャット,000a0113a1,センターグランタス,2004101200,アグネスタキオン,1998101516,谷脇智恵子,庄野牧場,233.9,2003.0,2004.0,1998.0
2018104779,ミスハイローラー,牝,角田輝也,,ヴィクトワールピサ,2007102923,ベガスナイト,2000110038,コロナドズクエスト,000a0000b5,引地拓,社台ファーム,233.7,2007.0,2000.0,1995.0
2018106122,ドンドハレ,牡,伊藤和,,シビルウォー,2005102317,コリャコリャ,2011106574,ゼンノロブロイ,2000101517,大屋高広,木村牧場,233.6,2005.0,2011.0,2000.0
2018110068,ファインハッピー,牝,伊坂重信,,Runhappy,000a014a1b,Unbridled Empire,000a014a6a,エンパイアメーカー,000a010542,飯田正剛,John R. Penn & Frank Penn,233.3,2012.0,2007.0,2000.0
2018103020,カンノンアラシ,牡,井樋一也,,ワールドエース,2009106353,ガリカローズ,2008101937,ロックオブジブラルタル,000a00fd4c,清水徳克,大島牧場,233.3,2009.0,2008.0,1999.0
2018105346,リュラネブラ,牡,及川良春,,ロードカナロア,2008103552,リュラ,2013106020,ステイゴールド,1994108729,大黒富美子,ノーザンファーム,233.1,2008.0,2013.0,1994.0
2018105615,ミケーレ,牡,柳井宏之,,ブラックタイド,2001103312,ピュアオパール,2008102554,ロックオブジブラルタル,000a00fd4c,川添裕起,上水牧場,233.0,2001.0,2008.0,1999.0
2018101478,ゴーゴーレインボー,牝,三野宮通,,ヘニーヒューズ,000a011155,ケージーレインボー,2002101728,ダンスインザダーク,1993109188,星加浩一,岩見牧場,233.0,2003.0,2002.0,1993.0
2018100157,ユメノタスキ,牝,那俄性哲,,ディープブリランテ,2009105084,ヨウヨウ,2002105721,マヤノトップガン,1992102988,沖田方子,沖田牧場,233.0,2009.0,2002.0,1992.0
2018106461,メイショウコエダ,牝,藤田正治,,ダンカーク,000a012185,パピュラ,2001105365,ブライアンズタイム,000a000082,（株）ファーストビジ,日の出牧場,232.9,2006.0,2001.0,1985.0
2018104634,ワールプール,牝,鈴木慎太,,ロードカナロア,2008103552,シースプレイ,2008102869,ハーツクライ,2001103038,吉田照哉,社台ファーム,232.0,2008.0,2008.0,2001.0
2018103236,ハットハート,牡,大根田裕,,マジェスティックウォリアー,000a011e9c,エンダレ,2009101176,ゴールドアリュール,1999106689,ＭＡＳＡレーシング,高岸順一,232.0,2005.0,2009.0,1999.0
2018103153,エスケイダンサー,牝,佐々木由,,ホッコータルマエ,2009100921,ラビングハート,2013110003,Sea The Stars,000a011c78,谷謙介,高昭牧場,231.9,2009.0,2013.0,2006.0
2018106635,ヒッサツシオキニン,牡,角田輝也,,ジョーカプチーノ,2006100529,タイセイヴィグラス,2008101864,サウスヴィグラス,1996110138,小菅誠,山田昇史,231.8,2006.0,2008.0,1996.0
2018105348,クローヴィス,セ,錦見勇夫,,ハーツクライ,2001103038,リリサイド,000a011a19,American Post,000a011997,伊藤恵介,ノーザンファーム,231.5,2001.0,2007.0,2001.0
2018104476,グランディオサ,牝,土井道隆,,ロードカナロア,2008103552,ジュモートリステ,2012104769,ハービンジャー,000a011996,木稲安則,矢野牧場,231.2,2008.0,2012.0,2006.0
2018106567,マジックビューティ,牝,西園正都,,オルフェーヴル,2008102636,アクティビューティ,2007101829,バゴ,2001190004,コスモヴューファーム,宮内牧場,231.0,2008.0,2007.0,2001.0
2018106350,アセットエース,牡,三野宮通,,ワールドエース,2009106353,ツジガハナ,2012105394,ジャングルポケット,1998101786,中澤加那子,辻牧場,231.0,2009.0,2012.0,1998.0
2018104707,ライトニングホーク,牝,吉村圭司,,ディープインパクト,2002100816,ノヴァホーク,000a0120f1,Hawk Wing,000a010d4d,社台レースホース,社台ファーム,231.0,2002.0,2008.0,1999.0
2018103791,ヒマラヤクリス,牝,小手川準,,シニスターミニスター,000a011099,コンゴウマドンナ,2003107394,マーベラスサンデー,1992103687,辻大作,坂本智広,231.0,2003.0,2003.0,1992.0
2018103546,メリス,牝,迫田清美,,ロージズインメイ,000a010a10,プラチナベール,2005102496,アグネスタキオン,1998101516,伊藤力,岡田スタッド,231.0,2000.0,2005.0,1998.0
2018100435,エラキス,牝,藤田正治,,ダノンシャーク,2008105554,ボニーアクション,2004105652,Cat Thief,000a00fcdf,インターフェース（同,下河辺牧場,231.0,2008.0,2004.0,1996.0
2018110121,ランボボーイ,牡,岡林光浩,,Medaglia d'Oro,000a010a65,Precautions,000a0169ee,Lonhro,000a011187,吉田和美,Phoenix Thoroughbred (11) Ltd,230.0,1999.0,2013.0,1998.0
2018105520,ミラコロヴェルデ,牝,西村真幸,,キンシャサノキセキ,2003110212,スルーレート,2002100888,フレンチデピュティ,000a00013a,グリーンファーム,社台コーポレーション白老ファーム,230.0,2003.0,2002.0,1992.0
2018102333,ブラッククローム,牡,林幻,,カレンブラックヒル,2009106230,スペシャルウィッチ,2004103076,スペシャルウィーク,1995103211,（株）ドン,村上牧場,230.0,2009.0,2004.0,1995.0
2018105128,マニトゥーリン,牝,東美義,,ミッキーアイル,2011103916,ダイワオンディーヌ,2003102846,クロフネ,1998110135,（同）ＪＰＮ技研,ノーザンファーム,229.9,2011.0,2003.0,1998.0
2018101839,シルクロード,牝,尾林幸二,,トランセンド,2006104736,シルクジュリエット,1999104263,マーベラスサンデー,1992103687,小島將之,堤牧場,229.6,2006.0,1999.0,1992.0
2018101852,リュウノアマゾネス,牝,加藤和義,,ヘニーハウンド,2008110097,ラプティウルス,2010103021,ゼンノロブロイ,2000101517,蓑島竜一,トド岩高原銀河農場物語,229.5,2008.0,2010.0,2000.0
2018101663,エムエスブランド,牝,竹下直人,,バトルプラン,000a0118e8,ヒラボクプリンセス,2011100320,ゼンノロブロイ,2000101517,森哲,坂元芳春,229.5,2005.0,2011.0,2000.0
2018103342,サワヤカプリンセス,牝,細川忠義,,トビーズコーナー,000a011fed,ラヴィーダ,2005102449,ウォーエンブレム,000a00fa35,国田正忠,伏木田牧場,229.0,2008.0,2005.0,1999.0
2018106916,グローリアステレサ,牝,佐藤浩一,,フリオーソ,2004106867,サンアイブライト,2004102574,スペシャルウィーク,1995103211,Ｉレーシング（株）,大作ステーブル,228.5,2004.0,2004.0,1995.0
2018100375,ジュノハート,牝,佐藤博紀,,ベルシャザール,2008103004,アンジェルブ,2011100375,Tiznow,000a00fa4b,高田孝彦,下河辺牧場,227.6,2008.0,2011.0,1997.0
2018100056,ナスノマイスター,セ,瀬戸口悟,,ドゥラメンテ,2012104511,ナスノフィオナ,2002109129,ホワイトマズル,1990109700,福岡隆史,新井昭二,227.3,2012.0,2002.0,1990.0
2018106879,カンタベリーピース,牡,遠藤茂,,ストロングリターン,2006102934,ギルティーコンシェンス,000a010aea,アントレプレナー,000a000112,峰哲馬,グラストレーニングセンター,227.2,2006.0,2001.0,1994.0
2018101470,ヒドゥンジェム,牡,瀬戸幸一,,サウスヴィグラス,1996110138,クラリティーエス,2010103728,シンボリクリスエス,1999110099,岩渕瑞生,イワミ牧場,227.2,1996.0,2010.0,1999.0
2018101169,メンコイモモチャン,牝,斉藤正弘,,コパノリチャード,2010106552,ショウナンランパダ,2011106419,アグネスデジタル,1997110025,梁川正普,ヤナガワ牧場,227.2,2010.0,2011.0,1997.0
2018103691,スクアドラハイ,牡,伊藤和,,ストロングリターン,2006102934,シルクプレアデス,2003102842,アドマイヤベガ,1996107396,山中元夫,キヨタケ牧場,227.0,2006.0,2003.0,1996.0
2018103364,オーケーナイト,牡,井樋明正,,オルフェーヴル,2008102636,ナンヨーナイト,2005104836,クロフネ,1998110135,大黒富美子,三好牧場,227.0,2008.0,2005.0,1998.0
2018103023,チョモランマ,セ,加藤和宏,,ハービンジャー,000a011996,ジョリーアップ,2012105770,バトルプラン,000a0118e8,小島將之,大島牧場,226.8,2006.0,2012.0,2005.0
2018100407,チョロ,牝,佐藤祐司,,シニスターミニスター,000a011099,スペシャルピース,2008105562,スペシャルウィーク,1995103211,木村良明,下河辺牧場,226.8,2003.0,2008.0,1995.0
2018100921,ガンバルベルシャ,牝,宮浦正行,,ベルシャザール,2008103004,アルマニンファ,2012101802,スペシャルウィーク,1995103211,江崎聡,日高大洋牧場,226.6,2008.0,2012.0,1995.0
2018110014,ジョイアスチャント,牡,長倉功,,Kitten's Joy,000a0119b3,Sweet Chant,000a01791b,Distorted Humor,000a0022ea,森本研太,Teneri Farm Bernardo A. Calderon Kenneth L. Ramsey & Sarah K. Ramsey,226.5,2001.0,2012.0,1993.0
2018101096,ギムオブスターズ,牡,藤ヶ崎一,,タニノギムレット,1999100226,レースオブスターズ,2003102668,アグネスタキオン,1998101516,高井良隆男,槇本牧場,226.2,1999.0,2003.0,1998.0
2018103329,ヤマニンフラクタル,牝,渡部則夫,,スマートファルコン,2005100097,ヤマニンファビュル,2003100621,エアジハード,1995107978,土井久美子,廣田光夫,226.0,2005.0,2003.0,1995.0
2018105499,フラワーリスペクト,牝,林正人,,ノヴェリスト,000a012230,ココロチラリ,2009106012,エアジハード,1995107978,花村誠,社台コーポレーション白老ファーム,225.8,2009.0,2009.0,1995.0
2018110116,バーボンハイボール,牡,森秀行,,Curlin,000a011734,Itsabeautifulthing,000a014dc6,ヘニーヒューズ,000a011155,大野剛嗣,Candy Meadows LLC,225.4,2004.0,2008.0,2003.0
2018103073,スターダストプレス,牡,矢野久美,,コパノリチャード,2010106552,ヤマカツジャスミン,1999105474,フジキセキ,1992109618,原久美子,北俣牧夫,225.3,2010.0,1999.0,1992.0
2018102795,ダリアテソーロ,牝,大垣敏夫,,ゴールドシップ,2009102739,ロマンシエール,2005104060,アグネスデジタル,1997110025,了徳寺健二ホールディングス,幌村牧場,225.2,2009.0,2005.0,1997.0
2018105712,メルツフリーデン,牡,小野望,,スピルバーグ,2009105961,ペルフォルマーダ,000a01379d,Jump Start,000a010b86,（有）ファンタストク,社台牧場,225.1,2009.0,2011.0,1999.0
2018105539,トルトゥーガ,牡,村田順一,,ルーラーシップ,2007103143,パイレートクイーン,2011104318,ダイワメジャー,2001103114,永谷友一郎,社台コーポレーション白老ファーム,225.0,2007.0,2011.0,2001.0
2018103965,ツヨシーフェイス,牡,中塚猛,,サウスヴィグラス,1996110138,プンターレ,2009102820,ブラックタキシード,1996107315,佐々木勉,高橋義浩,225.0,1996.0,2009.0,1996.0
2018103176,ストーク,牡,新子雅司,,カレンブラックヒル,2009106230,ハートフルモトヒメ,2012105915,フサイチリシャール,2003102955,渡部賢治,斉藤政志,225.0,2009.0,2012.0,2003.0
2018106609,プレカーリー,牝,竹口勝利,,マクフィ,000a011c77,ミナレット,2010102611,スズカマンボ,2001103890,（同）ＪＰＮ技研,ミルファーム,224.9,2007.0,2010.0,2001.0
2018100310,エコロペガサス,牝,三小田幸,,アドマイヤムーン,2003102991,アモーレペガサス,1999104604,メジロライアン,1987105368,伊勢光,坂牧場,224.8,2003.0,1999.0,1987.0
2018100450,グッドイヤー,牝,金田一昌,,ラブリーデイ,2010104298,ララエクレリゼ,2011100390,スペシャルウィーク,1995103211,門別敏朗,下河辺牧場,224.7,2010.0,2011.0,1995.0
2018102682,ユウガ,牝,佐々木由,,ディスクリートキャット,000a0113a1,スペリオルダンサー,2008102680,アグネスタキオン,1998101516,欠畑圭一,田中春美,224.6,2003.0,2008.0,1998.0
2018103731,チュンチュンマル,牡,加藤幸保,,スズカコーズウェイ,2004104345,ナタリー,2012102857,ディープインパクト,2002100816,内田玄祥,グランド牧場,224.5,2004.0,2012.0,2002.0
2018103404,カルサーダス,牝,岡林光浩,,ノヴェリスト,000a012230,スカーレットドレス,2004102911,ホワイトマズル,1990109700,三木康史,吉田ファーム,224.5,2009.0,2004.0,1990.0
2018101048,スマートミニヨン,牝,及川良春,,ゼンノロブロイ,2000101517,スマートカペラ,2014104860,ヨハネスブルグ,000a0103b9,高橋誠,本間牧場,224.3,2000.0,2014.0,1999.0
2018100950,テイエムユメノオー,牡,竹之下昭,,アドマイヤマックス,1999107004,テイエムユメノコ,2006106375,テイエムオペラオー,1996100292,竹園正繼,日高テイエム牧場,224.1,1999.0,2006.0,1996.0
2018100728,ハンサムハーリー,牡,頼本盛行,,ダイワメジャー,2001103114,ピースオブラヴ,2002105372,マイネルラヴ,1995108558,（同）ＪＰＮ技研,チャンピオンズファーム,224.0,2001.0,2002.0,1995.0
2018103234,トライアンフオース,牝,佐々木国,,プリサイスエンド,000a00fe9b,レッドペルル,2012106319,ディープインパクト,2002100816,岡田孝之,大北牧場,223.9,1997.0,2012.0,2002.0
2018106189,メモリーエルフ,牝,塚田隆男,,キングヘイロー,1995104427,メモリーキセキ,2003102407,フジキセキ,1992109618,シンザンクラブ,成隆牧場,223.6,1995.0,2003.0,1992.0
2018101786,ヒカルツキノオトギ,牝,藤原智行,,キングヘイロー,1995104427,リマレックス,2005105194,アグネスタキオン,1998101516,柴田茂樹,田渕牧場,222.5,1995.0,2005.0,1998.0
2018103909,タマモメルヘン,牝,南井克巳,,シニスターミニスター,000a011099,ハイジ,1999103802,ダンスインザダーク,1993109188,タマモ,曾我博,222.2,2003.0,1999.0,1993.0
2018101918,ハイランドハニー,牝,田島寿一,,タイムパラドックス,1998101683,カネショウバナナ,2004100577,カコイーシーズ,1986109001,組）ゴッテスフルス,長浜忠,222.0,1998.0,2004.0,1986.0
2018101302,ロゼリアン,牝,坂口義幸,,ローズキングダム,2007103404,シナノカラー,2012104795,アグネスデジタル,1997110025,渋谷高雄,スガタ牧場,221.8,2007.0,2012.0,1997.0
2018109010,カシノチーマ,牡,東美義,,タイムパラドックス,1998101683,ネオシアリーズ,2009105967,デュランダル,1999106756,柏木務,荒谷牧場,221.3,1998.0,2009.0,1999.0
2018106030,ミーティア,牝,金田一昌,,バゴ,2001190004,ラクスクライン,2007101183,ステイゴールド,1994108729,三宅勝俊,カナイシスタッド,221.2,2001.0,2007.0,1994.0
2018102648,トンデンカムオン,牡,岡島玉一,,シンボリクリスエス,1999110099,ソプラノムーン,2013100607,アドマイヤムーン,2003102991,松山増男,城地牧場,221.1,1999.0,2013.0,2003.0
2018106387,トゥインクルタワー,牡,竹下直人,,モーリス,2011100655,フラッパーウィング,2007101663,スペシャルウィーク,1995103211,畑佐博,富田牧場,220.7,2011.0,2007.0,1995.0
2018103970,セレージャ,牝,大垣敏夫,,パイロ,000a01176a,ヴィヴァルディ,2011102203,シンボリクリスエス,1999110099,野口幸八,武牧場,220.7,2005.0,2011.0,1999.0
2018105483,エレメンタル,牡,笹野博司,,エイシンフラッシュ,2007102951,エインセル,2010103871,メイショウサムソン,2003102205,（株）アプエンテ,社台コーポレーション白老ファーム,220.2,2007.0,2010.0,2003.0
2018103572,フォルギンジ,牡,宮浦正行,,パドトロワ,2007102760,シャイニングアイズ,2004104704,アグネスタキオン,1998101516,八嶋長久,岡田猛,220.0,2007.0,2004.0,1998.0
2018103526,エコロサンダー,牡,立花伸,,スウェプトオーヴァーボード,000a00fa34,ナショナルフラワー,2007102851,アグネスタキオン,1998101516,原村正紀,岡田スタッド,220.0,1997.0,2007.0,1998.0
2018102209,サクラトップパレス,牝,鹿沼良和,,タニノギムレット,1999100226,サクラトップクイン,2008102998,ジャングルポケット,1998101786,トップフェロウ,細川農場,219.5,1999.0,2008.0,1998.0
2018102314,ハンデンミラクル,牡,川嶋弘吉,,フェノーメノ,2009106599,ネオマックイーン,1997106362,メジロマックイーン,1987107235,石部高史,村上進治,219.1,2009.0,1997.0,1987.0
2018106858,アークアネックス,牝,嶋田幸晴,,スマートファルコン,2005100097,フラワーパス,2003102774,サクラバクシンオー,1989108341,アークフロンティア,能登浩,219.0,2005.0,2003.0,1989.0
2018106549,ドラグ,牝,柳井宏之,,メイショウサムソン,2003102205,メイショウグレア,2010105133,ジャングルポケット,1998101786,北原大史,三嶋牧場,219.0,2003.0,2010.0,1998.0
2018101770,マイネルオーロラ,牡,武藤敏明,,スクリーンヒーロー,2004103328,コスモキララ,2002104633,タマモクロス,1984101673,山本正学,竹中牧場,218.8,2004.0,2002.0,1984.0
2018103568,エルプシオン,牡,鮫島克也,,ホッコータルマエ,2009100921,ルーシーショー,2005102573,フジキセキ,1992109618,笠原久夫,岡田スタッド,218.7,2009.0,2005.0,1992.0
2018101906,ゼロワンタイガー,牝,柳井宏之,,バトルプラン,000a0118e8,アズマタイガー,2000107066,エリシオ,1993190001,薄井隆博,中山高鹿康,218.7,2005.0,2000.0,1993.0
2018103746,イクノノココロ,牝,佐々木仁,,スズカコーズウェイ,2004104345,ヘヴンズムーン,2010102664,アドマイヤムーン,2003102991,小林篤,グランド牧場,218.6,2004.0,2010.0,2003.0
2018100018,サンラクロス,牝,三野宮通,,マツリダゴッホ,2003104570,チェリーブロッサム,2007100132,シルバーチャーム,000a00227c,（株）アプエンテ,厚賀古川牧場,218.6,2003.0,2007.0,1994.0
2018103548,モーニングアップ,牝,宇都英樹,,ショウナンカンプ,1998102595,ヘヴンリービーナス,2003102901,フジキセキ,1992109618,西村新一郎,岡田スタッド,218.2,1998.0,2003.0,1992.0
2018104769,キングヴァンドーム,牡,田島俊明,,キングカメハメハ,2001103460,プラスヴァンドーム,000a012808,Dr Fong,000a010571,社台レースホース,社台ファーム,218.0,2001.0,2004.0,1995.0
2018101526,ショコラノワール,牝,高野毅,,ダノンレジェンド,2010110102,タイセイゼニス,2010101007,ネオユニヴァース,2000101426,谷口祐人,柏木一則,218.0,2010.0,2010.0,2000.0
2018101108,リッターヴォルト,牡,藤ヶ崎一,,ストロングリターン,2006102934,ミワノロマンス,2010106323,サムライハート,2002100996,片岡信賢,三輪幸子,218.0,2006.0,2010.0,2002.0
2018100093,ナムラマカルー,牡,高橋俊之,,スピルバーグ,2009105961,ナムラミーティア,2006103888,サクラバクシンオー,1989108341,村瀬恵都子,いとう牧場,217.5,2009.0,2006.0,1989.0
2018105775,ギリニンジョウ,牝,田中伸一,,キングヘイロー,1995104427,インプレッシヴ,2008100537,オンファイア,2003102809,小菅誠,橋本牧場,217.0,1995.0,2008.0,2003.0
2018100127,ペルセポリス,牡,渡辺博文,,アジアエクスプレス,2011110091,アドマイヤバレー,1998101761,サンデーサイレンス,000a00033a,中尾浩一,大江牧場,216.6,2011.0,1998.0,1986.0
2018101264,スカイチャーム,牡,山中尊徳,,フリオーソ,2004106867,ロイヤルムーン,2011101049,アドマイヤムーン,2003102991,小島俊治,稲原牧場,216.5,2004.0,2011.0,2003.0
2018109144,キリシマムテキ,牡,三小田幸,,マクフィ,000a011c77,キリシマオジョウ,2013109152,スクワートルスクワート,000a000da4,土屋君春,土屋牧場,216.4,2007.0,2013.0,1998.0
2018102710,ルブタン,牝,高橋俊之,,ネオユニヴァース,2000101426,パーカーズミル,2011100546,Street Cry,000a0103ba,村瀬正,土田ファーム,216.3,2000.0,2011.0,1998.0
2018101995,リヴァーサル,牝,高橋俊之,,シンボリクリスエス,1999110099,ビッププリマステラ,2011104115,ゼンノロブロイ,2000101517,村瀬正,新冠橋本牧場,216.1,1999.0,2011.0,2000.0
2018105735,バジーレ,牝,川野勇馬,,プリサイスエンド,000a00fe9b,ブライティアグラス,2007105312,キングヘイロー,1995104427,西森功,高橋農場,216.0,1997.0,2007.0,1995.0
2018106268,メモリーアンクル,牡,川嶋弘吉,,シニスターミニスター,000a011099,メモリーロワジール,2010104920,アグネスタキオン,1998101516,シンザンクラブ,谷川牧場,215.2,2003.0,2010.0,1998.0
2018104671,フィニステラ,牡,庄子昭彦,,ローエングリン,1999106738,ダノンベルベール,2006103091,アグネスタキオン,1998101516,豊島愛子,社台ファーム,215.0,1999.0,2006.0,1998.0
2018100285,ノーヴイー,牡,井上孝彦,,ハタノヴァンクール,2009102350,アイルゴーバック,2009106640,アッミラーレ,1997100569,武仲勝,グッドラック・ファーム,215.0,2009.0,2009.0,1997.0
2018106001,ニシノカシン,牡,冨田敏男,,ダノンレジェンド,2010110102,ワンメイク,2006101818,フジキセキ,1992109618,冨田藤男,大柳ファーム,214.5,2010.0,2006.0,1992.0
2018100778,ゴールドタイタン,牡,伊藤強一,,ロージズインメイ,000a010a10,パシャ,2007105756,デュランダル,1999106756,鈴木和彦,出口牧場,213.8,2000.0,2007.0,1999.0
2018103491,エスタンピージャ,牝,藤ヶ崎一,,マツリダゴッホ,2003104570,クイックメール,2006100870,タイキシャトル,1994109686,片岡信賢,岡田スタッド,213.7,2003.0,2006.0,1994.0
2018104758,デルマヤシャ,牝,坂本和也,,フェノーメノ,2009106599,ブッシュファイヤー,000a011168,Louis Quatorze,000a002275,浅沼廣幸,社台ファーム,213.5,2009.0,2003.0,1993.0
2018105095,アウトオブザブルー,牡,山中尊徳,,トーセンラー,2008102985,スカーレットリング,2009106189,シンボリクリスエス,1999110099,関田光男,ノーザンファーム,213.4,2008.0,2009.0,1999.0
2018102206,キタノドンポートロ,牝,井手上慎,,プリサイスエンド,000a00fe9b,ホクセーメジャー,2009105234,ダイワメジャー,2001103114,岡島行一,北星村田牧場,213.0,1997.0,2009.0,2001.0
2018101439,トチノエレガント,牝,小林義明,,バトルプラン,000a0118e8,エレガントゴールド,2005107081,ステイゴールド,1994108729,遠藤正廣,飯島功典,213.0,2005.0,2005.0,1994.0
2018100797,サンアスペン,牝,川村守男,,ストロングリターン,2006102934,プッシュ,2008105851,ネオユニヴァース,2000101426,石井啓之,道見牧場,213.0,2006.0,2008.0,2000.0
2018106070,エスジースミチャン,牝,小野望,,トーセンジョーダン,2006103169,ビーナスライン,2001100355,フジキセキ,1992109618,後藤貞夫,木戸口牧場,212.6,2006.0,2001.0,1992.0
2018101634,ハゴロモデンセツ,牝,宗形竹見,,タイセイレジェンド,2007103199,コスモプリズム,2006100648,マンハッタンカフェ,1998101554,鈴木芳夫,コスモヴューファーム,212.5,2007.0,2006.0,1998.0
2018105590,クリノロッサ,牝,中野博,,フリオーソ,2004106867,スカイクレイバー,1999107039,サンデーサイレンス,000a00033a,（同）ＪＰＮ技研,市川牧場,212.2,2004.0,1999.0,1986.0
2018105344,トピックス,牡,勢司和浩,,エイシンフラッシュ,2007102951,リュナティク,2012104911,ディープインパクト,2002100816,齋藤秀昭,ノーザンファーム,212.0,2007.0,2012.0,2002.0
2018100558,デリスブラン,牡,山越光,,スウェプトオーヴァーボード,000a00fa34,ハイキートーン,2010100504,ハーツクライ,2001103038,高田耕平,スウィングフィールド牧場,211.5,1997.0,2010.0,2001.0
2018102942,ギンサー,牡,原口次夫,,トランセンド,2006104736,サーペンヴィグラス,2005104686,サウスヴィグラス,1996110138,安藤浩也,山野牧場,211.3,2006.0,2005.0,1996.0
2018103287,ベアフューチャー,牡,藤ヶ崎一,,ベーカバド,000a011dc0,フェアリーナカヤマ,2007102193,コマンダーインチーフ,000a0000b0,寒川太一,中山牧場,211.2,2007.0,2007.0,1990.0
2018106741,ネオイレブン,牡,桜井今朝,,トーセンジョーダン,2006103169,ウインビバリー,2003103486,ブラックタキシード,1996107315,遠藤喜和,中川郁夫,210.7,2006.0,2003.0,1996.0
2018106855,アイノロマン,牝,岡田一男,,トゥザグローリー,2007103265,ヤマカツカトリーヌ,2006101806,マヤノトップガン,1992102988,ライフエンタープライズ,大西ファーム,210.5,2007.0,2006.0,1992.0
2018102347,ハクアイリラ,牝,石井勝男,,プリサイスエンド,000a00fe9b,ライムライト,2003100659,アグネスタキオン,1998101516,Ｈ．Ｉコーポレーション,村上雅規,210.5,1997.0,2003.0,1998.0
2018101442,キョウエイファラオ,牝,小沢宏次,,カレンブラックヒル,2009106230,アネモティス,2005110197,Fusaichi Pegasus,000a0022cf,田中晴夫,石郷岡五月,210.5,2009.0,2005.0,1997.0
2018101392,コアレスロング,牝,晴山厚司,,リーチザクラウン,2006102923,コアレスサンデー,2000103192,ジェニュイン,1992109450,只野啓喜,雅牧場,210.4,2006.0,2000.0,1992.0
2018100542,ビービーディーン,牡,高橋俊之,,ラブリーデイ,2010104298,スイートブレナム,2005109304,フレンチデピュティ,000a00013a,横田一男,シンボリ牧場,210.3,2010.0,2005.0,1992.0
2018102865,エムケードリーム,牝,中川雅之,,マジェスティックウォリアー,000a011e9c,カワカミマゴコロ,2011101539,パイロ,000a01176a,上山浩司,三石川上牧場,209.8,2005.0,2011.0,2005.0
2018106564,ゲパルド,牡,後藤佑耶,,ワールドエース,2009106353,レインボーリップル,000a011423,Rainbow Quest,000a001b4d,内山一郎,三嶋牧場,209.5,2009.0,2004.0,1981.0
2018104080,コタ,牡,雑賀正光,,トーセンラー,2008102985,ストーリーライン,2010102992,ブライアンズタイム,000a000082,小菅誠,千代田牧場,209.5,2008.0,2010.0,1985.0
2018104176,ヒロノオー,牡,大塚信次,,ヴァンセンヌ,2009106525,サマーフェアリー,2010104545,ゴールドアリュール,1999106689,平山博幸,西川富岡牧場,209.4,2009.0,2010.0,1999.0
2018104551,ピリラニ,牝,奥村豊,,ロードカナロア,2008103552,エミーズパラダイス,2009105748,フサイチコンコルド,1993109220,社台レースホース,社台ファーム,209.2,2008.0,2009.0,1993.0
2018101258,コスモヴィテス,牡,中野博,,モンテロッソ,000a011b05,スズカグリーン,2012102055,ハービンジャー,000a011996,三岡有香,稲原牧場,209.2,2007.0,2012.0,2006.0
2018105698,パレラ,牡,林幻,,マツリダゴッホ,2003104570,リアハッピー,2010101653,サウスヴィグラス,1996110138,高橋貢,桑原牧場,209.0,2003.0,2010.0,1996.0
2018104718,ドリーミーサマー,牡,水野善太,,ローエングリン,1999106738,ハッピープレゼント,2005102337,アグネスタキオン,1998101516,小橋亮太,社台ファーム,209.0,1999.0,2005.0,1998.0
2018103509,ラストリスリン,牝,柏木一夫,,カレンブラックヒル,2009106230,ズブロッカ,2005100230,アグネスデジタル,1997110025,榊原浩一,岡田スタッド,209.0,2009.0,2005.0,1997.0
2018103345,インビジブルサリー,牝,諏訪貴正,,ワンダーアキュート,2006106794,クラレンスハウス,2012101369,ハービンジャー,000a011996,寺島尚彦,藤春修二,208.5,2006.0,2012.0,2006.0
2018100791,エムティヒット,牝,九日俊光,,ベーカバド,000a011dc0,ゴールドユウ,2005106992,ゴールドアリュール,1999106689,（株）門別牧場,豊田田村牧場,208.4,2007.0,2005.0,1999.0
2018110039,ネオアスペクト,牡,加藤和宏,,Territories,000a014387,Luminda,000a01241c,デインヒル,000a0000d1,（株）ファーストビジ,Hermes Services Ltd,208.1,2012.0,2000.0,1986.0
2018103339,スペシャルライフ,牝,藤ヶ崎一,,ワールドエース,2009106353,プルーフオブライフ,2008105369,Vindication,000a010544,服部豊,伏木田牧場,208.0,2009.0,2008.0,2000.0
2018104191,ジンフィーズ,牝,榎屋充,,ケープブランコ,000a011b06,デコルテ,2007100210,タニノギムレット,1999100226,遠藤喜和,西村牧場,207.7,2007.0,2007.0,1999.0
2018103576,ブレイリーマックス,牡,室井真文,,ケイムホーム,000a0108d1,アランロド,2008100151,マーベラスサンデー,1992103687,遠藤喜和,岡田牧場,207.7,1999.0,2008.0,1992.0
2018105883,グランポートリネス,牡,大島静夫,,ザサンデーフサイチ,2004102855,クインポルカ,2010104632,タニノギムレット,1999100226,北原大史,浦河日成牧場,207.6,2004.0,2010.0,1999.0
2018106087,ジュエルシーカー,牝,佐藤英明,,ハーツクライ,2001103038,シェルシーカー,000a01141c,Machiavellian,000a001c1d,林時春,杵臼牧場,207.5,2001.0,2004.0,1987.0
2018103654,コパノランニング,牡,平和人,,プリサイスエンド,000a00fe9b,デコトウショウ,2004104754,サクラバクシンオー,1989108341,古町純代,片岡博,207.5,1997.0,2004.0,1989.0
2018103101,ケンブリッジセンス,牡,金田一昌,,アンライバルド,2006103308,ケンブリッジハーツ,2011102914,キングヘイロー,1995104427,中西桂子,ケンブリッジバレー,207.3,2006.0,2011.0,1995.0
2018106015,ヴィントラオフ,牡,藤ヶ崎一,,サウスヴィグラス,1996110138,ファンシービビッド,2008102921,ファルブラヴ,1998190004,高井孝二,小倉牧場,207.1,1996.0,2008.0,1998.0
2018104943,アランチャロッサ,牝,高馬元紘,,リオンディーズ,2013105915,ヴィヴィッドカラー,2004102837,ダンスインザダーク,1993109188,辻川弘,ノーザンファーム,207.1,2013.0,2004.0,1993.0
2018106698,ウィズインリーチ,牡,加藤士津,,ダノンレジェンド,2010110102,オルビア,2004103993,カリズマティック,000a00fa33,鈴木正浩,富田恭司,207.0,2010.0,2004.0,1996.0
2018106557,メイショウイナホ,牝,岡田稲男,,モーリス,2011100655,メイショウヤワラ,2005106484,タイキシャトル,1994109686,松本好雄,三嶋牧場,207.0,2011.0,2005.0,1994.0
2018105375,シエルドゥレーヴ,牝,尾関知人,,ルーラーシップ,2007103143,レースウィング,1999107096,バブルガムフェロー,1993109219,グリーンファーム,ノーザンファーム,207.0,2007.0,1999.0,1993.0
2018102841,ジュンジョウカレン,牝,松山将樹,,カレンブラックヒル,2009106230,プリマチュチュ,2010102869,ヒシミラクル,1999104693,スリースターズレーシング,前田ファーム,207.0,2009.0,2010.0,1999.0
2018103696,スターオブブーケ,牝,的場直之,,バトルプラン,000a0118e8,パワーアン,2003107472,ディアブロ,000a0000e9,光安了,キヨタケ牧場,206.9,2005.0,2003.0,1987.0
2018104536,ウィンドスピナー,牝,山田徹,,キズナ,2010105827,ウィンドハック,000a0111c4,プラティニ,1989109107,（株）本城,社台ファーム,206.8,2010.0,2003.0,1989.0
2018104508,アスクミーホワイ,牝,内田勝義,,ドゥラメンテ,2012104511,アスクデピュティ,2004103303,フレンチデピュティ,000a00013a,吉田照哉,社台ファーム,206.5,2012.0,2004.0,1992.0
2018102280,ケルンクリエイター,セ,宇都英樹,,クリエイターII,000a013630,チーズマヨ,2009105985,シンボリクリスエス,1999110099,稲垣誠,村上欽哉,206.3,2013.0,2009.0,1999.0
2018103118,ラブリーマカロン,牝,胡本友晴,,ラブリーデイ,2010104298,カネトシパリッシュ,2010110137,Tapit,000a011248,（株）ファーストビジ,高昭牧場,206.0,2010.0,2010.0,2001.0
2018101079,グリンヴァ,牝,大山寿文,,ローエングリン,1999106738,ガルノーヴァ,2012101944,スタチューオブリバティ,000a0109d5,佐々木崇,槇本牧場,205.8,1999.0,2012.0,2000.0
2018106530,ゴーゴーライン,牡,齊藤敏,,メイショウボーラー,2001100650,ハッピーコラソン,2012105585,マンハッタンカフェ,1998101554,中地賢次郎,三嶋牧場,205.5,2001.0,2012.0,1998.0
2018102905,メジャーステージ,牡,竹之下昭,,ダイワメジャー,2001103114,スギノピクシー,2011103130,キングカメハメハ,2001103460,（同）ＪＰＮ技研,明治牧場,205.5,2001.0,2011.0,2001.0
2018103378,チェリーフラッシュ,牝,井樋一也,,エイシンフラッシュ,2007102951,メイレディ,2009101071,ジェニュイン,1992109450,小橋亮太,村下清志,205.4,2007.0,2009.0,1992.0
2018103787,シネマトウショウ,牝,畠山信一,,クリエイターII,000a013630,リーズントウショウ,2011102317,アドマイヤムーン,2003102991,前田敏文,坂本健一,205.3,2013.0,2011.0,2003.0
2018106525,ライムンダ,牝,金田一昌,,マジェスティックウォリアー,000a011e9c,テーオーフェアリー,2009100790,キングカメハメハ,2001103460,中地賢次郎,三嶋牧場,205.2,2005.0,2009.0,2001.0
2018103261,オーメンランゲ,牝,東眞市,,シニスターミニスター,000a011099,ピアノフィニッシュ,2011104227,デュランダル,1999106756,松田整二,富塚ファーム,205.0,2003.0,2011.0,1999.0
2018102570,ロードフェイロン,セ,奥村豊,,マクフィ,000a011c77,ヴィーヴル,2012102313,ディープインパクト,2002100816,ロードホースクラブ,ケイアイファーム,205.0,2007.0,2012.0,2002.0
2018104682,サトノボンズ,牡,川田孝好,,モーリス,2011100655,ツインエンジェルズ,2008102995,ハーツクライ,2001103038,成富直行,社台ファーム,204.7,2011.0,2008.0,2001.0
2018103033,ドリップワン,牝,黒田隆男,,アジアエクスプレス,2011110091,スープリムシチー,2011106370,ネオユニヴァース,2000101426,（株）さくらコーポレ,荻伏服部牧場,204.7,2011.0,2011.0,2000.0
2018105430,ミッキーファンド,牡,岡田利一,,ディープインパクト,2002100816,ニンフII,000a01280e,Galileo,000a00232b,野田みづき,追分ファーム,204.5,2002.0,2010.0,1998.0
2018104440,グランマーテル,牡,諏訪貴正,,トーセンジョーダン,2006103169,クロネコ,2001103169,ダンスインザダーク,1993109188,間宮秀直,増本良孝,203.9,2006.0,2001.0,1993.0
2018103111,ワイルドヒロイン,牝,目迫大輔,,スクリーンヒーロー,2004103328,ヴィクトリアズワイルドキャット,000a011ddb,Bellamy Road,000a011cf9,上山泰憲,高昭牧場,203.0,2004.0,2008.0,2002.0
2018103321,キセル,牡,西村守幸,,バトルプラン,000a0118e8,ディープアントス,2012103034,ディープインパクト,2002100816,組）オールザベスト組,ヒダカファーム,203.0,2005.0,2012.0,2002.0
2018101137,タッチペガサス,牝,藤田正治,,サムライハート,2002100996,タッチノネガイ,2002106294,フレンチデピュティ,000a00013a,（同）ＪＰＮ技研,門別正,202.6,2002.0,2002.0,1992.0
2018100239,クリノスパークル,牝,高橋康之,,フリオーソ,2004106867,クリノエリザベス,2011102075,プリサイスエンド,000a00fe9b,栗本博晴,木村牧場,202.5,2004.0,2011.0,1997.0
2018105451,ディザネイション,牡,山田徹,,ヴィクトワールピサ,2007102923,ヨナグッチ,000a012546,Yonaguska,000a010be8,森本研太,追分ファーム,201.8,2007.0,2005.0,1998.0
2018104624,デルマニョイリン,牝,金田一昌,,ローエングリン,1999106738,シャイニンググラス,1998101557,サンデーサイレンス,000a00033a,浅沼廣幸,社台ファーム,201.8,1999.0,1998.0,1986.0
2018105910,エイシンシンマー,牝,藤ヶ崎一,,エイシンヒカリ,2011101273,エイシンシュアー,2014103045,ワークフォース,000a011a7f,服部康夫,栄進牧場,201.4,2011.0,2014.0,2007.0
2018101927,カナザワクリステル,牝,菅原欣也,,ベーカバド,000a011dc0,マヤノブリッツ,2011101063,サムライハート,2002100996,米田裕一,長浜秀昭,201.3,2007.0,2011.0,2002.0
2018104436,ムサシルピナス,牡,栗田泰昌,,グラスワンダー,1995108676,バルフューレント,2010105585,ファスリエフ,000a00fc4c,武蔵屋ハウス（株）,増本牧場,201.0,1995.0,2010.0,1997.0
2018100189,モズオリンピック,牝,新子雅司,,ドゥラメンテ,2012104511,マネーペニー,000a0117a7,Monarchos,000a010b7e,北側雅司,オリオンファーム,201.0,2012.0,2003.0,1998.0
2018102971,エコロゲッカ,牝,山田義人,,キズナ,2010105827,ロックオブサリサ,2005110143,ロックオブジブラルタル,000a00fd4c,宇都宮智治,秋場牧場,200.8,2010.0,2005.0,1999.0
2018103346,グローリアスマイア,牝,武藤敏明,,スパロービート,2005104351,ヌードゥフランス,2003103392,ヒシアリダー,1990109099,Ｉレーシング（株）,藤春修二,200.6,2005.0,2003.0,1990.0
2018106287,サンキューサンクス,牡,笹野博司,,モーリス,2011100655,マテンロウプリマ,2012104904,ゼンノロブロイ,2000101517,（株）ＭＲ,谷口牧場,200.2,2011.0,2012.0,2000.0
2018101257,タニノミモザ,牝,福田真広,,オルフェーヴル,2008102636,ケースバイケース,2012110048,Sea The Stars,000a011c78,西村健,稲原牧場,200.2,2008.0,2012.0,2006.0
2018106515,ジェラスヒーロー,牡,嶋田幸晴,,スクリーンヒーロー,2004103328,ジェラスガール,000a012957,Petionville,000a0021de,三岡陽,三嶋牧場,200.0,2004.0,2008.0,1992.0
2018105850,メイショウナデシコ,牝,高橋義忠,,ヘニーヒューズ,000a011155,メイショウスザンナ,2009105230,アグネスデジタル,1997110025,松本好隆,赤田牧場,200.0,2003.0,2009.0,1997.0
2018104307,ヴァロワール,牡,大根田裕,,ドゥラメンテ,2012104511,ピンクガーター,2000101544,アフリート,000a000013,奥裕嗣,藤沢牧場,200.0,2012.0,2000.0,1984.0
2018103438,ミュークマロン,牝,川添明弘,,エスポワールシチー,2005102837,ヤマイチマロン,2013103886,エンパイアメーカー,000a010542,インターフェース（同,石川牧場,200.0,2005.0,2013.0,2000.0
2018102735,マサノサファイヤ,牝,斉藤正弘,,ジャングルポケット,1998101786,モエレピンクダイヤ,2009101673,ゴールドヘイロー,1997101264,中村時子,中村時子,200.0,1998.0,2009.0,1997.0
2018102130,コスモチョコラトル,牡,甲田悟史,,ノヴェリスト,000a012230,コスモチョコレイ,2011103251,ブラックタイド,2001103312,桧森高史,ビッグレッドファーム,200.0,2009.0,2011.0,2001.0
2018101527,マイネルクハージュ,牡,五十嵐忠,,カレンブラックヒル,2009106230,タイセイボニータ,2012105102,タイキシャトル,1994109686,サラブレッドクラブ・ラフィアン,柏木一則,200.0,2009.0,2012.0,1994.0
2018100861,ニコニコチャンス,牝,平松徳彦,,タイセイレジェンド,2007103199,ユウキビバ,1999103033,フォーティナイナー,000a000134,和田博美,日西牧場,200.0,2007.0,1999.0,1985.0
2018100826,ショウナンパプリカ,牡,新谷功一,,ショウナンカンプ,1998102595,ショウナンサリーレ,2003103843,キャプテンスティーヴ,000a000d9d,湘南,中原牧場,200.0,1998.0,2003.0,1997.0
2018100222,イッツマイドリーム,牝,荒川義之,,ドリームジャーニー,2004102753,ユキノチャンプ,2003103577,タバスコキャット,000a000348,吉田千津,川端正博,200.0,2004.0,2003.0,1991.0
2018105397,コートリーアスペン,セ,真島正徳,,マクフィ,000a011c77,アスペンアベニュー,2006102758,トワイニング,000a000006,福原聡,追分ファーム,199.7,2007.0,2006.0,1991.0
2018101297,アスクローンウルフ,牡,川田孝好,,ドゥラメンテ,2012104511,チーティンハート,2009103082,シンボリクリスエス,1999110099,太田雅貴,清水牧場,199.5,2012.0,2009.0,1999.0
2018104645,オラクトゥール,牡,山下定文,,スクリーンヒーロー,2004103328,ステイアライヴ,000a0120f2,Iffraaj,000a0111d1,遠藤喜和,社台ファーム,199.4,2004.0,2008.0,2001.0
2018100579,メイジュスマイル,牝,千葉博次,,エイシンフラッシュ,2007102951,ラーチャプルック,2005103542,マーベラスサンデー,1992103687,谷謙介,スマイルファーム,199.3,2007.0,2005.0,1992.0
2018103702,アトラスエース,牡,佐藤英明,,ワールドエース,2009106353,スケッチーヴュー,2004102765,ホワイトマズル,1990109700,柳橋俊昭,桑嶋峰雄,199.1,2009.0,2004.0,1990.0
2018105522,フォーコーゼズ,牡,後藤正義,,ダイワメジャー,2001103114,セブンスセンス,2013105258,キングカメハメハ,2001103460,杉岡弘和,社台コーポレーション白老ファーム,198.6,2001.0,2013.0,2001.0
2018100509,ルフトバローン,牝,栗本陽一,,ストロングリターン,2006102934,サジッタ,2010100709,ネオユニヴァース,2000101426,吉田勝利,新生ファーム,198.5,2006.0,2010.0,2000.0
2018103393,ホームカミング,牝,林正人,,ヴィクトワールピサ,2007102923,ホームウォード,000a011803,Giant's Causeway,000a0022e1,栗坂崇,山下恭茂,198.4,2007.0,2004.0,1997.0
2018100458,サザークブリッジ,牝,菅原右吉,,ダノンシャーク,2008105554,ロンドンブリッジ,1995102745,ドクターデヴィアス,1989109102,下河辺牧場,下河辺牧場,198.4,2008.0,1995.0,1989.0
2018104845,バジェナート,牝,植松則幸,,オルフェーヴル,2008102636,ルンバロッカ,000a010649,Sri Pekan,000a00223f,（株）ファーストビジ,社台ファーム,198.2,2008.0,2001.0,1992.0
2018102074,ゴルトメーネ,牝,飯田弘道,,バゴ,2001190004,グラッドリー,2003100673,アグネスタキオン,1998101516,村田紀次,ハクツ牧場,198.1,2001.0,2003.0,1998.0
2018102098,レッドアゲイン,牝,三坂盛雄,,フリオーソ,2004106867,レッドシューズ,2007102986,フジキセキ,1992109618,田村彰夫,ハシモトファーム,198.0,2004.0,2007.0,1992.0
2018101605,レナトゥス,牡,井樋明正,,ハービンジャー,000a011996,ジェシカピンク,2009106179,ディープインパクト,2002100816,大黒富美子,小泉学,198.0,2006.0,2009.0,2002.0
2018101036,ローゼンバーグ,牡,小久保智,,キングヘイロー,1995104427,エンドレスワルツ,2002103122,アドマイヤベガ,1996107396,ブルーエクウス,細川牧場,198.0,1995.0,2002.0,1996.0
2018110024,ディオアルバ,牡,大垣敏夫,,Rio de La Plata,000a012f1a,Berched,000a014682,Layman,000a012049,三岡有香,Earl Haras du Logis Mr Julian Ince Mr Georges Sandor,197.7,2005.0,2012.0,2002.0
2018109024,オッティモ,牝,小林真治,,スウィフトカレント,2001103189,Throttle,000a00fc99,A.P. Indy,000a001d37,小沼一成,太田ファーム,197.5,2001.0,1996.0,1989.0
2018101458,ハルガキタ,牝,井上孝彦,,エスポワールシチー,2005102837,ゴブレット,2013109021,ホワイトマズル,1990109700,藤澤廣士,石田牧場,197.5,2005.0,2013.0,1990.0
2018102812,ムーンリバー,牝,渡辺博文,,ディープブリランテ,2009105084,ムーンライトガーデンズ,000a010e5e,Unbridled's Song,000a002071,石田淳悦,本桐牧場,197.4,2009.0,1999.0,1993.0
2018100631,パピードッグ,牝,加藤和宏,,ブラックタイド,2001103312,マイビビアーヌ,2009110103,Shamardal,000a010c92,小林伸幸,タバタファーム,197.2,2001.0,2009.0,2002.0
2018101502,ビナステラ,牝,酒井一則,,ケイムホーム,000a0108d1,エスクルシーヴァ,2008106525,アドマイヤジャパン,2002102324,栗東総合産業（株）,大林ファーム,197.0,1999.0,2008.0,2002.0
2018104061,オープンセサミ,牡,吉井一良,,マクフィ,000a011c77,ギフトオブザラック,2008100599,ディープインパクト,2002100816,蓑島竜一,千代田牧場,196.5,2007.0,2008.0,2002.0
2018103566,マウコウカミ,牝,藤原智行,,タイムパラドックス,1998101683,リブレドバンク,2012104550,ネオユニヴァース,2000101426,新井悟,岡田スタッド,196.5,1998.0,2012.0,2000.0
2018106658,クリノサルベージ,牡,桜田浩樹,,ハーツクライ,2001103038,オンケンバヤソワカ,000a013c98,Excellent Art,000a012379,栗本八江,様似渡辺牧場,196.4,2001.0,2010.0,2004.0
2018110009,ウォータークレスト,牡,佐藤敏彦,,Shalaa,000a0142a5,La Cressonniere,000a0131c9,Le Havre,000a01198f,静内白井牧場,Shadai Farm,196.2,2013.0,2013.0,2006.0
2018106736,ロックンハニー,牝,松島寿,,トーセンラー,2008102985,ダイナマイトハニー,2006103445,ダイナマイトメール,1995108126,三岡有香,小野瀬竜馬,195.9,2008.0,2006.0,1995.0
2018104043,オープンリーチ,牡,加藤和宏,,スウェプトオーヴァーボード,000a00fa34,ウィンナワルツ,2004103231,アグネスタキオン,1998101516,嶋田孝徳,大典牧場,195.9,1997.0,2004.0,1998.0
2018106238,サンベリーナ,牝,塚田隆男,,ヘニーヒューズ,000a011155,オリジナルスピン,000a01062c,Machiavellian,000a001c1d,谷川牧場,谷川牧場,195.6,2003.0,1997.0,1987.0
2018101571,エムティストロス,牡,堀江仁,,ノヴェリスト,000a012230,ミラクルクロス,2008104412,フジキセキ,1992109618,（株）門別牧場,川島牧場,195.0,2009.0,2008.0,1992.0
2018100726,フウカ,牝,田中一巧,,ダイワメジャー,2001103114,パールヴァティー,2012102371,タイキシャトル,1994109686,ニッシンホールディングス,チャンピオンズファーム,195.0,2001.0,2012.0,1994.0
2018103790,マルモリルイ,牡,三野宮通,,トーセンジョーダン,2006103169,エナジーブルー,2009104165,アグネスタキオン,1998101516,後藤順男,坂本智広,194.6,2006.0,2009.0,1998.0
2018105577,ミーアンザミニバー,牝,鈴木七郎,,サウスヴィグラス,1996110138,エナジーワイルド,2005101769,カリズマティック,000a00fa33,吉田釀治,阿部栄乃進,194.5,1996.0,2005.0,1996.0
2018102462,スクリーニング,牝,金田一昌,,サウスヴィグラス,1996110138,エアリカコ,1999106857,Halling,000a002075,中田了也,沖田忠幸,194.4,1996.0,1999.0,1991.0
2018106488,アイアムヤルワヨ,牝,国沢輝幸,,スマートファルコン,2005100097,アイアムネフライト,2009105693,アグネスタキオン,1998101516,ＳＲＥ（同）,まるとみ冨岡牧場,194.2,2005.0,2009.0,1998.0
2018105594,リュバリサノジョウ,牡,山崎尋美,,クロフネ,1998110135,バアゼルザウバー,2010103262,シンボリクリスエス,1999110099,宇佐美隆,市川牧場,194.0,1998.0,2010.0,1999.0
2018106909,ゲツメンチャクリク,牝,中野博,,ディスクリートキャット,000a0113a1,ワナ,2000107503,フジキセキ,1992109618,小田切統二,木村牧場,193.9,2003.0,2000.0,1992.0
2018104226,ミンナノユメツナグ,牡,山田徹,,ノボジャック,1997110152,ミンナノユメノセテ,2014105098,サマーバード,2006190002,矢野琢也,橋本牧場,193.9,1997.0,2014.0,2006.0
2018101522,ライングローリー,牡,藤ヶ崎一,,ローエングリン,1999106738,デューイガール,2009106337,スペシャルウィーク,1995103211,北澤信,海馬沢明,193.7,1999.0,2009.0,1995.0
2018106856,エヌティストロング,牡,佐々木清,,ストロングリターン,2006102934,アルクトゥルス,2003104379,アドマイヤベガ,1996107396,中田留明,能登浩,193.5,2006.0,2003.0,1996.0
2018101856,タンバドリーム,牡,坂本和也,,カレンブラックヒル,2009106230,ヒシイサベル,2007102703,キングヘイロー,1995104427,荻野憲夫,飛渡牧場,193.3,2009.0,2007.0,1995.0
2018106316,レッドインテンス,牡,中野博,,レッドスパーダ,2006105511,アドマイヤドレス,2001100512,スピニングワールド,000a000325,佐々木龍駿,辻牧場,193.1,2006.0,2001.0,1993.0
2018101825,ショウユアセルフ,牝,松永康利,,ホッコータルマエ,2009100921,ウーマンインレッド,2008104664,ステイゴールド,1994108729,和田牧場,対馬正,192.8,2009.0,2008.0,1994.0
2018101018,チェンジ,牝,工藤真司,,フリオーソ,2004106867,ティフォン,2012102439,マンハッタンカフェ,1998101554,西森鶴,宝寄山拓樹,192.5,2004.0,2012.0,1998.0
2018101098,チャカルデブロンセ,牝,中道啓二,,トーホウジャッカル,2011100482,ワイルドポポ,2008106169,ワイルドラッシュ,000a0003a1,境直行,槇本牧場,192.3,2011.0,2008.0,1994.0
2018101549,コパノセイバー,牝,後藤正義,,ヴァンセンヌ,2009106525,エロイナ,2014105305,ワークフォース,000a011a7f,小林照弘,上井農場,192.1,2009.0,2014.0,2007.0
2018106877,デジタルシティ,牝,松本隆宏,,ジョーカプチーノ,2006100529,シックスドア,2012109040,スタチューオブリバティ,000a0109d5,中村吉隆,レジェンドファーム,192.0,2006.0,2012.0,2000.0
2018104906,テンナイスポイント,牝,長南和宏,,ジャスタウェイ,2009106461,アマルフィターナ,2007103340,シンボリクリスエス,1999110099,天白泰司,ノーザンファーム,192.0,2009.0,2007.0,1999.0
2018103782,リュウノダイモンジ,牡,大島静夫,,ワールドエース,2009106353,デットオアアライブ,2005106285,グランデラ,000a00fe3b,（同）ＪＰＮ技研,酒井秀紀,191.7,2009.0,2005.0,1998.0
2018106396,シゲルガルダン,牝,九日俊光,,ビービーガルダン,2004106583,オドゥールゲラン,2003106176,ステイゴールド,1994108729,森中蕃,富菜牧場,191.2,2004.0,2003.0,1994.0
2018104042,アシハライ,牝,栗本陽一,,メイショウボーラー,2001100650,イチオクノユメ,2013104438,アグネスデジタル,1997110025,福永實,大典牧場,191.0,2001.0,2013.0,1997.0
2018102851,セイウンスノー,牡,川島豊,,ジョーカプチーノ,2006100529,ニシノツインクル,2007102495,ヨハネスブルグ,000a0103b9,和氣竜彦,松本牧場,191.0,2006.0,2007.0,1999.0
2018104010,ハピネスレインボウ,牝,土井道隆,,サクラゼウス,2004104495,サクラシャンティ,2004104932,サクラローレル,1991103498,木稲安則,谷岡スタット,190.9,2004.0,2004.0,1991.0
2018102139,ステイハングリー,牝,松島寿,,ゴールドシップ,2009102739,ストークアンドレイ,2010105360,クロフネ,1998110135,川添裕起,ビッグレッドファーム,190.8,2009.0,2010.0,1998.0
2018105643,トーセンエヴァン,牡,後藤正義,,ディープインパクト,2002100816,ソシオロガインク,000a012e24,Include,000a010906,島川隆哉,エスティファーム,190.6,2002.0,2010.0,1997.0
2018102452,ネオエックス,牡,藤村和生,,アジアエクスプレス,2011110091,スズノヒロイン,2005102631,スペシャルウィーク,1995103211,西田俊二,小河豊水,190.2,2011.0,2005.0,1995.0
2018105114,コールドショット,牡,工藤真司,,ドゥラメンテ,2012104511,セットプレイ,000a012949,Van Nistelrooy,000a010c3f,永谷友一郎,ノーザンファーム,190.0,2012.0,2005.0,2000.0
2018104089,ダノンエクレール,牝,保利幸作,,ダノンシャンティ,2007105709,ダノンジュエル,2012103170,キングカメハメハ,2001103460,ダノックス,千代田牧場,190.0,2007.0,2012.0,2001.0
2018103950,ベルベストエバー,牡,川島正一,,リアルインパクト,2008103244,シンコームーン,2009101871,フォーティナイナーズサン,000a011227,宮崎俊也,高橋ファーム,190.0,2008.0,2009.0,2001.0
2018100234,アルビレオ,牡,加藤幸保,,リーチザクラウン,2006102923,デネブ,2013104096,ハーツクライ,2001103038,山内晃,木部ファーム,189.7,2006.0,2013.0,2001.0
2018106792,ハクシンアカイバラ,牝,三小田幸,,ベルシャザール,2008103004,ルトルヴェール,2012104894,ステイゴールド,1994108729,伊勢光,川上牧場,189.5,2008.0,2012.0,1994.0
2018106257,セイウンブイワン,牡,冨田敏男,,クリエイターII,000a013630,ニシノワン,2010104125,ウォーエンブレム,000a00fa35,冨田藤男,谷川牧場,189.3,2013.0,2010.0,1999.0
2018102478,フォーエバーカヨ,牝,平松徳彦,,ワールドエース,2009106353,ユメイッポ,2005104137,ゴールドアリュール,1999106689,泉一郎,沖田哲夫,189.0,2009.0,2005.0,1999.0
2018100473,セゾンデフルール,牝,井手上慎,,ルーラーシップ,2007103143,ヴェルーテ,2009104517,ディープインパクト,2002100816,増田兼良,白井牧場,188.8,2007.0,2009.0,2002.0
2018102187,アクチュアリー,牝,高橋純,,ジョーカプチーノ,2006100529,インシスト,2010105367,シンボリクリスエス,1999110099,石瀬浩三,プログレスファーム,188.2,2006.0,2010.0,1999.0
2018104549,マリブスターソング,牝,渡邊貴光,,Malibu Moon,000a010c8e,エマソング,000a013da5,Unbridled's Song,000a002071,（株）レックス,社台ファーム,188.0,1997.0,2007.0,1993.0
2018101866,スイヨウビノテンマ,牡,大山寿文,,トゥザワールド,2011103975,オテンバタイザン,2011101341,ゴールドアリュール,1999106689,山本晋也,トモファーム,188.0,2011.0,2011.0,1999.0
2018103294,サフランルーラー,牡,高橋優子,,トーセンラー,2008102985,サフランカーネギー,2000107068,カーネギー,000a000093,海原聖一,林農場,187.8,2008.0,2000.0,1991.0
2018104353,メイショウゴウホウ,牡,榎屋充,,リオンディーズ,2013105915,アンスタンフィール,2010103299,スタチューオブリバティ,000a0109d5,吉田哲,藤原牧場,187.7,2013.0,2010.0,2000.0
2018100563,ジュニアフェザー,牝,鈴木正也,,アポロソニック,2010110120,ライジングネクスト,2007109303,マイネルセレクト,1999107196,三木利文,スウィングフィールド牧場,187.6,2010.0,2007.0,1999.0
2018101008,レイワミノル,牡,原口次夫,,キングカメハメハ,2001103460,ウィザウトアトレイス,000a0116d8,Darshaan,000a0019b1,松岡研司,宝寄山拓樹,187.5,2001.0,2002.0,1981.0
2018102108,ゴールドランチ,牝,塚田隆男,,クリエイターII,000a013630,オウシュウフリート,2005105472,コロナドズクエスト,000a0000b5,（有）崇富商業,ヒカル牧場,187.0,2013.0,2005.0,1995.0
2018101117,ラストルージュ,牝,大垣敏夫,,マツリダゴッホ,2003104570,シルヴィルージュ,2008102969,アドマイヤコジーン,1996106512,三岡有香,目黒牧場,186.7,2003.0,2008.0,1996.0
2018104372,パンプイットアップ,牝,及川良春,,スズカコーズウェイ,2004104345,セクシーシューズ,2001103908,パラダイスクリーク,1989109110,岩渕哲郎,プライドロック,186.6,2004.0,2001.0,1989.0
2018102274,デモネタブンキット,牝,佐藤祐司,,トーセンホマレボシ,2009106092,コンパクトモデル,2013102803,カンパニー,2001103435,村上卓史,村上欽哉,186.2,2009.0,2013.0,2001.0
2018106836,ラキエスヴィブロ,牡,西川精治,,ミッキーアイル,2011103916,ラブエーヤン,2007106692,サクラバクシンオー,1989108341,西浦和男,ヤナガワ牧場,186.0,2011.0,2007.0,1989.0
2018105641,トーセンレイチェル,牝,高野毅,,トーセンファントム,2007102870,スペクトラブルー,2013100112,トーセンブライト,2001103660,島川隆哉,エスティファーム,185.0,2007.0,2013.0,2001.0
2018102693,リワードギデオン,牡,雑賀正光,,グランシュヴァリエ,2005104916,ラストインパルス,2009104355,アフリート,000a000013,宮崎忠比古,田湯牧場,185.0,2005.0,2009.0,1984.0
2018102421,ロヴィスイート,牝,高岩孝敏,,フェノーメノ,2009106599,イケトップクイーン,2008101717,キングカメハメハ,2001103460,榊原勝好,レジェンドファーム,185.0,2009.0,2008.0,2001.0
2018101023,マニフィック,牝,鮫島克也,,フリオーソ,2004106867,レジャンドドレ,2013105245,ステイゴールド,1994108729,石田淳悦,宝寄山拓樹,184.6,2004.0,2013.0,1994.0
2018106773,スーパーモリブデン,牡,内田勝義,,ネオユニヴァース,2000101426,グラントアウィッシュ,000a010b79,Nureyev,000a001676,秋谷壽之,川上牧場,184.5,2000.0,1997.0,1977.0
2018103671,マイネルカーニバル,牡,飯田弘道,,スウェプトオーヴァーボード,000a00fa34,デライトシーン,2004104244,サクラバクシンオー,1989108341,小橋亮太,神垣道弘,184.5,1997.0,2004.0,1989.0
2018102334,ソンノウジョウイ,牡,雑賀伸一,,ベーカバド,000a011dc0,センティーレ,2002100986,フジキセキ,1992109618,内田律子,村上牧場,184.5,2007.0,2002.0,1992.0
2018106337,メイショウトリプル,牡,瀬戸口悟,,リオンディーズ,2013105915,コルボノワール,2012101285,マンハッタンカフェ,1998101554,小橋亮太,辻牧場,184.4,2013.0,2012.0,1998.0
2018103835,ラズベリーラバー,牝,頼本盛行,,ガルボ,2007101163,アドリアーネ,2009101623,アグネスデジタル,1997110025,大黒富美子,サンコウ牧場,184.1,2007.0,2009.0,1997.0
2018200001,リオレイア,牝,那俄性哲,,アッミラーレ,1997100569,クーヨシン,2009200004,スターリングローズ,1997106560,深野塁,サンローゼン,184.0,1997.0,2009.0,1997.0
2018102864,ジョージバローズ,セ,及川良春,,ダイワメジャー,2001103114,カワカミプリンセス,2003107045,キングヘイロー,1995104427,吉田啓,三石川上牧場,184.0,2001.0,2003.0,1995.0
2018102706,ホナミウィンド,牝,水野貴史,,ディープブリランテ,2009105084,バーミスキャット,000a010b78,Storm Cat,000a001a98,泉俊二,土田農場,184.0,2009.0,2002.0,1983.0
2018101715,ロリポップ,牝,笹野博司,,オルフェーヴル,2008102636,クロスウォーターII,000a0117ce,Storm Cat,000a001a98,岡野和弘,須崎牧場,184.0,2008.0,2005.0,1983.0
2018105609,アレッタレジーナ,牝,小西重征,,ルーラーシップ,2007103143,クイーンオブナプレス,000a011a1a,シングスピール,1992190005,（有）上水牧場,上水牧場,183.9,2007.0,2005.0,1992.0
2018103448,ウエスタンプラチナ,牝,角田輝也,,ダンカーク,000a012185,ウエスタンベッラ,2008100923,ハーツクライ,2001103038,西川賢,ウエスタンファーム,183.9,2006.0,2008.0,2001.0
2018101464,エムエスゴールド,牝,竹下直人,,バトルプラン,000a0118e8,マサカーネ,2005104781,トワイニング,000a000006,森哲,石田牧場,183.7,2005.0,2005.0,1991.0
2018102249,パーシアン,牡,柏木一夫,,ダンカーク,000a012185,ヴァレンティーネ,2010106054,デュランダル,1999106756,岩渕瑞生,的場牧場,183.5,2006.0,2010.0,1999.0
2018103906,ケイティミシェル,牝,高橋優子,,ヴァンセンヌ,2009106525,クインズジュエリー,2013104519,ハービンジャー,000a011996,瀧本和義,曾我博,182.2,2009.0,2013.0,2006.0
2018103062,トーホウジョーカー,セ,原口次夫,,ロードカナロア,2008103552,リアルヴィーナス,2011103108,ネオユニヴァース,2000101426,藤居正樹,笠松牧場,181.6,2008.0,2011.0,2000.0
2018106415,イッツアメモリー,牝,庄子昭彦,,ローズキングダム,2007103404,ディアベビードール,2011105954,ファンタスティックライト,1996190005,酒井孝敏,南部功,181.0,2007.0,2011.0,1996.0
2018103030,ネフュージュニア,牡,土田稔,,ジャングルポケット,1998101786,グレイスカノン,1996110384,Turgeon,000a002034,大原詔宏,大原ファーム,181.0,1998.0,1996.0,1986.0
2018102029,ルコリエ,牝,鮫島一歩,,ハービンジャー,000a011996,アンドレルノートル,2003100640,サンデーサイレンス,000a00033a,ノースヒルズ,ノースヒルズ,181.0,2006.0,2003.0,1986.0
2018101491,アッシュゲイル,牝,鮫島克也,,ゼンノロブロイ,2000101517,スノードロップ,2010103247,クロフネ,1998110135,吉武章,大狩部牧場,181.0,2000.0,2010.0,1998.0
2018100889,ウルピカ,牡,牧田和弥,,ディープブリランテ,2009105084,アルウェット,2006102886,エンパイアメーカー,000a010542,畑佐博,浜本牧場,181.0,2009.0,2006.0,2000.0
2018100384,レアンカルナシオン,牡,国枝栄,,ディープインパクト,2002100816,オールウェイズウィリング,000a0117fd,Elusive Quality,000a00231f,ＤＭＭドリームクラブ,下河辺牧場,181.0,2002.0,2006.0,1993.0
2018106223,モズレンリンレイ,牡,今津博之,,グランプリボス,2008103388,ジュウニンノナカマ,2014100978,キングズベスト,000a0022d2,道地房男,多田善弘,180.9,2008.0,2014.0,1997.0
2018104326,オブリガーダミノル,牝,本田優,,ロードカナロア,2008103552,ダイワジェラート,2004103260,フジキセキ,1992109618,吉岡實,フジワラファーム,180.6,2008.0,2004.0,1992.0
2018104383,シルフミラージュ,牝,大島静夫,,コパノリチャード,2010106552,サクラミラージュ,2008100496,ブライアンズタイム,000a000082,矢部文子,へいはた牧場,180.5,2010.0,2008.0,1985.0
2018102430,ヒロヘヴン,牡,榎屋充,,リオンディーズ,2013105915,ナヴィガトリア,2004102810,クロフネ,1998110135,山本国広,飯岡牧場,180.5,2013.0,2004.0,1998.0
2018101500,ラシャトレーン,牝,斉藤正弘,,ベルシャザール,2008103004,マレンカヤ,2008104283,ファンタスティックライト,1996190005,加藤厚子,大狩部牧場,180.3,2008.0,2008.0,1996.0
2018101114,クリノグリゴロス,牡,東美義,,バトルプラン,000a0118e8,ロマンスリップ,2009102493,ネオユニヴァース,2000101426,（同）ＪＰＮ技研,三輪牧場,180.2,2005.0,2009.0,2000.0
2018102136,バールベック,牝,武藤敏明,,ダノンシャンティ,2007105709,シーギリヤガール,2010100565,スターリングローズ,1997106560,酒井孝敏,ビッグレッドファーム,180.1,2007.0,2010.0,1997.0
2018105584,シェナグリーン,牝,柘榴浩樹,,ナカヤマフェスタ,2006102424,ステップワイズ,2009103822,プリサイスエンド,000a00fe9b,冨田藤男,新井牧場,180.0,2006.0,2009.0,1997.0
2018105041,サヴァニャン,牝,藤原英昭,,ディープインパクト,2002100816,サマーハ,000a011dd3,シングスピール,1992190005,金子真人ホールディングス,ノーザンファーム,180.0,2002.0,2006.0,1992.0
2018104597,デルマヒジリ,牝,鹿戸雄一,,バゴ,2001190004,クリスティロマンス,2007102799,シンボリクリスエス,1999110099,浅沼廣幸,社台ファーム,180.0,2001.0,2007.0,1999.0
2018102070,ピエス,牡,渡辺薫彦,,トランセンド,2006104736,ルアシェイア,2004100683,フジキセキ,1992109618,ノースヒルズ,ノースヒルズ,180.0,2006.0,2004.0,1992.0
2018101879,ナヴァーレ,牡,酒井一則,,パドトロワ,2007102760,ナゾ,1998105579,スターマン,1991107851,森田一俊,中地康弘,180.0,2007.0,1998.0,1991.0
2018101088,レッジョエミリア,牝,千葉幸喜,,エイシンヒカリ,2011101273,プリンセスメーカー,2012106119,エンパイアメーカー,000a010542,小原準一郎,槇本牧場,180.0,2011.0,2012.0,2000.0
2018103043,ブリランティーナ,牝,沖田明子,,ディープブリランテ,2009105084,カワカミキラリン,2006103979,Vindication,000a010544,今井優,カケハムポニークラブ,179.9,2009.0,2006.0,2000.0
2018106063,テガタナ,牡,藤田正治,,フリオーソ,2004106867,ハヤブサマナポン,2013103359,スペシャルウィーク,1995103211,（株）さくらコーポレ,ガーベラパークスタッド,179.4,2004.0,2013.0,1995.0
2018110047,ディキシーデイズ,牡,井上哲,,Le Havre,000a01198f,Village Fete,000a014924,シングスピール,1992190005,伊藤力,Nafferty Stud,179.2,2006.0,2003.0,1992.0
2018106901,キョウエイゲイナー,牡,松浦裕之,,トーセンジョーダン,2006103169,システィンチャペル,2000104823,サンデーサイレンス,000a00033a,田中晴夫,三好牧場,179.0,2006.0,2000.0,1986.0
2018102652,シヴァタウ,牝,榎屋充,,バトルプラン,000a0118e8,レッドオランジュ,2012104177,ステイゴールド,1994108729,遠藤喜和,城地牧場,179.0,2005.0,2012.0,1994.0
2018100992,ムラサメマル,牡,室井真文,,リオンディーズ,2013105915,スターカットジェム,2006109159,フォーティナイナー,000a000134,（株）ファーストビジ,藤本ファーム,179.0,2013.0,2006.0,1985.0
2018104928,ウィズザベスト,セ,真島正徳,,モーリス,2011100655,ウィズザフロウ,2009106316,アグネスタキオン,1998101516,西村健,ノーザンファーム,178.4,2011.0,2009.0,1998.0
2018100754,ネロメルレット,牝,菅原欣也,,フェノーメノ,2009106599,シリウストウショウ,2004104742,スペシャルウィーク,1995103211,大黒富美子,ディアレストクラブ,178.2,2009.0,2004.0,1995.0
2018104232,レインボーバベル,牝,石井勝男,,ベルシャザール,2008103004,シルクマイホーム,2006101428,ストーミングホーム,1998190003,飯田総一郎,畠山牧場,178.0,2008.0,2006.0,1998.0
2018100516,ロミオマストダイ,牡,米谷康秀,,アッミラーレ,1997100569,パヒューメリー,000a010ceb,Dubai Millennium,000a0022d1,（有）新生ファーム,新生ファーム,178.0,1997.0,2002.0,1996.0
2018109153,カシノネメシス,牝,古賀光範,,スクワートルスクワート,000a000da4,カシノエスケイプ,2003103517,スズカストリート,1992110102,柏木務,柏木務,177.2,1998.0,2003.0,1992.0
2018101200,ピースワンスパーダ,牡,小西重征,,ベルシャザール,2008103004,ペロチャン,2012106329,サクラプレジデント,2000102261,長谷川成利,門別山際牧場,176.9,2008.0,2012.0,2000.0
2018101027,フロイントシャフト,牡,桜田浩樹,,トゥザワールド,2011103975,サンメンフィス,2011106482,マイネルセレクト,1999107196,吉岡廣樹,豊洋牧場,176.9,2011.0,2011.0,1999.0
2018101234,チュウワヴィグラス,牡,加藤幸保,,ローズキングダム,2007103404,チュウワベイビー,2011106508,サウスヴィグラス,1996110138,中西忍,若林順一,176.7,2007.0,2011.0,1996.0
2018101161,オーサムデイ,牝,雑賀伸一,,クリエイターII,000a013630,オーパスクイーン,2007105507,スペシャルウィーク,1995103211,川添裕起,ヤナガワ牧場,176.5,2013.0,2007.0,1995.0
2018101334,スペースレオーネ,牡,井樋一也,,ディスクリートキャット,000a0113a1,リラコルレオーネ,2004106086,アドマイヤベガ,1996107396,小橋亮太,二風谷ファーム,176.2,2003.0,2004.0,1996.0
2018106688,ミュリールベッルム,牝,矢野義幸,,ゴールドヘイロー,1997101264,ルナマリア,2005101807,ジェイドロバリー,000a0001a7,（株）Ｎｉｃｋｓ,清水誠一,176.0,1997.0,2005.0,1987.0
2018103897,キャッスルベル,牝,桜田浩樹,,パドトロワ,2007102760,シルクパサージュ,2006104589,マイネルラヴ,1995108558,城市公,城市公,176.0,2007.0,2006.0,1995.0
2018102182,コスモリカバリー,牡,加藤誠一,,ゴールドシップ,2009102739,ラヴリードリーム,2006101614,マイネルラヴ,1995108558,山本将司,ビッグレッドファーム,176.0,2009.0,2006.0,1995.0
2018102197,ゴールドポジション,牡,小村正也,,エイシンフラッシュ,2007102951,ゴールドタイリン,2011105263,ネオユニヴァース,2000101426,（株）ＴＫＫ,北勝ファーム,175.9,2007.0,2011.0,2000.0
2018100118,ファストブレイク,牝,西村守幸,,ディスクリートキャット,000a0113a1,ジョウノマドンナ,2006105451,ダンスインザダーク,1993109188,（株）ファーストビジ,ヴェルサイユファーム,175.5,2003.0,2006.0,1993.0
2018103800,レジーナレッド,牝,平田正一,,アンライバルド,2006103308,ノーズトウショウ,2008100648,ブラックホーク,1994109361,永山勝敏,坂本春雄,175.4,2006.0,2008.0,1994.0
2018106255,サノノイーグル,牡,蛯名雄太,,パイロ,000a01176a,ニシノマザーアース,2007102501,ブライアンズタイム,000a000082,（株）ファーストビジ,谷川牧場,174.8,2005.0,2007.0,1985.0
2018106108,ムーンライトベガ,牝,後藤佑耶,,フェノーメノ,2009106599,ムーンライトペスカ,2007101426,キングカメハメハ,2001103460,山科統,杵臼牧場,174.8,2009.0,2007.0,2001.0
2018102012,ヤマニンオドラント,牝,川島雅人,,ジャスタウェイ,2009106461,ヤマニンカルフール,2000105064,エリシオ,1993190001,土井久美子,錦岡牧場,174.8,2009.0,2000.0,1993.0
2018106133,ジャスミンシャワー,牝,榎屋充,,ケープブランコ,000a011b06,アニムス,2011104362,ゴールドアリュール,1999106689,川崎賢二,グランデファーム,174.6,2007.0,2011.0,1999.0
2018105458,ドゥカーレ,牡,鮫島克也,,キングカメハメハ,2001103460,レイヌドネージュ,2010104515,フジキセキ,1992109618,成富直行,追分ファーム,174.6,2001.0,2010.0,1992.0
2018103252,アイノエスポワール,牡,佐藤雅彦,,エスポワールシチー,2005102837,オリーブ,2009101198,スキャン,000a000d69,會田浩史,東栄牧場,174.4,2005.0,2009.0,1988.0
2018103245,ナイトライダー,牡,原口次夫,,トゥザグローリー,2007103265,チーフザムーン,2009100518,チーフベアハート,1993190010,加藤千豊,高松牧場,174.4,2007.0,2009.0,1993.0
2018103217,マントゥノン,牝,佐藤雅彦,,ヴァンセンヌ,2009106525,エイシンバーサス,2012102443,ファルブラヴ,1998190004,志村鑑彦,大北牧場,174.4,2009.0,2012.0,1998.0
2018105758,ラブリートキメキ,牝,山田義人,,ラブリーデイ,2010104298,ユメノトキメキ,2007101582,マーベラスサンデー,1992103687,成富直行,登別上水牧場,173.7,2010.0,2007.0,1992.0
2018106212,キクノリノ,牝,川西毅,,ブラックタイド,2001103312,キクノハヤブサ,2003102231,サクラバクシンオー,1989108341,菊池五郎,高村牧場,173.6,2001.0,2003.0,1989.0
2018102550,ルナエマーブル,牝,斉藤正弘,,ディープスカイ,2005101358,アースエマーブル,2009101509,キングヘイロー,1995104427,仲尾正人,グローリーファーム,173.6,2005.0,2009.0,1995.0
2018104539,ヴィヴァアンヌ,牝,斎藤雄一,,マジェスティックウォリアー,000a011e9c,ヴィヴァチッシモ,2004103252,サクラバクシンオー,1989108341,浦野和由,社台ファーム,173.5,2005.0,2004.0,1989.0
2018103310,ララヴァシュラン,牡,尾原強,,モーリス,2011100655,オールブランニュー,2006100570,ノボジャック,1997110152,（株）ＴＫＫ,ヒダカファーム,173.4,2011.0,2006.0,1997.0
2018101872,サンペンサコーラ,牡,宮路洋一,,ホッコータルマエ,2009100921,ユアライフスタイル,1999106847,ティンバーカントリー,000a00035e,小橋亮太,土井牧場,173.3,2009.0,1999.0,1992.0
2018102872,リアルディール,牡,原口次夫,,シビルウォー,2005102317,プリンセスティアラ,2007103923,スキャン,000a000d69,水谷光太郎,三石川上牧場,172.9,2005.0,2007.0,1988.0
2018106026,タカイチイチロウ,牡,米川昇,,ドゥラメンテ,2012104511,ハナズゴール,2009106872,オレハマッテルゼ,2000101550,高橋一郎,カナイシスタッド,172.7,2012.0,2009.0,2000.0
2018104329,ベッペ,牝,川添明弘,,リオンディーズ,2013105915,ダークマレイン,2009110071,サブミーカー,2005102676,インターフェース（同,フジワラファーム,172.5,2013.0,2009.0,2005.0
2018103842,スターシャイニーズ,牡,平和人,,ストロングリターン,2006102934,サカノエンジェル,2001104015,リンドシェーバー,1988107894,杉浦和也,静内酒井牧場,172.5,2006.0,2001.0,1988.0
2018103427,タイムボーイ,牡,鈴木義久,,ペルーサ,2007102705,サイマルタシュ,2002100586,Behrens,000a002306,安喰武雄,荒谷輝和,171.0,2007.0,2002.0,1994.0
2018101282,ゴールドロンジ,牡,岩本洋,,ミッキーアイル,2011103916,レディマールボロ,000a011506,Smoke Glacken,000a00222c,（同）クイック・ホー,北島牧場,171.0,2011.0,2004.0,1994.0
2018100103,マイネルニルソン,牡,後藤佑耶,,ラブリーデイ,2010104298,エメラルコヨーテ,2010102123,ネオユニヴァース,2000101426,楊明翰,ＷｉｎｇＦａｒｍ,170.9,2010.0,2010.0,2000.0
2018110143,カフェディアブロ,牡,酒井仁,,Uncle Mo,000a011ffb,Auction,000a0188b4,Mr. Greeley,000a00213e,西川光一,Camas Park Stud,170.7,2008.0,2010.0,1992.0
2018101473,アクアカレイド,牝,栗本陽一,,ベーカバド,000a011dc0,フジドリーム,2009104467,オペラハウス,000a000d77,三峰誠植,イワミ牧場,170.6,2007.0,2009.0,1988.0
2018104147,クリノキコウシ,牡,平松徳彦,,ルーラーシップ,2007103143,シャイナムスメ,2004104779,ブライアンズタイム,000a000082,栗本守,飛野牧場,170.5,2007.0,2004.0,1985.0
2018105672,トーセンミシェル,牝,石川浩文,,トーセンラー,2008102985,トーセンプリモ,2009103040,ストラヴィンスキー,000a00fa41,（同）ＪＰＮ技研,エスティファーム,170.3,2008.0,2009.0,1996.0
2018102266,ノブリーデイ,牡,室井真文,,ラブリーデイ,2010104298,ウインラシェーナ,1999106859,バブルガムフェロー,1993109219,（株）ファーストビジ,村上欽哉,170.3,2010.0,1999.0,1993.0
2018103695,ディキシー,牝,雑賀伸一,,ロードカナロア,2008103552,バーバラ,2009103471,ディープインパクト,2002100816,（有）キヨタケ牧場,キヨタケ牧場,170.0,2008.0,2009.0,2002.0
2018101104,レジスタントスター,牡,須田和伸,,ストロングリターン,2006102934,ファーマクリーム,2008106177,スニッツェル,000a010eaa,中西功,増尾牧場,170.0,2006.0,2008.0,2002.0
2018100362,マルメゾン,牝,伊藤滋規,,ホッコータルマエ,2009100921,サンレイジェム,2010102545,スズカマンボ,2001103890,杉浦和也,シグラップファーム,170.0,2009.0,2010.0,2001.0
2018104066,ケイティローズ,牝,高橋優子,,ディープブリランテ,2009105084,サトノサクラ,2007100523,シンボリクリスエス,1999110099,瀧本和義,千代田牧場,169.5,2009.0,2007.0,1999.0
2018103226,ゼンダンラット,牡,山田徹,,タイムパラドックス,1998101683,ハートランドスノー,2009101172,スペシャルウィーク,1995103211,渡邊善男,大北牧場,169.4,1998.0,2009.0,1995.0
2018105868,シオリ,牝,上杉昌宏,,トゥザグローリー,2007103265,クイーンズティアラ,2013103223,ホワイトマズル,1990109700,片岡純也,鵜木唯義,169.0,2007.0,2013.0,1990.0
2018104443,ブリリアントマイア,牝,手島勝利,,リオンディーズ,2013105915,カツラドライバー,1998101801,ニホンピロウイナー,1980106362,鈴木芳夫,松田牧場,168.8,2013.0,1998.0,1980.0
2018102455,トーホウノーヴァ,牡,原口次夫,,トーホウジャッカル,2011100482,ネバーエンディング,2002100784,エンドスウィープ,000a00010f,（有）Ｍ’ｓ,小河豊水,168.6,2011.0,2002.0,1991.0
2018100857,クリノハーベスト,牡,榎屋充,,ケイムホーム,000a0108d1,ドナメジャー,2009102846,ダイワメジャー,2001103114,杉本剛彦,日西牧場,168.6,1999.0,2009.0,2001.0
2018106484,ハートフルワールド,牝,西川進也,,ジャスタウェイ,2009106461,サンフラワーガール,2000104233,タイキシャトル,1994109686,西浦和男,丸幸小林牧場,168.5,2009.0,2000.0,1994.0
2018106134,ヒューリット,牝,吉田司,,ディスクリートキャット,000a0113a1,ウィアーワン,2011105948,アドマイヤジャパン,2002102324,古川忠一,グランデファーム,168.5,2003.0,2011.0,2002.0
2018102714,ハイドアンドシーク,牡,山中尊徳,,エピファネイア,2010104155,アンジュエ,2010105828,アグネスタキオン,1998101516,前田幸治,土居牧場,168.5,2010.0,2010.0,1998.0
2018101968,ドンマノア,牡,笹野博司,,キンシャサノキセキ,2003110212,フレイミングスカイII,000a0116cb,Red Ransom,000a001c68,西村健,新冠タガノファーム,168.4,2003.0,2005.0,1987.0
2018106393,サンライズヘリオス,牡,大島静夫,,ダイワメジャー,2001103114,メルヴェイユーズ,2003103971,エルコンドルパサー,1995108742,北原大史,富田牧場,168.0,2001.0,2003.0,1995.0
2018105598,トラストテンシン,牝,吉橋淳一,,アジアエクスプレス,2011110091,ララサンタフェーズ,2011102231,スペシャルウィーク,1995103211,菅波雅巳,市川牧場,168.0,2011.0,2011.0,1995.0
2018103980,マエストリーナ,牝,三小田幸,,ワールドエース,2009106353,ラッシュストーム,2013100960,ザール,000a010990,平本敏夫,武牧場,168.0,2009.0,2013.0,1995.0
2018103325,ララショコラ,牝,碇清次郎,,ロジユニヴァース,2006103140,ベツァオバーン,2012104885,タニノギムレット,1999100226,藤井亮輔,ヒダカファーム,168.0,2006.0,2012.0,1999.0
2018103403,イッソセレナーデ,牝,中川雅之,,ノヴェリスト,000a012230,シードパール,2012106134,ディープインパクト,2002100816,山田壮一郎,吉田ファーム,167.9,2009.0,2012.0,2002.0
2018103016,シゲルシンジン,牝,鈴木義久,,プリサイスエンド,000a00fe9b,ヨシサプライズ,2005106230,フサイチコンコルド,1993109220,森中蕃,王蔵牧場,167.6,1997.0,2005.0,1993.0
2018101275,ピースフルプライド,牡,河津裕昭,,ミッキーアイル,2011103916,ウインパレード,2006106240,アグネスデジタル,1997110025,北嶋義三,北島牧場,167.5,2011.0,2006.0,1997.0
2018102913,ブラックジーン,牡,中野博,,ブラックタイド,2001103312,モンピュア,2006110033,モンジュー,1996190001,中丸清正,明治牧場,166.8,2001.0,2006.0,1996.0
2018104784,ビブラマリエ,牝,宇都英樹,,ジャスタウェイ,2009106461,ホワイトローズII,000a01387a,Tapit,000a011248,福岡隆史,社台ファーム,166.2,2009.0,2010.0,2001.0
2018103482,シルバーファーン,牡,関本浩司,,ダンカーク,000a012185,エレガンテココ,2008103603,ブラックホーク,1994109361,小橋亮太,岡田スタッド,166.1,2006.0,2008.0,1994.0
2018200002,ラピッドリーベルン,牝,胡本友晴,,アポロソニック,2010110120,ラピッドリーラン,2000500254,カヅミネオン,1986501963,（株）アネモネ,サンローゼン,166.0,2010.0,2000.0,1986.0
2018103844,グレイティーズ,牝,山中尊徳,,メイショウボーラー,2001100650,ブーケパルフェ,2008100545,アフリート,000a000013,立山伸二,静内酒井牧場,166.0,2001.0,2008.0,1984.0
2018100147,ヒアユーアー,牝,斉藤正弘,,キングズベスト,000a0022d2,ツクシヒメ,2006105373,カコイーシーズ,1986109001,伊坂重憲,沖田牧場,165.8,1997.0,2006.0,1986.0
2018103251,セイエイスコープ,牝,箕輪武,,ヘニーハウンド,2008110097,ロングアンドリーン,2011102268,シンボリクリスエス,1999110099,星野英夫,ダイヤモンドファーム,165.5,2008.0,2011.0,1999.0
2018100981,デルマコウモク,牡,金田一昌,,タートルボウル,000a012045,メロディアス,2010103883,ゴールドアリュール,1999106689,浅沼廣幸,ファニーヒルファーム,165.3,2002.0,2010.0,1999.0
2018102317,ハタノガレナ,牡,古賀史生,,スウェプトオーヴァーボード,000a00fa34,マチカネアオイ,2003102999,サンデーサイレンス,000a00033a,畑末廣郎,村上進治,165.0,1997.0,2003.0,1986.0
2018103413,カツゲキニンニン,牡,広森久雄,,グラスワンダー,1995108676,カツゲキグロリア,2012100348,サムライハート,2002100996,野々垣陽介,朝野勝洋,164.8,1995.0,2012.0,2002.0
2018104967,ゴランディ,セ,迫田清美,,ルーラーシップ,2007103143,エルゴレア,2011103857,ゼンノロブロイ,2000101517,蟹江知彦,ノーザンファーム,164.0,2007.0,2011.0,2000.0
2018100335,テッサリア,牝,松平幸秀,,ストロングリターン,2006102934,コンテッサ,2011100272,ブライアンズタイム,000a000082,組）西野畜産組合,サンシャイン牧場,164.0,2006.0,2011.0,1985.0
2018100030,シゲルジョウム,牝,九日俊光,,エピファネイア,2010104155,マヤノロシュニ,2006104486,マンハッタンカフェ,1998101554,森中蕃,天羽牧場,164.0,2010.0,2006.0,1998.0
2018105635,トーセンイザベル,牝,井樋明正,,トーセンファントム,2007102870,クルーズライナー,000a0139a2,Wild Event,000a0136c5,大黒富美子,エスティファーム,163.5,2007.0,2011.0,1993.0
2018106714,シルバーセイント,牝,柳井宏之,,コパノリチャード,2010106552,セイントプラチナ,2005101204,クロフネ,1998110135,津村達矢,林時春,163.1,2010.0,2005.0,1998.0
2018101338,ミッツヒメ,牝,大塚信次,,トーセンホマレボシ,2009106092,フラワータッチ,2009102059,バブルガムフェロー,1993109219,大黒富美子,原田新治,162.0,2009.0,2009.0,1993.0
2018100825,ナムラロクロー,牡,高橋俊之,,グランデッツァ,2009105989,ラクテウスオルビス,2010100810,ホワイトマズル,1990109700,前田敏文,ナカノファーム,161.9,2009.0,2010.0,1990.0
2018105965,エイシンディアデム,牝,柳沢好美,,ディープインパクト,2002100816,キャントンガール,2002110172,Storm Boot,000a002053,成富直行,栄進牧場,161.8,2002.0,2002.0,1989.0
2018104946,ドリームオン,牡,的場均,,キズナ,2010105827,ヴィリエルバクル,2011110051,Sea The Stars,000a011c78,長谷川守正,ノーザンファーム,161.6,2010.0,2011.0,2006.0
2018103068,イワズ,牡,井樋一也,,キズナ,2010105827,ジツリキオーシャン,2011103112,キングヘイロー,1995104427,宮崎豊治,上山牧場,161.6,2010.0,2011.0,1995.0
2018101813,ボディダブル,牡,井樋一也,,エイシンフラッシュ,2007102951,ホットランナー,2011104418,ダイワメジャー,2001103114,阿部武士,大作ステーブル,161.6,2007.0,2011.0,2001.0
2018103943,キャッチミー,牝,矢野久美,,ロードカナロア,2008103552,マッキーマイハート,2005103719,アグネスタキオン,1998101516,小橋亮太,高橋修,161.5,2008.0,2005.0,1998.0
2018105463,メルカデオ,牡,柳井宏之,,ディープインパクト,2002100816,ワッツダチャンセズ,000a012f0c,Diamond Green,000a012e7a,高橋清彦,追分ファーム,161.2,2002.0,2010.0,2001.0
2018100117,ドバイウィンド,牡,桜田康二,,ナカヤマフェスタ,2006102424,ジョウノアドバンス,2012101292,ファルブラヴ,1998190004,日下幸徳,ヴェルサイユファーム,161.2,2006.0,2012.0,1998.0
2018110071,デイトンテソーロ,牝,栗田徹,,Violence,000a013951,Chelan Echo,000a014a4c,Lion Heart,000a010ee2,了徳寺健二ホールディングス,Woods Edge Farm LLC,161.0,2010.0,2009.0,2001.0
2018106810,レナーナ,牝,手塚貴久,,スクリーンヒーロー,2004103328,ナンシーフロムナイロビ,000a013926,シックスティーズアイコン,2003190006,フクキタル,パカパカファーム,161.0,2004.0,2011.0,2003.0
2018105177,アンシャンテ,牝,寺島良,,エピファネイア,2010104155,ハートフルデイズ,2011103848,キングカメハメハ,2001103460,近藤英子,ノーザンファーム,161.0,2010.0,2011.0,2001.0
2018100432,ヴィスナー,牝,川西毅,,エイシンフラッシュ,2007102951,プラチナジュエリー,2011100331,ディープインパクト,2002100816,西浩明,下河辺牧場,161.0,2007.0,2011.0,2002.0
2018100036,トゥーマイフォー,牡,斎藤誠,,ヴィクトワールピサ,2007102923,エーソングフォー,2005110174,More Than Ready,000a00fcdd,小田吉男,天羽禮治,161.0,2007.0,2005.0,1997.0
2018106021,リカバリーショット,牡,植松則幸,,ダンカーク,000a012185,シャープナー,2008106681,スニッツェル,000a010eaa,伊藤雅康,カナイシスタッド,161.0,2006.0,2008.0,2002.0
2018101843,スターリングラン,牡,真島元徳,,スターリングローズ,1997106560,ラストミニッツ,2012104041,ネオユニヴァース,2000101426,（同）ランニング・ク,ＴＫファーム,160.7,1997.0,2012.0,2000.0
2018101013,カシノバリサイト,牡,山下定文,,フェノーメノ,2009106599,クロニカ,2000106791,Broad Brush,000a001e93,柏木務,宝寄山拓樹,160.4,2009.0,2000.0,1983.0
2018100404,ルージュサンライズ,牝,川田孝好,,Tapizar,000a0123f3,スキーホリデー,000a013675,Harlan's Holiday,000a010cdf,松岡隆雄,下河辺牧場,160.4,2008.0,2009.0,1999.0
2018100973,デルマラカン,牡,金田一昌,,ストロングリターン,2006102934,デルマキャッツアイ,2011104214,ゴールドアリュール,1999106689,浅沼廣幸,ファニーヒルファーム,160.2,2006.0,2011.0,1999.0
2018106882,スズムネ,牡,渋谷信博,,トゥザグローリー,2007103265,マルクナッテ,2011101288,ローエングリン,1999106738,組）咲愛翔組合,築紫洋,160.0,2007.0,2011.0,1999.0
2018106721,クランツリート,牡,鈴木正也,,ラブリーデイ,2010104298,アットリーチェノバ,2013105094,ネオユニヴァース,2000101426,岩崎僖澄,山本和彦,160.0,2010.0,2013.0,2000.0
2018106695,ドンピシャ,牝,阪本一栄,,ロードアルティマ,2000110026,モンタナ,2005101218,マンハッタンカフェ,1998101554,山田祐三,高村伸一,160.0,2000.0,2005.0,1998.0
2018101244,オジョウハルハナ,牝,山田質,,アロマカフェ,2007104812,コスモウィロー,2009110023,Cherokee Run,000a00214a,宇都宮智治,赤石牧場,160.0,2007.0,2009.0,1990.0
2018100677,ルーマーミル,セ,山田徹,,ブラックタイド,2001103312,チェリーミルズ,2010100689,Invincible Spirit,000a01056d,松本政利,ダーレー・ジャパン・ファーム,160.0,2001.0,2010.0,1997.0
2018100336,マリレーヌ,牝,林隆之,,フィガロ,1995108837,シュベリーン,2006105434,マンハッタンカフェ,1998101554,伊達泰明,サンシャイン牧場,160.0,1995.0,2006.0,1998.0
2018100307,ハイジファミリー,牝,三坂盛雄,,トランセンド,2006104736,リードハイシ,2005103003,スターオブコジーン,1988109108,荷口優,小西ファーム,160.0,2006.0,2005.0,1988.0
2018106271,ライムストーン,牝,塚田隆男,,ヴィクトワールピサ,2007102923,ラヴクレージー,2011105921,ゼンノロブロイ,2000101517,橋元勇氣,谷川牧場,159.0,2007.0,2011.0,2000.0
2018106676,ペイシャウイニング,牝,畠山信一,,フリオーソ,2004106867,ウイニングティアラ,2008101389,マーベラスサンデー,1992103687,北所拓也,清水スタッド,158.9,2004.0,2008.0,1992.0
2018102495,ベルウッドアリイ,牡,加藤和義,,ローエングリン,1999106738,プリンセスゴールド,2002100724,サンデーサイレンス,000a00033a,福岡隆史,折手牧場,158.9,1999.0,2002.0,1986.0
2018103333,ネクストドリーム,牝,南弘樹,,ホッコータルマエ,2009100921,プレシャスペスカ,2009101306,フジキセキ,1992109618,山本国広,フクオカファーム,158.7,2009.0,2009.0,1992.0
2018100704,フカイ,牡,栗本陽一,,ドゥラメンテ,2012104511,クイーンギムレット,2009102698,タニノギムレット,1999100226,小林伸幸,千葉飯田牧場,158.6,2012.0,2009.0,1999.0
2018102335,ロイヤルウィーブ,牡,桜田康二,,パドトロワ,2007102760,デザイナー,2013102068,スウィフトカレント,2001103189,兼松康太,村上牧場,158.5,2007.0,2013.0,2001.0
2018101655,ベルニアイニキテ,牝,西山裕貴,,エイシンヒカリ,2011101273,ゴーバンズ,2006104190,フレンチデピュティ,000a00013a,子安裕樹,五丸農場,158.5,2011.0,2006.0,1992.0
2018106421,フルオブハピネス,牝,千葉津代,,マクフィ,000a011c77,シードオブハピネス,2011103850,ゼンノロブロイ,2000101517,日進牧場,日進牧場,158.0,2007.0,2011.0,2000.0
2018101915,ジャストビフォー,牡,室井真文,,トーセンジョーダン,2006103169,ヒシシンエイ,2001101622,スペシャルウィーク,1995103211,（株）ファーストビジ,中山高鹿康,157.9,2006.0,2001.0,1995.0
2018101400,ヤマノウォー,牡,南弘樹,,シビルウォー,2005102317,ケイアイリード,2005104768,フォーティナイナー,000a000134,山口明彦,山口明彦,157.9,2005.0,2005.0,1985.0
2018101726,フィロクセニア,牡,山口益巳,,トゥザグローリー,2007103265,エアロバティックス,2004100391,マヤノトップガン,1992102988,谷謙介,スピードファーム,157.6,2007.0,2004.0,1992.0
2018101574,ウヒョウノヒビキ,牝,伊藤和忍,,リアルインパクト,2008103244,キュートシルフ,2006104318,キングヘイロー,1995104427,矢野琢也,協和牧場,157.5,2008.0,2006.0,1995.0
2018106661,テーオーハーバード,牡,金田一昌,,ロードカナロア,2008103552,エアイゾルテ,1997107241,ノーザンテースト,000a000258,（同）ランニング・ク,猿倉牧場,157.1,2008.0,1997.0,1971.0
2018102771,ゴールドスペンサー,牡,吉田正美,,パドトロワ,2007102760,セイクリッドフレイム,000a011528,Rahy,000a001c5e,厚澤保明,平野牧場,157.0,2007.0,2005.0,1985.0
2018101501,フレンドショット,牝,稲益貴弘,,トゥザワールド,2011103975,モリヤッコ,2009102987,アジュディケーティング,000a000d5d,横尾晴人,大狩部牧場,157.0,2011.0,2009.0,1987.0
2018104573,オーラルーチェ,牝,北野真弘,,タイムパラドックス,1998101683,オーラレガーレ,2008102816,マンハッタンカフェ,1998101554,眞田誠之,社台ファーム,156.5,1998.0,2008.0,1998.0
2018103397,キタノインスパイア,牝,平山宏秀,,アジアエクスプレス,2011110091,ハギノオマージュ,2000107270,サンデーサイレンス,000a00033a,北所拓也,山田牧場,156.2,2011.0,2000.0,1986.0
2018103500,アレヴィクトワール,牝,倉地学,,ヴィクトワールピサ,2007102923,ジェルヴェーズ,2012104251,メイショウサムソン,2003102205,（株）ＭＲ,岡田スタッド,156.0,2007.0,2012.0,2003.0
2018101648,オトメノコ,牝,市村誠,,ダノンレジェンド,2010110102,コイスルオトメ,2009100606,グラスワンダー,1995108676,和氣竜彦,今野活博,156.0,2010.0,2009.0,1995.0
2018109104,マスカレード,牝,伊藤勝好,,スピルバーグ,2009105961,ハリウッドセレブ,2011104442,ジャングルポケット,1998101786,（有）ホースケア,恵比寿興業株式会社那須野牧場,155.9,2009.0,2011.0,1998.0
2018106384,ノボリレイナ,牝,瀬戸口悟,,ルーラーシップ,2007103143,ノボリレジェンド,2011104454,ディープインパクト,2002100816,近藤正人,富田牧場,155.8,2007.0,2011.0,2002.0
2018103628,ボーイユーグッド,牡,佐藤博紀,,モンテロッソ,000a011b05,スカーレットミカ,2002100878,アドマイヤベガ,1996107396,桧森高史,小倉光博,155.5,2007.0,2002.0,1996.0
2018106626,ボニート,牝,九日俊光,,ダンカーク,000a012185,スマートウェーブ,2006103056,ネオユニヴァース,2000101426,野口幸八,山口義彦,155.4,2006.0,2006.0,2000.0
2018104038,モンテモナコ,牝,古賀光範,,モンテロッソ,000a011b05,チェリースマイル,2012103172,サクラバクシンオー,1989108341,西村新一郎,田原橋本牧場,155.4,2007.0,2012.0,1989.0
2018103502,カシノマイスター,牡,古賀光範,,ローエングリン,1999106738,ステイトリーデイズ,2004103201,スペシャルウィーク,1995103211,柏木務,岡田スタッド,155.4,1999.0,2004.0,1995.0
2018104006,シャドーボール,牡,千葉博次,,ローエングリン,1999106738,サクラカスケード,2005100445,マンハッタンカフェ,1998101554,下川欣一,谷岡スタット,155.3,1999.0,2005.0,1998.0
2018106094,ラルカナタ,牝,桧森邦夫,,ハービンジャー,000a011996,タケショウナデシコ,2010104758,スペシャルウィーク,1995103211,田中純一,杵臼牧場,154.6,2006.0,2010.0,1995.0
2018105560,シャイニーレーン,牝,鮫島克也,,ディープブリランテ,2009105084,メモリーレーン,2011103618,ダイワメジャー,2001103114,成富直行,社台コーポレーション白老ファーム,154.6,2009.0,2011.0,2001.0
2018101926,マキノファミリー,牝,工藤伸輔,,トゥザワールド,2011103975,マキノチーフ,2003104000,チーフベアハート,1993190010,濱野牧男,長浜秀昭,154.5,2011.0,2003.0,1993.0
2018100904,ヨシケンローズ,牝,大石省三,,トーセンジョーダン,2006103169,ギンマク,2007104495,スペシャルウィーク,1995103211,組）オールザベスト組,浜本幸雄,154.5,2006.0,2007.0,1995.0
2018101118,ジーハーモニー,牝,鋤田誠二,,グランプリボス,2008103388,ジーニアスドール,2012104820,ゼンノロブロイ,2000101517,川添裕起,目黒牧場,154.3,2008.0,2012.0,2000.0
2018105859,メイショウハマユウ,牝,飯田祐史,,ハービンジャー,000a011996,メイショウスコール,2005100644,メイショウオウドウ,1995101767,松本好雄,磯野牧場,154.0,2006.0,2005.0,1995.0
2018103743,メモリーズ,牝,橋田満,,ディープインパクト,2002100816,フレンチリヴィエラ,000a00ff55,フレンチデピュティ,000a00013a,グランド牧場,グランド牧場,154.0,2002.0,1999.0,1992.0
2018102597,オンデューティ,牡,林幻,,ロードカナロア,2008103552,ブリュネット,2010101350,ダイワメジャー,2001103114,中村祐子,ケイアイファーム,154.0,2008.0,2010.0,2001.0
2018101256,スズカエアベル,牡,高橋義忠,,ディスクリートキャット,000a0113a1,エアベルヘザー,2007110077,エンパイアメーカー,000a010542,永井啓弍,稲原牧場,154.0,2003.0,2007.0,2000.0
2018102542,カガノワール,牝,三野宮通,,キンシャサノキセキ,2003110212,ケルティックハープ,2004102741,クロフネ,1998110135,熊谷孝也,木下牧場,153.9,2003.0,2004.0,1998.0
2018102147,ターンバック,牝,東美義,,ゴールドシップ,2009102739,マイネアクティース,1998106983,タマモクロス,1984101673,（同）ＪＰＮ技研,ビッグレッドファーム,153.9,2009.0,1998.0,1984.0
2018104154,ダイシンビルギニス,牡,森澤友貴,,パイロ,000a01176a,フロイラインシチー,2012103282,フレンチデピュティ,000a00013a,大八木秀子,飛野牧場,153.5,2005.0,2012.0,1992.0
2018103986,ハヤブサビッグバン,牡,雑賀伸一,,ヴィクトワールピサ,2007102923,ジャストジョーイ,2009105905,クロフネ,1998110135,武田修,田中裕之,153.5,2007.0,2009.0,1998.0
2018101314,ジェーマリン,牝,村上昌幸,,タニノギムレット,1999100226,キスミーソフトリー,2010100076,スウェプトオーヴァーボード,000a00fa34,大黒富美子,中田牧場,153.0,1999.0,2010.0,1997.0
2018103550,ルムロン,牝,雑賀正光,,ホッコータルマエ,2009100921,ボンジュールメロン,2007102770,サクラバクシンオー,1989108341,中野幸一,岡田スタッド,152.5,2009.0,2007.0,1989.0
2018105936,エイシンチッタ,牝,酒井一則,,エイシンフラッシュ,2007102951,エーシンウェンディ,2010102342,ネオユニヴァース,2000101426,（同）ランニング・ク,栄進牧場,152.0,2007.0,2010.0,2000.0
2018105893,エスティエレガント,牝,阿井正雄,,ザサンデーフサイチ,2004102855,レイナワルツ,2000103611,ブラックタイアフェアー,000a00006e,（株）ＩＴＦ,浦河日成牧場,152.0,2004.0,2000.0,1986.0
2018106885,ワイオミアロール,牝,笹野博司,,タートルボウル,000a012045,ノアビジン,2013102878,ブラックタイド,2001103312,（株）ＭＲ,赤田牧場,151.7,2002.0,2013.0,2001.0
2018103643,オーゴンキング,牡,谷口常信,,ローズキングダム,2007103404,シーキングトパーズ,2009102702,シーキングザダイヤ,2001110220,大野春男,鹿嶋牧場,151.4,2007.0,2009.0,2001.0
2018102739,バゴノパワー,牝,山田義人,,バゴ,2001190004,レインズオブパワー,2006102316,サクラバクシンオー,1989108341,成富直行,ニシケンファーム,151.4,2001.0,2006.0,1989.0
2018101233,テイエムマルタン,牡,竹之下昭,,サウスヴィグラス,1996110138,シーブルー,2006104954,マンハッタンカフェ,1998101554,竹園正繼,若林順一,151.3,1996.0,2006.0,1998.0
2018109132,カフェテオドーラ,牝,菅原欣也,,アロマカフェ,2007104812,シンコールビー,2000103431,サクラローレル,1991103498,橋本義次,本田土寿,151.1,2007.0,2000.0,1991.0
2018106019,ケイツーフォリント,牡,武藤敏明,,バゴ,2001190004,メイショウアゲハ,1999101773,クリエイター,000a000d55,酒井孝敏,帰山清貴,151.0,2001.0,1999.0,1986.0
2018101387,シャークレッベル,牝,野口寛仁,,ディスクリートキャット,000a0113a1,シャークファング,2011101583,パイロ,000a01176a,鮫島明洋,船越伸也,151.0,2003.0,2011.0,2005.0
2018101416,ロックヒル,牝,坂口義幸,,ノーザンリバー,2008103212,プラネットビーナス,2005106790,タイキシャトル,1994109686,小林克己,浅川牧場,150.8,2008.0,2005.0,1994.0
2018105848,メイショウトマリギ,牡,伊藤強一,,マジェスティックウォリアー,000a011e9c,メイショウカエデ,2010101176,ダイワメジャー,2001103114,川上和彦,赤田牧場,150.6,2005.0,2010.0,2001.0
2018106746,クロズ,牝,尾原強,,ハタノヴァンクール,2009102350,クロスファイヤー,2009104360,カリズマティック,000a00fa33,小野瀬悦子,リトルブルーファーム,150.5,2009.0,2009.0,1996.0
2018101783,メイショウアゲシオ,牡,東美義,,コパノリチャード,2010106552,フォクシーレッグス,2004106851,フォーティナイナー,000a000134,（同）ＪＰＮ技研,タニグチ牧場,150.5,2010.0,2004.0,1985.0
2018109120,ザシャード,牝,松島寿,,モンテロッソ,000a011b05,トーンクラスター,2012104023,マンハッタンカフェ,1998101554,村山光弘,ストームファームコーポレーション,150.2,2007.0,2012.0,1998.0
2018104128,タダモノデハナイ,牡,佐藤茂,,カレンブラックヒル,2009106230,モアスマイル,2005100579,ホワイトマズル,1990109700,ニットー商事,千代田牧場,150.1,2009.0,2005.0,1990.0
2018106100,ニースバローズ,牝,斎藤誠,,オルフェーヴル,2008102636,ビーウインド,2001100275,スピニングワールド,000a000325,猪熊広次,杵臼牧場,150.0,2008.0,2001.0,1993.0
2018104818,モンキャドー,セ,音無秀孝,,ロードカナロア,2008103552,モンシュシュ,2010103770,スペシャルウィーク,1995103211,グリーンファーム,社台ファーム,150.0,2008.0,2010.0,1995.0
2018104648,アスクチャーチル,牡,矢作芳人,,ロードカナロア,2008103552,ステレオタイプ,2002100573,サンデーサイレンス,000a00033a,廣崎利洋ＨＤ,社台ファーム,150.0,2008.0,2002.0,1986.0
2018104636,エコロスター,牝,荒川義之,,ルーラーシップ,2007103143,ジェラテリアバール,2010103764,マンハッタンカフェ,1998101554,原村正紀,社台ファーム,150.0,2007.0,2010.0,1998.0
2018104187,パンナコッタ,牝,矢野久美,,マツリダゴッホ,2003104570,スピネッタ,2006100329,シンボリクリスエス,1999110099,三岡陽,西村牧場,150.0,2003.0,2006.0,1999.0
2018104100,コヨキチセブン,牡,相沢郁,,ディープブリランテ,2009105084,ハヴアグッドデイ,2010102986,シンボリクリスエス,1999110099,折井祐介,千代田牧場,150.0,2009.0,2010.0,1999.0
2018102705,ショウナンカノア,牡,西園正都,,エピファネイア,2010104155,トリノレージョ,2012104077,ディープインパクト,2002100816,国本哲秀,土田農場,150.0,2010.0,2012.0,2002.0
2018100221,ホッコートトント,牡,山崎裕也,,ホッコータルマエ,2009100921,ホッコーアムール,2010100328,スタチューオブリバティ,000a0109d5,矢部道晃,川端正博,150.0,2009.0,2010.0,2000.0
2018100020,ベルク,牝,角田輝也,,フリオーソ,2004106867,ベルライン,2010104076,ダイワメジャー,2001103114,永田和彦,厚賀古川牧場,150.0,2004.0,2010.0,2001.0
2018106869,サンマルマリン,牝,山田義人,,オルフェーヴル,2008102636,アースマリン,2005106900,マリエンバード,000a00fa36,矢部文子,アイオイファーム,149.9,2008.0,2005.0,1997.0
2018106577,ディープギンガ,牡,藤田正治,,スマートファルコン,2005100097,トップヴィーナス,2007101828,キングカメハメハ,2001103460,組）リノレーシング,宮内牧場,149.7,2005.0,2007.0,2001.0
2018103922,ヴィグラスレディー,牝,川田孝好,,サウスヴィグラス,1996110138,ドリームサンサン,2010102843,サクラバクシンオー,1989108341,小林博雄,タイヘイ牧場,149.7,1996.0,2010.0,1989.0
2018103657,アウリイ,牝,川添明弘,,シニスターミニスター,000a011099,アグネスバラード,2002103118,ヘネシー,000a000178,小橋亮太,カタオカファーム,149.7,2003.0,2002.0,1993.0
2018106020,サブノヴォラーレ,牡,阪本一栄,,スウェプトオーヴァーボード,000a00fa34,サブノイツトー,2010103160,ブラックタイド,2001103312,中川三郎,カナイシスタッド,149.5,1997.0,2010.0,2001.0
2018104035,ナイスデアイ,牝,古賀光範,,モンテロッソ,000a011b05,アサクサロータス,2005102434,フサイチコンコルド,1993109220,西村新一郎,田原橋本牧場,149.5,2007.0,2005.0,1993.0
2018103476,プレイラピーダ,牝,笹野博司,,マツリダゴッホ,2003104570,ヴイプラド,2001110173,El Prado,000a001fb5,（株）レックス,岡田スタッド,149.2,2003.0,2001.0,1989.0
2018104680,レベニューシェア,牝,松浦聡志,,ディープインパクト,2002100816,チャリティーライン,000a012971,Manduro,000a0114b8,吉田照哉,社台ファーム,149.1,2002.0,2010.0,2002.0
2018106868,ドライヴオン,牝,高岩孝敏,,シニスターミニスター,000a011099,メイショウタイム,2003105575,メイショウドトウ,1996110113,韓孝徳,大作ステーブル,149.0,2003.0,2003.0,1996.0
2018106210,サッポロヴィクトリ,牝,田島寿一,,バトルプラン,000a0118e8,イニシエノウタ,2009100358,キングカメハメハ,2001103460,組）ゴッテスフルス,高村牧場,149.0,2005.0,2009.0,2001.0
2018105421,ガンマレイバースト,牡,山越光,,フェノーメノ,2009106599,スターパレード,000a011192,Parade Marshal,000a002078,加藤知泰,追分ファーム,149.0,2009.0,1999.0,1983.0
2018102008,ヤマニンアマルタス,牝,伊藤和,,ノヴェリスト,000a012230,ヤマニンアストレア,2007104725,キングカメハメハ,2001103460,土井久美子,錦岡牧場,149.0,2009.0,2007.0,2001.0
2018104479,ハービンクレア,牝,今津勝之,,ハービンジャー,000a011996,ディヴァインクレア,2008101017,ディープインパクト,2002100816,酒井孝敏,矢野牧場,148.9,2006.0,2008.0,2002.0
2018103281,マブセイフリー,牡,飯田弘道,,エイシンフラッシュ,2007102951,ヒシパール,2010102213,ディープインパクト,2002100816,大黒富美子,中村雅明,148.8,2007.0,2010.0,2002.0
2018101568,ヨリナメンテ,牝,斎藤雄一,,ドゥラメンテ,2012104511,タッソーニー,2002101848,テンビー,000a000354,辻子依旦,川島牧場,148.6,2012.0,2002.0,1990.0
2018106401,ミッツノチカイ,牝,東美義,,アドマイヤムーン,2003102991,サチノバレンタイン,2009106826,キングカメハメハ,2001103460,小橋亮太,トラストスリーファーム,148.5,2003.0,2009.0,2001.0
2018105953,エイシンイチラク,牡,山口浩幸,,メイショウサムソン,2003102205,エーシンハーバー,2008110079,Cozzene,000a001bda,坂田栄一,栄進牧場,148.5,2003.0,2008.0,1980.0
2018103561,ラグランジア,牝,中野博,,スピルバーグ,2009105961,ヤマサラグランジュ,2005100084,サクラバクシンオー,1989108341,三岡陽,岡田スタッド,148.4,2009.0,2005.0,1989.0
2018100989,プラチナレディ,牝,石川浩文,,キズナ,2010105827,エンドレスドリームII,000a010f03,エンドスウィープ,000a00010f,（株）アプエンテ,藤本ファーム,148.2,2010.0,2002.0,1991.0
2018109113,スワンダフル,牝,[地],,ジャスタウェイ,2009106461,ニイガッタメール,2005103187,シンボリクリスエス,1999110099,（有）下河辺トレーニ,下河辺トレーニングセンター,148.0,2009.0,2005.0,1999.0
2018109096,ピスターシュドール,牝,榎屋充,,オルフェーヴル,2008102636,アースグリーン,2008110076,Street Cry,000a0103ba,蟹江知彦,恵比寿興業株式会社那須野牧場,148.0,2008.0,2008.0,1998.0
2018103960,アークアリエル,牝,山越光,,ヤマニンセラフィム,1999104188,メジロアリエル,2005102028,サクラバクシンオー,1989108341,伊勢光,高橋ファーム,147.8,1999.0,2005.0,1989.0
2018103911,ブライトルビー,牝,柴田高志,,レッドスパーダ,2006105511,ルーベラ,1999107091,Crafty Prospector,000a00193b,加藤鈴幸,曾我博,147.5,2006.0,1999.0,1979.0
2018105930,ノアウィンザー,牡,石毛善彦,,クリエイターII,000a013630,エイシンラブソング,2002102694,エイシンワシントン,1991109929,佐山公男,栄進牧場,147.0,2013.0,2002.0,1991.0
2018100372,モンサンカドリーユ,牡,宗形竹見,,パドトロワ,2007102760,アエテウレシイ,2010100469,アグネスタキオン,1998101516,山下新一,下河辺牧場,147.0,2007.0,2010.0,1998.0
2018101530,ホクザンメロディー,牝,山田徹,,パドトロワ,2007102760,ホクザンルージュ,2010101310,アドマイヤジャパン,2002102324,木本辰也,柏木一則,146.7,2007.0,2010.0,2002.0
2018102746,マスタリーピーク,牡,中川竜馬,,シニスターミニスター,000a011099,ギタートウショウ,2008100665,アグネスデジタル,1997110025,豊島愛子,萩澤俊雄,146.6,2003.0,2008.0,1997.0
2018101357,ビービーマローネ,牝,宮下靖旨,,オルフェーヴル,2008102636,ダニカ,2011100614,Bernardini,000a0111fe,平井頼行,坂東牧場,146.0,2008.0,2011.0,2003.0
2018101136,グレートロマン,牡,竹下太,,バゴ,2001190004,シャドウリーフ,2011101126,ヨハネスブルグ,000a0103b9,関山芳邦,門別正,145.6,2001.0,2011.0,1999.0
2018106230,プレイイットラウド,牡,後藤佑耶,,フリオーソ,2004106867,フランチェスカ,2000104114,ブラックタイアフェアー,000a00006e,会田裕一,田中スタッド,145.5,2004.0,2000.0,1986.0
2018101401,フレアリングラブ,牝,中川雅之,,ストロングリターン,2006102934,フレアリングピュア,2008106449,ブラックホーク,1994109361,山口明彦,山口明彦,145.5,2006.0,2008.0,1994.0
2018104130,シゲルホンブチョウ,牡,九日俊光,,ダンカーク,000a012185,ラブアンドピース,2006101245,キングカメハメハ,2001103460,森中蕃,千代田牧場,145.2,2006.0,2006.0,2001.0
2018100171,ノアノアリムズン,牝,坂口義幸,,セイクリムズン,2006100106,ノアノア,2008102119,クロフネ,1998110135,谷謙介,奥山博,145.1,2006.0,2008.0,1998.0
2018100732,バリエンテレオン,牡,竹之下昭,,ハーツクライ,2001103038,モナリザ,000a01388a,Giant's Causeway,000a0022e1,（同）ＪＰＮ技研,チャンピオンズファーム,144.8,2001.0,2002.0,1997.0
2018106072,ツダグローリー,牝,田中一巧,,トゥザグローリー,2007103265,ホワイトハート,2008103029,ホワイトマズル,1990109700,日吉伸人,木戸口牧場,143.9,2007.0,2008.0,1990.0
2018103893,スマートラムセス,牡,酒井一則,,ホッコータルマエ,2009100921,プリモローズ,2006100962,アサティス,1985109002,豊原辰京,静内山田牧場,143.5,2009.0,2006.0,1985.0
2018103262,オールマイフレンズ,牝,中川雅之,,エピファネイア,2010104155,レアプラチナ,2009102854,スターオブコジーン,1988109108,寺岡一彦,富塚ファーム,143.4,2010.0,2009.0,1988.0
2018104272,タンキエットゥ,牝,沖田明子,,ジョーカプチーノ,2006100529,ウインセラヴィ,2010102117,ハーツクライ,2001103038,（株）ＯＫＣ,原弘之,143.2,2006.0,2010.0,2001.0
2018104218,ノーブルウェーブ,牡,佐野謙二,,シンボリクリスエス,1999110099,アレグリアス,2002105069,フォーティナイナー,000a000134,吉木伸彦,橋本牧場,143.0,1999.0,2002.0,1985.0
2018104169,セッソク,牡,立花伸,,タニノギムレット,1999100226,スカイトウショウ,2002104944,ハウスバスター,000a000187,廣村憲郎,鳥谷勝彦,143.0,1999.0,2002.0,1987.0
2018106038,ファイナルネイア,牝,加藤和義,,エピファネイア,2010104155,アドマイヤジュノー,2007103380,ゼンノロブロイ,2000101517,西尾信明,鎌田正嗣,142.8,2010.0,2007.0,2000.0
2018110022,ウェルスナイパー,牝,錦見勇夫,,Violence,000a013951,Down The Well,000a0143f7,Mujadil,000a001fac,広瀬将嗣,Parrish Hill Farm & Amanda Roach Cole,142.6,2010.0,2004.0,1988.0
2018103230,テーオーソフィア,牝,盛本信春,,ハービンジャー,000a011996,ペニーホイッスル,2002100788,サンデーサイレンス,000a00033a,小笹公也,大北牧場,142.5,2006.0,2002.0,1986.0
2018106460,メイショウチャイブ,牝,今津博之,,マジェスティックウォリアー,000a011e9c,カナリ,2012105499,マンハッタンカフェ,1998101554,道地房男,日の出牧場,142.3,2005.0,2012.0,1998.0
2018109090,ミスマツリダ,牝,平沢芳三,,シンボリクリスエス,1999110099,スプンキーウーマン,2007105715,アルカセット,2000190010,高橋福三郎,早坂牧場,142.2,1999.0,2007.0,2000.0
2018106633,リアルヴィジョン,セ,新田守,,リアルインパクト,2008103244,タイキジャスパー,2006104799,タイキシャトル,1994109686,谷謙介,山田昇史,142.2,2008.0,2006.0,1994.0
2018104094,ジェントゥー,牝,竹下太,,ディープブリランテ,2009105084,トップオブザヒル,2004104696,フレンチデピュティ,000a00013a,小橋亮太,千代田牧場,142.2,2009.0,2004.0,1992.0
2018110100,フリージアテソーロ,牝,武市康男,,Brazen Beau,000a014b9d,Every Nice Girl,000a014be3,Mizzen Mast,000a0109d3,了徳寺健二ホールディングス,Kenji Ryotokuji,142.0,2011.0,2014.0,1998.0
2018102549,コマルナウィザード,牡,平山真希,,ワールドエース,2009106353,アースウイザード,2005106176,エイシンプレストン,1997110161,仲尾正人,グローリーファーム,141.5,2009.0,2005.0,1997.0
2018100649,ウェイヴアナリシス,牝,松島寿,,ディスクリートキャット,000a0113a1,ウェイヴランナー,000a012807,Raven's Pass,000a011d04,三岡有香,ダーレー・ジャパン・ファーム,141.3,2003.0,2010.0,2005.0
2018105570,ルティレ,牝,小野望,,モーリス,2011100655,リトルアマポーラ,2005102180,アグネスタキオン,1998101516,有市川牧場,社台コーポレーション白老ファーム,141.1,2011.0,2005.0,1998.0
2018106253,レアリサンド,牡,高野友和,,ディープインパクト,2002100816,ドリームオブジェニー,000a011e0e,Pivotal,000a002328,ターフ・スポート,谷川牧場,141.0,2002.0,2008.0,1993.0
2018104580,カレンユアンメン,牡,安田翔伍,,カレンブラックヒル,2009106230,カレンチャン,2007102807,クロフネ,1998110135,鈴木隆司,社台ファーム,141.0,2009.0,2007.0,1998.0
2018105267,ガルフォート,牡,後藤正義,,ディープインパクト,2002100816,ポロンナルワ,2008103176,Rahy,000a001c5e,上手健太郎,ノーザンファーム,140.9,2002.0,2008.0,1985.0
2018103783,ロンギングユウタ,牡,山田義人,,リアルインパクト,2008103244,ボラボラ,2012104218,ジャングルポケット,1998101786,坂本浩一,酒井秀紀,140.9,2008.0,2012.0,1998.0
2018104483,シナノマスカット,牝,加藤和義,,トーセンラー,2008102985,マドモアゼルシッシ,000a010eb4,Sadler's Wells,000a00185d,小林勝,矢野牧場,140.8,2008.0,2003.0,1981.0
2018101238,ミックスベリー,牝,栗本陽一,,コパノリチャード,2010106552,マイティーダンサー,000a010e87,Alzao,000a001cb4,福永實,若林順一,140.7,2010.0,2000.0,1980.0
2018102305,グラスホッパー,牝,米川伸也,,トゥザワールド,2011103975,ウインホイッスル,2011101059,ブライアンズタイム,000a000082,佐藤弘樹,村上進治,140.3,2011.0,2011.0,1985.0
2018103140,サハラントゴールド,牡,桜田康二,,シニスターミニスター,000a011099,バグワイザー,000a010a9b,Kingmambo,000a001d7e,清水和也,高昭牧場,140.2,2003.0,1999.0,1990.0
2018106844,マイネルヤングマン,牡,木村健,,ディスクリートキャット,000a0113a1,テイエムプリンセス,2010106024,ネオユニヴァース,2000101426,村瀬正,松浦牧場,140.0,2003.0,2010.0,2000.0
2018105914,エイシンミード,牝,山口益巳,,ストロングリターン,2006102934,エイシンチーター,2005101225,スペシャルウィーク,1995103211,谷謙介,栄進牧場,140.0,2006.0,2005.0,1995.0
2018103994,ウインメイキット,牡,別府真司,,クリエイターII,000a013630,レイクメリット,2006102914,ネオユニヴァース,2000101426,会田裕一,田中裕之,140.0,2013.0,2006.0,2000.0
2018101065,ローズカルテット,牝,平山真希,,アドマイヤジャパン,2002102324,ローズオブローズ,2012102877,スマートボーイ,1995100385,小林和幸,前川義則,140.0,2002.0,2012.0,1995.0
2018100820,ピノティートン,牡,野口孝,,ネオユニヴァース,2000101426,パラダイスコースト,2006110099,Fusaichi Pegasus,000a0022cf,松井光夫,ナカノファーム,140.0,2000.0,2006.0,1997.0
2018100956,シングンジュピター,牡,本名信行,,シングンオペラ,1998105609,クーファゲルニカ,2010104057,ディープインパクト,2002100816,（株）ファーストビジ,広富牧場,139.7,1998.0,2010.0,2002.0
2018102177,マイネルサンライト,牡,大島静夫,,ラブリーデイ,2010104298,マイネルーチェ,2004100789,スペシャルウィーク,1995103211,（同）ＪＰＮ技研,ビッグレッドファーム,139.5,2010.0,2004.0,1995.0
2018103220,ドラコテソーロ,牡,東眞市,,ゴールドシップ,2009102739,ショウナンアオバ,2007103025,キングカメハメハ,2001103460,了徳寺健二ホールディングス,大北牧場,139.2,2009.0,2007.0,2001.0
2018105971,エイシンミチバシリ,牝,板垣吉則,,モーリス,2011100655,ダンスオンザルーフ,2009105853,シンボリクリスエス,1999110099,大山良彦,栄進牧場,139.1,2011.0,2009.0,1999.0
2018102530,エムケイゴールド,牡,本名信行,,マツリダゴッホ,2003104570,キタサンオウシャン,1999110231,Kingmambo,000a001d7e,（株）ファーストビジ,木田晶範,139.1,2003.0,1999.0,1990.0
2018103197,メイショウコデマリ,牝,松島寿,,ワールドエース,2009106353,スズカルビー,2005105693,キングヘイロー,1995104427,林田憲次,鮫川ファーム,139.0,2009.0,2005.0,1995.0
2018103187,ハクサンコマチ,牝,藤ヶ崎一,,ハクサンムーン,2009102527,サウンドウェーブ,2007102012,シンボリクリスエス,1999110099,服部康夫,鮫川啓一,138.8,2009.0,2007.0,1999.0
2018101917,フォルハント,牡,久保杉隆,,セレスハント,2005101116,ロスヴィータ,2007102693,ゼンノロブロイ,2000101517,八嶋長久,中山高鹿康,138.5,2005.0,2007.0,2000.0
2018101304,ソラモトベルハズ,牝,北野真弘,,トーセンホマレボシ,2009106092,ハンマークラビア,2011104020,ゼンノロブロイ,2000101517,眞田誠之,スガタ牧場,138.3,2009.0,2011.0,2000.0
2018105208,エルピス,牡,井上哲,,リオンディーズ,2013105915,ピュクシス,2010104267,シンボリクリスエス,1999110099,組）ＮＳＴ,ノーザンファーム,137.7,2013.0,2010.0,1999.0
2018104831,ローブデソワレ,牝,山田徹,,オルフェーヴル,2008102636,ラブーム,000a011a9b,Monsun,000a010db6,永谷友一郎,社台ファーム,137.3,2008.0,2003.0,1990.0
2018110072,エリーテソーロ,牝,田中博康,,カリフォルニアクローム,000a012602,Celtic Chant,000a014a4e,Songandaprayer,000a01069b,了徳寺健二ホールディングス,Clarkland Farm LLC,137.0,2011.0,2008.0,1998.0
2018101972,アルムポテンツァ,牝,宮徹,,クリエイターII,000a013630,ポレイア,2009101362,ゴールドアリュール,1999106689,崎川美枝子,新冠タガノファーム,137.0,2013.0,2009.0,1999.0
2018102966,デストゥリエーレ,牡,加藤和宏,,キズナ,2010105827,サマールナ,2009105270,アドマイヤムーン,2003102991,ライオンレースホース,秋場牧場,136.8,2010.0,2009.0,2003.0
2018106802,ドリームオーソ,牝,伊藤強一,,フリオーソ,2004106867,スカラムーシュ,2007104840,キングカメハメハ,2001103460,山本正学,パカパカファーム,136.5,2004.0,2007.0,2001.0
2018106262,ストームスパート,牡,野口寛仁,,スピルバーグ,2009105961,フィルバート,2013110138,High Chaparral,000a010270,日向均,谷川牧場,136.5,2009.0,2013.0,1999.0
2018104724,リュンヌドネージュ,牡,加藤幸保,,スウェプトオーヴァーボード,000a00fa34,ハーモニックソウル,2012104215,ハービンジャー,000a011996,高松悟,社台ファーム,136.5,1997.0,2012.0,2006.0
2018101229,ラバテラクロス,牝,高岩孝敏,,ヘニーハウンド,2008110097,エトワールアン,2010101194,スターキングマン,1999110010,本田廣一,若林順一,136.5,2008.0,2010.0,1999.0
2018103951,サンデンビスタ,牝,塚田隆男,,トビーズコーナー,000a011fed,シーヴァージア,2011101825,クロフネ,1998110135,山田春枝,高橋ファーム,136.1,2008.0,2011.0,1998.0
2018103666,プーフルフル,牝,宇都英樹,,タイムパラドックス,1998101683,エクラドール,1999101414,サンデーサイレンス,000a00033a,松永直記,神垣道弘,136.1,1998.0,1999.0,1986.0
2018102401,ハヅキ,牝,工藤裕孝,,ゴスホークケン,2005110186,ムーンライトソナタ,1999107173,サクラバクシンオー,1989108341,木村廣太,山岡牧場,136.1,2005.0,1999.0,1989.0
2018109025,ハナノコ,牝,桜田康二,,スウィフトカレント,2001103189,ハナノゴジュウマル,2009101249,フォーティナイナーズサン,000a011227,田中忠商事（株）,太田ファーム,136.0,2001.0,2009.0,2001.0
2018105966,ケイディーズバック,牝,井上弘之,,バゴ,2001190004,ケイティーズジェム,2008103145,ディープインパクト,2002100816,田島大史,栄進牧場,136.0,2001.0,2008.0,2002.0
2018105666,トーセンケビン,牡,高野毅,,トーセンファントム,2007102870,トーセンバンビーナ,2012103933,キングカメハメハ,2001103460,島川隆哉,エスティファーム,136.0,2007.0,2012.0,2001.0
2018100999,ペガサステソーロ,牡,東眞市,,アドマイヤムーン,2003102991,ルンバブギー,1999110190,Rainbow Quest,000a001b4d,了徳寺健二ホールディングス,藤本ファーム,135.6,2003.0,1999.0,1981.0
2018105727,ロッツオブハピネス,牝,吉井竜一,,スピルバーグ,2009105961,ケープコーラル,000a011a6b,Elusive Quality,000a00231f,後藤宙人,ゼットステーブル,135.5,2009.0,2006.0,1993.0
2018103155,ベーカリー,牝,目迫大輔,,ベーカバド,000a011dc0,リマンドインパクト,2009101105,ディープインパクト,2002100816,北原光一郎,高昭牧場,135.5,2007.0,2009.0,2002.0
2018100731,ナリノストーム,牡,桜田浩樹,,キズナ,2010105827,ホワイトソックス,2012110034,Scipion,000a0122fd,Ｉレーシング（株）,チャンピオンズファーム,135.3,2010.0,2012.0,2002.0
2018102104,ジョウショーキウン,牡,頼本盛行,,カレンブラックヒル,2009106230,ボロブドゥール,2011105141,ハイアーゲーム,2001103160,遠藤喜和,浜口牧場,135.0,2009.0,2011.0,2001.0
2018101306,ユウユウボヌール,牡,大宮和也,,ベルシャザール,2008103004,アーストラベラー,2013103578,メイショウボーラー,2001100650,北原大史,高橋啓,135.0,2008.0,2013.0,2001.0
2018102185,フローラーリア,牝,水野善太,,グラスワンダー,1995108676,マイネカトレア,2010105956,アグネスタキオン,1998101516,山口謙太郎,ブルースターズファーム,134.7,1995.0,2010.0,1998.0
2018103400,スマイルハライト,牝,九日俊光,,バトルプラン,000a0118e8,ダンシングママ,2002101405,フレンチデピュティ,000a00013a,松野真一,横山浩司,134.6,2005.0,2002.0,1992.0
2018104017,サクラスヴニール,牝,土井道隆,,タニノギムレット,1999100226,サクラローズマリー,2006101383,サクラプレジデント,2000102261,木稲安則,谷岡スタット,134.1,1999.0,2006.0,2000.0
2018100085,ラウンドブーケ,牝,藤村和生,,プリサイスエンド,000a00fe9b,ハッピーラベンダー,2005102842,バブルガムフェロー,1993109219,宮本昌彦,石原牧場,134.0,1997.0,2005.0,1993.0
2018106343,ベラジオエガオン,牝,大島静夫,,ノヴェリスト,000a012230,スズカモンスーン,2008101625,More Than Ready,000a00fcdd,組）リノレーシング,辻牧場,133.7,2009.0,2008.0,1997.0
2018101550,ディアレスト,牝,竹口勝利,,ベーカバド,000a011dc0,カネスベネフィシオ,2005105645,フォーティナイナー,000a000134,（同）ＪＰＮ技研,上井農場,133.7,2007.0,2005.0,1985.0
2018101459,オオエスサノオ,牡,住吉朝男,,ヘニーヒューズ,000a011155,シルクアピール,2000104449,フォーティナイナー,000a000134,川根幸晴,石田牧場,133.7,2003.0,2000.0,1985.0
2018105690,トーセンライザ,牝,中川竜馬,,トーセンジョーダン,2006103169,ライブインベガス,2008102988,マンハッタンカフェ,1998101554,酒井孝敏,エスティファーム,133.0,2006.0,2008.0,1998.0
2018104912,ムニショネッテ,牝,松平幸秀,,クロフネ,1998110135,アルマンディン,2013105848,ステイゴールド,1994108729,森田藤治,ノーザンファーム,133.0,1998.0,2013.0,1994.0
2018103235,クニノキセキ,牡,宗石大,,アーネストリー,2005105410,レディービスティー,2005102619,フジキセキ,1992109618,国田正忠,大北牧場,133.0,2005.0,2005.0,1992.0
2018103863,グラスミリオン,セ,竹下太,,ゼンノロブロイ,2000101517,グラスブロード,2003110070,Fusaichi Pegasus,000a0022cf,太田全哉,静内フジカワ牧場,132.9,2000.0,2003.0,1997.0
2018102675,グッドラックラブ,牝,大垣敏夫,,ヴィクトワールピサ,2007102923,ポッドコンジュ,2011102898,コンデュイット,2005190006,三岡陽,タツヤファーム,132.8,2007.0,2011.0,2005.0
2018102744,チャイムカムオン,牝,大石省三,,ベルシャザール,2008103004,エーシンシャイナー,2010104635,グラスワンダー,1995108676,名古屋一征,信田牧場,132.6,2008.0,2010.0,1995.0
2018110011,トーセンエドワード,牡,東美義,,Oasis Dream,000a010d4f,ローザデルドバイ,000a0142a6,Dubai Destination,000a010a60,山本浩司,Takaya Shimakawa,132.5,2000.0,2005.0,1999.0
2018105388,オクタヴィアン,セ,尾原強,,エピファネイア,2010104155,ローザボニータ,2009106414,ディープインパクト,2002100816,橘勝年,ノーザンファーム,132.0,2010.0,2009.0,2002.0
2018100609,フラッシュヒーロー,牡,田村彰啓,,エイシンフラッシュ,2007102951,スマイルジュノ,2008105716,ステイゴールド,1994108729,辻ノ孝志,滝本健二,132.0,2007.0,2008.0,1994.0
2018101363,ビップアトレー,牝,藤田正治,,エピファネイア,2010104155,ビップピュアレディ,2007103328,フジキセキ,1992109618,（株）ファーストビジ,坂東牧場,131.9,2010.0,2007.0,1992.0
2018100739,プラージュプレミア,牝,川嶋弘吉,,ヴィクトワールピサ,2007102923,リキセレナード,1998107256,ジェイドロバリー,000a0001a7,磯部昌史,チャンピオンズファーム,131.9,2007.0,1998.0,1987.0
2018101419,セイレリック,牝,川島洋人,,メイショウボーラー,2001100650,クニコチャン,2009104419,ゴールドアリュール,1999106689,（有）アサヒ牧場,アサヒ牧場,131.8,2001.0,2009.0,1999.0
2018103452,タイガーブルズアイ,牡,原口次夫,,ストロングリターン,2006102934,モンステラ,2008104523,ディープインパクト,2002100816,伊藤和夫,上野正恵,131.6,2006.0,2008.0,2002.0
2018104892,コゼンツァ,牝,森下淳平,,オルフェーヴル,2008102636,アドマイヤカンナ,2003102082,ブライアンズタイム,000a000082,辻牧場,ノーザンファーム,131.5,2008.0,2003.0,1985.0
2018100459,ルリアンシップ,牝,菅原右吉,,ゴールドシップ,2009102739,ローマンブリッジ,2005103174,ブライアンズタイム,000a000082,下河辺牧場,下河辺牧場,131.5,2009.0,2005.0,1985.0
2018101099,フォトンストリーム,牡,三小田幸,,クリエイターII,000a013630,アズマガール,2009102914,キングカメハメハ,2001103460,北原大史,増尾牧場,131.3,2013.0,2009.0,2001.0
2018100214,コウユーママママ,牝,高橋俊之,,スズカコーズウェイ,2004104345,ミチル,2014102186,ストリートセンス,000a0113a2,加治屋貞光,カロッテファーム,131.1,2004.0,2014.0,2004.0
2018109110,アリアケノツキ,牝,山本学,,クリエイターII,000a013630,エグゼリーナ,2001106185,フジキセキ,1992109618,手嶋美季,下河辺トレーニングセンター,131.0,2013.0,2001.0,1992.0
2018101862,カネトシエステラ,牡,中川雅之,,エスケンデレヤ,000a012cc0,クラシカルバリュー,2010110020,Theatrical,000a001bed,兼松昌男,富本茂喜,131.0,2007.0,2010.0,1982.0
2018100706,セイカリネット,牝,桜井拓章,,ジョーカプチーノ,2006100529,セイカカロブ,1995104196,Sadler's Wells,000a00185d,久米大,千葉飯田牧場,131.0,2006.0,1995.0,1981.0
2018100498,モッツアフィアート,牝,那俄性哲,,ブラックタイド,2001103312,リュミエールゲラン,2008105651,ロックオブジブラルタル,000a00fd4c,アシスタント,白井牧場,131.0,2001.0,2008.0,1999.0
2018103931,サクラトップメジャ,牝,武市康男,,ダイワメジャー,2001103114,ミメティコ,000a01199c,Monsun,000a010db6,櫻井秀樹,タイヘイ牧場,130.6,2001.0,2004.0,1990.0
2018106875,カイサン,牝,大山寿文,,ルーラーシップ,2007103143,ルナリア,2010104329,ネオユニヴァース,2000101426,海原富美子,アイオイファーム,130.4,2007.0,2010.0,2000.0
2018102220,マジックランプ,牝,金田一昌,,アジアエクスプレス,2011110091,エピックマジック,2013102003,テレグノシス,1999106851,三宅真由美,松浦牧場,130.2,2011.0,2013.0,1999.0
2018100757,スズアンジー,牝,川西毅,,ドゥラメンテ,2012104511,ディアエスペランサ,2008102325,ロックオブジブラルタル,000a00fd4c,森達郎,ディアレストクラブ,130.1,2012.0,2008.0,1999.0
2018110016,コーズウェイヘッド,牝,鮫島一歩,,Giant's Causeway,000a0022e1,Donnie's Secret,000a01b22a,Tiger Ridge,000a010af7,ゴドルフィン,Hartley/De Renzo Thoroughbreds,130.0,1997.0,2005.0,1996.0
2018106509,サンデーインアスク,牝,藤原英昭,,ディープインパクト,2002100816,サティアナ,000a01389c,Street Cry,000a0103ba,廣崎利洋ＨＤ,三嶋牧場,130.0,2002.0,2009.0,1998.0
2018106242,キタノシンスケ,牡,土田稔,,ヘニーヒューズ,000a011155,コウヨウアイリーン,2004102050,ダンスインザダーク,1993109188,北所直人,谷川牧場,130.0,2003.0,2004.0,1993.0
2018105978,エイシンシトリン,牝,笹野博司,,エイシンヒカリ,2011101273,ハートフォーカス,000a012f90,Intense Focus,000a012053,平井克彦,栄進牧場,130.0,2011.0,2011.0,2006.0
2018105287,ボスコ,セ,奥村武,,ハーツクライ,2001103038,ミスセレンディピティ,000a013c82,Not For Sale,000a011fae,吉田和美,ノーザンファーム,130.0,2001.0,2008.0,1994.0
2018105281,ヴェックマン,牡,音無秀孝,,ミッキーアイル,2011103916,マルティンスターク,2005102704,シンボリクリスエス,1999110099,キャロットファーム,ノーザンファーム,130.0,2011.0,2005.0,1999.0
2018105185,パラッツォレジーナ,牝,斉藤崇史,,ディープインパクト,2002100816,パレスルーマー,000a0124d2,Royal Anthem,000a00fa49,シルクレーシング,ノーザンファーム,130.0,2002.0,2003.0,1995.0
2018104726,ゴートゥートラベル,牝,小野次郎,,ヴィクトワールピサ,2007102923,バルドウィナ,000a010b6d,Pistolet Bleu,000a010a16,吉田千津,社台ファーム,130.0,2007.0,1998.0,1988.0
2018104198,コパノエリック,牝,渡辺薫彦,,サウスヴィグラス,1996110138,ラブミーダイヤ,2012101294,ダイワメジャー,2001103114,小林祥晃,西村牧場,130.0,1996.0,2012.0,2001.0
2018103995,コスモスケアヘッド,牡,岩戸孝樹,,ワールドエース,2009106353,アップルトウショウ,1996105169,アンバーシャダイ,1977103827,ビッグレッドファーム,棚川光男,130.0,2009.0,1996.0,1977.0
2018103322,トラキチ,牡,新開幸一,,アジアエクスプレス,2011110091,ハートオブキナコ,2010109132,チチカステナンゴ,000a011135,大森悌次,ヒダカファーム,130.0,2011.0,2010.0,1998.0
2018101952,タガノディラン,セ,小林真也,,パイロ,000a01176a,タガノガルーダ,2007104689,ネオユニヴァース,2000101426,八木良司,新冠タガノファーム,130.0,2005.0,2007.0,2000.0
2018101797,スーパービンゴ,牝,立花伸,,ホッコータルマエ,2009100921,ナカヤママニッシュ,2007104567,トワイニング,000a000006,浜口寛,大栄牧場,130.0,2009.0,2007.0,1991.0
2018100666,ニュートラルゾーン,牡,高馬元紘,,パイロ,000a01176a,ザマンダ,2011100544,コマンズ,000a011625,兼子尚也,ダーレー・ジャパン・ファーム,130.0,2005.0,2011.0,1996.0
2018106641,リワードヴェント,牝,堂山芳則,,グランシュヴァリエ,2005104916,デイトナ,2012103222,プリサイスエンド,000a00fe9b,宮崎忠比古,リワード,129.7,2005.0,2012.0,1997.0
2018101074,マルヨティアナ,牝,柴田高志,,スクリーンヒーロー,2004103328,マルヨモザー,2006100037,アグネスタキオン,1998101516,野村春行,前野牧場,129.6,2004.0,2006.0,1998.0
2018105000,ノーダウト,牝,山下定文,,アンライバルド,2006103308,ギャラリートーク,2002101005,ブライアンズタイム,000a000082,遠藤喜和,ノーザンファーム,129.5,2006.0,2002.0,1985.0
2018106829,アベノカイシンゲキ,牡,小林真治,,アジアエクスプレス,2011110091,トーセンセレニティ,2003106051,サンデーサイレンス,000a00033a,井上久光,ヤスナカファーム,129.4,2011.0,2003.0,1986.0
2018101004,ダンスウィズロンド,牝,小牧毅,,キングズベスト,000a0022d2,ミラクルロンド,2005102315,フジキセキ,1992109618,船越三弘,船越牧場,129.3,1997.0,2005.0,1992.0
2018105791,イーカップヒメ,牝,地辺幸一,,フリオーソ,2004106867,シュガーレディアン,2001110207,Salt Lake,000a001f5a,（株）ファーストビジ,ヤマイチ牧場,129.2,2004.0,2001.0,1989.0
2018102788,アンジュールレーヌ,牝,中道啓二,,モーリス,2011100655,ウキヨエ,2008103063,アグネスタキオン,1998101516,近藤洋司,幌村牧場,129.2,2011.0,2008.0,1998.0
2018102405,ピンキーポップ,牝,高馬元紘,,ベーカバド,000a011dc0,オグリピンキー,1998101874,トニービン,1983109006,浅井茂夫,ヤマタケ牧場,129.2,2007.0,1998.0,1983.0
2018106184,アオイナギサ,牝,井上哲,,メイショウサムソン,2003102205,ムーンライトソング,2006102020,ステイゴールド,1994108729,大林春秀,松栄牧場,128.8,2003.0,2006.0,1994.0
2018106277,フォルグランプリ,牡,佐藤敏彦,,グランプリボス,2008103388,レッドムーヴ,2010103814,ロックオブジブラルタル,000a00fd4c,八嶋長久,谷川牧場,128.7,2008.0,2010.0,1999.0
2018102460,キュアップラパパ,牝,酒井一則,,アンライバルド,2006103308,マジュスキュール,2005101316,サウスヴィグラス,1996110138,（同）ランニング・ク,小河豊水,128.5,2006.0,2005.0,1996.0
2018100393,フェアリーアイ,牝,宇都英樹,,ブラックタイド,2001103312,サイズミックレディ,2008105573,サクラバクシンオー,1989108341,清宮義男,下河辺牧場,128.5,2001.0,2008.0,1989.0
2018104371,タイセイラグーン,牝,内田勝義,,ノヴェリスト,000a012230,ジョンコ,2004104360,アグネスタキオン,1998101516,田中成奉,プライドロック,128.0,2009.0,2004.0,1998.0
2018103577,ヒロシゲサファイア,牝,武英智,,Medaglia d'Oro,000a010a65,Al's Gal,000a0135d5,English Channel,000a011c20,阿尾浩和,岡田牧場,128.0,1999.0,2011.0,2002.0
2018103348,アウラヴィータ,牝,畑端省吾,,アジアエクスプレス,2011110091,ヒビキウィン,2004107259,エブロス,000a000d4b,ディアレストクラブ,藤春修二,128.0,2011.0,2004.0,1986.0
2018103077,ヴァルプルギス,牡,浅野洋一,,トーセンジョーダン,2006103169,ノートルアンジュ,2007109168,ゼンノロブロイ,2000101517,田頭勇貴,桑田ファーム,128.0,2006.0,2007.0,2000.0
2018102954,エーティーツヨシ,牡,四位洋文,,ラブリーデイ,2010104298,レッドジュピター,2010100358,プリサイスエンド,000a00fe9b,荒木徹,米田牧場,128.0,2010.0,2010.0,1997.0
2018101546,ラブリーハミング,牝,竹内正洋,,ラブリーデイ,2010104298,アイアムジュエル,2005102365,アグネスタキオン,1998101516,池田草龍,上井農場,128.0,2010.0,2005.0,1998.0
2018103645,ナムラトライ,牡,尾林幸二,,リオンディーズ,2013105915,オーファメイ,2009106219,ディープインパクト,2002100816,中屋英之,カタオカステーブル,127.5,2013.0,2009.0,2002.0
2018102075,トラヴェラーズ,牝,坂本和也,,ディスクリートキャット,000a0113a1,セシャト,2013100560,アドマイヤムーン,2003102991,村田紀次,ハクツ牧場,127.5,2003.0,2013.0,2003.0
2018100980,デルマイダテン,牡,打越勇児,,ジョーカプチーノ,2006100529,マダムブランシェ,2005103622,ミラクルアドマイヤ,1995107939,浅沼廣幸,ファニーヒルファーム,127.5,2006.0,2005.0,1995.0
2018104795,フィリア,牝,榎屋充,,スクリーンヒーロー,2004103328,マルカアイチャン,2003102664,フレンチデピュティ,000a00013a,大泉勉,社台ファーム,127.4,2004.0,2003.0,1992.0
2018103207,マルヨトランセンド,牡,柴田高志,,トランセンド,2006104736,マルヨディローゼ,2010101791,フジキセキ,1992109618,野村春行,鈴木武蔵,127.4,2006.0,2010.0,1992.0
2018104489,マイユリシス,牝,菅原欣也,,ジャングルポケット,1998101786,テレキネシス,2011103609,ダイワメジャー,2001103114,久保木幸男,山際智,127.3,1998.0,2011.0,2001.0
2018101076,モズサミット,牡,藤田正治,,グランプリボス,2008103388,モズマッテタワ,2010105235,オレハマッテルゼ,2000101550,（株）ファーストビジ,前野牧場,127.2,2008.0,2010.0,2000.0
2018104867,エミージョ,牝,工藤裕孝,,エイシンフラッシュ,2007102951,ロイヤルネックレス,2006102954,シンボリクリスエス,1999110099,木村廣太,社台ファーム,127.1,2007.0,2006.0,1999.0
2018104743,モンキーポッド,牝,宮川浩一,,ルーラーシップ,2007103143,ファイブスター,2005102288,クロフネ,1998110135,小林善一,社台ファーム,127.0,2007.0,2005.0,1998.0
2018100244,マローキャンディ,牝,西山裕貴,,マクフィ,000a011c77,サザンジュエリー,2004105424,アフリート,000a000013,永田廣,木村牧場,126.9,2007.0,2004.0,1984.0
2018110055,スポイルド,牝,伊藤和忍,,Exceed And Excel,000a010a61,トリート,000a011530,Barathea,000a000054,木村牧場,Godolphin,126.8,2000.0,2004.0,1990.0
2018106910,カンノンゴールド,牝,塚田隆男,,シンボリクリスエス,1999110099,アイレンベルク,2006101971,ゴールドヘイロー,1997101264,稲垣誠,グラストレーニングセンター,126.8,1999.0,2006.0,1997.0
2018102687,ソンリエ,牝,瀬戸幸一,,フリオーソ,2004106867,ワタリプリンセス,2010106261,ダンスインザダーク,1993109188,（株）心頼ＬｏｏＰ,田中春美,126.8,2004.0,2010.0,1993.0
2018101920,セブリンダイバー,牝,山口益巳,,ワンダーアキュート,2006106794,サッキールビー,2013102063,シニスターミニスター,000a011099,中西寿一,長浜忠,126.1,2006.0,2013.0,2003.0
2018100263,マリノフォーチュン,牝,東眞市,,サムライハート,2002100996,クラウンプリズム,2009102732,ケイムホーム,000a0108d1,サンエツ企画（有）,クラウン日高牧場,126.1,2002.0,2009.0,1999.0
2018105987,エイシンビザンチン,牝,佐々木忠,,セイクリムズン,2006100106,ムザヤダ,000a0123d9,Monsun,000a010db6,三岡陽,栄進牧場,126.0,2006.0,2008.0,1990.0
2018100645,ファイアリーラヴ,牝,藤田輝信,,パイロ,000a01176a,アフェクショネット,000a0127ef,Distorted Humor,000a0022ea,ゴドルフィン,ダーレー・ジャパン・ファーム,126.0,2005.0,2009.0,1993.0
2018106719,タキオン,牝,矢野久美,,エイシンフラッシュ,2007102951,ヴィーヴァタキオン,2008102706,アグネスタキオン,1998101516,星野裕光,山口幸雄,125.9,2007.0,2008.0,1998.0
2018102321,ロードリック,牡,宇都英樹,,サウスヴィグラス,1996110138,ムービングアウト,2004104363,Langfuhr,000a0021ab,兼子尚也,村上進治,125.1,1996.0,2004.0,1992.0
2018102856,アークドスピアー,牡,藤田輝信,,マクフィ,000a011c77,シルクメガヒット,2002101525,サンデーサイレンス,000a00033a,ウィニング・アグリー,水上習孝,125.0,2007.0,2002.0,1986.0
2018101665,アビースマイル,牝,大垣敏夫,,アポロキングダム,2003110139,キョウワハピネス,2001101708,オース,000a000d94,遠藤喜和,佐藤静子,125.0,2003.0,2001.0,1996.0
2018101203,シルバーテゾロ,牡,中川竜馬,,ゴールスキー,2007102676,グランヴィヴァン,2010104943,クロフネ,1998110135,大田恭充,山田政宏,124.9,2007.0,2010.0,1998.0
2018100512,エスケープエルエー,牝,宗綱泰彦,,グラスワンダー,1995108676,シーザムーンライト,2011104085,ゴールドアリュール,1999106689,金野博幸,新生ファーム,124.9,1995.0,2011.0,1999.0
2018104299,フミタツビックママ,牝,高橋純,,パドトロワ,2007102760,キョウエイリリック,2010103244,マンハッタンカフェ,1998101554,大黒富美子,藤沢牧場,124.6,2007.0,2010.0,1998.0
2018100725,ベントラ,牡,高馬元紘,,ダイワメジャー,2001103114,パサパ,2007103701,キングカメハメハ,2001103460,伊藤準一郎,チャンピオンズファーム,124.5,2001.0,2007.0,2001.0
2018106447,キャヴァリエブラン,牡,山田義人,,ダンカーク,000a012185,フレッチャロッサ,2008104873,アグネスデジタル,1997110025,宇都宮智治,信岡牧場,124.4,2006.0,2008.0,1997.0
2018104418,アンデサイト,牝,笹野博司,,オーシャンブルー,2008102978,ロックマイハート,000a012952,Sholokhov,000a01196d,谷謙介,前谷武志,124.3,2008.0,2009.0,1999.0
2018106763,リンガスムーン,牝,桜井今朝,,アドマイヤムーン,2003102991,リンガスローレル,1999101112,サクラローレル,1991103498,組）ＮＳＴ,三木田牧場,124.2,2003.0,1999.0,1991.0
2018104359,タカイチリョウスケ,牡,藪口一麻,,フェノーメノ,2009106599,グロリアスバラッド,1998104867,Kingmambo,000a001d7e,高橋一郎,藤原牧場,124.0,2009.0,1998.0,1990.0
2018102814,セラダエストレーラ,牝,真島元徳,,モンテロッソ,000a011b05,リキサンフロール,2012102511,ゼンノロブロイ,2000101517,加藤厚子,本桐牧場,124.0,2007.0,2012.0,2000.0
2018101870,ウワサノテンマ,牝,大山寿文,,トゥザワールド,2011103975,ユニーク,2010100662,コマンズ,000a011625,山本晋也,トモファーム,124.0,2011.0,2010.0,1996.0
2018101378,カシマゲッコウ,牡,澤佳宏,,ノーザンリバー,2008103212,トウカイウェーブ,2004106606,トウカイテイオー,1988101025,松浦一久,びらとり牧場,124.0,2008.0,2004.0,1988.0
2018105689,トーセンユーリ,牡,後藤正義,,トーセンファントム,2007102870,Ryans Charm,000a013603,Heatseeker,000a012181,島川隆哉,エスティファーム,123.8,2007.0,2010.0,2003.0
2018100252,ファビュラスナイト,牡,伊藤和忍,,スクリーンヒーロー,2004103328,リボンティアラ,2013100217,アドマイヤムーン,2003102991,木村牧場,木村牧場,123.8,2004.0,2013.0,2003.0
2018101710,アーモンドラブ,牝,中野博,,モンテロッソ,000a011b05,スイートガーデン,2011101843,ブラックタイド,2001103312,渋谷和広,スカイビーチステーブル,123.6,2007.0,2011.0,2001.0
2018103956,ネオペトリコール,牝,酒井一則,,ミッキーアイル,2011103916,ネオベローナ,2005102231,グラスワンダー,1995108676,瀬戸竜男,高橋ファーム,123.5,2011.0,2005.0,1995.0
2018106604,イッツライフ,牝,宇都英樹,,モンテロッソ,000a011b05,ファンアットコート,2010105945,アドマイヤマックス,1999107004,松永直記,ミルファーム,123.4,2007.0,2010.0,1999.0
2018103523,ディスタンボヌール,牝,大垣敏夫,,アイルハヴアナザー,000a011ed3,ディスティンダリア,2012103669,ショウナンカンプ,1998102595,遠藤喜和,岡田スタッド,123.2,2009.0,2012.0,1998.0
2018100900,ビーチリゾート,牝,宗綱泰彦,,ダンカーク,000a012185,ビーチパーティー,2007102879,ゼンノロブロイ,2000101517,金野博幸,浜本牧場,123.2,2006.0,2007.0,2000.0
2018109086,イダリス,牝,桜田浩樹,,バゴ,2001190004,ハルカ,2009106861,ゼンノロブロイ,2000101517,松尾正,松尾豊,123.1,2001.0,2009.0,2000.0
2018105629,ポルカグリース,牝,吉田司,,トーセンラー,2008102985,エリモファイナル,2002103453,オペラハウス,000a000d77,山口久仁子,エスティファーム,123.1,2008.0,2002.0,1988.0
2018104437,パワフルスパート,牡,的場均,,シニスターミニスター,000a011099,パワーオブフェイス,2001104702,オジジアン,000a00025e,日向均,増本牧場,123.1,2003.0,2001.0,1983.0
2018103129,ルナレインボー,牝,角田輝也,,トビーズコーナー,000a011fed,ストームクオリティ,2005101426,Elusive Quality,000a00231f,吉田勝利,高昭牧場,123.1,2008.0,2005.0,1993.0
2018105242,タイセイレガリア,牡,山田信大,,リアルインパクト,2008103244,プリモレガーロ,2012104596,ハービンジャー,000a011996,田中成奉,ノーザンファーム,123.0,2008.0,2012.0,2006.0
2018103978,マリンセブン,牝,中川雅之,,ダノンレジェンド,2010110102,ホーリーシー,2012106090,タニノギムレット,1999100226,栗嶋豊明,武牧場,123.0,2010.0,2012.0,1999.0
2018102085,フェアリーミラー,牝,栗本陽一,,メイショウサムソン,2003102205,ヴァニラシャンティ,2008102751,シンボリクリスエス,1999110099,樋口雅彦,ハシモトファーム,123.0,2003.0,2008.0,1999.0
2018106874,ラッキーベルン,牝,鈴木義久,,ルーラーシップ,2007103143,ミサキジュエル,2011106557,ネオユニヴァース,2000101426,四本昭弘,アイオイファーム,122.7,2007.0,2011.0,2000.0
2018105780,エムオーシーズ,牝,関本浩司,,ディープスカイ,2005101358,スノーヴァーダント,2007102549,カコイーシーズ,1986109001,大黒富美子,橋本牧場,122.5,2005.0,2007.0,1986.0
2018103478,ベルシャダンディ,牡,石川浩文,,ベルシャザール,2008103004,エリモジェンヌ,2000100027,ブライアンズタイム,000a000082,（株）アプエンテ,岡田スタッド,122.1,2008.0,2000.0,1985.0
2018103410,アンドロイド,牝,井樋一也,,リオンディーズ,2013105915,ワインレッド,2007102335,A.P. Indy,000a001d37,原田篤史,吉田ファーム,121.3,2013.0,2007.0,1989.0
2018101249,ベルモック,牡,東美義,,ラブリーデイ,2010104298,エリザベートアスク,2008100891,タイキシャトル,1994109686,（同）ＪＰＮ技研,ＡＳＫＳＴＵＤ,121.3,2010.0,2008.0,1994.0
2018101347,ビービースパート,セ,川西毅,,レッドスパーダ,2006105511,クラリン,2007106420,キングヘイロー,1995104427,坂東牧場,坂東牧場,121.2,2006.0,2007.0,1995.0
2018105717,ファシルラビリンス,牝,林正人,,ホールウォーカー,2003105250,ジェルネイル,2012103912,サウスヴィグラス,1996110138,（有）太盛,ストロベリーフィールドファーム,121.0,2003.0,2012.0,1996.0
2018100724,ヤマタケヴォランテ,牝,萱野浩二,,ドゥラメンテ,2012104511,ノーブルストーン,2004110268,Hussonet,000a0104d9,山中和子,チャンピオンズファーム,121.0,2012.0,2004.0,1991.0
2018104991,ニシノコウメイ,牡,冨田敏男,,カレンブラックヒル,2009106230,カーニバルダクス,2012110119,Bernardini,000a0111fe,冨田藤男,ノーザンファーム,120.9,2009.0,2012.0,2003.0
2018104556,シャンデトワール,牝,坂口義幸,,キズナ,2010105827,エレクトラレーン,000a0120ec,Dubawi,000a0115e2,星野隆男,社台ファーム,120.9,2010.0,2009.0,2002.0
2018102465,サクラナデシコ,牝,宇野木博,,トーセンジョーダン,2006103169,シャトーノワール,2005102481,アドマイヤベガ,1996107396,大塚謹吾,沖田忠幸,120.8,2006.0,2005.0,1996.0
2018103562,ホウオウテーラー,牡,藤ヶ崎一,,ゴールドシップ,2009102739,ユメミルテーラー,2007100706,チーフベアハート,1993190010,小林昭徳,岡田スタッド,120.6,2009.0,2007.0,1993.0
2018106713,エクラサンザレ,牝,工藤裕孝,,クリエイターII,000a013630,ヨシカワクン,2010101882,アドマイヤムーン,2003102991,岩渕瑞生,中脇一幸,120.4,2013.0,2010.0,2003.0
2018106261,デアマローネ,牝,宗形竹見,,ダイワメジャー,2001103114,ヒラボクビジン,2007101587,ブライアンズタイム,000a000082,手嶋康雄,谷川牧場,120.0,2001.0,2007.0,1985.0
2018104869,オメガクラージュ,牝,渡瀬寛彰,,ハーツクライ,2001103038,ロイヤルマリー,000a011dca,Monsun,000a010db6,村元康,社台ファーム,120.0,2001.0,2007.0,1990.0
2018103128,トムティット,牝,西山裕貴,,パイロ,000a01176a,ジェネロシティー,2010102085,フジキセキ,1992109618,上山泰憲,高昭牧場,120.0,2005.0,2010.0,1992.0
2018101577,シエルクリーガー,牡,鈴木正也,,ショウナンカンプ,1998102595,キョウワレイ,2009104603,マーベラスサンデー,1992103687,岩崎僖澄,協和牧場,120.0,1998.0,2009.0,1992.0
2018100123,サンマルベローチェ,牝,佐藤吉勝,,ディスクリートキャット,000a0113a1,マオリオ,2013100300,ネオユニヴァース,2000101426,相馬勇,ヴェルサイユファーム,120.0,2003.0,2013.0,2000.0
2018105362,ルージュパルファン,牝,三小田幸,,ノヴェリスト,000a012230,レッドオリヴィア,2011103758,ジャングルポケット,1998101786,北原大史,ノーザンファーム,119.7,2009.0,2011.0,1998.0
2018100198,ネイティブ,牝,堀江仁,,ゴールドシップ,2009102739,ホシノキラメキ,2011100923,メイショウサムソン,2003102205,（株）ローレン,賀張中川牧場,119.5,2009.0,2011.0,2003.0
2018103510,ラストアプローズ,牝,井樋明正,,スピルバーグ,2009105961,タニノエクセレント,2001103808,ブライアンズタイム,000a000082,楊明翰,岡田スタッド,119.0,2009.0,2001.0,1985.0
2018101521,ストールシャイン,牝,松野勝己,,ノーザンリバー,2008103212,ガランティサーダ,2008103103,ゼンノロブロイ,2000101517,蔵野高,海馬沢明,118.9,2008.0,2008.0,2000.0
2018105747,アーススカーレット,牡,岡島玉一,,ダイワメジャー,2001103114,アースシンボル,2005104290,トウカイテイオー,1988101025,松山増男,習志野牧場,118.8,2001.0,2005.0,1988.0
2018105528,ブラッシングリー,牝,加藤和宏,,エピファネイア,2010104155,ティックルゴールド,2011103636,ステイゴールド,1994108729,山本智也,社台コーポレーション白老ファーム,118.6,2010.0,2011.0,1994.0
2018101807,スゴウデノハンター,セ,藤ヶ崎一,,セレスハント,2005101116,タイムピース,2014100579,ルーラーシップ,2007103143,北澤信,大作ステーブル,118.3,2005.0,2014.0,2007.0
2018106092,スマートディアナ,牝,頼本盛行,,スマートファルコン,2005100097,スマートバベル,2011101856,サウスヴィグラス,1996110138,木本成重,杵臼牧場,118.1,2005.0,2011.0,1996.0
2018104227,ノーデザイア,牝,中川竜馬,,フレンチデピュティ,000a00013a,レーヴドベティ,2008100761,ロックオブジブラルタル,000a00fd4c,川添裕起,橋本牧場,117.9,1992.0,2008.0,1999.0
2018103081,リナーシェ,牝,川西毅,,キングカメハメハ,2001103460,ヴェイパー,000a01389a,Galileo,000a00232b,山崎太嗣,桑田牧場,117.8,2001.0,2008.0,1998.0
2018103924,アンゼンダイイチ,牝,大宮和也,,エスケンデレヤ,000a012cc0,パーティークィーン,2010102846,アグネスタキオン,1998101516,南新宿商事（株）,タイヘイ牧場,117.6,2007.0,2010.0,1998.0
2018100005,オオエハピネス,牝,住吉朝男,,モーリス,2011100655,カスタラナ,000a0117c9,Key of Luck,000a00fd46,川根幸晴,アイズスタッド,117.5,2011.0,2006.0,1991.0
2018105540,グレーシー,牝,桜田康二,,ドリームジャーニー,2004102753,パラダイスイズヒア,2005102175,サクラバクシンオー,1989108341,乙訓史樹,社台コーポレーション白老ファーム,117.2,2004.0,2005.0,1989.0
2018102636,コーチェラ,牡,中川竜馬,,オルフェーヴル,2008102636,クライフォージョイ,2011105455,サクラバクシンオー,1989108341,吉橋英隆,下屋敷牧場,117.2,2008.0,2011.0,1989.0
2018100986,ジェイエルスマイル,牡,角田輝也,,ストロングリターン,2006102934,ホウライマドンナ,2003106664,アグネスタキオン,1998101516,橋元幸人,福満牧場,117.2,2006.0,2003.0,1998.0
2018106850,サルディーナ,牝,朝倉実,,ベーカバド,000a011dc0,マオノココロ,2013103031,ヴァーミリアン,2002100877,ＭＭＣ,ダイヤモンドファーム,117.0,2007.0,2013.0,2002.0
2018101607,フルールメール,牝,盛本信春,,スクリーンヒーロー,2004103328,ドラゴンシップ,2009104640,クロフネ,1998110135,山内昇,小泉学,117.0,2004.0,2009.0,1998.0
2018101594,スナークタイカン,牡,木村健,,アジアエクスプレス,2011110091,スナークメイファ,2014105216,ハーツクライ,2001103038,杉本豊,小泉牧場,117.0,2011.0,2014.0,2001.0
2018102084,フラワードラム,牝,小笠倫弘,,ドゥラメンテ,2012104511,アースサウンド,2007110094,Yes It's True,000a010753,グリーンファーム,ハシモトファーム,116.8,2012.0,2007.0,1996.0
2018104180,イデアエスクロー,牡,本間忍,,エイシンフラッシュ,2007102951,マスイデア,2009100729,リンカーン,2000101561,益田修一,西川富岡牧場,116.7,2007.0,2009.0,2000.0
2018106034,ブラウンフェラン,牡,新田守,,ハービンジャー,000a011996,フェアーシャトル,2006101852,タイキシャトル,1994109686,谷謙介,金石牧場,116.5,2006.0,2006.0,1994.0
2018105983,モズラテール,牡,田中伸一,,モーリス,2011100655,マラジニア,000a012f92,Whipper,000a0114a6,江口正典,栄進牧場,116.5,2011.0,2008.0,2001.0
2018100112,キャトルレーヴ,牝,矢野久美,,ダノンレジェンド,2010110102,ヴェレーナ,2013100369,アルデバランＩＩ,000a010541,川添裕起,ヴェルサイユファーム,116.5,2010.0,2013.0,1998.0
2018100838,アカクサクハナ,牝,北野真弘,,アポロキングダム,2003110139,チアズディライト,2001103946,サンデーサイレンス,000a00033a,山口嘉夫,長田ファーム,116.4,2003.0,2001.0,1986.0
2018104178,ユウユウルパン,牡,鷹見浩,,ベルシャザール,2008103004,スピーディードータ,2009102369,アフリート,000a000013,高岡義光,西川富岡牧場,116.0,2008.0,2009.0,1984.0
2018102694,タイセイトルネード,牡,藤田輝信,,ベルシャザール,2008103004,ルナフェリーナ,000a012547,Storm Cat,000a001a98,田中成奉,田湯牧場,116.0,2008.0,2005.0,1983.0
2018102419,ラッキーガイア,牝,蛯名雄太,,リオンディーズ,2013105915,ハタノガイア,2002106497,ブライアンズタイム,000a000082,（株）ドン,ラッキー牧場,116.0,2013.0,2002.0,1985.0
2018101763,ミユキアフロディテ,牝,堀江仁,,ベルシャザール,2008103004,イイデエース,2006104509,スペシャルウィーク,1995103211,長井純一,武田牧場,116.0,2008.0,2006.0,1995.0
2018102007,マーレット,牡,伊藤和忍,,ラブリーデイ,2010104298,ボーテセレスト,2004100644,ステイゴールド,1994108729,土井久美子,錦岡牧場,115.9,2010.0,2004.0,1994.0
2018105441,オーシャンフロント,牡,今津博之,,ルーラーシップ,2007103143,マイスフォルテ,2012104013,ディープインパクト,2002100816,道地房男,追分ファーム,115.7,2007.0,2012.0,2002.0
2018102237,アジェナ,牝,東美義,,アイルハヴアナザー,000a011ed3,ランデブー,2008105025,ネオユニヴァース,2000101426,斉藤三寛,松浦牧場,115.1,2009.0,2008.0,2000.0
2018100258,デルマボンテン,牡,山崎裕也,,サムライハート,2002100996,クラウンティアラ,2008104348,ロックオブジブラルタル,000a00fd4c,浅沼廣幸,クラウン日高牧場,115.0,2002.0,2008.0,1999.0
2018109118,グラマー,牝,池田忠好,,スクワートルスクワート,000a000da4,パッショナート,2012101322,クロフネ,1998110135,山田勇,片山建治,114.7,1998.0,2012.0,1998.0
2018103254,マオノクララ,牝,佐藤雅彦,,トゥザワールド,2011103975,スプリングタイムロマンス,000a0111be,Kris S.,000a0016f2,湯浅健司,東栄牧場,114.5,2011.0,2001.0,1977.0
2018100196,ホットミルク,牝,野田忍,,ゴールドシップ,2009102739,ニシノルーファス,2006102609,シンボリクリスエス,1999110099,小林正和,賀張中川牧場,114.5,2009.0,2006.0,1999.0
2018101536,アプロフォンディ,牡,東美義,,エピファネイア,2010104155,スコルピオンキッス,2004110121,フレンチデピュティ,000a00013a,大黒富美子,カミイスタット,114.2,2010.0,2004.0,1992.0
2018100422,クーネオ,牝,荒巻透,,トーセンジョーダン,2006103169,ピエモンテ,2009102487,フジキセキ,1992109618,木村良明,下河辺牧場,114.1,2006.0,2009.0,1992.0
2018101650,フォルベア,牝,酒井仁,,グラスワンダー,1995108676,ベア,1999106815,サンデーサイレンス,000a00033a,八嶋長久,今野活博,113.8,1995.0,1999.0,1986.0
2018104277,ナカハマチーク,牡,佐藤浩一,,グラスワンダー,1995108676,マイネペンタグラム,2009105190,アグネスタキオン,1998101516,横山育生,原弘之,113.5,1995.0,2009.0,1998.0
2018103583,クインズダイヤ,牝,藤ヶ崎一,,モーリス,2011100655,クインズプレイヤー,2004104185,トウカイテイオー,1988101025,坪田充史,岡田牧場,113.5,2011.0,2004.0,1988.0
2018109089,キーボウル,牡,松平幸秀,,タートルボウル,000a012045,フレンドリーレイズ,2008102970,フレンチデピュティ,000a00013a,北前孔一郎,佐藤庄一,113.3,2002.0,2008.0,1992.0
2018105504,ルージュイデアル,牝,田中一巧,,ハーツクライ,2001103038,サンヴァンサン,2007103098,クロフネ,1998110135,大島豊彦,社台コーポレーション白老ファーム,113.0,2001.0,2007.0,1998.0
2018106267,メモリーウイニング,牡,塚田隆男,,ホッコータルマエ,2009100921,メモリーシャルマン,2009100547,アジュディケーティング,000a000d5d,シンザンクラブ,谷川牧場,112.6,2009.0,2009.0,1987.0
2018106839,ネオイリス,牝,鈴木伸尋,,ネオユニヴァース,2000101426,リスティアアスリー,2001101659,スピニングワールド,000a000325,太田勝久,川上牧場,112.5,2000.0,2001.0,1993.0
2018105858,ウインアミティエ,牡,稻田彰宏,,ミッキーアイル,2011103916,ライラックラブ,2005102209,アグネスタキオン,1998101516,鳥飼義壽,阿波屋ファーム,112.5,2011.0,2005.0,1998.0
2018102573,アンティーブ,牝,橋本忠明,,モーリス,2011100655,エンジェリックレイ,2010101354,ダイワメジャー,2001103114,中村伊三美,ケイアイファーム,112.5,2011.0,2010.0,2001.0
2018102141,マルカンデイジー,牝,高橋道雄,,グラスワンダー,1995108676,ドリームローズ,2005102626,サクラバクシンオー,1989108341,斉藤勘介,ビッグレッドファーム,112.2,1995.0,2005.0,1989.0
2018101777,キタノイブラン,セ,畠山信一,,トーセンジョーダン,2006103169,スノーアード,2004100459,バブルガムフェロー,1993109219,遠藤喜和,タニグチ牧場,112.2,2006.0,2004.0,1993.0
2018100844,マーシフクナル,牡,矢野義幸,,フェノーメノ,2009106599,トキノナイス,2007106741,チアズブライトリー,1998104232,佐藤勝士,西野春樹,111.8,2009.0,2007.0,1998.0
2018100581,セサミン,牝,石川浩文,,オーシャンブルー,2008102978,レモンイエロー,2012104922,サクラバクシンオー,1989108341,（株）アプエンテ,スマイルファーム,111.6,2008.0,2012.0,1989.0
2018102919,アイワンダー,牡,岡田一男,,ワンダーアキュート,2006106794,ゴールドターフ,2008103940,ゴールドアリュール,1999106689,ライフエンタープライズ,元道牧場,111.5,2006.0,2008.0,1999.0
2018103078,アカヒゲ,牡,高橋俊之,,ヨハネスブルグ,000a0103b9,ファーレサルティ,2006103200,ダンスインザダーク,1993109188,村瀬恵都子,桑田ファーム,111.4,1999.0,2006.0,1993.0
2018101606,タケマルモンスター,牡,長倉功,,サウスヴィグラス,1996110138,タニノミラージュ,1999100235,エリシオ,1993190001,竹内勝之,小泉学,111.4,1996.0,1999.0,1993.0
2018100612,グレイスムーン,牝,今津勝之,,ジョーカプチーノ,2006100529,ネイルセンプー,2007105659,キングヘイロー,1995104427,山本国広,滝本健二,111.2,2006.0,2007.0,1995.0
2018104248,ラブミーグリーン,牝,角田輝也,,シニスターミニスター,000a011099,ゴールデンアリー,2000102543,ラムタラ,000a0001d4,小林照弘,服部牧場,111.1,2003.0,2000.0,1992.0
2018105351,カラーオブウィンド,セ,佐藤裕太,,ヘニーヒューズ,000a011155,リードストーリー,000a011505,Editor's Note,000a002246,平田修,ノーザンファーム,111.0,2003.0,1999.0,1993.0
2018100065,サンシルビア,牝,松浦聡志,,メイショウボーラー,2001100650,カクテルフォンテン,2010100179,ルールオブロー,000a010d7d,諸岡慶,新井弘幸,111.0,2001.0,2010.0,2001.0
2018103878,グレースワンダー,牝,酒井一則,,シェイクザバーレイ,2010104380,オープンエア,2013100574,ディープスカイ,2005101358,山本智也,静内山田牧場,110.5,2010.0,2013.0,2005.0
2018101152,モエヨラッキー,牡,箕輪武,,タイセイレジェンド,2007103199,エースジャンヌ,2009105390,オンファイア,2003102809,望月朋子,門別牧場,110.5,2007.0,2009.0,2003.0
2018102010,ヤマニンサイファー,牡,森山英雄,,ロードカナロア,2008103552,ヤマニンアルシオン,2001102120,サンデーサイレンス,000a00033a,土井久美子,錦岡牧場,110.4,2008.0,2001.0,1986.0
2018103619,リアルイマージン,牝,雑賀正光,,モーリス,2011100655,レーヴイマージン,2010102824,マイネルセレクト,1999107196,朝比奈裕子,岡田牧場,110.2,2011.0,2010.0,1999.0
2018110058,マテンロウベントス,セ,中内田充,,Camelot,000a011ed2,High Fidelity,000a0149ad,パントレセレブル,000a000271,寺田千代乃,Lynch Bages Ltd & Camas Park Stud,110.0,2009.0,2003.0,1994.0
2018109171,ダイヤモンドヘッド,牡,川田孝好,,スクワートルスクワート,000a000da4,スペシャルビビー,2003100104,スペシャルウィーク,1995103211,新保孝一,新保孝一,110.0,1998.0,2003.0,1995.0
2018109047,イーウェイ,牡,上村洋行,,ディスクリートキャット,000a0113a1,チャンドラプラバー,2012104592,アドマイヤムーン,2003102991,奥田貴敏,諏訪牧場,110.0,2003.0,2012.0,2003.0
2018106505,シー,牝,伊藤圭三,,ハービンジャー,000a011996,ギンザボナンザ,2007103127,ゼンノロブロイ,2000101517,有馬博文,三嶋牧場,110.0,2006.0,2007.0,2000.0
2018106245,ナムラフォレスタ,牝,羽月友彦,,キズナ,2010105827,サンクイーンII,000a011dfd,Storm Cat,000a001a98,奈村睦弘,谷川牧場,110.0,2010.0,2008.0,1983.0
2018105880,ロケーション,牡,竹下直人,,ダノンシャーク,2008105554,トシザユカ,2004106696,タイキシャトル,1994109686,大島栄一,浦河小林牧場,110.0,2008.0,2004.0,1994.0
2018105160,トゥールアンレール,牝,岩戸孝樹,,ディープインパクト,2002100816,トゥーピー,000a011a16,Intikhab,000a0022af,シルクレーシング,ノーザンファーム,110.0,2002.0,2002.0,1994.0
2018104318,ランスオブマルス,牡,国沢利照,,ケープブランコ,000a011b06,サトノベリーニ,2013104794,キングカメハメハ,2001103460,五影慶則,フジワラファーム,110.0,2007.0,2013.0,2001.0
2018102787,エムオーワンダー,牡,藤原辰雄,,グラスワンダー,1995108676,ボストンパール,2006105585,ボストンハーバー,000a00007c,大浅貢,堀川洋之,110.0,1995.0,2006.0,1994.0
2018102645,セイーサ,牝,頼本盛行,,リオンディーズ,2013105915,エーシンスピカ,2009100250,アグネスタキオン,1998101516,（同）ＪＰＮ技研,城地牧場,110.0,2013.0,2009.0,1998.0
2018102400,キョウエイノータス,牝,山崎尋美,,フェノーメノ,2009106599,パリスセイリュウ,2002102055,サクラバクシンオー,1989108341,田中晴夫,山岡牧場,110.0,2009.0,2002.0,1989.0
2018100882,アラハバキ,牡,田中克典,,ドリームジャーニー,2004102753,ミラクルキャンデー,2008104393,ブライアンズタイム,000a000082,ノルマンディーサラブレッドレーシング,長谷川牧場,110.0,2004.0,2008.0,1985.0
2018100775,サードウェーブ,牝,石栗龍彦,,ラブリーデイ,2010104298,セカンドノホシ,2001106467,シンボリルドルフ,1981107017,出口牧場,出口牧場,110.0,2010.0,2001.0,1981.0
2018100230,クールヴィンソン,牡,佐々木晶,,ブラックタイド,2001103312,マイヴィクトリア,2013100545,キングカメハメハ,2001103460,ＨｉｍＲｏｃｋＲａｃｉｎｇホールディングス,北田剛,110.0,2001.0,2013.0,2001.0
2018105725,ダンツアスカ,牝,黒木豊,,クリエイターII,000a013630,レッドランタン,2012105307,オレハマッテルゼ,2000101550,小橋亮太,青藍牧場,109.7,2013.0,2012.0,2000.0
2018102930,ステラーポルックス,牝,千葉津代,,エピファネイア,2010104155,ナイスクオリア,2011106124,キングカメハメハ,2001103460,山際晃生,山際セントラルスタッド,109.7,2010.0,2011.0,2001.0
2018101121,モズアーマー,牝,栗本陽一,,グランプリボス,2008103388,ファーマジェンヌ,2009101001,プリサイスエンド,000a00fe9b,柴田茂樹,目黒牧場,109.6,2008.0,2009.0,1997.0
2018106642,グランマルシェ,牝,雑賀正光,,グランシュヴァリエ,2005104916,リワードシンディ,2012105680,ロージズインメイ,000a010a10,宮崎忠比古,リワード,109.5,2005.0,2012.0,2000.0
2018101775,テイエムプレスダン,牡,平山宏秀,,スマートファルコン,2005100097,エリモインプレス,2003103506,エルコンドルパサー,1995108742,竹園正繼,タニグチ牧場,109.4,2005.0,2003.0,1995.0
2018106644,エミーレイ,牝,山中尊徳,,ロージズインメイ,000a010a10,メギービー,2008101108,マンハッタンカフェ,1998101554,今井優,小田誠一,109.2,2000.0,2008.0,1998.0
2018106310,ティティジャック,牡,橘友和,,ノボジャック,1997110152,ティティテア,2010104952,バブルガムフェロー,1993109219,近藤聡明,津島優治,109.2,1997.0,2010.0,1993.0
2018100617,トーホウロッキー,牡,原口次夫,,トーホウジャッカル,2011100482,トーホウアイランド,2014101323,Power,000a012469,池田健二,竹島幸治,109.2,2011.0,2014.0,2009.0
2018100035,アポロドリーム,牝,高橋俊之,,ドゥラメンテ,2012104511,アポロノカンザシ,2008110118,Ghostzapper,000a010525,（株）さくらオフィス,天羽禮治,109.2,2012.0,2008.0,2000.0
2018104377,コパノデナリス,牝,井樋一也,,コパノリチャード,2010106552,イメージング,2013105475,ワークフォース,000a011a7f,小林照弘,へいはた牧場,109.1,2010.0,2013.0,2007.0
2018102683,セイスフィア,牝,安部幸夫,,ラブリーデイ,2010104298,ディアレイラ,1999105049,シャンハイ,000a000d73,金田成基,田中春美,109.1,2010.0,1999.0,1989.0
2018101172,テーオーメルロー,牝,藤ヶ崎一,,ストロングリターン,2006102934,セイリングデイ,2012106356,ブラックタイド,2001103312,坂本弘樹,ヤナガワ牧場,109.0,2006.0,2012.0,2001.0
2018101162,キタサンカゲツ,牡,稲益貴弘,,マツリダゴッホ,2003104570,キタサンプリンセス,2012102273,エンパイアメーカー,000a010542,大野商事,ヤナガワ牧場,109.0,2003.0,2012.0,2000.0
2018104468,サツキベガ,牝,山崎裕也,,ビービーガルダン,2004106583,ベガフライト,2007102130,クロフネ,1998110135,小野博郷,幸牧場,108.8,2004.0,2007.0,1998.0
2018101689,マイネルホップ,牡,三小田幸,,ロージズインメイ,000a010a10,コスモスプラッシュ,2005105507,メジロブライト,1994108411,北原大史,シンカンファーム,108.8,2000.0,2005.0,1994.0
2018106264,キタノオーシャン,牡,榎屋充,,ダイワメジャー,2001103114,ホウホウ,000a0138a4,Dylan Thomas,000a011072,北所拓也,谷川牧場,108.2,2001.0,2010.0,2003.0
2018100597,シゲルチョウサヤク,牡,九日俊光,,ゼンノロブロイ,2000101517,シゲルオオスミ,2011101029,ボストンハーバー,000a00007c,森中蕃,高山博,108.2,2000.0,2011.0,1994.0
2018106624,サンシンノハナ,牝,松浦聡志,,ヴァンセンヌ,2009106525,ケイティクラシー,2003106465,キンググローリアス,000a000d48,岡浩二,モトスファーム,108.0,2009.0,2003.0,1986.0
2018101558,リュウノサラディン,牡,齊藤敏,,ジョーカプチーノ,2006100529,ハピネスミユキ,2006103560,シンボリクリスエス,1999110099,蓑島竜一,川越省蔵,108.0,2006.0,2006.0,1999.0
2018100257,ラストコジーン,牡,佐々木仁,,アドマイヤコジーン,1996106512,クラウンセシリア,2010105887,ブラックタイド,2001103312,矢野雅子,クラウン日高牧場,108.0,1996.0,2010.0,2001.0
2018100200,レベルマックス,牡,林正人,,アジアエクスプレス,2011110091,リトルジュリエット,2006103085,ワイルドラッシュ,000a0003a1,山口裕介,賀張中川牧場,108.0,2011.0,2006.0,1994.0
2018105928,エイシンリベルタス,牝,三小田幸,,エイシンプレストン,1997110161,エイシンモルト,2011101527,ハーツクライ,2001103038,伊勢光,栄進牧場,107.9,1997.0,2011.0,2001.0
2018106462,ウインバシリス,牝,高橋純,,ルーラーシップ,2007103143,マミモナ,2007101738,ダンスインザダーク,1993109188,山口謙太郎,日の出牧場,107.7,2007.0,2007.0,1993.0
2018101511,シルキークォーツ,牝,中野博,,メイショウサムソン,2003102205,シルキークラフト,2004110099,Crafty Prospector,000a00193b,（同）ＪＰＮ技研,オリエント牧場,107.6,2003.0,2004.0,1979.0
2018106180,メイショウマシフ,牡,平和人,,リアルインパクト,2008103244,シャルロッカ,2010102595,タニノギムレット,1999100226,吉岡一人,松栄牧場,107.5,2008.0,2010.0,1999.0
2018105967,エルカミーノ,牡,田中伸一,,ダイワメジャー,2001103114,ケルヴィテッセ,000a012381,Sadler's Wells,000a00185d,木村益生,栄進牧場,107.5,2001.0,2006.0,1981.0
2018100812,フルコース,牝,佐藤雅彦,,ジャングルポケット,1998101786,プリンセスプライド,2009102791,マンハッタンカフェ,1998101554,内藤正生,中館牧場,107.3,1998.0,2009.0,1998.0
2018103613,ヤマカツジーク,セ,高橋優子,,ヨハネスブルグ,000a0103b9,ヤマカツナタリー,2009103395,アグネスタキオン,1998101516,山田和夫,岡田牧場,107.2,1999.0,2009.0,1998.0
2018100102,オジョウサン,牝,金田一昌,,ジャスタウェイ,2009106461,エミネントシチー,1998106179,ブライアンズタイム,000a000082,村山忠弘,ＷｉｎｇＦａｒｍ,107.2,2009.0,1998.0,1985.0
2018103680,ギガインパクト,牝,山元博徳,,ディープブリランテ,2009105084,グレイスフルソング,2005110144,ロックオブジブラルタル,000a00fd4c,（株）ラグジュアリー,木村秀則,107.1,2009.0,2005.0,1999.0
2018106785,ハンデンアミーラ,牝,伊藤勝己,,ワールドエース,2009106353,ナシートアミーラ,2010106452,アジュディケーティング,000a000d5d,（有）ホースケア,川上牧場,107.0,2009.0,2010.0,1987.0
2018106054,ジュドヴァーグ,牝,後藤佑耶,,サウスヴィグラス,1996110138,ラメール,2009100337,ダイワメジャー,2001103114,ＫＡＪＩＭＯＴＯホールディングス,川越ファーム,107.0,1996.0,2009.0,2001.0
2018104704,イフェスティオ,牡,藤ヶ崎一,,ジャスタウェイ,2009106461,ナチュラルスタンス,2010103709,フジキセキ,1992109618,永山和夫,社台ファーム,107.0,2009.0,2010.0,1992.0
2018103461,ジェイピーバロン,牡,渡辺博文,,タニノギムレット,1999100226,メダリオンスター,2008103229,スペシャルウィーク,1995103211,原大栄,及川幸夫,107.0,1999.0,2008.0,1995.0
2018106500,キングプロテア,牝,真島元徳,,ワールドエース,2009106353,アモーレヴォレ,2005106469,アグネスデジタル,1997110025,加藤徹,三嶋牧場,106.6,2009.0,2005.0,1997.0
2018100925,サニーサンピング,牡,加藤和宏,,リオンディーズ,2013105915,サンピング,000a012fd0,Any Given Saturday,000a0113a0,（株）ファーストビジ,日高大洋牧場,106.6,2013.0,2010.0,2004.0
2018105767,ヤマジュンオオジ,牡,岡野尚光,,ローズキングダム,2007103404,クレバーピルエット,2009103037,リンカーン,2000101561,山下洵一郎,真壁信一,106.5,2007.0,2009.0,2000.0
2018104920,バトルフロント,牡,藤田正治,,ハーツクライ,2001103038,アーマイン,000a011503,Exchange Rate,000a011433,（同）ＪＰＮ技研,ノーザンファーム,106.4,2001.0,2003.0,1997.0
2018104748,プレニチュード,牝,高馬元紘,,オルフェーヴル,2008102636,フィジオクラート,000a013893,Doctor Dino,000a0137fd,堂守貴志,社台ファーム,106.3,2008.0,2012.0,2002.0
2018109029,コルデイロ,牝,原三男,,ラブリーデイ,2010104298,アンニュイブルース,2003104314,グラスワンダー,1995108676,藤元厚雄,風ノ丘ファーム,106.0,2010.0,2003.0,1995.0
2018105607,モクラン,牝,千葉博次,,スウェプトオーヴァーボード,000a00fa34,カシマヴィーナス,2006103068,シンボリクリスエス,1999110099,谷謙介,上水牧場,106.0,1997.0,2006.0,1999.0
2018101939,ムラサキノキミ,牝,盛本信春,,ヘニーハウンド,2008110097,チュロ,2011100012,キングヘイロー,1995104427,小国和紀,新冠伊藤牧場,106.0,2008.0,2011.0,1995.0
2018106006,グランエース,牡,武藤敏明,,ハービンジャー,000a011996,アルーリングアイズ,2011103563,ネオユニヴァース,2000101426,Ｉレーシング（株）,岡本昌市,105.9,2006.0,2011.0,2000.0
2018106718,リアルドリーム,牝,川島豊,,リアルインパクト,2008103244,スプリングドリュー,2000100128,ミシル,1988109110,（株）ファーストビジ,堀弘康,105.8,2008.0,2000.0,1988.0
2018103974,ダバイマーシカ,牝,北村欣也,,トゥザグローリー,2007103265,シャルフミニョンヌ,2006101195,ジャングルポケット,1998101786,（株）本城,武牧場,105.4,2007.0,2006.0,1998.0
2018105808,ティエドゥール,牝,保利良次,,ダイワメジャー,2001103114,ゴールウェイ,2009105639,フサイチコンコルド,1993109220,加藤誠,レイクヴィラファーム,105.0,2001.0,2009.0,1993.0
2018100864,リワードアメイン,牝,雑賀正光,,グランシュヴァリエ,2005104916,リワードクリエン,2011106196,ケイムホーム,000a0108d1,宮崎忠比古,日西牧場,105.0,2005.0,2011.0,1999.0
2018106627,ザオリオン,牡,大垣敏夫,,トーセンジョーダン,2006103169,スマートディルハム,2009103351,ディープインパクト,2002100816,野口幸八,山口義彦,104.5,2006.0,2009.0,2002.0
2018103356,ユウファースト,牡,角田輝也,,ダノンシャンティ,2007105709,サニークラッシック,2000100704,トニービン,1983109006,アイテツ,丸村村下ファーム,104.4,2007.0,2000.0,1983.0
2018103183,ライジングサン,牝,佐藤雅彦,,ロードカナロア,2008103552,オースミミズホ,2010102122,スペシャルウィーク,1995103211,鮫川啓一,鮫川啓一,104.2,2008.0,2010.0,1995.0
2018104140,タツノストーム,牡,鷹見浩,,ダノンレジェンド,2010110102,ワイルディング,2012103139,ワイルドラッシュ,000a0003a1,三河辰已,千代田牧場,104.0,2010.0,2012.0,1994.0
2018103839,アプリ,牝,川添明弘,,キングヘイロー,1995104427,レッドクリフ,2009103617,タップダンスシチー,1997110043,中地賢次郎,サンコウ牧場,104.0,1995.0,2009.0,1997.0
2018102921,シンクオブムーン,牝,田島寿一,,アドマイヤムーン,2003102991,ミュゼミランダ,2011104194,ダイワメジャー,2001103114,石塚史典,元道牧場,104.0,2003.0,2011.0,2001.0
2018102086,カガブルー,牡,佐藤雅彦,,ルーラーシップ,2007103143,カガフレグランス,2011103820,ゴールドアリュール,1999106689,鈴木克紀,ハシモトファーム,104.0,2007.0,2011.0,1999.0
2018100694,ヘヴンリーレイン,牝,桜田浩樹,,ディープブリランテ,2009105084,ヘヴンアンドアース,2012101599,アドマイヤムーン,2003102991,兼子尚也,ダーレー・ジャパン・ファーム,104.0,2009.0,2012.0,2003.0
2018101738,アレッタジェロディ,牡,三小田幸,,クリエイターII,000a013630,クィーンオブキネマ,2004100416,タイキシャトル,1994109686,北原大史,隆栄牧場,103.7,2013.0,2004.0,1994.0
2018103263,ミスティス,牡,池田忠好,,トーセンラー,2008102985,レッドロザリオ,2006102943,アグネスタキオン,1998101516,東海物流（有）,富塚ファーム,103.6,2008.0,2006.0,1998.0
2018102583,ペトログリフ,牝,菅原欣也,,ロードカナロア,2008103552,シンメイフジ,2007103593,フジキセキ,1992109618,橋本義次,ケイアイファーム,103.6,2008.0,2007.0,1992.0
2018104806,ナイトイーグル,牝,稲益貴弘,,Gleneagles,000a0128fa,ミッドナイトフラッシュ,000a013e71,Anabaa Blue,000a011385,社台レースホース,社台ファーム,103.5,2012.0,2008.0,1998.0
2018106917,シンゼンダッシュ,牡,田口輝彦,,フリオーソ,2004106867,ユメノカケハシ,2007102940,デュランダル,1999106756,伊藤雅康,大作ステーブル,103.4,2004.0,2007.0,1999.0
2018105057,チグサスマイル,牝,平山宏秀,,リオンディーズ,2013105915,シャレードスマイル,2013105932,ステイゴールド,1994108729,伊澤正行,ノーザンファーム,103.4,2013.0,2013.0,1994.0
2018101512,グルーヴィンルビー,牝,田中道夫,,メイショウサムソン,2003102205,シルキーグルーヴ,2000105190,トニービン,1983109006,加藤武久,オリエント牧場,103.3,2003.0,2000.0,1983.0
2018100323,フクロウネクスト,牝,柳井宏之,,リアルインパクト,2008103244,スターポケット,2010103024,ジャングルポケット,1998101786,中地賢次郎,坂戸節子,103.3,2008.0,2010.0,1998.0
2018105613,マイストック,牡,宗綱泰彦,,マクフィ,000a011c77,バイオレントハート,2004102427,ダンスインザダーク,1993109188,大黒富美子,上水牧場,102.9,2007.0,2004.0,1993.0
2018103284,マブサンシティー,牡,大島静夫,,マジェスティックウォリアー,000a011e9c,ブルーセレブ,2011103286,アサクサデンエン,1999110191,生杉学,中村雅明,102.8,2005.0,2011.0,1999.0
2018101854,ガガク,牝,東美義,,スクリーンヒーロー,2004103328,シンメイミヤビ,2005109191,Langfuhr,000a0021ab,山本浩司,飛渡牧場,102.7,2004.0,2005.0,1992.0
2018106838,エーパステソーロ,牡,東眞市,,キズナ,2010105827,イージーウィン,000a012f8c,Invincible Spirit,000a01056d,了徳寺健二ホールディングス,前谷武志,102.6,2010.0,2012.0,1997.0
2018104384,トゥルーウィッシュ,牝,東美義,,ベルシャザール,2008103004,ディアデム,2012104326,シンボリクリスエス,1999110099,小橋亮太,へいはた牧場,102.6,2008.0,2012.0,1999.0
2018102526,シェヴン,牝,武井和実,,モンテロッソ,000a011b05,ワタリラッシュ,2010101296,アドマイヤマックス,1999107004,八木かおり,加野牧場,102.6,2007.0,2010.0,1999.0
2018100564,エスプリジャファー,牡,久保秀男,,ケイムホーム,000a0108d1,レインオアシャイン,2006105911,キングカメハメハ,2001103460,依田泰雄,スウィングフィールド牧場,102.6,1999.0,2006.0,2001.0
2018109177,ストラズスピアー,牡,岡林光浩,,ストラヴィンスキー,000a00fa41,サクラコ,2010106584,メジロベイリー,1998101457,遠藤日出樹,夢大地グリーンバレー,102.5,1996.0,2010.0,1998.0
2018105737,ドリームエピソード,牡,尾林幸二,,ダノンシャンティ,2007105709,ダブルタイトル,1999106409,ホワイトマズル,1990109700,田辺廣己,東振牧場,102.5,2007.0,1999.0,1990.0
2018105732,カサリリー,牝,沖田明子,,エスポワールシチー,2005102837,カサパサー,2002102331,エルコンドルパサー,1995108742,篠原徹,高橋農場,102.5,2005.0,2002.0,1995.0
2018105403,ベルリナーレ,牡,長倉功,,モーリス,2011100655,イングリッド,2008102578,ディープインパクト,2002100816,森本研太,追分ファーム,102.5,2011.0,2008.0,2002.0
2018101855,バトルアメージング,牝,板垣吉則,,リーチザクラウン,2006102923,バトルジェジェジェ,2011104933,ステイゴールド,1994108729,宮川秋信,飛渡牧場,102.4,2006.0,2011.0,1994.0
2018101806,マサノオリオン,牡,竹下直人,,ゴールドヘイロー,1997101264,センターアンジェロ,2000103029,オペラハウス,000a000d77,中村時子,大作ステーブル,102.3,1997.0,2000.0,1988.0
2018101701,タカイチラブ,牡,菅原右吉,,ラブリーデイ,2010104298,クロスバラード,2003100364,タイキシャトル,1994109686,後藤順男,シンユウファーム,102.2,2010.0,2003.0,1994.0
2018105764,シェナモエギ,牝,山田正実,,トランセンド,2006104736,フィールザラブ,2009105592,デュランダル,1999106756,冨田藤男,平岡牧場,102.1,2006.0,2009.0,1999.0
2018109107,ベルウッドサンキュ,牡,伊藤大士,,リアルインパクト,2008103244,マウントフジ,2008109154,Orientate,000a010902,鈴木照雄,恵比寿興業株式会社那須野牧場,102.0,2008.0,2008.0,1998.0
2018104104,フローラルドリーム,牝,石橋満,,ディープブリランテ,2009105084,ヒラボクミラクル,2009103904,アグネスデジタル,1997110025,高橋正雄,千代田牧場,102.0,2009.0,2009.0,1997.0
2018103271,クリオシタース,セ,武藤善則,,パイロ,000a01176a,コスモミザール,2012110024,Pioneerof the Nile,000a0122f5,ノースヒルズ,中村雅明,102.0,2005.0,2012.0,2006.0
2018103059,プリエール,牝,吉田直弘,,モーリス,2011100655,プリオバーン,000a011dfb,Galileo,000a00232b,水上行雄,笠松牧場,102.0,2011.0,2007.0,1998.0
2018101128,フクノシーサー,牝,新谷功一,,ヘニーヒューズ,000a011155,ショウサンミーベル,2011101519,フジキセキ,1992109618,佐藤範夫,モリナガファーム,102.0,2003.0,2011.0,1992.0
2018100926,マテンロウステラ,牝,昆貢,,キングカメハメハ,2001103460,スウィートアンドセイヴォリー,000a012512,Storm Cat,000a001a98,寺田千代乃,日高大洋牧場,102.0,2001.0,2008.0,1983.0
2018100054,サウンドクラウン,牡,和田正一,,リーチザクラウン,2006102923,セトノレンブランサ,2007110128,Encosta de Lago,000a0112ca,増田雄一,新井昭二,102.0,2006.0,2007.0,1993.0
2018106796,アイトネテーラー,牝,土井道隆,,ブラックタイド,2001103312,アブソリューション,2004100722,タイキシャトル,1994109686,酒井孝敏,パカパカファーム,101.7,2001.0,2004.0,1994.0
2018102164,マイネルシェルム,牡,矢内博,,ディープブリランテ,2009105084,マイネソルシエール,2008104953,ロージズインメイ,000a010a10,横田一男,ビッグレッドファーム,101.4,2009.0,2008.0,2000.0
2018100301,サンラファイエット,牝,川嶋弘吉,,バンブーエール,2003104100,ラウンドガール,2011104960,サウスヴィグラス,1996110138,杉浦和也,ケイズ,101.2,2003.0,2011.0,1996.0
2018103434,イージス,牡,大垣敏夫,,ヘニーヒューズ,000a011155,サクセスビスケット,2002107292,サンデーサイレンス,000a00033a,野口幸八,石川牧場,101.1,2003.0,2002.0,1986.0
2018103964,アルファボンバー,牡,林正人,,ラブリーデイ,2010104298,チャードリー,2009106462,ウォーエンブレム,000a00fa35,近藤勝安,高橋義浩,101.0,2010.0,2009.0,1999.0
2018103637,スペリオン,牝,後藤佑耶,,トーセンモナーク,2005102391,スティールシャーク,2005102260,シンボリクリスエス,1999110099,小林正和,織田正敏,101.0,2005.0,2005.0,1999.0
2018100104,アイファーパンサー,牝,安部幸夫,,レッドスパーダ,2006105511,オトメローズ,2012103460,アサクサデンエン,1999110191,中島稔,ＷｉｎｇＦａｒｍ,100.8,2006.0,2012.0,1999.0
2018105646,トーセンビビアン,牝,川島正一,,トーセンモナーク,2005102391,チャイナドレス,2013105970,ハービンジャー,000a011996,島川隆哉,エスティファーム,100.5,2005.0,2013.0,2006.0
2018101159,メリーミー,牝,高岩孝敏,,ストロングリターン,2006102934,モエレプロポーズ,2006103782,マジックマイルズ,000a000d4c,長橋賢吾,門別牧場,100.5,2006.0,2006.0,1985.0
2018101998,ジェットセッター,牡,桜井今朝,,ダイワメジャー,2001103114,プリンセスルーシー,000a012524,Strategic Prince,000a01246a,野村茂雄,新冠橋本牧場,100.4,2001.0,2010.0,2004.0
2018106672,ジューンメモリー,牝,西村守幸,,メイショウボーラー,2001100650,シオサイ,2011105398,ファスリエフ,000a00fc4c,組）オールザベスト組,澤井義一,100.0,2001.0,2011.0,1997.0
2018101390,シェナトラ,牡,山越光,,トランセンド,2006104736,ユーワゼフィルス,2001106724,スペシャルウィーク,1995103211,冨田藤男,船越伸也,100.0,2006.0,2001.0,1995.0
2018100977,デルマムリョウ,牝,坂本昇,,ノヴェリスト,000a012230,デルマドゥルガー,2008106038,リンカーン,2000101561,浅沼廣幸,ファニーヒルファーム,100.0,2009.0,2008.0,2000.0
2018100080,アイファージャガー,牡,安部幸夫,,レッドスパーダ,2006105511,イエスウイウィル,2006105269,ステイゴールド,1994108729,中島稔,アースファーム,100.0,2006.0,2006.0,1994.0
2018100059,モントレージャック,牡,中川竜馬,,アイルハヴアナザー,000a011ed3,ブルーモントレー,2010110106,ヘニーヒューズ,000a011155,吉橋英隆,新井昭二,99.9,2009.0,2010.0,2003.0
2018101040,ゲンキセーラ,牡,保利良次,,タイムパラドックス,1998101683,リブレット,2004105233,マリエンバード,000a00fa36,藤井陸治,細川牧場,99.8,1998.0,2004.0,1997.0
2018103240,ジャルベラロッサ,牝,土井道隆,,メイショウボーラー,2001100650,スイートウィリアム,1998104877,Miswaki,000a0017b0,酒井孝敏,高岸順一,99.7,2001.0,1998.0,1978.0
2018103718,サムドリーム,牝,今津博之,,オルフェーヴル,2008102636,サムロマンス,000a013712,Galileo,000a00232b,是枝浩平,グランド牧場,99.0,2008.0,2013.0,1998.0
2018106107,ライヴワッフル,牝,菅原勲,,ダイワメジャー,2001103114,ミリアム,2006102735,キングカメハメハ,2001103460,澤田孝之,杵臼牧場,98.8,2001.0,2006.0,2001.0
2018104400,シャイニークロレ,牝,野田幸雄,,ラブリーデイ,2010104298,シェーナビアンカ,2010102949,タイキシャトル,1994109686,伊勢光,真歌田中牧場,98.6,2010.0,2010.0,1994.0
2018103002,ミューテーション,牡,水野貴史,,トーセンジョーダン,2006103169,コイセヨオトメ,2002102878,フジキセキ,1992109618,梅田和義,梅田牧場,98.5,2006.0,2002.0,1992.0
2018100368,マルヨアイチ,牡,柴田高志,,アンライバルド,2006103308,トゥインクルタイム,2004109160,フジキセキ,1992109618,野村春行,渋谷健作,98.3,2006.0,2004.0,1992.0
2018104281,ゼファーディディ,牝,坂口義幸,,ロードアルティマ,2000110026,サイレントエクセル,2003102130,ウイングアロー,1995101039,蔀英二,原ファーム,98.1,2000.0,2003.0,1995.0
2018106349,マイスクワッド,牝,横山保,,カレンブラックヒル,2009106230,ダブルファンタジー,2010104961,ジャイアントレッカー,000a01151b,北原大史,辻牧場,98.0,2009.0,2010.0,2002.0
2018102784,フクロウレナチャン,牡,柳井宏之,,グランプリボス,2008103388,サプライズライン,2011102824,スウェプトオーヴァーボード,000a00fa34,中地賢次郎,藤巻則弘,98.0,2008.0,2011.0,1997.0
2018105625,トーセンアーサー,牡,後藤正義,,トーセンファントム,2007102870,エスティマリリン,2010100244,ザール,000a010990,島川隆哉,エスティファーム,97.9,2007.0,2010.0,1995.0
2018101911,スタータンジョウ,牡,飯田弘道,,ショウナンカンプ,1998102595,シルキードルチェ,1998107176,パレスミュージック,000a001c96,四宮圭,中山高鹿康,97.6,1998.0,1998.0,1981.0
2018101476,オーガーウェル,牝,笹田和秀,,キズナ,2010105827,オーサムチャーム,000a010aa7,Awesome Again,000a0021cb,小林竜太郎,岩見牧場,97.5,2010.0,2000.0,1994.0
2018102310,マナカナデ,牝,佐藤雅彦,,スターリングローズ,1997106560,タイキランデヴー,2003103456,スペシャルウィーク,1995103211,（同）ＭＩＲＡＩ,村上進治,97.4,1997.0,2003.0,1995.0
2018100884,ルタピヴォラン,牡,瀬戸幸一,,マツリダゴッホ,2003104570,ハヤブサラヴハート,2007100272,シンボリクリスエス,1999110099,岩渕瑞生,長谷部牧場,97.4,2003.0,2007.0,1999.0
2018103966,パープルフリージア,牝,伊藤勝己,,ネオユニヴァース,2000101426,レイナウッド,2005106511,ボストンハーバー,000a00007c,（有）ホースケア,高橋義浩,97.3,2000.0,2005.0,1994.0
2018105706,オウケンブレイク,牡,大島静夫,,フェノーメノ,2009106599,オウケンチョコ,2012105617,バゴ,2001190004,（同）ＪＰＮ技研,社台牧場,97.2,2009.0,2012.0,2001.0
2018105995,バンカーバスター,セ,井手上慎,,プリサイスエンド,000a00fe9b,ミスチフキッツ,2008101951,マーベラスサンデー,1992103687,吉田勝利,大西ファーム,96.8,1997.0,2008.0,1992.0
2018101235,カシマユウミヒメ,牝,坂口義幸,,ホッコータルマエ,2009100921,ディープビヨンド,2012103790,ディープインパクト,2002100816,鹿島敏裕,若林順一,96.8,2009.0,2012.0,2002.0
2018106434,アイフレンズ,牝,石川浩文,,バゴ,2001190004,アイハヴアジョイ,2014106349,アイルハヴアナザー,000a011ed3,（株）アプエンテ,日本中央競馬会日高育成牧場,96.6,2001.0,2014.0,2009.0
2018100468,リュクスマジェスタ,牡,加藤幸保,,マジェスティックウォリアー,000a011e9c,リュクスメジャー,2009106549,ダイワメジャー,2001103114,田畑憲士,庄野牧場,96.6,2005.0,2009.0,2001.0
2018104810,ミルヒライス,牝,玉垣光章,,ストロングリターン,2006102934,ミルフィオリ,2000101432,サンデーサイレンス,000a00033a,久保田健治,社台ファーム,96.5,2006.0,2000.0,1986.0
2018101913,キトロギア,牝,渋谷信博,,シビルウォー,2005102317,タイバンショウ,2005105698,ステイゴールド,1994108729,小沼一成,中山高鹿康,96.5,2005.0,2005.0,1994.0
2018103327,ヤマニンココット,牝,伊藤和忍,,ストロングリターン,2006102934,ヤマニンアリエル,2002102265,サンデーサイレンス,000a00033a,土井久美子,廣田光夫,96.4,2006.0,2002.0,1986.0
2018100975,デルマジュンデイ,牝,金田一昌,,スピルバーグ,2009105961,デルマセンヒメ,2013105717,ワークフォース,000a011a7f,浅沼廣幸,ファニーヒルファーム,96.2,2009.0,2013.0,2007.0
2018100160,オースミキャスト,牡,坂本和也,,フェノーメノ,2009106599,ルナルナ,2001105863,アフリート,000a000013,オースミ,沖田牧場,96.0,2009.0,2001.0,1984.0
2018105879,マックスマキ,牝,栗本陽一,,モンテロッソ,000a011b05,トシザマキ,2007101248,デュランダル,1999106756,三峰誠植,浦河小林牧場,95.9,2007.0,2007.0,1999.0
2018106740,アカトンボ,牝,坂口義幸,,ダノンシャンティ,2007105709,レナプリンセス,2006103455,メジロライアン,1987105368,組）リノレーシング,高橋正三,95.8,2007.0,2006.0,1987.0
2018105229,バンテージポイント,セ,角田輝也,,モーリス,2011100655,フリーティングスピリット,000a012517,Invincible Spirit,000a01056d,森岡幸人,ノーザンファーム,95.8,2011.0,2005.0,1997.0
2018102476,ビューチーセダン,牡,平松徳彦,,リヤンドファミユ,2010104396,パッションエレナ,2012106155,ディープスカイ,2005101358,泉一郎,沖田哲夫,95.8,2010.0,2012.0,2005.0
2018102322,フェスティヴポン,牝,加藤幸保,,サウスヴィグラス,1996110138,ワンモアフリート,2002104557,アフリート,000a000013,臼井義太郎,村上進治,95.8,1996.0,2002.0,1984.0
2018105566,オスタークラング,牝,玉井昇,,ルーラーシップ,2007103143,ラフォルジュルネ,2007103007,スペシャルウィーク,1995103211,鶴谷義雄,社台コーポレーション白老ファーム,95.0,2007.0,2007.0,1995.0
2018101388,ヴァラマイト,牡,清水英克,,サウスヴィグラス,1996110138,シュシュファレル,2008106429,タップダンスシチー,1997110043,ローレルレーシング,船越伸也,95.0,1996.0,2008.0,1997.0
2018102515,ジョセイカツヤク,牝,千葉博次,,ジョーカプチーノ,2006100529,ディーズハイビガー,2006106773,アグネスデジタル,1997110025,由井健太郎,加野牧場,94.9,2006.0,2006.0,1997.0
2018100178,ケンタッキークリア,牝,鈴木勝文,,ブレイクランアウト,2006110007,アナンタン,2009103820,キングカメハメハ,2001103460,遠藤喜和,オリオンファーム,94.9,2006.0,2009.0,2001.0
2018105385,アジュガ,牝,伊藤勝己,,ハーツクライ,2001103038,ロンゲイヴィア,000a013c81,Manduro,000a0114b8,（同）ＪＰＮ技研,ノーザンファーム,94.8,2001.0,2011.0,2002.0
2018101274,アイルキング,牡,伊藤勝己,,ミッキーアイル,2011103916,アレアレア,2008110100,Kyllachy,000a010cba,（有）ホースケア,北島牧場,94.8,2011.0,2008.0,1998.0
2018105770,クイントン,牝,矢野久美,,ラブリーデイ,2010104298,ファミッリア,2006110055,Holy Bull,000a000180,川添裕起,真壁信一,94.7,2010.0,2006.0,1991.0
2018105270,マコトホウジュマル,牡,石橋満,,マコトスパルビエロ,2004103984,マコトキンラン,2002101009,サンデーサイレンス,000a00033a,ディアマント,ノーザンファーム,94.6,2004.0,2002.0,1986.0
2018103834,ベリッシモコスモ,牝,酒井一則,,トゥザワールド,2011103975,レディマスグレイヴ,2012101616,コマンズ,000a011625,寒川太一,佐竹学,94.5,2011.0,2012.0,1996.0
2018103421,リックシエリ,牝,森山英雄,,ナカヤマフェスタ,2006102424,ミカワマドカ,1998102865,アジュディケーティング,000a000d5d,山邉浩,荒木貴宏,94.5,2006.0,1998.0,1987.0
2018102331,キクノトーヴァー,牡,川西毅,,スクリーンヒーロー,2004103328,カイアナイト,2008103219,シンボリクリスエス,1999110099,菊池五郎,村上牧場,94.5,2004.0,2008.0,1999.0
2018101460,ヴィライル,牡,佐藤博紀,,トーセンホマレボシ,2009106092,シルクアワード,2001101523,スピニングワールド,000a000325,谷口悦一,石田牧場,94.4,2009.0,2001.0,1993.0
2018106840,ジュンストーム,牡,高柳大輔,,ネオユニヴァース,2000101426,エイシンパンジー,2000100011,トニービン,1983109006,河合純二,マリオステーブル,94.3,2000.0,2000.0,1983.0
2018101795,ハローリチャード,牡,坂口義幸,,コパノリチャード,2010106552,ドリームパール,2009106892,マンハッタンカフェ,1998101554,遠藤喜和,大栄牧場,94.3,2010.0,2009.0,1998.0
2018104402,ピンポンダマ,牡,北野真弘,,リオンディーズ,2013105915,マイネノーブレス,2007105000,マヤノトップガン,1992102988,橋本政信,真歌田中牧場,93.7,2013.0,2007.0,1992.0
2018103044,ユイアンデービス,牝,玉井昇,,ミッキーアイル,2011103916,フミノサチヒメ,2003102413,タイキシャトル,1994109686,横田一男,カケハムポニークラブ,93.5,2011.0,2003.0,1994.0
2018105752,アマジチャン,牝,田中伸一,,モンテロッソ,000a011b05,サイキカンパツ,2006102519,ティンバーカントリー,000a00035e,小橋亮太,野々宮豊,93.0,2007.0,2006.0,1992.0
2018105620,アラメア,牝,那俄性哲,,ドゥラメンテ,2012104511,ロアジス,2011110021,Medaglia d'Oro,000a010a65,岩田雅之,上水牧場,93.0,2012.0,2011.0,1999.0
2018102809,カシオペアテソーロ,牡,東眞市,,ゼンノロブロイ,2000101517,ヒマラヤタカコ,2011101475,タイキシャトル,1994109686,了徳寺健二ホールディングス,本桐牧場,92.6,2000.0,2011.0,1994.0
2018109151,マツプリンセス,牝,田中譲二,,セイントアレックス,2007110008,プリンセスプラン,2012102596,オペラハウス,000a000d77,坂本孝徳,和田保夫,92.5,2007.0,2012.0,1988.0
2018103544,ハクガンリュウ,牡,伊藤強一,,マツリダゴッホ,2003104570,ブルーミングガール,2005100107,サクラバクシンオー,1989108341,國立治,岡田スタッド,92.5,2003.0,2005.0,1989.0
2018101441,マロンシャンティ,牝,宇野木博,,アジアエクスプレス,2011110091,アイアイボタン,2002105604,アドマイヤベガ,1996107396,阿部耕三,石郷岡五月,92.0,2011.0,2002.0,1996.0
2018100978,デルマベンザイテン,牝,金田一昌,,シビルウォー,2005102317,デルマホンジュイン,2013105444,ハービンジャー,000a011996,浅沼廣幸,ファニーヒルファーム,92.0,2005.0,2013.0,2006.0
2018100062,ゴーフォーゴールド,牡,小西重征,,ジャングルポケット,1998101786,レインボーハート,2007102954,エアジハード,1995107978,村井良孝,新井昭二,91.5,1998.0,2007.0,1995.0
2018104868,トゥオトゥオ,牡,石川浩文,,ミッキーアイル,2011103916,ロイヤルファンタジー,000a011350,Monsun,000a010db6,（同）ＪＰＮ技研,社台ファーム,91.1,2011.0,2000.0,1990.0
2018103555,リャナンシー,牝,佐々木清,,トーセンラー,2008102985,ミッドキャップ,000a010dcf,アントレプレナー,000a000112,矢沼浩二,岡田スタッド,91.0,2008.0,2002.0,1994.0
2018101330,ノブカナロア,牡,小久保智,,ロードカナロア,2008103552,ブリーズドゥメール,2013105553,ヴィクトワールピサ,2007102923,前田亘輝,二風谷ファーム,91.0,2008.0,2013.0,2007.0
2018100869,エスポデージー,牡,錦見勇夫,,エスポワールシチー,2005102837,ピンクデージー,2007105881,ワイルドラッシュ,000a0003a1,山本忍,野島牧場,91.0,2005.0,2007.0,1994.0
2018103682,ゴッドシエル,セ,胡本友晴,,エピファネイア,2010104155,ゴッドフロアー,2010106226,ハーツクライ,2001103038,（株）アネモネ,木村秀則,90.8,2010.0,2010.0,2001.0
2018103475,ヴォンタリエール,牝,宇都英樹,,ショウナンカンプ,1998102595,ウインディーヒル,2008100123,マンハッタンカフェ,1998101554,松永直記,岡田スタッド,90.6,1998.0,2008.0,1998.0
2018105627,トーセンフィガロ,牡,山田義人,,トーセンファントム,2007102870,エミレーツガール,000a012e25,Lizard Island,000a0129b9,上岡和男,エスティファーム,90.5,2007.0,2010.0,2005.0
2018103318,ロイコ,牝,橘友和,,ガルボ,2007101163,スカイグラフィティ,2010102979,ジャングルポケット,1998101786,石川秀守,ヒダカファーム,90.3,2007.0,2010.0,1998.0
2018101525,サイタオフェーリア,牝,飯田弘道,,リオンディーズ,2013105915,タイセイクインス,2009100048,ワイルドラッシュ,000a0003a1,大黒富美子,柏木一則,90.2,2013.0,2009.0,1994.0
2018104564,スクリーンマドンナ,牝,山田徹,,スクリーンヒーロー,2004103328,オメガハートランド,2009105758,アグネスタキオン,1998101516,伊藤稔,社台ファーム,90.0,2004.0,2009.0,1998.0
2018103772,スズカスパーブオー,牡,西橋豊治,,サウスヴィグラス,1996110138,スパーブクィーン,2008100870,グラスワンダー,1995108676,永井啓弍,ゴールドアップカンパニー,90.0,1996.0,2008.0,1995.0
2018101641,シャンソンマッジョ,牝,加藤和宏,,ロージズインメイ,000a010a10,バラードソング,2008102892,ハーツクライ,2001103038,（株）ファーストビジ,コスモヴューファーム,90.0,2000.0,2008.0,2001.0
2018101301,ファンアンドトーチ,牝,菅原勲,,フェノーメノ,2009106599,ゴールデンワトル,2012104734,スニッツェル,000a010eaa,吉田哲,スガタ牧場,90.0,2009.0,2012.0,2002.0
2018100688,アウリッシュ,牝,伊藤圭三,,パイロ,000a01176a,バーンアウル,2011100560,コマンズ,000a011625,ゴドルフィン,ダーレー・ジャパン・ファーム,90.0,2005.0,2011.0,1996.0
2018100047,ゴスホーククレスト,牡,西田雄一,,ゴスホークケン,2005110186,マルターズヒート,2001110249,Old Trieste,000a00fdb3,藤田在子,天羽禮治,90.0,2005.0,2001.0,1995.0
2018106221,グランドアイディル,牡,山田義人,,ザサンデーフサイチ,2004102855,クールグラン,2008101253,ジャングルポケット,1998101786,笠原久夫,多田善弘,89.9,2004.0,2008.0,1998.0
2018103108,テイエムメジャー,牡,平山宏秀,,ダイワメジャー,2001103114,アグネスラック,2003102471,クロフネ,1998110135,竹園正繼,高昭牧場,89.9,2001.0,2003.0,1998.0
2018101810,シブコ,牝,大島静夫,,ドゥラメンテ,2012104511,バリーバーン,2001103356,エンドスウィープ,000a00010f,北原大史,大作ステーブル,89.9,2012.0,2001.0,1991.0
2018109011,ボルドーマリー,牝,地辺幸一,,ウインバリアシオン,2008103206,マリーシア,2008103169,クロフネ,1998110135,澤田祐樹,荒谷牧場,89.7,2008.0,2008.0,1998.0
2018100235,フューリーロード,牡,榎屋充,,ヴィクトワールピサ,2007102923,ラレンヌ,2010100889,ルールオブロー,000a010d7d,木部嚴生,木部ファーム,89.7,2007.0,2010.0,2001.0
2018102947,ボールドリーチ,牡,加藤和宏,,リーチザクラウン,2006102923,エヴァソーマッチ,2004101253,アフリート,000a000013,（株）ファーストビジ,米田和子,89.5,2006.0,2004.0,1984.0
2018100150,フォルビンジャー,牡,今井輝和,,ハービンジャー,000a011996,ニシノカザブエ,2011103716,ステイゴールド,1994108729,八嶋長久,沖田牧場,89.5,2006.0,2011.0,1994.0
2018105699,ファニーフェース,牝,今津勝之,,ストロングリターン,2006102934,シルキーメイン,2004110243,Barathea,000a000054,小林克己,小林孝幸,88.9,2006.0,2004.0,1990.0
2018103460,ヴィヴァルト,牝,山崎裕也,,ジョーカプチーノ,2006100529,プリンセスワルツ,1999104488,ブライアンズタイム,000a000082,嶋田武彦,及川幸夫,88.5,2006.0,1999.0,1985.0
2018101009,クリノネモフィラ,牝,斎藤雄一,,ハービンジャー,000a011996,エクディス,2013106085,クロフネ,1998110135,吉田勝利,宝寄山拓樹,88.5,2006.0,2013.0,1998.0
2018100893,タビズキ,牝,飯田弘道,,キンシャサノキセキ,2003110212,カストリア,000a01069f,Kingmambo,000a001d7e,（有）長谷川牧場,浜本牧場,88.5,2003.0,2001.0,1990.0
2018105514,シンパセティック,牝,佐藤敏彦,,ルーラーシップ,2007103143,スヴァラッシー,2011103533,ディープインパクト,2002100816,八嶋長久,社台コーポレーション白老ファーム,88.1,2007.0,2011.0,2002.0
2018103895,キャッスルクイーン,牝,渋谷信博,,トゥザグローリー,2007103265,キャッスルスピカ,2006106471,タイキブリザード,1991109979,城市公,城市公,88.0,2007.0,2006.0,1991.0
2018103219,コウユーオトコマエ,牡,九日俊光,,キングヘイロー,1995104427,クォーク,2006100876,ネオユニヴァース,2000101426,加治屋貞光,大北牧場,88.0,1995.0,2006.0,2000.0
2018102424,ウィッシュスター,牝,高岩孝敏,,ネオユニヴァース,2000101426,パレスダイヤモンド,2005104903,グラスワンダー,1995108676,榊原勝好,レジェンドファーム,88.0,2000.0,2005.0,1995.0
2018102312,ハンデンローズ,牝,東眞市,,スターリングローズ,1997106560,ダイイチボタン,2000107632,ティンバーカントリー,000a00035e,伊藤稔,村上進治,88.0,1997.0,2000.0,1992.0
2018101723,ローズライデン,牡,矢内博,,ヴェリーハード,2006101853,エクレアローズ,2008102575,グリーンアプローズ,1994109559,田村義徳,スターファーム,88.0,2006.0,2008.0,1994.0
2018100815,アークシャルドン,牝,水野貴史,,ワールドエース,2009106353,シャルドン,2012101671,キングカメハメハ,2001103460,アークフロンティア,ナカノファーム,88.0,2009.0,2012.0,2001.0
2018100143,マイプレジャー,牝,三坂盛雄,,サウスヴィグラス,1996110138,オーゴンヒリツ,2008105366,イーグルカフェ,1997110118,沖田正憲,沖田牧場,88.0,1996.0,2008.0,1997.0
2018104958,ラパールデザンジュ,牝,後藤佑耶,,ヘニーヒューズ,000a011155,エクレールアンジュ,2013105763,ゼンノロブロイ,2000101517,（同）ランニング・ク,ノーザンファーム,87.7,2003.0,2013.0,2000.0
2018106826,タイムゲレイロ,牝,山越光,,ローレルゲレイロ,2004100933,タイムデヴィアス,2009102977,タイムパラドックス,1998101683,福山清二,福山牧場,87.5,2004.0,2009.0,1998.0
2018103793,ノーブルウィング,牝,那俄性哲,,リーチザクラウン,2006102923,プロフェシーライツ,2000102674,アフリート,000a000013,吉木伸彦,坂本智広,87.5,2006.0,2000.0,1984.0
2018100850,ホールドオンミー,牝,小沢宏次,,バゴ,2001190004,キシュウグラシア,2006105852,フジキセキ,1992109618,堀口晴男,日西牧場,87.5,2001.0,2006.0,1992.0
2018104003,オオモリクン,セ,佐々木由,,サクラオリオン,2002104686,サクラエボル,2008100400,サクラバクシンオー,1989108341,大黒富美子,谷岡スタット,86.7,2002.0,2008.0,1989.0
2018105765,ホットスポット,牝,井樋一也,,アンライバルド,2006103308,エポレット,2000101505,リアルシャダイ,000a0002a6,小柳猛,真壁信一,86.6,2006.0,2000.0,1979.0
2018100871,ヴァラデロ,牝,竹下直人,,エピファネイア,2010104155,キネオマドンナ,2011104415,クロフネ,1998110135,（株）ファーストビジ,ノースガーデン,86.6,2010.0,2011.0,1998.0
2018106863,ソウウンオーロラ,牝,宮浦正行,,トゥザグローリー,2007103265,ワンダーアムレット,2011106536,ストラヴィンスキー,000a00fa41,服部新平,フクダファーム,86.5,2007.0,2011.0,1996.0
2018102351,キタサンアルゴン,牡,辻野豊,,ブラックタイド,2001103312,キタサンハルカゼ,2013102082,マヤノトップガン,1992102988,大野商事,村田牧場,86.5,2001.0,2013.0,1992.0
2018106590,ワイプユアアイズ,牝,村上実,,アンライバルド,2006103308,マジェスティックブライト,000a011dfc,Pivotal,000a002328,桧森高史,ミリオンファーム,86.1,2006.0,2007.0,1993.0
2018106854,ルイネーション,牝,坂口義幸,,パイロ,000a01176a,レディシアトル,2013103451,エンパイアメーカー,000a010542,（株）ＪＨＢ,笹地牧場,85.9,2005.0,2013.0,2000.0
2018106417,ビューティフルボム,牝,別府真司,,ダンカーク,000a012185,チャンピオンダイヤ,2008106569,ダンスインザダーク,1993109188,西森功,日優牧場,85.9,2006.0,2008.0,1993.0
2018101830,サンエイムーン,牡,高月賢一,,リアルインパクト,2008103244,チャームラブ,2003100263,フレンチデピュティ,000a00013a,鈴木雅俊,対馬正,85.5,2008.0,2003.0,1992.0
2018101570,ゴヨウマツミッチー,牡,村上実,,パイロ,000a01176a,ネオグラティア,2006104293,ネオユニヴァース,2000101426,茂木道和,川島牧場,85.5,2005.0,2006.0,2000.0
2018103363,テイエムアザヤカ,牝,平山宏秀,,ケープブランコ,000a011b06,ナンヨーサフラウア,2008103295,アグネスタキオン,1998101516,竹園正繼,三好牧場,85.4,2007.0,2008.0,1998.0
2018101344,アレッサ,牝,山田義人,,キンシャサノキセキ,2003110212,カメリアローズ,2000104465,ホワイトマズル,1990109700,（株）ボンズ,坂東牧場,85.4,2003.0,2000.0,1990.0
2018102890,サンデーニシキ,牡,錦見勇夫,,アドマイヤマックス,1999107004,スリーキュート,2001103736,トワイニング,000a000006,錦見日出雄,三石ファーム,85.0,1999.0,2001.0,1991.0
2018102732,エポックメイキング,牝,織田誠,,メイショウサムソン,2003102205,ノーブルペニー,2003110246,Bahri,000a001fd8,阿部博憲,中橋正,84.9,2003.0,2003.0,1992.0
2018100770,ラロコルポ,牡,加藤和宏,,グラスワンダー,1995108676,ラロキューン,2009101644,ファスリエフ,000a00fc4c,（株）ファーストビジ,ディアレストクラブ,84.6,1995.0,2009.0,1997.0
2018100358,シングンキャンディ,牝,三坂盛雄,,シビルウォー,2005102317,クイーンブルー,2002107600,アドマイヤベガ,1996107396,伊坂重憲,鹿戸美明,84.0,2005.0,2002.0,1996.0
2018106894,プートワモナムール,牝,加藤和宏,,ゴールスキー,2007102676,ピンクキャンドル,2004102992,マヤノトップガン,1992102988,（株）ファーストビジ,エイトカラーファームズ,83.6,2007.0,2004.0,1992.0
2018102630,カゼノシルエット,牝,藤ヶ崎一,,ヴィクトワールピサ,2007102923,レディアモーレ,2003101181,フレンチデピュティ,000a00013a,服部康夫,嶋田牧場,83.6,2007.0,2003.0,1992.0
2018102553,カッコイイ,牡,安部幸夫,,ジャスタウェイ,2009106461,オオオク,2013101618,キングカメハメハ,2001103460,西村清子,グローリーファーム,83.5,2009.0,2013.0,2001.0
2018100286,クールレモンチャン,牝,坂口義幸,,ジャングルポケット,1998101786,グランデクオーレ,2012104309,シンボリクリスエス,1999110099,村島昭男,グッドラック・ファーム,83.3,1998.0,2012.0,1999.0
2018102960,ガミラスチェルシー,牝,大塚信次,,テラザクラウド,2007100428,テラザパピヨン,2012102656,トワイニング,000a000006,藤井猛,レースホース牧場,83.1,2007.0,2012.0,1991.0
2018100787,バジガクシェリール,牝,久保秀男,,ダノンシャーク,2008105554,ゴールドリボン,2012101648,スターキングマン,1999110010,（株）馬事学院,豊郷牧場,83.0,2008.0,2012.0,1999.0
2018103942,ツイスタンシャウツ,牡,伊藤勝好,,ミッキーアイル,2011103916,プードルデコール,2010104493,New Approach,000a011656,小橋亮太,高橋修,82.8,2011.0,2010.0,2005.0
2018105600,ミスミシマ,牝,柳井宏之,,ロージズインメイ,000a010a10,ロココキャンドル,2010102968,ステイゴールド,1994108729,瀬戸年美,市川牧場,82.7,2000.0,2010.0,1994.0
2018106067,エリーゴールド,牝,伊藤勝好,,ダンカーク,000a012185,ゴールドウィング,2012105259,ステイゴールド,1994108729,（有）ホースケア,木戸口牧場,82.2,2006.0,2012.0,1994.0
2018100952,シングンノヴァ,牡,真島元徳,,シングンオペラ,1998105609,アルコシエロ,2009104066,ハーツクライ,2001103038,伊坂重憲,広富牧場,82.1,1998.0,2009.0,2001.0
2018100529,ジャグリング,牝,新開幸一,,エピファネイア,2010104155,カグラ,000a011de8,Vindication,000a010544,中村祐子,シンボリ牧場,82.1,2010.0,2008.0,2000.0
2018102920,イチゴミルク,牝,吉橋淳一,,ジョーカプチーノ,2006100529,スガコ,2001101400,キンググローリアス,000a000d48,（同）ＪＰＮ技研,元道牧場,82.0,2006.0,2001.0,1986.0
2018101061,フークウィンクルム,牡,沖田明子,,バトルプラン,000a0118e8,ヒカリベルサイユ,2004103465,タニノギムレット,1999100226,組）ＫＩＺＵＮＡ組合,前川義則,81.6,2005.0,2004.0,1999.0
2018106109,リリーホワイト,牝,工藤裕孝,,ヨハネスブルグ,000a0103b9,ラジョコンダ,2011104099,フジキセキ,1992109618,レッドマジック,杵臼牧場,81.3,1999.0,2011.0,1992.0
2018106783,クロステイア,牝,武藤敏明,,ワールドエース,2009106353,トレノブレーヴィ,2006106853,アグネスデジタル,1997110025,Ｉレーシング（株）,川上牧場,81.2,2009.0,2006.0,1997.0
2018110082,モズトレジャー,牝,田中一巧,,カリフォルニアクローム,000a012602,Somethinaboutbetty,000a014a51,Forestry,000a002270,北側雅勝,Siena Farms LLC,81.0,2011.0,2003.0,1996.0
2018106526,ミライノホシ,牝,鈴木正也,,ジョーカプチーノ,2006100529,トップモデル,2008100480,ロックオブジブラルタル,000a00fd4c,甘糟裕介,三嶋牧場,81.0,2006.0,2008.0,1999.0
2018102242,オーミジルベール,牡,手島勝利,,メイショウサムソン,2003102205,オーミバンビーナ,2011105319,ブラックタイド,2001103312,岩崎僖澄,松木加代,81.0,2003.0,2011.0,2001.0
2018101454,コスモライティング,牡,宇都英樹,,スクリーンヒーロー,2004103328,マイネモントル,2010101407,マイネルラヴ,1995108558,トニーホースコーポレ,石郷岡五月,81.0,2004.0,2010.0,1995.0
2018100041,グレイトティット,牝,川島雅人,,ゴスホークケン,2005110186,シベリアンセオリー,2012101016,ディープインパクト,2002100816,藤田在子,天羽禮治,81.0,2005.0,2012.0,2002.0
2018101408,トーホウバッカス,牡,原口次夫,,ダイワメジャー,2001103114,マジックポーションII,000a011dc4,Danehill Dancer,000a002309,藤居正樹,秋田牧場,80.6,2001.0,2006.0,1993.0
2018109054,シェナザール,牝,吉田正美,,ベルシャザール,2008103004,チェレンコフ,2009105747,アグネスタキオン,1998101516,冨田藤男,青南ムラカミファーム,80.5,2008.0,2009.0,1998.0
2018102824,トーホウサキ,牝,伊藤強一,,ロードカナロア,2008103552,ペパーミントラヴ,2006103126,シンボリクリスエス,1999110099,冨田清誠,前川勝春,80.5,2008.0,2006.0,1999.0
2018106846,オウンゴール,牡,中川竜馬,,トーセンジョーダン,2006103169,ラボンボネーラ,2013106393,ディープスカイ,2005101358,酒井孝敏,習志野牧場,80.3,2006.0,2013.0,2005.0
2018102129,ヒットアロット,牝,藤ヶ崎一,,ゴールドシップ,2009102739,コスモスカイライン,2003106856,グラスワンダー,1995108676,谷伊織,ビッグレッドファーム,80.2,2009.0,2003.0,1995.0
2018101477,フクネン,牝,桜田浩樹,,カレンブラックヒル,2009106230,ケージーフジムスメ,2008104272,キングカメハメハ,2001103460,門井秀一,岩見牧場,80.2,2009.0,2008.0,2001.0
2018102619,チョウラブリー,牝,織田誠,,アドマイヤムーン,2003102991,インフィニティラヴ,2013103018,ファルブラヴ,1998190004,丸山隆雄,佐藤鉄也,80.0,2003.0,2013.0,1998.0
2018100875,ヘンゲンジザイ,牝,岡田利一,,トーセンジョーダン,2006103169,トーセンアイリス,2004103269,フジキセキ,1992109618,大黒富美子,ノースガーデン,80.0,2006.0,2004.0,1992.0
2018100798,ドリームズサークル,牡,井樋一也,,ジャングルポケット,1998101786,マコトエンエン,2001103089,サンデーサイレンス,000a00033a,清水徳克,道見牧場,80.0,1998.0,2001.0,1986.0
2018100521,ニシキ,牡,小国博行,,ストロングリターン,2006102934,ミスホーチミン,2006105726,フォーティナイナー,000a000134,原久美子,新生ファーム,80.0,2006.0,2006.0,1985.0
2018100136,プロディジーバイオ,牡,新井清重,,シンボリクリスエス,1999110099,アイドルバイオ,2008103163,ディープインパクト,2002100816,バイオ,沖田牧場,80.0,1999.0,2008.0,2002.0
2018101838,ナツノオリヒメ,牝,佐々木由,,メイショウボーラー,2001100650,シルクアクエリアス,2003100515,アドマイヤベガ,1996107396,金山幸司,堤牧場,79.9,2001.0,2003.0,1996.0
2018106375,マイブルースカイ,牡,加藤和宏,,ドゥラメンテ,2012104511,ケイティーズミスト,2009110045,Posse,000a01124c,（株）ファーストビジ,富田牧場,79.8,2012.0,2009.0,2000.0
2018104690,ヴェイルオブナイト,牝,三小田幸,,パイロ,000a01176a,デザートオブムーン,2011104226,ゼンノロブロイ,2000101517,北原大史,社台ファーム,79.5,2005.0,2011.0,2000.0
2018103998,ロードギガース,牡,高本友芳,,ダンカーク,000a012185,ダイヤモンドローズ,2013104582,ダノンシャンティ,2007105709,生部初男,棚川光男,79.5,2006.0,2013.0,2007.0
2018102263,ゼンノペギング,セ,池田忠好,,エピファネイア,2010104155,ウインシンシア,2003101878,ダンスインザダーク,1993109188,小菅誠,村上欽哉,79.5,2010.0,2003.0,1993.0
2018103969,マルシャ,牡,大垣敏夫,,ワールドエース,2009106353,ウインファンタジア,2002102785,ヘネシー,000a000178,野口幸八,武牧場,79.2,2009.0,2002.0,1993.0
2018103992,ウインクロリス,牝,大島静夫,,シニスターミニスター,000a011099,ミキティスター,2006101141,チーフベアハート,1993190010,北原大史,田中裕之,79.1,2003.0,2006.0,1993.0
2018105890,カリヨンヒーロー,牡,石坂公一,,エイシンフラッシュ,2007102951,ナイスヴァレー,2003101722,フレンチデピュティ,000a00013a,ライオンレースホース,浦河日成牧場,79.0,2007.0,2003.0,1992.0
2018105324,リアンデュソン,牡,川村守男,,キズナ,2010105827,ラックビーアレディトゥナイト,000a012f89,Mr. Greeley,000a00213e,欠畑圭一,ノーザンファーム,79.0,2010.0,2008.0,1992.0
2018104524,デルマヤクオウ,牡,林和弘,,スクリーンヒーロー,2004103328,アンプレショニスト,2006102878,エアジハード,1995107978,浅沼廣幸,社台ファーム,78.9,2004.0,2006.0,1995.0
2018106079,コニャック,牝,桜井今朝,,エイシンフラッシュ,2007102951,ヴィーヴァブーケ,2006100776,キングカメハメハ,2001103460,（株）ＭＲ,杵臼牧場,78.8,2007.0,2006.0,2001.0
2018103668,ダリアニューゲート,牝,別府真司,,ローエングリン,1999106738,サダムサロペット,2010104403,スペシャルウィーク,1995103211,萩原挙,神垣道弘,78.5,1999.0,2010.0,1995.0
2018106700,クイーンネモシン,牝,三野宮通,,ゼンノロブロイ,2000101517,デュプレ,000a010ae4,シングスピール,1992190005,星加浩一,富田恭司,78.3,2000.0,2001.0,1992.0
2018101864,ジンジャーミント,牝,黒木豊,,メイショウボーラー,2001100650,ミントシャイン,2002103789,サンデーサイレンス,000a00033a,福島理吉,富本茂喜,78.3,2001.0,2002.0,1986.0
2018101290,ミスハンダ,牝,矢野久美,,サンカルロ,2006102822,センターシャイネン,1999106773,ブライアンズタイム,000a000082,瀬戸年美,鹿戸あけみ,78.3,2006.0,1999.0,1985.0
2018104610,マツヨイヒメ,牝,宇都英樹,,キングカメハメハ,2001103460,ゴールデンムーン,2009105875,アドマイヤムーン,2003102991,兼子尚也,社台ファーム,78.0,2001.0,2009.0,2003.0
2018103642,クニノワールド,牡,佐藤壽,,トゥザワールド,2011103975,ワンダーアリス,2012105984,ブラックホーク,1994109361,多治見国壽,織田正敏,78.0,2011.0,2012.0,1994.0
2018103607,プリンセスキャット,牝,地辺幸一,,ディスクリートキャット,000a0113a1,プリンセスイブ,2002104386,バブルガムフェロー,1993109219,（株）ファーストビジ,岡田牧場,78.0,2003.0,2002.0,1993.0
2018102257,ハジヲシレ,牝,加藤幸保,,リオンディーズ,2013105915,ハルノアシオト,2013102020,エンパイアメーカー,000a010542,内田律子,三村卓也,78.0,2013.0,2013.0,2000.0
2018105637,トーセンサンドラ,牝,南弘樹,,エピファネイア,2010104155,シェイラトス,000a012c9a,Galileo,000a00232b,花房崇明,エスティファーム,77.8,2010.0,2007.0,1998.0
2018106771,ラントレ,牡,平松徳彦,,ネオユニヴァース,2000101426,カミングトゥルー,2002102291,ブライアンズタイム,000a000082,柴原榮,川上牧場,77.5,2000.0,2002.0,1985.0
2018104172,クイーンズビュティ,牝,田中譲二,,ローエングリン,1999106738,ノーブルヴィサージ,2012103385,ステイゴールド,1994108729,三田正眞,中田浩美,77.5,1999.0,2012.0,1994.0
2018103768,ピックアペタル,牝,西山裕貴,,アジアエクスプレス,2011110091,プリティブルーム,2006102984,タヤスツヨシ,1992109612,北原摩留,今牧場,77.5,2011.0,2006.0,1992.0
2018100591,カレンピルエット,牝,細川忠義,,トーセンホマレボシ,2009106092,カレンタントミール,2010100589,シェルゲーム,2001110087,酒井孝敏,高柳隆男,77.5,2009.0,2010.0,2001.0
2018106650,ジオパークフローラ,牝,柄崎孝,,カレンブラックヒル,2009106230,キタサンエデン,2009100572,アドマイヤムーン,2003102991,小関勝紀,様似共栄牧場,77.0,2009.0,2009.0,2003.0
2018106099,ランドヘルツ,牡,盛本信春,,モーリス,2011100655,パダナ,000a011e0f,Lando,1990109712,多田賢司,杵臼牧場,77.0,2011.0,2007.0,1990.0
2018106093,スマートレガシー,牡,小林真也,,ディープインパクト,2002100816,スマートパルス,2006103037,クロフネ,1998110135,大川徹,杵臼牧場,77.0,2002.0,2006.0,1998.0
2018105851,メイショウヤクモ,牝,荒川義之,,メイショウボーラー,2001100650,メイショウフェスタ,2013105069,ナカヤマフェスタ,2006102424,松本和子,赤田牧場,77.0,2001.0,2013.0,2006.0
2018105756,カカオ,牝,東眞市,,ジョーカプチーノ,2006100529,ヒカルウェイブ,2001103437,トニービン,1983109006,酒井孝敏,登別上水牧場,77.0,2006.0,2001.0,1983.0
2018105486,ショウナンラッキー,牡,上原博之,,オルフェーヴル,2008102636,エレイン,2011103598,キングカメハメハ,2001103460,国本哲秀,社台コーポレーション白老ファーム,77.0,2008.0,2011.0,2001.0
2018105390,サンギネア,牝,小島茂之,,エイシンフラッシュ,2007102951,ローズバド,1998101861,サンデーサイレンス,000a00033a,吉田勝己,ノーザンファーム,77.0,2007.0,1998.0,1986.0
2018105389,シュプールロイヤル,牡,小国博行,,エピファネイア,2010104155,ローズノーブル,2009106088,ディープインパクト,2002100816,福島一治,ノーザンファーム,77.0,2010.0,2009.0,2002.0
2018105272,ヴォルガ,牝,松下武士,,ドゥラメンテ,2012104511,マザーロシア,000a012628,Mayakovsky,000a012622,サンデーレーシング,ノーザンファーム,77.0,2012.0,2006.0,1999.0
2018104964,エフティレーヴ,牝,笹野博司,,エピファネイア,2010104155,エフティマイア,2005102499,フジキセキ,1992109618,酒井孝敏,ノーザンファーム,77.0,2010.0,2005.0,1992.0
2018104897,ベルエポック,牝,黒岩陽一,,モーリス,2011100655,アドマイヤテンバ,2007103116,クロフネ,1998110135,シルクレーシング,ノーザンファーム,77.0,2011.0,2007.0,1998.0
2018104679,スマイルチェンジ,牝,辻哲英,,ラブリーデイ,2010104298,チケットトゥダンス,000a00fe4f,Sadler's Wells,000a00185d,石瀬浩三,社台ファーム,77.0,2010.0,1999.0,1981.0
2018104396,タックスリファンド,牡,武井亮,,リアルインパクト,2008103244,マヤノヴァイオラ,2012101003,エンパイアメーカー,000a010542,フィールドレーシング,北洋牧場,77.0,2008.0,2012.0,2000.0
2018103380,ディープラック,牡,藤岡健一,,オルフェーヴル,2008102636,イソノスワロー,2002104194,デヒア,000a0000df,深見敏男,村下農場,77.0,2008.0,2002.0,1991.0
2018102877,キタノウズシオ,牡,小笠倫弘,,トーセンジョーダン,2006103169,ラッキーマンボ,2010101664,スズカマンボ,2001103890,北所直人,三石川上牧場,77.0,2006.0,2010.0,2001.0
2018102713,ブリューナク,牡,大江原哲,,ミュゼスルタン,2012104118,ココアスエイト,2013104979,ダイワメジャー,2001103114,ＯＲＴＥＧＡ,鳥井牧場,77.0,2012.0,2013.0,2001.0
2018102578,ソアリングギフト,牝,高橋義忠,,ドゥラメンテ,2012104511,グラシャスギフト,000a012048,Giant's Causeway,000a0022e1,ロードホースクラブ,ケイアイファーム,77.0,2012.0,2009.0,1997.0
2018102504,シグナステソーロ,牡,加藤士津,,ブラックタイド,2001103312,リリアーレ,2006102737,キングカメハメハ,2001103460,了徳寺健二ホールディングス,片山牧場,77.0,2001.0,2006.0,2001.0
2018101949,タガノタイリン,牝,五十嵐忠,,アイルハヴアナザー,000a011ed3,スペシャルディナー,2005107041,スペシャルウィーク,1995103211,八木良司,新冠タガノファーム,77.0,2009.0,2005.0,1995.0
2018101675,ローラズウィシュ,牝,小島茂之,,モーリス,2011100655,ヤマノローラ,2006104415,スペシャルウィーク,1995103211,佐藤牧場,佐藤牧場,77.0,2011.0,2006.0,1995.0
2018101554,ワールドマックス,牡,竹内正洋,,トゥザワールド,2011103975,ヒシクリッパー,2004100145,ジャングルポケット,1998101786,池田草龍,上井農場,77.0,2011.0,2004.0,1998.0
2018101377,キタノプレアー,牡,土田稔,,ラブリーデイ,2010104298,チェリービスティー,2008103348,サクラバクシンオー,1989108341,北所直人,びらとり牧場,77.0,2010.0,2008.0,1989.0
2018101260,スズカヒカリ,牡,橋田満,,スズカコーズウェイ,2004104345,スズカローズマリー,2003104262,アフリート,000a000013,永井啓弍,稲原牧場,77.0,2004.0,2003.0,1984.0
2018100738,ラグジュアリーデイ,牝,伊藤大士,,ハーツクライ,2001103038,ヤマン,2013104937,ハービンジャー,000a011996,前原敏行,チャンピオンズファーム,77.0,2001.0,2013.0,2006.0
2018100573,タマモキラキラボシ,牝,中竹和也,,ドゥラメンテ,2012104511,チャームダイヤ,2002102231,ヘネシー,000a000178,タマモ,スマイルファーム,77.0,2012.0,2002.0,1993.0
2018100557,ビジンクライマー,牝,北村欣也,,ワールドエース,2009106353,スパイシークラウン,2000105991,タバスコキャット,000a000348,梶原大輔,スウィングフィールド牧場,77.0,2009.0,2000.0,1991.0
2018100245,ショウナンカリプソ,牝,武市康男,,ダノンシャンティ,2007105709,ショウナンアズサ,2010109146,キングカメハメハ,2001103460,国本哲秀,木村牧場,77.0,2007.0,2010.0,2001.0
2018104997,ラニカイブルー,牝,室井真文,,タートルボウル,000a012045,キナウ,2011104108,キングカメハメハ,2001103460,遠藤喜和,ノーザンファーム,76.9,2002.0,2011.0,2001.0
2018103557,ムーニーアイズ,牝,今津博之,,フェノーメノ,2009106599,ムーニーポンズ,000a011508,Mizzen Mast,000a0109d3,道地房男,岡田スタッド,76.9,2009.0,2004.0,1998.0
2018102493,スペランツァチャム,牝,栗本陽一,,シンボリクリスエス,1999110099,グランオマージュ,2003102732,サンデーサイレンス,000a00033a,福永實,折手牧場,76.7,1999.0,2003.0,1986.0
2018100345,バトンドマレショー,牡,池田孝,,フィガロ,1995108837,ルリジューズ,2011100265,ブライアンズタイム,000a000082,太田雅貴,サンシャイン牧場,76.7,1995.0,2011.0,1985.0
2018106288,ミライヘノイブキ,牡,地辺幸一,,マクフィ,000a011c77,レオフラッパー,2012105372,ステイゴールド,1994108729,（株）ファーストビジ,谷口牧場,76.6,2007.0,2012.0,1994.0
2018102443,マサノダイヤモンド,牡,安部幸夫,,マクフィ,000a011c77,ウインクルラッキー,2005104071,アグネスタキオン,1998101516,酒井孝敏,猪野毛牧場,76.4,2007.0,2005.0,1998.0
2018104175,コカゲ,牡,橋本忠明,,スマートファルコン,2005100097,エネルバ,2005104480,ミラクルアドマイヤ,1995107939,油木大樹,西川富岡牧場,76.0,2005.0,2005.0,1995.0
2018103554,スイートフェンネル,牝,粕谷昌央,,マツリダゴッホ,2003104570,マルーンドロップ,2011101749,コンデュイット,2005190006,ノルマンディーサラブレッドレーシング,岡田スタッド,76.0,2003.0,2011.0,2005.0
2018102225,ヒルノピエモンテ,牝,昆貢,,ドゥラメンテ,2012104511,ストーミーウェザー,000a01117b,Storm Cat,000a001a98,ヒルノ,松浦牧場,76.0,2012.0,2002.0,1983.0
2018101963,ダイシンサニー,牡,吉田直弘,,キズナ,2010105827,ダイシンタイムズ,2008102685,ブライアンズタイム,000a000082,大八木信行,新冠タガノファーム,76.0,2010.0,2008.0,1985.0
2018109157,チャムラン,牝,頼本盛行,,スクワートルスクワート,000a000da4,レインボウスズラン,1996103588,スキャン,000a000d69,神野生男,神野生男,75.9,1998.0,1996.0,1988.0
2018106163,ボンマルコ,牝,室井真文,,マクフィ,000a011c77,エイシンボン,2011105757,ハーツクライ,2001103038,（株）ファーストビジ,佐々木恵一,75.9,2007.0,2011.0,2001.0
2018102397,マカルー,牝,頼本盛行,,トゥザワールド,2011103975,アイディンビュー,2010103392,バブルガムフェロー,1993109219,神野生男,山岡牧場,75.9,2011.0,2010.0,1993.0
2018102699,ミヤコマイハート,牝,石川栄,,ケープブランコ,000a011b06,サンダーバトル,2013105678,キンシャサノキセキ,2003110212,吉田喜代司,土田和男,75.7,2007.0,2013.0,2003.0
2018106341,レッドアヴニール,牡,蛯名正義,,ディープインパクト,2002100816,シーサイドホーム,000a0138a5,Storm Cat,000a001a98,東京ホースレーシング,辻牧場,75.5,2002.0,2006.0,1983.0
2018101529,アカシャツムスメ,牝,保利良次,,ゴスホークケン,2005110186,ピュアモルト,2011101032,アサクサデンエン,1999110191,山口春夫,柏木一則,75.5,2005.0,2011.0,1999.0
2018106703,スズカラブローズ,牝,竹下直人,,ラブリーデイ,2010104298,スリーサンローズ,2010104750,スズカフェニックス,2002107011,永井啓弐,中村俊紀,75.3,2010.0,2010.0,2002.0
2018100680,ディスコード,牝,川添明弘,,アドマイヤムーン,2003102991,ディスメイ,000a0127f4,Dubawi,000a0115e2,川添裕起,ダーレー・ジャパン・ファーム,75.3,2003.0,2008.0,2002.0
2018105991,ビービージェニファ,牝,別府真司,,メイショウサムソン,2003102205,ニンナナンナ,1999101861,Unbridled's Song,000a002071,石橋正人,絵笛牧場,75.2,2003.0,1999.0,1993.0
2018106490,メイショウツキシロ,牝,川野勇馬,,ダンカーク,000a012185,アグネスルビー,2005106280,タニノギムレット,1999100226,上岡和男,まるとみ冨岡牧場,75.0,2006.0,2005.0,1999.0
2018101693,ワールドスカイ,牝,国沢輝幸,,トゥザワールド,2011103975,スカイプラネット,2008104350,ネオユニヴァース,2000101426,真中伴典,シンカンファーム,75.0,2011.0,2008.0,2000.0
2018100906,アオイモン,牡,伊藤強一,,オーシャンブルー,2008102978,アポロライラ,2006110125,Officer,000a0108d0,鈴木和彦,原田ファーム,74.7,2008.0,2006.0,1999.0
2018103516,フォルラブリーナ,牝,桜田浩樹,,アイルハヴアナザー,000a011ed3,ダイワラスター,2011100347,キングカメハメハ,2001103460,八嶋長久,岡田スタッド,74.6,2009.0,2011.0,2001.0
2018103457,トチノラブ,牝,酒井仁,,ヴァンセンヌ,2009106525,ラブイズカヌマ,2004103971,タイキシャトル,1994109686,遠藤正廣,漆原武男,74.5,2009.0,2004.0,1994.0
2018104085,ウォーバディ,セ,岩戸孝樹,,War Front,000a011d00,タミーザトルピード,000a013dca,More Than Ready,000a00fcdd,飯田正剛,千代田牧場,74.4,2002.0,2012.0,1997.0
2018101886,ベーマイト,牡,小国博行,,ベーカバド,000a011dc0,ペプチドプレシャス,2008101441,スペシャルウィーク,1995103211,（同）ランニング・ク,中地義次,74.4,2007.0,2008.0,1995.0
2018101901,ベギーアデ,牝,佐々木由,,オーシャンブルー,2008102978,ダッキ,2010105022,トウカイテイオー,1988101025,欠畑圭一,中本牧場,74.3,2008.0,2010.0,1988.0
2018102396,ラヴリーラン,牝,盛本信春,,ゴスホークケン,2005110186,ラヴキャラ,2004101008,マイネルラヴ,1995108558,岡村善行,山岡ファーム,74.2,2005.0,2004.0,1995.0
2018100045,ピュアオリジン,牡,田中淳司,,ゴスホークケン,2005110186,マルターズオリジン,2005110167,Swain,000a0021ca,藤田在子,天羽禮治,74.2,2005.0,2005.0,1992.0
2018110079,ローリング,牝,橋本忠明,,カリフォルニアクローム,000a012602,Warbling,000a014a70,Unbridled's Song,000a002071,カナヤマホールディングス,Aaron & Marie Jones LLC,74.0,2011.0,2006.0,1993.0
2018103700,プリンシパルバロネ,牝,池田忠好,,プリサイスエンド,000a00fe9b,スターキャンドル,2005100582,ブライアンズタイム,000a000082,原久美子,久保秀雄,73.7,1997.0,2005.0,1985.0
2018104206,アーキウイング,牝,藤ヶ崎一,,ビービーガルダン,2004106583,ワイエスハクサン,2007100711,パラダイスクリーク,1989109110,伊藤彰敏,野表篤夫,73.2,2004.0,2007.0,1989.0
2018102095,シゲルブチョウ,牝,九日俊光,,サウスヴィグラス,1996110138,プレミアノアール,2004102853,スペシャルウィーク,1995103211,森中蕃,ハシモトファーム,73.2,1996.0,2004.0,1995.0
2018100010,キヒン,牝,荒巻透,,ロージズインメイ,000a010a10,フリップフロップ,2009100744,リンカーン,2000101561,和田博美,アイズスタッド,73.2,2000.0,2009.0,2000.0
2018106114,フォルツァーレ,セ,竹下太,,ドゥラメンテ,2012104511,レッドミモザ,2013105328,キンシャサノキセキ,2003110212,西村健,杵臼牧場,73.0,2012.0,2013.0,2003.0
2018103971,リュウノオスカー,牝,北村欣也,,ベルシャザール,2008103004,オサマジョール,2009101270,アフリート,000a000013,蓑島竜一,武牧場,72.9,2008.0,2009.0,1984.0
2018106716,ナムラアダーラ,牝,田中伸一,,ジョーカプチーノ,2006100529,ナムラビーム,2009100025,スウェプトオーヴァーボード,000a00fa34,木村益生,林時春,72.5,2006.0,2009.0,1997.0
2018102615,コヴィッドバスター,牡,高野毅,,タイムパラドックス,1998101683,エフテーストライク,2004101219,ブラックタキシード,1996107315,吉川朋宏,斉藤正男,72.5,1998.0,2004.0,1996.0
2018101231,セクシースワッグ,牝,鷹見浩,,サウスヴィグラス,1996110138,コウヨウタレイア,2009100865,エイシンサンディ,1993103280,江里口弘一郎,若林順一,72.5,1996.0,2009.0,1993.0
2018100915,サンリトルロック,牡,福田真広,,スマートファルコン,2005100097,ノアウイニング,2006100598,クリプティックラスカル,000a000da1,加藤ステーブル,春木ファーム,72.5,2005.0,2006.0,1995.0
2018105576,ブートニエール,牡,瀬戸幸一,,ハーツクライ,2001103038,ローズキャサリン,000a012943,Speightstown,000a011200,千葉浩,社台コーポレーション白老ファーム,72.4,2001.0,2007.0,1998.0
2018105018,ダディーズソフィア,牝,長南和宏,,ノヴェリスト,000a012230,グランプリソフィ,2007103358,アグネスタキオン,1998101516,田島大史,ノーザンファーム,72.3,2009.0,2007.0,1998.0
2018105761,フィールザスター,牝,矢野久美,,フェノーメノ,2009106599,フィールザタレント,2007110118,Theatrical,000a001bed,三岡有香,平岡牧場,72.1,2009.0,2007.0,1982.0
2018105070,サンデーアーサー,牡,角田輝也,,ハーツクライ,2001103038,シンハディーパ,2010104152,ウォーエンブレム,000a00fa35,エムズレーシング,ノーザンファーム,72.0,2001.0,2010.0,1999.0
2018101718,プライドマイセルフ,牝,松本隆宏,,ドゥラメンテ,2012104511,デアリングプライド,2009105868,ダイワメジャー,2001103114,（株）ＧＥＴＮＥＸＴ,須崎牧場,72.0,2012.0,2009.0,2001.0
2018101695,シンカンメーテル,牝,黒川智貴,,シビルウォー,2005102317,スパニッシュソウル,2003106607,フジキセキ,1992109618,ＭＭＣ,シンカンファーム,72.0,2005.0,2003.0,1992.0
2018100317,ミスジョーダン,牝,千葉幸喜,,キングヘイロー,1995104427,ハイマーク,2007105067,マヤノトップガン,1992102988,根田喜久雄,坂牧場,72.0,1995.0,2007.0,1992.0
2018101940,ツクバエクレール,牡,倉地学,,エイシンフラッシュ,2007102951,ツクバアラモード,2010103319,サムライハート,2002100996,（株）ＭＲ,新冠伊藤牧場,71.9,2007.0,2010.0,2002.0
2018101420,パドマーワト,牝,柳井宏之,,シビルウォー,2005102317,シモーヌ,2013103681,タイキシャトル,1994109686,山本幹雄,アサヒ牧場,71.9,2005.0,2013.0,1994.0
2018104217,ムーランジャズ,牝,坂口義幸,,ラブリーデイ,2010104298,ムーランルージュ,2002105063,クロコルージュ,000a0000bf,谷謙介,野坂牧場,71.4,2010.0,2002.0,1995.0
2018100309,サンアミー,牝,吉井敏雄,,ストロングリターン,2006102934,アポロパステル,2007106438,ゴールドアリュール,1999106689,田賀孝昭,小屋畑和久,71.1,2006.0,2007.0,1999.0
2018109161,アニマルダンジ,牡,古賀光範,,トゥザワールド,2011103975,モンタージュ,2010100708,アドマイヤムーン,2003102991,西村新一郎,釘田義美,71.0,2011.0,2010.0,2003.0
2018100484,ハンセイキ,牡,新田守,,ネオヴァンドーム,2007102913,ネオジェイズレーヌ,2007103071,フレンチデピュティ,000a00013a,植田信行,白井牧場,71.0,2007.0,2007.0,1992.0
2018106656,ウィスク,牝,伊藤和忍,,マツリダゴッホ,2003104570,マツリダワルツ,2004109391,チーフベアハート,1993190010,アークフロンティア,様似堀牧場,70.9,2003.0,2004.0,1993.0
2018103100,ヴァランタイン,牡,金田一昌,,トーセンジョーダン,2006103169,ケンブリッジデイズ,2012102904,クロフネ,1998110135,中西宏彰,ケンブリッジバレー,70.6,2006.0,2012.0,1998.0
2018100569,メイジュオーシャン,牝,千葉博次,,ディスクリートキャット,000a0113a1,コリンシアン,2004101095,スペシャルウィーク,1995103211,荒井元明,スマイルファーム,70.2,2003.0,2004.0,1995.0
2018109014,クリノネガヒ,牝,平松徳彦,,アルデバランII,000a010541,イースタリーブリーズ,000a010f07,Fusaichi Pegasus,000a0022cf,栗本八江,イズモリファーム,70.0,1998.0,2002.0,1997.0
2018106690,マジカルサンデー,牡,中川公成,,ケープブランコ,000a011b06,サンデーメモリー,2002106511,サンデーサイレンス,000a00033a,岡田牧雄,スイートファーム,70.0,2007.0,2002.0,1986.0
2018106281,ラニーグッド,牝,坂口智康,,ディスクリートキャット,000a0113a1,ヴェイルオブクララ,2011104478,ゼンノロブロイ,2000101517,伊藤良兵,谷口牧場,70.0,2003.0,2011.0,2000.0
2018105771,マオノミニョン,牝,工藤真司,,ベルシャザール,2008103004,リヴァリーン,2010100646,グラスワンダー,1995108676,湯浅健司,真壁信一,70.0,2008.0,2010.0,1995.0
2018105227,レッドアムニス,牡,藤原英昭,,ブラックタイド,2001103312,フラニーフロイド,000a011a64,Freud,000a011434,東京ホースレーシング,ノーザンファーム,70.0,2001.0,2007.0,1998.0
2018105016,クローバーデール,牝,池上昌和,,ディープブリランテ,2009105084,クローバーリーフ,2008103376,タニノギムレット,1999100226,吉田勝己,ノーザンファーム,70.0,2009.0,2008.0,1999.0
2018104952,ウルザブルン,牝,高橋義忠,,エピファネイア,2010104155,ヴェルザンディ,2005102477,アグネスタキオン,1998101516,サンデーレーシング,ノーザンファーム,70.0,2010.0,2005.0,1998.0
2018104581,エイカイロイヤル,牡,藤原英昭,,ディープインパクト,2002100816,カンビーナ,000a0124c6,Hawk Wing,000a010d4d,二木英実,社台ファーム,70.0,2002.0,2008.0,1999.0
2018104193,ニシノメタル,牡,伊藤和忍,,ホッコータルマエ,2009100921,ヒカルマナムスメ,2011105429,ディープインパクト,2002100816,三岡有香,西村牧場,70.0,2009.0,2011.0,2002.0
2018104106,ミエノピュア,セ,高橋亮,,ブラックタイド,2001103312,ピュアチョコレート,000a0120d7,Ghostzapper,000a010525,里見美惠子,千代田牧場,70.0,2001.0,2008.0,2000.0
2018103880,オオゴショ,牡,平田正一,,プリサイスエンド,000a00fe9b,ガスター,2011100228,ファスリエフ,000a00fc4c,（有）住宅データ,静内山田牧場,70.0,1997.0,2011.0,1997.0
2018103675,テーオードナテロ,牡,宮徹,,パイロ,000a01176a,アラホウジョウ,2012100042,マンハッタンカフェ,1998101554,小笹公也,木村秀則,70.0,2005.0,2012.0,1998.0
2018102763,ココナチャン,牝,保利幸作,,ロードカナロア,2008103552,クールホタルビ,2012103383,マツリダゴッホ,2003104570,川上哲司,久井牧場,70.0,2008.0,2012.0,2003.0
2018102171,クレッセントブーケ,牝,奥村豊,,スクリーンヒーロー,2004103328,マイネノンノ,2010103847,タイキシャトル,1994109686,サラブレッドクラブ・ラフィアン,ビッグレッドファーム,70.0,2004.0,2010.0,1994.0
2018101039,サンデーライツ,牝,坂口義幸,,ベーカバド,000a011dc0,リビングデイライツ,1997103622,フジキセキ,1992109618,谷謙介,細川牧場,70.0,2007.0,1997.0,1992.0
2018101028,シックセーラー,牝,黒岩陽一,,ゴールドシップ,2009102739,シックファイター,2003105271,ヘクタープロテクター,000a000d6b,ヒダカ・ブリーダーズ・ユニオン,豊洋牧場,70.0,2009.0,2003.0,1988.0
2018100854,メイショウクチナシ,牝,溝橋利喜,,リーチザクラウン,2006102923,スマーティーシスター,000a012958,Smarty Jones,000a01053e,組）オールザベスト組,日西牧場,70.0,2006.0,2007.0,2001.0
2018100532,テリオスハート,牝,田島俊明,,ラブリーデイ,2010104298,シンボリサッチャー,2013100467,ダイワメジャー,2001103114,鈴木美江子,シンボリ牧場,70.0,2010.0,2013.0,2001.0
2018100167,ショレアドルチェ,牝,的場均,,ドゥラメンテ,2012104511,サトノアスカ,2011104049,Giant's Causeway,000a0022e1,ＹＧＧホースクラブ,奥山博,70.0,2012.0,2011.0,1997.0
2018100022,ショウナンガルーダ,牡,高橋義忠,,モーリス,2011100655,サンタフェソレイユ,2004102899,アグネスタキオン,1998101516,国本哲秀,天羽牧場,70.0,2011.0,2004.0,1998.0
2018106150,メイショウシオサキ,牝,石川浩文,,パイロ,000a01176a,メイショウエーデル,2011105743,キングカメハメハ,2001103460,（同）ＪＰＮ技研,斉藤英牧場,69.8,2005.0,2011.0,2001.0
2018105080,セツゲツフウカ,牝,倉地学,,リアルインパクト,2008103244,シーズンズベスト,2007103207,ゼンノロブロイ,2000101517,福田達也,ノーザンファーム,69.7,2008.0,2007.0,2000.0
2018105907,エイシンヒーリング,牝,三小田幸,,エイシンアポロン,2007110020,エイシンゴージャス,2011110046,Exchange Rate,000a011433,北原大史,栄進牧場,69.6,2007.0,2011.0,1997.0
2018103109,グロリアスダッド,牡,宮本博,,ルーラーシップ,2007103143,アグネスワルツ,2007102955,ゼンノロブロイ,2000101517,渡辺公美子,高昭牧場,69.6,2007.0,2007.0,2000.0
2018102558,シゲルカチョウホサ,牝,九日俊光,,グラスワンダー,1995108676,シゲルカゼノボン,2012105741,ファンタスティックライト,1996190005,森中蕃,グローリーファーム,69.6,1995.0,2012.0,1996.0
2018103854,シャイニングテンカ,牝,山口竜一,,ダノンシャーク,2008105554,グレートテン,1997105270,Caerleon,000a0016eb,伊藤享,静内杉下牧場,69.5,2008.0,1997.0,1980.0
2018101897,キーボーカル,セ,松平幸秀,,ベルシャザール,2008103004,キークッキー,2010100617,フサイチコンコルド,1993109220,北前孔一郎,中本牧場,69.5,2008.0,2010.0,1993.0
2018103273,ゴールドオーロラ,牝,塚田隆男,,エピファネイア,2010104155,サンマルフェアー,2008102159,アドマイヤドン,1999107052,（有）崇富商業,中村雅明,69.4,2010.0,2008.0,1999.0
2018100762,ネモスフィレオ,牡,迫田清美,,バトルプラン,000a0118e8,トラストネモフィラ,2009103874,タニノギムレット,1999100226,杉本剛彦,ディアレストクラブ,69.2,2005.0,2009.0,1999.0
2018102373,スピリットノア,牡,中川竜馬,,アジアエクスプレス,2011110091,ゴッドフローラ,2008105113,アグネスタキオン,1998101516,豊島愛子,森永聡,68.7,2011.0,2008.0,1998.0
2018109034,ラフォーレバラン,牡,鈴木七郎,,アルデバランII,000a010541,キザキノサイン,2002109250,メジロディザイヤー,1994108409,林時春,北村牧場,68.6,1998.0,2002.0,1994.0
2018106246,メモリーアビリティ,牝,川嶋弘吉,,プリサイスエンド,000a00fe9b,シルカズギフト,000a010ebf,Cadeaux Genereux,000a001e13,橋元幸次,谷川牧場,68.3,1997.0,2001.0,1985.0
2018102881,プレゼント,牝,井樋明正,,ヘニーヒューズ,000a011155,レディーロックフォード,000a011dd6,Invincible Spirit,000a01056d,大黒富美子,三石川上牧場,68.3,2003.0,2009.0,1997.0
2018101080,ディレットヴィータ,牝,西村守幸,,ディスクリートキャット,000a0113a1,キアーロベルタ,2012101948,エンパイアメーカー,000a010542,組）オールザベスト組,槇本牧場,68.2,2003.0,2012.0,2000.0
2018101833,プリティワヒネ,牝,伊藤強一,,ディープブリランテ,2009105084,ワイレアワヒネ,2011104919,タイキシャトル,1994109686,横瀬兼二,対馬正,68.1,2009.0,2011.0,1994.0
2018104134,ムーンエコロジー,牝,福永敏,,クリーンエコロジー,2008100563,リーチフォーザムーン,000a01100b,Pulpit,000a002133,飯田正剛,千代田牧場,68.0,2008.0,2000.0,1994.0
2018106365,マコトオテギネ,牝,板垣吉則,,キズナ,2010105827,マコトブリジャール,2010101874,ストーミングホーム,1998190003,ディアマント,辻牧場,67.6,2010.0,2010.0,1998.0
2018105927,バジガクシャルム,牝,山中尊徳,,エーシンフォワード,2005110172,エイシンミント,2013102395,ジャングルポケット,1998101786,（株）馬事学院,栄進牧場,67.5,2005.0,2013.0,1998.0
2018105885,サーファーガール,牝,田島寿一,,メイショウボーラー,2001100650,クールモダン,2002102687,フジキセキ,1992109618,桧森高史,浦河日成牧場,67.5,2001.0,2002.0,1992.0
2018105662,トーセンモニカ,牝,山中尊徳,,トーセンモナーク,2005102391,トーセンディオール,2007103222,キングカメハメハ,2001103460,島川隆哉,エスティファーム,67.5,2005.0,2007.0,2001.0
2018104812,オンクーラン,牝,山崎尋美,,ジャスタウェイ,2009106461,メイキアシー,000a011dcc,Sadler's Wells,000a00185d,吉田照哉,社台ファーム,67.5,2009.0,2004.0,1981.0
2018103777,レオナエンジェル,牝,平田正一,,アーネストリー,2005105410,マーベラスリリー,2006104299,クロフネ,1998110135,山内昇,酒井亨,67.5,2005.0,2006.0,1998.0
2018103547,バジガクマイヒメ,牝,加藤和義,,ショウナンカンプ,1998102595,プリティダンス,2004103307,ダンスインザダーク,1993109188,（株）馬事学院,岡田スタッド,67.5,1998.0,2004.0,1993.0
2018102834,アジアンウーズ,牝,池田孝,,アジアエクスプレス,2011110091,トーセンユーモア,2007103698,グラスワンダー,1995108676,上野進二,前田ファーム,67.5,2011.0,2007.0,1995.0
2018100783,ヴォスペランツァ,牡,細川忠義,,トーセンラー,2008102985,ティファイファイ,2006105744,スターリングローズ,1997106560,上岡和男,戸川牧場,67.5,2008.0,2006.0,1997.0
2018100203,レインボースター,牝,石井勝男,,トーセンホマレボシ,2009106092,エストレーラ,2006102976,シンボリクリスエス,1999110099,（有）イーデン産業,賀張三浦牧場,67.5,2009.0,2006.0,1999.0
2018104223,ノラサファイア,牝,藤ヶ崎一,,フレンチデピュティ,000a00013a,バーモントガール,1997110163,ミシエロ,000a000212,安本卓史,橋本牧場,67.4,1992.0,1997.0,1990.0
2018102422,デジタルアイ,牝,米川昇,,ベーカバド,000a011dc0,クリスエスヒル,2008105479,シンボリクリスエス,1999110099,中村吉隆,レジェンドファーム,66.8,2007.0,2008.0,1999.0
2018106342,スズカメンテ,牝,斎藤雄一,,ドゥラメンテ,2012104511,スズカフォイル,2002104223,フレンチデピュティ,000a00013a,永井啓弐,辻牧場,66.3,2012.0,2002.0,1992.0
2018100816,ルエリア,牝,角田輝也,,キズナ,2010105827,ジャスティシア,2009102796,キングカメハメハ,2001103460,中野将大,ナカノファーム,66.2,2010.0,2009.0,2001.0
2018106225,テイエムセレーナ,牝,平山宏秀,,ラブリーデイ,2010104298,フミノオリヒメ,2004106720,グラスワンダー,1995108676,竹園正繼,多田善弘,66.1,2010.0,2004.0,1995.0
2018100021,ランプーン,牡,吉田司,,キンシャサノキセキ,2003110212,メイグレイス,2007103016,ネオユニヴァース,2000101426,大久保和夫,厚賀古川牧場,66.1,2003.0,2007.0,2000.0
2018106640,カミノエミニー,牝,村上実,,ジャスタウェイ,2009106461,オカノプレイヤー,1999107594,マイニング,000a000221,村上正喜,山春牧場,66.0,2009.0,1999.0,1984.0
2018106562,エリカバイラ,牝,新子雅司,,ブラックタイド,2001103312,ルックアミリオン,2003106460,フレンチデピュティ,000a00013a,三木正浩,三嶋牧場,66.0,2001.0,2003.0,1992.0
2018105447,インプレストサマー,牝,五十嵐冬,,ノヴェリスト,000a012230,メモリアルサマー,1998101490,サンデーサイレンス,000a00033a,サンエツ企画（有）,追分ファーム,66.0,2009.0,1998.0,1986.0
2018104886,ダノングロッケン,セ,飯田良弘,,エピファネイア,2010104155,アステリオン,2004102999,フレンチデピュティ,000a00013a,ダノックス,ノーザンファーム,66.0,2010.0,2004.0,1992.0
2018104654,ワセダスワンキー,牡,佐藤裕太,,ハービンジャー,000a011996,スワンキーポーチ,2005102318,アグネスタキオン,1998101516,（株）マフィン,社台ファーム,66.0,2006.0,2005.0,1998.0
2018100264,マリノアマービレ,牝,東眞市,,リーチザクラウン,2006102923,クラウンポインター,2008105995,ワイルドラッシュ,000a0003a1,サンエツ企画（有）,クラウン日高牧場,66.0,2006.0,2008.0,1994.0
2018100082,イケノファルコン,牡,高馬元紘,,スマートファルコン,2005100097,ドリーヴァーデン,2008106680,スパイキュール,2000101557,池添安雄,池添安雄,65.8,2005.0,2008.0,2000.0
2018105822,オショロコマ,牝,山田徹,,リアルインパクト,2008103244,ポップチャート,2003102988,アフリート,000a000013,庄司紫紀,レイクヴィラファーム,65.7,2008.0,2003.0,1984.0
2018102320,ジェステミニョン,牝,榎屋充,,リヤンドファミユ,2010104396,ミティーク,2005105409,ムーンバラッド,000a00fe8f,西島愛治,村上進治,65.3,2010.0,2005.0,1999.0
2018109169,クラトリヴィーナス,牝,石川浩文,,スクワートルスクワート,000a000da4,サキノザザ,2009101716,タイムパラドックス,1998101683,徳重実幸,徳重正幸,65.2,1998.0,2009.0,1998.0
2018103891,ベルヴィー,牡,渡辺和雄,,ソウルシルバー,2011102054,ハートゴールド,2008101311,ゴールドヘイロー,1997101264,杉野剛,静内山田牧場,65.0,2011.0,2008.0,1997.0
2018102625,ツルオカミザクラ,牝,小野寺晋,,サウスヴィグラス,1996110138,アトムチェリー,1997101152,ヘクタープロテクター,000a000d6b,（有）鶴岡鉄工所,嶋田牧場,65.0,1996.0,1997.0,1988.0
2018101284,タカイチスウレー,牝,市村誠,,ドリームジャーニー,2004102753,アドリア,2013100564,ヴィクトワールピサ,2007102923,高橋一郎,協栄組合,65.0,2004.0,2013.0,2007.0
2018106731,ヴァーイ,牡,川嶋弘吉,,メイショウサムソン,2003102205,ホットレディ,2003102518,サンデーサイレンス,000a00033a,日進牧場,寺井文秀,64.9,2003.0,2003.0,1986.0
2018103652,アイルオブチェリー,牝,加藤和宏,,アイルハヴアナザー,000a011ed3,クインネージュ,2003101723,フジキセキ,1992109618,ライオンレースホース,片岡博,64.9,2009.0,2003.0,1992.0
2018103237,ロッキールパン,牡,井樋一也,,プリサイスエンド,000a00fe9b,エンピリカル,000a0066f3,Miswaki,000a0017b0,清水徳克,高岸順一,64.8,1997.0,1995.0,1978.0
2018100852,クリノプリンシス,牝,田村彰啓,,ナカヤマフェスタ,2006102424,クリノテレジア,2014106485,スクリーンヒーロー,2004103328,栗本八江,日西牧場,64.6,2006.0,2014.0,2004.0
2018100315,キクノイタダキ,牝,真島元徳,,エスポワールシチー,2005102837,キャンベルイモン,2006105170,バブルガムフェロー,1993109219,原久美子,坂牧場,64.6,2005.0,2006.0,1993.0
2018110034,ハイクォーツ,牡,溝橋利喜,,Dawn Approach,000a012117,Exclusive Diamond,000a01490b,Iffraaj,000a0111d1,小林聖子,W. J. White & Siobhan White,64.5,2010.0,2012.0,2001.0
2018110096,グレイテストギフト,牡,松永幹夫,,No Nay Never,000a013cf5,Intizara,000a014bd2,Dansili,000a010a5f,ノースヒルズ,Christopher Humber,64.0,2011.0,2012.0,1996.0
2018106761,フクシマブリリオ,牝,杉山佳明,,モンテロッソ,000a011b05,レディマハロ,2005106137,フォーティナイナー,000a000134,西本資史,成隆牧場,64.0,2007.0,2005.0,1985.0
2018102927,ヴァンキッシュ,牡,手島勝利,,アジアエクスプレス,2011110091,キスザスカイ,2002105243,グラスワンダー,1995108676,三岡有香,山際セントラルスタッド,63.7,2011.0,2002.0,1995.0
2018102875,ハクアイローレル,牡,東眞市,,ダンカーク,000a012185,マウンテンウーマン,000a0123d8,モンジュー,1996190001,Ｈ．Ｉコーポレーション,三石川上牧場,63.1,2006.0,2008.0,1996.0
2018101307,ワーキングベルン,牝,佐々木由,,タニノギムレット,1999100226,シュガークラフト,2004102831,ペンタイア,1992190007,大黒富美子,高橋啓,63.0,1999.0,2004.0,1992.0
2018101092,レジェンドメーカー,牝,千葉幸喜,,ダノンレジェンド,2010110102,ライゼリート,2012104015,ゼンノロブロイ,2000101517,小原準一郎,槇本牧場,62.9,2010.0,2012.0,2000.0
2018104444,レモンソーダ,牝,坂口義幸,,ミッキーアイル,2011103916,クインズラッシュ,2011102011,スウェプトオーヴァーボード,000a00fa34,堀田健一,松田牧場,62.8,2011.0,2011.0,1997.0
2018101116,ヴェアリアスマイル,牡,今津博之,,エスポワールシチー,2005102837,シェアースマイル,2009101469,プリサイスエンド,000a00fe9b,小林秀樹,目黒牧場,62.8,2005.0,2009.0,1997.0
2018102887,キープファイト,牡,稲益貴弘,,ヴィクトワールピサ,2007102923,ケイアイエリザベス,2003107134,フレンチデピュティ,000a00013a,橋本義次,三石橋本牧場,62.4,2007.0,2003.0,1992.0
2018106196,リンノテセウス,牡,渡辺博文,,フェノーメノ,2009106599,ミスアリバイ,000a0117bf,El Prado,000a001fb5,林正夫,惣田英幸,62.2,2009.0,2006.0,1989.0
2018105783,ヨンシキハヤテ,牡,高橋俊之,,バーディバーディ,2007100567,フレンチジェンヌ,2013104282,グラスワンダー,1995108676,庭田文雄,橋本牧場,62.2,2007.0,2013.0,1995.0
2018104777,エコロナデシコ,牝,碇清次郎,,ジャスタウェイ,2009106461,ベアトリスＩＩ,000a012970,Dr Fong,000a010571,下屋敷登喜夫,社台ファーム,62.0,2009.0,2010.0,1995.0
2018100083,エスプリジャスミン,牝,澤佳宏,,グランプリボス,2008103388,エキゾーストタイム,2000101045,ブライアンズタイム,000a000082,依田泰雄,石原牧場,62.0,2008.0,2000.0,1985.0
2018100408,サンライズガナール,牡,伊藤勝好,,ベルシャザール,2008103004,スワニー,2006105547,フォーティナイナー,000a000134,酒井孝敏,下河辺牧場,61.9,2008.0,2006.0,1985.0
2018100733,アップケーダイヤ,牝,大橋敬永,,パイロ,000a01176a,ヤマノアイリー,2010103806,グラスワンダー,1995108676,増田兼良,チャンピオンズファーム,61.7,2005.0,2010.0,1995.0
2018106408,ノーブルアリーナ,牡,那俄性哲,,リアルインパクト,2008103244,メイショウユウゼン,2001100575,タイキシャトル,1994109686,吉木伸彦,中島牧場,61.5,2008.0,2001.0,1994.0
2018106568,ミカンタルト,牝,伊藤勝己,,パイロ,000a01176a,イトククリ,2008101811,サクラバクシンオー,1989108341,太田雅貴,宮内牧場,61.4,2005.0,2008.0,1989.0
2018103644,パワーインパクト,牡,矢野久美,,ダノンシャーク,2008105554,マターラミツル,1997103065,メジロマックイーン,1987107235,三岡有香,鹿嶋牧場,61.0,2008.0,1997.0,1987.0
2018102313,フークフォルトゥナ,牝,瀬戸口悟,,カレンブラックヒル,2009106230,トキメキブンブン,2011101867,タニノギムレット,1999100226,福岡隆史,村上進治,61.0,2009.0,2011.0,1999.0
2018102806,ニシノバシャール,牡,三野宮通,,ナカヤマフェスタ,2006102424,ニシノブルームーン,2004102548,タニノギムレット,1999100226,安藤浩也,本桐牧場,60.8,2006.0,2004.0,1999.0
2018100801,スターオブスイート,牝,池田忠好,,ロードアルティマ,2000110026,ロングモニー,2003107421,ホワイトマズル,1990109700,光安了,道見牧場,60.8,2000.0,2003.0,1990.0
2018103674,モンギンゴー,セ,畠山信一,,タニノギムレット,1999100226,レッドターキー,2005100225,トワイニング,000a000006,村上聡蔵,神垣道弘,60.7,1999.0,2005.0,1991.0
2018101954,タガノコハクゾラ,牝,斉藤崇史,,バゴ,2001190004,タガノスケルド,2013101731,ハービンジャー,000a011996,八木良司,新冠タガノファーム,60.7,2001.0,2013.0,2006.0
2018109003,パラダイスギンガ,牡,新田守,,ウインバリアシオン,2008103206,ジュエルシャネル,2002109176,アグネスワールド,1995108665,谷謙介,荒谷牧場,60.3,2008.0,2002.0,1995.0
2018105674,トーセンヘンリー,牡,堂山芳則,,トーセンロレンス,2009106085,トーセンベルファム,2005102371,フレンチデピュティ,000a00013a,工藤栄三,エスティファーム,60.1,2009.0,2005.0,1992.0
2018105168,リオアビセオ,牝,柳井宏之,,ハービンジャー,000a011996,ナスカ,2003102802,サンデーサイレンス,000a00033a,北原大史,ノーザンファーム,60.1,2006.0,2003.0,1986.0
2018106269,モズカンリョウ,牝,土井道隆,,グランプリボス,2008103388,モズフリムカナイデ,2012101803,クロフネ,1998110135,馬場三四郎,谷川牧場,60.0,2008.0,2012.0,1998.0
2018105509,ショウナンハイネス,牝,保利良平,,ロードカナロア,2008103552,ショウナンパンドラ,2011103584,ディープインパクト,2002100816,国本哲秀,社台コーポレーション白老ファーム,60.0,2008.0,2011.0,2002.0
2018103614,ヤマカツエール,牝,黒木豊,,マジェスティックウォリアー,000a011e9c,ヤマカツマヤリス,2007100146,クロフネ,1998110135,小橋亮太,岡田牧場,60.0,2005.0,2007.0,1998.0
2018103201,イペラティーヴァ,牝,高柳瑞樹,,ヴィクトワールピサ,2007102923,アンフレシェ,2013102954,マンハッタンカフェ,1998101554,小林由明,猿橋義昭,60.0,2007.0,2013.0,1998.0
2018103045,フミエイター,牡,西村守幸,,クリエイターII,000a013630,アカカホール,2013102846,ダイワメジャー,2001103114,（株）イー・アール,笠松牧場,60.0,2013.0,2013.0,2001.0
2018101515,ゴールドバーレン,牡,高本友芳,,ヘニーヒューズ,000a011155,チャオプラヤ,2011106514,ネオユニヴァース,2000101426,織田洋介,オリエント牧場,60.0,2003.0,2011.0,2000.0
2018101359,プリンスゼンナン,牡,浜田多実,,キングズベスト,000a0022d2,ディープサウス,2010104178,ディープインパクト,2002100816,窪田康志,坂東牧場,60.0,1997.0,2010.0,2002.0
2018101101,ノブシ,牡,藤岡健一,,パイロ,000a01176a,サイレンスラヴ,2012100453,スペシャルウィーク,1995103211,河内孝夫,増尾牧場,60.0,2005.0,2012.0,1995.0
2018101380,サンマルファミリー,牝,大島静夫,,シビルウォー,2005102317,トウカイファミリー,2006105977,ネオユニヴァース,2000101426,太田雅貴,びらとり牧場,59.7,2005.0,2006.0,2000.0
2018101197,ルクク,牡,坂口義幸,,ハービンジャー,000a011996,タイキシャイン,2004106663,タイキシャトル,1994109686,谷謙介,門別山際牧場,59.7,2006.0,2004.0,1994.0
2018106355,マロンビクトリー,牝,小林俊彦,,ディスクリートキャット,000a0113a1,トーワクリステル,2011105157,ディープインパクト,2002100816,欠畑圭一,辻牧場,59.6,2003.0,2011.0,2002.0
2018103879,アモーレドルチェ,牝,矢野義幸,,バトルプラン,000a0118e8,カリタ,2014104579,ロードアルティマ,2000110026,（株）Ｎｉｃｋｓ,静内山田牧場,59.5,2005.0,2014.0,2000.0
2018100153,リミテッド,牡,大石省三,,バトルプラン,000a0118e8,ブライズメイト,2005102907,エイシンサンディ,1993103280,曽和栄司,沖田牧場,59.4,2005.0,2005.0,1993.0
2018102646,ナムラワンチーム,牡,佐藤茂,,リアルインパクト,2008103244,エーシンミモザ,2008101295,キングカメハメハ,2001103460,鶴谷義雄,城地牧場,59.3,2008.0,2008.0,2001.0
2018105990,ミオ,牝,安部幸夫,,ローズキングダム,2007103404,カルネージュ,000a0128f3,Alzao,000a001cb4,西村健,絵笛牧場,59.0,2007.0,2000.0,1980.0
2018103625,アヴニールファミユ,牡,水野善太,,リヤンドファミユ,2010104396,ブラックジョーク,2007101229,ブラックホーク,1994109361,遠藤喜和,岡野牧場,59.0,2010.0,2007.0,1994.0
2018105603,ゲットバック,牡,矢野久美,,ロードカナロア,2008103552,アミカブルナンバー,2009105913,ダイワメジャー,2001103114,星野裕光,上水牧場,58.9,2008.0,2009.0,2001.0
2018102391,ヨチタイザン,牝,大山寿文,,スクリーンヒーロー,2004103328,イイデステップ,2008105154,ファンタスティックライト,1996190005,平野照子,山岡ファーム,58.8,2004.0,2008.0,1996.0
2018103640,タップファーカイト,牡,桜田浩樹,,アポロソニック,2010110120,ブラックスワン,2011106541,アジュディケーティング,000a000d5d,吉岡廣樹,織田正敏,58.5,2010.0,2011.0,1987.0
2018103522,ホウオウナビゲータ,牡,今津博之,,マツリダゴッホ,2003104570,テルヌーヴ,2012110032,Henrythenavigator,000a0116fd,岡田牧雄,岡田スタッド,58.5,2003.0,2012.0,2005.0
2018106629,プレナイト,牝,池田忠好,,アンライバルド,2006103308,ラビットポーズ,2000107634,シャンハイ,000a000d73,重松國建,山口義彦,58.2,2006.0,2000.0,1989.0
2018105920,エイシンキンボシ,牡,大島静夫,,ハーツクライ,2001103038,エイシンフェアリー,2006103470,タイキシャトル,1994109686,北原大史,栄進牧場,58.2,2001.0,2006.0,1994.0
2018105571,ロイヤルパフューム,牝,加藤和宏,,オルフェーヴル,2008102636,リリウム,2005102167,クロフネ,1998110135,（株）ファーストビジ,社台コーポレーション白老ファーム,58.2,2008.0,2005.0,1998.0
2018101158,ワールドヒーロー,牡,佐藤英明,,ワールドエース,2009106353,マンチャ,2006110056,キングズベスト,000a0022d2,イシカリホースマンクラブ,門別牧場,58.1,2009.0,2006.0,1997.0
2018106896,ワンダードゥヴァン,牝,西村守幸,,ネオユニヴァース,2000101426,ワンダートロワ,2011106539,アルデバランＩＩ,000a010541,山本能行,フクダファーム,58.0,2000.0,2011.0,1998.0
2018106680,ローラフォンテン,牝,波多野健,,ロードアルティマ,2000110026,ドゥスマイル,2003106790,アグネスタキオン,1998101516,吉橋興生,清水スタッド,58.0,2000.0,2003.0,1998.0
2018104510,マサハヤリュウ,牡,井樋一也,,ダイワメジャー,2001103114,アナモリ,2005104006,トワイニング,000a000006,宮崎豊治,社台ファーム,58.0,2001.0,2005.0,1991.0
2018102963,エレガントオーラ,牝,石栗龍彦,,ルーラーシップ,2007103143,エアマチュール,2011104178,ディープインパクト,2002100816,田畑利彦,秋場牧場,58.0,2007.0,2011.0,2002.0
2018102439,オビワンエンペラー,セ,村上実,,トゥザグローリー,2007103265,オリエンタルサンシャイン,000a011dde,Medaglia d'Oro,000a010a65,前田敏文,乾皆雄,58.0,2007.0,2006.0,1999.0
2018100183,フォティアカグラ,牝,今津博之,,ダノンレジェンド,2010110102,カーリア,000a011177,Carson City,000a001e7d,曽根正,オリオンファーム,58.0,2010.0,2002.0,1987.0
2018101702,セイカスタディオン,セ,今津勝之,,オーシャンブルー,2008102978,セイカアルテナ,2002109412,メジロマックイーン,1987107235,伊勢光,シンユウファーム,57.7,2008.0,2002.0,1987.0
2018101375,ポーラージェット,牡,及川良春,,ダノンシャーク,2008105554,アジアンジェット,2007106367,エアエミネム,1998110210,谷謙介,びらとり牧場,57.7,2008.0,2007.0,1998.0
2018101953,タガノエンデヴァー,セ,森沢友貴,,リオンディーズ,2013105915,タガノシャーロット,2013101730,シンボリクリスエス,1999110099,八木良司,新冠タガノファーム,57.5,2013.0,2013.0,1999.0
2018100737,キッズリッカリッカ,牝,田中淳司,,ドゥラメンテ,2012104511,ヤマノラヴ,2008105732,アグネスデジタル,1997110025,（株）チャンピオンズ,チャンピオンズファーム,57.3,2012.0,2008.0,1997.0
2018106737,キュンキュンハート,牝,池田忠好,,キングズベスト,000a0022d2,バンデリータ,2003103432,メイショウオウドウ,1995101767,堀口晴男,小野瀬竜馬,57.0,1997.0,2003.0,1995.0
2018102959,ガミラスグレシャス,牝,田村彰啓,,ロージズインメイ,000a010a10,テラザイザベラ,2007109339,アルカセット,2000190010,藤井猛,レースホース牧場,56.5,2000.0,2007.0,2000.0
2018102816,カナエ,牝,山本学,,トーセンブライト,2001103660,レッドフォーリア,2006103027,ダンスインザダーク,1993109188,木村廣太,本桐牧場,56.5,2001.0,2006.0,1993.0
2018100091,ナムラトルフィン,牡,石川浩文,,リーチザクラウン,2006102923,ナムラグルーヴ,2011105527,ディープスカイ,2005101358,（株）アプエンテ,いとう牧場,56.5,2006.0,2011.0,2005.0
2018106194,キクノボワ,牝,山田徹,,クリエイターII,000a013630,キクノレジーナ,2008106555,キングヘイロー,1995104427,菊池五郎,惣田英幸,56.4,2013.0,2008.0,1995.0
2018106121,サンパームデール,牝,宇都英樹,,シビルウォー,2005102317,キッスオブドラゴン,2008106597,クロフネ,1998110135,安部重夫,木村牧場,56.4,2005.0,2008.0,1998.0
2018109135,ヤエノツバメ,牝,山下定文,,タニノギムレット,1999100226,マドンナブラボー,2003102299,アドマイヤベガ,1996107396,柳田英子,本田土寿,56.3,1999.0,2003.0,1996.0
2018102450,ネオルーナ,牡,佐々木由,,ハービンジャー,000a011996,ベラルーナ,2009101407,ディープインパクト,2002100816,（有）メルシー,上村清志,56.1,2006.0,2009.0,2002.0
2018105772,ヤシロコマチ,牝,土屋洋之,,フリオーソ,2004106867,アメリデラックス,2012106180,アメリカンボス,1995108602,高島幸子,橋本牧場,56.0,2004.0,2012.0,1995.0
2018103351,スターオブヒロイン,牝,石井勝男,,プリサイスエンド,000a00fe9b,アサクサコンソメ,2002100670,ダンスインザダーク,1993109188,光安了,丸村村下ファーム,56.0,1997.0,2002.0,1993.0
2018100110,フレンドケリー,牝,稲益貴弘,,サウスヴィグラス,1996110138,ジョウノナンシー,2003106049,フレンチデピュティ,000a00013a,横尾晴人,浦新徳司,56.0,1996.0,2003.0,1992.0
2018106169,アークジャーニー,牝,本名信行,,ドリームジャーニー,2004102753,ミスキ,000a00fafe,Miswaki,000a0017b0,（株）ＴｒＹ,笹島智則,55.8,2004.0,1999.0,1978.0
2018102849,ディルクロ,牝,藤田正治,,ベーカバド,000a011dc0,コスモメルベーユ,2003110226,ファスリエフ,000a00fc4c,小橋亮太,松本牧場,55.8,2007.0,2003.0,1997.0
2018100607,ノンリファレンス,牝,榎屋充,,モーリス,2011100655,ラサンバ,000a011bb7,Orientate,000a010902,小橋国夫,高山牧場,55.4,2011.0,2004.0,1998.0
2018105802,オーサフォルテ,牝,立花伸,,フリオーソ,2004106867,プリティガール,2007102634,アドマイヤマックス,1999107004,清水龍,吉田牧場,55.0,2004.0,2007.0,1999.0
2018104381,ラブミーマリリン,牝,宗形竹見,,コパノリチャード,2010106552,コパノプレゼント,2006101763,サクラバクシンオー,1989108341,小林祥晃,へいはた牧場,55.0,2010.0,2006.0,1989.0
2018104194,ビービーカレラ,牡,三宅直之,,コパノリチャード,2010106552,フルオブラヴ,2012104383,チチカステナンゴ,000a011135,小橋亮太,西村牧場,55.0,2010.0,2012.0,1998.0
2018100835,ハタノシーム,牝,安田武広,,ホッコータルマエ,2009100921,ベルゲン,2013106035,ヴァーミリアン,2002100877,畑末廣郎,中前牧場,55.0,2009.0,2013.0,2002.0
2018102479,クールビスマルク,牡,錦見勇夫,,ディープブリランテ,2009105084,クールシナリオ,2007105754,フォーティナイナー,000a000134,（有）大勇,沖田博志,54.9,2009.0,2007.0,1985.0
2018102730,サンウィンズロー,牝,柳井宏之,,タニノギムレット,1999100226,セイウンクレナイ,2002104840,タイキシャトル,1994109686,川添裕起,中橋正,54.8,1999.0,2002.0,1994.0
2018100990,アンジェリケ,牝,井手上慎,,ラブリーデイ,2010104298,クリールシャルマン,2010102943,ジャングルポケット,1998101786,吉田勝利,藤本ファーム,54.7,2010.0,2010.0,1998.0
2018101680,サンセットクラップ,牝,胡本友晴,,ザサンデーフサイチ,2004102855,トラックマグナ,2002102082,アラジ,000a00003b,長浜和也,サンローゼン,54.5,2004.0,2002.0,1989.0
2018109172,カシノバニー,牝,山下定文,,サニングデール,1999109275,バーンダンス,1997107458,マルゼンスキー,000a0003bd,柏木務,新保孝一,54.4,1999.0,1997.0,1974.0
2018104012,サクラレアリゼ,牡,高橋俊之,,オーシャンブルー,2008102978,サクラフェリース,2010102805,サクラバクシンオー,1989108341,浜口卓也,谷岡スタット,54.4,2008.0,2010.0,1989.0
2018102904,スギノデュナミス,牝,村上昌幸,,カレンブラックヒル,2009106230,スギノエスペランザ,2010104505,ウォーエンブレム,000a00fa35,大黒富美子,明治牧場,54.2,2009.0,2010.0,1999.0
2018101150,エムオーゴールド,牝,角川秀樹,,ホッコータルマエ,2009100921,エムオーパール,2011102771,ステイゴールド,1994108729,大浅貢,門別牧場,54.2,2009.0,2011.0,1994.0
2018104245,ナムラアイガー,牡,倉地学,,リオンディーズ,2013105915,ナムラカエデジョウ,2003105300,フォーティナイナー,000a000134,西村健,八田ファーム,54.0,2013.0,2003.0,1985.0
2018102389,ピエールジャガー,牡,鋤田誠二,,モンテロッソ,000a011b05,マヤリッシュ,2008104576,イーグルカフェ,1997110118,新村順一,八島夕起子,54.0,2007.0,2008.0,1997.0
2018101725,サマーサクセション,牡,桜井拓章,,ヴェリーハード,2006101853,サマーシェイクス,2001106085,ジェイドロバリー,000a0001a7,田村義徳,スターファーム,54.0,2006.0,2001.0,1987.0
2018101611,スカイフェニックス,牝,藪口一麻,,ラブリーデイ,2010104298,ミラクルモーメント,2008104190,フジキセキ,1992109618,須貝廣次,小泉学,54.0,2010.0,2008.0,1992.0
2018101938,トゥザマルテ,牝,池田忠好,,トゥザワールド,2011103975,コルカロリ,2011104988,ステイゴールド,1994108729,原久美子,新冠伊藤牧場,53.9,2011.0,2011.0,1994.0
2018101873,ミトノロッキー,牡,角田輝也,,ゼンノロブロイ,2000101517,ドリームマイウエイ,2006106222,カコイーシーズ,1986109001,竹内三年,堂島牧場,53.8,2000.0,2006.0,1986.0
2018103137,ケフェウステソーロ,牡,沖田明子,,モーリス,2011100655,ナンヨークイーン,2006103405,トワイニング,000a000006,了徳寺健二ホールディングス,高昭牧場,53.6,2011.0,2006.0,1991.0
2018103014,キャメルクラッチ,牝,村上実,,ノヴェリスト,000a012230,カラマンシー,2012104497,ゼンノロブロイ,2000101517,木村良明,王蔵牧場,53.6,2009.0,2012.0,2000.0
2018106857,マーズスペリオーレ,牡,松本隆宏,,アジアエクスプレス,2011110091,シップスログ,2010104440,ネオユニヴァース,2000101426,（株）ＧＥＴＮＥＸＴ,能登浩,53.1,2011.0,2010.0,2000.0
2018104547,ヒカリネツガル,牝,小野望,,ハービンジャー,000a011996,エクスプレスレーン,2013105427,ディープインパクト,2002100816,村田能光,社台ファーム,53.0,2006.0,2013.0,2002.0
2018106160,ブリリアントパーズ,牝,伊藤強一,,ローエングリン,1999106738,メイショウトパーズ,2012105591,クロフネ,1998110135,鈴木和彦,榊原敏明,52.9,1999.0,2012.0,1998.0
2018104378,レッツクレンジング,牝,山崎尋美,,コパノリチャード,2010106552,キスカラハジメヨウ,2011104208,ステイゴールド,1994108729,小林祐介,へいはた牧場,52.8,2010.0,2011.0,1994.0
2018103501,ムーンパスアイ,牝,土井道隆,,マツリダゴッホ,2003104570,スヴレッタ,000a00fdbf,Nureyev,000a001676,木稲安則,岡田スタッド,52.7,2003.0,1999.0,1977.0
2018106652,ツーエムプレミアム,牝,中川雅之,,アジアエクスプレス,2011110091,スプリングルーシー,2005101179,チーフベアハート,1993190010,村上憲政,様似共栄牧場,52.5,2011.0,2005.0,1993.0
2018106004,オオサキザクラ,牝,遠藤茂,,プリサイスエンド,000a00fe9b,アスターロマーネ,2012105152,ステイゴールド,1994108729,男澤喜惠子,岡本昌市,52.5,1997.0,2012.0,1994.0
2018105225,ミッキーエンパイア,牡,岡田利一,,オルフェーヴル,2008102636,フォンタネリーチェ,000a012e2c,Vale of York,000a012e08,野田みづき,ノーザンファーム,52.5,2008.0,2012.0,2007.0
2018103347,アヤチプリンセス,牝,酒井一則,,ダノンシャーク,2008105554,ハルカナルタビジ,1998102271,サクラユタカオー,1982101222,荒川将一,藤春修二,52.5,2008.0,1998.0,1982.0
2018101653,アルフレッド,牝,佐藤壽,,ベーカバド,000a011dc0,グロリアスフラワー,2007102763,スペシャルウィーク,1995103211,酒井孝敏,五丸農場,52.5,2007.0,2007.0,1995.0
2018104294,リュウノイサベル,牝,板垣吉則,,ダノンレジェンド,2010110102,プリモカラーズ,2006100954,アグネスタキオン,1998101516,蓑島竜一,藤川ファーム,52.0,2010.0,2006.0,1998.0
2018104255,ザイグザンプル,牝,鮫島克也,,エイシンフラッシュ,2007102951,ネオイグザンプル,2007100759,ネオユニヴァース,2000101426,笠原久夫,服部牧場,51.6,2007.0,2007.0,2000.0
2018101692,マルコメフクアキ,牡,田辺陽一,,ヒルノダムール,2007100727,シンカンキセキ,2007104046,アジュディケーティング,000a000d5d,村田大作,シンカンファーム,51.6,2007.0,2007.0,1987.0
2018101912,ボウクンエンブレム,牡,橘友和,,ショウナンカンプ,1998102595,セレスシャイン,2005101032,アグネスデジタル,1997110025,喜多清貴,中山高鹿康,51.5,1998.0,2005.0,1997.0
2018110051,ネイキッドロマンス,牝,尾関知人,,Belardo,000a0128fd,リージェンシーロマンス,000a0127ea,ディクタット,1995190007,ゴドルフィン,Godolphin,51.0,2012.0,2008.0,1995.0
2018106551,メイショウオルセー,牝,飯田祐史,,ディープブリランテ,2009105084,メイショウジェイ,2005102873,タニノギムレット,1999100226,松本好雄,三嶋牧場,51.0,2009.0,2005.0,1999.0
2018106330,エーティーゴーオー,牡,木原一良,,ダンカーク,000a012185,オデッタ,2012105414,キングカメハメハ,2001103460,荒木徹,辻牧場,51.0,2006.0,2012.0,2001.0
2018106325,スマイルパワー,牡,辻哲英,,ゴールドシップ,2009102739,エスジーアンクル,2009100574,シニスターミニスター,000a011099,馬目卓,辻牧場,51.0,2009.0,2009.0,2003.0
2018105713,レッドヴィエント,牡,小島茂之,,モーリス,2011100655,レッドヴァージン,2009110037,Distorted Humor,000a0022ea,東京ホースレーシング,社台牧場,51.0,2011.0,2009.0,1993.0
2018105708,ルージュエトワール,牝,田中克典,,ディープインパクト,2002100816,シックスイス,000a01379b,Luhuk,000a00fdbc,東京ホースレーシング,社台牧場,51.0,2002.0,2010.0,1991.0
2018105303,リバースレー,牝,安田隆行,,ドゥラメンテ,2012104511,モシーン,000a01216a,Fastnet Rock,000a010601,シルクレーシング,ノーザンファーム,51.0,2012.0,2008.0,2001.0
2018105278,マラムコーブ,牝,西園正都,,ロードカナロア,2008103552,マラムデール,2011104022,フレンチデピュティ,000a00013a,サンデーレーシング,ノーザンファーム,51.0,2008.0,2011.0,1992.0
2018104862,サマースノー,牝,山下貴之,,ダノンシャンティ,2007105709,レディイン,000a00ff4a,Kendor,000a001be4,谷掛龍夫,社台ファーム,51.0,2007.0,1999.0,1986.0
2018104836,サトノミューズ,牝,奥村武,,スクリーンヒーロー,2004103328,リトミックダンス,2001103218,ダンスインザダーク,1993109188,サトミホースカンパニー,社台ファーム,51.0,2004.0,2001.0,1993.0
2018104830,ウエストサイド,牡,杉山佳明,,ディープインパクト,2002100816,ラブリーマリア,000a012efd,Majesticperfection,000a012669,吉田千津,社台ファーム,51.0,2002.0,2012.0,2006.0
2018103765,グランキティ,牝,新谷功一,,ルーラーシップ,2007103143,ティンクルハート,2003100655,サンデーサイレンス,000a00033a,間宮秀直,今牧場,51.0,2007.0,2003.0,1986.0
2018103367,メイショウセッサイ,牡,橋本忠明,,ハーツクライ,2001103038,サンタローズ,2002104181,パントレセレブル,000a000271,松本好雄,村下明博,51.0,2001.0,2002.0,1994.0
2018103291,モリノハヤブサ,牝,齊藤敏,,ホッコータルマエ,2009100921,ミュゼフローレンス,2012102541,エンパイアメーカー,000a010542,森和久,野表俊一,51.0,2009.0,2012.0,2000.0
2018103122,メイショウワゲン,牡,荒川義之,,トゥザワールド,2011103975,キャロルロゼ,2007102054,タイキシャトル,1994109686,松本好雄,高昭牧場,51.0,2011.0,2007.0,1994.0
2018103012,フランチャコルタ,牝,羽月友彦,,ハービンジャー,000a011996,ローザディアマント,2008103280,スペシャルウィーク,1995103211,永田和彦,エムエム、ヤマダファーム,51.0,2006.0,2008.0,1995.0
2018102896,ファインディーヴァ,牝,佐々木功,,リオンディーズ,2013105915,アンコンソールド,2009110111,Smart Strike,000a00211c,酒井孝敏,明治牧場,51.0,2013.0,2009.0,1992.0
2018102654,レイダンジチ,牡,斎藤誠,,リオンディーズ,2013105915,アドマイヤマダム,2002100768,サンデーサイレンス,000a00033a,金山克己,田上徹,51.0,2013.0,2002.0,1986.0
2018102380,エムティースマイル,牝,木原一良,,ディスクリートキャット,000a0113a1,ヒカルエガオ,2005101946,アグネスタキオン,1998101516,丸山輝城,守矢牧場,51.0,2003.0,2005.0,1998.0
2018102059,プレリュード,牝,高橋康之,,ハーツクライ,2001103038,バイコースタル,000a011797,Gone West,000a001be1,ノースヒルズ,ノースヒルズ,51.0,2001.0,2004.0,1984.0
2018101991,シングフォーホープ,牝,清水久詞,,アジアエクスプレス,2011110091,セイユウヴィーナス,2012100556,ハーツクライ,2001103038,大塚亮一,新冠橋本牧場,51.0,2011.0,2012.0,2001.0
2018101973,タガノスカウター,牡,九日俊光,,パイロ,000a01176a,ミトス,2012106118,エンパイアメーカー,000a010542,崎谷彦司,新冠タガノファーム,51.0,2005.0,2012.0,2000.0
2018101869,テンマプリザワール,牡,大山寿文,,トゥザワールド,2011103975,プリマゴールド,2012101577,ステイゴールド,1994108729,山本晋也,トモファーム,51.0,2011.0,2012.0,1994.0
2018101535,ゼンダンツバキ,牝,小国博行,,リアルインパクト,2008103244,キープザサミット,2010104409,チチカステナンゴ,000a011135,渡邊善男,カミイスタット,51.0,2008.0,2010.0,1998.0
2018101003,ニシノカオリード,牝,杉浦宏昭,,スクリーンヒーロー,2004103328,ミエノプリンプリン,2012104204,ハービンジャー,000a011996,西山茂行,船越牧場,51.0,2004.0,2012.0,2006.0
2018100935,マッシブディール,セ,池上昌和,,ルーラーシップ,2007103143,ホクセツダンス,2008105996,アグネスデジタル,1997110025,岡田牧雄,日高大洋牧場,51.0,2007.0,2008.0,1997.0
2018100055,イワナ,牡,久保勇,,ルーラーシップ,2007103143,ダンスフェイム,2010103815,ファルブラヴ,1998190004,大野春男,新井昭二,51.0,2007.0,2010.0,1998.0
2018102594,ムカルナス,牝,迫田清美,,スクリーンヒーロー,2004103328,パルテノン,2012102310,キングカメハメハ,2001103460,（株）ＴｒＹ,ケイアイファーム,50.8,2004.0,2012.0,2001.0
2018100411,ロフォーテン,牝,佐藤祐司,,リオンディーズ,2013105915,ダッシャーレーヌ,2011100355,ディープインパクト,2002100816,千葉重雄,下河辺牧場,50.8,2013.0,2011.0,2002.0
2018102468,ローズトピアリー,牝,金田一昌,,ネオユニヴァース,2000101426,トピアリー,2003101100,タバスコキャット,000a000348,蜂須賀重夫,沖田忠幸,50.7,2000.0,2003.0,1991.0
2018109149,ユキザクラ,牝,渡辺博文,,スクワートルスクワート,000a000da4,リズモア,2007103238,アグネスデジタル,1997110025,吉野政敏,吉野政敏,50.6,1998.0,2007.0,1997.0
2018104007,サクラレガッタ,牡,稻田彰宏,,バトルプラン,000a0118e8,サクラカルナバル,2011102139,オペラハウス,000a000d77,角山喜信,谷岡スタット,50.4,2005.0,2011.0,1988.0
2018101682,トキノアストロ,牡,千葉幸喜,,アポロキングダム,2003110139,プルマージュ,2006104307,フォーティナイナー,000a000134,田中準市,渋谷一郎,50.2,2003.0,2006.0,1985.0
2018103000,ウインアガラス,牡,田中伸一,,ブラックタイド,2001103312,アルカイックレディ,2004110122,Mr. Greeley,000a00213e,小橋亮太,梅田牧場,50.0,2001.0,2004.0,1992.0
2018102529,バークリー,牝,大石省三,,ロードアルティマ,2000110026,エアジュリアード,2007103583,スペシャルウィーク,1995103211,組）オールザベスト組,木田晶範,50.0,2000.0,2007.0,1995.0
2018102025,ヤマニンドラセナ,牡,目迫大輔,,シンボリクリスエス,1999110099,ヤマニンロードン,2012100561,スペシャルウィーク,1995103211,土井久美子,錦岡牧場,50.0,1999.0,2012.0,1995.0
2018101685,トリエステ,牝,西山裕貴,,トゥザワールド,2011103975,アヴィド,2005104724,マヤノトップガン,1992102988,真中伴典,シンカンファーム,50.0,2011.0,2005.0,1992.0
2018101225,リコーテンザン,牡,藤田正治,,ゼンノロブロイ,2000101517,リコーパープル,2004106175,カコイーシーズ,1986109001,（株）ファーストビジ,リコーファーム,50.0,2000.0,2004.0,1986.0
2018101165,ヒガシカルディナ,牝,田中淳司,,マジェスティックウォリアー,000a011e9c,コパノミリアン,2013101022,ヴァーミリアン,2002100877,梁川正普,ヤナガワ牧場,50.0,2005.0,2013.0,2002.0
2018100901,インザロングラン,牡,中野博,,シンボリクリスエス,1999110099,メイビータイム,2014105239,キャプテントゥーレ,2005102216,谷謙介,浜本牧場,49.8,1999.0,2014.0,2005.0
2018100471,オリヒメペコ,牝,笹野博司,,エイシンフラッシュ,2007102951,アイリッシュペコ,2011110060,Sea The Stars,000a011c78,細川大輔,白井牧場,49.7,2007.0,2011.0,2006.0
2018104456,キタノゼロセン,牡,千葉博次,,トゥザワールド,2011103975,カレンナサクラ,2004105122,メジロライアン,1987105368,前田敏文,見上牧場,49.5,2011.0,2004.0,1987.0
2018100223,ミリオンフジコ,牝,新井健児,,リオンディーズ,2013105915,アフォリズム,2008100850,タニノギムレット,1999100226,（株）心頼ＬｏｏＰ,北田剛,49.5,2013.0,2008.0,1999.0
2018106903,キャラ,牝,古賀光範,,ノボジャック,1997110152,カスガ,2006105840,マーベラスサンデー,1992103687,高山直樹,日西牧場,49.4,1997.0,2006.0,1992.0
2018106861,キチキチバンバン,牡,斉藤正弘,,モンテロッソ,000a011b05,アイノフシギ,2012104410,グラスワンダー,1995108676,西尾徳一,ファーミングヤナキタ,49.1,2007.0,2012.0,1995.0
2018102852,ウエノマルメロディ,牝,井上弘之,,マツリダゴッホ,2003104570,ハートフルメロディ,2004101559,チーフベアハート,1993190010,大東正由,松本牧場,49.0,2003.0,2004.0,1993.0
2018101472,シェーンシュバルツ,牝,栗田裕光,,エピファネイア,2010104155,チャメ,2007104105,ホワイトマズル,1990109700,岩見昌弘,イワミ牧場,49.0,2010.0,2007.0,1990.0
2018104449,ジェネシスライト,牝,榎屋充,,バゴ,2001190004,フサイチミニヨン,1996107378,サンデーサイレンス,000a00033a,杉浦和也,松田牧場,48.7,2001.0,1996.0,1986.0
2018109081,ユウカレント,牡,井樋明正,,スウィフトカレント,2001103189,ユウキャラット,1999100418,ウイニングチケット,1990102314,（同）ＪＰＮ技研,山端るり子,48.6,2001.0,1999.0,1990.0
2018103253,オセバートゥル,牡,山田徹,,ベーカバド,000a011dc0,カントリーギャル,2008106517,ティンバーカントリー,000a00035e,（株）本城,東栄牧場,48.6,2007.0,2008.0,1992.0
2018102094,テイエムオリンピア,牝,平山宏秀,,フェノーメノ,2009106599,フェートデュヴァン,2000101506,メジロマックイーン,1987107235,竹園正繼,ハシモトファーム,48.6,2009.0,2000.0,1987.0
2018103903,カツノホワイト,牝,地辺幸一,,スウェプトオーヴァーボード,000a00fa34,ママノヨリミチ,2012103126,マンハッタンカフェ,1998101554,渡邉和典,聖心台牧場,48.4,1997.0,2012.0,1998.0
2018103597,ライントリガー,牡,瀬戸幸一,,ケープブランコ,000a011b06,チャームピクチャー,2004105073,ダンスインザダーク,1993109188,岩渕瑞生,岡田牧場,48.4,2007.0,2004.0,1993.0
2018102727,クールヴァイヤン,牡,田口輝彦,,オーシャンブルー,2008102978,ハギノローザ,2009103525,タニノギムレット,1999100226,藤井孝治,中橋清,48.0,2008.0,2009.0,1999.0
2018100880,ドリームチケット,牝,渡邊貴光,,ドリームジャーニー,2004102753,セフティードリーム,2005103530,フォーティナイナー,000a000134,森田一俊,長谷川牧場,48.0,2004.0,2005.0,1985.0
2018100038,マリーチ,牝,小西重征,,モーリス,2011100655,ゴールドカルラ,2008105124,ゼンノロブロイ,2000101517,磯波勇,天羽禮治,48.0,2011.0,2008.0,2000.0
2018109125,タカノハート,牡,頼本盛行,,ロードバリオス,2005104227,エイケイキャプテン,2011109047,キャプテンスティーヴ,000a000d9d,竹原孝昭,竹原孝昭,47.5,2005.0,2011.0,1997.0
2018105487,テンノリュウギ,牡,長南和宏,,フェノーメノ,2009106599,オンシジューム,2003102705,エンドスウィープ,000a00010f,天白泰司,社台コーポレーション白老ファーム,47.5,2009.0,2003.0,1991.0
2018100511,ステップフォード,牝,中川雅之,,フリオーソ,2004106867,シャンハイロック,2008105674,ロックオブジブラルタル,000a00fd4c,（有）新生ファーム,新生ファーム,47.5,2004.0,2008.0,1999.0
2018106132,ワンダーイデア,牡,九日俊光,,ワンダーアキュート,2006106794,ワンダーブライド,2010100861,ゴールドアリュール,1999106689,山本能成,グラストレーニングセンター,47.4,2006.0,2010.0,1999.0
2018106112,ファントムバローズ,牡,山下定文,,エピファネイア,2010104155,ルージュバローズ,2013103376,ディープインパクト,2002100816,大西充秋,杵臼牧場,47.4,2010.0,2013.0,2002.0
2018103715,ジュンジョウ,牡,及川良春,,ダブルスター,2009103518,ゴールドチェイス,2010102652,アドマイヤムーン,2003102991,大黒富美子,グランド牧場,46.9,2009.0,2010.0,2003.0
2018103162,アルマヴァーゴ,牝,鋤田誠二,,ショウナンカンプ,1998102595,アルマクロア,2014103976,バンブーエール,2003104100,岡田龍太郎,小島牧場,46.9,1998.0,2014.0,2003.0
2018102014,ヤマニンムジカ,牝,伊藤和,,スピルバーグ,2009105961,ヤマニングロワール,2003100637,フレンチデピュティ,000a00013a,土井久美子,錦岡牧場,46.9,2009.0,2003.0,1992.0
2018104667,スカーレットテイル,牝,桜井拓章,,ハービンジャー,000a011996,ダイワレジェンド,2011104297,キングカメハメハ,2001103460,小阪優友,社台ファーム,46.8,2006.0,2011.0,2001.0
2018104182,ヴァンデッタ,牡,田中正二,,サウスヴィグラス,1996110138,コパノジャーノー,2001107109,エリシオ,1993190001,竹下浩一,西村牧場,46.8,1996.0,2001.0,1993.0
2018104019,サクラプロモーター,牡,稻田彰宏,,ジャスタウェイ,2009106461,ゴンチャローワ,000a01152c,Gone West,000a001be1,角山喜信,谷岡牧場,46.8,2009.0,1998.0,1984.0
2018106915,ハーモニーマルコ,牡,川島雅人,,ディスクリートキャット,000a0113a1,ケンジントン,2010100672,アグネスタキオン,1998101516,日下部勝徳,大作ステーブル,46.5,2003.0,2010.0,1998.0
2018102650,セイルーク,牡,池田忠好,,セイクリムズン,2006100106,フラリシング,2012101610,パイロ,000a01176a,原久美子,城地牧場,46.5,2006.0,2012.0,2005.0
2018103683,キャットウォーク,牡,橘友和,,スピルバーグ,2009105961,スイートマカロン,2006110076,Tale of the Cat,000a002276,米山尚輝,木村秀則,46.4,2009.0,2006.0,1994.0
2018102126,コスモエンデ,牝,植松則幸,,ジャスタウェイ,2009106461,コスモエンドレス,2004100280,スターオブコジーン,1988109108,（株）ファーストビジ,ビッグレッドファーム,46.3,2009.0,2004.0,1988.0
2018106671,サファイアライト,牝,平山真希,,トゥザグローリー,2007103265,コローレアランチョ,2001100540,ジェイドロバリー,000a0001a7,吉井威博,澤井義一,46.0,2007.0,2001.0,1987.0
2018103472,アンカシャムローグ,牝,桜田康二,,マツリダゴッホ,2003104570,アンカジャポニカ,2010110048,Authorized,000a01139f,組）西野畜産組合,岡田スタッド,45.8,2003.0,2010.0,2004.0
2018110111,シゲルセンチュリー,牝,九日俊光,,Exaggerator,000a0131a0,センチュリーパーク,000a014d2e,General Meeting,000a001fee,森中蕃,Takahiro Wada,45.6,2013.0,2006.0,1988.0
2018102853,モーントシャイン,牝,柳井宏之,,リオンディーズ,2013105915,レインボーデザイア,2003106330,Devil's Bag,000a001a8f,柴田茂樹,松本牧場,45.6,2013.0,2003.0,1981.0
2018102548,アイアンブルゾン,牝,保利良平,,カジノドライヴ,2005110112,アイアンプラスワン,2009106228,シンボリクリスエス,1999110099,池上一馬,グローリーファーム,45.6,2005.0,2009.0,1999.0
2018101922,ヤンチャキ,牝,工藤裕孝,,グランプリボス,2008103388,シャフィガ,000a00fec2,Woodman,000a001beb,（株）心頼ＬｏｏＰ,長浜忠,45.3,2008.0,2000.0,1983.0
2018106061,ニシノリコリス,牝,山口浩幸,,ダンカーク,000a012185,ニシノリコルディ,2012102499,ハーツクライ,2001103038,冨田藤男,ガーベラパークスタッド,45.0,2006.0,2012.0,2001.0
2018100575,ヨシオスマイル,牡,橘友和,,カジノドライヴ,2005110112,デュリュクス,2007106763,メイショウオウドウ,1995101767,山邉浩,スマイルファーム,45.0,2005.0,2007.0,1995.0
2018101091,エディ,牡,岡島玉一,,リアルインパクト,2008103244,ミタイナ,2012110104,Denman,000a012638,小原準一郎,槇本牧場,44.8,2008.0,2012.0,2006.0
2018106275,シゲルアシスタント,牝,九日俊光,,ハービンジャー,000a011996,リーズ,2013103538,ヴィクトワールピサ,2007102923,森中蕃,谷川牧場,44.6,2006.0,2013.0,2007.0
2018102388,キタノレスリーズ,牝,藤ヶ崎一,,パイロ,000a01176a,ヒシヴェリタス,2007102184,アドマイヤドン,1999107052,服部康夫,八島夕起子,44.6,2005.0,2007.0,1999.0
2018106886,カフジプラテアード,牡,原口次夫,,マジェスティックウォリアー,000a011e9c,メイショウシッポウ,2013103747,キングカメハメハ,2001103460,加藤守,絵笛牧場,44.5,2005.0,2013.0,2001.0
2018100749,イガリマ,セ,東美義,,ゴールドシップ,2009102739,カレイメモワール,2009103099,アドマイヤムーン,2003102991,坂本忠教,ディアレストクラブ,44.3,2009.0,2009.0,2003.0
2018100648,リベラルアーツ,牡,佐々木由,,アドマイヤムーン,2003102991,アーキオロジー,000a010ce0,Seeking the Gold,000a001bea,須山悟至,ダーレー・ジャパン・ファーム,44.0,2003.0,2002.0,1985.0
2018103112,グッナイベイビー,牝,中川雅之,,スクリーンヒーロー,2004103328,ヴィーヴィーグッドナイト,000a013865,Midnight Lute,000a011c22,大野富生,高昭牧場,43.9,2004.0,2011.0,2003.0
2018101563,ワイケイダリヤ,牝,板垣吉則,,リアルインパクト,2008103244,キンショーダリヤ,2014104850,ダイワメジャー,2001103114,山下新一,川島牧場,43.7,2008.0,2014.0,2001.0
2018105407,トミケンチェスト,牝,蛯名雄太,,フェノーメノ,2009106599,エパティック,2008102600,ディープインパクト,2002100816,（株）ファーストビジ,追分ファーム,43.5,2009.0,2008.0,2002.0
2018101318,セリナ,牝,鷹見浩,,ジャングルポケット,1998101786,タニノバーバラ,2000101918,フォーティナイナー,000a000134,中田和宏,中田牧場,43.5,1998.0,2000.0,1985.0
2018100965,ロッククリスタル,牡,蛯名雄太,,ディスクリートキャット,000a0113a1,ライトレジーナ,2006105948,アジュディケーティング,000a000d5d,中山博,広富牧場,43.5,2003.0,2006.0,1987.0
2018100369,ダイバマウス,牝,箕輪武,,アンライバルド,2006103308,ニポーティ,2006101092,キングカメハメハ,2001103460,丹呉通孝,渋谷健作,43.5,2006.0,2006.0,2001.0
2018105870,ベイカツエース,牡,矢野久美,,シビルウォー,2005102317,フクウンラブスター,2005103979,アジュディケーティング,000a000d5d,近藤洋司,浦河育成牧場,43.2,2005.0,2005.0,1987.0
2018103382,ラヴィネルージュ,牝,地辺幸一,,マツリダゴッホ,2003104570,ゴールドルージュ,2002104193,クロコルージュ,000a0000bf,谷謙介,村下農場,43.2,2003.0,2002.0,1995.0
2018102156,オープストガルテン,牝,渡辺博文,,グラスワンダー,1995108676,マイネオーチャード,2008105063,ステイゴールド,1994108729,三岡有香,ビッグレッドファーム,43.2,1995.0,2008.0,1994.0
2018103855,バジガクアオイヒメ,牝,山中尊徳,,ローズキングダム,2007103404,ムーンスケイプ,2010104328,ダイワメジャー,2001103114,（株）馬事学院,静内杉下牧場,43.0,2007.0,2010.0,2001.0
2018103013,ローリングソバット,牡,高橋俊之,,ダノンシャンティ,2007105709,オレンジセクション,2014102168,ストリートセンス,000a0113a2,浜口卓也,王蔵牧場,43.0,2007.0,2014.0,2004.0
2018103480,シュガーレス,セ,武藤敏明,,ロージズインメイ,000a010a10,エリモフローラ,2010101785,ゼンノロブロイ,2000101517,Ｉレーシング（株）,岡田スタッド,42.9,2000.0,2010.0,2000.0
2018101025,リュウワンリュウコ,牝,中川竜馬,,クリエイターII,000a013630,キュートガール,2013100908,ケイムホーム,000a0108d1,門脇竜一,豊洋牧場,42.8,2013.0,2013.0,1999.0
2018101414,マーガリン,牝,川添明弘,,サウンドボルケーノ,2008110123,ステージワンスモア,2004100232,タニノギムレット,1999100226,栗嶋豊明,浅川牧場,42.6,2008.0,2004.0,1999.0
2018106622,ティーズディライト,牝,三野宮通,,ホッコータルマエ,2009100921,リエートフィーネ,2007103000,ゼンノロブロイ,2000101517,（株）アプエンテ,本巣敦,42.5,2009.0,2007.0,2000.0
2018106056,ノーブルフォレスト,牝,金田一昌,,ブラックタイド,2001103312,シルククインビー,2007101413,キングカメハメハ,2001103460,吉木伸彦,ガーベラパークスタッド,42.5,2001.0,2007.0,2001.0
2018102949,リアンサミット,牝,田島寿一,,フリオーソ,2004106867,キタサンヒメ,1997101947,カコイーシーズ,1986109001,組）ゴッテスフルス,米田牧場,42.4,2004.0,1997.0,1986.0
2018104519,ヴィアッジョ,牡,瀬戸幸一,,ノヴェリスト,000a012230,アルテシア,2002100615,サンデーサイレンス,000a00033a,横田一男,社台ファーム,42.1,2009.0,2002.0,1986.0
2018100224,ヴィータハイジア,牝,坂口義幸,,モーリス,2011100655,クロイゼリンチャン,2010100336,ブラックタイド,2001103312,（株）ボンズ,北田剛,42.1,2011.0,2010.0,2001.0
2018104391,キモンマイヒメ,牝,板垣吉則,,アジアエクスプレス,2011110091,メーンテーブル,2008100215,ブライアンズタイム,000a000082,小林祥晃,へいはた牧場,42.0,2011.0,2008.0,1985.0
2018105742,トーアテンジン,牡,山元博徳,,ダノンレジェンド,2010110102,トーアセンヒメ,2002100323,フジキセキ,1992109618,（株）ラグジュアリー,トーア牧場,41.9,2010.0,2002.0,1992.0
2018105895,リーゼントセレーネ,牝,橘友和,,Sea The Moon,000a012696,アゼナーマ,000a013e7b,Pivotal,000a002328,三浦大輔,栄進牧場,41.8,2011.0,2013.0,1993.0
2018100888,ダンクショット,牝,井樋一也,,カジノドライヴ,2005110112,アドルナメンテ,2013105787,ワークフォース,000a011a7f,小橋亮太,浜本牧場,41.8,2005.0,2013.0,2007.0
2018106138,サンサーラ,牝,矢野久美,,モンテロッソ,000a011b05,テンセイフジ,2002102898,ハウスバスター,000a000187,中地賢次郎,小葉松幸雄,41.6,2007.0,2002.0,1987.0
2018106214,キタノワカクモ,牝,倉地学,,エイシンフラッシュ,2007102951,チェリーエンジェル,2002107204,フジキセキ,1992109618,浅井隆夫,高村牧場,41.5,2007.0,2002.0,1992.0
2018102512,カグラノマイ,牝,古賀光範,,プリサイスエンド,000a00fe9b,ゴールドペンダント,2010101302,ゴールドヘイロー,1997101264,竹原孝昭,加野牧場,41.4,1997.0,2010.0,1997.0
2018103070,ボルドーオペラ,牝,地辺幸一,,トゥザグローリー,2007103265,グレイスオペラ,2003101965,オペラハウス,000a000d77,シグラップ・マネジメ,北俣ファーム,41.3,2007.0,2003.0,1988.0
2018106675,シナノシロボシ,牡,鈴木義久,,メイショウボーラー,2001100650,ロンドインディ,2002103618,フジキセキ,1992109618,小林勝,澤井義一,40.5,2001.0,2002.0,1992.0
2018104374,ラブミーソング,牝,板垣吉則,,コパノリチャード,2010106552,アカリアイドル,2012103393,サクラバクシンオー,1989108341,小林祥晃,へいはた牧場,40.5,2010.0,2012.0,1989.0
2018103703,シャイボーイ,牡,矢内博,,レッドスパーダ,2006105511,ベルモントアダマス,2003100784,アジュディケーティング,000a000d5d,（株）ＩＴＦ,桑嶋峰雄,40.5,2006.0,2003.0,1987.0
2018100922,ユースバレル,牡,山崎尋美,,ホッコータルマエ,2009100921,インユアアームス,2005102647,ファルブラヴ,1998190004,松田幸生,日高大洋牧場,40.5,2009.0,2005.0,1998.0
2018100333,コローレナスコスト,牝,山中尊徳,,エーシンフォワード,2005110172,オリークック,2008105509,フィガロ,1995108837,伊達泰明,サンシャイン牧場,40.5,2005.0,2008.0,1995.0
2018101842,モーモーマロン,牡,井樋明正,,エキストラエンド,2009105771,ブーケオブローズ,2012103636,ロージズインメイ,000a010a10,小橋亮太,ＴＫファーム,40.1,2009.0,2012.0,2000.0
2018101534,テイエムヴァスター,牡,竹之下昭,,シニスターミニスター,000a011099,ヴァレッタスカイ,2014100130,マンハッタンスカイ,2004106840,竹園正繼,カミイスタット,40.1,2003.0,2014.0,2004.0
2018106592,トーティシェル,牝,田村彰啓,,ディスクリートキャット,000a0113a1,インティワタナ,2010101401,フサイチコンコルド,1993109220,重野心平,ミルファーム,40.0,2003.0,2010.0,1993.0
2018104287,グランシェイド,牡,晴山厚司,,グランプリボス,2008103388,ケイアイリヒト,2000107400,コマンダーインチーフ,000a0000b0,日吉純一,福岡駿弥,40.0,2008.0,2000.0,1990.0
2018100932,ブラックココア,牝,田中正二,,トーセンラー,2008102985,バズローリング,2005102646,ウォーエンブレム,000a00fa35,小野田宏,日高大洋牧場,40.0,2008.0,2005.0,1999.0
2018105449,ラヴオブネイチャー,牡,中川竜馬,,オルフェーヴル,2008102636,モクレン,2011110056,Galileo,000a00232b,吉橋英隆,追分ファーム,39.9,2008.0,2011.0,1998.0
2018100106,セイショウディープ,牡,川島洋人,,ディープブリランテ,2009105084,マスタープラチナム,2010102913,ブライアンズタイム,000a000082,岩崎暉男,ＷｉｎｇＦａｒｍ,39.9,2009.0,2010.0,1985.0
2018106615,ノウヒメ,牝,高橋道雄,,ケイムホーム,000a0108d1,パッションロード,2009106850,ファンタスティックライト,1996190005,田中良輝,室田千秋,39.8,1999.0,2009.0,1996.0
2018101276,レラ,牝,佐々木由,,ゴールドシップ,2009102739,カシマフラワー,2002107034,ヘクタープロテクター,000a000d6b,欠畑圭一,北島牧場,39.1,2009.0,2002.0,1988.0
2018106376,エルブルスシチー,牡,佐藤雅彦,,ヴィクトワールピサ,2007102923,ゴーンクレージー,000a0117da,Gone West,000a001be1,増田隆彰,富田牧場,39.0,2007.0,2006.0,1984.0
2018105425,エンエルヴィエント,牝,手島勝利,,ロードカナロア,2008103552,チェリーペトルズ,2010104541,ダイワメジャー,2001103114,谷謙介,追分ファーム,39.0,2008.0,2010.0,2001.0
2018102461,ダバイマットゥ,牝,山田徹,,ラブリーデイ,2010104298,ルビウス,2004103066,ジャングルポケット,1998101786,（株）本城,小河豊水,39.0,2010.0,2004.0,1998.0
2018102297,タカチホ,牝,高本友芳,,ホッコータルマエ,2009100921,プレンティオブラヴ,2002100666,コマンダーインチーフ,000a0000b0,橋本政信,村上欽哉,39.0,2009.0,2002.0,1990.0
2018102212,フェスティヴモシリ,牡,佐々木忠,,シンボリクリスエス,1999110099,フジチャン,2008103672,ネオユニヴァース,2000101426,北原大史,細川農場,39.0,1999.0,2008.0,2000.0
2018100086,エスプリジーニー,牡,澤佳宏,,サウスヴィグラス,1996110138,ビキューナー,2010102385,ネオユニヴァース,2000101426,依田泰雄,石原牧場,39.0,1996.0,2010.0,2000.0
2018100271,ダブルテイク,牝,盛本信春,,サムライハート,2002100996,マリノトップレディ,2013100225,トウカイテイオー,1988101025,山口敦広,クラウン日高牧場,38.8,2002.0,2013.0,1988.0
2018103419,リックハナオー,牝,森山英雄,,アンライバルド,2006103308,ケイアイカグラ,2006106456,Songandaprayer,000a01069b,山邉浩,荒木貴宏,38.7,2006.0,2006.0,1998.0
2018106340,ジャスティンターボ,牡,田中淳司,,オルフェーヴル,2008102636,シンバルII,000a011a52,シングスピール,1992190005,ＮＩＣＫＳ,辻牧場,38.4,2008.0,2005.0,1992.0
2018102606,アグアアスール,牝,安田武広,,ロードカナロア,2008103552,レディマーメイド,2002110047,Fusaichi Pegasus,000a0022cf,中村智幸,ケイアイファーム,38.4,2008.0,2002.0,1997.0
2018100441,マーキーショアー,牝,佐藤祐司,,ダノンシャーク,2008105554,マーキーアトラクション,000a0117fc,Storm Cat,000a001a98,後藤順男,下河辺牧場,38.4,2008.0,2000.0,1983.0
2018103398,キタノテイルズ,牝,藤田正治,,グランプリボス,2008103388,マイネフォクシー,2001100554,メジロライアン,1987105368,金野博幸,山田牧場,38.2,2008.0,2001.0,1987.0
2018106042,スターインザスカイ,牡,安部幸夫,,ヴィクトワールピサ,2007102923,ハリウッドローズ,1999105888,ラムタラ,000a0001d4,西村健,鎌田正嗣,38.1,2007.0,1999.0,1992.0
2018106190,メモリーエスケープ,牝,塚田隆男,,サウスヴィグラス,1996110138,メモリーソフィア,2006105994,ジェニュイン,1992109450,橋元幸次,成隆牧場,38.0,1996.0,2006.0,1992.0
2018106814,ラヴインザチャーム,牝,川西毅,,ドゥラメンテ,2012104511,ラヴインザダーク,2006104804,ダンスインザダーク,1993109188,鳳山信年,パカパカファーム,37.8,2012.0,2006.0,1993.0
2018105440,スウィフティー,牝,桧森邦夫,,ダイワメジャー,2001103114,ボンバルリーナ,2006102762,シンボリクリスエス,1999110099,八嶋長久,追分ファーム,37.8,2001.0,2006.0,1999.0
2018102308,セムラ,牝,山元博徳,,リヤンドファミユ,2010104396,サーシャ,2014101624,ディープブリランテ,2009105084,（株）ラグジュアリー,村上進治,37.6,2010.0,2014.0,2009.0
2018101676,テンシノココロ,牡,井手上慎,,トゥザワールド,2011103975,ルナツー,2012101661,エンパイアメーカー,000a010542,鮎川福道,佐藤牧場,37.6,2011.0,2012.0,2000.0
2018106224,グランドリビア,牡,桜田康二,,フサイチセブン,2006101225,ビバグリーン,2003102300,フジキセキ,1992109618,（株）本城,多田善弘,37.5,2006.0,2003.0,1992.0
2018101130,ビップコルベット,牝,田島俊明,,シニスターミニスター,000a011099,ピユカンタービレ,2008102793,スペシャルウィーク,1995103211,鈴木邦英,モリナガファーム,37.5,2003.0,2008.0,1995.0
2018101174,サーフサウンド,牡,竹下太,,ブラックタイド,2001103312,ダンシングミッシー,2009103145,シニスターミニスター,000a011099,組）ＹＨＹ組合,ヤナガワ牧場,37.4,2001.0,2009.0,2003.0
2018106787,シオンデゴー,牝,石川浩文,,ベルシャザール,2008103004,パリスブルー,2007104263,ゼンノロブロイ,2000101517,西本資史,川上牧場,37.3,2008.0,2007.0,2000.0
2018104451,カウニス,牝,金田一昌,,ジョーカプチーノ,2006100529,マイネマキアージュ,2009104652,アグネスデジタル,1997110025,北原大史,松田牧場,37.3,2006.0,2009.0,1997.0
2018103612,ヒロシゲダンボー,牝,稻田彰宏,,ジャスタウェイ,2009106461,ミキノセレナーデ,2005105415,コロナドズクエスト,000a0000b5,組）オールザベスト組,岡田牧場,37.3,2009.0,2005.0,1995.0
2018103545,マナフォルトゥーナ,牝,藤ヶ崎一,,マツリダゴッホ,2003104570,プラチナテーラー,2010102455,ジャングルポケット,1998101786,吉田正一,岡田スタッド,37.2,2003.0,2010.0,1998.0
2018104055,タンタイド,牝,藤田正治,,ブラックタイド,2001103312,エイムアットビップ,2005100605,アグネスデジタル,1997110025,小橋亮太,千代田牧場,37.0,2001.0,2005.0,1997.0
2018101684,リョウランサクセス,牡,朝倉実,,ゼンノロブロイ,2000101517,ワレンダークイン,2005101998,ワレンダー,000a000396,佐藤良男,渋谷一郎,37.0,2000.0,2005.0,1990.0
2018100734,モンテクロシェット,牝,田中一巧,,ロードカナロア,2008103552,ヤマノグラス,2008105731,バブルガムフェロー,1993109219,鈴木邦英,チャンピオンズファーム,37.0,2008.0,2008.0,1993.0
2018101412,ソルウェルテクス,牡,佐久間雅,,ナカヤマフェスタ,2006102424,シルキーレッド,2008105185,ジャングルポケット,1998101786,小泉賢悟,浅川牧場,36.9,2006.0,2008.0,1998.0
2018102533,カワキタオペラ,セ,瀬戸幸一,,ダノンシャンティ,2007105709,カワキタラブポップ,2006101708,クロフネ,1998110135,横田一男,木田牧場,36.8,2007.0,2006.0,1998.0
2018101252,ザフールーショー,牡,宇都英樹,,マジェスティックウォリアー,000a011e9c,ダイヤモンドアスク,2008100905,ジャングルポケット,1998101786,西村健,ＡＳＫＳＴＵＤ,36.8,2005.0,2008.0,1998.0
2018104224,フレンチフィナール,牡,井手上慎,,フレンチデピュティ,000a00013a,パルフェダムール,2013104670,マンハッタンカフェ,1998101554,冨田清誠,橋本牧場,36.7,1992.0,2013.0,1998.0
2018103919,ケンブリッジヤマト,牡,金田一昌,,ダイワメジャー,2001103114,テネシーワルツ,2010102850,High Chaparral,000a010270,中西桂子,タイヘイ牧場,36.6,2001.0,2010.0,1999.0
2018101831,シュヴァルマラン,牡,塚田隆男,,ハービンジャー,000a011996,メカマハロ,2009106199,ゼンノロブロイ,2000101517,古賀和夫,対馬正,36.6,2006.0,2009.0,2000.0
2018100793,コスモウォークライ,牡,松島寿,,シビルウォー,2005102317,シギル,2010100789,アドマイヤムーン,2003102991,三岡陽,道見牧場,36.4,2005.0,2010.0,2003.0
2018102765,アークフィオリーナ,牝,小野望,,ディープブリランテ,2009105084,アポロフィオリーナ,2008103806,スニッツェル,000a010eaa,成瀬篤司,平野牧場,36.3,2009.0,2008.0,2002.0
2018101506,ヤマトライトシップ,牝,宮本仁,,トランセンド,2006104736,シャインレジーナ,2006104697,アグネスタキオン,1998101516,蜂須賀重夫,大林ファーム,36.1,2006.0,2006.0,1998.0
2018104992,ヴィンランド,牡,藤田正治,,ハービンジャー,000a011996,カールファターレ,2007103149,キングカメハメハ,2001103460,（同）ＪＰＮ技研,ノーザンファーム,36.0,2006.0,2007.0,2001.0
2018101064,バトルファンタジー,牝,凾館一昭,,バトルプラン,000a0118e8,ミスエコパワー,2009105971,タニノギムレット,1999100226,森田一俊,前川義則,36.0,2005.0,2009.0,1999.0
2018104802,マンハッタンガデス,牝,角田輝也,,ノヴェリスト,000a012230,マンハッタンフィズ,2001103097,サンデーサイレンス,000a00033a,中西功,社台ファーム,35.8,2009.0,2001.0,1986.0
2018103479,ハルハル,牝,加藤幸保,,マツリダゴッホ,2003104570,エリモフェザー,2010101787,シニスターミニスター,000a011099,藤井猛,岡田スタッド,35.5,2003.0,2010.0,2003.0
2018101176,エンジェルカラー,牝,及川良春,,ダンカーク,000a012185,テーオーエンジェル,2005106940,アグネスタキオン,1998101516,大黒富美子,ヤナガワ牧場,35.4,2006.0,2005.0,1998.0
2018106404,ピュアマジョリック,牝,宮本仁,,ミッキーアイル,2011103916,クールマジョリック,2013103637,エンパイアメーカー,000a010542,杉浦和也,中島牧場,35.3,2011.0,2013.0,2000.0
2018105799,シキサイノブルース,牝,三宅直之,,リーチザクラウン,2006102923,マッキーアリエス,2002103514,チーフベアハート,1993190010,（株）ＴＫＫ,吉田三郎,35.0,2006.0,2002.0,1993.0
2018102445,マサノムサシ,セ,原口次夫,,ケープブランコ,000a011b06,マサノジュエリー,2011103050,メイショウボーラー,2001100650,（有）Ｍ’ｓ,猪野毛牧場,35.0,2007.0,2011.0,2001.0
2018100128,アララト,牝,桧森邦夫,,ドゥラメンテ,2012104511,シャインエフォート,2006105244,バブルガムフェロー,1993109219,八嶋長久,大江牧場,35.0,2012.0,2006.0,1993.0
2018104847,ライトサイド,牝,沖田明子,,Dark Angel,000a0122b4,ルーラ,000a013e70,Oasis Dream,000a010d4f,錦見日出雄,社台ファーム,34.8,2005.0,2009.0,2000.0
2018102138,マイネルキュリアス,牡,加藤和義,,グラスワンダー,1995108676,ストレンジラブ,2007104497,ネオユニヴァース,2000101426,小林和義,ビッグレッドファーム,34.8,1995.0,2007.0,2000.0
2018105558,ミラキュラスサイン,牡,井樋一也,,ハービンジャー,000a011996,ミラグロッサ,2008102648,フジキセキ,1992109618,山本浩志,社台コーポレーション白老ファーム,34.7,2006.0,2008.0,1992.0
2018104237,シラン,牝,中川雅之,,リオンディーズ,2013105915,パーティクル,2011102441,ハーツクライ,2001103038,横田秀明,畠山牧場,34.7,2013.0,2011.0,2001.0
2018104276,クイーンエルザ,牝,井手上慎,,グラスワンダー,1995108676,マイネチリペッパー,2010103992,ネオユニヴァース,2000101426,冨田清誠,原弘之,34.5,1995.0,2010.0,2000.0
2018102932,ダンスインザレイン,牝,東眞市,,ブラックタイド,2001103312,クレタパラドックス,2007104168,サクラバクシンオー,1989108341,サンエツ企画（有）,山際牧場,34.3,2001.0,2007.0,1989.0
2018106708,メイショウフィット,牝,井樋明正,,メイショウボーラー,2001100650,プラッキーエリーナ,2009100111,マヤノトップガン,1992102988,大黒富美子,中脇一幸,34.2,2001.0,2009.0,1992.0
2018104201,リッカルーフ,牝,東眞市,,リッカロイヤル,2005106310,リッカメルド,2004102141,ヴィクトリースピーチ,000a000da0,立花幸雄,西村牧場,34.2,2005.0,2004.0,1993.0
2018101649,ミズサンリンク,牝,村上実,,クリーンエコロジー,2008100563,パラダイスキャリー,2004100305,ブラックタキシード,1996107315,岩渕瑞生,今野活博,34.2,2008.0,2004.0,1996.0
2018101513,ケイツーマナト,牡,大島静夫,,ワールドエース,2009106353,シルクファビュラス,2000110207,Devil's Bag,000a001a8f,（同）ＪＰＮ技研,オリエント牧場,34.2,2009.0,2000.0,1981.0
2018102233,レコパンダンカーク,牡,尾原強,,ダンカーク,000a012185,フルマークス,2011104777,Kitten's Joy,000a0119b3,山下壽,松浦牧場,34.1,2006.0,2011.0,2001.0
2018106423,メイショウサブゼロ,牡,野田幸雄,,ダノンレジェンド,2010110102,ストーリーテリング,2005106346,デザートキング,000a0000e7,伊勢光,日進牧場,34.0,2010.0,2005.0,1994.0
2018106286,サバイバルマインド,牝,今津博之,,スマートファルコン,2005100097,フライトオブスワン,2007102897,フレンチデピュティ,000a00013a,橘勝年,谷口牧場,34.0,2005.0,2007.0,1992.0
2018100887,バンブルビート,牡,加藤和宏,,ローエングリン,1999106738,アズサユミ,1995106674,サンデーサイレンス,000a00033a,（株）ファーストビジ,浜本牧場,34.0,1999.0,1995.0,1986.0
2018104144,シドニートウショウ,牝,佐藤茂,,ネオユニヴァース,2000101426,ブリーズトウショウ,2013104581,シンボリクリスエス,1999110099,トウショウ産業,トウショウ産業株式会社トウショウ牧場,33.7,2000.0,2013.0,1999.0
2018101211,アーマー,牝,三小田幸,,オリオンザサンクス,1996103237,コンサートレディ,2009106902,サクラプレジデント,2000102261,平本敏夫,横井哲,33.6,1996.0,2009.0,2000.0
2018103343,チャート,牝,大島静夫,,アンライバルド,2006103308,アイランズギフト,2008105551,キングカメハメハ,2001103460,成富直行,藤春修二,33.1,2006.0,2008.0,2001.0
2018109048,クリノバラライカ,牡,平松徳彦,,リアルインパクト,2008103244,ドルフィンルージュ,2008104046,ティンバーカントリー,000a00035e,栗本八江,諏訪牧場,33.0,2008.0,2008.0,1992.0
2018106234,プラサート,牝,井上弘之,,ヴィクトワールピサ,2007102923,アワーオアシス,2004102044,デザートキング,000a0000e7,谷川牧場,谷川牧場,33.0,2007.0,2004.0,1994.0
2018102508,アイファーディアー,牝,藤田正治,,ローエングリン,1999106738,アイファーアプリル,2008103484,スパイキュール,2000101557,中島稔,加野牧場,33.0,1999.0,2008.0,2000.0
2018102412,ジュンハイビスカス,牝,橋本忠明,,ディープブリランテ,2009105084,ゴッドビラブドミー,2004100969,ブライアンズタイム,000a000082,河合純二,芳住鉄兵,33.0,2009.0,2004.0,1985.0
2018100076,クロメ,牝,川添明弘,,エピファネイア,2010104155,マイネレーヌ,2006105175,マイネルラヴ,1995108558,インターフェース（同,荒井ファーム,33.0,2010.0,2006.0,1995.0
2018102734,ヴィーナスアイ,牝,池田忠好,,トーセンジョーダン,2006103169,モエレオープンヒメ,2002101322,サンデーサイレンス,000a00033a,中田英樹,中村時子,32.9,2006.0,2002.0,1986.0
2018102153,ワンダーレコール,牝,瀬戸幸一,,グラスワンダー,1995108676,マイネエカテリーナ,2009105193,アグネスタキオン,1998101516,横田一男,ビッグレッドファーム,32.9,1995.0,2009.0,1998.0
2018100524,シナモンガーデンズ,牝,手島勝利,,ベルシャザール,2008103004,ユメハオオキク,2012101451,アドマイヤオーラ,2004102987,吉田勝利,新生ファーム,32.5,2008.0,2012.0,2004.0
2018104045,キッズオンマジック,牡,八木正喜,,タイムパラドックス,1998101683,サンフローラン,2008101315,ゼンノロブロイ,2000101517,桧森高史,大典牧場,32.4,1998.0,2008.0,2000.0
2018103556,ミルサクセサー,セ,藤田正治,,ショウナンカンプ,1998102595,ミルファンティ,2012104435,クロフネ,1998110135,大黒富美子,岡田スタッド,32.4,1998.0,2012.0,1998.0
2018101184,サンライズアイガー,牡,中川竜馬,,モーリス,2011100655,ブラボーデイジー,2005103851,クロフネ,1998110135,豊島愛子,ヤナガワ牧場,32.4,2011.0,2005.0,1998.0
2018100205,ヤマショウロック,牡,安池成実,,モンテロッソ,000a011b05,タイキプリンセス,2000110013,Kingmambo,000a001d7e,山下勇,賀張三浦牧場,32.4,2007.0,2000.0,1990.0
2018104593,スプーマビオンダ,牝,大山寿文,,ジャスタウェイ,2009106461,クィーンスプマンテ,2004103215,ジャングルポケット,1998101786,吉田照哉,社台ファーム,32.2,2009.0,2004.0,1998.0
2018105040,ミルティアデス,セ,竹下太,,スクリーンヒーロー,2004103328,サブトゥエンティ,2012104887,キングカメハメハ,2001103460,西村健,ノーザンファーム,32.0,2004.0,2012.0,2001.0
2018103216,モッツアン,牡,阿井正雄,,プリサイスエンド,000a00fe9b,ウートゥルメール,2013106419,マンハッタンカフェ,1998101554,石井智,大北牧場,32.0,1997.0,2013.0,1998.0
2018101898,キーアクティヴ,牝,川西毅,,エスポワールシチー,2005102837,キーステージ,2002102412,ジェニュイン,1992109450,北前孔一郎,中本牧場,32.0,2005.0,2002.0,1992.0
2018101727,ホタルマル,牡,桜田康二,,カレンブラックヒル,2009106230,エキゾチックバニラ,2009104760,ソングオブウインド,2003102461,スピードファーム,スピードファーム,32.0,2009.0,2009.0,2003.0
2018105865,ダイヤモンドカーク,牝,榎屋充,,ダンカーク,000a012185,オーバルカット,2000101596,エリシオ,1993190001,蟹江知彦,鵜木唯義,31.9,2006.0,2000.0,1993.0
2018104531,ハービッグハロー,牡,中野博,,ロードカナロア,2008103552,イチオクノホシ,2009106042,ゼンノロブロイ,2000101517,小橋亮太,社台ファーム,31.8,2008.0,2009.0,2000.0
2018106167,アウスドルック,牝,川添明弘,,ダンカーク,000a012185,マイネクイーン,2008104036,アグネスタキオン,1998101516,酒井孝敏,笹島智則,31.7,2006.0,2008.0,1998.0
2018105789,マイルドラヴ,牝,秋田大助,,アドマイヤムーン,2003102991,カンタベリーラヴ,2005102039,マイネルラヴ,1995108558,横山武司,ヤマイチ牧場,31.5,2003.0,2005.0,1995.0
2018101440,ロケットキャンディ,牡,佐野謙二,,エスポワールシチー,2005102837,ドリームノート,2011102198,ディープスカイ,2005101358,野村茂雄,飯島功典,31.5,2005.0,2011.0,2005.0
2018105695,シンクロニシティ,牝,室井真文,,キングズベスト,000a0022d2,ジョウノノーブル,2006105443,キングカメハメハ,2001103460,遠藤喜和,桑原牧場,31.3,1997.0,2006.0,2001.0
2018100291,ラッキーフレイム,牝,加藤和義,,スウェプトオーヴァーボード,000a00fa34,ハタノリュウール,2014101851,ディープブリランテ,2009105084,小林和義,グッドラック・ファーム,31.1,1997.0,2014.0,2009.0
2018103549,ディヴァインギフト,牝,石川浩文,,フェノーメノ,2009106599,ホリデイトウショウ,2008100649,タイキシャトル,1994109686,（株）アプエンテ,岡田スタッド,31.0,2009.0,2008.0,1994.0
2018104166,ニホンピロビヨンド,牝,今津勝之,,ゴールドシップ,2009102739,ニホンピロビオラ,1998105786,アフリート,000a000013,小林百太郎,友田牧場,30.8,2009.0,1998.0,1984.0
2018103190,ハクサンクウ,牝,加藤和義,,エイシンフラッシュ,2007102951,ダーレームーン,2009102653,アドマイヤムーン,2003102991,河崎五市,鮫川啓一,30.8,2007.0,2009.0,2003.0
2018102725,ノーブルレインボー,牝,板垣吉則,,リオンディーズ,2013105915,モルトフェリーチェ,2009106047,ディープインパクト,2002100816,吉木伸彦,中田英樹,30.6,2013.0,2009.0,2002.0
2018106555,スワーヴゾロ,牡,田口輝彦,,ラブリーデイ,2010104298,メイショウブルック,2011106066,ディープスカイ,2005101358,吉田勝利,三嶋牧場,30.5,2010.0,2011.0,2005.0
2018106289,アーモンドセーラ,牝,北村欣也,,ロードアルティマ,2000110026,アウラ,2008106242,ブライアンズタイム,000a000082,藤井陸治,大道牧場,30.4,2000.0,2008.0,1985.0
2018102381,スパーテル,牝,菅原欣也,,アジアエクスプレス,2011110091,ヒカルヨザクラ,2010104138,チチカステナンゴ,000a011135,石山紘,守矢牧場,30.4,2011.0,2010.0,1998.0
2018106634,タカイチハルキン,牝,玉井等,,ディープブリランテ,2009105084,タイキノワール,2005102766,グラスワンダー,1995108676,高橋一郎,山田昇史,30.0,2009.0,2005.0,1995.0
2018105006,シゲルオリンピア,牡,九日俊光,,リアルインパクト,2008103244,クラウンピース,1997103429,Seattle Slew,000a0015fc,森中蕃,ノーザンファーム,30.0,2008.0,1997.0,1974.0
2018104171,ビスケットチャン,牝,高橋俊之,,コメート,2012103165,クッキーチャン,2009105862,スペシャルウィーク,1995103211,津田浩一,中田浩美,30.0,2012.0,2009.0,1995.0
2018102798,キャッツミュー,牝,真島元徳,,ディスクリートキャット,000a0113a1,オルフィーク,2012102504,ヴァーミリアン,2002100877,加藤徹,本桐牧場,30.0,2003.0,2012.0,2002.0
2018100632,ココネージュ,牝,櫻井拓章,,フェノーメノ,2009106599,マンデルーシュ,000a0111c8,Alwuhush,1985109004,若林武雄,タバタファーム,30.0,2009.0,2003.0,1985.0
2018102915,キューテット,牝,藤田正治,,ダノンシャーク,2008105554,エイシントット,2011105576,タニノギムレット,1999100226,（株）ボンズ,元茂修一,29.7,2008.0,2011.0,1999.0
2018102293,レイワフリューゲル,牡,角田輝也,,ブラックタイド,2001103312,ハワイアンスマイル,2011102096,キングカメハメハ,2001103460,西村健,村上欽哉,29.6,2001.0,2011.0,2001.0
2018103623,アポロカイト,牡,関本浩司,,アポロソニック,2010110120,サンレイククイン,1996104650,Cozzene,000a001bda,大黒富美子,岡野牧場,29.5,2010.0,1996.0,1980.0
2018100785,グラッドビート,牡,木村健,,エスケンデレヤ,000a012cc0,メジロクロユリ,2008102528,マンハッタンカフェ,1998101554,有馬久和,戸川牧場,29.5,2007.0,2008.0,1998.0
2018102143,マイネルイナブ,牡,石川浩文,,ドゥラメンテ,2012104511,ピノブラン,2007103065,クロフネ,1998110135,（同）ＪＰＮ技研,ビッグレッドファーム,29.3,2012.0,2007.0,1998.0
2018105498,ユペール,牝,小林義明,,ルーラーシップ,2007103143,ケイト,2008104852,ブライアンズタイム,000a000082,高橋誠,社台コーポレーション白老ファーム,29.0,2007.0,2008.0,1985.0
2018103119,ワンス,牡,松浦裕之,,トーセンジョーダン,2006103169,カネトシフェアリー,2013105659,ワークフォース,000a011a7f,上山泰憲,高昭牧場,29.0,2006.0,2013.0,2007.0
2018102519,エンドルスター,牝,藤村和生,,シニスターミニスター,000a011099,ブルーハピネス,2004101149,エイシンサンディ,1993103280,（株）丸若商事,加野牧場,29.0,2003.0,2004.0,1993.0
2018101865,ザヴィネリ,牝,小林真治,,ラブリーデイ,2010104298,メモリーオブハース,2012104073,ディープインパクト,2002100816,小沼一成,富本茂喜,29.0,2010.0,2012.0,2002.0
2018101696,マナマリーゴールド,牝,蛯名雄太,,ハタノヴァンクール,2009102350,スマイルリリー,2011104517,スターリングローズ,1997106560,（同）ＭＩＲＡＩ,シンカンファーム,29.0,2009.0,2011.0,1997.0
2018100311,ピンクス,牝,村上頼章,,ラブリーデイ,2010104298,エンディアメント,2005102086,フレンチデピュティ,000a00013a,村山忠弘,坂牧場,29.0,2010.0,2005.0,1992.0
2018105975,メイプルゴールド,牝,西村守幸,,リーチザクラウン,2006102923,トレダンス,000a0120fa,Sinndar,000a002329,組）オールザベスト組,栄進牧場,28.8,2006.0,2009.0,1997.0
2018104397,トミケンハルト,牡,加藤和宏,,エスケンデレヤ,000a012cc0,マドリガルスコア,2007105555,ダンスインザダーク,1993109188,（株）ファーストビジ,北海道静内農業高等学校,28.8,2007.0,2007.0,1993.0
2018103441,ゲットイットサブ,牡,田村彰啓,,コパノリチャード,2010106552,コパノバウンシ,2011101689,サウスヴィグラス,1996110138,大西洋平,伊藤敏明,28.4,2010.0,2011.0,1996.0
2018106860,ソロモンキング,牡,田中一巧,,ベルシャザール,2008103004,カレンマーガレット,2007102647,ネオユニヴァース,2000101426,星加浩一,高橋啓,28.0,2008.0,2007.0,2000.0
2018102118,ランツァ,牡,高本友芳,,トーセンジョーダン,2006103169,リープリング,1999104404,サンデーサイレンス,000a00033a,曽和直栄,平山牧場,28.0,2006.0,1999.0,1986.0
2018101888,マンバメンタリティ,牝,西川精治,,パイロ,000a01176a,インヴォーク,2011102538,グラスワンダー,1995108676,松浦誠,中村弘昭,28.0,2005.0,2011.0,1995.0
2018100013,マルケイグローリイ,牝,石川栄,,マクフィ,000a011c77,カヤドーミーティア,2006100756,エアジハード,1995107978,熊谷清則,旭牧場,28.0,2007.0,2006.0,1995.0
2018101743,シルバーコレクター,牝,池田忠好,,エイシンヒカリ,2011101273,アクイレジア,2001101915,フォーティナイナー,000a000134,山本将司,高瀬牧場,27.6,2011.0,2001.0,1985.0
2018101637,ウインレプロット,牝,今津勝之,,ロージズインメイ,000a010a10,コスモラパン,2011100988,スクリーンヒーロー,2004103328,伊勢光,コスモヴューファーム,27.6,2000.0,2011.0,2004.0
2018102513,スマイルダンス,牡,小野望,,マツリダゴッホ,2003104570,サウンドベル,2008103496,サクラバクシンオー,1989108341,（有）加野牧場,加野牧場,27.5,2003.0,2008.0,1989.0
2018100765,ヌンチュール,牝,新田守,,トーセンラー,2008102985,ヌングロース,2012103074,ハービンジャー,000a011996,高橋敏英,ディアレストクラブ,27.4,2008.0,2012.0,2006.0
2018105459,サトノブルーム,牝,桧森邦夫,,ディープインパクト,2002100816,レインボーダリア,2007104556,ブライアンズタイム,000a000082,八嶋長久,追分ファーム,27.3,2002.0,2007.0,1985.0
2018106781,フクシマブラッサム,牝,石川浩文,,ベーカバド,000a011dc0,ディーズビバーチェ,2002104270,エルコンドルパサー,1995108742,西本資史,川上牧場,27.0,2007.0,2002.0,1995.0
2018106768,メイプルシック,牝,渡邊貴光,,ネオユニヴァース,2000101426,エリモミヤビ,2008101083,ブライアンズタイム,000a000082,節英司,川上牧場,27.0,2000.0,2008.0,1985.0
2018106576,リヴァーシャノン,牝,笹野博司,,マクフィ,000a011c77,デンファレ,2007101820,フジキセキ,1992109618,ヒダカ・ブリーダーズ・ユニオン,宮内牧場,27.0,2007.0,2007.0,1992.0
2018103701,イナセナロコ,牝,佐々木功,,ロージズインメイ,000a010a10,サクラピュアハート,2008100065,サクラプレジデント,2000102261,ＭＭＣ,桑嶋峰雄,27.0,2000.0,2008.0,2000.0
2018101555,デージンリョウタ,牡,渋谷信博,,グラスワンダー,1995108676,ペイデュソレイユ,2007102782,シンボリクリスエス,1999110099,安田智彦,上井農場,27.0,1995.0,2007.0,1999.0
2018100303,アーリーボーラー,牝,坂口義幸,,メイショウボーラー,2001100650,キャンベルアーリー,2013105990,キンシャサノキセキ,2003110212,谷謙介,小西ファーム,27.0,2001.0,2013.0,2003.0
2018104270,リーヴァプリモ,牝,宗綱泰彦,,ガルボ,2007101163,クロフネマンボ,2004101468,クロフネ,1998110135,大黒富美子,原則夫,26.7,2007.0,2004.0,1998.0
2018109142,リリーダンサー,牝,真島元徳,,スクワートルスクワート,000a000da4,ナムラダンサー,2009102176,サクラバクシンオー,1989108341,（株）ＹＧＧＤＲＡＳ,田上勝雄,26.4,1998.0,2009.0,1989.0
2018109058,マネッチア,牝,斎藤雄一,,トーセンラー,2008102985,シアトルハッピー,2007109249,キングヘイロー,1995104427,紙谷洋一,谷川博勝,26.4,2008.0,2007.0,1995.0
2018105702,トライアンドゴール,牡,井樋一也,,エスポワールシチー,2005102837,リュウメイ,2005101843,コロナドズクエスト,000a0000b5,小橋亮太,笹川大晃牧場,26.4,2005.0,2005.0,1995.0
2018105932,ラムッシーニ,牝,土井道隆,,ワンダーアキュート,2006106794,エイシンロビン,2011110045,エンパイアメーカー,000a010542,西村健作,栄進牧場,26.0,2006.0,2011.0,2000.0
2018100366,ナンガパルバット,牡,那俄性哲,,ロージズインメイ,000a010a10,リッチエモーション,2010100851,フジキセキ,1992109618,杉浦和也,シグラップファーム,26.0,2000.0,2010.0,1992.0
2018100503,モンテホリデイ,牝,中野博,,モンテロッソ,000a011b05,ホリデイスクリーン,2006104607,フレンチデピュティ,000a00013a,谷謙介,白瀬盛雄,25.9,2007.0,2006.0,1992.0
2018100788,トゥルーワンホース,牝,徳本慶一,,ディープブリランテ,2009105084,ピースオブフリー,2001106524,ウォーニング,000a000843,徳本要,豊郷牧場,25.6,2009.0,2001.0,1985.0
2018101111,マインヒーロー,牡,飯田弘道,,アンライバルド,2006103308,マキハタスリリング,2004106332,ステイゴールド,1994108729,峰哲馬,三輪牧場,25.5,2006.0,2004.0,1994.0
2018104544,セレニティーアスク,牝,川添明弘,,モーリス,2011100655,エアルーティーン,2012104154,ハービンジャー,000a011996,栗嶋豊明,社台ファーム,25.2,2011.0,2012.0,2006.0
2018106743,カレンワールド,牝,菅原欣也,,カレンブラックヒル,2009106230,アズライト,2004102702,アグネスタキオン,1998101516,大黒富美子,ハーモニーストックファーム,25.0,2009.0,2004.0,1998.0
2018105876,パステルリズム,牝,国沢輝幸,,マジェスティックウォリアー,000a011e9c,キャニオンバレー,2010100493,シンボリクリスエス,1999110099,笠原久夫,浦河小林牧場,25.0,2005.0,2010.0,1999.0
2018104590,アメチャン,牝,松浦聡志,,オルフェーヴル,2008102636,ギャビーズゴールデンギャル,000a011a5e,Medaglia d'Oro,000a010a65,（株）マフィン,社台ファーム,25.0,2008.0,2006.0,1999.0
2018103692,コンティネンテ,牡,雑賀伸一,,バトルプラン,000a0118e8,スプリングレイ,2005100246,デザートストーリー,000a00faf1,（有）キヨタケ牧場,キヨタケ牧場,25.0,2005.0,2005.0,1994.0
2018103338,ヴァイタルパワー,牝,細川忠義,,エイシンフラッシュ,2007102951,プリンセスメジャー,2012104163,ダイワメジャー,2001103114,国田正忠,伏木田牧場,25.0,2007.0,2012.0,2001.0
2018102471,エドノレジェンド,牡,的場均,,スピルバーグ,2009105961,フレンチムスメ,2002101062,フレンチデピュティ,000a00013a,遠藤喜松,沖田忠幸,25.0,2009.0,2002.0,1992.0
2018100352,ビアンシャンス,牝,森山雄大,,ノボジャック,1997110152,デルマオコマ,2012104184,ゴールドアリュール,1999106689,矢野琢也,サンバマウンテンファーム,25.0,1997.0,2012.0,1999.0
2018100052,ハルハヤテ,牝,高馬元紘,,グラスワンダー,1995108676,コスモアンダルシア,2010105948,アドマイヤマックス,1999107004,重野心平,新井昭二,25.0,1995.0,2010.0,1999.0
2018106600,ベンタロン,牝,宮本仁,,バゴ,2001190004,タプローム,2010105212,ケイムホーム,000a0108d1,杉浦和也,ミルファーム,24.8,2001.0,2010.0,1999.0
2018103946,スターオブシップ,牝,池田忠好,,ゴールドシップ,2009102739,ラヤーリドバイ,000a0127e9,ストリートセンス,000a0113a2,光安慎一,高橋修,24.8,2009.0,2009.0,2004.0
2018106457,メイショウテンドウ,牝,川添明弘,,ハービンジャー,000a011996,メイショウアズミノ,2011105927,ハーツクライ,2001103038,大黒富美子,林孝輝,24.2,2006.0,2011.0,2001.0
2018106481,ダンツタイフーン,牡,古賀光範,,ミッキーアイル,2011103916,カガヤクアイロ,2012105384,アドマイヤムーン,2003102991,山元哲二,丸幸小林牧場,24.0,2011.0,2012.0,2003.0
2018105901,クレンジングブギー,牝,山中尊徳,,サウスヴィグラス,1996110138,エイシンヴァルハラ,2012102362,ヴァーミリアン,2002100877,小林祐介,栄進牧場,24.0,1996.0,2012.0,2002.0
2018105800,ミステリーツアー,牡,保利良平,,ルーラーシップ,2007103143,マッキーロイヤル,1999106652,フジキセキ,1992109618,薪浦亨,吉田三郎,24.0,2007.0,1999.0,1992.0
2018105652,トーセンアダム,牡,山中尊徳,,バトルプラン,000a0118e8,トーセンエッセンス,2005104677,マヤノトップガン,1992102988,島川隆哉,エスティファーム,24.0,2005.0,2005.0,1992.0
2018105358,ミッキーレイナ,牝,岡田利一,,ルーラーシップ,2007103143,レイナソフィア,2006103203,スペシャルウィーク,1995103211,野田みづき,ノーザンファーム,24.0,2007.0,2006.0,1995.0
2018103450,ミユキトリリオネア,牡,堀江仁,,シニスターミニスター,000a011099,ダイヤモンドハート,2012102114,ダイワメジャー,2001103114,長井純一,上野正恵,24.0,2003.0,2012.0,2001.0
2018102772,ウインレネット,牝,中川雅之,,ホッコータルマエ,2009100921,ナムラナデシコ,2009101762,フジキセキ,1992109618,ウイン,平野牧場,24.0,2009.0,2009.0,1992.0
2018102524,アークデスティーノ,牡,武井和実,,レッドスパーダ,2006105511,ラブアスコットー,2007103536,プリサイスエンド,000a00fe9b,ＡＨＣ（株）,加野牧場,24.0,2006.0,2007.0,1997.0
2018101724,シルバーウルフ,牡,矢内博,,ダイタクリーヴァ,1997105873,カッサンドーラ,2001106079,トワイニング,000a000006,田村義徳,スターファーム,24.0,1997.0,2001.0,1991.0
2018101155,リュウノビスマルク,牡,板垣吉則,,アンライバルド,2006103308,サイレントスター,2009102632,Rahy,000a001c5e,蓑島竜一,門別牧場,24.0,2006.0,2009.0,1985.0
2018104993,チャップマン,牡,安部幸夫,,リオンディーズ,2013105915,ガラシア,2009106259,シンボリクリスエス,1999110099,西村健,ノーザンファーム,23.2,2013.0,2009.0,1999.0
2018105591,ビクトリージャック,牡,藤田正治,,ヴィクトワールピサ,2007102923,トロピカルブラッサム,000a0105c7,サンダーガルチ,000a00035c,（株）ファーストビジ,市川牧場,23.1,2007.0,1998.0,1992.0
2018105502,ミエルドール,牝,村上正和,,クロフネ,1998110135,ゴールデンロッド,2011103664,キングカメハメハ,2001103460,中西功,社台コーポレーション白老ファーム,23.1,1998.0,2011.0,2001.0
2018103453,ブレイキンルース,牝,石橋満,,リオンディーズ,2013105915,ロマネクイーン,2010102412,マイネルラヴ,1995108558,石井義人,上野正恵,23.1,2013.0,2010.0,1995.0
2018104826,ステイホーム,牝,新井隆太,,ストロングリターン,2006102934,ラバンディエーラ,2000101391,サンデーサイレンス,000a00033a,吉野智博,社台ファーム,23.0,2006.0,2000.0,1986.0
2018103892,スマートスローン,牡,松木啓助,,サウスヴィグラス,1996110138,バーリンスワン,1999110275,Peaks and Valleys,000a000270,中山純子,静内山田牧場,22.5,1996.0,1999.0,1992.0
2018102456,スウィーダ,牝,永島太郎,,ベーカバド,000a011dc0,ヒラボクガール,2007100508,タニノギムレット,1999100226,冨沢敦子,小河豊水,22.5,2007.0,2007.0,1999.0
2018100256,ジェラゾヴァヴォラ,牡,田中伸一,,エイシンアポロン,2007110020,クラウンザショパン,2009106747,ゴールドアリュール,1999106689,内田律子,クラウン日高牧場,22.5,2007.0,2009.0,1999.0
2018106217,シップーレンクン,牡,井上孝彦,,リーチザクラウン,2006102923,プモ,2007106376,アグネスデジタル,1997110025,組）ホースラブ・クラ,高村牧場,22.2,2006.0,2007.0,1997.0
2018106320,ナイアレ,牝,千葉幸喜,,トーセンジョーダン,2006103169,アドマイヤラブ,2011103747,アドマイヤムーン,2003102991,岩城光一,辻牧場,21.8,2006.0,2011.0,2003.0
2018103865,スイートアリア,牝,桜田浩樹,,ワイルドワンダー,2002104665,スイートパッセ,2003109437,テイエムオペラオー,1996100292,松尾正,静内フジカワ牧場,21.8,2002.0,2003.0,1996.0
2018101394,シャイニーターフ,牡,晴山厚司,,ディープブリランテ,2009105084,ブライティアターフ,2008106445,ステイゴールド,1994108729,小林昌志,雅牧場,21.8,2009.0,2008.0,1994.0
2018103635,ニシノラフカット,牡,土井道隆,,アジアエクスプレス,2011110091,ワールドムーン,2013101491,アドマイヤムーン,2003102991,木稲安則,小倉光博,21.6,2011.0,2013.0,2003.0
2018101600,ヤサカエミュー,牝,池田忠好,,キングヘイロー,1995104427,ラインキュート,2012104561,ハーツクライ,2001103038,志邑宣彦,小泉牧場,21.6,1995.0,2012.0,2001.0
2018106445,リアルインパルス,牝,井上哲,,リアルインパクト,2008103244,スリーオーシャン,2009100697,オペラハウス,000a000d77,吉田哲,信岡牧場,21.5,2008.0,2009.0,1988.0
2018100747,インスパイア,牝,高橋俊之,,ミッキーアイル,2011103916,イルミナティ,2010102105,メイショウサムソン,2003102205,村瀬正,ディアレストクラブ,21.5,2011.0,2010.0,2003.0
2018102854,スターオブグロリア,牡,池田忠好,,ワールドエース,2009106353,ワンダーグローリー,2003107042,フォーティナイナー,000a000134,光安了,松本牧場,21.4,2009.0,2003.0,1985.0
2018105989,ダブルトール,牡,北村欣也,,トゥザグローリー,2007103265,イフポッシブル,2008101780,ブライアンズタイム,000a000082,（株）本城,絵笛牧場,21.3,2007.0,2008.0,1985.0
2018104102,レジスタンスミノル,牡,飯田弘道,,ラブリーデイ,2010104298,バンドゥッチ,000a011a6a,Rossini,000a0119ba,北原大史,千代田牧場,21.1,2010.0,2007.0,1997.0
2018106833,ビューティフローラ,牝,宮徹,,ミッキーアイル,2011103916,タイセイエトワール,2000106882,トニービン,1983109006,ヤナガワ牧場,ヤナガワ牧場,21.0,2011.0,2000.0,1983.0
2018106215,ニーマルエース,牝,田中正二,,ワールドエース,2009106353,ピエールドリュヌ,2011105824,キングカメハメハ,2001103460,（有）高村牧場,高村牧場,21.0,2009.0,2011.0,2001.0
2018102639,エクメディフラワー,牝,加藤和義,,ハービンジャー,000a011996,ポッドレイ,2010102724,マンハッタンカフェ,1998101554,橋本慎太郎,下屋敷牧場,21.0,2006.0,2010.0,1998.0
2018109173,ダイハチ,牡,手島勝利,,スクワートルスクワート,000a000da4,ダイイチカネクラ,2002109050,フォーティナイナー,000a000134,服部文明,服部文明,20.5,1998.0,2002.0,1985.0
2018100330,パドマーヴァティ,牝,桜田康二,,アンライバルド,2006103308,アブマーシュ,2009102385,ディクタット,1995190007,組）西野畜産組合,サンシャイン牧場,20.5,2006.0,2009.0,1995.0
2018100717,ワイワイライリー,牡,小村正也,,マクフィ,000a011c77,グレイトグレイス,1997103455,グルームダンサー,000a000162,（株）ファーストビジ,チャンピオンズファーム,20.4,2007.0,1997.0,1984.0
2018103312,カフジロホ,牡,原口次夫,,サウスヴィグラス,1996110138,カフジティアラ,2013103113,カネヒキリ,2002100978,加藤守,ヒダカファーム,20.2,1996.0,2013.0,2002.0
2018106685,ワンズワード,牡,田中伸一,,エイシンヒカリ,2011101273,エイシンジョアンナ,1999101310,トニービン,1983109006,木村益生,清水誠一,20.0,2011.0,1999.0,1983.0
2018106290,アエノモナーク,牝,田中道夫,,タイムパラドックス,1998101683,アエノラスカル,2004102349,クリプティックラスカル,000a000da1,角井紀夫,大道牧場,20.0,1998.0,2004.0,1995.0
2018103579,パワーオブスマイル,牝,田中淳司,,タイセイレジェンド,2007103199,ウィステリアメジロ,2011102904,メジロベイリー,1998101457,水谷美穂,岡田牧場,20.0,2007.0,2011.0,1998.0
2018102748,イタダキマショウ,牡,藤ヶ崎一,,トーセンジョーダン,2006103169,バゴラグーン,2011104206,バゴ,2001190004,大泉勉,萩澤俊雄,19.8,2006.0,2011.0,2001.0
2018103753,エストラテーガ,牡,飯田弘道,,バトルプラン,000a0118e8,ユメザンマイ,2008100246,フジキセキ,1992109618,北原大史,グランド牧場,19.7,2005.0,2008.0,1992.0
2018100370,クマノコドウ,牡,金田一昌,,ダノンシャーク,2008105554,モーガンルフェイ,2007102685,キングカメハメハ,2001103460,竹本いずみ,渋谷健作,19.5,2008.0,2007.0,2001.0
2018109032,バンドレロ,牡,佐々木由,,ダノンシャンティ,2007105709,ハッピービーチ,2004104684,タイキシャトル,1994109686,谷謙介,風ノ丘ファーム,19.3,2007.0,2004.0,1994.0
2018103822,コパノマーガレット,牝,板垣吉則,,マクフィ,000a011c77,シーズババズディライト,000a010f05,Distorted Humor,000a0022ea,小林祥晃,佐竹学,19.3,2007.0,2001.0,1993.0
2018101081,ロト,牡,千葉幸喜,,ダノンレジェンド,2010110102,クレバーダンス,2007101340,ダンスインザダーク,1993109188,金蘭兄弟（有）,槇本牧場,19.3,2010.0,2007.0,1993.0
2018101059,ネイチャースカイ,牝,高橋純,,トランセンド,2006104736,ノヴェンバースカイ,2011102248,ディープスカイ,2005101358,金野博幸,前川義則,19.3,2006.0,2011.0,2005.0
2018100673,タイドオブタイム,牡,板垣吉則,,ブラックタイド,2001103312,スピリットレイク,2010100632,Invincible Spirit,000a01056d,（株）ＭＲ,ダーレー・ジャパン・ファーム,19.3,2001.0,2010.0,1997.0
2018106638,ロマンスタイム,牝,川嶋弘吉,,ジャングルポケット,1998101786,ポーズ,2009100833,ゼンノロブロイ,2000101517,阿部東亜子,山田昇史,19.2,1998.0,2009.0,2000.0
2018105606,パワフルダンサー,牝,金田一昌,,クロフネ,1998110135,カクタスペア,2007110005,Lion Heart,000a010ee2,前迫義幸,上水牧場,19.2,1998.0,2007.0,2001.0
2018102251,ミスサクラジマ,牝,平山宏秀,,エイシンフラッシュ,2007102951,スリーダイメンションズ,000a010aaf,Sadler's Wells,000a00185d,上村裕希,的場牧場,19.1,2007.0,2000.0,1981.0
2018106864,セニシエンタ,牝,小国博行,,ワンダーアキュート,2006106794,ワンダーリヴァル,2011106607,タイムパラドックス,1998101683,遠藤喜和,フクダファーム,18.9,2006.0,2011.0,1998.0
2018105578,アーニャ,牝,後藤佑耶,,エスポワールシチー,2005102837,ギンマクノヨウセイ,2002100021,グラスワンダー,1995108676,久保潤,阿部栄乃進,18.9,2005.0,2002.0,1995.0
2018102844,ピノヴェリタ,牝,栗本陽一,,ジャスタウェイ,2009106461,ルイーズ,2008103312,ロージズインメイ,000a010a10,福永實,前田ファーム,18.7,2009.0,2008.0,2000.0
2018100260,マリノカテドラル,牝,東眞市,,フォーティナイナーズサン,000a011227,クラウンバシリカ,2011106457,エイシンサンディ,1993103280,サンエツ企画（有）,クラウン日高牧場,18.6,2001.0,2011.0,1993.0
2018106596,ボラヘ,牝,川添明弘,,ゴールドシップ,2009102739,オルレアンノオトメ,2007104109,チーフベアハート,1993190010,喜綿夏男,ミルファーム,18.5,2009.0,2007.0,1993.0
2018101614,クロヌサンファン,牡,今津博之,,ダノンシャンティ,2007105709,アルフェッカ,2000104094,ダンシングブレーヴ,000a0000cc,道地房男,コスモヴューファーム,18.5,2007.0,2000.0,1983.0
2018100058,ヤマミミミチャン,牝,中川雅之,,ラブリーデイ,2010104298,ハーレムスウィング,2006102935,マンハッタンカフェ,1998101554,山下幹夫,新井昭二,18.3,2010.0,2006.0,1998.0
2018106485,ラマーレフレイバー,牡,稲益貴弘,,キズナ,2010105827,ペガサスゴールド,2000104228,Belong to Me,000a001ff2,尾田信夫,丸幸小林牧場,18.0,2010.0,2000.0,1989.0
2018105650,エトピア,牝,坂口義幸,,トーセンモナーク,2005102391,トーセンウーノ,2006100781,シンボリクリスエス,1999110099,太田雅貴,エスティファーム,18.0,2005.0,2006.0,1999.0
2018105581,クリノス,牝,石川浩文,,グラスワンダー,1995108676,リリースタイル,2013105011,マンハッタンカフェ,1998101554,（同）ＪＰＮ技研,阿部栄乃進,18.0,1995.0,2013.0,1998.0
2018109126,タカノエース,牡,北村欣也,,パドトロワ,2007102760,ロイヤルシフォン,2009100818,ダイワメジャー,2001103114,竹原孝昭,竹原孝昭,17.9,2007.0,2009.0,2001.0
2018100629,マーシャルロー,牝,新田守,,リーチザクラウン,2006102923,ステルス,2012101498,ディープインパクト,2002100816,高橋敏英,タバタファーム,17.6,2006.0,2012.0,2002.0
2018102458,ラッジョディソーレ,牡,細川忠義,,アジアエクスプレス,2011110091,プレラット,2002102327,サンデーサイレンス,000a00033a,大西充秋,小河豊水,17.5,2011.0,2002.0,1986.0
2018106125,メロディーフラッグ,牝,斎藤雄一,,メイショウサムソン,2003102205,モシモシ,2010106531,ジャングルポケット,1998101786,松谷翔太,木村牧場,17.4,2003.0,2010.0,1998.0
2018105434,リュニックフルール,牝,矢野久美,,ジャスタウェイ,2009106461,フェリシア,2002100480,グラスワンダー,1995108676,（同）ＪＰＮ技研,追分ファーム,17.2,2009.0,2002.0,1995.0
2018103399,ワイエスファイター,牡,井樋明正,,バゴ,2001190004,インタールナ,2009105720,ディープインパクト,2002100816,（株）ＴｒＹ,横山浩司,17.2,2001.0,2009.0,2002.0
2018101877,キンジラレタアソビ,セ,坂口義幸,,グラスワンダー,1995108676,リャクダツアイ,2012101642,チチカステナンゴ,000a011135,内田玄祥,中地広大,17.1,1995.0,2012.0,1998.0
2018106895,ルイズメープル,牝,山越光,,ワンダーアキュート,2006106794,リンカラリー,2002101518,キンググローリアス,000a000d48,人見塁,フクダファーム,17.0,2006.0,2002.0,1986.0
2018105705,ミユキザジャイアン,牡,堂山芳則,,ゼンノロブロイ,2000101517,コフィーチャン,2008101054,シンボリクリスエス,1999110099,長井純一,貞広賢治,16.8,2000.0,2008.0,1999.0
2018102582,シャンプルミー,牝,安田武広,,ディープインパクト,2002100816,シティトゥシティ,000a012f11,City Zip,000a0127e6,中村智幸,ケイアイファーム,16.8,2002.0,2007.0,1998.0
2018101567,メトロノーム,牝,松本隆宏,,ロードカナロア,2008103552,セクシーディナー,1997104653,キンググローリアス,000a000d48,川島伸二,川島牧場,16.8,2008.0,1997.0,1986.0
2018103770,ラガーナギクイーン,牝,笹野博司,,ラブリーデイ,2010104298,ラガーエレガンス,2000102049,ジェイドロバリー,000a0001a7,中地賢次郎,今牧場,16.6,2010.0,2000.0,1987.0
2018105904,エイシンティアラ,牝,中川雅之,,エイシンフラッシュ,2007102951,エイシンキララ,2013103263,ハーツクライ,2001103038,平井克彦,栄進牧場,16.2,2007.0,2013.0,2001.0
2018109179,キクノインディ,牡,山田徹,,レッドスパーダ,2006105511,クリックヒア,1999106690,サンデーサイレンス,000a00033a,菊池五郎,ストームファームコーポレーション,16.0,2006.0,1999.0,1986.0
2018109076,トワノラブリー,牝,栗林徹治,,コパノリチャード,2010106552,マイベストスター,000a010eda,デインヒル,000a0000d1,松岡幸男,マルシチ牧場,16.0,2010.0,2000.0,1986.0
2018106442,ビッグブルールーフ,牝,成田明,,ケープブランコ,000a011b06,レディバゴ,2013103163,バゴ,2001190004,大屋高広,日本中央競馬会日高育成牧場,16.0,2007.0,2013.0,2001.0
2018106424,エスクロー,牝,山田徹,,ヴィクトワールピサ,2007102923,セイウンヒマワリ,2010105018,ステイゴールド,1994108729,成富直行,日進牧場,16.0,2007.0,2010.0,1994.0
2018103008,ネムリヒメ,牝,納谷和玖,,ジョーカプチーノ,2006100529,エターナルラブ,2009105919,シンボリクリスエス,1999110099,矢沼浩二,エムエム、ヤマダファーム,16.0,2006.0,2009.0,1999.0
2018102319,マノデピエドラ,牡,三坂盛雄,,ロジユニヴァース,2006103140,マドモアゼルアン,2009104193,サクラバクシンオー,1989108341,古賀慎一,村上進治,16.0,2006.0,2009.0,1989.0
2018101463,バジガクギフト,牝,高馬元紘,,ベルシャザール,2008103004,ボルジアクイーン,2013101283,ナカヤマフェスタ,2006102424,（株）馬事学院,石田牧場,16.0,2008.0,2013.0,2006.0
2018104088,ダノンフェリペ,牝,武藤敏明,,ダノンシャンティ,2007105709,ダノングラシアス,2012103158,マンハッタンカフェ,1998101554,酒井孝敏,千代田牧場,15.7,2007.0,2012.0,1998.0
2018101947,タガノセーヌ,牝,川田孝好,,ケイムホーム,000a0108d1,エレガントステージ,2006102965,ネオユニヴァース,2000101426,崎谷彦司,新冠タガノファーム,15.6,1999.0,2006.0,2000.0
2018101507,キヒンシツノオンナ,牝,三小田幸,,ラブリーデイ,2010104298,ヒロコファンタジー,2007105104,ゼンノロブロイ,2000101517,北原大史,大林ファーム,15.6,2010.0,2007.0,2000.0
2018100051,ハンデンクィーン,牝,溝橋利喜,,グラスワンダー,1995108676,カデンツァ,1999106908,サンデーサイレンス,000a00033a,小林聖子,新井昭二,15.4,1995.0,1999.0,1986.0
2018105959,エイシンヒーロー,牡,川添明弘,,スクリーンヒーロー,2004103328,エーシンヘラ,2010110006,モンジュー,1996190001,木村良明,栄進牧場,15.1,2004.0,2010.0,1996.0
2018109023,コウユーアオイソラ,牡,安田武広,,スウィフトカレント,2001103189,クルンプホルツ,2005102154,シンボリクリスエス,1999110099,加治屋貞光,太田ファーム,15.0,2001.0,2005.0,1999.0
2018106654,アイリッシュボム,牡,井樋明正,,トゥザグローリー,2007103265,オリーブフレイバー,2011105680,メイショウボーラー,2001100650,（同）ＪＰＮ技研,様似堀牧場,15.0,2007.0,2011.0,2001.0
2018106427,メイショウユウスゲ,牝,藤沢則雄,,マジェスティックウォリアー,000a011e9c,ブラックティー,2004103968,チーフベアハート,1993190010,松本好雄,日進牧場,15.0,2005.0,2004.0,1993.0
2018106149,メイショウレッシ,牡,坂口義幸,,トゥザグローリー,2007103265,メイショウアレーナ,2009100806,アグネスタキオン,1998101516,谷謙介,斉藤英牧場,15.0,2007.0,2009.0,1998.0
2018104338,シーズナルウィンド,牝,高本友芳,,ブラックタイド,2001103312,パルストリーナ,000a0138a3,Medaglia d'Oro,000a010a65,生部初男,フジワラファーム,15.0,2001.0,2011.0,1999.0
2018104001,リープヘヴン,牡,水野善太,,ヴァンセンヌ,2009106525,レトロトウショウ,2000102403,マイニング,000a000221,山本国広,棚川光男,15.0,2009.0,2000.0,1984.0
2018103189,ルビーキャニオン,牝,久保秀男,,プリサイスエンド,000a00fe9b,タカミツグリーン,2008102096,タニノギムレット,1999100226,塩田清,鮫川啓一,15.0,1997.0,2008.0,1999.0
2018101407,メイショウアタゴ,牡,南井克巳,,ロードカナロア,2008103552,フォーエバーダンス,2011104483,チチカステナンゴ,000a011135,松本好雄,秋田牧場,15.0,2008.0,2011.0,1998.0
2018106673,ゴールドサマニ,牝,瀬戸口悟,,メイショウボーラー,2001100650,フサイチシルヴィ,2002104848,アフリート,000a000013,小橋亮太,澤井義一,14.9,2001.0,2002.0,1984.0
2018106489,タンホイザー,牡,大島静夫,,ミッキーアイル,2011103916,アクアブルーバレー,2010102073,ワイルドラッシュ,000a0003a1,北原大史,まるとみ冨岡牧場,14.8,2011.0,2010.0,1994.0
2018103773,バービーボーイ,牡,胡本友晴,,バトルプラン,000a0118e8,テールドラヴェリテ,2012103469,マンハッタンカフェ,1998101554,（株）アネモネ,ゴールドアップカンパニー,14.8,2005.0,2012.0,1998.0
2018100837,ケンプファー,牡,秋田大助,,ホッコータルマエ,2009100921,コウユーノミチ,2006105826,キングヘイロー,1995104427,（株）ジャスト,長田ファーム,14.7,2009.0,2006.0,1995.0
2018100344,レヴェイユ,牝,佐藤英明,,ワンダーアキュート,2006106794,ラプレシューズ,2011110068,A.P. Indy,000a001d37,組）西野畜産組合,サンシャイン牧場,14.7,2006.0,2011.0,1989.0
2018106907,サラベル,牝,中川竜馬,,リアルインパクト,2008103244,マーシフルレイン,2013105726,キングカメハメハ,2001103460,豊島愛子,川上牧場,14.6,2008.0,2013.0,2001.0
2018106032,テイケイラナキラ,牝,山口浩幸,,ラブリーデイ,2010104298,オリーブジュエル,2009105763,ディープインパクト,2002100816,兼松忠男,金石牧場,14.5,2010.0,2009.0,2002.0
2018105728,チェリーピッキング,牡,土井道隆,,スマートファルコン,2005100097,ジェミーブロッサム,2000102338,Wild Again,000a00185f,木稲安則,ゼットステーブル,14.4,2005.0,2000.0,1980.0
2018103376,ハニーミルク,牝,東美義,,ダンカーク,000a012185,スマートアルテミス,2009101159,キングカメハメハ,2001103460,（同）ＪＰＮ技研,村下清志,14.4,2006.0,2009.0,2001.0
2018105994,ペイシャキララ,牝,石川浩文,,アドマイヤムーン,2003102991,トップキララ,2003101766,ステイゴールド,1994108729,（同）ＪＰＮ技研,大西ファーム,14.3,2003.0,2003.0,1994.0
2018104167,フジツボノミヤ,牝,千葉博次,,エイシンフラッシュ,2007102951,フジノプログレス,1997102454,ブライアンズタイム,000a000082,村上聡蔵,友田牧場,14.1,2007.0,1997.0,1985.0
2018105977,ストライヴィング,牝,今津博之,,タートルボウル,000a012045,ドラマティーク,000a0116c8,Darshaan,000a0019b1,飯田学,栄進牧場,14.0,2002.0,2002.0,1981.0
2018103541,アルファシャトー,牡,石井勝男,,トーセンジョーダン,2006103169,フランシール,2004104130,アグネスタキオン,1998101516,近藤悦子,岡田スタッド,14.0,2006.0,2004.0,1998.0
2018103375,メイショウコユキ,牝,桜井今朝,,ダンカーク,000a012185,メイショウメラボシ,2012105566,バゴ,2001190004,遠藤喜和,村下明博,14.0,2006.0,2012.0,2001.0
2018106774,キイソアリング,牝,大垣敏夫,,ワールドエース,2009106353,グレイスフルワード,2012103646,ハーツクライ,2001103038,三岡有香,川上牧場,13.8,2009.0,2012.0,2001.0
2018101207,ハッピーモンチャン,牝,高橋純,,ジャングルポケット,1998101786,モンレーヴリアン,2011104037,スペシャルウィーク,1995103211,大黒富美子,山田政宏,13.8,1998.0,2011.0,1995.0
2018101280,プレミアハンド,牡,高橋亮,,ドゥラメンテ,2012104511,マヤノプリヤ,2003105692,フサイチコンコルド,1993109220,ノースヒルズ,北島牧場,13.6,2012.0,2003.0,1993.0
2018103425,カンタベリーパール,牝,山下定文,,サンカルロ,2006102822,カンタベリーセーラ,2012102672,スクリーンヒーロー,2004103328,峰哲馬,荒谷輝和,13.5,2006.0,2012.0,2004.0
2018100357,サッキーアイリス,牝,加藤和義,,バーディバーディ,2007100567,ミュトスレディ,2012104051,ゼンノロブロイ,2000101517,��景孤�,サンバマウンテンファーム,13.4,2007.0,2012.0,2000.0
2018106441,フライアカイト,牝,板垣吉則,,ケープブランコ,000a011b06,ルイゼリアクィーン,2014100444,キングズベスト,000a0022d2,小林由明,日本中央競馬会日高育成牧場,13.3,2007.0,2014.0,1997.0
2018106089,ニシノラフィカ,牝,池田忠好,,エピファネイア,2010104155,シルクアイリス,2008101431,ディープインパクト,2002100816,中田英樹,杵臼牧場,13.2,2010.0,2008.0,2002.0
2018103106,アヴェニルールー,牡,川添明弘,,ヴィクトワールピサ,2007102923,アグネスパサー,2001103041,エルコンドルパサー,1995108742,蟹江知彦,高昭牧場,13.2,2007.0,2001.0,1995.0
2018103991,リュウノオードリー,牝,板垣吉則,,キズナ,2010105827,マイネノエル,1999100342,トニービン,1983109006,蓑島竜一,田中裕之,13.1,2010.0,1999.0,1983.0
2018109072,マツリダスペシャル,牝,平沢芳三,,ウインバリアシオン,2008103206,モルフェスペシャル,2006106152,スペシャルウィーク,1995103211,高橋福三郎,町屋勝幸,13.0,2008.0,2006.0,1995.0
2018103072,シナノマロン,牝,加藤和義,,ハタノヴァンクール,2009102350,ブイレインボー,1998103416,ウォーニング,000a000843,小林勝,北俣牧夫,13.0,2009.0,1998.0,1985.0
2018101674,レディアイコ,牝,後藤佑耶,,モーリス,2011100655,ミンナノアイドル,2007104021,オグリキャップ,1985102167,佐藤信廣,佐藤牧場,12.9,2011.0,2007.0,1985.0
2018109139,グリンパートナー,牝,九日俊光,,ローエングリン,1999106738,ミヤリサンラビリー,2011100403,ヨハネスブルグ,000a0103b9,（有）宮村牧場,イッサステーブル,12.8,1999.0,2011.0,1999.0
2018102895,マテラドリム,牡,藤ヶ崎一,,リオンディーズ,2013105915,ブイルージュ,1999105267,ウォーニング,000a000843,豊原純弥,村上牧場,12.8,2013.0,1999.0,1985.0
2018100547,ヴィゼルビュット,牝,栗田和昌,,トーセンラー,2008102985,スイートライラ,2006109273,アフリート,000a000013,（株）ＴｒＹ,シンボリ牧場,12.8,2008.0,2006.0,1984.0
2018106027,ブラウンキュバン,牝,武藤敏明,,ルーラーシップ,2007103143,ブラウンテヌート,2013103562,シンボリクリスエス,1999110099,（同）ＪＰＮ技研,カナイシスタッド,12.6,2007.0,2013.0,1999.0
2018104969,グランエスペランサ,牝,加藤和宏,,ルーラーシップ,2007103143,エルノルテ,2011103899,ディープインパクト,2002100816,（株）ファーストビジ,ノーザンファーム,12.6,2007.0,2011.0,2002.0
2018104466,カナデルマン,牡,吉井敏雄,,ラブリーデイ,2010104298,ピンクチャリス,2008103174,アグネスタキオン,1998101516,栗嶋豊明,三木田牧場,12.6,2010.0,2008.0,1998.0
2018104107,イッツアメイジング,牝,栗田和昌,,スピルバーグ,2009105961,フェアリーバラード,1999110279,Sadler's Wells,000a00185d,（同）ＪＰＮ技研,千代田牧場,12.6,2009.0,1999.0,1981.0
2018103192,ハクサンスウィープ,牝,加藤和義,,ハクサンムーン,2009102527,ハクサンサマー,2014103876,サマーバード,2006190002,河崎五市,鮫川啓一,12.6,2009.0,2014.0,2006.0
2018104323,ゼットジョイ,牝,田中一巧,,ジャスタウェイ,2009106461,ゼットフウリン,2005102534,ジャングルポケット,1998101786,林知佐子,フジワラファーム,12.5,2009.0,2005.0,1998.0
2018106062,ニシノサラマ,牡,中川竜馬,,ナカヤマフェスタ,2006102424,ニシノリンド,2013104981,キングカメハメハ,2001103460,三岡有香,ガーベラパークスタッド,12.4,2006.0,2013.0,2001.0
2018103752,サンナッチェズ,牝,菅原勲,,スズカコーズウェイ,2004104345,ユアインマイハート,2012102842,ハーツクライ,2001103038,加藤ステーブル,グランド牧場,12.3,2004.0,2012.0,2001.0
2018103688,エベーヌ,牝,角田輝也,,ダンカーク,000a012185,ラズベリータイム,2003104385,フジキセキ,1992109618,米山尚輝,木村秀則,12.2,2006.0,2003.0,1992.0
2018104344,ハリエット,牝,佐藤祐司,,クリエイターII,000a013630,ペルセクション,2010110084,インヴァソール,000a0114ba,門野文典,フジワラファーム,12.1,2013.0,2010.0,2002.0
2018109061,マイコラス,牡,矢内博,,ペルーサ,2007102705,カツヨトワイニング,2006103078,トワイニング,000a000006,矢沼浩二,長谷地義正,12.0,2007.0,2006.0,1991.0
2018105055,グアパ,牝,山下貴之,,ディープブリランテ,2009105084,シャドウキャスター,2002100972,エリシオ,1993190001,サイプレスホールディングス,ノーザンファーム,12.0,2009.0,2002.0,1993.0
2018104265,トリックトラック,牝,今津博之,,ダノンレジェンド,2010110102,マスターセイレーン,2007100767,ネオユニヴァース,2000101426,服部健太郎,服部牧場,12.0,2010.0,2007.0,2000.0
2018103996,サンビタリア,牝,加藤和宏,,トーセンジョーダン,2006103169,グレーストスカーナ,2013103076,マツリダゴッホ,2003104570,（株）ファーストビジ,棚川光男,12.0,2006.0,2013.0,2003.0
2018101961,タガノキャンディ,牝,平田修,,ケープブランコ,000a011b06,タガノラヴキセキ,2008105144,フジキセキ,1992109618,八木良司,新冠タガノファーム,12.0,2007.0,2008.0,1992.0
2018101883,シビルクイーン,牝,宗綱泰彦,,シビルウォー,2005102317,グレースドナヒュー,2012106430,キンシャサノキセキ,2003110212,大黒富美子,中地義次,12.0,2005.0,2012.0,2003.0
2018100134,モストレット,牡,藤ヶ崎一,,アドマイヤジャパン,2002102324,ニコマル,2009102269,ローエングリン,1999106738,永山和夫,大矢牧場,12.0,2002.0,2009.0,1999.0
2018106322,ストリキングレディ,牝,桜田浩樹,,リアルインパクト,2008103244,アルマク,2009100590,シニスターミニスター,000a011099,由利一郎,辻牧場,11.8,2008.0,2009.0,2003.0
2018100662,ラヴィーニア,牝,錦見勇夫,,スクリーンヒーロー,2004103328,ゴールデンリーヴス,000a0127f8,Tiznow,000a00fa4b,錦見日出雄,ダーレー・ジャパン・ファーム,11.6,2004.0,2010.0,1997.0
2018101598,ヒロファイタ,牡,中川竜馬,,ディープブリランテ,2009105084,マイファーストラヴ,2006104350,スエヒロコマンダー,1995104468,豊島愛子,小泉牧場,11.5,2009.0,2006.0,1995.0
2018104749,ロストラル,牡,土井道隆,,エイシンフラッシュ,2007102951,フィヨルドクルーズ,2001103208,サンデーサイレンス,000a00033a,酒井孝敏,社台ファーム,11.4,2007.0,2001.0,1986.0
2018100608,シゲルワルツ,牝,九日俊光,,メイショウサムソン,2003102205,キセキノデアイ,2013106161,キンシャサノキセキ,2003110212,森中蕃,滝本健二,11.4,2003.0,2013.0,2003.0
2018101123,グレイテストゲーム,牡,藤ヶ崎一,,ドゥラメンテ,2012104511,アストレア,2011100974,フサイチコンコルド,1993109220,神谷恵,モリナガファーム,11.3,2012.0,2011.0,1993.0
2018101698,マナアクアサンダー,牡,金田一昌,,トゥザワールド,2011103975,マイネカメリア,2009105164,ディープインパクト,2002100816,（同）ＭＩＲＡＩ,シンカンファーム,11.2,2011.0,2009.0,2002.0
2018103686,ラヴマイウェイ,牝,角田輝也,,ジャスタウェイ,2009106461,ハイアーラヴ,000a011ffe,Sadler's Wells,000a00185d,米山尚輝,木村秀則,10.9,2009.0,2002.0,1981.0
2018103053,トリパトス,牝,塚田隆男,,モーリス,2011100655,トコワカ,2013102839,ディープインパクト,2002100816,橋元勇氣,笠松牧場,10.9,2011.0,2013.0,2002.0
2018105466,シザースフェイント,セ,頼本盛行,,フェノーメノ,2009106599,アドマイヤダンサー,2001103331,エルコンドルパサー,1995108742,遠藤喜和,社台コーポレーション白老ファーム,10.8,2009.0,2001.0,1995.0
2018103914,スペシャルパワー,牝,九日俊光,,ハーツクライ,2001103038,クイーンナイサー,2004109288,フォーティナイナー,000a000134,森中啓子,タイヘイ牧場,10.8,2001.0,2004.0,1985.0
2018106821,サバイバルプロミス,牝,矢野久美,,ベルシャザール,2008103004,ナリタアルテミス,2010100957,ネオユニヴァース,2000101426,大黒富美子,鹿戸和幸,10.6,2008.0,2010.0,2000.0
2018106738,ヒロノサミット,牡,住吉朝男,,フリオーソ,2004106867,マウンテンガール,2012103749,リンドシェーバー,1988107894,曽和栄司,小野瀬竜馬,10.5,2004.0,2012.0,1988.0
2018104656,バンビーナミノル,牝,米川昇,,ノヴェリスト,000a012230,セレブリティモデル,2010103939,キングカメハメハ,2001103460,吉岡實,社台ファーム,10.5,2009.0,2010.0,2001.0
2018104504,ベアーズブリーチ,牝,小野望,,ロードカナロア,2008103552,アカンサス,2008102889,フジキセキ,1992109618,社台レースホース,社台ファーム,10.5,2008.0,2008.0,1992.0
2018104009,バッカナール,牝,秋田大助,,メイショウサムソン,2003102205,サクラシオン,2008101034,サクラプレジデント,2000102261,谷岡真喜,谷岡スタット,10.5,2003.0,2008.0,2000.0
2018103177,スマイルシンデレラ,牝,別府真司,,グラスワンダー,1995108676,ビブラビブレ,2011103751,ジャングルポケット,1998101786,国田正忠,斉藤政志,10.5,1995.0,2011.0,1998.0
2018101124,ベッロルナ,牡,小牧毅,,マクフィ,000a011c77,イリデ,2008110111,Indian Charlie,000a00fcd8,藤田孟司,モリナガファーム,10.5,2007.0,2008.0,1995.0
2018100275,モンサンテゾーロ,牝,米川昇,,バンデ,2010110049,レインボーシーカー,2004103321,ダンスインザダーク,1993109188,サンエツ企画（有）,クラウン日高牧場,10.5,2010.0,2004.0,1993.0
2018100193,ランスオブソウル,牡,堂山芳則,,ドゥラメンテ,2012104511,メジロジョーンズ,1999106621,メジロライアン,1987105368,工藤栄三,加藤牧場,10.5,2012.0,1999.0,1987.0
2018106142,エイユーグローバル,牡,桜田浩樹,,トゥザグローリー,2007103265,ワンダフルムーン,2010104847,アドマイヤムーン,2003102991,小林敏英,近藤牧場,10.4,2007.0,2010.0,2003.0
2018104349,リーガルゲイリー,牝,青木孝文,,スウェプトオーヴァーボード,000a00fa34,リーガルデイム,2011101087,アドマイヤジャパン,2002102324,芳賀滿男,フジワラファーム,10.4,1997.0,2011.0,2002.0
2018100781,キタノクリスタル,牝,晴山厚司,,モーリス,2011100655,スマートマーチ,2010101218,リンカーン,2000101561,北所拓也,戸川牧場,10.3,2011.0,2010.0,2000.0
2018109041,マハーゼディー,牝,今津博之,,バゴ,2001190004,ヨンハ,2011109046,ヨハネスブルグ,000a0103b9,中地賢次郎,佐々木牧場,10.2,2001.0,2011.0,1999.0
2018106301,ヤシロヴィッキー,牝,西川精治,,トゥザグローリー,2007103265,メヌエットシチー,2005106787,サクラバクシンオー,1989108341,組）ヤシロ組合,大道牧場,10.0,2007.0,2005.0,1989.0
2018103010,トーケントモカワ,牝,佐々木国,,アジアエクスプレス,2011110091,ブルーデライト,2006103796,アグネスタキオン,1998101516,トーケンサービス（株,エムエム、ヤマダファーム,10.0,2011.0,2006.0,1998.0
2018102873,キングタロウ,牡,田中譲二,,キングヘイロー,1995104427,ボロンベルラルーン,2010101659,アドマイヤムーン,2003102991,金野喜見男,三石川上牧場,10.0,1995.0,2010.0,2003.0
2018102571,ファシリティズ,牝,池田忠好,,マツリダゴッホ,2003104570,エイトディズアパート,000a01115b,Forest Wildcat,000a0021d8,光安慎一,ケイアイファーム,10.0,2003.0,2004.0,1991.0
2018101818,ハーモニートゥバン,牡,加藤幸保,,スパロービート,2005104351,ルーマードダイヤ,2009101630,シーキングザダイヤ,2001110220,日下部勝徳,大作ステーブル,9.9,2005.0,2009.0,2001.0
2018106250,シゲルビンジャー,牝,九日俊光,,ハービンジャー,000a011996,タイセイララバイ,2011103900,シンボリクリスエス,1999110099,森中蕃,谷川牧場,9.6,2006.0,2011.0,1999.0
2018104423,シゲルシッコウヤク,牡,九日俊光,,シンボリクリスエス,1999110099,シゲルアサヒダケ,2006100398,ネオユニヴァース,2000101426,森中蕃,前田牧場,9.6,1999.0,2006.0,2000.0
2018104213,ナムラサスケ,牡,藤田正治,,ディープブリランテ,2009105084,ナムラエメラルド,2008100057,ファンタスティックライト,1996190005,（株）ファーストビジ,野坂牧場,9.6,2009.0,2008.0,1996.0
2018103975,プレストパール,牝,川添明弘,,キングズベスト,000a0022d2,スリーパール,2013104368,ハービンジャー,000a011996,市村義和,武牧場,9.6,1997.0,2013.0,2006.0
2018102970,ゾグラフォス,牡,菅原欣也,,ハービンジャー,000a011996,ミスハレクラニ,2009106548,シンボリクリスエス,1999110099,（同）ＪＰＮ技研,秋場牧場,9.6,2006.0,2009.0,1999.0
2018102502,フェノーキッツ,牝,古賀光範,,フェノーメノ,2009106599,クラウニングフレア,2013102244,ハービンジャー,000a011996,竹原孝昭,片山牧場,9.6,2009.0,2013.0,2006.0
2018105220,フィールザウィンド,牝,伊藤強一,,オルフェーヴル,2008102636,フィールザレース,000a012e10,Orpen,000a002326,山下定良,ノーザンファーム,9.5,2008.0,2011.0,1996.0
2018100337,アプルヴァ,牡,柳沢好美,,トーセンラー,2008102985,セミニョン,2008105508,マンハッタンカフェ,1998101554,組）西野畜産組合,サンシャイン牧場,9.1,2008.0,2008.0,1998.0
2018109128,ダイチノユメ,牝,古賀光範,,ロードバリオス,2005104227,イサミステルス,2001100753,トワイニング,000a000006,本田土寿,本田土寿,9.0,2005.0,2001.0,1991.0
2018109060,タラン,牡,飯田良弘,,アルデバランII,000a010541,ミネルバローズ,2009103706,フジキセキ,1992109618,酒井孝敏,谷川博勝,9.0,1998.0,2009.0,1992.0
2018106794,ボルドーソヴール,牝,板垣吉則,,ウインバリアシオン,2008103206,ソヴールトウショウ,2012103267,スズカフェニックス,2002107011,シグラップ・マネジメ,中山高鹿康,9.0,2008.0,2012.0,2002.0
2018106753,イサチルソッリーソ,牡,平山宏秀,,フリオーソ,2004106867,ダイシンベール,2007104771,ゴールドアリュール,1999106689,小坂功,安達洋生,9.0,2004.0,2007.0,1999.0
2018101153,スラストステージ,牝,佐藤祐司,,ジャスタウェイ,2009106461,オオブタイ,2009105527,クロフネ,1998110135,オリオンファーム,門別牧場,9.0,2009.0,2009.0,1998.0
2018100969,デルマアイゼン,牡,金田一昌,,タイセイレジェンド,2007103199,オープンアップ,2003102568,タヤスツヨシ,1992109612,浅沼廣幸,ファニーヒルファーム,9.0,2007.0,2003.0,1992.0
2018100604,クイーンファミユ,牝,栗林徹治,,リヤンドファミユ,2010104396,ピシーズクイーン,2007100030,アグネスデジタル,1997110025,三宅勝俊,高山牧場,9.0,2010.0,2007.0,1997.0
2018109063,キタノオーソリティ,牡,菅原右吉,,ウインバリアシオン,2008103206,ナリタメロディ,2011100411,シンボリクリスエス,1999110099,（有）岩崎商事,野々宮牧場,8.8,2008.0,2011.0,1999.0
2018102315,ペーパードライバー,牝,溝橋利喜,,アドマイヤムーン,2003102991,ピクニックソング,2011100702,ファスリエフ,000a00fc4c,小林聖子,村上進治,8.8,2003.0,2011.0,1997.0
2018102224,ベルクフリート,牡,宇都英樹,,モーリス,2011100655,サトノネネ,2010103898,ディープインパクト,2002100816,西村健,松浦牧場,8.8,2011.0,2010.0,2002.0
2018105801,パワーミラクル,牡,渡辺博文,,アンライバルド,2006103308,クリスタルフローラ,1998101274,クリスタルグリッターズ,000a0000c0,原久美子,吉田牧場,8.7,2006.0,1998.0,1980.0
2018103171,キャヴァリー,牡,小林俊彦,,マジェスティックウォリアー,000a011e9c,ティアップアーリー,2011103201,ゴールドアリュール,1999106689,小橋亮太,小林仁,8.7,2005.0,2011.0,1999.0
2018109070,リュウワンリド,牝,中川竜馬,,ウインバリアシオン,2008103206,アヴェネンテ,2008101095,ファンタスティックライト,1996190005,門脇竜一,町屋勝幸,8.5,2008.0,2008.0,1996.0
2018106400,フクシマグラチャン,牝,桧森邦夫,,トゥザワールド,2011103975,グッドファッション,2008106695,アドマイヤマックス,1999107004,西本資史,トラストスリーファーム,8.4,2011.0,2008.0,1999.0
2018106278,ラピラータ,牝,山田徹,,スウェプトオーヴァーボード,000a00fa34,レディスウィフト,2008110117,Ghostzapper,000a010525,成富直行,谷川牧場,8.4,1997.0,2008.0,2000.0
2018106199,メイショウカモーン,牝,藤沢則雄,,ダンカーク,000a012185,メイショウオリビア,2007101559,フジキセキ,1992109618,松本好雄,太陽牧場,8.4,2006.0,2007.0,1992.0
2018106045,フッカツノトリデ,牝,斉藤正弘,,トーホウジャッカル,2011100482,フォレストビーナス,2001100859,エルコンドルパサー,1995108742,福田光博,鎌田正嗣,8.4,2011.0,2001.0,1995.0
2018104458,キタノロビンソン,牡,成田明,,マツリダゴッホ,2003104570,ヒロアンジェロ,2005101044,グラスワンダー,1995108676,北所拓也,見上牧場,8.4,2003.0,2005.0,1995.0
2018103982,ノアジェニシス,牝,飯田弘道,,エスケンデレヤ,000a012cc0,アクロスザライト,2008102771,ネオユニヴァース,2000101426,遠藤喜和,田中裕之,8.4,2007.0,2008.0,2000.0
2018102842,マンゴーラッシー,牝,桧森邦夫,,ノヴェリスト,000a012230,ミリオンセラー,2009105895,フジキセキ,1992109618,三岡有香,前田ファーム,8.4,2009.0,2009.0,1992.0
2018102792,オリオンテソーロ,牡,安田武広,,Nathaniel,000a011bdb,パールプリンセス,000a013e7f,Astronomer Royal,000a0136f4,了徳寺健二ホールディングス,幌村牧場,8.4,2008.0,2011.0,2004.0
2018101132,ブレッシングライト,牡,竹下太,,ディープブリランテ,2009105084,ミルテ,2009103108,アフリート,000a000013,金野博幸,モリナガファーム,8.0,2009.0,2009.0,1984.0
2018106143,シバキング,牡,伊藤強一,,ノーザンリバー,2008103212,アラビアンパール,2009106515,フジキセキ,1992109618,柴田浩二,江谷牧場,7.7,2008.0,2009.0,1992.0
2018109077,ヤマチャン,牝,村上実,,ヴァンセンヌ,2009106525,ヤマシロギク,2004104887,アフリート,000a000013,後藤順男,マルシチ牧場,7.6,2009.0,2004.0,1984.0
2018105795,オスソワケ,牝,宗石大,,モンテロッソ,000a011b05,ベストエンジェル,2001105868,フジキセキ,1992109618,坂本孝徳,ヤマイチ牧場,7.5,2007.0,2001.0,1992.0
2018103588,サンドプラズマ,牝,藤田正治,,シニスターミニスター,000a011099,サンドヴィーナス,2005100147,マンハッタンカフェ,1998101554,（株）ファーストビジ,岡田牧場,7.5,2003.0,2005.0,1998.0
2018102747,ブリリアントビーム,牡,目迫大輔,,ディープブリランテ,2009105084,ツルマルローズ,2003101993,クロフネ,1998110135,北原光一郎,萩澤俊雄,7.5,2009.0,2003.0,1998.0
2018101980,コジートゥインクル,牡,打越勇児,,アドマイヤムーン,2003102991,エメラルドチャーム,2009104964,フジキセキ,1992109618,齊藤直信,新冠橋本牧場,7.5,2003.0,2009.0,1992.0
2018101120,モズオールビー,牝,小牧毅,,ノヴェリスト,000a012230,ビューティーモズ,2008106213,ネオユニヴァース,2000101426,（株）Ｆａｍｉｇｌｉ,目黒牧場,7.5,2009.0,2008.0,2000.0
2018101112,トイソー,牝,西村守幸,,ベルシャザール,2008103004,ミライポケット,2008103551,ジャングルポケット,1998101786,山本晋也,三輪牧場,7.5,2008.0,2008.0,1998.0
2018100109,サンダナポイント,牝,工藤裕孝,,メイショウボーラー,2001100650,サルガソシー,000a00fa53,Affirmed,000a001785,中地賢次郎,浦新徳司,7.5,2001.0,1998.0,1975.0
2018103344,セイレジェンド,牡,飯田弘道,,ダノンレジェンド,2010110102,エメラルドコースト,2008105569,ダンスインザダーク,1993109188,金田成基,藤春修二,7.3,2010.0,2008.0,1993.0
2018109146,キリシマオードリー,牝,西久保政,,スクワートルスクワート,000a000da4,ラッキービクトリー,1998110307,Dynaformer,000a001dd9,土屋君春,土屋牧場,7.2,1998.0,1998.0,1985.0
2018109036,キタチロ,牡,金田一昌,,クリエイターII,000a013630,ボールドカップ,2005109172,オペラハウス,000a000d77,北村守彦,北村牧場,7.2,2013.0,2005.0,1988.0
2018103384,ウーピーパイ,牝,井手上慎,,タイムパラドックス,1998101683,フィナンシェ,1999105699,アジュディケーティング,000a000d5d,冨田清誠,村下農場,6.8,1998.0,1999.0,1987.0
2018102923,ナムラケプラー,牡,今津博之,,アーネストリー,2005105410,エーシンブランディ,2004101728,ダンスインザダーク,1993109188,近藤知三,森政巳,6.8,2005.0,2004.0,1993.0
2018101494,フォルキングマン,牡,酒井仁,,キングズベスト,000a0022d2,テイクザスカイ,2005104809,ゴールドアリュール,1999106689,八嶋長久,大狩部牧場,6.8,1997.0,2005.0,1999.0
2018100622,ディープパープル,牝,今津博之,,モーリス,2011100655,アナザーワールド,2013100546,ディープインパクト,2002100816,道地房男,タバタファーム,6.8,2011.0,2013.0,2002.0
2018105171,フェアリーテイル,牝,井樋一也,,アジアエクスプレス,2011110091,ノーブルリーズン,2012104578,ネオユニヴァース,2000101426,粟森慨,ノーザンファーム,6.6,2011.0,2012.0,2000.0
2018106831,コパノフランクリン,牡,村山明,,ノヴェリスト,000a012230,グッデーコパ,2006106744,マンハッタンカフェ,1998101554,小林祥晃,ヤナガワ牧場,6.5,2009.0,2006.0,1998.0
2018100152,イサチルチャーム,牝,安田武広,,フリオーソ,2004106867,ピンクプリンセス,2011100136,シルバーチャーム,000a00227c,小坂功,沖田牧場,6.5,2004.0,2011.0,1994.0
2018101469,セブンシャイン,牡,橋本忠明,,クロフネ,1998110135,アーベントロート,2009105917,フジキセキ,1992109618,橋川欣司,イワミ牧場,6.4,1998.0,2009.0,1992.0
2018100560,ミヤマウントック,牝,平松徳彦,,シビルウォー,2005102317,ビッグエリザベス,1998105908,サンデーサイレンス,000a00033a,山本益臣,スウィングフィールド牧場,6.4,2005.0,1998.0,1986.0
2018103355,イデアクオーレ,牝,米川昇,,スマートファルコン,2005100097,サニーアンジェリカ,2004103790,サクラバクシンオー,1989108341,益田修一,丸村村下ファーム,6.3,2005.0,2004.0,1989.0
2018101785,マオノソアリン,牝,安田武広,,トゥザワールド,2011103975,パインブライト,2004100853,アグネスタキオン,1998101516,湯浅健司,田渕牧場,6.3,2011.0,2004.0,1998.0
2018101417,ベターデイズ,牝,小野望,,ベーカバド,000a011dc0,カインドオブブルー,2006103233,クロフネ,1998110135,藤平浩幸,アサヒ牧場,6.3,2007.0,2006.0,1998.0
2018101350,サクセスザブーン,牡,斉藤正弘,,ルーラーシップ,2007103143,サクセスフィリア,2011103428,ディープインパクト,2002100816,高嶋哲,坂東牧場,6.3,2007.0,2011.0,2002.0
2018102555,ミソライロ,牝,後藤佑耶,,ヴィクトワールピサ,2007102923,コスモアオイ,2010105972,アグネスデジタル,1997110025,西村健,グローリーファーム,6.1,2007.0,2010.0,1997.0
2018105559,サバイバルナイト,牡,千葉幸喜,,リーチザクラウン,2006102923,メイカ,2004102801,ダンスインザダーク,1993109188,前田敏文,社台コーポレーション白老ファーム,6.0,2006.0,2004.0,1993.0
2018104815,ティルピッツ,牡,高橋俊之,,ローエングリン,1999106738,メディアウォーズ,1998101652,サンデーサイレンス,000a00033a,庭田文雄,社台ファーム,6.0,1999.0,1998.0,1986.0
2018104464,ナイトエクスプレス,牡,保利良次,,エピファネイア,2010104155,エカポールパンダ,2011106515,ダンスインザダーク,1993109188,石瀬浩三,三木田牧場,6.0,2010.0,2011.0,1993.0
2018104441,プラウド,セ,打越勇児,,バゴ,2001190004,ドゥオナー,2004104993,ダンスインザダーク,1993109188,カナヤマホールディングス,増本良孝,6.0,2001.0,2004.0,1993.0
2018104414,オーベロン,牡,橋本忠明,,エピファネイア,2010104155,ホーマンピクシー,2007103702,キングカメハメハ,2001103460,カナヤマホールディングス,前谷武志,6.0,2010.0,2007.0,2001.0
2018103979,アグレッシブ,牡,東美義,,モンテロッソ,000a011b05,マイカ,2007100209,シンボリクリスエス,1999110099,野口幸八,武牧場,6.0,2007.0,2007.0,1999.0
2018101395,ブライティアキイ,牝,佐々木由,,リオンディーズ,2013105915,ブライティアダンス,2005104041,ダンスインザダーク,1993109188,小林昌志,雅牧場,6.0,2013.0,2005.0,1993.0
2018101887,ボンラヴォーロ,牝,板垣吉則,,ケイムホーム,000a0108d1,ボンナターレ,1998107119,フジキセキ,1992109618,小林由明,中地義次,5.8,1999.0,1998.0,1992.0
2018109028,セイジョーデューク,牡,坂口義幸,,アルデバランII,000a010541,セイントムーン,2009101305,アドマイヤムーン,2003102991,蔀英二,織笠時男,5.4,1998.0,2009.0,2003.0
2018109098,ホワイトハウス,セ,西川精治,,クリエイターII,000a013630,エルメスグリーン,2006105592,アグネスタキオン,1998101516,ミルファーム,恵比寿興業株式会社那須野牧場,5.0,2013.0,2006.0,1998.0
2018100928,コスモクロシオ,牡,宮路洋一,,ブラックタイド,2001103312,トリルビー,2012100351,デュランダル,1999106756,笠原久夫,日高大洋牧場,5.0,2001.0,2012.0,1999.0
2018100202,ラブリーキック,牡,桧森邦夫,,ラブリーデイ,2010104298,ローズプラネット,2010100315,フレンチデピュティ,000a00013a,佐野幸一郎,賀張中川牧場,5.0,2010.0,2010.0,1992.0
2018105787,シゲルアスリート,牡,九日俊光,,ヴィクトワールピサ,2007102923,ルージュロワイヤル,2012103908,フレンチデピュティ,000a00013a,森中蕃,橋本牧場,4.8,2007.0,2012.0,1992.0
2018103866,スウィートチェリー,牝,山田徹,,オルフェーヴル,2008102636,スイートフラッグ,2004110062,Kingmambo,000a001d7e,永谷友一郎,静内フジカワ牧場,4.8,2008.0,2004.0,1990.0
2018103352,アマノヴィーナス,牝,高橋俊之,,リアルインパクト,2008103244,アマノチェリーラン,2004103791,デザートキング,000a0000e7,高橋麻樹,丸村村下ファーム,4.8,2008.0,2004.0,1994.0
2018102839,アリストヴェール,牝,頼本盛行,,トーセンラー,2008102985,ピアグラス,2010103733,チチカステナンゴ,000a011135,谷謙介,前田ファーム,4.8,2008.0,2010.0,1998.0
2018102387,フェスティヴパイカ,牝,柳井宏之,,マツリダゴッホ,2003104570,ガッビア,2006103185,モンジュー,1996190001,中地賢次郎,八島夕起子,4.8,2003.0,2006.0,1996.0
2018101451,フレンドリーエース,牝,大垣敏夫,,ルーラーシップ,2007103143,ディープスノー,2008104247,ディープインパクト,2002100816,遠藤喜和,石郷岡五月,4.8,2007.0,2008.0,2002.0
2018100168,パワーボム,牡,金田一昌,,ダイワメジャー,2001103114,スプレンダー,2011100589,ファンタスティックライト,1996190005,中地賢次郎,奥山博,4.8,2001.0,2011.0,1996.0
2018106655,デヴィルズプライド,牡,藤ヶ崎一,,ゼンノロブロイ,2000101517,スマートメビウス,2007106461,タニノギムレット,1999100226,安本卓史,様似堀牧場,4.6,2000.0,2007.0,1999.0
2018102983,ハンズオブストーン,牡,後藤佑耶,,アジアエクスプレス,2011110091,ファストソング,2010103028,ヘクタープロテクター,000a000d6b,古賀慎一,市川ファーム,4.5,2011.0,2010.0,1988.0
2018106684,ラストシャトル,牝,森山英雄,,タイキシャトル,1994109686,ヤマホトトギス,2011106308,サクラプレジデント,2000102261,江川伸夫,清水スタッド,4.3,1994.0,2011.0,2000.0
2018104587,センシティブガール,牝,坂口義幸,,オルフェーヴル,2008102636,キュートエンブレム,2005102265,ウォーエンブレム,000a00fa35,,社台ファーム,4.3,2008.0,2005.0,1999.0
2018100544,リョウランチャンプ,牡,関本浩司,,カレンブラックヒル,2009106230,スイートポーラ,2011109109,スウェプトオーヴァーボード,000a00fa34,福岡隆史,シンボリ牧場,4.3,2009.0,2011.0,1997.0
2018109143,クルスノウミ,牝,坂井孝義,,スクワートルスクワート,000a000da4,プラチナアリュール,2008100580,ゴールドアリュール,1999106689,三岡有香,田上勝雄,4.2,1998.0,2008.0,1999.0
2018102497,シュンガイト,牝,角田晃一,,キンシャサノキセキ,2003110212,リヴァプール,2002101083,ダンスインザダーク,1993109188,ヒダカ・ブリーダーズ・ユニオン,折手牧場,4.2,2003.0,2002.0,1993.0
2018104651,ラッキーパラダイス,牡,坂口義幸,,ノヴェリスト,000a012230,スペシャルフロート,2004103225,スペシャルウィーク,1995103211,谷謙介,社台ファーム,4.1,2009.0,2004.0,1995.0
2018100637,サンマルアン,牝,伊藤勝己,,アンライバルド,2006103308,サンマルセイコー,2003100409,ビワタケヒデ,1995104953,田井信之,田端牧場,4.1,2006.0,2003.0,1995.0
2018103955,レジュレクシオン,牡,山下定文,,リヤンドファミユ,2010104396,ネオザスティング,2008102981,タニノギムレット,1999100226,遠藤喜和,高橋ファーム,4.0,2010.0,2008.0,1999.0
2018101298,ソーユーメテオール,牝,三野宮通,,ホッコータルマエ,2009100921,ハローサンライズ,1998101772,ダンスインザダーク,1993109188,前田敏文,清水牧場,4.0,2009.0,1998.0,1993.0
2018100135,ゴールドリカ,牝,藤ヶ崎一,,タニノギムレット,1999100226,ハツネ,2009103042,トウカイテイオー,1988101025,永山和夫,大矢牧場,4.0,1999.0,2009.0,1988.0
2018103815,ウフララ,牡,板垣吉則,,ダンカーク,000a012185,キャッツプライド,1998110161,ヘネシー,000a000178,手嶋康雄,佐竹学,3.6,2006.0,1998.0,1993.0
2018103282,グッディクリステル,牝,桜田康二,,ダンカーク,000a012185,ヒシマーベラス,2009101215,マーベラスサンデー,1992103687,スピードファーム,中村雅明,3.5,2006.0,2009.0,1992.0
2018103255,キタノハードウェイ,牝,三野宮通,,エスポワールシチー,2005102837,レアシルウィア,2003104007,ティンバーカントリー,000a00035e,前田敏文,東栄牧場,3.5,2005.0,2003.0,1992.0
2018106722,ルージュロゼ,牝,後藤正義,,ナムラタイタン,2006101408,クラシックヴィオラ,2009102897,ジャングルポケット,1998101786,岩崎僖澄,山本和彦,3.2,2006.0,2009.0,1998.0
2018102883,ウインアミュレット,牡,栗本陽一,,フェノーメノ,2009106599,アサクサヴェール,2004101564,フレンチデピュティ,000a00013a,花井栄治,三石橋本牧場,3.2,2009.0,2004.0,1992.0
2018102441,シゲルヒショ,牝,九日俊光,,リアルインパクト,2008103244,ニシノキラキラ,2012101711,ハービンジャー,000a011996,森中蕃,乾皆雄,3.1,2008.0,2012.0,2006.0
2018109114,ワンダーポケット,牝,橘友和,,ジャングルポケット,1998101786,フェアブルーム,2009102479,ディープインパクト,2002100816,福原正博,下河辺トレーニングセンター,3.0,1998.0,2009.0,2002.0
2018103258,ターミナルピアノ,牝,中川雅之,,プリサイスエンド,000a00fe9b,グランピアノ,2011105464,キングヘイロー,1995104427,松田整二,富塚ファーム,3.0,1997.0,2011.0,1995.0
2018101047,スマートラパン,牝,菅原欣也,,アドマイヤムーン,2003102991,スマートアリシア,2013100054,ファルブラヴ,1998190004,（同）ＪＰＮ技研,本間牧場,3.0,2003.0,2013.0,1998.0
2018100970,デルマゾウチョウ,牡,加藤和宏,,トーセンラー,2008102985,ティルトウイング,2008102775,シンボリクリスエス,1999110099,（株）ファーストビジ,ファニーヒルファーム,3.0,2008.0,2008.0,1999.0
2018109115,マーゴットスタート,牝,橘友和,,ディープブリランテ,2009105084,フレッシュドール,2010100489,アグネスタキオン,1998101516,前田良平,下河辺トレーニングセンター,2.9,2009.0,2010.0,1998.0
2018106820,アナタノトリコ,牝,千葉博次,,ストロングリターン,2006102934,ステラマリーン,2011100308,アドマイヤジャパン,2002102324,村上聡蔵,鹿戸和幸,2.9,2006.0,2011.0,2002.0
2018106018,シクラメンテソーロ,牝,小林義明,,ストロングリターン,2006102934,ジーシスター,2012105224,ジャングルポケット,1998101786,紙谷洋一,帰山清貴,2.9,2006.0,2012.0,1998.0
2018103431,シルバトアスール,牡,及川良春,,ノヴェリスト,000a012230,サングレアズール,2007100029,クロフネ,1998110135,大黒富美子,石川栄一,2.9,2009.0,2007.0,1998.0
2018104283,ヒカリノミチ,牡,藤ヶ崎一,,パドトロワ,2007102760,インシステント,000a010aaa,Diesis,000a001815,柳下直輝,原田久司,2.7,2007.0,1999.0,1980.0
2018100496,デファイグラビティ,牝,安部幸夫,,マジェスティックウォリアー,000a011e9c,ユメミライ,2013102979,マンハッタンカフェ,1998101554,琴浦諒,白井牧場,2.7,2005.0,2013.0,1998.0
2018105394,エウリュアレ,牝,田村彰啓,,ブラックタイド,2001103312,ワイオラ,000a011dcf,Sadler's Wells,000a00185d,池田俊道,ノーザンファーム,2.6,2001.0,2001.0,1981.0
2018103067,エピドール,牝,渡辺博文,,マクフィ,000a011c77,サラファン,2009101032,アグネスタキオン,1998101516,原大栄,上山牧場,2.5,2007.0,2009.0,1998.0
2018101697,ゴールデンデイズ,牡,花本正三,,ベーカバド,000a011dc0,フーガフューグ,2007104082,マンハッタンカフェ,1998101554,（同）ＭＩＲＡＩ,シンカンファーム,2.5,2007.0,2007.0,1998.0
2018109065,エマ,牝,桜田康二,,ウインバリアシオン,2008103206,アクエルド,2013101177,ティンバーカントリー,000a00035e,相馬哲夫,フォレブルー,2.4,2008.0,2013.0,1992.0
2018103972,ブリスク,牡,大垣敏夫,,ジョーカプチーノ,2006100529,ケイツーノース,2007104657,ファルブラヴ,1998190004,野口幸八,武牧場,2.4,2006.0,2007.0,1998.0
2018101261,ベラノッテ,牝,橘友和,,ワールドエース,2009106353,スズカワキア,2006106237,キングカメハメハ,2001103460,稲原美彦,稲原牧場,2.4,2009.0,2006.0,2001.0
2018101188,レジーナサンライズ,牝,矢野久美,,ハービンジャー,000a011996,ホイップクリーム,2009102485,アグネスタキオン,1998101516,三岡有香,ヤナガワ牧場,2.4,2006.0,2009.0,1998.0
2018101821,シゲルシャチョウ,牝,九日俊光,,シルポート,2005109202,シゲルアワオドリ,2012100403,ソングオブウインド,2003102461,森中蕃,中央牧場,2.3,2005.0,2012.0,2003.0
2018100810,エイサイバイオ,牝,加藤幸保,,アドマイヤムーン,2003102991,ヒカルトキメキ,2005102464,クロフネ,1998110135,バイオ,中館牧場,2.2,2003.0,2005.0,1998.0
2018106720,ヴィーヴァライアン,牡,小国博行,,エイシンフラッシュ,2007102951,リメンバーメジロ,2010103615,メジロベイリー,1998101457,西森鶴,山口幸雄,2.1,2007.0,2010.0,1998.0
2018104282,ダンストンレジーナ,牝,恵多谷豊,,トゥザワールド,2011103975,トレンドエッセンス,2001106135,コマンダーインチーフ,000a0000b0,伊藤治子,原ファーム,2.1,2011.0,2001.0,1990.0
2018103710,ラピッドストリーム,牡,林和弘,,サウスヴィグラス,1996110138,グランドホイッスル,2001103880,シアトルスズカ,1991103224,レッドマジック,グランド牧場,2.1,1996.0,2001.0,1991.0
2018102111,シングンイヴ,牝,斉藤正弘,,シングンオペラ,1998105609,ピロット,1999100384,ラムタラ,000a0001d4,伊坂重憲,ヒカル牧場,2.1,1998.0,1999.0,1992.0
2018100610,ユリシスフライ,牝,安田武広,,ジャングルポケット,1998101786,セトノフラッパー,2010103932,タイキシャトル,1994109686,松田次郎,滝本健二,2.1,1998.0,2010.0,1994.0
2018100485,ルボヌール,牝,櫻井拓章,,スピルバーグ,2009105961,ハッピーベリンダ,2011103470,アグネスデジタル,1997110025,白井岳,白井牧場,2.1,2009.0,2011.0,1997.0
2018106878,サンタスカルーサ,牝,吉田司,,モンテロッソ,000a011b05,ナイツエンド,000a010edd,エンドスウィープ,000a00010f,中地賢次郎,惣田英幸,1.8,2007.0,2001.0,1991.0
2018106207,カメンブトウカイ,牝,中野博,,リーチザクラウン,2006102923,アッチッチ,2001106138,アフリート,000a000013,小田切光,高野牧場,1.8,2006.0,2001.0,1984.0
2018105957,エイシンチドリ,牝,井樋明正,,エイシンヒカリ,2011101273,エーシンブランシュ,2009100248,クロフネ,1998110135,小橋亮太,栄進牧場,1.8,2011.0,2009.0,1998.0
2018104599,ローラーコースター,牝,桜田康二,,ヴィクトワールピサ,2007102923,クーデンビーチ,000a011a60,パントレセレブル,000a000271,鶴谷義雄,社台ファーム,1.8,2007.0,2000.0,1994.0
2018104478,カイラス,牡,伊藤和忍,,スクリーンヒーロー,2004103328,ダンツカナリー,2010101879,フジキセキ,1992109618,組）パープルパッチレ,矢野牧場,1.8,2004.0,2010.0,1992.0
2018102092,アイサイテーラー,牝,飯田弘道,,ヴィクトワールピサ,2007102923,ビジャリカ,2009106559,ディープインパクト,2002100816,大黒富美子,ハシモトファーム,1.8,2007.0,2009.0,2002.0
2018101019,ライヴビスケット,牡,佐々木由,,ハービンジャー,000a011996,パンデモニウム,2011103556,ハーツクライ,2001103038,小泉修,宝寄山拓樹,1.8,2006.0,2011.0,2001.0
2018100848,フォーリーフ,牝,平沢芳三,,ダノンシャーク,2008105554,メイショウアオバ,2006100795,メイショウドトウ,1996110113,遠藤喜和,西野春樹,1.8,2008.0,2006.0,1996.0
2018100771,ソンフィレール,牝,大島静夫,,トーセンジョーダン,2006103169,リバラン,2004103212,アグネスタキオン,1998101516,吉岡時美,ディアレストクラブ,1.8,2006.0,2004.0,1998.0
2018103405,ダノンピッコロ,牝,笹野博司,,ダノンシャーク,2008105554,ダノンビーナス,2010100927,キングカメハメハ,2001103460,酒井孝敏,吉田ファーム,1.6,2008.0,2010.0,2001.0
2018100735,エクシダス,セ,池田忠好,,ドゥラメンテ,2012104511,ヤマノサッシュ,2009106534,ファルブラヴ,1998190004,光安慎一,チャンピオンズファーム,1.6,2012.0,2009.0,1998.0
2018103847,プロイ,牝,菅原勲,,リオンディーズ,2013105915,シーキングフェイム,2007100358,ダンスインザダーク,1993109188,遠山淳,静内白井牧場,1.5,2013.0,2007.0,1993.0
2018102275,オンリーグローリー,セ,藤田正治,,ドゥラメンテ,2012104511,サウスオブスカイ,2005103654,ボストンハーバー,000a00007c,高橋貢,村上欽哉,1.4,2012.0,2005.0,1994.0
2018700003,バルーンヒダカの2018,牡,,,ヴィクトリーヒダカ,2011700008,バルーンヒダカ,2011700003,デザートショット,000a00f777,,井上潔,0.0,2011.0,2011.0,1995.0
2018700002,シーズンファイナルの2018,牝,,,ヴィクトリーヒダカ,2011700008,シーズンファイナル,2009700003,デザートショット,000a00f777,,井上潔,0.0,2011.0,2009.0,1995.0
2018700001,ビケンの2018,牡,,,アマール,2008700002,ビケン,1997700003,グレイスコーサー,1992700001,,片山彰,0.0,2008.0,1997.0,1992.0
2018500003,リツイズミの2018,牡,,,フジナミカイドウ,2001500400,リツイズミ,2013500002,オーシャンキング,1993500843,,宮内庁御料牧場,0.0,2001.0,2013.0,1993.0
2018500002,シュクオトの2018,牡,,,フジナミカイドウ,2001500400,シュクオト,2011502003,オーシャンキング,1993500843,,宮内庁御料牧場,0.0,2001.0,2011.0,1993.0
2018500001,アユオトの2018,牡,,,フジナミカイドウ,2001500400,アユオト,2005502002,オーシャンキング,1993500843,,宮内庁御料牧場,0.0,2001.0,2005.0,1993.0
2018190006,ラッキースワイネス,セ,マン,,Sweynesse,000a01d4af,Madonna Mia,000a01d4ac,Red Clubs,000a015239,Ｍ．チェンＹ．チェンＭ．チェン＆Ｙ．チェン,P L Dombroski Explosive Breeding Ltd & S A Sharrock,0.0,2011.0,2009.0,2003.0
2018190005,ルノマド,セ,グラファ,,Mastercraftsman,000a01249a,Zeva,000a024893,Zamindar,000a011b6e,エキュリ・Ｍ．オッフェンスタッド＆スタンフォードＢ,Al Asayl Bloodstock Ltd,0.0,2006.0,2010.0,1994.0
2018190004,ムゲン,セ,ン,,Deep Field,000a01b9d6,Little Favours,000a01fde3,Falvelon,000a0112da,インフィニテュード・シンジケート,Catalina Pastoral Co Pty Ltd,0.0,2010.0,2009.0,1996.0
2018190003,ヴォイッジバブル,セ,イウ,,Deep Field,000a01b9d6,Raheights,000a01fb6c,Rahy,000a001c5e,サンシャインアンドムーンライト・シンジケート,Torryburn Stud,0.0,2010.0,2002.0,1985.0
2018110150,コスモスペルビア,牡,粕谷昌央,,Pride Of Dubai,000a018f11,Costa Viva,000a018f28,Encosta de Lago,000a0112ca,ビッグレッドファーム,Gilgai Farm,0.0,2012.0,2010.0,1993.0
2018110141,ライラックスマイル,牝,加藤征弘,,ミッキーアイル,2011103916,ライラックローズ,2012104886,Henrythenavigator,000a0116fd,ローレルレーシング,Arrowfield Group Pty Ltd Jungle Pocket Pty Ltd,0.0,2011.0,2012.0,2005.0
2018110130,エアトゥワイス,牝,,,Air Force Blue,000a012ed4,Yuzuru,000a0145da,Medaglia d'Oro,000a010a65,,Sekie Yoshihara & Tsunebumi Yoshihara,0.0,2013.0,2010.0,1999.0
2018110108,ルヴレアムー,牡,,,Speightstown,000a011200,Antonia Autumn,000a014a7a,Bernstein,000a010bae,,Castleton Lyons & Kilboy Estate,0.0,1998.0,2009.0,1997.0
2018110106,マジックフラッシュ,牝,藤沢和雄,,Air Force Blue,000a012ed4,Satin Box,000a014bf6,Manduro,000a0114b8,嶋田賢,Haras Don Alberto,0.0,2013.0,2010.0,2002.0
2018110084,モズティアラ,牝,松下武士,,Honor Code,000a01372e,Myriad,000a014a54,Ghostzapper,000a010525,キャピタル・システム,Alpha Delta Stables LLC,0.0,2011.0,2009.0,2000.0
2018110083,モズレディーモー,牝,音無秀孝,,Uncle Mo,000a011ffb,Czarina,000a014a52,Bernardini,000a0111fe,キャピタル・システム,Rigney Racing LLC,0.0,2008.0,2014.0,2003.0
2018110077,ベルオロール,牝,清水久詞,,Galileo,000a00232b,Turbulent Descent,000a0143e7,Congrats,000a010687,前田幸治,Orpendale/Chelston/Wynatt,0.0,1998.0,2008.0,2000.0
2018110073,プトレマイオス,牡,藤田輝信,,Medaglia d'Oro,000a010a65,Bunairgead,000a014a56,New Approach,000a011656,山口功一郎,Hinkle Farms,0.0,1999.0,2010.0,2005.0
2018110067,コゴメユキ,牝,吉村圭司,,Liam's Map,000a01372b,Toast of Mayfair,000a014a67,Speightstown,000a011200,飯田正剛,Fred W. Hertrich 111 John D. Fielding & Robert L. Tribbett,0.0,2011.0,2012.0,1998.0
2018110066,カナディアンマン,牡,宮田敬介,,Maclean's Music,000a0139af,Love in Tokyo,000a014a43,Tiznow,000a00fa4b,シルクレーシング,Hill N Dale Equine Holdings Inc,0.0,2008.0,2014.0,1997.0
2018110060,Fila Primeraの2018,牡,,,Speightstown,000a011200,Fila Primera,000a014a36,War Front,000a011d00,,R. S. Evans,0.0,1998.0,2012.0,2002.0
2018110057,アスクピーターパン,牡,藤原英昭,,Frankel,000a01239b,ストレイトガール,2009100301,フジキセキ,1992109618,廣崎利洋ＨＤ,Hirosaki Toshihiro HD Co. Ltd,0.0,2008.0,2009.0,1992.0
2018110056,エイシンミライ,牝,,,Belardo,000a0128fd,La Ina,000a011fa2,Monsun,000a010db6,,K. K. Eishindo,0.0,2012.0,2001.0,1990.0
2018110054,レジティメイト,牝,藤原英昭,,Exceed And Excel,000a010a61,Summer Fete,000a014897,Pivotal,000a002328,ゴドルフィン,Godolphin,0.0,2000.0,2006.0,1993.0
2018110053,アーザムローズ,牝,,,Golden Horn,000a012adf,ローズトレイル,000a012800,Kingmambo,000a001d7e,,Godolphin,0.0,2012.0,2007.0,1990.0
2018110041,モカブレンド,牡,,,Havana Gold,000a0148fc,Mocca,000a01491a,Sri Pekan,000a00223f,,Mickley Stud & Lady Lonsdale,0.0,2010.0,2001.0,1992.0
2018110029,ライフイズアゲイム,牡,池上昌和,,Iffraaj,000a0111d1,Beshayer,000a014902,Galileo,000a00232b,ゴドルフィン,Dunchurch Lodge Stud Company,0.0,2001.0,2012.0,1998.0
2018110023,マダムヴァシュモン,牝,松下武士,,Teofilo,000a01139e,ユーブゴットイット,000a01395c,Sea The Stars,000a011c78,ラ・メール,La Mere Co. Ltd,0.0,2004.0,2011.0,2006.0
2018110020,プレシャスゴールド,牝,牧田和弥,,Speightstown,000a011200,プレシャライジング,000a013f6d,Henrythenavigator,000a0116fd,サンデーレーシング,Northern Farm,0.0,1998.0,2010.0,2005.0
2018110019,リーチングの2018,牡,,,Tapit,000a011248,リーチング,000a014419,Dansili,000a010a5f,,Northern Farm,0.0,2001.0,2009.0,1996.0
2018110006,シータリズム,牝,堀宣行,,Lope de Vega,000a012919,シーティス,000a0142da,Invincible Spirit,000a01056d,サンデーレーシング,Ballymacoll Stud Farm Ltd,0.0,2007.0,2013.0,1997.0
2018110005,プペフラッシュの2018,牡,杉山晴紀,,Karakontie,2011103600,プペフラッシュ,000a0142d9,Elusive Quality,000a00231f,社台レースホース,Shadai Corporation Ltd,0.0,2011.0,2009.0,1993.0
2018110003,マッチレスギフト,牝,松永幹夫,,Frankel,000a01239b,Minorette,000a013c95,Smart Strike,000a00211c,社台レースホース,Shadai Farm,0.0,2008.0,2011.0,1992.0
2018109180,サルヴァドールの2018,牝,,,カジノドライヴ,2005110112,サルヴァドール,2001103236,サンデーサイレンス,000a00033a,,ストームファームコーポレーション,0.0,2005.0,2001.0,1986.0
2018109170,サマーキララの2018,牡,,,スクワートルスクワート,000a000da4,サマーキララ,2010100938,ステイゴールド,1994108729,,徳重実幸,0.0,1998.0,2010.0,1994.0
2018109168,テイエムララバイの2018,牝,,,テイエムオペラオー,1996100292,テイエムララバイ,2008104088,ジャングルポケット,1998101786,,テイエム牧場,0.0,1996.0,2008.0,1998.0
2018109165,テイエムハナフブキの2018,牡,,,マツリダゴッホ,2003104570,テイエムハナフブキ,2002104004,フレンチデピュティ,000a00013a,,テイエム牧場,0.0,2003.0,2002.0,1992.0
2018109164,テイエムベニサツマ,牝,平山宏秀,,テイエムオペラオー,1996100292,テイエムクレナイ,2005101541,ティンバーカントリー,000a00035e,竹園正繼,テイエム牧場,0.0,1996.0,2005.0,1992.0
2018109159,カシノレベッカ,牝,,,スクワートルスクワート,000a000da4,シンコペーション,2000106754,フジキセキ,1992109618,,釘田義美,0.0,1998.0,2000.0,1992.0
2018109155,カシノバド,牡,山下定文,,ベーカバド,000a011dc0,ポエティクシーズン,1998101541,サンデーサイレンス,000a00033a,柏木務,柏木務,0.0,2007.0,1998.0,1986.0
2018109154,カシノポールシフト,牝,,,スクワートルスクワート,000a000da4,バレイブランシュ,2009104138,クロフネ,1998110135,,柏木務,0.0,1998.0,2009.0,1998.0
2018109150,アルバトロス,牡,西久保政,,スクワートルスクワート,000a000da4,リリー,2008101111,スキャターザゴールド,000a000d99,小部嘉彦,吉野政敏,0.0,1998.0,2008.0,1997.0
2018109148,ケンシゲツ,牡,羽月友彦,,オールステイ,2011110029,サイタ,2006100575,ネオユニヴァース,2000101426,ヒダカ・ブリーダーズ・ユニオン,吉野政敏,0.0,2011.0,2006.0,2000.0
2018109147,エシャペの2018,牝,,,トビーズコーナー,000a011fed,エシャペ,2005101653,ゼンノエルシド,1997110179,,吉野政敏,0.0,2008.0,2005.0,1997.0
2018109145,キリシマヒチフク,牡,手島勝利,,スクワートルスクワート,000a000da4,ネオカーニバル,2006105743,ネオユニヴァース,2000101426,土屋君春,土屋牧場,0.0,1998.0,2006.0,2000.0
2018109138,カシノエール,牝,田所秀孝,,ラブイズブーシェ,2009101075,ユニティ,2005103314,ワイルドラッシュ,000a0003a1,柏木務,本田土寿,0.0,2009.0,2005.0,1994.0
2018109137,オスベラカシ,牝,北村欣也,,ヴァンセンヌ,2009106525,ミダレガミ,2012104553,サムライハート,2002100996,内田玄祥,本田土寿,0.0,2009.0,2012.0,2002.0
2018109136,オイドンガバッテン,牡,,,グランデッツァ,2009105989,ミスサンバレー,2010103736,チチカステナンゴ,000a011135,,本田土寿,0.0,2009.0,2010.0,1998.0
2018109133,カシノアフィニティ,牡,古賀光範,,ケイムホーム,000a0108d1,デンコウブルー,2006103553,キングカメハメハ,2001103460,柏木務,本田土寿,0.0,1999.0,2006.0,2001.0
2018109131,ブーシェプリンス,牡,村山明,,ラブイズブーシェ,2009101075,コパノチカチャン,2006105934,ワイルドラッシュ,000a0003a1,小林祥晃,本田土寿,0.0,2009.0,2006.0,1994.0
2018109130,パンサン,牝,浅野洋一,,ロードバリオス,2005104227,コチョウサン,2011102006,クロフネ,1998110135,是枝浩平,本田土寿,0.0,2005.0,2011.0,1998.0
2018109121,コウユーダンサー,牡,斉藤崇史,,ダノンゴーゴー,2005110196,フォンティーン,2003102862,エンドスウィープ,000a00010f,加治屋貞光,ストームファームコーポレーション,0.0,2005.0,2003.0,1991.0
2018109116,イガノノニの2018,牝,,,ノボジャック,1997110152,イガノノニ,2011104910,カンパニー,2001103435,,ナリタファームインターアクションホースマンスクール,0.0,1997.0,2011.0,2001.0
2018109108,ワシントンザクラの2018,牝,,,ウインバリアシオン,2008103206,ワシントンザクラ,2002110099,Unbridled's Song,000a002071,,栗山道郎,0.0,2008.0,2002.0,1993.0
2018109103,ネーラペルレの2018,牡,坂口智康,,ネオユニヴァース,2000101426,ネーラペルレ,2011109239,キングカメハメハ,2001103460,グリーンファーム,恵比寿興業株式会社那須野牧場,0.0,2000.0,2011.0,2001.0
2018109099,ゴートゥーヘヴン,牝,牧光二,,ハービンジャー,000a011996,スーパールミナル,2012106132,ゼンノロブロイ,2000101517,天堀忠博,恵比寿興業株式会社那須野牧場,0.0,2006.0,2012.0,2000.0
2018109094,ヴィンセントズー,牡,大竹正博,,ルーラーシップ,2007103143,メイブリーズ,2009106470,クロフネ,1998110135,千明牧場,千明牧場,0.0,2007.0,2009.0,1998.0
2018109093,ビバブランコ,牡,尾関知人,,ケープブランコ,000a011b06,メイフィールド,2007105707,Tiger Hill,1995190004,千明牧場,千明牧場,0.0,2007.0,2007.0,1995.0
2018109092,メイシャインの2018,牡,,,キズナ,2010105827,メイシャイン,2007103217,シンボリクリスエス,1999110099,,千明牧場,0.0,2010.0,2007.0,1999.0
2018109091,コマエノトーコー,牝,嶋田幸晴,,メイショウボーラー,2001100650,ヒダカビジン,2002104833,フジキセキ,1992109618,千田貞四郎,早坂牧場,0.0,2001.0,2002.0,1992.0
2018109088,セントミライ,牡,藤原辰雄,,バゴ,2001190004,ラリエット,2009102571,メイショウボーラー,2001100650,松尾正,松尾豊,0.0,2001.0,2009.0,2001.0
2018109087,フリーソウルの2018,牡,,,クリエイターII,000a013630,フリーソウル,2006103506,カコイーシーズ,1986109001,,松尾豊,0.0,2013.0,2006.0,1986.0
2018109083,ブラックエポナ,牝,,,スピルバーグ,2009105961,タイホウパーリオ,2008109140,キングカメハメハ,2001103460,,ワールドファーム,0.0,2009.0,2008.0,2001.0
2018109082,ブルネロ,牡,,,ウインバリアシオン,2008103206,クーファレイア,2013102026,ワークフォース,000a011a7f,,ユーコー牧場,0.0,2008.0,2013.0,2007.0
2018109074,サウンドハーヴィー,牡,高柳大輔,,サウンドボルケーノ,2008110123,セイザンアゲイン,1998104671,マルゼンスキー,000a0003bd,増田雄一,マルシチ牧場,0.0,2008.0,1998.0,1974.0
2018109071,ポハクラナイ,牝,朝倉実,,ウインバリアシオン,2008103206,フラワーパフューム,2000105327,マーベラスサンデー,1992103687,佐藤良男,町屋勝幸,0.0,2008.0,2000.0,1992.0
2018109066,マグウォルト,牝,桧森邦夫,,スウィフトカレント,2001103189,ケイビイスペンサー,2007106226,チーフベアハート,1993190010,（有）フォレブルー,フォレブルー,0.0,2001.0,2007.0,1993.0
2018109064,ユイノストレート,牡,伊藤強一,,ウインバリアシオン,2008103206,ノースアルテミス,2005101534,タイキシャトル,1994109686,（同）ＪＰＮ技研,野々宮牧場,0.0,2008.0,2005.0,1994.0
2018109059,ジュウモンジの2018,牡,,,リアルインパクト,2008103244,ジュウモンジ,2006102927,ティンバーカントリー,000a00035e,,谷川博勝,0.0,2008.0,2006.0,1992.0
2018109056,ジュカノウェーヴ,牡,,,エスポワールシチー,2005102837,パールレディ,2007109242,クロフネ,1998110135,,青南ムラカミファーム,0.0,2005.0,2007.0,1998.0
2018109055,ハローマリリンの2018,牝,,,ウインバリアシオン,2008103206,ハローマリリン,2005104046,ファルブラヴ,1998190004,,青南ムラカミファーム,0.0,2008.0,2005.0,1998.0
2018109045,ヴァリアントアニマ,牡,矢野英一,,ジャスタウェイ,2009106461,タムロブライト,2006109157,シルバーチャーム,000a00227c,Ｇリビエール・レーシング,諏訪牧場,0.0,2009.0,2006.0,1994.0
2018109043,ターフダンサー,牝,千田輝彦,,ラブリーデイ,2010104298,エジーサンドレ,2012104320,チチカステナンゴ,000a011135,山本又一郎,スプリングファーム,0.0,2010.0,2012.0,1998.0
2018109042,サダコマル,牡,,,ウインバリアシオン,2008103206,プレミールサダコ,2009109045,サニングデール,1999109275,,清水貞信,0.0,2008.0,2009.0,1999.0
2018109040,カラフルホリデー,牝,橘友和,,ウインバリアシオン,2008103206,エムケイミラクル,2001109206,フジキセキ,1992109618,大田恭充,佐々木牧場,0.0,2008.0,2001.0,1992.0
2018109039,ブラックシップの2018,牝,,,ネオユニヴァース,2000101426,ブラックシップ,2006104432,クロフネ,1998110135,,久保ファーム,0.0,2000.0,2006.0,1998.0
2018109037,キタデビット,牡,桜田康二,,デビッドジュニア,000a010ea9,ミサワフラッグ,2001109223,ジェネラス,000a000148,北村守彦,北村牧場,0.0,2002.0,2001.0,1988.0
2018109027,イチバンノヒカリの2018,牝,,,デビッドジュニア,000a010ea9,イチバンノヒカリ,2009109031,サニングデール,1999109275,,大前典男,0.0,2002.0,2009.0,1999.0
2018109022,バジガクプルーヴ,牝,高馬元紘,,シビルウォー,2005102317,キョウエイワンダー,1996102173,サンデーサイレンス,000a00033a,（株）馬事学院,太田ファーム,0.0,2005.0,1996.0,1986.0
2018109021,ラッキーフルーク,牝,奥平雅士,,ウインバリアシオン,2008103206,ドリーミングバード,1999101073,フォーティナイナー,000a000134,サラブレッドクラブ・ラフィアン,今川満良,0.0,2008.0,1999.0,1985.0
2018109019,シンリュウオー,牡,和田雄二,,ウインバリアシオン,2008103206,マリーンジャングル,2010100491,ジャングルポケット,1998101786,村田滋,伊藤牧場,0.0,2008.0,2010.0,1998.0
2018109018,トップライン,牝,本間忍,,ラブリーデイ,2010104298,ペプチドモアー,2001100266,サクラローレル,1991103498,成瀬篤司,伊藤牧場,0.0,2010.0,2001.0,1991.0
2018109017,エンジカラーの2018,牡,,,ウインバリアシオン,2008103206,エンジカラー,2011101369,ファスリエフ,000a00fc4c,,伊藤牧場,0.0,2008.0,2011.0,1997.0
2018109016,オファニエルの2018,牝,,,ウインバリアシオン,2008103206,オファニエル,2007105592,グラスワンダー,1995108676,,一山育成牧場,0.0,2008.0,2007.0,1995.0
2018109012,スペシャルウーマンの2018,牡,,,ストロングリターン,2006102934,スペシャルウーマン,2004101474,スペシャルウィーク,1995103211,,石田英機,0.0,2006.0,2004.0,1995.0
2018109008,トレトレボーラーの2018,牡,,,ウインバリアシオン,2008103206,トレトレボーラー,2011103160,メイショウボーラー,2001100650,,荒谷牧場,0.0,2008.0,2011.0,2001.0
2018109007,セユウレディの2018,牝,,,ウインバリアシオン,2008103206,セユウレディ,2009109277,エスプリシーズ,1999109221,,荒谷牧場,0.0,2008.0,2009.0,1999.0
2018109006,セユウプレゼントの2018,牝,,,ウインバリアシオン,2008103206,セユウプレゼント,2008109074,バゴ,2001190004,,荒谷牧場,0.0,2008.0,2008.0,2001.0
2018109005,セユウハーモニーの2018,牝,,,ウインバリアシオン,2008103206,セユウハーモニー,2011109036,アジュディケーティング,000a000d5d,,荒谷牧場,0.0,2008.0,2011.0,1987.0
2018109004,セユウスーパーの2018,牝,,,ウインバリアシオン,2008103206,セユウスーパー,2003109395,メジロディザイヤー,1994108409,,荒谷牧場,0.0,2008.0,2003.0,1994.0
2018106920,ハーモニーリゲル,牡,川島雅人,,アドマイヤムーン,2003102991,ラマルティーヌ,2011100596,マンハッタンカフェ,1998101554,日下部勝徳,ノースガーデン,0.0,2003.0,2011.0,1998.0
2018106919,ズーム,牡,新谷功一,,ベルシャザール,2008103004,ピジョンオネスト,2013101371,ブライアンズタイム,000a000082,ＷｅｅｄｓＲａｃｉｎｇ,レジェンドファーム,0.0,2008.0,2013.0,1985.0
2018106912,ルピナスアイ,牝,小桧山悟,,ドゥラメンテ,2012104511,グローリールピナス,2006104267,マーベラスサンデー,1992103687,大久保典義,川上牧場,0.0,2012.0,2006.0,1992.0
2018106908,ムネオドルシンバ,牡,小崎憲,,ネオユニヴァース,2000101426,イツノヒカ,2009103750,アドマイヤムーン,2003102991,小田切光,木村牧場,0.0,2000.0,2009.0,2003.0
2018106900,ヴィンテージポート,牝,加用正,,ディスクリートキャット,000a0113a1,トゥニーポート,2007101514,ステイゴールド,1994108729,ターフ・スポート,笹地牧場,0.0,2003.0,2007.0,1994.0
2018106898,ナナミライ,牝,橋本和馬,,ロードアルティマ,2000110026,セーノークイン,2010105092,タップダンスシチー,1997110043,木川陽介,グラストレーニングセンター,0.0,2000.0,2010.0,1997.0
2018106892,サバノカンタ,牡,,,ノヴェリスト,000a012230,コウイッテン,2013103554,エンパイアメーカー,000a010542,,大道牧場,0.0,2009.0,2013.0,2000.0
2018106890,チャーミングセイラ,牝,中野博,,ジャングルポケット,1998101786,チャーミングマオ,2012104198,ハービンジャー,000a011996,三岡有香,鹿戸美明,0.0,1998.0,2012.0,2006.0
2018106888,ハイパーホーネット,牡,角田輝也,,スーパーホーネット,2003101859,サチノラパシオン,2005106106,マヤノトップガン,1992102988,高木慎一,大西雅信,0.0,2003.0,2005.0,1992.0
2018106880,レイナレイナの2018,牝,,,コパノリチャード,2010106552,レイナレイナ,2000104303,タイキシャトル,1994109686,,グラストレーニングセンター,0.0,2010.0,2000.0,1994.0
2018106873,ホットスウェルの2018,牡,,,ルーラーシップ,2007103143,ホットスウェル,2005110076,Fusaichi Pegasus,000a0022cf,,アイオイファーム,0.0,2007.0,2005.0,1997.0
2018106872,シバノハーイデーグ,牡,大山寿文,,ハービンジャー,000a011996,ハートランドコマチ,2006106870,グラスワンダー,1995108676,柴一男,アイオイファーム,0.0,2006.0,2006.0,1995.0
2018106870,シバノトサミズキ,牝,加藤和宏,,ハーツクライ,2001103038,クレバースプリント,2007106749,サクラバクシンオー,1989108341,柴一男,アイオイファーム,0.0,2001.0,2007.0,1989.0
2018106866,イムジンガン,牡,西橋豊治,,メイショウボーラー,2001100650,キュートアゲン,2000110128,Rahy,000a001c5e,岡田隆寛,大作ステーブル,0.0,2001.0,2000.0,1985.0
2018106851,スペリオーレの2018,牡,,,バゴ,2001190004,スペリオーレ,1997104834,ロイヤルアカデミーII,000a000d87,,佐々木康治,0.0,2001.0,1997.0,1987.0
2018106848,コネクテッド,牡,武井亮,,ディープブリランテ,2009105084,トーセンレジェンド,2003107141,エルコンドルパサー,1995108742,池袋レーシング,ダイヤモンドファーム,0.0,2009.0,2003.0,1995.0
2018106830,コレクトエンジェル,牝,秋田大助,,ベルシャザール,2008103004,ビーユアエンジェル,2009106602,シニスターミニスター,000a011099,谷正之,ヤスナカファーム,0.0,2008.0,2009.0,2003.0
2018106822,ケイカイ,牡,千田輝彦,,リオンディーズ,2013105915,レインボーマリーン,2006103251,サクラバクシンオー,1989108341,朽名誠,鹿戸和幸,0.0,2013.0,2006.0,1989.0
2018106812,ポウリナズラヴの2018,牡,,,ディープインパクト,2002100816,ポウリナズラヴ,000a013880,Mizzen Mast,000a0109d3,,パカパカファーム,0.0,2002.0,2012.0,1998.0
2018106807,ベルウッドアカラ,牡,小野次郎,,ジャングルポケット,1998101786,ツーソックス,2005105450,ファルブラヴ,1998190004,鈴木照雄,パカパカファーム,0.0,1998.0,2005.0,1998.0
2018106801,シセイシシザ,牡,宗像義忠,,ジャングルポケット,1998101786,シセイカグヤ,2006106132,ネオユニヴァース,2000101426,猪苗代勇,パカパカファーム,0.0,1998.0,2006.0,2000.0
2018106800,クエストフォーラヴ,牝,野中賢二,,キズナ,2010105827,クエストフォーワンダー,000a013909,マクフィ,000a011c77,広尾レース,パカパカファーム,0.0,2010.0,2012.0,2007.0
2018106786,ムルチコーレ,牡,,,マクフィ,000a011c77,ハクシンライラック,2012106428,マーベラスサンデー,1992103687,,川上牧場,0.0,2007.0,2012.0,1992.0
2018106772,ギャラリストの2018,牝,,,ベルシャザール,2008103004,ギャラリスト,2012104529,ハービンジャー,000a011996,,川上牧場,0.0,2008.0,2012.0,2006.0
2018106770,エーシンレベルハイの2018,牝,,,ネオユニヴァース,2000101426,エーシンレベルハイ,2006110043,Holy Bull,000a000180,,川上牧場,0.0,2000.0,2006.0,1991.0
2018106765,サンタル,牡,小桧山悟,,エスケンデレヤ,000a012cc0,イルバチオ,1997104609,ロイヤルアカデミーII,000a000d87,柴原榮,川上牧場,0.0,2007.0,1997.0,1987.0
2018106762,アロングザシーの2018,牝,,,ダイワメジャー,2001103114,アロングザシー,000a010e7c,Anees,000a010dc1,,社台ファーム,0.0,2001.0,2003.0,1997.0
2018106742,トカチレッド,牝,中川雅之,,シビルウォー,2005102317,リプカ,2012104469,ハービンジャー,000a011996,飛彈嘉久,中川郁夫,0.0,2005.0,2012.0,2006.0
2018106734,レイデエルドラド,牡,長谷川忍,,トーセンラー,2008102985,ニシノリアン,2010100830,ハーツクライ,2001103038,井田荘一郎,能登浩,0.0,2008.0,2010.0,2001.0
2018106733,インカインリー,牝,,,マジェスティックウォリアー,000a011e9c,シーキングオアシス,2005110041,Seeking the Gold,000a001bea,,能登浩,0.0,2005.0,2005.0,1985.0
2018106726,マヤノフウカの2018,牡,,,メイショウボーラー,2001100650,マヤノフウカ,1998105216,トニービン,1983109006,,熊沢牧場,0.0,2001.0,1998.0,1983.0
2018106724,トルテュドメール,牝,小国博行,,トゥザグローリー,2007103265,アーバンベルノ,1992100253,カコイーシーズ,1986109001,谷口祐人,熊沢牧場,0.0,2007.0,1992.0,1986.0
2018106710,メイショウニケ,牝,,,ディープブリランテ,2009105084,メイショウフロリナ,2007101564,クロフネ,1998110135,,中脇一幸,0.0,2009.0,2007.0,1998.0
2018106705,ツリーの2018,牡,,,メイショウサムソン,2003102205,ツリー,2001101575,ゴールデンフェザント,1986109108,,中脇一幸,0.0,2003.0,2001.0,1986.0
2018106702,グランデステラ,牝,坂口智康,,シニスターミニスター,000a011099,ポルタマリーナ,2007101169,ストラヴィンスキー,000a00fa41,ムーティエＲ,富田恭司,0.0,2003.0,2007.0,1996.0
2018106694,ベアスター,牝,鈴木義久,,トゥザグローリー,2007103265,サクラダモン,2004103979,ボストンハーバー,000a00007c,熊木浩,高村伸一,0.0,2007.0,2004.0,1994.0
2018106687,マイハマシップ,牡,,,ロードアルティマ,2000110026,マイハマアムール,2007105976,マンハッタンカフェ,1998101554,,清水誠一,0.0,2000.0,2007.0,1998.0
2018106681,ミラグロス,牝,青木孝文,,ラブリーデイ,2010104298,ドリームキセキ,2001105200,フジキセキ,1992109618,江川伸夫,清水スタッド,0.0,2010.0,2001.0,1992.0
2018106679,エッジザフォレスト,牡,宮川浩一,,ホッコータルマエ,2009100921,セイントローズバド,2011102976,タイキシャトル,1994109686,西森功,清水スタッド,0.0,2009.0,2011.0,1994.0
2018106666,ホワイトアイ,牝,田中一巧,,モーリス,2011100655,バブルファンタジー,2002100613,スペシャルウィーク,1995103211,窪田康志,猿倉牧場,0.0,2011.0,2002.0,1995.0
2018106660,クリノソワカ,牡,森田直行,,ハーツクライ,2001103038,フラムドール,2007102819,フレンチデピュティ,000a00013a,栗本博晴,様似渡辺牧場,0.0,2001.0,2007.0,1992.0
2018106648,エイシンホリデイの2018,牡,飯田雄三,,ダンカーク,000a012185,エイシンホリデイ,2002107159,エイシンサンディ,1993103280,サラブレッドクラブ・ラフィアン,様似共栄牧場,0.0,2006.0,2002.0,1993.0
2018106645,キタノシラオキ,牝,本間忍,,トゥザグローリー,2007103265,グレースローラ,2012102097,アサクサデンエン,1999110191,北所直人,小田牧場,0.0,2007.0,2012.0,1999.0
2018106637,モンガイフシュツ,牡,佐藤吉勝,,フリオーソ,2004106867,ニューステップ,2009102759,アドマイヤムーン,2003102991,江川伸夫,山田昇史,0.0,2004.0,2009.0,2003.0
2018106623,レディバードガール,牝,水野善太,,トーセンラー,2008102985,アイアイサクラ,2001104708,ペンタイア,1992190007,遠藤喜和,モトスファーム,0.0,2008.0,2001.0,1992.0
2018106620,メイショウバベル,牡,荒川義之,,メイショウボーラー,2001100650,メイショウヒメユリ,2009100793,ハーツクライ,2001103038,松本好雄,本巣敦,0.0,2001.0,2009.0,2001.0
2018106619,メイショウジビュスの2018,牡,,,タイキシャトル,1994109686,メイショウジビュス,2009100505,フジキセキ,1992109618,,本巣敦,0.0,1994.0,2009.0,1992.0
2018106617,シェムリアップの2018,牡,,,ダノンレジェンド,2010110102,シェムリアップ,2006105523,ネオユニヴァース,2000101426,,本巣敦,0.0,2010.0,2006.0,2000.0
2018106594,デュランタ,セ,的場均,,ディスクリートキャット,000a0113a1,エキナシア,2008102467,スニッツェル,000a010eaa,ミルファーム,ミルファーム,0.0,2003.0,2008.0,2002.0
2018106593,ヤジュウロウ,牡,,,マジェスティックウォリアー,000a011e9c,ヴァップ,2009100845,ストーミングホーム,1998190003,,ミルファーム,0.0,2005.0,2009.0,1998.0
2018106591,サンライズスカイ,牡,田中克典,,カジノドライヴ,2005110112,ラブリーアリュール,2009106554,ゴールドアリュール,1999106689,松岡隆雄,ミリオンファーム,0.0,2005.0,2009.0,1999.0
2018106589,クレバースランチェの2018,牡,,,ラブリーデイ,2010104298,クレバースランチェ,2010110079,Duke of Marmalade,000a011773,,ミリオンファーム,0.0,2010.0,2010.0,2004.0
2018106572,シャルマンウーマンの2018,牝,,,トゥザグローリー,2007103265,シャルマンウーマン,2011106116,サクラバクシンオー,1989108341,,宮内牧場,0.0,2007.0,2011.0,1989.0
2018106566,ダンツテリオス,牡,谷潔,,モーリス,2011100655,アヴェクトワ,2011103579,チチカステナンゴ,000a011135,山元哲二,宮内牧場,0.0,2011.0,2011.0,1998.0
2018106558,メイショウルイーズの2018,牡,,,ジャスタウェイ,2009106461,メイショウルイーズ,2003102285,アフリート,000a000013,,三嶋牧場,0.0,2009.0,2003.0,1984.0
2018106548,メイショウノビヤカ,牝,角田晃一,,マジェスティックウォリアー,000a011e9c,メイショウクローバ,2011106081,メイショウサムソン,2003102205,松本好雄,三嶋牧場,0.0,2005.0,2011.0,2003.0
2018106544,メイショウダフト,牝,石橋守,,リオンディーズ,2013105915,メイショウアリア,000a0123e1,Hurricane Run,000a01189d,松本好隆,三嶋牧場,0.0,2013.0,2008.0,2002.0
2018106542,ミンティエアーの2018,牡,,,ロードカナロア,2008103552,ミンティエアー,2004102984,アグネスタキオン,1998101516,,三嶋牧場,0.0,2008.0,2004.0,1998.0
2018106540,マーテル,牝,武幸四郎,,ドゥラメンテ,2012104511,マルヴァーンスプリング,000a0116f4,Silver Deputy,000a001fa3,広尾レース,三嶋牧場,0.0,2012.0,2006.0,1985.0
2018106537,ポールポジションIIの2018,牡,,,ヴィクトワールピサ,2007102923,ポールポジションII,000a0116c0,Pivotal,000a002328,,三嶋牧場,0.0,2007.0,2006.0,1993.0
2018106536,プリンセスブルーの2018,牡,,,エイシンヒカリ,2011101273,プリンセスブルー,2007101794,Pulpit,000a002133,,三嶋牧場,0.0,2011.0,2007.0,1994.0
2018106535,ビリオネアの2018,牡,,,リーチザクラウン,2006102923,ビリオネア,2010102894,タニノギムレット,1999100226,,三嶋牧場,0.0,2006.0,2010.0,1999.0
2018106533,マルカトップガン,牡,松永昌博,,ダンカーク,000a012185,パーソナルブレーン,2006102301,マンハッタンカフェ,1998101554,日下部猛,三嶋牧場,0.0,2006.0,2006.0,1998.0
2018106528,ナナイロボタンの2018,牡,,,カジノドライヴ,2005110112,ナナイロボタン,2012104055,ネオユニヴァース,2000101426,,三嶋牧場,0.0,2005.0,2012.0,2000.0
2018106527,サムライブレード,牡,伊藤大士,,ダンカーク,000a012185,トーホウシャイン,2003106291,スペシャルウィーク,1995103211,玉腰勇吉,三嶋牧場,0.0,2006.0,2003.0,1995.0
2018106521,ラフィニールト,牝,,,メイショウボーラー,2001100650,タマノベレッツァ,2012105595,ワイルドラッシュ,000a0003a1,,三嶋牧場,0.0,2001.0,2012.0,1994.0
2018106516,メイショウコチカゼ,牝,橋本忠明,,オルフェーヴル,2008102636,スクービドゥー,000a011535,Johan Cruyff,000a0114c3,松本好雄,三嶋牧場,0.0,2008.0,2004.0,1994.0
2018106514,ルージュジェイム,牝,小島茂之,,Fastnet Rock,000a010601,ジェイム,000a013d32,Amadeus Wolf,000a013c7d,東京ホースレーシング,三嶋牧場,0.0,2001.0,2011.0,2003.0
2018106498,シャドーウィップの2018,牝,,,チェリークラウン,2004102428,シャドーウィップ,2000101480,ダンスインザダーク,1993109188,,三枝牧場,0.0,2004.0,2000.0,1993.0
2018106487,ワンダフルスイートの2018,牡,,,トゥザグローリー,2007103265,ワンダフルスイート,2005106433,ボストンハーバー,000a00007c,,丸幸小林牧場,0.0,2007.0,2005.0,1994.0
2018106477,カツノエイトゥ,牡,伊藤伸一,,バトルプラン,000a0118e8,シンメイゲイルス,2006105494,ダンスインザダーク,1993109188,勝野産業,北光牧場,0.0,2005.0,2006.0,1993.0
2018106476,ギブミーアチャンスの2018,牝,,,ジョーカプチーノ,2006100529,ギブミーアチャンス,2003103549,エルコンドルパサー,1995108742,,福田牧場,0.0,2006.0,2003.0,1995.0
2018106463,メイショウキトリの2018,牝,,,ドゥラメンテ,2012104511,メイショウキトリ,2004102205,マリエンバード,000a00fa36,,日の出牧場,0.0,2012.0,2004.0,1997.0
2018106456,メイショウサチヒメ,牝,松永昌博,,エピファネイア,2010104155,マイヴィヴィアン,1997102385,ダンシングブレーヴ,000a0000cc,松本好雄,林孝輝,0.0,2010.0,1997.0,1983.0
2018106444,コロナガールの2018,牝,,,ベルシャザール,2008103004,コロナガール,2005101288,コロナドズクエスト,000a0000b5,,信岡牧場,0.0,2008.0,2005.0,1995.0
2018106438,バクシンスクリーンの2018,牝,,,バゴ,2001190004,バクシンスクリーン,2007104616,サクラバクシンオー,1989108341,,日本中央競馬会日高育成牧場,0.0,2001.0,2007.0,1989.0
2018106437,ディープショコラの2018,牝,,,エスケンデレヤ,000a012cc0,ディープショコラ,2012102065,ディープスカイ,2005101358,,日本中央競馬会日高育成牧場,0.0,2007.0,2012.0,2005.0
2018106430,ドーニングスカイ,牝,杉浦宏昭,,ディープスカイ,2005101358,メイショウホノボノ,2010105030,メイショウサムソン,2003102205,日進牧場,日進牧場,0.0,2005.0,2010.0,2003.0
2018106420,ブライエニー,牝,橋本和馬,,シニスターミニスター,000a011099,キングスベリー,2004102172,キングヘイロー,1995104427,日進牧場,日進牧場,0.0,2003.0,2004.0,1995.0
2018106419,ブルージルコン,牝,杉浦宏昭,,ドゥラメンテ,2012104511,カトルズリップス,2008102915,マンハッタンカフェ,1998101554,山岸桂市,日進牧場,0.0,2012.0,2008.0,1998.0
2018106416,ジェニーパキラ,牝,古賀史生,,ハービンジャー,000a011996,ジェニーソング,2001102788,Rahy,000a001c5e,西森功,日優牧場,0.0,2006.0,2001.0,1985.0
2018106414,プラジオライト,牡,武藤善則,,キングヘイロー,1995104427,ステラアクトレス,2001104220,オペラハウス,000a000d77,田頭勇貴,南部功,0.0,1995.0,2001.0,1988.0
2018106413,クルスラ,牡,蛯名利弘,,リアルインパクト,2008103244,フローズンムーン,2010100639,アドマイヤムーン,2003102991,畑佐博,中脇満,0.0,2008.0,2010.0,2003.0
2018106398,ベストシェア,牝,,,メイショウボーラー,2001100650,クロンドローリエ,2007101671,フジキセキ,1992109618,,富菜牧場,0.0,2001.0,2007.0,1992.0
2018106394,ルージュミステール,牝,加藤征弘,,カジノドライヴ,2005110112,レッドシェリール,2011104077,ゼンノロブロイ,2000101517,東京ホースレーシング,富田牧場,0.0,2005.0,2011.0,2000.0
2018106382,ノースランドウィン,牡,高橋祥泰,,キズナ,2010105827,スイートレーヌ,2008109023,ブライアンズタイム,000a000082,河村祥史,富田牧場,0.0,2010.0,2008.0,1985.0
2018106378,サーリセルカの2018,牝,,,ジャスタウェイ,2009106461,サーリセルカ,2005102176,ウォーエンブレム,000a00fa35,,富田牧場,0.0,2009.0,2005.0,1999.0
2018106374,イーゴサンライズ,牝,伊藤強一,,New Bay,000a012bc0,クアンナム,000a013e38,Invincible Spirit,000a01056d,永谷友一郎,富田牧場,0.0,2012.0,2010.0,1997.0
2018106373,スカイラブ,牝,寺島良,,ドゥラメンテ,2012104511,オーシャンルミナス,2004106736,フレンチデピュティ,000a00013a,石川達絵,富田牧場,0.0,2012.0,2004.0,1992.0
2018106367,メロウメロディの2018,牡,,,ホッコータルマエ,2009100921,メロウメロディ,2008105461,キャプテンスティーヴ,000a000d9d,,辻牧場,0.0,2009.0,2008.0,1997.0
2018106361,スターライトピンク,牝,藤原辰雄,,バゴ,2001190004,ピンクベリーニ,2011105902,フジキセキ,1992109618,吉澤ホールディングス,辻牧場,0.0,2001.0,2011.0,1992.0
2018106360,ヒラボクフラッシュ,牡,手塚貴久,,エスケンデレヤ,000a012cc0,ヒラボクロマンス,2010103020,アグネスデジタル,1997110025,平田牧場,辻牧場,0.0,2007.0,2010.0,1997.0
2018106359,ヒラボクジュエル,牝,寺島良,,ルーラーシップ,2007103143,ヒラボクキャロル,2004102048,ダンスインザダーク,1993109188,平田牧場,辻牧場,0.0,2007.0,2004.0,1993.0
2018106346,スリーコーズウェイ,牡,柄崎孝,,スズカコーズウェイ,2004104345,スリーカーニバル,2010102675,マンハッタンカフェ,1998101554,永井商事,辻牧場,0.0,2004.0,2010.0,1998.0
2018106339,レッドザグロス,セ,庄野靖志,,ハーツクライ,2001103038,サンドグロース,000a012e29,Mr. Greeley,000a00213e,東京ホースレーシング,辻牧場,0.0,2001.0,2010.0,1992.0
2018106332,スズカガーベラ,牡,大橋勇樹,,エピファネイア,2010104155,カカリア,2011102954,ヨハネスブルグ,000a0103b9,永井啓弍,辻牧場,0.0,2010.0,2011.0,1999.0
2018106323,アンブラッセモワの2018,牝,,,ドゥラメンテ,2012104511,アンブラッセモワ,2013110032,Zoffany,000a012701,,辻牧場,0.0,2012.0,2013.0,2008.0
2018106321,アルボナンザの2018,牝,,,エイシンヒカリ,2011101273,アルボナンザ,2010104958,キングカメハメハ,2001103460,,辻牧場,0.0,2011.0,2010.0,2001.0
2018106312,ビッグデオンディ,牡,菊沢隆徳,,リアルインパクト,2008103244,アクアシャンデリア,2008110001,Galileo,000a00232b,宮崎俊也,辻牧場,0.0,2008.0,2008.0,1998.0
2018106308,ダンシングイレーネの2018,牝,,,ダンカーク,000a012185,ダンシングイレーネ,2010105117,ネオユニヴァース,2000101426,,地興牧場,0.0,2006.0,2010.0,2000.0
2018106307,シズリングホット,牝,高橋康之,,ホッコータルマエ,2009100921,ミッシェルズナイト,2013109023,ネオユニヴァース,2000101426,鈴木康弘,チェスナットファーム,0.0,2009.0,2013.0,2000.0
2018106304,グレイスキッパー,牝,杉山晴紀,,カレンブラックヒル,2009106230,スモーキークォーツ,2004102209,ヘクタープロテクター,000a000d6b,ローレルレーシング,チェスナットファーム,0.0,2009.0,2004.0,1988.0
2018106293,シンティーの2018,牡,,,ディスクリートキャット,000a0113a1,シンティー,000a010ade,サンデーサイレンス,000a00033a,,大道牧場,0.0,2003.0,2000.0,1986.0
2018106292,ショウダウンの2018,牡,,,ペルーサ,2007102705,ショウダウン,000a0114b3,Darshaan,000a0019b1,,大道牧場,0.0,2007.0,1999.0,1981.0
2018106279,ラウレリン,牝,森沢友貴,,トーセンラー,2008102985,レムミラス,2011105837,キングヘイロー,1995104427,鳥居公子,谷川牧場,0.0,2008.0,2011.0,1995.0
2018106274,マーシヴァーチュ,牡,小桧山悟,,スウェプトオーヴァーボード,000a00fa34,リトルリスキー,2009110018,Authorized,000a01139f,佐藤勝士,谷川牧場,0.0,1997.0,2009.0,2004.0
2018106266,ブラックアンディ,牡,西村真幸,,マジェスティックウォリアー,000a011e9c,ボーントゥブーギー,000a0117c0,Tobougg,000a00fea3,佐藤範夫,谷川牧場,0.0,2005.0,2005.0,1998.0
2018106260,ハーツキーの2018,牡,,,タートルボウル,000a012045,ハーツキー,2012104540,ハーツクライ,2001103038,,谷川牧場,0.0,2002.0,2012.0,2001.0
2018106252,シェナアイル,牝,,,アイルハヴアナザー,000a011ed3,デューフォール,000a01388b,Medaglia d'Oro,000a010a65,,谷川牧場,0.0,2009.0,2013.0,1999.0
2018106239,ココアサンシロー,牡,藤田正治,,グランプリボス,2008103388,カツヴィーナス,2014102729,タートルボウル,000a012045,木村良明,谷川牧場,0.0,2008.0,2014.0,2002.0
2018106229,ガキョウマンジ,牡,相沢郁,,ディスクリートキャット,000a0113a1,ジルニーナ,2004102031,オジジアン,000a00025e,高瀬真尚,田中スタッド,0.0,2003.0,2004.0,1983.0
2018106227,モズサムライ,牡,中尾秀正,,グランプリボス,2008103388,モズソフィ,2011100970,マンハッタンカフェ,1998101554,キャピタル・システム,多田善弘,0.0,2008.0,2011.0,1998.0
2018106218,スズノアリー,牝,深山雅史,,プリサイスエンド,000a00fe9b,プライムウィッシュ,2006105923,シンボリクリスエス,1999110099,小紫嘉之,高村牧場,0.0,1997.0,2006.0,1999.0
2018106216,フェールクークーの2018,牡,,,プリサイスエンド,000a00fe9b,フェールクークー,2005106340,アラムシャー,000a00fdab,,高村牧場,0.0,1997.0,2005.0,2000.0
2018106205,メイショウフレアイ,牝,田中淳司,,ダンカーク,000a012185,メイショウランタナ,2008101550,フジキセキ,1992109618,松本好雄,太陽牧場,0.0,2006.0,2008.0,1992.0
2018106204,メイショウシラハエ,牡,藤沢則雄,,ディープスカイ,2005101358,メイショウベルシア,2011105810,タニノギムレット,1999100226,松本好雄,太陽牧場,0.0,2005.0,2011.0,1999.0
2018106202,メイショウピレネーの2018,牡,,,ディープスカイ,2005101358,メイショウピレネー,2006102060,タイキシャトル,1994109686,,太陽牧場,0.0,2005.0,2006.0,1994.0
2018106198,メイショウテンシン,牝,和田勇介,,アイルハヴアナザー,000a011ed3,フラワーガイア,2007101563,ゼンノロブロイ,2000101517,松本好雄,太陽牧場,0.0,2009.0,2007.0,2000.0
2018106197,メイショウテイダー,牡,有馬澄男,,ゴールドシップ,2009102739,グレインライン,2005102410,タイキシャトル,1994109686,松本好雄,太陽牧場,0.0,2009.0,2005.0,1994.0
2018106192,カズノローマン,牡,小笠倫弘,,リアルインパクト,2008103244,キクノアルバ,2007101557,サウスヴィグラス,1996110138,鈴木可一,惣田英幸,0.0,2008.0,2007.0,1996.0
2018106191,メモリーアトミック,牡,,,マツリダゴッホ,2003104570,メモリーフェミナ,2008101539,キャプテンスティーヴ,000a000d9d,,成隆牧場,0.0,2003.0,2008.0,1997.0
2018106186,カシマポポ,牝,加藤士津,,フェノーメノ,2009106599,カシマトレジャー,1999102817,ブライアンズタイム,000a000082,松浦一久,信成牧場,0.0,2009.0,1999.0,1985.0
2018106176,クリーンプリンセスの2018,牝,,,メイショウサムソン,2003102205,クリーンプリンセス,2009103819,ジャングルポケット,1998101786,,笹地牧場,0.0,2003.0,2009.0,1998.0
2018106173,エフエムスター,牝,,,ダノンレジェンド,2010110102,セキサンジョオウ,2001100372,サクラバクシンオー,1989108341,,笹島政信,0.0,2010.0,2001.0,1989.0
2018106170,タイガーユニバース,牡,藤ヶ崎一,,マジェスティックウォリアー,000a011e9c,ルールザユニバース,2012104709,ネオユニヴァース,2000101426,豊原純弥,笹島智則,0.0,2005.0,2012.0,2000.0
2018106161,レイナノワール,牝,金田一昌,,ロードアルティマ,2000110026,ロマンロード,2011105758,マイネルラヴ,1995108558,太田珠々子,榊原敏明,0.0,2000.0,2011.0,1995.0
2018106139,モジダスクルーゼス,牡,吉田直弘,,トゥザグローリー,2007103265,ハトゥンルナ,000a01239f,デインヒル,000a0000d1,二口雅一,小葉松幸雄,0.0,2007.0,2003.0,1986.0
2018106135,シェアザジョイフルの2018,牡,,,クレスコグランド,2008103013,シェアザジョイフル,2012106275,ブラックタイド,2001103312,,グランデファーム,0.0,2008.0,2012.0,2001.0
2018106131,ワンダーカガヤキ,牝,,,ワンダーアキュート,2006106794,ワンダーキラット,2014101446,バゴ,2001190004,,グラストレーニングセンター,0.0,2006.0,2014.0,2001.0
2018106130,テーオーメシア,牡,長谷川忍,,ベーカバド,000a011dc0,アンティール,2009105776,ネオユニヴァース,2000101426,大橋利幸,グラストレーニングセンター,0.0,2007.0,2009.0,2000.0
2018106124,ハンマーモンスター,牡,真島元徳,,シビルウォー,2005102317,ピコピコハンマー,2009106820,アグネスタキオン,1998101516,副島義久,木村牧場,0.0,2005.0,2009.0,1998.0
2018106123,パラミータ,牡,,,メイショウサムソン,2003102205,トゥルーピース,2010106335,アドマイヤムーン,2003102991,,木村牧場,0.0,2003.0,2010.0,2003.0
2018106113,ルージュシャルマン,牝,鹿戸雄一,,カジノドライヴ,2005110112,レッドセイリング,2010104204,ゼンノロブロイ,2000101517,東京ホースレーシング,杵臼牧場,0.0,2005.0,2010.0,2000.0
2018106111,ソルトレイト,牡,坂口義幸,,ハーツクライ,2001103038,リリークラウン,2005100621,フレンチデピュティ,000a00013a,谷謙介,杵臼牧場,0.0,2001.0,2005.0,1992.0
2018106098,ナリタモードの2018,牝,,,リーチザクラウン,2006102923,ナリタモード,2011105586,ナリタセンチュリー,1999107049,,杵臼牧場,0.0,2006.0,2011.0,1999.0
2018106088,ラミア,牝,森秀行,,オルフェーヴル,2008102636,シャペロンルージュ,2004101886,サクラバクシンオー,1989108341,野嶋祥二,杵臼牧場,0.0,2008.0,2004.0,1989.0
2018106080,オーミレジェンド,牡,藤沢則雄,,ダノンレジェンド,2010110102,エスペランサナナ,2011105704,フジキセキ,1992109618,岩崎僖澄,杵臼牧場,0.0,2010.0,2011.0,1992.0
2018106076,アリデッドの2018,牡,岡田稲男,,ルーラーシップ,2007103143,アリデッド,2006102809,ダンスインザダーク,1993109188,友駿ホースクラブ,杵臼牧場,0.0,2007.0,2006.0,1993.0
2018106075,インテンス,牡,吉田直弘,,ディスクリートキャット,000a0113a1,ルアス,2008100755,タイキシャトル,1994109686,西森功,杵臼斉藤牧場,0.0,2003.0,2008.0,1994.0
2018106073,ムーンアルファルド,牡,手島勝利,,アドマイヤムーン,2003102991,アルファルド,2001103369,エルコンドルパサー,1995108742,江頭數義,杵臼斉藤牧場,0.0,2003.0,2001.0,1995.0
2018106069,モワルー,牡,伊藤大士,,ディープブリランテ,2009105084,タガノレベッカ,2011105001,サクラバクシンオー,1989108341,畑佐博,木戸口牧場,0.0,2009.0,2011.0,1989.0
2018106068,サンマルファニー,牝,井樋明正,,トーセンジョーダン,2006103169,ステファニーチャン,1996100341,アーミジャー,000a000d72,田井信之,木戸口牧場,0.0,2006.0,1996.0,1990.0
2018106057,セイクウ,牡,,,スーパーホーネット,2003101859,シンワシュシュ,2011106295,ファスリエフ,000a00fc4c,,ガーベラパークスタッド,0.0,2003.0,2011.0,1997.0
2018106053,イトザクラ,牝,小手川準,,ディスクリートキャット,000a0113a1,ハンナリト,2007101397,ネオユニヴァース,2000101426,村上卓史,川越ファーム,0.0,2003.0,2007.0,2000.0
2018106041,グレアリングスター,牡,,,ドゥラメンテ,2012104511,スターペスミツコ,2002102806,カーネギー,000a000093,,鎌田正嗣,0.0,2012.0,2002.0,1991.0
2018106040,オーゴンカガヤキの2018,牝,,,リオンディーズ,2013105915,オーゴンカガヤキ,2012101023,デュランダル,1999106756,,鎌田正嗣,0.0,2013.0,2012.0,1999.0
2018106036,シーウィズラン,牝,土田稔,,グランプリボス,2008103388,マルターズブリーズ,2000104171,サンダーガルチ,000a00035c,坂田行夫,金石牧場,0.0,2008.0,2000.0,1992.0
2018106033,マイティーブロウ,牝,,,アンライバルド,2006103308,コスモミール,2003101260,ヘクタープロテクター,000a000d6b,,金石牧場,0.0,2006.0,2003.0,1988.0
2018106029,セイントフォース,牝,根本康広,,メイショウボーラー,2001100650,プラチナループ,2006103633,マーベラスサンデー,1992103687,ＩＨＲ,カナイシスタッド,0.0,2001.0,2006.0,1992.0
2018106028,マシマシナッチャン,牝,飯田雄三,,リヤンドファミユ,2010104396,ブラックビスケット,2009102546,ケイムホーム,000a0108d1,三宅勝俊,カナイシスタッド,0.0,2010.0,2009.0,1999.0
2018106025,セイシュンアミーゴ,牡,松下武士,,リヤンドファミユ,2010104396,デンタルハイジーン,2010102167,プリサイスエンド,000a00fe9b,三宅勝俊,カナイシスタッド,0.0,2010.0,2010.0,1997.0
2018106014,ジャングルオー,牡,西橋豊治,,ジャングルポケット,1998101786,カタズオノンデ,2001100183,サンデーウェル,1992107451,田畑富子,小倉牧場,0.0,1998.0,2001.0,1992.0
2018106012,マルブツブリッツ,牡,杉浦宏昭,,エイシンフラッシュ,2007102951,ノウゼンハレン,2012105155,ブライアンズタイム,000a000082,大澤利久,岡本牧場,0.0,2007.0,2012.0,1985.0
2018106011,マロンベルの2018,牡,,,ハービンジャー,000a011996,マロンベル,2012104424,ハーツクライ,2001103038,,岡本昌市,0.0,2006.0,2012.0,2001.0
2018106008,ディアデムエルトス,牡,鋤田誠二,,トーセンジョーダン,2006103169,ダノンステラ,2009106478,ダイワメジャー,2001103114,内藤正生,岡本昌市,0.0,2006.0,2009.0,2001.0
2018105988,ブラックチェイサー,牡,高岩孝敏,,グランプリボス,2008103388,モントレーストリート,000a011e07,Candy Ride,000a01132a,吉田稔,栄進牧場,0.0,2008.0,2006.0,1999.0
2018105981,ベラプラティナの2018,牡,,,エイシンヒカリ,2011101273,ベラプラティナ,000a0120f8,プラティニ,1989109107,,栄進牧場,0.0,2011.0,2004.0,1989.0
2018105964,クレールジョリ,牝,水野貴広,,ダノンシャンティ,2007105709,カベルネフラン,2009105626,アサクサデンエン,1999110191,ディアレストクラブ,栄進牧場,0.0,2007.0,2009.0,1999.0
2018105950,アシャカマハロ,牡,鈴木伸尋,,ヘニーヒューズ,000a011155,エーシンスパイシー,2010104652,クロフネ,1998110135,吉冨学,栄進牧場,0.0,2003.0,2010.0,1998.0
2018105946,エイシンシーギリヤ,牝,高橋康之,,エイシンヒカリ,2011101273,エーシンサンファン,2008104012,ステイゴールド,1994108729,栄進堂,栄進牧場,0.0,2011.0,2008.0,1994.0
2018105937,エイシンヴィーガ,牝,,,エイシンヒカリ,2011101273,エーシンヴァーゴウ,2007101300,ファルブラヴ,1998190004,,栄進牧場,0.0,2011.0,2007.0,1998.0
2018105933,エイシンミストラル,牝,渡瀬寛彰,,モンテロッソ,000a011b05,エルヴィエント,2008103032,ワイルドラッシュ,000a0003a1,平井克彦,栄進牧場,0.0,2007.0,2008.0,1994.0
2018105931,エイシンルーシーの2018,牡,,,エイシンヒカリ,2011101273,エイシンルーシー,2014103285,クロフネ,1998110135,,栄進牧場,0.0,2011.0,2014.0,1998.0
2018105926,フェスティヴニッパ,牡,田島俊明,,フェノーメノ,2009106599,エイシンミレレ,2013103753,キングカメハメハ,2001103460,臼井義太郎,栄進牧場,0.0,2009.0,2013.0,2001.0
2018105924,エイシンギザ,牡,渡瀬寛彰,,トーセンラー,2008102985,エイシンポラリス,2011110047,Unbridled's Song,000a002071,平井克彦,栄進牧場,0.0,2008.0,2011.0,1993.0
2018105912,キタノエルヴィン,牡,高橋裕,,ダノンシャンティ,2007105709,エイシンダイヤ,2012110013,Galileo,000a00232b,北所直人,栄進牧場,0.0,2007.0,2012.0,1998.0
2018105906,エイシンビルト,牡,中尾秀正,,エイシンヒカリ,2011101273,エイシンコアー,2011101377,エイシンデピュティ,2002102706,栄進堂,栄進牧場,0.0,2011.0,2011.0,2002.0
2018105905,エイシンキルデアの2018,牡,,,エイシンフラッシュ,2007102951,エイシンキルデア,000a013889,Kitten's Joy,000a0119b3,,栄進牧場,0.0,2007.0,2013.0,2001.0
2018105897,ジョディアリエル,牝,,,ドゥラメンテ,2012104511,エイシンアリエル,2012102269,サクラバクシンオー,1989108341,,栄進牧場,0.0,2012.0,2012.0,1989.0
2018105896,エイシンイルーミン,牝,,,エイシンヒカリ,2011101273,エイシンアクロン,2012102534,サウスヴィグラス,1996110138,,栄進牧場,0.0,2011.0,2012.0,1996.0
2018105894,エイシンシスターズ,牝,,,ディープインパクト,2002100816,アクトアウト,000a0136f7,Storm Cat,000a001a98,,栄進牧場,0.0,2002.0,2005.0,1983.0
2018105892,メイショウミーシャ,牝,坂口智康,,クリエイターII,000a013630,メイショウサバト,2007101270,マーベラスサンデー,1992103687,松本好隆,浦河日成牧場,0.0,2013.0,2007.0,1992.0
2018105888,エスティアダラ,牝,,,ハーツクライ,2001103038,ティーエスベリー,2013110118,New Approach,000a011656,,浦河日成牧場,0.0,2001.0,2013.0,2005.0
2018105886,エスティパトラ,牝,,,ザサンデーフサイチ,2004102855,グランドパトラ,2013103244,キングカメハメハ,2001103460,,浦河日成牧場,0.0,2004.0,2013.0,2001.0
2018105872,ミキノホウセキバコ,牝,平山真希,,ミキノバンジョー,2007100811,ミキノクレシェンド,2006106576,ブラックタキシード,1996107315,谷口久和,浦河育成牧場,0.0,2007.0,2006.0,1996.0
2018105869,エラディケイター,牡,田中剛,,アドマイヤムーン,2003102991,ケイアイミサイル,2003104541,スペシャルウィーク,1995103211,加藤誠,浦河育成牧場,0.0,2003.0,2003.0,1995.0
2018105861,チャチャフィ,牡,,,メイショウボーラー,2001100650,マハーシュリー,2011101380,ゼンノロブロイ,2000101517,,一珍棒牧場,0.0,2001.0,2011.0,2000.0
2018105856,ウォーターブランカ,牝,岡田稲男,,ゴールドシップ,2009102739,ウォーターポラリス,1997110232,El Prado,000a001fb5,山岡正人,畔高牧場,0.0,2009.0,1997.0,1989.0
2018105855,ウォータートリガー,牡,石橋守,,ネオユニヴァース,2000101426,ウォータートスカ,2004101667,オペラハウス,000a000d77,山岡正人,畔高牧場,0.0,2000.0,2004.0,1988.0
2018105854,ウォーターウィンクの2018,牡,,,ウォーターリーグ,1998110199,ウォーターウィンク,2006102380,スペシャルウィーク,1995103211,,畔高牧場,0.0,1998.0,2006.0,1995.0
2018105845,レジーナピアノ,牝,保利良平,,ルーラーシップ,2007103143,ノースファンタジー,2012105601,アドマイヤムーン,2003102991,永山勝敏,赤田牧場,0.0,2007.0,2012.0,2003.0
2018105840,クィーンベロニカ,牝,新谷功一,,メイショウボーラー,2001100650,エメラルドタワー,2010103307,アドマイヤマックス,1999107004,岡本真二,赤田牧場,0.0,2001.0,2010.0,1999.0
2018105839,マシュマロの2018,牡,,,ラブリーデイ,2010104298,マシュマロ,2009106172,クロフネ,1998110135,,ノーザンファーム,0.0,2010.0,2009.0,1998.0
2018105837,レッドアスラン,牡,鹿戸雄一,,スピルバーグ,2009105961,レッドエルザ,2010110011,Smart Strike,000a00211c,東京ホースレーシング,レイクヴィラファーム,0.0,2009.0,2010.0,1992.0
2018105835,シュンイ,牝,本間忍,,ロードカナロア,2008103552,メジロルルド,2002100396,サンデーサイレンス,000a00033a,ライオンレースホース,レイクヴィラファーム,0.0,2008.0,2002.0,1986.0
2018105834,メジロミドウの2018,牡,,,ヘニーヒューズ,000a011155,メジロミドウ,2008102519,ステイゴールド,1994108729,,レイクヴィラファーム,0.0,2003.0,2008.0,1994.0
2018105829,オハギ,牝,尾関知人,,モーリス,2011100655,メジロツボネ,2008102538,スウェプトオーヴァーボード,000a00fa34,岩崎伸道,レイクヴィラファーム,0.0,2011.0,2008.0,1997.0
2018105827,バトルナユタ,牝,板垣吉則,,ダイワメジャー,2001103114,メジロジェニファー,2007102572,ホワイトマズル,1990109700,宮川秋信,レイクヴィラファーム,0.0,2001.0,2007.0,1990.0
2018105826,ハイコンテクスト,牡,武井亮,,エピファネイア,2010104155,メジロシャレード,2006102673,マンハッタンカフェ,1998101554,フィールドレーシング,レイクヴィラファーム,0.0,2010.0,2006.0,1998.0
2018105825,ペチュニア,牝,,,キズナ,2010105827,メジロカトリーヌ,2007102588,メジロライアン,1987105368,,レイクヴィラファーム,0.0,2010.0,2007.0,1987.0
2018105823,マチカネセキガハラの2018,牡,,,エイシンフラッシュ,2007102951,マチカネセキガハラ,2006106114,フジキセキ,1992109618,,レイクヴィラファーム,0.0,2007.0,2006.0,1992.0
2018105821,シホノコプント,牝,寺島良,,エピファネイア,2010104155,プントバンコ,2008100285,フジキセキ,1992109618,村瀬寛紀,レイクヴィラファーム,0.0,2010.0,2008.0,1992.0
2018105818,レジリエンススター,牝,武井亮,,ドゥラメンテ,2012104511,ピンクリップス,2001103459,エンドスウィープ,000a00010f,フィールドレーシング,レイクヴィラファーム,0.0,2012.0,2001.0,1991.0
2018105816,パシフィックベルの2018,牡,,,ドリームジャーニー,2004102753,パシフィックベル,1999106887,アフリート,000a000013,,レイクヴィラファーム,0.0,2004.0,1999.0,1984.0
2018105813,ムーンフラワー,牝,奥村武,,モーリス,2011100655,ツボミ,2013105205,スペシャルウィーク,1995103211,石川達絵,レイクヴィラファーム,0.0,2011.0,2013.0,1995.0
2018105811,ピーエムキナコ,牝,和田正一,,リアルインパクト,2008103244,ストールンハート,000a0117bb,Stuka,000a01025b,松山毅,レイクヴィラファーム,0.0,2008.0,2005.0,1990.0
2018105806,ヴァナディースの2018,牝,池上昌和,,エピファネイア,2010104155,ヴァナディース,2008103330,ロックオブジブラルタル,000a00fd4c,シルクレーシング,レイクヴィラファーム,0.0,2010.0,2008.0,1999.0
2018105793,ナックバイロン,牡,杉浦宏昭,,ダンカーク,000a012185,チャームアップ,2006105986,シルバーチャーム,000a00227c,小松欣也,ヤマイチ牧場,0.0,2006.0,2006.0,1994.0
2018105788,フェスタラビータ,牡,松浦裕之,,ベルシャザール,2008103004,カルストンツバサ,2002103347,オジジアン,000a00025e,松浦正春,ヤマイチ牧場,0.0,2008.0,2002.0,1983.0
2018105784,プレシャスフラワーの2018,牡,,,ダノンレジェンド,2010110102,プレシャスフラワー,2001105204,サンデーサイレンス,000a00033a,,橋本牧場,0.0,2010.0,2001.0,1986.0
2018105779,ドンシーゲル,牡,柄崎孝,,スマートファルコン,2005100097,ジェノア,2009103856,ストラヴィンスキー,000a00fa41,村田滋,橋本牧場,0.0,2005.0,2009.0,1996.0
2018105755,ダンシングマオの2018,牡,,,ベルシャザール,2008103004,ダンシングマオ,2007102734,ゴールドアリュール,1999106689,,登別上水牧場,0.0,2008.0,2007.0,1999.0
2018105751,セブンインパクト,牡,金田一昌,,リアルインパクト,2008103244,ファニーママ,2006102546,ロサード,1996107429,前迫義幸,習志野牧場,0.0,2008.0,2006.0,1996.0
2018105749,エフティエトワール,牝,粕谷昌央,,エイシンフラッシュ,2007102951,エフティベス,2012104559,ハービンジャー,000a011996,吉野英子,習志野牧場,0.0,2007.0,2012.0,2006.0
2018105746,トーアキャンディス,牝,村山明,,ヨハネスブルグ,000a0103b9,メイプルキャンディ,2010110086,Candy Ride,000a01132a,高山ランド,トーア牧場,0.0,1999.0,2010.0,1999.0
2018105745,トーアゴーリキ,牡,,,メイショウサムソン,2003102205,ピンクファンタジー,2008103791,アグネスタキオン,1998101516,,トーア牧場,0.0,2003.0,2008.0,1998.0
2018105744,トーアジェーン,牝,,,ジャングルポケット,1998101786,トーアビバリーヒル,2002100325,ダンスインザダーク,1993109188,,トーア牧場,0.0,1998.0,2002.0,1993.0
2018105730,リズミカルステップの2018,牝,,,サクラオールイン,2003104900,リズミカルステップ,2007100555,キングヘイロー,1995104427,,ゼットステーブル,0.0,2003.0,2007.0,1995.0
2018105724,ショウナンカモーン,牝,稲垣幸雄,,ルーラーシップ,2007103143,レッドメアラス,2012103841,ステイゴールド,1994108729,国本哲秀,青藍牧場,0.0,2007.0,2012.0,1994.0
2018105723,ソルトダンケ,牝,木原一良,,ハービンジャー,000a011996,ヒカルリクエスト,2004102761,アグネスタキオン,1998101516,杉浦敏夫,青藍牧場,0.0,2006.0,2004.0,1998.0
2018105720,コトブキポラリス,牝,金成貴史,,クロフネ,1998110135,セイランクイーン,1999106548,メジロマックイーン,1987107235,尾上松壽,青藍牧場,0.0,1998.0,1999.0,1987.0
2018105719,エーティーロゼッタの2018,牝,,,マクフィ,000a011c77,エーティーロゼッタ,2012103843,ディープスカイ,2005101358,,青藍牧場,0.0,2007.0,2012.0,2005.0
2018105709,レッドグレイシャー,牡,古賀慎明,,ハーツクライ,2001103038,ドライヴンスノー,000a012f78,Storm Cat,000a001a98,東京ホースレーシング,社台牧場,0.0,2001.0,2006.0,1983.0
2018105707,クイーンズアドヴァイスの2018,牡,,,ディープインパクト,2002100816,クイーンズアドヴァイス,000a013799,Orpen,000a002326,,社台牧場,0.0,2002.0,2010.0,1996.0
2018105697,キタノスピネット,牝,蛯名利弘,,アドマイヤムーン,2003102991,マヤノアンズ,2005100027,フレンチデピュティ,000a00013a,北所直人,桑原牧場,0.0,2003.0,2005.0,1992.0
2018105696,アドミラシオン,牡,,,フリオーソ,2004106867,プリンシパルハニー,2011103663,ゴールドアリュール,1999106689,,桑原牧場,0.0,2004.0,2011.0,1999.0
2018105692,トーセンルカ,牝,高野毅,,トーセンラー,2008102985,ロッソトウショウ,2005100661,マーベラスサンデー,1992103687,島川隆哉,エスティファーム,0.0,2008.0,2005.0,1992.0
2018105688,トーセンジーン,牝,,,トーセンファントム,2007102870,ペンネドゥピー,000a012db2,Tiger Hill,1995190004,,エスティファーム,0.0,2007.0,2008.0,1995.0
2018105687,ペナンクライの2018,牡,,,フェノーメノ,2009106599,ペナンクライ,000a012dc0,Barathea,000a000054,,エスティファーム,0.0,2009.0,2005.0,1990.0
2018105686,ベラルーチェの2018,牝,,,トーセンブライト,2001103660,ベラルーチェ,2014105790,クロフネ,1998110135,,エスティファーム,0.0,2001.0,2014.0,1998.0
2018105685,トーセンロバート,牡,深山雅史,,トーセンジョーダン,2006103169,ファストカラー,2008103284,フジキセキ,1992109618,島川隆哉,エスティファーム,0.0,2006.0,2008.0,1992.0
2018105677,トーセンモアムードの2018,牡,,,トーセンロレンス,2009106085,トーセンモアムード,2007103369,Mineshaft,000a010545,,エスティファーム,0.0,2009.0,2007.0,1999.0
2018105668,トーセンオルフェ,牡,小久保智,,バトルプラン,000a0118e8,トーセンビレッタ,2005100179,スウェプトオーヴァーボード,000a00fa34,島川隆哉,エスティファーム,0.0,2005.0,2005.0,1997.0
2018105665,トーセンレスリー,牡,松永康利,,トーセンジョーダン,2006103169,トーセンハピネス,2002104353,サンデーサイレンス,000a00033a,島川隆哉,エスティファーム,0.0,2006.0,2002.0,1986.0
2018105658,トーセンレオナルド,牡,上原博之,,トーセンファントム,2007102870,トーセンジョウオー,2001101225,ティンバーカントリー,000a00035e,島川隆哉,エスティファーム,0.0,2007.0,2001.0,1992.0
2018105657,トーセンジェシカ,牝,橋本和馬,,トーセンジョーダン,2006103169,トーセンシャイニー,2012104518,ネオユニヴァース,2000101426,島川隆哉,エスティファーム,0.0,2006.0,2012.0,2000.0
2018105656,イエロースマイル,牝,村田順一,,トーセンジョーダン,2006103169,トーセンキャッスル,2007103376,フレンチデピュティ,000a00013a,吉武章,エスティファーム,0.0,2006.0,2007.0,1992.0
2018105642,トーセンブルース,牡,鈴木勝文,,トーセンジョーダン,2006103169,セシルブルース,2003102896,エルコンドルパサー,1995108742,石井啓之,エスティファーム,0.0,2006.0,2003.0,1995.0
2018105634,トーセンジゼル,牝,古賀史生,,トーセンジョーダン,2006103169,ガールズトーク,2008102745,ステイゴールド,1994108729,島川隆哉,エスティファーム,0.0,2006.0,2008.0,1994.0
2018105631,カグラグレイスの2018,牝,,,トーセンロレンス,2009106085,カグラグレイス,2013100457,エンパイアメーカー,000a010542,,エスティファーム,0.0,2009.0,2013.0,2000.0
2018105630,トーセンエリーゼ,牝,高野毅,,トーセンファントム,2007102870,エリーゼパレス,000a0116c9,キングズベスト,000a0022d2,島川隆哉,エスティファーム,0.0,2007.0,2005.0,1997.0
2018105626,トーセンレイズ,牡,,,トーセンジョーダン,2006103169,エターナルレイズ,2006102949,シンボリクリスエス,1999110099,,エスティファーム,0.0,2006.0,2006.0,1999.0
2018105623,トーセンカトリーヌ,牝,小桧山悟,,ノヴェリスト,000a012230,アドマイヤキャロル,2007103249,スペシャルウィーク,1995103211,島川隆哉,エスティファーム,0.0,2009.0,2007.0,1995.0
2018105618,マクシマールの2018,牝,,,モーリス,2011100655,マクシマール,2003102660,アグネスタキオン,1998101516,,上水牧場,0.0,2011.0,2003.0,1998.0
2018105602,メイショウスズカケ,牝,本田優,,キズナ,2010105827,アスクレピアス,2002105072,ヘクタープロテクター,000a000d6b,松本好雄,上水牧場,0.0,2010.0,2002.0,1988.0
2018105582,コマノルヴァン,牝,庄野靖志,,エピファネイア,2010104155,コマノリリー,2011102370,キングカメハメハ,2001103460,長谷川芳信,新井牧場,0.0,2010.0,2011.0,2001.0
2018105580,ハッチ,牝,加用正,,スウェプトオーヴァーボード,000a00fa34,ミラクルメジャー,2010103451,フジキセキ,1992109618,阿部榮乃進,阿部栄乃進,0.0,1997.0,2010.0,1992.0
2018105574,レディシャツィの2018,牡,,,ドゥラメンテ,2012104511,レディシャツィ,000a012042,Privately Held,000a011ff9,,社台コーポレーション白老ファーム,0.0,2012.0,2005.0,1994.0
2018105557,デュエラー,牡,高橋康之,,スピルバーグ,2009105961,ミセススノー,000a0117c7,シングスピール,1992190005,会田浩史,社台コーポレーション白老ファーム,0.0,2009.0,2003.0,1992.0
2018105550,ブライドピーク,牝,池江泰寿,,キングカメハメハ,2001103460,フーラブライド,2009105546,ゴールドアリュール,1999106689,Ｇ１レーシング,社台コーポレーション白老ファーム,0.0,2001.0,2009.0,1999.0
2018105549,タイセイレジェーロ,牡,佐藤雅彦,,ロードカナロア,2008103552,フォレストレイン,000a010b3e,Caerleon,000a0016eb,太田浩彦,社台コーポレーション白老ファーム,0.0,2008.0,1997.0,1980.0
2018105538,バブリームードの2018,牡,,,キンシャサノキセキ,2003110212,バブリームード,2007104838,クロフネ,1998110135,,社台コーポレーション白老ファーム,0.0,2003.0,2007.0,1998.0
2018105537,テイケイラハイナ,牝,荒川義之,,スクリーンヒーロー,2004103328,バウンシーチューン,2008103051,ステイゴールド,1994108729,兼松忠男,社台コーポレーション白老ファーム,0.0,2004.0,2008.0,1994.0
2018105536,サクロモンテ,牡,池江泰寿,,ロードカナロア,2008103552,バイラオーラ,2006102828,トワイニング,000a000006,キャロットファーム,社台コーポレーション白老ファーム,0.0,2008.0,2006.0,1991.0
2018105532,ドルチェリモーネの2018,牡,,,ノヴェリスト,000a012230,ドルチェリモーネ,2001103289,サンデーサイレンス,000a00033a,,社台コーポレーション白老ファーム,0.0,2009.0,2001.0,1986.0
2018105531,ジェネレイトヒート,牝,藤原英昭,,ディープインパクト,2002100816,トータルヒート,2011110003,Street Cry,000a0103ba,Ｇ１レーシング,社台コーポレーション白老ファーム,0.0,2002.0,2011.0,1998.0
2018105526,ダイナミズムの2018,牝,,,ミッキーアイル,2011103916,ダイナミズム,2007103044,Rahy,000a001c5e,,社台コーポレーション白老ファーム,0.0,2011.0,2007.0,1985.0
2018105510,ウェブスター,牡,高柳瑞樹,,オルフェーヴル,2008102636,シルクユニバーサル,2001102213,ブライアンズタイム,000a000082,シルクレーシング,社台コーポレーション白老ファーム,0.0,2008.0,2001.0,1985.0
2018105507,ザハッピエストの2018,牡,,,ハービンジャー,000a011996,ザハッピエスト,2012104026,ディープインパクト,2002100816,,社台コーポレーション白老ファーム,0.0,2006.0,2012.0,2002.0
2018105496,クリームオンリーの2018,牝,,,ディープインパクト,2002100816,クリームオンリー,000a011567,Exchange Rate,000a011433,,社台コーポレーション白老ファーム,0.0,2002.0,2004.0,1997.0
2018105494,グレナディエ,牝,武市康男,,マジェスティックウォリアー,000a011e9c,クイーンマグノリア,2012104157,ゴールドアリュール,1999106689,社台レースホース,社台コーポレーション白老ファーム,0.0,2005.0,2012.0,1999.0
2018105492,アルパインリンクス,牡,奥村武,,ルーラーシップ,2007103143,キャットコイン,2012104074,ステイゴールド,1994108729,サンデーレーシング,社台コーポレーション白老ファーム,0.0,2007.0,2012.0,1994.0
2018105482,ビートザオッズ,牝,松永幹夫,,ロードカナロア,2008103552,ヴェルジョワーズ,2011103650,ネオユニヴァース,2000101426,吉田晴哉,社台コーポレーション白老ファーム,0.0,2008.0,2011.0,2000.0
2018105480,ヴェイグストーリーの2018,牡,,,カジノドライヴ,2005110112,ヴェイグストーリー,2009105726,ゴールドアリュール,1999106689,,社台コーポレーション白老ファーム,0.0,2005.0,2009.0,1999.0
2018105475,ウルランテ,牡,菊沢隆徳,,ドゥラメンテ,2012104511,ウミラージ,000a0117c6,Monsun,000a010db6,サンデーレーシング,社台コーポレーション白老ファーム,0.0,2012.0,2005.0,1990.0
2018105472,ヴィレンスクラフト,牝,池添学,,ダイワメジャー,2001103114,ウィルパワー,2007103269,キングカメハメハ,2001103460,サンデーレーシング,社台コーポレーション白老ファーム,0.0,2001.0,2007.0,2001.0
2018105464,エレガンスルブラ,牝,相沢郁,,キングカメハメハ,2001103460,アイスフォーリス,2009106558,ステイゴールド,1994108729,サンデーレーシング,社台コーポレーション白老ファーム,0.0,2001.0,2009.0,1994.0
2018105455,ハイパーアクセラ,牝,深山雅史,,モーリス,2011100655,リュートフルシティ,2005102084,ウォーエンブレム,000a00fa35,前田清二,追分ファーム,0.0,2011.0,2005.0,1999.0
2018105453,ランデックギブリの2018,牝,,,フェノーメノ,2009106599,ランデックギブリ,2012104528,シンボリクリスエス,1999110099,,追分ファーム,0.0,2009.0,2012.0,1999.0
2018105446,ラシャンスダムール,牝,石坂正,,ドゥラメンテ,2012104511,メダリアダムール,000a011de7,Medaglia d'Oro,000a010a65,Ｇ１レーシング,追分ファーム,0.0,2012.0,2006.0,1999.0
2018105439,シャルウィダンス,牝,池上昌和,,ハーツクライ,2001103038,ベルロワイヤル,000a012140,Val Royal,000a0120e9,シミズレーシング,追分ファーム,0.0,2001.0,2008.0,1996.0
2018105427,ディラローシェの2018,牝,戸田博文,,ハーツクライ,2001103038,ディラローシェ,000a00fe54,デインヒル,000a0000d1,Ｇ１レーシング,追分ファーム,0.0,2001.0,1999.0,1986.0
2018105426,グラシアディヴィナ,牝,国枝栄,,ディープインパクト,2002100816,ディヴィナプレシオーサ,000a01294e,Crocker Road,000a0127e2,Ｇ１レーシング,追分ファーム,0.0,2002.0,2010.0,2001.0
2018105413,コーディリアの2018,牝,,,ヘニーヒューズ,000a011155,コーディリア,2009106585,シンボリクリスエス,1999110099,,追分ファーム,0.0,2003.0,2009.0,1999.0
2018105400,アンラウフェン,牡,高橋康之,,ルーラーシップ,2007103143,アルメーリヒ,2007102677,ネオユニヴァース,2000101426,Ｇ１レーシング,追分ファーム,0.0,2007.0,2007.0,2000.0
2018105396,アイワナスマイル,牝,戸田博文,,ハーツクライ,2001103038,ワナダンス,000a012279,The Leopard,000a012241,ＤＭＭドリームクラブ,ノーザンファーム,0.0,2001.0,2010.0,2005.0
2018105395,ワイルドラズベリーの2018,牝,,,モーリス,2011100655,ワイルドラズベリー,2007103255,ファルブラヴ,1998190004,,ノーザンファーム,0.0,2011.0,2007.0,1998.0
2018105384,メラニー,牝,菊沢隆徳,,ディープインパクト,2002100816,ロベルタ,2008103143,ブライアンズタイム,000a000082,近藤英子,ノーザンファーム,0.0,2002.0,2008.0,1985.0
2018105381,ロイバルト,牡,手塚貴久,,スクリーンヒーロー,2004103328,ロスヴァイセ,2011103783,シンボリクリスエス,1999110099,キャロットファーム,ノーザンファーム,0.0,2004.0,2011.0,1999.0
2018105361,レツィーナの2018,牝,,,ジャスタウェイ,2009106461,レツィーナ,2004105815,キャプテンスティーヴ,000a000d9d,,ノーザンファーム,0.0,2009.0,2004.0,1997.0
2018105356,アディラータメンテ,牡,藤原英昭,,ドゥラメンテ,2012104511,ルモスティ,000a013914,Fastnet Rock,000a010601,窪田芳郎,ノーザンファーム,0.0,2012.0,2011.0,2001.0
2018105353,ユーロポップ,牝,高橋康之,,キンシャサノキセキ,2003110212,ルミナスグルーヴ,2009106212,アグネスタキオン,1998101516,Ｇ１レーシング,ノーザンファーム,0.0,2003.0,2009.0,1998.0
2018105320,ラスティングソングの2018,牡,,,モーリス,2011100655,ラスティングソング,2007103282,フジキセキ,1992109618,,ノーザンファーム,0.0,2011.0,2007.0,1992.0
2018105318,ヴァージンマリー,牝,,,リオンディーズ,2013105915,ラキシス,2010104304,ディープインパクト,2002100816,,ノーザンファーム,0.0,2013.0,2010.0,2002.0
2018105309,グーフル,牡,武幸四郎,,ロードカナロア,2008103552,ユキノジゼル,2014105877,ディープインパクト,2002100816,桑田牧場,ノーザンファーム,0.0,2008.0,2014.0,2002.0
2018105302,モアザンセイクリッドの2018,牝,,,ハーツクライ,2001103038,モアザンセイクリッド,000a01295d,More Than Ready,000a00fcdd,,ノーザンファーム,0.0,2001.0,2009.0,1997.0
2018105292,ケオナ,牡,藤田正治,,バンデ,2010110049,ミライエ,2010104019,ディープインパクト,2002100816,（株）ファーストビジ,ノーザンファーム,0.0,2010.0,2010.0,2002.0
2018105254,アイリッシュベル,牝,茶木太樹,,オルフェーヴル,2008102636,ベルアリュールII,000a011a9d,Numerous,000a002191,シルクレーシング,ノーザンファーム,0.0,2008.0,2005.0,1991.0
2018105252,ベッラレイアの2018,牡,,,ミッキーアイル,2011103916,ベッラレイア,2004103040,ナリタトップロード,1996102442,,ノーザンファーム,0.0,2011.0,2004.0,1996.0
2018105246,プレスクアイルの2018,牡,斉藤崇史,,ハービンジャー,000a011996,プレスクアイル,2012104502,ゼンノロブロイ,2000101517,サンデーレーシング,ノーザンファーム,0.0,2006.0,2012.0,2000.0
2018105240,ブッシュフェルト,牡,庄野靖志,,スクリーンヒーロー,2004103328,プラチナブロンド,2011104092,ジャングルポケット,1998101786,キャロットファーム,ノーザンファーム,0.0,2004.0,2011.0,1998.0
2018105222,アイソスピン,牝,大久保龍,,ロードカナロア,2008103552,フェルミオン,2006103313,アグネスタキオン,1998101516,キャロットファーム,ノーザンファーム,0.0,2008.0,2006.0,1998.0
2018105221,ピンクサンドビーチ,牝,稲垣幸雄,,スクリーンヒーロー,2004103328,フェイトカラー,2011103781,サクラバクシンオー,1989108341,サンデーレーシング,ノーザンファーム,0.0,2004.0,2011.0,1989.0
2018105209,ピューリティーの2018,牡,池上昌和,,オルフェーヴル,2008102636,ピューリティー,000a0111c9,パントレセレブル,000a000271,,ノーザンファーム,0.0,2008.0,2003.0,1994.0
2018105203,ピカケレイの2018,牡,和田雄二,,ジャスタウェイ,2009106461,ピカケレイ,2014105883,ディープブリランテ,2009105084,サンデーレーシング,ノーザンファーム,0.0,2009.0,2014.0,2009.0
2018105200,ビニャデルマールの2018,牝,,,モーリス,2011100655,ビニャデルマール,2013106074,ディープインパクト,2002100816,,ノーザンファーム,0.0,2011.0,2013.0,2002.0
2018105196,リエヴェメンテ,牝,萩原清,,ドゥラメンテ,2012104511,ヒルダズパッション,000a011de2,Canadian Frontier,000a011290,キャロットファーム,ノーザンファーム,0.0,2012.0,2007.0,1999.0
2018105189,パーフェクトマッチの2018,牡,清水久詞,,ルーラーシップ,2007103143,パーフェクトマッチ,2002100962,サンデーサイレンス,000a00033a,シルクレーシング,ノーザンファーム,0.0,2007.0,2002.0,1986.0
2018105186,パンデイアの2018,牡,,,エピファネイア,2010104155,パンデイア,2012104875,ディープインパクト,2002100816,,ノーザンファーム,0.0,2010.0,2012.0,2002.0
2018105182,リーフラグーン,牝,田中博康,,ドゥラメンテ,2012104511,パシフィックギャル,2011103737,ゼンノロブロイ,2000101517,サンデーレーシング,ノーザンファーム,0.0,2012.0,2011.0,2000.0
2018105180,バラーシュ,牡,萩原清,,キングカメハメハ,2001103460,バランセラ,000a011522,Acatenango,000a001f0b,シルクレーシング,ノーザンファーム,0.0,2001.0,2001.0,1982.0
2018105176,セブンハピネス,牡,友道康夫,,ロードカナロア,2008103552,ハピネスダンサー,2011103837,メイショウサムソン,2003102205,前迫義幸,ノーザンファーム,0.0,2008.0,2011.0,2003.0
2018105175,ハッピートップラン,牝,手塚貴久,,アジアエクスプレス,2011110091,ハッピーラン,2004102869,フレンチデピュティ,000a00013a,馬場幸夫,ノーザンファーム,0.0,2011.0,2004.0,1992.0
2018105173,ハッピーミラクル,牝,手塚貴久,,モーリス,2011100655,ハッピーテレサ,2011103752,フジキセキ,1992109618,馬場幸夫,ノーザンファーム,0.0,2011.0,2011.0,1992.0
2018105172,ハイドバウンドの2018,牡,,,ブラックタイド,2001103312,ハイドバウンド,000a011cdb,Grand Slam,000a0022b9,,ノーザンファーム,0.0,2001.0,2007.0,1995.0
2018105156,デグラーティアの2018,牡,,,ロードカナロア,2008103552,デグラーティア,2006109086,フジキセキ,1992109618,,ノーザンファーム,0.0,2008.0,2006.0,1992.0
2018105153,アジアンブレット,牡,,,アジアエクスプレス,2011110091,ディマクコンダ,2004103033,バチアー,000a00004b,,ノーザンファーム,0.0,2011.0,2004.0,1997.0
2018105149,ラヴドワンズ,牝,宮田敬介,,リオンディーズ,2013105915,ディアマイベイビー,2010104069,ディープインパクト,2002100816,キャロットファーム,ノーザンファーム,0.0,2013.0,2010.0,2002.0
2018105148,フェットデメール,牝,武井亮,,エピファネイア,2010104155,ディアデラマドレ,2010104211,キングカメハメハ,2001103460,キャロットファーム,ノーザンファーム,0.0,2010.0,2010.0,2001.0
2018105142,ヒシエレノア,牝,堀宣行,,ドゥラメンテ,2012104511,テディーズプロミス,000a012f0a,Salt Lake,000a001f5a,阿部雅英,ノーザンファーム,0.0,2012.0,2008.0,1989.0
2018105139,ヴィアレッジョ,牡,尾関知人,,ハーツクライ,2001103038,ティッカーテープ,000a011de4,Royal Applause,000a010615,吉田勝己,ノーザンファーム,0.0,2001.0,2001.0,1993.0
2018105126,タンザニアブラック,牝,,,モーリス,2011100655,タンザナイト,2000101554,サンデーサイレンス,000a00033a,,ノーザンファーム,0.0,2011.0,2000.0,1986.0
2018105125,ヴィダロマンティカ,牝,,,リアルインパクト,2008103244,タッチミーベイブ,000a0125f0,E Dubai,000a010a94,,ノーザンファーム,0.0,2008.0,2006.0,1998.0
2018105124,アンセラン,牝,松永幹夫,,ドゥラメンテ,2012104511,タイタンクイーン,000a012321,Tiznow,000a00fa4b,シルクレーシング,ノーザンファーム,0.0,2012.0,2005.0,1997.0
2018105119,メジャーグルーヴ,牝,上原博之,,ダイワメジャー,2001103114,ソニックグルーヴ,2003102814,フレンチデピュティ,000a00013a,Ｇ１レーシング,ノーザンファーム,0.0,2001.0,2003.0,1992.0
2018105113,フィービー,牝,松下武士,,ディープインパクト,2002100816,セットスクエア,000a013915,Reset,000a011657,吉田和美,ノーザンファーム,0.0,2002.0,2011.0,2000.0
2018105111,トレジャーアイル,牡,宮田敬介,,ミッキーアイル,2011103916,スーヴェニアギフト,000a010ac6,Souvenir Copy,000a00fc4e,サンデーレーシング,ノーザンファーム,0.0,2011.0,2002.0,1995.0
2018105107,スペシャルグルーヴの2018,牡,,,ロードカナロア,2008103552,スペシャルグルーヴ,2007103232,スペシャルウィーク,1995103211,,ノーザンファーム,0.0,2008.0,2007.0,1995.0
2018105104,スパークフューチャ,牡,小島茂之,,ハービンジャー,000a011996,スパークオンアイス,2009106059,シンボリクリスエス,1999110099,西見徹也,ノーザンファーム,0.0,2006.0,2009.0,1999.0
2018105100,セルディアーナ,牝,渡辺薫彦,,ハーツクライ,2001103038,ストゥデンテッサ,000a011aba,High Yield,000a00fd81,シルクレーシング,ノーザンファーム,0.0,2001.0,2007.0,1997.0
2018105098,ファンキーボーイ,牡,宮田敬介,,マクフィ,000a011c77,スターシンフォニー,2010104094,アグネスタキオン,1998101516,スリーエイチレーシング,ノーザンファーム,0.0,2007.0,2010.0,1998.0
2018105091,ディーコンセンテス,牝,高野友和,,ディープインパクト,2002100816,スウィートリーズン,000a012f08,ストリートセンス,000a0113a2,サンデーレーシング,ノーザンファーム,0.0,2002.0,2011.0,2004.0
2018105077,タイガーオーキッド,牝,国枝栄,,ディープインパクト,2002100816,シーズアタイガー,000a01294d,Tale of the Cat,000a002276,サンデーレーシング,ノーザンファーム,0.0,2002.0,2011.0,1994.0
2018105072,ヒーズオールザット,セ,藤原英昭,,ブラックタイド,2001103312,シーイズトウショウ,2000102386,サクラバクシンオー,1989108341,シルクレーシング,ノーザンファーム,0.0,2001.0,2000.0,1989.0
2018105063,シラクーザ,牡,木村哲也,,ロードカナロア,2008103552,シユーマ,000a01218a,Medicean,000a010a19,キャロットファーム,ノーザンファーム,0.0,2008.0,2008.0,1997.0
2018105058,エリカポンシャン,牝,国枝栄,,ロードカナロア,2008103552,シャンドランジュ,2013106008,マンハッタンカフェ,1998101554,三木正浩,ノーザンファーム,0.0,2008.0,2013.0,1998.0
2018105052,アレトゥーザ,牝,松永幹夫,,キングカメハメハ,2001103460,シシリアンブリーズ,2008103302,ゼンノロブロイ,2000101517,キャロットファーム,ノーザンファーム,0.0,2001.0,2008.0,2000.0
2018105048,ヴァルドレス,牝,手塚貴久,,キングカメハメハ,2001103460,サンブルエミューズ,2010104050,ダイワメジャー,2001103114,キャロットファーム,ノーザンファーム,0.0,2001.0,2010.0,2001.0
2018105046,サンソヴールの2018,牝,,,モーリス,2011100655,サンソヴール,2011103869,キングカメハメハ,2001103460,,ノーザンレーシング,0.0,2011.0,2011.0,2001.0
2018105045,サンテティエンヌ,牝,武井亮,,モーリス,2011100655,サングレアル,2011104004,ゼンノロブロイ,2000101517,吉田勝己,ノーザンファーム,0.0,2011.0,2011.0,2000.0
2018105032,サドルロード,セ,池江泰寿,,オルフェーヴル,2008102636,コナブリュワーズ,2010104036,キングカメハメハ,2001103460,サンデーレーシング,ノーザンファーム,0.0,2008.0,2010.0,2001.0
2018105031,ヴォリーダ,牝,斎藤誠,,オルフェーヴル,2008102636,コズミックショア,2010110108,Elusive Quality,000a00231f,ＤＭＭドリームクラブ,ノーザンファーム,0.0,2008.0,2010.0,1993.0
2018105029,ケルボヌール,牡,池添学,,ドゥラメンテ,2012104511,ケルシャンス,2011103852,Dubawi,000a0115e2,キャロットファーム,ノーザンファーム,0.0,2012.0,2011.0,2002.0
2018105028,キャルベロス,牡,萩原清,,キンシャサノキセキ,2003110212,ケイティーズベスト,2005102517,ファルブラヴ,1998190004,里見治紀,ノーザンファーム,0.0,2003.0,2005.0,1998.0
2018105024,グレイトフルデッドの2018,牝,,,ハービンジャー,000a011996,グレイトフルデッド,2012104548,ハーツクライ,2001103038,,ノーザンファーム,0.0,2006.0,2012.0,2001.0
2018105022,グルーヴライン,牝,庄野靖志,,モーリス,2011100655,グルーヴィクイーン,2008103090,キングカメハメハ,2001103460,ＶｉｒｉｄｉａｎＫｅｉｂａＣｌｕｂ,ノーザンファーム,0.0,2011.0,2008.0,2001.0
2018105014,クルーク,牡,中内田充,,モーリス,2011100655,クロノロジスト,2003103047,クロフネ,1998110135,金子真人ホールディングス,ノーザンファーム,0.0,2011.0,2003.0,1998.0
2018105003,イグジットスルー,牡,浅見秀一,,モーリス,2011100655,クィーンズバーン,2008103175,スペシャルウィーク,1995103211,林正道,ノーザンファーム,0.0,2011.0,2008.0,1995.0
2018105002,ラトゥールレディー,牝,西村真幸,,キンシャサノキセキ,2003110212,クイックリトルミス,000a011504,Freud,000a011434,田畑利彦,ノーザンファーム,0.0,2003.0,2004.0,1998.0
2018104999,ガトーバスク,牡,木村哲也,,オルフェーヴル,2008102636,キャレモンショコラ,2011100812,サクラバクシンオー,1989108341,サンデーレーシング,ノーザンファーム,0.0,2008.0,2011.0,1989.0
2018104998,キャッチータイトルの2018,牡,,,ダイワメジャー,2001103114,キャッチータイトル,2003102900,オペラハウス,000a000d77,,ノーザンファーム,0.0,2001.0,2003.0,1988.0
2018104990,カロンセギュールの2018,牝,,,リアルインパクト,2008103244,カロンセギュール,2004110200,Forest Camp,000a010654,,ノーザンファーム,0.0,2008.0,2004.0,1997.0
2018104983,リモニウム,牝,,,ハーツクライ,2001103038,カヴァートラブ,000a013614,Azamour,000a01053b,,ノーザンファーム,0.0,2001.0,2012.0,2001.0
2018104978,ヨセミテヴァレイ,牡,友道康夫,,キングカメハメハ,2001103460,オーキッドレイ,2010104137,ディープインパクト,2002100816,金子真人ホールディングス,ノーザンファーム,0.0,2001.0,2010.0,2002.0
2018104975,サンデールーカス,牡,清水久詞,,ロードカナロア,2008103552,エンジェルフォール,2009106063,ジャングルポケット,1998101786,エムズレーシング,ノーザンファーム,0.0,2008.0,2009.0,1998.0
2018104973,ミランディ,牝,長谷川浩,,リアルインパクト,2008103244,エレンウィルモット,2002102275,ブライアンズタイム,000a000082,シルクレーシング,ノーザンファーム,0.0,2008.0,2002.0,1985.0
2018104962,エノラの2018,牡,,,ハーツクライ,2001103038,エノラ,000a012f85,Noverre,000a0103cf,,ノーザンファーム,0.0,2001.0,2007.0,1998.0
2018104956,ミッキープリティ,牝,萩原清,,ドゥラメンテ,2012104511,エクシードリミッツ,2012110045,Exceed And Excel,000a010a61,野田みづき,ノーザンファーム,0.0,2012.0,2012.0,2000.0
2018104941,フィールパラダイス,牝,,,ドゥラメンテ,2012104511,ヴィアメディチ,000a012fc1,Medicean,000a010a19,,ノーザンファーム,0.0,2012.0,2007.0,1997.0
2018104937,アーリーアダプター,牝,安田翔伍,,ハーツクライ,2001103038,ウルトラブレンド,000a011dfa,Richly Blended,000a011d94,山口功一郎,ノーザンファーム,0.0,2001.0,2006.0,1998.0
2018104924,カラヴェッラ,牝,高柳瑞樹,,Ghostzapper,000a010525,インクルードベティ,000a013db1,Include,000a010906,吉田和美,ノーザンファーム,0.0,2000.0,2012.0,1997.0
2018104904,サンヴィセンテ,牝,岩戸孝樹,,ジャスタウェイ,2009106461,アビラ,000a0111cb,ロックオブジブラルタル,000a00fd4c,キャロットファーム,ノーザンファーム,0.0,2009.0,2004.0,1999.0
2018104902,アバンダントの2018,牡,,,リアルインパクト,2008103244,アバンダント,2013106193,ハービンジャー,000a011996,,ノーザンファーム,0.0,2008.0,2013.0,2006.0
2018104901,ユリシスブルー,牝,西村真幸,,モーリス,2011100655,アナスタシアブルー,2009106379,ファルブラヴ,1998190004,シルクレーシング,ノーザンファーム,0.0,2011.0,2009.0,1998.0
2018104900,アドマイヤアール,牡,友道康夫,,ハーツクライ,2001103038,アドマイヤマリン,2007103338,クロフネ,1998110135,近藤旬子,ノーザンファーム,0.0,2001.0,2007.0,1998.0
2018104899,ハヤブサ,牡,武幸四郎,,リオンディーズ,2013105915,アドマイヤフッキー,2003102923,フジキセキ,1992109618,寺田寿男,ノーザンファーム,0.0,2013.0,2003.0,1992.0
2018104898,アドマイヤヒラリーの2018,牝,,,ミッキーアイル,2011103916,アドマイヤヒラリー,2002100896,Nashwan,000a001ce7,,ノーザンファーム,0.0,2011.0,2002.0,1986.0
2018104888,スニップ,牝,斎藤誠,,エピファネイア,2010104155,アソルータ,2008103297,ゼンノロブロイ,2000101517,大野富生,ノーザンファーム,0.0,2010.0,2008.0,2000.0
2018104887,フレイムタワー,牝,古賀慎明,,ハーツクライ,2001103038,アゼリ,000a0117a2,ジェイドハンター,000a0001a6,キャロットファーム,ノーザンファーム,0.0,2001.0,1998.0,1984.0
2018104882,アレスクラー,牡,音無秀孝,,ロードカナロア,2008103552,アゲヒバリ,2004102955,クロフネ,1998110135,金子真人ホールディングス,ノーザンファーム,0.0,2008.0,2004.0,1998.0
2018104871,アーサーベル,牡,,,ロードカナロア,2008103552,ローズオットー,2004103143,ダンスインザダーク,1993109188,,社台ファーム,0.0,2008.0,2004.0,1993.0
2018104859,ルージュレーヴ,牝,須貝尚介,,モーリス,2011100655,レッドリヴェール,2011104324,ステイゴールド,1994108729,東京ホースレーシング,社台ファーム,0.0,2011.0,2011.0,1994.0
2018104856,アントワーク,牝,伊藤大士,,ドゥラメンテ,2012104511,レッドガナドーラ,2009110038,Bernardini,000a0111fe,畑佐博,社台ファーム,0.0,2012.0,2009.0,2003.0
2018104853,アイリスアゲート,牝,吉岡辰弥,,ロードカナロア,2008103552,レッドアゲート,2005101462,マンハッタンカフェ,1998101554,社台レースホース,社台ファーム,0.0,2008.0,2005.0,1998.0
2018104852,レッツサッチャーの2018,牡,,,エイシンフラッシュ,2007102951,レッツサッチャー,2011104463,フレンチデピュティ,000a00013a,,社台ファーム,0.0,2007.0,2011.0,1992.0
2018104851,レッドクラーガ,牡,大竹正博,,ハービンジャー,000a011996,レジュールダムール,2007102889,Kingmambo,000a001d7e,東京ホースレーシング,社台ファーム,0.0,2006.0,2007.0,1990.0
2018104848,レイナクーバの2018,牡,,,ローエングリン,1999106738,レイナクーバ,2006102920,アグネスタキオン,1998101516,,社台ファーム,0.0,1999.0,2006.0,1998.0
2018104844,ルミナスオリゾン,牝,石坂公一,,ルーラーシップ,2007103143,ルミナスハーバー,2004103218,アグネスタキオン,1998101516,社台レースホース,社台ファーム,0.0,2007.0,2004.0,1998.0
2018104840,リュポメルーの2018,牝,,,ディープインパクト,2002100816,リュポメルー,000a013891,Dubawi,000a0115e2,,社台ファーム,0.0,2002.0,2011.0,2002.0
2018104839,リメインサイレントの2018,牝,武英智,,モーリス,2011100655,リメインサイレント,2010103747,ホワイトマズル,1990109700,社台レースホース,社台ファーム,0.0,2011.0,2010.0,1990.0
2018104838,シャインオブトーチ,牡,木原一良,,スクリーンヒーロー,2004103328,リトルブレッシング,2002100555,バブルガムフェロー,1993109219,名古屋友豊,社台ファーム,0.0,2004.0,2002.0,1993.0
2018104817,セルブロックタンゴ,牝,,,ロードカナロア,2008103552,モレサンドニ,2010103973,フジキセキ,1992109618,,社台ファーム,0.0,2008.0,2010.0,1992.0
2018104816,デルママリシテン,牡,森山雄大,,ディープブリランテ,2009105084,メモラビリア,2013105561,Candy Ride,000a01132a,浅沼廣幸,社台ファーム,0.0,2009.0,2013.0,1999.0
2018104813,フォックスグローブ,牝,松永康利,,スピルバーグ,2009105961,メイルストローム,2007102928,シンボリクリスエス,1999110099,和田牧場,社台ファーム,0.0,2009.0,2007.0,1999.0
2018104811,ムニラーの2018,牝,,,スクリーンヒーロー,2004103328,ムニラー,000a012f03,Kitten's Joy,000a0119b3,,社台ファーム,0.0,2004.0,2011.0,2001.0
2018104809,ジョングルール,牡,斎藤誠,,ノヴェリスト,000a012230,ミラクルワウ,2003102595,フジキセキ,1992109618,諸江幸祐,社台ファーム,0.0,2009.0,2003.0,1992.0
2018104776,シャークスフィン,牡,奥村武,,ヴィクトワールピサ,2007102923,ヘルスウォール,1999106755,エリシオ,1993190001,社台レースホース,社台ファーム,0.0,2007.0,1999.0,1993.0
2018104768,エバースカーレット,牝,藤岡健一,,ロードカナロア,2008103552,ブーケフレグランス,2005102286,ダンスインザダーク,1993109188,宇田豊,社台ファーム,0.0,2008.0,2005.0,1993.0
2018104766,ブロンクスシルバーの2018,牝,[西],,ハービンジャー,000a011996,ブロンクスシルバー,2011104476,クロフネ,1998110135,社台レースホース,社台ファーム,0.0,2006.0,2011.0,1998.0
2018104764,オブザーバー,牝,小島茂之,,ジャングルポケット,1998101786,ブルーミングスノー,2003102572,サンデーサイレンス,000a00033a,望月雅博,社台ファーム,0.0,1998.0,2003.0,1986.0
2018104761,トレヴィス,牡,小笠倫弘,,ハービンジャー,000a011996,ブランカ,2013105509,ディープインパクト,2002100816,安齋廣行,社台ファーム,0.0,2006.0,2013.0,2002.0
2018104753,ビキニパレード,牝,新谷功一,,キングカメハメハ,2001103460,フレンチビキニ,2002100626,サンデーサイレンス,000a00033a,吉田千津,社台ファーム,0.0,2001.0,2002.0,1986.0
2018104751,フォーエバーコール,牡,矢野英一,,ロードカナロア,2008103552,フォーエバーマーク,2008103048,ファルブラヴ,1998190004,青山洋一,社台ファーム,0.0,2008.0,2008.0,1998.0
2018104742,セイウンピーチ,牝,松山将樹,,モーリス,2011100655,ファイアマーシャル,2010103899,ディープインパクト,2002100816,西山茂行,社台ファーム,0.0,2011.0,2010.0,2002.0
2018104741,マローニ,牝,池江泰寿,,ディープインパクト,2002100816,ピンクカメオ,2004100719,フレンチデピュティ,000a00013a,金子真人ホールディングス,社台ファーム,0.0,2002.0,2004.0,1992.0
2018104736,ピエナアリエル,牝,長谷川浩,,ノヴェリスト,000a012230,ピエナメダリスト,2008101300,ディープインパクト,2002100816,本谷兼三,社台ファーム,0.0,2009.0,2008.0,2002.0
2018104734,レッドマジェスティ,牡,萩原清,,ハーツクライ,2001103038,ビジュアルショック,2007110052,Kingmambo,000a001d7e,東京ホースレーシング,社台ファーム,0.0,2001.0,2007.0,1990.0
2018104733,デルマコクウゾウ,牡,堀井雅広,,カジノドライヴ,2005110112,ヒムカ,2011104347,ゴールドアリュール,1999106689,浅沼廣幸,社台ファーム,0.0,2005.0,2011.0,1999.0
2018104725,バックシートリズムの2018,牡,,,モーリス,2011100655,バックシートリズム,000a012efc,El Corredor,000a010238,,社台ファーム,0.0,2011.0,2005.0,1997.0
2018104722,ヴィクトリアノート,牝,小島茂之,,Pioneerof the Nile,000a0122f5,ハーエミネンシー,000a013da7,Successful Appeal,000a010748,吉田照哉,社台ファーム,0.0,2006.0,2012.0,1996.0
2018104720,イルギオットーネ,セ,国枝栄,,キングカメハメハ,2001103460,ハブルバブル,2008104879,ディープインパクト,2002100816,金子真人ホールディングス,社台ファーム,0.0,2001.0,2008.0,2002.0
2018104717,ハッピーウェーブの2018,牝,,,サウスヴィグラス,1996110138,ハッピーウェーブ,2009105797,ゴールドアリュール,1999106689,,社台ファーム,0.0,1996.0,2009.0,1999.0
2018104710,レフダンディアマン,牝,平田修,,ドゥラメンテ,2012104511,ノボリディアーナ,2010103780,フレンチデピュティ,000a00013a,原田豊,社台ファーム,0.0,2012.0,2010.0,1992.0
2018104705,ニフティギフト,牡,浜田多実,,ストロングリターン,2006102934,ニフティハート,1997103487,サンデーサイレンス,000a00033a,浜田吉通,社台ファーム,0.0,2006.0,1997.0,1986.0
2018104703,プロテアヴィーナス,牝,音無秀孝,,ディープインパクト,2002100816,ドリーフォンテイン,000a012bbc,Fastnet Rock,000a010601,Ｇ１レーシング,社台ファーム,0.0,2002.0,2009.0,2001.0
2018104701,ドメーヌの2018,牝,林徹,,キンシャサノキセキ,2003110212,ドメーヌ,000a010e7b,Hussonet,000a0104d9,社台レースホース,社台ファーム,0.0,2003.0,2001.0,1991.0
2018104693,フクブクロ,牝,,,ノヴェリスト,000a012230,デルマフクムスメ,2012104258,シンボリクリスエス,1999110099,,社台ファーム,0.0,2009.0,2012.0,1999.0
2018104692,デルマビルシャナ,牝,林和弘,,ヘニーヒューズ,000a011155,デリケートアーチ,2009105873,アフリート,000a000013,浅沼廣幸,社台ファーム,0.0,2003.0,2009.0,1984.0
2018104683,ツーオブアスの2018,牝,,,スウェプトオーヴァーボード,000a00fa34,ツーオブアス,2009105859,フジキセキ,1992109618,,社台ファーム,0.0,1997.0,2009.0,1992.0
2018104681,ファッジブラウニー,牡,大和田成,,エイシンフラッシュ,2007102951,チョコレートバイン,2011104253,ディープインパクト,2002100816,社台レースホース,社台ファーム,0.0,2007.0,2011.0,2002.0
2018104677,ダンスオブザマンボの2018,牡,,,ハーツクライ,2001103038,ダンスオブザマンボ,000a0117c1,Kingmambo,000a001d7e,,社台ファーム,0.0,2001.0,2006.0,1990.0
2018104661,アスターセレステ,牡,中竹和也,,ジャスタウェイ,2009106461,ソロリサイタル,1998110228,Rahy,000a001c5e,加藤久枝,社台ファーム,0.0,2009.0,1998.0,1985.0
2018104660,ソウルフルヴォイスの2018,牝,,,ディープブリランテ,2009105084,ソウルフルヴォイス,2007102847,キングカメハメハ,2001103460,,社台ファーム,0.0,2009.0,2007.0,2001.0
2018104653,デルマヒテン,牝,的場均,,ローエングリン,1999106738,スペランツァデーア,2011104170,マンハッタンカフェ,1998101554,浅沼廣幸,社台ファーム,0.0,1999.0,2011.0,1998.0
2018104650,スプリングクルーズ,セ,今野貞一,,ロードカナロア,2008103552,スプリングチケット,1997103424,トニービン,1983109006,谷掛龍夫,社台ファーム,0.0,2008.0,1997.0,1983.0
2018104641,ハイジュエラー,牝,藤岡健一,,エイシンフラッシュ,2007102951,ジュエラー,2013105582,ヴィクトワールピサ,2007102923,青山洋一,社台ファーム,0.0,2007.0,2013.0,2007.0
2018104632,デルマフドウ,牡,小手川準,,ネオユニヴァース,2000101426,シンデレラロマンス,2005102279,Elusive Quality,000a00231f,浅沼廣幸,社台ファーム,0.0,2000.0,2005.0,1993.0
2018104623,シダクティヴリーの2018,牡,,,ジャスタウェイ,2009106461,シダクティヴリー,000a011520,サンダーガルチ,000a00035c,,社台ファーム,0.0,2009.0,2003.0,1992.0
2018104622,シェリュスドパリの2018,牝,,,ダイワメジャー,2001103114,シェリュスドパリ,2012110003,Siyouni,000a012056,,社台ファーム,0.0,2001.0,2012.0,2007.0
2018104619,プラズマウェーク,牡,戸田博文,,フェノーメノ,2009106599,サンダーカップ,000a012e9a,サンダーガルチ,000a00035c,社台レースホース,社台ファーム,0.0,2009.0,2005.0,1992.0
2018104615,サボールアトリウンフォの2018,牝,,,ディープインパクト,2002100816,サボールアトリウンフォ,000a013093,Dance Brightly,000a00fcba,,社台ファーム,0.0,2002.0,2009.0,1995.0
2018104606,ウェルカムヒア,牝,杉浦宏昭,,マクフィ,000a011c77,コロンバスサークル,2006103088,ホワイトマズル,1990109700,社台レースホース,社台ファーム,0.0,2007.0,2006.0,1990.0
2018104605,ウォッチリスト,牝,池添学,,スクリーンヒーロー,2004103328,コレクターアイテム,2010103844,ハーツクライ,2001103038,Ｇ１レーシング,社台ファーム,0.0,2004.0,2010.0,2001.0
2018104584,ジュンココロ,牝,畠山吉宏,,タートルボウル,000a012045,キネオダンサー,2011106345,ディープインパクト,2002100816,河合純二,社台ファーム,0.0,2002.0,2011.0,2002.0
2018104572,オーラの2018,牝,,,スマートファルコン,2005100097,オーラ,000a010ab5,Quiet American,000a001ea2,,社台ファーム,0.0,2005.0,1998.0,1986.0
2018104570,クラルスフェリクス,牡,,,オルフェーヴル,2008102636,オンブルリジェール,000a0105c0,Double Bed,000a0104d4,,社台ファーム,0.0,2008.0,1999.0,1983.0
2018104557,キルリスト,牡,斎藤誠,,ノヴェリスト,000a012230,エールスタンス,2003102501,エルコンドルパサー,1995108742,スリーエイチレーシング,社台ファーム,0.0,2009.0,2003.0,1995.0
2018104554,パネットーネ,牝,笹田和秀,,エピファネイア,2010104155,エリンコート,2008102805,デュランダル,1999106756,吉田照哉,社台ファーム,0.0,2010.0,2008.0,1999.0
2018104543,ノルトエンデ,牡,金成貴史,,キンシャサノキセキ,2003110212,エアトゥーレ,1997103456,トニービン,1983109006,社台レースホース,社台ファーム,0.0,2003.0,1997.0,1983.0
2018104535,ウイングドウィールの2018,牡,,,スクリーンヒーロー,2004103328,ウイングドウィール,2009105725,シンボリクリスエス,1999110099,,社台ファーム,0.0,2004.0,2009.0,1999.0
2018104521,アロマキャンドルの2018,牝,,,ノヴェリスト,000a012230,アロマキャンドル,2005102211,フレンチデピュティ,000a00013a,,社台ファーム,0.0,2009.0,2005.0,1992.0
2018104507,アサクサティアラの2018,牡,,,ハービンジャー,000a011996,アサクサティアラ,2010103956,ディープインパクト,2002100816,,社台ファーム,0.0,2006.0,2010.0,2002.0
2018104506,アグネスラズベリの2018,牡,,,フェノーメノ,2009106599,アグネスラズベリ,2001103044,エアジハード,1995107978,,社台ファーム,0.0,2009.0,2001.0,1995.0
2018104505,レインボーリング,牝,長谷川浩,,ヴィクトワールピサ,2007102923,アクアリング,2005102283,Anabaa,000a0022e2,吉田ひとみ,社台ファーム,0.0,2007.0,2005.0,1992.0
2018104488,カイドウの2018,牝,,,カジノドライヴ,2005110112,カイドウ,2011100354,ワイルドラッシュ,000a0003a1,,山際智,0.0,2005.0,2011.0,1994.0
2018104450,イズジョーレーヌ,牝,牧浦充徳,,ドゥラメンテ,2012104511,プレノタート,2009104261,ジャングルポケット,1998101786,泉一郎,松田牧場,0.0,2012.0,2009.0,1998.0
2018104448,アクトゥリアン,牝,伊藤大士,,ドゥラメンテ,2012104511,フィロパトール,2009100977,ジャングルポケット,1998101786,高橋貴士,松田牧場,0.0,2012.0,2009.0,1998.0
2018104447,シゲルジチョウ,牡,中野栄治,,サウスヴィグラス,1996110138,ケイアイカミーリア,2007106568,タイキシャトル,1994109686,森中蕃,松田牧場,0.0,1996.0,2007.0,1994.0
2018104446,グラストルファン,牝,菊川正達,,モーリス,2011100655,グラスルビー,2008103055,シングスピール,1992190005,半沢,松田牧場,0.0,2011.0,2008.0,1992.0
2018104438,ライサの2018,牡,,,ダンカーク,000a012185,ライサ,2008100954,トーセンダンス,2002100594,,増本牧場,0.0,2006.0,2008.0,2002.0
2018104435,ケイツーディナール,牡,蛯名利弘,,タートルボウル,000a012045,ハルダル,2007100935,ゴールドアリュール,1999106689,楠本勝美,増本牧場,0.0,2002.0,2007.0,1999.0
2018104434,シーダーローズの2018,牝,,,ハクサンムーン,2009102527,シーダーローズ,2006101602,タイキシャトル,1994109686,,増本牧場,0.0,2009.0,2006.0,1994.0
2018104431,スズカトロワ,牡,武英智,,パドトロワ,2007102760,グリーンサンライズ,2004105615,サッカーボーイ,1985103538,永井啓弍,増本牧場,0.0,2007.0,2004.0,1985.0
2018104430,オーシャンレディーの2018,牝,,,メイショウサムソン,2003102205,オーシャンレディー,2004101043,アグネスタキオン,1998101516,,増本牧場,0.0,2003.0,2004.0,1998.0
2018104428,ヴィーナスラン,牝,牧光二,,ダノンシャンティ,2007105709,ユキノヴィーナス,2008100944,グラスワンダー,1995108676,岡村善行,前田牧場,0.0,2007.0,2008.0,1995.0
2018104427,チャームレディの2018,牡,,,ディスクリートキャット,000a0113a1,チャームレディ,2005100994,アグネスタキオン,1998101516,,前田牧場,0.0,2003.0,2005.0,1998.0
2018104419,バスク,牡,鈴木孝志,,ドゥラメンテ,2012104511,ローズアダージョ,2008100052,ディープインパクト,2002100816,ケーエスＨＤ,前谷武志,0.0,2012.0,2008.0,2002.0
2018104417,レストレスハートの2018,牡,,,ロードカナロア,2008103552,レストレスハート,2003102736,サンデーサイレンス,000a00033a,,前谷武志,0.0,2008.0,2003.0,1986.0
2018104413,コーリンラブリー,牝,,,サウスヴィグラス,1996110138,コーリンラヴィアン,2001105778,ミシックトライブ,000a000d96,,前谷武志,0.0,1996.0,2001.0,1996.0
2018104408,ハデコ,牝,新谷功一,,オルフェーヴル,2008102636,カネスラッゾ,2008103314,サクラバクシンオー,1989108341,ケーエスＨＤ,前谷武志,0.0,2008.0,2008.0,1989.0
2018104405,トーキー,牝,小野次郎,,リオンディーズ,2013105915,アガサ,2010103794,マンハッタンカフェ,1998101554,ＹＧＧホースクラブ,前谷武志,0.0,2013.0,2010.0,1998.0
2018104404,ミスジョーカーの2018,牝,,,アンライバルド,2006103308,ミスジョーカー,2003106940,カコイーシーズ,1986109001,,真歌田中牧場,0.0,2006.0,2003.0,1986.0
2018104394,コパノメロディー,牝,,,サウスヴィグラス,1996110138,ルーシーイズマイン,2012104445,ネオユニヴァース,2000101426,,へいはた牧場,0.0,1996.0,2012.0,2000.0
2018104387,アオイホープ,牡,村山明,,カジノドライヴ,2005110112,プリンセスチャーム,2006104636,ブライアンズタイム,000a000082,内田滋三,へいはた牧場,0.0,2005.0,2006.0,1985.0
2018104376,アールテンダネスの2018,牝,,,トウケイヘイロー,2009101682,アールテンダネス,2008101716,クロフネ,1998110135,,へいはた牧場,0.0,2009.0,2008.0,1998.0
2018104375,アンジュデトワールの2018,牡,,,アポロソニック,2010110120,アンジュデトワール,2012104567,スペシャルウィーク,1995103211,,へいはた牧場,0.0,2010.0,2012.0,1995.0
2018104358,サンライズシリウス,牡,河内洋,,ルーラーシップ,2007103143,カリブストーリー,2009105770,アグネスタキオン,1998101516,松岡隆雄,藤原牧場,0.0,2007.0,2009.0,1998.0
2018104355,マイトレジャー,牝,武幸四郎,,マクフィ,000a011c77,エイジアンウインズ,2004103179,フジキセキ,1992109618,太田珠々子,藤原牧場,0.0,2007.0,2004.0,1992.0
2018104354,エアデヴォンの2018,牡,,,ゴールドシップ,2009102739,エアデヴォン,2004105034,アグネスタキオン,1998101516,,藤原牧場,0.0,2009.0,2004.0,1998.0
2018104352,コマンドブルックス,牡,中舘英二,,ワールドエース,2009106353,アスクコマンダー,1998104859,コマンダーインチーフ,000a0000b0,広尾レース,藤原牧場,0.0,2009.0,1998.0,1990.0
2018104351,ボンヤウンペ,牝,奥村豊,,マクフィ,000a011c77,ワイドサファイア,2006102921,アグネスタキオン,1998101516,幅田昌伸,フジワラファーム,0.0,2007.0,2006.0,1998.0
2018104341,アワーズオブラブ,牝,安達昭夫,,エピファネイア,2010104155,ピサノベッテル,2009104149,クロフネ,1998110135,市川義美ホールディングス,フジワラファーム,0.0,2010.0,2009.0,1998.0
2018104337,ハナフブキの2018,牡,,,ノヴェリスト,000a012230,ハナフブキ,2011103425,ディープインパクト,2002100816,,フジワラファーム,0.0,2009.0,2011.0,2002.0
2018104335,ネオシルヴィアの2018,牡,,,マジェスティックウォリアー,000a011e9c,ネオシルヴィア,2008101532,ネオユニヴァース,2000101426,,フジワラファーム,0.0,2005.0,2008.0,2000.0
2018104334,ディープデザイアの2018,牡,,,ルーラーシップ,2007103143,ディープデザイア,2007104835,アグネスタキオン,1998101516,,フジワラファーム,0.0,2007.0,2007.0,1998.0
2018104325,ダイワエンジェルの2018,牡,,,ジャスタウェイ,2009106461,ダイワエンジェル,2000102683,タイキシャトル,1994109686,,フジワラファーム,0.0,2009.0,2000.0,1994.0
2018104321,オマージュ,牝,鮫島一歩,,ドゥラメンテ,2012104511,スポークスウーマン,000a012805,Invincible Spirit,000a01056d,安原浩司,フジワラファーム,0.0,2012.0,2010.0,1997.0
2018104319,ジニアスミノルの2018,牝,,,アジアエクスプレス,2011110091,ジニアスミノル,2012103468,ディープインパクト,2002100816,,フジワラファーム,0.0,2011.0,2012.0,2002.0
2018104316,マジェスティロゼ,牝,上原博之,,マジェスティックウォリアー,000a011e9c,クイーンロイド,2009102024,ゼンノロブロイ,2000101517,芳賀滿男,フジワラファーム,0.0,2005.0,2009.0,2000.0
2018104313,ヴィヴァシャスヴィヴィアンの2018,牝,,,エイシンヒカリ,2011101273,ヴィヴァシャスヴィヴィアン,000a0117f9,Distorted Humor,000a0022ea,,フジワラファーム,0.0,2011.0,2005.0,1993.0
2018104312,ジニアルゾンタック,牡,,,エピファネイア,2010104155,イイチョ,2011105620,クロフネ,1998110135,,フジワラファーム,0.0,2010.0,2011.0,1998.0
2018104309,マインサファイア,牝,柄崎孝,,バロズハート,2005105197,ジェイケイカルミア,2011102500,キングカメハメハ,2001103460,峰哲馬,藤吉牧場,0.0,2005.0,2011.0,2001.0
2018104292,ジェイケイランの2018,牝,,,リアルインパクト,2008103244,ジェイケイラン,2006101489,サクラローレル,1991103498,,藤川ファーム,0.0,2008.0,2006.0,1991.0
2018104289,シゲルカカリチョウ,牡,服部利之,,カレンブラックヒル,2009106230,スターフォーユー,2006101248,アグネスデジタル,1997110025,森中蕃,福岡駿弥,0.0,2009.0,2006.0,1997.0
2018104288,シゲルヤクイン,牡,和田雄二,,シンボリクリスエス,1999110099,シゲルオレンジ,2009109049,アドマイヤジャパン,2002102324,森中蕃,福岡駿弥,0.0,1999.0,2009.0,2002.0
2018104284,ウインターベア,牝,奥平雅士,,マツリダゴッホ,2003104570,ユノマニッシュ,2006103103,ホワイトマズル,1990109700,ミルファーム,原田久司,0.0,2003.0,2006.0,1990.0
2018104279,アイヲシルジパング,牡,田中清隆,,サンカルロ,2006102822,アイヲシルニッポン,2013104733,スタチューオブリバティ,000a0109d5,石川美代子,原ファーム,0.0,2006.0,2013.0,2000.0
2018104278,アールスパイア,牝,田中範雄,,タイムパラドックス,1998101683,ラヴィングサンデー,1998102662,サンデーサイレンス,000a00033a,前原敏行,原弘之,0.0,1998.0,1998.0,1986.0
2018104275,アルラキス,牝,箕輪武,,アーネストリー,2005105410,パーフェクトブルー,2000102924,サンデーサイレンス,000a00033a,（株）ＳＫＴ,原弘之,0.0,2005.0,2000.0,1986.0
2018104274,デルマバサラ,牡,松木啓助,,ロージズインメイ,000a010a10,サフラントウショウ,2004104744,ラムタラ,000a0001d4,岡林英雄,原弘之,0.0,2000.0,2004.0,1992.0
2018104264,カドル,牝,上村洋行,,モーリス,2011100655,マスターエクレール,2009110002,Elusive Quality,000a00231f,ヒダカ・ブリーダーズ・ユニオン,服部牧場,0.0,2011.0,2009.0,1993.0
2018104258,トンボキリ,牡,,,ワールドエース,2009106353,ブランシュネージュ,2002100937,サクラバクシンオー,1989108341,,服部牧場,0.0,2009.0,2002.0,1989.0
2018104249,サンドラバローズの2018,牡,,,エピファネイア,2010104155,サンドラバローズ,2011102892,ディープインパクト,2002100816,,服部牧場,0.0,2010.0,2011.0,2002.0
2018104246,ナムラモヨ,牝,稲垣幸雄,,ラブリーデイ,2010104298,ナムラチアーズ,2008101130,マンハッタンカフェ,1998101554,奈村睦弘,八田ファーム,0.0,2010.0,2008.0,1998.0
2018104243,ジュテーム,牝,,,キズナ,2010105827,エポカローザ,2004110209,El Prado,000a001fb5,,八田ファーム,0.0,2010.0,2004.0,1989.0
2018104235,トパーズトウショウの2018,牡,,,ベーカバド,000a011dc0,トパーズトウショウ,2010103042,フレンチデピュティ,000a00013a,,畠山牧場,0.0,2007.0,2010.0,1992.0
2018104231,エムワンピート,牡,晴山厚司,,グランプリボス,2008103388,シルクシャンゼリゼ,2005100806,マリエンバード,000a00fa36,（株）マネジメント・,畠山牧場,0.0,2008.0,2005.0,1997.0
2018104230,エースピード,牝,羽月友彦,,ワールドエース,2009106353,ウスイ,2003105285,オース,000a000d94,高橋ファーム,畠山牧場,0.0,2009.0,2003.0,1996.0
2018104228,クリノエンペラー,牡,,,ディープブリランテ,2009105084,アペリラ,2013105925,キングカメハメハ,2001103460,,畠山牧場,0.0,2009.0,2013.0,2001.0
2018104220,ミッシングピース,牝,寺島良,,Speightster,000a013ec0,キャントミス,000a013ebb,Congrats,000a010687,ヒダカ・ブリーダーズ・ユニオン,橋本牧場,0.0,2012.0,2012.0,2000.0
2018104215,ピロコレーヌ,牝,菅原欣也,,トーセンジョーダン,2006103169,ヌーヴェルレーヌ,2012110108,Sea The Stars,000a011c78,（同）ＪＰＮ技研,野坂牧場,0.0,2006.0,2012.0,2006.0
2018104214,プチトリアノン,牝,栗本陽一,,キズナ,2010105827,ナムラジュエル,2008100751,マーベラスサンデー,1992103687,安藤たけみ,野坂牧場,0.0,2010.0,2008.0,1992.0
2018104205,アイファーピューマ,牡,服部利之,,アドマイヤマックス,1999107004,マグノリア,2000106407,サッカーボーイ,1985103538,中島稔,野表篤夫,0.0,1999.0,2000.0,1985.0
2018104203,アイファータイガー,牡,服部利之,,パドトロワ,2007102760,エフシア,2005100049,アグネスデジタル,1997110025,中島稔,野表篤夫,0.0,2007.0,2005.0,1997.0
2018104202,タツセンジンムソウ,牡,古賀史生,,エイシンヒカリ,2011101273,オリオンザブラック,2006104240,サクラプレジデント,2000102261,鈴木高幸,ニッコウファーム,0.0,2011.0,2006.0,2000.0
2018104200,リッカテーラ,牝,鮫島一歩,,リッカロイヤル,2005106310,リッカエスケープ,2005106092,トウカイテイオー,1988101025,立花幸雄,西村牧場,0.0,2005.0,2005.0,1988.0
2018104197,ピヴワヌ,牝,野中賢二,,ヘニーヒューズ,000a011155,マイティーボタン,2004106714,タイキシャトル,1994109686,今村明浩,西村牧場,0.0,2003.0,2004.0,1994.0
2018104192,マスカリンラン,牝,尾形和幸,,トゥザワールド,2011103975,バトルサクヤビメ,2003107140,フジキセキ,1992109618,岡村善行,西村牧場,0.0,2011.0,2003.0,1992.0
2018104189,バブリードリーム,牝,,,コパノリチャード,2010106552,チーズクイーン,2012106197,モルフェデスペクタ,1998110056,,西村牧場,0.0,2010.0,2012.0,1998.0
2018104177,ワイエスリープ,牝,伊藤勝好,,シビルウォー,2005102317,シナンジュ,2010104112,シンボリクリスエス,1999110099,（有）ホースケア,西川富岡牧場,0.0,2005.0,2010.0,1999.0
2018104163,ニホンピロビグラス,牡,安達昭夫,,サウスヴィグラス,1996110138,ニホンピロキャット,2006101484,サクラプレジデント,2000102261,小林百太郎,友田牧場,0.0,1996.0,2006.0,2000.0
2018104159,ニホンピロセレーネ,牝,大橋勇樹,,トーセンラー,2008102985,ニホンピロアブミ,2002105184,コマンダーインチーフ,000a0000b0,小林百太郎,友田牧場,0.0,2008.0,2002.0,1990.0
2018104158,ババイェツ,牡,松山将樹,,シビルウォー,2005102317,クロノグラフ,2004110113,Fusaichi Pegasus,000a0022cf,山口裕介,友田牧場,0.0,2005.0,2004.0,1997.0
2018104155,ブラックジュエリー,牝,矢作芳人,,ディープインパクト,2002100816,リトルブック,000a012100,Librettist,000a012055,飛野牧場,飛野牧場,0.0,2002.0,2008.0,2002.0
2018104143,トウショウピボット,牡,杉浦宏昭,,アンライバルド,2006103308,ガイアトウショウ,2013104568,デュランダル,1999106756,トウショウ産業,トウショウ産業株式会社トウショウ牧場,0.0,2006.0,2013.0,1999.0
2018104141,クリスタルアゲン,牝,加藤和宏,,トーセンラー,2008102985,ワサビ,2010102973,ステイゴールド,1994108729,浅川皓司,千代田牧場,0.0,2008.0,2010.0,1994.0
2018104138,エリカルーチェ,牝,国枝栄,,ルーラーシップ,2007103143,ロイヤルヴォルト,2012103226,ディープインパクト,2002100816,三木正浩,千代田牧場,0.0,2007.0,2012.0,2002.0
2018104131,ハートオブマイン,牝,寺島良,,ルーラーシップ,2007103143,ラブミーテンダー,2012103200,ゼンノロブロイ,2000101517,飯田正剛,千代田牧場,0.0,2007.0,2012.0,2000.0
2018104126,ポルクロール,牝,中尾秀正,,ミッキーアイル,2011103916,ミルフィアタッチ,2006101207,キングカメハメハ,2001103460,飯田正剛,千代田牧場,0.0,2011.0,2006.0,2001.0
2018104125,ワインセラー,牝,高野友和,,キングカメハメハ,2001103460,ミリオンセラーII,000a012e2d,A.P. Indy,000a001d37,飯田正剛,千代田牧場,0.0,2001.0,2006.0,1989.0
2018104123,ヴィヴァチェメンテ,牝,宗像義忠,,ワールドエース,2009106353,ミラクルガール,2008100586,ロックオブジブラルタル,000a00fd4c,加藤裕司,千代田牧場,0.0,2009.0,2008.0,1999.0
2018104122,ディアハート,牝,清水久詞,,ヘニーヒューズ,000a011155,マーチャンテイマー,2009103889,クロフネ,1998110135,飯田正剛,千代田牧場,0.0,2003.0,2009.0,1998.0
2018104120,ステイホームバブル,牡,尾関知人,,モーリス,2011100655,マイスイートホーム,2006101249,ブライアンズタイム,000a000082,飯田正剛,千代田牧場,0.0,2011.0,2006.0,1985.0
2018104118,ワイワイホワイト,牝,田中清隆,,クリーンエコロジー,2008100563,ホットファッション,2004104666,スペシャルウィーク,1995103211,山田泰司,千代田牧場,0.0,2008.0,2004.0,1995.0
2018104101,フリーダムライター,牝,国枝栄,,ハーツクライ,2001103038,バディーラ,000a011ac4,Unbridled's Song,000a002071,飯田正剛,千代田牧場,0.0,2001.0,2008.0,1993.0
2018104099,リュウノハイジ,牝,新田守,,ダノンシャンティ,2007105709,ノベンバースルー,000a0105cd,Seattle Slew,000a0015fc,蓑島竜一,千代田牧場,0.0,2007.0,1997.0,1974.0
2018104098,パワーインユニティ,牡,坂口智康,,メイショウボーラー,2001100650,ノブジョプリン,2011102254,スペシャルウィーク,1995103211,飯田正剛,千代田牧場,0.0,2001.0,2011.0,1995.0
2018104096,トーヨーヒヨウ,牡,土田稔,,アイルハヴアナザー,000a011ed3,ドリームカムカム,1998104511,メジロライアン,1987105368,中嶋宏,千代田牧場,0.0,2009.0,1998.0,1987.0
2018104090,ビレイグ,牡,古賀慎明,,リオンディーズ,2013105915,チェンジユアセルフ,2008110089,Giant's Causeway,000a0022e1,高瀬正志,千代田牧場,0.0,2013.0,2008.0,1997.0
2018104084,スペック,牡,大和田成,,ワールドエース,2009106353,セブンスハーモニー,2008100573,シンボリクリスエス,1999110099,和田正巳,千代田牧場,0.0,2009.0,2008.0,1999.0
2018104082,スマイルコンテストの2018,牡,,,キングヘイロー,1995104427,スマイルコンテスト,2001104228,サッカーボーイ,1985103538,,千代田牧場,0.0,1995.0,2001.0,1985.0
2018104081,ダイユウアクアリオ,牝,今津勝之,,ヴィクトワールピサ,2007102923,スパークルジュエル,2004110060,Unbridled's Song,000a002071,大友靖岐,千代田牧場,0.0,2007.0,2004.0,1993.0
2018104079,メイショウテンオン,牡,本田優,,キンシャサノキセキ,2003110212,ストロングレダ,2006101237,マンハッタンカフェ,1998101554,松本好雄,千代田牧場,0.0,2003.0,2006.0,1998.0
2018104076,ペガサスファーマ,牝,武英智,,ブラックタイド,2001103312,ジューンブライド,2006101260,アフリート,000a000013,飯田正剛,千代田牧場,0.0,2001.0,2006.0,1984.0
2018104074,スターマン,セ,井樋一也,,ディープブリランテ,2009105084,ショコラミント,2013104504,Uncle Mo,000a011ffb,小橋亮太,千代田牧場,0.0,2009.0,2013.0,2008.0
2018104068,リュウノマーチャン,牡,村上実,,フェノーメノ,2009106599,サトノニーケ,2014104786,マンハッタンカフェ,1998101554,蓑島竜一,千代田牧場,0.0,2009.0,2014.0,1998.0
2018104065,リュウノラプラプ,牡,関本浩司,,スウェプトオーヴァーボード,000a00fa34,サトノアーチ,2007100564,マンハッタンカフェ,1998101554,小橋亮太,千代田牧場,0.0,1997.0,2007.0,1998.0
2018104063,ルージュヴィッフ,牝,昆貢,,ドゥラメンテ,2012104511,サセッティ,000a010eba,Selkirk,000a001fab,東京ホースレーシング,千代田牧場,0.0,2012.0,2003.0,1988.0
2018104062,ノーマルシー,牝,,,ルーラーシップ,2007103143,グローバルピース,2001104218,サンデーサイレンス,000a00033a,,千代田牧場,0.0,2007.0,2001.0,1986.0
2018104060,バルコネグロ,牡,矢野英一,,クロフネ,1998110135,キャトルセゾン,1999100606,サンデーサイレンス,000a00033a,飯田正剛,千代田牧場,0.0,1998.0,1999.0,1986.0
2018104058,ピュアコサージュ,牝,高野友和,,ディープインパクト,2002100816,カサブランカスマイル,000a01250a,Ocean Terrace,000a0123f0,飯田正剛,千代田牧場,0.0,2002.0,2006.0,2000.0
2018104054,メリル,牝,,,スピルバーグ,2009105961,ヴィフォルテ,2002104902,デヒア,000a0000df,,千代田牧場,0.0,2009.0,2002.0,1991.0
2018104051,ラロ,牝,佐久間雅,,フェノーメノ,2009106599,メイショウウケヅキ,2011106526,フレンチデピュティ,000a00013a,渋谷高雄,大典牧場,0.0,2009.0,2011.0,1992.0
2018104050,バジガクマハロ,牝,佐々木由,,タイムパラドックス,1998101683,ミューズマジック,2005102352,スウェプトオーヴァーボード,000a00fa34,（株）馬事学院,大典牧場,0.0,1998.0,2005.0,1997.0
2018104049,ポポコ,牝,,,パドトロワ,2007102760,ペッパーベリー,2010103712,タイキシャトル,1994109686,,大典牧場,0.0,2007.0,2010.0,1994.0
2018104044,アサノヤマカツ,牡,国信満,,シビルウォー,2005102317,ガッツマンテン,2005100558,アジュディケーティング,000a000d5d,大典牧場（有）,大典牧場,0.0,2005.0,2005.0,1987.0
2018104040,プラチナムの2018,牡,,,アドマイヤムーン,2003102991,プラチナム,2002106594,スキャターザゴールド,000a000d99,,田原橋本牧場,0.0,2003.0,2002.0,1997.0
2018104039,トミケンクラウンの2018,牝,,,モンテロッソ,000a011b05,トミケンクラウン,1999100579,ジェネラス,000a000148,,田原橋本牧場,0.0,2007.0,1999.0,1988.0
2018104032,ロードフォールズ,牡,長谷川浩,,トゥザワールド,2011103975,ウェーブピアサー,2007102670,ゼンノロブロイ,2000101517,ロードホースクラブ,谷藤弘美,0.0,2011.0,2007.0,2000.0
2018104020,サクラバシリッサ,牝,,,スクリーンヒーロー,2004103328,サクラクローバー,2007100475,サウスヴィグラス,1996110138,,谷岡牧場,0.0,2004.0,2007.0,1996.0
2018104005,ヨザクラランブ,牡,福田真広,,サクラゼウス,2004104495,サクラオードシエル,2009103666,サクラプレジデント,2000102261,田頭勇貴,谷岡スタット,0.0,2004.0,2009.0,2000.0
2018103990,メジャーアゲン,牝,萱野浩二,,ダイワメジャー,2001103114,フレイミングクリフス,000a012f8b,Kingmambo,000a001d7e,浅川皓司,田中裕之,0.0,2001.0,2002.0,1990.0
2018103987,ニシノカーリーの2018,牝,,,フェノーメノ,2009106599,ニシノカーリー,2008102449,Shamardal,000a010c92,,田中裕之,0.0,2009.0,2008.0,2002.0
2018103985,シゲルリジチョウ,牡,九日俊光,,ノヴェリスト,000a012230,グーテデロワ,2007100261,スペシャルウィーク,1995103211,森中蕃,田中裕之,0.0,2009.0,2007.0,1995.0
2018103981,シャロン,牝,和田雄二,,トゥザワールド,2011103975,アロマジュエリー,2002104899,グラスワンダー,1995108676,北駿競走馬組合,田中啓雅,0.0,2011.0,2002.0,1995.0
2018103968,ブレード,牝,大垣敏夫,,アドマイヤムーン,2003102991,アフィニティ,2006101116,サクラバクシンオー,1989108341,野口幸八,武牧場,0.0,2003.0,2006.0,1989.0
2018103967,ラベンダーテソーロ,牝,和田雄二,,エピファネイア,2010104155,レッドシェダル,2012104255,ジャングルポケット,1998101786,了徳寺健二ホールディングス,高橋義浩,0.0,2010.0,2012.0,1998.0
2018103963,バックドロップ,牡,浅野洋一,,リアルインパクト,2008103244,ダンスザクラシックス,000a0117c3,Sadler's Wells,000a00185d,横田恵子,高橋義浩,0.0,2008.0,2004.0,1981.0
2018103961,アックスボンバー,牝,吉井竜一,,シンボリクリスエス,1999110099,アートアロング,2010103399,アドマイヤムーン,2003102991,（株）Ｔ．Ｕ．Ｋ．,高橋義浩,0.0,1999.0,2010.0,2003.0
2018103958,アイリッシュローズ,牝,小野望,,タートルボウル,000a012045,プレイフォーマザー,2011100429,ディープスカイ,2005101358,岡田隆寛,高橋ファーム,0.0,2002.0,2011.0,2005.0
2018103952,ジューンゴゼン,牝,坂口智康,,クリエイターII,000a013630,ジュエリークイーン,2003104592,フサイチコンコルド,1993109220,吉川潤,高橋ファーム,0.0,2013.0,2003.0,1993.0
2018103948,ミヤビクインビー,牡,笹田和秀,,モーリス,2011100655,ルナレディ,2011101399,タイキシャトル,1994109686,村上義勝,高橋修,0.0,2011.0,2011.0,1994.0
2018103945,オサキニゴブレイ,牝,青木孝文,,ラブリーデイ,2010104298,マーティンスリープ,2009101634,シンボリクリスエス,1999110099,野崎宗信,高橋修,0.0,2010.0,2009.0,1999.0
2018103941,エルデ,牡,木原一良,,ドゥラメンテ,2012104511,ブリスクウェザー,2003102758,クロフネ,1998110135,名古屋友豊,高橋修,0.0,2012.0,2003.0,1998.0
2018103934,サントアマミー,牝,中竹和也,,ディープインパクト,2002100816,レディオブキャメロット,000a01388f,モンジュー,1996190001,タイヘイ牧場,タイヘイ牧場,0.0,2002.0,2012.0,1996.0
2018103912,アメイジングライフ,牝,音無秀孝,,ハーツクライ,2001103038,カフェブリリアント,2010102841,ブライアンズタイム,000a000082,タイヘイ牧場,タイヘイ牧場,0.0,2001.0,2010.0,1985.0
2018103907,タマモフォーチュン,牝,,,ホッコータルマエ,2009100921,タマモクララ,2009103686,クロフネ,1998110135,,曾我博,0.0,2009.0,2009.0,1998.0
2018103905,カシノカリーナ,牝,,,フリオーソ,2004106867,ワイルドモーション,2007100408,War Chant,000a00fce0,,聖心台牧場,0.0,2004.0,2007.0,1997.0
2018103890,シントーチクゼン,牡,小崎憲,,クロフネ,1998110135,ドリームチャッター,2002100596,エアジハード,1995107978,中野辰三,静内山田牧場,0.0,1998.0,2002.0,1995.0
2018103884,スマートクレスト,牡,,,スマートファルコン,2005100097,スマートアクセス,2014100336,サウスヴィグラス,1996110138,,静内山田牧場,0.0,2005.0,2014.0,1996.0
2018103877,ハイジャンル,牡,森秀行,,キズナ,2010105827,オーネットサクセス,2010101761,アドマイヤボス,1997103699,服部新平,静内山田牧場,0.0,2010.0,2010.0,1997.0
2018103871,プロヴァンスロゼ,牝,杉山晴紀,,ハービンジャー,000a011996,フレンチドール,2006106463,フレンチデピュティ,000a00013a,草間庸文,静内フジカワ牧場,0.0,2006.0,2006.0,1992.0
2018103868,ショウナンアゲロス,牝,梅田智之,,ショウナンカンプ,1998102595,ダイアゴナルクロス,2010103788,シンボリクリスエス,1999110099,国本哲秀,静内フジカワ牧場,0.0,1998.0,2010.0,1999.0
2018103864,ショウナンライフク,牝,西村真幸,,リーチザクラウン,2006102923,ショウナンライム,2012101683,ハーツクライ,2001103038,湘南,静内フジカワ牧場,0.0,2006.0,2012.0,2001.0
2018103859,ショウナンアイボウ,牡,,,リーチザクラウン,2006102923,ショウナンハウメア,2013105344,キングカメハメハ,2001103460,,静内ファーム,0.0,2006.0,2013.0,2001.0
2018103848,マリアンズクックの2018,牝,,,トゥザワールド,2011103975,マリアンズクック,2011102329,ブラックホーク,1994109361,,静内白井牧場,0.0,2011.0,2011.0,1994.0
2018103843,ソラトウミノアオの2018,牡,,,タートルボウル,000a012045,ソラトウミノアオ,2013103511,ベーカバド,000a011dc0,,静内酒井牧場,0.0,2002.0,2013.0,2007.0
2018103838,ダイナモス,牡,,,アグネスデジタル,1997110025,ラブユー,2011102027,マーベラスサンデー,1992103687,,サンコウ牧場,0.0,1997.0,2011.0,1992.0
2018103830,センスオブユニティ,牝,佐藤英明,,ドゥラメンテ,2012104511,バクシンヒロイン,2004104423,サクラバクシンオー,1989108341,三岡有香,佐竹学,0.0,2012.0,2004.0,1989.0
2018103827,ニホンピロコール,牡,服部利之,,ルーラーシップ,2007103143,ニホンピロシェリー,2004104433,アドマイヤベガ,1996107396,小林英一,佐竹学,0.0,2007.0,2004.0,1996.0
2018103826,ニホンピロメドウ,牝,大橋勇樹,,ヘニーヒューズ,000a011155,ニホンピロガレット,1999105765,オジジアン,000a00025e,小林百太郎,佐竹学,0.0,2003.0,1999.0,1983.0
2018103824,ニホンピロカークス,牡,服部利之,,パイロ,000a01176a,ニホンピロアミーカ,2001106050,ウォーニング,000a000843,小林百太郎,佐竹学,0.0,2005.0,2001.0,1985.0
2018103823,ニホンピロアニカの2018,牡,,,エピファネイア,2010104155,ニホンピロアニカ,2004104949,キャプテンスティーヴ,000a000d9d,,佐竹学,0.0,2010.0,2004.0,1997.0
2018103821,サンチャタヌーガ,牡,杉浦宏昭,,タートルボウル,000a012045,シャドークイーン,2010102743,マンハッタンカフェ,1998101554,加藤ステーブル,佐竹学,0.0,2002.0,2010.0,1998.0
2018103816,ケイアイタイム,牡,立花伸,,ダンカーク,000a012185,クインズコノセ,2012103564,キンシャサノキセキ,2003110212,亀田和弘,佐竹学,0.0,2006.0,2012.0,2003.0
2018103810,ライヴキャンディー,牡,菅原勲,,オルフェーヴル,2008102636,ビタースウィート,2007100337,Afleet Alex,000a010dc8,澤田孝之,桜井牧場,0.0,2008.0,2007.0,2002.0
2018103803,シスターズドリーム,牝,田中剛,,ドゥラメンテ,2012104511,エステフ,000a01251e,Sadler's Wells,000a00185d,島井新一郎,桜井牧場,0.0,2012.0,2006.0,1981.0
2018103801,カヴァーチャ,牝,倉地学,,ミュゼスルタン,2012104118,スマートブライト,2009103295,アグネスタキオン,1998101516,伊藤弘泰,坂本春信,0.0,2012.0,2009.0,1998.0
2018103799,ミルトブラック,牡,武市康男,,ストロングリターン,2006102934,ストームトウショウ,2004104750,スターオブコジーン,1988109108,永山勝敏,坂本春雄,0.0,2006.0,2004.0,1988.0
2018103795,スマイルレインボー,牡,高野毅,,メイショウサムソン,2003102205,マリエッタ,2007100321,ゼンノロブロイ,2000101517,堀口晴男,坂本智広,0.0,2003.0,2007.0,2000.0
2018103785,タヒチアンメモリの2018,牡,,,フリオーソ,2004106867,タヒチアンメモリ,2001102061,コマンダーインチーフ,000a0000b0,,坂本健一,0.0,2004.0,2001.0,1990.0
2018103781,シェリーアンベル,牝,菊沢隆徳,,ドゥラメンテ,2012104511,ダイワデリカシー,2001104239,バブルガムフェロー,1993109219,宮崎俊也,酒井秀紀,0.0,2012.0,2001.0,1993.0
2018103780,クライインシンパシの2018,牝,,,ブラックタイド,2001103312,クライインシンパシ,2000107461,サクラバクシンオー,1989108341,,酒井秀紀,0.0,2001.0,2000.0,1989.0
2018103779,ウォーターモノリス,牝,岡田稲男,,エピファネイア,2010104155,ウォーターメアヌイ,2012102915,ダイワメジャー,2001103114,山岡正人,酒井秀紀,0.0,2010.0,2012.0,2001.0
2018103778,ウェルカムフラワーの2018,牡,,,キズナ,2010105827,ウェルカムフラワー,2003105314,エルコンドルパサー,1995108742,,酒井秀紀,0.0,2010.0,2003.0,1995.0
2018103751,マツリバヤシの2018,牡,,,サウスヴィグラス,1996110138,マツリバヤシ,2008100256,スマートボーイ,1995100385,,グランド牧場,0.0,1996.0,2008.0,1995.0
2018103728,スズカサウスボーイ,牡,南井克巳,,ルーラーシップ,2007103143,デラモーレ,2008100281,ディープインパクト,2002100816,永井啓弍,グランド牧場,0.0,2007.0,2008.0,2002.0
2018103721,イタワサ,牝,西川進也,,スズカコーズウェイ,2004104345,ザナイトビフォー,2011101916,クロフネ,1998110135,湯浅徹,グランド牧場,0.0,2004.0,2011.0,1998.0
2018103719,エスミラクル,牝,藤原英昭,,モーリス,2011100655,サンビスタ,2009103532,スズカマンボ,2001103890,グランド牧場,グランド牧場,0.0,2011.0,2009.0,2001.0
2018103713,グレートビームの2018,牡,,,ダブルスター,2009103518,グレートビーム,2008100265,ネオユニヴァース,2000101426,,グランド牧場,0.0,2009.0,2008.0,2000.0
2018103707,タックスフェイス,牝,錦見勇夫,,モーリス,2011100655,イントゥザストーム,2009102925,ディープインパクト,2002100816,伊藤將,グランド牧場,0.0,2011.0,2009.0,2002.0
2018103706,キメツ,牡,,,ダブルスター,2009103518,イエローサブマリン,2011101924,スズカフェニックス,2002107011,,グランド牧場,0.0,2009.0,2011.0,2002.0
2018103699,アスキットローラ,牝,和田雄二,,タイムパラドックス,1998101683,シルクアウローラ,2003105084,クロフネ,1998110135,中江隆一,久保秀雄,0.0,1998.0,2003.0,1998.0
2018103689,アイルオブラヴ,牡,高柳瑞樹,,ミッキーアイル,2011103916,ルックオブラヴ,2013106260,キングズベスト,000a0022d2,広尾レース,木村秀則,0.0,2011.0,2013.0,1997.0
2018103676,カーディフ,牡,野田忍,,グランプリボス,2008103388,ウェルシュステラ,1999110282,Zafonic,000a001d7d,岡本敞司,木村秀則,0.0,2008.0,1999.0,1990.0
2018103673,マキノクィーンの2018,牡,,,ストロングリターン,2006102934,マキノクィーン,2010102582,クロフネ,1998110135,,神垣道弘,0.0,2006.0,2010.0,1998.0
2018103670,ダブルプライムの2018,牝,,,ベーカバド,000a011dc0,ダブルプライム,2009106608,ゴールドアリュール,1999106689,,神垣道弘,0.0,2007.0,2009.0,1999.0
2018103669,サダムフォルトゥナの2018,牝,,,カジノドライヴ,2005110112,サダムフォルトゥナ,2010104422,マンハッタンカフェ,1998101554,,神垣道弘,0.0,2005.0,2010.0,1998.0
2018103659,リバティスカイ,牡,加用正,,エイシンフラッシュ,2007102951,インファクト,2013103612,ダイワメジャー,2001103114,宮川純造,カタオカファーム,0.0,2007.0,2013.0,2001.0
2018103651,エスティパヴォ,牝,田中伸一,,フサイチセブン,2006101225,クインスウィーティ,2010104627,デュランダル,1999106756,杉本剛彦,片岡博,0.0,2006.0,2010.0,1999.0
2018103649,ダイリュウスマート,牝,寺島良,,スマートファルコン,2005100097,ダイリュウキセキ,2011101272,ファスリエフ,000a00fc4c,大野龍,カタオカステーブル,0.0,2005.0,2011.0,1997.0
2018103634,レモンチャンの2018,牡,,,コメート,2012103165,レモンチャン,2010103744,デュランダル,1999106756,,小倉光博,0.0,2012.0,2010.0,1999.0
2018103632,ブライティアライト,牝,五十嵐忠,,トーセンラー,2008102985,ミスライト,2012100278,ハービンジャー,000a011996,小林昌志,小倉光博,0.0,2008.0,2012.0,2006.0
2018103631,トーホウボス,牡,高橋康之,,トーホウジャッカル,2011100482,バトルキクヒメ,2007100162,ホワイトマズル,1990109700,東豊物産,小倉光博,0.0,2011.0,2007.0,1990.0
2018103629,スペランツァーレの2018,牡,,,リーチザクラウン,2006102923,スペランツァーレ,2009102674,シングスピール,1992190005,,小倉光博,0.0,2006.0,2009.0,1992.0
2018103626,ボーディーススズカの2018,牡,,,アジアエクスプレス,2011110091,ボーディーススズカ,2001100526,サンデーサイレンス,000a00033a,,岡野牧場,0.0,2011.0,2001.0,1986.0
2018103599,ヒロシゲカナユリ,牝,武英智,,ロードカナロア,2008103552,テンシンランマン,2010104455,ハーツクライ,2001103038,吉岡隆,岡田牧場,0.0,2008.0,2010.0,2001.0
2018103593,タマモカラコール,セ,藤原辰雄,,サウスヴィグラス,1996110138,タマモエスカルゴ,2011102613,ケイムホーム,000a0108d1,タマモ,岡田牧場,0.0,1996.0,2011.0,1999.0
2018103591,ベルザキャット,牝,高橋文雅,,ゴールドシップ,2009102739,スイートレッドキャット,000a012efa,Bluegrass Cat,000a01173d,ミルファーム,岡田牧場,0.0,2009.0,2010.0,2003.0
2018103586,ヒロシゲキング,牡,北出成人,,ディスクリートキャット,000a0113a1,コーディーライン,000a01063a,Miswaki,000a0017b0,ウエストヒルズ,岡田牧場,0.0,2003.0,2001.0,1978.0
2018103585,ヒロシゲハート,牝,北出成人,,ドゥラメンテ,2012104511,コリンズグラス,2002100977,グラスワンダー,1995108676,ウエストヒルズ,岡田牧場,0.0,2012.0,2002.0,1995.0
2018103581,オースミタッチ,牡,,,モーリス,2011100655,オースミマコ,2005102252,フレンチデピュティ,000a00013a,,岡田牧場,0.0,2011.0,2005.0,1992.0
2018103569,オメガセイレーン,牝,安田翔伍,,ゴールドシップ,2009102739,レッドルンバ,2005110121,Red Ransom,000a001c68,原禮子,岡田スタッド,0.0,2009.0,2005.0,1987.0
2018103539,フォーハピネスの2018,牝,,,マツリダゴッホ,2003104570,フォーハピネス,2009103333,ファスリエフ,000a00fc4c,,岡田スタッド,0.0,2003.0,2009.0,1997.0
2018103527,シルバーライニング,牡,本間忍,,ロージズインメイ,000a010a10,ナンヨーユナ,2010104266,ジャングルポケット,1998101786,ミルファーム,岡田スタッド,0.0,2000.0,2010.0,1998.0
2018103521,ティズトレメンダスの2018,牡,,,マツリダゴッホ,2003104570,ティズトレメンダス,2010110032,Tiz Wonderful,000a011c23,,岡田スタッド,0.0,2003.0,2010.0,2004.0
2018103518,ゴースルーザルーフ,牡,小林真也,,スマートファルコン,2005100097,チェアユーアップ,2006100751,エアジハード,1995107978,前田剛,岡田スタッド,0.0,2005.0,2006.0,1995.0
2018103504,ペルスネージュ,牝,岩戸孝樹,,ディープインパクト,2002100816,スノースタイル,1999100117,ホワイトマズル,1990109700,キャロットファーム,岡田スタッド,0.0,2002.0,1999.0,1990.0
2018103493,クレーデリンテの2018,牝,,,ヘニーヒューズ,000a011155,クレーデリンテ,2013105416,ダイワメジャー,2001103114,,岡田スタッド,0.0,2003.0,2013.0,2001.0
2018103492,ホウオウダンサー,牡,武藤敏明,,スクリーンヒーロー,2004103328,クラックコード,2004103297,ダンスインザダーク,1993109188,Ｉレーシング（株）,岡田スタッド,0.0,2004.0,2004.0,1993.0
2018103484,バジガクアロマ,牝,,,ジャングルポケット,1998101786,オフショア,2009105839,アルカセット,2000190010,,岡田スタッド,0.0,1998.0,2009.0,2000.0
2018103469,マッチョマツリ,牝,,,ダノンレジェンド,2010110102,アイコチャン,2002104892,ピルサドスキー,1992190011,,岡田スタッド,0.0,2010.0,2002.0,1992.0
2018103466,ミュージカルIIの2018,牡,,,ダノンシャンティ,2007105709,ミュージカルII,000a010553,In the Wings,000a001cd4,,大滝康晴,0.0,2007.0,1999.0,1986.0
2018103462,パワポケオーシャン,牝,,,キングヘイロー,1995104427,ルッキングアップ,2004105026,タイキシャトル,1994109686,,及川幸夫,0.0,1995.0,2004.0,1994.0
2018103459,タカイチワールド,牝,,,トゥザワールド,2011103975,クイックレスポンス,000a01118a,Storm Cat,000a001a98,,及川幸夫,0.0,2011.0,2004.0,1983.0
2018103458,テイエムオアシス,牝,石栗龍彦,,スマートファルコン,2005100097,マダムメガミ,2003100803,マヤノトップガン,1992102988,竹園正繼,及川ミツ子,0.0,2005.0,2003.0,1992.0
2018103456,ブラッシュウィズデスティニーの2018,牡,,,アドマイヤムーン,2003102991,ブラッシュウィズデスティニー,000a010aa4,Broad Brush,000a001e93,,漆原武男,0.0,2003.0,2001.0,1983.0
2018103455,ターフィースター,牡,,,パドトロワ,2007102760,ターフィー,000a010ead,Gone West,000a001be1,,漆原武男,0.0,2007.0,1998.0,1984.0
2018103449,タカイチドライブ,牡,,,カジノドライヴ,2005110112,エイシンミーティア,2013102270,マツリダゴッホ,2003104570,,ウエスタンファーム,0.0,2005.0,2013.0,2003.0
2018103444,ウエスタンアダム,牡,沖田明子,,ウエスタンゼウス,2011110070,ウエスタンイヴ,2011110101,エンパイアメーカー,000a010542,西川賢,ウエスタンファーム,0.0,2011.0,2011.0,2000.0
2018103442,スイートライラックの2018,牝,,,トゥザワールド,2011103975,スイートライラック,2009109149,シンボリクリスエス,1999110099,,伊藤敏明,0.0,2011.0,2009.0,1999.0
2018103420,ゴーインフォワード,牝,菅原欣也,,アジアエクスプレス,2011110091,ザペキンハート,2000101698,サンデーウェル,1992107451,伊勢光,荒木貴宏,0.0,2011.0,2000.0,1992.0
2018103401,ストライクスバック,牡,武井亮,,ドゥラメンテ,2012104511,サクセスゴーランド,2007102329,サクラバクシンオー,1989108341,松嶋良治,吉田ファーム,0.0,2012.0,2007.0,1989.0
2018103383,チェイルリーの2018,牡,,,アドマイヤマックス,1999107004,チェイルリー,2004103818,ジャングルポケット,1998101786,,村下農場,0.0,1999.0,2004.0,1998.0
2018103381,グランボルドー,牝,諏訪貴正,,ハービンジャー,000a011996,キーポケット,2004103821,デヒア,000a0000df,間宮秀直,村下農場,0.0,2006.0,2004.0,1991.0
2018103373,メイショウナヴィア,牝,本田優,,リオンディーズ,2013105915,マイラッキー,2005103338,Elusive Quality,000a00231f,松本好雄,村下明博,0.0,2013.0,2005.0,1993.0
2018103372,ハギノプリンセスの2018,牡,,,ホッコータルマエ,2009100921,ハギノプリンセス,2003104168,サンデーサイレンス,000a00033a,,村下明博,0.0,2009.0,2003.0,1986.0
2018103370,メイショウヤマミチ,牡,鮫島一歩,,メイショウボーラー,2001100650,ハギノハーセルフ,2005106611,コロナドズクエスト,000a0000b5,松本好雄,村下明博,0.0,2001.0,2005.0,1995.0
2018103365,ピースチャンス,牝,,,ダノンシャンティ,2007105709,ファミリーバイブル,2000110075,Sadler's Wells,000a00185d,,三好牧場,0.0,2007.0,2000.0,1981.0
2018103361,シゲルスタデオン,牝,九日俊光,,シンボリクリスエス,1999110099,シゲルオワリ,2011104839,ファスリエフ,000a00fc4c,森中蕃,三好牧場,0.0,1999.0,2011.0,1997.0
2018103337,プリマビスティーの2018,牡,,,キンシャサノキセキ,2003110212,プリマビスティー,2007102282,プリサイスエンド,000a00fe9b,,伏木田牧場,0.0,2003.0,2007.0,1997.0
2018103336,ロサプリンセサ,牝,小笠倫弘,,ロージズインメイ,000a010a10,ストリートパレード,2001110024,Seeking the Gold,000a001bea,丸山担,伏木田牧場,0.0,2000.0,2001.0,1985.0
2018103334,ウォータールナ,牝,,,ロードカナロア,2008103552,ウォーターエナン,1999110291,ボストンハーバー,000a00007c,,伏木田牧場,0.0,2008.0,1999.0,1994.0
2018103328,ヤマニンフィスキオ,牝,稲垣幸雄,,ヤマニンセラフィム,1999104188,ヤマニンジャルダン,2003100625,マイネルラヴ,1995108558,土井肇,廣田光夫,0.0,1999.0,2003.0,1995.0
2018103326,ダイゴムソウリュウ,牡,堀井雅広,,ホッコータルマエ,2009100921,ラブリースター,2009101283,サウスヴィグラス,1996110138,長谷川光司,ヒダカファーム,0.0,2009.0,2009.0,1996.0
2018103309,ジューンフローラ,牝,松下武士,,ディープブリランテ,2009105084,アムネリス,2005101663,サウスヴィグラス,1996110138,吉川潤,ヒダカファーム,0.0,2009.0,2005.0,1996.0
2018103299,アーサーズシスター,牝,武幸四郎,,ダイワメジャー,2001103114,シヤボナ,000a01152e,Kingmambo,000a001d7e,中辻明,バンブー牧場,0.0,2001.0,2005.0,1990.0
2018103288,ナカヤマノプラン,牡,松本隆宏,,バトルプラン,000a0118e8,プラネット,2008102178,アグネスフライト,1997103400,中山牧場,中山牧場,0.0,2005.0,2008.0,1997.0
2018103279,ハクサンクノイチ,牝,新開幸一,,シルポート,2005109202,ヒシヴァリアント,2006100493,Galileo,000a00232b,河崎五市,中村雅明,0.0,2005.0,2006.0,1998.0
2018103272,レオラピッド,牡,奥平雅士,,ロージズインメイ,000a010a10,サマーアクトレス,2005105261,サクラバクシンオー,1989108341,レオ,中村雅明,0.0,2000.0,2005.0,1989.0
2018103267,ロックドクトリンの2018,牝,,,リオンディーズ,2013105915,ロックドクトリン,2008102207,ロックオブジブラルタル,000a00fd4c,,中神牧場,0.0,2013.0,2008.0,1999.0
2018103260,チェリーヘルメス,牡,保利良次,,チェリークラウン,2004102428,チェリーノコイビト,2006101366,スクワートルスクワート,000a000da4,櫻井悦朗,富塚ファーム,0.0,2004.0,2006.0,1998.0
2018103249,リゼボルドー,牝,金田一昌,,マツリダゴッホ,2003104570,リアライズナラック,2008110032,Fusaichi Pegasus,000a0022cf,中地賢次郎,高松牧場,0.0,2003.0,2008.0,1997.0
2018103246,エスシーアルビダ,牝,,,プリサイスエンド,000a00fe9b,ナムラユリア,2011100060,ゼンノロブロイ,2000101517,,高松牧場,0.0,1997.0,2011.0,2000.0
2018103244,マミー,牝,深山雅史,,シビルウォー,2005102317,ダンスインザマミー,2009105938,タニノギムレット,1999100226,武田茂男,高松牧場,0.0,2005.0,2009.0,1999.0
2018103243,ジャストドリーム,牡,赤嶺本浩,,ルーラーシップ,2007103143,アグネスフィーバー,2005110173,Vindication,000a010544,立岡広美,高松牧場,0.0,2007.0,2005.0,2000.0
2018103239,タカハギ,牝,高橋文雅,,シニスターミニスター,000a011099,サクセスベルーナ,2009101376,シンボリクリスエス,1999110099,高岸順一,高岸順一,0.0,2003.0,2009.0,1999.0
2018103222,ヴェルメリオ,牝,坂口智康,,マジェスティックウォリアー,000a011e9c,ダイワエタニティー,2008102906,ジャングルポケット,1998101786,今村明浩,大北牧場,0.0,2005.0,2008.0,1998.0
2018103213,マルモリプリンセスの2018,牡,,,ハタノヴァンクール,2009102350,マルモリプリンセス,2013103037,スウィフトカレント,2001103189,,センチュリースタッドファーム,0.0,2009.0,2013.0,2001.0
2018103212,クリノジョージ,牡,伊藤伸一,,パドトロワ,2007102760,ハレルヤ,1996107826,アルカング,000a000d83,栗本博晴,センチュリースタッドファーム,0.0,2007.0,1996.0,1988.0
2018103211,クリノオトヒメ,牝,伊藤伸一,,ショウナンカンプ,1998102595,チャルダッシュ,2000100563,サンデーサイレンス,000a00033a,栗本博晴,センチュリースタッドファーム,0.0,1998.0,2000.0,1986.0
2018103210,クリノキャサリン,牝,本間忍,,ヴァンセンヌ,2009106525,キャサリン,2008102151,ソングオブウインド,2003102461,栗本博晴,センチュリースタッドファーム,0.0,2009.0,2008.0,2003.0
2018103209,クリノサムライ,牡,蛯名利弘,,サムライハート,2002100996,エレン,2004103665,ハンセル,000a000169,栗本博晴,センチュリースタッドファーム,0.0,2002.0,2004.0,1988.0
2018103208,エイプリルフールの2018,牡,,,サムライハート,2002100996,エイプリルフール,2005101565,オジジアン,000a00025e,,センチュリースタッドファーム,0.0,2002.0,2005.0,1983.0
2018103202,オールモストフォーエヴァーの2018,牡,,,トゥザグローリー,2007103265,オールモストフォーエヴァー,000a010630,キングオブキングス,000a0001b8,,猿橋義昭,0.0,2007.0,2001.0,1995.0
2018103188,ベニアカネ,牝,平松徳彦,,アポロキングダム,2003110139,ジュシラ,2006102936,ネオユニヴァース,2000101426,高島幸子,鮫川啓一,0.0,2003.0,2006.0,2000.0
2018103184,ダブルダイヤモンド,牝,安達昭夫,,シニスターミニスター,000a011099,キクノフェアリー,2004103568,アグネスタキオン,1998101516,市川義美,鮫川啓一,0.0,2003.0,2004.0,1998.0
2018103178,アランフェス,牡,高橋康之,,マツリダゴッホ,2003104570,アランフェスロマン,2006100238,イーグルカフェ,1997110118,大森悌次,鮫川啓一,0.0,2003.0,2006.0,1997.0
2018103175,タカノアメージング,牡,北出成人,,ジョーカプチーノ,2006100529,ハートフルビコー,2001104889,ゼンノメイジン,1994109704,山口多賀司,斉藤政志,0.0,2006.0,2001.0,1994.0
2018103169,ビギニング,牝,小手川準,,アイルハヴアナザー,000a011ed3,モーニングムーン,2010106037,アドマイヤムーン,2003102991,手嶋康雄,小島牧場,0.0,2009.0,2010.0,2003.0
2018103166,メジャーベルン,牝,石川浩文,,ダイワメジャー,2001103114,ナナヨーティアラ,2002103870,マイネルラヴ,1995108558,今井優,小島牧場,0.0,2001.0,2002.0,1995.0
2018103157,オマツリサンバ,牝,千葉津代,,マツリダゴッホ,2003104570,ルスナイサンバ,2003103857,キングヘイロー,1995104427,上山泰憲,高昭牧場,0.0,2003.0,2003.0,1995.0
2018103154,リアユニヴァースの2018,牝,,,アイルハヴアナザー,000a011ed3,リアユニヴァース,2009101118,ネオユニヴァース,2000101426,,高昭牧場,0.0,2009.0,2009.0,2000.0
2018103151,オーサムメーカー,牝,畑端省吾,,バトルプラン,000a0118e8,マンハッタンミート,2009101088,マンハッタンカフェ,1998101554,高昭牧場,高昭牧場,0.0,2005.0,2009.0,1998.0
2018103145,プレイアンドラストの2018,牝,,,アドマイヤムーン,2003102991,プレイアンドラスト,2012105878,メイショウサムソン,2003102205,,高昭牧場,0.0,2003.0,2012.0,2003.0
2018103144,フジインザスカイの2018,牝,,,トゥザグローリー,2007103265,フジインザスカイ,2011103176,ディープスカイ,2005101358,,高昭牧場,0.0,2007.0,2011.0,2005.0
2018103142,ドリームフォース,牝,目迫大輔,,マジェスティックウォリアー,000a011e9c,フォースライト,2009101134,マンハッタンカフェ,1998101554,上山泰憲,高昭牧場,0.0,2005.0,2009.0,1998.0
2018103131,タワーライトブルーの2018,牡,,,ディスクリートキャット,000a0113a1,タワーライトブルー,2003103881,アグネスタキオン,1998101516,,高昭牧場,0.0,2003.0,2003.0,1998.0
2018103126,シンプリーシャイン,牡,田中博康,,エイシンヒカリ,2011101273,シンプリーディヴァイン,000a011ddc,Grand Slam,000a0022b9,シルクレーシング,高昭牧場,0.0,2011.0,2004.0,1995.0
2018103124,ミスアクエリアス,牝,石毛善彦,,ザサンデーフサイチ,2004102855,クールグレース,2001100101,フォーティナイナー,000a000134,田畑利彦,高昭牧場,0.0,2004.0,2001.0,1985.0
2018103097,ナムラキッスの2018,牡,,,トゥザワールド,2011103975,ナムラキッス,2011103015,マツリダゴッホ,2003104570,,桑田正己,0.0,2011.0,2011.0,2003.0
2018103092,ウェーブニケ,牝,中尾秀正,,ドリームジャーニー,2004102753,ピアチェヴォーレ,2001103377,オペラハウス,000a000d77,万波健二,桑田牧場,0.0,2004.0,2001.0,1988.0
2018103083,ショウナンアクトの2018,牡,,,モーリス,2011100655,ショウナンアクト,2004103493,フレンチデピュティ,000a00013a,,桑田牧場,0.0,2011.0,2004.0,1992.0
2018103071,サンブエナパーク,牡,中川竜馬,,ロードアルティマ,2000110026,ルナクィーン,2005102465,フジキセキ,1992109618,酒井孝敏,北俣ファーム,0.0,2000.0,2005.0,1992.0
2018103064,アークトパーズ,牝,,,チェリークラウン,2004102428,アロマフレグランス,2011104159,ホワイトマズル,1990109700,,片田保,0.0,2004.0,2011.0,1990.0
2018103061,ラフォルトゥナの2018,牝,,,バトルプラン,000a0118e8,ラフォルトゥナ,1999105460,サンデーサイレンス,000a00033a,,笠松牧場,0.0,2005.0,1999.0,1986.0
2018103054,マクフライト,牡,浜田多実,,マクフィ,000a011c77,ナイトフライト,2008104876,ゴールドアリュール,1999106689,橋元勇氣,笠松牧場,0.0,2007.0,2008.0,1999.0
2018103046,サピエンシア,牝,上原博之,,ワールドエース,2009106353,アビ,000a00fb01,Chief's Crown,000a001b87,水上ふじ子,笠松牧場,0.0,2009.0,1995.0,1982.0
2018103041,リュウノサッチャー,牝,小野次郎,,プリサイスエンド,000a00fe9b,レギンレイヴ,2002103760,ハンセル,000a000169,蓑島竜一,荻伏三好ファーム,0.0,1997.0,2002.0,1988.0
2018103038,マイネアロマの2018,牝,高橋祥泰,,ゴールドシップ,2009102739,マイネアロマ,2007104369,ロージズインメイ,000a010a10,サラブレッドクラブ・ラフィアン,荻伏三好ファーム,0.0,2009.0,2007.0,2000.0
2018103034,アリシアンブルー,牝,飯田雄三,,ヘニーヒューズ,000a011155,チェリーシェル,2010101976,サクラバクシンオー,1989108341,ターフ・スポート,荻伏服部牧場,0.0,2003.0,2010.0,1989.0
2018103026,ブルーボンボヤージの2018,牡,,,マジェスティックウォリアー,000a011e9c,ブルーボンボヤージ,2010101960,Medaglia d'Oro,000a010a65,,大島牧場,0.0,2005.0,2010.0,1999.0
2018103017,パイルドライバー,牡,浅野洋一,,ダイワメジャー,2001103114,レッドジュディス,2013106102,New Approach,000a011656,横田恵子,王蔵牧場,0.0,2001.0,2013.0,2005.0
2018103011,ペトリコール,牝,畠山吉宏,,カレンブラックヒル,2009106230,ボムシェル,2003103747,キャプテンスティーヴ,000a000d9d,ＹＧＧホースクラブ,エムエム、ヤマダファーム,0.0,2009.0,2003.0,1997.0
2018102999,ドラゴンブロート,牡,,,プリサイスエンド,000a00fe9b,ユキノセリーヌ,2008100874,ワイルドラッシュ,000a0003a1,,市正牧場,0.0,1997.0,2008.0,1994.0
2018102998,トビーズタイム,牡,,,トビーズコーナー,000a011fed,ピール,2008105094,マヤノトップガン,1992102988,,市正牧場,0.0,2008.0,2008.0,1992.0
2018102991,ヤイロ,牝,高橋康之,,トビーズコーナー,000a011fed,マイドリーマー,2005101293,アグネスフライト,1997103400,ターフ・スポート,市川牧場,0.0,2008.0,2005.0,1997.0
2018102978,Got Your Number,牝,,,ロードカナロア,2008103552,ミスイヴァノヴィック,000a01340d,Captain Rio,000a010d4b,,アスラン,0.0,2008.0,2012.0,1999.0
2018102977,Glint of Hope,牝,バスティ,,ディープインパクト,2002100816,セイクリッドサイト,2014110072,Fastnet Rock,000a010601,,アスラン,0.0,2002.0,2014.0,2001.0
2018102975,ワンダーアバロン,牡,石橋守,,ワンダーアキュート,2006106794,ワンダープリンセス,1999105739,ジェネラス,000a000148,山本能成,秋場牧場,0.0,2006.0,1999.0,1988.0
2018102974,ワンダービジューの2018,牝,,,マクフィ,000a011c77,ワンダービジュー,2009100312,デビッドジュニア,000a010ea9,,秋場牧場,0.0,2007.0,2009.0,2002.0
2018102972,ローズエンジェルの2018,牡,,,ベルシャザール,2008103004,ローズエンジェル,2006100187,アグネスデジタル,1997110025,,秋場牧場,0.0,2008.0,2006.0,1997.0
2018102965,スマートラン,牝,根本康広,,ザサンデーフサイチ,2004102855,グレートエンジェル,2010102304,プリサイスエンド,000a00fe9b,田畑利彦,秋場牧場,0.0,2004.0,2010.0,1997.0
2018102964,キャラメリーナの2018,牡,,,トゥザグローリー,2007103265,キャラメリーナ,2008103853,アグネスタキオン,1998101516,,秋場牧場,0.0,2007.0,2008.0,1998.0
2018102958,サンウッドランド,牝,高橋文雅,,メイショウボーラー,2001100650,シークレットダイヤ,2004106345,アジュディケーティング,000a000d5d,加藤ステーブル,レースホース牧場,0.0,2001.0,2004.0,1987.0
2018102952,エクセルボス,牡,小手川準,,グランプリボス,2008103388,チアズフィアレス,2002106343,フォーティナイナー,000a000134,谷川正純,米田牧場,0.0,2008.0,2002.0,1985.0
2018102951,カサブランカブーケ,牝,飯田弘道,,スピルバーグ,2009105961,サンキンレター,2003101879,ホワイトマズル,1990109700,川上和彦,米田牧場,0.0,2009.0,2003.0,1990.0
2018102950,スカイパンチ,セ,武藤敏明,,アドマイヤムーン,2003102991,クラスター,000a011160,Danzig,000a0000d3,酒井孝敏,米田牧場,0.0,2003.0,1997.0,1977.0
2018102948,イザベルドスメーンの2018,牡,,,アジアエクスプレス,2011110091,イザベルドスメーン,2007102737,スペシャルウィーク,1995103211,,米田牧場,0.0,2011.0,2007.0,1995.0
2018102941,ヴォイス,牡,宮田敬介,,ジャスタウェイ,2009106461,ココロノスポーツ,2010110092,Monarchos,000a010b7e,竹下浩一,山野牧場,0.0,2009.0,2010.0,1998.0
2018102935,カツサンドジョウ,牝,,,エスケンデレヤ,000a012cc0,セラフィーヌ,2007102813,ネオユニヴァース,2000101426,,山際牧場,0.0,2007.0,2007.0,2000.0
2018102931,ラガーイチバン,牝,尾林幸二,,ドゥラメンテ,2012104511,アポロティアラ,2004101624,パラダイスクリーク,1989109110,奥村啓二,山際牧場,0.0,2012.0,2004.0,1989.0
2018102929,アーリモア,牝,,,ブラックタイド,2001103312,スマートローズ,2012102619,ケイムホーム,000a0108d1,,山際セントラルスタッド,0.0,2001.0,2012.0,1999.0
2018102928,スペシャルライーン,牝,,,ネオユニヴァース,2000101426,グラスレビン,2000105115,ブライアンズタイム,000a000082,,山際セントラルスタッド,0.0,2000.0,2000.0,1985.0
2018102909,リマインド,牝,加藤幸保,,ナカヤマフェスタ,2006102424,ファストメモリー,2009106292,ゴールドアリュール,1999106689,杉山忠国,明治牧場,0.0,2006.0,2009.0,1999.0
2018102903,スカイブレイヴ,牡,,,オルフェーヴル,2008102636,スカイキューティー,2010101696,スペシャルウィーク,1995103211,,明治牧場,0.0,2008.0,2010.0,1995.0
2018102901,ゴールドヴィーヴルの2018,牝,,,キングヘイロー,1995104427,ゴールドヴィーヴル,2012102599,ステイゴールド,1994108729,,明治牧場,0.0,1995.0,2012.0,1994.0
2018102880,レディーメグネイトの2018,牝,,,ゴールドシップ,2009102739,レディーメグネイト,2009101862,ファスリエフ,000a00fc4c,,三石川上牧場,0.0,2009.0,2009.0,1997.0
2018102874,ハイホープス,牡,大竹正博,,スクリーンヒーロー,2004103328,ボールルーム,000a0123d7,Storm Cat,000a001a98,千明牧場,三石川上牧場,0.0,2004.0,2008.0,1983.0
2018102870,メイショウホナミ,牝,荒川義之,,アイルハヴアナザー,000a011ed3,ドゥザボサノバ,000a011dd5,Galileo,000a00232b,松本好雄,三石川上牧場,0.0,2009.0,2008.0,1998.0
2018102867,カワカミセレブル,牡,,,モーリス,2011100655,シルワナII,000a013464,パントレセレブル,000a000271,,三石川上牧場,0.0,2011.0,2011.0,1994.0
2018102866,プライベートカラー,牝,田中淳司,,ダンカーク,000a012185,カワカミリバティー,2009101866,スタチューオブリバティ,000a0109d5,上山浩司,三石川上牧場,0.0,2006.0,2009.0,2000.0
2018102860,ウイズアフェクションの2018,牡,,,ホッコータルマエ,2009100921,ウイズアフェクション,000a011163,Red Ransom,000a001c68,,三石川上牧場,0.0,2009.0,2001.0,1987.0
2018102847,ニシノブライダル,牝,尾形和幸,,ラブリーデイ,2010104298,ケージーハッピー,2005104799,ジェイドロバリー,000a0001a7,西山茂行,松本牧場,0.0,2010.0,2005.0,1987.0
2018102843,トキメキヴィーナス,牝,大石省三,,ヴィクトワールピサ,2007102923,ミルククラウン,2003110152,Mr. Greeley,000a00213e,片岡正雄,前田ファーム,0.0,2007.0,2003.0,1992.0
2018102837,マイネルワンチーム,牡,相沢郁,,キズナ,2010105827,ネヴァーフェイド,2007103051,ステイゴールド,1994108729,サラブレッドクラブ・ラフィアン,前田ファーム,0.0,2010.0,2007.0,1994.0
2018102835,ニシノグリーディの2018,牡,,,アポロキングダム,2003110139,ニシノグリーディ,2013100262,スターリングローズ,1997106560,,前田ファーム,0.0,2003.0,2013.0,1997.0
2018102833,レモンマートル,牝,宮本博,,ハービンジャー,000a011996,トゥルーストーリー,2012109086,キンシャサノキセキ,2003110212,グリーンファーム,前田ファーム,0.0,2006.0,2012.0,2003.0
2018102829,ラインワークス,牡,松永昌博,,ディスクリートキャット,000a0113a1,コーリングオブラブ,2007100565,キングカメハメハ,2001103460,大澤繁昌,前田ファーム,0.0,2003.0,2007.0,2001.0
2018102825,アイギーナの2018,牝,,,クリエイターII,000a013630,アイギーナ,2013100765,エンパイアメーカー,000a010542,,前田ファーム,0.0,2013.0,2013.0,2000.0
2018102823,エルサーレアル,牝,小崎憲,,ルーラーシップ,2007103143,ピサノアリュメール,2002100559,サンデーサイレンス,000a00033a,京都ホースレーシング,前川勝春,0.0,2007.0,2002.0,1986.0
2018102821,レジャンドローズ,牝,菅原欣也,,モーリス,2011100655,ドリーミートーツ,2010104373,ジャングルポケット,1998101786,（同）ＪＰＮ技研,前川勝春,0.0,2011.0,2010.0,1998.0
2018102818,モンテローザ,牝,昆貢,,ロードカナロア,2008103552,オールプリュネル,2013105552,ステイゴールド,1994108729,寺田寿男,前川勝春,0.0,2008.0,2013.0,1994.0
2018102802,サンスポーケン,牡,,,ベルシャザール,2008103004,チェインブラッド,2009101091,マンハッタンカフェ,1998101554,,本桐牧場,0.0,2008.0,2009.0,1998.0
2018102793,スイートデイズ,牝,松山将樹,,ラブリーデイ,2010104298,リアンシチー,2012102484,ディープインパクト,2002100816,友駿ホースクラブ,幌村牧場,0.0,2010.0,2012.0,2002.0
2018102789,チェストケハーツの2018,牝,,,リオンディーズ,2013105915,チェストケハーツ,2013102496,ハーツクライ,2001103038,,幌村牧場,0.0,2013.0,2013.0,2001.0
2018102780,ワキノドライバーの2018,牡,,,ミッキーアイル,2011103916,ワキノドライバー,2004102870,スウェプトオーヴァーボード,000a00fa34,,広田牧場,0.0,2011.0,2004.0,1997.0
2018102775,プロラタの2018,牡,,,トーセンラー,2008102985,プロラタ,000a011e08,エンパイアメーカー,000a010542,,平野牧場,0.0,2008.0,2008.0,2000.0
2018102774,プラチナムキャットの2018,牝,,,エピファネイア,2010104155,プラチナムキャット,000a01386d,Storm Cat,000a001a98,,平野牧場,0.0,2010.0,2008.0,1983.0
2018102773,スズノミライ,牝,高橋裕,,バトルプラン,000a0118e8,ナムラミステリー,1999105132,ジェニュイン,1992109450,小紫嘉之,平野牧場,0.0,2005.0,1999.0,1992.0
2018102770,カレンプリマドーナ,牝,橋口慎介,,モーリス,2011100655,ストロベリーズ,2012101554,コマンズ,000a011625,鈴木隆司,平野牧場,0.0,2011.0,2012.0,1996.0
2018102764,ランプロス,牡,和田正一,,ヘニーヒューズ,000a011155,ダイワサンルージュ,2006103694,コロナドズクエスト,000a0000b5,ノースヒルズ,久井牧場,0.0,2003.0,2006.0,1995.0
2018102752,ノボコメット,牡,田島寿一,,トーセンラー,2008102985,ノボピュアリティ,2009101727,ノボトゥルー,1996110169,ＬＳ．Ｍ,萩澤泰博,0.0,2008.0,2009.0,1996.0
2018102751,エヴァンゲーリウム,牡,柴田高志,,ショウナンカンプ,1998102595,テセラレフィナード,2012100097,ファルブラヴ,1998190004,田頭勇貴,萩澤泰博,0.0,1998.0,2012.0,1998.0
2018102742,リュウノイカヅチ,牡,牧田和弥,,ローエングリン,1999106738,ダンスプリンセス,2002101559,ダンスインザダーク,1993109188,二口雅一,沼田照秋,0.0,1999.0,2002.0,1993.0
2018102740,ニシケンローレル,牝,恵多谷豊,,バゴ,2001190004,ローレルセレナーデ,1999110276,サザンヘイロー,000a00031e,西森鶴,ニシケンファーム,0.0,2001.0,1999.0,1983.0
2018102729,ペプチドネオパレスの2018,牝,,,ダブルスター,2009103518,ペプチドネオパレス,2007101435,ネオユニヴァース,2000101426,,中橋清,0.0,2009.0,2007.0,2000.0
2018102728,スズカコーズキング,牡,木原一良,,スズカコーズウェイ,2004104345,プリモファッション,2005100271,アグネスタキオン,1998101516,永井啓弍,中橋清,0.0,2004.0,2005.0,1998.0
2018102726,ヴィエナトウショウの2018,牝,,,グランプリボス,2008103388,ヴィエナトウショウ,2007100639,ワイルドラッシュ,000a0003a1,,中橋清,0.0,2008.0,2007.0,1994.0
2018102711,パステルブーケ,牝,青木孝文,,ブラックタイド,2001103312,レオパステル,2007103697,キングカメハメハ,2001103460,ターフ・スポート,土田ファーム,0.0,2001.0,2007.0,2001.0
2018102708,モッツノキセキ,牡,土田稔,,ヴィクトワールピサ,2007102923,ペイルローズ,2001101094,フジキセキ,1992109618,本山博之,土田農場,0.0,2007.0,2001.0,1992.0
2018102707,アイアンロード,牡,井上孝彦,,モンテロッソ,000a011b05,ベレッツァ,2003101336,フジキセキ,1992109618,鈴木和彦,土田農場,0.0,2007.0,2003.0,1992.0
2018102702,シードル,牝,,,ドゥラメンテ,2012104511,エキゾチックエレガンス,000a0117f7,Storm Cat,000a001a98,,土田農場,0.0,2012.0,2001.0,1983.0
2018102696,コイクレナイの2018,牡,,,パドトロワ,2007102760,コイクレナイ,2006105360,タイキシャトル,1994109686,,築紫洋,0.0,2007.0,2006.0,1994.0
2018102695,カルディアの2018,牡,,,エピファネイア,2010104155,カルディア,2012102300,ゼンノロブロイ,2000101517,,築紫洋,0.0,2010.0,2012.0,2000.0
2018102692,ヤエノリバー,牝,小野次郎,,ヨハネスブルグ,000a0103b9,ツァーリーナ,2012105486,エンパイアメーカー,000a010542,山本弥恵子,田湯牧場,0.0,1999.0,2012.0,2000.0
2018102678,タカノエイト,牡,,,アジアエクスプレス,2011110091,ポッドマロン,2012102693,ネオユニヴァース,2000101426,,タツヤファーム,0.0,2011.0,2012.0,2000.0
2018102676,ダバイエイジョウ,牝,,,パイロ,000a01176a,ポッドシャイニー,2012100146,ゴールドアリュール,1999106689,,タツヤファーム,0.0,2005.0,2012.0,1999.0
2018102656,ニシノフレデリカ,牝,山口浩幸,,リオンディーズ,2013105915,ソリーソアンジェロ,2010104001,ディープインパクト,2002100816,冨田藤男,田上徹,0.0,2013.0,2010.0,2002.0
2018102655,サンフルーレット,牝,天間昭一,,ショウナンカンプ,1998102595,アンジェリカス,2013105497,ハービンジャー,000a011996,諸岡慶,田上徹,0.0,1998.0,2013.0,2006.0
2018102647,ジャクリーン,牝,加用正,,ロージズインメイ,000a010a10,オレゴンガール,1997110165,Rubiano,000a001d84,副島義久,城地牧場,0.0,2000.0,1997.0,1987.0
2018102637,マテンロウオペラ,牡,久保田貴,,ハーツクライ,2001103038,クリーミーボイス,2012104059,キングカメハメハ,2001103460,寺田千代乃,下屋敷牧場,0.0,2001.0,2012.0,2001.0
2018102635,カネショウメロンの2018,牡,,,スマートファルコン,2005100097,カネショウメロン,2004102378,ディアブロ,000a0000e9,,下屋敷牧場,0.0,2005.0,2004.0,1987.0
2018102632,アジャーニの2018,牡,,,トーセンジョーダン,2006103169,アジャーニ,2011100551,コマンズ,000a011625,,下屋敷牧場,0.0,2006.0,2011.0,1996.0
2018102629,エスケイユメ,牝,藪口一麻,,ジャスタウェイ,2009106461,パラダイスコーブ,2013105314,キングカメハメハ,2001103460,伊藤輔則,嶋田牧場,0.0,2009.0,2013.0,2001.0
2018102621,シャイニングアリスの2018,牡,,,サウスヴィグラス,1996110138,シャイニングアリス,2010105257,ダンシングカラー,1998103701,,佐藤鉄也,0.0,1996.0,2010.0,1998.0
2018102620,フィールファイン,牡,大和田成,,フリオーソ,2004106867,ウインブリアン,2014100218,アイルハヴアナザー,000a011ed3,石川眞実,佐藤鉄也,0.0,2004.0,2014.0,2009.0
2018102614,グランアンセム,牡,石坂正,,グランデッツァ,2009105989,ルレシャンテ,2014105590,ヴィクトワールピサ,2007102923,一村哲也,斉藤スタッド,0.0,2009.0,2014.0,2007.0
2018102613,レピュテーション,牝,大和田成,,バゴ,2001190004,ビアンカリボン,2013102319,スペシャルウィーク,1995103211,グランデオーナーズ,斉藤スタッド,0.0,2001.0,2013.0,1995.0
2018102612,ウノランパンテ,セ,杉浦宏昭,,ヴィクトワールピサ,2007102923,ギガンティア,2004102437,Fusaichi Pegasus,000a0022cf,堀田浩司,斉藤スタッド,0.0,2007.0,2004.0,1997.0
2018102611,マオノアニモ,牝,黒岩陽一,,クリエイターII,000a013630,エヴァ,2006103110,キングカメハメハ,2001103460,湯浅健司,斉藤スタッド,0.0,2013.0,2006.0,2001.0
2018102609,カミーリアフラワー,牝,吉岡辰弥,,ロードカナロア,2008103552,ワンフォーローズ,000a010b6c,Tejano Run,000a010a79,中村祐子,ケイアイファーム,0.0,2008.0,1999.0,1992.0
2018102599,ラパージュの2018,牡,,,ノヴェリスト,000a012230,ラパージュ,2009101517,ダイワメジャー,2001103114,,ケイアイファーム,0.0,2009.0,2009.0,2001.0
2018102596,フェリスの2018,牡,,,キズナ,2010105827,フェリス,2010101359,ジャングルポケット,1998101786,,ケイアイファーム,0.0,2010.0,2010.0,1998.0
2018102591,ハーフムーンIIの2018,牝,,,ロードカナロア,2008103552,ハーフムーンII,000a012d44,Duke of Marmalade,000a011773,,ケイアイファーム,0.0,2008.0,2010.0,2004.0
2018102590,フォーチュンフラグ,牝,,,オルフェーヴル,2008102636,ハリケーンフラッグ,000a012f10,Storm Cat,000a001a98,,ケイアイファーム,0.0,2008.0,2007.0,1983.0
2018102572,エルテアトロの2018,牡,,,ジャスタウェイ,2009106461,エルテアトロ,2007102802,キングカメハメハ,2001103460,,ケイアイファーム,0.0,2009.0,2007.0,2001.0
2018102568,ダノンランディ,牡,中内田充,,ロードカナロア,2008103552,インディアナギャル,000a011a94,Intikhab,000a0022af,ダノックス,ケイアイファーム,0.0,2008.0,2005.0,1994.0
2018102564,ライドディケイド,牡,清水英克,,フリオーソ,2004106867,マザーフェアリー,2009101511,スパイキュール,2000101557,小島吉彦,グローリーファーム,0.0,2004.0,2009.0,2000.0
2018102560,アイアンランナー,牝,本間忍,,カジノドライヴ,2005110112,チアズイーガー,2007105846,キングカメハメハ,2001103460,池上一馬,グローリーファーム,0.0,2005.0,2007.0,2001.0
2018102546,ピースヴィクトリアの2018,牝,,,エスポワールシチー,2005102837,ピースヴィクトリア,2009103884,マヤノトップガン,1992102988,,木下牧場,0.0,2005.0,2009.0,1992.0
2018102545,ステキプレゼントの2018,牡,,,タニノギムレット,1999100226,ステキプレゼント,1999105955,ジェニュイン,1992109450,,木下牧場,0.0,1999.0,1999.0,1992.0
2018102537,フレンチアウルの2018,牝,,,パイロ,000a01176a,フレンチアウル,000a0116dd,Reset,000a011657,,木田牧場,0.0,2005.0,2006.0,2000.0
2018102523,ゲットザウィナー,牡,,,プリサイスエンド,000a00fe9b,モエレピンクレディ,2006103785,ゴールドヘイロー,1997101264,,加野牧場,0.0,1997.0,2006.0,1997.0
2018102520,ブルーライトニング,牡,石井勝男,,フェノーメノ,2009106599,ブルーベルベット,2003107000,フォーティナイナー,000a000134,森田一俊,加野牧場,0.0,2009.0,2003.0,1985.0
2018102518,エスポワールロビン,牡,,,エスポワールシチー,2005102837,ブリリアントロビン,2010101300,プリサイスエンド,000a00fe9b,,加野牧場,0.0,2005.0,2010.0,1997.0
2018102516,トツゲキタイ,牡,橋本和馬,,サウスヴィグラス,1996110138,ハニービー,2006105529,イーグルカフェ,1997110118,和田博美,加野牧場,0.0,1996.0,2006.0,1997.0
2018102511,ジャスティスキング,牡,,,プリサイスエンド,000a00fe9b,エフケーサクラ,2004101148,キンググローリアス,000a000d48,,加野牧場,0.0,1997.0,2004.0,1986.0
2018102510,アイファーキャット,牝,服部利之,,レッドスパーダ,2006105511,アイファーコラソン,2008100238,スターリングローズ,1997106560,中島稔,加野牧場,0.0,2006.0,2008.0,1997.0
2018102509,アオフラワー,牝,,,レッドスパーダ,2006105511,アイファーイービス,2009101233,ブラックタキシード,1996107315,,加野牧場,0.0,2006.0,2009.0,1996.0
2018102505,サンディシフターの2018,牝,,,アジアエクスプレス,2011110091,サンディシフター,000a00ff58,Crafty Prospector,000a00193b,,金舛幸夫,0.0,2011.0,1999.0,1979.0
2018102503,ユウセイキングヌー,牡,戸田博文,,シビルウォー,2005102317,チャイニーズフレア,2004102935,タヤスツヨシ,1992109612,清進電設,片山牧場,0.0,2005.0,2004.0,1992.0
2018102500,ミュークルークス,牡,堀井雅広,,サウスヴィグラス,1996110138,エレナバレー,2013102241,ブレイクランアウト,2006110007,庄司修二,片山牧場,0.0,1996.0,2013.0,2006.0
2018102496,リネンファイン,牝,,,ディープブリランテ,2009105084,ミスフーバフーバ,000a010a9e,Gone West,000a001be1,,折手牧場,0.0,2009.0,2001.0,1984.0
2018102488,バジガクリステージ,牝,高馬元紘,,アポロソニック,2010110120,テイタニアビコー,1998104071,ノーザンテースト,000a000258,（株）馬事学院,オギオギ牧場,0.0,2010.0,1998.0,1971.0
2018102486,グリーンメーラー,牡,石川浩文,,ロードアルティマ,2000110026,ミルリュユッテ,2006106671,ステイゴールド,1994108729,（株）アプエンテ,沖田博志,0.0,2000.0,2006.0,1994.0
2018102484,キタノフェブル,牡,松永康利,,モーリス,2011100655,プレリアル,2009105767,アグネスタキオン,1998101516,北所直人,沖田博志,0.0,2011.0,2009.0,1998.0
2018102482,クリノエンジョイ,牡,藤沢則雄,,トーセンロレンス,2009106085,トーセンバスケット,2005100117,ブライアンズタイム,000a000082,栗本守,沖田博志,0.0,2009.0,2005.0,1985.0
2018102481,キタノラディウス,牡,天間昭一,,エイシンフラッシュ,2007102951,ソリッドリーズン,2014100254,ジャングルポケット,1998101786,北所直人,沖田博志,0.0,2007.0,2014.0,1998.0
2018102469,トーセンアートの2018,牡,,,トーセンロレンス,2009106085,トーセンアート,2004110159,Woodman,000a001beb,,沖田忠幸,0.0,2009.0,2004.0,1983.0
2018102467,プリンセスビグラス,牝,大根田裕,,サウスヴィグラス,1996110138,チャツミムスメ,2007103868,サクラバクシンオー,1989108341,山本茂,沖田忠幸,0.0,1996.0,2007.0,1989.0
2018102457,ネオディーズ,牝,鈴木伸尋,,リオンディーズ,2013105915,ブルーレインボウ,1998101213,マルゼンスキー,000a0003bd,西田俊二,小河豊水,0.0,2013.0,1998.0,1974.0
2018102447,ブラウンレニウム,牡,佐々木晶,,ドゥラメンテ,2012104511,クラッシーシャーロット,000a010aa1,A.P. Indy,000a001d37,キャピタルクラブ,上村清志,0.0,2012.0,1998.0,1989.0
2018102446,ラブエターナル,牝,加藤和宏,,ヴィクトワールピサ,2007102923,アイアンブリッジ,1998101502,トニービン,1983109006,オールラブクラブ,上村清志,0.0,2007.0,1998.0,1983.0
2018102442,ポリリズムの2018,牝,,,モーリス,2011100655,ポリリズム,2006103246,バチアー,000a00004b,,乾皆雄,0.0,2011.0,2006.0,1997.0
2018102431,プーカの2018,牡,,,ダノンシャンティ,2007105709,プーカ,2010104484,キングカメハメハ,2001103460,,飯岡牧場,0.0,2007.0,2010.0,2001.0
2018102428,カネトシフォルテ,牝,五十嵐忠,,シニスターミニスター,000a011099,アクティブアクト,2002102845,ダンスインザダーク,1993109188,兼松昌男,飯岡牧場,0.0,2003.0,2002.0,1993.0
2018102427,ウインミネルヴァの2018,牝,,,バゴ,2001190004,ウインミネルヴァ,2008110007,More Than Ready,000a00fcdd,,若林牧場,0.0,2001.0,2008.0,1997.0
2018102426,ロヴィンマスク,牝,,,メイショウボーラー,2001100650,メイショウエニシ,2013103752,ダイワメジャー,2001103114,,レジェンドファーム,0.0,2001.0,2013.0,2001.0
2018102414,アジリティ,牝,菅原欣也,,アジアエクスプレス,2011110091,マスターギラティナ,2006105096,アグネスデジタル,1997110025,小橋亮太,芳住鉄兵,0.0,2011.0,2006.0,1997.0
2018102411,ムーンスーパーサム,牡,,,プリサイスエンド,000a00fe9b,コトノハ,2003100948,フジキセキ,1992109618,,芳住鉄兵,0.0,1997.0,2003.0,1992.0
2018102408,ダイナルシャトーの2018,牡,,,ベーカバド,000a011dc0,ダイナルシャトー,1999104610,コマンダーインチーフ,000a0000b0,,ヤマタケ牧場,0.0,2007.0,1999.0,1990.0
2018102404,スノーバイパー,牡,八木仁,,ヘニーヒューズ,000a011155,オグリダイアン,2004101040,キングヘイロー,1995104427,馬場剛,ヤマタケ牧場,0.0,2003.0,2004.0,1995.0
2018102403,ワイズドリームの2018,牡,,,ホッコータルマエ,2009100921,ワイズドリーム,2006110110,Yes It's True,000a010753,シルクレーシング,山岡牧場,0.0,2009.0,2006.0,1996.0
2018102402,ラピスラズリライト,牝,稻田彰宏,,アジアエクスプレス,2011110091,レディエマ,2014106496,オンファイア,2003102809,巴山尊文,山岡牧場,0.0,2011.0,2014.0,2003.0
2018102392,キモンカッティング,牡,和田勇介,,コパノリチャード,2010106552,ヴェルテュ,2009101637,ファスリエフ,000a00fc4c,小林祥晃,山岡ファーム,0.0,2010.0,2009.0,1997.0
2018102385,タガノクリエイター,牡,牧浦充徳,,クリエイターII,000a013630,タガノチャンス,2012100519,スペシャルウィーク,1995103211,八木良司,八木牧場,0.0,2013.0,2012.0,1995.0
2018102384,タガノオルテンシア,牡,千田輝彦,,ジョーカプチーノ,2006100529,タガノシャルマン,2000105743,トニービン,1983109006,八木良司,八木牧場,0.0,2006.0,2000.0,1983.0
2018102379,チャームドリームの2018,牝,,,ワンダーアキュート,2006106794,チャームドリーム,2006105053,フレンチデピュティ,000a00013a,,守矢牧場,0.0,2006.0,2006.0,1992.0
2018102367,モリデンプレス,牝,,,アジアエクスプレス,2011110091,ナイスクラップ,2006105040,ディアブロ,000a0000e9,,森田芳男,0.0,2011.0,2006.0,1987.0
2018102363,テイエムアジアオー,牡,,,アジアエクスプレス,2011110091,ガーリッシュハート,2011104490,ハーツクライ,2001103038,,村本牧場,0.0,2011.0,2011.0,2001.0
2018102359,マヤノポルカの2018,牝,,,ホッコータルマエ,2009100921,マヤノポルカ,2009105352,マヤノトップガン,1992102988,,村田牧場,0.0,2009.0,2009.0,1992.0
2018102326,ココゾ,牝,今津博之,,エイシンフラッシュ,2007102951,フレイムコード,2009105355,タヤスツヨシ,1992109612,生田敏成,ムラカミファーム,0.0,2007.0,2009.0,1992.0
2018102286,セイウンスパーダ,牡,栗田徹,,ケープブランコ,000a011b06,ニシノシルエット,2006102574,アグネスタキオン,1998101516,西山茂行,村上欽哉,0.0,2007.0,2006.0,1998.0
2018102285,ニシノシュクランの2018,牝,,,ドゥラメンテ,2012104511,ニシノシュクラン,2008104122,Pulpit,000a002133,,村上欽哉,0.0,2012.0,2008.0,1994.0
2018102284,リリシサ,牡,,,スマートファルコン,2005100097,ドキュン,2004104773,ボストンハーバー,000a00007c,,村上欽哉,0.0,2005.0,2004.0,1994.0
2018102282,デッセシャテーヌの2018,牝,,,ミッキーアイル,2011103916,デッセシャテーヌ,2013105280,ヴィクトワールピサ,2007102923,,村上欽哉,0.0,2011.0,2013.0,2007.0
2018102277,ジェイケイバトルの2018,牡,,,キズナ,2010105827,ジェイケイバトル,2012103446,エンパイアメーカー,000a010542,,村上欽哉,0.0,2010.0,2012.0,2000.0
2018102273,クリッピングエリアの2018,牡,,,ジャスタウェイ,2009106461,クリッピングエリア,2009105733,シンボリクリスエス,1999110099,,村上欽哉,0.0,2009.0,2009.0,1999.0
2018102271,カズサクションの2018,牝,,,トーセンジョーダン,2006103169,カズサクション,2011106395,ゴールドアリュール,1999106689,,村上欽哉,0.0,2006.0,2011.0,1999.0
2018102265,ゼンノベールアップ,牝,森沢友貴,,ドゥラメンテ,2012104511,ウインマリアベール,2007102825,クロフネ,1998110135,（同）ＮＯＫＫＮ,村上欽哉,0.0,2012.0,2007.0,1998.0
2018102259,ジェイケイボーラー,牡,松永康利,,メイショウボーラー,2001100650,アルトゥーナ,2011104164,ハーツクライ,2001103038,小谷野次郎,村上欽哉,0.0,2001.0,2011.0,2001.0
2018102254,ギルベルト,牡,武藤善則,,ブラックタイド,2001103312,ホワイトウォーター,000a010e56,Forestry,000a002270,落合幸弘,的場牧場,0.0,2001.0,2001.0,1996.0
2018102246,アビシーナの2018,牡,,,アジアエクスプレス,2011110091,アビシーナ,000a0123dc,Pivotal,000a002328,,松本信行,0.0,2011.0,2009.0,1993.0
2018102245,フェアリースマイルの2018,牡,,,フリオーソ,2004106867,フェアリースマイル,2011105320,ジャングルポケット,1998101786,,松木加代,0.0,2004.0,2011.0,1998.0
2018102235,ヴェロン,牡,高木登,,ドゥラメンテ,2012104511,マダムジルウェット,2011100191,フジキセキ,1992109618,ラ・メール,松浦牧場,0.0,2012.0,2011.0,1992.0
2018102228,トラストタダカツ,牡,高橋文雅,,ローレルゲレイロ,2004100933,ティエッチグリーン,1996110164,Kingmambo,000a001d7e,菅波雅巳,松浦牧場,0.0,2004.0,1996.0,1990.0
2018102218,カガソレイユ,牝,,,ダイワメジャー,2001103114,アリー,000a011502,Deputy Minister,000a001849,,松浦牧場,0.0,2001.0,2004.0,1979.0
2018102217,レントリリー,牝,,,ホッコータルマエ,2009100921,アースツリー,2007102850,デュランダル,1999106756,,前川隆範,0.0,2009.0,2007.0,1999.0
2018102208,ウインデンファーレの2018,牝,,,アイルハヴアナザー,000a011ed3,ウインデンファーレ,2001107548,ダンスインザダーク,1993109188,,細川農場,0.0,2009.0,2001.0,1993.0
2018102203,グリーンモネの2018,牡,,,ホッコータルマエ,2009100921,グリーンモネ,2011105277,メイショウサムソン,2003102205,,北星村田牧場,0.0,2009.0,2011.0,2003.0
2018102193,アジヤタイリンの2018,牡,,,ベーカバド,000a011dc0,アジヤタイリン,1997103940,サクラユタカオー,1982101222,,北勝ファーム,0.0,2007.0,1997.0,1982.0
2018102179,マルカフローリアンの2018,牝,,,ルーラーシップ,2007103143,マルカフローリアン,2001103120,サンデーサイレンス,000a00033a,,ビッグレッドファーム,0.0,2007.0,2001.0,1986.0
2018102166,プラチナカノン,牡,,,ロージズインメイ,000a010a10,マイネチャーム,2010105485,アグネスタキオン,1998101516,,ビッグレッドファーム,0.0,2000.0,2010.0,1998.0
2018102161,マイネショコラーデの2018,牝,,,オルフェーヴル,2008102636,マイネショコラーデ,2008104913,ロージズインメイ,000a010a10,,ビッグレッドファーム,0.0,2008.0,2008.0,2000.0
2018102157,マイネオーラムの2018,牝,,,グラスワンダー,1995108676,マイネオーラム,2011105235,ステイゴールド,1994108729,,ビッグレッドファーム,0.0,1995.0,2011.0,1994.0
2018102140,ヘアリッヒ,牝,小笠倫弘,,グラスワンダー,1995108676,ダイワノブレス,2001103200,サンデーサイレンス,000a00033a,ビッグレッドファーム,ビッグレッドファーム,0.0,1995.0,2001.0,1986.0
2018102135,ベルリーソ,牝,田島俊明,,アイルハヴアナザー,000a011ed3,サルヴェレジーナ,2014100139,スクリーンヒーロー,2004103328,ビッグレッドファーム,ビッグレッドファーム,0.0,2009.0,2014.0,2004.0
2018102132,コスモリープリングの2018,牡,,,アイルハヴアナザー,000a011ed3,コスモリープリング,2010103311,ヤマニンセラフィム,1999104188,,ビッグレッドファーム,0.0,2009.0,2010.0,1999.0
2018102125,ケイティラブの2018,牡,相沢郁,,スクリーンヒーロー,2004103328,ケイティラブ,2004103689,スキャン,000a000d69,サラブレッドクラブ・ラフィアン,ビッグレッドファーム,0.0,2004.0,2004.0,1988.0
2018102119,マルヨローズ,牝,赤嶺本浩,,アジアエクスプレス,2011110091,エレガンスローズ,2001102267,スペシャルウィーク,1995103211,野村春行,樋渡志尚,0.0,2011.0,2001.0,1995.0
2018102116,ケルフィリー,セ,中竹和也,,ブラックタイド,2001103312,シアージュ,2010110073,Raven's Pass,000a011d04,ノースヒルズ,平山牧場,0.0,2001.0,2010.0,2005.0
2018102113,アランダの2018,牡,,,ヘニーハウンド,2008110097,アランダ,1996101720,サンデーサイレンス,000a00033a,,平山牧場,0.0,2008.0,1996.0,1986.0
2018102106,アイシーモレーン,牡,橘友和,,アロマカフェ,2007104812,レッドアンジェリカ,2008102747,サクラバクシンオー,1989108341,谷口祐人,浜口牧場,0.0,2007.0,2008.0,1989.0
2018102103,ラッキートゥユー,牡,清水英克,,プリサイスエンド,000a00fe9b,トップレイスター,2006106838,マヤノトップガン,1992102988,瀧本和義,浜口牧場,0.0,1997.0,2006.0,1992.0
2018102102,ウインドベリンダ,牝,野田幸雄,,ストロングリターン,2006102934,ディアンサス,2006102960,ティンバーカントリー,000a00035e,福原正博,浜口牧場,0.0,2006.0,2006.0,1992.0
2018102099,シンキングヴァレー,牝,佐藤浩一,,アンライバルド,2006103308,カラエ,2011104102,キングカメハメハ,2001103460,佐藤貞夫,浜口牧場,0.0,2006.0,2011.0,2001.0
2018102089,テイエムナイスガイ,牡,飯田雄三,,ヨハネスブルグ,000a0103b9,スクエアアウェイ,1998101684,フジキセキ,1992109618,竹園正繼,ハシモトファーム,0.0,1999.0,1998.0,1992.0
2018102082,テイクバイフォース,セ,大根田裕,,ゴールドシップ,2009102739,プリモウェイ,000a011adb,Giant's Causeway,000a0022e1,藤沼利夫,ハクレイファーム,0.0,2009.0,2005.0,1997.0
2018102080,ブルーサンダー,牡,大久保龍,,ハービンジャー,000a011996,アスタラビクトリア,2010103924,ネオユニヴァース,2000101426,中辻明,ハクレイファーム,0.0,2006.0,2010.0,2000.0
2018102067,ブリスコラ,牡,笹田和秀,,ヴィクトワールピサ,2007102923,ラトナプラ,2013110049,Distorted Humor,000a0022ea,ノースヒルズ,ノースヒルズ,0.0,2007.0,2013.0,1993.0
2018102064,モーティヴフォース,セ,安田隆行,,ロードカナロア,2008103552,ブルーモーメント,2007104764,ダンスインザダーク,1993109188,ノースヒルズ,ノースヒルズ,0.0,2008.0,2007.0,1993.0
2018102063,レビジュー,牝,萩原清,,ルーラーシップ,2007103143,ブルジュオン,2010105858,ダイワメジャー,2001103114,ノースヒルズ,ノースヒルズ,0.0,2007.0,2010.0,2001.0
2018102061,シェーヴルフォイユ,牝,佐々木晶,,キズナ,2010105827,ピンウィール,2009105012,キングカメハメハ,2001103460,ノースヒルズ,ノースヒルズ,0.0,2010.0,2009.0,2001.0
2018102051,エルニド,牡,尾関知人,,キズナ,2010105827,スイートメドゥーサ,2010105865,アグネスタキオン,1998101516,ノースヒルズ,ノースヒルズ,0.0,2010.0,2010.0,1998.0
2018102046,プラクルアン,牝,武幸四郎,,ブラックタイド,2001103312,サリエル,2007105619,キングカメハメハ,2001103460,ノースヒルズ,ノースヒルズ,0.0,2001.0,2007.0,2001.0
2018102043,ノーブルファミリー,牝,上原博之,,スクリーンヒーロー,2004103328,グローリーブラッド,2001110046,Gone West,000a001be1,ノースヒルズ,ノースヒルズ,0.0,2004.0,2001.0,1984.0
2018102037,ブライエス,牝,高野友和,,キズナ,2010105827,エディン,2009105029,ジャングルポケット,1998101786,ノースヒルズ,ノースヒルズ,0.0,2010.0,2009.0,1998.0
2018102036,インフィオラータ,牝,角田晃一,,オルフェーヴル,2008102636,ヴォルドニュイ,2010110070,Sky Mesa,000a010a66,ノースヒルズ,ノースヒルズ,0.0,2008.0,2010.0,2000.0
2018102031,レヴカ,牝,清水久詞,,ブラックタイド,2001103312,イコールパートナー,2005105381,カリズマティック,000a00fa33,ノースヒルズ,ノースヒルズ,0.0,2001.0,2005.0,1996.0
2018102027,インサイドユー,牡,浜田多実,,トランセンド,2006104736,アルマミーア,2011105115,ディープインパクト,2002100816,ノースヒルズ,ノースヒルズ,0.0,2006.0,2011.0,2002.0
2018102026,アナイアレイト,牡,橋口慎介,,ハービンジャー,000a011996,アディアフォーン,2006104744,ダンスインザダーク,1993109188,ノースヒルズ,ノースヒルズ,0.0,2006.0,2006.0,1993.0
2018102022,ヤマニンラトナ,牝,栗田徹,,キングカメハメハ,2001103460,ヤマニンメルベイユ,2002102259,メジロマックイーン,1987107235,土井肇,錦岡牧場,0.0,2001.0,2002.0,1987.0
2018102017,ヤマニンカンノーリ,牝,粕谷昌央,,ブラックタイド,2001103312,ヤマニンティアモ,2007104735,キングカメハメハ,2001103460,土井肇,錦岡牧場,0.0,2001.0,2007.0,2001.0
2018101990,カンジンカナメ,牝,柳沢好美,,エピファネイア,2010104155,スカーレットダンス,2010105782,ダンスインザダーク,1993109188,（有）長谷川牧場,新冠橋本牧場,0.0,2010.0,2010.0,1993.0
2018101987,シーザシーの2018,牝,,,カレンブラックヒル,2009106230,シーザシー,2008110096,Lemon Drop Kid,000a0022d0,,新冠橋本牧場,0.0,2009.0,2008.0,1996.0
2018101986,シャンスイの2018,牝,,,ヴィクトワールピサ,2007102923,シャンスイ,2005102148,スウェプトオーヴァーボード,000a00fa34,,新冠橋本牧場,0.0,2007.0,2005.0,1997.0
2018101985,インシニス,牡,吉村圭司,,リアルインパクト,2008103244,シャイニングピサ,2009110006,Smart Strike,000a00211c,ノースヒルズ,新冠橋本牧場,0.0,2008.0,2009.0,1992.0
2018101978,ケイアイカナンガ,牡,加藤征弘,,ハービンジャー,000a011996,アースザスリー,2010101280,シンボリクリスエス,1999110099,ケイアイスタリオン,新冠橋本牧場,0.0,2006.0,2010.0,1999.0
2018101977,カゲキヨブレイン,牡,奥平雅士,,ルーラーシップ,2007103143,アドマイヤカグラ,2007103029,スペシャルウィーク,1995103211,エンジェルレーシング,新冠橋本牧場,0.0,2007.0,2007.0,1995.0
2018101976,ラーダーの2018,牡,,,ジャスタウェイ,2009106461,ラーダー,2013105331,ハービンジャー,000a011996,,新冠タガノファーム,0.0,2009.0,2013.0,2006.0
2018101975,タガノアイル,牝,宮本博,,リオンディーズ,2013105915,ラヴソレイユ,2007102714,フジキセキ,1992109618,八木良司,新冠タガノファーム,0.0,2013.0,2007.0,1992.0
2018101974,ヤマカツゴードン,セ,大根田裕,,オルフェーヴル,2008102636,ヤマカツリリー,2000100820,ティンバーカントリー,000a00035e,山田博康,新冠タガノファーム,0.0,2008.0,2000.0,1992.0
2018101971,タガノフラッデル,牝,今野貞一,,ルーラーシップ,2007103143,ボルボレッタ,2009106303,ウォーエンブレム,000a00fa35,八木秀之,新冠タガノファーム,0.0,2007.0,2009.0,1999.0
2018101969,ブランジェリーナの2018,牡,,,マクフィ,000a011c77,ブランジェリーナ,2007102801,Smarty Jones,000a01053e,,新冠タガノファーム,0.0,2007.0,2007.0,2001.0
2018101967,タガノレイシャス,牝,鈴木孝志,,ブラックタイド,2001103312,ビーグレイシャス,2007103072,Mr. Greeley,000a00213e,八木良司,新冠タガノファーム,0.0,2001.0,2007.0,1992.0
2018101960,タガノミューコ,牝,浅見秀一,,マジェスティックウォリアー,000a011e9c,タガノミューチャン,2010105754,ハーツクライ,2001103038,八木良司,新冠タガノファーム,0.0,2005.0,2010.0,2001.0
2018101958,タガノアクトリス,牝,奥村豊,,キズナ,2010105827,タガノバレリーナ,2013101738,ファスリエフ,000a00fc4c,八木良司,新冠タガノファーム,0.0,2010.0,2013.0,1997.0
2018101955,タガノティアーズの2018,牡,,,マジェスティックウォリアー,000a011e9c,タガノティアーズ,2004100611,タニノギムレット,1999100226,,新冠タガノファーム,0.0,2005.0,2004.0,1999.0
2018101950,タガノハイセンス,牡,岡田稲男,,アイルハヴアナザー,000a011ed3,タガノイノセンス,2007106460,マンハッタンカフェ,1998101554,八木良司,新冠タガノファーム,0.0,2009.0,2007.0,1998.0
2018101948,タガノチカマ,牝,千田輝彦,,エイシンヒカリ,2011101273,キープザフェイス,2002100679,エアジハード,1995107978,八木良司,新冠タガノファーム,0.0,2011.0,2002.0,1995.0
2018101937,エースアウト,牝,,,ヴァンセンヌ,2009106525,コウザンティアラ,2013101706,サウスヴィグラス,1996110138,,新冠伊藤牧場,0.0,2009.0,2013.0,1996.0
2018101936,マイコハン,牝,,,スズカコーズウェイ,2004104345,インディゴワルツ,2002100992,サンデーサイレンス,000a00033a,,新冠伊藤牧場,0.0,2004.0,2002.0,1986.0
2018101934,ラッタッタ,牝,,,ローズキングダム,2007103404,リングレット,1997103651,トニービン,1983109006,,長浜牧場,0.0,2007.0,1997.0,1983.0
2018101931,ゴールドクルーガー,牡,羽月友彦,,モーリス,2011100655,トウカイミーロ,2013101701,ワークフォース,000a011a7f,菅原広隆,長浜牧場,0.0,2011.0,2013.0,2007.0
2018101930,トウカイクラルテ,セ,長谷川浩,,モーリス,2011100655,トウカイセレブ,2006104664,キングカメハメハ,2001103460,内村正則,長浜牧場,0.0,2011.0,2006.0,2001.0
2018101925,キングファラオ,牡,酒井一則,,トゥザワールド,2011103975,シゲルヨリツキ,2003100586,コマンダーインチーフ,000a0000b0,成富直行,長浜秀昭,0.0,2011.0,2003.0,1990.0
2018101923,ティールブルー,牡,宮田敬介,,オーシャンブルー,2008102978,ステラシスネ,2010105731,ルールオブロー,000a010d7d,青芝商事,長浜忠,0.0,2008.0,2010.0,2001.0
2018101919,クインオブクインの2018,牝,,,ノーザンリバー,2008103212,クインオブクイン,2002102476,キングヘイロー,1995104427,,長浜忠,0.0,2008.0,2002.0,1995.0
2018101910,ニシノアストン,牡,,,ストロングリターン,2006102934,ザマーチャン,2013105493,ディープインパクト,2002100816,,中山高鹿康,0.0,2006.0,2013.0,2002.0
2018101907,アサリチャン,牝,宮川浩一,,シビルウォー,2005102317,イシュトリルトン,2006105597,ムーンバラッド,000a00fe8f,大田恭充,中山高鹿康,0.0,2005.0,2006.0,1999.0
2018101905,マンノアクトレスの2018,牝,,,ジョーカプチーノ,2006100529,マンノアクトレス,2010106202,ハーツクライ,2001103038,,中本牧場,0.0,2006.0,2010.0,2001.0
2018101902,サンギャラップ,牝,深山雅史,,アンライバルド,2006103308,フォールメドウ,2009102496,アグネスタキオン,1998101516,加藤ステーブル,中本牧場,0.0,2006.0,2009.0,1998.0
2018101896,ルフトヴァッフェ,牡,保利良平,,コメート,2012103165,カボスチャン,2012104414,タニノギムレット,1999100226,津田浩一,中本牧場,0.0,2012.0,2012.0,1999.0
2018101895,バジガクゴレアーダ,牝,桜田浩樹,,リヤンドファミユ,2010104396,アマレット,2008100079,スウェプトオーヴァーボード,000a00fa34,（株）馬事学院,中本牧場,0.0,2010.0,2008.0,1997.0
2018101882,カムアラウンドの2018,牡,,,トランセンド,2006104736,カムアラウンド,2005102490,アドマイヤベガ,1996107396,,中地義次,0.0,2006.0,2005.0,1996.0
2018101875,オゲンキデスカ,牝,雑賀正光,,パドトロワ,2007102760,イカガデスカ,2004100544,デヒア,000a0000df,内田玄祥,中地広大,0.0,2007.0,2004.0,1991.0
2018101867,ジョンジョンブーム,牡,武井亮,,ヴァンセンヌ,2009106525,トップギャル,2010103280,ワイルドラッシュ,000a0003a1,小田吉男,トモファーム,0.0,2009.0,2010.0,1994.0
2018101863,ロードウォルトン,牡,菊川正達,,リーチザクラウン,2006102923,ハワイアンアイ,2012100439,キングカメハメハ,2001103460,ロードホースクラブ,富本茂喜,0.0,2006.0,2012.0,2001.0
2018101861,サウンドダンス,牡,武英智,,サウンドボルケーノ,2008110123,ミッドナイトダンス,2006106473,ダンスインザダーク,1993109188,増田雄一,飛渡牧場,0.0,2008.0,2006.0,1993.0
2018101859,ビューティーレディの2018,牝,,,サウンドボルケーノ,2008110123,ビューティーレディ,2002102784,サンデーサイレンス,000a00033a,,飛渡牧場,0.0,2008.0,2002.0,1986.0
2018101858,コスモイッシン,牡,,,コパノリチャード,2010106552,ヒシラスティ,2008104356,フサイチコンコルド,1993109220,,飛渡牧場,0.0,2010.0,2008.0,1993.0
2018101857,ピンクマジック,牡,牧光二,,バンデ,2010110049,ヒシサブリナ,2011110053,Bernardini,000a0111fe,飛渡牧場,飛渡牧場,0.0,2010.0,2011.0,2003.0
2018101848,リュウノマゼラン,牡,国信満,,ディープスカイ,2005101358,ベイビーローズ,2006110098,シングスピール,1992190005,蓑島竜一,トド岩高原銀河農場物語,0.0,2005.0,2006.0,1992.0
2018101845,リュウノマンデラ,牡,中塚猛,,アッミラーレ,1997100569,タオルミーナ,2000102501,タイキシャトル,1994109686,蓑島竜一,トド岩高原銀河農場物語,0.0,1997.0,2000.0,1994.0
2018101837,カタラズ,牡,高馬元紘,,ゴールドシップ,2009102739,レスティヴコマンダ,1998100546,コマンダーインチーフ,000a0000b0,（株）馬事学院,つつみ牧場,0.0,2009.0,1998.0,1990.0
2018101836,クリノギンザン,牡,中尾秀正,,アスカクリチャン,2007104599,ナムラインプレス,2008104667,チーフベアハート,1993190010,栗本博晴,つつみ牧場,0.0,2007.0,2008.0,1993.0
2018101829,タマモコレクト,牡,辻哲英,,エピファネイア,2010104155,チャームアンサー,2006104566,メジロライアン,1987105368,タマモ,対馬正,0.0,2010.0,2006.0,1987.0
2018101822,キミエース,牡,長谷川浩,,パドトロワ,2007102760,シバノサンデー,2012102640,スターリングローズ,1997106560,大島豊彦,中央牧場,0.0,2007.0,2012.0,1997.0
2018101820,クインクインクインの2018,牡,,,アポロソニック,2010110120,クインクインクイン,2001101903,フジキセキ,1992109618,,中央牧場,0.0,2010.0,2001.0,1992.0
2018101815,モエレゴールドの2018,牡,,,クリエイターII,000a013630,モエレゴールド,2001100980,サンデーサイレンス,000a00033a,,大作ステーブル,0.0,2013.0,2001.0,1986.0
2018101814,ハーモニークルス,牡,平田正一,,スパロービート,2005104351,メテオロン,2009101754,クロフネ,1998110135,日下部勝徳,大作ステーブル,0.0,2005.0,2009.0,1998.0
2018101812,グローリアスシータ,牝,新井清重,,シビルウォー,2005102317,ヒカルアスピレイト,2007102453,ネオユニヴァース,2000101426,日下部勝徳,大作ステーブル,0.0,2005.0,2007.0,2000.0
2018101809,トラストガイア,牡,高木登,,ベルシャザール,2008103004,ノーブルガイア,2009102750,マリエンバード,000a00fa36,菅波立知子,大作ステーブル,0.0,2008.0,2009.0,1997.0
2018101802,ガストネードの2018,牝,,,スピルバーグ,2009105961,ガストネード,2011104776,キングカメハメハ,2001103460,,大作ステーブル,0.0,2009.0,2011.0,2001.0
2018101798,ブルガリアンローズ,牝,浅野洋一,,キングズベスト,000a0022d2,ハッピーディレンマ,2007102865,アグネスタキオン,1998101516,田頭勇貴,大栄牧場,0.0,1997.0,2007.0,1998.0
2018101789,シゲルセキニンシャ,牡,湯窪幸雄,,ヴィクトワールピサ,2007102923,ギャルソンヌ,2012110005,Henrythenavigator,000a0116fd,森中蕃,大栄牧場,0.0,2007.0,2012.0,2005.0
2018101788,エリンピチカート,牝,清水英克,,ディスクリートキャット,000a0113a1,エリンズハープ,2009105751,ネオユニヴァース,2000101426,田頭勇貴,大栄牧場,0.0,2003.0,2009.0,2000.0
2018101787,アルマアダーラの2018,牝,,,カレンブラックヒル,2009106230,アルマアダーラ,2010105637,マーベラスサンデー,1992103687,,大栄牧場,0.0,2009.0,2010.0,1992.0
2018101780,テイエムユニバース,牝,五十嵐忠,,ネオユニヴァース,2000101426,テイエムプリキュア,2003101046,パラダイスクリーク,1989109110,竹園正繼,タニグチ牧場,0.0,2000.0,2003.0,1989.0
2018101778,ツルマルダイキチ,牡,,,トーセンジョーダン,2006103169,テイエムクラウン,2002104854,ブライアンズタイム,000a000082,,タニグチ牧場,0.0,2006.0,2002.0,1985.0
2018101776,サクセスアイニーの2018,牝,,,ディープブリランテ,2009105084,サクセスアイニー,2007104540,ジャングルポケット,1998101786,,タニグチ牧場,0.0,2009.0,2007.0,1998.0
2018101764,ショウナンサキガケ,牡,矢野英一,,ジャングルポケット,1998101786,ショウナンマラーク,2012101721,エンパイアメーカー,000a010542,国本哲秀,武田牧場,0.0,1998.0,2012.0,2000.0
2018101760,キングバルドー,牡,,,アンライバルド,2006103308,ラブグランデー,2007103827,グランデラ,000a00fe3b,,武田修一,0.0,2006.0,2007.0,1998.0
2018101757,キンドリング,牝,,,ジャスタウェイ,2009106461,ハロータマ,2008104512,ゼンノエルシド,1997110179,,武田修一,0.0,2009.0,2008.0,1997.0
2018101753,フレンドスキャンの2018,牡,,,ディープスカイ,2005101358,フレンドスキャン,2007106450,スキャン,000a000d69,,武田寛治,0.0,2005.0,2007.0,1988.0
2018101748,アタカヒール,牝,鈴木伸尋,,カレンブラックヒル,2009106230,プリッシーブリッチーズ,000a0114eb,Kingmambo,000a001d7e,高瀬牧場,高瀬牧場,0.0,2009.0,2001.0,1990.0
2018101745,キミノナハサクラ,牝,櫻井拓章,,ドゥラメンテ,2012104511,オウケンサクラ,2007104509,バゴ,2001190004,浦野和由,高瀬牧場,0.0,2012.0,2007.0,2001.0
2018101737,オリアナヴェント,牝,古賀史生,,トゥザワールド,2011103975,ガンセ,2009104768,クロフネ,1998110135,西森功,隆栄牧場,0.0,2011.0,2009.0,1998.0
2018101736,サーフアンドターフ,牡,加藤和宏,,コパノリチャード,2010106552,ワイルドハーブ,2013103224,ディープスカイ,2005101358,スピードファーム,スピードファーム,0.0,2010.0,2013.0,2005.0
2018101735,ライステラスの2018,牡,,,ミッキーアイル,2011103916,ライステラス,2008104574,ソングオブウインド,2003102461,,スピードファーム,0.0,2011.0,2008.0,2003.0
2018101734,フィジータイム,牡,佐藤吉勝,,キズナ,2010105827,フィジークルーズ,2008104568,スピードワールド,1994109494,スピードファーム,スピードファーム,0.0,2010.0,2008.0,1994.0
2018101733,チェスキーラーイ,牝,甲田悟史,,リオンディーズ,2013105915,ファインロマンス,2008104573,ゴールドアリュール,1999106689,スピードファーム,スピードファーム,0.0,2013.0,2008.0,1999.0
2018101732,ハクサンシャジン,牝,,,フェノーメノ,2009106599,ファインショット,2003107075,スピードワールド,1994109494,,スピードファーム,0.0,2009.0,2003.0,1994.0
2018101731,チェイスモード,牡,和田正一,,グランプリボス,2008103388,ハートヴァイン,2009104756,スピードワールド,1994109494,スピードファーム,スピードファーム,0.0,2008.0,2009.0,1994.0
2018101720,ペルレストラーダの2018,牝,,,スクリーンヒーロー,2004103328,ペルレストラーダ,2007104463,アルデバランＩＩ,000a010541,,須崎牧場,0.0,2004.0,2007.0,1998.0
2018101717,ジーガーライデン,牡,武市康男,,カレンブラックヒル,2009106230,ジーガールージュ,2012100313,カネヒキリ,2002100978,ジーガー,須崎牧場,0.0,2009.0,2012.0,2002.0
2018101709,アンバーインセンス,牝,星野忍,,アドマイヤムーン,2003102991,オメガロンド,2004103306,フレンチデピュティ,000a00013a,田頭勇貴,スカイビーチステーブル,0.0,2003.0,2004.0,1992.0
2018101703,セイカトサイナリ,牝,南田美知,,グランデッツァ,2009105989,セイカイリス,2011100622,キングカメハメハ,2001103460,久米誠,シンユウファーム,0.0,2009.0,2011.0,2001.0
2018101700,ゴールドアンカー,牝,高馬元紘,,ディープブリランテ,2009105084,クロススピード,2006104433,サウスヴィグラス,1996110138,中田和宏,シンユウファーム,0.0,2009.0,2006.0,1996.0
2018101691,コスモマッドネス,牡,小野次郎,,ジョーカプチーノ,2006100529,シルクラビッシュ,2001102243,エルコンドルパサー,1995108742,ビッグレッドファーム,シンカンファーム,0.0,2006.0,2001.0,1995.0
2018101683,コスモグランカナル,牡,金成貴史,,コパノリチャード,2010106552,ラトーヌサンライズ,2000106013,タイキシャトル,1994109686,岡田繁幸,渋谷一郎,0.0,2010.0,2000.0,1994.0
2018101651,キンジョウテンカ,牝,桜田浩樹,,ガルボ,2007101163,ユウカスミレ,2000104708,サニーブライアン,1994105719,井野口敦彦,今野活博,0.0,2007.0,2000.0,1994.0
2018101638,ウインマルシュ,牡,細川忠義,,ゴールドシップ,2009102739,サクセスストレイン,1998107219,ティッカネン,000a000d88,上岡和男,コスモヴューファーム,0.0,2009.0,1998.0,1991.0
2018101636,ブリオローズ,牝,大和田成,,ロージズインメイ,000a010a10,コスモメリー,2011101467,アドマイヤジャパン,2002102324,コスモヴューファーム,コスモヴューファーム,0.0,2000.0,2011.0,2002.0
2018101633,ダズリンビジュー,牝,五十嵐忠,,エイシンフラッシュ,2007102951,コスモプラチナ,2003105723,ステイゴールド,1994108729,コスモヴューファーム,コスモヴューファーム,0.0,2007.0,2003.0,1994.0
2018101620,ウインミューズの2018,牝,,,アイルハヴアナザー,000a011ed3,ウインミューズ,2013101436,ダイワメジャー,2001103114,,コスモヴューファーム,0.0,2009.0,2013.0,2001.0
2018101613,アルカネットの2018,牡,,,バトルプラン,000a0118e8,アルカネット,1999101370,ダンスインザダーク,1993109188,,コスモヴューファーム,0.0,2005.0,1999.0,1993.0
2018101612,ハニークイーン,牝,矢野久美,,マツリダゴッホ,2003104570,アイルキャッチユー,2014101677,アイルハヴアナザー,000a011ed3,中地賢次郎,コスモヴューファーム,0.0,2003.0,2014.0,2009.0
2018101599,ヤサカキングチャン,牡,水野貴広,,アジアエクスプレス,2011110091,ヤサカシャイニー,2008104310,アドマイヤジャパン,2002102324,志邑宣彦,小泉牧場,0.0,2011.0,2008.0,2002.0
2018101591,サウンドブラック,牡,安達昭夫,,ブラックタイド,2001103312,サウンドガガ,2009110065,Roman Ruler,000a011480,増田雄一,小泉牧場,0.0,2001.0,2009.0,2002.0
2018101589,シビックモエ,牝,平田修,,ヘニーヒューズ,000a011155,コウエイオトメ,2008104252,ハーツクライ,2001103038,國枝久美子,小泉牧場,0.0,2003.0,2008.0,2001.0
2018101585,グッドスマイル,牡,玉垣光章,,エピファネイア,2010104155,イナズマローレル,2001101745,ピルサドスキー,1992190011,杉立健次郎,小泉牧場,0.0,2010.0,2001.0,1992.0
2018101583,アスターブランコ,牡,中竹和也,,ヘニーヒューズ,000a011155,イナズマアマリリス,2006104345,スエヒロコマンダー,1995104468,加藤久枝,小泉牧場,0.0,2003.0,2006.0,1995.0
2018101582,グランドピクシー,牝,笹田和秀,,ジャスタウェイ,2009106461,ワンズガーホッド,2006104306,マイネルラヴ,1995108558,林千枝子,協和牧場,0.0,2009.0,2006.0,1995.0
2018101581,シャイントラスト,牡,藤田輝信,,ベルシャザール,2008103004,レイニータ,2007104306,アグネスデジタル,1997110025,桑野隆司,協和牧場,0.0,2008.0,2007.0,1997.0
2018101576,アモーレヨシコ,牝,,,ジャングルポケット,1998101786,キョウワフェアリー,2007104304,アルカセット,2000190010,,協和牧場,0.0,1998.0,2007.0,2000.0
2018101564,クーファチックの2018,牡,,,ベーカバド,000a011dc0,クーファチック,2010105411,ハーツクライ,2001103038,,川島牧場,0.0,2007.0,2010.0,2001.0
2018101556,ビューティサンの2018,牡,,,クリエイターII,000a013630,ビューティサン,2009101650,フジキセキ,1992109618,,川上悦夫,0.0,2013.0,2009.0,1992.0
2018101552,キボウノヒビキ,牝,的場均,,グラスワンダー,1995108676,クリノメダリスト,2006106767,ステイゴールド,1994108729,高橋信博,上井農場,0.0,1995.0,2006.0,1994.0
2018101538,アールアブソリュー,牡,,,ロードカナロア,2008103552,ヒシガーネット,2010105393,マンハッタンカフェ,1998101554,,カミイスタット,0.0,2008.0,2010.0,1998.0
2018101532,ファイターボス,牡,,,ラブリーデイ,2010104298,ユヴェーレン,2012100695,ディープインパクト,2002100816,,柏木一則,0.0,2010.0,2012.0,2002.0
2018101524,ピュアシークレット,牝,保利良次,,フェノーメノ,2009106599,シークレットベース,2008105203,テレグノシス,1999106851,山口春夫,柏木一則,0.0,2009.0,2008.0,1999.0
2018101518,リトルロータス,牝,松永康利,,ブラックタイド,2001103312,パパラチア,2003106788,グラスワンダー,1995108676,榊原源一郎,オリエント牧場,0.0,2001.0,2003.0,1995.0
2018101504,シゲルソウダンヤク,牡,水野貴広,,シニスターミニスター,000a011099,シゲルデリシャス,2009103257,フジキセキ,1992109618,森中蕃,大林ファーム,0.0,2003.0,2009.0,1992.0
2018101493,シャインローレル,牡,村上頼章,,アジアエクスプレス,2011110091,ダラーバックス,2009106102,ネオユニヴァース,2000101426,岡田勇,大狩部牧場,0.0,2011.0,2009.0,2000.0
2018101482,ファインノブレス,牝,,,スクリーンヒーロー,2004103328,ファインドヌーヴ,2012100084,チチカステナンゴ,000a011135,,岩見牧場,0.0,2004.0,2012.0,1998.0
2018101481,ピノノワール,牝,奥村武,,ルーラーシップ,2007103143,ピサノドヌーヴ,2005102226,アグネスタキオン,1998101516,井山登,岩見牧場,0.0,2007.0,2005.0,1998.0
2018101471,ミスタージャガー,牡,,,ヴァンセンヌ,2009106525,ケージーササニシキ,2010101638,ファスリエフ,000a00fc4c,,イワミ牧場,0.0,2009.0,2010.0,1997.0
2018101465,リョウランリオン,セ,小野次郎,,リオンディーズ,2013105915,レアリサール,2008104260,ブライアンズタイム,000a000082,佐藤啓子,石田牧場,0.0,2013.0,2008.0,1985.0
2018101456,キュートシャイン,牝,金田一昌,,アドマイヤマックス,1999107004,イシノウォーニング,2007104091,ムーンバラッド,000a00fe8f,長橋秀雄,石田牧場,0.0,1999.0,2007.0,1999.0
2018101450,チョウノヨウニマイの2018,牡,,,クロフネ,1998110135,チョウノヨウニマイ,2004110218,Broad Brush,000a001e93,,石郷岡五月,0.0,1998.0,2004.0,1983.0
2018101448,クリノエトワール,牡,谷潔,,キズナ,2010105827,スクリーマー,2001103250,エンドスウィープ,000a00010f,栗本守,石郷岡五月,0.0,2010.0,2001.0,1991.0
2018101446,コスモランゲルの2018,牡,,,ジョーカプチーノ,2006100529,コスモランゲル,2005105520,スターオブコジーン,1988109108,,石郷岡五月,0.0,2006.0,2005.0,1988.0
2018101445,ハイランドゲームズ,牡,,,ヘニーヒューズ,000a011155,ケイティバローズ,2010105312,マンハッタンカフェ,1998101554,,石郷岡五月,0.0,2003.0,2010.0,1998.0
2018101436,アラマサローズの2018,牡,,,ヘニーヒューズ,000a011155,アラマサローズ,2006104117,スターリングローズ,1997106560,,アラキファーム,0.0,2003.0,2006.0,1997.0
2018101428,ダッシュアンドゴー,牡,,,フリオーソ,2004106867,ゴールドエンジェル,2004103933,クロフネ,1998110135,,安達洋生,0.0,2004.0,2004.0,1998.0
2018101427,グジョウレイヴの2018,牡,,,トゥザワールド,2011103975,グジョウレイヴ,2013101256,スクリーンヒーロー,2004103328,,安達洋生,0.0,2011.0,2013.0,2004.0
2018101424,キタノコンキスタ,牝,小笠倫弘,,ラブリーデイ,2010104298,ベルモントエルメス,2006104908,ティンバーカントリー,000a00035e,北所直人,アサヒ牧場,0.0,2010.0,2006.0,1992.0
2018101423,ビスタライン,牡,,,フェノーメノ,2009106599,タカヒロスニッツ,2008105296,スニッツェル,000a010eaa,,アサヒ牧場,0.0,2009.0,2008.0,2002.0
2018101422,スクリートキャット,牝,田中淳司,,ディスクリートキャット,000a0113a1,タカヒロガートップ,2010105291,アドマイヤマックス,1999107004,高岡浩行,アサヒ牧場,0.0,2003.0,2010.0,1999.0
2018101413,グランスリターン,牡,酒井一則,,ストロングリターン,2006102934,シルクミレニア,2009105399,ブライアンズタイム,000a000082,谷謙介,浅川牧場,0.0,2006.0,2009.0,1985.0
2018101411,レッドイグナーツ,牡,,,レッドスパーダ,2006105511,アルテッツァ,2010104749,アグネスタキオン,1998101516,,浅川牧場,0.0,2006.0,2010.0,1998.0
2018101409,マテンロウアチーブ,牡,高橋亮,,ハービンジャー,000a011996,レイナカスターニャ,2008103252,キングカメハメハ,2001103460,寺田千代乃,秋田牧場,0.0,2006.0,2008.0,2001.0
2018101399,ヤマノルーキー,牡,村上正和,,ベルシャザール,2008103004,ウィンメッセージ,1999103039,ウイニングチケット,1990102314,山口明彦,山口明彦,0.0,2008.0,1999.0,1990.0
2018101398,シャイニーランド,牡,,,マクフィ,000a011c77,ブライティアパルス,2005104040,ダイタクリーヴァ,1997105873,,雅牧場,0.0,2007.0,2005.0,1997.0
2018101397,ブライティアヒル,牝,,,カジノドライヴ,2005110112,ブライティアナイル,2004106630,アドマイヤベガ,1996107396,,雅牧場,0.0,2005.0,2004.0,1996.0
2018101396,プリオールトップ,牝,佐藤吉勝,,ジャングルポケット,1998101786,ブライティアトップ,2009102097,スペシャルウィーク,1995103211,小林昌志,雅牧場,0.0,1998.0,2009.0,1995.0
2018101393,ブライティアソラ,牝,,,スピルバーグ,2009105961,スピリットオブブライティア,000a0123e2,Invincible Spirit,000a01056d,,雅牧場,0.0,2009.0,2008.0,1997.0
2018101391,ゴールドゼニス,牡,,,フリオーソ,2004106867,ラビットファレル,2008106431,アグネスデジタル,1997110025,,船越伸也,0.0,2004.0,2008.0,1997.0
2018101389,ノイエクローネの2018,牡,,,ローエングリン,1999106738,ノイエクローネ,2014105440,ネオユニヴァース,2000101426,,船越伸也,0.0,1999.0,2014.0,2000.0
2018101383,スターマインド,牝,,,ジャングルポケット,1998101786,ファミリーパーク,2012104141,ネオユニヴァース,2000101426,,びらとり牧場,0.0,1998.0,2012.0,2000.0
2018101382,ロータスフラワー,牝,桜田康二,,フェノーメノ,2009106599,パラダイスフラワー,2004105298,ティンバーカントリー,000a00035e,山本武司,びらとり牧場,0.0,2009.0,2004.0,1992.0
2018101367,タクミチョウサン,牡,和田正一,,ストロングリターン,2006102934,プジュリ,2003104378,ダンスインザダーク,1993109188,チョウサン,坂東牧場,0.0,2006.0,2003.0,1993.0
2018101360,タイプチョウサン,牡,石毛善彦,,オルフェーヴル,2008102636,ナデシコチョウサン,2012102128,ディープインパクト,2002100816,チョウサン,坂東牧場,0.0,2008.0,2012.0,2002.0
2018101355,HK Dragon,牡,,,ロードカナロア,2008103552,スウィートレイディー,000a013092,Encosta de Lago,000a0112ca,,坂東牧場,0.0,2008.0,2005.0,1993.0
2018101353,スタージュエル,牝,中舘英二,,オルフェーヴル,2008102636,ジュエルトウショウ,2009103937,アグネスタキオン,1998101516,キャロットファーム,坂東牧場,0.0,2008.0,2009.0,1998.0
2018101346,カマクラチョウサン,牡,和田雄二,,オルフェーヴル,2008102636,カンタオーラ,2010100100,Ballingarry,000a011774,チョウサン,坂東牧場,0.0,2008.0,2010.0,1999.0
2018101342,ブラックピンク,牝,小野望,,カジノドライヴ,2005110112,ウォンビーロング,2007103916,ストラヴィンスキー,000a00fa41,山本剛史,坂東牧場,0.0,2005.0,2007.0,1996.0
2018101340,コーベチョウサン,牡,和田雄二,,オルフェーヴル,2008102636,アリエッタ,2010105876,シンボリクリスエス,1999110099,チョウサン,坂東牧場,0.0,2008.0,2010.0,1999.0
2018101339,アイアムカガヤキ,牝,奥平雅士,,モーリス,2011100655,アイアムカミノマゴ,2006102871,アグネスタキオン,1998101516,堀紘一,坂東牧場,0.0,2011.0,2006.0,1998.0
2018101333,ママテイオーノユメ,牝,,,ヴァンセンヌ,2009106525,マンノヴィクトリア,2008105195,トウカイテイオー,1988101025,,二風谷ファーム,0.0,2009.0,2008.0,1988.0
2018101331,エイトラック,牝,田島俊明,,キングヘイロー,1995104427,ブルーピアス,2009101850,ヘクタープロテクター,000a000d6b,田島榮二郎,二風谷ファーム,0.0,1995.0,2009.0,1988.0
2018101324,テノヒラガエシ,牝,長倉功,,マツリダゴッホ,2003104570,シンプリーラヴリー,000a010e8b,Bold Executive,000a0020cc,Ｉレーシング（株）,二風谷ファーム,0.0,2003.0,2002.0,1984.0
2018101323,ゴッドリヴァプール,牡,角田晃一,,ハービンジャー,000a011996,クイーンズシアター,2011104289,ディープインパクト,2002100816,中西憲治,二風谷ファーム,0.0,2006.0,2011.0,2002.0
2018101320,テイエムマグナム,牡,飯田雄三,,ブラックタイド,2001103312,ティアレ,2007103183,キングカメハメハ,2001103460,竹園正繼,中田牧場,0.0,2001.0,2007.0,2001.0
2018101317,リュウノスケ,牡,松木啓助,,ジャングルポケット,1998101786,タイセイアモーレ,2013106009,ゼンノロブロイ,2000101517,中田和宏,中田牧場,0.0,1998.0,2013.0,2000.0
2018101316,ゼロトゥヒーロー,牡,田中正人,,アンライバルド,2006103308,タイキロザリオ,2002105521,スピニングワールド,000a000325,江里口弘一郎,中田牧場,0.0,2006.0,2002.0,1993.0
2018101313,プライドオブエレナ,牝,奥村豊,,ホッコータルマエ,2009100921,キスオブザビーナス,2011105705,メイショウサムソン,2003102205,ヒダカ・ブリーダーズ・ユニオン,中田牧場,0.0,2009.0,2011.0,2003.0
2018101311,アーバンライナーの2018,牡,,,フリオーソ,2004106867,アーバンライナー,2001106737,ジェニュイン,1992109450,,中川隆,0.0,2004.0,2001.0,1992.0
2018101309,タラモア,牝,,,ヴァンセンヌ,2009106525,ピンナップガール,2012109218,マイネルセレクト,1999107196,,高橋啓,0.0,2009.0,2012.0,1999.0
2018101308,モンピエール,牡,,,グランデッツァ,2009105989,ビューティサフラン,2009102025,ローエングリン,1999106738,,高橋啓,0.0,2009.0,2009.0,1999.0
2018101295,アスクヴィグラス,牡,玉垣光章,,サウスヴィグラス,1996110138,サンデーローザ,2002105258,サンデーサイレンス,000a00033a,廣崎双葉,清水牧場,0.0,1996.0,2002.0,1986.0
2018101293,ロードカラット,牡,菊川正達,,ラブリーデイ,2010104298,カラダダイヤモンド,2011101075,ステイゴールド,1994108729,ロードホースクラブ,清水牧場,0.0,2010.0,2011.0,1994.0
2018101291,ティアランの2018,牡,,,サウスヴィグラス,1996110138,ティアラン,2011104939,ネオユニヴァース,2000101426,,鹿戸あけみ,0.0,1996.0,2011.0,2000.0
2018101287,ノーブルメイト,牝,小西重征,,キングヘイロー,1995104427,ノーブルファニー,2000107024,ディアブロ,000a0000e9,山田康文,黒川賢司,0.0,1995.0,2000.0,1987.0
2018101286,クロトビ,牡,織田誠,,ベルシャザール,2008103004,マックススカラ,2006110142,オペラハウス,000a000d77,内田裕美,協栄組合,0.0,2008.0,2006.0,1988.0
2018101285,イチザスカーレット,牝,服部利之,,カレンブラックヒル,2009106230,フレノカトリーヌ,2004101784,クロフネ,1998110135,奈良崎孝一郎,協栄組合,0.0,2009.0,2004.0,1998.0
2018101279,ピンクポット,牝,森田直行,,ダイワメジャー,2001103114,ダンシングエディ,000a01122e,Moscow Ballet,000a001cba,金山政信,北島牧場,0.0,2001.0,2002.0,1982.0
2018101278,ジャズプリンセスの2018,牝,,,ゴールドシップ,2009102739,ジャズプリンセス,000a0117c2,Bahhare,000a011770,,北島牧場,0.0,2009.0,2002.0,1994.0
2018101269,ライジェルラブリー,牝,鈴木勝文,,ラブリーデイ,2010104298,サンクチュアリ,2006102946,アグネスタキオン,1998101516,内海雅之,川向高橋育成牧場,0.0,2010.0,2006.0,1998.0
2018101262,ニホンピロケープ,牝,服部利之,,ケープブランコ,000a011b06,ニホンピロコナユキ,2004104948,ニホンピロニール,1997105739,小林百太郎,稲原牧場,0.0,2007.0,2004.0,1997.0
2018101253,ブロンドアスク,牝,玉垣光章,,オルフェーヴル,2008102636,ネヴァーピリオド,2002102752,タイキシャトル,1994109686,廣崎双葉,ＡＳＫＳＴＵＤ,0.0,2008.0,2002.0,1994.0
2018101242,チャルコパイライト,牡,宗像義忠,,エピファネイア,2010104155,ウィズペイシェンス,2007103178,ネオユニヴァース,2000101426,高橋文男,赤石牧場,0.0,2010.0,2007.0,2000.0
2018101212,ハイソックス,牡,的場直之,,アンライバルド,2006103308,ソンヨン,2010101191,ティンバーカントリー,000a00035e,重松國建,横井哲,0.0,2006.0,2010.0,1992.0
2018101208,エムオーアンジェラの2018,牝,,,タイムパラドックス,1998101683,エムオーアンジェラ,2006103578,マイネルラヴ,1995108558,,湯浅一夫,0.0,1998.0,2006.0,1995.0
2018101199,ロケットマン,牡,小野寺晋,,ドゥラメンテ,2012104511,ヒーラブズミー,2011104510,ディープインパクト,2002100816,（有）ジェムインター,門別山際牧場,0.0,2012.0,2011.0,2002.0
2018101196,ワンダービリーヴの2018,牝,,,シンボリクリスエス,1999110099,ワンダービリーヴ,2010101165,ディープインパクト,2002100816,,ヤナガワ牧場,0.0,1999.0,2010.0,2002.0
2018101194,ラブミーナンシーの2018,牡,,,キンシャサノキセキ,2003110212,ラブミーナンシー,2012102011,ステイゴールド,1994108729,,ヤナガワ牧場,0.0,2003.0,2012.0,1994.0
2018101191,マコトヴァンセンヌ,牝,石橋満,,マクフィ,000a011c77,マコトナワラタナ,2009106343,ファルブラヴ,1998190004,尾田左知子,ヤナガワ牧場,0.0,2007.0,2009.0,1998.0
2018101190,マコトジロウタチ,牡,菊川正達,,トーセンジョーダン,2006103169,マコトスズラン,2000101565,サンデーサイレンス,000a00033a,ディアマント,ヤナガワ牧場,0.0,2006.0,2000.0,1986.0
2018101185,クインズアンバー,牝,奥平雅士,,エスケンデレヤ,000a012cc0,プラチナレイン,2010103361,アグネスタキオン,1998101516,ケイアイスタリオン,ヤナガワ牧場,0.0,2007.0,2010.0,1998.0
2018101183,パインヒル,牝,玉垣光章,,クリエイターII,000a013630,ブラボージャングル,2007106222,ジャングルポケット,1998101786,松岡隆雄,ヤナガワ牧場,0.0,2013.0,2007.0,1998.0
2018101182,ピンロックリーの2018,牝,,,トーセンホマレボシ,2009106092,ピンロックリー,000a010a99,A.P. Indy,000a001d37,,ヤナガワ牧場,0.0,2009.0,2001.0,1989.0
2018101180,ヒットザフロアーの2018,牡,,,コパノリチャード,2010106552,ヒットザフロアー,2012104398,ステイゴールド,1994108729,,ヤナガワ牧場,0.0,2010.0,2012.0,1994.0
2018101177,テーオーパッション,牡,梅田智之,,トーセンラー,2008102985,テーオーフェミニン,2013105607,スウェプトオーヴァーボード,000a00fa34,小笹公也,ヤナガワ牧場,0.0,2008.0,2013.0,1997.0
2018101173,タッチオブヨリ,牝,吉岡辰弥,,Charm Spirit,000a013dc6,タッチオブパラダイス,000a013e39,Frankel,000a01239b,辻子依旦,ヤナガワ牧場,0.0,2011.0,2014.0,2008.0
2018101167,サンライズアベリア,牡,玉垣光章,,ハービンジャー,000a011996,サンデーローズ,2006102792,ブライアンズタイム,000a000082,松岡隆雄,ヤナガワ牧場,0.0,2006.0,2006.0,1985.0
2018101163,アグライア,牝,玉井勝,,ラブリーデイ,2010104298,キモンプライド,2010106551,ダイワメジャー,2001103114,（株）心頼ＬｏｏＰ,ヤナガワ牧場,0.0,2010.0,2010.0,2001.0
2018101157,ピーステンシア,牝,金田一昌,,ディスクリートキャット,000a0113a1,フラワーヒメ,2010104374,ネオユニヴァース,2000101426,中平和宏,門別牧場,0.0,2003.0,2010.0,2000.0
2018101156,タイガーストロング,牡,大橋勇樹,,カレンブラックヒル,2009106230,デンジャラスゲーム,2009100732,スタチューオブリバティ,000a0109d5,伊藤和夫,門別牧場,0.0,2009.0,2009.0,2000.0
2018101148,マインドフルネス,牝,今井輝和,,アンライバルド,2006103308,ポンデュガール,2002105590,フォーティナイナー,000a000134,門別敏朗,門別敏朗,0.0,2006.0,2002.0,1985.0
2018101140,ニンフェア,牡,松山将樹,,ダノンシャーク,2008105554,サバクノバラ,2002101016,フレンチデピュティ,000a00013a,コスモヴューファーム,門別敏朗,0.0,2008.0,2002.0,1992.0
2018101139,オスマントルコ,牡,小手川準,,アジアエクスプレス,2011110091,キャリコローズ,2006106317,ネオユニヴァース,2000101426,福田光博,門別敏朗,0.0,2011.0,2006.0,2000.0
2018101131,インバシオン,牡,盛本信春,,ベルシャザール,2008103004,プリンセスメイク,2007101408,キャプテンスティーヴ,000a000d9d,田島政光,モリナガファーム,0.0,2008.0,2007.0,1997.0
2018101126,リボーン,牝,矢作芳人,,ドゥラメンテ,2012104511,クラシックローズ,2001103488,コマンダーインチーフ,000a0000b0,北畑忍,モリナガファーム,0.0,2012.0,2001.0,1990.0
2018101115,モズディーラー,牡,大塚信次,,グランプリボス,2008103388,サイトディーラー,2006102461,キングカメハメハ,2001103460,兼子尚也,目黒牧場,0.0,2008.0,2006.0,2001.0
2018101113,クリノインスパイア,牡,西川進也,,スマートファルコン,2005100097,ライアンシャーク,2010101106,タイキシャトル,1994109686,栗本八江,三輪牧場,0.0,2005.0,2010.0,1994.0
2018101109,キューツィーパイ,牝,加藤和宏,,ストロングリターン,2006102934,ジュメイラジョアン,000a0118a5,Swain,000a0021ca,岡田牧雄,三輪牧場,0.0,2006.0,2005.0,1992.0
2018101107,レイズヤング,牡,青木孝文,,ジャングルポケット,1998101786,ティーチャズペット,1997101884,サンデーサイレンス,000a00033a,長塩豊,三輪幸子,0.0,1998.0,1997.0,1986.0
2018101106,ヤマショウハスキー,牡,川島雅人,,バトルプラン,000a0118e8,アドヴァンテージ,2013100973,タニノギムレット,1999100226,寳寄山拓樹,三輪幸子,0.0,2005.0,2013.0,1999.0
2018101105,ボラーレヴィーア,牝,服部利之,,リヤンドファミユ,2010104396,ファーマフレア,2011101331,スウェプトオーヴァーボード,000a00fa34,中西功,増尾牧場,0.0,2010.0,2011.0,1997.0
2018101097,ブルーデスティニー,牡,宗形竹見,,ワールドエース,2009106353,ワイルドシンガー,2010101083,ワイルドラッシュ,000a0003a1,藤本栄史,槇本牧場,0.0,2009.0,2010.0,1994.0
2018101083,パスオーバー,牡,浜田多実,,アジアエクスプレス,2011110091,セレスティーヌ,2012104270,ハーツクライ,2001103038,宮田直也,槇本牧場,0.0,2011.0,2012.0,2001.0
2018101077,トゥルボレンツァ,牡,相沢郁,,エイシンヒカリ,2011101273,ラヴィオリ,2011100705,サクラバクシンオー,1989108341,星野祐介,前野牧場,0.0,2011.0,2011.0,1989.0
2018101073,ケイティレジェンド,牡,村山明,,リオンディーズ,2013105915,マルヨパトリオット,2008101644,アルカセット,2000190010,瀧本和義,前野牧場,0.0,2013.0,2008.0,2000.0
2018101066,モルガナイトスター,牡,久保杉隆,,モーリス,2011100655,カホピーチ,2014105344,ディープインパクト,2002100816,星野壽市,前野牧場,0.0,2011.0,2014.0,2002.0
2018101060,リネンゼンシン,牝,浜田一夫,,ベルシャザール,2008103004,ヒカリブラッシア,2000107332,ヒカリバオー,1994109699,戸山光男,前川義則,0.0,2008.0,2000.0,1994.0
2018101058,ドリカムフェスタ,牡,小村正也,,ナカヤマフェスタ,2006102424,キューティホーク,2002106761,トウカイテイオー,1988101025,下田政一,前川義則,0.0,2006.0,2002.0,1988.0
2018101057,ベビーブルーアイズ,牝,,,キングヘイロー,1995104427,カワイミチコ,2004106279,シンボリルドルフ,1981107017,,前川義則,0.0,1995.0,2004.0,1981.0
2018101053,ネオヴィヴィアンの2018,牝,,,ネオヴァンドーム,2007102913,ネオヴィヴィアン,2010104492,ステイゴールド,1994108729,,本間牧場,0.0,2007.0,2010.0,1994.0
2018101052,ゴールドケリー,牝,上村洋行,,リアルインパクト,2008103244,トロピカルスイーツ,2007106095,フレンチデピュティ,000a00013a,水谷美穂,本間牧場,0.0,2008.0,2007.0,1992.0
2018101050,リゼバーミリオン,牡,土田稔,,オルフェーヴル,2008102636,スマートレモラ,2008100110,ゴールドアリュール,1999106689,飯田訓大,本間牧場,0.0,2008.0,2008.0,1999.0
2018101049,スマートパンテール,牝,大久保龍,,クリエイターII,000a013630,スマートノエル,2012102129,ヴァーミリアン,2002100877,大川徹,本間牧場,0.0,2013.0,2012.0,2002.0
2018101045,サウンドルチア,牝,武英智,,スクリーンヒーロー,2004103328,サウンドリアーナ,2010101646,ケイムホーム,000a0108d1,増田雄一,本間牧場,0.0,2004.0,2010.0,1999.0
2018101030,ビューティソルジャの2018,牝,,,ロージズインメイ,000a010a10,ビューティソルジャ,2002106694,アフリート,000a000013,,豊洋牧場,0.0,2000.0,2002.0,1984.0
2018101022,シゲルビーナス,牝,九日俊光,,ディープブリランテ,2009105084,ムーンスガタ,2009103437,アドマイヤムーン,2003102991,森中蕃,宝寄山拓樹,0.0,2009.0,2009.0,2003.0
2018101017,ツルマルミホの2018,牡,,,アグネスデジタル,1997110025,ツルマルミホ,2006102044,ネオユニヴァース,2000101426,,宝寄山拓樹,0.0,1997.0,2006.0,2000.0
2018101016,フォルリベルター,牝,,,エピファネイア,2010104155,チサト,2010106324,ダイワメジャー,2001103114,,宝寄山拓樹,0.0,2010.0,2010.0,2001.0
2018101011,タンタン,牝,,,ミッキーアイル,2011103916,カネツプリンセス,2001105898,サクラバクシンオー,1989108341,,宝寄山拓樹,0.0,2011.0,2001.0,1989.0
2018101002,ダンツチェリー,牝,古賀光範,,ジャングルポケット,1998101786,マリーブーケトス,2011103727,グラスワンダー,1995108676,山元哲二,船越牧場,0.0,1998.0,2011.0,1995.0
2018100988,ウイスキーコーク,牡,東眞市,,オネストジョン,2004106158,ファディクト,2005106806,ゴールドアリュール,1999106689,原大栄,藤本直弘,0.0,2004.0,2005.0,1999.0
2018100979,デルマセンジュ,牝,川添明弘,,オンファイア,2003102809,プレサンティール,2005102255,アグネスタキオン,1998101516,浅沼廣幸,ファニーヒルファーム,0.0,2003.0,2005.0,1998.0
2018100972,デルマアシュク,牝,,,フェノーメノ,2009106599,デルマオシマ,2013105409,ハービンジャー,000a011996,,ファニーヒルファーム,0.0,2009.0,2013.0,2006.0
2018100958,スイリンカの2018,牝,,,ルーラーシップ,2007103143,スイリンカ,2006105944,ワイルドラッシュ,000a0003a1,,広富牧場,0.0,2007.0,2006.0,1994.0
2018100957,ゴールドボレロ,牝,,,パドトロワ,2007102760,ゴールドハーモニー,2008106028,ゴールドアリュール,1999106689,,広富牧場,0.0,2007.0,2008.0,1999.0
2018100954,ヒロノキングダム,牡,浅野洋一,,キングズベスト,000a0022d2,オースミイヒラニ,2012101839,ハーツクライ,2001103038,小野博郷,広富牧場,0.0,1997.0,2012.0,2001.0
2018100951,ピンクシューズの2018,牝,,,テイエムオペラオー,1996100292,ピンクシューズ,000a010e91,Sadler's Wells,000a00185d,,日高テイエム牧場,0.0,1996.0,2002.0,1981.0
2018100949,テイエムヒカルオー,牡,石栗龍彦,,テイエムオペラオー,1996100292,テイエムフラッシュ,2001101740,タイキシャトル,1994109686,竹園正繼,日高テイエム牧場,0.0,1996.0,2001.0,1994.0
2018100948,テイエムサラトガ,牡,平山宏秀,,トーセンホマレボシ,2009106092,テイエムヒスイ,2003102102,テイエムオペラオー,1996100292,竹園正繼,日高テイエム牧場,0.0,2009.0,2003.0,1996.0
2018100947,テイエムキングマン,牡,加藤和宏,,ローズキングダム,2007103404,テイエムチュラサン,2002109122,タイキシャトル,1994109686,竹園正繼,日高テイエム牧場,0.0,2007.0,2002.0,1994.0
2018100946,テイエムトッピー,牡,加藤和宏,,ジャングルポケット,1998101786,テイエムジャバラ,2011105312,ネオユニヴァース,2000101426,竹園正繼,日高テイエム牧場,0.0,1998.0,2011.0,2000.0
2018100945,テイエムサンビカの2018,牡,,,テイエムオペラオー,1996100292,テイエムサンビカ,2011105626,ハーツクライ,2001103038,,日高テイエム牧場,0.0,1996.0,2011.0,2001.0
2018100944,テイエムボルドー,牝,加藤和宏,,マツリダゴッホ,2003104570,テイエムコラール,1999109041,トニービン,1983109006,竹園正繼,日高テイエム牧場,0.0,2003.0,1999.0,1983.0
2018100943,テイエムオドリコ,牝,石栗龍彦,,テイエムオペラオー,1996100292,テイエムカルメン,2006105927,タイキシャトル,1994109686,竹園正繼,日高テイエム牧場,0.0,1996.0,2006.0,1994.0
2018100942,テイエムドキドキ,牝,加藤和宏,,トランセンド,2006104736,テイエムオドロキ,2011100637,マーベラスサンデー,1992103687,竹園正繼,日高テイエム牧場,0.0,2006.0,2011.0,1992.0
2018100939,タカカウフォールズ,牡,萩原清,,ラブリーデイ,2010104298,リラックススマイル,2006105690,Dubai Destination,000a010a60,金子真人ホールディングス,日高大洋牧場,0.0,2010.0,2006.0,1999.0
2018100937,ヤサカターラ,牝,池田忠好,,ディープブリランテ,2009105084,ヤサカオディール,2009104505,メイショウボーラー,2001100650,志邑宣彦,日高大洋牧場,0.0,2009.0,2009.0,2001.0
2018100933,フェリーチェシチーの2018,牡,,,スウェプトオーヴァーボード,000a00fa34,フェリーチェシチー,2011100786,マンハッタンカフェ,1998101554,,日高大洋牧場,0.0,1997.0,2011.0,1998.0
2018100931,ジュンハードボイル,牡,張田京,,リアルインパクト,2008103244,バイユーストーム,000a010eae,Storm Cat,000a001a98,河合純二,日高大洋牧場,0.0,2008.0,1998.0,1983.0
2018100920,トミケンフルミネ,牡,蛯名利弘,,ジャングルポケット,1998101786,アプロディスモン,2003106623,サンデーサイレンス,000a00033a,佐野信幸,日高大洋牧場,0.0,1998.0,2003.0,1986.0
2018100917,ペイシャボーイ,牡,蛯名利弘,,モンテロッソ,000a011b05,エピソードレディー,2011103357,ゼンノロブロイ,2000101517,北所直人,坂東ファーム,0.0,2007.0,2011.0,2000.0
2018100913,キョウエイビバ,牡,伊藤伸一,,スマートファルコン,2005100097,エクセレントビュー,2011100013,チチカステナンゴ,000a011135,田中晴夫,春木ファーム,0.0,2005.0,2011.0,1998.0
2018100912,ファーマゼリー,牝,尾形和幸,,パドトロワ,2007102760,ミスチバスペニー,2003106681,テイエムオペラオー,1996100292,中西功,原田ファーム,0.0,2007.0,2003.0,1996.0
2018100909,セリーナトロフィーの2018,牡,,,ヴァンセンヌ,2009106525,セリーナトロフィー,2002104870,スペシャルウィーク,1995103211,,原田ファーム,0.0,2009.0,2002.0,1995.0
2018100902,ラドゥガの2018,牝,,,アーネストリー,2005105410,ラドゥガ,2010100888,サクラバクシンオー,1989108341,,浜本牧場,0.0,2005.0,2010.0,1989.0
2018100883,ベルステラ,牝,松山将樹,,ゴールドシップ,2009102739,メルセダリオ,2007103129,タニノギムレット,1999100226,岡田繁幸,長谷川牧場,0.0,2009.0,2007.0,1999.0
2018100879,メンズオーバー,牝,佐藤吉勝,,マクフィ,000a011c77,スペシャルリボン,2003102550,スペシャルウィーク,1995103211,片山博志,長谷川牧場,0.0,2007.0,2003.0,1995.0
2018100878,ユウアールシーの2018,牡,,,トーセンラー,2008102985,ユウアールシー,2005106001,クロフネ,1998110135,,長谷川一男,0.0,2008.0,2005.0,1998.0
2018100877,ホウライアキコの2018,牡,,,ディスクリートキャット,000a0113a1,ホウライアキコ,2011100693,ヨハネスブルグ,000a0103b9,,長谷川一男,0.0,2003.0,2011.0,1999.0
2018100874,グローリアスカムイ,牝,松山将樹,,ディープスカイ,2005101358,グローリアスヴォレ,2012106380,サウスヴィグラス,1996110138,日下部勝徳,ノースガーデン,0.0,2005.0,2012.0,1996.0
2018100860,マヤノスターライトの2018,牡,,,プリサイスエンド,000a00fe9b,マヤノスターライト,2000105532,ジェイドロバリー,000a0001a7,,日西牧場,0.0,1997.0,2000.0,1987.0
2018100847,エコロマーサキング,牡,深山雅史,,ダノンシャーク,2008105554,マチカネテマリウタ,1999101577,フォーティナイナー,000a000134,原村正紀,西野春樹,0.0,2008.0,1999.0,1985.0
2018100846,リアルオーソ,牝,山越光,,フリオーソ,2004106867,ベイリービーズ,2010100406,ワイルドラッシュ,000a0003a1,福山清二,西野春樹,0.0,2004.0,2010.0,1994.0
2018100840,エニーデイの2018,牡,,,タイムパラドックス,1998101683,エニーデイ,2007105362,Arch,000a0021b7,,西野春樹,0.0,1998.0,2007.0,1995.0
2018100833,グラアイリス,牡,村上頼章,,ケープブランコ,000a011b06,ヌレエフクイン,2008105892,ストラヴィンスキー,000a00fa41,衣斐昭代,中前牧場,0.0,2007.0,2008.0,1996.0
2018100832,ピースワンヴィヨレ,牡,手塚貴久,,アジアエクスプレス,2011110091,セレスフェアリー,2002106362,アドマイヤベガ,1996107396,長谷川成利,中前牧場,0.0,2011.0,2002.0,1996.0
2018100831,ガイヤクインの2018,牝,,,フェノーメノ,2009106599,ガイヤクイン,2009102813,ファスリエフ,000a00fc4c,,中前牧場,0.0,2009.0,2009.0,1997.0
2018100823,マルカジュリエットの2018,牡,,,アジアエクスプレス,2011110091,マルカジュリエット,2000101336,サンデーサイレンス,000a00033a,,ナカノファーム,0.0,2011.0,2000.0,1986.0
2018100814,ヴィルヌーヴの2018,牡,,,ディスクリートキャット,000a0113a1,ヴィルヌーヴ,2011103759,ディープインパクト,2002100816,,ナカノファーム,0.0,2003.0,2011.0,2002.0
2018100811,フラッシュバイオの2018,牝,,,トーセンジョーダン,2006103169,フラッシュバイオ,2011103874,ディープインパクト,2002100816,,中館牧場,0.0,2006.0,2011.0,2002.0
2018100806,モズエエヤンの2018,牡,,,グランプリボス,2008103388,モズエエヤン,2013100988,アグネスデジタル,1997110025,,中川欽一,0.0,2008.0,2013.0,1997.0
2018100805,ベルモントレーヌの2018,牡,,,ゼンノロブロイ,2000101517,ベルモントレーヌ,2010105996,クロフネ,1998110135,,中川欽一,0.0,2000.0,2010.0,1998.0
2018100804,ペイシャウォー,牝,,,シビルウォー,2005102317,ディスイズザライフ,2003105082,アグネスタキオン,1998101516,,中川欽一,0.0,2005.0,2003.0,1998.0
2018100796,ニシノミウ,牝,上原博之,,スマートファルコン,2005100097,ニシノマドカ,2007102514,ジャングルポケット,1998101786,西山茂行,道見牧場,0.0,2005.0,2007.0,1998.0
2018100794,メイクイットライト,牡,土田稔,,トウケイヘイロー,2009101682,ドラゴンフラワー,2007100570,マンハッタンカフェ,1998101554,ミルファーム,道見牧場,0.0,2009.0,2007.0,1998.0
2018100789,キンシャチ,牝,,,キンシャサノキセキ,2003110212,フセノブルース,2009102754,ストラヴィンスキー,000a00fa41,,豊郷牧場,0.0,2003.0,2009.0,1996.0
2018100786,カシノローズ,牝,天間昭一,,ドリームジャーニー,2004102753,レッドマシェリ,2007102830,Gone West,000a001be1,柏木務,戸川牧場,0.0,2004.0,2007.0,1984.0
2018100784,ブイアスカの2018,牝,,,カレンブラックヒル,2009106230,ブイアスカ,2008105828,アドマイヤドン,1999107052,,戸川牧場,0.0,2009.0,2008.0,1999.0
2018100782,ナーナーラ,牝,伊藤大士,,モーリス,2011100655,ソルトオブジアース,2011100652,アグネスデジタル,1997110025,落合幸弘,戸川牧場,0.0,2011.0,2011.0,1997.0
2018100780,アナザーミラクル,牝,,,アイルハヴアナザー,000a011ed3,ミラクルフラッグ,2007105764,スパイキュール,2000101557,,出口牧場,0.0,2009.0,2007.0,2000.0
2018100779,マザーロードの2018,牡,,,ゼンノロブロイ,2000101517,マザーロード,2006102478,フォーティナイナー,000a000134,,出口牧場,0.0,2000.0,2006.0,1985.0
2018100777,ハッピーセーラーの2018,牝,,,トーセンジョーダン,2006103169,ハッピーセーラー,2011100650,ダンスインザダーク,1993109188,,出口牧場,0.0,2006.0,2011.0,1993.0
2018100768,パトリオットの2018,牝,,,カレンブラックヒル,2009106230,パトリオット,2009105239,デュランダル,1999106756,,ディアレストクラブ,0.0,2009.0,2009.0,1999.0
2018100760,モラールゼスト,牡,水野貴広,,トゥザグローリー,2007103265,ディアジーローズ,2009103698,ワイルドラッシュ,000a0003a1,ディアレストクラブ,ディアレストクラブ,0.0,2007.0,2009.0,1994.0
2018100746,ワイドロスメルタの2018,牝,,,ダノンシャーク,2008105554,ワイドロスメルタ,2010103245,グラスワンダー,1995108676,,坪田晃宜,0.0,2008.0,2010.0,1995.0
2018100741,ハギノダンシング,牝,四位洋文,,キングカメハメハ,2001103460,ロイヤルバラード,000a011a54,Elusive Quality,000a00231f,日隈良江,チャンピオンズファーム,0.0,2001.0,2006.0,1993.0
2018100721,ダブルキセキ,牝,池添兼雄,,キンシャサノキセキ,2003110212,ダブルオベリスク,2009100619,アグネスタキオン,1998101516,西村憲人,チャンピオンズファーム,0.0,2003.0,2009.0,1998.0
2018100714,エリモハルカの2018,牝,,,ディープインパクト,2002100816,エリモハルカ,2004106737,ナリタトップロード,1996102442,,チャンピオンズファーム,0.0,2002.0,2004.0,1996.0
2018100709,セサミンレッド,牡,,,エイシンフラッシュ,2007102951,レインボーマグナム,2005103355,マンハッタンカフェ,1998101554,,千葉飯田牧場,0.0,2007.0,2005.0,1998.0
2018100707,ヒカルゲンジ,牡,奥村豊,,エイシンヒカリ,2011101273,ハローオンザヒル,2005103186,シンボリクリスエス,1999110099,中辻明,千葉飯田牧場,0.0,2011.0,2005.0,1999.0
2018100702,シーキャプテン,牡,昆貢,,スクリーンヒーロー,2004103328,レディミドルトン,000a0116d0,Kingmambo,000a001d7e,ゴドルフィン,ダーレー・ジャパン・ファーム,0.0,2004.0,2005.0,1990.0
2018100701,バッソプロフォンド,牡,藤沢和雄,,ディープインパクト,2002100816,レディオブオペラ,2010100717,シングスピール,1992190005,ゴドルフィン,ダーレー・ジャパン・ファーム,0.0,2002.0,2010.0,1992.0
2018100698,ルナピエナ,セ,宮路洋一,,アドマイヤムーン,2003102991,ラドルチェ,000a011429,Gone West,000a001be1,笠原久夫,ダーレー・ジャパン・ファーム,0.0,2003.0,2004.0,1984.0
2018100692,クオン,牡,,,キズナ,2010105827,フェリシタス,000a0116ca,キングズベスト,000a0022d2,,ダーレー・ジャパン・ファーム,0.0,2010.0,2003.0,1997.0
2018100691,オリンピックトーチ,牝,伊藤圭三,,パイロ,000a01176a,ファダラン,000a0116f5,Cherokee Run,000a00214a,ゴドルフィン,ダーレー・ジャパン・ファーム,0.0,2005.0,2005.0,1990.0
2018100690,リトルディーヴァ,牝,,,ヴィクトワールピサ,2007102923,ピクシープリンセス,2008105759,ディープインパクト,2002100816,,ダーレー・ジャパン・ファーム,0.0,2007.0,2008.0,2002.0
2018100689,グリーンシュート,牝,高橋祥泰,,キズナ,2010105827,ヒントオブスプリング,000a0116cd,Seeking the Gold,000a001bea,ゴドルフィン,ダーレー・ジャパン・ファーム,0.0,2010.0,2004.0,1985.0
2018100687,ハーロンベイの2018,牝,,,パイロ,000a01176a,ハーロンベイ,2010100652,Elusive Quality,000a00231f,,ダーレー・ジャパン・ファーム,0.0,2005.0,2010.0,1993.0
2018100686,コートゴシップ,牝,高橋義忠,,ルーラーシップ,2007103143,ハッシュ,2011100540,コマンズ,000a011625,ゴドルフィン,ダーレー・ジャパン・ファーム,0.0,2007.0,2011.0,1996.0
2018100685,ニードルクラフトの2018,牡,,,ディープブリランテ,2009105084,ニードルクラフト,000a011cf7,Mark of Esteem,000a002097,,ダーレー・ジャパン・ファーム,0.0,2009.0,2002.0,1993.0
2018100683,ディープディーン,牝,,,ディープブリランテ,2009105084,ドリームスキーム,000a01142a,Machiavellian,000a001c1d,,ダーレー・ジャパン・ファーム,0.0,2009.0,2004.0,1987.0
2018100674,ミスティレイン,牝,池上昌和,,タニノギムレット,1999100226,スプリングレイン,2002100014,Dubai Millennium,000a0022d1,ゴドルフィン,ダーレー・ジャパン・ファーム,0.0,1999.0,2002.0,1996.0
2018100672,シャンデルドグラス,牝,,,パイロ,000a01176a,スノーフレークＩＩ,000a0114e4,Caerleon,000a0016eb,,ダーレー・ジャパン・ファーム,0.0,2005.0,1998.0,1980.0
2018100670,スタークルーザー,牡,,,ジャスタウェイ,2009106461,スタリア,2009102647,アルカセット,2000190010,,ダーレー・ジャパン・ファーム,0.0,2009.0,2009.0,2000.0
2018100668,エピックポエトリー,牝,,,ハーツクライ,2001103038,シルヴァンソング,000a0127ec,Street Cry,000a0103ba,,ダーレー・ジャパン・ファーム,0.0,2001.0,2009.0,1998.0
2018100667,マリウス,牡,堀宣行,,モーリス,2011100655,ザミリア,000a0116d9,Cape Cross,000a0022ae,ゴドルフィン,ダーレー・ジャパン・ファーム,0.0,2011.0,2001.0,1994.0
2018100663,サマナケイの2018,牡,,,ダイワメジャー,2001103114,サマナケイ,000a012802,Authorized,000a01139f,,ダーレー・ジャパン・ファーム,0.0,2001.0,2009.0,2004.0
2018100660,キームベイ,牡,岩戸孝樹,,ディープブリランテ,2009105084,コージーベイ,000a0116f2,Storm Cat,000a001a98,ゴドルフィン,ダーレー・ジャパン・ファーム,0.0,2009.0,2005.0,1983.0
2018100657,ブラックヒース,牡,,,ブラックタイド,2001103312,カトゥーンバ,000a01142b,Forest Wildcat,000a0021d8,,ダーレー・ジャパン・ファーム,0.0,2001.0,2004.0,1991.0
2018100644,アドニータの2018,牝,,,ダイワメジャー,2001103114,アドニータ,000a011a1c,シングスピール,1992190005,,ダーレー・ジャパン・ファーム,0.0,2001.0,2004.0,1992.0
2018100639,ミオパンチ,牝,,,ベルシャザール,2008103004,シズパンチ,2007102392,タップダンスシチー,1997110043,,田端牧場,0.0,2008.0,2007.0,1997.0
2018100634,クリスタルキング,牡,斎藤誠,,ネオユニヴァース,2000101426,ロッキーバッハ,1995102922,アジュディケーティング,000a000d5d,ＨｉｍＲｏｃｋＲａｃｉｎｇホールディングス,タバタファーム,0.0,2000.0,1995.0,1987.0
2018100633,アラッタロウ,牡,荒川義之,,リーチザクラウン,2006102923,レディシャングリラ,2011110073,Azamour,000a01053b,ＨｉｍＲｏｃｋＲａｃｉｎｇホールディングス,タバタファーム,0.0,2006.0,2011.0,2001.0
2018100630,ブラックインパクトの2018,牡,,,グランプリボス,2008103388,ブラックインパクト,2013100541,ディープインパクト,2002100816,,タバタファーム,0.0,2008.0,2013.0,2002.0
2018100620,トーホウワールド,牡,原口次夫,,トーホウジャッカル,2011100482,トーホウキララ,2014103626,キングズベスト,000a0022d2,東豊物産,竹島幸治,0.0,2011.0,2014.0,1997.0
2018100616,ウインクルキュート,牝,高橋亮,,ゴールドシップ,2009102739,ウインクルミラクル,2011104824,アンクルスーパー,1997100632,有能,竹島幸治,0.0,2009.0,2011.0,1997.0
2018100594,ミラクルピッチの2018,牡,,,ネオユニヴァース,2000101426,ミラクルピッチ,2009101655,マイネルラヴ,1995108558,,高柳隆男,0.0,2000.0,2009.0,1995.0
2018100588,ココモの2018,牝,,,ベルシャザール,2008103004,ココモ,2013103131,キングヘイロー,1995104427,,高藤茂,0.0,2008.0,2013.0,1995.0
2018100584,ザダブルヘリックス,牡,,,タイムパラドックス,1998101683,ビップフライト,2012105137,ファルブラヴ,1998190004,,瀬戸牧場,0.0,1998.0,2012.0,1998.0
2018100568,グレースドゥモナコの2018,牝,,,エイシンヒカリ,2011101273,グレースドゥモナコ,2012101460,タイキシャトル,1994109686,,スマイルファーム,0.0,2011.0,2012.0,1994.0
2018100567,カアチャンコワイの2018,牝,,,マジンプロスパー,2007104807,カアチャンコワイ,2009105943,クロフネ,1998110135,,スマイルファーム,0.0,2007.0,2009.0,1998.0
2018100561,マンダララの2018,牝,北出成人,,ディープブリランテ,2009105084,マンダララ,000a010ebb,Lahib,000a0020d4,ヒダカ・ブリーダーズ・ユニオン,スウィングフィールド牧場,0.0,2009.0,1997.0,1988.0
2018100552,ノースサンライズ,牡,,,ディスクリートキャット,000a0113a1,ハイライトリール,2008102933,アグネスタキオン,1998101516,,シンボリ牧場,0.0,2003.0,2008.0,1998.0
2018100549,スポークンウェル,牝,小手川準,,モーリス,2011100655,スポークンファー,000a011998,Notebook,000a010651,下河邉行信,シンボリ牧場,0.0,2011.0,2000.0,1985.0
2018100539,シゲルトウドリ,牡,小島茂之,,ジャスタウェイ,2009106461,スイートハビタット,2000110233,Grand Lodge,000a001f34,森中蕃,シンボリ牧場,0.0,2009.0,2000.0,1991.0
2018100535,ローザマローネ,牝,飯田弘道,,ドゥラメンテ,2012104511,スイートエルドール,2012109099,フレンチデピュティ,000a00013a,遠藤喜和,シンボリ牧場,0.0,2012.0,2012.0,1992.0
2018100527,ヴァケアの2018,牡,,,キングカメハメハ,2001103460,ヴァケア,000a012f24,Lear Fan,000a00199d,,シンボリ牧場,0.0,2001.0,2003.0,1981.0
2018100505,ミンドゥルレの2018,牡,,,シビルウォー,2005102317,ミンドゥルレ,2000106801,カコイーシーズ,1986109001,,白瀬盛雄,0.0,2005.0,2000.0,1986.0
2018100497,フェミニン,牝,新子雅司,,リオンディーズ,2013105915,ラヴィアンフルール,2010100289,ステイゴールド,1994108729,石川達絵,白井牧場,0.0,2013.0,2010.0,1994.0
2018100492,ボタニスト,牡,国枝栄,,ラブリーデイ,2010104298,ブルーロータス,2011104372,ディープインパクト,2002100816,金子真人ホールディングス,白井牧場,0.0,2010.0,2011.0,2002.0
2018100489,インヴァルナブル,牡,中竹和也,,ルーラーシップ,2007103143,フィールフリーリー,2010103946,アグネスタキオン,1998101516,加藤誠,白井牧場,0.0,2007.0,2010.0,1998.0
2018100488,ピエナセイラ,牝,藤ヶ崎一,,ハービンジャー,000a011996,ピエナアプローズ,2009100768,フジキセキ,1992109618,大谷光弘,白井牧場,0.0,2006.0,2009.0,1992.0
2018100479,ダノンドロテア,牝,大竹正博,,ディープインパクト,2002100816,ダノンボンジュール,2007105733,Shamardal,000a010c92,ダノックス,白井牧場,0.0,2002.0,2007.0,2002.0
2018100472,アースウィンドの2018,牡,,,ジャスタウェイ,2009106461,アースウィンド,2011106058,ディープスカイ,2005101358,,白井牧場,0.0,2009.0,2011.0,2005.0
2018100470,レッドアメイジング,牝,萱野浩二,,ヴィクトワールピサ,2007102923,レッドプラネット,2007105588,ティンバーカントリー,000a00035e,紅露純,庄野牧場,0.0,2007.0,2007.0,1992.0
2018100465,スターライラックの2018,牝,,,トーセンジョーダン,2006103169,スターライラック,2009102513,シニスターミニスター,000a011099,,庄野牧場,0.0,2006.0,2009.0,2003.0
2018100455,ウォーズマンパワー,牡,,,ハーツクライ,2001103038,レイカーラ,2009102441,キングカメハメハ,2001103460,,下河辺牧場,0.0,2001.0,2009.0,2001.0
2018100452,ファンタジーアスク,牝,野中賢二,,ディープインパクト,2002100816,リオニアンレディー,2003110006,Kingmambo,000a001d7e,廣崎利洋ＨＤ,下河辺牧場,0.0,2002.0,2003.0,1990.0
2018100449,ラピーダシャリナの2018,牡,,,スピルバーグ,2009105961,ラピーダシャリナ,000a0118a3,Vicar,000a00ff42,,下河辺牧場,0.0,2009.0,2006.0,1996.0
2018100448,ラウンドダンスの2018,牡,,,リオンディーズ,2013105915,ラウンドダンス,2004105660,アフリート,000a000013,,下河辺牧場,0.0,2013.0,2004.0,1984.0
2018100416,ネオヴァシュランの2018,牡,,,アジアエクスプレス,2011110091,ネオヴァシュラン,2012101373,エンパイアメーカー,000a010542,,下河辺牧場,0.0,2011.0,2012.0,2000.0
2018100398,ルクスエテルナ,牡,山田和久,,ノヴェリスト,000a012230,シュペール,2013100355,ジャングルポケット,1998101786,下河辺牧場,下河辺牧場,0.0,2009.0,2013.0,1998.0
2018100367,サンドシーサー,牡,市村誠,,ダノンシャーク,2008105554,クイーンバイオ,2006106307,キングカメハメハ,2001103460,藤間淳一,渋谷健作,0.0,2008.0,2006.0,2001.0
2018100363,マイネマスカレードの2018,牝,,,エスポワールシチー,2005102837,マイネマスカレード,2001101279,ウォーニング,000a000843,,シグラップファーム,0.0,2005.0,2001.0,1985.0
2018100361,フィルメーザ,牝,小手川準,,タートルボウル,000a012045,コスモライセンス,2010104088,アグネスタキオン,1998101516,広尾レース,シグラップファーム,0.0,2002.0,2010.0,1998.0
2018100360,キャプテンフック,牡,川西毅,,スピルバーグ,2009105961,コスモカゼツカイ,2009110099,Hurricane Run,000a01189d,吉野武,シグラップファーム,0.0,2009.0,2009.0,2002.0
2018100359,オメガブルーラインの2018,牡,,,リオンディーズ,2013105915,オメガブルーライン,2007102981,スウェプトオーヴァーボード,000a00fa34,,シグラップファーム,0.0,2013.0,2007.0,1997.0
2018100351,ノボキュン,牝,,,ノボジャック,1997110152,スピーディユウマ,2010104410,ディープインパクト,2002100816,,サンバマウンテンファーム,0.0,1997.0,2010.0,2002.0
2018100350,ジョセフィーヌの2018,牡,,,プリサイスエンド,000a00fe9b,ジョセフィーヌ,1999101348,エルハーブ,000a000d7f,,サンバマウンテンファーム,0.0,1997.0,1999.0,1991.0
2018100347,ローズパレット,牝,櫻木英喜,,ロージズインメイ,000a010a10,クィーンパレット,2012100379,ブラックタイド,2001103312,井上久光,サンバマウンテンファーム,0.0,2000.0,2012.0,2001.0
2018100343,アルティムス,牡,南田美知,,ダノンシャンティ,2007105709,ユーロペ,2003106044,ダンスインザダーク,1993109188,伊達敏明,サンシャイン牧場,0.0,2007.0,2003.0,1993.0
2018100339,キンプリ,牝,西山裕貴,,キングヘイロー,1995104427,プリンセザ,2010100400,ブライアンズタイム,000a000082,組）西野畜産組合,サンシャイン牧場,0.0,1995.0,2010.0,1985.0
2018100328,ブリュンヒルデ,牝,大江原哲,,ヴィクトワールピサ,2007102923,ミュゼリトルガール,2011105496,ディープインパクト,2002100816,ＯＲＴＥＧＡ,佐々木康治,0.0,2007.0,2011.0,2002.0
2018100324,ワイズトウショウの2018,牝,,,サウスヴィグラス,1996110138,ワイズトウショウ,2008100675,キングヘイロー,1995104427,,坂戸節子,0.0,1996.0,2008.0,1995.0
2018100318,ヤマニンラッセル,牝,浅見秀一,,リオンディーズ,2013105915,バヤル,2010100391,フレンチデピュティ,000a00013a,土井薫,坂牧場,0.0,2013.0,2010.0,1992.0
2018100316,クリスエスイモン,牡,佐宗応和,,シンボリクリスエス,1999110099,シャインオブハート,2006103001,アグネスタキオン,1998101516,井門敏雄,坂牧場,0.0,1999.0,2006.0,1998.0
2018100300,フジノグランデの2018,牝,,,ロードアルティマ,2000110026,フジノグランデ,2011101478,アドマイヤムーン,2003102991,,ケイズ,0.0,2000.0,2011.0,2003.0
2018100296,ピエナブラウニーの2018,牝,,,パイロ,000a01176a,ピエナブラウニー,2011104466,フジキセキ,1992109618,,ケイズ,0.0,2005.0,2011.0,1992.0
2018100295,フクノヴェズレー,牡,,,ディスクリートキャット,000a0113a1,ネビュラ,2011100555,ネオユニヴァース,2000101426,,ケイズ,0.0,2003.0,2011.0,2000.0
2018100292,クーニャンの2018,牡,,,フリオーソ,2004106867,クーニャン,2007103439,ジャングルポケット,1998101786,,ケイズ,0.0,2004.0,2007.0,1998.0
2018100290,ハタノボニートの2018,牡,,,ゼンノロブロイ,2000101517,ハタノボニート,2010110042,Bernardini,000a0111fe,,グッドラック・ファーム,0.0,2000.0,2010.0,2003.0
2018100289,ハタノファベルジェの2018,牝,,,トーセンホマレボシ,2009106092,ハタノファベルジェ,2008105440,Lemon Drop Kid,000a0022d0,,グッドラック・ファーム,0.0,2009.0,2008.0,1996.0
2018100288,ケイツークーナ,牝,大江原哲,,ドゥラメンテ,2012104511,ハタノエンジェル,2011100224,ブライアンズタイム,000a000082,楠本勝美,グッドラック・ファーム,0.0,2012.0,2011.0,1985.0
2018100284,ミーナーの2018,牝,,,ジョーカプチーノ,2006100529,ミーナー,000a010edc,エンドスウィープ,000a00010f,,クリアファーム,0.0,2006.0,2002.0,1991.0
2018100283,サンエイスカイ,牡,畠山信一,,マツリダゴッホ,2003104570,セイヴィングス,2003106854,サクラバクシンオー,1989108341,鈴木雅俊,クリアファーム,0.0,2003.0,2003.0,1989.0
2018100282,キーストーリー,牡,宮徹,,ハタノヴァンクール,2009102350,グロリアスメモリー,2005100620,アドマイヤベガ,1996107396,北前孔一郎,クリアファーム,0.0,2009.0,2005.0,1996.0
2018100273,ツバキエンジェル,牝,,,フォーティナイナーズサン,000a011227,ユキノマーガレット,2004106034,クロフネ,1998110135,,クラウン日高牧場,0.0,2001.0,2004.0,1998.0
2018100272,クラウンアージル,セ,天間昭一,,ドゥラメンテ,2012104511,マーモリー,000a01199a,Tiger Hill,1995190004,クラウン,クラウン日高牧場,0.0,2012.0,2006.0,1995.0
2018100267,スイートデュプレの2018,牝,,,フォーティナイナーズサン,000a011227,スイートデュプレ,2011109106,ダイワメジャー,2001103114,,クラウン日高牧場,0.0,2001.0,2011.0,2001.0
2018100265,クラウンリオ,牡,松永康利,,ヴァンセンヌ,2009106525,クラウンリバー,2008109195,ダンツシアトル,1990109145,和田志保,クラウン日高牧場,0.0,2009.0,2008.0,1990.0
2018100262,マリノルシアーナ,牝,武市康男,,エピファネイア,2010104155,クラウンフォルテ,2012104779,ハービンジャー,000a011996,クラウン,クラウン日高牧場,0.0,2010.0,2012.0,2006.0
2018100246,ショウナンマハの2018,牡,,,シンボリクリスエス,1999110099,ショウナンマハ,2008105068,タイキシャトル,1994109686,,木村牧場,0.0,1999.0,2008.0,1994.0
2018100243,サウスノーブルの2018,牡,,,トーセンホマレボシ,2009106092,サウスノーブル,2008104617,サウスヴィグラス,1996110138,,木村牧場,0.0,2009.0,2008.0,1996.0
2018100242,マッコイ,牝,水野貴広,,アジアエクスプレス,2011110091,サウスサプライズ,2005102973,サウスヴィグラス,1996110138,布武起会,木村牧場,0.0,2011.0,2005.0,1996.0
2018100240,クリノミカサ,牝,坂口智康,,ストロングリターン,2006102934,クリノカグヤマ,2010104867,プリサイスエンド,000a00fe9b,栗本博晴,木村牧場,0.0,2006.0,2010.0,1997.0
2018100238,オレンジブリーズ,牝,,,スマートファルコン,2005100097,オンマイマインド,2007103828,ティンバーカントリー,000a00035e,,木村牧場,0.0,2005.0,2007.0,1992.0
2018100236,ムティ,牝,堀井雅広,,トゥザワールド,2011103975,レッドスピリッツ,2009105881,マンハッタンカフェ,1998101554,木部厳生,木部ファーム,0.0,2011.0,2009.0,1998.0
2018100233,ティフィンの2018,牡,,,フェノーメノ,2009106599,ティフィン,2006103170,トワイニング,000a000006,,木部ファーム,0.0,2009.0,2006.0,1991.0
2018100229,ピンクショットガンの2018,牝,,,フェノーメノ,2009106599,ピンクショットガン,2010100832,ジャングルポケット,1998101786,,北田剛,0.0,2009.0,2010.0,1998.0
2018100225,サンビーム,牝,土田稔,,ベルシャザール,2008103004,スズオリヅル,2007103483,フサイチコンコルド,1993109220,諸岡慶,北田剛,0.0,2008.0,2007.0,1993.0
2018100216,リヤンドレーヴ,牡,,,リヤンドファミユ,2010104396,サンバホイッスル,2008105409,サウスヴィグラス,1996110138,,川島正広,0.0,2010.0,2008.0,1996.0
2018100215,クリノパプリカ,牝,石橋満,,トーセンジョーダン,2006103169,クリノハイスバル,2011106628,ハーツクライ,2001103038,栗本八江,川島正広,0.0,2006.0,2011.0,2001.0
2018100209,ヤマショウメルシー,牝,,,フェノーメノ,2009106599,ファリシーク,000a011527,Rainbow Quest,000a001b4d,,賀張三浦牧場,0.0,2009.0,1999.0,1981.0
2018100208,ビービーデライト,牡,櫻井拓章,,ビービーガルダン,2004106583,ビービープレジャー,1999101174,アラジ,000a00003b,坂東牧場,賀張三浦牧場,0.0,2004.0,1999.0,1989.0
2018100206,ライヴチョコレート,牡,和田勇介,,キンシャサノキセキ,2003110212,ナムラクーガー,2009102313,Cape Cross,000a0022ae,澤田孝之,賀張三浦牧場,0.0,2003.0,2009.0,1994.0
2018100192,クレストモナーク,牡,黒木豊,,ダノンシャーク,2008105554,マイウィン,2008105381,タニノギムレット,1999100226,遠藤良一,加藤牧場,0.0,2008.0,2008.0,1999.0
2018100191,ルージュの2018,牝,,,コパノリチャード,2010106552,ルージュ,2008106348,ステイゴールド,1994108729,,ＯＫＲａｎｃｈ,0.0,2010.0,2008.0,1994.0
2018100181,ムスタクッカ,牝,尾形和幸,,モーリス,2011100655,カウニスクッカ,2011100155,マンハッタンカフェ,1998101554,村上卓史,オリオンファーム,0.0,2011.0,2011.0,1998.0
2018100180,セイフウメイゲツ,牡,斎藤誠,,ラブリーデイ,2010104298,オノユウ,2007100023,バブルガムフェロー,1993109219,菊地剛,オリオンファーム,0.0,2010.0,2007.0,1993.0
2018100177,ラブムーン,牝,長倉功,,アドマイヤムーン,2003102991,ラブハート,2003100810,マイネルラヴ,1995108558,増田陽一,奥山博,0.0,2003.0,2003.0,1995.0
2018100175,マリンブルーの2018,牡,,,カジノドライヴ,2005110112,マリンブルー,2012106282,ロージズインメイ,000a010a10,,奥山博,0.0,2005.0,2012.0,2000.0
2018100169,ハイパーソニック,セ,中竹和也,,ロードカナロア,2008103552,チェルビム,2001100015,サンデーサイレンス,000a00033a,前田晋二,奥山博,0.0,2008.0,2001.0,1986.0
2018100165,テイエムアクション,牡,五十嵐忠,,ドゥラメンテ,2012104511,ヴァドヴィーツェ,2000101567,エリシオ,1993190001,竹園正繼,奥山博,0.0,2012.0,2000.0,1993.0
2018100164,アルファシャルマン,牝,浅野洋一,,フェノーメノ,2009106599,アルファアップル,2006106692,リンドシェーバー,1988107894,貴悦,奥山博,0.0,2009.0,2006.0,1988.0
2018100163,ビービーフルーク,牡,,,リオンディーズ,2013105915,アクセルハート,2012109089,ファルブラヴ,1998190004,,奥山博,0.0,2013.0,2012.0,1998.0
2018100162,ラストカード,牝,井手上慎,,ディープブリランテ,2009105084,ワシリーサ,2007100995,ストラヴィンスキー,000a00fa41,岡島行一,沖田牧場,0.0,2009.0,2007.0,1996.0
2018100159,リネンイージス,牝,浜田一夫,,ゼンノロブロイ,2000101517,リネンフィールド,2004101480,パラダイスクリーク,1989109110,戸山昌彦,沖田牧場,0.0,2000.0,2004.0,1989.0
2018100156,メメサリーチェ,牝,,,ノヴェリスト,000a012230,メメキューティー,2010104269,ゴールドアリュール,1999106689,,沖田牧場,0.0,2009.0,2010.0,1999.0
2018100155,キタノフウジン,牡,松永康利,,スマートファルコン,2005100097,メイフラワー,2010100285,オペラハウス,000a000d77,北所直人,沖田牧場,0.0,2005.0,2010.0,1988.0
2018100149,ニシノファルシオン,牡,,,カジノドライヴ,2005110112,ニシノオウレイ,2013102929,ダイワメジャー,2001103114,,沖田牧場,0.0,2005.0,2013.0,2001.0
2018100130,シャインワンハートの2018,牡,,,リアルインパクト,2008103244,シャインワンハート,2012101127,ファルブラヴ,1998190004,,大江牧場,0.0,2008.0,2012.0,1998.0
2018100129,シャインセレブの2018,牡,,,ベルシャザール,2008103004,シャインセレブ,2007102941,クロフネ,1998110135,,大江牧場,0.0,2008.0,2007.0,1998.0
2018100124,メジャーフラガールの2018,牝,,,ハービンジャー,000a011996,メジャーフラガール,2010103665,ダイワメジャー,2001103114,,ヴェルサイユファーム,0.0,2006.0,2010.0,2001.0
2018100119,カムアップ,牡,迫田清美,,エピファネイア,2010104155,ジョウノローズ,2011100287,キングカメハメハ,2001103460,稲川善裕,ヴェルサイユファーム,0.0,2010.0,2011.0,2001.0
2018100115,バジガクティアラ,牝,,,エイシンフラッシュ,2007102951,ゴールドテーラー,2010103921,ステイゴールド,1994108729,,ヴェルサイユファーム,0.0,2007.0,2010.0,1994.0
2018100105,ブランドシャトルの2018,牡,,,エスポワールシチー,2005102837,ブランドシャトル,1995107462,Theatrical,000a001bed,,ＷｉｎｇＦａｒｍ,0.0,2005.0,1995.0,1982.0
2018100101,アイファーマーテン,牝,,,レッドスパーダ,2006105511,アヤナベル,2006100523,マイネルラヴ,1995108558,,ＷｉｎｇＦａｒｍ,0.0,2006.0,2006.0,1995.0
2018100098,グランドオーダー,牡,加藤士津,,エスポワールシチー,2005102837,アイキャン,2007101894,タイキシャトル,1994109686,野田善己,ＷｉｎｇＦａｒｍ,0.0,2005.0,2007.0,1994.0
2018100092,ナムラテス,牝,杉山晴紀,,ダイワメジャー,2001103114,ナムラシゲコ,2002105626,エンドスウィープ,000a00010f,奈村睦弘,いとう牧場,0.0,2001.0,2002.0,1991.0
2018100087,リモンチェッロの2018,牡,,,ヴィクトワールピサ,2007102923,リモンチェッロ,2010104452,シンボリクリスエス,1999110099,,石原牧場,0.0,2007.0,2010.0,1999.0
2018100079,アイファーウォルフ,牡,服部利之,,ヴァンセンヌ,2009106525,アヤナルベルス,2007101427,サクラバクシンオー,1989108341,中島稔,アースファーム,0.0,2009.0,2007.0,1989.0
2018100072,ロマンスガール,牝,土田稔,,マルカシェンク,2003102542,タヤスロマンス,2000101359,カーネギー,000a000093,横瀬兼二,荒井ファーム,0.0,2003.0,2000.0,1991.0
2018100068,マザックヤースの2018,牝,,,ディープブリランテ,2009105084,マザックヤース,2013100046,キンシャサノキセキ,2003110212,,新井弘幸,0.0,2009.0,2013.0,2003.0
2018100067,アテナフォンテン,牝,,,パドトロワ,2007102760,ハニーフォンテン,2011101246,ステイゴールド,1994108729,,新井弘幸,0.0,2007.0,2011.0,1994.0
2018100057,ハイレイヤーの2018,牡,,,マクフィ,000a011c77,ハイレイヤー,2007103230,シンボリクリスエス,1999110099,,新井昭二,0.0,2007.0,2007.0,1999.0
2018100053,ピーチーライフ,牝,松浦聡志,,スウェプトオーヴァーボード,000a00fa34,スローライフ,2011104218,ハーツクライ,2001103038,村野康司,新井昭二,0.0,1997.0,2011.0,2001.0
2018100050,リトルスポーツカーの2018,牡,,,アジアエクスプレス,2011110091,リトルスポーツカー,2002110177,Seeking the Gold,000a001bea,,天羽禮治,0.0,2011.0,2002.0,1985.0
2018100048,リワードカロン,牝,藤原辰雄,,ゴスホークケン,2005110186,ミラクルラヴィ,2010106174,スズカフェニックス,2002107011,宮崎忠比古,天羽禮治,0.0,2005.0,2010.0,2002.0
2018100034,フロントオブゲート,牝,根本康広,,ミッキーアイル,2011103916,アポロジャスミン,2007110117,Saint Liam,000a010610,トール＆ワイド,天羽禮治,0.0,2011.0,2007.0,2000.0
2018100033,クリノクニイチ,牡,,,ロードカナロア,2008103552,レースドール,2004102985,クロフネ,1998110135,,天羽牧場,0.0,2008.0,2004.0,1998.0
2018100029,テイエムジャスタ,牡,浜田多実,,ジャスタウェイ,2009106461,マヤノマヤ,2006105137,タイキシャトル,1994109686,竹園正繼,天羽牧場,0.0,2009.0,2006.0,1994.0
2018100009,クリノロンメル,牡,伊藤伸一,,ジョーカプチーノ,2006100529,ダズリングスマイル,2008100564,ホワイトマズル,1990109700,栗本博晴,アイズスタッド,0.0,2006.0,2008.0,1990.0
2018100006,グレイスサンセットの2018,牝,,,ダンカーク,000a012185,グレイスサンセット,2005102870,ジャングルポケット,1998101786,,アイズスタッド,0.0,2006.0,2005.0,1998.0
2018100003,Snowfall,牝,オブライ,,ディープインパクト,2002100816,ベストインザワールド,000a013873,Galileo,000a00232b,Derrick Smith & Mrs John Magnier & Michael Tabor,ノーザンファーム,0.0,2002.0,2013.0,1998.0
2018100002,National Ballet,牡,オブライ,,ディープインパクト,2002100816,フラッフ,000a013872,Galileo,000a00232b,Derrick Smith & Mrs John Magnier & Michael Tabor,ノーザンファーム,0.0,2002.0,2012.0,1998.0
2018100001,Portfolio,牝,スタウト,,ディープインパクト,2002100816,ディプロマ,000a01387b,Dubawi,000a0115e2,The Queen,ノーザンファーム,0.0,2002.0,2013.0,2002.0
