horse_id,horse_name,sex,trainer,trainer_id,sire,sire_id,dam,dam_id,sire_of_dam,bms_id,owner,breeder,total_prize,sire_birth_year,dam_birth_year,bms_birth_year
2016104750,クロノジェネシス,牝,斉藤崇史,,バゴ,2001190004,クロノロジスト,2003103047,クロフネ,1998110135,サンデーレーシング,ノーザンファーム,"110,171.4",2001.0,2003.0,1998.0
2016104532,グランアレグリア,牝,藤沢和雄,,ディープインパクト,2002100816,タピッツフライ,000a01205e,Tapit,000a011248,サンデーレーシング,ノーザンファーム,"107,381.3",2002.0,2007.0,2001.0
2016104505,サートゥルナーリア,牡,角居勝彦,,ロードカナロア,2008103552,シーザリオ,2002100844,スペシャルウィーク,1995103211,キャロットファーム,ノーザンファーム,"52,358.5",2008.0,2002.0,1995.0
2016102179,ダノンキングリー,牡,萩原清,,ディープインパクト,2002100816,マイグッドネス,000a011dc6,Storm Cat,000a001a98,ダノックス,三嶋牧場,"51,505.6",2002.0,2005.0,1983.0
2016105089,カレンブーケドール,牝,国枝栄,,ディープインパクト,2002100816,ソラリア,000a012945,Scat Daddy,000a0114fe,鈴木隆司,社台ファーム,"45,805.7",2002.0,2010.0,2004.0
2016104854,ワールドプレミア,牡,友道康夫,,ディープインパクト,2002100816,マンデラ,000a011190,Acatenango,000a001f0b,大塚亮一,ノーザンファーム,"45,594.3",2002.0,2000.0,1982.0
2016104618,ボッケリーニ,牡,池江泰寿,,キングカメハメハ,2001103460,ポップコーンジャズ,2000101560,ダンスインザダーク,1993109188,金子真人ホールディングス,ノーザンファーム,"45,229.9",2001.0,2000.0,1993.0
2016104867,ダノンファンタジー,牝,中内田充,,ディープインパクト,2002100816,ライフフォーセール,000a012104,Not For Sale,000a011fae,ダノックス,ノーザンファーム,"40,190.1",2002.0,2008.0,1994.0
2016106453,ナランフレグ,牡,宗像義忠,,ゴールドアリュール,1999106689,ケリーズビューティ,2001100858,ブライアンズタイム,000a000082,村木克成,坂戸節子,"40,013.7",1999.0,2001.0,1985.0
2016104458,クリソベリル,牡,音無秀孝,,ゴールドアリュール,1999106689,クリソプレーズ,2002100840,エルコンドルパサー,1995108742,キャロットファーム,ノーザンファーム,"37,960.2",1999.0,2002.0,1995.0
2016104877,ヒシイグアス,牡,堀宣行,,ハーツクライ,2001103038,ラリズ,000a011abb,Bernstein,000a010bae,阿部雅英,ノーザンファーム,"37,839.0",2001.0,2004.0,1997.0
2016105188,レッドルゼル,牡,安田隆行,,ロードカナロア,2008103552,フレンチノワール,2005102347,フレンチデピュティ,000a00013a,東京ホースレーシング,社台ファーム,"35,833.8",2008.0,2005.0,1992.0
2016103444,ニシノデイジー,牡,高木登,,ハービンジャー,000a011996,ニシノヒナギク,2008104138,アグネスタキオン,1998101516,西山茂行,谷川牧場,"33,942.8",2006.0,2008.0,1998.0
2016104648,ラヴズオンリーユー,牝,矢作芳人,,ディープインパクト,2002100816,ラヴズオンリーミー,000a01179f,Storm Cat,000a001a98,ＤＭＭドリームクラブ,ノーザンファーム,"33,874.9",2002.0,2006.0,1983.0
2016104422,アドマイヤマーズ,牡,友道康夫,,ダイワメジャー,2001103114,ヴィアメディチ,000a012fc1,Medicean,000a010a19,近藤旬子,ノーザンファーム,"32,219.5",2001.0,2007.0,1997.0
2016102197,ファストフォース,牡,西村真幸,,ロードカナロア,2008103552,ラッシュライフ,2003102762,サクラバクシンオー,1989108341,安原浩司,三嶋牧場,"31,384.7",2008.0,2003.0,1989.0
2016104624,ハヤヤッコ,牡,国枝栄,,キングカメハメハ,2001103460,マシュマロ,2009106172,クロフネ,1998110135,金子真人ホールディングス,ノーザンファーム,"30,614.0",2001.0,2009.0,1998.0
2016104163,カジノフォンテン,牡,玉井昇,,カジノドライヴ,2005110112,ジーナフォンテン,1998101415,ベストタイアップ,1992109617,吉橋興生,登別上水牧場,"29,420.0",2005.0,1998.0,1992.0
2016102781,ジャスティン,牡,坂井英光,,オルフェーヴル,2008102636,シナスタジア,2009110042,Gone West,000a001be1,小田吉男,天羽禮治,"29,378.8",2008.0,2009.0,1984.0
2016100752,マイネルウィルトス,牡,宮徹,,スクリーンヒーロー,2004103328,マイネボヌール,2009105146,ロージズインメイ,000a010a10,サラブレッドクラブ・ラフィアン,ビッグレッドファーム,"27,958.6",2004.0,2009.0,2000.0
2016100981,ミューチャリー,牡,矢野義幸,,パイロ,000a01176a,ゴッドビラブドミー,2004100969,ブライアンズタイム,000a000082,石瀬丈太郎,芳住鉄兵,"27,908.0",2005.0,2004.0,1985.0
2016102370,ヘリオス,セ,小手川準,,オルフェーヴル,2008102636,アンジュシュエット,2011103131,フレンチデピュティ,000a00013a,ＫＩＣレーシング,桑田牧場,"27,386.2",2008.0,2011.0,1992.0
2016106065,ロジャーバローズ,牡,角居勝彦,,ディープインパクト,2002100816,リトルブック,000a012100,Librettist,000a012055,猪熊広次,飛野牧場,"26,875.6",2002.0,2008.0,2002.0
2016106606,カラテ,牡,東田明士,,トゥザグローリー,2007103265,レディーノパンチ,2006102867,フレンチデピュティ,000a00013a,小田切光,中地康弘,"25,832.8",2007.0,2006.0,1992.0
2016102442,ホッコーメヴィウス,セ,清水久詞,,ダイワメジャー,2001103114,ホッコーメモリー,1999101119,ダンシングブレーヴ,000a0000cc,北幸商事,高昭牧場,"25,572.2",2001.0,1999.0,1983.0
2016100915,モズベッロ,牡,森田直行,,ディープブリランテ,2009105084,ハーランズルビー,000a012062,Harlan's Holiday,000a010cdf,キャピタル・システム,村田牧場,"23,699.8",2009.0,2008.0,1999.0
2016101455,オーヴェルニュ,牡,平山真希,,スマートファルコン,2005100097,ギュイエンヌ,2005104636,タニノギムレット,1999100226,（株）ＴＳホールディ,明治牧場,"23,664.8",2005.0,2005.0,1999.0
2016104946,シルヴァーソニック,牡,池江泰寿,,オルフェーヴル,2008102636,エアトゥーレ,1997103456,トニービン,1983109006,社台レースホース,社台ファーム,"23,655.0",2008.0,1997.0,1983.0
2016105537,オメガレインボー,牡,小久保智,,アイルハヴアナザー,000a011ed3,ワイキューブ,2003104550,アグネスタキオン,1998101516,竹下浩一,岡田スタッド,"23,630.5",2009.0,2003.0,1998.0
2016104529,ヴェロックス,牡,中内田充,,ジャスタウェイ,2009106461,セルキス,000a011d97,Monsun,000a010db6,金子真人ホールディングス,ノーザンファーム,"23,536.0",2009.0,2008.0,1990.0
2016102633,ブルベアイリーデ,牡,九日俊光,,キンシャサノキセキ,2003110212,シルクシンフォニー,2009105111,ストーミングホーム,1998190003,關美和,フクオカファーム,"23,246.8",2003.0,2009.0,1998.0
2016100349,ケイアイパープル,牡,小野望,,パイロ,000a01176a,アルヴェナ,000a011ab9,Seeking the Gold,000a001bea,亀田和弘,隆栄牧場,"22,375.3",2005.0,2005.0,1985.0
2016105282,ダンシングプリンス,牡,宮田敬介,,パドトロワ,2007102760,リトルブレッシング,2002100555,バブルガムフェロー,1993109219,吉田千津,社台ファーム,"22,356.0",2007.0,2002.0,1993.0
2016104711,カテドラル,牡,池添学,,ハーツクライ,2001103038,アビラ,000a0111cb,ロックオブジブラルタル,000a00fd4c,キャロットファーム,ノーザンファーム,"22,223.3",2001.0,2004.0,1999.0
2016110103,ユニコーンライオン,牡,矢作芳人,,No Nay Never,000a013cf5,Muravka,000a013d35,High Chaparral,000a010270,ライオンレースホース,Desert Star Phoenix Jvc,"22,167.1",2011.0,2008.0,1999.0
2016104414,ケイデンスコール,牡,安田隆行,,ロードカナロア,2008103552,インダクティ,2008103319,ハーツクライ,2001103038,サンデーレーシング,ノーザンファーム,"21,952.1",2008.0,2008.0,2001.0
2016106263,ラプタス,セ,渡辺薫彦,,ディープブリランテ,2009105084,エアラホーヤ,2003105451,ボストンハーバー,000a00007c,ヒダカ・ブリーダーズ・ユニオン,藤原牧場,"21,666.4",2009.0,2003.0,1994.0
2016105198,ランブリングアレー,牝,友道康夫,,ディープインパクト,2002100816,ブルーミングアレー,2007102912,シンボリクリスエス,1999110099,社台レースホース,社台ファーム,"21,412.5",2002.0,2007.0,1999.0
2016100814,ジンギ,牡,橋本忠明,,ロードカナロア,2008103552,ロイヤルインパクト,2008105016,ディープインパクト,2002100816,（株）ラ・メール,松浦牧場,"21,253.2",2008.0,2008.0,2002.0
2016105885,ニューモニュメント,牡,小崎憲,,ヘニーヒューズ,000a011155,アンナータ,2010100658,アドマイヤムーン,2003102991,前田葉子,高橋義浩,"20,681.8",2003.0,2010.0,2003.0
2016104851,ヒンドゥタイムズ,セ,斉藤崇史,,ハービンジャー,000a011996,マハーバーラタ,2008103336,ディープインパクト,2002100816,シルクレーシング,ノーザンファーム,"20,568.6",2006.0,2008.0,2002.0
2016106260,ワイドファラオ,牡,森下淳平,,ヘニーヒューズ,000a011155,ワイドサファイア,2006102921,アグネスタキオン,1998101516,幅田昌伸,フジワラファーム,"20,415.3",2003.0,2006.0,1998.0
2016104376,キングオブコージ,牡,安田翔伍,,ロードカナロア,2008103552,ファイノメナ,000a013b85,Galileo,000a00232b,増田和啓,社台コーポレーション白老ファーム,"20,050.7",2008.0,2010.0,1998.0
2016106518,トーラスジェミニ,牡,小桧山悟,,キングズベスト,000a0022d2,エリモエトワール,2005105390,マンハッタンカフェ,1998101554,柴原榮,川上牧場,"19,751.8",1997.0,2005.0,1998.0
2016104791,シャドウディーヴァ,牝,斎藤誠,,ハーツクライ,2001103038,ダイヤモンドディーバ,000a0117f6,Dansili,000a010a5f,スリーエイチレーシング,ノーザンファーム,"19,502.0",2001.0,2004.0,1996.0
2016104426,マルシュロレーヌ,牝,矢作芳人,,オルフェーヴル,2008102636,ヴィートマルシェ,2002100843,フレンチデピュティ,000a00013a,キャロットファーム,ノーザンファーム,"19,327.9",2008.0,2002.0,1992.0
2016105713,ハヤブサナンデクン,牡,吉村圭司,,ゴールドアリュール,1999106689,ホワイトクルーザー,2006100951,クロフネ,1998110135,武田修,グランド牧場,"19,128.4",1999.0,2006.0,1998.0
2016102165,マスターフェンサー,牡,角田晃一,,ジャスタウェイ,2009106461,セクシーザムライ,2004110130,Deputy Minister,000a001849,吉澤ホールディングス,三嶋牧場,"18,496.7",2009.0,2004.0,1979.0
2016102175,ダンディズム,セ,野中賢二,,マンハッタンカフェ,1998101554,ビューティーコンテスト,000a00ff52,シングスピール,1992190005,カナヤマホールディングス,三嶋牧場,"18,287.7",1998.0,2000.0,1992.0
2016104435,ミッキーブリランテ,牡,矢作芳人,,ディープブリランテ,2009105084,エピックラヴ,000a011dce,Dansili,000a010a5f,野田みづき,ノーザンファーム,"18,263.8",2009.0,2008.0,1996.0
2016103957,デルマルーヴル,牡,山田徹,,パイロ,000a01176a,カリビアンロマンス,2011100541,コマンズ,000a011625,浅沼廣幸,坂東牧場,"18,022.8",2005.0,2011.0,1996.0
2016104470,ディアンドル,牝,奥村豊,,ルーラーシップ,2007103143,グリューネワルト,2007103195,スペシャルウィーク,1995103211,シルクレーシング,ノーザンファーム,"17,988.3",2007.0,2007.0,1995.0
2016101745,ゲンパチルシファー,牡,佐々木晶,,トゥザグローリー,2007103265,ラブリイステラ,2008101364,クロフネ,1998110135,平野武志,カナイシスタッド,"17,942.2",2007.0,2008.0,1998.0
2016103143,エイティーンガール,牝,飯田祐史,,ヨハネスブルグ,000a0103b9,センターグランタス,2004101200,アグネスタキオン,1998101516,中山泰志,庄野牧場,"17,722.8",1999.0,2004.0,1998.0
2016100661,ヒカリオーソ,牡,小国博行,,フリオーソ,2004106867,ヒカリヴィグラス,2006104810,サウスヴィグラス,1996110138,西森鶴,ヒカル牧場,"17,409.6",2004.0,2006.0,1996.0
2016102336,テオレーマ,牝,石坂公一,,ジャスタウェイ,2009106461,スターズアラインド,000a013b87,Sea The Stars,000a011c78,水上行雄,笠松牧場,"17,400.7",2009.0,2011.0,2006.0
2016102276,ロードブレス,牡,打越勇児,,ダノンバラード,2008103548,ミステリューズ,2006106696,ナリタトップロード,1996102442,中村智幸,市川牧場,"17,299.1",2008.0,2006.0,1996.0
2016104721,アウィルアウェイ,牝,高野友和,,ジャスタウェイ,2009106461,ウィルパワー,2007103269,キングカメハメハ,2001103460,吉田勝己,ノーザンファーム,"17,200.2",2009.0,2007.0,2001.0
2016102929,ショウナンバルディ,牡,佐々木忠,,キングズベスト,000a0022d2,バノヴィナ,000a012959,Redoute's Choice,000a00fe93,豊島愛子,木村牧場,"17,191.6",1997.0,2006.0,1996.0
2016103690,クリノガウディー,牡,橋本忠明,,スクリーンヒーロー,2004103328,クリノビリオネア,2006106125,ディアブロ,000a0000e9,栗本依利子,三輪牧場,"17,114.2",2004.0,2006.0,1987.0
2016104772,ザダル,牡,大竹正博,,トーセンラー,2008102985,シーザシー,2008110096,Lemon Drop Kid,000a0022d0,キャロットファーム,新冠橋本牧場,"16,996.4",2008.0,2008.0,1996.0
2016104291,ディバインフォース,牡,寺島良,,ワークフォース,000a011a7f,ツクバビューティ,2011103498,ゼンノロブロイ,2000101517,吉田晴哉,追分ファーム,"16,786.8",2007.0,2011.0,2000.0
2016104349,アンドラステ,牝,中内田充,,オルフェーヴル,2008102636,ヴァリディオル,2009106431,Dynaformer,000a001dd9,社台レースホース,社台コーポレーション白老ファーム,"16,534.9",2008.0,2009.0,1985.0
2016100158,ダイシンクローバー,セ,戸田博文,,キンシャサノキセキ,2003110212,ヒシディーバ,2005110086,Fusaichi Pegasus,000a0022cf,大八木信行,カミイスタット,"16,466.4",2003.0,2005.0,1997.0
2016100546,ケイアイターコイズ,牡,安田武広,,キンシャサノキセキ,2003110212,ケイアイデイジー,2007106562,クロフネ,1998110135,亀田和弘,新冠橋本牧場,"16,270.0",2003.0,2007.0,1998.0
2016106602,リンゾウチャネル,牡,荒山勝徳,,モンテロッソ,000a011b05,ワールドレデー,2006104264,タヤスツヨシ,1992109612,木谷哲,川上牧場,"16,085.5",2007.0,2006.0,1992.0
2016102775,シゲルピンクダイヤ,牝,渡辺薫彦,,ダイワメジャー,2001103114,ムーンライトベイ,2006103392,High Chaparral,000a010270,森中蕃,天羽牧場,"16,027.2",2001.0,2006.0,1999.0
2016105093,アトミックフォース,牡,山下貴之,,ワークフォース,000a011a7f,タックスシェルター,1998101580,フジキセキ,1992109618,レックス,社台ファーム,"15,998.8",2007.0,1998.0,1992.0
2016106232,カイザーミノル,牡,北出成人,,ロードカナロア,2008103552,ストライクルート,2010110002,Smart Strike,000a00211c,吉岡實,フジワラファーム,"15,651.4",2008.0,2010.0,1992.0
2016104593,フェアリーポルカ,牝,西村真幸,,ルーラーシップ,2007103143,フェアリーダンス,2009106296,アグネスタキオン,1998101516,山本剛士,ノーザンファーム,"15,613.3",2007.0,2009.0,1998.0
2016105239,ラストドラフト,牡,戸田博文,,ノヴェリスト,000a012230,マルセリーナ,2008103009,ディープインパクト,2002100816,社台レースホース,社台ファーム,"15,334.5",2009.0,2008.0,2002.0
2016105067,ヴァンドギャルド,牡,藤原英昭,,ディープインパクト,2002100816,スキア,000a012f7d,Motivator,000a010c91,社台レースホース,社台ファーム,"15,286.5",2002.0,2007.0,2002.0
2016103884,シャイニーロック,牡,佐々木由,,ベルシャザール,2008103004,ノードラメール,2009110012,ロックオブジブラルタル,000a00fd4c,小林昌志,川向高橋育成牧場,"15,145.5",2008.0,2009.0,1999.0
2016104880,コントラチェック,牝,蛯名正義,,ディープインパクト,2002100816,リッチダンサー,000a011531,Halling,000a002075,キャロットファーム,ノーザンファーム,"15,089.2",2002.0,2000.0,1991.0
2016101149,ロードアクア,牡,中村直也,,ロードカナロア,2008103552,オーシュペール,2009101530,ダイワメジャー,2001103114,ロードホースクラブ,ケイアイファーム,"15,059.9",2008.0,2009.0,2001.0
2016102177,メイショウウズマサ,牡,中西達也,,ロードカナロア,2008103552,ホーマンフリップ,2008103375,フジキセキ,1992109618,松本好隆,三嶋牧場,"15,025.6",2008.0,2008.0,1992.0
2016105009,プールヴィル,牝,庄野靖志,,Le Havre,000a01198f,ケンホープ,000a012e7d,Kendargent,000a0126fd,吉田照哉,社台ファーム,"14,963.6",2006.0,2010.0,2003.0
2016100794,ジュランビル,牝,飯田弘道,,キンシャサノキセキ,2003110212,アリー,000a011502,Deputy Minister,000a001849,村上憲政,松浦牧場,"14,803.8",2003.0,2004.0,1979.0
2016104729,ブラヴァス,牡,友道康夫,,キングカメハメハ,2001103460,ヴィルシーナ,2009106264,ディープインパクト,2002100816,佐々木主浩,ノーザンファーム,"14,797.0",2001.0,2009.0,2002.0
2016104746,スワーヴシャルル,牡,藤田輝信,,ロードカナロア,2008103552,キングスローズ,000a012169,Redoute's Choice,000a00fe93,ＮＩＣＫＳ,ノーザンファーム,"14,756.1",2008.0,2007.0,1996.0
2016110152,マリアズハート,牝,菊沢隆徳,,シャンハイボビー,000a0127e4,Maria's Dance,000a013f7a,Maria's Mon,000a002285,ノルマンディーサラブレッドレーシング,Sally J. Andersen,"14,603.8",2010.0,2002.0,1993.0
2016104635,ボスジラ,牡,国枝栄,,ディープインパクト,2002100816,ミスパスカリ,2001103436,Mr. Greeley,000a00213e,金子真人ホールディングス,ノーザンファーム,"14,473.8",2002.0,2001.0,1992.0
2016103250,ピースワンパラディ,牡,小西重征,,ジャングルポケット,1998101786,クリアソウル,2006101198,アグネスデジタル,1997110025,長谷川成利,高山牧場,"14,422.0",1998.0,2006.0,1997.0
2016104231,ダノンスプレンダー,牡,宗形竹見,,ロードカナロア,2008103552,メジロスプレンダー,2006102657,シンボリクリスエス,1999110099,（株）ダノックス,レイクヴィラファーム,"14,420.9",2008.0,2006.0,1999.0
2016101163,ロードマイウェイ,牡,桜田浩樹,,ジャスタウェイ,2009106461,フェリス,2010101359,ジャングルポケット,1998101786,中村伊三美,ケイアイファーム,"14,329.8",2009.0,2010.0,1998.0
2016103518,アポロビビ,牡,宮川真衣,,アポロキングダム,2003110139,ウインドクラスト,2010103680,スペシャルウィーク,1995103211,山口裕介,春木ファーム,"14,184.1",2003.0,2010.0,1995.0
2016104887,ハーツイストワール,牡,国枝栄,,ハーツクライ,2001103038,レツィーナ,2004105815,キャプテンスティーヴ,000a000d9d,嶋田賢,ノーザンファーム,"14,173.6",2001.0,2004.0,1997.0
2016102133,パトリック,牡,岡田稲男,,ワークフォース,000a011a7f,シャムローグ,2009106141,ディープインパクト,2002100816,カナヤマホールディングス,松田牧場,"14,126.6",2007.0,2009.0,2002.0
2016104695,リオンリオン,牡,松永幹夫,,ルーラーシップ,2007103143,アゲヒバリ,2004102955,クロフネ,1998110135,寺田千代乃,ノーザンファーム,"13,748.4",2007.0,2004.0,1998.0
2016103137,ファンタジスト,牡,梅田智之,,ロードカナロア,2008103552,ディープインアスク,2008106602,ディープインパクト,2002100816,廣崎利洋,ＳｈａｌｌＦａｒｍ,"13,438.7",2008.0,2008.0,2002.0
2016104668,カリボール,牡,戸田博文,,ジャスタウェイ,2009106461,レイズアンドコール,2001103471,サクラバクシンオー,1989108341,大和屋暁,ノーザンファーム,"13,348.9",2009.0,2001.0,1989.0
2016103107,サトノウィザード,牡,宮田敬介,,ロードカナロア,2008103552,ブロードストリート,2006105518,アグネスタキオン,1998101516,サトミホースカンパニー,下河辺牧場,"13,342.2",2008.0,2006.0,1998.0
2016106161,ナムラカメタロー,牡,中川竜馬,,ヨハネスブルグ,000a0103b9,ナムラチアーズ,2008101130,マンハッタンカフェ,1998101554,豊島愛子,八田ファーム,"13,311.8",1999.0,2008.0,1998.0
2016110140,マドラスチェック,牝,斎藤誠,,Malibu Moon,000a010c8e,Gloat,000a013f44,Mr. Greeley,000a00213e,吉田晴哉,Christine Katherine Hayden,"13,229.7",1997.0,2009.0,1992.0
2016105681,スカーフェイス,牡,中竹和也,,ハーツクライ,2001103038,スプリングサンダー,2007100267,クロフネ,1998110135,永井商事,グランド牧場,"13,197.3",2001.0,2007.0,1998.0
2016101865,カルリーノ,セ,打越勇児,,マツリダゴッホ,2003104570,アイリスモレア,2005101297,ショウナンカンプ,1998102595,高樽秀夫,松栄牧場,"13,131.2",2003.0,2005.0,1998.0
2016101209,オセアグレイト,牡,菊川正達,,オルフェーヴル,2008102636,ブルーダヌーブ,000a011427,Bahri,000a001fd8,ＸＩＡＯジャパン,下屋敷牧場,"13,109.9",2008.0,2004.0,1992.0
2016104632,カントル,牡,藤原英昭,,ディープインパクト,2002100816,ミスアンコール,2006103348,キングカメハメハ,2001103460,金子真人ホールディングス,ノーザンファーム,"13,084.8",2002.0,2006.0,2001.0
2016102073,ホープフルサイン,牡,本間忍,,モンテロッソ,000a011b05,ステラーホープ,2005107027,グラスワンダー,1995108676,アドバンス・サッポロ,日進牧場,"12,991.0",2007.0,2005.0,1995.0
2016105547,アシャカトブ,牡,小笠倫弘,,シニスターミニスター,000a011099,ヴェリタスマリコ,2012106081,キングカメハメハ,2001103460,吉冨学,岡田牧場,"12,978.3",2003.0,2012.0,2001.0
2016104787,グルーヴィット,牡,松永幹夫,,ロードカナロア,2008103552,スペシャルグルーヴ,2007103232,スペシャルウィーク,1995103211,キャロットファーム,ノーザンファーム,"12,919.1",2008.0,2007.0,1995.0
2016103291,レシプロケイト,牡,鮫島一歩,,ダイワメジャー,2001103114,アフェクショネット,000a0127ef,Distorted Humor,000a0022ea,ゴドルフィン,ダーレー・ジャパン・ファーム,"12,857.2",2001.0,2009.0,1993.0
2016104807,ドナウデルタ,牝,高野友和,,ロードカナロア,2008103552,ドナウブルー,2008103250,ディープインパクト,2002100816,サンデーレーシング,ノーザンファーム,"12,738.0",2008.0,2008.0,2002.0
2016102192,メイショウテンゲン,牡,松永昌博,,ディープインパクト,2002100816,メイショウベルーガ,2005106472,フレンチデピュティ,000a00013a,松本好雄,三嶋牧場,"12,717.6",2002.0,2005.0,1992.0
2016103289,モダスオペランディ,牡,黒川智貴,,ダイワメジャー,2001103114,アドニータ,000a011a1c,シングスピール,1992190005,伊藤捷一,ダーレー・ジャパン・ファーム,"12,670.6",2001.0,2004.0,1992.0
2016102214,トップウイナー,牡,橋本和馬,,バゴ,2001190004,トップアクトレス,2003102308,テイエムオペラオー,1996100292,宮内牧場,宮内牧場,"12,571.9",2001.0,2003.0,1996.0
2016104495,ショウリュウイクゾ,牡,佐々木晶,,オルフェーヴル,2008102636,ショウリュウムーン,2007101578,キングカメハメハ,2001103460,上田芳枝,ノーザンファーム,"12,541.5",2008.0,2007.0,2001.0
2016102201,ヒュミドール,セ,小手川準,,オルフェーヴル,2008102636,アヴェクトワ,2011103579,チチカステナンゴ,000a011135,サンライズ,宮内牧場,"12,464.0",2008.0,2011.0,1998.0
2016101285,イベリス,牝,角田晃一,,ロードカナロア,2008103552,セレブラール,2004101364,ボストンハーバー,000a00007c,前田幸治,土居牧場,"12,430.7",2008.0,2004.0,1994.0
2016100596,シュリ,牡,池江泰寿,,ハーツクライ,2001103038,エーゲリア,2002110052,Giant's Causeway,000a0022e1,前田幸貴,ノースヒルズ,"12,403.9",2001.0,2002.0,1997.0
2016105223,ルプリュフォール,セ,松永幹夫,,ロードカナロア,2008103552,マイノチカラ,2001103107,サンデーサイレンス,000a00033a,名古屋友豊,社台ファーム,"12,364.5",2008.0,2001.0,1986.0
2016103211,スマートセラヴィー,牡,齋藤雄一,,ヘニーヒューズ,000a011155,スマートオーシャン,2008110033,Mr. Greeley,000a00213e,（株）ケーエム,三嶋牧場,"12,315.0",2003.0,2008.0,1992.0
2016105952,ドウドウキリシマ,牡,川島雅人,,ケープブランコ,000a011b06,メモリアルイヤー,2008103928,ゴールドアリュール,1999106689,西村新一郎,田原橋本牧場,"12,309.9",2007.0,2008.0,1999.0
2016104319,サトノエルドール,牡,国枝栄,,ディープインパクト,2002100816,ミゼリコルデ,2005110107,ファスリエフ,000a00fc4c,里見治,追分ファーム,"12,226.2",2002.0,2005.0,1997.0
2016104990,トーセンカンビーナ,牡,加藤征弘,,ディープインパクト,2002100816,カンビーナ,000a0124c6,Hawk Wing,000a010d4d,島川隆哉,社台ファーム,"12,161.8",2002.0,2008.0,1999.0
2016101093,ダンツキャッスル,牡,谷潔,,ルーラーシップ,2007103143,ダンツクインビー,2002104803,スペシャルウィーク,1995103211,山元哲二,折手牧場,"12,126.8",2007.0,2002.0,1995.0
2016105206,ダノンラスター,セ,堀宣行,,ディープインパクト,2002100816,プリンセスオブシルマー,000a012942,マジェスティックウォリアー,000a011e9c,ダノックス,社台ファーム,"12,104.6",2002.0,2010.0,2005.0
2016104646,ノーヴァレンダ,牡,内田勝義,,ダイワメジャー,2001103114,モンプティクール,2003102854,クロフネ,1998110135,キャロットファーム,ノーザンファーム,"11,954.4",2001.0,2003.0,1998.0
2016100527,タガノディアマンテ,牡,新子雅司,,オルフェーヴル,2008102636,タガノレヴェントン,2006106568,キングカメハメハ,2001103460,八木良司,新冠タガノファーム,"11,863.9",2008.0,2006.0,2001.0
2016103084,ローザノワール,牝,西園正都,,マンハッタンカフェ,1998101554,ダノンスズラン,2007105547,Awesome Again,000a0021cb,渡邉直樹,下河辺牧場,"11,809.5",1998.0,2007.0,1994.0
2016104829,ビーチサンバ,牝,友道康夫,,クロフネ,1998110135,フサイチエアデール,1996107418,サンデーサイレンス,000a00033a,金子真人ホールディングス,ノーザンファーム,"11,722.2",1998.0,1996.0,1986.0
2016110115,サトノセシル,牝,堀宣行,,Frankel,000a01239b,Dupe,000a013d39,Observatory,000a010bee,里見治,Faisal Meshrf Alqahtani,"11,647.2",2008.0,2011.0,1997.0
2016100272,ヴァンケドミンゴ,牡,那俄性哲,,ルーラーシップ,2007103143,アンフィルージュ,2007104401,アグネスタキオン,1998101516,ファーストビジョン,斉藤安行,"11,625.8",2007.0,2007.0,1998.0
2016104989,カレンモエ,牝,安田隆行,,ロードカナロア,2008103552,カレンチャン,2007102807,クロフネ,1998110135,鈴木隆司,社台ファーム,"11,614.1",2008.0,2007.0,1998.0
2016105472,ホウオウトゥルース,セ,佐藤裕太,,アイルハヴアナザー,000a011ed3,キョウエイトルース,1997106004,フジキセキ,1992109618,岡田牧雄,岡田スタッド,"11,594.8",2009.0,1997.0,1992.0
2016100126,ダディーズトリップ,牡,千田輝彦,,ドリームジャーニー,2004102753,ヴードゥーレディ,000a010e14,デインヒル,000a0000d1,田島大史,オリエント牧場,"11,592.0",2004.0,1999.0,1986.0
2016102749,ガンケン,牡,倉兼育康,,ヘニーヒューズ,000a011155,ダイヤモンドムーン,2007105741,マンハッタンカフェ,1998101554,組）サンデーヒルズ,アイズスタッド,"11,554.0",2003.0,2007.0,1998.0
2016102605,ヴァニラアイス,牝,高柳大輔,,キンシャサノキセキ,2003110212,アジタート,2001105525,タイキシャトル,1994109686,ヒダカファーム,ヒダカファーム,"11,547.4",2003.0,2001.0,1994.0
2016102056,レオビヨンド,牡,高柳大輔,,ダンカーク,000a012185,ワタシマッテルワ,2009100650,オレハマッテルゼ,2000101550,レオ,中島牧場,"11,546.6",2006.0,2009.0,2000.0
2016110013,デュープロセス,牡,福永敏,,ダイワメジャー,2001103114,ローズロー,000a0127eb,New Approach,000a011656,永嶋啓一,Godolphin,"11,516.1",2001.0,2010.0,2005.0
2016100550,ヒルノダカール,牡,北出成人,,ヴィクトワールピサ,2007102923,タイムフェアレディ,1998100647,メジロマックイーン,1987107235,ヒルノ,新冠橋本牧場,"11,480.9",2007.0,1998.0,1987.0
2016104659,サトノルークス,牡,池江泰寿,,ディープインパクト,2002100816,リッスン,000a011aa0,Sadler's Wells,000a00185d,里見治,ノーザンファーム,"11,321.9",2002.0,2005.0,1981.0
2016100617,スマッシングハーツ,牡,山中尊徳,,ヘニーヒューズ,000a011155,プリティメイズ,1999104213,ゼネラリスト,1993109767,前田幸治,ノースヒルズ,"11,280.8",2003.0,1999.0,1993.0
2016101154,ロードグラディオ,牡,打越勇児,,キングカメハメハ,2001103460,シンメイフジ,2007103593,フジキセキ,1992109618,中村智幸,ケイアイファーム,"11,093.9",2001.0,2007.0,1992.0
2016102044,アイラブテーラー,牝,河内洋,,トーセンラー,2008102985,タケショウレジーナ,2001100557,ダンスインザダーク,1993109188,中西浩一,富菜牧場,"10,988.8",2008.0,2001.0,1993.0
2016103990,ノンライセンス,牝,松永幹夫,,パイロ,000a01176a,サマーリガード,2007104927,アドマイヤマックス,1999107004,黒川暁子,船越伸也,"10,877.7",2005.0,2007.0,1999.0
2016100614,トゥルボー,牡,小笠倫弘,,オルフェーヴル,2008102636,フェアエレン,2009110056,Street Cry,000a0103ba,ノースヒルズ,ノースヒルズ,"10,875.5",2008.0,2009.0,1998.0
2016103150,ダノンレジーナ,牝,小久保智,,ダノンバラード,2008103548,ダノンボンジュール,2007105733,Shamardal,000a010c92,酒井孝敏,白井牧場,"10,778.0",2008.0,2007.0,2002.0
2016101955,グリードパルフェ,牡,渡辺博文,,トビーズコーナー,000a011fed,エムオーフィーバー,2005104188,メジロマックイーン,1987107235,酒井孝敏,大道牧場,"10,752.0",2008.0,2005.0,1987.0
2016110119,ジャスパージャック,セ,打越勇児,,デクラレーションオブウォー,000a0136f6,Crescent Moon,000a013cf0,Seeking the Gold,000a001bea,加藤和夫,Camas Park Stud,"10,728.4",2009.0,2003.0,1985.0
2016105802,ロザムール,牝,上原博之,,ローズキングダム,2007103404,グレートテン,1997105270,Caerleon,000a0016eb,栗山良子,静内坂本牧場,"10,704.6",2007.0,1997.0,1980.0
2016100763,コスモカレンドゥラ,牡,井樋一也,,ノヴェリスト,000a012230,ミルルーテウス,2004103310,アグネスタキオン,1998101516,泉一郎,ビッグレッドファーム,"10,667.1",2009.0,2004.0,1998.0
2016105272,シフルマン,牡,中尾秀正,,ハービンジャー,000a011996,ラブリネスオブパリ,2002100622,サンデーサイレンス,000a00033a,Ｇ１レーシング,社台ファーム,"10,652.0",2006.0,2002.0,1986.0
2016102668,イメル,牡,音無秀孝,,キンシャサノキセキ,2003110212,スマートアルテミス,2009101159,キングカメハメハ,2001103460,吉澤ホールディングス,村下清志,"10,595.1",2003.0,2009.0,2001.0
2016103065,サトノギャロス,牡,西園正都,,ヘニーヒューズ,000a011155,シャラポワ,2003106081,サンデーサイレンス,000a00033a,サトミホースカンパニー,下河辺牧場,"10,512.2",2003.0,2003.0,1986.0
2016100723,マイネルサーパス,牡,山口浩幸,,アイルハヴアナザー,000a011ed3,マイネアクティース,1998106983,タマモクロス,1984101673,冨田藤男,ビッグレッドファーム,"10,391.1",2009.0,1998.0,1984.0
2016104252,ニューツーリズム,セ,黒岩陽一,,ドリームジャーニー,2004102753,インディストラーダ,2006102733,マンハッタンカフェ,1998101554,吉田晴哉,追分ファーム,"10,378.8",2004.0,2006.0,1998.0
2016106255,アッシェンプッテル,牝,奥村豊,,バトルプラン,000a0118e8,ミミオブパラダイス,2006101527,ダンスインザダーク,1993109188,フジワラ・ファーム,フジワラファーム,"10,367.8",2005.0,2006.0,1993.0
2016102258,リワードアンヴァル,牡,雑賀正光,,スマートファルコン,2005100097,リワードエンプレス,1999102034,オペラハウス,000a000d77,宮崎冴子,リワード,"10,307.1",2005.0,1999.0,1988.0
2016105926,アヴァンティスト,牡,打越勇児,,ダイワメジャー,2001103114,ゴンチャローワ,000a01152c,Gone West,000a001be1,カナヤマホールディングス,谷岡牧場,"10,196.0",2001.0,1998.0,1984.0
2016104926,フォルコメン,セ,森一誠,,ヴィクトワールピサ,2007102923,イマーキュレイトキャット,000a0120cf,Storm Cat,000a001a98,社台レースホース,社台ファーム,"10,141.6",2007.0,2008.0,1983.0
2016103236,ヒデノヴィーナス,牝,梅田智之,,サウスヴィグラス,1996110138,タカラハーバー,2007104560,ボストンハーバー,000a00007c,大石秀夫,瀬戸牧場,"10,090.4",1996.0,2007.0,1994.0
2016101340,アスタールビー,牝,南井克巳,,ロードカナロア,2008103552,キリエ,2006102818,ブライアンズタイム,000a000082,加藤久枝,平野牧場,"10,033.2",2008.0,2006.0,1985.0
2016104808,ドナアトラエンテ,牝,国枝栄,,ディープインパクト,2002100816,ドナブリーニ,000a010eb8,Bertolini,000a00fe97,サンデーレーシング,ノーザンファーム,"9,974.1",2002.0,2003.0,1996.0
2016104836,ウィクトーリア,牝,小島茂之,,ヴィクトワールピサ,2007102923,ブラックエンブレム,2005102480,ウォーエンブレム,000a00fa35,シルクレーシング,ノーザンファーム,"9,859.4",2007.0,2005.0,1999.0
2016104822,ボンディマンシュ,セ,佐藤祐司,,ロードカナロア,2008103552,ビアンカシェボン,2010104324,フジキセキ,1992109618,エヌエス仙台（有）,ノーザンファーム,"9,843.8",2008.0,2010.0,1992.0
2016100569,ヤマニンマヒア,牡,辻哲英,,ディープインパクト,2002100816,ヤマニンカルフール,2000105064,エリシオ,1993190001,土井肇,錦岡牧場,"9,814.5",2002.0,2000.0,1993.0
2016104855,ダノンジャスティス,セ,別府真司,,Kingman,000a0124ab,マンビア,000a012f86,アルデバランＩＩ,000a010541,組）志士十二組合,ノーザンファーム,"9,814.3",2011.0,2008.0,1998.0
2016102670,マイネルアルケミー,牡,中野栄治,,ダンカーク,000a012185,ビリーヴザミラクル,2002100799,フジキセキ,1992109618,サラブレッドクラブ・ラフィアン,村下清志,"9,733.2",2006.0,2002.0,1992.0
2016104965,エフェクトオン,牡,久保田貴,,ディープインパクト,2002100816,オヴァンボクイーン,000a012166,Kalatos,000a01204e,社台レースホース,社台ファーム,"9,727.4",2002.0,2007.0,1992.0
2016105772,ケイアイサクソニー,牡,村上頼章,,ロードカナロア,2008103552,ケイアイウィルゴー,2010102744,タイキシャトル,1994109686,酒井孝敏,佐竹学,"9,704.0",2008.0,2010.0,1994.0
2016104702,アドマイヤジャスタ,牡,石坂公一,,ジャスタウェイ,2009106461,アドマイヤテレサ,2000101626,エリシオ,1993190001,近藤旬子,ノーザンファーム,"9,582.8",2009.0,2000.0,1993.0
2016100846,サルサレイア,牝,櫻田康二,,クロフネ,1998110135,サルサクイーン,1999106557,リンドシェーバー,1988107894,菅原広隆,村上欽哉,"9,537.2",1998.0,1999.0,1988.0
2016101055,ネオブレイブ,牡,目迫大輔,,フリオーソ,2004106867,スズノメガミ,2001110133,ワイルドラッシュ,000a0003a1,ファーストビジョン,小河豊水,"9,513.2",2004.0,2001.0,1994.0
2016100598,マッスルビーチ,牡,鈴木孝志,,メイショウサムソン,2003102205,クロンヌドール,2009105896,アグネスタキオン,1998101516,岡浩二,ノースヒルズ,"9,417.1",2003.0,2009.0,1998.0
2016104899,アクアミラビリス,牝,吉村圭司,,ヴィクトワールピサ,2007102923,アクアリング,2005102283,Anabaa,000a0022e2,社台レースホース,社台ファーム,"9,348.9",2007.0,2005.0,1992.0
2016104484,ダノンチェイサー,牡,池江泰寿,,ディープインパクト,2002100816,サミター,000a0124cd,ロックオブジブラルタル,000a00fd4c,ダノックス,ノーザンファーム,"9,346.0",2002.0,2009.0,1999.0
2016100359,ペイシャキュウ,牝,蛯名利弘,,サウスヴィグラス,1996110138,ママキジャ,2008104580,ストラヴィンスキー,000a00fa41,北所直人,隆栄牧場,"9,329.5",1996.0,2008.0,1996.0
2016103657,セイヴァリアント,牡,新田守,,ベルシャザール,2008103004,フレンチミシル,2008106143,フレンチデピュティ,000a00013a,高橋千恵子,本間牧場,"9,303.7",2008.0,2008.0,1992.0
2016104778,クラージュゲリエ,牡,池江泰寿,,キングカメハメハ,2001103460,ジュモー,2006103316,タニノギムレット,1999100226,キャロットファーム,ノーザンファーム,"9,299.9",2001.0,2006.0,1999.0
2016102867,サンアップルトン,牡,田中淳司,,ゼンノロブロイ,2000101517,シナル,2008105447,キングカメハメハ,2001103460,加藤ステーブル,ケイズ,"9,296.5",2000.0,2008.0,2001.0
2016105060,トオヤリトセイト,牡,松下武士,,ドリームジャーニー,2004102753,ジャジャマーチャン,2008103040,アドマイヤコジーン,1996106512,村田能光,社台ファーム,"9,222.8",2004.0,2008.0,1996.0
2016100433,タマモメイトウ,牡,村上実,,エイシンフラッシュ,2007102951,チャームアンサー,2006104566,メジロライアン,1987105368,岩渕瑞生,対馬正,"9,191.8",2007.0,2006.0,1987.0
2016103415,ショウナンバニラ,牝,武市康男,,オルフェーヴル,2008102636,ショウナンサリーレ,2003103843,キャプテンスティーヴ,000a000d9d,湘南,中原牧場,"9,112.0",2008.0,2003.0,1997.0
2016105051,シングフォーユー,牝,牧光二,,ジャスタウェイ,2009106461,シングライクバード,2005102278,シンボリクリスエス,1999110099,社台レースホース,社台ファーム,"9,108.8",2009.0,2005.0,1999.0
2016100151,インテンスライト,牡,野口寛仁,,エイシンフラッシュ,2007102951,スコルピオンキッス,2004110121,フレンチデピュティ,000a00013a,堂守貴志,カミイスタット,"8,998.5",2007.0,2004.0,1992.0
2016100298,ミニオンペール,牝,小手川準,,マツリダゴッホ,2003104570,トラックマグナ,2002102082,アラジ,000a00003b,ノルマンディーサラブレッドレーシング,サンローゼン,"8,997.1",2003.0,2002.0,1989.0
2016102089,イッツクール,牡,田中淳司,,アルデバランII,000a010541,タキオンメーカー,2012102399,エンパイアメーカー,000a010542,久木田隆,日本中央競馬会日高育成牧場,"8,987.8",1998.0,2012.0,2000.0
2016110131,ピアシック,牡,森秀行,,Central Banker,000a013eed,Our Miss Jones,000a013f15,Alphabet Soup,000a002286,キーファーズ,McMahon of Saratoga Thoroughbreds LLC,"8,969.8",2010.0,2002.0,1991.0
2016104963,フィードバック,セ,角田輝也,,ブラックタイド,2001103312,エンドレスビジネス,2003102647,エンドスウィープ,000a00010f,伊藤とみ枝,社台ファーム,"8,944.1",2001.0,2003.0,1991.0
2016104549,カウディーリョ,セ,堀宣行,,キングカメハメハ,2001103460,ディアデラノビア,2002100954,サンデーサイレンス,000a00033a,キャロットファーム,ノーザンファーム,"8,922.8",2001.0,2002.0,1986.0
2016103338,ピクシーメイデン,牝,野中賢二,,エンパイアメーカー,000a010542,ピクシープリンセス,2008105759,ディープインパクト,2002100816,ゴドルフィン,ダーレー・ジャパン・ファーム,"8,900.6",2000.0,2008.0,2002.0
2016102075,マーニ,牡,井樋一也,,アドマイヤムーン,2003102991,ナイアード,2006102204,ワイルドラッシュ,000a0003a1,小橋亮太,日進牧場,"8,838.0",2003.0,2006.0,1994.0
2016101814,エメラルファイト,牡,石井勝男,,クロフネ,1998110135,セトウチソーラー,2007104004,スペシャルウィーク,1995103211,高橋勉,金成吉田牧場,"8,823.0",1998.0,2007.0,1995.0
2016105136,サヴォワールエメ,牝,辻野泰之,,ダイワメジャー,2001103114,ニアメ,000a01180f,Pivotal,000a002328,平井裕,社台ファーム,"8,815.0",2001.0,2006.0,1993.0
2016106510,トミケンルーア,セ,竹内正洋,,フレンチデピュティ,000a00013a,オーバーザムーン,2009106851,アドマイヤムーン,2003102991,富樫アキ子,成隆牧場,"8,766.0",1992.0,2009.0,2003.0
2016106450,タイサイ,牡,堀場裕充,,スマートファルコン,2005100097,プリティスター,2007100804,サウスヴィグラス,1996110138,（有）ランドエコノミ,大作ステーブル,"8,765.7",2005.0,2007.0,1996.0
2016110106,ロンドンテソーロ,牡,鮫島克也,,Exceed And Excel,000a010a61,Allegrezza,000a013d1c,Sir Percy,000a01220e,了徳寺健二ホールディングス,Roundhill Stud & J. S. Investments,"8,752.3",2000.0,2011.0,2003.0
2016105101,サトノダムゼル,牝,堀宣行,,ディープインパクト,2002100816,ダリシア,000a011800,Acatenango,000a001f0b,サトミホースカンパニー,社台ファーム,"8,733.9",2002.0,2001.0,1982.0
2016104397,タイセイモナーク,牡,西村真幸,,ルーラーシップ,2007103143,アソルータ,2008103297,ゼンノロブロイ,2000101517,田中成奉,ノーザンファーム,"8,718.7",2007.0,2008.0,2000.0
2016102273,モンブランテソーロ,牡,田中博康,,ダノンバラード,2008103548,ルヴァンクレール,2005110010,Danehill Dancer,000a002309,了徳寺健二ホールディングス,市川ファーム,"8,690.9",2008.0,2005.0,1993.0
2016110158,フォッサマグナ,セ,黒岩陽一,,War Front,000a011d00,River Belle,000a013f80,Lahib,000a0020d4,吉田和美,Lofts Hall Stud,"8,689.0",2002.0,2001.0,1988.0
2016100970,アーデントリー,牡,川村禎彦,,エイシンフラッシュ,2007102951,パリュール,2010106169,リンカーン,2000101561,巴山尊文,山岡牧場,"8,674.7",2007.0,2010.0,2000.0
2016106049,スコルピウス,セ,米川昇,,キンシャサノキセキ,2003110212,ワスレナグサ,2005100600,アグネスデジタル,1997110025,飯田貴大,千代田牧場,"8,655.0",2003.0,2005.0,1997.0
2016102078,ラインカリーナ,牝,小沢宏次,,パイロ,000a01176a,フェールクークー,2005106340,アラムシャー,000a00fdab,大澤繁昌,日進牧場,"8,654.3",2005.0,2005.0,2000.0
2016104563,ヴァンランディ,牡,武井亮,,キングカメハメハ,2001103460,ハッピーパス,1998101803,サンデーサイレンス,000a00033a,サンデーレーシング,ノーザンファーム,"8,653.5",2001.0,1998.0,1986.0
2016100358,デアフルーグ,牡,川島洋人,,ベーカバド,000a011dc0,パイクーニャン,2004100420,フレンチデピュティ,000a00013a,ウエスト．フォレスト．ステイブル,隆栄牧場,"8,605.6",2007.0,2004.0,1992.0
2016105526,メロディーレーン,牝,森田直行,,オルフェーヴル,2008102636,メーヴェ,2008110046,Motivator,000a010c91,岡田牧雄,岡田スタッド,"8,590.9",2008.0,2008.0,2002.0
2016104665,ミトロジー,セ,尾関知人,,ダイワメジャー,2001103114,リードストーリー,000a011505,Editor's Note,000a002246,シルクレーシング,ノーザンファーム,"8,587.5",2001.0,1999.0,1993.0
2016103387,ナイママ,牡,目迫大輔,,ダノンバラード,2008103548,ニシノマドカ,2007102514,ジャングルポケット,1998101786,（株）ファーストビジ,道見牧場,"8,573.6",2008.0,2007.0,1998.0
2016105630,レノーア,牝,相沢郁,,スクリーンヒーロー,2004103328,レッドターキー,2005100225,トワイニング,000a000006,畑佐博,神垣道弘,"8,568.0",2004.0,2005.0,1991.0
2016104856,ウラノメトリア,セ,渡辺和雄,,ルーラーシップ,2007103143,ミクロコスモス,2006103398,ネオユニヴァース,2000101426,サンデーレーシング,ノーザンファーム,"8,554.8",2007.0,2006.0,2000.0
2016110041,ショウナンアリアナ,牝,高野友和,,Frankel,000a01239b,Restiadargent,000a013aee,Kendargent,000a0126fd,国本哲秀,Guy Pariente Holding,"8,552.1",2008.0,2009.0,2003.0
2016105047,トランスナショナル,セ,栗本陽一,,ジャスタウェイ,2009106461,ショーコ,000a010dcd,Efisio,000a010538,組）ＷｉｎｎｉｎｇＨ,社台ファーム,"8,492.2",2009.0,2001.0,1982.0
2016105292,レッドジェニアル,セ,高橋義忠,,キングカメハメハ,2001103460,レッドアゲート,2005101462,マンハッタンカフェ,1998101554,東京ホースレーシング,社台ファーム,"8,489.0",2001.0,2005.0,1998.0
2016105042,キスラー,牡,池江泰寿,,ディープインパクト,2002100816,シャンパンドーロ,000a0124c7,Medaglia d'Oro,000a010a65,キーファーズ,社台ファーム,"8,477.4",2002.0,2007.0,1999.0
2016103730,ザイツィンガー,牡,牧田和弥,,ドリームジャーニー,2004102753,ザッハトルテ,2007106175,クロフネ,1998110135,永田和彦,森永牧場,"8,472.2",2004.0,2007.0,1998.0
2016100214,スナークスター,セ,木村健,,ネオユニヴァース,2000101426,スナークヒロイン,2007109141,サクラバクシンオー,1989108341,杉本豊,小泉牧場,"8,445.3",2000.0,2007.0,1989.0
2016100171,アイファーキングズ,牡,雑賀正光,,アサクサキングス,2004103163,アイファーペガサス,2001102452,デヒア,000a0000df,中島稔,川上悦夫,"8,432.5",2004.0,2001.0,1991.0
2016104452,ゴースト,セ,工藤真司,,ハーツクライ,2001103038,ガヴィオラ,000a010e82,Cozzene,000a001bda,西村健,ノーザンファーム,"8,416.2",2001.0,1997.0,1980.0
2016103115,ヨハン,牡,加藤和義,,ヨハネスブルグ,000a0103b9,マストバイアイテム,2007105550,アフリート,000a000013,福原聡,下河辺牧場,"8,392.7",1999.0,2007.0,1984.0
2016104514,エスポワール,牝,角居勝彦,,オルフェーヴル,2008102636,スカーレット,2005102516,シンボリクリスエス,1999110099,近藤英子,ノーザンファーム,"8,389.5",2008.0,2005.0,1999.0
2016105734,サンキューユウガ,牡,西村真幸,,ロードカナロア,2008103552,マイネアンティーク,2009106193,サクラバクシンオー,1989108341,田畑利彦,今牧場,"8,330.0",2008.0,2009.0,1989.0
2016104921,サトノラディウス,セ,新谷功一,,ディープインパクト,2002100816,Ave,2006190003,Danehill Dancer,000a002309,里見治,社台ファーム,"8,320.6",2002.0,2006.0,1993.0
2016103649,ハーフバック,牝,杉山晴紀,,ジャスタウェイ,2009106461,キトゥンブルー,2008102643,ダンスインザダーク,1993109188,本間充,本間牧場,"8,310.8",2009.0,2008.0,1993.0
2016102355,リンノレジェンド,牡,別府真司,,トビーズコーナー,000a011fed,ピエールナオチャン,2009101033,ケイムホーム,000a0108d1,菅野守雄,上山牧場,"8,284.5",2008.0,2009.0,1999.0
2016103252,ジェミニキング,セ,庄野靖志,,トランセンド,2006104736,ピシーズクイーン,2007100030,アグネスデジタル,1997110025,三宅勝俊,高山牧場,"8,242.9",2006.0,2007.0,1997.0
2016104662,セプタリアン,セ,池添学,,キングヘイロー,1995104427,リビングプルーフ,2007103327,ファルブラヴ,1998190004,吉田勝己,ノーザンファーム,"8,213.0",1995.0,2007.0,1998.0
2016104762,プライドランド,牡,坂本和也,,ディープインパクト,2002100816,ザズー,000a012061,Tapit,000a011248,前田良平,ノーザンファーム,"8,196.7",2002.0,2008.0,2001.0
2016102534,イーサンパンサー,牡,千葉直人,,スズカフェニックス,2002107011,レアシルウィア,2003104007,ティンバーカントリー,000a00035e,国本勇,東栄牧場,"8,192.4",2002.0,2003.0,1992.0
2016104451,シークレットラン,牡,村山明,,ダンカーク,000a012185,カールファターレ,2007103149,キングカメハメハ,2001103460,亀井哲也,ノーザンファーム,"8,140.3",2006.0,2007.0,2001.0
2016105230,レッドアネモス,牝,友道康夫,,ヴィクトワールピサ,2007102923,マチカネハヤテ,2005102387,サクラバクシンオー,1989108341,東京ホースレーシング,社台ファーム,"8,124.4",2007.0,2005.0,1989.0
2016104634,ハーメティキスト,牡,岩戸孝樹,,ロードカナロア,2008103552,ミスティックリップス,000a011d57,ジェネラス,000a000148,キャロットファーム,ノーザンファーム,"8,095.2",2008.0,2004.0,1988.0
2016104832,マイサンシャイン,牡,五十嵐忠,,ゴールドアリュール,1999106689,フラッテローザ,2007104808,ブライアンズタイム,000a000082,三田昌宏,ノーザンファーム,"8,053.4",1999.0,2007.0,1985.0
2016100952,ヴァリアント,牡,打越勇児,,スクリーンヒーロー,2004103328,メロークーミス,2008104870,ダンスインザダーク,1993109188,カナヤマホールディングス,守矢牧場,"8,024.6",2004.0,2008.0,1993.0
2016102142,アイアムハヤスギル,牡,奥平雅士,,ヨハネスブルグ,000a0103b9,アイアムネフライト,2009105693,アグネスタキオン,1998101516,ワイズマン,まるとみ冨岡牧場,"8,020.7",1999.0,2009.0,1998.0
2016102396,ブレイキングドーン,牡,中竹和也,,ヴィクトワールピサ,2007102923,アグネスサクラ,2006102879,ホワイトマズル,1990109700,前田幸貴,高昭牧場,"7,976.3",2007.0,2006.0,1990.0
2016104000,シャイニーブランコ,牡,佐々木由,,クロフネ,1998110135,クリスタルコースト,2002100943,サンデーサイレンス,000a00033a,小林昌志,雅牧場,"7,952.8",1998.0,2002.0,1986.0
2016102524,スマートフルーレ,牝,南井克巳,,ゴールドアリュール,1999106689,ベルエアメイダン,2009110097,Shamardal,000a010c92,大川徹,高松牧場,"7,946.0",1999.0,2009.0,2002.0
2016106292,オールイズウェル,牡,佐々木晶,,ルーラーシップ,2007103143,ラブフール,2007103423,ゼンノロブロイ,2000101517,小林竜太郎,へいはた牧場,"7,924.2",2007.0,2007.0,2000.0
2016101207,アドマイヤポラリス,牡,友道康夫,,ジャスタウェイ,2009106461,ソングオブサイレンス,000a0114b1,Unbridled's Song,000a002071,近藤旬子,下屋敷牧場,"7,915.5",2009.0,2003.0,1993.0
2016101465,スギノヴォルケーノ,牡,伊藤勝好,,ロードカナロア,2008103552,バクシンカーリー,2007103963,サクラバクシンオー,1989108341,葛西豊次,明治牧場,"7,894.6",2008.0,2007.0,1989.0
2016100746,マイネルミュトス,牡,平和人,,ディープインパクト,2002100816,マイネヌーヴェル,2000102605,ブライアンズタイム,000a000082,酒井孝敏,ビッグレッドファーム,"7,870.5",2002.0,2000.0,1985.0
2016105171,ピノクル,牡,音無秀孝,,キングカメハメハ,2001103460,ピンクカメオ,2004100719,フレンチデピュティ,000a00013a,金子真人ホールディングス,社台ファーム,"7,869.2",2001.0,2004.0,1992.0
2016105144,ハッシュゴーゴー,牝,荒川義之,,アサクサキングス,2004103163,ハッシュバンバン,1999110216,Kaldoun,000a00196b,吉田千津,社台ファーム,"7,854.7",2004.0,1999.0,1975.0
2016105106,ダンスディライト,牡,松永幹夫,,キングカメハメハ,2001103460,ダンスインザムード,2001103133,サンデーサイレンス,000a00033a,社台レースホース,社台ファーム,"7,818.4",2001.0,2001.0,1986.0
2016103066,シャンパンクーペ,牡,今津博之,,エンパイアメーカー,000a010542,シャンパンフルート,2005103150,クロフネ,1998110135,ＳＲＥ（同）,下河辺牧場,"7,811.8",2000.0,2005.0,1998.0
2016102692,ハッピーアワー,牡,杉山佳明,,ハービンジャー,000a011996,サクセスシルエット,2008102310,ディープインパクト,2002100816,高嶋祐子,吉田ファーム,"7,798.6",2006.0,2008.0,2002.0
2016104795,ダイアナブライト,牝,内田勝義,,ディープインパクト,2002100816,チェリーコレクト,000a012130,Oratorio,000a010d4e,キャロットファーム,ノーザンファーム,"7,780.7",2002.0,2009.0,2002.0
2016100893,アークヴィグラス,牝,嶋田幸晴,,サウスヴィグラス,1996110138,キセキノショウリ,2011105031,フジキセキ,1992109618,アークフロンティア,村上牧場,"7,750.0",1996.0,2011.0,1992.0
2016105172,ダノングリスター,セ,別府真司,,ロードカナロア,2008103552,ファイブスター,2005102288,クロフネ,1998110135,組）志士十二組合,社台ファーム,"7,738.4",2008.0,2005.0,1998.0
2016104696,スマイル,牡,胡本友晴,,ダイワメジャー,2001103114,アシュレイリバー,2004102942,Mr. Greeley,000a00213e,皆川なほ子,ノーザンファーム,"7,715.1",2001.0,2004.0,1992.0
2016106252,ランスオブプラーナ,牡,石井勝男,,ケープブランコ,000a011b06,マイプラーナ,2006101516,マンハッタンカフェ,1998101554,五影慶則,フジワラファーム,"7,707.0",2007.0,2006.0,1998.0
2016105797,コスモエスパーダ,牡,天間昭一,,レッドスパーダ,2006105511,コウユーヒカリママ,2008100359,ロックオブジブラルタル,000a00fd4c,ビッグレッドファーム,静内酒井牧場,"7,689.5",2006.0,2008.0,1999.0
2016104835,タンタラス,牝,池添学,,キングカメハメハ,2001103460,ブエナビスタ,2006103319,スペシャルウィーク,1995103211,サンデーレーシング,ノーザンファーム,"7,681.6",2001.0,2006.0,1995.0
2016104828,ヴァルディゼール,牡,渡辺薫彦,,ロードカナロア,2008103552,ファーゴ,2009106345,ハーツクライ,2001103038,Ｇ１レーシング,ノーザンファーム,"7,662.1",2008.0,2009.0,2001.0
2016104907,バラックパリンカ,セ,桜田浩樹,,ノヴェリスト,000a012230,アプリコットフィズ,2007102942,ジャングルポケット,1998101786,伊藤とみ枝,社台ファーム,"7,655.7",2009.0,2007.0,1998.0
2016104660,パルティアーモ,牝,池上昌和,,ワークフォース,000a011a7f,リビアーモ,2005102705,アドマイヤベガ,1996107396,サンデーレーシング,ノーザンファーム,"7,649.9",2007.0,2005.0,1996.0
2016106486,メディクス,牡,打越勇児,,ゴールドアリュール,1999106689,エーシンベタラネリ,2006110036,Elusive Quality,000a00231f,カナヤマホールディングス,栄進牧場,"7,646.5",1999.0,2006.0,1993.0
2016110079,アスターペガサス,牡,中竹和也,,Giant's Causeway,000a0022e1,R Heat Lightning,000a013cb6,Trippi,000a010749,加藤久枝,Stonestreet Thoroughbred Holdings LLC,"7,636.3",1997.0,2008.0,1997.0
2016100321,ウォーターエデン,牝,岡田稲男,,ハービンジャー,000a011996,クロスウォーターII,000a0117ce,Storm Cat,000a001a98,山岡良一,須崎牧場,"7,606.1",2006.0,2005.0,1983.0
2016103825,トーセンガーネット,牝,小久保智,,アグネスデジタル,1997110025,トーセンヴェール,2009106231,クロフネ,1998110135,島川隆哉,エスティファーム,"7,580.0",1997.0,2009.0,1998.0
2016104839,ブランノワール,牝,須貝尚介,,ロードカナロア,2008103552,プチノワール,2005102710,シングスピール,1992190005,シルクレーシング,ノーザンファーム,"7,573.2",2008.0,2005.0,1992.0
2016102663,ハギノアトラス,セ,宮地貴稔,,クロフネ,1998110135,ハギノアーク,2009101332,アドマイヤムーン,2003102991,安岡美津子,村下明博,"7,534.0",1998.0,2009.0,2003.0
2016104858,ジョディー,牝,戸田博文,,ダイワメジャー,2001103114,ミスティークII,000a0120f6,Monsun,000a010db6,小濱忠一,ノーザンファーム,"7,497.2",2001.0,2009.0,1990.0
2016110139,モンペルデュ,牝,松永幹夫,,Cairo Prince,000a013f30,Spanish Post,000a013f43,Flatter,000a010d05,吉田和子,Bluewater Sales LLC & Three Diamonds Farm,"7,491.8",2011.0,2007.0,1999.0
2016103327,エンダウメント,牡,鮫島克也,,マンハッタンカフェ,1998101554,チャリティークエスト,000a0116f0,コロナドズクエスト,000a0000b5,嶋田亘克,ダーレー・ジャパン・ファーム,"7,450.0",1998.0,2004.0,1995.0
2016105066,イルマタル,牝,渡辺薫彦,,シンボリクリスエス,1999110099,スカーレル,2009105882,ゴールドアリュール,1999106689,吉田照哉,社台ファーム,"7,417.5",1999.0,2009.0,1999.0
2016104431,スズカカナロア,牡,橋田満,,ロードカナロア,2008103552,エカルラート,2008103189,ハーツクライ,2001103038,永井啓弍,ノーザンファーム,"7,410.0",2008.0,2008.0,2001.0
2016104629,エングレーバー,牡,坂口智康,,オルフェーヴル,2008102636,マルティンスターク,2005102704,シンボリクリスエス,1999110099,キャロットファーム,ノーザンファーム,"7,371.9",2008.0,2005.0,1999.0
2016105682,アイアムレジェンド,牡,宮路洋一,,ハーツクライ,2001103038,スプリングマンボ,1995108978,Kingmambo,000a001d7e,酒井孝敏,グランド牧場,"7,356.1",2001.0,1995.0,1990.0
2016102334,コンカラー,牡,中川竜馬,,ネオユニヴァース,2000101426,サチノスイーティー,2003106201,カリスタグローリ,1988106402,奥正之,笠松牧場,"7,351.8",2000.0,2003.0,1988.0
2016104057,ヒラソール,セ,村上正和,,マツリダゴッホ,2003104570,ハナイチリン,2003103053,ボストンハーバー,000a00007c,阿部栄乃進,阿部栄乃進,"7,351.3",2003.0,2003.0,1994.0
2016105095,ベストタッチダウン,牡,橋口慎介,,タートルボウル,000a012045,タッチザピーク,2003102569,スペシャルウィーク,1995103211,社台レースホース,社台ファーム,"7,340.9",2002.0,2003.0,1995.0
2016109023,サムシングジャスト,牝,松田国英,,ヴィクトワールピサ,2007102923,ツルマルオトメ,2002102982,タイキシャトル,1994109686,グリーンファーム,恵比寿興業株式会社那須野牧場,"7,331.8",2007.0,2002.0,1994.0
2016101492,ジョーマンデリン,牝,清水久詞,,ジョーカプチーノ,2006100529,ジョーアラマート,2008103959,キングヘイロー,1995104427,上田けい子,山際牧場,"7,278.0",2006.0,2008.0,1995.0
2016102979,サンロアノーク,牡,田中一巧,,シニスターミニスター,000a011099,フィールザロマンス,2010103585,ブラックタイド,2001103312,加藤ステーブル,ケイズ,"7,267.0",2003.0,2010.0,2001.0
2016100180,クーファピーカブー,牝,中村直也,,オルフェーヴル,2008102636,ウインアンジェラス,2004100181,Bertolini,000a00fe97,大迫正善,川島牧場,"7,260.4",2008.0,2004.0,1996.0
2016110141,メイクハッピー,牝,佐藤裕太,,Square Eddie,000a013f31,Silar Rules,000a013f49,Ten Most Wanted,000a013f32,吉田和子,Reddam Racing LLC,"7,250.6",2006.0,2006.0,2000.0
2016104650,ランフォザローゼス,セ,蛯名正義,,キングカメハメハ,2001103460,ラストグルーヴ,2010104053,ディープインパクト,2002100816,窪田芳郎,ノーザンファーム,"7,236.4",2001.0,2010.0,2002.0
2016100625,アフランシール,牝,尾関知人,,ハーツクライ,2001103038,ルシュクル,2006104724,サクラバクシンオー,1989108341,前田幸治,ノースヒルズ,"7,229.0",2001.0,2006.0,1989.0
2016102034,メイショウウチデ,牡,南井克巳,,ダノンシャンティ,2007105709,メイショウフェーヴ,2005106459,フレンチデピュティ,000a00013a,松本和子,富田牧場,"7,214.2",2007.0,2005.0,1992.0
2016102102,クリノオウジャ,牡,高橋義忠,,メイショウサムソン,2003102205,ブルーボックスボウ,1998103264,サンデーサイレンス,000a00033a,栗本守,林孝輝,"7,203.9",2003.0,1998.0,1986.0
2016104351,リトミカメンテ,牝,高野友和,,オルフェーヴル,2008102636,カルマート,2008102645,シンボリクリスエス,1999110099,サンデーレーシング,社台コーポレーション白老ファーム,"7,202.4",2008.0,2008.0,1999.0
2016103346,サマーセント,牝,斉藤崇史,,ハービンジャー,000a011996,プリムローズレーン,2002100006,サンデーサイレンス,000a00033a,ゴドルフィン,ダーレー・ジャパン・ファーム,"7,177.2",2006.0,2002.0,1986.0
2016101956,オルダージュ,セ,川添明弘,,タイキシャトル,1994109686,カリオンレディ,2006104237,キングカメハメハ,2001103460,木村益生,大道牧場,"7,142.7",1994.0,2006.0,2001.0
2016110025,パーティナシティ,牡,高橋義忠,,Invincible Spirit,000a01056d,Kerry's Dream,000a013ac7,Tobougg,000a00fea3,ゴドルフィン,Bumble Bloodstock & Irish National Stud,"7,109.7",1997.0,2004.0,1998.0
2016104352,ガロシェ,牝,戸田博文,,ルーラーシップ,2007103143,キストゥヘヴン,2003101040,アドマイヤベガ,1996107396,サンデーレーシング,社台コーポレーション白老ファーム,"7,081.2",2007.0,2003.0,1996.0
2016104622,パッシングスルー,牝,黒岩陽一,,ルーラーシップ,2007103143,マイティースルー,2006103249,クロフネ,1998110135,キャロットファーム,ノーザンファーム,"7,052.5",2007.0,2006.0,1998.0
2016102199,テーオーターゲット,牡,吉岡辰弥,,キンシャサノキセキ,2003110212,ルックアミリオン,2003106460,フレンチデピュティ,000a00013a,小笹公也,三嶋牧場,"6,969.6",2003.0,2003.0,1992.0
2016104670,レッドアステル,牝,国枝栄,,ディープインパクト,2002100816,レッドエルザ,2010110011,Smart Strike,000a00211c,東京ホースレーシング,ノーザンファーム,"6,967.9",2002.0,2010.0,1992.0
2016105601,ペガサス,牡,上原博之,,キモンノカシワ,2009104021,ベルモントアイリス,2006104907,アジュディケーティング,000a000d5d,中辻明,織田正敏,"6,946.0",2009.0,2006.0,1987.0
2016103861,ビルジキール,牡,水野善太,,キングヘイロー,1995104427,ディアースパークル,2005106887,マイネルラヴ,1995108558,戸部昌洋,和田牧場,"6,929.8",1995.0,2005.0,1995.0
2016105200,ブランクエンド,牡,佐藤裕太,,ハーツクライ,2001103038,ブルーミンバー,2005102305,ファルブラヴ,1998190004,諸江幸祐,社台ファーム,"6,920.9",2001.0,2005.0,1998.0
2016102767,プレイリードリーム,牡,安達昭夫,,ドリームジャーニー,2004102753,ザリーン,2004105217,メイショウオウドウ,1995101767,田所英子,天羽牧場,"6,913.0",2004.0,2004.0,1995.0
2016103815,トーセングラン,牡,田村康仁,,ディープインパクト,2002100816,スタイルアンドクラス,000a012d0d,Galileo,000a00232b,島川隆哉,エスティファーム,"6,908.3",2002.0,2010.0,1998.0
2016106316,ミモザイエロー,牝,戸田博文,,オルフェーヴル,2008102636,ロックマイハート,000a012952,Sholokhov,000a01196d,青芝商事,前谷武志,"6,864.7",2008.0,2009.0,1999.0
2016104874,ソルドラード,セ,蛯名正義,,ロードカナロア,2008103552,ラドラーダ,2006103419,シンボリクリスエス,1999110099,キャロットファーム,ノーザンファーム,"6,860.3",2008.0,2006.0,1999.0
2016104671,レッドベルディエス,牝,鹿戸雄一,,ディープインパクト,2002100816,レッドファンタジア,2010110012,Unbridled's Song,000a002071,東京ホースレーシング,ノーザンファーム,"6,841.9",2002.0,2010.0,1993.0
2016106136,マムティキング,牡,及川良春,,バトルプラン,000a0118e8,マムティ,2010104326,デュランダル,1999106756,谷謙介,野坂牧場,"6,840.8",2005.0,2010.0,1999.0
2016100706,レオンドーロ,牝,伊藤大士,,スクリーンヒーロー,2004103328,コスモルーシー,2009106653,マイネルラヴ,1995108558,ビッグレッドファーム,ビッグレッドファーム,"6,824.1",2004.0,2009.0,1995.0
2016102189,メイショウショウブ,牝,池添兼雄,,ダイワメジャー,2001103114,メイショウスズラン,2007101659,キングカメハメハ,2001103460,松本好雄,三嶋牧場,"6,787.8",2001.0,2007.0,2001.0
2016104415,ウーリリ,牡,友道康夫,,ディープインパクト,2002100816,ウィキウィキ,2004103059,フレンチデピュティ,000a00013a,金子真人ホールディングス,ノーザンファーム,"6,779.1",2002.0,2004.0,1992.0
2016100538,タガノファジョーロ,牡,九日俊光,,バゴ,2001190004,ラヴソレイユ,2007102714,フジキセキ,1992109618,崎谷彦司,新冠タガノファーム,"6,777.1",2001.0,2007.0,1992.0
2016102081,オルクリスト,牡,工藤真司,,トゥザグローリー,2007103265,メイショウホノボノ,2010105030,メイショウサムソン,2003102205,日進牧場,日進牧場,"6,758.8",2007.0,2010.0,2003.0
2016105867,セントウル,牡,森秀行,,ハーツクライ,2001103038,マルケサ,000a013804,Kingmambo,000a001d7e,中西宏彰,タイヘイ牧場,"6,755.2",2001.0,2006.0,1990.0
2016104611,カセドラルベル,牝,西村真幸,,ハーツクライ,2001103038,ベルスリーブ,2005102620,シンボリクリスエス,1999110099,吉田勝己,ノーザンファーム,"6,744.8",2001.0,2005.0,1999.0
2016105013,デュアライズ,牡,中舘英二,,ディープインパクト,2002100816,コージーロージー,000a011e15,Pleasantly Perfect,000a01052f,高橋文男,社台ファーム,"6,739.8",2002.0,2007.0,1998.0
2016101917,キタイ,牝,杉浦宏昭,,ダンカーク,000a012185,コウヨウルビー,2010104913,バブルガムフェロー,1993109219,西村憲人,谷川牧場,"6,732.0",2006.0,2010.0,1993.0
2016102156,セデックカズマ,牡,高橋文雅,,Midnight Lute,000a011c22,クライシスオブスピリット,000a012f23,Vindication,000a010544,雅苑興業,三嶋牧場,"6,703.4",2003.0,2007.0,2000.0
2016101147,ロードリバーサル,牡,坂井英光,,ハーツクライ,2001103038,エルテアトロ,2007102802,キングカメハメハ,2001103460,中村伊三美,ケイアイファーム,"6,684.8",2001.0,2007.0,2001.0
2016104227,ジョニーズララバイ,セ,音無秀孝,,マンハッタンカフェ,1998101554,メジロアリス,2005102027,アドマイヤコジーン,1996106512,金子真人ホールディングス,レイクヴィラファーム,"6,672.6",1998.0,2005.0,1996.0
2016104691,セグレドスペリオル,牡,宮本博,,トーセンホマレボシ,2009106092,アイズオンリー,2010104010,ネオユニヴァース,2000101426,名古屋友豊,ノーザンファーム,"6,612.6",2009.0,2010.0,2000.0
2016104364,パラダイスリーフ,牡,木村哲也,,ディープインパクト,2002100816,シルキーラグーン,2000105140,ブライアンズタイム,000a000082,シルクレーシング,社台コーポレーション白老ファーム,"6,603.5",2002.0,2000.0,1985.0
2016104749,フジノタカネ,牡,手塚貴久,,ハーツクライ,2001103038,クルージンミジー,2009110123,Mizzen Mast,000a0109d3,星野壽市,ノーザンファーム,"6,600.6",2001.0,2009.0,1998.0
2016100423,メリーメーキング,牡,清水久詞,,エイシンフラッシュ,2007102951,モエレオープンヒメ,2002101322,サンデーサイレンス,000a00033a,前田晋二,大作ステーブル,"6,587.3",2007.0,2002.0,1986.0
2016104589,レティキュール,牝,斉藤崇史,,ハーツクライ,2001103038,ファッションプレート,000a012947,Old Fashioned,000a011f17,サンデーレーシング,ノーザンファーム,"6,571.9",2001.0,2011.0,2006.0
2016104649,エアジーン,牝,堀宣行,,ハービンジャー,000a011996,ラスティングソング,2007103282,フジキセキ,1992109618,ラッキーフィールド,ノーザンファーム,"6,571.4",2006.0,2007.0,1992.0
2016102565,バーンスター,牡,谷潔,,ゼンノロブロイ,2000101517,ヒシアニマ,2003110018,Sinndar,000a002329,ノースヒルズ,中村雅明,"6,565.0",2000.0,2003.0,1997.0
2016106425,アールロッソ,牝,山下貴之,,サウスヴィグラス,1996110138,ラヴィングサンデー,1998102662,サンデーサイレンス,000a00033a,前原敏行,チャンピオンズファーム,"6,563.0",1996.0,1998.0,1986.0
2016104335,ザメイダン,セ,新開幸一,,ルーラーシップ,2007103143,リープオブフェイス,2007102686,クロフネ,1998110135,大塚亮一,追分ファーム,"6,557.0",2007.0,2007.0,1998.0
2016105211,オースミカテドラル,牡,菅原勲,,ダイワメジャー,2001103114,ヘルスウォール,1999106755,エリシオ,1993190001,大黒富美子,社台ファーム,"6,554.5",2001.0,1999.0,1993.0
2016110157,アヴァンセ,セ,雑賀正光,,Uncle Mo,000a011ffb,Above Heaven,000a012d61,Mr. Greeley,000a00213e,飯田正剛,Dr. Masatake Iida,"6,551.1",2008.0,2009.0,1992.0
2016106339,シャンデリアムーン,牝,斎藤誠,,アドマイヤムーン,2003102991,ケイアイカミーリア,2007106568,タイキシャトル,1994109686,鈴木芳夫,松田牧場,"6,508.6",2003.0,2007.0,1994.0
2016106007,ミッキーバディーラ,牝,音無秀孝,,ディープインパクト,2002100816,バディーラ,000a011ac4,Unbridled's Song,000a002071,野田みづき,千代田牧場,"6,495.4",2002.0,2008.0,1993.0
2016101841,ストロングライン,牡,西村真幸,,ダンカーク,000a012185,スマッシュハート,2011105753,キングカメハメハ,2001103460,ターフ・スポート,酒井牧場,"6,490.7",2006.0,2011.0,2001.0
2016104672,レッドサイオン,セ,蛯名正義,,ロードカナロア,2008103552,レッドベルフィーユ,2010104316,アグネスタキオン,1998101516,東京ホースレーシング,ノーザンファーム,"6,488.6",2008.0,2010.0,1998.0
2016100665,ディープダイバー,牡,柘榴浩樹,,ブラックタイド,2001103312,シアージュ,2010110073,Raven's Pass,000a011d04,前田幸治,平山牧場,"6,440.1",2001.0,2010.0,2005.0
2016110148,サンノゼテソーロ,牡,東眞市,,ザファクター,000a0130d0,Cabaret Starlet,000a013f72,Tale of the Cat,000a002276,了徳寺健二ホールディングス,Sheltowee Farm WMK Racing LLC Patricia Pavlish Joe Miller et al,"6,438.4",2008.0,2011.0,1994.0
2016100279,ベルジュネス,セ,畠山吉宏,,ロージズインメイ,000a010a10,ツクバオトメ,2008103074,ネオユニヴァース,2000101426,岡田牧雄,坂元芳春,"6,416.5",2000.0,2008.0,2000.0
2016105084,ダノンテイオー,牡,別府真司,,ディープインパクト,2002100816,セリメーヌ,000a011a9a,Dr Fong,000a010571,酒井孝敏,社台ファーム,"6,403.5",2002.0,2006.0,1995.0
2016104512,スイープセレリタス,牝,藤沢和雄,,ハーツクライ,2001103038,スイープトウショウ,2001104313,エンドスウィープ,000a00010f,シルクレーシング,ノーザンファーム,"6,375.3",2001.0,2001.0,1991.0
2016105673,トーセンリスト,牝,菊沢隆徳,,ノヴェリスト,000a012230,ジョンコ,2004104360,アグネスタキオン,1998101516,島川隆哉,グランド牧場,"6,369.3",2009.0,2004.0,1998.0
2016101330,ジョーパイロライト,牡,中西達也,,パイロ,000a01176a,フーリン,2009102101,ダイワメジャー,2001103114,上田江吏子,原口牧場,"6,339.0",2005.0,2009.0,2001.0
2016104834,ミッキースピリット,牡,音無秀孝,,ディープインパクト,2002100816,フリーティングスピリット,000a012517,Invincible Spirit,000a01056d,野田みづき,ノーザンファーム,"6,327.4",2002.0,2005.0,1997.0
2016101958,レッドルーヴル,牝,笹田和秀,,レッドスパーダ,2006105511,ショウダウン,000a0114b3,Darshaan,000a0019b1,東京ホースレーシング,大道牧場,"6,324.4",2006.0,1999.0,1981.0
2016103958,クラヴィスオレア,セ,小野望,,レッドスパーダ,2006105511,クラリン,2007106420,キングヘイロー,1995104427,多田信尊,坂東牧場,"6,320.1",2006.0,2007.0,1995.0
2016100106,フィストバンプ,牡,松永康利,,カネヒキリ,2002100978,ボーンザスカイ,2004100088,タイキシャトル,1994109686,小林竜太郎,岩見牧場,"6,302.2",2002.0,2004.0,1994.0
2016104952,シェパードボーイ,牡,大久保龍,,ノヴェリスト,000a012230,エオリアンハープ,2006102892,キングカメハメハ,2001103460,吉田照哉,社台ファーム,"6,298.6",2009.0,2006.0,2001.0
2016110058,ヴォイスオブジョイ,牝,水野貴広,,Magician,000a0121cc,Sisheba,000a013b19,Silent Name,2002100001,サラブレッドクラブ・ラフィアン,Bryan Connors,"6,281.9",2010.0,2009.0,2002.0
2016101938,テイエムクロムシャ,牡,鈴木孝志,,シンボリクリスエス,1999110099,ランブルジャンヌ,2005106219,Mutakddim,000a00217c,竹園正繼,谷川牧場,"6,270.3",1999.0,2005.0,1991.0
2016102080,ショーヒデキラ,牡,鈴木伸尋,,ディープブリランテ,2009105084,マイユクール,2008101691,バゴ,2001190004,吉冨学,日進牧場,"6,267.7",2009.0,2008.0,2001.0
2016105493,ホウオウエーデル,牡,齋藤雄一,,ジャスタウェイ,2009106461,タニノカリス,1997101986,ジェネラス,000a000148,桑原一樹,岡田スタッド,"6,262.5",2009.0,1997.0,1988.0
2016103462,ニシノドレッシー,牝,的場均,,リーチザクラウン,2006102923,プレシャスエルフ,2006100290,コロナドズクエスト,000a0000b5,西山茂行,日西牧場,"6,240.3",2006.0,2006.0,1995.0
2016101930,バンブトンハート,牝,粕谷昌央,,サウスヴィグラス,1996110138,ニースセブンティン,2005101300,ナリタトップロード,1996102442,樋口正蔵,谷川牧場,"6,227.0",1996.0,2005.0,1996.0
2016100190,カナシバリ,牝,竹内正洋,,プリサイスエンド,000a00fe9b,ミラクルクロス,2008104412,フジキセキ,1992109618,由井健太郎,川島牧場,"6,222.5",1997.0,2008.0,1992.0
2016104743,ホウオウライジン,牡,田中一巧,,キングカメハメハ,2001103460,ガールオンファイア,2009106401,アグネスタキオン,1998101516,小笹芳央,ノーザンファーム,"6,221.1",2001.0,2009.0,1998.0
2016104232,カヌメラビーチ,牡,須貝尚介,,ロードカナロア,2008103552,メジロツボネ,2008102538,スウェプトオーヴァーボード,000a00fa34,金子真人ホールディングス,レイクヴィラファーム,"6,218.6",2008.0,2008.0,1997.0
2016100762,マイネルナイペス,牡,東眞市,,タイムパラドックス,1998101683,ミスジョーカー,2003106940,カコイーシーズ,1986109001,（株）サラブレッドク,ビッグレッドファーム,"6,218.0",1998.0,2003.0,1986.0
2016103272,スキップ,牡,加用正,,ロージズインメイ,000a010a10,エトピリカ,2007105681,キングカメハメハ,2001103460,協栄,タバタファーム,"6,215.6",2000.0,2007.0,2001.0
2016103228,グレイテスト,牝,藤田輝信,,クロフネ,1998110135,コリンシアン,2004101095,スペシャルウィーク,1995103211,荒井元明,スマイルファーム,"6,205.7",1998.0,2004.0,1995.0
2016101153,ダノンシティ,牡,細川忠義,,Medaglia d'Oro,000a010a65,シティトゥシティ,000a012f11,City Zip,000a0127e6,組）志士十二組合,ケイアイファーム,"6,197.0",1999.0,2007.0,1998.0
2016100939,ゴッドバンブルビー,牝,飯田祐史,,ヘニーヒューズ,000a011155,ゴッドフローラ,2008105113,アグネスタキオン,1998101516,中西憲治,森永聡,"6,188.4",2003.0,2008.0,1998.0
2016102219,グランデラムジー,牡,佐藤茂,,シニスターミニスター,000a011099,ホクセツクィーン,1999101950,サンデーサイレンス,000a00033a,酒井孝敏,宮内牧場,"6,174.0",2003.0,1999.0,1986.0
2016104500,ブレイブメジャー,牡,萩原清,,ダイワメジャー,2001103114,シーイズトウショウ,2000102386,サクラバクシンオー,1989108341,シルクレーシング,ノーザンファーム,"6,163.6",2001.0,2000.0,1989.0
2016104225,アドマイヤスコール,セ,月岡健二,,ディープブリランテ,2009105084,ピンクプルメリア,1997103664,Caerleon,000a0016eb,大塚亮一,レイクヴィラファーム,"6,130.1",2009.0,1997.0,1980.0
2016102160,サターン,牡,辻野泰之,,ディープインパクト,2002100816,シャンロッサ,000a01251d,Galileo,000a00232b,石川達絵,三嶋牧場,"6,121.8",2002.0,2006.0,1998.0
2016102412,ヨンク,牡,小笠倫弘,,カネヒキリ,2002100978,クリスティビーム,2006100392,ブライアンズタイム,000a000082,古川智洋,高昭牧場,"6,116.6",2002.0,2006.0,1985.0
2016104720,キタサンバルカン,牡,稲益貴弘,,ルーラーシップ,2007103143,ウィズザフロウ,2009106316,アグネスタキオン,1998101516,大野商事,ノーザンファーム,"6,116.3",2007.0,2009.0,1998.0
2016105766,ゴルトマイスター,牡,手塚貴久,,ゴールドアリュール,1999106689,ナスケンアイリス,2007100331,フレンチデピュティ,000a00013a,ヒダカ・ブリーダーズ・ユニオン,桜井牧場,"6,102.7",1999.0,2007.0,1992.0
2016105096,ショウナンパンサー,セ,梅田智之,,ショウナンカンプ,1998102595,ダイアゴナルクロス,2010103788,シンボリクリスエス,1999110099,国本哲秀,社台ファーム,"6,096.9",1998.0,2010.0,1999.0
2016106547,エコロドリーム,牡,岩戸孝樹,,ドリームジャーニー,2004102753,シーエンプレス,2005102094,ダンスインザダーク,1993109188,原村正紀,赤田牧場,"6,076.4",2004.0,2005.0,1993.0
2016100107,ミヤビパーフェクト,セ,笹田和秀,,ルーラーシップ,2007103143,アステオン,1996106178,ホリスキー,1979101459,村上義勝,大狩部牧場,"6,043.5",2007.0,1996.0,1979.0
2016100947,タマモサンシーロ,牡,大橋勇樹,,アッミラーレ,1997100569,チャームドリーム,2006105053,フレンチデピュティ,000a00013a,タマモ,守矢牧場,"6,037.4",1997.0,2006.0,1992.0
2016104318,キタノインパクト,牡,宮田敬介,,ディープインパクト,2002100816,ボンバルリーナ,2006102762,シンボリクリスエス,1999110099,ＤＭＭドリームクラブ,追分ファーム,"6,036.2",2002.0,2006.0,1999.0
2016104053,ニシノカツナリ,牡,水野貴広,,ルーラーシップ,2007103143,ニシノマナムスメ,2004102569,アグネスタキオン,1998101516,西山茂行,藤原牧場,"6,028.7",2007.0,2004.0,1998.0
2016102182,エルモンストロ,セ,角居勝彦,,ルーラーシップ,2007103143,ミンティエアー,2004102984,アグネスタキオン,1998101516,三嶋牧場,三嶋牧場,"6,002.6",2007.0,2004.0,1998.0
2016100559,ミトノマルーン,牡,武英智,,ロードカナロア,2008103552,プロモーション,1994108627,ヘクタープロテクター,000a000d6b,ロイヤルパーク,新冠橋本牧場,"5,980.7",2008.0,1994.0,1988.0
2016100297,カシノブレンド,セ,古賀光範,,キャプテントゥーレ,2005102216,セトウチダイヤ,2006100938,タイキシャトル,1994109686,柏木務,サンローゼン,"5,961.0",2005.0,2006.0,1994.0
2016100993,ペイシャドリーム,牝,的場均,,ディープブリランテ,2009105084,ドリームプレイ,2005105132,コマンダーインチーフ,000a0000b0,北所直人,ラッキー牧場,"5,917.6",2009.0,2005.0,1990.0
2016103263,ルタンブル,牝,小手川準,,エイシンフラッシュ,2007102951,コスモライセンス,2010104088,アグネスタキオン,1998101516,杉浦和也,竹島幸治,"5,910.2",2007.0,2010.0,1998.0
2016110085,タイミングナウ,セ,松浦聡志,,Tapit,000a011248,Her Smile,000a013c8c,Include,000a010906,吉田照哉,KatieRich Farms,"5,907.1",2001.0,2008.0,1997.0
2016104556,ジェットモーション,セ,板垣吉則,,ハーツクライ,2001103038,トップモーション,2006103357,シンボリクリスエス,1999110099,吉木伸彦,ノーザンファーム,"5,900.9",2001.0,2006.0,1999.0
2016100285,ダイシンインディー,牡,戸田博文,,ゴールドアリュール,1999106689,キャッツ,000a0117cd,Storm Cat,000a001a98,大八木信行,佐藤牧場,"5,890.5",1999.0,2006.0,1983.0
2016105835,レベルフォー,牡,矢野義幸,,リーチザクラウン,2006102923,ロサガリカ,2007102691,フレンチデピュティ,000a00013a,（株）Ｎｉｃｋｓ,静内山田牧場,"5,884.0",2006.0,2007.0,1992.0
2016106126,ソルトイブキ,牡,木原一良,,ベルシャザール,2008103004,アイノココロ,2004103029,フジキセキ,1992109618,杉浦敏夫,野坂牧場,"5,862.2",2008.0,2004.0,1992.0
2016100694,アドアステラ,牝,萱野浩二,,アイルハヴアナザー,000a011ed3,コスモキララ,2002104633,タマモクロス,1984101673,ビッグレッドファーム,ビッグレッドファーム,"5,858.0",2009.0,2002.0,1984.0
2016104492,ブラックヘイロー,セ,高橋文雅,,ルーラーシップ,2007103143,シャルロットノアル,2004102847,フジキセキ,1992109618,吉田和美,ノーザンファーム,"5,850.7",2007.0,2004.0,1992.0
2016104554,デターミネーション,牡,藤田輝信,,ゴールドアリュール,1999106689,デュアルストーリー,2000101608,エンドスウィープ,000a00010f,サンデーレーシング,ノーザンファーム,"5,842.5",1999.0,2000.0,1991.0
2016101433,ウィンターフェル,牡,川島正一,,ダノンバラード,2008103548,トピカ,2010102257,プリサイスエンド,000a00fe9b,（株）東京Ｍｉｄｇａ,三石軽種馬共同育成センター,"5,830.0",2008.0,2010.0,1997.0
2016104152,トーアシオン,セ,辻哲英,,プリサイスエンド,000a00fe9b,トーアティアレ,2007102474,ゴールドアリュール,1999106689,高山ランド,トーア牧場,"5,780.1",1997.0,2007.0,1999.0
2016100182,オーバーディリバー,セ,柏原誠路,,マンハッタンカフェ,1998101554,ウインクリアビュー,2007104279,キングカメハメハ,2001103460,池谷誠一,川島牧場,"5,778.6",1998.0,2007.0,2001.0
2016104519,レッドエンヴィー,牡,坂口智康,,ジャスタウェイ,2009106461,スタイルリスティック,000a010cac,Storm Cat,000a001a98,東京ホースレーシング,ノーザンファーム,"5,769.3",2009.0,1999.0,1983.0
2016106428,カフジジュピター,牡,矢作芳人,,ディープインパクト,2002100816,レインデート,000a0117cf,Unbridled's Song,000a002071,加藤守,チャンピオンズファーム,"5,763.2",2002.0,2005.0,1993.0
2016104035,ダディーズマインド,牡,青木孝文,,トーセンホマレボシ,2009106092,ケイティーズギフト,2002100852,フレンチデピュティ,000a00013a,田島大史,スカイビーチステーブル,"5,763.2",2009.0,2002.0,1992.0
2016104681,アガラス,牡,古賀慎明,,ブラックタイド,2001103312,ロッシェノワール,2006103393,ブラックホーク,1994109361,サンデーレーシング,ノーザンファーム,"5,759.0",2001.0,2006.0,1994.0
2016106060,ヘルメット,牝,岡田稲男,,タイキシャトル,1994109686,ハッピーヴァリュー,2011102338,ゼンノロブロイ,2000101517,飛野牧場,飛野牧場,"5,753.4",1994.0,2011.0,2000.0
2016104983,トップオブメジャー,牡,辻野泰之,,ダイワメジャー,2001103114,カウガールズドントクライ,000a011adc,Pure Prize,000a011252,ＤＭＭドリームクラブ,社台ファーム,"5,733.4",2001.0,2004.0,1998.0
2016101947,バカラクイーン,牝,武井亮,,アドマイヤムーン,2003102991,ファンアンドゲイムス,000a010ce8,Rahy,000a001c5e,三嶋牧場,谷口牧場,"5,728.5",2003.0,2001.0,1985.0
2016103317,ハートウォーミング,牝,角田晃一,,ハーツクライ,2001103038,スタリア,2009102647,アルカセット,2000190010,ゴドルフィン,ダーレー・ジャパン・ファーム,"5,713.0",2001.0,2009.0,2000.0
2016100287,モズダッシュスター,牡,長倉功,,ヘニーヒューズ,000a011155,ステージトリック,000a011e0b,Distorted Humor,000a0022ea,稲場澄,佐藤牧場,"5,708.0",2003.0,2006.0,1993.0
2016104604,フィリアプーラ,牝,菊沢隆徳,,ハービンジャー,000a011996,プリンセスカメリア,2001103478,サンデーサイレンス,000a00033a,キャロットファーム,ノーザンファーム,"5,697.4",2006.0,2001.0,1986.0
2016102045,ツーエムアロンソ,牡,本田優,,メイショウサムソン,2003102205,ビューティアイ,2005106072,アッミラーレ,1997100569,村上憲政,鳥井征士,"5,690.2",2003.0,2005.0,1997.0
2016104496,ブッチーニ,牝,中内田充,,キングカメハメハ,2001103460,シラユキヒメ,1996107307,サンデーサイレンス,000a00033a,金子真人ホールディングス,ノーザンファーム,"5,674.8",2001.0,1996.0,1986.0
2016101051,キャノンバローズ,セ,福永敏,,エンパイアメーカー,000a010542,ベラルーナ,2009101407,ディープインパクト,2002100816,猪熊広次,上村清志,"5,667.2",2000.0,2009.0,2002.0
2016109019,ファストアズエバー,牝,牧浦充徳,,スウェプトオーヴァーボード,000a00fa34,ラヴアズギフト,2007110024,Tiznow,000a00fa4b,グリーンファーム,恵比寿興業株式会社那須野牧場,"5,660.1",1997.0,2007.0,1997.0
2016106064,ノーワン,牝,杉山佳明,,ハーツクライ,2001103038,プレイガール,000a01152b,Caerleon,000a0016eb,藤田好紀,飛野牧場,"5,650.5",2001.0,1998.0,1980.0
2016104475,ヴィッテルスバッハ,牡,田中守,,ルーラーシップ,2007103143,ケイティーズジェム,2008103145,ディープインパクト,2002100816,稲場澄,ノーザンファーム,"5,649.0",2007.0,2008.0,2002.0
2016101840,ブラックウォーリア,牡,西村真幸,,ブラックタイド,2001103312,ステファニーチャン,1996100341,アーミジャー,000a000d72,佐藤範夫,酒井牧場,"5,642.4",2001.0,1996.0,1990.0
2016103774,グトルフォス,牡,浅見秀一,,ゴールドアリュール,1999106689,リントス,2009106146,ウォーエンブレム,000a00fa35,林正道,ヤナガワ牧場,"5,633.6",1999.0,2009.0,1999.0
2016104737,ディキシーナイト,牡,国枝栄,,ダイワメジャー,2001103114,カメリアローズ,2000104465,ホワイトマズル,1990109700,キャロットファーム,ノーザンファーム,"5,611.5",2001.0,2000.0,1990.0
2016105270,ラヴィンジャー,牝,小島茂之,,ハービンジャー,000a011996,ラブアクチュアリー,2003106302,ダンスインザダーク,1993109188,丸山担,社台ファーム,"5,606.2",2006.0,2003.0,1993.0
2016105026,ゴータイミング,牡,松永幹夫,,ディープインパクト,2002100816,Sarafina,000a011a83,Refuse to Bend,000a010bac,キーファーズ,社台ファーム,"5,598.8",2002.0,2007.0,2000.0
2016103064,ショウナンバビアナ,牝,加藤士津,,ディープインパクト,2002100816,シェイクズセレナーデ,000a012951,Unbridled's Song,000a002071,下河辺牧場,下河辺牧場,"5,574.5",2002.0,2006.0,1993.0
2016104491,ナンヨーイザヨイ,セ,矢野久美,,エイシンフラッシュ,2007102951,シャルルヴォア,2007103312,スペシャルウィーク,1995103211,矢野龍一,ノーザンファーム,"5,564.1",2007.0,2007.0,1995.0
2016103414,ノーベルプライズ,牡,中西達也,,ダイワメジャー,2001103114,クイックセイコー,2002100879,エルコンドルパサー,1995108742,鈴木栄進,中原牧場,"5,562.2",2001.0,2002.0,1995.0
2016103294,ウォルフズハウル,牡,栗田徹,,ハーツクライ,2001103038,アークティックシルク,000a0111fc,Selkirk,000a001fab,ゴドルフィン,ダーレー・ジャパン・ファーム,"5,537.9",2001.0,2001.0,1988.0
2016110070,ララクリュサオル,牡,辻野泰之,,Speightstown,000a011200,Lindy,000a013cad,War Front,000a011d00,フジイ興産,Ranjan Racing Inc.,"5,532.0",1998.0,2012.0,2002.0
2016105007,ポートロイヤル,セ,森山英雄,,キングカメハメハ,2001103460,グレナディーン,2007102818,スペシャルウィーク,1995103211,山邉浩,社台ファーム,"5,519.0",2001.0,2007.0,1995.0
2016110062,エルズリー,牝,川島正一,,Graydar,000a013bb6,Miss Luna,000a013bb3,ヘニーヒューズ,000a011155,ノルマンディーサラブレッドレーシング,Springland Farm,"5,518.1",2009.0,2010.0,2003.0
2016103895,フラテルニテ,牝,井上弘之,,クロフネ,1998110135,ワンサイドゲーム,2009106132,ウォーエンブレム,000a00fa35,北嶋義三,北島牧場,"5,516.0",1998.0,2009.0,1999.0
2016104434,シトラスノート,牝,茶木太樹,,ロードカナロア,2008103552,エピセアローム,2009106383,ダイワメジャー,2001103114,吉田勝己,ノーザンファーム,"5,503.6",2008.0,2009.0,2001.0
2016103080,ドリームインパクト,牡,国枝栄,,ディープインパクト,2002100816,タミーン,000a0120ff,Shirocco,000a010db9,ＤＭＭドリームクラブ,下河辺牧場,"5,493.1",2002.0,2008.0,2001.0
2016104454,アカネサス,牝,浅見秀一,,ロードカナロア,2008103552,クィーンズバーン,2008103175,スペシャルウィーク,1995103211,林正道,ノーザンファーム,"5,484.0",2008.0,2008.0,1995.0
2016104537,ブルスクーロ,牡,板垣吉則,,キンシャサノキセキ,2003110212,ダークサファイア,2000110186,Out of Place,000a0022ca,会田裕一,ノーザンファーム,"5,483.3",2003.0,2000.0,1987.0
2016102362,エターナルヴィテス,牡,松山将樹,,トゥザグローリー,2007103265,テツムーン,2009100341,アドマイヤムーン,2003102991,永井廣司,櫛桁牧場,"5,438.1",2007.0,2009.0,2003.0
2016103870,ヴィルトファン,牝,藤田輝信,,サウスヴィグラス,1996110138,ワイルドフェイス,2008106302,ワイルドラッシュ,000a0003a1,カナヤマホールディングス,赤石牧場,"5,416.0",1996.0,2008.0,1994.0
2016101402,エピローグ,牝,杉山佳明,,ハービンジャー,000a011996,ルイーズ,2008103312,ロージズインメイ,000a010a10,藤田好紀,前田ファーム,"5,407.7",2006.0,2008.0,2000.0
2016104656,ヒシゲッコウ,セ,伊藤和忍,,ルーラーシップ,2007103143,ラルケット,2005102452,ファルブラヴ,1998190004,嶋田亘克,ノーザンファーム,"5,405.8",2007.0,2005.0,1998.0
2016104331,ハルディネロ,牡,荒山勝徳,,ダンカーク,000a012185,リヴァリーガーデン,2003102459,サンデーサイレンス,000a00033a,吉田晴哉,追分ファーム,"5,399.5",2006.0,2003.0,1986.0
2016104198,アレス,牝,蛯名利弘,,ブラックタイド,2001103312,カルストンツバサ,2002103347,オジジアン,000a00025e,ノルマンディーサラブレッドレーシング,ヤマイチ牧場,"5,385.1",2001.0,2002.0,1983.0
2016102493,ウインレフィナード,牡,井樋一也,,ベーカバド,000a011dc0,タツグレース,2003109114,ボストンハーバー,000a00007c,吉田勝利,猿橋義昭,"5,371.0",2007.0,2003.0,1994.0
2016101769,ペイシャクレア,牝,別府真司,,パイロ,000a01176a,ルアス,2008100755,タイキシャトル,1994109686,西森功,杵臼斉藤牧場,"5,366.0",2005.0,2008.0,1994.0
2016104883,ラストヌードル,牡,安田翔伍,,オルフェーヴル,2008102636,リュヌドール,2001190001,Green Tune,000a01025d,増田和啓,ノーザンファーム,"5,365.9",2008.0,2001.0,1991.0
2016104340,ゴールドラグーン,牡,伊坂重信,,ゴールドアリュール,1999106689,レディマールボロ,000a011506,Smoke Glacken,000a00222c,吉田晴哉,追分ファーム,"5,354.6",1999.0,2004.0,1994.0
2016106022,アルママ,牡,工藤真司,,オルフェーヴル,2008102636,ホエールキャプチャ,2008100544,クロフネ,1998110135,嶋田亘克,千代田牧場,"5,334.9",2008.0,2008.0,1998.0
2016105186,フィルストバーン,セ,小国博行,,エイシンフラッシュ,2007102951,フレジェール,2004103199,アグネスタキオン,1998101516,西森鶴,社台ファーム,"5,331.1",2007.0,2004.0,1998.0
2016102113,ケルンキングダム,セ,小崎憲,,ローズキングダム,2007103404,ケルンフラワー,2012105501,アドマイヤムーン,2003102991,谷和光彦,ひるかわ育成牧場,"5,316.3",2007.0,2012.0,2003.0
2016100520,タガノカルラ,牡,本田優,,ワークフォース,000a011a7f,タガノガルーダ,2007104689,ネオユニヴァース,2000101426,八木良司,新冠タガノファーム,"5,311.0",2007.0,2007.0,2000.0
2016104982,リバーシブルレーン,牡,田中伸一,,ハーツクライ,2001103038,カウアイレーン,2006104791,キングカメハメハ,2001103460,蟹江知彦,社台ファーム,"5,307.0",2001.0,2006.0,2001.0
2016104677,イシュタルゲート,牡,九日俊光,,ベルシャザール,2008103004,レースウィング,1999107096,バブルガムフェロー,1993109219,（同）ＪＰＮ技研,ノーザンファーム,"5,307.0",2008.0,1999.0,1993.0
2016103022,リーピングリーズン,牝,桜田康二,,ブラックタイド,2001103312,ジョウノファミリー,2006104239,キングカメハメハ,2001103460,ノルマンディーサラブレッドレーシング,三城ボクジョウ,"5,277.3",2001.0,2006.0,2001.0
2016104238,ヤップヤップヤップ,牡,佐藤祐司,,キングカメハメハ,2001103460,メジロマリアン,2006102668,メジロベイリー,1998101457,村上卓史,レイクヴィラファーム,"5,267.8",2001.0,2006.0,1998.0
2016104724,アドマイヤビーナス,牝,梅田智之,,オルフェーヴル,2008102636,ウィーミスフランキー,000a012060,Sunriver,000a011ff7,近藤旬子,ノーザンファーム,"5,256.7",2008.0,2009.0,2003.0
2016101894,アンジュミニョン,牝,佐々木晶,,ルーラーシップ,2007103143,チェリーエンジェル,2002107204,フジキセキ,1992109618,ヒダカ・ブリーダーズ・ユニオン,高村牧場,"5,239.6",2007.0,2002.0,1992.0
2016110089,デルマカトリーナ,牝,音無秀孝,,Ghostzapper,000a010525,Ruthian,000a011f79,Rahy,000a001c5e,浅沼廣幸,Payson Stud Inc.,"5,215.4",2000.0,1996.0,1985.0
2016104416,レースガーデン,牝,池江泰寿,,ディープインパクト,2002100816,ウィンターコスモス,2007103360,キングカメハメハ,2001103460,金子真人ホールディングス,ノーザンファーム,"5,206.8",2002.0,2007.0,2001.0
2016100630,トモジャドット,牡,土井道隆,,サウスヴィグラス,1996110138,グラッドリー,2003100673,アグネスタキオン,1998101516,吉冨朝美,ハクツ牧場,"5,206.1",1996.0,2003.0,1998.0
2016104751,ブラックダンサー,牝,高野友和,,ブラックタイド,2001103312,クーリドフレイズ,2008103151,Giant's Causeway,000a0022e1,前迫義幸,ノーザンファーム,"5,195.3",2001.0,2008.0,1997.0
2016104773,ティグラーシャ,牝,池添学,,ディープインパクト,2002100816,シーズアタイガー,000a01294d,Tale of the Cat,000a002276,サンデーレーシング,ノーザンファーム,"5,184.9",2002.0,2011.0,1994.0
2016104429,ドラウプニル,セ,黒岩陽一,,ルーラーシップ,2007103143,ヴェルザンディ,2005102477,アグネスタキオン,1998101516,吉田勝己,ノーザンファーム,"5,173.8",2007.0,2005.0,1998.0
2016103509,ファイアーボーラー,セ,上原佑紀,,メイショウボーラー,2001100650,ユメノハコブネ,2004101237,クロフネ,1998110135,シルクレーシング,浜本幸雄,"5,163.6",2001.0,2004.0,1998.0
2016104420,ヴァイトブリック,牡,和田正一,,シンボリクリスエス,1999110099,ヴァイスハイト,2004102929,アドマイヤベガ,1996107396,キャロットファーム,ノーザンファーム,"5,161.3",1999.0,2004.0,1996.0
2016104480,レッドクレオス,牡,蛯名正義,,ハーツクライ,2001103038,サセッティ,000a010eba,Selkirk,000a001fab,東京ホースレーシング,ノーザンファーム,"5,145.8",2001.0,2003.0,1988.0
2016101049,モズレジーナ,牝,矢作芳人,,ロードカナロア,2008103552,グランプリエンゼル,2006103499,アグネスデジタル,1997110025,キャピタル・システム,上村清志,"5,144.3",2008.0,2006.0,1997.0
2016106471,エイシンポジション,牝,野中賢二,,オルフェーヴル,2008102636,エイシンパンサー,2005106172,コロナドズクエスト,000a0000b5,栄進堂,栄進牧場,"5,140.0",2008.0,2005.0,1995.0
2016105584,ブルーコンパクタ,牡,井樋一也,,スマートファルコン,2005100097,ラヴフェアリー,2008100152,アフリート,000a000013,村上稔,岡田牧場,"5,108.2",2005.0,2008.0,1984.0
2016101333,シャドウハンター,牡,池田孝,,サウスヴィグラス,1996110138,ユーワパンドラ,2000103310,アフリート,000a000013,ＳＲＥ（同）,ヒサイファーム,"5,100.5",1996.0,2000.0,1984.0
2016104840,プランドラー,牡,池江泰寿,,ディープインパクト,2002100816,プラウドスペル,000a0124bd,Proud Citizen,000a0105b8,サンデーレーシング,ノーザンファーム,"5,100.0",2002.0,2005.0,1999.0
2016105649,バトルバーリライ,牡,新田守,,バトルプラン,000a0118e8,ノワゼット,2001103824,ウォーニング,000a000843,大久保和夫,キヨタケ牧場,"5,095.5",2005.0,2001.0,1985.0
2016103495,ラミエル,牝,橋口慎介,,ジャスタウェイ,2009106461,カストリア,000a01069f,Kingmambo,000a001d7e,桑畑夏美,浜本牧場,"5,094.5",2009.0,2001.0,1990.0
2016102602,オリオンパッチ,牡,加藤征弘,,バンブーエール,2003104100,ブラックカシミール,2005101650,バブルガムフェロー,1993109219,陳立文,バンブー牧場,"5,088.1",2003.0,2005.0,1993.0
2016100921,オールスマート,牡,鮫島克也,,スマートファルコン,2005100097,メリオール,2012100888,キングカメハメハ,2001103460,蔀英二,村田牧場,"5,087.8",2005.0,2012.0,2001.0
2016110126,ポンペイワーム,牡,佐藤裕太,,Itsmyluckyday,000a013ee9,Briecat,000a013f02,Adcat,000a013eea,吉田和美,Spendthrift Farm LLC,"5,076.8",2010.0,2005.0,1995.0
2016100319,ホーリーライン,牝,矢野英一,,エイシンフラッシュ,2007102951,レイライン,2001103070,サンデーサイレンス,000a00033a,ノルマンディーサラブレッドレーシング,スカイビーチステーブル,"5,076.4",2007.0,2001.0,1986.0
2016105816,ワンダーマンボ,牝,久保田貴,,ワイルドワンダー,2002104665,スイートフラッグ,2004110062,Kingmambo,000a001d7e,草間庸文,静内フジカワ牧場,"5,067.1",2002.0,2004.0,1990.0
2016100269,ジョウショームード,牡,服部利之,,ローズキングダム,2007103404,ジョウショーコトミ,2008105737,リンカーン,2000101561,熊田義孝,五丸農場,"5,053.5",2007.0,2008.0,2000.0
2016104998,アスティ,セ,武市康男,,オルフェーヴル,2008102636,クィーンスプマンテ,2004103215,ジャングルポケット,1998101786,山口謙太郎,社台ファーム,"5,039.0",2008.0,2004.0,1998.0
2016101114,アセンダント,牝,田島俊明,,ダノンバラード,2008103548,ディーズハイビガー,2006106773,アグネスデジタル,1997110025,サラブレッドクラブ・ラフィアン,加野牧場,"5,036.3",2008.0,2006.0,1997.0
2016101161,ロードアブソルート,牡,平和人,,キングカメハメハ,2001103460,パーフェクトトリビュート,000a0128f2,Dubawi,000a0115e2,シグラップ・マネジメ,ケイアイファーム,"5,033.7",2001.0,2008.0,2002.0
2016103323,ブルーエクセレンス,牡,竹下直人,,ディープインパクト,2002100816,タッチII,000a011a55,Pulpit,000a002133,高橋清彦,ダーレー・ジャパン・ファーム,"5,032.7",2002.0,2007.0,1994.0
2016104669,グランデストラーダ,牝,藤田輝信,,ハーツクライ,2001103038,レジェンドトレイル,2003102931,フレンチデピュティ,000a00013a,シルクレーシング,ノーザンファーム,"5,024.7",2001.0,2003.0,1992.0
2016105068,シェーングランツ,牝,藤沢和雄,,ディープインパクト,2002100816,スタセリタ,000a0124bf,Monsun,000a010db6,社台レースホース,社台ファーム,"5,024.6",2002.0,2006.0,1990.0
2016105210,ノーチカルチャート,牡,角田輝也,,ジャスタウェイ,2009106461,ヘヴンリークルーズ,2005102301,ファルブラヴ,1998190004,会田裕一,社台ファーム,"5,012.3",2009.0,2005.0,1998.0
2016103448,ニシノコトダマ,牡,手塚貴久,,ヘニーヒューズ,000a011155,ニシノミラクル,2009106621,スペシャルウィーク,1995103211,西山茂行,ガーベラパークスタッド,"5,010.0",2003.0,2009.0,1995.0
2016100784,ラクローチェ,牡,角田晃一,,ハービンジャー,000a011996,ウインデンファーレ,2001107548,ダンスインザダーク,1993109188,畑佐博,細川農場,"4,998.8",2006.0,2001.0,1993.0
2016105167,ゴールドフレーム,セ,新開幸一,,スクリーンヒーロー,2004103328,ピュアマインド,2008102879,ティンバーカントリー,000a00035e,外池榮一郎,社台ファーム,"4,998.0",2004.0,2008.0,1992.0
2016101155,ケプラー,牡,打越勇児,,ロードカナロア,2008103552,スターコレクション,2008103539,アグネスタキオン,1998101516,カナヤマホールディングス,ケイアイファーム,"4,993.7",2008.0,2008.0,1998.0
2016100206,ゴールデンライオン,牡,川村禎彦,,パイロ,000a01176a,アドマイヤジュエル,2004100255,アドマイヤベガ,1996107396,石瀬浩三,小泉牧場,"4,989.9",2005.0,2004.0,1996.0
2016101203,ポッドギル,牝,鈴木啓之,,フリオーソ,2004106867,カネショウメロン,2004102378,ディアブロ,000a0000e9,小川眞査雄,下屋敷牧場,"4,987.0",2004.0,2004.0,1987.0
2016101773,ディスモーメント,牡,井樋一也,,ディープインパクト,2002100816,カホマックス,2007103031,クロフネ,1998110135,大塚亮一,杵臼牧場,"4,960.3",2002.0,2007.0,1998.0
2016101344,トウカイオラージュ,牡,長谷川浩,,オルフェーヴル,2008102636,トウカイミステリー,2006103886,キングカメハメハ,2001103460,内村正則,平野牧場,"4,939.6",2008.0,2006.0,2001.0
2016102904,ボンベール,牡,宮川浩一,,ブラックタイド,2001103312,ワイルドアフリカ,2005101227,ワイルドラッシュ,000a0003a1,木部嚴生,木部ファーム,"4,936.2",2001.0,2005.0,1994.0
2016105530,ファイナルマズル,牡,森山雄大,,ホワイトマズル,1990109700,リスティアエーデル,2001106966,フジキセキ,1992109618,（同）ＭＩＲＡＩ,岡田スタッド,"4,924.2",1990.0,2001.0,1992.0
2016104913,アルティマリガーレ,牝,佐々木晶,,ハービンジャー,000a011996,アルティマトゥーレ,2004103135,フジキセキ,1992109618,社台レースホース,社台ファーム,"4,915.4",2006.0,2004.0,1992.0
2016105768,サトノフォース,セ,伊藤和忍,,ディープインパクト,2002100816,ビタースウィート,2007100337,Afleet Alex,000a010dc8,里見治,桜井牧場,"4,873.8",2002.0,2007.0,2002.0
2016105563,ルノワール,牡,今津博之,,トーセンジョーダン,2006103169,チャームピクチャー,2004105073,ダンスインザダーク,1993109188,金山政信,岡田牧場,"4,860.0",2006.0,2004.0,1993.0
2016104564,ニューポート,牡,茶木太樹,,ロードカナロア,2008103552,ハッピーパレード,2006103394,ネオユニヴァース,2000101426,馬場幸夫,ノーザンファーム,"4,857.4",2008.0,2006.0,2000.0
2016102550,シュブリーム,牡,大和田成,,ジャングルポケット,1998101786,オリヴェット,2002106318,ダンスインザダーク,1993109188,栗坂崇,中神牧場,"4,852.4",1998.0,2002.0,1993.0
2016104289,ショウナンタイガ,牡,池添兼雄,,ディープインパクト,2002100816,チェリーフォレスト,2003102455,サクラバクシンオー,1989108341,国本哲秀,追分ファーム,"4,846.5",2002.0,2003.0,1989.0
2016100507,ヒロノトウリョウ,牡,桧森邦夫,,グランプリボス,2008103388,マイラヴユアラヴ,2003102215,Josr Algarhoud,000a00faf7,小野博郷,新冠伊藤牧場,"4,839.7",2008.0,2003.0,1996.0
2016102005,ヒラボクメルロー,牝,田中剛,,モンテロッソ,000a011b05,ヒラボクキャロル,2004102048,ダンスインザダーク,1993109188,平田牧場,辻牧場,"4,835.1",2007.0,2004.0,1993.0
2016103631,ドゴール,牡,黒岩陽一,,サクラプレジデント,2000102261,ガイヤール,2001106917,ブラックタイアフェアー,000a00006e,カナヤマホールディングス,豊洋牧場,"4,809.7",2000.0,2001.0,1986.0
2016105367,ルヴォルグ,セ,和田正一,,ディープインパクト,2002100816,キトゥンカブードル,000a012995,Kitten's Joy,000a0119b3,フクキタル,パカパカファーム,"4,796.6",2002.0,2011.0,2001.0
2016106585,テーオーポシブル,セ,田中淳司,,ネオユニヴァース,2000101426,リーグルメアリー,000a01175f,Afternoon Deelites,000a0021a7,小笹公也,ヤナガワ牧場,"4,790.0",2000.0,2002.0,1992.0
2016104688,ホワイトヘッド,牡,工藤真司,,ダンカーク,000a012185,ワナビーザベスト,2010104143,ステイゴールド,1994108729,嶋田亘克,坂東牧場,"4,789.5",2006.0,2010.0,1994.0
2016105048,シーリアスラブ,牡,杉山佳明,,ディープインパクト,2002100816,シリアスアティテュード,000a011a5f,Mtoto,000a001c66,吉田千津,社台ファーム,"4,786.7",2002.0,2006.0,1983.0
2016105276,セラピア,牝,藤岡健一,,オルフェーヴル,2008102636,ララア,000a01179d,Tapit,000a011248,吉田照哉,社台ファーム,"4,783.0",2008.0,2006.0,2001.0
2016104372,シュヴァルツリーゼ,牡,堀宣行,,ハーツクライ,2001103038,ソベラニア,000a011abe,Monsun,000a010db6,サンデーレーシング,社台コーポレーション白老ファーム,"4,763.5",2001.0,2006.0,1990.0
2016102161,オースミムテキ,牡,松永昌博,,シニスターミニスター,000a011099,シンメイスバル,2009100792,アドマイヤムーン,2003102991,オースミ,三嶋牧場,"4,760.0",2003.0,2009.0,2003.0
2016102801,ロングファイナリー,セ,森澤友貴,,トーセンジョーダン,2006103169,コスモハート,2006104848,マイネルラヴ,1995108558,中井敏雄,石原牧場,"4,758.7",2006.0,2006.0,1995.0
2016105285,セントレオナード,牡,堀宣行,,ディープインパクト,2002100816,リリーオブザヴァレー,000a011dc7,Galileo,000a00232b,社台レースホース,社台ファーム,"4,741.9",2002.0,2007.0,1998.0
2016104760,シハーブ,牡,萩原清,,ゴールドアリュール,1999106689,サマーハ,000a011dd3,シングスピール,1992190005,シルクレーシング,ノーザンファーム,"4,741.2",1999.0,2006.0,1992.0
2016102312,ネリッサ,牝,勢司和浩,,タートルボウル,000a012045,ポーシア,2011103707,ディープインパクト,2002100816,木村廣太,大島牧場,"4,735.0",2002.0,2011.0,2002.0
2016104580,エクリリストワール,セ,田中博康,,オルフェーヴル,2008102636,ビリーヴミー,000a0120f3,In the Wings,000a001cd4,鈴木剛史,ノーザンファーム,"4,726.0",2008.0,2004.0,1986.0
2016100101,コウユークロガヨカ,牡,栗林信文,,キングヘイロー,1995104427,アイティアビー,2006104156,フジキセキ,1992109618,加治屋貞光,岩見牧場,"4,720.0",1995.0,2006.0,1992.0
2016100733,マイネルフラップ,牡,板垣吉則,,ヴィクトワールピサ,2007102923,マイネエレーナ,2008104911,ロージズインメイ,000a010a10,（株）サラブレッドク,ビッグレッドファーム,"4,713.0",2007.0,2008.0,2000.0
2016104844,ポルトラーノ,セ,萩原清,,オルフェーヴル,2008102636,ポルトフィーノ,2005102483,クロフネ,1998110135,サンデーレーシング,ノーザンファーム,"4,709.5",2008.0,2005.0,1998.0
2016104546,シティーオブスター,牡,岡林光浩,,ハーツクライ,2001103038,テルアケリー,000a01294a,Tapit,000a011248,吉田和美,ノーザンファーム,"4,702.5",2001.0,2008.0,2001.0
2016104424,チュウワフライヤー,牝,加藤幸保,,ヘニーヒューズ,000a011155,ヴィヴィッドカラー,2004102837,ダンスインザダーク,1993109188,中西忍,ノーザンファーム,"4,701.8",2003.0,2004.0,1993.0
2016104137,メイケイハリアー,牡,木原一良,,ゴールドアリュール,1999106689,ヒカルカリーナ,1999106550,メジロマックイーン,1987107235,名古屋競馬,青藍牧場,"4,691.7",1999.0,1999.0,1987.0
2016101308,ヤークトボマー,牡,新田守,,ヘニーヒューズ,000a011155,クレメンティア,2007102804,フジキセキ,1992109618,高橋千恵子,ニシケンファーム,"4,672.7",2003.0,2007.0,1992.0
2016104605,フォレブルート,牝,安田隆行,,ロードカナロア,2008103552,プリームス,2009106399,フジキセキ,1992109618,林正道,ノーザンファーム,"4,663.8",2008.0,2009.0,1992.0
2016103768,ケイアイビリジアン,セ,安田武広,,ケイムホーム,000a0108d1,プラチナレイン,2010103361,アグネスタキオン,1998101516,亀田和弘,ヤナガワ牧場,"4,659.9",1999.0,2010.0,1998.0
2016105929,サクラルーフェン,牡,佐々木国,,アイルハヴアナザー,000a011ed3,サクラコールミー,2006101155,マンハッタンカフェ,1998101554,さくらコマース,谷岡牧場,"4,656.6",2009.0,2006.0,1998.0
2016101440,ラージヒル,牡,池田孝,,キングズベスト,000a0022d2,キャットガール,2010101346,マンハッタンカフェ,1998101554,（株）ボンズ,三石橋本牧場,"4,625.8",1997.0,2010.0,1998.0
2016104693,グロオルロージュ,牡,斎藤誠,,ジャスタウェイ,2009106461,アウトオブタイム,000a011194,Panis,000a0110a4,キャロットファーム,社台コーポレーション白老ファーム,"4,620.1",2009.0,2004.0,1998.0
2016102556,アノ,牡,小栗実,,フレンチデピュティ,000a00013a,ミコノス,2005101745,With Approval,000a001c5f,武田浩典,中神牧場,"4,620.0",1992.0,2005.0,1986.0
2016104507,アントリューズ,牡,栗田徹,,ロードカナロア,2008103552,シーズオールエルティッシュ,000a011564,Eltish,000a0114fa,山口功一郎,ノーザンファーム,"4,611.3",2008.0,2005.0,1992.0
2016103140,ナイスプリンセス,牝,石栗龍彦,,フサイチセブン,2006101225,ローズアライヴァル,2002102691,フジキセキ,1992109618,田畑利彦,ＳｈａｌｌＦａｒｍ,"4,596.0",2006.0,2002.0,1992.0
2016104510,ラプラス,牡,西川敏弘,,カジノドライヴ,2005110112,ジュピターズジャズ,1999107036,サンデーサイレンス,000a00033a,中山純子,坂東牧場,"4,574.5",2005.0,1999.0,1986.0
2016106069,フーズサイド,牡,北野真弘,,シビルウォー,2005102317,キスショット,2007103006,Fusaichi Pegasus,000a0022cf,ウエスト．フォレスト．ステイブル,友田牧場,"4,569.9",2005.0,2007.0,1997.0
2016104423,アーズローヴァー,牝,松下武士,,キンシャサノキセキ,2003110212,ヴィアンローズ,000a010bf2,Sevres Rose,000a010a17,キャロットファーム,ノーザンファーム,"4,566.3",2003.0,2002.0,1993.0
2016100161,グリニッジシチー,セ,飯田弘道,,エスポワールシチー,2005102837,プラセンティア,2006103189,トワイニング,000a000006,徳田直樹,カミイスタット,"4,565.9",2005.0,2006.0,1991.0
2016105634,グランソヴァール,牡,尾関知人,,ダンカーク,000a012185,スイートマカロン,2006110076,Tale of the Cat,000a002276,広尾レース,木村秀則,"4,557.8",2006.0,2006.0,1994.0
2016103174,ゴーマイウェイ,牡,土井道隆,,ローレルゲレイロ,2004100933,ザスパイスガール,2010100566,マチカネキンノホシ,1996110304,酒井孝敏,新生ファーム,"4,548.5",2004.0,2010.0,1996.0
2016104486,ルガールカルム,牝,田村康仁,,ロードカナロア,2008103552,サンデースマイルII,000a01165a,サンデーサイレンス,000a00033a,サンデーレーシング,ノーザンファーム,"4,547.4",2008.0,2003.0,1986.0
2016103983,サンレイファイト,牡,雑賀正光,,スズカフェニックス,2002107011,スズカフローラ,2003104257,フレンチデピュティ,000a00013a,小橋亮太,びらとり牧場,"4,546.8",2002.0,2003.0,1992.0
2016102038,レッドアルマーダ,セ,蛯名正義,,ロードカナロア,2008103552,レッドシェリール,2011104077,ゼンノロブロイ,2000101517,東京ホースレーシング,富田牧場,"4,535.1",2008.0,2011.0,2000.0
2016103900,エスケーアタランタ,牝,木原一良,,サムライハート,2002100996,ハナムケ,2005103992,ボストンハーバー,000a00007c,菅藤孝雄,笹川大晃牧場,"4,532.4",2002.0,2005.0,1994.0
2016100757,マイネルイヴィンス,セ,諏訪貴正,,ジャングルポケット,1998101786,マイネランデブー,2005105511,アグネスデジタル,1997110025,山崎考司,ビッグレッドファーム,"4,517.5",1998.0,2005.0,1997.0
2016102311,ワンダーコノシュア,牡,斎藤誠,,ブラックタイド,2001103312,ブルーボンボヤージ,2010101960,Medaglia d'Oro,000a010a65,山本能成,大島牧場,"4,516.4",2001.0,2010.0,1999.0
2016104626,ミッキーブラック,牡,音無秀孝,,ブラックタイド,2001103312,マラコスタムブラダ,000a012b0b,Lizard Island,000a0129b9,野田みづき,ノーザンファーム,"4,513.8",2001.0,2010.0,2005.0
2016100745,スペキュラース,牝,高橋祥泰,,トーセンホマレボシ,2009106092,マイネデセール,2002105178,マイネルラヴ,1995108558,ビッグレッドファーム,ビッグレッドファーム,"4,511.5",2009.0,2002.0,1995.0
2016103950,ヒミノブルー,牡,打越勇児,,ヴァーミリアン,2002100877,ヒミノプリンセス,2005104548,マンハッタンカフェ,1998101554,佐々木八郎,原田新治,"4,502.5",2002.0,2005.0,1998.0
2016106395,ゲバラ,牡,伊藤大士,,ディープインパクト,2002100816,エリモハルカ,2004106737,ナリタトップロード,1996102442,ニッシンホールディングス,チャンピオンズファーム,"4,486.2",2002.0,2004.0,1996.0
2016104663,アラスカ,牝,萩原清,,オルフェーヴル,2008102636,リリサイド,000a011a19,American Post,000a011997,池谷誠一,ノーザンファーム,"4,472.6",2008.0,2007.0,2001.0
2016103668,ヘイワノツカイ,牡,渡部則夫,,ヴィクトワールピサ,2007102923,ジョイチャイルド,2006104397,シンボリクリスエス,1999110099,蔀恒一,前野牧場,"4,469.0",2007.0,2006.0,1999.0
2016101634,アギト,牡,倉地学,,トゥザグローリー,2007103265,レッドグラス,2000103588,ブライアンズタイム,000a000082,安部重夫,浦河小林牧場,"4,448.2",2007.0,2000.0,1985.0
2016105622,ウインスピリタス,牡,中川雅之,,タニノギムレット,1999100226,イルドロール,2006102730,ゴールドアリュール,1999106689,栗嶋豊明,神垣道弘,"4,446.5",1999.0,2006.0,1999.0
2016104817,エスト,牝,上村洋行,,キンシャサノキセキ,2003110212,パシオンルージュ,2008100959,ボストンハーバー,000a00007c,大島昌也,ノーザンファーム,"4,444.1",2003.0,2008.0,1994.0
2016110045,デンバーテソーロ,牝,荒山勝徳,,Violence,000a013951,Cloud of Smoke,000a013bbc,Smoke Glacken,000a00222c,了徳寺健二,Debbie Collum & Patricia Fairbairn,"4,441.0",2010.0,2006.0,1994.0
2016104613,テルモードーサ,牝,高橋康之,,キンシャサノキセキ,2003110212,ペンテシレイア,2007103113,ネオユニヴァース,2000101426,吉田勝己,ノーザンファーム,"4,417.0",2003.0,2007.0,2000.0
2016102372,ブリッツェンシチー,セ,長倉功,,ベルシャザール,2008103004,ケイティマイヒメ,2005101405,コロナドズクエスト,000a0000b5,稲場澄,桑田牧場,"4,411.5",2008.0,2005.0,1995.0
2016102269,ワンダーエカルテ,牝,石橋守,,クロフネ,1998110135,ワンダープリンセス,1999105739,ジェネラス,000a000148,山本能行,秋場牧場,"4,407.8",1998.0,1999.0,1988.0
2016104728,サンサルドス,牡,茶木太樹,,オルフェーヴル,2008102636,ヴィヤダーナ,000a011aa1,Azamour,000a01053b,シルクレーシング,ノーザンファーム,"4,405.4",2008.0,2007.0,2001.0
2016104896,イノセントミューズ,牝,笹田和秀,,ヴィクトワールピサ,2007102923,アイアムラヴィング,2005102381,ファルブラヴ,1998190004,社台レースホース,社台ファーム,"4,404.6",2007.0,2005.0,1998.0
2016100758,マイネルステレール,牡,村上実,,グラスワンダー,1995108676,マイネルーチェ,2004100789,スペシャルウィーク,1995103211,小橋亮太,ビッグレッドファーム,"4,386.8",1995.0,2004.0,1995.0
2016102723,プロース,牡,菊川正達,,マツリダゴッホ,2003104570,カレイメモワール,2009103099,アドマイヤムーン,2003102991,高樽さゆり,ディアレストクラブ,"4,376.6",2003.0,2009.0,2003.0
2016104739,ラティーンセイル,牝,加藤征弘,,ヴァーミリアン,2002100877,カラベルラティーナ,2004102922,クロフネ,1998110135,キャロットファーム,ノーザンファーム,"4,367.7",2002.0,2004.0,1998.0
2016104875,シングルアップ,牡,寺島良,,キンシャサノキセキ,2003110212,ラフアップ,2004102803,クロフネ,1998110135,シルクレーシング,坂東牧場,"4,360.4",2003.0,2004.0,1998.0
2016102614,ヒイナヅキ,牝,山中尊徳,,トビーズコーナー,000a011fed,シスターエレキング,2005101786,アグネスデジタル,1997110025,近藤聡明,ヒダカファーム,"4,359.9",2008.0,2005.0,1997.0
2016102032,メイショウケイメイ,牝,石橋守,,ワークフォース,000a011a7f,メイショウアキシノ,2009100613,デュランダル,1999106756,松本好雄,富田牧場,"4,349.4",2007.0,2009.0,1999.0
2016105963,ビートマジック,セ,田中譲二,,ストロングリターン,2006102934,ミューズマジック,2005102352,スウェプトオーヴァーボード,000a00fa34,酒井孝敏,大典牧場,"4,334.2",2006.0,2005.0,1997.0
2016106527,プレイヤーズハイ,牡,田口輝彦,,フリオーソ,2004106867,ポレモス,2008104809,アグネスタキオン,1998101516,吉田勝利,川上牧場,"4,305.0",2004.0,2008.0,1998.0
2016104628,エスタジ,牝,木村哲也,,ロードカナロア,2008103552,マリーシャンタル,1996107346,サンデーサイレンス,000a00033a,吉田勝己,ノーザンファーム,"4,275.5",2008.0,1996.0,1986.0
2016104569,バンクショット,牡,国沢輝幸,,トーセンジョーダン,2006103169,バプティスタ,1995107941,サンデーサイレンス,000a00033a,（同）ＪＰＮ技研,ノーザンファーム,"4,251.5",2006.0,1995.0,1986.0
2016110030,エンシュラウド,セ,藤沢和雄,,Authorized,000a01139f,Screen Star,000a013ad2,Tobougg,000a00fea3,ゴドルフィン,Mark Johnston Racing Ltd,"4,240.9",2004.0,2005.0,1998.0
2016104779,クレッセントムーン,牡,高野友和,,ヘニーヒューズ,000a011155,スカイクレイバー,1999107039,サンデーサイレンス,000a00033a,シルクレーシング,ノーザンファーム,"4,239.3",2003.0,1999.0,1986.0
2016106363,ローゼンクリーガー,牝,高橋亮,,ノヴェリスト,000a012230,クエルクス,2008105773,フジキセキ,1992109618,辻高史,矢野牧場,"4,231.1",2009.0,2008.0,1992.0
2016104933,ハギノアップロード,牡,四位洋文,,ブラックタイド,2001103312,ウェイクアップマギー,000a01179a,ザール,000a010990,日隈良江,社台ファーム,"4,221.1",2001.0,2003.0,1995.0
2016105680,シャイニングアカリ,牝,佐々木仁,,ヴィットリオドーロ,2009110009,スズカララバイ,1999100293,ラムタラ,000a0001d4,伊藤享,グランド牧場,"4,215.4",2009.0,1999.0,1992.0
2016100033,レイナブローニュ,牝,澤佳宏,,ヘニーヒューズ,000a011155,レイナカスターニャ,2008103252,キングカメハメハ,2001103460,山本又一郎,秋田牧場,"4,186.5",2003.0,2008.0,2001.0
2016100969,グッドレイズ,牡,川村禎彦,,ローズキングダム,2007103404,ディアテイスティー,2008102080,ジャングルポケット,1998101786,杉立健次郎,山岡牧場,"4,176.1",2007.0,2008.0,1998.0
2016105643,ナガタブラック,牡,岩本洋,,クロフネ,1998110135,ラスティーク,2006110075,Fusaichi Pegasus,000a0022cf,紙透一雄,木村秀則,"4,173.5",1998.0,2006.0,1997.0
2016103398,ナリス,牝,井手上慎,,ディープブリランテ,2009105084,ナックオフィス,1998106219,ジェネラス,000a000148,鮎川福道,中川哲也,"4,155.2",2009.0,1998.0,1988.0
2016100360,トイガー,牡,黒田隆男,,ヘニーヒューズ,000a011155,アクイレジア,2001101915,フォーティナイナー,000a000134,（株）さくらコーポレ,高瀬牧場,"4,154.1",2003.0,2001.0,1985.0
2016103123,ボマイェ,牡,打越勇児,,キンシャサノキセキ,2003110212,ランウェイスナップ,2005103128,Distant View,000a002161,カナヤマホールディングス,下河辺牧場,"4,153.0",2003.0,2005.0,1991.0
2016105069,スペースクラフト,セ,橘友和,,Tapit,000a011248,スターシップトラッフルズ,000a012f02,Ghostzapper,000a010525,Ｉレーシング（株）,社台ファーム,"4,152.0",2001.0,2009.0,2000.0
2016104273,シゲルヒカルダイヤ,牡,菅原勲,,ロージズインメイ,000a010a10,サルヴァドール,2001103236,サンデーサイレンス,000a00033a,渡辺優磨,社台コーポレーション白老ファーム,"4,120.3",2000.0,2001.0,1986.0
2016103787,ダイメイコスモス,牡,平山宏秀,,パイロ,000a01176a,ダイメイザバリヤル,2004101855,ダンスインザダーク,1993109188,宮本孝一,横井哲,"4,110.4",2005.0,2004.0,1993.0
2016106457,ジューンステータス,牡,保利良次,,メイショウボーラー,2001100650,フラワーチャンプ,1998103256,フジキセキ,1992109618,伊田展充,吉田又治,"4,102.0",2001.0,1998.0,1992.0
2016100844,アオイツヤヒメ,牝,高橋康之,,ロードカナロア,2008103552,ウエストローズ,2001102782,スピニングワールド,000a000325,鈴木照雄,村上欽哉,"4,100.8",2008.0,2001.0,1993.0
2016101968,レターオンザサンド,牡,藤岡健一,,ゴールドヘイロー,1997101264,スモーキークォーツ,2004102209,ヘクタープロテクター,000a000d6b,小川勲,チェスナットファーム,"4,074.7",1997.0,2004.0,1988.0
2016101613,メイショウソテツ,牡,岡田稲男,,アイルハヴアナザー,000a011ed3,メイショウナナボシ,2007103037,サクラバクシンオー,1989108341,松本好雄,赤田牧場,"4,068.9",2009.0,2007.0,1989.0
2016105439,エムティアン,牝,山口竜一,,パドトロワ,2007102760,サンドハーブ,1996104625,エルハーブ,000a000d7f,（株）門別牧場,漆原武男,"4,065.5",2007.0,1996.0,1991.0
2016101443,ロカマドール,牝,栗本陽一,,ロードカナロア,2008103552,モエレフルール,2009101683,ゴールドヘイロー,1997101264,庄司修二,三石橋本牧場,"4,050.0",2008.0,2009.0,1997.0
2016100040,カネコメアサヒ,牡,渡辺博文,,ダンカーク,000a012185,クニコチャン,2009104419,ゴールドアリュール,1999106689,高岡浩行,アサヒ牧場,"4,037.7",2006.0,2009.0,1999.0
2016104678,アーデンフォレスト,牡,藤原英昭,,ルーラーシップ,2007103143,ロザリンド,2011103895,シンボリクリスエス,1999110099,シルクレーシング,ノーザンファーム,"4,027.3",2007.0,2011.0,1999.0
2016100924,アヴォンリー,牝,福永敏,,ヘニーヒューズ,000a011155,ラヴァーズレーン,2000105372,メジロライアン,1987105368,田中準市,村田牧場,"4,027.1",2003.0,2000.0,1987.0
2016106080,ペイシャネガノ,牝,深山雅史,,サウスヴィグラス,1996110138,モンターニュドール,2002105993,ヘネシー,000a000178,北所直人,友田牧場,"4,011.3",1996.0,2002.0,1993.0
2016100603,プリカジュール,牝,寺島良,,アーネストリー,2005105410,シャインリザルト,2002110053,Victory Gallop,000a0022d4,ノースヒルズ,ノースヒルズ,"4,005.0",2005.0,2002.0,1995.0
2016101328,パイロテクニクス,セ,武藤善則,,パイロ,000a01176a,ショウナンハトバ,2008102023,フジキセキ,1992109618,シルクレーシング,原口牧場,"4,001.0",2005.0,2008.0,1992.0
2016105502,ホウオウカトリーヌ,牝,加藤和宏,,マツリダゴッホ,2003104570,テルヌーヴ,2012110032,Henrythenavigator,000a0116fd,小笹芳央,岡田スタッド,"3,996.8",2003.0,2012.0,2005.0
2016105199,ココフィーユ,牝,斎藤誠,,ロードカナロア,2008103552,ブルーミングスノー,2003102572,サンデーサイレンス,000a00033a,スリーエイチレーシング,社台ファーム,"3,994.8",2008.0,2003.0,1986.0
2016100455,サウンドカナロア,セ,村山明,,ロードカナロア,2008103552,ミッドナイトダンス,2006106473,ダンスインザダーク,1993109188,増田雄一,飛渡牧場,"3,980.4",2008.0,2006.0,1993.0
2016105056,ダイワダグラス,セ,小林俊彦,,ハーツクライ,2001103038,シーニーンガール,000a012944,Spring At Last,000a0127d9,高橋清彦,社台ファーム,"3,975.8",2001.0,2010.0,2003.0
2016110088,リトルモンスター,牝,武井亮,,Into Mischief,000a0125a7,Pashmina,000a013c96,Pentelicus,000a0020b4,吉田千津,Off The Hook Partners LLC & Farm III Enterprises LLC,"3,975.0",2005.0,1998.0,1984.0
2016102082,ストームガスト,牡,中川竜馬,,シニスターミニスター,000a011099,ラシーク,2009100671,スタチューオブリバティ,000a0109d5,豊島愛子,日進牧場,"3,974.4",2003.0,2009.0,2000.0
2016105998,ワインレッドローズ,牝,西園正都,,ルーラーシップ,2007103143,ダイワジャンヌ,2005100578,タニノギムレット,1999100226,飯田正剛,千代田牧場,"3,971.0",2007.0,2005.0,1999.0
2016101646,グランドビクトリー,牡,田中守,,ハーツクライ,2001103038,プリンセスネージュ,2007101267,フレンチデピュティ,000a00013a,稲場澄,浦河日成牧場,"3,967.5",2001.0,2007.0,1992.0
2016106288,アポロチーター,牡,岩戸孝樹,,アポロキングダム,2003110139,ポエティックターン,2010100714,Pivotal,000a002328,アポロサラブレッドクラブ,へいはた牧場,"3,965.0",2003.0,2010.0,1993.0
2016102496,ヤマショウブラック,牡,小林俊彦,,ルースリンド,2001106791,インマイラヴ,2001106409,ダンスインザダーク,1993109188,山下勇,大北牧場,"3,956.4",2001.0,2001.0,1993.0
2016100421,モサ,牡,宮川浩一,,ジャスタウェイ,2009106461,バリーバーン,2001103356,エンドスウィープ,000a00010f,笠原久夫,大作ステーブル,"3,950.0",2009.0,2001.0,1991.0
2016104310,エールヴォア,牝,橋口慎介,,ヴィクトワールピサ,2007102923,フィーリングトーン,2006102785,ワイルドラッシュ,000a0003a1,佐伯由加理,社台コーポレーション白老ファーム,"3,949.4",2007.0,2006.0,1994.0
2016103961,グッドヘルスバイオ,牡,新井清重,,パイロ,000a01176a,シアリアスバイオ,1999103133,タマモクロス,1984101673,バイオ（株）,坂東牧場,"3,949.0",2005.0,1999.0,1984.0
2016101792,ペプチドフシチョウ,牝,武英智,,ルーラーシップ,2007103143,ペプチドヒノトリ,2009106335,クロフネ,1998110135,沼川一彦,杵臼牧場,"3,947.4",2007.0,2009.0,1998.0
2016104966,レトロフィット,牝,伊藤圭三,,エンパイアメーカー,000a010542,オフジオールドブロック,000a01151d,A.P. Indy,000a001d37,吉田照哉,社台ファーム,"3,940.1",2000.0,2000.0,1989.0
2016109110,ストラトフォード,牝,米田英世,,ゼンノロブロイ,2000101517,ニイガッタメール,2005103187,シンボリクリスエス,1999110099,（有）下河辺トレーニ,下河辺トレーニングセンター,"3,940.0",2000.0,2005.0,1999.0
2016104638,セリユーズ,牝,国枝栄,,ディープインパクト,2002100816,ミュージカルロマンス,000a01205d,Concorde's Tune,000a011ff4,シルクレーシング,ノーザンファーム,"3,938.5",2002.0,2007.0,1989.0
2016103242,カレングロリアーレ,牡,安田隆行,,トーセンホマレボシ,2009106092,カレンタントミール,2010100589,シェルゲーム,2001110087,鈴木隆司,高柳隆男,"3,936.6",2009.0,2010.0,2001.0
2016104499,レッドシルヴァーナ,牝,庄野靖志,,ロードカナロア,2008103552,シルバーフォックス,2008103277,クロフネ,1998110135,東京ホースレーシング,ノーザンファーム,"3,934.6",2008.0,2008.0,1998.0
2016101366,ローズテソーロ,牝,勢司和浩,,ハーツクライ,2001103038,ロマンシエール,2005104060,アグネスデジタル,1997110025,了徳寺健二ホールディングス,幌村牧場,"3,918.9",2001.0,2005.0,1997.0
2016103020,サンマルベスト,牡,田中守,,キングズベスト,000a0022d2,ジョウノオーロラ,2001106099,サンデーサイレンス,000a00033a,須田靖之,三城ボクジョウ,"3,918.5",1997.0,2001.0,1986.0
2016101080,クールティアラ,牝,保利幸作,,アルデバランII,000a010541,クールユリア,2009102597,ケイムホーム,000a0108d1,川上哲司,沖田博志,"3,917.8",1998.0,2009.0,1999.0
2016110118,キュウドウクン,牡,甲田悟史,,Into Mischief,000a0125a7,Air France,000a013071,フレンチデピュティ,000a00013a,冨士井直哉,Mount Joy Stables Inc.,"3,915.0",2005.0,1999.0,1992.0
2016103501,ダイヤレイジング,牝,佐藤雅彦,,ヘニーヒューズ,000a011155,ハーリカ,2005105280,ブライアンズタイム,000a000082,吉田勝利,浜本牧場,"3,900.6",2003.0,2005.0,1985.0
2016105721,フォルベルス,牡,桧森邦夫,,サウスヴィグラス,1996110138,リバティーベル,2001103881,アサティス,1985109002,八嶋長久,グランド牧場,"3,896.2",1996.0,2001.0,1985.0
2016104614,ペレ,牝,木村哲也,,ハーツクライ,2001103038,ホットチャチャ,000a01205c,Cactus Ridge,000a011ff1,ＮＩＣＫＳ,ノーザンファーム,"3,893.8",2001.0,2006.0,2001.0
2016101943,ショウナンガナドル,牡,田中剛,,ダンカーク,000a012185,ロックトニック,000a011d52,ムーンロケット,2000101586,国本哲秀,谷川牧場,"3,891.2",2006.0,2006.0,2000.0
2016100631,ステッペンウルフ,牡,佐藤賢二,,サウスヴィグラス,1996110138,ディープキッス,2005105417,アグネスタキオン,1998101516,（有）新生ファーム,ハクツ牧場,"3,885.0",1996.0,2005.0,1998.0
2016110097,トーキョーサバク,牡,坂口義幸,,Verrazano,000a013ac1,Night and Day,000a013c8d,Unbridled's Song,000a002071,橘勝年,The Robert & Beverly Lewis Trust,"3,865.2",2010.0,2009.0,1993.0
2016105883,コングールテソーロ,牡,鮫島克也,,シニスターミニスター,000a011099,シンコームーン,2009101871,フォーティナイナーズサン,000a011227,了徳寺健二ホールディングス,高橋ファーム,"3,864.0",2003.0,2009.0,2001.0
2016104919,シャドウセッション,セ,甲田悟史,,ストロングリターン,2006102934,アンコールピース,2009105878,ネオユニヴァース,2000101426,（株）オフィス庄司,社台ファーム,"3,858.4",2006.0,2009.0,2000.0
2016103202,ハンターバレー,牡,宗像義忠,,スズカフェニックス,2002107011,スイートライラ,2006109273,アフリート,000a000013,村木隆,シンボリ牧場,"3,857.6",2002.0,2006.0,1984.0
2016105492,ホウオウアクセル,牡,保利幸作,,マツリダゴッホ,2003104570,タニノエクセレント,2001103808,ブライアンズタイム,000a000082,酒井孝敏,岡田スタッド,"3,856.5",2003.0,2001.0,1985.0
2016104023,トレイントレイン,牡,国沢輝幸,,トランセンド,2006104736,クリムゾンルージュ,2003103379,エンドスウィープ,000a00010f,（株）ＭＭＣ,リトルブルーファーム,"3,852.0",2006.0,2003.0,1991.0
2016104845,ガルヴィハーラ,牡,萩原清,,ゴールドアリュール,1999106689,ポロンナルワ,2008103176,Rahy,000a001c5e,キャロットファーム,ノーザンファーム,"3,851.0",1999.0,2008.0,1985.0
2016104591,アスカリ,セ,飯田弘道,,キングカメハメハ,2001103460,フィロンルージュ,2006103236,フレンチデピュティ,000a00013a,上手健太郎,ノーザンファーム,"3,850.9",2001.0,2006.0,1992.0
2016102323,セイドアモール,牝,武市康男,,バトルプラン,000a0118e8,ファスキナーレ,2006101664,タイキシャトル,1994109686,サラブレッドクラブ・ラフィアン,荻伏三好ファーム,"3,815.0",2005.0,2006.0,1994.0
2016104776,モアナアネラ,牝,石坂公一,,キングカメハメハ,2001103460,ジェンティルドンナ,2009106253,ディープインパクト,2002100816,サンデーレーシング,ノーザンファーム,"3,813.5",2001.0,2009.0,2002.0
2016103343,ハッピーゴラッキー,牝,千田輝彦,,パイロ,000a01176a,フェリシタス,000a0116ca,キングズベスト,000a0022d2,ゴドルフィン,ダーレー・ジャパン・ファーム,"3,807.0",2005.0,2003.0,1997.0
2016101718,マルモネオフォース,牝,木原一良,,ワークフォース,000a011a7f,マルモセーラ,2008101301,クロフネ,1998110135,まるも組合,岡本昌市,"3,806.8",2007.0,2008.0,1998.0
2016104413,サトノソロモン,牡,池江泰寿,,ディープインパクト,2002100816,イルーシヴウェーヴ,000a0124c0,Elusive City,000a01239c,サトミホースカンパニー,ノーザンファーム,"3,806.2",2002.0,2006.0,2000.0
2016100908,ベルキューズ,牝,武井亮,,ヘニーヒューズ,000a011155,オーシャンフリート,2008105085,アフリート,000a000013,ローレルレーシング,村田牧場,"3,805.0",2003.0,2008.0,1984.0
2016104193,メイショウハナモリ,牡,本田優,,メイショウボーラー,2001100650,ホワイトデイズ,2006101208,クロフネ,1998110135,松本好雄,橋本牧場,"3,799.6",2001.0,2006.0,1998.0
2016100671,ダイリュウボーラー,牡,繁田健一,,メイショウボーラー,2001100650,キタサンハナミチ,2006103584,ブラックタキシード,1996107315,大野龍,樋渡志尚,"3,793.5",2001.0,2006.0,1996.0
2016106046,シールドヴォルト,牡,高月賢一,,ダンカーク,000a012185,ロイヤルヴォルト,2012103226,ディープインパクト,2002100816,飯田正剛,千代田牧場,"3,793.0",2006.0,2012.0,2002.0
2016104992,キャンディスイート,牝,中川公成,,ヴィクトワールピサ,2007102923,キャンディネバダ,000a012941,Pure Prize,000a011252,吉田千津,社台ファーム,"3,792.0",2007.0,2009.0,1998.0
2016102874,トドビエン,牡,堀江仁,,エンパイアメーカー,000a010542,ツクバクイーン,2009105808,Bernardini,000a0111fe,高田勇三,賀張中川牧場,"3,784.0",2000.0,2009.0,2003.0
2016103078,モンサンラファータ,牝,今津博之,,ネオユニヴァース,2000101426,タイキオードリー,2006105475,キングカメハメハ,2001103460,酒井孝敏,下河辺牧場,"3,783.0",2000.0,2006.0,2001.0
2016100714,マイネルロッシュ,牡,赤嶺本浩,,クロフネ,1998110135,ドリームローズ,2005102626,サクラバクシンオー,1989108341,豊島愛子,ビッグレッドファーム,"3,782.4",1998.0,2005.0,1989.0
2016100201,キョウワウォール,牡,三小田幸,,ベルシャザール,2008103004,ツルハチクィーン,1998100262,ラムタラ,000a0001d4,松本英泰,協和牧場,"3,779.3",2008.0,1998.0,1992.0
2016104055,ヴァルラーム,牡,佐々木由,,キンシャサノキセキ,2003110212,エナジーワイルド,2005101769,カリズマティック,000a00fa33,小泉修,阿部栄乃進,"3,773.4",2003.0,2005.0,1996.0
2016104517,ゲインスプレマシー,セ,高柳瑞樹,,ルーラーシップ,2007103143,スカーレットレディ,1995107900,サンデーサイレンス,000a00033a,サンデーレーシング,ノーザンファーム,"3,765.0",2007.0,1995.0,1986.0
2016104841,ジャミールフエルテ,セ,高橋優子,,オルフェーヴル,2008102636,プリティカリーナ,000a011a66,Seeking the Gold,000a001bea,広瀬将嗣,ノーザンファーム,"3,763.5",2008.0,2005.0,1985.0
2016101493,パドカトル,牡,坂口智康,,パドトロワ,2007102760,セラフィーヌ,2007102813,ネオユニヴァース,2000101426,今村明浩,山際牧場,"3,760.0",2007.0,2007.0,2000.0
2016105372,シセイタイガ,牡,高橋文雅,,ジャングルポケット,1998101786,シセイカナタ,2012101967,バゴ,2001190004,猪苗代勇,パカパカファーム,"3,725.3",1998.0,2012.0,2001.0
2016105213,デッドアヘッド,セ,飯田弘道,,ハーツクライ,2001103038,ベイトゥベイ,000a0120cb,Sligo Bay,000a011fef,小橋亮太,社台コーポレーション白老ファーム,"3,717.0",2001.0,2007.0,1998.0
2016104378,リーヴル,牡,九日俊光,,ノヴェリスト,000a012230,プラージュ,2006102820,スペシャルウィーク,1995103211,山邉浩,社台コーポレーション白老ファーム,"3,712.4",2009.0,2006.0,1995.0
2016105226,グラウクス,セ,藤田正治,,ヴィクトワールピサ,2007102923,マサノミネルバ,2005104380,ラムタラ,000a0001d4,組）リノレーシング,社台コーポレーション白老ファーム,"3,709.5",2007.0,2005.0,1992.0
2016106245,カルロスミノル,牡,北出成人,,ディープスカイ,2005101358,プリンセスカナ,2009104160,ワイルドラッシュ,000a0003a1,吉岡實,フジワラファーム,"3,707.4",2005.0,2009.0,1994.0
2016105987,クリエイトザライフ,セ,田村彰啓,,オルフェーヴル,2008102636,スターオブサファイア,000a011e09,Tapit,000a011248,由谷拓之,千代田牧場,"3,690.5",2008.0,2007.0,2001.0
2016104740,アドマイヤデルタ,牡,月岡健二,,キンシャサノキセキ,2003110212,カリズマティックゴールド,000a01116b,カリズマティック,000a00fa33,大塚亮一,ノーザンファーム,"3,688.1",2003.0,2003.0,1996.0
2016101165,アルテラローザ,牝,藤原英昭,,ディープインパクト,2002100816,レディアルバローザ,2007103594,キングカメハメハ,2001103460,ロードホースクラブ,ケイアイファーム,"3,681.8",2002.0,2007.0,2001.0
2016104257,サトノファイター,牡,米谷康秀,,キングカメハメハ,2001103460,ヴィクトリーマーチ,2007102649,アグネスタキオン,1998101516,里見治,追分ファーム,"3,680.0",2001.0,2007.0,1998.0
2016101058,ネオレインボウ,セ,田中譲二,,アドマイヤムーン,2003102991,ブルーレインボウ,1998101213,マルゼンスキー,000a0003bd,（同）ＪＰＮ技研,小河豊水,"3,664.7",2003.0,1998.0,1974.0
2016106225,パラーティウム,牝,本田優,,マンハッタンカフェ,1998101554,アンジェラスキッス,2004110255,Gone West,000a001be1,フジワラ・ファーム,フジワラファーム,"3,660.6",1998.0,2004.0,1984.0
2016100065,シンゼンマックス,牡,飯田祐史,,カネヒキリ,2002100978,スプリングシティ,000a010e55,Seeking the Gold,000a001bea,原司郎,アラキファーム,"3,660.4",2002.0,2001.0,1985.0
2016102280,オーヴァルエース,牡,高木登,,ヘニーヒューズ,000a011155,アブラシオ,2005101307,グラスワンダー,1995108676,西森功,梅田牧場,"3,651.8",2003.0,2005.0,1995.0
2016110024,ヒーリングマインド,セ,胡本友晴,,タニノギムレット,1999100226,エンシェントアート,000a0127f1,Monsun,000a010db6,（株）ファーストビジ,Godolphin,"3,648.1",1999.0,2008.0,1990.0
2016102511,ゴールドプリンス,牡,細川忠義,,プリサイスエンド,000a00fe9b,エンダレ,2009101176,ゴールドアリュール,1999106689,国田正忠,高岸順一,"3,645.0",1997.0,2009.0,1999.0
2016105064,ブリッツアウェイ,牝,水野貴広,,ディープインパクト,2002100816,スウィフトテンパー,000a0120d4,Giant's Causeway,000a0022e1,吉田照哉,社台ファーム,"3,643.5",2002.0,2004.0,1997.0
2016110161,カフェクラウン,牡,田中正人,,Mineshaft,000a010545,Two Trail Sioux,000a013f85,Indian Charlie,000a00fcd8,西川光一,Jason Litt Litt Family Horse Trust & Alex Solis II,"3,638.9",1999.0,2001.0,1995.0
2016104819,ダノングレーター,セ,茶木太樹,,ハーツクライ,2001103038,パレスルーマー,000a0124d2,Royal Anthem,000a00fa49,ダノックス,ノーザンファーム,"3,635.8",2001.0,2003.0,1995.0
2016102483,ハクサンライラック,牝,櫻井今朝,,シルポート,2005109202,メンブランツァ,2007103618,タイキシャトル,1994109686,河崎五市,鮫川啓一,"3,634.8",2005.0,2007.0,1994.0
2016105125,カウンターエア,セ,奥村武,,オルフェーヴル,2008102636,デルモニコキャット,000a010e7a,Storm Cat,000a001a98,社台レースホース,社台ファーム,"3,619.5",2008.0,1999.0,1983.0
2016105169,ジャストアジゴロ,牡,安田翔伍,,ノヴェリスト,000a012230,ピューマカフェ,2002100580,サンデーサイレンス,000a00033a,原禮子,社台ファーム,"3,614.6",2009.0,2002.0,1986.0
2016110023,ランドルーラー,セ,伊藤圭三,,ルーラーシップ,2007103143,オルダニー,000a011422,Elusive Quality,000a00231f,ゴドルフィン,Godolphin,"3,611.2",2007.0,2004.0,1993.0
2016106071,ニホンピロヘンソン,セ,川嶋弘吉,,ルーラーシップ,2007103143,ニホンピロアブミ,2002105184,コマンダーインチーフ,000a0000b0,小林英一,友田牧場,"3,609.8",2007.0,2002.0,1990.0
2016101490,マイティウェイ,牡,粕谷昌央,,ジャスタウェイ,2009106461,アポロティアラ,2004101624,パラダイスクリーク,1989109110,ヒダカ・ブリーダーズ・ユニオン,山際牧場,"3,599.0",2009.0,2004.0,1989.0
2016104658,ブレーヴユニコーン,牡,加藤和宏,,ルーラーシップ,2007103143,リコリス,2006103235,シンボリクリスエス,1999110099,安部重夫,ノーザンファーム,"3,598.3",2007.0,2006.0,1999.0
2016101560,ペイシャリルキス,セ,沖田明子,,トランセンド,2006104736,ゲイリークィンビー,2000110121,スピニングワールド,000a000325,北所拓也,清水スタッド,"3,593.9",2006.0,2000.0,1993.0
2016100276,シュガーサンダー,牡,藤岡健一,,キンシャサノキセキ,2003110212,ピーチドラフト,2004100330,サクラバクシンオー,1989108341,ニットー商事,斉藤安行,"3,590.0",2003.0,2004.0,1989.0
2016100587,フラル,牝,北出成人,,ワークフォース,000a011a7f,アワーグラス,2009105032,アグネスタキオン,1998101516,ノースヒルズ,ノースヒルズ,"3,580.2",2007.0,2009.0,1998.0
2016105815,グラスボイジャー,セ,牧光二,,カネヒキリ,2002100978,グラスブロード,2003110070,Fusaichi Pegasus,000a0022cf,半沢,静内フジカワ牧場,"3,567.1",2002.0,2003.0,1997.0
2016102303,パレニア,牝,高橋亮,,キングズベスト,000a0022d2,オオシマパンジー,2002103741,スキャン,000a000d69,今村明浩,大島牧場,"3,565.0",1997.0,2002.0,1988.0
2016103281,ショウブ,牡,加用正,,アドマイヤムーン,2003102991,メイマドンナ,2006102869,シンボリクリスエス,1999110099,協栄,タバタファーム,"3,560.0",2003.0,2006.0,1999.0
2016103180,サクセッサー,牡,山田徹,,アドマイヤオーラ,2004102987,ヒャクマンゴク,2008104208,ブラックタキシード,1996107315,（有）新生ファーム,新生ファーム,"3,559.2",2004.0,2008.0,1996.0
2016106072,ニホンピロランド,牡,服部利之,,ナカヤマフェスタ,2006102424,ニホンピロエミリー,2004104950,デヒア,000a0000df,小林英一,友田牧場,"3,557.8",2006.0,2004.0,1991.0
2016104219,シホノフォルテ,セ,杉山佳明,,ヘニーヒューズ,000a011155,ゴールウェイ,2009105639,フサイチコンコルド,1993109220,村瀬寛紀,レイクヴィラファーム,"3,544.8",2003.0,2009.0,1993.0
2016105313,ナーゲルリング,牝,天間昭一,,レッドスパーダ,2006105511,トシザコジーン,2005105828,アドマイヤコジーン,1996106512,ビッグレッドファーム,浦河小林牧場,"3,544.2",2006.0,2005.0,1996.0
2016100964,タガノジェロディ,牡,浅見秀一,,ノヴェリスト,000a012230,タガノディーバ,2007106606,フジキセキ,1992109618,八木良司,八木牧場,"3,541.0",2009.0,2007.0,1992.0
2016104755,リャスナ,牝,四位洋文,,ディープインパクト,2002100816,ココシュニック,2005102526,クロフネ,1998110135,キャロットファーム,ノーザンファーム,"3,539.6",2002.0,2005.0,1998.0
2016101704,セイウンオフロード,牡,池田忠好,,リーチザクラウン,2006102923,ヤマカツカトリーヌ,2006101806,マヤノトップガン,1992102988,（株）ボンズ,大西ファーム,"3,530.6",2006.0,2006.0,1992.0
2016102853,メメランタン,牡,谷潔,,クロフネ,1998110135,メメビーナス,2007101890,フジキセキ,1992109618,本谷惠,沖田牧場,"3,526.0",1998.0,2007.0,1992.0
2016106179,エムエスクイーン,牝,竹下直人,,バトルプラン,000a0118e8,ユキノクイーン,2006101447,タイキシャトル,1994109686,森哲,服部牧場,"3,520.8",2005.0,2006.0,1994.0
2016103615,カステヘルミ,牝,岩戸孝樹,,ブラックタイド,2001103312,ハンドスター,2009102992,パラダイスクリーク,1989109110,田頭勇貴,船越牧場,"3,509.8",2001.0,2009.0,1989.0
2016102295,ファンシャン,牝,畠山吉宏,,トーセンラー,2008102985,ボムシェル,2003103747,キャプテンスティーヴ,000a000d9d,ターフ・スポート,エムエム、ヤマダファーム,"3,507.6",2008.0,2003.0,1997.0
2016104987,コバルトブルー,牡,池江泰寿,,オルフェーヴル,2008102636,カトマンブルー,000a0124c9,Bluegrass Cat,000a01173d,青芝商事,社台ファーム,"3,506.8",2008.0,2008.0,2003.0
2016101929,グッバイガール,牝,杉浦宏昭,,カネヒキリ,2002100978,ニシノマザーアース,2007102501,ブライアンズタイム,000a000082,吉田千津,谷川牧場,"3,505.6",2002.0,2007.0,1985.0
2016100601,ハニエル,牝,吉村圭司,,ハーツクライ,2001103038,サリエル,2007105619,キングカメハメハ,2001103460,ノースヒルズ,ノースヒルズ,"3,505.0",2001.0,2007.0,2001.0
2016105676,シゲルルビー,牝,九日俊光,,キンシャサノキセキ,2003110212,スズカシャンティー,2005100303,Giant's Causeway,000a0022e1,關美和,グランド牧場,"3,503.6",2003.0,2005.0,1997.0
2016104029,トゥーフラッシー,牝,小桧山悟,,ブラックタイド,2001103312,アースファイヤー,2005105167,クロフネ,1998110135,西森功,グローリーファーム,"3,503.0",2001.0,2005.0,1998.0
2016110133,イッツリット,牡,和田正一,,Animal Kingdom,000a011dad,Why Katherine,000a013f20,Whywhywhy,000a011228,ノースヒルズ,Betz Burns Magers CoCo Equine & Terra Racing,"3,500.0",2008.0,2009.0,2000.0
2016104935,ウインドブロウン,牡,新井清重,,サウスヴィグラス,1996110138,ウララカ,2006103084,ワイルドラッシュ,000a0003a1,吉田照哉,社台ファーム,"3,493.5",1996.0,2006.0,1994.0
2016104465,グレイシア,牝,栗田徹,,ダイワメジャー,2001103114,クーデグレイス,2006103197,ホワイトマズル,1990109700,吉田勝己,ノーザンファーム,"3,477.6",2001.0,2006.0,1990.0
2016100299,ホワイトパス,牡,地辺幸一,,ダンカーク,000a012185,ミキノウインク,2009103586,ワイルドラッシュ,000a0003a1,シグラップ・マネジメ,サンローゼン,"3,471.6",2006.0,2009.0,1994.0
2016101167,ベストチャーム,牝,松下武士,,ロードカナロア,2008103552,レディチャーム,1997101270,サンデーサイレンス,000a00033a,中村智幸,ケイアイファーム,"3,456.0",2008.0,1997.0,1986.0
2016104410,マイエンフェルト,牝,杉山佳明,,ハービンジャー,000a011996,アーデルハイト,2007103292,アグネスタキオン,1998101516,シルクレーシング,ノーザンファーム,"3,455.5",2006.0,2007.0,1998.0
2016110015,チャチャチャ,牝,松田国英,,ダイワメジャー,2001103114,リズミック,000a012801,Dubai Destination,000a010a60,ゴドルフィン,Godolphin,"3,450.0",2001.0,2009.0,1999.0
2016104588,エトワール,牝,牧光二,,ハービンジャー,000a011996,ファシネイション,2009106140,シンボリクリスエス,1999110099,近藤英子,ノーザンファーム,"3,440.2",2006.0,2009.0,1999.0
2016101473,ゴールデンチョイス,牡,川野勇馬,,ロードアルティマ,2000110026,ステッバイステップ,2004101795,カリズマティック,000a00fa33,小橋亮太,元茂牧場,"3,431.5",2000.0,2004.0,1996.0
2016105414,エレヴァルアスール,牡,鈴木孝志,,ルーラーシップ,2007103143,エスピナアスール,2007100028,フジキセキ,1992109618,アスール,石川栄一,"3,430.0",2007.0,2007.0,1992.0
2016103601,バンローズキングス,牡,佐藤敏彦,,アサクサキングス,2004103163,バンローズ,2009102980,ローエングリン,1999106738,組）リノレーシング,福山牧場,"3,424.6",2004.0,2009.0,1999.0
2016102324,ヒッチコック,牡,中竹和也,,オルフェーヴル,2008102636,ホワイトアルバム,2008102566,クロフネ,1998110135,薪浦英稔,荻伏三好ファーム,"3,420.0",2008.0,2008.0,1998.0
2016106169,ミヤケ,牡,川島正一,,ディープブリランテ,2009105084,チャチャリーノ,2003105312,Unbridled's Song,000a002071,小林祥晃,服部牧場,"3,418.0",2009.0,2003.0,1993.0
2016104542,カラミンサ,牝,吉岡辰弥,,ルーラーシップ,2007103143,ツィンクルブーケ,2008103227,シンボリクリスエス,1999110099,吉田和美,ノーザンファーム,"3,417.1",2007.0,2008.0,1999.0
2016104061,コマノゼニト,牡,伊藤圭三,,エイシンフラッシュ,2007102951,コマノスクアーロ,2008100724,ゼンノロブロイ,2000101517,長谷川芳信,新井牧場,"3,416.1",2007.0,2008.0,2000.0
2016100305,セイカヤマノ,牡,南田美知,,ローズキングダム,2007103404,セイカシミズダニ,1993102293,レジェンドテイオー,1983105000,久米誠,シンユウファーム,"3,413.0",2007.0,1993.0,1983.0
2016103684,キタノオドリコ,牝,相沢郁,,エスポワールシチー,2005102837,ブライドウッド,000a0066d2,Danzig,000a0000d3,河内孝夫,増尾牧場,"3,404.9",2005.0,1993.0,1977.0
2016102507,ウインプリンツ,牡,板垣吉則,,アドマイヤマックス,1999107004,プリンシプルレディ,2007102136,アグネスデジタル,1997110025,シグラップ・マネジメ,大北牧場,"3,403.5",1999.0,2007.0,1997.0
2016100232,ウインメルシー,牝,鈴木伸尋,,ジャスタウェイ,2009106461,イクスキューズ,2004100763,ボストンハーバー,000a00007c,ウイン,コスモヴューファーム,"3,391.4",2009.0,2004.0,1994.0
2016102620,ディード,牡,斉藤崇史,,ファーガソン,2011102417,フレンズ,2010104265,クロフネ,1998110135,林正道,ヒダカファーム,"3,388.0",2011.0,2010.0,1998.0
2016105712,イグナシオドーロ,牡,角川秀樹,,ヴィットリオドーロ,2009110009,ベラトリックス,2008106570,スマートボーイ,1995100385,グランド牧場,グランド牧場,"3,385.0",2009.0,2008.0,1995.0
2016104827,ノーブルスコア,牝,藤原英昭,,ディープインパクト,2002100816,ファイナルスコア,000a013c70,Dylan Thomas,000a011072,二木英徳,ノーザンファーム,"3,366.8",2002.0,2011.0,2003.0
2016103729,モリノカワセミ,牝,大江原哲,,ヘニーヒューズ,000a011155,グロリエッテ,2010101134,アドマイヤムーン,2003102991,森和久,森永牧場,"3,365.6",2003.0,2010.0,2003.0
2016100589,セロシア,牡,渡辺薫彦,,トランセンド,2006104736,アンドレルノートル,2003100640,サンデーサイレンス,000a00033a,ノースヒルズ,ノースヒルズ,"3,356.0",2006.0,2003.0,1986.0
2016105702,タイトロープウィン,牝,村田一誠,,サウスヴィグラス,1996110138,プリモウェイ,000a011adb,Giant's Causeway,000a0022e1,浅田次郎,グランド牧場,"3,355.3",1996.0,2005.0,1997.0
2016100854,デンコウハピネス,牝,尾林幸二,,ヘニーヒューズ,000a011155,チーズマヨ,2009105985,シンボリクリスエス,1999110099,曽和栄司,村上欽哉,"3,353.5",2003.0,2009.0,1999.0
2016105858,チビラーサン,牝,中舘英二,,ケープブランコ,000a011b06,サウンドオブハート,2009103696,アグネスタキオン,1998101516,瀬谷隆雄,タイヘイ牧場,"3,353.1",2007.0,2009.0,1998.0
2016104596,フォークテイル,牝,中川公成,,ロードカナロア,2008103552,フォルクローレ,1999106943,ダンスインザダーク,1993109188,サンデーレーシング,ノーザンファーム,"3,343.5",2008.0,1999.0,1993.0
2016102229,フィデリオグリーン,牡,根本康広,,ザサンデーフサイチ,2004102855,ミサノグリーン,2008101833,タニノギムレット,1999100226,佐藤友子,向別牧場,"3,340.5",2004.0,2008.0,1999.0
2016103108,ウォータースペース,牝,安田隆行,,ブラックタイド,2001103312,プティプランセス,2006105481,キングカメハメハ,2001103460,山岡正人,下河辺牧場,"3,323.3",2001.0,2006.0,2001.0
2016104262,アップライトスピン,牝,池上昌和,,ディープインパクト,2002100816,オリジナルスピンII,000a0118a2,Distorted Humor,000a0022ea,キャロットファーム,社台コーポレーション白老ファーム,"3,309.8",2002.0,2003.0,1993.0
2016103046,ルモンド,牡,坂口智康,,ディープインパクト,2002100816,ウィステリアアーチ,2007105546,キングカメハメハ,2001103460,山紫水明,下河辺牧場,"3,307.9",2002.0,2007.0,2001.0
2016105695,ゼットパッション,牝,千葉幸喜,,グランプリボス,2008103388,バイブレイションズ,2007100260,キングカメハメハ,2001103460,安彦公一,グランド牧場,"3,300.0",2008.0,2007.0,2001.0
2016105174,ファビュラスギフト,牝,武英智,,エイシンフラッシュ,2007102951,ファビュラスセンス,2006103038,グラスワンダー,1995108676,グリーンファーム,社台ファーム,"3,272.0",2007.0,2006.0,1995.0
2016103986,フォルトゥーレ,牡,工藤裕孝,,キャプテントゥーレ,2005102216,トウカイセレッソ,2009104929,キングカメハメハ,2001103460,Ｉレーシング（株）,びらとり牧場,"3,268.2",2005.0,2009.0,2001.0
2016102178,フェードアウト,牡,吉井竜一,,ベルシャザール,2008103004,ポールポジションII,000a0116c0,Pivotal,000a002328,井上謙一,三嶋牧場,"3,260.0",2008.0,2006.0,1993.0
2016101816,シャルロッテミノル,牝,雑賀正光,,ブラックタイド,2001103312,ビシャーラ,000a0117d9,Alhaarth,000a01025c,庄司紫紀,金成吉田牧場,"3,258.6",2001.0,2006.0,1993.0
2016106315,ギルマ,牡,小村正也,,ハービンジャー,000a011996,レストレスハート,2003102736,サンデーサイレンス,000a00033a,花水辰夫,前谷武志,"3,251.0",2006.0,2003.0,1986.0
2016103924,パンプキンズ,牡,伊藤和忍,,スターリングローズ,1997106560,カレンマーガレット,2007102647,ネオユニヴァース,2000101426,山中元夫,高橋啓,"3,250.5",1997.0,2007.0,2000.0
2016101978,ヒルノバーゼル,牡,坂本昇,,トゥザグローリー,2007103265,アドマイヤチャーム,2007101628,キングヘイロー,1995104427,（株）本城,辻牧場,"3,244.0",2007.0,2007.0,1995.0
2016104929,エンドーツダ,牝,萱野浩二,,タートルボウル,000a012045,ウィッシュ,2008102843,ディープインパクト,2002100816,望月雅博,社台ファーム,"3,240.0",2002.0,2008.0,2002.0
2016102215,モズヘラクレス,牡,田中譲二,,グランプリボス,2008103388,トップヴィーナス,2007101828,キングカメハメハ,2001103460,（同）ＪＰＮ技研,宮内牧場,"3,236.1",2008.0,2007.0,2001.0
2016100710,アイメイドイット,牝,山田義人,,アイルハヴアナザー,000a011ed3,スーパーウーマン,2005105924,マーベラスサンデー,1992103687,近藤一生,ビッグレッドファーム,"3,235.7",2009.0,2005.0,1992.0
2016104298,トロイメント,牝,四位洋文,,ダイワメジャー,2001103114,トラウム,2011110055,Dansili,000a010a5f,Ｇ１レーシング,追分ファーム,"3,225.4",2001.0,2011.0,1996.0
2016110044,ワシントンテソーロ,牡,東眞市,,Curlin,000a011734,War Tigress,000a013c97,War Chant,000a00fce0,了徳寺健二ホールディングス,Waymore LLC,"3,223.8",2004.0,2006.0,1997.0
2016103069,キングスバレイ,牡,斎藤誠,,ゼンノロブロイ,2000101517,シーガルサリー,2004105647,フレンチデピュティ,000a00013a,村野康司,下河辺牧場,"3,219.0",2000.0,2004.0,1992.0
2016105316,サンライズハイアー,牡,真島二也,,ストーミングホーム,1998190003,ヒカルカグヤヒメ,2005101869,ダンスインザダーク,1993109188,梶原大輔,浦河小林牧場,"3,216.8",1998.0,2005.0,1993.0
2016101089,ブルベアオーロ,牡,矢野久美,,キンシャサノキセキ,2003110212,ジャックカガヤキ,1997101271,デインヒル,000a0000d1,川添裕起,小野秀治,"3,216.2",2003.0,1997.0,1986.0
2016104937,ティターヌ,牡,栗田徹,,スウェプトオーヴァーボード,000a00fa34,ヴァインバッハ,2008102923,アグネスタキオン,1998101516,スリーエイチレーシング,社台ファーム,"3,210.5",1997.0,2008.0,1998.0
2016102658,マーブルサニー,牝,西園正都,,クロフネ,1998110135,サニーロック,2010102292,キングカメハメハ,2001103460,下村直,丸村村下ファーム,"3,210.2",1998.0,2010.0,2001.0
2016104797,リヴィエラ,牡,打越勇児,,トーセンホマレボシ,2009106092,テスティコ,2011110095,Tiznow,000a00fa4b,カナヤマホールディングス,ノーザンファーム,"3,202.5",2009.0,2011.0,1997.0
2016106228,アナザーラブソング,牡,安達昭夫,,ハービンジャー,000a011996,オールザットジャズ,2008100868,タニノギムレット,1999100226,市川義美ホールディングス,フジワラファーム,"3,200.7",2006.0,2008.0,1999.0
2016100170,アイファーアクター,牡,伊藤伸一,,ティンバーカントリー,000a00035e,アイファースイーツ,2006103571,クリプティックラスカル,000a000da1,中島稔,川上悦夫,"3,198.4",1992.0,2006.0,1995.0
2016105216,オーマオ,牡,村山明,,キングカメハメハ,2001103460,ペディクラリス,2003104258,サンデーサイレンス,000a00033a,吉田照哉,社台ファーム,"3,196.6",2001.0,2003.0,1986.0
2016104830,ユナカイト,牝,宮田敬介,,ヨハネスブルグ,000a0103b9,フサイチパンドラ,2003103043,サンデーサイレンス,000a00033a,シルクレーシング,ノーザンファーム,"3,194.8",1999.0,2003.0,1986.0
2016100425,モエレコネクター,牡,齊藤敏,,エイシンフラッシュ,2007102951,モエレゴールド,2001100980,サンデーサイレンス,000a00033a,中村時子,大作ステーブル,"3,186.9",2007.0,2001.0,1986.0
2016103146,メイショウヨソユキ,牝,庄野靖志,,シニスターミニスター,000a011099,ライラックノカオリ,1999102677,キンググローリアス,000a000d48,松本好雄,庄野牧場,"3,186.0",2003.0,1999.0,1986.0
2016102812,ナムラシェパード,牡,大橋勇樹,,ヨハネスブルグ,000a0103b9,パンカティリオ,000a011a97,Kingmambo,000a001d7e,奈村信重,いとう牧場,"3,180.0",1999.0,2008.0,1990.0
2016110068,トップソリスト,牝,中竹和也,,War Front,000a011d00,Moth,000a013caa,Galileo,000a00232b,ノースヒルズ,Orpendale Chelston & Wynatt,"3,173.7",2002.0,2010.0,1998.0
2016102466,ホールドユアハンド,牡,小久保智,,エスポワールシチー,2005102837,ハートフルビコー,2001104889,ゼンノメイジン,1994109704,山口裕介,斉藤政志,"3,170.0",2005.0,2001.0,1994.0
2016100634,ベストクィーン,牝,南田美知,,スクリーンヒーロー,2004103328,ポポチャン,2005105412,トウカイテイオー,1988101025,田畑富子,ハクツ牧場,"3,167.5",2004.0,2005.0,1988.0
2016103909,カナロアガール,牝,田村康仁,,ロードカナロア,2008103552,サンデーローザ,2002105258,サンデーサイレンス,000a00033a,広尾レース,清水牧場,"3,162.0",2008.0,2002.0,1986.0
2016105669,レコードチェイサー,牝,伊藤圭三,,ディープブリランテ,2009105084,ゴールドチェイス,2010102652,アドマイヤムーン,2003102991,グランド牧場,グランド牧場,"3,155.5",2009.0,2010.0,2003.0
2016105662,アイタイ,牡,中西達也,,ヴィクトワールピサ,2007102923,イチリュウ,2010102632,キングヘイロー,1995104427,大田慎治,グランド牧場,"3,155.0",2007.0,2010.0,1995.0
2016105071,ステイホット,牝,山下貴之,,キャプテントゥーレ,2005102216,ステイアライヴ,000a0120f2,Iffraaj,000a0111d1,小林善一,社台ファーム,"3,155.0",2005.0,2008.0,2001.0
2016105433,トゥインクルリーフ,牝,伊坂重信,,ヘニーヒューズ,000a011155,ウエスタンデンコー,1998104894,ジェネラス,000a000148,ノルマンディーサラブレッドレーシング,ウエスタンファーム,"3,149.7",2003.0,1998.0,1988.0
2016101717,ノーリミッツ,牡,木原一良,,ナカヤマフェスタ,2006102424,フェステロマーネ,1997100571,ヘクタープロテクター,000a000d6b,山内邦一,岡本昌市,"3,140.0",2006.0,1997.0,1988.0
2016105994,スマイルスター,牝,大竹正博,,ゼンノロブロイ,2000101517,スマイルプライズ,2007100528,ホワイトマズル,1990109700,ＹＴレーシング,千代田牧場,"3,137.2",2000.0,2007.0,1990.0
2016105930,アワジノサクラ,牡,国沢輝幸,,メイショウサムソン,2003102205,サクラスリール,2010102911,ファンタスティックライト,1996190005,角山喜信,谷岡牧場,"3,135.8",2003.0,2010.0,1996.0
2016103275,モイ,牝,畑端省吾,,ドリームジャーニー,2004102753,ステルス,2012101498,ディープインパクト,2002100816,ＨｉｍＲｏｃｋＲａｃｉｎｇホールディングス,タバタファーム,"3,133.8",2004.0,2012.0,2002.0
2016101026,グランプリワン,牡,西山裕貴,,グランプリボス,2008103388,サウンドアメニティ,1998102713,キンググローリアス,000a000d48,岡崎淳,飯岡牧場,"3,122.0",2008.0,1998.0,1986.0
2016105686,アンジェリーブル,牝,村田一誠,,クロフネ,1998110135,デラモーレ,2008100281,ディープインパクト,2002100816,伊藤佳幸,グランド牧場,"3,120.0",1998.0,2008.0,2002.0
2016100467,ハナブショウ,牝,相沢郁,,ヘニーヒューズ,000a011155,イチノヤジョウ,1999104113,アジュディケーティング,000a000d5d,河内孝夫,中地康弘,"3,120.0",2003.0,1999.0,1987.0
2016104730,エクセランフィーユ,牝,木村哲也,,Frankel,000a01239b,エクセレンスII,000a012f87,Champs Elysees,000a012551,サンデーレーシング,ノーザンファーム,"3,117.8",2008.0,2011.0,2003.0
2016101457,シャイニングデイズ,牡,田中譲二,,ハーツクライ,2001103038,シャイニングエナジー,000a0117a6,Rahy,000a001c5e,（同）ＪＰＮ技研,明治牧場,"3,117.2",2001.0,2002.0,1985.0
2016104251,キュールエサクラ,牝,中尾秀正,,マンハッタンカフェ,1998101554,インコグニート,1999106687,Gone West,000a001be1,岡本良三,追分ファーム,"3,105.8",1998.0,1999.0,1984.0
2016105247,シャワークライム,牝,田中剛,,ローエングリン,1999106738,ミスティックリバー,2003102650,サンデーサイレンス,000a00033a,吉田照哉,社台ファーム,"3,101.0",1999.0,2003.0,1986.0
2016102528,マテラサンオウ,牡,齋藤雄一,,ルーラーシップ,2007103143,リアライズノユメ,2008105521,アフリート,000a000013,川村初美,高松牧場,"3,092.9",2007.0,2008.0,1984.0
2016106438,マリアルージュ,牝,小久保智,,ベルシャザール,2008103004,エリモシャイニー,1999106140,ブライアンズタイム,000a000082,河合裕明,川上牧場,"3,091.5",2008.0,1999.0,1985.0
2016104042,レオンコロナ,牡,鈴木孝志,,カジノドライヴ,2005110112,モエレサンタマリア,2007103745,ゴールドヘイロー,1997101264,山口敦広,大作ステーブル,"3,085.0",2005.0,2007.0,1997.0
2016100216,タマモキャペリン,牝,水野貴広,,ダンカーク,000a012185,チャームキャップ,2005100929,キャプテンスティーヴ,000a000d9d,タマモ,小泉牧場,"3,082.0",2006.0,2005.0,1997.0
2016104149,ツクバソヴァール,牡,杉浦宏昭,,ロジユニヴァース,2006103140,リリーオブザナイル,2010103550,バゴ,2001190004,細谷武史,高橋農場,"3,077.7",2006.0,2010.0,2001.0
2016101383,タイセイブランシュ,牝,新開幸一,,ルーラーシップ,2007103143,タイセイハニー,2003101523,エンドスウィープ,000a00010f,田中成奉,前川勝春,"3,075.7",2007.0,2003.0,1991.0
2016103988,シャイニー,牡,野口寛仁,,スマートファルコン,2005100097,パラダイスフラワー,2004105298,ティンバーカントリー,000a00035e,山本武司,びらとり牧場,"3,074.5",2005.0,2004.0,1992.0
2016103079,ハルサカエ,牝,大竹正博,,ゴールドアリュール,1999106689,タピルージュ,2006105507,ワイルドラッシュ,000a0003a1,齊藤栄一,下河辺牧場,"3,070.0",1999.0,2006.0,1994.0
2016103710,レイトブルーミング,牝,宮路洋一,,グランプリボス,2008103388,ジーニアスドール,2012104820,ゼンノロブロイ,2000101517,酒井孝敏,目黒牧場,"3,066.0",2008.0,2012.0,2000.0
2016102194,メイショウヤシャ,牡,南井克巳,,トゥザグローリー,2007103265,メイショウマンテン,2000104273,サンダーガルチ,000a00035c,松本好雄,三嶋牧場,"3,064.0",2007.0,2000.0,1992.0
2016101616,ゴールデンサイクル,牡,渡邊貴光,,ネオユニヴァース,2000101426,ウォータートスカ,2004101667,オペラハウス,000a000d77,高岡浩行,畔高牧場,"3,063.7",2000.0,2004.0,1988.0
2016100097,エクレアスピード,セ,大和田成,,メイショウボーラー,2001100650,フジドリーム,2009104467,オペラハウス,000a000d77,李柱坤,イワミ牧場,"3,061.0",2001.0,2009.0,1988.0
2016104087,アンダープロミス,牡,山崎尋美,,ロジユニヴァース,2006103140,カーヴィシャス,2010104335,シンボリクリスエス,1999110099,池谷誠一,上水牧場,"3,060.5",2006.0,2010.0,1999.0
2016104436,エフティイーリス,牝,金成貴史,,ルーラーシップ,2007103143,エフティマイア,2005102499,フジキセキ,1992109618,吉野英子,ノーザンファーム,"3,055.1",2007.0,2005.0,1992.0
2016105715,アルベニス,セ,藤沢則雄,,オルフェーヴル,2008102636,ポジションリミット,000a01250e,Bellamy Road,000a011cf9,森田和豊,グランド牧場,"3,051.4",2008.0,2008.0,2002.0
2016102589,グランモナハート,牝,桜田康二,,フリオーソ,2004106867,アルファメガハート,2005104732,オペラハウス,000a000d77,布施慶士,バンブー牧場,"3,048.0",2004.0,2005.0,1988.0
2016101450,レゴリス,セ,西山裕貴,,ゴールドアリュール,1999106689,ソラコマチ,2009101892,サクラバクシンオー,1989108341,（同）ＪＰＮ技研,村上牧場,"3,045.8",1999.0,2009.0,1989.0
2016104570,バラーディスト,牝,四位洋文,,ハーツクライ,2001103038,バラダセール,000a011fff,Not For Sale,000a011fae,シルクレーシング,ノーザンファーム,"3,045.0",2001.0,2008.0,1994.0
2016105305,フラッシングジェム,牝,大和田成,,エイシンフラッシュ,2007102951,ロマンシングジェム,2010103985,アグネスタキオン,1998101516,社台レースホース,社台ファーム,"3,040.8",2007.0,2010.0,1998.0
2016103789,アエノエンペラー,牡,池田忠好,,フリオーソ,2004106867,ドレスアップ,2012100952,スウェプトオーヴァーボード,000a00fa34,倉重博文,横井哲,"3,035.0",2004.0,2012.0,1997.0
2016102207,メイショウメイリン,牡,田村彰啓,,メイショウボーラー,2001100650,シニスタークイーン,2009100820,シニスターミニスター,000a011099,清宮義男,宮内牧場,"3,027.5",2001.0,2009.0,2003.0
2016104253,ウィッチクラフト,セ,浜田多実,,ゴールドアリュール,1999106689,ウィッチフルシンキング,000a006812,Lord Avie,000a000687,カナヤマホールディングス,追分ファーム,"3,027.2",1999.0,1994.0,1978.0
2016104473,キングテセウス,牡,木村哲也,,キングカメハメハ,2001103460,グローリアスデイズ,2001103340,サンデーサイレンス,000a00033a,保坂和孝,ノーザンファーム,"3,015.0",2001.0,2001.0,1986.0
2016110127,ベイズンストリート,牡,西川敏弘,,Curlin,000a011734,Judith Basin,000a013f03,Danzig,000a0000d3,松本桂昌,Dixiana Farms LLC,"3,012.0",2004.0,2003.0,1977.0
2016104654,ウレキサイト,牡,松永幹夫,,ブラックタイド,2001103312,ラフィントレイル,2003102621,エルコンドルパサー,1995108742,シルクレーシング,ノーザンファーム,"3,003.3",2001.0,2003.0,1995.0
2016104511,シークレットアイズ,牡,藤沢和雄,,ディープインパクト,2002100816,ジョリージョコンド,000a012fc7,Marju,000a001fb6,山本英俊,ノーザンファーム,"3,000.3",2002.0,2008.0,1988.0
2016190001,グランドグローリー,牝,ビエトリ,,Olympic Glory,000a0124ec,Madonna Lily,000a01bd0f,Daylami,000a00226a,ウス牧場,Elevage Haras de Bourgeauville,"3,000.0",2010.0,2005.0,1994.0
2016105576,シュロス,牡,西川敏弘,,ゴールドアリュール,1999106689,ベストコレクション,2011101794,フォーティナイナーズサン,000a011227,酒井孝敏,岡田牧場,"2,999.8",1999.0,2011.0,2001.0
2016101437,カフェプリンス,牡,中舘英二,,ハーツクライ,2001103038,カフェヒミコ,2008110024,Bandini,000a01162a,西川恭子,三石橋本牧場,"2,995.8",2001.0,2008.0,2002.0
2016103945,マンノグランプリ,牡,角田晃一,,スマートファルコン,2005100097,マンノヴィクトリア,2008105195,トウカイテイオー,1988101025,萬野順啓,二風谷ファーム,"2,992.1",2005.0,2008.0,1988.0
2016100805,グレートバニヤン,牡,牧田和弥,,ダイワメジャー,2001103114,フェアリーバニヤン,2003100823,Honour and Glory,000a002072,キャロットファーム,松浦牧場,"2,990.0",2001.0,2003.0,1993.0
2016105704,メテオスウォーム,牡,笹野博司,,ロードカナロア,2008103552,プリモスター,2001103893,サンデーサイレンス,000a00033a,星加浩一,グランド牧場,"2,988.1",2008.0,2001.0,1986.0
2016110043,ヴァッシュモン,牡,栗田徹,,Dubawi,000a0115e2,Daksha,000a013af0,Authorized,000a01139f,山口功一郎,Gestut Hof Ittlingen,"2,985.8",2002.0,2010.0,2004.0
2016104816,ホウオウサーベル,牡,奥村武,,ハーツクライ,2001103038,バランセラ,000a011522,Acatenango,000a001f0b,小笹芳央,ノーザンファーム,"2,978.0",2001.0,2001.0,1982.0
2016103584,ペイシャムートン,牡,張田京,,ネオユニヴァース,2000101426,タイキアヴェニュー,2000107180,ティンバーカントリー,000a00035e,北所拓也,広中稔,"2,977.5",2000.0,2000.0,1992.0
2016100855,マックスアン,牡,大和田成,,ネオユニヴァース,2000101426,ツクバエルドラド,2009105924,El Corredor,000a010238,ＴＵＲＦレーシング,村上欽哉,"2,975.0",2000.0,2009.0,1997.0
2016102918,アロハブリーズ,牝,石橋満,,スクリーンヒーロー,2004103328,コンドルショット,2001103286,エルコンドルパサー,1995108742,木村牧場,木村牧場,"2,966.5",2004.0,2001.0,1995.0
2016105886,ヒロシゲウェーブ,セ,酒井仁,,ダイワメジャー,2001103114,サトノアスカ,2011104049,Giant's Causeway,000a0022e1,鈴木道隆,高橋義浩,"2,960.2",2001.0,2011.0,1997.0
2016100047,ドゥエルメス,牝,坂井英光,,スマートファルコン,2005100097,ベルモントエルメス,2006104908,ティンバーカントリー,000a00035e,大塚亮一,アサヒ牧場,"2,942.0",2005.0,2006.0,1992.0
2016104697,スタンサンセイ,セ,笹野博司,,ワークフォース,000a011a7f,アステリオン,2004102999,フレンチデピュティ,000a00013a,北原大史,ノーザンファーム,"2,941.9",2007.0,2004.0,1992.0
2016105179,フィールオーケー,牡,川島正一,,エイシンフラッシュ,2007102951,フィールフリーリー,2010103946,アグネスタキオン,1998101516,岡田壮史,社台ファーム,"2,941.5",2007.0,2010.0,1998.0
2016102735,イルヴェントデーア,牝,金成貴史,,エイシンフラッシュ,2007102951,デヴェロッペ,2005103632,ボストンハーバー,000a00007c,Ｇリビエール・レーシング,ディアレストクラブ,"2,940.4",2007.0,2005.0,1994.0
2016104240,クラサーヴィツァ,牝,武英智,,ハーツクライ,2001103038,メジロルバート,2003103363,メジロライアン,1987105368,椎名節,レイクヴィラファーム,"2,937.1",2001.0,2003.0,1987.0
2016100742,ナミブ,セ,宗綱泰彦,,ナカヤマフェスタ,2006102424,マイネジャンヌ,2008104904,ロージズインメイ,000a010a10,（同）ＪＰＮ技研,ビッグレッドファーム,"2,929.5",2006.0,2008.0,2000.0
2016103213,スマートランウェイ,牝,辻野泰之,,ディープインパクト,2002100816,スマートパルス,2006103037,クロフネ,1998110135,大川徹,杵臼牧場,"2,923.6",2002.0,2006.0,1998.0
2016104603,パールデュー,牝,黒岩陽一,,キングカメハメハ,2001103460,ブルーメンブラット,2003102993,アドマイヤベガ,1996107396,吉田和美,ノーザンファーム,"2,923.0",2001.0,2003.0,1996.0
2016100633,アヴニールレーヴ,牝,坂本和也,,サウスヴィグラス,1996110138,フライトステージ,2006103054,ネオユニヴァース,2000101426,山本佳彦,ハクツ牧場,"2,912.9",1996.0,2006.0,2000.0
2016105675,モーンストルム,牝,高橋純,,シニスターミニスター,000a011099,スズカカラーズ,2001103910,サンデーサイレンス,000a00033a,大黒富美子,グランド牧場,"2,900.5",2003.0,2001.0,1986.0
2016102055,グロリアスホープ,牡,池田孝,,トゥザグローリー,2007103265,マイホープ,000a010639,デインヒル,000a0000d1,ターフ・スポート,中島牧場,"2,892.0",2007.0,2001.0,1986.0
2016104407,コパカティ,牝,佐々木晶,,ハービンジャー,000a011996,アロマティコ,2009106257,キングカメハメハ,2001103460,サンデーレーシング,ノーザンファーム,"2,890.9",2006.0,2009.0,2001.0
2016100885,フローラルパーク,牝,加藤征弘,,ヘニーヒューズ,000a011155,フェアノータム,2003102754,アグネスタキオン,1998101516,高橋正雄,ムラカミファーム,"2,890.0",2003.0,2003.0,1998.0
2016106313,ビオレイメル,牝,本田優,,ワイルドラッシュ,000a0003a1,ホーマンピクシー,2007103702,キングカメハメハ,2001103460,ケーエスＨＤ,前谷武志,"2,888.0",1994.0,2007.0,2001.0
2016100895,テンマダイウェーヴ,牡,岡田利一,,カネヒキリ,2002100978,スイートレジーナ,2000106148,キンググローリアス,000a000d48,山本晋也,村上牧場,"2,887.1",2002.0,2000.0,1986.0
2016105756,マイネルエキサイト,牡,伊藤強一,,ブラックタイド,2001103312,アインライツ,2001103971,ティンバーカントリー,000a00035e,酒井孝敏,坂本春雄,"2,886.9",2001.0,2001.0,1992.0
2016100324,ジョウラン,牡,田中淳司,,エスポワールシチー,2005102837,ドーニングストーム,000a010e57,Storm Cat,000a001a98,山口裕介,須崎牧場,"2,881.0",2005.0,2000.0,1983.0
2016103041,レッドクーゲル,牡,尾関知人,,ハーツクライ,2001103038,アルレシャ,000a011cd9,Marju,000a001fb6,東京ホースレーシング,下河辺牧場,"2,876.0",2001.0,2006.0,1988.0
2016103911,スズノウメ,牝,深山雅史,,ケープブランコ,000a011b06,スズノメヒョー,2004103045,バチアー,000a00004b,小紫惠美子,清水牧場,"2,874.0",2007.0,2004.0,1997.0
2016104051,クリッパークラス,牝,武市康男,,スクリーンヒーロー,2004103328,ロイヤルクリッパー,2006102748,アグネスタキオン,1998101516,シルクレーシング,村上牧場,"2,867.1",2004.0,2006.0,1998.0
2016103341,パイロジェン,セ,高月賢一,,パイロ,000a01176a,ファービヨンド,2011100581,ディープスカイ,2005101358,鈴木雅俊,ダーレー・ジャパン・ファーム,"2,857.5",2005.0,2011.0,2005.0
2016100813,ヨウコウ,牡,森山広大,,エイシンアポロン,2007110020,リーフ,2008109121,デリケートワン,1994104543,江川伸夫,松浦牧場,"2,854.7",2007.0,2008.0,1994.0
2016103481,ニシノアメイズ,牝,松山将樹,,リーチザクラウン,2006102923,ジョウノベネチア,1998105843,アフリート,000a000013,西山茂行,長谷川一男,"2,851.8",2006.0,1998.0,1984.0
2016100212,ゼットセントラル,セ,菅原右吉,,ヘニーヒューズ,000a011155,コウエイオトメ,2008104252,ハーツクライ,2001103038,高橋悦見,小泉牧場,"2,851.2",2003.0,2008.0,2001.0
2016110086,モニュメントキング,牡,藤ケ崎一,,Creative Cause,000a012300,Overvalued,000a013c93,Forest Grove,000a013b11,梅ケ枝容晃,Brereton C. Jones,"2,851.1",2009.0,2008.0,2001.0
2016100926,ウインゼノビア,牝,青木孝文,,スクリーンヒーロー,2004103328,ゴシップクイーン,2004103341,フレンチデピュティ,000a00013a,ウイン,村本牧場,"2,848.7",2004.0,2004.0,1992.0
2016103685,ザプラウドワンズ,セ,永島太郎,,ストロングリターン,2006102934,ドリームダンシーズ,2000104256,オジジアン,000a00025e,小川勲,三宅正弘,"2,847.5",2006.0,2000.0,1983.0
2016103756,キタサンチャンドラ,牡,佐藤裕太,,ゼンノロブロイ,2000101517,キタサンプリンセス,2012102273,エンパイアメーカー,000a010542,大野商事,ヤナガワ牧場,"2,845.0",2000.0,2012.0,2000.0
2016101075,アイスブラスト,牡,戸田博文,,ゼンノロブロイ,2000101517,キングダンサー,2008103455,キングカメハメハ,2001103460,ＤＭＭドリームクラブ,沖田哲夫,"2,841.0",2000.0,2008.0,2001.0
2016104515,ベルクワイア,牝,国枝栄,,ロードカナロア,2008103552,スカーレットベル,2001103365,エリシオ,1993190001,キャロットファーム,ノーザンファーム,"2,840.0",2008.0,2001.0,1993.0
2016101485,ナムラブル,牡,雑賀正光,,ホワイトマズル,1990109700,トップレディスター,1997106497,サンデーサイレンス,000a00033a,庄司修二,森政巳,"2,838.0",1990.0,1997.0,1986.0
2016101250,マイネルバトゥータ,牡,板垣吉則,,サウスヴィグラス,1996110138,スマートダズル,2006100958,スマートボーイ,1995100385,会田裕一,築紫洋,"2,837.8",1996.0,2006.0,1995.0
2016105703,タイセイグリード,牡,飯田弘道,,サウスヴィグラス,1996110138,プリモカラーズ,2006100954,アグネスタキオン,1998101516,山口謙太郎,グランド牧場,"2,837.3",1996.0,2006.0,1998.0
2016104462,クールウォーター,牝,堀宣行,,ディープインパクト,2002100816,クロウキャニオン,2002106979,フレンチデピュティ,000a00013a,金子真人ホールディングス,ノーザンファーム,"2,835.1",2002.0,2002.0,1992.0
2016105319,ファムファタル,牝,池田忠好,,トゥザグローリー,2007103265,コスモカゼツカイ,2009110099,Hurricane Run,000a01189d,小橋亮太,絵笛牧場,"2,827.4",2007.0,2009.0,2002.0
2016103163,ネガイ,牝,奥村武,,ルーラーシップ,2007103143,ラヴィアンフルール,2010100289,ステイゴールド,1994108729,石川達絵,白井牧場,"2,822.8",2007.0,2010.0,1994.0
2016105560,タマモアポローン,牡,五十嵐忠,,アポロキングダム,2003110139,タマモマナムスメ,2010105750,マンハッタンカフェ,1998101554,タマモ,岡田牧場,"2,820.0",2003.0,2010.0,1998.0
2016109066,クリノビッグサージ,牝,宮川真衣,,スマートファルコン,2005100097,ドルフィンルージュ,2008104046,ティンバーカントリー,000a00035e,栗本八江,諏訪牧場,"2,814.0",2005.0,2008.0,1992.0
2016102236,ププッピドゥ,牝,北出成人,,エスポワールシチー,2005102837,ケイティクラシー,2003106465,キンググローリアス,000a000d48,岡浩二,モトスファーム,"2,812.0",2005.0,2003.0,1986.0
2016102368,ヤンチャプリヒメ,牝,川添明弘,,プリサイスエンド,000a00fe9b,ノートルアンジュ,2007109168,ゼンノロブロイ,2000101517,田頭勇貴,桑田ファーム,"2,807.6",1997.0,2007.0,2000.0
2016100848,ジェイケイエース,牡,中道啓二,,ゴールドアリュール,1999106689,ジェイケイクリス,2005100876,シンボリクリスエス,1999110099,小谷野次郎,村上欽哉,"2,803.0",1999.0,2005.0,1999.0
2016102480,タイガーアチーヴ,牡,栗本陽一,,クロフネ,1998110135,ハイノリッジ,2011103212,マンハッタンカフェ,1998101554,福永實,鮫川啓一,"2,802.4",1998.0,2011.0,1998.0
2016104853,サトノジェネシス,牡,堀宣行,,ディープインパクト,2002100816,マルペンサ,000a011cdc,Orpen,000a002326,サトミホースカンパニー,ノーザンファーム,"2,801.0",2002.0,2006.0,1996.0
2016110007,オルトグラフ,牝,池上昌和,,パイロ,000a01176a,リリク,000a0127fa,Iffraaj,000a0111d1,ゴドルフィン,Godolphin,"2,800.8",2005.0,2008.0,2001.0
2016104078,ホウオウモントレー,牝,矢野英一,,キンシャサノキセキ,2003110212,モントレゾール,2001107661,Cadeaux Genereux,000a001e13,小笹芳央,市川牧場,"2,792.0",2003.0,2001.0,1985.0
2016104144,マブイーグル,牡,坂口義幸,,シルポート,2005109202,ターキッシュブルー,2009105555,カリズマティック,000a00fa33,橘勝年,高橋農場,"2,789.8",2005.0,2009.0,1996.0
2016100567,ヤマニンスプレモ,牡,伊藤和,,エイシンフラッシュ,2007102951,ヤマニンアリエル,2002102265,サンデーサイレンス,000a00033a,土井久美子,錦岡牧場,"2,787.2",2007.0,2002.0,1986.0
2016106040,レストンベ,牝,斎藤誠,,ハービンジャー,000a011996,リミッターブレイク,2007100539,マンハッタンカフェ,1998101554,スリーエイチレーシング,千代田牧場,"2,783.6",2006.0,2007.0,1998.0
2016101194,グレースゼット,牝,宮徹,,ダンカーク,000a012185,アトムチェリー,1997101152,ヘクタープロテクター,000a000d6b,フォーレスト,嶋田牧場,"2,782.9",2006.0,1997.0,1988.0
2016106483,エイシンゾーン,牝,平松徳彦,,ジャスタウェイ,2009106461,エーシンブランシュ,2009100248,クロフネ,1998110135,平井克彦,栄進牧場,"2,781.4",2009.0,2009.0,1998.0
2016100638,アイキャンテーラー,牡,稲益貴弘,,フリオーソ,2004106867,オータムブリーズ,1998101687,ティンバーカントリー,000a00035e,中西浩一,ハシモトファーム,"2,773.5",2004.0,1998.0,1992.0
2016102097,メイショウカスガ,牝,松永昌博,,ゴールドアリュール,1999106689,ペイドリン,000a0117be,Pulpit,000a002133,松本好雄,信岡牧場,"2,772.0",1999.0,2006.0,1994.0
2016104868,ライル,セ,手塚貴久,,ディープインパクト,2002100816,ライラックスアンドレース,000a011df8,Flower Alley,000a011d8c,サンデーレーシング,ノーザンファーム,"2,771.0",2002.0,2008.0,2002.0
2016102181,ノーチラス,牝,松永幹夫,,オルフェーヴル,2008102636,マルヴァーンスプリング,000a0116f4,Silver Deputy,000a001fa3,キーファーズ,三嶋牧場,"2,771.0",2008.0,2006.0,1985.0
2016102072,バンカブルスター,セ,黒川智貴,,トゥザグローリー,2007103265,スターリースカイ,2006102203,キングヘイロー,1995104427,日進牧場,高村牧場,"2,761.8",2007.0,2006.0,1995.0
2016105227,ルイジアナママ,牝,新開幸一,,エイシンフラッシュ,2007102951,マスクオフ,2009105916,ディープインパクト,2002100816,稲川一,社台ファーム,"2,760.0",2007.0,2009.0,2002.0
2016103103,ブラックワンダー,セ,加藤和宏,,ネオユニヴァース,2000101426,フィルハーマジック,2008105612,シンボリクリスエス,1999110099,（株）ファーストビジ,下河辺牧場,"2,756.9",2000.0,2008.0,1999.0
2016103755,オーパスメーカー,牝,羽月友彦,,エンパイアメーカー,000a010542,オーパスクイーン,2007105507,スペシャルウィーク,1995103211,松岡隆雄,ヤナガワ牧場,"2,750.0",2000.0,2007.0,1995.0
2016103111,アズマヘリテージ,牝,工藤裕孝,,トーセンジョーダン,2006103169,ヘリテージゴールド,2005103161,フジキセキ,1992109618,川添裕起,下河辺牧場,"2,743.2",2006.0,2005.0,1992.0
2016104368,アルディテッツァ,牡,上原佑紀,,オルフェーヴル,2008102636,スキッフル,1998101681,トニービン,1983109006,Ｇ１レーシング,社台コーポレーション白老ファーム,"2,741.6",2008.0,1998.0,1983.0
2016103087,タイセイシャトル,セ,宮路洋一,,ダイワメジャー,2001103114,ティファニータッチ,000a011152,Deputy Minister,000a001849,酒井孝敏,下河辺牧場,"2,738.5",2001.0,2002.0,1979.0
2016100380,ロイヤルビクトリー,牝,三坂盛雄,,タイムパラドックス,1998101683,ロイヤルエイボン,2005103118,フレンチデピュティ,000a00013a,（有）スタッグ・ワー,武田牧場,"2,737.0",1998.0,2005.0,1992.0
2016103302,ギフトオブアート,牝,高柳瑞樹,,ヴィクトワールピサ,2007102923,ギフトオブソング,000a0116f1,Unbridled's Song,000a002071,ゴドルフィン,ダーレー・ジャパン・ファーム,"2,725.0",2007.0,2004.0,1993.0
2016106176,メジャーハリケーン,牡,新田守,,ダイワメジャー,2001103114,マザイ,000a011a98,ファスリエフ,000a00fc4c,高橋敏英,服部牧場,"2,720.2",2001.0,2005.0,1997.0
2016106426,ボナセーラ,牡,池田敦,,ディープブリランテ,2009105084,リキオリンピア,2001110140,エンドスウィープ,000a00010f,森田一俊,チャンピオンズファーム,"2,717.6",2009.0,2001.0,1991.0
2016103062,ルーアン,牝,後藤佑耶,,スウェプトオーヴァーボード,000a00fa34,サンタドレス,2004105650,キングヘイロー,1995104427,豊原純弥,下河辺牧場,"2,710.5",1997.0,2004.0,1995.0
2016100955,キコクイーン,牝,浅見秀一,,スクリーンヒーロー,2004103328,インシスト,2010105367,シンボリクリスエス,1999110099,若草クラブ,八木明広,"2,709.0",2004.0,2010.0,1999.0
2016106582,テーオーアマゾン,牡,千葉博次,,エイシンフラッシュ,2007102951,ミヤコレッドローズ,2008106612,キングカメハメハ,2001103460,山邉浩,ヤナガワ牧場,"2,708.3",2007.0,2008.0,2001.0
2016103138,ビックピクチャー,牝,田島俊明,,ディープインパクト,2002100816,ネヴァーピリオド,2002102752,タイキシャトル,1994109686,廣崎利洋ＨＤ,ＳｈａｌｌＦａｒｍ,"2,707.9",2002.0,2002.0,1994.0
2016110008,ミッドサマーハウス,牝,鮫島一歩,,ハーツクライ,2001103038,ミッドサマーフェア,2009102642,タニノギムレット,1999100226,ゴドルフィン,Godolphin,"2,706.4",2001.0,2009.0,1999.0
2016102119,ラデツキー,牡,九日俊光,,ダンカーク,000a012185,ジュディソング,2009102639,ダイワメジャー,2001103114,（同）ＪＰＮ技研,ビクトリーホースランチ,"2,706.1",2006.0,2009.0,2001.0
2016100725,アンバラージュ,牝,真島元徳,,ロージズインメイ,000a010a10,マイネアルデュール,2005105499,アドマイヤコジーン,1996106512,原久美子,ビッグレッドファーム,"2,705.1",2000.0,2005.0,1996.0
2016102305,メイショウミチノク,牝,高橋亮,,ダンカーク,000a012185,ガリカローズ,2008101937,ロックオブジブラルタル,000a00fd4c,松本好雄,大島牧場,"2,699.6",2006.0,2008.0,1999.0
2016106381,アスカノダイチ,牡,田中譲二,,グランプリボス,2008103388,エンゼルジョーカー,2007100557,ブライアンズタイム,000a000082,坂本孝徳,山際智,"2,696.2",2008.0,2007.0,1985.0
2016102849,ニーマルティアラ,牝,月岡健二,,サウスヴィグラス,1996110138,ツクシヒメ,2006105373,カコイーシーズ,1986109001,佐々木雄二,沖田牧場,"2,694.5",1996.0,2006.0,1986.0
2016105658,アイオロス,牡,佐々木仁,,ダンカーク,000a012185,アイシークレット,2007100290,ゴールドアリュール,1999106689,グランド牧場,グランド牧場,"2,691.5",2006.0,2007.0,1999.0
2016110159,ベストマジック,牡,田中淳司,,Speightstown,000a011200,Glinda the Good,000a013f82,ハードスパン,000a0116a1,馬場幸夫,Stonestreet Thoroughbred Holdings LLC,"2,686.8",1998.0,2009.0,2004.0
2016110061,モズエロイコ,牡,坂井英光,,デクラレーションオブウォー,000a0136f6,Wicked Temper,000a013be4,Tapit,000a011248,キャピタル・システム,Don Alberto Corporation,"2,685.0",2009.0,2011.0,2001.0
2016104103,テツ,牡,橋本忠明,,ストロングリターン,2006102934,ヴェネチアンレッド,2010100465,マンハッタンカフェ,1998101554,共田義夫,大川牧場,"2,683.7",2006.0,2010.0,1998.0
2016105256,メールデゾレ,牝,山下貴之,,サウスヴィグラス,1996110138,メイルストローム,2007102928,シンボリクリスエス,1999110099,（株）レックス,社台ファーム,"2,680.0",1996.0,2007.0,1999.0
2016101264,サニーストーム,牝,尾形和幸,,パイロ,000a01176a,バーミスキャット,000a010b78,Storm Cat,000a001a98,陳立文,土田農場,"2,680.0",2005.0,2002.0,1983.0
2016104220,ホウオウヒミコ,牝,池上昌和,,ロードカナロア,2008103552,サオヒメ,2002100383,サンデーサイレンス,000a00033a,小笹芳央,レイクヴィラファーム,"2,675.3",2008.0,2002.0,1986.0
2016105690,ハナレイ,牡,飯田弘道,,グランプリボス,2008103388,ハナライ,2008110015,Medaglia d'Oro,000a010a65,橋本政信,グランド牧場,"2,673.3",2008.0,2008.0,1999.0
2016104768,メッシーナ,牝,萩原清,,ディープインパクト,2002100816,シユーマ,000a01218a,Medicean,000a010a19,サンデーレーシング,ノーザンファーム,"2,672.8",2002.0,2008.0,1997.0
2016104293,カズマークセン,牡,井樋一也,,ディープインパクト,2002100816,ディヴィナプレシオーサ,000a01294e,Crocker Road,000a0127e2,粟森慨,追分ファーム,"2,670.6",2002.0,2010.0,2001.0
2016103256,オーシャンズルーラ,牝,岡田稲男,,バトルプラン,000a0118e8,ムニン,2009110131,Bernardini,000a0111fe,一村哲也,高山牧場,"2,665.0",2005.0,2009.0,2003.0
2016100140,ロジシルキー,牝,大竹正博,,ロジユニヴァース,2006103140,ロジウエスト,2010105358,ケイムホーム,000a0108d1,久米田正明,オリエント牧場,"2,658.2",2006.0,2010.0,1999.0
2016106283,キモンボーイ,牡,平和人,,キモンノカシワ,2009104021,コパノプレゼント,2006101763,サクラバクシンオー,1989108341,古町純代,へいはた牧場,"2,657.2",2009.0,2006.0,1989.0
2016103179,ニューホープ,牡,中川雅之,,フリオーソ,2004106867,ハタノシュヴァリエ,2012105996,ディープスカイ,2005101358,吉田勝利,新生ファーム,"2,654.3",2004.0,2012.0,2005.0
2016103386,コスモミローディア,牡,天間昭一,,ダノンバラード,2008103548,シギル,2010100789,アドマイヤムーン,2003102991,ビッグレッドファーム,道見牧場,"2,650.4",2008.0,2010.0,2003.0
2016104392,スキッピングロック,牡,浅見秀一,,ジャスタウェイ,2009106461,アイルビーバウンド,2005102616,タニノギムレット,1999100226,サンデーレーシング,ノーザンファーム,"2,648.6",2009.0,2005.0,1999.0
2016101847,モーニングサン,牡,打越勇児,,シンボリクリスエス,1999110099,モーニングフェイス,2007100044,スペシャルウィーク,1995103211,川添裕起,酒井牧場,"2,642.5",1999.0,2007.0,1995.0
2016105482,アイルチャーム,牝,田島俊明,,アイルハヴアナザー,000a011ed3,シャルマンレーヌ,2004107197,ダンスインザダーク,1993109188,ノルマンディーサラブレッドレーシング,岡田スタッド,"2,634.8",2009.0,2004.0,1993.0
2016102733,チアフルローズ,牝,胡本友晴,,トゥザグローリー,2007103265,ディアジーローズ,2009103698,ワイルドラッシュ,000a0003a1,（株）ファーストビジ,ディアレストクラブ,"2,633.0",2007.0,2009.0,1994.0
2016101553,ペプチドルーカス,牡,吉村圭司,,ルーラーシップ,2007103143,ミステリアスガール,2008101125,アグネスタキオン,1998101516,沼川一彦,猿倉牧場,"2,631.9",2007.0,2008.0,1998.0
2016104524,ストームリッパー,セ,坂口義幸,,ハービンジャー,000a011996,スピードリッパー,2008103322,ファルブラヴ,1998190004,蔀英二,ノーザンファーム,"2,630.0",2006.0,2008.0,1998.0
2016110059,ウインプラウド,牡,河津裕昭,,Lemon Drop Kid,000a0022d0,Dame Ursula,000a013b1b,Elusive Quality,000a00231f,ウイン,Runnymede Farm Inc. & Peter J. Callahan,"2,626.5",1996.0,2006.0,1993.0
2016104610,グロリアーナ,牝,木村哲也,,ハーツクライ,2001103038,ベネンシアドール,2006103329,キングカメハメハ,2001103460,サンデーレーシング,ノーザンファーム,"2,625.0",2001.0,2006.0,2001.0
2016102966,マイティウォーリア,牡,林和弘,,ロジユニヴァース,2006103140,ミーナー,000a010edc,エンドスウィープ,000a00010f,菊地昌廣,クリアファーム,"2,623.3",2006.0,2002.0,1991.0
2016101368,ウォークザライン,牡,平田正一,,ハービンジャー,000a011996,クレーンズラヴァー,2007103866,ゼンノロブロイ,2000101517,前田幸治,本桐牧場,"2,620.5",2006.0,2007.0,2000.0
2016100650,ファンタスティック,牡,武藤善則,,オルフェーヴル,2008102636,ルヴェソンヴェール,2011105135,クロフネ,1998110135,佐々木雄二,ハシモトファーム,"2,613.6",2008.0,2011.0,1998.0
2016100881,ショウナンアオゾラ,牡,大竹正博,,ルーラーシップ,2007103143,ショウナンマハ,2008105068,タイキシャトル,1994109686,湘南,ムラカミファーム,"2,612.0",2007.0,2008.0,1994.0
2016104544,レディグレイ,牝,堀場裕充,,キンシャサノキセキ,2003110212,ティフィン,2006103170,トワイニング,000a000006,（有）ランドエコノミ,社台コーポレーション白老ファーム,"2,609.2",2003.0,2006.0,1991.0
2016106489,エイシンヨッシー,牡,雑賀正光,,ストーミングホーム,1998190003,エーシンラクーリエ,2006102145,コロナドズクエスト,000a0000b5,平井克彦,栄進牧場,"2,602.2",1998.0,2006.0,1995.0
2016104741,ミスマリア,牝,栗田徹,,ハーツクライ,2001103038,カレドニアレディ,000a013eb4,Firebreak,000a01031a,山口功一郎,ノーザンファーム,"2,601.4",2001.0,2009.0,1999.0
2016109099,テイエムノサッタ,牝,平山宏秀,,パイロ,000a01176a,テイエムノキセキ,2005104755,フジキセキ,1992109618,竹園正繼,テイエム牧場,"2,596.2",2005.0,2005.0,1992.0
2016104881,アンブロークン,牡,手塚貴久,,ヴィクトワールピサ,2007102923,リップスポイズン,000a011d98,Mamool,000a011cde,馬場幸夫,ノーザンファーム,"2,595.7",2007.0,2008.0,1999.0
2016106469,エイシンボールディ,牡,三野宮通,,グランプリボス,2008103388,エイシンサンバレー,2002102697,エイシンワシントン,1991109929,（株）アプエンテ,栄進牧場,"2,587.2",2008.0,2002.0,1991.0
2016109007,メイオール,牝,岩戸孝樹,,オルフェーヴル,2008102636,メイシャイン,2007103217,シンボリクリスエス,1999110099,千明牧場,千明牧場,"2,585.0",2008.0,2007.0,1999.0
2016104685,ノーブルワークス,牝,吉田直弘,,ワークフォース,000a011a7f,ローズノーブル,2009106088,ディープインパクト,2002100816,キャロットファーム,ノーザンファーム,"2,568.3",2007.0,2009.0,2002.0
2016102143,メイショウオニテ,牡,永島太郎,,キンシャサノキセキ,2003110212,エリモパンサー,2007110076,Forest Wildcat,000a0021d8,松本好隆,まるとみ冨岡牧場,"2,568.1",2003.0,2007.0,1991.0
2016103003,マルパソ,牝,鈴木義久,,フィガロ,1995108837,アルビアン,2004110231,Cozzene,000a001bda,小沼一成,サンシャイン牧場,"2,562.1",1995.0,2004.0,1980.0
2016104852,マハーラーニー,牝,坂本和也,,ロードカナロア,2008103552,マハービスタ,2009106348,ディープインパクト,2002100816,（同）ランニング・ク,ノーザンファーム,"2,561.0",2008.0,2009.0,2002.0
2016103953,アイアムピッカピカ,牝,奥平雅士,,ロードカナロア,2008103552,アイアムカミノマゴ,2006102871,アグネスタキオン,1998101516,堀紘一,高昭牧場,"2,561.0",2008.0,2006.0,1998.0
2016104735,リープリングスター,セ,高野毅,,ゴールドアリュール,1999106689,オールザウェイベイビー,000a010fb1,Grand Slam,000a0022b9,保坂和孝,ノーザンファーム,"2,560.5",1999.0,2000.0,1995.0
2016103872,ジューンバラード,牝,鈴木慎太,,ドリームジャーニー,2004102753,エアベルヘザー,2007110077,エンパイアメーカー,000a010542,吉川潤,稲原牧場,"2,558.2",2004.0,2007.0,2000.0
2016104066,スズカクローカス,牝,杉山佳明,,スズカフェニックス,2002107011,サワヤカラスカル,2005101771,ラスカルスズカ,1996103387,永井宏明,新井牧場,"2,553.8",2002.0,2005.0,1996.0
2016103754,メイショウオオタカ,牡,藤沢則雄,,メイショウサムソン,2003102205,エポレット,2000101505,リアルシャダイ,000a0002a6,松本好雄,ヤナガワ牧場,"2,553.5",2003.0,2000.0,1979.0
2016104864,フィルムフェスト,牝,尾関知人,,スクリーンヒーロー,2004103328,ユールフェスト,2009110091,More Than Ready,000a00fcdd,キャロットファーム,社台コーポレーション白老ファーム,"2,552.0",2004.0,2009.0,1997.0
2016105011,ペルソナデザイン,セ,森山英雄,,ハーツクライ,2001103038,コマーサント,000a010abf,Marchand de Sable,000a0109d0,西岡透,社台ファーム,"2,550.6",2001.0,2000.0,1990.0
2016103767,サンライズアキレス,牡,新谷功一,,エンパイアメーカー,000a010542,ブラボーデイジー,2005103851,クロフネ,1998110135,松岡隆雄,ヤナガワ牧場,"2,548.0",2000.0,2005.0,1998.0
2016103028,ウイニングメイビー,牡,東眞市,,カジノドライヴ,2005110112,ジョセフィーヌ,1999101348,エルハーブ,000a000d7f,井上久光,サンバマウンテンファーム,"2,547.4",2005.0,1999.0,1991.0
2016102978,フクノナルボンヌ,牝,藤原辰雄,,ディープブリランテ,2009105084,ピントゥハティ,2009102293,アドマイヤムーン,2003102991,福島祐子,ケイズ,"2,540.2",2009.0,2009.0,2003.0
2016103188,カグラヒメ,牝,鈴木慎太,,マンハッタンカフェ,1998101554,カグラ,000a011de8,Vindication,000a010544,ノルマンディーサラブレッドレーシング,シンボリ牧場,"2,536.0",1998.0,2008.0,2000.0
2016104820,スイートセント,牝,栗田徹,,ワークフォース,000a011a7f,ヒカルアマランサス,2006103241,アグネスタキオン,1998101516,シルクレーシング,ノーザンファーム,"2,535.6",2007.0,2006.0,1998.0
2016100472,ザプリオレス,牡,中西達也,,トゥザグローリー,2007103265,テンザンジョイ,2003103992,マイネルラヴ,1995108558,上岡和男,中地義次,"2,534.2",2007.0,2003.0,1995.0
2016104673,レッドベレーザ,牝,伊坂重信,,ディープインパクト,2002100816,レッドメデューサ,2009110039,Mr. Greeley,000a00213e,東京ホースレーシング,ノーザンファーム,"2,528.6",2002.0,2009.0,1992.0
2016103885,アマデウス,牡,山田義人,,キンシャサノキセキ,2003110212,ブライティアピア,2006106256,キングヘイロー,1995104427,成富直行,川向高橋育成牧場,"2,527.6",2003.0,2006.0,1995.0
2016104479,ダルヴァザ,牡,内田勝義,,ベルシャザール,2008103004,ササファイヤー,000a00fe50,Saint Ballado,000a00212e,キャロットファーム,ノーザンファーム,"2,520.6",2008.0,1999.0,1989.0
2016105457,サンディレクション,牡,宗石大,,ジャスタウェイ,2009106461,ヴンダーゾンネ,2006100745,グラスワンダー,1995108676,山邉浩,岡田スタッド,"2,519.1",2009.0,2006.0,1995.0
2016104456,ジャカランダシティ,牡,牧浦充徳,,ヨハネスブルグ,000a0103b9,クラヴェジーナ,2009106369,アグネスタキオン,1998101516,吉田勝己,ノーザンファーム,"2,516.4",1999.0,2009.0,1998.0
2016110051,スマートドレイク,牡,工藤真司,,Distorted Humor,000a0022ea,Lookalike,000a013bd1,Dynaformer,000a001dd9,徳田直樹,Anderson Farms Ont. Inc. Rod Ferguson Farms Ltd & Donald Ferguson,"2,515.0",1993.0,2005.0,1985.0
2016100418,シンゼンブースター,セ,飯田祐史,,オルフェーヴル,2008102636,ジーエスレインボー,2001106110,トーヨーレインボー,1994109681,原司郎,大作ステーブル,"2,514.0",2008.0,2001.0,1994.0
2016110049,ボストンテソーロ,牝,田中博康,,Temple City,000a012a6a,Spirited Away,000a013bcd,Awesome Again,000a0021cb,了徳寺健二ホールディングス,Spendthrift Farm LLC,"2,510.0",2005.0,2004.0,1994.0
2016102571,フェブタイズ,牡,大島静夫,,カジノドライヴ,2005110112,ヒシマンハッタン,2009101213,マンハッタンカフェ,1998101554,釘田義広,中村雅明,"2,509.6",2005.0,2009.0,1998.0
2016106082,マイコート,牡,池田忠好,,ロジユニヴァース,2006103140,エリザベスサクラ,2005100733,アラムシャー,000a00fdab,小林克己,鳥谷勝彦,"2,507.9",2006.0,2005.0,2000.0
2016110095,ワールドイズマイン,牝,金成貴史,,Elusive Quality,000a00231f,Media Madness,000a013c9c,エンパイアメーカー,000a010542,レッドマジック,R. M. J. Stables LLC,"2,505.0",1993.0,2007.0,2000.0
2016100749,シークザトゥルース,牝,林隆之,,タイムパラドックス,1998101683,マイネフェリックス,2007104909,アグネスデジタル,1997110025,ＳＲＥ（同）,ビッグレッドファーム,"2,500.5",1998.0,2007.0,1997.0
2016101838,プライム,セ,坂口智康,,ダイワメジャー,2001103114,シエルルージュ,000a011a95,Red Ransom,000a001c68,カナヤマホールディングス,酒井牧場,"2,500.0",2001.0,2006.0,1987.0
2016102353,マイネルプリサイス,牡,鋤田誠二,,プリサイスエンド,000a00fe9b,ザミル,000a00fecc,Horatius,000a002037,岡田龍太郎,上山牧場,"2,494.6",1997.0,1998.0,1975.0
2016102590,スーパージンガ,牝,渡辺博文,,バンブーエール,2003104100,ヴィカバンブー,2011103330,アドマイヤムーン,2003102991,原大栄,バンブー牧場,"2,482.7",2003.0,2011.0,2003.0
2016110056,ファインスティール,牝,吉岡辰弥,,シャンハイボビー,000a0127e4,Steel Courage,000a013bdf,El Corredor,000a010238,岡田牧雄,Wynnstay LLC Greg Baer & Deann Baer,"2,481.9",2010.0,2007.0,1997.0
2016101907,プリミエラムール,牝,田島俊明,,ダンカーク,000a012185,ユメノオーラ,2003102024,マイネルラヴ,1995108558,ライオンレースホース,田中スタッド,"2,481.3",2006.0,2003.0,1995.0
2016102640,エアースピーダー,牡,中川雅之,,プリサイスエンド,000a00fe9b,シャイニングサヤカ,2007102278,キングヘイロー,1995104427,野川貴人,伏木田牧場,"2,480.5",1997.0,2007.0,1995.0
2016100273,グレルグリーン,牡,相沢郁,,ヴァーミリアン,2002100877,ウメノファイバー,1996101247,サクラユタカオー,1982101222,斎藤光政,斉藤安行,"2,479.4",2002.0,1996.0,1982.0
2016102174,タマノジュメイラ,牝,伊藤大士,,ダンカーク,000a012185,パーソナルブレーン,2006102301,マンハッタンカフェ,1998101554,玉腰勇吉,三嶋牧場,"2,470.0",2006.0,2006.0,1998.0
2016100621,イグナーツ,牡,堀千亜樹,,ディープインパクト,2002100816,ラフアウェイ,2008104815,タイキシャトル,1994109686,前田晋二,ノースヒルズ,"2,466.0",2002.0,2008.0,1994.0
2016100912,オーパキャマラード,牝,本田優,,ダンカーク,000a012185,クロワラモー,2007105062,スペシャルウィーク,1995103211,ターフ・スポート,村田牧場,"2,464.0",2006.0,2007.0,1995.0
2016100242,ウインアイルビータ,牝,田中剛,,アイルハヴアナザー,000a011ed3,コスモマーベラス,2002101336,フジキセキ,1992109618,ウイン,コスモヴューファーム,"2,462.9",2009.0,2002.0,1992.0
2016104344,カイザースクルーン,セ,相沢郁,,ルーラーシップ,2007103143,アイスフォーリス,2009106558,ステイゴールド,1994108729,サンデーレーシング,社台コーポレーション白老ファーム,"2,456.2",2007.0,2009.0,1994.0
2016100419,コパノカーリング,牡,村山明,,ゴールドヘイロー,1997101264,センターアンジェロ,2000103029,オペラハウス,000a000d77,小林祥晃,大作ステーブル,"2,455.3",1997.0,2000.0,1988.0
2016101707,メスキータ,牡,今津博之,,ブラックタイド,2001103312,アンダルシア,2007101337,アルカセット,2000190010,斉藤三寛,大柳ファーム,"2,455.0",2001.0,2007.0,2000.0
2016103258,クリー,牡,盛本信春,,ショウナンカンプ,1998102595,スマイルジュノ,2008105716,ステイゴールド,1994108729,坂東まさ子,滝本健二,"2,449.3",1998.0,2008.0,1994.0
2016100401,エリンアクトレス,牝,大宮和也,,スクリーンヒーロー,2004103328,エリンズハープ,2009105751,ネオユニヴァース,2000101426,田頭勇貴,大栄牧場,"2,447.0",2004.0,2009.0,2000.0
2016104363,パラレルキャリア,牝,加藤征弘,,シンボリクリスエス,1999110099,シュペリユール,2000101405,サンデーサイレンス,000a00033a,社台レースホース,社台コーポレーション白老ファーム,"2,444.0",1999.0,2000.0,1986.0
2016101292,ポルーニン,牡,戸田博文,,フレンチデピュティ,000a00013a,モルトフェリーチェ,2009106047,ディープインパクト,2002100816,吉澤克己,中田英樹,"2,441.6",1992.0,2009.0,2002.0
2016102502,シビックヴァーゴ,牡,米田英世,,バゴ,2001190004,ダイワエタニティー,2008102906,ジャングルポケット,1998101786,国枝久美子,大北牧場,"2,437.5",2001.0,2008.0,1998.0
2016105875,ハイオソラール,牡,木原一良,,ルーラーシップ,2007103143,ブリスクウェザー,2003102758,クロフネ,1998110135,名古屋友豊,高橋修,"2,435.0",2007.0,2003.0,1998.0
2016104971,オメガハートクィン,牝,松永幹夫,,キングカメハメハ,2001103460,オメガハートランド,2009105758,アグネスタキオン,1998101516,原禮子,社台ファーム,"2,435.0",2001.0,2009.0,1998.0
2016103867,フォルデュラン,牡,工藤裕孝,,スマートファルコン,2005100097,ツルマルダンサー,1999101566,エルハーブ,000a000d7f,八嶋長久,赤石牧場,"2,426.9",2005.0,1999.0,1991.0
2016100738,アナザークイーン,牝,木村暁,,アイルハヴアナザー,000a011ed3,マイネクイーン,2008104036,アグネスタキオン,1998101516,谷謙介,ビッグレッドファーム,"2,425.5",2009.0,2008.0,1998.0
2016104698,ゲンティアナ,牝,松永幹夫,,ディープインパクト,2002100816,アゼリ,000a0117a2,ジェイドハンター,000a0001a6,吉田勝己,ノーザンファーム,"2,425.1",2002.0,1998.0,1984.0
2016105553,ブリングイットオン,牝,宮徹,,キンシャサノキセキ,2003110212,ゴーファイトウィン,2003102678,エンドスウィープ,000a00010f,サラブレッドクラブ・ラフィアン,岡田牧場,"2,420.0",2003.0,2003.0,1991.0
2016100689,エンジェルカナ,牝,高橋祥泰,,トーセンホマレボシ,2009106092,ゲイリーピクシー,1998104954,Rahy,000a001c5e,ブルースターズファーム,ビッグレッドファーム,"2,420.0",2009.0,1998.0,1985.0
2016104908,ポップフランセ,牡,小林真也,,フレンチデピュティ,000a00013a,アムールポエジー,2010103852,ネオユニヴァース,2000101426,吉田照哉,社台ファーム,"2,415.7",1992.0,2010.0,2000.0
2016102309,レオズハウライト,牡,山下貴之,,バトルプラン,000a0118e8,ネオカーニバル,2006105743,ネオユニヴァース,2000101426,市村義和,大島牧場,"2,415.5",2005.0,2006.0,2000.0
2016103306,アゴベイ,牝,尾関知人,,ハーツクライ,2001103038,コージーベイ,000a0116f2,Storm Cat,000a001a98,ゴドルフィン,ダーレー・ジャパン・ファーム,"2,414.3",2001.0,2005.0,1983.0
2016101880,メイショウカササギ,牝,木原一良,,ベーカバド,000a011dc0,フラワーガイア,2007101563,ゼンノロブロイ,2000101517,松本好雄,太陽牧場,"2,414.0",2007.0,2007.0,2000.0
2016103297,ノヴェッラ,牝,宮田敬介,,ノヴェリスト,000a012230,ヴァレッタ,000a011a1b,Cape Cross,000a0022ae,ゴドルフィン,ダーレー・ジャパン・ファーム,"2,405.7",2009.0,2006.0,1994.0
2016101315,ブルベアカーキ,牡,五十嵐忠,,ベルシャザール,2008103004,メデタイメデタイ,2006106434,クロフネ,1998110135,森中蕃,沼田照秋,"2,405.5",2008.0,2006.0,1998.0
2016106291,ナンヨーオボロヅキ,牝,平山真希,,キンシャサノキセキ,2003110212,モデルウォーク,2008100593,キングカメハメハ,2001103460,堀口晴男,へいはた牧場,"2,402.5",2003.0,2008.0,2001.0
2016103848,トーセンボルガ,牡,古賀史生,,トーセンモナーク,2005102391,トーセンモアムード,2007103369,Mineshaft,000a010545,島川隆哉,エスティファーム,"2,401.0",2005.0,2007.0,1999.0
2016103989,メイショウジザイ,牡,和田勇介,,メイショウサムソン,2003102205,ホーマンソレイユ,2001103844,サンデーサイレンス,000a00033a,松本好雄,びらとり牧場,"2,398.0",2003.0,2001.0,1986.0
2016103647,ジョガールボニート,牡,山崎尋美,,ベルシャザール,2008103004,ウイッチ,2003106793,グラスワンダー,1995108676,高瀬真尚,本間牧場,"2,392.0",2008.0,2003.0,1995.0
2016102618,カフジストーム,牡,湯窪幸雄,,ヘニーヒューズ,000a011155,テイクザケイク,1999105801,スキャン,000a000d69,加藤守,ヒダカファーム,"2,392.0",2003.0,1999.0,1988.0
2016106305,シルバークレイン,牝,羽月友彦,,クロフネ,1998110135,アンティフリーズ,2007101028,タップダンスシチー,1997110043,山上和良,前谷武志,"2,390.6",1998.0,2007.0,1997.0
2016102617,ウィンターリリー,牝,川添明弘,,スウェプトオーヴァーボード,000a00fa34,チャプレット,2011103343,ゼンノロブロイ,2000101517,田頭勇貴,ヒダカファーム,"2,390.5",1997.0,2011.0,2000.0
2016102103,イチゴミルフィーユ,牝,高野毅,,ヨハネスブルグ,000a0103b9,ホシノメガミ,2000102361,サンデーサイレンス,000a00033a,保坂和孝,林孝輝,"2,376.0",1999.0,2000.0,1986.0
2016104641,シーオブザムーン,牝,金成貴史,,ブラックタイド,2001103312,ムーンフェイズ,2001103298,エリシオ,1993190001,サンデーレーシング,ノーザンファーム,"2,373.6",2001.0,2001.0,1993.0
2016105716,サーストンバーラム,牡,阿井正雄,,サウスヴィグラス,1996110138,マツリバヤシ,2008100256,スマートボーイ,1995100385,ＫＡＪＩＭＯＴＯホールディングス,グランド牧場,"2,372.2",1996.0,2008.0,1995.0
2016102109,メイショウオウギ,牝,石橋守,,ダンカーク,000a012185,マミモナ,2007101738,ダンスインザダーク,1993109188,松本好雄,日の出牧場,"2,370.6",2006.0,2007.0,1993.0
2016103172,ブレイクフリー,牝,角田輝也,,ヴァーミリアン,2002100877,エムワイスカレット,2006101113,フレンチデピュティ,000a00013a,（有）新生ファーム,新生ファーム,"2,366.3",2002.0,2006.0,1992.0
2016103741,エムオータイショウ,牡,佐藤茂,,スウェプトオーヴァーボード,000a00fa34,エムオーミラクル,2004106372,タヤスツヨシ,1992109612,田中竜雄,門別牧場,"2,363.1",1997.0,2004.0,1992.0
2016106424,ラブミーファイン,牝,田所秀孝,,ジャスタウェイ,2009106461,ヤマノラヴ,2008105732,アグネスデジタル,1997110025,小林祥晃,チャンピオンズファーム,"2,356.2",2009.0,2008.0,1997.0
2016104241,ポリアンサ,牝,木村哲也,,ハービンジャー,000a011996,メジロルルド,2002100396,サンデーサイレンス,000a00033a,佐藤壽男,レイクヴィラファーム,"2,354.2",2006.0,2002.0,1986.0
2016100610,カーブドシール,牡,浜田多実,,クロフネ,1998110135,ハギノルチェーレ,2004100685,ダンスインザダーク,1993109188,前田幸治,ノースヒルズ,"2,354.0",1998.0,2004.0,1993.0
2016104736,グラディーヴァ,牝,角居勝彦,,ハービンジャー,000a011996,カノーロ,2011103936,ディープインパクト,2002100816,近藤英子,ノーザンファーム,"2,353.1",2006.0,2011.0,2002.0
2016103314,ハーシェル,牡,三坂盛雄,,ハーツクライ,2001103038,シルヴァンソング,000a0127ec,Street Cry,000a0103ba,鈴木雅俊,ダーレー・ジャパン・ファーム,"2,351.5",2001.0,2009.0,1998.0
2016102603,ロンギングルック,牝,金田一昌,,グランプリボス,2008103388,ブリトン,2002104080,サクラローレル,1991103498,飛彈共栄,バンブー牧場,"2,351.2",2008.0,2002.0,1991.0
2016100207,カモンスプリング,牡,川村禎彦,,ヘニーヒューズ,000a011155,イナズマアマリリス,2006104345,スエヒロコマンダー,1995104468,石川博,小泉牧場,"2,342.0",2003.0,2006.0,1995.0
2016103099,カンパーニャ,牡,畠山吉宏,,ジャングルポケット,1998101786,ピエモンテ,2009102487,フジキセキ,1992109618,村野康司,下河辺牧場,"2,340.3",1998.0,2009.0,1992.0
2016103169,リリコ,牝,田中一巧,,フリオーソ,2004106867,ボーディシア,2012101530,パイロ,000a01176a,森本拓嗣,白瀬盛雄,"2,337.2",2004.0,2012.0,2005.0
2016105531,クリスタルアワード,牝,山越光,,アグネスデジタル,1997110025,ルーシーショー,2005102573,フジキセキ,1992109618,ノルマンディーサラブレッドレーシング,岡田スタッド,"2,335.0",1997.0,2005.0,1992.0
2016104373,アグリューム,牝,武井亮,,ノヴェリスト,000a012230,ドルチェリモーネ,2001103289,サンデーサイレンス,000a00033a,キャロットファーム,社台コーポレーション白老ファーム,"2,335.0",2009.0,2001.0,1986.0
2016103175,イコライザー,牡,田口輝彦,,カネヒキリ,2002100978,シャンハイロック,2008105674,ロックオブジブラルタル,000a00fd4c,（有）新生ファーム,新生ファーム,"2,335.0",2002.0,2008.0,1999.0
2016101889,スタークォーツ,牝,桜田康二,,メイショウボーラー,2001100650,レイズアトウショウ,2002104960,アドマイヤベガ,1996107396,南條浩輝,高野牧場,"2,333.4",2001.0,2002.0,1996.0
2016105723,ボヘミアラプソディ,牡,真島元徳,,ベルシャザール,2008103004,レディサマンサ,2012102862,ディープインパクト,2002100816,三岡陽,グランド牧場,"2,327.7",2008.0,2012.0,2002.0
2016100641,カズノイケヅキ,牝,佐野謙二,,サウスヴィグラス,1996110138,サイレンスデザート,2004101349,マンハッタンカフェ,1998101554,鈴木可一,ハシモトファーム,"2,327.0",1996.0,2004.0,1998.0
2016102611,ジューンシルフィア,牝,松下武士,,タイキシャトル,1994109686,オールブランニュー,2006100570,ノボジャック,1997110152,吉川潤,ヒダカファーム,"2,325.0",1994.0,2006.0,1997.0
2016106190,フエ,牡,岩本洋,,キングヘイロー,1995104427,キョウワルシエル,2007104305,シンボリクリスエス,1999110099,大久保和夫,原ファーム,"2,320.3",1995.0,2007.0,1999.0
2016104526,トロシュナ,牝,大竹正博,,スクリーンヒーロー,2004103328,スーヴェニアギフト,000a010ac6,Souvenir Copy,000a00fc4e,サンデーレーシング,ノーザンファーム,"2,320.0",2004.0,2002.0,1995.0
2016106594,キングリスティア,セ,河内洋,,ベルシャザール,2008103004,リスティアアスリー,2001101659,スピニングワールド,000a000325,廣崎利洋,川上牧場,"2,316.0",2008.0,2001.0,1993.0
2016100051,ブラックアウト,牡,南弘樹,,トランセンド,2006104736,エプソムメサイア,2003102859,エルコンドルパサー,1995108742,仲辻正貴,安達洋生,"2,311.4",2006.0,2003.0,1995.0
2016104967,オメガドーヴィル,牝,高柳瑞樹,,キングカメハメハ,2001103460,オメガインベガス,2010103917,スペシャルウィーク,1995103211,原禮子,社台ファーム,"2,311.0",2001.0,2010.0,1995.0
2016104064,コマノバルーガ,牡,庄野靖志,,キンシャサノキセキ,2003110212,コマノリリー,2011102370,キングカメハメハ,2001103460,長谷川芳信,新井牧場,"2,310.0",2003.0,2011.0,2001.0
2016104876,タイセイビルダー,牡,佐藤雅彦,,ヘニーヒューズ,000a011155,ラフィカ,1998101740,サンデーサイレンス,000a00033a,相馬哲夫,ノーザンファーム,"2,308.3",2003.0,1998.0,1986.0
2016106237,フラッフィーベア,牝,田中清隆,,ナカヤマフェスタ,2006102424,ダイヤモンドギフト,2008100867,ブライアンズタイム,000a000082,フジワラ・ファーム,フジワラファーム,"2,306.0",2006.0,2008.0,1985.0
2016104464,イベリスリーフ,牝,中舘英二,,ヘニーヒューズ,000a011155,クローバーリーフ,2008103376,タニノギムレット,1999100226,サンデーレーシング,ノーザンファーム,"2,306.0",2003.0,2008.0,1999.0
2016102736,アンタエウス,牡,川西毅,,ヨハネスブルグ,000a0103b9,ドリーボヌール,2010103840,ディープインパクト,2002100816,石井輝昭,ディアレストクラブ,"2,305.9",1999.0,2010.0,2002.0
2016104477,グレイスアン,牝,斎藤誠,,ディープブリランテ,2009105084,ケイティーズベスト,2005102517,ファルブラヴ,1998190004,ＴＵＲＦレーシング,ノーザンファーム,"2,294.2",2009.0,2005.0,1998.0
2016110048,スポーカンテソーロ,牝,加藤士津,,Scat Daddy,000a0114fe,Nimue,000a013bcb,Speightstown,000a011200,了徳寺健二ホールディングス,Summerhill Farm,"2,292.0",2004.0,2007.0,1998.0
2016104625,バイキングクラップ,牡,宮田敬介,,ハーツクライ,2001103038,マジックストーム,000a01116e,Storm Cat,000a001a98,サンデーレーシング,ノーザンファーム,"2,289.9",2001.0,1999.0,1983.0
2016101105,ヒロノセンキン,セ,佐々木国,,ベルシャザール,2008103004,ベルクラシック,1996107132,A.P. Indy,000a001d37,福原聡,片山牧場,"2,285.0",2008.0,1996.0,1989.0
2016110037,パリテソーロ,牝,加藤和宏,,デクラレーションオブウォー,000a0136f6,Patricias Prospect,000a013adf,A.P. Indy,000a001d37,了徳寺健二ホールディングス,A. Bayle C. Bigheart S. Gross et al,"2,275.0",2009.0,2005.0,1989.0
2016104299,スリーヴリーグ,牡,野口寛仁,,タートルボウル,000a012045,トランドネージュ,2009106570,ダイワメジャー,2001103114,山田康,追分ファーム,"2,273.5",2002.0,2009.0,2001.0
2016109096,フクノワイルド,牡,上村洋行,,エスポワールシチー,2005102837,ローレルアイ,2000109419,フサイチコンコルド,1993109220,佐藤範夫,ワールドファーム,"2,270.0",2005.0,2000.0,1993.0
2016102198,ダノンバリアント,牡,高野友和,,ディープインパクト,2002100816,リップルスメイド,000a01251c,Dansili,000a010a5f,ダノックス,三嶋牧場,"2,270.0",2002.0,2003.0,1996.0
2016102450,アルマスティング,セ,大島静夫,,ヴィクトワールピサ,2007102923,キャメロンガール,2001110168,With Approval,000a001c5f,組）リノレーシング,小島牧場,"2,269.8",2007.0,2001.0,1986.0
2016110154,エヴァキュアン,牡,中竹和也,,Street Boss,000a0116a2,Ever So,000a013f7b,Medaglia d'Oro,000a010a65,加藤誠,Godolphin,"2,267.6",2004.0,2008.0,1999.0
2016100865,ラブミーリッキー,牝,角川秀樹,,サウスヴィグラス,1996110138,ベラドンナジュリア,2007105019,ゼンノロブロイ,2000101517,新三宅（株）,村上欽哉,"2,267.6",1996.0,2007.0,2000.0
2016106191,ブルーローズ,牝,佐々木由,,タイムパラドックス,1998101683,ケイウンブルーム,2005100847,ジョリーズヘイロー,000a0001aa,前田敏文,原ファーム,"2,265.6",1998.0,2005.0,1987.0
2016101643,アンクレットハート,牝,石川浩文,,フサイチセブン,2006101225,サマーティアラ,2008104681,マンハッタンカフェ,1998101554,藤木隆之,浦河日成牧場,"2,265.6",2006.0,2008.0,1998.0
2016102909,ストレートパンチ,牡,成田明,,メジロダイボサツ,2008102525,スズオリヅル,2007103483,フサイチコンコルド,1993109220,諸岡慶,北田剛,"2,264.0",2008.0,2007.0,1993.0
2016103977,マリター,牡,盛本信春,,デスペラード,2008100484,ヤマトマリオン,2003104871,オペラハウス,000a000d77,坂東まさ子,坂東牧場,"2,262.0",2008.0,2003.0,1988.0
2016102697,サニークラウド,牡,宇野木博,,ゴールドアリュール,1999106689,ワインレッド,2007102335,A.P. Indy,000a001d37,鶴見恵理,吉田ファーム,"2,260.6",1999.0,2007.0,1989.0
2016102223,ジュウワンマックス,牡,宮路洋一,,ダノンシャンティ,2007105709,クレバースランチェ,2010110079,Duke of Marmalade,000a011773,（同）ＪＰＮ技研,ミリオンファーム,"2,260.2",2007.0,2010.0,2004.0
2016101404,マイネルモーディグ,牡,山田義人,,ローズキングダム,2007103404,ケージーヒトメボレ,2009104474,ジャングルポケット,1998101786,成富直行,松本牧場,"2,253.1",2007.0,2009.0,1998.0
2016104818,フィリアーノ,牡,菅原欣也,,ルーラーシップ,2007103143,パシフィックギャル,2011103737,ゼンノロブロイ,2000101517,（同）ＪＰＮ技研,ノーザンファーム,"2,248.8",2007.0,2011.0,2000.0
2016105515,ホウオウビクトリー,牡,山元博徳,,ヴィクトワールピサ,2007102923,フサイチリニモ,2004102959,ジャングルポケット,1998101786,（株）ファーストビジ,岡田スタッド,"2,245.9",2007.0,2004.0,1998.0
2016101885,メイショウオトワ,牝,飯田祐史,,クレスコグランド,2008103013,メイショウヒミコ,2003105798,Elusive Quality,000a00231f,松本好雄,太陽牧場,"2,240.0",2008.0,2003.0,1993.0
2016106501,アミュリオン,牡,藤原辰雄,,タイムパラドックス,1998101683,エーシンチェロキー,2008101269,ディープインパクト,2002100816,吉澤ホールディングス,栄進牧場,"2,238.0",1998.0,2008.0,2002.0
2016104717,マジストラル,牡,荒井朋弘,,ハービンジャー,000a011996,アンブロワーズ,2002101007,フレンチデピュティ,000a00013a,清水義徳,ノーザンファーム,"2,237.0",2006.0,2002.0,1992.0
2016104393,アマネセール,セ,加藤和宏,,エイシンフラッシュ,2007102951,アウトオブザウィム,2000101679,サンデーサイレンス,000a00033a,（株）ファーストビジ,ノーザンファーム,"2,220.2",2007.0,2000.0,1986.0
2016101159,デュアラブル,牝,中内田充,,Curlin,000a011734,ハリケーンフラッグ,000a012f10,Storm Cat,000a001a98,ロードホースクラブ,ケイアイファーム,"2,220.0",2004.0,2007.0,1983.0
2016103524,トランスポーター,牡,戸田博文,,トーセンジョーダン,2006103169,マリアンヌカフェ,2006106918,マンハッタンカフェ,1998101554,安原浩司,春木ファーム,"2,216.0",2006.0,2006.0,1998.0
2016104233,アルファライズ,牝,安田隆行,,エイシンフラッシュ,2007102951,メジロトンキニーズ,2002100389,ダンスインザダーク,1993109188,松岡隆雄,レイクヴィラファーム,"2,212.9",2007.0,2002.0,1993.0
2016105432,ダンサーバローズ,牡,森下淳平,,オルフェーヴル,2008102636,ウエスタンダンサー,2004105048,デヒア,000a0000df,猪熊広次,ウエスタンファーム,"2,211.9",2008.0,2004.0,1991.0
2016105853,ガンファイター,牡,藤原智行,,エスポワールシチー,2005102837,ルーベラ,1999107091,Crafty Prospector,000a00193b,加藤鈴幸,曾我博,"2,211.0",2005.0,1999.0,1979.0
2016103757,コパノケネディー,牡,宮徹,,アイルハヴアナザー,000a011ed3,グッデーコパ,2006106744,マンハッタンカフェ,1998101554,小林祥晃,ヤナガワ牧場,"2,210.0",2009.0,2006.0,1998.0
2016103717,ブラッディムーン,牝,上村洋行,,アドマイヤムーン,2003102991,イリデ,2008110111,Indian Charlie,000a00fcd8,藤田孟司,モリナガファーム,"2,210.0",2003.0,2008.0,1995.0
2016102227,ティボリドライヴ,牝,石坂公一,,カジノドライヴ,2005110112,ティボリペガサス,2007101342,サンライズペガサス,1998106718,松岡隆雄,ミリオンファーム,"2,205.0",2005.0,2007.0,1998.0
2016103091,クラウドスケープ,牡,村田一誠,,ブラックタイド,2001103312,バイザキャット,000a010e97,Storm Cat,000a001a98,下河辺俊行,下河辺牧場,"2,202.0",2001.0,1995.0,1983.0
2016103499,グレートベースン,牡,佐藤博紀,,ハービンジャー,000a011996,ツルマルオジョウ,2004106033,ダンスインザダーク,1993109188,西村健,浜本牧場,"2,201.0",2006.0,2004.0,1993.0
2016106596,シュッドヴァデル,牡,飯田弘道,,トーセンホマレボシ,2009106092,エイシンパンジー,2000100011,トニービン,1983109006,遠藤喜和,マリオステーブル,"2,198.7",2009.0,2000.0,1983.0
2016102761,キングバイデン,牡,辻野豊,,フレンチデピュティ,000a00013a,コパノベンザイテン,2004106982,アドマイヤベガ,1996107396,大久保和夫,厚賀古川牧場,"2,198.0",1992.0,2004.0,1996.0
2016105687,レディマドンナ,牝,角居勝彦,,Distorted Humor,000a0022ea,ドリームライター,000a012f82,Tale of the Cat,000a002276,グランド牧場,グランド牧場,"2,195.1",1993.0,2009.0,1994.0
2016103713,モズベイビー,牡,斎藤雄一,,グランプリボス,2008103388,バーレーヘッズ,2008100252,スペシャルウィーク,1995103211,浦野和由,目黒牧場,"2,193.8",2008.0,2008.0,1995.0
2016102392,ケンガイア,牝,新井清重,,トランセンド,2006104736,システーナブルー,2008104458,ゼンノロブロイ,2000101517,中西宏彰,ケンブリッジバレー,"2,193.0",2006.0,2008.0,2000.0
2016103788,ダイメイサツキ,セ,森田直行,,サウスヴィグラス,1996110138,ダイメイダーク,2007104165,ダンスインザダーク,1993109188,宮本昇,横井哲,"2,190.0",1996.0,2007.0,1993.0
2016103261,マーマレードガール,牝,高橋祥泰,,タイキシャトル,1994109686,ミスマーマレード,2001103144,ダンスインザダーク,1993109188,ビッグレッドファーム,滝本健二,"2,185.1",1994.0,2001.0,1993.0
2016104692,アラゴネーゼ,牝,和田正一,,ゴールドアリュール,1999106689,アイランドファッション,2000190003,Petionville,000a0021de,Ｇ１レーシング,ノーザンファーム,"2,180.0",1999.0,2000.0,1992.0
2016104559,ノワールムーティエ,牡,細川忠義,,ブラックタイド,2001103312,ニューグランジ,2002100869,Giant's Causeway,000a0022e1,酒井孝敏,ノーザンファーム,"2,173.2",2001.0,2002.0,1997.0
2016101561,グーテンモルゲン,牡,牧田和弥,,メイショウボーラー,2001100650,セイントリーフ,1998105285,タヤスツヨシ,1992109612,薪浦亨,清水スタッド,"2,171.0",2001.0,1998.0,1992.0
2016102446,ワンダーヘイルネス,セ,雑賀正光,,キンシャサノキセキ,2003110212,ルスナイクリスティ,1998103463,リンドシェーバー,1988107894,山本能成,高昭牧場,"2,168.6",2003.0,1998.0,1988.0
2016102431,ノボシュンシュン,牝,山崎裕也,,ノボジャック,1997110152,ノボプレシャス,2009101099,ゴールドアリュール,1999106689,渡辺孝祐,高昭牧場,"2,168.4",1997.0,2009.0,1999.0
2016100718,マイネルアプラウス,牡,青木孝文,,アイルハヴアナザー,000a011ed3,ファインビンテージ,2003102825,ダンスインザダーク,1993109188,サラブレッドクラブ・ラフィアン,ビッグレッドファーム,"2,165.0",2009.0,2003.0,1993.0
2016104745,キラープレゼンス,牝,高野友和,,ハーツクライ,2001103038,キラーグレイシス,000a01205f,Congaree,000a011591,サンデーレーシング,ノーザンファーム,"2,163.3",2001.0,2009.0,1998.0
2016104221,トロハ,牝,塚田隆男,,ワークフォース,000a011a7f,サルスエラ,2005102611,マンハッタンカフェ,1998101554,橋元勇氣,レイクヴィラファーム,"2,162.8",2007.0,2005.0,1998.0
2016104345,ベルヴォワ,牝,林徹,,ディープインパクト,2002100816,アルーリングボイス,2003102704,フレンチデピュティ,000a00013a,Ｇ１レーシング,社台コーポレーション白老ファーム,"2,162.4",2002.0,2003.0,1992.0
2016104265,グラナタス,セ,工藤真司,,ロードカナロア,2008103552,ガーネットチャーム,2009106579,ファルブラヴ,1998190004,上岡和男,追分ファーム,"2,161.5",2008.0,2009.0,1998.0
2016105038,シトラスノキセキ,牝,加藤征弘,,ワークフォース,000a011a7f,シャイニンググラス,1998101557,サンデーサイレンス,000a00033a,加藤正二郎,社台ファーム,"2,160.3",2007.0,1998.0,1986.0
2016102529,リーガルマインド,牡,河内洋,,ルーラーシップ,2007103143,リターンキャスト,1998103706,ノーザンテースト,000a000258,畑佐博,高松牧場,"2,159.8",2007.0,1998.0,1971.0
2016106611,ジュンユウコー,牝,荒山勝徳,,モンテロッソ,000a011b05,グローリールピナス,2006104267,マーベラスサンデー,1992103687,河合純二,川上牧場,"2,157.5",2007.0,2006.0,1992.0
2016103402,プロトイチバンボシ,牡,細川忠義,,キングヘイロー,1995104427,ワンモアミイチュー,2001106563,エンドスウィープ,000a00010f,（株）ファーストビジ,中館牧場,"2,157.0",1995.0,2001.0,1991.0
2016101241,アキノコマチ,牝,田中剛,,ハービンジャー,000a011996,ユキアカリノマチ,2010101429,キングカメハメハ,2001103460,穐吉正孝,社台ファーム,"2,156.6",2006.0,2010.0,2001.0
2016104509,アドマイヤユラナス,牡,友道康夫,,ハービンジャー,000a011996,ジュエルトウショウ,2009103937,アグネスタキオン,1998101516,近藤旬子,ノーザンファーム,"2,156.1",2006.0,2009.0,1998.0
2016103274,エイトマイル,牡,井樋一也,,スクリーンヒーロー,2004103328,グリーンアイズII,000a0120a6,Green Desert,000a0017d2,宮崎豊治,タバタファーム,"2,153.7",2004.0,2003.0,1983.0
2016102924,ペプチドオリバー,セ,石毛善彦,,ヘニーヒューズ,000a011155,スターオブジュニパー,000a010f04,Sadler's Wells,000a00185d,沼川一彦,木村牧場,"2,152.5",2003.0,1999.0,1981.0
2016105590,ラディアント,牡,小野次郎,,エスポワールシチー,2005102837,グランソルシエール,2010110034,Big Brown,000a01173e,Ｂａｓｉｃ,小倉光博,"2,150.0",2005.0,2010.0,2005.0
2016105085,クオンタムシフト,セ,牧田和弥,,タートルボウル,000a012045,セレブリティモデル,2010103939,キングカメハメハ,2001103460,社台レースホース,社台ファーム,"2,150.0",2002.0,2010.0,2001.0
2016101313,ポルタメント,セ,中舘英二,,ローエングリン,1999106738,カネトシフィオーレ,2006100550,ネオユニヴァース,2000101426,前田幸治,沼田照秋,"2,150.0",1999.0,2006.0,2000.0
2016100368,オンワードセルフ,牡,宮本仁,,ヘニーヒューズ,000a011155,オンワードマルタ,2000107249,メジロマックイーン,1987107235,中嶋隆,高橋忍,"2,147.8",2003.0,2000.0,1987.0
2016100975,エスケイエンジェル,牝,遠藤茂,,エスポワールシチー,2005102837,ダイナルシャトー,1999104610,コマンダーインチーフ,000a0000b0,酒井孝敏,ヤマタケ牧場,"2,147.0",2005.0,1999.0,1990.0
2016105946,デンコウブレイブ,牡,尾林幸二,,パイロ,000a01176a,シルクスパイシー,1999100581,ダンシングブレーヴ,000a0000cc,神村雅己,田原橋本牧場,"2,145.4",2005.0,1999.0,1983.0
2016105718,スズカユース,牝,堀内岳志,,スズカコーズウェイ,2004104345,ユメザンマイ,2008100246,フジキセキ,1992109618,永井啓弍,グランド牧場,"2,143.5",2004.0,2008.0,1992.0
2016102162,エピックガール,牝,宮田敬介,,ディープインパクト,2002100816,ジェラスガール,000a012957,Petionville,000a0021de,雅苑興業,三嶋牧場,"2,142.8",2002.0,2008.0,1992.0
2016102439,ワンダーアフィラド,牡,田中範雄,,ヨハネスブルグ,000a0103b9,ブランピュール,2000103419,アンバーシャダイ,1977103827,山本能成,高昭牧場,"2,139.9",1999.0,2000.0,1977.0
2016106106,タニノシェクハンド,牡,山田徹,,ケープブランコ,000a011b06,テーブルスピーチ,2007100204,フレンチデピュティ,000a00013a,ＳＲＥ（同）,西村和夫,"2,138.0",2007.0,2007.0,1992.0
2016102344,サイファリス,牝,伊藤勝好,,バトルプラン,000a0118e8,ポラリス,2009101017,キングカメハメハ,2001103460,（有）ホースケア,笠松牧場,"2,135.8",2005.0,2009.0,2001.0
2016109024,ナスノコウラン,牡,藤ケ崎一,,ルーラーシップ,2007103143,ナスノフィオナ,2002109129,ホワイトマズル,1990109700,酒井孝敏,恵比寿興業株式会社那須野牧場,"2,132.2",2007.0,2002.0,1990.0
2016100695,ミチビキ,牝,蛯名利弘,,ナカヤマフェスタ,2006102424,コスモクラッベ,2006104855,マイネルラヴ,1995108558,ブルースターズファーム,ビッグレッドファーム,"2,126.8",2006.0,2006.0,1995.0
2016102960,クラファルコン,牡,矢野義幸,,ヴァーミリアン,2002100877,クラローザ,2003105938,ホリスキー,1979101459,倉見利弘,倉見牧場,"2,121.4",2002.0,2003.0,1979.0
2016104523,スパークオブライフ,牝,小島茂之,,ルーラーシップ,2007103143,スパークオンアイス,2009106059,シンボリクリスエス,1999110099,西見徹也,ノーザンファーム,"2,118.0",2007.0,2009.0,1999.0
2016101971,オオエフォーチュン,牡,住吉朝男,,メイショウサムソン,2003102205,スターリーベイ,2008102674,キングカメハメハ,2001103460,川根幸晴,津島優治,"2,112.2",2003.0,2008.0,2001.0
2016105671,シゲルヒスイ,牡,九日俊光,,ワークフォース,000a011a7f,ザデイ,2006100911,シンボリクリスエス,1999110099,森中蕃,グランド牧場,"2,111.2",2007.0,2006.0,1999.0
2016110104,デュアルキャリアー,牡,桧森邦夫,,War Front,000a011d00,A Star Is Born,000a013d36,Galileo,000a00232b,平岩義範,Orpendale Chelston & Wynatt,"2,109.4",2002.0,2010.0,1998.0
2016104623,マコトジュズマル,牡,鮫島一歩,,ハービンジャー,000a011996,マコトキンラン,2002101009,サンデーサイレンス,000a00033a,ディアマント,ノーザンファーム,"2,108.0",2006.0,2002.0,1986.0
2016105098,ゴットフルール,牝,武英智,,ハービンジャー,000a011996,ダノンフローラ,2004103267,アグネスタキオン,1998101516,後藤進,社台ファーム,"2,106.6",2006.0,2004.0,1998.0
2016100627,アナスタシオ,牝,河津裕昭,,ダイワメジャー,2001103114,ロードクロサイト,2010110076,Unbridled's Song,000a002071,前田幸治,ノースヒルズ,"2,103.0",2001.0,2010.0,1993.0
2016102938,マリノジュリア,牝,稲垣幸雄,,エイシンフラッシュ,2007102951,クラウンアルテミス,2010104231,リンカーン,2000101561,クラウン,クラウン日高牧場,"2,102.0",2007.0,2010.0,2000.0
2016103490,アブソルートクイン,牝,別府真司,,カネヒキリ,2002100978,アイディアルクイン,1995102959,アスワン,1979101744,広松光成,長谷部牧場,"2,100.8",2002.0,1995.0,1979.0
2016103017,ルマーカーブル,牡,南田美知,,フィガロ,1995108837,ミスリンディ,2009110086,Stormy Atlantic,000a010b85,伊達敏明,サンシャイン牧場,"2,100.0",1995.0,2009.0,1994.0
2016100585,リーガルメイン,牡,橋口慎介,,ハービンジャー,000a011996,アディアフォーン,2006104744,ダンスインザダーク,1993109188,前田晋二,ノースヒルズ,"2,099.8",2006.0,2006.0,1993.0
2016103841,トーセンアイアン,牡,金田一昌,,トーセンモナーク,2005102391,トーセンフリージア,2007106428,シンボリクリスエス,1999110099,福原聡,エスティファーム,"2,099.0",2005.0,2007.0,1999.0
2016100053,ムーンコムレード,牝,柏原誠路,,アンライバルド,2006103308,スー,2005106423,スキャン,000a000d69,三宅勝俊,安達洋生,"2,094.2",2006.0,2005.0,1988.0
2016104312,シゲルグリンダイヤ,牡,柳井宏之,,ジャスタウェイ,2009106461,フェアリーワルツ,1999110226,Lear Fan,000a00199d,薄井隆博,追分ファーム,"2,089.5",2009.0,1999.0,1981.0
2016103097,ビッグブルー,牡,那俄性哲,,タートルボウル,000a012045,ビッグマリーン,2001106159,フジキセキ,1992109618,（株）ファーストビジ,下河辺牧場,"2,088.5",2002.0,2001.0,1992.0
2016100755,ボルドープラージュ,牝,菅原右吉,,アイルハヴアナザー,000a011ed3,マイネマリアンヌ,2009105127,ダイワメジャー,2001103114,シグラップ・マネジメ,ビッグレッドファーム,"2,088.3",2009.0,2009.0,2001.0
2016110036,カーンテソーロ,牡,加藤和宏,,Siyouni,000a012056,Pennegale,000a011d5a,Pennekamp,000a0021bb,了徳寺健二ホールディングス,Dunmore Stud (Ireland) Ltd Earl Haras De L'Hotellerie,"2,085.0",2007.0,1998.0,1992.0
2016109074,メラン,牡,奥村豊,,アルデバランII,000a010541,ミネルバローズ,2009103706,フジキセキ,1992109618,中辻明,谷川博勝,"2,080.0",1998.0,2009.0,1992.0
2016102399,ワンダークラッシー,牡,田中一巧,,サウスヴィグラス,1996110138,アグネスミヌエット,2005101419,アグネスフライト,1997103400,山本能成,高昭牧場,"2,078.8",1996.0,2005.0,1997.0
2016105985,ナナカマドカ,牝,田中範雄,,カネヒキリ,2002100978,ジェミーブロッサム,2000102338,Wild Again,000a00185f,竹田寿,千代田牧場,"2,073.4",2002.0,2000.0,1980.0
2016100496,アルネゴー,牡,細川忠義,,ローレルゲレイロ,2004100933,シゲルヨリツキ,2003100586,コマンダーインチーフ,000a0000b0,田村章,長浜秀昭,"2,069.0",2004.0,2003.0,1990.0
2016103325,ゴーザフォス,牡,岡野尚光,,ネオユニヴァース,2000101426,ダガーズアラベスク,2003110046,ジェイドロバリー,000a0001a7,伊藤正樹,ダーレー・ジャパン・ファーム,"2,067.0",2000.0,2003.0,1987.0
2016106456,アースドラゴン,牡,根本康広,,ジャスタウェイ,2009106461,アースマリン,2005106900,マリエンバード,000a00fa36,松山増男,アイオイファーム,"2,065.0",2009.0,2005.0,1997.0
2016100235,ウインアライバル,牡,山田徹,,アイルハヴアナザー,000a011ed3,コスモアクセス,2009105141,ロージズインメイ,000a010a10,荒井眞澄,コスモヴューファーム,"2,061.1",2009.0,2009.0,2000.0
2016110067,ノイーヴァ,牝,安田翔伍,,Temple City,000a012a6a,Malibu Pier,000a013ca9,Malibu Moon,000a010c8e,ノースヒルズ,Spendthrift Farm LLC,"2,060.0",2005.0,2007.0,1997.0
2016104481,サルトアトランテ,牝,川野勇馬,,ゴールドアリュール,1999106689,サダムグランジュテ,2008102669,キングカメハメハ,2001103460,上岡和男,社台コーポレーション白老ファーム,"2,059.5",1999.0,2008.0,2001.0
2016102586,ヨドノオーシャン,牡,竹下太,,オウケンブルースリ,2005102548,ヨドノグレイス,2009102052,バゴ,2001190004,小橋亮太,林農場,"2,058.8",2005.0,2009.0,2001.0
2016101053,ガイセン,牡,森沢友貴,,ダノンバラード,2008103548,シルバーインゴット,2001110016,Silver Hawk,000a0019b4,高嶋哲,小河豊水,"2,056.5",2008.0,2001.0,1979.0
2016103962,ヴィント,セ,千田輝彦,,モンテロッソ,000a011b05,シャッツ,2010103790,グラスワンダー,1995108676,平山靖,坂東牧場,"2,056.0",2007.0,2010.0,1995.0
2016102259,リワードノルン,牝,堂山芳則,,ハイアーゲーム,2001103160,リワードクリエン,2011106196,ケイムホーム,000a0108d1,宮崎冴子,リワード,"2,056.0",2001.0,2011.0,1999.0
2016101679,イルヴェントドーロ,牝,池添学,,ディープインパクト,2002100816,エーシンメンフィス,2008101289,Medaglia d'Oro,000a010a65,兼松康太,栄進牧場,"2,055.8",2002.0,2008.0,1999.0
2016101763,エレガンテヴァイゼ,牡,吉橋淳一,,メイショウボーラー,2001100650,トロピカルベリーズ,2006103291,ダンスインザダーク,1993109188,松本雅彦,木戸口牧場,"2,052.3",2001.0,2006.0,1993.0
2016100797,ミヤジシルフィード,牡,国沢輝幸,,ロードカナロア,2008103552,クレバークリス,2006101820,クロフネ,1998110135,永谷友一郎,松浦牧場,"2,052.2",2008.0,2006.0,1998.0
2016103569,メイクアンシー,牡,斉藤正弘,,ロードアルティマ,2000110026,キャンティユッキ,2011105392,マヤノトップガン,1992102988,木下康昭,広富牧場,"2,050.2",2000.0,2011.0,1992.0
2016103411,スズノチェルシー,牡,山中尊徳,,メイショウサムソン,2003102205,モンルージュ,2004103752,Smart Strike,000a00211c,新木鈴子,ナカノファーム,"2,045.0",2003.0,2004.0,1992.0
2016102991,クロヒョウ,牡,八木正喜,,ロージズインメイ,000a010a10,カネスブリエ,2008105486,ロックオブジブラルタル,000a00fd4c,北原大史,坂牧場,"2,044.0",2000.0,2008.0,1999.0
2016106030,ナタラディーヴァ,牝,九日俊光,,ブラックタイド,2001103312,ミラクルガール,2008100586,ロックオブジブラルタル,000a00fd4c,（同）ＪＰＮ技研,千代田牧場,"2,043.8",2001.0,2008.0,1999.0
2016106387,サージュ,牡,米川昇,,サクラプレジデント,2000102261,サクラブルース,1996105031,Cure the Blues,000a0015c6,市川智,山田牧場,"2,043.4",2000.0,1996.0,1978.0
2016105736,フミタツティンクル,牝,中野博,,リッカロイヤル,2005106310,カミノミライ,2005106634,アラムシャー,000a00fdab,大黒富美子,酒井亨,"2,042.3",2005.0,2005.0,2000.0
2016103463,マテリアルワールド,牡,雑賀正光,,メイショウサムソン,2003102205,メイショウカレン,2003106491,パラダイスクリーク,1989109110,堀口晴男,日西牧場,"2,042.0",2003.0,2003.0,1989.0
2016103715,モズファヴォリート,牡,新子雅司,,グランプリボス,2008103388,ペルファヴォーレ,1997104826,アフリート,000a000013,谷間修裕,目黒牧場,"2,041.1",2008.0,1997.0,1984.0
2016110113,タニノミッション,牝,角居勝彦,,Invincible Spirit,000a01056d,ウオッカ,2004104258,タニノギムレット,1999100226,谷水雄三,Yuzo Tanimizu,"2,039.0",1997.0,2004.0,1999.0
2016105892,ミラクルチューン,牝,榎屋充,,ゴールドアリュール,1999106689,シンワウォッカ,2009105658,シーキングザダイヤ,2001110220,宮嶋哲也,武牧場,"2,039.0",1999.0,2009.0,2001.0
2016102402,ジューンハルジオン,牝,目迫大輔,,ヘニーヒューズ,000a011155,ヴィクトリアズワイルドキャット,000a011ddb,Bellamy Road,000a011cf9,上山泰憲,高昭牧場,"2,038.5",2003.0,2008.0,2002.0
2016101430,ロックスピリット,牡,平山宏秀,,ヘニーヒューズ,000a011155,レディーロックフォード,000a011dd6,Invincible Spirit,000a01056d,Ｉレーシング（株）,三石川上牧場,"2,038.2",2003.0,2009.0,1997.0
2016103842,トーセンオリンピア,牡,諏訪貴正,,トーセンロレンス,2009106085,トーセンブリリアン,2003102610,ホワイトマズル,1990109700,武村徳瑞,エスティファーム,"2,033.0",2009.0,2003.0,1990.0
2016100713,ユノートルベル,牝,飯田弘道,,アイルハヴアナザー,000a011ed3,トウホクビジン,2006100953,スマートボーイ,1995100385,橋本政信,ビッグレッドファーム,"2,026.9",2009.0,2006.0,1995.0
2016102137,ジーニー,牡,加藤和宏,,ジャスタウェイ,2009106461,サンフラワーガール,2000104233,タイキシャトル,1994109686,（株）ファーストビジ,丸幸小林牧場,"2,021.0",2009.0,2000.0,1994.0
2016101373,シシリエンヌ,牝,柏木一夫,,キンシャサノキセキ,2003110212,ニシノビギン,2001102686,パラダイスクリーク,1989109110,手嶋康雄,本桐牧場,"2,020.9",2003.0,2001.0,1989.0
2016100849,ジェイケイブラック,牡,石川栄,,エイシンフラッシュ,2007102951,ジェイケイドリーム,2009104134,マンハッタンカフェ,1998101554,菅野直彦,村上欽哉,"2,020.8",2007.0,2009.0,1998.0
2016103030,ノボリターン,牡,伊藤和忍,,ノボトゥルー,1996110169,ノボキッス,2003104701,フレンチデピュティ,000a00013a,渡辺孝祐,サンバマウンテンファーム,"2,013.3",1996.0,2003.0,1992.0
2016101711,メイショウゼッケイ,牝,梅田智之,,サウスヴィグラス,1996110138,ナンヨールージュ,2008101652,アグネスタキオン,1998101516,松本好雄,岡部牧場,"2,013.2",1996.0,2008.0,1998.0
2016103197,シックザール,牡,河津裕昭,,ジャスタウェイ,2009106461,スイートハビタット,2000110233,Grand Lodge,000a001f34,前田幸治,シンボリ牧場,"2,013.1",2009.0,2000.0,1991.0
2016105487,ホウオウプリンセス,牝,吉岡辰弥,,ディープインパクト,2002100816,スノースタイル,1999100117,ホワイトマズル,1990109700,小笹芳央,岡田スタッド,"2,011.1",2002.0,1999.0,1990.0
2016100248,リゲイン,牝,加用正,,ショウナンカンプ,1998102595,ダイイチコパン,1997101400,サンデーサイレンス,000a00033a,コスモヴューファーム,コスモヴューファーム,"2,010.0",1998.0,1997.0,1986.0
2016103316,キンゲン,牡,松田国英,,ゴールドアリュール,1999106689,ジャパニーズウィスパー,000a0116ce,Machiavellian,000a001c1d,ゴドルフィン,ダーレー・ジャパン・ファーム,"2,009.8",1999.0,2001.0,1987.0
2016110072,チェルシーライオン,セ,西川敏弘,,Malibu Moon,000a010c8e,Tashzara,000a013cb1,Intikhab,000a0022af,村田裕子,Spendthrift Farm LLC,"2,009.6",1997.0,2007.0,1994.0
2016101779,アイリスフィール,牝,相沢郁,,ハービンジャー,000a011996,シルクアイリス,2008101431,ディープインパクト,2002100816,杵臼牧場,杵臼牧場,"2,009.6",2006.0,2008.0,2002.0
2016100680,コスモビックラコグ,牡,尾原強,,ダノンシャンティ,2007105709,キクノセンヒメ,2006104949,キングヘイロー,1995104427,（同）ＪＰＮ技研,ビッグレッドファーム,"2,009.5",2007.0,2006.0,1995.0
2016100011,リュウノボサノバ,牡,国沢輝幸,,エスポワールシチー,2005102837,シルクラビッシュ,2001102243,エルコンドルパサー,1995108742,蓑島竜一,赤石久夫,"2,008.0",2005.0,2001.0,1995.0
2016102230,ゼヒニオヨバズ,セ,田中守,,ゴスホークケン,2005110186,パッションロード,2009106850,ファンタスティックライト,1996190005,田中良輝,室田千秋,"2,007.5",2005.0,2009.0,1996.0
2016101223,コンスタンティナ,牝,冨田敏男,,エイシンフラッシュ,2007102951,ジョウテンセレブ,2000103140,アジュディケーティング,000a000d5d,冨田藤男,田上徹,"2,006.0",2007.0,2000.0,1987.0
2016102636,ラシェーラ,牝,笹田和秀,,ルーラーシップ,2007103143,レンヌルシャトー,2008103065,アグネスタキオン,1998101516,京都ホースレーシング,フクオカファーム,"2,005.0",2007.0,2008.0,1998.0
2016104430,バスクベレー,セ,酒井一則,,ロードカナロア,2008103552,エイグレット,2000101618,サンデーサイレンス,000a00033a,組）リノレーシング,ノーザンファーム,"2,003.0",2008.0,2000.0,1986.0
2016105005,コールザチューン,牝,高馬元紘,,ロードカナロア,2008103552,グッドチョイス,2004103347,フレンチデピュティ,000a00013a,藤田岳彦,社台ファーム,"2,002.5",2008.0,2004.0,1992.0
2016103849,トーセンオパール,牝,新田守,,スウェプトオーヴァーボード,000a00fa34,トーセンルクリア,2008105747,ダンスインザダーク,1993109188,高橋敏英,エスティファーム,"1,999.0",1997.0,2008.0,1993.0
2016101848,コスモリミックス,牡,中西達也,,トビーズコーナー,000a011fed,リミックスアルバム,2010104825,キングカメハメハ,2001103460,豊島愛子,酒井牧場,"1,996.0",2008.0,2010.0,2001.0
2016104645,モンオール,牝,平田修,,オルフェーヴル,2008102636,モンヴェール,2003102892,フレンチデピュティ,000a00013a,吉田勝己,ノーザンファーム,"1,995.0",2008.0,2003.0,1992.0
2016104389,ルプレジール,牝,新谷功一,,ゴールドアリュール,1999106689,ワールドリープレジャー,000a011d96,Devil His Due,000a002109,社台レースホース,社台コーポレーション白老ファーム,"1,995.0",1999.0,2000.0,1989.0
2016100897,ロフティネス,牡,音無秀孝,,スクリーンヒーロー,2004103328,フジヤマサクラ,2003102829,クロフネ,1998110135,吉澤ホールディングス,村上牧場,"1,995.0",2004.0,2003.0,1998.0
2016105699,ハクナマタタ,牡,池田忠好,,ヘニーヒューズ,000a011155,フェスティバル,1999100306,アサティス,1985109002,小菅誠,グランド牧場,"1,993.7",2003.0,1999.0,1985.0
2016101927,クードメイトル,牝,高野友和,,ヴィクトワールピサ,2007102923,ドリームオブジェニー,000a011e0e,Pivotal,000a002328,ターフ・スポート,谷川牧場,"1,993.7",2007.0,2008.0,1993.0
2016104081,ディアマキニスタ,牡,保利幸作,,ベルシャザール,2008103004,ロココキャンドル,2010102968,ステイゴールド,1994108729,徳永博,市川牧場,"1,992.5",2008.0,2010.0,1994.0
2016101650,モメチョッタ,牝,石毛善彦,,タイキシャトル,1994109686,エイシンオーガスタ,2011105581,ハーツクライ,2001103038,清水敏,栄進牧場,"1,985.5",1994.0,2011.0,2001.0
2016104748,ゴールデンウェル,牡,杉山晴紀,,スクリーンヒーロー,2004103328,ギャラリートーク,2002101005,ブライアンズタイム,000a000082,江馬由将,ノーザンファーム,"1,982.0",2004.0,2002.0,1985.0
2016103136,ブレーヴウィザード,セ,諏訪貴正,,ザサンデーフサイチ,2004102855,ダンスミュージカル,2000103953,ダンシングブレーヴ,000a0000cc,曽和栄司,ＳｈａｌｌＦａｒｍ,"1,981.8",2004.0,2000.0,1983.0
2016103582,グレースレジーナ,牝,蛯名雄太,,スマートファルコン,2005100097,ライトレジーナ,2006105948,アジュディケーティング,000a000d5d,中山博,広富牧場,"1,980.5",2005.0,2006.0,1987.0
2016104013,ファイトフォーラヴ,牡,打越勇児,,ショウナンカンプ,1998102595,リトルラブソング,2003103424,マイネルラヴ,1995108558,金山政信,小野瀬竜馬,"1,979.6",1998.0,2003.0,1995.0
2016103178,ゲットワイルド,牡,山田徹,,プリサイスエンド,000a00fe9b,ニシノシャトル,2006105604,タイキシャトル,1994109686,原久美子,新生ファーム,"1,978.8",1997.0,2006.0,1994.0
2016106548,キンショーヘイロー,牡,水野貴史,,ローレルゲレイロ,2004100933,パルカエ,1995108069,ヘクタープロテクター,000a000d6b,山本智也,幸牧場,"1,978.8",2004.0,1995.0,1988.0
2016104201,カガストロング,牡,池田忠好,,ストロングリターン,2006102934,シュガーレディアン,2001110207,Salt Lake,000a001f5a,原久美子,ヤマイチ牧場,"1,966.4",2006.0,2001.0,1989.0
2016101148,ロードシュタルク,牡,三宅直之,,ノヴェリスト,000a012230,エンジェリックレイ,2010101354,ダイワメジャー,2001103114,（株）ファーストビジ,ケイアイファーム,"1,961.2",2009.0,2010.0,2001.0
2016101359,アマリリステソーロ,牝,佐々木洋,,ブラックタイド,2001103312,ウイントゥルーラヴ,2008104108,ロックオブジブラルタル,000a00fd4c,蔀英二,幌村牧場,"1,960.0",2001.0,2008.0,1999.0
2016100976,ニコシーナ,牝,盛本信春,,カネヒキリ,2002100978,ニシノバニーガール,2003103172,ブライアンズタイム,000a000082,椎名節,ヤマタケ牧場,"1,958.9",2002.0,2003.0,1985.0
2016100914,レーヴ,牡,矢内博,,セレン,2005105680,チャームアスリープ,2003100898,ティンバーカントリー,000a00035e,山口圭子,村田牧場,"1,949.6",2005.0,2003.0,1992.0
2016106188,ウインメテオーラ,セ,齋藤雄一,,ロージズインメイ,000a010a10,マイネチリペッパー,2010103992,ネオユニヴァース,2000101426,浦野和由,原弘之,"1,948.5",2000.0,2010.0,2000.0
2016100696,コスモハヤテ,牡,佐々木洋,,アイルハヴアナザー,000a011ed3,コスモコルデス,2010100785,ゴールドヘイロー,1997101264,伊原新一郎,ビッグレッドファーム,"1,946.5",2009.0,2010.0,1997.0
2016100663,ニヨドハンター,牡,国沢輝幸,,メイショウボーラー,2001100650,プロハンター,2009105091,シーキングザダイヤ,2001110220,西森鶴,ヒカル牧場,"1,945.3",2001.0,2009.0,2001.0
2016100505,フィリーズラン,牝,宗綱泰彦,,バトルプラン,000a0118e8,チュロ,2011100012,キングヘイロー,1995104427,（同）ＪＰＮ技研,新冠伊藤牧場,"1,944.4",2005.0,2011.0,1995.0
2016110010,メトロポール,牝,吉村圭司,,ダイワメジャー,2001103114,ペリヴェイル,000a0127fe,Street Cry,000a0103ba,ゴドルフィン,Godolphin,"1,943.0",2001.0,2010.0,1998.0
2016101166,ロードストライク,牡,尾形和幸,,ダイワメジャー,2001103114,レディカーニバル,2004101198,Giant's Causeway,000a0022e1,ロードホースクラブ,ケイアイファーム,"1,935.0",2001.0,2004.0,1997.0
2016101887,メイショウロサン,牡,坂井孝義,,メイショウサムソン,2003102205,メイショウランタナ,2008101550,フジキセキ,1992109618,小部嘉彦,太陽牧場,"1,930.2",2003.0,2008.0,1992.0
2016101589,アシャカマキシン,牡,目迫大輔,,ヨハネスブルグ,000a0103b9,デンコウレジーナ,2004104002,サクラバクシンオー,1989108341,吉冨学,中脇一幸,"1,928.0",1999.0,2004.0,1989.0
2016100609,ハギノベルエキプ,牝,鮫島一歩,,ハービンジャー,000a011996,ハギノウィッシュ,2009106057,アグネスタキオン,1998101516,日隈良江,ノースヒルズ,"1,928.0",2006.0,2009.0,1998.0
2016102333,マーベラスアゲン,牡,加藤和宏,,キンシャサノキセキ,2003110212,ゴールドレリック,000a010b5e,Kingmambo,000a001d7e,浅川皓司,笠松牧場,"1,924.2",2003.0,2001.0,1990.0
2016102854,イスモイルテソーロ,牡,玉井昇,,ヨハネスブルグ,000a0103b9,ヨウヨウ,2002105721,マヤノトップガン,1992102988,鶴谷義雄,沖田牧場,"1,920.8",1999.0,2002.0,1992.0
2016104633,ミディオーサ,牝,堀宣行,,ディープインパクト,2002100816,ミスエーニョ,000a0124cc,Pulpit,000a002133,サンデーレーシング,ノーザンファーム,"1,920.0",2002.0,2007.0,1994.0
2016101339,プレイングラン,牡,的場直之,,オウケンブルースリ,2005102548,アルフィルク,2009106216,アグネスタキオン,1998101516,（有）内田ステーブル,平野牧場,"1,920.0",2005.0,2009.0,1998.0
2016101909,ネオファルコン,牝,那俄性哲,,スマートファルコン,2005100097,レディストレイツ,2003110002,モンジュー,1996190001,（株）ファーストビジ,田中スタッド,"1,916.0",2005.0,2003.0,1996.0
2016101139,シゲルスピネル,牝,九日俊光,,サウスヴィグラス,1996110138,シゲルアンドロメダ,2010110118,Birdstone,000a01169b,森中蕃,グローリーファーム,"1,915.0",1996.0,2010.0,2001.0
2016101416,ロダルキラー,牡,大島静夫,,アポロキングダム,2003110139,カワカミショコラ,2007103928,アグネスデジタル,1997110025,北原大史,三石川上牧場,"1,914.8",2003.0,2007.0,1997.0
2016101637,ゴールドリング,牝,塚田隆男,,エスポワールシチー,2005102837,サザンギフト,2002102685,タイキシャトル,1994109686,（有）崇富商業,浦河土肥牧場,"1,910.1",2005.0,2002.0,1994.0
2016105189,ベルスール,牝,今野貞一,,スウェプトオーヴァーボード,000a00fa34,フレンチビキニ,2002100626,サンデーサイレンス,000a00033a,社台レースホース,社台ファーム,"1,909.4",1997.0,2002.0,1986.0
2016102079,ブルーアワー,牝,橋本和馬,,プリサイスエンド,000a00fe9b,プライムウィッシュ,2006105923,シンボリクリスエス,1999110099,日進牧場,高村牧場,"1,907.0",1997.0,2006.0,1999.0
2016104367,レイジングブレイズ,牡,鷹見浩,,オルフェーヴル,2008102636,スウィートハース,000a011999,Touch Gold,000a0022cd,組）ＷｉｎｎｉｎｇＨ,社台コーポレーション白老ファーム,"1,901.5",2008.0,2006.0,1994.0
2016101941,ヘイセイラスト,牝,羽月友彦,,アイルハヴアナザー,000a011ed3,レディスウィフト,2008110117,Ghostzapper,000a010525,谷川牧場,谷川牧場,"1,900.0",2009.0,2008.0,2000.0
2016100188,シゲルクロダイヤ,牡,谷潔,,ヴィクトワールピサ,2007102923,プリティキャサリン,000a011ddf,Vindication,000a010544,森中蕃,川島牧場,"1,900.0",2007.0,2006.0,2000.0
2016104754,リトミックグルーヴ,牝,荒山勝徳,,タートルボウル,000a012045,グルーヴィクイーン,2008103090,キングカメハメハ,2001103460,キャロットファーム,ノーザンファーム,"1,897.5",2002.0,2008.0,2001.0
2016104890,ラヴィアンレーヴ,セ,飯田弘道,,ディープインパクト,2002100816,レーヴディマン,000a011c88,Highest Honor,000a00185c,成富直行,ノーザンファーム,"1,896.0",2002.0,2001.0,1983.0
2016101542,スティルネス,牝,小島茂之,,ゴールドヘイロー,1997101264,マツリダワルツ,2004109391,チーフベアハート,1993190010,ロードホースクラブ,様似堀牧場,"1,895.6",1997.0,2004.0,1993.0
2016103101,ジョイナイト,牡,武市康男,,ヴァーミリアン,2002100877,ピサノプリヴェ,2006105480,Hold That Tiger,000a010a64,西村亮二,下河辺牧場,"1,895.0",2002.0,2006.0,2000.0
2016102560,サウンドボス,牡,小国博行,,サウンドボルケーノ,2008110123,サウンドマラカイト,2007105935,アグネスタキオン,1998101516,佐藤良二,中村雅明,"1,892.0",2008.0,2007.0,1998.0
2016102188,メイショウコミチ,牝,本田優,,キンシャサノキセキ,2003110212,メイショウジェイ,2005102873,タニノギムレット,1999100226,松本好雄,三嶋牧場,"1,892.0",2003.0,2005.0,1999.0
2016104630,ブーザー,牡,堀宣行,,マンハッタンカフェ,1998101554,マンドゥラ,000a0120f4,Danehill Dancer,000a002309,金子真人ホールディングス,ノーザンファーム,"1,890.0",1998.0,2007.0,1993.0
2016104248,スカテナート,牡,栗田裕光,,キングカメハメハ,2001103460,アンチュラス,2009106569,ディープインパクト,2002100816,石塚史典,追分ファーム,"1,888.3",2001.0,2009.0,2002.0
2016105939,ラブミージュニア,牡,高月賢一,,ゴールドアリュール,1999106689,ラブミーチャン,2007100269,サウスヴィグラス,1996110138,小林祥晃,谷岡牧場,"1,888.0",1999.0,2007.0,1996.0
2016101815,ハーキーステップ,牡,浜田多実,,スウェプトオーヴァーボード,000a00fa34,デルマオサキ,2010103773,ネオユニヴァース,2000101426,宮田美恵子,金成吉田牧場,"1,888.0",1997.0,2010.0,2000.0
2016101428,サーストンネイジュ,牝,池田忠好,,ダンカーク,000a012185,ラブミークリーム,2009105402,スウェプトオーヴァーボード,000a00fa34,渋谷忠一,三石川上牧場,"1,887.0",2006.0,2009.0,1997.0
2016104501,オウケンドーン,セ,田中守,,ロードカナロア,2008103552,シーカーマ,000a011ada,Exchange Rate,000a011433,稲場澄,ノーザンファーム,"1,883.0",2008.0,2006.0,1997.0
2016102040,ウインホノカ,牝,森山英雄,,フリオーソ,2004106867,オドゥールゲラン,2003106176,ステイゴールド,1994108729,皆川なほ子,富菜牧場,"1,883.0",2004.0,2003.0,1994.0
2016101412,キキョウ,牡,市村誠,,リーチザクラウン,2006102923,トーホウフローラ,2002110091,Vicar,000a00ff42,泉山眞行,水丸牧場,"1,881.0",2006.0,2002.0,1996.0
2016103096,タンクティーエー,牡,宇野木博,,ブラックタイド,2001103312,ビッグハッピー,1997106349,アフリート,000a000013,津田浩一,下河辺牧場,"1,878.5",2001.0,1997.0,1984.0
2016101782,スパンキーワールド,セ,新谷功一,,ケープブランコ,000a011b06,スプンキーウーマン,2007105715,アルカセット,2000190010,大塚亮一,杵臼牧場,"1,878.4",2007.0,2007.0,2000.0
2016104894,アイワナビリーヴ,牝,戸田博文,,ジャスタウェイ,2009106461,ワナダンス,000a012279,The Leopard,000a012241,ＤＭＭドリームクラブ,ノーザンファーム,"1,877.6",2009.0,2010.0,2005.0
2016105468,ダークオブザナイト,牡,桧森邦夫,,ノヴェリスト,000a012230,キタノシラユリ,1998103998,ダンスインザダーク,1993109188,（同）ＪＰＮ技研,岡田スタッド,"1,876.3",2009.0,1998.0,1993.0
2016103505,オールミラージュ,牡,井樋明正,,タートルボウル,000a012045,リクエストアワー,2011104346,ネオユニヴァース,2000101426,田頭勇貴,スカイビーチステーブル,"1,875.4",2002.0,2011.0,2000.0
2016104038,ワシヅカミ,牡,新子雅司,,セレスハント,2005101116,クランベリー,2007103527,フジキセキ,1992109618,組）サンデーヒルズ,大作ステーブル,"1,870.8",2005.0,2007.0,1992.0
2016101541,プレイングファイア,牡,新井清重,,トビーズコーナー,000a011fed,ファイヤーオパール,2006101931,アグネスタキオン,1998101516,（株）レックス,様似堀牧場,"1,867.0",2008.0,2006.0,1998.0
2016100904,カセノウィナー,牡,土田稔,,エスポワールシチー,2005102837,マルティプライ,2007103081,Fusaichi Pegasus,000a0022cf,平川進,村上雅規,"1,866.3",2005.0,2007.0,1997.0
2016102272,ベルウッドカザン,牡,和田雄二,,ゴールドアリュール,1999106689,ボンビバン,2007105701,Red Ransom,000a001c68,鈴木照雄,市川ファーム,"1,860.0",1999.0,2007.0,1987.0
2016105259,モードフランス,牝,山下貴之,,アサクサキングス,2004103163,モテック,000a006840,ラストタイクーン,000a0001d6,吉田千津,社台ファーム,"1,859.5",2004.0,1995.0,1983.0
2016102845,アジュディカグラ,牡,平田正一,,アジュディミツオー,2001104554,カザグルマ,2004105374,ソウルオブザマター,000a000d8a,曽根正,沖田牧場,"1,859.0",2001.0,2004.0,1991.0
2016104040,ヤギリオーディン,牡,千葉幸喜,,シンボリクリスエス,1999110099,ジュエリスト,2009106421,ダイワメジャー,2001103114,内田ヤエ子,大作ステーブル,"1,857.5",1999.0,2009.0,2001.0
2016101362,シュテルンシチー,セ,萱野浩二,,オルフェーヴル,2008102636,ケープタウンシチー,2005103391,シンボリクリスエス,1999110099,友駿ホースクラブ,幌村牧場,"1,857.5",2008.0,2005.0,1999.0
2016103980,ルーシッドドラゴン,牡,福永敏,,パイロ,000a01176a,リンピッドドラゴン,2010110097,Discreet Cat,000a0113a1,窪田芳郎,坂東牧場,"1,854.0",2005.0,2010.0,2003.0
2016105548,クリノタテヤマ,牝,鈴木啓之,,キンシャサノキセキ,2003110212,エクスキタテヤマ,2007100143,フォーティナイナー,000a000134,栗本守,岡田牧場,"1,852.5",2003.0,2007.0,1985.0
2016100562,ヘニッヒ,セ,工藤真司,,ヘニーヒューズ,000a011155,ルナースフィア,1996107289,ジェイドロバリー,000a0001a7,星加浩一,新冠橋本牧場,"1,850.0",2003.0,1996.0,1987.0
2016104303,エウリディーチェ,牝,川島正一,,シンボリクリスエス,1999110099,ヌチバナ,2008102618,キングカメハメハ,2001103460,吉田晴哉,追分ファーム,"1,847.0",1999.0,2008.0,2001.0
2016102242,スマートマルシェ,牝,蛯名雄太,,ノボジャック,1997110152,ランディスティニー,1999102433,サクラバクシンオー,1989108341,（株）大川徹ホールデ,山口義彦,"1,844.9",1997.0,1999.0,1989.0
2016104680,ドゥシャンパーニュ,牝,寺島良,,ロードカナロア,2008103552,ロゼシャンパーニュ,2009106078,ゼンノロブロイ,2000101517,大塚亮一,ノーザンファーム,"1,843.5",2008.0,2009.0,2000.0
2016105320,カフジロッソ,牡,松浦裕之,,モンテロッソ,000a011b05,ホーマンキュート,1999105540,ジョリーズヘイロー,000a0001aa,加藤守,絵笛牧場,"1,843.0",2007.0,1999.0,1987.0
2016102863,エイシンロード,牝,奥村豊,,ジャスタウェイ,2009106461,ブライトアバンダンス,000a011a6c,Quiet American,000a001ea2,栄進堂,オリオンファーム,"1,842.8",2009.0,2001.0,1986.0
2016101901,テイエムメロディー,牝,木原一良,,アドマイヤムーン,2003102991,フミノオリヒメ,2004106720,グラスワンダー,1995108676,竹園正繼,多田善弘,"1,840.4",2003.0,2004.0,1995.0
2016104222,トーセンスカイ,牡,高野毅,,トーセンラー,2008102985,シアトルサンセット,000a00fe52,Belong to Me,000a001ff2,島川隆哉,レイクヴィラファーム,"1,840.0",2008.0,1999.0,1989.0
2016104334,シルバースミス,牝,橋口慎介,,オルフェーヴル,2008102636,リングジアラーム,2004103084,スウェプトオーヴァーボード,000a00fa34,サンデーレーシング,追分ファーム,"1,834.8",2008.0,2004.0,1997.0
2016102763,コスモスターリング,牡,坂本和也,,スターリングローズ,1997106560,シュガーミント,2004109412,アグネスタキオン,1998101516,（同）ランニング・ク,厚賀古川牧場,"1,834.5",1997.0,2004.0,1998.0
2016100391,メイショウハート,牡,宗石大,,メイショウボーラー,2001100650,デビルインマインド,2000101044,ダンスインザダーク,1993109188,中山純子,タニグチ牧場,"1,834.0",2001.0,2000.0,1993.0
2016106505,コパノジョウオー,牝,堀千亜樹,,ゴールドアリュール,1999106689,コパノニキータ,2001107110,ティンバーカントリー,000a00035e,小林祥晃,ヤナガワ牧場,"1,833.3",1999.0,2001.0,1992.0
2016106258,サトノクライム,牡,坂井英光,,ジャスタウェイ,2009106461,ラストアロー,2004104994,アサティス,1985109002,里見治,フジワラファーム,"1,832.5",2009.0,2004.0,1985.0
2016104494,ラフェリシテ,牝,飯田良弘,,ルーラーシップ,2007103143,シュプリームギフト,2008103205,ディープインパクト,2002100816,橘勝年,ノーザンファーム,"1,828.6",2007.0,2008.0,2002.0
2016100422,ロンリーウェイ,牡,小沢宏次,,ネオユニヴァース,2000101426,プリンセスメーカー,2012106119,エンパイアメーカー,000a010542,小原準一郎,大作ステーブル,"1,827.9",2000.0,2012.0,2000.0
2016100812,カンゲキ,牡,宗形竹見,,ヨハネスブルグ,000a0103b9,ランデブー,2008105025,ネオユニヴァース,2000101426,古町純代,松浦牧場,"1,827.5",1999.0,2008.0,2000.0
2016103423,シェリーアモール,牝,佐々木仁,,グラスワンダー,1995108676,ケイズビーナス,2004105962,タイキシャトル,1994109686,吉橋英隆,長田ファーム,"1,824.6",1995.0,2004.0,1994.0
2016104243,ロークアルルージュ,牡,清水英克,,クロフネ,1998110135,ルージュクール,2008110125,Redoute's Choice,000a00fe93,尾崎恒男,レイクヴィラファーム,"1,822.0",1998.0,2008.0,1996.0
2016104268,ハバナウインド,牡,浅見秀一,,ハービンジャー,000a011996,グァンタナメラ,2007102661,フジキセキ,1992109618,社台レースホース,追分ファーム,"1,821.0",2006.0,2007.0,1992.0
2016101630,ミキノモンテカルロ,牝,平山真希,,シニスターミニスター,000a011099,ミキノモナコ,2004101197,ディアブロ,000a0000e9,谷口久和,浦河育成牧場,"1,820.5",2003.0,2004.0,1987.0
2016106436,チェキラ,牡,土井道隆,,キャプテントゥーレ,2005102216,ラードロチェキラ,2004107288,キングヘイロー,1995104427,平本敏夫,川上悦夫,"1,819.0",2005.0,2004.0,1995.0
2016106061,スマートモリガン,牝,高月賢一,,サウスヴィグラス,1996110138,ピサノルビー,2006101331,ブライアンズタイム,000a000082,（株）大川徹ホールデ,飛野牧場,"1,818.8",1996.0,2006.0,1985.0
2016105350,アヴェントゥリスト,牡,木村暁,,サウスヴィグラス,1996110138,カズサクション,2011106395,ゴールドアリュール,1999106689,岩渕瑞生,村上欽哉,"1,816.9",1996.0,2011.0,1999.0
2016101565,ホウショウレイル,牝,小久保智,,ヴィクトワールピサ,2007102923,ホウショウアマネ,2005110189,Unbridled's Song,000a002071,芳賀美知子,清水スタッド,"1,815.0",2007.0,2005.0,1993.0
2016103322,ジュディシャス,牡,今津勝之,,アドマイヤムーン,2003102991,タクトフリー,000a0127ed,ディスクリートキャット,000a0113a1,酒井孝敏,ダーレー・ジャパン・ファーム,"1,814.0",2003.0,2009.0,2003.0
2016104707,アメリカンウェイク,牝,長谷川浩,,ハーツクライ,2001103038,アナアメリカーナ,000a012516,American Post,000a011997,キャロットファーム,ノーザンファーム,"1,811.8",2001.0,2006.0,2001.0
2016101503,コスモマーヴィ,牡,高橋純,,ロージズインメイ,000a010a10,ブルーファイブ,2001100635,シンコウキング,1991109947,加藤和成,山野牧場,"1,811.3",2000.0,2001.0,1991.0
2016100799,フォリオール,セ,加藤和義,,オルフェーヴル,2008102636,ストーミーウェザー,000a01117b,Storm Cat,000a001a98,程田真司,松浦牧場,"1,805.5",2008.0,2002.0,1983.0
2016103579,ラー,牡,保利幸作,,ブラックタイド,2001103312,ハピシン,2008101566,ルールオブロー,000a010d7d,副島義久,広富牧場,"1,804.9",2001.0,2008.0,2001.0
2016103777,ウェイクール,牡,伊藤滋規,,ジャスタウェイ,2009106461,タイキシャイン,2004106663,タイキシャトル,1994109686,組）滋友会,山際辰夫,"1,802.8",2009.0,2004.0,1994.0
2016104002,ブライティアセルバ,牝,晴山厚司,,トーセンジョーダン,2006103169,ノードブライティア,2010100127,アグネスタキオン,1998101516,只野啓喜,雅牧場,"1,801.3",2006.0,2010.0,1998.0
2016106243,ネフェルリリー,牝,堂山芳則,,ローエングリン,1999106738,ネフェルメモリー,2006104007,アジュディケーティング,000a000d5d,木谷ツヤ,フジワラファーム,"1,800.7",1999.0,2006.0,1987.0
2016104185,ララケリア,牝,茂崎正善,,ローズキングダム,2007103404,ファミッリア,2006110055,Holy Bull,000a000180,藤原裕和,真壁信一,"1,795.7",2007.0,2006.0,1991.0
2016103102,ゴーインピース,牝,手塚貴久,,シニスターミニスター,000a011099,ピースオブアイ,2009102458,ダイワメジャー,2001103114,下河辺俊行,下河辺牧場,"1,791.0",2003.0,2009.0,2001.0
2016103750,グランエスポワール,牡,瀬戸幸一,,エスポワールシチー,2005102837,モエレプロポーズ,2006103782,マジックマイルズ,000a000d4c,Ｉレーシング（株）,門別牧場,"1,790.9",2005.0,2006.0,1985.0
2016110081,アトムズスピアー,牡,川野勇馬,,Musketier,000a013c83,Extraneous,000a013cbd,During,000a013c84,ウィニング・アグリー,Chesapeake Farm,"1,787.5",2002.0,2006.0,2000.0
2016104600,チェサピークベイ,牡,戸田博文,,ハービンジャー,000a011996,フロールデセレッソ,2004103003,スウェプトオーヴァーボード,000a00fa34,吉田勝己,ノーザンファーム,"1,785.0",2006.0,2004.0,1997.0
2016100927,モテモテ,牝,緒方努,,クロフネ,1998110135,シマノラピス,2000104924,オペラハウス,000a000d77,イクタ,村本牧場,"1,780.9",1998.0,2000.0,1988.0
2016104408,ラテリシウス,牝,蛯名雄太,,ヴァーミリアン,2002100877,アンソロジー,2004103025,サクラバクシンオー,1989108341,（株）マフィン,ノーザンファーム,"1,778.0",2002.0,2004.0,1989.0
2016102641,イワネコゴシキ,牡,小笠倫弘,,グランプリボス,2008103388,ストリートパレード,2001110024,Seeking the Gold,000a001bea,丸山担,伏木田牧場,"1,777.0",2008.0,2001.0,1985.0
2016103008,アキロック,牡,国沢輝幸,,スマートロビン,2008100685,コンテッサ,2011100272,ブライアンズタイム,000a000082,（株）ＭＭＣ,サンシャイン牧場,"1,776.4",2008.0,2011.0,1985.0
2016101594,セイントビーナス,牝,張田京,,エスポワールシチー,2005102837,セイントプラチナ,2005101204,クロフネ,1998110135,内海正章,林時春,"1,774.5",2005.0,2005.0,1998.0
2016102167,メイショウイフウ,セ,永島太郎,,アイルハヴアナザー,000a011ed3,ダンシングハピネス,1999101934,ダンスインザダーク,1993109188,松本好雄,三嶋牧場,"1,772.1",2009.0,1999.0,1993.0
2016102720,ブラックハーデス,牡,吉田司,,スクリーンヒーロー,2004103328,イルミナティ,2010102105,メイショウサムソン,2003102205,川添裕起,ディアレストクラブ,"1,769.9",2004.0,2010.0,2003.0
2016102168,テーオーダンケルク,牡,高柳大輔,,ダンカーク,000a012185,テーオーフェアリー,2009100790,キングカメハメハ,2001103460,小笹公也,三嶋牧場,"1,765.0",2006.0,2009.0,2001.0
2016101424,トモジャチャーリー,牡,大根田裕,,ジャスタウェイ,2009106461,ボールルーム,000a0123d7,Storm Cat,000a001a98,吉冨学,三石川上牧場,"1,765.0",2009.0,2008.0,1983.0
2016101346,アンビル,セ,斎藤雄一,,ケイムホーム,000a0108d1,ナムラミステリー,1999105132,ジェニュイン,1992109450,菅井眞吉,平野牧場,"1,762.0",1999.0,1999.0,1992.0
2016103677,ワガママボディ,牝,矢内博,,サウスヴィグラス,1996110138,ラッシュウインド,2008106175,ワイルドラッシュ,000a0003a1,（株）ＩＴＦ,槇本牧場,"1,754.6",1996.0,2008.0,1994.0
2016104357,ファナティック,牝,松永幹夫,,ジャスタウェイ,2009106461,グレイトフィーヴァー,000a00fa68,Kaldoun,000a00196b,キャロットファーム,社台コーポレーション白老ファーム,"1,752.4",2009.0,1997.0,1975.0
2016101384,ミスティネイル,牝,伊藤勝好,,ハーツクライ,2001103038,テメリアイランド,000a012522,モンジュー,1996190001,（有）ホースケア,前川勝春,"1,750.5",2001.0,2005.0,1996.0
2016104348,ウルクラフト,牝,吉村圭司,,ディープインパクト,2002100816,ウミラージ,000a0117c6,Monsun,000a010db6,サンデーレーシング,社台コーポレーション白老ファーム,"1,750.0",2002.0,2005.0,1990.0
2016105719,トリマゴラッキ,牝,竹下直人,,スマートボーイ,1995100385,ラッキーガール,2010102623,サウスヴィグラス,1996110138,森哲,グランド牧場,"1,747.1",1995.0,2010.0,1996.0
2016100098,ダイヤクイン,牝,羽月友彦,,クロフネ,1998110135,マイネカプリース,1998105689,タヤスツヨシ,1992109612,大野數芳,イワミ牧場,"1,746.0",1998.0,1998.0,1992.0
2016103212,スマートアテナ,牝,吉田直弘,,ゴールドアリュール,1999106689,スマートバベル,2011101856,サウスヴィグラス,1996110138,大川徹,杵臼牧場,"1,745.0",1999.0,2011.0,1996.0
2016101752,タイセイレオーネ,牡,真島元徳,,パイロ,000a01176a,キャンディス,000a0116c6,Caerleon,000a0016eb,川端正博,川越ファーム,"1,744.0",2005.0,1998.0,1980.0
2016100118,ミヤビアーク,牡,山口浩幸,,ロードカナロア,2008103552,ミヤビハルカ,2005101523,ウォーエンブレム,000a00fa35,冨田藤男,大狩部牧場,"1,744.0",2008.0,2005.0,1999.0
2016110096,ピースプレイヤー,セ,清水英克,,デクラレーションオブウォー,000a0136f6,Namaste's Wish,000a013c9b,Pulpit,000a002133,飯田正剛,Jack Sims,"1,743.0",2009.0,2005.0,1994.0
2016104226,キセキノカガヤキ,牝,高橋純,,トーセンホマレボシ,2009106092,マチカネセキガハラ,2006106114,フジキセキ,1992109618,芦信雄,レイクヴィラファーム,"1,739.6",2009.0,2006.0,1992.0
2016103467,サンウェーコ,牡,繁田健一,,サムライハート,2002100996,ウルトラエナジー,2005104330,マヤノトップガン,1992102988,（有）ランドエコノミ,ノースガーデン,"1,739.0",2002.0,2005.0,1992.0
2016105836,ゲイムスター,牡,田島寿一,,リーチザクラウン,2006102923,アニューズディ,1994105246,トモエアレックス,1987107431,中村秀之,下村繁正,"1,738.0",2006.0,1994.0,1987.0
2016102421,ランランウイング,牝,今野貞一,,アイルハヴアナザー,000a011ed3,タキオンコウショウ,2007102056,アグネスタキオン,1998101516,高昭牧場,高昭牧場,"1,734.9",2009.0,2007.0,1998.0
2016106234,キンイロノツバサ,牡,藤ヶ崎一,,モンテロッソ,000a011b05,スポークスウーマン,000a012805,Invincible Spirit,000a01056d,片岡信賢,フジワラファーム,"1,734.7",2007.0,2010.0,1997.0
2016105972,オレンジオレンジ,牝,平田修,,ノヴェリスト,000a012230,ギフトオブザラック,2008100599,ディープインパクト,2002100816,飯田良枝,千代田牧場,"1,730.0",2009.0,2008.0,2002.0
2016101784,グランツシチー,牡,蛯名雄太,,トゥザグローリー,2007103265,ナムラセレナーデ,2009100366,アグネスタキオン,1998101516,友駿ホースクラブ,杵臼牧場,"1,730.0",2007.0,2009.0,1998.0
2016102950,マリノスピカ,牝,天間昭一,,ローエングリン,1999106738,サザンベル,2005100482,サウスヴィグラス,1996110138,和田志保,クラウン日高牧場,"1,727.6",1999.0,2005.0,1996.0
2016106154,モッズストーン,セ,武井亮,,ネオユニヴァース,2000101426,ブリーボーンズ,000a011dc5,Hesabull,000a0114fb,吉田和美,畠山牧場,"1,720.0",2000.0,2003.0,1993.0
2016105030,ペルクナス,牡,池江泰寿,,Majesticperfection,000a012669,サンダーカップ,000a012e9a,サンダーガルチ,000a00035c,社台レースホース,社台ファーム,"1,720.0",2006.0,2005.0,1992.0
2016104245,リフタスフェルト,牝,鮫島一歩,,ヨハネスブルグ,000a0103b9,アドマイヤレッド,2006102845,ストラヴィンスキー,000a00fa41,キャロットファーム,社台コーポレーション白老ファーム,"1,720.0",1999.0,2006.0,1996.0
2016102434,ロードワンダー,セ,大島静夫,,キンシャサノキセキ,2003110212,バグワイザー,000a010a9b,Kingmambo,000a001d7e,組）リノレーシング,高昭牧場,"1,719.8",2003.0,1999.0,1990.0
2016101959,ニッチモサッチモ,牡,坂口義幸,,プリサイスエンド,000a00fe9b,シンティー,000a010ade,サンデーサイレンス,000a00033a,内田律子,大道牧場,"1,716.4",1997.0,2000.0,1986.0
2016101965,モズハチキン,牝,小崎憲,,ハービンジャー,000a011996,メイユーブルーム,2005102650,ダンスインザダーク,1993109188,キャピタル・システム,大道牧場,"1,715.0",2006.0,2005.0,1993.0
2016105008,グレースアンバー,牝,高柳大輔,,ストロングリターン,2006102934,グレースエポナ,2004103124,フジキセキ,1992109618,吉田千津,社台ファーム,"1,713.0",2006.0,2004.0,1992.0
2016105496,レイヴンキング,セ,尾形和幸,,エイシンフラッシュ,2007102951,タニノローゼ,2002104463,ジェネラス,000a000148,ノルマンディーサラブレッドレーシング,岡田スタッド,"1,709.0",2007.0,2002.0,1988.0
2016105913,サクララージャン,牡,平和人,,サクラプレジデント,2000102261,サクラシャンティ,2004104932,サクラローレル,1991103498,さくらコマース,谷岡スタット,"1,708.1",2000.0,2004.0,1991.0
2016101385,ゲンパチシャドウ,牡,茂崎正善,,クロフネ,1998110135,ヒミノダンス,2006103939,ダンスインザダーク,1993109188,組）オールザベスト組,前川勝春,"1,705.9",1998.0,2006.0,1993.0
2016106327,コンボルブルス,牡,福永敏,,シビルウォー,2005102317,グリーンサンライズ,2004105615,サッカーボーイ,1985103538,村上憲政,増本牧場,"1,700.5",2005.0,2004.0,1985.0
2016102410,クリノライジン,牡,荒川義之,,トゥザグローリー,2007103265,キララチュール,2006100360,タイキシャトル,1994109686,栗本博晴,高昭牧場,"1,699.0",2007.0,2006.0,1994.0
2016105782,ニホンピロハビアー,牡,川嶋弘吉,,シンボリクリスエス,1999110099,ニホンピロシェリー,2004104433,アドマイヤベガ,1996107396,小林百太郎,佐竹学,"1,697.0",1999.0,2004.0,1996.0
2016103082,ハルワタート,牝,斎藤誠,,ロードカナロア,2008103552,ダイワエルシエーロ,2001106188,サンデーサイレンス,000a00033a,下河辺牧場,下河辺牧場,"1,696.0",2008.0,2001.0,1986.0
2016106047,ロジカルガール,牝,雑賀正光,,ダノンシャンティ,2007105709,ロジカルクィーン,2000110188,Deputy Minister,000a001849,平川浩之,千代田牧場,"1,695.0",2007.0,2000.0,1979.0
2016102144,メイショウアマギ,牡,大橋勇樹,,タイキシャトル,1994109686,カネトシガーネット,2011102737,キングカメハメハ,2001103460,松本好雄,まるとみ冨岡牧場,"1,691.6",1994.0,2011.0,2001.0
2016106304,チェリーレッド,牝,井上弘之,,ヴァーミリアン,2002100877,アガサ,2010103794,マンハッタンカフェ,1998101554,佐藤良二,前谷武志,"1,691.0",2002.0,2010.0,1998.0
2016102443,ルンルンキャット,牝,高柳大輔,,キングヘイロー,1995104427,ホッコーユニバース,2010102064,アグネスタキオン,1998101516,高昭牧場,高昭牧場,"1,689.0",1995.0,2010.0,1998.0
2016102035,メイショウテンダン,牡,南井克巳,,アイルハヴアナザー,000a011ed3,メイショウワカツキ,2005106286,マンハッタンカフェ,1998101554,松本好雄,富田牧場,"1,687.0",2009.0,2005.0,1998.0
2016106054,ローゼンリッター,牡,林隆之,,ハーツクライ,2001103038,キーブギー,000a010c85,Lyphard,000a001205,石塚史典,飛野牧場,"1,686.5",2001.0,1994.0,1969.0
2016105411,モーガンバローズ,牡,森下淳平,,トゥザグローリー,2007103265,ジェイケイオペラ,2007100823,オペラハウス,000a000d77,猪熊広次,池田牧場,"1,685.5",2007.0,2007.0,1988.0
2016101665,リュウヤ,牡,及川良春,,ロードカナロア,2008103552,エーシンヴァーゴウ,2007101300,ファルブラヴ,1998190004,欠畑圭一,栄進牧場,"1,685.5",2008.0,2007.0,1998.0
2016104642,マノアフォールズ,セ,東美義,,ハーツクライ,2001103038,ムーンライトダンス,000a010b61,Sinndar,000a002329,山本浩司,ノーザンファーム,"1,683.0",2001.0,2002.0,1997.0
2016102337,フライクーゲル,牡,黒岩陽一,,ハービンジャー,000a011996,ドリームキセキ,2001105200,フジキセキ,1992109618,水上行雄,笠松牧場,"1,683.0",2006.0,2001.0,1992.0
2016104444,ロードリッチ,セ,久保田貴,,ロードカナロア,2008103552,オークヒルパーク,2008103156,アグネスタキオン,1998101516,宇田豊,ノーザンファーム,"1,681.0",2008.0,2008.0,1998.0
2016110034,ヴィエナブロー,牝,林徹,,Camelot,000a011ed2,Danish Delight,000a013adb,Danehill Dancer,000a002309,吉田千津,Mr Hubert Mazeaud,"1,680.0",2009.0,2010.0,1993.0
2016104865,ブールバール,牝,大久保龍,,ルーラーシップ,2007103143,ヨゾラニネガイヲ,2010104174,アドマイヤムーン,2003102991,寺田寿男,ノーザンファーム,"1,680.0",2007.0,2010.0,2003.0
2016100117,ブラッドストーン,牡,小島茂之,,ローズキングダム,2007103404,マレンカヤ,2008104283,ファンタスティックライト,1996190005,加藤徹,大狩部牧場,"1,679.9",2007.0,2008.0,1996.0
2016102225,ランペドゥーザ,牝,大江原哲,,ゼンノロブロイ,2000101517,セイウンユウカ,1998100609,トニービン,1983109006,ミルファーム,ミリオンファーム,"1,675.9",2000.0,1998.0,1983.0
2016104383,エクスプローシブ,牡,尾関知人,,オルフェーヴル,2008102636,ラルナデミエル,000a011dc3,Monsun,000a010db6,社台レースホース,社台コーポレーション白老ファーム,"1,675.0",2008.0,2007.0,1990.0
2016103544,ラインエミネント,牡,陶文峰,,ルーラーシップ,2007103143,ラインアンジュ,2008105997,Rockport Harbor,000a0111ff,小橋亮太,日高大洋牧場,"1,671.1",2007.0,2008.0,2002.0
2016110026,スティーン,牡,荒井朋弘,,Frankel,000a01239b,More Than Sotka,000a013ac9,Dutch Art,000a0121d7,松嶋良治,Zalim Bifov,"1,670.0",2008.0,2010.0,2004.0
2016106043,プラネットアース,牡,石坂正,,ダイワメジャー,2001103114,ルルパンブルー,2005100568,ジャングルポケット,1998101786,吉澤克己,千代田牧場,"1,670.0",2001.0,2005.0,1998.0
2016104687,レッドモアナ,牝,坂口智康,,ジャスタウェイ,2009106461,ワイオラ,000a011dcf,Sadler's Wells,000a00185d,東京ホースレーシング,ノーザンファーム,"1,670.0",2009.0,2001.0,1981.0
2016102768,セントセシリア,牝,矢作芳人,,ハービンジャー,000a011996,セシリア,2009102124,アグネスタキオン,1998101516,田所英子,天羽牧場,"1,668.8",2006.0,2009.0,1998.0
2016100972,ロワシーナ,牡,吉岡辰弥,,カネヒキリ,2002100978,オグリダイアン,2004101040,キングヘイロー,1995104427,椎名節,ヤマタケ牧場,"1,667.4",2002.0,2004.0,1995.0
2016102995,キングイモン,牡,赤嶺亮,,パイロ,000a01176a,シャインオブハート,2006103001,アグネスタキオン,1998101516,井門敏雄,坂牧場,"1,666.0",2005.0,2006.0,1998.0
2016101999,ローリエテソーロ,牡,東眞市,,グランプリボス,2008103388,セルリアンブルー,2001100524,コマンダーインチーフ,000a0000b0,了徳寺健二ホールディングス,辻牧場,"1,660.2",2008.0,2001.0,1990.0
2016105497,ブライトアクトレス,牝,中川雅之,,スクリーンヒーロー,2004103328,タマヒカル,2002102475,パラダイスクリーク,1989109110,（株）レックス,岡田スタッド,"1,659.4",2004.0,2002.0,1989.0
2016105795,クルーズラミレス,牡,山中尊徳,,ローレルゲレイロ,2004100933,クリスタルブランカ,2009103899,ネオユニヴァース,2000101426,大久保和夫,静内酒井牧場,"1,658.5",2004.0,2009.0,2000.0
2016105082,クイーンズテイスト,牝,辻哲英,,キングカメハメハ,2001103460,セコンドピアット,2009105755,ハーツクライ,2001103038,社台レースホース,社台ファーム,"1,656.0",2001.0,2009.0,2001.0
2016104027,メンディ,牡,杉浦宏昭,,トランセンド,2006104736,メディテーション,2008102556,ゴールドアリュール,1999106689,リトルブルーファーム,リトルブルーファーム,"1,651.0",2006.0,2008.0,1999.0
2016105562,チャービル,牝,村上頼章,,シニスターミニスター,000a011099,チャームウィーク,2004105069,スペシャルウィーク,1995103211,村上稔,岡田牧場,"1,648.1",2003.0,2004.0,1995.0
2016102972,エイカイキャロル,牝,玉垣光章,,ロードカナロア,2008103552,ラフェクレール,2007103123,スペシャルウィーク,1995103211,二木英実,グッドラック・ファーム,"1,647.6",2008.0,2007.0,1995.0
2016106251,スターリット,牝,細川忠義,,ダンカーク,000a012185,マイソールラブ,2001104604,エルコンドルパサー,1995108742,酒井孝敏,フジワラファーム,"1,647.0",2006.0,2001.0,1995.0
2016102615,ゾロ,牡,小手川準,,English Channel,000a011c20,ジュエルボックスII,000a012efb,Pivotal,000a002328,北山敏隆,ヒダカファーム,"1,644.3",2002.0,2009.0,1993.0
2016106332,サクラザチェンジ,牡,南弘樹,,ストーミングホーム,1998190003,ライサ,2008100954,トーセンダンス,2002100594,橘勝年,増本牧場,"1,643.5",1998.0,2008.0,2002.0
2016110078,アメリカンソレイユ,牡,山崎尋美,,Tapit,000a011248,Funny Feeling,000a013cb5,Distorted Humor,000a0022ea,（株）吉澤ステーブル,S-B 2010 J.V. No. 2 and Summer Wind Equine,"1,642.5",2001.0,2007.0,1993.0
2016101744,デスティニープラン,牡,諏訪貴正,,サウスヴィグラス,1996110138,ラクスクライン,2007101183,ステイゴールド,1994108729,三宅勝俊,カナイシスタッド,"1,638.1",1996.0,2007.0,1994.0
2016105024,ウォーターブレイク,牝,河内洋,,ストロングリターン,2006102934,サニーデイサンデー,2008102855,ジャングルポケット,1998101786,山岡正人,社台コーポレーション白老ファーム,"1,638.0",2006.0,2008.0,1998.0
2016100255,ウインリベルタ,牡,及川良春,,スクリーンヒーロー,2004103328,フリーヴァケイション,000a006896,Fly So Free,000a001fbe,大黒富美子,コスモヴューファーム,"1,637.5",2004.0,1996.0,1988.0
2016101620,メイショウモルサ,牡,飯田祐史,,サウスヴィグラス,1996110138,メイショウスコール,2005100644,メイショウオウドウ,1995101767,松本和子,磯野牧場,"1,636.0",1996.0,2005.0,1995.0
2016106157,ヒルノアマランテ,牡,昆貢,,マンハッタンカフェ,1998101554,マジェスティックラニア,000a010ae3,Giant's Causeway,000a0022e1,ヒルノ,畠山牧場,"1,634.0",1998.0,2002.0,1997.0
2016101035,トモジャファイブ,牡,土井道隆,,ジャスタウェイ,2009106461,ジューシージーン,2005110109,High Chaparral,000a010270,吉冨学,乾皆雄,"1,632.2",2009.0,2005.0,1999.0
2016105310,プチティラン,牡,栗林徹治,,オルフェーヴル,2008102636,ワイルドフラッパー,2009105832,Ghostzapper,000a010525,吉岡寛行,社台ファーム,"1,632.0",2008.0,2009.0,2000.0
2016100072,タイセイドレッサー,牡,大橋勇樹,,ジャスタウェイ,2009106461,オンワードミシェル,2000100322,アンバーシャダイ,1977103827,田中成奉,石郷岡雅樹,"1,632.0",2009.0,2000.0,1977.0
2016105823,グラスミルキー,牝,尾形和幸,,ワークフォース,000a011a7f,ミルキーブロード,2009103639,クロフネ,1998110135,半沢,静内フジカワ牧場,"1,630.0",2007.0,2009.0,1998.0
2016103888,アールランペイジ,牡,伊藤大士,,キンシャサノキセキ,2003110212,カシマフラワー,2002107034,ヘクタープロテクター,000a000d6b,前原敏行,北島牧場,"1,626.5",2003.0,2002.0,1988.0
2016104759,ガラチコ,牡,加藤和義,,ディープインパクト,2002100816,サファリミス,000a012b0a,Not For Sale,000a011fae,鈴木淳人,ノーザンファーム,"1,616.8",2002.0,2011.0,1994.0
2016101512,ドラマ,牡,瀬戸幸一,,エスポワールシチー,2005102837,ハルシオンバード,000a010b75,Storm Bird,000a0016d4,村上豊蔵,米田牧場,"1,616.7",2005.0,1997.0,1978.0
2016105225,シャドウカンパニー,牡,荒山勝徳,,スクリーンヒーロー,2004103328,マクリス,1997103519,グルームダンサー,000a000162,飯塚知一,社台ファーム,"1,616.5",2004.0,1997.0,1984.0
2016100325,ビケット,牝,保利良平,,ブラックタイド,2001103312,ペルレストラーダ,2007104463,アルデバランＩＩ,000a010541,小林都美子,須崎牧場,"1,611.0",2001.0,2007.0,1998.0
2016104705,スターリーパレード,牡,西村真幸,,トーセンホマレボシ,2009106092,アドマイヤヒラリー,2002100896,Nashwan,000a001ce7,グリーンファーム,ノーザンファーム,"1,610.0",2009.0,2002.0,1986.0
2016103487,エストレラブランコ,牡,今津勝之,,ジャングルポケット,1998101786,フェルナンディーナ,1994108631,ノーザンテースト,000a000258,出口雄之,長谷川牧場,"1,607.6",1998.0,1994.0,1971.0
2016110090,マキ,牡,手塚貴久,,Pioneerof the Nile,000a0122f5,Life Well Lived,000a013bb9,Tiznow,000a00fa4b,吉田和美,WinStar Farm LLC,"1,605.0",2006.0,2007.0,1997.0
2016100690,コスモルシオ,牡,田島寿一,,タートルボウル,000a012045,コスモアンダルシア,2010105948,アドマイヤマックス,1999107004,（有）武田興業,ビッグレッドファーム,"1,596.1",2002.0,2010.0,1999.0
2016103298,エデリー,牡,久保勇,,ディープインパクト,2002100816,ヴァレリカ,000a012806,Dynaformer,000a001dd9,大野春男,ダーレー・ジャパン・ファーム,"1,594.3",2002.0,2007.0,1985.0
2016104448,ファクトゥーラ,牝,木村健,,マンハッタンカフェ,1998101554,カニョット,000a01199b,Sunray Spirit,000a0118fc,有馬久和,社台コーポレーション白老ファーム,"1,594.2",1998.0,2005.0,1999.0
2016102993,イリュージョニスト,牡,高橋俊之,,パイロ,000a01176a,キャンベルイモン,2006105170,バブルガムフェロー,1993109219,村瀬正,坂牧場,"1,594.2",2005.0,2006.0,1993.0
2016106560,レオズソーダライト,牝,海馬沢司,,アドマイヤムーン,2003102991,スナークリーズン,2000103886,サンダーガルチ,000a00035c,森田徹,笹地牧場,"1,593.5",2003.0,2000.0,1992.0
2016104520,スコッチリール,牝,林徹,,ジャスタウェイ,2009106461,ストラスペイ,2009106339,シンボリクリスエス,1999110099,サンデーレーシング,ノーザンファーム,"1,590.0",2009.0,2009.0,1999.0
2016104400,アドマイヤリーブラ,牡,南弘樹,,ハービンジャー,000a011996,アドマイヤキュート,2009106415,キングカメハメハ,2001103460,大塚亮一,ノーザンファーム,"1,587.0",2006.0,2009.0,2001.0
2016106405,アールコンセンサス,牡,矢作芳人,,ハーツクライ,2001103038,ステラマドレード,2003104941,フォーティナイナー,000a000134,前原敏行,チャンピオンズファーム,"1,583.6",2001.0,2003.0,1985.0
2016109010,ナスノダケ,牡,武井亮,,ヘニーヒューズ,000a011155,フリスコベイ,2009110062,ハードスパン,000a0116a1,那須野牧場,恵比寿興業株式会社那須野牧場,"1,580.0",2003.0,2009.0,2004.0
2016105424,ペイシャシキブ,セ,高橋裕,,ゼンノロブロイ,2000101517,ヤマイチシキブ,2008100045,ブライアンズタイム,000a000082,北所直人,石川牧場,"1,580.0",2000.0,2008.0,1985.0
2016110098,リサオブザナイル,牝,佐藤裕太,,Pioneerof the Nile,000a0122f5,Lisa T.,000a013c94,Awesome Again,000a0021cb,吉田千津,WinStar Farm LLC,"1,578.0",2006.0,2009.0,1994.0
2016100265,グロリアスカメオ,牝,水野貴史,,サウスヴィグラス,1996110138,グロリアスフラワー,2007102763,スペシャルウィーク,1995103211,吉野浩太朗,五丸農場,"1,578.0",1996.0,2007.0,1995.0
2016110075,サウスブルーグラス,セ,中川雅之,,Point of Entry,000a01293c,サウスヒューマー,2004110078,Distorted Humor,000a0022ea,栗嶋豊明,Winchester Farm,"1,570.3",2008.0,2004.0,1993.0
2016103607,ポベーダテソーロ,牡,加藤士津,,ブラックタイド,2001103312,スターカットジェム,2006109159,フォーティナイナー,000a000134,了徳寺健二ホールディングス,藤本ファーム,"1,567.9",2001.0,2006.0,1985.0
2016104789,トーセンマイスター,牡,小久保智,,キンシャサノキセキ,2003110212,センティナリー,2010104161,フレンチデピュティ,000a00013a,島川隆哉,ノーザンファーム,"1,562.5",2003.0,2010.0,1992.0
2016101098,リュウグウヒメ,牝,中野博,,ルーラーシップ,2007103143,リヴァプール,2002101083,ダンスインザダーク,1993109188,楊明翰,折手牧場,"1,560.8",2007.0,2002.0,1993.0
2016106168,ダウンタウンプリマ,牝,斎藤誠,,ヘニーヒューズ,000a011155,ダウンタウンガール,000a012954,City Zip,000a0127e6,林正道,服部牧場,"1,560.0",2003.0,2010.0,1998.0
2016103334,ベイオブコトル,セ,高柳瑞樹,,ゴールドアリュール,1999106689,ハーロンベイ,2010100652,Elusive Quality,000a00231f,ゴドルフィン,ダーレー・ジャパン・ファーム,"1,560.0",1999.0,2010.0,1993.0
2016104716,グリッサード,牡,吉村圭司,,シンボリクリスエス,1999110099,アンナヴァン,2001103430,エンドスウィープ,000a00010f,シルクレーシング,ノーザンファーム,"1,556.0",1999.0,2001.0,1991.0
2016104442,アドマイヤレオ,セ,南弘樹,,ノヴェリスト,000a012230,エンジェルフォール,2009106063,ジャングルポケット,1998101786,大塚亮一,ノーザンファーム,"1,553.0",2009.0,2009.0,1998.0
2016104242,ブラックバッジ,牡,武幸四郎,,ブラックタイド,2001103312,ラプーマ,000a010ac2,Lord at War,000a00193d,市川義美,レイクヴィラファーム,"1,553.0",2001.0,1997.0,1980.0
2016104674,クィーンユニバンス,牝,田村康仁,,ヴィクトワールピサ,2007102923,レディスキッパー,2007103371,クロフネ,1998110135,亀井哲也,ノーザンファーム,"1,552.0",2007.0,2007.0,1998.0
2016105711,ディーエスマグナム,セ,久保勇,,スマートボーイ,1995100385,ベストヒット,2010102682,サウスヴィグラス,1996110138,大黒富美子,グランド牧場,"1,551.6",1995.0,2010.0,1996.0
2016104694,アックアアルタ,牝,清水久詞,,ブラックタイド,2001103312,アガルタ,2007103323,キングカメハメハ,2001103460,サンデーレーシング,ノーザンファーム,"1,551.0",2001.0,2007.0,2001.0
2016100181,カッチョエペペ,牝,岡林光浩,,サウスヴィグラス,1996110138,ウインヴァネッサ,2008105055,アグネスタキオン,1998101516,平田修,川島牧場,"1,549.0",1996.0,2008.0,1998.0
2016105887,ヘルニーニョアキラ,牡,小久保智,,ジャスタウェイ,2009106461,ディディプリス,2011101671,ブライアンズタイム,000a000082,ＨｉｍＲｏｃｋＲａｃｉｎｇホールディングス,高橋義浩,"1,548.5",2009.0,2011.0,1985.0
2016102983,フィナルタ,牝,小林俊彦,,ブラックタイド,2001103312,マドモアゼルノン,2007105415,アフリート,000a000013,高橋清彦,小西ファーム,"1,545.1",2001.0,2007.0,1984.0
2016100386,アポロホープ,牝,大宮和也,,アポロキングダム,2003110139,スノーアード,2004100459,バブルガムフェロー,1993109219,角井紀夫,タニグチ牧場,"1,540.5",2003.0,2004.0,1993.0
2016105334,ハルカゼ,牡,平松徳彦,,エスポワールシチー,2005102837,ホリノティアラ,2005106861,アグネスデジタル,1997110025,下岸秀人,鈴木武蔵,"1,540.5",2005.0,2005.0,1997.0
2016105181,オンザウェイ,牡,大和田成,,アサクサキングス,2004103163,フェスタデルドンナ,1994101202,ヘクタープロテクター,000a000d6b,久保田定,社台ファーム,"1,540.0",2004.0,1994.0,1988.0
2016102890,ショーテンシ,牝,鈴木伸尋,,シニスターミニスター,000a011099,ショウナンカガリビ,2007103023,フレンチデピュティ,000a00013a,吉冨学,川島正広,"1,540.0",2003.0,2007.0,1992.0
2016100084,ディオーネプリンス,牡,森田直行,,ロジユニヴァース,2006103140,シルクアワード,2001101523,スピニングワールド,000a000325,齊藤雅志,石田牧場,"1,537.4",2006.0,2001.0,1993.0
2016101734,サブノダンサー,牝,阪本一栄,,サウスヴィグラス,1996110138,サブノイツトー,2010103160,ブラックタイド,2001103312,中川三郎,カナイシスタッド,"1,536.0",1996.0,2010.0,2001.0
2016100996,ロマンティコ,セ,藤沢和雄,,エンパイアメーカー,000a010542,ウェーブクイーン,2004101046,サッカーボーイ,1985103538,多田信尊,若林牧場,"1,535.0",2000.0,2004.0,1985.0
2016104713,アマーティ,牝,武井亮,,ルーラーシップ,2007103143,アマファソン,2007103118,フレンチデピュティ,000a00013a,吉田勝己,ノーザンファーム,"1,534.2",2007.0,2007.0,1992.0
2016109115,ダンツブライト,牝,古賀光範,,ゼンノロブロイ,2000101517,ヒラボクハッピー,2011102226,タイキシャトル,1994109686,山元哲二,ストームファームコーポレーション,"1,533.8",2000.0,2011.0,1994.0
2016101946,ブルベアヴェルデ,牡,藤原智行,,シニスターミニスター,000a011099,クリノトップレディ,1997100658,Salt Lake,000a001f5a,平野友保,谷口牧場,"1,533.7",2003.0,1997.0,1989.0
2016106321,タマモジャイブ,牝,伊藤圭三,,ヘニーヒューズ,000a011155,チャームダンス,2003105515,アフリート,000a000013,タマモ,前田牧場,"1,530.0",2003.0,2003.0,1984.0
2016106107,タニノマイカ,牝,寺島良,,ヴァーミリアン,2002100877,デコルテ,2007100210,タニノギムレット,1999100226,谷水雄三,西村和夫,"1,530.0",2002.0,2007.0,1999.0
2016100525,タガノハツコイ,牝,西園正都,,ゴールドアリュール,1999106689,タガノジョイナー,2009104949,キングカメハメハ,2001103460,八木良司,新冠タガノファーム,"1,530.0",1999.0,2009.0,2001.0
2016100825,バンディエラ,牡,目迫大輔,,エスポワールシチー,2005102837,ノットローズハート,2003100843,スキャン,000a000d69,橘勝年,松本信行,"1,526.0",2005.0,2003.0,1988.0
2016106216,タンレイ,牝,林隆之,,スウェプトオーヴァーボード,000a00fa34,サファーガ,2009106068,アグネスタキオン,1998101516,（株）リバティホース,藤沢牧場,"1,523.4",1997.0,2009.0,1998.0
2016100249,ウインカーマイン,牡,川島豊,,マツリダゴッホ,2003104570,ダイイチビビット,1996107344,トニービン,1983109006,田口絢子,コスモヴューファーム,"1,523.0",2003.0,1996.0,1983.0
2016101760,アスターブリザード,牡,武英智,,エイシンフラッシュ,2007102951,ボーテビューティ,2008101405,マンハッタンカフェ,1998101554,加藤久枝,ガーベラパークスタッド,"1,520.0",2007.0,2008.0,1998.0
2016101252,パシージョ,牡,田中博康,,ブラックタイド,2001103312,フォトジェニック,2008105783,Sinndar,000a002329,前田幸治,築紫洋,"1,520.0",2001.0,2008.0,1997.0
2016103162,ミルメルシー,牝,宗綱泰彦,,ダノンシャンティ,2007105709,ミルトス,2006102167,サクラバクシンオー,1989108341,金野博幸,白井牧場,"1,518.5",2007.0,2006.0,1989.0
2016103372,サンエイムサシ,牡,高月賢一,,シニスターミニスター,000a011099,ガイーヌ,2007103240,デュランダル,1999106756,鈴木雅俊,出口牧場,"1,515.3",2003.0,2007.0,1999.0
2016102388,ナムラマッチェリ,牝,宮川浩一,,ディープブリランテ,2009105084,ナムラケイオス,2009103253,ケイムホーム,000a0108d1,市村義和,桑田正己,"1,507.6",2009.0,2009.0,1999.0
2016105215,ベルポート,牝,保利良平,,スウェプトオーヴァーボード,000a00fa34,ベルグラーノ,2001103137,サンデーサイレンス,000a00033a,大社聡,社台ファーム,"1,504.5",1997.0,2001.0,1986.0
2016109123,カシノティーダ,牝,古賀光範,,ケイムホーム,000a0108d1,アドマイヤファイン,2007105617,シンボリクリスエス,1999110099,柏木務,本田土寿,"1,499.5",1999.0,2007.0,1999.0
2016106410,アスールプラージャ,牝,堀千亜樹,,エンパイアメーカー,000a010542,ダブルオベリスク,2009100619,アグネスタキオン,1998101516,眞保栄稔,チャンピオンズファーム,"1,499.0",2000.0,2009.0,1998.0
2016105770,ビッグスコール,牡,天間昭一,,ダイワメジャー,2001103114,ファビラスタイム,2009105923,シンボリクリスエス,1999110099,木村廣太,桜井牧場,"1,497.7",2001.0,2009.0,1999.0
2016106452,イサチルダイチ,牡,那俄性哲,,アドマイヤムーン,2003102991,ヒシヴェリタス,2007102184,アドマイヤドン,1999107052,シグラップ・マネジメ,八島夕起子,"1,496.2",2003.0,2007.0,1999.0
2016104920,ビッグバジェット,牝,川村守男,,ディープインパクト,2002100816,アンリミテッドバジェット,000a012946,ストリートセンス,000a0113a2,蔀英二,社台ファーム,"1,496.0",2002.0,2010.0,2004.0
2016102707,シャウエン,牝,西川精治,,モンテロッソ,000a011b05,デイドリーマー,2010100683,ネオユニヴァース,2000101426,清水敏,猿橋義昭,"1,496.0",2007.0,2010.0,2000.0
2016105252,サツマキリコ,牝,渡邊貴光,,エンパイアメーカー,000a010542,ミルフィオリ,2000101432,サンデーサイレンス,000a00033a,吉田哲哉,社台ファーム,"1,495.0",2000.0,2000.0,1986.0
2016105470,リゼ,牝,九日俊光,,フレンチデピュティ,000a00013a,キネオソレイユ,2011100356,ネオユニヴァース,2000101426,（同）ＪＰＮ技研,岡田スタッド,"1,494.8",1992.0,2011.0,2000.0
2016101451,スティールティアラ,牝,角川秀樹,,サウスヴィグラス,1996110138,ラヴィール,2001101380,キンググローリアス,000a000d48,菅野守雄,村上牧場,"1,493.7",1996.0,2001.0,1986.0
2016101202,ゼロカラ,牝,高月賢一,,モンテロッソ,000a011b05,オメガグッドラック,2004103287,マンハッタンカフェ,1998101554,（同）ランニング・ク,下屋敷牧場,"1,492.0",2007.0,2004.0,1998.0
2016100984,サツキサンダー,牝,浅野洋一,,カネヒキリ,2002100978,マスターギラティナ,2006105096,アグネスデジタル,1997110025,小野博郷,芳住鉄兵,"1,490.0",2002.0,2006.0,1997.0
2016102052,ナムラアイアイサー,牡,永田幸宏,,ヨハネスブルグ,000a0103b9,ナムラドロシー,2003104500,タバスコキャット,000a000348,北原大史,中島牧場,"1,489.8",1999.0,2003.0,1991.0
2016100309,トーセンアミ,牝,松木啓助,,オルフェーヴル,2008102636,クォリティシーズン,2008103847,トワイニング,000a000006,蕭敬意,社台ファーム,"1,484.0",2008.0,2008.0,1991.0
2016101672,エイシンフォーラン,牡,宗綱泰彦,,エイシンアポロン,2007110020,エーシンシルビア,2008101263,スペシャルウィーク,1995103211,ＪＰＮ技研,栄進牧場,"1,481.5",2007.0,2008.0,1995.0
2016100306,ヤマチョウヴォイス,牡,榎屋充,,ディープブリランテ,2009105084,セイカパンジー,1994106206,ダンシングブレーヴ,000a0000cc,川崎賢二,シンユウファーム,"1,481.0",2009.0,1994.0,1983.0
2016102238,ラフレシアレディ,牝,小西重征,,ベルシャザール,2008103004,マイネトップレディ,2003103533,ムタファーウエク,000a000d9e,吉田栄子,モトスファーム,"1,480.0",2008.0,2003.0,1996.0
2016102172,アイコニック,牝,稲垣幸雄,,オルフェーヴル,2008102636,ハイウェイトゥグローリー,000a0111cd,Cape Cross,000a0022ae,雅苑興業,三嶋牧場,"1,480.0",2008.0,2003.0,1994.0
2016105324,コルテ,牡,東眞市,,ワークフォース,000a011a7f,ダンツスウィフト,2009102618,ダイワメジャー,2001103114,（有）藤田自動車,加藤重治,"1,479.7",2007.0,2009.0,2001.0
2016103166,ワディアルヒタン,牝,真島元徳,,タイキシャトル,1994109686,ワディラム,2001103035,サンデーサイレンス,000a00033a,平井裕,白井牧場,"1,479.6",1994.0,2001.0,1986.0
2016102096,ボランテレオ,牡,森田直行,,ロードカナロア,2008103552,プラウドビューティー,000a010e8f,デインヒル,000a0000d1,近藤克麿,信岡牧場,"1,474.1",2008.0,2000.0,1986.0
2016105407,タイムゴールド,牝,堂山芳則,,タイムパラドックス,1998101683,サイマルタシュ,2002100586,Behrens,000a002306,安喰武雄,荒谷輝和,"1,474.0",1998.0,2002.0,1994.0
2016101984,イチバンヤリ,牡,松浦聡志,,セレスハント,2005101116,ウアジェト,2008101637,シンボリクリスエス,1999110099,岡浩二,辻牧場,"1,472.9",2005.0,2008.0,1999.0
2016105133,レッドレイル,セ,辻野泰之,,ディープインパクト,2002100816,ナイトオブドバイ,000a012f7e,Lord of England,000a0122be,東京ホースレーシング,社台ファーム,"1,472.2",2002.0,2008.0,2003.0
2016103974,デスパシート,牝,稲益貴弘,,パイロ,000a01176a,ブロードアピール,1994109547,Broad Brush,000a001e93,坂東牧場,坂東牧場,"1,471.0",2005.0,1994.0,1983.0
2016102973,サンハンツビル,牝,高橋優子,,アサクサキングス,2004103163,ウグイスジョウ,2003103623,フサイチコンコルド,1993109220,石井啓之,ケイズ,"1,465.7",2004.0,2003.0,1993.0
2016103290,アポロモーリアン,牝,赤嶺本浩,,モンテロッソ,000a011b05,アビシーナ,000a0123dc,Pivotal,000a002328,シグラップ・マネジメ,ダーレー・ジャパン・ファーム,"1,463.8",2007.0,2009.0,1993.0
2016100030,レディードリー,牝,深山雅史,,キンシャサノキセキ,2003110212,スリリングヴィクトリー,000a010e8d,Event of the Year,000a0103b2,小林博雄,秋田牧場,"1,462.0",2003.0,2002.0,1995.0
2016101737,ウマダユウサク,牡,阪本一栄,,メイショウボーラー,2001100650,タイキエリーゼ,2004106655,キングオブキングス,000a0001b8,伊藤温,カナイシスタッド,"1,461.0",2001.0,2004.0,1995.0
2016106141,アドレ,牝,浅野洋一,,ヒルノダムール,2007100727,ダッチェスドライヴ,2009102616,ストリートセンス,000a0113a2,ヒダカ・ブリーダーズ・ユニオン,橋本牧場,"1,460.0",2007.0,2009.0,2004.0
2016105479,ルミエールソレイユ,牝,新井清重,,キングカメハメハ,2001103460,サウスティーダ,2003105773,アドマイヤベガ,1996107396,（株）レックス,岡田スタッド,"1,456.0",2001.0,2003.0,1996.0
2016105117,ムーンオブバローダ,牡,目迫大輔,,スクリーンヒーロー,2004103328,テイラーバートン,2007102903,ジャングルポケット,1998101786,村田裕子,社台ファーム,"1,455.0",2004.0,2007.0,1998.0
2016105489,ウワサノコウタロウ,牡,佐久間雅,,アポロキングダム,2003110139,スマートシンパシー,2004105307,ダンスインザダーク,1993109188,上野耕一,岡田スタッド,"1,454.6",2003.0,2004.0,1993.0
2016100470,オトナノジジョウ,牝,宇野木博,,スクリーンヒーロー,2004103328,リャクダツアイ,2012101642,チチカステナンゴ,000a011135,内田玄祥,中地広大,"1,450.0",2004.0,2012.0,1998.0
2016105312,サンビンガムトン,牡,渡邊貴光,,トゥザグローリー,2007103265,タイムヒロイン,1999101271,ブライアンズタイム,000a000082,横田一男,浦河小林牧場,"1,448.3",2007.0,1999.0,1985.0
2016100066,グラマラススカイ,牝,的場直之,,カネヒキリ,2002100978,レッドフィオーレ,2008104241,バゴ,2001190004,（有）内田ステーブル,アラキファーム,"1,448.0",2002.0,2008.0,2001.0
2016104075,マイミッション,牡,山中尊徳,,ショウナンカンプ,1998102595,ディナータイム,000a0067d2,Bering,000a001bd5,加藤光淑,市川牧場,"1,446.5",1998.0,1996.0,1983.0
2016106492,エイシンオーディン,牡,胡本友晴,,ショウナンカンプ,1998102595,エーシンラージシー,2006101787,シンボリクリスエス,1999110099,岡田龍太郎,栄進牧場,"1,444.3",1998.0,2006.0,1999.0
2016105170,プルクラ,セ,堀宣行,,ジャスタウェイ,2009106461,Pirika,000a0122a8,Monsun,000a010db6,金子真人ホールディングス,社台ファーム,"1,443.1",2009.0,2008.0,1990.0
2016102111,ファタリテ,牡,大根田裕,,ロードカナロア,2008103552,ルミアージュ,2010104342,ハーツクライ,2001103038,奥裕嗣,日の出牧場,"1,442.0",2008.0,2010.0,2001.0
2016100676,コスモアニモーソ,牡,久保田信,,ベルシャザール,2008103004,アサヒカレンダー,2003100152,サニーブライアン,1994105719,豊島愛子,ビッグレッドファーム,"1,441.0",2008.0,2003.0,1994.0
2016105665,プリモダヴィンチ,牝,藤原辰雄,,ゴールドアリュール,1999106689,グランドホイッスル,2001103880,シアトルスズカ,1991103224,グランド牧場,グランド牧場,"1,440.0",1999.0,2001.0,1991.0
2016100985,ザディファレンス,牡,相沢郁,,アドマイヤムーン,2003102991,ムカラファ,000a010aab,Deputy Commander,000a0021b5,石瀬浩三,芳住鉄兵,"1,440.0",2003.0,2002.0,1994.0
2016102509,メモリーパール,牝,塚田隆男,,キャプテントゥーレ,2005102216,メモリーキャップ,2007106026,キャプテンスティーヴ,000a000d9d,シンザンクラブ,大北牧場,"1,438.1",2005.0,2007.0,1997.0
2016104157,ベアクアウフ,牡,清水英克,,アグネスデジタル,1997110025,エイダイマリア,2000100926,ウォーニング,000a000843,ディアレストクラブ,東振牧場,"1,435.0",1997.0,2000.0,1985.0
2016103735,サンエイロード,牡,佐藤浩一,,スマートファルコン,2005100097,キャリコローズ,2006106317,ネオユニヴァース,2000101426,鈴木雅俊,門別敏朗,"1,435.0",2005.0,2006.0,2000.0
2016100574,ヤマニンブルーベル,牝,斉藤崇史,,ダイワメジャー,2001103114,ヤマニンパピオネ,2008104795,スウェプトオーヴァーボード,000a00fa34,土井肇,錦岡牧場,"1,435.0",2001.0,2008.0,1997.0
2016103674,ミツカネラクリス,牝,伊藤和忍,,シニスターミニスター,000a011099,クロニカ,2000106791,Broad Brush,000a001e93,小山田満,槇本牧場,"1,434.0",2003.0,2000.0,1983.0
2016103493,マサノビジョン,牡,酒井仁,,トーセンラー,2008102985,ウェザーヘルム,2005102110,テイエムオペラオー,1996100292,小橋亮太,浜本牧場,"1,433.1",2008.0,2005.0,1996.0
2016104916,カーテンジュエル,牝,堀千亜樹,,キングカメハメハ,2001103460,アルデュール,2008103014,フレンチデピュティ,000a00013a,垣本栄一,社台ファーム,"1,430.0",2001.0,2008.0,1992.0
2016104644,ブラックモリオン,牝,池添学,,ルーラーシップ,2007103143,モルガナイト,2006103262,アグネスデジタル,1997110025,サンデーレーシング,ノーザンファーム,"1,430.0",2007.0,2006.0,1997.0
2016104535,ダイスアキャスト,牡,加藤征弘,,スマートファルコン,2005100097,ダイワオンディーヌ,2003102846,クロフネ,1998110135,Ｇ１レーシング,ノーザンファーム,"1,430.0",2005.0,2003.0,1998.0
2016101156,ロードゼウス,牡,吉岡辰弥,,ディープインパクト,2002100816,スピニングワイルドキャット,000a01250f,ハードスパン,000a0116a1,ロードホースクラブ,ケイアイファーム,"1,430.0",2002.0,2009.0,2004.0
2016106132,タマモクレマチス,牝,山田徹,,ベルシャザール,2008103004,チャームナデシコ,2005100783,ワイルドラッシュ,000a0003a1,斉藤三寛,野坂牧場,"1,428.7",2008.0,2005.0,1994.0
2016102722,エルピド,牡,後藤正義,,プリサイスエンド,000a00fe9b,カルブンクルス,2009100433,スタチューオブリバティ,000a0109d5,川添裕起,ディアレストクラブ,"1,427.9",1997.0,2009.0,2000.0
2016104184,ストロングジェット,牡,三宅直之,,ストロングリターン,2006102934,ハイスタージェット,2010100455,キングカメハメハ,2001103460,（株）ＴＫＫ,真壁信一,"1,424.4",2006.0,2010.0,2001.0
2016104968,アークロイヤル,牝,今野貞一,,ハービンジャー,000a011996,オメガエンブレム,2009105760,ウォーエンブレム,000a00fa35,原禮子,社台ファーム,"1,422.0",2006.0,2009.0,1999.0
2016104944,ロナ,牝,橋口慎介,,ロードカナロア,2008103552,エアジャメヴー,2005102215,シンボリクリスエス,1999110099,桑畑隆信,社台ファーム,"1,422.0",2008.0,2005.0,1999.0
2016105132,ジャパンスウェプト,牡,矢野義幸,,スウェプトオーヴァーボード,000a00fa34,ドルチェメンテ,2011104505,フジキセキ,1992109618,新谷幸義,社台ファーム,"1,420.0",1997.0,2011.0,1992.0
2016102878,フロリアーノ,牝,橋本和馬,,ロージズインメイ,000a010a10,ロッキーダンサー,2003106283,パークリージェント,000a000d01,高田勇三,賀張中川牧場,"1,420.0",2000.0,2003.0,1981.0
2016102170,タマノカイザー,牡,高柳瑞樹,,アイルハヴアナザー,000a011ed3,トーホウシャイン,2003106291,スペシャルウィーク,1995103211,玉腰勇吉,三嶋牧場,"1,420.0",2009.0,2003.0,1995.0
2016103160,ミッキーバラード,牝,瀬戸幸一,,ダノンバラード,2008103548,ミッキーアップル,2010101772,クロフネ,1998110135,酒井孝敏,白井牧場,"1,417.5",2008.0,2010.0,1998.0
2016102369,アッシャムス,牝,打越勇児,,エンパイアメーカー,000a010542,アドマイヤプルート,2004103496,アドマイヤコジーン,1996106512,桑田牧場,桑田牧場,"1,417.5",2000.0,2004.0,1996.0
2016105831,ミヤビフレッチャ,牡,山口浩幸,,スマートファルコン,2005100097,バービーライヒ,1997102901,スキーキャプテン,1992110097,冨田藤男,静内山田牧場,"1,415.7",2005.0,1997.0,1992.0
2016103937,スリーカナロアー,牡,南井克巳,,ロードカナロア,2008103552,トウカイポピー,2001107191,スピニングワールド,000a000325,永井商事,二風谷ファーム,"1,415.0",2008.0,2001.0,1993.0
2016103508,オーシャンブラック,牡,竹下太,,ストロングリターン,2006102934,ハッピーオーシャン,2000106539,ジェニュイン,1992109450,中川浩一郎,浜本幸雄,"1,414.6",2006.0,2000.0,1992.0
2016105160,サーフシェイパー,牡,中川竜馬,,アサクサキングス,2004103163,ビーチフラッグ,1997110257,Boundary,000a001f36,豊島愛子,社台ファーム,"1,414.5",2004.0,1997.0,1990.0
2016105807,タイニークイーン,牝,村上頼章,,タイムパラドックス,1998101683,ロッタ,2004104456,ティンバーカントリー,000a00035e,静内白井牧場,静内白井牧場,"1,411.5",1998.0,2004.0,1992.0
2016102800,イケノオテンチャン,牝,渡辺博文,,タイムパラドックス,1998101683,ドリーヴァーデン,2008106680,スパイキュール,2000101557,池添安雄,池添安雄,"1,411.5",1998.0,2008.0,2000.0
2016104387,グルファクシー,牝,堀宣行,,ハービンジャー,000a011996,レクレドール,2001103241,サンデーサイレンス,000a00033a,Ｇ１レーシング,社台コーポレーション白老ファーム,"1,411.0",2006.0,2001.0,1986.0
2016106354,ハクサンカイザー,牡,西園正都,,シルポート,2005109202,オークヒルズ,2005105604,ブライアンズタイム,000a000082,河崎五市,三木田牧場,"1,410.0",2005.0,2005.0,1985.0
2016104382,アルクス,セ,池江泰寿,,ハービンジャー,000a011996,ラルシュドール,2009106562,シンボリクリスエス,1999110099,社台レースホース,社台コーポレーション白老ファーム,"1,410.0",2006.0,2009.0,1999.0
2016104234,ピンシェル,牡,高橋文雅,,ルーラーシップ,2007103143,メジロドーベル,1994108393,メジロライアン,1987105368,岩崎伸道,レイクヴィラファーム,"1,410.0",2007.0,1994.0,1987.0
2016106534,ナンヨーシンゲツ,牡,小沢宏次,,キングズベスト,000a0022d2,ナンヨーサフラウア,2008103295,アグネスタキオン,1998101516,堀口晴男,三好牧場,"1,409.5",1997.0,2008.0,1998.0
2016105091,マジックリアリズム,牝,尾関知人,,ディープインパクト,2002100816,ソーマジック,2005102296,シンボリクリスエス,1999110099,社台レースホース,社台ファーム,"1,405.0",2002.0,2005.0,1999.0
2016101883,メイショウガッツ,セ,高馬元紘,,アイルハヴアナザー,000a011ed3,メイショウデイム,2007101565,マンハッタンカフェ,1998101554,松本好隆,太陽牧場,"1,404.5",2009.0,2007.0,1998.0
2016101952,ラッキーバローズ,牡,三野宮通,,ドリームジャーニー,2004102753,レオソレイユ,2002103068,オペラハウス,000a000d77,星加浩一,谷口牧場,"1,403.1",2004.0,2002.0,1988.0
2016101601,アブシンス,牝,村上実,,ダンカーク,000a012185,ヴィーヴァタキオン,2008102706,アグネスタキオン,1998101516,佐々木寛明,山口幸雄,"1,403.0",2006.0,2008.0,1998.0
2016110117,モントカイザー,セ,菅原勲,,Sea The Moon,000a012696,Ealaan,000a013d2b,インヴァソール,000a0114ba,大黒富美子,Mrs D. du Feu,"1,401.4",2011.0,2010.0,2002.0
2016102876,ポシーブレ,牡,堀江仁,,ヨハネスブルグ,000a0103b9,ボールドスマッシュ,2008102774,ネオユニヴァース,2000101426,高田勇三,賀張中川牧場,"1,397.0",1999.0,2008.0,2000.0
2016104831,シャンデフレーズ,牝,田島寿一,,エイシンフラッシュ,2007102951,フラゴリーネ,2009106150,ディープインパクト,2002100816,組）ゴッテスフルス,ノーザンファーム,"1,395.0",2007.0,2009.0,2002.0
2016100804,サプライズレター,牝,古澤悟,,ベルシャザール,2008103004,ピンクサプライズ,2008109012,ネオユニヴァース,2000101426,熊坂俊一,松浦牧場,"1,393.6",2008.0,2008.0,2000.0
2016105701,イージーナウ,牝,内田勝義,,シニスターミニスター,000a011099,プリエミネンス,1997102034,アフリート,000a000013,グランド牧場,グランド牧場,"1,388.0",2003.0,1997.0,1984.0
2016105369,ストラトスフィア,牝,鮫島一歩,,エンパイアメーカー,000a010542,Cosmic Wish,000a011b74,Dixieland Band,000a0017b2,フクキタル,パカパカファーム,"1,386.0",2000.0,2001.0,1980.0
2016100961,タガノゴマチャン,牡,加用正,,スウェプトオーヴァーボード,000a00fa34,アレキパ,2010103863,スペシャルウィーク,1995103211,八木良司,八木牧場,"1,386.0",1997.0,2010.0,1995.0
2016100503,ルフィアンキック,牡,工藤真司,,シンボリクリスエス,1999110099,アドマイヤシズカ,2004102794,ダンスインザダーク,1993109188,佐野幸一郎,新冠伊藤牧場,"1,385.3",1999.0,2004.0,1993.0
2016105938,コパノマーティン,牡,村山明,,スクリーンヒーロー,2004103328,ラブディラン,2009103765,Dylan Thomas,000a011072,小林祥晃,谷岡牧場,"1,385.0",2004.0,2009.0,2003.0
2016104767,アンクルテイオウ,牡,鈴木正也,,ハービンジャー,000a011996,シュペトレーゼ,2010104144,ディープインパクト,2002100816,岩崎僖澄,ノーザンファーム,"1,384.0",2006.0,2010.0,2002.0
2016101210,イフユーワナ,牡,林正人,,アドマイヤムーン,2003102991,ブロードチョイス,000a0116ef,A.P. Indy,000a001d37,山口裕介,下屋敷牧場,"1,383.2",2003.0,2006.0,1989.0
2016101027,アイモンスター,牝,岡田一男,,キンシャサノキセキ,2003110212,ナヴィガトリア,2004102810,クロフネ,1998110135,ライフエンタープライ,飯岡牧場,"1,382.0",2003.0,2004.0,1998.0
2016103127,フィオレドーロ,牝,角居勝彦,,オルフェーヴル,2008102636,レイカーラ,2009102441,キングカメハメハ,2001103460,下河辺隆行,下河辺牧場,"1,380.0",2008.0,2009.0,2001.0
2016100220,ヤサカリベルテ,牡,水野貴広,,サウンドボルケーノ,2008110123,ヤサカシャイニー,2008104310,アドマイヤジャパン,2002102324,志邑宣彦,小泉牧場,"1,379.0",2008.0,2008.0,2002.0
2016100882,ショウナンマンカイ,牝,三坂盛雄,,ゴールドアリュール,1999106689,ショウナンラヴオン,2005100221,シンボリクリスエス,1999110099,国本哲秀,ムラカミファーム,"1,374.5",1999.0,2005.0,1999.0
2016105843,エムワンピーコ,牝,晴山厚司,,プリサイスエンド,000a00fe9b,アートレインボー,2010102922,アドマイヤジャパン,2002102324,（株）マネジメント・,聖心台牧場,"1,370.0",1997.0,2010.0,2002.0
2016104941,ホウオウクリスティ,牝,池上昌和,,ハーツクライ,2001103038,ヴェイルドクリス,2005102348,シンボリクリスエス,1999110099,小笹芳央,社台ファーム,"1,370.0",2001.0,2005.0,1999.0
2016101176,アルデエンブレム,牡,清水久詞,,アルデバランII,000a010541,コーラルチャイムズ,2000100016,サンデーサイレンス,000a00033a,中村忠彦,斉藤スタッド,"1,370.0",1998.0,2000.0,1986.0
2016100628,ブルーコーラル,牝,清水英克,,サウスヴィグラス,1996110138,カクテルラウンジ,2005102429,タニノギムレット,1999100226,ローレルレーシング,ハクツ牧場,"1,370.0",1996.0,2005.0,1999.0
2016100824,ヴィクトリアポデル,牡,大島静夫,,アドマイヤムーン,2003102991,シーアクトレス,2008105035,ネオユニヴァース,2000101426,永谷友一郎,松本信行,"1,367.8",2003.0,2008.0,2000.0
2016100715,マイネルカゲツ,牡,阪本一栄,,アドマイヤムーン,2003102991,ニシノムーンライト,1999107138,Diesis,000a001815,三岡陽,ビッグレッドファーム,"1,365.5",2003.0,1999.0,1980.0
2016103526,ハーベストゴールド,牡,石川浩文,,オリオンザサンクス,1996103237,エピソードレディー,2011103357,ゼンノロブロイ,2000101517,重松慶城,坂東ファーム,"1,365.0",1996.0,2011.0,2000.0
2016105898,カルカリーナ,牝,有馬澄男,,オウケンブルースリ,2005102548,ジェネスタキオン,2003102521,アグネスタキオン,1998101516,山口敦広,田中裕之,"1,364.6",2005.0,2003.0,1998.0
2016105311,サンライズアカシア,牡,柏原誠路,,エンパイアメーカー,000a010542,カシュカシュ,2009102465,アフリート,000a000013,松岡隆雄,浦河小林牧場,"1,360.3",2000.0,2009.0,1984.0
2016100779,エドノミッドナイト,牝,宇野木博,,エスポワールシチー,2005102837,コンシステンシー,000a010636,Polar Falcon,000a001f3f,遠藤喜松,北星村田牧場,"1,359.6",2005.0,1999.0,1987.0
2016103369,ハプルーン,牡,赤嶺亮,,フリオーソ,2004106867,デジタルゴールド,2007105786,アグネスデジタル,1997110025,武仲勝,坪田信作,"1,358.5",2004.0,2007.0,1997.0
2016102386,モリトローテローゼ,牝,水野貴史,,タイキシャトル,1994109686,イセノメガミ,2008100749,ネオユニヴァース,2000101426,佐藤正晴,桑田正己,"1,357.9",1994.0,2008.0,2000.0
2016101499,セントサレディー,牝,菅原右吉,,アッミラーレ,1997100569,エイシンルンルン,1999101289,マヤノトップガン,1992102988,シグラップ・マネジメ,山野牧場,"1,356.7",1997.0,1999.0,1992.0
2016101498,ユイノムサシ,牡,加藤和宏,,スウェプトオーヴァーボード,000a00fa34,クリムゾンフレア,2001100351,サンデーサイレンス,000a00033a,（株）ファーストビジ,山口忠彦,"1,355.8",1997.0,2001.0,1986.0
2016102984,カシノビート,牡,古賀光範,,タイキシャトル,1994109686,リードスキー,1997106255,マルゼンスキー,000a0003bd,柏木務,小西ファーム,"1,355.2",1994.0,1997.0,1974.0
2016104381,エルラティオ,牡,八木正喜,,ロードカナロア,2008103552,ラリーズン,000a01116f,Labeeb,000a011134,シグラップ・マネジメ,社台コーポレーション白老ファーム,"1,354.1",2008.0,2000.0,1992.0
2016100105,ケイゴールド,牝,井手上慎,,サムライハート,2002100996,ビーナストリック,2010105329,キングヘイロー,1995104427,岡島行一,岩見牧場,"1,353.3",2002.0,2010.0,1995.0
2016104813,イルジオーネ,牝,武藤善則,,ワークフォース,000a011a7f,ネオイリュージョン,2006103384,ネオユニヴァース,2000101426,キャロットファーム,ノーザンファーム,"1,350.0",2007.0,2006.0,2000.0
2016100194,ハシノオージャ,牡,三宅直之,,キョウワスプレンダ,2001101706,キュートシルフ,2006104318,キングヘイロー,1995104427,小橋亮太,協和牧場,"1,350.0",2001.0,2006.0,1995.0
2016100795,アルファフレイム,牡,坂本昇,,パイロ,000a01176a,アルファアリア,2010105279,リンカーン,2000101561,近藤勝安,松浦牧場,"1,348.5",2005.0,2010.0,2000.0
2016105812,トモジャバロンド,牡,岡田利一,,サウスヴィグラス,1996110138,オペラガール,2010102785,オペラハウス,000a000d77,吉冨学,静内フジカワ牧場,"1,348.0",1996.0,2010.0,1988.0
2016103425,エムオーアプローズ,牡,川村守男,,タイムパラドックス,1998101683,アンジュールラブ,2007105323,グリーンアプローズ,1994109559,遠藤喜和,西野春樹,"1,346.0",1998.0,2007.0,1994.0
2016102190,メイショウブラボー,牝,飯田良弘,,ブラックタイド,2001103312,メイショウナナイロ,2008101791,タイキシャトル,1994109686,橘勝年,三嶋牧場,"1,343.5",2001.0,2008.0,1994.0
2016106166,ノーブルテラ,牝,田辺陽一,,グランプリボス,2008103388,ゴールデンアリー,2000102543,ラムタラ,000a0001d4,吉木伸彦,服部牧場,"1,343.0",2008.0,2000.0,1992.0
2016104370,ダイレクトフライト,牡,高橋清顕,,クロフネ,1998110135,ストレートラブ,2009106555,アグネスタキオン,1998101516,今中俊平,社台コーポレーション白老ファーム,"1,341.0",1998.0,2009.0,1998.0
2016102423,カズマッカレン,セ,田中譲二,,ダイワメジャー,2001103114,ダニエラズフラワー,000a012553,Corinthian,000a01173f,（同）ＪＰＮ技研,高昭牧場,"1,341.0",2001.0,2009.0,2003.0
2016103766,ジャングルキッド,牝,川田孝好,,クロフネ,1998110135,ブラボージャングル,2007106222,ジャングルポケット,1998101786,松岡隆雄,ヤナガワ牧場,"1,340.3",1998.0,2007.0,1998.0
2016109128,エリーバラード,牝,村田順一,,アルデバランII,000a010541,デンコウブルー,2006103553,キングカメハメハ,2001103460,谷川正純,本田土寿,"1,340.0",1998.0,2006.0,2001.0
2016104217,ミヤコローズ,牝,石川栄,,ダイワメジャー,2001103114,アルバローズ,2000101690,エリシオ,1993190001,吉田喜代司,レイクヴィラファーム,"1,340.0",2001.0,2000.0,1993.0
2016104285,ロジフェーヴル,牡,小林俊彦,,オルフェーヴル,2008102636,タマユラ,2011110057,Tamayuz,000a011c79,千葉貢,追分ファーム,"1,338.0",2008.0,2011.0,2005.0
2016103763,ダイリュウクイーン,牝,米田英世,,ヘニーヒューズ,000a011155,ダイリュウビーナス,2011101850,ディープスカイ,2005101358,大野龍,ヤナガワ牧場,"1,335.5",2003.0,2011.0,2005.0
2016106099,キモンカラー,牝,斎藤誠,,シニスターミニスター,000a011099,キモンレッド,2008100726,サウスヴィグラス,1996110138,小林祥晃,西村和夫,"1,335.0",2003.0,2008.0,1996.0
2016103094,アルバリズム,牝,河内洋,,ダイワメジャー,2001103114,パッションローズ,2005103173,アフリート,000a000013,松岡隆雄,下河辺牧場,"1,335.0",2001.0,2005.0,1984.0
2016101062,フクサンダーク,牡,小西一男,,フリオーソ,2004106867,エレガントフラッグ,2005102285,ダンスインザダーク,1993109188,小沼博,沖田忠幸,"1,335.0",2004.0,2005.0,1993.0
2016104043,グローリアスライブ,牝,川島雅人,,ゴールドヘイロー,1997101264,ルーマードダイヤ,2009101630,シーキングザダイヤ,2001110220,日下部勝徳,大作ステーブル,"1,334.6",1997.0,2009.0,2001.0
2016103068,アペタイザー,牡,宗石大,,ケープブランコ,000a011b06,シンメイゲイルス,2006105494,ダンスインザダーク,1993109188,（同）ＪＰＮ技研,下河辺牧場,"1,333.0",2007.0,2006.0,1993.0
2016103409,ジェイエルフラッグ,牝,加藤和宏,,タイムパラドックス,1998101683,ホウライビクトリア,2006105807,コロナドズクエスト,000a0000b5,（株）ファーストビジ,ナカノファーム,"1,331.0",1998.0,2006.0,1995.0
2016100645,オーブラン,牡,酒井一則,,マンハッタンカフェ,1998101554,パールブロッサム,2009102974,アドマイヤドン,1999107052,山本智也,ハシモトファーム,"1,331.0",1998.0,2009.0,1999.0
2016103762,ミスアニバーサリー,牝,荒山勝徳,,アイルハヴアナザー,000a011ed3,タイセイエトワール,2000106882,トニービン,1983109006,平田修,ヤナガワ牧場,"1,330.0",2009.0,2000.0,1983.0
2016103873,パレスラブリー,牝,角川秀樹,,ディープブリランテ,2009105084,キャメロンバローズ,2006105711,シングスピール,1992190005,西村豊,稲原牧場,"1,327.5",2009.0,2006.0,1992.0
2016103083,カーディストリー,牝,瀬戸幸一,,ノヴェリスト,000a012230,ダイワスピリット,2005103189,ダンスインザダーク,1993109188,酒井孝敏,下河辺牧場,"1,327.4",2009.0,2005.0,1993.0
2016103215,スマートエリス,牝,尾関知人,,サウスヴィグラス,1996110138,バーニントウショウ,2002104942,バブルガムフェロー,1993109219,大川徹,杵臼牧場,"1,325.0",1996.0,2002.0,1993.0
2016100293,ダバイダバイ,牝,坂本昇,,リーチザクラウン,2006102923,ディアンムー,2002102003,ワカオライデン,1981100841,（株）本城,佐藤義紀,"1,325.0",2006.0,2002.0,1981.0
2016102897,ホッコーシェルビー,牡,井手上慎,,ノヴェリスト,000a012230,ホッコーマスタング,2007102073,アグネスフライト,1997103400,冨田清誠,川端正博,"1,324.6",2009.0,2007.0,1997.0
2016101228,ルルド,牡,平山真希,,キンシャサノキセキ,2003110212,イズミコマンダー,2006103684,コマンダーインチーフ,000a0000b0,井手尾篤志,タガミファーム,"1,321.9",2003.0,2006.0,1990.0
2016105147,バイザディンプル,牝,安田隆行,,オルフェーヴル,2008102636,バイザスポーツ,000a011169,Devil's Bag,000a001a8f,増田和啓,社台ファーム,"1,320.0",2008.0,2000.0,1981.0
2016103461,ナツノトビラ,牝,橘友和,,スウェプトオーヴァーボード,000a00fa34,ニッセイグリーン,2010100862,シンボリクリスエス,1999110099,堀口晴男,日西牧場,"1,320.0",1997.0,2010.0,1999.0
2016101088,スターオブバラード,牡,池田忠好,,ダノンバラード,2008103548,シンコウエトワール,1994106877,トニービン,1983109006,光安了,小野秀治,"1,319.8",2008.0,1994.0,1983.0
2016103567,シングンスパーク,牡,渡部則夫,,シングンオペラ,1998105609,エフロレス,2006102781,キングカメハメハ,2001103460,伊坂重憲,広富牧場,"1,319.5",1998.0,2006.0,2001.0
2016104985,ベンガラグンジョウ,牡,東原己俊,,ストロングリターン,2006102934,カタマチボタン,2004103222,ダンスインザダーク,1993109188,高橋貢,社台ファーム,"1,317.3",2006.0,2004.0,1993.0
2016100956,イッツショータイム,牡,安池成実,,タイムパラドックス,1998101683,ドルフィン,2007105112,サウスヴィグラス,1996110138,（有）森井ホームサー,八木明広,"1,317.3",1998.0,2007.0,1996.0
2016102152,メイショウヤワラギ,牝,長倉功,,メイショウサムソン,2003102205,ウォータームージカ,2009100779,フレンチデピュティ,000a00013a,高橋真紀,三嶋牧場,"1,317.0",2003.0,2009.0,1992.0
2016103283,クリスタルニキータ,牝,高橋純,,パイロ,000a01176a,ロッキーバッハ,1995102922,アジュディケーティング,000a000d5d,大黒富美子,タバタファーム,"1,316.5",2005.0,1995.0,1987.0
2016104788,コットンスノー,セ,土井道隆,,ダンカーク,000a012185,スリールドランジュ,2011103753,ゼンノロブロイ,2000101517,木稲安則,ノーザンファーム,"1,316.2",2006.0,2011.0,2000.0
2016106535,オオゾラ,牡,杉山佳明,,パイロ,000a01176a,ナンヨーナイト,2005104836,クロフネ,1998110135,平口信行,三好牧場,"1,316.0",2005.0,2005.0,1998.0
2016101305,ゴー,牡,小野望,,アドマイヤマックス,1999107004,ベルモントデーンズ,1998100769,アジュディケーティング,000a000d5d,白戸光広,中橋正,"1,315.9",1999.0,1998.0,1987.0
2016100374,マッチョサスポ,牝,岡田利一,,ロージズインメイ,000a010a10,シルクラズベリー,2003100456,フォーティナイナー,000a000134,西山篤史,武田修一,"1,314.8",2000.0,2003.0,1985.0
2016105221,ピチカートポルカ,牝,高馬元紘,,ロードカナロア,2008103552,ポルカマズルカ,2006102994,ティンバーカントリー,000a00035e,小濱正智,社台コーポレーション白老ファーム,"1,314.6",2008.0,2006.0,1992.0
2016103260,シンライ,牡,菊川正達,,スウェプトオーヴァーボード,000a00fa34,ハッピーティア,2008105717,ホワイトマズル,1990109700,丸岡啓一,滝本健二,"1,314.2",1997.0,2008.0,1990.0
2016102220,ホクトローリー,牡,岡野尚光,,トゥザグローリー,2007103265,ロイヤルシフォン,2009100818,ダイワメジャー,2001103114,飛田忠次,宮内牧場,"1,313.5",2007.0,2009.0,2001.0
2016103185,アイオブザタイガー,牡,中川雅之,,スマートファルコン,2005100097,ミラノリッチ,2011100440,キングカメハメハ,2001103460,（有）新生ファーム,新生ファーム,"1,311.9",2005.0,2011.0,2001.0
2016105591,ピンクレイク,牡,高橋清顕,,ダノンシャンティ,2007105709,ケツァール,2008102764,ストラヴィンスキー,000a00fa41,魚住啓市,小倉光博,"1,311.0",2007.0,2008.0,1996.0
2016105296,イチゴチャン,牝,高馬元紘,,ノヴェリスト,000a012230,レッドリップス,2006102912,フレンチデピュティ,000a00013a,（株）マフィン,社台ファーム,"1,311.0",2009.0,2006.0,1992.0
2016103067,トゥプエデス,牡,高橋康之,,ローズキングダム,2007103404,シルバーベル,1997106337,Red Ransom,000a001c68,佐藤理,下河辺牧場,"1,311.0",2007.0,1997.0,1987.0
2016105290,レッドアウローラ,牝,音無秀孝,,ディープインパクト,2002100816,レジュールダムール,2007102889,Kingmambo,000a001d7e,東京ホースレーシング,社台ファーム,"1,310.0",2002.0,2007.0,1990.0
2016100637,ガーデンコンサート,牝,尾関知人,,ロードカナロア,2008103552,アースサウンド,2007110094,Yes It's True,000a010753,グリーンファーム,ハシモトファーム,"1,310.0",2008.0,2007.0,1996.0
2016106607,ゼネラルヴィント,牡,佐宗応和,,バーディバーディ,2007100567,スコーピオンリジイ,2002101391,アジュディケーティング,000a000d5d,西田順彦,レジェンドファーム,"1,308.0",2007.0,2002.0,1987.0
2016105644,マーヴェラスクイン,牝,古賀慎明,,ダンカーク,000a012185,ラズベリータイム,2003104385,フジキセキ,1992109618,山本又一郎,木村秀則,"1,306.0",2006.0,2003.0,1992.0
2016103542,ゴルヴァ,牡,渡辺薫彦,,ゴールドアリュール,1999106689,ポニーガール,1998106415,Seattle Slew,000a0015fc,サイプレスホールディングス,日高大洋牧場,"1,305.8",1999.0,1998.0,1974.0
2016100203,トーセンジンライム,牡,酒井仁,,ローレルゲレイロ,2004100933,エルフィンパーク,2005102489,タニノギムレット,1999100226,安田功夫,競優牧場,"1,303.7",2004.0,2005.0,1999.0
2016104679,ロジギムレット,牡,国枝栄,,ロジユニヴァース,2006103140,ロジフェローズ,2007105940,タニノギムレット,1999100226,久米田正明,ノーザンファーム,"1,300.0",2006.0,2007.0,1999.0
2016101130,アキンド,牡,粕谷昌央,,アポロキングダム,2003110139,ジョウネツノアラシ,1998105648,アフリート,000a000013,小田切有一,木下牧場,"1,300.0",2003.0,1998.0,1984.0
2016100822,ケンゴッド,牡,溝橋利喜,,パイロ,000a01176a,キアーロ,2005105201,ゴールドアリュール,1999106689,組）オールザベスト組,松本信行,"1,297.6",2005.0,2005.0,1999.0
2016100133,ハクユウフライヤー,牡,菅原右吉,,クロフネ,1998110135,ジョイオブフライト,000a0066cd,Silver Hawk,000a0019b4,高橋清彦,オリエント牧場,"1,295.6",1998.0,1996.0,1979.0
2016102060,コングラツィア,牝,大島静夫,,ノボジャック,1997110152,ヒダカナデシコ,2007100034,シンボリクリスエス,1999110099,（有）総武開発,中脇満,"1,294.3",1997.0,2007.0,1999.0
2016104068,セリス,牝,朝倉実,,スマートファルコン,2005100097,ステップワイズ,2009103822,プリサイスエンド,000a00fe9b,（有）ノマ,新井牧場,"1,294.0",2005.0,2009.0,1997.0
2016104522,ジョリスヴェニール,牡,渡辺和雄,,ゴールドアリュール,1999106689,ストロングメモリー,2000101456,エンドスウィープ,000a00010f,吉田勝己,社台コーポレーション白老ファーム,"1,292.5",1999.0,2000.0,1991.0
2016101446,スターキャデラック,牡,川西毅,,アドマイヤマックス,1999107004,スリーキュート,2001103736,トワイニング,000a000006,坂本順子,三石ファーム,"1,291.4",1999.0,2001.0,1991.0
2016102476,エルマスフエルテ,牡,久保杉隆,,バトルプラン,000a0118e8,ジュシラ,2006102936,ネオユニヴァース,2000101426,小野寺悠太,鮫川啓一,"1,291.1",2005.0,2006.0,2000.0
2016105461,エンシャントロア,牝,今井輝和,,アイルハヴアナザー,000a011ed3,エンシャントアーツ,2005100547,Maria's Mon,000a002285,ノルマンディーサラブレッドレーシング,岡田スタッド,"1,285.0",2009.0,2005.0,1993.0
2016106282,ラブミーピンク,牝,堀千亜樹,,タイキシャトル,1994109686,キモンオレンジ,2011102583,ダンスインザダーク,1993109188,小林祥晃,へいはた牧場,"1,282.5",1994.0,2011.0,1993.0
2016102193,メイショウアステカ,牝,武幸四郎,,ルーラーシップ,2007103143,メイショウマリア,2005102413,マンハッタンカフェ,1998101554,松本好隆,三嶋牧場,"1,280.0",2007.0,2005.0,1998.0
2016101966,スウォードキング,牡,田島寿一,,タイムパラドックス,1998101683,モエレアイドル,2006103787,ゴールドヘイロー,1997101264,組）ゴッテスフルス,大道牧場,"1,279.5",1998.0,2006.0,1997.0
2016100281,アルディートシチー,牡,林正人,,アッミラーレ,1997100569,ユノマニッシュ,2006103103,ホワイトマズル,1990109700,友駿ホースクラブ,坂元芳春,"1,278.7",1997.0,2006.0,1990.0
2016102954,マリノオークション,牝,飯田良弘,,シンボリクリスエス,1999110099,マリノアンチーク,2011101400,アドマイヤムーン,2003102991,矢野悦三,クラウン日高牧場,"1,277.0",1999.0,2011.0,2003.0
2016105410,ジョブックビザーレ,牡,渡部則夫,,エンパイアメーカー,000a010542,カルトマリーヌ,2007100433,クロフネ,1998110135,江川伸夫,池田スタッド,"1,276.3",2000.0,2007.0,1998.0
2016102420,ミスターホウジュ,牡,中野博,,アドマイヤムーン,2003102991,ソシアルチャーム,2005103169,シルバーチャーム,000a00227c,（同）ＪＰＮ技研,高昭牧場,"1,274.7",2003.0,2005.0,1994.0
2016103173,フォアフロント,牡,井上孝彦,,スターリングローズ,1997106560,サジッタ,2010100709,ネオユニヴァース,2000101426,（有）新生ファーム,新生ファーム,"1,270.3",1997.0,2010.0,2000.0
2016104330,エヌワイパフューム,牝,伊坂重信,,ジャスタウェイ,2009106461,ラプターセイハート,2008102738,トワイニング,000a000006,サンアンドコム,社台コーポレーション白老ファーム,"1,270.0",2009.0,2008.0,1991.0
2016102380,ハギノオムイデアル,セ,松田国英,,クロフネ,1998110135,ハギノクィーン,2009100007,キングカメハメハ,2001103460,日隈良江,桑田牧場,"1,270.0",1998.0,2009.0,2001.0
2016102122,アドゥシール,牝,中川竜馬,,ゼンノロブロイ,2000101517,タイキグラミー,2010105073,フレンチデピュティ,000a00013a,豊島愛子,ビクトリーホースランチ,"1,269.1",2000.0,2010.0,1992.0
2016100643,アルバストラーダ,牡,月岡健二,,フリオーソ,2004106867,チェリッシュレディ,1999106676,バブルガムフェロー,1993109219,田村孝仁,ハシモトファーム,"1,267.0",2004.0,1999.0,1993.0
2016106005,マーチャンスルー,牝,雑賀正光,,ワイルドラッシュ,000a0003a1,ノベンバースルー,000a0105cd,Seattle Slew,000a0015fc,庄司紫紀,千代田牧場,"1,265.0",1994.0,1997.0,1974.0
2016100611,クラヴィーア,牝,河津裕昭,,ジャスタウェイ,2009106461,ハーモニー,2009105025,Street Cry,000a0103ba,前田幸治,ノースヒルズ,"1,265.0",2009.0,2009.0,1998.0
2016102644,エンゼルキッズ,牝,宮川真衣,,フリオーソ,2004106867,ラヴィーダ,2005102449,ウォーエンブレム,000a00fa35,国田正忠,伏木田牧場,"1,264.5",2004.0,2005.0,1999.0
2016106568,トーセンテキーラ,牡,小久保智,,パイロ,000a01176a,キシュウグラシア,2006105852,フジキセキ,1992109618,島川隆哉,日西牧場,"1,261.1",2005.0,2006.0,1992.0
2016106579,スイーツビュッフェ,牝,西田雄一,,ゴールドアリュール,1999106689,サイモンドルチェ,2007106695,ジャングルポケット,1998101786,ＹＧＧホースクラブ,ヤナガワ牧場,"1,260.0",1999.0,2007.0,1998.0
2016105139,クリスタロス,牡,大江原哲,,タートルボウル,000a012045,ネオザミスティック,2008103054,ハーツクライ,2001103038,吉田照哉,社台コーポレーション白老ファーム,"1,260.0",2002.0,2008.0,2001.0
2016102319,エンパイアシュアー,牡,和田雄二,,トビーズコーナー,000a011fed,チェリーシェル,2010101976,サクラバクシンオー,1989108341,ターフ・スポート,荻伏服部牧場,"1,260.0",2008.0,2010.0,1989.0
2016101377,アテンフェアリー,牝,萱野浩二,,サウスヴィグラス,1996110138,ハロウィンパレード,2007105542,アグネスデジタル,1997110025,齊藤直信,本桐牧場,"1,259.0",1996.0,2007.0,1997.0
2016105222,ネルソンタッチ,牡,大島静夫,,ディープインパクト,2002100816,マイジェン,000a0120d2,Fusaichi Pegasus,000a0022cf,ＳＲＥ（同）,社台ファーム,"1,258.6",2002.0,2007.0,1997.0
2016102595,ゴールドアポロン,牡,鹿沼良和,,メイショウボーラー,2001100650,ギャラクティコ,2009101272,マンハッタンカフェ,1998101554,厚沢保明,バンブー牧場,"1,258.5",2001.0,2009.0,1998.0
2016100301,ブラックプリンス,牡,小久保智,,ダノンシャンティ,2007105709,クロススピード,2006104433,サウスヴィグラス,1996110138,国田正忠,シンユウファーム,"1,258.5",2007.0,2006.0,1996.0
2016105637,パブロフテソーロ,牡,加藤士津,,タイキシャトル,1994109686,ベネディーレ,2007105559,クロフネ,1998110135,了徳寺健二ホールディングス,木村秀則,"1,258.2",1994.0,2007.0,1998.0
2016100116,マルヨキング,牡,村上頼章,,ローレルゲレイロ,2004100933,マルヨシロワイン,2006101118,アジュディケーティング,000a000d5d,野村春行,大狩部牧場,"1,258.0",2004.0,2006.0,1987.0
2016104089,シントーキング,牡,林幻,,ゴールドアリュール,1999106689,シンボルスカ,2000101616,ティンバーカントリー,000a00035e,中野辰三,上水牧場,"1,256.6",1999.0,2000.0,1992.0
2016100198,トゥールナージュ,牝,渡瀬寛彰,,エイシンフラッシュ,2007102951,キョウワジャンヌ,2008104415,ハーツクライ,2001103038,浅川昌彦,協和牧場,"1,256.5",2007.0,2008.0,2001.0
2016110122,サトノソレイユ,牝,池江泰寿,,Frankel,000a01239b,Debonnaire,000a012a3b,Anabaa,000a0022e2,サトミホースカンパニー,Mt. Brilliant Broodmares II LLC,"1,253.0",2008.0,2005.0,1992.0
2016103620,グラウシュトラール,セ,大竹正博,,スウェプトオーヴァーボード,000a00fa34,フォーミー,2008106101,アドマイヤマックス,1999107004,ノルマンディーサラブレッドレーシング,碧雲牧場,"1,250.0",1997.0,2008.0,1999.0
2016101169,ベイコート,牝,高橋義忠,,ロードカナロア,2008103552,レディバラード,1997110261,Unbridled,000a001cd0,中村祐子,ケイアイファーム,"1,250.0",2008.0,1997.0,1987.0
2016104879,オメガ,セ,川添明弘,,ダイワメジャー,2001103114,リアリサトリス,000a011dd1,Numerous,000a002191,栗嶋豊明,ノーザンファーム,"1,249.2",2001.0,2008.0,1991.0
2016100802,プリマヴォルタ,牝,茂崎正善,,タイムパラドックス,1998101683,テイエムプリンセス,2010106024,ネオユニヴァース,2000101426,谷謙介,松浦牧場,"1,249.2",1998.0,2010.0,2000.0
2016105408,ボビン,牝,内野健二,,キングヘイロー,1995104427,サトノフタバ,2005102271,アグネスタキオン,1998101516,長橋秀雄,荒谷輝和,"1,248.0",1995.0,2005.0,1998.0
2016100543,メガディスカバリー,セ,山崎尋美,,ワークフォース,000a011a7f,ギンザクイーンビー,2006103158,フレンチデピュティ,000a00013a,有馬博文,新冠橋本牧場,"1,247.4",2007.0,2006.0,1992.0
2016104132,ロビュスト,牡,藪口一麻,,モンテロッソ,000a011b05,ダナエ,2007102045,バイオマスター,1996110233,（有）太盛,ストロベリーフィールドファーム,"1,244.0",2007.0,2007.0,1996.0
2016103904,ラキエストバイオ,牝,新井清重,,パイロ,000a01176a,アイドルバイオ,2008103163,ディープインパクト,2002100816,バイオ（株）,清水牧場,"1,240.6",2005.0,2008.0,2002.0
2016103578,スターオブジーン,牡,川添明弘,,ドリームジャーニー,2004102753,ナリタカサブランカ,2008103667,ディープインパクト,2002100816,（株）アプエンテ,広富牧場,"1,240.6",2004.0,2008.0,2002.0
2016103330,サブゼロ,牡,川田孝好,,ジャスタウェイ,2009106461,デザートチル,000a0116dc,Red Ransom,000a001c68,倉重博文,ダーレー・ジャパン・ファーム,"1,240.3",2009.0,2005.0,1987.0
2016100485,キーシグナル,牡,松平幸秀,,トゥザグローリー,2007103265,フォールメドウ,2009102496,アグネスタキオン,1998101516,北前孔一郎,中本牧場,"1,240.1",2007.0,2009.0,1998.0
2016101518,ビーザチェンジ,牡,吉井竜一,,メイショウボーラー,2001100650,モエトレゾール,2007106801,ゴールドアリュール,1999106689,（有）馬の友舎,レースホース牧場,"1,240.0",2001.0,2007.0,1999.0
2016104192,エムオールビー,牝,尾形和幸,,エムオーウイナー,2001107097,ペンタルビー,1995105931,サンデーサイレンス,000a00033a,大浅貢,橋本牧場,"1,239.6",2001.0,1995.0,1986.0
2016104576,ドンヒューズ,牡,澤佳宏,,ヘニーヒューズ,000a011155,ヒアーズトウショウ,2011102308,フジキセキ,1992109618,山本又一郎,ノーザンファーム,"1,237.0",2003.0,2011.0,1992.0
2016110132,セイウンコービー,牡,山口浩幸,,Congrats,000a010687,Royal Card,000a013f1c,Chapel Royal,000a01109a,冨田藤男,Woodford Thoroughbreds,"1,235.0",2000.0,2006.0,2001.0
2016104109,バレン,牡,小野寺晋,,アッミラーレ,1997100569,ブランフィル,2008105503,アフリート,000a000013,（有）ジェムインター,大川牧場,"1,235.0",1997.0,2008.0,1984.0
2016101392,リュウオウ,牡,迫田清美,,ヴァーミリアン,2002100877,シニョリーナベラ,000a010a9a,Unbridled,000a001cd0,甲原晃,前田ファーム,"1,234.8",2002.0,2002.0,1987.0
2016101926,キンジトー,牡,手島勝利,,ヴィクトワールピサ,2007102923,テレフォニカ,000a01062d,Distant View,000a002161,吉田勝利,谷川牧場,"1,233.3",2007.0,2001.0,1991.0
2016103085,ダノンレグナム,牡,大久保龍,,ディープインパクト,2002100816,ダノンプリマドンナ,2007105519,シンボリクリスエス,1999110099,ダノックス,下河辺牧場,"1,226.0",2002.0,2007.0,1999.0
2016104725,ヤンチャヒメ,牝,安田隆行,,クロフネ,1998110135,ウエストコースト,2006103322,シンボリクリスエス,1999110099,ユアストーリー,ノーザンファーム,"1,225.0",1998.0,2006.0,1999.0
2016100917,サピアウォーフ,牝,斎藤誠,,クロフネ,1998110135,ファーストチェア,2004103028,ジャングルポケット,1998101786,小田吉男,村田牧場,"1,225.0",1998.0,2004.0,1998.0
2016102475,ハクサンウェーブ,牡,加藤和義,,プリサイスエンド,000a00fe9b,サウンドウェーブ,2007102012,シンボリクリスエス,1999110099,河崎五市,鮫川啓一,"1,224.5",1997.0,2007.0,1999.0
2016105871,ラハイナヌーン,牝,川西毅,,カフェラピード,2008101059,ラハイナII,000a0123d4,Milt's Overture,000a012301,ノルマンディーサラブレッドレーシング,タイヘイ牧場,"1,223.5",2008.0,2008.0,1991.0
2016100862,ピュアヒカリ,セ,藤川純,,ドリームジャーニー,2004102753,ピュアプレジャー,2008100102,Tiznow,000a00fa4b,鶴見芳子,村上欽哉,"1,223.1",2004.0,2008.0,1997.0
2016101234,トウケイココノエ,牝,永島太郎,,クロフネ,1998110135,レイオブライト,1996106034,ウイニングチケット,1990102314,中埜克,タガミファーム,"1,223.0",1998.0,1996.0,1990.0
2016105585,テンプテーション,牡,岩崎真樹,,ジャスタウェイ,2009106461,レディクローリス,2001106264,フォーティナイナー,000a000134,阿部憲三,岡田牧場,"1,222.0",2009.0,2001.0,1985.0
2016102183,メイショウラッシュ,牝,石橋守,,ケイムホーム,000a0108d1,メイショウアリア,000a0123e1,Hurricane Run,000a01189d,松本好隆,三嶋牧場,"1,222.0",1999.0,2008.0,2002.0
2016102490,モンタナドライブ,牡,山崎裕也,,プリサイスエンド,000a00fe9b,メイショウアリス,2007101792,マンハッタンカフェ,1998101554,福原聡,鮫川ファーム,"1,220.3",1997.0,2007.0,1998.0
2016105255,ディープサドラーズ,セ,久保田貴,,ディープインパクト,2002100816,メイキアシー,000a011dcc,Sadler's Wells,000a00185d,廣崎利洋ＨＤ,社台ファーム,"1,220.0",2002.0,2004.0,1981.0
2016104585,クロウエア,牝,羽月友彦,,トーセンホマレボシ,2009106092,ピンクアリエス,2007103297,キングカメハメハ,2001103460,キャロットファーム,ノーザンファーム,"1,220.0",2009.0,2007.0,2001.0
2016104561,インバウンド,牝,林徹,,ロードカナロア,2008103552,ハイドバウンド,000a011cdb,Grand Slam,000a0022b9,保坂和孝,ノーザンファーム,"1,220.0",2008.0,2007.0,1995.0
2016104290,フリュート,牡,水野貴史,,クロフネ,1998110135,ツクバエトワール,2010104553,ディープインパクト,2002100816,日向剛,追分ファーム,"1,218.3",1998.0,2010.0,2002.0
2016103056,ブルーノバローズ,牡,佐藤浩一,,ジャスタウェイ,2009106461,ゴーカロライナ,000a010b63,Rahy,000a001c5e,池田俊道,下河辺牧場,"1,218.3",2009.0,1997.0,1985.0
2016102626,マイネルジェンマ,牡,内野健二,,シンボリクリスエス,1999110099,ローゼクヴァルツ,2011103785,スペシャルウィーク,1995103211,（同）ＪＰＮ技研,ヒダカファーム,"1,217.8",1999.0,2011.0,1995.0
2016101710,アイムソーグレイト,牡,真島元徳,,サウスヴィグラス,1996110138,スイングサンデー,2007101346,スペシャルウィーク,1995103211,平井裕,岡部牧場,"1,217.8",1996.0,2007.0,1995.0
2016103029,オルオル,牝,新井清重,,バーディバーディ,2007100567,ニュープロローグ,2011103564,キングカメハメハ,2001103460,福原聡,サンバマウンテンファーム,"1,217.7",2007.0,2011.0,2001.0
2016100780,ヘニーオーザ,牡,工藤真司,,ヘニーヒューズ,000a011155,ホクセーメジャー,2009105234,ダイワメジャー,2001103114,西森鶴,北星村田牧場,"1,216.5",2003.0,2009.0,2001.0
2016105729,キャメロン,牡,今野貞一,,ケープブランコ,000a011b06,ティンクルハート,2003100655,サンデーサイレンス,000a00033a,川勝裕之,今牧場,"1,216.0",2007.0,2003.0,1986.0
2016105229,アサクサマヤ,牝,高柳瑞樹,,アサクサキングス,2004103163,マチカネハツシマダ,1995108850,Private Account,000a00181a,櫻井素子,社台ファーム,"1,216.0",2004.0,1995.0,1976.0
2016103224,カーリングストーン,牡,打越勇児,,アサクサキングス,2004103163,アドマイヤトパーズ,2005106252,アドマイヤベガ,1996107396,國分純,スマイルファーム,"1,211.0",2004.0,2005.0,1996.0
2016100191,シンゼンストロング,牡,竹下太,,ルーラーシップ,2007103143,ローレルデフィー,2000104613,ラムタラ,000a0001d4,太田全哉,川島牧場,"1,211.0",2007.0,2000.0,1992.0
2016103376,プライムシスター,牝,西村真幸,,ルーラーシップ,2007103143,ミラクルフラッグ,2007105764,スパイキュール,2000101557,小林英一ホールディングス,出口牧場,"1,210.0",2007.0,2007.0,2000.0
2016100184,ジュリアヴィーナス,牝,沼澤英知,,ジャスタウェイ,2009106461,ジュリアビコー,1999106988,ジェイドロバリー,000a0001a7,小国和紀,川島牧場,"1,210.0",2009.0,1999.0,1987.0
2016106109,タニノドラマ,牡,松田国英,,タニノギムレット,1999100226,ブライダルベール,2006100872,キングカメハメハ,2001103460,谷水雄三,西村和夫,"1,205.8",1999.0,2006.0,2001.0
2016101534,スズカブランコ,牡,堀内岳志,,ケープブランコ,000a011b06,アドマイヤパンチ,2006102146,ワイルドラッシュ,000a0003a1,永井啓弍,様似共栄牧場,"1,205.0",2007.0,2006.0,1994.0
2016103932,グランヴァニーユ,牝,橘友和,,クロフネ,1998110135,ティアレ,2007103183,キングカメハメハ,2001103460,犬塚悠治郎,中田牧場,"1,204.2",1998.0,2007.0,2001.0
2016103451,ニシノアマタ,牝,大島静夫,,ディープブリランテ,2009105084,ニシノワン,2010104125,ウォーエンブレム,000a00fa35,成富直行,谷川牧場,"1,202.7",2009.0,2010.0,1999.0
2016102184,オノーレペスカ,牝,小桧山悟,,トーセンホマレボシ,2009106092,メイショウアルペン,2004102268,Dixie Union,000a00fdbe,三岡陽,三嶋牧場,"1,202.3",2009.0,2004.0,1997.0
2016105250,エターナルディーバ,牝,清水久詞,,キングカメハメハ,2001103460,ミラクルレジェンド,2007102873,フジキセキ,1992109618,社台レースホース,社台ファーム,"1,201.0",2001.0,2007.0,1992.0
2016100670,タウィーザ,牡,安田隆行,,ブラックタイド,2001103312,レッドスレッド,2002102284,パントレセレブル,000a000271,ノースヒルズ,平山牧場,"1,200.0",2001.0,2002.0,1994.0
2016105872,クリノイヴァンカ,牝,黒木豊,,ハーツクライ,2001103038,ローマンクィーン,2009110070,Holy Roman Emperor,000a011ab8,田賀孝昭,タイヘイ牧場,"1,199.4",2001.0,2009.0,2004.0
2016101441,ゴールドソックス,牡,山崎裕也,,ネオユニヴァース,2000101426,ケイアイエリザベス,2003107134,フレンチデピュティ,000a00013a,澤田孝之,三石橋本牧場,"1,199.3",2000.0,2003.0,1992.0
2016100682,コスモアイトーン,牡,稻田彰宏,,スクリーンヒーロー,2004103328,キーパップ,2009106458,フレンチデピュティ,000a00013a,組）オールザベスト組,ビッグレッドファーム,"1,197.5",2004.0,2009.0,1992.0
2016105476,ウインドカクテル,牝,新井清重,,アイルハヴアナザー,000a011ed3,キラリン,2005100121,シンボリクリスエス,1999110099,レックス,岡田スタッド,"1,195.4",2009.0,2005.0,1999.0
2016103296,ロイヤルヨット,牡,石井勝男,,キングズベスト,000a0022d2,ウェイヴランナー,000a012807,Raven's Pass,000a011d04,坪野谷有花,ダーレー・ジャパン・ファーム,"1,193.8",1997.0,2010.0,2005.0
2016104172,ヨシケンモンロー,牡,野口孝,,ジャングルポケット,1998101786,フィールザラブ,2009105592,デュランダル,1999106756,岡田義雄,平岡牧場,"1,191.6",1998.0,2009.0,1999.0
2016102398,ボルンカズマ,牡,川添明弘,,ジャスタウェイ,2009106461,アグネスパサー,2001103041,エルコンドルパサー,1995108742,組）リノレーシング,高昭牧場,"1,191.6",2009.0,2001.0,1995.0
2016110111,ヨークテソーロ,牝,高木登,,Kingman,000a0124ab,Masaya,000a013d25,Dansili,000a010a5f,了徳寺健二ホールディングス,Rabbah Bloodstock Limited,"1,190.0",2011.0,2008.0,1996.0
2016102281,アルカイクスマイル,牝,高木登,,クロフネ,1998110135,アルカイックレディ,2004110122,Mr. Greeley,000a00213e,梅田牧場,梅田牧場,"1,190.0",1998.0,2004.0,1992.0
2016101133,シントーゴールド,牡,矢野義幸,,フレンチデピュティ,000a00013a,ラシルフィード,1999106700,サンデーサイレンス,000a00033a,中野辰三,木下牧場,"1,189.0",1992.0,1999.0,1986.0
2016106526,ラブリーギャル,牝,海馬沢司,,ルースリンド,2001106791,ラブリーカランコエ,2008105877,ゴールドアリュール,1999106689,（同）ＪＰＮ技研,坂戸節子,"1,187.5",2001.0,2008.0,1999.0
2016100452,ロシアンブルー,牝,小久保智,,スクリーンヒーロー,2004103328,ヒシレーシー,2003100529,タイキシャトル,1994109686,ＨｉｍＲｏｃｋＲａｃｉｎｇホールディングス,飛渡牧場,"1,187.0",2004.0,2003.0,1994.0
2016100317,プリンシアルーチェ,牝,宮田敬介,,ヘニーヒューズ,000a011155,ヤサシイキモチ,2005105195,ビッグサンデー,1994105040,芳川貴行,スカイビーチステーブル,"1,186.0",2003.0,2005.0,1994.0
2016102007,ピンクキャンディー,牝,小林俊彦,,シンボリクリスエス,1999110099,ピンクベリーニ,2011105902,フジキセキ,1992109618,千葉重雄,辻牧場,"1,185.0",1999.0,2011.0,1992.0
2016101549,カフェノヴィーン,牝,菅原欣也,,ノヴェリスト,000a012230,サニーラブカフェ,2004103936,マンハッタンカフェ,1998101554,佐藤言夫,猿倉牧場,"1,184.1",2009.0,2004.0,1998.0
2016106541,ゴールデンゾーン,牡,角田輝也,,キンシャサノキセキ,2003110212,トウカイファイン,2004106738,フレンチデピュティ,000a00013a,星野祐介,碧雲牧場,"1,183.5",2003.0,2004.0,1992.0
2016105490,ラブリロンリロンス,牡,国沢利照,,ナカヤマフェスタ,2006102424,ズブロッカ,2005100230,アグネスデジタル,1997110025,組）オールザベスト組,岡田スタッド,"1,182.7",2006.0,2005.0,1997.0
2016104612,マイディアライフ,牡,柳井宏之,,ジャスタウェイ,2009106461,ペルヴィアンリリー,2004103056,フレンチデピュティ,000a00013a,Ｉレーシング（株）,ノーザンファーム,"1,182.2",2009.0,2004.0,1992.0
2016104034,シゲルアパライト,牡,横山保,,パイロ,000a01176a,シゲルトマト,2009102672,ルールオブロー,000a010d7d,北原大史,大林ファーム,"1,182.2",2005.0,2009.0,2001.0
2016103474,シンボリビーノ,セ,武井和実,,パイロ,000a01176a,ウルビーノ,2007100885,ワイルドラッシュ,000a0003a1,北原大史,野島牧場,"1,181.1",2005.0,2007.0,1994.0
2016104097,ゴールデンボイス,牡,村上頼章,,ストロングリターン,2006102934,プレミアクロス,1997103068,タマモクロス,1984101673,小田和子,上水牧場,"1,179.0",2006.0,1997.0,1984.0
2016102454,ミトノマジック,牝,鈴木義久,,ヨハネスブルグ,000a0103b9,ハニーハント,2001103448,エンドスウィープ,000a00010f,（有）Ｍ’ｓ,小島牧場,"1,178.8",1999.0,2001.0,1991.0
2016101146,リトルエイト,牝,山崎尋美,,ロードカナロア,2008103552,エイトディズアパート,000a01115b,Forest Wildcat,000a0021d8,井田晴夫,ケイアイファーム,"1,177.2",2008.0,2004.0,1991.0
2016105163,ピエナペリー,牝,茂崎正善,,クロフネ,1998110135,ピエナメダリスト,2008101300,ディープインパクト,2002100816,藤原裕和,社台ファーム,"1,177.0",1998.0,2008.0,2002.0
2016103424,サンタンデール,牝,栗田裕光,,ローズキングダム,2007103404,コウユーノミチ,2006105826,キングヘイロー,1995104427,杉浦正佳,長田ファーム,"1,177.0",2007.0,2006.0,1995.0
2016102382,ヴェル,牝,川西毅,,キンシャサノキセキ,2003110212,ベルミュール,2010102047,キングカメハメハ,2001103460,桑田牧場,桑田牧場,"1,174.8",2003.0,2010.0,2001.0
2016102390,ケンブリッジウィズ,牝,櫻田康二,,メイショウボーラー,2001100650,ケンブリッジスワン,2009103551,ゴールドアリュール,1999106689,中西宏彰,ケンブリッジバレー,"1,174.0",2001.0,2009.0,1999.0
2016101170,ロードオヒア,牡,保利良平,,キングカメハメハ,2001103460,レディブラッサム,1996107173,Storm Cat,000a001a98,松田幸生,ケイアイファーム,"1,170.2",2001.0,1996.0,1983.0
2016104218,ヴァルドワーズ,牝,和田正一,,ダノンシャンティ,2007105709,ウィストラム,2002100688,フレンチデピュティ,000a00013a,シルクレーシング,レイクヴィラファーム,"1,170.0",2007.0,2002.0,1992.0
2016100660,タイムパワー,牡,赤嶺本浩,,タイムパラドックス,1998101683,バラッドレディ,2009104452,ムーンバラッド,000a00fe8f,二瓶徹,ヒカル牧場,"1,168.5",1998.0,2009.0,1999.0
2016101398,スマートサーブル,牡,竹下直人,,ゴールドアリュール,1999106689,マーベラスビジン,2008105993,クロフネ,1998110135,（株）ファーストビジ,前田ファーム,"1,165.8",1999.0,2008.0,1998.0
2016103129,アスクフラッシュ,牡,横山保,,エイシンフラッシュ,2007102951,レッドデセーオ,2008105618,アグネスタキオン,1998101516,北原大史,下河辺牧場,"1,165.6",2007.0,2008.0,1998.0
2016102833,グラビテーション,牡,山崎裕也,,ベルシャザール,2008103004,ネバーエンディング,2002100784,エンドスウィープ,000a00010f,山口裕介,大江牧場,"1,165.0",2008.0,2002.0,1991.0
2016106553,メイクロード,牝,内野健二,,パイロ,000a01176a,ブラストエルサ,2006101029,キングカメハメハ,2001103460,（有）アクティブ,カネツ牧場,"1,164.0",2005.0,2006.0,2001.0
2016101355,ニシノフルバンク,牡,市村誠,,サウスヴィグラス,1996110138,フェレット,1997103390,サンデーサイレンス,000a00033a,和氣竜彦,藤巻則弘,"1,162.0",1996.0,1997.0,1986.0
2016102569,タケルライジング,牡,井手上慎,,ゴールドアリュール,1999106689,ヒシタイトル,2009101218,キングカメハメハ,2001103460,冨田清誠,中村雅明,"1,159.2",1999.0,2009.0,2001.0
2016104276,チェスターコート,牡,山口浩幸,,オルフェーヴル,2008102636,シーリーコート,2004103080,Distorted Humor,000a0022ea,近澤貴敏,追分ファーム,"1,150.9",2008.0,2004.0,1993.0
2016105586,ケイティマドンナ,牝,清水英克,,サクラプレジデント,2000102261,ケイティローレル,2006100519,サクラローレル,1991103498,瀧本和義,岡野牧場,"1,150.0",2000.0,2006.0,1991.0
2016105087,マードレヴォイス,牡,田村康仁,,ダイワメジャー,2001103114,ソウルフルヴォイス,2007102847,キングカメハメハ,2001103460,ディアレストクラブ,社台ファーム,"1,150.0",2001.0,2007.0,2001.0
2016102506,アリスブルー,牝,松永康利,,マンハッタンカフェ,1998101554,フェルメールブルー,1997104081,ノーザンテースト,000a000258,サラブレッドクラブ・ラフィアン,大北牧場,"1,150.0",1998.0,1997.0,1971.0
2016102244,サッキースピネル,牡,立花貢,,ヴァーミリアン,2002100877,アイタペアペア,2001102314,アフリート,000a000013,��景孤�,山田昇史,"1,149.9",2002.0,2001.0,1984.0
2016100516,ドナブライドル,牝,松島寿,,ダンカーク,000a012185,スパニッシュソウル,2003106607,フジキセキ,1992109618,三岡陽,新冠タガノファーム,"1,149.4",2006.0,2003.0,1992.0
2016109020,グローバルステップ,牡,米田英世,,キンシャサノキセキ,2003110212,アドバンスクラーレ,2007103139,サクラバクシンオー,1989108341,吉澤克己,恵比寿興業株式会社那須野牧場,"1,146.5",2003.0,2007.0,1989.0
2016103365,ジーガーワールド,牡,東眞市,,シンボリクリスエス,1999110099,レインボーマグナム,2005103355,マンハッタンカフェ,1998101554,鳥飼慶一,千葉飯田牧場,"1,146.0",1999.0,2005.0,1998.0
2016102719,スズロザーナ,牝,高橋裕,,ドリームジャーニー,2004102753,アンルーリー,2010103177,チーフベアハート,1993190010,森達郎,ディアレストクラブ,"1,146.0",2004.0,2010.0,1993.0
2016105677,ラフレシアオジョー,牝,小西重征,,ヴィットリオドーロ,2009110009,スズカノオジョー,2002104506,サンデーサイレンス,000a00033a,田中克郎,グランド牧場,"1,145.7",2009.0,2002.0,1986.0
2016105513,タイドオブハピネス,牡,坂井英光,,ブラックタイド,2001103312,フォーハピネス,2009103333,ファスリエフ,000a00fc4c,ノルマンディーサラブレッドレーシング,岡田スタッド,"1,141.3",2001.0,2009.0,1997.0
2016101830,パーティーアニマル,牡,入口由美,,ローズキングダム,2007103404,メイショウグレイス,2002103309,グラスワンダー,1995108676,篠塚和郎,近藤牧場,"1,140.4",2007.0,2002.0,1995.0
2016104224,マイネルメーア,牡,赤嶺本浩,,ゴールドアリュール,1999106689,パシフィックベル,1999106887,アフリート,000a000013,永谷友一郎,レイクヴィラファーム,"1,140.1",1999.0,1999.0,1984.0
2016101692,ダミアンバローズ,牡,井樋一也,,マンハッタンカフェ,1998101554,ドラマティーク,000a0116c8,Darshaan,000a0019b1,小橋亮太,栄進牧場,"1,137.7",1998.0,2002.0,1981.0
2016103686,ブルベアブロンゾ,牡,服部利之,,アポロキングダム,2003110139,キタノオペラ,2001107051,グランドオペラ,000a000d1d,森中蕃,三輪幸子,"1,136.0",2003.0,2001.0,1984.0
2016104338,ジョーノベリスタ,牝,平松徳彦,,ノヴェリスト,000a012230,レスタンノール,2008102607,ステイゴールド,1994108729,曽和栄司,追分ファーム,"1,134.6",2009.0,2008.0,1994.0
2016101299,カネトシテッキン,牡,佐々木仁,,スマートボーイ,1995100385,プリモファッション,2005100271,アグネスタキオン,1998101516,兼松昌男,中橋清,"1,134.6",1995.0,2005.0,1998.0
2016106521,ユウユウクラージュ,牡,渋谷信博,,フリオーソ,2004106867,ハクシンライラック,2012106428,マーベラスサンデー,1992103687,高岡義光,川上牧場,"1,132.6",2004.0,2012.0,1992.0
2016103732,エリーキャナル,牝,池田忠好,,ノヴェリスト,000a012230,ピュアゴシップ,000a01250c,Pure Prize,000a011252,光安了,森永牧場,"1,130.4",2009.0,2009.0,1998.0
2016110011,シャドウエンペラー,牡,岡田稲男,,ジャスタウェイ,2009106461,リージェンシー,2010100641,タニノギムレット,1999100226,ゴドルフィン,Godolphin,"1,130.0",2009.0,2010.0,1999.0
2016103991,バローロフレイバー,牡,繁田健一,,クロフネ,1998110135,シャインプレジャー,2006101193,アグネスデジタル,1997110025,尾田信夫,船越伸也,"1,124.9",1998.0,2006.0,1997.0
2016102828,トミケンミステリオ,牡,伊藤滋規,,トゥザグローリー,2007103265,ソソノ,2005105112,フレンチデピュティ,000a00013a,シグラップ・マネジメ,永村侑,"1,122.2",2007.0,2005.0,1992.0
2016102871,ラウズアップ,牡,吉田正美,,サンカルロ,2006102822,パンデモニウム,2011103556,ハーツクライ,2001103038,篠塚和郎,カネツ牧場,"1,121.8",2006.0,2011.0,2001.0
2016101091,テンモントム,牡,新田守,,ナカヤマフェスタ,2006102424,モエレマリーア,2009101697,Scat Daddy,000a0114fe,谷謙介,小野秀治,"1,120.2",2006.0,2009.0,2004.0
2016102777,ナガレボシトリキシ,牡,中野栄治,,ヘニーヒューズ,000a011155,ローズボー,1999110188,スピニングワールド,000a000325,芳賀克也,天羽牧場,"1,120.0",2003.0,1999.0,1993.0
2016105761,オールドボンバー,牡,櫻田浩樹,,タイキシャトル,1994109686,アステュート,2010102733,アグネスタキオン,1998101516,長塩豊,桜井牧場,"1,119.7",1994.0,2010.0,1998.0
2016103845,トーセンシルバー,牝,後藤佑耶,,トーセンブライト,2001103660,トーセンミニョン,2011100117,トーセンダンス,2002100594,稲葉光昭,エスティファーム,"1,117.2",2001.0,2011.0,2002.0
2016103809,トーセンギムレット,牡,高野毅,,ディープブリランテ,2009105084,エラドゥーラ,1998110155,Sultry Song,000a001f1b,島川隆哉,エスティファーム,"1,115.0",2009.0,1998.0,1988.0
2016103155,ムーランブラン,牝,藤原智行,,クロフネ,1998110135,フェリーク,2003102884,サンデーサイレンス,000a00033a,村上卓史,白井牧場,"1,113.0",1998.0,2003.0,1986.0
2016106379,フジマサディープ,牡,久保杉隆,,ディープブリランテ,2009105084,ノルブリンカ,2006103228,ダンスインザダーク,1993109188,藤原正一,山岸康,"1,110.0",2009.0,2006.0,1993.0
2016104970,キュアン,セ,森山英雄,,ワークフォース,000a011a7f,オメガセニョリーナ,2009105814,アグネスタキオン,1998101516,松谷翔太,社台ファーム,"1,110.0",2007.0,2009.0,1998.0
2016102381,ウェーブクリスタル,牝,中尾秀正,,シンボリクリスエス,1999110099,ピアチェヴォーレ,2001103377,オペラハウス,000a000d77,万波健二,桑田牧場,"1,110.0",1999.0,2001.0,1988.0
2016106578,カイマナ,牡,打越勇児,,ゴールドアリュール,1999106689,コパノタイマネ,2004106985,クロフネ,1998110135,金山政信,ヤナガワ牧場,"1,109.9",1999.0,2004.0,1998.0
2016105058,コルデトゥリーニ,牝,岡田稲男,,ダイワメジャー,2001103114,ジプシーハイウェイ,000a0120ed,High Chaparral,000a010270,社台レースホース,社台ファーム,"1,109.2",2001.0,2008.0,1999.0
2016104948,ビーエイブルトゥ,牝,高橋純,,スウェプトオーヴァーボード,000a00fa34,エイブルインレース,2006103047,フジキセキ,1992109618,加藤和成,社台ファーム,"1,105.9",1997.0,2006.0,1992.0
2016103128,ナックゼウス,牡,杉浦宏昭,,ノヴェリスト,000a012230,レッドステラーノ,2007105571,アグネスタキオン,1998101516,小松欣也,下河辺牧場,"1,105.0",2009.0,2007.0,1998.0
2016103092,コルドゥーン,牡,石栗龍彦,,トゥザグローリー,2007103265,バーグドール,2004105658,サクラバクシンオー,1989108341,西浩明,下河辺牧場,"1,104.5",2007.0,2004.0,1989.0
2016100930,パルフェアンジュ,牝,手島勝利,,カネヒキリ,2002100978,ワンモアグリッター,2005105310,ゴールドアリュール,1999106689,吉田勝利,村本牧場,"1,104.1",2002.0,2005.0,1999.0
2016103148,ブルーグローブ,牝,矢野英一,,オルフェーヴル,2008102636,アースウィンド,2011106058,ディープスカイ,2005101358,林正道,白井牧場,"1,103.3",2008.0,2011.0,2005.0
2016103410,タイセイスキャット,牡,福田真広,,ヨハネスブルグ,000a0103b9,マルカジュリエット,2000101336,サンデーサイレンス,000a00033a,中野富夫,ナカノファーム,"1,103.2",1999.0,2000.0,1986.0
2016101474,トワイライトビギン,牝,瀬戸幸一,,タイキシャトル,1994109686,ファルファラ,2006100584,キングカメハメハ,2001103460,山下勇,元茂牧場,"1,103.1",1994.0,2006.0,2001.0
2016105870,モンテアーサー,牡,松田国英,,シンボリクリスエス,1999110099,ラストワルツ,2007106521,ゼンノロブロイ,2000101517,毛利元昭,タイヘイ牧場,"1,102.1",1999.0,2007.0,2000.0
2016100352,キングオブライフ,牡,林正人,,キングヘイロー,1995104427,クィーンオブライフ,2008104581,タイキシャトル,1994109686,西森功,隆栄牧場,"1,100.6",1995.0,2008.0,1994.0
2016104977,エレベル,牝,中舘英二,,ディープインパクト,2002100816,オンヴェラ,000a011dcb,Smart Strike,000a00211c,吉田照哉,社台ファーム,"1,100.0",2002.0,2007.0,1992.0
2016105865,ミッキーフォンテン,牝,宮路洋一,,ディープインパクト,2002100816,ブロームフォンテン,000a0117cb,Cape Cross,000a0022ae,酒井孝敏,タイヘイ牧場,"1,099.5",2002.0,2001.0,1994.0
2016100397,アンジュリアン,牝,浜田一夫,,キングヘイロー,1995104427,リマレックス,2005105194,アグネスタキオン,1998101516,馬場信一,田渕牧場,"1,099.1",1995.0,2005.0,1998.0
2016106063,ノーブルクロノス,牡,田辺陽一,,ケープブランコ,000a011b06,フォレノワール,2010103079,アグネスタキオン,1998101516,吉木伸彦,飛野牧場,"1,099.0",2007.0,2010.0,1998.0
2016103765,セブンティサン,牝,玉垣光章,,エンパイアメーカー,000a010542,ブラボーサンライズ,1998106712,サンデーサイレンス,000a00033a,松岡隆雄,ヤナガワ牧場,"1,096.8",2000.0,1998.0,1986.0
2016106330,アイヅリュウコ,牡,小笠倫弘,,グランプリボス,2008103388,シーダーローズ,2006101602,タイキシャトル,1994109686,真部晴徳,増本牧場,"1,096.0",2008.0,2006.0,1994.0
2016102858,アシャカド,牡,岡田利一,,ストロングリターン,2006102934,ウインルキア,2008105370,ディープインパクト,2002100816,吉冨学,オリオンファーム,"1,094.8",2006.0,2008.0,2002.0
2016102047,アーティプリンス,牡,細川忠義,,メイショウサムソン,2003102205,モナ,2003101941,フジキセキ,1992109618,国田正忠,鳥井征士,"1,094.5",2003.0,2003.0,1992.0
2016105510,ソルパシオン,牡,柳井宏之,,トーセンラー,2008102985,パリージョ,2007100725,タイキシャトル,1994109686,川添裕起,岡田スタッド,"1,093.4",2008.0,2007.0,1994.0
2016105689,シゲルジルコン,牝,坂本和也,,スズカコーズウェイ,2004104345,ハエヌキ,2005100309,サウスヴィグラス,1996110138,池田俊道,グランド牧場,"1,093.0",2004.0,2005.0,1996.0
2016109109,サダムシオイノモリ,牡,久保勇,,ローエングリン,1999106738,デビュートウショウ,2010103050,アドマイヤムーン,2003102991,大黒富美子,下河辺トレーニングセンター,"1,092.5",1999.0,2010.0,2003.0
2016101579,マコトネネキリマル,牡,角田輝也,,マコトスパルビエロ,2004103984,マコトジョワイユー,2002103599,フジキセキ,1992109618,尾田左知子,出口繁夫,"1,092.2",2004.0,2002.0,1992.0
2016110142,パイオニアバローズ,セ,玉井勝,,Cairo Prince,000a013f30,Dattts Lady Di,000a013cac,Proud Citizen,000a0105b8,市村義和,Bret Jones,"1,092.0",2011.0,2006.0,1999.0
2016104513,トゥアレグ,牡,矢野久美,,エイシンフラッシュ,2007102951,スウェアトウショウ,2008100662,ディープインパクト,2002100816,中地賢次郎,ノーザンファーム,"1,092.0",2007.0,2008.0,2002.0
2016104215,エスコーバタハト,牡,内野健二,,タイキシャトル,1994109686,ワカサイティング,2002100453,アグネスワールド,1995108665,（同）ＪＰＮ技研,吉田牧場,"1,092.0",1994.0,2002.0,1995.0
2016104765,スティングレイ,牡,荒山勝徳,,クロフネ,1998110135,シャラントレディ,2007103176,フジキセキ,1992109618,青海樹正,ノーザンファーム,"1,090.0",1998.0,2007.0,1992.0
2016102965,エスシーバスター,牡,牧田和弥,,セレスハント,2005101116,ヘヴンズカーニバル,2000101972,サンダーガルチ,000a00035c,工藤圭司,クリアファーム,"1,090.0",2005.0,2000.0,1992.0
2016100785,シントーアサヒ,牝,佐藤裕太,,ストロングリターン,2006102934,ケセラセラ,2009105237,ゴールドアリュール,1999106689,中野辰三,細川農場,"1,090.0",2006.0,2009.0,1999.0
2016105218,フリーズオプション,牡,藪口一麻,,タートルボウル,000a012045,ホワイトペッパー,2002100694,サンデーサイレンス,000a00033a,石井啓之,社台ファーム,"1,089.0",2002.0,2002.0,1986.0
2016101192,トーセンバーボン,牡,小久保智,,タイムパラドックス,1998101683,マルダイメグ,2000103082,フジキセキ,1992109618,島川隆哉,澤田嘉隆,"1,089.0",1998.0,2000.0,1992.0
2016100125,ディーズマヌーバー,牝,細川忠義,,クロフネ,1998110135,アイルビーファイン,2008103535,アグネスタキオン,1998101516,シグラップ・マネジメ,オリエント牧場,"1,088.2",1998.0,2008.0,1998.0
2016109150,ミナトイチバン,牡,田島寿一,,モンテロッソ,000a011b05,ヤマカツアンナ,2003101781,フォーティナイナー,000a000134,大久保與志雄,長谷地義正,"1,087.7",2007.0,2003.0,1985.0
2016104961,ディーイストワール,牡,大和田成,,ディープインパクト,2002100816,エレクトラレーン,000a0120ec,Dubawi,000a0115e2,嶋田一成,社台ファーム,"1,087.0",2002.0,2009.0,2002.0
2016104467,ミリオンゲーム,牝,別府真司,,トーセンホマレボシ,2009106092,グッドゲーム,000a010634,Fly Till Dawn,000a01056c,梶原哲朗,ノーザンファーム,"1,087.0",2009.0,1997.0,1986.0
2016100923,ダンホーキラー,セ,中川竜馬,,キングヘイロー,1995104427,モガミヒメ,1992109410,カコイーシーズ,1986109001,荒木謙明,村田牧場,"1,086.6",1995.0,1992.0,1986.0
2016104706,プラチナポセイドン,牡,奥村武,,クロフネ,1998110135,アドマイヤフッキー,2003102923,フジキセキ,1992109618,ラ・メール,ノーザンファーム,"1,084.4",1998.0,2003.0,1992.0
2016103364,イオラナ,牝,新井清重,,スマートファルコン,2005100097,ラパヌイ,2008105607,アフリート,000a000013,（株）ＩＴＦ,千葉飯田牧場,"1,082.0",2005.0,2008.0,1984.0
2016105088,アイスバーグアリー,牝,酒井一則,,ブラックタイド,2001103312,ソヨカゼII,000a011871,Monsun,000a010db6,シグラップ・マネジメ,社台コーポレーション白老ファーム,"1,081.1",2001.0,2005.0,1990.0
2016100302,クリスタルバローズ,牡,中野博,,ヴィクトワールピサ,2007102923,クロスバラード,2003100364,タイキシャトル,1994109686,大黒富美子,シンユウファーム,"1,078.2",2007.0,2003.0,1994.0
2016100555,レッドヴィータ,牝,西村守幸,,マンハッタンカフェ,1998101554,フィックルベリー,2005110002,Cryptoclearance,000a001e83,（株）ファーストビジ,新冠橋本牧場,"1,078.1",1998.0,2005.0,1984.0
2016104643,レッドエステーラ,牝,佐藤茂,,ロードカナロア,2008103552,メテオーリカ,2009105715,ディープインパクト,2002100816,清宮義男,ノーザンファーム,"1,078.0",2008.0,2009.0,2002.0
2016109100,テイエムアイガテ,牝,平山宏秀,,テイエムオペラオー,1996100292,テイエムハナフブキ,2002104004,フレンチデピュティ,000a00013a,竹園正繼,テイエム牧場,"1,077.0",1996.0,2002.0,1992.0
2016101180,ヴィクトワールメイ,牝,桧森邦夫,,ヴィクトワールピサ,2007102923,ヘンメイレン,2003101201,タバスコキャット,000a000348,酒井孝敏,斉藤スタッド,"1,077.0",2007.0,2003.0,1991.0
2016104939,ピカレスクスマイル,牡,佐々木仁,,ワークフォース,000a011a7f,ヴィヴァチッシモ,2004103252,サクラバクシンオー,1989108341,井手慶祐,社台ファーム,"1,076.5",2007.0,2004.0,1989.0
2016105620,ジャストマリッジ,牝,羽月友彦,,ジャスタウェイ,2009106461,マリアージュシチー,2000106315,ブライアンズタイム,000a000082,友駿ホースクラブ,カタオカファーム,"1,075.0",2009.0,2000.0,1985.0
2016100635,ヴィノシティマジス,牡,飯田良弘,,カネヒキリ,2002100978,ユメノアトサキ,2010105870,サウスヴィグラス,1996110138,赤木勝利,ハクツ牧場,"1,074.1",2002.0,2010.0,1996.0
2016102889,サンバパレード,牝,福永敏,,アドマイヤマックス,1999107004,サンバホイッスル,2008105409,サウスヴィグラス,1996110138,山上和良,川島正広,"1,074.0",1999.0,2008.0,1996.0
2016105839,キャッスルワンダー,牡,渋谷信博,,グラスワンダー,1995108676,ジーガートップラン,1999103929,マヤノトップガン,1992102988,城市公,城市公,"1,073.5",1995.0,1999.0,1992.0
2016100532,タガノコルソ,牡,木村健,,ロードカナロア,2008103552,ブランジェリーナ,2007102801,Smarty Jones,000a01053e,八木良司,新冠タガノファーム,"1,073.4",2008.0,2007.0,2001.0
2016104359,ブランシェット,牝,桜井今朝,,オルフェーヴル,2008102636,ケイト,2008104852,ブライアンズタイム,000a000082,西岡透,社台コーポレーション白老ファーム,"1,072.6",2008.0,2008.0,1985.0
2016106403,クロフネレジェンド,セ,岡野尚光,,クロフネ,1998110135,シャレーポピー,2002106558,サンデーサイレンス,000a00033a,村島昭男,チャンピオンズファーム,"1,071.2",1998.0,2002.0,1986.0
2016106432,リーチザサミット,セ,的場均,,リーチザクラウン,2006102923,マヤノフウカ,1998105216,トニービン,1983109006,岡田牧雄,熊沢牧場,"1,070.0",2006.0,1998.0,1983.0
2016103110,セブンマイル,牡,稻田彰宏,,ゼンノロブロイ,2000101517,プレシャスライン,2008105588,キングカメハメハ,2001103460,組）オールザベスト組,下河辺牧場,"1,070.0",2000.0,2008.0,2001.0
2016106491,エイシントカチ,牡,田中譲二,,エーシンスピーダー,2009110013,エーシンラッキー,2004110075,Kingmambo,000a001d7e,（同）ＪＰＮ技研,栄進牧場,"1,068.7",2009.0,2004.0,1990.0
2016102100,マゼ,牡,稲益貴弘,,タイキシャトル,1994109686,アクセレラン,2004103110,アグネスタキオン,1998101516,吉井理人,林孝輝,"1,066.9",1994.0,2004.0,1998.0
2016102885,ビービーガナール,牝,武井和実,,ビービーガルダン,2004106583,リーガルアミューズ,2005104016,アグネスタキオン,1998101516,坂東牧場,賀張三浦牧場,"1,066.8",2004.0,2005.0,1998.0
2016101497,ベルウッドヒビキ,牡,米田英世,,キンシャサノキセキ,2003110212,アンムート,2007103453,グラスワンダー,1995108676,鈴木照雄,山口忠彦,"1,066.0",2003.0,2007.0,1995.0
2016103357,レディマクベス,牝,藤沢和雄,,ハーツクライ,2001103038,レディオブオペラ,2010100717,シングスピール,1992190005,ゴドルフィン,ダーレー・ジャパン・ファーム,"1,064.4",2001.0,2010.0,1992.0
2016102985,リードメロディー,牝,保利良次,,キャプテントゥーレ,2005102216,リードハイシ,2005103003,スターオブコジーン,1988109108,谷謙介,小西ファーム,"1,064.2",2005.0,2005.0,1988.0
2016100205,トウメイドライブ,牝,納谷和玖,,カジノドライヴ,2005110112,ワイルドサヴァンナ,2002100719,サンデーサイレンス,000a00033a,井上久光,競優牧場,"1,063.5",2005.0,2002.0,1986.0
2016103589,ニュールック,牝,東眞市,,スウェプトオーヴァーボード,000a00fa34,ツインダイヤ,2006105972,ゴールドアリュール,1999106689,原久美子,ファーミングヤナキタ,"1,062.0",1997.0,2006.0,1999.0
2016102317,ラブヴィサージュ,牝,畠山信一,,ノボジャック,1997110152,キュートネスII,000a00680b,フォーティナイナー,000a000134,荻伏服部牧場,荻伏服部牧場,"1,061.5",1997.0,1996.0,1985.0
2016102764,チャナ,牝,菅原勲,,グランプリボス,2008103388,ダイメイジュエリー,2007102355,キャプテンスティーヴ,000a000d9d,大久保和夫,厚賀古川牧場,"1,061.3",2008.0,2007.0,1997.0
2016100049,クロムウェル,牡,大関吉明,,トーセンラー,2008102985,マキノルーチェ,2007100072,スターリングローズ,1997106560,（同）ＪＰＮ技研,アサヒ牧場,"1,061.2",2008.0,2007.0,1997.0
2016102418,ルンルンクオリティ,牝,荒川義之,,ヴィクトワールピサ,2007102923,ストームクオリティ,2005101426,Elusive Quality,000a00231f,高昭牧場,高昭牧場,"1,060.0",2007.0,2005.0,1993.0
2016102185,ファロ,牝,和田勇介,,メイショウボーラー,2001100650,メイショウカガリビ,2006102309,シンボリクリスエス,1999110099,三嶋牧場,三嶋牧場,"1,060.0",2001.0,2006.0,1999.0
2016101750,メイショウクライム,セ,高橋亮,,ケープブランコ,000a011b06,アイカギ,2008101396,ファンタスティックライト,1996190005,松本好隆,川越ファーム,"1,060.0",2007.0,2008.0,1996.0
2016101619,デンコウミシオン,牝,荒川義之,,メイショウサムソン,2003102205,デンコウラッキー,2007101815,マリエンバード,000a00fa36,田中康弘,磯野牧場,"1,060.0",2003.0,2007.0,1997.0
2016105049,アルジェンタータ,牝,本間忍,,ハーツクライ,2001103038,シルヴァーカップ,000a010eb1,アルムタワケル,000a01064e,岡田壮史,社台ファーム,"1,059.4",2001.0,2002.0,1995.0
2016105032,メジャーセブンス,牝,田辺陽一,,ダイワメジャー,2001103114,サンデア,000a0105bd,Dare and Go,000a0021b9,内山登志雄,社台ファーム,"1,059.0",2001.0,1998.0,1991.0
2016105612,マツリダレーベン,牡,菅原勲,,キングヘイロー,1995104427,ジーントウショウ,2004104739,デザートキング,000a0000e7,高橋福三郎,片岡博,"1,055.1",1995.0,2004.0,1994.0
2016102772,サリーバランセ,牝,鈴木伸尋,,ヘニーヒューズ,000a011155,マヤノマヤ,2006105137,タイキシャトル,1994109686,黒須不二男,天羽牧場,"1,055.0",2003.0,2006.0,1994.0
2016104639,ミライオー,牡,藤田正治,,ハービンジャー,000a011996,ミライエ,2010104019,ディープインパクト,2002100816,（株）ファーストビジ,ノーザンファーム,"1,053.5",2006.0,2010.0,2002.0
2016102613,エナキョウ,牡,田中範雄,,トビーズコーナー,000a011fed,サイタ,2006100575,ネオユニヴァース,2000101426,宮原廣伸,ヒダカファーム,"1,052.5",2008.0,2006.0,2000.0
2016109061,ヒゲクレイジー,牡,酒井一則,,スクワートルスクワート,000a000da4,バーニングラブ,2004104331,スキャターザゴールド,000a000d99,成富直行,清水貞信,"1,051.1",1998.0,2004.0,1997.0
2016109127,カシノウィング,牡,浜田一夫,,ミスキャスト,1998103573,サプライズフォース,2007103889,フレンチデピュティ,000a00013a,柏木務,本田土寿,"1,050.2",1998.0,2007.0,1992.0
2016104581,ブルーファンク,牝,角田晃一,,ノヴェリスト,000a012230,ピサノグラフ,2002106092,サンデーサイレンス,000a00033a,市川義美ホールディングス,ノーザンファーム,"1,050.0",2009.0,2002.0,1986.0
2016102471,オースミレーヴ,牡,新井隆太,,ノヴェリスト,000a012230,オースミハルカ,2000100459,フサイチコンコルド,1993109220,オースミ,鮫川啓一,"1,049.9",2009.0,2000.0,1993.0
2016101517,ヴァリアブル,牡,山中尊徳,,トランセンド,2006104736,ハタノプラウド,2004105451,エリシオ,1993190001,前田幸治,レースホース牧場,"1,049.0",2006.0,2004.0,1993.0
2016104608,プロスペリティ,牝,冨田敏男,,ブラックタイド,2001103312,プロミネント,2004103014,タイキシャトル,1994109686,冨田藤男,ノーザンファーム,"1,047.8",2001.0,2004.0,1994.0
2016101391,ジャコエマリックン,牡,石橋満,,シニスターミニスター,000a011099,エイシンメッチェン,1995101493,サクラユタカオー,1982101222,晴間芳次,前川ミツ,"1,046.2",2003.0,1995.0,1982.0
2016100889,ワンダーヴァレッタ,牡,田中伸一,,グラスワンダー,1995108676,イムディーナ,2010106171,スペシャルウィーク,1995103211,木村益生,村上牧場,"1,044.5",1995.0,2010.0,1995.0
2016105355,ハッピーアロー,牝,池田忠好,,キングヘイロー,1995104427,テンビーエース,1998105633,テンビー,000a000354,小橋亮太,鹿戸美明,"1,044.3",1995.0,1998.0,1990.0
2016104557,オーシャンスケイプ,牝,池田忠好,,ブラックタイド,2001103312,ドリームスケイプ,2001103400,エルコンドルパサー,1995108742,木村牧場,ノーザンファーム,"1,043.6",2001.0,2001.0,1995.0
2016105154,シャドウアロング,セ,林徹,,ディープインパクト,2002100816,パールシャドウ,2006103035,クロフネ,1998110135,飯塚知一,社台ファーム,"1,043.4",2002.0,2006.0,1998.0
2016102389,デュアリティ,牝,堀千亜樹,,グランプリボス,2008103388,アテナブルー,2007104336,ジャングルポケット,1998101786,中西宏彰,ケンブリッジバレー,"1,043.0",2008.0,2007.0,1998.0
2016101592,メイショウコハギ,牝,盛本信春,,メイショウボーラー,2001100650,メイショウキスゲ,2008103005,シンボリクリスエス,1999110099,庄野宏志,中脇一幸,"1,041.4",2001.0,2008.0,1999.0
2016104714,アルテヴェルト,牡,藤田正治,,ハーツクライ,2001103038,アルテリテ,000a012c83,Literato,000a01289b,（同）ＪＰＮ技研,ノーザンファーム,"1,040.0",2001.0,2010.0,2004.0
2016101996,スズカオーロラ,牝,森下淳平,,オルフェーヴル,2008102636,スズカフォイル,2002104223,フレンチデピュティ,000a00013a,永井啓弐,辻牧場,"1,040.0",2008.0,2002.0,1992.0
2016100977,トリテレイア,牝,佐藤雅彦,,ローレルゲレイロ,2004100933,アビリティック,2007100479,フレンチデピュティ,000a00013a,安部重夫,山田祐三,"1,039.7",2004.0,2007.0,1992.0
2016100946,リュウノジャズ,牡,齊藤敏,,アドマイヤムーン,2003102991,ゴールドマッシモ,2007101541,ネオユニヴァース,2000101426,蓑島竜一,守矢牧場,"1,038.5",2003.0,2007.0,2000.0
2016110129,ステイグリーン,牡,黒木豊,,Stay Thirsty,000a013eeb,Jeannie S,000a013f08,Sky Mesa,000a010a66,風早信昭,Carlos Rafael,"1,037.5",2008.0,2007.0,2000.0
2016106307,ラテントパワーズ,牡,加藤和義,,カネヒキリ,2002100978,エリモトゥデイ,2006100031,ワイルドラッシュ,000a0003a1,谷崎森吾,前谷武志,"1,037.0",2002.0,2006.0,1994.0
2016102020,ガトン,セ,相沢郁,,ダンカーク,000a012185,グレインライン,2005102410,タイキシャトル,1994109686,畑佐博,富田牧場,"1,036.6",2006.0,2005.0,1994.0
2016104837,スマートユニバンス,牡,角田輝也,,ハービンジャー,000a011996,ブリトマルティス,2004101213,スペシャルウィーク,1995103211,亀井哲也,ノーザンファーム,"1,035.8",2006.0,2004.0,1995.0
2016105057,テングレート,牡,金成貴史,,ヴィクトワールピサ,2007102923,ジェットスパークル,2006103036,シンボリクリスエス,1999110099,天白泰司,社台ファーム,"1,035.0",2007.0,2006.0,1999.0
2016101255,ハクユウラッキー,牡,東眞市,,サウスヴィグラス,1996110138,グラシエトウショウ,2011102302,クロフネ,1998110135,Ｈ．Ｉコーポレーション,土田和男,"1,034.9",1996.0,2011.0,1998.0
2016105631,エクスポーネント,牡,高橋純,,ディープブリランテ,2009105084,アンプリペアード,2008110135,More Than Ready,000a00fcdd,及川謙三,木村秀則,"1,034.1",2009.0,2008.0,1997.0
2016101537,ウラカン,牝,須田和伸,,トゥザグローリー,2007103265,ヘイローマジック,2003102096,キングヘイロー,1995104427,熊谷貴之,様似共栄牧場,"1,034.0",2007.0,2003.0,1995.0
2016105664,ナラ,牝,湯前良人,,シニスターミニスター,000a011099,グランドエナジー,2002104500,フレンチデピュティ,000a00013a,ホースケア,グランド牧場,"1,033.6",2003.0,2002.0,1992.0
2016104503,ルチアーナミノル,牝,本田優,,ルーラーシップ,2007103143,シーザバッドガール,000a0117d5,Giant's Causeway,000a0022e1,吉岡實,ノーザンファーム,"1,033.2",2007.0,2006.0,1997.0
2016103293,ヴァリオブキングズ,牡,川嶋弘吉,,ハーツクライ,2001103038,アーキオロジー,000a010ce0,Seeking the Gold,000a001bea,シグラップ・マネジメ,ダーレー・ジャパン・ファーム,"1,032.0",2001.0,2002.0,1985.0
2016102982,シャリライモン,牝,三坂盛雄,,プリサイスエンド,000a00fe9b,ベルモントラヴ,2010105994,クロフネ,1998110135,千代川宗禎,小西ファーム,"1,031.5",1997.0,2010.0,1998.0
2016104521,ウォーターリベルテ,牡,塚田隆男,,キンシャサノキセキ,2003110212,ストレイトフロムテキサス,000a010ac4,Judge T C,000a002131,山岡正人,ノーザンファーム,"1,030.6",2003.0,1999.0,1991.0
2016105112,チャームフォラック,牝,吉井一良,,ベルシャザール,2008103004,チャーミングオーラ,2006102916,Fusaichi Pegasus,000a0022cf,豊島愛子,社台ファーム,"1,030.0",2008.0,2006.0,1997.0
2016103331,ハルシオンデイズ,牡,諏訪貴正,,オルフェーヴル,2008102636,ドリームスキーム,000a01142a,Machiavellian,000a001c1d,西尾聖,ダーレー・ジャパン・ファーム,"1,028.6",2008.0,2004.0,1987.0
2016100135,インターロード,牡,櫻田浩樹,,ロージズインメイ,000a010a10,チャオプラヤ,2011106514,ネオユニヴァース,2000101426,国信泰秀,オリエント牧場,"1,025.6",2000.0,2011.0,2000.0
2016103063,プリモプレミオ,牝,高橋優子,,ヴィクトワールピサ,2007102923,サンドスラッシュ,000a012043,Holy Roman Emperor,000a011ab8,石澤純平,下河辺牧場,"1,025.0",2007.0,2008.0,2004.0
2016104804,レッドアクトレス,牝,宮田敬介,,スクリーンヒーロー,2004103328,トゥーピー,000a011a16,Intikhab,000a0022af,東京ホースレーシング,ノーザンファーム,"1,023.7",2004.0,2002.0,1994.0
2016103048,クイックワーカー,牡,松島寿,,キングカメハメハ,2001103460,エスカナール,2008105549,スペシャルウィーク,1995103211,東廣美,下河辺牧場,"1,022.7",2001.0,2008.0,1995.0
2016100417,サワサワ,牝,栗田徹,,ジョーカプチーノ,2006100529,イシュトリルトン,2006105597,ムーンバラッド,000a00fe8f,ＫＴレーシング,大作ステーブル,"1,020.0",2006.0,2006.0,1999.0
2016100870,マッシロ,牝,林隆之,,スウェプトオーヴァーボード,000a00fa34,ロキロキ,2004100904,プレミアムサンダー,1994109717,（株）リバティホース,村上欽哉,"1,019.5",1997.0,2004.0,1994.0
2016104009,ヤマノプレミアム,牡,東原己俊,,ストロングリターン,2006102934,ヤーマンミルフィー,2010100138,バブルガムフェロー,1993109219,小橋亮太,山口明彦,"1,019.2",2006.0,2010.0,1993.0
2016110073,ベルゲンハーバー,牡,荒山勝徳,,ノーブルミッション,000a0126a3,Two Harbors,000a013cb2,Pulpit,000a002133,林正道,Tim Thornton,"1,018.0",2009.0,2007.0,1994.0
2016100968,ヒストリコ,牝,保利良平,,スウェプトオーヴァーボード,000a00fa34,エーピーモモ,2003100414,ダンスインザダーク,1993109188,山口敦広,山岡ファーム,"1,016.2",1997.0,2003.0,1993.0
2016105108,ダンスロマネスク,牝,戸田博文,,シンボリクリスエス,1999110099,ダンスファンタジア,2008102910,ファルブラヴ,1998190004,社台レースホース,社台ファーム,"1,016.0",1999.0,2008.0,1998.0
2016103345,イサク,牡,岩戸孝樹,,マンハッタンカフェ,1998101554,ブリクセン,000a0116c5,Gone West,000a001be1,ゴドルフィン,ダーレー・ジャパン・ファーム,"1,015.0",1998.0,1998.0,1984.0
2016102996,フランシス,牝,長谷川忍,,キングヘイロー,1995104427,ハイマーク,2007105067,マヤノトップガン,1992102988,井田祐也,坂牧場,"1,012.7",1995.0,2007.0,1992.0
2016105135,シルヴァーイーグル,牡,岡田一男,,ハーツクライ,2001103038,ナドー,000a0120f0,Soave,000a01205a,星野隆男,社台ファーム,"1,012.0",2001.0,2009.0,1999.0
2016106399,アールジオール,牡,千田輝彦,,ハーツクライ,2001103038,キングスミール,2001103376,Theatrical,000a001bed,前原敏行,チャンピオンズファーム,"1,010.0",2001.0,2001.0,1982.0
2016103641,エムアイグランツ,牡,青木孝文,,ベーカバド,000a011dc0,ゲストアスリート,2005100692,ブライアンズタイム,000a000082,岩崎充利,細川牧場,"1,010.0",2007.0,2005.0,1985.0
2016101988,オウケンランボー,牡,藪口一麻,,ベルシャザール,2008103004,オウケンハート,2008104597,ジャングルポケット,1998101786,須貝廣次,辻牧場,"1,009.5",2008.0,2008.0,1998.0
2016104123,コトブキアゲート,牡,田島俊明,,ジャスタウェイ,2009106461,ルミノハレブタイ,2010102550,クロフネ,1998110135,尾上松壽,笹川大晃牧場,"1,008.1",2009.0,2010.0,1998.0
2016104516,スカーレットサクラ,牝,藤田輝信,,スマートファルコン,2005100097,スカーレットリング,2009106189,シンボリクリスエス,1999110099,新井浩明,ノーザンファーム,"1,008.0",2005.0,2009.0,1999.0
2016102123,イルフェソレイユ,牝,納谷和玖,,ダンカーク,000a012185,タイキソレイユ,2009100720,フジキセキ,1992109618,内田裕美,ビクトリーホースランチ,"1,008.0",2006.0,2009.0,1992.0
2016106390,ハクサンストロング,牡,森始,,シルポート,2005109202,ダイアンスマイル,2008101063,ロックオブジブラルタル,000a00fd4c,河崎五市,田湯牧場,"1,007.5",2005.0,2008.0,1999.0
2016101211,ヘリオシース,牝,野田幸雄,,パイロ,000a01176a,ヘリオポーズ,2006103215,クロフネ,1998110135,福原正博,下屋敷牧場,"1,006.1",2005.0,2006.0,1998.0
2016105130,ジュベルハフィート,牡,手島勝利,,ディープインパクト,2002100816,ドバウィハイツ,000a011de0,Dubawi,000a0115e2,成富直行,社台ファーム,"1,002.6",2002.0,2007.0,2002.0
2016106031,ミリオンドリームズ,牝,藤沢和雄,,Frankel,000a01239b,ミリオンセラーII,000a012e2d,A.P. Indy,000a001d37,飯田正剛,千代田牧場,"1,000.0",2008.0,2006.0,1989.0
2016100493,ピエタフィリアーレ,牡,菊川正達,,ロジユニヴァース,2006103140,オペラアイ,2000104483,オペラハウス,000a000d77,佐伯太朗,長浜秀昭,"1,000.0",2006.0,2000.0,1988.0
2016101513,ワンダールウェス,牝,保利良平,,ケープブランコ,000a011b06,ワンダーノンブーレ,2003102207,デヒア,000a0000df,山本能成,米田牧場,999.8,2007.0,2003.0,1991.0
2016100482,キースペシャル,牡,青木孝文,,シニスターミニスター,000a011099,キーステージ,2002102412,ジェニュイン,1992109450,北前孔一郎,中本牧場,998.1,2003.0,2002.0,1992.0
2016106077,サルウェーテ,牡,中西達也,,エイシンフラッシュ,2007102951,ハローアゲイン,2003105689,アグネスタキオン,1998101516,西森功,友田牧場,997.5,2007.0,2003.0,1998.0
2016100903,リンケージ,牝,渡辺和雄,,エスポワールシチー,2005102837,マルターズガール,2002110137,ボストンハーバー,000a00007c,鈴木雅彦,村上雅規,996.5,2005.0,2002.0,1994.0
2016102998,ジャストインタイム,牡,高橋俊之,,アドマイヤムーン,2003102991,ラヴフルーヴ,2002102435,アラジ,000a00003b,村瀬恵都子,坂牧場,995.5,2003.0,2002.0,1989.0
2016106402,ファインアレス,牡,鹿沼良和,,ヴィクトワールピサ,2007102923,ゴットザビート,2002100729,フレンチデピュティ,000a00013a,（有）いやま,チャンピオンズファーム,995.4,2007.0,2002.0,1992.0
2016104460,クルミネイト,牝,伊藤大士,,ディープインパクト,2002100816,クルソラ,000a01118f,Candy Stripes,000a00fe3c,キャロットファーム,ノーザンファーム,994.7,2002.0,2002.0,1982.0
2016101636,トリヴォルテソーロ,牡,東眞市,,スターリングローズ,1997106560,アルフィーネ,2000101134,ラムタラ,000a0001d4,了徳寺健二ホールディングス,浦河土肥牧場,993.4,1997.0,2000.0,1992.0
2016100652,ヨコスカダンディー,牡,井手上慎,,ジャングルポケット,1998101786,ダイワフェズブルー,2007102860,ネオユニヴァース,2000101426,冨田清誠,浜口牧場,991.1,1998.0,2007.0,2000.0
2016100943,シェルトファータ,牝,小沢宏次,,ヘニーヒューズ,000a011155,セイントブルック,000a010568,Saint Ballado,000a00212e,水谷昌晃,森永聡,990.8,2003.0,2000.0,1989.0
2016104805,トスアップ,牝,石坂公一,,ジャスタウェイ,2009106461,トップライナーII,000a011e13,サンダーガルチ,000a00035c,シルクレーシング,ノーザンファーム,990.0,2009.0,2002.0,1992.0
2016101735,ハナズボンダイ,牡,阪本一栄,,ドリームジャーニー,2004102753,シャープナー,2008106681,スニッツェル,000a010eaa,マイケルＤ．タバ,カナイシスタッド,987.5,2004.0,2008.0,2002.0
2016101607,リゼブルー,牝,松山将樹,,ダンカーク,000a012185,ジョリファム,2010103607,スペシャルウィーク,1995103211,飯田訓大,赤田牧場,986.0,2006.0,2010.0,1995.0
2016105289,プロム,牝,堀千亜樹,,ワークフォース,000a011a7f,レインダンス,2004103345,ダンスインザダーク,1993109188,（株）Ｔ．Ｕ．Ｋ．,社台ファーム,985.0,2007.0,2004.0,1993.0
2016105788,ゴールドメファ,牝,坂本昇,,ゴールドアリュール,1999106689,ミスホーユー,1999106398,ダイナガリバー,1983104089,（株）本城,佐竹学,984.0,1999.0,1999.0,1983.0
2016100048,タイセイチーフ,牡,佐々木仁,,スウェプトオーヴァーボード,000a00fa34,マキノチーフ,2003104000,チーフベアハート,1993190010,（有）オート・エース,アサヒ牧場,984.0,1997.0,2003.0,1993.0
2016105920,サクラパルジファル,牡,土井道隆,,ローエングリン,1999106738,サクラプリメーラ,2008100399,キングカメハメハ,2001103460,酒井孝敏,谷岡スタット,983.0,1999.0,2008.0,2001.0
2016104209,イントゥアドリーム,牡,三宅直之,,ドリームジャーニー,2004102753,マッキーアリエス,2002103514,チーフベアハート,1993190010,（株）ＴＫＫ,吉田三郎,982.7,2004.0,2002.0,1993.0
2016104001,シャイニープレット,牡,羽月友彦,,ブラックタイド,2001103312,スプリングネヴァー,1992108661,サクラユタカオー,1982101222,小林昌志,雅牧場,980.0,2001.0,1992.0,1982.0
2016103652,スマートスリロス,牝,粕谷昌央,,キンシャサノキセキ,2003110212,グリッターアイス,2006110131,Posse,000a01124c,大川徹,本間牧場,980.0,2003.0,2006.0,2000.0
2016100275,ハンサムリー,牡,金成貴史,,ゴールドアリュール,1999106689,ハロータマ,2008104512,ゼンノエルシド,1997110179,ニットー商事,斉藤安行,980.0,1999.0,2008.0,1997.0
2016100199,キョウワドリヴン,牡,笹田和秀,,ヘニーヒューズ,000a011155,キョウワフェアリー,2007104304,アルカセット,2000190010,浅川昌彦,協和牧場,980.0,2003.0,2007.0,2000.0
2016101054,ブルベアベージュ,牡,尾原強,,ベーカバド,000a011dc0,スズノヒロイン,2005102631,スペシャルウィーク,1995103211,（同）ＪＰＮ技研,小河豊水,978.3,2007.0,2005.0,1995.0
2016104657,スノーユニバンス,牝,角田輝也,,ルーラーシップ,2007103143,ラルーチェ,2006103144,クロフネ,1998110135,亀井哲也,ノーザンファーム,977.1,2007.0,2006.0,1998.0
2016106185,ユメツクシ,牝,長谷川忍,,タイムパラドックス,1998101683,サキノスイセイ,2004104926,ジョリーズヘイロー,000a0001aa,池田貴征,原弘之,976.8,1998.0,2004.0,1987.0
2016105303,ロイヤルヴィザージ,牝,飯田祐史,,ロードカナロア,2008103552,ロイヤルネックレス,2006102954,シンボリクリスエス,1999110099,社台レースホース,社台ファーム,975.0,2008.0,2006.0,1999.0
2016101976,アドマイヤコメット,牝,小西重征,,ロードカナロア,2008103552,アドマイヤオウカ,2009106410,シンボリクリスエス,1999110099,松井淳二,辻牧場,973.3,2008.0,2009.0,1999.0
2016101363,ナイスブロンディ,牝,宗石大,,グランプリボス,2008103388,トーホウビーナス,1997102322,Woodman,000a001beb,酒井孝敏,幌村牧場,973.3,2008.0,1997.0,1983.0
2016105111,ナリタエストレジャ,牡,新井隆太,,オルフェーヴル,2008102636,チャリティーライン,000a012971,Manduro,000a0114b8,（株）さくらコーポレ,社台ファーム,970.7,2008.0,2010.0,2002.0
2016102479,ヴォルターウルフ,牡,宗石大,,ドリームジャーニー,2004102753,ティティカカ,2009101140,クロフネ,1998110135,（同）ＪＰＮ技研,鮫川啓一,970.6,2004.0,2009.0,1998.0
2016104786,ポイントオブオナー,牡,桜田浩樹,,トーセンホマレボシ,2009106092,スプリングシーズンII,000a011dd2,Dansili,000a010a5f,高橋正雄,ノーザンファーム,970.4,2009.0,2005.0,1996.0
2016101312,エスシーヴァローナ,牝,菅原欣也,,アサクサキングス,2004103163,アリーペデ,2006106569,タニノギムレット,1999100226,（同）ＪＰＮ技研,沼田照秋,967.9,2004.0,2006.0,1999.0
2016101826,ビーコンプリート,牝,櫻田康二,,ディープブリランテ,2009105084,フレンチナデシコ,2009101322,フレンチデピュティ,000a00013a,馬場祥晃,グランデファーム,967.5,2009.0,2009.0,1992.0
2016101593,メイショウイヤサカ,牝,海馬沢司,,クレスコグランド,2008103013,メイショウフロリナ,2007101564,クロフネ,1998110135,（同）ＪＰＮ技研,中脇一幸,967.4,2008.0,2007.0,1998.0
2016100673,イッキトウセン,牡,渡辺博文,,プリサイスエンド,000a00fe9b,シルキーフレンド,2001102244,マーベラスサンデー,1992103687,原久美子,樋渡志尚,966.8,1997.0,2001.0,1992.0
2016101822,ビレッジクライ,牝,浜田一夫,,ハーツクライ,2001103038,シャイニングムーン,2002104881,エリシオ,1993190001,村山輝雄,グランデファーム,966.5,2001.0,2002.0,1993.0
2016103050,ユメノハジマリ,牝,水野貴史,,ストロングリターン,2006102934,カカアデンカ,2010100475,ステイゴールド,1994108729,高田耕平,下河辺牧場,965.1,2006.0,2010.0,1994.0
2016106253,レクスミノル,牡,胡本友晴,,ヴィクトワールピサ,2007102923,マウンテンミステリー,000a010e5b,Mt. Livermore,000a00184b,中嶋弘士,フジワラファーム,965.0,2007.0,2002.0,1981.0
2016101262,ロストマン,牡,斎藤雄一,,バトルプラン,000a0118e8,トゥルーアイズ,2004101339,スペシャルウィーク,1995103211,松谷翔太,土田農場,963.4,2005.0,2004.0,1995.0
2016102875,ニシノライリー,牝,伊藤強一,,スズカコーズウェイ,2004104345,ニシノルーファス,2006102609,シンボリクリスエス,1999110099,太田雅貴,賀張中川牧場,963.2,2004.0,2006.0,1999.0
2016104316,ベルロビン,牝,佐藤裕太,,ワークフォース,000a011a7f,ベルフィーチャー,2004103098,アグネスタキオン,1998101516,吉田晴哉,追分ファーム,962.5,2007.0,2004.0,1998.0
2016100402,ブラックアンバー,牡,伊藤伸一,,ワークフォース,000a011a7f,オメガロンド,2004103306,フレンチデピュティ,000a00013a,田頭勇貴,大栄牧場,962.2,2007.0,2004.0,1992.0
2016105014,テンナイトパール,牝,小西一男,,ゴールドアリュール,1999106689,コーンドリー,2008102925,Indian Charlie,000a00fcd8,天白泰司,社台ファーム,962.1,1999.0,2008.0,1995.0
2016102621,ダイヤーズブルーム,牝,瀬戸口悟,,ヘニーヒューズ,000a011155,マリアビスティー,2008103221,ハーツクライ,2001103038,吉岡泰治,ヒダカファーム,962.1,2003.0,2008.0,2001.0
2016101479,ウインゴライアス,牡,河津裕昭,,ゴスホークケン,2005110186,スガコ,2001101400,キンググローリアス,000a000d48,増澤一明,元道牧場,960.9,2005.0,2001.0,1986.0
2016102115,ブラックベアー,牡,阪本一栄,,キングヘイロー,1995104427,サツマフラワー,2008101721,フジキセキ,1992109618,蛭川年明,ひるかわ育成牧場,960.5,1995.0,2008.0,1992.0
2016102049,サンダーソニア,牝,長南和宏,,ケープブランコ,000a011b06,ジャミーラ,2001100463,ブライアンズタイム,000a000082,ジェイアール,中島牧場,959.8,2007.0,2001.0,1985.0
2016104412,ビスタストリカ,牝,栗林信文,,ルーラーシップ,2007103143,イストワール,2001103230,サンデーサイレンス,000a00033a,伊橋寿夫,社台コーポレーション白老ファーム,959.5,2007.0,2001.0,1986.0
2016110065,ゼルク,セ,堀千亜樹,,Awesome Again,000a0021cb,ヘヴンリーロマンス,2000105086,サンデーサイレンス,000a00033a,前田晋二,North Hills Co. Limited,959.0,1994.0,2000.0,1986.0
2016102814,ディザイアソング,牝,桜井今朝,,ハービンジャー,000a011996,マイディアソング,2008105281,ディープインパクト,2002100816,尾上寿夫,いとう牧場,958.3,2006.0,2008.0,2002.0
2016103473,マグレ,牝,庄子昭彦,,ルースリンド,2001106791,チアズブリス,2005103478,カリズマティック,000a00fa33,酒井孝敏,ノースガーデン,957.5,2001.0,2005.0,1996.0
2016105402,セイクルーガー,牡,田中守,,レッドスパーダ,2006105511,ニュースターガール,2006100670,ワレンダー,000a000396,中西功,荒木貴宏,956.2,2006.0,2006.0,1990.0
2016105750,サダムゲンヤ,牡,中尾秀正,,サダムパテック,2008102652,アニー,2008105007,ファンタスティックライト,1996190005,大西美生子,坂本智広,955.0,2008.0,2008.0,1996.0
2016104723,ミラーミラー,牝,佐々木由,,エイシンフラッシュ,2007102951,ウインミーティア,2009106267,アグネスタキオン,1998101516,大黒富美子,ノーザンファーム,955.0,2007.0,2009.0,1998.0
2016103906,マジェスティゲート,牡,鈴木正也,,ディープブリランテ,2009105084,エバーグレーズ,2010101550,シンボリクリスエス,1999110099,隅山桂治,清水牧場,954.0,2009.0,2010.0,1999.0
2016106301,ベリッシモファルコ,牝,新井清重,,スマートファルコン,2005100097,シェーナビアンカ,2010102949,タイキシャトル,1994109686,（株）レックス,真歌田中牧場,953.6,2005.0,2010.0,1994.0
2016104582,エクザルフ,牡,松下武士,,バゴ,2001190004,ピュアチャプレット,2006103306,クロフネ,1998110135,サンデーレーシング,ノーザンファーム,952.3,2001.0,2006.0,1998.0
2016105378,ブルーアガヴェ,牡,奥村武,,ディープインパクト,2002100816,ペイトンドーロ,000a0120d5,Medaglia d'Oro,000a010a65,金子真人ホールディングス,パカパカファーム,952.0,2002.0,2006.0,1999.0
2016100807,レターマン,牡,菅原欣也,,ヴァーミリアン,2002100877,ブライアンズレター,1999104283,ナリタブライアン,1991108889,熊坂俊一,松浦牧場,950.9,2002.0,1999.0,1991.0
2016105684,スリーコーズライン,牡,柄崎孝,,スズカコーズウェイ,2004104345,タイムトゥラン,2004104288,ブライアンズタイム,000a000082,永井商事,グランド牧場,950.0,2004.0,2004.0,1985.0
2016104356,クロランサス,牝,松永幹夫,,ディープインパクト,2002100816,クリアンサス,2008102710,Redoute's Choice,000a00fe93,社台レースホース,社台コーポレーション白老ファーム,950.0,2002.0,2008.0,1996.0
2016103403,チャンダナ,牝,森山雄大,,スウェプトオーヴァーボード,000a00fa34,アデュラリア,2006105798,クロフネ,1998110135,中野将大,ナカノファーム,948.6,1997.0,2006.0,1998.0
2016105508,ライズインザノース,牡,山田信大,,フレンチデピュティ,000a00013a,ネオヴェリーフェズ,2007102893,ネオユニヴァース,2000101426,平川浩之,岡田スタッド,948.3,1992.0,2007.0,2000.0
2016106360,ヤマタケフリーダム,牡,長南和宏,,ベルシャザール,2008103004,アロープラネット,2004105150,ブライアンズタイム,000a000082,山中和子,矢野牧場,947.8,2008.0,2004.0,1985.0
2016106068,ユラニュス,牝,田辺陽一,,メイショウボーラー,2001100650,マイウィル,2002105248,フジキセキ,1992109618,永見貴昭,泊寿幸,947.7,2001.0,2002.0,1992.0
2016102358,ワンポイント,牡,山田信大,,ダノンバラード,2008103548,ノースフラッシュ,2008102009,プリサイスエンド,000a00fe9b,小林克己,北俣牧場,947.0,2008.0,2008.0,1997.0
2016104178,クリムパルフェ,牝,松本隆宏,,ナカヤマフェスタ,2006102424,クリミナルコード,2007102368,Red Ransom,000a001c68,（有）上水牧場,真壁信一,946.8,2006.0,2007.0,1987.0
2016100929,プチポワン,牝,矢野義幸,,トーセンジョーダン,2006103169,パワーオブラブ,1999103753,サンデーサイレンス,000a00033a,三宅靖夫,村本牧場,945.3,2006.0,1999.0,1986.0
2016104924,ダヴォス,牝,村上頼章,,シニスターミニスター,000a011099,イオス,2007102838,バゴ,2001190004,吉田照哉,社台ファーム,944.5,2003.0,2007.0,2001.0
2016104140,スパンブリー,牡,長谷川忍,,サンカルロ,2006102822,フューチャーセイル,2009101527,クロフネ,1998110135,由利一郎,ゼットステーブル,942.8,2006.0,2009.0,1998.0
2016106440,ベニノマーメイド,牝,澤佳宏,,バトルプラン,000a0118e8,オリオンザブラック,2006104240,サクラプレジデント,2000102261,紅谷,川上牧場,941.5,2005.0,2006.0,2000.0
2016100195,ポインデクスター,牡,古賀光範,,ゴールドアリュール,1999106689,キョウワアマテラス,2009104604,チーフベアハート,1993190010,松本英泰,協和牧場,940.4,1999.0,2009.0,1993.0
2016106400,テイエムストーン,牝,竹之下昭,,クロフネ,1998110135,クリスタルストーン,2004104532,ブライアンズタイム,000a000082,竹園正繼,チャンピオンズファーム,940.0,1998.0,2004.0,1985.0
2016100320,スナイプ,牡,清水久詞,,ヘニーヒューズ,000a011155,オーヴァーアンダー,000a011e0a,Seeking the Gold,000a001bea,カナヤマホールディングス,須崎牧場,940.0,2003.0,2004.0,1985.0
2016100139,トワイライトスカイ,牡,雑賀正光,,エイシンフラッシュ,2007102951,ペニーウエイト,2009104518,ダイワメジャー,2001103114,山本将司,オリエント牧場,937.1,2007.0,2009.0,2001.0
2016103640,ブラックアバンティ,牡,立花伸,,ローレルゲレイロ,2004100933,エンドレスワルツ,2002103122,アドマイヤベガ,1996107396,清水龍,細川牧場,937.0,2004.0,2002.0,1996.0
2016100258,ギャップオブリアル,牡,村上昌幸,,タイムパラドックス,1998101683,マイネサンサン,2003100736,スペシャルウィーク,1995103211,岩渕道良,コスモヴューファーム,936.5,1998.0,2003.0,1995.0
2016103587,モンスタープリンス,牡,工藤伸輔,,グラスワンダー,1995108676,リリーオブザバリー,2006105951,バブルガムフェロー,1993109219,北原大史,広中稔,936.1,1995.0,2006.0,1993.0
2016104405,ティレニア,牝,平山真希,,ジャスタウェイ,2009106461,アマルフィターナ,2007103340,シンボリクリスエス,1999110099,杉浦和也,ノーザンファーム,934.9,2009.0,2007.0,1999.0
2016110151,コスモロビンソン,牡,那俄性哲,,Take Charge Indy,000a012fb0,Lesson Plan,000a013f77,Forestry,000a002270,杉浦和也,Champion Equine LLC,934.0,2009.0,2005.0,1996.0
2016106539,ライトニングボルト,牡,井上弘之,,オネストジョン,2004106158,オフザリップ,2006102229,フジキセキ,1992109618,三浦良三,藤本直弘,934.0,2004.0,2006.0,1992.0
2016105401,セイエイビビット,牝,岡田一男,,スクワートルスクワート,000a000da4,ジャブラニトート,2008105382,クロフネ,1998110135,星野英夫,荒木貴宏,933.2,1998.0,2008.0,1998.0
2016106421,ブレーンクロー,牡,宮路洋一,,アイルハヴアナザー,000a011ed3,ヤマノアイリー,2010103806,グラスワンダー,1995108676,笠原久夫,チャンピオンズファーム,932.5,2009.0,2010.0,1995.0
2016100920,ロジポルカ,牡,矢野義幸,,ロジユニヴァース,2006103140,マヤノポルカ,2009105352,マヤノトップガン,1992102988,久米田正明,村田牧場,931.0,2006.0,2009.0,1992.0
2016101282,ブルコ,牝,橘友和,,オウケンブルースリ,2005102548,サードシャドウ,2003109120,ロイヤルスキー,000a0003c6,山口久仁子,土居牧場,930.6,2005.0,2003.0,1974.0
2016102048,アイファーメンバー,牡,佐々木功,,タイキシャトル,1994109686,カクテルサンディ,2010105014,エイシンサンディ,1993103280,中島稔,中島牧場,930.0,1994.0,2010.0,1993.0
2016101598,ナムラジョニー,牡,大和田成,,ダンカーク,000a012185,ナムラビーム,2009100025,スウェプトオーヴァーボード,000a00fa34,奈村信重,林時春,930.0,2006.0,2009.0,1997.0
2016100629,イキザマ,牡,佐藤敏彦,,サウスヴィグラス,1996110138,クリーペル,2006104764,タイキシャトル,1994109686,遠藤喜和,ハクツ牧場,930.0,1996.0,2006.0,1994.0
2016102622,ヤマジュンハナビ,牝,畠山信一,,プリサイスエンド,000a00fe9b,マルラニビスティー,2006103153,ダンスインザダーク,1993109188,山下洵一郎,ヒダカファーム,928.3,1997.0,2006.0,1993.0
2016102802,スウィートボックス,牝,藤村和生,,スウェプトオーヴァーボード,000a00fa34,ハッピーラベンダー,2005102842,バブルガムフェロー,1993109219,宮本昌彦,石原牧場,928.0,1997.0,2005.0,1993.0
2016104525,パルスレート,牝,中川竜馬,,ジャスタウェイ,2009106461,スルーレート,2002100888,フレンチデピュティ,000a00013a,小橋亮太,ノーザンファーム,925.6,2009.0,2002.0,1992.0
2016103916,ベルキューティ,牝,田村康仁,,ロードカナロア,2008103552,ラッキーレディ,2010104688,ネオユニヴァース,2000101426,子安裕樹,清水牧場,925.0,2008.0,2010.0,2000.0
2016102645,ボンドロール,牝,黒木豊,,ストロングリターン,2006102934,ディアルーモ,2010102921,ネオユニヴァース,2000101426,小橋亮太,不二牧場,922.0,2006.0,2010.0,2000.0
2016104025,ダストデビル,牡,佐野謙二,,ゴールドヘイロー,1997101264,ダブルハッピー,2011101330,タイキシャトル,1994109686,和田博美,リトルブルーファーム,920.5,1997.0,2011.0,1994.0
2016110064,マノラム,牝,晴山厚司,,Temple City,000a012a6a,Mykukubird,000a013ca7,With Distinction,000a012760,安川雅博,Tooth and Kent Inc Elise Handler & Matthew Schering,920.3,2005.0,2009.0,2001.0
2016100826,シップウジンライ,牡,長南和宏,,ローレルゲレイロ,2004100933,ラブギャラクシー,2008100882,ネオユニヴァース,2000101426,下岸秀人,松本信行,920.0,2004.0,2008.0,2000.0
2016103141,デライーガー,牡,盛本信春,,ベルシャザール,2008103004,キミーズキッド,000a0112b0,Exploit,000a002319,庄野宏志,庄野牧場,919.4,2008.0,2001.0,1996.0
2016103511,タカラチーター,牡,内田勝義,,スマートファルコン,2005100097,イナズマチーター,2006104349,カリズマティック,000a00fa33,村山義男,原田牧場,918.4,2005.0,2006.0,1996.0
2016101448,キンショービコー,牡,岡田利一,,ローズキングダム,2007103404,ブライアンズビコー,1999104245,ブライアンズタイム,000a000082,礒野日出夫,三石ファーム,918.2,2007.0,1999.0,1985.0
2016105283,ココリアッピア,牝,北野真弘,,ルーラーシップ,2007103143,リボンアート,2001103115,サンデーサイレンス,000a00033a,美崎光二郎,社台ファーム,918.1,2007.0,2001.0,1986.0
2016103124,ハッピークラッカー,牝,佐々木仁,,マンハッタンカフェ,1998101554,ランフォーイット,000a011ddd,El Prado,000a001fb5,萩原挙,下河辺牧場,916.9,1998.0,2006.0,1989.0
2016103816,トーセントレンド,牡,小久保智,,トーセンロレンス,2009106085,スティールシャーク,2005102260,シンボリクリスエス,1999110099,島川隆哉,エスティファーム,916.3,2009.0,2005.0,1999.0
2016105328,トゥービーシック,牝,細川忠義,,ハービンジャー,000a011996,ナイキトリック,2008102693,サクラバクシンオー,1989108341,西森功,日優牧場,916.0,2006.0,2008.0,1989.0
2016105100,ジュンアサヒダケ,セ,張田京,,オルフェーヴル,2008102636,ダリオール,000a011dc9,Highest Honor,000a00185c,河合純二,社台ファーム,913.5,2008.0,2007.0,1983.0
2016101507,ヴァガルーナ,牝,野田忍,,アドマイヤムーン,2003102991,カントリーメロディー,000a0116f9,Gone West,000a001be1,岡本敞司,米田牧場,911.4,2003.0,2000.0,1984.0
2016106431,バイプレーヤー,牡,朝倉実,,トゥザグローリー,2007103265,アーバンベルノ,1992100253,カコイーシーズ,1986109001,佐藤良男,熊沢牧場,911.0,2007.0,1992.0,1986.0
2016105914,ジェットストリーム,牝,山崎尋美,,サウスヴィグラス,1996110138,サクラスウィープ,2004104095,グラスワンダー,1995108676,谷岡真喜,谷岡スタット,910.9,1996.0,2004.0,1995.0
2016105787,ミラキュラスパワー,牝,中川竜馬,,ヘニーヒューズ,000a011155,プレイサイレンス,000a01165b,サンデーサイレンス,000a00033a,豊島愛子,佐竹学,910.0,2003.0,2001.0,1986.0
2016100127,ボルンタード,牡,高橋義博,,キンシャサノキセキ,2003110212,ゴルフガール,000a010b4f,Kingmambo,000a001d7e,西森功,オリエント牧場,910.0,2003.0,1997.0,1990.0
2016104207,アールグランツ,牡,桜田康二,,クロフネ,1998110135,ピュアダイヤモンド,2009105676,フジキセキ,1992109618,大坪邦夫,ユートピア牧場,908.8,1998.0,2009.0,1992.0
2016100850,ジェイケイヒロイン,牝,井樋一也,,スクリーンヒーロー,2004103328,ジェイケイバトル,2012103446,エンパイアメーカー,000a010542,萩原挙,村上欽哉,907.4,2004.0,2012.0,2000.0
2016101224,ココリジャスミン,牝,古賀慎明,,クロフネ,1998110135,ソリーソアンジェロ,2010104001,ディープインパクト,2002100816,美崎光二郎,田上徹,905.9,1998.0,2010.0,2002.0
2016102551,ルッチョーラ,牡,榎屋充,,エイシンフラッシュ,2007102951,グロースバンダム,2009101264,ダンスインザダーク,1993109188,大島栄一,中神牧場,905.7,2007.0,2009.0,1993.0
2016104153,トーアコルレオーネ,牡,井樋一也,,ジャスタウェイ,2009106461,トーアビバリーヒル,2002100325,ダンスインザダーク,1993109188,小橋亮太,トーア牧場,905.5,2009.0,2002.0,1993.0
2016105237,フレンドゾーン,牝,斎藤雄一,,サウスヴィグラス,1996110138,マルカフレンドリー,2002100638,サンデーサイレンス,000a00033a,薄井隆博,社台ファーム,905.0,1996.0,2002.0,1986.0
2016104438,カフジローズ,牝,原口次夫,,ダイワメジャー,2001103114,エリドゥバビロン,2007110107,Bernstein,000a010bae,加藤守,ノーザンファーム,904.5,2001.0,2007.0,1997.0
2016105268,ロードトゥドラゴン,牡,出川克己,,ロードカナロア,2008103552,ラタンバスケット,2006102947,タイキシャトル,1994109686,吉田照哉,社台コーポレーション白老ファーム,903.5,2008.0,2006.0,1994.0
2016104091,ダディフィンガー,牡,的場均,,ヨハネスブルグ,000a0103b9,スマイルゲート,2009105484,タニノギムレット,1999100226,野村茂雄,上水牧場,903.0,1999.0,2009.0,1999.0
2016106550,ビービーシャルト,セ,玉井昇,,パイロ,000a01176a,スイートトーク,2006106833,フジキセキ,1992109618,小林信幸,オリエント牧場,902.0,2005.0,2006.0,1992.0
2016103575,サーチュイン,牝,真島元徳,,クロフネ,1998110135,トウカイライフ,2007105970,トウカイテイオー,1988101025,加藤厚子,広富牧場,901.2,1998.0,2007.0,1988.0
2016100681,ヨウウッドテール,牡,長南和宏,,アイルハヴアナザー,000a011ed3,キャニオンドリーム,2001100470,ブラックタイアフェアー,000a00006e,梶正典,ビッグレッドファーム,900.3,2009.0,2001.0,1986.0
2016106531,テイエムイブシギン,牡,武英智,,エスポワールシチー,2005102837,マヤノソーナ,2002102516,パントレセレブル,000a000271,竹園正繼,佐々木康治,900.0,2005.0,2002.0,1994.0
2016106217,グレイジャックマン,セ,尾関知人,,ゼンノロブロイ,2000101517,シークレットコサージュ,000a011231,Lost Soldier,000a0111cf,千明牧場,藤沢牧場,900.0,2000.0,2001.0,1990.0
2016105201,ピエナヒーロー,セ,奥村豊,,タートルボウル,000a012045,ブロンドヒロイン,2010103972,グラスワンダー,1995108676,本谷兼三,社台コーポレーション白老ファーム,900.0,2002.0,2010.0,1995.0
2016104838,ブロードハースト,牝,高柳大輔,,スクリーンヒーロー,2004103328,ブロードピーク,2008103303,ディープインパクト,2002100816,キャロットファーム,ノーザンファーム,900.0,2004.0,2008.0,2002.0
2016102397,タイセイスパーブ,牡,青木孝文,,キングズベスト,000a0022d2,アグネスナチュラル,2006102875,サクラバクシンオー,1989108341,田中成奉,高昭牧場,900.0,1997.0,2006.0,1989.0
2016100070,マイネルセリオン,牡,畠山吉宏,,ジャスタウェイ,2009106461,アイアイプリンセス,1998105477,アフリート,000a000013,サラブレッドクラブ・ラフィアン,石郷岡雅樹,900.0,2009.0,1998.0,1984.0
2016104579,エールドール,牝,角田輝也,,クロフネ,1998110135,ビスクドール,1998101814,サンデーサイレンス,000a00033a,長谷川守正,ノーザンファーム,899.2,1998.0,1998.0,1986.0
2016103024,シゲルアコヤガイ,牝,菅原右吉,,スウェプトオーヴァーボード,000a00fa34,ジョウノマドンナ,2006105451,ダンスインザダーク,1993109188,シグラップ・マネジメ,三城ボクジョウ,899.0,1997.0,2006.0,1993.0
2016102270,エンプレスアロー,牝,藤川純,,ローエングリン,1999106738,スパートル,2007101913,ゼンノロブロイ,2000101517,小橋亮太,市川ファーム,898.0,1999.0,2007.0,2000.0
2016103922,ノアキセキ,牝,鷹見浩,,ジャスタウェイ,2009106461,ノアスカーレット,2007102173,キングカメハメハ,2001103460,佐山公男,スガタ牧場,897.4,2009.0,2007.0,2001.0
2016104126,ミユキメガバックス,牡,堂山芳則,,ベルシャザール,2008103004,コフィーチャン,2008101054,シンボリクリスエス,1999110099,長井純一,貞広賢治,896.8,2008.0,2008.0,1999.0
2016100215,シズカマナカ,牝,納谷和玖,,ジャングルポケット,1998101786,タケカワルキューレ,2002101898,ダンスインザダーク,1993109188,大倉佑介,小泉牧場,895.4,1998.0,2002.0,1993.0
2016104396,アウトスタンド,牝,渡辺和雄,,スマートファルコン,2005100097,アストリッド,2003102889,ホワイトマズル,1990109700,吉田勝己,社台コーポレーション白老ファーム,894.0,2005.0,2003.0,1990.0
2016101678,サーブルグロワール,牡,小久保智,,エスポワールシチー,2005102837,エーシンブイムード,2005110171,Malibu Moon,000a010c8e,松尾直樹,栄進牧場,892.5,2005.0,2005.0,1997.0
2016104871,マイタイムオブデイ,牝,松永幹夫,,Australia,000a012499,ラックビーアレディトゥナイト,000a012f89,Mr. Greeley,000a00213e,シルクレーシング,ノーザンファーム,891.0,2011.0,2008.0,1992.0
2016103821,トーセンイマジン,牡,嶋田幸晴,,アイルハヴアナザー,000a011ed3,トーセンインディ,2008105327,アドマイヤコジーン,1996106512,遠藤喜和,エスティファーム,891.0,2009.0,2008.0,1996.0
2016101687,ブラックミーティア,牡,田辺陽一,,キンシャサノキセキ,2003110212,スカイウェー,000a012044,Trans Island,000a011f89,高橋文男,栄進牧場,891.0,2003.0,2007.0,1995.0
2016105159,ワダツミ,牡,牧浦充徳,,ジャスタウェイ,2009106461,ビーチパレード,2008102948,シンボリクリスエス,1999110099,谷掛龍夫,社台ファーム,890.0,2009.0,2008.0,1999.0
2016104863,マイヨブラン,牡,加藤征弘,,ヨハネスブルグ,000a0103b9,ユキチャン,2005102546,クロフネ,1998110135,シルクレーシング,ノーザンファーム,890.0,1999.0,2005.0,1998.0
2016100010,ホシノウチカケ,牝,桜井今朝,,トーセンホマレボシ,2009106092,キヌガサアジュディ,2002101638,アジュディケーティング,000a000d5d,酒井孝敏,赤石久夫,888.8,2009.0,2002.0,1987.0
2016102987,シェナフウジン,牡,冨田敏男,,カジノドライヴ,2005110112,タッチブライト,2006106161,サウスヴィグラス,1996110138,冨田藤男,坂田牧場,888.6,2005.0,2006.0,1996.0
2016103622,ルフレシャンス,牝,佐々木清,,ダイワメジャー,2001103114,ウィルシャー,2007101643,ブライアンズタイム,000a000082,阿部憲三,宝寄山忠則,887.9,2001.0,2007.0,1985.0
2016105480,ボーイズオブサマー,セ,国沢輝幸,,アイルハヴアナザー,000a011ed3,サマーロコガール,2007101192,キングカメハメハ,2001103460,山本浩司,岡田スタッド,887.0,2009.0,2007.0,2001.0
2016103458,カシノラウト,牡,飯田良弘,,プリサイスエンド,000a00fe9b,クリノバンダイサン,2010102010,フレンチデピュティ,000a00013a,柏木務,日西牧場,886.9,1997.0,2010.0,1992.0
2016104281,テメノス,牝,松下武士,,ハーツクライ,2001103038,セレスティアルキャット,000a012545,Tale of the Cat,000a002276,Ｇ１レーシング,追分ファーム,885.0,2001.0,2011.0,1994.0
2016106138,ブルベアペスカ,牡,谷潔,,フレンチデピュティ,000a00013a,アレグリアス,2002105069,フォーティナイナー,000a000134,森中蕃,橋本牧場,884.0,1992.0,2002.0,1985.0
2016101970,メルシーサンサン,牝,別府真司,,ダンカーク,000a012185,ノルゲ,2005106243,ワイルドラッシュ,000a0003a1,迎徹,地興牧場,883.0,2006.0,2005.0,1994.0
2016101833,アークダイヤ,牝,坂口義幸,,ダノンバラード,2008103548,ワンダフルムーン,2010104847,アドマイヤムーン,2003102991,ＡＨＣ（株）,近藤牧場,882.6,2008.0,2010.0,2003.0
2016106415,アールウォーケン,牡,松浦裕之,,スウェプトオーヴァーボード,000a00fa34,パーフェクトブルー,2000102924,サンデーサイレンス,000a00033a,前原敏行,チャンピオンズファーム,882.0,1997.0,2000.0,1986.0
2016105955,サンエイバラード,牡,佐藤浩一,,ダノンバラード,2008103548,アインアイン,1997102319,パークリージェント,000a000d01,鈴木雅俊,大典牧場,881.3,2008.0,1997.0,1981.0
2016104975,ハイパワードトップ,牡,松田国英,,ベルシャザール,2008103004,オリーブジュエル,2009105763,ディープインパクト,2002100816,吉田千津,社台ファーム,880.0,2008.0,2009.0,2002.0
2016106514,エコロディアマンテ,牡,水野貴史,,ショウナンカンプ,1998102595,シップスログ,2010104440,ネオユニヴァース,2000101426,原村正紀,能登浩,877.0,1998.0,2010.0,2000.0
2016106574,ローマノキュウジツ,牝,田島寿一,,スマートファルコン,2005100097,オオトリヘプバーン,2001100913,ジェイドロバリー,000a0001a7,石塚史典,幌村牧場,876.5,2005.0,2001.0,1987.0
2016102118,ラブインブルーム,牝,萱野浩二,,タイキシャトル,1994109686,エステーラブ,2007106575,マイネルラヴ,1995108558,大樹ファーム,ビクトリーホースランチ,876.4,1994.0,2007.0,1995.0
2016105759,ブラックアーシャ,牝,角田輝也,,ブラックタイド,2001103312,ノーズトウショウ,2008100648,ブラックホーク,1994109361,古賀和夫,坂本春雄,876.0,2001.0,2008.0,1994.0
2016104667,レアフィード,牡,宇野木博,,ワークフォース,000a011a7f,レアクラシック,2004103161,スペシャルウィーク,1995103211,遠藤喜和,ノーザンファーム,875.0,2007.0,2004.0,1995.0
2016110084,グーガルラヴィ,セ,川島雅人,,デクラレーションオブウォー,000a0136f6,Maltese Googol,000a013cc7,Speightstown,000a011200,藤田在子,Nagako Fujita,874.6,2009.0,2008.0,1998.0
2016103404,マリーグレイス,牝,別府真司,,ゼンノロブロイ,2000101517,サクセスマリ,2008105967,キングカメハメハ,2001103460,酒井孝敏,ナカノファーム,872.9,2000.0,2008.0,2001.0
2016103014,ドゥーナ,牝,鈴木義久,,フィガロ,1995108837,トリアノン,2000105929,アフリート,000a000013,小沼一成,サンシャイン牧場,872.8,1995.0,2000.0,1984.0
2016104770,アトラクティヴ,牝,奥村武,,スクリーンヒーロー,2004103328,シンハディーパ,2010104152,ウォーエンブレム,000a00fa35,近藤英子,ノーザンファーム,872.0,2004.0,2010.0,1999.0
2016100104,ネオカナロア,牡,高岩孝敏,,ロードカナロア,2008103552,シルバーキセキ,2007104111,フジキセキ,1992109618,北原大史,岩見牧場,871.0,2008.0,2007.0,1992.0
2016105514,ステーロ,牡,新田守,,ナカヤマフェスタ,2006102424,フサイチジェット,2002110192,Gilded Time,000a001fbc,高橋千恵子,岡田スタッド,870.1,2006.0,2002.0,1990.0
2016101817,レオクリスタル,牝,橋本忠明,,サウスヴィグラス,1996110138,レッドマーキュリー,2009104147,マンハッタンカフェ,1998101554,親川智行,金成吉田牧場,870.0,1996.0,2009.0,1998.0
2016106270,アビゲイル,牝,今津勝之,,トーセンジョーダン,2006103169,テンザンアモーレ,2002105266,タイキシャトル,1994109686,大西和子,藤原牧場,869.4,2006.0,2002.0,1994.0
2016100998,ジョセフテルミー,牡,上杉昌宏,,カネヒキリ,2002100978,コーディング,000a006859,Mark of Esteem,000a002097,高橋照比古,若林牧場,868.5,2002.0,1998.0,1993.0
2016105970,ケイツーテソーロ,牡,石井勝男,,ハーツクライ,2001103038,カサブランカスマイル,000a01250a,Ocean Terrace,000a0123f0,了徳寺健二ホールディングス,千代田牧場,868.0,2001.0,2006.0,2000.0
2016105829,スマートマウアー,牡,田中守,,タートルボウル,000a012045,ハイジトウショウ,2003105158,バブルガムフェロー,1993109219,金澤賢一,静内山田牧場,867.8,2002.0,2003.0,1993.0
2016101408,ジニアズウィッシュ,牝,小林真治,,ヘニーヒューズ,000a011155,シルクメガヒット,2002101525,サンデーサイレンス,000a00033a,今中俊平,水上習孝,867.0,2003.0,2002.0,1986.0
2016101293,グッドヴィジョン,牝,栗田裕光,,エスポワールシチー,2005102837,アンチークショップ,2005110030,Fusaichi Pegasus,000a0022cf,蕭敬如,仲野牧場,867.0,2005.0,2005.0,1997.0
2016102300,キングエド,牡,石井勝男,,キングヘイロー,1995104427,ミズホユウセイ,2002103735,デヒア,000a0000df,浦安一番（有）,王蔵牧場,866.5,1995.0,2002.0,1991.0
2016106348,スカイズザリミット,牝,真島元徳,,マツリダゴッホ,2003104570,ミスベルツリー,2006104843,アグネスデジタル,1997110025,三岡有香,見上牧場,865.0,2003.0,2006.0,1997.0
2016105459,エレガントエルフ,セ,松島寿,,ロージズインメイ,000a010a10,エレガンテヴィータ,2010102451,アグネスタキオン,1998101516,（同）ＪＰＮ技研,岡田スタッド,865.0,2000.0,2010.0,1998.0
2016103007,カネショウベリー,牝,内田勝義,,フィガロ,1995108837,カレンダーガール,2001106081,アフリート,000a000013,清水正裕,サンシャイン牧場,864.2,1995.0,2001.0,1984.0
2016101501,アマゾニカ,牝,大江原哲,,タイムパラドックス,1998101683,サマーファインデイ,2005109289,アグネスデジタル,1997110025,ディアレストクラブ,山野牧場,864.0,1998.0,2005.0,1997.0
2016101008,クインザビクトリー,牝,安部幸夫,,パイロ,000a01176a,サクラマシェリ,2008100255,キングカメハメハ,2001103460,伊藤力,田村靖典,863.0,2005.0,2008.0,2001.0
2016106044,キープオンゴーイン,牝,国枝栄,,ディープインパクト,2002100816,レディジョアン,000a011ac3,Orientate,000a010902,飯田正剛,千代田牧場,862.0,2002.0,2004.0,1998.0
2016103993,リュウジン,牡,山下定文,,モンテロッソ,000a011b05,チリペッパー,2011100563,マンハッタンカフェ,1998101554,西村專次,船越伸也,861.7,2007.0,2011.0,1998.0
2016102554,ユーバーファル,牡,竹下直人,,ダンカーク,000a012185,ドリームドリーマー,2005106287,ダンスインザダーク,1993109188,大島栄一,中神牧場,860.2,2006.0,2005.0,1993.0
2016106021,サトノダイナスティ,牡,渡辺和雄,,ルーラーシップ,2007103143,ベストクルーズ,2007100569,クロフネ,1998110135,里見治,千代田牧場,860.0,2007.0,2007.0,1998.0
2016105045,トップアスリート,セ,池添学,,ヴィクトワールピサ,2007102923,シュピッツェ,2009105812,Azamour,000a01053b,寺田千代乃,社台ファーム,860.0,2007.0,2009.0,2001.0
2016101111,ユウストレート,牝,武藤敏明,,トゥザグローリー,2007103265,オリオンオンサイト,2003107427,グラスワンダー,1995108676,（同）ＪＰＮ技研,加野牧場,859.3,2007.0,2003.0,1995.0
2016100274,タマブラックパール,牝,佐々木由,,カネヒキリ,2002100978,タママリア,2003100330,キングヘイロー,1995104427,山下勇,斉藤安行,858.5,2002.0,2003.0,1995.0
2016101839,サマーアイランド,牡,田中正人,,ロードカナロア,2008103552,ジュリエットソング,2009100447,ディープインパクト,2002100816,酒井美津子,酒井牧場,858.2,2008.0,2009.0,2002.0
2016104173,ラッキーアモン,牡,箕輪武,,トーセンホマレボシ,2009106092,ミスアモン,2004102598,メジロライアン,1987105368,米澤淳,平岡牧場,857.1,2009.0,2004.0,1987.0
2016102121,タイキマイスター,牡,玉井昇,,ディープブリランテ,2009105084,タイキキララ,2010105076,キングヘイロー,1995104427,角谷守正,ビクトリーホースランチ,855.8,2009.0,2010.0,1995.0
2016106181,ユキノヴェルデ,牡,和田正一,,タイキシャトル,1994109686,ユキノレイコ,2001104465,ラムタラ,000a0001d4,井上基之,服部牧場,855.0,1994.0,2001.0,1992.0
2016102700,ヘデラ,牝,箕輪武,,キングズベスト,000a0022d2,エキナシア,2008102467,スニッツェル,000a010eaa,斉藤光由,ミルファーム,854.0,1997.0,2008.0,2002.0
2016102066,フェイトフル,牡,藤川純,,サムライハート,2002100996,ミスターキン,2004102155,オジジアン,000a00025e,小橋亮太,南部功,853.7,2002.0,2004.0,1983.0
2016106175,カフェジュリア,牝,柏木一夫,,シンボリクリスエス,1999110099,プレイフォーノビー,2011100428,アドマイヤムーン,2003102991,豊島愛子,服部牧場,853.0,1999.0,2011.0,2003.0
2016105465,ブラックテキーラ,牡,長倉功,,マツリダゴッホ,2003104570,カヤドーモトヒメ,2006100761,エアジハード,1995107978,黒澤賢一,岡田スタッド,853.0,2003.0,2006.0,1995.0
2016106586,カリスマイチダイ,牝,的場直之,,ノヴェリスト,000a012230,アイオイノキセキ,2004107113,フジキセキ,1992109618,畔柳年言,アイオイファーム,852.0,2009.0,2004.0,1992.0
2016105307,ウルリヒト,牡,原口次夫,,タートルボウル,000a012045,ローズオットー,2004103143,ダンスインザダーク,1993109188,酒井孝敏,社台ファーム,851.9,2002.0,2004.0,1993.0
2016105028,レッドグラティアス,牡,鮫島克也,,シンボリクリスエス,1999110099,サンクスアロット,2002100603,サンデーサイレンス,000a00033a,浦野和由,社台ファーム,851.5,1999.0,2002.0,1986.0
2016105636,ミユキダイアモンド,牝,堂山芳則,,ロードカナロア,2008103552,プロラタ,000a011e08,エンパイアメーカー,000a010542,長井純一,木村秀則,851.4,2008.0,2008.0,2000.0
2016101396,ニシノマリアージュ,牝,冨田敏男,,パドトロワ,2007102760,ブライアンマリア,1995102059,ブライアンズタイム,000a000082,冨田藤男,前田ファーム,850.9,2007.0,1995.0,1985.0
2016106455,ニューアビリティ,牡,橋田満,,ドリームジャーニー,2004102753,ニチドウルチル,2007103476,ファルブラヴ,1998190004,ビクトリーホースランチ,大平牧場,850.0,2004.0,2007.0,1998.0
2016104758,ジュピターズライト,セ,金成貴史,,ハービンジャー,000a011996,サトノジュピター,2009106065,アグネスタキオン,1998101516,シルクレーシング,ノーザンファーム,850.0,2006.0,2009.0,1998.0
2016104003,ハニーエンパイア,牝,平田修,,エンパイアメーカー,000a010542,ハニーメロンチャン,2007104997,サウスヴィグラス,1996110138,松岡隆雄,雅牧場,850.0,2000.0,2007.0,1996.0
2016102430,ノボオリエンス,牝,山崎裕也,,ノボジャック,1997110152,ノボサンシャイン,1998110151,Gone West,000a001be1,ＬＳ．Ｍ,高昭牧場,850.0,1997.0,1998.0,1984.0
2016104060,エスペランスノヴァ,牡,柳井宏之,,ベルシャザール,2008103004,キセキクイン,1997107308,フジキセキ,1992109618,川添裕起,新井牧場,848.1,2008.0,1997.0,1992.0
2016100675,マイネルエポレット,牡,平山真希,,トーセンホマレボシ,2009106092,アイアイサクラ,2001104708,ペンタイア,1992190007,杉浦和也,ビッグレッドファーム,846.6,2009.0,2001.0,1992.0
2016101260,グレーフィンソニア,牝,井樋一也,,キンシャサノキセキ,2003110212,エルクイーン,2010101452,Tiznow,000a00fa4b,山崎和哉,土田農場,845.9,2003.0,2010.0,1997.0
2016104320,ミッキーセオリー,牡,久保田貴,,ダノンシャンティ,2007105709,ミッキーレモン,2008102579,ロージズインメイ,000a010a10,野田みづき,追分ファーム,845.0,2007.0,2008.0,2000.0
2016106285,オーソーラヴリー,牝,池田忠好,,フリオーソ,2004106867,プラチナアリュール,2008100580,ゴールドアリュール,1999106689,小橋亮太,へいはた牧場,843.1,2004.0,2008.0,1999.0
2016102077,デアデビル,牡,茂崎正善,,ナカヤマフェスタ,2006102424,フィールマイハート,2007101709,マリエンバード,000a00fa36,晴間芳次,日進牧場,843.1,2006.0,2007.0,1997.0
2016103753,グレートリープ,牡,上杉昌宏,,サウスヴィグラス,1996110138,エターナルロマンス,2005103844,シンボリクリスエス,1999110099,岡田義見,ヤナガワ牧場,842.0,1996.0,2005.0,1999.0
2016105330,ドリームリン,牝,菅原欣也,,キンシャサノキセキ,2003110212,スカイノリン,2007103273,ゼンノロブロイ,2000101517,大黒富美子,山春牧場,841.6,2003.0,2007.0,2000.0
2016105710,マギーメイ,牝,櫻木英喜,,スズカコーズウェイ,2004104345,ヘヴンリーカラーズ,2009103526,アドマイヤムーン,2003102991,村田裕子,グランド牧場,839.5,2004.0,2009.0,2003.0
2016101543,ウラカワノオト,牡,加藤和義,,ディープインパクト,2002100816,ユニバーサル,2001104869,ブライアンズタイム,000a000082,矢内卓人,様似渡辺牧場,837.6,2002.0,2001.0,1985.0
2016103800,フェノワール,牡,今津勝之,,グランプリボス,2008103388,シーブルー,2006104954,マンハッタンカフェ,1998101554,小橋亮太,若林順一,835.9,2008.0,2006.0,1998.0
2016105666,ケイティグレース,牝,伊藤和忍,,ロジユニヴァース,2006103140,グレースグランド,2011101943,アドマイヤムーン,2003102991,瀧本和義,グランド牧場,834.9,2006.0,2011.0,2003.0
2016101696,エイシンオズ,牝,橋本忠明,,エイシンアポロン,2007110020,ホームフロムオズ,000a011c6e,Pulpit,000a002133,平井克彦,栄進牧場,834.8,2007.0,2002.0,1994.0
2016104210,イマジンラヴ,牡,保利良次,,シンボリクリスエス,1999110099,マッキーロイヤル,1999106652,フジキセキ,1992109618,薪浦亨,吉田三郎,834.6,1999.0,1999.0,1992.0
2016102564,ハクサンフラワー,牝,坂口義幸,,シルポート,2005109202,トリプルハート,2008100621,ネオユニヴァース,2000101426,河崎五市,中村雅明,833.3,2005.0,2008.0,2000.0
2016100901,テイエムバリバリ,牡,石栗龍彦,,トーセンホマレボシ,2009106092,ヴァリュー,000a010563,Belong to Me,000a001ff2,竹園正繼,村上雅規,832.0,2009.0,2000.0,1989.0
2016101755,メイショウランセツ,牡,池添兼雄,,ダンカーク,000a012185,ハンナリト,2007101397,ネオユニヴァース,2000101426,松本好雄,川越ファーム,831.0,2006.0,2007.0,2000.0
2016109126,コチョウジュニア,牡,加藤和義,,ブラックホーク,1994109361,コチョウサン,2011102006,クロフネ,1998110135,宮下元胤,本田土寿,830.8,1994.0,2011.0,1998.0
2016104888,レッドパラス,牝,中川公成,,クロフネ,1998110135,レッドソンブレロ,2012104673,キングカメハメハ,2001103460,東京ホースレーシング,ノーザンファーム,830.0,1998.0,2012.0,2001.0
2016104701,ロッカーモーション,牝,内野健二,,トーセンジョーダン,2006103169,アドマイヤセラヴィ,1999107045,サンデーサイレンス,000a00033a,（同）ＪＰＮ技研,ノーザンファーム,830.0,2006.0,1999.0,1986.0
2016104598,グリグリ,牝,打越勇児,,オルフェーヴル,2008102636,フラニーフロイド,000a011a64,Freud,000a011434,増田和啓,ノーザンファーム,830.0,2008.0,2007.0,1998.0
2016102364,キングキャラット,牡,南田美知,,ノボジャック,1997110152,ゴッドエンジェル,2001105276,ラムタラ,000a0001d4,田畑富子,熊谷武,830.0,1997.0,2001.0,1992.0
2016100615,シーシャープ,牡,橋口慎介,,オルフェーヴル,2008102636,フロムスクラッチ,2005110122,Grand Slam,000a0022b9,前田晋二,ノースヒルズ,830.0,2008.0,2005.0,1995.0
2016104258,ラステラデファルコ,牡,藤ヶ崎一,,ハーツクライ,2001103038,エグジジェ,1999110202,Capote,000a00185a,山口謙太郎,追分ファーム,828.3,2001.0,1999.0,1984.0
2016101324,アイアンゾーン,牝,南田美知,,スウェプトオーヴァーボード,000a00fa34,アイアンクリッパー,2008103128,ハーツクライ,2001103038,池上一馬,原口牧場,827.5,1997.0,2008.0,2001.0
2016101010,コジョウザン,牡,国沢輝幸,,フリオーソ,2004106867,ファンキートット,2008102821,フジキセキ,1992109618,吉田紘子,田村靖典,825.3,2004.0,2008.0,1992.0
2016106397,レオ,牡,堀千亜樹,,Mastercraftsman,000a01249a,オモテナシII,000a012e28,Henrythenavigator,000a0116fd,ニッシンホールディングス,チャンピオンズファーム,824.0,2006.0,2012.0,2005.0
2016104230,イニシエーター,牝,山中尊徳,,ゴールドアリュール,1999106689,メジロシーゴー,2005102021,ワイルドラッシュ,000a0003a1,関田光男,レイクヴィラファーム,823.0,1999.0,2005.0,1994.0
2016102737,チェンマイルージュ,牝,高橋優子,,ワークフォース,000a011a7f,ニーマルオトメ,2007104714,ゼンノロブロイ,2000101517,（有）総武開発,ディアレストクラブ,822.6,2007.0,2007.0,2000.0
2016100876,アップショウ,牝,倉地学,,レッドスパーダ,2006105511,マチカネアオイ,2003102999,サンデーサイレンス,000a00033a,田口順子,村上進治,822.4,2006.0,2003.0,1986.0
2016105989,オリーブティアラ,牝,中尾秀正,,キングカメハメハ,2001103460,スティールパス,2007100581,ネオユニヴァース,2000101426,飯田良枝,千代田牧場,820.0,2001.0,2007.0,2000.0
2016105354,サンダーキング,牡,晴山厚司,,キングヘイロー,1995104427,クイーンブルー,2002107600,アドマイヤベガ,1996107396,倉田吉一郎,鹿戸美明,819.5,1995.0,2002.0,1996.0
2016105205,プランタンヴェール,牝,平山真希,,ワークフォース,000a011a7f,プランタンビジュー,2010103787,ダイワメジャー,2001103114,清宮義男,社台ファーム,819.4,2007.0,2010.0,2001.0
2016101374,ウインバルドル,牡,織田誠,,サウスヴィグラス,1996110138,ニシノフレイア,1997103738,Seeking the Gold,000a001bea,阿部憲三,本桐牧場,818.2,1996.0,1997.0,1985.0
2016103625,ピックプウィン,牝,岡田利一,,パイロ,000a01176a,ティフォン,2012102439,マンハッタンカフェ,1998101554,（株）さくらコーポレ,宝寄山忠則,817.9,2005.0,2012.0,1998.0
2016100544,コーラル,牝,三野宮通,,アドマイヤムーン,2003102991,ギンザフェアレディ,2011105036,マンハッタンカフェ,1998101554,（株）アプエンテ,新冠橋本牧場,817.3,2003.0,2011.0,1998.0
2016105845,ハッピーハナコサン,牝,山元博徳,,シビルウォー,2005102317,ハシルモーガン,2010102828,アグネスタキオン,1998101516,（株）ファーストビジ,聖心台牧場,816.2,2005.0,2010.0,1998.0
2016104763,フォートエリー,牝,八木正喜,,キンシャサノキセキ,2003110212,シャドウキャスター,2002100972,エリシオ,1993190001,山内晃,ノーザンファーム,815.1,2003.0,2002.0,1993.0
2016101508,キタサンベッキー,牝,川島正一,,パイロ,000a01176a,キタサンヒメ,1997101947,カコイーシーズ,1986109001,大野商事,米田牧場,814.3,2005.0,1997.0,1986.0
2016101323,ツウカイステラ,牝,宗綱泰彦,,アイルハヴアナザー,000a011ed3,ホクトブルーバード,1996100572,アサティス,1985109002,（同）ＪＰＮ技研,萩澤泰博,811.7,2009.0,1996.0,1985.0
2016105780,ニホンピロコレール,牡,服部利之,,トーセンジョーダン,2006103169,ニホンピロヴィータ,2008100351,スニッツェル,000a010eaa,小林百太郎,佐竹学,811.3,2006.0,2008.0,2002.0
2016100213,タゴム,牡,安部幸夫,,キンシャサノキセキ,2003110212,コウエイテンプウ,2006100647,デヒア,000a0000df,稲葉光昭,小泉牧場,811.3,2003.0,2006.0,1991.0
2016105286,スパークルガール,牝,長谷川忍,,ハーツクライ,2001103038,ルヴァーガール,000a010abd,Alzao,000a001cb4,高山竜二,社台ファーム,810.4,2001.0,2000.0,1980.0
2016110054,スマートグランダム,牝,蛯名雄太,,Tale of the Cat,000a002276,Champagne Eyes,000a013bda,Flatter,000a010d05,（株）大川徹ホールデ,Josham Farms Limited,810.0,1994.0,2005.0,1999.0
2016106180,サクセスファイター,牡,中舘英二,,ハービンジャー,000a011996,ユキノマーメイド,2003105308,スペシャルウィーク,1995103211,高嶋哲,服部牧場,810.0,2006.0,2003.0,1995.0
2016104485,ハニーウィル,牝,村山明,,ヘニーヒューズ,000a011155,サンウィルシャイン,1998101798,サンデーサイレンス,000a00033a,友駿ホースクラブ,ノーザンファーム,810.0,2003.0,1998.0,1986.0
2016102338,マンボカリエンテ,セ,田中博康,,ディープブリランテ,2009105084,ニュアージュドール,2012105791,ディープスカイ,2005101358,橋元勇氣,笠松牧場,810.0,2009.0,2012.0,2005.0
2016100605,エフルラージュ,牝,大竹正博,,ゴールドアリュール,1999106689,ジャルダンスクレ,2010110072,Medaglia d'Oro,000a010a65,ノースヒルズ,ノースヒルズ,810.0,1999.0,2010.0,1999.0
2016105002,フェリスナタール,牡,小牧毅,,ハービンジャー,000a011996,クリスマスキャロル,2007102758,アグネスタキオン,1998101516,秋元順紀,社台ファーム,809.7,2006.0,2007.0,1998.0
2016102533,タカノアンジェラス,牡,土井道隆,,ダノンバラード,2008103548,スプリングタイムロマンス,000a0111be,Kris S.,000a0016f2,（同）ＪＰＮ技研,東栄牧場,807.0,2008.0,2001.0,1977.0
2016100288,クワイエット,牝,大橋勇樹,,ローレルゲレイロ,2004100933,スパイクラベンダー,2010105523,Henrythenavigator,000a0116fd,ＹＧＧホースクラブ,佐藤牧場,806.0,2004.0,2010.0,2005.0
2016104547,ジーナアイリス,牝,田村康仁,,ゴールドアリュール,1999106689,ディアジーナ,2006102194,メジロマックイーン,1987107235,シルクレーシング,ノーザンファーム,805.0,1999.0,2006.0,1987.0
2016102051,トライゲッター,セ,伊藤大士,,ルーラーシップ,2007103143,スパークルキャット,2011103281,ダンスインザダーク,1993109188,畑佐博,中島牧場,804.7,2007.0,2011.0,1993.0
2016103902,エースアクシス,牝,井樋一也,,ローレルゲレイロ,2004100933,センターシャイネン,1999106773,ブライアンズタイム,000a000082,（有）オート・エース,鹿戸辰幸,804.2,2004.0,1999.0,1985.0
2016101699,サンライズヴュー,牡,赤嶺本浩,,マンハッタンカフェ,1998101554,ミッドナイトソプラノ,000a012518,Celtic Swing,000a002098,豊島愛子,栄進牧場,804.0,1998.0,2007.0,1992.0
2016100460,レオタイザン,牡,胡本友晴,,アサクサキングス,2004103163,アリアローズ,2010101238,ローエングリン,1999106738,八木徹,トモファーム,803.5,2004.0,2010.0,1999.0
2016102145,ユウチャージ,牝,角田輝也,,トゥザグローリー,2007103265,ピエナフローラ,2004102255,タイキシャトル,1994109686,アイテツ,まるとみ冨岡牧場,800.3,2007.0,2004.0,1994.0
2016105366,ドンドンキードン,牝,野中賢二,,オルフェーヴル,2008102636,カメリアローズII,000a012506,Oratorio,000a010d4e,大原孝治,パカパカファーム,800.0,2008.0,2008.0,2002.0
2016105033,ブーケオブジュエル,牝,加藤士津,,キングカメハメハ,2001103460,ザッハーマイン,2005110040,Mineshaft,000a010545,社台レースホース,社台ファーム,800.0,2001.0,2005.0,1999.0
2016102009,キララアモーレ,牝,今野貞一,,ヘニーヒューズ,000a011155,フラライン,2005110203,Distorted Humor,000a0022ea,吉澤ホールディングス,辻牧場,800.0,2003.0,2005.0,1993.0
2016101555,モルトグランデ,牡,庄野靖志,,プリサイスエンド,000a00fe9b,サルトリーガール,2003100892,スペシャルウィーク,1995103211,幅田京子,澤井義一,800.0,1997.0,2003.0,1995.0
2016103443,ニシノドクターヘリ,牝,山口浩幸,,ノヴェリスト,000a012230,ニシノナースコール,2002100167,ブライアンズタイム,000a000082,冨田藤男,村上欽哉,798.8,2009.0,2002.0,1985.0
2016100545,ケイアイネイビー,牡,坂口義幸,,アドマイヤムーン,2003102991,ケイアイアテナ,2008110026,Afleet Alex,000a010dc8,谷謙介,新冠橋本牧場,798.8,2003.0,2008.0,2002.0
2016100392,アアラヴァ,牝,尾林幸二,,ローズキングダム,2007103404,ドリームレディ,2007104986,ロージズインメイ,000a010a10,曽和栄司,タニグチ牧場,797.3,2007.0,2007.0,2000.0
2016100465,アリアナティー,牝,赤嶺本浩,,ローエングリン,1999106738,スーパーマダム,2010103717,タニノギムレット,1999100226,谷謙介,土井牧場,797.0,1999.0,2010.0,1999.0
2016100152,シゲルヒラコー,牡,九日俊光,,ヘニーヒューズ,000a011155,トロピカルフラワー,1998104495,サクラバクシンオー,1989108341,森中啓子,カミイスタット,796.8,2003.0,1998.0,1989.0
2016110110,ドーバーテソーロ,牡,奥平雅士,,Union Rags,000a012d4c,Miss Emilia,000a013d22,War Front,000a011d00,了徳寺健二ホールディングス,Chadds Ford Stable LLC,796.0,2009.0,2009.0,2002.0
2016102544,チェリーアトラス,牡,黒木豊,,チェリークラウン,2004102428,チェリーウォーター,2007100685,ティンバーカントリー,000a00035e,小橋亮太,富塚ファーム,795.9,2004.0,2007.0,1992.0
2016106242,ゼットレオ,牡,田中範雄,,ハービンジャー,000a011996,ネオシルヴィア,2008101532,ネオユニヴァース,2000101426,林知佐子,フジワラファーム,794.8,2006.0,2008.0,2000.0
2016102717,オウムアムア,牡,金田一昌,,キングズベスト,000a0022d2,リーベストラウム,2005100990,ゼンノエルシド,1997110179,清水敏,ミルファーム,794.8,1997.0,2005.0,1997.0
2016104911,ホウオウソルジャー,セ,平和人,,スウェプトオーヴァーボード,000a00fa34,アルヴァーダ,000a010abc,エルナンド,1990109706,酒井孝敏,社台ファーム,794.7,1997.0,2000.0,1990.0
2016101379,コンシード,セ,栗本陽一,,キングヘイロー,1995104427,メイプルウィリング,2006103918,カコイーシーズ,1986109001,福永實,本桐牧場,794.5,1995.0,2006.0,1986.0
2016101648,ワタシノワルツ,牝,山田義人,,ザサンデーフサイチ,2004102855,レイナワルツ,2000103611,ブラックタイアフェアー,000a00006e,ＳＲＥ（同）,浦河日成牧場,794.0,2004.0,2000.0,1986.0
2016101527,ジュンケンジー,牡,佐々木由,,アイルハヴアナザー,000a011ed3,パッシオーネ,2010104078,ゼンノロブロイ,2000101517,大黒富美子,能登浩,793.8,2009.0,2010.0,2000.0
2016105467,ブラザーサン,牡,高橋純,,ジャングルポケット,1998101786,キアラ,2006103973,ステイゴールド,1994108729,加藤和成,岡田スタッド,793.5,1998.0,2006.0,1994.0
2016103090,サンエイフラワー,牝,酒井仁,,ロージズインメイ,000a010a10,ハッピートーク,2006105535,アグネスデジタル,1997110025,鈴木雅俊,下河辺牧場,793.3,2000.0,2006.0,1997.0
2016102408,パリッシュブルー,牝,目迫大輔,,ゴールドアリュール,1999106689,カネトシパリッシュ,2010110137,Tapit,000a011248,上山泰憲,高昭牧場,792.8,1999.0,2010.0,2001.0
2016106207,スターインステルス,牝,小村正也,,フリオーソ,2004106867,スクロヴェーニ,2007100821,スパイキュール,2000101557,マルセン工業（株）,藤川ファーム,792.6,2004.0,2007.0,2000.0
2016104909,デルマシャンティ,牡,金田一昌,,シビルウォー,2005102317,アモールミーオ,2010103949,ダイワメジャー,2001103114,浅沼廣幸,社台ファーム,792.2,2005.0,2010.0,2001.0
2016101300,ジェイケイジーク,牡,赤嶺本浩,,ビービーガルダン,2004106583,ローレルウィッチ,2001100211,エルコンドルパサー,1995108742,杉浦和也,中橋清,792.0,2004.0,2001.0,1995.0
2016106525,ラブアバンティ,牝,立花伸,,トーセンホマレボシ,2009106092,ミラクルセイリング,2009106483,フジキセキ,1992109618,清水真由美,坂戸節子,791.5,2009.0,2009.0,1992.0
2016105672,ソイギネー,牝,井樋明正,,ヴィットリオドーロ,2009110009,ザナイトビフォー,2011101916,クロフネ,1998110135,成富直行,グランド牧場,791.3,2009.0,2011.0,1998.0
2016101067,トピアリスト,牝,張田京,,サウスヴィグラス,1996110138,トピアリー,2003101100,タバスコキャット,000a000348,島田久,沖田忠幸,790.5,1996.0,2003.0,1991.0
2016102472,オースミヌーベル,牡,石川栄,,クロフネ,1998110135,オースミミズホ,2010102122,スペシャルウィーク,1995103211,（株）さくらコーポレ,鮫川啓一,790.4,1998.0,2010.0,1995.0
2016103280,グランツリヒター,牡,中川公成,,スクリーンヒーロー,2004103328,マンデルーシュ,000a0111c8,Alwuhush,1985109004,ノルマンディーサラブレッドレーシング,タバタファーム,790.0,2004.0,2003.0,1985.0
2016102463,ジョートラジャ,牡,小久保智,,ジョーカプチーノ,2006100529,ジョーイロンデル,2005101521,クロフネ,1998110135,上田江吏子,斉藤政志,790.0,2006.0,2005.0,1998.0
2016106477,エイシントロピコ,牝,坂本和也,,バゴ,2001190004,エーシンカルメン,2008110019,Giant's Causeway,000a0022e1,平井克彦,栄進牧場,789.8,2001.0,2008.0,1997.0
2016106150,ショーシンイ,牝,土井道隆,,ブラックタイド,2001103312,シルクシャンゼリゼ,2005100806,マリエンバード,000a00fa36,吉冨学,畠山牧場,787.8,2001.0,2005.0,1997.0
2016102675,スーパーアロイ,セ,大根田裕,,ロージズインメイ,000a010a10,ローランウィスパー,1997101004,Wolfhound,000a001fe2,駒秀,村下農場,787.8,2000.0,1997.0,1989.0
2016106511,スズブルースカイ,牡,渋谷信博,,ダノンバラード,2008103548,スズリスペクト,2007101553,プリサイスエンド,000a00fe9b,石井太郎,成隆牧場,787.5,2008.0,2007.0,1997.0
2016106308,テイエムファイター,牡,平山宏秀,,ブラックタイド,2001103312,エンジェルライト,1999100640,スキャン,000a000d69,竹園正繼,前谷武志,786.5,2001.0,1999.0,1988.0
2016102694,トーホウフレーテ,牝,高橋亮,,ロードカナロア,2008103552,トーホウプリンセス,2007102333,サクラバクシンオー,1989108341,東豊物産,吉田ファーム,785.4,2008.0,2007.0,1989.0
2016104380,モンドヌーヴォー,牡,藤岡健一,,ハービンジャー,000a011996,ラフォルジュルネ,2007103007,スペシャルウィーク,1995103211,キャロットファーム,社台コーポレーション白老ファーム,785.0,2006.0,2007.0,1995.0
2016102562,シゲルホタルイシ,牡,川添明弘,,サウスヴィグラス,1996110138,シゲルウエンセン,2005100652,ジャングルポケット,1998101786,栗嶋豊明,中村雅明,785.0,1996.0,2005.0,1998.0
2016100612,カリッサ,牝,佐々木晶,,ヘニーヒューズ,000a011155,ピンウィール,2009105012,キングカメハメハ,2001103460,ノースヒルズ,ノースヒルズ,785.0,2003.0,2009.0,2001.0
2016103114,グランピー,牝,宗綱泰彦,,ロージズインメイ,000a010a10,マジックミラージュ,2002110147,Giant's Causeway,000a0022e1,金野博幸,下河辺牧場,784.7,2000.0,2002.0,1997.0
2016101005,セイシャレード,牝,尾原強,,カジノドライヴ,2005110112,ノアノア,2008102119,クロフネ,1998110135,太田雅貴,奥山博,782.3,2005.0,2008.0,1998.0
2016101017,チバタリアン,牝,小林真治,,キャプテントゥーレ,2005102216,バクシンオージョ,2004100244,タイキシャトル,1994109686,井上久光,競優牧場,782.0,2005.0,2004.0,1994.0
2016100803,シュンラン,牝,辻野豊,,アルデバランII,000a010541,ハナガスミ,2002109336,クロコルージュ,000a0000bf,中村勝彦,松浦牧場,781.3,1998.0,2002.0,1995.0
2016106102,グラシアスゼロ,牡,土井道隆,,サクラオリオン,2002104686,サクラローズマリー,2006101383,サクラプレジデント,2000102261,木稲安則,西村和夫,781.1,2002.0,2006.0,2000.0
2016110039,エターナルブレイズ,牝,金成貴史,,Invincible Spirit,000a01056d,Game Zone,000a013ae4,Hurricane Run,000a01189d,レッドマジック,Ecurie Des Monceaux & Skymarc Farm Inc,780.0,1997.0,2011.0,2002.0
2016104617,クロスパール,牝,勢司和浩,,トーセンジョーダン,2006103169,ホールロッタラヴ,2010104369,ネオユニヴァース,2000101426,キャロットファーム,ノーザンファーム,780.0,2006.0,2010.0,2000.0
2016103921,メイプルガーデン,牝,高市圭二,,ベルシャザール,2008103004,ディーエスメイドン,2000106419,カコイーシーズ,1986109001,節英司,スガタ牧場,780.0,2008.0,2000.0,1986.0
2016101936,モズカプリッチョ,牡,中尾秀正,,グランプリボス,2008103388,モズソフィ,2011100970,マンハッタンカフェ,1998101554,キャピタル・システム,谷川牧場,780.0,2008.0,2011.0,1998.0
2016100032,ディヴァイン,牡,小西一男,,ハーツクライ,2001103038,マジックポーションII,000a011dc4,Danehill Dancer,000a002309,小泉修,秋田牧場,780.0,2001.0,2006.0,1993.0
2016101538,マッターホルン,牡,米川昇,,ゼンノロブロイ,2000101517,カツイチヴィーナス,2003103576,ラムタラ,000a0001d4,吉橋一美,様似堀牧場,779.1,2000.0,2003.0,1992.0
2016100691,チェインドレディー,牝,手島勝利,,トーセンホマレボシ,2009106092,コスモアンドロメダ,2009104656,ロージズインメイ,000a010a10,三岡陽,ビッグレッドファーム,778.7,2009.0,2009.0,2000.0
2016100564,ラキウラ,セ,安田武広,,ヴァーミリアン,2002100877,グランマモーゼス,2004104146,ホワイトマズル,1990109700,土井久美子,錦岡牧場,777.9,2002.0,2004.0,1990.0
2016110057,マイネルエイブ,牡,打越勇児,,Into Mischief,000a0125a7,Spring,000a013b16,ストラヴィンスキー,000a00fa41,組）ウィル,Robert B. Trussell Jr.,777.5,2005.0,2002.0,1996.0
2016110091,フォートワズワース,牡,室井真文,,Verrazano,000a013ac1,Opulence,000a013abf,Giant's Causeway,000a0022e1,（株）ファーストビジ,Chelston,775.8,2010.0,2007.0,1997.0
2016110066,ヴィーゲンリート,牝,武幸四郎,,Tiznow,000a00fa4b,Dream Supreme,000a011eae,Seeking the Gold,000a001bea,ノースヒルズ,Kinsman Farm,775.0,1997.0,1997.0,1985.0
2016110017,インナーハート,牡,吉村圭司,,ハーツクライ,2001103038,トリート,000a011530,Barathea,000a000054,ゴドルフィン,Godolphin,775.0,2001.0,2004.0,1990.0
2016105685,ハニーディスタフ,牝,伊藤圭三,,ゴールドアリュール,1999106689,ダッシングハニー,2002104552,アサティス,1985109002,ヒダカ・ブリーダーズ・ユニオン,グランド牧場,775.0,1999.0,2002.0,1985.0
2016104898,ビザンティン,牡,須貝尚介,,キングカメハメハ,2001103460,アカンサス,2008102889,フジキセキ,1992109618,社台レースホース,社台ファーム,775.0,2001.0,2008.0,1992.0
2016104098,ベストオンアース,牝,伊藤大士,,ヴィクトワールピサ,2007102923,ベストブート,000a00fe5a,Storm Boot,000a002053,那須野牧場,上水牧場,775.0,2007.0,1999.0,1989.0
2016103134,レンジャーガール,牝,山崎尋美,,ハービンジャー,000a011996,サンキューアスク,2009104195,シンボリクリスエス,1999110099,戸賀智子,ＳｈａｌｌＦａｒｍ,775.0,2006.0,2009.0,1999.0
2016105538,マイネルファイヤー,牡,工藤真司,,カネヒキリ,2002100978,シャイニングアイズ,2004104704,アグネスタキオン,1998101516,湯浅健司,岡田猛,774.8,2002.0,2004.0,1998.0
2016106300,アンテレソン,牡,荒井朋弘,,スマートファルコン,2005100097,コスタズメラルダ,2006103855,コロナドズクエスト,000a0000b5,苅部康太郎,真歌田中牧場,774.0,2005.0,2006.0,1995.0
2016101666,エイシンゴエモン,牡,高馬元紘,,トーセンジョーダン,2006103169,エーシンオマーン,2010104646,アグネスデジタル,1997110025,門別敏朗,栄進牧場,772.4,2006.0,2010.0,1997.0
2016105146,ケンデューク,牡,久保田貴,,ノヴェリスト,000a012230,ハリウッドセレブ,2011104442,ジャングルポケット,1998101786,中西健,社台ファーム,772.0,2009.0,2011.0,1998.0
2016101157,スカイシアター,牝,高柳瑞樹,,ヴィクトワールピサ,2007102923,タッチアス,2006110087,Mineshaft,000a010545,ロードホースクラブ,大柳ファーム,772.0,2007.0,2006.0,1999.0
2016104206,ピュアセレニティー,牝,岡林光浩,,ブラックタイド,2001103312,ピュアシンフォニー,2007102620,ストラヴィンスキー,000a00fa41,ユートピア牧場,新井牧場,771.5,2001.0,2007.0,1996.0
2016100734,マイネルサンタアナ,牡,粕谷昌央,,アイルハヴアナザー,000a011ed3,マイネオレンジ,2010105940,ロージズインメイ,000a010a10,サラブレッドクラブ・ラフィアン,ビッグレッドファーム,769.4,2009.0,2010.0,2000.0
2016103190,コルク,牡,小林義明,,ナカヤマフェスタ,2006102424,キャプテンガール,2010109015,キャプテンスティーヴ,000a000d9d,遠藤喜和,シンボリ牧場,768.2,2006.0,2010.0,1997.0
2016106420,ハチヨウ,牡,佐藤博紀,,クロフネ,1998110135,ミッションヒルズ,2005105445,アグネスデジタル,1997110025,高田秀信,チャンピオンズファーム,768.0,1998.0,2005.0,1997.0
2016103112,ヤマノシャチー,牝,高岩孝敏,,ダノンシャンティ,2007105709,ボニーアクション,2004105652,Cat Thief,000a00fcdf,八巻弘一,下河辺牧場,767.0,2007.0,2004.0,1996.0
2016102573,グローリアスボレロ,牝,新井清重,,ダンカーク,000a012185,ヒシルーマー,2004103679,デヒア,000a0000df,日下部勝徳,中村雅明,766.7,2006.0,2004.0,1991.0
2016101740,トップデンティスト,牡,阪本一栄,,ヴァーミリアン,2002100877,デンタルハイジーン,2010102167,プリサイスエンド,000a00fe9b,三宅勝俊,カナイシスタッド,766.0,2002.0,2010.0,1997.0
2016101591,メイショウハヤナリ,牡,藤原智行,,シニスターミニスター,000a011099,プラッキーエリーナ,2009100111,マヤノトップガン,1992102988,平野友保,中脇一幸,765.5,2003.0,2009.0,1992.0
2016110082,ケイトクライ,牝,岡林光浩,,Exchange Rate,000a011433,High Cry,000a013c9a,ストリートクライ,000a0103ba,遠藤日出樹,Sabana Farm,765.0,1997.0,2006.0,1998.0
2016103997,リュウノイカリ,牡,高月賢一,,パイロ,000a01176a,ユーワゼフィルス,2001106724,スペシャルウィーク,1995103211,二口雅一,船越伸也,765.0,2005.0,2001.0,1995.0
2016100751,マジックブルーム,牝,那俄性哲,,メイショウサムソン,2003102205,マイネペンタグラム,2009105190,アグネスタキオン,1998101516,（株）ファーストビジ,ビッグレッドファーム,765.0,2003.0,2009.0,1998.0
2016104637,オーロトラジェ,牝,森沢友貴,,オルフェーヴル,2008102636,ミュージカルウェイ,000a011534,Gold Away,000a010313,サンデーレーシング,ノーザンファーム,764.8,2008.0,2002.0,1995.0
2016105527,リトルウィッチ,牝,加藤和宏,,ヴァーミリアン,2002100877,ヤマサラグランジュ,2005100084,サクラバクシンオー,1989108341,（株）ファーストビジ,岡田スタッド,764.6,2002.0,2005.0,1989.0
2016103440,ニシノイタダキ,牡,山口浩幸,,エンパイアメーカー,000a010542,ニシノシルエット,2006102574,アグネスタキオン,1998101516,冨田藤男,村上欽哉,764.5,2000.0,2006.0,1998.0
2016101916,ハルサエウィズ,牡,荒井朋弘,,ダンカーク,000a012185,コウヨウアイリーン,2004102050,ダンスインザダーク,1993109188,松嶋良治,谷川牧場,764.0,2006.0,2004.0,1993.0
2016106340,アイマックス,牡,岡田一男,,ジャングルポケット,1998101786,フサイチミニヨン,1996107378,サンデーサイレンス,000a00033a,ライフエンタープライズ,松田牧場,763.9,1998.0,1996.0,1986.0
2016104785,ホウオウエックス,牡,大島静夫,,ダイワメジャー,2001103114,スネガエクスプレス,2009106159,ウォーエンブレム,000a00fa35,白鳥久男,ノーザンファーム,762.9,2001.0,2009.0,1999.0
2016100057,ネコシリーズ,牡,石井勝男,,アジュディミツオー,2001104554,ファッションモデル,2004100042,カコイーシーズ,1986109001,森田一俊,安達洋生,761.5,2001.0,2004.0,1986.0
2016104942,ルベリエ,牝,角居勝彦,,ディープインパクト,2002100816,ヴェルダ,000a012809,Observatory,000a010bee,社台レースホース,社台ファーム,760.0,2002.0,2006.0,1997.0
2016103721,ショウサンシルエラ,牝,碇清次郎,,ノヴェリスト,000a012230,ショウサンミーベル,2011101519,フジキセキ,1992109618,鈴木昭和,モリナガファーム,760.0,2009.0,2011.0,1992.0
2016104295,テンペスタージ,牡,坂本和也,,オルフェーヴル,2008102636,ディラローシェ,000a00fe54,デインヒル,000a0000d1,前田良平,追分ファーム,758.6,2008.0,1999.0,1986.0
2016103943,ブルーシューズ,牡,成田明,,スウィフトカレント,2001103189,ブルーピアス,2009101850,ヘクタープロテクター,000a000d6b,諸岡慶,二風谷ファーム,756.0,2001.0,2009.0,1988.0
2016102520,メイスンハナフブキ,牝,小島茂之,,エイシンフラッシュ,2007102951,アグネスフィーバー,2005110173,Vindication,000a010544,梅村浩,高松牧場,756.0,2007.0,2005.0,2000.0
2016104903,プレステッツァ,牝,矢野英一,,ルーラーシップ,2007103143,アスタラビクトリア,2010103924,ネオユニヴァース,2000101426,吉田照哉,社台ファーム,755.4,2007.0,2010.0,2000.0
2016104469,グリューネリヒト,セ,高木登,,ヘニーヒューズ,000a011155,グリューネヴォッヘ,2010104333,スペシャルウィーク,1995103211,サンデーレーシング,ノーザンファーム,755.0,2003.0,2010.0,1995.0
2016103375,ライド,牝,安部幸夫,,タイキシャトル,1994109686,パシャ,2007105756,デュランダル,1999106756,稲葉光昭,出口牧場,754.6,1994.0,2007.0,1999.0
2016101628,パワープラント,牡,雑賀正光,,アドマイヤマックス,1999107004,フクウンラブスター,2005103979,アジュディケーティング,000a000d5d,山本将司,浦河育成牧場,754.5,1999.0,2005.0,1987.0
2016102518,ミツカネコマンダー,牡,加藤誠一,,ベルシャザール,2008103004,ラヴコマンダー,2001105375,コマンダーインチーフ,000a0000b0,小山田満,高岸順一,753.9,2008.0,2001.0,1990.0
2016103359,クィーンズウェイ,牝,石井勝男,,ジャスタウェイ,2009106461,クイーンギムレット,2009102698,タニノギムレット,1999100226,飯田総一郎,千葉飯田牧場,753.8,2009.0,2009.0,1999.0
2016105187,フレンチチェリー,牝,井樋一也,,ショウナンカンプ,1998102595,フレンチアイディア,2001103165,サンデーサイレンス,000a00033a,吉田勝利,社台ファーム,753.7,1998.0,2001.0,1986.0
2016104058,レサイヤ,牡,今野貞一,,サウスヴィグラス,1996110138,ファイナルリリー,2007102337,ロージズインメイ,000a010a10,落合稔,阿部栄乃進,752.0,1996.0,2007.0,2000.0
2016105855,アスタードラゴン,牡,木原一良,,スペシャルウィーク,1995103211,クイーンナイサー,2004109288,フォーティナイナー,000a000134,加藤久枝,タイヘイ牧場,750.0,1995.0,2004.0,1985.0
2016102872,ダンツスピリット,牡,吉岡辰弥,,リーチザクラウン,2006102923,ヴィクトワール,2005107013,アドマイヤベガ,1996107396,山元哲二,賀張中川牧場,750.0,2006.0,2005.0,1996.0
2016102222,ロードスパイダー,セ,安田翔伍,,ロードカナロア,2008103552,カブリオレ,000a011dff,Dansili,000a010a5f,ロードホースクラブ,ミリオンファーム,750.0,2008.0,2003.0,1996.0
2016103995,ガッサンノリュウ,牡,桜田康二,,フリオーソ,2004106867,マグナカルタ,2011100601,ルールオブロー,000a010d7d,西村專次,船越伸也,749.3,2004.0,2011.0,2001.0
2016101009,ミスシェーンハイト,牝,川島洋人,,ヤマニンセラフィム,1999104188,トーヨーハヤテ,2003106396,フレンチデピュティ,000a00013a,田村誠,田村靖典,749.3,1999.0,2003.0,1992.0
2016104538,ルメッサージュ,牝,田中譲二,,ヨハネスブルグ,000a0103b9,チアズメッセージ,2000102044,サンデーサイレンス,000a00033a,（同）ＪＰＮ技研,ノーザンファーム,749.0,1999.0,2000.0,1986.0
2016106472,フジノラビット,牝,徳本慶一,,ストーミングホーム,1998190003,エイシンラブソング,2002102694,エイシンワシントン,1991109929,廣藤圭祐,栄進牧場,747.0,1998.0,2002.0,1991.0
2016101827,ノーブルフューチャ,牝,月岡健二,,フリオーソ,2004106867,テンセイフジ,2002102898,ハウスバスター,000a000187,吉木伸彦,小葉松幸雄,746.6,2004.0,2002.0,1987.0
2016104188,バンプファイア,牡,中川雅之,,ルースリンド,2001106791,スノーヴァーダント,2007102549,カコイーシーズ,1986109001,山崎和哉,橋本牧場,746.2,2001.0,2007.0,1986.0
2016100312,ベターハーフ,牝,三野宮通,,ケイムホーム,000a0108d1,ツヨイキモチ,2007103017,シンボリクリスエス,1999110099,（株）アプエンテ,スカイビーチステーブル,745.8,1999.0,2007.0,1999.0
2016104267,エスキシータ,牝,吉岡辰弥,,ハーツクライ,2001103038,クリームオンリー,000a011567,Exchange Rate,000a011433,吉田晴哉,社台コーポレーション白老ファーム,745.0,2001.0,2004.0,1997.0
2016104715,アラゴネス,セ,佐々木功,,ゴールドアリュール,1999106689,アンソニカ,2007110110,Purge,000a011156,井上久光,ノーザンファーム,744.0,1999.0,2007.0,2001.0
2016100879,ズラリ,牡,齊藤敏,,ジャスタウェイ,2009106461,カネスベネフィット,2001100658,Miswaki,000a0017b0,（株）Ｍ’ｓカンパニ,ムラカミファーム,744.0,2009.0,2001.0,1978.0
2016110150,シブヤクロッシング,牡,井樋一也,,Medaglia d'Oro,000a010a65,Oleanda Avenue,000a013f75,A.P. Indy,000a001d37,宮崎豊治,Hargus Sexton Sandra Sexton & Silver Fern Farm LLC,743.0,1999.0,2010.0,1989.0
2016102313,トーセンアトランタ,牡,稲益貴弘,,ヨハネスブルグ,000a0103b9,レゾリューション,2004103409,カリズマティック,000a00fa33,神田雅行,大島牧場,743.0,1999.0,2004.0,1996.0
2016105001,スーペルゴラッソ,牡,桜田浩樹,,ハービンジャー,000a011996,クリスティロマンス,2007102799,シンボリクリスエス,1999110099,八嶋長久,社台ファーム,741.5,2006.0,2007.0,1999.0
2016106358,リンガスビャクヤ,牡,及川良春,,スウェプトオーヴァーボード,000a00fa34,リンガスローレル,1999101112,サクラローレル,1991103498,谷謙介,三木田牧場,740.0,1997.0,1999.0,1991.0
2016104925,アルデンテ,牝,河内洋,,エンパイアメーカー,000a010542,イタリアンレッド,2006103026,ネオユニヴァース,2000101426,吉田千津,社台ファーム,740.0,2000.0,2006.0,2000.0
2016102967,アイアス,セ,菅原欣也,,カネヒキリ,2002100978,アイルゴーバック,2009106640,アッミラーレ,1997100569,畑末廣郎,グッドラック・ファーム,739.9,2002.0,2009.0,1997.0
2016106133,ディーズファンシー,牝,井樋明正,,ヨハネスブルグ,000a0103b9,ナムラジュエル,2008100751,マーベラスサンデー,1992103687,（同）ＪＰＮ技研,野坂牧場,739.2,1999.0,2008.0,1992.0
2016110107,ブライトンテソーロ,牡,村上実,,Oasis Dream,000a010d4f,Alsace Lorraine,000a013d1d,Giant's Causeway,000a0022e1,岩渕瑞生,Merry Fox Stud Limited,738.5,2000.0,2005.0,1997.0
2016105395,カツゲキドラゴン,牡,後藤正義,,スマートファルコン,2005100097,レイビスティー,2007104987,キングカメハメハ,2001103460,野々垣陽介,朝野勝洋,737.6,2005.0,2007.0,2001.0
2016100982,ムーンパスノキセキ,牡,土井道隆,,キンシャサノキセキ,2003110212,セレブセレクション,2001102762,ダンツシアトル,1990109145,木稲安則,芳住鉄兵,737.1,2003.0,2001.0,1990.0
2016102146,メイショウモチヅキ,牡,徳本慶一,,キンシャサノキセキ,2003110212,ベストオブチャンス,2001100708,サクラローレル,1991103498,遠藤喜和,まるとみ冨岡牧場,736.8,2003.0,2001.0,1991.0
2016101780,キュールエミヤビ,牝,中尾秀正,,ブラックタイド,2001103312,スウェプトレジーナ,2004103491,スウェプトオーヴァーボード,000a00fa34,岡本良三,杵臼牧場,736.0,2001.0,2004.0,1997.0
2016104945,ベルファーリング,牝,大島静夫,,ハーツクライ,2001103038,エアティアーモ,2007102719,ロージズインメイ,000a010a10,組）リノレーシング,社台ファーム,735.8,2001.0,2007.0,2000.0
2016102883,ビービーブレイデン,牡,加藤幸保,,ビービーガルダン,2004106583,ビービープレジャー,1999101174,アラジ,000a00003b,（有）ミドルアイラン,賀張三浦牧場,735.0,2004.0,1999.0,1989.0
2016102681,パルセイティング,牝,平山真希,,ローズキングダム,2007103404,ポーラーシェーン,2010102326,Rock Hard Ten,000a010612,（株）レックス,山下恭茂,734.5,2007.0,2010.0,2001.0
2016105921,クラウソラス,牡,平山真希,,エーシンフォワード,2005110172,サクラベル,2008100408,サクラプレジデント,2000102261,杉浦和也,谷岡スタット,734.1,2005.0,2008.0,2000.0
2016102428,ヴィテスミット,牡,藪口一麻,,プリサイスエンド,000a00fe9b,ニシノナデシコ,2004102552,クロフネ,1998110135,（有）太盛,高昭牧場,733.0,1997.0,2004.0,1998.0
2016103321,レルシュタープ,牡,高橋優子,,ネオユニヴァース,2000101426,スワンソング,2010100697,シングスピール,1992190005,宮田平,ダーレー・ジャパン・ファーム,732.8,2000.0,2010.0,1992.0
2016100735,ワイルドオーキッド,牝,飯田弘道,,アイルハヴアナザー,000a011ed3,マイネカトレア,2010105956,アグネスタキオン,1998101516,成富直行,ビッグレッドファーム,730.5,2009.0,2010.0,1998.0
2016105967,ハイロードシチー,牡,田村彰啓,,キングヘイロー,1995104427,インプレッシヴ,2008100537,オンファイア,2003102809,川合秀宏,千代田牧場,730.2,1995.0,2008.0,2003.0
2016101819,ナガラスワロー,牝,大根田裕,,タニノギムレット,1999100226,アンティール,2009105776,ネオユニヴァース,2000101426,長良レーシングクラブ,グラストレーニングセンター,730.0,1999.0,2009.0,2000.0
2016101143,プレミアムギフト,牝,高野友和,,オルフェーヴル,2008102636,インディアナギャル,000a011a94,Intikhab,000a0022af,ロードホースクラブ,ケイアイファーム,730.0,2008.0,2005.0,1994.0
2016102961,ディアレイカ,牝,佐野謙二,,キングヘイロー,1995104427,エコパン,2006106117,ツルマルボーイ,1998106357,組）駿馬会,クリアファーム,729.5,1995.0,2006.0,1998.0
2016106164,フォークアート,牝,荒山勝徳,,オルフェーヴル,2008102636,ウインファンタジア,2002102785,ヘネシー,000a000178,林正道,服部牧場,728.0,2008.0,2002.0,1993.0
2016102021,ドンキースタイル,牡,細川忠義,,ルーラーシップ,2007103143,ケイティーズミスト,2009110045,Posse,000a01124c,谷口信喜,富田牧場,727.5,2007.0,2009.0,2000.0
2016101403,グレートアラカー,牡,渡部則夫,,タイムパラドックス,1998101683,ソラノチャーマー,2003104438,タイキブリザード,1991109979,大久保和夫,松田一夫,727.5,1998.0,2003.0,1991.0
2016105912,クラールス,牡,平和人,,エーシンフォワード,2005110172,サクラカスケード,2005100445,マンハッタンカフェ,1998101554,八尋雅彦,谷岡スタット,726.5,2005.0,2005.0,1998.0
2016104885,ジュンサロベツ,牝,小久保智,,ノヴェリスト,000a012230,レイナソフィア,2006103203,スペシャルウィーク,1995103211,河合純二,ノーザンファーム,726.0,2009.0,2006.0,1995.0
2016101915,ナムラボーナス,牡,小西重征,,ヨハネスブルグ,000a0103b9,ガーネットスター,2003102513,エルコンドルパサー,1995108742,吉橋英隆,谷川牧場,726.0,1999.0,2003.0,1995.0
2016104179,ピノゼン,牝,野口孝,,トーセンジョーダン,2006103169,サンバレッスン,2011100376,ダイワメジャー,2001103114,黒澤治,真壁信一,725.7,2006.0,2011.0,2001.0
2016104180,スズカシニック,牡,川村守男,,シニスターミニスター,000a011099,スズカアゼリア,2004102403,アドマイヤベガ,1996107396,欠畑圭一,真壁信一,725.5,2003.0,2004.0,1996.0
2016101895,ノブベック,牡,畠山吉宏,,トゥザグローリー,2007103265,チーフザムーン,2009100518,チーフベアハート,1993190010,前田亘輝,高村牧場,725.0,2007.0,2009.0,1993.0
2016100819,ハナイロコマチ,牝,中川雅之,,トビーズコーナー,000a011fed,フェアリースマイル,2011105320,ジャングルポケット,1998101786,岩崎僖澄,松木加代,724.8,2008.0,2011.0,1998.0
2016105588,スペースコロニー,牡,福永敏,,タイムパラドックス,1998101683,スターリーオレンジ,2011101445,サウスヴィグラス,1996110138,山上和良,岡野牧場,724.2,1998.0,2011.0,1996.0
2016106443,アービルビエント,牡,平松徳彦,,ベルシャザール,2008103004,サザリー,2004107175,コマンダーインチーフ,000a0000b0,柴原栄,川上牧場,724.0,2008.0,2004.0,1990.0
2016101603,オーミシンゲン,牡,鈴木正也,,シビルウォー,2005102317,クラシックヴィオラ,2009102897,ジャングルポケット,1998101786,久保紀夫,山本和彦,722.4,2005.0,2009.0,1998.0
2016102678,ウインググランダー,牡,加藤和宏,,プリサイスエンド,000a00fe9b,ミヤジアイ,2002104214,アイネスフウジン,1987100579,（株）ファーストビジ,村中牧場,722.0,1997.0,2002.0,1987.0
2016101842,ラインジュピター,牡,田中伸一,,ダンカーク,000a012185,ダブルアクセル,2010104828,アグネスタキオン,1998101516,小橋亮太,酒井牧場,721.2,2006.0,2010.0,1998.0
2016106504,メイショウイギョク,牡,胡本友晴,,キンシャサノキセキ,2003110212,キモンプライド,2010106551,ダイワメジャー,2001103114,（株）ファーストビジ,ヤナガワ牧場,720.6,2003.0,2010.0,2001.0
2016104122,ワイメアバレイ,牝,高月賢一,,カネヒキリ,2002100978,リュウメイ,2005101843,コロナドズクエスト,000a0000b5,笹川大晃牧場,笹川大晃牧場,720.0,2002.0,2005.0,1995.0
2016100131,パレスギガント,牡,玉井等,,パイロ,000a01176a,シルクアグライア,2003100128,エルコンドルパサー,1995108742,爲永良弘,オリエント牧場,719.2,2005.0,2003.0,1995.0
2016101573,タイムファクター,牡,山田質,,ケープブランコ,000a011b06,オクシペタルム,2008102782,シンボリクリスエス,1999110099,紺野健太郎,高村伸一,718.6,2007.0,2008.0,1999.0
2016100224,ラブイスキア,牝,赤嶺本浩,,トーセンジョーダン,2006103169,ジェシカピンク,2009106179,ディープインパクト,2002100816,高橋貢,小泉学,718.0,2006.0,2009.0,2002.0
2016101676,エイシンホープ,牝,佐藤茂,,グランプリボス,2008103388,エーシントゥーゴー,2005110027,Gone West,000a001be1,林由真,栄進牧場,717.3,2008.0,2005.0,1984.0
2016105434,センジュエース,牡,佐々木洋,,スウェプトオーヴァーボード,000a00fa34,ウエスタンドルチェ,2007100907,マンハッタンカフェ,1998101554,増山武志,ウエスタンファーム,717.0,1997.0,2007.0,1998.0
2016105551,ジゴロ,牡,佐々木国,,パドトロワ,2007102760,コリンズグラス,2002100977,グラスワンダー,1995108676,藤本直弘,岡田牧場,715.7,2007.0,2002.0,1995.0
2016106362,ヒロシゲヨッシー,牡,森沢友貴,,ジャスタウェイ,2009106461,アートスタジオ,000a011a4f,Bernardini,000a0111fe,西川茂樹,矢野牧場,714.4,2009.0,2008.0,2003.0
2016103679,ビュレットベリー,牡,土井道隆,,ビービーガルダン,2004106583,ワイルドベリー,2006102882,フジキセキ,1992109618,酒井孝敏,槇本牧場,713.0,2004.0,2006.0,1992.0
2016103778,ビッグシューター,牡,田中譲二,,タートルボウル,000a012045,チャペルプリンセス,2009106495,キングカメハメハ,2001103460,（同）ＪＰＮ技研,山際辰夫,711.0,2002.0,2009.0,2001.0
2016103543,ペイシャマキアージ,牝,村上昌幸,,タイキシャトル,1994109686,マキアージュシチー,2010100936,ダイワメジャー,2001103114,大黒富美子,日高大洋牧場,710.9,1994.0,2010.0,2001.0
2016101605,メイショウフクイク,牝,藤沢則雄,,アルデバランII,000a010541,エメラルドタワー,2010103307,アドマイヤマックス,1999107004,松本和子,赤田牧場,710.2,1998.0,2010.0,1999.0
2016100586,パープルヌーン,牡,鈴木孝志,,トランセンド,2006104736,アランダ,1996101720,サンデーサイレンス,000a00033a,ノースヒルズ,ノースヒルズ,710.0,2006.0,1996.0,1986.0
2016100142,アレグレモエティー,牝,本間忍,,エスポワールシチー,2005102837,ローズカーニバル,2000110160,Silver Deputy,000a001fa3,斉藤等,オリエント牧場,710.0,2005.0,2000.0,1985.0
2016102250,ドリームファイター,牡,林正人,,パイロ,000a01176a,タイキノワール,2005102766,グラスワンダー,1995108676,山口裕介,山田昇史,709.5,2005.0,2005.0,1995.0
2016102855,ガビーズメモリー,牝,佐藤雅彦,,アイルハヴアナザー,000a011ed3,ロングビクトリア,2004105680,タニノギムレット,1999100226,長島和彦,沖田牧場,708.4,2009.0,2004.0,1999.0
2016100874,ブルーリップグロス,牝,山田義人,,タイキシャトル,1994109686,ニシノキュアノス,2007102507,アジュディケーティング,000a000d5d,上岡和男,村上進治,708.1,1994.0,2007.0,1987.0
2016102959,クラマサゴールド,牡,矢野義幸,,ストロングリターン,2006102934,クラビッグレディ,2002105809,ブラックタイアフェアー,000a00006e,倉見政敏,倉見牧場,707.9,2006.0,2002.0,1986.0
2016103217,スマートレジーナ,牝,高橋文雅,,キンシャサノキセキ,2003110212,レジェトウショウ,2006101287,キングヘイロー,1995104427,大川徹,スマート,707.5,2003.0,2006.0,1995.0
2016102923,モスコミュール,牝,川嶋弘吉,,エスポワールシチー,2005102837,ジェベルロバーツ,2005102974,ウェイオブライト,000a000d9b,インターフェース（同,木村牧場,706.5,2005.0,2005.0,1996.0
2016105431,ウエスタンランポ,牝,深山雅史,,ベーカバド,000a011dc0,ウエスタンクィーン,2002105288,エルコンドルパサー,1995108742,西川賢,ウエスタンファーム,706.0,2007.0,2002.0,1995.0
2016103396,ランタン,牝,畠山信一,,スターリングローズ,1997106560,デルマハヤブサ,2010103993,ロージズインメイ,000a010a10,吉田勝利,中川欽一,706.0,1997.0,2010.0,2000.0
2016101860,アララトテソーロ,牡,和田雄二,,ケープブランコ,000a011b06,ミスサイベリア,000a010ebe,Giant's Causeway,000a0022e1,了徳寺健二ホールディングス,笹島政信,706.0,2007.0,2003.0,1997.0
2016100959,メイショウハナグシ,牝,飯田祐史,,ブラックタイド,2001103312,メイショウガザニア,2008102068,キングヘイロー,1995104427,松本好雄,八木明広,706.0,2001.0,2008.0,1995.0
2016103638,レスプレンデント,牝,平田正一,,ロジユニヴァース,2006103140,ベストミニオン,2009103020,シニスターミニスター,000a011099,吉岡大樹,豊洋牧場,705.9,2006.0,2009.0,2003.0
2016110156,ユニキャラ,牝,中竹和也,,Into Mischief,000a0125a7,Joke,000a0119d1,Phone Trick,000a0019a3,岡浩二,Claiborne Farm,705.0,2005.0,1998.0,1982.0
2016102917,クリノオオクニヌシ,牡,桜田浩樹,,ハービンジャー,000a011996,クリノスペシャル,2003101825,スペシャルウィーク,1995103211,栗本八江,木村牧場,704.9,2006.0,2003.0,1995.0
2016104974,ナンヨーミカヅキ,牝,桜田康二,,オルフェーヴル,2008102636,オリオンムーン,000a0129c0,Manduro,000a0114b8,前田敏文,社台ファーム,704.8,2008.0,2009.0,2002.0
2016104049,プリートソリード,牝,今井輝和,,バトルプラン,000a0118e8,ハイパーラッシュ,2005101114,ワイルドラッシュ,000a0003a1,塚本徳明,ＷｉｎｇＦａｒｍ,702.4,2005.0,2005.0,1994.0
2016101674,エイシンノホシ,牝,平山宏秀,,タイキシャトル,1994109686,エーシンスピカ,2009100250,アグネスタキオン,1998101516,（同）ＪＰＮ技研,栄進牧場,701.3,1994.0,2009.0,1998.0
2016106214,キョウエイミーレス,牡,内野健二,,ジョーカプチーノ,2006100529,キョウエイエルメス,2006100119,ワイルドラッシュ,000a0003a1,堀内一夫,藤沢牧場,700.4,2006.0,2006.0,1994.0
2016110138,ハクモクレン,牝,萩原清,,シャンハイボビー,000a0127e4,Conway Two Step,000a013f3d,Spanish Steps,000a0120bc,吉田和子,Loren Nichols,700.0,2010.0,2009.0,2001.0
2016110001,ワールドウォッチ,牡,藤岡健一,,Iffraaj,000a0111d1,Baldovina,000a0136ff,Tale of the Cat,000a002276,青山洋一,Chasemore Farm,700.0,2001.0,2004.0,1994.0
2016105118,ファルトレク,牝,音無秀孝,,ノヴェリスト,000a012230,テクニカルラン,2006103101,アグネスタキオン,1998101516,吉田照哉,社台ファーム,700.0,2009.0,2006.0,1998.0
2016104676,レーヴドカナロア,牝,斉藤崇史,,ロードカナロア,2008103552,レーヴドスカー,1997190001,Highest Honor,000a00185c,シルクレーシング,ノーザンファーム,700.0,2008.0,1997.0,1983.0
2016104640,スターオブオナー,セ,宗像義忠,,トーセンホマレボシ,2009106092,ムスタパルタ,2011104137,Tapit,000a011248,シルクレーシング,ノーザンファーム,700.0,2009.0,2011.0,2001.0
2016104578,シェドゥーヴル,牡,木村哲也,,オルフェーヴル,2008102636,ヒルダズパッション,000a011de2,Canadian Frontier,000a011290,キャロットファーム,ノーザンファーム,700.0,2008.0,2007.0,1999.0
2016104543,ヴィクトリアピース,牝,橋口慎介,,ヴィクトワールピサ,2007102923,ツルマルワンピース,2008101894,キングカメハメハ,2001103460,シルクレーシング,ノーザンファーム,700.0,2007.0,2008.0,2001.0
2016104533,フィブロライト,牝,橋口慎介,,エイシンフラッシュ,2007102951,タンザナイト,2000101554,サンデーサイレンス,000a00033a,サンデーレーシング,ノーザンファーム,700.0,2007.0,2000.0,1986.0
2016104321,ミッドナイトラヴ,牝,松永幹夫,,ロードカナロア,2008103552,ミッドタウンレディ,2007102885,ゼンノロブロイ,2000101517,社台レースホース,追分ファーム,700.0,2008.0,2007.0,2000.0
2016103612,ソルトホープ,牡,武英智,,ディープブリランテ,2009105084,リーピングキャット,2000110052,Storm Cat,000a001a98,杉浦敏夫,藤本ファーム,700.0,2009.0,2000.0,1983.0
2016103537,キースネリス,牝,高橋文雅,,アドマイヤムーン,2003102991,ニューアイデア,000a0116df,Cape Cross,000a0022ae,ディアレストクラブ,日高大洋牧場,700.0,2003.0,2007.0,1994.0
2016103208,サトノファクト,牡,池江泰寿,,ディープインパクト,2002100816,ミスエマ,000a0119b0,Key of Luck,000a00fd46,サトミホースカンパニー,シンボリ牧場,700.0,2002.0,2000.0,1991.0
2016102727,スズノムサシ,牡,高橋裕,,ドリームジャーニー,2004102753,コイクレナイ,2006105360,タイキシャトル,1994109686,小紫嘉之,ディアレストクラブ,700.0,2004.0,2006.0,1994.0
2016102289,エレナレジーナ,牝,加藤征弘,,ノヴェリスト,000a012230,フェニーチェ,2009106097,ファルブラヴ,1998190004,広尾レース,恵比寿牧場,700.0,2009.0,2009.0,1998.0
2016102212,タムロドリーム,牝,西園正都,,ジャスタウェイ,2009106461,タムロウイング,2006100314,ブラックホーク,1994109361,谷口屯,宮内牧場,700.0,2009.0,2006.0,1994.0
2016101821,グランデルカク,牡,吉田直弘,,ケープブランコ,000a011b06,アニムス,2011104362,ゴールドアリュール,1999106689,グランデオーナーズ,グランデファーム,700.0,2007.0,2011.0,1999.0
2016101783,スースー,牝,大和田成,,ジャングルポケット,1998101786,ナムラエラン,2005100385,アグネスタキオン,1998101516,田中純一,杵臼牧場,700.0,1998.0,2005.0,1998.0
2016101494,シュガリートリーツ,牝,宮本博,,キンシャサノキセキ,2003110212,ノーモアクライ,2003110105,Cozzene,000a001bda,吉澤克己,山際牧場,700.0,2003.0,2003.0,1980.0
2016100774,テンブン,牝,川添明弘,,タイキシャトル,1994109686,アンケセナーメン,2010106013,ブライアンズタイム,000a000082,田頭勇貴,北星村田牧場,700.0,1994.0,2010.0,1985.0
2016100753,ヘリンヌリング,牝,加藤士津,,アイルハヴアナザー,000a011ed3,マイネポリーヌ,2002105175,スペシャルウィーク,1995103211,サラブレッドクラブ・ラフィアン,ビッグレッドファーム,700.0,2009.0,2002.0,1995.0
2016100599,ディーブラッド,牝,松永幹夫,,ディープインパクト,2002100816,グローリーブラッド,2001110046,Gone West,000a001be1,前田幸治,ノースヒルズ,700.0,2002.0,2001.0,1984.0
2016100466,オイシイナア,牝,本間忍,,サムライハート,2002100996,イカガデスカ,2004100544,デヒア,000a0000df,小田切有一,中地康弘,700.0,2002.0,2004.0,1991.0
2016100327,セイクリッドサン,牡,武藤善則,,ヘニーヒューズ,000a011155,マリブウィン,000a012046,Malibu Moon,000a010c8e,高橋文男,須崎牧場,700.0,2003.0,2006.0,1997.0
2016100354,ペイシャコリンナ,牝,岡田利一,,カネヒキリ,2002100978,コリンナ,2002102057,マヤノトップガン,1992102988,大黒富美子,隆栄牧場,699.8,2002.0,2002.0,1992.0
2016103219,シゲルネコメイシ,牡,鈴木義久,,サウスヴィグラス,1996110138,シゲルリクゼン,2011101192,クロフネ,1998110135,森中蕃,スウィングフィールド牧場,699.2,1996.0,2011.0,1998.0
2016102542,ヨシノルキー,牝,土井道隆,,プリサイスエンド,000a00fe9b,アイラシンガー,2005106068,アグネスタキオン,1998101516,馬場三四郎,富塚ファーム,699.2,1997.0,2005.0,1998.0
2016105670,ラストマンボ,牝,細川忠義,,スズカマンボ,2001103890,ゴールドフェスタ,2008110014,Medaglia d'Oro,000a010a65,上岡和男,グランド牧場,697.7,2001.0,2008.0,1999.0
2016104731,レッドスプリンガー,牡,平田正一,,ディープブリランテ,2009105084,エポカブラヴァ,2004110013,Point Given,000a00fdbd,東京ホースレーシング,ノーザンファーム,697.4,2009.0,2004.0,1998.0
2016104145,リュウノオラトリオ,牡,齊藤敏,,サウスヴィグラス,1996110138,ダイタクドクター,2001107366,Saint Ballado,000a00212e,蓑島竜一,高橋農場,695.9,1996.0,2001.0,1989.0
2016100717,フィーユブランシェ,牝,三野宮通,,ヴィクトワールピサ,2007102923,ビラゴーティアラ,2007104013,スターオブコジーン,1988109108,安藤浩也,ビッグレッドファーム,695.1,2007.0,2007.0,1988.0
2016104895,ウィズリー,牝,松永幹夫,,タートルボウル,000a012045,アイアムマリリン,2006103030,マンハッタンカフェ,1998101554,寺田寿男,社台ファーム,695.0,2002.0,2006.0,1998.0
2016104280,オスティリオ,牡,山本学,,ケープブランコ,000a011b06,スマイリングムーン,2008102602,フジキセキ,1992109618,（株）ファーストビジ,追分ファーム,694.5,2007.0,2008.0,1992.0
2016105473,ヴィヴァンフィーユ,牝,新井清重,,ゴールドアリュール,1999106689,キョウエイハツラツ,2002105650,オペラハウス,000a000d77,平川浩之,岡田スタッド,694.4,1999.0,2002.0,1988.0
2016101032,チャーハン,牡,加藤和義,,アグネスデジタル,1997110025,サンマルミッシェル,2006103483,ネオユニヴァース,2000101426,程田真司,稲葉牧場,693.8,1997.0,2006.0,2000.0
2016110053,スマートイージス,牡,山田信大,,Animal Kingdom,000a011dad,That's Hot,000a013bd7,Seeking the Gold,000a001bea,欠畑圭一,Team Valor LLC,693.7,2008.0,2003.0,1985.0
2016103864,ビービーオネスト,牡,張田京,,ベルシャザール,2008103004,ホウショウループ,2004110131,Mr. Greeley,000a00213e,坂東牧場,新井昭二,693.1,2008.0,2004.0,1992.0
2016104938,ダズリン,牝,新井清重,,ロードカナロア,2008103552,ヴィアラクテア,2004103202,アグネスタキオン,1998101516,谷野健,社台ファーム,692.1,2008.0,2004.0,1998.0
2016100134,ロジタイム,牝,中川竜馬,,アドマイヤムーン,2003102991,ダームドゥラック,2009101577,シンボリクリスエス,1999110099,豊島愛子,オリエント牧場,692.0,2003.0,2009.0,1999.0
2016105941,ミヤノキッドマン,牡,石井勝男,,キャプテントゥーレ,2005102216,チョコダイスキ,2009103346,アグネスデジタル,1997110025,宮副敏明,谷藤弘美,691.1,2005.0,2009.0,1997.0
2016106012,コハルビヨリ,牝,牧浦充徳,,マンハッタンカフェ,1998101554,フェミニンガール,2001110158,Kingmambo,000a001d7e,飯田良枝,千代田牧場,690.0,1998.0,2001.0,1990.0
2016103525,ブライアンビクター,牡,大橋敬永,,キンシャサノキセキ,2003110212,マルサヒロイン,1999103331,カコイーシーズ,1986109001,廣瀬普,春木ファーム,690.0,2003.0,1999.0,1986.0
2016103347,バスタキヤ,セ,木村哲也,,エンパイアメーカー,000a010542,ポップアイコン,2009102557,ダイワメジャー,2001103114,ゴドルフィン,ダーレー・ジャパン・ファーム,690.0,2000.0,2009.0,2001.0
2016101808,ダイキンボシ,牡,的場直之,,フリオーソ,2004106867,ナントカナルサ,2006101943,アドマイヤコジーン,1996106512,廣松金次,木村牧場,689.8,2004.0,2006.0,1996.0
2016104734,フラッグインハート,牡,大橋敬永,,クロフネ,1998110135,オーシャンビーナス,2008103301,リンカーン,2000101561,増田兼良,ノーザンファーム,689.1,1998.0,2008.0,2000.0
2016101456,タキオンボウル,牡,加藤幸保,,タートルボウル,000a012045,グッバイタキオン,2010101701,アグネスタキオン,1998101516,伊藤壽孝,明治牧場,688.9,2002.0,2010.0,1998.0
2016105722,ディーエスバイタル,牡,内田勝義,,ヴィットリオドーロ,2009110009,ルネッサンスファウンド,000a00ff57,Silver Deputy,000a001fa3,秋谷壽之,グランド牧場,688.5,2009.0,2000.0,1985.0
2016106194,バイクミリオン,牡,田中譲二,,スマートロビン,2008100685,タンポポプリンセス,2004104929,パークリージェント,000a000d01,川村初美,原ファーム,688.4,2008.0,2004.0,1981.0
2016102949,マリノリヴィエール,牝,本間忍,,カルストンライトオ,1998103333,クラウンリバー,2008109195,ダンツシアトル,1990109145,矢野まり子,クラウン日高牧場,688.0,1998.0,2008.0,1990.0
2016102065,キクノピオニール,牡,山田徹,,アドマイヤジャパン,2002102324,ディアベビードール,2011105954,ファンタスティックライト,1996190005,菊池五郎,南部功,687.8,2002.0,2011.0,1996.0
2016102274,オーマイラヴ,牝,飯田弘道,,ジャスタウェイ,2009106461,プードルデコール,2010104493,New Approach,000a011656,小橋亮太,市川牧場,687.0,2009.0,2010.0,2005.0
2016101447,トラサン,牡,小林真治,,サウスヴィグラス,1996110138,セラフ,2003101573,ホワイトマズル,1990109700,井上久光,三石ファーム,686.5,1996.0,2003.0,1990.0
2016106184,ネオマイア,牝,山崎裕也,,ロージズインメイ,000a010a10,ウインセラヴィ,2010102117,ハーツクライ,2001103038,梶原哲朗,原弘之,685.2,2000.0,2010.0,2001.0
2016101991,アンビートゥン,牡,田中淳司,,シニスターミニスター,000a011099,カンシャノキモチ,2006101913,カリズマティック,000a00fa33,辻牧場,辻牧場,685.1,2003.0,2006.0,1996.0
2016104984,ハツセ,牝,田島俊明,,ルーラーシップ,2007103143,カザリムスビ,2007102853,トワイニング,000a000006,林弘之,社台ファーム,685.0,2007.0,2007.0,1991.0
2016102532,エコロトム,牡,立花伸,,キングヘイロー,1995104427,カントリーギャル,2008106517,ティンバーカントリー,000a00035e,原村正紀,東栄牧場,685.0,1995.0,2008.0,1992.0
2016104969,ミケランジェロ,牡,三野宮通,,ハービンジャー,000a011996,オメガクリスマス,2007102745,クロフネ,1998110135,梅澤明,社台ファーム,684.3,2006.0,2007.0,1998.0
2016101608,メイショウミヤラビ,牝,諏訪貴正,,トゥザグローリー,2007103265,ブーケドレーヌ,2003102768,フレンチデピュティ,000a00013a,坂本守孝,赤田牧場,684.2,2007.0,2003.0,1992.0
2016103400,ヒマワリオジョウ,牝,鋤田誠二,,ロージズインメイ,000a010a10,プリンセスビジュー,2006105791,ホワイトマズル,1990109700,内藤正生,中館牧場,684.1,2000.0,2006.0,1990.0
2016103955,アルテンベルク,牡,小野望,,レッドスパーダ,2006105511,ウォンビーロング,2007103916,ストラヴィンスキー,000a00fa41,（有）ファンタストク,坂東牧場,682.8,2006.0,2007.0,1996.0
2016102136,ポルトフレイバー,牡,月岡健二,,ブリーズフレイバー,2007101776,カガヤクアイロ,2012105384,アドマイヤムーン,2003102991,尾田信夫,丸幸小林牧場,682.5,2007.0,2012.0,2003.0
2016104904,リュクスコンドル,牡,甲田悟史,,ジャスタウェイ,2009106461,アスピリンスノー,2002100571,エルコンドルパサー,1995108742,田畑憲士,社台ファーム,680.1,2009.0,2002.0,1995.0
2016106235,アクティーボミノル,牡,本田優,,ヨハネスブルグ,000a0103b9,セブンシークィーン,2006101515,コロナドズクエスト,000a0000b5,吉岡實,フジワラファーム,680.0,1999.0,2006.0,1995.0
2016105606,キュリオス,牡,中舘英二,,カネヒキリ,2002100978,キタサンアマゾン,2008103522,クロフネ,1998110135,中村祐子,カタオカステーブル,680.0,2002.0,2008.0,1998.0
2016104121,ワイルドトレイダー,牡,松山将樹,,アポロキングダム,2003110139,リボルトレイダー,2008100903,ワイルドラッシュ,000a0003a1,吉岡泰治,笹川大晃牧場,680.0,2003.0,2008.0,1994.0
2016100558,モノディアロゴス,牡,松下武士,,ロードカナロア,2008103552,プリンセスルーシー,000a012524,Strategic Prince,000a01246a,野嶋祥二,新冠橋本牧場,680.0,2008.0,2010.0,2004.0
2016100094,ミラクルジャガー,牡,佐々木功,,ローズキングダム,2007103404,ケージーササニシキ,2010101638,ファスリエフ,000a00fc4c,廣松金次,イワミ牧場,679.8,2007.0,2010.0,1997.0
2016101864,テクノドリーム,牡,鮫島克也,,シニスターミニスター,000a011099,フレンチサマー,2008102653,フレンチデピュティ,000a00013a,西村健,笹地牧場,678.2,2003.0,2008.0,1992.0
2016103573,ゴルトグランツ,牡,真島元徳,,ダンカーク,000a012185,スイリンカ,2006105944,ワイルドラッシュ,000a0003a1,藪内正次,広富牧場,677.8,2006.0,2006.0,1994.0
2016101296,コスモセレッソ,牡,宗形竹見,,スターリングローズ,1997106560,テレサザティーチャ,000a010559,Cure the Blues,000a0015c6,組）ウィル,中橋清,677.7,1997.0,1995.0,1978.0
2016105558,シュリュッセル,牡,菅原勲,,Quality Road,000a011cff,スイートレッドキャット,000a012efa,Bluegrass Cat,000a01173d,岩渕瑞生,岡田牧場,677.0,2006.0,2010.0,2003.0
2016103351,ポディウム,牡,野中賢二,,モンテロッソ,000a011b05,モケット,000a0114e5,Maria's Mon,000a002285,ゴドルフィン,ダーレー・ジャパン・ファーム,676.0,2007.0,2004.0,1993.0
2016106088,チバニアン,牡,高岩孝敏,,タニノギムレット,1999100226,ミスヒテン,1996105299,ダンスホール,000a0000ca,井上久光,中田浩美,675.6,1999.0,1996.0,1986.0
2016104615,スイートミーティア,牝,庄野靖志,,ルーラーシップ,2007103143,ホワイトミーティア,2011103818,ゼンノロブロイ,2000101517,伊東純一,ノーザンファーム,675.6,2007.0,2011.0,2000.0
2016104090,ラインコマンダー,牡,地辺幸一,,ワークフォース,000a011a7f,シーセモア,1998101037,サンデーサイレンス,000a00033a,大澤繁昌,上水牧場,675.4,2007.0,1998.0,1986.0
2016101647,メイショウパンゲア,牝,地辺幸一,,ダンカーク,000a012185,メイショウサバト,2007101270,マーベラスサンデー,1992103687,ファーストビジョン,浦河日成牧場,675.0,2006.0,2007.0,1992.0
2016102379,ウォーターマゼラン,牡,岡田稲男,,クロフネ,1998110135,ネオファンシー,2008102019,ネオユニヴァース,2000101426,山岡良一,桑田牧場,674.0,1998.0,2008.0,2000.0
2016102891,フェルヴィド,牡,高月賢一,,タイキシャトル,1994109686,テーマソング,2006102978,ジャングルポケット,1998101786,（株）ＹＧＧＤＲＡ,川島正広,673.8,1994.0,2006.0,1998.0
2016103517,ヤーラシカ,牝,佐藤敏彦,,トゥザグローリー,2007103265,ヤマノシンデレラ,2007101607,タイキシャトル,1994109686,組）リノレーシング,原田牧場,672.5,2007.0,2007.0,1994.0
2016102762,コマガイム,牡,大塚信次,,ローレルゲレイロ,2004100933,ゴールデンチェリー,1994109648,Crafty Prospector,000a00193b,大黒富美子,厚賀古川牧場,672.5,2004.0,1994.0,1979.0
2016105607,ミスタージョイ,牡,矢野義幸,,スマートファルコン,2005100097,クルールヴィオラ,2007102093,プリサイスエンド,000a00fe9b,西村亮二,カタオカステーブル,672.0,2005.0,2007.0,1997.0
2016109009,タカイチキング,牡,市村誠,,ベルシャザール,2008103004,ネイヴルトウショウ,2005100674,スウェプトオーヴァーボード,000a00fa34,高橋一郎,ハシモトファーム,671.5,2008.0,2005.0,1997.0
2016104306,バブリーダンス,牝,松浦裕之,,ゴールドアリュール,1999106689,バブリームード,2007104838,クロフネ,1998110135,前田良平,社台コーポレーション白老ファーム,671.0,1999.0,2007.0,1998.0
2016105869,キュロン,牡,松浦聡志,,ディープインパクト,2002100816,ミメティコ,000a01199c,Monsun,000a010db6,加藤誠,タイヘイ牧場,670.9,2002.0,2004.0,1990.0
2016101240,スマートサヴァラン,牡,溝橋利喜,,サウスヴィグラス,1996110138,スプリングアウェク,2006103706,アジュディケーティング,000a000d5d,小林聖子,タツヤファーム,670.0,1996.0,2006.0,1987.0
2016100990,ペイシャジュエル,牡,松永康利,,エスポワールシチー,2005102837,シルキージュエル,2005105781,オペラハウス,000a000d77,北所直人,ラッキー牧場,670.0,2005.0,2005.0,1988.0
2016102531,オーチンハラショウ,牝,桜田康二,,ダノンバラード,2008103548,オリーブ,2009101198,スキャン,000a000d69,（株）本城,東栄牧場,669.9,2008.0,2009.0,1988.0
2016102742,エラーブル,牝,大島静夫,,パイロ,000a01176a,フィンランディア,000a011a53,シングスピール,1992190005,浦野和由,ディアレストクラブ,669.8,2005.0,2006.0,1992.0
2016103233,ノリオサン,牡,佐々木仁,,クロフネ,1998110135,ファミリズム,2006102974,ダンスインザダーク,1993109188,矢野琢也,スマイルファーム,669.2,1998.0,2006.0,1993.0
2016100949,タカノオージャ,牡,今津勝之,,パイロ,000a01176a,ヒカルエガオ,2005101946,アグネスタキオン,1998101516,大西和子,守矢牧場,668.4,2005.0,2005.0,1998.0
2016106241,フォーアネーム,牝,塚田隆男,,ワークフォース,000a011a7f,ティンクルチャーミ,2007100860,スウェプトオーヴァーボード,000a00fa34,早田敬子,フジワラファーム,668.3,2007.0,2007.0,1997.0
2016105983,イッツザファースト,牡,菊川正達,,ダンカーク,000a012185,シーブリーズライフ,2010103002,アドマイヤジャパン,2002102324,飯田正剛,千代田牧場,668.2,2006.0,2010.0,2002.0
2016101992,オウケンラブルナ,牝,尾島徹,,ディープブリランテ,2009105084,クヴァルダ,2005102132,ダンスインザダーク,1993109188,辻牧場,辻牧場,666.6,2009.0,2005.0,1993.0
2016105763,サフランフレイバー,牝,角川秀樹,,ノヴェリスト,000a012230,クラシックチュチュ,2006102928,キングカメハメハ,2001103460,櫻井秋雄,桜井牧場,666.5,2009.0,2006.0,2001.0
2016103938,トウカイマーレ,牡,宇都英樹,,モンテロッソ,000a011b05,トウカイラブ,2000106609,ダンスインザダーク,1993109188,トニーホースコーポレ,二風谷ファーム,666.0,2007.0,2000.0,1993.0
2016105506,ローゼンブリッツ,牡,田村彰啓,,ロージズインメイ,000a010a10,ナショナルフラワー,2007102851,アグネスタキオン,1998101516,村元康,岡田スタッド,664.5,2000.0,2007.0,1998.0
2016105429,ウエスタンカッター,牝,池田忠好,,ヘニーヒューズ,000a011155,ウエスタンアモーレ,2011101691,ブライアンズタイム,000a000082,小橋亮太,ウエスタンファーム,664.0,2003.0,2011.0,1985.0
2016100883,ラストリンクス,牡,桧森邦夫,,アポロキングダム,2003110139,シロキタカーニバル,2005103825,アグネスタキオン,1998101516,（同）ＪＰＮ技研,ムラカミファーム,663.1,2003.0,2005.0,1998.0
2016104609,ハッピーアモーレ,牝,石坂公一,,ハーツクライ,2001103038,プンタステラ,000a0124c1,Elusive City,000a01239c,馬場幸夫,ノーザンファーム,661.4,2001.0,2010.0,2000.0
2016100979,リネンリボン,牝,浜田一夫,,キンシャサノキセキ,2003110212,ヴィアレッタ,2011100522,Pivotal,000a002328,戸山光男,芳住鉄兵,661.0,2003.0,2011.0,1993.0
2016105224,カフェドラペ,牝,内田勝義,,マンハッタンカフェ,1998101554,マウンテンエンジェル,000a010abe,Mt. Livermore,000a00184b,吉田千津,社台ファーム,655.0,1998.0,1997.0,1981.0
2016103350,ノンストップ,牝,新子雅司,,オルフェーヴル,2008102636,メイビーフォーエヴァー,000a011424,Zafonic,000a001d7d,ゴドルフィン,ダーレー・ジャパン・ファーム,655.0,2008.0,1999.0,1990.0
2016100130,ユウユウリアン,牡,板垣吉則,,ベーカバド,000a011dc0,シルキーグルーヴ,2000105190,トニービン,1983109006,（有）総武開発,オリエント牧場,654.8,2007.0,2000.0,1983.0
2016104277,トロペジェンヌ,牝,渡辺博文,,ブラックタイド,2001103312,ジュリエット,000a0106a7,Sadler's Wells,000a00185d,三岡有香,追分ファーム,654.2,2001.0,2000.0,1981.0
2016103119,メモリーバリケード,牝,塚田隆男,,キンシャサノキセキ,2003110212,メモリーパフィア,2006105996,ノボジャック,1997110152,シンザンクラブ,下河辺牧場,653.0,2003.0,2006.0,1997.0
2016101435,クラーナハズヌード,牝,三野宮通,,ディープブリランテ,2009105084,アサクサヴェール,2004101564,フレンチデピュティ,000a00013a,（株）アプエンテ,三石橋本牧場,653.0,2009.0,2004.0,1992.0
2016103758,オーサムラン,牝,川田孝好,,カジノドライヴ,2005110112,サンデーローズ,2006102792,ブライアンズタイム,000a000082,松岡隆雄,ヤナガワ牧場,652.8,2005.0,2006.0,1985.0
2016102672,ノーブルブリザード,牝,佐野謙二,,ディープブリランテ,2009105084,メイレディ,2009101071,ジェニュイン,1992109450,吉木伸彦,村下清志,651.5,2009.0,2009.0,1992.0
2016106598,ワンダーバッチロー,牡,鈴木勝文,,キングヘイロー,1995104427,ワンダーグローリー,2003107042,フォーティナイナー,000a000134,山本能成,フクダファーム,650.8,1995.0,2003.0,1985.0
2016101987,オウケンインザサン,牡,那俄性哲,,ゼンノロブロイ,2000101517,オウケンハナミズキ,2009100106,バゴ,2001190004,廣田優生,辻牧場,650.7,2000.0,2009.0,2001.0
2016105582,ヤマカツシシマル,牡,谷潔,,マンハッタンカフェ,1998101554,ヤマカツマヤリス,2007100146,クロフネ,1998110135,山田和夫,岡田牧場,650.0,1998.0,2007.0,1998.0
2016101432,ディレット,牝,大江原哲,,リーチザクラウン,2006102923,タイトーク,000a0105ca,ブラックタイアフェアー,000a00006e,池田草龍,三石軽種馬共同育成センター,650.0,2006.0,1994.0,1986.0
2016106205,クレイジージェニー,牝,矢内博,,スマートファルコン,2005100097,コンゴウエンジェル,2000105549,Salt Lake,000a001f5a,岩渕哲雄,藤川ファーム,649.5,2005.0,2000.0,1989.0
2016103438,セイウンシェリー,牝,山田義人,,キングカメハメハ,2001103460,ニシノアカツキ,2011103162,オペラハウス,000a000d77,矢部文子,ガーベラパークスタッド,649.2,2001.0,2011.0,1988.0
2016103764,ネクストスクワッド,牡,岡林光浩,,ダイワメジャー,2001103114,ノーザンシャトル,2004101044,タイキシャトル,1994109686,平田修,ヤナガワ牧場,646.4,2001.0,2004.0,1994.0
2016103498,ハクサンタイヨウ,牡,浅野洋一,,ブラックタイド,2001103312,クルンプホルツ,2005102154,シンボリクリスエス,1999110099,篠崎恒雄,浜本牧場,645.0,2001.0,2005.0,1999.0
2016102783,セオリー,牡,川島雅人,,ゴスホークケン,2005110186,シベリアンセオリー,2012101016,ディープインパクト,2002100816,藤田在子,天羽禮治,645.0,2005.0,2012.0,2002.0
2016106261,シュペルブソワレ,牝,山田信大,,アグネスデジタル,1997110025,エアディケム,2002105259,フレンチデピュティ,000a00013a,（株）レックス,藤原牧場,644.9,1997.0,2002.0,1992.0
2016105191,オスピタリタ,牝,佐藤裕太,,スウェプトオーヴァーボード,000a00fa34,フレンドリーマナー,2000101417,サンデーサイレンス,000a00033a,吉田照哉,社台ファーム,644.6,1997.0,2000.0,1986.0
2016100361,ローブドール,牝,盛本信春,,ヘニーヒューズ,000a011155,アルボランシー,2008104594,ロックオブジブラルタル,000a00fd4c,池田守,高瀬牧場,644.6,2003.0,2008.0,1999.0
2016100842,トラストシンゲン,牡,吉橋淳一,,ジャスタウェイ,2009106461,ウインルナ,2006104964,フレンチデピュティ,000a00013a,菅波雅巳,村上欽哉,644.5,2009.0,2006.0,1992.0
2016102726,スペシャルボス,牡,山田徹,,グランプリボス,2008103388,グランシャルム,2009106050,Dylan Thomas,000a011072,永谷友一郎,ディアレストクラブ,642.7,2008.0,2009.0,2003.0
2016104008,ラッキーメッセージ,牝,田中伸一,,エスポワールシチー,2005102837,ウィンメッセージ,1999103039,ウイニングチケット,1990102314,小橋亮太,山口明彦,642.0,2005.0,1999.0,1990.0
2016104531,ソンリッサ,牝,西山裕貴,,ヘニーヒューズ,000a011155,ソングバード,2004103030,ダンスインザダーク,1993109188,（株）アプエンテ,ノーザンファーム,641.7,2003.0,2004.0,1993.0
2016100006,ヒリュウコウスイ,牡,山口益巳,,スウィフトカレント,2001103189,アヴィド,2005104724,マヤノトップガン,1992102988,（同）ＪＰＮ技研,赤石久夫,641.1,2001.0,2005.0,1992.0
2016102933,プリズムアーク,牡,新井健児,,ベルシャザール,2008103004,ユーリカ,2010103505,クロフネ,1998110135,人見塁,木村牧場,641.0,2008.0,2010.0,1998.0
2016106198,グランジャーキット,牡,保利良次,,フリオーソ,2004106867,レークサイドカフェ,2007102980,マンハッタンカフェ,1998101554,吉川安久,原ファーム,640.6,2004.0,2007.0,1998.0
2016100632,マーブルリバース,牝,渡部則夫,,スウェプトオーヴァーボード,000a00fa34,ピオニエトウショウ,2009103931,デュランダル,1999106756,（株）リバース,ハクツ牧場,640.5,1997.0,2009.0,1999.0
2016102407,ルンルンバニラ,牝,和田勇介,,トビーズコーナー,000a011fed,カネトシバニラ,2006105689,Kheleyf,000a010a62,高昭牧場,高昭牧場,640.0,2008.0,2006.0,2001.0
2016100109,リーズナブルダウト,牡,米田英世,,アルデバランII,000a010541,アンリミテッドピサ,2008102705,シンボリクリスエス,1999110099,田記正規,大狩部牧場,639.5,1998.0,2008.0,1999.0
2016106086,モエレレジェンド,牡,齊藤敏,,ゴールドヘイロー,1997101264,プリモピアット,1999104842,ミルジョージ,000a00021b,中村時子,中田浩美,639.3,1997.0,1999.0,1975.0
2016100944,ククシカ,牝,渋谷信博,,ヘニーヒューズ,000a011155,レッドアンコール,2011105412,キングカメハメハ,2001103460,篠原徹,森永聡,638.1,2003.0,2011.0,2001.0
2016106554,フラッシュアロー,牝,立花伸,,パイロ,000a01176a,ムーンスガタ,2009103437,アドマイヤムーン,2003102991,村山忠弘,カネツ牧場,637.9,2005.0,2009.0,2003.0
2016103248,フェニアンサイクル,牝,宇野木博,,ロードカナロア,2008103552,アリアプーラ,000a011bb5,Flying Spur,000a00220d,一村哲也,高山牧場,637.8,2008.0,2002.0,1992.0
2016104229,テンノイセヒメ,牝,長南和宏,,トーセンジョーダン,2006103169,メジロコウミョウ,2008102539,キングカメハメハ,2001103460,岡崎淳,レイクヴィラファーム,637.5,2006.0,2008.0,2001.0
2016103594,デルマヴァンドーム,牝,今津勝之,,タートルボウル,000a012045,デルマプロティナ,2007102925,ゴールドアリュール,1999106689,早田敬子,ファニーヒルファーム,637.5,2002.0,2007.0,1999.0
2016110033,ゼルター,牡,酒井仁,,Casamento,000a011be4,Zegna,000a013ada,Shirocco,000a010db9,千葉一郎,Graf u. Grafin v. Stauffenberg,637.3,2008.0,2009.0,2001.0
2016105017,サイレントクララ,牝,的場直之,,タートルボウル,000a012045,サイレントクロップ,2009105801,シンボリクリスエス,1999110099,（株）レックス,社台ファーム,635.0,2002.0,2009.0,1999.0
2016100669,リライト,牡,高橋康之,,スウェプトオーヴァーボード,000a00fa34,リープリング,1999104404,サンデーサイレンス,000a00033a,前田葉子,平山牧場,635.0,1997.0,1999.0,1986.0
2016105453,アナザードリーム,セ,大島静夫,,アイルハヴアナザー,000a011ed3,アフロディシアス,2008105107,ジャングルポケット,1998101786,永谷友一郎,岡田スタッド,633.9,2009.0,2008.0,1998.0
2016105575,メイレー,牡,渡辺和雄,,ダンカーク,000a012185,ベアフルート,2009105736,サクラバクシンオー,1989108341,宮崎時子,岡田牧場,633.5,2006.0,2009.0,1989.0
2016103692,ミヤモフィット,牡,平松徳彦,,スマートファルコン,2005100097,マチカネキミガタメ,2001107026,ブライアンズタイム,000a000082,山本益臣,三輪牧場,632.8,2005.0,2001.0,1985.0
2016104761,サラミス,牡,角田輝也,,ディープインパクト,2002100816,サロミナ,000a0121c3,Lomitas,000a00fe91,シルクレーシング,ノーザンファーム,632.5,2002.0,2009.0,1988.0
2016102838,ヘイセイノキセキ,牝,織田誠,,キンシャサノキセキ,2003110212,イエスアイキャン,2011100134,スマートボーイ,1995100385,沖田方子,沖田牧場,632.3,2003.0,2011.0,1995.0
2016104918,ノットソーキュート,牝,平山宏秀,,アサクサキングス,2004103163,アロングザシー,000a010e7c,Anees,000a010dc1,遠藤喜和,社台ファーム,632.1,2004.0,2003.0,1997.0
2016103743,エムティーマリー,牝,国沢利照,,プリサイスエンド,000a00fe9b,ガッテンマリー,2009103237,ネオユニヴァース,2000101426,南通運送（有）,門別牧場,631.9,1997.0,2009.0,2000.0
2016102905,トライアンフ,牡,武井和実,,ディープブリランテ,2009105084,アフォリズム,2008100850,タニノギムレット,1999100226,酒井孝敏,北田剛,631.4,2009.0,2008.0,1999.0
2016101243,トチノエメラルド,牝,高野毅,,パイロ,000a01176a,グラッドクライ,2009101611,キッケンクリス,000a010643,阿部東亜子,田中春美,631.0,2005.0,2009.0,2000.0
2016102706,マメシボリ,セ,佐藤敏彦,,モンテロッソ,000a011b05,テルミドール,2011104733,アドマイヤマックス,1999107004,薄井隆博,ミルファーム,630.5,2007.0,2011.0,1999.0
2016110163,オフウィドゥス,牡,木村哲也,,Fastnet Rock,000a010601,Inglorious,000a013f95,ヘネシー,000a000178,吉田和美,Kia Ora Stud Pty Ltd,630.0,2001.0,2008.0,1993.0
2016104742,アルポルト,牝,須貝尚介,,ルーラーシップ,2007103143,ガラアフェアー,2009106387,ダイワメジャー,2001103114,桑田牧場,ノーザンファーム,630.0,2007.0,2009.0,2001.0
2016104403,マロリン,牝,武市康男,,ヴィクトワールピサ,2007102923,アピールII,000a012f7f,Selkirk,000a001fab,吉田安寛,ノーザンファーム,630.0,2007.0,2008.0,1988.0
2016104167,ティーブルーム,牡,池添兼雄,,カジノドライヴ,2005110112,ヒカルダイヤモンド,2004102509,アグネスタキオン,1998101516,深見富朗,登別上水牧場,630.0,2005.0,2004.0,1998.0
2016101721,ピースフルサンデー,牡,宮徹,,エイシンフラッシュ,2007102951,ピエナビーナス,2004101777,フジキセキ,1992109618,小川勲,岡本牧場,630.0,2007.0,2004.0,1992.0
2016101768,ペイシャラメント,牝,伊藤強一,,フリオーソ,2004106867,ラメント,2010100671,アドマイヤムーン,2003102991,柴田浩二,杵臼斉藤牧場,629.1,2004.0,2010.0,2003.0
2016100703,ウィローグラウス,牝,矢内博,,スマートファルコン,2005100097,コスモランゲル,2005105520,スターオブコジーン,1988109108,田村義徳,ビッグレッドファーム,628.6,2005.0,2005.0,1988.0
2016104487,ニードルズアイ,牡,茂崎正善,,ルーラーシップ,2007103143,サンドミエシュ,2011103601,マンハッタンカフェ,1998101554,杉浦和也,社台コーポレーション白老ファーム,628.5,2007.0,2011.0,1998.0
2016100646,エベレストテソーロ,牡,沖田明子,,クロフネ,1998110135,ビジャリカ,2009106559,ディープインパクト,2002100816,福岡隆史,ハシモトファーム,628.1,1998.0,2009.0,2002.0
2016101516,シゲルキラキラ,牝,鈴木義久,,エスポワールシチー,2005102837,テラザイザベラ,2007109339,アルカセット,2000190010,鮫島明洋,レースホース牧場,627.7,2005.0,2007.0,2000.0
2016102484,ハクサンモジャ,牝,加藤和義,,シルポート,2005109202,ラティエラ,2004105693,スキャターザゴールド,000a000d99,河崎五市,鮫川啓一,627.5,2005.0,2004.0,1997.0
2016100400,アンビグラム,牝,阪本一栄,,ベルシャザール,2008103004,エクストラニュース,2002100740,エンドスウィープ,000a00010f,伊藤温,大栄牧場,627.5,2008.0,2002.0,1991.0
2016103515,サバイバルトリック,牝,酒井仁,,リーチザクラウン,2006102923,フリーダムガール,2001110265,ボストンハーバー,000a00007c,Ｉレーシング（株）,原田牧場,627.3,2006.0,2001.0,1994.0
2016103987,サンレオ,牡,新井隆太,,フリオーソ,2004106867,トシノヘクター,2002101969,ヘクタープロテクター,000a000d6b,（株）さくらコーポレ,びらとり牧場,627.2,2004.0,2002.0,1988.0
2016109093,カミノシルヴィ,牝,村上実,,ナカヤマフェスタ,2006102424,マツリダシルヴィ,2003104552,エルコンドルパサー,1995108742,村上正喜,ワールドファーム,627.0,2006.0,2003.0,1995.0
2016104860,セイクリッドキング,セ,斉藤正弘,,ロードカナロア,2008103552,モアザンセイクリッド,000a01295d,More Than Ready,000a00fcdd,（株）アスラン,ノーザンファーム,626.6,2008.0,2009.0,1997.0
2016104821,ルデュック,牡,武藤敏明,,ハーツクライ,2001103038,ヒッピー,000a013a11,ムータティール,1995190002,馬目時宗,ノーザンファーム,626.5,2001.0,2008.0,1995.0
2016103098,アカマ,牝,井樋明正,,ヴァーミリアン,2002100877,ビーフェアー,000a010e96,Fast Gold,000a002192,（同）ＪＰＮ技研,下河辺牧場,626.0,2002.0,1996.0,1979.0
2016104361,トレミエール,牝,高橋俊之,,ハーツクライ,2001103038,サマーナイトシティ,1999106898,エリシオ,1993190001,（株）Ｔ．Ｕ．Ｋ．,社台コーポレーション白老ファーム,625.9,2001.0,1999.0,1993.0
2016101751,ペシュジェイド,牝,市村誠,,ブラックタイド,2001103312,アクアブルーマーチ,2005105960,タイキシャトル,1994109686,三岡有香,川越ファーム,625.1,2001.0,2005.0,1994.0
2016100444,タイムリメンバード,牝,大和田成,,プリサイスエンド,000a00fe9b,シルクロザリオ,2005104487,ダンスインザダーク,1993109188,阿部善武,堤牧場,625.0,1997.0,2005.0,1993.0
2016106262,ホシフルドヒョウ,牡,岩戸孝樹,,スマートファルコン,2005100097,エアブリエ,2005102214,エアエミネム,1998110210,芳賀克也,藤原牧場,622.9,2005.0,2005.0,1998.0
2016101116,ポエムロビン,牡,佐藤祐司,,アサクサキングス,2004103163,ブリリアントロビン,2010101300,プリサイスエンド,000a00fe9b,千葉重雄,加野牧場,622.3,2004.0,2010.0,1997.0
2016103267,トーホウボッカ,牡,原口次夫,,ネオユニヴァース,2000101426,トーホウドルチェ,2005103291,サウスヴィグラス,1996110138,池田健二,竹島幸治,622.1,2000.0,2005.0,1996.0
2016100679,ボーンインメイ,牝,藤田正治,,ロージズインメイ,000a010a10,カデンツァ,1999106908,サンデーサイレンス,000a00033a,組）リノレーシング,ビッグレッドファーム,621.7,2000.0,1999.0,1986.0
2016103282,テディボーイ,牡,藤ヶ崎一,,ドリームジャーニー,2004102753,レディシャングリラ,2011110073,Azamour,000a01053b,片岡信賢,タバタファーム,621.6,2004.0,2011.0,2001.0
2016100318,スキンズマッチ,牡,九日俊光,,スウェプトオーヴァーボード,000a00fa34,ラプザントゥール,2011104558,キングカメハメハ,2001103460,遠藤喜和,スカイビーチステーブル,620.7,1997.0,2011.0,2001.0
2016106247,サトノライジン,牡,藤田輝信,,ブラックタイド,2001103312,プロフェシーライツ,2000102674,アフリート,000a000013,里見治,フジワラファーム,620.0,2001.0,2000.0,1984.0
2016104187,ララチャン,牝,晴山厚司,,トーセンジョーダン,2006103169,モモチャン,2008102781,ネオユニヴァース,2000101426,遠藤喜和,真壁信一,620.0,2006.0,2008.0,2000.0
2016104801,エッセンツァ,牝,栗田和昌,,ヴィクトワールピサ,2007102923,ディメンティカタ,000a011532,Danetime,000a010bcd,（同）ＪＰＮ技研,ノーザンファーム,619.8,2007.0,2004.0,1994.0
2016106519,ベニノプリティ,牝,八木仁,,フリオーソ,2004106867,ケージーメグミ,2010105327,キングカメハメハ,2001103460,紅谷,川上牧場,619.5,2004.0,2010.0,2001.0
2016100264,ピースアンドラヴ,牡,三宅直之,,カネヒキリ,2002100978,エアスパイシー,2000100854,トニービン,1983109006,（株）ＴＫＫ,五丸農場,619.5,2002.0,2000.0,1983.0
2016102951,マリノジェノヴァ,牝,米川昇,,ヴァーミリアン,2002100877,ナナリー,2010100665,Doyen,000a010533,サンエツ企画（有）,クラウン日高牧場,618.7,2002.0,2010.0,2000.0
2016104849,ルバクオーリ,牡,三宅直之,,ヴァーミリアン,2002100877,マチカネホレルナヨ,1998110215,Caerleon,000a0016eb,（株）ファーストビジ,ノーザンファーム,618.6,2002.0,1998.0,1980.0
2016101185,マーストファクト,牡,山元博徳,,ダンカーク,000a012185,フロリアリア,2005101531,マンハッタンカフェ,1998101554,（株）ファーストビジ,坂本牧場,617.0,2006.0,2005.0,1998.0
2016104005,シャイニームーン,牝,晴山厚司,,ジャングルポケット,1998101786,ブライティアダンス,2005104041,ダンスインザダーク,1993109188,只野啓喜,雅牧場,616.5,1998.0,2005.0,1993.0
2016102008,レイザーズエッジ,牝,田中道夫,,ジャスタウェイ,2009106461,ファニーモーク,000a011162,Distorted Humor,000a0022ea,（同）ＪＰＮ技研,辻牧場,615.8,2009.0,2001.0,1993.0
2016104870,エスプランデル,セ,今津博之,,ノヴェリスト,000a012230,ラシンティランテ,2009106061,アグネスタキオン,1998101516,金山幸司,ノーザンファーム,615.4,2009.0,2009.0,1998.0
2016106174,コパノカーネル,牡,平和人,,ゼンノロブロイ,2000101517,ブランシュネージュ,2002100937,サクラバクシンオー,1989108341,古町純代,服部牧場,615.0,2000.0,2002.0,1989.0
2016101732,メイクミーラフ,牝,板垣吉則,,ルースリンド,2001106791,アウラ,2008106242,ブライアンズタイム,000a000082,八百板生,カナイシスタッド,615.0,2001.0,2008.0,1985.0
2016100913,タイセイアヴァンセ,牝,青木孝文,,ハービンジャー,000a011996,ゼフィランサス,2008105100,キングヘイロー,1995104427,田中成奉,村田牧場,615.0,2006.0,2008.0,1995.0
2016102231,フェネクス,牡,朝倉実,,カジノドライヴ,2005110112,ラム,2010105185,アグネスタキオン,1998101516,藤本栄史,室田千秋,614.5,2005.0,2010.0,1998.0
2016101390,オールアウト,牡,佐藤壽,,カンパニー,2001103435,ヤマノテンジン,2008103840,ニューイングランド,1997105461,酒井孝敏,前川隆則,613.8,2001.0,2008.0,1997.0
2016104274,トラピッチェ,牝,高馬元紘,,ハービンジャー,000a011996,サンレガーロ,2008102588,ディープインパクト,2002100816,吉木伸彦,追分ファーム,612.5,2006.0,2008.0,2002.0
2016100277,サルトグリーン,牝,工藤伸輔,,ジャングルポケット,1998101786,レディーダービー,2002101970,スペシャルウィーク,1995103211,北原大史,斉藤安行,610.5,1998.0,2002.0,1995.0
2016105583,ヤマカツルビー,牝,池添兼雄,,ジャスタウェイ,2009106461,ヤマカツマリリン,2004104162,グラスワンダー,1995108676,山田和夫,岡田牧場,610.0,2009.0,2004.0,1995.0
2016104682,フランクリン,牡,音無秀孝,,ディープインパクト,2002100816,ロベルタ,2008103143,ブライアンズタイム,000a000082,近藤英子,ノーザンファーム,610.0,2002.0,2008.0,1985.0
2016103309,サドキンザン,牝,大久保龍,,オルフェーヴル,2008102636,サマナケイ,000a012802,Authorized,000a01139f,ゴドルフィン,ダーレー・ジャパン・ファーム,610.0,2008.0,2009.0,2004.0
2016102964,ビービーゲイル,牡,山崎尋美,,ベルシャザール,2008103004,フルーリー,2003110042,ジェイドロバリー,000a0001a7,坂東牧場,クリアファーム,610.0,2008.0,2003.0,1987.0
2016103670,ハーベストタイム,牝,佐々木由,,プリサイスエンド,000a00fe9b,ビーキュート,2009106516,マヤノトップガン,1992102988,大黒富美子,前野牧場,609.2,1997.0,2009.0,1992.0
2016101872,ツリーガリレオ,牡,渋谷信博,,ケープブランコ,000a011b06,トゥルーゴールド,2007103005,フレンチデピュティ,000a00013a,木村薫,信成牧場,609.2,2007.0,2007.0,1992.0
2016102335,サンクビジュー,牝,酒井仁,,キングズベスト,000a0022d2,サンコロネット,2006100285,スペシャルウィーク,1995103211,Ｉレーシング（株）,笠松牧場,607.7,1997.0,2006.0,1995.0
2016104848,ツールドフォース,牡,角田輝也,,ワークフォース,000a011a7f,マチカネハナサソウ,2001103193,スペシャルウィーク,1995103211,小出敬之,ノーザンファーム,607.5,2007.0,2001.0,1995.0
2016102345,ストラール,牝,黒木豊,,ケープブランコ,000a011b06,モエレヒストリー,2005104421,ファルブラヴ,1998190004,関昭一,笠松牧場,606.6,2007.0,2005.0,1998.0
2016104932,デルマカンペール,牡,澤佳宏,,タートルボウル,000a012045,ウィンナワルツ,2004103231,アグネスタキオン,1998101516,浅沼廣幸,社台ファーム,606.5,2002.0,2004.0,1998.0
2016101736,スーパーウインド,牝,大塚信次,,メイショウサムソン,2003102205,スマイリングルーラ,2003102557,ダンスインザダーク,1993109188,岡田義見,カナイシスタッド,606.5,2003.0,2003.0,1993.0
2016105595,サンシキヒエン,牡,嶋田幸晴,,サダムパテック,2008102652,ツーオブハート,1999106836,メジロマックイーン,1987107235,津田浩一,小倉光博,606.2,2008.0,1999.0,1987.0
2016102631,シンリン,牡,尾原強,,ジャングルポケット,1998101786,コウユーナナエヤエ,2005101320,アグネスデジタル,1997110025,山下壽,フクオカファーム,606.2,1998.0,2005.0,1997.0
2016104923,カーヴィー,牝,田中一巧,,ハーツクライ,2001103038,アーリーアメリカン,2006102885,El Corredor,000a010238,ニッシンホールディングス,社台ファーム,606.0,2001.0,2006.0,1997.0
2016102291,ペイシャラトゥール,牡,高市圭二,,ワークフォース,000a011a7f,リアライズクレア,2009106476,ゴールドアリュール,1999106689,北所直人,恵比寿牧場,605.0,2007.0,2009.0,1999.0
2016109102,テイエムフガエゾ,牡,平山宏秀,,スクリーンヒーロー,2004103328,テイエムピンキー,1999100472,トニービン,1983109006,竹園正繼,テイエム牧場,604.8,2004.0,1999.0,1983.0
2016102823,シャンパンムーン,牡,今津勝之,,キンシャサノキセキ,2003110212,カンタオーラ,2010100100,Ballingarry,000a011774,山本国広,浦新徳司,602.8,2003.0,2010.0,1999.0
2016102275,ピュアドリーマー,牝,佐藤博紀,,トビーズコーナー,000a011fed,マイドリーマー,2005101293,アグネスフライト,1997103400,矢部美穂,市川牧場,602.0,2008.0,2005.0,1997.0
2016101103,ベルリーフ,牡,北野真弘,,タートルボウル,000a012045,キャリーウェーブ,2008103478,アグネスタキオン,1998101516,田村章,片山牧場,601.7,2002.0,2008.0,1998.0
2016102782,シベリアンプラウド,牡,川島雅人,,トーセンホマレボシ,2009106092,シベリアンクラシカ,2004110175,Siphon,000a002220,藤田在子,天羽禮治,600.4,2009.0,2004.0,1991.0
2016110047,ラスベガステソーロ,牡,武井亮,,Tiznow,000a00fa4b,Garden District,000a013bc7,Dixie Union,000a00fdbe,了徳寺健二ホールディングス,Lochlow Farm,600.0,1997.0,2006.0,1997.0
2016106577,テーオーキャンディ,牝,梅田智之,,エイシンフラッシュ,2007102951,キャンディーストア,2003102959,スペシャルウィーク,1995103211,小笹公也,ヤナガワ牧場,600.0,2007.0,2003.0,1995.0
2016104428,テイクザヘルム,牝,安田翔伍,,ノヴェリスト,000a012230,ヴェラブランカ,2007103117,クロフネ,1998110135,キャロットファーム,社台コーポレーション白老ファーム,600.0,2009.0,2007.0,1998.0
2016104362,ヘッドオブステート,牡,大竹正博,,キングカメハメハ,2001103460,ザグレース,2009106450,ディープインパクト,2002100816,社台レースホース,社台コーポレーション白老ファーム,600.0,2001.0,2009.0,2002.0
2016103814,トーセンスプモーニ,牡,田中伸一,,トーセンブライト,2001103660,シャトーノワール,2005102481,アドマイヤベガ,1996107396,山本将司,エスティファーム,600.0,2001.0,2005.0,1996.0
2016103311,ハートトゥハート,牝,国枝栄,,ハーツクライ,2001103038,ザミリア,000a0116d9,Cape Cross,000a0022ae,ゴドルフィン,ダーレー・ジャパン・ファーム,600.0,2001.0,2001.0,1994.0
2016103300,アモレッタ,牝,田中博康,,ディープインパクト,2002100816,オペラクローク,000a0127fd,Cape Cross,000a0022ae,ゴドルフィン,ダーレー・ジャパン・ファーム,600.0,2002.0,2009.0,1994.0
2016102221,イエスサンキュー,牝,羽月友彦,,カジノドライヴ,2005110112,イエスオアノー,2003105362,サクラバクシンオー,1989108341,松岡隆雄,ミリオンファーム,600.0,2005.0,2003.0,1989.0
2016100942,ショウナンハルラ,牝,古賀史生,,ハービンジャー,000a011996,ショウナンタイリン,2006100328,キングカメハメハ,2001103460,国本哲秀,森永聡,600.0,2006.0,2006.0,2001.0
2016103724,シュジンコウ,牝,盛本信春,,スクリーンヒーロー,2004103328,プリンセスメイク,2007101408,キャプテンスティーヴ,000a000d9d,田島政光,モリナガファーム,599.3,2004.0,2007.0,1997.0
2016103227,ソダネー,牝,山田徹,,シニスターミニスター,000a011099,カアチャンコワイ,2009105943,クロフネ,1998110135,矢野琢也,スマイルファーム,599.1,2003.0,2009.0,1998.0
2016100156,アサミン,牝,山田義人,,グランプリボス,2008103388,ヒシシャトル,2005104880,ボストンハーバー,000a00007c,川村初美,カミイスタット,597.4,2008.0,2005.0,1994.0
2016100860,ハーモニーブレイブ,牡,高月賢一,,ドリームジャーニー,2004102753,パナマックス,2005102170,クロフネ,1998110135,日下部勝徳,村上欽哉,597.3,2004.0,2005.0,1998.0
2016103545,モリトシュン,牡,大島静夫,,モンテロッソ,000a011b05,ラブリーアイ,2011100788,ダイワメジャー,2001103114,永谷友一郎,日高大洋牧場,597.1,2007.0,2011.0,2001.0
2016101439,カフェシュヴァルツ,牡,村上実,,ノヴェリスト,000a012230,カフェローレル,2008103903,マンハッタンカフェ,1998101554,橋本義次,三石橋本牧場,596.6,2009.0,2008.0,1998.0
2016103591,デルマヴェルサイユ,牝,堀井雅広,,プリサイスエンド,000a00fe9b,オープンアップ,2003102568,タヤスツヨシ,1992109612,浅沼廣幸,ファニーヒルファーム,596.5,1997.0,2003.0,1992.0
2016106090,デラウェア,牝,西村守幸,,カジノドライヴ,2005110112,コンゴウマドンナ,2003107394,マーベラスサンデー,1992103687,組）オールザベスト組,西川富岡牧場,596.0,2005.0,2003.0,1992.0
2016101230,クツシタヌゲタ,牡,斉藤正弘,,サウスヴィグラス,1996110138,オボロヅキ,2005100266,カリズマティック,000a00fa33,江馬由将,タガミファーム,596.0,1996.0,2005.0,1996.0
2016102331,マティス,牝,黒木豊,,ジャスタウェイ,2009106461,アミリス,2002103797,フレンチデピュティ,000a00013a,大門忠司,笠松牧場,595.9,2009.0,2002.0,1992.0
2016105708,ジェミーウェイ,牝,山口益巳,,ジャスタウェイ,2009106461,プレシャスジェムズ,2007100277,シンボリクリスエス,1999110099,（同）ＪＰＮ技研,グランド牧場,595.7,2009.0,2007.0,1999.0
2016101922,モズナリマツ,牡,黒田隆男,,グランプリボス,2008103388,スターレット,2011105839,ブライアンズタイム,000a000082,（株）ファーストビジ,谷川牧場,594.5,2008.0,2011.0,1985.0
2016102608,リヒトヴァール,牝,藤田輝信,,ゴールドアリュール,1999106689,アーティストチョイス,000a010e83,Giant's Causeway,000a0022e1,保坂和孝,ヒダカファーム,592.0,1999.0,2002.0,1997.0
2016105351,ダイユウドナテラ,牝,今津勝之,,クロフネ,1998110135,サイキョウレディー,2007100456,コマンダーインチーフ,000a0000b0,大友靖岐,幾千世牧場,591.9,1998.0,2007.0,1990.0
2016109054,キタシック,牡,鹿沼良和,,ケイムホーム,000a0108d1,キタハウス,2011109040,オペラハウス,000a000d77,北村守彦,北村牧場,591.5,1999.0,2011.0,1988.0
2016101015,メイブツシャチョウ,セ,藤田正治,,ゴールドアリュール,1999106689,ホットサマーデイ,2008105162,アポインテッドデイ,2001110204,岡田祐一,村上欽哉,591.2,1999.0,2008.0,2001.0
2016101370,マイネルオニキス,牡,加藤和宏,,ブラックタイド,2001103312,スリースノーグラス,2004100240,グラスワンダー,1995108676,（株）ファーストビジ,本桐牧場,590.9,2001.0,2004.0,1995.0
2016103857,トーセンミラクル,牡,細川忠義,,トーセンブライト,2001103660,リエートフィーネ,2007103000,ゼンノロブロイ,2000101517,国田正忠,エスティファーム,590.6,2001.0,2007.0,2000.0
2016103830,トーセンバラライカ,牡,井上哲,,トーセンブライト,2001103660,トーセングリーン,2009105830,ゼンノロブロイ,2000101517,紙谷洋一,エスティファーム,590.3,2001.0,2009.0,2000.0
2016102919,サウスグラストップ,牡,尾島徹,,ダンカーク,000a012185,サウスサプライズ,2005102973,サウスヴィグラス,1996110138,小川寛子,木村牧場,590.2,2006.0,2005.0,1996.0
2016103086,サイベリアン,牝,伊藤滋規,,ディープインパクト,2002100816,チョウチョウキャット,000a01294f,Tale of the Cat,000a002276,下河辺牧場,下河辺牧場,588.7,2002.0,2008.0,1994.0
2016103502,ビーチハピネス,牝,田中伸一,,ヨハネスブルグ,000a0103b9,ビーチパーティー,2007102879,ゼンノロブロイ,2000101517,小橋亮太,浜本牧場,588.0,1999.0,2007.0,2000.0
2016100899,パワーロワ,牡,尾林幸二,,ベーカバド,000a011dc0,マチカネホホエミ,2000103916,コマンダーインチーフ,000a0000b0,（有）まの,村上牧場,587.6,2007.0,2000.0,1990.0
2016104342,ロサデラルス,牡,山田質,,クロフネ,1998110135,ロージーチャーム,2001103011,ダンスインザダーク,1993109188,宇都宮智治,追分ファーム,587.2,1998.0,2001.0,1993.0
2016102288,アークザゴールド,牡,田辺陽一,,ゴールドヘイロー,1997101264,エビスリラ,2009100952,サクラバクシンオー,1989108341,（有）トニーステーブ,恵比寿牧場,587.0,1997.0,2009.0,1989.0
2016104590,カレンソナーレ,牝,松永幹夫,,オルフェーヴル,2008102636,フィエラメンテ,2008103289,タニノギムレット,1999100226,鈴木隆司,ノーザンファーム,586.0,2008.0,2008.0,1999.0
2016102585,コンドルパワー,牝,佐々木功,,タイムパラドックス,1998101683,パワートップレディ,2001100145,アジュディケーティング,000a000d5d,潤間力夫,林農場,586.0,1998.0,2001.0,1987.0
2016102574,カネコメヒカル,牡,雑賀正光,,ジャングルポケット,1998101786,ブルーセレブ,2011103286,アサクサデンエン,1999110191,高岡義雄,中村雅明,586.0,1998.0,2011.0,1999.0
2016102307,ビーマイステディ,牝,武英智,,ヴィクトワールピサ,2007102923,ステディプロスペクト,000a0117d1,A.P. Indy,000a001d37,ヒダカ・ブリーダーズ・ユニオン,大島牧場,585.0,2007.0,2005.0,1989.0
2016100234,ウインバイタル,牡,川野勇馬,,タートルボウル,000a012045,オメガラヴィータ,2010103713,ジャングルポケット,1998101786,神岡賢太郎,コスモヴューファーム,585.0,2002.0,2010.0,1998.0
2016103716,テミス,牝,加藤幸保,,スクリーンヒーロー,2004103328,アストレア,2011100974,フサイチコンコルド,1993109220,吉川真ノ介,モリナガファーム,584.1,2004.0,2011.0,1993.0
2016105740,キラキラブシ,牡,高月賢一,,パイロ,000a01176a,ジョーマリコ,1999106582,マーベラスサンデー,1992103687,山口裕介,酒井秀紀,583.6,2005.0,1999.0,1992.0
2016103445,ニシノサトル,牡,冨田敏男,,ダンカーク,000a012185,ニシノフィオーリ,2009106627,アグネスデジタル,1997110025,冨田藤男,ガーベラパークスタッド,583.4,2006.0,2009.0,1997.0
2016109016,ピンクペルレ,牝,吉井竜一,,ヨハネスブルグ,000a0103b9,ネーラペルレ,2011109239,キングカメハメハ,2001103460,（株）アウレア,前田ファーム,583.0,1999.0,2011.0,2001.0
2016100256,ウインアミーリア,牝,遠藤茂,,ワークフォース,000a011a7f,プリティプリンセス,2001103100,サンデーサイレンス,000a00033a,（有）トニーステーブ,コスモヴューファーム,583.0,2007.0,2001.0,1986.0
2016109103,テイエムヒッパシレ,牡,平山宏秀,,ヤマニンセラフィム,1999104188,テイエムヨカドー,2004109152,テイエムオペラオー,1996100292,竹園正繼,テイエム牧場,582.6,1999.0,2004.0,1996.0
2016105577,フォルノーヴァ,牝,今井輝和,,エイシンフラッシュ,2007102951,ベルモントノーヴァ,2001102281,ラムタラ,000a0001d4,八嶋長久,岡田牧場,582.5,2007.0,2001.0,1992.0
2016102925,ショウナンアリババ,牡,張田京,,スクリーンヒーロー,2004103328,ダイタクアズミット,2000107140,マヤノトップガン,1992102988,国本好子,木村牧場,582.5,2004.0,2000.0,1992.0
2016103262,ウインクルマリヒメ,牝,後藤正義,,アドマイヤムーン,2003102991,ウインクルグラス,2002106552,グラスワンダー,1995108676,岩崎僖澄,竹島幸治,581.9,2003.0,2002.0,1995.0
2016106248,ビジュミノル,牝,高本友芳,,タートルボウル,000a012045,ベルシエロ,2009106498,ダイワメジャー,2001103114,織田洋介,フジワラファーム,581.8,2002.0,2009.0,2001.0
2016100149,キョウエイアイビス,牝,佐々木功,,シビルウォー,2005102317,ミラクルフェイマス,2006104222,フジキセキ,1992109618,佐々木総雄,柏木一則,581.5,2005.0,2006.0,1992.0
2016105062,スターオブザナイル,牡,山田義人,,ノヴェリスト,000a012230,ジュエルオブナイル,2007102985,デュランダル,1999106756,上岡和男,社台ファーム,580.3,2009.0,2007.0,1999.0
2016102784,ドリームウィング,牝,蛯名雄太,,アイルハヴアナザー,000a011ed3,ビエンナーレ,2003104677,ステイゴールド,1994108729,水上美和子,天羽禮治,580.0,2009.0,2003.0,1994.0
2016101728,バトルアグレッシブ,牡,柏木一夫,,エイシンフラッシュ,2007102951,アルザナー,000a00fea9,Mark of Esteem,000a002097,中田留明,帰山清貴,580.0,2007.0,2000.0,1993.0
2016101072,カウンターパート,牡,嶋田幸晴,,フリオーソ,2004106867,マリアベール,2010101562,サクラバクシンオー,1989108341,矢沼浩二,沖田忠幸,580.0,2004.0,2010.0,1989.0
2016100588,シャンタンエドゥー,牝,平田正一,,ダイワメジャー,2001103114,アンシャンタン,2008110053,Unbridled's Song,000a002071,前田幸治,ノースヒルズ,580.0,2001.0,2008.0,1993.0
2016104080,パワポケチャラット,牡,工藤裕孝,,ハービンジャー,000a011996,リスキーディール,2006103409,ネオユニヴァース,2000101426,柳原達也,市川牧場,579.5,2006.0,2006.0,2000.0
2016101757,リンノティアラ,牝,高野毅,,ゴールドアリュール,1999106689,サオトメ,2011105554,ヨハネスブルグ,000a0103b9,（同）ランニング・ク,ガーベラパークスタッド,579.0,1999.0,2011.0,1999.0
2016105854,コンソラトゥール,牝,山田義人,,ハービンジャー,000a011996,カディッシュ,2008101057,ストラヴィンスキー,000a00fa41,成富直行,タイヘイ牧場,577.9,2006.0,2008.0,1996.0
2016100983,カシノキラキラ,牝,鹿沼良和,,ベーカバド,000a011dc0,ドーパミン,2001102514,フジキセキ,1992109618,柏木務,芳住鉄兵,576.9,2007.0,2001.0,1992.0
2016105999,セグーロ,セ,萩原清,,ハーツクライ,2001103038,ダノンエレガント,2009103862,ブライアンズタイム,000a000082,前田幸治,千代田牧場,576.0,2001.0,2009.0,1985.0
2016100872,マイネルゾンターク,牡,藤ヶ崎一,,トーセンジョーダン,2006103169,シーユーサンデー,2003102882,サンデーサイレンス,000a00033a,北澤信,村上進治,575.7,2006.0,2003.0,1986.0
2016100783,オオエファイト,牝,徳本慶一,,カネヒキリ,2002100978,ローレルヴェロッサ,2000105273,ブライアンズタイム,000a000082,組）オールザベスト組,北星村田牧場,575.7,2002.0,2000.0,1985.0
2016106411,モモコ,牝,林隆之,,クロフネ,1998110135,トランプクイーン,2010104243,ネオユニヴァース,2000101426,ニッシンホールディングス,チャンピオンズファーム,575.4,1998.0,2010.0,2000.0
2016103225,アベニンローズ,牝,山田徹,,ベルシャザール,2008103004,アベニンプラナス,2008106051,サウスヴィグラス,1996110138,（株）マステック,スマイルファーム,575.4,2008.0,2008.0,1996.0
2016103976,ビギングローリー,牡,中川公成,,ナカヤマフェスタ,2006102424,ムーンハウリング,2004106174,メジロマックイーン,1987107235,窪田康志,坂東牧場,575.0,2006.0,2004.0,1987.0
2016101770,ラバストーン,牡,工藤裕孝,,ナカヤマフェスタ,2006102424,アドマイヤイチ,2002102859,ヘクタープロテクター,000a000d6b,田頭勇貴,杵臼牧場,575.0,2006.0,2002.0,1988.0
2016105731,レーヴプランセス,牝,藤ヶ崎一,,キンシャサノキセキ,2003110212,ビューティブロンド,2004104676,タイキシャトル,1994109686,寒川太一,今牧場,574.8,2003.0,2004.0,1994.0
2016101832,メイショウワキザシ,牡,中川竜馬,,メイショウボーラー,2001100650,メイショウハイパス,2004102281,ダンスインザダーク,1993109188,田村章,近藤牧場,574.5,2001.0,2004.0,1993.0
2016100080,バトルレディネス,牝,保利良次,,バトルプラン,000a0118e8,イシノウォーニング,2007104091,ムーンバラッド,000a00fe8f,（株）ＴＫＫ,石田牧場,574.3,2005.0,2007.0,1999.0
2016101329,アイアンユウキャン,牡,尾原強,,グラスワンダー,1995108676,チアズイーガー,2007105846,キングカメハメハ,2001103460,（株）ＴＫＫ,原口牧場,573.9,1995.0,2007.0,2001.0
2016103105,メイショウウグイス,牝,河内洋,,エンパイアメーカー,000a010542,ブライダルブーケ,2005103132,ゴールドアリュール,1999106689,松本好雄,下河辺牧場,571.2,2000.0,2005.0,1999.0
2016104910,エメラルドスピアー,牝,山崎裕也,,ルーラーシップ,2007103143,アラドヴァル,2009105749,シンボリクリスエス,1999110099,社台レースホース,社台コーポレーション白老ファーム,570.9,2007.0,2009.0,1999.0
2016106162,ナムラオニヘイ,牡,今津博之,,ヨハネスブルグ,000a0103b9,ナムラボルテージ,2007100758,グランデラ,000a00fe3b,酒井孝敏,八田ファーム,570.4,1999.0,2007.0,1998.0
2016104104,ヤマサンマサル,牡,藪口一麻,,ルースリンド,2001106791,エリモロマンス,1997100020,サンシャインフォーエヴァー,000a00033b,藤江勢津男,大川牧場,570.1,2001.0,1997.0,1985.0
2016109097,テイエムウンマカ,牝,平山宏秀,,ヤマニンセラフィム,1999104188,テイエムカルメン,2006105927,タイキシャトル,1994109686,竹園正繼,テイエム牧場,570.0,1999.0,2006.0,1994.0
2016105614,ラストクローザー,牡,黒岩陽一,,カジノドライヴ,2005110112,アグネスバラード,2002103118,ヘネシー,000a000178,加藤義久,カタオカファーム,570.0,2005.0,2002.0,1993.0
2016105509,ニヴィアン,牝,高柳瑞樹,,アイルハヴアナザー,000a011ed3,ハルシュタット,2009106298,ファスリエフ,000a00fc4c,岡田牧雄,岡田スタッド,570.0,2009.0,2009.0,1997.0
2016103912,ハートハーツ,牝,玉垣光章,,ジャスタウェイ,2009106461,チーティンハート,2009103082,シンボリクリスエス,1999110099,二木英実,清水牧場,567.8,2009.0,2009.0,1999.0
2016105847,アカンダナパワー,牝,佐々木国,,ヘニーヒューズ,000a011155,モーガンズマンボ,000a011164,Kingmambo,000a001d7e,聖心台牧場,聖心台牧場,567.6,2003.0,2002.0,1990.0
2016102884,クリノイナヅマオー,牡,平松徳彦,,ジャスタウェイ,2009106461,ファリシーク,000a011527,Rainbow Quest,000a001b4d,栗本八江,賀張三浦牧場,567.5,2009.0,1999.0,1981.0
2016104940,カメッテル,牝,笹野博司,,タートルボウル,000a012045,ヴェイグストーリー,2009105726,ゴールドアリュール,1999106689,石川裕基,社台ファーム,567.3,2002.0,2009.0,1999.0
2016103811,トーセントルネード,牡,及川良春,,マンハッタンカフェ,1998101554,エリーゼパレス,000a0116c9,キングズベスト,000a0022d2,谷謙介,エスティファーム,567.1,1998.0,2005.0,1997.0
2016105789,シントーミリアン,牡,平田正一,,モンテロッソ,000a011b05,レディマスグレイヴ,2012101616,コマンズ,000a011625,中野辰三,佐竹学,567.0,2007.0,2012.0,1996.0
2016100123,ビナドール,牝,永島太郎,,ルースリンド,2001106791,ビナセブン,2009103676,タイキシャトル,1994109686,栗東総合産業（株）,大林ファーム,566.5,2001.0,2009.0,1994.0
2016105329,フォアシザフューチ,牡,林正人,,クロフネ,1998110135,イソノヴィーナス,2008105452,マーベラスサンデー,1992103687,西森功,山春牧場,566.3,1998.0,2008.0,1992.0
2016106052,タイガーブレイブ,牡,長南和宏,,トビーズコーナー,000a011fed,ボーアンドベッグ,2008101325,ゴールドアリュール,1999106689,石川幸司,徳本幸雄,566.1,2008.0,2008.0,1999.0
2016103709,アンフィニフォルス,牝,榎屋充,,グランプリボス,2008103388,シンメイジョアー,2004106340,カリスタグローリ,1988106402,杉本剛彦,目黒牧場,565.3,2008.0,2004.0,1988.0
2016109014,ライクトゥシャイン,牡,松木啓助,,ゴールドアリュール,1999106689,デフィニット,1997110033,デヒア,000a0000df,中山純子,恵比寿興業株式会社那須野牧場,565.1,1999.0,1997.0,1991.0
2016105696,ジーンジニー,牝,新田守,,ヴィットリオドーロ,2009110009,バライロー,2008100294,タニノギムレット,1999100226,谷謙介,グランド牧場,565.0,2009.0,2008.0,1999.0
2016101475,ノースヒビキ,牝,高橋俊之,,ベルシャザール,2008103004,キテキ,2007103975,スキャターザゴールド,000a000d99,爲永良弘,元茂義一,564.8,2008.0,2007.0,1997.0
2016102892,ビシュラ,牝,鈴木正也,,ストロングリターン,2006102934,フジノトップガン,2006101883,ネオユニヴァース,2000101426,新村順一,川島正広,563.4,2006.0,2006.0,2000.0
2016105073,アステリズム,牝,伊藤滋規,,シンボリクリスエス,1999110099,ステラマリス,2000101362,サンデーサイレンス,000a00033a,レッドマジック,社台ファーム,563.0,1999.0,2000.0,1986.0
2016104960,ルクリリ,牝,後藤正義,,ハーツクライ,2001103038,エルーセラ,000a006a32,Spirit One,000a012399,菊地剛,社台ファーム,562.7,2001.0,2010.0,2004.0
2016103459,ランドリュウオー,牡,胡本友晴,,ハービンジャー,000a011996,ダービーゾーン,2000101103,サニーブライアン,1994105719,（株）ファーストビジ,日西牧場,561.9,2006.0,2000.0,1994.0
2016100724,マイネルリャードフ,牡,今津勝之,,トーセンラー,2008102985,マイネアラベスク,2010110009,キングズベスト,000a0022d2,伊勢光,ビッグレッドファーム,561.6,2008.0,2010.0,1997.0
2016106334,ウチュウセンカン,牡,諏訪貴正,,タニノギムレット,1999100226,クロネコ,2001103169,ダンスインザダーク,1993109188,三宅勝俊,増本良孝,561.1,1999.0,2001.0,1993.0
2016103946,ペイシャルフェ,牝,佐々木由,,ジャングルポケット,1998101786,モーガンルフェイ,2007102685,キングカメハメハ,2001103460,谷謙介,二風谷ファーム,560.4,1998.0,2007.0,2001.0
2016110130,トランプズパワー,牡,柏原誠路,,He's Had Enough,000a013eec,Step Lightly,000a013f0e,Indian Charlie,000a00fcd8,風早信昭,Deborah Shaffer,560.0,2010.0,2006.0,1995.0
2016104823,ゴールドアックス,牡,内野健二,,オルフェーヴル,2008102636,ビキニブロンド,2009106375,キングカメハメハ,2001103460,長橋秀雄,ノーザンファーム,560.0,2008.0,2009.0,2001.0
2016104527,シャムラマート,牝,杉山晴紀,,ベルシャザール,2008103004,セイングレンド,2001103338,バブルガムフェロー,1993109219,サンデーレーシング,ノーザンファーム,560.0,2008.0,2001.0,1993.0
2016101423,ロンリイマンサパタ,牡,川村禎彦,,トビーズコーナー,000a011fed,プリンセスティアラ,2007103923,スキャン,000a000d69,石川博,三石川上牧場,560.0,2008.0,2007.0,1988.0
2016101867,ブレイヴスピリット,牡,高岩孝敏,,トゥザグローリー,2007103265,セルフィッシュ,2007101802,ブライアンズタイム,000a000082,坪井隼人,松栄牧場,559.5,2007.0,2007.0,1985.0
2016100336,バニラオーキッド,牡,山口益巳,,グランプリボス,2008103388,エキゾチックバニラ,2009104760,ソングオブウインド,2003102461,谷謙介,スピードファーム,557.6,2008.0,2009.0,2003.0
2016102279,ニシノクローデット,牝,山口浩幸,,リーチザクラウン,2006102923,ユキノセリーヌ,2008100874,ワイルドラッシュ,000a0003a1,冨田藤男,市正牧場,557.2,2006.0,2008.0,1994.0
2016101083,ポップアップレーヌ,牝,石井勝男,,ストロングリターン,2006102934,フウレイカ,2000101363,サンデーサイレンス,000a00033a,（有）エッジ,沖田博志,556.9,2006.0,2000.0,1986.0
2016101983,マジェスティ,牡,新田守,,オルフェーヴル,2008102636,イスタンブール,2010104034,キングカメハメハ,2001103460,高橋昇市,辻牧場,555.6,2008.0,2010.0,2001.0
2016106067,シェイクユアボディ,牡,真島元徳,,アッミラーレ,1997100569,ボディラブ,1995106937,キャロルハウス,1985109001,平井裕,泊寿幸,555.5,1997.0,1995.0,1985.0
2016100951,プリティドール,牝,瀬戸幸一,,エスポワールシチー,2005102837,ブルーアイ,2001102448,サニーブライアン,1994105719,丸岡啓一,守矢牧場,555.1,2005.0,2001.0,1994.0
2016103216,スマートレグルス,牝,浅見秀一,,ロードカナロア,2008103552,ルビーレジェンド,2003103030,アグネスタキオン,1998101516,大川徹,スマート,555.0,2008.0,2003.0,1998.0
2016106317,ヒルド,牝,加藤誠一,,ロードカナロア,2008103552,ローズアダージョ,2008100052,ディープインパクト,2002100816,小泉賢悟,前谷武志,552.2,2008.0,2008.0,2002.0
2016101459,ブラボーフェスタ,セ,大塚信次,,ナカヤマフェスタ,2006102424,スギノエスペランザ,2010104505,ウォーエンブレム,000a00fa35,大黒富美子,明治牧場,552.0,2006.0,2010.0,1999.0
2016106095,イデアノオモイ,牝,岡田一男,,ワークフォース,000a011a7f,マスイデア,2009100729,リンカーン,2000101561,益田修一,西川富岡牧場,551.5,2007.0,2009.0,2000.0
2016103838,トーセンターコイズ,牝,竹口勝利,,トーセンブライト,2001103660,トーセンビート,2008106530,クロフネ,1998110135,（同）ＪＰＮ技研,エスティファーム,551.5,2001.0,2008.0,1998.0
2016106350,エリーグローリー,牝,新田守,,トゥザグローリー,2007103265,ソレイユ,1997105162,サクラユタカオー,1982101222,谷謙介,三木田明仁,551.1,2007.0,1997.0,1982.0
2016106561,ヒナノチョウテン,牡,市村誠,,キングズベスト,000a0022d2,ミステリアスオーラ,2006106882,シンボリクリスエス,1999110099,木下隆好,笹地牧場,551.0,1997.0,2006.0,1999.0
2016102856,ビッグエンド,牝,上杉昌宏,,キャプテントゥーレ,2005102216,ワシリーサ,2007100995,ストラヴィンスキー,000a00fa41,上村洋司,沖田牧場,550.5,2005.0,2007.0,1996.0
2016103476,キンシロウ,牡,岩戸孝樹,,パイロ,000a01176a,サクラサクラサクラ,2006105871,アッミラーレ,1997100569,岡浩二,野島牧場,550.0,2005.0,2006.0,1997.0
2016101014,ワンネス,牡,高橋文雅,,ストロングリターン,2006102934,ダンシングロイヤル,2008105189,サクラバクシンオー,1989108341,佐久間拓士,村上欽哉,550.0,2006.0,2008.0,1989.0
2016106567,クレインチャーム,牝,細川忠義,,フリオーソ,2004106867,キシュウウインド,2000106482,フォーティナイナー,000a000134,西森鶴,日西牧場,549.0,2004.0,2000.0,1985.0
2016100167,ケイエスアッキ,牝,鈴木義久,,プリサイスエンド,000a00fe9b,ケイエスシンアカリ,2007105642,クロフネ,1998110135,高田喜嘉,上井農場,549.0,1997.0,2007.0,1998.0
2016102151,メイショウホウジュ,牝,高橋清顕,,オルフェーヴル,2008102636,アルペンローズ,000a00fecb,Kris S.,000a0016f2,山下晃徳,三嶋牧場,547.8,2008.0,1999.0,1977.0
2016105450,トミケンプロズバ,牡,小国博行,,クロフネ,1998110135,ビップフライト,2012105137,ファルブラヴ,1998190004,杉山元洋,大滝康晴,547.4,1998.0,2012.0,1998.0
2016105374,クリュサネル,牡,今津博之,,スウェプトオーヴァーボード,000a00fa34,タイキシフォン,2001110064,Red Ransom,000a001c68,熊谷貴之,パカパカファーム,546.7,1997.0,2001.0,1987.0
2016100394,セツゲツカ,牡,角川秀樹,,カネヒキリ,2002100978,ハングインゼア,2004100936,タイキシャトル,1994109686,ＭＢＲ,田渕牧場,546.4,2002.0,2004.0,1994.0
2016101610,メイショウドウダン,牡,秋田大助,,メイショウボーラー,2001100650,マルカシャルダン,2007102935,オペラハウス,000a000d77,（株）アプエンテ,赤田牧場,546.1,2001.0,2007.0,1988.0
2016102187,メイショウクダン,セ,山元博徳,,ダンカーク,000a012185,メイショウコブシ,2007101796,スペシャルウィーク,1995103211,（株）ファーストビジ,三嶋牧場,546.0,2006.0,2007.0,1995.0
2016109049,アレグロ,牝,村上正和,,フリオーソ,2004106867,アンニュイブルース,2003104314,グラスワンダー,1995108676,藤元厚雄,風ノ丘ファーム,545.6,2004.0,2003.0,1995.0
2016105653,ワイルドタッチ,牝,雑賀伸一,,ハーツクライ,2001103038,ワイルドゲッツ,2009103470,ワイルドラッシュ,000a0003a1,（有）キヨタケ牧場,キヨタケ牧場,545.5,2001.0,2009.0,1994.0
2016102455,アオカチ,牝,黒木豊,,トーセンジョーダン,2006103169,ハリケーンタマ,2008102786,クロフネ,1998110135,小橋亮太,小島牧場,545.4,2006.0,2008.0,1998.0
2016105264,レッドジェニファー,牝,大久保龍,,スクリーンヒーロー,2004103328,ライラッククイーン,000a010ab9,Law Society,000a0016ec,東京ホースレーシング,社台ファーム,545.0,2004.0,1998.0,1982.0
2016100457,インオンザレイク,牝,溝橋利喜,,パイロ,000a01176a,インオンザゴシップ,000a010e54,Fusaichi Pegasus,000a0022cf,組）オールザベスト組,富本茂喜,545.0,2005.0,2003.0,1997.0
2016100263,ツヅミボシ,牝,渡辺博文,,サクラオリオン,2002104686,ライトミー,1995107666,トレボロ,000a000cb3,西島奈緒美,今野活博,544.6,2002.0,1995.0,1979.0
2016102632,クワイエットナウ,牝,菅原欣也,,ナカヤマフェスタ,2006102424,シルキーリリー,2005105777,ティンバーカントリー,000a00035e,安部重夫,フクオカファーム,544.3,2006.0,2005.0,1992.0
2016103793,リコーサラトガ,牡,渡瀬寛彰,,キングズベスト,000a0022d2,ケイアイメルヘン,2002107326,エンドスウィープ,000a00010f,土橋正雄,リコーファーム,543.9,1997.0,2002.0,1991.0
2016105943,サイゴウパワー,セ,古賀光範,,アサクサキングス,2004103163,インラヴ,000a010a13,Unfuwain,000a001de5,西村新一郎,田原橋本牧場,543.1,2004.0,2000.0,1985.0
2016105625,タイガーストライプ,牡,三小田幸,,キングヘイロー,1995104427,サダムサロペット,2010104403,スペシャルウィーク,1995103211,山地真吾,神垣道弘,541.6,1995.0,2010.0,1995.0
2016100754,コスモポルベーラ,牡,藤ヶ崎一,,ロージズインメイ,000a010a10,マイネマキアージュ,2009104652,アグネスデジタル,1997110025,山室哲也,ビッグレッドファーム,540.7,2000.0,2009.0,1997.0
2016106517,ネオエンジェル,牝,冨田敏男,,フリオーソ,2004106867,アーモンドグランス,2004107293,ステイゴールド,1994108729,冨田藤男,川上牧場,540.6,2004.0,2004.0,1994.0
2016110128,マレキアーレ,牝,内田勝義,,Pioneerof the Nile,000a0122f5,K. D.'s Shady Lady,000a013f04,Maria's Mon,000a002285,吉田和美,Dixiana Farms LLC,539.4,2006.0,2002.0,1993.0
2016105954,コクサイルビー,牝,川島洋人,,リーチザクラウン,2006102923,ワールドパンダ,2009103789,スキャン,000a000d69,土橋昭,田原安田牧場,539.3,2006.0,2009.0,1988.0
2016102687,シックガニアン,牡,飯田良弘,,ナカヤマフェスタ,2006102424,マイネフォクシー,2001100554,メジロライアン,1987105368,庄司紫紀,山田牧場,538.7,2006.0,2001.0,1987.0
2016105164,ビッケ,牡,瀬戸口悟,,エイシンフラッシュ,2007102951,ピクシーダスト,2002100561,サンデーサイレンス,000a00033a,谷掛龍夫,社台ファーム,538.3,2007.0,2002.0,1986.0
2016105261,モッシュピット,牝,的場直之,,オルフェーヴル,2008102636,ライブリーチューン,000a011166,Dixieland Band,000a0017b2,Ｇ１レーシング,社台ファーム,537.0,2008.0,2004.0,1980.0
2016105194,ジェイコブ,牡,渡辺和雄,,ヴィクトワールピサ,2007102923,ブラッキーピサ,2010103755,タイキシャトル,1994109686,遠藤喜松,社台ファーム,537.0,2007.0,2010.0,1994.0
2016100148,ボルドーシエル,牝,山田義人,,タイキシャトル,1994109686,マイネソシオ,2005105010,タニノギムレット,1999100226,シグラップ・マネジメ,柏木一則,536.6,1994.0,2005.0,1999.0
2016101567,アウグローニ,牡,那俄性哲,,エイシンフラッシュ,2007102951,モーニングラン,2006100108,マンハッタンカフェ,1998101554,西森功,清水スタッド,536.5,2007.0,2006.0,1998.0
2016101081,サラマー,牝,及川良春,,タイキシャトル,1994109686,ジニオマッジョーレ,2006102162,フジキセキ,1992109618,大黒富美子,沖田博志,535.6,1994.0,2006.0,1992.0
2016100438,サイバーキング,牡,池田孝,,スターリングローズ,1997106560,クリアムーブメント,2001104263,サンデーサイレンス,000a00033a,原久美子,津田牧場,535.1,1997.0,2001.0,1986.0
2016104587,バニュルス,牡,藤原英昭,,ロードカナロア,2008103552,ピーチブローフィズ,2007103298,シンボリクリスエス,1999110099,金子真人ホールディングス,ノーザンファーム,535.0,2008.0,2007.0,1999.0
2016100992,サンエイロイヤル,牡,九日俊光,,カネヒキリ,2002100978,トスカーナ,2008105797,Medicean,000a010a19,（同）ＪＰＮ技研,ラッキー牧場,534.9,2002.0,2008.0,1997.0
2016105691,ウィズジョイ,牝,安池成実,,ヴィクトワールピサ,2007102923,ハニーパイ,2010102658,サウスヴィグラス,1996110138,西村專次,グランド牧場,534.4,2007.0,2010.0,1996.0
2016105122,スターアイランド,牝,伊藤和忍,,スウェプトオーヴァーボード,000a00fa34,デリキット,1996107156,サンデーサイレンス,000a00033a,荒井眞澄,社台ファーム,533.9,1997.0,1996.0,1986.0
2016102750,レインボーサンダー,牝,石井勝男,,カネヒキリ,2002100978,ダズリングスマイル,2008100564,ホワイトマズル,1990109700,飯田総一郎,アイズスタッド,532.5,2002.0,2008.0,1990.0
2016101708,ローズカラー,牝,古賀光範,,ローズキングダム,2007103404,マルモリバニー,2010104679,ダンスインザダーク,1993109188,竹原孝昭,大柳ファーム,532.5,2007.0,2010.0,1993.0
2016105055,ローゼンオルデン,牝,榎屋充,,ダンカーク,000a012185,シーディザーブス,1999106800,サンデーサイレンス,000a00033a,小橋亮太,社台コーポレーション白老ファーム,531.4,2006.0,1999.0,1986.0
2016103482,マオノピュア,牝,手島勝利,,メイショウボーラー,2001100650,トーホウハヤカゼ,2000106880,エリシオ,1993190001,湯浅健司,長谷川一男,531.0,2001.0,2000.0,1993.0
2016102790,グランミューク,牡,雑賀正光,,カジノドライヴ,2005110112,オートクチュール,2006109088,アグネスタキオン,1998101516,庄司修二,新井昭二,531.0,2005.0,2006.0,1998.0
2016104568,エスコビージャ,牡,佐々木晶,,シンボリクリスエス,1999110099,バイラオーラ,2006102828,トワイニング,000a000006,キャロットファーム,社台コーポレーション白老ファーム,530.0,1999.0,2006.0,1991.0
2016100597,シンティラ,牡,武藤善則,,ヨハネスブルグ,000a0103b9,カスクドール,2007104753,ダンスインザダーク,1993109188,ノースヒルズ,ノースヒルズ,530.0,1999.0,2007.0,1993.0
2016101407,マイネルオルガノ,牡,大島静夫,,キングヘイロー,1995104427,ハートフルメロディ,2004101559,チーフベアハート,1993190010,谷謙介,松本牧場,529.2,1995.0,2004.0,1993.0
2016102068,ミッドサマーナイト,牝,川嶋弘吉,,ダンカーク,000a012185,アンビホールドゥン,2009110113,Bluegrass Cat,000a01173d,日進牧場,日進牧場,528.1,2006.0,2009.0,2003.0
2016105244,エンパワーメント,セ,山下貴之,,ヴィクトワールピサ,2007102923,マンボスルー,000a01151f,Kingmambo,000a001d7e,大谷昌裕,社台ファーム,528.0,2007.0,2001.0,1990.0
2016101551,ダイシンリカール,牡,森沢友貴,,ロードカナロア,2008103552,バブルファンタジー,2002100613,スペシャルウィーク,1995103211,大八木信行,猿倉牧場,527.1,2008.0,2002.0,1995.0
2016104131,グーテオヌール,牡,柳井宏之,,モンテロッソ,000a011b05,コノハナ,2006105701,イーグルカフェ,1997110118,Ｉレーシング（株）,ストロベリーフィールドファーム,526.3,2007.0,2006.0,1997.0
2016105403,インペルフェット,牡,田島寿一,,タイムパラドックス,1998101683,マイキャンディー,2000107198,マイニング,000a000221,後藤宙人,荒木貴宏,525.5,1998.0,2000.0,1984.0
2016105083,シダクティブノンコ,牝,中舘英二,,ストロングリターン,2006102934,セデュウシング,2010103759,アグネスタキオン,1998101516,吉田千津,社台ファーム,525.0,2006.0,2010.0,1998.0
2016102912,パトリオータ,牡,大塚信次,,シビルウォー,2005102317,トレグラツィエ,2007103185,シンボリクリスエス,1999110099,大黒富美子,北田剛,525.0,2005.0,2007.0,1999.0
2016101253,エリアント,牝,渡瀬寛彰,,エスポワールシチー,2005102837,メンフィスベル,000a010992,Cryptoclearance,000a001e83,谷謙介,築紫洋,524.6,2005.0,2000.0,1984.0
2016100859,セクシーサンキュー,牡,三坂盛雄,,キャプテントゥーレ,2005102216,ニシノシュクラン,2008104122,Pulpit,000a002133,山下良子,村上欽哉,524.5,2005.0,2008.0,1994.0
2016100121,ハートリンク,牝,古賀光範,,トゥザグローリー,2007103265,トーホウドレス,2005103293,トーホウキング,1995108768,西村新一郎,大林ファーム,524.4,2007.0,2005.0,1995.0
2016100282,キンショーゴスペル,牡,岡田利一,,スターリングローズ,1997106560,ヴィーナスゴスペル,2006105470,スペシャルウィーク,1995103211,礒野日出夫,佐藤静子,524.0,1997.0,2006.0,1995.0
2016100015,リュデスドゥモンド,牡,碇清次郎,,スターリングローズ,1997106560,シンカンミグフジ,2008104204,キャプテンスティーヴ,000a000d9d,藤井亮輔,赤石久夫,523.8,1997.0,2008.0,1997.0
2016101128,リヴォルバー,牝,中川竜馬,,ハービンジャー,000a011996,アナザーガール,2010103636,ダイワメジャー,2001103114,小橋亮太,木下牧場,522.9,2006.0,2010.0,2001.0
2016103534,ジュンノサップ,牡,横山保,,ヘニーヒューズ,000a011155,サイレントラヴ,2001106782,サンデーサイレンス,000a00033a,北原大史,日高大洋牧場,522.5,2003.0,2001.0,1986.0
2016106289,クイーンズサエ,牝,西山裕貴,,パドトロワ,2007102760,メイクミーシャイン,2008100611,アグネスデジタル,1997110025,三田正真,へいはた牧場,522.0,2007.0,2008.0,1997.0
2016104552,スピンク,牝,山崎尋美,,ノヴェリスト,000a012230,ディープラヴ,2011103897,ディープインパクト,2002100816,窪田康志,ノーザンファーム,521.5,2009.0,2011.0,2002.0
2016102922,ライプネス,牝,飯田良弘,,タイキシャトル,1994109686,ショウリノホホエミ,2007101817,マンハッタンカフェ,1998101554,岸本すみれ,木村牧場,518.9,1994.0,2007.0,1998.0
2016104112,キチロクタービン,牡,後藤佑耶,,ロージズインメイ,000a010a10,ガルネリ,2008102723,ゼンノロブロイ,2000101517,山本正美,桑原牧場,517.7,2000.0,2008.0,2000.0
2016100150,ナロー,牝,水野善太,,ドリームジャーニー,2004102753,キープザサミット,2010104409,チチカステナンゴ,000a011135,鈴木和彦,カミイスタット,517.1,2004.0,2010.0,1998.0
2016100178,ゴールドヒューズ,セ,真島元徳,,ヘニーヒューズ,000a011155,クロチェーラ,2004110166,Running Stag,000a010002,伊勢光,川上牧場,516.7,2003.0,2004.0,1994.0
2016103878,ログブック,牡,中塚猛,,メイショウボーラー,2001100650,アナコンダ,2009102035,フサイチコンコルド,1993109220,高島幸子,川向高橋育成牧場,516.1,2001.0,2009.0,1993.0
2016103235,アモローサ,牝,渡辺和雄,,スクリーンヒーロー,2004103328,レッドシャンデル,2008103418,ネオユニヴァース,2000101426,（株）ＨｏｒｓｅＮｅ,スマイルファーム,516.0,2004.0,2008.0,2000.0
2016104162,ソウダラー,牡,稲益貴弘,,フリオーソ,2004106867,サイキカンパツ,2006102519,ティンバーカントリー,000a00035e,尾崎智大,野々宮豊,515.5,2004.0,2006.0,1992.0
2016110149,ダラステソーロ,牝,畠山吉宏,,Cairo Prince,000a013f30,Copelan's Angel,000a013f73,Copelan,000a0017cf,了徳寺健二ホールディングス,Christiana Stables LLC,515.0,2011.0,1995.0,1980.0
2016104375,ラバーズケープ,牝,安田隆行,,ダイワメジャー,2001103114,ヒカルアモーレ,2004102760,クロフネ,1998110135,キャロットファーム,社台コーポレーション白老ファーム,515.0,2001.0,2004.0,1998.0
2016100228,キングイスカンダル,牡,林正人,,カネヒキリ,2002100978,マチカネセンヒメ,1999107066,ブライアンズタイム,000a000082,塩入満洋,小泉学,515.0,2002.0,1999.0,1985.0
2016105663,サバイディー,牝,林隆之,,ヴィットリオドーロ,2009110009,グランダーシュート,2011101929,セイントアレックス,2007110008,紺野真太郎,グランド牧場,514.6,2009.0,2011.0,2007.0
2016102260,リワードブルトン,牡,堂山芳則,,メイショウボーラー,2001100650,リワードプディング,1999110272,Belong to Me,000a001ff2,宮崎冴子,リワード,513.7,2001.0,1999.0,1989.0
2016103449,ニシノモエ,牝,山口浩幸,,シンボリクリスエス,1999110099,ニシノメルモ,2007102503,スペシャルウィーク,1995103211,冨田藤男,本桐牧場,512.7,1999.0,2007.0,1995.0
2016103193,プレンフルール,牝,竹口勝利,,グランプリボス,2008103388,ジュアンレパン,2007110082,Dynaformer,000a001dd9,田井信之,シンボリ牧場,512.3,2008.0,2007.0,1985.0
2016100155,ニシノゴウウン,セ,渋谷信博,,リーチザクラウン,2006102923,ヒシクリッパー,2004100145,ジャングルポケット,1998101786,和氣竜彦,カミイスタット,512.0,2006.0,2004.0,1998.0
2016109064,スナンビン,牡,加藤和義,,ベルシャザール,2008103004,スノーフラワー,2009105440,クロフネ,1998110135,大久保和夫,諏訪牧場,511.4,2008.0,2009.0,1998.0
2016105833,スピーディーゴッド,牡,矢野義幸,,シニスターミニスター,000a011099,マトゥリアルカ,2006100224,クリプティックラスカル,000a000da1,（株）Ｎｉｃｋｓ,静内山田牧場,510.8,2003.0,2006.0,1995.0
2016105426,コパノアダムス,牡,後藤正義,,ゴールドアリュール,1999106689,サクラカンパネラ,2002104299,サクラバクシンオー,1989108341,小林義彦,伊藤敏明,510.6,1999.0,2002.0,1989.0
2016100407,フリューリング,牝,菅原欣也,,ロードカナロア,2008103552,ゴールデンファレノ,2010106506,フジキセキ,1992109618,小平進,大栄牧場,510.6,2008.0,2010.0,1992.0
2016106552,ドラゴンエイト,牡,堀江仁,,キングズベスト,000a0022d2,パンジェンシー,2007102994,フレンチデピュティ,000a00013a,田部井孝夫,カネツ牧場,510.5,1997.0,2007.0,1992.0
2016106084,イグナル,牡,遠藤茂,,サンカルロ,2006102822,ダービーズポケット,2006101369,ジャングルポケット,1998101786,北村和江,中田浩美,510.3,2006.0,2006.0,1998.0
2016110038,チルノ,牝,工藤裕孝,,Kingman,000a0124ab,Chill,000a013ae2,Verglas,000a011ede,レッドマジック,Ecurie La Vallee Martigny,510.0,2011.0,2004.0,1994.0
2016104799,ミッキーポテト,牡,菊沢隆徳,,ノヴェリスト,000a012230,ディナシー,2006103281,キングカメハメハ,2001103460,野田みづき,ノーザンファーム,510.0,2009.0,2006.0,2001.0
2016104722,ハリスホーク,牡,中川公成,,Rio de La Plata,000a012f1a,ウイングステルス,000a012f88,Hawk Wing,000a010d4d,シルクレーシング,ノーザンファーム,510.0,2005.0,2005.0,1999.0
2016101360,アジタマキングズ,牡,小野寺晋,,キングズベスト,000a0022d2,ウインラフィナート,2009102285,アグネスタキオン,1998101516,（有）ジェムインター,幌村牧場,510.0,1997.0,2009.0,1998.0
2016101342,ジョースイーツ,牝,小久保智,,マンハッタンカフェ,1998101554,ジョーフュージョン,1999105761,オペラハウス,000a000d77,上田江吏子,平野牧場,510.0,1998.0,1999.0,1988.0
2016104044,バロンキング,牡,阿井正雄,,ヒルノダムール,2007100727,キョウワセイラン,2000104630,タイキシャトル,1994109686,門別敏朗,辻和明,509.0,2007.0,2000.0,1994.0
2016105287,ラックブルーバード,牡,山崎尋美,,スウェプトオーヴァーボード,000a00fa34,ルリビタキ,2010103706,デュランダル,1999106756,吉田照哉,社台ファーム,508.1,1997.0,2010.0,1999.0
2016109083,スズカモンド,牡,坂口義幸,,スクワートルスクワート,000a000da4,モルフェスペシャル,2006106152,スペシャルウィーク,1995103211,永井宏明,町屋勝幸,507.6,1998.0,2006.0,1995.0
2016106296,ジプソフィーユ,牝,西川進也,,ナカヤマフェスタ,2006102424,ナカヤマアンジュ,2009104841,デビッドジュニア,000a010ea9,中西寿一,北洋牧場,507.4,2006.0,2009.0,2002.0
2016106244,ドミノハート,牝,石井勝男,,ディープブリランテ,2009105084,ブリリン,2006101513,タイキシャトル,1994109686,竹内利子,フジワラファーム,506.6,2009.0,2006.0,1994.0
2016105617,セイガイハ,牡,矢野久美,,セイントアレックス,2007110008,サチノストリート,2008100198,ロックオブジブラルタル,000a00fd4c,（同）ＪＰＮ技研,カタオカファーム,506.2,2007.0,2008.0,1999.0
2016103074,ミエルミエーレ,牝,久保秀男,,ゴールドアリュール,1999106689,スイートジュエリー,2009102461,キングカメハメハ,2001103460,酒井孝敏,下河辺牧場,506.2,1999.0,2009.0,2001.0
2016102492,マレシャル,牡,森沢友貴,,ディープブリランテ,2009105084,クリスマドンナ,2007102122,シンボリクリスエス,1999110099,奥裕嗣,猿橋義昭,506.2,2009.0,2007.0,1999.0
2016105674,ブルーフェアリー,牝,高岩孝敏,,ヴィクトワールピサ,2007102923,スズカエンジェル,2004104304,High Yield,000a00fd81,井上久光,グランド牧場,506.0,2007.0,2004.0,1997.0
2016103407,イーストコースト,牡,藤田輝信,,ブラックタイド,2001103312,パラダイスコースト,2006110099,Fusaichi Pegasus,000a0022cf,保坂和孝,ナカノファーム,506.0,2001.0,2006.0,1997.0
2016101181,シラカミゴールド,牝,荒巻透,,エスポワールシチー,2005102837,グレースハート,2005104248,チーフベアハート,1993190010,（同）ＪＰＮ技研,坂本牧場,505.9,2005.0,2005.0,1993.0
2016100834,モズコールズ,牝,新子雅司,,ジャスタウェイ,2009106461,ハルサンサン,2008105046,サウスヴィグラス,1996110138,キャピタル・システム,三村卓也,505.4,2009.0,2008.0,1996.0
2016106114,リッカローズ,牝,鮫島一歩,,リッカロイヤル,2005106310,リッカエスケープ,2005106092,トウカイテイオー,1988101025,立花幸雄,西村和夫,505.0,2005.0,2005.0,1988.0
2016102003,ライズ,牡,松平幸秀,,ロードカナロア,2008103552,ティファニーケイス,2007101647,タイキシャトル,1994109686,橘勝年,辻牧場,505.0,2008.0,2007.0,1994.0
2016105348,ナムラモア,牝,加藤和宏,,トゥザグローリー,2007103265,ピクトリアル,2005105166,ダンスインザダーク,1993109188,（株）ファーストビジ,武田寛治,504.7,2007.0,2005.0,1993.0
2016100246,デュエットカラー,牡,地辺幸一,,ナカヤマフェスタ,2006102424,スターデュエット,1999110133,Dixieland Band,000a0017b2,（株）ファーストビジ,コスモヴューファーム,503.8,2006.0,1999.0,1980.0
2016103634,ビッグインパクト,牡,山田徹,,タニノギムレット,1999100226,スマイルダンサー,2008106116,ワイルドラッシュ,000a0003a1,廣松光成,豊洋牧場,502.9,1999.0,2008.0,1994.0
2016101890,ビックバンアイ,牝,矢内博,,トーセンジョーダン,2006103169,イニシエノウタ,2009100358,キングカメハメハ,2001103460,石井智,高村牧場,502.7,2006.0,2009.0,2001.0
2016106373,ボンマリアージュ,牝,安部幸夫,,ヴィクトワールピサ,2007102923,マリアージュ,2005101067,ブライアンズタイム,000a000082,今中俊平,矢野牧場,501.0,2007.0,2005.0,1985.0
2016100355,エクスターミネート,牡,石本孝博,,エスポワールシチー,2005102837,シールビーバック,2002102062,フジキセキ,1992109618,谷謙介,隆栄牧場,500.7,2005.0,2002.0,1992.0
2016102616,スマイルヴィオラ,牝,九日俊光,,メイショウボーラー,2001100650,スウィープイン,2007102256,Sky Mesa,000a010a66,松野真一,ヒダカファーム,500.6,2001.0,2007.0,2000.0
2016104540,チャーチスクエア,牝,田中道夫,,ロードカナロア,2008103552,チャーチクワイア,2009106411,ネオユニヴァース,2000101426,（同）ＪＰＮ技研,ノーザンファーム,500.4,2008.0,2009.0,2000.0
2016100136,タナロア,牡,竹下太,,ロードカナロア,2008103552,パイシーズ,2008104319,フジキセキ,1992109618,田口順子,オリエント牧場,500.3,2008.0,2008.0,1992.0
2016105521,ルッキングフライ,牡,桜井今朝,,アイルハヴアナザー,000a011ed3,ヘレナモルフォ,2009102309,ジャングルポケット,1998101786,尼崎信,岡田スタッド,500.2,2009.0,2009.0,1998.0
2016110146,タイガーキット,牡,佐々木国,,Lucky Pulpit,000a012604,Kitra,000a013f4c,Woodman,000a001beb,手嶋美季,Budget Stable,500.0,2001.0,1998.0,1983.0
2016110050,スマートアルケミー,牡,笹田和秀,,Super Saver,000a012d51,Runway Model,000a013bce,Petionville,000a0021de,大川徹,Summer Wind Equine,500.0,2007.0,2002.0,1992.0
2016110020,チャリオット,牝,松下武士,,Dark Angel,000a0122b4,You've Got It,000a01395c,Sea The Stars,000a011c78,ラ・メール,La Mere Co. Ltd,500.0,2005.0,2011.0,2006.0
2016106371,ライデンシャフト,牝,池上昌和,,ノヴェリスト,000a012230,プレザントブリーズ,2006101667,マンハッタンカフェ,1998101554,ヒダカ・ブリーダーズ・ユニオン,矢野牧場,500.0,2009.0,2006.0,1998.0
2016106203,アルームスクレト,牡,高橋康之,,トーセンホマレボシ,2009106092,ブラストスイフト,2006101238,コマンダーインチーフ,000a0000b0,鈴木康弘,福岡駿弥,500.0,2009.0,2006.0,1990.0
2016106137,アロゴ,牝,武幸四郎,,ジャスタウェイ,2009106461,ムーランルージュ,2002105063,クロコルージュ,000a0000bf,ＫＴレーシング,野坂牧場,500.0,2009.0,2002.0,1995.0
2016105301,ジェンメオ,牝,西村真幸,,ディープブリランテ,2009105084,レンドフェリーチェ,2000101449,Cozzene,000a001bda,社台レースホース,社台ファーム,500.0,2009.0,2000.0,1980.0
2016105131,シュバルツバルト,セ,大和田成,,ブラックタイド,2001103312,ドライアッド,1997103421,トニービン,1983109006,村野康司,社台ファーム,500.0,2001.0,1997.0,1983.0
2016105010,ゴットパシオン,牝,武英智,,オルフェーヴル,2008102636,ココナッツパルム,2006102931,フレンチデピュティ,000a00013a,後藤進,社台ファーム,500.0,2008.0,2006.0,1992.0
2016104584,パシフィスタ,セ,中川公成,,マンハッタンカフェ,1998101554,ピューリティー,000a0111c9,パントレセレブル,000a000271,キャロットファーム,ノーザンファーム,500.0,1998.0,2003.0,1994.0
2016104244,マルーンベルズ,牝,萩原清,,ヴィクトワールピサ,2007102923,アスペンアベニュー,2006102758,トワイニング,000a000006,社台レースホース,追分ファーム,500.0,2007.0,2006.0,1991.0
2016103925,グランデメッシ,牡,畠山吉宏,,セイントアレックス,2007110008,ビューティサフラン,2009102025,ローエングリン,1999106738,グランデオーナーズ,高橋啓,500.0,2007.0,2009.0,1999.0
2016103243,テイエムアカリオー,牡,石栗龍彦,,ケープブランコ,000a011b06,ケイエスアカリ,2001106354,フジキセキ,1992109618,竹園正繼,高柳隆男,500.0,2007.0,2001.0,1992.0
2016103071,サトノアイビス,牝,橋口慎介,,Bodemeister,000a0124d5,ジェニサ,000a012f0e,Storm Cat,000a001a98,サトミホースカンパニー,下河辺牧場,500.0,2009.0,2007.0,1983.0
2016103001,ウォータービジョン,牝,田所秀孝,,カジノドライヴ,2005110112,プロポーズギフト,2008105605,アグネスタキオン,1998101516,山岡正人,佐々木康治,500.0,2005.0,2008.0,1998.0
2016102811,ナムラオッケー,牝,五十嵐忠,,ヨハネスブルグ,000a0103b9,ナムラミーティア,2006103888,サクラバクシンオー,1989108341,奈村睦弘,いとう牧場,500.0,1999.0,2006.0,1989.0
2016101719,マルブツメロディー,牝,加用正,,シンボリクリスエス,1999110099,アルブスメロディー,2011105622,ゴールドアリュール,1999106689,大澤利久,岡本牧場,500.0,1999.0,2011.0,1999.0
2016101580,スカイポート,牝,栗田泰昌,,メイショウボーラー,2001100650,アロットオブラブ,2003110082,Grand Slam,000a0022b9,富士ファーム,富田恭司,500.0,2001.0,2003.0,1995.0
2016101460,マイキューティー,牝,斎藤誠,,ブラックタイド,2001103312,スギノキューティー,1995108902,Majestic Light,000a00167b,杉山忠国,明治牧場,500.0,2001.0,1995.0,1973.0
2016101347,モダンテイスト,牝,尾形和幸,,ルーラーシップ,2007103143,ビューティテイスト,1998102377,ダンスインザダーク,1993109188,岡田牧雄,広田牧場,500.0,2007.0,1998.0,1993.0
2016100922,ストレルカ,牡,森田直行,,ヘニーヒューズ,000a011155,メリュジーヌ,2006105026,フレンチデピュティ,000a00013a,前田幸治,村田牧場,500.0,2003.0,2006.0,1992.0
2016100607,キャリーオン,牡,河内洋,,タートルボウル,000a012045,スーリール,2011105082,スペシャルウィーク,1995103211,ノースヒルズ,ノースヒルズ,500.0,2002.0,2011.0,1995.0
2016100594,ユーフォニー,牝,角田晃一,,ダイワメジャー,2001103114,ヴォルドニュイ,2010110070,Sky Mesa,000a010a66,前田葉子,ノースヒルズ,500.0,2001.0,2010.0,2000.0
2016100322,ジーガーローレンス,牝,武市康男,,ヘニーヒューズ,000a011155,ジーガーウイング,2004100380,ウイングアロー,1995101039,ジーガー,須崎牧場,500.0,2003.0,2004.0,1995.0
2016105235,タイヨウノコマチ,牝,雑賀伸一,,ワークフォース,000a011a7f,マルカコマチ,1995108038,サンデーサイレンス,000a00033a,福田達也,社台ファーム,498.8,2007.0,1995.0,1986.0
2016102504,イサチルケイ,牝,平山宏秀,,アグネスデジタル,1997110025,パールイアリング,2009101170,スペシャルウィーク,1995103211,小坂功,大北牧場,498.7,1997.0,2009.0,1995.0
2016104606,ダブルクラッチ,牡,斎藤雄一,,トーセンジョーダン,2006103169,プルーフオブラヴ,2000101653,サンデーサイレンス,000a00033a,松谷翔太,新冠橋本牧場,498.5,2006.0,2000.0,1986.0
2016105608,イッキュウテーラー,牝,坂口義幸,,ベーカバド,000a011dc0,ピール,2008105094,マヤノトップガン,1992102988,谷謙介,カタオカステーブル,496.9,2007.0,2008.0,1992.0
2016100389,エスアンドアール,牡,中道啓二,,テイエムオペラオー,1996100292,テイエムナデシコ,2010105623,ゼンノロブロイ,2000101517,谷口貞保,タニグチ牧場,496.5,1996.0,2010.0,2000.0
2016106386,キシリトールチョコ,牡,藤田正治,,キングヘイロー,1995104427,サクラシンフォニー,2005100523,ワイルドラッシュ,000a0003a1,（株）ファーストビジ,山田牧場,496.3,1995.0,2005.0,1994.0
2016105884,オビワンズドーン,牡,八木仁,,ヤマニンセラフィム,1999104188,メジロアリエル,2005102028,サクラバクシンオー,1989108341,富士開発,高橋ファーム,495.2,1999.0,2005.0,1989.0
2016100254,フラワーズアート,牝,矢野久美,,マツリダゴッホ,2003104570,フラワーウィンド,2006103662,タニノギムレット,1999100226,三岡有香,コスモヴューファーム,495.1,2003.0,2006.0,1999.0
2016105725,グレイアンジェラ,牝,佐々木仁,,スマートボーイ,1995100385,ワカオカミ,2007100289,タニノギムレット,1999100226,（有）グランド牧場,グランド牧場,495.0,1995.0,2007.0,1999.0
2016105182,フェータルイヴ,牝,荒川義之,,ノヴェリスト,000a012230,フェータルローズ,2009105960,タニノギムレット,1999100226,兼松忠男,社台ファーム,495.0,2009.0,2009.0,1999.0
2016101942,ナインシュヴァハ,牝,橘友和,,グランプリボス,2008103388,ロサンジェラ,2005106195,Red Ransom,000a001c68,尾高正英,谷川牧場,494.4,2008.0,2005.0,1987.0
2016101874,カトリーヌレーヴ,牝,高橋道雄,,モンテロッソ,000a011b05,メイプルロード,2000107598,ジェニュイン,1992109450,今川文夫,成隆牧場,494.2,2007.0,2000.0,1992.0
2016101245,テンノウザン,牡,村上正和,,ローズキングダム,2007103404,ジョーディシラオキ,1997104065,オジジアン,000a00025e,長谷川清英,田中春美,494.0,2007.0,1997.0,1983.0
2016101401,ヴァヴェル,牡,高月賢一,,サウスヴィグラス,1996110138,リトルチュチュ,2006109089,Exceed And Excel,000a010a61,鈴木基容,前田ファーム,493.8,1996.0,2006.0,2000.0
2016101835,チョウビックリ,牡,織田誠,,ストーミングホーム,1998190003,レオフォーレンス,2001100334,フジキセキ,1992109618,丸山隆雄,江谷牧場,493.3,1998.0,2001.0,1992.0
2016106003,ミエノカムカム,牡,藤田輝信,,ゼンノロブロイ,2000101517,ドリームカムカム,1998104511,メジロライアン,1987105368,里見治,千代田牧場,493.0,2000.0,1998.0,1987.0
2016103095,サトノバリオス,牡,森沢友貴,,ディープインパクト,2002100816,ヒアトゥウィン,000a012504,Roi Normand,000a0123ec,里見治,下河辺牧場,491.6,2002.0,2006.0,1983.0
2016105790,ハローマイフレンド,牡,橘友和,,タイムパラドックス,1998101683,アドリアーネ,2009101623,アグネスデジタル,1997110025,石川秀守,サンコウ牧場,490.1,1998.0,2009.0,1997.0
2016101602,ヴィーヴァラモーヌ,牝,今津勝之,,ダンカーク,000a012185,リメンバーメジロ,2010103615,メジロベイリー,1998101457,芹澤精一,山口幸雄,490.1,2006.0,2010.0,1998.0
2016106310,カメリアテソーロ,牝,畠山吉宏,,ゴールドアリュール,1999106689,クイーンオブハルカ,2006105694,シングスピール,1992190005,了徳寺健二ホールディングス,前谷武志,490.0,1999.0,2006.0,1992.0
2016105969,ハミングデイズ,牝,福永敏,,ブラックタイド,2001103312,エイムアットビップ,2005100605,アグネスデジタル,1997110025,（株）リーディング,千代田牧場,490.0,2001.0,2005.0,1997.0
2016104996,アサクサアンデス,牡,山越光,,ロードカナロア,2008103552,クインリーグレイス,2007102756,スペシャルウィーク,1995103211,松谷翔太,社台ファーム,490.0,2008.0,2007.0,1995.0
2016102106,メイショウダンドウ,牡,新子雅司,,シニスターミニスター,000a011099,ラブミーダン,2008101714,マンハッタンカフェ,1998101554,松本好雄,林孝輝,489.7,2003.0,2008.0,1998.0
2016102004,ライワルツ,牝,松平幸秀,,ロードカナロア,2008103552,トーコーユズキ,2009106289,ディープインパクト,2002100816,森田藤治,辻牧場,489.0,2008.0,2009.0,2002.0
2016101892,キクノアーリー,牡,手島勝利,,クロフネ,1998110135,キクノハヤブサ,2003102231,サクラバクシンオー,1989108341,小部嘉彦,高村牧場,488.7,1998.0,2003.0,1989.0
2016101806,ゲッテルフンケン,牝,内田勝義,,ストロングリターン,2006102934,トーワフォーチュン,2003100711,エンドスウィープ,000a00010f,（株）ＭＭＣ,木村牧場,488.5,2006.0,2003.0,1991.0
2016100563,カズノマックイーン,牡,納谷和玖,,ディープブリランテ,2009105084,ロックフェアレディ,2008104765,ロックオブジブラルタル,000a00fd4c,鈴木可一,新冠橋本牧場,488.4,2009.0,2008.0,1999.0
2016102468,ハクサンナデシコ,牝,森始,,シルポート,2005109202,ウインク,2005106043,ミラクルアドマイヤ,1995107939,河崎五市,鮫川啓一,488.0,2005.0,2005.0,1995.0
2016103209,リュウノポップス,牡,齊藤敏,,タートルボウル,000a012045,ムーンダンサー,2001103109,サンデーサイレンス,000a00033a,蓑島竜一,シンボリ牧場,486.5,2002.0,2001.0,1986.0
2016101256,オオウサンミャク,牝,渡部則夫,,スマートファルコン,2005100097,スタートウショウ,2002104955,スキャターザゴールド,000a000d99,大久保和夫,土田和男,486.5,2005.0,2002.0,1997.0
2016100542,トキノブルース,牡,手島勝利,,ダンカーク,000a012185,エメラルドチャーム,2009104964,フジキセキ,1992109618,南里義彦,新冠橋本牧場,486.0,2006.0,2009.0,1992.0
2016101731,タケマルビクトリー,牡,長倉功,,ローズキングダム,2007103404,バトルサンサシオン,1998103086,オジジアン,000a00025e,竹内勝之,帰山清貴,485.1,2007.0,1998.0,1983.0
2016101487,ハーツイーズ,牡,海馬沢司,,トビーズコーナー,000a011fed,ビバロングライフ,2003105842,コマンダーインチーフ,000a0000b0,神田成二,森政巳,485.0,2008.0,2003.0,1990.0
2016100376,ラブグラー,牝,柏原誠路,,エスポワールシチー,2005102837,ラブグランデー,2007103827,グランデラ,000a00fe3b,増田陽一,武田修一,485.0,2005.0,2007.0,1998.0
2016105917,サクラクリスタル,牝,土井道隆,,サクラオリオン,2002104686,サクラドルチェ,2005100447,タイキシャトル,1994109686,木稲安則,谷岡スタット,484.9,2002.0,2005.0,1994.0
2016103480,セイウンクロノス,牡,奥平雅士,,シニスターミニスター,000a011099,プリュムローズ,2009102855,マンハッタンカフェ,1998101554,西山茂行,野島牧場,483.6,2003.0,2009.0,1998.0
2016100403,クロヒメ,牝,田中譲二,,キングヘイロー,1995104427,オレンジアロマ,2002100707,コマンダーインチーフ,000a0000b0,（同）ＪＰＮ技研,大栄牧場,483.0,1995.0,2002.0,1990.0
2016106193,ダンストンレイール,牝,畠山信一,,ロードアルティマ,2000110026,セイザンアゲイン,1998104671,マルゼンスキー,000a0003bd,伊藤治子,原ファーム,482.1,2000.0,1998.0,1974.0
2016103328,アニマート,セ,桜田康二,,タニノギムレット,1999100226,チューブラーベルズ,000a0116e2,Kingmambo,000a001d7e,上手健太郎,ダーレー・ジャパン・ファーム,481.3,1999.0,2005.0,1990.0
2016104047,ヒナハナ,牝,徳本慶一,,トランセンド,2006104736,スペリオーレ,1997104834,ロイヤルアカデミーII,000a000d87,荒川三代子,ＷｉｎｇＦａｒｍ,480.6,2006.0,1997.0,1987.0
2016101677,ジャーネジャーネ,牝,小林俊彦,,ヴィクトワールピサ,2007102923,エーシンハーバー,2008110079,Cozzene,000a001bda,欠畑圭一,栄進牧場,480.5,2007.0,2008.0,1980.0
2016102153,フローズンナイト,牝,伊藤勝己,,ノヴェリスト,000a012230,エリモフィナーレ,2003103505,サンデーサイレンス,000a00033a,（株）ボンズ,三嶋牧場,480.4,2009.0,2003.0,1986.0
2016104530,ムニアイン,牡,和田雄二,,キングヘイロー,1995104427,ソムニア,2007103274,スペシャルウィーク,1995103211,吉田勝己,ノーザンファーム,480.0,1995.0,2007.0,1995.0
2016104455,スカーヴァティ,牝,伊藤強一,,ロードカナロア,2008103552,クッカーニャ,2009106254,フジキセキ,1992109618,（同）ＪＰＮ技研,ノーザンファーム,480.0,2008.0,2009.0,1992.0
2016102266,サイモンシャルール,牝,高馬元紘,,ジャングルポケット,1998101786,ティーケーキセキ,2006100191,フジキセキ,1992109618,松田和志,秋場牧場,480.0,1998.0,2006.0,1992.0
2016100529,タガノプリマベーラ,牝,池添学,,クロフネ,1998110135,トウシンヴィーナス,2010103857,ディープインパクト,2002100816,八木良司,新冠タガノファーム,480.0,1998.0,2010.0,2002.0
2016102211,セクシオンドール,牝,阿井正雄,,ゴールドアリュール,1999106689,タムロイーネー,2001100237,ジョリーズヘイロー,000a0001aa,ＫＡＪＩＭＯＴＯホールディングス,宮内牧場,479.8,1999.0,2001.0,1987.0
2016103865,ヴェネレ,牝,井上弘之,,レッドスパーダ,2006105511,スズカクエーサー,2008106303,ジャングルポケット,1998101786,豊島愛子,赤石牧場,479.0,2006.0,2008.0,1998.0
2016103934,アストレアウイング,牝,山田信大,,サムライハート,2002100996,ミキ,2004106565,コマンダーインチーフ,000a0000b0,大高政一,中田牧場,478.0,2002.0,2004.0,1990.0
2016102563,シゲルリシアキセキ,牝,高本友芳,,ケイムホーム,000a0108d1,シゲルスペラーレ,2005103321,フォーティナイナー,000a000134,橋本政信,中村雅明,477.2,1999.0,2005.0,1985.0
2016103982,ヤマノタンキー,セ,野田忍,,ジャングルポケット,1998101786,クローデル,2010100667,ストーミングホーム,1998190003,田上雅春,びらとり牧場,476.5,1998.0,2010.0,1998.0
2016103522,キョウエイメサイア,牝,藤田正治,,ショウナンカンプ,1998102595,ビアンコ,2000102652,ウォーニング,000a000843,大黒富美子,春木ファーム,476.5,1998.0,2000.0,1985.0
2016101800,ナムラシンゲキ,牡,久保田信,,トゥザグローリー,2007103265,カイテキセレブ,2004103930,ティンバーカントリー,000a00035e,豊島愛子,木村牧場,476.0,2007.0,2004.0,1992.0
2016104602,インディゴブルー,牝,松下武士,,ロードカナロア,2008103552,ブルーダイアモンド,2011103847,ディープインパクト,2002100816,近藤英子,ノーザンファーム,475.0,2008.0,2011.0,2002.0
2016103401,ケイティクラウン,セ,保利良平,,タイキシャトル,1994109686,プリンセスプライド,2009102791,マンハッタンカフェ,1998101554,瀧本和義,中館牧場,475.0,1994.0,2009.0,1998.0
2016101905,キックザキャリバー,牡,栗田裕光,,サダムパテック,2008102652,プロミスウェル,2006101930,シンボリクリスエス,1999110099,佐野幸一郎,田中スタッド,475.0,2008.0,2006.0,1999.0
2016103653,ミフリマ,牝,尾林幸二,,ワークフォース,000a011a7f,サララ,2002106746,アドマイヤベガ,1996107396,高瀬真尚,本間牧場,474.9,2007.0,2002.0,1996.0
2016105603,プリンセスリアン,牝,佐々木忠,,ネオヴァンドーム,2007102913,リアンローズ,2008104647,スターリングローズ,1997106560,北原大史,織田正敏,474.5,2007.0,2008.0,1997.0
2016109087,スパーダネーラ,セ,加藤幸保,,スクワートルスクワート,000a000da4,クサナギノツルギ,2007102814,デュランダル,1999106756,佐久間拓士,ラークヒルズ,474.0,1998.0,2007.0,1999.0
2016104161,アースストロング,牡,市村誠,,ストロングリターン,2006102934,ファニーママ,2006102546,ロサード,1996107429,松山増男,習志野牧場,474.0,2006.0,2006.0,1996.0
2016103646,ハイカラコマチ,牝,山田徹,,カネヒキリ,2002100978,アイビー,2006106071,サクラバクシンオー,1989108341,太田雅貴,本間牧場,473.6,2002.0,2006.0,1989.0
2016100236,ストロングカラーズ,牡,宗形竹見,,ストロングリターン,2006102934,コスモカラーズ,2006103799,クロフネ,1998110135,鈴木芳夫,コスモヴューファーム,473.5,2006.0,2006.0,1998.0
2016102339,クレスコマリン,牝,玉垣光章,,クレスコグランド,2008103013,ピンクトルマリン,2006110137,Fusaichi Pegasus,000a0022cf,堀川三郎,笠松牧場,473.4,2008.0,2006.0,1997.0
2016101317,ポアンカレ,牡,水野善太,,サムライハート,2002100996,ホッジポッジ,2002103459,ラムタラ,000a0001d4,戸部昌洋,信田牧場,472.3,2002.0,2002.0,1992.0
2016100953,スペロラルーチェ,牝,山田義人,,エスポワールシチー,2005102837,アエノアビリティー,2011102966,ヨハネスブルグ,000a0103b9,近藤一生,八木明広,472.0,2005.0,2011.0,1999.0
2016100383,テイエムダイリン,牝,五十嵐忠,,ディープブリランテ,2009105084,エリモインプレス,2003103506,エルコンドルパサー,1995108742,竹園正繼,タニグチ牧場,472.0,2009.0,2003.0,1995.0
2016102469,フェイクファー,牝,林正人,,スクリーンヒーロー,2004103328,オリヒメチャーム,2005102334,ジャングルポケット,1998101786,西森功,鮫川啓一,471.7,2004.0,2005.0,1998.0
2016100251,ウインバラーディア,牡,矢野久美,,ストロングリターン,2006102934,バラードソング,2008102892,ハーツクライ,2001103038,矢野龍一,コスモヴューファーム,470.4,2006.0,2008.0,2001.0
2016103142,ビディー,牝,中川竜馬,,エンパイアメーカー,000a010542,シーズガレット,2008101892,アグネスフライト,1997103400,三岡陽,庄野牧場,470.2,2000.0,2008.0,1997.0
2016105765,アッシュドール,牡,勢司和浩,,ルーラーシップ,2007103143,シルクプリズム,2004104419,アグネスタキオン,1998101516,西浩明,桜井牧場,470.0,2007.0,2004.0,1998.0
2016102799,ジャスタクイーン,牝,頼本盛行,,ジャスタウェイ,2009106461,マイネレーヌ,2006105175,マイネルラヴ,1995108558,大黒富美子,荒井ファーム,469.7,2009.0,2006.0,1995.0
2016101813,ファーストステップ,牡,須田和伸,,サウスヴィグラス,1996110138,シーソング,2004101905,コマンダーインチーフ,000a0000b0,フジワラ・ファーム,金成吉田牧場,469.5,1996.0,2004.0,1990.0
2016101334,ニシノビアンカ,牝,杉浦宏昭,,クロフネ,1998110135,リンガフランカ,2002100938,サンデーサイレンス,000a00033a,西山茂行,ヒサイファーム,469.0,1998.0,2002.0,1986.0
2016100268,ジョウショーパール,牝,雑賀伸一,,アッミラーレ,1997100569,ジョウショークイン,2002104358,ディアブロ,000a0000e9,熊田義孝,五丸農場,468.9,1997.0,2002.0,1987.0
2016105494,マロンクルール,牝,中川竜馬,,ナカヤマフェスタ,2006102424,タニノジュレップ,2005100234,コロナドズクエスト,000a0000b5,吉橋英隆,岡田スタッド,468.7,2006.0,2005.0,1995.0
2016100957,ビナゼウス,牡,加藤和宏,,ローズキングダム,2007103404,ビナムーン,2009102553,グラスワンダー,1995108676,栗東総合産業（株）,八木明広,468.2,2007.0,2009.0,1995.0
2016103184,ヒダカジェンヌ,牝,田辺陽一,,タイムパラドックス,1998101683,ミスヨナ,2008105671,ティンバーカントリー,000a00035e,アークフロンティア,新生ファーム,468.0,1998.0,2008.0,1992.0
2016106478,エイシンコロンビア,牝,渡瀬寛彰,,タニノギムレット,1999100226,エーシンコンファー,2005110022,Dynaformer,000a001dd9,平井克彦,栄進牧場,466.5,1999.0,2005.0,1985.0
2016104308,サイモンオーキッド,牝,松田国英,,タートルボウル,000a012045,パラダイスイズヒア,2005102175,サクラバクシンオー,1989108341,澤田昭紀,社台コーポレーション白老ファーム,466.0,2002.0,2005.0,1989.0
2016103966,ビービージェンマ,牝,国沢輝幸,,ビービーガルダン,2004106583,タガタメ,2004106355,ディアブロ,000a0000e9,吉田紘子,坂東牧場,465.2,2004.0,2004.0,1987.0
2016100462,モリデンスケサン,牡,東美義,,サムライハート,2002100996,ヒラリータイザン,2008100798,ワイルドラッシュ,000a0003a1,小橋亮太,トモファーム,465.1,2002.0,2008.0,1994.0
2016104323,オレンジジェム,牝,蛯名雄太,,ゴールドアリュール,1999106689,ミリアム,2006102735,キングカメハメハ,2001103460,吉田正志,追分ファーム,465.0,1999.0,2006.0,2001.0
2016101172,ファイナライズ,牝,吉岡辰弥,,ロードカナロア,2008103552,ワイルドココ,000a012d45,Shirocco,000a010db9,ロードホースクラブ,ケイアイファーム,465.0,2008.0,2008.0,2001.0
2016103442,ニシノバモス,牡,井樋明正,,ノヴェリスト,000a012230,ニシノテキーラ,2008102473,マンハッタンカフェ,1998101554,冨田藤男,村上欽哉,464.6,2009.0,2008.0,1998.0
2016101657,ワンライン,牝,佐藤敏彦,,エイシンデピュティ,2002102706,エイシンモルト,2011101527,ハーツクライ,2001103038,静内白井牧場,栄進牧場,464.1,2002.0,2011.0,2001.0
2016105762,メドック,牡,藤ヶ崎一,,ジャスタウェイ,2009106461,エステフ,000a01251e,Sadler's Wells,000a00185d,伊藤彰敏,桜井牧場,463.0,2009.0,2006.0,1981.0
2016103015,ジュムスヴィアン,牡,香取和孝,,サクラオリオン,2002104686,ハーミア,2007105461,フィガロ,1995108837,酒井孝敏,サンシャイン牧場,463.0,2002.0,2007.0,1995.0
2016103392,コンバットミニスタ,牝,三野宮通,,シニスターミニスター,000a011099,コンバットアマゾン,2009102764,ダンスインザダーク,1993109188,（株）アプエンテ,中川欽一,462.8,2003.0,2009.0,1993.0
2016105241,アウティミアー,牝,伊藤勝好,,ネオユニヴァース,2000101426,マンデーデライト,1997103422,リアルシャダイ,000a0002a6,（有）ホースケア,社台ファーム,462.7,2000.0,1997.0,1979.0
2016100179,スフォルツアート,牡,高月賢一,,フリオーソ,2004106867,ハピネスミユキ,2006103560,シンボリクリスエス,1999110099,山口裕介,川越省蔵,460.5,2004.0,2006.0,1999.0
2016106303,フレッシュスマイル,牝,内田勝義,,サウスヴィグラス,1996110138,フレッシュバニラ,2003110180,Grand Slam,000a0022b9,松本朋治,真歌田中牧場,460.0,1996.0,2003.0,1995.0
2016105059,ショウナンタイヨウ,牡,矢野英一,,マンハッタンカフェ,1998101554,ジャカランダテラス,2007110126,Redoute's Choice,000a00fe93,国本哲秀,社台コーポレーション白老ファーム,460.0,1998.0,2007.0,1996.0
2016104504,シーザスターライト,牝,月岡健二,,スウェプトオーヴァーボード,000a00fa34,シーザムーンライト,2011104085,ゴールドアリュール,1999106689,吉田勝己,坂東牧場,460.0,1997.0,2011.0,1999.0
2016101341,ジョーカリン,牝,伊藤勝己,,アルデバランII,000a010541,ジョーアカリン,2008103799,タニノギムレット,1999100226,（同）ＪＰＮ技研,平野牧場,459.5,1998.0,2008.0,1999.0
2016101581,エイユーラトゥール,牡,石橋満,,ジャングルポケット,1998101786,エイユーモモチャン,2010100501,サクラバクシンオー,1989108341,笹部義則,富田恭司,459.0,1998.0,2010.0,1989.0
2016103694,グラスプレジャー,牡,竹下太,,シニスターミニスター,000a011099,グラスケリー,2011103839,ジャングルポケット,1998101786,太田全哉,メイプルファーム,458.8,2003.0,2011.0,1998.0
2016104015,ヴァージンスマイル,牝,小牧毅,,スウィフトカレント,2001103189,フランボアーズ,2007102019,コマンダーインチーフ,000a0000b0,小川勲,高橋正三,458.6,2001.0,2007.0,1990.0
2016100867,カメットテソーロ,牡,渡部則夫,,ストロングリターン,2006102934,メイクアミラクル,2009105296,ファスリエフ,000a00fc4c,佐藤堅一,村上欽哉,458.4,2006.0,2009.0,1997.0
2016106524,ケイティーウスイ,牡,柘榴浩樹,,キングズベスト,000a0022d2,エメラルコヨーテ,2010102123,ネオユニヴァース,2000101426,（株）竹之内工務店,ＷｉｎｇＦａｒｍ,457.0,1997.0,2010.0,2000.0
2016101697,エイシンソプラノ,牝,榎屋充,,Worthadd,000a012f1c,マラジニア,000a012f92,Whipper,000a0114a6,シグラップ・マネジメ,栄進牧場,456.2,2007.0,2008.0,2001.0
2016104790,ラバーブ,牝,村上実,,ノヴェリスト,000a012230,ゼマティス,2008110012,ゼンノロブロイ,2000101517,千葉浩,ノーザンファーム,454.9,2009.0,2008.0,2000.0
2016100446,フセノピュア,牝,盛本信春,,シニスターミニスター,000a011099,キモングリーン,2008104679,キングカメハメハ,2001103460,池田守,飛渡牧場,454.2,2003.0,2008.0,2001.0
2016105580,ティーフルムーン,牝,池田孝,,バゴ,2001190004,マノアラニ,2010103025,アグネスタキオン,1998101516,遠山淳,岡田牧場,453.5,2001.0,2010.0,1998.0
2016104007,ウィナーズヒロイン,牝,南弘樹,,マルカシェンク,2003102542,ウィナーズキャロル,2000107147,ディアブロ,000a0000e9,山口明彦,山口明彦,453.2,2003.0,2000.0,1987.0
2016102031,メイショウワカタケ,牡,松島壽,,ロードカナロア,2008103552,ミスキ,000a00fafe,Miswaki,000a0017b0,大黒富美子,富田牧場,452.8,2008.0,1999.0,1978.0
2016103191,リュウグウオー,牡,瀬戸幸一,,オルフェーヴル,2008102636,グッドカルマ,000a01280b,Tobougg,000a00fea3,深澤朝房,シンボリ牧場,452.6,2008.0,2008.0,1998.0
2016102134,スマートブランコ,牝,石川栄,,ケープブランコ,000a011b06,スマートシャワー,2005106427,アグネスタキオン,1998101516,後藤順男,松田牧場,452.3,2007.0,2005.0,1998.0
2016104457,クラーベビクトリア,牝,川島正一,,ヴァーミリアン,2002100877,クラーベセクレタ,2008103178,ワイルドラッシュ,000a0003a1,吉田勝己,ノーザンファーム,451.5,2002.0,2008.0,1994.0
2016102899,バトルメダリスト,牡,国沢利照,,ハービンジャー,000a011996,ユキノハボタン,2005102966,バブルガムフェロー,1993109219,小谷昌吾,川端正博,451.5,2006.0,2005.0,1993.0
2016106484,エイシンオンタイム,牝,宮川浩一,,ショウナンカンプ,1998102595,エーシンブルバード,2009100226,オレハマッテルゼ,2000101550,三岡有香,栄進牧場,451.1,1998.0,2009.0,2000.0
2016101705,ゴールデンヘイロー,牡,保利良平,,キングヘイロー,1995104427,ヤマカツセイレーン,2007101469,グラスワンダー,1995108676,落畑健,大西ファーム,450.5,1995.0,2007.0,1995.0
2016101468,ウィードソウル,牡,今津勝之,,ヴィクトワールピサ,2007102923,ブライアンズビット,2002101570,ブライアンズタイム,000a000082,小出水正男,明治牧場,450.2,2007.0,2002.0,1985.0
2016105249,サトノマーキス,牡,川島正一,,マンハッタンカフェ,1998101554,ミセススノー,000a0117c7,シングスピール,1992190005,里見治,社台コーポレーション白老ファーム,450.0,1998.0,2003.0,1992.0
2016105961,リックシンパ,牡,森山英雄,,オンファイア,2003102809,フサイチミラクル,2001110256,Sadler's Wells,000a00185d,山邉浩,大典牧場,449.8,2003.0,2001.0,1981.0
2016102378,スカイノブランチ,牝,茂崎正善,,ディープブリランテ,2009105084,ショウナンワヒネ,2009101058,シンボリクリスエス,1999110099,江川星,桑田牧場,449.7,2009.0,2009.0,1999.0
2016100076,スティールジェンヌ,牝,佐々木仁,,アポロキングダム,2003110139,チョウノヨウニマイ,2004110218,Broad Brush,000a001e93,菅野守雄,石郷岡雅樹,449.6,2003.0,2004.0,1983.0
2016104332,フェデルタ,牡,宗形竹見,,ゴールドアリュール,1999106689,リリアーレ,2006102737,キングカメハメハ,2001103460,吉田正志,追分ファーム,449.5,1999.0,2006.0,2001.0
2016102526,クラウドナイン,牡,小林義明,,ディープインパクト,2002100816,リアライズキボンヌ,2009102415,アフリート,000a000013,組）リノレーシング,高松牧場,449.5,2002.0,2009.0,1984.0
2016104236,ララフォーナ,牝,飯田弘道,,ヴィクトワールピサ,2007102923,メジロフォーナ,2005102029,ナリタトップロード,1996102442,高木慎一,レイクヴィラファーム,449.3,2007.0,2005.0,1996.0
2016105587,パッションクイン,牝,工藤裕孝,,フリオーソ,2004106867,サンレイククイン,1996104650,Cozzene,000a001bda,大岩和也,岡野牧場,448.5,2004.0,1996.0,1980.0
2016106522,ジュンカムイ,牡,的場直之,,フリオーソ,2004106867,プリンセスエイブル,1995105263,ジェイドロバリー,000a0001a7,河合純二,川上牧場,448.0,2004.0,1995.0,1987.0
2016100484,キーフェイス,牝,竹下太,,エスポワールシチー,2005102837,キーレター,2003104182,リンドシェーバー,1988107894,中島俊房,中本牧場,447.9,2005.0,2003.0,1988.0
2016100063,ショウナンサンキュ,セ,山崎尋美,,ヘニーヒューズ,000a011155,ショウナンアゼリア,2009102684,Authorized,000a01139f,国本好子,アラキファーム,447.2,2003.0,2009.0,2004.0
2016104282,ベルフォルテ,牡,鷹見浩,,ルーラーシップ,2007103143,ソルダテッサ,2010104512,フレンチデピュティ,000a00013a,吉田勝利,追分ファーム,446.8,2007.0,2010.0,1992.0
2016102623,カフジマーキュリー,牡,加藤和宏,,ディープブリランテ,2009105084,ラブリーバローズ,2002104103,キングヘイロー,1995104427,（株）ファーストビジ,ヒダカファーム,446.3,2009.0,2002.0,1995.0
2016110071,エスカレードフジ,牡,藤ヶ崎一,,ノーブルミッション,000a0126a3,Seal of Approval,000a013cb0,Vindication,000a010544,片岡信賢,Bugle Hill Farm LLC,446.2,2009.0,2006.0,2000.0
2016102757,ミナノキング,牡,桜田浩樹,,ギンザグリングラス,2005106327,キョウエイプレアー,2007106581,バチアー,000a00004b,蔵内優子,旭牧場,445.2,2005.0,2007.0,1997.0
2016101599,ペイシャニンフ,牝,国沢輝幸,,ストロングリターン,2006102934,ニンフェッタ,2007101737,タイキシャトル,1994109686,神岡賢太郎,林時春,445.0,2006.0,2007.0,1994.0
2016105817,フォワードプッシュ,牡,工藤裕孝,,キングヘイロー,1995104427,ダイアモンドタヤス,2005102306,タヤスツヨシ,1992109612,鈴木正浩,静内フジカワ牧場,444.5,1995.0,2005.0,1992.0
2016103530,ラインシャーロット,牝,赤嶺本浩,,シンボリクリスエス,1999110099,アドマイヤエバート,2008103358,ディープインパクト,2002100816,（株）ファーストビジ,日高大洋牧場,444.5,1999.0,2008.0,2002.0
2016105193,ファイヤーアラーム,牝,山崎尋美,,アサクサキングス,2004103163,ブッシュファイヤー,000a011168,Louis Quatorze,000a002275,吉田照哉,社台ファーム,444.4,2004.0,2003.0,1993.0
2016104041,フォレストプリンス,牡,森下淳平,,タイムパラドックス,1998101683,メテオロン,2009101754,クロフネ,1998110135,国田正忠,大作ステーブル,444.0,1998.0,2009.0,1998.0
2016100684,ビーサプライズド,牝,中野博,,トーセンホマレボシ,2009106092,クールベット,2002103478,キングヘイロー,1995104427,（同）ＪＰＮ技研,ビッグレッドファーム,443.6,2009.0,2002.0,1995.0
2016105692,プリモパンサー,牝,佐々木仁,,ゴールドアリュール,1999106689,ハヤブサエミネンス,2007110009,Medaglia d'Oro,000a010a65,グランド牧場,グランド牧場,443.0,1999.0,2007.0,1999.0
2016103971,ビービーソウル,牡,小国博行,,ビービーガルダン,2004106583,ビービーラッハーン,2007105622,シンボリクリスエス,1999110099,小池啓補,坂東牧場,442.0,2004.0,2007.0,1999.0
2016110100,スカーレットベガ,牝,荒巻透,,Lope de Vega,000a012919,Scarlet Belle,000a013d2f,Sir Percy,000a01220e,稲葉光昭,Eimear Mulhern & Maureen Haughey,441.8,2007.0,2009.0,2003.0
2016103970,ビービーアライヴ,牝,栗田和昌,,アイルハヴアナザー,000a011ed3,ビービーゲラン,2011100410,アドマイヤムーン,2003102991,（同）ＪＰＮ技研,坂東牧場,441.3,2009.0,2011.0,2003.0
2016103058,プラチナソニック,牡,佐々木洋,,ブラックタイド,2001103312,サイズミックレディ,2008105573,サクラバクシンオー,1989108341,瀬戸竜男,下河辺牧場,440.5,2001.0,2008.0,1989.0
2016103310,サンデースクール,牝,小島茂之,,ハービンジャー,000a011996,サンデーミューズ,2007105711,アルカセット,2000190010,ゴドルフィン,ダーレー・ジャパン・ファーム,440.0,2006.0,2007.0,2000.0
2016100686,ヘヴンリーウインド,牝,西園正都,,ダイワメジャー,2001103114,グリントインハーアイ,000a010a05,アラジ,000a00003b,サラブレッドクラブ・ラフィアン,ビッグレッドファーム,440.0,2001.0,1996.0,1989.0
2016101082,クールリアル,牡,保利幸作,,キングズベスト,000a0022d2,ビクトリアメーク,2002106181,ラストタイクーン,000a0001d6,川上哲司,沖田博志,439.8,1997.0,2002.0,1983.0
2016100100,エムチャン,牝,凾館一昭,,アドマイヤムーン,2003102991,リーフィーウッド,2002100681,ホワイトマズル,1990109700,山内正孝,イワミ牧場,438.5,2003.0,2002.0,1990.0
2016100772,ゴールドライフ,牝,石橋満,,タイムパラドックス,1998101683,ミヤマリンドウ,2003100787,ニューイングランド,1997105461,佐藤言夫,北勝ファーム,437.0,1998.0,2003.0,1997.0
2016101247,ヤマトタケル,牡,小林義明,,フリオーソ,2004106867,トチノスカーレット,2010101431,サムライハート,2002100996,阿部東亜子,田中春美,436.7,2004.0,2010.0,2002.0
2016106135,リュウノロック,牡,齊藤敏,,エイシンフラッシュ,2007102951,ヘイハニー,2006105707,Cherokee Run,000a00214a,蓑島竜一,野坂牧場,436.6,2007.0,2006.0,1990.0
2016103935,ペイシャエスティマ,牝,伊藤勝己,,パイロ,000a01176a,エスティメーション,2001103406,エンドスウィープ,000a00010f,田井信之,二風谷ファーム,436.1,2005.0,2001.0,1991.0
2016100369,マックスブロケイド,牝,笹田和秀,,トーセンホマレボシ,2009106092,ロマンスアンダルザ,2007110105,Barathea,000a000054,田所英子,高橋忍,435.7,2009.0,2007.0,1990.0
2016103994,ジャングリオン,牡,新子雅司,,スマートファルコン,2005100097,ビヨンドマイリーチ,2006102087,ワイルドラッシュ,000a0003a1,幅田昌伸,船越伸也,435.0,2005.0,2006.0,1994.0
2016102813,ゴールドプラネット,牝,矢内博,,ケープブランコ,000a011b06,ビウイッチアス,2009102183,ダイワメジャー,2001103114,居城寿与,いとう牧場,435.0,2007.0,2009.0,2001.0
2016100980,ムーンヴィグラス,牡,土井道隆,,サウスヴィグラス,1996110138,コトノハ,2003100948,フジキセキ,1992109618,木稲安則,芳住鉄兵,434.8,1996.0,2003.0,1992.0
2016102477,ヤマトフェニックス,牝,山田質,,スマートファルコン,2005100097,タカミツグリーン,2008102096,タニノギムレット,1999100226,（有）巽興商,鮫川啓一,434.0,2005.0,2008.0,1999.0
2016103025,シナリオライン,牡,渡瀬寛彰,,シンボリクリスエス,1999110099,ジョウノローズ,2011100287,キングカメハメハ,2001103460,鳳山信年,三城ボクジョウ,433.8,1999.0,2011.0,2001.0
2016101539,ロードソレイユ,牡,秋田大助,,プリサイスエンド,000a00fe9b,ゴールドアイ,2005106408,ゴールドアリュール,1999106689,北原大史,様似堀牧場,433.7,1997.0,2005.0,1999.0
2016101375,ロケラニセブン,牝,池田孝,,ストロングリターン,2006102934,ニシノプロミネンス,1998101176,ブライアンズタイム,000a000082,ＭＭＣ,本桐牧場,433.3,2006.0,1998.0,1985.0
2016105214,ランドスケープ,牝,渡邊貴光,,ジャスタウェイ,2009106461,ベストロケーション,2005102308,クロフネ,1998110135,社台レースホース,社台ファーム,433.2,2009.0,2005.0,1998.0
2016106009,ボニーソックス,牝,川西毅,,ルーラーシップ,2007103143,ピサノバーキン,2001104260,サンデーサイレンス,000a00033a,寺田心平,千代田牧場,433.1,2007.0,2001.0,1986.0
2016106364,オーキッドテソーロ,牝,渡瀬寛彰,,ディープインパクト,2002100816,シスタリーラヴ,000a012955,Bellamy Road,000a011cf9,了徳寺健二ホールディングス,矢野牧場,432.6,2002.0,2008.0,2002.0
2016105419,ベストパートナー,牝,森下淳平,,ヘニーヒューズ,000a011155,ニジノムコウ,2005110160,Flatter,000a010d05,櫻井盛夫,石川牧場,432.0,2003.0,2005.0,1999.0
2016105698,マリーンワン,牝,角川秀樹,,サウスヴィグラス,1996110138,ファーストレディ,2008100289,スマートボーイ,1995100385,安中公成,グランド牧場,431.9,1996.0,2008.0,1995.0
2016104619,ブルースハイウェイ,牝,辻野豊,,スマートファルコン,2005100097,ポップチャート,2003102988,アフリート,000a000013,吉田和美,ノーザンファーム,430.5,2005.0,2003.0,1984.0
2016104164,フィッシュダイブ,牡,松山将樹,,ジャングルポケット,1998101786,ダンシングマオ,2007102734,ゴールドアリュール,1999106689,山口裕介,登別上水牧場,430.0,1998.0,2007.0,1999.0
2016100291,ワークアンドリッチ,牡,宇野木博,,パイロ,000a01176a,マヤリッシュ,2008104576,イーグルカフェ,1997110118,中村立夫,佐藤牧場,430.0,2005.0,2008.0,1997.0
2016103446,ニシノヴォーカル,牡,三野宮通,,バゴ,2001190004,ニシノフェイム,2008104129,ディープインパクト,2002100816,安藤浩也,本桐牧場,429.5,2001.0,2008.0,2002.0
2016105739,リッカウィンドウ,牝,東眞市,,リッカバクシンオ,2002107441,リッカレイクブルー,2004102137,メイショウオウドウ,1995101767,立花幸雄,酒井亨,428.6,2002.0,2004.0,1995.0
2016100230,リアルフェイス,牝,嶋田幸晴,,トーセンホマレボシ,2009106092,アオバコリン,1999106425,カコイーシーズ,1986109001,三岡陽,コスモヴューファーム,427.5,2009.0,1999.0,1986.0
2016101500,ケントホープ,牡,竹下太,,パイロ,000a01176a,ココロノスポーツ,2010110092,Monarchos,000a010b7e,服部豊,山野牧場,426.9,2005.0,2010.0,1998.0
2016101206,ゲンパチファインド,牡,雑賀伸一,,ゴールドアリュール,1999106689,セイントリースカウト,000a010e5d,Saint Ballado,000a00212e,中平和宏,下屋敷牧場,426.7,1999.0,2002.0,1989.0
2016106131,コウエイバンビーノ,牡,山内研二,,シニスターミニスター,000a011099,ソーラーヴィジョン,2002105067,タバスコキャット,000a000348,伊東政清,野坂牧場,425.0,2003.0,2002.0,1991.0
2016105251,ダークロード,牡,佐々木洋,,ワークフォース,000a011a7f,ミラクルワウ,2003102595,フジキセキ,1992109618,瀬戸竜男,社台ファーム,425.0,2007.0,2003.0,1992.0
2016105659,ベルナルド,牡,山田義人,,ロジユニヴァース,2006103140,アイライクユー,1996104781,ダンシングブレーヴ,000a0000cc,シグラップ・マネジメ,グランド牧場,424.9,2006.0,1996.0,1983.0
2016102834,カールブライアン,牡,岡島玉一,,ブラックタキシード,1996107315,カラカル,2008105352,グリーンアプローズ,1994109559,村上幹夫,大矢牧場,424.1,1996.0,2008.0,1994.0
2016105254,ゲットリズム,牡,橘友和,,ハービンジャー,000a011996,メイカ,2004102801,ダンスインザダーク,1993109188,ジャコモ（同）,社台コーポレーション白老ファーム,423.5,2006.0,2004.0,1993.0
2016104709,トラインコンパス,牡,斎藤雄一,,ワークフォース,000a011a7f,アナンジュパス,2009106099,ディープインパクト,2002100816,松谷翔太,社台コーポレーション白老ファーム,423.2,2007.0,2009.0,2002.0
2016102955,マリノフロンティア,牝,東眞市,,サムライハート,2002100996,ユキノマーガレット,2004106034,クロフネ,1998110135,サンエツ企画（有）,クラウン日高牧場,423.0,2002.0,2004.0,1998.0
2016102798,ピースタップ,牝,頼本盛行,,ディープブリランテ,2009105084,グレースマリヤ,1996105837,グルームダンサー,000a000162,（同）ＪＰＮ技研,荒井ファーム,422.6,2009.0,1996.0,1984.0
2016100971,ルーナセレナータ,牝,水野貴広,,トーセンラー,2008102985,ムーンライトソナタ,1999107173,サクラバクシンオー,1989108341,吉田好雄,山岡牧場,422.3,2008.0,1999.0,1989.0
2016102461,ケープフィア,牝,関本浩司,,シンボリクリスエス,1999110099,ロックフォーティ,2008102088,ロックオブジブラルタル,000a00fd4c,組）ＫＩＺＵＮＡ組合,小林仁,422.0,1999.0,2008.0,1999.0
2016101912,メテオールシャワー,牡,冨田敏男,,トゥザグローリー,2007103265,アストロラーベ,2010104128,クロフネ,1998110135,冨田藤男,谷川牧場,421.1,2007.0,2010.0,1998.0
2016102847,ユニバーサルレディ,牝,橋本和馬,,ロジユニヴァース,2006103140,コニャックレディ,000a00fc36,Olympio,000a002167,沖田正憲,沖田牧場,421.0,2006.0,1995.0,1988.0
2016101171,リップグロス,牝,林幻,,ハーツクライ,2001103038,レディルージュ,2006103602,ブライアンズタイム,000a000082,中村祐子,ケイアイファーム,421.0,2001.0,2006.0,1985.0
2016106572,カトリーヌボヌール,牝,高橋道雄,,タイムパラドックス,1998101683,キスミープリーズ,1997100663,フジキセキ,1992109618,今川文夫,成隆牧場,420.5,1998.0,1997.0,1992.0
2016104861,パロネラ,牝,長南和宏,,ロードカナロア,2008103552,モシーン,000a01216a,Fastnet Rock,000a010601,シルクレーシング,ノーザンファーム,420.5,2008.0,2008.0,2001.0
2016100704,ピュアデボーション,牝,土井道隆,,ダノンシャンティ,2007105709,コスモリリー,2004102329,オペラハウス,000a000d77,酒井孝敏,ビッグレッドファーム,420.2,2007.0,2004.0,1988.0
2016105805,スクエアテーブル,牡,角田輝也,,ショウナンカンプ,1998102595,ミヤビグローリー,2009101160,アグネスタキオン,1998101516,山上和良,静内白井牧場,420.1,1998.0,2009.0,1998.0
2016106562,モズソダネー,牝,上杉昌宏,,フリオーソ,2004106867,ヴェラオン,2010101912,プリサイスエンド,000a00fe9b,（有）トニー企画,市川ファーム,420.0,2004.0,2010.0,1997.0
2016101849,フロテトゥジュール,牡,林正人,,トゥザグローリー,2007103265,メグミロマンス,2000104214,ラムタラ,000a0001d4,（有）太盛,榊原敏明,419.5,2007.0,2000.0,1992.0
2016100973,オグリクロノス,牡,藤ヶ崎一,,ベーカバド,000a011dc0,オグリロマンス,1996105745,ノーザンテースト,000a000258,伊藤彰敏,ヤマタケ牧場,419.2,2007.0,1996.0,1971.0
2016106051,ジュゼッペレオ,牡,別府真司,,コンデュイット,2005190006,アキノフライ,2007100644,グランデラ,000a00fe3b,萩原挙,徳本幸雄,418.9,2005.0,2007.0,1998.0
2016105960,ホワイトラスカル,牡,蛯名雄太,,ハイアーゲーム,2001103160,トキノメイゲツ,2009103793,クロフネ,1998110135,菊地昌廣,大典牧場,418.5,2001.0,2009.0,1998.0
2016105554,ゴールドブリオン,牡,山田義人,,ジャングルポケット,1998101786,シンコウローズ,1997100006,ブライアンズタイム,000a000082,（株）本城,岡田牧場,418.3,1998.0,1997.0,1985.0
2016104166,ディーププリモ,牡,大島静夫,,ディープブリランテ,2009105084,ヒカルウェイブ,2001103437,トニービン,1983109006,組）リノレーシング,登別上水牧場,418.1,2009.0,2001.0,1983.0
2016100164,エイユーミッション,牡,石橋満,,トビーズコーナー,000a011fed,カネスベネフィシオ,2005105645,フォーティナイナー,000a000134,笹部和子,上井農場,417.8,2008.0,2005.0,1985.0
2016106540,キングオブチェス,牡,武藤敏明,,オネストジョン,2004106158,ファッショナブル,2006106914,マイネルラヴ,1995108558,（同）ＪＰＮ技研,藤本直弘,417.4,2004.0,2006.0,1995.0
2016106026,ラインアポロン,牡,地辺幸一,,スウェプトオーヴァーボード,000a00fa34,マックスイマージュ,2003110083,Tiznow,000a00fa4b,櫻井多美子,千代田牧場,417.3,1997.0,2003.0,1997.0
2016104077,リバーベップスター,牡,齊藤敏,,ジャスタウェイ,2009106461,マッチザピース,1995107959,ジェイドロバリー,000a0001a7,河越武治,市川牧場,417.0,2009.0,1995.0,1987.0
2016100771,ゴールドパラダイス,牝,林正人,,ヘニーヒューズ,000a011155,ハチマンダイボサツ,2004100833,マーベラスサンデー,1992103687,居城寿与,北勝ファーム,416.7,2003.0,2004.0,1992.0
2016106144,タイキリヴェール,牡,山崎裕也,,クロフネ,1998110135,レーヴドベティ,2008100761,ロックオブジブラルタル,000a00fd4c,大樹ファーム,橋本牧場,416.6,1998.0,2008.0,1999.0
2016100233,ウインエルカミーノ,牡,永田幸宏,,ハービンジャー,000a011996,エルノヴァ,1999102743,サンデーサイレンス,000a00033a,小野潤一郎,コスモヴューファーム,414.4,2006.0,1999.0,1986.0
2016103831,トーセンダイヤ,牝,及川良春,,トーセンブライト,2001103660,トーセンシャイニー,2012104518,ネオユニヴァース,2000101426,谷謙介,エスティファーム,414.3,2001.0,2012.0,2000.0
2016102448,モズソノママ,牡,川島豊,,ノヴェリスト,000a012230,レイドフラワー,1999105237,コマンダーインチーフ,000a0000b0,（株）ファーストビジ,高昭牧場,413.5,2009.0,1999.0,1990.0
2016103940,トウカイソフィア,牝,中川竜馬,,アグネスデジタル,1997110025,トウカイレジーナ,2007104671,ワイルドラッシュ,000a0003a1,豊島愛子,二風谷ファーム,413.3,1997.0,2007.0,1994.0
2016100487,カイジンワンダー,牡,立花伸,,グラスワンダー,1995108676,カネショウバナナ,2004100577,カコイーシーズ,1986109001,廣村憲郎,長浜忠,412.5,1995.0,2004.0,1986.0
2016106078,ペイシャカノープス,牝,中西達也,,ヴィクトワールピサ,2007102923,パープルストック,2004103257,フレンチデピュティ,000a00013a,西森鶴,友田牧場,412.0,2007.0,2004.0,1992.0
2016105269,アーミングエリア,牡,山田義人,,ロードカナロア,2008103552,ラバンディエーラ,2000101391,サンデーサイレンス,000a00033a,瀬戸竜男,社台ファーム,411.7,2008.0,2000.0,1986.0
2016103746,モンゲージョーカー,牡,中道啓二,,サダムパテック,2008102652,ナイスミイチャン,2010100654,ジャングルポケット,1998101786,須山悟至,門別牧場,411.5,2008.0,2010.0,1998.0
2016104147,ライトアップゼア,牝,大江原哲,,エイシンフラッシュ,2007102951,ブライティアアップ,2002110234,シングスピール,1992190005,岡田牧雄,高橋農場,410.0,2007.0,2002.0,1992.0
2016102860,モリノラピス,牝,安部幸夫,,ブラックタイド,2001103312,カーリア,000a011177,Carson City,000a001e7d,稲葉光昭,オリオンファーム,410.0,2001.0,2002.0,1987.0
2016102449,アルマオプティ,牡,雑賀正光,,ヘニーヒューズ,000a011155,アマダブラム,2009104446,ダイワメジャー,2001103114,小菅誠,小島牧場,410.0,2003.0,2009.0,2001.0
2016100447,サウンドウイング,牝,吉田直弘,,サウンドボルケーノ,2008110123,サウンドモニカ,2011105781,クロフネ,1998110135,増田雄一,飛渡牧場,410.0,2008.0,2011.0,1998.0
2016100353,クインズローズ,牝,平田修,,ヘニーヒューズ,000a011155,ケイアイガーベラ,2006104463,Smarty Jones,000a01053e,亀田和弘,隆栄牧場,410.0,2003.0,2006.0,2001.0
2016105460,クロスロード,牝,井上哲,,トーセンジョーダン,2006103169,エレガンテココ,2008103603,ブラックホーク,1994109361,伊藤弘泰,岡田スタッド,409.0,2006.0,2008.0,1994.0
2016102498,ハッピーフライト,牝,川嶋弘吉,,アイルハヴアナザー,000a011ed3,エスフライト,1999105644,サンデーサイレンス,000a00033a,佐野信幸,大北牧場,409.0,2009.0,1999.0,1986.0
2016104010,ガイノス,牡,秋吉和美,,ノボジャック,1997110152,マイネセルバ,1998106534,ティンバーカントリー,000a00035e,西村健作,小野瀬竜馬,408.7,1997.0,1998.0,1992.0
2016102842,ビッグショウ,牡,三坂盛雄,,カジノドライヴ,2005110112,オリガミ,1999102383,シャンハイ,000a000d73,沖田正憲,沖田牧場,408.5,2005.0,1999.0,1989.0
2016100987,ビューティジョイ,牝,矢野義幸,,プリサイスエンド,000a00fe9b,シアトルムーン,2007103190,アグネスタキオン,1998101516,西村亮二,ラッキー牧場,408.4,1997.0,2007.0,1998.0
2016102765,ライズブロッサム,牝,石川栄,,ゴールドアリュール,1999106689,チェリーブロッサム,2007100132,シルバーチャーム,000a00227c,（株）さくらコーポレ,厚賀古川牧場,407.3,1999.0,2007.0,1994.0
2016106543,ムサシレパード,牝,栗田泰昌,,ローエングリン,1999106738,アジェンダ,2007106729,マンハッタンカフェ,1998101554,武蔵屋ハウス（株）,北光牧場,407.0,1999.0,2007.0,1998.0
2016103611,プッシーウィロー,牝,斉藤雄一,,ブラックタイド,2001103312,フェンスイ,000a010ce6,ティンバーカントリー,000a00035e,吉田勝利,藤本ファーム,406.6,2001.0,2002.0,1992.0
2016101038,マカルーテソーロ,牡,藤ヶ崎一,,ローズキングダム,2007103404,ポリリズム,2006103246,バチアー,000a00004b,伊藤彰敏,乾皆雄,406.6,2007.0,2006.0,1997.0
2016106398,オールフォース,牡,川嶋弘吉,,ワークフォース,000a011a7f,オールザヴォーグ,2008100601,ネオユニヴァース,2000101426,坂田行夫,チャンピオンズファーム,406.4,2007.0,2008.0,2000.0
2016104889,ガールズロック,牝,宇野木博,,ヘニーヒューズ,000a011155,レティセントガール,2005102157,フォーティナイナー,000a000134,福田達也,社台コーポレーション白老ファーム,405.0,2003.0,2005.0,1985.0
2016104607,プロミストスマイル,牝,荒山勝徳,,ダンカーク,000a012185,プロミストスパーク,1999107050,フジキセキ,1992109618,吉田勝己,ノーザンファーム,405.0,2006.0,1999.0,1992.0
2016100144,サッポロシャイン,牝,田島寿一,,パドトロワ,2007102760,シミター,2012101559,パイロ,000a01176a,廣瀬由一,柏木一則,405.0,2007.0,2012.0,2005.0
2016101669,エイシンゴーレム,牡,中川竜馬,,ヴィクトワールピサ,2007102923,エーシングリフォン,2009110014,ストリートクライ,000a0103ba,吉橋英隆,栄進牧場,403.8,2007.0,2009.0,1998.0
2016102769,ファイトフラッシュ,牝,井樋明正,,エイシンフラッシュ,2007102951,ナリタフローラ,1998105441,サンデーサイレンス,000a00033a,佐々木龍駿,天羽牧場,403.7,2007.0,1998.0,1986.0
2016101461,スピードボンバー,牡,及川良春,,ネオユニヴァース,2000101426,スギノピクシー,2011103130,キングカメハメハ,2001103460,谷謙介,明治牧場,402.9,2000.0,2011.0,2001.0
2016100729,マイネルカピターノ,牡,錦見勇夫,,エイシンフラッシュ,2007102951,マイネウインク,2005105006,スペシャルウィーク,1995103211,錦見日出雄,ビッグレッドファーム,402.7,2007.0,2005.0,1995.0
2016109065,シントーブラック,牡,林幻,,ベルシャザール,2008103004,ダーリングベリー,2003109294,ボストンハーバー,000a00007c,中野辰三,諏訪牧場,402.5,2008.0,2003.0,1994.0
2016106427,グランデルーニー,牡,米谷康秀,,ゴールドアリュール,1999106689,リリアンタイム,2004104534,ブライアンズタイム,000a000082,グランデオーナーズ,チャンピオンズファーム,401.2,1999.0,2004.0,1985.0
2016101618,アークシュン,牡,坂口義幸,,タイキシャトル,1994109686,ユウコウエース,2002103900,チーフベアハート,1993190010,（株）コルテックス,畔高牧場,401.2,1994.0,2002.0,1993.0
2016104374,ヘヴンズコーヴ,牡,伊藤和忍,,ドリームジャーニー,2004102753,パラダイスコーブ,2013105314,キングカメハメハ,2001103460,（株）ＹＧＧＤＲＡＳ,社台コーポレーション白老ファーム,400.5,2004.0,2013.0,2001.0
2016110031,プリンシパル,牡,瀬戸幸一,,Pivotal,000a002328,Sea The Bloom,000a013ad5,Sea The Stars,000a011c78,岩渕瑞生,Cheveley Park Stud Ltd,400.3,1993.0,2011.0,2006.0
2016102868,シャインベスト,牝,村上実,,ストロングリターン,2006102934,エクボ,1994102818,リンドシェーバー,1988107894,加藤利美,加藤牧場,400.1,2006.0,1994.0,1988.0
2016109008,ヴァニラシェイク,牝,松浦裕之,,ケイムホーム,000a0108d1,ヴァニラシャンティ,2008102751,シンボリクリスエス,1999110099,程田真司,恵比寿興業株式会社那須野牧場,400.0,1999.0,2008.0,1999.0
2016104955,フィンガーポップ,牝,田島俊明,,アイルハヴアナザー,000a011ed3,エミーズスマイル,2004103142,アグネスタキオン,1998101516,吉田照哉,社台ファーム,400.0,2009.0,2004.0,1998.0
2016105204,トリックスター,牡,松浦聡志,,スクリーンヒーロー,2004103328,プラウドウイングス,1996190009,Dashing Blade,000a00fa3a,村野康司,社台ファーム,399.9,2004.0,1996.0,1987.0
2016103075,グラディオロ,牝,古賀慎明,,ロードカナロア,2008103552,ストリートスタイル,2005103162,アドマイヤベガ,1996107396,村野康司,下河辺牧場,399.0,2008.0,2005.0,1996.0
2016102873,アポロン,牡,嶋田幸晴,,ブラックタイド,2001103312,カーディアンゴット,1998105646,アスワン,1979101744,小菅誠,中川浩典,398.7,2001.0,1998.0,1979.0
2016106087,ココロコ,牝,茂崎正善,,トゥザグローリー,2007103265,マストゥドウ,2000109265,チーフベアハート,1993190010,上田真澄,中田浩美,398.6,2007.0,2000.0,1993.0
2016106407,ゲンパチカナ,牝,中川竜馬,,ロードカナロア,2008103552,ソフトライム,2010103668,フジキセキ,1992109618,豊島愛子,チャンピオンズファーム,398.5,2008.0,2010.0,1992.0
2016103572,ファーストメロディ,牝,蛯名雄太,,パイロ,000a01176a,ゴールドハーモニー,2008106028,ゴールドアリュール,1999106689,中山聡,広富牧場,398.0,2005.0,2008.0,1999.0
2016105589,レヴドゥトゥース,牡,工藤裕孝,,ジャングルポケット,1998101786,ボーディーススズカ,2001100526,サンデーサイレンス,000a00033a,柳瀬祐太,岡野牧場,397.0,1998.0,2001.0,1986.0
2016104949,タイムオブブリス,牝,遠藤茂,,タイムパラドックス,1998101683,エヴァ,2006103110,キングカメハメハ,2001103460,山下晃徳,社台ファーム,396.5,1998.0,2006.0,2001.0
2016106083,アリュモモフェイス,牝,金田一昌,,サダムパテック,2008102652,スカイトウショウ,2002104944,ハウスバスター,000a000187,村山詠一,鳥谷勝彦,395.9,2008.0,2002.0,1987.0
2016100292,シンクレスシップ,牡,瀬戸口悟,,クロフネ,1998110135,ヤマノローラ,2006104415,スペシャルウィーク,1995103211,吉岡泰治,佐藤牧場,395.6,1998.0,2006.0,1995.0
2016105559,チューダ,牡,辻野豊,,サウスヴィグラス,1996110138,セントローレンス,2008106192,ジャングルポケット,1998101786,宮崎時子,岡田牧場,395.5,1996.0,2008.0,1998.0
2016102664,メイショウコスイ,牝,横山保,,ゴールドアリュール,1999106689,ハギノハーセルフ,2005106611,コロナドズクエスト,000a0000b5,北原大史,村下明博,395.3,1999.0,2005.0,1995.0
2016102267,ワンダーエマ,牝,田中一巧,,ゴールドアリュール,1999106689,ロックオブサリサ,2005110143,ロックオブジブラルタル,000a00fd4c,山本能成,秋場牧場,395.2,1999.0,2005.0,1999.0
2016105785,コウエイスパークル,セ,室井真文,,ゴールドアリュール,1999106689,バクシンヒロイン,2004104423,サクラバクシンオー,1989108341,（株）ファーストビジ,佐竹学,395.0,1999.0,2004.0,1989.0
2016102546,チェリーフオール,牝,尾原強,,チェリークラウン,2004102428,チェリーノコイビト,2006101366,スクワートルスクワート,000a000da4,（株）ＴＫＫ,富塚ファーム,394.9,2004.0,2006.0,1998.0
2016101932,ノースチャレンジ,牡,齊藤敏,,モンテロッソ,000a011b05,ベラドーラＩＩ,000a01141d,Danzig,000a0000d3,田中貴雄,谷川牧場,394.9,2007.0,2004.0,1977.0
2016103637,ホウヨウノキセキ,牝,遠藤茂,,キンシャサノキセキ,2003110212,ベストタッセルド,2002110152,キングズベスト,000a0022d2,（株）ファーストビジ,豊洋牧場,394.3,2003.0,2002.0,1997.0
2016105299,ワラウウマザンマイ,牡,柳井宏之,,メイショウボーラー,2001100650,レリックレーヌ,1999106737,サンデーサイレンス,000a00033a,川添裕起,社台ファーム,393.9,2001.0,1999.0,1986.0
2016103362,セイカハルカゼ,牝,佐藤茂,,グラスワンダー,1995108676,セイカカロブ,1995104196,Sadler's Wells,000a00185d,吉田逑史,千葉飯田牧場,393.7,1995.0,1995.0,1981.0
2016105364,マーガレットリバー,牡,細川忠義,,タイキシャトル,1994109686,オージーカンパニー,000a006884,Catrail,000a00208f,上岡和男,パカパカファーム,392.7,1994.0,1996.0,1990.0
2016102804,ランス,牝,鈴木義久,,ダンカーク,000a012185,リモンチェッロ,2010104452,シンボリクリスエス,1999110099,安達洋生,石原牧場,392.7,2006.0,2010.0,1999.0
2016104165,ロッキンマイハート,牡,徳本慶一,,グラスワンダー,1995108676,ハーツブラッド,2009105784,ハーツクライ,2001103038,平賀眞吾,登別上水牧場,391.9,1995.0,2009.0,2001.0
2016102931,ルナフラッシュ,牝,山田義人,,キングズベスト,000a0022d2,パワフルラリマー,2009102341,サクラバクシンオー,1989108341,（株）ボンズ,木村牧場,391.7,1997.0,2009.0,1989.0
2016102652,ワンダーハルム,牝,茂崎正善,,シンボリクリスエス,1999110099,ワンダープリマ,2006106793,デヒア,000a0000df,山本能成,藤春修二,391.7,1999.0,2006.0,1991.0
2016104260,ストロングガルム,牡,鈴木義久,,エイシンフラッシュ,2007102951,エパティック,2008102600,ディープインパクト,2002100816,村木隆,追分ファーム,390.8,2007.0,2008.0,2002.0
2016101056,スウォードクイーン,牝,山田信大,,サダムパテック,2008102652,ダノンスイショウ,2003110012,Fusaichi Pegasus,000a0022cf,菊地昌廣,小河豊水,390.8,2008.0,2003.0,1997.0
2016102320,ダイチヴィーゼ,牡,打越勇児,,トビーズコーナー,000a011fed,ペルルフィーヌ,2009106482,ブライアンズタイム,000a000082,荻伏服部牧場,荻伏服部牧場,390.7,2008.0,2009.0,1985.0
2016104953,パールヴァイン,牝,土屋洋之,,ノヴェリスト,000a012230,エクセラントカーヴ,2009105721,ダイワメジャー,2001103114,小谷昌吾,社台ファーム,390.5,2009.0,2009.0,2001.0
2016101331,カシノヴィオレ,牝,東美義,,パイロ,000a01176a,ラッキーピンキー,1996109399,グランドオペラ,000a000d1d,柏木務,原口牧場,390.2,2005.0,1996.0,1984.0
2016102650,タイセイガニアン,牡,藤田輝信,,トゥザグローリー,2007103265,ヒビキウィン,2004107259,エブロス,000a000d4b,田中成奉,藤春修二,390.0,2007.0,2004.0,1986.0
2016106318,トミケンモーラ,牡,宮浦正行,,パドトロワ,2007102760,クレバージーン,2004102218,スペシャルウィーク,1995103211,小林信幸,前田牧場,389.0,2007.0,2004.0,1995.0
2016103826,トーセンロブロイ,牡,竹之下昭,,トゥザグローリー,2007103265,トーセンエッセンス,2005104677,マヤノトップガン,1992102988,（株）アプエンテ,エスティファーム,389.0,2007.0,2005.0,1992.0
2016105491,レディペレグリン,牝,佐藤裕太,,スマートファルコン,2005100097,セレブキャンペーン,2007100042,ロージズインメイ,000a010a10,（株）レックス,岡田スタッド,388.0,2005.0,2007.0,2000.0
2016102169,スマートフェイス,牝,鈴木正也,,シニスターミニスター,000a011099,トップモデル,2008100480,ロックオブジブラルタル,000a00fd4c,新村順一,三嶋牧場,387.6,2003.0,2008.0,1999.0
2016102026,スペシャルトリップ,牡,高橋優子,,ダンカーク,000a012185,スペシャルクイン,2006100349,スペシャルウィーク,1995103211,宮田平,富田牧場,387.4,2006.0,2006.0,1995.0
2016100499,ナンセイフジ,牡,村上頼章,,ルーラーシップ,2007103143,トウカイティアラ,1996101540,サンデーサイレンス,000a00033a,池田喜吉,長浜牧場,387.0,2007.0,1996.0,1986.0
2016101248,ライトリー,牝,田口輝彦,,バイオマスター,1996110233,ライトハートリー,1999104981,パラダイスクリーク,1989109110,安東純二,田中春美,386.3,1996.0,1999.0,1989.0
2016105957,ハローマックス,牡,鷹見浩,,アドマイヤマックス,1999107004,ガッツマンテン,2005100558,アジュディケーティング,000a000d5d,小橋亮太,大典牧場,385.0,1999.0,2005.0,1987.0
2016104439,グランヴィスタ,牡,栗田徹,,ハービンジャー,000a011996,エルミラドール,2010104020,ジャングルポケット,1998101786,キャロットファーム,ノーザンファーム,385.0,2006.0,2010.0,1998.0
2016104398,アディクション,牝,木村哲也,,ハーツクライ,2001103038,アディクティド,000a011a9f,ディクタット,1995190007,キャロットファーム,ノーザンファーム,385.0,2001.0,2006.0,1995.0
2016103931,パッションアイコ,牝,井樋明正,,キングヘイロー,1995104427,ツクバエンジェル,2007106196,クロフネ,1998110135,大黒富美子,中田牧場,384.6,1995.0,2007.0,1998.0
2016100311,シイチ,牡,目迫大輔,,ワークフォース,000a011a7f,シャイニングスルー,2002100973,スペシャルウィーク,1995103211,濱田常稔,スカイビーチステーブル,384.0,2007.0,2002.0,1995.0
2016102427,ランランコハク,牝,藤田正治,,ケイムホーム,000a0108d1,ニシノコハク,2009103388,ゴールドアリュール,1999106689,（有）ミドルアイラン,高昭牧場,383.3,1999.0,2009.0,1999.0
2016104124,アブソルートカラー,牝,福永敏,,フレンチデピュティ,000a00013a,アブソルートライン,2004101529,ダンスインザダーク,1993109188,ユートピア牧場,貞広賢治,383.0,1992.0,2004.0,1993.0
2016102541,プラチナマジック,牡,村上頼章,,ゴールドヘイロー,1997101264,マジックダンサー,2001105417,メジロライアン,1987105368,小田和子,センチュリースタッドファーム,383.0,1997.0,2001.0,1987.0
2016101621,グローサンドリヨン,牝,中川竜馬,,ゴールドヘイロー,1997101264,グレースグロリアス,1998102497,キンググローリアス,000a000d48,豊島愛子,今井秀樹,383.0,1997.0,1998.0,1986.0
2016106593,キャノンデール,牡,久保秀男,,マツリダゴッホ,2003104570,レイナレイナ,2000104303,タイキシャトル,1994109686,塩田清,グラストレーニングセンター,382.8,2003.0,2000.0,1994.0
2016100744,コンステレーション,牝,田島寿一,,オルフェーヴル,2008102636,マイネソルシエール,2008104953,ロージズインメイ,000a010a10,組）ゴッテスフルス,ビッグレッドファーム,382.3,2008.0,2008.0,2000.0
2016106376,ベルレガッタ,牝,千葉幸喜,,ロードカナロア,2008103552,ルドラ,000a011529,Cape Cross,000a0022ae,岩城光一,矢野牧場,382.2,2008.0,2005.0,1994.0
2016106473,サキコトレーヴォ,牝,酒井一則,,ダノンシャンティ,2007105709,エーシンアガペー,2007103477,ロージズインメイ,000a010a10,平賀眞吾,栄進牧場,382.0,2007.0,2007.0,2000.0
2016101587,ネペンテス,牝,東美義,,メイショウボーラー,2001100650,ショコット,1997100910,デインヒル,000a0000d1,花本啓典,中脇一幸,381.3,2001.0,1997.0,1986.0
2016105935,キモンリッチ,牡,平和人,,ヴァーミリアン,2002100877,ピカンチラヴ,2007102834,ネオユニヴァース,2000101426,八尋雅彦,谷岡牧場,381.1,2002.0,2007.0,2000.0
2016102489,メイショウユウバエ,牝,小牧毅,,メイショウサムソン,2003102205,ミスティックライト,000a0067f0,Machiavellian,000a001c1d,松本好雄,鮫川ファーム,380.4,2003.0,1997.0,1987.0
2016110125,サンドル,牡,中内田充,,Olympic Glory,000a0124ec,Downtown Manhattan,000a013eda,Manhattan Rain,000a013e2c,吉田和美,Miss K Stephens Mr D Griffin,380.0,2010.0,2011.0,2006.0
2016105291,ミコクイーン,牝,小野望,,ハーツクライ,2001103038,レックスレイノス,000a011aa3,Intikhab,000a0022af,古賀慎一,社台コーポレーション白老ファーム,380.0,2001.0,2006.0,1994.0
2016103792,リコーエセックス,牝,久保秀男,,スマートファルコン,2005100097,グレイスマジック,2001104226,バブルガムフェロー,1993109219,土橋正雄,リコーファーム,380.0,2005.0,2001.0,1993.0
2016103313,トーセンコハク,牝,高野毅,,ジャスタウェイ,2009106461,ショートハンド,000a0114ae,ディクタット,1995190007,島川隆哉,ダーレー・ジャパン・ファーム,380.0,2009.0,2004.0,1995.0
2016102050,ヘニーストライカー,牡,寺島良,,ヘニーヒューズ,000a011155,スパーキングガール,2007101689,サクラローレル,1991103498,ターフ・スポート,中島牧場,380.0,2003.0,2007.0,1991.0
2016100074,サノレア,牝,納谷和玖,,ヘニーヒューズ,000a011155,ケイアイスパイダー,2004104426,サザンヘイロー,000a00031e,佐野信幸,石郷岡雅樹,380.0,2003.0,2004.0,1983.0
2016106314,メイデンボヤージュ,牝,高橋俊之,,クロフネ,1998110135,ミラクルベリー,2008103019,ファルブラヴ,1998190004,杉浦和也,前谷武志,379.8,1998.0,2008.0,1998.0
2016101204,タッチングムービー,牡,飯田良弘,,スクリーンヒーロー,2004103328,クライフォージョイ,2011105455,サクラバクシンオー,1989108341,杉浦和也,下屋敷牧場,379.6,2004.0,2011.0,1989.0
2016103093,アッチャイオ,牡,矢野久美,,ハーツクライ,2001103038,バートラムガーデン,2009102481,サクラバクシンオー,1989108341,矢野龍一,下河辺牧場,379.4,2001.0,2009.0,1989.0
2016106341,ココナツクラッシュ,牡,高月賢一,,キングズベスト,000a0022d2,プレノタート,2009104261,ジャングルポケット,1998101786,（同）ＪＰＮ技研,松田牧場,378.0,1997.0,2009.0,1998.0
2016103619,マチュピチュ,牝,斉藤正弘,,アサクサキングス,2004103163,バズマイハート,1999110023,Unbridled,000a001cd0,泉一郎,碧雲牧場,377.6,2004.0,1999.0,1987.0
2016102069,マドンナブルー,牝,黒川智貴,,グランプリボス,2008103388,イソシギ,2000104138,タイキシャトル,1994109686,（株）大高建設,日進牧場,377.6,2008.0,2000.0,1994.0
2016101348,タイセイフィクサー,牡,山田信大,,ブラックタイド,2001103312,フレンチトウショウ,2009103946,フレンチデピュティ,000a00013a,田中成奉,広田牧場,377.0,2001.0,2009.0,1992.0
2016102751,チャリャ,牝,植松則幸,,ダノンシャンティ,2007105709,パチャママ,2009101572,ファスリエフ,000a00fc4c,（株）ファーストビ,アイズスタッド,376.9,2007.0,2009.0,1997.0
2016103834,トーセンエスパー,牡,井手上慎,,トーセンジョーダン,2006103169,トーセンノーブル,2008105325,トーセンダンス,2002100594,岡島晶子,エスティファーム,376.4,2006.0,2008.0,2002.0
2016104022,ゴリョウサン,牝,尾原強,,メイショウサムソン,2003102205,プリティーピュティ,2007102701,フレンチデピュティ,000a00013a,山下壽,久田公氣,376.2,2003.0,2007.0,1992.0
2016105504,シェナフブキ,牡,山口浩幸,,キャプテントゥーレ,2005102216,トーセンイレイシャ,2000101777,Silver Hawk,000a0019b4,冨田藤男,岡田スタッド,376.1,2005.0,2000.0,1979.0
2016109156,ウラワルビー,牝,宇野木数,,フリオーソ,2004106867,セユウハーモニー,2011109036,アジュディケーティング,000a000d5d,岡本育枝,荒谷牧場,376.0,2004.0,2011.0,1987.0
2016106319,シゲルハートダイヤ,牝,鈴木義久,,サウスヴィグラス,1996110138,シゲルアサヒダケ,2006100398,ネオユニヴァース,2000101426,森中蕃,前田牧場,375.4,1996.0,2006.0,2000.0
2016105236,マルカノーベル,セ,松永昌博,,ノヴェリスト,000a012230,マルカサワヤカ,1998101556,サンデーサイレンス,000a00033a,日下部猛,社台ファーム,375.3,2009.0,1998.0,1986.0
2016105540,レコパンヒュウガ,牡,尾原強,,タニノギムレット,1999100226,ハロウィーン,2001104268,エルコンドルパサー,1995108742,山下壽,岡田猛,375.0,1999.0,2001.0,1995.0
2016104756,サンルイス,牡,桜田康二,,ダイワメジャー,2001103114,コンカラン,2007104061,ジャングルポケット,1998101786,前田敏文,ノーザンファーム,375.0,2001.0,2007.0,1998.0
2016104597,キアレッツァ,牝,久保田信,,ディープブリランテ,2009105084,フォルテピアノ,2003102840,フレンチデピュティ,000a00013a,豊島愛子,ノーザンファーム,375.0,2009.0,2003.0,1992.0
2016102346,レイナプルーマ,牝,山田信大,,エンパイアメーカー,000a010542,モンクール,2009101019,ディープインパクト,2002100816,水上ふじ子,笠松牧場,375.0,2000.0,2009.0,2002.0
2016101117,マリガン,牡,高橋清顕,,プリサイスエンド,000a00fe9b,ブルーハピネス,2004101149,エイシンサンディ,1993103280,中西純穂,加野牧場,375.0,1997.0,2004.0,1993.0
2016100856,キタノシャンシャン,牝,坂口正則,,タートルボウル,000a012045,ツルマルサンチャン,2009104344,ディープインパクト,2002100816,北所直人,村上欽哉,375.0,2002.0,2009.0,2002.0
2016102907,ルージュオブグレイ,牝,岡田一男,,ディープブリランテ,2009105084,クラウディーハート,2009100745,クロフネ,1998110135,飯?進次,北田剛,374.9,2009.0,2009.0,1998.0
2016103088,アッフェルマーレ,牝,福田真広,,ハーツクライ,2001103038,ネガノ,000a0067f5,Miswaki,000a0017b0,下河辺牧場,下河辺牧場,372.5,2001.0,1996.0,1978.0
2016103798,ヴァルハラ,牡,今津勝之,,サウスヴィグラス,1996110138,エメラルドリバー,2010103705,ホワイトマズル,1990109700,（同）ＪＰＮ技研,若林順一,371.7,1996.0,2010.0,1990.0
2016101420,ハバネロ,牝,工藤裕孝,,トーセンラー,2008102985,スパイシーソース,000a010a9c,Storm Cat,000a001a98,結城喜一,三石川上牧場,371.3,2008.0,1999.0,1983.0
2016110077,トライレグナム,牡,米田英世,,Will Take Charge,000a01372f,Fiery Pulpit,000a013cb4,Pulpit,000a002133,カナヤマホールディングス,Taylor Bros Prop.LLC Pollock Farms Patrick Payne & Baysore Stables LLC,371.0,2010.0,2004.0,1994.0
2016100928,スカーレットリボン,牝,高橋道雄,,ヴァーミリアン,2002100877,トーワマドンナ,1998100886,ラムタラ,000a0001d4,宮内牧場,村本牧場,370.7,2002.0,1998.0,1992.0
2016104246,ヴェルトラウン,牡,土井道隆,,ハービンジャー,000a011996,アルアマーナ,2009106578,ディープインパクト,2002100816,酒井孝敏,追分ファーム,370.6,2006.0,2009.0,2002.0
2016104447,クワドラード,牡,高柳瑞樹,,スマートファルコン,2005100097,カドリーユ,2010104199,Dalakhani,000a01098f,グリーンファーム,ノーザンファーム,370.0,2005.0,2010.0,2000.0
2016103672,マルヨフローラ,牝,牧田和弥,,ロージズインメイ,000a010a10,マルヨモザー,2006100037,アグネスタキオン,1998101516,野村春行,前野牧場,370.0,2000.0,2006.0,1998.0
2016101364,ワンハートソング,牝,張田京,,ダンカーク,000a012185,フレームオブトゥルース,000a0067f2,Rainbow Quest,000a001b4d,菊地博,幌村牧場,370.0,2006.0,1997.0,1981.0
2016103903,クロネコノタンゴ,牡,塚田隆男,,サムライハート,2002100996,ニシノジャンヌ,2001102685,ブライアンズタイム,000a000082,早田敬子,鹿戸辰幸,369.7,2002.0,2001.0,1985.0
2016100701,オーレア,牝,錦見勇夫,,オルフェーヴル,2008102636,コスモバルバラ,2009105203,ロージズインメイ,000a010a10,錦見日出雄,ビッグレッドファーム,369.2,2008.0,2009.0,2000.0
2016102567,パディユージン,牡,山口益巳,,ヴァーミリアン,2002100877,ヒシアルコル,2009101220,ダイワメジャー,2001103114,谷謙介,中村雅明,368.7,2002.0,2009.0,2001.0
2016100541,カズノセンヒメ,牝,橘友和,,シンボリクリスエス,1999110099,エイコーンウィル,2011105032,キングカメハメハ,2001103460,大田恭充,新冠橋本牧場,368.6,1999.0,2011.0,2001.0
2016104506,クリスタルオーブ,牝,牧田和弥,,キンシャサノキセキ,2003110212,シーズインクルーデッド,000a01116d,Include,000a010906,永田和彦,ノーザンファーム,368.0,2003.0,2004.0,1997.0
2016105456,アイルハヴウインズ,牝,野口寛仁,,アイルハヴアナザー,000a011ed3,ウインディーヒル,2008100123,マンハッタンカフェ,1998101554,鈴木芳夫,岡田スタッド,367.9,2009.0,2008.0,1998.0
2016101668,エイシンホクサイ,牡,中川竜馬,,ディープブリランテ,2009105084,エーシンクールディ,2006110045,Distorted Humor,000a0022ea,川添裕起,栄進牧場,367.8,2009.0,2006.0,1993.0
2016105888,フレンドスマート,牝,久保杉隆,,ネオユニヴァース,2000101426,ベジポタ,2010100633,アルカセット,2000190010,横尾晴人,高橋義浩,367.0,2000.0,2010.0,2000.0
2016100852,ジェイケイフォース,牝,中道啓二,,ワークフォース,000a011a7f,ジョルジーナ,2004103302,ホワイトマズル,1990109700,小谷野次郎,村上欽哉,366.5,2007.0,2004.0,1990.0
2016109046,ボルドーアストル,牡,水野貴史,,スクワートルスクワート,000a000da4,シゲルダンヤバード,2004105178,ボストンハーバー,000a00007c,杉浦和也,大前典男,366.3,1998.0,2004.0,1994.0
2016101310,トラノパワー,牡,高本友芳,,ベーカバド,000a011dc0,レインズオブパワー,2006102316,サクラバクシンオー,1989108341,西森鶴,ニシケンファーム,365.6,2007.0,2006.0,1989.0
2016105534,オメガダヴィンチ,牡,安田翔伍,,ヴィクトワールピサ,2007102923,レッドルンバ,2005110121,Red Ransom,000a001c68,原禮子,岡田スタッド,365.0,2007.0,2005.0,1987.0
2016101320,ネオブリランテ,牡,藤村和生,,ディープブリランテ,2009105084,ツルマルローズ,2003101993,クロフネ,1998110135,西田俊二,萩澤俊雄,365.0,2009.0,2003.0,1998.0
2016104082,レークサイド,牡,胡本友晴,,ルーラーシップ,2007103143,アイアムノココロ,2007102768,フジキセキ,1992109618,岡田龍太郎,上水牧場,364.9,2007.0,2007.0,1992.0
2016105505,リュウノアイドル,牝,板垣吉則,,バゴ,2001190004,トーワフォーエバー,2010102138,ステイゴールド,1994108729,蓑島竜一,岡田スタッド,364.4,2001.0,2010.0,1994.0
2016106272,ストレイトスタイル,牝,後藤佑耶,,ディープインパクト,2002100816,トレノエンジェル,2007100875,タイキシャトル,1994109686,廣崎利洋ＨＤ,藤原牧場,364.3,2002.0,2007.0,1994.0
2016102969,ヴィーヴァステラ,牝,池田孝,,ハービンジャー,000a011996,ハタノファベルジェ,2008105440,Lemon Drop Kid,000a0022d0,芹澤精一,グッドラック・ファーム,364.0,2006.0,2008.0,1996.0
2016103599,デルマトリアノン,牝,中川竜馬,,オンファイア,2003102809,ワイメア,2004102903,フレンチデピュティ,000a00013a,豊島愛子,ファニーヒルファーム,363.9,2003.0,2004.0,1992.0
2016103797,ラバテラフルーヴ,牝,朝倉実,,サンカルロ,2006102822,エトワールフルーヴ,2000106944,サマーサスピション,1992109533,本田廣一,若林順一,363.5,2006.0,2000.0,1992.0
2016103926,テイケイリヴェール,牡,山口浩幸,,メイショウボーラー,2001100650,カネトシエターナル,2010101466,ハーツクライ,2001103038,兼松忠男,中川隆,362.7,2001.0,2010.0,2001.0
2016101633,オールフォーワン,牡,頼本盛行,,クリストワイニング,1997110169,ラトーヌインパクト,2009100187,ディープインパクト,2002100816,（同）ＪＰＮ技研,浦河小林牧場,362.2,1997.0,2009.0,2002.0
2016103171,スマートダッシュ,牝,柳井宏之,,シビルウォー,2005102317,ミンドゥルレ,2000106801,カコイーシーズ,1986109001,瀬戸年美,白瀬盛雄,361.9,2005.0,2000.0,1986.0
2016101831,メイショウペルム,牝,錦見勇夫,,メイショウサムソン,2003102205,メイショウノウヒメ,2001100727,タイキシャトル,1994109686,錦見日出雄,近藤牧場,361.8,2003.0,2001.0,1994.0
2016100284,ブラックテーラー,牝,井樋明正,,ブラックタキシード,1996107315,グランヴィヴァン,2010104943,クロフネ,1998110135,大黒富美子,佐藤静子,361.8,1996.0,2010.0,1998.0
2016105600,マナカ,牝,保利良平,,タイキシャトル,1994109686,スイートリヴァー,2002100308,パラダイスクリーク,1989109110,山口敦広,落合一巳,361.5,1994.0,2002.0,1989.0
2016106250,マイマーベラスワン,牝,国沢利照,,ダイワメジャー,2001103114,マイスクエアワン,2011102527,Giant's Causeway,000a0022e1,五影慶則,フジワラファーム,360.6,2001.0,2011.0,1997.0
2016102840,マリエリーノ,牝,佐々木清,,セイントアレックス,2007110008,イエスミートゥー,2010100291,アドマイヤジャパン,2002102324,和氣竜彦,沖田牧場,360.5,2007.0,2010.0,2002.0
2016105609,サノオーソ,牡,加藤和宏,,フリオーソ,2004106867,ナイキアクトレス,2001104250,アフリート,000a000013,佐野信幸,カタオカステーブル,360.2,2004.0,2001.0,1984.0
2016102577,キクノシエル,牡,山田徹,,トビーズコーナー,000a011fed,マリリンテスコ,2010102216,ブライアンズタイム,000a000082,菊池五郎,中山牧場,360.1,2008.0,2010.0,1985.0
2016105176,ブラックアイドタフ,牡,松永幹夫,,ルーラーシップ,2007103143,ファンタジックアイ,2011104376,ネオユニヴァース,2000101426,前田幸治,社台ファーム,360.0,2007.0,2011.0,2000.0
2016100730,マイネルペンドラム,牡,雑賀正光,,スクリーンヒーロー,2004103328,マイネヴォヤージ,2009110016,Teofilo,000a01139e,小橋亮太,ビッグレッドファーム,360.0,2004.0,2009.0,2004.0
2016109059,コアヴィクトリー,牡,石川浩文,,スクワートルスクワート,000a000da4,エムケイミラクル,2001109206,フジキセキ,1992109618,西本資史,佐々木牧場,359.8,1998.0,2001.0,1992.0
2016101733,ゴールドメジャー,牡,玉井昇,,ダイワメジャー,2001103114,ゴールドグレイス,000a011d53,Lonhro,000a011187,角谷守正,カナイシスタッド,359.8,2001.0,2007.0,1998.0
2016109072,ドストエフスキー,牡,松島寿,,アルデバランII,000a010541,ミホユニヴァース,2006109162,ネオユニヴァース,2000101426,三岡陽,青南ムラカミファーム,359.0,1998.0,2006.0,2000.0
2016102299,シゲルアメジスト,牡,九日俊光,,ボストンハーバー,000a00007c,シゲルキートス,2004103316,ホワイトマズル,1990109700,森中蕃,王蔵牧場,358.4,1994.0,2004.0,1990.0
2016102862,ベアーレ,牝,永田幸宏,,ヴィクトワールピサ,2007102923,シガトカ,000a011801,Storm Cat,000a001a98,村上卓史,オリオンファーム,358.2,2007.0,2001.0,1983.0
2016105245,ミオリパヤヤーム,牝,佐藤雅彦,,ヘニーヒューズ,000a011155,ミオリチャン,2007102943,スウェプトオーヴァーボード,000a00fa34,瀬谷隆雄,社台ファーム,358.1,2003.0,2007.0,1997.0
2016109001,ノーザントースト,牝,武井和実,,スウェプトオーヴァーボード,000a00fa34,フレンドリーレイズ,2008102970,フレンチデピュティ,000a00013a,酒井孝敏,佐藤庄一,358.0,1997.0,2008.0,1992.0
2016106055,オトリコミチュウ,牝,伊藤滋規,,ブラックタイド,2001103312,ゴールドヴァレー,2010103081,ブライアンズタイム,000a000082,内田玄祥,飛野牧場,358.0,2001.0,2010.0,1985.0
2016105717,シャイニングアポロ,牡,山口竜一,,トーセンジョーダン,2006103169,メイキングザヘヴン,2004104318,Buddha,000a00fe92,伊藤享,グランド牧場,357.2,2006.0,2004.0,1999.0
2016101078,ビッグクロワール,牡,川添明弘,,サウスヴィグラス,1996110138,プリモエナジー,2007100265,スマートボーイ,1995100385,組）リノレーシング,沖田哲夫,357.2,1996.0,2007.0,1995.0
2016101242,モズリスペクト,牡,山田和久,,グランプリボス,2008103388,カズノマリリン,1997100499,マルゼンスキー,000a0003bd,中島慶喜,田中春美,356.5,2008.0,1997.0,1974.0
2016100185,モンサンスペラーレ,牡,藤ヶ崎一,,キングヘイロー,1995104427,トキノナスティア,2006104298,ニューイングランド,1997105461,橋元幸人,川島牧場,356.5,1995.0,2006.0,1997.0
2016106127,クツワヒメ,牝,朝倉実,,アポロキングダム,2003110139,クツワホームラン,2011102409,ハーツクライ,2001103038,芳賀克也,野坂牧場,356.0,2003.0,2011.0,2001.0
2016104208,ルーシー,牝,三宅直之,,ヨハネスブルグ,000a0103b9,サンキュウガール,2008102559,アグネスタキオン,1998101516,小橋亮太,吉田三郎,355.1,1999.0,2008.0,1998.0
2016102921,サウスブランコ,牝,東原己俊,,ケープブランコ,000a011b06,サザンジュエリー,2004105424,アフリート,000a000013,野村文子,木村牧場,355.1,2007.0,2004.0,1984.0
2016109006,シービークラーケン,セ,鈴木伸尋,,ロードカナロア,2008103552,メイブリーズ,2009106470,クロフネ,1998110135,千明牧場,千明牧場,355.0,2008.0,2009.0,1998.0
2016104388,レイバーリフォーム,牝,小島茂之,,ルーラーシップ,2007103143,ワーキングウーマン,2004102830,フジキセキ,1992109618,Ｇ１レーシング,社台コーポレーション白老ファーム,355.0,2007.0,2004.0,1992.0
2016103269,イービルジェイ,牡,石井勝男,,スマートファルコン,2005100097,マイネマスカレード,2001101279,ウォーニング,000a000843,橋本慎太郎,竹島幸治,355.0,2005.0,2001.0,1985.0
2016101000,リフォラス,牝,栗田裕光,,シニスターミニスター,000a011099,アクセルハート,2012109089,ファルブラヴ,1998190004,日吉純一,奥山博,355.0,2003.0,2012.0,1998.0
2016102869,ホマレボシセーラ,牝,北村欣也,,トーセンホマレボシ,2009106092,キョウエイシンファ,2002105641,リンドシェーバー,1988107894,藤井陸治,加藤牧場,353.8,2009.0,2002.0,1988.0
2016103574,ハードエイム,牡,法理勝弘,,ケープブランコ,000a011b06,スペリオルダンサー,2008102680,アグネスタキオン,1998101516,新井衛,広富牧場,352.6,2007.0,2008.0,1998.0
2016103829,トーセンジルコン,牝,石本孝博,,トーセンジョーダン,2006103169,トーセンキャッスル,2007103376,フレンチデピュティ,000a00013a,谷謙介,エスティファーム,351.9,2006.0,2007.0,1992.0
2016100294,ラブミーオーロ,牝,菅原右吉,,カネヒキリ,2002100978,イゾラトウショウ,2003105166,ティンバーカントリー,000a00035e,森田徹,サンローゼン,351.9,2002.0,2003.0,1992.0
2016100940,ミコマイ,牝,中川竜馬,,エイシンフラッシュ,2007102951,サイキョウヒカリ,2004100970,フレンチデピュティ,000a00013a,門脇竜一,森永聡,351.6,2007.0,2004.0,1992.0
2016100578,ヤマニンモンスーン,牡,安田武広,,スウェプトオーヴァーボード,000a00fa34,ヤマニンプロローグ,2004100645,フレンチデピュティ,000a00013a,土井久美子,錦岡牧場,351.6,1997.0,2004.0,1992.0
2016102228,マイディスティニー,牝,栗林徹治,,ヴィクトワールピサ,2007102923,マジェスティックブライト,000a011dfc,Pivotal,000a002328,岡崎隆弘,ミリオンファーム,351.5,2007.0,2007.0,1993.0
2016100052,アマツバメ,牝,山下貴之,,サウスヴィグラス,1996110138,グリーディー,2002101672,シャンハイ,000a000d73,森田一俊,安達洋生,351.0,1996.0,2002.0,1989.0
2016101622,ダイユウブライアン,牡,矢野久美,,グラスワンダー,1995108676,ステラビスティー,2008104867,ジャングルポケット,1998101786,大友靖岐,今井秀樹,350.7,1995.0,2008.0,1998.0
2016104114,ピスタロッソ,牡,林幻,,ナカヤマフェスタ,2006102424,プリンシパルハニー,2011103663,ゴールドアリュール,1999106689,松谷翔太,桑原牧場,350.6,2006.0,2011.0,1999.0
2016101371,ビップゼロワン,牡,藤ヶ崎一,,ゼンノロブロイ,2000101517,セイウンアグライア,2003110078,シングスピール,1992190005,片岡信賢,本桐牧場,350.6,2000.0,2003.0,1992.0
2016105922,サクラデュエル,牡,金成貴史,,メイショウサムソン,2003102205,サクラメガ,1998104444,サンデーサイレンス,000a00033a,さくらコマース,谷岡スタット,350.0,2003.0,1998.0,1986.0
2016105212,ビュブリス,牝,栗田泰昌,,ヴィクトワールピサ,2007102923,ベアトリスＩＩ,000a012970,Dr Fong,000a010571,豊島愛子,社台ファーム,350.0,2007.0,2010.0,1995.0
2016105207,エスデス,牝,加藤誠一,,ヴィクトワールピサ,2007102923,プリンセスカット,2001103180,トニービン,1983109006,川崎賢二,社台ファーム,350.0,2007.0,2001.0,1983.0
2016100448,チェリーマドンナ,牝,保利良平,,ブラックタイド,2001103312,シャトルタテヤマ,2004104973,タイキシャトル,1994109686,櫻井悦朗,飛渡牧場,349.6,2001.0,2004.0,1994.0
2016103492,ドゥオンフルール,牝,那俄性哲,,ブラックタイド,2001103312,イースタリーブリーズ,000a010f07,Fusaichi Pegasus,000a0022cf,山崎和哉,浜本牧場,349.5,2001.0,2002.0,1997.0
2016105859,ジャルーン,牝,小野望,,ネオユニヴァース,2000101426,ショウリダバンザイ,2007106452,プリサイスエンド,000a00fe9b,梶本尚嗣,タイヘイ牧場,348.5,2000.0,2007.0,1997.0
2016106120,ムーランノワール,牡,笹野博司,,ビービーガルダン,2004106583,サイキョウツバキ,2005105712,マヤノトップガン,1992102988,村上卓史,野表篤夫,348.3,2004.0,2005.0,1992.0
2016102729,コウジンホウオウ,牡,河津裕昭,,ダンカーク,000a012185,スズノネイロ,2010106274,デュランダル,1999106756,加藤興一,ディアレストクラブ,348.1,2006.0,2010.0,1999.0
2016105837,キャッスルキング,牡,渋谷信博,,リーチザクラウン,2006102923,キャッスルスピカ,2006106471,タイキブリザード,1991109979,城市公,城市公,348.0,2006.0,2006.0,1991.0
2016102760,カツコノユメ,牝,山中尊徳,,スウェプトオーヴァーボード,000a00fa34,コスマグレース,2002104365,ヘクタープロテクター,000a000d6b,大久保與志雄,厚賀古川牧場,347.8,1997.0,2002.0,1988.0
2016102474,ナリタムソウ,牡,藤沢則雄,,ルーラーシップ,2007103143,ゴールドグレース,2002103893,エリシオ,1993190001,オースミ,鮫川啓一,347.8,2007.0,2002.0,1993.0
2016105503,パドクロア,牝,坂井孝義,,パドトロワ,2007102760,トウヨウロイヤル,1995105643,ロイヤルアカデミーII,000a000d87,吉田勝利,岡田スタッド,347.6,2007.0,1995.0,1987.0
2016102898,ハーモニーロータス,牡,高橋俊之,,アドマイヤムーン,2003102991,ユキノチャンプ,2003103577,タバスコキャット,000a000348,宮谷内文雄,川端正博,347.2,2003.0,2003.0,1991.0
2016102582,ミネラルデポジット,牡,柏原誠路,,タイムパラドックス,1998101683,トメサン,2007102109,ゼンノロブロイ,2000101517,山上和良,野村正,347.2,1998.0,2007.0,2000.0
2016101962,エーブリッチマン,牡,金田一昌,,ホワイトマズル,1990109700,ハシルヨアカルク,2011101357,ディープインパクト,2002100816,金石守,大道牧場,346.5,1990.0,2011.0,2002.0
2016102753,ラストシーン,牝,東眞市,,ロードカナロア,2008103552,マリア,2008104082,ディープインパクト,2002100816,原大栄,アイズスタッド,346.0,2008.0,2008.0,2002.0
2016102354,クールギブス,牡,山口竜一,,トビーズコーナー,000a011fed,ジツリキオーシャン,2011103112,キングヘイロー,1995104427,橋本富夫,上山牧場,346.0,2008.0,2011.0,1995.0
2016100548,ジョディーベルボワ,牝,笹野博司,,ドリームジャーニー,2004102753,ジョディーズライン,2007103074,クロフネ,1998110135,山崎和哉,新冠橋本牧場,345.6,2004.0,2007.0,1998.0
2016103170,スタービアンカ,牝,寺田新太,,パイロ,000a01176a,マヤノカピオラニ,2006105131,キングカメハメハ,2001103460,豊島愛子,白瀬盛雄,345.5,2005.0,2006.0,2001.0
2016100395,キョウエイホープ,牝,秋田大助,,ローレルゲレイロ,2004100933,パインブライト,2004100853,アグネスタキオン,1998101516,今津敏美,田渕牧場,345.2,2004.0,2004.0,1998.0
2016101597,ナムラガンマン,牡,稲垣幸雄,,ヨハネスブルグ,000a0103b9,ナムラシャルマン,2008103997,ジャングルポケット,1998101786,奈村信重,林時春,345.0,1999.0,2008.0,1998.0
2016104433,キタサンブラウン,牡,佐藤裕太,,Lord of England,000a0122be,エノラ,000a012f85,Noverre,000a0103cf,大野商事,ノーザンファーム,343.8,2003.0,2007.0,1998.0
2016100132,オリエンタルハート,牡,栗林徹治,,サムライハート,2002100996,シルクファビュラス,2000110207,Devil's Bag,000a001a8f,三宅勝俊,オリエント牧場,343.5,2002.0,2000.0,1981.0
2016102452,ヘルムヴィーゲ,牝,森下淳平,,ジャスタウェイ,2009106461,ナナヨーティアラ,2002103870,マイネルラヴ,1995108558,高樽さゆり,小島牧場,343.0,2009.0,2002.0,1995.0
2016103854,トーセンワンピース,牝,佐藤浩一,,タートルボウル,000a012045,ファモーザ,1998101639,サンデーサイレンス,000a00033a,池田俊道,エスティファーム,342.9,2002.0,1998.0,1986.0
2016102773,マヤノハルモニア,牝,田嶋弘幸,,ハービンジャー,000a011996,マヤノロシュニ,2006104486,マンハッタンカフェ,1998101554,田所英子,天羽牧場,342.7,2006.0,2006.0,1998.0
2016100437,ローズドクレア,牝,佐藤浩一,,キンシャサノキセキ,2003110212,ローズドサハラ,2005100908,フォーティナイナー,000a000134,菊池一之,対馬正,342.2,2003.0,2005.0,1985.0
2016110135,アポロラスベガス,牡,瀬戸幸一,,Tiznow,000a00fa4b,Valiant Passion,000a013f24,Lion Heart,000a010ee2,山下勇,Stonestreet Thoroughbred Holdings LLC,342.0,1997.0,2008.0,2001.0
2016101287,プリマヴェージ,牝,山本学,,ワークフォース,000a011a7f,エバーシャイニング,2007102977,ゼンノロブロイ,2000101517,手嶋康雄,中田英樹,341.8,2007.0,2007.0,2000.0
2016104202,サッキーチェン,牡,立花貢,,ロジユニヴァース,2006103140,ジェンハオサイマ,2003101044,コマンダーインチーフ,000a0000b0,��景孤�,ヤマイチ牧場,341.0,2006.0,2003.0,1990.0
2016104139,カンビアーレ,牝,稻田彰宏,,ブラックタキシード,1996107315,デュークラウド,2004104692,コマンダーインチーフ,000a0000b0,小谷昌吾,ゼットステーブル,340.7,1996.0,2004.0,1990.0
2016100007,プラピルーン,牡,加藤誠一,,スターリングローズ,1997106560,アプローズビコー,2004101532,マンハッタンカフェ,1998101554,吉田勝利,赤石久夫,340.2,1997.0,2004.0,1998.0
2016103844,トーセンバトラー,牡,小野寺晋,,トーセンロレンス,2009106085,トーセンヘレネー,2005104680,シンボリクリスエス,1999110099,梶原哲朗,エスティファーム,340.0,2009.0,2005.0,1999.0
2016102977,ピエナガウディ,牡,九日俊光,,シンボリクリスエス,1999110099,ピエナブラウニー,2011104466,フジキセキ,1992109618,（同）ＪＰＮ技研,ケイズ,338.9,1999.0,2011.0,1992.0
2016101445,スカイスペクター,牝,井手上慎,,ベーカバド,000a011dc0,スカイホークアイ,2008103905,バブルガムフェロー,1993109219,冨田清誠,三石ファーム,338.6,2007.0,2008.0,1993.0
2016104437,プラネットエー,牝,玉井昇,,ダンカーク,000a012185,エポキシ,2009106178,ディープインパクト,2002100816,石井智,ノーザンファーム,338.0,2006.0,2009.0,2002.0
2016104794,ラサーサ,牡,角田輝也,,ゴールドアリュール,1999106689,ダートムーア,2008103121,クロフネ,1998110135,吉田勝己,ノーザンファーム,337.0,1999.0,2008.0,1998.0
2016106257,ヤマカツマッハ,牡,岡田利一,,ハービンジャー,000a011996,ヤマカツオーキッド,2005100161,ダンスインザダーク,1993109188,中路正明,フジワラファーム,336.4,2006.0,2005.0,1993.0
2016101427,シンボリジョーク,牡,小村正也,,トーセンジョーダン,2006103169,ラッキーマンボ,2010101664,スズカマンボ,2001103890,トニーホースコーポレ,三石川上牧場,335.8,2006.0,2010.0,2001.0
2016100966,サンタコマ,牡,加藤和宏,,ジャングルポケット,1998101786,イイデサンドラ,2007105126,サクラプレジデント,2000102261,（株）ファーストビジ,山岡ファーム,335.3,1998.0,2007.0,2000.0
2016101961,ランネシアーナ,牝,塚田隆男,,タイムパラドックス,1998101683,トウケイサクラ,2010101442,シンボリクリスエス,1999110099,久世俊勝,大道牧場,335.2,1998.0,2010.0,1999.0
2016104070,ダイメイギンナン,牡,東眞市,,シビルウォー,2005102317,インカブレイブ,2005101783,アメリカンボス,1995108602,宮本孝一,池本久志,335.0,2005.0,2005.0,1995.0
2016100828,アストロアーツ,牡,澤佳宏,,ゼンノロブロイ,2000101517,コロナドスマイル,2005105619,コロナドズクエスト,000a0000b5,（株）カールトン,的場牧場,335.0,2000.0,2005.0,1995.0
2016105791,アルバス,牡,水野貴史,,アグネスデジタル,1997110025,ヴィヴィアン,2007100348,ゼンノエルシド,1997110179,仲尾正人,サンコウ牧場,334.5,1997.0,2007.0,1997.0
2016105678,クリスマスベル,牝,川西毅,,ロジユニヴァース,2006103140,スズカブルーム,2002104512,スキャターザゴールド,000a000d99,（有）グランド牧場,グランド牧場,334.5,2006.0,2002.0,1997.0
2016101788,ロゼオランジュ,牝,加藤和義,,ダンカーク,000a012185,ブリリアントライフ,2002102858,グラスワンダー,1995108676,東邦男,杵臼牧場,333.1,2006.0,2002.0,1995.0
2016100817,オーミサルーテ,牡,鈴木正也,,エスポワールシチー,2005102837,カーディナルローズ,2001106483,ホワイトマズル,1990109700,久保紀夫,松木加代,333.1,2005.0,2001.0,1990.0
2016103571,ヴィルフォーマ,牡,那俄性哲,,ベルシャザール,2008103004,グラマトフィラム,2004106091,クロフネ,1998110135,長浜和也,広富牧場,332.9,2008.0,2004.0,1998.0
2016102825,ゼットヴィグラス,牡,菅原右吉,,サウスヴィグラス,1996110138,サルガソシー,000a00fa53,Affirmed,000a001785,（株）奥州名馬勝志倶,浦新徳司,332.9,1996.0,1998.0,1975.0
2016104175,カラリラ,牝,井樋明正,,トーセンホマレボシ,2009106092,ミスソヴリン,2002100182,ワカオライデン,1981100841,冨田藤男,平岡牧場,332.5,2009.0,2002.0,1981.0
2016105352,プラチナベルン,牝,鈴木義久,,ベルシャザール,2008103004,マスタープラチナム,2010102913,ブライアンズタイム,000a000082,四本昭弘,ＷｉｎｇＦａｒｍ,332.0,2008.0,2010.0,1985.0
2016104094,ゼットプレミアム,牡,稻田彰宏,,サウスヴィグラス,1996110138,バンダ,2008102349,キングヘイロー,1995104427,角山喜信,上水牧場,331.4,1996.0,2008.0,1995.0
2016104120,モリノビーナス,牝,蛯名雄太,,ベーカバド,000a011dc0,ヤマイチジャスミン,2011104555,ファスリエフ,000a00fc4c,坂本肇,笹川大晃牧場,330.5,2007.0,2011.0,1997.0
2016100197,マッシブアプローズ,牡,牛房栄吉,,キングヘイロー,1995104427,キョウワキララ,2007104295,タップダンスシチー,1997110043,小橋亮太,協和牧場,330.2,1995.0,2007.0,1997.0
2016104978,リンラン,牝,石川浩文,,ハービンジャー,000a011996,オンシジューム,2003102705,エンドスウィープ,000a00010f,（株）アプエンテ,社台コーポレーション白老ファーム,330.1,2006.0,2003.0,1991.0
2016101113,ユリア,牝,松本隆宏,,トビーズコーナー,000a011fed,セレクトシューズ,2007106187,マイネルセレクト,1999107196,虻川秋光,加野牧場,330.1,2008.0,2007.0,1999.0
2016106312,コーリンミルキー,牝,的場直之,,ゴールドアリュール,1999106689,コーリンラヴィアン,2001105778,ミシックトライブ,000a000d96,伊藤恵介,前谷武志,330.0,1999.0,2001.0,1996.0
2016106275,オーロペスカ,牡,橋本忠明,,ゴールドアリュール,1999106689,プリンセスペスカ,2006101542,チーフベアハート,1993190010,山田信太郎,藤原牧場,330.0,1999.0,2006.0,1993.0
2016106110,ファンシーラン,牝,牧光二,,ローズキングダム,2007103404,ブリュンヒルト,2004103268,アグネスタキオン,1998101516,岡村善行,西村和夫,330.0,2007.0,2004.0,1998.0
2016104806,サンダミアーノ,牝,竹内正洋,,トーセンホマレボシ,2009106092,トレッビアーノ,2009106192,Teofilo,000a01139e,サンデーレーシング,ノーザンファーム,330.0,2009.0,2009.0,2004.0
2016101532,ナックアポロン,牡,杉浦宏昭,,プリサイスエンド,000a00fe9b,テレビ,2010105712,メイショウサムソン,2003102205,小松欣也,小田牧場,330.0,1997.0,2010.0,2003.0
2016100427,ニシノオウキ,牡,尾形和幸,,メイショウボーラー,2001100650,クインクインクイン,2001101903,フジキセキ,1992109618,西山茂行,中央牧場,330.0,2001.0,2001.0,1992.0
2016100346,グレートデー,牡,加藤和宏,,ストロングリターン,2006102934,ファインロマンス,2008104573,ゴールドアリュール,1999106689,スピードファーム,スピードファーム,330.0,2006.0,2008.0,1999.0
2016101886,メイショウラスカル,牡,井樋明正,,トゥザグローリー,2007103265,メイショウピレネー,2006102060,タイキシャトル,1994109686,西隆久,太陽牧場,329.4,2007.0,2006.0,1994.0
2016101074,トーセンゴーランド,牡,横山保,,ケープブランコ,000a011b06,メアリーズガーデン,2005102270,ファルブラヴ,1998190004,稲原雄二,沖田忠幸,329.0,2007.0,2005.0,1998.0
2016102659,ブルベアローザ,牝,飯田弘道,,バゴ,2001190004,シゲルオワリ,2011104839,ファスリエフ,000a00fc4c,遠藤喜和,三好牧場,328.9,2001.0,2011.0,1997.0
2016101266,ホウオウスティング,牡,植松則幸,,ルーラーシップ,2007103143,ベレッツァ,2003101336,フジキセキ,1992109618,（株）ファーストビジ,土田農場,328.9,2007.0,2003.0,1992.0
2016103706,マッケンユウ,セ,高橋俊之,,グランプリボス,2008103388,カツジャックポット,2011102130,ダイワメジャー,2001103114,村瀬正,目黒牧場,328.7,2008.0,2011.0,2001.0
2016102120,ブラックフェアリー,牝,佐々木国,,ヴィクトワールピサ,2007102923,タイキエイワン,2007101744,フサイチコンコルド,1993109220,大樹ファーム,ビクトリーホースランチ,328.6,2007.0,2007.0,1993.0
2016101006,ラブサンキュー,牝,辻哲英,,エスポワールシチー,2005102837,ラブハート,2003100810,マイネルラヴ,1995108558,増田陽一,奥山博,328.5,2005.0,2003.0,1995.0
2016100477,タイヨウノウタ,牝,遠藤茂,,サウスヴィグラス,1996110138,ディマー,000a00faf8,Caerleon,000a0016eb,山下晃徳,中本隆志,328.4,1996.0,1998.0,1980.0
2016105648,ヤマノミリアン,牡,藤ヶ崎一,,ヴァーミリアン,2002100877,スプリングレイ,2005100246,デザートストーリー,000a00faf1,永山和夫,キヨタケ牧場,328.2,2002.0,2005.0,1994.0
2016105866,ミスジャスミン,牝,後藤正義,,オルフェーヴル,2008102636,ベアフットレディ,000a012102,Footstepsinthesand,000a0111b5,黒崎晶,タイヘイ牧場,328.1,2008.0,2008.0,2002.0
2016100887,フライソーハイ,牝,渋谷信博,,シンボリクリスエス,1999110099,リバティープリント,2005102220,スウェプトオーヴァーボード,000a00fa34,石井太郎,ムラカミファーム,328.0,1999.0,2005.0,1997.0
2016105318,ヒョットシテ,牝,加藤和宏,,モンテロッソ,000a011b05,イフポッシブル,2008101780,ブライアンズタイム,000a000082,（株）ファーストビジ,絵笛牧場,327.1,2007.0,2008.0,1985.0
2016100021,マイネルシウン,牡,高野毅,,スターリングローズ,1997106560,フーガフューグ,2007104082,マンハッタンカフェ,1998101554,（同）ランニング・ク,赤石久夫,327.0,1997.0,2007.0,1998.0
2016100217,フロンターレ,牡,今井輝和,,ロジユニヴァース,2006103140,ブランドシャトル,1995107462,Theatrical,000a001bed,八嶋長久,小泉牧場,326.7,2006.0,1995.0,1982.0
2016104059,ミリオンピエール,牝,新井清重,,メイショウボーラー,2001100650,ミラクルメジャー,2010103451,フジキセキ,1992109618,日下部勝徳,阿部栄乃進,326.6,2001.0,2010.0,1992.0
2016102098,ホクトフブキ,牡,栗田泰昌,,サウスヴィグラス,1996110138,メイユール,2009105835,ハーツクライ,2001103038,（有）東海住宅,信岡牧場,326.0,1996.0,2009.0,2001.0
2016101519,ドゥクス,牝,川嶋弘吉,,ゴールドアリュール,1999106689,オヘソノタカラモノ,2007106522,サクラバクシンオー,1989108341,シグラップ・マネジメ,城地牧場,326.0,1999.0,2007.0,1989.0
2016103377,ヤマショウハヤテ,牝,瀬戸幸一,,ブラックタイド,2001103312,メイクデュース,2006105732,トウカイテイオー,1988101025,山下勇,出口牧場,325.9,2001.0,2006.0,1988.0
2016102268,ケイツールフィヤ,牝,大島静夫,,トゥザグローリー,2007103265,ローズエンジェル,2006100187,アグネスデジタル,1997110025,（同）ＪＰＮ技研,秋場牧場,325.5,2007.0,2006.0,1997.0
2016106024,ホームアゲイン,牝,高橋亮,,ディープインパクト,2002100816,マイスイートホーム,2006101249,ブライアンズタイム,000a000082,飯田正剛,千代田牧場,325.0,2002.0,2006.0,1985.0
2016105581,バルカローラ,牡,森下淳平,,メイショウボーラー,2001100650,ミキノセレナーデ,2005105415,コロナドズクエスト,000a0000b5,安原浩司,岡田牧場,325.0,2001.0,2005.0,1995.0
2016105353,マジックハンター,牡,根本康広,,スクリーンヒーロー,2004103328,スターコンドル,2002101036,エルコンドルパサー,1995108742,村山忠弘,鹿戸正幸,325.0,2004.0,2002.0,1995.0
2016102963,フレンドリボン,牝,南田美知,,トーセンホマレボシ,2009106092,セイヴィングス,2003106854,サクラバクシンオー,1989108341,横尾晴人,クリアファーム,325.0,2009.0,2003.0,1989.0
2016100823,セイスピカ,牝,中川公成,,パイロ,000a01176a,サトノフォワード,2008103081,ネオユニヴァース,2000101426,金田成基,松本信行,325.0,2005.0,2008.0,2000.0
2016103739,ストロングヘヴン,セ,矢野久美,,ベルシャザール,2008103004,ポンデュガール,2002105590,フォーティナイナー,000a000134,山本国広,門別敏朗,324.7,2008.0,2002.0,1985.0
2016103367,ハリマドライブ,牝,宗綱泰彦,,トランセンド,2006104736,サンディナナ,2005103013,エイシンサンディ,1993103280,金野博幸,坪田信作,324.6,2006.0,2005.0,1993.0
2016102438,メイショウナリカク,牡,橋本忠明,,メイショウボーラー,2001100650,フォーモサマンボ,2011103180,ノボジャック,1997110152,松本好雄,高昭牧場,324.5,2001.0,2011.0,1997.0
2016110042,アニエラ,牝,尾関知人,,Dubawi,000a0115e2,Royal Highness,000a0126f9,Monsun,000a010db6,前田幸治,Ecurie Des Monceaux,324.0,2002.0,2002.0,1990.0
2016109075,ニンジンムスメ,牝,渡辺博文,,パイロ,000a01176a,ロシャーニ,000a0116d3,Kris,000a001678,三岡陽,長谷地義正,323.4,2005.0,1997.0,1976.0
2016105500,アイルビーザスター,牡,坂本和也,,アイルハヴアナザー,000a011ed3,ツインクルスター,2009103307,サクラバクシンオー,1989108341,池田俊道,岡田スタッド,323.3,2009.0,2009.0,1989.0
2016105771,アプリコットナミブ,牝,鷹見浩,,キングズベスト,000a0022d2,キャッツプライド,1998110161,ヘネシー,000a000178,手嶋康雄,佐竹学,323.0,1997.0,1998.0,1993.0
2016103891,ミラクルフーガ,牝,角田輝也,,ベルシャザール,2008103004,マイベストスター,000a010eda,デインヒル,000a0000d1,簗詰幸子,北島牧場,322.8,2008.0,2000.0,1986.0
2016103696,カリマンタン,牝,原口次夫,,サクラプレジデント,2000102261,ゲームコンパイラ,1998101774,メジロライアン,1987105368,加藤千豊,メイプルファーム,321.9,2000.0,1998.0,1987.0
2016105709,キャッチザウェーブ,牡,村上実,,ロジユニヴァース,2006103140,プロフュージョン,2001103879,ジョリーズヘイロー,000a0001aa,村上聡蔵,グランド牧場,321.8,2006.0,2001.0,1987.0
2016102126,タイキデセーオ,牡,藤ヶ崎一,,ストロングリターン,2006102934,タイキラナキラ,2011106005,フジキセキ,1992109618,大樹ファーム,ビクトリーホースランチ,321.8,2006.0,2011.0,1992.0
2016102061,ハルサエカケル,牡,荒井朋弘,,ゼンノロブロイ,2000101517,フローズンムーン,2010100639,アドマイヤムーン,2003102991,松嶋良治,中脇満,321.5,2000.0,2010.0,2003.0
2016101582,チェインギャング,牡,櫻井拓章,,ゴールドヘイロー,1997101264,オルビア,2004103993,カリズマティック,000a00fa33,谷口祐人,富田恭司,321.3,1997.0,2004.0,1996.0
2016106226,エストリル,牝,佐宗応和,,ジャスタウェイ,2009106461,ヴィヴァシャスヴィヴィアン,000a0117f9,Distorted Humor,000a0022ea,（同）東堂,フジワラファーム,320.0,2009.0,2005.0,1993.0
2016106056,ゼットオラシオン,牡,石川栄,,エンパイアメーカー,000a010542,ゴールドプライシズライジング,000a010755,Touch Gold,000a0022cd,後藤順男,飛野牧場,320.0,2000.0,2001.0,1994.0
2016105743,ヒルノマンダレー,牡,鷹見浩,,ヒルノダムール,2007100727,デットオアアライブ,2005106285,グランデラ,000a00fe3b,ヒルノ,酒井秀紀,320.0,2007.0,2005.0,1998.0
2016104843,ユキエチャン,牝,須貝尚介,,ジャスタウェイ,2009106461,ベットーレ,000a0139a1,Blu Air Force,000a01289c,大野剛嗣,ノーザンファーム,320.0,2009.0,2009.0,1997.0
2016104399,アドマイヤコースト,牡,友道康夫,,キングカメハメハ,2001103460,アドマイヤカンナ,2003102082,ブライアンズタイム,000a000082,近藤利一,ノーザンファーム,320.0,2001.0,2003.0,1985.0
2016102882,サイレントシー,牝,内田勝義,,ヴィクトワールピサ,2007102923,ナムラクーガー,2009102313,Cape Cross,000a0022ae,馬場祥晃,賀張三浦牧場,320.0,2007.0,2009.0,1994.0
2016100218,グッドカグラ,牝,藤田正治,,アドマイヤムーン,2003102991,マイファーストラヴ,2006104350,スエヒロコマンダー,1995104468,小橋亮太,小泉牧場,319.4,2003.0,2006.0,1995.0
2016102343,ボーナファイディ,牝,黒木豊,,ディープスカイ,2005101358,ボーナラテルツァ,2009103824,クロフネ,1998110135,関昭一,笠松牧場,319.2,2005.0,2009.0,1998.0
2016104111,メイガス,牡,井上弘之,,トーセンホマレボシ,2009106092,リカチャンス,2009105503,トワイニング,000a000006,佐藤良二,大川牧場,318.5,2009.0,2009.0,1991.0
2016100552,ローレルジェイド,牡,大塚信次,,ロードカナロア,2008103552,ネネグース,2004102898,クロフネ,1998110135,（株）さくらコーポレ,新冠橋本牧場,318.3,2008.0,2004.0,1998.0
2016105519,ツガノハナチャン,牝,山越光,,スクリーンヒーロー,2004103328,ブルーリッジリバー,1999100119,フジキセキ,1992109618,大塚進,岡田スタッド,317.9,2004.0,1999.0,1992.0
2016105624,サダムオリジン,牝,井手上慎,,サダムパテック,2008102652,ガッダムアスカ,2009103448,スウェプトオーヴァーボード,000a00fa34,岡島行一,神垣道弘,317.8,2008.0,2009.0,1997.0
2016101720,バッカーノ,牝,田村彰啓,,トビーズコーナー,000a011fed,ウェイクアンドテイク,000a00686f,Miswaki,000a0017b0,泉一郎,岡本牧場,317.6,2008.0,1998.0,1978.0
2016103034,イーサンフェイス,牡,川添明弘,,ベーカバド,000a011dc0,サイキョウファスト,2008105115,Awesome Again,000a0021cb,村山哲生,渋谷健作,317.5,2007.0,2008.0,1994.0
2016101196,フリムケバシコ,牝,小野望,,ベルシャザール,2008103004,ダンツライラック,2000110200,Barathea,000a000054,芳賀克也,嶋田牧場,317.5,2008.0,2000.0,1990.0
2016101639,シエテアレグリア,セ,土井道隆,,フサイチセブン,2006101225,クイーンキセキ,2009100199,フジキセキ,1992109618,大黒富美子,浦河日成牧場,317.4,2006.0,2009.0,1992.0
2016105579,ボーズキャット,牝,坂口義幸,,ルーラーシップ,2007103143,ホットフレイバー,2004104183,タバスコキャット,000a000348,高橋貢,岡田牧場,316.8,2007.0,2004.0,1991.0
2016101686,エイシントロイ,牝,田中伸一,,ネオユニヴァース,2000101426,スウィートクレメンタイン,000a0123db,Shamardal,000a010c92,遠藤喜和,栄進牧場,316.5,2000.0,2007.0,2002.0
2016103513,フレフレサッチー,牡,牛房栄吉,,トーセンジョーダン,2006103169,ココニサチアリ,2000103284,シャーディー,000a0002f0,長橋賢吾,原田牧場,316.3,2006.0,2000.0,1986.0
2016101135,ハッピーエマーブル,牝,平山真希,,サウスヴィグラス,1996110138,アースエマーブル,2009101509,キングヘイロー,1995104427,会田裕一,グローリーファーム,316.0,1996.0,2009.0,1995.0
2016101205,コトブキスフェール,牝,桜井今朝,,オルフェーヴル,2008102636,シャイニンオーラ,2008110028,キングカメハメハ,2001103460,尾上松壽,下屋敷牧場,315.6,2008.0,2008.0,2001.0
2016104138,ケープランド,牝,村上正和,,ケープブランコ,000a011b06,ヒカルリクエスト,2004102761,アグネスタキオン,1998101516,田中芳郎,青藍牧場,315.2,2007.0,2004.0,1998.0
2016103699,ニューヨークキャプ,牡,伊藤強一,,キャプテントゥーレ,2005102216,タヤスロマンス,2000101359,カーネギー,000a000093,菰田寛子,メイプルファーム,315.1,2005.0,2000.0,1991.0
2016110035,シードラゴン,牝,吉村圭司,,Siyouni,000a012056,Diyakalanie,000a013ade,Ashkalani,000a002090,吉田千津,Haras De Sainte Gauburge,315.0,2007.0,2004.0,1993.0
2016104079,ヤマイチダンディ,牡,齊藤敏,,ケイムホーム,000a0108d1,ラブシービル,2008102340,マイネルラヴ,1995108558,森和久,市川牧場,315.0,1999.0,2008.0,1995.0
2016103159,ファーストムーバー,牝,荒山勝徳,,ダノンシャンティ,2007105709,ベルテンポ,2011103987,メイショウサムソン,2003102205,林正道,白井牧場,315.0,2007.0,2011.0,2003.0
2016101900,ベルテックスロード,牡,的場均,,ロードアルティマ,2000110026,シンセツ,2007101525,ホワイトマズル,1990109700,山口敦広,多田善弘,315.0,2000.0,2007.0,1990.0
2016100095,ブラックリリー,牝,林幻,,タイムパラドックス,1998101683,ケージーナデシコ,2010105333,クロフネ,1998110135,瀬山孝一,イワミ牧場,314.5,1998.0,2010.0,1998.0
2016105932,リリックファンタジ,牝,尾原強,,ローエングリン,1999106738,サクラミラージュ,2008100496,ブライアンズタイム,000a000082,角山喜信,谷岡牧場,314.0,1999.0,2008.0,1985.0
2016106464,トウケイピン,セ,藤原智行,,ゼンノロブロイ,2000101517,リスティアエナー,2001101656,アジュディケーティング,000a000d5d,大石正,川上牧場,313.9,2000.0,2001.0,1987.0
2016103465,メイショウカクミチ,牡,及川良春,,メイショウボーラー,2001100650,モアマイガール,2001100427,フジキセキ,1992109618,谷謙介,日西牧場,313.9,2001.0,2001.0,1992.0
2016100888,メイクアノイズ,牝,藤ヶ崎一,,シンボリクリスエス,1999110099,レッドメイヴ,2011104259,ディープインパクト,2002100816,長澤宏美,ムラカミファーム,313.7,1999.0,2011.0,2002.0
2016102792,ハーレムノクターン,牡,川島豊,,カンパニー,2001103435,ハーレムスウィング,2006102935,マンハッタンカフェ,1998101554,川上和彦,新井昭二,313.4,2001.0,2006.0,1998.0
2016106151,ドリームパーリオ,牝,後藤佑耶,,ナカヤマフェスタ,2006102424,シルクマイホーム,2006101428,ストーミングホーム,1998190003,辻祐二,畠山牧場,312.2,2006.0,2006.0,1998.0
2016103295,サステイナビリティ,セ,高橋俊之,,キングズベスト,000a0022d2,アースソング,2008105798,アグネスタキオン,1998101516,村瀬正,ダーレー・ジャパン・ファーム,312.2,1997.0,2008.0,1998.0
2016106569,ニッセイオー,牡,中西達也,,フリオーソ,2004106867,スープミント,2010102014,キングカメハメハ,2001103460,西森鶴,日西牧場,312.0,2004.0,2010.0,2001.0
2016101257,スコッチフラワー,牝,佐藤茂,,ゼンノロブロイ,2000101517,フローラルホール,2008103649,オペラハウス,000a000d77,小池依子,土田和男,311.4,2000.0,2008.0,1988.0
2016102287,チャピ,牝,坂口義幸,,オルフェーヴル,2008102636,エビスオール,2005110059,Chief Seattle,000a010bca,橘勝年,恵比寿牧場,310.9,2008.0,2005.0,1997.0
2016101064,ログインボーナス,牝,井手上慎,,ヴァーミリアン,2002100877,シンクオブミー,2008105488,スターリングローズ,1997106560,江津和人,沖田忠幸,310.8,2002.0,2008.0,1997.0
2016106152,トモジャナイト,牡,桜田浩樹,,ヘニーヒューズ,000a011155,ソーゴル,000a0117fa,シングスピール,1992190005,吉冨学,畠山牧場,310.7,2003.0,2002.0,1992.0
2016106599,ホワイトストーム,牡,酒井仁,,ホワイトマズル,1990109700,ウインレコード,2010100023,チチカステナンゴ,000a011135,西村專次,グラストレーニングセンター,310.6,1990.0,2010.0,1998.0
2016104011,サンデーヒロ,牡,田中守,,ハイアーゲーム,2001103160,ミアジョイア,2004103830,コマンダーインチーフ,000a0000b0,三田正真,小野瀬竜馬,310.6,2001.0,2004.0,1990.0
2016103475,トゥラヴユーモア,牝,後藤佑耶,,サイレントディール,2000101634,エクセルギー,2010100872,ブライアンズタイム,000a000082,谷謙介,野島牧場,310.3,2000.0,2010.0,1985.0
2016102721,レディオスカル,牝,永島太郎,,ゼンノロブロイ,2000101517,ヴェルサイユパーク,2011104867,チチカステナンゴ,000a011135,冨沢敦子,ディアレストクラブ,310.1,2000.0,2011.0,1998.0
2016106342,マジックパフォーム,牝,高橋祥泰,,アイルハヴアナザー,000a011ed3,マジックビクトリア,2004105106,オペラハウス,000a000d77,鈴木芳夫,松田牧場,310.0,2009.0,2004.0,1988.0
2016104574,バチェロレッテ,牝,古賀慎明,,ロードカナロア,2008103552,パーフェクトジョイ,2003103019,ステイゴールド,1994108729,吉田和美,ノーザンファーム,310.0,2008.0,2003.0,1994.0
2016102127,フロレンザール,牝,牧浦充徳,,ベルシャザール,2008103004,フロレンティナ,2009106503,クロフネ,1998110135,中辻明,ビクトリーホースランチ,310.0,2008.0,2009.0,1998.0
2016100890,クリノマンジェリカ,牝,伊藤伸一,,パドトロワ,2007102760,ヴェアリアスローズ,2010106098,スターリングローズ,1997106560,栗本博晴,村上牧場,310.0,2007.0,2010.0,1997.0
2016100491,フルクトゥス,牡,伊藤滋規,,サムライハート,2002100996,アリママリア,2003105081,トウカイテイオー,1988101025,組）滋友会,長浜秀昭,310.0,2002.0,2003.0,1988.0
2016105517,シェアザプレジャー,牝,佐藤雅彦,,アイルハヴアナザー,000a011ed3,ブリリアントピース,2009105946,アグネスタキオン,1998101516,増田隆彰,岡田スタッド,309.9,2009.0,2009.0,1998.0
2016102525,リンクスリン,牝,東川公則,,タイキシャトル,1994109686,リアライズカレボ,2009110041,Fusaichi Pegasus,000a0022cf,谷口祐人,高松牧場,308.7,1994.0,2009.0,1997.0
2016102286,ペイシャスムーズ,牝,高馬元紘,,ブラックタイド,2001103312,モカモカ,000a00fa52,Affirmed,000a001785,南雲智,梅田牧場,308.5,2001.0,1995.0,1975.0
2016104483,サトノサイベリー,牝,平田修,,ノヴェリスト,000a012230,サトノユリア,2008103211,ディープインパクト,2002100816,サトミホースカンパニー,ノーザンファーム,308.4,2009.0,2008.0,2002.0
2016102547,リュウノドール,牝,中塚猛,,メイショウボーラー,2001100650,ハギノポンパドール,2004103027,クロフネ,1998110135,蓑島竜一,富塚ファーム,308.4,2001.0,2004.0,1998.0
2016102715,ゴーアブロード,牡,那俄性哲,,モンテロッソ,000a011b05,ベルグチケット,1997102163,ウイニングチケット,1990102314,杉浦和也,ミルファーム,308.3,2007.0,1997.0,1990.0
2016100113,ナンセイエメラルド,牝,山越光,,サウスヴィグラス,1996110138,ナンセイキラメキ,2009101441,クロフネ,1998110135,池田喜吉,大狩部牧場,308.3,1996.0,2009.0,1998.0
2016106240,イグナイトセプター,牡,関本浩司,,バゴ,2001190004,チアフルスマイル,2000104770,サンデーサイレンス,000a00033a,大黒富美子,フジワラファーム,307.9,2001.0,2000.0,1986.0
2016110074,ノーブルメイア,牡,市村誠,,ノーブルミッション,000a0126a3,Mayoress,000a013cae,Machiavellian,000a001c1d,（有）トニーステーブ,Fred W. Hertrich III & John D. Fielding,307.6,2009.0,2003.0,1987.0
2016104182,ストロングゾーン,牡,山崎裕也,,ストロングリターン,2006102934,タケルマヤ,2011100995,マヤノトップガン,1992102988,上野真人,真壁信一,307.5,2006.0,2011.0,1992.0
2016100697,コスモソレイユ,牡,山口益巳,,トーセンジョーダン,2006103169,コスモサンチャン,2010105486,ロージズインメイ,000a010a10,谷謙介,ビッグレッドファーム,307.0,2006.0,2010.0,2000.0
2016105726,アンビシャススター,牡,宇都英樹,,シニスターミニスター,000a011099,ワンモアフリート,2002104557,アフリート,000a000013,（株）ファーストビジ,グランド牧場,306.7,2003.0,2002.0,1984.0
2016102059,カミマミタ,牝,伊藤滋規,,トビーズコーナー,000a011fed,サパス,000a010b3f,Kingmambo,000a001d7e,組）滋友会,中脇満,306.7,2008.0,2002.0,1990.0
2016105168,モズアンジェラ,牝,錦見勇夫,,ハーツクライ,2001103038,ピュアーフレーム,2004110127,Silver Deputy,000a001fa3,錦見日出雄,社台ファーム,306.4,2001.0,2004.0,1985.0
2016105203,パイカジ,牝,池田忠好,,ローエングリン,1999106738,プライムアクトレス,2002100645,エルコンドルパサー,1995108742,木村牧場,社台ファーム,305.4,1999.0,2002.0,1995.0
2016102934,サウスパッキオ,牝,西川進也,,サウスヴィグラス,1996110138,ラヴィーズバード,2009105411,シベリアンホーク,2000110226,（株）ＴＫＫ,木村牧場,305.4,1996.0,2009.0,2000.0
2016105220,マサハヤブリュッヘ,牡,大島静夫,,ワークフォース,000a011a7f,ボルドグザグ,000a0120eb,Layman,000a012049,組）リノレーシング,社台ファーム,305.3,2007.0,2009.0,2002.0
2016104661,フラッシュノワール,牡,伊藤大士,,エイシンフラッシュ,2007102951,リビングデイライツ,1997103622,フジキセキ,1992109618,キャロットファーム,ノーザンファーム,305.0,2007.0,1997.0,1992.0
2016102017,メイショウビジュー,牝,田中淳司,,ディープブリランテ,2009105084,アグネスルビー,2005106280,タニノギムレット,1999100226,松本好雄,富田牧場,305.0,2009.0,2005.0,1999.0
2016101042,マサノバルサー,牝,加用正,,エンパイアメーカー,000a010542,サザンビューティー,2003101066,クロフネ,1998110135,猪野毛雅人,猪野毛牧場,305.0,2000.0,2003.0,1998.0
2016100668,アルモニーセレスト,牝,河内洋,,ブラックタイド,2001103312,ラヴゴッデス,2005110125,Lemon Drop Kid,000a0022d0,ノースヒルズ,平山牧場,305.0,2001.0,2005.0,1996.0
2016100933,スタークィーン,牝,高月賢一,,グランプリボス,2008103388,ビッグクロワッサン,2008101767,プリサイスエンド,000a00fe9b,簗詰貴彦,森田芳男,304.8,2008.0,2008.0,1997.0
2016105260,デルマロンシャン,牡,菅原勲,,カジノドライヴ,2005110112,ユッカマウンテン,2009105965,アグネスタキオン,1998101516,高橋一己,社台ファーム,304.5,2005.0,2009.0,1998.0
2016101871,タマモケトル,牝,大島静夫,,ケープブランコ,000a011b06,チャームポット,2006102033,フジキセキ,1992109618,谷謙介,信成牧場,304.1,2007.0,2006.0,1992.0
2016102711,クリムトゥ,牡,稲益貴弘,,プリサイスエンド,000a00fe9b,パリサンジェルマン,2003104164,フレンチデピュティ,000a00013a,角谷守正,猿橋義昭,304.0,1997.0,2003.0,1992.0
2016100727,クレーリッチェ,牝,坂本和也,,キングカメハメハ,2001103460,マイネイサベル,2008104086,テレグノシス,1999106851,（同）ランニング・ク,ビッグレッドファーム,303.2,2001.0,2008.0,1999.0
2016105806,フォルスペランツァ,牝,佐久間雅,,サウスヴィグラス,1996110138,リンクシェーマ,2000100836,ダンスインザダーク,1993109188,八嶋長久,静内白井牧場,303.0,1996.0,2000.0,1993.0
2016106111,ダルバート,牝,那俄性哲,,ストロングリターン,2006102934,ブルーブルチャンネ,2006101388,ステイゴールド,1994108729,杉浦和也,西村和夫,302.9,2006.0,2006.0,1994.0
2016102703,バームクーヘン,牝,諏訪貴正,,プリサイスエンド,000a00fe9b,オンリーユー,2002101064,ディアブロ,000a0000e9,神田宏治,ミルファーム,302.1,1997.0,2002.0,1987.0
2016106435,アルファ,牡,三小田幸,,ゼンノロブロイ,2000101517,ラスリーズ,2009103077,ブライアンズタイム,000a000082,新井原博,川上悦夫,301.6,2000.0,2009.0,1985.0
2016104666,ピンクブロッサム,牝,山崎裕也,,ハービンジャー,000a011996,ルナレガーロ,2010104077,アドマイヤムーン,2003102991,小阪優友,ノーザンファーム,301.0,2006.0,2010.0,2003.0
2016102277,ステイサム,牡,植松則幸,,ルースリンド,2001106791,サンデーメモリー,2002106511,サンデーサイレンス,000a00033a,（株）ファーストビジ,市正牧場,300.8,2001.0,2002.0,1986.0
2016102591,ゴーザハーモニー,牡,高月賢一,,キングズベスト,000a0022d2,ヴェリーバンブー,2010102251,ファルブラヴ,1998190004,日下部勝徳,バンブー牧場,300.7,1997.0,2010.0,1998.0
2016102583,ヨドノミラクル,セ,藤ヶ崎一,,スターリングローズ,1997106560,クイーンマルサ,2006106732,ステイゴールド,1994108729,片岡信賢,林農場,300.4,1997.0,2006.0,1994.0
2016103426,スリン,牝,佐々木由,,パイロ,000a01176a,エンジェルブレイヴ,2010100135,アドマイヤコジーン,1996106512,（有）メルシー,西野春樹,300.3,2005.0,2010.0,1996.0
2016105375,リュウノラブソング,牝,千葉博次,,クロフネ,1998110135,タイキティファニー,2005102495,サクラバクシンオー,1989108341,蓑島竜一,パカパカファーム,300.2,1998.0,2005.0,1989.0
2016105275,ラプリュベル,牝,山田質,,ハーツクライ,2001103038,ラブーム,000a011a9b,Monsun,000a010db6,薄井隆博,社台ファーム,300.0,2001.0,2003.0,1990.0
2016105104,ツキノサバク,牝,蛯名雄太,,Oasis Dream,000a010d4f,ダンサーデスティネイション,000a012fcc,Dubai Destination,000a010a60,吉田照哉,社台ファーム,300.0,2000.0,2010.0,1999.0
2016102683,ポンドグロウ,牡,山崎裕也,,トゥザグローリー,2007103265,エリカオンヒル,2005110169,Century City,000a010f0f,角谷守正,山田牧場,300.0,2007.0,2005.0,1999.0
2016100892,グラッドスマイル,牝,諏訪貴正,,スクリーンヒーロー,2004103328,カネコメヨイコ,2010106211,クロフネ,1998110135,木村益生,村上牧場,299.5,2004.0,2010.0,1998.0
2016103711,モズクロス,牡,新子雅司,,グランプリボス,2008103388,ジーピークロス,2009105491,アグネスタキオン,1998101516,松本光弘,目黒牧場,299.4,2008.0,2009.0,1998.0
2016106025,ムキムキムッキー,牡,諏訪貴正,,クロフネ,1998110135,マザーシップ,2011102209,コンデュイット,2005190006,イージス,千代田牧場,299.3,1998.0,2011.0,2005.0
2016105284,マナブフェイス,牝,中塚猛,,ブラックタイド,2001103312,リリーアメリカ,000a0120ee,American Post,000a011997,佐々木勉,社台ファーム,299.3,2001.0,2009.0,2001.0
2016105700,マルキーズ,牝,諏訪貴正,,ヴィクトワールピサ,2007102923,フレンチリヴィエラ,000a00ff55,フレンチデピュティ,000a00013a,（有）カミイスタット,グランド牧場,298.7,2007.0,1999.0,1992.0
2016101681,エイシントドロキ,牝,平山宏秀,,オルフェーヴル,2008102636,エーシンリターンズ,2007101280,キングカメハメハ,2001103460,（株）ＴＫＫ,栄進牧場,298.4,2008.0,2007.0,2001.0
2016102903,ゴールドソウル,牝,佐藤裕太,,ジャングルポケット,1998101786,レッドスピリッツ,2009105881,マンハッタンカフェ,1998101554,成田仁,木部ファーム,298.1,1998.0,2009.0,1998.0
2016100857,カッシーニ,セ,後藤正義,,ルーラーシップ,2007103143,トクラットリバー,2010104115,ウォーエンブレム,000a00fa35,黒崎晶,村上欽哉,297.9,2007.0,2010.0,1999.0
2016104461,キービジュアル,牡,山田義人,,ワークフォース,000a011a7f,クレヨンルージュ,2003103002,フジキセキ,1992109618,（株）本城,ノーザンファーム,297.6,2007.0,2003.0,1992.0
2016101138,テクノエメラルド,牝,田中正人,,メイショウサムソン,2003102205,コスモアオイ,2010105972,アグネスデジタル,1997110025,西村健,グローリーファーム,297.0,2003.0,2010.0,1997.0
2016100443,ラブリーユー,牝,上杉昌宏,,ストロングリターン,2006102934,シルクジュリエット,1999104263,マーベラスサンデー,1992103687,醍醐智仁,堤牧場,297.0,2006.0,1999.0,1992.0
2016103466,コメハチコルテ,牝,西村守幸,,アサクサキングス,2004103163,アイアイティアラ,1998106334,トロットサンダー,1989107416,吉田忠史,ノースガーデン,296.6,2004.0,1998.0,1989.0
2016104039,ハーモニーフェイズ,牡,新井清重,,クロフネ,1998110135,サンアイブライト,2004102574,スペシャルウィーク,1995103211,日下部勝徳,大作ステーブル,296.5,1998.0,2004.0,1995.0
2016105532,ファルネーゼブルー,牝,高月賢一,,ヘニーヒューズ,000a011155,レジェンドブルー,2006100820,ステイゴールド,1994108729,（株）レックス,岡田スタッド,295.9,2003.0,2006.0,1994.0
2016102191,メイショウヤソキチ,牡,大島静夫,,メイショウボーラー,2001100650,メイショウブルック,2011106066,ディープスカイ,2005101358,（同）ＪＰＮ技研,三嶋牧場,295.8,2001.0,2011.0,2005.0
2016103394,シナノクロイチ,牝,高月賢一,,フリオーソ,2004106867,サンライトリーダ,2002105670,ダンスインザダーク,1993109188,小林勝,中川欽一,295.5,2004.0,2002.0,1993.0
2016106290,ターンテーブル,牝,角田輝也,,パイロ,000a01176a,メーンテーブル,2008100215,ブライアンズタイム,000a000082,山上和良,へいはた牧場,295.3,2005.0,2008.0,1985.0
2016103731,キタノキセキ,牝,大石省三,,ストロングリターン,2006102934,スターリットスカイ,2008103242,フジキセキ,1992109618,名古屋一征,森永牧場,295.0,2006.0,2008.0,1992.0
2016101316,クオッカ,牡,鈴木義久,,アッミラーレ,1997100569,エーシンメインダム,2005106528,アグネスデジタル,1997110025,安喰武雄,信田牧場,295.0,1997.0,2005.0,1997.0
2016105895,アウトラン,牝,藤ヶ崎一,,アポロキングダム,2003110139,マイカ,2007100209,シンボリクリスエス,1999110099,上田力,武牧場,294.8,2003.0,2007.0,1999.0
2016103130,オルヴィエート,牝,野口孝,,レッドスパーダ,2006105511,ロマンスリップ,2009102493,ネオユニヴァース,2000101426,木村康義,下河辺牧場,294.8,2006.0,2009.0,2000.0
2016100764,マイネルバッカーノ,牡,南田美知,,ナカヤマフェスタ,2006102424,ラヴリードリーム,2006101614,マイネルラヴ,1995108558,Ｍｒ．ホース,ビッグレッドファーム,294.1,2006.0,2006.0,1995.0
2016102689,ワイエススカイ,牝,伊藤強一,,カネヒキリ,2002100978,ワイエスタッチ,2001104420,ロイヤルタッチ,1993101237,山下定良,横山浩司,294.0,2002.0,2001.0,1993.0
2016103714,モズマチニマッター,牡,手島勝利,,グランプリボス,2008103388,ファーマジェンヌ,2009101001,プリサイスエンド,000a00fe9b,湯澤久徳,目黒牧場,293.6,2008.0,2009.0,1997.0
2016105933,サクラトスカーナ,牝,稻田彰宏,,ヴィクトワールピサ,2007102923,シロガネーゼカフェ,2000110206,Gulch,000a001cd6,角山喜信,谷岡牧場,293.4,2007.0,2000.0,1984.0
2016103548,ミツカネローズ,牝,三坂盛雄,,ルーラーシップ,2007103143,ロゼットネビュラ,2006103432,ネオユニヴァース,2000101426,小山田満,日高大洋牧場,293.0,2007.0,2006.0,2000.0
2016100262,ウッティンロブ,牡,岡田一男,,スマートロビン,2008100685,ユウカスミレ,2000104708,サニーブライアン,1994105719,内山和樹,今野活博,293.0,2008.0,2000.0,1994.0
2016106139,ジャスパーケイ,牡,佐久間雅,,マンハッタンカフェ,1998101554,シェアエレガンス,1998104689,ラムタラ,000a0001d4,加藤和夫,橋本牧場,292.7,1998.0,1998.0,1992.0
2016100678,マイネルリッター,牡,上原博之,,アイルハヴアナザー,000a011ed3,ヴィーヴァヴォドカ,2006102823,ダンスインザダーク,1993109188,サラブレッドクラブ・ラフィアン,ビッグレッドファーム,292.5,2009.0,2006.0,1993.0
2016109080,コンチディナー,牡,佐藤雅彦,,スクワートルスクワート,000a000da4,ピースチェイサー,2009106380,アグネスタキオン,1998101516,相馬哲夫,フォレブルー,292.3,1998.0,2009.0,1998.0
2016101217,スーパータマチャン,牡,瀬戸幸一,,サウスヴィグラス,1996110138,ガイアレインボー,2003104834,フジキセキ,1992109618,後藤順男,白井吉美,292.0,1996.0,2003.0,1992.0
2016100991,ブリュレ,牝,斉藤雄一,,スマートロビン,2008100685,シルクアンフィニ,2001101571,ブライアンズタイム,000a000082,山本武司,ラッキー牧場,291.3,2008.0,2001.0,1985.0
2016101979,ゼッケイ,牡,中川竜馬,,アドマイヤマックス,1999107004,アドマイヤドレス,2001100512,スピニングワールド,000a000325,豊島愛子,辻牧場,291.0,1999.0,2001.0,1993.0
2016102425,メイショウユウシン,牡,池添学,,シニスターミニスター,000a011099,トロンボーン,2010102076,アグネスタキオン,1998101516,松本好雄,高昭牧場,290.9,2003.0,2010.0,1998.0
2016102494,マルヨサキチャン,牝,川西毅,,スウェプトオーヴァーボード,000a00fa34,マルヨカレッジ,2004103882,アフリート,000a000013,野村春行,鈴木武蔵,290.8,1997.0,2004.0,1984.0
2016106273,レッツゴームーチョ,牝,山崎尋美,,ハーツクライ,2001103038,トレノトマト,2003105456,デヒア,000a0000df,廣崎玲子,藤原牧場,290.7,2001.0,2003.0,1991.0
2016106023,エムティハヤテ,牡,堀江仁,,アイルハヴアナザー,000a011ed3,ホットファッション,2004104666,スペシャルウィーク,1995103211,（株）門別牧場,千代田牧場,290.0,2009.0,2004.0,1995.0
2016103447,ニシノプレジール,牝,鈴木伸尋,,オルフェーヴル,2008102636,ニシノブルームーン,2004102548,タニノギムレット,1999100226,西山茂行,本桐牧場,290.0,2008.0,2004.0,1999.0
2016101193,ミヤサンヴィッキー,牝,米田英世,,スマートファルコン,2005100097,ミヤサンキューティ,2008103578,クロフネ,1998110135,宮田努,澤田嘉隆,290.0,2005.0,2008.0,1998.0
2016100667,エバークリア,セ,上杉昌宏,,タニノギムレット,1999100226,マザーレイク,2002102287,サンデーサイレンス,000a00033a,前田幸治,平山牧場,290.0,1999.0,2002.0,1986.0
2016103985,イチザテイオー,牡,佐々木功,,ベーカバド,000a011dc0,トウカイウェーブ,2004106606,トウカイテイオー,1988101025,奈良崎孝一郎,びらとり牧場,289.7,2007.0,2004.0,1988.0
2016105945,ガミラスビート,牝,大塚信次,,ベルシャザール,2008103004,キモンクイーン,2011102175,クロフネ,1998110135,藤井猛,田原橋本牧場,289.6,2008.0,2011.0,1998.0
2016100925,フォルレイロ,牝,今井輝和,,ローレルゲレイロ,2004100933,リキサンキャロル,2006105025,ニューイングランド,1997105461,八嶋長久,村田牧場,289.5,2004.0,2006.0,1997.0
2016101322,デルマシャイヨー,牝,矢野久美,,ケイムホーム,000a0108d1,エイコオシャトル,2010101531,タイキシャトル,1994109686,吉武章,萩澤泰博,289.2,1999.0,2010.0,1994.0
2016105469,ソレイケヤッコ,牝,松野勝己,,トーセンジョーダン,2006103169,キッズエンジェル,2003102966,ステイゴールド,1994108729,村瀬正,岡田スタッド,289.1,2006.0,2003.0,1994.0
2016104954,ドリームリッチ,牡,松島寿,,ワークフォース,000a011a7f,エバーブロッサム,2010103752,ディープインパクト,2002100816,東廣美,社台ファーム,288.8,2007.0,2010.0,2002.0
2016101703,プリサイスホウプ,牝,田中譲二,,プリサイスエンド,000a00fe9b,ミスチフキッツ,2008101951,マーベラスサンデー,1992103687,三田正眞,大西ファーム,288.5,1997.0,2008.0,1992.0
2016106365,アレグレユミティー,牝,海馬沢司,,タートルボウル,000a012045,シフォンベール,2003102545,El Prado,000a001fb5,（同）ＪＰＮ技研,矢野牧場,288.3,2002.0,2003.0,1989.0
2016101108,エスプリパール,牝,澤佳宏,,ベルシャザール,2008103004,ピサノマイセン,1999101546,マイニング,000a000221,依田泰雄,金舛幸夫,288.0,2008.0,1999.0,1984.0
2016103546,フレフレシャイン,牝,藤田正治,,ブラックタイド,2001103312,レインオアシャイン,2006105911,キングカメハメハ,2001103460,小橋亮太,日高大洋牧場,287.8,2001.0,2006.0,2001.0
2016105746,ハローサンシャイン,牝,佐野謙二,,ストロングリターン,2006102934,シャープブロー,2001103251,バブルガムフェロー,1993109219,野村茂雄,坂本健一,287.5,2006.0,2001.0,1993.0
2016102643,シングインザレイン,牡,斎藤雄一,,マンハッタンカフェ,1998101554,ポジショントーク,2009105816,シンボリクリスエス,1999110099,古谷剛彦,伏木田牧場,287.5,1998.0,2009.0,1999.0
2016101263,ラインリンクス,牡,地辺幸一,,ヴァーミリアン,2002100877,ノーザンスター,2001101099,カーネギー,000a000093,大澤繁昌,土田農場,286.8,2002.0,2001.0,1991.0
2016103824,トーセンストレート,牡,川添明弘,,トーセンロレンス,2009106085,トーセンウーノ,2006100781,シンボリクリスエス,1999110099,酒井蔀,エスティファーム,286.6,2009.0,2006.0,1999.0
2016105948,スーパーブラウン,セ,古賀光範,,アドマイヤオーラ,2004102987,スイートグラーツ,2005109313,サクラバクシンオー,1989108341,西村新一郎,田原橋本牧場,286.3,2004.0,2005.0,1989.0
2016102322,エムオーラッキー,牝,高月賢一,,メイショウボーラー,2001100650,ティンタジェル,2009105638,キングカメハメハ,2001103460,大浅貢,荻伏三好ファーム,286.3,2001.0,2009.0,2001.0
2016101866,ランバート,牡,高橋俊之,,ヘニーヒューズ,000a011155,シャルロッカ,2010102595,タニノギムレット,1999100226,村瀬恵都子,松栄牧場,286.2,2003.0,2010.0,1999.0
2016103740,オイコイケ,牝,山口益巳,,セイントアレックス,2007110008,エムオーパール,2011102771,ステイゴールド,1994108729,（同）ＪＰＮ技研,門別牧場,285.6,2007.0,2011.0,1994.0
2016101739,スカイオリオン,牝,佐藤茂,,ヴリル,2001110257,タイキブルジュ,2006105704,ワイルドラッシュ,000a0003a1,佐藤六廣,カナイシスタッド,285.4,2001.0,2006.0,1994.0
2016101540,マナツノユキ,牝,酒井仁,,トゥザグローリー,2007103265,スマートメビウス,2007106461,タニノギムレット,1999100226,澤田孝之,様似堀牧場,285.2,2007.0,2007.0,1999.0
2016105826,スマートポラリス,牡,酒井一則,,サウスヴィグラス,1996110138,コンペリングリーズン,000a0112b1,Danzig,000a0000d3,伏田知義,静内山田牧場,285.0,1996.0,2004.0,1977.0
2016104445,ビップナディア,牝,矢野久美,,キンシャサノキセキ,2003110212,カツラドライバー,1998101801,ニホンピロウイナー,1980106362,三岡陽,坂東牧場,285.0,2003.0,1998.0,1980.0
2016104401,アドマイヤジョイ,牝,友道康夫,,ルーラーシップ,2007103143,アドマイヤマリン,2007103338,クロフネ,1998110135,近藤利一,ノーザンファーム,285.0,2007.0,2007.0,1998.0
2016104154,トーアマーブル,牝,小林真治,,ショウナンカンプ,1998102595,トーアミステリー,2006102563,ホワイトマズル,1990109700,酒井孝敏,トーア牧場,285.0,1998.0,2006.0,1990.0
2016101279,アンブレイカブル,牡,高橋亮,,タートルボウル,000a012045,オールウェイズラブ,2010105856,ディープインパクト,2002100816,ノースヒルズ,土居牧場,285.0,2002.0,2010.0,2002.0
2016102163,メイショウフナカジ,牡,東美義,,ダイワメジャー,2001103114,ジャストフォーチャンス,000a010f06,デインヒル,000a0000d1,（同）ＪＰＮ技研,三嶋牧場,284.8,2001.0,2001.0,1986.0
2016101288,キョウエイシンシア,牝,坂井孝義,,ヴィクトワールピサ,2007102923,オルティスローザ,2004110006,Fusaichi Pegasus,000a0022cf,小橋亮太,中田英樹,284.7,2007.0,2004.0,1997.0
2016109012,ダイヤグレース,牝,井上弘之,,ヴァーミリアン,2002100877,エイシンシンシアナ,1995108755,Storm Cat,000a001a98,大野數芳,前田ファーム,284.0,2002.0,1995.0,1983.0
2016105119,トルミロス,牝,橋本和馬,,ルーラーシップ,2007103143,デアリングプライド,2009105868,ダイワメジャー,2001103114,山口功一郎,社台ファーム,284.0,2007.0,2009.0,2001.0
2016104063,コマノヴァンドール,牝,山際孝幸,,ロードカナロア,2008103552,コマノラミア,2005100748,スペシャルウィーク,1995103211,長谷川芳信,新井牧場,284.0,2008.0,2005.0,1995.0
2016102171,ステラバローズ,牝,中川竜馬,,キングズベスト,000a0022d2,ニコールバローズ,2009104381,ゼンノロブロイ,2000101517,紙谷洋一,三嶋牧場,283.7,1997.0,2009.0,2000.0
2016101859,ジン,牡,林徹,,ルーラーシップ,2007103143,セキサンキセキ,2008101505,フジキセキ,1992109618,田畑勝彦,笹島政信,283.6,2007.0,2008.0,1992.0
2016103936,タイセイアルディ,牝,藤ヶ崎一,,ヘニーヒューズ,000a011155,シンプリーラヴリー,000a010e8b,Bold Executive,000a0020cc,山野雄,二風谷ファーム,283.0,2003.0,2002.0,1984.0
2016100469,ハコダテカーニバル,牝,加藤和宏,,シンボリクリスエス,1999110099,ラヴリージョウ,2003100550,フレンチデピュティ,000a00013a,（株）ファーストビジ,中地康弘,283.0,1999.0,2003.0,1992.0
2016102366,マルケイイーグル,牡,三野宮通,,ナカヤマフェスタ,2006102424,シルクスウィフト,2002107315,ブラックタイアフェアー,000a00006e,熊谷清則,桑田ファーム,282.9,2006.0,2002.0,1986.0
2016102787,オールイズスパーブ,牝,堀井雅広,,ゴスホークケン,2005110186,マルターズクリス,2006105155,シンボリクリスエス,1999110099,藤田在子,天羽禮治,282.7,2005.0,2006.0,1999.0
2016104328,ツクバハナコ,牝,田中淳司,,ロードカナロア,2008103552,ライトレール,2008102622,ハーツクライ,2001103038,梁川正普,追分ファーム,282.6,2008.0,2008.0,2001.0
2016102599,ケイティーアカオギ,牡,阿井正雄,,タイキシャトル,1994109686,ティコティコタック,1997104234,サッカーボーイ,1985103538,竹之内康一,バンブー牧場,282.5,1994.0,1997.0,1985.0
2016103240,トワノバルド,牡,山口益巳,,アンライバルド,2006103308,プランサー,2001106327,アブクマポーロ,1992107625,組）Ｇ．Ｇ．Ｇ．Ｍホ,高澤俊雄,282.2,2006.0,2001.0,1992.0
2016101935,メモリーパーソナル,牡,塚田隆男,,グラスワンダー,1995108676,メモリーロワジール,2010104920,アグネスタキオン,1998101516,シンザンクラブ,谷川牧場,282.1,1995.0,2010.0,1998.0
2016106302,リネンワンライン,牡,川村守男,,ジャングルポケット,1998101786,ディパッション,2010104446,ダイワメジャー,2001103114,戸山光男,真歌田中牧場,282.0,1998.0,2010.0,2001.0
2016101372,カウムディー,牝,小桧山悟,,エイシンフラッシュ,2007102951,チェインブラッド,2009101091,マンハッタンカフェ,1998101554,加藤徹,本桐牧場,282.0,2007.0,2009.0,1998.0
2016100079,バンカーズギャル,牝,高橋義忠,,アドマイヤムーン,2003102991,ルークラティブ,000a011234,Seeking the Gold,000a001bea,永井商事,石郷岡雅樹,281.6,2003.0,1998.0,1985.0
2016106324,ガビーズドリーム,セ,佐藤雅彦,,トーセンラー,2008102985,マイディアガビー,1998107442,ヘクタープロテクター,000a000d6b,長島和彦,前田牧場,281.5,2008.0,1998.0,1988.0
2016105925,ナレディ,牝,土井道隆,,スウェプトオーヴァーボード,000a00fa34,コペノイコロ,2006101151,マンハッタンカフェ,1998101554,岡友則,谷岡牧場,281.3,1997.0,2006.0,1998.0
2016105984,タイセイスマーティ,牡,後藤佑耶,,スマートファルコン,2005100097,ジェノア,2009103856,ストラヴィンスキー,000a00fa41,田中成奉,千代田牧場,281.1,2005.0,2009.0,1996.0
2016101957,エドハヤマ,牡,阿井正雄,,バゴ,2001190004,クイーンガバナンス,2007103160,キングカメハメハ,2001103460,ＭＭＣ,大道牧場,281.0,2001.0,2007.0,2001.0
2016106476,エイシントークン,牝,佐久間雅,,トーセンジョーダン,2006103169,エーシンカリーナ,2007106413,アグネスデジタル,1997110025,廣瀬由一,栄進牧場,280.4,2006.0,2007.0,1997.0
2016102285,タニセンボーラ,牡,藤ヶ崎一,,ハービンジャー,000a011996,タニセンヴォイス,2009100947,ゼンノロブロイ,2000101517,染谷幸雄,梅田牧場,280.3,2006.0,2009.0,2000.0
2016101162,マカリカ,牝,張田京,,ロードカナロア,2008103552,フィラデルフィア,2011103453,ディープインパクト,2002100816,中村祐子,ケイアイファーム,280.3,2008.0,2011.0,2002.0
2016105986,ラギッド,牡,矢野英一,,ブラックタイド,2001103312,ジューンブライド,2006101260,アフリート,000a000013,落合幸弘,千代田牧場,280.0,2001.0,2006.0,1984.0
2016105598,グリーンティー,牝,田島俊明,,キンシャサノキセキ,2003110212,ミスライト,2012100278,ハービンジャー,000a011996,Ｂａｓｉｃ,ラークヒルズ,280.0,2003.0,2012.0,2006.0
2016104859,ミリオンスターズ,牝,宗像義忠,,ヴィクトワールピサ,2007102923,ミリオンウィッシーズ,000a0120f5,Darshaan,000a0019b1,Ｇ１レーシング,ノーザンファーム,280.0,2007.0,2002.0,1981.0
2016104752,ソークアップザサン,牡,奥村武,,ノヴェリスト,000a012230,グランプリソフィ,2007103358,アグネスタキオン,1998101516,金子真人ホールディングス,ノーザンファーム,280.0,2009.0,2007.0,1998.0
2016104354,メルキュール,牝,戸田博文,,ジャスタウェイ,2009106461,キュー,000a010e12,フレンチデピュティ,000a00013a,キャロットファーム,社台コーポレーション白老ファーム,280.0,2009.0,1997.0,1992.0
2016103378,アルセーヌ,牡,木原一良,,ルーラーシップ,2007103143,スマートマーチ,2010101218,リンカーン,2000101561,名古屋友豊,戸川牧場,280.0,2007.0,2010.0,2000.0
2016103354,クノイチ,牝,古賀慎明,,アドマイヤムーン,2003102991,ラファダリ,2009102636,シングスピール,1992190005,ゴドルフィン,ダーレー・ジャパン・ファーム,280.0,2003.0,2009.0,1992.0
2016102521,ショートボブ,牝,松永康利,,タイキシャトル,1994109686,ダンスインザマミー,2009105938,タニノギムレット,1999100226,山上和良,高松牧場,280.0,1994.0,2009.0,1999.0
2016102417,メルテール,牝,河内洋,,ダンカーク,000a012185,ジェネロシティー,2010102085,フジキセキ,1992109618,中辻明,高昭牧場,280.0,2006.0,2010.0,1992.0
2016100435,ニューヨークタヤス,牡,伊藤強一,,ジャングルポケット,1998101786,プリティタヤス,2003100250,マーベラスサンデー,1992103687,横瀬兼二,対馬正,279.4,1998.0,2003.0,1992.0
2016103952,アイアムビクトリア,牝,大島静夫,,オルフェーヴル,2008102636,アイアムアクトレス,2008102746,アグネスタキオン,1998101516,組）リノレーシング,坂東牧場,279.3,2008.0,2008.0,1998.0
2016106128,クルセイズプラン,牝,坂口義幸,,バトルプラン,000a0118e8,クルセイズ,2001103050,バブルガムフェロー,1993109219,谷謙介,野坂牧場,279.1,2005.0,2001.0,1993.0
2016101781,タケショウダイヤ,牝,山本学,,ジャスタウェイ,2009106461,スカーレットダイヤ,2005106198,ブライアンズタイム,000a000082,ナイト商事,杵臼牧場,279.0,2009.0,2005.0,1985.0
2016101405,ワンモアグローリー,牝,佐藤茂,,トゥザグローリー,2007103265,ケージーワンモア,2005104574,フジキセキ,1992109618,永野雄介,松本牧場,279.0,2007.0,2005.0,1992.0
2016100739,マイネルグナーデ,牡,瀬戸口悟,,ダンカーク,000a012185,マイネグラティア,2011106369,ネオユニヴァース,2000101426,松野真一,ビッグレッドファーム,278.6,2006.0,2011.0,2000.0
2016102000,ダンカーコ,牝,佐々木由,,ダンカーク,000a012185,ダラバンカ,000a010e8e,In the Wings,000a001cd4,欠畑圭一,辻牧場,278.5,2006.0,2001.0,1986.0
2016103047,アルクマール,牡,鈴木義久,,ゴールドアリュール,1999106689,エクシードワン,1999102630,ナリタブライアン,1991108889,シグラップ・マネジメ,下河辺牧場,278.4,1999.0,1999.0,1991.0
2016100141,ロジベーカ,牝,伊藤勝己,,ベーカバド,000a011dc0,ロジヒット,2010102384,ネオユニヴァース,2000101426,大黒富美子,オリエント牧場,278.0,2007.0,2010.0,2000.0
2016103666,ハクサンチカラ,牡,森始,,パイロ,000a01176a,エレガントシチー,1998105921,サンデーサイレンス,000a00033a,河崎五市,前野牧場,277.5,2005.0,1998.0,1986.0
2016102304,フォーティラブ,牡,角田輝也,,ナカヤマフェスタ,2006102424,カイロローズ,000a010aec,Sadler's Wells,000a00185d,森本敏正,大島牧場,277.1,2006.0,2001.0,1981.0
2016101307,モエレキンジトウ,牡,佐々木由,,ゴールドヘイロー,1997101264,ロングモニュメント,1999101541,サンダーガルチ,000a00035c,大黒富美子,中村和夫,276.9,1997.0,1999.0,1992.0
2016104118,エスワイロビン,牝,中川竜馬,,スマートロビン,2008100685,エスワイジュピター,2002106027,タイキシャトル,1994109686,阪田英裕,笹川大晃牧場,276.4,2008.0,2002.0,1994.0
2016102342,クリアセーリング,牡,黒木豊,,ダンカーク,000a012185,プレシャスライフ,2004104670,タイキシャトル,1994109686,関昭一,笠松牧場,276.1,2006.0,2004.0,1994.0
2016101778,ヴォアラ,牝,錦見勇夫,,ヴィクトワールピサ,2007102923,シャルフミニョンヌ,2006101195,ジャングルポケット,1998101786,錦見日出雄,杵臼牧場,276.0,2007.0,2006.0,1998.0
2016100840,クーファサンピラー,牝,田中伸一,,シンボリクリスエス,1999110099,ウインマリアベール,2007102825,クロフネ,1998110135,小菅誠,村上欽哉,275.9,1999.0,2007.0,1998.0
2016109141,カシノグランプリ,牡,東美義,,グランプリボス,2008103388,グランプリチェリー,2006102094,キングカメハメハ,2001103460,柏木務,柏木務,275.7,2008.0,2006.0,2001.0
2016102970,パークス,牝,石川浩文,,ベルシャザール,2008103004,ハタノボニート,2010110042,Bernardini,000a0111fe,（同）ＪＰＮ技研,グッドラック・ファーム,275.5,2008.0,2010.0,2003.0
2016104878,リアオリヴィア,牝,角居勝彦,,ディープインパクト,2002100816,リアアントニア,000a01294c,Rockport Harbor,000a0111ff,シルクレーシング,ノーザンファーム,275.0,2002.0,2011.0,2002.0
2016104286,アテンポラル,牡,池江泰寿,,ハーツクライ,2001103038,タンタスエルテ,000a011193,Stuka,000a01025b,Ｇ１レーシング,社台コーポレーション白老ファーム,275.0,2001.0,2002.0,1990.0
2016103820,トーセングラート,牝,宗像義忠,,トーセンホマレボシ,2009106092,トーセンアート,2004110159,Woodman,000a001beb,島川隆哉,エスティファーム,275.0,2009.0,2004.0,1983.0
2016103813,トーセンバイオ,牝,小久保智,,トーセンホマレボシ,2009106092,シェイラトス,000a012c9a,Galileo,000a00232b,島川隆哉,エスティファーム,275.0,2009.0,2007.0,1998.0
2016102001,ローザンヌ,牝,角居勝彦,,ハーツクライ,2001103038,ツインテール,2008103146,Tale of the Cat,000a002276,山本英俊,辻牧場,275.0,2001.0,2008.0,1994.0
2016101698,エイシンオリヒメ,牝,武幸四郎,,ロードカナロア,2008103552,ミスティコンクエスト,000a0123da,Mujadil,000a001fac,栄進堂,栄進牧場,275.0,2008.0,2009.0,1988.0
2016103795,パッサカリア,牝,平松徳彦,,ストロングリターン,2006102934,アイキャンデイ,2009101696,ゴールドヘイロー,1997101264,和田博美,若林順一,274.0,2006.0,2009.0,1997.0
2016104474,スイートウィスパー,牝,山崎裕也,,ルーラーシップ,2007103143,ケアレスウィスパー,2004102857,フジキセキ,1992109618,高樽秀夫,ノーザンファーム,273.8,2007.0,2004.0,1992.0
2016104406,エイシントルーパー,牝,新田守,,タートルボウル,000a012045,アルフォンシーヌ,2002100981,サンデーサイレンス,000a00033a,谷謙介,ノーザンファーム,273.3,2002.0,2002.0,1986.0
2016106559,キングズロード,牡,菅原欣也,,キングズベスト,000a0022d2,グレイスオペラ,2003101965,オペラハウス,000a000d77,（有）カネショウ,笹地牧場,273.2,1997.0,2003.0,1988.0
2016100187,エーティーキンセイ,牡,真島元徳,,キンシャサノキセキ,2003110212,フォーマルアプローバル,000a011796,Kingmambo,000a001d7e,八坂照夫,川島牧場,272.9,2003.0,2002.0,1990.0
2016102895,ヴェイパライズ,牡,横山保,,ロージズインメイ,000a010a10,シーノットラブユー,2011102728,タニノギムレット,1999100226,北原大史,川端正博,272.0,2000.0,2011.0,1999.0
2016102478,ハクサンサンサン,牝,加藤和義,,シルポート,2005109202,ダーレームーン,2009102653,アドマイヤムーン,2003102991,河崎五市,鮫川啓一,272.0,2005.0,2009.0,2003.0
2016105951,オトコマサリ,牝,古賀光範,,アポロキングダム,2003110139,プラチナム,2002106594,スキャターザゴールド,000a000d99,西村新一郎,田原橋本牧場,271.0,2003.0,2002.0,1997.0
2016102377,プチティアレ,牝,小西重征,,ルーラーシップ,2007103143,ショウナンタレント,2004103494,アグネスタキオン,1998101516,長澤茂,桑田牧場,270.4,2007.0,2004.0,1998.0
2016105720,イクノフラッシュ,牡,佐々木仁,,メイショウボーラー,2001100650,リアルアーネスト,2010110022,Consolidator,000a011127,小林篤,グランド牧場,270.0,2001.0,2010.0,2002.0
2016105707,キスミーローズ,牝,伊藤圭三,,サウスヴィグラス,1996110138,プリモローズ,2006100962,アサティス,1985109002,グランド牧場,グランド牧場,270.0,1996.0,2006.0,1985.0
2016105627,ユメノツヅキ,牡,平田正一,,セレン,2005105680,ダブルプライム,2009106608,ゴールドアリュール,1999106689,（有）武田興業,神垣道弘,270.0,2005.0,2009.0,1999.0
2016104747,ヴィクトリーキー,牡,黒岩陽一,,ヴィクトワールピサ,2007102923,キーオブライフ,2012104865,キングズベスト,000a0022d2,シルクレーシング,ノーザンレーシング,270.0,2007.0,2012.0,1997.0
2016102393,ケイブルース,牝,金田一昌,,フレンチデピュティ,000a00013a,プレミアムキャノン,2005104975,フジキセキ,1992109618,中西桂子,ケンブリッジバレー,270.0,1992.0,2005.0,1992.0
2016101419,ハセノエンドレス,牡,村田六郎,,プリサイスエンド,000a00fe9b,カワカミリバティー,2009101866,スタチューオブリバティ,000a0109d5,佐藤孝,三石川上牧場,270.0,1997.0,2009.0,2000.0
2016102241,ケンブリッジウルス,牡,大根田裕,,ストロングリターン,2006102934,セイカシリアス,2000109427,フォーティナイナー,000a000134,中西宏彰,山口義彦,269.6,2006.0,2000.0,1985.0
2016102128,タイキウォレス,牡,若松平,,ダンカーク,000a012185,マロノヴィーナス,2007103243,タニノギムレット,1999100226,大樹ファーム,ビクトリーホースランチ,269.5,2006.0,2007.0,1999.0
2016104093,グランヴィクトリア,牝,大島静夫,,スウェプトオーヴァーボード,000a00fa34,バイオレントハート,2004102427,ダンスインザダーク,1993109188,谷謙介,上水牧場,269.1,1997.0,2004.0,1993.0
2016100087,エンドサイレンス,牝,小林真治,,プリサイスエンド,000a00fe9b,フューチャローザ,2001104620,サンデーサイレンス,000a00033a,井上久光,石田牧場,269.0,1997.0,2001.0,1986.0
2016106451,リュウノブルース,牡,北村欣也,,アドマイヤムーン,2003102991,プレイズザミラクル,2004103097,フジキセキ,1992109618,蓑島竜一,八島夕起子,268.4,2003.0,2004.0,1992.0
2016100898,スプリンドーレ,牝,須田和伸,,メイショウボーラー,2001100650,ボンジュールカレン,2006103066,ゴールドアリュール,1999106689,馬目卓,村上牧場,268.0,2001.0,2006.0,1999.0
2016104194,ハニューハント,牝,土井道隆,,トゥザグローリー,2007103265,マルゼンブリッジ,1997103112,マルゼンスキー,000a0003bd,木稲安則,橋本牧場,267.5,2007.0,1997.0,1974.0
2016101164,ロードミラージュ,牡,住吉朝男,,エイシンフラッシュ,2007102951,ラパージュ,2009101517,ダイワメジャー,2001103114,組）オールザベスト組,ケイアイファーム,267.5,2007.0,2009.0,2001.0
2016104991,サトノプロミネント,セ,川添明弘,,ノヴェリスト,000a012230,キャッチザゴールド,2000101467,サンデーサイレンス,000a00033a,栗嶋豊明,社台コーポレーション白老ファーム,266.9,2009.0,2000.0,1986.0
2016101466,エターナルメモリー,牝,村上昌幸,,ベルシャザール,2008103004,ファストメモリー,2009106292,ゴールドアリュール,1999106689,大黒富美子,明治牧場,266.9,2008.0,2009.0,1999.0
2016103153,マイティーガール,牝,池田孝,,ネオヴァンドーム,2007102913,ネオジェイズレーヌ,2007103071,フレンチデピュティ,000a00013a,白井岳,白井牧場,266.5,2007.0,2007.0,1992.0
2016105475,ワンダーボーイ,牡,東美義,,トーセンジョーダン,2006103169,キョウエイワンダー,1996102173,サンデーサイレンス,000a00033a,小橋亮太,岡田スタッド,266.3,2006.0,1996.0,1986.0
2016105523,エールジョリー,牝,室井真文,,トーセンホマレボシ,2009106092,マチカネヒザクラ,1997106859,デインヒル,000a0000d1,（株）ファーストビジ,岡田スタッド,266.1,2009.0,1997.0,1986.0
2016103581,プライオリティー,牡,斉藤正弘,,カジノドライヴ,2005110112,ライトハート,2004106095,キャプテンスティーヴ,000a000d9d,中山博,広富牧場,266.0,2005.0,2004.0,1997.0
2016104652,コルネット,牝,尾島徹,,オルフェーヴル,2008102636,ラッドルチェンド,2010104341,Danehill Dancer,000a002309,渋谷高雄,ノーザンファーム,265.5,2008.0,2010.0,1993.0
2016105004,グレースベイ,牝,安田翔伍,,ヴィクトワールピサ,2007102923,クーデンビーチ,000a011a60,パントレセレブル,000a000271,キャロットファーム,社台ファーム,265.0,2007.0,2000.0,1994.0
2016101645,ルナエスメラルダ,牝,高柳大輔,,フサイチセブン,2006101225,フォービート,2005105843,アグネスタキオン,1998101516,ライオンレースホース,浦河日成牧場,265.0,2006.0,2005.0,1998.0
2016100539,ヴァイル,牝,山田義人,,トーセンホマレボシ,2009106092,アクティビスト,2002100795,フレンチデピュティ,000a00013a,瀬戸竜男,新冠橋本牧場,265.0,2009.0,2002.0,1992.0
2016101550,ズヴィズダー,牝,花本正三,,ジャスタウェイ,2009106461,スコアズビー,2007103203,ロックオブジブラルタル,000a00fd4c,柴田浩二,猿倉牧場,264.8,2009.0,2007.0,1999.0
2016106442,ヒノキブタイ,牡,林正人,,グランプリボス,2008103388,グラントアウィッシュ,000a010b79,Nureyev,000a001676,吉田喜代司,川上牧場,264.7,2008.0,1997.0,1977.0
2016102283,チャブダイガエシ,牡,保利良次,,バゴ,2001190004,コイセヨオトメ,2002102878,フジキセキ,1992109618,生部初男,梅田牧場,264.7,2001.0,2002.0,1992.0
2016102310,キンショーダンサー,牝,山田義人,,ディープブリランテ,2009105084,ハニーダンサー,2004103414,Danehill Dancer,000a002309,成富直行,大島牧場,264.6,2009.0,2004.0,1993.0
2016101604,グランデエス,牝,蛯名利弘,,グランプリボス,2008103388,ユウジンカザン,1998105446,ジェネラス,000a000148,奈良崎孝一郎,山本和彦,264.6,2008.0,1998.0,1988.0
2016103784,エムオーシャルマン,牝,平沢芳三,,エムオーウイナー,2001107097,エムオーアンジェラ,2006103578,マイネルラヴ,1995108558,遠藤喜和,湯浅一夫,264.4,2001.0,2006.0,1995.0
2016110055,スマートアクシス,牝,川島正一,,Lookin At Lucky,000a0138d4,Moored,000a013bdc,Mr. Greeley,000a00213e,（株）大川徹ホールデ,Machmer Hall & Montese LLC,264.0,2007.0,2011.0,1992.0
2016101756,オルエン,牝,川村守男,,ヨハネスブルグ,000a0103b9,ラメール,2009100337,ダイワメジャー,2001103114,北原大史,川越ファーム,264.0,1999.0,2009.0,2001.0
2016100688,ドゥーエノルドゥ,牝,香取和孝,,ナカヤマフェスタ,2006102424,ケイツーノース,2007104657,ファルブラヴ,1998190004,酒井孝敏,ビッグレッドファーム,264.0,2006.0,2007.0,1998.0
2016102365,フラワーリース,牝,矢内博,,タイキシャトル,1994109686,エメラルドミスト,2005101390,ダンスインザダーク,1993109188,鈴木昌四郎,桑田ファーム,263.6,1994.0,2005.0,1993.0
2016102609,ゼロトレランス,牡,西久保政,,カリズマティック,000a00fa33,エシャペ,2005101653,ゼンノエルシド,1997110179,小橋亮太,ヒダカファーム,263.5,1996.0,2005.0,1997.0
2016101640,クールジェンヌ,牝,海馬沢司,,ザサンデーフサイチ,2004102855,クールネージュ,1996110355,フォーティナイナー,000a000134,（同）ＪＰＮ技研,浦河日成牧場,263.1,2004.0,1996.0,1985.0
2016109106,フジマサジャパン,牡,久保杉隆,,トビーズコーナー,000a011fed,ルリイロノチキュウ,2000110150,Gone West,000a001be1,藤原正一,栗山道郎,263.0,2008.0,2000.0,1984.0
2016103469,ハヤマデイズ,牡,酒井一則,,ローレルゲレイロ,2004100933,グラナディラ,2011103090,ファスリエフ,000a00fc4c,仲尾正人,ノースガーデン,262.5,2004.0,2011.0,1997.0
2016100112,ライブリーホーム,牡,川西毅,,ケイムホーム,000a0108d1,テイクザスカイ,2005104809,ゴールドアリュール,1999106689,加藤哲郎,大狩部牧場,262.3,1999.0,2005.0,1999.0
2016106254,タイガーパンチ,牝,工藤裕孝,,ヘニーヒューズ,000a011155,マーヴェリックス,2010104060,Smart Strike,000a00211c,大黒富美子,フジワラファーム,262.1,2003.0,2010.0,1992.0
2016106499,エイシンコトダマ,牝,地辺幸一,,バゴ,2001190004,バーリンスワン,1999110275,Peaks and Valleys,000a000270,谷謙介,栄進牧場,262.0,2001.0,1999.0,1992.0
2016105477,プレシャスメール,牝,土井道隆,,マンハッタンカフェ,1998101554,クイックメール,2006100870,タイキシャトル,1994109686,（同）ＪＰＮ技研,岡田スタッド,262.0,1998.0,2006.0,1994.0
2016100388,ジュルングル,牝,大島静夫,,ジャングルポケット,1998101786,テイエムクラウン,2002104854,ブライアンズタイム,000a000082,（同）ＪＰＮ技研,タニグチ牧場,262.0,1998.0,2002.0,1985.0
2016102956,マリノエリー,牝,東眞市,,タートルボウル,000a012045,ロンギングエリー,2008102890,ゼンノロブロイ,2000101517,サンエツ企画（有）,クラウン日高牧場,261.7,2002.0,2008.0,2000.0
2016110120,クロスオブヴァロー,牡,伊藤和忍,,Australia,000a012499,Azeema,000a013d6a,Averti,000a0021b6,ＤＭＭドリームクラブ,D. J. and Mrs Deer,261.5,2011.0,2004.0,1991.0
2016101850,サツキロマン,牝,山崎裕也,,シベリアンホーク,2000110226,ロマンロード,2011105758,マイネルラヴ,1995108558,小野博郷,榊原敏明,261.2,2000.0,2011.0,1995.0
2016100568,ヤマニンティエラ,牝,伊藤和,,アイルハヴアナザー,000a011ed3,ヤマニンアルシオン,2001102120,サンデーサイレンス,000a00033a,土井久美子,錦岡牧場,260.7,2009.0,2001.0,1986.0
2016102997,フジエルフィ,牝,打越勇児,,パイロ,000a01176a,フリートゥビー,000a000137,Conquistador Cielo,000a0017cc,荒木誠,坂牧場,260.5,2005.0,1994.0,1979.0
2016100239,ウインライジン,牡,大垣敏夫,,アイルハヴアナザー,000a011ed3,コスモネモシン,2007101171,ゼンノロブロイ,2000101517,三岡有香,コスモヴューファーム,260.3,2009.0,2007.0,2000.0
2016105019,ブラックタートル,牡,高馬元紘,,タートルボウル,000a012045,サヴァーレ,2009105695,ローエングリン,1999106738,中本行則,社台コーポレーション白老ファーム,260.2,2002.0,2009.0,1999.0
2016106359,グリンスターク,牡,米谷康秀,,トーセンホマレボシ,2009106092,ホーマンシュテルン,2003105187,ブライアンズタイム,000a000082,相川てる,安田豊重,260.1,2009.0,2003.0,1985.0
2016105876,マーティンシャップ,牡,石坂公一,,キンシャサノキセキ,2003110212,マーティンスリープ,2009101634,シンボリクリスエス,1999110099,大戸志浦,高橋修,260.0,2003.0,2009.0,1999.0
2016102375,ニシノテンカラット,牝,武市康男,,オルフェーヴル,2008102636,ショウナンカラット,2007102038,ブライアンズタイム,000a000082,西山茂行,桑田牧場,260.0,2008.0,2007.0,1985.0
2016100767,ゴールドアクション,牝,中川公成,,ヘニーヒューズ,000a011155,グローバルリーダー,2002102392,テンビー,000a000354,居城寿与,北勝ファーム,260.0,2003.0,2002.0,1990.0
2016100705,コスモアドム,牡,山田徹,,スクリーンヒーロー,2004103328,コスモルビー,2003110076,ソヴィエトスター,000a000320,ＳＲＥ（同）,ビッグレッドファーム,259.8,2004.0,2003.0,1984.0
2016110134,アポロナッシュビル,牡,鋤田誠二,,Strong Mandate,000a013ee4,Circle the Empire,000a013f21,エンパイアメーカー,000a010542,吉山藤雄,Frank Hutchinson,258.5,2011.0,2011.0,2000.0
2016105642,エムティーカイザ,牡,宮本仁,,ルーラーシップ,2007103143,ライトウェイレフト,000a012106,モンジュー,1996190001,蜂須賀重夫,木村秀則,258.3,2007.0,2009.0,1996.0
2016101052,サンエイルレーヴ,牝,森下淳平,,ジャスタウェイ,2009106461,ルナジェーナ,1999107193,フォーティナイナー,000a000134,鈴木雅俊,上村清志,258.0,2009.0,1999.0,1985.0
2016103051,サンエイパール,牝,武藤敏明,,シニスターミニスター,000a011099,クラベス,2008105579,マンハッタンカフェ,1998101554,（同）ＪＰＮ技研,下河辺牧場,257.9,2003.0,2008.0,1998.0
2016103728,クリスタルボール,牝,渡辺博文,,キンシャサノキセキ,2003110212,オンザスローン,2006106150,キングカメハメハ,2001103460,中尾浩一,森永牧場,257.7,2003.0,2006.0,2001.0
2016105592,アップリュウ,牝,倉地学,,キャプテントゥーレ,2005102216,スカイジュエル,2009103855,タイキシャトル,1994109686,増田兼良,小倉光博,257.6,2005.0,2009.0,1994.0
2016110063,ヘビーアタック,牡,渡邊貴光,,Violence,000a013951,Sweetbriar Academy,000a013ca4,ロイヤルアカデミーII,000a000d87,（株）レックス,Pegasus Stud LLC,257.2,2010.0,2004.0,1987.0
2016106050,ビナシスター,牝,木村健,,スマートファルコン,2005100097,シャークブロード,2002103914,ディアブロ,000a0000e9,井之口二三雄,塚田達明,257.0,2005.0,2002.0,1987.0
2016106297,マウコピリカ,牝,藤原智行,,タイキシャトル,1994109686,ナカヤマジェンヌ,2011104891,ステイゴールド,1994108729,新井悟,北洋牧場,256.0,1994.0,2011.0,1994.0
2016101470,バイオダイナミック,牝,福田真広,,オルフェーヴル,2008102636,レジェンドキャット,2007110051,Storm Cat,000a001a98,杉山忠国,明治牧場,256.0,2008.0,2007.0,1983.0
2016102958,クラサンムーン,牝,高馬元紘,,アドマイヤムーン,2003102991,クラキンコ,2007105398,クラキングオー,1997106190,倉見利弘,倉見牧場,255.7,2003.0,2007.0,1997.0
2016105755,タナロット,牝,法理勝弘,,メイショウサムソン,2003102205,レディアドバンス,2001106258,エルコンドルパサー,1995108742,（同）ＭＩＲＡＩ,坂本智広,255.5,2003.0,2001.0,1995.0
2016104777,ジュエルインザサン,牝,和田正一,,ルーラーシップ,2007103143,ジュエルオブザナイト,000a011a44,Giant's Causeway,000a0022e1,シルクレーシング,ノーザンファーム,255.0,2007.0,2002.0,1997.0
2016103859,クリスマスカクタス,牝,那俄性哲,,ダンカーク,000a012185,コスモディスティニ,2005102309,フジキセキ,1992109618,杉浦和也,ムーンシェル・インベストメンツ,255.0,2006.0,2005.0,1992.0
2016101244,ロズ,牝,高柳大輔,,ローズキングダム,2007103404,シプカクラッチュ,2002101257,デヒア,000a0000df,ローレルレーシング,田中春美,255.0,2007.0,2002.0,1991.0
2016100296,サングリーンベイ,牡,藤原辰雄,,テイエムオペラオー,1996100292,スカイワード,2004104022,ティンバーカントリー,000a00035e,加藤ステーブル,サンローゼン,255.0,1996.0,2004.0,1992.0
2016102497,マイネルフィースト,牡,藤ヶ崎一,,ベルシャザール,2008103004,エガオヨシ,2006100450,タイキシャトル,1994109686,片岡信賢,大北牧場,254.7,2008.0,2006.0,1994.0
2016102433,メイショウジガネ,牡,那俄性哲,,ゴールドアリュール,1999106689,バクシンポイント,2007102088,サクラバクシンオー,1989108341,鈴木剛史,高昭牧場,254.5,1999.0,2007.0,1989.0
2016101491,エンジェルハート,牝,鷹見浩,,ルーラーシップ,2007103143,エイブルアロー,2006104051,サクラバクシンオー,1989108341,（有）内田ステーブル,山際牧場,254.5,2007.0,2006.0,1989.0
2016104170,フィールザゴッデス,牝,胡本友晴,,ブラックタイド,2001103312,フィールザタレント,2007110118,Theatrical,000a001bed,中嶋弘士,平岡牧場,254.5,2001.0,2007.0,1982.0
2016106557,チジョウノホシ,牝,酒井一則,,ストーミングホーム,1998190003,フィールドスピカ,2007102159,パラダイスクリーク,1989109110,杉浦和也,ダイヤモンドファーム,254.1,1998.0,2007.0,1989.0
2016105166,ヴィオラピューロ,牝,田中道夫,,ディープブリランテ,2009105084,ピュアティー,1995108897,Woodman,000a001beb,西岡透,社台ファーム,254.0,2009.0,1995.0,1983.0
2016105141,ドンウォリマミー,牡,村上昌幸,,キングズベスト,000a0022d2,ノットユアビジネス,2002100606,エンドスウィープ,000a00010f,岩渕道良,社台ファーム,254.0,1997.0,2002.0,1991.0
2016102653,セクシーヨガ,牝,酒井一則,,プリサイスエンド,000a00fe9b,アサクサコンソメ,2002100670,ダンスインザダーク,1993109188,森田一俊,丸村村下ファーム,253.2,1997.0,2002.0,1993.0
2016104301,ガンガラー,牝,岡野尚光,,ヴィクトワールピサ,2007102923,ニライカナイ,2004110210,モンジュー,1996190001,山下晃徳,追分ファーム,253.0,2007.0,2004.0,1996.0
2016106367,ケイティシャイン,牝,加藤誠一,,タートルボウル,000a012045,ディヴァインクレア,2008101017,ディープインパクト,2002100816,瀧本和義,矢野牧場,252.8,2002.0,2008.0,2002.0
2016100326,ヒノクニノオンナ,牝,宗形竹見,,ヘニーヒューズ,000a011155,ホシニイノリヲ,2009104735,シンボリクリスエス,1999110099,福島徳佑,須崎牧場,252.5,2003.0,2009.0,1999.0
2016105445,グロリアスタイム,牡,東眞市,,ヒルノダムール,2007100727,プリンセスワルツ,1999104488,ブライアンズタイム,000a000082,鳥飼慶一,及川幸夫,252.2,2007.0,1999.0,1985.0
2016104176,ダイセンホマレ,牝,千葉幸喜,,アンライバルド,2006103308,シャコーアデル,2003102330,アジュディケーティング,000a000d5d,根田喜久雄,藤澤昭勝,252.0,2006.0,2003.0,1987.0
2016102671,ノーブルトリトン,牝,水野貴史,,メイショウボーラー,2001100650,ペリウィンクル,1998102769,フォーティナイナー,000a000134,吉木伸彦,村下清志,252.0,2001.0,1998.0,1985.0
2016101345,クリノベロニカ,牝,天間昭一,,ワイルドラッシュ,000a0003a1,ナムラナデシコ,2009101762,フジキセキ,1992109618,栗本博晴,平野牧場,251.4,1994.0,2009.0,1992.0
2016102794,フローラルティアラ,牝,小西重征,,ジャングルポケット,1998101786,レインボーハート,2007102954,エアジハード,1995107978,村井良孝,新井昭二,251.3,1998.0,2007.0,1995.0
2016101897,ライブリーハピネス,牝,成田明,,ブラックタイド,2001103312,ライブリハート,2010104894,プリサイスエンド,000a00fe9b,加藤哲郎,高村牧場,251.3,2001.0,2010.0,1997.0
2016101855,フェアリープール,牝,桜井今朝,,ドリームジャーニー,2004102753,アンノウンウォーターズ,000a0067db,Rahy,000a001c5e,結城喜一,笹島智則,251.3,2004.0,1998.0,1985.0
2016105611,トラストキック,牡,吉橋淳一,,アサクサキングス,2004103163,サクラオンハート,2006101072,サクラチトセオー,1990108898,菅波雅巳,片岡博,251.2,2004.0,2006.0,1990.0
2016102709,チクリ,牡,海馬沢司,,ダンカーク,000a012185,ハチノヨウニサス,2005110161,War Chant,000a00fce0,神田成二,ミルファーム,251.1,2006.0,2005.0,1997.0
2016105536,アーブルルージュ,牝,田中伸一,,トーセンラー,2008102985,ローズウッド,1999101065,ホワイトマズル,1990109700,木村益生,岡田スタッド,251.0,2008.0,1999.0,1990.0
2016100145,タイセイノワール,牝,佐藤雅彦,,アッミラーレ,1997100569,タイセイクインス,2009100048,ワイルドラッシュ,000a0003a1,田中成奉,柏木一則,251.0,1997.0,2009.0,1994.0
2016105754,ジュンリュウセー,牝,山崎裕也,,ローレルゲレイロ,2004100933,モルフェキイ,2006106816,モルフェデスペクタ,1998110056,河合純二,佐々木康治,250.5,2004.0,2006.0,1998.0
2016102284,ペイシャスプリング,牝,中西達也,,ダンカーク,000a012185,スプリングフェスタ,2008102881,ゼンノロブロイ,2000101517,西森鶴,梅田牧場,250.5,2006.0,2008.0,2000.0
2016100478,シェナパドメ,牝,田中守,,サウスヴィグラス,1996110138,トロピカルタイム,2000105004,ブライアンズタイム,000a000082,冨田藤男,中本隆志,250.5,1996.0,2000.0,1985.0
2016105879,ミヤビペルラ,牝,高橋文雅,,ロードカナロア,2008103552,ルナレディ,2011101399,タイキシャトル,1994109686,村上義勝,高橋修,250.0,2008.0,2011.0,1994.0
2016104927,ロンリーソルジャー,牡,加藤征弘,,ディープインパクト,2002100816,インランジェリー,000a0124c8,エンパイアメーカー,000a010542,吉田千津,社台ファーム,250.0,2002.0,2009.0,2000.0
2016104796,クイーンブロッサム,牝,吉岡辰弥,,キングカメハメハ,2001103460,チュウワブロッサム,2007103003,デュランダル,1999106756,吉田勝己,社台コーポレーション白老ファーム,250.0,2001.0,2007.0,1999.0
2016104181,モエヨキング,牡,箕輪武,,トーセンジョーダン,2006103169,ソルティレージュ,1998104113,サンデーサイレンス,000a00033a,望月朋子,真壁信一,250.0,2006.0,1998.0,1986.0
2016104045,アンラッシュ,牝,橋口慎介,,ノヴェリスト,000a012230,キュンティア,1995108948,Darshaan,000a0019b1,前田晋二,ノースヒルズ,250.0,2009.0,1995.0,1981.0
2016103072,ショウナンアーサー,牡,須貝尚介,,ハーツクライ,2001103038,ジャルダンII,000a011a57,Montbrook,000a002163,国本哲秀,下河辺牧場,250.0,2001.0,2006.0,1990.0
2016101332,ストレングスキング,牡,川村守男,,ナカヤマフェスタ,2006102424,ドラマチックローズ,1998110123,Theatrical,000a001bed,新田光代,ヒサイファーム,250.0,2006.0,1998.0,1982.0
2016101222,ソルダートダズル,牡,田村康仁,,エイシンフラッシュ,2007102951,グレースバニヤン,2003102906,サンデーサイレンス,000a00033a,ディアレストクラブ,田上徹,250.0,2007.0,2003.0,1986.0
2016100664,プカナラ,牡,中竹和也,,ハーツクライ,2001103038,クリニエルドゥオル,2006110089,Cozzene,000a001bda,ノースヒルズ,平山牧場,250.0,2001.0,2006.0,1980.0
2016100583,ヤマニンラファーガ,牡,稲垣幸雄,,キングカメハメハ,2001103460,ヤマニンリップル,2008104793,スペシャルウィーク,1995103211,土井肇,錦岡牧場,250.0,2001.0,2008.0,1995.0
2016102208,シャルマンニシキ,牝,錦見勇夫,,ワークフォース,000a011a7f,シャルマンウーマン,2011106116,サクラバクシンオー,1989108341,錦見日出雄,宮内牧場,249.8,2007.0,2011.0,1989.0
2016104259,スマイルワールド,牝,高馬元紘,,キングカメハメハ,2001103460,エスユーエフシー,000a010647,Alzao,000a001cb4,吉田安惠,追分ファーム,249.6,2001.0,1998.0,1980.0
2016100250,ウインフルスター,牡,中西達也,,トーセンホマレボシ,2009106092,ハナノメガミ,1994108915,サクラユタカオー,1982101222,杉岡弘和,コスモヴューファーム,249.5,2009.0,1994.0,1982.0
2016105161,アシタノカゼ,牝,藤田正治,,ハービンジャー,000a011996,ビーチブリーズ,2004103261,マンハッタンカフェ,1998101554,（有）ホースケア,社台ファーム,249.4,2006.0,2004.0,1998.0
2016103012,ヴァンセドル,牡,山中尊徳,,フィガロ,1995108837,セレソローサ,2007105464,マンハッタンカフェ,1998101554,伊達泰明,サンシャイン牧場,249.1,1995.0,2007.0,1998.0
2016105474,エタニティマリー,牝,瀬戸幸一,,ナカヤマフェスタ,2006102424,キョウエイマリー,1998105544,ヘクタープロテクター,000a000d6b,村島昭男,岡田スタッド,249.0,2006.0,1998.0,1988.0
2016100573,ヤマニンポラール,セ,伊藤和忍,,ヤマニンセラフィム,1999104188,ヤマニンパソドブル,2007104730,シンボリクリスエス,1999110099,土井久美子,錦岡牧場,249.0,1999.0,2007.0,1999.0
2016102216,プレミアムコマチ,牝,天間昭一,,キンシャサノキセキ,2003110212,トップコマチ,2005106501,テイエムオペラオー,1996100292,宮内牧場,宮内牧場,248.7,2003.0,2005.0,1996.0
2016102246,オオエストロング,牡,尾林幸二,,ローエングリン,1999106738,サマークイーン,2008101867,ネオユニヴァース,2000101426,川根幸晴,山田昇史,248.6,1999.0,2008.0,2000.0
2016104014,セルリアンキング,牡,倉地学,,キングヘイロー,1995104427,ハッピードロップ,2005102772,ヘクタープロテクター,000a000d6b,伊藤弘泰,高橋正三,248.4,1995.0,2005.0,1988.0
2016105959,アッパレダイテン,牝,千葉津代,,ハイアーゲーム,2001103160,シックスポケット,2003105652,カリズマティック,000a00fa33,大典牧場（有）,大典牧場,248.1,2001.0,2003.0,1996.0
2016102394,ケンブリッジジッタ,牝,金田一昌,,トーセンホマレボシ,2009106092,ラフレッシュブルー,2005104976,グラスワンダー,1995108676,中西桂子,ケンブリッジバレー,248.1,2009.0,2005.0,1995.0
2016101434,フェザーパルフェ,牡,真島元徳,,コンデュイット,2005190006,フェザースティッチ,000a010eac,Silver Hawk,000a0019b4,菊地昌廣,三石軽種馬共同育成センター,248.0,2005.0,1999.0,1979.0
2016103023,アイヴィーサ,牝,川野勇馬,,ロードカナロア,2008103552,ジョウノボレロ,2002105930,ブライアンズタイム,000a000082,佐々木秀幸,三城ボクジョウ,247.1,2008.0,2002.0,1985.0
2016101231,ビームフラッシュ,牝,水野善太,,エイシンフラッシュ,2007102951,ダイワスプレンダー,2008102902,タニノギムレット,1999100226,小橋亮太,タガミファーム,247.1,2007.0,2008.0,1999.0
2016106417,セラールネイジュ,牝,石川浩文,,ダイワメジャー,2001103114,ピースヴィクトリア,2009103884,マヤノトップガン,1992102988,（同）ＪＰＮ技研,チャンピオンズファーム,247.0,2001.0,2009.0,1992.0
2016104113,キャッツウィスカー,牡,長南和宏,,タニノギムレット,1999100226,ジョウノノーブル,2006105443,キングカメハメハ,2001103460,大嶋晃一,桑原牧場,246.8,1999.0,2006.0,2001.0
2016105543,オクラ,牝,尾島徹,,スマートファルコン,2005100097,アスパラガス,2010102825,ティンバーカントリー,000a00035e,小川寛子,岡田牧場,246.1,2005.0,2010.0,1992.0
2016101160,ロードブルームーン,セ,九日俊光,,ロードカナロア,2008103552,ハーフムーンＩＩ,000a012d44,Duke of Marmalade,000a011773,光安了,ケイアイファーム,245.3,2008.0,2010.0,2004.0
2016100836,ハルロック,牝,桜田浩樹,,ヴァーミリアン,2002100877,ハルワカ,2003100858,ワカオライデン,1981100841,真中伸征,三村卓也,245.1,2002.0,2003.0,1981.0
2016103772,パーフェクトレース,牝,佐々木由,,クロフネ,1998110135,ラトーヌタキオン,2007101259,アグネスタキオン,1998101516,谷謙介,ヤナガワ牧場,244.3,1998.0,2007.0,1998.0
2016104798,シェルメール,牝,武井和実,,ジャスタウェイ,2009106461,ディアマイベイビー,2010104069,ディープインパクト,2002100816,酒井孝敏,ノーザンファーム,244.0,2009.0,2010.0,2002.0
2016103663,トミケンボイジフ,牝,柏原誠路,,トゥザグローリー,2007103265,マイネフェニーチェ,2006104869,ブライアンズタイム,000a000082,冨樫賢二,前川義則,244.0,2007.0,2006.0,1985.0
2016102164,メイショウパティオ,牝,新子雅司,,ディープブリランテ,2009105084,スイートストームクリーク,000a010b66,Storm Creek,000a01074a,松本好雄,三嶋牧場,244.0,2009.0,2000.0,1993.0
2016105774,ゴールドパイロ,牝,岩本洋,,パイロ,000a01176a,ケイアイセイラ,2009104269,タイキシャトル,1994109686,（同）クイック・ホー,佐竹学,243.8,2005.0,2009.0,1994.0
2016102112,メイショウメイカ,牝,栗本陽一,,ダンカーク,000a012185,レイジーリヴァー,000a010ebd,In the Wings,000a001cd4,花井栄治,日の出牧場,243.8,2006.0,2003.0,1986.0
2016100290,オトメザミッキー,牝,矢野久美,,ブラックタイド,2001103312,ベストフューチャー,2007104417,ロージズインメイ,000a010a10,矢野龍一,佐藤牧場,243.8,2001.0,2007.0,2000.0
2016105529,ヒマワリ,牝,高橋優子,,マツリダゴッホ,2003104570,ラドランファーマ,2002101831,ホワイトマズル,1990109700,栗嶋豊明,岡田スタッド,243.3,2003.0,2002.0,1990.0
2016105137,デルマエトワール,牝,金田一昌,,クロフネ,1998110135,ニフティハート,1997103487,サンデーサイレンス,000a00033a,浅沼廣幸,社台ファーム,243.1,1998.0,1997.0,1986.0
2016103507,エリーアワード,牝,手島勝利,,アッミラーレ,1997100569,ツーツーエイプリル,2004107118,グラスワンダー,1995108676,谷謙介,浜本幸雄,243.1,1997.0,2004.0,1995.0
2016103100,ストイクス,牝,高岩孝敏,,ノヴェリスト,000a012230,ピサノキャニオン,2000105993,サンデーサイレンス,000a00033a,井上久光,下河辺牧場,243.0,2009.0,2000.0,1986.0
2016101422,セカンドショット,牝,伊藤勝己,,ベーカバド,000a011dc0,フラワーホーラー,1998105889,トニービン,1983109006,（有）ホースケア,三石川上牧場,243.0,2007.0,1998.0,1983.0
2016105107,カメチャン,牝,板垣吉則,,タートルボウル,000a012045,ダンスオンザルーフ,2009105853,シンボリクリスエス,1999110099,内田玄祥,社台ファーム,242.1,2002.0,2009.0,1999.0
2016101514,ワンダーグロウス,牝,九日俊光,,エンパイアメーカー,000a010542,ワンダーマッスル,1995107213,キンググローリアス,000a000d48,山本能成,米田牧場,241.9,2000.0,1995.0,1986.0
2016100222,チャンピオンピース,牡,齊藤敏,,エイシンフラッシュ,2007102951,エアワルツ,2005102399,ダンスインザダーク,1993109188,松本朋治,小泉学,241.7,2007.0,2005.0,1993.0
2016105173,ファニーフラッシュ,牝,福田真広,,ゴールドアリュール,1999106689,ファニーストーリー,2004103234,Distorted Humor,000a0022ea,川上量生,社台ファーム,241.5,1999.0,2004.0,1993.0
2016101524,マサノファントム,牡,海馬沢司,,マツリダゴッホ,2003104570,キョウエイピュア,1996102175,ジェイドロバリー,000a0001a7,神田成二,寺井文秀,240.6,2003.0,1996.0,1987.0
2016101754,カズフォークナー,牡,菅原欣也,,オルフェーヴル,2008102636,テイエムオーシャン,1998102673,ダンシングブレーヴ,000a0000cc,（同）ＪＰＮ技研,川越ファーム,240.1,2008.0,1998.0,1983.0
2016110016,ブラックパイン,牝,藤沢和雄,,キングズベスト,000a0022d2,スノーパイン,000a012804,Dalakhani,000a01098f,ゴドルフィン,Godolphin,240.0,1997.0,2010.0,2000.0
2016104957,スワローテイルジグ,牝,寺島良,,ストロングリターン,2006102934,エメラルドアイル,1999106707,サンデーサイレンス,000a00033a,吉田照哉,社台ファーム,240.0,2006.0,1999.0,1986.0
2016100483,キーメモリー,牝,西久保政,,パドトロワ,2007102760,キーツヨイ,2002102567,タバスコキャット,000a000348,小橋亮太,中本牧場,239.7,2007.0,2002.0,1991.0
2016103360,オディナ,牡,森沢友貴,,ケープブランコ,000a011b06,クレマチスクィーン,2010100728,ダンスインザダーク,1993109188,奥裕嗣,千葉飯田牧場,239.6,2007.0,2010.0,1993.0
2016102444,キングリキュール,牡,酒井仁,,エイシンフラッシュ,2007102951,リマンドインパクト,2009101105,ディープインパクト,2002100816,澤田孝之,高昭牧場,238.9,2007.0,2009.0,2002.0
2016102756,クイーンソネラ,牝,伊藤勝己,,ギンザグリングラス,2005106327,カヤドーミーティア,2006100756,エアジハード,1995107978,（株）馬事学院,旭牧場,238.8,2005.0,2006.0,1995.0
2016102409,バリエンテドンナ,牝,中川雅之,,ブラックタイド,2001103312,キャロルロゼ,2007102054,タイキシャトル,1994109686,上山泰憲,高昭牧場,238.4,2001.0,2007.0,1994.0
2016100430,ブラックエヴァン,牡,角田輝也,,バトルプラン,000a0118e8,アクアライン,2009104858,スズカマンボ,2001103890,古賀和夫,対馬正,238.3,2005.0,2009.0,2001.0
2016101382,パッションフラワー,牝,柳井宏之,,ロードカナロア,2008103552,クィーンズトレイル,2008103097,ディープインパクト,2002100816,津村達矢,前川勝春,238.1,2008.0,2008.0,2002.0
2016101208,ブラックエクシード,牡,南田美知,,ハーツクライ,2001103038,ドリームモーメント,2005110108,Machiavellian,000a001c1d,菅原広隆,下屋敷牧場,238.0,2001.0,2005.0,1987.0
2016101144,エレディア,牝,岡林光浩,,キングカメハメハ,2001103460,ウッドランドドリーム,000a0118f4,Charnwood Forest,000a002095,中村祐子,ケイアイファーム,237.5,2001.0,2002.0,1992.0
2016105265,ナリノパートナー,セ,井樋明正,,シンボリクリスエス,1999110099,ラカ,2010103816,キングカメハメハ,2001103460,大黒富美子,社台ファーム,237.2,1999.0,2010.0,2001.0
2016104906,プティドバトゥ,牝,伊藤勝好,,スウェプトオーヴァーボード,000a00fa34,アナモリ,2005104006,トワイニング,000a000006,（有）ホースケア,社台ファーム,237.1,1997.0,2005.0,1991.0
2016105786,ステップシー,牝,山崎尋美,,ハービンジャー,000a011996,プリンセスキナウ,2008100346,キングカメハメハ,2001103460,松田幸生,佐竹学,237.0,2006.0,2008.0,2001.0
2016103035,ディアーヨウコ,牝,平田正一,,シンボリクリスエス,1999110099,アンナ,2007102629,クロフネ,1998110135,薪浦亨,下川茂広,236.1,1999.0,2007.0,1998.0
2016105228,ナリノヴェール,牝,九日俊光,,ローエングリン,1999106738,マストシーストップ,1998101646,サンデーサイレンス,000a00033a,（同）ＪＰＮ技研,社台ファーム,235.2,1999.0,1998.0,1986.0
2016103671,グランエスタード,牡,坂井孝義,,パイロ,000a01176a,ファインドロップ,2004105702,サクラバクシンオー,1989108341,谷謙介,前野牧場,235.2,2005.0,2004.0,1989.0
2016105035,クロスペンデュラム,牝,渡邊貴光,,ロードカナロア,2008103552,ザレマ,2004103187,ダンスインザダーク,1993109188,吉田照哉,社台ファーム,235.1,2008.0,2004.0,1993.0
2016105149,フューチャーベース,牝,牧浦充徳,,ディスクリートキャット,000a0113a1,バックシートリズム,000a012efc,El Corredor,000a010238,吉田照哉,社台ファーム,235.0,2003.0,2005.0,1997.0
2016102024,クインズジャスミン,牝,蛯名雄太,,ジャスタウェイ,2009106461,ジャストトゥートゥー,000a0114a2,In Excess,000a00228f,（株）啓愛義肢材料販,富田牧場,235.0,2009.0,2000.0,1987.0
2016101771,ウェーブライダー,牡,中尾秀正,,ダンカーク,000a012185,アリデッド,2006102809,ダンスインザダーク,1993109188,万波健二,杵臼牧場,235.0,2006.0,2006.0,1993.0
2016105381,スカイファルコン,牡,荒巻透,,スマートファルコン,2005100097,ミラクルプリンセス,2004100723,タイキシャトル,1994109686,杉浦和也,パカパカファーム,234.8,2005.0,2004.0,1994.0
2016106603,ハハハ,牝,中野博,,トゥザグローリー,2007103265,アナタゴノミ,2001105672,デヒア,000a0000df,小田切光,田中裕之,234.3,2007.0,2001.0,1991.0
2016102989,ロネガン,牡,菅原勲,,アドマイヤマックス,1999107004,イエローパピヨン,2002105860,アグネスワールド,1995108665,前田敏文,坂牧場,234.0,1999.0,2002.0,1995.0
2016100169,アイファーレーザー,牡,小村正也,,カンパニー,2001103435,アイファーヴァース,2007104552,ネオユニヴァース,2000101426,青山郁代,川上悦夫,233.3,2001.0,2007.0,2000.0
2016106211,アケル,牡,細川忠義,,エイシンフラッシュ,2007102951,ミークレイチェル,2009103837,ネオユニヴァース,2000101426,西森功,藤川ファーム,233.0,2007.0,2009.0,2000.0
2016101106,カシマジョセツ,牝,澤佳宏,,シニスターミニスター,000a011099,サンディシフター,000a00ff58,Crafty Prospector,000a00193b,松浦一久,金舛幸夫,233.0,2003.0,1999.0,1979.0
2016102986,シュガースティック,牝,桜田浩樹,,アポロキングダム,2003110139,アポロパステル,2007106438,ゴールドアリュール,1999106689,山本武司,小屋畑和久,232.6,2003.0,2007.0,1999.0
2016102647,トキノプラチナ,牝,八木正喜,,ディープブリランテ,2009105084,エメラルドコースト,2008105569,ダンスインザダーク,1993109188,田中準市,藤春修二,232.6,2009.0,2008.0,1993.0
2016105541,パシコグランジャー,牡,広森久雄,,タイムパラドックス,1998101683,パシコジュリエ,2007103813,アジュディケーティング,000a000d5d,酒井芳秀,岡田猛,232.5,1998.0,2007.0,1987.0
2016105021,シュンカジョウ,牝,加藤幸保,,ロードカナロア,2008103552,サトノティアラ,2008102885,アグネスタキオン,1998101516,河内孝夫,社台ファーム,232.4,2008.0,2008.0,1998.0
2016105335,アルイレブン,牡,雑賀正光,,ノボジャック,1997110152,スリージェニー,2000100760,フォーティナイナー,000a000134,吉田忠史,富塚ファーム,232.2,1997.0,2000.0,1985.0
2016103226,スプリングハズカム,牝,加藤幸保,,サムライハート,2002100996,オモイデサクラ,2007101401,サクラバクシンオー,1989108341,和田牧場,スマイルファーム,232.2,2002.0,2007.0,1989.0
2016100436,マハロモアナ,牝,佐藤浩一,,エイシンフラッシュ,2007102951,メカマハロ,2009106199,ゼンノロブロイ,2000101517,菊池一之,対馬正,232.2,2007.0,2009.0,2000.0
2016104160,アースヒメ,牝,岡島玉一,,ハービンジャー,000a011996,ヒカルマイヒメ,2007103198,アグネスタキオン,1998101516,松山増男,習志野牧場,232.0,2006.0,2007.0,1998.0
2016101986,オウケンシャトル,牡,川野勇馬,,ベルシャザール,2008103004,オウケンガール,1999103974,マーベラスサンデー,1992103687,上岡和男,辻牧場,232.0,2008.0,1999.0,1992.0
2016100786,プリマコロン,牝,打越勇児,,スクリーンヒーロー,2004103328,フェスティヴキティ,2006105405,バブルガムフェロー,1993109219,臼井義太郎,細川農場,232.0,2004.0,2006.0,1993.0
2016105840,グレートフォンテン,牡,波多野健,,アドマイヤジャパン,2002102324,タイムサイクル,2006100089,マヤノトップガン,1992102988,吉橋興生,城市公,231.9,2002.0,2006.0,1992.0
2016106468,コパノワトソン,牡,板垣吉則,,キングヘイロー,1995104427,エイシンオラトリオ,2011101514,ハーツクライ,2001103038,佐藤善夫,栄進牧場,231.5,1995.0,2011.0,2001.0
2016103636,ホウヨウクイーン,牝,南弘樹,,ヒルノダムール,2007100727,プレトリアン,2007106059,キングヘイロー,1995104427,豊洋牧場,豊洋牧場,231.4,2007.0,2007.0,1995.0
2016103892,トシエ,牝,小林真治,,オルフェーヴル,2008102636,マヤノプリヤ,2003105692,フサイチコンコルド,1993109220,井上久光,北島牧場,231.2,2008.0,2003.0,1993.0
2016102545,チェリースペイン,牡,保利良平,,チェリークラウン,2004102428,チェリーグレイス,2008100721,ティンバーカントリー,000a00035e,山本国広,富塚ファーム,231.2,2004.0,2008.0,1992.0
2016103427,スペシャルヒル,牡,谷口常信,,ブラックタキシード,1996107315,シャンハイオークス,2003106564,シャンハイ,000a000d73,富岡豊,西野春樹,230.2,1996.0,2003.0,1989.0
2016106368,マカベリ,牝,池添兼雄,,キンシャサノキセキ,2003110212,デヴォニアンガーデン,000a0117d0,Vindication,000a010544,ＴｏｐＦｅａｔｈｅｒ,矢野牧場,230.0,2003.0,2005.0,2000.0
2016104553,オーラクルム,牡,宮浦正行,,ハービンジャー,000a011996,デグラーティア,2006109086,フジキセキ,1992109618,八嶋長久,ノーザンファーム,230.0,2006.0,2006.0,1992.0
2016104421,エルガナドール,牝,安田翔伍,,ワークフォース,000a011a7f,ヴァナディース,2008103330,ロックオブジブラルタル,000a00fd4c,久保博文,ノーザンファーム,230.0,2007.0,2008.0,1999.0
2016103126,ルーナクオーレ,牝,大久保龍,,ディープインパクト,2002100816,ルアーズストリート,2007105554,キングカメハメハ,2001103460,落合幸弘,下河辺牧場,230.0,2002.0,2007.0,2001.0
2016100328,サダムピッコロ,牝,稲益貴弘,,サダムパテック,2008102652,レディーソルジャー,2009104741,マヤノトップガン,1992102988,大西美生子,須崎牧場,230.0,2008.0,2009.0,1992.0
2016105899,ドリームノーティス,牝,佐藤壽,,ヒルノダムール,2007100727,ニシノカーリー,2008102449,Shamardal,000a010c92,酒井孝敏,田中裕之,229.8,2007.0,2008.0,2002.0
2016109124,カシノホルス,牡,山下定文,,ミスキャスト,1998103573,イサミステルス,2001100753,トワイニング,000a000006,柏木務,本田土寿,229.6,1998.0,2001.0,1991.0
2016100958,カシノジャスミン,牝,北村欣也,,メイショウボーラー,2001100650,ミスコマチ,2008105132,ステイゴールド,1994108729,柏木務,八木明広,229.6,2001.0,2008.0,1994.0
2016101695,スモールウェーブ,牝,鈴木義久,,ノヴェリスト,000a012230,ベラプラティナ,000a0120f8,プラティニ,1989109107,小林勝,栄進牧場,229.1,2009.0,2004.0,1989.0
2016105273,アイカリトマナカ,牝,加藤幸保,,フレンチデピュティ,000a00013a,ラブリリック,2008103042,ワイルドラッシュ,000a0003a1,（株）ムラタプロパテ,社台ファーム,228.9,1992.0,2008.0,1994.0
2016103149,ブラックビースト,牡,胡本友晴,,アサクサキングス,2004103163,カリスマブラック,2005103399,ブラックタキシード,1996107315,弘芝雪夫,白井牧場,228.3,2004.0,2005.0,1996.0
2016105569,ラヴィブリランテ,牝,榎屋充,,ディープブリランテ,2009105084,ファシネイト,2009109151,キングカメハメハ,2001103460,遠藤喜和,岡田牧場,228.1,2009.0,2009.0,2001.0
2016101477,ストームウォリアー,セ,角田輝也,,メイショウボーラー,2001100650,アップルティー,2002100502,サンデーサイレンス,000a00033a,（同）ＪＰＮ技研,元道牧場,228.0,2001.0,2002.0,1986.0
2016102803,ボルドーバーグ,牝,八木仁,,ケイムホーム,000a0108d1,ファーマソフト,2008101904,スニッツェル,000a010eaa,シグラップ・マネジメ,石原牧場,227.0,1999.0,2008.0,2002.0
2016101101,アケイシャ,牝,国沢輝幸,,シビルウォー,2005102317,ウェディングバレー,2001110183,Peaks and Valleys,000a000270,真中伴典,片山牧場,227.0,2005.0,2001.0,1992.0
2016102235,メイショウランラン,牝,井樋明正,,アイルハヴアナザー,000a011ed3,メイショウモーレン,2009106319,ステイゴールド,1994108729,大黒富美子,本巣敦,226.8,2009.0,2009.0,1994.0
2016102988,ハヤブサヴィーナス,牝,栗本陽一,,アドマイヤムーン,2003102991,アモーレペガサス,1999104604,メジロライアン,1987105368,岡本哲也,坂牧場,226.6,2003.0,1999.0,1987.0
2016102514,パレイドリア,牝,佐野謙二,,プリサイスエンド,000a00fe9b,サウスエンピリカル,2005101539,マンハッタンカフェ,1998101554,和田博美,高岸順一,226.5,1997.0,2005.0,1998.0
2016102429,ルンルンヘレンド,牝,鋤田誠二,,タイキシャトル,1994109686,ニシノヘレンド,2007102519,Oasis Dream,000a010d4f,吉山藤雄,高昭牧場,226.5,1994.0,2007.0,2000.0
2016100875,シゲルアマゾナイト,牡,九日俊光,,クロフネ,1998110135,ホリデイオンアイス,2004103157,ダンスインザダーク,1993109188,森中蕃,村上進治,226.3,1998.0,2004.0,1993.0
2016103770,サンライズギガ,牡,柏原誠路,,カジノドライヴ,2005110112,ホイップクリーム,2009102485,アグネスタキオン,1998101516,松岡隆雄,ヤナガワ牧場,226.0,2005.0,2009.0,1998.0
2016104159,アースエアブリーズ,牝,箕輪武,,ゴールドアリュール,1999106689,アースシンボル,2005104290,トウカイテイオー,1988101025,松山増男,習志野牧場,225.8,1999.0,2005.0,1988.0
2016106389,マースルマン,牡,山田徹,,フリオーソ,2004106867,セレッソフロリード,2010101881,サクラバクシンオー,1989108341,杉浦和也,田湯牧場,225.6,2004.0,2010.0,1989.0
2016101151,ロードラウレア,牡,田口輝彦,,ロードカナロア,2008103552,キャトルフィーユ,2009101532,ディープインパクト,2002100816,竹下佳利,ケイアイファーム,225.5,2008.0,2009.0,2002.0
2016106309,タグヤ,牡,頼本盛行,,ノヴェリスト,000a012230,カネスラッゾ,2008103314,サクラバクシンオー,1989108341,遠藤喜和,前谷武志,225.4,2009.0,2008.0,1989.0
2016100798,ペネトレーター,牝,加藤和義,,ジャスタウェイ,2009106461,シタール,000a0117d7,Fusaichi Pegasus,000a0022cf,松浦快之,松浦牧場,225.4,2009.0,2003.0,1997.0
2016104326,エイカイボルト,牡,矢野久美,,ディープインパクト,2002100816,モクレン,2011110056,Galileo,000a00232b,三岡有香,追分ファーム,225.1,2002.0,2011.0,1998.0
2016104594,カラデニズ,牡,塚田隆男,,ブラックタイド,2001103312,フェリスタス,2009106301,Dansili,000a010a5f,橋元勇氣,ノーザンファーム,225.0,2001.0,2009.0,1996.0
2016100818,オーミハルカゼ,牝,菅原欣也,,ダノンシャンティ,2007105709,パープルパンチ,2004101695,マリエンバード,000a00fa36,小平進,松木加代,225.0,2007.0,2004.0,1997.0
2016102091,アマノコマンダー,牡,山田義人,,ケイムホーム,000a0108d1,ビューティコマンダ,2007104361,コマンダーインチーフ,000a0000b0,伊勢光,日本中央競馬会日高育成牧場,224.4,1999.0,2007.0,1990.0
2016100620,トゥイーディア,牝,堀千亜樹,,ハービンジャー,000a011996,ラナンキュラス,2007104775,スペシャルウィーク,1995103211,前田幸治,ノースヒルズ,224.0,2006.0,2007.0,1995.0
2016103851,トーセンチェロキー,牡,細川忠義,,トーセンロレンス,2009106085,トーセンロビン,2009102240,ファンタスティックライト,1996190005,上岡和男,エスティファーム,223.7,2009.0,2009.0,1996.0
2016102578,レジーナナカヤマ,牝,山田質,,バトルプラン,000a0118e8,ユタカヒメ,2004103688,ブライアンズタイム,000a000082,（有）中山牧場,中山牧場,223.5,2005.0,2004.0,1985.0
2016101110,ケンヴィーナス,牝,鈴木啓之,,プリサイスエンド,000a00fe9b,エフケーサクラ,2004101148,キンググローリアス,000a000d48,（株）エスティ,加野牧場,223.5,1997.0,2004.0,1986.0
2016105615,レディポワソン,牝,橘友和,,ショウナンカンプ,1998102595,アグネスリース,2006102152,フレンチデピュティ,000a00013a,近藤克麿,カタオカファーム,223.4,1998.0,2006.0,1992.0
2016105618,ヴィクトリアループ,牝,宗石大,,ハイアーゲーム,2001103160,ハレイワクィーン,2010102578,キングカメハメハ,2001103460,蕭敬如,カタオカファーム,223.0,2001.0,2010.0,2001.0
2016105488,ウインドシャルム,牝,野田幸雄,,マツリダゴッホ,2003104570,スマーティコジーン,2002110200,Cozzene,000a001bda,福原正博,岡田スタッド,222.9,2003.0,2002.0,1980.0
2016105266,レコルダーレ,牝,佐藤壽,,タートルボウル,000a012045,ラクリモーサ,2009105982,ウォーエンブレム,000a00fa35,酒井孝敏,社台ファーム,222.0,2002.0,2009.0,1999.0
2016100266,ミユキカサブランカ,牝,堀江仁,,ベーカバド,000a011dc0,ゴーゴーサンデー,2006104158,キングカメハメハ,2001103460,長井純一,五丸農場,222.0,2007.0,2006.0,2001.0
2016102186,カルロソ,牝,林幻,,ワークフォース,000a011a7f,メイショウガンツ,2010105141,ダイワメジャー,2001103114,玉腰勇吉,三嶋牧場,221.8,2007.0,2010.0,2001.0
2016103648,シルフィーナ,牝,武藤敏明,,スウェプトオーヴァーボード,000a00fa34,ガッテンハピネス,2010103748,チチカステナンゴ,000a011135,谷謙介,本間牧場,221.6,1997.0,2010.0,1998.0
2016106274,カークソング,牝,玉垣光章,,ダンカーク,000a012185,フューチャサンデー,1997104638,サンデーサイレンス,000a00033a,戸賀智子,藤原牧場,220.8,2006.0,1997.0,1986.0
2016101326,アクティヴローズ,牝,加藤和義,,フリオーソ,2004106867,アルドラ,2009103980,マイネルラヴ,1995108558,東邦男,原口牧場,220.4,2004.0,2009.0,1995.0
2016104753,アメジストヴェイグ,牡,勢司和浩,,ハービンジャー,000a011996,グルヴェイグ,2008103099,ディープインパクト,2002100816,成富直行,ノーザンファーム,220.1,2006.0,2008.0,2002.0
2016100741,バームブラック,牝,加藤和宏,,ノヴェリスト,000a012230,マイネサヴァラン,2009105192,マンハッタンカフェ,1998101554,（株）ファーストビジ,ビッグレッドファーム,220.1,2009.0,2009.0,1998.0
2016105661,ララコンフィアン,牡,碇清次郎,,ルーラーシップ,2007103143,イチゴイチエ,2004104293,マンハッタンカフェ,1998101554,藤井亮輔,グランド牧場,220.0,2007.0,2004.0,1998.0
2016103915,ガッドハンド,牡,梅田智之,,キングカメハメハ,2001103460,マルトク,2001107831,マーベラスサンデー,1992103687,廣崎利洋ＨＤ,清水牧場,220.0,2001.0,2001.0,1992.0
2016101940,リュウノロマンス,牝,齊藤敏,,ゴールドアリュール,1999106689,リトルリスキー,2009110018,Authorized,000a01139f,蓑島竜一,谷川牧場,220.0,1999.0,2009.0,2004.0
2016106119,アイファーキャノン,牝,加藤幸保,,アサクサキングス,2004103163,キシュウリベンジ,2009105692,グリーンアプローズ,1994109559,中島俊房,野表篤夫,219.5,2004.0,2009.0,1994.0
2016104683,ローリエット,牝,大宮和也,,ヘニーヒューズ,000a011155,ローカス,1998101773,トニービン,1983109006,高橋真紀,坂東牧場,219.5,2003.0,1998.0,1983.0
2016101121,スナイプダンス,牡,朝倉実,,モンテロッソ,000a011b05,ラブアスコットー,2007103536,プリサイスエンド,000a00fe9b,舞鴫庄蔵,加野牧場,219.5,2007.0,2007.0,1997.0
2016106448,カルミッチ,牝,大垣敏夫,,ベルシャザール,2008103004,ブルーフェアプレー,2003107299,アジュディケーティング,000a000d5d,野口幸八,川上牧場,218.7,2008.0,2003.0,1987.0
2016101663,エイシンソフィア,牝,渡瀬寛彰,,スマートファルコン,2005100097,エルヴィエント,2008103032,ワイルドラッシュ,000a0003a1,平井克彦,栄進牧場,218.5,2005.0,2008.0,1994.0
2016103380,レパルスベイ,牝,笹野博司,,サンカルロ,2006102822,ブイアスカ,2008105828,アドマイヤドン,1999107052,谷口悦一,戸川牧場,218.3,2006.0,2008.0,1999.0
2016101200,オウレリア,牝,藤田正治,,ドリームジャーニー,2004102753,レディピアレス,2004103146,Point Given,000a00fdbd,（同）ＪＰＮ技研,嶋田牧場,218.3,2004.0,2004.0,1998.0
2016101660,エイシンフォース,牝,酒井一則,,ワークフォース,000a011a7f,エイシンルンナ,2002102703,エイシンワシントン,1991109929,蟹江知彦,栄進牧場,218.2,2007.0,2002.0,1991.0
2016104115,シービーエンブレム,牡,林幻,,シビルウォー,2005102317,ワイズトウショウ,2008100675,キングヘイロー,1995104427,村上正幸,小林孝幸,218.0,2005.0,2008.0,1995.0
2016103422,マナミラー,牝,森山雄大,,グラスワンダー,1995108676,アラブランカ,2000106445,ディアブロ,000a0000e9,佐藤弘樹,長田ファーム,218.0,1995.0,2000.0,1987.0
2016100808,ヘアピンローズ,牝,高橋清顕,,ヘニーヒューズ,000a011155,プリティローズ,2001105774,スキャン,000a000d69,中西純穂,松浦牧場,217.5,2003.0,2001.0,1988.0
2016105253,フォースキャリア,牡,佐藤茂,,ワークフォース,000a011a7f,ムーンレディ,000a010eb7,プラティニ,1989109107,垣本栄一,社台ファーム,217.2,2007.0,1997.0,1989.0
2016102852,ピエナクロフネ,牡,北村欣也,,クロフネ,1998110135,メメキューティー,2010104269,ゴールドアリュール,1999106689,（株）本城,沖田牧場,216.5,1998.0,2010.0,1999.0
2016102646,ゴールドビーム,牝,目迫大輔,,ダンカーク,000a012185,アイランズギフト,2008105551,キングカメハメハ,2001103460,北原光一郎,藤春修二,216.5,2006.0,2008.0,2001.0
2016101820,ピスタ,牡,高橋清顕,,パドトロワ,2007102760,ビクトリアクロス,2007101476,ヘクタープロテクター,000a000d6b,田實邦浩,グラストレーニングセンター,216.5,2007.0,2007.0,1988.0
2016105466,エムテイロード,セ,九日俊光,,トーセンラー,2008102985,カリスマテーラー,2006100762,アドマイヤコジーン,1996106512,谷岡正次,岡田スタッド,216.3,2008.0,2006.0,1996.0
2016105365,サニーバレット,牝,打越勇児,,ケープブランコ,000a011b06,オールアイキャンセイイズワウ,000a0117d6,Street Cry,000a0103ba,菅原広隆,パカパカファーム,216.0,2007.0,2005.0,1998.0
2016102261,リワードプロキオン,牡,宇野木博,,アルデバランII,000a010541,リワードルシアン,2006102409,タヤスツヨシ,1992109612,宮崎忠比古,リワード,216.0,1998.0,2006.0,1992.0
2016105003,クレスコセレーナ,牝,玉垣光章,,ルーラーシップ,2007103143,クレスコティアラ,2006103058,アグネスタキオン,1998101516,堀川三郎,社台ファーム,215.9,2007.0,2006.0,1998.0
2016101395,ウインヴァモス,牡,川西毅,,スクリーンヒーロー,2004103328,フィールドボニータ,2005104557,コロナドズクエスト,000a0000b5,（同）ランニング・ク,前田ファーム,215.9,2004.0,2005.0,1995.0
2016102778,アポロノワキザシ,牝,山田徹,,アポロキングダム,2003110139,アポロノカンザシ,2008110118,Ghostzapper,000a010525,杉浦和也,天羽禮治,215.5,2003.0,2008.0,2000.0
2016105550,バベルノトウ,牡,田村彰啓,,タートルボウル,000a012045,クインズプレイヤー,2004104185,トウカイテイオー,1988101025,藤井猛,岡田牧場,215.3,2002.0,2004.0,1988.0
2016101306,ジェイドリーム,牡,大宮和也,,ゴールドヘイロー,1997101264,レディビーナス,1997110262,Kingmambo,000a001d7e,北原大史,中村和夫,215.3,1997.0,1997.0,1990.0
2016103783,テンマビックハーツ,牝,長南和宏,,モンテロッソ,000a011b05,ユメヒマワリ,2006105890,シンボリクリスエス,1999110099,山本晋也,山田政宏,215.1,2007.0,2006.0,1999.0
2016105054,カルダングリル,牝,月岡健二,,キャプテントゥーレ,2005102216,シークレットコード,2003102657,Fusaichi Pegasus,000a0022cf,谷口祐人,社台ファーム,215.0,2005.0,2003.0,1997.0
2016102971,ティーズビーチ,牝,水野貴史,,カネヒキリ,2002100978,ハタノメドゥーサ,2008105443,ダンスインザダーク,1993109188,立山伸二,グッドラック・ファーム,214.5,2002.0,2008.0,1993.0
2016100789,ゴールゲッター,牝,阪本一栄,,クロフネ,1998110135,ロンギングシャネル,2010104187,ネオユニヴァース,2000101426,山田祐三,細川農場,214.3,1998.0,2010.0,2000.0
2016102239,シャンテ,牝,山下定文,,プリサイスエンド,000a00fe9b,スマートウェーブ,2006103056,ネオユニヴァース,2000101426,野口幸八,山口義彦,214.1,1997.0,2006.0,2000.0
2016105361,シバノテンショウ,牝,宇野木博,,アイルハヴアナザー,000a011ed3,アンキャニー,2010106308,アグネスタキオン,1998101516,柴一男,パカパカファーム,214.0,2009.0,2010.0,1998.0
2016100877,スズカスパイカー,牡,竹下直人,,ジャスタウェイ,2009106461,イッツスパーブ,2008102859,ファルブラヴ,1998190004,永井啓弍,ムラカミファーム,213.4,2009.0,2008.0,1998.0
2016103626,ライフアンドソウル,牝,佐藤博紀,,ノヴェリスト,000a012230,ディスイズザライフ,2003105082,アグネスタキオン,1998101516,寳寄山拓樹,宝寄山忠則,213.3,2009.0,2003.0,1998.0
2016102648,ハーモニーパルフェ,牡,高月賢一,,ベルシャザール,2008103004,ヌードゥフランス,2003103392,ヒシアリダー,1990109099,日下部勝徳,藤春修二,212.8,2008.0,2003.0,1990.0
2016102405,イエローアイ,牝,中野博,,トーセンジョーダン,2006103169,カネトシキフジン,2011103604,キングカメハメハ,2001103460,小橋亮太,高昭牧場,212.7,2006.0,2011.0,2001.0
2016106433,ニチウォ,牝,北村欣也,,ダノンバラード,2008103548,ワタシノデバン,1999106177,アジュディケーティング,000a000d5d,（株）本城,熊沢牧場,212.6,2008.0,1999.0,1987.0
2016102549,ローレンスピリット,牝,堀江仁,,メイショウボーラー,2001100650,アグネスカクシン,2011103277,ネオユニヴァース,2000101426,横澤元夫,中神牧場,212.5,2001.0,2011.0,2000.0
2016104270,ルーアリンド,牝,加藤和義,,ノヴェリスト,000a012230,コーディリア,2009106585,シンボリクリスエス,1999110099,矢内卓人,追分ファーム,212.4,2009.0,2009.0,1999.0
2016101742,アキラメナイ,牡,金田一昌,,ヴリル,2001110257,ブラウンシャイン,1998100473,ヤマニンゼファー,1988101069,金石守,カナイシスタッド,212.3,2001.0,1998.0,1988.0
2016103390,ロージーロージー,牡,平田正一,,ロージズインメイ,000a010a10,ロングモニー,2003107421,ホワイトマズル,1990109700,吉岡廣樹,道見牧場,212.2,2000.0,2003.0,1990.0
2016101670,ロクアイホープ,牡,佐々木清,,タニノギムレット,1999100226,エーシンサンファン,2008104012,ステイゴールド,1994108729,大永商事（株）,栄進牧場,212.1,1999.0,2008.0,1994.0
2016101552,レディアイ,牝,岡田一男,,キャプテントゥーレ,2005102216,プルームリジェール,2005102234,Diesis,000a001815,ライフエンタープライズ,猿倉牧場,212.0,2005.0,2005.0,1980.0
2016100461,ポイントエース,牡,坂本昇,,パドトロワ,2007102760,エクスフラワー,2001100223,スペシャルウィーク,1995103211,多治見国寿,トモファーム,212.0,2007.0,2001.0,1995.0
2016102232,メイショウフェイト,牡,頼本盛行,,メイショウサムソン,2003102205,シェムリアップ,2006105523,ネオユニヴァース,2000101426,（同）ＪＰＮ技研,本巣敦,211.3,2003.0,2006.0,2000.0
2016104471,ヴァロリザー,牡,石川浩文,,スペシャルウィーク,1995103211,グレイスファミリー,2006103404,タニノギムレット,1999100226,（同）ＪＰＮ技研,ノーザンファーム,211.2,1995.0,2006.0,1999.0
2016100575,ヤマニンアネッリ,牝,伊藤和,,ベルシャザール,2008103004,ヤマニンパラダイス,1992110101,Danzig,000a0000d3,土井久美子,錦岡牧場,210.8,2008.0,1992.0,1977.0
2016106352,メイショウサガノ,牝,中川竜馬,,メイショウサムソン,2003102205,メイショウレッド,2004105129,メイショウオウドウ,1995101767,三岡陽,三木田明仁,210.4,2003.0,2004.0,1995.0
2016106165,アブシンベル,牝,川島洋人,,Pioneerof the Nile,000a0122f5,キャタロニアン,000a012ef9,Storm Cat,000a001a98,庄野宏志,服部牧場,210.2,2006.0,2007.0,1983.0
2016102928,キュートアクトレス,牝,川嶋弘吉,,スクリーンヒーロー,2004103328,ハニーゴーオン,2006106826,ステイゴールド,1994108729,永田廣,木村牧場,210.0,2004.0,2006.0,1994.0
2016105834,オーラバンク,牡,八木仁,,ルースリンド,2001106791,ラヴァリーズーム,2007100005,スキャン,000a000d69,高橋徳昭,静内山田牧場,209.9,2001.0,2007.0,1988.0
2016105668,シゲルサファイア,セ,平沢芳三,,ゴールドアリュール,1999106689,コテキタイ,2009103520,サウスヴィグラス,1996110138,伏田知義,グランド牧場,209.8,1999.0,2009.0,1996.0
2016101212,ドナアンブロージア,牝,大宮和也,,パイロ,000a01176a,ポッドコンジュ,2011102898,コンデュイット,2005190006,小川眞査雄,タツヤファーム,209.5,2005.0,2011.0,2005.0
2016105745,モチモチ,牝,安池成実,,タイムパラドックス,1998101683,サクラキューティ,2003104897,サクラローレル,1991103498,木村恵理,坂本健一,208.8,1998.0,2003.0,1991.0
2016105306,ネオポップベビー,牝,土井道隆,,ネオユニヴァース,2000101426,ロリポップガール,1998110062,Trempolino,000a001bf8,酒井孝敏,社台ファーム,208.6,2000.0,1998.0,1984.0
2016103214,スマートレムリア,牡,植松則幸,,ダイワメジャー,2001103114,スマートパンドラ,2010105522,キングヘイロー,1995104427,（株）ファーストビジ,スマート,208.6,2001.0,2010.0,1995.0
2016101924,タイセイフレイム,牡,井手上慎,,ゼンノロブロイ,2000101517,タイセイフレイヤ,2005105605,Tale of the Cat,000a002276,冨田清誠,谷川牧場,208.3,2000.0,2005.0,1994.0
2016100540,ミトノクリ,牝,松浦聡志,,ゼンノロブロイ,2000101517,アドマイヤライト,1996107401,Kris S.,000a0016f2,（有）新冠橋本牧場,新冠橋本牧場,208.1,2000.0,1996.0,1977.0
2016106172,ストーリーズ,牝,佐藤雅彦,,ヨハネスブルグ,000a0103b9,トップスカーレット,2009106205,ダイワメジャー,2001103114,石川諭,服部牧場,207.9,1999.0,2009.0,2001.0
2016103239,ハナミン,牝,平沢芳三,,ジャングルポケット,1998101786,フィールザファン,2007102535,デュランダル,1999106756,小橋亮太,高澤俊雄,207.9,1998.0,2007.0,1999.0
2016109092,ユズ,牝,三野宮通,,ベルシャザール,2008103004,サクラタキオン,2003104904,アグネスタキオン,1998101516,グリーンウッド（株）,ワールドファーム,207.6,2008.0,2003.0,1998.0
2016102667,サンコンコード,牝,池田孝,,トーセンジョーダン,2006103169,エミリア,2000103853,サンデーサイレンス,000a00033a,（株）加藤ステーブル,村下清志,207.4,2006.0,2000.0,1986.0
2016101454,ゼルミーラ,牝,稲益貴弘,,シンボリクリスエス,1999110099,エフティアクトレス,2005102380,ファルブラヴ,1998190004,神田雅行,明治牧場,207.3,1999.0,2005.0,1998.0
2016105904,セイウンフェアリー,牝,山口浩幸,,ネオユニヴァース,2000101426,マイネノエル,1999100342,トニービン,1983109006,冨田藤男,田中裕之,207.1,2000.0,1999.0,1983.0
2016106461,タイガーフェイス,牡,佐藤賢二,,ゼンノロブロイ,2000101517,キストゥクラウン,2006105921,クロフネ,1998110135,村山哲生,カネツ牧場,206.5,2000.0,2006.0,1998.0
2016104278,メイプルクリーク,牝,中西達也,,ゴールドアリュール,1999106689,スカイアライアンス,000a010ac8,Sky Classic,000a001ea6,炭田豊,追分ファーム,206.5,1999.0,1998.0,1987.0
2016106565,ブラックコメディ,牝,角田輝也,,スマートファルコン,2005100097,ブラックジョーク,2007101229,ブラックホーク,1994109361,太田裕臣,岡野牧場,206.1,2005.0,2007.0,1994.0
2016105512,シャトーヒミコ,牝,久保杉隆,,メイショウボーラー,2001100650,フェイドレス,2000101481,バブルガムフェロー,1993109219,大山和成,岡田スタッド,206.1,2001.0,2000.0,1993.0
2016100373,タカユミ,牝,藪口一麻,,トーセンホマレボシ,2009106092,カメレオン,2001101935,サクラバクシンオー,1989108341,藤江勢津男,武田修一,205.9,2009.0,2001.0,1989.0
2016106182,リブパッション,牝,高岩孝敏,,ショウナンカンプ,1998102595,レディセラヴィ,2004105725,アグネスタキオン,1998101516,井上久光,服部牧場,205.0,1998.0,2004.0,1998.0
2016106108,モンサンルナ,牝,宗形竹見,,サウスヴィグラス,1996110138,バトルサクヤビメ,2003107140,フジキセキ,1992109618,山下新一,西村和夫,205.0,1996.0,2003.0,1992.0
2016105728,メリーバローズ,牝,松下武士,,オルフェーヴル,2008102636,チアズスワロー,2004104380,フレンチデピュティ,000a00013a,猪熊広次,今牧場,205.0,2008.0,2004.0,1992.0
2016104979,ディノーラ,牝,中竹和也,,ハーツクライ,2001103038,オンブルリジェール,000a0105c0,Double Bed,000a0104d4,Ｇ１レーシング,社台ファーム,205.0,2001.0,1999.0,1983.0
2016104771,ハーフパイント,牡,高柳瑞樹,,トーセンホマレボシ,2009106092,シンフォニーライツ,2006110018,Vindication,000a010544,吉田和美,ノーザンファーム,205.0,2009.0,2006.0,2000.0
2016103491,グランデオーロラ,牡,畠山吉宏,,サウスヴィグラス,1996110138,アサティスジョオー,2002106471,アサティス,1985109002,グランデオーナーズ,長谷部牧場,205.0,1996.0,2002.0,1985.0
2016102088,ケイスター,牝,杉浦宏昭,,ケープブランコ,000a011b06,クリスコンフリクト,2010109156,シンボリクリスエス,1999110099,桑野克己,日本中央競馬会日高育成牧場,205.0,2007.0,2010.0,1999.0
2016106199,グーテドージャ,牡,中西達也,,キャプテントゥーレ,2005102216,インシステント,000a010aaa,Diesis,000a001815,上岡和男,原田久司,204.5,2005.0,1999.0,1980.0
2016103651,シリウスシリアス,牝,佐藤茂,,スマートファルコン,2005100097,クレバーピルエット,2009103037,リンカーン,2000101561,ニットー商事（株）,本間牧場,204.5,2005.0,2009.0,2000.0
2016101595,ナムラピアス,牝,千葉博次,,アポロキングダム,2003110139,ソアリングピアス,2003102489,エルコンドルパサー,1995108742,谷謙介,林時春,204.5,2003.0,2003.0,1995.0
2016101283,ジョーミラー,牝,田中伸一,,ジョーカプチーノ,2006100529,ジョーゲルダ,2006100212,オペラハウス,000a000d77,江口正典,土居牧場,204.2,2006.0,2006.0,1988.0
2016101426,グランキングスマン,牡,福田真広,,キングズベスト,000a0022d2,ミスムーンライトII,000a012523,プラティニ,1989109107,ｋ’ｓＩｎｔｅｒｎａ,三石川上牧場,204.0,1997.0,2010.0,1989.0
2016100954,ブルベアボルド,牡,五十嵐忠,,カネヒキリ,2002100978,イットオールアッズアップ,000a00fa6c,Our Emblem,000a0022a2,ブルアンドベア,八木明広,204.0,2002.0,1998.0,1991.0
2016103361,テンノビロク,牝,奥高平,,パドトロワ,2007102760,シゲルハチマンタイ,2006105720,シンボリクリスエス,1999110099,村瀬正,千葉飯田牧場,203.7,2007.0,2006.0,1999.0
2016100841,ムギ,牝,新子雅司,,タイキシャトル,1994109686,ウインミュートス,2000107458,ダンスインザダーク,1993109188,山下良子,村上欽哉,203.6,1994.0,2000.0,1993.0
2016100796,アーミークィーン,牝,倉地学,,ハーツクライ,2001103038,キャタラクト,000a00fa59,Storm Cat,000a001a98,稲垣誠,松浦牧場,203.6,2001.0,1999.0,1983.0
2016104886,フェルシュテルケン,牡,飯田弘道,,ダノンシャンティ,2007105709,レインボークォーツ,2008103341,Mr. Greeley,000a00213e,成富直行,ノーザンファーム,203.5,2007.0,2008.0,1992.0
2016103613,ゴールドレン,牝,宗綱泰彦,,スウェプトオーヴァーボード,000a00fa34,セイウンアカネイロ,2010102509,マンハッタンカフェ,1998101554,金野博幸,船越牧場,203.0,1997.0,2010.0,1998.0
2016101583,ペイシャレーサー,牝,武藤敏明,,エイシンフラッシュ,2007102951,ジュンレンカ,2011104247,ネオユニヴァース,2000101426,谷謙介,富田恭司,203.0,2007.0,2011.0,2000.0
2016105937,イズジョークラウン,牡,西久保政,,メイショウボーラー,2001100650,マスターウィンド,2007100478,サクラプレジデント,2000102261,小橋亮太,へいはた牧場,202.6,2001.0,2007.0,2000.0
2016106369,ラッキーロード,牡,松島寿,,ロードカナロア,2008103552,バイタルスタイル,2007101001,スペシャルウィーク,1995103211,（同）ＪＰＮ技研,矢野牧場,201.4,2008.0,2007.0,1995.0
2016100489,ダイバロウコウ,牡,箕輪武,,バトルプラン,000a0118e8,サッキーエンジェル,2010103411,パーソナルラッシュ,2001110155,丹呉通孝,長浜忠,201.4,2005.0,2010.0,2001.0
2016102155,ココリガストン,牡,北野真弘,,ハービンジャー,000a011996,ギンザボナンザ,2007103127,ゼンノロブロイ,2000101517,美崎光二郎,三嶋牧場,201.0,2006.0,2007.0,2000.0
2016106422,マーヴェラスロード,牡,菅原欣也,,ロードカナロア,2008103552,ヤマノサッシュ,2009106534,ファルブラヴ,1998190004,（株）ＳＫＴ,チャンピオンズファーム,200.8,2008.0,2009.0,1998.0
2016104450,レーヌシャドウ,牝,山田徹,,ブラックタイド,2001103312,カロンセギュール,2004110200,Forest Camp,000a010654,近藤一生,ノーザンファーム,200.7,2001.0,2004.0,1997.0
2016104024,アネゴ,牝,真島元徳,,レッドスパーダ,2006105511,クロエチャン,2008104166,スパイキュール,2000101557,三岡有香,リトルブルーファーム,200.5,2006.0,2008.0,2000.0
2016102513,ヤマタケアンジュ,牝,水野貴史,,メイショウサムソン,2003102205,サイレントイヴ,2008102830,アグネスタキオン,1998101516,山中和子,高岸順一,200.5,2003.0,2008.0,1998.0
2016104928,スポーティブ,セ,黒田隆男,,ノヴェリスト,000a012230,ウィケットキーパー,2009105795,アグネスタキオン,1998101516,（株）ファーストビジ,社台ファーム,200.4,2009.0,2009.0,1998.0
2016102561,フェアースカイ,牝,胡本友晴,,グランプリボス,2008103388,サンマルフェアー,2008102159,アドマイヤドン,1999107052,（株）ファーストビジ,中村雅明,200.4,2008.0,2008.0,1999.0
2016101925,サムシングブルー,牝,佐々木仁,,シンボリクリスエス,1999110099,タイセイプロバブル,2006103028,Mr. Greeley,000a00213e,ユートピア牧場,谷川牧場,200.4,1999.0,2006.0,1992.0
2016105769,ラブミフォーエバー,牡,錦見勇夫,,クロフネ,1998110135,ファインセイコー,2001103367,サンデーサイレンス,000a00033a,山本忍,桜井牧場,200.3,1998.0,2001.0,1986.0
2016103279,ゴッドバード,牡,安部幸夫,,ダノンシャンティ,2007105709,マイビビアーヌ,2009110103,Shamardal,000a010c92,稲葉光昭,タバタファーム,200.1,2007.0,2009.0,2002.0
2016101029,ディグヘヴン,牝,山元博徳,,トゥザグローリー,2007103265,ヴィトンクイーン,2006102298,ダンスインザダーク,1993109188,（株）ファーストビジ,稲葉牧場,200.1,2007.0,2006.0,1993.0
2016106583,ストリーク,牝,尾形和幸,,エイシンフラッシュ,2007102951,メイショウセイカ,2007101800,クロフネ,1998110135,ＹＧＧホースクラブ,ヤナガワ牧場,200.0,2007.0,2007.0,1998.0
2016106230,ハイリミットゾーン,牡,北出成人,,ヨハネスブルグ,000a0103b9,シビサーバ,000a011a51,Dixieland Band,000a0017b2,ＫＴレーシング,フジワラファーム,200.0,1999.0,2005.0,1980.0
2016106032,ミヤジハヤカゼ,牡,牧田和弥,,オルフェーヴル,2008102636,ミルフィアタッチ,2006101207,キングカメハメハ,2001103460,曽我司,千代田牧場,200.0,2008.0,2006.0,2001.0
2016105880,ヒートミープリーズ,牝,飯田良弘,,パドトロワ,2007102760,アマノブラウニイー,2007102089,サクラバクシンオー,1989108341,高橋政夫,高橋ファーム,200.0,2007.0,2007.0,1989.0
2016105878,ライクアヘニー,牡,角田輝也,,ヘニーヒューズ,000a011155,ラインキャメロン,2009103711,キングカメハメハ,2001103460,鈴木康弘,高橋修,200.0,2003.0,2009.0,2001.0
2016104453,エクリヴァン,牡,田村康仁,,ジャスタウェイ,2009106461,キャッチータイトル,2003102900,オペラハウス,000a000d77,サンデーレーシング,ノーザンファーム,200.0,2009.0,2003.0,1988.0
2016104339,レイズアフラッグ,牡,平田修,,キングカメハメハ,2001103460,レディシャツィ,000a012042,Privately Held,000a011ff9,Ｇ１レーシング,社台コーポレーション白老ファーム,200.0,2001.0,2005.0,1994.0
2016103382,マルニ,牝,堀宣行,,スクリーンヒーロー,2004103328,メジロフランシス,2001102948,カーネギー,000a000093,シルクレーシング,戸川牧場,200.0,2004.0,2001.0,1991.0
2016102548,トップノッチ,牡,中竹和也,,カネヒキリ,2002100978,ビッグティアラ,2001200004,タイキシャトル,1994109686,山口裕介,富塚ファーム,200.0,2002.0,2001.0,1994.0
2016102436,メイショウクサブエ,牝,飯田祐史,,シンボリクリスエス,1999110099,フォースライト,2009101134,マンハッタンカフェ,1998101554,松本好雄,高昭牧場,200.0,1999.0,2009.0,1998.0
2016101394,ハンターテソーロ,牡,畠山吉宏,,スウェプトオーヴァーボード,000a00fa34,ピアグラス,2010103733,チチカステナンゴ,000a011135,了徳寺健二ホールディングス,前田ファーム,200.0,1997.0,2010.0,1998.0
2016100761,ビジュティエ,牝,尾関知人,,オルフェーヴル,2008102636,マンバラ,000a010eb2,Linamix,000a001e23,サラブレッドクラブ・ラフィアン,ビッグレッドファーム,200.0,2008.0,2003.0,1987.0
2016100748,ルシェルドール,牝,加藤士津,,オルフェーヴル,2008102636,マイネヒメル,2009105143,ロージズインメイ,000a010a10,サラブレッドクラブ・ラフィアン,ビッグレッドファーム,200.0,2008.0,2009.0,2000.0
2016100616,コンバージェンス,セ,岡田稲男,,ノヴェリスト,000a012230,ブルーモーメント,2007104764,ダンスインザダーク,1993109188,ノースヒルズ,ノースヒルズ,200.0,2009.0,2007.0,1993.0
2016100549,ケイアイブロンズ,牡,池上昌和,,シニスターミニスター,000a011099,ゾイゾイ,000a011a59,Seeking the Gold,000a001bea,亀田和弘,新冠橋本牧場,200.0,2003.0,2006.0,1985.0
2016100533,タガノアリサ,牝,石橋守,,ヘニーヒューズ,000a011155,ベルモントキーラ,2008104980,マンハッタンカフェ,1998101554,八木良司,新冠タガノファーム,200.0,2003.0,2008.0,1998.0
2016100039,アルファムーン,牡,小西一男,,アドマイヤムーン,2003102991,アルファグリン,2001104104,エルコンドルパサー,1995108742,貴悦,アサヒ牧場,200.0,2003.0,2001.0,1995.0
2016101939,チューダーローズ,牝,土田稔,,シンボリクリスエス,1999110099,リトルジュン,2007106060,クロフネ,1998110135,阿部東亜子,谷川牧場,199.7,1999.0,2007.0,1998.0
2016103117,メルヘンステージ,牝,井手上慎,,ハーツクライ,2001103038,マーキーアトラクション,000a0117fc,Storm Cat,000a001a98,蜂須賀重夫,下河辺牧場,199.4,2001.0,2000.0,1983.0
2016105447,カプラン,牡,高橋俊之,,タイムパラドックス,1998101683,アリオーン,2009104401,スターリングローズ,1997106560,村瀬正,大滝康晴,199.2,1998.0,2009.0,1997.0
2016105279,サパムーカンチャイ,牝,金田一昌,,ショウナンカンプ,1998102595,リズムオブザレイン,2002100698,サンデーサイレンス,000a00033a,中平和宏,社台ファーム,199.2,1998.0,2002.0,1986.0
2016101356,ショウリノビジョン,牝,加藤和宏,,バトルプラン,000a0118e8,シャイントウショウ,2007100631,オペラハウス,000a000d77,（株）ファーストビジ,堀川洋之,199.1,2005.0,2007.0,1988.0
2016103643,グランブライトマン,牡,桜田康二,,ストロングリターン,2006102934,ソーニディソーニ,1997104365,ノーザンテースト,000a000258,前田敏文,細川牧場,199.0,2006.0,1997.0,1971.0
2016106266,マリー,牝,井樋明正,,キンシャサノキセキ,2003110212,オスカルフランソワ,2005100933,ワイルドラッシュ,000a0003a1,廣瀬由一,藤原牧場,198.8,2003.0,2005.0,1994.0
2016102318,パシュート,牝,打越勇児,,キングヘイロー,1995104427,クリスタルヴィオレ,2001105170,Skip Away,000a00fcd7,荻伏服部牧場,荻伏服部牧場,198.6,1995.0,2001.0,1993.0
2016103894,ロイヤルロード,牡,井上弘之,,タイキシャトル,1994109686,ラヴマリッジ,2005102092,フレンチデピュティ,000a00013a,北嶋義三,北島牧場,198.5,1994.0,2005.0,1992.0
2016109089,エラミカ,牝,飯田良弘,,ケイムホーム,000a0108d1,フィッシュザビート,2008104039,ステイゴールド,1994108729,増本光夫,ラークヒルズ,198.4,1999.0,2008.0,1994.0
2016101923,トウケイクレナイ,牝,住吉朝男,,ヘニーヒューズ,000a011155,セイントリープレア,2000103991,ダンシングブレーヴ,000a0000cc,鍋倉昌志,谷川牧場,198.2,2003.0,2000.0,1983.0
2016101785,エスケーエリス,牝,内野健二,,ハービンジャー,000a011996,ハートスプリンクル,2005100296,Sadler's Wells,000a00185d,北原大史,杵臼牧場,198.2,2006.0,2005.0,1981.0
2016104404,タガノクロシェット,牝,川田孝好,,タートルボウル,000a012045,アプレレクール,2008103224,ゼンノロブロイ,2000101517,崎谷彦司,ノーザンファーム,197.7,2002.0,2008.0,2000.0
2016105274,レジア,牡,矢内博,,ダノンシャンティ,2007105709,ラブリープリンセス,2001102533,エンドスウィープ,000a00010f,田村義徳,社台コーポレーション白老ファーム,197.6,2007.0,2001.0,1991.0
2016101738,ヨアケノホシ,牝,松島寿,,ヴリル,2001110257,タイキクラリス,2006103337,トワイニング,000a000006,大黒富美子,カナイシスタッド,197.4,2001.0,2006.0,1991.0
2016100445,ベストプレゼント,牡,雑賀正光,,ショウナンカンプ,1998102595,サフランキセキ,2003104338,トウカイテイオー,1988101025,小橋亮太,トド岩高原銀河農場物語,197.3,1998.0,2003.0,1988.0
2016100031,ツインイレブン,牡,川西毅,,ショウナンカンプ,1998102595,フォーエバーダンス,2011104483,チチカステナンゴ,000a011135,吉野加壽代,秋田牧場,197.1,1998.0,2011.0,1998.0
2016103802,パオラレジーナ,牝,角田輝也,,パイロ,000a01176a,デルマザシキワラシ,2010103944,タニノギムレット,1999100226,岩田幸哉,若林順一,196.9,2005.0,2010.0,1999.0
2016103742,レッツコウタロウ,牡,今津勝之,,バンブーエール,2003104100,エースジャンヌ,2009105390,オンファイア,2003102809,小橋亮太,門別牧場,196.9,2003.0,2009.0,2003.0
2016102332,ルリユール,牝,黒木豊,,ノヴェリスト,000a012230,アメリカーナ,2002103785,サンデーサイレンス,000a00033a,関昭一,笠松牧場,196.4,2009.0,2002.0,1986.0
2016102224,ブルーコーナー,牝,酒井仁,,ハーツクライ,2001103038,ケストレルクエスト,000a011dfe,Silver Hawk,000a0019b4,Ｉレーシング（株）,ミリオンファーム,196.3,2001.0,2004.0,1979.0
2016100307,レオズジャスパー,牡,瀬戸幸一,,ローズキングダム,2007103404,マジカルミステリー,2008104543,マンハッタンカフェ,1998101554,森田徹,シンユウファーム,196.2,2007.0,2008.0,1998.0
2016109152,ホクソウユウキ,牡,米田英世,,リバースモード,2002100536,ホクソウアイ,2008103488,プリサイスエンド,000a00fe9b,林作一,北総ファーム,196.0,2002.0,2008.0,1997.0
2016105383,ミクアンドモー,牝,関本浩司,,カネヒキリ,2002100978,ユリカチャン,2006104785,ゴールドアリュール,1999106689,大黒富美子,パカパカファーム,196.0,2002.0,2006.0,1999.0
2016103531,ラガーエタンセル,牝,尾林幸二,,アグネスデジタル,1997110025,アプロディスモン,2003106623,サンデーサイレンス,000a00033a,奥村啓二,日高大洋牧場,196.0,1997.0,2003.0,1986.0
2016100189,ビレッジベルベ,牝,浜田一夫,,カネヒキリ,2002100978,ベルベティーン,2003104982,タイキシャトル,1994109686,村山輝雄,川島牧場,195.6,2002.0,2003.0,1994.0
2016102325,ザセイシュンズモウ,牝,高橋俊之,,スマートファルコン,2005100097,ラブルビー,2007109039,ティンバーカントリー,000a00035e,芳賀克也,荻伏三好ファーム,195.4,2005.0,2007.0,1992.0
2016102414,カズマッケンリー,牡,高橋俊之,,ハーツクライ,2001103038,コンケイヴ,000a012956,Colonel John,000a011a41,村瀬正,高昭牧場,195.1,2001.0,2011.0,2005.0
2016102135,サバイバルルージュ,牝,本名信行,,エイシンフラッシュ,2007102951,ビクトワールイゾレ,2008101742,ダンスインザダーク,1993109188,（株）ファーストビジ,松田牧場,195.0,2007.0,2008.0,1993.0
2016102002,ラヴィッスマン,牡,坂口智康,,ロードカナロア,2008103552,ティックルピンク,2006102841,フレンチデピュティ,000a00013a,ヒダカ・ブリーダーズ・ユニオン,辻牧場,195.0,2008.0,2006.0,1992.0
2016101651,エイシンモートル,牡,荒山勝徳,,シンボリクリスエス,1999110099,エイシンチーター,2005101225,スペシャルウィーク,1995103211,平井克彦,栄進牧場,195.0,1999.0,2005.0,1995.0
2016102465,リュウノセレナーデ,牝,山口浩幸,,ロジユニヴァース,2006103140,セクシーウィン,1998103498,ミュージックタイム,1987107450,蓑島竜一,斉藤政志,194.4,2006.0,1998.0,1987.0
2016106105,タンブラン,牝,吉田司,,マツリダゴッホ,2003104570,スピネッタ,2006100329,シンボリクリスエス,1999110099,小橋亮太,西村和夫,194.2,2003.0,2006.0,1999.0
2016103460,ドナホーク,牝,大塚信次,,ローレルゲレイロ,2004100933,ドナビジュー,2004102121,スペシャルウィーク,1995103211,大黒富美子,日西牧場,194.2,2004.0,2004.0,1995.0
2016105396,グラミス,牝,宇都英樹,,クロフネ,1998110135,アンテプリッツ,2011104066,キングカメハメハ,2001103460,小林伸幸,荒木貴宏,194.0,1998.0,2011.0,2001.0
2016101729,グランドタイム,牡,山崎裕也,,メイショウボーラー,2001100650,グレインザダンス,2006103093,ダンスインザダーク,1993109188,（有）下河辺トレーニ,帰山清貴,193.5,2001.0,2006.0,1993.0
2016105679,ヴェンセールシチー,牡,細川忠義,,ヴィットリオドーロ,2009110009,スズカミンクス,2003104770,アサティス,1985109002,酒井孝敏,グランド牧場,193.1,2009.0,2003.0,1985.0
2016103335,ドラジュワール,牝,村上実,,キングズベスト,000a0022d2,パーカーズミル,2011100546,ストリートクライ,000a0103ba,西村隆平,ダーレー・ジャパン・ファーム,192.9,1997.0,2011.0,1998.0
2016104100,ミコノホマレ,牝,中川竜馬,,ダイワメジャー,2001103114,メルセンヌナンバー,2007103241,ワイルドラッシュ,000a0003a1,酒井孝敏,上水牧場,192.5,2001.0,2007.0,1994.0
2016101191,アメリオラシオン,牝,鹿戸雄一,,ルーラーシップ,2007103143,ローズシティ,2005102726,フレンチデピュティ,000a00013a,サラブレッドクラブ・ラフィアン,佐藤陽一,192.5,2007.0,2005.0,1992.0
2016105202,フゼアノート,牡,中塚猛,,ロードカナロア,2008103552,ブーケフレグランス,2005102286,ダンスインザダーク,1993109188,岡本良三,社台ファーム,191.9,2008.0,2005.0,1993.0
2016101033,キョウエイパシオン,牝,稲葉道行,,ゼンノロブロイ,2000101517,シュンプウサイライ,2008103401,フレンチデピュティ,000a00013a,大黒富美子,稲葉牧場,191.7,2000.0,2008.0,1992.0
2016109117,ウマカモン,セ,池田忠好,,ダノンゴーゴー,2005110196,フォンティーン,2003102862,エンドスウィープ,000a00010f,岡浩二,ストームファームコーポレーション,191.4,2005.0,2003.0,1991.0
2016100829,コータンドリーム,牝,西川進也,,ロジユニヴァース,2006103140,ステージヴァージン,1999100224,トニービン,1983109006,松本光弘,的場牧場,191.2,2006.0,1999.0,1983.0
2016109135,パターン,牡,手島勝利,,ストラヴィンスキー,000a00fa41,ダイワボニータ,2007102704,ダンスインザダーク,1993109188,江頭數義,土屋牧場,191.1,1996.0,2007.0,1993.0
2016102293,ディープカミーノ,牡,地辺幸一,,スクリーンヒーロー,2004103328,シエルト,2007101951,ストラヴィンスキー,000a00fa41,深見敏男,エムエム、ヤマダファーム,190.7,2004.0,2007.0,1996.0
2016103144,ゴールデンサファイ,牝,岩本洋,,シビルウォー,2005102317,ダイシンベール,2007104771,ゴールドアリュール,1999106689,日本スタンダード（株,庄野牧場,190.5,2005.0,2007.0,1999.0
2016101748,チョウヤバイ,牡,玉垣光章,,メイショウサムソン,2003102205,レイジングロマンス,1999101850,Kingmambo,000a001d7e,丸山隆雄,金石牧場,190.5,2003.0,1999.0,1990.0
2016100918,ポンドリーフ,牡,山崎裕也,,エスポワールシチー,2005102837,プルピットレディ,2008105091,Pulpit,000a002133,角谷守正,村田牧場,190.5,2005.0,2008.0,1994.0
2016105046,ショコラフレーズ,牡,目迫大輔,,エンパイアメーカー,000a010542,ショコラヴェリーヌ,2009105947,ゴールドアリュール,1999106689,西森鶴,社台ファーム,190.2,2000.0,2009.0,1999.0
2016106496,エイシンジョーカー,牝,川島豊,,ブラックタイド,2001103312,キャントンガール,2002110172,Storm Boot,000a002053,（株）ファーストビジ,栄進牧場,189.7,2001.0,2002.0,1989.0
2016106189,ウサギノワルツ,牡,広森久雄,,フリオーソ,2004106867,ミヤビハンター,2005107055,メイショウホムラ,1988101162,小部嘉彦,原弘之,189.3,2004.0,2005.0,1988.0
2016104313,アイリスステップ,牝,藤村和生,,ハーツクライ,2001103038,フェリシア,2002100480,グラスワンダー,1995108676,大坪邦夫,追分ファーム,189.2,2001.0,2002.0,1995.0
2016104997,ピエナアイリス,牝,谷潔,,スウェプトオーヴァーボード,000a00fa34,クイーンアイリス,2001103121,ダンスインザダーク,1993109188,本谷兼三,社台ファーム,189.0,1997.0,2001.0,1993.0
2016101533,ドレスムーン,牝,井上弘之,,トーセンジョーダン,2006103169,ドレスウェーブ,1995101609,サンデーサイレンス,000a00033a,佐藤良二,小田牧場,189.0,2006.0,1995.0,1986.0
2016106587,バーフバリ,牡,佐藤茂,,ジャスタウェイ,2009106461,クレバースプリント,2007106749,サクラバクシンオー,1989108341,松本俊廣,アイオイファーム,188.8,2009.0,2007.0,1989.0
2016101577,ユメアカリ,牝,谷口常信,,ディープスカイ,2005101358,ピサノロマン,2001103845,コマンダーインチーフ,000a0000b0,佐渡了二,高村伸一,188.7,2005.0,2001.0,1990.0
2016110124,ラコンコルド,牝,小西重征,,Liaison,000a013c85,Joyous Appeal,000a0131ad,Devil His Due,000a002109,長澤茂,Mr. & Mrs. Al Mazzetti,188.5,2009.0,2000.0,1989.0
2016103981,ビービールース,牝,稲益貴弘,,ヴィクトワールピサ,2007102923,レッドボナンザ,2006103451,キングカメハメハ,2001103460,坂東牧場,坂東牧場,188.4,2007.0,2006.0,2001.0
2016103963,グランデインヴルサ,牝,山下定文,,ディープブリランテ,2009105084,シーキングザスター,2009104901,シーキングザダイヤ,2001110220,（株）アプエンテ,坂東牧場,188.4,2009.0,2009.0,2001.0
2016103009,ベサンラドゥー,牝,蛯名雄太,,アンパサンド,2004105545,シャランジュ,2005103083,テンビー,000a000354,伊達泰明,サンシャイン牧場,188.0,2004.0,2005.0,1990.0
2016105907,アーネム,牝,酒井一則,,エスポワールシチー,2005102837,アップルトウショウ,1996105169,アンバーシャダイ,1977103827,シグラップ・マネジメ,棚川光男,187.9,2005.0,1996.0,1977.0
2016105561,マッチデース,牡,笹野博司,,ベーカバド,000a011dc0,ダンツバーゴ,2010102839,マンハッタンカフェ,1998101554,谷謙介,岡田牧場,187.9,2007.0,2010.0,1998.0
2016100044,ドボジョ,牝,松浦聡志,,セレスハント,2005101116,ダイコーマリーン,2001102829,シャンハイ,000a000d73,岡浩二,アサヒ牧場,187.9,2005.0,2001.0,1989.0
2016101624,エイユーリリチャン,牝,土屋洋之,,メイショウサムソン,2003102205,ライデンガール,1995101436,ワカオライデン,1981100841,笹部義則,今井秀樹,187.5,2003.0,1995.0,1981.0
2016101767,ウイングアンナ,牝,国沢利照,,アドマイヤムーン,2003102991,カプリースレディー,2008101417,ジャングルポケット,1998101786,親川智行,杵臼斉藤牧場,187.3,2003.0,2008.0,1998.0
2016102384,サノカナ,牝,蛯名雄太,,ダンカーク,000a012185,ポントマイコ,2010102053,ゼンノロブロイ,2000101517,（株）ファーストビジ,桑田牧場,187.1,2006.0,2010.0,2000.0
2016100304,セイカヴォーグ,牝,桜井今朝,,モンテロッソ,000a011b05,セイカイリス,2011100622,キングカメハメハ,2001103460,遠藤喜和,シンユウファーム,187.0,2007.0,2011.0,2001.0
2016105697,シェーネル,牝,大宮和也,,ヴィクトワールピサ,2007102923,ファンダングル,000a01250d,Holy Bull,000a000180,ＭＭＣ,グランド牧場,186.2,2007.0,2007.0,1991.0
2016105441,オオサキヒメ,牝,三野宮通,,トビーズコーナー,000a011fed,ラブイズカヌマ,2004103971,タイキシャトル,1994109686,男澤喜惠子,漆原武男,186.0,2008.0,2004.0,1994.0
2016110002,ハウル,セ,高橋俊之,,ダイワメジャー,2001103114,カタウォール,000a0127e8,Street Cry,000a0103ba,角井紀夫,Godolphin,185.9,2001.0,2011.0,1998.0
2016104897,クリアスカイライン,牝,北村欣也,,ヴィクトワールピサ,2007102923,アオゾラペダル,2006103044,ホワイトマズル,1990109700,内田玄祥,社台ファーム,185.5,2007.0,2006.0,1990.0
2016104802,ディアブルノワール,牝,高野友和,,マンハッタンカフェ,1998101554,デビルズコーナー,2005110198,Songandaprayer,000a01069b,泉新キャピタル,ノーザンファーム,185.0,1998.0,2005.0,1998.0
2016101418,クイーンハーツ,牝,西浦勝一,,キングカメハメハ,2001103460,カワカミプリンセス,2003107045,キングヘイロー,1995104427,ターフ・スポート,三石川上牧場,185.0,2001.0,2003.0,1995.0
2016101271,キクノルッカ,牝,松田国英,,ロードカナロア,2008103552,ハーツデザイヤー,2004101347,アグネスタキオン,1998101516,菊池五郎,土田扶美子,185.0,2008.0,2004.0,1998.0
2016104528,ビップサタン,牡,新田守,,マンハッタンカフェ,1998101554,セットプレイ,000a012949,Van Nistelrooy,000a010c3f,及川謙三,ノーザンファーム,184.5,1998.0,2005.0,2000.0
2016103471,ノーブルアーレス,牝,板垣吉則,,ヨハネスブルグ,000a0103b9,グリッツェルン,2005101360,マンハッタンカフェ,1998101554,シグラップ・マネジメ,ノースガーデン,184.5,1999.0,2005.0,1998.0
2016103181,キタノガンリュウ,牡,新井清重,,スマートファルコン,2005100097,ファイヤーチェリー,2002110258,Horse Chestnut,000a00fa46,坂本順子,新生ファーム,184.5,2005.0,2002.0,1995.0
2016103923,ウインパーチェ,牡,頼本盛行,,ドリームジャーニー,2004102753,パシフィーク,2005102126,ウォーエンブレム,000a00fa35,（同）ＪＰＮ技研,スガタ牧場,184.2,2004.0,2005.0,1999.0
2016101361,ミカエリビジン,牝,小野望,,ハービンジャー,000a011996,ウキヨエ,2008103063,アグネスタキオン,1998101516,幌村祐司,幌村牧場,184.0,2006.0,2008.0,1998.0
2016104704,ハーモニーソード,牡,佐藤茂,,ダイワメジャー,2001103114,アドマイヤハッピー,1998101744,トニービン,1983109006,日下部勝徳,坂東牧場,183.6,2001.0,1998.0,1983.0
2016106059,チーキーキュート,牝,倉地学,,ローエングリン,1999106738,チーキーガールズ,2001104341,トワイニング,000a000006,稲葉光昭,飛野牧場,183.5,1999.0,2001.0,1991.0
2016104237,ショウナンサジン,牡,森沢友貴,,ディープブリランテ,2009105084,メジロベイシンガー,2001102936,メジロライアン,1987105368,国本好子,レイクヴィラファーム,183.5,2009.0,2001.0,1987.0
2016102176,フォーピンクカフェ,牝,村上正和,,ワークフォース,000a011a7f,ピンキーカフェ,2011102972,ステイゴールド,1994108729,平岡茂樹,三嶋牧場,183.4,2007.0,2011.0,1994.0
2016103614,ピエールサンデー,牝,吉井一良,,タニノギムレット,1999100226,テールバインダー,2007106038,カコイーシーズ,1986109001,原田猛,船越牧場,183.3,1999.0,2007.0,1986.0
2016102920,サザンファブリック,牝,藤田正治,,トーセンジョーダン,2006103169,サウスノーブル,2008104617,サウスヴィグラス,1996110138,小橋亮太,木村牧場,183.3,2006.0,2008.0,1996.0
2016105621,ニホンピロハービン,牝,川嶋弘吉,,ハービンジャー,000a011996,ニホンピロルピナス,2002107006,アドマイヤベガ,1996107396,小林百太郎,片岡牧場,182.7,2006.0,2002.0,1996.0
2016103199,マイネルエストック,牡,本名信行,,スペシャルウィーク,1995103211,スイートフルーレ,1996110356,Green Desert,000a0017d2,（株）ファーストビジ,シンボリ牧場,182.7,1995.0,1996.0,1983.0
2016100756,マイネルペルマナン,牡,井樋明正,,ロージズインメイ,000a010a10,マイネモントル,2010101407,マイネルラヴ,1995108558,組）成駿,ビッグレッドファーム,182.6,2000.0,2010.0,1995.0
2016105094,アズーリカピターノ,牡,西山裕貴,,キャプテントゥーレ,2005102216,タッチオブゴールド,1996107200,ヘクタープロテクター,000a000d6b,（株）アプエンテ,社台ファーム,182.5,2005.0,1996.0,1988.0
2016104327,スタンニングモガ,牝,松浦裕之,,エイシンフラッシュ,2007102951,モンサンミシェル,2004103103,フレンチデピュティ,000a00013a,星加浩一,追分ファーム,182.5,2007.0,2004.0,1992.0
2016102406,ランランディザイア,牝,的場均,,ワークフォース,000a011a7f,カネトシディザイア,1999106882,フジキセキ,1992109618,青山郁代,高昭牧場,182.5,2007.0,1999.0,1992.0
2016100886,スイゲツ,牝,安池成実,,サウスヴィグラス,1996110138,ペイデュソレイユ,2007102782,シンボリクリスエス,1999110099,木村恵理,ムラカミファーム,182.4,1996.0,2007.0,1999.0
2016101199,ビーサルー,牝,吉田司,,ジャスタウェイ,2009106461,レディナデシコ,2007103581,ワイルドラッシュ,000a0003a1,原剛,嶋田牧場,181.9,2009.0,2007.0,1994.0
2016101559,グットラン,牝,高月賢一,,キングヘイロー,1995104427,ウイニングティアラ,2008101389,マーベラスサンデー,1992103687,（同）ＪＰＮ技研,清水スタッド,181.7,1995.0,2008.0,1992.0
2016104195,マーシデスペラード,牡,松島寿,,サムライハート,2002100996,ワレンダラッド,2005102000,ワレンダー,000a000396,佐藤勝士,橋本牧場,181.3,2002.0,2005.0,1990.0
2016103373,メルシーキララ,牝,佐々木由,,グランプリボス,2008103388,ゴールデンポケット,2009102734,ジャングルポケット,1998101786,大黒富美子,出口牧場,181.2,2008.0,2009.0,1998.0
2016101095,ジュエリーボックス,牝,竹下直人,,ドリームジャーニー,2004102753,プライムナンバー,2002100464,ジェイドロバリー,000a0001a7,吉山藤雄,折手牧場,180.1,2004.0,2002.0,1987.0
2016106326,モノノフノワザモノ,牡,田中伸一,,エーシンフォワード,2005110172,オーシャンレディー,2004101043,アグネスタキオン,1998101516,内田玄祥,増本牧場,180.0,2005.0,2004.0,1998.0
2016106100,テロワール,牝,奥村武,,グランプリボス,2008103388,コパノジャーノー,2001107109,エリシオ,1993190001,小林由明,西村和夫,180.0,2008.0,2001.0,1993.0
2016105992,キャルスカイ,牝,古賀慎明,,ダイワメジャー,2001103114,スマイルコンテスト,2001104228,サッカーボーイ,1985103538,里見治紀,千代田牧場,180.0,2001.0,2001.0,1985.0
2016105777,マッシヴレジェンド,牡,大橋勇樹,,ケープブランコ,000a011b06,シーズババズディライト,000a010f05,Distorted Humor,000a0022ea,小川勲,佐竹学,180.0,2007.0,2001.0,1993.0
2016105262,キャラメライズ,牝,宗像義忠,,キングカメハメハ,2001103460,ライムキャンディ,2005102403,タニノギムレット,1999100226,吉田照哉,社台ファーム,180.0,2001.0,2005.0,1999.0
2016104892,ロジャーズクライ,牡,国枝栄,,ハーツクライ,2001103038,ロジャーズスー,000a011de3,Forestry,000a002270,シルクレーシング,ノーザンファーム,180.0,2001.0,2001.0,1996.0
2016104769,エレンボーゲン,牝,藤田輝信,,ブラックタイド,2001103312,ショアー,000a0111ca,Acatenango,000a001f0b,幣旗力,ノーザンファーム,180.0,2001.0,1999.0,1982.0
2016104719,パンドラ,牝,加藤征弘,,ハーツクライ,2001103038,イプスウィッチ,000a01293f,Danehill Dancer,000a002309,Ｊ．ウー,ノーザンファーム,180.0,2001.0,2010.0,1993.0
2016104627,ジュンサンム,牝,山崎裕也,,タートルボウル,000a012045,マリアヴェロニカ,2008103338,ジャングルポケット,1998101786,河合純二,ノーザンファーム,180.0,2002.0,2008.0,1998.0
2016104324,シャルムダムール,牝,中内田充,,ディープインパクト,2002100816,メダリアダムール,000a011de7,Medaglia d'Oro,000a010a65,吉田晴哉,追分ファーム,180.0,2002.0,2006.0,1999.0
2016104247,グラデュアリー,牝,尾形和幸,,ジャスタウェイ,2009106461,アルメーリヒ,2007102677,ネオユニヴァース,2000101426,社台レースホース,追分ファーム,180.0,2009.0,2007.0,2000.0
2016103238,オーロセレステ,牝,胡本友晴,,ショウナンカンプ,1998102595,ライフブリーズ,2003104562,ステイゴールド,1994108729,柴原栄,瀬戸牧場,180.0,1998.0,2003.0,1994.0
2016102447,キャストロット,牡,中川公成,,トゥザグローリー,2007103265,ルスナイサンバ,2003103857,キングヘイロー,1995104427,多田賢司,高昭牧場,180.0,2007.0,2003.0,1995.0
2016102265,ブリングハピネス,牡,佐宗応和,,クロフネ,1998110135,サマーハピネス,2009102476,アグネスタキオン,1998101516,ライオンレースホース,秋場牧場,180.0,1998.0,2009.0,1998.0
2016101793,ユンゲンハフト,牝,西村真幸,,ノヴェリスト,000a012230,ラジョコンダ,2011104099,フジキセキ,1992109618,藤田好紀,杵臼牧場,180.0,2009.0,2011.0,1992.0
2016101476,カムアップロージズ,牡,高柳大輔,,ロージズインメイ,000a010a10,アグネスターフ,2004101603,アグネスカミカゼ,1993109165,シルクレーシング,元道牧場,180.0,2000.0,2004.0,1993.0
2016101195,ラブミーリチャード,牝,和田勇介,,スウェプトオーヴァーボード,000a00fa34,クロストウショウ,2007100635,アグネスタキオン,1998101516,小林祥晃,嶋田牧場,180.0,1997.0,2007.0,1998.0
2016101122,ハプナビーチ,牡,服部利之,,トビーズコーナー,000a011fed,ワタリラッシュ,2010101296,アドマイヤマックス,1999107004,守内ひろ子,加野牧場,180.0,2008.0,2010.0,1999.0
2016100225,ショウチクバイ,牡,宗像義忠,,トーセンホマレボシ,2009106092,タニノミラージュ,1999100235,エリシオ,1993190001,ミルファーム,小泉学,180.0,2009.0,1999.0,1993.0
2016100861,スターペスユキコ,牝,東眞市,,クロフネ,1998110135,パラディナ,000a010dcb,Rahy,000a001c5e,河野和香子,村上欽哉,179.7,1998.0,2002.0,1985.0
2016104353,キープザレスト,牝,石川浩文,,ドリームジャーニー,2004102753,キャッシュインクルーデッド,000a011170,Include,000a010906,（株）アプエンテ,社台コーポレーション白老ファーム,179.6,2004.0,2004.0,1997.0
2016103234,ブレスドレイン,牝,宇都英樹,,ベルシャザール,2008103004,プリティアンブレラ,2003102807,トウカイテイオー,1988101025,鶴谷義雄,スマイルファーム,179.4,2008.0,2003.0,1988.0
2016102330,コマビルド,牝,藤ヶ崎一,,ロージズインメイ,000a010a10,マイネインティマ,2004100276,タニノギムレット,1999100226,仲尾正人,カケハムポニークラブ,179.3,2000.0,2004.0,1999.0
2016101449,ダンシングヘイロー,牡,胡本友晴,,キングヘイロー,1995104427,ヤマノカントリー,2006100072,ティンバーカントリー,000a00035e,（株）ラグジュアリー,三石ファーム,178.7,1995.0,2006.0,1992.0
2016105162,ピエナモネ,牡,瀬戸口悟,,シンボリクリスエス,1999110099,ピエナヴィブレ,2007102982,クロフネ,1998110135,組）ＫＩＺＵＮＡ組合,社台ファーム,178.6,1999.0,2007.0,1998.0
2016101844,バイラビエン,牝,九日俊光,,ロードカナロア,2008103552,パッションレッド,2004103339,アグネスタキオン,1998101516,（同）ＪＰＮ技研,酒井牧場,178.5,2008.0,2004.0,1998.0
2016103145,マイラバー,牝,瀬戸幸一,,シンボリクリスエス,1999110099,ホットバタードラム,2010104365,タニノギムレット,1999100226,千葉浩,庄野牧場,178.2,1999.0,2010.0,1999.0
2016106287,ハイワールド,牡,倉地学,,タイムパラドックス,1998101683,ホマレエイカン,2008100916,ステイゴールド,1994108729,服部新平,へいはた牧場,178.1,1998.0,2008.0,1994.0
2016105392,サンダガ,牡,水野善太,,ヨハネスブルグ,000a0103b9,スペシャルワールド,2003102811,スペシャルウィーク,1995103211,小橋亮太,秋田育成牧場,178.1,1999.0,2003.0,1995.0
2016100075,ジャヌーテソーロ,牡,田中剛,,ロージズインメイ,000a010a10,スクリーマー,2001103250,エンドスウィープ,000a00010f,了徳寺健二ホールディングス,石郷岡雅樹,178.0,2000.0,2001.0,1991.0
2016102994,エスドリーム,牡,石井勝男,,シンボリクリスエス,1999110099,サイレンスドリーム,2009105262,ディープインパクト,2002100816,大久保和夫,坂牧場,177.9,1999.0,2009.0,2002.0
2016103251,キタノハピネス,牝,井手上慎,,タイキシャトル,1994109686,ニュートロンスター,2010100596,シンボリクリスエス,1999110099,高橋進,高山牧場,177.6,1994.0,2010.0,1999.0
2016103223,ディミニッシュ,牝,長谷川忍,,サイレントディール,2000101634,ライジングネクスト,2007109303,マイネルセレクト,1999107196,爲永良弘,スウィングフィールド牧場,177.5,2000.0,2007.0,1999.0
2016101314,エクセレンジーニス,牡,藤原智行,,タイムパラドックス,1998101683,ダンスプリンセス,2002101559,ダンスインザダーク,1993109188,三岡陽,沼田照秋,177.5,1998.0,2002.0,1993.0
2016102043,ミンミンルフィーナ,牝,角田輝也,,ナカヤマフェスタ,2006102424,コウエイレディー,2010105455,タニノギムレット,1999100226,太田裕臣,富菜牧場,177.4,2006.0,2010.0,1999.0
2016103576,フェナカイト,牝,横山保,,ケープブランコ,000a011b06,トゥザユニヴァース,2006103699,ネオユニヴァース,2000101426,北原大史,広富牧場,177.3,2007.0,2006.0,2000.0
2016106187,クィーンライナー,牝,鋤田誠二,,アッミラーレ,1997100569,ジャネットハウス,2002105126,オペラハウス,000a000d77,吉山達也,原弘之,177.2,1997.0,2002.0,1988.0
2016104086,カシマエンペラー,牡,後藤正義,,トーセンジョーダン,2006103169,カシマヴィーナス,2006103068,シンボリクリスエス,1999110099,鹿島敏裕,上水牧場,177.2,2006.0,2006.0,1999.0
2016100202,カオリンヤッタカ,牝,佐藤雅彦,,ローレルゲレイロ,2004100933,アルパインスタイル,2009105346,ダイワメジャー,2001103114,太田浩彦,競優牧場,177.2,2004.0,2009.0,2001.0
2016101584,ペイシャパシャ,牝,中西達也,,リーチザクラウン,2006102923,ニシノキミヨ,2008104130,バゴ,2001190004,西森鶴,富田恭司,177.0,2006.0,2008.0,2001.0
2016101775,ヒロノアンビシャス,牡,田嶋弘幸,,ヴィクトワールピサ,2007102923,クリールダイナー,2008104511,ロックオブジブラルタル,000a00fd4c,栗嶋豊明,杵臼牧場,176.9,2007.0,2008.0,1999.0
2016101073,コパノサンデー,セ,千葉博次,,ヴァーミリアン,2002100877,ミラキュラス,2002100526,フジキセキ,1992109618,高橋清幸,沖田忠幸,176.8,2002.0,2002.0,1992.0
2016100934,モリデンベー,牝,浜田一夫,,ベーカバド,000a011dc0,モリデンヴィーナス,2009105364,ジェニュイン,1992109450,森田芳男,森田芳男,176.8,2007.0,2009.0,1992.0
2016103470,グリッターラン,牝,村上昌幸,,アンライバルド,2006103308,グリッタラーティ,2007102761,Vindication,000a010544,岩渕瑞生,ノースガーデン,176.4,2006.0,2007.0,2000.0
2016105651,マハカーラ,牡,今津博之,,バトルプラン,000a0118e8,ラスカーラ,2004104268,オペラハウス,000a000d77,ヒダカ・ブリーダーズ・ユニオン,キヨタケ牧場,176.3,2005.0,2004.0,1988.0
2016102701,ヴァトナヨークトル,牝,法理勝弘,,トビーズコーナー,000a011fed,エンジェルフェザー,2004103717,ボストンハーバー,000a00007c,（同）ＭＩＲＡＩ,ミルファーム,176.2,2008.0,2004.0,1994.0
2016105639,ミサトテスコ,牝,成田明,,ショウナンカンプ,1998102595,ミサトペニー,2004106155,オペラハウス,000a000d77,戸部政彦,木村秀則,176.0,1998.0,2004.0,1988.0
2016101011,ハーモニーカディス,牡,平田正一,,ブラックタイド,2001103312,ガストネード,2011104776,キングカメハメハ,2001103460,日下部勝徳,大作ステーブル,175.7,2001.0,2011.0,2001.0
2016100884,ヒラヒラ,牝,晴山厚司,,ストロングリターン,2006102934,ハルエサン,2004101265,ジョリーズヘイロー,000a0001aa,石川貴久,ムラカミファーム,175.6,2006.0,2004.0,1987.0
2016103455,ハルノドライブ,牝,宮路洋一,,カジノドライヴ,2005110112,キシュウアゲイン,2004105987,フジキセキ,1992109618,深瀬歩,日西牧場,175.5,2005.0,2004.0,1992.0
2016101967,ビンビンテダコ,牡,蛯名雄太,,ダノンバラード,2008103548,サチノラパシオン,2005106106,マヤノトップガン,1992102988,藍川眞樹,チェスナットファーム,175.5,2008.0,2005.0,1992.0
2016106115,リッカシップ,牡,東眞市,,リッカバクシンオ,2002107441,リッカビクトリー,2005106316,ジョリーズヘイロー,000a0001aa,立花幸雄,西村和夫,175.4,2002.0,2005.0,1987.0
2016104995,グレイシャスギャル,牝,中内田充,,オルフェーヴル,2008102636,ギャビーズゴールデンギャル,000a011a5e,Medaglia d'Oro,000a010a65,社台レースホース,社台ファーム,175.0,2008.0,2006.0,1999.0
2016102786,ミラクルアゲイン,牝,笹野博司,,キンシャサノキセキ,2003110212,マルターズオリジン,2005110167,Swain,000a0021ca,藤田在子,天羽禮治,174.9,2003.0,2005.0,1992.0
2016104803,ミスビートリックス,牝,角田輝也,,ノヴェリスト,000a012230,トゥザハピネス,2009106245,シンボリクリスエス,1999110099,塚原佑介,ノーザンファーム,174.8,2009.0,2009.0,1999.0
2016102391,ケイサンブリッツ,牝,新井清重,,エイシンアポロン,2007110020,ケンブリッジハーツ,2011102914,キングヘイロー,1995104427,中西桂子,ケンブリッジバレー,174.5,2007.0,2011.0,1995.0
2016106325,ユキノディライト,牡,佐藤雅彦,,キンシャサノキセキ,2003110212,ユキノヴィーナス,2008100944,グラスワンダー,1995108676,井上基之,前田牧場,174.4,2003.0,2008.0,1995.0
2016105564,タマモキラメキ,牝,角田輝也,,ディープブリランテ,2009105084,チャームライト,2006101404,ワイルドラッシュ,000a0003a1,永野雄介,岡田牧場,174.3,2009.0,2006.0,1994.0
2016102815,エムオーマックス,牡,中野博,,エスポワールシチー,2005102837,アイキャン,2007101894,タイキシャトル,1994109686,小橋亮太,ＷｉｎｇＦａｒｍ,174.3,2005.0,2007.0,1994.0
2016103004,ボーロレイ,牡,佐藤壽,,ダノンシャンティ,2007105709,アンペラトリス,2007105476,オペラハウス,000a000d77,酒井孝敏,サンシャイン牧場,174.1,2007.0,2007.0,1988.0
2016105825,オーラデイジー,牝,八木仁,,ルースリンド,2001106791,オーラミク,2003100778,アジュディケーティング,000a000d5d,高橋徳昭,静内山田牧場,174.0,2001.0,2003.0,1987.0
2016101661,エイシンオルデン,牝,黒田隆男,,ショウナンカンプ,1998102595,エイシンルーデンス,1996100003,サンデーサイレンス,000a00033a,（株）ファーストビジ,栄進牧場,174.0,1998.0,1996.0,1986.0
2016101413,ウインガナッシュ,牡,栗林徹治,,グランプリボス,2008103388,プラリネ,2010105000,アドマイヤムーン,2003102991,山本益臣,水丸牧場,174.0,2008.0,2010.0,2003.0
2016104127,パルパルマジック,牝,錦見勇夫,,オウケンマジック,2006104477,ファイナルパル,2007105842,ジェニュイン,1992109450,山口久仁子,社台牧場,173.9,2006.0,2007.0,1992.0
2016100286,サーチライト,牝,手島勝利,,ロージズインメイ,000a010a10,コハルタイム,2004107037,キャプテンスティーヴ,000a000d9d,三岡陽,佐藤牧場,173.8,2000.0,2004.0,1997.0
2016101036,スターサクラノ,牝,中川竜馬,,フリオーソ,2004106867,ニシノキラキラ,2012101711,ハービンジャー,000a011996,酒井孝敏,乾皆雄,173.5,2004.0,2012.0,2006.0
2016100683,マイネルハイボーン,牡,佐藤吉勝,,ナカヤマフェスタ,2006102424,クラールハイト,2009105625,キングカメハメハ,2001103460,サラブレッドクラブ・ラフィアン,ビッグレッドファーム,173.4,2006.0,2009.0,2001.0
2016100582,ヤマニンミルラ,牝,伊藤和忍,,パドトロワ,2007102760,ヤマニンラレーヌ,2008104787,ヤマニンセラフィム,1999104188,土井久美子,錦岡牧場,173.2,2007.0,2008.0,1999.0
2016103053,エトルタ,牝,菅原右吉,,ナカヤマフェスタ,2006102424,グランカナリア,2005110073,Malibu Moon,000a010c8e,後藤順男,下河辺牧場,173.1,2006.0,2005.0,1997.0
2016101399,スマートエルピス,牡,松永昌博,,ヴィクトワールピサ,2007102923,ミルククラウン,2003110152,Mr. Greeley,000a00213e,大川徹,前田ファーム,173.0,2007.0,2003.0,1992.0
2016101034,ヒロノカガヤキ,牡,山崎裕也,,タイキシャトル,1994109686,ハルランマン,2007101816,アグネスタキオン,1998101516,小野博郷,稲葉牧場,172.9,1994.0,2007.0,1998.0
2016100553,グラッブアドリーム,牝,目迫大輔,,トーセンホマレボシ,2009106092,パナシュドール,2011104290,フレンチデピュティ,000a00013a,星野康三,新冠橋本牧場,172.5,2009.0,2011.0,1992.0
2016109081,コンチパーティー,牝,桜田浩樹,,スクワートルスクワート,000a000da4,ラーニー,2012100791,ハーツクライ,2001103038,相馬哲夫,フォレブルー,172.4,1998.0,2012.0,2001.0
2016103049,トカロン,牝,湯前良人,,ダイワメジャー,2001103114,オークヴィル,2008105553,タニノギムレット,1999100226,ホースケア,下河辺牧場,172.4,2001.0,2008.0,1999.0
2016101482,ナイトオブソード,牡,別府真司,,アサクサキングス,2004103163,アキノガイア,2009101870,ジャングルポケット,1998101786,石川幸司,森政巳,172.3,2004.0,2009.0,1998.0
2016104891,フライトストリーム,牡,井上孝彦,,タートルボウル,000a012045,レースパイロット,2002101011,サンデーサイレンス,000a00033a,川崎賢二,ノーザンファーム,171.6,2002.0,2002.0,1986.0
2016101107,セレスチャルハート,牝,今井輝和,,タイキシャトル,1994109686,セレスチャルローブ,2005102527,シンボリクリスエス,1999110099,戸崎善之,金舛幸夫,171.5,1994.0,2005.0,1999.0
2016100948,タマモキャーンズ,牝,藤ヶ崎一,,メイショウボーラー,2001100650,ドリーミーアイ,1995100381,カコイーシーズ,1986109001,服部康夫,守矢牧場,171.4,2001.0,1995.0,1986.0
2016105864,フェアリースキップ,牝,大垣敏夫,,キンシャサノキセキ,2003110212,ハワイアンスマイル,2011102096,キングカメハメハ,2001103460,三岡陽,タイヘイ牧場,171.1,2003.0,2011.0,2001.0
2016102886,リバティヘッド,牡,栗田和昌,,スウェプトオーヴァーボード,000a00fa34,オンワードファニー,2001105184,フォーティナイナー,000a000134,（同）ＪＰＮ技研,神島芳仁,170.6,1997.0,2001.0,1985.0
2016104699,エンジェルスマイル,牝,田口輝彦,,エイシンフラッシュ,2007102951,アドマイヤエレノア,2008103247,ディープインパクト,2002100816,吉田勝利,ノーザンファーム,170.5,2007.0,2008.0,2002.0
2016101777,シゲルブルーダイヤ,牡,九日俊光,,ロードカナロア,2008103552,シャペロンルージュ,2004101886,サクラバクシンオー,1989108341,森中蕃,杵臼牧場,170.5,2008.0,2004.0,1989.0
2016106444,チームパシュート,牡,森山英雄,,ベルシャザール,2008103004,サダムアカイカゼ,2003106203,ブライアンズタイム,000a000082,岩崎伸道,川上牧場,170.3,2008.0,2003.0,1985.0
2016109045,ソウウンキャンドル,牝,保利良次,,ジャングルポケット,1998101786,ビッグキャンドル,1998109257,シャーディー,000a0002f0,服部新平,大西興産,170.0,1998.0,1998.0,1986.0
2016100474,コウジンシックス,牝,和田雄二,,サンカルロ,2006102822,ボンナターレ,1998107119,フジキセキ,1992109618,加藤興一,中地義次,170.0,2006.0,1998.0,1992.0
2016103109,フィッツロイシチー,牡,佐々木晶,,ナカヤマフェスタ,2006102424,プリスティン,000a010574,Gone West,000a001be1,友駿ホースクラブ,下河辺牧場,169.8,2006.0,1998.0,1984.0
2016102440,ホッコールナアーラ,牝,井樋一也,,シンボリクリスエス,1999110099,ホッコーザムーン,2011103168,アドマイヤジャパン,2002102324,小柳猛,高昭牧場,169.1,1999.0,2011.0,2002.0
2016100177,フラッパー,牝,倉地学,,ケイムホーム,000a0108d1,ビューティサン,2009101650,フジキセキ,1992109618,長谷川光司,川上悦夫,169.1,1999.0,2009.0,1992.0
2016100093,コールドストーン,牡,桜田浩樹,,ショウナンカンプ,1998102595,アルマネーレーイス,2009104470,ジャングルポケット,1998101786,臼井義太郎,イワミ牧場,169.1,1998.0,2009.0,1998.0
2016102519,ドミノパス,牝,荒巻透,,キングズベスト,000a0022d2,アグネスカルミア,2004110016,ケイムホーム,000a0108d1,和田博美,高松牧場,169.0,1997.0,2004.0,1999.0
2016104973,リトルグッド,牝,佐々木由,,ノヴェリスト,000a012230,オメガリトルスター,2006102910,ジャングルポケット,1998101786,谷謙介,社台ファーム,168.9,2009.0,2006.0,1998.0
2016105326,シナノボタン,牡,鈴木義久,,カジノドライヴ,2005110112,メインダンス,2004100022,ダンスインザダーク,1993109188,小林勝,加藤重治,168.0,2005.0,2004.0,1993.0
2016102785,フラドタイド,牝,田中淳司,,ブラックタイド,2001103312,ビーラヴリー,2008110081,ヨハネスブルグ,000a0103b9,藤田在子,天羽禮治,168.0,2001.0,2008.0,1999.0
2016103122,レッドアルビオン,牡,田中譲二,,ダイワメジャー,2001103114,ラピーダシャリナ,000a0118a3,Vicar,000a00ff42,（同）ＪＰＮ技研,下河辺牧場,167.7,2001.0,2006.0,1996.0
2016103678,ピンクモスク,牝,高岩孝敏,,ヴァーミリアン,2002100877,ワイルドシンガー,2010101083,ワイルドラッシュ,000a0003a1,杉浦和也,槇本牧場,167.5,2002.0,2010.0,1994.0
2016103464,メイショウタンテツ,牡,国沢利照,,ダンカーク,000a012185,メイショウバレーヌ,2004105973,キャプテンスティーヴ,000a000d9d,組）オールザベスト組,日西牧場,167.3,2006.0,2004.0,1997.0
2016100129,ブルベアロッソ,牝,坂口義幸,,アドマイヤムーン,2003102991,シルキークラフト,2004110099,Crafty Prospector,000a00193b,結城喜一,オリエント牧場,166.9,2003.0,2004.0,1979.0
2016110080,プリモスペード,牝,佐々木仁,,Tiznow,000a00fa4b,Tempestra,000a013cb7,Tale of the Cat,000a002276,グランド牧場,Millennium Farms & Tiznow Syndicate,166.5,1997.0,2003.0,1994.0
2016106019,パワーリンク,牡,藤ヶ崎一,,ヴァーミリアン,2002100877,プロテクトジアース,2006101262,アフリート,000a000013,伊藤彰敏,千代田牧場,166.5,2002.0,2006.0,1984.0
2016103477,パステルラヴ,牝,平田正一,,シビルウォー,2005102317,シルキーリゾート,2004100517,マンハッタンカフェ,1998101554,野島泰,野島牧場,166.5,2005.0,2004.0,1998.0
2016105023,バンパイ,牡,千葉幸喜,,タートルボウル,000a012045,サトルスマイル,1999106754,バブルガムフェロー,1993109219,大久保和夫,社台ファーム,166.2,2002.0,1999.0,1993.0
2016101186,ヴェルサイユコート,牝,後藤正義,,ベルシャザール,2008103004,フリージアコート,2011104028,タニノギムレット,1999100226,西田順彦,佐藤勝秀,166.1,2008.0,2011.0,1999.0
2016100995,ゼネラルスターク,牡,大塚信次,,レッドスパーダ,2006105511,クリスエスヒル,2008105479,シンボリクリスエス,1999110099,大黒富美子,レジェンドファーム,165.9,2006.0,2008.0,1999.0
2016102349,ペルルドゥロゼ,牝,山田義人,,トビーズコーナー,000a011fed,アガーテ,1998103406,フォーティナイナー,000a000134,原大栄,上山牧場,165.6,2008.0,1998.0,1985.0
2016109033,ダイユウブレイデン,牡,高橋優子,,リーチザクラウン,2006102923,パッサリン,2003102541,エンドスウィープ,000a00010f,大友靖岐,一山育成牧場,165.3,2006.0,2003.0,1991.0
2016101321,エリーピクシー,牝,地辺幸一,,ノボジャック,1997110152,ポートドラルーン,2010104423,チチカステナンゴ,000a011135,谷謙介,萩澤俊雄,165.2,1997.0,2010.0,1998.0
2016101298,ディーエスプロット,牡,川島雅人,,ローレルゲレイロ,2004100933,ファンタジックキー,2005100269,スマートボーイ,1995100385,杉浦和也,中橋清,165.2,2004.0,2005.0,1995.0
2016106546,サンマルフラッシュ,牡,九日俊光,,エイシンフラッシュ,2007102951,サンマルリジイ,2009106799,ゼンノロブロイ,2000101517,小橋亮太,アイオイファーム,165.0,2007.0,2009.0,2000.0
2016105652,ラストサマー,牝,雑賀伸一,,エンパイアメーカー,000a010542,ラピッドガール,2005110063,Seeking the Gold,000a001bea,（有）キヨタケ牧場,キヨタケ牧場,165.0,2000.0,2005.0,1985.0
2016105257,ナリノパドフィーユ,牝,内田勝義,,パドトロワ,2007102760,メディアウォーズ,1998101652,サンデーサイレンス,000a00033a,成塚清志,社台ファーム,165.0,2007.0,1998.0,1986.0
2016109113,マンゴホープ,牡,手島勝利,,ストラヴィンスキー,000a00fa41,タニノクラリッジ,1999100229,コマンダーインチーフ,000a0000b0,片山建治,片山建治,164.7,1996.0,1999.0,1990.0
2016105397,タイセーゴー,牡,岡田一男,,ダノンバラード,2008103548,クリントンガール,2001110149,サザンヘイロー,000a00031e,大橋利幸,荒木貴宏,164.5,2008.0,2001.0,1983.0
2016100227,バジガクルネッタ,牝,佐々木国,,パドトロワ,2007102760,ブリッジポート,2007104347,ロージズインメイ,000a010a10,（株）馬事学院,小泉学,164.5,2007.0,2007.0,2000.0
2016100640,タイガーティナ,牝,山田徹,,アドマイヤムーン,2003102991,コヴェンティナ,2007103091,シンボリクリスエス,1999110099,瀬戸竜男,ハシモトファーム,164.1,2003.0,2007.0,1999.0
2016101798,シナノビックワン,牡,高月賢一,,メイショウサムソン,2003102205,ウソツキ,2001100287,ダンスインザダーク,1993109188,小林勝,木村牧場,164.0,2003.0,2001.0,1993.0
2016103959,ディグニティバイオ,牡,岡林光浩,,キングズベスト,000a0022d2,グリームバイオ,2007103193,アグネスタキオン,1998101516,バイオ,坂東牧場,163.9,1997.0,2007.0,1998.0
2016105423,トワイライトソング,牝,小沢宏次,,スクリーンヒーロー,2004103328,メガフェリーチェ,2007100040,サクラバクシンオー,1989108341,堀口晴男,石川牧場,163.8,2004.0,2007.0,1989.0
2016104956,エミーズチャンプ,牡,井樋一也,,ベルシャザール,2008103004,エミーズパラダイス,2009105748,フサイチコンコルド,1993109220,宮崎豊治,社台ファーム,163.0,2008.0,2009.0,1993.0
2016103528,ダウンタウンギャル,牝,林幻,,スターリングローズ,1997106560,プリンセスハルカ,2010101284,ハーツクライ,2001103038,泉俊二,坂東ファーム,163.0,1997.0,2010.0,2001.0
2016100769,ゴールドウイスパー,牝,宗綱泰彦,,サダムパテック,2008102652,ゴールドジャパン,2007104957,スターリングローズ,1997106560,金野博幸,北勝ファーム,162.8,2008.0,2007.0,1997.0
2016104107,タッカーブルー,牡,鈴木伸尋,,ベルシャザール,2008103004,シズパンチ,2007102392,タップダンスシチー,1997110043,小松崎孝,大川牧場,162.5,2008.0,2007.0,1997.0
2016103998,アパショナータ,牝,渋谷信博,,ナカヤマフェスタ,2006102424,ラビットファレル,2008106431,アグネスデジタル,1997110025,石井太郎,船越伸也,162.4,2006.0,2008.0,1997.0
2016110164,ドーンオブアネラ,牡,安田隆行,,Zoustar,000a013f8e,Patricia Dawn,000a013fa6,Sebring,000a012639,吉田和美,Mr R Anderson,162.3,2010.0,2010.0,2005.0
2016101509,ペシュウィズダム,牝,藤田正治,,モンテロッソ,000a011b05,サンキンレター,2003101879,ホワイトマズル,1990109700,伏田知義,米田牧場,162.3,2007.0,2003.0,1990.0
2016104943,カワイイスイーパー,牝,藤ヶ崎一,,ヴィクトワールピサ,2007102923,エアコゼット,1999106803,ニホンピロウイナー,1980106362,浅岡幹雄,社台ファーム,162.1,2007.0,1999.0,1980.0
2016105317,グリームロータス,牝,中川竜馬,,ストーミングホーム,1998190003,メイケイソフィア,2007103161,キングカメハメハ,2001103460,豊島愛子,浦河小林牧場,162.0,1998.0,2007.0,2001.0
2016104171,ショパンラブ,牝,三野宮通,,ベルシャザール,2008103004,フィールザライト,2008102486,ファンタスティックライト,1996190005,前田敏文,平岡牧場,161.9,2008.0,2008.0,1996.0
2016102487,メイショウバーバラ,牝,有馬澄男,,メイショウボーラー,2001100650,ビットオブファット,2002102969,エンドスウィープ,000a00010f,松本好雄,鮫川ファーム,161.9,2001.0,2002.0,1991.0
2016104490,サスクェハンナ,牡,胡本友晴,,クロフネ,1998110135,シナジーウィスパー,2010104054,ネオユニヴァース,2000101426,中嶋弘士,ノーザンファーム,161.7,1998.0,2010.0,2000.0
2016102848,スーパークルーズ,牡,冨田敏男,,ショウナンカンプ,1998102595,スーパーオアシス,2006105275,アフリート,000a000013,冨田藤男,沖田牧場,161.7,1998.0,2006.0,1984.0
2016105297,ハーバーコメット,牝,井樋明正,,オルフェーヴル,2008102636,レディイン,000a00ff4a,Kendor,000a001be4,成富直行,社台ファーム,161.5,2008.0,1999.0,1986.0
2016106513,ホクセンシシオー,牡,石橋満,,ベルシャザール,2008103004,マーベラスロマン,1997104652,パラダイスクリーク,1989109110,大野裕,酒井亨,161.2,2008.0,1997.0,1989.0
2016103512,シャイナ,牝,頼本盛行,,ローレルゲレイロ,2004100933,オンワードセイント,1996103673,リンドシェーバー,1988107894,（同）ＪＰＮ技研,原田牧場,161.1,2004.0,1996.0,1988.0
2016103681,アリスチャン,牝,川嶋弘吉,,メイショウボーラー,2001100650,アズマガール,2009102914,キングカメハメハ,2001103460,坂田行夫,増尾牧場,161.0,2001.0,2009.0,2001.0
2016109149,カシノアンビション,セ,山下定文,,パイロ,000a01176a,キセキノメガミ,2001101419,フジキセキ,1992109618,柏木務,長谷地義正,160.9,2005.0,2001.0,1992.0
2016100174,アイファーリーダー,牡,小村正也,,シビルウォー,2005102317,タカラインディ,2012100377,エンパイアメーカー,000a010542,中島稔,川上悦夫,160.7,2005.0,2012.0,2000.0
2016101086,ルシコンダビーチ,牝,井樋一也,,タニノギムレット,1999100226,ミルリュユッテ,2006106671,ステイゴールド,1994108729,小柳猛,沖田博志,160.3,1999.0,2006.0,1994.0
2016106130,アニヴェルセル,牝,坂口義幸,,ワイルドラッシュ,000a0003a1,スターオブアフリカ,2005105173,ヨハネスブルグ,000a0103b9,結城喜一,野坂牧場,160.2,1994.0,2005.0,1999.0
2016106605,ドドナエア,牝,桜田康二,,ゼンノロブロイ,2000101517,キャトルキャール,2005106592,サクラローレル,1991103498,吉田久則,武田修一,160.1,2000.0,2005.0,1991.0
2016106494,エイシンノヘキレキ,牡,田所秀孝,,アドマイヤジャパン,2002102324,エーシンルミナス,2009100212,タイキシャトル,1994109686,栄進堂,栄進牧場,160.0,2002.0,2009.0,1994.0
2016103852,トーセンエース,牡,小久保智,,トーセンブライト,2001103660,パームアイランド,2008102626,フジキセキ,1992109618,島川隆哉,エスティファーム,160.0,2001.0,2008.0,1992.0
2016103278,ブラックエンジェル,牝,金田一昌,,ブラックタイド,2001103312,ハレクラニ,2002103450,ブライアンズタイム,000a000082,太田珠々子,タバタファーム,160.0,2001.0,2002.0,1985.0
2016102880,レッツゴーレツコ,牝,頼本盛行,,キンシャサノキセキ,2003110212,タイキプリンセス,2000110013,Kingmambo,000a001d7e,（同）ＪＰＮ技研,賀張三浦牧場,160.0,2003.0,2000.0,1990.0
2016106013,ホームチーム,牡,石本孝博,,ケイムホーム,000a0108d1,フォルテシモ,2010102940,ディープインパクト,2002100816,谷謙介,千代田牧場,159.6,1999.0,2010.0,2002.0
2016104266,テンザンペレ,牝,川田孝好,,タートルボウル,000a012045,クリックヒア,1999106690,サンデーサイレンス,000a00033a,平野司郎,追分ファーム,159.5,2002.0,1999.0,1986.0
2016102992,タイムメイテル,牝,倉地学,,シニスターミニスター,000a011099,カリス,2011100254,シンボリクリスエス,1999110099,インターフェース（同,坂牧場,159.2,2003.0,2011.0,1999.0
2016102766,ベロナサンライズ,牝,田中伸一,,ワークフォース,000a011a7f,アグネスファスト,2005102798,アグネスタキオン,1998101516,小菅誠,天羽牧場,158.9,2007.0,2005.0,1998.0
2016102702,ホワイトヘブン,牝,頼本盛行,,ダンカーク,000a012185,オルレアンノオトメ,2007104109,チーフベアハート,1993190010,（同）ＪＰＮ技研,ミルファーム,158.6,2006.0,2007.0,1993.0
2016104958,レッドルーナ,牝,加藤和宏,,シンボリクリスエス,1999110099,エリザベスムーン,2006102906,ダンスインザダーク,1993109188,（株）ファーストビジ,社台ファーム,158.1,1999.0,2006.0,1993.0
2016101786,ベルウインド,牡,金田一昌,,オルフェーヴル,2008102636,ビーウインド,2001100275,スピニングワールド,000a000325,子安裕樹,杵臼牧場,158.1,2008.0,2001.0,1993.0
2016101615,ウォーターファラオ,牡,岡田稲男,,ゴールドヘイロー,1997101264,ウォーターアリエル,2009100873,ブライアンズタイム,000a000082,山岡正人,畔高牧場,157.6,1997.0,2009.0,1985.0
2016105294,キャーントストップ,牝,山崎尋美,,スクリーンヒーロー,2004103328,レッドチリペッパー,1996110344,Unbridled,000a001cd0,吉田千津,社台ファーム,157.5,2004.0,1996.0,1987.0
2016100362,マリヒメ,牝,手島勝利,,カネヒキリ,2002100978,ビバエルフ,2006106523,コロナドズクエスト,000a0000b5,村上進治,高瀬牧場,157.4,2002.0,2006.0,1995.0
2016102470,ピカブー,牝,笹野博司,,スクリーンヒーロー,2004103328,オースミアザレア,2007102104,スペシャルウィーク,1995103211,石塚史典,鮫川啓一,157.2,2004.0,2007.0,1995.0
2016103433,セイウンブラスト,牡,坂口義幸,,キャプテントゥーレ,2005102216,エコーズインザウインド,000a01280c,モンジュー,1996190001,太田雅貴,村上欽哉,157.1,2005.0,2009.0,1996.0
2016102713,パゴダ,牝,新井健児,,パイロ,000a01176a,ファンアットコート,2010105945,アドマイヤマックス,1999107004,角谷守正,ミルファーム,157.1,2005.0,2010.0,1999.0
2016105748,サブノスキヤネン,牝,鷹見浩,,ローエングリン,1999106738,ミズサワスキヤネン,1997104017,スキャン,000a000d69,中川三郎,坂本健一,156.5,1999.0,1997.0,1988.0
2016101635,チョコレートベルン,牝,及川良春,,シニスターミニスター,000a011099,ワイエムサチ,2002102676,タバスコキャット,000a000348,大黒富美子,浦河小林牧場,156.4,2003.0,2002.0,1991.0
2016105874,フラワーパレス,牝,大垣敏夫,,ルーラーシップ,2007103143,ビーチデバカンス,2010103334,アドマイヤジャパン,2002102324,野口幸八,高橋修,155.8,2007.0,2010.0,2002.0
2016103689,クリノブラックオー,セ,坂井孝義,,ブラックタイド,2001103312,クイックリプライ,2001110007,Pulpit,000a002133,小橋亮太,三輪牧場,155.5,2001.0,2001.0,1994.0
2016105029,ジェレメジェバイト,牡,井樋明正,,ワークフォース,000a011a7f,サンシャイン,2009105903,ハーツクライ,2001103038,小橋亮太,社台ファーム,155.4,2007.0,2009.0,2001.0
2016105572,サンエイヤマト,牡,鈴木七郎,,スマートファルコン,2005100097,フレンチ,2007103580,キングヘイロー,1995104427,鈴木雅俊,岡田牧場,155.3,2005.0,2007.0,1995.0
2016106595,ジェメナイ,牡,大垣敏夫,,ジャングルポケット,1998101786,レモンキャンディー,1998101654,サンデーサイレンス,000a00033a,野口幸八,川上牧場,155.2,1998.0,1998.0,1986.0
2016110160,ストームハート,牝,野中賢二,,Uncaptured,000a01368e,Miss Fear Factor,000a0121f6,Siphon,000a002220,広尾レース,Pomerol P & Y Ltd,155.0,2010.0,2003.0,1991.0
2016103303,マンハッタンソング,牝,渡邊貴光,,マンハッタンカフェ,1998101554,グレイトタイミング,000a0127f9,Raven's Pass,000a011d04,（株）レックス,ダーレー・ジャパン・ファーム,155.0,1998.0,2010.0,2005.0
2016103604,リビジョニスト,牡,稲益貴弘,,アドマイヤムーン,2003102991,クリールシャルマン,2010102943,ジャングルポケット,1998101786,柴田洋一,藤本ファーム,154.9,2003.0,2010.0,1998.0
2016106134,エストレーモシチー,牡,田中清隆,,レッドスパーダ,2006105511,ネクストタイム,1995100850,アフリート,000a000013,友駿ホースクラブ,野坂牧場,154.8,2006.0,1995.0,1984.0
2016102527,フェットチーネ,牝,西川精治,,キャプテントゥーレ,2005102216,リアライズナラック,2008110032,Fusaichi Pegasus,000a0022cf,（株）アネモネ,高松牧場,154.8,2005.0,2008.0,1997.0
2016101562,チェータシカ,牝,石川浩文,,メイショウサムソン,2003102205,ドゥスマイル,2003106790,アグネスタキオン,1998101516,（同）ＪＰＮ技研,清水スタッド,154.8,2003.0,2003.0,1998.0
2016103745,ロイヤルシュライン,牝,山下定文,,ケープブランコ,000a011b06,デンジャラスゲーム,2009100732,スタチューオブリバティ,000a0109d5,遠藤喜和,門別牧場,154.3,2007.0,2009.0,2000.0
2016102628,ヤマニングレナデン,牝,森山英雄,,ヤマニンセラフィム,1999104188,ヤマニングロワール,2003100637,フレンチデピュティ,000a00013a,土井久美子,廣田光夫,154.3,1999.0,2003.0,1992.0
2016106034,ビューティスマイル,牝,池田忠好,,ヴァーミリアン,2002100877,モアスマイル,2005100579,ホワイトマズル,1990109700,小橋亮太,千代田牧場,154.2,2002.0,2005.0,1990.0
2016100082,ケイコクノビジン,牝,松野勝己,,サンカルロ,2006102822,イシノドリーム,1998100075,ウォーニング,000a000843,村瀬正,石田牧場,154.2,2006.0,1998.0,1985.0
2016103257,ラテルネラ,牝,佐久間雅,,スクリーンヒーロー,2004103328,ラサンバ,000a011bb7,Orientate,000a010902,水木仁,高山牧場,154.0,2004.0,2004.0,1998.0
2016101309,バイカマロン,牝,宮川浩一,,ケープブランコ,000a011b06,バイカオウレン,2007106436,フジキセキ,1992109618,西森功,ニシケンファーム,154.0,2007.0,2007.0,1992.0
2016109086,マグマミキサー,牡,長谷川忍,,タイムパラドックス,1998101683,ヤマシロギク,2004104887,アフリート,000a000013,（株）アプエンテ,マルシチ牧場,153.3,1998.0,2004.0,1984.0
2016101749,ノーブルソレイユ,牝,井手上慎,,クロフネ,1998110135,ベストファッション,2008101387,ダンスインザダーク,1993109188,蜂須賀重夫,鎌田正嗣,152.9,1998.0,2008.0,1993.0
2016104071,ダイメイホース,牡,東眞市,,シビルウォー,2005102317,ダイメイチャーム,2010103468,シルバーチャーム,000a00227c,宮本昇,池本久志,152.7,2005.0,2010.0,1994.0
2016110032,ザンシン,牡,坂本和也,,New Approach,000a011656,Zanzibar,000a013ad7,In the Wings,000a001cd4,前田良平,Usk Valley Stud,152.4,2005.0,1998.0,1986.0
2016100657,シングンファイター,牡,三坂盛雄,,シングンオペラ,1998105609,サウザンドクレイン,2002105722,シャンハイ,000a000d73,伊坂重憲,ヒカル牧場,152.4,1998.0,2002.0,1989.0
2016100475,ユーフォリア,牝,湯前良人,,キングヘイロー,1995104427,プリティアクィーン,2008104544,フジキセキ,1992109618,林由真,中村弘昭,152.3,1995.0,2008.0,1992.0
2016105158,ダズリングビーチ,牝,加藤幸保,,ハーツクライ,2001103038,ビーチアイドル,2005102351,ファルブラヴ,1998190004,安斉廣行,社台ファーム,152.2,2001.0,2005.0,1998.0
2016105304,マイアイザック,牡,伊藤和忍,,ヴィクトワールピサ,2007102923,ロイヤルマリー,000a011dca,Monsun,000a010db6,前田敏文,社台ファーム,152.0,2007.0,2007.0,1990.0
2016100863,エポナヴィクトリア,牝,加藤和義,,ネオユニヴァース,2000101426,ピースオブスマイル,2003107486,タイキブリザード,1991109979,程田真司,村上欽哉,152.0,2000.0,2003.0,1991.0
2016102503,マイネルオリエンス,牡,西久保政,,ナカヤマフェスタ,2006102424,トーホークイーン,2005101304,メジロマックイーン,1987107235,小橋亮太,大北牧場,151.9,2006.0,2005.0,1987.0
2016101795,ペプチドアスカ,セ,桜田康二,,オルフェーヴル,2008102636,レッドクローシュ,2000101280,トニービン,1983109006,沼川瀧子,杵臼牧場,151.7,2008.0,2000.0,1983.0
2016109098,テイエムヨカンゲナ,牡,平山宏秀,,ローエングリン,1999106738,テイエムヌーボー,2002100057,フジキセキ,1992109618,竹園正繼,テイエム牧場,151.6,1999.0,2002.0,1992.0
2016100584,オーバーザシード,牡,小牧毅,,ダイワメジャー,2001103114,アジアンミーティア,2000110100,Unbridled,000a001cd0,前田晋二,ノースヒルズ,151.4,2001.0,2000.0,1987.0
2016100078,ホットスタンプ,牝,藤田正治,,オルフェーヴル,2008102636,ホットマンボ,000a010e94,Kingmambo,000a001d7e,太田雅貴,石郷岡雅樹,151.4,2008.0,2003.0,1990.0
2016104463,ランスフォード,牝,栗本陽一,,ハービンジャー,000a011996,クロフォード,2007103220,フジキセキ,1992109618,樋口雅彦,ノーザンファーム,151.1,2006.0,2007.0,1992.0
2016105744,マデレーヌ,牝,高馬元紘,,サムライハート,2002100996,ラブリークレセント,2003105146,サクラバクシンオー,1989108341,吉川朋宏,酒井秀紀,150.5,2002.0,2003.0,1989.0
2016105629,センノマラカス,牡,手島勝利,,トゥザグローリー,2007103265,リトルイライザ,2003102779,クロフネ,1998110135,湯浅健司,神垣道弘,150.5,2007.0,2003.0,1998.0
2016102413,クリーンガーベラ,牝,田中伸一,,ストロングリターン,2006102934,クリーンプリンセス,2009103819,ジャングルポケット,1998101786,小橋亮太,高昭牧場,150.5,2006.0,2009.0,1998.0
2016102329,セイユウビューティ,牝,目迫大輔,,タイムパラドックス,1998101683,ビャクヤザクラ,2006109102,メジロベイリー,1998101457,北原光一郎,カケハムポニークラブ,150.5,1998.0,2006.0,1998.0
2016100800,サルース,牝,関本浩司,,ハービンジャー,000a011996,ストームイメージ,2001102785,ダンスインザダーク,1993109188,組）ＫＩＺＵＮＡ組合,松浦牧場,150.1,2006.0,2001.0,1993.0
2016106178,ヒットザットウェイ,牝,斉藤正弘,,バトルプラン,000a0118e8,マスターセイレーン,2007100767,ネオユニヴァース,2000101426,服部和則,服部牧場,150.0,2005.0,2007.0,2000.0
2016105277,リードザヴァン,牝,本田優,,ルーラーシップ,2007103143,ラントゥザリード,2008103044,タニノギムレット,1999100226,社台レースホース,社台ファーム,150.0,2007.0,2008.0,1999.0
2016104337,クインオブザシーズ,牝,角居勝彦,,ノヴェリスト,000a012230,レジネッタ,2005102077,フレンチデピュティ,000a00013a,Ｇ１レーシング,追分ファーム,150.0,2009.0,2005.0,1992.0
2016104336,キートス,牝,菊沢隆徳,,ハーツクライ,2001103038,レインボーダリア,2007104556,ブライアンズタイム,000a000082,Ｇ１レーシング,追分ファーム,150.0,2001.0,2007.0,1985.0
2016103856,トーセンアメジスト,牝,高野毅,,トーセンブライト,2001103660,マッシュレイヤー,2006103252,ジャングルポケット,1998101786,島川隆哉,エスティファーム,150.0,2001.0,2006.0,1998.0
2016103779,カガプリンシパル,牡,飯田雄三,,パドトロワ,2007102760,ヒーラブズミー,2011104510,ディープインパクト,2002100816,香川憲次,山際辰夫,150.0,2007.0,2011.0,2002.0
2016103324,アルジェブラ,牡,小林真治,,ノヴェリスト,000a012230,ダイアゴネル,000a010ce5,Darshaan,000a0019b1,酒井孝敏,ダーレー・ジャパン・ファーム,150.0,2009.0,2000.0,1981.0
2016102651,ワンダータジャム,牡,九日俊光,,エンパイアメーカー,000a010542,ワンダーフウラン,2006103682,カリズマティック,000a00fa33,山本能成,藤春修二,150.0,2000.0,2006.0,1996.0
2016101525,アークスピネル,牝,佐藤博紀,,フォーティナイナーズサン,000a011227,ケージーカンザクラ,2006104153,サクラバクシンオー,1989108341,（株）コルテックス,寺井文秀,150.0,2001.0,2006.0,1989.0
2016101270,マジカルリボン,牝,的場均,,ヴィクトワールピサ,2007102923,コンゴウアンゲルス,2001101105,カーネギー,000a000093,田頭勇貴,土田扶美子,150.0,2007.0,2001.0,1991.0
2016101179,フォルジェニー,牝,宮浦正行,,エンパイアメーカー,000a010542,フォトジェニー,2001103438,スペシャルウィーク,1995103211,八嶋長久,斉藤スタッド,150.0,2000.0,2001.0,1995.0
2016100843,トワ,牝,水野貴史,,ジャスタウェイ,2009106461,ウインルミエール,2002110005,Saint Ballado,000a00212e,パニオロ,村上欽哉,150.0,2009.0,2002.0,1989.0
2016100026,フロントランナー,牡,田村康仁,,ハービンジャー,000a011996,アイアイボタン,2002105604,アドマイヤベガ,1996107396,山口裕介,秋田牧場,150.0,2006.0,2002.0,1996.0
2016106335,クインズシナモン,牝,工藤裕孝,,ヘニーヒューズ,000a011155,アンドモアアゲイン,000a0117d2,Distorted Humor,000a0022ea,吉田朋之,松田牧場,149.9,2003.0,2004.0,1993.0
2016101762,サンマルジュエル,牝,花本正三,,コンデュイット,2005190006,サンマルジュエリー,2010102880,ブライアンズタイム,000a000082,相馬勇,木戸口牧場,149.7,2005.0,2010.0,1985.0
2016106284,ライトビューティ,牝,稲益貴弘,,タイキシャトル,1994109686,ダークアイリス,2009105857,ゴールドアリュール,1999106689,宮川保,へいはた牧場,149.5,1994.0,2009.0,1999.0
2016103016,アニマルケア,牡,村田順一,,アンパサンド,2004105545,ビーボーン,2003106031,テンビー,000a000354,酒井孝敏,サンシャイン牧場,149.5,2004.0,2003.0,1990.0
2016100833,フユロック,牝,安池成実,,スクリーンヒーロー,2004103328,スウィートマフィン,2006103165,ダンスインザダーク,1993109188,柏原勝也,三村卓也,149.5,2004.0,2006.0,1993.0
2016100765,ゴールドエクセル,牝,大島静夫,,ディープブリランテ,2009105084,アジヤタイリン,1997103940,サクラユタカオー,1982101222,谷謙介,北勝ファーム,149.1,2009.0,1997.0,1982.0
2016104980,レオポルド,牡,宮川浩一,,キンシャサノキセキ,2003110212,オーラ,000a010ab5,Quiet American,000a001ea2,吉田昌久,社台ファーム,149.0,2003.0,1998.0,1986.0
2016102568,ミカエラ,牝,藤田正治,,ベルシャザール,2008103004,ヒシカルメン,2008102171,ロックオブジブラルタル,000a00fd4c,（有）ホースケア,中村雅明,148.6,2008.0,2008.0,1999.0
2016105518,ビックバンフェリー,牝,矢内博,,マツリダゴッホ,2003104570,ブルーミングガール,2005100107,サクラバクシンオー,1989108341,石井智,岡田スタッド,148.5,2003.0,2005.0,1989.0
2016104508,ハピネスブルーム,牝,松浦聡志,,ロードカナロア,2008103552,シードオブハピネス,2011103850,ゼンノロブロイ,2000101517,（株）大川徹ホールデ,ノーザンファーム,148.4,2008.0,2011.0,2000.0
2016103880,ペイシャアリ,牝,宗綱泰彦,,ケイムホーム,000a0108d1,サンクチュアリ,2006102946,アグネスタキオン,1998101516,金野博幸,川向高橋育成牧場,148.3,1999.0,2006.0,1998.0
2016103947,コスモブッカー,牡,奥高平,,ノヴェリスト,000a012230,リラコルレオーネ,2004106086,アドマイヤベガ,1996107396,村瀬正,二風谷ファーム,148.2,2009.0,2004.0,1996.0
2016100801,ギョシュウ,牡,斉藤正弘,,ケイムホーム,000a0108d1,ソウタツ,2000109357,ブライアンズタイム,000a000082,中村勝彦,松浦牧場,148.1,1999.0,2000.0,1985.0
2016100528,ダイシンラグナ,牝,佐藤博紀,,ディープブリランテ,2009105084,ダイシンタイムズ,2008102685,ブライアンズタイム,000a000082,大八木信行,新冠タガノファーム,148.0,2009.0,2008.0,1985.0
2016106112,エムザックレガシー,牝,中川雅之,,サウスヴィグラス,1996110138,プリティロマンサー,2000101566,ダンスインザダーク,1993109188,寺西正彰,西村和夫,147.8,1996.0,2000.0,1993.0
2016102462,マナラニ,牝,藤田正治,,ローズキングダム,2007103404,エーシンパーティー,2004110043,Tale of the Cat,000a002276,（有）ホースケア,斉藤政志,147.8,2007.0,2004.0,1994.0
2016103650,バイラール,牝,松島寿,,スマートファルコン,2005100097,クレバーパルマ,2010103149,ブライアンズタイム,000a000082,三岡有香,本間牧場,147.6,2005.0,2010.0,1985.0
2016103590,デルマヴォージュ,牡,川添明弘,,トーセンラー,2008102985,アジアンビューティ,1998101783,ニホンピロウイナー,1980106362,浅沼廣幸,ファニーヒルファーム,147.6,2008.0,1998.0,1980.0
2016103037,インスタントカーマ,牡,栗本陽一,,ハービンジャー,000a011996,マッキーマイハート,2005103719,アグネスタキオン,1998101516,樋口雅彦,下川茂広,147.6,2006.0,2005.0,1998.0
2016101070,レイナアブソルータ,牝,中川雅之,,ダノンバラード,2008103548,バトルレジナ,2010105281,キングカメハメハ,2001103460,東山国栄,沖田忠幸,147.4,2008.0,2010.0,2001.0
2016100480,ハッピーフェイス,牡,今津勝之,,サウスヴィグラス,1996110138,フロントアクセス,1999104134,トニービン,1983109006,小橋亮太,中本隆志,147.2,1996.0,1999.0,1983.0
2016104026,サンマッキニー,牡,石川浩文,,レッドスパーダ,2006105511,パピチャン,2007103411,ウインラディウス,1998105841,（同）ＪＰＮ技研,リトルブルーファーム,147.1,2006.0,2007.0,1998.0
2016109040,ブルベアアルジェン,牡,川嶋弘吉,,トビーズコーナー,000a011fed,ドリーミングバード,1999101073,フォーティナイナー,000a000134,（株）ファーストビジ,今川満良,146.9,2008.0,1999.0,1985.0
2016100424,マサノトキメキ,牝,田辺陽一,,シンボリクリスエス,1999110099,モエレカバーガール,2004103294,フレンチデピュティ,000a00013a,廣松光成,大作ステーブル,146.9,1999.0,2004.0,1992.0
2016106223,マインナナ,牝,山下定文,,グランプリボス,2008103388,オンリーザロンリー,000a0111bc,Bering,000a001bd5,峰哲馬,藤吉牧場,146.6,2008.0,1998.0,1983.0
2016101853,トリウンファラ,牝,栗本陽一,,モンテロッソ,000a011b05,セインツプレイ,000a011a50,Saint Ballado,000a00212e,花井栄治,佐々木恵一,146.5,2007.0,2002.0,1989.0
2016103431,ボヌールアヴ,牝,大石省三,,ベルシャザール,2008103004,フレグラントガール,2009102284,アグネスタキオン,1998101516,沖田忠幸,西野春樹,146.4,2008.0,2009.0,1998.0
2016102758,エムティミホ,牝,柳井宏之,,トーセンロレンス,2009106085,ビービーレイラ,2004106582,ホワイトマズル,1990109700,瀬戸年美,旭牧場,146.1,2009.0,2004.0,1990.0
2016101675,エンゼルサンライズ,牝,川田孝好,,ハーツクライ,2001103038,エーシンセノーテ,2010102109,フレンチデピュティ,000a00013a,成富直行,栄進牧場,145.9,2001.0,2010.0,1992.0
2016104783,レッドアデニウム,牝,藤ヶ崎一,,ゴールドアリュール,1999106689,ストゥデンテッサ,000a011aba,High Yield,000a00fd81,玉田博志,ノーザンファーム,145.6,1999.0,2007.0,1997.0
2016105988,トップスリー,牝,角田輝也,,ダノンシャンティ,2007105709,スターキャンドル,2005100582,ブライアンズタイム,000a000082,小菅誠,千代田牧場,145.5,2007.0,2005.0,1985.0
2016103013,プレドゥラメール,牝,庄子昭彦,,アンパサンド,2004105545,デラセーラ,2008110116,Maria's Mon,000a002285,酒井孝敏,サンシャイン牧場,145.5,2004.0,2008.0,1993.0
2016101972,アーティクル,牝,坂井孝義,,バトルプラン,000a0118e8,ティティテア,2010104952,バブルガムフェロー,1993109219,小橋亮太,津島優治,145.5,2005.0,2010.0,1993.0
2016100476,シュネルハルバート,牡,伊藤強一,,アンライバルド,2006103308,マザーズウィッシュ,2004100355,タイキシャトル,1994109686,（同）ＪＰＮ技研,中村弘昭,145.5,2006.0,2004.0,1994.0
2016100432,スルガクイーン,牝,岡林光浩,,フリオーソ,2004106867,シルクロマンス,1999104301,Benny the Dip,000a00212c,山本美佐江,対馬正,145.3,2004.0,1999.0,1994.0
2016101566,シャクラ,牡,西川精治,,ネオユニヴァース,2000101426,ホエールシャーク,2002109448,ヘネシー,000a000178,西浦和男,清水スタッド,145.1,2000.0,2002.0,1993.0
2016106458,ドラゴンエナジー,牡,村田順一,,ディープブリランテ,2009105084,エメラルストーン,2008102110,ロックオブジブラルタル,000a00fd4c,篠塚和郎,カネツ牧場,145.0,2009.0,2008.0,1999.0
2016103896,ラランジャ,牝,伊藤伸一,,ローズキングダム,2007103404,エルプリメロ,2003105432,フレンチデピュティ,000a00013a,Ｈ．ＦＡｓｓｏｃｉａｔｉｏｎ,協栄組合,145.0,2007.0,2003.0,1992.0
2016102688,ワイエスビリーブ,牡,佐々木忠,,プリサイスエンド,000a00fe9b,ダンシングママ,2002101405,フレンチデピュティ,000a00013a,山下定良,横山浩司,145.0,1997.0,2002.0,1992.0
2016102679,ミヤジアルフィー,牡,川村禎彦,,ブラックタイド,2001103312,ミヤジガンバレ,2009101361,ファスリエフ,000a00fc4c,曽我司,村中牧場,145.0,2001.0,2009.0,1997.0
2016102095,サンライズエール,牡,藤田正治,,ロードカナロア,2008103552,フレッチャロッサ,2008104873,アグネスデジタル,1997110025,堀田健一,信岡牧場,145.0,2008.0,2008.0,1997.0
2016102859,ジャッジオブナイツ,牡,土井道隆,,エイシンフラッシュ,2007102951,ヴァルホーリング,000a010f01,Halling,000a002075,酒井孝敏,オリオンファーム,144.9,2007.0,2002.0,1991.0
2016103839,トーセンクリスタル,牝,川添明弘,,トーセンラー,2008102985,トーセンピナクル,2007105292,シンボリクリスエス,1999110099,蟹江知彦,エスティファーム,144.7,2008.0,2007.0,1999.0
2016103846,コーラルアイランド,牝,倉地学,,トーセンラー,2008102985,トーセンムンク,2009102212,キングカメハメハ,2001103460,稲葉光昭,エスティファーム,144.6,2008.0,2009.0,2001.0
2016103154,スズカデュー,牡,渡辺博文,,ロードカナロア,2008103552,ビジョナリー,2011100346,ディープインパクト,2002100816,永井啓弍,白井牧場,144.6,2008.0,2011.0,2002.0
2016105389,カミノグルーヴ,牝,柘榴浩樹,,サムライハート,2002100996,エンシャントゴールド,000a01055e,Seeking the Gold,000a001bea,宇賀神英子,秋田育成牧場,144.5,2002.0,1998.0,1985.0
2016106035,タイセイハーモニー,牝,山下定文,,アグネスデジタル,1997110025,モノトーン,1999100633,ミシル,1988109110,末次純男,千代田牧場,144.2,1997.0,1999.0,1988.0
2016105358,ソショウショウソ,牡,小沢宏次,,バーディバーディ,2007100567,ガランティサーダ,2008103103,ゼンノロブロイ,2000101517,酒井孝敏,海馬沢明,144.0,2007.0,2008.0,2000.0
2016101700,ムスティッカ,牝,菊川正達,,エイシンアポロン,2007110020,ムザヤダ,000a0123d9,Monsun,000a010db6,中村祐子,栄進牧場,144.0,2007.0,2008.0,1990.0
2016102132,イチムジン,牝,土井道隆,,ブラックタイド,2001103312,キープイットリアル,2011106036,グラスワンダー,1995108676,岡友則,松田牧場,143.9,2001.0,2011.0,1995.0
2016102495,マルヨグローズ,牡,尾島徹,,スターリングローズ,1997106560,マルヨディローゼ,2010101791,フジキセキ,1992109618,野村春行,鈴木武蔵,143.6,1997.0,2010.0,1992.0
2016104129,エメドレサージュ,牝,細川忠義,,ホールウォーカー,2003105250,エスキナンサス,2009106094,スペシャルウィーク,1995103211,（有）太盛,ストロベリーフィールドファーム,143.5,2003.0,2009.0,1995.0
2016101302,キスオブライフ,牝,山田徹,,レッドスパーダ,2006105511,ディヴォーション,2009101670,ゴールドヘイロー,1997101264,杉浦和也,中橋正,143.4,2006.0,2009.0,1997.0
2016109137,クリノマレンゴ,牝,東眞市,,ストラヴィンスキー,000a00fa41,マイネアペリオ,2009104484,シンボリクリスエス,1999110099,土屋君春,橋口幸一郎,143.2,1996.0,2009.0,1999.0
2016103418,ハッピーパラダイス,牡,植松則幸,,ベルシャザール,2008103004,ハッピーウィーク,2009106538,スペシャルウィーク,1995103211,（株）ファーストビジ,中原牧場,143.1,2008.0,2009.0,1995.0
2016103819,トーセンエメラルド,牝,長谷川忍,,トーセンジョーダン,2006103169,トーセンアイリス,2004103269,フジキセキ,1992109618,高山竜二,エスティファーム,143.0,2006.0,2004.0,1992.0
2016104158,ロクヨンハート,牡,佐藤茂,,サムライハート,2002100996,フラワーサークル,2001102815,サクラバクシンオー,1989108341,田中竜雄,東振牧場,142.9,2002.0,2001.0,1989.0
2016102559,クニノゲラン,牝,尾島徹,,サウンドボルケーノ,2008110123,グランデタマ,2010102728,クロフネ,1998110135,国立治,中村雅明,142.7,2008.0,2010.0,1998.0
2016103485,マニピュレート,牝,池田忠好,,ゼンノロブロイ,2000101517,セフティードリーム,2005103530,フォーティナイナー,000a000134,（有）長谷川牧場,長谷川牧場,142.5,2000.0,2005.0,1985.0
2016104686,ローザジルベルト,牡,地辺幸一,,ワークフォース,000a011a7f,ローズバド,1998101861,サンデーサイレンス,000a00033a,（株）ファーストビジ,ノーザンファーム,142.3,2007.0,1998.0,1986.0
2016100404,オンマイオウン,牝,川添明弘,,ダンカーク,000a012185,オーガストウェイ,2008102807,アグネスタキオン,1998101516,結城喜一,スカイビーチステーブル,142.3,2006.0,2008.0,1998.0
2016100128,アドベントクランツ,牝,大橋敬永,,ロードカナロア,2008103552,シャッセロール,2010105366,クロフネ,1998110135,増田兼良,オリエント牧場,142.2,2008.0,2010.0,1998.0
2016103555,テイエムマイスター,牡,平山宏秀,,スクリーンヒーロー,2004103328,テイエムチュラサン,2002109122,タイキシャトル,1994109686,竹園正繼,日高テイエム牧場,141.9,2004.0,2002.0,1994.0
2016102754,コケラオトシ,牡,頼本盛行,,セレスハント,2005101116,ロスヴィータ,2007102693,ゼンノロブロイ,2000101517,（同）ＪＰＮ技研,アイズスタッド,141.9,2005.0,2007.0,2000.0
2016105633,ラダン,牡,菅原勲,,ローレルゲレイロ,2004100933,シンワシュシュ,2011106295,ファスリエフ,000a00fc4c,佐藤啓子,木村秀則,141.8,2004.0,2011.0,1997.0
2016103827,トーセンルビー,牝,加藤和宏,,トーセンホマレボシ,2009106092,トーセンエトワール,2008105761,Street Cry,000a0103ba,（株）ファーストビジ,エスティファーム,141.4,2009.0,2008.0,1998.0
2016100020,ダイアモンドスワン,牝,吉田正美,,スウィフトカレント,2001103189,ビバサムシング,2007104455,ムーンバラッド,000a00fe8f,（株）システムコア,赤石久夫,141.4,2001.0,2007.0,1999.0
2016105906,ブラウンマカン,セ,大島静夫,,ルーラーシップ,2007103143,ルナーコロナ,2007102746,ネオユニヴァース,2000101426,谷謙介,田中裕之,141.2,2007.0,2007.0,2000.0
2016103535,クリノクルミチャン,牝,西川進也,,ヴィクトワールピサ,2007102923,シャルマンダー,000a01122b,デヒア,000a0000df,栗本八江,日高大洋牧場,141.2,2007.0,1998.0,1991.0
2016102027,ヒデノレガシー,牝,雑賀伸一,,フリオーソ,2004106867,ヒデノメガミ,1997100879,フジキセキ,1992109618,栗東総合産業（株）,富田牧場,141.2,2004.0,1997.0,1992.0
2016101380,リキサンムスタング,牡,奥平雅士,,オルフェーヴル,2008102636,リキサンピュアティ,2000101649,トニービン,1983109006,ハイパワー商事,本桐牧場,141.0,2008.0,2000.0,1983.0
2016104314,ジェイドパンニャー,牝,細川忠義,,ダノンシャンティ,2007105709,フリードリームズ,000a010b71,Areion,000a010a76,平宅正典,社台コーポレーション白老ファーム,140.9,2007.0,2002.0,1995.0
2016100909,ラストクリーガー,牡,畠山信一,,アドマイヤオーラ,2004102987,キソティックラヴ,1998100872,ブライアンズタイム,000a000082,吉田勝利,村田牧場,140.6,2004.0,1998.0,1985.0
2016105602,プロトジャガー,牡,工藤伸輔,,ベーカバド,000a011dc0,ベルモントスワン,1998105300,オペラハウス,000a000d77,グリーンウッド（株）,織田正敏,140.5,2007.0,1998.0,1988.0
2016103416,ダイシンキャラミ,牝,森沢友貴,,ルーラーシップ,2007103143,ダイシンキャンディ,2009106529,アグネスタキオン,1998101516,大八木信行,中原牧場,140.5,2007.0,2009.0,1998.0
2016100165,クリノカリビアン,牝,川島雅人,,ジャングルポケット,1998101786,クリノスレンダー,2006104256,タヤスツヨシ,1992109612,栗本八江,上井農場,140.5,1998.0,2006.0,1992.0
2016110006,ベストピクチャー,牝,藤岡健一,,Dubawi,000a0115e2,ゴールデングローブ,2008105763,Shamardal,000a010c92,ゴドルフィン,Godolphin,140.0,2002.0,2008.0,2002.0
2016106091,ウスズミ,牝,澤佳宏,,ブラックタイド,2001103312,サクラノチョウジョ,2011102366,オペラハウス,000a000d77,油木大樹,西川富岡牧場,140.0,2001.0,2011.0,1988.0
2016103421,フェリシタシオン,牡,須貝尚介,,ルーラーシップ,2007103143,ブライダルソング,000a011428,Selkirk,000a001fab,キャロットファーム,中前牧場,140.0,2007.0,2005.0,1988.0
2016103397,ダンジグオーザ,牡,恵多谷豊,,ヘニーヒューズ,000a011155,ベルモントレーヌ,2010105996,クロフネ,1998110135,西森鶴,中川欽一,140.0,2003.0,2010.0,1998.0
2016102460,ガウナ,牝,後藤佑耶,,ゴールドアリュール,1999106689,フォーティエース,1997103998,フォーティナイナー,000a000134,川崎賢二,小林仁,140.0,1999.0,1997.0,1985.0
2016103773,テーオースナイパー,牡,橋本忠明,,ブラックタイド,2001103312,ラブエーヤン,2007106692,サクラバクシンオー,1989108341,小笹公也,ヤナガワ牧場,139.5,2001.0,2007.0,1989.0
2016105638,ミサトラモーヌ,牝,中野博,,タニノギムレット,1999100226,ミサトサンデー,2006104053,フサイチコンコルド,1993109220,谷謙介,木村秀則,139.3,1999.0,2006.0,1993.0
2016104196,シンカタタタキキ,牡,宗石大,,バーディバーディ,2007100567,アフェクショネイト,2004102947,クロフネ,1998110135,酒井孝敏,宮井孝典,139.3,2007.0,2004.0,1998.0
2016101495,フクノレジーナ,牝,室井真文,,ベルシャザール,2008103004,ハロースピード,2004101625,マヤノトップガン,1992102988,（株）ファーストビジ,山際牧場,139.2,2008.0,2004.0,1992.0
2016103468,コツミッチャー,牝,澤佳宏,,トゥザグローリー,2007103265,カルチャートップ,2005101361,マヤノトップガン,1992102988,畠山慎吾,ノースガーデン,139.0,2007.0,2005.0,1992.0
2016100494,ブルベアトーノ,牡,中塚猛,,マツリダゴッホ,2003104570,サクラフォルトゥナ,2005100051,サウスヴィグラス,1996110138,村瀬正,長浜秀昭,139.0,2003.0,2005.0,1996.0
2016100034,アラビアンゴールド,牝,植松則幸,,サウンドボルケーノ,2008110123,アラビアンパール,2009106515,フジキセキ,1992109618,吉田勝利,浅川牧場,139.0,2008.0,2009.0,1992.0
2016105593,リネンアリス,牝,浜田一夫,,シニスターミニスター,000a011099,スカーレットミカ,2002100878,アドマイヤベガ,1996107396,戸山昌彦,小倉光博,138.9,2003.0,2002.0,1996.0
2016103133,クーザ,牡,頼本盛行,,ザサンデーフサイチ,2004102855,クールグレース,2001100101,フォーティナイナー,000a000134,高橋伸一,ＳｈａｌｌＦａｒｍ,138.9,2004.0,2001.0,1985.0
2016102705,ムーンレット,牝,頼本盛行,,ダンカーク,000a012185,スターゲイジング,2009103315,ホワイトマズル,1990109700,（同）ＪＰＮ技研,ミルファーム,138.9,2006.0,2009.0,1990.0
2016102383,スパシーバ,牝,田口輝彦,,ブラックタイド,2001103312,ペルセンプレ,2008110086,Kingmambo,000a001d7e,川尻寿久,桑田牧場,138.8,2001.0,2008.0,1990.0
2016100162,テイエムロケット,牡,竹之下昭,,サウスヴィグラス,1996110138,レッドハイヒール,2006104232,スペシャルウィーク,1995103211,竹園正繼,カミイスタット,138.6,1996.0,2006.0,1995.0
2016102257,リワードトリトン,牡,宇野木博,,ブラックタイド,2001103312,ラストインパルス,2009104355,アフリート,000a000013,宮崎忠比古,リワード,138.5,2001.0,2009.0,1984.0
2016106474,エイシンオリンピア,牝,東美義,,ナカヤマフェスタ,2006102424,エーシンアマテラス,2007110015,Tale of the Cat,000a002276,（同）ＪＰＮ技研,栄進牧場,138.4,2006.0,2007.0,1994.0
2016101794,クライストチャーチ,牡,内村寛司,,ハーツクライ,2001103038,ラーナック,2005110212,モンジュー,1996190001,錦見日出雄,杵臼牧場,138.2,2001.0,2005.0,1996.0
2016104583,パルメ,牝,倉地学,,ハーツクライ,2001103038,ピュアブリーゼ,2008103279,Monsun,000a010db6,吉木伸彦,ノーザンファーム,138.0,2001.0,2008.0,1990.0
2016101229,トミケンハミシャ,牡,水野貴広,,サウスヴィグラス,1996110138,エムアイルシェル,2006101674,アフリート,000a000013,冨樫賢二,タガミファーム,137.8,1996.0,2006.0,1984.0
2016103388,メイショウベリー,牝,栗田和昌,,グラスワンダー,1995108676,プッシュ,2008105851,ネオユニヴァース,2000101426,谷謙介,道見牧場,137.5,1995.0,2008.0,2000.0
2016100945,ヴィンチェロ,牡,佐藤茂,,ロードカナロア,2008103552,ゴールドカルラ,2008105124,ゼンノロブロイ,2000101517,磯波勇,守矢牧場,137.5,2008.0,2008.0,2000.0
2016103539,オキミヤゲ,牝,八木正喜,,ワークフォース,000a011a7f,ブーケティアラ,2003106605,アグネスタキオン,1998101516,田中準市,日高大洋牧場,137.4,2007.0,2003.0,1998.0
2016106124,ムク,牡,中川竜馬,,アンライバルド,2006103308,リーヴザマーク,000a00fd61,Kingmambo,000a001d7e,門脇竜一,野表篤夫,136.8,2006.0,1997.0,1990.0
2016106515,スッポン,牡,田中伸一,,サムライハート,2002100996,フラワーパス,2003102774,サクラバクシンオー,1989108341,内田玄祥,能登浩,136.7,2002.0,2003.0,1989.0
2016101656,エイシンオプション,牡,吉田司,,エンパイアメーカー,000a010542,エイシンヘーベ,2001100113,エイシンワシントン,1991109929,谷謙介,栄進牧場,136.4,2000.0,2001.0,1991.0
2016101486,ジョヴァンナ,牝,上田二郎,,トビーズコーナー,000a011fed,ハープーン,2008100679,ムーンバラッド,000a00fe8f,石川幸司,森政巳,136.4,2008.0,2008.0,1999.0
2016104146,スイセー,牡,藤田正治,,ジャングルポケット,1998101786,ダンシングサーカス,2000101128,ダンシングブレーヴ,000a0000cc,村田滋,高橋農場,135.8,1998.0,2000.0,1983.0
2016103089,スクープショット,牡,佐藤祐司,,ワークフォース,000a011a7f,ハッピーグラス,2008105591,ディープインパクト,2002100816,後藤順男,下河辺牧場,135.6,2007.0,2008.0,2002.0
2016102149,サルメノヒメ,牝,後藤佑耶,,ブラックタイド,2001103312,レッドシャトル,2004100385,タイキシャトル,1994109686,山科統,まるとみ冨岡牧場,135.6,2001.0,2004.0,1994.0
2016102771,マヤノハンパネー,牡,川西毅,,ゼンノロブロイ,2000101517,マヤノダンシャラ,000a0117ca,モンジュー,1996190001,田所英子,天羽牧場,135.5,2000.0,2003.0,1996.0
2016106349,ダイユウゲネシス,牡,田辺陽一,,ナカヤマフェスタ,2006102424,メジャービクトリー,2002105368,ヘクタープロテクター,000a000d6b,永見貴昭,見上牧場,135.4,2006.0,2002.0,1988.0
2016102308,ダイセンコマチ,牝,今津博之,,モンテロッソ,000a011b05,デイジーギャル,2010101957,ブラックタイド,2001103312,根田喜久雄,大島牧場,135.4,2007.0,2010.0,2001.0
2016106197,ダイナミックスルー,牝,花本正三,,ロードバリオス,2005104227,レーヴドアクトレス,2002102203,コマンダーインチーフ,000a0000b0,千田裕美,原ファーム,135.0,2005.0,2002.0,1990.0
2016102053,ナムラマナナ,牝,荒川義之,,スクリーンヒーロー,2004103328,ナムラネネ,2010104932,ケイムホーム,000a0108d1,奈村睦弘,中島牧場,135.0,2004.0,2010.0,1999.0
2016100366,セドナ,牡,国信満,,ベーカバド,000a011dc0,ランミネルバ,2010105596,アグネスタキオン,1998101516,村上進治,高瀬牧場,135.0,2007.0,2010.0,1998.0
2016101626,ギニー,牡,保利良次,,トゥザグローリー,2007103265,ミルフォードスバル,2001100076,ホークアタック,000a000d90,生部初男,鵜木唯義,134.8,2007.0,2001.0,1992.0
2016105454,サツキカーニバル,牝,庄子昭彦,,ナカヤマフェスタ,2006102424,アンカジャポニカ,2010110048,Authorized,000a01139f,（有）門脇,岡田スタッド,134.6,2006.0,2010.0,2004.0
2016103723,トチノファンタジア,牝,服部利之,,スクリーンヒーロー,2004103328,フラウラ,2008106619,クロフネ,1998110135,阿部東亜子,モリナガファーム,134.3,2004.0,2008.0,1998.0
2016105995,リリーブラックシー,牡,伊藤和,,ブラックタイド,2001103312,スレンダーガール,1998104520,アフリート,000a000013,伊藤博,千代田牧場,134.1,2001.0,1998.0,1984.0
2016103342,ムーンアルテミス,牝,安田武広,,キングズベスト,000a0022d2,フィリラ,2009102669,アドマイヤムーン,2003102991,門別敏朗,ダーレー・ジャパン・ファーム,133.8,1997.0,2009.0,2003.0
2016103420,ヤマショウターボ,牡,佐々木由,,ワークフォース,000a011a7f,セレスフェアリー,2002106362,アドマイヤベガ,1996107396,山下勇,中前牧場,133.7,2007.0,2002.0,1996.0
2016103913,ユアハピネス,牝,工藤裕孝,,ヘニーヒューズ,000a011155,ハローサンライズ,1998101772,ダンスインザダーク,1993109188,吉田朋之,清水牧場,133.4,2003.0,1998.0,1993.0
2016101994,ウィスティアラ,牝,千葉幸喜,,パドトロワ,2007102760,サイレンスアモール,2003102100,テイエムオペラオー,1996100292,熊谷貴之,辻牧場,133.3,2007.0,2003.0,1996.0
2016103654,パイクステソーロ,牡,田中伸一,,クロフネ,1998110135,スマートレモラ,2008100110,ゴールドアリュール,1999106689,蟹江知彦,本間牧場,133.2,1998.0,2008.0,1999.0
2016105022,チェスナットバレー,牡,新田守,,ローエングリン,1999106738,サトノレジーナ,2008102851,ハーツクライ,2001103038,高橋敏英,社台ファーム,133.0,1999.0,2008.0,2001.0
2016105990,カラスミヤビ,牝,酒井仁,,キンシャサノキセキ,2003110212,ストーリーライン,2010102992,ブライアンズタイム,000a000082,鈴木雅俊,千代田牧場,132.5,2003.0,2010.0,1985.0
2016105811,パドルシフト,牡,井上孝彦,,ショウナンカンプ,1998102595,プレイリーウインド,2005102099,アグネスタキオン,1998101516,藤沢広士,静内ファーム,132.3,1998.0,2005.0,1998.0
2016101893,モーニングコン,牡,箕輪武,,トビーズコーナー,000a011fed,シュガーハートコン,2009103007,オンファイア,2003102809,今朝光,高村牧場,132.0,2008.0,2009.0,2003.0
2016101092,リアンキセキ,牝,宇野木数,,サウスヴィグラス,1996110138,スリーキセキ,2003104614,フジキセキ,1992109618,グローバルサービス（,折手牧場,132.0,1996.0,2003.0,1992.0
2016105660,デイアフターデイ,牝,頼本盛行,,ディープインパクト,2002100816,アドマイヤアモーレ,2005100317,Fusaichi Pegasus,000a0022cf,（同）ＪＰＮ技研,グランド牧場,131.9,2002.0,2005.0,1997.0
2016105760,シナノギムレット,牡,鈴木義久,,タニノギムレット,1999100226,ハマノローズマリー,2008100335,ゼンノロブロイ,2000101517,小林勝,坂本春信,131.8,1999.0,2008.0,2000.0
2016104346,アウトオブワーズ,牝,平山宏秀,,キンシャサノキセキ,2003110212,アンスポークン,2009106446,シンボリクリスエス,1999110099,村上進治,社台コーポレーション白老ファーム,131.8,2003.0,2009.0,1999.0
2016100935,モリデンヘイロー,牝,那俄性哲,,キングヘイロー,1995104427,リハクタンス,1996101894,フレンチグローリー,1986109003,宮澤健,森田芳男,131.7,1995.0,1996.0,1986.0
2016106576,ジュンサナエ,牝,竹之下昭,,モンテロッソ,000a011b05,エルサフィール,2006104275,タヤスツヨシ,1992109612,（同）ＪＰＮ技研,川上牧場,131.4,2007.0,2006.0,1992.0
2016104032,ワンダータビアット,牝,九日俊光,,ジャングルポケット,1998101786,ワンダープレッセル,2005104707,デヒア,000a0000df,山本能成,フクダファーム,131.4,1998.0,2005.0,1991.0
2016103039,トゥモロープラン,牝,川添明弘,,ノヴェリスト,000a012230,アエテウレシイ,2010100469,アグネスタキオン,1998101516,インターフェース（同,下河辺牧場,131.4,2009.0,2010.0,1998.0
2016100016,サニーエレガント,牝,水野貴史,,トーセンホマレボシ,2009106092,シンカンメグミ,1996100922,マルゼンスキー,000a0003bd,斉藤秀文,赤石久夫,131.0,2009.0,1996.0,1974.0
2016101100,ヤエノヒカリ,牝,山下定文,,キンシャサノキセキ,2003110212,ワイキキブリーズ,2007103513,フレンチデピュティ,000a00013a,柳田英子,折手牧場,130.7,2003.0,2007.0,1992.0
2016100147,シンソク,牡,和田正一,,スクリーンヒーロー,2004103328,ハツネドオゴ,2002102705,ミシエロ,000a000212,山口春夫,柏木一則,130.3,2004.0,2002.0,1990.0
2016103182,フットルース,牡,山田徹,,サンカルロ,2006102822,ファーストキス,2011100434,マチカネキンノホシ,1996110304,原久美子,新生ファーム,130.1,2006.0,2011.0,1996.0
2016100868,オリエンタルスター,牝,野田幸雄,,ドリームジャーニー,2004102753,リトゥルスター,2005102760,アグネスワールド,1995108665,伊勢光,村上欽哉,130.1,2004.0,2005.0,1995.0
2016109145,クィーンプランサー,牝,林正人,,シニスターミニスター,000a011099,リッチエモーション,2010100851,フジキセキ,1992109618,小川正男,服部文明,130.0,2003.0,2010.0,1992.0
2016106481,ヒカルフラッシュ,牡,柄崎孝,,エイシンフラッシュ,2007102951,エーシンピュリティ,2006102341,アグネスタキオン,1998101516,安蒜一修,栄進牧場,130.0,2007.0,2006.0,1998.0
2016106299,ミラクルスクワート,牡,伊藤正徳,,バゴ,2001190004,ゴートゥザノース,2003102442,アグネスタキオン,1998101516,小林博雄,北海道静内農業高等学校,130.0,2001.0,2003.0,1998.0
2016106104,ショウナンパルコ,牝,梅田智之,,ケープブランコ,000a011b06,ショウナンアルス,2003102875,サンデーサイレンス,000a00033a,国本哲秀,西村和夫,130.0,2007.0,2003.0,1986.0
2016105877,ミヤビハヤテ,牡,山口浩幸,,ルーラーシップ,2007103143,ミヤビキララ,2002104813,スペシャルウィーク,1995103211,冨田藤男,高橋修,130.0,2007.0,2002.0,1995.0
2016105322,フロントライン,牡,小笠倫弘,,エスポワールシチー,2005102837,コールドフロント,000a010757,Storm Cat,000a001a98,シルクレーシング,大西ファーム,130.0,2005.0,2001.0,1983.0
2016104541,ヒドゥンヴェール,牝,新井清重,,エイシンフラッシュ,2007102951,ツィンクルヴェール,2001103384,サンデーサイレンス,000a00033a,（株）ＹＧＧＤＲＡＳ,ノーザンファーム,130.0,2007.0,2001.0,1986.0
2016104347,アーティファクト,牡,古賀慎明,,キンシャサノキセキ,2003110212,アンティフォナ,2008110005,Songandaprayer,000a01069b,シルクレーシング,社台コーポレーション白老ファーム,130.0,2003.0,2008.0,1998.0
2016103609,セシルスター,牝,玉井勝,,ローレルゲレイロ,2004100933,ビュウティセシル,1994101437,ゴールデンフェザント,1986109108,（株）心頼ＬｏｏＰ,藤本ファーム,130.0,2004.0,1994.0,1986.0
2016103436,ニシノショコラ,牡,西山裕貴,,リーチザクラウン,2006102923,セイウンクロエ,2012110053,Footstepsinthesand,000a0111b5,和氣竜彦,西山牧場,130.0,2006.0,2012.0,2002.0
2016103353,パティシエール,牝,岩戸孝樹,,タニノギムレット,1999100226,ラドルチェ,000a011429,Gone West,000a001be1,ゴドルフィン,ダーレー・ジャパン・ファーム,130.0,1999.0,2004.0,1984.0
2016103348,プレシャスメタル,牡,吉村圭司,,ゴールドアリュール,1999106689,ミスアドーラブル,000a0116f6,Mr.Prospector,000a001607,ゴドルフィン,ダーレー・ジャパン・ファーム,130.0,1999.0,2000.0,1970.0
2016103192,シンボリノワール,牝,内野健二,,マンハッタンカフェ,1998101554,ジヴェルニーアート,2009110046,Giant's Causeway,000a0022e1,（同）ＪＰＮ技研,シンボリ牧場,130.0,1998.0,2009.0,1997.0
2016102092,ジューンアイリス,牝,武英智,,ダンカーク,000a012185,コロナガール,2005101288,コロナドズクエスト,000a0000b5,吉川潤,信岡牧場,130.0,2006.0,2005.0,1995.0
2016101528,グランパスコンサル,牝,今津博之,,ヨハネスブルグ,000a0103b9,シャンパンセラー,2004102100,マンハッタンカフェ,1998101554,飯田学,小田誠一,130.0,1999.0,2004.0,1998.0
2016100941,ショウナンカンザシ,牝,大竹正博,,タニノギムレット,1999100226,ショウナンガーデン,2008102015,クロフネ,1998110135,国本哲秀,森永聡,130.0,1999.0,2008.0,1998.0
2016100509,タガノアヴァンス,牡,千田輝彦,,クロフネ,1998110135,アドマイヤシルク,2009106443,シンボリクリスエス,1999110099,八木良司,新冠タガノファーム,130.0,1998.0,2009.0,1999.0
2016102666,ファイナルマーク,牝,塚田隆男,,スウェプトオーヴァーボード,000a00fa34,リプルマーク,1998101236,カコイーシーズ,1986109001,久世俊勝,村下明博,129.8,1997.0,1998.0,1986.0
2016105483,ミオドルチェ,牝,東美義,,トーセンホマレボシ,2009106092,シルキードルチェ,1998107176,パレスミュージック,000a001c96,小橋亮太,岡田スタッド,129.0,2009.0,1998.0,1981.0
2016102012,ダウラギリテソーロ,牡,東美義,,サウスヴィグラス,1996110138,プレッピー,2009100589,タニノギムレット,1999100226,（同）ＪＰＮ技研,辻牧場,129.0,1996.0,2009.0,1999.0
2016101631,マエストリート,牡,平松徳彦,,ストロングリターン,2006102934,トシザサンサン,2003101708,ブラックタイアフェアー,000a00006e,和田博美,浦河小林牧場,129.0,2006.0,2003.0,1986.0
2016100988,アイリスライト,牝,鋤田誠二,,ナカヤマフェスタ,2006102424,シルキーアゲイン,2001102226,ブライアンズタイム,000a000082,阿部憲三,ラッキー牧場,129.0,2006.0,2001.0,1985.0
2016103026,クラスマックス,牝,田中伸一,,グラスワンダー,1995108676,レッドストリング,2006105445,シンボリクリスエス,1999110099,江口正典,三城ボクジョウ,128.9,1995.0,2006.0,1999.0
2016102820,コラルブラッシュ,牡,伊藤伸一,,ティンバーカントリー,000a00035e,レディワシントン,2008110087,Vindication,000a010544,中島俊房,ＷｉｎｇＦａｒｍ,128.9,1992.0,2008.0,2000.0
2016100721,ヒロノアラムシャ,牡,坂口義幸,,ロージズインメイ,000a010a10,ベルモントヤマユリ,2005105541,アジュディケーティング,000a000d5d,（同）ＪＰＮ技研,ビッグレッドファーム,128.8,2000.0,2005.0,1987.0
2016105749,ツクバボニート,牝,畠山信一,,ローエングリン,1999106738,リーズントウショウ,2011102317,アドマイヤムーン,2003102991,藤村栄子,坂本健一,128.6,1999.0,2011.0,2003.0
2016103019,シゲルシンジュ,牡,九日俊光,,クロフネ,1998110135,クリヴィア,2000105950,トニービン,1983109006,森中蕃,三城ボクジョウ,128.6,1998.0,2000.0,1983.0
2016101627,キティホーク,牝,湯前良人,,タイキシャトル,1994109686,ケイアイミサイル,2003104541,スペシャルウィーク,1995103211,（有）ホースケア,浦河育成牧場,128.4,1994.0,2003.0,1995.0
2016102682,イグアスフォールズ,牝,今井輝和,,サウスヴィグラス,1996110138,ロスグラシアレス,2007101072,シンボリクリスエス,1999110099,八嶋長久,山下恭茂,128.3,1996.0,2007.0,1999.0
2016101452,スギノジャベリン,牝,中野博,,オルフェーヴル,2008102636,アームズトウショウ,2006101310,コロナドズクエスト,000a0000b5,中丸清正,明治牧場,128.3,2008.0,2006.0,1995.0
2016104151,トーアピッコロ,牝,藤ヶ崎一,,トランセンド,2006104736,トーアシシイ,2008102436,ボストンハーバー,000a00007c,山野雄,トーア牧場,128.0,2006.0,2008.0,1994.0
2016105393,クリノルナマヤ,牝,植松則幸,,タイムパラドックス,1998101683,セプドール,2009106521,ストラヴィンスキー,000a00fa41,（株）ファーストビジ,秋田育成牧場,127.6,1998.0,2009.0,1996.0
2016102063,テンハート,牝,柳井宏之,,カンパニー,2001103435,オンワードラトゥル,2002103781,ストローズクリーク,000a000d9a,近藤英二,南部功,127.4,2001.0,2002.0,1991.0
2016103514,クリキンツバ,牝,川添明弘,,スマートファルコン,2005100097,ビフォーダーク,2007105499,キングカメハメハ,2001103460,田頭勇貴,原田牧場,127.3,2005.0,2007.0,2001.0
2016104190,フィエールデエス,牝,溝橋利喜,,サクラオールイン,2003104900,ネイビーズドーター,2000104415,シャンハイ,000a000d73,組）オールザベスト組,橋本牧場,127.1,2003.0,2000.0,1989.0
2016106057,カガコルヴェヤ,牝,池田忠好,,ゴールドアリュール,1999106689,ザフラッツ,000a011dda,Giant's Causeway,000a0022e1,組）西野畜産組合,飛野牧場,126.9,1999.0,2007.0,1997.0
2016100999,ユイノニュータイプ,牡,千葉博次,,ダイワメジャー,2001103114,センターバージニー,2007103579,キングカメハメハ,2001103460,由井可南子,若林牧場,126.7,2001.0,2007.0,2001.0
2016102843,ピンクダンサー,牝,大島静夫,,ナカヤマフェスタ,2006102424,オリヅル,2007105326,クロフネ,1998110135,（同）ＪＰＮ技研,沖田牧場,126.4,2006.0,2007.0,1998.0
2016104019,クラトリスズラン,牝,石川浩文,,シビルウォー,2005102317,ミスバイアモン,2008102483,タヤスツヨシ,1992109612,徳重実幸,千島北斗牧場,126.3,2005.0,2008.0,1992.0
2016102896,ホッコーフラッパー,牝,別府真司,,ヘニーヒューズ,000a011155,ホッコーエクレール,2003105805,ダンスインザダーク,1993109188,川端正博,川端正博,126.2,2003.0,2003.0,1993.0
2016100219,ヒロリリイブ,牝,加藤誠一,,カネヒキリ,2002100978,マドモアゼルアン,2009104193,サクラバクシンオー,1989108341,石川博,小泉牧場,126.0,2002.0,2009.0,1989.0
2016102654,ニシジャングル,牝,錦見勇夫,,ジャングルポケット,1998101786,イッツアバウトシルヴァー,000a01055d,Silver Deputy,000a001fa3,西川尚,丸村村下ファーム,125.9,1998.0,1999.0,1985.0
2016100806,ブラックルシアン,牡,矢野久美,,ブラックタイド,2001103312,フルマークス,2011104777,Kitten's Joy,000a0119b3,星野裕光,松浦牧場,125.8,2001.0,2011.0,2001.0
2016104539,エガオノメガミ,牝,山田徹,,トーセンホマレボシ,2009106092,チアフル,000a00684e,Caerleon,000a0016eb,矢野琢也,ノーザンファーム,125.7,2009.0,1998.0,1980.0
2016105965,ビップデーア,牝,三野宮通,,ダノンシャンティ,2007105709,アールヌーヴォー,2004104690,ブライアンズタイム,000a000082,井田荘一郎,千代田牧場,125.5,2007.0,2004.0,1985.0
2016100894,トウケイストーム,牝,塚田隆男,,スクリーンヒーロー,2004103328,サンダークラップ,2001103419,アフリート,000a000013,山室善美,村上牧場,125.3,2004.0,2001.0,1984.0
2016110004,ムーンスピーク,牝,昆貢,,アドマイヤムーン,2003102991,チャタラティ,000a0123de,Street Cry,000a0103ba,ゴドルフィン,Godolphin,125.0,2003.0,2009.0,1998.0
2016106218,メイショウテッペキ,牡,有馬澄男,,ハービンジャー,000a011996,デヒアバーズ,2004104972,デヒア,000a0000df,松本好雄,藤沢牧場,125.0,2006.0,2004.0,1991.0
2016105809,ショウナンランナー,牡,国枝栄,,ケープブランコ,000a011b06,ショウナンアピア,2008102024,ディープインパクト,2002100816,国本哲秀,静内ファーム,125.0,2007.0,2008.0,2002.0
2016105196,シビックテック,牝,萩原清,,ハービンジャー,000a011996,ブリッジクライム,2009106032,ゼンノロブロイ,2000101517,吉田照哉,社台ファーム,125.0,2006.0,2009.0,2000.0
2016105155,ピエナキャプテン,牡,武英智,,キャプテントゥーレ,2005102216,ヒシシルバーメイド,1999110060,Silver Deputy,000a001fa3,本谷兼三,社台ファーム,125.0,2005.0,1999.0,1985.0
2016102808,ジョイクローネ,牡,武井亮,,クロフネ,1998110135,ダノニー,2006105209,マンハッタンカフェ,1998101554,西村亮二,いとう牧場,125.0,1998.0,2006.0,1998.0
2016102347,メイショウトーチ,牡,南井克巳,,ケープブランコ,000a011b06,ルサビ,2009101009,アグネスタキオン,1998101516,松本好雄,笠松牧場,125.0,2007.0,2009.0,1998.0
2016102327,シゲルイエロダイヤ,牡,九日俊光,,フレンチデピュティ,000a00013a,カネトシルメルシェ,2012103054,キングカメハメハ,2001103460,森中蕃,カケハムポニークラブ,125.0,1992.0,2012.0,2001.0
2016102157,ダンサリーノ,牝,武井亮,,ディープインパクト,2002100816,グッドウッドマーチ,000a01251b,Foxhound,000a002169,三嶋牧場,三嶋牧場,125.0,2002.0,2003.0,1991.0
2016101691,サンニューヨーカー,牡,斎藤誠,,ハービンジャー,000a011996,トロピカルフロール,000a0120fb,Big Shuffle,000a010a77,加藤ステーブル,栄進牧場,125.0,2006.0,2008.0,1984.0
2016101642,ラッキーグラン,牡,鈴木孝志,,エンパイアメーカー,000a010542,グランジョイ,2005105849,ダンスインザダーク,1993109188,林千枝子,浦河日成牧場,125.0,2000.0,2005.0,1993.0
2016101617,スカーレットパワー,牝,佐々木功,,ヴァーミリアン,2002100877,マルノノパール,2006103594,サウスヴィグラス,1996110138,潤間力夫,畔高牧場,125.0,2002.0,2006.0,1996.0
2016101278,ラヴィテス,牝,高橋康之,,トランセンド,2006104736,オナーリーブ,2003104832,ダンスインザダーク,1993109188,ノースヒルズ,土居牧場,125.0,2006.0,2003.0,1993.0
2016101232,ガーデンガーデン,牝,武幸四郎,,ハービンジャー,000a011996,ナリタブルースター,2007102800,マンハッタンカフェ,1998101554,松島千佳,タガミファーム,125.0,2006.0,2007.0,1998.0
2016100938,ゴッドイーサン,牡,角田晃一,,ヘニーヒューズ,000a011155,ゴッドダンシング,2006105043,ダンスインザダーク,1993109188,中西憲治,森永聡,125.0,2003.0,2006.0,1993.0
2016101934,メモリーブラック,牡,塚田隆男,,ブラックタイド,2001103312,メモリービジュアル,2008101572,サクラバクシンオー,1989108341,シンザンクラブ,谷川牧場,124.8,2001.0,2008.0,1989.0
2016104069,アンブシュール,牝,中野博,,アグネスデジタル,1997110025,リヴァリーン,2010100646,グラスワンダー,1995108676,谷謙介,新井牧場,124.7,1997.0,2010.0,1995.0
2016105573,ツーエムベリンダ,牝,井樋明正,,ルーラーシップ,2007103143,プリンセスイブ,2002104386,バブルガムフェロー,1993109219,大黒富美子,岡田牧場,124.6,2007.0,2002.0,1993.0
2016101564,アロームフォンテン,牝,井上弘之,,メイショウサムソン,2003102205,ナドレ,2006102973,スウェプトオーヴァーボード,000a00fa34,吉橋興生,清水スタッド,124.5,2003.0,2006.0,1997.0
2016105340,ハグクミ,牝,佐藤茂,,アドマイヤムーン,2003102991,シナノザクラ,2005103130,サクラバクシンオー,1989108341,田中竜雄,大狩部牧場,124.2,2003.0,2005.0,1989.0
2016103630,サノノドラゴン,牡,室井真文,,クロフネ,1998110135,エトレーヌ,2004104698,ブライアンズタイム,000a000082,（株）ファーストビジ,豊洋牧場,124.2,1998.0,2004.0,1985.0
2016105015,ヒダワールド,牝,中川竜馬,,ベルシャザール,2008103004,ゴールデンプライズ,2005102303,ホワイトマズル,1990109700,小橋亮太,社台ファーム,124.0,2008.0,2005.0,1990.0
2016103828,トーセンマティーニ,牡,保利良次,,タートルボウル,000a012045,トーセンオーラ,2009103334,トーセンダンス,2002100594,飯田学,エスティファーム,124.0,2002.0,2009.0,2002.0
2016100160,ララミーハーバー,牝,雑賀正光,,エスポワールシチー,2005102837,ビエントハーバー,2000106651,キンググローリアス,000a000d48,木村公子,カミイスタット,123.8,2005.0,2000.0,1986.0
2016103771,マコトエイル,牝,桜田康二,,マコトスパルビエロ,2004103984,マコトスズラン,2000101565,サンデーサイレンス,000a00033a,ディアマント,ヤナガワ牧場,123.7,2004.0,2000.0,1986.0
2016100415,クリノベイクイーン,牝,大島静夫,,ベーカバド,000a011dc0,レビューナカヤマ,1998110165,Mountain Cat,000a001fd1,北原大史,大栄牧場,123.7,2007.0,1998.0,1990.0
2016103718,キョウエイリップル,牝,別府真司,,サウスヴィグラス,1996110138,キョウエイカプリス,2011106396,ゴールドアリュール,1999106689,石橋正人,モリナガファーム,123.5,1996.0,2011.0,1999.0
2016101975,パラドール,牝,関本浩司,,エイシンフラッシュ,2007102951,アドマイヤアロング,2008103351,スペシャルウィーク,1995103211,吉田啓,辻牧場,123.4,2007.0,2008.0,1995.0
2016103027,サワルナ,牝,櫻木英喜,,カジノドライヴ,2005110112,サワキック,2009103375,アグネスデジタル,1997110025,井上久光,サンバマウンテンファーム,123.2,2005.0,2009.0,1997.0
2016109133,コウザンハリマオ,牡,手島勝利,,ローエングリン,1999106738,ヒーリングヴォイス,2000101372,サンデーサイレンス,000a00033a,江頭數義,田上勝雄,122.8,1999.0,2000.0,1986.0
2016102200,ララファル,牡,坂口義幸,,キングズベスト,000a0022d2,レインボーリップル,000a011423,Rainbow Quest,000a001b4d,結城喜一,三嶋牧場,122.8,1997.0,2004.0,1981.0
2016101453,ウイッチクイーン,牝,川西毅,,キングヘイロー,1995104427,ウイッチトウショウ,2000102384,ジェイドロバリー,000a0001a7,杉山忠国,明治牧場,122.8,1995.0,2000.0,1987.0
2016101189,ノーブルルシファー,牝,佐野謙二,,シビルウォー,2005102317,ムレイニー,000a010da6,Star de Naskra,000a001982,吉木伸彦,佐藤陽一,122.5,2005.0,1999.0,1975.0
2016105928,サクラテゾーロ,牝,稻田彰宏,,サクラプレジデント,2000102261,サクラクローバー,2007100475,サウスヴィグラス,1996110138,角山喜信,谷岡牧場,122.3,2000.0,2007.0,1996.0
2016106277,モリトイナセ,牡,阿井正雄,,タイキシャトル,1994109686,リルティングソング,2005100932,スペシャルウィーク,1995103211,石井智,藤原牧場,122.0,1994.0,2005.0,1995.0
2016105325,カリスマサンボス,牡,的場直之,,ワークフォース,000a011a7f,フロルアンディーナ,2006103331,クロフネ,1998110135,畔柳年言,加藤重治,122.0,2007.0,2006.0,1998.0
2016102011,セレブリス,牝,藤ヶ崎一,,トゥザグローリー,2007103265,ブレイクダンサー,2012104378,ファルブラヴ,1998190004,北澤信,辻牧場,121.6,2007.0,2012.0,1998.0
2016106286,ジャストワンルック,牡,金田一昌,,シニスターミニスター,000a011099,プランシングレディ,2008105191,ファンタスティックライト,1996190005,蜂須賀重夫,へいはた牧場,121.1,2003.0,2008.0,1996.0
2016106186,ナミノハナ,牝,平和人,,ハイアーゲーム,2001103160,サフラントウショウ,2004104744,ラムタラ,000a0001d4,大久保與志雄,原弘之,121.1,2001.0,2004.0,1992.0
2016106393,タケミゴールド,牡,矢野義幸,,ベルシャザール,2008103004,ワイングラス,2010106282,スペシャルウィーク,1995103211,江幡丈美,田湯牧場,121.0,2008.0,2010.0,1995.0
2016106345,ギャップパワー,牝,坂口義幸,,スターリングローズ,1997106560,スナークエレガント,2001100973,ダンスインザダーク,1993109188,矢部美穂,見上牧場,121.0,1997.0,2001.0,1993.0
2016106294,イノーチェ,牡,小林真治,,アッミラーレ,1997100569,レナリッチ,2003105403,ムタファーウエク,000a000d9e,井上久光,へいはた牧場,121.0,1997.0,2003.0,1996.0
2016103675,リネンペペ,牝,浜田一夫,,シニスターミニスター,000a011099,ホシノキラメキ,2011100923,メイショウサムソン,2003102205,戸山昌彦,槇本牧場,120.8,2003.0,2011.0,2003.0
2016102441,サニーデイローゼス,牝,井手上慎,,エイシンアポロン,2007110020,ホッコーティアラ,2005102876,アドマイヤベガ,1996107396,冨田清誠,高昭牧場,120.8,2007.0,2005.0,1996.0
2016101774,カネミツマーチ,牡,東美義,,アイルハヴアナザー,000a011ed3,クリムゾンオーブ,2011103560,フジキセキ,1992109618,小橋亮太,杵臼牧場,120.8,2009.0,2011.0,1992.0
2016105072,アイゴットイット,牡,山下貴之,,フレンチデピュティ,000a00013a,ステラプラド,2008102876,ハーツクライ,2001103038,（株）レックス,社台ファーム,120.5,1992.0,2008.0,2001.0
2016106564,ラスボス,牡,千葉幸喜,,グランプリボス,2008103388,レーヴドゲラン,1999102716,リアルシャダイ,000a0002a6,岡井元憲,碧雲牧場,120.3,2008.0,1999.0,1979.0
2016104812,ヴァイスカイザー,牡,山田徹,,ディープインパクト,2002100816,ナイトマジック,000a011d58,Sholokhov,000a01196d,成富直行,ノーザンファーム,120.2,2002.0,2006.0,1999.0
2016106017,プティットフィーユ,牝,菅原欣也,,エイシンフラッシュ,2007102951,ブライダルドレス,2010103007,クロフネ,1998110135,（同）ＪＰＮ技研,千代田牧場,120.0,2007.0,2010.0,1998.0
2016104322,キンショーボヌール,牡,長谷川浩,,タートルボウル,000a012045,ミュゲドボヌール,2000101468,バブルガムフェロー,1993109219,礒野日出夫,社台コーポレーション白老ファーム,120.0,2002.0,2000.0,1993.0
2016101444,フェアザスピリッツ,牝,加藤和宏,,マツリダゴッホ,2003104570,カネショウフェアー,2001101365,コロニアルアッフェアー,000a0000ae,（株）ファーストビジ,三石ファーム,120.0,2003.0,2001.0,1990.0
2016100994,ゼネラルアダージョ,牝,菅原右吉,,パドトロワ,2007102760,ヴィヴィアナ,2011104573,ディープスカイ,2005101358,後藤順男,レジェンドファーム,119.4,2007.0,2011.0,2005.0
2016105025,アレクサンドレッタ,牝,尾島徹,,ダイワメジャー,2001103114,サブラタ,2010103994,ウォーエンブレム,000a00fa35,根岸朋弘,社台ファーム,119.2,2001.0,2010.0,1999.0
2016102025,クインズアイボリー,牝,佐宗応和,,オルフェーヴル,2008102636,ストライキングヴェイル,000a011e10,Smart Strike,000a00211c,亀田和弘,富田牧場,119.0,2008.0,2008.0,1992.0
2016105803,アイニイ,牝,佐藤敏彦,,ヨハネスブルグ,000a0103b9,シーキングフェイム,2007100358,ダンスインザダーク,1993109188,静内白井牧場,静内白井牧場,118.8,1999.0,2007.0,1993.0
2016102936,クイーンズクレスト,牝,川添明弘,,ゴールドアリュール,1999106689,ルピナスレイク,1998105700,キンググローリアス,000a000d48,インターフェース（同,木村牧場,118.7,1999.0,1998.0,1986.0
2016105656,ギロギロ,牝,岡林光浩,,レッドスパーダ,2006105511,サクラピュアハート,2008100065,サクラプレジデント,2000102261,中辻明,桑嶋峰雄,118.5,2006.0,2008.0,2000.0
2016103930,タイセイカリーノ,牝,横山保,,グラスワンダー,1995108676,タニノバーバラ,2000101918,フォーティナイナー,000a000134,北原大史,中田牧場,118.4,1995.0,2000.0,1985.0
2016103564,テイエムワンダー,牝,東美義,,グラスワンダー,1995108676,ファストパス,2004103864,タイキシャトル,1994109686,（同）ＪＰＮ技研,日高テイエム牧場,118.2,1995.0,2004.0,1994.0
2016104214,ケンアンドランス,牡,倉地学,,トーセンホマレボシ,2009106092,ラストミリオン,2006102725,ゼンノエルシド,1997110179,小林伸幸,吉田牧場,118.1,2009.0,2006.0,1997.0
2016102294,ノーブルアポロン,セ,田中伸一,,コンデュイット,2005190006,タイニーモデル,2000101381,サンデーサイレンス,000a00033a,遠藤喜和,エムエム、ヤマダファーム,118.0,2005.0,2000.0,1986.0
2016101985,モツ,牝,新子雅司,,ゼンノロブロイ,2000101517,エスジーアンクル,2009100574,シニスターミニスター,000a011099,山下良子,辻牧場,118.0,2000.0,2009.0,2003.0
2016106279,ピボーテ,牝,倉地学,,タイキシャトル,1994109686,オシャベリコパ,2006102462,フォーティナイナー,000a000134,稲葉光昭,へいはた牧場,117.4,1994.0,2006.0,1985.0
2016103882,ホースプア,牡,伊藤勝好,,キャプテントゥーレ,2005102216,スイートチャーム,1999110098,Cozzene,000a001bda,酒井孝敏,川向高橋育成牧場,117.3,2005.0,1999.0,1980.0
2016106268,ヨコハマダンディー,牡,大石省三,,カジノドライヴ,2005110112,グロリアスバラッド,1998104867,Kingmambo,000a001d7e,名古屋一征,藤原牧場,117.2,2005.0,1998.0,1990.0
2016109136,キリシマダイキチ,牡,茂崎正善,,ストラヴィンスキー,000a00fa41,ラッキービクトリー,1998110307,Dynaformer,000a001dd9,土屋君春,土屋牧場,117.1,1996.0,1998.0,1985.0
2016100043,ニズナーユ,牝,山田徹,,アサクサキングス,2004103163,タカヒロスニッツ,2008105296,スニッツェル,000a010eaa,（株）本城,アサヒ牧場,117.0,2004.0,2008.0,2002.0
2016103624,クリノカッチャン,牝,伊藤勝好,,シビルウォー,2005102317,ツルマルミホ,2006102044,ネオユニヴァース,2000101426,（有）ホースケア,宝寄山忠則,116.6,2005.0,2006.0,2000.0
2016101791,スマートサンドラ,牝,井樋明正,,ヨハネスブルグ,000a0103b9,ペプチドネオパレス,2007101435,ネオユニヴァース,2000101426,（株）ボンズ,杵臼牧場,116.5,1999.0,2007.0,2000.0
2016101013,ハーモニーソニック,牡,加藤幸保,,スパロービート,2005104351,ヒカルアスピレイト,2007102453,ネオユニヴァース,2000101426,日下部勝徳,大作ステーブル,116.4,2005.0,2007.0,2000.0
2016102634,イーサンセジール,牡,的場直之,,パイロ,000a01176a,ニシノゴウヒメ,2009101094,ゴールドアリュール,1999106689,国本勇,フクオカファーム,116.0,2005.0,2009.0,1999.0
2016100878,ヴァンフォール,牡,藤田輝信,,サウスヴィグラス,1996110138,ウェスタリーズ,2005102116,フジキセキ,1992109618,三嶋昌春,ムラカミファーム,116.0,1996.0,2005.0,1992.0
2016100777,ラッキーセブン,牝,栗田裕光,,タイキシャトル,1994109686,オグリカーラ,2009105236,アグネスタキオン,1998101516,四本昭弘,北星村田牧場,116.0,1994.0,2009.0,1998.0
2016102147,メイショウプルーム,牡,伊藤勝己,,ケイムホーム,000a0108d1,メイショウグラナダ,2005106442,マンハッタンカフェ,1998101554,（株）ボンズ,まるとみ冨岡牧場,115.6,1999.0,2005.0,1998.0
2016105281,レッドコンシール,牝,伊藤勝己,,スマートファルコン,2005100097,リトルディッパー,2005102406,アグネスワールド,1995108665,太田雅貴,社台ファーム,115.5,2005.0,2005.0,1995.0
2016103939,ペイシャジョーダン,牡,吉井敏雄,,トーセンジョーダン,2006103169,トウカイルックス,2001100172,サンデーサイレンス,000a00033a,大井弘,二風谷ファーム,115.4,2006.0,2001.0,1986.0
2016100537,ヤマカツライアン,牡,高橋優子,,ベルシャザール,2008103004,ヤマカツリリー,2000100820,ティンバーカントリー,000a00035e,山田和夫,新冠タガノファーム,115.4,2008.0,2000.0,1992.0
2016100442,シントーハート,牝,真島元徳,,グラスワンダー,1995108676,シルクアクエリアス,2003100515,アドマイヤベガ,1996107396,中野辰三,堤牧場,115.4,1995.0,2003.0,1996.0
2016106516,リックソダネー,牝,森山雄大,,キングヘイロー,1995104427,ペリドット,000a0066eb,Green Desert,000a0017d2,山邉浩,能登浩,115.1,1995.0,1995.0,1983.0
2016106388,ショウヒシシュツヒ,牝,千葉博次,,ストロングリターン,2006102934,サクラワイズ,2004104493,サクラバクシンオー,1989108341,村上聡蔵,山田牧場,115.0,2006.0,2004.0,1989.0
2016105688,モーチャンゴウ,牝,納谷和玖,,タートルボウル,000a012045,ナナツボシ,2001110156,サザンヘイロー,000a00031e,鈴木道雄,グランド牧場,115.0,2002.0,2001.0,1983.0
2016101899,グローリアスキメラ,牝,吉橋淳一,,ダンカーク,000a012185,キンショーオトヒメ,2005106123,マーベラスサンデー,1992103687,日下部勝徳,多田善弘,115.0,2006.0,2005.0,1992.0
2016109129,カシノメルシー,牝,古賀光範,,アッミラーレ,1997100569,ペニーレーン,2006103551,シンボリクリスエス,1999110099,柏木務,本田土寿,114.8,1997.0,2006.0,1999.0
2016100059,アランチオーネ,牝,高橋裕,,ヘニーヒューズ,000a011155,アラフネ,2009104441,クロフネ,1998110135,ローレルレーシング,アラキファーム,114.8,2003.0,2009.0,1998.0
2016106328,ローレンウィーズ,牡,堀江仁,,ナカヤマフェスタ,2006102424,サミーカラー,2002105330,オペラハウス,000a000d77,（株）ローレン,増本牧場,114.5,2006.0,2002.0,1988.0
2016102297,シゲルブドウセキ,牡,九日俊光,,ヨハネスブルグ,000a0103b9,シゲルエスペレ,2005106404,ダンスインザダーク,1993109188,森中蕃,王蔵牧場,114.5,1999.0,2005.0,1993.0
2016102046,ウイラニヒメ,牝,長谷川忍,,メイショウサムソン,2003102205,プリリンモンロー,2002103030,ジェイドロバリー,000a0001a7,井田荘一郎,鳥井征士,114.5,2003.0,2002.0,1987.0
2016103702,クリノワンダフル,牡,星野忍,,キャプテントゥーレ,2005102216,ネオザフラッシュ,2008102822,タニノギムレット,1999100226,栗本博晴,メイプルファーム,114.3,2005.0,2008.0,1999.0
2016100238,ウインセルリアン,牝,林和弘,,オルフェーヴル,2008102636,コスモチェーロ,2003110225,Fusaichi Pegasus,000a0022cf,ウイン,コスモヴューファーム,114.2,2008.0,2003.0,1997.0
2016100061,ケイズデイジー,牝,加藤和義,,ケープブランコ,000a011b06,アラマサスナイパー,2003100057,ステイゴールド,1994108729,矢内卓人,アラキファーム,114.1,2007.0,2003.0,1994.0
2016103791,クリノバルセロナ,牝,大石省三,,プリサイスエンド,000a00fe9b,ロクイチスマイル,2009106895,クロフネ,1998110135,栗本博晴,横井哲,114.0,1997.0,2009.0,1998.0
2016105050,トゥーナヒラッパー,牝,桜田浩樹,,ショウナンカンプ,1998102595,シルバーネックレス,1996107179,サンデーサイレンス,000a00033a,Ｉレーシング（株）,社台ファーム,113.8,1998.0,1996.0,1986.0
2016106528,ウィンチェスター,牡,佐藤博紀,,ディープスカイ,2005101358,ハワイアンシェーナ,2006104500,キングカメハメハ,2001103460,高田孝彦,武田寛治,113.6,2005.0,2006.0,2001.0
2016100910,キタサンルージュ,牝,米川昇,,ヘニーヒューズ,000a011155,キタサンユキ,2005100196,マリエンバード,000a00fa36,原久美子,村田牧場,113.5,2003.0,2005.0,1997.0
2016105016,キャラメルムーン,牡,藤ヶ崎一,,キンシャサノキセキ,2003110212,ゴールデンムーン,2009105875,アドマイヤムーン,2003102991,玉田博志,社台ファーム,113.2,2003.0,2009.0,2003.0
2016100693,グレイトレナウン,牝,織田誠,,ナカヤマフェスタ,2006102424,コスモオヌール,2011110104,ダンカーク,000a012185,（株）ファーストビジ,ビッグレッドファーム,113.2,2006.0,2011.0,2006.0
2016109085,ミサキウイング,牝,角田輝也,,ティンバーカントリー,000a00035e,ジョウノルビー,2007105481,ブライアンズタイム,000a000082,近藤正勝,マルシチ牧場,113.1,1992.0,2007.0,1985.0
2016100434,ケイリーチャーム,牝,遠藤茂,,トーセンホマレボシ,2009106092,チャームラブ,2003100263,フレンチデピュティ,000a00013a,古賀和夫,対馬正,113.0,2009.0,2003.0,1992.0
2016102204,ゴールドウエイ,牝,塚田隆男,,ルーラーシップ,2007103143,キセキノハナ,2009100812,ネオユニヴァース,2000101426,（有）崇富商業,宮内牧場,112.9,2007.0,2009.0,2000.0
2016105336,ロバート,牡,斉藤正弘,,サウスヴィグラス,1996110138,レアプラチナ,2009102854,スターオブコジーン,1988109108,松田整二,富塚ファーム,112.8,1996.0,2009.0,1988.0
2016103855,トーセンペンネ,牝,橘友和,,Poet's Voice,000a011b0d,ペンネドゥピー,000a012db2,Tiger Hill,1995190004,後藤泰彦,エスティファーム,112.5,2007.0,2008.0,1995.0
2016102732,ビーワンビランサー,牝,金田一昌,,エスポワールシチー,2005102837,ディアザリアー,2010105013,ワイルドラッシュ,000a0003a1,関忠信,ディアレストクラブ,112.5,2005.0,2010.0,1994.0
2016102630,ナンセイゴールド,牡,村上頼章,,ゴールドアリュール,1999106689,イタリアンオリーブ,2004103253,アフリート,000a000013,池田喜吉,フクオカファーム,112.5,1999.0,2004.0,1984.0
2016105337,ブラーミスト,牝,小桧山悟,,スマイルジャック,2005106738,ラブインザミスト,2010102296,ルールオブロー,000a010d7d,加藤徹,三好牧場,112.3,2005.0,2010.0,2001.0
2016103664,ガッサンドリーム,牡,別府真司,,フリオーソ,2004106867,マルーチ,2009102661,ディクタット,1995190007,西村專次,前川義則,112.0,2004.0,2009.0,1995.0
2016105613,クウミリマ,牡,田口輝彦,,アサクサキングス,2004103163,モナークトウショウ,2011102314,ステイゴールド,1994108729,大倉佑介,片岡博,111.9,2004.0,2011.0,1994.0
2016102588,ハナギリ,牝,後藤正義,,アイルハヴアナザー,000a011ed3,ロックドクトリン,2008102207,ロックオブジブラルタル,000a00fd4c,山科統,バンダム牧場,111.9,2009.0,2008.0,1999.0
2016102210,ルージュフォンセ,牝,今津博之,,エンパイアメーカー,000a010542,ソフィアルージュ,2003102310,クロフネ,1998110135,ヒダカ・ブリーダーズ・ユニオン,宮内牧場,111.9,2000.0,2003.0,1998.0
2016106466,コヒノドリーム,牝,田辺陽一,,メイショウサムソン,2003102205,サチノバレンタイン,2009106826,キングカメハメハ,2001103460,小桧山智之,トラストスリーファーム,111.7,2003.0,2009.0,2001.0
2016105043,キャビテーション,牝,伊藤勝己,,タートルボウル,000a012045,シャンボールフィズ,2009105993,キングカメハメハ,2001103460,（有）ホースケア,社台ファーム,111.7,2002.0,2009.0,2001.0
2016102836,ヴィガアバイオ,牝,新井清重,,ヴァーミリアン,2002100877,アグレッシブバイオ,2009106163,ディープインパクト,2002100816,バイオ,沖田牧場,111.7,2002.0,2009.0,2002.0
2016100554,アンクール,牝,中川竜馬,,モンテロッソ,000a011b05,ビッププリマステラ,2011104115,ゼンノロブロイ,2000101517,豊島愛子,新冠橋本牧場,111.6,2007.0,2011.0,2000.0
2016103595,デルマアンバリッド,牝,的場均,,ミリオンディスク,2004103249,デルマユリア,2007103167,ネオユニヴァース,2000101426,浅沼廣幸,ファニーヒルファーム,111.4,2004.0,2007.0,2000.0
2016100835,ハルノツカイ,牡,坂井孝義,,ブラックタイド,2001103312,ハルダヨリ,2012100821,ファルブラヴ,1998190004,谷謙介,三村卓也,111.4,2001.0,2012.0,1998.0
2016103803,チュウワエンペラー,牡,加藤幸保,,ローズキングダム,2007103404,ベルネージュ,2003102770,サクラバクシンオー,1989108341,中西忍,若林順一,111.2,2007.0,2003.0,1989.0
2016101354,シュパイヤー,牡,加藤和宏,,アッミラーレ,1997100569,ナイキステイブル,2004104648,ホワイトマズル,1990109700,（株）ファーストビジ,藤巻則弘,111.2,1997.0,2004.0,1990.0
2016101350,ウインフォワード,牡,武藤敏明,,ブラックタイド,2001103312,ワキノバクシン,2002101425,サクラバクシンオー,1989108341,Ｉレーシング（株）,広田牧場,111.2,2001.0,2002.0,1989.0
2016101463,スイープアサイド,牝,内村寛司,,スウェプトオーヴァーボード,000a00fa34,スギノブロッサム,2007103970,フサイチコンコルド,1993109220,（同）ＪＰＮ技研,明治牧場,111.1,1997.0,2007.0,1993.0
2016105110,マジカルソング,牡,鈴木正也,,スクリーンヒーロー,2004103328,チケットトゥダンス,000a00fe4f,Sadler's Wells,000a00185d,岩崎僖澄,社台ファーム,110.6,2004.0,1999.0,1981.0
2016102105,タイセイフルーヴ,牡,後藤佑耶,,エイシンフラッシュ,2007102951,メイショウボナール,2006101902,ホワイトマズル,1990109700,田中成奉,林孝輝,110.6,2007.0,2006.0,1990.0
2016102074,ジュディス,牝,川嶋弘吉,,ゼンノロブロイ,2000101517,ストーリーテリング,2005106346,デザートキング,000a0000e7,日進牧場,日進牧場,110.4,2000.0,2005.0,1994.0
2016100381,イザサンキュー,牝,藤田正治,,オウケンブルースリ,2005102548,サイキョウキロク,2003100946,マヤノトップガン,1992102988,竹中進一,竹中牧場,110.4,2005.0,2003.0,1992.0
2016110087,ミントフレッシュ,牝,音無秀孝,,War Front,000a011d00,Minorette,000a013c95,Smart Strike,000a00211c,吉田千津,Shadai Farm,110.0,2002.0,2011.0,1992.0
2016110060,モズカクシダマ,牡,藤岡健一,,Temple City,000a012a6a,Overseen,000a013be1,First Defence,000a011701,キャピタル・システム,Hartwell Farm Inc.,110.0,2005.0,2011.0,2004.0
2016106580,テーオーパラダイス,牝,岡田稲男,,ヴィクトワールピサ,2007102923,ハロースカーレット,2006106350,シンボリクリスエス,1999110099,小笹公也,ヤナガワ牧場,110.0,2007.0,2006.0,1999.0
2016106075,ニホンピロアメリア,牝,服部利之,,ヴァーミリアン,2002100877,ニホンピロチャンス,2010102749,メイショウボーラー,2001100650,小林百太郎,友田牧場,110.0,2002.0,2010.0,2001.0
2016105975,カモンビューティー,牝,武英智,,ダンカーク,000a012185,サトノアーチ,2007100564,マンハッタンカフェ,1998101554,中野秀樹,千代田牧場,110.0,2006.0,2007.0,1998.0
2016105804,ミヤビソフィア,牝,中舘英二,,ハービンジャー,000a011996,ミヤビグレイス,2007101118,キングカメハメハ,2001103460,村上義勝,静内白井牧場,110.0,2006.0,2007.0,2001.0
2016105360,イッツマイウェイ,セ,西園正都,,ジャスタウェイ,2009106461,アブソリューション,2004100722,タイキシャトル,1994109686,フクキタル,パカパカファーム,110.0,2009.0,2004.0,1994.0
2016104976,サトノミレニアム,セ,木村哲也,,ノヴェリスト,000a012230,オルトリンデ,2006102909,ダンスインザダーク,1993109188,サトミホースカンパニー,社台ファーム,110.0,2009.0,2006.0,1993.0
2016104842,サトノアクシス,牝,藤原英昭,,ディープインパクト,2002100816,ヘアキティー,000a01294b,Wildcat Heir,000a011b14,サトミホースカンパニー,ノーザンファーム,110.0,2002.0,2010.0,2000.0
2016103151,カズブランパン,牡,西浦勝一,,ロードカナロア,2008103552,チリエージェ,2001107654,サクラバクシンオー,1989108341,雅苑興業,白井牧場,110.0,2008.0,2001.0,1989.0
2016102245,エムワンスプリング,牡,晴山厚司,,モンテロッソ,000a011b05,アドマイヤディア,2002100904,エルコンドルパサー,1995108742,（株）マネジメント・,山田昇史,110.0,2007.0,2002.0,1995.0
2016101286,ダイダロス,セ,宮本博,,ハーツクライ,2001103038,ノータブルアート,2004100663,ブライアンズタイム,000a000082,ノースヒルズ,土居牧場,110.0,2001.0,2004.0,1985.0
2016101275,ニシノコントラバス,牡,川島豊,,リーチザクラウン,2006102923,ミューズダンス,2003102666,ダンスインザダーク,1993109188,和氣竜彦,筒井征文,110.0,2006.0,2003.0,1993.0
2016101039,ヒルノアニモ,牡,昆貢,,ケープブランコ,000a011b06,ウインクルアーリー,1999104677,サンダーガルチ,000a00035c,ヒルノ,猪野毛牧場,110.0,2007.0,1999.0,1992.0
2016100064,チタノブーケ,牝,高市圭二,,キンシャサノキセキ,2003110212,スズノエミー,2008103434,クロフネ,1998110135,中村光利,アラキファーム,110.0,2003.0,2008.0,1998.0
2016104566,ジーガスリッド,牡,今津博之,,ヴィクトワールピサ,2007102923,ハルーワソング,000a00683b,Nureyev,000a001676,橘勝年,ノーザンファーム,109.9,2007.0,1996.0,1977.0
2016105596,マンゴープリン,牝,高月賢一,,バトルプラン,000a0118e8,ハニーサックル,2011104768,ハーツクライ,2001103038,（同）ＪＰＮ技研,小倉光博,109.7,2005.0,2011.0,2001.0
2016102321,ジャストベリー,牝,玉井勝,,トビーズコーナー,000a011fed,ボーラキアーラ,2010104202,ダイワメジャー,2001103114,橋本富夫,荻伏服部牧場,109.7,2008.0,2010.0,2001.0
2016106351,メイショウサザナミ,牝,鈴木七郎,,ゴールドアリュール,1999106689,メイショウタイム,2003105575,メイショウドトウ,1996110113,Ｉレーシング（株）,三木田明仁,109.5,1999.0,2003.0,1996.0
2016100315,ワイズファースト,牡,竹下太,,ベルシャザール,2008103004,ミリオンセラー,2009105895,フジキセキ,1992109618,組）ＹＨＹ組合,スカイビーチステーブル,109.2,2008.0,2009.0,1992.0
2016100719,コロポックル,牝,藤ヶ崎一,,キンシャサノキセキ,2003110212,フェアリーベル,1996104501,サクラバクシンオー,1989108341,小島吉彦,ビッグレッドファーム,109.1,2003.0,1996.0,1989.0
2016100252,チュラ,牝,林正人,,マツリダゴッホ,2003104570,ヒカルラブリーアイ,2000101123,ブライアンズタイム,000a000082,松澤光洋,コスモヴューファーム,109.0,2003.0,2000.0,1985.0
2016106204,キンタロウ,牡,岩本洋,,トビーズコーナー,000a011fed,マスコットダイヤ,2003109265,ルション,000a0002bd,（同）クイック・ホー,福岡駿弥,108.9,2008.0,2003.0,1981.0
2016100653,トクダワラ,牝,鈴木伸尋,,キングヘイロー,1995104427,ディアンサス,2006102960,ティンバーカントリー,000a00035e,芳賀克也,浜口牧場,108.8,1995.0,2006.0,1992.0
2016105628,ギュウホ,牡,三小田幸,,ジャングルポケット,1998101786,デライトシーン,2004104244,サクラバクシンオー,1989108341,北原大史,神垣道弘,108.6,1998.0,2004.0,1989.0
2016101389,プリンスハート,牡,石川栄,,キングヘイロー,1995104427,ビビッドハート,2006105027,カリズマティック,000a00fa33,吉田喜代司,前川隆則,108.3,1995.0,2006.0,1996.0
2016103167,オリアナロゼッタ,牝,栗本陽一,,ナカヤマフェスタ,2006102424,エリザベススイート,2005103226,ティンバーカントリー,000a00035e,福永實,白瀬盛雄,108.1,2006.0,2005.0,1992.0
2016104084,シップスターン,牝,稲益貴弘,,ケイムホーム,000a0108d1,アントワープ,2007102378,キングカメハメハ,2001103460,尾崎智大,上水牧場,108.0,1999.0,2007.0,2001.0
2016104128,ハトマークタイガー,セ,奥村豊,,グランプリボス,2008103388,マンイーター,2008105787,タイキシャトル,1994109686,山田美喜男,社台牧場,107.6,2008.0,2008.0,1994.0
2016105394,カツゲキメグチャン,牝,後藤正義,,キャプテントゥーレ,2005102216,カツゲキドラマ,2010105695,クロフネ,1998110135,野々垣陽介,朝野勝洋,107.5,2005.0,2010.0,1998.0
2016104088,ハロングロットル,牝,工藤真司,,キャプテントゥーレ,2005102216,クレタパラドックス,2007104168,サクラバクシンオー,1989108341,藤田司,上水牧場,107.5,2005.0,2007.0,1989.0
2016103229,イノセントラヴ,牝,佐藤敏彦,,タイキシャトル,1994109686,サワノプリマベーラ,2002102857,サンデーサイレンス,000a00033a,八嶋長久,スマイルファーム,107.5,1994.0,2002.0,1986.0
2016106556,ダイユウドナート,牡,伊藤勝好,,オウケンブルースリ,2005102548,コインオブスター,2000103193,ダンスインザダーク,1993109188,葛西豊次,ダイヤモンドファーム,107.3,2005.0,2000.0,1993.0
2016105267,エバーフレイム,牝,村上実,,オルフェーヴル,2008102636,ラスティックフレイム,000a0117a5,Danehill Dancer,000a002309,岩渕瑞生,社台コーポレーション白老ファーム,107.0,2008.0,2004.0,1993.0
2016103333,ヤマミライオン,牡,中川雅之,,ネオユニヴァース,2000101426,ハンドオブフェイト,000a0114aa,ジェイドロバリー,000a0001a7,山下幹夫,ダーレー・ジャパン・ファーム,107.0,2000.0,2004.0,1987.0
2016101743,セレッソノワール,牝,佐々木功,,タイキシャトル,1994109686,ブラックビスケット,2009102546,ケイムホーム,000a0108d1,酒井孝敏,カナイシスタッド,107.0,1994.0,2009.0,1999.0
2016101327,ロードホライゾン,牡,池田忠好,,モンテロッソ,000a011b05,サンライトムーン,2008106006,キングカメハメハ,2001103460,光安慎一,原口牧場,107.0,2007.0,2008.0,2001.0
2016100090,パレスドラゴン,牡,徳本慶一,,ローレルゲレイロ,2004100933,マサカーネ,2005104781,トワイニング,000a000006,池田征二,石田牧場,106.9,2004.0,2005.0,1991.0
2016104204,ホットスタッフ,牝,宮本仁,,スクリーンヒーロー,2004103328,ファミリアーリング,000a00faff,Kingmambo,000a001d7e,大黒富美子,ヤマイチ牧場,106.8,2004.0,1997.0,1990.0
2016103273,エーティードセイ,牡,角田輝也,,ディープブリランテ,2009105084,Quick Command,000a011496,Gold Legend,000a01147e,（株）馬事学院,タバタファーム,106.7,2009.0,2003.0,1990.0
2016105138,ダブルテイクアウト,牝,森山英雄,,ワークフォース,000a011a7f,ヌーベルバーグ,2008102997,ディープインパクト,2002100816,國分純,社台ファーム,106.6,2007.0,2008.0,2002.0
2016102592,エールベローチェ,牝,金田一昌,,バンブーエール,2003104100,エジプシャン,2002104082,バンブーメモリー,1985104122,谷口祐人,バンブー牧場,106.6,2003.0,2002.0,1985.0
2016105511,オプタートゥム,牝,雑賀伸一,,マツリダゴッホ,2003104570,ビューティフルアイ,2000100869,フサイチコンコルド,1993109220,田上雅春,岡田スタッド,106.5,2003.0,2000.0,1993.0
2016101221,サンチルネッタ,牝,酒井仁,,グランプリボス,2008103388,リライアブル,2008103729,ゴールドヘイロー,1997101264,石川祐介,城地牧場,106.5,2008.0,2008.0,1997.0
2016106575,マーセッドマッハ,牡,平沢芳三,,フリオーソ,2004106867,パリスブルー,2007104263,ゼンノロブロイ,2000101517,田村誠,川上牧場,106.2,2004.0,2007.0,2000.0
2016105737,レオナヴィーナス,牝,平田正一,,タイムパラドックス,1998101683,マーベラスリリー,2006104299,クロフネ,1998110135,山内昇,酒井亨,105.5,1998.0,2006.0,1998.0
2016101722,ケアレスラヴ,牝,地辺幸一,,トビーズコーナー,000a011fed,フィリグリーレース,000a01152d,Seeking the Gold,000a001bea,谷謙介,岡本牧場,105.2,2008.0,2005.0,1985.0
2016101378,フローラルスキップ,牝,新田守,,ベルシャザール,2008103004,フローラルウインド,2006102662,アグネスタキオン,1998101516,谷謙介,本桐牧場,104.8,2008.0,2006.0,1998.0
2016101060,ツーポッキー,牝,田口輝彦,,キングヘイロー,1995104427,ルーチェデルソーレ,2009106514,メイショウボーラー,2001100650,吉田勝利,小河豊水,104.7,1995.0,2009.0,2001.0
2016103307,ボナパルティズム,牝,新子雅司,,ダイワメジャー,2001103114,ゴールデンイエラ,000a0116de,Machiavellian,000a001c1d,ゴドルフィン,ダーレー・ジャパン・ファーム,104.0,2001.0,2005.0,1987.0
2016102642,スズカビステー,牡,西橋豊治,,シニスターミニスター,000a011099,プリマビスティー,2007102282,プリサイスエンド,000a00fe9b,永井啓弍,伏木田牧場,103.8,2003.0,2007.0,1997.0
2016105706,ロングメイユーラン,牝,真島元徳,,スマートボーイ,1995100385,プリモレディ,2001103864,サンデーサイレンス,000a00033a,グランド牧場,グランド牧場,103.6,1995.0,2001.0,1986.0
2016102576,ゴーゴーナカヤマ,牡,高橋俊之,,ナカヤマフェスタ,2006102424,ニュースター,2008102180,プリサイスエンド,000a00fe9b,中山牧場,中山牧場,103.6,2006.0,2008.0,1997.0
2016106497,ハーピーレモン,牝,栗本陽一,,エスポワールシチー,2005102837,サクラメントガール,2002110067,Devil His Due,000a002109,小林伸幸,栄進牧場,103.5,2005.0,2002.0,1989.0
2016101724,ハナノオンリーワン,牝,古賀光範,,ケイムホーム,000a0108d1,カタズオノンデ,2001100183,サンデーウェル,1992107451,華山龍一,小倉牧場,103.5,1999.0,2001.0,1992.0
2016102600,エスペランサボス,牡,井手上慎,,ゼンノロブロイ,2000101517,バンビーナココ,2004103733,フォーティナイナー,000a000134,吉田勝利,バンブー牧場,103.3,2000.0,2004.0,1985.0
2016109047,ツギノイッテ,牡,古賀光範,,スクワートルスクワート,000a000da4,エプソムアイリス,2004102264,クロフネ,1998110135,西村新一郎,織笠時男,103.2,1998.0,2004.0,1998.0
2016105440,エリジウム,セ,後藤正義,,フリオーソ,2004106867,フィリーズベスト,1998104019,アンバーシャダイ,1977103827,川合秀宏,漆原武男,103.1,2004.0,1998.0,1977.0
2016106597,グルナ,牝,宮川浩一,,ベルシャザール,2008103004,ペプチドガーネット,2010100987,フサイチコンコルド,1993109220,柳裕一郎,鹿戸正幸,103.0,2008.0,2010.0,1993.0
2016106573,ミルクステージ,牝,高橋道雄,,タニノギムレット,1999100226,メイプルステージ,2007101549,ジェニュイン,1992109450,谷川英樹,成隆牧場,102.9,1999.0,2007.0,1992.0
2016102839,アイルサンデー,牡,鈴木義久,,アイルハヴアナザー,000a011ed3,イエスプリーズ,2004105362,スペシャルウィーク,1995103211,安喰武雄,沖田牧場,102.9,2009.0,2004.0,1995.0
2016106463,ジュンダイセツ,牡,玉垣光章,,ネオユニヴァース,2000101426,イルバチオ,1997104609,ロイヤルアカデミーII,000a000d87,河合純二,川上牧場,102.7,2000.0,1997.0,1987.0
2016103417,ダイシンイルデパン,牝,佐藤博紀,,ダイシンオレンジ,2005103381,ダイシンパーティー,2003100653,ブライアンズタイム,000a000082,大八木信行,中原牧場,102.6,2005.0,2003.0,1985.0
2016101238,リトルプリンセス,牝,鈴木義久,,シビルウォー,2005102317,エヌワイグレース,2009101817,アグネスタキオン,1998101516,安藤晋平,タツヤファーム,102.6,2005.0,2009.0,1998.0
2016100847,ジェイケイシャンテ,牡,佐々木仁,,ダノンシャンティ,2007105709,ジェイケイカルミア,2011102500,キングカメハメハ,2001103460,小谷野次郎,村上欽哉,102.6,2007.0,2011.0,2001.0
2016106413,ケイティータケヅル,牡,本間光雄,,ハービンジャー,000a011996,ノーブルストーン,2004110268,Hussonet,000a0104d9,（株）竹之内工務店,チャンピオンズファーム,102.5,2006.0,2004.0,1991.0
2016103886,マヤノトライオン,牡,田嶋弘幸,,ゼンノロブロイ,2000101517,アレアレア,2008110100,Kyllachy,000a010cba,田所英子,北島牧場,102.5,2000.0,2008.0,1998.0
2016106372,ハクユウレインボー,牡,石川浩文,,エイシンフラッシュ,2007102951,マドモアゼルシッシ,000a010eb4,Sadler's Wells,000a00185d,Ｈ．Ｉコーポレーション,矢野牧場,102.3,2007.0,2003.0,1981.0
2016101746,チョウオオバケ,牝,織田誠,,ナカヤマフェスタ,2006102424,マルターズブリーズ,2000104171,サンダーガルチ,000a00035c,丸山隆雄,金石牧場,102.3,2006.0,2000.0,1992.0
2016100787,ジムマシーン,牡,加藤和宏,,ジャングルポケット,1998101786,フジチャン,2008103672,ネオユニヴァース,2000101426,（株）ファーストビジ,細川農場,102.2,1998.0,2008.0,2000.0
2016103752,アドアパルス,牝,川田孝好,,シンボリクリスエス,1999110099,イエロータキオン,2005105614,アグネスタキオン,1998101516,松岡隆雄,ヤナガワ牧場,102.1,1999.0,2005.0,1998.0
2016106551,カムオンルンルン,牝,大石省三,,モンテロッソ,000a011b05,チサト,2010106324,ダイワメジャー,2001103114,名古屋一征,カネツ牧場,102.0,2007.0,2010.0,2001.0
2016109036,マーシトミキタ,牡,矢野義幸,,トビーズコーナー,000a011fed,フジヤマビジン,1997101379,サンデーサイレンス,000a00033a,佐藤勝士,伊藤牧場,101.9,2008.0,1997.0,1986.0
2016104284,マツリダアシガル,牡,三野宮通,,トーセンラー,2008102985,タスクミストレス,2007103106,キングカメハメハ,2001103460,高橋文枝,社台コーポレーション白老ファーム,101.7,2008.0,2007.0,2001.0
2016101387,クロワッサンリュヌ,牡,碇清次郎,,ハービンジャー,000a011996,ユーアーマイン,2009101821,ディープインパクト,2002100816,松尾勝裕,前川勝春,101.6,2006.0,2009.0,2002.0
2016103405,ナムラアリス,牝,桜田康二,,ディープブリランテ,2009105084,ナムラアピア,2009102800,クロフネ,1998110135,奥寺毅己,ナカノファーム,101.5,2009.0,2009.0,1998.0
2016102087,ジュンヴァルボンヌ,牝,柴田高志,,アルデバランII,000a010541,イットーエンプレス,2012100926,エンパイアメーカー,000a010542,今井優,日本中央競馬会日高育成牧場,101.5,1998.0,2012.0,2000.0
2016101265,ノーブルベガ,牝,植松則幸,,エイシンフラッシュ,2007102951,プラチナハート,1996106092,ヘクタープロテクター,000a000d6b,小橋亮太,土田農場,101.5,2007.0,1996.0,1988.0
2016102108,フライトゥヘヴン,牝,笹野博司,,ヨハネスブルグ,000a0103b9,パピュラ,2001105365,ブライアンズタイム,000a000082,大塚亮一,日の出牧場,101.3,1999.0,2001.0,1985.0
2016103597,デルマシャンゼリゼ,牝,伊藤勝好,,キモンノカシワ,2009104021,マダムブランシェ,2005103622,ミラクルアドマイヤ,1995107939,（有）ホースケア,ファニーヒルファーム,101.2,2009.0,2005.0,1995.0
2016103519,キョウエイビーコン,牡,小沢宏次,,トーセンジョーダン,2006103169,キョウエイダルク,2011105308,ネオユニヴァース,2000101426,田中晴夫,春木ファーム,101.0,2006.0,2011.0,2000.0
2016101706,チャキットコイキ,牝,井手上慎,,ローズキングダム,2007103404,レディラック,2002104617,タイキシャトル,1994109686,荘林宏毅,大西ファーム,100.9,2007.0,2002.0,1994.0
2016102718,ブリリアントモア,牝,東美義,,クリストワイニング,1997110169,レイクウッド,2006102348,ネオユニヴァース,2000101426,（同）ＪＰＮ技研,ミルファーム,100.6,1997.0,2006.0,2000.0
2016100931,モリデンファミリー,牝,山越光,,ローレルゲレイロ,2004100933,コマケン,1998100898,スキャン,000a000d69,森田芳男,森田芳男,100.5,2004.0,1998.0,1988.0
2016103363,オリバーヴォーグ,牡,盛本信春,,エイシンフラッシュ,2007102951,ハローオンザヒル,2005103186,シンボリクリスエス,1999110099,志村幸彦,千葉飯田牧場,100.4,2007.0,2005.0,1999.0
2016100347,セクシーブーツ,牝,及川良春,,グランプリボス,2008103388,フィジークルーズ,2008104568,スピードワールド,1994109494,谷謙介,スピードファーム,100.4,2008.0,2008.0,1994.0
2016106509,ライデン,牡,奥高平,,ティンバーカントリー,000a00035e,トゥインクルタイム,2004109160,フジキセキ,1992109618,村瀬正,高橋啓,100.3,1992.0,2004.0,1992.0
2016105828,シントークロヒメ,牝,千葉博次,,トーセンホマレボシ,2009106092,デザートチャーム,2007102716,Dubai Destination,000a010a60,谷謙介,静内山田牧場,100.3,2009.0,2007.0,1999.0
2016105923,メガプテラ,牡,伊藤勝好,,サクラゼウス,2004104495,サクラメガフレア,2010102813,グラスワンダー,1995108676,葛西豊次,谷岡スタット,100.2,2004.0,2010.0,1995.0
2016110153,ヴィエントフレスコ,牡,中竹和也,,Adios Charlie,000a012a6e,Royalesque,000a013a1e,Chapel Royal,000a01109a,前田幸治,Southern Chase Farm Inc. Karen Dodd & Greg Dodd,100.0,2008.0,2010.0,2001.0
2016109056,キタブランコ,牝,金田一昌,,ケープブランコ,000a011b06,リキサンセレブ,2002101894,コマンダーインチーフ,000a0000b0,北村守彦,北村牧場,100.0,2007.0,2002.0,1990.0
2016104283,タイムハンドラー,牝,杉山晴紀,,ディープブリランテ,2009105084,タイムトラベリング,2004102771,ブライアンズタイム,000a000082,サンデーレーシング,社台コーポレーション白老ファーム,100.0,2009.0,2004.0,1985.0
2016103456,クリノイカズチオー,牡,田所秀孝,,ローレルゲレイロ,2004100933,キシュウティアラ,2003106492,フジキセキ,1992109618,栗本博晴,日西牧場,100.0,2004.0,2003.0,1992.0
2016102661,マテラブレス,牡,浜田多実,,オルフェーヴル,2008102636,サンタローズ,2002104181,パントレセレブル,000a000271,大野照旺,村下明博,100.0,2008.0,2002.0,1994.0
2016102538,マルモリスパート,牡,武井和実,,レッドスパーダ,2006105511,スペシャルウェーブ,2005101568,スペシャルウィーク,1995103211,山下繁美,センチュリースタッドファーム,100.0,2006.0,2005.0,1995.0
2016101776,ゴルディアス,牡,作田誠二,,ダイワメジャー,2001103114,グリーンインディ,000a006785,A.P. Indy,000a001d37,下屋敷牧場,杵臼牧場,100.0,2001.0,1996.0,1989.0
2016101481,ハクサンメイゲツ,牡,浅野洋一,,グラスワンダー,1995108676,バタラバ,2000100642,バンブービギン,1986100672,篠崎恒雄,森俊雄,100.0,1995.0,2000.0,1986.0
2016100357,ペイシャラストパイ,牡,坂口智康,,ショウナンカンプ,1998102595,パイアン,1998105075,Cozzene,000a001bda,北所直人,隆栄牧場,100.0,1998.0,1998.0,1980.0
2016106454,リコーレキシントン,牝,西村守幸,,グラスワンダー,1995108676,ジョウムラソロン,2000107671,カーネギー,000a000093,高島幸子,坂戸節子,99.7,1995.0,2000.0,1991.0
2016104872,ラディーチェ,牝,飯田弘道,,ロードカナロア,2008103552,ラディーア,2011104123,ディープインパクト,2002100816,寺島佑輔,ノーザンファーム,99.6,2008.0,2011.0,2002.0
2016100737,シオンコタン,牝,藤田正治,,マツリダゴッホ,2003104570,マイネキャスリーン,2009105179,ロージズインメイ,000a010a10,村田滋,ビッグレッドファーム,99.6,2003.0,2009.0,2000.0
2016102728,グレイトトウショー,牡,林正人,,シビルウォー,2005102317,シリウストウショウ,2004104742,スペシャルウィーク,1995103211,小川正男,ディアレストクラブ,99.5,2005.0,2004.0,1995.0
2016101289,カトレアテソーロ,牝,室井真文,,パイロ,000a01176a,グランドバリュー,2011104352,マンハッタンカフェ,1998101554,（株）ファーストビジ,中田英樹,99.2,2005.0,2011.0,1998.0
2016104315,オートルフィーユ,牝,高橋俊之,,アイルハヴアナザー,000a011ed3,プリンセスゴールド,2002100724,サンデーサイレンス,000a00033a,（株）Ｔ．Ｕ．Ｋ．,社台コーポレーション白老ファーム,99.0,2009.0,2002.0,1986.0
2016105767,ウインシェフィン,牝,東川公則,,グランプリボス,2008103388,バリュアットリスク,2002100602,エルコンドルパサー,1995108742,（同）ランニング・ク,桜井牧場,98.5,2008.0,2002.0,1995.0
2016105347,ラトーヌハート,牝,矢野久美,,サムライハート,2002100996,ラトーヌサンライズ,2000106013,タイキシャトル,1994109686,山下壽,渋谷一郎,98.5,2002.0,2000.0,1994.0
2016100103,エスケイレインボー,牝,山浦武,,カネヒキリ,2002100978,ケージーレインボー,2002101728,ダンスインザダーク,1993109188,伊藤輔則,岩見牧場,98.5,2002.0,2002.0,1993.0
2016104168,シーケートレーズ,牝,伊藤勝好,,トーセンホマレボシ,2009106092,ヨーカンドパリ,2000101402,ティンバーカントリー,000a00035e,酒井孝敏,登別上水牧場,98.4,2009.0,2000.0,1992.0
2016103393,ソバカスノテンシ,牝,徳本慶一,,モンテロッソ,000a011b05,サクラキセキ,2003104896,フジキセキ,1992109618,平賀眞吾,中川欽一,98.2,2007.0,2003.0,1992.0
2016100736,フロラシオン,牝,佐藤祐司,,アイルハヴアナザー,000a011ed3,マイネカンナ,2004100773,アグネスタキオン,1998101516,道地房男,ビッグレッドファーム,98.2,2009.0,2004.0,1998.0
2016102817,アイファーエンター,牝,小村正也,,レッドスパーダ,2006105511,アイファーソーニョ,2011102403,ハイアーゲーム,2001103160,（有）ミドルアイラン,ＷｉｎｇＦａｒｍ,98.1,2006.0,2011.0,2001.0
2016101747,ミヤビセラヴィ,牝,林隆之,,アルデバランII,000a010541,ミヤビアルカディア,2008100807,ネオユニヴァース,2000101426,村上義勝,金石牧場,98.0,1998.0,2008.0,2000.0
2016100387,ポタラ,牝,柳沢好美,,ベルシャザール,2008103004,セレサス,1997104639,カーネギー,000a000093,（株）ボンズ,タニグチ牧場,97.8,2008.0,1997.0,1991.0
2016104379,アヴァターラ,牡,山田徹,,ロードカナロア,2008103552,マトゥラー,2009106434,ディープインパクト,2002100816,庄司修二,社台コーポレーション白老ファーム,97.5,2008.0,2009.0,2002.0
2016100146,ユイノコッペパン,牡,加藤誠一,,トーセンホマレボシ,2009106092,タイセイボニータ,2012105102,タイキシャトル,1994109686,由井健太郎,柏木一則,97.5,2009.0,2012.0,1994.0
2016106608,タイヨウトチキュウ,牡,音無秀孝,,ハービンジャー,000a011996,ノンキ,2003106096,サンデーサイレンス,000a00033a,小田切有一,中原牧場,97.0,2006.0,2003.0,1986.0
2016101022,ヤマニンポンペルモ,牝,森山英雄,,ディープブリランテ,2009105084,ヤマニンファセット,2003100619,ムタファーウエク,000a000d9e,土井久美子,錦岡牧場,97.0,2009.0,2003.0,1996.0
2016102695,ラストライト,セ,佐藤博紀,,ダンカーク,000a012185,ファストアズライト,1999110124,ヘネシー,000a000178,小林勝,吉田ファーム,96.4,2006.0,1999.0,1993.0
2016101554,チェリールックス,牝,栗田和昌,,チェリークラウン,2004102428,コローレアランチョ,2001100540,ジェイドロバリー,000a0001a7,谷謙介,澤井義一,96.3,2004.0,2001.0,1987.0
2016103547,ナイトオブゴールド,牡,角田輝也,,ハービンジャー,000a011996,レディオスソープ,2008103198,アグネスタキオン,1998101516,大島昌也,日高大洋牧場,96.2,2006.0,2008.0,1998.0
2016102789,オレノソラ,牡,平沢芳三,,ヴァーミリアン,2002100877,アオモミジ,2007109163,ブライアンズタイム,000a000082,太田雅貴,新井昭二,96.2,2002.0,2007.0,1985.0
2016103725,ベルメモワール,牝,渡辺薫彦,,アドマイヤマックス,1999107004,ミラクルファンタジ,2004106344,スキャン,000a000d69,山口敦広,モリナガファーム,96.0,1999.0,2004.0,1988.0
2016101649,エイシンローハス,牝,加藤和義,,ローズキングダム,2007103404,ウインラシェーナ,1999106859,バブルガムフェロー,1993109219,矢内卓人,栄進牧場,95.9,2007.0,1999.0,1993.0
2016105528,ラブイズテーラー,牡,関本浩司,,ローエングリン,1999106738,ラヴァーズテーラー,2005100096,タニノギムレット,1999100226,大黒富美子,岡田スタッド,95.8,1999.0,2005.0,1999.0
2016104085,セブンズゴールド,牡,金田一昌,,ゴールドアリュール,1999106689,ウインガイア,2009106432,Broken Vow,000a0101a0,前迫義幸,上水牧場,95.8,1999.0,2009.0,1997.0
2016109148,クリノピンクダイヤ,牝,川添明弘,,モンテロッソ,000a011b05,ジュエルシャネル,2002109176,アグネスワールド,1995108665,木村良明,荒谷牧場,95.7,2007.0,2002.0,1995.0
2016105958,マウナケア,牝,川添明弘,,スターリングローズ,1997106560,サクセスプラン,2006101184,バブルガムフェロー,1993109219,佐藤弘樹,大典牧場,95.7,1997.0,2006.0,1993.0
2016103887,ピースフルパワー,牝,河津裕昭,,エスポワールシチー,2005102837,ウインパレード,2006106240,アグネスデジタル,1997110025,北嶋義三,北島牧場,95.6,2005.0,2006.0,1997.0
2016103284,サンマルトレジャー,セ,今津博之,,エイシンフラッシュ,2007102951,キミホウセキ,1997104574,サンデーサイレンス,000a00033a,相馬勇,田端牧場,95.6,2007.0,1997.0,1986.0
2016105481,ホウオウリフレイン,牝,石川浩文,,キングカメハメハ,2001103460,ザッツザウェイ,2003104870,フサイチコンコルド,1993109220,（同）ＪＰＮ技研,岡田スタッド,95.4,2001.0,2003.0,1993.0
2016103570,シングンジゼル,牝,倉地学,,シングンオペラ,1998105609,クーファゲルニカ,2010104057,ディープインパクト,2002100816,伊坂重憲,広富牧場,95.4,1998.0,2010.0,2002.0
2016101381,ヒトヨノユメ,牝,池田忠好,,ジャスタウェイ,2009106461,アンティックドール,2006110004,Fusaichi Pegasus,000a0022cf,東廣美,前川勝春,95.4,2009.0,2006.0,1997.0
2016101002,アンクルロイヤル,牡,森山雄大,,モンテロッソ,000a011b05,ウインクルチャチャ,2009104767,アンクルスーパー,1997100632,岩崎僖澄,奥山博,95.3,2007.0,2009.0,1997.0
2016105775,ケイアイマホガニー,牡,岡田利一,,キングズベスト,000a0022d2,ケイアイベローナ,2003106218,クロフネ,1998110135,亀田和弘,佐竹学,95.0,1997.0,2003.0,1998.0
2016101980,ルンタ,牝,須田和伸,,ワークフォース,000a011a7f,アドマイヤビアン,2004102092,アドマイヤコジーン,1996106512,（有）辻牧場,辻牧場,95.0,2007.0,2004.0,1996.0
2016106384,ビービーステルス,牝,石川浩文,,トーセンジョーダン,2006103169,ミヤギバスター,2004106394,ジェイドロバリー,000a0001a7,（同）ＪＰＮ技研,山際智,94.9,2006.0,2004.0,1987.0
2016103189,シェナロイヤル,牡,吉田正美,,ローズキングダム,2007103404,カドルーパ,000a011de9,Big Shuffle,000a010a77,冨田藤男,シンボリ牧場,94.5,2007.0,2002.0,1984.0
2016101960,トクベツノカンケイ,牝,田中伸一,,バゴ,2001190004,ダイイチサクラ,2000107664,サンデーサイレンス,000a00033a,内田玄祥,大道牧場,94.1,2001.0,2000.0,1986.0
2016101614,レッツエンドカーブ,牝,渋谷信博,,ケイムホーム,000a0108d1,メジロミシェル,2007102574,アグネスタキオン,1998101516,安田智彦,赤田牧場,94.0,1999.0,2007.0,1998.0
2016103060,フライングハイ,牝,佐藤祐司,,ルーラーシップ,2007103143,サトノコンドル,2008105577,アグネスタキオン,1998101516,後藤順男,下河辺牧場,93.9,2007.0,2008.0,1998.0
2016103860,ダイリンフェロー,牡,池田忠好,,タニノギムレット,1999100226,ディアスカーレット,2010103437,バブルガムフェロー,1993109219,太田雅貴,和田牧場,93.8,1999.0,2010.0,1993.0
2016100303,セイカアミダイケ,牝,鋤田誠二,,ディープブリランテ,2009105084,セイカアルテナ,2002109412,メジロマックイーン,1987107235,吉山達也,シンユウファーム,93.6,2009.0,2002.0,1987.0
2016105114,ハルイロ,牝,石橋満,,キングズベスト,000a0022d2,チューニー,2000106575,サンデーサイレンス,000a00033a,石井輝昭,社台ファーム,93.5,1997.0,2000.0,1986.0
2016102459,エメラルドカット,牝,三宅直之,,タイムパラドックス,1998101683,ジュエルビスティー,2007103390,クロフネ,1998110135,（株）ファーストビジ,小林仁,93.5,1998.0,2007.0,1998.0
2016102841,シロボシ,牡,武藤敏明,,トーセンホマレボシ,2009106092,ウィンディガーデン,2007103248,タニノギムレット,1999100226,（同）ＪＰＮ技研,沖田牧場,93.3,2009.0,2007.0,1999.0
2016102558,ハクサンディヴォ,牝,加藤和義,,シルポート,2005109202,アイサレジョウズ,2010100720,Refuse To Bend,000a010bac,河崎五市,中村雅明,93.3,2005.0,2010.0,2000.0
2016105978,ベイオブレインボー,牝,鈴木七郎,,ヴァーミリアン,2002100877,サトノローズヒップ,2005100587,タイキシャトル,1994109686,鈴木雅俊,千代田牧場,93.2,2002.0,2005.0,1994.0
2016101715,ジンクルポン,牡,田中一巧,,ストロングリターン,2006102934,カリズマ,2009102624,アドマイヤムーン,2003102991,林知佐子,岡本昌市,93.2,2006.0,2009.0,2003.0
2016104636,ケイティパッション,牡,大関吉明,,ワークフォース,000a011a7f,ミニョネット,2010104246,クロフネ,1998110135,中内晴子,ノーザンファーム,93.1,2007.0,2010.0,1998.0
2016103496,ミスプロト,牝,浅野洋一,,パドトロワ,2007102760,カノヤザミラクル,2003106549,ダンスインザダーク,1993109188,福澤真也,浜本牧場,93.1,2007.0,2003.0,1993.0
2016101702,ウィンズオブゴッド,牡,小沢宏次,,スマートファルコン,2005100097,ワイオミングガール,1997110164,Supremo,000a001fef,高橋貴士,栄進牧場,93.0,2005.0,1997.0,1992.0
2016200001,グレートリアン,牡,宇野木博,,ネオヴァンドーム,2007102913,ハビネスニ,2005500033,ニホンカイユーノス,1994501215,グローバルサービス（,原弘之,92.5,2007.0,2005.0,1994.0
2016101997,エメラルドリング,牝,酒井仁,,ワークフォース,000a011a7f,スズカモンスーン,2008101625,More Than Ready,000a00fcdd,前田敏文,辻牧場,92.5,2007.0,2008.0,1997.0
2016100891,キュープライト,牝,岡田利一,,シビルウォー,2005102317,カイアナイト,2008103219,シンボリクリスエス,1999110099,大黒富美子,村上牧場,92.5,2005.0,2008.0,1999.0
2016100649,アラブルテーラー,牡,稲益貴弘,,ベルシャザール,2008103004,リュクス,2005102287,ファスリエフ,000a00fc4c,中西浩一,ハシモトファーム,92.5,2008.0,2005.0,1997.0
2016103868,ブルーモスク,牝,宗形竹見,,ジャングルポケット,1998101786,ドリームヴィーナス,2005103893,ジェイドロバリー,000a0001a7,シグラップ・マネジメ,赤石牧場,92.0,1998.0,2005.0,1987.0
2016102432,ノースカガヤキ,牝,中川雅之,,メイショウボーラー,2001100650,ノースパストラル,2010102087,キングヘイロー,1995104427,上山泰憲,高昭牧場,91.7,2001.0,2010.0,1995.0
2016101727,リンノプレミアム,牝,錦見勇夫,,トゥザグローリー,2007103265,プレミアムショール,1994108759,ノーザンテースト,000a000258,錦見日出雄,小倉牧場,91.7,2007.0,1994.0,1971.0
2016102015,オウケンスターマン,牡,福島秀夫,,ルーラーシップ,2007103143,メロウメロディ,2008105461,キャプテンスティーヴ,000a000d9d,加藤富保,辻牧場,91.5,2007.0,2008.0,1997.0
2016101182,クリノドドンパ,牝,石橋満,,エスポワールシチー,2005102837,シャドウスプリング,1997107279,デインヒル,000a0000d1,栗本八江,坂本牧場,91.5,2005.0,1997.0,1986.0
2016100989,シゲルトラメイシ,牝,九日俊光,,ジャングルポケット,1998101786,シルキーウィズ,2002105367,エンドスウィープ,000a00010f,森中蕃,ラッキー牧場,91.5,1998.0,2002.0,1991.0
2016106604,キシャポッポ,牡,尾島徹,,ルースリンド,2001106791,キマグレ,2002100290,サクラバクシンオー,1989108341,小田切光,田中裕之,91.4,2001.0,2002.0,1989.0
2016103883,サツキキャンディ,牝,伊藤強一,,ベルシャザール,2008103004,テンプティングフェイト,000a0116d6,Persian Bold,000a0012f3,小野博郷,川向高橋育成牧場,91.4,2008.0,1998.0,1975.0
2016109039,ジヴァ,牝,石川浩文,,ベルシャザール,2008103004,シルキーブライド,2007103070,Rock Hard Ten,000a010612,原大栄,今川満良,91.2,2008.0,2007.0,2001.0
2016105458,トレンディダーム,牝,中川竜馬,,ダイワメジャー,2001103114,エリモジェンヌ,2000100027,ブライアンズタイム,000a000082,豊島愛子,岡田スタッド,91.2,2001.0,2000.0,1985.0
2016103204,イエローナイフ,牡,新田守,,サダムパテック,2008102652,ノーブルウーマン,000a0116f7,A.P. Indy,000a001d37,植田信行,シンボリ牧場,91.2,2008.0,2003.0,1989.0
2016106125,ワイエススプリング,牝,井上孝彦,,フィガロ,1995108837,ワイエスハクサン,2007100711,パラダイスクリーク,1989109110,山下定良,野表篤夫,91.1,1995.0,2007.0,1989.0
2016100345,シバハマ,牡,笹野博司,,エイシンフラッシュ,2007102951,ファインショット,2003107075,スピードワールド,1994109494,谷謙介,スピードファーム,91.1,2007.0,2003.0,1994.0
2016101421,ヘルメットネエサン,牝,田中伸一,,ブラックタイド,2001103312,ドゥザボサノバ,000a011dd5,Galileo,000a00232b,内田玄祥,三石川上牧場,90.9,2001.0,2008.0,1998.0
2016100501,ミユキディオニソス,牡,小手川準,,ベーカバド,000a011dc0,トウカイメガミ,2003100591,サンデーサイレンス,000a00033a,長井純一,長浜牧場,90.8,2007.0,2003.0,1986.0
2016103928,ハッピーガルフ,牝,後藤正義,,トーセンホマレボシ,2009106092,ロクマリア,2010100467,タニノギムレット,1999100226,国江仙嗣,中川隆,90.6,2009.0,2010.0,1999.0
2016103812,トーセンキール,牡,藤ヶ崎一,,トーセンジョーダン,2006103169,ガールズトーク,2008102745,ステイゴールド,1994108729,伊藤彰敏,エスティファーム,90.5,2006.0,2008.0,1994.0
2016102071,スノーベリー,牝,恵多谷豊,,クロフネ,1998110135,キングスベリー,2004102172,キングヘイロー,1995104427,日進牧場,日進牧場,90.4,1998.0,2004.0,1995.0
2016101953,トモジャック,牡,土井道隆,,マンハッタンカフェ,1998101554,レオティアラ,2004102066,マリエンバード,000a00fa36,吉冨学,谷口牧場,90.2,1998.0,2004.0,1997.0
2016100172,コルツァ,牝,小牧毅,,トビーズコーナー,000a011fed,アヤナルベルス,2007101427,サクラバクシンオー,1989108341,鳴戸雄一,川上悦夫,90.2,2008.0,2007.0,1989.0
2016106459,ユメカスミ,牝,真島元徳,,エイシンフラッシュ,2007102951,カネツスペシャル,2011100163,スペシャルウィーク,1995103211,小野瀬悦子,カネツ牧場,90.1,2007.0,2011.0,1995.0
2016106366,ルフランエトワール,牝,今野貞一,,オルフェーヴル,2008102636,スターズインハーアイズ,000a00fe59,Woodman,000a001beb,ヒダカ・ブリーダーズ・ユニオン,矢野牧場,90.0,2008.0,1999.0,1983.0
2016106147,アシャカホンマル,牡,小笠倫弘,,グランプリボス,2008103388,ウスイ,2003105285,オース,000a000d94,吉冨学,畠山牧場,90.0,2008.0,2003.0,1996.0
2016103326,チェリッシュユー,牝,古賀慎明,,ヴィクトワールピサ,2007102923,チェリーミルズ,2010100689,Invincible Spirit,000a01056d,ゴドルフィン,ダーレー・ジャパン・ファーム,90.0,2007.0,2010.0,1997.0
2016100666,アズールスカイ,牝,栗田徹,,ケープブランコ,000a011b06,フィーユ,2005105396,ダンスインザダーク,1993109188,ノースヒルズ,平山牧場,90.0,2007.0,2005.0,1993.0
2016109035,ハクユウウェンディ,牝,東眞市,,リーチザクラウン,2006102923,エンジカラー,2011101369,ファスリエフ,000a00fc4c,（株）Ｈ．Ｉコーポレ,伊藤牧場,89.9,2006.0,2011.0,1997.0
2016102746,ノンノン,牝,広森久雄,,ベルシャザール,2008103004,イニシャルダブル,2010103683,ウォーエンブレム,000a00fa35,小橋亮太,アイズスタッド,89.4,2008.0,2010.0,1999.0
2016109090,フクノマーチ,牝,宗綱泰彦,,ベルシャザール,2008103004,カミノマーチ,2007109295,バゴ,2001190004,金野博幸,ワールドファーム,89.0,2008.0,2007.0,2001.0
2016103840,トーセンシェル,牝,大宮和也,,ディープブリランテ,2009105084,トーセンファースト,2009102207,クロフネ,1998110135,高橋真紀,エスティファーム,89.0,2009.0,2009.0,1998.0
2016101688,エイシンポピュラー,牝,平沢芳三,,Pour Moi,000a0126ff,トバーン,000a012f91,Teofilo,000a01139e,松田敬一,栄進牧場,89.0,2008.0,2010.0,2004.0
2016105824,エコロシンフォニー,牝,安部幸夫,,ワイルドラッシュ,000a0003a1,メルティーキス,2009103646,ブライアンズタイム,000a000082,原村正紀,静内フジカワ牧場,88.9,1994.0,2009.0,1985.0
2016103749,マスカラス,牡,雑賀伸一,,ローズキングダム,2007103404,フラワーヒメ,2010104374,ネオユニヴァース,2000101426,（株）ジーシーエル,門別牧場,88.9,2007.0,2010.0,2000.0
2016102340,フレエル,牝,黒木豊,,ケープブランコ,000a011b06,フレンチトースト,2009101022,フレンチデピュティ,000a00013a,関昭一,笠松牧場,88.7,2007.0,2009.0,1992.0
2016101123,ワンワールドライン,牝,田中譲二,,タイキシャトル,1994109686,アイラインローザー,2005104183,バブルガムフェロー,1993109219,清水剛,川端英幸,88.5,1994.0,2005.0,1993.0
2016101267,シゲルキャッツアイ,牝,九日俊光,,フリオーソ,2004106867,ペイルローズ,2001101094,フジキセキ,1992109618,森中蕃,土田農場,88.3,2004.0,2001.0,1992.0
2016101693,エイシンオアシス,牝,頼本盛行,,Dawn Approach,000a012117,ハートフォーカス,000a012f90,Intense Focus,000a012053,木本成重,栄進牧場,88.2,2010.0,2011.0,2006.0
2016103920,グランディール,牡,今津博之,,ルーラーシップ,2007103143,タイキポーラ,1996106519,トウカイテイオー,1988101025,小橋亮太,スガタ牧場,88.1,2007.0,1996.0,1988.0
2016104366,シナノリヴァー,牝,高月賢一,,タートルボウル,000a012045,シーサイドブリーズ,2001103242,サンデーサイレンス,000a00033a,小林勝,社台コーポレーション白老ファーム,87.9,2002.0,2001.0,1986.0
2016110144,イットウィルレイン,牝,後藤佑耶,,Jeranimo,000a013f37,Pretty Peggy,000a013f5b,Unusual Heat,000a0118fe,川口裕貴,Marie Goda,87.8,2006.0,2011.0,1990.0
2016106246,ルナミノル,牝,新山広道,,パドトロワ,2007102760,プリンセスナナミ,2010103269,タイキシャトル,1994109686,杉浦和也,フジワラファーム,87.5,2007.0,2010.0,1994.0
2016105425,マロンチャン,牝,宇野木博,,サウスヴィグラス,1996110138,アイノビジン,1997101815,グルームダンサー,000a000162,津田浩一,伊藤敏明,87.5,1996.0,1997.0,1984.0
2016104037,ハーモニービート,セ,佐藤茂,,サウスヴィグラス,1996110138,エレクティオン,2009105100,シンボリクリスエス,1999110099,日下部勝徳,大作ステーブル,87.5,1996.0,2009.0,1999.0
2016103843,トーセンマーブル,牝,小久保智,,トーセンモナーク,2005102391,トーセンプリモ,2009103040,ストラヴィンスキー,000a00fa41,島川隆哉,エスティファーム,87.5,2005.0,2009.0,1996.0
2016103541,ラインベガ,牝,水野貴史,,サウスヴィグラス,1996110138,ボムガール,2008106010,アグネスタキオン,1998101516,大澤繁昌,日高大洋牧場,87.5,1996.0,2008.0,1998.0
2016102499,クリノソルアステカ,牡,笹野博司,,プリサイスエンド,000a00fe9b,クォーク,2006100876,ネオユニヴァース,2000101426,栗本八江,大北牧場,87.3,1997.0,2006.0,2000.0
2016106306,ベルガモット,牡,黒田隆男,,キングズベスト,000a0022d2,インカンデセンス,2010100653,ファンタスティックライト,1996190005,小橋亮太,前谷武志,86.9,1997.0,2010.0,1996.0
2016101219,サリー,牝,桧森邦夫,,エスポワールシチー,2005102837,トゥファーアウェイ,2011105750,チチカステナンゴ,000a011135,木下孝丸,白井吉美,86.9,2005.0,2011.0,1998.0
2016109057,ウインベッスル,牡,佐藤浩一,,カネヒキリ,2002100978,ブラックシップ,2006104432,クロフネ,1998110135,横山育生,久保ファーム,86.7,2002.0,2006.0,1998.0
2016101126,テイエムラブラリー,牝,平山宏秀,,サウスヴィグラス,1996110138,ビクトリーチャンス,2009101498,ステイゴールド,1994108729,竹園正繼,木田晶範,86.7,1996.0,2009.0,1994.0
2016102696,マビヨン,牡,山田徹,,オルフェーヴル,2008102636,ロリーフォードリー,000a012002,Oratorio,000a010d4e,（株）本城,吉田ファーム,86.4,2008.0,2007.0,2002.0
2016102953,マリノシンガ,牝,東眞市,,エイシンフラッシュ,2007102951,マジッククレスト,2009106488,ウォーエンブレム,000a00fa35,サンエツ企画（有）,クラウン日高牧場,86.1,2007.0,2009.0,1999.0
2016105463,ゴーアヘッド,牝,土井道隆,,アイルハヴアナザー,000a011ed3,オフショア,2009105839,アルカセット,2000190010,酒井孝敏,岡田スタッド,86.0,2009.0,2009.0,2000.0
2016100449,カミイチラン,牝,川島洋人,,バトルプラン,000a0118e8,ヒシアリアケ,2005109305,シンボリクリスエス,1999110099,藤樫勇気,飛渡牧場,86.0,2005.0,2005.0,1999.0
2016101910,ビーフォルトゥナ,牝,角田輝也,,メイショウサムソン,2003102205,ロマンスオーラ,2003103620,フジキセキ,1992109618,馬場祥晃,田中スタッド,85.9,2003.0,2003.0,1992.0
2016102445,インシデント,牡,加藤誠一,,カネヒキリ,2002100978,ルスナイオブカラー,2002103856,ブライアンズタイム,000a000082,吉岡泰治,高昭牧場,85.8,2002.0,2002.0,1985.0
2016105838,キャッスルティアラ,牝,金田一昌,,トビーズコーナー,000a011fed,キャッスルローズ,2007100400,スターリングローズ,1997106560,城市公,城市公,85.6,2008.0,2007.0,1997.0
2016102908,ナンタケットミスト,牝,中川竜馬,,ベルシャザール,2008103004,スウィープデビル,2003103446,エンドスウィープ,000a00010f,門脇竜一,北田剛,85.6,2008.0,2003.0,1991.0
2016101761,ローレルリース,牝,中川雅之,,ゴールドアリュール,1999106689,ユウサンポリッシュ,1997100488,エルセニョール,000a000d70,（株）レックス,ガーベラパークスタッド,85.5,1999.0,1997.0,1984.0
2016106039,トーヨーダッシュ,牡,佐藤浩一,,ケープブランコ,000a011b06,ララサンタフェーズ,2011102231,スペシャルウィーク,1995103211,横山育生,千代田牧場,85.2,2007.0,2011.0,1995.0
2016100029,デルマソルボンヌ,牝,小村正也,,ノヴェリスト,000a012230,エーピーサルート,1998100037,エーピーダンサー,1990109208,久世俊勝,秋田牧場,85.2,2009.0,1998.0,1990.0
2016105909,イクスパイアーズ,牝,水野貴史,,タニノギムレット,1999100226,ミスチフ,2004100201,クロフネ,1998110135,谷口祐人,棚川光男,85.0,1999.0,2004.0,1998.0
2016105901,ミスアラカン,牝,伊藤滋規,,Arakan,000a012e5d,フレイミングクリフス,000a012f8b,Kingmambo,000a001d7e,杉浦和也,田中裕之,85.0,2000.0,2002.0,1990.0
2016103707,ヨシノガッツ,牡,斉藤正弘,,グランプリボス,2008103388,グランプリシリウス,2003102634,アグネスタキオン,1998101516,馬場三四郎,目黒牧場,85.0,2008.0,2003.0,1998.0
2016101854,フィットオーヒ,牝,井上孝彦,,シンボリクリスエス,1999110099,ビーフィットウォー,2010104464,ウォーエンブレム,000a00fa35,鈴木和彦,佐々木恵一,85.0,1999.0,2010.0,1999.0
2016104031,ワンダーバウンサー,牡,九日俊光,,キンシャサノキセキ,2003110212,ワンダーバーサトル,1998103664,ダンシングブレーヴ,000a0000cc,山本能成,フクダファーム,84.9,2003.0,1998.0,1983.0
2016101071,レディサーメット,牝,佐久間雅,,プリサイスエンド,000a00fe9b,ベリーキュート,2007101718,ザッツザプレンティ,2000101398,藤井謙,沖田忠幸,84.8,1997.0,2007.0,2000.0
2016106042,バトルオブナイル,牡,高月賢一,,シンボリクリスエス,1999110099,ルヴィロンザ,2010110065,ハットトリック,2001103018,窪田康志,千代田牧場,84.7,1999.0,2010.0,2001.0
2016110136,コスモムーンボウ,牡,村上実,,Smart Missile,000a013ee8,Compton Rainbow,000a013ef4,Exceed And Excel,000a010a61,岩渕瑞生,Desharon Bloodstock Stableboard Bloodstock,84.5,2008.0,2009.0,2000.0
2016103076,クイーンズピース,牝,笹野博司,,ハービンジャー,000a011996,スペシャルピース,2008105562,スペシャルウィーク,1995103211,木村良明,下河辺牧場,84.4,2006.0,2008.0,1995.0
2016101127,エスジーナッチャン,牡,笹野博司,,コンデュイット,2005190006,ロバーブ,000a0116d2,Dubai Destination,000a010a60,後藤貞夫,木田牧場,84.4,2005.0,2005.0,1999.0
2016103680,ヴァルス,牡,及川良春,,グランプリボス,2008103388,ワイルドポポ,2008106169,ワイルドラッシュ,000a0003a1,前田敏文,槇本牧場,84.2,2008.0,2008.0,1994.0
2016100042,テロメア,牝,高馬元紘,,パイロ,000a01176a,タカヒロガートップ,2010105291,アドマイヤマックス,1999107004,高岡浩行,アサヒ牧場,84.1,2005.0,2010.0,1999.0
2016103312,オイスターシーカー,牡,川野勇馬,,マンハッタンカフェ,1998101554,シェルシーカー,000a01141c,Machiavellian,000a001c1d,花本啓典,ダーレー・ジャパン・ファーム,83.6,1998.0,2004.0,1987.0
2016103120,スノーホワイト,牝,高野毅,,ディープブリランテ,2009105084,ユキノマイ,2004105606,ロックオブジブラルタル,000a00fd4c,樋口稔,下河辺牧場,83.5,2009.0,2004.0,1999.0
2016100018,フォーエロ,牡,山田義人,,ヒルノダムール,2007100727,ストロングヒロイン,2006104600,リンドシェーバー,1988107894,原久美子,赤石久夫,83.3,2007.0,2006.0,1988.0
2016101236,ゴールデンラン,牝,宗綱泰彦,,エイシンフラッシュ,2007102951,パープルベンテン,2001101070,ジェイドロバリー,000a0001a7,小島將之,竹内良一,83.2,2007.0,2001.0,1987.0
2016100978,ヴィジョニア,牝,平山宏秀,,スクリーンヒーロー,2004103328,イノセントガール,2003104750,タイキシャトル,1994109686,小橋亮太,芳住鉄兵,82.9,2004.0,2003.0,1994.0
2016104901,シゲルエメラルド,牡,伊藤圭三,,シンボリクリスエス,1999110099,アグネスメープル,2008102756,アグネスタキオン,1998101516,森中蕃,社台ファーム,82.8,1999.0,2008.0,1998.0
2016106171,コリンズクレスト,牡,大島静夫,,ヴィクトワールピサ,2007102923,ディアレストトリックスキ,000a012953,Proudest Romeo,000a0127e5,太田雅貴,服部牧場,82.7,2007.0,2004.0,1990.0
2016101931,タケマルプリンセス,牝,長倉功,,タイキシャトル,1994109686,ノースプリンセス,2003102037,アジュディケーティング,000a000d5d,竹内勝之,谷川牧場,81.8,1994.0,2003.0,1987.0
2016100811,フガク,牡,伊藤勝己,,ローズキングダム,2007103404,ライトアップ,2001109302,フォーティナイナー,000a000134,（同）ＪＰＮ技研,松浦牧場,81.6,2007.0,2001.0,1985.0
2016105552,テーオートレジャー,牡,橋本忠明,,オルフェーヴル,2008102636,コーディーライン,000a01063a,Miswaki,000a0017b0,小笹公也,岡田牧場,81.5,2008.0,2001.0,1978.0
2016100974,シントーオイチ,牝,上杉昌宏,,サムライハート,2002100996,ゲイルプリムラ,2002103317,フレンチデピュティ,000a00013a,中野辰三,ヤマタケ牧場,81.5,2002.0,2002.0,1992.0
2016103565,テイエムカバリー,牝,平山宏秀,,ヤマニンセラフィム,1999104188,マイディスカバリー,2005100643,フォーティナイナー,000a000134,竹園正繼,日高テイエム牧場,81.3,1999.0,2005.0,1985.0
2016106249,ネローネ,牡,佐藤祐司,,エイシンフラッシュ,2007102951,ペルセクション,2010110084,インヴァソール,000a0114ba,インターフェース（同,フジワラファーム,81.1,2007.0,2010.0,2002.0
2016103550,テイエムメデタシ,牝,竹之下昭,,テイエムオペラオー,1996100292,テイエムオペレッタ,2004106018,アドマイヤベガ,1996107396,竹園正繼,日高テイエム牧場,81.1,1996.0,2004.0,1996.0
2016104959,クルージーン,牡,奥村武,,ロードカナロア,2008103552,エリンコート,2008102805,デュランダル,1999106756,坂本浩一,社台ファーム,81.0,2008.0,2008.0,1999.0
2016101834,ダイリンツヨシ,牡,佐々木功,,グラスワンダー,1995108676,レオアンナ,2001100333,タヤスツヨシ,1992109612,廣松一義,江谷牧場,81.0,1995.0,2001.0,1992.0
2016105646,スパローリズム,牝,川添明弘,,スウェプトオーヴァーボード,000a00fa34,カチョウフウゲツ,2002104473,ラムタラ,000a0001d4,吉田勝利,キヨタケ牧場,80.9,1997.0,2002.0,1992.0
2016109119,ウィペット,牡,手島勝利,,ダノンゴーゴー,2005110196,ライトクウィーン,2008109182,アグネスプラネット,1999106842,村山光弘,ストームファームコーポレーション,80.5,2005.0,2008.0,1999.0
2016105799,ベラミクィーン,牝,岩本洋,,アンライバルド,2006103308,ベラミロード,1996104906,アレミロード,1983109000,野路一治,静内酒井牧場,80.4,2006.0,1996.0,1983.0
2016101218,ビバーチェランラン,牝,佐藤茂,,ダノンバラード,2008103548,コーブライミー,2002101190,ブライアンズタイム,000a000082,堀江貞幸,白井吉美,80.3,2008.0,2002.0,1985.0
2016105616,フレンチセシル,牝,桜田康二,,レッドスパーダ,2006105511,クレーターズロード,2008100199,フサイチコンコルド,1993109220,森本敏正,カタオカファーム,80.2,2006.0,2008.0,1993.0
2016105409,マイネルロングラン,牡,櫻井拓章,,パドトロワ,2007102760,レヴェトン,2005110035,Malibu Moon,000a010c8e,谷口祐人,荒谷輝和,80.2,2007.0,2005.0,1997.0
2016105860,トーセンフラワー,牝,宇都英樹,,マンハッタンカフェ,1998101554,ジュメイラジョアン,000a0118a5,Swain,000a0021ca,松永直記,タイヘイ牧場,80.1,1998.0,2005.0,1992.0
2016105764,キラステラ,牝,盛本信春,,ハービンジャー,000a011996,サイレントソニック,2008100343,ディープインパクト,2002100816,櫻井秋雄,桜井牧場,80.1,2006.0,2008.0,2002.0
2016102248,シゲルダイヤ,牡,九日俊光,,ジャスタウェイ,2009106461,スプレンダー,2011100589,ファンタスティックライト,1996190005,森中蕃,山田昇史,80.1,2009.0,2011.0,1996.0
2016100411,ヴェリートレビアン,牡,栗本陽一,,ゼンノロブロイ,2000101517,ナイストレビアン,1997104962,ノーザンテースト,000a000258,花井栄治,大栄牧場,80.1,2000.0,1997.0,1971.0
2016106555,サンエイクリスタル,牡,三坂盛雄,,アッミラーレ,1997100569,クリスタルクール,2008101160,キングカメハメハ,2001103460,鈴木雅俊,ダイヤモンドファーム,80.0,1997.0,2008.0,2001.0
2016102793,マダムハート,牝,佐々木由,,アドマイヤムーン,2003102991,マダムルコント,2005102819,メジロライアン,1987105368,谷謙介,新井昭二,80.0,2003.0,2005.0,1987.0
2016106612,シリアルナンバー,牡,加藤和宏,,オネストジョン,2004106158,ファディクト,2005106806,ゴールドアリュール,1999106689,（株）ファーストビジ,藤本直弘,79.9,2004.0,2005.0,1999.0
2016101349,ローガンテソーロ,牡,及川良春,,ベルシャザール,2008103004,ワキノドライバー,2004102870,スウェプトオーヴァーボード,000a00fa34,岩渕瑞生,広田牧場,79.9,2008.0,2004.0,1997.0
2016106117,アイファーファーレ,牝,小村正也,,メイショウサムソン,2003102205,アイファーラブラブ,2002104666,タックスパラダイス,1995106667,青山郁代,野表篤夫,79.5,2003.0,2002.0,1995.0
2016101188,レイファルコン,牝,川添明弘,,スマートファルコン,2005100097,フローリストライフ,2007102812,ネオユニヴァース,2000101426,清水龍,佐藤陽一,79.4,2005.0,2007.0,2000.0
2016106418,ドナブレス,牝,安部幸夫,,オルフェーヴル,2008102636,フェアリーブレス,2002107240,フレンチデピュティ,000a00013a,乙訓史樹,チャンピオンズファーム,79.2,2008.0,2002.0,1992.0
2016102217,スズカキッド,牡,柄崎孝,,アポロキングダム,2003110139,トップルビー,2008101804,チーフベアハート,1993190010,永井啓弍,宮内牧場,79.0,2003.0,2008.0,1993.0
2016103871,マルヒロアザミ,牝,玉井勝,,バゴ,2001190004,エアジュプロンサ,2008103325,ハーツクライ,2001103038,廣川正之,稲原牧場,78.5,2001.0,2008.0,2001.0
2016101869,ミコムーンライト,牝,井樋明正,,ケイムホーム,000a0108d1,ムーンライトソング,2006102020,ステイゴールド,1994108729,帶刀真也,松栄牧場,78.5,1999.0,2006.0,1994.0
2016101079,クールリチャード,牡,酒井一則,,ダンカーク,000a012185,クールシナリオ,2007105754,フォーティナイナー,000a000134,小嶋安夫,沖田博志,78.5,2006.0,2007.0,1985.0
2016106239,マッテオ,牡,川添明弘,,ケープブランコ,000a011b06,ダンスオブサロメ,2002107305,ビワタケヒデ,1995104953,木村良明,フジワラファーム,78.4,2007.0,2002.0,1995.0
2016102530,クロスザオーシャン,牡,佐々木由,,ノボジャック,1997110152,ルナクィーン,2005102465,フジキセキ,1992109618,欠畑圭一,高松牧場,78.4,1997.0,2005.0,1992.0
2016103605,マチホグメソッド,牡,倉地学,,ブラックタイド,2001103312,グッドファイト,2006105118,チーフベアハート,1993190010,稲垣誠,藤本ファーム,78.2,2001.0,2006.0,1993.0
2016105903,ブラックチャーム,牝,田中伸一,,ロージズインメイ,000a010a10,プルメリアチャーム,2007102788,キングカメハメハ,2001103460,黒澤尚,田中裕之,78.1,2000.0,2007.0,2001.0
2016102810,ナムラナマステ,牝,橘友和,,トーセンホマレボシ,2009106092,ナムラグルーヴ,2011105527,ディープスカイ,2005101358,谷口祐人,いとう牧場,78.1,2009.0,2011.0,2005.0
2016102805,バトルフリーダム,牡,柳井宏之,,エイシンフラッシュ,2007102951,エキゾチック,2010100208,フジキセキ,1992109618,瀬戸年美,いとう牧場,78.1,2007.0,2010.0,1992.0
2016102829,パドゥバスク,牝,小西重征,,パドトロワ,2007102760,アドマイヤセレッソ,2001100516,サクラローレル,1991103498,小林弘明,大江牧場,77.9,2007.0,2001.0,1991.0
2016105962,テンノクイン,牝,井樋一也,,ローレルゲレイロ,2004100933,フューチャータイム,2009103805,ブライアンズタイム,000a000082,宮崎豊治,大典牧場,77.7,2004.0,2009.0,1985.0
2016101758,アースクインビー,牝,岡島玉一,,ハービンジャー,000a011996,シルククインビー,2007101413,キングカメハメハ,2001103460,松山増男,ガーベラパークスタッド,77.7,2006.0,2007.0,2001.0
2016109130,コウユーユメミルワ,牝,平山宏秀,,パドトロワ,2007102760,アズサトップレディ,2005104760,コロナドズクエスト,000a0000b5,加治屋貞光,田上勝雄,77.5,2007.0,2005.0,1995.0
2016106058,シャイリースマイル,牝,黒木豊,,ノヴェリスト,000a012230,シャイナムスメ,2004104779,ブライアンズタイム,000a000082,中田了也,飛野牧場,77.5,2009.0,2004.0,1985.0
2016105404,アラニ,牝,九日俊光,,オリオンザサンクス,1996103237,マジュスキュール,2005101316,サウスヴィグラス,1996110138,野口幸八,荒木貴宏,77.5,1996.0,2005.0,1996.0
2016100743,マイネルホライゾン,牡,中川竜馬,,アイルハヴアナザー,000a011ed3,マイネジュリエッタ,2010105480,アドマイヤマックス,1999107004,豊島愛子,ビッグレッドファーム,77.5,2009.0,2010.0,1999.0
2016103618,エドノカゼ,牡,坂口義幸,,ストロングリターン,2006102934,トノノオナリー,2004106195,スペシャルウィーク,1995103211,（同）ＪＰＮ技研,碧雲牧場,77.4,2006.0,2004.0,1995.0
2016103644,アポロラビ,牝,矢野英一,,アポロキングダム,2003110139,パッションメイト,2006105733,アグネスタキオン,1998101516,アポロサラブレッドクラブ,細川牧場,76.8,2003.0,2006.0,1998.0
2016101291,エリーベル,牝,山田徹,,ベルシャザール,2008103004,ミヤビリリー,2008103676,タニノギムレット,1999100226,原久美子,中田英樹,76.5,2008.0,2008.0,1999.0
2016103516,サンライマ,牝,佐藤雅彦,,アポロキングダム,2003110139,マイイブキ,2009102819,グランデラ,000a00fe3b,佐藤弘樹,原田牧場,76.1,2003.0,2009.0,1998.0
2016102941,マリノオードリー,牝,古賀史生,,タイキシャトル,1994109686,クラウンセシリア,2010105887,ブラックタイド,2001103312,和田志保,クラウン日高牧場,76.0,1994.0,2010.0,2001.0
2016103503,ジェイケイディーバ,牝,小村正也,,ハービンジャー,000a011996,ユキノスイトピー,2000106527,ラストタイクーン,000a0001d6,青山郁代,浜本牧場,75.9,2006.0,2000.0,1983.0
2016103195,ドアトゥブリス,牝,吉田直弘,,グランプリボス,2008103388,スイートスズラン,2009109147,シンボリクリスエス,1999110099,サラブレッドクラブ・ラフィアン,シンボリ牧場,75.8,2008.0,2009.0,1999.0
2016104012,ダイセツザン,牡,真島元徳,,スペシャルウィーク,1995103211,ミレナリオ,2002105481,ラジヤマハール,1987106044,小野瀬悦子,小野瀬竜馬,75.7,1995.0,2002.0,1987.0
2016100788,クロスビーム,牝,佐々木由,,キングヘイロー,1995104427,ラヴビーム,2010104991,マンハッタンカフェ,1998101554,佐々木崇,細川農場,75.7,1995.0,2010.0,1998.0
2016102404,メイショウマンリキ,牡,後藤正義,,アドマイヤムーン,2003102991,カクテルローズ,2007106496,タニノギムレット,1999100226,杉岡弘和,高昭牧場,75.4,2003.0,2007.0,1999.0
2016103869,ラフィネゴールド,牡,佐々木由,,ベルシャザール,2008103004,レディアマポーラ,2002101141,パントレセレブル,000a000271,大黒富美子,赤石牧場,75.1,2008.0,2002.0,1994.0
2016110143,ソーシック,牝,小島茂之,,Idiot Proof,000a013f33,Marissa's Joy,000a013f55,Cee's Tizzy,000a00fa4c,田記正規,Harold Tillema & Pamela Tillema,75.0,2004.0,2005.0,1987.0
2016105428,ラブミーサアヤ,牝,上原博之,,スウィフトカレント,2001103189,スパイオブラヴ,2005102254,フレンチデピュティ,000a00013a,小林祥晃,伊藤敏明,75.0,2001.0,2005.0,1992.0
2016105219,マックスアドバンス,牡,勢司和浩,,ノヴェリスト,000a012230,ホーカーハリケーン,2006103135,ネオユニヴァース,2000101426,柳内正基,社台ファーム,75.0,2009.0,2006.0,2000.0
2016105209,ヘヴンリータイム,セ,和田正一,,ローエングリン,1999106738,ヘヴンリーヴォイス,2007102915,アグネスタキオン,1998101516,伊藤正徳,社台ファーム,75.0,1999.0,2007.0,1998.0
2016105195,タキシードジャンク,牡,安田翔伍,,スウェプトオーヴァーボード,000a00fa34,ブラックアテナ,2008102831,シンボリクリスエス,1999110099,原禮子,社台ファーム,75.0,1997.0,2008.0,1999.0
2016105063,クリンカービルト,牡,手塚貴久,,ルーラーシップ,2007103143,ジョリーノエル,2002100539,スペシャルウィーク,1995103211,社台レースホース,社台ファーム,75.0,2007.0,2002.0,1995.0
2016104664,ステリーナ,牝,大和田成,,トーセンホマレボシ,2009106092,リングレット,1997103651,トニービン,1983109006,シルクレーシング,ノーザンファーム,75.0,2009.0,1997.0,1983.0
2016104548,スペシャルワン,牡,高橋亮,,オルフェーヴル,2008102636,ディアチャンス,2001107389,タイキシャトル,1994109686,寺田千代乃,ノーザンファーム,75.0,2008.0,2001.0,1994.0
2016104309,ランヴォール,牡,斎藤誠,,オルフェーヴル,2008102636,フィバリッシュ,2000101504,トニービン,1983109006,ＤＭＭドリームクラブ,社台コーポレーション白老ファーム,75.0,2008.0,2000.0,1983.0
2016104304,リリーエンデヴァー,牡,内村寛司,,ノヴェリスト,000a012230,ハイリリー,2009106597,アグネスタキオン,1998101516,錦見日出雄,追分ファーム,75.0,2009.0,2009.0,1998.0
2016104036,アーバンキャット,牡,佐藤吉勝,,ウインクリューガー,2000107407,アーバンテースト,2006105662,サウスヴィグラス,1996110138,スピードファーム,スピードファーム,75.0,2000.0,2006.0,1996.0
2016103853,トーセンアーチ,牝,武市康男,,ジャングルポケット,1998101786,ファストカラー,2008103284,フジキセキ,1992109618,島川隆哉,エスティファーム,75.0,1998.0,2008.0,1992.0
2016103358,サドラーチョウサン,牝,松永康利,,オルフェーヴル,2008102636,レリッシュザソート,000a0116f8,Sadler's Wells,000a00185d,チョウサン,ダーレー・ジャパン・ファーム,75.0,2008.0,1998.0,1981.0
2016103319,クレイヴ,牡,牧浦充徳,,ジャスタウェイ,2009106461,スノーキトゥン,000a0114b0,Storm Cat,000a001a98,水上行雄,ダーレー・ジャパン・ファーム,75.0,2009.0,2001.0,1983.0
2016103206,トモジャマサムネ,牡,森沢友貴,,ケープブランコ,000a011b06,ハイライトリール,2008102933,アグネスタキオン,1998101516,吉冨学,シンボリ牧場,75.0,2007.0,2008.0,1998.0
2016102426,ラフィティ,牝,飯田祐史,,ヘニーヒューズ,000a011155,ナンヨークイーン,2006103405,トワイニング,000a000006,中辻明,高昭牧場,75.0,2003.0,2006.0,1991.0
2016101575,サウンドシュリット,牝,高橋康之,,ヨハネスブルグ,000a0103b9,サクラダモン,2004103979,ボストンハーバー,000a00007c,増田雄一,高村伸一,75.0,1999.0,2004.0,1994.0
2016101393,ニシノリリアンヌ,牝,牧光二,,ジャスタウェイ,2009106461,ティアランドール,2007110025,Action This Day,000a010ab3,西山茂行,前田ファーム,75.0,2009.0,2007.0,2001.0
2016101168,ナチュラルスタイル,牝,岡林光浩,,ディープインパクト,2002100816,レディハピネス,2007103589,モンジュー,1996190001,中村祐子,ケイアイファーム,75.0,2002.0,2007.0,1996.0
2016101102,ブルーザリオン,牡,戸田博文,,ハービンジャー,000a011996,ウェディングフジコ,2004106374,フジキセキ,1992109618,小林哲之,片山牧場,75.0,2006.0,2004.0,1992.0
2016100687,アマレーン,牝,和田正一,,アドマイヤムーン,2003102991,グワダラハラ,000a011a1d,Acatenango,000a001f0b,サラブレッドクラブ・ラフィアン,ビッグレッドファーム,75.0,2003.0,2001.0,1982.0
2016100659,ジャスパーマリン,牝,角田輝也,,スズカフェニックス,2002107011,テンザンローズ,2002106531,フレンチデピュティ,000a00013a,加藤和夫,ヒカル牧場,75.0,2002.0,2002.0,1992.0
2016100622,アンフィニマン,牡,鮫島一歩,,クロフネ,1998110135,ラベ,2005105379,ダンスインザダーク,1993109188,ノースヒルズ,ノースヒルズ,75.0,1998.0,2005.0,1993.0
2016100523,タガノグラシアス,牝,鮫島一歩,,キングズベスト,000a0022d2,タガノグラマラス,2004100609,スペシャルウィーク,1995103211,八木良司,新冠タガノファーム,75.0,1997.0,2004.0,1995.0
2016100257,ウインドルチェ,牝,田中伸一,,アイルハヴアナザー,000a011ed3,ポンテディリアルト,2005102708,アグネスタキオン,1998101516,木村益生,コスモヴューファーム,75.0,2009.0,2005.0,1998.0
2016100137,アイドルズアイ,牝,松永康利,,ネオユニヴァース,2000101426,パパラチア,2003106788,グラスワンダー,1995108676,榊原源一郎,オリエント牧場,75.0,2000.0,2003.0,1995.0
2016100027,トーセンジェロニモ,牡,菊沢隆徳,,トーセンジョーダン,2006103169,アドマイヤラック,2009100573,アドマイヤムーン,2003102991,島川隆哉,秋田牧場,75.0,2006.0,2009.0,2003.0
2016105949,リュウノイブキ,牡,三小田幸,,パイロ,000a01176a,スガノグラスワン,2002103594,グラスワンダー,1995108676,北原大史,田原橋本牧場,74.9,2005.0,2002.0,1995.0
2016103429,スーパーヒル,牡,谷口常信,,ブラックタキシード,1996107315,ディアダンサー,2005103396,ディアブロ,000a0000e9,富岡豊,西野春樹,74.6,1996.0,2005.0,1987.0
2016102254,プラチナキング,牡,川嶋弘吉,,ジャングルポケット,1998101786,ポーズ,2009100833,ゼンノロブロイ,2000101517,阿部東亜子,山田昇史,74.4,1998.0,2009.0,2000.0
2016100722,プレミアムシート,牝,渡辺博文,,ネオユニヴァース,2000101426,ホッテストチケット,2004104864,ゼンノエルシド,1997110179,三岡有香,ビッグレッドファーム,74.4,2000.0,2004.0,1997.0
2016106213,ウフフ,牡,雑賀正光,,グランプリボス,2008103388,ヴェルナッツァ,000a011812,Unbridled's Song,000a002071,内田玄祥,藤沢牧場,74.3,2008.0,2007.0,1993.0
2016105157,レッドムルガン,牡,阿井正雄,,ハービンジャー,000a011996,ビジュアルショック,2007110052,Kingmambo,000a001d7e,（株）ＩＴＦ,社台ファーム,74.0,2006.0,2007.0,1990.0
2016105667,ミスターバトルマン,牡,大島静夫,,ベルシャザール,2008103004,グレートビーム,2008100265,ネオユニヴァース,2000101426,（同）ＪＰＮ技研,グランド牧場,73.6,2008.0,2008.0,2000.0
2016106385,ゴールドエレガント,牝,平山真希,,タイキシャトル,1994109686,サクラヴィッキー,2004104487,ダンスインザダーク,1993109188,厚澤保明,山田牧場,73.5,1994.0,2004.0,1993.0
2016104046,アラビアンシルバー,牡,田口輝彦,,キングズベスト,000a0022d2,ガッビア,2006103185,モンジュー,1996190001,吉田勝利,八島夕起子,73.5,1997.0,2006.0,1996.0
2016106592,ガッサンベリー,牡,酒井仁,,ショウナンカンプ,1998102595,ハートフルソルティ,2010100054,オレハマッテルゼ,2000101550,吉田釀治,グラストレーニングセンター,73.2,1998.0,2010.0,2000.0
2016102517,マルカンアカツキ,牡,三宅直之,,レッドスパーダ,2006105511,フリスカ,2007100728,ステイゴールド,1994108729,（株）ファーストビジ,高岸順一,73.2,2006.0,2007.0,1994.0
2016100451,ユーセイハンター,牡,藤田正治,,パドトロワ,2007102760,ヒシラスティ,2008104356,フサイチコンコルド,1993109220,浅井隆夫,飛渡牧場,73.0,2007.0,2008.0,1993.0
2016105683,イキヨウヨウ,牝,村田順一,,ロジユニヴァース,2006103140,スプリームスー,2003110207,スピニングワールド,000a000325,原久美子,グランド牧場,72.9,2006.0,2003.0,1993.0
2016104133,オールテラッセ,牝,小野望,,ホールウォーカー,2003105250,ニシエイビュレット,2005102940,タヤスツヨシ,1992109612,（有）太盛,ストロベリーフィールドファーム,72.6,2003.0,2005.0,1992.0
2016101861,スペースキュー,牡,久保杉隆,,エンパイアメーカー,000a010542,シルクナデシコ,2006102012,フジキセキ,1992109618,太田好則,笹地牧場,72.5,2000.0,2006.0,1992.0
2016100342,ダンスナンバー,牝,桜田康二,,グランプリボス,2008103388,ハニーカラー,2007104474,スピードワールド,1994109494,スピードファーム,スピードファーム,72.5,2008.0,2007.0,1994.0
2016100431,タイムアクシス,牝,手島勝利,,タイムパラドックス,1998101683,サリール,2006101524,スペシャルウィーク,1995103211,組）ＫＩＺＵＮＡ組合,対馬正,72.2,1998.0,2006.0,1995.0
2016101496,シンゼントントン,牡,角田輝也,,ダンカーク,000a012185,ミスアイーカメ,2008103960,アグネスタキオン,1998101516,原司郎,山際牧場,72.0,2006.0,2008.0,1998.0
2016105427,ニーニャボニータ,牝,野田幸雄,,カネヒキリ,2002100978,スイートライラック,2009109149,シンボリクリスエス,1999110099,伊勢光,伊藤敏明,71.8,2002.0,2009.0,1999.0
2016109068,ライオンロック,牡,柳井宏之,,アッミラーレ,1997100569,ローズロック,2003109295,フォーティナイナー,000a000134,佐藤浩二,諏訪牧場,71.5,1997.0,2003.0,1985.0
2016104555,デルフィス,牡,平山真希,,ワークフォース,000a011a7f,デルフィニウム,2007103175,フジキセキ,1992109618,爲永良弘,ノーザンファーム,71.5,2007.0,2007.0,1992.0
2016106202,ドナリエラ,牝,菅原欣也,,カネヒキリ,2002100978,スターフォーユー,2006101248,アグネスデジタル,1997110025,（同）ＪＰＮ技研,福岡駿弥,71.4,2002.0,2006.0,1997.0
2016104141,ヤエノアカリ,牝,古賀光範,,タイキシャトル,1994109686,カサパサー,2002102331,エルコンドルパサー,1995108742,柳田英子,高橋農場,71.0,1994.0,2002.0,1995.0
2016103984,ノアクリスティン,牝,桜田浩樹,,タートルボウル,000a012045,チェリービスティー,2008103348,サクラバクシンオー,1989108341,佐山公男,びらとり牧場,71.0,2002.0,2008.0,1989.0
2016100732,ダンクフェスト,牝,畠山信一,,シンボリクリスエス,1999110099,マイネエポナ,2009102559,キングカメハメハ,2001103460,天笠哲勇,ビッグレッドファーム,71.0,1999.0,2009.0,2001.0
2016100820,アウトストリップ,牝,中川竜馬,,トーセンホマレボシ,2009106092,ポットアカデミー,1995104964,ロイヤルアカデミーII,000a000d87,酒井孝敏,松木加代,70.7,2009.0,1995.0,1987.0
2016102523,ルモーン,牡,国沢輝幸,,ローエングリン,1999106738,ニケ,2009100620,ダイワメジャー,2001103114,服部康夫,高松牧場,70.5,1999.0,2009.0,2001.0
2016104468,ベルジュルネ,牝,諏訪貴正,,ヴィクトワールピサ,2007102923,グランプリエ,2011104054,Footstepsinthesand,000a0111b5,南條浩輝,ノーザンファーム,70.3,2007.0,2011.0,2002.0
2016106016,マナスルーテソーロ,牡,瀬戸幸一,,Invincible Spirit,000a01056d,ブライスキャニオン,000a012f93,Galileo,000a00232b,人見塁,千代田牧場,70.2,1997.0,2011.0,1998.0
2016105533,ソルカマル,セ,金田一昌,,アイルハヴアナザー,000a011ed3,レットイットスノー,2009105711,ハーツクライ,2001103038,北原大史,岡田スタッド,70.1,2009.0,2009.0,2001.0
2016102458,フライア,牝,酒井仁,,ヴィクトワールピサ,2007102923,モーニングムーン,2010106037,アドマイヤムーン,2003102991,八嶋長久,小島牧場,70.1,2007.0,2010.0,2003.0
2016106506,ビューティーコパ,牝,川西毅,,ゴールドアリュール,1999106689,シルクチャプター,2002106890,アフリート,000a000013,小林祥晃,ヤナガワ牧場,70.0,1999.0,2002.0,1984.0
2016106295,ローズギフト,牝,田中博康,,Siyouni,000a012056,キズナII,000a012e2b,Hurricane Run,000a01189d,和泉憲一,北洋牧場,70.0,2007.0,2010.0,2002.0
2016106146,サニーサインズ,牝,松下武士,,ハービンジャー,000a011996,アルコセニョーラ,2004104875,ステイゴールド,1994108729,ヒダカ・ブリーダーズ・ユニオン,畠山牧場,70.0,2006.0,2004.0,1994.0
2016105501,フォーコーナーズ,牡,斎藤誠,,ヴィクトワールピサ,2007102923,ツーデイズノーチス,2006101393,ヘクタープロテクター,000a000d6b,諸江幸祐,岡田スタッド,70.0,2007.0,2006.0,1988.0
2016105278,ヴァンキッシュアイ,牡,内田勝義,,ワークフォース,000a011a7f,リアリーラヴユー,2008103046,スペシャルウィーク,1995103211,會田浩史,社台ファーム,70.0,2007.0,2008.0,1995.0
2016104726,ムーンシェイプト,牝,尾関知人,,ジャスタウェイ,2009106461,ウーマンシークレット,000a012001,Sadler's Wells,000a00185d,サンデーレーシング,ノーザンファーム,70.0,2009.0,2002.0,1981.0
2016104350,ハルノナゴリ,牝,高橋義忠,,ステイゴールド,1994108729,エレイン,2011103598,キングカメハメハ,2001103460,三田昌宏,社台コーポレーション白老ファーム,70.0,1994.0,2011.0,2001.0
2016103823,トーセンアズライト,牝,加藤征弘,,エイシンフラッシュ,2007102951,トーセンウェルカム,2010103777,フジキセキ,1992109618,島川隆哉,エスティファーム,70.0,2007.0,2010.0,1992.0
2016103629,サノノティアラ,牝,栗田徹,,クロフネ,1998110135,アニマートホウヨウ,2010101033,フサイチコンコルド,1993109220,佐野信幸,豊洋牧場,70.0,1998.0,2010.0,1993.0
2016102374,ヴォルカン,牝,岡田稲男,,ロードカナロア,2008103552,ショウナンアクト,2004103493,フレンチデピュティ,000a00013a,ＫＴレーシング,桑田牧場,70.0,2008.0,2004.0,1992.0
2016101596,ナムラオルガ,牝,谷原義明,,トゥザグローリー,2007103265,ナムラカメーリア,2008106123,ネオユニヴァース,2000101426,奈村睦弘,林時春,70.0,2007.0,2008.0,2000.0
2016101410,トキメキクルー,牡,佐藤吉勝,,シンボリクリスエス,1999110099,タイフウジョオー,1994107726,サンデーサイレンス,000a00033a,片岡正雄,水上習孝,70.0,1999.0,1994.0,1986.0
2016101134,トキノミドリ,セ,土田稔,,ベルシャザール,2008103004,ブライトキャップ,2003105325,フォーティナイナー,000a000134,岡田勇,久米和夫,70.0,2008.0,2003.0,1985.0
2016100590,ファイティングマン,牡,尾関知人,,ゼンノロブロイ,2000101517,アンファミーユ,2011110026,Medaglia d'Oro,000a010a65,ノースヒルズ,ノースヒルズ,70.0,2000.0,2011.0,1999.0
2016104288,フォーサイシア,牝,阿井正雄,,ヴィクトワールピサ,2007102923,ダイナミズム,2007103044,Rahy,000a001c5e,小池保則,社台コーポレーション白老ファーム,69.5,2007.0,2007.0,1985.0
2016102639,カサマツアトリア,牡,尾島徹,,トビーズコーナー,000a011fed,サクセスイザベラ,2005105183,サクラバクシンオー,1989108341,グリーンファーム,伏木田牧場,69.5,2008.0,2005.0,1989.0
2016101077,バージンヴェイダー,牝,千葉博次,,バトルプラン,000a0118e8,コスモビアンコ,2008110083,Fusaichi Pegasus,000a0022cf,村上豊蔵,沖田哲夫,69.4,2005.0,2008.0,1997.0
2016102606,リバイブインディー,牝,菅原勲,,トビーズコーナー,000a011fed,アドマイヤインディ,2006103290,フジキセキ,1992109618,松本桂昌,ヒダカファーム,69.3,2008.0,2006.0,1992.0
2016109038,ズオズオエンジェル,牝,川添明弘,,サムライハート,2002100996,エターナルサーガ,2003105282,ブライアンズタイム,000a000082,インターフェース（同,今川満良,68.8,2002.0,2003.0,1985.0
2016104341,テキーラ,牡,勢司和浩,,ノヴェリスト,000a012230,ロフティーエイム,2002100466,サンデーサイレンス,000a00033a,芹澤精一,追分ファーム,68.4,2009.0,2002.0,1986.0
2016106280,オトキチペッタンコ,牡,加藤和宏,,ルースリンド,2001106791,オトヒメ,2005100900,メジロライアン,1987105368,（株）ファーストビジ,へいはた牧場,68.1,2001.0,2005.0,1987.0
2016109146,ヤマサカタッシャ,牝,服部利之,,ストラヴィンスキー,000a00fa41,スズカミニオン,2008100468,キングカメハメハ,2001103460,新保松二,松元忍,68.0,1996.0,2008.0,2001.0
2016105449,ウィルグリード,牡,真島元徳,,リーチザクラウン,2006102923,シャンハイソロン,2001102665,シャンハイ,000a000d73,石黒常永,大滝康晴,68.0,2006.0,2001.0,1989.0
2016105331,ラムゼイ,牡,藤田輝信,,ダンカーク,000a012185,フィリアレギス,2005101285,ビッグサンデー,1994105040,カナヤマホールディングス,市川ファーム,68.0,2006.0,2005.0,1994.0
2016103430,アニマルテーラー,牡,福田真広,,タイムパラドックス,1998101683,トキノナイス,2007106741,チアズブライトリー,1998104232,中西浩一,西野春樹,68.0,1998.0,2007.0,1998.0
2016100950,ホワイトハッカー,牝,水野善太,,スマートファルコン,2005100097,ヒカルヨザクラ,2010104138,チチカステナンゴ,000a011135,古川孝雄,守矢牧場,68.0,2005.0,2010.0,1998.0
2016101462,ナニシハルン,牝,加藤幸保,,トーセンジョーダン,2006103169,スギノフォルモーザ,1997103642,サンデーサイレンス,000a00033a,杉山忠国,明治牧場,67.9,2006.0,1997.0,1986.0
2016106269,メグスタサンライズ,牝,徳本慶一,,ダイワメジャー,2001103114,シースナイプ,2007102932,グラスワンダー,1995108676,組）オールザベスト組,藤原牧場,67.8,2001.0,2007.0,1995.0
2016102797,リザルトフォンテン,牡,法理勝弘,,アンライバルド,2006103308,バーデンフォンテン,1998105466,サクラバクシンオー,1989108341,吉橋興生,新井弘幸,67.8,2006.0,1998.0,1989.0
2016103877,ナツミトゥジュール,牝,藤田正治,,グラスワンダー,1995108676,ベネチアンテンズ,1999103548,クリスタルグリッターズ,000a0000c0,（同）ＪＰＮ技研,稲原牧場,67.7,1995.0,1999.0,1980.0
2016101438,カフェサーバル,牝,桧森邦夫,,カフェラピード,2008101059,カフェララルー,2001110111,ストラヴィンスキー,000a00fa41,橋本義次,三石橋本牧場,67.7,2008.0,2001.0,1996.0
2016109147,ミラクルジェイミー,牡,田島寿一,,ミスキャスト,1998103573,スティルヘブン,2007100887,チーフベアハート,1993190010,吉永正志,吉永ファーム,67.5,1998.0,2007.0,1993.0
2016103832,トーセンジャンプ,牡,武市康男,,トーセンジョーダン,2006103169,トーセンティアラ,2008103407,ハーツクライ,2001103038,島川隆哉,エスティファーム,67.5,2006.0,2008.0,2001.0
2016101215,ポッドグレタ,牝,八木正喜,,パイロ,000a01176a,ポッドローザ,2010103675,ホワイトマズル,1990109700,小川眞査雄,下屋敷牧場,67.5,2005.0,2010.0,1990.0
2016102739,ジュラブスカイト,牡,及川良春,,グランプリボス,2008103388,バルスピュール,2009100047,チーフベアハート,1993190010,岩渕瑞生,ディアレストクラブ,67.4,2008.0,2009.0,1993.0
2016101442,ヒマリチャン,牝,石橋満,,ケープブランコ,000a011b06,スマイルビジン,2006103995,ゴールドヘイロー,1997101264,中村淳司,三石橋本牧場,67.0,2007.0,2006.0,1997.0
2016101429,ノーブルペガサス,牝,板垣吉則,,アイルハヴアナザー,000a011ed3,レディーメグネイト,2009101862,ファスリエフ,000a00fc4c,薄井隆博,三石川上牧場,67.0,2009.0,2009.0,1997.0
2016104355,マジックシード,牝,村上実,,ワークフォース,000a011a7f,クラックシード,2007103062,キングカメハメハ,2001103460,佐々木寛明,社台コーポレーション白老ファーム,66.4,2007.0,2007.0,2001.0
2016103726,キンランドンス,牝,秋田大助,,ディープブリランテ,2009105084,ミルテ,2009103108,アフリート,000a000013,北原大史,モリナガファーム,66.3,2009.0,2009.0,1984.0
2016103747,エムティモモ,牝,藤田正治,,ナカヤマフェスタ,2006102424,ハナワキリシマ,2006102508,フサイチコンコルド,1993109220,（有）ホースケア,門別牧場,66.0,2006.0,2006.0,1993.0
2016103676,ウィングオブライト,牝,宗形竹見,,モンテロッソ,000a011b05,マキハタターキー,2004106292,サザンヘイロー,000a00031e,藤本栄史,槇本牧場,66.0,2007.0,2004.0,1983.0
2016105555,シーアイリス,牝,山田徹,,マツリダゴッホ,2003104570,シーヴァージア,2011101825,クロフネ,1998110135,（株）本城,岡田牧場,65.7,2003.0,2011.0,1998.0
2016103738,アンコールステージ,牝,金田一昌,,スマートファルコン,2005100097,バトルアンコール,2010106247,フジキセキ,1992109618,浅沼廣幸,門別敏朗,65.7,2005.0,2010.0,1992.0
2016103786,シキサイ,牝,佐藤吉勝,,アッミラーレ,1997100569,ソンヨン,2010101191,ティンバーカントリー,000a00035e,重松國建,横井哲,65.6,1997.0,2010.0,1992.0
2016101928,ナムラシロッコ,牝,細川忠義,,トーセンホマレボシ,2009106092,ナムラアトラクト,2007100050,フレンチデピュティ,000a00013a,吉橋英隆,谷川牧場,65.6,2009.0,2007.0,1992.0
2016106020,サクラトップハロー,牡,野田忍,,マンハッタンカフェ,1998101554,ベストオブミー,2005100613,ブライアンズタイム,000a000082,野田秀人,千代田牧場,65.4,1998.0,2005.0,1985.0
2016101898,モンドエール,牝,田嶋弘幸,,メイショウボーラー,2001100650,ワタシノキモチ,2006103314,タニノギムレット,1999100226,今川博明,高村牧場,65.4,2001.0,2006.0,1999.0
2016104067,ハヤマフリュング,牝,中川竜馬,,モンテロッソ,000a011b05,サンレイスズカ,1998101011,サンデーサイレンス,000a00033a,（株）ＭＭＣ,新井牧場,65.3,2007.0,1998.0,1986.0
2016104377,コウソクラッシュ,セ,後藤佑耶,,ハーツクライ,2001103038,フォレストレイン,000a010b3e,Caerleon,000a0016eb,山口謙太郎,社台コーポレーション白老ファーム,65.2,2001.0,1997.0,1980.0
2016102888,クリノロケットマン,牡,大石省三,,ストロングリターン,2006102934,クリノハイスバル,2011106628,ハーツクライ,2001103038,栗本八江,川島正広,65.1,2006.0,2011.0,2001.0
2016101726,ビビッドオスカー,牝,加藤和義,,ケイムホーム,000a0108d1,ファンシービビッド,2008102921,ファルブラヴ,1998190004,程田真司,小倉牧場,65.1,1999.0,2008.0,1998.0
2016101568,シップサドンソー,牡,加藤和義,,ローレルゲレイロ,2004100933,マイハマアムール,2007105976,マンハッタンカフェ,1998101554,山村太三,清水誠一,65.1,2004.0,2007.0,1998.0
2016105905,ジャングルランブル,牡,大島静夫,,キンシャサノキセキ,2003110212,ミキティスター,2006101141,チーフベアハート,1993190010,谷謙介,田中裕之,65.0,2003.0,2006.0,1993.0
2016104300,ユール,牡,内田勝義,,キングカメハメハ,2001103460,ナターレ,2008102623,クロフネ,1998110135,吉田安惠,追分ファーム,65.0,2001.0,2008.0,1998.0
2016102298,ブルベアブルーノ,牡,森沢友貴,,ケープブランコ,000a011b06,シゲルカカオ,2009110080,Congrats,000a010687,山崎郡,王蔵牧場,65.0,2007.0,2009.0,2000.0
2016101057,クアトロリヴォルタ,牡,稲益貴弘,,ローレルゲレイロ,2004100933,ファーマプリンセス,2009101003,タニノギムレット,1999100226,牧野聖子,小河豊水,64.8,2004.0,2009.0,1999.0
2016104020,シュバルスター,牡,藪口一麻,,ベルシャザール,2008103004,シンハルカジョウ,2003103499,ブラックタキシード,1996107315,（有）太盛,ハーモニーストックファーム,64.5,2008.0,2003.0,1996.0
2016102980,サンマッカレン,牝,矢野久美,,シビルウォー,2005102317,フジノグランデ,2011101478,アドマイヤムーン,2003102991,三岡有香,ケイズ,64.2,2005.0,2011.0,2003.0
2016102740,グラスハート,牝,井手上慎,,グラスワンダー,1995108676,バースデイパーティ,2010101877,アドマイヤムーン,2003102991,江津和人,ディアレストクラブ,63.7,1995.0,2010.0,2003.0
2016103700,ユウシトリン,牝,池田孝,,ネオヴァンドーム,2007102913,ネオイユドゥレーヌ,2006103013,ホワイトマズル,1990109700,上野進二,メイプルファーム,63.6,2007.0,2006.0,1990.0
2016106215,ジョージパドリック,牡,安田武広,,パドトロワ,2007102760,キョウエイリリック,2010103244,マンハッタンカフェ,1998101554,藤沢澄雄,藤沢牧場,63.4,2007.0,2010.0,1998.0
2016105052,デルマグランパレ,牡,川添明弘,,ゴールドアリュール,1999106689,シンデレラロマンス,2005102279,Elusive Quality,000a00231f,浅沼廣幸,社台ファーム,63.3,1999.0,2005.0,1993.0
2016104305,アルチェーレ,牝,松島寿,,ベルシャザール,2008103004,ハンドレッドスコア,2003102724,ホワイトマズル,1990109700,三岡有香,社台コーポレーション白老ファーム,63.3,2008.0,2003.0,1990.0
2016101837,ハーンハリーリ,牝,宗綱泰彦,,ヴァーミリアン,2002100877,ベルナール,000a0116c1,Alzao,000a001cb4,（同）ＪＰＮ技研,斉藤英牧場,63.3,2002.0,2000.0,1980.0
2016103452,ハルホンバン,牝,盛本信春,,モンテロッソ,000a011b05,ハルノサキガケ,2011103725,ゼンノロブロイ,2000101517,田島政光,ガーベラパークスタッド,63.2,2007.0,2011.0,2000.0
2016105919,ファーストライト,牝,宗綱泰彦,,サクラオリオン,2002104686,サクラパピルス,2011102142,アグネスデジタル,1997110025,（同）ＪＰＮ技研,谷岡スタット,63.1,2002.0,2011.0,1997.0
2016102033,マヨルカフレイバー,牡,山田義人,,ロードカナロア,2008103552,メイショウアンデス,2006102155,ダンスインザダーク,1993109188,成富直行,富田牧場,62.9,2008.0,2006.0,1993.0
2016105037,リトルフォレスト,牝,金田一昌,,スマートファルコン,2005100097,シダクティヴリー,000a011520,サンダーガルチ,000a00035c,小林善一,社台ファーム,62.6,2005.0,2003.0,1992.0
2016106482,エイシンフォーユー,牝,長谷川忍,,エーシンフォワード,2005110172,エーシンフラクタル,2006110105,ケイムホーム,000a0108d1,三岡陽,栄進牧場,62.4,2005.0,2006.0,1999.0
2016106378,ローブドゥネージュ,牝,笹野博司,,クロフネ,1998110135,ローザミスティカ,2007103398,アグネスタキオン,1998101516,ヒダカ・ブリーダーズ・ユニオン,矢野牧場,62.4,1998.0,2007.0,1998.0
2016100560,マコトホウソウゲ,牝,角田輝也,,マコトスパルビエロ,2004103984,マコトサンパギータ,2008104057,ジャングルポケット,1998101786,ディアマント,新冠橋本牧場,62.4,2004.0,2008.0,1998.0
2016100963,タガノビーダッシュ,セ,栗林徹治,,ヨハネスブルグ,000a0103b9,タガノチャンス,2012100519,スペシャルウィーク,1995103211,中内田卓三,八木牧場,62.0,1999.0,2012.0,1995.0
2016106278,ラスティングライ,牡,山越光,,アサクサキングス,2004103163,エレガントキャット,2003105413,タバスコキャット,000a000348,松谷翔太,へいはた牧場,61.9,2004.0,2003.0,1991.0
2016101411,アランフォルス,牡,長谷川忍,,モンテロッソ,000a011b05,ビクトリアスズラン,1997103904,サンデーサイレンス,000a00033a,米津佳昭,水上習孝,61.3,2007.0,1997.0,1986.0
2016103780,オープンゲート,牡,橘友和,,パドトロワ,2007102760,エステル,2005106205,タイキシャトル,1994109686,（株）ＴＥＳＯＲＯ,山田政宏,61.2,2007.0,2005.0,1994.0
2016104922,トワイライトパレス,牝,矢野久美,,ベルシャザール,2008103004,アーベントロート,2009105917,フジキセキ,1992109618,三岡有香,社台ファーム,61.0,2008.0,2009.0,1992.0
2016104174,ハッピーアモン,牝,村上正和,,ベルシャザール,2008103004,ミスクリアモン,2006102618,イーグルカフェ,1997110118,平岡茂樹,平岡牧場,60.9,2008.0,2006.0,1997.0
2016103927,イデアエルピス,牡,金田一昌,,カリズマティック,000a00fa33,ナイキトライアンフ,2004104647,ボストンハーバー,000a00007c,益田修一,中川隆,60.8,1996.0,2004.0,1994.0
2016100081,バイオレットブーケ,牝,金田一昌,,キングヘイロー,1995104427,イシノエストック,2004100069,タバスコキャット,000a000348,太田珠々子,石田牧場,60.6,1995.0,2004.0,1991.0
2016105127,エースティターン,牡,香取和孝,,ワークフォース,000a011a7f,トリプルミッション,2012104306,ハービンジャー,000a011996,（有）オート・エース,社台ファーム,60.5,2007.0,2012.0,2006.0
2016102084,ニットウダズル,牡,佐久間雅,,プリサイスエンド,000a00fe9b,ニットウサンサン,2006102216,アグネスフライト,1997103400,日東牧場,日東牧場,60.3,1997.0,2006.0,1997.0
2016100731,マイネルフトゥーロ,牡,笹野博司,,グラスワンダー,1995108676,マイネエカテリーナ,2009105193,アグネスタキオン,1998101516,北原大史,ビッグレッドファーム,60.3,1995.0,2009.0,1998.0
2016102301,シゲルアゲット,牝,石栗龍彦,,ダノンバラード,2008103548,リタンオブハピネス,1997105550,ビワハヤヒデ,1990103355,森中蕃,王蔵牧場,60.2,2008.0,1997.0,1990.0
2016101868,トウカイビアンカ,牝,榎屋充,,ダンカーク,000a012185,トウカイポプリ,2005105314,タイキシャトル,1994109686,結城喜一,松栄牧場,60.1,2006.0,2005.0,1994.0
2016106434,クラーロデラルナ,牝,大垣敏夫,,タイムパラドックス,1998101683,ナリタジュエリー,1996102244,サンデーサイレンス,000a00033a,野口幸八,武牧場,60.0,1998.0,1996.0,1986.0
2016105773,クインズレインボー,牝,小島茂之,,ダンカーク,000a012185,ケイアイエーデル,2005106637,トワイニング,000a000006,亀田和弘,佐竹学,60.0,2006.0,2005.0,1991.0
2016105567,ラドミュージシャン,牡,池添兼雄,,ロジユニヴァース,2006103140,ニシノフェミニン,2007102512,キングカメハメハ,2001103460,安原浩司,岡田牧場,60.0,2006.0,2007.0,2001.0
2016105020,レガーロブロッサム,牝,橋口慎介,,オルフェーヴル,2008102636,サクラサクII,1997100005,デインヒル,000a0000d1,グリーンファーム,社台ファーム,60.0,2008.0,1997.0,1986.0
2016104449,ミッキープログラム,牡,国枝栄,,オルフェーヴル,2008102636,カルディーン,000a012103,Roman Ruler,000a011480,野田みづき,ノーザンファーム,60.0,2008.0,2009.0,2002.0
2016103720,ショウサンワンラヤ,牝,松下武士,,オルフェーヴル,2008102636,ショウサンウルル,2006100539,Grand Slam,000a0022b9,鈴木昭和,モリナガファーム,60.0,2008.0,2006.0,1995.0
2016102776,クリノグレイト,牡,川村禎彦,,ハービンジャー,000a011996,レースドール,2004102985,クロフネ,1998110135,栗本博晴,天羽牧場,60.0,2006.0,2004.0,1998.0
2016102356,フクヒコ,牡,桧森邦夫,,エイシンフラッシュ,2007102951,フクシア,2008101994,ゴールドアリュール,1999106689,山田裕仁,上山牧場,60.0,2007.0,2008.0,1999.0
2016100655,メドウスイート,牝,高柳瑞樹,,タイキシャトル,1994109686,レッドアンジェリカ,2008102747,サクラバクシンオー,1989108341,中村智幸,浜口牧場,60.0,1994.0,2008.0,1989.0
2016100613,レイナローサ,牝,清水久詞,,ヴィクトワールピサ,2007102923,ファレノプシス,1995105092,ブライアンズタイム,000a000082,ノースヒルズ,ノースヒルズ,60.0,2007.0,1995.0,1985.0
2016100486,ヨータカ,牡,湯前良人,,スターリングローズ,1997106560,タイバンショウ,2005105698,ステイゴールド,1994108729,（有）ホースケア,中山高鹿康,60.0,1997.0,2005.0,1994.0
2016105338,トキノユウホウ,牡,高橋文雅,,アドマイヤムーン,2003102991,アッシュケーク,2006103872,タイキシャトル,1994109686,岡田勇,大狩部牧場,59.4,2003.0,2006.0,1994.0
2016102947,クラウンオペラ,牡,真島元徳,,シングンオペラ,1998105609,クラウンミネルヴァ,2009104211,ゼンノロブロイ,2000101517,サンエツ企画（有）,クラウン日高牧場,59.4,1998.0,2009.0,2000.0
2016105248,チヨビッグシー,牝,今津博之,,マンハッタンカフェ,1998101554,ミスラゴ,000a0120ef,Encosta de Lago,000a0112ca,酒井孝敏,社台ファーム,59.3,1998.0,2008.0,1993.0
2016106142,エイシンモノリス,牝,松島寿,,ゴールドアリュール,1999106689,バーモントガール,1997110163,ミシエロ,000a000212,三岡有香,橋本牧場,59.2,1999.0,1997.0,1990.0
2016103168,ソウゲンノカゼ,牝,金田一昌,,コンデュイット,2005190006,ホリデイスクリーン,2006104607,フレンチデピュティ,000a00013a,蜂須賀重夫,白瀬盛雄,59.2,2005.0,2006.0,1992.0
2016106037,メイプルランド,牝,水野善太,,ワークフォース,000a011a7f,ラストメッセージ,2008100598,ジャングルポケット,1998101786,小橋亮太,千代田牧場,59.0,2007.0,2008.0,1998.0
2016101021,ヤマニンスパツィオ,牡,伊藤和,,ナカヤマフェスタ,2006102424,ヤマニンギモーヴ,2007104727,アグネスデジタル,1997110025,土井久美子,錦岡牧場,58.8,2006.0,2007.0,1997.0
2016109030,ハッピーアントニア,牝,藤田正治,,ベルシャザール,2008103004,シャノン,2004110191,Grand Lodge,000a001f34,中川健,一山育成牧場,58.7,2008.0,2004.0,1991.0
2016105742,ミランバ,牡,池田忠好,,ローエングリン,1999106738,ツルギセイコー,2003105702,サンデーサイレンス,000a00033a,成富直行,酒井秀紀,58.6,1999.0,2003.0,1986.0
2016105356,ラントゥユー,牝,頼本盛行,,オネストジョン,2004106158,ピンクキャンドル,2004102992,マヤノトップガン,1992102988,谷謙介,ストームファームコーポレーション,58.6,2004.0,2004.0,1992.0
2016105902,ワンダースピリッツ,牝,宗石大,,エイシンフラッシュ,2007102951,ブリズデロートンヌ,2005102122,シンボリクリスエス,1999110099,蕭敬如,田中裕之,58.5,2007.0,2005.0,1999.0
2016105832,グッドチューン,牡,平田正一,,バンブーエール,2003104100,プラネットワールド,2004106618,カコイーシーズ,1986109001,（株）Ｎｉｃｋｓ,静内山田牧場,58.5,2003.0,2004.0,1986.0
2016105039,デルマジュベルニー,牡,打越勇児,,ロードカナロア,2008103552,シャトヤンシー,2004103190,マンハッタンカフェ,1998101554,浅沼廣幸,社台ファーム,58.5,2008.0,2004.0,1998.0
2016101759,ビクトリーゴールド,牝,盛本信春,,キンシャサノキセキ,2003110212,ハヤブサユウサン,2010104737,スペシャルウィーク,1995103211,田島政光,ガーベラパークスタッド,58.2,2003.0,2010.0,1995.0
2016103804,ローリンローリン,牝,宗綱泰彦,,タイキシャトル,1994109686,ラブハミング,2007104506,スペシャルウィーク,1995103211,（同）ＪＰＮ技研,若林順一,58.0,1994.0,2007.0,1995.0
2016101951,ミラーグロ,牡,吉田司,,タニノギムレット,1999100226,ラブイズミラクル,2001100261,フジキセキ,1992109618,岩渕瑞生,谷口牧場,58.0,1999.0,2001.0,1992.0
2016100035,ラストスナイパー,牡,湯前良人,,アッミラーレ,1997100569,シルクミレニア,2009105399,ブライアンズタイム,000a000082,（有）ホースケア,浅川牧場,57.9,1997.0,2009.0,1985.0
2016105911,シャインボルテージ,牝,平沢芳三,,サクラオリオン,2002104686,サクラエボル,2008100400,サクラバクシンオー,1989108341,小橋亮太,谷岡スタット,57.8,2002.0,2008.0,1989.0
2016102738,テッセラレイナ,牝,野田忍,,スクリーンヒーロー,2004103328,ニーマルダイヤ,2010103699,ゼンノロブロイ,2000101517,グリーンウッド（株）,ディアレストクラブ,57.8,2004.0,2010.0,2000.0
2016103908,フルヒロブラック,セ,小野望,,ドリームジャーニー,2004102753,カルナアヴァンセ,2008106341,キングヘイロー,1995104427,（有）ファンタストク,清水牧場,57.7,2004.0,2008.0,1995.0
2016101318,デュアルハート,牡,野田忍,,パドトロワ,2007102760,レッドハート,2008101414,メイショウオウドウ,1995101767,水谷昌晃,萩澤國男,57.6,2007.0,2008.0,1995.0
2016101251,タクティークプラン,牡,千葉博次,,ディープブリランテ,2009105084,ダズリングワールド,2008103554,アグネスタキオン,1998101516,岩渕瑞生,築紫洋,57.4,2009.0,2008.0,1998.0
2016102367,チェルナハート,牝,中川竜馬,,プリサイスエンド,000a00fe9b,シルクプロミス,2006104637,マヤノトップガン,1992102988,梶原哲朗,桑田ファーム,57.2,1997.0,2006.0,1992.0
2016105950,コウユーパパガヨ,牡,及川良春,,ローズキングダム,2007103404,トミケンクラウン,1999100579,ジェネラス,000a000148,大黒富美子,田原橋本牧場,57.0,2007.0,1999.0,1988.0
2016101063,ブレーヴパワー,牝,佐々木功,,モンテロッソ,000a011b05,サニーサイド,2004109282,コマンダーインチーフ,000a0000b0,潤間力夫,沖田忠幸,57.0,2007.0,2004.0,1990.0
2016100911,モリノソレイユ,牝,齊藤敏,,カネヒキリ,2002100978,クイックレスポンス,000a01118a,Storm Cat,000a001a98,森和久,村田牧場,57.0,2002.0,2004.0,1983.0
2016104573,カトルジュール,牡,山田義人,,ダンカーク,000a012185,パッシフローラ,2009106220,ディープインパクト,2002100816,（株）本城,ノーザンファーム,56.5,2006.0,2009.0,2002.0
2016103808,トーセンミューズ,牝,橋本和馬,,トーセンロレンス,2009106085,アンジェロファニー,2002110095,Honour and Glory,000a002072,篠原徹,エスティファーム,56.5,2009.0,2002.0,1993.0
2016103598,デルママドレーヌ,牝,打越勇児,,ストロングリターン,2006102934,ユークロニア,2002101012,アドマイヤベガ,1996107396,浅沼廣幸,ファニーヒルファーム,56.5,2006.0,2002.0,1996.0
2016105079,タートルネック,牝,藤田正治,,タートルボウル,000a012045,スマートカスタム,2004103276,マンハッタンカフェ,1998101554,（有）ホースケア,社台ファーム,56.4,2002.0,2004.0,1998.0
2016104775,アドマイヤクロス,牡,九日俊光,,ディープブリランテ,2009105084,ジェイズミラクル,1996107295,フジキセキ,1992109618,安藤ゆかり,ノーザンファーム,56.2,2009.0,1996.0,1992.0
2016102348,クロノスコープ,牡,黒木豊,,ロードカナロア,2008103552,ロンド,2008101974,ロックオブジブラルタル,000a00fd4c,宮本惠美子,笠松牧場,56.2,2008.0,2008.0,1999.0
2016101003,セイビーチェ,牝,打越勇児,,ダノンシャンティ,2007105709,ヴァドヴィーツェ,2000101567,エリシオ,1993190001,金田成基,奥山博,56.1,2007.0,2000.0,1993.0
2016103577,カシノサツキ,牝,真島元徳,,ロジユニヴァース,2006103140,トゥモローズライト,2006105267,アフリート,000a000013,柏木務,広富牧場,55.9,2006.0,2006.0,1984.0
2016101400,アサケボス,牡,井上正,,ハービンジャー,000a011996,ランダムトーク,2007102751,ジャングルポケット,1998101786,大橋堯,前田ファーム,55.9,2006.0,2007.0,1998.0
2016106018,フルールデシャン,牝,今津博之,,ゼンノロブロイ,2000101517,ブロンコーネ,2003105107,ブライアンズタイム,000a000082,酒井孝敏,千代田牧場,55.8,2000.0,2003.0,1985.0
2016105889,タイガーロータス,牡,金田一昌,,オルフェーヴル,2008102636,リシア,2011101888,タニノギムレット,1999100226,矢沼浩二,高橋義浩,55.8,2008.0,2011.0,1999.0
2016105464,ブルーミングブーケ,牝,菅原欣也,,ワークフォース,000a011a7f,オメガフレグランス,2007102877,ゴールドアリュール,1999106689,（同）ＪＰＮ技研,岡田スタッド,55.7,2007.0,2007.0,1999.0
2016101536,スターオブレビュー,牝,池田忠好,,ローレルゲレイロ,2004100933,キタサンエデン,2009100572,アドマイヤムーン,2003102991,（株）ボンズ,様似共栄牧場,55.7,2004.0,2009.0,2003.0
2016109070,ジンベエハーバー,牡,松平幸秀,,ベルシャザール,2008103004,ハローマリリン,2005104046,ファルブラヴ,1998190004,木村公子,青南ムラカミファーム,55.5,2008.0,2005.0,1998.0
2016103734,ビビッドメープル,牝,那俄性哲,,ミリオンディスク,2004103249,バトルバーズアイ,2003106891,セイウンスカイ,1995107393,横田知朗,森永睦夫,55.5,2004.0,2003.0,1995.0
2016103370,ヒャクダン,牡,細川忠義,,ベルシャザール,2008103004,ワイドロスメルタ,2010103245,グラスワンダー,1995108676,門脇ゆり,坪田信作,55.5,2008.0,2010.0,1995.0
2016100313,スプーンミー,牝,竹之下昭,,トーセンホマレボシ,2009106092,ハニームーナー,2010100696,アドマイヤムーン,2003102991,（同）ＪＰＮ技研,スカイビーチステーブル,55.2,2009.0,2010.0,2003.0
2016100720,ディオミーオ,牝,土井道隆,,アイルハヴアナザー,000a011ed3,フライングメリッサ,2004102746,ダンスインザダーク,1993109188,西村健作,ビッグレッドファーム,55.0,2009.0,2004.0,1993.0
2016100245,ウインサンベリーナ,牝,井樋明正,,リーチザクラウン,2006102923,シュフルール,2002100649,パントレセレブル,000a000271,中川健,コスモヴューファーム,54.8,2006.0,2002.0,1994.0
2016100153,レッツゴーピース,牝,森始,,シビルウォー,2005102317,ヒシイパネマ,2011103298,ハーツクライ,2001103038,（株）心頼ＬｏｏＰ,カミイスタット,54.8,2005.0,2011.0,2001.0
2016101535,ジオパークガイア,牝,小林俊彦,,ストロングリターン,2006102934,エイシンホリデイ,2002107159,エイシンサンディ,1993103280,欠畑圭一,様似共栄牧場,54.7,2006.0,2002.0,1993.0
2016101115,リーエ,牝,高橋純,,ダノンシャンティ,2007105709,ハニービー,2006105529,イーグルカフェ,1997110118,大黒富美子,加野牧場,54.7,2007.0,2006.0,1997.0
2016105116,エンジェルズライン,牝,南弘樹,,ルーラーシップ,2007103143,ツインエンジェルズ,2008102995,ハーツクライ,2001103038,島井新一郎,社台ファーム,54.6,2007.0,2008.0,2001.0
2016104216,イチザヒーロー,牡,平山宏秀,,ナイキアディライト,2000104545,トワイライトガール,2007104619,クロフネ,1998110135,奈良崎孝一郎,吉田光政,54.6,2000.0,2007.0,1998.0
2016103271,アルピナホワイト,牝,今津勝之,,キングズベスト,000a0022d2,アルピナブルー,2010103868,フジキセキ,1992109618,（同）ＪＰＮ技研,タバタファーム,54.6,1997.0,2010.0,1992.0
2016104333,ホイッスルベルン,牝,頼本盛行,,キングヘイロー,1995104427,リリカルホイッスル,2011103619,ゼンノロブロイ,2000101517,谷謙介,社台コーポレーション白老ファーム,54.5,1995.0,2011.0,2000.0
2016104518,ライトヴェロシティ,牡,藤ヶ崎一,,ダノンシャンティ,2007105709,スサーナトウショウ,2008100654,ロックオブジブラルタル,000a00fd4c,片岡信賢,ノーザンファーム,54.2,2007.0,2008.0,1999.0
2016105156,ヒシマデイラ,牡,中野博,,オルフェーヴル,2008102636,ヒシラストレディ,2009110115,Posse,000a01124c,下川明,社台ファーム,54.1,2008.0,2009.0,2000.0
2016101233,ダナキル,牝,東美義,,ルーラーシップ,2007103143,ハッピーユーゲント,2009106326,ディープインパクト,2002100816,（同）ＪＰＮ技研,タガミファーム,54.1,2007.0,2009.0,2002.0
2016100869,トレンドボブ,牝,竹下太,,キンシャサノキセキ,2003110212,レッドティムール,2009106395,シンボリクリスエス,1999110099,後藤武久,村上欽哉,53.8,2003.0,2009.0,1999.0
2016103246,ダンサブル,牡,伊藤勝己,,トーセンジョーダン,2006103169,ビービーハナビ,2006106541,スペシャルウィーク,1995103211,小橋亮太,高山博,53.7,2006.0,2006.0,1995.0
2016103942,トワレ,牝,打越勇児,,ゼンノロブロイ,2000101517,フェスティヴマロン,2004100468,クロフネ,1998110135,臼井義太郎,二風谷ファーム,53.6,2000.0,2004.0,1998.0
2016105857,ジェイストロング,牡,八木仁,,キングズベスト,000a0022d2,グランドアメリフローラ,000a011165,Grand Slam,000a0022b9,飯沼賢児,タイヘイ牧場,53.5,1997.0,2004.0,1995.0
2016105623,マルヨリュノヒトミ,牝,伊藤勝己,,ローエングリン,1999106738,エクラドール,1999101414,サンデーサイレンス,000a00033a,（有）ホースケア,神垣道弘,53.5,1999.0,1999.0,1986.0
2016100398,ミリアンテースト,牝,中西達也,,ヴァーミリアン,2002100877,アルマアダーラ,2010105637,マーベラスサンデー,1992103687,西森三智代,大栄牧場,53.5,2002.0,2010.0,1992.0
2016105781,ニホンピロターナー,牡,服部利之,,メイショウボーラー,2001100650,ニホンピロガレット,1999105765,オジジアン,000a00025e,小林百太郎,佐竹学,53.3,2001.0,1999.0,1983.0
2016101488,マイア,牝,田村彰啓,,タニノギムレット,1999100226,ガーネットビコー,1999106697,フジキセキ,1992109618,佐野篤志,山際セントラルスタッド,53.3,1999.0,1999.0,1992.0
2016104565,ゴルディロックス,牝,井樋明正,,オルフェーヴル,2008102636,Haya Landa,000a011efd,Lando,1990109712,小橋亮太,ノーザンファーム,53.2,2008.0,2008.0,1990.0
2016101765,トウケイキンノホシ,牡,小牧毅,,トゥザグローリー,2007103265,ポーカーアリス,2005102345,スウェプトオーヴァーボード,000a00fa34,木村信彦,木戸口牧場,53.1,2007.0,2005.0,1997.0
2016100716,マイネルリサイタル,牡,田中敏和,,アドマイヤマックス,1999107004,バンブーユキヒメ,1996104024,Gulch,000a001cd6,（株）ファーストビジ,ビッグレッドファーム,53.1,1999.0,1996.0,1984.0
2016105040,オスカーティアラ,牝,保利幸作,,シンボリクリスエス,1999110099,シャドウストリーム,2003106090,サンデーサイレンス,000a00033a,森保彦,社台ファーム,53.0,1999.0,2003.0,1986.0
2016103881,ペイシャシャコンヌ,牝,池田忠好,,ショウナンカンプ,1998102595,シーズアトムボイ,2001107289,サマーサスピション,1992109533,高澤正幸,川向高橋育成牧場,52.6,1998.0,2001.0,1992.0
2016106085,ピッパドンナ,牝,堀千亜樹,,タイキシャトル,1994109686,プリティーサンサン,1997105440,リンドシェーバー,1988107894,内田裕美,中田浩美,52.5,1994.0,1997.0,1988.0
2016105705,クロワゼ,牝,鷹見浩,,トーセンラー,2008102985,プリモスペシャル,2004103808,フォーティナイナー,000a000134,稲垣隆治,グランド牧場,52.5,2008.0,2004.0,1985.0
2016104054,ガドウバクシン,牡,頼本盛行,,リーチザクラウン,2006102923,ヒカルマナムスメ,2011105429,ディープインパクト,2002100816,原久美子,西村和夫,52.5,2006.0,2011.0,2002.0
2016103866,フォルメッサーラ,牡,宮浦正行,,アサクサキングス,2004103163,スズカノジェリコ,2010100009,スズカマンボ,2001103890,八嶋長久,赤石牧場,52.5,2004.0,2010.0,2001.0
2016103247,ビービーアヴァン,牝,大島静夫,,ビービーガルダン,2004106583,ビービーリアン,2010104119,ゼンノロブロイ,2000101517,（同）ＪＰＮ技研,高山博,52.5,2004.0,2010.0,2000.0
2016101954,アエノジャーニー,牝,大宮和也,,ゴールドヘイロー,1997101264,アエノラスカル,2004102349,クリプティックラスカル,000a000da1,角井紀夫,大道牧場,52.5,1997.0,2004.0,1995.0
2016102508,エンジェルインメイ,牝,川島洋人,,ロージズインメイ,000a010a10,ミスランタナ,1999110255,Miswaki,000a0017b0,谷口祐人,大北牧場,52.3,2000.0,1999.0,1978.0
2016106200,ヒリーズサン,牝,伊藤強一,,レッドスパーダ,2006105511,ケイアイリヒト,2000107400,コマンダーインチーフ,000a0000b0,柴田浩二,福岡駿弥,52.2,2006.0,2000.0,1990.0
2016103286,サンマルエトワール,牝,鋤田誠二,,トーセンホマレボシ,2009106092,サンマルセイコー,2003100409,ビワタケヒデ,1995104953,吉山藤雄,田端牧場,52.2,2009.0,2003.0,1995.0
2016109154,トアコノパール,牝,久保杉隆,,ハイアーゲーム,2001103160,ワシントンザクラ,2002110099,Unbridled's Song,000a002071,栗山道郎,栗山道郎,52.0,2001.0,2002.0,1993.0
2016106355,ブドウチャン,牝,関本浩司,,エイシンフラッシュ,2007102951,クッキーチャン,2009105862,スペシャルウィーク,1995103211,谷謙介,三木田牧場,52.0,2007.0,2009.0,1995.0
2016102684,タイセイシャルマン,牝,宮路洋一,,ダノンシャンティ,2007105709,ニシノキュベレー,2006102602,サクラバクシンオー,1989108341,酒井孝敏,山田牧場,52.0,2007.0,2006.0,1989.0
2016102540,グレネイド,牡,伊藤滋規,,スターリングローズ,1997106560,ハレルヤ,1996107826,アルカング,000a000d83,尾又良隆,センチュリースタッドファーム,52.0,1997.0,1996.0,1988.0
2016101799,ヌチグスイ,牡,粕谷昌央,,メイショウボーラー,2001100650,オジャッタモンセ,2003107164,クロフネ,1998110135,小田切有一,木村牧場,52.0,2001.0,2003.0,1998.0
2016101030,ロマン,牝,西久保政,,アルデバランII,000a010541,クィーンロマンス,2001100856,ティンバーカントリー,000a00035e,小橋亮太,稲葉牧場,52.0,1998.0,2001.0,1992.0
2016100556,サダムラポール,牝,角田輝也,,ゴールドアリュール,1999106689,ブルーレイ,2006102842,トワイニング,000a000006,大西美生子,新冠橋本牧場,52.0,1999.0,2006.0,1991.0
2016102086,ニットウモナコ,牝,佐久間雅,,サダムパテック,2008102652,ニットウディオンヌ,2001100629,ゴールデンフェザント,1986109108,日東牧場,日東牧場,51.9,2008.0,2001.0,1986.0
2016100204,ニャーゴ,牡,小林俊彦,,サムライハート,2002100996,ステージワンスモア,2004100232,タニノギムレット,1999100226,小原準一郎,競優牧場,51.9,2002.0,2004.0,1999.0
2016105384,テーオースパーク,牡,盛本信春,,オルフェーヴル,2008102636,ラヴアンドバブルズ,000a0106a6,Loup Sauvage,000a01056b,小笹公也,パカパカファーム,51.8,2008.0,2001.0,1994.0
2016101578,マコトヘリヤ,牝,坂口義幸,,モンテロッソ,000a011b05,マコトサンゴ,2001105013,タマモクロス,1984101673,（株）ボンズ,出口繁夫,51.8,2007.0,2001.0,1984.0
2016102926,ノルニル,牝,石川浩文,,パイロ,000a01176a,テュケー,2010100343,ネオユニヴァース,2000101426,（同）ＪＰＮ技研,木村牧場,51.5,2005.0,2010.0,2000.0
2016101040,マサノエリゼ,牝,三野宮通,,アルデバランII,000a010541,ウインクルディール,2000102930,ブライアンズタイム,000a000082,前田敏文,猪野毛牧場,51.5,1998.0,2000.0,1985.0
2016101556,アーカート,牡,平山真希,,ゴールドヘイロー,1997101264,フサイチシルヴィ,2002104848,アフリート,000a000013,杉浦和也,澤井義一,51.3,1997.0,2002.0,1984.0
2016109067,ネイチャーシャトル,牝,三小田幸,,タイキシャトル,1994109686,モモトンボ,2010103820,ネオユニヴァース,2000101426,林田憲次,諏訪牧場,51.1,1994.0,2010.0,2000.0
2016105556,ラタウィ,牝,中川竜馬,,トーセンラー,2008102985,ジュエリークイーン,2003104592,フサイチコンコルド,1993109220,酒井孝敏,岡田牧場,51.0,2008.0,2003.0,1993.0
2016101131,グラディート,牝,菅原勲,,シンボリクリスエス,1999110099,ピクシーチャーム,2010104523,キングカメハメハ,2001103460,米津佳昭,木下牧場,50.8,1999.0,2010.0,2001.0
2016106276,メソッド,牡,斉藤正弘,,バトルプラン,000a0118e8,リボンストライプ,1992102495,トニービン,1983109006,水田栄之助,藤原牧場,50.7,2005.0,1992.0,1983.0
2016103858,トーセンジェード,牝,横山保,,トーセンロレンス,2009106085,ワルツオブキャット,2007102844,Songandaprayer,000a01069b,北原大史,エスティファーム,50.7,2009.0,2007.0,1998.0
2016106374,リッフェルゼー,牝,山田徹,,ハーツクライ,2001103038,メイデイローズ,000a012047,Rockport Harbor,000a0111ff,橘勝年,矢野牧場,50.5,2001.0,2008.0,2002.0
2016100068,レチクル,牡,菅原右吉,,スウィフトカレント,2001103189,ステルスエミオ,1999104843,ブラックタイアフェアー,000a00006e,後藤順男,飯島功典,50.3,2001.0,1999.0,1986.0
2016102482,カナデルハ,牝,山田義人,,ナカヤマフェスタ,2006102424,マルハチメイフェア,2006106730,ホワイトマズル,1990109700,瀬戸竜男,鮫川啓一,50.1,2006.0,2006.0,1990.0
2016110040,ショウナンダニエル,牡,高野友和,,Kingman,000a0124ab,Phiz,000a013aea,Galileo,000a00232b,国本哲秀,Mr R.J.H. Geffen,50.0,2011.0,2010.0,1998.0
2016110022,ドリームライクエマ,牝,矢作芳人,,Frankel,000a01239b,Nausicaa,000a013aa9,Diesis,000a001815,ニューワールドレーシング,Nausicaa Syndicate,50.0,2008.0,1996.0,1980.0
2016106488,エイシントキシラズ,牡,中尾秀正,,グラスワンダー,1995108676,エーシンマンターナ,2007101307,Mr. Greeley,000a00213e,栄進堂,栄進牧場,50.0,1995.0,2007.0,1992.0
2016106429,ボーダードライヴ,牡,小崎憲,,アドマイヤムーン,2003102991,ロイヤルバラード,000a011a54,Elusive Quality,000a00231f,村田裕子,チャンピオンズファーム,50.0,2003.0,2006.0,1993.0
2016106227,アレーテス,牝,高本友芳,,メイショウボーラー,2001100650,エナジーブルー,2009104165,アグネスタキオン,1998101516,生部初男,フジワラファーム,50.0,2001.0,2009.0,1998.0
2016105863,ジグソー,牡,林正人,,ゴールドアリュール,1999106689,ドリームバラード,2009103705,タニノギムレット,1999100226,石川達絵,タイヘイ牧場,50.0,1999.0,2009.0,1999.0
2016105810,ショウナンタンゴ,牝,吉村圭司,,マンハッタンカフェ,1998101554,ショウナンアマーレ,2006102285,ジャングルポケット,1998101786,国本哲秀,静内ファーム,50.0,1998.0,2006.0,1998.0
2016105388,ルチーフェロ,牡,高柳大輔,,トゥザグローリー,2007103265,アンジュトウショウ,1997102419,オジジアン,000a00025e,カナヤマホールディングス,秋田育成牧場,50.0,2007.0,1997.0,1983.0
2016104994,リゴメール,牡,松下武士,,ローエングリン,1999106738,ギミーシェルター,2001103073,サンデーサイレンス,000a00033a,社台レースホース,社台ファーム,50.0,1999.0,2001.0,1986.0
2016104947,エアミホーク,牡,林隆之,,ノヴェリスト,000a012230,エアワンピース,2008102792,ロックオブジブラルタル,000a00fd4c,ラッキーフィールド,社台ファーム,50.0,2009.0,2008.0,1999.0
2016104915,キタサンハイドン,牡,川島正一,,ロードカナロア,2008103552,アルテシア,2002100615,サンデーサイレンス,000a00033a,大野商事,社台ファーム,50.0,2008.0,2002.0,1986.0
2016104866,カリナン,牝,矢作芳人,,ヴィクトワールピサ,2007102923,ライジングクロス,000a011523,Cape Cross,000a0022ae,寺田寿男,ノーザンファーム,50.0,2007.0,2003.0,1994.0
2016104782,サトノボヌール,牝,安田隆行,,ロードカナロア,2008103552,スターダムバウンド,000a011a43,Tapit,000a011248,サトミホースカンパニー,ノーザンファーム,50.0,2008.0,2006.0,2001.0
2016104655,ベリーニピンク,牝,手塚貴久,,ダイワメジャー,2001103114,ラベンダーカラー,2008103209,サクラバクシンオー,1989108341,青芝商事,ノーザンファーム,50.0,2001.0,2008.0,1989.0
2016104620,シーザウェイクリア,牡,武井亮,,ジャスタウェイ,2009106461,ポーレン,000a011cd8,Orpen,000a002326,シルクレーシング,社台コーポレーション白老ファーム,50.0,2009.0,2005.0,1996.0
2016104567,アストライア,牝,池添学,,キングカメハメハ,2001103460,ハープスター,2011104000,ディープインパクト,2002100816,キャロットファーム,ノーザンファーム,50.0,2001.0,2011.0,2002.0
2016104482,サトノフリージア,牝,堀宣行,,ハービンジャー,000a011996,サトノフローラ,2008103364,アグネスタキオン,1998101516,サトミホースカンパニー,ノーザンファーム,50.0,2006.0,2008.0,1998.0
2016104325,ウインドブラーハ,牝,武幸四郎,,ヨハネスブルグ,000a0103b9,メモリアルサマー,1998101490,サンデーサイレンス,000a00033a,社台レースホース,追分ファーム,50.0,1999.0,1998.0,1986.0
2016104169,セクシイフラワー,牝,村上正和,,タニノギムレット,1999100226,セクシイスイート,2008102488,タヤスツヨシ,1992109612,平岡茂樹,平岡牧場,50.0,1999.0,2008.0,1992.0
2016103673,アラタマピサ,牡,浜田多実,,ヴィクトワールピサ,2007102923,アラタマデジタル,2006106092,アグネスデジタル,1997110025,荒木謙次,槇本牧場,50.0,2007.0,2006.0,1997.0
2016103623,ホウキヤマザール,牝,岩本洋,,ベルシャザール,2008103004,タイキミューズ,2002105495,スペシャルウィーク,1995103211,西森鶴,宝寄山忠則,50.0,2008.0,2002.0,1995.0
2016103383,メイショウヒノクニ,牡,大橋勇樹,,ヴィクトワールピサ,2007102923,レッドマシェリ,2007102830,Gone West,000a001be1,松本好雄,戸川牧場,50.0,2007.0,2007.0,1984.0
2016103018,クイックステップ,牝,高木登,,モンテロッソ,000a011b05,エールドクラージュ,2005103095,シンボリクリスエス,1999110099,ラ・メール,三城ボクジョウ,50.0,2007.0,2005.0,1999.0
2016102403,オキノレディー,牝,三坂盛雄,,キングズベスト,000a0022d2,オキノキセキ,2007103656,フジキセキ,1992109618,沖山裕子,高昭牧場,50.0,1997.0,2007.0,1992.0
2016102107,スズカコンパス,牡,木原一良,,ジャスタウェイ,2009106461,インコンパス,000a01063b,Sadler's Wells,000a00185d,永井啓弍,日の出牧場,50.0,2009.0,2001.0,1981.0
2016101824,プルーンチャン,牝,宇野木博,,ディープブリランテ,2009105084,カフェショコラ,1998110224,Caerleon,000a0016eb,津田浩一,グランデファーム,50.0,2009.0,1998.0,1980.0
2016101585,ダンツアタッカー,牡,池添兼雄,,シニスターミニスター,000a011099,ポルタマリーナ,2007101169,ストラヴィンスキー,000a00fa41,山元哲二,富田恭司,50.0,2003.0,2007.0,1996.0
2016101046,グランジェット,牡,佐々木晶,,エイシンフラッシュ,2007102951,メイケイキララ,2001100865,タイキシャトル,1994109686,間宮秀直,猪野毛牧場,50.0,2007.0,2001.0,1994.0
2016100747,エミネントローズ,牝,勢司和浩,,ロージズインメイ,000a010a10,マイネノーブレス,2007105000,マヤノトップガン,1992102988,ビッグレッドファーム,ビッグレッドファーム,50.0,2000.0,2007.0,1992.0
2016100626,ラスヴェート,セ,上原博之,,ヴィクトワールピサ,2007102923,ロアジス,2011110021,Medaglia d'Oro,000a010a65,ノースヒルズ,ノースヒルズ,50.0,2007.0,2011.0,1999.0
2016100602,ララムリ,牝,和田正一,,ゼンノロブロイ,2000101517,シネマスコープ,1993105186,トニービン,1983109006,前田葉子,ノースヒルズ,50.0,2000.0,1993.0,1983.0
2016100244,グレンラグーン,牡,粕谷昌央,,ダノンシャンティ,2007105709,サマーラグーン,2006106459,ボストンハーバー,000a00007c,コスモヴューファーム,コスモヴューファーム,50.0,2007.0,2006.0,1994.0
2016100157,アスターハリケーン,牡,中竹和也,,ルーラーシップ,2007103143,ヒシシンエイ,2001101622,スペシャルウィーク,1995103211,加藤久枝,カミイスタット,50.0,2007.0,2001.0,1995.0
2016100122,シゲルネコライト,牝,新山広道,,グラスワンダー,1995108676,ヒロコファンタジー,2007105104,ゼンノロブロイ,2000101517,（同）ＪＰＮ技研,大林ファーム,50.0,1995.0,2007.0,2000.0
2016100056,バブリン,牝,的場均,,ストロングリターン,2006102934,パレスメダーリア,2009104436,ハーツクライ,2001103038,井上久光,安達洋生,50.0,2006.0,2009.0,2001.0
2016103969,ブレイブバイオ,牡,森沢友貴,,アドマイヤムーン,2003102991,ビクトリアスバイオ,2006106318,キングカメハメハ,2001103460,バイオ,坂東牧場,49.9,2003.0,2006.0,2001.0
2016101852,サンエイゼウス,牡,瀬戸幸一,,シンボリクリスエス,1999110099,エイシンボン,2011105757,ハーツクライ,2001103038,鈴木雅俊,佐々木恵一,49.9,1999.0,2011.0,2001.0
2016106344,トミケンヴァール,牝,西久保政,,エイシンフラッシュ,2007102951,リファインド,2011102625,オペラハウス,000a000d77,（同）ＪＰＮ技研,松田牧場,49.7,2007.0,2011.0,1988.0
2016101998,スリーヘブン,牝,川西毅,,ハービンジャー,000a011996,スリーベラミ,2010102671,ディープインパクト,2002100816,永井商事,辻牧場,49.5,2006.0,2010.0,2002.0
2016102660,スミセイブレイバー,牡,大橋敬永,,グランプリボス,2008103388,アモーレマテルノ,2007105714,ファンタスティックライト,1996190005,木戸英世,村下明博,49.4,2008.0,2007.0,1996.0
2016100815,パワーゲーム,牡,安田武広,,サウスヴィグラス,1996110138,ロージーズシスター,000a00fe60,ロイヤルアカデミーII,000a000d87,山崎和哉,松浦牧場,49.4,1996.0,1999.0,1987.0
2016106004,プロポーズ,牝,高橋純,,マンハッタンカフェ,1998101554,ノブクィーン,2007109144,シンボリクリスエス,1999110099,前田亘輝,千代田牧場,49.3,1998.0,2007.0,1999.0
2016100036,カットビガール,牝,桜田康二,,タニノギムレット,1999100226,パラドーロ,2011104072,ステイゴールド,1994108729,岡本真二,浅川牧場,49.3,1999.0,2011.0,1994.0
2016105927,サクラファミリー,牝,尾原強,,モンテロッソ,000a011b05,サクラアリア,2004104603,マンハッタンカフェ,1998101554,角山喜信,谷岡牧場,49.2,2007.0,2004.0,1998.0
2016102745,ウインコンダクター,牡,吉井敏雄,,ジャスタウェイ,2009106461,リバラン,2004103212,アグネスタキオン,1998101516,栗嶋豊明,ディアレストクラブ,49.0,2009.0,2004.0,1998.0
2016100314,イエスユウキャン,牝,池田忠好,,パドトロワ,2007102760,ボーシュヴァル,2007102874,ゼンノロブロイ,2000101517,結城喜一,スカイビーチステーブル,49.0,2007.0,2007.0,2000.0
2016103662,リネンココロ,牝,浜田一夫,,スクリーンヒーロー,2004103328,ヒカリブラッシア,2000107332,ヒカリバオー,1994109699,戸山昌彦,前川義則,48.9,2004.0,2000.0,1994.0
2016102419,メイショウクラマ,牡,大島静夫,,ベーカバド,000a011dc0,セイウンメイリー,2005106496,アグネスタキオン,1998101516,北原大史,高昭牧場,48.9,2007.0,2005.0,1998.0
2016102085,ルナーレス,牝,佐久間雅,,メイショウボーラー,2001100650,ニットウジャンヌ,2001100624,サクラバクシンオー,1989108341,日東牧場,日東牧場,48.9,2001.0,2001.0,1989.0
2016104560,ニューヒロイン,牝,小西重征,,ネオヴァンドーム,2007102913,ネオフェリーク,2007103155,キングカメハメハ,2001103460,新井昭二,ノーザンファーム,48.6,2007.0,2007.0,2001.0
2016105757,ミカーナ,牝,宇野木博,,ヴァーミリアン,2002100877,イサミフラワー,2003104825,フォーティナイナー,000a000134,大塚文夫,坂本春雄,48.5,2002.0,2003.0,1985.0
2016103627,ビッグシラオキ,牝,関本浩司,,エンパイアメーカー,000a010542,ビッグスマイル,2008104471,タニノギムレット,1999100226,大黒富美子,宝寄山忠則,48.5,2000.0,2008.0,1999.0
2016103255,ブラックファラオ,牡,竹口勝利,,ブラックタイド,2001103312,マチカネエンムスビ,1994109607,Caerleon,000a0016eb,（同）ＪＰＮ技研,高山牧場,48.5,2001.0,1994.0,1980.0
2016105027,マスティフ,牡,尾島徹,,ゴールドアリュール,1999106689,サンヴァンサン,2007103098,クロフネ,1998110135,村木篤,社台コーポレーション白老ファーム,48.4,1999.0,2007.0,1998.0
2016104212,ブルーリバンド,牡,川西毅,,バトルプラン,000a0118e8,プリティガール,2007102634,アドマイヤマックス,1999107004,山口博司,吉田牧場,48.4,2005.0,2007.0,1999.0
2016101096,ラーニア,牝,中野博,,ワークフォース,000a011a7f,ベルディマンシェ,2001103028,サンデーサイレンス,000a00033a,（同）ＪＰＮ技研,折手牧場,48.4,2007.0,2001.0,1986.0
2016105868,アートノーブル,牝,桜田浩樹,,ハーツクライ,2001103038,ミネルバサウンド,2003109313,ブライアンズタイム,000a000082,森山進,タイヘイ牧場,48.3,2001.0,2003.0,1985.0
2016102064,ダニースペシャル,牡,井上孝彦,,ローレルゲレイロ,2004100933,テイエムブルーアイ,1999109040,サンデーサイレンス,000a00033a,小菅誠,南部功,48.2,2004.0,1999.0,1986.0
2016101068,クレバーゲイン,牡,石毛善彦,,ローズキングダム,2007103404,バトルパンタナール,2009104409,アグネスタキオン,1998101516,木村牧場,沖田忠幸,48.0,2007.0,2009.0,1998.0
2016102039,メイショウセンテ,牝,伊藤強一,,カジノドライヴ,2005110112,レッドロザリー,2011104380,ゼンノロブロイ,2000101517,（同）ＪＰＮ技研,富田牧場,47.9,2005.0,2011.0,2000.0
2016110123,リバイバルソウル,牡,佐藤雅彦,,During,000a013c84,Knotty Ash,000a013cc0,Silver Deputy,000a001fa3,栗山正,BHMFR LLC,47.8,2000.0,2003.0,1985.0
2016103898,ジェントルブリーズ,牝,板垣吉則,,トーセンジョーダン,2006103169,フレノカトリーヌ,2004101784,クロフネ,1998110135,渡辺善治郎,協栄組合,47.8,2006.0,2004.0,1998.0
2016102894,シゲルトルコイシ,牝,松山将樹,,アドマイヤムーン,2003102991,シゲルキリガミネ,2006104703,グランデラ,000a00fe3b,森中蕃,川端正博,47.8,2003.0,2006.0,1998.0
2016105437,ザパーティー,牡,山崎裕也,,フリオーソ,2004106867,マイネリスペクト,2008104071,リンカーン,2000101561,竹下浩一,上野正恵,47.7,2004.0,2008.0,2000.0
2016105333,マルヨバーディ,牡,柴田高志,,バーディバーディ,2007100567,ベロニカ,1997104047,エイシンサンディ,1993103280,野村春行,鈴木武蔵,47.6,2007.0,1997.0,1993.0
2016102780,フジミ,牝,佐々木国,,ロードカナロア,2008103552,キルシュワッサー,2003105704,サクラバクシンオー,1989108341,杉澤光雄,天羽禮治,47.6,2008.0,2003.0,1989.0
2016104962,ブリリアンティーン,牝,黒木豊,,ダイワメジャー,2001103114,エロージュ,2006103049,フサイチコンコルド,1993109220,寺岡一彦,社台ファーム,47.5,2001.0,2006.0,1993.0
2016101335,ジュントモチャン,牝,三小田幸,,ルーラーシップ,2007103143,レディパッション,2011101441,ネオユニヴァース,2000101426,河合純二,ヒサイファーム,47.5,2007.0,2011.0,2000.0
2016106271,シンモエ,牝,藤ヶ崎一,,ケープブランコ,000a011b06,テンザンオトヒメ,2003102756,フジキセキ,1992109618,（同）ＪＰＮ技研,藤原牧場,47.4,2007.0,2003.0,1992.0
2016101272,ヴェルグンデ,牝,川西毅,,ゴールドアリュール,1999106689,ミズホ,1999104988,ナリタブライアン,1991108889,宮川保,土田扶美子,47.0,1999.0,1999.0,1991.0
2016103413,レインボーベルン,牝,城地俊光,,キャプテントゥーレ,2005102216,レインボーデイズ,2008105879,ジャングルポケット,1998101786,大黒富美子,ナカノファーム,46.8,2005.0,2008.0,1998.0
2016101884,メイショウハクト,牝,加藤和義,,ディープブリランテ,2009105084,メイショウナゴン,2007100984,メイショウホムラ,1988101162,小林勝,太陽牧場,46.8,2009.0,2007.0,1988.0
2016106008,ジョーダンケルク,牡,打越勇児,,ダンカーク,000a012185,ヒラボクドリーム,2006101231,キングカメハメハ,2001103460,上田江吏子,千代田牧場,46.5,2006.0,2006.0,2001.0
2016103385,ジュンダ,牡,佐々木由,,ロードカナロア,2008103552,モープラ,2005103414,ブライアンズタイム,000a000082,欠畑圭一,豊郷牧場,46.5,2008.0,2005.0,1985.0
2016106089,コヒバリ,牡,橋本忠明,,ストロングリターン,2006102934,エネルバ,2005104480,ミラクルアドマイヤ,1995107939,油木大樹,西川富岡牧場,46.4,2006.0,2005.0,1995.0
2016102710,ウズシオ,牡,金田一昌,,フリオーソ,2004106867,パドブレ,2006102113,ホワイトマズル,1990109700,北原大史,ミルファーム,46.4,2004.0,2006.0,1990.0
2016101671,ハーピーダイナソー,牡,倉地学,,アドマイヤマックス,1999107004,エーシンシャイナー,2010104635,グラスワンダー,1995108676,小林伸幸,栄進牧場,46.4,1999.0,2010.0,1995.0
2016101652,ヤスノギムレット,牝,三小田幸,,マツリダゴッホ,2003104570,エイシントット,2011105576,タニノギムレット,1999100226,廣松重信,栄進牧場,46.3,2003.0,2011.0,1999.0
2016104809,ナムラテンゲル,牝,杉山晴紀,,トゥザグローリー,2007103265,ドリームティアラ,2011103859,ハーツクライ,2001103038,奈村睦弘,ノーザンファーム,46.0,2007.0,2011.0,2001.0
2016101018,ゲリュオラ,牡,今津博之,,グラスワンダー,1995108676,サイドシル,2009104327,サウスヴィグラス,1996110138,熊谷貴之,浅川牧場,46.0,1995.0,2009.0,1996.0
2016105947,サタディサンディ,牝,古賀光範,,パドトロワ,2007102760,ジネブラルスキー,1999106666,ピルサドスキー,1992190011,西村新一郎,釘田義美,45.8,2007.0,1999.0,1992.0
2016106542,クラリティ,牝,及川良春,,ネヴァブション,2003107368,リンダムーン,2004106437,リンドシェーバー,1988107894,大黒富美子,小田牧場,45.7,2003.0,2004.0,1988.0
2016105486,ステイドネス,牝,中川公成,,アイルハヴアナザー,000a011ed3,ステイトリーデイズ,2004103201,スペシャルウィーク,1995103211,岡田牧雄,岡田スタッド,45.7,2009.0,2004.0,1995.0
2016103733,ピンクラグーン,牝,大島静夫,,ローズキングダム,2007103404,ロッソペーガゾ,2001107320,ブライアンズタイム,000a000082,北原大史,森永牧場,45.7,2007.0,2001.0,1985.0
2016100441,レッドホース,牡,井上孝彦,,スターリングローズ,1997106560,ナムラインプレス,2008104667,チーフベアハート,1993190010,小菅誠,つつみ牧場,45.7,1997.0,2008.0,1993.0
2016105940,ブルベアセピア,牡,鈴木義久,,ベルシャザール,2008103004,ウルフコール,2000101403,バブルガムフェロー,1993109219,森中蕃,谷藤弘美,45.6,2008.0,2000.0,1993.0
2016101386,シェナケープ,牝,山田正実,,ケープブランコ,000a011b06,ピサノアリュメール,2002100559,サンデーサイレンス,000a00033a,冨田藤男,前川勝春,45.6,2007.0,2002.0,1986.0
2016106382,マウリッツハイス,牝,西村守幸,,ローレルゲレイロ,2004100933,カイドウ,2011100354,ワイルドラッシュ,000a0003a1,杉浦和也,山際智,45.5,2004.0,2011.0,1994.0
2016105842,アンナージュ,牝,諏訪貴正,,アサクサキングス,2004103163,アートリョウコ,2011102182,タイキシャトル,1994109686,山口正行,聖心台牧場,45.3,2004.0,2011.0,1994.0
2016103901,ラストドラマ,牝,小村正也,,プリサイスエンド,000a00fe9b,フィドラー,2010104478,ダイワメジャー,2001103114,角谷泰介,黒川賢司,45.1,1997.0,2010.0,2001.0
2016103399,ヤシャジン,牡,佐藤雅彦,,ヴァーミリアン,2002100877,ディクシーゴールド,2005102591,ゴールドアリュール,1999106689,内藤正生,中館牧場,45.0,2002.0,2005.0,1999.0
2016104136,ショウナンランジュ,牝,森沢友貴,,キングカメハメハ,2001103460,ショウナンマライア,2005102139,クロフネ,1998110135,国本哲秀,青藍牧場,44.9,2001.0,2005.0,1998.0
2016101851,アサケビンゴ,牡,井上正,,ジャングルポケット,1998101786,チャーミングギャル,2004103410,タバスコキャット,000a000348,大橋堯,坂本晴美,44.8,1998.0,2004.0,1991.0
2016103776,フリアン,牝,伊藤和,,アイルハヴアナザー,000a011ed3,シルヴァースプーン,2008102861,アグネスタキオン,1998101516,松田正一,山際辰夫,44.6,2009.0,2008.0,1998.0
2016103292,インポージング,牡,笹野博司,,キングズベスト,000a0022d2,アラリーン,000a0127f0,Selkirk,000a001fab,川上和彦,ダーレー・ジャパン・ファーム,44.6,1997.0,2008.0,1988.0
2016100416,クリノエメラルド,牝,渡瀬寛彰,,ジョーカプチーノ,2006100529,アズマタイガー,2000107066,エリシオ,1993190001,栗本八江,大作ステーブル,44.5,2006.0,2000.0,1993.0
2016105321,マホウトキセキ,牝,内田勝義,,ナカヤマフェスタ,2006102424,メイショウアモーレ,2002103294,タイキシャトル,1994109686,高橋照比古,絵笛牧場,44.4,2006.0,2002.0,1994.0
2016106500,パープルカムカム,牡,鈴木正也,,ゼンノロブロイ,2000101517,マシロンガール,2003110029,With Approval,000a001c5f,岩崎僖澄,栄進牧場,44.3,2000.0,2003.0,1986.0
2016105976,キンダイチ,牝,海馬沢司,,ルーラーシップ,2007103143,サトノジュエル,2009103846,アグネスタキオン,1998101516,（同）ＪＰＮ技研,千代田牧場,44.0,2007.0,2009.0,1998.0
2016101261,アルカンジェラ,牝,森山英雄,,ケープブランコ,000a011b06,タッキーナ,2006103744,アグネスタキオン,1998101516,（同）ＪＰＮ技研,土田農場,44.0,2007.0,2006.0,1998.0
2016110145,アースプレリュード,牡,斉藤正弘,,Strong Mandate,000a013ee4,Carson Copy,000a013ee5,Carson City,000a001e7d,木下康昭,Summer Hill Farm LLC,43.8,2011.0,2004.0,1987.0
2016106408,ウジラーサン,牝,佐藤雅彦,,オルフェーヴル,2008102636,タイキアプローズ,2000110011,Devil's Bag,000a001a8f,瀬谷隆雄,チャンピオンズファーム,43.8,2008.0,2000.0,1981.0
2016103045,アマポーラ,牝,菅原右吉,,ジャスタウェイ,2009106461,インプレスゴールド,2004105639,ブライアンズタイム,000a000082,下河辺牧場,下河辺牧場,43.7,2009.0,2004.0,1985.0
2016101913,ファカレワレワ,牡,植松則幸,,ワークフォース,000a011a7f,ヴュルデバンダム,2009101245,ダンスインザダーク,1993109188,（株）ファーストビジ,谷川牧場,43.7,2007.0,2009.0,1993.0
2016105861,セレーネワルツ,牝,佐藤雅彦,,アドマイヤムーン,2003102991,テネシーワルツ,2010102850,High Chaparral,000a010270,石川諭,タイヘイ牧場,43.6,2003.0,2010.0,1999.0
2016105451,パワポケエリ,牝,福永敏,,ローエングリン,1999106738,ベガフライト,2007102130,クロフネ,1998110135,柳原敏雄,大滝康晴,43.5,1999.0,2007.0,1998.0
2016104108,ソルディーヴァ,牝,山田質,,ナカヤマフェスタ,2006102424,シルキーメイン,2004110243,Barathea,000a000054,桧森高史,大川牧場,43.5,2006.0,2004.0,1990.0
2016103799,タカノカドーロ,牡,池田忠好,,スマートファルコン,2005100097,シルバーシップ,2009103055,クロフネ,1998110135,毛利一之,若林順一,43.5,2005.0,2009.0,1998.0
2016103751,キュアライト,牝,柘榴浩樹,,ベルシャザール,2008103004,アプローズライト,2003106919,アグネスタキオン,1998101516,（株）心頼ＬｏｏＰ,ヤナガワ牧場,43.5,2008.0,2003.0,1998.0
2016101120,ケンマックス,牡,荒山勝徳,,プリサイスエンド,000a00fe9b,モエレピンクレディ,2006103785,ゴールドヘイロー,1997101264,（株）エスティ,加野牧場,43.5,1997.0,2006.0,1997.0
2016104083,ハクユウセンター,牝,池田忠好,,アドマイヤムーン,2003102991,アスクレピアス,2002105072,ヘクタープロテクター,000a000d6b,Ｈ．Ｉコーポレーション,上水牧場,43.3,2003.0,2002.0,1988.0
2016103682,クリノリトルスター,牝,水野善太,,ナカヤマフェスタ,2006102424,バクシンクリチャン,2009102007,サクラバクシンオー,1989108341,小橋亮太,増尾牧場,43.2,2006.0,2009.0,1989.0
2016104386,クーダルジャン,牡,千葉博次,,オルフェーヴル,2008102636,ルシルク,000a0117a1,Dynaformer,000a001dd9,岩渕瑞生,社台コーポレーション白老ファーム,42.9,2008.0,2004.0,1985.0
2016103232,リニアドライヴ,牝,田辺陽一,,カジノドライヴ,2005110112,デュリュクス,2007106763,メイショウオウドウ,1995101767,山邉浩,スマイルファーム,42.9,2005.0,2007.0,1995.0
2016106219,デュエットソング,牝,工藤裕孝,,ダノンシャンティ,2007105709,デュエット,2011104479,コンデュイット,2005190006,結城喜一,藤沢牧場,42.7,2007.0,2011.0,2005.0
2016102893,ラスベガスビーム,牝,湯前良人,,ジャングルポケット,1998101786,モカサンデー,1999103672,サンデーサイレンス,000a00033a,北原光一郎,川島正広,42.7,1998.0,1999.0,1986.0
2016102624,ビザージュミニョン,牝,碇清次郎,,グランプリボス,2008103388,ララミニョンヌ,2011103337,プリサイスエンド,000a00fe9b,松尾勝裕,ヒダカファーム,42.5,2008.0,2011.0,1997.0
2016100332,ヨシノリーヴァ,牡,秋吉和美,,ダイタクリーヴァ,1997105873,カネマサドルチェ,2006100997,ホワイトマズル,1990109700,田村義徳,スターファーム,42.5,1997.0,2006.0,1990.0
2016103705,スローエクスプレス,牝,小桧山悟,,カジノドライヴ,2005110112,ミスティローズ,2011100947,ネオユニヴァース,2000101426,本杉芳郎,メイプルファーム,42.0,2005.0,2011.0,2000.0
2016100864,アルジャウザー,牡,箕輪武,,ワークフォース,000a011a7f,プレンティオブラヴ,2002100666,コマンダーインチーフ,000a0000b0,（株）ＳＫＴ,村上欽哉,42.0,2007.0,2002.0,1990.0
2016100530,タガノバレッティ,牝,長谷川浩,,ハーツクライ,2001103038,バレドクール,2008102874,タニノギムレット,1999100226,八木良司,新冠タガノファーム,42.0,2001.0,2008.0,1999.0
2016102361,ヤースミーン,牝,栗本陽一,,ベーカバド,000a011dc0,ヤマカツジャスミン,1999105474,フジキセキ,1992109618,樋口雅彦,北俣牧夫,41.8,2007.0,1999.0,1992.0
2016101066,ニットウヴィクスン,牝,酒井仁,,サムライハート,2002100996,ツルヒメ,2006103531,ツルマルボーイ,1998106357,藤井謙,沖田忠幸,41.8,2002.0,2006.0,1998.0
2016100492,サンダイドリーム,牝,徳本慶一,,サンカルロ,2006102822,イシノエレガンス,1998105666,ダンスインザダーク,1993109188,荒川三代子,長浜秀昭,41.5,2006.0,1998.0,1993.0
2016100085,アグネア,牝,山田義人,,エスポワールシチー,2005102837,ドラゴンラッシュ,2006104131,ワイルドラッシュ,000a0003a1,（株）本城,石田牧場,41.5,2005.0,2006.0,1994.0
2016105150,デルマトリオンフ,牝,金田一昌,,ゴールドアリュール,1999106689,バトルエンプレス,2000101447,トニービン,1983109006,浅沼廣幸,社台ファーム,41.2,1999.0,2000.0,1983.0
2016101846,ベレーザ,牝,尾島徹,,ハーツクライ,2001103038,ブラジリアンビューティ,000a011a96,Galileo,000a00232b,カナヤマホールディングス,酒井牧場,41.0,2001.0,2007.0,1998.0
2016103268,トーホウピーレン,牝,原口次夫,,オルフェーヴル,2008102636,トーホウレビン,2002106825,サッカーボーイ,1985103538,東豊物産（株）,竹島幸治,40.9,2008.0,2002.0,1985.0
2016103371,サンメドフォード,牝,栗本陽一,,トーセンジョーダン,2006103169,イフリータ,2006102487,フレンチデピュティ,000a00013a,花井栄治,出口牧場,40.8,2006.0,2006.0,1992.0
2016103701,ウエイクベリー,牝,池田孝,,ネオヴァンドーム,2007102913,ネオヴェリーベリー,2006102944,ホワイトマズル,1990109700,上野進二,メイプルファーム,40.5,2007.0,2006.0,1990.0
2016102887,フェアリーラブ,牝,佐藤賢二,,パイロ,000a01176a,ミスティックラヴ,2005102501,ダンスインザダーク,1993109188,鈴木伸昭,神島芳仁,40.5,2005.0,2005.0,1993.0
2016102579,タカユミレディー,牝,市村誠,,バトルプラン,000a0118e8,ジョーテンオン,1998101553,サンデーサイレンス,000a00033a,高橋一郎,野表俊一,40.5,2005.0,1998.0,1986.0
2016100089,ニッケルオデオン,牝,凾館一昭,,シビルウォー,2005102317,ホープフルドリーム,2010105318,バゴ,2001190004,桧森高史,石田牧場,40.5,2005.0,2010.0,2001.0
2016106479,キャッシュボックス,牡,飯田弘道,,キングカメハメハ,2001103460,エーシンサーフィン,2004101724,フレンチデピュティ,000a00013a,太田雅貴,栄進牧場,40.4,2001.0,2004.0,1992.0
2016105944,ストロングコンビ,牡,和田雄二,,ストロングリターン,2006102934,エイダイハート,1998101136,ハートレイク,1991190002,西村新一郎,田原橋本牧場,40.0,2006.0,1998.0,1991.0
2016102580,フクマル,牡,酒井一則,,ベルシャザール,2008103004,リハーサル,2009102679,ストーミングホーム,1998190003,（株）フロンティア・,野表俊一,40.0,2008.0,2009.0,1998.0
2016102906,ブラジリアンビキニ,牝,村上昌幸,,キングズベスト,000a0022d2,クラウディア,2008106478,マンハッタンカフェ,1998101554,岩渕瑞生,北田剛,39.8,1997.0,2008.0,1998.0
2016110052,スマートネフィリム,牡,松浦聡志,,Giant's Causeway,000a0022e1,Shoe Queen,000a013bd5,E Dubai,000a010a94,（株）大川徹ホールデ,Scott Pierce & Debbie Pierce,39.6,1997.0,2010.0,1998.0
2016102975,サンウォータールー,セ,土井道隆,,ナカヤマフェスタ,2006102424,チャームエンジェル,2005110222,Theatrical,000a001bed,西村健作,ケイズ,39.6,2006.0,2005.0,1982.0
2016102166,ゴールドボレアス,牡,尾島徹,,ゴールドアリュール,1999106689,タフネスデジタル,2006101032,アグネスデジタル,1997110025,甘糟裕介,三嶋牧場,39.5,1999.0,2006.0,1997.0
2016103408,ジェイエルシップ,牝,藤ヶ崎一,,ハービンジャー,000a011996,ホウライサンデー,2000106611,サンデーサイレンス,000a00033a,橋元幸人,ナカノファーム,39.4,2006.0,2000.0,1986.0
2016103759,スターオブワンダー,牡,川添明弘,,グラスワンダー,1995108676,シルキーステラ,2002107298,ブライアンズタイム,000a000082,（同）ＪＰＮ技研,ヤナガワ牧場,39.2,1995.0,2002.0,1985.0
2016102575,ミーラークルム,牝,加藤和宏,,スマートロビン,2008100685,ミラグロレディ,2006100510,マイネルラヴ,1995108558,（株）ファーストビジ,中村雅明,38.9,2008.0,2006.0,1995.0
2016101623,キシュウブライト,牝,西久保政,,タイキシャトル,1994109686,トミケンブライト,1997100292,ワカオライデン,1981100841,小橋亮太,今井秀樹,38.9,1994.0,1997.0,1981.0
2016104733,オーサムウインド,牝,田中淳司,,ディープインパクト,2002100816,オーサムフェザー,000a0124d0,Awesome of Course,000a0123ea,サンデーレーシング,ノーザンファーム,38.8,2002.0,2008.0,2000.0
2016102515,グランパルトネール,牝,田中淳司,,メイショウボーラー,2001100650,サクセスベルーナ,2009101376,シンボリクリスエス,1999110099,鈴木真,高岸順一,38.8,2001.0,2009.0,1999.0
2016106155,マナヤクシ,牝,川添明弘,,ヴァーミリアン,2002100877,ボイルトウショウ,2011102321,ケイムホーム,000a0108d1,（同）ＭＩＲＡＩ,畠山牧場,38.7,2002.0,2011.0,1999.0
2016105977,ミアフィリア,牝,尾島徹,,ゴールドアリュール,1999106689,サトノラミア,2009103886,ブライアンズタイム,000a000082,飯田正剛,千代田牧場,38.4,1999.0,2009.0,1985.0
2016100163,デュオビギン,牝,佐藤祐司,,トビーズコーナー,000a011fed,イヴニングミスト,000a010565,Pulpit,000a002133,Ｉレーシング（株）,上井農場,37.7,2008.0,2000.0,1994.0
2016105852,アネラユー,牝,宇野木博,,ロージズインメイ,000a010a10,ハーフムーンベイ,1998101726,Kris S.,000a0016f2,大塚文夫,曾我博,37.5,2000.0,1998.0,1977.0
2016104271,ガイヤルド,牡,奥高平,,ヘニーヒューズ,000a011155,ゴールデンロッド,2011103664,キングカメハメハ,2001103460,（株）ファーストビジ,社台コーポレーション白老ファーム,37.5,2003.0,2011.0,2001.0
2016103703,オチボル,牡,高橋文雅,,ヴァーミリアン,2002100877,ヒメゴリョウ,2005107064,メジロマックイーン,1987107235,西城公雄,メイプルファーム,37.5,2002.0,2005.0,1987.0
2016101158,ロードルーツ,牡,高橋義忠,,ロードカナロア,2008103552,ニンフェアアルバ,000a012520,Monsun,000a010db6,ロードホースクラブ,ケイアイファーム,37.5,2008.0,2007.0,1990.0
2016100280,イジェン,牡,田中譲二,,トーセンホマレボシ,2009106092,ユノエポック,2006103079,アグネスデジタル,1997110025,酒井孝敏,坂元芳春,37.5,2009.0,2006.0,1997.0
2016106041,キャルグリーン,牝,湯前良人,,ケープブランコ,000a011b06,リンターバル,000a01250b,Desert Prince,000a0022c1,遠藤喜和,千代田牧場,37.4,2007.0,2005.0,1995.0
2016110101,カタールパール,牡,森山英雄,,Frankel,000a01239b,パールオブアフリカ,000a01390a,Jeremy,000a012af9,松谷翔太,Hall Of Fame Stud Ltd.,37.3,2008.0,2010.0,2003.0
2016100778,スマイルティアラ,牝,城地俊光,,キングヘイロー,1995104427,キャットストリート,2003102759,クロフネ,1998110135,金野博幸,北星村田牧場,37.3,1995.0,2003.0,1998.0
2016101949,ハクサンウッド,牡,加藤和義,,シルポート,2005109202,ミサトバレー,2005100980,ミラクルアドマイヤ,1995107939,河崎五市,谷口牧場,37.2,2005.0,2005.0,1995.0
2016101044,クリプトカレンシー,牝,室井真文,,ケープブランコ,000a011b06,シルフィード,2009101402,シンボリクリスエス,1999110099,遠藤喜和,猪野毛牧場,37.1,2007.0,2009.0,1999.0
2016105323,グランベガ,牝,諏訪貴正,,キングヘイロー,1995104427,トップキララ,2003101766,ステイゴールド,1994108729,間宮秀直,大西ファーム,37.0,1995.0,2003.0,1994.0
2016100210,ソラタカク,牡,頼本盛行,,ローズキングダム,2007103404,キネオスイトピー,2010105454,アドマイヤムーン,2003102991,高橋伸一,小泉牧場,36.8,2007.0,2010.0,2003.0
2016103807,トーセントルマリン,牝,橘友和,,ノヴェリスト,000a012230,アドマイヤキャロル,2007103249,スペシャルウィーク,1995103211,大田恭充,エスティファーム,36.6,2009.0,2007.0,1995.0
2016105936,サクラエタンセル,牡,斉藤正弘,,ハービンジャー,000a011996,ブリリアントスター,000a0117f8,Storm Cat,000a001a98,さくらコマース,谷岡牧場,36.3,2006.0,2003.0,1983.0
2016101112,ヨシノダイヤ,牡,斉藤雄一,,プリサイスエンド,000a00fe9b,サウンドベル,2008103496,サクラバクシンオー,1989108341,斉藤秀文,加野牧場,36.3,1997.0,2008.0,1989.0
2016106588,アースジェロディ,牡,岡島玉一,,ハービンジャー,000a011996,ホシノアテナ,2002104915,サンデーサイレンス,000a00033a,松山増男,アイオイファーム,36.2,2006.0,2002.0,1986.0
2016105234,ドラジェブルー,牡,松木啓助,,ノヴェリスト,000a012230,マルカキャンディ,1996107183,サンデーサイレンス,000a00033a,岡林英雄,社台ファーム,36.2,2009.0,1996.0,1986.0
2016105153,パーソナルビリーフ,牝,小野望,,ヴィクトワールピサ,2007102923,パーソナルレジェンド,000a010ac0,Awesome Again,000a0021cb,立山伸二,社台ファーム,36.2,2007.0,2000.0,1994.0
2016109053,キタグローリアス,牝,桜田康二,,スクワートルスクワート,000a000da4,キタインサイン,2008109078,キンググローリアス,000a000d48,北村守彦,北村牧場,36.1,1998.0,2008.0,1986.0
2016109082,エモーショナル,牝,平田正一,,シビルウォー,2005102317,アヴェネンテ,2008101095,ファンタスティックライト,1996190005,（株）Ｎｉｃｋｓ,町屋勝幸,36.0,2005.0,2008.0,1996.0
2016100410,ブルベアクレーマ,牡,九日俊光,,スペシャルウィーク,1995103211,ドリームピーチ,2007104565,タップダンスシチー,1997110043,森中蕃,大栄牧場,36.0,1995.0,2007.0,1997.0
2016105525,ホウオウブリュレ,牝,尾島徹,,トーセンラー,2008102985,ムーニーポンズ,000a011508,Mizzen Mast,000a0109d3,谷口祐人,岡田スタッド,35.9,2008.0,2004.0,1998.0
2016104287,トゥレゼクラ,牡,後藤正義,,ゴールドアリュール,1999106689,ダイナズクラブ,000a010e88,Dynaformer,000a001dd9,紙谷洋一,社台コーポレーション白老ファーム,35.9,1999.0,1996.0,1985.0
2016102827,クリノアメリア,牡,笹野博司,,トーセンジョーダン,2006103169,アスカトップレディ,2007103852,アドマイヤボス,1997103699,栗本八江,永村侑,35.9,2006.0,2007.0,1997.0
2016102457,ミラージュ,牝,城地俊光,,アッミラーレ,1997100569,ボンキュッボン,2005101725,メジロライアン,1987105368,金野絢子,小島牧場,35.7,1997.0,2005.0,1987.0
2016101471,ホワイトハピネス,牝,川西毅,,エンパイアメーカー,000a010542,レッドフォーチュン,2010101699,クロフネ,1998110135,杉山忠国,明治牧場,35.6,2000.0,2010.0,1998.0
2016105641,アスカエンペラー,牡,加藤和宏,,ワークフォース,000a011a7f,モントレーストリート,000a011e07,Candy Ride,000a01132a,（株）ファーストビジ,木村秀則,35.5,2007.0,2006.0,1999.0
2016105443,ラッキーカクテル,牝,千葉津代,,スマートファルコン,2005100097,ハートカクテル,1996106346,アフリート,000a000013,冨沢敦子,及川ミツ子,35.3,2005.0,1996.0,1984.0
2016100278,カシノロビュスト,牡,古賀光範,,ベーカバド,000a011dc0,フラワーウイナー,1995103210,ニホンピロウイナー,1980106362,柏木務,坂元牧場,35.3,2007.0,1995.0,1980.0
2016103299,サーブルクイーン,牝,安田武広,,キングズベスト,000a0022d2,ヴェルヴェットクイーン,000a010ab0,シングスピール,1992190005,佐竹学,ダーレー・ジャパン・ファーム,35.2,1997.0,2001.0,1992.0
2016103450,ニシノルックミー,牝,後藤正義,,ヨハネスブルグ,000a0103b9,ニシノモレッタ,2007102524,タイキシャトル,1994109686,西山茂行,村上欽哉,35.0,1999.0,2007.0,1994.0
2016103073,アレミティ,牡,高橋俊之,,ジャスタウェイ,2009106461,ジルコニア,2007105530,タイキシャトル,1994109686,村瀬正,下河辺牧場,34.8,2009.0,2007.0,1994.0
2016103000,メイショウソウライ,牡,川田孝好,,ロードカナロア,2008103552,ダイヤモンドリング,2009100003,アグネスタキオン,1998101516,松本好雄,佐々木康治,34.8,2008.0,2009.0,1998.0
2016103914,シャイニーホワイト,牡,晴山厚司,,クロフネ,1998110135,ブライティアターフ,2008106445,ステイゴールド,1994108729,小林昌志,清水牧場,34.7,1998.0,2008.0,1994.0
2016103588,エイタ,牡,頼本盛行,,トーセンホマレボシ,2009106092,ヴィーナスキャット,2002100099,タバスコキャット,000a000348,原久美子,ファーミングヤナキタ,34.3,2009.0,2002.0,1991.0
2016104125,エムオーノーブル,牝,角川秀樹,,ダノンシャンティ,2007105709,オオブタイ,2009105527,クロフネ,1998110135,大浅貢,貞広賢治,34.0,2007.0,2009.0,1998.0
2016104048,アミザージ,牝,山口益巳,,バトルプラン,000a0118e8,トシザフリート,2000106024,アフリート,000a000013,谷謙介,ＷｉｎｇＦａｒｍ,34.0,2005.0,2000.0,1984.0
2016101790,ダイヤモンドヒル,牡,川西毅,,キングズベスト,000a0022d2,プレザンサプライズ,2007110042,Shamardal,000a010c92,田口廣,杵臼牧場,34.0,1997.0,2007.0,2002.0
2016101274,ボルドーフレーズ,牝,赤嶺本浩,,グラスワンダー,1995108676,テイエムサイレン,1996103925,サンデーサイレンス,000a00033a,シグラップ・マネジメ,筒井征文,34.0,1995.0,1996.0,1986.0
2016103125,スワーヴカール,牡,田中淳司,,マンハッタンカフェ,1998101554,リオニアンレディー,2003110006,Kingmambo,000a001d7e,諏訪守,下河辺牧場,33.8,1998.0,2003.0,1990.0
2016100830,ブルベアコローレ,牡,藤田正治,,ブラックタイド,2001103312,ダイヤモンドパール,2009105275,クロフネ,1998110135,（同）ＪＰＮ技研,的場牧場,33.8,2001.0,2009.0,1998.0
2016101237,ベビーキョンシー,牝,水野善太,,カジノドライヴ,2005110112,ヤヨイコマチ,2003101292,ホワイトマズル,1990109700,古川孝雄,竹内良一,33.7,2005.0,2003.0,1990.0
2016103708,トストス,牡,今津博之,,エイシンフラッシュ,2007102951,シルヴィルージュ,2008102969,アドマイヤコジーン,1996106512,小林秀樹,目黒牧場,33.6,2007.0,2008.0,1996.0
2016103147,レッドカルーソ,牝,柏原誠路,,ネオユニヴァース,2000101426,レッドプラネット,2007105588,ティンバーカントリー,000a00035e,（有）コオロ,庄野牧場,33.6,2000.0,2007.0,1992.0
2016105724,ロケットロード,牝,野田忍,,スマートボーイ,1995100385,ロケットスタート,1999110302,スピニングワールド,000a000325,岡本敞司,グランド牧場,33.4,1995.0,1999.0,1993.0
2016103635,プティリュシオル,牝,岡田利一,,ベーカバド,000a011dc0,プラチナムーン,2011102418,アドマイヤムーン,2003102991,（株）さくらコーポレ,豊洋牧場,33.4,2007.0,2011.0,2003.0
2016102686,オリオンアンジュ,牝,栗田和昌,,ダノンバラード,2008103548,マイネパトリシア,2002105150,シルヴァーエンディング,000a000d7c,谷謙介,山田牧場,33.4,2008.0,2002.0,1987.0
2016101818,ベリベリワンダー,牝,菅原欣也,,タニノギムレット,1999100226,チョウワンダー,2010105620,グラスワンダー,1995108676,小平進,草薙利昭,33.4,1999.0,2010.0,1995.0
2016101489,マインダダ,牡,的場均,,キングヘイロー,1995104427,キスザスカイ,2002105243,グラスワンダー,1995108676,峰哲馬,山際セントラルスタッド,33.3,1995.0,2002.0,1995.0
2016102610,アリューカス,牝,碇清次郎,,ゴールドヘイロー,1997101264,エンジェルシェア,2006100569,プリサイスエンド,000a00fe9b,康本利幸,ヒダカファーム,33.1,1997.0,2006.0,1997.0
2016102237,スミレヴィオレッタ,牝,山田義人,,フサイチセブン,2006101225,ビートローズ,2003101729,フジキセキ,1992109618,（株）本城,モトスファーム,33.0,2006.0,2003.0,1992.0
2016101294,タカユミイチバン,牡,藪口一麻,,シンボリクリスエス,1999110099,カネトシデンファレ,2009106007,キングカメハメハ,2001103460,高橋一郎,中橋清,33.0,1999.0,2009.0,2001.0
2016101145,メディナ,牝,沼澤英知,,ロードカナロア,2008103552,エアジュリアード,2007103583,スペシャルウィーク,1995103211,光安了,ケイアイファーム,32.6,2008.0,2007.0,1995.0
2016104102,ミスラコニック,牝,石川浩文,,トーセンホマレボシ,2009106092,ファウンテンジョイ,2006102465,スウェプトオーヴァーボード,000a00fa34,西本資史,宇南山牧場,32.5,2009.0,2006.0,1997.0
2016104846,タイセイセイヴァー,牡,後藤佑耶,,ダイワメジャー,2001103114,マザーウェル,2007105620,シンボリクリスエス,1999110099,田中成奉,ノーザンファーム,32.4,2001.0,2007.0,1999.0
2016102302,ビッグホイール,牡,井樋一也,,ゼンノロブロイ,2000101517,レディークライスト,2004102125,Holy Bull,000a000180,宮崎豊治,王蔵牧場,32.4,2000.0,2004.0,1991.0
2016100454,グレイバレッツ,牡,山崎裕也,,スウェプトオーヴァーボード,000a00fa34,ビューティーレディ,2002102784,サンデーサイレンス,000a00033a,村上進治,飛渡牧場,32.4,1997.0,2002.0,1986.0
2016105129,デルマディジョン,牝,竹下太,,ワークフォース,000a011a7f,トレアンサンブル,1995108021,トニービン,1983109006,池田健二,社台ファーム,32.2,2007.0,1995.0,1983.0
2016102698,ラブラドレッセンス,牡,湯前良人,,トゥザグローリー,2007103265,インティワタナ,2010101401,フサイチコンコルド,1993109220,遠藤喜和,ミルファーム,32.2,2007.0,2010.0,1993.0
2016106449,レディダイナマイト,牝,稻田彰宏,,グランプリボス,2008103388,ミストラスト,000a010a12,Nashwan,000a001ce7,小谷昌吾,川上牧場,32.0,2008.0,2001.0,1986.0
2016103836,トーセンペリドット,牝,坂口義幸,,ローエングリン,1999106738,トーセンパピヨン,2008102965,フジキセキ,1992109618,（同）ＪＰＮ技研,エスティファーム,32.0,1999.0,2008.0,1992.0
2016103218,カセノレインボー,牝,渡辺和雄,,カネヒキリ,2002100978,アポロモヒート,2010100905,アポロキングダム,2003110139,平川進,原田牧場,32.0,2002.0,2010.0,2003.0
2016100636,テイエムワークオー,セ,山内研二,,ワークフォース,000a011a7f,アガペー,2011105132,シンボリクリスエス,1999110099,竹園正繼,ハシモトファーム,31.9,2007.0,2011.0,1999.0
2016104056,サンドムーン,牡,市村誠,,サウスヴィグラス,1996110138,ジャングルムーン,000a0001ae,Sadler's Wells,000a00185d,藤間淳一,阿部栄乃進,31.5,1996.0,1998.0,1981.0
2016102114,カンタ,牡,阪本一栄,,ベーカバド,000a011dc0,サツマガイア,2008101362,タイキシャトル,1994109686,蛭川年明,ひるかわ育成牧場,31.5,2007.0,2008.0,1994.0
2016100014,アークゼノン,牡,田辺陽一,,タイムパラドックス,1998101683,シンカンフラッシュ,1997104427,アジュディケーティング,000a000d5d,成瀬篤司,赤石久夫,31.2,1998.0,1997.0,1987.0
2016102734,グースクリーク,牡,矢野久美,,ドリームジャーニー,2004102753,ディアナムラ,2007104537,ザッツザプレンティ,2000101398,（株）ジャスト,ディアレストクラブ,31.0,2004.0,2007.0,2000.0
2016109031,トゥーナプリズム,牡,山田質,,ベルシャザール,2008103004,スカーレピーコック,2002109386,アイシーグルーム,000a000d47,薄井隆博,一山育成牧場,30.9,2008.0,2002.0,1983.0
2016106029,サニーフラッシュ,牝,本名信行,,エイシンフラッシュ,2007102951,ミッキーハナコ,2009103831,アドマイヤムーン,2003102991,（株）ファーストビジ,千代田牧場,30.9,2007.0,2009.0,2003.0
2016100473,パテックセーラ,牝,北村欣也,,サダムパテック,2008102652,ペプチドプレシャス,2008101441,スペシャルウィーク,1995103211,藤井陸治,中地義次,30.9,2008.0,2008.0,1995.0
2016105240,リトルガーデン,牡,金田一昌,,ミリオンディスク,2004103249,マルデデルマ,2008102829,ワイルドラッシュ,000a0003a1,小林善一,社台ファーム,30.8,2004.0,2008.0,1994.0
2016106311,コーリンベイダー,牡,錦見勇夫,,サウスヴィグラス,1996110138,コーリンハッピー,2008105286,バブルガムフェロー,1993109219,伊藤恵介,前谷武志,30.5,1996.0,2008.0,1993.0
2016103104,オポジットビュー,牝,飯田弘道,,ベルシャザール,2008103004,フロントタック,2010100508,Macho Uno,000a010d0c,大黒富美子,下河辺牧場,30.5,2008.0,2010.0,1998.0
2016101920,メモリーハイル,牡,塚田隆男,,ロードカナロア,2008103552,シルカズギフト,000a010ebf,Cadeaux Genereux,000a001e13,シンザンクラブ,谷川牧場,30.3,2008.0,2001.0,1985.0
2016102932,ホシガクボ,牡,金田一昌,,カネヒキリ,2002100978,マザーロード,2006102478,フォーティナイナー,000a000134,西森鶴,木村牧場,30.2,2002.0,2006.0,1985.0
2016103833,トーセンパヒューム,牝,栗本陽一,,トーセンロレンス,2009106085,トーセンディオール,2007103222,キングカメハメハ,2001103460,岡本哲也,エスティファーム,30.1,2009.0,2007.0,2001.0
2016102572,クリノショウグン,牡,石橋満,,エイシンフラッシュ,2007102951,ヒシマーベラス,2009101215,マーベラスサンデー,1992103687,栗本八江,中村雅明,30.1,2007.0,2009.0,1992.0
2016106222,カンタベリーメガミ,牝,田中伸一,,パドトロワ,2007102760,ウインブリーザ,2009105287,ファンタスティックライト,1996190005,峰哲馬,藤吉牧場,30.0,2007.0,2009.0,1996.0
2016106149,スーパーラフ,牝,田部和則,,アグネスデジタル,1997110025,クリップフェアリー,2004104712,タイキシャトル,1994109686,（有）畠山牧場,畠山牧場,30.0,1997.0,2004.0,1994.0
2016102594,グランベルハート,牝,山田徹,,ゼンノロブロイ,2000101517,オークションルーム,000a0117bc,Chester House,000a00fffd,原久美子,バンブー牧場,30.0,2000.0,2003.0,1995.0
2016102094,サンライズロッソ,牡,住吉朝男,,ワークフォース,000a011a7f,ノベンバーペガサス,2008105585,サンライズペガサス,1998106718,小谷昌吾,信岡牧場,30.0,2007.0,2008.0,1998.0
2016100932,モリデンエスポー,牡,桧森邦夫,,エスポワールシチー,2005102837,ナイスクラップ,2006105040,ディアブロ,000a0000e9,森田芳男,森田芳男,30.0,2005.0,2006.0,1987.0
2016103454,セイウンカガヤキ,牝,井樋明正,,キングズベスト,000a0022d2,リップル,2010100715,アグネスタキオン,1998101516,冨田藤男,村上欽哉,29.9,1997.0,2010.0,1998.0
2016102974,フクノモンルージュ,牝,加藤和宏,,トワイニング,000a000006,クーニャン,2007103439,ジャングルポケット,1998101786,（株）ファーストビジ,ケイズ,29.8,1991.0,2007.0,1998.0
2016101810,ヨイタビヲ,牡,尾島徹,,パドトロワ,2007102760,ピコピコハンマー,2009106820,アグネスタキオン,1998101516,小田切光,木村牧場,29.7,2007.0,2009.0,1998.0
2016100781,ローリングハート,牝,佐々木由,,ローレルゲレイロ,2004100933,モンブラン,2010106005,マンハッタンカフェ,1998101554,（有）メルシー,北星村田牧場,29.5,2004.0,2010.0,1998.0
2016101502,マッチョヨシオ,牡,木村健,,レッドスパーダ,2006105511,サーペンヴィグラス,2005104686,サウスヴィグラス,1996110138,西山篤史,山野牧場,29.1,2006.0,2005.0,1996.0
2016106498,エイシントプカプ,牝,三宅直之,,クロフネ,1998110135,セントルイスガール,2003110052,Silver Hawk,000a0019b4,安部恵介,栄進牧場,29.0,1998.0,2003.0,1979.0
2016105539,アートオブウォー,牡,納谷和玖,,タイキシャトル,1994109686,ネバーグレイス,2005100156,スキャターザゴールド,000a000d99,岡田隆寛,岡田猛,29.0,1994.0,2005.0,1997.0
2016103381,ラッキーナッキー,牝,尾島徹,,トーセンジョーダン,2006103169,メジロクロユリ,2008102528,マンハッタンカフェ,1998101554,森近隆幸,戸川牧場,29.0,2006.0,2008.0,1998.0
2016103038,グッドフライデー,牝,佐藤祐司,,タイキシャトル,1994109686,アイスカービング,2004105607,サクラバクシンオー,1989108341,平賀敏男,下河辺牧場,29.0,1994.0,2004.0,1989.0
2016100773,チャーミング,牝,堀江仁,,カネヒキリ,2002100978,ロンドリーナ,2002104271,キングヘイロー,1995104427,鈴木伸哉,北勝ファーム,29.0,2002.0,2002.0,1995.0
2016100685,コスモファルコン,牡,宗形竹見,,スマートファルコン,2005100097,グランバザール,1999102247,タマモクロス,1984101673,（有）ビッグレッドフ,ビッグレッドファーム,29.0,2005.0,1999.0,1984.0
2016104279,ロザリオロッソ,牝,山口竜一,,ゴールドアリュール,1999106689,スタンドオンエンド,1997110126,エンドスウィープ,000a00010f,吉田安惠,追分ファーム,28.7,1999.0,1997.0,1991.0
2016101545,ナリタフローライト,牡,稻田彰宏,,ハーツクライ,2001103038,エアイゾルテ,1997107241,ノーザンテースト,000a000258,小谷昌吾,猿倉牧場,28.7,2001.0,1997.0,1971.0
2016104092,アガパンサス,牝,工藤裕孝,,ハーツクライ,2001103038,チョコレートリリー,2010104501,ウォーエンブレム,000a00fa35,牧野好行,上水牧場,28.5,2001.0,2010.0,1999.0
2016102901,ファーマダイヤ,牝,松島寿,,ローレルゲレイロ,2004100933,ファーマティアラ,2011100473,アルカセット,2000190010,（同）ＪＰＮ技研,木部ファーム,28.5,2004.0,2011.0,2000.0
2016102607,カフェアリアドネ,牝,菅原勲,,スペシャルウィーク,1995103211,アムネリス,2005101663,サウスヴィグラス,1996110138,近藤聡明,ヒダカファーム,28.2,1995.0,2005.0,1996.0
2016101174,ティゴヘイロー,牡,松浦聡志,,キングヘイロー,1995104427,フィリグリー,2010100710,ステイゴールド,1994108729,後藤正司,後藤正司,28.2,1995.0,2010.0,1994.0
2016100008,ゼンダンブラウン,牝,小国博行,,スターリングローズ,1997106560,アラマサマンボウ,2007104079,ストラヴィンスキー,000a00fa41,渡邊善男,赤石久夫,28.2,1997.0,2007.0,1996.0
2016109155,ユキノ,牝,溝橋利喜,,モンテロッソ,000a011b05,セユウスーパー,2003109395,メジロディザイヤー,1994108409,組）オールザベスト組,荒谷牧場,28.1,2007.0,2003.0,1994.0
2016105808,キンググランプリ,牡,土井道隆,,キングヘイロー,1995104427,ウェルカムキャット,2002104851,タバスコキャット,000a000348,酒井孝敏,静内ファーム,28.1,1995.0,2002.0,1991.0
2016100900,ミスビューティフル,牝,柳井宏之,,ベーカバド,000a011dc0,アウロラプラネット,2005105129,アグネスタキオン,1998101516,三岡有香,村上雅規,28.0,2007.0,2005.0,1998.0
2016100102,マンジェリーナ,牝,川嶋弘吉,,カネヒキリ,2002100978,ケージーフジムスメ,2008104272,キングカメハメハ,2001103460,（株）ファーストビジ,岩見牧場,28.0,2002.0,2008.0,2001.0
2016100497,リックポニーチャン,牝,森山英雄,,ダイワメジャー,2001103114,ジプシーマイラブ,2009106052,Manduro,000a0114b8,山邉浩,長浜牧場,27.8,2001.0,2009.0,2002.0
2016105848,リトルネーム,牝,鈴木正也,,パドトロワ,2007102760,ワイルドモーション,2007100408,War Chant,000a00fce0,栗嶋豊明,聖心台牧場,27.6,2007.0,2007.0,1997.0
2016103617,フミタツタイガー,牝,菅原欣也,,カジノドライヴ,2005110112,マリーブーケトス,2011103727,グラスワンダー,1995108676,大黒富美子,船越牧場,27.6,2005.0,2011.0,1995.0
2016100776,パイナップルクッキ,牝,中川竜馬,,メイショウボーラー,2001100650,エンチャンティング,000a010ee0,Bigstone,000a002085,原久美子,北星村田牧場,27.6,2001.0,1998.0,1990.0
2016105800,ゼットカッシー,牡,佐々木由,,エイシンデピュティ,2002102706,ベルグポルカ,2000102110,ピルサドスキー,1992190011,（株）奥州名馬勝志倶,静内酒井牧場,27.5,2002.0,2000.0,1992.0
2016102154,クロティルド,牝,大島静夫,,ドリームジャーニー,2004102753,カレイジャスミン,2005103797,タヤスツヨシ,1992109612,成富直行,三嶋牧場,27.5,2004.0,2005.0,1992.0
2016106512,ドゥーワンズベスト,牡,矢野久美,,キングズベスト,000a0022d2,サンデーウィッシュ,000a010bb7,Sadler's Wells,000a00185d,坂本忠教,日西牧場,27.2,1997.0,1996.0,1981.0
2016109094,レアローズ,牝,柳井宏之,,スクワートルスクワート,000a000da4,メイソヴリン,2011102266,スウェプトオーヴァーボード,000a00fa34,柴田茂樹,ワールドファーム,27.0,1998.0,2011.0,1997.0
2016105405,ストレンジタイム,牡,佐藤賢二,,タイムパラドックス,1998101683,ラガーファンタジー,2010101622,クロフネ,1998110135,鈴木伸昭,荒木貴宏,27.0,1998.0,2010.0,1998.0
2016103659,ホワイエ,牡,岡林光浩,,メイショウサムソン,2003102205,カワイミチコ,2004106279,シンボリルドルフ,1981107017,井手慶祐,前川義則,27.0,2003.0,2004.0,1981.0
2016102253,マネートラップ,牝,新井清重,,メイショウボーラー,2001100650,ニューステップ,2009102759,アドマイヤムーン,2003102991,（同）ＪＰＮ技研,山田昇史,27.0,2001.0,2009.0,2003.0
2016100561,ローブレジーナ,牝,佐藤賢二,,スマートファルコン,2005100097,メッセージ,2009104974,シンボリクリスエス,1999110099,（有）エッジ,新冠橋本牧場,27.0,2005.0,2009.0,1999.0
2016100440,レジーナトウショウ,牝,菅原欣也,,ヴァーミリアン,2002100877,ジャムトウショウ,2007100625,デザートキング,000a0000e7,（同）ＪＰＮ技研,つつみ牧場,27.0,2002.0,2007.0,1994.0
2016103432,エスジーサダー,牡,藤ヶ崎一,,シニスターミニスター,000a011099,モルフェソングエル,2008102540,ソングオブウインド,2003102461,後藤貞夫,西野春樹,26.9,2003.0,2008.0,2003.0
2016102255,リュウノスイング,牡,酒井仁,,アドマイヤムーン,2003102991,マテルナ,2009100488,ダイワメジャー,2001103114,蓑島竜一,山田昇史,26.7,2003.0,2009.0,2001.0
2016101804,リョコウズキ,牝,粕谷昌央,,サムライハート,2002100996,シキノイロドリ,2004109293,アフリート,000a000013,小田切有一,木村牧場,26.7,2002.0,2004.0,1984.0
2016101246,エスジーイチノミヤ,牡,井手上慎,,エスポワールシチー,2005102837,デルフィニア,2010101434,サウスヴィグラス,1996110138,太田美津子,田中春美,26.6,2005.0,2010.0,1996.0
2016102730,カシノパーティ,牝,浜田一夫,,パドトロワ,2007102760,セリーナトロフィー,2002104870,スペシャルウィーク,1995103211,柏木務,ディアレストクラブ,26.5,2007.0,2002.0,1995.0
2016101845,イノセント,牡,秋田大助,,アドマイヤムーン,2003102991,ビーナスライン,2001100355,フジキセキ,1992109618,琴浦諒,酒井牧場,26.4,2003.0,2001.0,1992.0
2016103661,レディミリオネア,牝,桜田浩樹,,タニノギムレット,1999100226,ハツネ,2009103042,トウカイテイオー,1988101025,蔵内優子,前川義則,26.3,1999.0,2009.0,1988.0
2016102456,マイネルコルサ,牡,錦見勇夫,,ロードカナロア,2008103552,ファーレサルティ,2006103200,ダンスインザダーク,1993109188,錦見日出雄,小島牧場,26.1,2008.0,2006.0,1993.0
2016100997,バルディッシュ,牝,藤田正治,,ロージズインメイ,000a010a10,オースミマイカ,2008105190,ディープインパクト,2002100816,（有）ホースケア,若林牧場,26.1,2000.0,2008.0,2002.0
2016102662,トゥーナジェリー,牝,斎藤雄一,,サウスヴィグラス,1996110138,デンコウデア,2009101334,スペシャルウィーク,1995103211,薄井隆博,村下明博,26.0,1996.0,2009.0,1995.0
2016102042,アクティブガール,牝,武藤敏明,,グランプリボス,2008103388,クーヴェルチュール,2004102132,ブラックホーク,1994109361,（同）ＪＰＮ技研,富菜牧場,25.7,2008.0,2004.0,1994.0
2016104199,ホープスター,牡,植松則幸,,トーセンホマレボシ,2009106092,カンタベリーラヴ,2005102039,マイネルラヴ,1995108558,（株）ファーストビジ,ヤマイチ牧場,25.4,2009.0,2005.0,1995.0
2016103011,ポルヴォロン,牝,加藤和義,,ローズキングダム,2007103404,セミニョン,2008105508,マンハッタンカフェ,1998101554,（株）馬事学院,サンシャイン牧場,25.2,2007.0,2008.0,1998.0
2016101367,タオヤカ,牝,井上孝彦,,プリサイスエンド,000a00fe9b,アッフェルバンダム,2006100543,ダンスインザダーク,1993109188,衣斐浩,本桐牧場,25.1,1997.0,2006.0,1993.0
2016109041,ヤマジュンアート,牡,宇野木数,,コンデュイット,2005190006,アートブライアン,1999100588,サニーブライアン,1994105719,山下洵一郎,太田ファーム,25.0,2005.0,1999.0,1994.0
2016106485,ガルラバン,牡,武藤敏明,,ヴィクトワールピサ,2007102923,エーシンヘラ,2010110006,モンジュー,1996190001,三岡有香,栄進牧場,25.0,2007.0,2010.0,1996.0
2016102360,チェリージャングル,牡,渡瀬寛彰,,チェリークラウン,2004102428,ミヤビオウカ,2006106583,ジャングルポケット,1998101786,谷謙介,北俣牧夫,25.0,2004.0,2006.0,1998.0
2016104275,スティーリア,牝,安部幸夫,,シンボリクリスエス,1999110099,シナノネージュ,2006102742,フレンチデピュティ,000a00013a,西村健,追分ファーム,24.9,1999.0,2006.0,1992.0
2016109025,アミフジアギシャン,牝,佐藤雅彦,,カジノドライヴ,2005110112,セドゥクティーバ,2003106312,アグネスタキオン,1998101516,内藤正生,内藤牧場,24.6,2005.0,2003.0,1998.0
2016104269,ビージーナ,牝,桜田康二,,ワークフォース,000a011a7f,グランオマージュ,2003102732,サンデーサイレンス,000a00033a,馬場祥晃,社台コーポレーション白老ファーム,24.4,2007.0,2003.0,1986.0
2016100654,シンキングガール,牝,佐藤浩一,,ローエングリン,1999106738,ナンダデヴィ,2010103757,ダイワメジャー,2001103114,佐藤貞夫,浜口牧場,24.4,1999.0,2010.0,2001.0
2016102944,マリノルビー,牝,手島勝利,,リッカロイヤル,2005106310,クラウンプリズム,2009102732,ケイムホーム,000a0108d1,サンエツ企画（有）,クラウン日高牧場,24.1,2005.0,2009.0,1999.0
2016102818,アグラデッソ,牝,藤田正治,,メイショウサムソン,2003102205,アヤナベル,2006100523,マイネルラヴ,1995108558,中島俊房,ＷｉｎｇＦａｒｍ,24.0,2003.0,2006.0,1995.0
2016106000,チャンスウィルカム,牝,田中淳司,,ダンカーク,000a012185,チェンジユアセルフ,2008110089,Giant's Causeway,000a0022e1,飯田正剛,千代田牧場,23.8,2006.0,2008.0,1997.0
2016109052,キタサンデー,牡,加藤和義,,スクワートルスクワート,000a000da4,キザキノサイン,2002109250,メジロディザイヤー,1994108409,北村守彦,北村牧場,23.6,1998.0,2002.0,1994.0
2016106357,リンガスハット,牝,今津勝之,,メイショウボーラー,2001100650,リンガスアクトレス,2006101656,アフリート,000a000013,（同）ＪＰＮ技研,三木田牧場,23.5,2001.0,2006.0,1984.0
2016105645,ナグラーダ,牡,橘友和,,ダンカーク,000a012185,レフィナーダ,2000109436,サンデーサイレンス,000a00033a,谷正之,木村秀則,23.5,2006.0,2000.0,1986.0
2016105516,コードブレイカー,牝,中川雅之,,ジャングルポケット,1998101786,フランシール,2004104130,アグネスタキオン,1998101516,遠藤喜和,岡田スタッド,23.5,1998.0,2004.0,1998.0
2016102234,メイショウシンシン,牡,井上孝彦,,メイショウボーラー,2001100650,メイショウヒメユリ,2009100793,ハーツクライ,2001103038,石井正幸,本巣敦,23.4,2001.0,2009.0,2001.0
2016101012,グローリアスラボ,牝,新井清重,,パイロ,000a01176a,ケンジントン,2010100672,アグネスタキオン,1998101516,日下部勝徳,大作ステーブル,23.2,2005.0,2010.0,1998.0
2016101125,アスコットヒーロー,牡,瀬戸幸一,,パイロ,000a01176a,サクラプラチナ,1997102282,サンデーサイレンス,000a00033a,鈴木雅俊,木田晶範,22.8,2005.0,1997.0,1986.0
2016103054,ソルジャーバローズ,牡,井樋明正,,ノヴェリスト,000a012230,グローバルフィート,2004105644,アグネスタキオン,1998101516,帶刀真也,下河辺牧場,22.6,2009.0,2004.0,1998.0
2016105109,ビストル,牝,田中淳司,,アサクサキングス,2004103163,ダークエンディング,000a006881,エンドスウィープ,000a00010f,吉田照哉,社台ファーム,22.5,2004.0,1998.0,1991.0
2016104810,パシュクル,牡,田中淳司,,Medaglia d'Oro,000a010a65,ドントテルソフィア,000a012f09,Congaree,000a011591,吉田和美,ノーザンファーム,22.5,1999.0,2008.0,1998.0
2016104065,ミスリム,牝,内田勝義,,ナカヤマフェスタ,2006102424,サワヤカスズカ,1997102949,サクラバクシンオー,1989108341,ＭＭＣ,新井牧場,22.5,2006.0,1997.0,1989.0
2016101464,ヘカトンケイル,牡,田中正二,,ジャスタウェイ,2009106461,デスピュートロマン,2004110155,Gone West,000a001be1,杉山忠国,明治牧場,22.5,2009.0,2004.0,1984.0
2016103956,デスペチャン,牝,飯田弘道,,デスペラード,2008100484,カタストロフィ,2012104233,ハービンジャー,000a011996,大黒富美子,坂東牧場,22.3,2008.0,2012.0,2006.0
2016106038,ピュアサクヤヒメ,牝,鈴木七郎,,ケープブランコ,000a011b06,ラブアンドピース,2006101245,キングカメハメハ,2001103460,鈴木雅俊,千代田牧場,22.2,2007.0,2006.0,2001.0
2016104551,モクレンノツボミ,牝,松平幸秀,,ワークフォース,000a011a7f,ディマクコンダ,2004103033,バチアー,000a00004b,赤木勝利,ノーザンファーム,22.2,2007.0,2004.0,1997.0
2016109043,サクラマーチ,牝,錦見勇夫,,ショウナンカンプ,1998102595,ジョースマイル,2003103578,ホワイトマズル,1990109700,野田雅昭,太田ファーム,22.1,1998.0,2003.0,1990.0
2016106322,タマモマロンマロン,牝,桜田康二,,ゼンノロブロイ,2000101517,チャームマロン,2005105321,テイエムオペラオー,1996100292,タマモ（株）,前田牧場,22.1,2000.0,2005.0,1996.0
2016100012,クニサキミッチイ,牝,平松徳彦,,スウィフトカレント,2001103189,シンカンキセキ,2007104046,アジュディケーティング,000a000d5d,国島周夫,赤石久夫,21.6,2001.0,2007.0,1987.0
2016103879,エコロワンダー,牡,伊藤勝己,,パイロ,000a01176a,コアレスパティオ,2001107272,トウカイテイオー,1988101025,（有）ホースケア,川向高橋育成牧場,21.4,2005.0,2001.0,1988.0
2016109026,カシノトランキーロ,牡,東美義,,トゥザグローリー,2007103265,サザンシーラ,2002102330,サザンヘイロー,000a00031e,柏木務,石田英機,21.0,2007.0,2002.0,1983.0
2016106475,エイシンロンギング,牝,米田英世,,ダノンシャンティ,2007105709,エーシンエーユー,2004110042,Unbridled's Song,000a002071,平井克彦,栄進牧場,21.0,2007.0,2004.0,1993.0
2016105391,カミノアジサイ,牝,遠藤茂,,トーセンホマレボシ,2009106092,カミノサンサン,2012102910,ゼンノロブロイ,2000101517,宇賀神英子,秋田育成牧場,21.0,2009.0,2012.0,2000.0
2016103693,サンヴァレーホ,牡,田中伸一,,ヴァーミリアン,2002100877,ライアンシャーク,2010101106,タイキシャトル,1994109686,江口正典,三輪牧場,21.0,2002.0,2010.0,1994.0
2016103205,エルカーノ,牡,鈴木孝志,,ケープブランコ,000a011b06,ハイデルベーレ,2008102778,ハーツクライ,2001103038,カナヤマホールディングス,シンボリ牧場,21.0,2007.0,2008.0,2001.0
2016101220,エレモフィラ,牝,中川竜馬,,マツリダゴッホ,2003104570,マッキーマドンナ,2000103824,メジロマックイーン,1987107235,酒井孝敏,城地牧場,21.0,2003.0,2000.0,1987.0
2016109078,コンチモーニング,牝,橘友和,,メジロベイリー,1998101457,ジーガーチェリー,2011109064,カリズマティック,000a00fa33,相馬哲夫,フォレブルー,20.9,1998.0,2011.0,1996.0
2016100086,フィアーバ,牝,城地俊光,,トーセンホマレボシ,2009106092,ハルトリーゲル,2009104457,ファスリエフ,000a00fc4c,石田正胤,石田牧場,20.9,2009.0,2009.0,1997.0
2016106392,ホクザンガイア,牝,橋本忠明,,ナカヤマフェスタ,2006102424,リワードリメーン,2007101896,クロフネ,1998110135,木本辰也,田湯牧場,20.8,2006.0,2007.0,1998.0
2016103006,モンタルジー,牡,南田美知,,スマートロビン,2008100685,オルレアン,2001106075,アフリート,000a000013,伊達敏明,サンシャイン牧場,20.6,2008.0,2001.0,1984.0
2016102570,サンマルジョーダン,牡,及川良春,,トーセンジョーダン,2006103169,ヒシパール,2010102213,ディープインパクト,2002100816,大黒富美子,中村雅明,20.6,2006.0,2010.0,2002.0
2016105142,リローズ,牝,高橋俊之,,タートルボウル,000a012045,ノブレスオブリッジ,1998101568,サンデーサイレンス,000a00033a,シグラップ・マネジメ,社台コーポレーション白老ファーム,20.5,2002.0,1998.0,1986.0
2016102674,コウユーモゼ,牝,桜田康二,,アドマイヤマックス,1999107004,フィナンシェ,1999105699,アジュディケーティング,000a000d5d,加治屋貞光,村下農場,20.5,1999.0,1999.0,1987.0
2016103744,アトミックスワップ,牝,菅原欣也,,サダムパテック,2008102652,ギリア,2009110043,Fusaichi Pegasus,000a0022cf,（同）ＪＰＮ技研,門別牧場,20.4,2008.0,2009.0,1997.0
2016101059,ハナミドリ,牝,平松徳彦,,レッドスパーダ,2006105511,プレラット,2002102327,サンデーサイレンス,000a00033a,福井輝司,小河豊水,20.4,2006.0,2002.0,1986.0
2016101529,ナモラード,牡,武井亮,,ストーミングホーム,1998190003,メギービー,2008101108,マンハッタンカフェ,1998101554,石瀬浩三,小田誠一,20.3,1998.0,2008.0,1998.0
2016104814,ハートビートダンス,牝,伊藤勝己,,ハーツクライ,2001103038,ハートビートワルツ,2003102935,ブライアンズタイム,000a000082,（同）ＪＰＮ技研,坂東牧場,20.2,2001.0,2003.0,1985.0
2016102180,コーヴ,牝,加藤和宏,,エイシンフラッシュ,2007102951,マスターコーク,2006102307,フレンチデピュティ,000a00013a,（株）ファーストビジ,三嶋牧場,20.2,2007.0,2006.0,1992.0
2016102140,ソルヴィクトリア,牝,西久保政,,ヴィクトワールピサ,2007102923,ミヤジレイナ,2011106048,キングカメハメハ,2001103460,（同）ＪＰＮ技研,丸幸小林牧場,20.2,2007.0,2011.0,2001.0
2016103391,パイロチャン,牝,田村彰啓,,パイロ,000a01176a,キャラメルチャン,2005100259,フォーティナイナー,000a000134,小橋亮太,中川欽一,20.0,2005.0,2005.0,1985.0
2016100428,シゲルガーネット,牝,的場均,,アンライバルド,2006103308,シゲルアタゴヤマ,2006105913,アグネスデジタル,1997110025,森中蕃,中央牧場,19.8,2006.0,2006.0,1997.0
2016100372,ユウナブランシェ,牝,中川竜馬,,ベーカバド,000a011dc0,ヴァレンス,2009105068,アドマイヤムーン,2003102991,（有）門脇,武田修一,19.6,2007.0,2009.0,2003.0
2016105953,イチバンダイコ,牡,井樋明正,,アーネストリー,2005105410,モンタージュ,2010100708,アドマイヤムーン,2003102991,西隆久,田原橋本牧場,19.5,2005.0,2010.0,2003.0
2016103822,トーセンコモドール,牡,川野勇馬,,トーセンホマレボシ,2009106092,トーセンウィッチ,2007105290,キングカメハメハ,2001103460,岡村勝喜,エスティファーム,19.5,2009.0,2007.0,2001.0
2016103510,ドウニモトマラナイ,牝,田中伸一,,ナカヤマフェスタ,2006102424,アポロライラ,2006110125,Officer,000a0108d0,内田玄祥,原田牧場,19.5,2006.0,2006.0,1999.0
2016101201,キモングレート,牡,梅田智之,,シンボリクリスエス,1999110099,エリモエポナ,2007101058,ゼンノロブロイ,2000101517,小林祥晃,下屋敷牧場,19.5,1999.0,2007.0,2000.0
2016102809,スズノワール,牡,荒巻透,,ブラックタイド,2001103312,ナムラクニヒメ,2003105753,キンググローリアス,000a000d48,森達郎,いとう牧場,19.4,2001.0,2003.0,1986.0
2016109114,ボルゾイ,牡,土井道隆,,ダノンゴーゴー,2005110196,オスカル,1998104866,フォーティナイナー,000a000134,村山光弘,ジャパンレーシングホースケア村山央樹,19.2,2005.0,1998.0,1985.0
2016101547,エアビオンディ,牝,橋本忠明,,ロードカナロア,2008103552,エアマスカット,2010103698,ジャングルポケット,1998101786,佐久間拓士,猿倉牧場,19.1,2008.0,2010.0,1998.0
2016106006,リュウノシャンソン,牝,加藤和義,,トーセンラー,2008102985,ハッピービーチ,2004104684,タイキシャトル,1994109686,蓑島竜一,千代田牧場,19.0,2008.0,2004.0,1994.0
2016109073,カチャトーラ,牝,大石省三,,シビルウォー,2005102317,ギネビアケイ,000a010ae2,Gone West,000a001be1,小谷昌吾,谷川博勝,18.8,2005.0,1996.0,1984.0
2016106231,ファーニナル,セ,池添兼雄,,タニノギムレット,1999100226,シルバービート,2006101508,シルバーチャーム,000a00227c,門野重雄,フジワラファーム,18.6,1999.0,2006.0,1994.0
2016102724,カガファランドール,牝,井樋明正,,ナカヤマフェスタ,2006102424,カーメリタ,000a00fec6,Zafonic,000a001d7d,斉藤智明,ディアレストクラブ,18.6,2006.0,1999.0,1990.0
2016102879,ニヨドオーソ,牝,中西達也,,フリオーソ,2004106867,ケムマキ,2009102312,アドマイヤジャパン,2002102324,西森鶴,賀張三浦牧場,18.5,2004.0,2009.0,2002.0
2016102656,アクトリスアーム,牝,橋本忠明,,ゼンノロブロイ,2000101517,サニーアンジェリカ,2004103790,サクラバクシンオー,1989108341,山崎和哉,丸村村下ファーム,18.5,2000.0,2004.0,1989.0
2016106183,アイファーグロー,牝,藤田正治,,リーチザクラウン,2006102923,クロフネマンボ,2004101468,クロフネ,1998110135,中島大貴,原則夫,18.4,2006.0,2004.0,1998.0
2016109101,テイエムヒットバセ,牡,飯田雄三,,ブラックタイド,2001103312,テイエムヒスイ,2003102102,テイエムオペラオー,1996100292,竹園正繼,テイエム牧場,18.0,2001.0,2003.0,1996.0
2016104143,レイニーデビル,牡,橘友和,,キングヘイロー,1995104427,ステイブライティア,2010100041,ステイゴールド,1994108729,高橋秀昌,高橋農場,18.0,1995.0,2010.0,1994.0
2016103608,マオノフォルテ,牡,諏訪貴正,,ヴァーミリアン,2002100877,ソレイユドール,2001110019,Theatrical,000a001bed,湯浅健司,藤本ファーム,18.0,2002.0,2001.0,1982.0
2016100154,イニシアティブ,牡,中西達也,,バゴ,2001190004,ヒシガーネット,2010105393,マンハッタンカフェ,1998101554,西森功,カミイスタット,18.0,2001.0,2010.0,1998.0
2016101303,ブルーアトール,牝,中野博,,アドマイヤマックス,1999107004,ノーブルペニー,2003110246,Bahri,000a001fd8,（同）ＪＰＮ技研,中橋正,17.7,1999.0,2003.0,1992.0
2016100073,コトブキジェダイト,牡,桜井今朝,,エイシンフラッシュ,2007102951,クリスティーナサンチェス,000a010618,El Prado,000a001fb5,尾上松壽,石郷岡雅樹,17.7,2007.0,2000.0,1989.0
2016103042,ディーエスブルーム,牡,山中静治,,ベルシャザール,2008103004,アンジェルブ,2011100375,Tiznow,000a00fa4b,秋谷壽之,下河辺牧場,17.6,2008.0,2011.0,1997.0
2016103453,ニシノケイガン,牡,宮本博,,キングズベスト,000a0022d2,バラッドローズ,000a0116c4,Sky Mesa,000a010a66,西山茂行,村上欽哉,17.5,1997.0,2005.0,2000.0
2016105916,ベリサ,牝,鋤田誠二,,サクラオリオン,2002104686,サクラデイジー,2008100401,サクラローレル,1991103498,矢沼浩二,谷岡スタット,17.4,2002.0,2008.0,1991.0
2016101469,アレジェンス,牡,加藤幸保,,マツリダゴッホ,2003104570,モンピュア,2006110033,モンジュー,1996190001,杉山忠国,明治牧場,17.2,2003.0,2006.0,1996.0
2016102552,クドシュ,牝,佐々木由,,トーセンホマレボシ,2009106092,サザンウェルズ,2004110257,Sadler's Wells,000a00185d,谷謙介,中神牧場,17.1,2009.0,2004.0,1981.0
2016104493,ミリアンレディー,牝,的場直之,,ヴァーミリアン,2002100877,シャーペンエッジ,2006103222,クロフネ,1998110135,栗山学,ノーザンファーム,17.0,2002.0,2006.0,1998.0
2016101016,アンリアルクイン,牝,佐宗応和,,トゥザグローリー,2007103265,アスキットユミ,2006106597,ゼンノエルシド,1997110179,井上久光,競優牧場,17.0,2007.0,2006.0,1997.0
2016100261,チョーチャン,牝,宮浦正行,,レッドスパーダ,2006105511,パラダイスキャリー,2004100305,ブラックタキシード,1996107315,江崎聡,今野活博,17.0,2006.0,2004.0,1996.0
2016109132,アレックスゴールド,牝,今津勝之,,ダンツシアトル,1990109145,ナムラダンサー,2009102176,サクラバクシンオー,1989108341,久野光雄,田上勝雄,16.7,1990.0,2009.0,1989.0
2016102691,チャーチルクイーン,牝,錦見勇夫,,オルフェーヴル,2008102636,サクセスゴーランド,2007102329,サクラバクシンオー,1989108341,（有）大勇,吉田ファーム,16.5,2008.0,2007.0,1989.0
2016100237,ルビーガール,牝,宗石大,,ナカヤマフェスタ,2006102424,コスモクリスタル,2006105174,マイネルラヴ,1995108558,花本啓典,コスモヴューファーム,16.5,2006.0,2006.0,1995.0
2016106173,ヌウアヌパリ,牝,栗本陽一,,ジャングルポケット,1998101786,ネオイグザンプル,2007100759,ネオユニヴァース,2000101426,花井栄治,服部牧場,16.4,1998.0,2007.0,2000.0
2016105371,シセイイシン,牡,米川昇,,クロフネ,1998110135,シセイカグヤ,2006106132,ネオユニヴァース,2000101426,猪苗代勇,パカパカファーム,16.3,1998.0,2006.0,2000.0
2016102942,マリノクリスタル,牝,頼本盛行,,グラスワンダー,1995108676,クラウンティアラ,2008104348,ロックオブジブラルタル,000a00fd4c,サンエツ企画（有）,クラウン日高牧場,16.2,1995.0,2008.0,1999.0
2016100108,サツキミラクル,牝,桧森邦夫,,キンシャサノキセキ,2003110212,アナステーシア,2000102884,ソヴィエトスター,000a000320,小野博郷,大狩部牧場,16.2,2003.0,2000.0,1984.0
2016103698,スズチャン,牝,加藤和義,,トーセンジョーダン,2006103169,ジュウモンジ,2006102927,ティンバーカントリー,000a00035e,坂田行夫,メイプルファーム,16.0,2006.0,2006.0,1992.0
2016101911,サントルヴィル,牡,田中敏和,,ダンカーク,000a012185,アサヒライジング,2003102338,ロイヤルタッチ,1993101237,（株）ファーストビジ,谷川牧場,16.0,2006.0,2003.0,1993.0
2016101436,カフェオセロット,牝,菅原欣也,,ジャスタウェイ,2009106461,カフェドマーニ,2007103936,マンハッタンカフェ,1998101554,橋本義次,三石橋本牧場,16.0,2009.0,2007.0,1998.0
2016101268,エンペラーワルツ,牡,的場均,,ベルシャザール,2008103004,ムーンレイク,2012102405,アドマイヤムーン,2003102991,岡田牧雄,土田農場,15.9,2008.0,2012.0,2003.0
2016106536,オーケーガッツ,牡,相沢郁,,アドマイヤムーン,2003102991,ヘッドミストレス,2002104172,エリシオ,1993190001,小野建,三好牧場,15.8,2003.0,2002.0,1993.0
2016101484,サゼラック,牡,山口浩幸,,タニノギムレット,1999100226,キリーンガール,2000110094,Cozzene,000a001bda,三峰誠植,森政巳,15.8,1999.0,2000.0,1980.0
2016101805,モリオン,牡,宗綱泰彦,,モンテロッソ,000a011b05,トコロロ,2011105709,ティンバーカントリー,000a00035e,（同）ＪＰＮ技研,木村牧場,15.6,2007.0,2011.0,1992.0
2016101764,ニシノポンパドール,牝,山口浩幸,,リーチザクラウン,2006102923,ホウヨウターニング,2003106743,メジロマックイーン,1987107235,冨田藤男,木戸口牧場,15.6,2006.0,2003.0,1987.0
2016101480,ハッピービギニング,牝,菅原欣也,,パドトロワ,2007102760,イケタイトル,2002101584,ヤマニンゼファー,1988101069,小平進,森俊雄,15.6,2007.0,2002.0,1988.0
2016106097,アキノフラッシュ,牝,手島勝利,,エイシンフラッシュ,2007102951,アキノロマンス,2000109220,ソヴィエトスター,000a000320,湯浅健司,西村和夫,15.5,2007.0,2000.0,1984.0
2016104106,ゼフィール,牡,坂本和也,,アサクサキングス,2004103163,コージネット,1999100158,Affirmed,000a001785,木村良明,大川牧場,15.2,2004.0,1999.0,1975.0
2016103929,グランフェルテ,牡,高馬元紘,,グラスワンダー,1995108676,ジュラン,2002107091,フォーティナイナー,000a000134,中田和宏,中田牧場,15.0,1995.0,2002.0,1985.0
2016103479,ドゥミアフェイヴァ,牝,及川良春,,マツリダゴッホ,2003104570,ピンクデージー,2007105881,ワイルドラッシュ,000a0003a1,谷謙介,野島牧場,15.0,2003.0,2007.0,1994.0
2016101574,モウケモン,牝,安田武広,,トゥザグローリー,2007103265,キュウナス,000a011421,Irish River,000a0017c9,高村洋子,高村伸一,15.0,2007.0,1999.0,1976.0
2016100429,セイウンスクープ,牡,山口浩幸,,リーチザクラウン,2006102923,トーハルミツル,1998100723,ジェネラス,000a000148,冨田藤男,中央牧場,15.0,2006.0,1998.0,1988.0
2016100405,コールサインルビー,牝,桧森邦夫,,カネヒキリ,2002100978,キタサンメッセージ,2002104928,キングヘイロー,1995104427,（有）大野商事,大栄牧場,15.0,2002.0,2002.0,1995.0
2016105436,シャインマスカット,牝,宗綱泰彦,,ナカヤマフェスタ,2006102424,シャインパーミット,2008106454,ファルブラヴ,1998190004,（同）ＪＰＮ技研,上野正恵,14.9,2006.0,2008.0,1998.0
2016102581,ミステイラー,牝,中川雅之,,メイショウボーラー,2001100650,イブキサーマディ,1999103287,サンデーサイレンス,000a00033a,吉村浩,野村正,14.8,2001.0,1999.0,1986.0
2016109143,クリスタルスノー,牡,真島元徳,,ストラヴィンスキー,000a00fa41,リャマーダ,1999107280,ブラックタイアフェアー,000a00006e,山本武司,徳重正幸,14.7,1996.0,1999.0,1986.0
2016102213,タカラパーティ,牝,斉藤正弘,,ケープブランコ,000a011b06,ディナーパーティ,2002110243,シングスピール,1992190005,村山義男,宮内牧場,14.7,2007.0,2002.0,1992.0
2016102083,ニットウポライト,牝,広森久雄,,ストロングリターン,2006102934,ニットウサラン,2003102176,アグネスカミカゼ,1993109165,藤井謙,日東牧場,14.7,2006.0,2003.0,1993.0
2016102500,オプティマスレッド,セ,瀬戸口悟,,トーセンホマレボシ,2009106092,ショウナンアオバ,2007103025,キングカメハメハ,2001103460,吉岡泰治,大北牧場,14.4,2009.0,2007.0,2001.0
2016102101,シグラップコナン,牡,的場均,,ダンカーク,000a012185,エアガガ,2008102794,ジャングルポケット,1998101786,杉浦和也,林孝輝,14.4,2006.0,2008.0,1998.0
2016101431,メガファンタジス,牡,笹野博司,,トゥザグローリー,2007103265,セーヌドパリ,2008102420,ブライアンズタイム,000a000082,谷謙介,三石軽種馬共同育成センター,14.4,2007.0,2008.0,1985.0
2016100698,ルトンセラン,牝,大垣敏夫,,トーセンラー,2008102985,コスモスカイライン,2003106856,グラスワンダー,1995108676,三岡有香,ビッグレッドファーム,14.1,2008.0,2003.0,1995.0
2016110021,ゲンセキ,牡,古賀光範,,Frankel,000a01239b,Queen of Spain,000a013a88,Holy Roman Emperor,000a011ab8,竹原孝昭,Orpendale Chelston & Wynatt,14.0,2008.0,2008.0,2004.0
2016105357,カトリホマレ,牝,玉井等,,トーセンホマレボシ,2009106092,ラビングトスカーナ,2005103683,マイネルラヴ,1995108558,広川直,碧雲牧場,14.0,2009.0,2005.0,1995.0
2016103656,シゲルカイヤナイト,牝,九日俊光,,ゼンノロブロイ,2000101517,ファーストサイト,2001101386,メジロライアン,1987105368,森中蕃,本間牧場,14.0,2000.0,2001.0,1987.0
2016102826,トミケンケープ,牡,阪本一栄,,ケープブランコ,000a011b06,ジョウノナンシー,2003106049,フレンチデピュティ,000a00013a,冨樫賢二,浦新徳司,14.0,2007.0,2003.0,1992.0
2016101570,キョウエイパントル,牝,今津博之,,シビルウォー,2005102317,クルミ,2002103581,アドマイヤベガ,1996107396,酒井孝敏,スイートファーム,14.0,2005.0,2002.0,1996.0
2016100453,カミツレベルベット,牝,堀千亜樹,,ヘニーヒューズ,000a011155,ヒシワンスモア,2003110010,Touch Gold,000a0022cd,阿部憲三,飛渡牧場,14.0,2003.0,2003.0,1994.0
2016101104,ユウチャンス,牡,角田輝也,,ワークフォース,000a011a7f,チャイニーズフレア,2004102935,タヤスツヨシ,1992109612,（株）アイテツ,片山牧場,13.9,2007.0,2004.0,1992.0
2016104223,トモノマウイ,牡,浜田多実,,ヴァーミリアン,2002100877,セメイユドゥヴォン,000a010b62,Sadler's Wells,000a00185d,共田義夫,レイクヴィラファーム,13.8,2002.0,2001.0,1981.0
2016110116,フルオブドリームズ,牝,中川雅之,,Dream Ahead,000a013cf4,Leopoldine,000a013d27,Desert Prince,000a0022c1,（株）レックス,Racing Trend Srl,13.6,2008.0,2003.0,1995.0
2016105776,ウラギリモノ,牝,田中伸一,,グランプリボス,2008103388,シャドークイーン,2010102743,マンハッタンカフェ,1998101554,内田玄祥,佐竹学,13.5,2008.0,2010.0,1998.0
2016105610,セイユウエリート,牝,坂井孝義,,スマートロビン,2008100685,ナイキクレイバー,2006110139,Hawk Wing,000a010d4d,三岡有香,カタオカステーブル,13.5,2008.0,2006.0,1999.0
2016104815,オルピメント,牝,尾島徹,,オルフェーヴル,2008102636,バシマー,2003110159,Grand Lodge,000a001f34,松田正一,ノーザンファーム,13.4,2008.0,2003.0,1991.0
2016102731,モングラン,牡,桜田康二,,ワークフォース,000a011a7f,ディアエスペランサ,2008102325,ロックオブジブラルタル,000a00fd4c,吉川真ノ介,ディアレストクラブ,13.4,2007.0,2008.0,1999.0
2016106027,ミスホナミ,牝,頼本盛行,,ケープブランコ,000a011b06,マテリアライズ,2010102999,キングカメハメハ,2001103460,（同）ＪＰＮ技研,千代田牧場,13.3,2007.0,2010.0,2001.0
2016105794,エレガンスジョイ,牝,本名信行,,アサクサキングス,2004103163,アイズビューティー,2001104277,エリシオ,1993190001,（株）ファーストビジ,静内酒井牧場,13.2,2004.0,2001.0,1993.0
2016103919,ドナピコ,牝,城地俊光,,ドリームジャーニー,2004102753,サンスプリング,000a006802,サザンヘイロー,000a00031e,金野博幸,スガタ牧場,13.2,2004.0,1996.0,1983.0
2016100565,デナーダー,牡,尾島徹,,ルーラーシップ,2007103143,ジョリーダンス,2001102114,ダンスインザダーク,1993109188,土井久美子,錦岡牧場,13.2,2007.0,2001.0,1993.0
2016102376,アスカナターシャ,牝,今津勝之,,ロードカナロア,2008103552,ショウナンガッド,2003103836,フジキセキ,1992109618,大西優,桑田牧場,13.0,2008.0,2003.0,1992.0
2016109062,リュウワンガロップ,牝,中川竜馬,,グラスワンダー,1995108676,ブラウブリッツ,2008103021,シンボリクリスエス,1999110099,（有）門脇,スプリングファーム,12.7,1995.0,2008.0,1999.0
2016106233,ウイングハーモニー,牝,藤ヶ崎一,,トーセンジョーダン,2006103169,スパーブクィーン,2008100870,グラスワンダー,1995108676,山室善美,フジワラファーム,12.6,2006.0,2008.0,1995.0
2016105386,スパイラルチャージ,牡,工藤裕孝,,ヨハネスブルグ,000a0103b9,リリウオカラニ,2003110073,Grindstone,000a002130,レッドマジック,パカパカファーム,12.6,1999.0,2003.0,1993.0
2016100350,ゴンジセ,牝,高本友芳,,ワークフォース,000a011a7f,ガンセ,2009104768,クロフネ,1998110135,増本光夫,隆栄牧場,12.3,2007.0,2009.0,1998.0
2016106192,サイレントゴールド,牡,佐藤祐司,,フリオーソ,2004106867,サイレントエクセル,2003102130,ウイングアロー,1995101039,道地房男,原ファーム,12.2,2004.0,2003.0,1995.0
2016105599,アプリコットチャン,牝,保利良平,,フレンチデピュティ,000a00013a,レモンチャン,2010103744,デュランダル,1999106756,津田浩一,小倉光博,12.0,1992.0,2010.0,1999.0
2016100827,ノンノンナイン,牝,加藤和宏,,ジャングルポケット,1998101786,アドマイヤジェンヌ,1997103657,サンデーサイレンス,000a00033a,（株）ファーストビジ,的場牧場,12.0,1998.0,1997.0,1986.0
2016102093,スリーオーラ,牝,川西毅,,スズカフェニックス,2002107011,スリーオーシャン,2009100697,オペラハウス,000a000d77,永井商事,信岡牧場,11.9,2002.0,2009.0,1988.0
2016105566,ナリタニケ,牝,高橋道雄,,ノヴェリスト,000a012230,ナリタジューン,2003106389,フジキセキ,1992109618,塩浜攻仁,岡田牧場,11.8,2009.0,2003.0,1992.0
2016103523,ヴァージンビート,牝,土井道隆,,キンシャサノキセキ,2003110212,フレンチバージン,2002105571,フレンチデピュティ,000a00013a,（同）ＪＰＮ技研,春木ファーム,11.8,2003.0,2002.0,1992.0
2016100209,カネトシブリジャル,牝,中川雅之,,トーセンジョーダン,2006103169,カネトシリベルテ,2004106518,スペシャルウィーク,1995103211,兼松昌男,小泉牧場,11.8,2006.0,2004.0,1995.0
2016103769,スタープレゼンス,牡,後藤佑耶,,ディープブリランテ,2009105084,プレゼンスウーマン,2003107303,サクラローレル,1991103498,谷謙介,ヤナガワ牧場,11.7,2009.0,2003.0,1991.0
2016101184,ミュークルクラス,牡,沖芳夫,,バゴ,2001190004,フェバリットソング,2010106304,ゴールドアリュール,1999106689,庄司修二,坂本牧場,11.7,2001.0,2010.0,1999.0
2016100208,ラインキャスト,牝,田口輝彦,,グランプリボス,2008103388,イナズマディオーネ,2012100207,ディープスカイ,2005101358,西唯克,小泉牧場,11.6,2008.0,2012.0,2005.0
2016100017,ティエラアデントロ,牡,佐藤雅彦,,グラスワンダー,1995108676,スカイプラネット,2008104350,ネオユニヴァース,2000101426,佐々木雄二,赤石久夫,11.6,1995.0,2008.0,2000.0
2016105507,サツキシェラザード,牝,伊藤強一,,ベルシャザール,2008103004,ニシノマイヒメ,1998101154,フォーティナイナー,000a000134,八嶋長久,岡田スタッド,11.5,2008.0,1998.0,1985.0
2016104905,サバイバルクイーン,牝,法理勝弘,,キングズベスト,000a0022d2,アディシオン,2010103732,マンハッタンカフェ,1998101554,福田光博,社台ファーム,11.5,1997.0,2010.0,1998.0
2016104390,キャスノワゼット,牝,宮本仁,,ロードカナロア,2008103552,アイスドール,2003102943,キャプテンスティーヴ,000a000d9d,杉浦和也,ノーザンファーム,11.4,2008.0,2003.0,1997.0
2016102937,マリノガイア,牝,米川昇,,グラスワンダー,1995108676,クラウンアモーレ,2009104495,ブラックホーク,1994109361,サンエツ企画（有）,クラウン日高牧場,11.3,1995.0,2009.0,1994.0
2016102262,ウシェーランケー,牡,佐藤雅彦,,ナカヤマフェスタ,2006102424,キッズチェイサー,2008103357,アグネスタキオン,1998101516,瀬谷隆雄,秋場牧場,11.3,2006.0,2008.0,1998.0
2016104239,パーフェクトワン,牝,千葉博次,,ノヴェリスト,000a012230,メジロミドウ,2008102519,ステイゴールド,1994108729,由井健太郎,レイクヴィラファーム,11.2,2009.0,2008.0,1994.0
2016100192,アサカフロンティア,牝,小牧毅,,ジャスタウェイ,2009106461,アサカプティット,1998100268,ブライアンズタイム,000a000082,浅川昌彦,協和牧場,11.2,2009.0,1998.0,1985.0
2016103585,ベニハルカ,牝,川添明弘,,ヤマニンセラフィム,1999104188,ボープランタン,2011102337,ファスリエフ,000a00fc4c,（同）ＪＰＮ技研,広中稔,10.9,1999.0,2011.0,1997.0
2016100393,キシュウソレイユ,牝,新山広道,,ディープブリランテ,2009105084,フォクシーレッグス,2004106851,フォーティナイナー,000a000134,小橋亮太,タニグチ牧場,10.8,2009.0,2004.0,1985.0
2016106495,エイシンモンクール,牝,加藤和宏,,ヴィクトワールピサ,2007102923,エーシンロレーン,2006110042,Rahy,000a001c5e,（株）ファーストビジ,栄進牧場,10.7,2007.0,2006.0,1985.0
2016104385,ラヴアフェアー,牝,小国博行,,ディープインパクト,2002100816,リーサルヒート,000a011d32,Unusual Heat,000a0118fe,藤本直弘,社台コーポレーション白老ファーム,10.7,2002.0,2005.0,1990.0
2016101725,ウインリブレット,牡,奥平雅士,,メイショウサムソン,2003102205,シャリマ,2010104699,オレハマッテルゼ,2000101550,ウイン,小倉牧場,10.7,2003.0,2010.0,2000.0
2016100623,オゴジョ,牝,矢野久美,,セレスハント,2005101116,リブインラヴ,2001102145,サンデーサイレンス,000a00033a,三岡有香,ノースヒルズ,10.6,2005.0,2001.0,1986.0
2016104004,シャイニーウルフ,牡,堂山芳則,,トーセンホマレボシ,2009106092,ブライティアガール,1998103730,アフリート,000a000013,小林昌志,雅牧場,10.5,2009.0,1998.0,1984.0
2016102604,キングアーサー,牡,那俄性哲,,キングズベスト,000a0022d2,ルージュバンブー,2006100557,マリエンバード,000a00fa36,鈴木剛史,バンブー牧場,10.5,1997.0,2006.0,1997.0
2016102501,ヨサコイプリンセス,牝,別府真司,,ヴァーミリアン,2002100877,スパイラルリング,2002100710,エンドスウィープ,000a00010f,国田正忠,大北牧場,10.5,2002.0,2002.0,1991.0
2016100343,ラストミステリー,牝,畠山信一,,ストロングリターン,2006102934,ハミングトップ,2004100392,リンドシェーバー,1988107894,谷謙介,スピードファーム,10.5,2006.0,2004.0,1988.0
2016104536,バモサバイラ,牝,石川浩文,,オルフェーヴル,2008102636,ダンスザクラシックス,000a0117c3,Sadler's Wells,000a00185d,（同）ＪＰＮ技研,ノーザンファーム,10.4,2008.0,2004.0,1981.0
2016104018,サンテレホート,牝,竹口勝利,,ショウナンカンプ,1998102595,スカーリイベイビー,2002110089,Rizzi,000a002164,（株）ボンズ,千島北斗牧場,10.2,1998.0,2002.0,1991.0
2016102054,ナムラダイダロス,牡,黒木豊,,トーセンホマレボシ,2009106092,ナムラユリア,2011100060,ゼンノロブロイ,2000101517,関昭一,中島牧場,10.2,2009.0,2011.0,2000.0
2016100316,プエブラ,牝,伊藤勝己,,トーセンジョーダン,2006103169,メジャーフラガール,2010103665,ダイワメジャー,2001103114,（同）ＪＰＮ技研,スカイビーチステーブル,10.2,2006.0,2010.0,2001.0
2016109151,カシノグルー,牡,山下定文,,ダノンゴーゴー,2005110196,ヴェニーズワルツ,2007103133,サクラバクシンオー,1989108341,柏木務,ストームファームコーポレーション,10.0,2005.0,2007.0,1989.0
2016103266,ブラックバサラ,牡,原口次夫,,ワークフォース,000a011a7f,トーホウスキャット,2006105646,アグネスタキオン,1998101516,藤居正樹,竹島幸治,10.0,2007.0,2006.0,1998.0
2016100699,ベストゴッホ,牡,佐藤英明,,マツリダゴッホ,2003104570,コスモスプラッシュ,2005105507,メジロブライト,1994108411,（有）イシカリホー,ビッグレッドファーム,10.0,2003.0,2005.0,1994.0
2016100566,ラジュンジェレ,牝,西園正都,,スウェプトオーヴァーボード,000a00fa34,ボーテセレスト,2004100644,ステイゴールド,1994108729,錦岡牧場,錦岡牧場,10.0,1997.0,2004.0,1994.0
2016106589,アースペガー,牝,岡島玉一,,ゴールドアリュール,1999106689,ホットスウェル,2005110076,Fusaichi Pegasus,000a0022cf,松山増男,アイオイファーム,9.9,1999.0,2005.0,1997.0
2016103434,セイウンカイドウ,牡,山口浩幸,,リーチザクラウン,2006102923,カナエチャン,2008101997,マンハッタンカフェ,1998101554,冨田藤男,谷川牧場,9.8,2006.0,2008.0,1998.0
2016105542,ルピナスメアー,牝,渡瀬寛彰,,トーセンジョーダン,2006103169,アイスメアー,2008100857,サウスヴィグラス,1996110138,村上憲政,岡田牧場,9.7,2006.0,2008.0,1996.0
2016103973,エクセルブランコ,牡,飯田弘道,,ケープブランコ,000a011b06,ブランシェール,2008102761,ディープインパクト,2002100816,金野博幸,坂東牧場,9.7,2007.0,2008.0,2002.0
2016105964,サノノドン,牡,川嶋弘吉,,サイレントディール,2000101634,メジロアニマート,2003103341,フレンチデピュティ,000a00013a,（株）ファーストビジ,大典牧場,9.6,2000.0,2003.0,1992.0
2016100471,ヒルノベルゲン,牡,北出成人,,ヒルノダムール,2007100727,ショウナンカグラ,2001107800,アジュディケーティング,000a000d5d,ヒルノ,中地義次,9.6,2007.0,2001.0,1987.0
2016105545,タータンダンサー,牝,安部幸夫,,ゼンノロブロイ,2000101517,アートオブダンサー,2006100787,サウスヴィグラス,1996110138,今中俊平,岡田牧場,9.5,2000.0,2006.0,1996.0
2016100759,オリアナフィオーレ,牝,植松則幸,,グラスワンダー,1995108676,マイネレーツェル,2005109177,ステイゴールド,1994108729,（株）ファーストビジ,ビッグレッドファーム,9.5,1995.0,2005.0,1994.0
2016109084,コルサージュ,牝,三野宮通,,キングヘイロー,1995104427,コルサトウショウ,2003105149,ヘクタープロテクター,000a000d6b,岩渕瑞生,マルシチ牧場,9.3,1995.0,2003.0,1988.0
2016103722,グローレ,牝,橘友和,,スーパーホーネット,2003101859,バトルヒミコ,2007106169,シンボリクリスエス,1999110099,畠山浩司,モリナガファーム,9.2,2003.0,2007.0,1999.0
2016103527,エコロノアール,牡,及川良春,,トーセンホマレボシ,2009106092,ハルジオン,2008105101,ティンバーカントリー,000a00035e,谷謙介,坂東ファーム,9.2,2009.0,2008.0,1992.0
2016104631,アルタマレーア,牝,桜井今朝,,ブラックタイド,2001103312,マージナルグラマー,1998110001,Crafty Prospector,000a00193b,谷口祐人,ノーザンファーム,9.1,2001.0,1998.0,1979.0
2016101276,ノアトレジャー,牝,桜田浩樹,,ノヴェリスト,000a012230,アヌエヌエ,2007103703,キングカメハメハ,2001103460,佐山公男,鳥井牧場,9.1,2009.0,2007.0,2001.0
2016109107,グッドショット,セ,石川浩文,,ブラックタイド,2001103312,グッドポジション,1999102650,トニービン,1983109006,（同）ＪＰＮ技研,下河辺トレーニングセンター,9.0,2001.0,1999.0,1983.0
2016100119,シゲルトパーズ,牝,九日俊光,,バゴ,2001190004,シゲルシュサ,2008105774,ヘニーヒューズ,000a011155,森中蕃,大林ファーム,9.0,2001.0,2008.0,2003.0
2016110109,ウィガンテソーロ,牡,渡瀬寛彰,,Oasis Dream,000a010d4f,Inchina,000a013d20,モンジュー,1996190001,了徳寺健二ホールディングス,Hascombe and Valiant Studs,8.8,2000.0,2009.0,1996.0
2016105349,アカネジョウ,牝,加藤和宏,,キングズベスト,000a0022d2,サンデージョウ,2007104582,グラスワンダー,1995108676,（株）ファーストビジ,中地康弘,8.8,1997.0,2007.0,1995.0
2016103665,リネンパール,牝,浜田一夫,,アサクサキングス,2004103163,リネンステージ,2000106808,シャンハイ,000a000d73,戸山昌彦,前川義則,8.8,2004.0,2000.0,1989.0
2016100338,マシンガントーク,牝,関本浩司,,エイシンフラッシュ,2007102951,グレカーレ,2010106197,サムライハート,2002100996,谷謙介,スピードファーム,8.8,2007.0,2010.0,2002.0
2016101796,シッパイシナイノデ,牝,尾島徹,,カンパニー,2001103435,アリエナイ,2007105537,シンボリクリスエス,1999110099,小田切光,木村牧場,8.7,2001.0,2007.0,1999.0
2016100644,サンデーレイジ,牡,菅原勲,,フリオーソ,2004106867,バトナージュ,2012100646,ステイゴールド,1994108729,相澤吉則,ハシモトファーム,8.7,2004.0,2012.0,1994.0
2016109138,トワイライトサナー,牡,池田忠好,,ストラヴィンスキー,000a00fa41,セトウチシャイン,2003106594,スペシャルウィーク,1995103211,吉野政敏,吉野政敏,8.6,1996.0,2003.0,1995.0
2016102076,ハナダマ,牝,大石省三,,スクリーンヒーロー,2004103328,ハナカゲ,2008101692,サクラプレジデント,2000102261,晴間芳次,日進牧場,8.6,2004.0,2008.0,2000.0
2016103907,エイカイリバティ,牡,頼本盛行,,クロフネ,1998110135,カラダダイヤモンド,2011101075,ステイゴールド,1994108729,谷謙介,清水牧場,8.5,1998.0,2011.0,1994.0
2016100674,ユウキ,牝,関本浩司,,スマートロビン,2008100685,タバスコリエ,2003100214,タバスコキャット,000a000348,谷謙介,樋渡志尚,8.5,2008.0,2003.0,1991.0
2016101290,アレスグーテ,牡,尾島徹,,ジャスタウェイ,2009106461,フィールグリュック,2009106456,ストラヴィンスキー,000a00fa41,カナヤマホールディングス,中田英樹,8.2,2009.0,2009.0,1996.0
2016106196,ゴールドラブラン,牡,鋤田誠二,,アドマイヤジャパン,2002102324,ネクストフラワー,2010103210,フォーティナイナーズサン,000a011227,吉山藤雄,原ファーム,8.1,2002.0,2010.0,2001.0
2016105344,エメノティアラ,牝,佐藤茂,,モンテロッソ,000a011b05,マキシムクローバー,2007105314,タヤスツヨシ,1992109612,小田和子,大狩部牧場,8.1,2007.0,2007.0,1992.0
2016105846,カイルア,牝,北村欣也,,ハイアーゲーム,2001103160,ブライアンオークス,2003105051,ブライアンズタイム,000a000082,原久美子,聖心台牧場,8.0,2001.0,2003.0,1985.0
2016102629,ヤマニンスピナー,牝,伊藤和,,グラスワンダー,1995108676,ヤマニンスプラウト,2001105538,フォティテン,000a000d19,土井久美子,廣田光夫,8.0,1995.0,2001.0,1984.0
2016102415,スターオブグラス,牝,池田忠好,,キングズベスト,000a0022d2,シンプリーディヴァイン,000a011ddc,Grand Slam,000a0022b9,光安慎一,高昭牧場,8.0,1997.0,2004.0,1995.0
2016102240,エスペランサ,牝,大江原哲,,プリサイスエンド,000a00fe9b,スマートディルハム,2009103351,ディープインパクト,2002100816,平本敏夫,山口義彦,8.0,1997.0,2009.0,2002.0
2016100069,ゼネラルエレガンテ,牝,堂山芳則,,パドトロワ,2007102760,プレジールダムール,1999101449,ウォーニング,000a000843,韓孝徳,飯島功典,8.0,2007.0,1999.0,1985.0
2016101654,エイシンホルス,牡,水野善太,,エイシンアポロン,2007110020,エイシンドナウ,2011105568,グラスワンダー,1995108676,小橋亮太,栄進牧場,7.7,2007.0,2011.0,1995.0
2016100459,ディープフィーリア,牝,笹野博司,,ディープブリランテ,2009105084,ハワイアンアイ,2012100439,キングカメハメハ,2001103460,浅野真由美,富本茂喜,7.7,2009.0,2012.0,2001.0
2016105647,メイショウニシキ,牡,川田孝好,,タイキシャトル,1994109686,シルクプレアデス,2003102842,アドマイヤベガ,1996107396,松本好雄,キヨタケ牧場,7.6,1994.0,2003.0,1996.0
2016101007,エメラルウィッシュ,牝,藤田正治,,ローレルゲレイロ,2004100933,アマーレ,1998105933,トニービン,1983109006,（株）ボンズ,田村靖典,7.6,2004.0,1998.0,1983.0
2016100851,ビクトリアスマイル,牝,橋本忠明,,ノヴェリスト,000a012230,ジターナ,2006103086,ダンスインザダーク,1993109188,村上欽哉,村上欽哉,7.6,2009.0,2006.0,1993.0
2016106571,ドナカルモ,牝,古賀光範,,メイショウボーラー,2001100650,メイショウオスカル,2001106653,フジキセキ,1992109618,高山直樹,日西牧場,7.5,2001.0,2001.0,1992.0
2016106001,スキルドロイヤー,牝,田中伸一,,ナカヤマフェスタ,2006102424,トウカイパートナー,1998104490,ブライアンズタイム,000a000082,中野幸一,千代田牧場,7.5,2006.0,1998.0,1985.0
2016105924,スターセイガイハ,牡,三野宮通,,サクラゼウス,2004104495,サクラメガプリティ,2007100397,グラスワンダー,1995108676,井田荘一郎,谷岡スタット,7.5,2004.0,2007.0,1995.0
2016105890,ミスレイナ,牝,内村寛司,,グランプリボス,2008103388,レイナウッド,2005106511,ボストンハーバー,000a00007c,（同）ＪＰＮ技研,高橋義浩,7.5,2008.0,2005.0,1994.0
2016103558,テイエムマリエン,牝,平山宏秀,,テイエムオペラオー,1996100292,テイエムマイサクラ,2005101233,マリエンバード,000a00fa36,竹園正繼,日高テイエム牧場,7.5,1996.0,2005.0,1997.0
2016102350,マルケイジョカ,牝,石川栄,,ベルシャザール,2008103004,アルマシャウラ,2010102023,アドマイヤムーン,2003102991,熊谷清則,上山牧場,7.5,2008.0,2010.0,2003.0
2016102341,プレガリア,牝,田中正二,,ハーツクライ,2001103038,プリオバーン,000a011dfb,Galileo,000a00232b,水上行雄,笠松牧場,7.5,2001.0,2007.0,1998.0
2016101526,クレドール,牝,藤沢和雄,,エンパイアメーカー,000a010542,シーキングオアシス,2005110041,Seeking the Gold,000a001bea,多田信尊,能登浩,7.5,2000.0,2005.0,1985.0
2016101226,ミツカネラブ,牝,打越勇児,,ハービンジャー,000a011996,プリーズドスマイル,2010103997,ディープインパクト,2002100816,小山田満,田上徹,7.5,2006.0,2010.0,2002.0
2016105520,ラルムエトワール,牝,清水英克,,スマートファルコン,2005100097,プレシャスドロップ,2003104556,フレンチデピュティ,000a00013a,ノルマンディーサラブレッドレーシング,岡田スタッド,7.4,2005.0,2003.0,1992.0
2016102395,アイアムツイテル,牝,植松則幸,,ルーラーシップ,2007103143,アイアムエレガント,2008102962,マンハッタンカフェ,1998101554,（株）ファーストビジ,高昭牧場,7.4,2007.0,2008.0,1998.0
2016105956,ローマンウォリアー,牡,井樋明正,,ローレルゲレイロ,2004100933,カミモリローマン,1998104479,ブライアンズタイム,000a000082,西隆久,大典牧場,7.3,2004.0,1998.0,1985.0
2016103384,ヨハネスニシキ,牡,錦見勇夫,,ヨハネスブルグ,000a0103b9,ピースオブフリー,2001106524,ウォーニング,000a000843,錦見日出雄,豊郷牧場,7.3,1999.0,2001.0,1985.0
2016109051,キタグルーム,牡,金田一昌,,アルデバランII,000a010541,アイシーサポート,2007109219,サニングデール,1999109275,北村守彦,北村牧場,7.2,1998.0,2007.0,1999.0
2016106563,プチファンタジスタ,牝,川添明弘,,タニノギムレット,1999100226,エンジェルラブ,2002102093,フサイチソニック,1997103684,谷謙介,武田寛治,7.2,1999.0,2002.0,1997.0
2016104155,トーアコルシャ,牡,加藤和宏,,サウスヴィグラス,1996110138,トーアミッシェル,2004102535,フジキセキ,1992109618,（株）ファーストビジ,トーア牧場,7.2,1996.0,2004.0,1992.0
2016103687,マイノボル,牝,鈴木正也,,ジャングルポケット,1998101786,ティーチャズペット,1997101884,サンデーサイレンス,000a00033a,新村順一,三輪幸子,7.2,1998.0,1997.0,1986.0
2016103439,セイウンノルン,牝,山口浩幸,,マンハッタンカフェ,1998101554,ニシノオドリコ,2010102079,ブライアンズタイム,000a000082,冨田藤男,ガーベラパークスタッド,7.2,1998.0,2010.0,1985.0
2016102601,ゼントヨウヨウ,牡,斉藤正弘,,ヴァーミリアン,2002100877,バンブーインディゴ,2007102243,ダンスインザダーク,1993109188,原久美子,バンブー牧場,7.2,2002.0,2007.0,1993.0
2016100456,リュウノハドウ,牡,吉田直弘,,ゴールドアリュール,1999106689,レディジェーン,2005102370,フレンチデピュティ,000a00013a,二口雅一,飛渡牧場,7.2,1999.0,2005.0,1992.0
2016100406,ジユウノメガミ,牝,菅原欣也,,ブラックタイド,2001103312,クールトップレディ,2008106481,クロフネ,1998110135,（同）ＪＰＮ技研,大栄牧場,7.2,2001.0,2008.0,1998.0
2016106470,エイシンポタラ,牝,植松則幸,,ナカヤマフェスタ,2006102424,エイシンハッピー,2002100073,グラスワンダー,1995108676,（株）ファーストビジ,栄進牧場,7.0,2006.0,2002.0,1995.0
2016105263,ネオシーナ,セ,盛本信春,,ワークフォース,000a011a7f,ライムライトII,000a011a99,Dalakhani,000a01098f,河野孝明,社台ファーム,7.0,2007.0,2005.0,2000.0
2016104076,ラレットル,牝,板垣吉則,,エイシンフラッシュ,2007102951,マキシマムジョイ,2010101695,ハーツクライ,2001103038,杉浦和也,市川牧場,7.0,2007.0,2010.0,2001.0
2016100173,アイファーリリー,牝,藤田正治,,グラスワンダー,1995108676,イエスウイウィル,2006105269,ステイゴールド,1994108729,（有）ミドルアイラン,川上悦夫,7.0,1995.0,2006.0,1994.0
2016104197,ピョル,牝,東眞市,,ネオヴァンドーム,2007102913,シワクシラナミ,2011102845,シルバーチャーム,000a00227c,原大栄,宮井孝典,6.9,2007.0,2011.0,1994.0
2016101175,コスモクラージュ,牡,今津博之,,キンシャサノキセキ,2003110212,ギガンティア,2004102437,Fusaichi Pegasus,000a0022cf,酒井孝敏,斉藤スタッド,6.9,2003.0,2004.0,1997.0
2016100176,アイファーハニー,牝,雑賀伸一,,メイショウサムソン,2003102205,ネヴァセイネヴァー,2007104262,マーベラスサンデー,1992103687,中島大貴,川上悦夫,6.6,2003.0,2007.0,1992.0
2016103200,セイユウグリーン,牝,坂井孝義,,グランプリボス,2008103388,スイートプラド,2004110137,El Prado,000a001fb5,三岡有香,シンボリ牧場,6.5,2008.0,2004.0,1989.0
2016102807,フェイスフルベン,牡,山田徹,,ジャスタウェイ,2009106461,スマートダイス,2005110047,Point Given,000a00fdbd,（株）本城,いとう牧場,6.5,2009.0,2005.0,1998.0
2016106370,カサブランカボーテ,牝,尾原強,,ワークフォース,000a011a7f,ブリリアントクラン,2008101014,ロックオブジブラルタル,000a00fd4c,鳴戸雄一,矢野牧場,6.4,2007.0,2008.0,1999.0
2016109048,ハチノヘキンボシ,牡,天間昭一,,スクワートルスクワート,000a000da4,セイントムーン,2009101305,アドマイヤムーン,2003102991,西村新一郎,織笠時男,6.3,1998.0,2009.0,2003.0
2016101863,バースデーバッシュ,牝,清水英克,,ダンカーク,000a012185,ハッピーディレンマ,2007102865,アグネスタキオン,1998101516,田頭勇貴,笹地牧場,6.3,2006.0,2007.0,1998.0
2016101504,リンノプラネット,牡,渡辺博文,,プリサイスエンド,000a00fe9b,アクアプラネット,2002100881,エルコンドルパサー,1995108742,林正夫,山本昇寿,6.3,1997.0,2002.0,1995.0
2016109076,キョウエイワイルド,セ,高橋俊之,,トウカイワイルド,2002102745,ノースアルテミス,2005101534,タイキシャトル,1994109686,杉浦和也,野々宮牧場,6.2,2002.0,2005.0,1994.0
2016104105,アーチンガイ,牡,三野宮通,,オルフェーヴル,2008102636,エンゼルアーチ,000a011795,Smart Strike,000a00211c,（株）アプエンテ,大川牧場,6.2,2008.0,2004.0,1992.0
2016103583,キタサンアメジスト,牝,川島洋人,,ネオユニヴァース,2000101426,キタサンジュエリー,2001106863,サクラバクシンオー,1989108341,大野商事,広中稔,6.2,2000.0,2001.0,1989.0
2016100385,サクセスクルーズ,牡,森沢友貴,,ドリームジャーニー,2004102753,サクセスアイニー,2007104540,ジャングルポケット,1998101786,柴田実千代,タニグチ牧場,6.2,2004.0,2007.0,1998.0
2016100267,コンビビアリテ,牝,中川竜馬,,ナカヤマフェスタ,2006102424,ゴーバンズ,2006104190,フレンチデピュティ,000a00013a,（有）門脇,五丸農場,6.2,2006.0,2006.0,1992.0
2016109037,ペプチドモアモア,牝,尾島徹,,トーセンホマレボシ,2009106092,ペプチドモアー,2001100266,サクラローレル,1991103498,沼川瀧子,伊藤牧場,6.0,2009.0,2001.0,1991.0
2016106538,セイユウクイーン,牝,目迫大輔,,グランプリボス,2008103388,アースウイザード,2005106176,エイシンプレストン,1997110161,松岡正二,グローリーファーム,6.0,2008.0,2005.0,1997.0
2016100692,ゲハイムローゼ,牝,深山雅史,,ロージズインメイ,000a010a10,コスモエンドレス,2004100280,スターオブコジーン,1988109108,サラブレッドクラブ・ラフィアン,ビッグレッドファーム,6.0,2000.0,2004.0,1988.0
2016102625,オニール,牝,田中範雄,,グランプリボス,2008103388,レイテッド,2008102894,ジャングルポケット,1998101786,北畑忍,ヒダカファーム,5.9,2008.0,2008.0,1998.0
2016102752,テキーラトニック,牝,池田忠好,,ミリオンディスク,2004103249,フリップフロップ,2009100744,リンカーン,2000101561,廣松真次,アイズスタッド,5.8,2004.0,2009.0,2000.0
2016100700,ヴァイスロイ,牝,菅原欣也,,アイルハヴアナザー,000a011ed3,コスモバタフライ,2008103438,ソングオブウインド,2003102461,（同）ＪＰＮ技研,ビッグレッドファーム,5.7,2009.0,2008.0,2003.0
2016100364,イーヨー,牝,栗本陽一,,カネヒキリ,2002100978,プリッシーブリッチーズ,000a0114eb,Kingmambo,000a001d7e,鈴木和彦,高瀬牧場,5.5,2002.0,2001.0,1990.0
2016102676,ミルキーブルー,牝,石栗龍彦,,メイショウボーラー,2001100650,スターペスキサコ,1999105923,メジロマックイーン,1987107235,ミルファーム,村中牧場,5.4,2001.0,1999.0,1987.0
2016101119,クレバーディガー,牡,高橋俊之,,プリサイスエンド,000a00fe9b,ブルーポラリス,2003107264,ウェイオブライト,000a000d9b,杉浦和也,加野牧場,5.4,1997.0,2003.0,1996.0
2016104476,リオハ,牡,平山宏秀,,ルーラーシップ,2007103143,ケイティーズハート,2009106142,ハーツクライ,2001103038,（株）ＴＫＫ,ノーザンファーム,5.3,2007.0,2009.0,2001.0
2016106221,サンマリブ,牝,湯前良人,,ロージズインメイ,000a010a10,プロヴァンス,2003105068,サッカーボーイ,1985103538,（有）ホースケア,藤沢牧場,5.2,2000.0,2003.0,1985.0
2016104972,ヤマノイッキー,牝,菅原勲,,ワークフォース,000a011a7f,オメガブルーライン,2007102981,スウェプトオーヴァーボード,000a00fa34,岩渕瑞生,社台ファーム,5.2,2007.0,2007.0,1997.0
2016104710,エバーブラック,牝,宗綱泰彦,,ブラックタイド,2001103312,アネモティス,2005110197,Fusaichi Pegasus,000a0022cf,（同）ＪＰＮ技研,ノーザンファーム,5.2,2001.0,2005.0,1997.0
2016104472,ピサノメタルシティ,牡,佐々木由,,ハービンジャー,000a011996,グレイトフルデッド,2012104548,ハーツクライ,2001103038,大黒富美子,ノーザンファーム,5.2,2006.0,2012.0,2001.0
2016101709,トゥザムーン,牝,中川竜馬,,トゥザグローリー,2007103265,ワンメイク,2006101818,フジキセキ,1992109618,豊島愛子,大柳ファーム,5.2,2007.0,2006.0,1992.0
2016101472,ネイチャーサムソン,牡,晴山厚司,,メイショウサムソン,2003102205,イースタンロマン,1994106713,ブライアンズタイム,000a000082,井上修一,元茂牧場,5.2,2003.0,1994.0,1985.0
2016103790,ロコマイカイ,牝,九日俊光,,オリオンザサンクス,1996103237,マヤノプレム,2004105224,タイキシャトル,1994109686,野口幸八,横井哲,5.0,1996.0,2004.0,1994.0
2016103395,ジンヨ,セ,松元茂樹,,アッミラーレ,1997100569,ジプシーダンサー,2001104434,ウォーニング,000a000843,二風谷ファーム,中川欽一,5.0,1997.0,2001.0,1985.0
2016102935,クリノホールスアイ,牝,山田和久,,グランプリボス,2008103388,ラプリマステラ,2007103377,アグネスタキオン,1998101516,栗本八江,木村牧場,5.0,2008.0,2007.0,1998.0
2016101730,シャッターサウンド,牝,加藤和義,,エイシンフラッシュ,2007102951,サウンドアリュール,2007101366,マンハッタンカフェ,1998101554,矢内卓人,帰山清貴,5.0,2007.0,2007.0,1998.0
2016101087,ネイチャービコー,牝,恵多谷豊,,キングヘイロー,1995104427,ジュピターズビコー,2002110212,シングスピール,1992190005,井上修一,オギオギ牧場,5.0,1995.0,2002.0,1992.0
2016104409,ジェラーニオ,牡,三野宮通,,ブラックタイド,2001103312,アンプレヴー,2006103376,トワイニング,000a000006,岩渕瑞生,ノーザンファーム,4.8,2001.0,2006.0,1991.0
2016104096,スマイルベティ,牝,佐藤茂,,スマイルジャック,2005106738,ブーティー,2005101808,フジキセキ,1992109618,堀江貞幸,上水牧場,4.8,2005.0,2005.0,1992.0
2016101140,リンコリュウオー,牝,大石省三,,プリサイスエンド,000a00fe9b,パレスジェイド,2011101295,ゴールドアリュール,1999106689,（有）しょうじ,グローリーファーム,4.8,1997.0,2011.0,1999.0
2016102129,スマイルチャーマー,牡,伊藤和忍,,トーセンジョーダン,2006103169,インフィジャール,2009100726,ステイゴールド,1994108729,徳田直樹,福田牧場,4.5,2006.0,2009.0,1994.0
2016101638,ブリエスフェール,牡,千葉博次,,ザサンデーフサイチ,2004102855,クインポルカ,2010104632,タニノギムレット,1999100226,村上聡蔵,浦河日成牧場,4.5,2004.0,2010.0,1999.0
2016105121,ヴァイオエルソル,牡,加藤幸保,,ハービンジャー,000a011996,ディオベルタ,2009105870,フジキセキ,1992109618,鈴木史郎,社台ファーム,4.3,2006.0,2009.0,1992.0
2016106076,ニホンピロファルコ,牡,服部利之,,スマートファルコン,2005100097,ニホンピロビオラ,1998105786,アフリート,000a000013,小林百太郎,友田牧場,4.2,2005.0,1998.0,1984.0
2016103941,ゴウユウ,牡,酒井仁,,タイキシャトル,1994109686,ハナマル,2001107192,アフリート,000a000013,西村專次,二風谷ファーム,4.2,1994.0,2001.0,1984.0
2016100329,ボク,牡,佐藤英明,,アメリカンボス,1995108602,ベルモントマリンバ,2004100817,アジュディケーティング,000a000d5d,田村義徳,スターファーム,4.2,1995.0,2004.0,1987.0
2016105416,レサラダアスール,牝,川嶋弘吉,,キングズベスト,000a0022d2,リメインフォレスト,2000101717,アジュディケーティング,000a000d5d,アスール,石川栄一,4.1,1997.0,2000.0,1987.0
2016104052,マイネルライズ,牡,水野貴広,,グラスワンダー,1995108676,コスモザガリア,2005103009,アグネスゴールド,1998101530,サラブレッドクラブ・ラフィアン,庫宝牧場,4.1,1995.0,2005.0,1998.0
2016100120,マトイ,牡,笹野博司,,ワイルドラッシュ,000a0003a1,シャインレジーナ,2006104697,アグネスタキオン,1998101516,坂本守孝,大林ファーム,4.1,1994.0,2006.0,1998.0
2016109140,カシノエルサ,牝,藤沢則雄,,ケープブランコ,000a011b06,カシノエスケイプ,2003103517,スズカストリート,1992110102,柏木務,柏木務,4.0,2007.0,2003.0,1992.0
2016109104,フリータックス,牡,桜田浩樹,,タニノギムレット,1999100226,ハルカ,2009106861,ゼンノロブロイ,2000101517,松尾正,松尾豊,4.0,1999.0,2009.0,2000.0
2016106493,エイシンココロ,牝,尾原強,,トランセンド,2006104736,エーシンリバティー,2007110016,Belong to Me,000a001ff2,（株）ボンズ,栄進牧場,4.0,2006.0,2007.0,1989.0
2016105462,ルナハーモニー,牝,城地俊光,,ナカヤマフェスタ,2006102424,オカノハーモニー,2000104306,ロドリゴデトリアーノ,000a000d71,大黒富美子,岡田スタッド,4.0,2006.0,2000.0,1989.0
2016103221,シゲルベスブセキ,牡,沖芳夫,,ベルシャザール,2008103004,ポルウナカベサ,1998105893,Wild Again,000a00185f,森中蕃,スウィングフィールド牧場,4.0,2008.0,1998.0,1980.0
2016110108,チェスターテソーロ,牡,安田武広,,Kodiac,000a012b10,Aqlette,000a013d1f,Aqlaam,000a013cf3,了徳寺健二,Micheal & Martin Butler,3.8,2001.0,2012.0,2005.0
2016103277,アイロニー,牝,桧森邦夫,,ブラックタイド,2001103312,ダヴィンチコード,2012101501,キングカメハメハ,2001103460,三岡有香,タバタファーム,3.8,2001.0,2012.0,2001.0
2016103270,ナツバ,牝,佐久間雅,,ルーラーシップ,2007103143,アフレイタス,1999107089,サンデーサイレンス,000a00033a,田端修,タバタファーム,3.8,2007.0,1999.0,1986.0
2016101467,エレガントクラウン,牝,及川良春,,キンシャサノキセキ,2003110212,フリティラリア,2010104504,アドマイヤムーン,2003102991,大黒富美子,明治牧場,3.8,2003.0,2010.0,2003.0
2016100916,キタサンテンビー,牝,桧森邦夫,,ダイワメジャー,2001103114,ビッグテンビー,1998100880,テンビー,000a000354,五十嵐勤,村田牧場,3.7,2001.0,1998.0,1990.0
2016102819,スズカジョーダン,牡,川西毅,,トーセンジョーダン,2006103169,リリーポンド,2001110017,Grand Slam,000a0022b9,永井啓弍,ＷｉｎｇＦａｒｍ,3.6,2006.0,2001.0,1995.0
2016102296,トンバ,牡,角田輝也,,モンテロッソ,000a011b05,ローザディアマント,2008103280,スペシャルウィーク,1995103211,永田和彦,エムエム、ヤマダファーム,3.6,2007.0,2008.0,1995.0
2016100088,ベルファムクイーン,牝,城地俊光,,アサクサキングス,2004103163,ベルファム,2006104127,ブライアンズタイム,000a000082,大黒富美子,石田牧場,3.6,2004.0,2006.0,1985.0
2016102058,メイショウウルル,牝,井樋明正,,メイショウサムソン,2003102205,カツナデシコ,2007101695,カリズマティック,000a00fa33,帶刀真也,中脇満,3.5,2003.0,2007.0,1996.0
2016100356,ダイシンラッシュ,牝,森沢友貴,,エイシンフラッシュ,2007102951,ダイシンマジック,2007102824,キングカメハメハ,2001103460,大八木信行,隆栄牧場,3.5,2007.0,2007.0,2001.0
2016100793,ノギク,牝,斉藤正弘,,カネヒキリ,2002100978,アオバ,2004109329,ブライアンズタイム,000a000082,中村勝彦,松浦牧場,3.4,2002.0,2004.0,1985.0
2016100062,キタノローズ,牝,城地俊光,,ベーカバド,000a011dc0,アラマサローズ,2006104117,スターリングローズ,1997106560,大黒富美子,アラキファーム,3.3,2007.0,2006.0,1997.0
2016106081,ブラックビーンズ,牡,金田一昌,,タイムパラドックス,1998101683,イシブミ,1996106755,トニービン,1983109006,蜂須賀重夫,鳥谷勝彦,3.2,1998.0,1996.0,1983.0
2016101061,プラチナクォーツ,牝,川添明弘,,クロフネ,1998110135,エアリカコ,1999106857,Halling,000a002075,（同）ＭＩＲＡＩ,沖田忠幸,3.2,1998.0,1999.0,1991.0
2016106570,フラワープリンセス,牝,雑賀正光,,キングズベスト,000a0022d2,マヤノスターライト,2000105532,ジェイドロバリー,000a0001a7,堀口晴男,日西牧場,3.0,1997.0,2000.0,1987.0
2016106167,ラブミーチャーム,牝,田中守,,ディープブリランテ,2009105084,ダイワチャーム,2004105605,フジキセキ,1992109618,小林祥晃,服部牧場,3.0,2009.0,2004.0,1992.0
2016105175,タイセイミストラル,牡,佐藤雅彦,,ワークフォース,000a011a7f,ファルネーゼ,2005102174,フレンチデピュティ,000a00013a,石川諭,社台ファーム,3.0,2007.0,2005.0,1992.0
2016105090,クリノシラヌイ,牝,大石省三,,ベルシャザール,2008103004,ソングフォーミー,1999110017,Gone West,000a001be1,栗本八江,社台ファーム,3.0,2008.0,1999.0,1984.0
2016104264,ケイティロード,牡,打越勇児,,ジャスタウェイ,2009106461,オールピュール,2001110020,Touch Gold,000a0022cd,瀧本和義,追分ファーム,3.0,2009.0,2001.0,1994.0
2016104205,エリーブリーズ,牝,工藤裕孝,,トーセンラー,2008102985,リチュアリスト,2004106159,タヤスツヨシ,1992109612,結城喜一,ヤマイチ牧場,3.0,2008.0,2004.0,1992.0
2016101787,アストロゲート,牡,晴山厚司,,タイキシャトル,1994109686,ファーナリー,000a01063c,デインヒル,000a0000d1,角谷守正,杵臼牧場,3.0,1994.0,2000.0,1986.0
2016101301,サンアクロン,牝,川西毅,,サムライハート,2002100996,セイウンクレナイ,2002104840,タイキシャトル,1994109686,小林勝,中橋正,3.0,2002.0,2002.0,1994.0
2016100873,サンキチクオリティ,牝,宮川浩一,,シビルウォー,2005102317,タイキランデヴー,2003103456,スペシャルウィーク,1995103211,阪田英裕,村上進治,3.0,2005.0,2003.0,1995.0
2016100413,スエヒロドラマー,牡,諏訪貴正,,ヴァーミリアン,2002100877,ピアニスト,2001101976,ホワイトマズル,1990109700,みどり住宅,大栄牧場,3.0,2002.0,2001.0,1990.0
2016101878,ハブアドリーム,牝,高橋純,,スマートファルコン,2005100097,キクノアルバ,2007101557,サウスヴィグラス,1996110138,石瀬浩三,惣田英幸,2.8,2005.0,2007.0,1996.0
2016106094,グラムスウィープ,牝,尾島徹,,ベルシャザール,2008103004,マキシムパラダイス,1996101358,Conquistador Cielo,000a0017cc,渋谷健作,西川富岡牧場,2.7,2008.0,1996.0,1979.0
2016106121,アイファープライス,牝,服部利之,,シビルウォー,2005102317,ネコヤナギ,2000106902,ダンスインザダーク,1993109188,中島稔,野表篤夫,2.6,2005.0,2000.0,1993.0
2016105657,キングエタニティー,牡,頼本盛行,,レッドスパーダ,2006105511,ベルモントアダマス,2003100784,アジュディケーティング,000a000d5d,竹原孝昭,桑嶋峰雄,2.6,2006.0,2003.0,1987.0
2016101325,アイアンミリオン,牝,青木孝文,,スクリーンヒーロー,2004103328,アイアンプラスワン,2009106228,シンボリクリスエス,1999110099,池上一馬,原口牧場,2.6,2004.0,2009.0,1999.0
2016106116,テイエムカイリキ,牡,平山宏秀,,ケープブランコ,000a011b06,ローザレーヌ,2006104175,マンハッタンカフェ,1998101554,竹園正繼,西村和夫,2.5,2007.0,2006.0,1998.0
2016105973,テイエムブランコ,牡,平山宏秀,,ケープブランコ,000a011b06,クロスザレイチェル,2008100588,スペシャルウィーク,1995103211,竹園正繼,千代田牧場,2.5,2007.0,2008.0,1995.0
2016105714,ホーンビル,牡,佐久間雅,,サウスヴィグラス,1996110138,ホールドミータイト,2011101944,コマンズ,000a011625,シグラップ・マネジメ,グランド牧場,2.5,1996.0,2011.0,1996.0
2016103933,シゲルアクアマリン,牡,九日俊光,,アンライバルド,2006103308,パラディフルール,2005103990,ホワイトマズル,1990109700,森中蕃,中田牧場,2.5,2006.0,2005.0,1990.0
2016103655,ビッグボルケーノ,牡,斉藤正弘,,ゼンノロブロイ,2000101517,ネオベローナ,2005102231,グラスワンダー,1995108676,高橋皖,本間牧場,2.5,2000.0,2005.0,1995.0
2016103033,ジャメヴ,牝,山口竜一,,レッドスパーダ,2006105511,クイーンバイオ,2006106307,キングカメハメハ,2001103460,渋谷健作,渋谷健作,2.5,2006.0,2006.0,2001.0
2016102788,カカオフィズ,牝,田中淳司,,タニノギムレット,1999100226,リトルスポーツカー,2002110177,Seeking the Gold,000a001bea,藤田在子,天羽禮治,2.5,1999.0,2002.0,1985.0
2016101964,ラッキーホームラン,牝,頼本盛行,,プリサイスエンド,000a00fe9b,メアリーポート,000a00fe4c,Mark of Esteem,000a002097,竹原孝昭,大道牧場,2.5,1997.0,1999.0,1993.0
2016101921,フィーリングフリー,牝,板垣吉則,,ケープブランコ,000a011b06,ジーシスター,2012105224,ジャングルポケット,1998101786,杉浦和也,谷川牧場,2.5,2007.0,2012.0,1998.0
2016101807,マブシスギル,牝,中野博,,ローエングリン,1999106738,ドウニカナルデショ,2009106475,ディープインパクト,2002100816,下川明,木村牧場,2.5,1999.0,2009.0,2002.0
2016100906,ショウモクレガーロ,牝,菅原欣也,,ベーカバド,000a011dc0,アルレガーロ,2009105351,スペシャルウィーク,1995103211,大黒富美子,村田牧場,2.5,2007.0,2009.0,1995.0
2016100490,ダージル,牡,浜田一夫,,エイシンフラッシュ,2007102951,シャフィガ,000a00fec2,Woodman,000a001beb,三岡有香,長浜忠,2.5,2007.0,2000.0,1983.0
2016100412,パラダイスキャット,牝,高橋純,,トーセンホマレボシ,2009106092,ナカヤママニッシュ,2007104567,トワイニング,000a000006,石瀬浩三,大栄牧場,2.5,2009.0,2007.0,1991.0
2016109125,コツコツキヨシ,牝,菅原欣也,,ミスキャスト,1998103573,クレイジーフォユー,2002101008,エンドスウィープ,000a00010f,前田重夫,本田土寿,2.4,1998.0,2002.0,1991.0
2016104792,アダマース,牡,今津博之,,ハーツクライ,2001103038,ダイヤモンドレラ,000a0124d1,ロックオブジブラルタル,000a00fd4c,山口謙太郎,ノーザンファーム,2.4,2001.0,2004.0,1999.0
2016103222,ジューンデイズ,牝,鈴木長次,,ローレルゲレイロ,2004100933,ライヴリーデイズ,2005103848,ブライアンズタイム,000a000082,（株）ファーストビジ,スウィングフィールド牧場,2.4,2004.0,2005.0,1985.0
2016101857,サイゴドン,牡,織田誠,,ケープブランコ,000a011b06,ゴールドジェーン,2008101504,キングカメハメハ,2001103460,（株）さくらコーポレ,笹島政信,2.4,2007.0,2008.0,2001.0
2016100770,イッチョヤルベーカ,牡,飯田良弘,,ベーカバド,000a011dc0,ジェラテリア,2009103243,フジキセキ,1992109618,佐藤言夫,北勝ファーム,2.4,2007.0,2009.0,1992.0
2016101812,ファインプレー,牝,中野博,,パドトロワ,2007102760,レッドピアノ,2012106423,オレハマッテルゼ,2000101550,小田切光,木村牧場,2.3,2007.0,2012.0,2000.0
2016106074,ニホンピロキングズ,牡,服部利之,,キングズベスト,000a0022d2,ニホンピロキャット,2006101484,サクラプレジデント,2000102261,小林百太郎,友田牧場,2.1,1997.0,2006.0,2000.0
2016109050,スパーダブルー,牝,池田忠好,,キングヘイロー,1995104427,オープンシャッセ,2007103055,ダンスインザダーク,1993109188,太田雅貴,風ノ丘ファーム,2.0,1995.0,2007.0,1993.0
2016105796,ハナイカダ,牝,川添明弘,,ジョーカプチーノ,2006100529,クーチュア,000a00ff4d,Capote,000a00185a,（同）ＪＰＮ技研,静内酒井牧場,2.0,2006.0,1999.0,1984.0
2016104211,ブレーマーヒル,牡,成田明,,アンライバルド,2006103308,クリスタルフローラ,1998101274,クリスタルグリッターズ,000a0000c0,田口廣,吉田牧場,2.0,2006.0,1998.0,1980.0
2016102791,シャドーバンキング,牡,工藤裕孝,,ナカヤマフェスタ,2006102424,ナスノローズ,2010109119,ファスリエフ,000a00fc4c,田頭勇貴,新井昭二,2.0,2006.0,2010.0,1997.0
2016101906,トート,セ,角田輝也,,トーセンラー,2008102985,ママラヴスマンボ,2001100666,Kingmambo,000a001d7e,高瀬真尚,田中スタッド,2.0,2008.0,2001.0,1990.0
2016101197,サイタビーナス,牝,坂口義幸,,ワークフォース,000a011a7f,ルタンデスリーズ,2009101564,サクラバクシンオー,1989108341,（株）ボンズ,嶋田牧場,2.0,2007.0,2009.0,1989.0
2016105535,ゴーファービヨンド,牡,尾島徹,,ローエングリン,1999106738,ロココスタイル,1999106973,サンデーサイレンス,000a00033a,前田剛,岡田スタッド,1.9,1999.0,1999.0,1986.0
2016104189,キョウエイサムソン,牡,工藤真司,,メイショウサムソン,2003102205,ドレスコード,2003100654,サンデーサイレンス,000a00033a,湯浅健司,橋本牧場,1.9,2003.0,2003.0,1986.0
2016106281,バレンタインデキス,牝,上原博之,,キングズベスト,000a0022d2,キスカラハジメヨウ,2011104208,ステイゴールド,1994108729,ビリオンスター,へいはた牧場,1.8,1997.0,2011.0,1994.0
2016104017,プリムラブーケ,牝,今津博之,,プリサイスエンド,000a00fe9b,レナプリンセス,2006103455,メジロライアン,1987105368,生田敏成,高橋正三,1.8,1997.0,2006.0,1987.0
2016105400,サノノオウジ,牡,加藤和宏,,タイキシャトル,1994109686,ザペキンハート,2000101698,サンデーウェル,1992107451,（株）ファーストビジ,荒木貴宏,1.6,1994.0,2000.0,1992.0
2016101609,キーポップコーン,牝,菅原欣也,,マルカシェンク,2003102542,マイネプルメリア,2008104486,キングカメハメハ,2001103460,（同）ＪＰＮ技研,赤田牧場,1.6,2003.0,2008.0,2001.0
2016100211,フウバ,牡,加藤和宏,,アドマイヤムーン,2003102991,グッドティアラ,2007104819,シングスピール,1992190005,（株）ファーストビジ,小泉牧場,1.6,2003.0,2007.0,1992.0
2016106447,ユニバーサリティ,牡,山下定文,,ネオユニヴァース,2000101426,パレスダイヤモンド,2005104903,グラスワンダー,1995108676,野口幸八,川上牧場,1.5,2000.0,2005.0,1995.0
2016102945,クラウンポセイドン,牡,真島元徳,,スズカフェニックス,2002107011,クラウンポインター,2008105995,ワイルドラッシュ,000a0003a1,サンエツ企画（有）,クラウン日高牧場,1.5,2002.0,2008.0,1994.0
2016102913,ピンクフラミンゴ,牝,斎藤誠,,ナカヤマフェスタ,2006102424,ピンクショットガン,2010100832,ジャングルポケット,1998101786,ＨｉｍＲｏｃｋＲａｃｉｎｇホールディングス,北田剛,1.5,2006.0,2010.0,1998.0
2016102844,ブルベアパステッロ,牡,九日俊光,,ブラックタイド,2001103312,オーゴンヒリツ,2008105366,イーグルカフェ,1997110118,森中蕃,沖田牧場,1.5,2001.0,2008.0,1997.0
2016102543,カシノアペックス,牡,山下定文,,トーセンホマレボシ,2009106092,ジョウノナイヤガラ,2000105949,ティンバーカントリー,000a00035e,柏木務,富塚ファーム,1.5,2009.0,2000.0,1992.0
2016100340,コルシカフレーバー,牝,桜田康二,,ウォーターリーグ,1998110199,ツールドコルス,2007104475,ウインデュエル,1999102595,（有）スピードファー,スピードファーム,1.5,1998.0,2007.0,1999.0
2016105452,ケイツーダラー,牡,尾島徹,,シンボリクリスエス,1999110099,マリアローザ,2010100499,フジキセキ,1992109618,楠本勝美,大滝康晴,1.4,1999.0,2010.0,1992.0
2016101797,モグモグタイム,牝,音無秀孝,,キングヘイロー,1995104427,イツノヒカ,2009103750,アドマイヤムーン,2003102991,小田切光,木村牧場,1.3,1995.0,2009.0,2003.0
2016103177,ニューギャン,牝,石本孝博,,ビービーガルダン,2004106583,ナトリフレンド,2006102260,オペラハウス,000a000d77,原大栄,新生ファーム,1.2,2004.0,2006.0,1988.0
2016104718,ノーブルルーナ,牝,中川竜馬,,トーセンジョーダン,2006103169,イサドラ,1999106951,ダンスインザダーク,1993109188,三岡有香,ノーザンファーム,1.0,2006.0,1999.0,1993.0
2016104498,チャリスオブオナー,牡,土井道隆,,トーセンホマレボシ,2009106092,シルバーチャリス,000a010c8c,Rainbow Quest,000a001b4d,酒井孝敏,ノーザンファーム,1.0,2009.0,2001.0,1981.0
2016103580,エスクリトーラス,牝,真島元徳,,パドトロワ,2007102760,ミスマープル,2010100682,Sinndar,000a002329,加藤厚子,広富牧場,1.0,2007.0,2010.0,1997.0
2016100579,ヤマニンポルボロン,牝,伊藤和,,ナカヤマフェスタ,2006102424,ヤマニンボンプアン,2008104780,ファンタスティックライト,1996190005,土井久美子,錦岡牧場,1.0,2006.0,2008.0,1996.0
2016500001,ラルヴォンレイの2016,牡,,,エトーレ,000a00c5ff,ラルヴォンレイ,2005500008,ラルヴォンジェイ,000a010116,,センチュリースタッドファーム,0.0,1992.0,2005.0,1990.0
2016190003,ブルーム,牡,オブライ,,Australia,000a012499,Sweepstake,000a014609,Acclamation,000a0122b0,松島正昭氏Ｊマグニア夫人Ｍテイバー＆Ｄスミス,Epona Bloodstock Ltd,0.0,2011.0,2005.0,1999.0
2016190002,Japan,牡,オブライ,,Galileo,000a00232b,Shastye,000a01290f,デインヒル,000a0000d1,松島正昭氏Ｊマグニア夫人Ｍテイバー＆Ｄスミス,Newsells Park Stud,0.0,1998.0,2001.0,1986.0
2016110165,グランドクララ,牝,武幸四郎,,Frankel,000a01239b,Fauvelia,000a012b1f,Polish Precedent,000a001dde,林千枝子,Mr Susumu Hayashi,0.0,2008.0,2003.0,1986.0
2016110162,マジカルプリンセス,牝,鮫島一歩,,Temple City,000a012a6a,One Hot Lady,000a013f5c,タバスコキャット,000a000348,国田正忠,Diana Shoop,0.0,2005.0,2000.0,1991.0
2016110155,ステラインアテーザ,牡,中竹和也,,ザファクター,000a0130d0,Omi Diamond,000a013f7d,Fusaichi Pegasus,000a0022cf,加藤誠,James Everatt Janeane Everatt & Arika Everatt-Meeuse,0.0,2008.0,2005.0,1997.0
2016110147,マイダイアリー,牝,梅田智之,,Frankel,000a01239b,Diary,000a013f6f,Green Desert,000a0017d2,田所英子,Qatar Bloodstock Ltd.,0.0,2008.0,1999.0,1983.0
2016110137,フシギクン,牡,山田義人,,Darci Brahma,000a012d0b,Snipza Gold,000a013efa,Pins,000a011cbf,木稲安則,T R Lee & Marriner Bloodstock Ltd,0.0,2002.0,2003.0,1996.0
2016110121,レーヴナイト,牡,武幸四郎,,Dawn Approach,000a012117,Night Visit,000a012128,Sinndar,000a002329,ＤＭＭドリームクラブ,Barronstown Stud,0.0,2010.0,2004.0,1997.0
2016110114,サトノナレッジ,牡,池江泰寿,,Frankel,000a01239b,Lonely Ahead,000a013d38,Rahy,000a001c5e,サトミホースカンパニー,Rabbah Bloodstock Limited,0.0,2008.0,2003.0,1985.0
2016110112,シャンブルドット,牝,池添学,,Lope de Vega,000a012919,Multicolour Wave,000a0123b2,Rainbow Quest,000a001b4d,吉田和美,Pier House Stud,0.0,2007.0,1998.0,1981.0
2016110105,ドーバーブリーズ,牝,国枝栄,,Frankel,000a01239b,Household Name,000a013d37,Zamindar,000a011b6e,嶋田賢,Countess De La Warr,0.0,2008.0,2010.0,1994.0
2016110102,ファイナルドリーム,牝,奥村豊,,Frankel,000a01239b,Steel Princess,000a011c72,デインヒル,000a0000d1,ＤＭＭドリームクラブ,Grangecon Stud,0.0,2008.0,2001.0,1986.0
2016110099,アレンタウン,牡,高橋義忠,,Speightstown,000a011200,Valais Girl,000a013d2e,Holy Roman Emperor,000a011ab8,三田昌宏,Sunderland Holdings Inc,0.0,1998.0,2010.0,2004.0
2016110094,ルミナスソード,牝,高柳大輔,,Candy Ride,000a01132a,Kara's Match Point,000a013863,Curlin,000a011734,レッドマジック,Coteau Grove Farms LLC,0.0,1999.0,2010.0,2004.0
2016110093,フィアボルグ,牡,山田徹,,Invincible Spirit,000a01056d,Fairytale Ending,000a013c9d,Galileo,000a00232b,（株）本城,Audley Farm Equine LLC,0.0,1997.0,2012.0,1998.0
2016110092,アールマティーニ,牝,杉山晴紀,,Majesticperfection,000a012669,Don't Trick Her,000a013663,Mazel Trick,000a00fc42,ＫＲジャパン,Brereton C. Jones,0.0,2006.0,2001.0,1995.0
2016110083,サトノジャスミン,牝,角居勝彦,,Wilburn,000a013c87,Spot of Beauty,000a012d6a,Skip Away,000a00fcd7,サトミホースカンパニー,Patchen Wilkes Farm LLC,0.0,2008.0,2004.0,1993.0
2016110076,オーケーブロッサム,牝,奥村豊,,ディープインパクト,2002100816,チェロキーII,000a0121c7,Storm Cat,000a001a98,小野建,Orpendale & Chelston,0.0,2002.0,2002.0,1983.0
2016110069,ルリアンフォール,牝,松浦聡志,,ノーブルミッション,000a0126a3,Clare Skies Ahead,000a013cab,Sky Classic,000a001ea6,曽和直栄,Dr. Stephen G. Jackson & Debbie Jackson,0.0,2009.0,2007.0,1987.0
2016110046,トロントテソーロ,牝,斎藤誠,,シャンハイボビー,000a0127e4,Rhapsody Queen,000a013bbf,Unbridled's Song,000a002071,了徳寺健二ホールディングス,Siena Farms LLC,0.0,2010.0,2005.0,1993.0
2016110029,ケープルーウィン,牡,手塚貴久,,Cape Cross,000a0022ae,Salt Rose,000a013ad1,Sleeping Indian,000a013ac3,ゴドルフィン,Marcella & Mike Foley,0.0,1994.0,2008.0,2001.0
2016110028,スカイロン,牡,堀宣行,,Sea The Stars,000a011c78,Quad's Melody,000a013ad0,スピニングワールド,000a000325,ゴドルフィン,Old Carhue & Graeng Bloodstock,0.0,2006.0,1999.0,1993.0
2016110027,アンテメリディエム,牡,須貝尚介,,Authorized,000a01139f,Morning Line,000a013ace,Anabaa,000a0022e2,ゴドルフィン,All Along LLC,0.0,2004.0,2005.0,1992.0
2016110019,Aquitaniaの2016,牡,和田正一,,Midshipman,000a0123f5,Aquitania,000a0138be,Leroidesanimaux,000a0115cc,ヒダカ・ブリーダーズ・ユニオン,,0.0,2006.0,2008.0,2000.0
2016110018,ウルバーノ,牝,岡田稲男,,ハーツクライ,2001103038,ヴァインストリート,000a0127ee,シングスピール,1992190005,ゴドルフィン,Godolphin,0.0,2001.0,2005.0,1992.0
2016110014,イヴニングブルーム,牝,木村哲也,,アドマイヤムーン,2003102991,ローズトレイル,000a012800,Kingmambo,000a001d7e,ゴドルフィン,Godolphin,0.0,2003.0,2007.0,1990.0
2016110012,ラヴィングウェイ,牝,田中剛,,ヴィクトワールピサ,2007102923,リージェンシーロマンス,000a0127ea,ディクタット,1995190007,ゴドルフィン,Godolphin,0.0,2007.0,2008.0,1995.0
2016110009,モンタナウインド,牝,土田稔,,キングズベスト,000a0022d2,モンタナリヴァー,000a0127fc,Dalakhani,000a01098f,ゴドルフィン,Godolphin,0.0,1997.0,2009.0,2000.0
2016110005,アメリアヴォーグ,牝,玉垣光章,,キングズベスト,000a0022d2,エクスプレスリー,000a0127f7,Street Cry,000a0103ba,志村幸彦,Godolphin,0.0,1997.0,2010.0,1998.0
2016110003,グレイトアプローズ,牝,西浦勝一,,オルフェーヴル,2008102636,セレブリティ,2008104079,タニノギムレット,1999100226,ゴドルフィン,Godolphin,0.0,2008.0,2008.0,1999.0
2016109157,ウラワリリー,牝,,,パイロ,000a01176a,セユウレディ,2009109277,エスプリシーズ,1999109221,,荒谷牧場,0.0,2005.0,2009.0,1999.0
2016109153,ヒカルセレーネの2016,牡,,,リバースモード,2002100536,ヒカルセレーネ,2005101945,アグネスタキオン,1998101516,,北総ファーム,0.0,2002.0,2005.0,1998.0
2016109144,ゲヴュルツ,牝,寺島良,,アラムシャー,000a00fdab,ウネントリッヒ,2007101326,アグネスデジタル,1997110025,宮田直也,新保牧場,0.0,2000.0,2007.0,1997.0
2016109142,ミシガン,牝,渡瀬寛彰,,ストラヴィンスキー,000a00fa41,シンコペーション,2000106754,フジキセキ,1992109618,松田整二,釘田義美,0.0,1996.0,2000.0,1992.0
2016109139,アズマセブンガールの2016,牝,,,ストラヴィンスキー,000a00fa41,アズマセブンガール,2009102906,ファンタスティックライト,1996190005,,柏木務,0.0,1996.0,2009.0,1996.0
2016109134,キリシマタオ,牝,石毛善彦,,ストラヴィンスキー,000a00fa41,コモレビ,2008104769,アグネスタキオン,1998101516,土屋君春,土屋牧場,0.0,1996.0,2008.0,1998.0
2016109131,カラクニチャーリー,牡,作田誠二,,カンパニー,2001103435,イイジャン,2009101503,アドマイヤコジーン,1996106512,杉浦和也,田上勝雄,0.0,2001.0,2009.0,1996.0
2016109122,リーチザプリンセス,牝,大根田裕,,リーチザクラウン,2006102923,ニシノエルハーブ,1996106694,エルハーブ,000a000d7f,竹原孝昭,竹原孝昭,0.0,2006.0,1996.0,1991.0
2016109121,バンブス,牡,石毛善彦,,クリストワイニング,1997110169,ゴールデンハピネス,000a006689,Sanglamore,000a0002d5,竹原孝昭,竹原孝昭,0.0,1997.0,1993.0,1987.0
2016109120,ミスターキャスト,牡,作田誠二,,ミスキャスト,1998103573,エイケイキャプテン,2011109047,キャプテンスティーヴ,000a000d9d,竹原孝昭,竹原孝昭,0.0,1998.0,2011.0,1997.0
2016109118,スカートフワリ,牝,岡田稲男,,シンボリクリスエス,1999110099,プレシャスキャット,000a00fe61,Storm Cat,000a001a98,アフロｉｎＥｌＰａｓｏ,ストームファームコーポレーション,0.0,1999.0,1996.0,1983.0
2016109116,ビビの2016,牡,,,ダノンゴーゴー,2005110196,ビビ,2003103401,ワカオライデン,1981100841,,ストームファームコーポレーション,0.0,2005.0,2003.0,1981.0
2016109112,フェアリーチャイム,牡,,,ストラヴィンスキー,000a00fa41,ミラクルチャーム,2010102955,フジキセキ,1992109618,,イッサステーブル,0.0,1996.0,2010.0,1992.0
2016109111,フレッシュドールの2016,牡,,,ケイムホーム,000a0108d1,フレッシュドール,2010100489,アグネスタキオン,1998101516,,下河辺トレーニングセンター,0.0,1999.0,2010.0,1998.0
2016109108,タイハクセイ,牝,藤原辰雄,,キングズベスト,000a0022d2,タツサファイヤ,2007109040,サクラバクシンオー,1989108341,田中春美,下河辺トレーニングセンター,0.0,1997.0,2007.0,1989.0
2016109105,フリーソウルの2016,牡,,,ケープブランコ,000a011b06,フリーソウル,2006103506,カコイーシーズ,1986109001,,松尾豊,0.0,2007.0,2006.0,1986.0
2016109095,ベストデイエヴァー,牝,深山雅史,,ゼンノロブロイ,2000101517,モーディッシュ,2001103204,シングスピール,1992190005,ローレルレーシング,ワールドファーム,0.0,2000.0,2001.0,1992.0
2016109091,マハネ,牝,,,ベルシャザール,2008103004,サクラインスパイア,2007100471,シンボリクリスエス,1999110099,,ワールドファーム,0.0,2008.0,2007.0,1999.0
2016109088,デイロングスプリーの2016,牡,,,スクワートルスクワート,000a000da4,デイロングスプリー,2006103021,グラスワンダー,1995108676,,ラークヒルズ,0.0,1998.0,2006.0,1995.0
2016109079,コンチバイキング,牡,栗田裕光,,メジロベイリー,1998101457,スニーク,2008104121,ティンバーカントリー,000a00035e,（有）フォレブルー,フォレブルー,0.0,1998.0,2008.0,1992.0
2016109077,コンチランチ,牝,桜田浩樹,,メジロベイリー,1998101457,ケイビイスペンサー,2007106226,チーフベアハート,1993190010,（有）フォレブルー,フォレブルー,0.0,1998.0,2007.0,1993.0
2016109071,パールレディの2016,牡,,,ロージズインメイ,000a010a10,パールレディ,2007109242,クロフネ,1998110135,,青南ムラカミファーム,0.0,2000.0,2007.0,1998.0
2016109069,サンキリーン,牝,田島俊明,,パドトロワ,2007102760,チェレンコフ,2009105747,アグネスタキオン,1998101516,加藤ステーブル,青南ムラカミファーム,0.0,2007.0,2009.0,1998.0
2016109063,トーセンビバーチェ,牡,,,ダノンシャンティ,2007105709,マルターズホビー,2002110252,スピニングワールド,000a000325,,スプリングファーム,0.0,2007.0,2002.0,1993.0
2016109060,ハーモニーマックス,牡,川島雅人,,トーセンジョーダン,2006103169,タイセイローザ,2007103894,キングカメハメハ,2001103460,日下部勝徳,佐々木牧場,0.0,2006.0,2007.0,2001.0
2016109058,ツカサリボンの2016,牝,,,キンシャサノキセキ,2003110212,ツカサリボン,2008103463,キングカメハメハ,2001103460,,久保ファーム,0.0,2003.0,2008.0,2001.0
2016109055,キタアルデ,牝,,,アルデバランII,000a010541,キタバランス,2010109038,ケイムホーム,000a0108d1,,北村牧場,0.0,1998.0,2010.0,1999.0
2016109044,ピカイチ,牡,,,カジノドライヴ,2005110112,ハナノゴジュウマル,2009101249,フォーティナイナーズサン,000a011227,,太田ファーム,0.0,2005.0,2009.0,2001.0
2016109042,クロースハーモニーの2016,牝,,,ストロングリターン,2006102934,クロースハーモニー,2004105309,キャプテンスティーヴ,000a000d9d,,太田ファーム,0.0,2006.0,2004.0,1997.0
2016109034,モエレメルシーの2016,牡,,,エスポワールシチー,2005102837,モエレメルシー,2005104512,マジックマイルズ,000a000d4c,,一山育成牧場,0.0,2005.0,2005.0,1985.0
2016109032,トキタダ,牡,,,カンパニー,2001103435,トーワレッテラ,2010105900,スズカマンボ,2001103890,,一山育成牧場,0.0,2001.0,2010.0,2001.0
2016109029,ブルーマーリン,牝,酒井一則,,アルデバランII,000a010541,オファニエル,2007105592,グラスワンダー,1995108676,太田雅貴,一山育成牧場,0.0,1998.0,2007.0,1995.0
2016109028,クリノアマテラス,牝,星野忍,,トーセンジョーダン,2006103169,ヴィエールソンリ,000a010eb5,Cryptoclearance,000a001e83,栗本守,イズモリファーム,0.0,2006.0,1998.0,1984.0
2016109027,ヤマショウゴールド,牡,三野宮通,,バトルプラン,000a0118e8,ジョイフルステージ,1999101151,サンデーサイレンス,000a00033a,山下勇,石田英機,0.0,2005.0,1999.0,1986.0
2016109022,バレットタイム,牡,池上昌和,,バゴ,2001190004,ザカラーオブラヴ,2002109130,ジェイドロバリー,000a0001a7,前田幸治,恵比寿興業株式会社那須野牧場,0.0,2001.0,2002.0,1987.0
2016109021,ミライヘノソラ,牡,伊藤大士,,ルーラーシップ,2007103143,エルメスグリーン,2006105592,アグネスタキオン,1998101516,三島宣彦,恵比寿興業株式会社那須野牧場,0.0,2007.0,2006.0,1998.0
2016109018,マウントフジの2016,牡,[西],,グランプリボス,2008103388,マウントフジ,2008109154,Orientate,000a010902,グリーンファーム,恵比寿興業株式会社那須野牧場,0.0,2008.0,2008.0,1998.0
2016109017,バージニアキャットの2016,牡,,,スクリーンヒーロー,2004103328,バージニアキャット,2008110103,Bluegrass Cat,000a01173d,,恵比寿興業株式会社那須野牧場,0.0,2004.0,2008.0,2003.0
2016109015,トゥルヴァーユの2016,牡,,,ワークフォース,000a011a7f,トゥルヴァーユ,2010100162,ダイワメジャー,2001103114,,恵比寿興業株式会社那須野牧場,0.0,2007.0,2010.0,2001.0
2016109013,コンテナラッシュ,牡,牧浦充徳,,ディープブリランテ,2009105084,カクテル,000a011176,Most Welcome,000a0110a9,住谷孝一,前田ファーム,0.0,2009.0,2001.0,1984.0
2016109011,アースグリーンの2016,牡,,,ジャスタウェイ,2009106461,アースグリーン,2008110076,Street Cry,000a0103ba,,恵比寿興業株式会社那須野牧場,0.0,2009.0,2008.0,1998.0
2016109005,メイチャリティ,牝,岩戸孝樹,,ネオユニヴァース,2000101426,メイフィールド,2007105707,Tiger Hill,1995190004,千明牧場,千明牧場,0.0,2000.0,2007.0,1995.0
2016109004,メイソフィア,牝,勢司和浩,,シンボリクリスエス,1999110099,メイウインド,2006103289,アグネスタキオン,1998101516,千明牧場,千明牧場,0.0,1999.0,2006.0,1998.0
2016109003,チャイムクィーン,牝,大石省三,,ジャングルポケット,1998101786,ヒダカビジン,2002104833,フジキセキ,1992109618,名古屋一征,早坂牧場,0.0,1998.0,2002.0,1992.0
2016109002,トップインスパイアの2016,牝,,,ヴィクトワールピサ,2007102923,トップインスパイア,2006109243,マヤノトップガン,1992102988,,関兵牧場,0.0,2007.0,2006.0,1992.0
2016106610,リンベスト,牝,古賀史生,,キングズベスト,000a0022d2,アンシャンテルール,2008106728,キングヘイロー,1995104427,向別牧場,川上牧場,0.0,1997.0,2008.0,1995.0
2016106609,ユウキティアラー,牝,藤沢則雄,,ローレルゲレイロ,2004100933,ユウキフジサン,2007106830,デュランダル,1999106756,雪本秀樹,日西牧場,0.0,2004.0,2007.0,1999.0
2016106601,アヴァールキャット,牝,,,タイキシャトル,1994109686,ベコニングキャット,2006110100,One Cool Cat,000a0111d2,,グラストレーニングセンター,0.0,1994.0,2006.0,2001.0
2016106600,ドロシー,牝,安田翔伍,,メイショウボーラー,2001100650,サンライトプリティ,2004101922,シンボリルドルフ,1981107017,新井康司,グラストレーニングセンター,0.0,2001.0,2004.0,1981.0
2016106591,カンタベリービートの2016,牡,,,タニノギムレット,1999100226,カンタベリービート,2005106819,メイショウオウドウ,1995101767,,グラストレーニングセンター,0.0,1999.0,2005.0,1995.0
2016106590,ルナリアの2016,牡,,,エイシンフラッシュ,2007102951,ルナリア,2010104329,ネオユニヴァース,2000101426,,アイオイファーム,0.0,2007.0,2010.0,2000.0
2016106584,ワンコンディション,牝,角田晃一,,ゴールドアリュール,1999106689,ラブミーニキータ,2008106606,クロフネ,1998110135,平田修,ヤナガワ牧場,0.0,1999.0,2008.0,1998.0
2016106581,テーオーブロンド,牝,武幸四郎,,ルーラーシップ,2007103143,ファンキーブロンド,2006106750,アグネスタキオン,1998101516,小笹公也,ヤナガワ牧場,0.0,2007.0,2006.0,1998.0
2016106566,カスガの2016,牝,,,パイロ,000a01176a,カスガ,2006105840,マーベラスサンデー,1992103687,,日西牧場,0.0,2005.0,2006.0,1992.0
2016106558,キングブレイザー,牡,山田質,,キングズベスト,000a0022d2,ウォータープレミア,2009106770,ネオユニヴァース,2000101426,大越徹朗,笹地牧場,0.0,1997.0,2009.0,2000.0
2016106549,ビッグドネーション,牡,,,パイロ,000a01176a,シゲキテキテキーラ,2006105073,ニューイングランド,1997105461,,オリエント牧場,0.0,2005.0,2006.0,1997.0
2016106545,モンテパワー,牡,,,モンテロッソ,000a011b05,デュポンサークル,2004110283,Rainbow Quest,000a001b4d,,森牧場,0.0,2007.0,2004.0,1981.0
2016106544,サプライズアタック,牡,松永康利,,メイショウボーラー,2001100650,ワルツ,1994100851,サンデーサイレンス,000a00033a,山上和良,北光牧場,0.0,2001.0,1994.0,1986.0
2016106537,エデルヴァ,牝,佐藤裕太,,ワイルドラッシュ,000a0003a1,アイアンアタック,2007103641,キングヘイロー,1995104427,（株）ドン,グローリーファーム,0.0,1994.0,2007.0,1995.0
2016106533,プロンジョン,牝,森沢友貴,,モンテロッソ,000a011b05,シンコウベルデ,1998107231,トニービン,1983109006,瀬野尾裕久,三好牧場,0.0,2007.0,1998.0,1983.0
2016106532,クワヒカリ,牡,竹内正洋,,キングズベスト,000a0022d2,ファミリーバイブル,2000110075,Sadler's Wells,000a00185d,銀玉競走馬倶楽部,三好牧場,0.0,1997.0,2000.0,1981.0
2016106530,ハセノアリエスの2016,牡,,,カネヒキリ,2002100978,ハセノアリエス,1998105772,ヘクタープロテクター,000a000d6b,,佐々木康治,0.0,2002.0,1998.0,1988.0
2016106529,ルージュナイト,牝,橘友和,,ナカヤマフェスタ,2006102424,ニホンピロルージュ,2003105999,ボストンハーバー,000a00007c,谷口祐人,佐々木康治,0.0,2006.0,2003.0,1994.0
2016106523,ブイゴール,牡,的場直之,,フリオーソ,2004106867,メグリ,2007104224,フジキセキ,1992109618,平本敏夫,川上牧場,0.0,2004.0,2007.0,1992.0
2016106520,ディーズプリンセスの2016,牝,,,フリオーソ,2004106867,ディーズプリンセス,2009106904,ゴールドアリュール,1999106689,,川上牧場,0.0,2004.0,2009.0,1999.0
2016106508,タイセイクラフティ,牡,,,ストロングリターン,2006102934,シュガークラフト,2004102831,ペンタイア,1992190007,,高橋啓,0.0,2006.0,2004.0,1992.0
2016106507,アムールリンクス,牝,中川公成,,オルフェーヴル,2008102636,ヒガシリンクス,1999103468,トニービン,1983109006,ヒダカ・ブリーダーズ・ユニオン,ヤナガワ牧場,0.0,2008.0,1999.0,1983.0
2016106503,コパノサーフィン,牡,斎藤誠,,エイシンフラッシュ,2007102951,ヴォークリンデ,2001103446,シングスピール,1992190005,小林祥晃,ヤナガワ牧場,0.0,2007.0,2001.0,1992.0
2016106502,ラガーマン,牡,朝倉実,,エイシンフラッシュ,2007102951,クインリースマイル,2005102383,フジキセキ,1992109618,斉藤秀昭,田原安田牧場,0.0,2007.0,2005.0,1992.0
2016106490,エイシンソラ,牝,,,エイシンアポロン,2007110020,エーシンラクーン,2010104645,ジャングルポケット,1998101786,,栄進牧場,0.0,2007.0,2010.0,1998.0
2016106487,パワーアポロン,牡,佐々木功,,エイシンアポロン,2007110020,エーシンマリポーサ,2004110077,Pulpit,000a002133,潤間力夫,栄進牧場,0.0,2007.0,2004.0,1994.0
2016106480,ベルウッドガルチ,牡,伊藤大士,,エイシンフラッシュ,2007102951,エーシンスピニング,2009100246,ゼンノロブロイ,2000101517,鈴木照雄,栄進牧場,0.0,2007.0,2009.0,2000.0
2016106467,エイシンオキザリスの2016,牡,,,ローエングリン,1999106738,エイシンオキザリス,2000110096,サンデーサイレンス,000a00033a,,栄進牧場,0.0,1999.0,2000.0,1986.0
2016106465,フジリーベ,牝,高市圭二,,アドマイヤムーン,2003102991,グッドファッション,2008106695,アドマイヤマックス,1999107004,荒木誠,トラストスリーファーム,0.0,2003.0,2008.0,1999.0
2016106462,クリノハリソン,牡,高市圭二,,ベルシャザール,2008103004,スズランコマンダー,2005102937,スエヒロコマンダー,1995104468,栗本博晴,カネツ牧場,0.0,2008.0,2005.0,1995.0
2016106460,ケンギャラクシー,牡,蛯名雄太,,ヴィクトワールピサ,2007102923,カネツプリンセス,2001105898,サクラバクシンオー,1989108341,（株）エスティ,カネツ牧場,0.0,2007.0,2001.0,1989.0
2016106446,コイブミ,牝,大江原哲,,トーセンホマレボシ,2009106092,ニシノプルメリア,2006102600,シングスピール,1992190005,平本敏夫,川上牧場,0.0,2009.0,2006.0,1992.0
2016106445,ハングリーボーイ,牡,小西一男,,ベーカバド,000a011dc0,トモロネヴァノウズ,2007104270,ブライアンズタイム,000a000082,平本敏夫,川上牧場,0.0,2007.0,2007.0,1985.0
2016106441,ヒヤク,牝,小桧山悟,,ダノンシャンティ,2007105709,カミングトゥルー,2002102291,ブライアンズタイム,000a000082,江川伸夫,川上牧場,0.0,2007.0,2002.0,1985.0
2016106439,ジュンクリオネ,牝,,,ゼンノロブロイ,2000101517,エーシンレベルハイ,2006110043,Holy Bull,000a000180,,川上牧場,0.0,2000.0,2006.0,1991.0
2016106437,ハクシンドリーム,牝,深山雅史,,キャプテントゥーレ,2005102216,ロータスドリーム,2009105654,サクラバクシンオー,1989108341,新井原博,川上悦夫,0.0,2005.0,2009.0,1989.0
2016106430,ゼットマリオン,牝,吉田直弘,,ロードカナロア,2008103552,ワイメアビーチ,2009104346,フジキセキ,1992109618,フォーレスト,チャンピオンズファーム,0.0,2008.0,2009.0,1992.0
2016106423,ナル,牝,松永幹夫,,ノヴェリスト,000a012230,ヤマノフェアリー,2011104048,ディープインパクト,2002100816,ニッシンレーシング,チャンピオンズファーム,0.0,2009.0,2011.0,2002.0
2016106419,トマトーマ,牝,伊藤大士,,ローエングリン,1999106738,ベストマテリアル,2008100551,アグネスタキオン,1998101516,ザ・チャンピオンズ,チャンピオンズファーム,0.0,1999.0,2008.0,1998.0
2016106416,ブルーエクセル,牝,安田隆行,,ロードカナロア,2008103552,ピュアエクセル,2011102909,アドマイヤムーン,2003102991,小林哲之,チャンピオンズファーム,0.0,2008.0,2011.0,2003.0
2016106414,バトルウインリンク,牝,奥村豊,,オルフェーヴル,2008102636,パサパ,2007103701,キングカメハメハ,2001103460,宮川秋信,チャンピオンズファーム,0.0,2008.0,2007.0,2001.0
2016106412,ニーレンベルギアの2016,牡,,,タートルボウル,000a012045,ニーレンベルギア,2009105815,アグネスタキオン,1998101516,,チャンピオンズファーム,0.0,2002.0,2009.0,1998.0
2016106409,タイキクリスティーの2016,牡,,,ディープインパクト,2002100816,タイキクリスティー,1996110271,Theatrical,000a001bed,,チャンピオンズファーム,0.0,2002.0,1996.0,1982.0
2016106406,ストーミーナイト,セ,鹿戸雄一,,ワークフォース,000a011a7f,ステラムーン,2011100890,アドマイヤムーン,2003102991,前田幸治,チャンピオンズファーム,0.0,2007.0,2011.0,2003.0
2016106404,アオイエンジェル,牝,西園正都,,ハーツクライ,2001103038,シルバートレイン,2003107095,シングスピール,1992190005,新谷正子,チャンピオンズファーム,0.0,2001.0,2003.0,1992.0
2016106401,グレイトグレイスの2016,牡,,,ダイワメジャー,2001103114,グレイトグレイス,1997103455,グルームダンサー,000a000162,,チャンピオンズファーム,0.0,2001.0,1997.0,1984.0
2016106396,アールパシオン,牝,田中範雄,,ゴールドアリュール,1999106689,エクスラヴィータ,2009103839,キングカメハメハ,2001103460,前原敏行,チャンピオンズファーム,0.0,1999.0,2009.0,2001.0
2016106394,ワイオリ,牝,安田翔伍,,ヴィクトワールピサ,2007102923,アシェラフ,000a0114a8,Deputy Minister,000a001849,ニッシンレーシング,チャンピオンズファーム,0.0,2007.0,2000.0,1979.0
2016106391,ユイノオールマイト,牡,尾関知人,,ナカヤマフェスタ,2006102424,バーンダンス,1997107458,マルゼンスキー,000a0003bd,由井健太郎,田湯牧場,0.0,2006.0,1997.0,1974.0
2016106383,テレキネシスの2016,牝,,,タニノギムレット,1999100226,テレキネシス,2011103609,ダイワメジャー,2001103114,,山際智,0.0,1999.0,2011.0,2001.0
2016106380,チェリッシュザデイ,牝,,,タニノギムレット,1999100226,アイギス,2007101009,シンボリクリスエス,1999110099,,山際智,0.0,1999.0,2007.0,1999.0
2016106377,ヤマイチエルサ,牝,田所秀孝,,ブラックタイド,2001103312,レイラニ,2006101671,キングカメハメハ,2001103460,坂本肇,矢野牧場,0.0,2001.0,2006.0,2001.0
2016106375,フッカツノジュモン,牡,宗像義忠,,オルフェーヴル,2008102636,ラグジャリー,000a01056a,Storm Cat,000a001a98,薗部博之,矢野牧場,0.0,2008.0,1998.0,1983.0
2016106361,アンシェルブルーの2016,牝,,,ハービンジャー,000a011996,アンシェルブルー,2007101000,マンハッタンカフェ,1998101554,,矢野牧場,0.0,2006.0,2007.0,1998.0
2016106356,Ruler In Pink,牝,,,ルーラーシップ,2007103143,ピンクチャリス,2008103174,アグネスタキオン,1998101516,,三木田牧場,0.0,2007.0,2008.0,1998.0
2016106353,トモジャクリスタル,牝,鈴木伸尋,,ダイワメジャー,2001103114,ウィローパドック,2006103108,クロフネ,1998110135,吉冨学,三木田牧場,0.0,2001.0,2006.0,1998.0
2016106347,バラノハナヨメ,牝,金田一昌,,スターリングローズ,1997106560,ボロナイビューティ,1999101102,ブラッシングジョン,000a000076,浅沼廣幸,見上牧場,0.0,1997.0,1999.0,1985.0
2016106346,ヒロアンジェロの2016,牡,,,ゼンノロブロイ,2000101517,ヒロアンジェロ,2005101044,グラスワンダー,1995108676,,見上牧場,0.0,2000.0,2005.0,1995.0
2016106343,モストリマーカブルの2016,牡,,,シンボリクリスエス,1999110099,モストリマーカブル,000a0117d3,Marquetry,000a001fc0,,松田牧場,0.0,1999.0,1999.0,1987.0
2016106338,グラスベローナ,牝,小笠倫弘,,ゼンノロブロイ,2000101517,グラスルビー,2008103055,シングスピール,1992190005,半沢,松田牧場,0.0,2000.0,2008.0,1992.0
2016106337,グラスデューク,牡,,,カンパニー,2001103435,グラスオードリー,1998101751,サンデーサイレンス,000a00033a,,松田牧場,0.0,2001.0,1998.0,1986.0
2016106336,アウグスタ,牝,杉山晴紀,,エイシンフラッシュ,2007102951,オーバーザウォール,1994108630,ドクターデヴィアス,1989109102,高橋貴士,松田牧場,0.0,2007.0,1994.0,1989.0
2016106333,エニシノイトの2016,牝,,,アグネスデジタル,1997110025,エニシノイト,2010106586,スウェプトオーヴァーボード,000a00fa34,,増本良孝,0.0,1997.0,2010.0,1997.0
2016106331,ポーカーフェイス,牡,小西一男,,ナカヤマフェスタ,2006102424,パワーオブフェイス,2001104702,オジジアン,000a00025e,カナヤマホールディングス,増本牧場,0.0,2006.0,2001.0,1983.0
2016106329,ワンダーワーク,牝,浜田多実,,トランセンド,2006104736,シーダーアラジ,1999101059,アラジ,000a00003b,ヒダカ・ブリーダーズ・ユニオン,増本牧場,0.0,2006.0,1999.0,1989.0
2016106323,サントピカ,牝,,,スウェプトオーヴァーボード,000a00fa34,ハイヌーン,1999101044,フジキセキ,1992109618,,前田牧場,0.0,1997.0,1999.0,1992.0
2016106320,シゲルモルガナイト,牡,清水英克,,パイロ,000a01176a,シゲルコレデモカ,2002101059,キンググローリアス,000a000d48,森中蕃,前田牧場,0.0,2005.0,2002.0,1986.0
2016106298,ガンチャン,牝,萱野浩二,,ナカヤマフェスタ,2006102424,フェアリーレイ,2007103122,デュランダル,1999106756,坂田行夫,北洋牧場,0.0,2006.0,2007.0,1999.0
2016106293,ジューンマーメイド,牝,鈴木啓之,,シニスターミニスター,000a011099,リトルマーメード,2001104875,トワイニング,000a000006,吉川潤,へいはた牧場,0.0,2003.0,2001.0,1991.0
2016106267,サンライズゼノン,牡,河内洋,,エンパイアメーカー,000a010542,カリブストーリー,2009105770,アグネスタキオン,1998101516,松岡隆雄,藤原牧場,0.0,2000.0,2009.0,1998.0
2016106265,ルビーオーシャン,牡,松山将樹,,ワークフォース,000a011a7f,オアシスムーン,2010103296,アグネスタキオン,1998101516,吉岡泰治,藤原牧場,0.0,2007.0,2010.0,1998.0
2016106264,エイジアンウインズの2016,牡,,,ケープブランコ,000a011b06,エイジアンウインズ,2004103179,フジキセキ,1992109618,,藤原牧場,0.0,2007.0,2004.0,1992.0
2016106259,トランスフォーム,牡,浜田多実,,サウスヴィグラス,1996110138,リーガルデイム,2011101087,アドマイヤジャパン,2002102324,芳賀滿男,フジワラファーム,0.0,1996.0,2011.0,2002.0
2016106256,ムゲンの2016,牡,,,ヴァーミリアン,2002100877,ムゲン,1996105463,アジュディケーティング,000a000d5d,,フジワラファーム,0.0,2002.0,1996.0,1987.0
2016106238,レジーナミノル,牝,本田優,,ダンカーク,000a012185,ダイワエンジェル,2000102683,タイキシャトル,1994109686,吉岡實,フジワラファーム,0.0,2006.0,2000.0,1994.0
2016106236,ゼットレーヴ,牡,,,アサクサキングス,2004103163,ゼットフウリン,2005102534,ジャングルポケット,1998101786,,フジワラファーム,0.0,2004.0,2005.0,1998.0
2016106229,ギブリ,牝,青木孝文,,シニスターミニスター,000a011099,クイーンロイド,2009102024,ゼンノロブロイ,2000101517,芳賀滿男,フジワラファーム,0.0,2003.0,2009.0,2000.0
2016106224,シャインオンアテナ,牝,上原博之,,ディープブリランテ,2009105084,アテーナーズブレス,2008110056,Malibu Moon,000a010c8e,芳賀滿男,フジワラファーム,0.0,2009.0,2008.0,1997.0
2016106220,オールドロマン,牝,松永康利,,グランプリボス,2008103388,バレイブランシュ,2009104138,クロフネ,1998110135,リーヴァ,藤沢牧場,0.0,2008.0,2009.0,1998.0
2016106212,トップオブザキー,牝,林正人,,ベーカバド,000a011dc0,アナンダ,2007104799,アルカセット,2000190010,青山英昭,藤沢牧場,0.0,2007.0,2007.0,2000.0
2016106210,ヒカルアルテミスの2016,牡,,,ヴィクトワールピサ,2007102923,ヒカルアルテミス,2005102138,ファルブラヴ,1998190004,,藤川ファーム,0.0,2007.0,2005.0,1998.0
2016106209,リュウノボレロ,牡,酒井仁,,ワイルドラッシュ,000a0003a1,パーフェクトレディ,2008100062,タニノギムレット,1999100226,蓑島竜一,藤川ファーム,0.0,1994.0,2008.0,1999.0
2016106208,ディモルフォセカの2016,牝,,,フリオーソ,2004106867,ディモルフォセカ,2006102038,マーベラスサンデー,1992103687,,藤川ファーム,0.0,2004.0,2006.0,1992.0
2016106206,ジェイケイランの2016,牡,,,カジノドライヴ,2005110112,ジェイケイラン,2006101489,サクラローレル,1991103498,,藤川ファーム,0.0,2005.0,2006.0,1991.0
2016106201,シゲルトルマリン,牝,武藤善則,,サウスヴィグラス,1996110138,シゲルアケビ,2009101767,ゴールドアリュール,1999106689,森中蕃,福岡駿弥,0.0,1996.0,2009.0,1999.0
2016106195,アイヲシルナゴヤ,牡,田中清隆,,スマートロビン,2008100685,トレンドエッセンス,2001106135,コマンダーインチーフ,000a0000b0,石川美代子,原ファーム,0.0,2008.0,2001.0,1990.0
2016106177,ゴールドプリュム,牝,小国博行,,ゴールドアリュール,1999106689,マスターエクレール,2009110002,Elusive Quality,000a00231f,吉田勝,服部牧場,0.0,1999.0,2009.0,1993.0
2016106170,テツナゴオの2016,牡,,,サウスヴィグラス,1996110138,テツナゴオ,2010103891,ハーツクライ,2001103038,,服部牧場,0.0,1996.0,2010.0,2001.0
2016106163,イノチノアカリの2016,牡,,,キモンノカシワ,2009104021,イノチノアカリ,2004104901,ラムタラ,000a0001d4,,服部牧場,0.0,2009.0,2004.0,1992.0
2016106160,ミコノキセキ,牝,,,キンシャサノキセキ,2003110212,ナムラカエデジョウ,2003105300,フォーティナイナー,000a000134,,八田ファーム,0.0,2003.0,2003.0,1985.0
2016106159,フレンドピンク,牝,南田美知,,バゴ,2001190004,エポカローザ,2004110209,El Prado,000a001fb5,横尾晴人,八田ファーム,0.0,2001.0,2004.0,1989.0
2016106158,トーセンラピス,牝,,,タイムパラドックス,1998101683,ラカンパーナ,2008100777,ワイルドラッシュ,000a0003a1,,畠山牧場,0.0,1998.0,2008.0,1994.0
2016106156,アペルタ,牝,矢野英一,,ディープブリランテ,2009105084,ポワティエ,2011103976,Le Havre,000a01198f,酒井喜生,畠山牧場,0.0,2009.0,2011.0,2006.0
2016106153,マテンロウカフェ,牡,寺島良,,エイシンフラッシュ,2007102951,フローネ,2003106162,アグネスタキオン,1998101516,寺田千代乃,畠山牧場,0.0,2007.0,2003.0,1998.0
2016106148,Lemon Squash,牡,,,ベーカバド,000a011dc0,キャラメリゼ,2009104077,ブライアンズタイム,000a000082,,畠山牧場,0.0,2007.0,2009.0,1985.0
2016106145,アラキャッソー,牝,,,カネヒキリ,2002100978,アルコイリス,2004101991,クロフネ,1998110135,,畠山牧場,0.0,2002.0,2004.0,1998.0
2016106143,ワガミチ,牡,,,ヒルノダムール,2007100727,ピンクバタフライ,2007100731,Medicean,000a010a19,,橋本牧場,0.0,2007.0,2007.0,1997.0
2016106140,スズカソアラー,牡,,,エイシンフラッシュ,2007102951,ソリッドプラチナム,2003105275,ステイゴールド,1994108729,,橋本牧場,0.0,2007.0,2003.0,1994.0
2016106129,アイランドルビー,牝,服部利之,,グランプリボス,2008103388,スズカゲラン,2003106182,ブラックホーク,1994109361,大島豊彦,野坂牧場,0.0,2008.0,2003.0,1994.0
2016106123,マチカネミネルヴァの2016,牝,,,ヒルノダムール,2007100727,マチカネミネルヴァ,2004106083,マチカネキンノホシ,1996110304,,野表篤夫,0.0,2007.0,2004.0,1996.0
2016106122,アイファーサクラ,牝,倉地学,,アサクサキングス,2004103163,マグノリア,2000106407,サッカーボーイ,1985103538,中島礼子,野表篤夫,0.0,2004.0,2000.0,1985.0
2016106118,アイファーダイヤ,牝,服部利之,,トビーズコーナー,000a011fed,エフシア,2005100049,アグネスデジタル,1997110025,中島稔,野表篤夫,0.0,2008.0,2005.0,1997.0
2016106113,フェンネル,牝,雑賀伸一,,サウスヴィグラス,1996110138,ラブミーダイヤ,2012101294,ダイワメジャー,2001103114,福田達也,西村和夫,0.0,1996.0,2012.0,2001.0
2016106103,ショウナンアパッチ,牡,蛯名利弘,,メイショウサムソン,2003102205,ショウナンアヤカ,2005102545,ウォーエンブレム,000a00fa35,国本哲秀,西村和夫,0.0,2003.0,2005.0,1999.0
2016106101,ジューンサニー,牝,坂口智康,,サクラプレジデント,2000102261,サクラジュノー,2002104426,サクラバクシンオー,1989108341,吉川潤,西村和夫,0.0,2000.0,2002.0,1989.0
2016106098,ラルノンキュル,牝,桧森邦夫,,ナカヤマフェスタ,2006102424,エリモエクレール,2008101081,アグネスタキオン,1998101516,木村良明,西村和夫,0.0,2006.0,2008.0,1998.0
2016106096,イデアリカバリー,牡,,,ナカヤマフェスタ,2006102424,メルシーミヨ,2007103854,アドマイヤボス,1997103699,,西川富岡牧場,0.0,2006.0,2007.0,1997.0
2016106093,ルーセントフェアリ,牝,辻野豊,,スマートロビン,2008100685,シナンジュ,2010104112,シンボリクリスエス,1999110099,中原哲郎,西川富岡牧場,0.0,2008.0,2010.0,1999.0
2016106092,サマーフェアリーの2016,牡,,,アポロキングダム,2003110139,サマーフェアリー,2010104545,ゴールドアリュール,1999106689,,西川富岡牧場,0.0,2003.0,2010.0,1999.0
2016106079,スズカフェーブル,牡,,,オルフェーヴル,2008102636,プレザントケイプ,000a0117bd,Cape Cross,000a0022ae,,友田牧場,0.0,2008.0,2006.0,1994.0
2016106073,ニホンピロユー,牡,服部利之,,ジャングルポケット,1998101786,ニホンピロオーロラ,2010103091,マンハッタンカフェ,1998101554,小林百太郎,友田牧場,0.0,1998.0,2010.0,1998.0
2016106070,ニパニマーユ,牝,北村欣也,,ナカヤマフェスタ,2006102424,クロノグラフ,2004110113,Fusaichi Pegasus,000a0022cf,（株）本城,友田牧場,0.0,2006.0,2004.0,1997.0
2016106066,レッドバラードの2016,牝,,,スウェプトオーヴァーボード,000a00fa34,レッドバラード,2003110109,Saint Ballado,000a00212e,,飛野牧場,0.0,1997.0,2003.0,1989.0
2016106062,ゲンパチアイファー,牡,萱野浩二,,ノヴェリスト,000a012230,ピサノレインボー,2006110003,Rainbow Quest,000a001b4d,平野武志,飛野牧場,0.0,2009.0,2006.0,1981.0
2016106053,アサミノユメ,牝,,,アサクサキングス,2004103163,メインロージ,2007104056,ロージズインメイ,000a010a10,,徳本幸雄,0.0,2004.0,2007.0,2000.0
2016106048,ダンツジュエル,牝,山内研二,,タイキシャトル,1994109686,ワサビ,2010102973,ステイゴールド,1994108729,山元哲二,千代田牧場,0.0,1994.0,2010.0,1994.0
2016106045,ニューウェーブ,牝,大久保龍,,ハーツクライ,2001103038,レーヴドフィユ,000a0120d8,Storm Cat,000a001a98,飯田正剛,千代田牧場,0.0,2001.0,2005.0,1983.0
2016106036,ユリオプスデイジーの2016,牡,,,ケイムホーム,000a0108d1,ユリオプスデイジー,2009103905,フジキセキ,1992109618,,千代田牧場,0.0,1999.0,2009.0,1992.0
2016106033,My Sweetheart,牝,,,ダンカーク,000a012185,メイクヒストリー,2001104235,サンデーサイレンス,000a00033a,,千代田牧場,0.0,2006.0,2001.0,1986.0
2016106028,スチームパンク,牡,大和田成,,ケープブランコ,000a011b06,マーチャンテイマー,2009103889,クロフネ,1998110135,金子真人ホールディングス,千代田牧場,0.0,2007.0,2009.0,1998.0
2016106015,サクラトップダンク,牡,雑賀正光,,ダンカーク,000a012185,フローレス,2000102320,サンデーサイレンス,000a00033a,大月隆寛,千代田牧場,0.0,2006.0,2000.0,1986.0
2016106014,ミエノフォーチュン,牡,国枝栄,,ノヴェリスト,000a012230,フォーチュンワード,2005100580,デヒア,000a0000df,里見美惠子,千代田牧場,0.0,2009.0,2005.0,1991.0
2016106011,タイムレスワールド,牡,鈴木七郎,,ノヴェリスト,000a012230,ピースオブワールド,2000102343,サンデーサイレンス,000a00033a,鈴木雅俊,千代田牧場,0.0,2009.0,2000.0,1986.0
2016106010,ナリノカカオ,牡,上原博之,,ヴィクトワールピサ,2007102923,ピュアチョコレート,000a0120d7,Ghostzapper,000a010525,成塚清志,千代田牧場,0.0,2007.0,2008.0,2000.0
2016106002,ハヤテジョー,牡,相沢郁,,ブラックタイド,2001103312,トップオブザヒル,2004104696,フレンチデピュティ,000a00013a,河内孝夫,千代田牧場,0.0,2001.0,2004.0,1992.0
2016105997,ホーリーハート,牝,田中清隆,,ルーラーシップ,2007103143,ソングオブプライズ,2007110086,Giant's Causeway,000a0022e1,坂巻勝彦,千代田牧場,0.0,2007.0,2007.0,1997.0
2016105996,トーヨークィーン,牝,北村欣也,,ディープブリランテ,2009105084,セブンスハーモニー,2008100573,シンボリクリスエス,1999110099,（株）本城,千代田牧場,0.0,2009.0,2008.0,1999.0
2016105993,スマイルトゥゲザーの2016,牝,,,カネヒキリ,2002100978,スマイルトゥゲザー,2006101214,ブライアンズタイム,000a000082,,千代田牧場,0.0,2002.0,2006.0,1985.0
2016105991,サトノジョニー,牡,田中剛,,オルフェーヴル,2008102636,スパークルジュエル,2004110060,Unbridled's Song,000a002071,サトミホースカンパニー,千代田牧場,0.0,2008.0,2004.0,1993.0
2016105982,ダンツシャープ,牝,本田優,,タイムパラドックス,1998101683,シルクアウローラ,2003105084,クロフネ,1998110135,山元哲二,千代田牧場,0.0,1998.0,2003.0,1998.0
2016105981,ケイティジェット,牡,加藤誠一,,ルーラーシップ,2007103143,シルヴァーグレイル,000a011175,シルバーチャーム,000a00227c,瀧本和義,千代田牧場,0.0,2007.0,2002.0,1994.0
2016105980,フーダムール,牝,,,エンパイアメーカー,000a010542,シャンパントパーズ,2010102984,ワイルドラッシュ,000a0003a1,,千代田牧場,0.0,2000.0,2010.0,1994.0
2016105979,キャリー,牝,中内田充,,マンハッタンカフェ,1998101554,サーキットレディ,2004110024,Grand Slam,000a0022b9,Ｒ．アンダーソン,千代田牧場,0.0,1998.0,2004.0,1995.0
2016105974,パイオニアプライド,牝,角居勝彦,,クロフネ,1998110135,グローバルピース,2001104218,サンデーサイレンス,000a00033a,飯田正剛,千代田牧場,0.0,1998.0,2001.0,1986.0
2016105971,フロリール,牝,尾関知人,,クロフネ,1998110135,キャトルセゾン,1999100606,サンデーサイレンス,000a00033a,飯田正剛,千代田牧場,0.0,1998.0,1999.0,1986.0
2016105968,エアフォルクシチー,牡,上原博之,,メイショウボーラー,2001100650,ウィンヒストリー,1996105100,ダンシングブレーヴ,000a0000cc,友駿ホースクラブ,千代田牧場,0.0,2001.0,1996.0,1983.0
2016105966,コウセイブレイヴ,牡,中野栄治,,ディープブリランテ,2009105084,インピッシュハート,2007100584,クロフネ,1998110135,杉安浩一郎,千代田牧場,0.0,2009.0,2007.0,1998.0
2016105942,アサクサロータスの2016,牡,,,トゥザグローリー,2007103265,アサクサロータス,2005102434,フサイチコンコルド,1993109220,,田原橋本牧場,0.0,2007.0,2005.0,1993.0
2016105934,サクラカリーナ,牝,,,エンパイアメーカー,000a010542,セダンフォーグッド,2010106289,アグネスタキオン,1998101516,,谷岡牧場,0.0,2000.0,2010.0,1998.0
2016105931,サクラフーガの2016,牡,,,バトルプラン,000a0118e8,サクラフーガ,2003105239,サクラローレル,1991103498,,谷岡牧場,0.0,2005.0,2003.0,1991.0
2016105918,サクラナスカの2016,牝,,,サクラオリオン,2002104686,サクラナスカ,2006101071,サクラバクシンオー,1989108341,,谷岡スタット,0.0,2002.0,2006.0,1989.0
2016105915,ビックフェイバ,牝,田中清隆,,サクラプレジデント,2000102261,サクラセレーネ,2001104056,サクラローレル,1991103498,臼倉勲,高橋修,0.0,2000.0,2001.0,1991.0
2016105910,ハニーブラウン,牝,新井健児,,サクラゼウス,2004104495,サクラヴィーナス,2004104491,フジキセキ,1992109618,角谷守正,谷岡スタット,0.0,2004.0,2004.0,1992.0
2016105908,ダイフゴウ,牝,和田雄二,,ジャングルポケット,1998101786,ソルシエトウショウ,2011102299,マーベラスサンデー,1992103687,高橋照比古,棚川光男,0.0,1998.0,2011.0,1992.0
2016105900,トミケンタイニー,牝,阪本一栄,,スウェプトオーヴァーボード,000a00fa34,パキータ,2002100944,スペシャルウィーク,1995103211,（有）トミケン,田中裕之,0.0,1997.0,2002.0,1995.0
2016105897,ケイツーランド,牝,深山雅史,,シンボリクリスエス,1999110099,グーテデロワ,2007100261,スペシャルウィーク,1995103211,楠本勝美,田中裕之,0.0,1999.0,2007.0,1995.0
2016105896,ウォーターボヌール,牝,庄野靖志,,ロードカナロア,2008103552,アクロスザライト,2008102771,ネオユニヴァース,2000101426,山岡良一,田中裕之,0.0,2008.0,2008.0,2000.0
2016105894,ダークサンダー,牡,古賀史生,,トーセンホマレボシ,2009106092,ブローオブサンダー,2003102949,クロフネ,1998110135,鈴木康弘,武牧場,0.0,2009.0,2003.0,1998.0
2016105893,シャドー,牡,大垣敏夫,,タイキシャトル,1994109686,トロピカルラヴ,2003102745,ダンスインザダーク,1993109188,野口幸八,武牧場,0.0,1994.0,2003.0,1993.0
2016105891,ヌーボーロマン,牝,小西一男,,クロフネ,1998110135,サーレムフォレスト,2011103568,ディープインパクト,2002100816,平本敏夫,武牧場,0.0,1998.0,2011.0,2002.0
2016105882,キスオブザビーナスの2016,牡,,,ケイムホーム,000a0108d1,キスオブザビーナス,2011105705,メイショウサムソン,2003102205,,高橋ファーム,0.0,1999.0,2011.0,2003.0
2016105881,エルデリュミエール,牝,湯窪幸雄,,グランプリボス,2008103388,オースミエルフ,2000101949,オースミタイクーン,1991109943,ヒダカ・ブリーダーズ・ユニオン,高橋ファーム,0.0,2008.0,2000.0,1991.0
2016105873,タイセイクルーガー,牡,浜田多実,,バゴ,2001190004,ワードパワー,000a011dd8,Oasis Dream,000a010d4f,田中成奉,タイヘイ牧場,0.0,2001.0,2008.0,2000.0
2016105862,トキオティーダ,牡,,,スマートファルコン,2005100097,ドリームサンサン,2010102843,サクラバクシンオー,1989108341,,タイヘイ牧場,0.0,2005.0,2010.0,1989.0
2016105856,クリノボルサリーノ,牡,谷潔,,アドマイヤムーン,2003102991,クレイジーラブ,2005109194,タイキシャトル,1994109686,栗本博晴,タイヘイ牧場,0.0,2003.0,2005.0,1994.0
2016105851,タマモピーク,牡,,,シニスターミニスター,000a011099,ハイジ,1999103802,ダンスインザダーク,1993109188,,曾我博,0.0,2003.0,1999.0,1993.0
2016105850,タマモサルサ,セ,高橋亮,,ネオユニヴァース,2000101426,タマモワルツ,2007106506,ボストンハーバー,000a00007c,タマモ,曾我博,0.0,2000.0,2007.0,1994.0
2016105849,タマモスムージー,牝,五十嵐忠,,ジョーカプチーノ,2006100529,タマモメロディ,2007105096,ブライアンズタイム,000a000082,タマモ,曾我博,0.0,2006.0,2007.0,1985.0
2016105844,ゴシキセントウキ,牡,牧光二,,コンデュイット,2005190006,セイシンアスリート,2004104519,ナリタトップロード,1996102442,ケンレーシング組合,聖心台牧場,0.0,2005.0,2004.0,1996.0
2016105841,オーミマサムネ,牡,作田誠二,,タイムパラドックス,1998101683,アインステージ,2007100494,ゴールドアリュール,1999106689,岩崎僖澄,聖心台牧場,0.0,1998.0,2007.0,1999.0
2016105830,ハートゴールドの2016,牡,,,タイキシャトル,1994109686,ハートゴールド,2008101311,ゴールドヘイロー,1997101264,,静内山田牧場,0.0,1994.0,2008.0,1997.0
2016105827,ソヨカゼステップの2016,牡,,,トゥザグローリー,2007103265,ソヨカゼステップ,2009100739,スタチューオブリバティ,000a0109d5,,静内山田牧場,0.0,2007.0,2009.0,2000.0
2016105822,ノースオーカ,牡,米田英世,,ワイルドワンダー,2002104665,プリティゴールド,2006110168,Fusaichi Pegasus,000a0022cf,早川正行,静内フジカワ牧場,0.0,2002.0,2006.0,1997.0
2016105821,プリマノキセキ,牝,尾形和幸,,キンシャサノキセキ,2003110212,フレンチドール,2006106463,フレンチデピュティ,000a00013a,草間庸文,静内フジカワ牧場,0.0,2003.0,2006.0,1992.0
2016105820,トーホウパンパ,牝,武藤善則,,ケープブランコ,000a011b06,トーホウロサード,2005105422,トーホウエンペラー,1996102712,東豊物産,静内フジカワ牧場,0.0,2007.0,2005.0,1996.0
2016105819,トーホウロドリゲス,牡,石坂正,,ハービンジャー,000a011996,トーホウシンバル,2007105671,ステイゴールド,1994108729,東豊物産,静内フジカワ牧場,0.0,2006.0,2007.0,1994.0
2016105818,フルゴラ,牝,小西一男,,エイシンフラッシュ,2007102951,デュークタイフーン,2002107229,フジキセキ,1992109618,島田久,静内フジカワ牧場,0.0,2007.0,2002.0,1992.0
2016105814,カフェフレグランスの2016,牝,,,トランセンド,2006104736,カフェフレグランス,2007103391,マンハッタンカフェ,1998101554,,静内フジカワ牧場,0.0,2006.0,2007.0,1998.0
2016105813,ウォリアー,牡,小西一男,,ワイルドワンダー,2002104665,オービーレディー,2008100380,コマンダーインチーフ,000a0000b0,平本敏夫,静内フジカワ牧場,0.0,2002.0,2008.0,1990.0
2016105801,メイケイペガトップ,牡,木原一良,,エイシンフラッシュ,2007102951,メイケイペガムーン,2010102760,アドマイヤムーン,2003102991,名古屋競馬,静内酒井牧場,0.0,2007.0,2010.0,2003.0
2016105798,グレートイソエイ,牡,松永康利,,カジノドライヴ,2005110112,サカノエンジェル,2001104015,リンドシェーバー,1988107894,磯部敏夫,静内酒井牧場,0.0,2005.0,2001.0,1988.0
2016105793,チークハート,牝,森田直行,,アグネスデジタル,1997110025,クッキーキティ,1998104299,ラグビーボール,1983104853,サンコウ牧場,サンコウ牧場,0.0,1997.0,1998.0,1983.0
2016105792,マクガン,牡,,,キングヘイロー,1995104427,エンジェルファタル,2000102099,フォーティナイナー,000a000134,,サンコウ牧場,0.0,1995.0,2000.0,1985.0
2016105784,ニホンピロマーサ,牝,服部利之,,カネヒキリ,2002100978,ニホンピロタルト,2004104432,オペラハウス,000a000d77,小林百太郎,佐竹学,0.0,2002.0,2004.0,1988.0
2016105783,ニホンピロポケット,牡,服部利之,,ジャングルポケット,1998101786,ニホンピロシュラブ,2007100345,デュランダル,1999106756,小林百太郎,佐竹学,0.0,1998.0,2007.0,1999.0
2016105779,ニホンピロマイルス,牡,田所秀孝,,ヴァーミリアン,2002100877,ニホンピロアミーカ,2001106050,ウォーニング,000a000843,小林百太郎,佐竹学,0.0,2002.0,2001.0,1985.0
2016105778,ニホンピロエレノア,牝,服部利之,,メイショウボーラー,2001100650,ニホンピロアニカ,2004104949,キャプテンスティーヴ,000a000d9d,小林百太郎,佐竹学,0.0,2001.0,2004.0,1997.0
2016105758,レジーナスミス,牝,佐藤吉勝,,エイシンフラッシュ,2007102951,シータトウショウ,2003105152,ジェニュイン,1992109450,永山勝敏,坂本春雄,0.0,2007.0,2003.0,1992.0
2016105753,ホクセンノキボー,牡,,,タイキシャトル,1994109686,マリエッタ,2007100321,ゼンノロブロイ,2000101517,,坂本智広,0.0,1994.0,2007.0,2000.0
2016105752,フライングバルーンの2016,牝,,,カジノドライヴ,2005110112,フライングバルーン,2009105937,デュランダル,1999106756,,坂本智広,0.0,2005.0,2009.0,1999.0
2016105751,トウケイダヴィンチ,牝,沖芳夫,,ゴールドアリュール,1999106689,トウケイルーブル,2009100736,サクラバクシンオー,1989108341,木村信彦,坂本智広,0.0,1999.0,2009.0,1989.0
2016105747,マイネルリガス,牡,中野栄治,,カジノドライヴ,2005110112,タヒチアンメモリ,2001102061,コマンダーインチーフ,000a0000b0,サラブレッドクラブ・ラフィアン,坂本健一,0.0,2005.0,2001.0,1990.0
2016105741,ラビリンス,牝,田部和則,,キングズベスト,000a0022d2,ダイワデリカシー,2001104239,バブルガムフェロー,1993109219,佐々木雄二,酒井秀紀,0.0,1997.0,2001.0,1993.0
2016105738,リッカウィーク,牡,北出成人,,リッカバクシンオ,2002107441,リッカコウユウ,2006102180,ジョリーズヘイロー,000a0001aa,立花幸雄,酒井亨,0.0,2002.0,2006.0,1987.0
2016105735,シゲルコハク,牡,小島茂之,,ノヴェリスト,000a012230,ロゴマーク,2011104274,チチカステナンゴ,000a011135,森中蕃,今牧場,0.0,2009.0,2011.0,1998.0
2016105733,サンレイブランコ,牡,高橋義忠,,ケープブランコ,000a011b06,プリンセスドルチェ,2003102852,アドマイヤベガ,1996107396,永井啓弍,今牧場,0.0,2007.0,2003.0,1996.0
2016105732,カーニバルクイーン,牝,嶋田幸晴,,ダンカーク,000a012185,プリティブルーム,2006102984,タヤスツヨシ,1992109612,村上直樹,今牧場,0.0,2006.0,2006.0,1992.0
2016105730,チェリーズホット,牝,浅野洋一,,ノヴェリスト,000a012230,パルティール,2011104009,スペシャルウィーク,1995103211,ＴＵＲＨ,今牧場,0.0,2009.0,2011.0,1995.0
2016105727,オーディエンスの2016,牡,,,ハービンジャー,000a011996,オーディエンス,2001102138,スペシャルウィーク,1995103211,,今牧場,0.0,2006.0,2001.0,1995.0
2016105694,ディーズナイーブ,牝,松本隆宏,,スズカコーズウェイ,2004104345,ハヤブサラヴハート,2007100272,シンボリクリスエス,1999110099,秋谷壽之,グランド牧場,0.0,2004.0,2007.0,1999.0
2016105693,レイジングラン,牡,藤原辰雄,,キングズベスト,000a0022d2,ハヤブサショコラ,2011101906,マンハッタンカフェ,1998101554,松尾正,グランド牧場,0.0,1997.0,2011.0,1998.0
2016105655,ムーンシンフォニーの2016,牡,,,ヴァーミリアン,2002100877,ムーンシンフォニー,2005100628,アグネスデジタル,1997110025,,久保秀雄,0.0,2002.0,2005.0,1997.0
2016105654,マスタージン,牡,黒岩陽一,,ベーカバド,000a011dc0,スエヒロサプライズ,2000104671,ラムタラ,000a0001d4,澤田孝之,金球美,0.0,2007.0,2000.0,1992.0
2016105650,モンゲークール,牡,宗綱泰彦,,バトルプラン,000a0118e8,パワーアン,2003107472,ディアブロ,000a0000e9,（同）ＪＰＮ技研,キヨタケ牧場,0.0,2005.0,2003.0,1987.0
2016105640,スーンシャイン,牝,,,ジャスタウェイ,2009106461,モンスーンウェディング,000a011e12,Monsun,000a010db6,,木村秀則,0.0,2009.0,2004.0,1990.0
2016105635,プシュケ,牝,小崎憲,,ノヴェリスト,000a012230,ステラリード,2007106439,スペシャルウィーク,1995103211,広尾レース,木村秀則,0.0,2009.0,2007.0,1995.0
2016105632,スパーブアゲイン,牡,矢作芳人,,ジャスタウェイ,2009106461,ウェルシュステラ,1999110282,Zafonic,000a001d7d,広尾レース,木村秀則,0.0,2009.0,1999.0,1990.0
2016105626,サダムフォルトゥナの2016,牝,,,サダムパテック,2008102652,サダムフォルトゥナ,2010104422,マンハッタンカフェ,1998101554,,神垣道弘,0.0,2008.0,2010.0,1998.0
2016105619,フェスティブシャンの2016,牝,,,エスポワールシチー,2005102837,フェスティブシャン,2000101894,サニーブライアン,1994105719,,カタオカファーム,0.0,2005.0,2000.0,1994.0
2016105605,サンアマリロ,牝,高橋義博,,シビルウォー,2005102317,マターラミツル,1997103065,メジロマックイーン,1987107235,加藤ステーブル,鹿嶋牧場,0.0,2005.0,1997.0,1987.0
2016105604,タマモパスクワ,牡,川村禎彦,,トーセンジョーダン,2006103169,スマートエッグ,2004101453,デヒア,000a0000df,タマモ,鹿嶋牧場,0.0,2006.0,2004.0,1991.0
2016105597,バトルキクヒメの2016,牝,,,ダノンシャンティ,2007105709,バトルキクヒメ,2007100162,ホワイトマズル,1990109700,,小倉光博,0.0,2007.0,2007.0,1990.0
2016105594,クレムリン,牡,,,パドトロワ,2007102760,スペランツァーレ,2009102674,シングスピール,1992190005,,小倉光博,0.0,2007.0,2009.0,1992.0
2016105578,ラガーモナーク,牡,池添兼雄,,ヘニーヒューズ,000a011155,ベルモントピノコ,2002100208,アジュディケーティング,000a000d5d,奥村啓二,岡田牧場,0.0,2003.0,2002.0,1987.0
2016105574,プレイフォーマザーの2016,牝,,,バゴ,2001190004,プレイフォーマザー,2011100429,ディープスカイ,2005101358,,岡田牧場,0.0,2001.0,2011.0,2005.0
2016105571,デロリアン,牡,田村康仁,,スマートファルコン,2005100097,フレイムミーティア,2010100559,ファンタスティックライト,1996190005,ラ・メール,岡田牧場,0.0,2005.0,2010.0,1996.0
2016105570,フジトゥインクル,牝,,,トーセンジョーダン,2006103169,フジキラメキ,2009101822,ゼンノロブロイ,2000101517,,岡田猛,0.0,2006.0,2009.0,2000.0
2016105568,ヒストリアドリームの2016,牡,,,ケープブランコ,000a011b06,ヒストリアドリーム,2010100557,アドマイヤムーン,2003102991,,岡田牧場,0.0,2007.0,2010.0,2003.0
2016105565,ベルデブリッツ,牡,田中淳司,,エイシンフラッシュ,2007102951,ドレスデングリーン,2004102882,アグネスタキオン,1998101516,水谷昌晃,岡田牧場,0.0,2007.0,2004.0,1998.0
2016105557,ジョロキアキャットの2016,牝,,,シニスターミニスター,000a011099,ジョロキアキャット,2010102531,タニノギムレット,1999100226,,岡田牧場,0.0,2003.0,2010.0,1999.0
2016105549,カーサエスペランサの2016,牝,,,タニノギムレット,1999100226,カーサエスペランサ,000a010dca,キングズベスト,000a0022d2,,岡田牧場,0.0,1999.0,2002.0,1997.0
2016105546,アートオブビーンの2016,牝,,,シニスターミニスター,000a011099,アートオブビーン,2007105937,アグネスデジタル,1997110025,,岡田牧場,0.0,2003.0,2007.0,1997.0
2016105544,アルフレンテの2016,牡,,,ジャスタウェイ,2009106461,アルフレンテ,2000101831,スキャン,000a000d69,,岡田牧場,0.0,2009.0,2000.0,1988.0
2016105524,ラージキャップ,牝,加藤和宏,,スペシャルウィーク,1995103211,ミッドキャップ,000a010dcf,アントレプレナー,000a000112,岡田牧雄,岡田スタッド,0.0,1995.0,2002.0,1994.0
2016105522,ブルベアビアンコ,牡,菅原欣也,,マツリダゴッホ,2003104570,ホワイトピクシイ,2001106981,ホワイトマズル,1990109700,（同）ＪＰＮ技研,岡田スタッド,0.0,2003.0,2001.0,1990.0
2016105499,チェアユーアップの2016,牝,,,スペシャルウィーク,1995103211,チェアユーアップ,2006100751,エアジハード,1995107978,,岡田スタッド,0.0,1995.0,2006.0,1995.0
2016105498,ジャムジャマ,セ,川添明弘,,ブラックタイド,2001103312,ダフィーナ,000a010632,Mtoto,000a001c66,栗嶋豊明,岡田スタッド,0.0,2001.0,2000.0,1983.0
2016105495,アファンデイアウト,牝,石栗龍彦,,トーセンラー,2008102985,タニノホロホロ,1997101990,トニービン,1983109006,岡田牧雄,岡田スタッド,0.0,2008.0,1997.0,1983.0
2016105485,スヴレッタの2016,牝,,,スクリーンヒーロー,2004103328,スヴレッタ,000a00fdbf,Nureyev,000a001676,,岡田スタッド,0.0,2004.0,1999.0,1977.0
2016105484,シングムーンの2016,牝,,,スマートファルコン,2005100097,シングムーン,000a0067ac,Cryptoclearance,000a001e83,,岡田スタッド,0.0,2005.0,1995.0,1984.0
2016105478,ヴァイスコード,牡,深山雅史,,ワークフォース,000a011a7f,クラックコード,2004103297,ダンスインザダーク,1993109188,ノルマンディーサラブレッドレーシング,岡田スタッド,0.0,2007.0,2004.0,1993.0
2016105471,ホウオウスクリーン,牡,安田翔伍,,スクリーンヒーロー,2004103328,キョウエイアン,1999102312,フォーティナイナー,000a000134,小笹芳央,岡田スタッド,0.0,2004.0,1999.0,1985.0
2016105455,アンローランサンの2016,牡,,,トーセンラー,2008102985,アンローランサン,2006100741,フサイチコンコルド,1993109220,,岡田スタッド,0.0,2008.0,2006.0,1993.0
2016105448,トシノファイン,牡,本間忍,,トーセンホマレボシ,2009106092,ケイアイシャープ,2003105544,ブライアンズタイム,000a000082,中澤利文,大滝康晴,0.0,2009.0,2003.0,1985.0
2016105446,トッケンリスク,牝,小桧山悟,,ローレルゲレイロ,2004100933,ルッキングアップ,2004105026,タイキシャトル,1994109686,福田光博,及川幸夫,0.0,2004.0,2004.0,1994.0
2016105444,ミスグランドコーホの2016,牝,,,カジノドライヴ,2005110112,ミスグランドコーホ,1998103976,ヤマニンスキー,1975102626,,及川ミツ子,0.0,2005.0,1998.0,1975.0
2016105442,ツヨキノヴィーナス,牝,桜田浩樹,,カンパニー,2001103435,リキアイノキセキ,2002104395,フジキセキ,1992109618,喜多清貴,漆原武男,0.0,2001.0,2002.0,1992.0
2016105438,セイウアット,牡,,,アドマイヤムーン,2003102991,モンステラ,2008104523,ディープインパクト,2002100816,,上野正恵,0.0,2003.0,2008.0,2002.0
2016105435,ウエスタンバーキン,牝,大竹正博,,ダンカーク,000a012185,ウエスタンベッラ,2008100923,ハーツクライ,2001103038,西川賢,ウエスタンファーム,0.0,2006.0,2008.0,2001.0
2016105430,ウエスタンアミー,牝,小野次郎,,ベーカバド,000a011dc0,ウエスタンイヴ,2011110101,エンパイアメーカー,000a010542,西川賢,ウエスタンファーム,0.0,2007.0,2011.0,2000.0
2016105422,ベルベットイーグルの2016,牡,,,ロジユニヴァース,2006103140,ベルベットイーグル,2004104076,フォーティナイナー,000a000134,,石川牧場,0.0,2006.0,2004.0,1985.0
2016105421,ファンタジオ,牡,新開幸一,,ヘニーヒューズ,000a011155,バンダムメッシ,2010102236,フレンチデピュティ,000a00013a,岡田牧雄,石川牧場,0.0,2003.0,2010.0,1992.0
2016105420,オオモノビコナ,セ,大竹正博,,ヘニーヒューズ,000a011155,バンダムクローネ,2007102231,スペシャルウィーク,1995103211,山科統,石川牧場,0.0,2003.0,2007.0,1995.0
2016105418,スタークレスト,牡,吉井竜一,,エイシンフラッシュ,2007102951,テンフォー,000a0114f6,Aptitude,000a00fb2c,（株）ＴＭＯ,石川牧場,0.0,2007.0,2005.0,1997.0
2016105417,ジャックシーマックズの2016,牡,,,ヘニーヒューズ,000a011155,ジャックシーマックズ,000a0114f7,Fly So Free,000a001fbe,,石川牧場,0.0,2003.0,2003.0,1988.0
2016105415,サングレアズールの2016,牡,,,オルフェーヴル,2008102636,サングレアズール,2007100029,クロフネ,1998110135,,石川栄一,0.0,2008.0,2007.0,1998.0
2016105413,ビルドアボンド,牝,湯窪幸雄,,トーセンジョーダン,2006103169,ピエナエポナ,2009104152,キングカメハメハ,2001103460,高橋ファーム,池田牧場,0.0,2006.0,2009.0,2001.0
2016105412,ブルベアテラコッタ,牡,九日俊光,,ベルシャザール,2008103004,ジェイケイスキャン,2000102623,スキャン,000a000d69,森中蕃,池田牧場,0.0,2008.0,2000.0,1988.0
2016105406,ユーセイフィーバー,牝,藤田正治,,シビルウォー,2005102317,サイキョウロマン,1997103464,サンデーサイレンス,000a00033a,浅井隆夫,荒谷輝和,0.0,2005.0,1997.0,1986.0
2016105399,プラサデトロス,牡,小西一男,,プリサイスエンド,000a00fe9b,サンデータッチ,2000101700,ロイヤルタッチ,1993101237,平本敏夫,荒木貴宏,0.0,1997.0,2000.0,1993.0
2016105398,リックドンファン,牡,清水英克,,ナカヤマフェスタ,2006102424,ケイアイカグラ,2006106456,Songandaprayer,000a01069b,山邉浩,荒木貴宏,0.0,2006.0,2006.0,1998.0
2016105390,カミノスミレ,牝,朝倉実,,ベルシャザール,2008103004,カミノサクラ,2010106424,ブライアンズタイム,000a000082,宇賀神英子,秋田育成牧場,0.0,2008.0,2010.0,1985.0
2016105387,Petite Potat,牝,,,ロードカナロア,2008103552,リンデラーン,000a0124c3,Rahy,000a001c5e,,パカパカファーム,0.0,2008.0,2005.0,1985.0
2016105385,ラヴインザダークの2016,牡,,,ワークフォース,000a011a7f,ラヴインザダーク,2006104804,ダンスインザダーク,1993109188,,パカパカファーム,0.0,2007.0,2006.0,1993.0
2016105382,Imperial Crown,牝,,,ディープインパクト,2002100816,モロカンアフェアー,000a012b09,Storm Cat,000a001a98,,パカパカファーム,0.0,2002.0,2005.0,1983.0
2016105380,ミスワールドIIの2016,牝,,,ディープインパクト,2002100816,ミスワールドII,000a012bbd,Bernstein,000a010bae,,パカパカファーム,0.0,2002.0,2006.0,1997.0
2016105379,Deadly Impact,牡,,,ディープインパクト,2002100816,ミスケラー,000a0124c5,モンジュー,1996190001,,パカパカファーム,0.0,2002.0,2006.0,1996.0
2016105377,デアリングヴェスタ,牝,土田稔,,パイロ,000a01176a,デアリングヴァース,000a00fc88,Opening Verse,000a001eea,フクキタル,パカパカファーム,0.0,2005.0,1993.0,1986.0
2016105376,チアズヒカリの2016,牝,,,ディープブリランテ,2009105084,チアズヒカリ,2000107342,マヤノトップガン,1992102988,,パカパカファーム,0.0,2009.0,2000.0,1992.0
2016105373,テイルオブゴールド,牝,杉山晴紀,,オルフェーヴル,2008102636,タイキクラリティ,2003103458,スペシャルウィーク,1995103211,鈴木康弘,パカパカファーム,0.0,2008.0,2003.0,1995.0
2016105370,Lost Impact,牝,[外],,ディープインパクト,2002100816,サイレンズソング,000a0124c4,Azamour,000a01053b,,パカパカファーム,0.0,2002.0,2008.0,2001.0
2016105368,ブルベアアランチョ,牡,武英智,,ネオユニヴァース,2000101426,キーチェスターバーン,000a0111cc,Broad Brush,000a001e93,ブルアンドベア,パカパカファーム,0.0,2000.0,1998.0,1983.0
2016105363,クアトロサリーレ,牡,,,スウェプトオーヴァーボード,000a00fa34,ヴァレンティン,000a010d7c,キングオブキングス,000a0001b8,,パカパカファーム,0.0,1997.0,2002.0,1995.0
2016105362,Deep Encounter,牡,,,ディープインパクト,2002100816,イルーシヴスパークル,000a01280a,Elusive Quality,000a00231f,,パカパカファーム,0.0,2002.0,2005.0,1993.0
2016105359,バロー,牡,斉藤崇史,,キングズベスト,000a0022d2,アップワードスパイラル,000a012509,Teofilo,000a01139e,前田幸治,パカパカファーム,0.0,1997.0,2010.0,2004.0
2016105346,ホロポノ,牡,佐藤吉勝,,ダンカーク,000a012185,トーヨートーヤコ,2001106527,サンデーサイレンス,000a00033a,平本敏夫,川上牧場,0.0,2006.0,2001.0,1986.0
2016105345,パウレレ,牝,佐藤吉勝,,ダンカーク,000a012185,エクセレントブルー,2008104390,ディープインパクト,2002100816,平本敏夫,川上牧場,0.0,2006.0,2008.0,2002.0
2016105343,フォーチュンサンバ,牝,,,モンテロッソ,000a011b05,マキシムガロー,2009103513,スズカマンボ,2001103890,,大狩部牧場,0.0,2007.0,2009.0,2001.0
2016105342,タイムオブクリア,牝,土井道隆,,キングズベスト,000a0022d2,ヒッショースマイル,2008103288,ゼンノロブロイ,2000101517,吉武章,大狩部牧場,0.0,1997.0,2008.0,2000.0
2016105341,ワイルドタイプ,牡,,,パイロ,000a01176a,ダラーバックス,2009106102,ネオユニヴァース,2000101426,,大狩部牧場,0.0,2005.0,2009.0,2000.0
2016105339,インフレッタの2016,牝,,,モンテロッソ,000a011b05,インフレッタ,2002105448,エンドスウィープ,000a00010f,,大狩部牧場,0.0,2007.0,2002.0,1991.0
2016105332,イーストシェルフ,牡,,,キングヘイロー,1995104427,カラードミル,2006100246,フジキセキ,1992109618,,大原ファーム,0.0,1995.0,2006.0,1992.0
2016105327,ラブエテルノ,牡,古賀史生,,ジャスタウェイ,2009106461,ジェニーソング,2001102788,Rahy,000a001c5e,西森鶴,日優牧場,0.0,2009.0,2001.0,1985.0
2016105315,サンライズグラン,牡,柏原誠路,,キングズベスト,000a0022d2,トシザマキ,2007101248,デュランダル,1999106756,松岡隆雄,浦河小林牧場,0.0,1997.0,2007.0,1999.0
2016105314,トシザダンサーの2016,牝,,,ダンカーク,000a012185,トシザダンサー,1999101270,シアトルダンサーII,000a000d89,,浦河小林牧場,0.0,2006.0,1999.0,1984.0
2016105309,トーセンジュエル,牝,奥平雅士,,ヴィクトワールピサ,2007102923,ローズジプシー,000a0114bb,Green Desert,000a0017d2,島川隆哉,社台ファーム,0.0,2007.0,1998.0,1983.0
2016105308,スピーナ,牝,鹿戸雄一,,ハーツクライ,2001103038,ローズキャサリン,000a012943,Speightstown,000a011200,社台レースホース,社台ファーム,0.0,2001.0,2007.0,1998.0
2016105302,ロイヤルタバスコの2016,牝,,,ダイワメジャー,2001103114,ロイヤルタバスコ,2004106465,タバスコキャット,000a000348,,社台ファーム,0.0,2001.0,2004.0,1991.0
2016105300,ヨシノグッドラック,牡,吉田直弘,,アサクサキングス,2004103163,レンII,000a00678a,Bob Back,000a001de3,清水義徳,社台ファーム,0.0,2004.0,1995.0,1981.0
2016105298,ロールラフィネ,牝,鹿戸雄一,,Medaglia d'Oro,000a010a65,レニーズゴットジップ,000a012f01,City Zip,000a0127e6,吉田照哉,社台ファーム,0.0,1999.0,2009.0,1998.0
2016105295,レッドディザイアの2016,牝,,,キングカメハメハ,2001103460,レッドディザイア,2006102929,マンハッタンカフェ,1998101554,,社台ファーム,0.0,2001.0,2006.0,1998.0
2016105293,レッドゼニス,牡,藤沢和雄,,ディープインパクト,2002100816,レッドヴァージン,2009110037,Distorted Humor,000a0022ea,東京ホースレーシング,社台ファーム,0.0,2002.0,2009.0,1993.0
2016105288,ラルゴスパージオ,牡,,,ローエングリン,1999106738,レイナクーバ,2006102920,アグネスタキオン,1998101516,,社台ファーム,0.0,1999.0,2006.0,1998.0
2016105280,クロッグダンス,牝,伊藤大士,,ハービンジャー,000a011996,リトミックダンス,2001103218,ダンスインザダーク,1993109188,社台レースホース,社台ファーム,0.0,2006.0,2001.0,1993.0
2016105271,チャコリーナ,牝,田島俊明,,ノヴェリスト,000a012230,ラブフォーエバー,1997103490,サンデーサイレンス,000a00033a,村野康司,社台ファーム,0.0,2009.0,1997.0,1986.0
2016105258,サウンドバレット,セ,高橋康之,,ハーツクライ,2001103038,モスコーバーニング,000a010262,Moscow Ballet,000a001cba,増田雄一,社台ファーム,0.0,2001.0,2000.0,1982.0
2016105246,ミスサンバレーの2016,牝,,,ジャスタウェイ,2009106461,ミスサンバレー,2010103736,チチカステナンゴ,000a011135,,社台ファーム,0.0,2009.0,2010.0,1998.0
2016105243,マンハッタンフィズの2016,牡,,,キングカメハメハ,2001103460,マンハッタンフィズ,2001103097,サンデーサイレンス,000a00033a,,社台ファーム,0.0,2001.0,2001.0,1986.0
2016105242,デルマモンマルトル,牝,的場均,,ワークフォース,000a011a7f,マンハッタンセレブ,2003102531,サンデーサイレンス,000a00033a,浅沼廣幸,社台ファーム,0.0,2007.0,2003.0,1986.0
2016105238,ピサ,牝,中竹和也,,ハービンジャー,000a011996,マルカフローリアン,2001103120,サンデーサイレンス,000a00033a,永山勝敏,社台ファーム,0.0,2006.0,2001.0,1986.0
2016105233,アーチザンバレット,牡,小島茂之,,アイルハヴアナザー,000a011ed3,マルカアイチャン,2003102664,フレンチデピュティ,000a00013a,グリーンファーム,社台ファーム,0.0,2009.0,2003.0,1992.0
2016105232,グランエソール,牝,安田隆行,,パドトロワ,2007102760,マニエリスム,2008103001,ゼンノロブロイ,2000101517,村上龍太郎,社台ファーム,0.0,2007.0,2008.0,2000.0
2016105231,セルプランタン,牝,安田翔伍,,ロードカナロア,2008103552,マドモアゼルドパリ,2001103046,サンデーサイレンス,000a00033a,社台レースホース,社台ファーム,0.0,2008.0,2001.0,1986.0
2016105217,ホットレッグスの2016,牝,,,アサクサキングス,2004103163,ホットレッグス,2003102468,Galileo,000a00232b,,社台ファーム,0.0,2004.0,2003.0,1998.0
2016105208,プレミアステップスの2016,牡,,,ハーツクライ,2001103038,プレミアステップス,000a0129c1,Footstepsinthesand,000a0111b5,,社台ファーム,0.0,2001.0,2010.0,2002.0
2016105197,ブリージーウッズの2016,牡,,,ゴールドアリュール,1999106689,ブリージーウッズ,2000101330,ティンバーカントリー,000a00035e,,社台ファーム,0.0,1999.0,2000.0,1992.0
2016105192,フローラルカーヴの2016,牡,,,タートルボウル,000a012045,フローラルカーヴ,2004103127,アグネスタキオン,1998101516,,社台コーポレーション白老ファーム,0.0,2002.0,2004.0,1998.0
2016105190,フレンチボウの2016,牡,,,ハービンジャー,000a011996,フレンチボウ,2008103003,ホワイトマズル,1990109700,,社台ファーム,0.0,2006.0,2008.0,1990.0
2016105185,カジノレイド,セ,和田正一,,カジノドライヴ,2005110112,フライトオブスワン,2007102897,フレンチデピュティ,000a00013a,ローレルレーシング,社台ファーム,0.0,2005.0,2007.0,1992.0
2016105184,アルマンド,牝,松永幹夫,,ディープインパクト,2002100816,フォーチュネイトダムゼル,000a01151e,Runaway Groom,000a001dbb,キーファーズ,社台ファーム,0.0,2002.0,2001.0,1979.0
2016105183,フォーエバーワン,牝,矢野英一,,ハービンジャー,000a011996,フォーエバーマーク,2008103048,ファルブラヴ,1998190004,青山洋一,社台ファーム,0.0,2006.0,2008.0,1998.0
2016105180,デルマノートルダム,牡,田中清隆,,キングカメハメハ,2001103460,フェイムドグレイス,1998101616,サンデーサイレンス,000a00033a,浅沼廣幸,社台ファーム,0.0,2001.0,1998.0,1986.0
2016105178,シゲルスタールビー,牝,松山将樹,,ノヴェリスト,000a012230,フィヨルドクルーズ,2001103208,サンデーサイレンス,000a00033a,森中蕃,社台ファーム,0.0,2009.0,2001.0,1986.0
2016105177,ヴァイオリンソナタ,牝,矢作芳人,,ディープインパクト,2002100816,ファーストバイオリン,000a011521,Dixieland Band,000a0017b2,吉田照哉,社台ファーム,0.0,2002.0,1998.0,1980.0
2016105165,ヴァンダレイ,牡,吉村圭司,,オルフェーヴル,2008102636,ピサノアラバスター,2007102784,クロフネ,1998110135,市川義美ホールディングス,社台ファーム,0.0,2008.0,2007.0,1998.0
2016105152,パーカッショニストの2016,牝,,,パドトロワ,2007102760,パーカッショニスト,2007102927,アグネスタキオン,1998101516,,社台ファーム,0.0,2007.0,2007.0,1998.0
2016105151,ラピタ,牡,藤原英昭,,エイシンフラッシュ,2007102951,パイタ,000a0114bc,Intikhab,000a0022af,社台レースホース,社台ファーム,0.0,2007.0,2002.0,1994.0
2016105148,バウンシーチューンの2016,牝,,,ルーラーシップ,2007103143,バウンシーチューン,2008103051,ステイゴールド,1994108729,,社台コーポレーション白老ファーム,0.0,2007.0,2008.0,1994.0
2016105145,ハッピーリクエストの2016,牝,,,アサクサキングス,2004103163,ハッピーリクエスト,1997103413,トニービン,1983109006,,社台ファーム,0.0,2004.0,1997.0,1983.0
2016105143,デルマガルニエ,牡,堀井雅広,,ルーラーシップ,2007103143,ハイエストホワイト,2005102200,アグネスタキオン,1998101516,浅沼廣幸,社台ファーム,0.0,2007.0,2005.0,1998.0
2016105140,スパンザグローブ,牝,中竹和也,,ハーツクライ,2001103038,ネットオークション,1998110059,Storm Bird,000a0016d4,吉田照哉,社台ファーム,0.0,2001.0,1998.0,1978.0
2016105134,ペイドバケーション,牡,大和田成,,ロードカナロア,2008103552,ナショナルホリデー,2004103244,ダンスインザダーク,1993109188,金子真人ホールディングス,社台ファーム,0.0,2008.0,2004.0,1993.0
2016105128,トリプレックスの2016,牡,,,ワークフォース,000a011a7f,トリプレックス,1999106801,サンデーサイレンス,000a00033a,,社台ファーム,0.0,2007.0,1999.0,1986.0
2016105126,アシベツヨウヘイ,牡,奥平雅士,,ゴールドアリュール,1999106689,トップチョイス,2004110256,Cryptoclearance,000a001e83,前川企画,社台ファーム,0.0,1999.0,2004.0,1984.0
2016105124,デリケートアーチの2016,牝,武藤善則,,クロフネ,1998110135,デリケートアーチ,2009105873,アフリート,000a000013,社台レースホース,社台ファーム,0.0,1998.0,2009.0,1984.0
2016105123,ピースバイピース,牡,萩原清,,ロードカナロア,2008103552,デリキットピース,2006103004,ホワイトマズル,1990109700,Ｇ１レーシング,社台ファーム,0.0,2008.0,2006.0,1990.0
2016105120,デアリングワールドの2016,牝,,,ベルシャザール,2008103004,デアリングワールド,2003102590,エンドスウィープ,000a00010f,,社台コーポレーション白老ファーム,0.0,2008.0,2003.0,1991.0
2016105115,チーフオフィサーIIの2016,牝,,,ゴールドアリュール,1999106689,チーフオフィサーII,000a011507,Officer,000a0108d0,,社台コーポレーション白老ファーム,0.0,1999.0,2004.0,1999.0
2016105113,サノラニ,牝,中舘英二,,スマートファルコン,2005100097,チャーミングクリス,2000110236,Kris S.,000a0016f2,佐野信幸,社台ファーム,0.0,2005.0,2000.0,1977.0
2016105105,ダンシングエディの2016,牡,,,ダノンシャンティ,2007105709,ダンシングエディ,000a01122e,Moscow Ballet,000a001cba,,社台ファーム,0.0,2007.0,2002.0,1982.0
2016105103,ダルトヴィラ,牝,須貝尚介,,ディープインパクト,2002100816,ダルタヤ,000a012514,Anabaa,000a0022e2,Ｇ１レーシング,社台ファーム,0.0,2002.0,2003.0,1992.0
2016105102,ダルシャの2016,牝,,,オルフェーヴル,2008102636,ダルシャ,000a012515,Sakhee,000a010bed,,社台ファーム,0.0,2008.0,2004.0,1997.0
2016105099,トンソク,牝,松木啓助,,スクリーンヒーロー,2004103328,ダマスクローズ,2003102609,アグネスタキオン,1998101516,（同）ＪＰＮ技研,社台ファーム,0.0,2004.0,2003.0,1998.0
2016105097,エスカルラータ,牝,浜田多実,,ルーラーシップ,2007103143,ダイワレーヌ,2010103805,チチカステナンゴ,000a011135,Ｇ１レーシング,社台ファーム,0.0,2007.0,2010.0,1998.0
2016105092,タイユスヴェルト,牝,平田修,,オルフェーヴル,2008102636,タイユドゲップ,000a011961,Septieme Ciel,000a001f1d,社台レースホース,社台ファーム,0.0,2008.0,1999.0,1987.0
2016105086,レッドガニアン,牡,庄野靖志,,ディープインパクト,2002100816,セレブレイションキャット,000a0124cb,Storm Cat,000a001a98,東京ホースレーシング,社台ファーム,0.0,2002.0,2008.0,1983.0
2016105081,サユルリトリンカ,牝,小野望,,ノヴェリスト,000a012230,スワンキーポーチ,2005102318,アグネスタキオン,1998101516,村田能光,社台ファーム,0.0,2009.0,2005.0,1998.0
2016105080,スモークンフローリックの2016,牝,,,オルフェーヴル,2008102636,スモークンフローリック,000a01151c,Smoke Glacken,000a00222c,,社台ファーム,0.0,2008.0,1999.0,1994.0
2016105078,スマーティーダンスの2016,牡,,,ワークフォース,000a011a7f,スマーティーダンス,2006110006,Smarty Jones,000a01053e,,社台ファーム,0.0,2007.0,2006.0,2001.0
2016105077,テンフライト,牝,矢野英一,,オルフェーヴル,2008102636,スペシャルポケット,2005102324,ジャングルポケット,1998101786,天白泰司,社台ファーム,0.0,2008.0,2005.0,1998.0
2016105076,タガノベリンダ,牝,中尾秀正,,カジノドライヴ,2005110112,スピアナート,2009110005,Bernstein,000a010bae,八木良司,社台コーポレーション白老ファーム,0.0,2005.0,2009.0,1997.0
2016105075,タウンジー,牡,,,カジノドライヴ,2005110112,スノーレガーロ,2009105883,ネオユニヴァース,2000101426,,社台ファーム,0.0,2005.0,2009.0,2000.0
2016105074,リベラルタイプ,牝,浅見秀一,,ノヴェリスト,000a012230,ステレオタイプ,2002100573,サンデーサイレンス,000a00033a,社台レースホース,社台ファーム,0.0,2009.0,2002.0,1986.0
2016105070,ロマンチックキス,牝,畠山吉宏,,ルーラーシップ,2007103143,スターリーロマンス,1998101650,サンデーサイレンス,000a00033a,社台レースホース,社台ファーム,0.0,2007.0,1998.0,1986.0
2016105065,ダイワエターナル,牝,菊沢隆徳,,ロードカナロア,2008103552,スカーレットポピー,2010103779,アグネスタキオン,1998101516,大城敬三,社台ファーム,0.0,2008.0,2010.0,1998.0
2016105061,ジャドールの2016,牡,,,パドトロワ,2007102760,ジャドール,2004103128,フジキセキ,1992109618,,社台ファーム,0.0,2007.0,2004.0,1992.0
2016105053,コーズオブラヴ,牡,新開幸一,,ゴールドアリュール,1999106689,シーキングマイラブ,2000110041,Seeking the Gold,000a001bea,社台レースホース,社台ファーム,0.0,1999.0,2000.0,1985.0
2016105044,シュテルンターラーの2016,牡,,,キングカメハメハ,2001103460,シュテルンターラー,2007102845,ネオユニヴァース,2000101426,,社台ファーム,0.0,2001.0,2007.0,2000.0
2016105041,シャドウムーンの2016,牡,,,ケープブランコ,000a011b06,シャドウムーン,2002101806,キングヘイロー,1995104427,,社台ファーム,0.0,2007.0,2002.0,1995.0
2016105036,シェンクの2016,牡,,,アサクサキングス,2004103163,シェンク,000a006792,Zafonic,000a001d7d,,社台ファーム,0.0,2004.0,1996.0,1990.0
2016105034,オンザタウン,牡,浅見秀一,,Kendargent,000a0126fd,ザルソバ,000a012e7e,Zamindar,000a011b6e,三田昌宏,社台ファーム,0.0,2003.0,2008.0,1994.0
2016105031,フロンサック,牝,古賀慎明,,ワークフォース,000a011a7f,サンテミリオン,2007102958,ゼンノロブロイ,2000101517,村野康司,社台ファーム,0.0,2007.0,2007.0,2000.0
2016105018,サウンドバリアーの2016,牡,,,オルフェーヴル,2008102636,サウンドバリアー,2007101512,アグネスデジタル,1997110025,,社台ファーム,0.0,2008.0,2007.0,1997.0
2016105012,コンテスティッドの2016,牡,,,ディープインパクト,2002100816,コンテスティッド,000a0120cc,Ghostzapper,000a010525,,社台ファーム,0.0,2002.0,2009.0,2000.0
2016105006,スワンレーク,牝,鮫島一歩,,ロードカナロア,2008103552,グランパドドゥ,1997103458,フジキセキ,1992109618,吉田千津,社台ファーム,0.0,2008.0,1997.0,1992.0
2016105000,クラリティーエスの2016,牡,,,ワークフォース,000a011a7f,クラリティーエス,2010103728,シンボリクリスエス,1999110099,,社台コーポレーション白老ファーム,0.0,2007.0,2010.0,1999.0
2016104999,クラウンプリンセスの2016,牡,,,ワークフォース,000a011a7f,クラウンプリンセス,2004103160,スペシャルウィーク,1995103211,,社台ファーム,0.0,2007.0,2004.0,1995.0
2016104993,キュートエンブレムの2016,牡,,,ワークフォース,000a011a7f,キュートエンブレム,2005102265,ウォーエンブレム,000a00fa35,,社台ファーム,0.0,2007.0,2005.0,1999.0
2016104988,パーティーチケット,牝,安田隆行,,タイキシャトル,1994109686,カレンシェリーメイ,2009105828,ディープインパクト,2002100816,原禮子,社台ファーム,0.0,1994.0,2009.0,2002.0
2016104986,カチバの2016,牡,,,キングカメハメハ,2001103460,カチバ,000a011116,Sir Cat,000a002239,,社台ファーム,0.0,2001.0,2000.0,1993.0
2016104981,ヌーヴァエポカ,牝,尾形和幸,,エンパイアメーカー,000a010542,オーラレガーレ,2008102816,マンハッタンカフェ,1998101554,Ｇ１レーシング,社台ファーム,0.0,2000.0,2008.0,1998.0
2016104964,エールスタンスの2016,牝,,,ディープインパクト,2002100816,エールスタンス,2003102501,エルコンドルパサー,1995108742,,社台ファーム,0.0,2002.0,2003.0,1995.0
2016104951,ゴルラゴン,牡,久保田貴,,ハーツクライ,2001103038,エヴァンタイユ,000a010e98,Lear Fan,000a00199d,村木隆,社台ファーム,0.0,2001.0,1997.0,1981.0
2016104950,ブライトホーン,牝,渡辺薫彦,,ハーツクライ,2001103038,エヴァディングタンペット,000a011dcd,Dubai Destination,000a010a60,原禮子,社台ファーム,0.0,2001.0,2007.0,1999.0
2016104936,グランクリュ,牡,尾関知人,,ダノンシャンティ,2007105709,ヴァインドレッサー,2002100510,エンドスウィープ,000a00010f,カナヤマホールディングス,社台ファーム,0.0,2007.0,2002.0,1991.0
2016104934,ウォートルベリーの2016,牡,,,スクリーンヒーロー,2004103328,ウォートルベリー,2000190004,Starborough,000a00232a,,社台ファーム,0.0,2004.0,2000.0,1994.0
2016104931,ウィンドハックの2016,牡,[東],,スクリーンヒーロー,2004103328,ウィンドハック,000a0111c4,プラティニ,1989109107,社台レースホース,社台ファーム,0.0,2004.0,2003.0,1989.0
2016104930,ウイングドウィールの2016,牝,,,タートルボウル,000a012045,ウイングドウィール,2009105725,シンボリクリスエス,1999110099,,社台ファーム,0.0,2002.0,2009.0,1999.0
2016104917,アルマフローラの2016,牡,,,ハービンジャー,000a011996,アルマフローラ,2008102887,ハーツクライ,2001103038,,社台ファーム,0.0,2006.0,2008.0,2001.0
2016104914,アルティメイトラブの2016,牡,,,ノヴェリスト,000a012230,アルティメイトラブ,2009105790,シンボリクリスエス,1999110099,,社台ファーム,0.0,2009.0,2009.0,1999.0
2016104912,アルダントヌイの2016,牡,,,ハービンジャー,000a011996,アルダントヌイ,2005102407,フレンチデピュティ,000a00013a,,社台ファーム,0.0,2006.0,2005.0,1992.0
2016104902,トモノヘイヘイ,牝,浜田多実,,ハーツクライ,2001103038,アシュフォードクロス,000a012513,Cape Cross,000a0022ae,共田義夫,社台ファーム,0.0,2001.0,2003.0,1994.0
2016104900,デルマオルセー,牡,堀井雅広,,ジャスタウェイ,2009106461,アグネスチーアフル,1997103448,Mtoto,000a001c66,浅沼廣幸,社台ファーム,0.0,2009.0,1997.0,1983.0
2016104893,ヴィアロマーナ,牡,久保田貴,,ロードカナロア,2008103552,ローマンエンプレス,000a012940,Sadler's Wells,000a00185d,サンデーレーシング,ノーザンファーム,0.0,2008.0,2006.0,1981.0
2016104884,マラスキーノ,牝,浜田多実,,ワークフォース,000a011a7f,ルミナスグルーヴ,2009106212,アグネスタキオン,1998101516,吉田和美,ノーザンファーム,0.0,2007.0,2009.0,1998.0
2016104882,リュシアス,牡,田中博康,,ダノンシャンティ,2007105709,リュナティク,2012104911,ディープインパクト,2002100816,シルクレーシング,ノーザンファーム,0.0,2007.0,2012.0,2002.0
2016104873,ガニメデス,牡,大久保龍,,トーセンホマレボシ,2009106092,ラトーナ,2010104360,Dansili,000a010a5f,シルクレーシング,ノーザンファーム,0.0,2009.0,2010.0,1996.0
2016104869,ケイニスメイジャー,牡,笹田和秀,,ノヴェリスト,000a012230,ライラプス,2002101006,フレンチデピュティ,000a00013a,吉田勝己,ノーザンファーム,0.0,2009.0,2002.0,1992.0
2016104862,グラッパディローザ,牝,村上実,,ワークフォース,000a011a7f,モスカートローザ,2008103387,ディープインパクト,2002100816,岩渕瑞生,ノーザンファーム,0.0,2007.0,2008.0,2002.0
2016104857,ミッキーセレンディ,牝,池江泰寿,,キングカメハメハ,2001103460,ミスセレンディピティ,000a013c82,Not For Sale,000a011fae,野田みづき,ノーザンファーム,0.0,2001.0,2008.0,1994.0
2016104850,マネーキャントバイミーラヴの2016,牝,,,ロードカナロア,2008103552,マネーキャントバイミーラヴ,000a011a65,Pivotal,000a002328,,ノーザンファーム,0.0,2008.0,2006.0,1993.0
2016104847,マチカネエンジイロの2016,牝,,,ルーラーシップ,2007103143,マチカネエンジイロ,2001107607,サンデーサイレンス,000a00033a,,ノーザンファーム,0.0,2007.0,2001.0,1986.0
2016104833,ラインハルト,牡,金成貴史,,ゴールドアリュール,1999106689,フラーテイシャスミス,000a011eaf,Mr. Greeley,000a00213e,レッドマジック,ノーザンファーム,0.0,1999.0,2004.0,1992.0
2016104826,ノーブルエンブレム,牡,手塚貴久,,ディープブリランテ,2009105084,ピースエンブレム,2006103166,ウォーエンブレム,000a00fa35,キャロットファーム,ノーザンファーム,0.0,2009.0,2006.0,1999.0
2016104825,ピラミマの2016,牡,,,オルフェーヴル,2008102636,ピラミマ,2005110048,Unbridled's Song,000a002071,,ノーザンファーム,0.0,2008.0,2005.0,1993.0
2016104824,サルパ,牡,高橋文雅,,スクリーンヒーロー,2004103328,ピクシーホロウ,2010106209,キングヘイロー,1995104427,吉田和美,ノーザンファーム,0.0,2004.0,2010.0,1995.0
2016104811,ナイキフェイバーの2016,牡,,,ジャスタウェイ,2009106461,ナイキフェイバー,2000110179,Favorite Trick,000a0022fb,,社台コーポレーション白老ファーム,0.0,2009.0,2000.0,1995.0
2016104800,プラムストーン,牝,久保田貴,,ヘニーヒューズ,000a011155,ディフィカルト,000a01125c,Concern,000a0021e1,シルクレーシング,ノーザンファーム,0.0,2003.0,1999.0,1991.0
2016104793,コルニッシュドール,牡,清水久詞,,クロフネ,1998110135,ダブルゴールド,2010104122,ゴールドアリュール,1999106689,キャロットファーム,ノーザンファーム,0.0,1998.0,2010.0,1999.0
2016104784,ビップセーラ,牝,松下武士,,ヴィクトワールピサ,2007102923,ストールンハート,000a0117bb,Stuka,000a01025b,鈴木邦英,ノーザンファーム,0.0,2007.0,2005.0,1990.0
2016104781,トリック,牡,斉藤崇史,,トーセンジョーダン,2006103169,スターシンフォニー,2010104094,アグネスタキオン,1998101516,石川達絵,ノーザンファーム,0.0,2006.0,2010.0,1998.0
2016104780,スピッツァー,牡,藤原英昭,,ディープインパクト,2002100816,スカイディーバ,000a0117d4,Sky Mesa,000a010a66,キャロットファーム,ノーザンファーム,0.0,2002.0,2006.0,2000.0
2016104774,シーディドアラバイの2016,牡,,,ダンカーク,000a012185,シーディドアラバイ,2004103071,ジャングルポケット,1998101786,,ノーザンファーム,0.0,2006.0,2004.0,1998.0
2016104766,シャンスイの2016,牝,,,スマートファルコン,2005100097,シャンスイ,2005102148,スウェプトオーヴァーボード,000a00fa34,,ノーザンファーム,0.0,2005.0,2005.0,1997.0
2016104764,トロル,牡,友道康夫,,オルフェーヴル,2008102636,シャムロッカー,000a01216b,O'Reilly,000a0104d5,金子真人ホールディングス,ノーザンファーム,0.0,2008.0,2007.0,1993.0
2016104757,アンフィデルマール,牝,奥村武,,エンパイアメーカー,000a010542,ゴレラ,000a01118e,Grape Tree Road,000a011133,サンデーレーシング,ノーザンファーム,0.0,2000.0,2002.0,1993.0
2016104744,ボニーゴールド,牝,高野友和,,ディープインパクト,2002100816,キューティゴールド,2004102762,フレンチデピュティ,000a00013a,シルクレーシング,社台コーポレーション白老ファーム,0.0,2002.0,2004.0,1992.0
2016104738,ベルヴィンカ,牝,岡田稲男,,ベルシャザール,2008103004,カラヴィンカ,2008110074,Bernardini,000a0111fe,シルクレーシング,ノーザンファーム,0.0,2008.0,2008.0,2003.0
2016104732,トーセンドロップ,牝,,,ジャスタウェイ,2009106461,エンプレスティアラ,2004102891,クロフネ,1998110135,,ノーザンファーム,0.0,2009.0,2004.0,1998.0
2016104727,ウインドスケール,牡,高橋文雅,,ダイワメジャー,2001103114,ヴァンフレーシュ,2010104207,サクラバクシンオー,1989108341,サンデーレーシング,ノーザンファーム,0.0,2001.0,2010.0,1989.0
2016104712,アブソルートリーの2016,牡,,,ダイワメジャー,2001103114,アブソルートリー,000a012168,Redoute's Choice,000a00fe93,キャロットファーム,ノーザンファーム,0.0,2001.0,2007.0,1996.0
2016104708,ラズライトノヴァ,牡,藤原英昭,,オルフェーヴル,2008102636,アナスタシアブルー,2009106379,ファルブラヴ,1998190004,サンデーレーシング,ノーザンファーム,0.0,2008.0,2009.0,1998.0
2016104703,アドマイヤテンバの2016,牡,,,キングカメハメハ,2001103460,アドマイヤテンバ,2007103116,クロフネ,1998110135,,ノーザンファーム,0.0,2001.0,2007.0,1998.0
2016104700,ラディアントパレス,牝,中内田充,,ハービンジャー,000a011996,アドマイヤセプター,2008103077,キングカメハメハ,2001103460,サンデーレーシング,ノーザンファーム,0.0,2006.0,2008.0,2001.0
2016104690,ヴァンデラー,牡,平田修,,ディープブリランテ,2009105084,ワンダーレディアンエル,000a011a42,Real Quiet,000a0022e0,サンデーレーシング,ノーザンファーム,0.0,2009.0,2003.0,1995.0
2016104689,グラスプレシャス,牝,松山将樹,,シンボリクリスエス,1999110099,ワンダースマイル,2011103766,ダイワメジャー,2001103114,半沢,ノーザンファーム,0.0,1999.0,2011.0,2001.0
2016104684,シエラブランカ,牡,,,タートルボウル,000a012045,ローザブランカ,2005102733,クロフネ,1998110135,,ノーザンファーム,0.0,2002.0,2005.0,1998.0
2016104675,レーヴドゥラメール,牝,松下武士,,ロードカナロア,2008103552,レーヴディソール,2008103374,アグネスタキオン,1998101516,サンデーレーシング,ノーザンファーム,0.0,2008.0,2008.0,1998.0
2016104653,トランスアクスル,牡,中川公成,,キンシャサノキセキ,2003110212,ラテアート,2008103359,サクラバクシンオー,1989108341,サンデーレーシング,ノーザンファーム,0.0,2003.0,2008.0,1989.0
2016104651,ビッグヴィンテージ,牡,斉藤崇史,,ダイワメジャー,2001103114,ラタフィア,1999110001,Cozzene,000a001bda,サンデーレーシング,ノーザンファーム,0.0,2001.0,1999.0,1980.0
2016104647,シャルマント,牝,鹿戸雄一,,エンパイアメーカー,000a010542,ライツェント,2007103233,スペシャルウィーク,1995103211,キャロットファーム,ノーザンファーム,0.0,2000.0,2007.0,1995.0
2016104621,ヒシエトワール,牝,木村哲也,,オルフェーヴル,2008102636,マイスウィートベイビー,000a011dd0,Minardi,000a011d54,阿部雅英,ノーザンファーム,0.0,2008.0,2006.0,1998.0
2016104616,ホーリーホライズン,牝,奥村武,,ヘニーヒューズ,000a011155,ホーリーブラウン,1998101720,フジキセキ,1992109618,吉田勝己,ノーザンファーム,0.0,2003.0,1998.0,1992.0
2016104601,トーセンアパッチ,牡,,,ヴィクトワールピサ,2007102923,ブライトメッセージ,2008103101,シンボリクリスエス,1999110099,,ノーザンファーム,0.0,2007.0,2008.0,1999.0
2016104599,マメールロア,牝,高柳瑞樹,,オルフェーヴル,2008102636,フレンチバレリーナ,2003102937,フレンチデピュティ,000a00013a,キャロットファーム,ノーザンファーム,0.0,2008.0,2003.0,1992.0
2016104595,レプトン,牝,古賀慎明,,ダノンシャンティ,2007105709,フェルミオン,2006103313,アグネスタキオン,1998101516,キャロットファーム,ノーザンファーム,0.0,2007.0,2006.0,1998.0
2016104592,フィールドレイ,牝,西園正都,,ロードカナロア,2008103552,フィールドメジャー,2010104091,ダイワメジャー,2001103114,地田勝三,ノーザンファーム,0.0,2008.0,2010.0,2001.0
2016104586,パピヨナージュ,牝,吉田直弘,,キングカメハメハ,2001103460,ピンクパピヨン,1998101836,サンデーサイレンス,000a00033a,シルクレーシング,ノーザンファーム,0.0,2001.0,1998.0,1986.0
2016104577,ラーレ,牝,林和弘,,ロードカナロア,2008103552,ヒストリックレディ,2010104245,ネオユニヴァース,2000101426,吉田和美,ノーザンファーム,0.0,2008.0,2010.0,2000.0
2016104575,パーフェクトマッチの2016,牡,,,トーセンジョーダン,2006103169,パーフェクトマッチ,2002100962,サンデーサイレンス,000a00033a,,ノーザンファーム,0.0,2006.0,2002.0,1986.0
2016104572,パストフォリアの2016,牡,,,ハービンジャー,000a011996,パストフォリア,2009106261,シンボリクリスエス,1999110099,,ノーザンファーム,0.0,2006.0,2009.0,1999.0
2016104571,バロネスサッチャーの2016,牡,,,ジャスタウェイ,2009106461,バロネスサッチャー,000a011a67,ヨハネスブルグ,000a0103b9,,ノーザンファーム,0.0,2009.0,2004.0,1999.0
2016104562,ハッピーテレサの2016,牡,,,ハービンジャー,000a011996,ハッピーテレサ,2011103752,フジキセキ,1992109618,,ノーザンファーム,0.0,2006.0,2011.0,1992.0
2016104558,ナスカの2016,牝,,,エイシンフラッシュ,2007102951,ナスカ,2003102802,サンデーサイレンス,000a00033a,,ノーザンファーム,0.0,2007.0,2003.0,1986.0
2016104550,デイトユアドリームの2016,牝,,,スマートファルコン,2005100097,デイトユアドリーム,2006103379,トワイニング,000a000006,,ノーザンファーム,0.0,2005.0,2006.0,1991.0
2016104545,テキサスルビーの2016,牡,,,タートルボウル,000a012045,テキサスルビー,2008103194,スペシャルウィーク,1995103211,,ノーザンファーム,0.0,2002.0,2008.0,1995.0
2016104534,ネブローザ,牝,斎藤誠,,ゴールドアリュール,1999106689,ターシャズスター,000a0121b2,Spanish Steps,000a0120bc,シルクレーシング,ノーザンファーム,0.0,1999.0,2006.0,2001.0
2016104502,ボンセグレート,牝,牧田和弥,,ゴールドアリュール,1999106689,シークレットルーム,2001103479,タイキシャトル,1994109686,サンデーレーシング,ノーザンファーム,0.0,1999.0,2001.0,1994.0
2016104497,リスト,牡,池江泰寿,,ディープインパクト,2002100816,シルヴァースカヤ,000a0117fe,Silver Hawk,000a0019b4,吉田勝己,ノーザンファーム,0.0,2002.0,2001.0,1979.0
2016104489,アトミックガイ,牡,伊藤和忍,,ワークフォース,000a011a7f,シシリアンブリーズ,2008103302,ゼンノロブロイ,2000101517,三岡陽,ノーザンファーム,0.0,2007.0,2008.0,2000.0
2016104488,シェアザストーリーの2016,牡,石坂正,,ゴールドアリュール,1999106689,シェアザストーリー,2002100903,コマンダーインチーフ,000a0000b0,シルクレーシング,ノーザンファーム,0.0,1999.0,2002.0,1990.0
2016104478,プテリュクス,牝,大竹正博,,スマートファルコン,2005100097,ゴールドティアラ,1996110142,Seeking the Gold,000a001bea,シルクレーシング,社台コーポレーション白老ファーム,0.0,2005.0,1996.0,1985.0
2016104466,グインネヴィアの2016,牡,,,ワークフォース,000a011a7f,グインネヴィア,2009106420,スペシャルウィーク,1995103211,,社台コーポレーション白老ファーム,0.0,2007.0,2009.0,1995.0
2016104459,クリムゾンスター,牝,手塚貴久,,ハーツクライ,2001103038,クリムゾンブーケ,2006103238,クロフネ,1998110135,Ｎ．ウェレット,ノーザンファーム,0.0,2001.0,2006.0,1998.0
2016104446,サトノルミナス,牝,国枝栄,,ディープインパクト,2002100816,カトマンドゥ,000a012105,Country Reel,000a012054,サトミホースカンパニー,ノーザンファーム,0.0,2002.0,2008.0,2000.0
2016104443,オルゲイユの2016,牝,,,クロフネ,1998110135,オルゲイユ,2010101618,ディープインパクト,2002100816,,ノーザンファーム,0.0,1998.0,2010.0,2002.0
2016104441,プーシー,牝,,,ゴールドアリュール,1999106689,エンシェントヒル,2001103297,エンドスウィープ,000a00010f,,ノーザンファーム,0.0,1999.0,2001.0,1991.0
2016104440,エレヴァージュ,牡,木村哲也,,エイシンフラッシュ,2007102951,エレガントマナー,2006103297,シンボリクリスエス,1999110099,サンデーレーシング,ノーザンファーム,0.0,2007.0,2006.0,1999.0
2016104432,エセンテペの2016,牝,,,オルフェーヴル,2008102636,エセンテペ,000a012fc2,Oratorio,000a010d4e,,ノーザンファーム,0.0,2008.0,2009.0,2002.0
2016104427,ヴェイルオブアヴァロンの2016,牡,角居勝彦,,ヴィクトワールピサ,2007102923,ヴェイルオブアヴァロン,000a010633,サンダーガルチ,000a00035c,東京ホースレーシング,ノーザンファーム,0.0,2007.0,1997.0,1992.0
2016104425,ウォーターヴィラ,牝,浜田多実,,クロフネ,1998110135,ヴィラ,2011103865,ディープインパクト,2002100816,窪田康志,ノーザンファーム,0.0,1998.0,2011.0,2002.0
2016104419,ウルトラブレンドの2016,牡,手塚貴久,,ロードカナロア,2008103552,ウルトラブレンド,000a011dfa,Richly Blended,000a011d94,シルクレーシング,ノーザンファーム,0.0,2008.0,2006.0,1998.0
2016104418,イヴォーク,牡,国枝栄,,オルフェーヴル,2008102636,ウェイクミーアップ,000a012fc0,ロックオブジブラルタル,000a00fd4c,サンデーレーシング,ノーザンファーム,0.0,2008.0,2007.0,1999.0
2016104417,ヴァノワーズ,牡,高橋義忠,,エイシンフラッシュ,2007102951,ウインフロレゾン,2009106312,フジキセキ,1992109618,シルクレーシング,社台コーポレーション白老ファーム,0.0,2007.0,2009.0,1992.0
2016104411,マンドゥーリア,牝,手塚貴久,,ハーツクライ,2001103038,アートプリンセス,000a011e14,Officer,000a0108d0,サンデーレーシング,ノーザンファーム,0.0,2001.0,2006.0,1999.0
2016104402,アニメイトバイオの2016,牝,,,キングズベスト,000a0022d2,アニメイトバイオ,2007103393,ゼンノロブロイ,2000101517,,ノーザンファーム,0.0,1997.0,2007.0,2000.0
2016104395,クラークスデール,牝,安田翔伍,,ヴィクトワールピサ,2007102923,アコースティクス,2001103378,Cape Cross,000a0022ae,吉田和美,ノーザンファーム,0.0,2007.0,2001.0,1994.0
2016104394,アヴェンチュラの2016,牡,,,ハービンジャー,000a011996,アヴェンチュラ,2008103078,ジャングルポケット,1998101786,キャロットファーム,ノーザンファーム,0.0,2006.0,2008.0,1998.0
2016104391,ユアーズトゥルーリ,牡,安田隆行,,ロードカナロア,2008103552,アイムユアーズ,2009106210,ファルブラヴ,1998190004,ユアストーリー,ノーザンファーム,0.0,2008.0,2009.0,1998.0
2016104384,モルビデッツァ,牝,古賀慎明,,ハービンジャー,000a011996,リトルアマポーラ,2005102180,アグネスタキオン,1998101516,サンデーレーシング,社台コーポレーション白老ファーム,0.0,2006.0,2005.0,1998.0
2016104371,ハートスナッチャー,セ,武藤敏明,,ダイワメジャー,2001103114,スナッチド,000a01147a,Cat Thief,000a00fcdf,酒井孝敏,社台コーポレーション白老ファーム,0.0,2001.0,2004.0,1996.0
2016104369,ストライキングアイの2016,牝,,,ジャスタウェイ,2009106461,ストライキングアイ,2011103596,Smart Strike,000a00211c,,社台コーポレーション白老ファーム,0.0,2009.0,2011.0,1992.0
2016104365,ギャラクシーハニー,牝,手塚貴久,,スクリーンヒーロー,2004103328,シルクユニバーサル,2001102213,ブライアンズタイム,000a000082,シルクレーシング,社台コーポレーション白老ファーム,0.0,2004.0,2001.0,1985.0
2016104360,イニティウム,牡,須貝尚介,,ハーツクライ,2001103038,ゴールデンドックエー,000a011a45,Unusual Heat,000a0118fe,社台レースホース,社台コーポレーション白老ファーム,0.0,2001.0,2005.0,1990.0
2016104358,スタックオンユー,牝,伊藤大士,,キングカメハメハ,2001103460,グレースランド,1998101676,トニービン,1983109006,キャロットファーム,社台コーポレーション白老ファーム,0.0,2001.0,1998.0,1983.0
2016104343,エールディヴァン,牡,堀宣行,,ディープインパクト,2002100816,ワイ,000a011de6,Galileo,000a00232b,Ｇ１レーシング,追分ファーム,0.0,2002.0,2008.0,1998.0
2016104329,シャルベーシャ,牡,中竹和也,,シンボリクリスエス,1999110099,ラバヤデール,2000101283,サンデーサイレンス,000a00033a,Ｇ１レーシング,追分ファーム,0.0,1999.0,2000.0,1986.0
2016104317,ベルロスセレソス,牝,国枝栄,,ディープインパクト,2002100816,ベルロワイヤル,000a012140,Val Royal,000a0120e9,吉田晴哉,追分ファーム,0.0,2002.0,2008.0,1996.0
2016104311,イベントホライズン,牡,勢司和浩,,ヴィクトワールピサ,2007102923,フェアリーライン,2009106587,ファスリエフ,000a00fc4c,社台レースホース,社台コーポレーション白老ファーム,0.0,2007.0,2009.0,1997.0
2016104307,グランドバレエ,牡,浅見秀一,,ノヴェリスト,000a012230,バレエブラン,2001103019,ダンスインザダーク,1993109188,吉田晴哉,追分ファーム,0.0,2009.0,2001.0,1993.0
2016104302,ヴィルデフラウ,牝,須貝尚介,,ジャスタウェイ,2009106461,ニンフII,000a01280e,Galileo,000a00232b,Ｇ１レーシング,追分ファーム,0.0,2009.0,2010.0,1998.0
2016104297,サイモンセレナーデ,牝,山口竜一,,クロフネ,1998110135,トゥザスターダム,2000101293,ダンスインザダーク,1993109188,吉田正志,追分ファーム,0.0,1998.0,2000.0,1993.0
2016104296,ビヨンドザウインド,牡,,,エイシンフラッシュ,2007102951,デコレイト,2009106600,スペシャルウィーク,1995103211,,社台コーポレーション白老ファーム,0.0,2007.0,2009.0,1995.0
2016104294,レヨン,牝,菊沢隆徳,,ルーラーシップ,2007103143,ディミータ,2007102689,ダンスインザダーク,1993109188,サンデーレーシング,追分ファーム,0.0,2007.0,2007.0,1993.0
2016104292,サトノアンバー,牡,玉垣光章,,オルフェーヴル,2008102636,テイクミーハイヤー,2000101296,トニービン,1983109006,里見治,追分ファーム,0.0,2008.0,2000.0,1983.0
2016104272,ダノンサザン,牡,松田国英,,ダノンシャンティ,2007105709,サザンフェアリー,2001110018,サザンヘイロー,000a00031e,ダノックス,追分ファーム,0.0,2007.0,2001.0,1983.0
2016104263,サイモンノツバサ,牡,梅田智之,,ノヴェリスト,000a012230,オーゾラヲマウトキ,2006102763,ゴールドアリュール,1999106689,澤田昭紀,追分ファーム,0.0,2009.0,2006.0,1999.0
2016104261,アクトオネストリー,牝,武井亮,,ジャスタウェイ,2009106461,オネストリーダーリン,000a010e86,Kingmambo,000a001d7e,サンデーレーシング,追分ファーム,0.0,2009.0,1998.0,1990.0
2016104256,ヴァルトブルク,牡,高橋康之,,ノヴェリスト,000a012230,ヴァルパライソ,2001103264,サンデーサイレンス,000a00033a,社台レースホース,社台コーポレーション白老ファーム,0.0,2009.0,2001.0,1986.0
2016104255,ヴァゼムの2016,牡,,,ハービンジャー,000a011996,ヴァゼム,2011103526,ゼンノロブロイ,2000101517,,追分ファーム,0.0,2006.0,2011.0,2000.0
2016104254,ウイングオブラックの2016,牝,,,ロードカナロア,2008103552,ウイングオブラック,1999106905,ブライアンズタイム,000a000082,,社台コーポレーション白老ファーム,0.0,2008.0,1999.0,1985.0
2016104250,エクスプレッション,牡,栗田徹,,エンパイアメーカー,000a010542,イングリッド,2008102578,ディープインパクト,2002100816,社台レースホース,追分ファーム,0.0,2000.0,2008.0,2002.0
2016104249,セレニテス,牡,高野友和,,ルーラーシップ,2007103143,インクレセント,2009106571,アグネスタキオン,1998101516,サンデーレーシング,追分ファーム,0.0,2007.0,2009.0,1998.0
2016104235,ヒラリークイン,牝,尾形和幸,,ブラックタイド,2001103312,メジロヒラリー,2001102940,エルコンドルパサー,1995108742,高橋文男,レイクヴィラファーム,0.0,2001.0,2001.0,1995.0
2016104228,ナオミマリア,牝,,,キングカメハメハ,2001103460,メジロオードリー,2007102589,スペシャルウィーク,1995103211,,レイクヴィラファーム,0.0,2001.0,2007.0,1995.0
2016104213,プリティーメアーの2016,牡,,,グランプリボス,2008103388,プリティーメアー,1999106665,ホリスキー,1979101459,,吉田牧場,0.0,2008.0,1999.0,1979.0
2016104203,フジノカチボシ,牡,渡部則夫,,トーセンホマレボシ,2009106092,チャームアップ,2006105986,シルバーチャーム,000a00227c,藤村栄子,ヤマイチ牧場,0.0,2009.0,2006.0,1994.0
2016104200,ジュンカツアキ,牡,畠山吉宏,,トーセンホマレボシ,2009106092,ケンコウランハート,2004104264,タニノギムレット,1999100226,河合純二,ヤマイチ牧場,0.0,2009.0,2004.0,1999.0
2016104191,メイショウブコウ,牡,藤沢則雄,,メイショウボーラー,2001100650,ペルサントクリール,2004110225,Point Given,000a00fdbd,松本好雄,橋本牧場,0.0,2001.0,2004.0,1998.0
2016104186,ミスティックスノーの2016,牡,,,スウェプトオーヴァーボード,000a00fa34,ミスティックスノー,2011100381,フジキセキ,1992109618,,真壁信一,0.0,1997.0,2011.0,1992.0
2016104183,マーストランド,牡,清水久詞,,ブラックタイド,2001103312,ダンゼロゴールド,2002110215,Danzero,000a010001,岡田甲子男,真壁信一,0.0,2001.0,2002.0,1991.0
2016104177,オスカーホール,牡,藤沢和雄,,アドマイヤムーン,2003102991,ヤンゲストリーター,2006102625,ゴールドアリュール,1999106689,桜井忠隆,藤澤昭勝,0.0,2003.0,2006.0,1999.0
2016104156,トーアアーチェロ,牝,勢司和浩,,トーセンホマレボシ,2009106092,メイプルキャンディ,2010110086,Candy Ride,000a01132a,高山ランド,トーア牧場,0.0,2009.0,2010.0,1999.0
2016104150,トーアディアナ,牝,羽月友彦,,ネオユニヴァース,2000101426,トーアアナスタシア,2010103562,ファルブラヴ,1998190004,高山ランド,トーア牧場,0.0,2000.0,2010.0,1998.0
2016104148,レフレスカンテ,牡,荒巻透,,タイキシャトル,1994109686,メサイア,2001102870,エンドスウィープ,000a00010f,高樽秀夫,高橋農場,0.0,1994.0,2001.0,1991.0
2016104142,バルバロン,牡,宗像義忠,,ケイムホーム,000a0108d1,コアレスフェロー,2008106330,ストラヴィンスキー,000a00fa41,ディアレストクラブ,高橋農場,0.0,1999.0,2008.0,1996.0
2016104135,クレスコビヨンド,牡,飯田雄三,,クレスコグランド,2008103013,クラクエンレディー,1997103261,トニービン,1983109006,堀川三郎,青藍牧場,0.0,2008.0,1997.0,1983.0
2016104134,プレセペの2016,牝,,,モンテロッソ,000a011b05,プレセペ,2011100172,ノボジャック,1997110152,,ストロベリーフィールドファーム,0.0,2007.0,2011.0,1997.0
2016104130,クレエスティル,牝,,,ホールウォーカー,2003105250,オレンジスカイ,2005101823,リキアイワカタカ,1994101235,,ストロベリーフィールドファーム,0.0,2003.0,2005.0,1994.0
2016104119,スピットファイヤー,牡,,,シンボリクリスエス,1999110099,サクセスビスケット,2002107292,サンデーサイレンス,000a00033a,,笹川大晃牧場,0.0,1999.0,2002.0,1986.0
2016104117,シーズゲイルの2016,牝,,,ベルシャザール,2008103004,シーズゲイル,2001107185,カコイーシーズ,1986109001,,佐久間孝司,0.0,2008.0,2001.0,1986.0
2016104116,トーコーローズ,牝,嶋田幸晴,,ローズキングダム,2007103404,シルクストレイン,2001102340,コマンダーインチーフ,000a0000b0,千田貞四郎,佐久間孝司,0.0,2007.0,2001.0,1990.0
2016104110,ベアラッキー,牝,杉浦宏昭,,グラスワンダー,1995108676,マイスイートベス,2006103880,Haafhd,000a010530,熊木浩,大川牧場,0.0,1995.0,2006.0,2001.0
2016104101,マイネルデセーオ,牡,武市康男,,ジャングルポケット,1998101786,ヒカルマイハート,2003107143,フジキセキ,1992109618,サラブレッドクラブ・ラフィアン,宇南山牧場,0.0,1998.0,2003.0,1992.0
2016104099,アンジュシェリー,牝,,,ヘニーヒューズ,000a011155,マクシマール,2003102660,アグネスタキオン,1998101516,,上水牧場,0.0,2003.0,2003.0,1998.0
2016104095,デレナティー,牝,,,スウェプトオーヴァーボード,000a00fa34,パフィオペディラム,2003103085,フサイチコンコルド,1993109220,,上水牧場,0.0,1997.0,2003.0,1993.0
2016104074,ゼットブライト,牡,,,ディープブリランテ,2009105084,グリーティングス,000a006746,Rainbow Quest,000a001b4d,,市川牧場,0.0,2009.0,1996.0,1981.0
2016104073,エンゼルカロの2016,牝,,,サムライハート,2002100996,エンゼルカロ,1997106400,スターオブコジーン,1988109108,,市川牧場,0.0,2002.0,1997.0,1988.0
2016104072,ベルモントリボンの2016,牡,,,シビルウォー,2005102317,ベルモントリボン,2004100815,カコイーシーズ,1986109001,,池本久志,0.0,2005.0,2004.0,1986.0
2016104062,コマノベニーニ,牝,田所秀孝,,ナカヤマフェスタ,2006102424,コマノマコ,2000102475,フォーティナイナー,000a000134,長谷川芳信,新井牧場,0.0,2006.0,2000.0,1985.0
2016104050,フレンドサムライ,牡,南田美知,,バゴ,2001190004,ホワイトポイント,2003101567,デザートキング,000a0000e7,横尾晴人,ＷｉｎｇＦａｒｍ,0.0,2001.0,2003.0,1994.0
2016104033,ブルベアカルネ,牡,湯窪幸雄,,キングズベスト,000a0022d2,シゲルデリシャス,2009103257,フジキセキ,1992109618,ブルアンドベア,大林ファーム,0.0,1997.0,2009.0,1992.0
2016104030,ワンダーモレック,牝,九日俊光,,ケープブランコ,000a011b06,ワンダーグラス,2003107294,グラスワンダー,1995108676,山本能成,フクダファーム,0.0,2007.0,2003.0,1995.0
2016104028,ムネ,牝,小国博行,,スウィフトカレント,2001103189,プリティコンシエロ,1999110013,Conquistador Cielo,000a0017cc,三田正眞,サンライズステイブル,0.0,2001.0,1999.0,1979.0
2016104021,タイキロンドの2016,牝,,,カジノドライヴ,2005110112,タイキロンド,2004106664,アドマイヤベガ,1996107396,,ハーモニーストックファーム,0.0,2005.0,2004.0,1996.0
2016104016,セルリアンラピス,牡,川添明弘,,エアジハード,1995107978,ブルーラピス,2004102607,ニューイングランド,1997105461,吉田勝利,高橋正三,0.0,1995.0,2004.0,1997.0
2016104006,ブライティアアバ,牝,鹿戸雄一,,ケープブランコ,000a011b06,ブライティアパルス,2005104040,ダイタクリーヴァ,1997105873,小林昌志,雅牧場,0.0,2007.0,2005.0,1997.0
2016103999,クラシックメジャー,牝,川田孝好,,ダイワメジャー,2001103114,クラシックルージュ,2008103253,キングカメハメハ,2001103460,松岡隆雄,雅牧場,0.0,2001.0,2008.0,2001.0
2016103996,レディスワン,牝,大宮和也,,ブラックタイド,2001103312,ヤマトナデシコII,000a00fe4b,Silver Hawk,000a0019b4,船越伸也,船越伸也,0.0,2001.0,1998.0,1979.0
2016103992,マブリ,牝,,,パイロ,000a01176a,シュシュファレル,2008106429,タップダンスシチー,1997110043,,船越伸也,0.0,2005.0,2008.0,1997.0
2016103979,リヴィアローズの2016,牡,矢作芳人,,ブラックタイド,2001103312,リヴィアローズ,2007110053,Galileo,000a00232b,東京ホースレーシング,坂東牧場,0.0,2001.0,2007.0,1998.0
2016103978,ロマンチョウサン,牝,松永康利,,オルフェーヴル,2008102636,ユメチョウサン,2012104225,チチカステナンゴ,000a011135,チョウサン,坂東牧場,0.0,2008.0,2012.0,1998.0
2016103975,リターンチョウサン,牝,和田雄二,,ストロングリターン,2006102934,プジュリ,2003104378,ダンスインザダーク,1993109188,チョウサン,坂東牧場,0.0,2006.0,2003.0,1993.0
2016103972,ピサノジュバンの2016,牝,,,デスペラード,2008100484,ピサノジュバン,2005104408,スペシャルウィーク,1995103211,,坂東牧場,0.0,2008.0,2005.0,1995.0
2016103968,サッカーチョウサン,牝,和田正一,,オルフェーヴル,2008102636,ナデシコチョウサン,2012102128,ディープインパクト,2002100816,チョウサン,坂東牧場,0.0,2008.0,2012.0,2002.0
2016103967,ビービーパトリック,牡,久保田貴,,アドマイヤムーン,2003102991,ダニカ,2011100614,Bernardini,000a0111fe,坂東牧場,坂東牧場,0.0,2003.0,2011.0,2003.0
2016103965,ミリタリーバンド,牡,,,ヴィクトワールピサ,2007102923,スイートリリック,2010105284,ダイワメジャー,2001103114,,坂東牧場,0.0,2007.0,2010.0,2001.0
2016103964,デイトナビーチ,牡,藤沢和雄,,カジノドライヴ,2005110112,ジェイドアイランド,000a0117c8,ジェイドハンター,000a0001a6,山本英俊,坂東牧場,0.0,2005.0,1999.0,1984.0
2016103960,ビップモーリー,牡,清水久詞,,ワークフォース,000a011a7f,ビップピュアレディ,2007103328,フジキセキ,1992109618,鈴木邦英,坂東牧場,0.0,2007.0,2007.0,1992.0
2016103954,ベストチョウサン,牝,和田雄二,,オルフェーヴル,2008102636,アリエッタ,2010105876,シンボリクリスエス,1999110099,チョウサン,坂東牧場,0.0,2008.0,2010.0,1999.0
2016103951,サンサリナス,牝,,,ストロングリターン,2006102934,フラワータッチ,2009102059,バブルガムフェロー,1993109219,,原田新治,0.0,2006.0,2009.0,1993.0
2016103949,サンディケーター,牡,上原博之,,シビルウォー,2005102317,ナイキアムール,2004104672,マヤノトップガン,1992102988,加藤ステーブル,原田新治,0.0,2005.0,2004.0,1992.0
2016103948,ゾフィーの2016,牡,,,カジノドライヴ,2005110112,ゾフィー,2001107307,スキャン,000a000d69,,原田新治,0.0,2005.0,2001.0,1988.0
2016103944,ウインプレイヤー,牡,宗像義忠,,サウスヴィグラス,1996110138,プレギエーラ,2002100481,サンデーサイレンス,000a00033a,ウイン,二風谷ファーム,0.0,1996.0,2002.0,1986.0
2016103918,ティヤム,牝,金成貴史,,サンカルロ,2006102822,アズサユミ,1995106674,サンデーサイレンス,000a00033a,藤沼利夫,スガタ牧場,0.0,2006.0,1995.0,1986.0
2016103917,ルージュの2016,牡,,,タイキシャトル,1994109686,ルージュ,2008106348,ステイゴールド,1994108729,,清水牧場,0.0,1994.0,2008.0,1994.0
2016103910,スズカミュージック,牝,藤沢則雄,,ゴールドアリュール,1999106689,スズカプラチナ,2005100326,フレンチデピュティ,000a00013a,永井啓弍,清水牧場,0.0,1999.0,2005.0,1992.0
2016103905,トレノヴション,牝,青木孝文,,ネヴァブション,2003107368,エスピヨン,1998101499,Unbridled's Song,000a002071,廣崎利洋ＨＤ,清水牧場,0.0,2003.0,1998.0,1993.0
2016103899,ホマレボシガール,牝,柳井宏之,,トーセンホマレボシ,2009106092,マックススカラ,2006110142,オペラハウス,000a000d77,佐藤浩二,協栄組合,0.0,2009.0,2006.0,1988.0
2016103897,イチザベガ,牝,平山宏秀,,ジャングルポケット,1998101786,ドナマッハ,2003102731,アドマイヤベガ,1996107396,奈良崎孝一郎,協栄組合,0.0,1998.0,2003.0,1996.0
2016103893,ランドマカロン,牝,,,エイシンフラッシュ,2007102951,ミスティーダンス,1997103379,サンデーサイレンス,000a00033a,,北島牧場,0.0,2007.0,1997.0,1986.0
2016103890,プチプリュネル,牝,九日俊光,,アッミラーレ,1997100569,ベルモンタージュ,2008106320,アフリート,000a000013,（同）ＪＰＮ技研,北島牧場,0.0,1997.0,2008.0,1984.0
2016103889,リトルキラー,牝,宮浦正行,,キンシャサノキセキ,2003110212,スイートクラフティ,1998110236,Crafty Prospector,000a00193b,ヒダカ・ブリーダーズ・ユニオン,北島牧場,0.0,2003.0,1998.0,1979.0
2016103876,ニホンピロディラン,牡,大橋勇樹,,ジャングルポケット,1998101786,ニホンピロコナユキ,2004104948,ニホンピロニール,1997105739,小林百太郎,稲原牧場,0.0,1998.0,2004.0,1997.0
2016103875,スズカマリーシップ,牝,伊藤圭三,,ルーラーシップ,2007103143,スズカローズマリー,2003104262,アフリート,000a000013,永井啓弍,稲原牧場,0.0,2007.0,2003.0,1984.0
2016103874,スリーケープワキア,牝,小島茂之,,ケープブランコ,000a011b06,スズカグレイス,2002107012,サンデーサイレンス,000a00033a,永井商事,稲原牧場,0.0,2007.0,2002.0,1986.0
2016103863,ボルドーラパン,牝,金田一昌,,ストラヴィンスキー,000a00fa41,リアクションレート,2007103156,スウェプトオーヴァーボード,000a00fa34,寳寄山拓樹,海馬沢明,0.0,1996.0,2007.0,1997.0
2016103862,チョコクランチの2016,牡,,,キモンノカシワ,2009104021,チョコクランチ,2005103730,スペシャルウィーク,1995103211,,海馬沢明,0.0,2009.0,2005.0,1995.0
2016103850,トーセンレジェンドの2016,牝,,,トーセンモナーク,2005102391,トーセンレジェンド,2003107141,エルコンドルパサー,1995108742,,エスティファーム,0.0,2005.0,2003.0,1995.0
2016103847,トーセントパーズ,牝,,,トーセンブライト,2001103660,トーセンメッツ,2010100241,ジャングルポケット,1998101786,,エスティファーム,0.0,2001.0,2010.0,1998.0
2016103837,トーセンビレッタの2016,牝,,,ヴィクトワールピサ,2007102923,トーセンビレッタ,2005100179,スウェプトオーヴァーボード,000a00fa34,,エスティファーム,0.0,2007.0,2005.0,1997.0
2016103835,トーセンモヒート,牡,,,ダイワメジャー,2001103114,トーセンバスケット,2005100117,ブライアンズタイム,000a000082,,エスティファーム,0.0,2001.0,2005.0,1985.0
2016103818,トーセンレッドアイ,牡,,,トーセンジョーダン,2006103169,セシルブルース,2003102896,エルコンドルパサー,1995108742,,エスティファーム,0.0,2006.0,2003.0,1995.0
2016103817,トーセンベリーニ,牡,武幸四郎,,キングカメハメハ,2001103460,スペシャライズ,2001103802,スペシャルウィーク,1995103211,島川隆哉,エスティファーム,0.0,2001.0,2001.0,1995.0
2016103810,トーセンダイキリ,牡,東美義,,トーセンホマレボシ,2009106092,エリモファイナル,2002103453,オペラハウス,000a000d77,東廣美,エスティファーム,0.0,2009.0,2002.0,1988.0
2016103806,アリコルージュ,牝,南田美知,,シビルウォー,2005102317,ロビンズネスト,1999107087,サンデーサイレンス,000a00033a,ミルファーム,若林順一,0.0,2005.0,1999.0,1986.0
2016103805,プリティキラメキ,牝,鷹見浩,,パドトロワ,2007102760,レオキラメキ,2007101153,アルカセット,2000190010,江里口弘一郎,若林順一,0.0,2007.0,2007.0,2000.0
2016103801,プリンセスシャイン,牝,林徹,,サンカルロ,2006102822,チュウワプリンセス,2008102659,スペシャルウィーク,1995103211,中西忍,若林順一,0.0,2006.0,2008.0,1995.0
2016103796,ジャンビーヤ,牡,萱野浩二,,スウェプトオーヴァーボード,000a00fa34,エイシンサイレンス,1996107465,サンデーサイレンス,000a00033a,ミルファーム,若林順一,0.0,1997.0,1996.0,1986.0
2016103794,ブルベアヴィオラ,牡,高橋康之,,ワイルドラッシュ,000a0003a1,ナニーズアリュール,2011103856,ゴールドアリュール,1999106689,ブルアンドベア,リコーファーム,0.0,1994.0,2011.0,1999.0
2016103785,クリノオンリーワン,牝,橋本忠明,,メイショウサムソン,2003102205,クリノビャクダン,2006105891,クロフネ,1998110135,栗本博晴,横井哲,0.0,2003.0,2006.0,1998.0
2016103782,リュウノガラージュ,牡,岡島玉一,,パイロ,000a01176a,ユニーク,2010100662,コマンズ,000a011625,蓑島竜一,山田政宏,0.0,2005.0,2010.0,1996.0
2016103781,キャラメルベルン,牡,,,モンテロッソ,000a011b05,チカリンダ,2008103344,スペシャルウィーク,1995103211,,山田政宏,0.0,2007.0,2008.0,1995.0
2016103775,ブラックアルテミス,牝,柴田政人,,アイルハヴアナザー,000a011ed3,エスシープリンセス,2011100283,ケイムホーム,000a0108d1,黒澤尚,山際辰夫,0.0,2009.0,2011.0,1999.0
2016103761,リブインスタイル,牝,高柳大輔,,バトルプラン,000a0118e8,タイキクララ,2004106659,デヒア,000a0000df,平田修,ヤナガワ牧場,0.0,2005.0,2004.0,1991.0
2016103760,ブランダード,牝,本間忍,,トーセンラー,2008102985,ステキナポケット,2009100599,ジャングルポケット,1998101786,簗詰貴彦,ヤナガワ牧場,0.0,2008.0,2009.0,1998.0
2016103748,エムティーリアン,牡,清水英克,,ストロングリターン,2006102934,ビービーバカラ,2008101390,ゼンノロブロイ,2000101517,門別牧場,門別牧場,0.0,2006.0,2008.0,2000.0
2016103737,トゥバンの2016,牝,,,セレスハント,2005101116,トゥバン,2007106188,アドマイヤドン,1999107052,,門別敏朗,0.0,2005.0,2007.0,1999.0
2016103736,スズカスクリーン,牡,藤沢則雄,,スクリーンヒーロー,2004103328,サバクノバラ,2002101016,フレンチデピュティ,000a00013a,永井啓弍,門別敏朗,0.0,2004.0,2002.0,1992.0
2016103727,ビップチャチャチャ,牝,清水久詞,,ディープブリランテ,2009105084,レイズユアグラス,1999102768,アジュディケーティング,000a000d5d,鈴木邦英,モリナガファーム,0.0,2009.0,1999.0,1987.0
2016103719,シゲルパパラチア,牡,田中剛,,エイシンフラッシュ,2007102951,クラシックローズ,2001103488,コマンダーインチーフ,000a0000b0,森中蕃,モリナガファーム,0.0,2007.0,2001.0,1990.0
2016103712,モズマッシマ,牝,,,グランプリボス,2008103388,ダイワフェリス,2009105847,タニノギムレット,1999100226,,目黒牧場,0.0,2008.0,2009.0,1999.0
2016103704,ウーレンボル,牝,高橋文雅,,スウェプトオーヴァーボード,000a00fa34,マイグリーン,1998103398,ダンシングブレーヴ,000a0000cc,西城公雄,メイプルファーム,0.0,1997.0,1998.0,1983.0
2016103697,アポロミュー,牝,鈴木伸尋,,ストロングリターン,2006102934,シルクブルームーン,2006106137,ブライアンズタイム,000a000082,アポロサラブレッドクラブ,メイプルファーム,0.0,2006.0,2006.0,1985.0
2016103695,キングスオウン,牡,浜田多実,,ヘニーヒューズ,000a011155,グレイスフルムーヴ,2005103831,アフリート,000a000013,伊東純一,メイプルファーム,0.0,2003.0,2005.0,1984.0
2016103691,クリノジョーカー,牡,坂口義幸,,ストロングリターン,2006102934,マキハタスリリング,2004106332,ステイゴールド,1994108729,結城喜一,三輪牧場,0.0,2006.0,2004.0,1994.0
2016103688,ミワノロマンスの2016,牡,,,シビルウォー,2005102317,ミワノロマンス,2010106323,サムライハート,2002100996,,三輪幸子,0.0,2005.0,2010.0,2002.0
2016103683,ファーマトパーズ,牝,角田輝也,,オウケンブルースリ,2005102548,ファーマクリーム,2008106177,スニッツェル,000a010eaa,中西功,増尾牧場,0.0,2005.0,2008.0,2002.0
2016103669,シーズンズオブラヴ,牝,手塚貴久,,オルフェーヴル,2008102636,ハイタッチクイーン,2007106112,キングヘイロー,1995104427,星野壽市,前野牧場,0.0,2008.0,2007.0,1995.0
2016103667,ダイユウアイーダ,牝,相沢郁,,キングヘイロー,1995104427,オペラレディ,2001102790,オペラハウス,000a000d77,大友靖岐,前野牧場,0.0,1995.0,2001.0,1988.0
2016103660,ヒアデス,牝,,,モンテロッソ,000a011b05,ノヴェンバースカイ,2011102248,ディープスカイ,2005101358,,前川義則,0.0,2007.0,2011.0,2005.0
2016103658,クレントヴァニエ,牝,加藤和宏,,ベーカバド,000a011dc0,アルテミスターキン,2001104683,ジョリーズヘイロー,000a0001aa,ミルファーム,前川義則,0.0,2007.0,2001.0,1987.0
2016103645,ティーズロータス,牝,嶋田幸晴,,アサクサキングス,2004103163,リブレット,2004105233,マリエンバード,000a00fa36,立山伸二,細川牧場,0.0,2004.0,2004.0,1997.0
2016103642,ウインドパルフェ,牝,野田幸雄,,アサクサキングス,2004103163,ジャングルヤマト,2009102736,ジャングルポケット,1998101786,福原正博,細川牧場,0.0,2004.0,2009.0,1998.0
2016103639,ワルプルギスナイト,牝,,,アイルハヴアナザー,000a011ed3,ユニバーサルビーチ,2011102215,ネオユニヴァース,2000101426,,豊洋牧場,0.0,2009.0,2011.0,2000.0
2016103633,バレエメカニック,牝,花本正三,,ゼンノロブロイ,2000101517,シュガーキャンディ,1997103652,トニービン,1983109006,稲川專造,豊洋牧場,0.0,2000.0,1997.0,1983.0
2016103632,シャンハイリリー,牝,小島茂之,,スクリーンヒーロー,2004103328,シャンハイハピネス,2003106739,シャンハイ,000a000d73,ヒダカ・ブリーダーズ・ユニオン,豊洋牧場,0.0,2004.0,2003.0,1989.0
2016103628,ジョグジャカルタ,牡,小島茂之,,ヨハネスブルグ,000a0103b9,レイナデアブリル,2009105752,フジキセキ,1992109618,丸山担,宝寄山忠則,0.0,1999.0,2009.0,1992.0
2016103621,ナムカーン,牝,村上正和,,キングズベスト,000a0022d2,ウィザウトアトレイス,000a0116d8,Darshaan,000a0019b1,大久保和夫,宝寄山忠則,0.0,1997.0,2002.0,1981.0
2016103616,コンサートタイム,牝,,,タイムパラドックス,1998101683,ブルーダイナ,2001106855,カコイーシーズ,1986109001,,船越牧場,0.0,1998.0,2001.0,1986.0
2016103610,Fujimoto Flyer,牝,,,アドマイヤムーン,2003102991,ピクチャープリンセス,000a0111f6,Sadler's Wells,000a00185d,,藤本ファーム,0.0,2003.0,1997.0,1981.0
2016103606,シンボリニックス,牡,,,ローズキングダム,2007103404,ゴールデンニックス,2005110230,Golden Missile,000a00ff28,,藤本ファーム,0.0,2007.0,2005.0,1995.0
2016103603,ロブローウイン,牝,,,ゼンノロブロイ,2000101517,エンドレスドリームII,000a010f03,エンドスウィープ,000a00010f,,藤本ファーム,0.0,2000.0,2002.0,1991.0
2016103602,ペイザナゲット,牝,,,ヴァーミリアン,2002100877,ヴァルネリーナ,000a010ebc,Caerleon,000a0016eb,,藤本ファーム,0.0,2002.0,1996.0,1980.0
2016103600,トモノヒロイン,牝,柴田政人,,ヘニーヒューズ,000a011155,ロゼトウショウ,1997102410,サクラバクシンオー,1989108341,密山根成,福満牧場,0.0,2003.0,1997.0,1989.0
2016103596,デルマオイセサン,牝,新山広道,,ハービンジャー,000a011996,プレサンティール,2005102255,アグネスタキオン,1998101516,（同）ＪＰＮ技研,ファニーヒルファーム,0.0,2006.0,2005.0,1998.0
2016103593,デルマノママナノダの2016,牝,,,ストロングリターン,2006102934,デルマノママナノダ,2011104292,ハイアーゲーム,2001103160,,ファニーヒルファーム,0.0,2006.0,2011.0,2001.0
2016103592,デルマコンコルド,牝,堀井雅広,,ミリオンディスク,2004103249,ティルトウイング,2008102775,シンボリクリスエス,1999110099,浅沼廣幸,ファニーヒルファーム,0.0,2004.0,2008.0,1999.0
2016103586,マリブビーチの2016,牡,,,タイキシャトル,1994109686,マリブビーチ,2008102996,マンハッタンカフェ,1998101554,,広中稔,0.0,1994.0,2008.0,1998.0
2016103568,キアロディルーナの2016,牡,,,アポロキングダム,2003110139,キアロディルーナ,2006110008,Malibu Moon,000a010c8e,,広富牧場,0.0,2003.0,2006.0,1997.0
2016103566,シングンハート,牝,伊坂重信,,シングンオペラ,1998105609,アルコシエロ,2009104066,ハーツクライ,2001103038,伊坂重憲,広富牧場,0.0,1998.0,2009.0,2001.0
2016103563,テイエムフレイバー,牡,石栗龍彦,,サムライハート,2002100996,ピンクシューズ,000a010e91,Sadler's Wells,000a00185d,竹園正繼,日高テイエム牧場,0.0,2002.0,2002.0,1981.0
2016103562,テイエムララッコ,牝,黒川智貴,,テイエムオペラオー,1996100292,テイエムララバイ,2008104088,ジャングルポケット,1998101786,竹園正繼,日高テイエム牧場,0.0,1996.0,2008.0,1998.0
2016103561,テイエムビートル,牡,石栗龍彦,,グラスワンダー,1995108676,テイエムヨカオゴ,2002109119,ヘネシー,000a000178,竹園正繼,日高テイエム牧場,0.0,1995.0,2002.0,1993.0
2016103560,テイエムハツユメ,牝,加藤和宏,,サムライハート,2002100996,テイエムユメノコ,2006106375,テイエムオペラオー,1996100292,竹園正繼,日高テイエム牧場,0.0,2002.0,2006.0,1996.0
2016103559,テイエムヤマビコ,牝,加藤和宏,,テイエムオペラオー,1996100292,テイエムヤマサクラ,2004101505,タイキシャトル,1994109686,竹園正繼,日高テイエム牧場,0.0,1996.0,2004.0,1994.0
2016103557,テイエムマバタキ,牝,石栗龍彦,,テイエムオペラオー,1996100292,テイエムフラッシュ,2001101740,タイキシャトル,1994109686,竹園正繼,日高テイエム牧場,0.0,1996.0,2001.0,1994.0
2016103556,テイエムラビット,牡,加藤和宏,,ヤマニンセラフィム,1999104188,テイエムビックイ,2004109150,テイエムオペラオー,1996100292,竹園正繼,日高テイエム牧場,0.0,1999.0,2004.0,1996.0
2016103554,テイエムジャジャコ,牝,平山宏秀,,テイエムオペラオー,1996100292,テイエムジャバラ,2011105312,ネオユニヴァース,2000101426,竹園正繼,日高テイエム牧場,0.0,1996.0,2011.0,2000.0
2016103553,テイエムアラタカ,牡,石栗龍彦,,テイエムオペラオー,1996100292,テイエムコウノトリ,2009100079,デュランダル,1999106756,竹園正繼,日高テイエム牧場,0.0,1996.0,2009.0,1999.0
2016103552,テイエムライデン,牡,,,テイエムオペラオー,1996100292,テイエムクレナイ,2005101541,ティンバーカントリー,000a00035e,,日高テイエム牧場,0.0,1996.0,2005.0,1992.0
2016103551,テイエムウインド,牡,五十嵐忠,,サムライハート,2002100996,テイエムクリスタル,2003102951,サクラバクシンオー,1989108341,竹園正繼,日高テイエム牧場,0.0,2002.0,2003.0,1989.0
2016103549,テイエムハートコ,牝,黒川智貴,,サムライハート,2002100996,テイエムアツヒメ,2006109290,テイエムオペラオー,1996100292,竹園正繼,日高テイエム牧場,0.0,2002.0,2006.0,1996.0
2016103540,ダンスカンパニー,牝,,,キングカメハメハ,2001103460,ホクセツダンス,2008105996,アグネスデジタル,1997110025,,日高大洋牧場,0.0,2001.0,2008.0,1997.0
2016103538,ディーズハイエンド,牝,岡田稲男,,ダイワメジャー,2001103114,バイユーストーム,000a010eae,Storm Cat,000a001a98,秋谷壽之,日高大洋牧場,0.0,2001.0,1998.0,1983.0
2016103536,スウィートアンドセイヴォリーの2016,牡,,,ハーツクライ,2001103038,スウィートアンドセイヴォリー,000a012512,Storm Cat,000a001a98,,日高大洋牧場,0.0,2001.0,2008.0,1983.0
2016103533,フルーメン,牡,須貝尚介,,ブラックタイド,2001103312,クイーンカアフマヌ,2004102744,キングズベスト,000a0022d2,金子真人ホールディングス,日高大洋牧場,0.0,2001.0,2004.0,1997.0
2016103532,インユアアームスの2016,牝,,,キンシャサノキセキ,2003110212,インユアアームス,2005102647,ファルブラヴ,1998190004,,日高大洋牧場,0.0,2003.0,2005.0,1998.0
2016103529,エミークイーン,牝,尾形和幸,,キングズベスト,000a0022d2,アズマサンダース,2001106765,サンデーサイレンス,000a00033a,小関昭次,日高大洋牧場,0.0,1997.0,2001.0,1986.0
2016103521,ノアウイニングの2016,牝,,,ナカヤマフェスタ,2006102424,ノアウイニング,2006100598,クリプティックラスカル,000a000da1,,春木ファーム,0.0,2006.0,2006.0,1995.0
2016103520,サンシャインバレイの2016,牝,,,アグネスデジタル,1997110025,サンシャインバレイ,1995103400,サンデーサイレンス,000a00033a,,春木ファーム,0.0,1997.0,1995.0,1986.0
2016103506,ヴァニラ,牝,大竹正博,,シンボリクリスエス,1999110099,レフア,2010101093,キングカメハメハ,2001103460,桑畑隆信,浜本牧場,0.0,1999.0,2010.0,2001.0
2016103504,グローリースター,牝,高橋義博,,トーセンホマレボシ,2009106092,ユキノレッシャ,2009106561,フジキセキ,1992109618,高橋信博,浜本牧場,0.0,2009.0,2009.0,1992.0
2016103500,ジョイアキュート,牡,高橋文雅,,ディープブリランテ,2009105084,テンシノダンス,2000106533,ダンスインザダーク,1993109188,西村亮二,浜本牧場,0.0,2009.0,2000.0,1993.0
2016103497,カノヤトップレディの2016,牝,,,ゴールドアリュール,1999106689,カノヤトップレディ,2005103537,キングヘイロー,1995104427,,浜本牧場,0.0,1999.0,2005.0,1995.0
2016103494,エアルーヴルの2016,牡,,,ディープブリランテ,2009105084,エアルーヴル,2011110072,Fusaichi Pegasus,000a0022cf,,浜本牧場,0.0,2009.0,2011.0,1997.0
2016103489,トーセンブロンクス,牡,柴田政人,,ケープブランコ,000a011b06,メルセダリオ,2007103129,タニノギムレット,1999100226,島川隆哉,長谷川牧場,0.0,2007.0,2007.0,1999.0
2016103488,クルシュー,牝,牧田和弥,,ドリームジャーニー,2004102753,ミラクルキャンデー,2008104393,ブライアンズタイム,000a000082,畑佐博,長谷川牧場,0.0,2004.0,2008.0,1985.0
2016103486,デアリングバードの2016,牝,,,サウスヴィグラス,1996110138,デアリングバード,2011104319,キングカメハメハ,2001103460,,長谷川牧場,0.0,1996.0,2011.0,2001.0
2016103484,ピーエムルパン,牡,和田正一,,エイシンフラッシュ,2007102951,スペシャルリボン,2003102550,スペシャルウィーク,1995103211,松山毅,長谷川牧場,0.0,2007.0,2003.0,1995.0
2016103483,サイドバイサイドの2016,牝,,,アドマイヤムーン,2003102991,サイドバイサイド,1999107054,バブルガムフェロー,1993109219,,長谷川牧場,0.0,2003.0,1999.0,1993.0
2016103478,クランドゥイユ,牝,田島俊明,,アイルハヴアナザー,000a011ed3,ディアアレトゥーサ,2007102346,トーセンダンス,2002100594,ディアレストクラブ,野島牧場,0.0,2009.0,2007.0,2002.0
2016103472,チキータメロン,牝,佐久間雅,,アサクサキングス,2004103163,スタイルオブメロン,2001106912,メジロマックイーン,1987107235,松永要一,ノースガーデン,0.0,2004.0,2001.0,1987.0
2016103457,ミニッツスター,牝,庄子昭彦,,アッミラーレ,1997100569,キシュウレジアス,2006105998,シルバーチャーム,000a00227c,佐藤良男,日西牧場,0.0,1997.0,2006.0,1994.0
2016103441,セイウンカイザー,牡,奥平雅士,,リーチザクラウン,2006102923,ニシノステディー,2008102454,グランデラ,000a00fe3b,西山茂行,村上欽哉,0.0,2006.0,2008.0,1998.0
2016103437,セイウンヒマワリの2016,牝,,,リーチザクラウン,2006102923,セイウンヒマワリ,2010105018,ステイゴールド,1994108729,,日進牧場,0.0,2006.0,2010.0,1994.0
2016103435,ニシノペンダント,牝,小沢宏次,,ベーカバド,000a011dc0,ショウナンアネーロ,2004102908,ダンスインザダーク,1993109188,西山茂行,本桐牧場,0.0,2007.0,2004.0,1993.0
2016103428,シーキングブレーヴの2016,牡,,,ブラックタキシード,1996107315,シーキングブレーヴ,2009106681,シーキングザダイヤ,2001110220,,西野春樹,0.0,1996.0,2009.0,2001.0
2016103419,シラハエ,牝,的場均,,ゼンノロブロイ,2000101517,ガイヤクイン,2009102813,ファスリエフ,000a00fc4c,小田吉男,中前牧場,0.0,2000.0,2009.0,1997.0
2016103412,ラクテウスオルビスの2016,牝,,,スマートファルコン,2005100097,ラクテウスオルビス,2010100810,ホワイトマズル,1990109700,,ナカノファーム,0.0,2005.0,2010.0,1990.0
2016103406,ナムラメロン,牝,石栗龍彦,,ベルシャザール,2008103004,ナムラココロ,2012103362,サウスヴィグラス,1996110138,奈村睦弘,ナカノファーム,0.0,2008.0,2012.0,1996.0
2016103389,アワジ,牡,森田直行,,ゴールドヘイロー,1997101264,プラントオジジアン,1999103771,オジジアン,000a00025e,金山政信,道見牧場,0.0,1997.0,1999.0,1983.0
2016103379,チリカラチリトト,牝,高橋義博,,ドリームジャーニー,2004102753,ティファイファイ,2006105744,スターリングローズ,1997106560,橘倍男,戸川牧場,0.0,2004.0,2006.0,1997.0
2016103374,マテラカミング,牡,浜田多実,,ルーラーシップ,2007103143,セカンドノホシ,2001106467,シンボリルドルフ,1981107017,大野照旺,出口牧場,0.0,2007.0,2001.0,1981.0
2016103368,オニカゲ,牡,田中清隆,,トランセンド,2006104736,タイキエルドール,2002105507,バブルガムフェロー,1993109219,石田英雄,坪田信作,0.0,2006.0,2002.0,1993.0
2016103366,マンテンリーダー,牝,,,タニノギムレット,1999100226,ロビングショット,2008105804,ゼンノロブロイ,2000101517,,千葉飯田牧場,0.0,1999.0,2008.0,2000.0
2016103356,ジェムディーラー,牝,石橋守,,キングズベスト,000a0022d2,ルビーズアンドダイアモンズ,000a01141f,シングスピール,1992190005,ゴドルフィン,ダーレー・ジャパン・ファーム,0.0,1997.0,2004.0,1992.0
2016103355,ルナーアピール,牝,高橋義忠,,アドマイヤムーン,2003102991,ルアーズ,000a01295a,Flying Spur,000a00220d,ゴドルフィン,ダーレー・ジャパン・ファーム,0.0,2003.0,2009.0,1992.0
2016103352,ラヴィングプライドの2016,牡,,,パイロ,000a01176a,ラヴィングプライド,000a0116f3,Quiet American,000a001ea2,,ダーレー・ジャパン・ファーム,0.0,2005.0,2000.0,1986.0
2016103349,ペイトリアーキー,牝,高柳瑞樹,,パイロ,000a01176a,メイトリアーキー,000a0127fb,Doyen,000a010533,ゴドルフィン,ダーレー・ジャパン・ファーム,0.0,2005.0,2010.0,2000.0
2016103344,アウレット,牝,高橋祥泰,,タニノギムレット,1999100226,フレンチアウル,000a0116dd,Reset,000a011657,ゴドルフィン,ダーレー・ジャパン・ファーム,0.0,1999.0,2006.0,2000.0
2016103340,マイナーズドリーム,牝,,,ゴールドアリュール,1999106689,ファーザ,000a00685a,Mr. Prospector,000a001607,,ダーレー・ジャパン・ファーム,0.0,1999.0,1995.0,1970.0
2016103339,レットハーゴー,牝,池上昌和,,ネオユニヴァース,2000101426,ファダラン,000a0116f5,Cherokee Run,000a00214a,ゴドルフィン,ダーレー・ジャパン・ファーム,0.0,2000.0,2005.0,1990.0
2016103337,エグジラレーション,牝,加藤征弘,,ディープインパクト,2002100816,ヒントオブスプリング,000a0116cd,Seeking the Gold,000a001bea,ゴドルフィン,ダーレー・ジャパン・ファーム,0.0,2002.0,2004.0,1985.0
2016103336,アースリーチャンス,牝,田中博康,,ネオユニヴァース,2000101426,パーフェクトチャンス,000a0114ad,Unbridled's Song,000a002071,ゴドルフィン,ダーレー・ジャパン・ファーム,0.0,2000.0,2005.0,1993.0
2016103332,レースメーカー,牝,,,ダイワメジャー,2001103114,ニードルクラフト,000a011cf7,Mark of Esteem,000a002097,,ダーレー・ジャパン・ファーム,0.0,2001.0,2002.0,1993.0
2016103329,ルパンスール,牝,伊藤圭三,,アドマイヤムーン,2003102991,ディスメイ,000a0127f4,Dubawi,000a0115e2,ゴドルフィン,ダーレー・ジャパン・ファーム,0.0,2003.0,2008.0,2002.0
2016103320,スノーリンクスの2016,牡,,,ヴィクトワールピサ,2007102923,スノーリンクス,000a011233,Lemon Drop Kid,000a0022d0,,ダーレー・ジャパン・ファーム,0.0,2007.0,2002.0,1996.0
2016103318,ステージスクールの2016,牡,,,ルーラーシップ,2007103143,ステージスクール,000a0111fd,サンデーサイレンス,000a00033a,,ダーレー・ジャパン・ファーム,0.0,2007.0,2002.0,1986.0
2016103315,タイコ,牝,黒岩陽一,,ヴィクトワールピサ,2007102923,シンバルII,000a011a52,シングスピール,1992190005,ゴドルフィン,ダーレー・ジャパン・ファーム,0.0,2007.0,2005.0,1992.0
2016103308,フィーユドー,牝,中竹和也,,オルフェーヴル,2008102636,ゴールデンリーヴス,000a0127f8,Tiznow,000a00fa4b,ゴドルフィン,ダーレー・ジャパン・ファーム,0.0,2008.0,2010.0,1997.0
2016103305,コズミックレイズ,牝,黒岩陽一,,モンテロッソ,000a011b05,コズミックフレイム,000a0127f3,Doyen,000a010533,ゴドルフィン,ダーレー・ジャパン・ファーム,0.0,2007.0,2010.0,2000.0
2016103304,ブルーロゼット,牝,,,キングズベスト,000a0022d2,コスモポリタン,000a0116db,Cadeaux Genereux,000a001e13,,ダーレー・ジャパン・ファーム,0.0,1997.0,2005.0,1985.0
2016103301,スパニッシュレディ,牝,昆貢,,ハーツクライ,2001103038,オーシャンウェイ,000a0123e0,Street Cry,000a0103ba,ゴドルフィン,ダーレー・ジャパン・ファーム,0.0,2001.0,2008.0,1998.0
2016103288,カフェソサエティ,牝,新子雅司,,マンハッタンカフェ,1998101554,アクアリスト,000a0116c3,コロナドズクエスト,000a0000b5,ゴドルフィン,ダーレー・ジャパン・ファーム,0.0,1998.0,2003.0,1995.0
2016103287,サンマルウインド,牡,佐藤吉勝,,トビーズコーナー,000a011fed,サンマルバンベール,2007102191,マンハッタンカフェ,1998101554,相馬勇,田端牧場,0.0,2008.0,2007.0,1998.0
2016103285,ミエノオルフェ,牝,宗像義忠,,オルフェーヴル,2008102636,クァンタムミス,000a01293e,Smoke Glacken,000a00222c,里見美惠子,田端牧場,0.0,2008.0,2008.0,1994.0
2016103276,ストリートキャットの2016,牡,,,ベルシャザール,2008103004,ストリートキャット,2012101500,アドマイヤムーン,2003102991,,タバタファーム,0.0,2008.0,2012.0,2003.0
2016103265,トーホウルス,牝,,,ディープインパクト,2002100816,トーホウガイア,2001110162,Unbridled's Song,000a002071,,竹島幸治,0.0,2002.0,2001.0,1993.0
2016103264,トウカイチョウサン,牝,蛯名利弘,,シンボリクリスエス,1999110099,トウカイユニバース,2007104672,ダンスインザダーク,1993109188,チョウサン,竹島幸治,0.0,1999.0,2007.0,1993.0
2016103259,ネイルセンプーの2016,牡,,,タイムパラドックス,1998101683,ネイルセンプー,2007105659,キングヘイロー,1995104427,,滝本健二,0.0,1998.0,2007.0,1995.0
2016103254,オールマイト,牡,服部利之,,シンボリクリスエス,1999110099,ファーマレッド,2007105655,ネオユニヴァース,2000101426,中西功,高山牧場,0.0,1999.0,2007.0,2000.0
2016103253,デク,牡,,,ストロングリターン,2006102934,ファーマペニー,2008105712,ジャングルポケット,1998101786,,高山牧場,0.0,2006.0,2008.0,1998.0
2016103249,ブレードフォルテ,牝,小崎憲,,グランプリボス,2008103388,カナンダクイーン,000a011bb6,Straight Strike,000a001b65,一村哲也,高山牧場,0.0,2008.0,2000.0,1977.0
2016103245,シングンエトワール,牝,三坂盛雄,,シングンオペラ,1998105609,カスミダンサー,2005104849,スウェプトオーヴァーボード,000a00fa34,伊坂重憲,高山博,0.0,1998.0,2005.0,1997.0
2016103244,メイショウオハラメ,牝,小牧毅,,スクリーンヒーロー,2004103328,メイショウシオギリ,2004105766,メイショウドトウ,1996110113,松本好雄,高柳隆男,0.0,2004.0,2004.0,1996.0
2016103241,キイロイサクランボ,牝,,,エスポワールシチー,2005102837,ジーズドリームス,2011102533,キングカメハメハ,2001103460,,高藤茂,0.0,2005.0,2011.0,2001.0
2016103237,アンブラッスマン,牡,小桧山悟,,アサクサキングス,2004103163,メロディペリオット,1998106862,リアルシャダイ,000a0002a6,柴原榮,瀬戸牧場,0.0,2004.0,1998.0,1979.0
2016103231,タマモコサージュ,牝,水野貴広,,ナカヤマフェスタ,2006102424,チャームペンダント,2006104670,ボストンハーバー,000a00007c,タマモ,スマイルファーム,0.0,2006.0,2006.0,1994.0
2016103230,タマモリボン,牝,池添学,,ドリームジャーニー,2004102753,タマモピアス,2007104679,キングカメハメハ,2001103460,タマモ,スマイルファーム,0.0,2004.0,2007.0,2001.0
2016103220,シゲルスギライト,牝,高橋裕,,フレンチデピュティ,000a00013a,ヒシトパーズ,2010105394,フサイチコンコルド,1993109220,森中蕃,スウィングフィールド牧場,0.0,1992.0,2010.0,1993.0
2016103210,ショーペイシャンス,牡,桜田浩樹,,エイシンフラッシュ,2007102951,レディパレード,2007103590,マンハッタンカフェ,1998101554,吉冨学,シンボリ牧場,0.0,2007.0,2007.0,1998.0
2016103207,ペニーブラックの2016,牡,,,クロフネ,1998110135,ペニーブラック,2008103182,Redoute's Choice,000a00fe93,,シンボリ牧場,0.0,1998.0,2008.0,1996.0
2016103203,ホワイトショーコ,牝,本間忍,,オルフェーヴル,2008102636,スポークンファー,000a011998,Notebook,000a010651,臼井義太郎,シンボリ牧場,0.0,2008.0,2000.0,1985.0
2016103201,ガバナンスコード,牡,昆貢,,キングカメハメハ,2001103460,スイートマトルーフ,2006109266,スペシャルウィーク,1995103211,寺田千代乃,シンボリ牧場,0.0,2001.0,2006.0,1995.0
2016103198,チャームアゲン,牝,中野栄治,,カネヒキリ,2002100978,スイートピグレット,2004109404,ブライアンズタイム,000a000082,浅川皓司,シンボリ牧場,0.0,2002.0,2004.0,1985.0
2016103196,マジパン,牝,宗綱泰彦,,アドマイヤマックス,1999107004,スイートスリリング,1997110173,サンダーガルチ,000a00035c,（同）ＪＰＮ技研,シンボリ牧場,0.0,1999.0,1997.0,1992.0
2016103194,リュウノバラード,牡,齊藤敏,,ゴールドアリュール,1999106689,スイレン,2007110083,Roman Ruler,000a011480,蓑島竜一,シンボリ牧場,0.0,1999.0,2007.0,2002.0
2016103187,ネイチャーリスト,牝,根本康広,,ノヴェリスト,000a012230,エリモアクアポリス,2006100030,ダンスインザダーク,1993109188,井上修一,シンボリ牧場,0.0,2009.0,2006.0,1993.0
2016103186,グローリアスグロウ,牝,新井清重,,ルースリンド,2001106791,ユアカラー,2003110043,ジェイドロバリー,000a0001a7,日下部勝徳,新生ファーム,0.0,2001.0,2003.0,1987.0
2016103183,ミスクニコ,牝,佐久間雅,,ルースリンド,2001106791,ミスプロ,2007104969,アフリート,000a000013,（有）新生ファーム,新生ファーム,0.0,2001.0,2007.0,1984.0
2016103176,スパイシーキティの2016,牝,,,スターリングローズ,1997106560,スパイシーキティ,2003103049,タバスコキャット,000a000348,,新生ファーム,0.0,1997.0,2003.0,1991.0
2016103165,チェゲバラード,牡,,,ダノンバラード,2008103548,リュミエールゲラン,2008105651,ロックオブジブラルタル,000a00fd4c,,白井牧場,0.0,2008.0,2008.0,1999.0
2016103164,レブヒート,牡,,,キングカメハメハ,2001103460,リトルダーリン,2008101078,ディープインパクト,2002100816,,白井牧場,0.0,2001.0,2008.0,2002.0
2016103161,ミッキーアイドル,牝,,,ダノンバラード,2008103548,ミッキーオリーブ,2007103134,クロフネ,1998110135,,白井牧場,0.0,2008.0,2007.0,1998.0
2016103158,ピースアンドカーム,牝,中内田充,,キングカメハメハ,2001103460,ブルーロータス,2011104372,ディープインパクト,2002100816,金子真人ホールディングス,白井牧場,0.0,2001.0,2011.0,2002.0
2016103157,エニフ,牝,作田誠二,,ケープブランコ,000a011b06,ブルームインハート,2006103643,トウカイテイオー,1988101025,馬場祥晃,白井牧場,0.0,2007.0,2006.0,1988.0
2016103156,フュラー,牝,高本友芳,,ノヴェリスト,000a012230,フローレンスガール,2003110054,El Corredor,000a010238,宮田美恵子,白井牧場,0.0,2009.0,2003.0,1997.0
2016103152,ディーズハイブラウ,牝,藤原辰雄,,ケープブランコ,000a011b06,ナリタシリカ,2006105565,コマンダーインチーフ,000a0000b0,秋谷壽之,白井牧場,0.0,2007.0,2006.0,1990.0
2016103139,シュヴェールト,セ,森田直行,,エンパイアメーカー,000a010542,ビバグリーン,2003102300,フジキセキ,1992109618,ライオンレースホース,ＳｈａｌｌＦａｒｍ,0.0,2000.0,2003.0,1992.0
2016103135,ダイヤモンドクリス,牝,中舘英二,,シンボリクリスエス,1999110099,ダイヤモンドアスク,2008100905,ジャングルポケット,1998101786,廣崎利洋ＨＤ,ＳｈａｌｌＦａｒｍ,0.0,1999.0,2008.0,1998.0
2016103132,ワイドヴィント,牡,藤岡健一,,ハービンジャー,000a011996,ワイドロータス,2006105530,ダンスインザダーク,1993109188,幅田昌伸,下河辺牧場,0.0,2006.0,2006.0,1993.0
2016103131,キャノピーウォーク,牝,大竹正博,,ロードカナロア,2008103552,ロンドンブリッジ,1995102745,ドクターデヴィアス,1989109102,窪田芳郎,下河辺牧場,0.0,2008.0,1995.0,1989.0
2016103121,サンライズショット,牡,,,クロフネ,1998110135,ラグジャリークラス,000a0114e3,Gone West,000a001be1,,下河辺牧場,0.0,1998.0,2004.0,1984.0
2016103118,ミレニアムソングの2016,牝,,,オルフェーヴル,2008102636,ミレニアムソング,2011100345,Giant's Causeway,000a0022e1,,下河辺牧場,0.0,2008.0,2011.0,1997.0
2016103116,ストロープワッフル,牝,山田和久,,グラスワンダー,1995108676,マドリガルスコア,2007105555,ダンスインザダーク,1993109188,（有）下河辺牧場,下河辺牧場,0.0,1995.0,2007.0,1993.0
2016103113,マジカルデイ,牝,,,ゴールドアリュール,1999106689,マジカルシェイプ,2006105536,ストリートクライ,000a0103ba,,下河辺牧場,0.0,1999.0,2006.0,1998.0
2016103106,オルクドール,牝,武幸四郎,,シンボリクリスエス,1999110099,ブレンダ,2006110015,ロックオブジブラルタル,000a00fd4c,山本英俊,下河辺牧場,0.0,1999.0,2006.0,1999.0
2016103081,ターキーの2016,牡,,,アドマイヤムーン,2003102991,ターキー,2003106086,Sinndar,000a002329,,下河辺牧場,0.0,2003.0,2003.0,1997.0
2016103077,Throttleの2016,牡,,,カネヒキリ,2002100978,Throttle,000a00fc99,A.P. Indy,000a001d37,,下河辺牧場,0.0,2002.0,1996.0,1989.0
2016103070,ダノンエッジ,牡,尾関知人,,Tiznow,000a00fa4b,シークレットアセット,000a012f0f,Awesome Again,000a0021cb,ダノックス,下河辺牧場,0.0,1997.0,2008.0,1994.0
2016103061,サンクスノートの2016,牡,,,ロードカナロア,2008103552,サンクスノート,2005103146,サクラバクシンオー,1989108341,,下河辺牧場,0.0,2008.0,2005.0,1989.0
2016103059,サトノエレーナ,牝,高橋康之,,ノヴェリスト,000a012230,サトノエカテリーナ,2011100389,ディープインパクト,2002100816,サトミホースカンパニー,下河辺牧場,0.0,2009.0,2011.0,2002.0
2016103057,ゴールドオアシスの2016,牡,,,ゴールドアリュール,1999106689,ゴールドオアシス,2003105839,アフリート,000a000013,,下河辺牧場,0.0,1999.0,2003.0,1984.0
2016103055,ゴッドトール,牡,木村哲也,,ブラックタイド,2001103312,ゴッドフェニックス,2006105549,ブライアンズタイム,000a000082,ＤＭＭドリームクラブ,下河辺牧場,0.0,2001.0,2006.0,1985.0
2016103052,クリアーパスの2016,牝,,,ディープブリランテ,2009105084,クリアーパス,000a010575,A.P. Indy,000a001d37,,下河辺牧場,0.0,2009.0,1998.0,1989.0
2016103044,インネートグレイスの2016,牡,,,Awesome Again,000a0021cb,インネートグレイス,000a012f0d,Pulpit,000a002133,,下河辺牧場,0.0,1994.0,2011.0,1994.0
2016103043,コニカルビーカー,牝,宮本博,,バトルプラン,000a0118e8,アンプルカット,1997106316,ナリタハヤブサ,1987101199,下河辺牧場,下河辺牧場,0.0,2005.0,1997.0,1987.0
2016103040,アストランティア,牝,,,キングカメハメハ,2001103460,アユサン,2010100487,ディープインパクト,2002100816,,下河辺牧場,0.0,2001.0,2010.0,2002.0
2016103036,ダーリンボウイ,牡,佐藤吉勝,,ジャスタウェイ,2009106461,ドライブマイカー,2010100447,タニノギムレット,1999100226,薪浦亨,下川茂広,0.0,2009.0,2010.0,1999.0
2016103032,プレイアディ,牡,田中剛,,スマートファルコン,2005100097,キャラット,2002102343,フレンチデピュティ,000a00013a,加藤誠,渋谷健作,0.0,2005.0,2002.0,1992.0
2016103031,ノボガンコ,牝,天間昭一,,ノボトゥルー,1996110169,ノボレインボー,2006105613,ノボジャック,1997110152,ＬＳ．Ｍ,サンバマウンテンファーム,0.0,1996.0,2006.0,1997.0
2016103021,シゲルクロシンジュ,牡,九日俊光,,キングズベスト,000a0022d2,ジョウノカーラ,2009102417,Dylan Thomas,000a011072,森中蕃,三城ボクジョウ,0.0,1997.0,2009.0,2003.0
2016103010,インクリメンタル,牡,南田美知,,フィガロ,1995108837,シュベリーン,2006105434,マンハッタンカフェ,1998101554,伊達敏明,サンシャイン牧場,0.0,1995.0,2006.0,1998.0
2016103005,オリークックの2016,牡,,,サクラオリオン,2002104686,オリークック,2008105509,フィガロ,1995108837,,サンシャイン牧場,0.0,2002.0,2008.0,1995.0
2016103002,レトルダムール,牡,佐藤吉勝,,ヒルノダムール,2007100727,ハセノマジョラム,1995102681,ヘクタープロテクター,000a000d6b,スピードファーム,佐々木牧場,0.0,2007.0,1995.0,1988.0
2016102999,アイベックス,牝,田島俊明,,バトルプラン,000a0118e8,ゴールドバニヤン,2002106090,アフリート,000a000013,石瀬浩三,佐々木康治,0.0,2005.0,2002.0,1984.0
2016102990,ヒメイモン,牝,,,トーセンホマレボシ,2009106092,エンディアメント,2005102086,フレンチデピュティ,000a00013a,,坂牧場,0.0,2009.0,2005.0,1992.0
2016102981,サンゲインズビル,牡,福田真広,,タイムパラドックス,1998101683,ラウンドガール,2011104960,サウスヴィグラス,1996110138,加藤信之,ケイズ,0.0,1998.0,2011.0,1996.0
2016102976,ネビュラの2016,牝,,,タニノギムレット,1999100226,ネビュラ,2011100555,ネオユニヴァース,2000101426,,ケイズ,0.0,1999.0,2011.0,2000.0
2016102968,ハタノリュクス,牝,田中博康,,ロードカナロア,2008103552,ハタノエンジェル,2011100224,ブライアンズタイム,000a000082,グッドラック・ファーム,グッドラック・ファーム,0.0,2008.0,2011.0,1985.0
2016102962,グロリアスメモリーの2016,牡,,,シビルウォー,2005102317,グロリアスメモリー,2005100620,アドマイヤベガ,1996107396,,クリアファーム,0.0,2005.0,2005.0,1996.0
2016102957,メイプルビスケットの2016,牝,,,オンファイア,2003102809,メイプルビスケット,2003107256,マイニング,000a000221,,クラウンホースメイト,0.0,2003.0,2003.0,1984.0
2016102952,クラウンキング,牡,天間昭一,,キングズベスト,000a0022d2,ブロッサムレーン,000a0127f2,New Approach,000a011656,クラウン,クラウン日高牧場,0.0,1997.0,2011.0,2005.0
2016102948,クラウントゥモロー,牡,,,ゼンノロブロイ,2000101517,クラウンモンロー,2009102667,ザール,000a010990,,クラウン日高牧場,0.0,2000.0,2009.0,1995.0
2016102946,プリンシプルマリー,牝,,,ジャングルポケット,1998101786,クラウンマリリン,2011106126,ディープスカイ,2005101358,,クラウン日高牧場,0.0,1998.0,2011.0,2005.0
2016102943,マリノマレーラ,牝,和田雄二,,フレンチデピュティ,000a00013a,クラウンバール,2009100701,マンハッタンカフェ,1998101554,クラウン,クラウン日高牧場,0.0,1992.0,2009.0,1998.0
2016102940,ラッポルティ,牝,栗田徹,,ジャングルポケット,1998101786,クラウンザショパン,2009106747,ゴールドアリュール,1999106689,徳増栄治,クラウン日高牧場,0.0,1998.0,2009.0,1999.0
2016102939,クラウンレッド,セ,松永康利,,キャプテントゥーレ,2005102216,クラウンエリザベス,2009100223,トウカイテイオー,1988101025,クラウン,クラウン日高牧場,0.0,2005.0,2009.0,1988.0
2016102930,ウォーターベルバラ,牝,田所秀孝,,スクリーンヒーロー,2004103328,バラベルサイユ,2007105390,アグネスデジタル,1997110025,山岡正人,木村牧場,0.0,2004.0,2007.0,1997.0
2016102927,バジェネロアスール,牡,武藤善則,,ブラックタイド,2001103312,ナイスゴールド,2009102332,サウスヴィグラス,1996110138,アスール,木村牧場,0.0,2001.0,2009.0,1996.0
2016102916,レオンショウヘイ,牡,,,ヘニーヒューズ,000a011155,キタノオーロラ,2005104757,グランデラ,000a00fe3b,,木村牧場,0.0,2003.0,2005.0,1998.0
2016102915,サユリ,牝,柏原誠路,,アポロキングダム,2003110139,リーサムフリーク,2004103245,ホワイトマズル,1990109700,諸岡慶,北田剛,0.0,2003.0,2004.0,1990.0
2016102914,フクウマの2016,牝,,,メジロダイボサツ,2008102525,フクウマ,2009103754,クロフネ,1998110135,,北田剛,0.0,2008.0,2009.0,1998.0
2016102911,ゴーブラック,牡,,,トーセンジョーダン,2006103169,チアフルデイズ,2007103209,デュランダル,1999106756,,北田剛,0.0,2006.0,2007.0,1999.0
2016102910,ダンシングタムタム,牡,荒川義之,,ブラックタイド,2001103312,ダイイチボタン,2000107632,ティンバーカントリー,000a00035e,ＨｉｍＲｏｃｋＲａｃｉｎｇホールディングス,北田剛,0.0,2001.0,2000.0,1992.0
2016102902,ファーマルビー,牝,,,ローレルゲレイロ,2004100933,ミスチバスペニー,2003106681,テイエムオペラオー,1996100292,,木部ファーム,0.0,2004.0,2003.0,1996.0
2016102900,アルキオネ,牡,新子雅司,,ヴァーミリアン,2002100877,スズカダーリン,2006101128,タイキシャトル,1994109686,木部嚴生,木部ファーム,0.0,2002.0,2006.0,1994.0
2016102881,スラスラスイスイ,牝,加藤和宏,,パイロ,000a01176a,ドラールフォンテン,1999100838,キンググローリアス,000a000d48,グランデオーナーズ,賀張三浦牧場,0.0,2005.0,1999.0,1986.0
2016102877,フジブルードラゴン,牡,,,サウスヴィグラス,1996110138,リトルジュリエット,2006103085,ワイルドラッシュ,000a0003a1,,賀張中川牧場,0.0,1996.0,2006.0,1994.0
2016102870,グランデラクール,牡,浜田多実,,アッミラーレ,1997100569,ハリケンアスリート,2006105291,フサイチコンコルド,1993109220,飯田訓大,加藤牧場,0.0,1997.0,2006.0,1993.0
2016102866,ハーゲンフレイヤ,牝,千葉博次,,オルフェーヴル,2008102636,ミスティックソウル,000a01293d,Bahri,000a001fd8,谷謙介,オリオンファーム,0.0,2008.0,2004.0,1992.0
2016102865,ルナティアーラ,牝,戸田博文,,ディープインパクト,2002100816,マネーペニー,000a0117a7,Monarchos,000a010b7e,ＤＭＭドリームクラブ,オリオンファーム,0.0,2002.0,2003.0,1998.0
2016102864,マイティーダンサーの2016,牡,,,キンシャサノキセキ,2003110212,マイティーダンサー,000a010e87,Alzao,000a001cb4,,オリオンファーム,0.0,2003.0,2000.0,1980.0
2016102861,Pisca Pisca,牝,,,ブラックタイド,2001103312,クルザダアメリカーナ,000a0117cc,Nedawi,000a0116fe,,オリオンファーム,0.0,2001.0,2004.0,1995.0
2016102857,ショーギーニ,牡,土井道隆,,ストロングリターン,2006102934,ウイニフレッド,2009102287,スペシャルウィーク,1995103211,吉冨学,オリオンファーム,0.0,2006.0,2009.0,1995.0
2016102851,ドッグウッド,牡,川村禎彦,,スマートファルコン,2005100097,メイフラワー,2010100285,オペラハウス,000a000d77,今村明浩,沖田牧場,0.0,2005.0,2010.0,1988.0
2016102850,ブライズメイトの2016,牡,,,メイショウサムソン,2003102205,ブライズメイト,2005102907,エイシンサンディ,1993103280,,沖田牧場,0.0,2003.0,2005.0,1993.0
2016102846,エクレレ,牡,,,ベルシャザール,2008103004,カミヒコーキ,2005102910,マイネルラヴ,1995108558,,沖田牧場,0.0,2008.0,2005.0,1995.0
2016102837,リネンエイコウ,牝,加藤和宏,,アンライバルド,2006103308,アスカ,2004105367,アフリート,000a000013,戸山光男,沖田牧場,0.0,2006.0,2004.0,1984.0
2016102835,ゼロドライブ,牡,服部利之,,オウケンブルースリ,2005102548,ホットスマイル,2006103096,マンハッタンカフェ,1998101554,中西功,大矢牧場,0.0,2005.0,2006.0,1998.0
2016102832,シャインコメット,牝,打越勇児,,タニノギムレット,1999100226,シャインセレブ,2007102941,クロフネ,1998110135,皆川博文,大江牧場,0.0,1999.0,2007.0,1998.0
2016102831,シャインエフォートの2016,牝,,,サウスヴィグラス,1996110138,シャインエフォート,2006105244,バブルガムフェロー,1993109219,,大江牧場,0.0,1996.0,2006.0,1993.0
2016102830,オイデ,牡,武英智,,エイシンフラッシュ,2007102951,カネスヴィバーチェ,2006105247,ネオユニヴァース,2000101426,杉澤光雄,大江牧場,0.0,2007.0,2006.0,2000.0
2016102824,ディープエターナル,牡,国沢利照,,ヴィクトワールピサ,2007102923,グラニースミス,2008102627,ディープインパクト,2002100816,鍋倉昌志,浦新徳司,0.0,2007.0,2008.0,2002.0
2016102822,ホシノテンビーの2016,牝,,,ブラックタキシード,1996107315,ホシノテンビー,1998100727,テンビー,000a000354,,上田昭治,0.0,1996.0,1998.0,1990.0
2016102821,バンジョーピジョンの2016,牝,,,トランセンド,2006104736,バンジョーピジョン,2005101795,フジキセキ,1992109618,,上田昭治,0.0,2006.0,2005.0,1992.0
2016102816,アイファーサリーレ,牝,服部利之,,ティンバーカントリー,000a00035e,アイファーシンシア,2008101615,ジャングルポケット,1998101786,中島稔,ＷｉｎｇＦａｒｍ,0.0,1992.0,2008.0,1998.0
2016102806,インマイレーベン,牝,佐藤吉勝,,ジャスタウェイ,2009106461,クロスシーカー,2009102635,Cape Cross,000a0022ae,薪浦亨,いとう牧場,0.0,2009.0,2009.0,1994.0
2016102796,ネイトフォンテン,牝,戸田博文,,グラスワンダー,1995108676,ハニーフォンテン,2011101246,ステイゴールド,1994108729,吉橋興生,新井弘幸,0.0,1995.0,2011.0,1994.0
2016102795,ルーナフォンテン,牝,石毛善彦,,パドトロワ,2007102760,イーグルマドンナ,1997101539,クリスタルグリッターズ,000a0000c0,吉橋興生,新井弘幸,0.0,2007.0,1997.0,1980.0
2016102779,ピアレスロード,牡,,,ロードカナロア,2008103552,エーソングフォー,2005110174,More Than Ready,000a00fcdd,,天羽禮治,0.0,2008.0,2005.0,1997.0
2016102774,ペガサスキング,牡,,,ジャスタウェイ,2009106461,マリンフェスタ,2003105699,サクラバクシンオー,1989108341,,天羽牧場,0.0,2009.0,2003.0,1989.0
2016102770,プルクワパ,牝,牧光二,,ルーラーシップ,2007103143,マシュール,000a010a97,Giant's Causeway,000a0022e1,田所英子,天羽牧場,0.0,2007.0,2003.0,1997.0
2016102759,モンテゴーラ,牡,酒井一則,,モンテロッソ,000a011b05,プリンセスゴーラン,2002109286,オペラハウス,000a000d77,小嶋安夫,旭牧場,0.0,2007.0,2002.0,1988.0
2016102755,ネイチャーワンダー,牡,根本康広,,グラスワンダー,1995108676,アペイロン,2001106206,エルコンドルパサー,1995108742,井上修一,旭牧場,0.0,1995.0,2001.0,1995.0
2016102748,グレイスサンセットの2016,牝,,,ナカヤマフェスタ,2006102424,グレイスサンセット,2005102870,ジャングルポケット,1998101786,,アイズスタッド,0.0,2006.0,2005.0,1998.0
2016102747,ゴットムスタング,牡,木原一良,,ジャスタウェイ,2009106461,カスタラナ,000a0117c9,Key of Luck,000a00fd46,後藤進,アイズスタッド,0.0,2009.0,2006.0,1991.0
2016102744,ディアモデスト,牡,新開幸一,,シビルウォー,2005102317,ラロキューン,2009101644,ファスリエフ,000a00fc4c,ディアレスト,ディアレストクラブ,0.0,2005.0,2009.0,1997.0
2016102743,ラブロジックの2016,牡,,,ドリームジャーニー,2004102753,ラブロジック,2008105006,ブライアンズタイム,000a000082,,ディアレストクラブ,0.0,2004.0,2008.0,1985.0
2016102741,アルバルダー,牡,松山将樹,,トーセンジョーダン,2006103169,パトリオット,2009105239,デュランダル,1999106756,ディアレストクラブ,ディアレストクラブ,0.0,2006.0,2009.0,1999.0
2016102725,キュルミナンの2016,牡,,,ドリームジャーニー,2004102753,キュルミナン,2007106421,シンボリクリスエス,1999110099,,ディアレストクラブ,0.0,2004.0,2007.0,1999.0
2016102716,エルカズネ,牝,本間忍,,アイルハヴアナザー,000a011ed3,ミュージカルパレス,2005102409,アグネスタキオン,1998101516,ミルファーム,ミルファーム,0.0,2009.0,2005.0,1998.0
2016102714,ザキントス,牝,伊藤大士,,プリサイスエンド,000a00fe9b,ブリッサ,2009104935,ブラックホーク,1994109361,ミルファーム,ミルファーム,0.0,1997.0,2009.0,1994.0
2016102712,シットリ,牝,伊藤伸一,,パイロ,000a01176a,ヒアルロンサン,2010102059,トワイニング,000a000006,ミルファーム,ミルファーム,0.0,2005.0,2010.0,1991.0
2016102708,アーガイル,牡,伊藤正徳,,アイルハヴアナザー,000a011ed3,デスティニーラブ,2011103244,アグネスデジタル,1997110025,清水敏,ミルファーム,0.0,2009.0,2011.0,1997.0
2016102704,ツェービガニリニ,セ,岩戸孝樹,,モンテロッソ,000a011b05,コスモメルベーユ,2003110226,ファスリエフ,000a00fc4c,ミルファーム,ミルファーム,0.0,2007.0,2003.0,1997.0
2016102699,ヴァップの2016,牝,,,プリサイスエンド,000a00fe9b,ヴァップ,2009100845,ストーミングホーム,1998190003,,ミルファーム,0.0,1997.0,2009.0,1998.0
2016102693,サクセスセレーネの2016,牝,,,ロードカナロア,2008103552,サクセスセレーネ,2009101381,ディープインパクト,2002100816,,吉田ファーム,0.0,2008.0,2009.0,2002.0
2016102690,アースビルボード,牡,小笠倫弘,,オルフェーヴル,2008102636,アースリヴィング,2006110122,Yonaguska,000a010be8,グリーンファーム,吉田ファーム,0.0,2008.0,2006.0,1998.0
2016102685,ニシノブーケトスの2016,牡,,,ベーカバド,000a011dc0,ニシノブーケトス,2007102509,スペシャルウィーク,1995103211,,山田牧場,0.0,2007.0,2007.0,1995.0
2016102680,ミヤジマッドレーの2016,牝,,,ロードカナロア,2008103552,ミヤジマッドレー,2005103316,アグネスタキオン,1998101516,,村中牧場,0.0,2008.0,2005.0,1998.0
2016102677,スリーサンコーズ,牡,田中剛,,スズカコーズウェイ,2004104345,スリーサンハーツ,2009100354,ハーツクライ,2001103038,永井商事,村中牧場,0.0,2004.0,2009.0,2001.0
2016102673,キンシャチゴールド,牝,青木孝文,,サウスヴィグラス,1996110138,キーポケット,2004103821,デヒア,000a0000df,野崎宗信,村下農場,0.0,1996.0,2004.0,1991.0
2016102669,パールノノハナ,牝,迫田清美,,プリサイスエンド,000a00fe9b,パールロマンス,2008102273,タップダンスシチー,1997110043,坂野理三郎,村下清志,0.0,1997.0,2008.0,1997.0
2016102665,メイショウチャリス,牝,西橋豊治,,メイショウサムソン,2003102205,ハギノフォルテ,2008104868,シングスピール,1992190005,松本好雄,村下明博,0.0,2003.0,2008.0,1992.0
2016102657,サンバンゴー,牝,,,シンボリクリスエス,1999110099,サニーエスペランサ,2009101319,ディクタット,1995190007,,丸村村下ファーム,0.0,1999.0,2009.0,1995.0
2016102655,アシャカアレッタ,牡,桜田浩樹,,ダンカーク,000a012185,クリールソレイユ,2009105741,フレンチデピュティ,000a00013a,吉冨学,丸村村下ファーム,0.0,2006.0,2009.0,1992.0
2016102649,シノニム,牝,荒川義之,,フレンチデピュティ,000a00013a,ハルカナルタビジ,1998102271,サクラユタカオー,1982101222,中辻明,藤春修二,0.0,1992.0,1998.0,1982.0
2016102638,ウォーターオリジン,牡,河内洋,,ダイワメジャー,2001103114,ウォーターパイパー,2004103777,Tale of the Cat,000a002276,山岡正人,伏木田牧場,0.0,2001.0,2004.0,1994.0
2016102637,ウォーターバベル,牡,岡田稲男,,ハービンジャー,000a011996,ウォーターエナン,1999110291,ボストンハーバー,000a00007c,山岡正人,伏木田牧場,0.0,2006.0,1999.0,1994.0
2016102635,フヨウの2016,牝,,,エンパイアメーカー,000a010542,フヨウ,2005101671,フジキセキ,1992109618,,フクオカファーム,0.0,2000.0,2005.0,1992.0
2016102627,ヤマニンヒラソル,牝,西橋豊治,,ロージズインメイ,000a010a10,ヤマニンエリプス,1996105717,サンデーサイレンス,000a00033a,土井肇,廣田光夫,0.0,2000.0,1996.0,1986.0
2016102619,ソフィア,牝,高橋康之,,トーセンホマレボシ,2009106092,ハートオブキナコ,2010109132,チチカステナンゴ,000a011135,大森悌次,ヒダカファーム,0.0,2009.0,2010.0,1998.0
2016102612,ダイゴリュウ,牡,堀井雅広,,エイシンフラッシュ,2007102951,グッドルッキング,2006102776,クロフネ,1998110135,長谷川光司,ヒダカファーム,0.0,2007.0,2006.0,1998.0
2016102598,ブルベアリーノ,牡,九日俊光,,タイキシャトル,1994109686,チリビリビン,2001105503,ブロッコ,000a000083,森中蕃,バンブー牧場,0.0,1994.0,2001.0,1991.0
2016102597,ナリタブルグ,牡,中尾秀正,,ヨハネスブルグ,000a0103b9,チョウカイクリス,2003105070,サクラバクシンオー,1989108341,オースミ,バンブー牧場,0.0,1999.0,2003.0,1989.0
2016102596,シヤボナの2016,牝,,,ダイワメジャー,2001103114,シヤボナ,000a01152e,Kingmambo,000a001d7e,,バンブー牧場,0.0,2001.0,2005.0,1990.0
2016102593,オサマジョールの2016,牝,,,カジノドライヴ,2005110112,オサマジョール,2009101270,アフリート,000a000013,,バンブー牧場,0.0,2005.0,2009.0,1984.0
2016102587,ヨドノグローリ,牡,北出成人,,スマートファルコン,2005100097,ヨドノスマイル,2009101352,タイキシャトル,1994109686,海原聖一,林農場,0.0,2005.0,2009.0,1994.0
2016102584,サフランビーナス,牝,植松則幸,,タイムパラドックス,1998101683,サフランパートナー,2010100058,アドマイヤボス,1997103699,（株）ファーストビジ,林農場,0.0,1998.0,2010.0,1997.0
2016102566,ヒシアリエルの2016,牡,,,ロードアルティマ,2000110026,ヒシアリエル,2008102170,マンハッタンカフェ,1998101554,,中村雅明,0.0,2000.0,2008.0,1998.0
2016102557,リネンビスケット,牝,加藤和宏,,キングズベスト,000a0022d2,ロイヤルガラ,000a010ced,Dubai Millennium,000a0022d1,戸山光男,中神牧場,0.0,1997.0,2002.0,1996.0
2016102555,ロジェール,牝,和田雄二,,ローズキングダム,2007103404,フェリサティー,2003104691,タバスコキャット,000a000348,栗坂崇,中神牧場,0.0,2007.0,2003.0,1991.0
2016102553,ダンツベスト,牡,本田優,,キングズベスト,000a0022d2,シャーペンセンス,2004103088,フレンチデピュティ,000a00013a,山元哲二,中神牧場,0.0,1997.0,2004.0,1992.0
2016102539,カイキョウヒメ,牝,,,サンカルロ,2006102822,セザンヌ,2007102165,ミラクルアドマイヤ,1995107939,,センチュリースタッドファーム,0.0,2006.0,2007.0,1995.0
2016102537,ロイヤルカクテル,牝,,,カンパニー,2001103435,カクテルウィッシュ,2004103664,マンハッタンカフェ,1998101554,,センチュリースタッドファーム,0.0,2001.0,2004.0,1998.0
2016102536,エレンの2016,牝,,,オンファイア,2003102809,エレン,2004103665,ハンセル,000a000169,,センチュリースタッドファーム,0.0,2003.0,2004.0,1988.0
2016102535,パープルソニック,牡,作田誠二,,キャプテントゥーレ,2005102216,ウェイオブウィン,2003104010,ウェイオブライト,000a000d9b,中野銀十,センチュリースタッドファーム,0.0,2005.0,2003.0,1996.0
2016102522,ノーブルオリオン,セ,菊川正達,,プリサイスエンド,000a00fe9b,テンザンオペラ,1998103605,オペラハウス,000a000d77,吉木伸彦,高松牧場,0.0,1997.0,1998.0,1988.0
2016102516,マミーフィンガー,牝,水野貴広,,ルーラーシップ,2007103143,スターリットラヴ,2006103381,スペシャルウィーク,1995103211,野村茂雄,高岸順一,0.0,2007.0,2006.0,1995.0
2016102512,ドラマチックナイト,牝,杉浦宏昭,,タイキシャトル,1994109686,エンピリカル,000a0066f3,Miswaki,000a0017b0,堀口晴男,高岸順一,0.0,1994.0,1995.0,1978.0
2016102510,ヒロコプリンセス,牝,柴田政人,,バトルプラン,000a0118e8,レディービスティー,2005102619,フジキセキ,1992109618,国田正忠,大北牧場,0.0,2005.0,2005.0,1992.0
2016102505,トーセンバッカス,牡,田中博康,,トーセンジョーダン,2006103169,フェリスホイール,2006103062,ダンスインザダーク,1993109188,島川隆哉,大北牧場,0.0,2006.0,2006.0,1993.0
2016102491,フレンドダイヤ,牝,南田美知,,ディープブリランテ,2009105084,オールモストフォーエヴァー,000a010630,キングオブキングス,000a0001b8,横尾晴人,猿橋義昭,0.0,2009.0,2001.0,1995.0
2016102488,バーニングロード,牡,松田国英,,エイシンフラッシュ,2007102951,プリティホワイト,2009104650,クロフネ,1998110135,長谷川光司,鮫川ファーム,0.0,2007.0,2009.0,1998.0
2016102486,ハイナイスレディ,牝,寺島良,,エーシンフォワード,2005110172,ティアラプリンセス,2003100927,ラムタラ,000a0001d4,服部新平,鮫川ファーム,0.0,2005.0,2003.0,1992.0
2016102485,アドマイヤベリーの2016,牡,,,ルーラーシップ,2007103143,アドマイヤベリー,2000101644,ダンスインザダーク,1993109188,,鮫川ファーム,0.0,2007.0,2000.0,1993.0
2016102481,マッジョーレの2016,牡,,,トゥザグローリー,2007103265,マッジョーレ,2003103926,キンググローリアス,000a000d48,,鮫川啓一,0.0,2007.0,2003.0,1986.0
2016102473,テンホー,牡,渋谷信博,,プリサイスエンド,000a00fe9b,キクノフェアリー,2004103568,アグネスタキオン,1998101516,安田智彦,鮫川啓一,0.0,1997.0,2004.0,1998.0
2016102467,ステンカラージン,牡,新開幸一,,ナカヤマフェスタ,2006102424,アランフェスロマン,2006100238,イーグルカフェ,1997110118,大森悌次,鮫川啓一,0.0,2006.0,2006.0,1997.0
2016102464,パープルルンルン,牡,田所秀孝,,プリサイスエンド,000a00fe9b,ジョーパルカ,2010102229,フジキセキ,1992109618,中野銀十,斉藤政志,0.0,1997.0,2010.0,1992.0
2016102453,アビトレイタ,牡,松浦聡志,,ルーラーシップ,2007103143,ナムラフェアリ,2007105252,タヤスツヨシ,1992109612,加藤誠,小島牧場,0.0,2007.0,2007.0,1992.0
2016102451,スズカルージュ,牝,大橋勇樹,,スズカフェニックス,2002107011,スズカルビー,2005105693,キングヘイロー,1995104427,永井啓弍,小島牧場,0.0,2002.0,2005.0,1995.0
2016102437,モリノホクレア,牡,,,プリサイスエンド,000a00fe9b,フォーモサアピール,2005101451,タイキシャトル,1994109686,,高昭牧場,0.0,1997.0,2005.0,1994.0
2016102435,カネトシウイングス,牝,高橋康之,,メイショウボーラー,2001100650,ピエネヴェーレ,2004103333,サクラバクシンオー,1989108341,兼松昌男,高昭牧場,0.0,2001.0,2004.0,1989.0
2016102424,ティライズワン,牡,井樋明正,,キングズベスト,000a0022d2,ティアップダイヤ,2007103346,ゼンノロブロイ,2000101517,西隆久,高昭牧場,0.0,1997.0,2007.0,2000.0
2016102422,ランランタワー,牝,木原一良,,メイショウサムソン,2003102205,タワーライトブルー,2003103881,アグネスタキオン,1998101516,高昭牧場,高昭牧場,0.0,2003.0,2003.0,1998.0
2016102416,ティライズキセキ,牝,奥平雅士,,ゼンノロブロイ,2000101517,シーギリアレディー,2006101887,キングカメハメハ,2001103460,田中昇,高昭牧場,0.0,2000.0,2006.0,2001.0
2016102411,クイーンフラワーの2016,牝,,,ベーカバド,000a011dc0,クイーンフラワー,2007102070,ロージズインメイ,000a010a10,,高昭牧場,0.0,2007.0,2007.0,2000.0
2016102401,ジューンワルツ,牝,宮本博,,ハービンジャー,000a011996,アグネスワルツ,2007102955,ゼンノロブロイ,2000101517,吉川潤,高昭牧場,0.0,2006.0,2007.0,2000.0
2016102400,フロー,牝,飯田祐史,,ゴールドアリュール,1999106689,アグネスラック,2003102471,クロフネ,1998110135,サンライズ,高昭牧場,0.0,1999.0,2003.0,1998.0
2016102387,ナムラキッスの2016,牡,,,トゥザグローリー,2007103265,ナムラキッス,2011103015,マツリダゴッホ,2003104570,,桑田正己,0.0,2007.0,2011.0,2003.0
2016102385,ニシノアレグロ,牡,萱野浩二,,ジャスタウェイ,2009106461,マイダイナマイト,1997103952,ダイナマイトダディ,1988107348,西山茂行,桑田牧場,0.0,2009.0,1997.0,1988.0
2016102373,ザザの2016,牡,,,タートルボウル,000a012045,ザザ,2005100239,ダンスインザダーク,1993109188,,桑田牧場,0.0,2002.0,2005.0,1993.0
2016102371,ウインアルエットの2016,牝,,,キングカメハメハ,2001103460,ウインアルエット,2009106556,ダンスインザダーク,1993109188,,桑田牧場,0.0,2001.0,2009.0,1993.0
2016102363,ノボソフィア,牝,天間昭一,,ノボジャック,1997110152,マルタカチェリー,2005110020,Exploit,000a002319,ＬＳ．Ｍ,櫛桁牧場,0.0,1997.0,2005.0,1996.0
2016102359,チェリーワールドの2016,牝,,,サンカルロ,2006102822,チェリーワールド,2006101715,フサイチコンコルド,1993109220,,北俣牧夫,0.0,2006.0,2006.0,1993.0
2016102357,アトラトル,牡,飯田祐史,,ベルシャザール,2008103004,ラブレインボー,2010102020,フレンチデピュティ,000a00013a,ノースヒルズ,上山牧場,0.0,2008.0,2010.0,1992.0
2016102352,サラファンの2016,牝,,,プリサイスエンド,000a00fe9b,サラファン,2009101032,アグネスタキオン,1998101516,,上山牧場,0.0,1997.0,2009.0,1998.0
2016102351,プルメリアグレース,牝,堂山芳則,,ロードカナロア,2008103552,クールアンフルール,2006100304,サクラバクシンオー,1989108341,門別敏朗,上山牧場,0.0,2008.0,2006.0,1989.0
2016102328,スマートモンスター,セ,盛本信春,,サンカルロ,2006102822,カワカミキラリン,2006103979,Vindication,000a010544,斉藤雅志,カケハムポニークラブ,0.0,2006.0,2006.0,2000.0
2016102326,シゲルピカピカ,牝,石毛善彦,,ナカヤマフェスタ,2006102424,レギンレイヴ,2002103760,ハンセル,000a000169,森中蕃,荻伏三好ファーム,0.0,2006.0,2002.0,1988.0
2016102316,トレジャークエスト,牡,橋本忠明,,サダムパテック,2008102652,クロコレーヌ,2004104585,クロコルージュ,000a0000bf,大原啓子,大原ファーム,0.0,2008.0,2004.0,1995.0
2016102315,キーンネス,牡,,,サンカルロ,2006102822,エキスカベイター,2010101974,サクラバクシンオー,1989108341,,大原ファーム,0.0,2006.0,2010.0,1989.0
2016102314,クリスタルリリー,牝,渡辺薫彦,,ジャングルポケット,1998101786,ワイルドリリー,1999110266,Wild Again,000a00185f,大島牧場,大島牧場,0.0,1998.0,1999.0,1980.0
2016102306,ダイナスティ,牡,,,ルーラーシップ,2007103143,シシャモチャン,2006100245,サクラバクシンオー,1989108341,,大島牧場,0.0,2007.0,2006.0,1989.0
2016102292,カツヨトワイニングの2016,牡,,,キャプテントゥーレ,2005102216,カツヨトワイニング,2006103078,トワイニング,000a000006,,エムエム、ヤマダファーム,0.0,2005.0,2006.0,1991.0
2016102290,ヤマサンクイーン,牝,,,タートルボウル,000a012045,フォーマルハウト,2006102831,クロフネ,1998110135,,恵比寿牧場,0.0,2002.0,2006.0,1998.0
2016102282,サスガハシャチョウ,牡,国沢利照,,クロフネ,1998110135,インタールナ,2009105720,ディープインパクト,2002100816,親川智行,梅田牧場,0.0,1998.0,2009.0,2002.0
2016102278,エムザックジュエル,牝,沼澤英知,,ベーカバド,000a011dc0,ホープフェアリー,1996103950,テンパレートシル,000a000d24,桑原博,ベルモントファーム,0.0,2007.0,1996.0,1984.0
2016102271,ファストテンポ,牝,谷原義明,,ロージズインメイ,000a010a10,ファストソング,2010103028,ヘクタープロテクター,000a000d6b,田島榮二郎,市川ファーム,0.0,2000.0,2010.0,1988.0
2016102264,フジノペガサス,牡,西橋豊治,,ケープブランコ,000a011b06,ケイエムサウザー,2007101908,マーベラスサンデー,1992103687,田畑富子,秋場牧場,0.0,2007.0,2007.0,1992.0
2016102263,アップインヘブン,牡,,,エンパイアメーカー,000a010542,キャラメリーナ,2008103853,アグネスタキオン,1998101516,,秋場牧場,0.0,2000.0,2008.0,1998.0
2016102256,メイショウセンゲツ,牡,渡辺薫彦,,メイショウボーラー,2001100650,メイショウチャンプ,2008101872,ファンタスティックライト,1996190005,松本好雄,吉田又治,0.0,2001.0,2008.0,1996.0
2016102252,ミレニアムドリーム,牡,尾形和幸,,モンテロッソ,000a011b05,テンシノユメ,2001100416,エルコンドルパサー,1995108742,岡田牧雄,山田昇史,0.0,2007.0,2001.0,1995.0
2016102251,アークサファイア,牝,武井和実,,ビービーガルダン,2004106583,タイセイヴィグラス,2008101864,サウスヴィグラス,1996110138,（株）コルテックス,山田昇史,0.0,2004.0,2008.0,1996.0
2016102249,リュウワンカリーナ,牝,,,カジノドライヴ,2005110112,タイキジャスパー,2006104799,タイキシャトル,1994109686,,山田昇史,0.0,2005.0,2006.0,1994.0
2016102247,ブラウンニース,牡,,,フリオーソ,2004106867,シャインスペシャル,2001109156,オペラハウス,000a000d77,,山田昇史,0.0,2004.0,2001.0,1988.0
2016102243,スマートローガン,牡,村山明,,スマートファルコン,2005100097,リヒター,2003102358,フォーティナイナー,000a000134,大川徹,山口義彦,0.0,2005.0,2003.0,1985.0
2016102233,メイショウイロガミ,牝,飯田祐史,,メイショウサムソン,2003102205,メイショウジビュス,2009100505,フジキセキ,1992109618,松本好雄,本巣敦,0.0,2003.0,2009.0,1992.0
2016102226,ティボリサンライズの2016,牡,,,カジノドライヴ,2005110112,ティボリサンライズ,2000106032,ティンバーカントリー,000a00035e,,ミリオンファーム,0.0,2005.0,2000.0,1992.0
2016102218,ノヴァメンテ,牡,勢司和浩,,グラスワンダー,1995108676,フォルクスオーパー,2006102334,テイエムオペラオー,1996100292,ヒダカ・ブリーダーズ・ユニオン,宮内牧場,0.0,1995.0,2006.0,1996.0
2016102209,トモノモアナ,牝,浜田多実,,ヘニーヒューズ,000a011155,スマッシュ,2010104569,キングカメハメハ,2001103460,共田義夫,宮内牧場,0.0,2003.0,2010.0,2001.0
2016102206,サーストンララアの2016,牝,,,ハービンジャー,000a011996,サーストンララア,2010104139,キングカメハメハ,2001103460,,宮内牧場,0.0,2006.0,2010.0,2001.0
2016102205,キョウエイタキオンの2016,牡,,,ダンカーク,000a012185,キョウエイタキオン,2004102294,アグネスタキオン,1998101516,,宮内牧場,0.0,2006.0,2004.0,1998.0
2016102203,エナジーラピス,牝,田中一巧,,ロードカナロア,2008103552,エナジーハート,2007101822,サクラバクシンオー,1989108341,キャピタル・システム,宮内牧場,0.0,2008.0,2007.0,1989.0
2016102202,ゲットイージー,牡,粕谷昌央,,ダンカーク,000a012185,イトククリ,2008101811,サクラバクシンオー,1989108341,吉野弘司,宮内牧場,0.0,2006.0,2008.0,1989.0
2016102196,ライトニングパールの2016,牡,,,Frankel,000a01239b,ライトニングパール,000a012fa2,Marju,000a001fb6,,三嶋牧場,0.0,2008.0,2009.0,1988.0
2016102195,メーシャンス,牝,,,ジャスタウェイ,2009106461,メイショウヤワラ,2005106484,タイキシャトル,1994109686,,三嶋牧場,0.0,2009.0,2005.0,1994.0
2016102173,サウンドサムデイ,牝,安達昭夫,,サウンドボルケーノ,2008110123,ハートアンドハート,2010103855,ハーツクライ,2001103038,増田雄一,三嶋牧場,0.0,2008.0,2010.0,2001.0
2016102159,グリーンダンディの2016,牡,,,ヴィクトワールピサ,2007102923,グリーンダンディ,000a011e11,Green Desert,000a0017d2,,三嶋牧場,0.0,2007.0,2007.0,1983.0
2016102158,セドゥ,牝,松山将樹,,キングカメハメハ,2001103460,グランドメージャー,000a012511,A.P. Indy,000a001d37,雅苑興業,三嶋牧場,0.0,2001.0,2004.0,1989.0
2016102150,ノボリダーウィン,牡,山田和久,,Nathaniel,000a011bdb,アヴィエッタ,000a012fa1,Dalakhani,000a01098f,山口謙太郎,三嶋牧場,0.0,2008.0,2010.0,2000.0
2016102148,レジーナメジロ,牝,武市康男,,メイショウサムソン,2003102205,メジロビクトリア,1996107500,アフリート,000a000013,永山勝敏,まるとみ冨岡牧場,0.0,2003.0,1996.0,1984.0
2016102141,リュウノロカビリー,牡,齊藤敏,,ケイムホーム,000a0108d1,ワンダフルスイート,2005106433,ボストンハーバー,000a00007c,蓑島竜一,丸幸小林牧場,0.0,1999.0,2005.0,1994.0
2016102139,アテングローリー,牡,谷潔,,シニスターミニスター,000a011099,ペガサスゴールド,2000104228,Belong to Me,000a001ff2,玉置潔,丸幸小林牧場,0.0,2003.0,2000.0,1989.0
2016102138,ミユキアストラーレ,牝,的場均,,ルーラーシップ,2007103143,ダンシングスタイル,2009100760,メイショウボーラー,2001100650,長井純一,丸幸小林牧場,0.0,2007.0,2009.0,2001.0
2016102131,センソリートレイル,牝,川島洋人,,スマートファルコン,2005100097,レディブライアン,2000104213,ブライアンズタイム,000a000082,（有）高村牧場,松田憲一,0.0,2005.0,2000.0,1985.0
2016102130,ムサシヘイロー,牡,栗田泰昌,,キングヘイロー,1995104427,ミサトサウス,2007106000,サウスヴィグラス,1996110138,武蔵屋ハウス（株）,北光牧場,0.0,1995.0,2007.0,1996.0
2016102125,タイキフェアレディの2016,牝,伊藤圭三,,キンシャサノキセキ,2003110212,タイキフェアレディ,2002105513,タイキシャトル,1994109686,大樹ファーム,ビクトリーホースランチ,0.0,2003.0,2002.0,1994.0
2016102124,シゲルスイショウ,牡,伊藤圭三,,ダノンシャンティ,2007105709,タイキトゥインクル,1996106516,リアルシャダイ,000a0002a6,森中蕃,ビクトリーホースランチ,0.0,2007.0,1996.0,1979.0
2016102117,ピアレジーナ,牝,高木登,,タイキシャトル,1994109686,アッシュベリー,2009102615,Any Given Saturday,000a0113a0,大樹ファーム,ビクトリーホースランチ,0.0,1994.0,2009.0,2004.0
2016102116,キングアゲン,牡,萱野浩二,,ベルシャザール,2008103004,タイキバラード,2008101727,ファンタスティックライト,1996190005,浅川皓司,ビクトリーファーム,0.0,2008.0,2008.0,1996.0
2016102110,メイショウコンペキ,牡,鮫島一歩,,ケープブランコ,000a011b06,メイショウキトリ,2004102205,マリエンバード,000a00fa36,松本好雄,日の出牧場,0.0,2007.0,2004.0,1997.0
2016102104,メイショウカイカ,牝,松永昌博,,メイショウボーラー,2001100650,メイショウキズナ,2010104485,チチカステナンゴ,000a011135,松本好雄,林孝輝,0.0,2001.0,2010.0,1998.0
2016102099,Luen On Success,牡,,,ロードカナロア,2008103552,レッドエレンシア,2008101708,ジャングルポケット,1998101786,,信岡牧場,0.0,2008.0,2008.0,1998.0
2016102090,ドリームニキハートの2016,牝,,,バゴ,2001190004,ドリームニキハート,2008103480,チーフベアハート,1993190010,,日本中央競馬会日高育成牧場,0.0,2001.0,2008.0,1993.0
2016102070,ヒバナ,牝,杉浦宏昭,,ルーラーシップ,2007103143,カトルズリップス,2008102915,マンハッタンカフェ,1998101554,山岸桂市,日進牧場,0.0,2007.0,2008.0,1998.0
2016102067,ファインオーラの2016,牡,,,サムライハート,2002100996,ファインオーラ,2001105592,ジェイドロバリー,000a0001a7,,日光スタッド,0.0,2002.0,2001.0,1987.0
2016102062,スズカダンディ,牡,杉山晴紀,,ダンカーク,000a012185,リアルメンテ,2005102598,フジキセキ,1992109618,永井啓弍,中脇満,0.0,2006.0,2005.0,1992.0
2016102057,ヴァーチュスターの2016,牡,,,ショウナンカンプ,1998102595,ヴァーチュスター,2008110029,シンボリクリスエス,1999110099,,中脇満,0.0,1998.0,2008.0,1999.0
2016102041,キタノリュウジン,牡,城地俊光,,メイショウボーラー,2001100650,クロンドローリエ,2007101671,フジキセキ,1992109618,大黒富美子,富菜牧場,0.0,2001.0,2007.0,1992.0
2016102037,マテーラ,牝,,,アドマイヤムーン,2003102991,リメレンス,000a0116d1,Seeking the Gold,000a001bea,,富田牧場,0.0,2003.0,2004.0,1985.0
2016102036,マジェストゥーズ,牝,渡辺薫彦,,ジャスタウェイ,2009106461,メルヴェイユーズ,2003103971,エルコンドルパサー,1995108742,カナヤマホールディングス,富田牧場,0.0,2009.0,2003.0,1995.0
2016102030,ロロペニ,セ,牧田和弥,,ノヴェリスト,000a012230,マカロンドナンシー,2006103148,ダンスインザダーク,1993109188,畑佐博,富田牧場,0.0,2009.0,2006.0,1993.0
2016102029,インヴィンチービレ,牡,笹田和秀,,アイルハヴアナザー,000a011ed3,フラッパーウィング,2007101663,スペシャルウィーク,1995103211,幅田京子,富田牧場,0.0,2009.0,2007.0,1995.0
2016102028,ガデスチョイス,牝,加用正,,キンシャサノキセキ,2003110212,ファインチョイス,2009100612,アドマイヤムーン,2003102991,宮川純造,富田牧場,0.0,2003.0,2009.0,2003.0
2016102023,サーリセルカの2016,牡,,,ジャスタウェイ,2009106461,サーリセルカ,2005102176,ウォーエンブレム,000a00fa35,,富田牧場,0.0,2009.0,2005.0,1999.0
2016102022,ディアボロス,牡,高橋義忠,,ルーラーシップ,2007103143,サイレントセンティネル,000a0114af,Silver Hawk,000a0019b4,野嶋祥二,富田牧場,0.0,2007.0,2004.0,1979.0
2016102019,アンジェラクイーン,牝,高橋義忠,,マンハッタンカフェ,1998101554,オーシャンルミナス,2004106736,フレンチデピュティ,000a00013a,野嶋祥二,富田牧場,0.0,1998.0,2004.0,1992.0
2016102018,ブルベアマローネ,牡,石坂公一,,ワークフォース,000a011a7f,エリモマドンナ,2007101047,ダンスインザダーク,1993109188,ブルアンドベア,富田牧場,0.0,2007.0,2007.0,1993.0
2016102016,リーチトゥブリス,牝,,,トーセンジョーダン,2006103169,リーチトゥピース,2001110231,Mud Route,000a00fc47,,辻牧場,0.0,2006.0,2001.0,1994.0
2016102014,サンセットプリンス,セ,梅田智之,,クロフネ,1998110135,ミユキ,2002100611,アドマイヤベガ,1996107396,竹森幹雄,辻牧場,0.0,1998.0,2002.0,1996.0
2016102013,ヒラボクソニック,牡,国枝栄,,ケープブランコ,000a011b06,マチルド,2002100567,アドマイヤベガ,1996107396,平田牧場,辻牧場,0.0,2007.0,2002.0,1996.0
2016102010,マジールージュ,牝,錦見勇夫,,オウケンマジック,2006104477,フリートルージュ,2007106679,ダージー,000a01054b,山口久仁子,辻牧場,0.0,2006.0,2007.0,2001.0
2016102006,ヒラボクグレイス,牝,竹内正洋,,アルデバランII,000a010541,ヒラボクロマンス,2010103020,アグネスデジタル,1997110025,平田牧場,辻牧場,0.0,1998.0,2010.0,1997.0
2016101995,スズカビンテージの2016,牝,,,ワークフォース,000a011a7f,スズカビンテージ,2006110010,Vindication,000a010544,,辻牧場,0.0,2007.0,2006.0,2000.0
2016101993,グローリアスローズの2016,牡,,,ロードカナロア,2008103552,グローリアスローズ,2008103144,ロックオブジブラルタル,000a00fd4c,,辻牧場,0.0,2008.0,2008.0,1999.0
2016101990,スカイイーグル,セ,的場均,,キングズベスト,000a0022d2,カレーニナ,2011103765,カンパニー,2001103435,小島俊治,辻牧場,0.0,1997.0,2011.0,2001.0
2016101989,スーパーロキ,牡,橋本忠明,,ロードカナロア,2008103552,カレンナホホエミ,2007101540,タイキシャトル,1994109686,ラ・メール,辻牧場,0.0,2008.0,2007.0,1994.0
2016101982,ラブイズブラインド,牝,林徹,,ジャスタウェイ,2009106461,アドマイヤラブ,2011103747,アドマイヤムーン,2003102991,ヒダカ・ブリーダーズ・ユニオン,辻牧場,0.0,2009.0,2011.0,2003.0
2016101981,アドマイヤグローブ,牝,,,ルーラーシップ,2007103143,アドマイヤマリリン,2010104956,アグネスタキオン,1998101516,,辻牧場,0.0,2007.0,2010.0,1998.0
2016101977,スズカシビル,牝,須貝尚介,,ジャスタウェイ,2009106461,アドマイヤオンリー,2007103052,クロフネ,1998110135,永井啓弍,辻牧場,0.0,2009.0,2007.0,1998.0
2016101974,シャロンヌ,牝,畠山信一,,ジャスタウェイ,2009106461,アクアシャンデリア,2008110001,Galileo,000a00232b,由利一郎,辻牧場,0.0,2009.0,2008.0,1998.0
2016101973,スピリットクォーツ,牝,蛯名利弘,,トビーズコーナー,000a011fed,トップコメット,2004102058,クロコルージュ,000a0000bf,荻伏服部牧場,津島優治,0.0,2008.0,2004.0,1995.0
2016101969,オールグラン,牡,,,ディープブリランテ,2009105084,ダンシングイレーネ,2010105117,ネオユニヴァース,2000101426,,地興牧場,0.0,2009.0,2010.0,2000.0
2016101963,ホウライマツリの2016,牝,,,トビーズコーナー,000a011fed,ホウライマツリ,2012102391,エンパイアメーカー,000a010542,,大道牧場,0.0,2008.0,2012.0,2000.0
2016101950,サプライズフェスタ,牡,佐藤吉勝,,ナカヤマフェスタ,2006102424,ヨシサプライズ,2005106230,フサイチコンコルド,1993109220,江川伸夫,谷口牧場,0.0,2006.0,2005.0,1993.0
2016101948,ブラックアマゾン,牡,本間忍,,ロードバリオス,2005104227,フミノアマゾン,2009100552,フジキセキ,1992109618,長谷川兼美,谷口牧場,0.0,2005.0,2009.0,1992.0
2016101945,ノルン,牝,高橋康之,,ダンカーク,000a012185,キミニアエタキセキ,2008101531,サクラバクシンオー,1989108341,谷口牧場,谷口牧場,0.0,2006.0,2008.0,1989.0
2016101944,ハクサンアンジェロ,牡,野中賢二,,シルポート,2005109202,エタニティ,2009102355,ジャングルポケット,1998101786,河崎五市,谷口牧場,0.0,2005.0,2009.0,1998.0
2016101937,ラヴクレージーの2016,牝,,,ダンカーク,000a012185,ラヴクレージー,2011105921,ゼンノロブロイ,2000101517,,谷川牧場,0.0,2006.0,2011.0,2000.0
2016101933,ボウピープの2016,牡,西村真幸,,トゥザグローリー,2007103265,ボウピープ,2011105853,ディープスカイ,2005101358,ターフ・スポート,谷川牧場,0.0,2007.0,2011.0,2005.0
2016101919,レッドパルテール,牝,手塚貴久,,ブラックタイド,2001103312,シェーンフレール,2010104351,Smart Strike,000a00211c,東京ホースレーシング,谷川牧場,0.0,2001.0,2010.0,1992.0
2016101918,ナムラチヨガミ,牝,羽月友彦,,ヨハネスブルグ,000a0103b9,サンクイーンII,000a011dfd,Storm Cat,000a001a98,奈村信重,谷川牧場,0.0,1999.0,2008.0,1983.0
2016101914,オリジナルスピンの2016,牝,,,ゴールドアリュール,1999106689,オリジナルスピン,000a01062c,Machiavellian,000a001c1d,,谷川牧場,0.0,1999.0,1997.0,1987.0
2016101908,マーストリッチ,牡,清水久詞,,キングズベスト,000a0022d2,レッダンゴールド,1997100562,サンデーサイレンス,000a00033a,岡田甲子男,田中スタッド,0.0,1997.0,1997.0,1986.0
2016101904,ピッチニーニの2016,牝,,,トゥザグローリー,2007103265,ピッチニーニ,2009100526,ホワイトマズル,1990109700,,田中スタッド,0.0,2007.0,2009.0,1990.0
2016101903,アピールポイントの2016,牡,,,メイショウボーラー,2001100650,アピールポイント,2003101939,アグネスタキオン,1998101516,,田中スタッド,0.0,2001.0,2003.0,1998.0
2016101902,メイショウマシミズ,牝,浅見秀一,,スクリーンヒーロー,2004103328,メイショウベーネ,2005106274,スキャターザゴールド,000a000d99,松本和子,多田善弘,0.0,2004.0,2005.0,1997.0
2016101896,トウシンニッキー,牝,村山明,,カジノドライヴ,2005110112,マイアタックレディ,1998102622,サマーサスピション,1992109533,サトー,高村牧場,0.0,2005.0,1998.0,1992.0
2016101891,リョウランシスター,牝,加藤和義,,グランプリボス,2008103388,エイシンパンドラ,2001100126,フォーティナイナー,000a000134,小林勝,高村牧場,0.0,2008.0,2001.0,1985.0
2016101888,テッパン,牡,音無秀孝,,スクリーンヒーロー,2004103328,アッチッチ,2001106138,アフリート,000a000013,小田切有一,高野牧場,0.0,2004.0,2001.0,1984.0
2016101882,メイショウアクセレ,牝,安達昭夫,,サウスヴィグラス,1996110138,メイショウオリビア,2007101559,フジキセキ,1992109618,松本好隆,太陽牧場,0.0,1996.0,2007.0,1992.0
2016101881,メイショウテンカワ,牡,笹田和秀,,エスポワールシチー,2005102837,メイショウアシタバ,2010104881,スタチューオブリバティ,000a0109d5,松本好雄,太陽牧場,0.0,2005.0,2010.0,2000.0
2016101879,エメラルドアゲン,牝,岩戸孝樹,,タイキシャトル,1994109686,エメラルドインディ,2008101425,アグネスタキオン,1998101516,浅川皓司,大樹ファーム,0.0,1994.0,2008.0,1998.0
2016101877,タケミグローリー,牡,,,トゥザグローリー,2007103265,レディマハロ,2005106137,フォーティナイナー,000a000134,,成隆牧場,0.0,2007.0,2005.0,1985.0
2016101876,メモリーバニッシュ,牝,塚田隆男,,ホワイトマズル,1990109700,メモリーソフィア,2006105994,ジェニュイン,1992109450,（株）シンザンクラブ,成隆牧場,0.0,1990.0,2006.0,1992.0
2016101875,メモリーパーゴラ,牝,,,バトルプラン,000a0118e8,メモリーキセキ,2003102407,フジキセキ,1992109618,,成隆牧場,0.0,2005.0,2003.0,1992.0
2016101873,ゴールドモディ,牝,岩本洋,,キングズベスト,000a0022d2,シャドウエルフ,2000110220,Cozzene,000a001bda,岡田初江,成隆牧場,0.0,1997.0,2000.0,1980.0
2016101870,カシマヌアージ,牡,伊藤伸一,,ネオユニヴァース,2000101426,カシマトレジャー,1999102817,ブライアンズタイム,000a000082,松浦一久,信成牧場,0.0,2000.0,1999.0,1985.0
2016101862,スピンオフシアトル,牝,上原博之,,ダンカーク,000a012185,スリーピングインシアトル,000a0066e5,Seattle Slew,000a0015fc,ターフ・スポート,笹地牧場,0.0,2006.0,1995.0,1974.0
2016101858,サンマルケイト,牝,大橋勇樹,,ケイムホーム,000a0108d1,サンマルクイーン,2009100461,ダイワメジャー,2001103114,相馬勇,笹島政信,0.0,1999.0,2009.0,2001.0
2016101856,マイネルジャーニー,牡,伊藤伸一,,ドリームジャーニー,2004102753,チアリーダー,1995100400,アサティス,1985109002,サラブレッドクラブ・ラフィアン,笹島智則,0.0,2004.0,1995.0,1985.0
2016101843,ゴールドエンプレス,牝,中川公成,,キングカメハメハ,2001103460,トゥハーモニー,2000103851,サンデーサイレンス,000a00033a,居城寿与,酒井牧場,0.0,2001.0,2000.0,1986.0
2016101836,プロビンスタウン,牝,,,トゥザグローリー,2007103265,ディアマンボウ,2008101487,サウスヴィグラス,1996110138,,斉藤英牧場,0.0,2007.0,2008.0,1996.0
2016101829,オチャノコサイサイの2016,牡,,,トビーズコーナー,000a011fed,オチャノコサイサイ,2007106255,ダイタクサージャン,1992108653,,近藤牧場,0.0,2008.0,2007.0,1992.0
2016101828,エンジェルスイートの2016,牝,,,ショウナンカンプ,1998102595,エンジェルスイート,1999101417,マヤノトップガン,1992102988,,近藤牧場,0.0,1998.0,1999.0,1992.0
2016101825,ラッキーファインド,牝,的場均,,ダノンシャンティ,2007105709,ダリーニア,000a010aeb,キングズベスト,000a0022d2,福田光博,グランデファーム,0.0,2007.0,2002.0,1997.0
2016101823,ファーマパール,牝,尾形和幸,,キングズベスト,000a0022d2,ウィアーワン,2011105948,アドマイヤジャパン,2002102324,中西功,グランデファーム,0.0,1997.0,2011.0,2002.0
2016101811,ツリーハピネス,牝,大塚信次,,ヴァーミリアン,2002100877,メイクハピネス,2008101455,アグネスタキオン,1998101516,大黒富美子,木村牧場,0.0,2002.0,2008.0,1998.0
2016101809,イイジカン,牡,高橋祥泰,,メイショウサムソン,2003102205,ハナヨメノレン,2007106431,フジキセキ,1992109618,小田切有一,木村牧場,0.0,2003.0,2007.0,1992.0
2016101803,ゲッケイジュの2016,牝,,,サムライハート,2002100996,ゲッケイジュ,2001107792,エンドスウィープ,000a00010f,,木村牧場,0.0,2002.0,2001.0,1991.0
2016101802,キイレの2016,牡,,,アポロキングダム,2003110139,キイレ,2007101669,フジキセキ,1992109618,,木村牧場,0.0,2003.0,2007.0,1992.0
2016101801,タヌキ,牡,高橋祥泰,,カンパニー,2001103435,ガンバリッコ,2002102874,サンデーサイレンス,000a00033a,小田切有一,木村牧場,0.0,2001.0,2002.0,1986.0
2016101789,ブーケアルメリア,牝,勢司和浩,,ストロングリターン,2006102934,ブーケトウショウ,2010103059,サクラバクシンオー,1989108341,田中純一,杵臼牧場,0.0,2006.0,2010.0,1989.0
2016101772,ボトムズアップ,牡,,,ヘニーヒューズ,000a011155,イシュタルキャスト,2009101262,アグネスタキオン,1998101516,,杵臼牧場,0.0,2003.0,2009.0,1998.0
2016101766,ペイシャアクティブ,牝,本間忍,,フリオーソ,2004106867,アクティブアクト,2002102845,ダンスインザダーク,1993109188,北所直人,杵臼斉藤牧場,0.0,2004.0,2002.0,1993.0
2016101753,ギガバイト,牝,今野貞一,,クロフネ,1998110135,ストームエンジェル,2012101560,ストーミングホーム,1998190003,エンジェルレーシング,川越ファーム,0.0,1998.0,2012.0,1998.0
2016101741,ハナズモナコ,牡,阪本一栄,,ベーカバド,000a011dc0,ハナズジャンプ,2011100044,ダンスインザダーク,1993109188,マイケルＤ．タバ,カナイシスタッド,0.0,2007.0,2011.0,1993.0
2016101723,ハッピーブライアン,牝,青木孝文,,エイシンフラッシュ,2007102951,ルーシーブライド,2010104689,ブライアンズタイム,000a000082,戸賀智子,岡本牧場,0.0,2007.0,2010.0,1985.0
2016101716,エーティースイセイ,牡,木原一良,,トーセンジョーダン,2006103169,ダノンステラ,2009106478,ダイワメジャー,2001103114,荒木徹,岡本昌市,0.0,2006.0,2009.0,2001.0
2016101714,ススメヨンマル,牝,中野栄治,,ケープブランコ,000a011b06,アルーリングアイズ,2011103563,ネオユニヴァース,2000101426,芳賀克也,岡本昌市,0.0,2007.0,2011.0,2000.0
2016101713,カームタウン,牡,吉田直弘,,スマートファルコン,2005100097,アファーブル,2009103890,ブライアンズタイム,000a000082,山上和良,岡本昌市,0.0,2005.0,2009.0,1985.0
2016101712,メイショウローザ,牝,高馬元紘,,タイキシャトル,1994109686,フェルガーナ,2005106646,アグネスタキオン,1998101516,松本好雄,岡部牧場,0.0,1994.0,2005.0,1998.0
2016101701,エイシンボーイ,牡,菅原欣也,,タイキシャトル,1994109686,メンフィスガール,2002110072,サンダーガルチ,000a00035c,（同）ＪＰＮ技研,栄進牧場,0.0,1994.0,2002.0,1992.0
2016101694,モリオンパワー,牡,伊藤伸一,,ディープブリランテ,2009105084,ヒラルダ,2009102123,Kyllachy,000a010cba,田頭勇貴,栄進牧場,0.0,2009.0,2009.0,1998.0
2016101690,スティルペース,牝,平沢芳三,,タートルボウル,000a012045,トレダンス,000a0120fa,Sinndar,000a002329,小橋亮太,栄進牧場,0.0,2002.0,2009.0,1997.0
2016101689,エイシンコルヌイエ,牝,,,コンデュイット,2005190006,トピカII,000a0129cd,Whipper,000a0114a6,,栄進牧場,0.0,2005.0,2009.0,2001.0
2016101685,エイシンソラーレ,牝,,,エイシンフラッシュ,2007102951,サーソーラ,000a0120f9,Dalakhani,000a01098f,,栄進牧場,0.0,2007.0,2005.0,2000.0
2016101684,サンピラーアイ,牝,石栗龍彦,,ディープブリランテ,2009105084,ケルヴィテッセ,000a012381,Sadler's Wells,000a00185d,ライオンレースホース,栄進牧場,0.0,2009.0,2006.0,1981.0
2016101683,タンジェリーナ,牝,佐々木功,,エイシンアポロン,2007110020,カルネージュ,000a0128f3,Alzao,000a001cb4,石井智,栄進牧場,0.0,2007.0,2000.0,1980.0
2016101682,ケアナエ,牝,西橋豊治,,エイシンフラッシュ,2007102951,エーシンロンシャン,2006110041,Cherokee Run,000a00214a,守内満,栄進牧場,0.0,2007.0,2006.0,1990.0
2016101680,シークレット,牡,藤岡健一,,エイシンフラッシュ,2007102951,エーシンリジル,2007101298,フレンチデピュティ,000a00013a,石川達絵,栄進牧場,0.0,2007.0,2007.0,1992.0
2016101673,リプリート,牝,小笠倫弘,,エイシンアポロン,2007110020,エーシンジェネシス,2008101293,Medaglia d'Oro,000a010a65,ディアレストクラブ,栄進牧場,0.0,2007.0,2008.0,1999.0
2016101667,エイシンドラゴン,牝,,,メイショウサムソン,2003102205,エーシンオーレ,2010104650,キングヘイロー,1995104427,,栄進牧場,0.0,2003.0,2010.0,1995.0
2016101664,サンオーバーン,牝,天間昭一,,ストーミングホーム,1998190003,エーシンウェンディ,2010102342,ネオユニヴァース,2000101426,加藤信之,栄進牧場,0.0,1998.0,2010.0,2000.0
2016101662,エイシンコロナ,牡,,,エイシンアポロン,2007110020,エイシンロビン,2011110045,エンパイアメーカー,000a010542,,栄進牧場,0.0,2007.0,2011.0,2000.0
2016101659,エイシンリョンサンの2016,牡,,,エイシンデピュティ,2002102706,エイシンリョンサン,1997100356,アフリート,000a000013,,栄進牧場,0.0,2002.0,1997.0,1984.0
2016101658,タガノジャイアント,牡,中尾秀正,,ワークフォース,000a011a7f,エイシンラトゥナ,2010110055,Exchange Rate,000a011433,八木良司,栄進牧場,0.0,2007.0,2010.0,1997.0
2016101655,メジャーニシキ,牝,錦見勇夫,,ダイワメジャー,2001103114,エイシンフレア,2011101841,エイシンデピュティ,2002102706,錦見日出雄,栄進牧場,0.0,2001.0,2011.0,2002.0
2016101653,サンマンハッタン,牡,谷潔,,カネヒキリ,2002100978,エイシントパーズ,2011105585,アドマイヤムーン,2003102991,加藤信之,栄進牧場,0.0,2002.0,2011.0,2003.0
2016101644,ドリームデュネットの2016,牡,,,ケープブランコ,000a011b06,ドリームデュネット,2010102980,ディープインパクト,2002100816,,浦河日成牧場,0.0,2007.0,2010.0,2002.0
2016101641,クールアンジェラ,牝,石栗龍彦,,メイショウボーラー,2001100650,クールモダン,2002102687,フジキセキ,1992109618,林進,浦河日成牧場,0.0,2001.0,2002.0,1992.0
2016101632,アキセブン,牡,小野次郎,,ダンカーク,000a012185,トシザユカ,2004106696,タイキシャトル,1994109686,石山嘉七,浦河小林牧場,0.0,2006.0,2004.0,1994.0
2016101629,ミキノビックリバコ,牝,南田美知,,タイムパラドックス,1998101683,ミキノファンシー,2000103303,ディアブロ,000a0000e9,谷口久和,浦河育成牧場,0.0,1998.0,2000.0,1987.0
2016101625,キーチケット,牝,藤沢則雄,,ダンカーク,000a012185,オーバルカット,2000101596,エリシオ,1993190001,北前孔一郎,鵜木唯義,0.0,2006.0,2000.0,1993.0
2016101612,メイショウリバール,牝,,,アグネスデジタル,1997110025,メイショウゴウヒメ,2008101553,ジャングルポケット,1998101786,,赤田牧場,0.0,1997.0,2008.0,1998.0
2016101611,メイショウタイガン,牡,河内洋,,タートルボウル,000a012045,メイショウカエデ,2010101176,ダイワメジャー,2001103114,松本好雄,赤田牧場,0.0,2002.0,2010.0,2001.0
2016101606,ゴールデンオーラの2016,牝,,,バゴ,2001190004,ゴールデンオーラ,2009105087,ステイゴールド,1994108729,,赤田牧場,0.0,2001.0,2009.0,1994.0
2016101600,ホリノマドンナの2016,牝,,,トゥザグローリー,2007103265,ホリノマドンナ,2008102926,ジャングルポケット,1998101786,,堀弘康,0.0,2007.0,2008.0,1998.0
2016101590,タイセイシールド,牡,宮本博,,ケープブランコ,000a011b06,ピッコレット,2005101235,アグネスタキオン,1998101516,田中成奉,中脇一幸,0.0,2007.0,2005.0,1998.0
2016101588,ゴロゾウ,牡,,,ダンカーク,000a012185,ツリー,2001101575,ゴールデンフェザント,1986109108,,中脇一幸,0.0,2006.0,2001.0,1986.0
2016101586,サンレディング,牝,,,ローズキングダム,2007103404,スリーサンローズ,2010104750,スズカフェニックス,2002107011,,中村俊紀,0.0,2007.0,2010.0,2002.0
2016101576,ペイシャプシュケ,牝,本間忍,,トランセンド,2006104736,バレーダンシング,000a010ae5,Giant's Causeway,000a0022e1,北所直人,高村伸一,0.0,2006.0,2002.0,1997.0
2016101572,テクノクラート,牡,,,ケープブランコ,000a011b06,タシロスプリング,1998105299,マルゼンスキー,000a0003bd,,スイートファーム,0.0,2007.0,1998.0,1974.0
2016101571,Bushido,牡,,,キングズベスト,000a0022d2,スプリングミント,2007101158,バゴ,2001190004,,スイートファーム,0.0,1997.0,2007.0,2001.0
2016101569,メダルセレモニー,牡,,,ルースリンド,2001106791,ルナマリア,2005101807,ジェイドロバリー,000a0001a7,,清水誠一,0.0,2001.0,2005.0,1987.0
2016101563,ナッシュビルの2016,牝,,,メイショウサムソン,2003102205,ナッシュビル,2005103225,スペシャルウィーク,1995103211,,清水スタッド,0.0,2003.0,2005.0,1995.0
2016101558,ロンドインディの2016,牡,,,プリサイスエンド,000a00fe9b,ロンドインディ,2002103618,フジキセキ,1992109618,,澤井義一,0.0,1997.0,2002.0,1992.0
2016101557,エレクトサンダー,牝,平山真希,,キングヘイロー,1995104427,ヤマケイコー,1998103530,サクラバクシンオー,1989108341,木村勝,澤井義一,0.0,1995.0,1998.0,1989.0
2016101548,モンサンファスト,牡,飯田祐史,,ハービンジャー,000a011996,オーブリエチア,2002100532,フジキセキ,1992109618,山下新一,猿倉牧場,0.0,2006.0,2002.0,1992.0
2016101546,コスモカリナン,牡,高橋祥泰,,エイシンフラッシュ,2007102951,エアカリナン,2009106095,ディープインパクト,2002100816,ビッグレッドファーム,猿倉牧場,0.0,2007.0,2009.0,2002.0
2016101544,オルディーインラヴ,牡,的場均,,オルフェーヴル,2008102636,レディインラヴ,2009100056,ディープインパクト,2002100816,ニューワールドレーシング,様似渡辺牧場,0.0,2008.0,2009.0,2002.0
2016101531,シンジルキボウアイの2016,牝,,,アポロキングダム,2003110139,シンジルキボウアイ,2009106818,ジャングルポケット,1998101786,,小田牧場,0.0,2003.0,2009.0,1998.0
2016101530,ウインレジーナの2016,牡,,,アッミラーレ,1997100569,ウインレジーナ,2003101839,テイエムオペラオー,1996100292,,小田牧場,0.0,1997.0,2003.0,1996.0
2016101523,オリビアフォンテンの2016,牡,,,メイショウサムソン,2003102205,オリビアフォンテン,2003106860,シャンハイ,000a000d73,,寺井文秀,0.0,2003.0,2003.0,1989.0
2016101522,プラザフォンテン,牡,井上弘之,,プリサイスエンド,000a00fe9b,オペラフォンテン,2008101677,オペラハウス,000a000d77,吉橋興生,寺井文秀,0.0,1997.0,2008.0,1988.0
2016101521,クイーンズブライト,牝,堀井雅広,,ショウナンカンプ,1998102595,アサヒブライト,1996104595,ジェイドロバリー,000a0001a7,諸岡慶,寺井文秀,0.0,1998.0,1996.0,1987.0
2016101520,エリモフォーエバー,牡,佐々木晶,,ローエングリン,1999106738,エリモフェアリー,2009100009,ハーツクライ,2001103038,山本慎一,エクセルマネジメント,0.0,1999.0,2009.0,2001.0
2016101515,シークレットダイヤの2016,牡,,,テラザクラウド,2007100428,シークレットダイヤ,2004106345,アジュディケーティング,000a000d5d,,レースホース牧場,0.0,2007.0,2004.0,1987.0
2016101511,チアズフィアレスの2016,牡,,,タイキシャトル,1994109686,チアズフィアレス,2002106343,フォーティナイナー,000a000134,,米田牧場,0.0,1994.0,2002.0,1985.0
2016101510,エヌティラヴ,牝,佐々木清,,キングヘイロー,1995104427,ダンシングパブロワ,1999103419,ダンスインザダーク,1993109188,中田留明,米田牧場,0.0,1995.0,1999.0,1993.0
2016101506,イザベルドスメーンの2016,牝,,,クロフネ,1998110135,イザベルドスメーン,2007102737,スペシャルウィーク,1995103211,,米田牧場,0.0,1998.0,2007.0,1995.0
2016101505,セイウンティアラ,牝,竹内正洋,,リーチザクラウン,2006102923,エヴァソーマッチ,2004101253,アフリート,000a000013,西山茂行,米田和子,0.0,2006.0,2004.0,1984.0
2016101483,ジョンスノウ,牡,米川昇,,レッドスパーダ,2006105511,エーシンブランディ,2004101728,ダンスインザダーク,1993109188,三岡有香,森政巳,0.0,2006.0,2004.0,1993.0
2016101478,イチテンプー,牝,,,シニスターミニスター,000a011099,ゴールドターフ,2008103940,ゴールドアリュール,1999106689,,元道牧場,0.0,2003.0,2008.0,1999.0
2016101458,ミラクルピアス,牝,,,ゴールドアリュール,1999106689,シャイニングピアス,2001101389,ブライアンズタイム,000a000082,,明治牧場,0.0,1999.0,2001.0,1985.0
2016101425,カワカミハナコ,牝,,,ネオユニヴァース,2000101426,マウンテンウーマン,000a0123d8,モンジュー,1996190001,,三石川上牧場,0.0,2000.0,2008.0,1996.0
2016101417,シンボリサージュ,牝,荒川義之,,メイショウボーラー,2001100650,カワカミタキオン,2009101867,アグネスタキオン,1998101516,シンボリ牧場,三石川上牧場,0.0,2001.0,2009.0,1998.0
2016101415,アイムヒアーの2016,牡,,,ヘニーヒューズ,000a011155,アイムヒアー,2008103880,プリサイスエンド,000a00fe9b,,三石川上牧場,0.0,2003.0,2008.0,1997.0
2016101414,ミホダイリンの2016,牡,,,スマートファルコン,2005100097,ミホダイリン,1998109460,ラストタイクーン,000a0001d6,,水丸牧場,0.0,2005.0,1998.0,1983.0
2016101409,ケープリーガル,牝,西橋豊治,,ケープブランコ,000a011b06,スズカリーガル,2003101551,ホワイトマズル,1990109700,山本茂,水上習孝,0.0,2007.0,2003.0,1990.0
2016101406,イチゴダイフク,牝,浅野洋一,,ディープブリランテ,2009105084,ニシノツインクル,2007102495,ヨハネスブルグ,000a0103b9,田頭勇貴,松本牧場,0.0,2009.0,2007.0,1999.0
2016101397,ヘバラーの2016,牝,,,リーチザクラウン,2006102923,ヘバラー,000a006875,Fairy King,000a001bde,,前田ファーム,0.0,2006.0,1998.0,1982.0
2016101388,ラガープレミアム,牡,池添学,,ワークフォース,000a011a7f,ラガーリンリン,2007103888,クロフネ,1998110135,奥村啓二,前川勝春,0.0,2007.0,2007.0,1998.0
2016101376,ファウラー,牡,加藤和宏,,エイシンフラッシュ,2007102951,ハギノオマージュ,2000107270,サンデーサイレンス,000a00033a,永見貴昭,本桐牧場,0.0,2007.0,2000.0,1986.0
2016101369,ツルマキクイーン,牝,林和弘,,バゴ,2001190004,シンワクイーン,2009101792,フサイチコンコルド,1993109220,（有）本桐牧場,本桐牧場,0.0,2001.0,2009.0,1993.0
2016101365,フロイラインローゼの2016,牡,高橋義忠,,ルーラーシップ,2007103143,フロイラインローゼ,2005102467,アドマイヤベガ,1996107396,友駿ホースクラブ,幌村牧場,0.0,2007.0,2005.0,1996.0
2016101358,シブリンテソーロ,牡,高木登,,ベルシャザール,2008103004,アンクレット,2008102972,Footstepsinthesand,000a0111b5,了徳寺健二ホールディングス,幌村牧場,0.0,2008.0,2008.0,2002.0
2016101357,ボストンパールの2016,牝,,,シニスターミニスター,000a011099,ボストンパール,2006105585,ボストンハーバー,000a00007c,,堀川洋之,0.0,2003.0,2006.0,1994.0
2016101353,キャンディームーンの2016,牡,,,バゴ,2001190004,キャンディームーン,2006110167,Candy Ride,000a01132a,,藤巻則弘,0.0,2001.0,2006.0,1999.0
2016101352,キクノプレミア,牝,北出成人,,サウスヴィグラス,1996110138,キクノレジーナ,2008106555,キングヘイロー,1995104427,菊池五郎,フクダファーム,0.0,1996.0,2008.0,1995.0
2016101351,キクノシーカー,牡,,,ハービンジャー,000a011996,キクノジェニー,1999104906,ジェニュイン,1992109450,,フクダファーム,0.0,2006.0,1999.0,1992.0
2016101343,スペシャルウーマンの2016,牝,,,サウスヴィグラス,1996110138,スペシャルウーマン,2004101474,スペシャルウィーク,1995103211,,平野牧場,0.0,1996.0,2004.0,1995.0
2016101338,アポロフィオリーナの2016,牡,,,アポロキングダム,2003110139,アポロフィオリーナ,2008103806,スニッツェル,000a010eaa,,平野牧場,0.0,2003.0,2008.0,2002.0
2016101337,タッカーアリシア,牝,鈴木伸尋,,キンシャサノキセキ,2003110212,ブルーオアシス,000a0111bd,Sadler's Wells,000a00185d,小松崎孝,久井牧場,0.0,2003.0,2001.0,1981.0
2016101336,ベルウッドスパーク,牡,武市康男,,ジャングルポケット,1998101786,ハッピーメール,2008100592,キングカメハメハ,2001103460,鈴木照雄,久井牧場,0.0,1998.0,2008.0,2001.0
2016101319,マイネルフィデス,牡,鈴木長次,,ロージズインメイ,000a010a10,ギタートウショウ,2008100665,アグネスデジタル,1997110025,（株）ファーストビジ,萩澤俊雄,0.0,2000.0,2008.0,1997.0
2016101311,ローレルホマレボシ,牡,,,トーセンホマレボシ,2009106092,ローレルセレナーデ,1999110276,サザンヘイロー,000a00031e,,ニシケンファーム,0.0,2009.0,1999.0,1983.0
2016101304,マイネルコーナー,牡,蛯名利弘,,トビーズコーナー,000a011fed,ビューティーリヨ,2008103687,ゴールドヘイロー,1997101264,サラブレッドクラブ・ラフィアン,中橋正,0.0,2008.0,2008.0,1997.0
2016101297,ハギノローザの2016,牡,,,アサクサキングス,2004103163,ハギノローザ,2009103525,タニノギムレット,1999100226,,中橋清,0.0,2004.0,2009.0,1999.0
2016101295,シャイアーズエンデの2016,牝,,,ビービーガルダン,2004106583,シャイアーズエンデ,000a010558,El Prado,000a001fb5,,中橋清,0.0,2004.0,1995.0,1989.0
2016101284,アンソランス,牝,田中剛,,ケープブランコ,000a011b06,スパンゴールド,2002102290,サンデーサイレンス,000a00033a,ノースヒルズ,土居牧場,0.0,2007.0,2002.0,1986.0
2016101281,ベルデジュール,牝,小崎憲,,パイロ,000a01176a,サーガノヴェル,1999110258,Boundary,000a001f36,ノースヒルズ,土居牧場,0.0,2005.0,1999.0,1990.0
2016101280,モクソン,牡,小西重征,,ゼンノロブロイ,2000101517,コンポステラ,2006110083,エンパイアメーカー,000a010542,木村廣太,土居牧場,0.0,2000.0,2006.0,2000.0
2016101277,エンセリオ,牡,清水久詞,,ダイワメジャー,2001103114,エンブレイス,2004100688,アフリート,000a000013,ノースヒルズ,土居牧場,0.0,2001.0,2004.0,1984.0
2016101273,トルベルボヌール,セ,田中博康,,キングズベスト,000a0022d2,セイウンクノイチ,1998103988,サンデーサイレンス,000a00033a,田中義明,筒井征文,0.0,1997.0,1998.0,1986.0
2016101269,ペイシャクローズ,牝,吉田直弘,,エイシンフラッシュ,2007102951,クローズホールド,2008103660,クロフネ,1998110135,北所直人,土田扶美子,0.0,2007.0,2008.0,1998.0
2016101259,レフィナド,牡,野中賢二,,ハービンジャー,000a011996,エキゾチックエレガンス,000a0117f7,Storm Cat,000a001a98,カナヤマホールディングス,土田農場,0.0,2006.0,2001.0,1983.0
2016101258,ミヤコノユメ,牝,土田稔,,ロードカナロア,2008103552,ミヤコマンハッタン,2009100373,マンハッタンカフェ,1998101554,吉田和弘,土田和男,0.0,2008.0,2009.0,1998.0
2016101254,ハーモニースパーク,牡,石毛善彦,,スパロービート,2005104351,エアヘイリー,2001102584,エアジハード,1995107978,日下部勝徳,土田和男,0.0,2005.0,2001.0,1995.0
2016101249,カンセイトコドウの2016,牝,,,ルースリンド,2001106791,カンセイトコドウ,2011100330,キングカメハメハ,2001103460,,築紫洋,0.0,2001.0,2011.0,2001.0
2016101239,ピサノアマゾン,牝,高橋亮,,ベルシャザール,2008103004,オーゴンサンデー,1999101413,マーベラスサンデー,1992103687,市川義美ホールディングス,タツヤファーム,0.0,2008.0,1999.0,1992.0
2016101235,デナリテソーロ,牡,奥平雅士,,キンシャサノキセキ,2003110212,レディーエリオット,000a013b86,Authorized,000a01139f,了徳寺健二ホールディングス,タガミファーム,0.0,2003.0,2010.0,2004.0
2016101227,ソメイヨシノ,牝,武幸四郎,,パイロ,000a01176a,ラヤーリドバイ,000a0127e9,ストリートセンス,000a0113a2,小島將之,田上徹,0.0,2005.0,2009.0,2004.0
2016101225,ロンギングエレン,牝,田村康仁,,ロードカナロア,2008103552,ダイワパッション,2003101283,フォーティナイナー,000a000134,坂本浩一,田上徹,0.0,2008.0,2003.0,1985.0
2016101216,メイビーズエイムの2016,牝,,,ダンカーク,000a012185,メイビーズエイム,2007103627,スペシャルウィーク,1995103211,,下屋敷牧場,0.0,2006.0,2007.0,1995.0
2016101214,ケアラケクアベイ,牡,服部利之,,パイロ,000a01176a,ポッドフェアリー,2010103826,ネオユニヴァース,2000101426,守内ひろ子,下屋敷牧場,0.0,2005.0,2010.0,2000.0
2016101213,キンボシ,牝,箕輪武,,グランプリボス,2008103388,ポッドソレイユ,2011102081,アドマイヤムーン,2003102991,田頭喜秀,タツヤファーム,0.0,2008.0,2011.0,2003.0
2016101198,ツルオカエルドール,牡,,,ゴールドアリュール,1999106689,レディアモーレ,2003101181,フレンチデピュティ,000a00013a,,嶋田牧場,0.0,1999.0,2003.0,1992.0
2016101190,ティーズヴェローナ,牝,,,ベルシャザール,2008103004,リサイトアチャーム,2004103235,アグネスタキオン,1998101516,,佐藤陽一,0.0,2008.0,2004.0,1998.0
2016101187,バレエシューズ,牝,高橋亮,,ノヴェリスト,000a012230,ソトーグラシオ,2008103122,アグネスタキオン,1998101516,窪田芳郎,佐藤陽一,0.0,2009.0,2008.0,1998.0
2016101183,ラトラップクール,牡,大江原哲,,ダンカーク,000a012185,スウィングベル,2007102919,ゴールドアリュール,1999106689,田頭勇貴,坂本牧場,0.0,2006.0,2007.0,1999.0
2016101178,チューベローズの2016,牡,,,バゴ,2001190004,チューベローズ,2006103000,シンボリクリスエス,1999110099,,斉藤スタッド,0.0,2001.0,2006.0,1999.0
2016101177,ハヤブサグングン,牡,尾形和幸,,ヨハネスブルグ,000a0103b9,シークレットソング,2004101215,カリズマティック,000a00fa33,武田修,斉藤スタッド,0.0,1999.0,2004.0,1996.0
2016101173,フォーエバーローズ,牝,藤原英昭,,ロードカナロア,2008103552,ワンフォーローズ,000a010b6c,Tejano Run,000a010a79,ロードホースクラブ,ケイアイファーム,0.0,2008.0,1999.0,1992.0
2016101152,ロードノエル,牡,友道康夫,,ロードカナロア,2008103552,グラシャスギフト,000a012048,Giant's Causeway,000a0022e1,ロードホースクラブ,ケイアイファーム,0.0,2008.0,2009.0,1997.0
2016101150,ロードアドミラル,牡,高野友和,,ロードカナロア,2008103552,キャサリンオブアラゴン,000a011dd9,Holy Roman Emperor,000a011ab8,ロードホースクラブ,ケイアイファーム,0.0,2008.0,2008.0,2004.0
2016101142,ロードボヌール,牡,松下武士,,ノヴェリスト,000a012230,アンビータブル,2009101514,ブライアンズタイム,000a000082,ロードホースクラブ,ケイアイファーム,0.0,2009.0,2009.0,1985.0
2016101141,ジュルビアン,牝,野中賢二,,ルーラーシップ,2007103143,アウトシャイン,2010101358,ネオユニヴァース,2000101426,ロードホースクラブ,ケイアイファーム,0.0,2007.0,2010.0,2000.0
2016101137,ジョイントベンチャ,牝,加藤征弘,,スクリーンヒーロー,2004103328,ヴィエントバイラー,2002103419,メジロマックイーン,1987107235,Ｊ．ウィルソン,グローリーファーム,0.0,2004.0,2002.0,1987.0
2016101136,アースメイの2016,牝,,,プリサイスエンド,000a00fe9b,アースメイ,2011101298,スズカマンボ,2001103890,,グローリーファーム,0.0,1997.0,2011.0,2001.0
2016101132,ハロールーラー,牡,高橋義博,,ルーラーシップ,2007103143,フロムアップランド,2001103022,エリシオ,1993190001,海谷幸司,木下牧場,0.0,2007.0,2001.0,1993.0
2016101129,オルティアの2016,牡,,,エイシンフラッシュ,2007102951,オルティア,2000110051,Saint Ballado,000a00212e,,木下牧場,0.0,2007.0,2000.0,1989.0
2016101124,コールサインベーカ,牡,,,ベーカバド,000a011dc0,キタサンオウシャン,1999110231,Kingmambo,000a001d7e,,木田晶範,0.0,2007.0,1999.0,1990.0
2016101118,ブルーベルベットの2016,牝,,,ネオユニヴァース,2000101426,ブルーベルベット,2003107000,フォーティナイナー,000a000134,,加野牧場,0.0,2000.0,2003.0,1985.0
2016101109,アイファーブリッジ,牝,竹内正洋,,パドトロワ,2007102760,アイファーコラソン,2008100238,スターリングローズ,1997106560,中島稔,加野牧場,0.0,2007.0,2008.0,1997.0
2016101099,ガデスロード,牝,中道啓二,,ダンカーク,000a012185,ローザフィオーレ,2007103519,ダンスインザダーク,1993109188,折手邦雄,折手牧場,0.0,2006.0,2007.0,1993.0
2016101097,プニカ,牝,牧田和弥,,ジャスタウェイ,2009106461,ミスフーバフーバ,000a010a9e,Gone West,000a001be1,畑佐博,折手牧場,0.0,2009.0,2001.0,1984.0
2016101094,ドリーボンズレガシーの2016,牡,,,ブラックタイド,2001103312,ドリーボンズレガシー,000a0117a4,Proud Citizen,000a0105b8,,折手牧場,0.0,2001.0,2005.0,1999.0
2016101090,ミリオンズ,牝,小桧山悟,,スウェプトオーヴァーボード,000a00fa34,スターオブジェンヌ,2003101116,アジュディケーティング,000a000d5d,三岡陽,小野秀治,0.0,1997.0,2003.0,1987.0
2016101085,アデリナ,牝,安田翔伍,,エイシンフラッシュ,2007102951,マキノスペシャル,2008103991,スペシャルウィーク,1995103211,ニューワールドレーシング,沖田博志,0.0,2007.0,2008.0,1995.0
2016101084,ライトパーティクル,牡,川西毅,,エンパイアメーカー,000a010542,プレリアル,2009105767,アグネスタキオン,1998101516,田所英子,沖田博志,0.0,2000.0,2009.0,1998.0
2016101076,Mowgli,牡,,,ジャングルポケット,1998101786,クロカミノマイ,2007105320,コマンダーインチーフ,000a0000b0,,沖田哲夫,0.0,1998.0,2007.0,1990.0
2016101069,キョウエイノーヴァ,牡,中川公成,,ベルシャザール,2008103004,バトルラヴ,2005104129,マイネルラヴ,1995108558,田中晴夫,沖田忠幸,0.0,2008.0,2005.0,1995.0
2016101065,フヨウホウ,牡,牧田和弥,,シンボリクリスエス,1999110099,チャツミムスメ,2007103868,サクラバクシンオー,1989108341,山本茂,沖田忠幸,0.0,1999.0,2007.0,1989.0
2016101050,シンフォニーナイン,牝,加藤士津,,ルーラーシップ,2007103143,タカノベンチャー,2009101409,アグネスタキオン,1998101516,ニューワールドレーシング,上村清志,0.0,2007.0,2009.0,1998.0
2016101048,シゲルレッドダイヤ,牡,九日俊光,,ロードカナロア,2008103552,クラッシーシャーロット,000a010aa1,A.P. Indy,000a001d37,森中蕃,上村清志,0.0,2008.0,1998.0,1989.0
2016101047,アイアンブリッジの2016,牡,西村真幸,,オルフェーヴル,2008102636,アイアンブリッジ,1998101502,トニービン,1983109006,ライオンレースホース,上村清志,0.0,2008.0,1998.0,1983.0
2016101045,ファーストナイナーの2016,牡,,,ワークフォース,000a011a7f,ファーストナイナー,2004101088,フォーティナイナー,000a000134,,猪野毛牧場,0.0,2007.0,2004.0,1985.0
2016101043,マーストグロス,牡,清水久詞,,キングズベスト,000a0022d2,サラトガヴィーナス,2002101038,ブライアンズタイム,000a000082,岡田甲子男,猪野毛牧場,0.0,1997.0,2002.0,1985.0
2016101041,マサノスパーク,牝,清水英克,,エンパイアメーカー,000a010542,ウインクルラッキー,2005104071,アグネスタキオン,1998101516,猪野毛雅人,猪野毛牧場,0.0,2000.0,2005.0,1998.0
2016101037,プレシャスラバーの2016,牝,,,ディープブリランテ,2009105084,プレシャスラバー,1998101669,ペンタイア,1992190007,,乾皆雄,0.0,2009.0,1998.0,1992.0
2016101031,タトゥーアリ,牡,小桧山悟,,ダノンシャンティ,2007105709,コンパスローズ,2010105777,クロフネ,1998110135,アフロｉｎＥｌＰａｓｏ,稲葉牧場,0.0,2007.0,2010.0,1998.0
2016101028,ブライティアバジーの2016,牝,,,キングヘイロー,1995104427,ブライティアバジー,2002101020,トワイニング,000a000006,,飯岡牧場,0.0,1995.0,2002.0,1991.0
2016101025,Love So Deep,牝,[外],,ディープインパクト,2002100816,ソーインラヴウィズユー,000a0120fe,Sadler's Wells,000a00185d,,パカパカファーム,0.0,2002.0,2005.0,1981.0
2016101024,ユメユリ,牝,高橋祥泰,,アイルハヴアナザー,000a011ed3,アルストロメリア,2001100353,サンデーサイレンス,000a00033a,ビッグレッドファーム,ビッグレッドファーム,0.0,2009.0,2001.0,1986.0
2016101023,テイエムムーンダン,牡,飯田雄三,,アドマイヤムーン,2003102991,リアルナンバー,000a006897,Rainbow Corner,000a002322,竹園正繼,ハシモトファーム,0.0,2003.0,1997.0,1989.0
2016101020,ガンダーラプソディの2016,牝,,,ブラックタイド,2001103312,ガンダーラプソディ,2000105052,ジェイドロバリー,000a0001a7,,錦岡牧場,0.0,2001.0,2000.0,1987.0
2016101019,スターシャルマン,牡,,,スマートロビン,2008100685,グリーンプラネット,1995104193,ダンシングブレーヴ,000a0000cc,,隆栄牧場,0.0,2008.0,1995.0,1983.0
2016101004,サインヒアの2016,牝,,,ローレルゲレイロ,2004100933,サインヒア,000a010dc9,Private Terms,000a001fbd,,奥山博,0.0,2004.0,1997.0,1985.0
2016101001,アラハの2016,牡,,,ローエングリン,1999106738,アラハ,2004104995,アドマイヤベガ,1996107396,,奥山博,0.0,1999.0,2004.0,1996.0
2016100986,ケイトリン,牝,武市康男,,ナカヤマフェスタ,2006102424,キャンドルアイス,2002104976,フォーティナイナー,000a000134,川島吉男,ラッキー牧場,0.0,2006.0,2002.0,1985.0
2016100967,イイデステップの2016,牝,,,ローズキングダム,2007103404,イイデステップ,2008105154,ファンタスティックライト,1996190005,,山岡ファーム,0.0,2007.0,2008.0,1996.0
2016100965,タガノマイフレンドの2016,牡,,,アイルハヴアナザー,000a011ed3,タガノマイフレンド,2011103615,マンハッタンカフェ,1998101554,,八木牧場,0.0,2009.0,2011.0,1998.0
2016100962,タガノスプモーネ,牝,鈴木孝志,,タガノロックオン,2008104752,タガノシャルマン,2000105743,トニービン,1983109006,八木良司,八木牧場,0.0,2008.0,2000.0,1983.0
2016100960,タガノハンマー,牡,上村洋行,,パイロ,000a01176a,アポセカリー,000a0123dd,Manduro,000a0114b8,八木良司,八木牧場,0.0,2005.0,2009.0,2002.0
2016100937,ゴッドポッシブル,牡,角田晃一,,ルーラーシップ,2007103143,オメガカリビアン,2005105710,フレンチデピュティ,000a00013a,中西憲治,森永聡,0.0,2007.0,2005.0,1992.0
2016100936,トモジャパルムドル,牝,斉藤崇史,,ケープブランコ,000a011b06,シルクヴィーナス,2006104639,ティンバーカントリー,000a00035e,吉冨学,森牧場,0.0,2007.0,2006.0,1992.0
2016100919,ポエティクシーズンの2016,牝,,,ワークフォース,000a011a7f,ポエティクシーズン,1998101541,サンデーサイレンス,000a00033a,,村田牧場,0.0,2007.0,1998.0,1986.0
2016100907,リベルリバティ,牡,井上孝彦,,ローレルゲレイロ,2004100933,エルトベーレ,2007110033,Lion Heart,000a010ee2,吉田勝利,村田牧場,0.0,2004.0,2007.0,2001.0
2016100905,リュウワンナム,牝,,,カネヒキリ,2002100978,ライムライト,2003100659,アグネスタキオン,1998101516,,村上雅規,0.0,2002.0,2003.0,1998.0
2016100902,ソニドーロ,牝,久保與造,,エスポワールシチー,2005102837,クリンゲルベルガー,2006103263,スウェプトオーヴァーボード,000a00fa34,鶴田稔,村上雅規,0.0,2005.0,2006.0,1997.0
2016100896,シェルーヴ,牝,,,ヘニーヒューズ,000a011155,センティーレ,2002100986,フジキセキ,1992109618,,村上牧場,0.0,2003.0,2002.0,1992.0
2016100880,ショウナンカルメンの2016,牝,,,ディープブリランテ,2009105084,ショウナンカルメン,2006102801,King Cugat,000a010a95,,ムラカミファーム,0.0,2009.0,2006.0,1997.0
2016100871,Darling,牝,,,ルーラーシップ,2007103143,ウィステリア,2011105073,マンハッタンカフェ,1998101554,,村上進治,0.0,2007.0,2011.0,1998.0
2016100866,スパークルスパート,牝,別府真司,,シビルウォー,2005102317,ママズディッシュ,2007103201,クロフネ,1998110135,組）志士十二組合,村上欽哉,0.0,2005.0,2007.0,1998.0
2016100858,タダシサ,牡,高橋文雅,,グランプリボス,2008103388,ドキュン,2004104773,ボストンハーバー,000a00007c,佐久間拓士,村上欽哉,0.0,2008.0,2004.0,1994.0
2016100853,エニシ,牡,竹内正洋,,エイシンフラッシュ,2007102951,ダイワミストレス,2009105803,ダイワメジャー,2001103114,パニオロ,村上欽哉,0.0,2007.0,2009.0,2001.0
2016100845,ベストマティーニ,牝,杉山晴紀,,ドリームジャーニー,2004102753,サウスオブスカイ,2005103654,ボストンハーバー,000a00007c,ＫＲジャパン,村上欽哉,0.0,2004.0,2005.0,1994.0
2016100839,ヴァッサーマン,牝,,,ノヴェリスト,000a012230,ウインジュビリー,2008102899,シンボリクリスエス,1999110099,,村上欽哉,0.0,2009.0,2008.0,1999.0
2016100838,アルーシュの2016,牡,,,ヴィクトワールピサ,2007102923,アルーシュ,2011103968,チチカステナンゴ,000a011135,,村上欽哉,0.0,2007.0,2011.0,1998.0
2016100837,ヒシレイホウの2016,牝,,,ディープブリランテ,2009105084,ヒシレイホウ,1995108743,Dayjur,000a001d8b,,三村卓也,0.0,2009.0,1995.0,1987.0
2016100832,セブンプラチナム,牡,尾関知人,,クロフネ,1998110135,ホワイトウォーター,000a010e56,Forestry,000a002270,前迫義幸,的場牧場,0.0,1998.0,2001.0,1996.0
2016100831,アスカルーク,牡,,,カジノドライヴ,2005110112,テイクワンズアイ,1998101806,サンデーサイレンス,000a00033a,,的場牧場,0.0,2005.0,1998.0,1986.0
2016100821,ルージュマジックの2016,牡,,,ファーガソン,2011102417,ルージュマジック,2008100552,アフリート,000a000013,,松木加代,0.0,2011.0,2008.0,1984.0
2016100816,アムールエテルネルの2016,牡,,,スマートファルコン,2005100097,アムールエテルネル,2007105124,アルカセット,2000190010,,松木加代,0.0,2005.0,2007.0,2000.0
2016100810,ルナール,牡,清水久詞,,バゴ,2001190004,ミストラルグリーン,000a010c42,エンドスウィープ,000a00010f,槙和美,松浦牧場,0.0,2001.0,2002.0,1991.0
2016100809,ミルトブランコ,牡,佐藤吉勝,,ケープブランコ,000a011b06,ホリデイインミラノ,2002100579,サンデーサイレンス,000a00033a,永山勝敏,松浦牧場,0.0,2007.0,2002.0,1986.0
2016100792,プリモフォルス,牝,松本隆宏,,ヴァーミリアン,2002100877,フェイストウショウ,2009103956,ファスリエフ,000a00fc4c,前川隆範,前川隆範,0.0,2002.0,2009.0,1997.0
2016100791,セーヌパリジャンヌの2016,牡,,,リーチザクラウン,2006102923,セーヌパリジャンヌ,2008106754,ゴールドアリュール,1999106689,,前川隆範,0.0,2006.0,2008.0,1999.0
2016100790,アーバーデイ,牝,高橋俊之,,ケイムホーム,000a0108d1,アースツリー,2007102850,デュランダル,1999106756,（株）レックス,前川隆範,0.0,1999.0,2007.0,1999.0
2016100782,ビービーダン,牡,加用正,,ダンカーク,000a012185,ロイヤルリネージ,000a010edf,デインヒル,000a0000d1,坂東勝彦,北星村田牧場,0.0,2006.0,1997.0,1986.0
2016100775,エムヴォワールの2016,牡,,,ケープブランコ,000a011b06,エムヴォワール,2008104999,ダンスインザダーク,1993109188,,北星村田牧場,0.0,2007.0,2008.0,1993.0
2016100768,ゴールドエルフの2016,牡,,,シニスターミニスター,000a011099,ゴールドエルフ,2009105221,キングヘイロー,1995104427,,北勝ファーム,0.0,2003.0,2009.0,1995.0
2016100766,オーエスエンジェル,牝,堀江仁,,ベーカバド,000a011dc0,グジョウハチマン,2008104986,マーベラスサンデー,1992103687,鈴木伸哉,北勝ファーム,0.0,2007.0,2008.0,1992.0
2016100760,マイネローレライの2016,牝,,,アイルハヴアナザー,000a011ed3,マイネローレライ,2008100485,ロージズインメイ,000a010a10,,ビッグレッドファーム,0.0,2009.0,2008.0,2000.0
2016100750,アクルックス,牝,堀井雅広,,アイルハヴアナザー,000a011ed3,マイネベクルックス,2005105018,アグネスタキオン,1998101516,ビッグレッドファーム,ビッグレッドファーム,0.0,2009.0,2005.0,1998.0
2016100740,テンザンヒ,牝,森田直行,,ナカヤマフェスタ,2006102424,マイネグロリアーナ,2010110043,Rock Hard Ten,000a010612,ビッグレッドファーム,ビッグレッドファーム,0.0,2006.0,2010.0,2001.0
2016100728,タンドゥル,牝,伊藤大士,,アイルハヴアナザー,000a011ed3,マイネイディール,2008105633,アドマイヤマックス,1999107004,ビッグレッドファーム,ビッグレッドファーム,0.0,2009.0,2008.0,1999.0
2016100726,ニューデイズドーン,牝,畠山吉宏,,スクリーンヒーロー,2004103328,マイネアルナイル,2009105140,ロージズインメイ,000a010a10,サラブレッドクラブ・ラフィアン,ビッグレッドファーム,0.0,2004.0,2009.0,2000.0
2016100712,ブラケットターン,牝,,,アイルハヴアナザー,000a011ed3,ダンサーズブロンド,2006103271,ゴールドアリュール,1999106689,,ビッグレッドファーム,0.0,2009.0,2006.0,1999.0
2016100711,シンビジウム,牝,高橋義博,,アイルハヴアナザー,000a011ed3,ダイワノブレス,2001103200,サンデーサイレンス,000a00033a,ビッグレッドファーム,ビッグレッドファーム,0.0,2009.0,2001.0,1986.0
2016100709,コスモエトランジュ,牡,田島俊明,,アイルハヴアナザー,000a011ed3,ストレンジラブ,2007104497,ネオユニヴァース,2000101426,ビッグレッドファーム,ビッグレッドファーム,0.0,2009.0,2007.0,2000.0
2016100708,シーナリーの2016,牡,,,ナカヤマフェスタ,2006102424,シーナリー,2012110025,Scat Daddy,000a0114fe,,ビッグレッドファーム,0.0,2006.0,2012.0,2004.0
2016100707,サバナパディーダの2016,牝,,,パイロ,000a01176a,サバナパディーダ,000a011549,Cape Cross,000a0022ae,,ビッグレッドファーム,0.0,2005.0,2003.0,1994.0
2016100702,コスモミールの2016,牡,,,マツリダゴッホ,2003104570,コスモミール,2003101260,ヘクタープロテクター,000a000d6b,,ビッグレッドファーム,0.0,2003.0,2003.0,1988.0
2016100677,マイネルデーゲン,牡,田所秀孝,,スクリーンヒーロー,2004103328,イットウリョウダン,1999100070,フサイチコンコルド,1993109220,サラブレッドクラブ・ラフィアン,ビッグレッドファーム,0.0,2004.0,1999.0,1993.0
2016100672,シントーユタカ,牡,,,エスポワールシチー,2005102837,サマーコード,2007104861,スターリングローズ,1997106560,,樋渡志尚,0.0,2005.0,2007.0,1997.0
2016100662,カイラーサナータ,牝,石毛善彦,,ベーカバド,000a011dc0,ピュアドリーム,2002102339,オース,000a000d94,ミルファーム,ヒカル牧場,0.0,2007.0,2002.0,1996.0
2016100658,シングングレース,牝,大江原哲,,シングンオペラ,1998105609,ジェヴォーナ,2005100483,トウカイテイオー,1988101025,伊坂重憲,ヒカル牧場,0.0,1998.0,2005.0,1988.0
2016100656,オウシュウホマレ,牝,古賀史生,,アイルハヴアナザー,000a011ed3,オウシュウフリート,2005105472,コロナドズクエスト,000a0000b5,西村專次,ヒカル牧場,0.0,2009.0,2005.0,1995.0
2016100651,シンキングゴールド,牡,田中正二,,ゴールドアリュール,1999106689,ソフィーズローズ,1999106767,ナリタブライアン,1991108889,佐藤雄司,浜口牧場,0.0,1999.0,1999.0,1991.0
2016100648,コヨキチボンバー,牡,山元博徳,,キングズベスト,000a0022d2,プレミアノアール,2004102853,スペシャルウィーク,1995103211,（株）ファーストビジ,ハシモトファーム,0.0,1997.0,2004.0,1995.0
2016100647,テイエムハイウェイ,牡,木原一良,,ジャスタウェイ,2009106461,フェートデュヴァン,2000101506,メジロマックイーン,1987107235,竹園正繼,ハシモトファーム,0.0,2009.0,2000.0,1987.0
2016100642,グランエースマン,牡,中竹和也,,ケープブランコ,000a011b06,スクエアアウェイ,1998101684,フジキセキ,1992109618,布施慶士,ハシモトファーム,0.0,2007.0,1998.0,1992.0
2016100639,グラッツェリーサの2016,牡,,,キンシャサノキセキ,2003110212,グラッツェリーサ,2007103097,ダンスインザダーク,1993109188,,ハシモトファーム,0.0,2003.0,2007.0,1993.0
2016100624,アプラウス,牝,上原博之,,パイロ,000a01176a,ルアシェイア,2004100683,フジキセキ,1992109618,ノースヒルズ,ノースヒルズ,0.0,2005.0,2004.0,1992.0
2016100619,アイトマコト,牝,高橋康之,,ディープインパクト,2002100816,ラヴェリータ,2006110090,Unbridled's Song,000a002071,前田葉子,ノースヒルズ,0.0,2002.0,2006.0,1993.0
2016100618,ヘレナ,牝,宮本博,,ロードカナロア,2008103552,ユースティティア,2008104822,フジキセキ,1992109618,ノースヒルズ,ノースヒルズ,0.0,2008.0,2008.0,1992.0
2016100608,アムルーズ,牝,田中剛,,エイシンフラッシュ,2007102951,トラディション,2011105087,ゴールドアリュール,1999106689,ノースヒルズ,ノースヒルズ,0.0,2007.0,2011.0,1999.0
2016100606,プラエクラーラ,牝,岡田稲男,,ハーツクライ,2001103038,スティーリンキッシーズ,000a011a93,Sky Mesa,000a010a66,ノースヒルズ,ノースヒルズ,0.0,2001.0,2005.0,2000.0
2016100604,ディンドン,牝,小笠倫弘,,ヴィクトワールピサ,2007102923,シャンテクレール,2011110058,Dubawi,000a0115e2,ノースヒルズ,ノースヒルズ,0.0,2007.0,2011.0,2002.0
2016100600,ガーランド,牝,松浦聡志,,マンハッタンカフェ,1998101554,コンプリカーター,1998100676,Mr. Prospector,000a001607,前田幸治,ノースヒルズ,0.0,1998.0,1998.0,1970.0
2016100595,シードオブスマイル,牝,笹田和秀,,ジャスタウェイ,2009106461,エミナ,2002110035,デインヒル,000a0000d1,ノースヒルズ,ノースヒルズ,0.0,2009.0,2002.0,1986.0
2016100593,パーミッション,牡,大竹正博,,ゼンノロブロイ,2000101517,ヴェントス,2010104475,ウォーエンブレム,000a00fa35,ノースヒルズ,ノースヒルズ,0.0,2000.0,2010.0,1999.0
2016100592,ダルメイン,牝,萩原清,,クロフネ,1998110135,ヴィクトリアピーク,2008110060,Bernardini,000a0111fe,ノースヒルズ,ノースヒルズ,0.0,1998.0,2008.0,2003.0
2016100591,ベネメレンティ,牝,和田正一,,オルフェーヴル,2008102636,ヴィクトリアアイ,2004100665,ブライアンズタイム,000a000082,ノースヒルズ,ノースヒルズ,0.0,2008.0,2004.0,1985.0
2016100581,ヤマニンスマイリー,牝,稲垣幸雄,,ジャスタウェイ,2009106461,ヤマニンメルベイユ,2002102259,メジロマックイーン,1987107235,土井肇,錦岡牧場,0.0,2009.0,2002.0,1987.0
2016100580,ヤマニンベイパー,セ,星野忍,,マツリダゴッホ,2003104570,ヤマニンマドレーヌ,2005105363,トウカイテイオー,1988101025,土井肇,錦岡牧場,0.0,2003.0,2005.0,1988.0
2016100577,ヤマニンマンダリン,牝,中川公成,,シンボリクリスエス,1999110099,ヤマニンファビュル,2003100621,エアジハード,1995107978,土井肇,錦岡牧場,0.0,1999.0,2003.0,1995.0
2016100576,ヤマニンマニューバ,牡,池上昌和,,トーセンジョーダン,2006103169,ヤマニンパンテール,2001102117,ニホンピロウイナー,1980106362,土井肇,錦岡牧場,0.0,2006.0,2001.0,1980.0
2016100572,ヤマニンシエロス,牝,,,タートルボウル,000a012045,ヤマニンスフィアー,2000100679,ホワイトマズル,1990109700,,錦岡牧場,0.0,2002.0,2000.0,1990.0
2016100571,ヤマニンスリジエ,牝,浅見秀一,,キングズベスト,000a0022d2,ヤマニンシュクル,2001104834,トウカイテイオー,1988101025,土井肇,錦岡牧場,0.0,1997.0,2001.0,1988.0
2016100570,ヤマニンルニオーネ,牝,,,トーセンホマレボシ,2009106092,ヤマニングルノイユ,2007104741,タイキシャトル,1994109686,,錦岡牧場,0.0,2009.0,2007.0,1994.0
2016100557,プリティカポレイの2016,牡,,,アドマイヤムーン,2003102991,プリティカポレイ,2007104706,クロフネ,1998110135,,新冠橋本牧場,0.0,2003.0,2007.0,1998.0
2016100551,デライトポイントの2016,牝,,,ハーツクライ,2001103038,デライトポイント,2003101290,トウカイテイオー,1988101025,,新冠橋本牧場,0.0,2001.0,2003.0,1988.0
2016100547,ダンツコーラル,牡,谷潔,,シンボリクリスエス,1999110099,シャイニングピサ,2009110006,Smart Strike,000a00211c,山元哲二,新冠橋本牧場,0.0,1999.0,2009.0,1992.0
2016100536,アルムポノポノ,牝,五十嵐忠,,キングズベスト,000a0022d2,ポレイア,2009101362,ゴールドアリュール,1999106689,崎川美枝子,新冠タガノファーム,0.0,1997.0,2009.0,1999.0
2016100535,タガノブリザード,牡,五十嵐忠,,バゴ,2001190004,ボルボレッタ,2009106303,ウォーエンブレム,000a00fa35,八木良司,新冠タガノファーム,0.0,2001.0,2009.0,1999.0
2016100534,タガノダンシング,牝,川村禎彦,,キングズベスト,000a0022d2,ボディーダンシング,2010103812,ホワイトマズル,1990109700,八木良司,新冠タガノファーム,0.0,1997.0,2010.0,1990.0
2016100531,フレイミングスカイIIの2016,牡,,,パイロ,000a01176a,フレイミングスカイII,000a0116cb,Red Ransom,000a001c68,,新冠タガノファーム,0.0,2005.0,2005.0,1987.0
2016100526,タガノティアーズの2016,牝,,,シンボリクリスエス,1999110099,タガノティアーズ,2004100611,タニノギムレット,1999100226,,新冠タガノファーム,0.0,1999.0,2004.0,1999.0
2016100524,タガノレンリ,牝,浅見秀一,,キングズベスト,000a0022d2,タガノシビル,2007106603,フジキセキ,1992109618,八木良司,新冠タガノファーム,0.0,1997.0,2007.0,1992.0
2016100522,タガノキャンドルの2016,牝,,,キングズベスト,000a0022d2,タガノキャンドル,2009106310,アグネスタキオン,1998101516,,新冠タガノファーム,0.0,1997.0,2009.0,1998.0
2016100521,タガノガッキー,牝,今野貞一,,キングズベスト,000a0022d2,タガノガンチーニ,2006106567,ネオユニヴァース,2000101426,八木良司,新冠タガノファーム,0.0,1997.0,2006.0,2000.0
2016100519,タガノコノミン,牝,岡田稲男,,ノヴェリスト,000a012230,タガノイノセンス,2007106460,マンハッタンカフェ,1998101554,八木良司,新冠タガノファーム,0.0,2009.0,2007.0,1998.0
2016100518,タガノシャイニー,セ,五十嵐忠,,タガノロックオン,2008104752,タイニーシャイナー,2005102272,フレンチデピュティ,000a00013a,八木良司,新冠タガノファーム,0.0,2008.0,2005.0,1992.0
2016100517,タガノスピカ,牝,五十嵐忠,,ケープブランコ,000a011b06,スペシャルディナー,2005107041,スペシャルウィーク,1995103211,八木良司,新冠タガノファーム,0.0,2007.0,2005.0,1995.0
2016100515,タガノベリキュー,牝,渡辺薫彦,,アイルハヴアナザー,000a011ed3,スターアルファ,1992109426,サンデーサイレンス,000a00033a,八木良司,新冠タガノファーム,0.0,2009.0,1992.0,1986.0
2016100514,タガノシュトラール,牡,鈴木孝志,,ケープブランコ,000a011b06,シャイニンバイパー,2009110007,Smart Strike,000a00211c,八木良司,新冠タガノファーム,0.0,2007.0,2009.0,1992.0
2016100513,タガノジョーヌ,牡,宮徹,,ダイワメジャー,2001103114,キープザフェイス,2002100679,エアジハード,1995107978,八木良司,新冠タガノファーム,0.0,2001.0,2002.0,1995.0
2016100512,タガノスミカ,牝,池添学,,ケープブランコ,000a011b06,キャンパスライフ,2007103335,デュランダル,1999106756,八木良司,新冠タガノファーム,0.0,2007.0,2007.0,1999.0
2016100511,タガノサルバドル,牡,宮本博,,ワークフォース,000a011a7f,オメガトゥルカラー,2004103344,クロフネ,1998110135,八木良司,新冠タガノファーム,0.0,2007.0,2004.0,1998.0
2016100510,タガノカルーア,牝,千田輝彦,,シンボリクリスエス,1999110099,アルーア,2009106427,ディープインパクト,2002100816,八木良司,新冠タガノファーム,0.0,1999.0,2009.0,2002.0
2016100508,ロイヤルウルフ,牡,,,スマートファルコン,2005100097,ロイヤルジュエリー,2006105533,キングカメハメハ,2001103460,,新冠伊藤牧場,0.0,2005.0,2006.0,2001.0
2016100506,ノーブルヘリオス,牡,水野貴広,,ディープブリランテ,2009105084,ノーブルジュピタ,2010105277,アドマイヤジュピタ,2003102883,吉木伸彦,新冠伊藤牧場,0.0,2009.0,2010.0,2003.0
2016100504,コルカロリの2016,牝,,,ダンカーク,000a012185,コルカロリ,2011104988,ステイゴールド,1994108729,,新冠伊藤牧場,0.0,2006.0,2011.0,1994.0
2016100502,クリノテバク,牝,高市圭二,,パドトロワ,2007102760,アイズオブナタリー,2011104363,カンパニー,2001103435,栗本博晴,新冠伊藤牧場,0.0,2007.0,2011.0,2001.0
2016100500,カフジパール,牝,木原一良,,エイシンフラッシュ,2007102951,トウカイベルタ,2008104734,ワイルドラッシュ,000a0003a1,加藤守,長浜牧場,0.0,2007.0,2008.0,1994.0
2016100498,トウカイシャルム,牝,,,ケープブランコ,000a011b06,トウカイセレブ,2006104664,キングカメハメハ,2001103460,,長浜牧場,0.0,2007.0,2006.0,2001.0
2016100495,シゲルカーネリアン,牝,中野栄治,,ボストンハーバー,000a00007c,シゲルイブキヤマ,2006103887,スウェプトオーヴァーボード,000a00fa34,森中蕃,長浜秀昭,0.0,1994.0,2006.0,1997.0
2016100488,キョウワスピカの2016,牡,,,タイムパラドックス,1998101683,キョウワスピカ,1996101145,オグリキャップ,1985102167,,長浜忠,0.0,1998.0,1996.0,1985.0
2016100481,クレアシアグルーヴ,牡,青木孝文,,アッミラーレ,1997100569,アマレット,2008100079,スウェプトオーヴァーボード,000a00fa34,イージス,中本牧場,0.0,1997.0,2008.0,1997.0
2016100479,デイジーアウラ,牝,大竹正博,,マツリダゴッホ,2003104570,ヒミノオトヒメ,2002102207,コマンダーインチーフ,000a0000b0,湊義明,中本隆志,0.0,2003.0,2002.0,1990.0
2016100468,ナゾの2016,牡,,,コンデュイット,2005190006,ナゾ,1998105579,スターマン,1991107851,,中地康弘,0.0,2005.0,1998.0,1991.0
2016100464,アラビアータの2016,牡,,,ブラックタイド,2001103312,アラビアータ,2007102740,キングカメハメハ,2001103460,,土井牧場,0.0,2001.0,2007.0,2001.0
2016100463,メイプルブラック,牡,山内研二,,キングヘイロー,1995104427,レッドクレオパトラ,2003105780,タヤスツヨシ,1992109612,節英司,トモファーム,0.0,1995.0,2003.0,1992.0
2016100458,サンデースクリーンの2016,牝,,,パイロ,000a01176a,サンデースクリーン,1994108750,サンデーサイレンス,000a00033a,,富本茂喜,0.0,2005.0,1994.0,1986.0
2016100450,シーンスティーラー,セ,鈴木孝志,,スクリーンヒーロー,2004103328,ヒシイサベル,2007102703,キングヘイロー,1995104427,前田幸治,飛渡牧場,0.0,2004.0,2007.0,1995.0
2016100439,ミルトスミス,牡,杉山晴紀,,タートルボウル,000a012045,カナザワノハナ,2006104586,タヤスツヨシ,1992109612,永山勝敏,つつみ牧場,0.0,2002.0,2006.0,1992.0
2016100426,アイファインバンドの2016,牡,,,パドトロワ,2007102760,アイファインバンド,2008104652,タップダンスシチー,1997110043,,中央牧場,0.0,2007.0,2008.0,1997.0
2016100420,ヒストリック,牝,西村真幸,,ハーツクライ,2001103038,ドナパフューム,2010110141,Bertolini,000a00fe97,田畑利彦,大作ステーブル,0.0,2001.0,2010.0,1996.0
2016100414,テイエムフェスタ,牡,浜田多実,,ナカヤマフェスタ,2006102424,リブユアドリームス,000a011235,Mt. Livermore,000a00184b,竹園正繼,大栄牧場,0.0,2006.0,1998.0,1981.0
2016100409,シュガーレスレディ,牝,斉藤正弘,,ジャングルポケット,1998101786,ドリームパール,2009106892,マンハッタンカフェ,1998101554,浜口寛,大栄牧場,0.0,1998.0,2009.0,1998.0
2016100408,タカラティアラ,牝,藤原辰雄,,エンパイアメーカー,000a010542,タカラサイレンス,1998101123,サンデーサイレンス,000a00033a,村山義男,大栄牧場,0.0,2000.0,1998.0,1986.0
2016100399,インディアンファイルの2016,牡,,,ナカヤマフェスタ,2006102424,インディアンファイル,000a010ce9,A.P. Indy,000a001d37,,大栄牧場,0.0,2006.0,2001.0,1989.0
2016100396,ラヴソースウィートの2016,牝,,,ローレルゲレイロ,2004100933,ラヴソースウィート,2006105017,スペシャルウィーク,1995103211,,田渕牧場,0.0,2004.0,2006.0,1995.0
2016100390,テイエムプレミア,牝,五十嵐忠,,テイエムオペラオー,1996100292,テイエムプリキュア,2003101046,パラダイスクリーク,1989109110,竹園正繼,タニグチ牧場,0.0,1996.0,2003.0,1989.0
2016100384,イーパンサーパン,牝,橋本忠明,,シンボリクリスエス,1999110099,キャサリンアイドル,2005102764,バブルガムフェロー,1993109219,松本俊廣,タニグチ牧場,0.0,1999.0,2005.0,1993.0
2016100382,テイエムジョーダン,牝,鈴木孝志,,トーセンジョーダン,2006103169,アレキサンドリア,2003102792,サンデーサイレンス,000a00033a,竹園正繼,タニグチ牧場,0.0,2006.0,2003.0,1986.0
2016100379,ラインリース,牝,沖芳夫,,ノヴェリスト,000a012230,レンデフルール,2004100452,ブライアンズタイム,000a000082,大澤繁昌,武田牧場,0.0,2009.0,2004.0,1985.0
2016100378,ベネラの2016,牝,,,パイロ,000a01176a,ベネラ,2007104536,フォーティナイナー,000a000134,,武田牧場,0.0,2005.0,2007.0,1985.0
2016100377,ラペーシュ,牝,星野忍,,バゴ,2001190004,イイデエース,2006104509,スペシャルウィーク,1995103211,福原晃,武田牧場,0.0,2001.0,2006.0,1995.0
2016100375,マイネアレグリアの2016,牡,,,カネヒキリ,2002100978,マイネアレグリア,2002106752,スペシャルウィーク,1995103211,,武田修一,0.0,2002.0,2002.0,1995.0
2016100371,カルストンジョイナ,牝,清水久詞,,アドマイヤジャパン,2002102324,カルストンハイネ,2007104525,カルストンライトオ,1998103333,清水貞光,武田寛治,0.0,2002.0,2007.0,1998.0
2016100370,カネトシレジアスの2016,牝,,,ローズキングダム,2007103404,カネトシレジアス,2005102201,ジャングルポケット,1998101786,,武田寛治,0.0,2007.0,2005.0,1998.0
2016100367,ルミナスカラーの2016,牡,,,カンパニー,2001103435,ルミナスカラー,2003100425,ヘクタープロテクター,000a000d6b,,高瀬牧場,0.0,2001.0,2003.0,1988.0
2016100365,ドラード,牡,南田美知,,ヘニーヒューズ,000a011155,ヤマノボンディール,2005105147,ダンスインザダーク,1993109188,節英司,高瀬牧場,0.0,2003.0,2005.0,1993.0
2016100363,アイプリンセス,牝,,,タニノギムレット,1999100226,ビバドリーム,2009104782,クロフネ,1998110135,,高瀬牧場,0.0,1999.0,2009.0,1998.0
2016100351,ケイアイバニラ,牡,田村康仁,,ヘニーヒューズ,000a011155,クィーンオブキネマ,2004100416,タイキシャトル,1994109686,亀田和弘,隆栄牧場,0.0,2003.0,2004.0,1994.0
2016100348,アトムアリス,牝,松山将樹,,ベーカバド,000a011dc0,アトムスパンカー,2006106886,ジェニュイン,1992109450,永井廣司,隆栄牧場,0.0,2007.0,2006.0,1992.0
2016100344,キンノオノ,牡,和田正一,,キンシャサノキセキ,2003110212,ハートヴァイン,2009104756,スピードワールド,1994109494,スピードファーム,スピードファーム,0.0,2003.0,2009.0,1994.0
2016100341,ハクサンフウロの2016,牡,,,ジョーカプチーノ,2006100529,ハクサンフウロ,2002102045,スピードワールド,1994109494,,スピードファーム,0.0,2006.0,2002.0,1994.0
2016100339,シナモンシュガー,牝,加藤和宏,,ジョーカプチーノ,2006100529,スピードエアロ,1998100430,ヤマニンゼファー,1988101069,スピードファーム,スピードファーム,0.0,2006.0,1998.0,1988.0
2016100337,エバーローズの2016,牡,,,エイシンフラッシュ,2007102951,エバーローズ,2009104752,ウインクリューガー,2000107407,,スピードファーム,0.0,2007.0,2009.0,2000.0
2016100335,スターミント,牝,佐藤英明,,ダイタクリーヴァ,1997105873,ベルモントミント,2006104885,アジュディケーティング,000a000d5d,田村義徳,スターファーム,0.0,1997.0,2006.0,1987.0
2016100334,フレンチガールの2016,牝,,,ダイタクリーヴァ,1997105873,フレンチガール,2009102078,フレンチデピュティ,000a00013a,,スターファーム,0.0,1997.0,2009.0,1992.0
2016100333,トップオフ,牡,,,ダイタクリーヴァ,1997105873,ディアハピネス,2009102885,サクラバクシンオー,1989108341,,スターファーム,0.0,1997.0,2009.0,1989.0
2016100331,カッサンドーラの2016,牡,,,ダイタクリーヴァ,1997105873,カッサンドーラ,2001106079,トワイニング,000a000006,,スターファーム,0.0,1997.0,2001.0,1991.0
2016100330,カゼノカンムリ,牡,,,カゼノグッドボーイ,2006102712,オリーブノカンムリ,2002101400,コマンダーインチーフ,000a0000b0,,スターファーム,0.0,2006.0,2002.0,1990.0
2016100323,スタートラッカーの2016,牡,,,ベーカバド,000a011dc0,スタートラッカー,2000101469,サンデーサイレンス,000a00033a,,須崎牧場,0.0,2007.0,2000.0,1986.0
2016100310,トミケンサフ,牝,蛯名雄太,,カジノドライヴ,2005110112,シェーンブリッツ,2011105042,クロフネ,1998110135,冨樫賢二,スカイビーチステーブル,0.0,2005.0,2011.0,1998.0
2016100308,イラストリアス,牝,藤沢則雄,,ベルシャザール,2008103004,ミスマリーン,2011104789,マヤノトップガン,1992102988,YGGオーナーズクラブ,シンユウファーム,0.0,2008.0,2011.0,1992.0
2016100300,ルルディ,牝,,,セレスハント,2005101116,ルミエールブーケ,2006106466,アグネスタキオン,1998101516,,サンローゼン,0.0,2005.0,2006.0,1998.0
2016100295,ボンサンテ,牝,,,ローレルゲレイロ,2004100933,コロニアルディーバ,2003100958,コロニアルアッフェアー,000a0000ae,,サンローゼン,0.0,2004.0,2003.0,1990.0
2016100289,アオイハヤブサ,牝,野中賢二,,スクリーンヒーロー,2004103328,ソルスティス,2007102372,クロフネ,1998110135,新谷正子,佐藤牧場,0.0,2004.0,2007.0,1998.0
2016100283,キャリアチョイス,牡,,,スターリングローズ,1997106560,エルファンタジヤ,2003100794,エルコンドルパサー,1995108742,,佐藤静子,0.0,1997.0,2003.0,1995.0
2016100271,コケシ,牝,成田明,,アサクサキングス,2004103163,ヘイブンズギフト,2010103658,クロフネ,1998110135,（同）ＪＰＮ技研,五丸農場,0.0,2004.0,2010.0,1998.0
2016100270,フラッシュウェーブの2016,牝,,,サンカルロ,2006102822,フラッシュウェーブ,1999107048,サンデーサイレンス,000a00033a,,五丸農場,0.0,2006.0,1999.0,1986.0
2016100260,キングイチヒメ,牝,上田二郎,,ディープブリランテ,2009105084,キングシスター,2002101949,キンググローリアス,000a000d48,伊藤正男,小松隆弘,0.0,2009.0,2002.0,1986.0
2016100259,ウインシャスタテ,牝,金成貴史,,ロージズインメイ,000a010a10,メジロシャープ,1995108303,メジロマックイーン,1987107235,ウイン,コスモヴューファーム,0.0,2000.0,1995.0,1987.0
2016100253,ウインロノ,牡,佐藤浩一,,ロードカナロア,2008103552,ピサノサンデー,1996107144,サンデーサイレンス,000a00033a,横山育生,コスモヴューファーム,0.0,2008.0,1996.0,1986.0
2016100247,ダイイチアピールの2016,牡,中舘英二,,アイルハヴアナザー,000a011ed3,ダイイチアピール,1996107343,サンデーサイレンス,000a00033a,ウイン,コスモヴューファーム,0.0,2009.0,1996.0,1986.0
2016100243,ミギミミミギミミ,牝,田村彰啓,,シンボリクリスエス,1999110099,サマーアクトレス,2005105261,サクラバクシンオー,1989108341,大西洋平,コスモヴューファーム,0.0,1999.0,2005.0,1989.0
2016100241,ウインシュタール,牡,高橋祥泰,,アイルハヴアナザー,000a011ed3,コスモプラチナ,2003105723,ステイゴールド,1994108729,ウイン,コスモヴューファーム,0.0,2009.0,2003.0,1994.0
2016100240,コスモフライハイの2016,牡,,,アイルハヴアナザー,000a011ed3,コスモフライハイ,2004101535,ダンスインザダーク,1993109188,,コスモヴューファーム,0.0,2009.0,2004.0,1993.0
2016100231,ウインアウローラ,牡,内村寛司,,マツリダゴッホ,2003104570,アラームコール,1996101718,ブライアンズタイム,000a000082,（同）ＪＰＮ技研,コスモヴューファーム,0.0,2003.0,1996.0,1985.0
2016100229,ミラクルモーメントの2016,牝,,,トゥザグローリー,2007103265,ミラクルモーメント,2008104190,フジキセキ,1992109618,,小泉学,0.0,2007.0,2008.0,1992.0
2016100226,ドラゴンシップの2016,牝,,,カジノドライヴ,2005110112,ドラゴンシップ,2009104640,クロフネ,1998110135,,小泉学,0.0,2005.0,2009.0,1998.0
2016100223,イケイケヒューマ,牡,三坂盛雄,,スクリーンヒーロー,2004103328,シルバーストリーク,2010105461,クロフネ,1998110135,大志総合企画（株）,小泉学,0.0,2004.0,2010.0,1998.0
2016100221,ラインハーベスト,牡,水野貴広,,ヘニーヒューズ,000a011155,ラインジェシカ,2007104155,マーベラスサンデー,1992103687,大澤繁昌,小泉牧場,0.0,2003.0,2007.0,1992.0
2016100200,ヒホウ,牡,小野次郎,,ローレルゲレイロ,2004100933,ゴコウ,2001110276,デインヒル,000a0000d1,協和牧場,協和牧場,0.0,2004.0,2001.0,1986.0
2016100196,キョウワソレイユ,牝,千田輝彦,,キングヘイロー,1995104427,キョウワエンプレス,2001101711,サンデーサイレンス,000a00033a,協和牧場,協和牧場,0.0,1995.0,2001.0,1986.0
2016100193,ウイッチハント,牝,,,スクリーンヒーロー,2004103328,ウインキナウ,2006102807,キングカメハメハ,2001103460,,協和牧場,0.0,2004.0,2006.0,2001.0
2016100186,ネオグラティアの2016,牝,,,タートルボウル,000a012045,ネオグラティア,2006104293,ネオユニヴァース,2000101426,,川島牧場,0.0,2002.0,2006.0,2000.0
2016100183,カフジサターン,牡,中竹和也,,クリストワイニング,1997110169,カフジウインド,2011104651,ディープインパクト,2002100816,加藤守,川島牧場,0.0,1997.0,2011.0,2002.0
2016100175,ユメヲオッテ,牡,小桧山悟,,ベーカバド,000a011dc0,トレノブレーヴィ,2006106853,アグネスデジタル,1997110025,前田重夫,川上悦夫,0.0,2007.0,2006.0,1997.0
2016100168,バシクンレッツゴー,牡,高橋義博,,キャプテントゥーレ,2005102216,リンダトリアーノ,1998105862,ロドリゴデトリアーノ,000a000d71,石橋英郎,上井農場,0.0,2005.0,1998.0,1989.0
2016100166,ゴールドベイン,牡,高橋義博,,ベーカバド,000a011dc0,クリノメダリスト,2006106767,ステイゴールド,1994108729,高橋信博,上井農場,0.0,2007.0,2006.0,1994.0
2016100159,ヒシバラードの2016,牡,,,ダンカーク,000a012185,ヒシバラード,2000110036,Saint Ballado,000a00212e,,カミイスタット,0.0,2006.0,2000.0,1989.0
2016100143,カシノヴィガの2016,牡,,,カネヒキリ,2002100978,カシノヴィガ,2002101782,デヒア,000a0000df,,柏木一則,0.0,2002.0,2002.0,1991.0
2016100138,ディーエストレンド,牡,,,ロジユニヴァース,2006103140,ビオンディーナ,2003102479,エンドスウィープ,000a00010f,,オリエント牧場,0.0,2006.0,2003.0,1991.0
2016100124,プモの2016,牡,,,スペシャルウィーク,1995103211,プモ,2007106376,アグネスデジタル,1997110025,,大林ファーム,0.0,1995.0,2007.0,1997.0
2016100115,ジギーベイ,牝,小桧山悟,,ベルシャザール,2008103004,マリントウショウ,2009103935,キャプテンスティーヴ,000a000d9d,加藤徹,大狩部牧場,0.0,2008.0,2009.0,1997.0
2016100114,プルマージュの2016,牝,,,サムライハート,2002100996,プルマージュ,2006104307,フォーティナイナー,000a000134,,大狩部牧場,0.0,2002.0,2006.0,1985.0
2016100111,スノードロップの2016,牡,,,ローズキングダム,2007103404,スノードロップ,2010103247,クロフネ,1998110135,,大狩部牧場,0.0,2007.0,2010.0,1998.0
2016100110,グランシャピトー,牝,青木孝文,,サダムパテック,2008102652,グラントリノ,2009104487,グランデラ,000a00fe3b,加藤厚子,大狩部牧場,0.0,2008.0,2009.0,1998.0
2016100099,プリンセスレジーナ,牝,,,トーセンジョーダン,2006103169,マイネレジーナ,1996104967,サンデーサイレンス,000a00033a,,イワミ牧場,0.0,2006.0,1996.0,1986.0
2016100096,サツキナデシコ,牝,桧森邦夫,,サムライハート,2002100996,コスモハイクラス,2000105414,ウォーニング,000a000843,小野博郷,イワミ牧場,0.0,2002.0,2000.0,1985.0
2016100092,クリノストロング,牡,高橋義忠,,ストロングリターン,2006102934,ローズヘイロー,2006104129,キングヘイロー,1995104427,栗本守,石田牧場,0.0,2006.0,2006.0,1995.0
2016100091,レアリサールの2016,牝,,,ベルシャザール,2008103004,レアリサール,2008104260,ブライアンズタイム,000a000082,,石田牧場,0.0,2008.0,2008.0,1985.0
2016100083,シゲルリンカイセキ,牡,粕谷昌央,,サムライハート,2002100996,イシノビリーヴミー,2000104442,ジェイドロバリー,000a0001a7,森中蕃,石田牧場,0.0,2002.0,2000.0,1987.0
2016100077,セイウンメラビリア,牝,中舘英二,,キンシャサノキセキ,2003110212,ドリームシップ,2000101614,アフリート,000a000013,西山茂行,石郷岡雅樹,0.0,2003.0,2000.0,1984.0
2016100071,ヴェイディミーカム,牝,小桧山悟,,キングズベスト,000a0022d2,ヴィミーリッジ,000a0116e3,Indian Ridge,000a001ef3,アフロｉｎＥｌＰａｓｏ,石郷岡雅樹,0.0,1997.0,2001.0,1985.0
2016100067,エレガントゴールドの2016,牡,,,アポロキングダム,2003110139,エレガントゴールド,2005107081,ステイゴールド,1994108729,,飯島功典,0.0,2003.0,2005.0,1994.0
2016100060,ファストジャパン,牡,千葉幸喜,,スターリングローズ,1997106560,アラマササンデー,2007104077,フジキセキ,1992109618,小原準一郎,アラキファーム,0.0,1997.0,2007.0,1992.0
2016100058,アスペリタス,牡,和田勇介,,ヘニーヒューズ,000a011155,アラカメジョウ,2009104439,キングカメハメハ,2001103460,ミルファーム,アラキファーム,0.0,2003.0,2009.0,2001.0
2016100055,ドクターベローナの2016,牝,,,スターリングローズ,1997106560,ドクターベローナ,1996102544,メジロライアン,1987105368,,安達洋生,0.0,1997.0,1996.0,1987.0
2016100054,Etwas Neues,牡,,,ストロングリターン,2006102934,ツルマルアイ,2004106030,タイキシャトル,1994109686,,安達洋生,0.0,2006.0,2004.0,1994.0
2016100050,ムーンライトゼファーの2016,牡,,,ヴィクトワールピサ,2007102923,ムーンライトゼファー,000a0118a4,ムーンロケット,2000101586,,アサヒ牧場,0.0,2007.0,2004.0,2000.0
2016100046,ハナズルナピエナの2016,牡,,,ヴィクトワールピサ,2007102923,ハナズルナピエナ,2009102988,アドマイヤムーン,2003102991,,アサヒ牧場,0.0,2007.0,2009.0,2003.0
2016100045,トップラローズ,牝,,,サイレントディール,2000101634,トップロンシャン,2003101916,ワカオライデン,1981100841,,アサヒ牧場,0.0,2000.0,2003.0,1981.0
2016100041,ニジュウメンソウ,牡,湯前良人,,バンブーエール,2003104100,シルクサルート,2002101524,フジキセキ,1992109618,福永實,アサヒ牧場,0.0,2003.0,2002.0,1992.0
2016100038,アルファアップルの2016,牡,,,ネオユニヴァース,2000101426,アルファアップル,2006106692,リンドシェーバー,1988107894,,アサヒ牧場,0.0,2000.0,2006.0,1988.0
2016100037,ケイエムファースト,牡,,,タイキシャトル,1994109686,ビビットベイビー,2006104191,クロフネ,1998110135,,浅川牧場,0.0,1994.0,2006.0,1998.0
2016100028,ホウサク,セ,森田直行,,トーセンホマレボシ,2009106092,アリスマイン,2009106276,タニノギムレット,1999100226,林正道,秋田牧場,0.0,2009.0,2009.0,1999.0
2016100025,ラルガヴィータの2016,牝,,,ヒルノダムール,2007100727,ラルガヴィータ,2008100258,シンボリクリスエス,1999110099,,赤石久夫,0.0,2007.0,2008.0,1999.0
2016100024,ミヤジニキータの2016,牝,,,ヒルノダムール,2007100727,ミヤジニキータ,2004103835,クロフネ,1998110135,,赤石久夫,0.0,2007.0,2004.0,1998.0
2016100023,ホワイトホーネットの2016,牝,,,スターリングローズ,1997106560,ホワイトホーネット,2006103366,スウェプトオーヴァーボード,000a00fa34,,赤石久夫,0.0,1997.0,2006.0,1997.0
2016100022,プリンセススズカの2016,牝,,,ヒルノダムール,2007100727,プリンセススズカ,2001101324,ジェイドロバリー,000a0001a7,,赤石久夫,0.0,2007.0,2001.0,1987.0
2016100019,ナツロック,牝,,,ナカヤマフェスタ,2006102424,ディアパルティール,2011100530,ファンタスティックライト,1996190005,,赤石久夫,0.0,2006.0,2011.0,1996.0
2016100013,シンカンキヨフジの2016,牝,,,ベーカバド,000a011dc0,シンカンキヨフジ,2000104392,アジュディケーティング,000a000d5d,,赤石久夫,0.0,2007.0,2000.0,1987.0
2016100009,メダリスタ,牡,大江原哲,,ロージズインメイ,000a010a10,アンドロメダ,2003100007,マヤノトップガン,1992102988,岡田牧雄,赤石久夫,0.0,2000.0,2003.0,1992.0
2016100005,Panthea,牝,,,ノヴェリスト,000a012230,ポントテレーザ,000a013eb5,Sicyos,000a0109d1,,ノーザンファーム,0.0,2009.0,2003.0,1981.0
2016100004,Navadir,牝,,,ディープインパクト,2002100816,ズマルーダ,000a01295c,Encosta de Lago,000a0112ca,,ノーザンファーム,0.0,2002.0,2009.0,1993.0
2016100003,アンスポークンチョイスの2016,牡,,,ディープインパクト,2002100816,アンスポークンチョイス,000a01295b,Giant's Causeway,000a0022e1,,ノーザンファーム,0.0,2002.0,2003.0,1997.0
2016100002,Abr Al Hudood,牝,,,ディープインパクト,2002100816,アマーニ,000a01280d,Pivotal,000a002328,,ノーザンファーム,0.0,2002.0,2008.0,1993.0
2016100001,Power Gal,牝,[外],,エンパイアメーカー,000a010542,ナン,000a011a69,High Yield,000a00fd81,,パカパカファーム,0.0,2000.0,2006.0,1997.0
