horse_id,horse_name,sex,trainer,trainer_id,sire,sire_id,dam,dam_id,sire_of_dam,bms_id,owner,breeder,total_prize,sire_birth_year,dam_birth_year,bms_birth_year
2021105898,レガレイラ,牝,木村哲也,,スワーヴリチャード,2014106083,ロカ,2012104903,ハービンジャー,000a011996,サンデーレーシング,ノーザンファーム,"91,063.7",2014.0,2012.0,2006.0
2021105143,ダノンデサイル,牡,安田翔伍,,エピファネイア,2010104155,トップデサイル,000a013daa,Congrats,000a010687,ダノックス,社台ファーム,"83,681.8",2010.0,2012.0,2000.0
2021107171,ジャンタルマンタル,牡,高野友和,,パレスマリス,000a014a1a,インディアマントゥアナ,000a01b4fc,Wilburn,000a013c87,社台レースホース,社台ファーム,"71,249.8",2010.0,2014.0,2008.0
2021190001,カランダガン,セ,グラファ,,Gleneagles,000a0128fa,Calayana,000a02081b,Sinndar,000a002329,アガ・カーン・スタッズ,Haras De S.A. Aga Khan Scea,"50,378.0",2012.0,2014.0,1997.0
2021105521,ヘデントール,牡,木村哲也,,ルーラーシップ,2007103143,コルコバード,2013105816,ステイゴールド,1994108729,キャロットファーム,ノーザンファーム,"48,610.1",2007.0,2013.0,1994.0
2021105643,チェルヴィニア,牝,木村哲也,,ハービンジャー,000a011996,チェッキーノ,2013106005,キングカメハメハ,2001103460,サンデーレーシング,ノーザンファーム,"41,956.6",2006.0,2013.0,2001.0
2021103272,メイショウタバル,牡,石橋守,,ゴールドシップ,2009102739,メイショウツバクロ,2010105144,フレンチデピュティ,000a00013a,松本好隆,三嶋牧場,"41,809.3",2009.0,2010.0,1992.0
2021105795,ジャスティンミラノ,牡,友道康夫,,キズナ,2010105827,マーゴットディド,000a013dbc,Exceed And Excel,000a010a61,三木正浩,ノーザンファーム,"40,306.9",2010.0,2008.0,2000.0
2021105615,ミッキーファイト,牡,田中博康,,ドレフォン,000a013b82,スペシャルグルーヴ,2007103232,スペシャルウィーク,1995103211,野田みづき,ノーザンファーム,"40,038.7",2013.0,2007.0,1995.0
2021105436,アーバンシック,牡,武井亮,,スワーヴリチャード,2014106083,エッジースタイル,2013106141,ハービンジャー,000a011996,シルクレーシング,ノーザンファーム,"39,761.2",2014.0,2013.0,2006.0
2021105354,アスコリピチェーノ,牝,黒岩陽一,,ダイワメジャー,2001103114,アスコルティ,2011104104,Danehill Dancer,000a002309,サンデーレーシング,ノーザンファーム,"39,699.5",2001.0,2011.0,1993.0
2021106787,コスモキュランダ,牡,加藤士津,,アルアイン,2014106046,サザンスピード,000a01216c,Southern Image,000a011132,ビッグレッドファーム,ビッグレッドファーム,"39,339.0",2014.0,2007.0,2000.0
2021110048,シンエンペラー,牡,矢作芳人,,Siyouni,000a012056,Starlet's Sister,000a013a83,Galileo,000a00232b,藤田晋,Ecurie Des Monceaux,"35,604.4",2007.0,2009.0,1998.0
2021104756,サンライズジパング,牡,前川恭子,,キズナ,2010105827,サイマー,000a013e79,Zoffany,000a012701,ライフハウス,追分ファーム,"34,105.6",2010.0,2013.0,2008.0
2021105743,ステレンボッシュ,牝,宮田敬介,,エピファネイア,2010104155,ブルークランズ,2014106206,ルーラーシップ,2007103143,吉田勝己,ノーザンファーム,"31,176.8",2010.0,2014.0,2007.0
2021105727,フォーエバーヤング,牡,矢作芳人,,リアルスティール,2012104889,フォエヴァーダーリング,000a013dcb,Congrats,000a010687,藤田晋,ノーザンファーム,"29,420.0",2012.0,2013.0,2000.0
2021105195,ショウナンラプンタ,牡,高野友和,,キズナ,2010105827,フリアアステカ,000a013dad,Zensational,000a0119b2,国本哲秀,社台ファーム,"25,073.9",2010.0,2013.0,2006.0
2021105700,ダブルハートボンド,牝,大久保龍,,キズナ,2010105827,パーシステントリー,000a011b0f,Smoke Glacken,000a00222c,シルクレーシング,ノーザンファーム,"24,509.4",2010.0,2006.0,1994.0
2021105414,クイーンズウォーク,牝,中内田充,,キズナ,2010105827,ウェイヴェルアベニュー,000a013dbd,Harlington,000a013c7f,サンデーレーシング,ノーザンファーム,"24,372.0",2010.0,2011.0,2002.0
2021106640,ラムジェット,牡,佐々木晶,,マジェスティックウォリアー,000a011e9c,ネフェルティティ,2013101828,ゴールドアリュール,1999106689,前田幸治,ノースヒルズ,"24,119.8",2005.0,2013.0,1999.0
2021105724,シックスペンス,牡,国枝栄,,キズナ,2010105827,フィンレイズラッキーチャーム,000a014412,Twirling Candy,000a01316b,キャロットファーム,ノーザンファーム,"23,700.1",2010.0,2013.0,2007.0
2021100682,アンモシエラ,牝,松永幹夫,,ブリックスアンドモルタル,000a014377,サンドクイーン,2015104953,ゴールドアリュール,1999106689,広尾レース,桑田牧場,"23,018.1",2014.0,2015.0,1999.0
2021105560,サンライズアース,牡,石坂公一,,レイデオロ,2014106201,シャンドランジュ,2013106008,マンハッタンカフェ,1998101554,ライフハウス,ノーザンファーム,"22,004.7",2014.0,2013.0,1998.0
2021102729,テンカジョウ,牝,岡田稲男,,サンダースノー,000a013a06,フィオレロ,2014103158,エンパイアメーカー,000a010542,河内孝夫,杵臼牧場,"21,520.0",2014.0,2014.0,2000.0
2021110031,オフトレイル,牡,吉村圭司,,Farhh,000a0120b6,ローズトレイル,000a012800,Kingmambo,000a001d7e,ゴドルフィン,Godolphin,"21,345.8",2008.0,2007.0,1990.0
2021100953,ウォーターリヒト,牡,石橋守,,ドレフォン,000a013b82,ウォーターピオニー,2013105651,ヴィクトワールピサ,2007102923,山岡正人,伏木田牧場,"19,553.2",2013.0,2013.0,2007.0
2021105369,アドマイヤテラ,牡,友道康夫,,レイデオロ,2014106201,アドマイヤミヤビ,2014106242,ハーツクライ,2001103038,近藤旬子,ノーザンファーム,"19,508.9",2014.0,2014.0,2001.0
2021100913,ジューンテイク,牡,武英智,,キズナ,2010105827,アドマイヤサブリナ,2010104205,シンボリクリスエス,1999110099,吉川潤,ヒダカファーム,"19,446.8",2010.0,2010.0,1999.0
2021101436,エコロヴァルツ,牡,牧浦充徳,,ブラックタイド,2001103312,プティプランセス,2006105481,キングカメハメハ,2001103460,原村正紀,下河辺牧場,"19,399.9",2001.0,2006.0,2001.0
2021105557,トロヴァトーレ,牡,鹿戸雄一,,レイデオロ,2014106201,シャルマント,2016104647,エンパイアメーカー,000a010542,サンデーレーシング,ノーザンファーム,"19,367.3",2014.0,2016.0,2000.0
2021105587,ビザンチンドリーム,牡,坂口智康,,エピファネイア,2010104155,ジャポニカーラ,2012104609,ジャングルポケット,1998101786,吉田和美,ノーザンファーム,"18,952.0",2010.0,2012.0,1998.0
2021107098,ラヴァンダ,牝,中村直也,,シルバーステート,2013105903,ゴッドパイレーツ,2014100888,ベーカバド,000a011dc0,森永聡,森永聡,"18,065.0",2013.0,2014.0,2007.0
2021100169,ロードクロンヌ,牡,四位洋文,,リオンディーズ,2013105915,リラコサージュ,2010101344,ブライアンズタイム,000a000082,ロードホースクラブ,ケイアイファーム,"17,123.2",2013.0,2010.0,1985.0
2021107179,ボンドガール,牝,手塚貴久,,ダイワメジャー,2001103114,コーステッド,000a013daf,Tizway,2005190007,藤田晋,ノーザンファーム,"16,579.1",2001.0,2014.0,2005.0
2021102424,ロジリオン,牡,古賀慎明,,リオンディーズ,2013105915,ビービーバーレル,2013103288,パイロ,000a01176a,久米田正明,坂東牧場,"16,491.4",2013.0,2013.0,2005.0
2021103868,チカッパ,牡,中竹和也,,リアルスティール,2012104889,ユニキャラ,2016110156,Into Mischief,000a0125a7,岡浩二,サンデーヒルズ,"16,261.9",2012.0,2016.0,2005.0
2021110099,ジューンブレア,牝,武英智,,American Pharoah,000a012aad,Lap of Luxury,000a01d5be,Galileo,000a00232b,吉川潤,Diamond Creek Farm,"15,681.0",2012.0,2012.0,1998.0
2021107058,ピューロマジック,牝,安田翔伍,,アジアエクスプレス,2011110091,メジェルダ,2013102088,ディープインパクト,2002100816,スリーエイチレーシング,村田牧場,"15,204.0",2011.0,2013.0,2002.0
2021104855,ホーエリート,牝,田島俊明,,ルーラーシップ,2007103143,ゴールデンハープ,2012103991,ステイゴールド,1994108729,吉田晴哉,社台コーポレーション白老ファーム,"14,932.2",2007.0,2012.0,1994.0
2021104094,シリウスコルト,牡,田中勝春,,マクフィ,000a011c77,オールドフレイム,2014104728,ゼンノロブロイ,2000101517,飯田正剛,千代田牧場,"14,810.6",2007.0,2014.0,2000.0
2021104073,カピリナ,牝,田島俊明,,ダンカーク,000a012185,ライトリーチューン,2013105719,マンハッタンカフェ,1998101554,ヒダカ・ブリーダーズ・ユニオン,谷岡牧場,"14,664.6",2006.0,2013.0,1998.0
2021110126,インユアパレス,牡,須貝尚介,,パレスマリス,000a014a1a,クイーンズターフ,2012104793,ディープインパクト,2002100816,小林英一ホールディングス,Winchester Farm,"14,514.3",2010.0,2012.0,2002.0
2021105119,キープカルム,牡,中竹和也,,ロードカナロア,2008103552,ダンスアミーガ,2011104307,サクラバクシンオー,1989108341,前田晋二,社台ファーム,"14,492.9",2008.0,2011.0,1989.0
2021103975,セキトバイースト,牝,四位洋文,,デクラレーションオブウォー,000a0136f6,ベアフットレディ,000a012102,Footstepsinthesand,000a0111b5,ＴＮレーシング,タイヘイ牧場,"14,192.1",2009.0,2008.0,2002.0
2021104876,エートラックス,牡,宮本博,,ニューイヤーズデイ,000a014589,スパイラルステップ,2012104094,シンボリクリスエス,1999110099,サンデーレーシング,社台コーポレーション白老ファーム,"14,111.8",2011.0,2012.0,1999.0
2021105399,ヴェローチェエラ,牡,須貝尚介,,リアルスティール,2012104889,イプスウィッチ,000a01293f,Danehill Dancer,000a002309,ＴＯＲＡＣＩＮＧ,ノーザンファーム,"13,863.9",2012.0,2010.0,1993.0
2021100130,ロードフォアエース,牡,友道康夫,,ロードカナロア,2008103552,イトワズマジック,000a01591e,War Front,000a011d00,ロードホースクラブ,ケイアイファーム,"13,559.7",2008.0,2016.0,2002.0
2021106935,サントノーレ,牡,荒山勝徳,,エピカリス,2014103121,リンガスウーノ,2013104896,サウスヴィグラス,1996110138,ラ・メール,松浦牧場,"13,495.0",2014.0,2013.0,1996.0
2021110133,ジャスパーロブスト,セ,森秀行,,Khozan,000a017939,Prize Informant,000a01f210,Marciano,000a01f1f7,加藤和夫,Rivermont Farm,"13,486.8",2012.0,2008.0,1998.0
2021105454,ブエナオンダ,牡,須貝尚介,,リオンディーズ,2013105915,オーサムウインド,2016104733,ディープインパクト,2002100816,金子真人ホールディングス,ノーザンファーム,"13,156.6",2013.0,2016.0,2002.0
2021101924,フィオライア,牝,西園正都,,ファインニードル,2013100612,フルールシチー,2011100790,サクラバクシンオー,1989108341,友駿ホースクラブ,日高大洋牧場,"13,140.3",2013.0,2011.0,1989.0
2021105774,ダノンマッキンリー,牡,藤原英昭,,モーリス,2011100655,ホームカミングクイーン,000a014f41,Holy Roman Emperor,000a011ab8,ダノックス,ノーザンファーム,"12,840.2",2011.0,2009.0,2004.0
2021101259,カズタンジャー,牡,新谷功一,,ドレフォン,000a013b82,ダウンタウンブギ,2013105513,アサクサキングス,2004103163,吉田和美,クラウン日高牧場,"12,795.1",2013.0,2013.0,2004.0
2021102320,ペアポルックス,牡,梅田智之,,キンシャサノキセキ,2003110212,ミラクルアスク,2010106609,ディープインパクト,2002100816,廣崎利洋ＨＤ,ＡＳＫＳＴＵＤ,"12,557.1",2003.0,2010.0,2002.0
2021110164,インビンシブルパパ,牡,伊藤大士,,Shalaa,000a0142a5,Shwaimsa,000a01f520,Canford Cliffs,000a0127a5,迫田三果子,Arrowfield Group Pty Ltd,"12,160.9",2013.0,2013.0,2007.0
2021100561,ハビレ,牡,武井亮,,ヘニーヒューズ,000a011155,トモトモリバー,2013102771,ブラックタイド,2001103312,古賀慎一,秋場牧場,"12,100.5",2003.0,2013.0,2001.0
2021105537,ビダーヤ,牡,矢作芳人,,リアルスティール,2012104889,サマーハ,000a011dd3,シングスピール,1992190005,ＤＭＭドリームクラブ,ノーザンファーム,"11,911.5",2012.0,2006.0,1992.0
2021104914,アピーリングルック,牝,辻哲英,,パイロ,000a01176a,ブライトリビング,2013105303,ワイルドラッシュ,000a0003a1,社台レースホース,社台コーポレーション白老ファーム,"11,811.7",2005.0,2013.0,1994.0
2021110148,ノーブルロジャー,牡,吉岡辰弥,,パレスマリス,000a014a1a,Noble Ready,000a01f35f,More Than Ready,000a00fcdd,ノルマンディーサラブレッドレーシング,Candy Meadows LLC,"11,599.5",2010.0,2014.0,1997.0
2021106601,ヤマニンアルリフラ,牡,斉藤崇史,,イスラボニータ,2011103565,ヤマニンパピオネ,2008104795,スウェプトオーヴァーボード,000a00fa34,土井肇,錦岡牧場,"11,408.7",2011.0,2008.0,1997.0
2021100244,ニシノティアモ,牝,上原佑紀,,ドゥラメンテ,2012104511,ニシノアモーレ,2014102696,コンデュイット,2005190006,西山茂行,タツヤファーム,"11,393.7",2012.0,2014.0,2005.0
2021105953,ライトバック,牝,安田翔伍,,キズナ,2010105827,インザスポットライト,000a013e80,Exceed And Excel,000a010a61,増田和啓,レイクヴィラファーム,"11,256.1",2010.0,2014.0,2000.0
2021104873,ポッドロゴ,牡,西園正都,,ロゴタイプ,2010103783,スクラッタ,2013105408,キングカメハメハ,2001103460,小川眞査雄,社台コーポレーション白老ファーム,"11,145.1",2010.0,2013.0,2001.0
2021105541,サフィラ,牝,池添学,,ハーツクライ,2001103038,サロミナ,000a0121c3,Lomitas,000a00fe91,シルクレーシング,ノーザンファーム,"11,034.4",2001.0,2009.0,1988.0
2021104383,マルカイグアス,牡,橋本忠明,,マクフィ,000a011c77,ノルウェーノモリ,2011100431,ディープスカイ,2005101358,日下部猛,藤沢牧場,"11,005.0",2007.0,2011.0,2005.0
2021106611,カゼノランナー,牡,松永幹夫,,キズナ,2010105827,ヴァイセフラウ,2011105117,キングカメハメハ,2001103460,前田幸大,ノースヒルズ,"10,966.3",2010.0,2011.0,2001.0
2021104434,ワイドラトゥール,牝,藤原英昭,,カリフォルニアクローム,000a012602,ワイドサファイア,2006102921,アグネスタキオン,1998101516,幅田昌伸,フジワラファーム,"10,915.4",2011.0,2006.0,1998.0
2021105829,スティンガーグラス,牡,友道康夫,,キズナ,2010105827,ライフフォーセール,000a012104,Not For Sale,000a011fae,エムズレーシング,ノーザンファーム,"10,889.7",2010.0,2008.0,1994.0
2021105799,クリスマスパレード,牝,加藤士津,,キタサンブラック,2012102013,ミスエリカ,2012110021,Blame,000a0122f4,Ｇ１レーシング,ノーザンファーム,"10,590.6",2012.0,2012.0,2006.0
2021106548,タガノデュード,牡,宮徹,,ヤマカツエース,2012102774,タガノミューチャン,2010105754,ハーツクライ,2001103038,八木良司,新冠タガノファーム,"10,589.3",2012.0,2010.0,2001.0
2021110027,エトヴプレ,牝,藤岡健一,,Too Darn Hot,000a014032,Nahoodh,000a01c72a,Clodovil,000a0130b0,Ｈ．Ｈ．シェイク・ハムダン,Godolphin,"10,533.5",2016.0,2005.0,2000.0
2021106834,コラソンビート,牝,加藤士津,,スワーヴリチャード,2014106083,ルシェルドール,2016100748,オルフェーヴル,2008102636,サラブレッドクラブ・ラフィアン,ビッグレッドファーム,"10,525.9",2014.0,2016.0,2008.0
2021104846,オールナット,牡,高野友和,,サトノダイヤモンド,2013106101,キューティゴールド,2004102762,フレンチデピュティ,000a00013a,シルクレーシング,社台コーポレーション白老ファーム,"10,523.6",2013.0,2004.0,1992.0
2021110008,ルディック,牡,高野友和,,Into Mischief,000a0125a7,ミスベジル,000a01bcce,Medaglia d'Oro,000a010a65,キャロットファーム,Northern Racing,"10,517.1",2005.0,2011.0,1999.0
2021100229,シンメデージー,牡,打越勇児,,コパノリッキー,2010106548,イズミコマンダー,2006103684,コマンダーインチーフ,000a0000b0,楠昌史,タガミファーム,"10,490.0",2010.0,2006.0,1990.0
2021101384,フォーチュンタイム,牡,吉岡辰弥,,グレーターロンドン,2012101402,オールタイムベスト,2005103113,ブライアンズタイム,000a000082,伊藤功一,下河辺牧場,"10,433.0",2012.0,2005.0,1985.0
2021103519,リラボニート,牝,須貝尚介,,スクリーンヒーロー,2004103328,ネイティヴコード,2011101743,アグネスデジタル,1997110025,Ｇリビエール・レーシング,岡田スタッド,"10,385.1",2004.0,2011.0,1997.0
2021105744,シュトラウス,牡,武井亮,,モーリス,2011100655,ブルーメンブラット,2003102993,アドマイヤベガ,1996107396,キャロットファーム,ノーザンファーム,"10,337.7",2011.0,2003.0,1996.0
2021101253,クラウンシエンタ,牡,水野貴広,,パイロ,000a01176a,クラウンミストラル,2009104142,フジキセキ,1992109618,矢野恭裕,クラウン日高牧場,"10,290.0",2005.0,2009.0,1992.0
2021104324,ディマイザキッド,牡,清水英克,,ディーマジェスティ,2013104704,ミスミーチャン,2014105768,ファスリエフ,000a00fc4c,嶋田賢,服部牧場,"10,256.4",2013.0,2014.0,1997.0
2021101845,フークピグマリオン,牡,宇都英樹,,ラニ,2013110045,エイシンサンタフェ,2012110075,Zensational,000a0119b2,福岡隆史,西野春樹,"10,231.3",2013.0,2012.0,2006.0
2021100522,ジョーメッドヴィン,牡,清水久詞,,ドレフォン,000a013b82,ジョーアラマート,2008103959,キングヘイロー,1995104427,上田江吏子,山際牧場,"10,217.4",2013.0,2008.0,1995.0
2021105630,ルシュヴァルドール,牡,矢作芳人,,リアルスティール,2012104889,ソーメニーウェイズ,000a0124ce,Sightseeing,000a0123e7,ライオンレースホース,ノーザンファーム,"10,086.6",2012.0,2010.0,2004.0
2021110160,ソンシ,牡,中内田充,,Night of Thunder,000a013801,Afdhaad,000a01f36b,Nayef,000a01056f,藤田晋,Shadwell Estate Company Limited,"10,064.2",2011.0,2013.0,1998.0
2021101549,アドマイヤマツリ,牝,宮田敬介,,キタサンブラック,2012102013,アドマイヤナイト,2012100531,アドマイヤムーン,2003102991,近藤旬子,スマイルファーム,"10,052.1",2012.0,2012.0,2003.0
2021103020,ムルソー,牡,池江泰寿,,レイデオロ,2014106201,ラユロット,2014103294,エンパイアメーカー,000a010542,長谷川祐司,辻牧場,"9,946.0",2014.0,2014.0,2000.0
2021104461,ガビーズシスター,牝,森一誠,,アポロキングダム,2003110139,アンジュデトワール,2012104567,スペシャルウィーク,1995103211,長島和彦,へいはた牧場,"9,905.5",2003.0,2012.0,1995.0
2021102868,モズミギカタアガリ,牝,藤岡健一,,グランプリボス,2008103388,モズソフィ,2011100970,マンハッタンカフェ,1998101554,キャピタル・システム,多田善弘,"9,852.6",2008.0,2011.0,1998.0
2021103306,コトホドサヨウニ,牡,奥村豊,,シニスターミニスター,000a011099,ティアドーロ,2014103592,ハーツクライ,2001103038,幅田京子,宮内牧場,"9,820.8",2003.0,2014.0,2001.0
2021106550,タガノエルピーダ,牝,斉藤崇史,,キズナ,2010105827,タガノレヴェントン,2006106568,キングカメハメハ,2001103460,八木良司,新冠タガノファーム,"9,735.6",2010.0,2006.0,2001.0
2021104092,ペンナヴェローチェ,牡,須貝尚介,,キズナ,2010105827,エンパイアブレイク,2013104489,エンパイアメーカー,000a010542,ＴＯＲＡＣＩＮＧ,千代田牧場,"9,707.3",2010.0,2013.0,2000.0
2021104991,スターターン,牡,坂口智康,,グレーターロンドン,2012101402,オージーアイドル,2012104361,スニッツェル,000a010eaa,窪田芳郎,社台ファーム,"9,654.0",2012.0,2012.0,2002.0
2021103116,ヤブサメ,牡,石橋守,,ファインニードル,2013100612,ステラーホープ,2005107027,グラスワンダー,1995108676,岡浩二,日進牧場,"9,619.5",2013.0,2005.0,1995.0
2021103959,スウィープフィート,牝,庄野靖志,,スワーヴリチャード,2014106083,ビジュートウショウ,2011102310,ディープスカイ,2005101358,ＹＧＧホースクラブ,聖心台牧場,"9,386.4",2014.0,2011.0,2005.0
2021101387,オーロラエックス,牝,杉山晴紀,,サトノダイヤモンド,2013106101,ガリレオズソング,000a0143c9,Galileo,000a00232b,草間庸文,下河辺牧場,"9,273.5",2013.0,2013.0,1998.0
2021105738,アンゴラブラック,牝,尾関知人,,キズナ,2010105827,ブラックモリオン,2016104644,ルーラーシップ,2007103143,サンデーレーシング,ノーザンファーム,"9,166.3",2010.0,2016.0,2007.0
2021110055,ブシン,牡,森秀行,,Into Mischief,000a0125a7,Flawless,000a016e95,Mr. Greeley,000a00213e,藤田晋,Peter E. Blum Thoroughbreds LLC,"9,018.6",2005.0,2007.0,1992.0
2021100651,ファミリータイム,牡,石坂公一,,リアルスティール,2012104889,プリオバーン,000a011dfb,Galileo,000a00232b,東豊物産,笠松牧場,"8,997.5",2012.0,2007.0,1998.0
2021102013,ソルトクィーン,牝,武英智,,シルバーステート,2013105903,ソルトドリーム,2015104469,ストロングリターン,2006102934,杉浦敏夫,藤本ファーム,"8,984.6",2013.0,2015.0,2006.0
2021106658,ストレングス,牡,寺島良,,シニスターミニスター,000a011099,ローレライ,2014100573,ゴールドアリュール,1999106689,ノースヒルズ,ノースヒルズ,"8,971.4",2003.0,2014.0,1999.0
2021107001,ピュアキアン,牡,竹内正洋,,ホッコータルマエ,2009100921,ピュアプレジャー,2008100102,Tiznow,000a00fa4b,鶴見芳子,村上欽哉,"8,967.7",2009.0,2008.0,1997.0
2021104791,メリオーレム,牡,友道康夫,,シュヴァルグラン,2012104759,メリオーラ,000a013e78,Starspangledbanner,000a013dbf,Ｇ１レーシング,追分ファーム,"8,799.3",2012.0,2012.0,2006.0
2021104893,ファーヴェント,牡,藤原英昭,,ハーツクライ,2001103038,トータルヒート,2011110003,Street Cry,000a0103ba,キャロットファーム,社台コーポレーション白老ファーム,"8,752.7",2001.0,2011.0,1998.0
2021102895,ナムラエイハブ,牡,長谷川浩,,リアルスティール,2012104889,ナムラアン,2012104987,エンパイアメーカー,000a010542,奈村睦弘,谷川牧場,"8,697.5",2012.0,2012.0,2000.0
2021106823,コガネノソラ,牝,菊沢隆徳,,ゴールドシップ,2009102739,マイネヒメル,2009105143,ロージズインメイ,000a010a10,ビッグレッドファーム,ビッグレッドファーム,"8,650.0",2009.0,2009.0,2000.0
2021106738,ヴィレム,牡,藤原英昭,,キズナ,2010105827,ポウリナズラヴ,000a013880,Mizzen Mast,000a0109d3,フクキタル,パカパカファーム,"8,584.4",2010.0,2012.0,1998.0
2021105433,アクアヴァーナル,牝,四位洋文,,エピファネイア,2010104155,エイプリルミスト,2014105984,ディープインパクト,2002100816,吉田勝己,ノーザンファーム,"8,577.8",2010.0,2014.0,2002.0
2021103323,オーキッドロマンス,牡,手塚貴久,,ロジャーバローズ,2016106065,エキナシア,2008102467,スニッツェル,000a010eaa,ミルファーム,ミルファーム,"8,521.4",2016.0,2008.0,2002.0
2021109070,ハヤテノフクノスケ,牡,中村直也,,ウインバリアシオン,2008103206,サクラインスパイア,2007100471,シンボリクリスエス,1999110099,佐藤範夫,ワールドファーム,"8,435.9",2008.0,2007.0,1999.0
2021106554,タガノミスト,牝,渡辺薫彦,,マジェスティックウォリアー,000a011e9c,ミトス,2012106118,エンパイアメーカー,000a010542,八木良司,新冠タガノファーム,"8,427.5",2005.0,2012.0,2000.0
2021101598,アンクルクロス,牡,高橋亮,,タリスマニック,000a013425,ウインクルキラリ,2010100604,ダンスインザダーク,1993109188,塚本能交,竹島幸治,"8,417.9",2013.0,2010.0,1993.0
2021106587,エストレヤデベレン,牡,武幸四郎,,エピファネイア,2010104155,レゼトワール,2010105780,ファスリエフ,000a00fc4c,シルクレーシング,新冠橋本牧場,"8,397.6",2010.0,2010.0,1997.0
2021103276,ストリーム,牡,田中淳司,,ダノンレジェンド,2010110102,メイショウブルック,2011106066,ディープスカイ,2005101358,三嶋昌春,三嶋牧場,"8,383.0",2010.0,2011.0,2005.0
2021105104,サンライズソレイユ,牡,矢作芳人,,キズナ,2010105827,ソラリア,000a012945,Scat Daddy,000a0114fe,ライフハウス,社台ファーム,"8,349.0",2010.0,2010.0,2004.0
2021105824,アマンテビアンコ,牡,宮田敬介,,ヘニーヒューズ,000a011155,ユキチャン,2005102546,クロフネ,1998110135,シルクレーシング,ノーザンファーム,"8,330.1",2003.0,2005.0,1998.0
2021100505,キタノズエッジ,牡,畑端省吾,,ジョーカプチーノ,2006100529,ファルファラ,2006100584,キングカメハメハ,2001103460,北所直人,元茂牧場,"8,325.9",2006.0,2006.0,2001.0
2021105565,エコロブルーム,牡,加藤征弘,,ダイワメジャー,2001103114,シュガーショック,000a012f05,Candy Ride,000a01132a,原村正紀,ノーザンファーム,"8,270.6",2001.0,2011.0,1999.0
2021107032,フジユージーン,牡,岡野尚光,,ゴールデンバローズ,2012110100,デザイナー,2013102068,スウィフトカレント,2001103189,富士ファーム,村上牧場,"8,265.0",2012.0,2013.0,2001.0
2021105423,シヴァース,牡,友道康夫,,モーリス,2011100655,ヴィブロス,2013106007,ディープインパクト,2002100816,佐々木主浩,ノーザンファーム,"8,255.3",2011.0,2013.0,2002.0
2021104646,ジンセイ,牡,庄野靖志,,ジャスタウェイ,2009106461,コマノレジェンド,2014102717,ストリートセンス,000a0113a2,幅田京子,新井牧場,"8,191.3",2009.0,2014.0,2004.0
2021106449,サブマリーナ,牡,庄野靖志,,スワーヴリチャード,2014106083,ヒシサブリナ,2011110053,Bernardini,000a0111fe,ＮＩＣＫＳ,飛渡牧場,"8,175.3",2014.0,2011.0,2003.0
2021106369,チャンネルトンネル,牡,福永祐一,,グレーターロンドン,2012101402,ギャルソンヌ,2012110005,Henrythenavigator,000a0116fd,窪田芳郎,大栄牧場,"8,141.5",2012.0,2012.0,2005.0
2021105240,ティントレット,牡,荒山勝徳,,ホッコータルマエ,2009100921,マニエリスム,2008103001,ゼンノロブロイ,2000101517,吉田照哉,社台ファーム,"8,133.0",2009.0,2008.0,2000.0
2021103717,レヴォントゥレット,牡,矢作芳人,,ロードカナロア,2008103552,クイーンマンボ,2014104424,マンハッタンカフェ,1998101554,前田晋二,グランド牧場,"8,131.0",2008.0,2014.0,1998.0
2021103716,メイショウホウレン,牡,安達昭夫,,エスポワールシチー,2005102837,キンゲショウ,2015101629,Hard Spun,000a0116a1,松本好隆,グランド牧場,"8,098.2",2005.0,2015.0,2004.0
2021105864,ワールズエンド,牡,池添学,,ロードカナロア,2008103552,リラヴァティ,2011103890,ゼンノロブロイ,2000101517,キャロットファーム,ノーザンファーム,"7,942.5",2008.0,2011.0,2000.0
2021106782,コスモブッドレア,牡,小野次郎,,ゴールドシップ,2009102739,コスモバタフライ,2008103438,ソングオブウインド,2003102461,ビッグレッドファーム,ビッグレッドファーム,"7,936.4",2009.0,2008.0,2003.0
2021103282,ジャスティンアース,牡,杉山晴紀,,キズナ,2010105827,ユーヴェットシー,000a01597a,Bodemeister,000a0124d5,三木正浩,三嶋牧場,"7,880.4",2010.0,2014.0,2009.0
2021102392,ナナオ,牝,小栗実,,ロードカナロア,2008103552,バイザディンプル,2016105147,オルフェーヴル,2008102636,増田和啓,二風谷ファーム,"7,810.4",2008.0,2016.0,2008.0
2021100838,モンブランミノル,牡,小栗実,,キズナ,2010105827,アイアンヒロイン,2013110069,Congrats,000a010687,増田和啓,高松牧場,"7,760.0",2010.0,2013.0,2000.0
2021107170,イーグルノワール,牡,荒山勝徳,,ブリックスアンドモルタル,000a014377,アルティマブラッド,2012104128,シンボリクリスエス,1999110099,社台レースホース,社台ファーム,"7,750.8",2014.0,2012.0,1999.0
2021102078,ジョージテソーロ,牡,嘉藤貴行,,ベストウォーリア,2010110127,グリンテソーロ,2015105908,カジノドライヴ,2005110112,了徳寺健二ホールディングス,本間牧場,"7,727.1",2010.0,2015.0,2005.0
2021104427,ランスオブクイーン,牝,奥村豊,,タリスマニック,000a013425,マイプラーナ,2006101516,マンハッタンカフェ,1998101554,五影慶則,フジワラファーム,"7,712.7",2013.0,2006.0,1998.0
2021105138,エセルフリーダ,牝,武藤善則,,キタサンブラック,2012102013,デルマオギン,2013105521,ハービンジャー,000a011996,高橋文男,社台ファーム,"7,659.0",2012.0,2013.0,2006.0
2021100170,ヴァンドーム,牡,安田翔伍,,ロードカナロア,2008103552,ルアンジュ,2012102296,マンハッタンカフェ,1998101554,中村祐子,ケイアイファーム,"7,642.4",2008.0,2012.0,1998.0
2021100292,パフ,牡,橋口慎介,,レイデオロ,2014106201,アンジュエ,2010105828,アグネスタキオン,1998101516,ノースヒルズ,土居牧場,"7,637.9",2014.0,2010.0,1998.0
2021105360,ロジアデレード,牡,稲垣幸雄,,ドレフォン,000a013b82,アデレードヒル,2013102858,ゴールドヘイロー,1997101264,久米田正明,ノーザンファーム,"7,555.0",2013.0,2013.0,1997.0
2021110112,ウェットシーズン,セ,田中博康,,Mendelssohn,000a014f32,Season Maker,000a01b117,Pioneerof the Nile,000a0122f5,ゴドルフィン,Godolphin,"7,509.2",2015.0,2016.0,2006.0
2021103199,ローリエフレイバー,牝,月岡健二,,マジェスティックウォリアー,000a011e9c,マヒナズヒル,2010104332,ネオユニヴァース,2000101426,尾田信夫,丸幸小林牧場,"7,493.0",2005.0,2010.0,2000.0
2021106645,ウエストナウ,牡,寺島良,,キズナ,2010105827,ファヴォーラ,2014103537,Frankel,000a01239b,寺田寿男,ノースヒルズ,"7,474.7",2010.0,2014.0,2008.0
2021100642,プリフロオールイン,牡,打越勇児,,アニマルキングダム,000a011dad,サンコロネット,2006100285,スペシャルウィーク,1995103211,グリーンファーム,笠松牧場,"7,474.0",2008.0,2006.0,1995.0
2021106766,マイネルオーシャン,牡,鹿戸雄一,,ゴールドシップ,2009102739,アメリオラシオン,2016101191,ルーラーシップ,2007103143,サラブレッドクラブ・ラフィアン,ビッグレッドファーム,"7,452.9",2009.0,2016.0,2007.0
2021102224,シュガークン,牡,清水久詞,,ドゥラメンテ,2012104511,シュガーハート,2005106935,サクラバクシンオー,1989108341,辻子依旦,ヤナガワ牧場,"7,414.2",2012.0,2005.0,1989.0
2021105581,フレミングフープ,牝,友道康夫,,ハーツクライ,2001103038,シーズアタイガー,000a01294d,Tale of the Cat,000a002276,金子真人ホールディングス,ノーザンファーム,"7,402.4",2001.0,2011.0,1994.0
2021101457,リジル,牝,奥村豊,,ダノンレジェンド,2010110102,ロイヤルスピリッツ,2012101401,ハーツクライ,2001103038,下河辺隆行,下河辺牧場,"7,383.5",2010.0,2012.0,2001.0
2021102661,ギガース,牡,佐藤裕太,,マジェスティックウォリアー,000a011e9c,アルマーズビコー,2010103803,ジャングルポケット,1998101786,（株）マフィン,鎌田正嗣,"7,344.0",2005.0,2010.0,1998.0
2021102413,シークレットヴァウ,牡,武藤善則,,ディスクリートキャット,000a0113a1,ジェントルヴァウ,2012110086,Broken Vow,000a0101a0,窪田芳郎,坂東牧場,"7,337.5",2003.0,2012.0,1997.0
2021107192,アラレタバシル,牡,根本康広,,ケープブランコ,000a011b06,クサナギノツルギ,2007102814,デュランダル,1999106756,福田光博,トラストスリーファーム,"7,335.3",2007.0,2007.0,1999.0
2021106874,ゴールドアローン,牝,青木孝文,,ドレフォン,000a013b82,ゴールドアクション,2016100767,ヘニーヒューズ,000a011155,居城寿与,北勝ファーム,"7,332.1",2013.0,2016.0,2003.0
2021105808,ガイアメンテ,牡,須貝尚介,,ドゥラメンテ,2012104511,ミュージカルロマンス,000a01205d,Concorde's Tune,000a011ff4,サンデーレーシング,ノーザンファーム,"7,312.9",2012.0,2007.0,1989.0
2021105283,ブルーミンデザイン,牡,宮本博,,ロゴタイプ,2010103783,レイトブルーマー,2014105663,ジャングルポケット,1998101786,吉田照哉,社台ファーム,"7,286.8",2010.0,2014.0,1998.0
2021106954,アスクナイスショー,牡,中舘英二,,シルバーステート,2013105903,ケンブリッジヒカリ,2012101570,アドマイヤムーン,2003102991,廣崎利洋,マリオステーブル,"7,264.7",2013.0,2012.0,2003.0
2021103812,ワイワイレジェンド,牡,前川恭子,,ダノンレジェンド,2010110102,ミッシェルラブ,2005104547,フォティテン,000a000d19,山田裕仁,坂本智広,"7,236.9",2010.0,2005.0,1984.0
2021102905,ホルトバージ,牡,寺島良,,キンシャサノキセキ,2003110212,プレインズウーマン,000a013e83,Zensational,000a0119b2,ＹＧＧホースクラブ,谷川牧場,"7,216.6",2003.0,2013.0,2006.0
2021105801,ミアネーロ,牝,林徹,,ドゥラメンテ,2012104511,ミスエーニョ,000a0124cc,Pulpit,000a002133,シルクレーシング,ノーザンファーム,"7,206.5",2012.0,2007.0,1994.0
2021105264,アムールドパリ,牝,稲垣幸雄,,マインドユアビスケッツ,000a01392e,ラブリネスオブパリ,2002100622,サンデーサイレンス,000a00033a,吉田千津,社台ファーム,"7,176.9",2013.0,2002.0,1986.0
2021106752,パレハ,牝,新谷功一,,サトノクラウン,2012104668,アルマミーア,2011105115,ディープインパクト,2002100816,中村忠彦,平山牧場,"7,166.2",2012.0,2011.0,2002.0
2021105764,アドマイヤベル,牝,加藤征弘,,スワーヴリチャード,2014106083,ベルアリュールII,000a011a9d,Numerous,000a002191,近藤旬子,ノーザンファーム,"7,108.8",2014.0,2005.0,1991.0
2021105112,ミッキークレスト,牡,大久保龍,,ジャスタウェイ,2009106461,ダヌスカズマイガール,000a015602,Shackleford,000a012d4d,野田みづき,社台ファーム,"7,084.7",2009.0,2014.0,2008.0
2021105271,サトノエピック,牡,国枝栄,,キタサンブラック,2012102013,ランドオーバーシー,000a013da9,Bellamy Road,000a011cf9,里見治,社台ファーム,"7,069.6",2012.0,2013.0,2002.0
2021101703,ナスティウェザー,牡,坂井英光,,パイロ,000a01176a,レッドフェザー,2011100561,ディープスカイ,2005101358,福盛訓之,ダーレー・ジャパン・ファーム,"7,030.8",2005.0,2011.0,2005.0
2021105391,ラスカンブレス,牡,林徹,,ブリックスアンドモルタル,000a014377,アースライズ,2012104884,マンハッタンカフェ,1998101554,吉田勝己,ノーザンファーム,"7,016.4",2014.0,2012.0,1998.0
2021100294,ネバーモア,牝,宮本博,,キズナ,2010105827,エンブレイス,2004100688,アフリート,000a000013,ノースヒルズ,土居牧場,"7,011.3",2010.0,2004.0,1984.0
2021100768,ジョーローリット,牝,中竹和也,,ダノンレジェンド,2010110102,ジョーカルーア,2014103859,ジョーカプチーノ,2006100529,上田江吏子,斉藤政志,"6,950.8",2010.0,2014.0,2006.0
2021105623,ホウオウプロサンゲ,牡,矢作芳人,,キズナ,2010105827,セルキス,000a011d97,Monsun,000a010db6,小笹芳央,ノーザンファーム,"6,905.6",2010.0,2008.0,1990.0
2021110077,シャイニングソード,牡,中内田充,,Frankel,000a01239b,スタセリタ,000a0124bf,Monsun,000a010db6,社台レースホース,Teruya Yoshida,"6,900.3",2008.0,2006.0,1990.0
2021105926,レディントン,セ,杉山晴紀,,サトノアラジン,2011104063,クラウンアスリート,2000105411,アフリート,000a000013,長谷川祐司,藤澤純,"6,832.1",2011.0,2000.0,1984.0
2021106610,バスタードサフラン,牝,渡辺薫彦,,マジェスティックウォリアー,000a011e9c,ウィッシュハピネス,2012100613,ゴールドアリュール,1999106689,ノースヒルズ,ノースヒルズ,"6,827.2",2005.0,2012.0,1999.0
2021103725,テイエムリステット,牡,秋山真一,,モーリス,2011100655,シーズアウーマン,2013104156,ネオユニヴァース,2000101426,竹園正繼,グランド牧場,"6,813.0",2011.0,2013.0,2000.0
2021105242,シカゴスティング,牝,庄野靖志,,ロゴタイプ,2010103783,マルチスクリーン,2014105705,スクリーンヒーロー,2004103328,辻川弘,社台ファーム,"6,778.2",2010.0,2014.0,2004.0
2021104906,バレルターン,牡,茶木太樹,,リオンディーズ,2013105915,ピエリーナ,2011103644,チチカステナンゴ,000a011135,キャロットファーム,社台コーポレーション白老ファーム,"6,771.1",2013.0,2011.0,1998.0
2021102236,テーオーパスワード,牡,高柳大輔,,コパノリッキー,2010106548,テーオーレイチェル,2010106257,キングカメハメハ,2001103460,小笹公也,ヤナガワ牧場,"6,732.9",2010.0,2010.0,2001.0
2021105236,アスクカムオンモア,牡,藤原英昭,,ブリックスアンドモルタル,000a014377,マキシマムドパリ,2012104407,キングカメハメハ,2001103460,廣崎利洋ＨＤ,社台ファーム,"6,723.3",2014.0,2012.0,2001.0
2021104897,バウンシーステップ,牝,高橋亮,,モーリス,2011100655,バウンシーチューン,2008103051,ステイゴールド,1994108729,Ｇ１レーシング,社台コーポレーション白老ファーム,"6,702.5",2011.0,2008.0,1994.0
2021100810,ダテノショウグン,牡,森下淳平,,バンブーエール,2003104100,ウートゥルメール,2013106419,マンハッタンカフェ,1998101554,鈴木雅俊,大北牧場,"6,695.0",2003.0,2013.0,1998.0
2021105618,スマートワイス,牡,大久保龍,,ロードカナロア,2008103552,スマートレイアー,2010102459,ディープインパクト,2002100816,大川徹,ノーザンファーム,"6,688.8",2008.0,2010.0,2002.0
2021102016,エコロマーズ,牡,牧浦充徳,,シルバーステート,2013105903,フィナリザール,2015104857,Congrats,000a010687,原村正紀,藤本ファーム,"6,684.0",2013.0,2015.0,2000.0
2021100895,サフランヒーロー,牡,森一誠,,カレンブラックヒル,2009106230,サフランブーケ,2015103755,スターリングローズ,1997106560,海原聖一,林農場,"6,674.5",2009.0,2015.0,1997.0
2021101444,サトノフェニックス,牡,西園正都,,ヘニーヒューズ,000a011155,マーメイドティアラ,2009102448,シンボリクリスエス,1999110099,里見治,下河辺牧場,"6,663.5",2003.0,2009.0,1999.0
2021104556,カルチャーデイ,牝,四位洋文,,ファインニードル,2013100612,ラルティスタ,2007100948,マイネルラヴ,1995108558,ＭＭＳホールディングス,松田牧場,"6,658.7",2013.0,2007.0,1995.0
2021105752,レディマリオン,牝,長谷川浩,,ハービンジャー,000a011996,プリンセスカメリア,2001103478,サンデーサイレンス,000a00033a,吉田勝己,ノーザンファーム,"6,626.9",2006.0,2001.0,1986.0
2021102315,アスクワンタイム,牡,梅田智之,,ロードカナロア,2008103552,ディープインアスク,2008106602,ディープインパクト,2002100816,廣崎利洋,ＡＳＫＳＴＵＤ,"6,622.8",2008.0,2008.0,2002.0
2021105771,ミルテンベルク,牡,武英智,,モーリス,2011100655,ペルレンケッテ,2008103309,ディープインパクト,2002100816,キャロットファーム,ノーザンファーム,"6,605.8",2011.0,2008.0,2002.0
2021106637,アンシール,セ,小崎憲,,パイロ,000a01176a,トラディション,2011105087,ゴールドアリュール,1999106689,ノースヒルズ,ノースヒルズ,"6,549.8",2005.0,2011.0,1999.0
2021102838,カフェグランデ,牡,嘉藤貴行,,レイデオロ,2014106201,ラフレーズカフェ,2009106051,マンハッタンカフェ,1998101554,西川光一,太陽牧場,"6,542.3",2014.0,2009.0,1998.0
2021103557,グランアルティスタ,牡,寺島良,,ミッキーロケット,2013106099,レイナソフィア,2006103203,スペシャルウィーク,1995103211,ノルマンディーサラブレッドレーシング,岡田スタッド,"6,519.0",2013.0,2006.0,1995.0
2021105817,ダノンエアズロック,牡,堀宣行,,モーリス,2011100655,モシーン,000a01216a,Fastnet Rock,000a010601,ダノックス,ノーザンファーム,"6,494.7",2011.0,2008.0,2001.0
2021100899,ビッグドリーム,牡,西園正都,,ビッグアーサー,2011103328,アンナペレンナ,2013110017,Tale of Ekati,000a012550,中辻明,バンブー牧場,"6,482.9",2011.0,2013.0,2005.0
2021105661,レガーロデルシエロ,牡,栗田徹,,ロードカナロア,2008103552,デアレガーロ,2014105996,マンハッタンカフェ,1998101554,サンデーレーシング,ノーザンファーム,"6,460.1",2008.0,2014.0,1998.0
2021105358,アスティスプマンテ,牝,佐藤悠太,,ロードカナロア,2008103552,アッラサルーテ,2013106131,ダイワメジャー,2001103114,吉田勝己,ノーザンファーム,"6,452.1",2008.0,2013.0,2001.0
2021102888,ナムラアトム,牡,長谷川浩,,リアルインパクト,2008103244,サンクイーンII,000a011dfd,Storm Cat,000a001a98,奈村睦弘,谷川牧場,"6,420.8",2008.0,2008.0,1983.0
2021101523,キャプテンネキ,牝,田中正人,,ダイワメジャー,2001103114,キャプテンガール,2010109015,キャプテンスティーヴ,000a000d9d,程田真司,シンボリ牧場,"6,405.2",2001.0,2010.0,1997.0
2021102670,イサチルシーサイド,牡,竹内正洋,,イスラボニータ,2011103565,アイカギ,2008101396,ファンタスティックライト,1996190005,小坂功,川越ファーム,"6,394.9",2011.0,2008.0,1996.0
2021105442,エラトー,牝,上村洋行,,Saxon Warrior,2015100991,エライヤ,000a01b811,Siyouni,000a012056,サンデーレーシング,ノーザンファーム,"6,372.8",2015.0,2016.0,2007.0
2021105117,ベラジオボンド,牡,上村洋行,,ロードカナロア,2008103552,ダンサーデスティネイション,000a012fcc,Dubai Destination,000a010a60,ベラジオレーシング,社台ファーム,"6,370.7",2008.0,2010.0,1999.0
2021104326,ユキノロイヤル,牡,小野次郎,,ディーマジェスティ,2013104704,ユキノクイーン,2006101447,タイキシャトル,1994109686,井上基之,服部牧場,"6,370.6",2013.0,2006.0,1994.0
2021104824,アスクデビューモア,牡,福永祐一,,マインドユアビスケッツ,000a01392e,アスクデピュティ,2004103303,フレンチデピュティ,000a00013a,廣崎利洋ＨＤ,社台コーポレーション白老ファーム,"6,345.7",2013.0,2004.0,1992.0
2021102009,ラタフォレスト,牡,加藤征弘,,パイロ,000a01176a,ゴールドフォレスト,2013103176,ゴールドアリュール,1999106689,林正道,藤本ファーム,"6,320.6",2005.0,2013.0,1999.0
2021102800,キャントウェイト,牡,萱野浩二,,ゴールドシップ,2009102739,マイネランデブー,2005105511,アグネスデジタル,1997110025,ビッグレッドファーム,笹島智則,"6,320.5",2009.0,2005.0,1997.0
2021110056,エコロガイア,牡,森秀行,,Speightstown,000a011200,Charge of Angels,000a01d0d3,Distorted Humor,000a0022ea,原村正紀,Spry Family Farm,"6,311.3",1998.0,2010.0,1993.0
2021103073,プロミシングスター,牡,高橋義忠,,マジェスティックウォリアー,000a011e9c,ファインチョイス,2009100612,アドマイヤムーン,2003102991,宮川純造,富田牧場,"6,283.0",2005.0,2009.0,2003.0
2021104830,グロリアラウス,セ,斉藤崇史,,リアルインパクト,2008103244,アンティフォナ,2008110005,Songandaprayer,000a01069b,シルクレーシング,社台コーポレーション白老ファーム,"6,276.5",2008.0,2008.0,1998.0
2021104416,ワイドブリザード,セ,佐藤悠太,,カリフォルニアクローム,000a012602,ハナフブキ,2011103425,ディープインパクト,2002100816,幅田昌伸,フジワラファーム,"6,267.0",2011.0,2011.0,2002.0
2021101603,ナイトスラッガー,牡,小栗実,,ルーラーシップ,2007103143,トーホウアマポーラ,2009102583,フジキセキ,1992109618,東豊物産,竹島幸治,"6,240.3",2007.0,2009.0,1992.0
2021103786,ヒルノドゴール,牡,北出成人,,アニマルキングダム,000a011dad,ヒルノケアンズ,2010104757,ハーツクライ,2001103038,ヒルノ,サカイファーム,"6,210.0",2008.0,2010.0,2001.0
2021100329,プルナチャンドラ,牡,小野次郎,,アニマルキングダム,000a011dad,エーシンジョイフル,2008101284,オペラハウス,000a000d77,ウエスト．フォレスト．ステイブル,信田牧場,"6,197.3",2008.0,2008.0,1988.0
2021105438,スピードリッチ,牡,藤岡健一,,ドレフォン,000a013b82,エバーシャルマン,2012104891,ハーツクライ,2001103038,宇田豊,ノーザンファーム,"6,181.1",2013.0,2012.0,2001.0
2021102510,ナムラフッカー,牡,長谷川浩,,スワーヴリチャード,2014106083,ナムラライラ,2014102933,ルーラーシップ,2007103143,奈村睦弘,猿倉牧場,"6,170.8",2014.0,2014.0,2007.0
2021104955,イフェイオン,牝,杉山佳明,,エピファネイア,2010104155,イチオクノホシ,2009106042,ゼンノロブロイ,2000101517,社台レースホース,社台ファーム,"6,151.8",2010.0,2009.0,2000.0
2021101412,スカイハイ,牡,清水久詞,,キタサンブラック,2012102013,タイキオードリー,2006105475,キングカメハメハ,2001103460,石川達絵,下河辺牧場,"6,092.1",2012.0,2006.0,2001.0
2021103559,オメガウインク,牝,大和田成,,ロジャーバローズ,2016106065,レッドルンバ,2005110121,Red Ransom,000a001c68,原禮子,岡田スタッド,"6,079.0",2016.0,2005.0,1987.0
2021101904,シシュフォス,牡,佐藤裕太,,アポロソニック,2010110120,アポロユッキー,2014100285,アポロキングダム,2003110139,（株）マフィン,春木ファーム,"6,074.5",2010.0,2014.0,2003.0
2021105011,ラーンザロープス,牝,武幸四郎,,キズナ,2010105827,キャンディネバダ,000a012941,Pure Prize,000a011252,吉田照哉,社台ファーム,"6,058.7",2010.0,2009.0,1998.0
2021104825,ゴンバデカーブース,牡,堀宣行,,ブリックスアンドモルタル,000a014377,アッフィラート,2013105336,ディープインパクト,2002100816,Ｇ１レーシング,社台コーポレーション白老ファーム,"6,051.5",2014.0,2013.0,2002.0
2021104894,セントメモリーズ,牝,斎藤誠,,エピファネイア,2010104155,ネオフレグランス,2014105942,ネオユニヴァース,2000101426,キャロットファーム,社台コーポレーション白老ファーム,"6,042.5",2010.0,2014.0,2000.0
2021107063,イツモニコニコ,牝,浜田多実,,ビッグアーサー,2011103328,オルトリンデ,2006102909,ダンスインザダーク,1993109188,大田恭充,メイタイファーム,"6,016.5",2011.0,2006.0,1993.0
2021100210,ドナベティ,牝,矢作芳人,,リアルスティール,2012104889,ドナルチア,2013110023,Malibu Moon,000a010c8e,小川眞査雄,下屋敷牧場,"6,008.4",2012.0,2013.0,1997.0
2021104949,クーアフュルスト,牡,山口浩幸,,キズナ,2010105827,アンズチャン,2011104360,フレンチデピュティ,000a00013a,津田浩一,社台ファーム,"5,992.4",2010.0,2011.0,1992.0
2021102246,テーオーダグラス,牡,須貝尚介,,リアルスティール,2012104889,ラブミーリル,2013106400,ハービンジャー,000a011996,小笹公也,ヤナガワ牧場,"5,966.1",2012.0,2013.0,2006.0
2021110069,エスカル,牡,森秀行,,American Pharoah,000a012aad,Pretty Girl,000a01d299,Harlan's Holiday,000a010cdf,前田幸治,Bonne Chance Farm LLC,"5,941.4",2012.0,2011.0,1999.0
2021101399,ヴァンヴィーヴ,牡,牧浦充徳,,ダイワメジャー,2001103114,サンドスラッシュ,000a012043,Holy Roman Emperor,000a011ab8,エデンアソシエーション,下河辺牧場,"5,941.0",2001.0,2008.0,2004.0
2021100494,ガロンヌ,牡,上村洋行,,モーリス,2011100655,リヴィエール,2011101574,ハーツクライ,2001103038,杉山忠国,明治牧場,"5,929.2",2011.0,2011.0,2001.0
2021100363,パワーホール,セ,昆貢,,スワーヴリチャード,2014106083,ストロベリーズ,2012101554,コマンズ,000a011625,ＮＩＣＫＳ,平野牧場,"5,918.6",2014.0,2012.0,1996.0
2021102461,バンドシェル,牡,西村真幸,,バンドワゴン,2011104010,ハッピーオーキッド,2015104919,ルーラーシップ,2007103143,馬場幸夫,雅牧場,"5,914.1",2011.0,2015.0,2007.0
2021105004,ホークフィールド,牡,武英智,,キズナ,2010105827,カンビーナ,000a0124c6,Hawk Wing,000a010d4d,社台レースホース,社台ファーム,"5,909.4",2010.0,2008.0,1999.0
2021106993,サクソンジェンヌ,牝,高橋義忠,,Saxon Warrior,2015100991,ナイトドライヴ,000a01a95e,Dark Angel,000a0122b4,福盛訓之,村上欽哉,"5,895.0",2015.0,2015.0,2005.0
2021104928,トラペジスト,牡,秋山真一,,ニューイヤーズデイ,000a014589,ルシルク,000a0117a1,Dynaformer,000a001dd9,シルクレーシング,社台コーポレーション白老ファーム,"5,888.9",2011.0,2004.0,1985.0
2021106815,マイネルティグレ,牡,西園正都,,スクリーンヒーロー,2004103328,マイネエレーナ,2008104911,ロージズインメイ,000a010a10,サラブレッドクラブ・ラフィアン,ビッグレッドファーム,"5,851.0",2004.0,2008.0,2000.0
2021102718,ノボリショウリュウ,牡,石橋守,,リアルスティール,2012104889,スウィングダンス,2007101432,クロフネ,1998110135,原田豊,杵臼牧場,"5,843.6",2012.0,2007.0,1998.0
2021105574,シンハナーダ,牡,国枝栄,,レイデオロ,2014106201,シンハディーパ,2010104152,ウォーエンブレム,000a00fa35,ＤＭＭドリームクラブ,ノーザンファーム,"5,818.2",2014.0,2010.0,1999.0
2021101724,ガジュノリ,牝,尾形和幸,,サトノダイヤモンド,2013106101,ガジュマル,2014104138,ヴィクトワールピサ,2007102923,中谷典生,チャンピオンズファーム,"5,813.7",2013.0,2014.0,2007.0
2021105880,レッドエヴァンス,セ,東田明士,,ロードカナロア,2008103552,レッドアヴァンセ,2013105811,ディープインパクト,2002100816,東京ホースレーシング,ノーザンファーム,"5,794.0",2008.0,2013.0,2002.0
2021104153,エポックヴィーナス,牝,新谷功一,,ヴィクトワールピサ,2007102923,ベストオブミー,2005100613,ブライアンズタイム,000a000082,山田有暉朗,千代田牧場,"5,783.8",2007.0,2005.0,1985.0
2021104159,サクラトップリアル,牡,田村康仁,,リアルスティール,2012104889,マーガレットメドウ,2014110044,Distorted Humor,000a0022ea,櫻井秀樹,千代田牧場,"5,777.0",2012.0,2014.0,1993.0
2021105387,アンデスビエント,牝,西園正都,,ドレフォン,000a013b82,アンデスクイーン,2014106448,タートルボウル,000a012045,グリーンファーム,ノーザンファーム,"5,740.0",2013.0,2014.0,2002.0
2021101134,ピースワンデュック,牡,大竹正博,,グレーターロンドン,2012101402,ピースワンオーレ,2014103065,ジャングルポケット,1998101786,長谷川成利,大江牧場,"5,735.8",2012.0,2014.0,1998.0
2021105616,エルフストラック,牝,中村直也,,カリフォルニアクローム,000a012602,スペルオンミー,2011103778,ダイワメジャー,2001103114,サンデーレーシング,ノーザンファーム,"5,727.4",2011.0,2011.0,2001.0
2021105910,ローザサンリヴァル,牡,高野友和,,ルーラーシップ,2007103143,ローザブランカ,2005102733,クロフネ,1998110135,サンデーレーシング,ノーザンファーム,"5,726.1",2007.0,2005.0,1998.0
2021105182,ドバイブルース,牡,加藤征弘,,キンシャサノキセキ,2003110212,Pirika,000a0122a8,Monsun,000a010db6,加藤正二郎,社台ファーム,"5,716.9",2003.0,2008.0,1990.0
2021103095,オーブルクール,牝,矢野英一,,デクラレーションオブウォー,000a0136f6,メイショウユウゼン,2001100575,タイキシャトル,1994109686,ターフ・スポート,中島牧場,"5,712.7",2009.0,2001.0,1994.0
2021105496,リアレスト,牡,尾関知人,,リアルスティール,2012104889,クィーンズベスト,2013106130,ワークフォース,000a011a7f,林正道,ノーザンファーム,"5,679.5",2012.0,2013.0,2007.0
2021103345,マイファミリー,牡,深山雅史,,ダノンバラード,2008103548,ユメノマイホーム,2012105635,ストーミングホーム,1998190003,ミルファーム,ミルファーム,"5,673.4",2008.0,2012.0,1998.0
2021105255,ハワイアンティアレ,牝,松永幹夫,,ロードカナロア,2008103552,モアニケアラ,2012104298,マンハッタンカフェ,1998101554,名古屋友豊,社台ファーム,"5,672.4",2008.0,2012.0,1998.0
2021103976,エコロレイズ,牡,岩戸孝樹,,アメリカンペイトリオット,000a013bba,ペブルガーデン,2012103035,ディープインパクト,2002100816,原村正紀,タイヘイ牧場,"5,664.3",2013.0,2012.0,2002.0
2021106193,ウイントレメンデス,牡,長谷川浩,,ゴールドシップ,2009102739,イクスキューズ,2004100763,ボストンハーバー,000a00007c,ウイン,コスモヴューファーム,"5,622.5",2009.0,2004.0,1994.0
2021102912,ストライクオン,牡,山下貴之,,ヴィクトワールピサ,2007102923,メモリーサクセス,2013103534,バゴ,2001190004,シンザンクラブ,谷川牧場,"5,618.0",2007.0,2013.0,2001.0
2021105155,パンジャ,牡,金成貴史,,ゴールドシップ,2009102739,ノッテビアンカ,000a013870,Kendargent,000a0126fd,ＤｅｅｐＣｒｅｅｋ,社台ファーム,"5,614.1",2009.0,2013.0,2003.0
2021110061,ソレルビュレット,牡,宮田敬介,,Malibu Moon,000a010c8e,Curluck,000a01d0d7,Curlin,000a011734,シルクレーシング,St. Simon Place LLC & Scott Stephens,"5,606.2",1997.0,2015.0,2004.0
2021110022,ヘザルフェン,牡,昆貢,,Golden Horn,000a012adf,Entertainment,000a01c720,Halling,000a002075,Ｈ．Ｈ．シェイク・ハムダン,Godolphin,"5,598.2",2012.0,2012.0,1991.0
2021110128,アッシュルバニパル,牡,田中博康,,Arrogate,000a013798,Georgie's Angel,000a01eb6c,Bellamy Road,000a011cf9,吉田和美,Kathleen Schweizer,"5,597.9",2013.0,2009.0,2002.0
2021100653,アガシ,セ,庄野靖志,,エピファネイア,2010104155,メリートーン,2013102854,クロフネ,1998110135,ケイズジャパン,笠松牧場,"5,596.9",2010.0,2013.0,1998.0
2021103818,ウルトラノホシ,牡,真島元徳,,ホッコータルマエ,2009100921,シータトウショウ,2003105152,ジェニュイン,1992109450,中野香代子,坂本春雄,"5,589.6",2009.0,2003.0,1992.0
2021103263,メイショウソウタ,牡,岡田稲男,,ドレフォン,000a013b82,メイショウオウヒ,2008101769,マンハッタンカフェ,1998101554,松本好隆,三嶋牧場,"5,576.2",2013.0,2008.0,1998.0
2021105608,カズゴルティス,セ,西園翔太,,アルアイン,2014106046,スネガエクスプレス,2009106159,ウォーエンブレム,000a00fa35,吉田和美,ノーザンファーム,"5,570.1",2014.0,2009.0,1999.0
2021103312,ロードマイライフ,牡,佐藤悠太,,ロードカナロア,2008103552,フェリス,2010101359,ジャングルポケット,1998101786,ロードホースクラブ,宮内牧場,"5,569.7",2008.0,2010.0,1998.0
2021105578,ショウナンラピダス,牡,国枝栄,,ドゥラメンテ,2012104511,シーヴ,000a0137fc,Mineshaft,000a010545,国本哲秀,ノーザンファーム,"5,560.0",2012.0,2009.0,1999.0
2021102920,ディスペランツァ,牡,吉岡辰弥,,ルーラーシップ,2007103143,ルパンII,000a013e3b,Medaglia d'Oro,000a010a65,ターフ・スポート,谷川牧場,"5,558.7",2007.0,2014.0,1999.0
2021106595,ヤマニンアドホック,牡,辻哲英,,ノヴェリスト,000a012230,ヤマニンアドーレ,2010105803,ダイワメジャー,2001103114,土井肇,錦岡牧場,"5,549.6",2009.0,2010.0,2001.0
2021104865,カニキュル,牝,菊沢隆徳,,エピファネイア,2010104155,シャルール,2012104065,ゼンノロブロイ,2000101517,キャロットファーム,社台コーポレーション白老ファーム,"5,544.2",2010.0,2012.0,2000.0
2021104924,コンテナワールド,牡,中竹和也,,エピファネイア,2010104155,ユッカマウンテン,2009105965,アグネスタキオン,1998101516,住谷孝一,社台コーポレーション白老ファーム,"5,530.9",2010.0,2009.0,1998.0
2021106706,キャピタルサックス,牡,杉山晴紀,,リオンディーズ,2013105915,モンプティクール,2003102854,クロフネ,1998110135,草間庸文,ハシモトファーム,"5,528.1",2013.0,2003.0,1998.0
2021107085,ウインアクトゥール,牡,栗田徹,,ゴールドアクター,2011105266,ポートドラルーン,2010104423,チチカステナンゴ,000a011135,ウイン,メイタイファーム,"5,522.2",2011.0,2010.0,1998.0
2021100139,クランフォード,牝,杉山晴紀,,ブリックスアンドモルタル,000a014377,エンジェルフェイス,2013102317,キングカメハメハ,2001103460,ロードホースクラブ,ケイアイファーム,"5,513.5",2014.0,2013.0,2001.0
2021106635,インザモーメント,牡,田中克典,,キズナ,2010105827,ディルガ,2011110025,Curlin,000a011734,前田幸大,ノースヒルズ,"5,494.6",2010.0,2011.0,2004.0
2021105285,ライフセービング,牡,宮徹,,ビーチパトロール,000a0141f9,レインダンス,2004103345,ダンスインザダーク,1993109188,吉田照哉,社台ファーム,"5,483.9",2013.0,2004.0,1993.0
2021109027,テーオールビー,牝,宮徹,,サンダースノー,000a013a06,レディロックバンド,2014105757,マンハッタンカフェ,1998101554,小笹公也,風ノ丘ファーム,"5,467.5",2014.0,2014.0,1998.0
2021105746,アルトゥーム,牡,藤岡健一,,モーリス,2011100655,ブロンシェダーム,2011103927,ディープインパクト,2002100816,サンデーレーシング,ノーザンファーム,"5,443.8",2011.0,2011.0,2002.0
2021110127,テリフィックプラン,牡,萩原清,,マスタリー,000a0143b4,Changing Plans,000a01f1ff,Perfect Soul,000a01186e,シルクレーシング,RGP Ocala Holdings LLC,"5,433.2",2014.0,2009.0,1998.0
2021104510,タクシンイメル,牝,武英智,,サトノダイヤモンド,2013106101,ダーリングバード,000a013881,Birdstone,000a01169b,ケーエスＨＤ,前谷武志,"5,427.9",2013.0,2010.0,2001.0
2021105122,マスクオールウィン,牝,牧光二,,ドレフォン,000a013b82,チカアレグレ,2015104259,ハーツクライ,2001103038,宮レーシング,社台ファーム,"5,426.8",2013.0,2015.0,2001.0
2021102154,アスクアイルビゼア,牡,矢作芳人,,キズナ,2010105827,キョウエイカルラ,2007106172,アフリート,000a000013,廣崎利洋ＨＤ,モリナガファーム,"5,403.6",2010.0,2007.0,1984.0
2021103080,ゼルトザーム,牡,福永敏,,ヘニーヒューズ,000a011155,ロザリウム,2011104134,キングカメハメハ,2001103460,宮川純造,富田牧場,"5,401.2",2003.0,2011.0,2001.0
2021105856,ミスタージーティー,牡,矢作芳人,,ドゥラメンテ,2012104511,リッスン,000a011aa0,Sadler's Wells,000a00185d,田畑利彦,ノーザンファーム,"5,400.4",2012.0,2005.0,1981.0
2021105054,モンシュマン,牡,辻哲英,,ミッキーアイル,2011103916,ザウェイアイアム,000a015603,Thewayyouare,000a0127a6,社台レースホース,社台ファーム,"5,391.0",2011.0,2015.0,2005.0
2021104882,シュバルツクーゲル,牡,鹿戸雄一,,キズナ,2010105827,ソベラニア,000a011abe,Monsun,000a010db6,Ｇ１レーシング,社台コーポレーション白老ファーム,"5,386.9",2010.0,2006.0,1990.0
2021105503,クルミナーレ,牡,池江泰寿,,ブラックタイド,2001103312,クロウキャニオン,2002106979,フレンチデピュティ,000a00013a,金子真人ホールディングス,ノーザンファーム,"5,373.8",2001.0,2002.0,1992.0
2021105559,ギャンブルルーム,牡,大久保龍,,キズナ,2010105827,シャンデリアハウス,2012104583,ヴァーミリアン,2002100877,サンデーレーシング,ノーザンファーム,"5,368.6",2010.0,2012.0,2002.0
2021102992,ミスカッレーラ,牝,川島正一,,シニスターミニスター,000a011099,スリーメロディー,2013103692,ネオユニヴァース,2000101426,辻牧場,辻牧場,"5,365.0",2003.0,2013.0,2000.0
2021100709,カネトシゴウト,牡,大橋勇樹,,シニスターミニスター,000a011099,カネトシビバーチェ,2011103410,キングカメハメハ,2001103460,兼松昌男,高昭牧場,"5,358.0",2003.0,2011.0,2001.0
2021103987,スナークラファエロ,セ,野中賢二,,リアルスティール,2012104889,シンコームーン,2009101871,フォーティナイナーズサン,000a011227,杉本豊,高橋ファーム,"5,352.8",2012.0,2009.0,2001.0
2021104131,ヒロノラメール,牡,宮地貴稔,,キズナ,2010105827,トウシンハンター,2012103182,エンパイアメーカー,000a010542,高原将浩,千代田牧場,"5,345.2",2010.0,2012.0,2000.0
2021103977,リチャードバローズ,牡,上村洋行,,エピファネイア,2010104155,マルケサ,000a013804,Kingmambo,000a001d7e,猪熊広次,タイヘイ牧場,"5,345.2",2010.0,2006.0,1990.0
2021105598,ダノンスウィッチ,牡,東田明士,,American Pharoah,000a012aad,スウィッチインタイム,000a01b942,Galileo,000a00232b,ダノックス,ノーザンファーム,"5,287.6",2012.0,2014.0,1998.0
2021100564,エフォートレス,牡,嘉藤貴行,,エピファネイア,2010104155,ブライトガーランド,2013100377,ダイワメジャー,2001103114,ライオンレースホース,秋場牧場,"5,280.2",2010.0,2013.0,2001.0
2021103678,ユキワリザクラ,牝,田中剛,,サトノダイヤモンド,2013106101,ユキアカリノマチ,2010101429,キングカメハメハ,2001103460,松村真司,神垣道弘,"5,277.9",2013.0,2010.0,2001.0
2021104998,ブルーアイドガール,牝,吉岡辰弥,,キタサンブラック,2012102013,カトマンブルー,000a0124c9,Bluegrass Cat,000a01173d,ライオンレースホース,社台ファーム,"5,262.5",2012.0,2008.0,2003.0
2021105888,スティールブルー,牝,田中勝春,,ルーラーシップ,2007103143,レディバード,2015104826,スマートファルコン,2005100097,シルクレーシング,ノーザンファーム,"5,255.2",2007.0,2015.0,2005.0
2021101454,ステラクラウン,牝,上村洋行,,ルーラーシップ,2007103143,レッドステラーノ,2007105571,アグネスタキオン,1998101516,下河辺牧場,下河辺牧場,"5,240.7",2007.0,2007.0,1998.0
2021110161,セントラルヴァレー,セ,栗田徹,,Kantharos,000a013014,Indigo Gin,000a01f364,Lemon Drop Kid,000a0022d0,Ｙ’ｓレーシング,WinStar Farm LLC,"5,210.0",2008.0,2016.0,1996.0
2021102577,バレンタインガール,牝,古賀慎明,,メイショウサムソン,2003102205,ギャラクティコ,2009101272,マンハッタンカフェ,1998101554,廣松金次,今井秀樹,"5,206.8",2003.0,2009.0,1998.0
2021105272,タンゴバイラリン,セ,栗田徹,,イスラボニータ,2011103565,リベルタンゴ,2012104165,Smart Strike,000a00211c,山田弘,社台ファーム,"5,204.1",2011.0,2012.0,1992.0
2021105228,レディーヴァリュー,牝,小林真也,,ジャスタウェイ,2009106461,ベガスナイト,2000110038,コロナドズクエスト,000a0000b5,加藤裕司,社台ファーム,"5,188.7",2009.0,2000.0,1995.0
2021102079,サウンドアレグリア,牝,武英智,,キズナ,2010105827,サウンドリアーナ,2010101646,ケイムホーム,000a0108d1,増田雄一,本間牧場,"5,175.0",2010.0,2010.0,1999.0
2021101478,ダノンザボルケーノ,牡,菊沢隆徳,,キタサンブラック,2012102013,ダノンコスモス,2014102027,アイルハヴアナザー,000a011ed3,ダノックス,白井牧場,"5,171.2",2012.0,2014.0,2009.0
2021103197,タマモキャリコ,セ,宮地貴稔,,シニスターミニスター,000a011099,ナーゴナーゴハツエ,2011106044,ネオユニヴァース,2000101426,タマモ,丸幸小林牧場,"5,158.4",2003.0,2011.0,2000.0
2021100250,パッションクライ,牡,高野毅,,アジアエクスプレス,2011110091,グラッドクライ,2009101611,キッケンクリス,000a010643,橋本富夫,田中春美,"5,141.0",2011.0,2009.0,2000.0
2021105040,ルカランフィースト,牡,鹿戸雄一,,イスラボニータ,2011103565,ゴージャスランチ,2015104352,マンハッタンカフェ,1998101554,社台レースホース,社台ファーム,"5,136.7",2011.0,2015.0,1998.0
2021105073,パカーラン,牡,藤原英昭,,イスラボニータ,2011103565,ジペッサ,000a01360a,City Zip,000a0127e6,金子真人ホールディングス,社台ファーム,"5,135.4",2011.0,2012.0,1998.0
2021101429,サトミノキラリ,牡,鈴木伸尋,,ビッグアーサー,2011103328,パレード,2013100364,ディープインパクト,2002100816,田代洋己,下河辺牧場,"5,133.4",2011.0,2013.0,2002.0
2021105127,テラメリタ,牝,須貝尚介,,ブリックスアンドモルタル,000a014377,テラノヴァ,2013105397,ヴィクトワールピサ,2007102923,社台レースホース,社台ファーム,"5,123.1",2014.0,2013.0,2007.0
2021105508,リューデスハイム,牡,牧田和弥,,ニューイヤーズデイ,000a014589,グリューヴァイン,2012104858,ゴールドアリュール,1999106689,キャロットファーム,ノーザンファーム,"5,114.0",2011.0,2012.0,1999.0
2021101654,トーラスシャイン,牡,田中克典,,ファインニードル,2013100612,スターライト,2014102222,ディープインパクト,2002100816,ゴドルフィン,ダーレー・ジャパン・ファーム,"5,112.4",2013.0,2014.0,2002.0
2021105757,テウメッサ,牝,金成貴史,,ハービンジャー,000a011996,プロクリス,2011104095,キングカメハメハ,2001103460,サンデーレーシング,ノーザンファーム,"5,096.9",2006.0,2011.0,2001.0
2021105431,ヘルモーズ,牡,小林真也,,モーリス,2011100655,ヴェルザンディ,2005102477,アグネスタキオン,1998101516,吉田勝己,ノーザンファーム,"5,088.8",2011.0,2005.0,1998.0
2021105161,ケーブパール,牝,友道康夫,,ブリックスアンドモルタル,000a014377,ハナレイムーン,2014105608,ディープインパクト,2002100816,金子真人ホールディングス,社台ファーム,"5,075.2",2014.0,2014.0,2002.0
2021104503,パシアンジャン,牡,鈴木孝志,,シニスターミニスター,000a011099,カメリアテソーロ,2016106310,ゴールドアリュール,1999106689,吉田智,前谷武志,"5,042.9",2003.0,2016.0,1999.0
2021101068,クロシェットノエル,牝,戸田博文,,ニューイヤーズデイ,000a014589,サンジュリアン,2014105502,ハービンジャー,000a011996,村野康司,新井昭二牧場,"5,040.6",2011.0,2014.0,2006.0
2021105453,エラン,牡,蛯名正義,,ラブリーデイ,2010104298,オーキッドレイ,2010104137,ディープインパクト,2002100816,金子真人ホールディングス,ノーザンファーム,"5,035.4",2010.0,2010.0,2002.0
2021105548,アルセナール,牝,木村哲也,,エピファネイア,2010104155,サンブルエミューズ,2010104050,ダイワメジャー,2001103114,キャロットファーム,ノーザンファーム,"5,033.4",2010.0,2010.0,2001.0
2021100161,ロードフロンティア,牡,松下武士,,ロードカナロア,2008103552,フラーティングアウェイ,000a0143c6,Distorted Humor,000a0022ea,ロードホースクラブ,ケイアイファーム,"5,010.7",2008.0,2012.0,1993.0
2021105202,ポエットリー,牝,平田修,,ダイワメジャー,2001103114,ブギーダモーレ,000a013e72,Rail Link,000a010d4a,吉田昌久,社台ファーム,"4,998.1",2001.0,2009.0,2003.0
2021102728,バッデレイト,牡,上村洋行,,サトノダイヤモンド,2013106101,ビーウインド,2001100275,スピニングワールド,000a000325,杉山忠国,杵臼牧場,"4,997.7",2013.0,2001.0,1993.0
2021105837,レッドアトレーヴ,牡,手塚貴久,,ロードカナロア,2008103552,ラストグルーヴ,2010104053,ディープインパクト,2002100816,東京ホースレーシング,ノーザンファーム,"4,991.8",2008.0,2010.0,2002.0
2021100836,レアンダー,牡,大根田裕,,シルバーステート,2013105903,ミスエンピリカル,2012105962,プリサイスエンド,000a00fe9b,奥裕嗣,高岸順一,"4,986.9",2013.0,2012.0,1997.0
2021105370,キャプテンシー,牡,松永幹夫,,モーリス,2011100655,アドマイヤリード,2013106072,ステイゴールド,1994108729,サンデーレーシング,ノーザンファーム,"4,983.9",2011.0,2013.0,1994.0
2021106816,マイネルブリックス,牡,黒岩陽一,,ブリックスアンドモルタル,000a014377,マイネカンナ,2004100773,アグネスタキオン,1998101516,サラブレッドクラブ・ラフィアン,ビッグレッドファーム,"4,973.1",2014.0,2004.0,1998.0
2021104413,ウェイトゥゴー,牝,昆貢,,サンダースノー,000a013a06,チラリ,2012104432,チチカステナンゴ,000a011135,安原浩司,フジワラファーム,"4,966.5",2014.0,2012.0,1998.0
2021100019,マサノカナリア,牝,藤野健太,,シルバーステート,2013105903,マサノジュエリー,2011103050,メイショウボーラー,2001100650,猪野毛雅人,猪野毛牧場,"4,960.2",2013.0,2011.0,2001.0
2021104887,デュアルウィルダー,牡,堀宣行,,ヨシダ,2014106077,ダンスウィズキトゥン,000a0143eb,Kitten's Joy,000a0119b3,社台レースホース,社台コーポレーション白老ファーム,"4,954.2",2014.0,2010.0,2001.0
2021102231,シルキーガール,牝,上村洋行,,デクラレーションオブウォー,000a0136f6,テーオーヴィーナス,2009103146,ディープインパクト,2002100816,辻子依旦,ヤナガワ牧場,"4,935.1",2009.0,2009.0,2002.0
2021103061,ムーム,牝,杉山佳明,,キンシャサノキセキ,2003110212,エイシンスイーツ,2014103556,シンボリクリスエス,1999110099,永山勝敏,富田牧場,"4,924.3",2003.0,2014.0,1999.0
2021101705,ソーニーイシュー,牡,千田輝彦,,シニスターミニスター,000a011099,ローズストリート,2014102195,ストリートセンス,000a0113a2,ゴドルフィン,ダーレー・ジャパン・ファーム,"4,909.2",2003.0,2014.0,2004.0
2021110153,ジェネラーレ,牡,野中賢二,,Army Mule,000a01edfc,Raging Atlantic,000a01f36f,Stormy Atlantic,000a010b85,カナヤマホールディングス,Hill 'N' Dale Equine Holdings Inc. & Jared Burdine,"4,904.2",2014.0,2011.0,1994.0
2021107180,ジュンヴァンケット,セ,友道康夫,,キズナ,2010105827,ピクシーホロウ,2010106209,キングヘイロー,1995104427,河合純二,ノーザンファーム,"4,893.2",2010.0,2010.0,1995.0
2021105058,ルージュアベリア,牝,加藤士津,,キズナ,2010105827,シアードラマ,000a013875,Burning Roma,000a013729,東京ホースレーシング,社台ファーム,"4,885.9",2010.0,2010.0,1998.0
2021105066,レッドテリオス,牡,古賀慎明,,ジャスタウェイ,2009106461,ショーコ,000a010dcd,Efisio,000a010538,東京ホースレーシング,社台ファーム,"4,883.4",2009.0,2001.0,1982.0
2021110103,セクシーブーケ,牝,田中克典,,Liam's Map,000a01372b,Shurakaa,000a01d5c3,Tapit,000a011248,橋元勇氣,Shadwell Farm LLC,"4,873.7",2011.0,2016.0,2001.0
2021105973,ワイノナオミ,牝,畑端省吾,,ドレフォン,000a013b82,ボクノナオミ,2012104746,ゴールドアリュール,1999106689,塩澤正樹,レイクヴィラファーム,"4,858.5",2013.0,2012.0,1999.0
2021101226,クリノフィガロ,牡,荒川義之,,ゴールドシップ,2009102739,クリノスペシャル,2003101825,スペシャルウィーク,1995103211,栗本依利子,木村牧場,"4,845.6",2009.0,2003.0,1995.0
2021100935,ララマセラシオン,牡,大竹正博,,カリフォルニアクローム,000a012602,ララプリムヴェール,2015105012,クロフネ,1998110135,フジイ興産,ヒダカファーム,"4,833.5",2011.0,2015.0,1998.0
2021105646,タイセイレスポンス,セ,安田翔伍,,ミッキーアイル,2011103916,チャイマックス,2013110080,Congrats,000a010687,田中成奉,ノーザンファーム,"4,821.6",2011.0,2013.0,2000.0
2021102129,ブラックバトラー,牡,新子雅司,,シニスターミニスター,000a011099,アズマガール,2009102914,キングカメハメハ,2001103460,会田裕一,増尾牧場,"4,819.0",2003.0,2009.0,2001.0
2021102903,ワンパット,牡,高橋亮,,シニスターミニスター,000a011099,ヒラボクビジン,2007101587,ブライアンズタイム,000a000082,寺田寿男,谷川牧場,"4,807.4",2003.0,2007.0,1985.0
2021104971,オールセインツ,牡,友道康夫,,キズナ,2010105827,エアシンフォニー,2015104246,ルーラーシップ,2007103143,平田修,社台ファーム,"4,806.9",2010.0,2015.0,2007.0
2021105680,シャハザマーン,牡,藤原英昭,,ドゥラメンテ,2012104511,ドバイマジェスティ,000a011a63,Essence of Dubai,000a0119b8,サンデーレーシング,ノーザンファーム,"4,798.4",2012.0,2005.0,1999.0
2021110156,ドゥータップ,牡,藤原英昭,,Twirling Candy,000a01316b,Taparelli,000a01f372,Tapit,000a011248,グリーンフィールズ,RanJan Racing Inc.,"4,784.4",2007.0,2015.0,2001.0
2021106126,タイセイアディクト,牡,池上昌和,,リオンディーズ,2013105915,スコルピオンキッス,2004110121,フレンチデピュティ,000a00013a,田中成奉,カミイスタット,"4,777.0",2013.0,2004.0,1992.0
2021101045,タイセイミッション,セ,伊藤圭三,,キタサンブラック,2012102013,パクスアジアーナ,2015101020,ノヴェリスト,000a012230,田中成奉,天羽牧場,"4,774.3",2012.0,2015.0,2009.0
2021106171,ブルーサン,牡,宮地貴稔,,モーニン,2012110091,グッドレインボー,2010102982,ステイゴールド,1994108729,石瀬浩三,小泉牧場,"4,759.8",2012.0,2010.0,1994.0
2021103140,メイプルタピット,牡,南田美知,,ラニ,2013110045,ディヴィナライン,2015103223,オルフェーヴル,2008102636,節英司,信岡牧場,"4,757.3",2013.0,2015.0,2008.0
2021106014,カシマエスパーダ,牡,鈴木慎太,,ホッコータルマエ,2009100921,カシマサミダレ,2015102333,シニスターミニスター,000a011099,松浦一久,安達牧場,"4,746.8",2009.0,2015.0,2003.0
2021100143,メルトユアハート,牝,長谷川浩,,ロードカナロア,2008103552,キャトルフィーユ,2009101532,ディープインパクト,2002100816,ロードホースクラブ,ケイアイファーム,"4,737.8",2008.0,2009.0,2002.0
2021110084,マーブルマウンテン,牝,藤田輝信,,Soldier's Call,000a01d54e,Maralika,000a01d562,Dubawi,000a0115e2,シルクレーシング,Mickley Stud & Tim & Miranda Johnson,"4,727.1",2016.0,2011.0,2002.0
2021106757,リネアグローリア,牡,小崎憲,,モーニン,2012110091,マザーレイク,2002102287,サンデーサイレンス,000a00033a,中村忠彦,平山牧場,"4,722.5",2012.0,2002.0,1986.0
2021105831,グラヴィス,牡,矢作芳人,,ハーツクライ,2001103038,ラヴズオンリーミー,000a01179f,Storm Cat,000a001a98,三木正浩,ノーザンファーム,"4,720.4",2001.0,2006.0,1983.0
2021105859,フォルラニーニ,牡,手塚貴久,,エピファネイア,2010104155,リナーテ,2014106168,ステイゴールド,1994108729,サンデーレーシング,ノーザンファーム,"4,676.2",2010.0,2014.0,1994.0
2021103092,ナムラローズマリー,牝,羽月友彦,,ミッキーアイル,2011103916,ナムラストロベリー,2015106076,ヨハネスブルグ,000a0103b9,奈村睦弘,中島牧場,"4,675.1",2011.0,2015.0,1999.0
2021100126,ムットクルフェ,牡,的場直之,,トビーズコーナー,000a011fed,リンデンブリューテ,2015104278,キングカメハメハ,2001103460,会田裕一,グローリーファーム,"4,674.7",2008.0,2015.0,2001.0
2021104411,マイノワール,牡,笹田和秀,,マインドユアビスケッツ,000a01392e,チカノワール,2014105053,ハービンジャー,000a011996,松島一晃,フジワラファーム,"4,661.1",2013.0,2014.0,2006.0
2021103204,アイアムユウシュン,牡,奥平雅士,,ヘニーヒューズ,000a011155,アイアムネフライト,2009105693,アグネスタキオン,1998101516,ワイズマン,まるとみ冨岡牧場,"4,646.1",2003.0,2009.0,1998.0
2021106625,ノットイナフ,牡,浜田多実,,マジェスティックウォリアー,000a011e9c,クライミングローズ,2012100611,マンハッタンカフェ,1998101554,ノースヒルズ,ノースヒルズ,"4,645.5",2005.0,2012.0,1998.0
2021106797,コスモジンバック,牡,相沢郁,,Good Magic,000a01a8ef,ディスポーザブルプレジャー,000a01b815,Giacomo,000a01180e,ビッグレッドファーム,ビッグレッドファーム,"4,640.0",2015.0,2009.0,2002.0
2021105753,フェンダー,牡,斉藤崇史,,モーリス,2011100655,プリンセスロック,2012106308,スウィフトカレント,2001103189,シルクレーシング,ノーザンファーム,"4,636.8",2011.0,2012.0,2001.0
2021105502,ルフトクス,牝,杉山佳明,,ニューイヤーズデイ,000a014589,クルークハイト,2014105833,クロフネ,1998110135,キャロットファーム,ノーザンファーム,"4,625.8",2011.0,2014.0,1998.0
2021110088,キュクヌス,牝,池江泰寿,,Saxon Warrior,2015100991,フォローアドリーム,000a01bdb1,Giant's Causeway,000a0022e1,ノースヒルズ,North Hills Co. Ltd,"4,618.9",2015.0,2016.0,1997.0
2021104283,ノーブルゲイル,牡,佐野謙二,,ロージズインメイ,000a010a10,ローズベビークリス,2010105601,ファスリエフ,000a00fc4c,吉木伸彦,橋本牧場,"4,611.5",2000.0,2010.0,1997.0
2021102953,パドマ,牝,杉山晴紀,,ドレフォン,000a013b82,マチャプチャレ,2013103474,ヨハネスブルグ,000a0103b9,ローレルレーシング,チェスナットファーム,"4,608.7",2013.0,2013.0,1999.0
2021105980,キットハナガサク,牝,武井亮,,キズナ,2010105827,メジロスプレンダー,2006102657,シンボリクリスエス,1999110099,ＴＮレーシング,レイクヴィラファーム,"4,591.8",2010.0,2006.0,1999.0
2021104965,ザイデルバスト,牡,川島正一,,パイロ,000a01176a,ウララカ,2006103084,ワイルドラッシュ,000a0003a1,吉田照哉,社台ファーム,"4,579.0",2005.0,2006.0,1994.0
2021105459,ヴィスマール,牡,奥村豊,,ブリックスアンドモルタル,000a014377,オーマイベイビー,2011103810,ディープインパクト,2002100816,キャロットファーム,ノーザンファーム,"4,571.4",2014.0,2011.0,2002.0
2021100789,ハニーコム,牝,蛯名正義,,シルバーステート,2013105903,マルハチメイフェア,2006106730,ホワイトマズル,1990109700,ビッグレッドファーム,鮫川啓一,"4,564.4",2013.0,2006.0,1990.0
2021101737,エンヤラヴフェイス,牡,森田直行,,エイシンヒカリ,2011101273,タイキアプローズ,2000110011,Devil's Bag,000a001a8f,ＳＴレーシング,チャンピオンズファーム,"4,561.2",2011.0,2000.0,1981.0
2021105800,ミエスペランサ,牝,池江泰寿,,リアルスティール,2012104889,ミスエルテ,2014106174,Frankel,000a01239b,サンデーレーシング,ノーザンファーム,"4,555.3",2012.0,2014.0,2008.0
2021105474,サダムオプシス,牡,平田修,,ルーラーシップ,2007103143,カレンオプシス,2012104775,サムライハート,2002100996,大西美生子,ノーザンファーム,"4,548.5",2007.0,2012.0,2002.0
2021102462,ワークソング,牡,牧浦充徳,,モーニン,2012110091,ハッピーラン,2004102869,フレンチデピュティ,000a00013a,馬場幸夫,雅牧場,"4,528.0",2012.0,2004.0,1992.0
2021105606,オウバイトウリ,牝,武幸四郎,,リアルスティール,2012104889,スターズアンドクラウズ,000a01379f,マクフィ,000a011c77,キーファーズ,ノーザンファーム,"4,521.6",2012.0,2012.0,2007.0
2021100792,スコーピオン,牡,武藤善則,,ビッグアーサー,2011103328,ラスパジャサーダス,2012103849,スウェプトオーヴァーボード,000a00fa34,佐々木雄二,鮫川啓一,"4,516.7",2011.0,2012.0,1997.0
2021105599,シンバーシア,牝,萩原清,,ロードカナロア,2008103552,スウィートリーズン,000a012f08,ストリートセンス,000a0113a2,サンデーレーシング,ノーザンファーム,"4,507.3",2008.0,2011.0,2004.0
2021106894,サクラトップキッド,牡,伊藤和忍,,ビーチパトロール,000a0141f9,サクラトップクイン,2008102998,ジャングルポケット,1998101786,櫻井秀樹,細川農場,"4,502.8",2013.0,2008.0,1998.0
2021104176,キングブルー,牡,四位洋文,,ロードカナロア,2008103552,ルルパンブルー,2005100568,ジャングルポケット,1998101786,ＴＮレーシング,千代田牧場,"4,500.8",2008.0,2005.0,1998.0
2021102275,スタンリーテソーロ,牡,稲垣幸雄,,ファインニードル,2013100612,ジャニュアリージョーンズ,000a014a47,Shirocco,000a010db9,了徳寺健二ホールディングス,リョーケンファーム,"4,493.6",2013.0,2011.0,2001.0
2021102834,メイショウタイセツ,牡,宇都英樹,,ホッコータルマエ,2009100921,メイショウクノイチ,2013103491,エンパイアメーカー,000a010542,ファーストビジョン,太陽牧場,"4,490.0",2009.0,2013.0,2000.0
2021105689,エヴァンスウィート,牝,友道康夫,,スワーヴリチャード,2014106083,ハルーワスウィート,2001103409,Machiavellian,000a001c1d,佐々木主浩,ノーザンファーム,"4,489.3",2014.0,2001.0,1987.0
2021102436,レッドリベルタ,牡,庄野靖志,,リアルスティール,2012104889,レッドディオーサ,2013100379,キングカメハメハ,2001103460,東京ホースレーシング,坂東牧場,"4,474.2",2012.0,2013.0,2001.0
2021103770,スペイドアン,牡,加藤士津,,カリフォルニアクローム,000a012602,ヘヴンリーウインド,2016100686,ダイワメジャー,2001103114,ＴＵＲＦレーシング,今牧場,"4,473.0",2011.0,2016.0,2001.0
2021105160,カエルム,牡,安田翔伍,,ブラックタイド,2001103312,ハウオリ,2006100448,キングカメハメハ,2001103460,金子真人ホールディングス,社台ファーム,"4,469.4",2001.0,2006.0,2001.0
2021104854,ミナデオロ,牡,藤原英昭,,レイデオロ,2014106201,ゴールデンドックエー,000a011a45,Unusual Heat,000a0118fe,サンデーレーシング,社台コーポレーション白老ファーム,"4,455.2",2014.0,2005.0,1990.0
2021105569,サトノアイオライト,牝,吉村圭司,,リアルインパクト,2008103244,シルバーバレットムーン,000a012948,Vindication,000a010544,里見治,ノーザンファーム,"4,451.0",2008.0,2005.0,2000.0
2021102419,ファインライン,牡,松永幹夫,,ファインニードル,2013100612,ディープサウス,2010104178,ディープインパクト,2002100816,窪田芳郎,坂東牧場,"4,431.4",2013.0,2010.0,2002.0
2021100868,アウトドライブ,牡,池田忠好,,デクラレーションオブウォー,000a0136f6,キティ,2006100649,Northern Afleet,000a010a96,岡浩二,中神牧場,"4,425.4",2009.0,2006.0,1993.0
2021110003,アンドアイラヴハー,牝,田村康仁,,No Nay Never,000a013cf5,キャントバイミーラヴ,000a01bdb0,War Front,000a011d00,キャロットファーム,Lake Villa Farm,"4,395.4",2011.0,2016.0,2002.0
2021105833,カリーシ,牝,武井亮,,モーリス,2011100655,ラクアミ,2012104923,ダイワメジャー,2001103114,ＦＡレーシング,ノーザンファーム,"4,387.3",2011.0,2012.0,2001.0
2021100114,ブレーザー,牡,伊坂重信,,シゲルカガ,2011103048,シゲルアンドロメダ,2010110118,Birdstone,000a01169b,ノルマンディーサラブレッドレーシング,グローリーファーム,"4,387.1",2011.0,2010.0,2001.0
2021110132,ジャスパーノワール,牡,森秀行,,Frosted,000a012b42,Funny Bay,000a01f20a,Medaglia d'Oro,000a010a65,加藤和夫,Nina Theodora Camperlengo,"4,386.9",2012.0,2010.0,1999.0
2021102106,ツルマウカタチ,牡,手塚貴久,,ヤングマンパワー,2012104685,ハイタッチクイーン,2007106112,キングヘイロー,1995104427,星野壽市,前野牧場,"4,385.7",2012.0,2007.0,1995.0
2021104941,セシリエプラージュ,牝,中村直也,,ブリックスアンドモルタル,000a014377,アットザシーサイド,2013105721,キングカメハメハ,2001103460,吉田照哉,社台ファーム,"4,373.2",2014.0,2013.0,2001.0
2021104189,テリオスサラ,牝,高柳瑞樹,,ロジャーバローズ,2016106065,アルジェント,2015101608,Shamardal,000a010c92,鈴木美江子,飛野牧場,"4,371.4",2016.0,2015.0,2002.0
2021101576,レオテミス,牝,高柳大輔,,デクラレーションオブウォー,000a0136f6,カレンステイシー,2011100464,アドマイヤジャパン,2002102324,レオ,高柳隆男,"4,369.8",2009.0,2011.0,2002.0
2021100389,プラムダンディ,牡,尾形和幸,,ラニ,2013110045,アンテプリッツ,2011104066,キングカメハメハ,2001103460,佐藤壽男,本桐牧場,"4,356.8",2013.0,2011.0,2001.0
2021106069,ポッドテオ,牡,畠山吉宏,,ジャングルポケット,1998101786,ポッドシルビア,2013101362,ダノンシャンティ,2007105709,小川眞査雄,岩見牧場,"4,340.4",1998.0,2013.0,2007.0
2021105601,ショーマンフリート,牡,手塚貴久,,スワーヴリチャード,2014106083,スカイフ,2014110006,Siyouni,000a012056,星野壽市,ノーザンファーム,"4,338.9",2014.0,2014.0,2007.0
2021104786,シャパリュ,セ,菊沢隆徳,,スワーヴリチャード,2014106083,ボンバルリーナ,2006102762,シンボリクリスエス,1999110099,Ｇ１レーシング,追分ファーム,"4,317.8",2014.0,2006.0,1999.0
2021102389,トウカイポワール,牝,北出成人,,ヘニーヒューズ,000a011155,トウカイシェーン,2013101145,ダイワメジャー,2001103114,内村正則,二風谷ファーム,"4,304.0",2003.0,2013.0,2001.0
2021106164,キングオブフジ,牡,角田晃一,,ヘニーヒューズ,000a011155,ヘイローフジ,2003100206,キングヘイロー,1995104427,浅川慶太,協和牧場,"4,295.3",2003.0,2003.0,1995.0
2021106594,ヤマニンアストロン,牡,石橋守,,ディーマジェスティ,2013104704,ヤマニンアタシャン,2011105062,フレンチデピュティ,000a00013a,土井肇,錦岡牧場,"4,273.1",2013.0,2011.0,1992.0
2021105750,アルゴナヴィス,牡,池江泰寿,,ドゥラメンテ,2012104511,プリティカリーナ,000a011a66,Seeking the Gold,000a001bea,シルクレーシング,ノーザンファーム,"4,267.5",2012.0,2005.0,1985.0
2021109043,テイエムタリスマ,牡,高橋一哉,,タリスマニック,000a013425,ノンストップ,2016103350,オルフェーヴル,2008102636,竹園正繼,諏訪牧場,"4,258.2",2013.0,2016.0,2008.0
2021100356,クールベイビー,牝,矢野英一,,アルアイン,2014106046,クールユリア,2009102597,ケイムホーム,000a0108d1,川上哲司,久井牧場,"4,253.5",2014.0,2009.0,1999.0
2021102993,ポルポラジール,牡,新谷功一,,シニスターミニスター,000a011099,タオヤメ,2014105857,ルーラーシップ,2007103143,Ｇリビエール・レーシング,辻牧場,"4,246.6",2003.0,2014.0,2007.0
2021101422,マテンロウブラボー,牡,野中賢二,,モーリス,2011100655,トリニティプレイス,2011100323,マンハッタンカフェ,1998101554,寺田千代乃,下河辺牧場,"4,237.3",2011.0,2011.0,1998.0
2021102532,マコトロクサノホコ,牡,角川秀樹,,トゥザワールド,2011103975,マコトジョワイユー,2002103599,フジキセキ,1992109618,ディアマント,出口繁夫,"4,213.5",2011.0,2002.0,1992.0
2021103732,エリカサファイア,牝,堀宣行,,キズナ,2010105827,ディーズプラネット,2013104133,クロフネ,1998110135,唐澤絵里加,グランド牧場,"4,209.8",2010.0,2013.0,1998.0
2021102256,ノーブルスカイ,牡,高柳大輔,,ネオユニヴァース,2000101426,ホウショウワールド,2006110163,Sky Classic,000a001ea6,自由が丘サラブレッド倶楽部,エトルタファーム,"4,208.1",2000.0,2006.0,1987.0
2021101660,アンクエンチャブル,セ,高柳瑞樹,,ディスクリートキャット,000a0113a1,スモーダリング,2012101513,パイロ,000a01176a,ゴドルフィン,ダーレー・ジャパン・ファーム,"4,204.3",2003.0,2012.0,2005.0
2021100255,アーロンイメル,牡,高橋一哉,,パイロ,000a01176a,アビス,2013102054,ダイワメジャー,2001103114,ケーエスＨＤ,田湯牧場,"4,202.4",2005.0,2013.0,2001.0
2021106694,ソウルアンドジャズ,セ,武井亮,,ブリックスアンドモルタル,000a014377,ナスノシベリウス,2009110036,Unbridled's Song,000a002071,グリーンファーム,ハシモトファーム,"4,197.4",2014.0,2009.0,1993.0
2021105811,アーマルコライト,セ,寺島良,,ジャスタウェイ,2009106461,ムーングロウ,000a013897,Nayef,000a01056f,キャロットファーム,ノーザンファーム,"4,185.0",2009.0,2009.0,1998.0
2021103154,メイショウカシワデ,牡,角田晃一,,シニスターミニスター,000a011099,マノアラニ,2010103025,アグネスタキオン,1998101516,松本好隆,林孝輝,"4,173.2",2003.0,2010.0,1998.0
2021106440,アララララ,牡,清水英克,,アドマイヤムーン,2003102991,ブライトホープ,2015101655,Shamardal,000a010c92,井高義光,トド岩高原銀河農場物語,"4,157.2",2003.0,2015.0,2002.0
2021100157,ロードトレイル,牡,藤岡健一,,ロードカナロア,2008103552,パラダイスリッジ,2012104604,ディープインパクト,2002100816,ロードホースクラブ,ケイアイファーム,"4,147.2",2008.0,2012.0,2002.0
2021105609,スパークリシャール,セ,小島茂之,,スワーヴリチャード,2014106083,スパークオンアイス,2009106059,シンボリクリスエス,1999110099,西見徹也,ノーザンファーム,"4,144.1",2014.0,2009.0,1999.0
2021103502,アイウィル,牡,高木登,,ドレフォン,000a013b82,ジュリーハーツ,2015103656,ハーツクライ,2001103038,Ｇリビエール・レーシング,岡田スタッド,"4,133.7",2013.0,2015.0,2001.0
2021102333,リケアサブル,牡,長倉功,,ベストウォーリア,2010110127,アナコンダ,2009102035,フサイチコンコルド,1993109220,稲場澄,川向高橋育成牧場,"4,130.0",2010.0,2009.0,1993.0
2021105849,オコタンペ,牡,須貝尚介,,ニューイヤーズデイ,000a014589,ラーゴブルー,2014106128,ハーツクライ,2001103038,金子真人ホールディングス,ノーザンファーム,"4,119.6",2011.0,2014.0,2001.0
2021101237,シャカシャカシー,牡,茶木太樹,,ヘニーヒューズ,000a011155,パワフルラリマー,2009102341,サクラバクシンオー,1989108341,水谷美穂,木村牧場,"4,110.1",2003.0,2009.0,1989.0
2021102259,クリノオリーブ,牝,谷潔,,ニューイヤーズデイ,000a014589,クリノラホール,2013101040,ダイワメジャー,2001103114,栗本依利子,横井哲,"4,110.0",2011.0,2013.0,2001.0
2021100734,レーウィン,セ,上村洋行,,ヘニーヒューズ,000a011155,フジインザスカイ,2011103176,ディープスカイ,2005101358,ノルマンディーサラブレッドレーシング,高昭牧場,"4,107.9",2003.0,2011.0,2005.0
2021105489,シークレットキー,牡,井上智史,,ドレフォン,000a013b82,キープシークレット,2015104696,ダイワメジャー,2001103114,シルクレーシング,ノーザンファーム,"4,101.6",2013.0,2015.0,2001.0
2021100206,ニューステソーロ,牝,高木登,,エピファネイア,2010104155,クリーミーボイス,2012104059,キングカメハメハ,2001103460,了徳寺健二ホールディングス,下屋敷牧場,"4,100.2",2010.0,2012.0,2001.0
2021104448,アンバードール,牡,吉岡辰弥,,カリフォルニアクローム,000a012602,バードオンアスク,2011102560,マンハッタンカフェ,1998101554,吉澤ホールディングス,藤原牧場,"4,094.1",2011.0,2011.0,1998.0
2021104810,サトノシュトラーセ,牡,友道康夫,,ジャスタウェイ,2009106461,ワンダーオブリップス,000a015941,Champs Elysees,000a012551,里見治,追分ファーム,"4,092.4",2009.0,2015.0,2003.0
2021101449,ライジンマル,セ,竹内正洋,,アジアエクスプレス,2011110091,ララエクレリゼ,2011100390,スペシャルウィーク,1995103211,カカムーチョレーシング,下河辺牧場,"4,089.8",2011.0,2011.0,1995.0
2021105352,ベンサレム,牡,稲垣幸雄,,スワーヴリチャード,2014106083,アガルタ,2007103323,キングカメハメハ,2001103460,シルクレーシング,ノーザンファーム,"4,065.4",2014.0,2007.0,2001.0
2021106328,クインズデネブ,牝,小島茂之,,カレンブラックヒル,2009106230,ママキジャ,2008104580,ストラヴィンスキー,000a00fa41,亀田和弘,隆栄牧場,"4,055.0",2009.0,2008.0,1996.0
2021103314,プリンセスアリー,牝,鹿沼良和,,キズナ,2010105827,ホワイトフローラ,2013104171,スズカフェニックス,2002107011,ライフエンタープライズ,宮内牧場,"4,055.0",2010.0,2013.0,2002.0
2021105412,ウィープディライト,セ,池添学,,ドゥラメンテ,2012104511,ウィープノーモア,000a015604,Mineshaft,000a010545,ＤＭＭドリームクラブ,ノーザンファーム,"4,052.6",2012.0,2013.0,1999.0
2021105704,コルレオニス,牡,友道康夫,,レイデオロ,2014106201,ヒストリックスター,2005102664,ファルブラヴ,1998190004,キャロットファーム,ノーザンファーム,"4,050.3",2014.0,2005.0,1998.0
2021102980,メイショウソムリエ,セ,蛯名正義,,サトノダイヤモンド,2013106101,シーサイドホーム,000a0138a5,Storm Cat,000a001a98,松本好隆,辻牧場,"4,043.0",2013.0,2006.0,1983.0
2021103593,タマモプルメリア,牝,大橋勇樹,,カリフォルニアクローム,000a012602,タマモエルドラド,2014100896,ゴールドアリュール,1999106689,タマモ,岡田牧場,"4,037.9",2011.0,2014.0,1999.0
2021106421,キタノソワレ,牝,本間忍,,トゥザワールド,2011103975,チャームラブ,2003100263,フレンチデピュティ,000a00013a,北所直人,対馬正,"4,037.7",2011.0,2003.0,1992.0
2021100752,アレナパラシオ,牡,四位洋文,,シニスターミニスター,000a011099,ルスナイプリンセス,2011103155,ファスリエフ,000a00fc4c,ノルマンディーサラブレッドレーシング,高昭牧場,"4,035.1",2003.0,2011.0,1997.0
2021105077,レイククレセント,牝,大竹正博,,ハーツクライ,2001103038,ジュリエットシアトル,000a01440c,Seattle Fitz,000a01430b,社台レースホース,社台ファーム,"4,030.0",2001.0,2014.0,1999.0
2021104039,ジュンラトゥール,牡,浜田多実,,パイロ,000a01176a,グーテデロワ,2007100261,スペシャルウィーク,1995103211,河合純二,田中裕之,"4,011.0",2005.0,2007.0,1995.0
2021105562,シャンパンポップ,牡,武幸四郎,,キズナ,2010105827,シャンパンルーム,000a014fce,Broken Vow,000a0101a0,ＤＭＭドリームクラブ,ノーザンファーム,"4,006.8",2010.0,2014.0,1997.0
2021105394,ヒヒーン,牝,須貝尚介,,ジャスタウェイ,2009106461,イイナヅケ,2013105822,ワークフォース,000a011a7f,大和屋暁,ノーザンファーム,"3,993.7",2009.0,2013.0,2007.0
2021102753,サンセットブライト,牝,相沢郁,,ホッコータルマエ,2009100921,デルマオサキ,2010103773,ネオユニヴァース,2000101426,神田紘爾,金成吉田牧場,"3,989.0",2009.0,2010.0,2000.0
2021100557,オーサムストローク,牡,伊藤圭三,,エピファネイア,2010104155,グランドクララ,2016110165,Frankel,000a01239b,ライオンレースホース,秋場牧場,"3,983.5",2010.0,2016.0,2008.0
2021105472,チェレスタ,牝,松下武士,,ハービンジャー,000a011996,カリンバ,2014105804,ルーラーシップ,2007103143,シルクレーシング,ノーザンファーム,"3,980.4",2006.0,2014.0,2007.0
2021104948,キーパフォーマー,牝,佐々木晶,,キタサンブラック,2012102013,アンコールピース,2009105878,ネオユニヴァース,2000101426,社台レースホース,社台ファーム,"3,980.2",2012.0,2009.0,2000.0
2021100150,クラヴィコード,牝,中村直也,,ジャスタウェイ,2009106461,ソルファ,2015102387,ロードカナロア,2008103552,ロードホースクラブ,ケイアイファーム,"3,978.0",2009.0,2015.0,2008.0
2021104405,セットアップ,セ,西田雄一,,デクラレーションオブウォー,000a0136f6,スリーアロー,2011102545,アルデバランII,000a010541,嶋田賢,フジワラファーム,"3,976.4",2009.0,2011.0,1998.0
2021105564,カズミクラーシュ,牡,吉岡辰弥,,モーリス,2011100655,シャンボールフィズ,2009105993,キングカメハメハ,2001103460,吉田和美,ノーザンファーム,"3,970.0",2011.0,2009.0,2001.0
2021101382,ブリックワーク,牝,辻野泰之,,ブリックスアンドモルタル,000a014377,オーヴィレール,2013100339,シンボリクリスエス,1999110099,下河辺隆行,下河辺牧場,"3,963.0",2014.0,2013.0,1999.0
2021102573,メイショウヤーキス,牡,飯田祐史,,シニスターミニスター,000a011099,メイショウスコール,2005100644,メイショウオウドウ,1995101767,松本好隆,磯野牧場,"3,953.0",2003.0,2005.0,1995.0
2021105796,サークルオブジョイ,牡,池添学,,Constitution,000a012973,マース,000a01b8b8,Colonel John,000a011a41,サンデーレーシング,ノーザンファーム,"3,941.7",2011.0,2015.0,2005.0
2021105384,チルカーノ,牝,高野友和,,ハービンジャー,000a011996,アロマティコ,2009106257,キングカメハメハ,2001103460,サンデーレーシング,ノーザンファーム,"3,940.6",2006.0,2009.0,2001.0
2021105121,ピックアチェリー,牝,和田正一,,モーリス,2011100655,チェリーヒロイン,2009105745,キングカメハメハ,2001103460,社台レースホース,社台ファーム,"3,940.1",2011.0,2009.0,2001.0
2021105585,カリーニョ,牡,杉山晴紀,,ドゥラメンテ,2012104511,ジェラシー,2013105864,ハービンジャー,000a011996,近藤英子,ノーザンファーム,"3,924.8",2012.0,2013.0,2006.0
2021105670,ベストミーエヴァー,牝,国枝栄,,No Nay Never,000a013cf5,デルフィニアII,000a01a8f7,Galileo,000a00232b,シルクレーシング,ノーザンファーム,"3,924.1",2011.0,2016.0,1998.0
2021104401,ヴェサリウス,牡,菊沢隆徳,,ロゴタイプ,2010103783,サトノマイヒメ,2013104782,ダイワメジャー,2001103114,福盛訓之,フジワラファーム,"3,912.4",2010.0,2013.0,2001.0
2021106563,イクリール,牡,青木孝文,,シュヴァルグラン,2012104759,エンプレスティアラ,2004102891,クロフネ,1998110135,キャロットファーム,新冠橋本牧場,"3,909.0",2012.0,2004.0,1998.0
2021102797,フィリップ,牡,岩戸孝樹,,ロージズインメイ,000a010a10,ナムラカグヤヒメ,2012102729,エンパイアメーカー,000a010542,ビッグレッドファーム,笹島智則,"3,905.1",2000.0,2012.0,2000.0
2021103595,ビーコング,牡,小手川準,,タリスマニック,000a013425,タマモペンライト,2013104037,ブラックタイド,2001103312,馬場祥晃,岡田牧場,"3,903.0",2013.0,2013.0,2001.0
2021103738,ミトノウォリアー,牡,角田輝也,,マジェスティックウォリアー,000a011e9c,ハヤブサプリプリ,2013104158,キングカメハメハ,2001103460,竹内三年,グランド牧場,"3,892.0",2005.0,2013.0,2001.0
2021100980,オーケーバーディー,牝,相沢郁,,シニスターミニスター,000a011099,セラファン,2014106398,ベーカバド,000a011dc0,小野建,三好牧場,"3,889.5",2003.0,2014.0,2007.0
2021101147,グロバーテソーロ,牡,高木登,,オルフェーヴル,2008102636,ツクシヒメ,2006105373,カコイーシーズ,1986109001,了徳寺健二ホールディングス,沖田牧場,"3,886.4",2008.0,2006.0,1986.0
2021101235,ゴールデンオスカー,牡,堀内岳志,,スクリーンヒーロー,2004103328,バラベルサイユ,2007105390,アグネスデジタル,1997110025,木村牧場,木村牧場,"3,885.3",2004.0,2007.0,1997.0
2021106642,ファミリーツリー,牝,河嶋宏樹,,ワンアンドオンリー,2011105072,ハーモニー,2009105025,Street Cry,000a0103ba,ノースヒルズ,ノースヒルズ,"3,880.9",2011.0,2009.0,1998.0
2021103214,ネグレスコ,牝,西園正都,,カリフォルニアクローム,000a012602,アイスブレイク,2011106083,マンハッタンカフェ,1998101554,モンレーヴ,三嶋牧場,"3,880.4",2011.0,2011.0,1998.0
2021101639,ソルトブリーズ,牡,田中剛,,アドマイヤムーン,2003102991,オーシャンウェイ,000a0123e0,Street Cry,000a0103ba,ゴドルフィン,ダーレー・ジャパン・ファーム,"3,880.0",2003.0,2008.0,1998.0
2021110060,ソニックスター,セ,木村哲也,,Into Mischief,000a0125a7,Carolina Bertie,000a01d0d5,Speightstown,000a011200,保坂和孝,Nancy C. Shuford,"3,875.0",2005.0,2017.0,1998.0
2021101677,ソルレース,牝,田中博康,,アドマイヤムーン,2003102991,ニードルクラフト,000a011cf7,Mark of Esteem,000a002097,ゴドルフィン,ダーレー・ジャパン・ファーム,"3,869.2",2003.0,2002.0,1993.0
2021105499,アバンデル,牡,金成貴史,,ワールドエース,2009106353,クラシックリディア,2013106059,ハービンジャー,000a011996,野田努,ノーザンファーム,"3,867.4",2009.0,2013.0,2006.0
2021104256,タンゴノアール,牡,上杉昌宏,,ホッコータルマエ,2009100921,ローザレーヌ,2006104175,マンハッタンカフェ,1998101554,アローネットサービス,西村牧場,"3,862.0",2009.0,2006.0,1998.0
2021105639,ダノンホイットニー,牝,大竹正博,,ミッキーロケット,2013106099,ダノンチェリー,2015104691,ディープインパクト,2002100816,ダノックス,ノーザンファーム,"3,861.7",2013.0,2015.0,2002.0
2021100629,マイネルフランツ,牡,和田正一,,ゴールドシップ,2009102739,マイネアロマ,2007104369,ロージズインメイ,000a010a10,サラブレッドクラブ・ラフィアン,荻伏三好ファーム,"3,850.6",2009.0,2007.0,2000.0
2021101397,ヴェロクオーレ,牝,石坂公一,,ドゥラメンテ,2012104511,サトノジョリー,2009102473,Bernardini,000a0111fe,村野康司,下河辺牧場,"3,849.8",2012.0,2009.0,2003.0
2021100300,エンセリオ,牝,小笠倫弘,,ドレフォン,000a013b82,ラベ,2005105379,ダンスインザダーク,1993109188,ノースヒルズ,土居牧場,"3,845.6",2013.0,2005.0,1993.0
2021105625,アレグロブリランテ,牡,上原佑紀,,ディープブリランテ,2009105084,センティナリー,2010104161,フレンチデピュティ,000a00013a,サンデーレーシング,ノーザンファーム,"3,843.2",2009.0,2010.0,1992.0
2021104978,マルカオペラ,牝,浜田多実,,ハービンジャー,000a011996,エトワールドパリ,2015104547,クロフネ,1998110135,日下部猛,社台ファーム,"3,840.6",2006.0,2015.0,1998.0
2021104021,ダイジョバナイ,牡,飯田良弘,,ファインニードル,2013100612,グリシーヌシチー,2012105206,ハーツクライ,2001103038,山口裕介,武牧場,"3,838.0",2013.0,2012.0,2001.0
2021106829,コスモレオナルド,牡,鹿戸雄一,,ゴールドシップ,2009102739,ミルルーテウス,2004103310,アグネスタキオン,1998101516,ビッグレッドファーム,ビッグレッドファーム,"3,828.7",2009.0,2004.0,1998.0
2021103711,ロサンゼルス,牡,伊藤圭三,,カリフォルニアクローム,000a012602,イチリュウ,2010102632,キングヘイロー,1995104427,モンレーヴ,グランド牧場,"3,820.0",2011.0,2010.0,1995.0
2021105775,ルージュスタニング,牝,友道康夫,,Into Mischief,000a0125a7,ボインビューティー,000a01b943,Giant's Causeway,000a0022e1,東京ホースレーシング,ノーザンファーム,"3,815.8",2005.0,2016.0,1997.0
2021103727,キーチパルフェ,牡,高柳大輔,,ドゥラメンテ,2012104511,スプリングサンダー,2007100267,クロフネ,1998110135,山本益臣,グランド牧場,"3,814.5",2012.0,2007.0,1998.0
2021101743,ワンブランチ,牝,上原佑紀,,ハービンジャー,000a011996,ナル,2016106423,ノヴェリスト,000a012230,長谷川千代子,チャンピオンズファーム,"3,796.0",2006.0,2016.0,2009.0
2021106108,ケテンドリーム,牝,上杉昌宏,,パイロ,000a01176a,ファゴット,2015101335,ディープインパクト,2002100816,叶徳文,オリエント牧場,"3,786.5",2005.0,2015.0,2002.0
2021103259,ミッキースピネル,牝,中内田充,,ロードカナロア,2008103552,ミッキーチャーム,2015103383,ディープインパクト,2002100816,野田みづき,三嶋牧場,"3,785.3",2008.0,2015.0,2002.0
2021103288,カフェニクス,牝,柄崎将寿,,サンダースノー,000a013a06,ルミエールカフェ,2013103484,マンハッタンカフェ,1998101554,西川光一,三嶋牧場,"3,773.8",2014.0,2013.0,1998.0
2021100225,モズマーヴェリック,牡,牧浦充徳,,リアルスティール,2012104889,シーソルティキッス,2014106004,キングカメハメハ,2001103460,キャピタル・システム,田上徹,"3,770.7",2012.0,2014.0,2001.0
2021105706,フォルテローザ,牝,斉藤崇史,,サトノアラジン,2011104063,ヒップホップスワン,2014110089,Tiz Wonderful,000a011c23,ホシノレーシング,ノーザンファーム,"3,757.0",2011.0,2014.0,2004.0
2021104976,ベトルス,セ,友道康夫,,ハーツクライ,2001103038,エスキモーキセス,000a015600,To Honor and Serve,000a0123ee,社台レースホース,社台ファーム,"3,755.4",2001.0,2015.0,2008.0
2021105662,ログラール,セ,松永幹夫,,モーリス,2011100655,ディアデラマドレ,2010104211,キングカメハメハ,2001103460,キャロットファーム,ノーザンファーム,"3,749.2",2011.0,2010.0,2001.0
2021106956,エスケンドリーム,牡,鷹見浩,,エスケンデレヤ,000a012cc0,セイカユニヴァース,2015106541,ネオユニヴァース,2000101426,菊地博,マリオステーブル,"3,748.0",2007.0,2015.0,2000.0
2021106157,マッシャーブルム,牡,前川恭子,,モーニン,2012110091,アサカラヴァーズ,2011104670,キングヘイロー,1995104427,永嶋啓一,協和牧場,"3,739.8",2012.0,2011.0,1995.0
2021103659,プレリュードシチー,牡,高橋義忠,,ハービンジャー,000a011996,ソムニアシチー,2010100190,メイショウサムソン,2003102205,友駿ホースクラブ,カタオカファーム,"3,730.1",2006.0,2010.0,2003.0
2021105736,カルパ,牡,須貝尚介,,モーリス,2011100655,ブチコ,2012104646,キングカメハメハ,2001103460,金子真人ホールディングス,ノーザンファーム,"3,730.0",2011.0,2012.0,2001.0
2021104200,サクセスカラー,牝,久保田貴,,ロジャーバローズ,2016106065,レインオンザデューン,000a01456b,Frankel,000a01239b,柴田実千代,飛野牧場,"3,725.0",2016.0,2014.0,2008.0
2021105334,トーアアイギス,牝,村田一誠,,レッドファルクス,2011104416,トーアアテナ,2014102813,タイキシャトル,1994109686,高山ランド,トーア牧場,"3,724.1",2011.0,2014.0,1994.0
2021103171,タイキヴァンクール,牡,中尾秀正,,エイシンヒカリ,2011101273,タイキキララ,2010105076,キングヘイロー,1995104427,大樹ファーム,ビクトリーホースランチ,"3,718.4",2011.0,2010.0,1995.0
2021105509,ノヴァエクスプレス,牡,鈴木慎太,,アジアエクスプレス,2011110091,グリューネヴォッヘ,2010104333,スペシャルウィーク,1995103211,吉田和美,ノーザンファーム,"3,716.4",2011.0,2010.0,1995.0
2021105425,ベルウェザー,牡,茶木太樹,,ニューイヤーズデイ,000a014589,ヴィラ,2011103865,ディープインパクト,2002100816,ＤＭＭドリームクラブ,ノーザンファーム,"3,712.8",2011.0,2011.0,2002.0
2021104479,ブロッケンボウ,牡,佐々木晶,,タリスマニック,000a013425,ラブフール,2007103423,ゼンノロブロイ,2000101517,小林竜太郎,へいはた牧場,"3,705.7",2013.0,2007.0,2000.0
2021105883,ジーティームソウ,牡,西村真幸,,エピファネイア,2010104155,レッドジゼル,2010104173,アグネスタキオン,1998101516,田畑利彦,ノーザンファーム,"3,704.7",2010.0,2010.0,1998.0
2021105120,グラウンドビート,セ,田村康仁,,ロードカナロア,2008103552,ダンスファンタジア,2008102910,ファルブラヴ,1998190004,社台レースホース,社台ファーム,"3,703.6",2008.0,2008.0,1998.0
2021105692,ニューバラード,セ,尾関知人,,ニューイヤーズデイ,000a014589,バラダガール,2014106066,ハーツクライ,2001103038,シルクレーシング,ノーザンファーム,"3,696.0",2011.0,2014.0,2001.0
2021104399,ラヴオントップ,牝,西村真幸,,ヘニーヒューズ,000a011155,サトノフラリッシュ,2012103489,エンパイアメーカー,000a010542,フジワラ・ファーム,フジワラファーム,"3,689.2",2003.0,2012.0,2000.0
2021100623,スプランドゥール,牡,和田雄二,,シルバーステート,2013105903,チェリーシェル,2010101976,サクラバクシンオー,1989108341,ターフ・スポート,荻伏服部牧場,"3,687.5",2013.0,2010.0,1989.0
2021103561,ゴールドスター,牡,奥村武,,キズナ,2010105827,ワンスインナムーン,2013103973,アドマイヤムーン,2003102991,井山登,岡田スタッド,"3,682.6",2010.0,2013.0,2003.0
2021104995,エレクトリックブギ,牡,鹿戸雄一,,ブリックスアンドモルタル,000a014377,カイザーバル,2013105537,エンパイアメーカー,000a010542,社台レースホース,社台ファーム,"3,675.9",2014.0,2013.0,2000.0
2021102700,ビバップ,牡,清水久詞,,モーニン,2012110091,カプリースレディー,2008101417,ジャングルポケット,1998101786,カナヤマホールディングス,杵臼斉藤牧場,"3,675.0",2012.0,2008.0,1998.0
2021100162,ロードブレイズ,牡,稲垣幸雄,,ロードカナロア,2008103552,ブリュネット,2010101350,ダイワメジャー,2001103114,ロードホースクラブ,ケイアイファーム,"3,669.4",2008.0,2010.0,2001.0
2021101685,キャットファイト,牝,上原博之,,ディスクリートキャット,000a0113a1,フラマブル,2013100635,パイロ,000a01176a,ゴドルフィン,ダーレー・ジャパン・ファーム,"3,664.1",2003.0,2013.0,2005.0
2021105356,ターコイズフリンジ,牡,田中博康,,ブラックタイド,2001103312,アズールムーン,2014106011,Malibu Moon,000a010c8e,シルクレーシング,ノーザンファーム,"3,664.0",2001.0,2014.0,1997.0
2021106077,プリズマジコ,牡,高橋義忠,,キズナ,2010105827,グラントリノ,2009104487,グランデラ,000a00fe3b,ニットー商事,大狩部牧場,"3,663.2",2010.0,2009.0,1998.0
2021101305,サンカルミア,牡,伊坂重信,,ロージズインメイ,000a010a10,フィールザロマンス,2010103585,ブラックタイド,2001103312,加藤ステーブル,ケイズ,"3,661.0",2000.0,2010.0,2001.0
2021101671,サンダーアラート,セ,田中博康,,サンダースノー,000a013a06,テイクウォーニング,2012101540,ディープスカイ,2005101358,ゴドルフィン,ダーレー・ジャパン・ファーム,"3,660.0",2014.0,2012.0,2005.0
2021105802,ミスティア,牝,戸田博文,,キタサンブラック,2012102013,ミスティックリップス,000a011d57,ジェネラス,000a000148,小濱忠一,ノーザンファーム,"3,657.2",2012.0,2004.0,1988.0
2021105467,フォーザボーイズ,牝,加藤征弘,,エピファネイア,2010104155,カゼルタ,2012104563,ハービンジャー,000a011996,平田修,ノーザンファーム,"3,643.0",2010.0,2012.0,2006.0
2021103486,ホウオウシェリー,牝,池上昌和,,ブリックスアンドモルタル,000a014377,オヒア,2012101421,ブラックタイド,2001103312,小笹芳央,岡田スタッド,"3,624.0",2014.0,2012.0,2001.0
2021104466,クラウドノイズ,牡,坂本和也,,ロージズインメイ,000a010a10,コパノアーデン,2014104093,スウェプトオーヴァーボード,000a00fa34,前田良平,へいはた牧場,"3,607.0",2000.0,2014.0,1997.0
2021105863,ルージュスエルテ,牝,国枝栄,,ハーツクライ,2001103038,リュズキナ,000a012f79,Storm Cat,000a001a98,東京ホースレーシング,ノーザンファーム,"3,605.7",2001.0,2008.0,1983.0
2021102708,アドミラルシップ,牡,相沢郁,,ゴールドシップ,2009102739,ヴィーヴァブーケ,2006100776,キングカメハメハ,2001103460,芹澤精一,杵臼牧場,"3,603.7",2009.0,2006.0,2001.0
2021105984,モモンウールー,牝,池添学,,ドレフォン,000a013b82,ユアスイスイ,2014105914,ダイワメジャー,2001103114,ＭＯＭＯレーシング,レイクヴィラファーム,"3,597.8",2013.0,2014.0,2001.0
2021105105,ミラビリスマジック,牝,国枝栄,,キズナ,2010105827,ソーマジック,2005102296,シンボリクリスエス,1999110099,社台レースホース,社台ファーム,"3,583.0",2010.0,2005.0,1999.0
2021106307,モリノセピア,牡,鈴木伸尋,,エスポワールシチー,2005102837,ペルレストラーダ,2007104463,アルデバランII,000a010541,森和久,須崎牧場,"3,578.9",2005.0,2007.0,1998.0
2021105777,ボーモンド,牡,国枝栄,,モーリス,2011100655,ボージェスト,2011103749,キングカメハメハ,2001103460,サンデーレーシング,ノーザンファーム,"3,577.6",2011.0,2011.0,2001.0
2021104745,イノセントキャット,牝,久保田貴,,シュヴァルグラン,2012104759,イルーシヴキャット,2011103549,キングカメハメハ,2001103460,Ｇ１レーシング,追分ファーム,"3,570.0",2012.0,2011.0,2001.0
2021106353,シグムンド,牡,岩戸孝樹,,アポロキングダム,2003110139,アポロプリンセス,2015100939,カネヒキリ,2002100978,田頭勇貴,タニグチ牧場,"3,560.7",2003.0,2015.0,2002.0
2021105430,マルチャレアル,牡,斉藤崇史,,リアルインパクト,2008103244,ヴィートマルシェ,2002100843,フレンチデピュティ,000a00013a,キャロットファーム,ノーザンファーム,"3,559.0",2008.0,2002.0,1992.0
2021110039,コーティアスマナー,牝,高橋義忠,,Invincible Spirit,000a01056d,サマーフレア,000a01c72e,Dubawi,000a0115e2,ゴドルフィン,Godolphin,"3,555.0",1997.0,2016.0,2002.0
2021104910,フラムリンガム,セ,柄崎将寿,,ダイワメジャー,2001103114,ファルネーゼ,2005102174,フレンチデピュティ,000a00013a,吉田照哉,社台コーポレーション白老ファーム,"3,551.3",2001.0,2005.0,1992.0
2021105485,エリカカリーナ,牝,宮田敬介,,ミッキーアイル,2011103916,キャレモンショコラ,2011100812,サクラバクシンオー,1989108341,三木正浩,ノーザンファーム,"3,545.6",2011.0,2011.0,1989.0
2021105144,トレミニョン,牝,和田勇介,,リアルインパクト,2008103244,トレラピッド,2005190001,Anabaa Blue,000a011385,社台レースホース,社台ファーム,"3,543.0",2008.0,2005.0,1998.0
2021101727,ピコニ,牡,牧光二,,シニスターミニスター,000a011099,クリスタルストーン,2004104532,ブライアンズタイム,000a000082,石部高史,チャンピオンズファーム,"3,539.6",2003.0,2004.0,1985.0
2021103033,ハイラント,牡,伊藤大士,,バゴ,2001190004,サトノサンシャイン,2013105573,ステイゴールド,1994108729,大塚亮一,ディアレストクラブ,"3,538.3",2001.0,2013.0,1994.0
2021105039,ゴールドサーベル,牡,大久保龍,,レッドファルクス,2011104416,ゴルトキルシェ,2015104411,ステイゴールド,1994108729,インゼルレーシング,社台ファーム,"3,536.9",2011.0,2015.0,1994.0
2021105788,バロネッサ,牝,田中博康,,ロードカナロア,2008103552,マルケッサ,2015105019,オルフェーヴル,2008102636,キャロットファーム,ノーザンファーム,"3,530.0",2008.0,2015.0,2008.0
2021100674,イモータルバード,牡,栗田徹,,レイデオロ,2014106201,アスカビレン,2012105832,ブラックタイド,2001103312,前田幸大,桑田牧場,"3,525.5",2014.0,2012.0,2001.0
2021105072,ディーガレジェンド,牡,藤原英昭,,モーリス,2011100655,ジプシーハイウェイ,000a0120ed,High Chaparral,000a010270,東豊物産,社台ファーム,"3,523.7",2011.0,2008.0,1999.0
2021100171,ダノンキラウェア,牡,中内田充,,ロードカナロア,2008103552,レキシールー,000a013e42,Sligo Bay,000a011fef,ダノックス,ケイアイファーム,"3,508.0",2008.0,2011.0,1998.0
2021100446,メジャーデビュー,牝,橋本和馬,,ガルボ,2007101163,キンシャチゴールド,2016102673,サウスヴィグラス,1996110138,石川秀守,水丸牧場,"3,500.0",2007.0,2016.0,1996.0
2021104368,トゥールリー,牡,北村欣也,,ダノンレジェンド,2010110102,ルヴィロンザ,2010110065,ハットトリック,2001103018,本城,藤川ファーム,"3,487.4",2010.0,2010.0,2001.0
2021104309,フロインフォッサル,牡,山下貴之,,ドレフォン,000a013b82,ウィンクルム,2017103994,キズナ,2010105827,吉田千津,服部牧場,"3,486.5",2013.0,2017.0,2010.0
2021106661,ヒーローインチーフ,セ,吉田直弘,,ディスクリートキャット,000a0113a1,カクテルラウンジ,2005102429,タニノギムレット,1999100226,岡田牧雄,ハクツ牧場,"3,486.1",2003.0,2005.0,1999.0
2021105056,オルトパラティウム,牡,安田翔伍,,エピファネイア,2010104155,ザレマ,2004103187,ダンスインザダーク,1993109188,社台レースホース,社台ファーム,"3,480.7",2010.0,2004.0,1993.0
2021106689,アセレラシオン,牡,浜田多実,,ドレフォン,000a013b82,クレアドール,2011104052,ハーツクライ,2001103038,サンデーレーシング,ハシモトファーム,"3,480.5",2013.0,2011.0,2001.0
2021106226,クルマトラサン,牡,小国博行,,ベストウォーリア,2010110127,エメラルドアロー,2014103258,ヨハネスブルグ,000a0103b9,（株）ＭＭＣ,今野活博,"3,480.0",2010.0,2014.0,1999.0
2021100350,アレンジャー,牡,昆貢,,リアルスティール,2012104889,キーウエスト,2013104589,ネオユニヴァース,2000101426,安原浩司,ヒサイファーム,"3,476.2",2012.0,2013.0,2000.0
2021110030,アンパドゥ,牡,木村哲也,,Iffraaj,000a0111d1,Latharna Skies,000a01c72d,Dubawi,000a0115e2,ゴドルフィン,Godolphin,"3,458.6",2001.0,2016.0,2002.0
2021100010,エドノフェニックス,牡,佐宗応和,,イスラボニータ,2011103565,シュンプウサイライ,2008103401,フレンチデピュティ,000a00013a,遠藤正子,稲葉牧場,"3,457.0",2011.0,2008.0,1992.0
2021101580,メイショウヨゾラ,牝,高柳瑞樹,,グレーターロンドン,2012101402,メイショウサリー,2015101525,ヨハネスブルグ,000a0103b9,松本好隆,高柳隆男,"3,452.1",2012.0,2015.0,1999.0
2021105885,キャネル,牡,手塚貴久,,ブリックスアンドモルタル,000a014377,レッドラヴィータ,2011103966,スペシャルウィーク,1995103211,落合幸弘,ノーザンファーム,"3,451.0",2014.0,2011.0,1995.0
2021103520,デルシエロ,牡,清水久詞,,レイデオロ,2014106201,ネオヴィクトリア,2010104257,ディープインパクト,2002100816,白石明日香,岡田スタッド,"3,449.1",2014.0,2010.0,2002.0
2021104856,エーリアル,牝,西田雄一,,リアルインパクト,2008103244,サダムグランジュテ,2008102669,キングカメハメハ,2001103460,シルクレーシング,社台コーポレーション白老ファーム,"3,447.8",2008.0,2008.0,2001.0
2021101053,キョウエイフロイデ,牝,中川公成,,サトノクラウン,2012104668,ケイティバローズ,2010105312,マンハッタンカフェ,1998101554,田中晴夫,天羽禮治,"3,441.0",2012.0,2010.0,1998.0
2021103303,ドリーミングアップ,牡,高橋文雅,,エピファネイア,2010104155,ジュデッカ,2014105367,ディープインパクト,2002100816,古賀和夫,宮内牧場,"3,440.0",2010.0,2014.0,2002.0
2021103002,アラナコア,牡,田中克典,,ブリックスアンドモルタル,000a014377,ハワイアンローズ,2011103384,キングカメハメハ,2001103460,ＣＨＥＶＡＬＡＴＴＡＣＨＥ,辻牧場,"3,439.0",2014.0,2011.0,2001.0
2021104210,ニホンピロトッティ,牝,緒方努,,ディスクリートキャット,000a0113a1,ニホンピロディール,2011102492,サイレントディール,2000101634,小林英一,友田牧場,"3,433.0",2003.0,2011.0,2000.0
2021103045,ニジイロハーピー,牝,橋本忠明,,ストロングリターン,2006102934,トラストネモフィラ,2009103874,タニノギムレット,1999100226,小林伸幸,ディアレストクラブ,"3,428.0",2006.0,2009.0,1999.0
2021106298,モリノレッドスター,牝,鈴木伸尋,,デクラレーションオブウォー,000a0136f6,クィーンオブシバ,2011104796,ファスリエフ,000a00fc4c,森和久,須崎牧場,"3,424.2",2009.0,2011.0,1997.0
2021102754,ランスオブセヘル,牝,奥村豊,,サトノアラジン,2011104063,ビシャーラ,000a0117d9,Alhaarth,000a01025c,五影慶則,金成吉田牧場,"3,424.0",2011.0,2006.0,1993.0
2021110136,アメリカンマーチ,牡,池江泰寿,,Cajun Breeze,000a01ebc4,Goldminer's Dream,000a01f219,Distorted Humor,000a0022ea,吉澤ホールディングス,Tom McCrocklin,"3,413.0",2008.0,2011.0,1993.0
2021101340,プラセボ,セ,林幻,,インカンテーション,2010104916,ベルガマスク,2007105468,ネオユニヴァース,2000101426,伊達泰明,サンシャイン牧場,"3,404.8",2010.0,2007.0,2000.0
2021106194,ウインデイジー,牝,宮徹,,ゴールドシップ,2009102739,ウインアキレア,2012100229,コンデュイット,2005190006,ウイン,コスモヴューファーム,"3,388.1",2009.0,2012.0,2005.0
2021102914,モズトキキ,牝,平田修,,グランプリボス,2008103388,モズジャカランダ,2013110133,Congrats,000a010687,キャピタル・システム,谷川牧場,"3,388.0",2008.0,2013.0,2000.0
2021104844,グロッシェン,牡,宮田敬介,,ニューイヤーズデイ,000a014589,キャットコイン,2012104074,ステイゴールド,1994108729,社台レースホース,社台コーポレーション白老ファーム,"3,381.2",2011.0,2012.0,1994.0
2021105583,ストーンズ,牡,友道康夫,,ドゥラメンテ,2012104511,ジェイウォーク,000a01560d,Cross Traffic,000a014f24,エムズレーシング,ノーザンファーム,"3,380.0",2012.0,2016.0,2009.0
2021106119,タイセイピューマ,牡,新開幸一,,ディスクリートキャット,000a0113a1,タイセイクインス,2009100048,ワイルドラッシュ,000a0003a1,田中成奉,柏木一則,"3,373.0",2003.0,2009.0,1994.0
2021103268,メイショウタムシバ,牝,飯田祐史,,ダノンレジェンド,2010110102,メイショウコブシ,2007101796,スペシャルウィーク,1995103211,松本好隆,三嶋牧場,"3,367.9",2010.0,2007.0,1995.0
2021106621,ハイウェイスター,牝,宮本博,,アメリカンペイトリオット,000a013bba,キエレ,2014110039,Distorted Humor,000a0022ea,ノースヒルズ,ノースヒルズ,"3,360.0",2013.0,2014.0,1993.0
2021104302,ティンティンデオ,牡,小崎憲,,ドレフォン,000a013b82,レガリニ,000a015979,ハードスパン,000a0116a1,風早信昭,畠山牧場,"3,351.5",2013.0,2014.0,2004.0
2021103060,フェルディナンド,牝,藤田輝信,,ヘニーヒューズ,000a011155,アグネスダリム,2009105704,ゴールドアリュール,1999106689,富田牧場,富田牧場,"3,348.5",2003.0,2009.0,1999.0
2021105102,スターリングアップ,牝,松永幹夫,,ブリックスアンドモルタル,000a014377,ソウルスターリング,2014105535,Frankel,000a01239b,社台レースホース,社台ファーム,"3,332.4",2014.0,2014.0,2008.0
2021104840,フルレゾン,牝,池添学,,オルフェーヴル,2008102636,カイカヨソウ,2010104312,ティンバーカントリー,000a00035e,キャロットファーム,社台コーポレーション白老ファーム,"3,329.6",2008.0,2010.0,1992.0
2021103667,クオレス,牝,久保秀男,,ベーカバド,000a011dc0,コウギョウデジタル,2010100449,アグネスデジタル,1997110025,山本国広,神垣道弘,"3,327.0",2007.0,2010.0,1997.0
2021102281,バナマンテソーロ,牡,小久保智,,ハーツクライ,2001103038,パールプリンセス,000a013e7f,Astronomer Royal,000a0136f4,了徳寺健二ホールディングス,リョーケンファーム,"3,323.2",2001.0,2011.0,2004.0
2021106211,ウインマクシマム,牡,畠山吉宏,,キタサンブラック,2012102013,コスモアクセス,2009105141,ロージズインメイ,000a010a10,ウイン,コスモヴューファーム,"3,319.2",2012.0,2009.0,2000.0
2021103556,レアグリフォン,牡,秋山直之,,リオンディーズ,2013105915,レアドロップ,2013101236,キンシャサノキセキ,2003110212,ノルマンディーサラブレッドレーシング,岡田スタッド,"3,302.2",2013.0,2013.0,2003.0
2021102982,ベルダイナフェロー,牝,東田明士,,American Pharoah,000a012aad,ジャンナスキッキ,000a01b7da,War Front,000a011d00,宮崎俊也,辻牧場,"3,301.5",2012.0,2015.0,2002.0
2021103799,ケイケイ,セ,杉浦宏昭,,イスラボニータ,2011103565,スウィートハース,000a011999,Touch Gold,000a0022cd,桑野克己,坂本智広,"3,297.7",2011.0,2006.0,1994.0
2021100805,ナミダノキス,牡,金田一昌,,ホッコータルマエ,2009100921,レーヌベルキス,2013102688,マンハッタンカフェ,1998101554,（有）ミルファーム,猿橋義昭,"3,292.0",2009.0,2013.0,1998.0
2021104145,オセアエクスプレス,牡,菊川正達,,アジアエクスプレス,2011110091,フロリール,2016105971,クロフネ,1998110135,ＸＩＡＯジャパン,千代田牧場,"3,283.6",2011.0,2016.0,1998.0
2021106068,パストラーレ,牡,武市康男,,シルバーステート,2013105903,ファインステラ,2015100099,ルーラーシップ,2007103143,井山登,岩見牧場,"3,283.0",2013.0,2015.0,2007.0
2021104590,ゲインサポート,セ,秋山真一,,デクラレーションオブウォー,000a0136f6,ローザミスティカ,2007103398,アグネスタキオン,1998101516,中越達也,矢野牧場,"3,281.0",2009.0,2007.0,1998.0
2021104006,クリスアーサー,牡,渡辺薫彦,,ビッグアーサー,2011103328,オートクリス,2006101096,シンボリクリスエス,1999110099,大戸志浦,高橋陵,"3,280.5",2011.0,2006.0,1999.0
2021104422,グランドセントラル,牡,北出成人,,シャンハイボビー,000a0127e4,ブリリン,2006101513,タイキシャトル,1994109686,フジワラ・ファーム,フジワラファーム,"3,277.9",2010.0,2006.0,1994.0
2021101019,コト,牝,野中賢二,,キズナ,2010105827,ニコール,2015104727,キングカメハメハ,2001103460,寺田寿男,吉田ファーム,"3,270.2",2010.0,2015.0,2001.0
2021100248,セイウンデセオ,牝,小手川準,,ヴィクトワールピサ,2007102923,ラソ,2014100827,パイロ,000a01176a,西山茂行,タツヤファーム,"3,266.0",2007.0,2014.0,2005.0
2021100297,ブルボンクイーン,牝,角田晃一,,キズナ,2010105827,セレブラール,2004101364,ボストンハーバー,000a00007c,ノースヒルズ,土居牧場,"3,263.4",2010.0,2004.0,1994.0
2021102083,スマートリアファル,牡,加藤公太,,キンシャサノキセキ,2003110212,スマートノエル,2012102129,ヴァーミリアン,2002100877,大川徹,本間牧場,"3,260.0",2003.0,2012.0,2002.0
2021105434,ショウナンガチ,牡,須貝尚介,,ドゥラメンテ,2012104511,エスケイプクローズ,000a015606,Going Commando,000a014f2f,国本哲秀,ノーザンファーム,"3,259.9",2012.0,2014.0,2000.0
2021103525,アデランテ,セ,菊川正達,,ミッキーグローリー,2013103999,パリージョ,2007100725,タイキシャトル,1994109686,岡田牧雄,岡田スタッド,"3,248.0",2013.0,2007.0,1994.0
2021104839,プレアデスグループ,牝,吉岡辰弥,,サトノアラジン,2011104063,オリヒメ,2013110092,マジェスティックウォリアー,000a011e9c,吉田晴哉,社台コーポレーション白老ファーム,"3,240.0",2011.0,2013.0,2005.0
2021101928,チザルピーノ,セ,堀宣行,,ドレフォン,000a013b82,マローブルー,2011100796,ディープインパクト,2002100816,金子真人ホールディングス,日高大洋牧場,"3,240.0",2013.0,2011.0,2002.0
2021104581,ハリウッドパーク,牝,長谷川浩,,カリフォルニアクローム,000a012602,プレシャスジェムズ,2007100277,シンボリクリスエス,1999110099,米田稔,矢野牧場,"3,237.6",2011.0,2007.0,1999.0
2021101420,ザオ,牝,米谷康秀,,シニスターミニスター,000a011099,ツルマルハロー,2006105500,アグネスデジタル,1997110025,程田真司,下河辺牧場,"3,235.0",2003.0,2006.0,1997.0
2021105002,サラトガチップス,牡,新谷功一,,レイデオロ,2014106201,カレンリスベット,2011104256,マンハッタンカフェ,1998101554,吉田千津,社台ファーム,"3,227.4",2014.0,2011.0,1998.0
2021106936,フレイミングパイ,牝,中竹和也,,リアルインパクト,2008103244,レディオブフレイム,2013100646,パイロ,000a01176a,薪浦亨,松浦牧場,"3,225.0",2008.0,2013.0,2005.0
2021102399,モンシェリ,牝,牧田和弥,,マクフィ,000a011c77,アスールダリア,2015106454,エスポワールシチー,2005102837,安原浩司,坂東牧場,"3,224.0",2007.0,2015.0,2005.0
2021104445,メイショウフウドウ,セ,藤原英昭,,シニスターミニスター,000a011099,テンザンオトヒメ,2003102756,フジキセキ,1992109618,松本好隆,藤原牧場,"3,223.5",2003.0,2003.0,1992.0
2021104321,カレンワッツアップ,牡,小林真也,,キズナ,2010105827,ホワットアスポット,000a013e1a,Arch,000a0021b7,鈴木隆司,服部牧場,"3,213.0",2010.0,2010.0,1995.0
2021100365,トウカイエルデ,牡,茶木太樹,,オルフェーヴル,2008102636,トウカイミステリー,2006103886,キングカメハメハ,2001103460,内村正則,平野牧場,"3,209.4",2008.0,2006.0,2001.0
2021106983,ゼンノツキヨミ,牝,秋山真一,,ロードカナロア,2008103552,クーファディーヴァ,2014110041,Frankel,000a01239b,大迫久美子,村上欽哉,"3,208.7",2008.0,2014.0,2008.0
2021105379,ルシフェル,牝,西園翔太,,ハーツクライ,2001103038,アルアリングスター,000a014416,Exchange Rate,000a011433,キャロットファーム,ノーザンファーム,"3,203.6",2001.0,2015.0,1997.0
2021105473,ラヴスコール,牝,加藤征弘,,ドゥラメンテ,2012104511,カレドニアレディ,000a013eb4,Firebreak,000a01031a,亀井哲也,ノーザンファーム,"3,200.2",2012.0,2009.0,1999.0
2021105374,クイックバイオ,牝,畑端省吾,,ブリックスアンドモルタル,000a014377,アニメイトバイオ,2007103393,ゼンノロブロイ,2000101517,バイオ,ノーザンファーム,"3,199.7",2014.0,2007.0,2000.0
2021102633,フーコサンライズ,牝,加藤公太,,ビッグアーサー,2011103328,マルモレイナ,2014103085,エンパイアメーカー,000a010542,ライフハウス,オカモトファーム,"3,196.0",2011.0,2014.0,2000.0
2021103478,ファビュラススター,牡,萩原清,,エピファネイア,2010104155,ヴンダーゾンネ,2006100745,グラスワンダー,1995108676,前田幸貴,岡田スタッド,"3,180.1",2010.0,2006.0,1995.0
2021104289,マミエミモモタロー,牡,諏訪貴正,,ニシケンモノノフ,2011105438,キャラメリゼ,2009104077,ブライアンズタイム,000a000082,間宮さとこ,畠山牧場,"3,177.5",2011.0,2009.0,1985.0
2021102882,カヌレフレイバー,牡,坂井英光,,ニューイヤーズデイ,000a014589,エポカブラヴァ,2004110013,Point Given,000a00fdbd,尾田信夫,谷川牧場,"3,173.0",2011.0,2004.0,1998.0
2021106811,マイネルモメンタム,牡,相沢郁,,ゴールドシップ,2009102739,マイネアルデュール,2005105499,アドマイヤコジーン,1996106512,サラブレッドクラブ・ラフィアン,ビッグレッドファーム,"3,164.2",2009.0,2005.0,1996.0
2021102406,レイワサンサン,セ,高柳大輔,,スワーヴリチャード,2014106083,カロンセギュール,2004110200,Forest Camp,000a010654,松岡研司,坂東牧場,"3,161.0",2014.0,2004.0,1997.0
2021100338,テセラリアン,牝,鈴木慎太,,リアルスティール,2012104889,テセラレフィナード,2012100097,ファルブラヴ,1998190004,中村雄一,萩澤泰博,"3,155.4",2012.0,2012.0,1998.0
2021101535,ヨーカイディスコ,牝,斎藤誠,,ダノンレジェンド,2010110102,メリーウェザー,2010103605,メジロベイリー,1998101457,レッドマジック,シンボリ牧場,"3,155.0",2010.0,2010.0,1998.0
2021104994,ティンク,牝,久保田貴,,ダイワメジャー,2001103114,オーレリアズベル,000a0155ff,Lemon Drop Kid,000a0022d0,社台レースホース,社台ファーム,"3,153.5",2001.0,2011.0,1996.0
2021105895,レーヴドレフォン,牝,矢作芳人,,ドレフォン,000a013b82,レーヴドリーブ,2015105098,オルフェーヴル,2008102636,シルクレーシング,ノーザンファーム,"3,148.2",2013.0,2015.0,2008.0
2021105642,ブレスワード,牡,渡辺和雄,,ニューイヤーズデイ,000a014589,チアズメッセージ,2000102044,サンデーサイレンス,000a00033a,キャロットファーム,ノーザンファーム,"3,146.0",2011.0,2000.0,1986.0
2021102727,オトコギアンパン,牡,小栗実,,モーリス,2011100655,パールズシャイン,2014105994,ディープインパクト,2002100816,増田和啓,杵臼牧場,"3,145.2",2011.0,2014.0,2002.0
2021104139,アムクラージュ,牡,藤原智行,,ホッコータルマエ,2009100921,パーティブロッサム,2009103841,キングヘイロー,1995104427,（株）オリオンファー,千代田牧場,"3,138.0",2009.0,2009.0,1995.0
2021105931,ギマール,牡,岡田稲男,,カレンブラックヒル,2009106230,アールヌーヴォー,2004104690,ブライアンズタイム,000a000082,カナヤマホールディングス,橋本牧場,"3,134.1",2009.0,2004.0,1985.0
2021103209,メイショウリリー,牝,高橋義忠,,ゴールドシップ,2009102739,メイショウタラチネ,2012103583,メイショウボーラー,2001100650,松本好隆,まるとみ冨岡牧場,"3,118.0",2009.0,2012.0,2001.0
2021102388,カイコウ,セ,田島俊明,,スクリーンヒーロー,2004103328,トウカイクルーク,2014100483,エンパイアメーカー,000a010542,二風谷ファーム,二風谷ファーム,"3,117.7",2004.0,2014.0,2000.0
2021103242,ジーベック,牡,矢作芳人,,Gun Runner,000a0138fb,ステラエージェント,000a01b81b,More Than Ready,000a00fcdd,広尾レース,三嶋牧場,"3,108.4",2013.0,2016.0,1997.0
2021102973,トゥラッタッタ,牡,新開幸一,,デクラレーションオブウォー,000a0136f6,クイーンマザー,2014106226,ハーツクライ,2001103038,大塚亮一,辻牧場,"3,108.1",2009.0,2014.0,2001.0
2021101228,クリノアドバンス,牡,大橋勇樹,,Al Wukair,000a013ffc,サクラゼンセン,000a01ba25,Planteur,000a011a87,栗本依利子,木村牧場,"3,092.0",2014.0,2016.0,2007.0
2021100148,ロードオールライト,牡,中内田充,,ハーツクライ,2001103038,スピニングワイルドキャット,000a01250f,Hard Spun,000a0116a1,ロードホースクラブ,ケイアイファーム,"3,091.9",2001.0,2009.0,2004.0
2021104074,ラブディーヴァ,牝,田中勝春,,ダイワメジャー,2001103114,ラブディラン,2009103765,Dylan Thomas,000a011072,ヒダカ・ブリーダーズ・ユニオン,谷岡牧場,"3,084.0",2001.0,2009.0,2003.0
2021101141,ヴィヴィアンエイト,牝,斉藤正弘,,フリオーソ,2004106867,ウイングパラダイス,2011102529,メイショウサムソン,2003102205,渡辺文子,沖田牧場,"3,082.0",2004.0,2011.0,2003.0
2021101121,ミライテーラー,牝,緒方努,,オルフェーヴル,2008102636,ドバウィディエティ,000a012f8a,Dubawi,000a0115e2,中西浩一,ヴェルサイユファーム,"3,074.8",2008.0,2013.0,2002.0
2021101023,アイファーバトル,牡,根本康広,,バトルプラン,000a0118e8,エアリーチューン,2012104470,ステイゴールド,1994108729,中島稔,アースファーム,"3,071.8",2005.0,2012.0,1994.0
2021106100,パフュームセント,牝,斉藤崇史,,ドゥラメンテ,2012104511,シャッセロール,2010105366,クロフネ,1998110135,名古屋友豊,オリエント牧場,"3,067.5",2012.0,2010.0,1998.0
2021105427,スカイサーベイ,牡,池添学,,キタサンブラック,2012102013,ヴィルジニア,2010104147,Galileo,000a00232b,Ｇ１レーシング,ノーザンファーム,"3,065.2",2012.0,2010.0,1998.0
2021101485,カテリーナ,牝,田中克典,,ホークビル,000a01327c,フェリーチェレガロ,2010103821,マンハッタンカフェ,1998101554,平井裕,白井牧場,"3,065.2",2013.0,2010.0,1998.0
2021100739,ワンダーカモン,牡,吉村圭司,,ワールドエース,2009106353,ホッコータピタン,2015103585,サウスヴィグラス,1996110138,山本能成,高昭牧場,"3,063.0",2009.0,2015.0,1996.0
2021102572,メイショウオオコ,牡,荒川義之,,メイショウボーラー,2001100650,デンコウミシオン,2016101619,メイショウサムソン,2003102205,松本好隆,磯野牧場,"3,060.0",2001.0,2016.0,2003.0
2021103017,オウケンシルヴァー,牡,松永康利,,ニューイヤーズデイ,000a014589,メロウメロディ,2008105461,キャプテンスティーヴ,000a000d9d,福井明,辻牧場,"3,055.0",2011.0,2008.0,1997.0
2021106618,マハナ,牝,井上智史,,ハービンジャー,000a011996,エレーデ,2013101838,ディープインパクト,2002100816,ノースヒルズ,ノースヒルズ,"3,050.0",2006.0,2013.0,2002.0
2021100906,ペレグリン,牝,河嶋宏樹,,バンブーエール,2003104100,フラミンゴ,2015103071,マルカシェンク,2003102542,中辻明,バンブー牧場,"3,050.0",2003.0,2015.0,2003.0
2021104635,リフレクトザムーン,牝,藤田輝信,,ルーラーシップ,2007103143,ミスイヴァノヴィック,000a01340d,Captain Rio,000a010d4b,望月雅博,アスラン,"3,040.1",2007.0,2012.0,1999.0
2021110104,エコロエイト,牡,田村康仁,,Take Charge Indy,000a012fb0,Lighthouse Bay,000a0151fa,Speightstown,000a011200,原村正紀,Shadai Farm,"3,040.0",2009.0,2010.0,1998.0
2021110012,アークドール,牡,松永幹夫,,Golden Horn,000a012adf,ラルク,2013106126,ディープインパクト,2002100816,インゼルレーシング,Keiffers Co Ltd,"3,037.0",2012.0,2013.0,2002.0
2021105092,ソングオブライフ,牡,森田直行,,ブリックスアンドモルタル,000a014377,スノーエンジェル,2012104221,スウェプトオーヴァーボード,000a00fa34,三田昌宏,社台ファーム,"3,034.0",2014.0,2012.0,1997.0
2021101116,エコテーラー,牝,石橋守,,スワーヴリチャード,2014106083,ジョウノカーラ,2009102417,Dylan Thomas,000a011072,中西浩一,ヴェルサイユファーム,"3,031.0",2014.0,2009.0,2003.0
2021102244,テーオードラッカー,牡,高柳大輔,,コパノリッキー,2010106548,マキシムカフェ,2007106200,マンハッタンカフェ,1998101554,小笹公也,ヤナガワ牧場,"3,030.0",2010.0,2007.0,1998.0
2021103537,トゥルーサクセサー,牡,高木登,,モーリス,2011100655,ブロンズテーラー,2011101737,ロージズインメイ,000a010a10,岡田牧雄,岡田スタッド,"3,028.6",2011.0,2011.0,2000.0
2021101468,アリエスキング,牡,庄野靖志,,シニスターミニスター,000a011099,ピシーズクイーン,2007100030,アグネスデジタル,1997110025,三宅勝俊,庄野牧場,"3,024.6",2003.0,2007.0,1997.0
2021102200,レッドライトニング,牡,浅利英明,,エイシンフラッシュ,2007102951,ブランシェール,2008102761,ディープインパクト,2002100816,東京ホースレーシング,門別牧場,"3,019.0",2007.0,2008.0,2002.0
2021100144,ロードトレゾール,牡,清水久詞,,ロードカナロア,2008103552,キープセイク,2013110002,Sea The Stars,000a011c78,ロードホースクラブ,ケイアイファーム,"3,019.0",2008.0,2013.0,2006.0
2021106006,ジーサイクロン,牡,吉岡辰弥,,サンダースノー,000a013a06,ジーベロニカ,2013104372,キングカメハメハ,2001103460,ジーホース,アサヒ牧場,"3,017.7",2014.0,2013.0,2001.0
2021105591,ジュンゴールド,牡,友道康夫,,エピファネイア,2010104155,ジュントップヒトミ,2013106145,ゼンノロブロイ,2000101517,河合純二,ノーザンファーム,"3,015.0",2010.0,2013.0,2000.0
2021103096,イデアイゴッソウ,牡,小野次郎,,サンダースノー,000a013a06,イデアオブクィーン,2011106529,キングカメハメハ,2001103460,益田修一,中脇満,"3,010.0",2014.0,2011.0,2001.0
2021103665,クスクス,牝,松下武士,,リーチザクラウン,2006102923,ヴァリアントレディ,2005102178,ウォーエンブレム,000a00fa35,山口敦広,神垣道弘,"3,005.2",2006.0,2005.0,1999.0
2021105755,ジオセントリック,牡,手塚貴久,,ハービンジャー,000a011996,プルメリアスター,2012104913,ゼンノロブロイ,2000101517,キャロットファーム,ノーザンファーム,"3,004.8",2006.0,2012.0,2000.0
2021105860,カンティアーモ,牝,木村哲也,,エピファネイア,2010104155,リビアーモ,2005102705,アドマイヤベガ,1996107396,シルクレーシング,ノーザンファーム,"3,002.0",2010.0,2005.0,1996.0
2021104078,マジックセブン,牡,那俄性哲,,エピカリス,2014103121,チョコダイスキ,2009103346,アグネスデジタル,1997110025,吉田忠史,谷藤弘美,"3,001.5",2014.0,2009.0,1997.0
2021104167,エイムフォーエース,牡,武井亮,,サトノアラジン,2011104063,ラストメッセージ,2008100598,ジャングルポケット,1998101786,ＫＨレーシング,千代田牧場,"3,000.0",2011.0,2008.0,1998.0
2021102516,マケズギライ,牝,石栗龍彦,,バンブーエール,2003104100,カゼニモマケズ,2012105006,パイロ,000a01176a,江川伸夫,清水スタッド,"2,996.0",2003.0,2012.0,2005.0
2021104205,プチブール,牝,小西一男,,サトノクラウン,2012104668,イシュタルキャスト,2009101262,アグネスタキオン,1998101516,ウエスト．フォレスト．ステイブル,友田牧場,"2,992.0",2012.0,2009.0,1998.0
2021105765,ミッキースターダム,セ,前川恭子,,エピファネイア,2010104155,ベルダム,2014106045,ディープインパクト,2002100816,野田みづき,ノーザンファーム,"2,990.0",2010.0,2014.0,2002.0
2021102653,コスモディナー,牝,伊藤伸一,,ダノンバラード,2008103548,コスモミール,2003101260,ヘクタープロテクター,000a000d6b,ビッグレッドファーム,金石牧場,"2,985.0",2008.0,2003.0,1988.0
2021106177,タマモナポリ,牝,河嶋宏樹,,カレンブラックヒル,2009106230,タマモリド,2011102557,ワイルドラッシュ,000a0003a1,タマモ,小泉牧場,"2,974.0",2009.0,2011.0,1994.0
2021105867,ショウナンハウル,セ,松下武士,,レイデオロ,2014106201,リンフォルツァンド,2015105069,ディープインパクト,2002100816,国本哲秀,ノーザンファーム,"2,967.0",2014.0,2015.0,2002.0
2021103752,プリムロゼ,牝,雑賀伸一,,ダノンレジェンド,2010110102,フルチャージ,2010102641,シニスターミニスター,000a011099,福田睦子,グランド牧場,"2,966.5",2010.0,2010.0,2003.0
2021101077,ベンダバール,牡,牧浦充徳,,ドレフォン,000a013b82,ラヴアズギフト,2007110024,Tiznow,000a00fa4b,グリーンファーム,新井昭二牧場,"2,961.5",2013.0,2007.0,1997.0
2021104387,ライゾマティクス,牡,小久保智,,Constitution,000a012973,レポゼッション,000a01b81c,War Front,000a011d00,山口裕介,藤沢牧場,"2,960.0",2011.0,2017.0,2002.0
2021106682,アンジョルラス,セ,藤野健太,,キズナ,2010105827,ラビルキン,000a013aa1,Indygo Shiner,000a011798,ライオンレースホース,ハクレイファーム,"2,956.0",2010.0,2012.0,1998.0
2021107053,ミトノユニヴァース,牡,角田輝也,,ロジユニヴァース,2006103140,タイセイアヴァンセ,2016100913,ハービンジャー,000a011996,竹内三年,村田牧場,"2,949.7",2006.0,2016.0,2006.0
2021100476,ファイツオン,牡,藤岡健一,,アルアイン,2014106046,ソラコマチ,2009101892,サクラバクシンオー,1989108341,前田幸治,村上牧場,"2,947.0",2014.0,2009.0,1989.0
2021103790,フナデ,牡,嘉藤貴行,,ゴールドシップ,2009102739,ラスイエットロス,2013101887,ディープインパクト,2002100816,ビッグレッドファーム,サカイファーム,"2,942.2",2009.0,2013.0,2002.0
2021105068,クリノハレルヤ,牝,武英智,,ドレフォン,000a013b82,シーサイドロマンス,2015104355,ショウナンカンプ,1998102595,栗本依利子,社台ファーム,"2,926.5",2013.0,2015.0,1998.0
2021104268,タケシ,牡,的場直之,,ディーマジェスティ,2013104704,ナムラエンジェル,2011102413,サウスヴィグラス,1996110138,伊藤恵介,野坂牧場,"2,923.0",2013.0,2011.0,1996.0
2021105602,ヤングスカーレット,牡,杉山晴紀,,サトノアラジン,2011104063,スカーレット,2005102516,シンボリクリスエス,1999110099,藤田晋,ノーザンファーム,"2,921.7",2011.0,2005.0,1999.0
2021102562,パルプフィクション,牝,飯田祐史,,ミッキーアイル,2011103916,ゴールデンオーラ,2009105087,ステイゴールド,1994108729,竹中一彰,赤田牧場,"2,921.1",2011.0,2009.0,1994.0
2021101419,オーシンハーフ,セ,高橋一哉,,シニスターミニスター,000a011099,ツインキャンドル,2011100379,キングカメハメハ,2001103460,大田慎治,下河辺牧場,"2,915.0",2003.0,2011.0,2001.0
2021103000,ヴァルドルチャ,牡,田中博康,,スワーヴリチャード,2014106083,ドメニカ,000a0157ef,Redattore,000a014f34,ＮＩＣＫＳ,辻牧場,"2,913.7",2014.0,2013.0,1995.0
2021107134,リノデスティーノ,牡,渋谷信博,,キタサンミカヅキ,2010100960,ラヴァンタージュ,2011104953,アドマイヤマックス,1999107004,嶋田佳幸,山岡牧場,"2,912.0",2010.0,2011.0,1999.0
2021100597,ズイウンゴサイ,牡,武市康男,,シュヴァルグラン,2012104759,ブルーインザスカイ,2011104865,チチカステナンゴ,000a011135,植村仁,エムエム、ヤマダファーム,"2,910.0",2012.0,2011.0,1998.0
2021100989,ケンアトラス,牡,繁田健一,,ホッコータルマエ,2009100921,ネオザフラッシュ,2008102822,タニノギムレット,1999100226,（株）エスティ,村下明博,"2,907.5",2009.0,2008.0,1999.0
2021100099,ペルセヴェランテ,牡,荒山勝徳,,シニスターミニスター,000a011099,モンロー,2014105598,クロフネ,1998110135,池田草龍,木田牧場,"2,900.5",2003.0,2014.0,1998.0
2021103145,レッドレナート,牡,手塚貴久,,レッドファルクス,2011104416,マレーナ,2011103777,ダイワメジャー,2001103114,東京ホースレーシング,信岡牧場,"2,890.9",2011.0,2011.0,2001.0
2021104011,オーシンロクゼロ,牡,朝倉実,,アジアエクスプレス,2011110091,マーティンオート,2010102857,プリサイスエンド,000a00fe9b,大田慎治,高橋陵,"2,889.5",2011.0,2010.0,1997.0
2021101973,シトラルテミニ,牝,小久保智,,インカンテーション,2010104916,スプリングキャロル,2013106142,クロフネ,1998110135,高岡浩行,ファーミングヤナキタ,"2,889.0",2010.0,2013.0,1998.0
2021106192,ウインアルドーレ,牡,西園翔太,,ビーチパトロール,000a0141f9,アルデュール,2008103014,フレンチデピュティ,000a00013a,ウイン,コスモヴューファーム,"2,888.8",2013.0,2008.0,1992.0
2021100469,カフェアローロ,牝,古賀慎明,,ダンカーク,000a012185,カフェローレル,2008103903,マンハッタンカフェ,1998101554,西川光一,三石橋本牧場,"2,888.0",2006.0,2008.0,1998.0
2021103744,マンウォル,牝,菊沢隆徳,,ブリックスアンドモルタル,000a014377,パワースポット,2008100266,スズカマンボ,2001103890,ＯＵＭＡ,グランド牧場,"2,881.0",2014.0,2008.0,2001.0
2021100660,ダイシンアポロン,牡,戸田博文,,レイデオロ,2014106201,サラファン,2009101032,アグネスタキオン,1998101516,大八木信行,上山牧場,"2,879.7",2014.0,2009.0,1998.0
2021105276,バロンドール,牡,松永幹夫,,ニューイヤーズデイ,000a014589,リュミエールドール,2014105336,ルーラーシップ,2007103143,寺田寿男,社台ファーム,"2,865.5",2011.0,2014.0,2007.0
2021103706,アルジェンタージョ,牝,伊藤圭三,,レッドファルクス,2011104416,アイシークレット,2007100290,ゴールドアリュール,1999106689,ＯＵＭＡ,グランド牧場,"2,865.0",2011.0,2007.0,1999.0
2021104104,フジマサテイオー,牡,久保杉隆,,ホッコータルマエ,2009100921,サティーヌアロム,2014104794,シンボリクリスエス,1999110099,岩渕瑞生,千代田牧場,"2,863.5",2009.0,2014.0,1999.0
2021106305,ランウインディ,牝,中尾秀正,,エスポワールシチー,2005102837,ブリュット,2017101533,ベーカバド,000a011dc0,ＧＥＴＮＥＸＴ,須崎牧場,"2,863.0",2005.0,2017.0,2007.0
2021110087,ラブコメディ,牝,寺島良,,No Nay Never,000a013cf5,Sweet Charity,000a01d565,Myboycharlie,000a012464,田邉滋久,Lynch Bages Ltd & Summerhill B/S,"2,860.0",2011.0,2013.0,2005.0
2021110131,エコロネオ,牡,森秀行,,Bernardini,000a0111fe,Smoke Signals,000a01f207,ストリートセンス,000a0113a2,原村正紀,Kathleen Schweizer & Daniel Burke,"2,852.8",2003.0,2012.0,2004.0
2021105156,ウィンドフォール,牡,牧光二,,パイロ,000a01176a,ノットオーソリティ,2011104394,スウェプトオーヴァーボード,000a00fa34,平田修,社台ファーム,"2,844.0",2005.0,2011.0,1997.0
2021103227,ジャズ,牡,辻野泰之,,ルーラーシップ,2007103143,カンタービレ,2015103350,ディープインパクト,2002100816,石川達絵,三嶋牧場,"2,835.8",2007.0,2015.0,2002.0
2021105262,ラオラシオン,セ,斎藤誠,,クリエイターII,000a013630,ラセレシオン,2012104126,ゼンノロブロイ,2000101517,ＤＭＭドリームクラブ,社台ファーム,"2,834.7",2013.0,2012.0,2000.0
2021110021,スピリットガイド,セ,中道啓二,,Invincible Spirit,000a01056d,Easy Victory,000a01c71f,Dubawi,000a0115e2,三木康史,Godolphin,"2,819.9",1997.0,2014.0,2002.0
2021105415,ドーンコーラス,牝,萩原清,,スワーヴリチャード,2014106083,ウェイクミーアップ,000a012fc0,ロックオブジブラルタル,000a00fd4c,ＮＩＣＫＳ,ノーザンファーム,"2,819.8",2014.0,2007.0,1999.0
2021105807,ニュージーズ,セ,木村哲也,,リアルスティール,2012104889,ミュージカルウェイ,000a011534,Gold Away,000a010313,シルクレーシング,ノーザンファーム,"2,815.0",2012.0,2002.0,1995.0
2021105711,ズバットマサムネ,セ,杉山佳明,,キンシャサノキセキ,2003110212,ビバリーヒルズ,2012104803,スニッツェル,000a010eaa,塩澤正樹,ノーザンファーム,"2,815.0",2003.0,2012.0,2002.0
2021105769,ピースヒロフェイス,牝,牧光二,,サトノダイヤモンド,2013106101,ペルヴィアンリリー,2004103056,フレンチデピュティ,000a00013a,中平和宏,ノーザンファーム,"2,810.6",2013.0,2004.0,1992.0
2021106758,ミグラテール,牡,田村彰啓,,ラニ,2013110045,マツリカ,2015100631,エンパイアメーカー,000a010542,井手進策,平山牧場,"2,810.0",2013.0,2015.0,2000.0
2021106623,エクリプスルバン,セ,田中博康,,シニスターミニスター,000a011099,キングベイビー,2010105836,マンハッタンカフェ,1998101554,前田幸大,ノースヒルズ,"2,810.0",2003.0,2010.0,1998.0
2021109114,アイタカ,牝,池田忠好,,エイシンフラッシュ,2007102951,ドリームアドリーム,2011103513,ディープインパクト,2002100816,岡浩二,ストームファームコーポレーション,"2,808.0",2007.0,2011.0,2002.0
2021104103,サンセットビュー,牝,新谷功一,,ドゥラメンテ,2012104511,ゴーイントゥザウィンドウ,000a01387e,Tapit,000a011248,飯田貴大,千代田牧場,"2,805.4",2012.0,2010.0,2001.0
2021102296,オオイチョウ,牡,真島元徳,,ゴールデンバローズ,2012110100,ディープビヨンド,2012103790,ディープインパクト,2002100816,平井裕,若林順一,"2,800.7",2012.0,2012.0,2002.0
2021106612,グーヴェルナイユ,牡,森泰斗,,キズナ,2010105827,ヴィーゲンリート,2016110066,Tiznow,000a00fa4b,前田幸治,ノースヒルズ,"2,796.9",2010.0,2016.0,1997.0
2021104435,ロデオ,牡,森下淳平,,マインドユアビスケッツ,000a01392e,アスカクイン,2011102567,スペシャルウィーク,1995103211,石川達絵,藤原牧場,"2,794.0",2013.0,2011.0,1995.0
2021105723,キトン,牡,渡辺和雄,,ルーラーシップ,2007103143,フィビュラ,2013105805,クロフネ,1998110135,吉田和美,ノーザンファーム,"2,793.0",2007.0,2013.0,1998.0
2021102084,ミチノアンジュ,牝,福田真広,,ドレフォン,000a013b82,スマートレモラ,2008100110,ゴールドアリュール,1999106689,鈴木道雄,本間牧場,"2,786.0",2013.0,2008.0,1999.0
2021107355,ゴールデンブザー,牡,宗形竹見,,マジェスティックウォリアー,000a011e9c,ドンプリムローズ,2013102646,ゴールドヘイロー,1997101264,柏瀬金之介,タツヤファーム,"2,785.5",2005.0,2013.0,1997.0
2021105111,レーザーショー,牡,川島正一,,パドトロワ,2007102760,ダカーポ,2015104413,ディープインパクト,2002100816,青山洋一,社台ファーム,"2,784.5",2007.0,2015.0,2002.0
2021104514,ハリウッドブルース,牡,浜田多実,,カリフォルニアクローム,000a012602,ハニーパイ,2010102658,サウスヴィグラス,1996110138,京都ホースレーシング,前谷武志,"2,784.0",2011.0,2010.0,1996.0
2021103299,シアター,牝,茶木太樹,,リアルスティール,2012104889,エルテアトロ,2007102802,キングカメハメハ,2001103460,中村祐子,宮内牧場,"2,781.0",2012.0,2007.0,2001.0
2021103155,メイショウキルギス,牡,高橋亮,,アジアエクスプレス,2011110091,メイショウアズミノ,2011105927,ハーツクライ,2001103038,松本好隆,林孝輝,"2,780.0",2011.0,2011.0,2001.0
2021104908,ニコラウス,牡,福永敏,,リアルスティール,2012104889,ピースバーグ,000a013d31,Sageburg,000a01260d,中辻明,社台コーポレーション白老ファーム,"2,779.0",2012.0,2010.0,2004.0
2021104665,レザンノワール,牡,伊藤圭三,,シルバーステート,2013105903,ララサンタフェーズ,2011102231,スペシャルウィーク,1995103211,ノルマンディーサラブレッドレーシング,市川牧場,"2,777.6",2013.0,2011.0,1995.0
2021103862,サダメ,牝,畑端省吾,,ディスクリートキャット,000a0113a1,サテラノサト,2015103202,ディープブリランテ,2009105084,サンデーヒルズ,サンデーヒルズ,"2,769.8",2003.0,2015.0,2009.0
2021101351,サッキーミツグ,牡,立花伸,,スマートファルコン,2005100097,サッキーシフター,2011101251,サウスヴィグラス,1996110138,?文彦,サンバマウンテンファーム,"2,765.5",2005.0,2011.0,1996.0
2021102597,ラビットアイ,牝,鈴木孝志,,エピファネイア,2010104155,ティーエスベリー,2013110118,New Approach,000a011656,ライオンレースホース,浦河日成牧場,"2,748.8",2010.0,2013.0,2005.0
2021105367,コンテネレッツア,牝,宮田敬介,,エピファネイア,2010104155,アドマイヤセプター,2008103077,キングカメハメハ,2001103460,サンデーレーシング,ノーザンファーム,"2,748.0",2010.0,2008.0,2001.0
2021105619,スミレファースト,牝,加藤征弘,,ニューイヤーズデイ,000a014589,スミレ,2013106138,ダイワメジャー,2001103114,林正道,ノーザンファーム,"2,743.0",2011.0,2013.0,2001.0
2021104889,ラファールドール,セ,田島俊明,,ニューイヤーズデイ,000a014589,ティックルゴールド,2011103636,ステイゴールド,1994108729,社台レースホース,社台コーポレーション白老ファーム,"2,741.6",2011.0,2011.0,1994.0
2021106923,ソーニャシュニク,牝,武井亮,,サンダースノー,000a013a06,テイルオブゴールド,2016105373,オルフェーヴル,2008102636,鈴木康弘,松浦牧場,"2,736.0",2014.0,2016.0,2008.0
2021102832,マイケルマキシマス,牡,内田勝義,,ダノンレジェンド,2010110102,グレインライン,2005102410,タイキシャトル,1994109686,大志総合企画,太陽牧場,"2,735.0",2010.0,2005.0,1994.0
2021100641,ベルウッドワン,牡,米谷康秀,,キンシャサノキセキ,2003110212,サチノスイーティー,2003106201,カリスタグローリ,1988106402,福岡隆史,笠松牧場,"2,730.0",2003.0,2003.0,1988.0
2021106559,クインズスピカ,牝,村田一誠,,ルーラーシップ,2007103143,アースザスリー,2010101280,シンボリクリスエス,1999110099,ケイアイスタリオン,新冠橋本牧場,"2,721.0",2007.0,2010.0,1999.0
2021103821,ハイディージェン,牡,森田直行,,ファインニードル,2013100612,エステフ,000a01251e,Sadler's Wells,000a00185d,岡田牧雄,桜井牧場,"2,720.0",2013.0,2006.0,1981.0
2021103728,カリフォルニア,牡,伊藤圭三,,カリフォルニアクローム,000a012602,タイニーダンサー,2013104126,サウスヴィグラス,1996110138,モンレーヴ,グランド牧場,"2,720.0",2011.0,2013.0,1996.0
2021101106,スマートスピア,牡,池江泰寿,,キズナ,2010105827,レジェトウショウ,2006101287,キングヘイロー,1995104427,大川徹,いとう牧場,"2,718.0",2010.0,2006.0,1995.0
2021103939,スマートプレシャス,牝,中村直也,,シャンハイボビー,000a0127e4,スマートブローラ,2014100397,スマートファルコン,2005100097,大川徹,静内山田牧場,"2,716.0",2010.0,2014.0,2005.0
2021102379,テイクザクラウン,牡,吉村圭司,,サトノクラウン,2012104668,アムールレジェンド,2009105911,ディープインパクト,2002100816,塚田義広,二風谷ファーム,"2,714.6",2012.0,2009.0,2002.0
2021100370,ワンウォリアー,牡,工藤真司,,マジェスティックウォリアー,000a011e9c,グローブ,2010104292,ダイワメジャー,2001103114,市川智,広田牧場,"2,713.5",2005.0,2010.0,2001.0
2021106986,ミスエル,牡,菊沢隆徳,,ディスクリートキャット,000a0113a1,ダイワミストレス,2009105803,ダイワメジャー,2001103114,パニオロ,村上欽哉,"2,711.2",2003.0,2009.0,2001.0
2021107173,オオナミコナミ,牝,牧浦充徳,,エピファネイア,2010104155,オメガセニョリーナ,2009105814,アグネスタキオン,1998101516,谷掛龍夫,社台ファーム,"2,711.0",2010.0,2009.0,1998.0
2021105580,クラッシファイド,牡,黒岩陽一,,リアルスティール,2012104889,シークレットスパイス,000a01560e,ディスクリートキャット,000a0113a1,キャロットファーム,ノーザンファーム,"2,706.0",2012.0,2015.0,2003.0
2021101751,ミカエルパシャ,牡,橋口慎介,,エピファネイア,2010104155,ピースオブラヴ,2002105372,マイネルラヴ,1995108558,迫田三果子,チャンピオンズファーム,"2,705.4",2010.0,2002.0,1995.0
2021105477,ハーバーライト,牡,高橋義忠,,ドレフォン,000a013b82,カールファターレ,2007103149,キングカメハメハ,2001103460,三田昌宏,ノーザンファーム,"2,700.0",2013.0,2007.0,2001.0
2021103476,ウインディーパレス,牡,小牧毅,,ビーチパトロール,000a0141f9,ウインディーヒル,2008100123,マンハッタンカフェ,1998101554,小林量,岡田スタッド,"2,698.0",2013.0,2008.0,1998.0
2021105516,イゾラフェリーチェ,牝,鹿戸雄一,,サトノクラウン,2012104668,ケイティーズハート,2009106142,ハーツクライ,2001103038,吉田和美,ノーザンファーム,"2,695.7",2012.0,2009.0,2001.0
2021100876,オスカーブレイン,牡,鈴木義久,,ダノンレジェンド,2010110102,オスカークイーン,2014103942,シニスターミニスター,000a011099,渋谷健作,中村雅明,"2,695.4",2010.0,2014.0,2003.0
2021106746,キャッシュブリッツ,牡,笹野博司,,レッドファルクス,2011104416,キャッシュインクルーデッド,000a011170,Include,000a010906,コスモヴューファーム,ヒカル牧場,"2,694.0",2011.0,2004.0,1997.0
2021104784,オペラプラージュ,牡,上原佑紀,,ニューイヤーズデイ,000a014589,ベルプラージュ,2011103535,キングカメハメハ,2001103460,Ｇ１レーシング,追分ファーム,"2,690.0",2011.0,2011.0,2001.0
2021100152,ベストオブユー,牡,久保田貴,,ニューイヤーズデイ,000a014589,ナチュラルスタイル,2016101168,ディープインパクト,2002100816,中村祐子,ケイアイファーム,"2,689.5",2011.0,2016.0,2002.0
2021103480,ミレニアムヒロイン,牝,池上昌和,,スクリーンヒーロー,2004103328,エクラミレネール,2013103951,マツリダゴッホ,2003104570,岡田牧雄,岡田スタッド,"2,686.3",2004.0,2013.0,2003.0
2021105887,リエータメンテ,牝,佐藤悠太,,ドゥラメンテ,2012104511,レディスキッパー,2007103371,クロフネ,1998110135,サンデーレーシング,ノーザンファーム,"2,685.0",2012.0,2007.0,1998.0
2021103708,マイティマイティー,牡,佐々木晶,,ニューイヤーズデイ,000a014589,アップトゥユー,2014104447,サウスヴィグラス,1996110138,前田幸治,グランド牧場,"2,685.0",2011.0,2014.0,1996.0
2021105486,トロピカルティー,牝,林徹,,リアルスティール,2012104889,キラモサ,000a012f7a,Alamosa,000a012f1d,保坂和孝,ノーザンファーム,"2,683.4",2012.0,2010.0,2004.0
2021102676,コーカサスゴールド,牡,加藤和宏,,ドレフォン,000a013b82,マリスレーン,2014102210,ストリートセンス,000a0113a2,ゴールドレーシング,川越ファーム,"2,683.0",2013.0,2014.0,2004.0
2021100605,リケアマロン,牝,加藤和義,,トビーズコーナー,000a011fed,ネモフィラハピネス,2015103492,パイロ,000a01176a,稲場澄,王蔵牧場,"2,680.2",2008.0,2015.0,2005.0
2021104456,ウンガイソウテン,牡,田村康仁,,ダノンレジェンド,2010110102,タイムトゥラン,2004104288,ブライアンズタイム,000a000082,ビッグレッドファーム,ＰＲＩＤＥＲＯＣＫ,"2,680.0",2010.0,2004.0,1985.0
2021103203,ロゼフレア,牝,中村直也,,Intello,000a012293,ロゼヤ,000a01b8bf,Invincible Spirit,000a01056d,丸幸小林牧場,丸幸小林牧場,"2,678.7",2010.0,2016.0,1997.0
2021106294,ゼンダンスカイ,牡,藤川純,,レッドファルクス,2011104416,ロゾヴァドリナ,2012104283,スニッツェル,000a010eaa,橘勝年,スカイビーチステーブル,"2,678.0",2011.0,2012.0,2002.0
2021103819,ストームバンガード,牡,岡田稲男,,ホッコータルマエ,2009100921,ストームトウショウ,2004104750,スターオブコジーン,1988109108,京都ホースレーシング,坂本春雄,"2,675.4",2009.0,2004.0,1988.0
2021101281,シンメルーブス,牝,野口寛仁,,ニューイヤーズデイ,000a014589,エクレールアンジュ,2013105763,ゼンノロブロイ,2000101517,楠昌史,グッドラック・ファーム,"2,675.0",2011.0,2013.0,2000.0
2021104832,モアリジット,牡,西村真幸,,ロードカナロア,2008103552,インフレキシビリティ,000a014b06,Scat Daddy,000a0114fe,社台レースホース,社台コーポレーション白老ファーム,"2,665.5",2008.0,2014.0,2004.0
2021104547,セリエル,牝,上杉昌宏,,シニスターミニスター,000a011099,グラスコマチ,2015106257,ルーラーシップ,2007103143,半沢,松田牧場,"2,661.0",2003.0,2015.0,2007.0
2021102409,ホレーショ,牡,西田雄一,,リアルインパクト,2008103244,クルソラ,000a01118f,Candy Stripes,000a00fe3c,吉田和美,坂東牧場,"2,661.0",2008.0,2002.0,1982.0
2021102219,コパノエビータ,牝,手塚貴久,,ダノンレジェンド,2010110102,コパノビジン,2013106399,ゴールドアリュール,1999106689,小林祥晃,ヤナガワ牧場,"2,659.0",2010.0,2013.0,1999.0
2021102380,オーケーカルメン,牝,奥村豊,,ドレフォン,000a013b82,ウインフロレゾン,2009106312,フジキセキ,1992109618,小野建,二風谷ファーム,"2,657.6",2013.0,2009.0,1992.0
2021104047,トラジロウ,牡,国沢輝幸,,ダノンレジェンド,2010110102,ソルシエトウショウ,2011102299,マーベラスサンデー,1992103687,真中伴典,棚川祐志,"2,646.2",2010.0,2011.0,1992.0
2021100606,ベルイストワール,牝,宮田敬介,,ミッキーグローリー,2013103999,マイスクエアワン,2011102527,Giant's Causeway,000a0022e1,ノルマンディーサラブレッドレーシング,王蔵牧場,"2,645.0",2013.0,2011.0,1997.0
2021106431,スティールアクター,牡,角田輝也,,モーニン,2012110091,ナイキアクトレス,2001104250,アフリート,000a000013,菅野守雄,津田牧場,"2,642.0",2012.0,2001.0,1984.0
2021107220,グレイトクラウン,牝,松山将樹,,サトノクラウン,2012104668,グレイトフルレガロ,2012103990,ステイゴールド,1994108729,新井原博,新冠川上牧場,"2,640.1",2012.0,2012.0,1994.0
2021105604,ステラスプレンダー,牝,石坂公一,,ロードカナロア,2008103552,スクールミストレス,000a013bb1,Equal Stripes,000a012c13,サンデーレーシング,ノーザンファーム,"2,640.0",2008.0,2013.0,1999.0
2021105417,ヴァイザーブリック,牡,池上昌和,,ブリックスアンドモルタル,000a014377,ヴァイスハイト,2004102929,アドマイヤベガ,1996107396,シルクレーシング,ノーザンファーム,"2,627.2",2014.0,2004.0,1996.0
2021101651,クリーンエア,牡,上原博之,,リアルインパクト,2008103244,シルヴァンソング,000a0127ec,Street Cry,000a0103ba,ゴドルフィン,ダーレー・ジャパン・ファーム,"2,626.2",2008.0,2009.0,1998.0
2021110097,ブルーワール,牡,高柳大輔,,Arrogate,000a013798,Ignite,000a01d5b5,Jump Start,000a010b86,栗山学,The New Hill Farm,"2,625.0",2013.0,2011.0,1999.0
2021100260,エイブラムス,牡,鈴木慎太,,フリオーソ,2004106867,エグジビッツ,2015102472,サウスヴィグラス,1996110138,ノルマンディーサラブレッドレーシング,築紫洋,"2,625.0",2004.0,2015.0,1996.0
2021105085,ゴヴェルナーレリコ,牝,辻哲英,,エイシンフラッシュ,2007102951,スターズバース,2014105689,タートルボウル,000a012045,加藤裕司,社台ファーム,"2,624.0",2007.0,2014.0,2002.0
2021105328,メイショウミシガン,牡,鮫島一歩,,サトノアラジン,2011104063,シレーナ,2011102461,アドマイヤムーン,2003102991,松本好雄,ゼットステーブル,"2,620.0",2011.0,2011.0,2003.0
2021109016,エフエイト,牡,小野次郎,,ゴールデンバローズ,2012110100,ティヤム,2016103918,サンカルロ,2006102822,野村一雄,太田ファーム,"2,618.0",2012.0,2016.0,2006.0
2021104173,デイジー,牝,田中勝春,,デクラレーションオブウォー,000a0136f6,リボンフラワー,2013104499,ディープインパクト,2002100816,飯田正剛,千代田牧場,"2,616.7",2009.0,2013.0,2002.0
2021104814,コモリリーガル,牝,田村彰啓,,バトルプラン,000a0118e8,ガルノーヴァ,2012101944,スタチューオブリバティ,000a0109d5,子守貴久,桑原牧場桑原康裕,"2,616.4",2005.0,2012.0,2000.0
2021106827,マイネルバーテクス,牡,水野貴広,,エピファネイア,2010104155,マイネレーツェル,2005109177,ステイゴールド,1994108729,サラブレッドクラブ・ラフィアン,ビッグレッドファーム,"2,614.0",2010.0,2005.0,1994.0
2021105475,レイデラルース,牡,西田雄一,,レイデオロ,2014106201,カンデラ,2012104905,ダイワメジャー,2001103114,ＤＭＭドリームクラブ,ノーザンファーム,"2,610.6",2014.0,2012.0,2001.0
2021105600,グランカンタンテ,牝,鹿戸雄一,,リアルスティール,2012104889,スカイダイヤモンズ,000a014414,First Dude,000a01430c,インゼルレーシング,ノーザンファーム,"2,605.0",2012.0,2013.0,2007.0
2021100316,アジアミッション,牡,緒方努,,アジアエクスプレス,2011110091,アムールプロフォン,2011105870,サウスヴィグラス,1996110138,自由が丘サラブレッド倶楽部,ニシケンファーム,"2,603.0",2011.0,2011.0,1996.0
2021103049,ワラシベチョウジャ,牝,笹野博司,,ミッキーグローリー,2013103999,パトリオット,2009105239,デュランダル,1999106756,杉浦和也,ディアレストクラブ,"2,601.0",2013.0,2009.0,1999.0
2021106615,キャンシーエンゼル,牝,鈴木孝志,,バゴ,2001190004,ヴォルドニュイ,2010110070,Sky Mesa,000a010a66,前田幸治,ノースヒルズ,"2,599.6",2001.0,2010.0,2000.0
2021102276,マクミランテソーロ,牡,田中剛,,レッドファルクス,2011104416,ダラステソーロ,2016110149,Cairo Prince,000a013f30,了徳寺健二ホールディングス,リョーケンファーム,"2,593.0",2011.0,2016.0,2011.0
2021101533,シンボリノエル,牝,土田稔,,ドレフォン,000a013b82,ダンツペンダント,2013103528,オレハマッテルゼ,2000101550,谷口祐人,シンボリ牧場,"2,587.0",2013.0,2013.0,2000.0
2021102988,スズカミエール,牝,吉村圭司,,エピファネイア,2010104155,スズカローラー,2011105913,スズカマンボ,2001103890,永井宏明,辻牧場,"2,576.0",2010.0,2011.0,2001.0
2021105094,エイカイソウル,牡,藤原英昭,,ホッコータルマエ,2009100921,スピナッチ,2011105838,ゼンノロブロイ,2000101517,二木英実,社台ファーム,"2,575.8",2009.0,2011.0,2000.0
2021103226,ウエヲムイテゴラン,牝,萩原清,,Justify,000a013f2d,オールインファン,000a01a95b,Tapit,000a011248,嶋田賢,三嶋牧場,"2,570.0",2015.0,2012.0,2001.0
2021102755,ジョウゲンノツキ,牝,牧田和弥,,イスラボニータ,2011103565,ピサノグレース,2005103167,フレンチデピュティ,000a00013a,二口雅一,金成吉田牧場,"2,568.0",2011.0,2005.0,1992.0
2021100376,タケノシンセイ,牡,中道啓二,,ゴールデンバローズ,2012110100,エイシンヴァルハラ,2012102362,ヴァーミリアン,2002100877,竹原孝昭,堀川洋之,"2,568.0",2012.0,2012.0,2002.0
2021103809,マッスルバック,牡,秋山真一,,ミュゼスルタン,2012104118,ベルシエロ,2009106498,ダイワメジャー,2001103114,菊地温以,坂本智広,"2,566.0",2012.0,2009.0,2001.0
2021103964,ケンタッキースカイ,牡,藤原智行,,アポロケンタッキー,2012110098,デザートフラワー,2010102833,サイレントディール,2000101634,加藤鈴幸,曾我博,"2,565.4",2012.0,2010.0,2000.0
2021105295,レーヴジーニアル,セ,松永幹夫,,モーリス,2011100655,レッドリヴェール,2011104324,ステイゴールド,1994108729,ライオンレースホース,社台ファーム,"2,564.0",2011.0,2011.0,1994.0
2021105556,ガルサブランカ,牝,木村哲也,,キズナ,2010105827,シャトーブランシュ,2010104274,キングヘイロー,1995104427,シルクレーシング,ノーザンファーム,"2,555.4",2010.0,2010.0,1995.0
2021105626,ドゥレイクパセージ,牡,堀宣行,,ドゥラメンテ,2012104511,ソブラドラインク,000a013925,Include,000a010906,吉田勝己,ノーザンファーム,"2,545.8",2012.0,2012.0,1997.0
2021100646,ポルラノーチェ,牝,田中淳司,,キズナ,2010105827,ナニアヒアヒ,2014105823,キングカメハメハ,2001103460,水上ふじ子,笠松牧場,"2,544.0",2010.0,2014.0,2001.0
2021105333,タイセイアレス,牡,西村真幸,,ベストウォーリア,2010110127,ミアフィリア,2016105977,ゴールドアリュール,1999106689,田中成奉,ゼットステーブル,"2,542.9",2010.0,2016.0,1999.0
2021106734,フラーハ,牝,嘉藤貴行,,ドレフォン,000a013b82,ナンシーフロムナイロビ,000a013926,Sixties Icon,2003190006,フクキタル,パカパカファーム,"2,530.0",2013.0,2011.0,2003.0
2021100588,ホワイトビーチ,牡,森一誠,,ホークビル,000a01327c,ハミングライフ,2011103808,スペシャルウィーク,1995103211,ライフエンタープライズ,梅田牧場,"2,528.7",2013.0,2011.0,1995.0
2021101905,キョウエイカンセ,牡,萱野浩二,,ビッグアーサー,2011103328,キョウエイレガシー,2014100635,ハービンジャー,000a011996,田中晴夫,春木ファーム,"2,522.0",2011.0,2014.0,2006.0
2021106238,モンゲーギフト,牝,飯田良弘,,バンブーエール,2003104100,ヴィグシュテラウス,2012101025,ダイタクリーヴァ,1997105873,須山悟至,坂元芳春,"2,518.0",2003.0,2012.0,1997.0
2021104818,パレスレガシー,牡,佐藤博紀,,モーニン,2012110091,エスケークイーン,2015102755,オルフェーヴル,2008102636,西村豊,笹川大晃牧場,"2,517.5",2012.0,2015.0,2008.0
2021101769,ドレッド,牡,山下貴之,,ドレフォン,000a013b82,ルージュノアール,2013104971,ストーミングホーム,1998190003,前原敏行,チャンピオンズファーム,"2,515.5",2013.0,2013.0,1998.0
2021106910,ヘヴンリーハンド,セ,武井亮,,オルフェーヴル,2008102636,アンシェリゼ,000a015978,Curlin,000a011734,ＦＡレーシング,松浦牧場,"2,510.0",2008.0,2011.0,2004.0
2021100879,ハクサンイーグル,牡,高橋一哉,,ハクサンムーン,2009102527,キャメロンロード,2010105742,デュランダル,1999106756,河崎五市,中村雅明,"2,509.9",2009.0,2010.0,1999.0
2021104242,ショウナンラウール,牝,高橋義忠,,ショウナンバッハ,2011106394,ショウナンマライア,2005102139,クロフネ,1998110135,国本哲秀,西村牧場,"2,507.0",2011.0,2005.0,1998.0
2021105871,ソニックライン,セ,浅利英明,,リアルインパクト,2008103244,ルミナスパレード,2011104118,シンボリクリスエス,1999110099,サンデーレーシング,ノーザンファーム,"2,504.6",2008.0,2011.0,1999.0
2021107262,サンキャメロン,牝,上原博之,,アニマルキングダム,000a011dad,カグラヤルージュ,2015101823,ヨハネスブルグ,000a0103b9,加藤ステーブル,浜本牧場,"2,500.0",2008.0,2015.0,1999.0
2021105789,サツキノジョウ,牝,武井亮,,レイデオロ,2014106201,マルシアーノ,2010104114,フジキセキ,1992109618,ＴＮレーシング,ノーザンファーム,"2,498.0",2014.0,2010.0,1992.0
2021104649,エブリモーメント,牡,牧田和弥,,ベストウォーリア,2010110127,ピュアアモーレ,2014102864,マツリダゴッホ,2003104570,深見富朗,新井牧場,"2,495.8",2010.0,2014.0,2003.0
2021100650,タミゼ,牝,平田修,,リオンディーズ,2013105915,フレンチトースト,2009101022,フレンチデピュティ,000a00013a,水上行雄,笠松牧場,"2,495.0",2013.0,2009.0,1992.0
2021100086,シリウス,牡,森泰斗,,ダノンレジェンド,2010110102,アイラインローザー,2005104183,バブルガムフェロー,1993109219,石川達絵,川端英幸,"2,493.0",2010.0,2005.0,1993.0
2021106826,レッセパッセ,牝,柄崎将寿,,ダノンバラード,2008103548,マイネリベルタス,2011105180,コンデュイット,2005190006,ビッグレッドファーム,ビッグレッドファーム,"2,490.0",2008.0,2011.0,2005.0
2021106624,リトルハピ,牡,大久保龍,,キズナ,2010105827,クイーンパイレーツ,2014105872,キングカメハメハ,2001103460,寺田寿男,ノースヒルズ,"2,490.0",2010.0,2014.0,2001.0
2021110108,カンジ,牡,武井亮,,Uncle Mo,000a011ffb,Nikki's Choice,000a01d5b9,Forestry,000a002270,ＴＮレーシング,Aaron Sones,"2,489.0",2008.0,2008.0,1996.0
2021104160,バランスダンサー,牝,久保田貴,,エピファネイア,2010104155,マーチャンテイマー,2009103889,クロフネ,1998110135,草間庸文,千代田牧場,"2,483.0",2010.0,2009.0,1998.0
2021104929,ルトゥール,牝,中内田充,,モーリス,2011100655,ルフォール,2013105335,キングカメハメハ,2001103460,社台レースホース,社台コーポレーション白老ファーム,"2,478.1",2011.0,2013.0,2001.0
2021106893,ソレナ,牡,矢野義幸,,パイロ,000a01176a,ウインシップ,2015100779,ルーラーシップ,2007103143,石瀬丈太郎,細川農場,"2,477.5",2005.0,2015.0,2007.0
2021105872,ベアゴーゴー,牝,杉浦宏昭,,ロードカナロア,2008103552,ルモスティ,000a013914,Fastnet Rock,000a010601,熊木浩,ノーザンファーム,"2,475.4",2008.0,2011.0,2001.0
2021110023,エクストラバック,牡,西園正都,,Iffraaj,000a0111d1,エクストラマイル,000a01c722,Frankel,000a01239b,Ｈ．Ｈ．シェイク・ハムダン,Godolphin,"2,475.0",2001.0,2014.0,2008.0
2021101057,セールヴォラン,牡,北出成人,,グァンチャーレ,2012100407,スカイシーアキラ,2015110107,Swiss Spirit,000a013a47,松本俊廣,天羽禮治,"2,473.0",2012.0,2015.0,2009.0
2021105113,ダノンアトラス,牡,橋口慎介,,ミッキーロケット,2013106099,ダノンジャンヌ,2012104151,ディープインパクト,2002100816,ダノックス,社台ファーム,"2,459.0",2013.0,2012.0,2002.0
2021100680,ベレニーチェ,牝,福永敏,,ブラックタイド,2001103312,サダムフジコ,2013102892,クロフネ,1998110135,椎名節,桑田牧場,"2,454.0",2001.0,2013.0,1998.0
2021103005,ヒラボクミニー,牝,村田一誠,,ミッキーアイル,2011103916,ヒラボクロマンス,2010103020,アグネスデジタル,1997110025,平田牧場,辻牧場,"2,451.0",2011.0,2010.0,1997.0
2021104277,ゼアシュネル,牡,山田信大,,シニスターミニスター,000a011099,スフィンクス,2009104055,リンカーン,2000101561,（有）エッジ,橋本牧場,"2,448.0",2003.0,2009.0,2000.0
2021100683,ビーグラッド,牝,岡田稲男,,エピファネイア,2010104155,シャブリ,2014103781,ディープインパクト,2002100816,インゼルレーシング,桑田牧場,"2,444.2",2010.0,2014.0,2002.0
2021105086,フクチャントウメイ,牡,加藤征弘,,ストロングリターン,2006102934,スタートアップ,2015104208,ハービンジャー,000a011996,福田義明,社台ファーム,"2,440.0",2006.0,2015.0,2006.0
2021102595,バルダンツァ,牡,天間昭一,,ドリームバレンチノ,2007104877,クイーンキセキ,2009100199,フジキセキ,1992109618,ライオンレースホース,浦河日成牧場,"2,438.0",2007.0,2009.0,1992.0
2021106805,マイネルディレクト,牡,宗形竹見,,ロージズインメイ,000a010a10,フライングメリッサ,2004102746,ダンスインザダーク,1993109188,（株）サラブレッドク,ビッグレッドファーム,"2,430.0",2000.0,2004.0,1993.0
2021106054,ケーヴァラ,牡,羽月友彦,,マジェスティックウォリアー,000a011e9c,アーベントロート,2009105917,フジキセキ,1992109618,京都ホースレーシング,イワミ牧場,"2,423.5",2005.0,2009.0,1992.0
2021104981,メイクユーマイン,牡,田中克典,,キズナ,2010105827,エマソング,000a013da5,Unbridled's Song,000a002071,前田晋二,社台ファーム,"2,422.9",2010.0,2007.0,1993.0
2021105584,ツーネサーン,牡,矢作芳人,,Frankel,000a01239b,ジェットセッティング,000a0133d6,Fast Company,000a019851,エムズレーシング,ノーザンファーム,"2,421.0",2008.0,2013.0,2005.0
2021101201,ロードインフェルノ,牡,尾形和幸,,サトノアラジン,2011104063,ショウナンカガリビ,2007103023,フレンチデピュティ,000a00013a,ロードホースクラブ,川島正広,"2,419.0",2011.0,2007.0,1992.0
2021105792,フリーダムレイン,牡,高橋一哉,,ミッキーアイル,2011103916,マンデラ,000a011190,Acatenango,000a001f0b,吉田勝己,ノーザンファーム,"2,417.0",2011.0,2000.0,1982.0
2021104622,メイショウヘール,牡,大橋勇樹,,シュヴァルグラン,2012104759,メイショウベルシア,2011105810,タニノギムレット,1999100226,松本好隆,リトルブルーファーム,"2,415.0",2012.0,2011.0,1999.0
2021104899,ドリームクルーズ,牝,戸田博文,,エピファネイア,2010104155,パセンジャーシップ,2012104335,ダイワメジャー,2001103114,ＤＭＭドリームクラブ,社台コーポレーション白老ファーム,"2,413.0",2010.0,2012.0,2001.0
2021105382,シンドリームシン,牡,武幸四郎,,キズナ,2010105827,アルビアーノ,2012110102,Harlan's Holiday,000a010cdf,藤田晋,ノーザンファーム,"2,411.6",2010.0,2012.0,1999.0
2021104058,ライトニングゼウス,牡,伊藤圭三,,ダンカーク,000a012185,サクラナスカ,2006101071,サクラバクシンオー,1989108341,谷岡毅,谷岡スタット,"2,410.0",2006.0,2006.0,1989.0
2021100677,ヴォルスター,牡,清水久詞,,シニスターミニスター,000a011099,ヴォルカン,2016102374,ロードカナロア,2008103552,モンレーヴ,桑田牧場,"2,408.0",2003.0,2016.0,2008.0
2021100165,フォルテフィオーレ,牡,上原佑紀,,ドゥラメンテ,2012104511,ベルフィオーレ,2011103461,ディープインパクト,2002100816,中村祐子,ケイアイファーム,"2,406.4",2012.0,2011.0,2002.0
2021100844,オーシンスキャット,牡,小久保智,,マジェスティックウォリアー,000a011e9c,プロディジャス,2014106250,ハーツクライ,2001103038,大田慎治,高松牧場,"2,404.2",2005.0,2014.0,2001.0
2021106784,バウンスライト,牡,山下貴之,,スクリーンヒーロー,2004103328,コスモフットライト,2012102941,ネオユニヴァース,2000101426,徳田直樹,ビッグレッドファーム,"2,399.6",2004.0,2012.0,2000.0
2021106105,クアトロジャック,牡,庄野靖志,,マジェスティックウォリアー,000a011e9c,ハマナス,2013100299,キングカメハメハ,2001103460,月舘範行,オリエント牧場,"2,399.0",2005.0,2013.0,2001.0
2021105911,アンドローゼス,牝,加藤士津,,スワーヴリチャード,2014106083,ローズウィスパー,2013106189,ワークフォース,000a011a7f,シルクレーシング,ノーザンファーム,"2,396.7",2014.0,2013.0,2007.0
2021103376,ブレードサクセス,牡,岩戸孝樹,,タリスマニック,000a013425,ポーズ,2009100833,ゼンノロブロイ,2000101517,大島豊彦,山田昇史,"2,388.0",2013.0,2009.0,2000.0
2021103566,アムレートゥム,牡,宮川真衣,,タリスマニック,000a013425,セントローレンス,2008106192,ジャングルポケット,1998101786,山口裕介,岡田猛,"2,386.2",2013.0,2008.0,1998.0
2021106429,フォルトリアン,牝,千葉幸喜,,ベストウォーリア,2010110127,サンジョ,2011104921,ファスリエフ,000a00fc4c,馬目勇,津田牧場,"2,384.7",2010.0,2011.0,1997.0
2021109069,サンダーアリュール,牝,菊川正達,,サンダースノー,000a013a06,ゴールドマリキヤ,2010109257,ゴールドアリュール,1999106689,石井輝昭,ワールドファーム,"2,377.0",2014.0,2010.0,1999.0
2021103125,コパノアントニオ,牡,梅田智之,,コパノリッキー,2010106548,ラシーク,2009100671,スタチューオブリバティ,000a0109d5,小林祥晃,日進牧場,"2,375.5",2010.0,2009.0,2000.0
2021105974,バロン,牝,手塚貴久,,ロードカナロア,2008103552,マイミスリリー,000a015921,Tapit,000a011248,藤田晋,レイクヴィラファーム,"2,375.0",2008.0,2015.0,2001.0
2021105247,オメガナビゲーター,セ,安田翔伍,,スクリーンヒーロー,2004103328,ミスラゴ,000a0120ef,Encosta de Lago,000a0112ca,原禮子,社台ファーム,"2,370.6",2004.0,2008.0,1993.0
2021105540,サロニコス,牝,松下武士,,ロードカナロア,2008103552,サロニカ,2014105928,ディープインパクト,2002100816,サンデーレーシング,ノーザンファーム,"2,370.0",2008.0,2014.0,2002.0
2021105429,アグラード,牡,高柳瑞樹,,ニューイヤーズデイ,000a014589,ヴィータアレグリア,2011103811,ネオユニヴァース,2000101426,キャロットファーム,ノーザンファーム,"2,370.0",2011.0,2011.0,2000.0
2021104079,スピードパンサー,牡,尾形和幸,,アポロケンタッキー,2012110098,ハナズクリーム,2014102538,ブラックタイド,2001103312,古賀慎一,谷藤弘美,"2,370.0",2012.0,2014.0,2001.0
2021105571,フォルクスリート,牝,矢野英一,,ダイワメジャー,2001103114,シンギングメリリー,2015110003,Ghostzapper,000a010525,キャロットファーム,ノーザンファーム,"2,365.0",2001.0,2015.0,2000.0
2021107154,アイズ,牡,月岡健二,,モーニン,2012110091,ハヤブサショコラ,2011101906,マンハッタンカフェ,1998101554,（株）ＬＤＳ,ラッキー牧場,"2,354.0",2012.0,2011.0,1998.0
2021105896,ケープウィッカム,牝,中舘英二,,ドレフォン,000a013b82,レーヴルシード,2014106245,ディープインパクト,2002100816,吉田勝己,ノーザンファーム,"2,353.0",2013.0,2014.0,2002.0
2021100332,アドマイヤエイジア,牡,坂井英光,,ホッコータルマエ,2009100921,アリスマイン,2009106276,タニノギムレット,1999100226,近藤旬子,萩澤俊雄,"2,347.5",2009.0,2009.0,1999.0
2021102159,バハマフレイバー,牡,稲益貴弘,,マジェスティックウォリアー,000a011e9c,フォルゴラーレ,2012101980,ハーツクライ,2001103038,尾田信夫,モリナガファーム,"2,345.0",2005.0,2012.0,2001.0
2021100251,ランドマックス,牡,矢野義幸,,モーニン,2012110091,シャークサッカー,2008103634,ブラックタキシード,1996107315,木村昌三,田中春美,"2,344.0",2012.0,2008.0,1996.0
2021101307,フクノフードゥル,牝,田中一巧,,サンダースノー,000a013a06,フクノドリーム,2011105841,ヨハネスブルグ,000a0103b9,福島祐子,ケイズ,"2,343.9",2014.0,2011.0,1999.0
2021102937,ポンドボーイ,牡,朝倉実,,ニホンピロアワーズ,2007100191,コンテッサ,2011100272,ブライアンズタイム,000a000082,小池保則,大道牧場,"2,343.5",2007.0,2011.0,1985.0
2021104800,フォージドブリック,牡,西田雄一,,ブリックスアンドモルタル,000a014377,リープオブフェイス,2007102686,クロフネ,1998110135,吉田晴哉,追分ファーム,"2,338.5",2014.0,2007.0,1998.0
2021105280,ヴェロキラプトル,牡,高野友和,,スワーヴリチャード,2014106083,ルーヴインペリアル,000a013e6f,Giant's Causeway,000a0022e1,加藤裕司,社台ファーム,"2,335.4",2014.0,2007.0,1997.0
2021103225,チカミリオン,牝,大久保龍,,キズナ,2010105827,オペラデイム,000a01388d,Medaglia d'Oro,000a010a65,松島千佳,三嶋牧場,"2,331.2",2010.0,2013.0,1999.0
2021106904,レイピカケ,牝,野中賢二,,ハービンジャー,000a011996,シンデレラ,2015103834,ハーツクライ,2001103038,甘糟裕介,発田文広,"2,324.5",2006.0,2015.0,2001.0
2021105582,サトノアインス,牡,萩原清,,ニューイヤーズデイ,000a014589,シーズオールエルティッシュ,000a011564,Eltish,000a0114fa,里見治,ノーザンファーム,"2,320.0",2011.0,2005.0,1992.0
2021104751,オリエンタルナイト,セ,井上智史,,ハービンジャー,000a011996,オリエントワークス,2013105234,ワークフォース,000a011a7f,Ｇ１レーシング,追分ファーム,"2,320.0",2006.0,2013.0,2007.0
2021104831,マーゴットソラーレ,牡,伊坂重信,,ノヴェリスト,000a012230,インクレセント,2009106571,アグネスタキオン,1998101516,前田良平,社台コーポレーション白老ファーム,"2,315.6",2009.0,2009.0,1998.0
2021107146,ヘリアンフォラ,牝,石井勝男,,モーニン,2012110091,サンシアトル,2014100929,シンボリクリスエス,1999110099,石瀬浩三,芳住鉄兵,"2,313.5",2012.0,2014.0,1999.0
2021104490,エクセルゴールド,牡,武市康男,,ゴールドアクター,2011105266,エリーティアラ,2012102404,ケイムホーム,000a0108d1,谷川正純,真歌田中牧場,"2,310.0",2011.0,2012.0,1999.0
2021100081,ゴールドブレス,セ,西園翔太,,ゴールドシップ,2009102739,ブーケドロゼブルー,2007103535,ロージズインメイ,000a010a10,ＹＧＧホースクラブ,加野牧場,"2,306.3",2009.0,2007.0,2000.0
2021107044,インテグレイト,牡,四位洋文,,キタサンブラック,2012102013,エイシンキルデア,000a013889,Kitten's Joy,000a0119b3,平沼龍漢,村田牧場,"2,295.6",2012.0,2013.0,2001.0
2021102931,カプセル,牡,保利良平,,マジェスティックウォリアー,000a011e9c,フライトオブスワン,2007102897,フレンチデピュティ,000a00013a,山口裕介,谷口牧場,"2,291.6",2005.0,2007.0,1992.0
2021105951,ミダース,牡,栗田徹,,レイデオロ,2014106201,アイヴィベル,000a01441a,Archarcharch,000a012ab8,キャロットファーム,レイクヴィラファーム,"2,290.0",2014.0,2013.0,2008.0
2021103842,ニホンピロカラット,牡,大橋勇樹,,サトノダイヤモンド,2013106101,ニホンピロヴィータ,2008100351,スニッツェル,000a010eaa,小林英一,佐竹学,"2,288.0",2013.0,2008.0,2002.0
2021102735,ペプチドシュチク,牡,川島雅人,,ブリックスアンドモルタル,000a014377,ペプチドルビー,2005104018,コロナドズクエスト,000a0000b5,沼川瀧子,杵臼牧場,"2,285.0",2014.0,2005.0,1995.0
2021100361,アルデドゥオーモ,牡,矢野英一,,オルフェーヴル,2008102636,アルフィルク,2009106216,アグネスタキオン,1998101516,秋元竜弥,平野牧場,"2,284.0",2008.0,2009.0,1998.0
2021106138,ダヴァンティ,牝,小久保智,,ダノンレジェンド,2010110102,エロイナ,2014105305,ワークフォース,000a011a7f,清宮義男,上井農場,"2,281.8",2010.0,2014.0,2007.0
2021110130,ドッビアーコ,セ,奥村豊,,Street Boss,000a0116a2,Rubindy,000a01f204,Bernardini,000a0111fe,吉田和美,Bonne Chance Farm LLC,"2,281.0",2004.0,2011.0,2003.0
2021101793,オオゾラヒバリ,牝,根本康広,,トーセンラー,2008102985,ゴールドリボン,2012101648,スターキングマン,1999110010,福本次雄,豊郷牧場,"2,275.0",2008.0,2012.0,1999.0
2021100610,アサギリ,牝,尾形和幸,,マクフィ,000a011c77,コシミノダンサー,2015104596,ハーツクライ,2001103038,大島牧場,大島牧場,"2,274.9",2007.0,2015.0,2001.0
2021104857,フローラルセント,牝,松下武士,,キズナ,2010105827,サマーローズ,2012103986,ハービンジャー,000a011996,吉田晴哉,社台コーポレーション白老ファーム,"2,271.0",2010.0,2012.0,2006.0
2021106063,ネオシルバー,牡,小西一男,,シルバーステート,2013105903,オーサムクイーン,2014100088,クロフネ,1998110135,西田俊二,岩見牧場,"2,270.0",2013.0,2014.0,1998.0
2021105812,ビップジーニー,牡,松下武士,,サトノアラジン,2011104063,ムーンライトダンス,000a010b61,Sinndar,000a002329,鈴木邦英,ノーザンファーム,"2,270.0",2011.0,2002.0,1997.0
2021104945,ポンピエ,牡,西園正都,,レッドファルクス,2011104416,アルティメイトラブ,2009105790,シンボリクリスエス,1999110099,社台レースホース,社台ファーム,"2,267.0",2011.0,2009.0,1999.0
2021101330,ハグレグモ,牡,平山真希,,ニューイヤーズデイ,000a014589,オーブスプリング,2014104505,ディープブリランテ,2009105084,（株）ＭＭＣ,サンシャイン牧場,"2,263.2",2011.0,2014.0,2009.0
2021110121,アメリカンランナー,牡,茶木太樹,,Gun Runner,000a0138fb,Acqua Fresh,000a01dc44,Ecclesiastic,000a01dc41,吉澤ホールディングス,Michael J Snyder & Winchell Thoroughbreds LLC,"2,261.5",2013.0,2013.0,2001.0
2021100009,グラインドアウト,牝,秋山直之,,アメリカンペイトリオット,000a013bba,クィーンロマンス,2001100856,ティンバーカントリー,000a00035e,酒井孝敏,稲葉牧場,"2,260.5",2013.0,2001.0,1992.0
2021104421,デファイ,牝,斎藤誠,,ヴィクトワールピサ,2007102923,ピサノベッテル,2009104149,クロフネ,1998110135,市川義美ホールディングス,フジワラファーム,"2,256.3",2007.0,2009.0,1998.0
2021105874,マテンロウゴールド,牡,中内田充,,レイデオロ,2014106201,ルールブリタニア,2013106109,ディープインパクト,2002100816,寺田千代乃,ノーザンファーム,"2,250.6",2014.0,2013.0,2002.0
2021110165,ピコアーガイル,牡,伊藤大士,,Justify,000a013f2d,Solar Girl,000a01f521,Lonhro,000a011187,石部高史,Sheikh Mohammed Bin Khalifa Al Maktoum,"2,246.2",2015.0,2012.0,1998.0
2021102561,キーウェーブ,牡,宮地貴稔,,ミッキーロケット,2013106099,キャンディキー,2011104965,スクリーンヒーロー,2004103328,北前孔一郎,赤田牧場,"2,246.1",2013.0,2011.0,2004.0
2021110049,アウェイキング,牡,矢作芳人,,Kingman,000a0124ab,Waldjagd,000a01cd75,Observatory,000a010bee,藤田晋,Haras du Domaine de l'Etang Ecurie de Cachene,"2,245.0",2011.0,2007.0,1997.0
2021105561,ミッキーラッキー,牡,堀宣行,,ドゥラメンテ,2012104511,シャンパンエニワン,000a015605,ストリートセンス,000a0113a2,野田みづき,ノーザンファーム,"2,241.0",2012.0,2016.0,2004.0
2021105886,ホウオウトランプ,牡,池江泰寿,,サトノダイヤモンド,2013106101,レディイヴァンカ,000a014f43,Tiz Wonderful,000a011c23,小笹芳央,ノーザンファーム,"2,238.7",2013.0,2015.0,2004.0
2021101039,ラジカルバローズ,牡,角田輝也,,イスラボニータ,2011103565,ケイト,2008104852,ブライアンズタイム,000a000082,猪熊広次,天羽牧場,"2,236.3",2011.0,2008.0,1985.0
2021105106,タッチアンドムーブ,牡,栗田徹,,ハービンジャー,000a011996,タッチザピーク,2003102569,スペシャルウィーク,1995103211,社台レースホース,社台ファーム,"2,233.9",2006.0,2003.0,1995.0
2021100005,アパイシュナール,牝,田村康仁,,シニスターミニスター,000a011099,プーカ,2010104484,キングカメハメハ,2001103460,サラブレッドクラブ・ラフィアン,飯岡牧場,"2,232.0",2003.0,2010.0,2001.0
2021100190,ニシノインヴィクタ,牡,本間忍,,ブリックスアンドモルタル,000a014377,ニシノミストレス,2015101780,ルーラーシップ,2007103143,西山茂行,さとう,"2,231.0",2014.0,2015.0,2007.0
2021103912,モデルハント,牝,張田京,,トランセンド,2006104736,トップモデル,2008100480,ロックオブジブラルタル,000a00fd4c,島田久,静内フジカワ牧場,"2,230.0",2006.0,2008.0,1999.0
2021102336,ヨシノヤッタルデー,牡,中竹和也,,ファインニードル,2013100612,ナムラバイオレット,2013100058,チーフベアハート,1993190010,清水義徳,川向高橋育成牧場,"2,230.0",2013.0,2013.0,1993.0
2021100730,コスモフレディ,牡,水野貴広,,シニスターミニスター,000a011099,ナンヨークイーン,2006103405,トワイニング,000a000006,ビッグレッドファーム,高昭牧場,"2,230.0",2003.0,2006.0,1991.0
2021101438,ラブアンドハピネス,牝,平山真希,,ブリックスアンドモルタル,000a014377,ペイザージュ,2013100362,ダイワメジャー,2001103114,角谷守正,下河辺牧場,"2,228.6",2014.0,2013.0,2001.0
2021103120,エドノバンザイ,牡,宇野木博,,ドレフォン,000a013b82,ハッピーウェーブ,2009105797,ゴールドアリュール,1999106689,遠藤正子,日進牧場,"2,225.0",2013.0,2009.0,1999.0
2021105659,アムールリーベ,牝,宮地貴稔,,シルバーステート,2013105903,テルアケリー,000a01294a,Tapit,000a011248,インゼルレーシング,ノーザンファーム,"2,223.0",2013.0,2008.0,2001.0
2021103910,ショウナンマヌエラ,牝,高野友和,,ジャスタウェイ,2009106461,ダイアゴナルクロス,2010103788,シンボリクリスエス,1999110099,国本哲秀,静内フジカワ牧場,"2,222.4",2009.0,2010.0,1999.0
2021103123,ケイアイカペラ,牡,米田英世,,ビッグアーサー,2011103328,マリカ,2011105959,サウスヴィグラス,1996110138,亀田和弘,日進牧場,"2,220.6",2011.0,2011.0,1996.0
2021106066,メッエフアパラ,牡,辻哲英,,エスポワールシチー,2005102837,ビーナストリック,2010105329,キングヘイロー,1995104427,丹羽裕正,岩見牧場,"2,220.0",2005.0,2010.0,1995.0
2021100761,アスプリージャ,牡,中舘英二,,レイデオロ,2014106201,ポムフィリア,2012105901,フォーティナイナーズサン,000a011227,坂東牧場,小島牧場,"2,220.0",2014.0,2012.0,2001.0
2021103161,トーレ,牡,高橋亮,,マジェスティックウォリアー,000a011e9c,マミモナ,2007101738,ダンスインザダーク,1993109188,猪又晶介,日の出牧場,"2,219.0",2005.0,2007.0,1993.0
2021106713,キタノヒーロー,牡,別府真司,,ベルシャザール,2008103004,ミニレイスター,2009105066,シニスターミニスター,000a011099,国田正忠,浜口牧場,"2,215.7",2008.0,2009.0,2003.0
2021105375,バードウォッチャー,牡,国枝栄,,ブラックタイド,2001103312,アパパネ,2007103234,キングカメハメハ,2001103460,金子真人ホールディングス,ノーザンファーム,"2,215.0",2001.0,2007.0,2001.0
2021104217,ムチャスグラシアス,牝,菊川正達,,カリフォルニアクローム,000a012602,ロスグラシアレス,2007101072,シンボリクリスエス,1999110099,ウエスト．フォレスト．ステイブル,友田牧場,"2,213.0",2011.0,2007.0,1999.0
2021100035,イマヲトキメク,牝,張田京,,パイロ,000a01176a,オトメチャン,2012103354,ヴァーミリアン,2002100877,島田和俊,沖田忠幸,"2,211.5",2005.0,2012.0,2002.0
2021106707,ヴァズレーヌ,牝,嘉藤貴行,,フリオーソ,2004106867,ルヴェソンヴェール,2011105135,クロフネ,1998110135,ノルマンディーサラブレッドレーシング,ハシモトファーム,"2,210.0",2004.0,2011.0,1998.0
2021105141,パシフィックハイ,牝,杉山佳明,,キタサンブラック,2012102013,デロングスター,2014105372,ヴィクトワールピサ,2007102923,谷掛龍夫,社台ファーム,"2,206.0",2012.0,2014.0,2007.0
2021105098,ディーエストッキー,牡,橋口慎介,,レッドスパーダ,2006105511,セデュウシング,2010103759,アグネスタキオン,1998101516,石橋充教,社台ファーム,"2,203.0",2006.0,2010.0,1998.0
2021106180,シーリュウシー,牡,岡田稲男,,ホッコータルマエ,2009100921,ムニン,2009110131,Bernardini,000a0111fe,一村哲也,小泉牧場,"2,195.0",2009.0,2009.0,2003.0
2021105929,デフィニティーボ,牡,上原佑紀,,エピカリス,2014103121,アメリデラックス,2012106180,アメリカンボス,1995108602,中村祐子,橋本牧場,"2,195.0",2014.0,2012.0,1995.0
2021104325,クールソル,牝,斎藤誠,,ドレフォン,000a013b82,メジャータイフーン,2013104710,ダイワメジャー,2001103114,林正道,服部牧場,"2,193.0",2013.0,2013.0,2001.0
2021103481,ホウオウフェイント,牡,高木登,,ヴィクトワールピサ,2007102923,エリモフェザー,2010101787,シニスターミニスター,000a011099,小笹芳央,岡田スタッド,"2,193.0",2007.0,2010.0,2003.0
2021106521,キングツェッペリン,牡,牧田和弥,,モーニン,2012110091,トウカイベルタ,2008104734,ワイルドラッシュ,000a0003a1,石川産業,長浜牧場,"2,189.4",2012.0,2008.0,1994.0
2021100471,シンコーナホチャン,牝,畑端省吾,,パイロ,000a01176a,モエレフルール,2009101683,ゴールドヘイロー,1997101264,豊原伸行,三石橋本牧場,"2,185.0",2005.0,2009.0,1997.0
2021110109,グランオルカ,セ,武井亮,,Liam's Map,000a01372b,Layla,000a01d5bb,Union Rags,000a012d4c,ＴＮレーシング,Dixiana Farms LLC,"2,184.0",2011.0,2014.0,2009.0
2021102770,プラズマ,牡,林正人,,スワーヴリチャード,2014106083,フレンチナデシコ,2009101322,フレンチデピュティ,000a00013a,山口裕介,グランデファーム,"2,183.8",2014.0,2009.0,1992.0
2021107295,アイファーキャップ,牡,雑賀伸一,,アポロケンタッキー,2012110098,ピコット,2013100406,ハーツクライ,2001103038,中島稔,アースファーム,"2,181.5",2012.0,2013.0,2001.0
2021110122,アメリカンチケット,セ,藤原英昭,,Justify,000a013f2d,A Z Warrior,000a0150f7,Bernardini,000a0111fe,吉澤ホールディングス,Triemore Stud,"2,175.0",2015.0,2008.0,2003.0
2021106191,コパノマイアミ,牝,佐々木仁,,コパノリッキー,2010106548,ミラクルモーメント,2008104190,フジキセキ,1992109618,信田朋嗣,小泉学,"2,173.0",2010.0,2008.0,1992.0
2021109161,カシノルーカス,牡,古賀光範,,ケイムホーム,000a0108d1,リーチザプリンセス,2016109122,リーチザクラウン,2006102923,柏木務,徳重正幸,"2,170.6",1999.0,2016.0,2006.0
2021102768,シナノスマイル,牝,鹿沼良和,,ディスクリートキャット,000a0113a1,トゥルヴァーユ,2010100162,ダイワメジャー,2001103114,小林和義,グランデファーム,"2,170.5",2003.0,2010.0,2001.0
2021105739,オリーボーレン,牝,藤岡健一,,ニューイヤーズデイ,000a014589,ブラマンジェ,2010104146,クロフネ,1998110135,シルクレーシング,ノーザンファーム,"2,170.0",2011.0,2010.0,1998.0
2021101602,バガリーロータス,牝,佐々木仁,,サンダースノー,000a013a06,トーホウアイレス,2014102119,ハーツクライ,2001103038,東豊物産,竹島幸治,"2,169.5",2014.0,2014.0,2001.0
2021101304,サンウリエル,牡,宮本博,,ディーマジェスティ,2013104704,ピントゥハティ,2009102293,アドマイヤムーン,2003102991,加藤ステーブル,ケイズ,"2,169.0",2013.0,2009.0,2003.0
2021105037,パペッティア,牝,荒山勝徳,,ネオユニヴァース,2000101426,コーンドリー,2008102925,Indian Charlie,000a00fcd8,吉田照哉,社台ファーム,"2,161.6",2000.0,2008.0,1995.0
2021109157,テイエムチュララン,牝,平山宏秀,,リアルインパクト,2008103244,テイエムチュラサン,2002109122,タイキシャトル,1994109686,竹園正繼,テイエム牧場,"2,160.6",2008.0,2002.0,1994.0
2021105640,ルージュシュエット,牝,井上智史,,Curlin,000a011734,ダンシングラグズ,000a01b8bb,Union Rags,000a012d4c,東京ホースレーシング,ノーザンファーム,"2,160.0",2004.0,2014.0,2009.0
2021103588,グラスブランシュ,牝,松山将樹,,エピカリス,2014103121,グラスルノン,2011102043,フレンチデピュティ,000a00013a,半沢,岡田牧場,"2,160.0",2014.0,2011.0,1992.0
2021103064,メイショウコナン,牡,荒川義之,,ロジャーバローズ,2016106065,ケイティーズミスト,2009110045,Posse,000a01124c,松本好隆,富田牧場,"2,160.0",2016.0,2009.0,2000.0
2021107281,サザンカ,牝,長友豊,,ヘニーヒューズ,000a011155,レッドアメリア,2014100960,ディープインパクト,2002100816,（有）浜本牧場,浜本牧場,"2,157.5",2003.0,2014.0,2002.0
2021105647,ペッレグリーニ,セ,手塚貴久,,レイデオロ,2014106201,チャーチクワイア,2009106411,ネオユニヴァース,2000101426,吉田勝己,ノーザンファーム,"2,152.4",2014.0,2009.0,2000.0
2021106972,トラストボス,牡,高橋文雅,,キズナ,2010105827,ウェストレー,2015104703,オルフェーヴル,2008102636,菅波立知子,村上欽哉,"2,152.0",2010.0,2015.0,2008.0
2021107280,グランドエスケープ,牡,伊藤伸一,,マジェスティックウォリアー,000a011e9c,リクエストアワー,2011104346,ネオユニヴァース,2000101426,田頭勇貴,浜本牧場,"2,150.0",2005.0,2011.0,2000.0
2021106845,ザロック,セ,矢野義幸,,コパノリッキー,2010106548,インシスト,2010105367,シンボリクリスエス,1999110099,石瀬丈太郎,プログレスファーム,"2,147.5",2010.0,2010.0,1999.0
2021103287,アレ,牡,中内田充,,シルバーステート,2013105903,ルックアミリオン,2003106460,フレンチデピュティ,000a00013a,寺田秀樹,三嶋牧場,"2,145.7",2013.0,2003.0,1992.0
2021105857,ウィンターガーデン,牝,武幸四郎,,リアルインパクト,2008103244,リッチダンサー,000a011531,Halling,000a002075,キャロットファーム,ノーザンファーム,"2,143.0",2008.0,2000.0,1991.0
2021101102,ナムラエデン,牝,玉垣光章,,ミッキーアイル,2011103916,ナムラミーティア,2006103888,サクラバクシンオー,1989108341,奈村睦弘,いとう牧場,"2,142.5",2011.0,2006.0,1989.0
2021102845,モズナイスバディー,牡,飯田祐史,,マジェスティックウォリアー,000a011e9c,モズラコルタ,2013105849,ヴィクトワールピサ,2007102923,キャピタル・システム,高野牧場,"2,142.0",2005.0,2013.0,2007.0
2021101964,ヨルノテイオー,牡,齊藤敏,,トランセンド,2006104736,ハナノパレード,2012100392,ゴールドヘイロー,1997101264,角谷守正,広中稔,"2,141.5",2006.0,2012.0,1997.0
2021102717,ジャグアール,牡,矢野英一,,ハービンジャー,000a011996,シルクアイリス,2008101431,ディープインパクト,2002100816,落合幸弘,杵臼牧場,"2,131.0",2006.0,2008.0,2002.0
2021101189,ピンクヴェノム,牝,角川秀樹,,パイロ,000a01176a,ミスキララ,2013102157,ファスリエフ,000a00fc4c,（有）坂東牧場,賀張三浦牧場,"2,130.8",2005.0,2013.0,1997.0
2021105767,ホウオウベルクソン,牡,大竹正博,,リアルスティール,2012104889,ベルワトリング,000a011df9,Dushyantor,000a011d8d,小笹芳央,ノーザンファーム,"2,130.0",2012.0,2006.0,1993.0
2021103129,マリンバンカー,牡,南田美知,,エスケンデレヤ,000a012cc0,ゲッカビジン,2015102778,ヨハネスブルグ,000a0103b9,Ｍｒ．ホース,日本中央競馬会日高育成牧場,"2,130.0",2007.0,2015.0,1999.0
2021106150,ゴッドカインド,牝,飯田祐史,,ドレフォン,000a013b82,ネオグラティア,2006104293,ネオユニヴァース,2000101426,中西憲治,川島牧場,"2,128.0",2013.0,2006.0,2000.0
2021104527,スマイルモア,牡,張田京,,ホッコータルマエ,2009100921,マリスステラ,2017104148,シニスターミニスター,000a011099,元木博,前田牧場,"2,126.0",2009.0,2017.0,2003.0
2021104903,ヴェルトラウム,セ,西田雄一,,ミッキーロケット,2013106099,ヒルダ,2013106014,ダイワメジャー,2001103114,キャロットファーム,社台コーポレーション白老ファーム,"2,125.1",2013.0,2013.0,2001.0
2021105321,エーデル,牝,金成貴史,,デクラレーションオブウォー,000a0136f6,ブルザンインディゴ,2011102788,フジキセキ,1992109618,藤沼利夫,青藍牧場,"2,120.0",2009.0,2011.0,1992.0
2021101701,クリフハンガー,セ,上原博之,,ルーラーシップ,2007103143,リリックドラマ,2014102146,ステイゴールド,1994108729,ゴドルフィン,ダーレー・ジャパン・ファーム,"2,120.0",2007.0,2014.0,1994.0
2021104112,ローンウルフ,牡,武市康男,,リアルインパクト,2008103244,シェリレーヌ,2014104729,Mineshaft,000a010545,飯田正剛,千代田牧場,"2,119.0",2008.0,2014.0,1999.0
2021106831,コスモソンジュ,牡,宗形竹見,,ロージズインメイ,000a010a10,ラヴリードリーム,2006101614,マイネルラヴ,1995108558,（有）ビッグレッドフ,ビッグレッドファーム,"2,118.3",2000.0,2006.0,1995.0
2021110072,メティエダール,牝,松永幹夫,,American Pharoah,000a012aad,フィドゥーシア,2012110038,Medaglia d'Oro,000a010a65,ノースヒルズ,North Hills Co. Limited,"2,110.0",2012.0,2012.0,1999.0
2021103449,モアニ,牝,高橋康之,,ジャスタウェイ,2009106461,ポートキャンベル,2014102674,ルーラーシップ,2007103143,佐藤理,ウエスタンファーム,"2,108.8",2009.0,2014.0,2007.0
2021105761,スノーシュー,牡,内田勝義,,キズナ,2010105827,ヘアキティー,000a01294b,Wildcat Heir,000a011b14,吉田和美,ノーザンファーム,"2,106.0",2010.0,2010.0,2000.0
2021106941,サンドブラスト,牡,鈴木慎太,,モーニン,2012110091,マリンブラスト,2009103891,アグネスデジタル,1997110025,清水龍,松木加代,"2,105.0",2012.0,2009.0,1997.0
2021104850,セージグリーン,牝,菊川正達,,ディーマジェスティ,2013104704,グリサージュ,2011104485,クロフネ,1998110135,吉田千津,社台コーポレーション白老ファーム,"2,103.0",2013.0,2011.0,1998.0
2021101431,クリノキングマン,牡,高橋康之,,ラブリーデイ,2010104298,フィリス,2002105999,アフリート,000a000013,栗本依利子,下河辺牧場,"2,103.0",2010.0,2002.0,1984.0
2021101219,マフィン,牝,大和田成,,ミッキーアイル,2011103916,ティフィン,2006103170,トワイニング,000a000006,木部厳生,木部ファーム,"2,103.0",2011.0,2006.0,1991.0
2021106735,ツキシロ,牡,坂口義幸,,ファインニードル,2013100612,ハマギク,2012101315,Lawman,000a011d55,（同）ＪＰＮ技研,パカパカファーム,"2,101.0",2013.0,2012.0,2004.0
2021103932,ジェニファー,牝,浜田多実,,アニマルキングダム,000a011dad,スイングサンデー,2007101346,スペシャルウィーク,1995103211,平井裕,静内山田牧場,"2,100.0",2008.0,2007.0,1995.0
2021103210,メイショウサチダケ,牡,鈴木孝志,,アドミラブル,2014105979,メイショウハバネラ,2014103523,アイルハヴアナザー,000a011ed3,松本好隆,まるとみ冨岡牧場,"2,100.0",2014.0,2014.0,2009.0
2021107080,セイウンマカロン,牝,千葉直人,,ホッコータルマエ,2009100921,ニシノオマージュ,2014102318,ストリートセンス,000a0113a2,西山茂行,メイタイファーム,"2,098.0",2009.0,2014.0,2004.0
2021103572,ゴールデンクラウン,牡,荒山勝徳,,シニスターミニスター,000a011099,ベルモントピノコ,2002100208,アジュディケーティング,000a000d5d,吉田照哉,岡田猛,"2,098.0",2003.0,2002.0,1987.0
2021102034,プレストアーサー,牡,的場直之,,ラブリーデイ,2010104298,ベアフルート,2009105736,サクラバクシンオー,1989108341,（有）ランドエコノミ,ベルサイユステーブル,"2,097.0",2010.0,2009.0,1989.0
2021101557,タマモランプ,牡,池添学,,サトノアラジン,2011104063,タマモピアス,2007104679,キングカメハメハ,2001103460,タマモ,スマイルファーム,"2,093.3",2011.0,2007.0,2001.0
2021107266,スプレーフォール,牡,相沢郁,,カリフォルニアクローム,000a012602,ジェイケイオジョウ,2014102360,ハービンジャー,000a011996,畑佐博,浜本牧場,"2,093.0",2011.0,2014.0,2006.0
2021105211,ブーヤカ,セ,荒山勝徳,,マインドユアビスケッツ,000a01392e,ブレッザフレスカ,2013105618,マンハッタンカフェ,1998101554,青山洋一,社台ファーム,"2,093.0",2013.0,2013.0,1998.0
2021103894,ファンユー,牝,川島正一,,アジアエクスプレス,2011110091,サブリナ,2015102557,ダノンシャンティ,2007105709,小原準一郎,静内ファーム,"2,090.5",2011.0,2015.0,2007.0
2021100626,ビッグショータイム,牡,土田稔,,ワールドエース,2009106353,ティンタジェル,2009105638,キングカメハメハ,2001103460,酒井孝敏,荻伏三好ファーム,"2,089.5",2009.0,2009.0,2001.0
2021105675,マーシャルポイント,セ,矢嶋大樹,,エピファネイア,2010104155,トリプライト,2013105963,ワイルドラッシュ,000a0003a1,サンデーレーシング,ノーザンファーム,"2,088.1",2010.0,2013.0,1994.0
2021103172,ヴェラリーシャ,牝,伊藤圭三,,メイショウボーラー,2001100650,タイキグラミー,2010105073,フレンチデピュティ,000a00013a,大樹ファーム,ビクトリーホースランチ,"2,085.0",2001.0,2010.0,1992.0
2021105971,フラッシング,牡,牧浦充徳,,ドレフォン,000a013b82,プントバンコ,2008100285,フジキセキ,1992109618,マークス,レイクヴィラファーム,"2,083.0",2013.0,2008.0,1992.0
2021102482,ゴールデンスロープ,セ,小笠倫弘,,ゴールドシップ,2009102739,ブリュメール,2000101786,ティンバーカントリー,000a00035e,岡田牧雄,寺井文秀,"2,080.0",2009.0,2000.0,1992.0
2021100898,テンドウ,牡,福永敏,,ビッグアーサー,2011103328,アルティマウェポン,2013103599,ヨハネスブルグ,000a0103b9,中辻明,バンブー牧場,"2,077.0",2011.0,2013.0,1999.0
2021100243,セイウンティーダ,牝,松山将樹,,グレーターロンドン,2012101402,セイウンメテオ,2015110043,Acclamation,000a0122b0,西山茂行,タツヤファーム,"2,074.2",2012.0,2015.0,1999.0
2021102091,ノビル,牝,鈴木孝志,,ネオユニヴァース,2000101426,カネスベネフィット,2001100658,Miswaki,000a0017b0,ケーエスＨＤ,前川義則,"2,073.0",2000.0,2001.0,1978.0
2021103602,プリンセスカレン,牝,野田忍,,シニスターミニスター,000a011099,プリンセスバリュー,2010100813,サウスヴィグラス,1996110138,村上稔,岡田牧場,"2,069.5",2003.0,2010.0,1996.0
2021105916,ハッピーダンス,牝,山田徹,,イスラボニータ,2011103565,ワナダンス,000a012279,The Leopard,000a012241,角田喜継,ノーザンファーム,"2,068.2",2011.0,2010.0,2005.0
2021100639,アストラカ,セ,石坂公一,,ドレフォン,000a013b82,アカカホール,2013102846,ダイワメジャー,2001103114,水上行雄,笠松牧場,"2,066.0",2013.0,2013.0,2001.0
2021106724,チェルシー,牝,中舘英二,,サトノアラジン,2011104063,クエストフォーワンダー,000a013909,マクフィ,000a011c77,広尾レース,パカパカファーム,"2,060.0",2011.0,2012.0,2007.0
2021100198,ホークレア,牝,尾関知人,,リアルスティール,2012104889,パラダイスコーブ,2013105314,キングカメハメハ,2001103460,ノルマンディーサラブレッドレーシング,嶋田牧場,"2,060.0",2012.0,2013.0,2001.0
2021101426,コーラルハート,牝,小林真也,,デクラレーションオブウォー,000a0136f6,ハッピーグラス,2008105591,ディープインパクト,2002100816,下河辺牧場,下河辺牧場,"2,056.0",2009.0,2008.0,2002.0
2021110119,サンドロナイト,牝,茶木太樹,,Capitalist,000a01d389,Catwalk,000a01da36,Foxwedge,000a01b82b,吉田和美,Allam Racing Syndicate,"2,050.0",2013.0,2016.0,2008.0
2021104122,ダノンピレネー,牡,高柳大輔,,キズナ,2010105827,タミーザトルピード,000a013dca,More Than Ready,000a00fcdd,ダノックス,千代田牧場,"2,049.4",2010.0,2012.0,1997.0
2021104936,ワーキングアセット,牡,田村彰啓,,ジャスタウェイ,2009106461,ワーキングプライド,2012104086,ハービンジャー,000a011996,井手進策,社台コーポレーション白老ファーム,"2,049.0",2009.0,2012.0,2006.0
2021101595,ヴィヴァクラウン,牡,杉浦宏昭,,サトノクラウン,2012104668,セトノフラッパー,2010103932,タイキシャトル,1994109686,西村有人,滝本健二,"2,049.0",2012.0,2010.0,1994.0
2021104911,ルミッキ,牝,橋口慎介,,ルーラーシップ,2007103143,フェイブルネージュ,2011103681,ディープインパクト,2002100816,吉田照哉,社台コーポレーション白老ファーム,"2,047.0",2007.0,2011.0,2002.0
2021101891,スパークルジョイ,牝,前川恭子,,レッドファルクス,2011104416,シングルカスク,2011103924,タニノギムレット,1999100226,輝レーシング,長谷川一男,"2,045.0",2011.0,2011.0,1999.0
2021106159,セントラルガバナー,牡,田中正人,,ヘニーヒューズ,000a011155,キョウワエステル,2013101400,プリサイスエンド,000a00fe9b,エクワインレーシング,協和牧場,"2,041.0",2003.0,2013.0,1997.0
2021102802,スティールマジック,牝,角川秀樹,,マジェスティックウォリアー,000a011e9c,ゴールドジェーン,2008101504,キングカメハメハ,2001103460,菅野守雄,笹島政信,"2,040.5",2005.0,2008.0,2001.0
2021105441,エマロア,牝,平田修,,ロードカナロア,2008103552,エマノン,2013106031,ハーツクライ,2001103038,丸山担,ノーザンファーム,"2,037.0",2008.0,2013.0,2001.0
2021103867,オテンバムスメ,牝,大塚信次,,セレスハント,2005101116,ミレフォリウム,2015104994,ルーラーシップ,2007103143,岡浩二,サンデーヒルズ,"2,034.7",2005.0,2015.0,2007.0
2021110159,エアサンサーラ,セ,辻野泰之,,Nyquist,000a013047,Yuzuru,000a0145da,Medaglia d'Oro,000a010a65,ラッキーフィールド,Sekie Yoshihara & Tsunebumi Yoshihara,"2,030.0",2013.0,2010.0,1999.0
2021101558,タマモアルタイル,牡,水野貴史,,エスポワールシチー,2005102837,チャームペンダント,2006104670,ボストンハーバー,000a00007c,タマモ（株）,スマイルファーム,"2,029.0",2005.0,2006.0,1994.0
2021104045,クリコマ,牡,酒井仁,,マジェスティックウォリアー,000a011e9c,ムツミマーベラス,2007100455,マーベラスサンデー,1992103687,鈴木雅俊,田中裕之,"2,026.2",2005.0,2007.0,1992.0
2021105022,グローブアマランス,牝,中尾秀正,,ドゥラメンテ,2012104511,グランディフローラ,2012104364,メイショウサムソン,2003102205,社台レースホース,社台ファーム,"2,023.3",2012.0,2012.0,2003.0
2021104137,ミエノブラボー,牝,田中勝春,,リオンディーズ,2013105915,バンドゥッチ,000a011a6a,Rossini,000a0119ba,里見美惠子,千代田牧場,"2,022.0",2013.0,2007.0,1997.0
2021106603,ヤマニンステラータ,牡,松永幹夫,,サトノダイヤモンド,2013106101,ヤマニンプードレ,2010105807,チチカステナンゴ,000a011135,土井肇,錦岡牧場,"2,019.4",2013.0,2010.0,1998.0
2021106699,スモークフレイバー,牡,繁田健一,,ヘニーヒューズ,000a011155,ファービヨンド,2011100581,ディープスカイ,2005101358,尾田信夫,ハシモトファーム,"2,017.5",2003.0,2011.0,2005.0
2021105416,ラガークイン,牝,大久保龍,,リアルインパクト,2008103244,ウォークロニクル,2012104605,ウォーエンブレム,000a00fa35,奥村訓彦,ノーザンファーム,"2,013.0",2008.0,2012.0,1999.0
2021104320,キングベルベット,セ,国枝栄,,カリフォルニアクローム,000a012602,ホワイトエレガンス,2012103409,クロフネ,1998110135,嶋田賢,服部牧場,"2,013.0",2011.0,2012.0,1998.0
2021104295,トモジャザーン,牡,大根田裕,,マジェスティックウォリアー,000a011e9c,トモジャオール,2015102690,エンパイアメーカー,000a010542,吉冨朝美,畠山牧場,"2,010.0",2005.0,2015.0,2000.0
2021105078,アトリウムチャペル,牝,浅利英明,,ドレフォン,000a013b82,ジュリエットベール,2014105701,ヴィクトワールピサ,2007102923,社台レースホース,社台ファーム,"2,009.5",2013.0,2014.0,2007.0
2021104868,フリーマントル,牡,斎藤誠,,リアルインパクト,2008103244,シーオーク,2013105240,キングカメハメハ,2001103460,小村アセットＭ,社台コーポレーション白老ファーム,"2,004.0",2008.0,2013.0,2001.0
2021102603,エイシントルペード,牡,板垣吉則,,エイシンヒカリ,2011101273,エイシンクローバー,2014101055,キンシャサノキセキ,2003110212,平井克彦,栄進牧場,"2,001.2",2011.0,2014.0,2003.0
2021102555,アースイオス,牡,小西一男,,ジャスタウェイ,2009106461,アースマリン,2005106900,マリエンバード,000a00fa36,松山増男,アイオイファーム,"2,000.0",2009.0,2005.0,1997.0
2021107145,ムーンオブザサマー,牝,土井道隆,,モーニン,2012110091,サマーヴィーナス,2011102719,ハーツクライ,2001103038,木稲安則,芳住鉄兵,"1,997.0",2012.0,2011.0,2001.0
2021105221,ダブルジャッジ,牡,笹田和秀,,ロードカナロア,2008103552,プリンセスオブシルマー,000a012942,マジェスティックウォリアー,000a011e9c,吉田照哉,社台ファーム,"1,996.0",2008.0,2010.0,2005.0
2021103598,ブライトルピナス,牝,東田明士,,サンダースノー,000a013a06,テンシンランマン,2010104455,ハーツクライ,2001103038,ＣＨＥＶＡＬＡＴＴＡＣＨＥ,岡田牧場,"1,995.0",2014.0,2010.0,2001.0
2021101415,フイノマジワリ,牝,竹内正洋,,ジャスタウェイ,2009106461,ターキー,2003106086,Sinndar,000a002329,由井健太郎,下河辺牧場,"1,993.0",2009.0,2003.0,1997.0
2021101661,デトネイション,牡,石橋守,,パイロ,000a01176a,セイントヘレナ,2014102147,ディープスカイ,2005101358,ゴドルフィン,ダーレー・ジャパン・ファーム,"1,990.0",2005.0,2014.0,2005.0
2021106888,ハイグッドパワー,牡,松浦裕之,,エスポワールシチー,2005102837,シュネーバル,2013110140,Lonhro,000a011187,服部新平,北星村田牧場,"1,989.0",2005.0,2013.0,1998.0
2021101461,カツラノキサノキ,牡,庄野靖志,,リオンディーズ,2013105915,イトハユリ,2011103699,ゼンノロブロイ,2000101517,桂土地,庄野牧場,"1,989.0",2013.0,2011.0,2000.0
2021100052,ノーブルブランカ,牝,飯田良弘,,ワールドエース,2009106353,ヴェラブランカ,2007103117,クロフネ,1998110135,吉木伸彦,沖田博志,"1,985.3",2009.0,2007.0,1998.0
2021101242,オーソレリカ,牝,水野貴史,,フリオーソ,2004106867,ユーリカ,2010103505,クロフネ,1998110135,ＹＧＧホースクラブ,木村牧場,"1,982.5",2004.0,2010.0,1998.0
2021110116,ロストシークレット,牡,中内田充,,Siyouni,000a012056,Secret Gaze,000a01d95c,Galileo,000a00232b,Ｈ．Ｈ．シェイク・ファハド,Newsells Park Stud & Qatar Bloodstock,"1,980.0",2007.0,2015.0,1998.0
2021106673,エチャケナ,牝,金成貴史,,ドレフォン,000a013b82,エフティマイア,2005102499,フジキセキ,1992109618,吉野英子,ハクレイファーム,"1,979.0",2013.0,2005.0,1992.0
2021105965,ダノンマカルー,セ,別府真司,,ドゥラメンテ,2012104511,デックドアウト,000a013dc9,Street Boss,000a0116a2,谷口信喜,レイクヴィラファーム,"1,979.0",2012.0,2013.0,2004.0
2021104667,ソルアマゾン,牡,小栗実,,リオンディーズ,2013105915,アミカブルナンバー,2009105913,ダイワメジャー,2001103114,フォレストレーシング,上水牧場,"1,978.0",2013.0,2009.0,2001.0
2021101322,イサチルカゼニタツ,牡,辻哲英,,ディスクリートキャット,000a0113a1,ミラクルセイリング,2009106483,フジキセキ,1992109618,小坂功,坂戸節子,"1,975.0",2003.0,2009.0,1992.0
2021104046,アジアジェニファー,牝,阪本一栄,,アジアエクスプレス,2011110091,レッドジュラーレ,2014105407,ハービンジャー,000a011996,金石守,田中裕之,"1,974.0",2011.0,2014.0,2006.0
2021109096,モナコブル,牡,岩戸孝樹,,ニューイヤーズデイ,000a014589,メイチャリティ,2016109005,ネオユニヴァース,2000101426,千明牧場,千明牧場,"1,973.0",2011.0,2016.0,2000.0
2021102400,プリメイラ,牝,宇都英樹,,ブリックスアンドモルタル,000a014377,アトラクティヴ,2016104770,スクリーンヒーロー,2004103328,（株）ランドプロジエ,坂東牧場,"1,973.0",2014.0,2016.0,2004.0
2021102911,ラティサワー,牡,川島正一,,ジョーカプチーノ,2006100529,メモリーキャップ,2007106026,キャプテンスティーヴ,000a000d9d,大久保和夫,谷川牧場,"1,971.5",2006.0,2007.0,1997.0
2021104762,レッドアレグロ,セ,木村哲也,,ロードカナロア,2008103552,スキャットレディビーダンシング,000a013db4,Scat Daddy,000a0114fe,東京ホースレーシング,追分ファーム,"1,970.0",2008.0,2012.0,2004.0
2021103748,サベージラヴ,牝,伊藤圭三,,マジェスティックウォリアー,000a011e9c,ピンクドッグウッド,2014104429,サウスヴィグラス,1996110138,ＯＵＭＡ,グランド牧場,"1,970.0",2005.0,2014.0,1996.0
2021100815,パンセ,牡,佐々木清,,ゴールドアクター,2011105266,クォーク,2006100876,ネオユニヴァース,2000101426,（有）ランドエコノミ,大北牧場,"1,966.8",2011.0,2006.0,2000.0
2021105168,クイーンズワーフ,牝,青木孝文,,アルアイン,2014106046,バーミーブリーズ,2014105413,キンシャサノキセキ,2003110212,吉田照哉,社台ファーム,"1,966.6",2014.0,2014.0,2003.0
2021109079,チャダルクン,牡,赤嶺本浩,,バトルプラン,000a0118e8,トミケンチャダル,2012103399,シニスターミニスター,000a011099,栗山英樹,栗山英樹,"1,963.0",2005.0,2012.0,2003.0
2021110020,ロジカルワーズ,牡,大竹正博,,New Approach,000a011656,Discursus,000a01c71e,Dubawi,000a0115e2,Ｈ．Ｈ．シェイク・ハムダン,Godolphin,"1,962.6",2005.0,2014.0,2002.0
2021100415,スウィートリワード,牝,宮本博,,カリフォルニアクローム,000a012602,レディハピネス,2007103589,モンジュー,1996190001,ＳＳレーシング,前川勝春,"1,962.0",2011.0,2007.0,1996.0
2021105038,リアルビギニング,牡,牧光二,,リアルスティール,2012104889,ゴジップガール,000a011ade,Dynaformer,000a001dd9,社台レースホース,社台ファーム,"1,960.0",2012.0,2006.0,1985.0
2021100158,ダノンモンテローザ,セ,茶木太樹,,ロードカナロア,2008103552,パーフェクトトリビュート,000a0128f2,Dubawi,000a0115e2,ダノックス,ケイアイファーム,"1,957.2",2008.0,2008.0,2002.0
2021101054,オーウェル,牡,小久保智,,アジアエクスプレス,2011110091,サピアウォーフ,2016100917,クロフネ,1998110135,小田吉男,天羽禮治,"1,954.5",2011.0,2016.0,1998.0
2021103300,モイラ,牝,佐藤裕太,,デクラレーションオブウォー,000a0136f6,オルノス,2013103679,ゴールドアリュール,1999106689,武田浩典,宮内牧場,"1,953.0",2009.0,2013.0,1999.0
2021104424,グラティアスミノル,牡,北出成人,,スピリッツミノル,2012103484,プリンセスカナ,2009104160,ワイルドラッシュ,000a0003a1,吉岡輝美,フジワラファーム,"1,952.0",2012.0,2009.0,1994.0
2021110106,エリカヴェネチア,牝,吉岡辰弥,,Curlin,000a011734,First Passage,000a01d61a,Giant's Causeway,000a0022e1,三木正浩,AR Enterprises LLC,"1,950.0",2004.0,2006.0,1997.0
2021105549,ネロコルヴィーノ,牡,辻野泰之,,スワーヴリチャード,2014106083,ザクイーン,2014105925,ヴィクトワールピサ,2007102923,ＮＩＣＫＳ,ノーザンファーム,"1,950.0",2014.0,2014.0,2007.0
2021106639,ベルブリエ,牝,尾関知人,,キズナ,2010105827,ナギット,2012110057,Smart Strike,000a00211c,ノースヒルズ,ノースヒルズ,"1,947.0",2010.0,2012.0,1992.0
2021101650,サリュエ,牡,野中賢二,,ファインニードル,2013100612,ザミリア,000a0116d9,Cape Cross,000a0022ae,ゴドルフィン,ダーレー・ジャパン・ファーム,"1,943.0",2013.0,2001.0,1994.0
2021100614,ミルフルール,牝,伊坂重信,,ホッコータルマエ,2009100921,デイジーギャル,2010101957,ブラックタイド,2001103312,保坂和孝,大島牧場,"1,942.5",2009.0,2010.0,2001.0
2021102658,レオスパーク,牡,渡邊貴光,,カレンブラックヒル,2009106230,ミヤビキャッスル,2014103892,マンハッタンカフェ,1998101554,田中博之,金石牧場,"1,938.0",2009.0,2014.0,1998.0
2021101003,ラブカ,牡,今野貞一,,リアルスティール,2012104889,ミヤジマミー,2014101147,ヴィクトワールピサ,2007102923,古賀慎一,村中牧場,"1,932.5",2012.0,2014.0,2007.0
2021104923,ミラキュラスドラマ,牡,宮地貴稔,,エピファネイア,2010104155,メルヴェイユドール,2007103010,フジキセキ,1992109618,社台レースホース,社台コーポレーション白老ファーム,"1,932.4",2010.0,2007.0,1992.0
2021105779,レッドセニョール,牡,矢嶋大樹,,リアルインパクト,2008103244,ポルケテスエーニョ,000a0137a3,Medaglia d'Oro,000a010a65,東京ホースレーシング,ノーザンファーム,"1,923.0",2008.0,2011.0,1999.0
2021105470,リトルビッグホーン,牡,渡邉和雄,,キンシャサノキセキ,2003110212,カリスペル,000a013e75,シングスピール,1992190005,吉田勝己,ノーザンファーム,"1,923.0",2003.0,2010.0,1992.0
2021102401,グランテレーズ,牝,渡辺薫彦,,シュヴァルグラン,2012104759,アドマイヤテレサ,2000101626,エリシオ,1993190001,シルクレーシング,坂東牧場,"1,918.0",2012.0,2000.0,1993.0
2021106854,ハピアーザンエバー,牡,羽月友彦,,リオンディーズ,2013105915,エバープリンセス,2014105672,ハービンジャー,000a011996,田畑利彦,ホース・マネジメント・ボス,"1,917.0",2013.0,2014.0,2006.0
2021103971,ハッピーデービー,牝,鈴木伸尋,,エピファネイア,2010104155,ハッピーノリチャン,2012103033,サクラバクシンオー,1989108341,足立範子,タイヘイ牧場,"1,914.4",2010.0,2012.0,1989.0
2021103710,ヘルメース,牡,伊藤圭三,,ファインニードル,2013100612,アースエンジェル,2012102852,キンシャサノキセキ,2003110212,是枝浩平,グランド牧場,"1,912.0",2013.0,2012.0,2003.0
2021100359,スカイキャンバス,牝,武井亮,,ファインニードル,2013100612,アポロフィオリーナ,2008103806,スニッツェル,000a010eaa,ＭＹレーシング,平野牧場,"1,911.9",2013.0,2008.0,2002.0
2021102775,レガテアドール,牡,吉田直弘,,サトノクラウン,2012104668,レグルドール,2015105231,アドマイヤマックス,1999107004,ローレルレーシング,グランデファーム,"1,908.6",2012.0,2015.0,1999.0
2021101290,モンゲースパイ,牡,高月賢一,,シュヴァルグラン,2012104759,ハタノフォルトゥナ,2014101849,グラスワンダー,1995108676,須山悟至,グッドラック・ファーム,"1,906.0",2012.0,2014.0,1995.0
2021101157,ゲンヨウサイ,牡,倉兼育康,,マクフィ,000a011c77,ママズディッシュ,2007103201,クロフネ,1998110135,（同）ＪＰＮ技研,沖田牧場,"1,901.5",2007.0,2007.0,1998.0
2021104576,クレイヴィンオナー,セ,嘉藤貴行,,ヘニーヒューズ,000a011155,スターリーウインド,2012103704,ゼンノロブロイ,2000101517,矢野秀春,矢野牧場,"1,900.0",2003.0,2012.0,2000.0
2021100096,バウンティキャット,牝,橋本忠明,,ディスクリートキャット,000a0113a1,ヘルディン,2014100409,ロードアルティマ,2000110026,金山敏也,木田牧場,"1,899.5",2003.0,2014.0,2000.0
2021102455,パイロビーム,牡,小久保智,,パイロ,000a01176a,ノイエクローネ,2014105440,ネオユニヴァース,2000101426,栗山正,船越伸也,"1,898.5",2005.0,2014.0,2000.0
2021107352,スマイルナウ,牡,張田京,,カリフォルニアクローム,000a012602,イセノラヴィソン,2010101592,ファスリエフ,000a00fc4c,組）ＳＲＴ,静内フジカワ牧場,"1,896.0",2011.0,2010.0,1997.0
2021106472,チョメチョメ,牡,宇野木博,,ビーチパトロール,000a0141f9,オトリコミチュウ,2016106055,ブラックタイド,2001103312,内田玄祥,中地広大,"1,895.5",2013.0,2016.0,2001.0
2021105238,アリストクラシア,牝,吉岡辰弥,,ハーツクライ,2001103038,マジェスティッククオリティ,000a013eb9,Quality Road,000a011cff,社台レースホース,社台ファーム,"1,893.0",2001.0,2014.0,2006.0
2021107328,ヴィーリヤ,牝,田中一巧,,パイロ,000a01176a,エメンタールベルン,2013100585,ディープスカイ,2005101358,菊池靖二,上村勇人,"1,890.0",2005.0,2013.0,2005.0
2021100703,ブループリマドンナ,牝,小林真也,,ホッコータルマエ,2009100921,アクアブルーバレー,2010102073,ワイルドラッシュ,000a0003a1,高昭牧場,高昭牧場,"1,890.0",2009.0,2010.0,1994.0
2021102468,ブライティアダイヤ,牝,稲垣幸雄,,サトノアラジン,2011104063,ブライティアナイル,2004106630,アドマイヤベガ,1996107396,小林昌志,雅牧場,"1,889.0",2011.0,2004.0,1996.0
2021105637,テンエースワン,牡,大久保龍,,ワールドエース,2009106353,ダイワオンディーヌ,2003102846,クロフネ,1998110135,天白泰司,ノーザンファーム,"1,883.3",2009.0,2003.0,1998.0
2021101691,ボックスオフィス,セ,吉村圭司,,タリスマニック,000a013425,ベストピクチャー,2016110006,Dubawi,000a0115e2,ゴドルフィン,ダーレー・ジャパン・ファーム,"1,879.2",2013.0,2016.0,2002.0
2021103396,サポーズドトゥキル,牝,米谷康秀,,ルックスザットキル,2012110078,ソーメニーティアズ,2013110079,Mizzen Mast,000a0109d3,大志総合企画,アフリートファーム,"1,871.0",2012.0,2013.0,1998.0
2021105958,ブリーズオンチーク,牝,高野友和,,ニューイヤーズデイ,000a014589,サオヒメ,2002100383,サンデーサイレンス,000a00033a,泉新キャピタル,レイクヴィラファーム,"1,870.0",2011.0,2002.0,1986.0
2021101666,エレノーラ,牝,平田正一,,タリスマニック,000a013425,タフラヴ,2015101634,ハードスパン,000a0116a1,吉岡廣樹,ダーレー・ジャパン・ファーム,"1,867.5",2013.0,2015.0,2004.0
2021110033,パッシングシャワー,牡,安田翔伍,,Iffraaj,000a0111d1,レインスウェプト,000a01bcb7,Frankel,000a01239b,ゴドルフィン,Godolphin,"1,867.0",2001.0,2014.0,2008.0
2021104313,キミハスコール,牡,加藤征弘,,コパノリッキー,2010106548,テツナゴオ,2010103891,ハーツクライ,2001103038,ビリオンスター,服部牧場,"1,866.0",2010.0,2010.0,2001.0
2021103582,サンダーバース,セ,井上智史,,サンダースノー,000a013a06,エヴォリューション,2011101806,リキアイサイレンス,2001103725,岡田隆寛,岡田牧場,"1,864.0",2014.0,2011.0,2001.0
2021103854,デーレーラプター,牡,鈴木義久,,ダノンレジェンド,2010110102,ビューティーロマン,2014104531,バゴ,2001190004,久松朋史,サンコウ牧場,"1,862.5",2010.0,2014.0,2001.0
2021105260,ラセーヌシュメール,牝,杉浦宏昭,,ロードカナロア,2008103552,ラクレソニエール,000a0131c9,Le Havre,000a01198f,社台レースホース,社台ファーム,"1,861.0",2008.0,2013.0,2006.0
2021105447,ピストンボーイ,牡,工藤真司,,イスラボニータ,2011103565,エルフィンコーブ,2013110109,Adios Charlie,000a012a6e,嶋田亘克,ノーザンファーム,"1,860.5",2011.0,2013.0,2008.0
2021100620,グランオース,牡,角田晃一,,マジェスティックウォリアー,000a011e9c,レゾリューション,2004103409,カリズマティック,000a00fa33,グランホース,大島牧場,"1,860.0",2005.0,2004.0,1996.0
2021104947,ジーゲル,セ,佐々木忠,,ブリックスアンドモルタル,000a014377,アルマンド,2016105184,ディープインパクト,2002100816,豊島愛子,社台ファーム,"1,857.6",2014.0,2016.0,2002.0
2021100189,ニシノコイゴコロ,牝,根本康広,,ネロ,2011103722,ニシノプレジール,2016103447,オルフェーヴル,2008102636,西山茂行,さとう,"1,851.2",2011.0,2016.0,2008.0
2021107166,イラーナ,牝,林徹,,パレスマリス,000a014a1a,イリーサ,000a01a8ea,Pure Prize,000a011252,サンデーレーシング,社台コーポレーション白老ファーム,"1,850.0",2010.0,2014.0,1998.0
2021104777,クォーツァイト,牝,斎藤誠,,ダイワメジャー,2001103114,ハニージェイド,2014110084,Harlan's Holiday,000a010cdf,Ｇ１レーシング,追分ファーム,"1,845.0",2001.0,2014.0,1999.0
2021105838,モルトマエストーソ,牡,国枝栄,,ドゥラメンテ,2012104511,ラッドルチェンド,2010104341,Danehill Dancer,000a002309,シルクレーシング,ノーザンファーム,"1,837.2",2012.0,2010.0,1993.0
2021105274,サイレントグルーヴ,牝,角田晃一,,ドゥラメンテ,2012104511,リメインサイレント,2010103747,ホワイトマズル,1990109700,社台レースホース,社台ファーム,"1,831.8",2012.0,2010.0,1990.0
2021103760,ウェラーマン,牡,盛本信春,,ヘンリーバローズ,2015104813,ユメザンマイ,2008100246,フジキセキ,1992109618,椎名節,グランド牧場,"1,830.0",2015.0,2008.0,1992.0
2021100873,アオイミモザ,セ,佐藤悠太,,ドレフォン,000a013b82,アオイサンシャイン,2013105547,ダイワメジャー,2001103114,ザ・チャンピオンズ,中村雅明,"1,823.0",2013.0,2013.0,2001.0
2021100016,ポリトナリティー,牝,和田雄二,,エイシンヒカリ,2011101273,ポリリズム,2006103246,バチアー,000a00004b,岡田牧雄,乾皆雄,"1,822.0",2011.0,2006.0,1997.0
2021102295,チュウワキャリア,牝,栗田徹,,スワーヴリチャード,2014106083,チュウワベイビー,2011106508,サウスヴィグラス,1996110138,中西忍,若林順一,"1,820.0",2014.0,2011.0,1996.0
2021104158,センチュリボンド,牡,阿井正雄,,キズナ,2010105827,マニクール,2015105948,ヘニーヒューズ,000a011155,（有）総武開発,千代田牧場,"1,816.8",2010.0,2015.0,2003.0
2021100382,ケープアグラス,牝,金成貴史,,エスポワールシチー,2005102837,ケープタウンシチー,2005103391,シンボリクリスエス,1999110099,友駿ホースクラブ,幌村牧場,"1,813.5",2005.0,2005.0,1999.0
2021105702,プシプシーナ,牝,小栗実,,エピファネイア,2010104155,パープルセイル,2011103819,フジキセキ,1992109618,吉田和美,ノーザンファーム,"1,811.7",2010.0,2011.0,1992.0
2021104797,シャドウルパン,牡,荒山勝徳,,シニスターミニスター,000a011099,リアリゾンルレーヴ,2013110095,Lemon Drop Kid,000a0022d0,飯塚知一,追分ファーム,"1,811.0",2003.0,2013.0,1996.0
2021105605,アイルドリアン,牝,井上智史,,キズナ,2010105827,スターアイル,2004110007,ロックオブジブラルタル,000a00fd4c,吉田勝己,ノーザンファーム,"1,810.0",2010.0,2004.0,1999.0
2021104318,スプリングノヴァ,牝,鮫島一歩,,カリフォルニアクローム,000a012602,ブランカ,2013105509,ディープインパクト,2002100816,橋本浩,服部牧場,"1,805.4",2011.0,2013.0,2002.0
2021104974,ヒットアンドロール,牡,田中勝春,,ブリックスアンドモルタル,000a014377,エオリアンハープ,2006102892,キングカメハメハ,2001103460,薗部博之,社台ファーム,"1,805.0",2014.0,2006.0,2001.0
2021100246,ポッドレオ,牡,佐々木仁,,シャンハイボビー,000a0127e4,ポッドシャイニー,2012100146,ゴールドアリュール,1999106689,加藤春次,タツヤファーム,"1,802.0",2010.0,2012.0,1999.0
2021105688,セブンマイスター,牡,千葉直人,,ドレフォン,000a013b82,ハピネスダンサー,2011103837,メイショウサムソン,2003102205,前迫義幸,ノーザンファーム,"1,800.0",2013.0,2011.0,2003.0
2021101733,クロドラバール,セ,奥村武,,ロードカナロア,2008103552,ジュエルメーカー,2012103730,エンパイアメーカー,000a010542,長谷川祐司,チャンピオンズファーム,"1,800.0",2008.0,2012.0,2000.0
2021104754,ベルフィーヌ,牝,堀内岳志,,マインドユアビスケッツ,000a01392e,クライリング,2011103546,ハーツクライ,2001103038,中山栄一,追分ファーム,"1,797.0",2013.0,2011.0,2001.0
2021106136,モノノフブラック,牝,松本隆宏,,ニシケンモノノフ,2011105438,ワーキングウーマン,2004102830,フジキセキ,1992109618,ウエスト．フォレスト．ステイブル,カミイスタット,"1,796.0",2011.0,2004.0,1992.0
2021101466,ヒーローショー,牡,林幻,,ホッコータルマエ,2009100921,スターライラック,2009102513,シニスターミニスター,000a011099,奥寺毅己,庄野牧場,"1,795.5",2009.0,2009.0,2003.0
2021103150,タルタロス,牡,天間昭一,,ハービンジャー,000a011996,タイヨウノコ,2012105491,エンパイアメーカー,000a010542,村木慎吾,林孝輝,"1,791.0",2006.0,2012.0,2000.0
2021106939,タイセイフェスタ,セ,内田勝義,,マツリダゴッホ,2003104570,オーミポルカ,2013102009,キングヘイロー,1995104427,田中成奉,松木加代,"1,789.5",2003.0,2013.0,1995.0
2021100886,ビップレーヌ,牝,栗田泰昌,,リアルインパクト,2008103244,ヒシタイトル,2009101218,キングカメハメハ,2001103460,酒井孝敏,中村雅明,"1,783.0",2008.0,2009.0,2001.0
2021100409,エアロソニック,牡,鈴木慎太,,アポロソニック,2010110120,ルールザユニバース,2012104709,ネオユニヴァース,2000101426,ＹＧＧホースクラブ,本桐牧場,"1,780.0",2010.0,2012.0,2000.0
2021104695,トーセンヴィオラ,牡,小久保智,,マクマホン,000a0143ac,カグラグレイス,2013100457,エンパイアメーカー,000a010542,島川隆哉,エスティファーム,"1,779.0",2014.0,2013.0,2000.0
2021104992,デルマアートマン,セ,加藤和義,,オルフェーヴル,2008102636,オータムフラワー,000a013dab,Flower Alley,000a011d8c,浅沼廣幸,社台ファーム,"1,775.0",2008.0,2012.0,2002.0
2021105432,ダイオジェナイト,牡,稲垣幸雄,,リアルインパクト,2008103244,エイコンドライト,000a0163e2,ロードカナロア,2008103552,キャロットファーム,ノーザンファーム,"1,773.0",2008.0,2015.0,2008.0
2021103555,ゴールデンステップ,牝,和田勇介,,ブリックスアンドモルタル,000a014377,ルミナスレッド,2009103350,トーセンダンス,2002100594,岡田牧雄,岡田スタッド,"1,773.0",2014.0,2009.0,2002.0
2021102153,プレゼンティーア,牝,田中克典,,マジェスティックウォリアー,000a011e9c,キョウエイカプリス,2011106396,ゴールドアリュール,1999106689,ライオンレースホース,モリナガファーム,"1,770.0",2005.0,2011.0,1999.0
2021106702,モズユイユイ,牡,伊藤和忍,,サンダースノー,000a013a06,プラージュ,2006102820,スペシャルウィーク,1995103211,ｇｌｉｔｔｅｒＧ,ハシモトファーム,"1,769.7",2014.0,2006.0,1995.0
2021102326,サンレイマリー,牡,伊藤圭三,,スズカコーズウェイ,2004104345,スズカマドンナ,2012102056,ディープインパクト,2002100816,永井啓弍,稲原牧場,"1,768.0",2004.0,2012.0,2002.0
2021110078,オメガインペリアル,牡,安田翔伍,,Kingman,000a0124ab,ヌーヴォレコルト,2011104201,ハーツクライ,2001103038,原禮子,Hara Reiko Racing Co. Ltd,"1,765.0",2011.0,2011.0,2001.0
2021105919,ゼットレジーナ,牝,吉田直弘,,ニューイヤーズデイ,000a014589,ハービンマオ,2015104002,ハービンジャー,000a011996,フォーレスト,登別上水牧場,"1,765.0",2011.0,2015.0,2006.0
2021102213,ニシケンサク,牡,鈴木啓之,,ダブルスター,2009103518,ユズチャン,2012103588,カネヒキリ,2002100978,西森鶴,ヤスナカファーム,"1,765.0",2009.0,2012.0,2002.0
2021104565,デジタルサイオン,牡,東眞市,,アグネスデジタル,1997110025,ダンサーズブロンド,2006103271,ゴールドアリュール,1999106689,（有）ビッグレッドフ,三木田牧場,"1,763.8",1997.0,2006.0,1999.0
2021101195,コーリンカルベラ,牡,小野次郎,,サトノアラジン,2011104063,コーリンブリリアン,2012101066,キングカメハメハ,2001103460,伊藤恵子,カロッテファーム,"1,763.5",2011.0,2012.0,2001.0
2021105347,マスターオブライフ,牡,藤田輝信,,モーニン,2012110091,アイムユアドリーム,2011104001,フジキセキ,1992109618,吉田勝己,ノーザンファーム,"1,762.0",2012.0,2011.0,1992.0
2021100831,サンノーブル,セ,山田徹,,ダノンレジェンド,2010110102,エンダレ,2009101176,ゴールドアリュール,1999106689,庄司修二,高岸順一,"1,753.5",2010.0,2009.0,1999.0
2021102371,クインズポラリス,牝,上原博之,,シニスターミニスター,000a011099,アルヴェナ,000a011ab9,Seeking the Gold,000a001bea,ケイアイスタリオン,中田牧場,"1,753.0",2003.0,2005.0,1985.0
2021102067,サノノゴールド,牡,那俄性哲,,クリエイターII,000a013630,ユニバーサルビーチ,2011102215,ネオユニヴァース,2000101426,ファーストビジョン,豊洋牧場,"1,745.5",2013.0,2011.0,2000.0
2021105048,ゴージョニーゴー,牡,四位洋文,,キズナ,2010105827,サボールアトリウンフォ,000a013093,Dance Brightly,000a00fcba,藤田晋,社台ファーム,"1,744.3",2010.0,2009.0,1995.0
2021100678,ヒデシンイメル,牡,坂口義幸,,モーリス,2011100655,エピファレーヌ,2017102871,エピファネイア,2010104155,（同）ＪＰＮ技研,桑田牧場,"1,742.5",2011.0,2017.0,2010.0
2021106659,サノノレインボー,牝,川島豊,,ディスクリートキャット,000a0113a1,アイアムネオ,2006102889,ネオユニヴァース,2000101426,ファーストビジョン,ハクツ牧場,"1,741.0",2003.0,2006.0,2000.0
2021100337,ゼンカイパイロ,牡,伊坂重信,,パイロ,000a01176a,ツウカイヤスナム,2005104445,カリスタグローリ,1988106402,木村直樹,萩澤泰博,"1,740.0",2005.0,2005.0,1988.0
2021101100,ルクスアドラー,牡,須貝尚介,,オルフェーヴル,2008102636,スマートアストリア,2014104862,ストラヴィンスキー,000a00fa41,ルクス,いとう牧場,"1,738.0",2008.0,2014.0,1996.0
2021110147,オルゴーリオ,セ,菊沢隆徳,,Mor Spirit,000a01c066,Holy Wow,000a01f35e,Put It Back,000a01074e,ノルマンディーサラブレッドレーシング,Dennis Crooks & George Bates,"1,735.0",2013.0,2011.0,1998.0
2021101350,クリスタライズ,牡,高月賢一,,ミッキーアイル,2011103916,クラリティーアイズ,2013105980,キングカメハメハ,2001103460,ＹＧＧホースクラブ,サンバマウンテンファーム,"1,734.4",2011.0,2013.0,2001.0
2021107212,ファイントパーズ,牝,鈴木伸尋,,タリスマニック,000a013425,アドマイヤトパーズ,2005106252,アドマイヤベガ,1996107396,村山卓也,田原橋本牧場,"1,730.0",2013.0,2005.0,1996.0
2021105728,アドマイヤアストラ,牡,友道康夫,,モーリス,2011100655,フォトコール,000a01560b,Galileo,000a00232b,近藤旬子,ノーザンファーム,"1,730.0",2011.0,2011.0,1998.0
2021105035,イージーブリージー,牝,伊坂重信,,トーセンラー,2008102985,コージーロージー,000a011e15,Pleasantly Perfect,000a01052f,吉田千津,社台ファーム,"1,723.0",2008.0,2007.0,1998.0
2021105939,メイショウザンゲツ,牝,鈴木孝志,,ダノンレジェンド,2010110102,メイショウルミナス,2014103578,アイルハヴアナザー,000a011ed3,松本好隆,橋本牧場,"1,720.0",2010.0,2014.0,2009.0
2021100284,ヤマニンアラクリア,牡,中村直也,,ラブリーデイ,2010104298,コンゴウプリンセス,2015102484,エンパイアメーカー,000a010542,土井薫,土田ファーム,"1,719.0",2010.0,2015.0,2000.0
2021105405,インファイター,牡,高野友和,,エピファネイア,2010104155,インヘリットデール,2014106099,ルーラーシップ,2007103143,シルクレーシング,ノーザンファーム,"1,717.2",2010.0,2014.0,2007.0
2021106237,サーナーティオン,牡,藤岡健一,,サンダースノー,000a013a06,ピーチドラフト,2004100330,サクラバクシンオー,1989108341,幅田昌伸,斉藤安行,"1,713.0",2014.0,2004.0,1989.0
2021102899,イチニチショチョウ,牡,嶋田幸晴,,インカンテーション,2010104916,ノースプリンセス,2003102037,アジュディケーティング,000a000d5d,小菅誠,谷川牧場,"1,713.0",2010.0,2003.0,1987.0
2021105062,ゴールデンスイープ,牝,山下貴之,,レッドファルクス,2011104416,シャリオドール,2013105462,ヴィクトワールピサ,2007102923,井内康之,社台ファーム,"1,710.5",2011.0,2013.0,2007.0
2021104314,ダンツティアラ,セ,蛯名正義,,シニスターミニスター,000a011099,ディアレストトリックスキ,000a012953,Proudest Romeo,000a0127e5,山元哲二,服部牧場,"1,710.0",2003.0,2004.0,1990.0
2021103513,レグザゴン,牝,斎藤誠,,アドマイヤムーン,2003102991,ツーデイズノーチス,2006101393,ヘクタープロテクター,000a000d6b,諸江幸祐,岡田スタッド,"1,708.0",2003.0,2006.0,1988.0
2021104678,ファストレーン,牡,山下貴之,,リアルスティール,2012104889,フライングニンバス,2012110066,Awesome Again,000a0021cb,橋元勇氣,上水牧場,"1,703.0",2012.0,2012.0,1994.0
2021103754,バッファローライズ,牡,平田正一,,マインドユアビスケッツ,000a01392e,プレシャスヴィガー,2011101951,サウスヴィグラス,1996110138,吉岡寛行,グランド牧場,"1,700.5",2013.0,2011.0,1996.0
2021105466,インマイポケット,牝,武幸四郎,,キズナ,2010105827,カヴァートラブ,000a013614,Azamour,000a01053b,藤田晋,ノーザンファーム,"1,700.0",2010.0,2012.0,2001.0
2021105389,トライデントスピア,牡,田中博康,,ダイワメジャー,2001103114,アンフィトリテII,000a0163e8,Sebring,000a012639,キャロットファーム,ノーザンファーム,"1,700.0",2001.0,2015.0,2005.0
2021104806,レオナルドスター,セ,秋山真一,,ダイワメジャー,2001103114,レディマカパ,000a013e77,Equiano,000a013383,森本研太,追分ファーム,"1,699.5",2001.0,2013.0,2005.0
2021104961,サトノレイズ,牡,萩原清,,リーチザクラウン,2006102923,インランジェリー,000a0124c8,エンパイアメーカー,000a010542,里見治,社台ファーム,"1,699.0",2006.0,2009.0,2000.0
2021106855,ラブミーテキーラ,牝,飯田良弘,,エピカリス,2014103121,カレリア,2012101585,ディープスカイ,2005101358,小林祥晃,ホース・マネジメント・ボス,"1,697.0",2014.0,2012.0,2005.0
2021101241,ランタナヒルズ,牝,田中勝春,,ニューイヤーズデイ,000a014589,メローブリーズ,2014101829,スクリーンヒーロー,2004103328,木村牧場,木村牧場,"1,696.0",2011.0,2014.0,2004.0
2021106122,ホクザンバーリイ,牡,橋本忠明,,ベストウォーリア,2010110127,ホクザンルージュ,2010101310,アドマイヤジャパン,2002102324,木本辰也,柏木一則,"1,693.5",2010.0,2010.0,2002.0
2021101391,ブラックドレス,牝,谷潔,,ブラックタイド,2001103312,ココ,2012101342,ロージズインメイ,000a010a10,副島義久,下河辺牧場,"1,693.0",2001.0,2012.0,2000.0
2021102212,スパイオンハート,牝,林正人,,エスポワールシチー,2005102837,ムービングアウト,2004104363,Langfuhr,000a0021ab,宮崎俊也,ヤスナカファーム,"1,692.5",2005.0,2004.0,1992.0
2021105610,グリーズマン,セ,小栗実,,モーリス,2011100655,スピークソフトリー,2009102631,アルカセット,2000190010,増田和啓,ノーザンファーム,"1,690.0",2011.0,2009.0,2000.0
2021104922,インテルメディオ,セ,浅利英明,,ドレフォン,000a013b82,メリーウィドウ,2011106522,ゴールドアリュール,1999106689,シルクレーシング,社台コーポレーション白老ファーム,"1,690.0",2013.0,2011.0,1999.0
2021101434,ハミング,牝,中内田充,,ブリックスアンドモルタル,000a014377,ブリッツフィナーレ,2008105619,ディープインパクト,2002100816,石川達絵,下河辺牧場,"1,690.0",2014.0,2008.0,2002.0
2021107259,レヴィテーション,牝,中川公成,,シニスターミニスター,000a011099,アンティグラビティ,2015102929,エンパイアメーカー,000a010542,京都ホースレーシング,浜本牧場,"1,688.0",2003.0,2015.0,2000.0
2021103325,カレンナオトメ,牝,小野次郎,,カレンブラックヒル,2009106230,オルレアンノオトメ,2007104109,チーフベアハート,1993190010,ミルファーム,ミルファーム,"1,683.0",2009.0,2007.0,1993.0
2021103219,カラフルメロディー,牝,西田雄一,,シャンハイボビー,000a0127e4,アルブスメロディー,2011105622,ゴールドアリュール,1999106689,ヒダカ・ブリーダーズ・ユニオン,三嶋牧場,"1,680.0",2010.0,2011.0,1999.0
2021106666,レイニングキャット,牡,久保杉隆,,ディスクリートキャット,000a0113a1,ディープキッス,2005105417,アグネスタキオン,1998101516,小田吉男,ハクツ牧場,"1,678.5",2003.0,2005.0,1998.0
2021107138,スノーブリザード,牡,畑端省吾,,ゴールドアクター,2011105266,オグリダイアン,2004101040,キングヘイロー,1995104427,浦野和由,ヤマタケ牧場,"1,675.6",2011.0,2004.0,1995.0
2021102910,ラジエーション,牝,佐藤博紀,,インカンテーション,2010104916,マンテラライ,000a013aa2,Catcher In The Rye,000a01372d,（有）ターフ・スポー,谷川牧場,"1,672.0",2010.0,2012.0,2000.0
2021100846,リゼルージュセリエ,牡,渡邊貴光,,シルバーステート,2013105903,リアライズナラック,2008110032,Fusaichi Pegasus,000a0022cf,飯田訓大,高松牧場,"1,671.5",2013.0,2008.0,1997.0
2021103322,スプリングデイ,牝,伊藤大士,,ディスクリートキャット,000a0113a1,ヴァップ,2009100845,ストーミングホーム,1998190003,ミルファーム,ミルファーム,"1,671.2",2003.0,2009.0,1998.0
2021100093,キタサンヒコボシ,牡,米田英世,,キタサンミカヅキ,2010100960,キタサンナデシコ,2015102354,ヘニーヒューズ,000a011155,大野商事,木田牧場,"1,670.4",2010.0,2015.0,2003.0
2021106544,タガノヘラクレス,牡,千田輝彦,,シルバーステート,2013105903,タガノグラッツェ,2013101709,エンパイアメーカー,000a010542,八木良司,新冠タガノファーム,"1,670.0",2013.0,2013.0,2000.0
2021103701,イエデゴロゴロ,牝,田中譲二,,レインボーライン,2013106183,イイコトバカリ,2014103186,エンパイアメーカー,000a010542,組）黒潮ＬＣ,桑嶋峰雄,"1,669.0",2013.0,2014.0,2000.0
2021102115,アラタマフェーヴル,牡,浜田多実,,オルフェーヴル,2008102636,アラタマクリスエス,2014102523,シンボリクリスエス,1999110099,荒木謙次,槇本牧場,"1,668.0",2008.0,2014.0,1999.0
2021106359,バトンインディ,牡,安達昭夫,,パイロ,000a01176a,ミスアシング,2011103801,キングカメハメハ,2001103460,市川義美ホールディングス,タニグチ牧場,"1,667.5",2005.0,2011.0,2001.0
2021105373,パレスドフィーヌ,牝,鈴木慎太,,サトノアラジン,2011104063,アナスタシアブルー,2009106379,ファルブラヴ,1998190004,吉田和美,ノーザンファーム,"1,667.4",2011.0,2009.0,1998.0
2021107097,ララバッカナール,牝,佐藤悠太,,ヘニーヒューズ,000a011155,ゴッドダンシング,2006105043,ダンスインザダーク,1993109188,フジイ興産,森永聡,"1,667.0",2003.0,2006.0,1993.0
2021101659,バルミーウェザー,セ,佐藤茂,,パイロ,000a01176a,スプリングタイム,2014102198,ストリートセンス,000a0113a2,安瀬裕一,ダーレー・ジャパン・ファーム,"1,666.0",2005.0,2014.0,2004.0
2021107353,サーマウント,牡,張田京,,エスポワールシチー,2005102837,レッドガナドーラ,2009110038,Bernardini,000a0111fe,（有）ＮＯ．９ホース,大道牧場,"1,664.5",2005.0,2009.0,2003.0
2021105970,コンフェルマ,牡,寺島良,,エピファネイア,2010104155,ブルーダイアモンド,2011103847,ディープインパクト,2002100816,近藤英子,レイクヴィラファーム,"1,663.0",2010.0,2011.0,2002.0
2021103051,グアラニア,牡,矢野英一,,マインドユアビスケッツ,000a01392e,ファド,2013100782,ダイワメジャー,2001103114,Ｇリビエール・レーシング,ディアレストクラブ,"1,662.5",2013.0,2013.0,2001.0
2021104779,モアザンワンス,牝,高野友和,,マジェスティックウォリアー,000a011e9c,フォーエバーモア,2011103499,ネオユニヴァース,2000101426,Ｇ１レーシング,追分ファーム,"1,660.0",2005.0,2011.0,2000.0
2021102826,キクノルメイユール,牡,田中範雄,,ベストウォーリア,2010110127,キクノジェニー,1999104906,ジェニュイン,1992109450,菊池靖二,惣田英幸,"1,659.5",2010.0,1999.0,1992.0
2021106853,マイベネラブル,牡,川島正一,,ローレルゲレイロ,2004100933,ラペルラ,2013100442,スターリングローズ,1997106560,安川幸彦,プログレスファーム,"1,657.2",2004.0,2013.0,1997.0
2021106332,ミルミナーヴァ,牝,西園正都,,ヘニーヒューズ,000a011155,ランミネルバ,2010105596,アグネスタキオン,1998101516,ウエスト．フォレスト．ステイブル,高瀬牧場,"1,656.5",2003.0,2010.0,1998.0
2021101464,ミッションルース,牡,平田修,,リアルスティール,2012104889,クローソー,2012104802,ハービンジャー,000a011996,大島昌也,庄野牧場,"1,654.0",2012.0,2012.0,2006.0
2021100444,エイシンジョルト,牝,笹野博司,,マジェスティックウォリアー,000a011e9c,エイシンモルト,2011101527,ハーツクライ,2001103038,平井克彦,水丸牧場,"1,653.3",2005.0,2011.0,2001.0
2021107060,ミモレフレイバー,牝,福永敏,,キンシャサノキセキ,2003110212,メリュジーヌ,2006105026,フレンチデピュティ,000a00013a,尾田信夫,村田牧場,"1,653.0",2003.0,2006.0,1992.0
2021105865,エボルヴィング,牡,藤原英昭,,ハーツクライ,2001103038,リリサイド,000a011a19,American Post,000a011997,キャロットファーム,ノーザンファーム,"1,651.0",2001.0,2007.0,2001.0
2021101400,マックスセレナーデ,牝,橋口慎介,,ドゥラメンテ,2012104511,シェイクズセレナーデ,000a012951,Unbridled's Song,000a002071,フィールドレーシング,下河辺牧場,"1,649.0",2012.0,2006.0,1993.0
2021100888,グラッシーズマン,牡,林幻,,アジアエクスプレス,2011110091,ブルーセレブ,2011103286,アサクサデンエン,1999110191,松谷翔太,中村雅明,"1,645.0",2011.0,2011.0,1999.0
2021109088,アルニラム,牡,伊藤大士,,リアルスティール,2012104889,エレンシア,2013101845,ワークフォース,000a011a7f,ＳＴレーシング,恵比寿興業株式会社那須野牧場,"1,643.0",2012.0,2013.0,2007.0
2021102098,エースアビリティ,牡,福永敏,,ヤマカツエース,2012102774,ヒアデス,2016103660,モンテロッソ,000a011b05,大瀧啓之,前川義則,"1,643.0",2012.0,2016.0,2007.0
2021105982,サンライズガッツ,牡,茶木太樹,,レイデオロ,2014106201,メジロマリアン,2006102668,メジロベイリー,1998101457,ライフハウス,レイクヴィラファーム,"1,642.5",2014.0,2006.0,1998.0
2021103969,メリージェーン,牝,鹿戸雄一,,ドゥラメンテ,2012104511,トゥアーニー,000a013e89,Country Reel,000a012054,タイヘイ牧場,タイヘイ牧場,"1,642.0",2012.0,2013.0,2000.0
2021101406,プレヴィスト,牝,池添学,,デクラレーションオブウォー,000a0136f6,ジェラスキャット,000a013861,Tapit,000a011248,スリーエイチレーシング,下河辺牧場,"1,642.0",2009.0,2011.0,2001.0
2021103184,ショウガフクキタル,牝,高橋俊之,,カレンブラックヒル,2009106230,ミサトサウス,2007106000,サウスヴィグラス,1996110138,芳賀克也,北光牧場,"1,641.4",2009.0,2007.0,1996.0
2021106308,カイトグート,牝,和田雄二,,キズナ,2010105827,マリブウィン,000a012046,Malibu Moon,000a010c8e,本田恒雄,須崎牧場,"1,640.0",2010.0,2006.0,1997.0
2021105707,アルドール,牝,手塚貴久,,ロードカナロア,2008103552,ヒルダズパッション,000a011de2,Canadian Frontier,000a011290,キャロットファーム,ノーザンファーム,"1,640.0",2008.0,2007.0,1999.0
2021105252,シャンパンマーク,セ,蛯名正義,,キズナ,2010105827,メモリアルライフ,2015110048,Reckless Abandon,000a0136f5,青山洋一,社台ファーム,"1,640.0",2010.0,2015.0,2010.0
2021105150,ナファロア,牡,菊沢隆徳,,イスラボニータ,2011103565,ナレラ,000a014351,Reliable Man,000a011bdd,村野康司,社台ファーム,"1,640.0",2011.0,2015.0,2008.0
2021104496,フユソウビ,牡,国沢輝幸,,ロージズインメイ,000a010a10,マイネエポナ,2009102559,キングカメハメハ,2001103460,（同）ＪＰＮ技研,真歌田中牧場,"1,640.0",2000.0,2009.0,2001.0
2021103802,トウケイカッタロー,牝,朝倉実,,トウケイヘイロー,2009101682,トウケイランラン,2013104327,エンパイアメーカー,000a010542,山田裕仁,坂本智広,"1,639.0",2009.0,2013.0,2000.0
2021105978,ルーベンス,牡,萩原清,,ルーラーシップ,2007103143,メジロシャレード,2006102673,マンハッタンカフェ,1998101554,池谷誠一,レイクヴィラファーム,"1,637.0",2007.0,2006.0,1998.0
2021104541,アレスエルピーダ,牡,真島大輔,,サトノアレス,2014105493,アンドモアアゲイン,000a0117d2,Distorted Humor,000a0022ea,ノルマンディーサラブレッドレーシング,松田牧場,"1,635.0",2014.0,2004.0,1993.0
2021100740,アイビーサムライオ,牡,荒山勝徳,,ダノンレジェンド,2010110102,ホッコーパフューム,2013102940,ヴィクトワールピサ,2007102923,石坂茂ラボ（株）,高昭牧場,"1,634.5",2010.0,2013.0,2007.0
2021104943,ジーティーオウジャ,セ,石栗龍彦,,ルーラーシップ,2007103143,アラドヴァル,2009105749,シンボリクリスエス,1999110099,田畑利彦,社台ファーム,"1,633.0",2007.0,2009.0,1999.0
2021102550,メイショウハッブル,牡,石橋守,,グレーターロンドン,2012101402,メイショウルナ,2011105998,スタチューオブリバティ,000a0109d5,松本好隆,中脇一幸,"1,633.0",2012.0,2011.0,2000.0
2021100554,レベリオス,牡,鈴木啓之,,ストロングリターン,2006102934,モエトレゾール,2007106801,ゴールドアリュール,1999106689,（有）馬の友舎,レースホース牧場,"1,632.0",2006.0,2007.0,1999.0
2021105529,ルクスノア,牝,平田修,,オルフェーヴル,2008102636,サトノアリシア,2014106205,ハービンジャー,000a011996,ルクス,ノーザンファーム,"1,630.0",2008.0,2014.0,2006.0
2021104671,ミライハーモニー,牝,飯田祐史,,タリスマニック,000a013425,オンリートゥモロー,2014105784,ディープインパクト,2002100816,伊藤篤,上水牧場,"1,630.0",2013.0,2014.0,2002.0
2021101033,サムデイ,牝,渡辺和雄,,ストロングリターン,2006102934,ヤサシイキモチ,2005105195,ビッグサンデー,1994105040,芳川貴行,アイズスタッド,"1,630.0",2006.0,2005.0,1994.0
2021101514,キスリング,牝,田口輝彦,,スズカコーズウェイ,2004104345,ミスプロ,2007104969,アフリート,000a000013,（有）新生ファーム,新生ファーム,"1,627.0",2004.0,2007.0,1984.0
2021104043,イモノソーダワリデ,牡,須田和伸,,キンシャサノキセキ,2003110212,フレイミングクリフス,000a012f8b,Kingmambo,000a001d7e,（株）ほいといすＴｏ,田中裕之,"1,626.6",2003.0,2002.0,1990.0
2021100493,アナスタシス,牝,岡田稲男,,デクラレーションオブウォー,000a0136f6,リヴァイバル,2013102881,ワイルドラッシュ,000a0003a1,杉山忠国,明治牧場,"1,625.0",2009.0,2013.0,1994.0
2021102202,コンバットスプーン,牝,三野宮通,,カレンブラックヒル,2009106230,シルヴァースプーン,2008102861,アグネスタキオン,1998101516,山根義信,門別山際牧場,"1,620.4",2009.0,2008.0,1998.0
2021104197,タイセイミニスター,牡,大橋勇樹,,シニスターミニスター,000a011099,フロイラインシチー,2012103282,フレンチデピュティ,000a00013a,田中成奉,飛野牧場,"1,620.0",2003.0,2012.0,1992.0
2021103994,タッカーバレット,牡,田島俊明,,ビッグアーサー,2011103328,ブレイクダンサー,2012104378,ファルブラヴ,1998190004,小松崎孝,高橋ファーム,"1,619.0",2011.0,2012.0,1998.0
2021102066,アシャカデュメ,牡,森澤友貴,,ホッコータルマエ,2009100921,ホウヨウバルキリー,2015101940,スターリングローズ,1997106560,吉冨学,豊洋牧場,"1,615.5",2009.0,2015.0,1997.0
2021103674,ホーリーバローズ,牡,大島静夫,,アレスバローズ,2012102017,プリンセスプラン,2012102596,オペラハウス,000a000d77,佐藤憲治,神垣道弘,"1,615.2",2012.0,2012.0,1988.0
2021105289,オタルグリーン,牝,中竹和也,,ハービンジャー,000a011996,レッドカチューシャ,2010103830,ディープインパクト,2002100816,住谷幾久子,社台ファーム,"1,615.0",2006.0,2010.0,2002.0
2021106570,アコー,牝,伊藤強一,,ロジユニヴァース,2006103140,ジョディーズライン,2007103074,クロフネ,1998110135,鈴木和彦,新冠橋本牧場,"1,613.7",2006.0,2007.0,1998.0
2021105654,ダノンロッキー,牡,萩原清,,キズナ,2010105827,ティファニーズオナー,000a014415,Street Cry,000a0103ba,ダノックス,ノーザンファーム,"1,612.0",2010.0,2011.0,1998.0
2021100594,アンバーニードル,牡,加藤征弘,,ファインニードル,2013100612,ミヤコノユメ,2016101258,ロードカナロア,2008103552,吉田和弘,恵比寿牧場,"1,608.2",2013.0,2016.0,2008.0
2021103208,プルメリアクヒオ,牡,深山雅史,,ホッコータルマエ,2009100921,プルメリアミコ,2014103464,ケイムホーム,000a0108d1,武田浩典,まるとみ冨岡牧場,"1,608.0",2009.0,2014.0,1999.0
2021107089,ニシノアウェイク,牡,土井道隆,,アメリカンペイトリオット,000a013bba,ラヴィングウェイ,2016110012,ヴィクトワールピサ,2007102923,冨田藤男,メイタイファーム,"1,607.5",2013.0,2016.0,2007.0
2021102164,ドランクマン,牡,藤ケ崎一,,シルバーステート,2013105903,グロリエッテ,2010101134,アドマイヤムーン,2003102991,須藤英之,森永牧場,"1,607.2",2013.0,2010.0,2003.0
2021106213,ウインイメル,牡,深山雅史,,サンダースノー,000a013a06,コスモネモシン,2007101171,ゼンノロブロイ,2000101517,ウイン,コスモヴューファーム,"1,603.0",2014.0,2007.0,2000.0
2021103573,ポアゾンボス,牡,田中力,,ポアゾンブラック,2009102733,マジカルビアンカ,2010106108,アドマイヤジャパン,2002102324,村上憲政,岡田猛,"1,601.2",2009.0,2010.0,2002.0
2021105989,マダムホーク,牝,寺地誠一,,ホークビル,000a01327c,サイキカンパツ,2006102519,ティンバーカントリー,000a00035e,川副真姫,渡辺隆,"1,600.0",2013.0,2006.0,1992.0
2021104040,ベイデンマリーナ,牝,池田忠好,,ホッコータルマエ,2009100921,ジャストジョーイ,2009105905,クロフネ,1998110135,米田竜治,田中裕之,"1,599.5",2009.0,2009.0,1998.0
2021104504,ベント,セ,角田輝也,,カリフォルニアクローム,000a012602,クイーンオブハルカ,2006105694,シングスピール,1992190005,清水敬央,前谷武志,"1,598.8",2011.0,2006.0,1992.0
2021103435,ライヴアメデオ,牡,高月賢一,,ダノンレジェンド,2010110102,スイートライラック,2009109149,シンボリクリスエス,1999110099,澤田孝之,伊藤敏明,"1,598.5",2010.0,2009.0,1999.0
2021103979,リュウノメディナ,牡,酒井仁,,キンシャサノキセキ,2003110212,ラハイナII,000a0123d4,Milt's Overture,000a012301,蓑島竜一,タイヘイ牧場,"1,596.5",2003.0,2008.0,1991.0
2021104768,ウェイトゥザドーン,セ,戸田博文,,ジャスタウェイ,2009106461,ソワー,000a01591f,Flatter,000a010d05,Ｇ１レーシング,追分ファーム,"1,594.0",2009.0,2015.0,1999.0
2021102304,タイセイガスト,牡,藤田輝信,,ダンカーク,000a012185,エクレアオール,2013105457,ゴールドアリュール,1999106689,田中成奉,赤石牧場,"1,591.8",2006.0,2013.0,1999.0
2021103040,イッツナッシング,牝,川西毅,,エスケンデレヤ,000a012cc0,ディアジーローズ,2009103698,ワイルドラッシュ,000a0003a1,高樽秀夫,ディアレストクラブ,"1,590.0",2007.0,2009.0,1994.0
2021102280,デビッドテソーロ,牡,田中剛,,スワーヴリチャード,2014106083,バレットテソーロ,2015110052,Camelot,000a011ed2,了徳寺健二ホールディングス,リョーケンファーム,"1,590.0",2014.0,2015.0,2009.0
2021101299,サンリコリス,牝,山崎裕也,,スマートファルコン,2005100097,サンマディソン,2011101304,シニスターミニスター,000a011099,加藤ステーブル,ケイズ,"1,589.2",2005.0,2011.0,2003.0
2021106759,サンロレンツォ,牝,武藤善則,,シャンハイボビー,000a0127e4,ユースティティア,2008104822,フジキセキ,1992109618,ノースヒルズ,平山牧場,"1,583.0",2010.0,2008.0,1992.0
2021106027,メロスゴー,牡,箕輪武,,ベストウォーリア,2010110127,メイプルチャンス,2011101977,アドマイヤムーン,2003102991,飯塚進次,安達牧場,"1,582.0",2010.0,2011.0,2003.0
2021101825,ナムライリス,牝,工藤真司,,マクフィ,000a011c77,ナムラアピア,2009102800,クロフネ,1998110135,嶋田亘克,ナカノファーム,"1,581.0",2007.0,2009.0,1998.0
2021105742,シアブリス,牝,黒岩陽一,,エピファネイア,2010104155,ブリスフルデイズ,2015104661,キングカメハメハ,2001103460,シルクレーシング,ノーザンファーム,"1,575.0",2010.0,2015.0,2001.0
2021106952,スピネーカー,牡,矢野義幸,,カレンブラックヒル,2009106230,ストレイトフロムテキサス,000a010ac4,Judge T C,000a002131,大社聡,的場牧場,"1,573.5",2009.0,1999.0,1991.0
2021104474,ハイグッドワールド,牡,谷潔,,アジアエクスプレス,2011110091,ハイフィールド,2006101556,マーベラスサンデー,1992103687,服部新平,へいはた牧場,"1,571.0",2011.0,2006.0,1992.0
2021110065,メイショウトム,牡,谷潔,,パレスマリス,000a014a1a,Nothing But Tom,000a01d28f,Street Cry,000a0103ba,松本好隆,Kathryn Nikkel,"1,570.0",2010.0,2015.0,1998.0
2021109086,サミアド,牡,竹内正洋,,シャンハイボビー,000a0127e4,エイシンバンバ,2012110073,Rock Hard Ten,000a010612,グリーンファーム,恵比寿興業株式会社那須野牧場,"1,570.0",2010.0,2012.0,2001.0
2021102639,ペイシャスウィフト,牝,本間忍,,ダノンレジェンド,2010110102,ダンツスウィフト,2009102618,ダイワメジャー,2001103114,北所直人,加藤重治,"1,570.0",2010.0,2009.0,2001.0
2021101864,ドナレア,牝,高木登,,レッドファルクス,2011104416,ドナプリモ,2015106354,フリオーソ,2004106867,山田貢一,日西牧場,"1,570.0",2011.0,2015.0,2004.0
2021106393,マサノロイヤル,牡,齊藤敏,,トウケイヘイロー,2009101682,センターアンジェロ,2000103029,オペラハウス,000a000d77,中村時子,大作ステーブル,"1,567.7",2009.0,2000.0,1988.0
2021110123,アメリカンチーフ,牡,東田明士,,Into Mischief,000a0125a7,Good Vibes,000a011fdc,Unbridled's Song,000a002071,吉澤ホールディングス,Orpendale/ Wynatt / Chelston,"1,565.0",2005.0,1999.0,1993.0
2021106128,ラキアレクサンダー,牡,竹内正洋,,デクラレーションオブウォー,000a0136f6,ヒシラガーディア,2009104539,マンハッタンカフェ,1998101554,フィールドレーシング,カミイスタット,"1,561.0",2009.0,2009.0,1998.0
2021104191,ヨゾラノムコウニ,牡,上杉昌宏,,ロジャーバローズ,2016106065,オールフラッグズフライング,000a015974,War Front,000a011d00,アローネットサービス,飛野牧場,"1,561.0",2016.0,2015.0,2002.0
2021106395,ハッピーサプライズ,牡,佐藤吉勝,,レッドファルクス,2011104416,ハッピーパーティー,2014103229,クロフネ,1998110135,田頭勇貴,大作ステーブル,"1,558.0",2011.0,2014.0,1998.0
2021103723,アンリーベイビー,牝,茶木太樹,,ロードカナロア,2008103552,サンビスタ,2009103532,スズカマンボ,2001103890,三木正浩,グランド牧場,"1,556.0",2008.0,2009.0,2001.0
2021103713,エコロブレード,牡,金田一昌,,Mendelssohn,000a014f32,エントロピア,000a01b6d9,Mount Nelson,000a0124b6,茶谷圭祐,グランド牧場,"1,555.5",2015.0,2015.0,2004.0
2021100782,ドナヴィーナス,牝,加藤幸保,,スワーヴリチャード,2014106083,スパイチャクラ,2013106235,Shamardal,000a010c92,川上和彦,鮫川啓一,"1,553.7",2014.0,2013.0,2002.0
2021106195,ウインディオーネ,牝,長谷川浩,,シルバーステート,2013105903,ウインアルテミス,2013110016,Arch,000a0021b7,ウイン,コスモヴューファーム,"1,553.6",2013.0,2013.0,1995.0
2021103320,サンライズシア,牡,石坂公一,,シャンハイボビー,000a0127e4,ラブリーアリュール,2009106554,ゴールドアリュール,1999106689,松岡隆雄,ミリオンファーム,"1,553.0",2010.0,2009.0,1999.0
2021105422,ブラーヴイストワル,牡,池江泰寿,,ロードカナロア,2008103552,ヴィニー,2014105915,ディープインパクト,2002100816,インゼルレーシング,ノーザンファーム,"1,552.1",2008.0,2014.0,2002.0
2021105570,シルバーカレッジ,牡,武幸四郎,,エピファネイア,2010104155,シルバーポジー,2013106027,クロフネ,1998110135,サンデーレーシング,ノーザンファーム,"1,550.0",2010.0,2013.0,1998.0
2021103343,ハヌル,牝,岩戸孝樹,,トゥザグローリー,2007103265,ムサ,2012104460,フレンチデピュティ,000a00013a,ミルファーム,ミルファーム,"1,550.0",2007.0,2012.0,1992.0
2021106959,ダイゴリュウジン,牡,保利良平,,アドミラブル,2014105979,ビューティサン,2009101650,フジキセキ,1992109618,長谷川光司,マリオステーブル,"1,547.0",2014.0,2009.0,1992.0
2021104861,ダイスアローリング,牡,古賀慎明,,サトノダイヤモンド,2013106101,サンタエヴィータ,2011103572,Smart Strike,000a00211c,Ｇ１レーシング,社台コーポレーション白老ファーム,"1,545.0",2013.0,2011.0,1992.0
2021100004,クニノトキメキ,牡,細川忠義,,スマートファルコン,2005100097,スイートリリック,2010105284,ダイワメジャー,2001103114,国田正忠,飯岡牧場,"1,543.5",2005.0,2010.0,2001.0
2021104905,ザブライド,牝,西村真幸,,ドゥラメンテ,2012104511,ビートリックスキッド,000a011501,Victory Note,000a01143b,キャロットファーム,社台コーポレーション白老ファーム,"1,543.0",2012.0,2004.0,1995.0
2021102105,グランジュール,牝,中道啓二,,ヤングマンパワー,2012104685,セレンディップ,2013100944,ダイワメジャー,2001103114,田中慎之輔,前野牧場,"1,541.0",2012.0,2013.0,2001.0
2021105060,メイザーキック,牝,千葉幸喜,,ダイワメジャー,2001103114,シトロプシス,2013105703,ジャングルポケット,1998101786,佐野幸一郎,社台ファーム,"1,539.0",2001.0,2013.0,1998.0
2021106345,ミルトコルサ,牡,保利良平,,シュヴァルグラン,2012104759,ディアナムラ,2007104537,ザッツザプレンティ,2000101398,永山勝敏,武田牧場,"1,536.5",2012.0,2007.0,2000.0
2021102657,エメリーナ,牝,林隆之,,ダノンレジェンド,2010110102,ミヤビエメライン,2014104542,マンハッタンカフェ,1998101554,勝山賢,金石牧場,"1,536.5",2010.0,2014.0,1998.0
2021104464,テンクウジョー,牡,小西一男,,マクフィ,000a011c77,エレンボーゲン,2016104769,ブラックタイド,2001103312,河内孝夫,へいはた牧場,"1,534.0",2007.0,2016.0,2001.0
2021103457,ソーラレイ,牡,塚田隆男,,レーヴミストラル,2012104929,トチノタイヨー,2011101351,プリサイスエンド,000a00fe9b,板倉勝之,漆原武男,"1,534.0",2012.0,2011.0,1997.0
2021102629,モズパシュート,牡,打越勇児,,グランプリボス,2008103388,セイギハカツ,2015101623,Raven's Pass,000a011d04,ｇｌｉｔｔｅｒＧ,オカモトファーム,"1,534.0",2008.0,2015.0,2005.0
2021103953,シントーハナノボス,牡,平田正一,,ヘニーヒューズ,000a011155,ルリオン,2014100305,キングカメハメハ,2001103460,山田裕二,静内山田牧場,"1,533.0",2003.0,2014.0,2001.0
2021102458,ホーリーブライト,牝,竹内正洋,,マクフィ,000a011c77,ラブリランテ,2015102230,ディープブリランテ,2009105084,船越伸也,船越伸也,"1,532.0",2007.0,2015.0,2009.0
2021103549,ホウオウフロイト,牡,加藤和宏,,エイシンフラッシュ,2007102951,ユメノキズナ,2007102968,ストラヴィンスキー,000a00fa41,小笹芳央,岡田スタッド,"1,531.0",2007.0,2007.0,1996.0
2021104276,ガラスノブルース,牡,田村康仁,,デクラレーションオブウォー,000a0136f6,スティルウォーター,2013104671,キングカメハメハ,2001103460,松谷紫,橋本牧場,"1,530.0",2009.0,2013.0,2001.0
2021102894,ルルフィーユ,牝,谷潔,,マクフィ,000a011c77,デューフォール,000a01388b,Medaglia d'Oro,000a010a65,酒井孝敏,谷川牧場,"1,528.8",2007.0,2013.0,1999.0
2021101291,アルアインオアシス,牝,川島正一,,アルアイン,2014106046,ハタノボニート,2010110042,Bernardini,000a0111fe,兼行聡,グッドラック・ファーム,"1,527.0",2014.0,2010.0,2003.0
2021105089,ヒロインズクレスト,牝,本田優,,スクリーンヒーロー,2004103328,ステラスターライト,2012104317,ディープインパクト,2002100816,吉田照哉,社台ファーム,"1,526.0",2004.0,2012.0,2002.0
2021101554,アルベリック,牡,中竹和也,,エイシンヒカリ,2011101273,エイシンウィキ,2013103758,キングカメハメハ,2001103460,西田彰宏,スマイルファーム,"1,525.0",2011.0,2013.0,2001.0
2021104987,ボーイハンター,牝,山崎尋美,,ルーラーシップ,2007103143,オメガエンブレム,2009105760,ウォーエンブレム,000a00fa35,吉田千津,社台ファーム,"1,524.0",2007.0,2009.0,1999.0
2021110062,ヒストリアイ,セ,堀宣行,,Liam's Map,000a01372b,Cara Bella,000a01d0d8,Ghostzapper,000a010525,吉田和美,Stone Farm LLC,"1,520.0",2011.0,2010.0,2000.0
2021107238,ダイヤモンドナイツ,セ,田島俊明,,サトノダイヤモンド,2013106101,クリストフォリ,2015104958,ヘニーヒューズ,000a011155,ＹＧＧホースクラブ,奥山牧場,"1,520.0",2013.0,2015.0,2003.0
2021105613,アンジュグルーヴ,牝,安田翔伍,,ニューイヤーズデイ,000a014589,スプレンダークラン,2014105981,ルーラーシップ,2007103143,竹下浩一,ノーザンファーム,"1,520.0",2011.0,2014.0,2007.0
2021105349,インビジブルセルフ,牡,池江泰寿,,エピファネイア,2010104155,アウェイク,2013105820,ディープインパクト,2002100816,金子真人ホールディングス,ノーザンファーム,"1,520.0",2010.0,2013.0,2002.0
2021102191,コルベット,牡,加藤誠一,,エスポワールシチー,2005102837,クラリン,2007106420,キングヘイロー,1995104427,岡本真二,門別牧場,"1,520.0",2005.0,2007.0,1995.0
2021100258,ビスマルク,牡,伊藤滋規,,ダノンレジェンド,2010110102,ツァーリーナ,2012105486,エンパイアメーカー,000a010542,柳裕一郎,田湯牧場,"1,520.0",2010.0,2012.0,2000.0
2021100257,キャストロペペ,牡,堀内岳志,,シャンハイボビー,000a0127e4,キャストロメファ,2010105357,トワイニング,000a000006,手嶋康雄,田湯牧場,"1,520.0",2010.0,2010.0,1991.0
2021100112,ダンツドール,牝,古賀光範,,ホッコータルマエ,2009100921,エアブライス,2014106078,ハービンジャー,000a011996,山元哲二,グローリーファーム,"1,520.0",2009.0,2014.0,2006.0
2021105057,オンザヴィーナス,牝,大和田成,,ミッキーアイル,2011103916,シアン,2014105461,Smart Strike,000a00211c,久保田定,社台ファーム,"1,518.0",2011.0,2014.0,1992.0
2021106949,ゼンダンノハゲミ,牡,飯田良弘,,モーニン,2012110091,アンナヴァン,2001103430,エンドスウィープ,000a00010f,橘勝年,的場牧場,"1,516.0",2012.0,2001.0,1991.0
2021105003,ランランガール,牝,寺島良,,パドトロワ,2007102760,カンカンガール,2014105462,Exchange Rate,000a011433,吉田千津,社台ファーム,"1,516.0",2007.0,2014.0,1997.0
2021110014,ブライトアゲイン,牝,森秀行,,Practical Joke,000a0139d1,Yankee Bright,000a01c0b0,Elusive Quality,000a00231f,インゼルレーシング,George E. Bates Trustee,"1,514.6",2014.0,2007.0,1993.0
2021103144,サノノスピード,牡,目迫大輔,,レッドファルクス,2011104416,ペイドリン,000a0117be,Pulpit,000a002133,ファーストビジョン,信岡牧場,"1,511.0",2011.0,2006.0,1994.0
2021102745,ペッパーミル,牡,加藤士津,,コパノリッキー,2010106548,トーワフォーチュン,2003100711,エンドスウィープ,000a00010f,橋詰弘一,木村牧場,"1,510.0",2010.0,2003.0,1991.0
2021104606,セイバイラック,牝,板垣吉則,,アメリカンペイトリオット,000a013bba,コズミックレイズ,2016103305,モンテロッソ,000a011b05,金田成基,高橋直人,"1,509.8",2013.0,2016.0,2007.0
2021101174,マロンシャンテリー,牡,工藤伸輔,,リオンディーズ,2013105915,マロンブーケ,2011100153,ダイワメジャー,2001103114,（株）アプエンテ,オリオンファーム,"1,507.5",2013.0,2011.0,2001.0
2021105055,ノイヤーヘルト,牡,新子雅司,,ニューイヤーズデイ,000a014589,ザッハーマイン,2005110040,Mineshaft,000a010545,社台レースホース,社台ファーム,"1,507.0",2011.0,2005.0,1999.0
2021101280,ジェロニモス,牡,中村直也,,ルーラーシップ,2007103143,アズレージョ,2014105806,タートルボウル,000a012045,ノルマンディーサラブレッドレーシング,グッドラック・ファーム,"1,506.6",2007.0,2014.0,2002.0
2021104669,サマーアゲイン,牡,渡辺薫彦,,キズナ,2010105827,アントワープ,2007102378,キングカメハメハ,2001103460,ｇｌｉｔｔｅｒＧ,上水牧場,"1,506.0",2010.0,2007.0,2001.0
2021105821,サンディブロンド,牝,鈴木慎太,,リオンディーズ,2013105915,モンローブロンド,2002100890,アドマイヤベガ,1996107396,サンデーレーシング,ノーザンファーム,"1,505.0",2013.0,2002.0,1996.0
2021105491,テリオスルル,牝,田島俊明,,アルアイン,2014106046,ギエム,2014105859,Medaglia d'Oro,000a010a65,鈴木美江子,ノーザンファーム,"1,503.2",2014.0,2014.0,1999.0
2021107172,コヴィーニャ,牡,井上哲,,マインドユアビスケッツ,000a01392e,エミーズスマイル,2004103142,アグネスタキオン,1998101516,鈴木道隆,社台ファーム,"1,502.6",2013.0,2004.0,1998.0
2021101309,ブレイヴアウト,牡,渡邊貴光,,モーニン,2012110091,ダンシングヒロイン,2013105536,トワイニング,000a000006,井手慶祐,小西章,"1,502.0",2012.0,2013.0,1991.0
2021103278,メイショウミリオレ,牝,藤岡健一,,ルーラーシップ,2007103143,メイショウメイゲツ,2012105574,ディープインパクト,2002100816,松本好隆,三嶋牧場,"1,500.0",2007.0,2012.0,2002.0
2021101501,イッセーノーデ,牝,宮路洋一,,ニシケンモノノフ,2011105438,ミンドゥルレ,2000106801,カコイーシーズ,1986109001,松本桂昌,白瀬盛雄,"1,499.5",2011.0,2000.0,1986.0
2021106158,デッドフレイ,牡,鮫島克也,,カレンブラックヒル,2009106230,キュートシルフ,2006104318,キングヘイロー,1995104427,手嶋康雄,協和牧場,"1,494.0",2009.0,2006.0,1995.0
2021105553,デビルシズカチャン,牝,田中一巧,,ベストウォーリア,2010110127,シシリアンブリーズ,2008103302,ゼンノロブロイ,2000101517,各務正人,ノーザンファーム,"1,493.0",2010.0,2008.0,2000.0
2021106510,オソレ,牡,小崎憲,,タニノギムレット,1999100226,シスネ,2010105732,サムライハート,2002100996,龍光,長浜忠,"1,492.4",1999.0,2010.0,2002.0
2021102221,サンライズウェーヴ,牡,玉垣光章,,マジェスティックウォリアー,000a011e9c,コパノレヴィーン,2014106465,ゴールドアリュール,1999106689,ライフハウス,ヤナガワ牧場,"1,491.5",2005.0,2014.0,1999.0
2021102966,マクト,牡,川島正一,,デクラレーションオブウォー,000a0136f6,ウェルノーテッド,2013103588,ドリームジャーニー,2004102753,辻助,辻牧場,"1,490.0",2009.0,2013.0,2004.0
2021102312,ストレイトアスク,牝,藤原英昭,,ロードカナロア,2008103552,ストレイトガール,2009100301,フジキセキ,1992109618,廣崎利洋ＨＤ,ＡＳＫＳＴＵＤ,"1,490.0",2008.0,2009.0,1992.0
2021100187,ニシノクラウン,セ,相沢郁,,リーチザクラウン,2006102923,ニシノテンカラット,2016102375,オルフェーヴル,2008102636,西山茂行,さとう,"1,490.0",2006.0,2016.0,2008.0
2021102420,ナムラブーニン,牡,高橋一哉,,グレーターロンドン,2012101402,パンドラズホープ,2012104790,キングカメハメハ,2001103460,奈村睦弘,坂東牧場,"1,489.0",2012.0,2012.0,2001.0
2021101711,ピコイチ,牡,尾形和幸,,ヘニーヒューズ,000a011155,アヴァール,2011103486,キングカメハメハ,2001103460,石部高史,チャンピオンズファーム,"1,487.0",2003.0,2011.0,2001.0
2021105696,ステイチューンド,牡,飯田良弘,,リオンディーズ,2013105915,パッシフローラ,2009106220,ディープインパクト,2002100816,平田修,ノーザンファーム,"1,485.5",2013.0,2009.0,2002.0
2021103484,エコロカレン,牝,秋山真一,,ロージズインメイ,000a010a10,エレガンテココ,2008103603,ブラックホーク,1994109361,原村正紀,岡田スタッド,"1,485.0",2000.0,2008.0,1994.0
2021100713,アトモスフィア,牡,米谷康秀,,コパノリッキー,2010106548,キララチュール,2006100360,タイキシャトル,1994109686,兼松康太,高昭牧場,"1,484.5",2010.0,2006.0,1994.0
2021104208,ニホンピロホリデー,牝,緒方努,,ニューイヤーズデイ,000a014589,ニホンピロキャット,2006101484,サクラプレジデント,2000102261,小林英一,友田牧場,"1,483.0",2011.0,2006.0,2000.0
2021105594,コールブランド,牡,川野勇馬,,レッドファルクス,2011104416,ジルズパレス,2013110081,Tale of the Cat,000a002276,上岡和男,ノーザンファーム,"1,478.5",2011.0,2013.0,1994.0
2021104376,サブノコイゴコロ,牝,鷹見浩,,トビーズコーナー,000a011fed,サブノハゴロモ,2010105121,アルデバランＩＩ,000a010541,有サブノ,藤沢牧場,"1,477.0",2008.0,2010.0,1998.0
2021102865,カセノルーパス,牡,中尾秀正,,リアルインパクト,2008103244,フミノオリヒメ,2004106720,グラスワンダー,1995108676,平川進,多田善弘,"1,475.0",2008.0,2004.0,1995.0
2021101006,セイショウフジ,牡,米谷康秀,,モーニン,2012110091,エルシェロアスール,2010102325,アドマイヤジャパン,2002102324,岩崎暉男,山下恭茂,"1,475.0",2012.0,2010.0,2002.0
2021105253,ウィップスティッチ,牝,庄野靖志,,スワーヴリチャード,2014106083,メンディド,000a014411,Broken Vow,000a0101a0,社台レースホース,社台ファーム,"1,473.0",2014.0,2013.0,1997.0
2021101550,アベニンスマイル,牡,鈴木啓之,,エスポワールシチー,2005102837,アベニンプラナス,2008106051,サウスヴィグラス,1996110138,（株）マステック,スマイルファーム,"1,472.2",2005.0,2008.0,1996.0
2021103291,アンナバローズ,牝,辻野泰之,,ロジャーバローズ,2016106065,ロック,000a0155fe,Lawman,000a011d55,猪熊広次,三嶋牧場,"1,470.0",2016.0,2016.0,2004.0
2021106832,カルテメトレス,牝,田中守,,サトノクラウン,2012104668,ラフォルジュルネ,2007103007,スペシャルウィーク,1995103211,酒井孝敏,ビッグレッドファーム,"1,465.5",2012.0,2007.0,1995.0
2021100480,アンドゥーラ,牡,櫻井今朝,,ドゥラメンテ,2012104511,アンジュドボヌール,2011100229,タイキシャトル,1994109686,ＪＰＮ技研,明治牧場,"1,465.0",2012.0,2011.0,1994.0
2021104653,ゴールデンロンドン,牡,田村彰啓,,グレーターロンドン,2012101402,ダイメイチャーム,2010103468,シルバーチャーム,000a00227c,吉川真ノ介,池本久志,"1,463.0",2012.0,2010.0,1994.0
2021100845,エスシーヤマト,牝,鮫島克也,,コパノリッキー,2010106548,リアライズキボンヌ,2009102415,アフリート,000a000013,北原大史,高松牧場,"1,463.0",2010.0,2009.0,1984.0
2021110041,ミッドナイトラスタ,牝,加藤征弘,,Night of Thunder,000a013801,Last Pearl,000a01c72f,Sepoy,000a012b5f,ゴドルフィン,Godolphin,"1,461.0",2011.0,2015.0,2008.0
2021102177,ダブルアタック,牡,藤ケ崎一,,ベストウォーリア,2010110127,バトルアンコール,2010106247,フジキセキ,1992109618,鈴木道隆,門別敏朗,"1,460.7",2010.0,2010.0,1992.0
2021104038,ソニックロプロス,牡,加藤士津,,コパノリッキー,2010106548,グレースグランド,2011101943,アドマイヤムーン,2003102991,兼松康太,田中裕之,"1,460.0",2010.0,2011.0,2003.0
2021101118,アルサーフィ,牡,後藤佑耶,,ファインニードル,2013100612,ジョウノローズ,2011100287,キングカメハメハ,2001103460,（株）ＳＫＴ,ヴェルサイユファーム,"1,457.0",2013.0,2011.0,2001.0
2021100572,ポッドマーフィー,牡,茂崎正善,,タリスマニック,000a013425,アンバービーチ,2015104728,ワークフォース,000a011a7f,組）パトリオット,市川ファーム,"1,457.0",2013.0,2015.0,2007.0
2021110016,ミスガリレオアスク,牝,矢作芳人,,Galileo,000a00232b,レッツゴードンキ,2012102095,キングカメハメハ,2001103460,廣崎利洋ＨＤ,Hirosaki Toshihiro HD Co. Ltd,"1,456.1",1998.0,2012.0,2001.0
2021103255,ジャスティンガルフ,牡,茶木太樹,,エピファネイア,2010104155,ポールポジションII,000a0116c0,Pivotal,000a002328,三木正浩,三嶋牧場,"1,455.6",2010.0,2006.0,1993.0
2021103039,ゴーインマイウェイ,牡,矢野英一,,トーセンラー,2008102985,ディアザリアー,2010105013,ワイルドラッシュ,000a0003a1,山藤賢,ディアレストクラブ,"1,453.0",2008.0,2010.0,1994.0
2021101926,ミスマルゴー,牝,佐藤博紀,,コパノリッキー,2010106548,ボムガール,2008106010,アグネスタキオン,1998101516,フォレストレーシング,日高大洋牧場,"1,451.5",2010.0,2008.0,1998.0
2021101846,ユウノワンワン,牝,酒井一則,,ヴィットリオドーロ,2009110009,キスミーダーリン,2014102896,ハーツクライ,2001103038,成富直行,西野春樹,"1,450.9",2009.0,2014.0,2001.0
2021105784,リアルファインド,牡,小笠倫弘,,リアルスティール,2012104889,マトリョーシカ,2011103736,クロフネ,1998110135,吉田勝己,ノーザンファーム,"1,450.0",2012.0,2011.0,1998.0
2021104986,トレイルリッジ,牝,宮下瞳,,ジャスタウェイ,2009106461,オメガインベガス,2010103917,スペシャルウィーク,1995103211,吉田勝利,社台ファーム,"1,450.0",2009.0,2010.0,1995.0
2021104105,ルクスマーベリック,セ,大和田成,,エピファネイア,2010104155,サトノアイリ,2013104464,ステイゴールド,1994108729,ルクス,千代田牧場,"1,450.0",2010.0,2013.0,1994.0
2021104770,フォーディアライフ,セ,矢嶋大樹,,ドレフォン,000a013b82,ディアマイダーリン,2012103979,ハーツクライ,2001103038,Ｇ１レーシング,追分ファーム,"1,449.0",2013.0,2012.0,2001.0
2021110067,ディスタントスカイ,牡,角田晃一,,Uncle Mo,000a011ffb,エリシェヴァ,2013110048,Smart Strike,000a00211c,前田幸治,North Hills Co. Limited,"1,448.0",2008.0,2013.0,1992.0
2021105082,メロディメーカー,牝,松浦聡志,,レッドファルクス,2011104416,スイートメロディー,2013105485,ゴールドアリュール,1999106689,吉田照哉,社台ファーム,"1,447.0",2011.0,2013.0,1999.0
2021101204,ライトピラー,牝,渡瀬寛彰,,コパノリッキー,2010106548,ショウリノウタゲ,2010100331,プリサイスエンド,000a00fe9b,平井裕,川端正博,"1,443.5",2010.0,2010.0,1997.0
2021104362,イーサンハンター,牡,宮地貴稔,,アジアエクスプレス,2011110091,ガンセ,2009104768,クロフネ,1998110135,国本勇,藤川ファーム,"1,443.0",2011.0,2009.0,1998.0
2021106090,スピナッチバイパー,牝,八木仁,,タリスマニック,000a013425,マリントウショウ,2009103935,キャプテンスティーヴ,000a000d9d,馬場剛,大狩部牧場,"1,441.0",2013.0,2009.0,1997.0
2021103901,マーシーラン,牝,渡辺薫彦,,レッドファルクス,2011104416,ラックアサイン,2012103633,ハービンジャー,000a011996,岡村善行,静内ファーム,"1,440.0",2011.0,2012.0,2006.0
2021102203,トレベルオール,牡,辻哲英,,オルフェーヴル,2008102636,トレサンセール,2014105591,Rip Van Winkle,000a012465,ＹＧＧホースクラブ,門別山際牧場,"1,439.8",2008.0,2014.0,2006.0
2021105969,タナバタ,牡,今津博之,,ルーラーシップ,2007103143,フェアリーダンス,2009106296,アグネスタキオン,1998101516,浅野史彦,レイクヴィラファーム,"1,432.8",2007.0,2009.0,1998.0
2021104404,シュークリーム,牝,西村真幸,,ファインニードル,2013100612,スポークスウーマン,000a012805,Invincible Spirit,000a01056d,安原浩司,フジワラファーム,"1,432.2",2013.0,2010.0,1997.0
2021103319,レイアンドダンス,牡,諏訪貴正,,オルフェーヴル,2008102636,レイアンドキス,2013103778,キングカメハメハ,2001103460,（同）スカイラーシス,宮内牧場,"1,431.0",2008.0,2013.0,2001.0
2021105734,ヘインズポイント,牡,高木登,,モーリス,2011100655,フロールデセレッソ,2004103003,スウェプトオーヴァーボード,000a00fa34,サンデーレーシング,ノーザンファーム,"1,430.0",2011.0,2004.0,1997.0
2021104151,カネコメファミリー,牝,中尾秀正,,ホッコータルマエ,2009100921,プロテクトジアース,2006101262,アフリート,000a000013,高岡義久,千代田牧場,"1,428.0",2009.0,2006.0,1984.0
2021101930,ライングッドマン,牡,武藤善則,,シャンハイボビー,000a0127e4,ヤサカオディール,2009104505,メイショウボーラー,2001100650,大澤繁昌,日高大洋牧場,"1,428.0",2010.0,2009.0,2001.0
2021103585,トランジェント,牝,田中正人,,ニューイヤーズデイ,000a014589,カーニバルダクス,2012110119,Bernardini,000a0111fe,桑原一樹,岡田牧場,"1,424.4",2011.0,2012.0,2003.0
2021105099,カンデラリア,牡,新井清重,,エピファネイア,2010104155,セレナビアンカ,2011104451,ジャングルポケット,1998101786,島川利子,社台ファーム,"1,424.0",2010.0,2011.0,1998.0
2021106586,ラブカムーン,牝,千田輝彦,,アドマイヤムーン,2003102991,ラブカーナ,2004100620,オース,000a000d94,増田陽一,新冠橋本牧場,"1,421.0",2003.0,2004.0,1996.0
2021100958,ビッグフラワー,牡,加藤征弘,,ビッグアーサー,2011103328,マリアフィオーレ,2011104286,ハーツクライ,2001103038,丸山担,伏木田牧場,"1,420.0",2011.0,2011.0,2001.0
2021103316,リアルペガサス,牡,大橋勇樹,,ダンカーク,000a012185,ボストンビリーヴ,2010105167,アグネスタキオン,1998101516,水谷光太郎,宮内牧場,"1,419.5",2006.0,2010.0,1998.0
2021102150,カフジテルビウム,牡,松浦裕之,,シニスターミニスター,000a011099,バーレーヘッズ,2008100252,スペシャルウィーク,1995103211,加藤守,目黒牧場,"1,419.0",2003.0,2008.0,1995.0
2021102503,ジョニール,牝,森田直行,,タリスマニック,000a013425,フィメールモナーク,2017106204,ルーラーシップ,2007103143,阿部東亜子,様似共栄牧場,"1,416.0",2013.0,2017.0,2007.0
2021105760,プンタカナ,牝,森澤友貴,,リアルインパクト,2008103244,プンタステラ,000a0124c1,Elusive City,000a01239c,橋元勇氣,ノーザンファーム,"1,414.5",2008.0,2010.0,2000.0
2021104128,カレンタクト,牝,大津剛,,ヘニーヒューズ,000a011155,ダノンパンサー,2015105949,ノヴェリスト,000a012230,飯田貴大,千代田牧場,"1,414.5",2003.0,2015.0,2009.0
2021105763,ビップチェイス,牡,田島俊明,,アルアイン,2014106046,ベッラレイア,2004103040,ナリタトップロード,1996102442,鈴木邦英,ノーザンファーム,"1,412.0",2014.0,2004.0,1996.0
2021102889,シュクメルリ,牡,中西達也,,ダンカーク,000a012185,シェーンフレール,2010104351,Smart Strike,000a00211c,ウエスト．フォレスト．ステイブル,谷川牧場,"1,412.0",2006.0,2010.0,1992.0
2021102709,セッテイロク,牝,竹内正洋,,ダノンレジェンド,2010110102,エスペランサナナ,2011105704,フジキセキ,1992109618,由井健太郎,杵臼牧場,"1,412.0",2010.0,2011.0,1992.0
2021100884,タケルゴールド,牡,加藤征弘,,モーニン,2012110091,ヒシアルコル,2009101220,ダイワメジャー,2001103114,森保彦,中村雅明,"1,410.0",2012.0,2009.0,2001.0
2021105873,シュブロンレーヴル,牝,杉山佳明,,オルフェーヴル,2008102636,ルリエーヴル,2017105598,ロードカナロア,2008103552,篁真一郎,ノーザンレーシング,"1,408.0",2008.0,2017.0,2008.0
2021103739,エリカポラリス,牝,松浦聡志,,エピファネイア,2010104155,ハヤブサペコチャン,2010102624,アグネスタキオン,1998101516,三木正浩,グランド牧場,"1,406.5",2010.0,2010.0,1998.0
2021100765,ミスターダーリン,牡,柏原誠路,,サンダースノー,000a013a06,ティアップアーリー,2011103201,ゴールドアリュール,1999106689,松本光弘,小林正仁,"1,406.5",2014.0,2011.0,1999.0
2021105772,ホウオウバローロ,牡,前川恭子,,ロードカナロア,2008103552,ホウオウパフューム,2014106155,ハーツクライ,2001103038,小笹芳央,ノーザンファーム,"1,404.5",2008.0,2014.0,2001.0
2021100397,サラフォーコン,牝,工藤真司,,アグニシャイン,2014105880,ディープスタイル,2015105554,ディープブリランテ,2009105084,森本敏正,本桐牧場,"1,401.5",2014.0,2015.0,2009.0
2021104614,ムサシジェリーナ,牝,栗田泰昌,,アポロケンタッキー,2012110098,シンハルカジョウ,2003103499,ブラックタキシード,1996107315,武蔵屋ハウス（株）,ハーモニーストックファーム,"1,398.0",2012.0,2003.0,1996.0
2021105322,クレスコサンダー,牡,玉垣光章,,サンダースノー,000a013a06,プライマルスノー,000a015081,Langfuhr,000a0021ab,堀川三郎,青藍牧場,"1,394.0",2014.0,2012.0,1992.0
2021101624,キャンドルマス,牡,小崎憲,,パイロ,000a01176a,アプト,2014102205,アドマイヤムーン,2003102991,ゴドルフィン,ダーレー・ジャパン・ファーム,"1,393.0",2005.0,2014.0,2003.0
2021110139,ガーデンカメリア,牝,佐藤悠太,,American Pharoah,000a012aad,アヴィラロード,000a01be5b,Elusive Quality,000a00231f,ＫＲジャパン,Healthy Wood Co. LTD.,"1,390.0",2012.0,2012.0,1993.0
2021104617,ミスターディジェイ,牡,清水英克,,タリスマニック,000a013425,クリムゾンルージュ,2003103379,エンドスウィープ,000a00010f,ＭＭＣ,リトルブルーファーム,"1,390.0",2013.0,2003.0,1991.0
2021104365,リュウノタブーク,牝,伊坂重信,,オルフェーヴル,2008102636,フレンズ,2010104265,クロフネ,1998110135,蓑島竜一,藤川ファーム,"1,388.9",2008.0,2010.0,1998.0
2021104194,ベルノレイズ,牡,渡辺博文,,シャンハイボビー,000a0127e4,ドナジュディス,2014104863,マンハッタンカフェ,1998101554,酒井千佳,飛野牧場,"1,388.8",2010.0,2014.0,1998.0
2021104999,テトラード,牡,坂口智康,,マインドユアビスケッツ,000a01392e,カラフルマーメイド,2012104189,ハービンジャー,000a011996,Ｇ１レーシング,社台ファーム,"1,385.0",2013.0,2012.0,2006.0
2021103776,ベルメサイア,牝,西村真幸,,ホッコータルマエ,2009100921,ティープラズマ,2013104799,エンパイアメーカー,000a010542,宮崎俊也,ゴールドアップカンパニー,"1,385.0",2009.0,2013.0,2000.0
2021103065,レイドデザート,牡,大根田裕,,マジェスティックウォリアー,000a011e9c,ゴーンクレージー,000a0117da,Gone West,000a001be1,奥裕嗣,富田牧場,"1,385.0",2005.0,2006.0,1984.0
2021106617,クリーゲリン,牝,山中尊徳,,ダイワメジャー,2001103114,エミナ,2002110035,デインヒル,000a0000d1,前田幸大,ノースヒルズ,"1,380.0",2001.0,2002.0,1986.0
2021102844,ノースビクトリー,牝,齊藤敏,,グランプリボス,2008103388,モズフリムカナイデ,2012101803,クロフネ,1998110135,山本茂,高野牧場,"1,379.7",2008.0,2012.0,1998.0
2021101269,クラウンアラビアン,牡,飯田良弘,,アルアイン,2014106046,マーモリー,000a01199a,Tiger Hill,1995190004,サンエツ企画（有）,クラウン日高牧場,"1,379.5",2014.0,2006.0,1995.0
2021102002,スカイライト,牡,打越勇児,,スワーヴリチャード,2014106083,トーコーニーケ,2011100014,キングカメハメハ,2001103460,天堀忠博,藤本直弘,"1,379.0",2014.0,2011.0,2001.0
2021109073,エナアニマル,牡,田中範雄,,アニマルキングダム,000a011dad,プロプライエタリ,2013100643,マンハッタンカフェ,1998101554,宮原廣伸,ワールドファーム,"1,377.0",2008.0,2013.0,1998.0
2021104564,ハクサンツキミテイ,牡,加藤和義,,ハクサンムーン,2009102527,オークヒルズ,2005105604,ブライアンズタイム,000a000082,河崎五市,三木田牧場,"1,374.8",2009.0,2005.0,1985.0
2021101986,デルマヴェーダ,牡,坂本和也,,イスラボニータ,2011103565,デルマサリーチャン,2011100822,ホワイトマズル,1990109700,浅沼まゆみ,ファニーヒルファーム,"1,374.6",2011.0,2011.0,1990.0
2021105687,オーサムユニバンス,牡,平田修,,レイデオロ,2014106201,ハッピーユニバンス,2012104512,ジャングルポケット,1998101786,亀井哲也,ノーザンファーム,"1,370.0",2014.0,2012.0,1998.0
2021103493,イリスアスール,牝,角田晃一,,イスラボニータ,2011103565,クイックメール,2006100870,タイキシャトル,1994109686,ノルマンディーサラブレッドレーシング,岡田スタッド,"1,370.0",2011.0,2006.0,1994.0
2021105142,ヴィアダクト,牡,西川敏弘,,ドレフォン,000a013b82,トゥールエッフェル,2013105705,フレンチデピュティ,000a00013a,神岡俊行,社台ファーム,"1,369.0",2013.0,2013.0,1992.0
2021104062,ワールドエンパイア,牡,蛯名雄太,,ワールドエース,2009106353,ポッドフィズ,2012109114,エンパイアメーカー,000a010542,下川欣一,谷岡スタット,"1,368.9",2009.0,2012.0,2000.0
2021103575,アイスリンディ,牝,田中力,,カリフォルニアクローム,000a012602,アイスメアー,2008100857,サウスヴィグラス,1996110138,村上憲政,岡田牧場,"1,366.0",2011.0,2008.0,1996.0
2021105488,アトロルーベンス,牝,高野友和,,リアルスティール,2012104889,キングスローズ,000a012169,Redoute's Choice,000a00fe93,吉田勝己,ノーザンファーム,"1,365.2",2012.0,2007.0,1996.0
2021103262,メイショウゴーフル,牝,高橋亮,,ブラックタイド,2001103312,メイショウエクレール,000a014480,Le Havre,000a01198f,松本好隆,三嶋牧場,"1,364.4",2001.0,2016.0,2006.0
2021104963,コーラルムーン,牝,坂口義幸,,キタサンブラック,2012102013,ウェイクアップマギー,000a01179a,ザール,000a010990,服部康夫,社台ファーム,"1,363.0",2012.0,2003.0,1995.0
2021103217,ジョセフィーナ,牝,今野貞一,,オルフェーヴル,2008102636,アメリカンドミンゴ,2015110029,Scat Daddy,000a0114fe,吉澤ホールディングス,三嶋牧場,"1,361.0",2008.0,2015.0,2004.0
2021106005,タロサンダー,牡,小久保智,,サンダースノー,000a013a06,ジョジョニー,2015100033,ゴールドアリュール,1999106689,高岡浩行,アサヒ牧場,"1,359.0",2014.0,2015.0,1999.0
2021101459,ユイノコミチ,牡,千葉博次,,リオンディーズ,2013105915,ローマンブリッジ,2005103174,ブライアンズタイム,000a000082,南新宿商事（株）,下河辺牧場,"1,358.6",2013.0,2005.0,1985.0
2021101191,ビービーゼニット,牡,稲益貴弘,,ストロングリターン,2006102934,リーガルアミューズ,2005104016,アグネスタキオン,1998101516,坂東勝彦,賀張三浦牧場,"1,356.5",2006.0,2005.0,1998.0
2021110059,エリカマルゲリータ,牝,森澤友貴,,War Front,000a011d00,Deceptive Vision,000a01d0d4,A.P. Indy,000a001d37,三木正浩,Hill N Dale Equine Holdings Inc. & Spry Family Farm LP,"1,356.0",2002.0,2010.0,1989.0
2021105577,ダイヤモンドレイン,牝,宮地貴稔,,サトノダイヤモンド,2013106101,シーウィルレイン,000a014389,Manhattan Rain,000a013e2c,サンデーレーシング,ノーザンファーム,"1,355.0",2013.0,2014.0,2006.0
2021103813,ソルベット,牝,真島大輔,,オルフェーヴル,2008102636,モルフェキイ,2006106816,モルフェデスペクタ,1998110056,（株）エスティ,坂本智広,"1,352.5",2008.0,2006.0,1998.0
2021100166,ロードレイナード,牡,斎藤誠,,レイデオロ,2014106201,ポプラ,2015102379,Frankel,000a01239b,ロードホースクラブ,ケイアイファーム,"1,350.0",2014.0,2015.0,2008.0
2021100305,スティックバイミー,牝,伊藤大士,,ルーラーシップ,2007103143,モルトフェリーチェ,2009106047,ディープインパクト,2002100816,ニッシンホールディングス,中田英樹,"1,349.0",2007.0,2009.0,2002.0
2021101799,ファイナルハート,牡,林正人,,ニシケンモノノフ,2011105438,プッシュ,2008105851,ネオユニヴァース,2000101426,（有）太盛,道見牧場,"1,348.5",2011.0,2008.0,2000.0
2021105710,エクサビット,牝,萩原清,,ドレフォン,000a013b82,ビットレート,2012104690,スペシャルウィーク,1995103211,キャロットファーム,ノーザンファーム,"1,348.0",2013.0,2012.0,1995.0
2021101725,リリーズブルーム,牝,保利良平,,ブリックスアンドモルタル,000a014377,キングスミール,2001103376,Theatrical,000a001bed,ＹＧＧホースクラブ,チャンピオンズファーム,"1,347.5",2014.0,2001.0,1982.0
2021103622,シスターアクト,牝,中川雅之,,アポロケンタッキー,2012110098,エヴリホープ,2012100281,Mineshaft,000a010545,鈴木剛史,小倉光博,"1,346.7",2012.0,2012.0,1999.0
2021105902,ココシャンパーニュ,牝,山田徹,,ビッグアーサー,2011103328,ロゼシャンパーニュ,2009106078,ゼンノロブロイ,2000101517,大塚亮一（株）,ノーザンファーム,"1,346.5",2011.0,2009.0,2000.0
2021107309,フォースゲイト,牡,山崎裕也,,トゥザワールド,2011103975,ピサノロマン,2001103845,コマンダーインチーフ,000a0000b0,嶋田武彦,安達牧場,"1,345.5",2011.0,2001.0,1990.0
2021105455,アルマーザアミール,牡,斉藤崇史,,サトノダイヤモンド,2013106101,オーサムフェザー,000a0124d0,Awesome of Course,000a0123ea,早野誠,ノーザンファーム,"1,345.0",2013.0,2008.0,2000.0
2021100822,ヤプシ,牡,佐々木仁,,マジェスティックウォリアー,000a011e9c,パールイアリング,2009101170,スペシャルウィーク,1995103211,三河辰已,大北牧場,"1,344.5",2005.0,2009.0,1995.0
2021106229,リュウワンカノア,牡,鷹見浩,,ルックスザットキル,2012110078,リュウワンティアラ,2009100008,スキャン,000a000d69,門脇竜一,今野活博,"1,343.8",2012.0,2009.0,1988.0
2021105729,ミッキーストライク,牡,田中守,,ドゥラメンテ,2012104511,フォンタネリーチェ,000a012e2c,Vale of York,000a012e08,酒井千佳,ノーザンファーム,"1,343.0",2012.0,2012.0,2007.0
2021102710,エピファドール,牝,古澤悟,,エピファネイア,2010104155,エルパンドール,2013101846,ネオユニヴァース,2000101426,（有）杵臼牧場,杵臼牧場,"1,343.0",2010.0,2013.0,2000.0
2021109113,アベベ,牡,根本康広,,コパノリッキー,2010106548,ジョウノボレロ,2002105930,ブライアンズタイム,000a000082,三岡陽,ストームファームコーポレーション,"1,341.0",2010.0,2002.0,1985.0
2021101098,ラブリーサイン,牝,川西毅,,エピファネイア,2010104155,エスコルピオン,2011100064,ダンスインザダーク,1993109188,斉藤直信,いとう牧場,"1,337.0",2010.0,2011.0,1993.0
2021103878,ジャンビ,牝,勢司和浩,,スクリーンヒーロー,2004103328,グローバルフェイム,2015105709,クロフネ,1998110135,成富直行,静内白井牧場,"1,331.9",2004.0,2015.0,1998.0
2021109123,ユメカナウケン,牝,荒木道哉,,トゥザワールド,2011103975,ソフィアルージュ,2003102310,クロフネ,1998110135,本口博康,本田土寿,"1,331.4",2011.0,2003.0,1998.0
2021102991,レガッタ,牡,昆貢,,デクラレーションオブウォー,000a0136f6,スリーベラミ,2010102671,ディープインパクト,2002100816,寺田寿男,辻牧場,"1,330.5",2009.0,2010.0,2002.0
2021100574,アオイメルスイ,牝,山口浩幸,,サトノダイヤモンド,2013106101,シルクリバー,2013105202,タニノギムレット,1999100226,蓑島竜一,市川ファーム,"1,330.4",2013.0,2013.0,1999.0
2021103207,メイショウヨシノ,牝,荒川義之,,ダノンレジェンド,2010110102,ピエナサクラ,2010105126,アグネスタキオン,1998101516,松本好雄,まるとみ冨岡牧場,"1,330.0",2010.0,2010.0,1998.0
2021103552,イスラアズール,セ,尾原強,,イスラボニータ,2011103565,ラズールリッキー,2013104026,スタチューオブリバティ,000a0109d5,山下壽,岡田スタッド,"1,329.5",2011.0,2013.0,2000.0
2021105681,カラリパヤット,牡,内田勝義,,ロードカナロア,2008103552,ドントテルソフィア,000a012f09,Congaree,000a011591,金子真人,ノーザンファーム,"1,327.0",2008.0,2008.0,1998.0
2021102160,テイエムデンセツ,牡,平山宏秀,,ダノンレジェンド,2010110102,ポレモス,2008104809,アグネスタキオン,1998101516,竹園正繼,モリナガファーム,"1,326.0",2010.0,2008.0,1998.0
2021107083,ビステル,牡,西川敏弘,,レッドファルクス,2011104416,ベルクシュタイゲン,2017106184,エスケンデレヤ,000a012cc0,小林克己,メイタイファーム,"1,325.0",2011.0,2017.0,2007.0
2021110151,レゲエビーチ,牡,荒山勝徳,,Omaha Beach,000a014577,Reggae Rose,000a01f367,Touch Gold,000a0022cd,林正道,Nursery Place Donaldson Broadbent,"1,322.0",2016.0,2006.0,1994.0
2021103763,カナールショウヘイ,牡,佐々木仁,,ダブルスター,2009103518,ワイルドイマージュ,2006100940,ワイルドラッシュ,000a0003a1,小松芳子,グランド牧場,"1,322.0",2009.0,2006.0,1994.0
2021103052,サニイアール,牝,藤川純,,イスラボニータ,2011103565,フィンランディア,000a011a53,シングスピール,1992190005,大塚亮一（株）,ディアレストクラブ,"1,322.0",2011.0,2006.0,1992.0
2021105448,アンモード,牡,永島太郎,,ドレフォン,000a013b82,エレガントマナー,2006103297,シンボリクリスエス,1999110099,福原俊晴,ノーザンファーム,"1,320.2",2013.0,2006.0,1999.0
2021110005,ローリーグローリー,牝,蛯名正義,,Justify,000a013f2d,Roly Poly,000a013b2a,War Front,000a011d00,インゼルレーシング,Orpendale Chelston & Wynatt,"1,320.0",2015.0,2014.0,2002.0
2021109125,ブリッツクリーク,牡,北出成人,,デクラレーションオブウォー,000a0136f6,デンコウブルー,2006103553,キングカメハメハ,2001103460,ノルマンディーサラブレッドレーシング,本田土寿,"1,320.0",2009.0,2006.0,2001.0
2021101518,ハリウッドスマイル,牝,中川雅之,,ダノンレジェンド,2010110102,ロマンチック,2010101688,サウスヴィグラス,1996110138,（有）新生ファーム,新生ファーム,"1,316.5",2010.0,2010.0,1996.0
2021102893,ティーズエナジー,牝,嶋田幸晴,,インカンテーション,2010104916,ティーズアライズ,2012105214,ワイルドラッシュ,000a0003a1,立山伸二,谷川牧場,"1,316.1",2010.0,2012.0,1994.0
2021106574,マグナレガリア,牡,相沢郁,,レイデオロ,2014106201,デライトポイント,2003101290,トウカイテイオー,1988101025,ヒダカ・ブリーダーズ・ユニオン,新冠橋本牧場,"1,315.0",2014.0,2003.0,1988.0
2021103617,ファッシネイトパイ,牡,高馬元紘,,パイロ,000a01176a,ケイティローレル,2006100519,サクラローレル,1991103498,藤田岳彦,岡野牧場,"1,315.0",2005.0,2006.0,1991.0
2021100617,ウォータープイプイ,牝,岡田稲男,,ジャスタウェイ,2009106461,ブルーボンボヤージ,2010101960,Medaglia d'Oro,000a010a65,山岡正人,大島牧場,"1,315.0",2009.0,2010.0,1999.0
2021106209,プレジール,牡,嘉藤貴行,,ロージズインメイ,000a010a10,オメガラヴィータ,2010103713,ジャングルポケット,1998101786,コスモヴューファーム,コスモヴューファーム,"1,314.0",2000.0,2010.0,1998.0
2021106840,パーセルペーパー,牡,和田雄二,,ロージズインメイ,000a010a10,ビジュティエ,2016100761,オルフェーヴル,2008102636,ブルースターズファーム,ブルースターズファーム,"1,313.0",2000.0,2016.0,2008.0
2021100813,アメリアハート,牝,高月賢一,,ダノンレジェンド,2010110102,エーシンウェンディ,2010102342,ネオユニヴァース,2000101426,小濱正智,大北牧場,"1,313.0",2010.0,2010.0,2000.0
2021107278,ユーヴェリア,牝,宮本博,,オルフェーヴル,2008102636,ミラクルベリー,2008103019,ファルブラヴ,1998190004,京都ホースレーシング,浜本牧場,"1,310.5",2008.0,2008.0,1998.0
2021105862,フェリーニ,セ,橋口慎介,,ドレフォン,000a013b82,リミニ,2014106143,ディープインパクト,2002100816,ライオンレースホース,ノーザンファーム,"1,310.0",2013.0,2014.0,2002.0
2021103257,チャコール,牝,矢野英一,,シルバーステート,2013105903,マリエット,2015103352,Uncle Mo,000a011ffb,落合幸弘,三嶋牧場,"1,310.0",2013.0,2015.0,2008.0
2021102498,ディアスポラ,牡,田中剛,,マジェスティックウォリアー,000a011e9c,ウエバフラッシュ,2012103847,ダイワメジャー,2001103114,加藤誠,様似共栄牧場,"1,310.0",2005.0,2012.0,2001.0
2021102592,スピークイージー,牡,新井清重,,ダンカーク,000a012185,マインツ,2012105416,ジャイアントレッカー,000a01151b,村上稔,浦河小林牧場,"1,308.0",2006.0,2012.0,2002.0
2021102277,ポトマックテソーロ,牝,嘉藤貴行,,スワーヴリチャード,2014106083,チェストケリリー,2013110099,Scat Daddy,000a0114fe,了徳寺健二ホールディングス,リョーケンファーム,"1,308.0",2014.0,2013.0,2004.0
2021106264,デュアルロンド,牡,岩崎真樹,,カレンブラックヒル,2009106230,スカイワード,2004104022,ティンバーカントリー,000a00035e,坂田栄一,サンローゼン,"1,306.1",2009.0,2004.0,1992.0
2021103943,クインズセレネ,牝,野中賢二,,キンシャサノキセキ,2003110212,ターフデザイナー,2011110066,Unbridled's Song,000a002071,ケイアイスタリオン,静内山田牧場,"1,304.0",2003.0,2011.0,1993.0
2021101041,トモジャシャトー,牡,小笠倫弘,,デクラレーションオブウォー,000a0136f6,ジーニマジック,2010100157,ダイワメジャー,2001103114,吉冨学,天羽牧場,"1,303.0",2009.0,2010.0,2001.0
2021100798,リケアヴェール,牡,大塚信次,,スノードラゴン,2008104268,ジュシラ,2006102936,ネオユニヴァース,2000101426,大黒富美子,鮫川ファーム,"1,302.0",2008.0,2006.0,2000.0
2021110057,ボディブロー,牡,森秀行,,City of Light,000a014375,Race to Urga,000a0139bb,Bernstein,000a010bae,キーファーズ,Castleton Lyons and Kilboy Estate,"1,301.4",2014.0,2008.0,1997.0
2021101605,エルプロフェッサー,牝,佐々木由,,トーホウジャッカル,2011100482,トーホウディアーナ,2015101173,ノヴェリスト,000a012230,大黒富美子,竹島幸治,"1,301.0",2011.0,2015.0,2009.0
2021104270,ワセダノオトコ,牡,笹田和秀,,ロジャーバローズ,2016106065,ミカルベウス,2011104355,スウェプトオーヴァーボード,000a00fa34,酒井孝敏,野坂牧場,"1,300.0",2016.0,2011.0,1997.0
2021101932,ラインフォルテ,牡,池田忠好,,キタサンブラック,2012102013,ラインアンジュ,2008105997,Rockport Harbor,000a0111ff,大澤繁昌,日高大洋牧場,"1,299.8",2012.0,2008.0,2002.0
2021105193,マイフォーエバー,牡,藤ケ崎一,,ブリックスアンドモルタル,000a014377,フォーエバーマーク,2008103048,ファルブラヴ,1998190004,鈴木重夫,社台ファーム,"1,299.1",2014.0,2008.0,1998.0
2021101633,ポイントフォワード,セ,田中譲二,,ファインニードル,2013100612,エヴァモア,000a0127f6,Dansili,000a010a5f,西岡透,ダーレー・ジャパン・ファーム,"1,298.5",2013.0,2010.0,1996.0
2021103918,アツキヤマト,牡,小西一男,,マルターズアポジー,2012100939,メルティーキス,2009103646,ブライアンズタイム,000a000082,鈴木正浩,静内フジカワ牧場,"1,294.0",2012.0,2009.0,1985.0
2021102014,インテンシーヴォ,牡,保利良平,,フリオーソ,2004106867,タントタント,2011106042,シニスターミニスター,000a011099,福原聡,藤本ファーム,"1,293.0",2004.0,2011.0,2003.0
2021106942,レイム,牝,高橋康之,,トランセンド,2006104736,ミコノキセキ,2016106160,キンシャサノキセキ,2003110212,ローレルレーシング,松木加代,"1,290.5",2006.0,2016.0,2003.0
2021107351,ゴールデンチップス,牝,須貝尚介,,エピファネイア,2010104155,クォリティシーズン,2008103847,トワイニング,000a000006,吉田照哉,社台ファーム,"1,290.0",2010.0,2008.0,1991.0
2021106540,タガノエクレール,牝,西園翔太,,サンダースノー,000a013a06,スペシャルディナー,2005107041,スペシャルウィーク,1995103211,八木良司,新冠タガノファーム,"1,290.0",2014.0,2005.0,1995.0
2021104738,マシュー,牡,小久保智,,ジャスタウェイ,2009106461,ローザデルドバイ,000a0142a6,Dubai Destination,000a010a60,島川隆哉,エスティファーム,"1,290.0",2009.0,2005.0,1999.0
2021100456,レグノ,牡,佐藤博紀,,マクフィ,000a011c77,ハートフル,000a013e7e,Shamardal,000a010c92,ターフライズ,三石川上牧場,"1,289.0",2007.0,2013.0,2002.0
2021100403,ランドプラネット,牡,矢野義幸,,エスポワールシチー,2005102837,ハロウィンパレード,2007105542,アグネスデジタル,1997110025,木村昌三,本桐牧場,"1,285.5",2005.0,2007.0,1997.0
2021107049,ライトヴェール,牝,角川秀樹,,ヘニーヒューズ,000a011155,クラシックス,2013102089,キングヘイロー,1995104427,ユートピア牧場,村田牧場,"1,282.8",2003.0,2013.0,1995.0
2021106844,マイネルオデーサ,牡,赤嶺本浩,,キズナ,2010105827,マイネグレヴィル,2011105245,ブライアンズタイム,000a000082,豊島愛子,ブルースターズファーム,"1,282.0",2010.0,2011.0,1985.0
2021101414,ベルファスト,牝,今野貞一,,ダイワメジャー,2001103114,タミーン,000a0120ff,Shirocco,000a010db9,ＤＭＭドリームクラブ,下河辺牧場,"1,281.0",2001.0,2008.0,2001.0
2021101000,ミヤギシリウス,牝,畠山信一,,アニマルキングダム,000a011dad,ハートオブスワロー,2014104044,ハーツクライ,2001103038,鈴木雅俊,村下農場,"1,280.1",2008.0,2014.0,2001.0
2021102952,オベイユアマスター,セ,昆貢,,アジアエクスプレス,2011110091,ティノ,2013105694,キンシャサノキセキ,2003110212,赤阪治恒,チェスナットファーム,"1,280.0",2011.0,2013.0,2003.0
2021100535,スピニングガール,牝,森下淳平,,ニューイヤーズデイ,000a014589,セラミックガール,2010104017,ダイワメジャー,2001103114,山口裕介,山野牧場,"1,280.0",2011.0,2010.0,2001.0
2021105956,ロンドンアームズ,牝,伊坂重信,,グレーターロンドン,2012101402,エンブレマータ,2012104547,ウォーエンブレム,000a00fa35,窪田芳郎,レイクヴィラファーム,"1,277.2",2012.0,2012.0,1999.0
2021105519,フェロニエール,牝,高野友和,,ドゥラメンテ,2012104511,ココシュニック,2005102526,クロフネ,1998110135,キャロットファーム,ノーザンファーム,"1,273.0",2012.0,2005.0,1998.0
2021103119,ニシノアヤカゼ,牝,鈴木伸尋,,ロゴタイプ,2010103783,ニシノミナミカゼ,2013102911,ファルブラヴ,1998190004,西山茂行,日進牧場,"1,271.0",2010.0,2013.0,1998.0
2021106262,ベルガラス,牡,齊藤敏,,トゥザワールド,2011103975,コロニアルディーバ,2003100958,コロニアルアッフェアー,000a0000ae,杉浦和也,サンローゼン,"1,270.5",2011.0,2003.0,1990.0
2021101411,ミナックシアター,牝,土屋洋之,,ビッグアーサー,2011103328,スペシャルピース,2008105562,スペシャルウィーク,1995103211,下河辺牧場,下河辺牧場,"1,269.0",2011.0,2008.0,1995.0
2021101798,ミヤギヴァリアント,牡,菅原勲,,モーニン,2012110091,ナトゥーラ,2010100303,フジキセキ,1992109618,鈴木雅俊,道見牧場,"1,268.8",2012.0,2010.0,1992.0
2021100034,カタルシス,牡,山崎尋美,,フリオーソ,2004106867,エレガントフラッグ,2005102285,ダンスインザダーク,1993109188,高瀬真尚,沖田忠幸,"1,266.0",2004.0,2005.0,1993.0
2021101231,ショウナンナツゾラ,牝,平和人,,ショウナンバッハ,2011106394,ショウナンマハ,2008105068,タイキシャトル,1994109686,酒井孝敏,木村牧場,"1,265.3",2011.0,2008.0,1994.0
2021106576,アレアラミア,牡,森下淳平,,ワールドエース,2009106353,バシマー,2003110159,Grand Lodge,000a001f34,吉田勝己,新冠橋本牧場,"1,265.0",2009.0,2003.0,1991.0
2021110154,ヒテン,牝,小久保智,,Practical Joke,000a0139d1,Crescent Moon,000a013cf0,Seeking the Gold,000a001bea,（有）ビッグレッドフ,Camas Park Stud,"1,263.0",2014.0,2003.0,1985.0
2021104834,マサレエトワール,牝,安田翔伍,,Mendelssohn,000a014f32,ヴァイブランス,000a01a8e9,Violence,000a013951,社台レースホース,社台コーポレーション白老ファーム,"1,263.0",2015.0,2016.0,2010.0
2021106566,ヘニーズネフュー,牡,鈴木義久,,キズナ,2010105827,クローバーナイト,000a013928,Henrythenavigator,000a0116fd,須山悟至,新冠橋本牧場,"1,261.5",2010.0,2013.0,2005.0
2021104627,モズマサニャン,牡,榎屋充,,Lonhro,000a011187,アガラデイ,000a019463,Munnings,000a0123f6,吉田哲,アスラン,"1,260.6",1998.0,2012.0,2006.0
2021103434,ビッティンキバラ,牡,佐野謙二,,マジェスティックウォリアー,000a011e9c,ロードナイト,2009103245,ジャングルポケット,1998101786,是枝浩平,石川牧場,"1,260.0",2005.0,2009.0,1998.0
2021101356,マコタイガ,牡,小野次郎,,アドミラブル,2014105979,ノボキャビア,2011103169,ノボジャック,1997110152,矢野琢也,サンバマウンテンファーム,"1,260.0",2014.0,2011.0,1997.0
2021100331,エイシンコソンテ,牝,笹野博司,,エイシンヒカリ,2011101273,エーシンリジル,2007101298,フレンチデピュティ,000a00013a,平井克彦,信田牧場,"1,256.5",2011.0,2007.0,1992.0
2021104101,タイセイブロウ,牡,平田修,,キンシャサノキセキ,2003110212,ギブユースマイル,2015105925,エンパイアメーカー,000a010542,田中成奉,千代田牧場,"1,254.0",2003.0,2015.0,2000.0
2021107279,トクシージェネラル,牡,辻哲英,,Omaha Beach,000a014577,ラッキーナンバー,000a01b7e5,Smart Strike,000a00211c,ＡＩレーシング,浜本牧場,"1,253.0",2016.0,2012.0,1992.0
2021106681,ラルンエベール,牝,田島俊明,,サトノダイヤモンド,2013106101,ライラムーン,2013106127,キングカメハメハ,2001103460,ヒダカ・ブリーダーズ・ユニオン,ハクレイファーム,"1,253.0",2013.0,2013.0,2001.0
2021107338,ジャガーバローズ,牡,福永敏,,パイロ,000a01176a,ペニーホイッスル,2002100788,サンデーサイレンス,000a00033a,猪熊広次,若林順一,"1,251.0",2005.0,2002.0,1986.0
2021100786,ゲーベル,牡,渡辺薫彦,,ミッキーアイル,2011103916,ハイノリッジ,2011103212,マンハッタンカフェ,1998101554,カナヤマホールディングス,鮫川啓一,"1,249.0",2011.0,2011.0,1998.0
2021101682,ギルティプレジャー,牝,寺島良,,Dark Angel,000a0122b4,パテントジョイ,000a01a5ed,Pivotal,000a002328,ゴドルフィン,ダーレー・ジャパン・ファーム,"1,248.0",2005.0,2011.0,1993.0
2021105524,ダイクロアイト,牡,萩原清,,ルーラーシップ,2007103143,コーディエライト,2015104875,ダイワメジャー,2001103114,Ｇ１レーシング,ノーザンファーム,"1,246.0",2007.0,2015.0,2001.0
2021106080,ミスティライラック,牡,安部幸夫,,モーニン,2012110091,スノードロップ,2010103247,クロフネ,1998110135,山口敦広,大狩部牧場,"1,244.5",2012.0,2010.0,1998.0
2021103301,ミラクルジニア,牡,粕谷昌央,,ダンカーク,000a012185,キセキノハナ,2009100812,ネオユニヴァース,2000101426,ヒダカ・ブリーダーズ・ユニオン,宮内牧場,"1,244.0",2006.0,2009.0,2000.0
2021106057,タニセンドリーム,牡,加藤士津,,マジェスティックウォリアー,000a011e9c,テメノス,2016104281,ハーツクライ,2001103038,染谷幸雄,イワミ牧場,"1,240.0",2005.0,2016.0,2001.0
2021105493,エルサビオ,牡,中内田充,,レイデオロ,2014106201,ギーニョ,2003102952,サンデーサイレンス,000a00033a,キャロットファーム,ノーザンファーム,"1,240.0",2014.0,2003.0,1986.0
2021105480,ガルデルクラージュ,牡,武英智,,ルーラーシップ,2007103143,ガルデルスリール,2011103993,ダイワメジャー,2001103114,シルクレーシング,ノーザンファーム,"1,240.0",2007.0,2011.0,2001.0
2021105329,カーマンライン,セ,小島茂之,,ネオユニヴァース,2000101426,トーコーディオーネ,2013106233,エンパイアメーカー,000a010542,ノルマンディーサラブレッドレーシング,ゼットステーブル,"1,240.0",2000.0,2013.0,2000.0
2021101090,ペイシャコパ,牝,田中正人,,コパノリッキー,2010106548,レッツグルーヴ,2010103877,フレンチデピュティ,000a00013a,北所拓也,荒井ファーム,"1,240.0",2010.0,2010.0,1992.0
2021107047,キタサンシデン,牡,稲益貴弘,,キタサンブラック,2012102013,キタサンハルカゼ,2013102082,マヤノトップガン,1992102988,大野商事,村田牧場,"1,238.0",2012.0,2013.0,1992.0
2021100637,ジェットブレイク,牡,小久保智,,ヘンリーバローズ,2015104813,ビビットオレンジ,2017106211,ルーラーシップ,2007103143,ＨｉｍＲｏｃｋＲａｃｉｎｇホールディングス,カケハムポニークラブ,"1,238.0",2015.0,2017.0,2007.0
2021105668,バスターコール,セ,田村康仁,,ルーラーシップ,2007103143,デグラーティア,2006109086,フジキセキ,1992109618,サンデーレーシング,ノーザンファーム,"1,237.0",2007.0,2006.0,1992.0
2021100947,ニシノフィアンス,牡,竹内正洋,,サトノダイヤモンド,2013106101,ニシノラヴコール,2015101782,ルーラーシップ,2007103143,西山茂行,フクオカファーム,"1,237.0",2013.0,2015.0,2007.0
2021100523,ファーマティアーズ,牝,須田和伸,,ルーラーシップ,2007103143,セラフィーヌ,2007102813,ネオユニヴァース,2000101426,中西功,山際牧場,"1,235.0",2007.0,2007.0,2000.0
2021106115,ミライヘノシンゲキ,牡,新田守,,サンダースノー,000a013a06,アローシルバー,2012101328,スペシャルウィーク,1995103211,高橋昇市,柏木一則,"1,234.4",2014.0,2012.0,1995.0
2021100477,スティールドリーム,牡,角川秀樹,,モーニン,2012110091,タムロドリーム,2016102212,ジャスタウェイ,2009106461,菅野守雄,村上牧場,"1,234.3",2012.0,2016.0,2009.0
2021104891,オールデュスヴラン,セ,西村真幸,,ルーラーシップ,2007103143,デルニエオール,2015104170,ステイゴールド,1994108729,サンデーレーシング,社台コーポレーション白老ファーム,"1,234.0",2007.0,2015.0,1994.0
2021102963,フタバ,牝,鈴木義久,,マインドユアビスケッツ,000a01392e,アミスターミノル,2015106171,サウスヴィグラス,1996110138,須山悟至,辻牧場,"1,232.8",2013.0,2015.0,1996.0
2021106730,スタビライザー,牡,長南和宏,,ワールドエース,2009106353,スカラムーシュ,2007104840,キングカメハメハ,2001103460,大嶋晃一,パカパカファーム,"1,232.7",2009.0,2007.0,2001.0
2021103591,ベルベストランナー,牡,千葉幸喜,,リアルインパクト,2008103244,スイートレッドキャット,000a012efa,Bluegrass Cat,000a01173d,熊谷貴之,岡田牧場,"1,231.3",2008.0,2010.0,2003.0
2021104673,ダディーズアイル,牡,千田輝彦,,ミッキーアイル,2011103916,ケイディーズネイル,2015100490,ダノンシャンティ,2007105709,田島大史,上水牧場,"1,230.0",2011.0,2015.0,2007.0
2021102456,ハンデンカイザー,牡,打越勇児,,ディスクリートキャット,000a0113a1,ハタノディアマンテ,2015101255,エンパイアメーカー,000a010542,坂田行夫,船越伸也,"1,228.0",2003.0,2015.0,2000.0
2021106665,ドウザン,牡,高月賢一,,スクリーンヒーロー,2004103328,セシャト,2013100560,アドマイヤムーン,2003102991,（株）ＢＺＨＯＬＤＩ,ハクツ牧場,"1,227.5",2004.0,2013.0,2003.0
2021106303,ゴールドソニック,牡,鹿沼良和,,トゥザワールド,2011103975,バーラプレッタ,2004100377,Grand Slam,000a0022b9,厚澤保明,須崎牧場,"1,227.5",2011.0,2004.0,1995.0
2021101210,ジェンマ,牡,川野勇馬,,キングリオ,2012104539,チェス,2014101816,フリオーソ,2004106867,諸岡慶,北田剛,"1,223.5",2012.0,2014.0,2004.0
2021106745,オングライドパス,牝,河津裕昭,,コパノリッキー,2010106548,エーシンマリポーサ,2004110077,Pulpit,000a002133,色川曉郎,ヒカル牧場,"1,221.0",2010.0,2004.0,1994.0
2021100104,ダイシンバースディ,牡,戸田博文,,マインドユアビスケッツ,000a01392e,スルージエアー,2006103400,ダンスインザダーク,1993109188,大八木信行,木下牧場,"1,221.0",2013.0,2006.0,1993.0
2021105694,ホウオウペトリュス,牝,須貝尚介,,スワーヴリチャード,2014106083,パシオンルージュ,2008100959,ボストンハーバー,000a00007c,小笹芳央,ノーザンファーム,"1,220.0",2014.0,2008.0,1994.0
2021100360,カラーオブジアース,牡,森下淳平,,キズナ,2010105827,アマルフィターナ,2007103340,シンボリクリスエス,1999110099,（株）ヘルシーウッド,平野牧場,"1,218.0",2010.0,2007.0,1999.0
2021105563,シャドフ,牝,庄野靖志,,スワーヴリチャード,2014106083,シャンブルドット,2016110112,Lope de Vega,000a012919,ケイズジャパン,ノーザンファーム,"1,216.0",2014.0,2016.0,2007.0
2021100526,ピリー,牝,福永敏,,スクリーンヒーロー,2004103328,ミルクトーレル,2004101627,ダンスインザダーク,1993109188,中辻明,山際牧場,"1,216.0",2004.0,2004.0,1993.0
2021103283,ペロ,牡,小西一男,,シルバーステート,2013105903,ラッシュカッター,000a0116e1,Red Ransom,000a001c68,天野克彦,三嶋牧場,"1,215.0",2013.0,2006.0,1987.0
2021100236,デアパーディタ,牝,北村欣也,,リオンディーズ,2013105915,ママアルパ,2011103790,タニノギムレット,1999100226,桑原一樹,タガミファーム,"1,214.0",2013.0,2011.0,1999.0
2021101637,エンジェルスノー,牝,榎屋充,,サンダースノー,000a013a06,エンジェヌー,2011100552,コマンズ,000a011625,朝比奈鉄工所（株）,ダーレー・ジャパン・ファーム,"1,212.8",2014.0,2011.0,1996.0
2021101495,エムティイーグル,牡,佐藤茂,,フリオーソ,2004106867,アップサージ,2017106565,パイロ,000a01176a,（株）門別牧場,白瀬盛雄,"1,211.6",2004.0,2017.0,2005.0
2021105449,コンテソレーラ,牝,手塚貴久,,リアルスティール,2012104889,エレクトラム,000a0137fb,High Chaparral,000a010270,インゼルレーシング,ノーザンファーム,"1,210.0",2012.0,2011.0,1999.0
2021104478,ピヴォタルプレイ,牡,佐藤裕太,,アポロキングダム,2003110139,ポエティックターン,2010100714,Pivotal,000a002328,レックス,へいはた牧場,"1,208.5",2003.0,2010.0,1993.0
2021103845,ニホンピロゴルディ,牡,安達昭夫,,ゴールドシップ,2009102739,ニホンピロヘーゼル,2013104602,カジノドライヴ,2005110112,小林英一,佐竹学,"1,208.0",2009.0,2013.0,2005.0
2021110080,フェヴリエ,牡,高野毅,,Sea The Stars,000a011c78,アムールブリエ,2011110023,Smart Strike,000a00211c,前田幸治,North Hills Co. Ltd,"1,207.5",2006.0,2011.0,1992.0
2021107052,マテンロウノカゼ,牡,昆貢,,ドゥラメンテ,2012104511,ゼフィランサス,2008105100,キングヘイロー,1995104427,寺田千代乃,村田牧場,"1,205.0",2012.0,2008.0,1995.0
2021105677,ローガンパス,セ,東田明士,,サトノアラジン,2011104063,トレジャーステイト,2012104941,Oasis Dream,000a010d4f,シルクレーシング,ノーザンファーム,"1,205.0",2011.0,2012.0,2000.0
2021101430,プロスペクト,牡,小栗実,,リオンディーズ,2013105915,ピサノプリヴェ,2006105480,Hold That Tiger,000a010a64,プレディクトレーシング,下河辺牧場,"1,203.5",2013.0,2006.0,2000.0
2021104871,ルーラーオブダート,牡,川島正一,,ルーラーシップ,2007103143,スアデラ,2013105647,ゴールドアリュール,1999106689,吉田照哉,社台コーポレーション白老ファーム,"1,202.1",2007.0,2013.0,1999.0
2021106848,ビナサイゴン,牡,森澤友貴,,アジアエクスプレス,2011110091,ビナスイート,2009101309,シニスターミニスター,000a011099,井之口二三雄,プログレスファーム,"1,200.5",2011.0,2009.0,2003.0
2021107253,ニシノコマチムスメ,牝,松山将樹,,ルーラーシップ,2007103143,ニシノハナムスメ,2013100748,ディープインパクト,2002100816,西山茂行,西山牧場,"1,200.0",2007.0,2013.0,2002.0
2021103535,シャインズオンユー,牡,藤野健太,,サトノクラウン,2012104668,フローラルダンサー,2012100974,ファスリエフ,000a00fc4c,ノルマンディーサラブレッドレーシング,岡田スタッド,"1,200.0",2012.0,2012.0,1997.0
2021102433,アートフォーム,牝,畑端省吾,,シュヴァルグラン,2012104759,ラテアート,2008103359,サクラバクシンオー,1989108341,Ｇ１レーシング,坂東牧場,"1,200.0",2012.0,2008.0,1989.0
2021101448,タイセイリアル,牡,矢作芳人,,Arrogate,000a013798,ラフタ,000a01b0cb,Kitten's Joy,000a0119b3,田中成奉,下河辺牧場,"1,200.0",2013.0,2014.0,2001.0
2021101407,ローズパンラズナ,牝,鹿戸雄一,,ホッコータルマエ,2009100921,ジャルディナージュ,2011100337,Bernardini,000a0111fe,佐上峻作,下河辺牧場,"1,200.0",2009.0,2011.0,2003.0
2021101194,コウユーユメノヨウ,牝,宇野木博,,エイシンヒカリ,2011101273,コウユーキズナ,2004106348,ティンバーカントリー,000a00035e,加治屋貞光,カロッテファーム,"1,200.0",2011.0,2004.0,1992.0
2021101634,チアフルヴォイス,牝,小林俊彦,,タリスマニック,000a013425,エグジラレーション,2016103337,ディープインパクト,2002100816,伊藤治子,ダーレー・ジャパン・ファーム,"1,199.5",2013.0,2016.0,2002.0
2021101255,シシノブレイブ,牡,細川忠義,,ヴァンセンヌ,2009106525,クラウンモンロー,2009102667,ザール,000a010990,組）志士十二組合,クラウン日高牧場,"1,196.0",2009.0,2009.0,1995.0
2021105749,ルージュベルベット,牝,浅利英明,,ドレフォン,000a013b82,プラトリーナ,2013106049,ディープインパクト,2002100816,東京ホースレーシング,ノーザンファーム,"1,194.0",2013.0,2013.0,2002.0
2021103544,ココモローズ,牝,藤原智行,,スノードラゴン,2008104268,マイネホコモモラ,2007104875,ロージズインメイ,000a010a10,レックス,岡田スタッド,"1,194.0",2008.0,2007.0,2000.0
2021105803,カーメルタザイト,牡,安田翔伍,,サトノダイヤモンド,2013106101,ミスティークII,000a0120f6,Monsun,000a010db6,サンデーレーシング,ノーザンファーム,"1,193.1",2013.0,2009.0,1990.0
2021101081,ラッキーヤース,牡,鈴木伸尋,,シュヴァルグラン,2012104759,マザックヤース,2013100046,キンシャサノキセキ,2003110212,山崎泰博,新井弘幸,"1,193.0",2012.0,2013.0,2003.0
2021100213,ベアエンジェル,牝,工藤真司,,リアルスティール,2012104889,レックスレイノス,000a011aa3,Intikhab,000a0022af,嶋田亘克,下屋敷牧場,"1,190.5",2012.0,2006.0,1994.0
2021105730,コッレヴェッキオ,牡,高橋文雅,,モーリス,2011100655,フォンターナリーリ,2013105936,クロフネ,1998110135,吉田勝己,ノーザンファーム,"1,190.0",2011.0,2013.0,1998.0
2021104722,ネイサン,牡,粕谷昌央,,マクマホン,000a0143ac,トーセンベニザクラ,2009102231,ダイワメジャー,2001103114,Ｍｒ．ホース,エスティファーム,"1,190.0",2014.0,2009.0,2001.0
2021101791,メイショウソニック,牡,橋本忠明,,リオンディーズ,2013105915,マルニ,2016103382,スクリーンヒーロー,2004103328,松本好隆,戸川牧場,"1,189.0",2013.0,2016.0,2004.0
2021100631,リッキーフェイス,牝,澤佳宏,,ダノンレジェンド,2010110102,ラストエンジェル,2012105783,バゴ,2001190004,佐々木勉,荻伏三好ファーム,"1,189.0",2010.0,2012.0,2001.0
2021103121,ケイアイエルナト,牡,立花伸,,シニスターミニスター,000a011099,フェールクークー,2005106340,アラムシャー,000a00fdab,ケイアイスタリオン,日進牧場,"1,188.0",2003.0,2005.0,2000.0
2021100842,エスシーアルベル,牡,大島静夫,,マジェスティックウォリアー,000a011e9c,エスシーハンコック,2015103689,ダイワメジャー,2001103114,奥寺毅己,高松牧場,"1,186.5",2005.0,2015.0,2001.0
2021110137,ピカリ,牝,森秀行,,Twirling Candy,000a01316b,Laudation,000a01f21a,Congrats,000a010687,藤田晋,Woods Edge Farm LLC,"1,185.0",2007.0,2015.0,2000.0
2021105484,ベランジェール,牝,武幸四郎,,モーリス,2011100655,キャリコ,2014106184,ディープインパクト,2002100816,ＤＭＭドリームクラブ,ノーザンファーム,"1,185.0",2011.0,2014.0,2002.0
2021103677,チャールズバローズ,牡,森下淳平,,モーニン,2012110091,マキノクィーン,2010102582,クロフネ,1998110135,猪熊広次,神垣道弘,"1,185.0",2012.0,2010.0,1998.0
2021104918,シャーリーゴールド,牝,佐藤悠太,,エピファネイア,2010104155,ボニーゴールド,2016104744,ディープインパクト,2002100816,シルクレーシング,社台コーポレーション白老ファーム,"1,183.0",2010.0,2016.0,2002.0
2021104874,ルーフオブヘヴン,牝,武藤善則,,ドレフォン,000a013b82,スターズインヘヴン,2014105290,ワークフォース,000a011a7f,吉田晴哉,社台コーポレーション白老ファーム,"1,183.0",2013.0,2014.0,2007.0
2021104356,ジェネシスミザール,牡,伊藤滋規,,シゲルカガ,2011103048,シゲルオレンジ,2009109049,アドマイヤジャパン,2002102324,組）滋友会,福岡駿弥,"1,181.0",2011.0,2009.0,2002.0
2021104829,アルーリングタイム,牝,中舘英二,,リアルインパクト,2008103244,アルーリングライフ,2007102995,フレンチデピュティ,000a00013a,Ｇ１レーシング,社台コーポレーション白老ファーム,"1,180.0",2008.0,2007.0,1992.0
2021103682,マジックブルー,牡,荒川義之,,マジェスティックウォリアー,000a011e9c,エンパイアブルー,2012102824,エンパイアメーカー,000a010542,広尾レース,木村秀則,"1,180.0",2005.0,2012.0,2000.0
2021102669,ステラシティ,牝,吉田正美,,マジェスティックウォリアー,000a011e9c,ラッキーペニー,2013100722,ダイワメジャー,2001103114,冨田藤男,鎌田正嗣,"1,178.5",2005.0,2013.0,2001.0
2021104055,ゴールドオリス,牡,櫻田康二,,メイショウボーラー,2001100650,サクラオードシエル,2009103666,サクラプレジデント,2000102261,（同）クイック・ホー,谷岡スタット,"1,178.0",2001.0,2009.0,2000.0
2021106899,フェスティヴルディ,牡,堀千亜樹,,シニスターミニスター,000a011099,ホワイトショーコ,2016103203,オルフェーヴル,2008102636,臼井義太郎,細川農場,"1,173.0",2003.0,2016.0,2008.0
2021101801,ケイツールピア,牝,蛯名利弘,,アニマルキングダム,000a011dad,リップグロス,2016101171,ハーツクライ,2001103038,楠本勝美,道見牧場,"1,173.0",2008.0,2016.0,2001.0
2021104853,サクセスカノン,牝,森澤友貴,,ハービンジャー,000a011996,コーディリア,2009106585,シンボリクリスエス,1999110099,高嶋哲,社台コーポレーション白老ファーム,"1,172.5",2006.0,2009.0,1999.0
2021102535,キトーウィン,牡,池田忠好,,バンブーエール,2003104100,ジュンレンカ,2011104247,ネオユニヴァース,2000101426,鶴俊邦,富田恭司,"1,171.2",2003.0,2011.0,2000.0
2021103318,ラッキーマリリン,牝,鈴木孝志,,ホッコータルマエ,2009100921,ラッキーハナチャン,2011106115,ネオユニヴァース,2000101426,宮内牧場,宮内牧場,"1,170.0",2009.0,2011.0,2000.0
2021103156,メイショウカイコン,牡,森澤友貴,,ヴィクトワールピサ,2007102923,メイショウキズナ,2010104485,チチカステナンゴ,000a011135,松本好隆,林孝輝,"1,170.0",2007.0,2010.0,1998.0
2021102264,ロケットホームラン,牡,張田京,,アポロケンタッキー,2012110098,ジョイ,2017105902,ストロングリターン,2006102934,島田久,横井直美,"1,169.0",2012.0,2017.0,2006.0
2021103342,カルフ,セ,大和田成,,カリフォルニアクローム,000a012602,ミナレット,2010102611,スズカマンボ,2001103890,ミルファーム,ミルファーム,"1,168.0",2011.0,2010.0,2001.0
2021102357,パレスパートナー,牝,胡本友晴,,ホッコータルマエ,2009100921,パレスハングリー,2014104374,トランセンド,2006104736,ファーストビジョン,清水牧場,"1,166.5",2009.0,2014.0,2006.0
2021107026,ネッサローズ,牝,安部幸夫,,エスポワールシチー,2005102837,ヴェアリアスローズ,2010106098,スターリングローズ,1997106560,琴浦諒,村上牧場,"1,163.6",2005.0,2010.0,1997.0
2021100916,ツェルニー,牝,鹿沼良和,,エイシンヒカリ,2011101273,カノン,2010102263,フォーティナイナーズサン,000a011227,（有）総武開発,ヒダカファーム,"1,163.5",2011.0,2010.0,2001.0
2021106230,レッドオパール,牝,菅原勲,,ニシケンモノノフ,2011105438,アイアムオパール,2015103572,エンパイアメーカー,000a010542,村上聡蔵,五丸農場,"1,163.4",2011.0,2015.0,2000.0
2021100711,ケイアイアルタイル,牡,梅田智之,,ニューイヤーズデイ,000a014589,カーディナルコーヴ,000a013908,Leroidesanimaux,000a0115cc,ケイアイスタリオン,高昭牧場,"1,161.3",2011.0,2012.0,2000.0
2021103250,サウンドノバ,牡,九日俊光,,エピファネイア,2010104155,ハートアンドハート,2010103855,ハーツクライ,2001103038,山邉浩,三嶋牧場,"1,160.4",2010.0,2010.0,2001.0
2021103529,エコロヴァルム,牡,小西一男,,ロージズインメイ,000a010a10,ファミリーズオナー,2012101435,デュランダル,1999106756,原村正紀,岡田スタッド,"1,160.0",2000.0,2012.0,1999.0
2021104549,クインズアトリア,牝,佐宗応和,,マクフィ,000a011c77,ケイアイエレガント,2009104264,キングカメハメハ,2001103460,ケイアイスタリオン,松田牧場,"1,158.0",2007.0,2009.0,2001.0
2021103495,ギンユウシジン,牡,今井輝和,,ダノンバラード,2008103548,グレイスノート,2013105406,ハービンジャー,000a011996,岡田将一,岡田スタッド,"1,157.0",2008.0,2013.0,2006.0
2021106663,ファットドラゴン,牡,渋谷信博,,ディスクリートキャット,000a0113a1,グラヴィオーラ,2015100641,サウスヴィグラス,1996110138,木村薫,ハクツ牧場,"1,156.0",2003.0,2015.0,1996.0
2021103863,アマミツツキ,牝,藤ケ崎一,,レイデオロ,2014106201,ダイヤモンドムーン,2007105741,マンハッタンカフェ,1998101554,服部康夫,サンデーヒルズ,"1,155.0",2014.0,2007.0,1998.0
2021104860,ウールデュボヌール,牡,須貝尚介,,キタサンブラック,2012102013,サンクボヌール,2012104037,ハービンジャー,000a011996,Ｇ１レーシング,社台コーポレーション白老ファーム,"1,154.8",2012.0,2012.0,2006.0
2021105853,リュケイオン,牡,奥村武,,モーリス,2011100655,リカビトス,2014105854,ディープブリランテ,2009105084,キャロットファーム,ノーザンファーム,"1,154.0",2011.0,2014.0,2009.0
2021107369,ギヴイットアゴー,牝,昆貢,,リアルスティール,2012104889,エールドクラージュ,2005103095,シンボリクリスエス,1999110099,吉田勝利,ＢｌｏｏｍｉｎｇＦａｒｍ,"1,152.1",2012.0,2005.0,1999.0
2021101273,クラジャンク,牡,矢野義幸,,ベルシャザール,2008103004,クラフィンライデン,2006105348,ワカオライデン,1981100841,倉見利弘,倉見牧場,"1,152.0",2008.0,2006.0,1981.0
2021106999,リアルフレイバー,牝,米谷康秀,,リアルインパクト,2008103244,パナマックス,2005102170,クロフネ,1998110135,須田靖之,村上欽哉,"1,150.0",2008.0,2005.0,1998.0
2021105021,ベラジオラオウ,牡,吉見真幸,,パイロ,000a01176a,グラッブユアダイヤ,2014105477,ゴールドアリュール,1999106689,ビープロジェクト,社台ファーム,"1,150.0",2005.0,2014.0,1999.0
2021100662,ベニシア,牝,粕谷昌央,,ヘニーヒューズ,000a011155,フクシア,2008101994,ゴールドアリュール,1999106689,ノルマンディーサラブレッドレーシング,上山牧場,"1,150.0",2003.0,2008.0,1999.0
2021100387,マーベリックシチー,牡,岡田稲男,,パイロ,000a01176a,ラフィネシチー,2011101468,ゴールドアリュール,1999106689,友駿ホースクラブ,幌村牧場,"1,150.0",2005.0,2011.0,1999.0
2021104392,スターゲット,牡,玉井勝,,ディーマジェスティ,2013104704,アラピンタ,000a013e35,Medicean,000a010a19,（有）総武開発,フジワラファーム,"1,148.0",2013.0,2014.0,1997.0
2021101612,スマッシュスルー,牡,米谷康秀,,キズナ,2010105827,エゴイスト,2011100499,ファスリエフ,000a00fc4c,西村健,タバタファーム,"1,146.9",2010.0,2011.0,1997.0
2021103578,ビーンスターク,牡,森田直行,,ロジャーバローズ,2016106065,アートオブビーン,2007105937,アグネスデジタル,1997110025,岡田牧雄,岡田牧場,"1,146.0",2016.0,2007.0,1997.0
2021105814,エリカエスティーム,牝,宮田敬介,,モーリス,2011100655,メチャコルタ,000a013924,El Corredor,000a010238,三木正浩,ノーザンファーム,"1,144.4",2011.0,2012.0,1997.0
2021101509,アグロドルチェ,牡,宮川浩一,,スズカコーズウェイ,2004104345,ハタノシュヴァリエ,2012105996,ディープスカイ,2005101358,（有）新生ファーム,新生ファーム,"1,139.9",2004.0,2012.0,2005.0
2021106708,シシャモフレンド,牝,田中淳司,,シャンハイボビー,000a0127e4,コグノセンティ,2011103493,ゴールドアリュール,1999106689,大野満,浜口牧場,"1,139.2",2010.0,2011.0,1999.0
2021107331,サンマルミッション,セ,畑端省吾,,タリスマニック,000a013425,ワタシダイナマイト,2012106419,スニッツェル,000a010eaa,相馬勇,小田牧場,"1,138.5",2013.0,2012.0,2002.0
2021105418,クラッチプレイヤー,牡,国枝栄,,ドゥラメンテ,2012104511,ヴァシリカ,000a01591d,Skipshot,000a014f31,金子真人ホールディングス,ノーザンファーム,"1,136.6",2012.0,2014.0,2007.0
2021106945,イタロ,牡,高橋清顕,,アジアエクスプレス,2011110091,キアーロ,2005105201,ゴールドアリュール,1999106689,今中俊平,松本信行,"1,136.0",2011.0,2005.0,1999.0
2021100362,ホウオウドルーリー,牝,宮徹,,マインドユアビスケッツ,000a01392e,スタコラサッサ,2014105741,ヴィクトワールピサ,2007102923,小笹芳央,平野牧場,"1,135.0",2013.0,2014.0,2007.0
2021102972,フィアマフルミネ,牝,酒井忍,,サンダースノー,000a013a06,カレーニナ,2011103765,カンパニー,2001103435,辻牧場,辻牧場,"1,134.0",2014.0,2011.0,2001.0
2021102351,プレヴナンス,牝,米谷康秀,,シュヴァルグラン,2012104759,ウーレンボル,2016103704,スウェプトオーヴァーボード,000a00fa34,小林由明,清水牧場,"1,133.5",2012.0,2016.0,1997.0
2021101504,ナイトロ,牡,林正人,,パイロ,000a01176a,エムワイスカレット,2006101113,フレンチデピュティ,000a00013a,（有）新生ファーム,新生ファーム,"1,133.5",2005.0,2006.0,1992.0
2021106203,ウインボレロ,牡,水野貴広,,モーリス,2011100655,ウインプリメーラ,2010105925,ステイゴールド,1994108729,ウイン,コスモヴューファーム,"1,133.0",2011.0,2010.0,1994.0
2021100328,グリントリッター,セ,倉兼育康,,ダノンレジェンド,2010110102,エーシンシャイナー,2010104635,グラスワンダー,1995108676,ウエスト．フォレスト．ステイブル,信田牧場,"1,131.0",2010.0,2010.0,1995.0
2021107062,ニシノジーク,セ,奥平雅士,,リーチザクラウン,2006102923,エテ,2013110072,Congrats,000a010687,西山茂行,メイタイファーム,"1,130.0",2006.0,2013.0,2000.0
2021105773,ジュントネフ,牡,清水久詞,,モーリス,2011100655,ホットチャチャ,000a01205c,Cactus Ridge,000a011ff1,河合純二,ノーザンファーム,"1,130.0",2011.0,2006.0,2001.0
2021105123,グランコネクシオン,牝,畠山吉宏,,ハーツクライ,2001103038,チャリティーライン,000a012971,Manduro,000a0114b8,吉田照哉,社台ファーム,"1,130.0",2001.0,2010.0,2002.0
2021104950,グローリーアテイン,セ,金成貴史,,ヴィクトワールピサ,2007102923,アンナミルト,2011104161,マンハッタンカフェ,1998101554,社台レースホース,社台ファーム,"1,130.0",2007.0,2011.0,1998.0
2021104390,カンノンアーニモ,牡,河津裕昭,,アレスバローズ,2012102017,マーケットレイズン,2014105031,フサイチリシャール,2003102955,伊藤とみ枝,藤吉牧場,"1,129.5",2012.0,2014.0,2003.0
2021104304,ナムラリーナ,牝,玉垣光章,,アニマルキングダム,000a011dad,ナムラオツウ,2012101060,ディープインパクト,2002100816,奈村睦弘,八田ファーム,"1,128.0",2008.0,2012.0,2002.0
2021101803,メトゥス,牡,真島元徳,,ディーマジェスティ,2013104704,グレイスサンセット,2005102870,ジャングルポケット,1998101786,三岡有香,中川欽一,"1,127.1",2013.0,2005.0,1998.0
2021102412,スターチョウサン,牝,小島茂之,,ブリックスアンドモルタル,000a014377,シャドウシルエット,2005102700,シンボリクリスエス,1999110099,チョウサン,坂東牧場,"1,126.1",2014.0,2005.0,1999.0
2021104511,コルヴィル,牝,柄崎将寿,,Omaha Beach,000a014577,ティザチック,000a01b7dd,Tiznow,000a00fa4b,京都ホースレーシング,前谷武志,"1,125.0",2016.0,2011.0,1997.0
2021102223,デイムサンライズ,牝,玉垣光章,,シニスターミニスター,000a011099,サンデーローズ,2006102792,ブライアンズタイム,000a000082,松岡隆雄,ヤナガワ牧場,"1,123.5",2003.0,2006.0,1985.0
2021101443,エブライト,牝,橋口慎介,,ヘニーヒューズ,000a011155,マートンパーク,2012101339,フレンチデピュティ,000a00013a,エースレーシング,下河辺牧場,"1,123.0",2003.0,2012.0,1992.0
2021101840,エターナルセイバー,牝,八木仁,,ニシケンモノノフ,2011105438,ガイヤクイン,2009102813,ファスリエフ,000a00fc4c,小橋亮太,中前牧場,"1,122.0",2011.0,2009.0,1997.0
2021101156,ケンタッキーグレイ,牝,北村欣也,,トゥザワールド,2011103975,ピンクプリンセス,2011100136,シルバーチャーム,000a00227c,本城,沖田牧場,"1,122.0",2011.0,2011.0,1994.0
2021100757,ゲールタクト,牡,月岡健二,,ニューイヤーズデイ,000a014589,ナナヨーティアラ,2002103870,マイネルラヴ,1995108558,高樽さゆり,小島牧場,"1,122.0",2011.0,2002.0,1995.0
2021105125,リヤンドゥミラクル,牝,山下貴之,,ルーラーシップ,2007103143,ツインエンジェルズ,2008102995,ハーツクライ,2001103038,吉本雄二,社台ファーム,"1,120.0",2007.0,2008.0,2001.0
2021101548,アスタールテニウム,牡,中竹和也,,ニューイヤーズデイ,000a014589,アスターヒューモア,2008110126,More Than Ready,000a00fcdd,加藤千豊,スマイルファーム,"1,120.0",2011.0,2008.0,1997.0
2021103285,リュクスレオン,牡,佐藤博紀,,ドレフォン,000a013b82,リュクスメジャー,2009106549,ダイワメジャー,2001103114,田畑憲士,三嶋牧場,"1,119.0",2013.0,2009.0,2001.0
2021106103,モントーク,牝,佐野謙二,,モーニン,2012110091,スレドボ,2012101519,コマンズ,000a011625,和田博美,オリエント牧場,"1,118.0",2012.0,2012.0,1996.0
2021105312,ルージュレベッカ,牝,昆貢,,キズナ,2010105827,シックスイス,000a01379b,Luhuk,000a00fdbc,東京ホースレーシング,社台牧場,"1,118.0",2010.0,2010.0,1991.0
2021104428,ミソ,牡,角田輝也,,ミッキーアイル,2011103916,マーヴェリックス,2010104060,Smart Strike,000a00211c,伊藤とみ枝,フジワラファーム,"1,117.0",2011.0,2010.0,1992.0
2021100441,ボクラヲツナグモノ,牡,清水英克,,ガルボ,2007101163,アドリアーネ,2009101623,アグネスデジタル,1997110025,石川秀守,水丸牧場,"1,116.9",2007.0,2009.0,1997.0
2021105178,ラムテリオス,牝,鈴木義久,,ハービンジャー,000a011996,ビーチパラソル,2012104342,ダイワメジャー,2001103114,須山悟至,社台ファーム,"1,114.5",2006.0,2012.0,2001.0
2021106430,コスモカシアス,牡,河津裕昭,,ジョーカプチーノ,2006100529,チョウノヨウニマイ,2004110218,Broad Brush,000a001e93,（有）ビッグレッドフ,津田牧場,"1,110.0",2006.0,2004.0,1983.0
2021105596,シトラール,牡,萩原清,,スワーヴリチャード,2014106083,ジンジャーパンチ,000a0117a0,Awesome Again,000a0021cb,キャロットファーム,ノーザンファーム,"1,110.0",2014.0,2003.0,1994.0
2021105348,ラファミリア,牡,前川恭子,,レイデオロ,2014106201,アイムユアーズ,2009106210,ファルブラヴ,1998190004,藤田晋,ノーザンファーム,"1,110.0",2014.0,2009.0,1998.0
2021104280,テクネチウム,牡,前川恭子,,マクフィ,000a011c77,プリンセス,2014104943,キングズベスト,000a0022d2,加藤千豊,橋本牧場,"1,110.0",2007.0,2014.0,1997.0
2021105878,カムフライ,牡,辻哲英,,ハービンジャー,000a011996,レスペランス,2012104542,キングカメハメハ,2001103460,吉田和美,ノーザンファーム,"1,109.4",2006.0,2012.0,2001.0
2021105315,リブートパワー,牡,藪口一麻,,リーチザクラウン,2006102923,オレンジスカイ,2005101823,リキアイワカタカ,1994101235,（有）太盛,ストロベリーフィールドファーム,"1,108.5",2006.0,2005.0,1994.0
2021101652,スート,セ,松平幸秀,,ファインニードル,2013100612,シンダーズ,2012101533,パイロ,000a01176a,橘勝年,ダーレー・ジャパン・ファーム,"1,107.5",2013.0,2012.0,2005.0
2021106196,ウインメラナイト,牡,古澤悟,,ジャスタウェイ,2009106461,ウインガーネット,2013101445,ヴィクトワールピサ,2007102923,原貴則,コスモヴューファーム,"1,105.0",2009.0,2013.0,2007.0
2021106176,スナークサファイア,牝,木村健,,シルバーステート,2013105903,スナークメイファ,2014105216,ハーツクライ,2001103038,杉本豊,小泉牧場,"1,105.0",2013.0,2014.0,2001.0
2021106768,コスモアミマネラ,牡,柄崎将寿,,Study of Man,000a013ee7,ヴァニティールールズ,000a01b83d,New Approach,000a011656,ビッグレッドファーム,ビッグレッドファーム,"1,103.0",2015.0,2010.0,2005.0
2021102622,ジャスティンダイス,牡,吉岡辰弥,,シルバーステート,2013105903,マルモリバニー,2010104679,ダンスインザダーク,1993109188,三木正浩,大柳ファーム,"1,103.0",2013.0,2010.0,1993.0
2021102359,ライクファーザー,牡,武藤善則,,ホッコータルマエ,2009100921,ローゼンハイン,2014101509,エンパイアメーカー,000a010542,子安裕樹ＲＣ,清水牧場,"1,103.0",2009.0,2014.0,2000.0
2021100007,アイルプロテクト,牡,高月賢一,,エスポワールシチー,2005102837,ユーアーマイン,2009101821,ディープインパクト,2002100816,日下部勝徳,飯岡牧場,"1,101.0",2005.0,2009.0,2002.0
2021101394,モンレーヴ,牝,古澤悟,,サトノダイヤモンド,2013106101,サイズミックレディ,2008105573,サクラバクシンオー,1989108341,寺島能史,下河辺牧場,"1,100.0",2013.0,2008.0,1989.0
2021106633,エグマリーヌ,牝,上杉昌宏,,キンシャサノキセキ,2003110212,スティーリンキッシーズ,000a011a93,Sky Mesa,000a010a66,前田幸治,ノースヒルズ,"1,098.0",2003.0,2005.0,2000.0
2021106003,ファイヤーウィップ,牡,野口寛仁,,モーニン,2012110091,クニコチャン,2009104419,ゴールドアリュール,1999106689,ウエスト．フォレスト．ステイブル,アサヒ牧場,"1,098.0",2012.0,2009.0,1999.0
2021102954,ダイタジャスティス,牡,田中譲二,,ホッコータルマエ,2009100921,ミッシェルズナイト,2013109023,ネオユニヴァース,2000101426,今井高之,チェスナットファーム,"1,096.5",2009.0,2013.0,2000.0
2021100145,ロードリレーション,牡,榎屋充,,キズナ,2010105827,グラナダ,2012102295,Galileo,000a00232b,小橋亮太,ケイアイファーム,"1,096.5",2010.0,2012.0,1998.0
2021101453,サトノオラシオン,牡,堀宣行,,サトノダイヤモンド,2013106101,レイカーラ,2009102441,キングカメハメハ,2001103460,里見治,下河辺牧場,"1,093.3",2013.0,2009.0,2001.0
2021106812,レディマキシマ,牝,伊藤大士,,キタサンブラック,2012102013,マイネヴォヤージ,2009110016,Teofilo,000a01139e,サラブレッドクラブ・ラフィアン,ビッグレッドファーム,"1,093.0",2012.0,2009.0,2004.0
2021102981,メイショウヴァイゼ,牡,安達昭夫,,マクフィ,000a011c77,ジオパークルビー,2011105904,フレンチデピュティ,000a00013a,松本好雄,辻牧場,"1,091.0",2007.0,2011.0,1992.0
2021106542,タガノヒナタ,牝,九日俊光,,ニューイヤーズデイ,000a014589,タガノキャンドル,2009106310,アグネスタキオン,1998101516,崎谷彦司,新冠タガノファーム,"1,090.1",2011.0,2009.0,1998.0
2021106310,カセノラオー,牡,茂木浩幸,,ヘニーヒューズ,000a011155,レディーソルジャー,2009104741,マヤノトップガン,1992102988,平川進,須崎牧場,"1,090.0",2003.0,2009.0,1992.0
2021105543,コートリーバウ,牝,坂口智康,,モーリス,2011100655,サングレアル,2011104004,ゼンノロブロイ,2000101517,吉田勝己,ノーザンファーム,"1,090.0",2011.0,2011.0,2000.0
2021103504,スノーディーヴァ,牝,深山雅史,,エイシンヒカリ,2011101273,スノースタイル,1999100117,ホワイトマズル,1990109700,ノルマンディーサラブレッドレーシング,岡田スタッド,"1,090.0",2011.0,1999.0,1990.0
2021101643,ニックオブタイム,セ,保利幸作,,ロードカナロア,2008103552,グレイトタイミング,000a0127f9,Raven's Pass,000a011d04,（有）オールウェイズ,ダーレー・ジャパン・ファーム,"1,090.0",2008.0,2010.0,2005.0
2021109094,オモカゲジョー,牡,田中一巧,,ジョーカプチーノ,2006100529,ワンダフルキッス,2013109156,ゴールドプルーフ,1995100942,永本司,恵比寿興業株式会社那須野牧場,"1,088.0",2006.0,2013.0,1995.0
2021102681,イソエヴィクラント,牡,鈴木義久,,ネロ,2011103722,シンワシュシュ,2011106295,ファスリエフ,000a00fc4c,磯部敏夫,ガーベラパークスタッド,"1,088.0",2011.0,2011.0,1997.0
2021104842,カルマンフィルター,牡,戸田博文,,スワーヴリチャード,2014106083,カルマート,2008102645,シンボリクリスエス,1999110099,Ｇ１レーシング,社台コーポレーション白老ファーム,"1,084.0",2014.0,2008.0,1999.0
2021103512,ツインクルステージ,牝,高木登,,エピファネイア,2010104155,ツインクルスター,2009103307,サクラバクシンオー,1989108341,山田弘,岡田スタッド,"1,083.0",2010.0,2009.0,1989.0
2021102054,ルクスパラディ,牝,西村守幸,,オルフェーヴル,2008102636,サトノボヌール,2016104782,ロードカナロア,2008103552,大田愛奈,豊洋牧場,"1,082.6",2008.0,2016.0,2008.0
2021103338,ネイルンノ,牡,田中譲二,,ファインニードル,2013100612,ブロワ,2013103812,メイショウボーラー,2001100650,（同）ＪＰＮ技研,ミルファーム,"1,082.0",2013.0,2013.0,2001.0
2021106628,レグロスヴァーグ,牡,鈴木孝志,,ルーラーシップ,2007103143,シェルエメール,2008104831,ジャングルポケット,1998101786,前田晋二,ノースヒルズ,"1,081.5",2007.0,2008.0,1998.0
2021100636,ルメビーンズ,牝,大宮和也,,ダノンレジェンド,2010110102,カネトシルメルシェ,2012103054,キングカメハメハ,2001103460,高橋真紀,カケハムポニークラブ,"1,081.0",2010.0,2012.0,2001.0
2021110113,サルヴィアーノ,牝,栗田徹,,Yoshida,2014106077,Livorno,000a01b11b,Bernardini,000a0111fe,ゴドルフィン,Godolphin,"1,080.0",2014.0,2016.0,2003.0
2021105845,ラケダイモーン,牡,須貝尚介,,レイデオロ,2014106201,ラルケット,2005102452,ファルブラヴ,1998190004,金子真人ホールディングス,ノーザンファーム,"1,080.0",2014.0,2005.0,1998.0
2021104931,ルージュカエラ,牝,加藤征弘,,レイデオロ,2014106201,レッツサッチャー,2011104463,フレンチデピュティ,000a00013a,東京ホースレーシング,社台コーポレーション白老ファーム,"1,079.9",2014.0,2011.0,1992.0
2021105830,ロンフォン,牝,月岡健二,,ドレフォン,000a013b82,ラヴアンドドラゴン,2013104939,ディープインパクト,2002100816,窪田芳郎,ノーザンファーム,"1,079.0",2013.0,2013.0,2002.0
2021105175,セントキルダ,牡,東田明士,,スワーヴリチャード,2014106083,パールズベスト,2014105609,キングズベスト,000a0022d2,谷掛龍夫,社台ファーム,"1,077.0",2014.0,2014.0,1997.0
2021106753,ヴァルタリ,牡,阪本一栄,,トランセンド,2006104736,エクロジオン,2013101874,エンパイアメーカー,000a010542,ファーストビジョン,平山牧場,"1,074.6",2006.0,2013.0,2000.0
2021105778,シンクグッド,牡,福永敏,,サトノダイヤモンド,2013106101,ポジティブマインド,000a014272,Equal Stripes,000a012c13,藤田晋,ノーザンファーム,"1,074.0",2013.0,2014.0,1999.0
2021101470,リリーエクスプレス,牡,坂口義幸,,アジアエクスプレス,2011110091,レッドプライム,2002106540,スペシャルウィーク,1995103211,組）リノレーシング,庄野牧場,"1,074.0",2011.0,2002.0,1995.0
2021100466,ブルズアイ,牡,福永敏,,マジェスティックウォリアー,000a011e9c,レディーメグネイト,2009101862,ファスリエフ,000a00fc4c,大瀧啓之,三石川上牧場,"1,073.0",2005.0,2009.0,1997.0
2021110141,ポンヌフ,牝,伊藤和忍,,Ghostzapper,000a010525,Promise Me Silver,000a01f222,Silver City,000a01f1fe,橋元勇氣,Chester Broman & Mary R. Broman,"1,071.6",2000.0,2012.0,2006.0
2021101977,サンデーロウリュウ,牝,宇都英樹,,スノードラゴン,2008104268,ピカバ,2015104019,トーセンホマレボシ,2009106092,山下孝司,ファーミングヤナキタ,"1,070.8",2008.0,2015.0,2009.0
2021103841,ニホンピロマリンバ,牝,安達昭夫,,ニホンピロアワーズ,2007100191,ニホンピロアニカ,2004104949,キャプテンスティーヴ,000a000d9d,小林英一,佐竹学,"1,070.0",2007.0,2004.0,1997.0
2021103837,クインズシャウラ,牝,野中賢二,,キンシャサノキセキ,2003110212,ケイアイエーデル,2005106637,トワイニング,000a000006,亀田和弘,佐竹学,"1,070.0",2003.0,2005.0,1991.0
2021101279,シャインヴィーナス,牝,伊坂重信,,ラブリーデイ,2010104298,アイルゴーバック,2009106640,アッミラーレ,1997100569,グリーンスウォード,グッドラック・ファーム,"1,070.0",2010.0,2009.0,1997.0
2021105976,ローマンレイク,牝,松永幹夫,,ドレフォン,000a013b82,メジロオードリー,2007102589,スペシャルウィーク,1995103211,シルクレーシング,レイクヴィラファーム,"1,068.0",2013.0,2007.0,1995.0
2021105868,バーケンティン,牡,平田修,,ロードカナロア,2008103552,リーチング,000a014419,Dansili,000a010a5f,サンデーレーシング,ノーザンファーム,"1,067.0",2008.0,2009.0,1996.0
2021105923,ミスサラワク,牝,鈴木義久,,アドミラブル,2014105979,ファンシーアモン,2014102826,ソングオブウインド,2003102461,乙訓史樹,平岡牧場,"1,065.6",2014.0,2014.0,2003.0
2021101744,フェレザ,牝,長倉功,,ドレフォン,000a013b82,ニーレンベルギア,2009105815,アグネスタキオン,1998101516,菅原通次,チャンピオンズファーム,"1,065.0",2013.0,2009.0,1998.0
2021101250,シェアホルダーズ,牡,松山将樹,,アルアイン,2014106046,クラウンフォルテ,2012104779,ハービンジャー,000a011996,望月雅博,クラウン日高牧場,"1,065.0",2014.0,2012.0,2006.0
2021101519,マローネアバンティ,牝,高橋清顕,,モーニン,2012110091,アイスグレー,2014100834,フリオーソ,2004106867,清水龍,シンボリ牧場,"1,064.5",2012.0,2014.0,2004.0
2021104763,ダノンストラーダ,牡,茶木太樹,,Justify,000a013f2d,ストラティフィケーション,000a01a8a3,Australia,000a012499,ダノックス,追分ファーム,"1,063.0",2015.0,2016.0,2011.0
2021105251,ドルチアーリア,牝,内田勝義,,マインドユアビスケッツ,000a01392e,メジャーマジック,2015104401,ダイワメジャー,2001103114,社台レースホース,社台ファーム,"1,062.0",2013.0,2015.0,2001.0
2021106988,マテンロウタイム,牡,坂本和也,,Nyquist,000a013047,チャチャタイム,000a01a925,Gio Ponti,000a011a7e,寺田千代乃,村上欽哉,"1,061.5",2013.0,2013.0,2005.0
2021101011,ダイジェスト,牡,田中力,,カリフォルニアクローム,000a012602,ガラスマスカレイド,2012106133,キングカメハメハ,2001103460,鶴見恵理,吉田ファーム,"1,061.0",2011.0,2012.0,2001.0
2021110134,エンブレムボム,牡,森秀行,,St Patrick's Day,000a013fe1,Jelly Cable,000a01f212,Sky Mesa,000a010a66,サヴァイブホースレーシング,Brent Fernung & Crystal Fernung,"1,060.0",2015.0,2008.0,2000.0
2021106896,ミツカネジェミニ,牡,田島俊明,,パイロ,000a01176a,ナスカザン,2012101815,ダイワメジャー,2001103114,小山田満,細川農場,"1,060.0",2005.0,2012.0,2001.0
2021101708,ワンターゲット,牡,河津裕昭,,ホッコータルマエ,2009100921,ティアラン,2011104939,ネオユニヴァース,2000101426,佐藤ルツ子,千葉飯田牧場,"1,060.0",2009.0,2011.0,2000.0
2021103528,レーベンヘルツ,牡,遠藤茂,,スワーヴリチャード,2014106083,ピッツネイル,2011101879,クロフネ,1998110135,（株）バストアップコ,岡田スタッド,"1,059.1",2014.0,2011.0,1998.0
2021105017,サイレントヴォイス,牡,高月賢一,,マインドユアビスケッツ,000a01392e,クロースフレンド,2013105658,サウスヴィグラス,1996110138,ＪＰＮ技研,社台ファーム,"1,057.5",2013.0,2013.0,1996.0
2021104639,ラストボーン,セ,松本隆宏,,ワールドエース,2009106353,ハナイチリン,2003103053,ボストンハーバー,000a00007c,阿部栄乃進,阿部栄乃進,"1,057.3",2009.0,2003.0,1994.0
2021107364,イズジョーヒーロー,牡,平松徳彦,,マジェスティックウォリアー,000a011e9c,トウケイサクラ,2010101442,シンボリクリスエス,1999110099,泉一郎,大道牧場,"1,056.5",2005.0,2010.0,1999.0
2021109171,ヒマワリクン,牡,田中守,,ストロングリターン,2006102934,スプリングスワン,2009100127,サクラローレル,1991103498,西村新一郎,福田米造,"1,054.5",2006.0,2009.0,1991.0
2021107270,ジュンフィレンツェ,牡,迫田清美,,Ghostzapper,000a010525,ストリートキャッシュ,000a01b7e8,Street Boss,000a0116a2,（同）ＪＰＮ技研,浜本牧場,"1,054.3",2000.0,2012.0,2004.0
2021106487,バラライカ,牝,小国博行,,モーニン,2012110091,ヒロ,2015100464,トランセンド,2006104736,前田良平,中地義次,"1,054.3",2012.0,2015.0,2006.0
2021100088,エイシンホイップ,牝,橋本忠明,,イスラボニータ,2011103565,エイシンソルティー,2011110049,Tapit,000a011248,平井克彦,木田牧場,"1,053.0",2011.0,2011.0,2001.0
2021103038,バスターウルフ,牡,須田和伸,,オルフェーヴル,2008102636,ディアアレトゥーサ,2007102346,トーセンダンス,2002100594,ハヤシテラソスルイス,ディアレストクラブ,"1,052.5",2008.0,2007.0,2002.0
2021104632,マインドブロン,牡,秋山直之,,マインドユアビスケッツ,000a01392e,バージニアストック,2017105197,ディープブリランテ,2009105084,内山登志雄,アスラン,"1,049.5",2013.0,2017.0,2009.0
2021104379,レライタム,牡,伊藤和忍,,サンダースノー,000a013a06,シュシュブリーズ,2011103661,フジキセキ,1992109618,川上量生,藤沢牧場,"1,049.0",2014.0,2011.0,1992.0
2021100074,サンピアノソナタ,牝,小野次郎,,ニューイヤーズデイ,000a014589,ピアノボレロ,2007103526,ダンスインザダーク,1993109188,加藤ステーブル,片山牧場,"1,049.0",2011.0,2007.0,1993.0
2021104069,ショコラブレッド,牝,新井清重,,シニスターミニスター,000a011099,ディランディラン,2014104687,サクラプレジデント,2000102261,谷岡康成,谷岡牧場,"1,047.7",2003.0,2014.0,2000.0
2021102352,インペリアルモート,牡,鈴木正也,,マジェスティックウォリアー,000a011e9c,エバーグレーズ,2010101550,シンボリクリスエス,1999110099,隅山桂治,清水牧場,"1,047.6",2005.0,2010.0,1999.0
2021100231,レジェンドウェイ,牡,鈴木啓之,,ダノンレジェンド,2010110102,タマモカトルズ,2015100923,サウスヴィグラス,1996110138,馬場祥晃,タガミファーム,"1,044.0",2010.0,2015.0,1996.0
2021101826,ナムラバンチー,牡,長倉功,,モーニン,2012110091,ナムラココロ,2012103362,サウスヴィグラス,1996110138,鈴木淳人,ナカノファーム,"1,043.0",2012.0,2012.0,1996.0
2021104049,バイデンテソーロ,牡,鮫島克也,,ダノンバラード,2008103548,ニシノアラモード,2014102319,リーチザクラウン,2006102923,了徳寺健二ホールディングス,棚川祐志,"1,042.6",2008.0,2014.0,2006.0
2021100314,クレフェノー,牡,宮路洋一,,フェノーメノ,2009106599,セイウンクレナイ,2002104840,タイキシャトル,1994109686,西森鶴,ナカハシファーム,"1,040.3",2009.0,2002.0,1994.0
2021110001,キングズブレス,牡,木村哲也,,Kingman,000a0124ab,インピード,000a01bdae,Bated Breath,000a019850,サンデーレーシング,Al-Baha Bloodstock,"1,040.0",2011.0,2015.0,2007.0
2021106751,サイドキック,牡,坂口智康,,アジアエクスプレス,2011110091,ファミリーソング,2013101867,グラスワンダー,1995108676,村木慎吾,ヒカル牧場,"1,040.0",2011.0,2013.0,1995.0
2021104672,ラストクリスマス,牝,西園正都,,リオンディーズ,2013105915,カーヴィシャス,2010104335,シンボリクリスエス,1999110099,サラブレッドクラブ・ラフィアン,上水牧場,"1,040.0",2013.0,2010.0,1999.0
2021104545,イントゥザフロー,牝,盛本信春,,スワーヴリチャード,2014106083,クインズラッシュ,2011102011,スウェプトオーヴァーボード,000a00fa34,小林由明,松田牧場,"1,040.0",2014.0,2011.0,1997.0
2021103908,ショーヴァロンス,牝,目迫大輔,,ジャスタウェイ,2009106461,ショーカノン,2014101763,ブレイクランアウト,2006110007,吉冨学,静内フジカワ牧場,"1,040.0",2009.0,2014.0,2006.0
2021102378,ウオタカ,牝,菅原勲,,バトルプラン,000a0118e8,アイシャ,2015104827,ハーツクライ,2001103038,松本桂昌,二風谷ファーム,"1,040.0",2005.0,2015.0,2001.0
2021106091,グランレザンドール,牡,打越勇児,,オルフェーヴル,2008102636,マルヨシロワイン,2006101118,アジュディケーティング,000a000d5d,福盛訓之,大狩部牧場,"1,038.0",2008.0,2006.0,1987.0
2021105149,リーチユアドリーム,牝,黒岩陽一,,マインドユアビスケッツ,000a01392e,ナッシングバットドリームズ,000a012eca,Frankel,000a01239b,社台レースホース,社台ファーム,"1,038.0",2013.0,2014.0,2008.0
2021107290,ケンヴィヴァルディ,牡,堀千亜樹,,モンテロッソ,000a011b05,エイシンパンジー,2000100011,トニービン,1983109006,中西宏彰,マリオステーブル,"1,037.0",2007.0,2000.0,1983.0
2021102445,ハヤイモノガチ,牡,大橋敬永,,モーニン,2012110091,トウカイレジーナ,2007104671,ワイルドラッシュ,000a0003a1,辻祐二,びらとり牧場,"1,032.7",2012.0,2007.0,1994.0
2021107027,ストイックノア,牡,小久保智,,グロリアスノア,2006100429,エスカ,2012106208,エンパイアメーカー,000a010542,高岡浩行,村上牧場,"1,032.1",2006.0,2012.0,2000.0
2021102615,セレスト,牡,荒巻透,,ホークビル,000a01327c,サンデーヒロイン,2017106579,スクリーンヒーロー,2004103328,辻祐二,絵笛牧場,"1,032.1",2013.0,2017.0,2004.0
2021105990,ケイツーバルボア,セ,加藤誠一,,シュヴァルグラン,2012104759,ピカケレイ,2014105883,ディープブリランテ,2009105084,楠本勝美,秋田牧場,"1,032.0",2012.0,2014.0,2009.0
2021106152,モンサンケコア,牡,長倉功,,ロジャーバローズ,2016106065,プリティキャサリン,000a011ddf,Vindication,000a010544,（株）プレディクトレ,川島牧場,"1,030.0",2016.0,2006.0,2000.0
2021100057,ブルーチース,牡,田口輝彦,,グァンチャーレ,2012100407,ジュピターズビコー,2002110212,シングスピール,1992190005,（株）花美装,オギオギ牧場,"1,025.9",2012.0,2002.0,1992.0
2021102671,ヨリナエスポワール,牡,吉井竜一,,エスポワールシチー,2005102837,イナーシャ,2015102962,ハードスパン,000a0116a1,辻子依旦,川越ファーム,"1,025.0",2005.0,2015.0,2004.0
2021103866,クロダブシ,牡,藤ケ崎一,,ジャスタウェイ,2009106461,マルルー,2015104374,キングカメハメハ,2001103460,近藤芳光,サンデーヒルズ,"1,024.1",2009.0,2015.0,2001.0
2021106664,エアースタージョイ,牡,矢野義幸,,ディスクリートキャット,000a0113a1,グラッドリー,2003100673,アグネスタキオン,1998101516,西村亮二,ハクツ牧場,"1,024.0",2003.0,2003.0,1998.0
2021102919,ワイドモヒート,牡,藤岡健一,,リアルスティール,2012104889,リーベグランツ,2015104084,ノヴェリスト,000a012230,幅田昌伸,谷川牧場,"1,023.0",2012.0,2015.0,2009.0
2021104154,キャルベイクルーズ,牡,森澤友貴,,レイデオロ,2014106201,ベストクルーズ,2007100569,クロフネ,1998110135,里見治,千代田牧場,"1,022.0",2014.0,2007.0,1998.0
2021106474,ハナチルサト,牝,宇野木博,,トランセンド,2006104736,スエツムハナ,2013106255,ゼンノロブロイ,2000101517,内田玄祥,中地広大,"1,021.5",2006.0,2013.0,2000.0
2021105388,ゴンザーゴ,牡,福永敏,,ブリックスアンドモルタル,000a014377,アンフィトリテ,2015104662,ロードカナロア,2008103552,プレディクトレーシング,ノーザンファーム,"1,021.0",2014.0,2015.0,2008.0
2021105287,ルージュピルエット,牝,大久保龍,,キズナ,2010105827,レッドアトゥ,2014101979,カジノドライヴ,2005110112,東京ホースレーシング,社台ファーム,"1,021.0",2010.0,2014.0,2005.0
2021110107,グランメドウ,牡,藤岡健一,,American Pharoah,000a012aad,Meadow Breeze,000a01565a,Meadowlake,000a001c0e,前原敏行,Betz/D. J. Stables/CoCo/Burns/American Pharoah Syndicate,"1,020.0",2012.0,2004.0,1983.0
2021105212,アスクハッピーモア,牡,田村康仁,,エピファネイア,2010104155,ブロンクスシルバー,2011104476,クロフネ,1998110135,廣崎利洋ＨＤ,社台ファーム,"1,020.0",2010.0,2011.0,1998.0
2021104117,ノブノリッキー,牡,庄子昭彦,,コパノリッキー,2010106548,スマイリーパワポケ,2014104811,スウェプトオーヴァーボード,000a00fa34,豊島愛子,千代田牧場,"1,020.0",2010.0,2014.0,1997.0
2021101800,マサノヒーロー,牡,齊藤敏,,マインドユアビスケッツ,000a01392e,マサノヒロイン,2013100686,ゴールドヘイロー,1997101264,中村時子,道見牧場,"1,020.0",2013.0,2013.0,1997.0
2021100011,サダージ,牝,萱野浩二,,シュヴァルグラン,2012104759,タマユラ,2011110057,Tamayuz,000a011c79,石井義人,稲葉牧場,"1,020.0",2012.0,2011.0,2005.0
2021101084,ウインアザレア,牝,塚田隆男,,マインドユアビスケッツ,000a01392e,ウインミモザ,2013102187,ゴールドアリュール,1999106689,酒井孝敏,荒井ファーム,"1,018.5",2013.0,2013.0,1999.0
2021102036,プレストガウディー,牡,佐々木清,,アポロキングダム,2003110139,マイキャラット,2015105955,オルフェーヴル,2008102636,（有）ランドエコノミ,ベルサイユステーブル,"1,017.0",2003.0,2015.0,2008.0
2021105528,サトノエンパイア,牡,赤嶺亮,,サトノクラウン,2012104668,サトノアクシス,2016104842,ディープインパクト,2002100816,高山義朋,ノーザンファーム,"1,016.0",2012.0,2016.0,2002.0
2021105339,アーススピリット,牡,納谷和玖,,マインドユアビスケッツ,000a01392e,アースビーガ,2013102355,ゴールドアリュール,1999106689,松山増男,習志野牧場,"1,014.1",2013.0,2013.0,1999.0
2021100039,オーバルブーケ,牝,林正人,,エピカリス,2014103121,トピアリスト,2016101067,サウスヴィグラス,1996110138,島田明弘,沖田忠幸,"1,014.0",2014.0,2016.0,1996.0
2021106690,ペルフェツィオーネ,牡,杉山佳明,,ルーラーシップ,2007103143,クレオール,2012104914,チチカステナンゴ,000a011135,ローレルレーシング,ハシモトファーム,"1,013.0",2007.0,2012.0,1998.0
2021103675,テイクノート,牡,佐々木仁,,モーニン,2012110091,プリンセスボーラー,2012101074,メイショウボーラー,2001100650,吉橋英隆,神垣道弘,"1,013.0",2012.0,2012.0,2001.0
2021101898,ベストフィールド,牡,山下貴之,,ドレフォン,000a013b82,ホローポ,2015101815,ゼンノロブロイ,2000101517,前原敏行,長谷川牧場,"1,012.0",2013.0,2015.0,2000.0
2021105296,フィフティズ,牡,稲益貴弘,,ロードカナロア,2008103552,レディオブフィフティ,000a01440e,After Market,000a011e9d,西村健,社台ファーム,"1,011.1",2008.0,2009.0,2003.0
2021103267,ブラックバラード,セ,嘉藤貴行,,ダノンバラード,2008103548,メイショウグレア,2010105133,ジャングルポケット,1998101786,嶋田賢,三嶋牧場,"1,010.0",2008.0,2010.0,1998.0
2021101128,フェールブリエ,牡,井樋一也,,バンブーエール,2003104100,ラベルリュンヌ,2014106458,トーホウエンペラー,1996102712,谷口祐人,エトルタファーム,"1,009.6",2003.0,2014.0,1996.0
2021102441,ミノコクシュタルク,牡,大橋敬永,,カレンブラックヒル,2009106230,カレンシリエージョ,2015104988,ハービンジャー,000a011996,廣瀬普,びらとり牧場,"1,008.1",2009.0,2015.0,2006.0
2021104179,ツリーフロッグ,牡,辻野泰之,,キズナ,2010105827,レーヴァンドール,2014110046,Shackleford,000a012d4d,寺田寿男,千代田牧場,"1,008.0",2010.0,2014.0,2008.0
2021103158,ボルドーリスクレス,牡,戸部尚実,,コパノリッキー,2010106548,リトルリスキー,2009110018,Authorized,000a01139f,シグラップ・マネジメ,林孝輝,"1,007.7",2010.0,2009.0,2004.0
2021104666,グッドタイミング,牝,九日俊光,,パイロ,000a01176a,アイアムノココロ,2007102768,フジキセキ,1992109618,關美和,上水牧場,"1,007.4",2005.0,2007.0,1992.0
2021102024,ドウザンワン,牡,高月賢一,,パイロ,000a01176a,ミラクルロンド,2005102315,フジキセキ,1992109618,（株）ＢＺＨＯＬＤＩ,船越牧場,"1,007.0",2005.0,2005.0,1992.0
2021102581,クロスレイジング,牝,栗本陽一,,ホッコータルマエ,2009100921,エルビーローズ,2011105528,クロフネ,1998110135,吉田勝利,鵜木唯義,"1,006.5",2009.0,2011.0,1998.0
2021101240,ペプチドヒナタ,牡,胡本友晴,,シルバーステート,2013105903,ペプチドセマム,2015103011,エンパイアメーカー,000a010542,岡田龍太郎,木村牧場,"1,005.5",2013.0,2015.0,2000.0
2021100008,ホークマン,牡,粕谷昌央,,ホークビル,000a01327c,カラフルロマンス,2015102255,タイキシャトル,1994109686,Ｍｒ．ホース,稲葉牧場,"1,005.5",2013.0,2015.0,1994.0
2021101069,マジックオブラブ,牡,福田真広,,イスラボニータ,2011103565,シルバーフォー,2014110101,Majesticperfection,000a012669,福田泰宏,新井昭二牧場,"1,004.5",2011.0,2014.0,2006.0
2021100335,ボイラーメーカー,牡,藤ケ崎一,,サトノクラウン,2012104668,ルージュクール,2008110125,Redoute's Choice,000a00fe93,須藤英之,萩澤俊雄,"1,003.3",2012.0,2008.0,1996.0
2021103902,スター,牝,橋口慎介,,ハービンジャー,000a011996,ラルシュドール,2009106562,シンボリクリスエス,1999110099,西村健,静内ファーム,"1,003.1",2006.0,2009.0,1999.0
2021103509,トーケンレナン,牡,松浦裕之,,スノードラゴン,2008104268,ダイワラスター,2011100347,キングカメハメハ,2001103460,トーケンサービス,岡田スタッド,"1,000.5",2008.0,2011.0,2001.0
2021109129,コウユーカメサンヨ,牡,斉藤崇史,,スクワートルスクワート,000a000da4,ユニティ,2005103314,ワイルドラッシュ,000a0003a1,加治屋貞光,本田土寿,"1,000.0",1998.0,2005.0,1994.0
2021106033,トニーテソーロ,牡,真島二也,,ヘニーヒューズ,000a011155,アイライン,2012100048,ローレルゲレイロ,2004100933,了徳寺健二ホールディングス,アラキファーム,"1,000.0",2003.0,2012.0,2004.0
2021105308,レッドスフェーン,セ,林徹,,リアルスティール,2012104889,エクセレントデザイン,000a014349,Exceed And Excel,000a010a61,東京ホースレーシング,社台牧場,"1,000.0",2012.0,2014.0,2000.0
2021103146,ルミナスサンライズ,牝,浜田多実,,シャンハイボビー,000a0127e4,レインボーローズ,2007100271,アグネスタキオン,1998101516,松岡隆雄,信岡牧場,"1,000.0",2010.0,2007.0,1998.0
2021102685,セイウンチドリ,牝,村田一誠,,ロードカナロア,2008103552,ニシノマナムスメ,2004102569,アグネスタキオン,1998101516,西山茂行,ガーベラパークスタッド,"1,000.0",2008.0,2004.0,1998.0
2021101072,ララヴィエルジュ,牝,堀内岳志,,ヴィクトワールピサ,2007102923,ツルマルオトメ,2002102982,タイキシャトル,1994109686,木村牧場,新井昭二牧場,"1,000.0",2007.0,2002.0,1994.0
2021100625,ダイチジェム,牡,飯田弘道,,トビーズコーナー,000a011fed,ラブヴィサージュ,2016102317,ノボジャック,1997110152,小橋亮太,荻伏服部牧場,999.0,2008.0,2016.0,1997.0
2021101529,ケイティキセキ,牡,高橋宏征,,キンシャサノキセキ,2003110212,スイートポーラ,2011109109,スウェプトオーヴァーボード,000a00fa34,瀧本和義,シンボリ牧場,996.9,2003.0,2011.0,1997.0
2021105713,ヴィントシュティレ,牝,古澤悟,,モーリス,2011100655,ピュアブリーゼ,2008103279,Monsun,000a010db6,栗嶋豊明,ノーザンファーム,995.0,2011.0,2008.0,1990.0
2021110098,カフジニホニウム,牡,前川恭子,,Kitten's Joy,000a0119b3,Broken Dreams,000a01d5b7,Broken Vow,000a0101a0,加藤守,Glen Hill Farm,993.0,2001.0,2006.0,1997.0
2021104927,リリエンフェルト,牝,高馬元紘,,ルーラーシップ,2007103143,リリカルホワイト,2013106153,ダイワメジャー,2001103114,ネコメンレーシング,社台コーポレーション白老ファーム,992.1,2007.0,2013.0,2001.0
2021102020,ハチャトリアン,牡,今津勝之,,レッドファルクス,2011104416,スクリーンデビュー,2011104990,スクリーンヒーロー,2004103328,（同）ＪＰＮ技研,船越牧場,992.0,2011.0,2011.0,2004.0
2021104481,ビアフォーナウ,牝,池上昌和,,バトルプラン,000a0118e8,カリストーガ,2014106476,ダノンシャンティ,2007105709,小林由明,北洋牧場,990.0,2005.0,2014.0,2007.0
2021103798,バルサミコ,牝,小手川準,,オルフェーヴル,2008102636,サウンタ,000a013db9,Invincible Spirit,000a01056d,村島昭男,坂本智広,990.0,2008.0,2009.0,1997.0
2021103720,カルネヴァーレ,牝,菊沢隆徳,,ダノンレジェンド,2010110102,ゴールドフェスタ,2008110014,Medaglia d'Oro,000a010a65,是枝浩平,グランド牧場,990.0,2010.0,2008.0,1999.0
2021100949,ティンダルナイン,牝,櫻田浩樹,,アメリカンペイトリオット,000a013bba,ピンクブリザード,2014106086,ダイワメジャー,2001103114,大黒富美子,フクオカファーム,989.6,2013.0,2014.0,2001.0
2021101088,テイキットイージー,牡,萱野浩二,,ゴールドシップ,2009102739,コスモマイルール,2011105730,ルールオブロー,000a010d7d,ビッグレッドファーム,荒井ファーム,988.0,2009.0,2011.0,2001.0
2021106648,ベネメレンティ,牝,前川恭子,,ニューイヤーズデイ,000a014589,ブルーモーメント,2007104764,ダンスインザダーク,1993109188,前田幸治,ノースヒルズ,987.0,2011.0,2007.0,1993.0
2021100053,ミスファントム,牝,山田徹,,スワーヴリチャード,2014106083,エクディス,2013106085,クロフネ,1998110135,福田達也,沖田博志,987.0,2014.0,2013.0,1998.0
2021100552,ココナッツガーデン,牡,荒山勝徳,,ダノンレジェンド,2010110102,ガーデンズキュー,2012104043,ワイルドラッシュ,000a0003a1,太田匡哉,レースホース牧場,986.5,2010.0,2012.0,1994.0
2021104561,キタノライジン,牡,福田真広,,ホッコータルマエ,2009100921,メジャービクトリー,2002105368,ヘクタープロテクター,000a000d6b,北所拓也,見上牧場,986.0,2009.0,2002.0,1988.0
2021102987,ミスズサンダスノー,牝,長谷川浩,,サンダースノー,000a013a06,スズカローラン,2002103112,サンデーサイレンス,000a00033a,永井啓弍,辻牧場,985.0,2014.0,2002.0,1986.0
2021106249,マルーントリック,牝,佐藤祐司,,カリフォルニアクローム,000a012602,ステージトリック,000a011e0b,Distorted Humor,000a0022ea,佐藤信廣,佐藤牧場,983.2,2011.0,2006.0,1993.0
2021110138,グランエシェゾー,牝,高橋文雅,,シャープアステカ,000a013e22,Crescenda,000a01f21c,Bowman's Band,000a015014,フォレストレーシング,Robert Bruce Walker,983.0,2013.0,2007.0,1998.0
2021110063,メイプルギャング,牡,中竹和也,,War Front,000a011d00,Crimson Maple,000a01d28b,Rahy,000a001c5e,加藤誠,Colts Neck Stables LLC,982.0,2002.0,2003.0,1985.0
2021105709,カンバーランド,牝,高橋義忠,,ドゥラメンテ,2012104511,ビッグワールド,000a013db3,Custom for Carlos,000a012b46,シルクレーシング,ノーザンファーム,982.0,2012.0,2013.0,2006.0
2021105325,モルフェウス,牡,細川忠義,,レッドファルクス,2011104416,エムオークィーン,2015105316,スマートファルコン,2005100097,国田正忠,ゼットステーブル,980.0,2011.0,2015.0,2005.0
2021100303,ブリオメンテ,牡,千田輝彦,,ドゥラメンテ,2012104511,フィールグリュック,2009106456,ストラヴィンスキー,000a00fa41,前原敏行,中田英樹,980.0,2012.0,2009.0,1996.0
2021100179,ポップスター,セ,南田美知,,シャンハイボビー,000a0127e4,ルレシャンテ,2014105590,ヴィクトワールピサ,2007102923,久松朋史,斉藤スタッド,980.0,2010.0,2014.0,2007.0
2021105718,ベストディシジョン,セ,宮川浩一,,ダイワメジャー,2001103114,ファイナルディシジョン,000a013dae,Super Saver,000a012d51,福盛訓之,ノーザンファーム,978.5,2001.0,2013.0,2007.0
2021106785,コスモエスメラルダ,牝,森山英雄,,ゴールドシップ,2009102739,コスモリープリング,2010103311,ヤマニンセラフィム,1999104188,山邉浩,ビッグレッドファーム,977.3,2009.0,2010.0,1999.0
2021101658,ラクスガウディ,牡,田村彰啓,,アドマイヤムーン,2003102991,スピリットレイク,2010100632,Invincible Spirit,000a01056d,組）情熱牧場組合,ダーレー・ジャパン・ファーム,977.2,2003.0,2010.0,1997.0
2021103583,オアシスドール,牝,新井清重,,キタサンブラック,2012102013,オアシスクイーン,2014104352,シニスターミニスター,000a011099,村上憲政,岡田牧場,976.0,2012.0,2014.0,2003.0
2021107086,ビックス,牡,那俄性哲,,シュヴァルグラン,2012104759,ポートレイト,2013101702,ベーカバド,000a011dc0,白戸光広,メイタイファーム,975.5,2012.0,2013.0,2007.0
2021105546,サンブノワ,牡,迫田清美,,ブリックスアンドモルタル,000a014377,サンティール,2014105929,ハービンジャー,000a011996,服部康夫,ノーザンファーム,975.2,2014.0,2014.0,2006.0
2021105897,フェルメール,牡,福田真広,,リアルインパクト,2008103244,レーゲンボーゲン,2002106230,フレンチデピュティ,000a00013a,池谷誠一,ノーザンファーム,975.0,2008.0,2002.0,1992.0
2021101107,ライヴキティ,牝,渡邊貴光,,ルーラーシップ,2007103143,アルゴロオジエ,2014101904,ハーツクライ,2001103038,澤田孝之,ヴェルサイユファーム,974.0,2007.0,2014.0,2001.0
2021101873,ティーズフリーク,牡,水野貴史,,スマートファルコン,2005100097,ウルトラエナジー,2005104330,マヤノトップガン,1992102988,立山伸二,ノースガーデン,973.5,2005.0,2005.0,1992.0
2021106631,ダンデライオン,牝,河津裕昭,,キズナ,2010105827,ジャルダンスクレ,2010110072,Medaglia d'Oro,000a010a65,前田幸大,ノースヒルズ,973.0,2010.0,2010.0,1999.0
2021105673,マルチライセンス,セ,遠藤茂,,ブリックスアンドモルタル,000a014377,トップライセンス,2013105841,キンシャサノキセキ,2003110212,（株）バストアップコ,ノーザンファーム,973.0,2014.0,2013.0,2003.0
2021101488,ソニックドライブ,牝,田中克典,,スワーヴリチャード,2014106083,ホーカーハリケーン,2006103135,ネオユニヴァース,2000101426,ヒダカ・ブリーダーズ・ユニオン,白井牧場,973.0,2014.0,2006.0,2000.0
2021101386,コールミーメイビー,牝,小崎憲,,リオンディーズ,2013105915,カーリンホーク,000a013e1b,Curlin,000a011734,吉田勝利,下河辺牧場,972.5,2013.0,2010.0,2004.0
2021104820,メアヴィア,牝,金成貴史,,ミッキーロケット,2013106099,スイートシャイン,2014102655,ディープブリランテ,2009105084,尾上寿夫,笹川大晃牧場,972.0,2013.0,2014.0,2009.0
2021101110,リベルテ,牡,永田幸宏,,エピカリス,2014103121,クイックステップ,2016103018,モンテロッソ,000a011b05,倉田吉一郎,ヴェルサイユファーム,971.7,2014.0,2016.0,2007.0
2021105839,サンダーユニバンス,牡,戸田博文,,ドレフォン,000a013b82,ラテラス,2012110112,Harlan's Holiday,000a010cdf,亀井哲也,ノーザンファーム,970.0,2013.0,2012.0,1999.0
2021103118,セイウンサニー,牝,冨田敏男,,リーチザクラウン,2006102923,セイウンヒマワリ,2010105018,ステイゴールド,1994108729,冨田藤男,日進牧場,970.0,2006.0,2010.0,1994.0
2021109033,エムティウノ,牡,川島洋人,,バゴ,2001190004,キョウエイセプター,2010104668,オレハマッテルゼ,2000101550,安喰武雄,坂下栄蔵,968.1,2001.0,2010.0,2000.0
2021100867,プレストマーヴェル,牝,小沢宏次,,ポアゾンブラック,2009102733,ローザルージュ,2013102478,キンシャサノキセキ,2003110212,（有）ランドエコノミ,富塚ファーム,966.7,2009.0,2013.0,2003.0
2021102913,ファセット,牝,茂木浩幸,,マジェスティックウォリアー,000a011e9c,メモリーフェイス,2014103304,エンパイアメーカー,000a010542,高田耕平,谷川牧場,965.0,2005.0,2014.0,2000.0
2021110105,ジャミラヌール,牝,高柳瑞樹,,Uncle Mo,000a011ffb,ライラヌール,000a01be54,Midnight Lute,000a011c22,社台レースホース,Shadai Farm,963.0,2008.0,2015.0,2003.0
2021105907,フォートボヤール,牡,辻哲英,,ミッキーアイル,2011103916,ローエキスキーズ,2013110035,Oasis Dream,000a010d4f,サンデーレーシング,ノーザンファーム,963.0,2011.0,2013.0,2000.0
2021107356,ドレアンティア,牝,飯田祐史,,ドレフォン,000a013b82,スズカシャンティー,2005100303,Giant's Causeway,000a0022e1,ＹＧＧホースクラブ,大作ステーブル,962.0,2013.0,2005.0,1997.0
2021107024,チャンチャン,牡,納谷和玖,,ナムラタイタン,2006101408,メモリアビアンカ,2009109133,クロフネ,1998110135,石川貴久,ムラカミファーム,961.7,2006.0,2009.0,1998.0
2021101064,ノイヤー,牝,高橋亮,,ニューイヤーズデイ,000a014589,メモリーレーン,2011103618,ダイワメジャー,2001103114,カナヤマホールディングス,天羽禮治,961.0,2011.0,2011.0,2001.0
2021102499,トモノシルバー,牝,松本隆宏,,モーニン,2012110091,オタカラハッケン,2013102331,オペラハウス,000a000d77,（株）大高建設,様似共栄牧場,960.9,2012.0,2013.0,1988.0
2021106104,ロジプラヤ,牡,新開幸一,,ルーラーシップ,2007103143,チャオプラヤ,2011106514,ネオユニヴァース,2000101426,久米田正明,オリエント牧場,960.0,2007.0,2011.0,2000.0
2021105889,ミッドナイトホーク,セ,石井勝男,,リアルスティール,2012104889,レディホークフィールド,000a013db7,Hawk Wing,000a010d4d,福永實,ノーザンファーム,960.0,2012.0,2006.0,1999.0
2021105478,エリカリーシャン,牝,国枝栄,,エピファネイア,2010104155,ガラアフェアー,2009106387,ダイワメジャー,2001103114,三木正浩,ノーザンファーム,960.0,2010.0,2009.0,2001.0
2021104050,ニシノオウジョ,牝,渋谷信博,,リーチザクラウン,2006102923,ニシノオウレイ,2013102929,ダイワメジャー,2001103114,和氣竜彦,棚川祐志,960.0,2006.0,2013.0,2001.0
2021102151,モズイージス,牡,高橋康之,,サンダースノー,000a013a06,モズカッチャン,2014102565,ハービンジャー,000a011996,ＪＰＮ技研,目黒牧場,960.0,2014.0,2014.0,2006.0
2021101073,クロームウルフ,牡,平田正一,,カリフォルニアクローム,000a012602,ハイレイヤー,2007103230,シンボリクリスエス,1999110099,今中俊平,新井昭二牧場,959.5,2011.0,2007.0,1999.0
2021106778,コスモタラゴン,牡,武井和実,,ロージズインメイ,000a010a10,コスモウーノ,2015100697,カネヒキリ,2002100978,北原大史,ビッグレッドファーム,958.1,2000.0,2015.0,2002.0
2021100486,リアルモハメド,牡,福永敏,,リオンディーズ,2013105915,ジュエルクイーン,2012102600,キンシャサノキセキ,2003110212,（株）ＴＳホールディ,明治牧場,957.6,2013.0,2012.0,2003.0
2021102306,ナイスカプチーノ,牡,内田勝義,,ジョーカプチーノ,2006100529,ナイスサンフラワー,2011104322,サクラバクシンオー,1989108341,井手慶祐,赤石牧場,957.5,2006.0,2011.0,1989.0
2021100369,トンボ,牡,高月賢一,,ドレフォン,000a013b82,エポキシ,2009106178,ディープインパクト,2002100816,（同）ＪＰＮ技研,広田牧場,956.6,2013.0,2009.0,2002.0
2021103649,ユメゴテン,牝,橋本和馬,,エイシンヒカリ,2011101273,ユメノヒト,2012102796,サウスヴィグラス,1996110138,和田博美,カタオカステーブル,956.0,2011.0,2012.0,1996.0
2021101245,カチヌキマリコ,牝,林隆之,,カルストンライトオ,1998103333,クラウンアイリス,2011109160,ロドリゴデトリアーノ,000a000d71,矢野まり子,クラウン日高牧場,956.0,1998.0,2011.0,1989.0
2021104554,リメリック,牡,小林義明,,ダノンバラード,2008103548,マジックビクトリア,2004105106,オペラハウス,000a000d77,山下勇,松田牧場,955.1,2008.0,2004.0,1988.0
2021104952,アスクヒロイズガイ,牡,野中賢二,,マインドユアビスケッツ,000a01392e,アンバーミニー,2014105747,ダイワメジャー,2001103114,廣崎利洋ＨＤ,社台ファーム,955.0,2013.0,2014.0,2001.0
2021106199,ウインドラート,牡,水野貴広,,ゴールドシップ,2009102739,ウインジェルベーラ,2015100231,アイルハヴアナザー,000a011ed3,ウイン,コスモヴューファーム,954.8,2009.0,2015.0,2009.0
2021107100,ナックブレット,牡,立花伸,,ヘニーヒューズ,000a011155,レッドアンコール,2011105412,キングカメハメハ,2001103460,小松欣也,森永聡,953.0,2003.0,2011.0,2001.0
2021100412,ゲンパチエトワール,牝,西田雄一,,ニューイヤーズデイ,000a014589,ディナシー,2006103281,キングカメハメハ,2001103460,平野武志,前川勝春,953.0,2011.0,2006.0,2001.0
2021100151,ロードアフェット,牡,高柳瑞樹,,キズナ,2010105827,ティアーモ,2010101353,キングカメハメハ,2001103460,ロードホースクラブ,ケイアイファーム,953.0,2010.0,2010.0,2001.0
2021105597,ティアード,牝,森下淳平,,ワールドエース,2009106353,ジンジャーミスト,2010104167,Bernardini,000a0111fe,吉田和美,ノーザンファーム,952.0,2009.0,2010.0,2003.0
2021103177,タイキジパング,牡,谷潔,,シルバーステート,2013105903,フェリーチェ,2015103314,モンテロッソ,000a011b05,大樹ファーム,ビクトリーホースランチ,951.5,2013.0,2015.0,2007.0
2021105244,スピンザブラッド,牡,萩原清,,ブリックスアンドモルタル,000a014377,マンハッタンセレブ,2003102531,サンデーサイレンス,000a00033a,ＮＩＣＫＳ,社台ファーム,951.2,2014.0,2003.0,1986.0
2021103761,マイドオオキニ,牝,石橋満,,ヘンリーバローズ,2015104813,ルージェリティ,000a012e7b,Dubawi,000a0115e2,小菅誠,グランド牧場,951.0,2015.0,2012.0,2002.0
2021105747,プリュノワール,牝,浅利英明,,ロードカナロア,2008103552,プチノワール,2005102710,シングスピール,1992190005,シルクレーシング,ノーザンファーム,950.0,2008.0,2005.0,1992.0
2021101289,ディーノサンライズ,牝,井樋一也,,シルバーステート,2013105903,ハタノファベルジェ,2008105440,Lemon Drop Kid,000a0022d0,犬飼優,グッドラック・ファーム,949.2,2013.0,2008.0,1996.0
2021106034,ヤマメクィーン,牝,加藤和宏,,アニマルキングダム,000a011dad,アラフネ,2009104441,クロフネ,1998110135,ファーストビジョン,アラキファーム,947.7,2008.0,2009.0,1998.0
2021106296,アルピニスト,牝,米田英世,,ヘニーヒューズ,000a011155,アルマレイモミ,2013102171,Uncle Mo,000a011ffb,鶴見恵理,須崎牧場,946.0,2003.0,2013.0,2008.0
2021101413,グレイトフルペイン,牝,赤嶺亮,,ダイワメジャー,2001103114,タピルージュ,2006105507,ワイルドラッシュ,000a0003a1,ＣＨＥＶＡＬＡＴＴＡＣＨＥ,下河辺牧場,946.0,2001.0,2006.0,1994.0
2021101435,リトルカリッジ,牝,菅原右吉,,アジアエクスプレス,2011110091,ブレイヴフィート,2010100464,キングカメハメハ,2001103460,下河辺牧場,下河辺牧場,945.5,2011.0,2010.0,2001.0
2021107137,サウンドクラージュ,牡,鈴木啓之,,マジェスティックウォリアー,000a011e9c,ワイズドリーム,2006110110,Yes It's True,000a010753,増田雄一,山岡牧場,944.5,2005.0,2006.0,1996.0
2021100648,ウィスピースノー,牝,茂崎正善,,ワールドエース,2009106353,ハイリマイリ,2013102836,アドマイヤムーン,2003102991,小谷昌吾,笠松牧場,944.0,2009.0,2013.0,2003.0
2021106697,エンパス,牝,坂口義幸,,ベストウォーリア,2010110127,パールブロッサム,2009102974,アドマイヤドン,1999107052,（同）ＪＰＮ技研,ハシモトファーム,943.3,2010.0,2009.0,1999.0
2021102746,コタツデミカン,牡,渡邊貴光,,キンシャサノキセキ,2003110212,ナミノリゴリラ,2012101124,スウェプトオーヴァーボード,000a00fa34,蔀英二,木村牧場,941.5,2003.0,2012.0,1997.0
2021104395,サンドオブエテル,牡,蛯名正義,,カリフォルニアクローム,000a012602,エテルナミノル,2013104783,エンパイアメーカー,000a010542,嶋田賢,フジワラファーム,940.5,2011.0,2013.0,2000.0
2021103488,ジャンヌローサ,牝,井上智史,,イスラボニータ,2011103565,オルレアンローズ,2013101869,ベーカバド,000a011dc0,ノルマンディーサラブレッドレーシング,岡田スタッド,940.0,2011.0,2013.0,2007.0
2021101015,スーパーバイザー,牡,菊沢隆徳,,ルーラーシップ,2007103143,セレブレーション,2015103861,ハーツクライ,2001103038,高嶋航,吉田ファーム,940.0,2007.0,2015.0,2001.0
2021107144,ガイアエクスプレス,牡,長倉功,,アジアエクスプレス,2011110091,ゴッドビラブドミー,2004100969,ブライアンズタイム,000a000082,犬塚悠治郎,芳住鉄兵,938.5,2011.0,2004.0,1985.0
2021110007,イーブンナウ,牝,東田明士,,Catholic Boy,000a01bdd4,イヴニングコール,000a01bdfe,Tapit,000a011248,サンデーレーシング,Northern Racing,938.0,2015.0,2017.0,2001.0
2021105229,シーニックビュー,牡,金成貴史,,キズナ,2010105827,ベストロケーション,2005102308,クロフネ,1998110135,社台レースホース,社台ファーム,938.0,2010.0,2005.0,1998.0
2021103185,ヘクトプリンセス,牝,嶋田幸晴,,ダノンレジェンド,2010110102,レディブライアン,2000104213,ブライアンズタイム,000a000082,会田裕一,松田憲一,938.0,2010.0,2000.0,1985.0
2021101636,シークレットマター,セ,櫻井今朝,,ディスクリートキャット,000a0113a1,エンクリプション,2015101663,ストーミングホーム,1998190003,（同）ＪＰＮ技研,ダーレー・ジャパン・ファーム,935.8,2003.0,2015.0,1998.0
2021110002,ワールドシリーズ,牡,秋山真一,,No Nay Never,000a013cf5,エリーシエズワールド,000a01bdaf,Champs Elysees,000a012551,シルクレーシング,Northern Racing,934.2,2011.0,2013.0,2003.0
2021103094,サウスヴィル,牝,古澤悟,,ヤマカツエース,2012102774,ポレイア,2009101362,ゴールドアリュール,1999106689,廣田優生,中島牧場,934.2,2012.0,2009.0,1999.0
2021100540,アルプスオジョー,牝,小西一男,,パイロ,000a01176a,イザベルドスメーン,2007102737,スペシャルウィーク,1995103211,ターフ・スポート,米田牧場,933.0,2005.0,2007.0,1995.0
2021100604,ナムラルッコラ,牝,大橋勇樹,,トビーズコーナー,000a011fed,ナムララピス,2006104580,キングヘイロー,1995104427,奈村睦弘,王蔵牧場,932.8,2008.0,2006.0,1995.0
2021101851,セレナエフォール,牝,新井清重,,パイロ,000a01176a,アディシオン,2010103732,マンハッタンカフェ,1998101554,島川利子,日西牧場,932.0,2005.0,2010.0,1998.0
2021104316,ボビーニクビッタケ,牝,宮徹,,シャンハイボビー,000a0127e4,フェアレディ,2015106096,ハーツクライ,2001103038,小林祥晃,服部牧場,931.0,2010.0,2015.0,2001.0
2021106347,ピクラリーダ,牝,清水英克,,ブラックタイド,2001103312,ハイフリート,2008104622,アフリート,000a000013,ディアレストクラブ,武田牧場,930.0,2001.0,2008.0,1984.0
2021105290,イルデポート,牡,瀬戸口悟,,ハービンジャー,000a011996,レッドサクヤ,2015104324,ディープインパクト,2002100816,谷掛龍夫,社台ファーム,930.0,2006.0,2015.0,2002.0
2021104658,ドンアレス,牡,藪口一麻,,リアルスティール,2012104889,アンソニカ,2007110110,Purge,000a011156,（有）総武開発,市川牧場,930.0,2012.0,2007.0,2001.0
2021102656,ハッピーマインド,牡,天間昭一,,マインドユアビスケッツ,000a01392e,マイネフェリックス,2007104909,アグネスデジタル,1997110025,ビッグレッドファーム,金石牧場,930.0,2013.0,2007.0,1997.0
2021103441,ヨッコサン,牝,田島寿一,,ゴールデンマンデラ,2017110001,ウエスタンバーキン,2016105435,ダンカーク,000a012185,組）ゴッテスフルス,ウエスタンファーム,929.0,2017.0,2016.0,2006.0
2021104020,ヴィヴァムーン,牡,酒井仁,,エイシンフラッシュ,2007102951,ヴィヴァルディ,2011102203,シンボリクリスエス,1999110099,小橋亮太,武牧場,928.2,2007.0,2011.0,1999.0
2021100247,タイガードラゴン,牡,畠山信一,,ミュゼスルタン,2012104118,ミュゼリトルガール,2011105496,ディープインパクト,2002100816,辻高史,タツヤファーム,927.6,2012.0,2011.0,2002.0
2021106537,タガノディオーサ,牝,新子雅司,,デクラレーションオブウォー,000a0136f6,アルーア,2009106427,ディープインパクト,2002100816,八木良司,新冠タガノファーム,926.5,2009.0,2009.0,2002.0
2021102494,ブーケドグレイス,牝,相沢郁,,ヴァンセンヌ,2009106525,グレースローラ,2012102097,アサクサデンエン,1999110191,ノルマンディーサラブレッドレーシング,小田牧場,926.0,2009.0,2012.0,1999.0
2021100559,ジャンバラヤ,牡,錦見勇夫,,シルバーステート,2013105903,スモモチャン,2013105586,ハービンジャー,000a011996,錦見日出雄,秋場牧場,926.0,2013.0,2013.0,2006.0
2021102908,グランゲレーロ,牡,田中範雄,,マジェスティックウォリアー,000a011e9c,ボーントゥブーギー,000a0117c0,TOBOUGG,000a00fea3,グリーンファーム,谷川牧場,925.5,2005.0,2005.0,1998.0
2021105652,ミクロフィラム,牝,竹下直人,,リアルスティール,2012104889,ティッカーコード,2012104719,Giant's Causeway,000a0022e1,ファーストビジョン,ノーザンファーム,923.7,2012.0,2012.0,1997.0
2021101331,ポップコーン,牡,平山真希,,ベストウォーリア,2010110127,ゲッテルフンケン,2016101806,ストロングリターン,2006102934,（株）ＭＭＣ,サンシャイン牧場,923.5,2010.0,2016.0,2006.0
2021109021,リトルシスター,牝,石川栄,,アルデバランII,000a010541,オープンシャッセ,2007103055,ダンスインザダーク,1993109188,藤元厚雄,風ノ丘ファーム,923.4,1998.0,2007.0,1993.0
2021106022,ミユキコクシムソウ,牡,堀江仁,,モーニン,2012110091,パレスメダーリア,2009104436,ハーツクライ,2001103038,村田裕子,安達牧場,923.0,2012.0,2009.0,2001.0
2021105881,レッドレクス,牡,後藤佑耶,,ロードカナロア,2008103552,レッドオルガ,2014105849,ディープインパクト,2002100816,（株）東京ホースレー,ノーザンファーム,921.5,2008.0,2014.0,2002.0
2021104752,ラウダブル,牡,池江泰寿,,キズナ,2010105827,クイーンカトリーン,000a013db8,Acclamation,000a0122b0,Ｇ１レーシング,追分ファーム,921.0,2010.0,2011.0,1999.0
2021103922,シントーユタカ,牝,瀬戸幸一,,ユアーズトゥルーリ,2016104391,エクスタシー,2015105754,ルースリンド,2001106791,川原崇弘,静内山田牧場,920.8,2016.0,2015.0,2001.0
2021106206,ウインラウダ,牡,梅田智之,,マクフィ,000a011c77,ウインミレーユ,2013101434,ステイゴールド,1994108729,ウイン,コスモヴューファーム,920.0,2007.0,2013.0,1994.0
2021105536,ルージュサリナス,牝,加藤公太,,キタサンブラック,2012102013,サファリミス,000a012b0a,Not For Sale,000a011fae,東京ホースレーシング,ノーザンファーム,920.0,2012.0,2011.0,1994.0
2021102641,グランルーチェ,セ,庄野靖志,,ダンカーク,000a012185,グランシェリー,2011105974,アルデバランII,000a010541,間宮秀直,カナイシスタッド,920.0,2006.0,2011.0,1998.0
2021101261,マリノルージュ,牝,宗形竹見,,シャンハイボビー,000a0127e4,ナナリー,2010100665,Doyen,000a010533,和田志保,クラウン日高牧場,920.0,2010.0,2010.0,2000.0
2021104689,リネンワルツ,牝,濱田一夫,,アメリカンペイトリオット,000a013bba,ファウンテンジョイ,2006102465,スウェプトオーヴァーボード,000a00fa34,戸山光男,宇南山牧場,919.9,2013.0,2006.0,1997.0
2021103010,オウケンベリー,牝,松永康利,,コパノリッキー,2010106548,ブルースガール,2014103350,オウケンブルースリ,2005102548,福井明,辻牧場,918.0,2010.0,2014.0,2005.0
2021103526,ファセリア,牡,横山保,,スクリーンヒーロー,2004103328,ビスカリア,2012103663,ヴァーミリアン,2002100877,北原大史,岡田スタッド,917.5,2004.0,2012.0,2002.0
2021106917,ニキ,牡,野口寛仁,,ファインニードル,2013100612,シュネッラー,2015100813,オルフェーヴル,2008102636,程田真司,松浦牧場,917.2,2013.0,2015.0,2008.0
2021101950,フォレストゲート,牡,小手川準,,ダノンレジェンド,2010110102,キャンティユッキ,2011105392,マヤノトップガン,1992102988,チームユッキレーシング,広富牧場,917.0,2010.0,2011.0,1992.0
2021105361,グランアトミカ,牝,手塚貴久,,ダイワメジャー,2001103114,アトミカオロ,000a014271,Orpen,000a002326,シルクレーシング,ノーザンファーム,915.0,2001.0,2014.0,1996.0
2021101120,サンマルブーケ,牝,田中譲二,,ダイワメジャー,2001103114,ドゥーアール,2013102119,サウスヴィグラス,1996110138,今井高之,ヴェルサイユファーム,915.0,2001.0,2013.0,1996.0
2021107056,タイセイマーシャル,牡,山田信大,,ヘニーヒューズ,000a011155,ファーストチェア,2004103028,ジャングルポケット,1998101786,田中成奉,村田牧場,914.8,2003.0,2004.0,1998.0
2021106245,マイネルウォーリア,牡,倉富隆一,,ベストウォーリア,2010110127,エイシンピカデリー,2013110115,ハードスパン,000a0116a1,嶋田亘克,佐藤牧場,913.0,2010.0,2013.0,2004.0
2021101730,ピコサン,牡,長倉功,,モーリス,2011100655,シーイズチャンプ,2014104830,ダノンシャンティ,2007105709,（株）ジュエリーピ,チャンピオンズファーム,912.5,2011.0,2014.0,2007.0
2021106029,カプローニ,牝,板垣吉則,,イスラボニータ,2011103565,ランデックギブリ,2012104528,シンボリクリスエス,1999110099,小林裕典,安達牧場,912.4,2011.0,2012.0,1999.0
2021101433,オーヴァーマスター,牡,伊藤滋規,,キズナ,2010105827,ブリッジオーヴァー,2014102003,エンパイアメーカー,000a010542,下河辺牧場,下河辺牧場,912.0,2010.0,2014.0,2000.0
2021110152,ケンジョー,牡,坂井英光,,Gun Runner,000a0138fb,Be Fair,000a01f36e,Exchange Rate,000a011433,藤田晋,Lara Run LLC,911.0,2013.0,2006.0,1997.0
2021105972,ポマール,牝,小栗実,,エピファネイア,2010104155,ベルカプリ,2014106138,ダイワメジャー,2001103114,フォレストレーシング,レイクヴィラファーム,911.0,2010.0,2014.0,2001.0
2021106102,エコロライジン,牡,矢野英一,,バゴ,2001190004,シルクヴィーナス,2006104639,ティンバーカントリー,000a00035e,原村正紀,オリエント牧場,910.0,2001.0,2006.0,1992.0
2021105250,モスオーキッド,牝,渡邊貴光,,イスラボニータ,2011103565,ムニラー,000a012f03,Kitten's Joy,000a0119b3,レックス,社台ファーム,909.0,2011.0,2011.0,2001.0
2021106326,ペイシャニット,牝,別府真司,,カレンブラックヒル,2009106230,ヴェニット,2013101557,エンパイアメーカー,000a010542,ウエスト．フォレスト．ステイブル,隆栄牧場,908.5,2009.0,2013.0,2000.0
2021100090,エイシンコクスン,牝,大久保龍,,サトノダイヤモンド,2013106101,エーシンクールディ,2006110045,Distorted Humor,000a0022ea,栄進堂,木田牧場,908.0,2013.0,2006.0,1993.0
2021106200,ウインオーブ,牡,田口輝彦,,ジャスタウェイ,2009106461,ウインソワレ,2012100231,ロージズインメイ,000a010a10,吉田勝利,コスモヴューファーム,906.5,2009.0,2012.0,2000.0
2021101833,ジェイエルジェティ,牝,小西一男,,デクラレーションオブウォー,000a0136f6,ホウライアキコ,2011100693,ヨハネスブルグ,000a0103b9,橋元幸人,ナカノファーム,906.1,2009.0,2011.0,1999.0
2021106500,ベアサクシード,牡,南田美知,,シルバーステート,2013105903,グローリサンディ,2001102057,エイシンサンディ,1993103280,Ｍｒ．ホース,中本牧場,903.0,2013.0,2001.0,1993.0
2021101577,カレンマウラー,牡,堀江仁,,シュヴァルグラン,2012104759,カレンタントミール,2010100589,シェルゲーム,2001110087,村田裕子,高柳隆男,902.5,2012.0,2010.0,2001.0
2021100434,ボレロオブソロウ,牝,保利良次,,ストロングリターン,2006102934,イチリンソウ,2015101068,スマートファルコン,2005100097,石瀬浩三,松本牧場,902.5,2006.0,2015.0,2005.0
2021104089,パワームーブ,牡,高橋純,,トゥザワールド,2011103975,ヴィフォルテ,2002104902,デヒア,000a0000df,加藤和成,千代田牧場,902.1,2011.0,2002.0,1991.0
2021104267,ナムラドーギー,牡,石栗龍彦,,サトノアレス,2014105493,ナムラエメラルド,2008100057,ファンタスティックライト,1996190005,奈村睦弘,野坂牧場,902.0,2014.0,2008.0,1996.0
2021110004,オオタニサーン,牡,堀宣行,,Justify,000a013f2d,アメリカンソング,000a01bd5c,Stripes Song,000a01bd41,モンレーヴ,Grand Bokujo,900.0,2015.0,2013.0,2006.0
2021106361,ボナーテソーロ,牡,牧光二,,Nathaniel,000a011bdb,エブリナイスガール,000a014be3,Mizzen Mast,000a0109d3,了徳寺健二ホールディングス,田端牧場,900.0,2008.0,2014.0,1998.0
2021100315,ミシロウェイ,牡,新田守,,スズカコーズウェイ,2004104345,ビューティーリヨ,2008103687,ゴールドヘイロー,1997101264,高橋千恵子,ナカハシファーム,899.1,2004.0,2008.0,1997.0
2021102624,ラベンダージェイド,牝,平田正一,,トビーズコーナー,000a011fed,クリスタルヴィオレ,2001105170,Skip Away,000a00fcd7,谷口凜人,岡部雅樹,899.0,2008.0,2001.0,1993.0
2021104462,スターサルファー,牡,小沢宏次,,モーニン,2012110091,アールテンダネス,2008101716,クロフネ,1998110135,岡本育枝,へいはた牧場,898.5,2012.0,2008.0,1998.0
2021102722,スマートレザルト,牡,永島太郎,,オルフェーヴル,2008102636,スマートパルス,2006103037,クロフネ,1998110135,（株）大川徹ホール,杵臼牧場,898.5,2008.0,2006.0,1998.0
2021101621,フラッシュフリーズ,牝,田嶋弘幸,,ロードカナロア,2008103552,アイスコールド,2013100603,タニノギムレット,1999100226,宮田平,ダーレー・ジャパン・ファーム,898.0,2008.0,2013.0,1999.0
2021106216,ウインラグラス,牝,長谷川剛,,ストロングリターン,2006102934,コスモラパン,2011100988,スクリーンヒーロー,2004103328,鈴木道隆,コスモヴューファーム,897.2,2006.0,2011.0,2004.0
2021105890,ロクシアス,牡,国枝栄,,エピファネイア,2010104155,レトII,000a0117c4,Diesis,000a001815,インゼルレーシング,ノーザンファーム,896.0,2010.0,2003.0,1980.0
2021105007,ブライトマン,牡,蛯名正義,,キズナ,2010105827,キトゥンズダンプリングス,000a013da8,Kitten's Joy,000a0119b3,前田幸貴,社台ファーム,895.2,2010.0,2010.0,2001.0
2021101653,スキーサンダー,牝,張田京,,サンダースノー,000a013a06,スキースクール,2012101555,パイロ,000a01176a,茂木和久,ダーレー・ジャパン・ファーム,895.0,2014.0,2012.0,2005.0
2021100687,トッピゴー,牡,今津勝之,,デクラレーションオブウォー,000a0136f6,スマートレイチェル,2014103776,キングカメハメハ,2001103460,水野修,桑田牧場,894.3,2009.0,2014.0,2001.0
2021102438,イロメガネ,牡,雑賀伸一,,ヴァンセンヌ,2009106525,イロジカケ,2012100787,クロフネ,1998110135,内田玄祥,びらとり牧場,893.1,2009.0,2012.0,1998.0
2021106520,ダンツトレント,牡,古賀光範,,スワーヴリチャード,2014106083,トウカイアンジュ,2013101700,ハービンジャー,000a011996,山元哲二,長浜牧場,892.2,2014.0,2013.0,2006.0
2021102162,グディンナ,牝,牧田和弥,,ラブリーデイ,2010104298,アンドリエッテ,2012101989,ディープインパクト,2002100816,永田和彦,森永牧場,892.0,2010.0,2012.0,2002.0
2021100367,フークファンタジー,牝,柳澤好美,,アポロケンタッキー,2012110098,ナムラナデシコ,2009101762,フジキセキ,1992109618,福岡隆史,平野牧場,892.0,2012.0,2009.0,1992.0
2021106447,トレーナーチョイス,牡,阪本一栄,,ゴールドアクター,2011105266,バトルジェジェジェ,2011104933,ステイゴールド,1994108729,三宅勝俊,飛渡牧場,891.0,2011.0,2011.0,1994.0
2021102291,アトラスライズ,牝,鷹見浩,,モーニン,2012110091,シーブルー,2006104954,マンハッタンカフェ,1998101554,江里口弘一郎,若林順一,890.5,2012.0,2006.0,1998.0
2021101216,ストラクチャー,セ,和田正一,,リアルスティール,2012104889,サンヴィヴァン,2012104228,マンハッタンカフェ,1998101554,山内晃,木部ファーム,890.0,2012.0,2012.0,1998.0
2021101093,イケノツバメチャン,牝,渡辺博文,,バトルプラン,000a0118e8,イケノパシスタ,2013100050,ブラックタイド,2001103312,池添安雄,池添安雄,890.0,2005.0,2013.0,2001.0
2021100948,ニシノヴィヴィ,牝,矢野英一,,レッドファルクス,2011104416,ニシノリリアンヌ,2016101393,ジャスタウェイ,2009106461,西山茂行,フクオカファーム,890.0,2011.0,2016.0,2009.0
2021102469,ブライティアブエナ,牝,石井勝男,,シュヴァルグラン,2012104759,ブライティアパルス,2005104040,ダイタクリーヴァ,1997105873,小林昌志,雅牧場,889.8,2012.0,2005.0,1997.0
2021101815,ミレニアムバイオ,牡,森山雄大,,モンテロッソ,000a011b05,フラッシュバイオ,2011103874,ディープインパクト,2002100816,バイオ（株）,中館牧場,889.5,2007.0,2011.0,2002.0
2021107276,ロックシティボーイ,牡,鈴木義久,,City of Light,000a014375,ミシシッピコースト,000a01b9de,Super Saver,000a012d51,田頭勇貴,浜本牧場,889.4,2014.0,2016.0,2007.0
2021104954,インサイダー,牡,高橋清顕,,イスラボニータ,2011103565,アームズレングス,2013105570,ホワイトマズル,1990109700,今中俊平,社台ファーム,889.0,2011.0,2013.0,1990.0
2021103737,シューンカイゼリン,牝,佐藤悠太,,ドレフォン,000a013b82,ハナライ,2008110015,Medaglia d'Oro,000a010a65,モンレーヴ,グランド牧場,888.5,2013.0,2008.0,1999.0
2021103044,ユニヴェール,セ,月岡健二,,カリフォルニアクローム,000a012602,デヴェロッペ,2005103632,ボストンハーバー,000a00007c,（株）ＬＤＳ,ディアレストクラブ,888.0,2011.0,2005.0,1994.0
2021105506,ジョリーロジャー,牡,工藤裕孝,,ロジャーバローズ,2016106065,クローバーリーフ,2008103376,タニノギムレット,1999100226,鎌田隆哉,ノーザンファーム,887.5,2016.0,2008.0,1999.0
2021103466,テイエムビッグサー,牡,竹之下昭,,ビッグアーサー,2011103328,ロミウ,2017103251,クロフネ,1998110135,竹園正繼,大滝康晴,887.0,2011.0,2017.0,1998.0
2021100643,トレンシャリー,セ,菅原欣也,,ビッグアーサー,2011103328,シェリーカスク,2014103748,ハーツクライ,2001103038,大黒富美子,笠松牧場,886.6,2011.0,2014.0,2001.0
2021101364,ブルーオーソ,牡,新田守,,フリオーソ,2004106867,ペプチドブラッサム,2013103391,キングカメハメハ,2001103460,高橋千恵子,鹿戸和幸,886.5,2004.0,2013.0,2001.0
2021101344,オリオンハート,牝,川西毅,,マスクゾロ,2011110069,ヴィヴァント,2012103998,ハーツクライ,2001103038,近藤良寛,サンバマウンテンファーム,886.3,2011.0,2012.0,2001.0
2021100490,ドレシャス,牝,西園正都,,ドレフォン,000a013b82,プレシャスベガ,2011103614,キングカメハメハ,2001103460,杉山忠国,明治牧場,886.0,2013.0,2011.0,2001.0
2021103091,コーゲンシルバー,牡,井上弘之,,インカンテーション,2010104916,コーゲンスイスイ,2011105946,アドマイヤマックス,1999107004,（株）光元コーポレー,中島牧場,885.5,2010.0,2011.0,1999.0
2021100374,ニシノコルベット,牡,水野貴広,,アジアエクスプレス,2011110091,サプライズライン,2011102824,スウェプトオーヴァーボード,000a00fa34,西山茂行,藤巻則弘,885.0,2011.0,2011.0,1997.0
2021105722,オセアトップガン,牡,倉兼育康,,ニューイヤーズデイ,000a014589,ファージンゲール,2014110110,Shackleford,000a012d4d,蕭敬如,ノーザンファーム,882.5,2011.0,2014.0,2008.0
2021106806,コスモバシレウス,牡,宗形竹見,,ブリックスアンドモルタル,000a014377,ペンテシレイア,2007103113,ネオユニヴァース,2000101426,（有）ビッグレッドフ,ビッグレッドファーム,882.0,2014.0,2007.0,2000.0
2021104410,ミーハ,牡,安部幸夫,,シュヴァルグラン,2012104759,ダークマレイン,2009110071,サブミーカー,2005102676,門野重雄,フジワラファーム,881.6,2012.0,2009.0,2005.0
2021103041,アルヴァレス,牡,奥村武,,ビーチパトロール,000a0141f9,ディアバビアナ,2015103085,マツリダゴッホ,2003104570,ノルマンディーサラブレッドレーシング,ディアレストクラブ,881.0,2013.0,2015.0,2003.0
2021101321,パイロデキセキ,牡,鈴木義久,,パイロ,000a01176a,マイハーベスト,2013100986,キンシャサノキセキ,2003110212,安喰武雄,坂戸節子,880.8,2005.0,2013.0,2003.0
2021110157,オスカーブレーヴ,牡,吉村圭司,,Oscar Performance,000a015fd6,Russian Symbol,000a01f373,Danehill Dancer,000a002309,グリーンフィールズ,Nancy S. Dillman,880.0,2014.0,2007.0,1993.0
2021107255,ゼットスパンキー,牡,宮徹,,ディスクリートキャット,000a0113a1,ゼットガガ,2013104788,バゴ,2001190004,フォーレスト,ノースガーデン,880.0,2003.0,2013.0,2001.0
2021105716,アージェント,牡,黒岩陽一,,シルバーステート,2013105903,ピースエンブレム,2006103166,ウォーエンブレム,000a00fa35,キャロットファーム,ノーザンファーム,880.0,2013.0,2006.0,1999.0
2021104631,グランプリショット,牡,加藤征弘,,サトノアラジン,2011104063,ストライクショット,2013105959,ファルブラヴ,1998190004,イージス,アスラン,880.0,2011.0,2013.0,1998.0
2021103289,レディーエンジェル,牝,岡田稲男,,リオンディーズ,2013105915,ルーシーブライド,2010104689,ブライアンズタイム,000a000082,エースレーシング,三嶋牧場,880.0,2013.0,2010.0,1985.0
2021100579,ラムゼイテソーロ,牡,西田雄一,,ロジャーバローズ,2016106065,ルヴァンクレール,2005110010,Danehill Dancer,000a002309,了徳寺健二ホールディングス,市川ファーム,880.0,2016.0,2005.0,1993.0
2021100479,コネッシオーネ,牝,杉山晴紀,,キズナ,2010105827,アンコンソールド,2009110111,Smart Strike,000a00211c,杉山忠国,明治牧場,880.0,2010.0,2009.0,1992.0
2021101601,エガオニナッテ,牝,原口次夫,,トーホウジャッカル,2011100482,トーホウアイランド,2014101323,Power,000a012469,藤居正樹,竹島幸治,879.0,2011.0,2014.0,2009.0
2021104233,ヴァンビー,牡,上杉昌宏,,シャンハイボビー,000a0127e4,エリモエクレール,2008101081,アグネスタキオン,1998101516,小泉修,西村牧場,878.5,2010.0,2008.0,1998.0
2021106366,ロアノークテソーロ,牝,牧光二,,Nathaniel,000a011bdb,ライトファンタスティック,000a01a8f5,Acclamation,000a0122b0,了徳寺健二ホールディングス,田端牧場,878.0,2008.0,2012.0,1999.0
2021105237,トワイライトウェイ,牡,佐藤裕太,,ジャスタウェイ,2009106461,マサノミネルバ,2005104380,ラムタラ,000a0001d4,吉田照哉,社台ファーム,877.4,2009.0,2005.0,1992.0
2021104140,グレースルージュ,牝,吉村圭司,,デクラレーションオブウォー,000a0136f6,パールウェディング,2015110071,Tapit,000a011248,山田有暉朗,千代田牧場,877.0,2009.0,2015.0,2001.0
2021102867,メイショウコオロギ,牝,森澤友貴,,ロジャーバローズ,2016106065,メイショウマイカゼ,2013103509,メイショウボーラー,2001100650,松本好雄,多田善弘,877.0,2016.0,2013.0,2001.0
2021100801,カリフィア,牝,桜田康二,,カリフォルニアクローム,000a012602,アンフレシェ,2013102954,マンハッタンカフェ,1998101554,岡本真二,猿橋義昭,876.8,2011.0,2013.0,1998.0
2021106879,ゴールドジャンパー,牝,石川栄,,ゴールドアクター,2011105266,ゴールドジャパン,2007104957,スターリングローズ,1997106560,石橋敏行,北勝ファーム,876.6,2011.0,2007.0,1997.0
2021103130,ピコボンズ,牝,山下貴之,,アニマルキングダム,000a011dad,タキオンメーカー,2012102399,エンパイアメーカー,000a010542,（株）ジュエリーピ,日本中央競馬会日高育成牧場,876.5,2008.0,2012.0,2000.0
2021106170,クイーンカード,牝,櫻田浩樹,,ニシケンモノノフ,2011105438,グッドプリン,2013101419,ブラックタイド,2001103312,北原光一郎,小泉牧場,876.0,2011.0,2013.0,2001.0
2021101804,トッキーホレット,牝,小林真治,,ニシケンモノノフ,2011105438,コンバットアマゾン,2009102764,ダンスインザダーク,1993109188,時田裕,中川欽一,876.0,2011.0,2009.0,1993.0
2021104240,ショウナンマンテン,牝,武井和実,,カリフォルニアクローム,000a012602,ショウナンカサロ,2012103338,キングカメハメハ,2001103460,北原大史,西村牧場,874.3,2011.0,2012.0,2001.0
2021100343,アルリスカ,牡,箕輪武,,アメリカンペイトリオット,000a013bba,シンメトリック,2013100598,アドマイヤムーン,2003102991,（株）ＳＫＴ,原口牧場,873.5,2013.0,2013.0,2003.0
2021102064,リヴイットアップ,牡,荒山勝徳,,アジアエクスプレス,2011110091,ホウヨウクイーン,2016103636,ヒルノダムール,2007100727,池田草龍,豊洋牧場,872.5,2011.0,2016.0,2007.0
2021100932,スービーズ,牝,新井隆太,,スマートファルコン,2005100097,ムードン,2014103997,フレンチデピュティ,000a00013a,（株）さくらコーポレ,ヒダカファーム,872.4,2005.0,2014.0,1992.0
2021109174,エイシンチョンパ,牡,渡瀬寛彰,,エーシントップ,2010110058,エーシンブルバード,2009100226,オレハマッテルゼ,2000101550,内山啓,吉永ファーム,870.4,2010.0,2009.0,2000.0
2021110042,サクソフィーナ,牝,田中博康,,Saxon Warrior,2015100991,ザフィーナ,000a01be51,Casamento,000a011be4,フクキタル,Mr Paca Paca,870.0,2015.0,2014.0,2008.0
2021104052,ウヌボレヤサン,セ,本間忍,,ダノンレジェンド,2010110102,サクラヴァニータ,2001104173,サクラローレル,1991103498,松田真由美,谷岡スタット,870.0,2010.0,2001.0,1991.0
2021103232,オーロヴェール,牝,田中克典,,レイデオロ,2014106201,サティアナ,000a01389c,Street Cry,000a0103ba,エースレーシング,三嶋牧場,870.0,2014.0,2009.0,1998.0
2021103951,メイプルケンジ,牡,伊藤強一,,アポロケンタッキー,2012110098,メイプルケプラー,2013102173,カネヒキリ,2002100978,節ひかる,静内山田牧場,869.0,2012.0,2013.0,2002.0
2021101297,サンスイレン,牝,渡辺博文,,ジョーカプチーノ,2006100529,サンデュランゴ,2014101353,バトルプラン,000a0118e8,野田芳,ケイズ,868.9,2006.0,2014.0,2005.0
2021107250,ベストフラワー,牝,角田輝也,,マジェスティックウォリアー,000a011e9c,ラヤーリドバイ,000a0127e9,ストリートセンス,000a0113a2,（株）オールベスト,奥山牧場,868.8,2005.0,2009.0,2004.0
2021100045,プラチナバンド,牡,張田京,,ダノンバラード,2008103548,マリアベール,2010101562,サクラバクシンオー,1989108341,島田久,沖田忠幸,868.5,2008.0,2010.0,1989.0
2021106678,アスタラビスタ,牡,平田正一,,キズナ,2010105827,ペイヴド,000a015980,Quality Road,000a011cff,前田幸治,ハクレイファーム,868.0,2010.0,2015.0,2006.0
2021106315,サンスイシサン,牡,赤嶺本浩,,カレンブラックヒル,2009106230,エキゾチックバニラ,2009104760,ソングオブウインド,2003102461,谷謙介,スピードファーム,867.0,2009.0,2009.0,2003.0
2021110096,クリティカルヒット,牡,福永敏,,American Pharoah,000a012aad,ミシカルミッション,000a01beac,Giant's Causeway,000a0022e1,下河辺牧場,Shimokobe Farm,865.0,2012.0,2014.0,1997.0
2021103055,クラッチタイム,牝,岩崎真樹,,フリオーソ,2004106867,マダムアグライア,2011100083,ケイムホーム,000a0108d1,橋本久和,ディアレストクラブ,862.0,2004.0,2011.0,1999.0
2021101428,タキ,牡,甲田悟史,,ハーツクライ,2001103038,パスオブドリームズ,000a012950,Giant's Causeway,000a0022e1,（株）Ｇｅｎｄａｒｍ,下河辺牧場,862.0,2001.0,2010.0,1997.0
2021107264,レッドゲート,牝,水上直人,,オルフェーヴル,2008102636,クリスタルキャノン,2013104481,クロフネ,1998110135,（株）ランドプロジエ,浜本牧場,861.8,2008.0,2013.0,1998.0
2021103533,ホウオウシンデレラ,牝,奥村武,,エピファネイア,2010104155,フサイチジェット,2002110192,Gilded Time,000a001fbc,小笹芳央,岡田スタッド,861.0,2010.0,2002.0,1990.0
2021105614,イリディセント,牝,田中剛,,ニューイヤーズデイ,000a014589,スペクトロライト,2010104242,ディープインパクト,2002100816,キャロットファーム,ノーザンファーム,860.0,2011.0,2010.0,2002.0
2021105575,セイロンジェムズ,牡,鈴木慎太,,レイデオロ,2014106201,シンハライト,2013105906,ディープインパクト,2002100816,吉田和美,ノーザンファーム,860.0,2014.0,2013.0,2002.0
2021102522,クレイジーディス,牡,鈴木義久,,ディスクリートキャット,000a0113a1,ラヴクレージー,2011105921,ゼンノロブロイ,2000101517,ウエスト．フォレスト．ステイブル,清水スタッド,860.0,2003.0,2011.0,2000.0
2021106866,ラブリエスト,牝,矢内博,,ラブリーデイ,2010104298,ジュエリスト,2009106421,ダイワメジャー,2001103114,（株）ＩＴＦ,ホース・マネジメント・ボス,859.5,2010.0,2009.0,2001.0
2021105567,ダノンアルム,牝,佐々木晶,,ミッキーアイル,2011103916,ショウリュウムーン,2007101578,キングカメハメハ,2001103460,ダノックス,ノーザンファーム,858.0,2011.0,2007.0,2001.0
2021104228,マドモアゼルレンヌ,牝,阪本一栄,,フリオーソ,2004106867,スピーディードータ,2009102369,アフリート,000a000013,高岡義光,西川富岡牧場,858.0,2004.0,2009.0,1984.0
2021100511,パワポケウイング,牡,山崎裕也,,ダノンレジェンド,2010110102,キクノレジーナ,2008106555,キングヘイロー,1995104427,柳原達也,元道牧場,858.0,2010.0,2008.0,1995.0
2021104366,プレストライズ,牡,長谷川剛,,シャンハイボビー,000a0127e4,ペイストリー,2015104410,オルフェーヴル,2008102636,（有）ランドエコノミ,藤川ファーム,857.5,2010.0,2015.0,2008.0
2021105395,オレンジダンサー,牝,金田一昌,,ドレフォン,000a013b82,イェーガーオレンジ,2014106198,ダイワメジャー,2001103114,前迫義幸,ノーザンファーム,856.1,2013.0,2014.0,2001.0
2021103546,ペルセイズ,牡,佐藤博紀,,ダノンレジェンド,2010110102,メドゥーサ,2012103996,メイショウサムソン,2003102205,平本淳一,岡田スタッド,855.8,2010.0,2012.0,2003.0
2021106094,ベストリターナー,セ,宇野木博,,ストロングリターン,2006102934,モリヤッコ,2009102987,アジュディケーティング,000a000d5d,レックス,大狩部牧場,855.7,2006.0,2009.0,1987.0
2021104237,バトルクリーク,牡,齊藤敏,,ベストウォーリア,2010110127,コパノジャーノー,2001107109,エリシオ,1993190001,杉浦和也,西村牧場,855.0,2010.0,2001.0,1993.0
2021103947,ミホノキセキ,牝,山田信大,,シニスターミニスター,000a011099,ファステストネオ,2014106285,ネオユニヴァース,2000101426,伊藤健,静内山田牧場,855.0,2003.0,2014.0,2000.0
2021102497,キッショウテン,牝,宗形竹見,,ミッキーグローリー,2013103999,アドマイヤビアン,2004102092,アドマイヤコジーン,1996106512,鈴木克斉,様似共栄牧場,854.5,2013.0,2004.0,1996.0
2021103536,ファルギュラント,牡,千葉幸喜,,キズナ,2010105827,ブレイズガール,2013100007,ローレルゲレイロ,2004100933,玉田博志,岡田スタッド,854.2,2010.0,2013.0,2004.0
2021101688,ウィルソンウェイ,牡,加藤幸保,,タリスマニック,000a013425,プリムローズレーン,2002100006,サンデーサイレンス,000a00033a,盛学志,ダーレー・ジャパン・ファーム,854.2,2013.0,2002.0,1986.0
2021105209,チビノシエラザード,牝,和田勇介,,ブリックスアンドモルタル,000a014377,ブリッジクライム,2009106032,ゼンノロブロイ,2000101517,梅澤明,社台ファーム,853.0,2014.0,2009.0,2000.0
2021104663,ミスヨシゼン,牝,石井勝男,,シニスターミニスター,000a011099,バアゼルザウバー,2010103262,シンボリクリスエス,1999110099,橋本忠雄,市川牧場,853.0,2003.0,2010.0,1999.0
2021102969,パッカパッカブー,セ,堀内岳志,,ハービンジャー,000a011996,オツウ,2010104221,ハーツクライ,2001103038,大和屋暁,辻牧場,853.0,2006.0,2010.0,2001.0
2021102930,アシャニンカ,牝,米田英世,,ダノンレジェンド,2010110102,フミノアマゾン,2009100552,フジキセキ,1992109618,今村明浩,谷口牧場,852.5,2010.0,2009.0,1992.0
2021102813,ハイケンス,牡,今野貞一,,アジアエクスプレス,2011110091,パリーナチャン,2009100469,メイショウオウドウ,1995101767,ＫＡＪＩＭＯＴＯホールディングス,松栄牧場,852.0,2011.0,2009.0,1995.0
2021105875,レイフロレット,牝,井上智史,,レイデオロ,2014106201,レイズアベール,2014105837,ハーツクライ,2001103038,犬飼優,ノーザンファーム,851.8,2014.0,2014.0,2001.0
2021106081,アマルフィー,牡,真島元徳,,ビーチパトロール,000a0141f9,テイクザスカイ,2005104809,ゴールドアリュール,1999106689,加藤徹,大狩部牧場,851.4,2013.0,2005.0,1999.0
2021102342,ビーナスライズ,牝,笹野博司,,デクラレーションオブウォー,000a0136f6,クナウ,2013101099,シンボリクリスエス,1999110099,山根義信,北島牧場,851.2,2009.0,2013.0,1999.0
2021100136,ロードヴェスパー,牡,佐々木功,,キタサンブラック,2012102013,エトワールブリエ,2015102376,ロードカナロア,2008103552,光安了,ケイアイファーム,850.8,2012.0,2015.0,2008.0
2021105501,モスクロッサー,セ,国枝栄,,ハーツクライ,2001103038,クリスプ,000a0137fa,El Corredor,000a010238,サンデーレーシング,ノーザンファーム,850.0,2001.0,2007.0,1997.0
2021105083,フォティーゾ,牡,宮田敬介,,キズナ,2010105827,スキア,000a012f7d,Motivator,000a010c91,社台レースホース,社台ファーム,850.0,2010.0,2007.0,2002.0
2021102968,アンダーザバンブー,牡,飯田祐史,,サトノダイヤモンド,2013106101,エスジーアンクル,2009100574,シニスターミニスター,000a011099,竹下千亜子,辻牧場,850.0,2013.0,2009.0,2003.0
2021110092,アウセンザイター,牡,田中一巧,,Dubawi,000a0115e2,Willow View,000a01d554,Lemon Drop Kid,000a0022d0,平田修,Merry Fox Stud Limited,847.0,2002.0,2011.0,1996.0
2021102575,ワンダーグリー,牡,田中一巧,,バンブーエール,2003104100,スイートアリエッタ,2013103385,エンパイアメーカー,000a010542,星加浩一,一珍棒牧場,847.0,2003.0,2013.0,2000.0
2021103903,ヴァシロペス,セ,鈴木勝文,,サトノクラウン,2012104668,レッドレネット,2015104520,キングカメハメハ,2001103460,（有）総武開発,静内ファーム,846.6,2012.0,2015.0,2001.0
2021101960,ファーストフォルテ,牡,蛯名雄太,,フリオーソ,2004106867,リッカ,2012101837,ワイルドラッシュ,000a0003a1,中山聡,広富牧場,846.0,2004.0,2012.0,1994.0
2021103758,マツリボタン,牝,伊藤圭三,,クリエイターII,000a013630,マツリバヤシ,2008100256,スマートボーイ,1995100385,是枝浩平,グランド牧場,845.0,2013.0,2008.0,1995.0
2021103500,レボルシオン,牡,蛯名正義,,キタサンブラック,2012102013,シルヴァーコード,2012103628,スウェプトオーヴァーボード,000a00fa34,Ｇリビエール・レーシング,岡田スタッド,845.0,2012.0,2012.0,1997.0
2021106248,エピックナイト,牡,瀬戸口悟,,ドレフォン,000a013b82,シャワーブーケ,2014100268,ゴールドアリュール,1999106689,ＪＰＮ技研,佐藤牧場,844.5,2013.0,2014.0,1999.0
2021107068,ミスサン,牝,佐藤博紀,,カレンブラックヒル,2009106230,シモーヌ,2013103681,タイキシャトル,1994109686,白戸光広,メイタイファーム,844.0,2009.0,2013.0,1994.0
2021110146,ゴールデンルーキー,牡,粕谷昌央,,Catholic Boy,000a01bdd4,Gold N Shaft,000a01f35c,Mineshaft,000a010545,岡田牧雄,SF Bloodstock LLC,843.0,2015.0,2007.0,1999.0
2021100578,ポッドジャスパー,牡,古賀光範,,サンダースノー,000a013a06,ポッドガビ,2014104746,ゼンノロブロイ,2000101517,須田靖之,市川ファーム,842.5,2014.0,2014.0,2000.0
2021105554,カールスタード,セ,武幸四郎,,キズナ,2010105827,シフォンカール,2013105835,クロフネ,1998110135,シルクレーシング,ノーザンファーム,842.0,2010.0,2013.0,1998.0
2021105985,ヘルツアス,牝,森田直行,,バゴ,2001190004,ラインハート,2011103956,ステイゴールド,1994108729,大塚亮一,レイクヴィラファーム,840.6,2001.0,2011.0,1994.0
2021107381,アタゴテンジン,牡,佐々木仁,,パドトロワ,2007102760,フジワンエンジェル,2013104543,キンシャサノキセキ,2003110212,大志総合企画,グラストレーニングセンター,840.0,2007.0,2013.0,2003.0
2021106561,コイヌール,セ,柄崎将寿,,リオンディーズ,2013105915,ウインジュビリー,2008102899,シンボリクリスエス,1999110099,キャロットファーム,新冠橋本牧場,840.0,2013.0,2008.0,1999.0
2021105904,フォローウィンド,牡,岩戸孝樹,,ドレフォン,000a013b82,ロッカフラベイビー,2012104663,キングカメハメハ,2001103460,山田弘,ノーザンファーム,840.0,2013.0,2012.0,2001.0
2021105532,ミエノジュピター,牝,堀宣行,,ブリックスアンドモルタル,000a014377,サトノジュピター,2009106065,アグネスタキオン,1998101516,里見美惠子,ノーザンファーム,840.0,2014.0,2009.0,1998.0
2021105428,ヴィクトリアドール,牝,奥村豊,,スワーヴリチャード,2014106083,ヴィンテージドール,2012104499,ホワイトマズル,1990109700,サンデーレーシング,ノーザンファーム,840.0,2014.0,2012.0,1990.0
2021105174,フォスターボンド,牡,中川公成,,キズナ,2010105827,パールシャドウ,2006103035,クロフネ,1998110135,多田賢司,社台ファーム,840.0,2010.0,2006.0,1998.0
2021101383,アッシュバーグ,牝,斎藤誠,,サトノダイヤモンド,2013106101,オールウェイズウィリング,000a0117fd,Elusive Quality,000a00231f,下河辺隆行,下河辺牧場,840.0,2013.0,2006.0,1993.0
2021103213,メイショウエレジー,牝,田中伸一,,マジェスティックウォリアー,000a011e9c,レッドミュール,2013105326,ダイワメジャー,2001103114,蟹江知彦,まるとみ冨岡牧場,839.5,2005.0,2013.0,2001.0
2021104308,アカリリッキー,牡,後藤正義,,コパノリッキー,2010106548,イノチノアカリ,2004104901,ラムタラ,000a0001d4,小林祥晃,服部牧場,839.3,2010.0,2004.0,1992.0
2021101536,ペータース,牝,加藤誠一,,デクラレーションオブウォー,000a0136f6,ライトフェアリー,2012100075,サムライハート,2002100996,江川聡子,シンボリ牧場,838.0,2009.0,2012.0,2002.0
2021100012,ダノンレーニア,牝,小久保智,,ダノンレジェンド,2010110102,ダノンボンコ,2013100424,ダノンシャンティ,2007105709,酒井孝敏,稲葉牧場,837.8,2010.0,2013.0,2007.0
2021105719,ダノンウィルヘルム,牡,別府真司,,レイデオロ,2014106201,ファイネストシティ,000a014353,City Zip,000a0127e6,谷口信喜,ノーザンファーム,836.5,2014.0,2012.0,1998.0
2021106756,エッカート,牡,山中尊徳,,キズナ,2010105827,シアージュ,2010110073,Raven's Pass,000a011d04,前田幸治,平山牧場,836.0,2010.0,2010.0,2005.0
2021105300,エレガントウインク,牝,宮路洋一,,レッドファルクス,2011104416,ロイヤルマリー,000a011dca,Monsun,000a010db6,酒井孝敏,社台ファーム,835.0,2011.0,2007.0,1990.0
2021102209,ビビットピンク,牝,胡本友晴,,パイロ,000a01176a,エンジェルウィング,2015105100,ヘニーヒューズ,000a011155,（株）ＭＭＣ,ヤスナカファーム,835.0,2005.0,2015.0,2003.0
2021106547,タガノハスビナー,牝,碇清次郎,,マインドユアビスケッツ,000a01392e,タガノバトラ,2013105637,フレンチデピュティ,000a00013a,崎川美枝子,新冠タガノファーム,834.5,2013.0,2013.0,1992.0
2021101377,ドリームキャッチ,牝,佐藤祐司,,ブラックタイド,2001103312,インネートグレイス,000a012f0d,Pulpit,000a002133,平賀敏男,下河辺牧場,834.5,2001.0,2011.0,1994.0
2021100207,ポッドロイ,牡,北野真弘,,ブリックスアンドモルタル,000a014377,グリエルマ,2015101857,ロードカナロア,2008103552,山本将司,下屋敷牧場,834.5,2014.0,2015.0,2008.0
2021100054,メイジョウソリッド,牝,田中伸一,,マジェスティックウォリアー,000a011e9c,ソリッドリーズン,2014100254,ジャングルポケット,1998101786,蟹江知彦,沖田博志,834.5,2005.0,2014.0,1998.0
2021106583,ユイノコキュウ,牡,竹内正洋,,マジェスティックウォリアー,000a011e9c,ベッキー,2014100536,ブラックタイド,2001103312,由井健太郎,新冠橋本牧場,834.0,2005.0,2014.0,2001.0
2021103574,インジケーター,牡,高橋康之,,Liam's Map,000a01372b,アイスクリームサイレンス,000a01b7de,ストリートセンス,000a0113a2,会田浩史,岡田牧場,834.0,2011.0,2009.0,2004.0
2021104235,キモンゲーム,牡,橋本忠明,,コパノリッキー,2010106548,キモンレッド,2008100726,サウスヴィグラス,1996110138,小林祥晃,西村牧場,833.8,2010.0,2008.0,1996.0
2021102465,ブライティアアンナ,牝,山中尊徳,,トゥザワールド,2011103975,ブライティアスワン,2011101161,クロフネ,1998110135,小林昌志,雅牧場,833.0,2011.0,2011.0,1998.0
2021101775,インタールード,牝,西川進也,,モーニン,2012110091,シュエット,2013102143,ブラックタイド,2001103312,堀井真知子,坪田晃宜,833.0,2012.0,2013.0,2001.0
2021103056,カーロアヴァンティ,牡,田中一巧,,サトノダイヤモンド,2013106101,ラフェットデメール,2011102001,ブライアンズタイム,000a000082,大塚亮一（株）,ディアレストクラブ,831.5,2013.0,2011.0,1985.0
2021104959,サトミノエガオ,牝,土井道隆,,ニューイヤーズデイ,000a014589,イントゥゾーン,2014105429,スウェプトオーヴァーボード,000a00fa34,田代洋己,社台ファーム,831.4,2011.0,2014.0,1997.0
2021104359,サフィールシェール,牝,中道啓二,,サトノアレス,2014105493,ブラストスイフト,2006101238,コマンダーインチーフ,000a0000b0,吉田喜昭,福岡駿弥,830.5,2014.0,2006.0,1990.0
2021104618,タリスマン,牡,金成貴史,,タリスマニック,000a013425,クロエチャン,2008104166,スパイキュール,2000101557,リトルブルーファーム,リトルブルーファーム,830.0,2013.0,2008.0,2000.0
2021103625,ウインジャック,牡,倉地学,,ディスクリートキャット,000a0113a1,ハニーサックル,2011104768,ハーツクライ,2001103038,市原朗雄,小倉光博,830.0,2003.0,2011.0,2001.0
2021100287,ミルミル,牝,森山英雄,,ワールドエース,2009106353,パーカーズミル,2011100546,Street Cry,000a0103ba,山邉浩,土田ファーム,829.8,2009.0,2011.0,1998.0
2021106688,カズノトレジャー,牡,佐野謙二,,フリオーソ,2004106867,カズノスイセイ,2014101326,ハーツクライ,2001103038,鈴木可一,ハシモトファーム,829.0,2004.0,2014.0,2001.0
2021103859,チークタイム,牝,国沢輝幸,,キンシャサノキセキ,2003110212,ウスベニノキミ,2015106056,エイシンフラッシュ,2007102951,神岡由美子,サンデーヒルズ,828.0,2003.0,2015.0,2007.0
2021103361,ステーレンナフト,牡,的場直之,,バンブーエール,2003104100,エビスシハーブ,2012105757,ハーツクライ,2001103038,野村祐,山口義彦,828.0,2003.0,2012.0,2001.0
2021110155,サウンドロックス,牡,高野毅,,Catalina Cruiser,000a01401e,Lily's Spark,000a01f370,Mineshaft,000a010545,村山忠弘,War Horse Place LLC,827.4,2014.0,2013.0,1999.0
2021105302,ザパリスマッチ,牝,茶木太樹,,サトノダイヤモンド,2013106101,ロングホットサマー,000a013eb8,Street Boss,000a0116a2,社台レースホース,社台ファーム,827.0,2013.0,2012.0,2004.0
2021100690,カズトシクン,牡,坂本和也,,リオンディーズ,2013105915,ルーレットクイーン,2013103464,ドリームジャーニー,2004102753,天野克彦,桑田牧場,826.5,2013.0,2013.0,2004.0
2021105465,ブロードグリン,牝,安部幸夫,,ルーラーシップ,2007103143,カイゼリン,2005102655,アドマイヤベガ,1996107396,（同）ＪＰＮ技研,ノーザンファーム,825.1,2007.0,2005.0,1996.0
2021106232,ジョウショーライン,牡,三宅直之,,バンドワゴン,2011104010,ジョウショーコトミ,2008105737,リンカーン,2000101561,小橋亮太,五丸農場,824.0,2011.0,2008.0,2000.0
2021100348,ゼイトク,牡,上杉昌宏,,モンテロッソ,000a011b05,ルッセカッテル,2013102467,ロイヤルウエスト,1998110202,阿部哲也,原口牧場,823.0,2007.0,2013.0,1998.0
2021106569,ユイノコドウ,牡,庄子昭彦,,ヴィクトワールピサ,2007102923,シャンスイ,2005102148,スウェプトオーヴァーボード,000a00fa34,セカンドキャリア（同,新冠橋本牧場,820.4,2007.0,2005.0,1997.0
2021106364,ゴードンテソーロ,牡,牧光二,,Nathaniel,000a011bdb,パテオドバテール,000a01b812,Shirocco,000a010db9,了徳寺健二ホールディングス,田端牧場,820.0,2008.0,2013.0,2001.0
2021101625,ワンウェイ,牡,松浦裕之,,ジャスタウェイ,2009106461,アリュージョン,2011100577,アドマイヤムーン,2003102991,梅ケ枝容晃,ダーレー・ジャパン・ファーム,820.0,2009.0,2011.0,2003.0
2021100890,ヨシノヒローイン,牝,松本隆宏,,モーニン,2012110091,リンノストーン,2015103729,スマートロビン,2008100685,中村吉隆,中村雅明,820.0,2012.0,2015.0,2008.0
2021106994,ニシノルミリオン,牡,冨田敏男,,ファインニードル,2013100612,ニシノシルエット,2006102574,アグネスタキオン,1998101516,冨田藤男,村上欽哉,818.5,2013.0,2006.0,1998.0
2021106809,コスモララバイ,牝,錦見勇夫,,Harry Angel,000a01a8a2,ポップソング,000a01b83c,New Approach,000a011656,錦見日出雄,ビッグレッドファーム,818.0,2014.0,2015.0,2005.0
2021104385,ユイノチョウシンキ,牡,錦見勇夫,,バゴ,2001190004,パーフェクトワン,2016104239,ノヴェリスト,000a012230,錦見日出雄,藤沢牧場,818.0,2001.0,2016.0,2009.0
2021101770,ゲルタ,牡,佐々木洋,,モーリス,2011100655,ロイヤルバラード,000a011a54,Elusive Quality,000a00231f,豊島愛子,チャンピオンズファーム,818.0,2011.0,2006.0,1993.0
2021101482,ポチョラーダ,牝,真島大輔,,ブラックタイド,2001103312,ハマヒルガオ,2013106105,クロフネ,1998110135,金子真人ホールディングス,白井牧場,818.0,2001.0,2013.0,1998.0
2021101164,フォルガイル,牡,加藤和宏,,レイデオロ,2014106201,アディクション,2016104398,ハーツクライ,2001103038,ライオンレースホース,オリオンファーム,818.0,2014.0,2016.0,2001.0
2021106918,エスタボニート,牡,今津博之,,レイデオロ,2014106201,シンジュボシ,2010104871,ダイワメジャー,2001103114,服部知明,松浦牧場,817.3,2014.0,2010.0,2001.0
2021105351,コンドライト,牡,菊沢隆徳,,ドゥラメンテ,2012104511,アエロリット,2014105785,クロフネ,1998110135,サンデーレーシング,ノーザンファーム,816.0,2012.0,2014.0,1998.0
2021103425,バンダムアゲイン,牝,後藤正義,,タリスマニック,000a013425,ヴェリタラブ,2010102235,ジャングルポケット,1998101786,山科統,石川牧場,814.5,2013.0,2010.0,1998.0
2021102602,エイシンゾディアク,牡,横山保,,ハービンジャー,000a011996,エイシンカラット,2012110074,Tale of Ekati,000a012550,北原大史,栄進牧場,813.8,2006.0,2012.0,2005.0
2021102111,クライムエンジェル,牝,高馬元紘,,グランプリボス,2008103388,モズマッテタワ,2010105235,オレハマッテルゼ,2000101550,ネコメンレーシング,前野牧場,811.5,2008.0,2010.0,2000.0
2021100701,サガノオウマサン,牡,栗田泰昌,,シャンハイボビー,000a0127e4,アイリッシュビート,2015103155,ハーツクライ,2001103038,酒井孝敏,高昭牧場,811.4,2010.0,2015.0,2001.0
2021104670,サトノラクローヌ,牡,堀宣行,,サトノクラウン,2012104668,ウェントワース,2014102150,ストリートセンス,000a0113a2,里見治,上水牧場,810.0,2012.0,2014.0,2004.0
2021104537,ギルトエッジ,牡,森田直行,,ワールドエース,2009106353,クィーンズロード,2014110103,Quality Road,000a011cff,林正道,増本良孝,810.0,2009.0,2014.0,2006.0
2021104512,ランゲル,牝,伊藤大士,,ルーラーシップ,2007103143,ディアエナ,2012104724,スニッツェル,000a010eaa,桑畑隆信,前谷武志,810.0,2007.0,2012.0,2002.0
2021103444,ウエスタンシーズン,牡,西園正都,,アメリカンペイトリオット,000a013bba,ウエスタンベッラ,2008100923,ハーツクライ,2001103038,西川賢,ウエスタンファーム,810.0,2013.0,2008.0,2001.0
2021105552,ロジルーラー,牡,稲垣幸雄,,ルーラーシップ,2007103143,シェリール,2000101583,サンデーサイレンス,000a00033a,久米田正明,ノーザンファーム,809.0,2007.0,2000.0,1986.0
2021103422,ジョブックノワ,牝,永島太郎,,ルーラーシップ,2007103143,カルトマリーヌ,2007100433,クロフネ,1998110135,瀬戸省司,池田スタッド,808.0,2007.0,2007.0,1998.0
2021102631,エスオーライジング,牡,溝橋利喜,,ラブリーデイ,2010104298,マッドアバウトユー,2011101482,アルデバランII,000a010541,小谷昌吾,オカモトファーム,807.5,2010.0,2011.0,1998.0
2021103645,マルヒロナイト,牡,玉井等,,モーニン,2012110091,キタサンロングラン,2012102792,アドマイヤムーン,2003102991,廣川直樹,カタオカステーブル,806.5,2012.0,2012.0,2003.0
2021100857,エーステンペスト,牡,宇野木博,,フリオーソ,2004106867,エースヴィクトリア,2011103409,ゼンノロブロイ,2000101517,（有）オート・エース,富塚ファーム,806.5,2004.0,2011.0,2000.0
2021102332,フェリシス,牝,石橋満,,レッドファルクス,2011104416,ベルモンタージュ,2008106320,アフリート,000a000013,森本敏正,オークツリーファーム,806.0,2011.0,2008.0,1984.0
2021106626,フィージビリティー,牡,栗田徹,,アメリカンペイトリオット,000a013bba,コリーヌ,2009105008,スペシャルウィーク,1995103211,ノースヒルズ,ノースヒルズ,804.0,2013.0,2009.0,1995.0
2021101869,パールホワイトイブ,牡,市村誠,,ビッグアーサー,2011103328,ファインドザウェイ,2015103468,ローズキングダム,2007103404,堀口晴男,日西牧場,803.9,2011.0,2015.0,2007.0
2021101984,デルマプルシャ,セ,箕輪武,,ストロングリターン,2006102934,デルマアラレチャン,2011100821,スクリーンヒーロー,2004103328,高井孝二,ファニーヒルファーム,803.8,2006.0,2011.0,2004.0
2021104542,ディディット,牝,橋本忠明,,ベストウォーリア,2010110127,エイグレット,2000101618,サンデーサイレンス,000a00033a,山内邦一,松田牧場,802.7,2010.0,2000.0,1986.0
2021100998,マジックモーメント,牡,川島正一,,モーニン,2012110091,ライゼリート,2012104015,ゼンノロブロイ,2000101517,小原準一郎,村下清志,802.7,2012.0,2012.0,2000.0
2021105993,マテンロウミラクル,牡,佐々木晶,,カリフォルニアクローム,000a012602,レイナカスターニャ,2008103252,キングカメハメハ,2001103460,寺田千代乃,秋田牧場,802.0,2011.0,2008.0,2001.0
2021106754,ソニック,牡,飯田良弘,,ラニ,2013110045,カスクドール,2007104753,ダンスインザダーク,1993109188,槙和美,平山牧場,801.5,2013.0,2007.0,1993.0
2021105385,ガルバナム,牡,織田誠,,ハービンジャー,000a011996,アロマドゥルセ,2014105970,ディープインパクト,2002100816,岩田雅之,ノーザンファーム,801.5,2006.0,2014.0,2002.0
2021100956,ミスプリマ,牝,稲益貴弘,,トビーズコーナー,000a011fed,プリマビスティー,2007102282,プリサイスエンド,000a00fe9b,（有）伏木田牧場,伏木田牧場,801.1,2008.0,2007.0,1997.0
2021100398,コルテデフィート,牡,那俄性哲,,アポロケンタッキー,2012110098,トーセンプリンセス,2008102986,フジキセキ,1992109618,織田洋介,本桐牧場,800.4,2012.0,2008.0,1992.0
2021105715,アルバニー,牝,千田輝彦,,ロードカナロア,2008103552,ピースアンドウォー,000a0137f9,War Front,000a011d00,長谷川祐司,ノーザンファーム,800.0,2008.0,2012.0,2002.0
2021104886,ドゥーカスコーリ,牝,石坂公一,,ダイワメジャー,2001103114,ダイワダッチェス,2013105601,ワークフォース,000a011a7f,社台レースホース,社台コーポレーション白老ファーム,800.0,2001.0,2013.0,2007.0
2021104691,ローランド,牡,菊川正達,,ヴァンキッシュラン,2013105718,アルムデナ,000a014f52,Silver Planet,000a014a0d,島川隆哉,エスティファーム,800.0,2013.0,2007.0,1994.0
2021104063,デュアル,牡,盛本信春,,キンシャサノキセキ,2003110212,アシュレイリバー,2004102942,Mr. Greeley,000a00213e,カナヤマホールディングス,谷岡牧場,800.0,2003.0,2004.0,1992.0
2021103534,ホウオウリムジン,牡,安田翔伍,,エピファネイア,2010104155,フサイチリニモ,2004102959,ジャングルポケット,1998101786,小笹芳央,岡田スタッド,800.0,2010.0,2004.0,1998.0
2021103270,メイショウマツリ,牡,新子雅司,,シニスターミニスター,000a011099,メイショウサンアイ,2015103381,ディープインパクト,2002100816,松本好隆,三嶋牧場,800.0,2003.0,2015.0,2002.0
2021103078,ルージュクライト,牝,寺島良,,ドゥラメンテ,2012104511,レッドコルディス,2014103392,ハーツクライ,2001103038,東京ホースレーシング,富田牧場,800.0,2012.0,2014.0,2001.0
2021102933,カルツァクライン,牡,天間昭一,,イスラボニータ,2011103565,ポリネイター,000a011aa2,Motivator,000a010c91,ライオンレースホース,谷口牧場,800.0,2011.0,2007.0,2002.0
2021101739,フォルスタクラス,牡,高野毅,,リオンディーズ,2013105915,ダラニ,2011103484,サクラバクシンオー,1989108341,前田幸大,チャンピオンズファーム,800.0,2013.0,2011.0,1989.0
2021101619,アルティメット,牝,武井和実,,ドレフォン,000a013b82,リーサルウェポン,2011100497,ディープインパクト,2002100816,山邉浩,タバタファーム,800.0,2013.0,2011.0,2002.0
2021103111,シェリングフォード,牡,川嶋弘吉,,ダノンレジェンド,2010110102,アライア,2013103659,タイキシャトル,1994109686,日進牧場,日進牧場,799.1,2010.0,2013.0,1994.0
2021105390,アリーバ,牝,立花伸,,リアルスティール,2012104889,アーキテクチャー,000a015940,Zoffany,000a012701,リーヴァ,ノーザンファーム,799.0,2012.0,2013.0,2008.0
2021106394,ワキノノーブル,牝,宮本博,,トウケイヘイロー,2009101682,トウケイスペシャル,2011105165,スペシャルウィーク,1995103211,脇山良之,大作ステーブル,798.0,2009.0,2011.0,1995.0
2021103331,キープカミング,牡,矢内博,,アメリカンペイトリオット,000a013bba,タプローム,2010105212,ケイムホーム,000a0108d1,田村義徳,ミルファーム,798.0,2013.0,2010.0,1999.0
2021100330,エイシンホユプ,牝,森澤友貴,,ダンカーク,000a012185,エーシンスポール,2007101290,Tale of the Cat,000a002276,平井克彦,信田牧場,797.5,2006.0,2007.0,1994.0
2021104822,リボルトバレット,牡,伊藤伸一,,ラニ,2013110045,リボルトレイダー,2008100903,ワイルドラッシュ,000a0003a1,ＹＧＧホースクラブ,笹川大晃牧場,797.0,2013.0,2008.0,1994.0
2021103532,アナレクタ,牡,佐藤裕太,,ノヴェリスト,000a012230,フォーハピネス,2009103333,ファスリエフ,000a00fc4c,岡田壮史,岡田スタッド,796.0,2009.0,2009.0,1997.0
2021105968,パンドジェーヌ,牝,大竹正博,,エピファネイア,2010104155,パンデリング,2014106100,キングカメハメハ,2001103460,ＤＭＭドリームクラブ,レイクヴィラファーム,795.0,2010.0,2014.0,2001.0
2021100854,ピンナダ,牡,中道啓二,,ロージズインメイ,000a010a10,イザナイ,2013104875,ホワイトマズル,1990109700,矢野龍一,富塚ファーム,795.0,2000.0,2013.0,1990.0
2021105828,スノーライトニング,牡,凾館一昭,,レイデオロ,2014106201,ライトファンタジア,2012104686,ゼンノロブロイ,2000101517,（有）総武開発,ノーザンファーム,792.5,2014.0,2012.0,2000.0
2021105487,カウネウス,牝,瀬戸幸一,,ニューイヤーズデイ,000a014589,キラービューティ,2014105886,ゼンノロブロイ,2000101517,橋本浩,ノーザンファーム,791.8,2011.0,2014.0,2000.0
2021102841,エイシンポリシー,牝,高橋純,,エイシンヒカリ,2011101273,エイシンフェアリー,2006103470,タイキシャトル,1994109686,岩渕道良,高野牧場,791.8,2011.0,2006.0,1994.0
2021104437,プルーフリーダー,牡,加藤誠一,,ダイワメジャー,2001103114,エアブリエ,2005102214,エアエミネム,1998110210,吉岡泰治,藤原牧場,791.0,2001.0,2005.0,1998.0
2021102686,ニシノシャミナード,牝,佐々木仁,,エピファネイア,2010104155,ニシノリコルディ,2012102499,ハーツクライ,2001103038,西山茂行,ガーベラパークスタッド,791.0,2010.0,2012.0,2001.0
2021106299,タントゥーム,牝,井樋一也,,シルバーステート,2013105903,クロスウォーターII,000a0117ce,Storm Cat,000a001a98,泉一郎,須崎牧場,790.5,2013.0,2005.0,1983.0
2021103726,バーリフレイバー,牡,稲益貴弘,,エピカリス,2014103121,スターローズ,2012102899,スマートボーイ,1995100385,尾田信夫,グランド牧場,789.0,2014.0,2012.0,1995.0
2021103614,ドントレットゴー,牝,米谷康秀,,アメリカンペイトリオット,000a013bba,レットハーゴー,2016103339,ネオユニヴァース,2000101426,今村明浩,岡田牧場,789.0,2013.0,2016.0,2000.0
2021100672,ウィンザーバローズ,牡,宮川真衣,,ヘンリーバローズ,2015104813,ディアコトミ,2007102091,プリサイスエンド,000a00fe9b,猪熊広次,桑田ファーム,789.0,2015.0,2007.0,1997.0
2021104574,ジーティーアグリム,牝,山崎尋美,,ダイワメジャー,2001103114,サラシー,000a01435e,Teofilo,000a01139e,田畑利彦,矢野牧場,788.0,2001.0,2011.0,2004.0
2021103703,ラインガーラ,牡,鷹見浩,,エピカリス,2014103121,サクラピュアハート,2008100065,サクラプレジデント,2000102261,大澤繁昌,桑嶋峰雄,788.0,2014.0,2008.0,2000.0
2021100860,チェリータイム,牡,保利良次,,チェリークラウン,2004102428,チェリーウォーター,2007100685,ティンバーカントリー,000a00035e,櫻井悦朗,富塚ファーム,787.4,2004.0,2007.0,1992.0
2021100453,スコア,牡,迫田清美,,アジアエクスプレス,2011110091,ケーズノーツ,2014101364,サクラプレジデント,2000102261,蟹江知彦,三石川上牧場,787.4,2011.0,2014.0,2000.0
2021100716,スオードカット,牡,大島静夫,,ブリックスアンドモルタル,000a014377,コンケイヴ,000a012956,Colonel John,000a011a41,北原大史,高昭牧場,786.6,2014.0,2011.0,2005.0
2021104727,グレック,牡,田中力,,マクマホン,000a0143ac,トーセンロザリオ,2015110067,Galileo,000a00232b,川上和彦,エスティファーム,786.1,2014.0,2015.0,1998.0
2021109019,スターアドミラル,牡,高月賢一,,レッドファルクス,2011104416,アモールミーオ,2010103949,ダイワメジャー,2001103114,兼松康太,風ノ丘ファーム,785.0,2011.0,2010.0,2001.0
2021106403,テルオール,牝,鈴木義久,,シニスターミニスター,000a011099,ヤクマンブルース,2014106330,カネヒキリ,2002100978,ｇｌｉｔｔｅｒＧ,大作ステーブル,785.0,2003.0,2014.0,2002.0
2021103315,アンジェリュス,牝,茶木太樹,,サンダースノー,000a013a06,ボストンサクラ,2009100807,ダイワメジャー,2001103114,雅苑興業,宮内牧場,785.0,2014.0,2009.0,2001.0
2021101398,ミニマルデザイン,牝,岩戸孝樹,,ストロングリターン,2006102934,サトノレーヌ,2014101937,キングカメハメハ,2001103460,下河辺牧場,下河辺牧場,785.0,2006.0,2014.0,2001.0
2021103695,ビコーズウイキャン,牡,長谷川忍,,ディーマジェスティ,2013104704,ドゥマイモンシェリ,2014104397,タイキシャトル,1994109686,池田貴征,キヨタケ牧場,784.5,2013.0,2014.0,1994.0
2021106221,ウインブリエ,牝,平山真希,,マインドユアビスケッツ,000a01392e,フラニーフロイド,000a011a64,Freud,000a011434,（株）ＭＭＣ,コスモヴューファーム,784.2,2013.0,2007.0,1998.0
2021102774,フォクシー,牝,石栗龍彦,,ディスクリートキャット,000a0113a1,リコリアーノ,2012104932,タニノギムレット,1999100226,シュガーベイビーサラブレッドクラブ,グランデファーム,783.5,2003.0,2012.0,1999.0
2021100968,ギンノダンガン,牡,佐野謙二,,ベストウォーリア,2010110127,クリノクロフネ,2009101317,クロフネ,1998110135,和田博美,丸村村下ファーム,783.5,2010.0,2009.0,1998.0
2021102779,アニモ,牝,川島豊,,ビーチパトロール,000a0141f9,メイショウアレーナ,2009100806,アグネスタキオン,1998101516,内山和樹,斉藤英牧場,781.5,2013.0,2009.0,1998.0
2021102377,ヴェッターホルン,牡,安部幸夫,,ヴィクトワールピサ,2007102923,ティアレ,2007103183,キングカメハメハ,2001103460,西村健,中田牧場,780.3,2007.0,2007.0,2001.0
2021105162,コキーヌ,牝,堀宣行,,ラブリーデイ,2010104298,ハブルバブル,2008104879,ディープインパクト,2002100816,金子真人ホールディングス,社台ファーム,780.0,2010.0,2008.0,2002.0
2021102449,ロマンスライト,牝,尾形和幸,,キンシャサノキセキ,2003110212,ロマンチックキス,2016105070,ルーラーシップ,2007103143,高橋文男,びらとり牧場,780.0,2003.0,2016.0,2007.0
2021106802,ヤルダバオト,牡,植松則幸,,スクリーンヒーロー,2004103328,パラノーマル,2013101945,ステイゴールド,1994108729,ファーストビジョン,ビッグレッドファーム,776.2,2004.0,2013.0,1994.0
2021101359,アニマルフルーツ,牝,松本隆宏,,アニマルキングダム,000a011dad,ラブフルーツ,2014102066,キングカメハメハ,2001103460,吉橋一美,サンバマウンテンファーム,774.2,2008.0,2014.0,2001.0
2021106020,エドノビートイン,牡,佐宗応和,,ブラックタイド,2001103312,ハタノプリマ,2015101253,ヘニーヒューズ,000a011155,遠藤正子,安達牧場,773.0,2001.0,2015.0,2003.0
2021105050,ドウアドバンテージ,牡,四位洋文,,ハーツクライ,2001103038,サラーシス,000a013877,Sharp Humor,000a01180b,キーファーズ,社台ファーム,773.0,2001.0,2012.0,2003.0
2021104414,ゼットシルヴィア,牝,田中一巧,,マクフィ,000a011c77,ネオシルヴィア,2008101532,ネオユニヴァース,2000101426,林知佐子,フジワラファーム,773.0,2007.0,2008.0,2000.0
2021104400,リンガスロシェ,牡,稲益貴弘,,マジェスティックウォリアー,000a011e9c,サトノベリーニ,2013104794,キングカメハメハ,2001103460,（有）フジワラ・ファ,フジワラファーム,773.0,2005.0,2013.0,2001.0
2021103191,サクラフレイバー,牝,月岡健二,,ヘニーヒューズ,000a011155,カプレーゼ,2009100762,アグネスデジタル,1997110025,尾田信夫,丸幸小林牧場,773.0,2003.0,2009.0,1997.0
2021102061,スマートアライヴ,牡,武井和実,,シニスターミニスター,000a011099,スマートダフネ,2014103774,スマートファルコン,2005100097,北原大史,豊洋牧場,772.6,2003.0,2014.0,2005.0
2021104227,ボールドチャー,牡,稲益貴弘,,コパノリチャード,2010106552,サマーフェアリー,2010104545,ゴールドアリュール,1999106689,西村健,西川富岡牧場,772.5,2010.0,2010.0,1999.0
2021105462,クワイトポッシブル,牝,山田正実,,レイデオロ,2014106201,オールポッシブル,2014105960,ダイワメジャー,2001103114,北原大史,ノーザンファーム,772.4,2014.0,2014.0,2001.0
2021105714,キアロヴェローチェ,セ,長南和宏,,モーリス,2011100655,ピュクシス,2010104267,シンボリクリスエス,1999110099,山野耕嗣,ノーザンファーム,771.4,2011.0,2010.0,1999.0
2021105000,ルージュルリアン,牝,藤原英昭,,キズナ,2010105827,カルティカ,000a013871,Rainbow Quest,000a001b4d,東京ホースレーシング,社台ファーム,771.0,2010.0,2007.0,1981.0
2021106881,ゴールドモーション,牡,板垣吉則,,ゴールドアクター,2011105266,ジェラテリア,2009103243,フジキセキ,1992109618,居城寿与,北勝ファーム,770.0,2011.0,2009.0,1992.0
2021106591,スプリンクルソルト,牡,加藤和宏,,ニューイヤーズデイ,000a014589,ジョリーダンス,2001102114,ダンスインザダーク,1993109188,小林薫,錦岡牧場,770.0,2011.0,2001.0,1993.0
2021105967,オープンワンセルフ,牡,小栗実,,ドゥラメンテ,2012104511,ハヴユーゴーンアウェイ,000a01387c,Congrats,000a010687,岩崎伸道,レイクヴィラファーム,770.0,2012.0,2011.0,2000.0
2021105805,アルシミスト,セ,浅利英明,,オルフェーヴル,2008102636,ミセスワタナベ,2014110088,Tapizar,000a0123f3,キャロットファーム,ノーザンファーム,770.0,2008.0,2014.0,2008.0
2021104782,ミッキードラマー,牡,菊沢隆徳,,ニューイヤーズデイ,000a014589,ブリオレット,2015104096,ロードカナロア,2008103552,野田みづき,追分ファーム,770.0,2011.0,2015.0,2008.0
2021103691,ミルトパワー,牡,武市康男,,ヤングマンパワー,2012104685,モーニングニュース,2014104222,エンパイアメーカー,000a010542,永山勝敏,木村秀則,770.0,2012.0,2014.0,2000.0
2021102716,ジーティーゴッド,牡,真島大輔,,ダイワメジャー,2001103114,シャペロンルージュ,2004101886,サクラバクシンオー,1989108341,（株）バスター,杵臼牧場,770.0,2001.0,2004.0,1989.0
2021100569,ワンダーフェロー,牡,杉山晴紀,,デクラレーションオブウォー,000a0136f6,ワンダーショコラ,2015103457,マンハッタンカフェ,1998101554,山本能成,秋場牧場,770.0,2009.0,2015.0,1998.0
2021100443,エイシンオニキス,牝,渡辺薫彦,,タリスマニック,000a013425,エイシンサンバレー,2002102697,エイシンワシントン,1991109929,栄進堂,水丸牧場,770.0,2013.0,2002.0,1991.0
2021100155,ロードレヴェランス,牡,斎藤誠,,モーリス,2011100655,パステラリア,2014101104,エンパイアメーカー,000a010542,ロードホースクラブ,ケイアイファーム,770.0,2011.0,2014.0,2000.0
2021101836,スマートバローズ,牡,中野博,,アレスバローズ,2012102017,スマートエンデバー,2010103828,ファルブラヴ,1998190004,小濱正智,中原牧場,769.5,2012.0,2010.0,1998.0
2021103398,ツートンショコラ,牝,蛯名雄太,,グランデッツァ,2009105989,ニシノフジムスメ,2003103175,キングヘイロー,1995104427,川添裕起,アフリートファーム,768.0,2009.0,2003.0,1995.0
2021101446,モンサンアクシア,牡,牧光二,,リアルインパクト,2008103244,モンサンアルビレオ,2011100378,シニスターミニスター,000a011099,山下新一,下河辺牧場,768.0,2008.0,2011.0,2003.0
2021106370,チェイスザウィンド,牡,石栗龍彦,,ラブリーデイ,2010104298,クリスプウインド,2014105541,ハーツクライ,2001103038,田頭勇貴,大栄牧場,767.9,2010.0,2014.0,2001.0
2021103442,ユウトザアシゲ,牡,倉地学,,ゴールデンマンデラ,2017110001,ウエスタンビアンコ,2012102716,クロフネ,1998110135,鈴木紋菜,ウエスタンファーム,767.5,2017.0,2012.0,1998.0
2021100922,ジューンナデシコ,牝,藤田正治,,エイシンヒカリ,2011101273,ジューンアイリス,2016102092,ダンカーク,000a012185,高野良美,ヒダカファーム,766.5,2011.0,2016.0,2006.0
2021101029,ジャズスマイル,牡,中道啓二,,モーニン,2012110091,ダズリングスマイル,2008100564,ホワイトマズル,1990109700,森田高史,アイズスタッド,766.0,2012.0,2008.0,1990.0
2021107135,フェイスザワン,牡,石井勝男,,コパノリッキー,2010106548,リヴィングフェイス,2012103462,タイムパラドックス,1998101683,村山哲生,山岡牧場,765.0,2010.0,2012.0,1998.0
2021104558,ドーンエクスプレス,牡,山田徹,,アジアエクスプレス,2011110091,スナークスマイル,2008105968,フレンチデピュティ,000a00013a,上手健太郎,見上牧場,765.0,2011.0,2008.0,1992.0
2021104353,ライゴウ,牡,加藤誠一,,バトルプラン,000a0118e8,ギンザクイーンビー,2006103158,フレンチデピュティ,000a00013a,山本将司,福岡駿弥,765.0,2005.0,2006.0,1992.0
2021101059,アクイローネ,牡,小野次郎,,グァンチャーレ,2012100407,ビエンナーレ,2003104677,ステイゴールド,1994108729,松本俊廣,天羽禮治,765.0,2012.0,2003.0,1994.0
2021103833,マリアナジャズ,牡,原口次夫,,ディスクリートキャット,000a0113a1,カスタネット,2013104254,パイロ,000a01176a,手嶋康雄,佐竹学,764.2,2003.0,2013.0,2005.0
2021103660,ヒンナ,牝,赤嶺亮,,マジェスティックウォリアー,000a011e9c,ハレイワクィーン,2010102578,キングカメハメハ,2001103460,永井利明,カタオカファーム,764.0,2005.0,2010.0,2001.0
2021102088,リュラグリーン,牝,川村守男,,サトノアラジン,2011104063,ファータグリーン,2013101481,タニノギムレット,1999100226,豊島愛子,本間牧場,763.4,2011.0,2013.0,1999.0
2021107321,ムーンヘイロー,牡,鈴木義久,,キタサンミカヅキ,2010100960,コルニヨン,2015106285,ルーラーシップ,2007103143,ノルマンディーサラブレッドレーシング,レジェンドファーム,763.0,2010.0,2015.0,2007.0
2021110009,パリプラージュ,牝,宮田敬介,,Uncle Mo,000a011ffb,パリスビキニ,000a01bccd,Bernardini,000a0111fe,サンデーレーシング,Northern Racing,762.0,2008.0,2012.0,2003.0
2021101026,エコロアモーレ,牝,三宅直之,,ミッキーロケット,2013106099,グロッタアズーラ,2007103011,フジキセキ,1992109618,小橋亮太,アイズスタッド,761.5,2013.0,2007.0,1992.0
2021105396,エノラブエナ,セ,吉見真幸,,ニューイヤーズデイ,000a014589,イサベル,2011103913,ディープインパクト,2002100816,徳丸初盛,ノーザンファーム,760.0,2011.0,2011.0,2002.0
2021100173,ロードバルベーラ,牡,奥村豊,,リアルスティール,2012104889,レディルージュ,2006103602,ブライアンズタイム,000a000082,ロードホースクラブ,ケイアイファーム,760.0,2012.0,2006.0,1985.0
2021106246,ダイシンサンディー,牝,森澤友貴,,コパノリッキー,2010106548,キャッツ,000a0117cd,Storm Cat,000a001a98,大八木信行,佐藤牧場,758.5,2010.0,2006.0,1983.0
2021102128,デザートトレイン,牡,水野善太,,シャンハイボビー,000a0127e4,ワイルドシンガー,2010101083,ワイルドラッシュ,000a0003a1,小橋亮太,槇本牧場,758.0,2010.0,2010.0,1994.0
2021104838,アンクローシュ,牝,小沢宏次,,モーリス,2011100655,オリエンタルダンス,2012104710,キングカメハメハ,2001103460,小川寛子,社台コーポレーション白老ファーム,757.3,2011.0,2012.0,2001.0
2021100979,アフロジータ,牝,永島太郎,,フリオーソ,2004106867,シゲルオワリ,2011104839,ファスリエフ,000a00fc4c,伊藤恵介,三好牧場,757.0,2004.0,2011.0,1997.0
2021106479,カレーウドン,牡,佐野謙二,,ラニ,2013110045,アミザクラ,2012106333,メイショウボーラー,2001100650,重野心平,中地義次,756.5,2013.0,2012.0,2001.0
2021101284,シュトローム,牡,吉見真幸,,リオンディーズ,2013105915,ダイワストリーム,2010103263,ダイワメジャー,2001103114,曽和栄司,グッドラック・ファーム,756.0,2013.0,2010.0,2001.0
2021100995,コンバットココ,牝,工藤伸輔,,アジアエクスプレス,2011110091,ピエモンテ,2009102487,フジキセキ,1992109618,山根義信,村下清志,754.6,2011.0,2009.0,1992.0
2021103639,パルクールチェコ,牝,加藤誠一,,タイセイレジェンド,2007103199,ワンダーアリス,2012105984,ブラックホーク,1994109361,谷脇智恵子,織田正敏,753.5,2007.0,2012.0,1994.0
2021101742,ノリピー,牝,西園翔太,,ニューイヤーズデイ,000a014589,トランプクイーン,2010104243,ネオユニヴァース,2000101426,中谷典生,チャンピオンズファーム,753.0,2011.0,2010.0,2000.0
2021102454,オクヤマ,牡,大根田裕,,ディーマジェスティ,2013104704,シュシュファレル,2008106429,タップダンスシチー,1997110043,中辻明,船越伸也,752.0,2013.0,2008.0,1997.0
2021104780,プルーヴンウィナー,牝,矢作芳人,,キズナ,2010105827,ブラインドラック,000a014569,Pollard's Vision,000a0119b7,Ｇ１レーシング,追分ファーム,750.0,2010.0,2007.0,2001.0
2021104001,ディセントラライズ,牡,川村守男,,パイロ,000a01176a,オートルフィーユ,2016104315,アイルハヴアナザー,000a011ed3,岡本育枝,高橋義浩,750.0,2005.0,2016.0,2009.0
2021101002,ミランカ,牝,岩戸孝樹,,ホッコータルマエ,2009100921,スリーサンハーツ,2009100354,ハーツクライ,2001103038,山下良子,村中牧場,750.0,2009.0,2009.0,2001.0
2021103452,アフロキング,牡,的場直之,,バトルプラン,000a0118e8,ダイヤモンドハート,2012102114,ダイワメジャー,2001103114,伊藤恵介,上野正恵,748.0,2005.0,2012.0,2001.0
2021102807,シルヴァーリップ,牝,林隆之,,ダンカーク,000a012185,アッリヴァーレ,2011105769,アッミラーレ,1997100569,（有）ターフ・スポー,笹地牧場,748.0,2006.0,2011.0,1997.0
2021106940,クヴェレ,牡,西川敏弘,,アルアイン,2014106046,ケージーサクランボ,2010105328,キングカメハメハ,2001103460,松本桂昌,松木加代,747.5,2014.0,2010.0,2001.0
2021100298,アオレレ,牡,瀬戸口悟,,ラニ,2013110045,ディーブラッド,2016100599,ディープインパクト,2002100816,（同）ＪＰＮ技研,土居牧場,746.8,2013.0,2016.0,2002.0
2021106859,ベスポジ,牡,田中範雄,,ホッコータルマエ,2009100921,グローリアスセラン,2014103621,ディープスカイ,2005101358,前原敏行,ホース・マネジメント・ボス,746.5,2009.0,2014.0,2005.0
2021100909,インターセプト,牝,松平幸秀,,マジェスティックウォリアー,000a011e9c,リベリーターン,2013103091,ヴァーミリアン,2002100877,子守貴久,バンブー牧場,746.4,2005.0,2013.0,2002.0
2021103371,ハテナビト,牡,倉富隆一,,ホークビル,000a01327c,タイセイヴィグラス,2008101864,サウスヴィグラス,1996110138,北村祐人,山田昇史,746.1,2013.0,2008.0,1996.0
2021106660,アンジュミストラル,牝,小久保智,,コパノリッキー,2010106548,アンジュキッス,2015100643,サウスヴィグラス,1996110138,竹下浩一,ハクツ牧場,746.0,2010.0,2015.0,1996.0
2021102396,アテンスマイル,牝,長南和宏,,キズナ,2010105827,ヤエノグラフ,2015104821,ロードカナロア,2008103552,玉置潔,二風谷ファーム,745.6,2010.0,2015.0,2008.0
2021103925,ルクスチェリー,牝,中西達也,,サトノアラジン,2011104063,カシシ,2012104557,ジャングルポケット,1998101786,（株）ルクス,静内山田牧場,745.5,2011.0,2012.0,1998.0
2021100649,シドニーライト,牡,中舘英二,,ドゥラメンテ,2012104511,パラフレーズ,000a0116e0,Pivotal,000a002328,高橋文男,笠松牧場,745.0,2012.0,2006.0,1993.0
2021103967,アイソーザライト,牝,大竹正博,,バゴ,2001190004,サウンドオブハート,2009103696,アグネスタキオン,1998101516,タイヘイ牧場,タイヘイ牧場,744.0,2001.0,2009.0,1998.0
2021102049,タッカー,牡,別府真司,,ミッキーロケット,2013106099,タッカースタート,2014100387,シンボリクリスエス,1999110099,ウエスト．フォレスト．ステイブル,宝寄山拓樹,744.0,2013.0,2014.0,1999.0
2021101861,ボクノオクリモノ,牡,市村誠,,リーチザクラウン,2006102923,ダービーゾーン,2000101103,サニーブライアン,1994105719,堀口晴男,日西牧場,744.0,2006.0,2000.0,1994.0
2021105344,アキミューミュー,牝,小牧毅,,サトノクラウン,2012104668,アイスドール,2003102943,キャプテンスティーヴ,000a000d9d,大田慎治,ノーザンファーム,743.0,2012.0,2003.0,1997.0
2021103747,サザンウィンド,牝,尾林幸二,,パイロ,000a01176a,ピッチシフター,2010102639,スズカマンボ,2001103890,中屋英之,グランド牧場,743.0,2005.0,2010.0,2001.0
2021106652,クイッククイーン,牝,田村彰啓,,ジャスタウェイ,2009106461,ラトナプラ,2013110049,Distorted Humor,000a0022ea,曽和直栄,ノースヒルズ,742.5,2009.0,2013.0,1993.0
2021109151,ウエルカムキリシマ,牝,高馬元紘,,ヴァンセンヌ,2009106525,ステイトリーデイズ,2004103201,スペシャルウィーク,1995103211,西村新一郎,釘田義美,742.3,2009.0,2004.0,1995.0
2021105912,ラントリサント,牝,笹野博司,,ドレフォン,000a013b82,ローズノーブル,2009106088,ディープインパクト,2002100816,コスモヴューファーム,ノーザンファーム,742.0,2013.0,2009.0,2002.0
2021105555,トラジェクトワール,牡,尾関知人,,モーリス,2011100655,シャイントレイル,2014106203,ヴィクトワールピサ,2007102923,キャロットファーム,ノーザンファーム,742.0,2011.0,2014.0,2007.0
2021102347,ウィウィルウィン,牡,藤田正治,,ダノンシャーク,2008105554,リリークラウン,2005100621,フレンチデピュティ,000a00013a,藪上憲二,北島牧場,741.0,2008.0,2005.0,1992.0
2021103249,ロビンバローズ,牝,金田一昌,,ヘンリーバローズ,2015104813,ニコールバローズ,2009104381,ゼンノロブロイ,2000101517,川添裕起,三嶋牧場,740.8,2015.0,2009.0,2000.0
2021107236,エクセレンアーサー,牡,東眞市,,ビッグアーサー,2011103328,カモンビューティー,2016105975,ダンカーク,000a012185,中野秀樹,奥山牧場,740.6,2011.0,2016.0,2006.0
2021104817,アリハッピー,牝,安池成実,,ディープブリランテ,2009105084,リアハッピー,2010101653,サウスヴィグラス,1996110138,（有）泰興建設,桑原牧場桑原康裕,740.5,2009.0,2010.0,1996.0
2021102087,タマエスポワール,牡,加藤幸保,,エスポワールシチー,2005102837,タママリア,2003100330,キングヘイロー,1995104427,玉井鶴枝,本間牧場,740.5,2005.0,2003.0,1995.0
2021105310,オウケンボス,牡,竹下直人,,ホッコータルマエ,2009100921,オウケンチョコ,2012105617,バゴ,2001190004,ファーストビジョン,社台牧場,740.1,2009.0,2012.0,2001.0
2021106070,ブリスフル,牡,武市康男,,エスポワールシチー,2005102837,ポルボローネ,2012100086,フレンチデピュティ,000a00013a,小林竜太郎,岩見牧場,740.0,2005.0,2012.0,1992.0
2021103586,ガウラスパーク,セ,高柳大輔,,ロジャーバローズ,2016106065,ガウラミディ,2015105520,フリオーソ,2004106867,村上憲政,岡田牧場,740.0,2016.0,2015.0,2004.0
2021103223,ダノンケイツー,牡,寺島良,,Justify,000a013f2d,エンタイスド,000a01b7d9,Galileo,000a00232b,ダノックス,三嶋牧場,740.0,2015.0,2016.0,1998.0
2021107009,ハクシュ,牡,林隆之,,ゴールドシップ,2009102739,ロキロキ,2004100904,プレミアムサンダー,1994109717,佐久間拓士,村上欽哉,739.0,2009.0,2004.0,1994.0
2021105992,アジャイルブラック,牡,小国博行,,キタサンブラック,2012102013,ユナニマス,2015105080,キングカメハメハ,2001103460,平井裕,秋田牧場,739.0,2012.0,2015.0,2001.0
2021103954,エミノマジェスティ,牝,玉井勝,,オウケンブルースリ,2005102548,エミノマユアク,2013103427,エンパイアメーカー,000a010542,城市公,城市公,738.0,2005.0,2013.0,2000.0
2021101970,リンクビーナス,牝,井樋明正,,ジャングルポケット,1998101786,アイノフシギ,2012104410,グラスワンダー,1995108676,吉田哲,ファーミングヤナキタ,737.6,1998.0,2012.0,1995.0
2021107200,ルートヴィヒ,牡,竹之下昭,,サトノアラジン,2011104063,コスモミザール,2012110024,Pioneerof the Nile,000a0122f5,（同）ＪＰＮ技研,中村雅明,737.3,2011.0,2012.0,2006.0
2021103956,キャッスルレーヴ,牝,玉井勝,,ヴィットリオドーロ,2009110009,キャッスルティアラ,2016105838,トビーズコーナー,000a011fed,城市公,城市公,737.0,2009.0,2016.0,2008.0
2021106798,ファーストメイト,牡,阪本一栄,,ゴールドシップ,2009102739,ドリームエンプレス,000a013ebe,Bernstein,000a010bae,ファーストビジョン,ビッグレッドファーム,736.3,2009.0,2006.0,1997.0
2021100199,シトロンヴェール,牡,武井和実,,リアルインパクト,2008103244,ライムスカッシュ,2012104448,キングカメハメハ,2001103460,北原大史,嶋田牧場,735.5,2008.0,2012.0,2001.0
2021102784,ノアスペシャル,牝,鈴木慎太,,アジアエクスプレス,2011110091,ダブルアクセル,2010104828,アグネスタキオン,1998101516,佐山公男,酒井牧場,735.0,2011.0,2010.0,1998.0
2021104625,トネムスメ,牝,角川秀樹,,トランセンド,2006104736,リンダリンダ,2013105168,フレンチデピュティ,000a00013a,（株）ＭＭＣ,リトルブルーファーム,734.5,2006.0,2013.0,1992.0
2021100438,ミルタンドレス,牝,川嶋弘吉,,ラブリーデイ,2010104298,ケージーヒトメボレ,2009104474,ジャングルポケット,1998101786,桧森高史,松本牧場,734.2,2010.0,2009.0,1998.0
2021107176,ファビュラスロード,牡,鋤田誠二,,ロードカナロア,2008103552,ファビュラスセンス,2006103038,グラスワンダー,1995108676,小橋亮太,社台ファーム,733.9,2008.0,2006.0,1995.0
2021100541,スターダストレイン,牡,雑賀正光,,エスポワールシチー,2005102837,イントリーグ,2015101577,タニノギムレット,1999100226,中野幸一,米田牧場,733.2,2005.0,2015.0,1999.0
2021106698,サンダーバローズ,牡,林正人,,サンダースノー,000a013a06,ビジャリカ,2009106559,ディープインパクト,2002100816,猪熊広次,ハシモトファーム,733.0,2014.0,2009.0,2002.0
2021100342,ウエノマルダンディ,牡,井上弘之,,アメリカンペイトリオット,000a013bba,サンライトムーン,2008106006,キングカメハメハ,2001103460,大東正由,原口牧場,733.0,2013.0,2008.0,2001.0
2021102514,タカマキスリー,牡,菅原右吉,,メイショウボーラー,2001100650,ミルク,2014102941,キングヘイロー,1995104427,後藤順男,澤井義一,732.2,2001.0,2014.0,1995.0
2021105894,レアリゼアンレーヴ,牝,遠藤茂,,エピファネイア,2010104155,レーヴドゥラメール,2016104675,ロードカナロア,2008103552,豊島愛子,ノーザンファーム,732.0,2010.0,2016.0,2008.0
2021104900,パドゥドゥ,牡,張田京,,ニューイヤーズデイ,000a014589,パドパピヨン,2012104211,スウェプトオーヴァーボード,000a00fa34,吉田千津,社台コーポレーション白老ファーム,732.0,2011.0,2012.0,1997.0
2021103694,タイセイマイウェイ,牡,大塚信次,,ロジャーバローズ,2016106065,ゲラウトマイウエイ,2004104270,スキャターザゴールド,000a000d99,大黒富美子,キヨタケ牧場,731.6,2016.0,2004.0,1997.0
2021105225,マルコタージュ,牝,小島茂之,,ドゥラメンテ,2012104511,プロヴィナージュ,2005102392,フレンチデピュティ,000a00013a,社台レースホース,社台ファーム,731.0,2012.0,2005.0,1992.0
2021103982,ダイメイイチョウ,牝,大垣敏夫,,シュヴァルグラン,2012104759,ローマンクィーン,2009110070,Holy Roman Emperor,000a011ab8,宮本孝一,タイヘイ牧場,731.0,2012.0,2009.0,2004.0
2021101416,ホウオウアムルーズ,牝,新子雅司,,レイデオロ,2014106201,ダイワエルシエーロ,2001106188,サンデーサイレンス,000a00033a,小笹芳央,下河辺牧場,730.5,2014.0,2001.0,1986.0
2021105780,ポルトフェリス,牝,栗田徹,,エピファネイア,2010104155,ポルトフィーノ,2005102483,クロフネ,1998110135,サンデーレーシング,ノーザンファーム,730.0,2010.0,2005.0,1998.0
2021100524,コールサイン,牡,藤田輝信,,ヘニーヒューズ,000a011155,ハッピーパウダー,2012104919,クロフネ,1998110135,保坂和孝,山際牧場,730.0,2003.0,2012.0,1998.0
2021103182,エイシンオッティモ,牡,胡本友晴,,ディーマジェスティ,2013104704,ミスティコンクエスト,000a0123da,Mujadil,000a001fac,ファーストビジョン,ホースィコーヒーハウス,728.8,2013.0,2009.0,1988.0
2021103558,プライムブルー,牡,稲益貴弘,,マインドユアビスケッツ,000a01392e,レジェンドブルー,2006100820,ステイゴールド,1994108729,レックス,岡田スタッド,728.6,2013.0,2006.0,1994.0
2021103730,エズヴィラージュ,牝,盛本信春,,シニスターミニスター,000a011099,ディーズファクター,2015105591,スズカマンボ,2001103890,岡本真二,グランド牧場,727.6,2003.0,2015.0,2001.0
2021109089,ファストフライト,牝,荒山勝徳,,ドレフォン,000a013b82,ジャストザマリン,2014109096,ディープブリランテ,2009105084,恵比寿興業（株）,恵比寿興業株式会社那須野牧場,727.0,2013.0,2014.0,2009.0
2021106363,クレーネ,牝,山田質,,アルアイン,2014106046,サンマルジョイ,2015101565,ハービンジャー,000a011996,（有）槇本牧場,田端牧場,726.5,2014.0,2015.0,2006.0
2021105245,マルモア,牝,松永幹夫,,エピファネイア,2010104155,マーブルカテドラル,2011104414,ダイワメジャー,2001103114,インゼルレーシング,社台ファーム,726.0,2010.0,2011.0,2001.0
2021104138,ピオニエーレ,牡,高橋康之,,リオンディーズ,2013105915,パイオニアプライド,2016105974,クロフネ,1998110135,ＪＰＮ技研,千代田牧場,725.4,2013.0,2016.0,1998.0
2021103997,ラヴィンローゼス,牝,八木正喜,,シニスターミニスター,000a011099,ボンセジュール,2011102554,ダイワメジャー,2001103114,北原大史,高橋ファーム,725.0,2003.0,2011.0,2001.0
2021103518,リアルセンター,牝,千葉直人,,ゴールドシップ,2009102739,ヌーナ,2012110031,Congrats,000a010687,岡田牧雄,岡田スタッド,725.0,2009.0,2012.0,2000.0
2021100880,ファイアーサイン,牡,林幻,,マインドユアビスケッツ,000a01392e,サマーアクトレス,2005105261,サクラバクシンオー,1989108341,日向均,中村雅明,725.0,2013.0,2005.0,1989.0
2021110149,デュードサンライズ,牡,森下淳平,,First Dude,000a01430c,Dramamina,000a01f362,Big Drama,000a01508d,岡井元憲,Manuel Azpurua,724.5,2007.0,2016.0,2006.0
2021102762,シュンプウ,牡,佐藤茂,,サトノクラウン,2012104668,コスモパルムドール,2004110239,Yonaguska,000a010be8,ＧｒａｎｄｅＲａｃｉｎｇ,グランデファーム,724.2,2012.0,2004.0,1998.0
2021101587,ラスジャン,牡,林幻,,ジャングルポケット,1998101786,クリアソウル,2006101198,アグネスデジタル,1997110025,組）リノレーシング,高山牧場,723.3,1998.0,2006.0,1997.0
2021101087,ウインライズ,牡,植松則幸,,パイロ,000a01176a,コスモフライハイ,2004101535,ダンスインザダーク,1993109188,（株）ファーストビジ,荒井ファーム,722.2,2005.0,2004.0,1993.0
2021100306,シャトルトウショウ,牝,秋山直之,,ヘンリーバローズ,2015104813,ヴィエナトウショウ,2007100639,ワイルドラッシュ,000a0003a1,内山登志雄,中橋清,721.7,2015.0,2007.0,1994.0
2021103993,マジカルレイズ,牡,山崎裕也,,マジェスティックウォリアー,000a011e9c,ビーウィッチド,2012104054,ハービンジャー,000a011996,（株）京都ホースレー,高橋ファーム,721.0,2005.0,2012.0,2006.0
2021102854,ノーブルウィスパー,牝,八木仁,,オルフェーヴル,2008102636,ネオアレクサンドラ,2009106290,アグネスタキオン,1998101516,吉木伸彦,高村牧場,721.0,2008.0,2009.0,1998.0
2021103948,ガウリシャンカール,牡,矢野義幸,,エピカリス,2014103121,マイネシャリマー,2004105683,ムタファーウエク,000a000d9e,（株）Ｎｉｃｋｓ,静内山田牧場,720.5,2014.0,2004.0,1996.0
2021100826,アイノシャンティー,牝,佐々木仁,,ヴァンセンヌ,2009106525,プリンシプルレディ,2007102136,アグネスデジタル,1997110025,會田浩史,大北牧場,720.5,2009.0,2007.0,1997.0
2021109087,ニュージェネラル,牝,武英智,,ニューイヤーズデイ,000a014589,エルメスグリーン,2006105592,アグネスタキオン,1998101516,グリーンファーム,恵比寿興業株式会社那須野牧場,720.0,2011.0,2006.0,1998.0
2021106655,ロータスワンド,牝,中竹和也,,ロードカナロア,2008103552,ルシュクル,2006104724,サクラバクシンオー,1989108341,前田晋二,ノースヒルズ,720.0,2008.0,2006.0,1989.0
2021106178,シュシュトディエス,牝,石栗龍彦,,シルバーステート,2013105903,マイファーストラヴ,2006104350,スエヒロコマンダー,1995104468,谷脇智恵子,小泉牧場,720.0,2013.0,2006.0,1995.0
2021105905,ゼーゼマン,牡,林徹,,エピファネイア,2010104155,ロッテンマイヤー,2013105783,クロフネ,1998110135,シルクレーシング,ノーザンファーム,720.0,2010.0,2013.0,1998.0
2021105901,ジークルーネ,牝,浅利英明,,キズナ,2010105827,ロスヴァイセ,2011103783,シンボリクリスエス,1999110099,キャロットファーム,ノーザンファーム,720.0,2010.0,2011.0,1999.0
2021105633,タリフライン,牡,古賀慎明,,サトノダイヤモンド,2013106101,タリサ,000a01447a,Pour Moi,000a0126ff,吉田勝己,ノーザンファーム,720.0,2013.0,2013.0,2008.0
2021105611,ボルケーノ,牡,堀宣行,,ルーラーシップ,2007103143,スピードリッパー,2008103322,ファルブラヴ,1998190004,石川達絵,ノーザンファーム,720.0,2007.0,2008.0,1998.0
2021105435,アナベルエクラ,牝,清水久詞,,キタサンブラック,2012102013,エセンテペ,000a012fc2,Oratorio,000a010d4e,ＹＭホース,ノーザンファーム,720.0,2012.0,2009.0,2002.0
2021105397,アフィリオン,セ,古賀慎明,,サトノダイヤモンド,2013106101,イストワールファム,2014106076,ローエングリン,1999106738,シルクレーシング,ノーザンファーム,720.0,2013.0,2014.0,1999.0
2021105134,ドリーミーデイ,牝,久保田貴,,Le Havre,000a01198f,デインドリーム,2008190004,Lomitas,000a00fe91,社台レースホース,社台ファーム,720.0,2006.0,2008.0,1988.0
2021104724,トーセンクライネ,牝,田村康仁,,サトノクラウン,2012104668,トーセンミネルバ,2008105252,キングカメハメハ,2001103460,島川隆哉,エスティファーム,720.0,2012.0,2008.0,2001.0
2021104278,マリーアムール,牝,寺島良,,マクフィ,000a011c77,パルフェダムール,2013104670,マンハッタンカフェ,1998101554,ヒダカ・ブリーダーズ・ユニオン,橋本牧場,720.0,2007.0,2013.0,1998.0
2021103273,ベルパッション,牝,西園正都,,ダノンレジェンド,2010110102,メイショウトモシビ,2015103380,ハーツクライ,2001103038,山崎太嗣,三嶋牧場,720.0,2010.0,2015.0,2001.0
2021102677,サイレント,牝,杉山晴紀,,エピファネイア,2010104155,リーチコンセンサス,2006103160,フレンチデピュティ,000a00013a,江馬由将,川越ファーム,720.0,2010.0,2006.0,1992.0
2021102261,クリノファンタジア,牝,石橋守,,トビーズコーナー,000a011fed,ホシゾラ,2014104128,ネオユニヴァース,2000101426,栗本依利子,横井哲,720.0,2008.0,2014.0,2000.0
2021102254,コルルディ,牝,高柳大輔,,ダノンシャンティ,2007105709,ハイヨーシルバー,2012101031,クロフネ,1998110135,ＩＺＵＲＵジャパン,Ｕ・Ｍ・Ａ,720.0,2007.0,2012.0,1998.0
2021101630,グランドハーバー,牝,鹿戸雄一,,ダノンシャンティ,2007105709,ヴァレッタ,000a011a1b,Cape Cross,000a0022ae,ゴドルフィン,ダーレー・ジャパン・ファーム,720.0,2007.0,2006.0,1994.0
2021101225,インファンタ,牝,岩崎真樹,,キンシャサノキセキ,2003110212,オンマイマインド,2007103828,ティンバーカントリー,000a00035e,池田知夏,木村牧場,720.0,2003.0,2007.0,1992.0
2021100745,トップオブザロック,牡,石坂公一,,ルーラーシップ,2007103143,マンハッタンミート,2009101088,マンハッタンカフェ,1998101554,犬塚悠治郎,高昭牧場,720.0,2007.0,2009.0,1998.0
2021100527,タヤスロンドン,牡,岩戸孝樹,,シャンハイボビー,000a0127e4,ラフメイカー,2014101420,スズカマンボ,2001103890,横瀬兼二,山際牧場,720.0,2010.0,2014.0,2001.0
2021100500,リワードマーリン,牝,宇野木博,,アメリカンペイトリオット,000a013bba,エイシンポラリス,2011110047,Unbridled's Song,000a002071,宮崎麻衣子,元茂修一,720.0,2013.0,2011.0,1993.0
2021100383,グラシリティ,牝,相沢郁,,ヘニーヒューズ,000a011155,ディオーサシチー,2010101580,シンボリクリスエス,1999110099,友駿ホースクラブ,幌村牧場,720.0,2003.0,2010.0,1999.0
2021100098,ミスティカ,牝,松下武士,,マジェスティックウォリアー,000a011e9c,ミスティック,2015103236,キンシャサノキセキ,2003110212,カナヤマホールディングス,木田牧場,720.0,2005.0,2015.0,2003.0
2021100060,レオエンプレス,牝,奥平雅士,,マジェスティックウォリアー,000a011e9c,ラパージュ,2009101517,ダイワメジャー,2001103114,レオ,小野秀治,720.0,2005.0,2009.0,2001.0
2021106790,レジーナチェリ,牡,藤田輝信,,サトノクラウン,2012104668,サルヴェレジーナ,2014100139,スクリーンヒーロー,2004103328,坂本順子,ビッグレッドファーム,718.8,2012.0,2014.0,2004.0
2021106851,ムサシ,牡,千葉博次,,ラブリーデイ,2010104298,ミスコマチ,2008105132,ステイゴールド,1994108729,山邉浩,プログレスファーム,717.8,2010.0,2008.0,1994.0
2021106439,レディパイロ,牝,森山雄大,,パイロ,000a01176a,ターコイズ,2015101567,ハードスパン,000a0116a1,正木省司,トド岩高原銀河農場物語,717.4,2005.0,2015.0,2004.0
2021102010,ライペニング,牡,藤田輝信,,マインドユアビスケッツ,000a01392e,シナジーウィスパー,2010104054,ネオユニヴァース,2000101426,（株）マフィン,藤本ファーム,717.0,2013.0,2010.0,2000.0
2021104431,ディアモミノル,牡,坂本昇,,スピリッツミノル,2012103484,レジーナミノル,2016106238,ダンカーク,000a012185,本城,フジワラファーム,715.5,2012.0,2016.0,2006.0
2021100055,ベアヌカサナイデ,牡,三小田幸,,リアルスティール,2012104889,トーセンバスケット,2005100117,ブライアンズタイム,000a000082,鶴俊邦,沖田博志,715.4,2012.0,2005.0,1985.0
2021103864,タイヘイノヨ,セ,工藤伸輔,,ディスクリートキャット,000a0113a1,パチャママ,2009101572,ファスリエフ,000a00fc4c,北原大史,サンデーヒルズ,715.0,2003.0,2009.0,1997.0
2021105335,トーアマリシテン,セ,小島茂之,,ビーチパトロール,000a0141f9,トーアヒミコ,2013105103,クロフネ,1998110135,高山ランド,トーア牧場,714.0,2013.0,2013.0,1998.0
2021103419,ベストツッキー,牡,山崎裕也,,ベストウォーリア,2010110127,カンタベリーセーラ,2012102672,スクリーンヒーロー,2004103328,（株）皐月,荒谷輝和,714.0,2010.0,2012.0,2004.0
2021103439,アニマルボス,牡,宮川浩一,,アニマルキングダム,000a011dad,ウエスタンクィーン,2002105288,エルコンドルパサー,1995108742,笠原久夫,ウエスタンファーム,713.5,2008.0,2002.0,1995.0
2021104932,ワイマング,セ,関本浩司,,アルアイン,2014106046,レディオブヴェニス,000a011565,Loup Solitaire,000a0114fc,伊藤弘泰,社台コーポレーション白老ファーム,712.4,2014.0,2003.0,1993.0
2021101802,グッモーニン,牡,田島寿一,,モーニン,2012110091,レディー,2010101496,ゴールドヘイロー,1997101264,組）ゴッテスフルス,道見牧場,711.5,2012.0,2010.0,1997.0
2021104115,アオイラン,牝,新井健児,,シルバーステート,2013105903,ジューンブライド,2006101260,アフリート,000a000013,小橋亮太,千代田牧場,711.0,2013.0,2006.0,1984.0
2021100317,ウーナグローリア,牝,西川敏弘,,ニシケンモノノフ,2011105438,バイカオウレン,2007106436,フジキセキ,1992109618,ウエスト．フォレスト．ステイブル,ニシケンファーム,711.0,2011.0,2007.0,1992.0
2021106915,エイラク,牝,橋本忠明,,エスポワールシチー,2005102837,ゲットミー,2012101312,アグネスデジタル,1997110025,薪浦亨,松浦牧場,710.0,2005.0,2012.0,1997.0
2021101584,テイケイモハラ,牝,山口浩幸,,カレンブラックヒル,2009106230,マッシヴエレガンス,2014104954,ディープブリランテ,2009105084,兼松忠男,高山博,710.0,2009.0,2014.0,2009.0
2021100698,ヴィーケン,牡,新井清重,,トーセンラー,2008102985,ケンブリッジデイズ,2012102904,クロフネ,1998110135,中西宏彰,ケンブリッジバレー,708.5,2008.0,2012.0,1998.0
2021104077,トコトコトッコトコ,牝,坂口義幸,,グランデッツァ,2009105989,ウェーブピアサー,2007102670,ゼンノロブロイ,2000101517,内田律子,谷藤弘美,708.1,2009.0,2007.0,2000.0
2021100794,ドナアフロディテ,牝,橋本和馬,,ドレフォン,000a013b82,ラブジュリエット,2009101145,フサイチコンコルド,1993109220,岡田拓也,鮫川啓一,707.8,2013.0,2009.0,1993.0
2021109082,アミフジモアナ,牝,堀千亜樹,,ラニ,2013110045,セドゥクティーバ,2003106312,アグネスタキオン,1998101516,内藤正生,内藤牧場,707.5,2013.0,2003.0,1998.0
2021104915,オルペウス,牡,新井清重,,オルフェーヴル,2008102636,プペフラッシュ,000a0142d9,Elusive Quality,000a00231f,谷野健,社台コーポレーション白老ファーム,707.0,2008.0,2009.0,1993.0
2021104297,ユイノオトシアナ,牡,田村彰啓,,ビーチパトロール,000a0141f9,ヒワラニ,2013104350,ディープインパクト,2002100816,井手進策,畠山牧場,706.0,2013.0,2013.0,2002.0
2021109063,ストロングブラック,牡,粕谷昌央,,インカンテーション,2010104916,コウヨウアイリーン,2004102050,ダンスインザダーク,1993109188,庄司紫紀,マルシチ牧場,705.5,2010.0,2004.0,1993.0
2021106422,トルタカプレーゼ,牡,工藤真司,,モーニン,2012110091,ハッピーチャート,2010102738,クロフネ,1998110135,藤田司,対馬正,705.5,2012.0,2010.0,1998.0
2021102721,スマートスコープ,牡,有馬澄男,,ヘニーヒューズ,000a011155,スマートバベル,2011101856,サウスヴィグラス,1996110138,（株）大川徹ホール,杵臼牧場,705.5,2003.0,2011.0,1996.0
2021100496,ルタンアリュール,牡,新井清重,,フリオーソ,2004106867,ルタンメルヴェイユ,2015102424,ゴールドアリュール,1999106689,豊原純弥,明治牧場,705.5,2004.0,2015.0,1999.0
2021106219,ウインプロティア,牝,岩崎真樹,,ダノンバラード,2008103548,ジャカランダテラス,2007110126,Redoute's Choice,000a00fe93,組）リノレーシング,コスモヴューファーム,705.0,2008.0,2007.0,1996.0
2021105033,カーモス,牝,山崎尋美,,ルーラーシップ,2007103143,コンテッサトゥーレ,2012104153,ディープインパクト,2002100816,社台レースホース,社台ファーム,705.0,2007.0,2012.0,2002.0
2021103438,レジェス,牡,平山真希,,アニマルキングダム,000a011dad,ウエスタンイヴ,2011110101,エンパイアメーカー,000a010542,清宮義男,ウエスタンファーム,705.0,2008.0,2011.0,2000.0
2021100226,セキテイレア,牝,張田京,,レイデオロ,2014106201,ジャストアスミッジ,000a015977,Into Mischief,000a0125a7,杉山元洋,田上徹,703.5,2014.0,2015.0,2005.0
2021102235,ブラックサンライズ,牝,川田孝好,,キタサンブラック,2012102013,テーオールネサンス,2007106698,クロフネ,1998110135,（株）ライフハウス,ヤナガワ牧場,703.4,2012.0,2007.0,1998.0
2021102886,ビナミトー,牝,酒井一則,,アジアエクスプレス,2011110091,コウヨウマリア,2011105851,ダンスインザダーク,1993109188,栗東総合産業（株）,谷川牧場,703.0,2011.0,2011.0,1993.0
2021106835,マイネルコモドーア,牡,宇野木博,,ゴールドシップ,2009102739,ワンダフルラッシュ,2013102671,バゴ,2001190004,南條浩輝,ビッグレッドファーム,701.1,2009.0,2013.0,2001.0
2021106304,ピンネシリ,牡,真島大輔,,ゴールドアクター,2011105266,ヒノクニノオンナ,2016100326,ヘニーヒューズ,000a011155,辻助,須崎牧場,701.0,2011.0,2016.0,2003.0
2021106882,ゴールドブラボー,牝,中川雅之,,ゴールドアクター,2011105266,ハチマンダイボサツ,2004100833,マーベラスサンデー,1992103687,久安常信,北勝ファーム,700.8,2011.0,2004.0,1992.0
2021100695,ヴェストラン,牡,本田優,,レインボーライン,2013106183,アテナブルー,2007104336,ジャングルポケット,1998101786,中西宏彰,ケンブリッジバレー,700.1,2013.0,2007.0,1998.0
2021103075,メイショウヤマモモ,牝,高橋亮,,モーリス,2011100655,メイショウアキシノ,2009100613,デュランダル,1999106756,松本好隆,富田牧場,700.0,2011.0,2009.0,1999.0
2021103451,プルミエールパス,牝,河嶋宏樹,,ロゴタイプ,2010103783,シャインパーミット,2008106454,ファルブラヴ,1998190004,塚田義広,上野正恵,699.6,2010.0,2008.0,1998.0
2021104615,ポートカルタヘナ,牝,打越勇児,,モーニン,2012110091,ロスカティオス,2010106249,ティンバーカントリー,000a00035e,中村智幸,ハーモニーストックファーム,699.0,2012.0,2010.0,1992.0
2021101753,ジャコムスビ,牡,櫻井今朝,,リアルスティール,2012104889,ブルーエクセル,2016106416,ロードカナロア,2008103552,（同）ＪＰＮ技研,チャンピオンズファーム,698.9,2012.0,2016.0,2008.0
2021105148,ナックアテナ,牝,立花伸,,ブリックスアンドモルタル,000a014377,ナックビーナス,2013105736,ダイワメジャー,2001103114,小松欣也,社台ファーム,698.6,2014.0,2013.0,2001.0
2021104453,マベルシュシュット,牝,今野貞一,,ドゥラメンテ,2012104511,アトラクティヴレディ,000a017600,Teofilo,000a01139e,Ｎ’ｓレーシング,ＰＲＩＤＥＲＯＣＫ,698.0,2012.0,2012.0,2004.0
2021102654,リードアクトレス,牝,安達昭夫,,マジェスティックウォリアー,000a011e9c,ブラウンテヌート,2013103562,シンボリクリスエス,1999110099,山内邦一,金石牧場,698.0,2005.0,2013.0,1999.0
2021101223,クィーンズハット,牝,石井勝男,,モーリス,2011100655,アズマクィーン,2012101205,アドマイヤムーン,2003102991,木村牧場,木村牧場,698.0,2011.0,2012.0,2003.0
2021101150,フォーチュンバイオ,牝,新井清重,,ノヴェリスト,000a012230,ハイレベルバイオ,2012104828,マンハッタンカフェ,1998101554,,沖田牧場,698.0,2009.0,2012.0,1998.0
2021101266,クラウンクーロン,牡,那俄性哲,,バゴ,2001190004,マリノサクセス,2014104064,ヴィクトワールピサ,2007102923,（株）クラウン,クラウン日高牧場,697.5,2001.0,2014.0,2007.0
2021100026,ウィンドワーク,牝,関本浩司,,アメリカンペイトリオット,000a013bba,アートラヴァー,2013105843,ダイワメジャー,2001103114,大泉勉,小河豊水,696.4,2013.0,2013.0,2001.0
2021110040,メトロポリターナ,牝,粕谷昌央,,Masar,000a013d93,ゴールデングローブ,2008105763,Shamardal,000a010c92,庄司修二,Godolphin,695.5,2015.0,2008.0,2002.0
2021102672,マヒナブラヴォー,牡,中道啓二,,ポアゾンブラック,2009102733,ウインマルゲリータ,2010104693,メイショウオウドウ,1995101767,荷口優,川越ファーム,695.5,2009.0,2010.0,1995.0
2021104716,レッツコーディー,牡,九日俊光,,ヴァンキッシュラン,2013105718,トーセンドロップ,2016104732,ジャスタウェイ,2009106461,酒井孝敏,エスティファーム,695.4,2013.0,2016.0,2009.0
2021105005,ベレッタ,牡,萩原清,,レイデオロ,2014106201,ガールズバンド,2015104260,ディープインパクト,2002100816,寺田寿男,社台ファーム,695.0,2014.0,2015.0,2002.0
2021101929,クイーンマートル,牝,米田英世,,マインドユアビスケッツ,000a01392e,モリトシラギク,2014102381,クロフネ,1998110135,楊明山,日高大洋牧場,694.5,2013.0,2014.0,1998.0
2021104180,マーゴットメネス,牡,伊藤強一,,レイデオロ,2014106201,レーヴドフィユ,000a0120d8,Storm Cat,000a001a98,（同）ＪＰＮ技研,千代田牧場,694.4,2014.0,2005.0,1983.0
2021102907,レディーペガサス,牝,木村健,,インカンテーション,2010104916,ボウピープ,2011105853,ディープスカイ,2005101358,曽和栄司,谷川牧場,694.4,2010.0,2011.0,2005.0
2021106865,サクラギ,牝,伊藤勝己,,パイロ,000a01176a,サウスグローリー,2015100362,サウスヴィグラス,1996110138,（同）ＪＰＮ技研,ホース・マネジメント・ボス,694.1,2005.0,2015.0,1996.0
2021103103,マロンスイーツ,牡,玉井勝,,ダンカーク,000a012185,ブリーズドゥース,2015104511,ヴィクトワールピサ,2007102923,服部謙一,中脇満,694.0,2006.0,2015.0,2007.0
2021100847,ダイヤクリスタル,牝,入口由美,,リーチザクラウン,2006102923,クリスタルクール,2008101160,キングカメハメハ,2001103460,遠藤喜和,ダイヤモンドファーム,693.6,2006.0,2008.0,2001.0
2021101969,キタノコンドル,牡,畠山信一,,サトノクラウン,2012104668,ロトクレドール,2013100850,アドマイヤムーン,2003102991,北所拓也,Ｂ．Ｃ．Ｓ．,692.9,2012.0,2013.0,2003.0
2021104552,ゴールウェイガール,牝,森山英雄,,キンシャサノキセキ,2003110212,プレノタート,2009104261,ジャングルポケット,1998101786,山邉浩,松田牧場,692.2,2003.0,2009.0,1998.0
2021100219,ジャズダンス,牡,真島元徳,,モーニン,2012110091,ジュンアイノキミ,2014101170,セイントアレックス,2007110008,國武佳博,城地牧場,692.2,2012.0,2014.0,2007.0
2021101952,パワーキングダム,牡,鈴木啓之,,アニマルキングダム,000a011dad,ゴールドハーモニー,2008106028,ゴールドアリュール,1999106689,中山博,広富牧場,690.4,2008.0,2008.0,1999.0
2021101206,ラーリア,牝,森山英雄,,トーセンラー,2008102985,イリリア,2014105956,ダノンシャンティ,2007105709,山邉浩,北田剛,690.4,2008.0,2014.0,2007.0
2021106087,ピカレスクノベル,牡,高橋義忠,,アメリカンペイトリオット,000a013bba,ピカロ,2014100098,スズカマンボ,2001103890,加藤徹,大狩部牧場,690.0,2013.0,2014.0,2001.0
2021105401,ドルフィンスルー,牝,木村哲也,,ドゥラメンテ,2012104511,イルーシヴウェーヴ,000a0124c0,Elusive City,000a01239c,吉田勝己,ノーザンファーム,690.0,2012.0,2006.0,2000.0
2021103237,ジャスティンライズ,セ,大和田成,,キズナ,2010105827,ジアナズドリーム,000a0143c8,Twirling Candy,000a01316b,三木正浩,三嶋牧場,690.0,2010.0,2013.0,2007.0
2021102995,ブレイブハートマン,牡,西村真幸,,カリフォルニアクローム,000a012602,ティファニーケイス,2007101647,タイキシャトル,1994109686,宮崎俊也,辻牧場,690.0,2011.0,2007.0,1994.0
2021100506,キングクレオール,牡,和田雄二,,マジェスティックウォリアー,000a011e9c,ブルーピアス,2009101850,ヘクタープロテクター,000a000d6b,田島榮二郎,元茂牧場,690.0,2005.0,2009.0,1988.0
2021106723,ハクアイキセキ,牡,東眞市,,リアルスティール,2012104889,カメリアローズII,000a012506,Oratorio,000a010d4e,（株）Ｈ．Ｉコーポレ,パカパカファーム,689.5,2012.0,2008.0,2002.0
2021104816,エムティトップ,牝,佐藤茂,,ゴールドアクター,2011105266,プリンシパルハニー,2011103663,ゴールドアリュール,1999106689,,桑原牧場桑原康裕,688.5,2011.0,2011.0,1999.0
2021105530,ブラックルチル,牡,池江泰寿,,エピファネイア,2010104155,サトノオニキス,2013106106,ディープインパクト,2002100816,キャロットファーム,ノーザンファーム,688.0,2010.0,2013.0,2002.0
2021101732,アズベリー,牝,山下貴之,,リアルスティール,2012104889,ジャミン,2015102633,エンパイアメーカー,000a010542,前原敏行,チャンピオンズファーム,688.0,2012.0,2015.0,2000.0
2021101329,ジャティルウィ,牡,中道啓二,,ヘニーハウンド,2008110097,オリークック,2008105509,フィガロ,1995108837,伊達泰明,サンシャイン牧場,686.7,2008.0,2008.0,1995.0
2021106372,イツツボシ,牝,佐々木功,,アジアエクスプレス,2011110091,ゴールデンファレノ,2010106506,フジキセキ,1992109618,酒井孝敏,大栄牧場,686.5,2011.0,2010.0,1992.0
2021107101,イズジョーノヒカリ,牝,藤ケ崎一,,ミッキーグローリー,2013103999,キューティロンプ,2014100895,エンパイアメーカー,000a010542,北原大史,守矢牧場,685.9,2013.0,2014.0,2000.0
2021106765,ラディアントホース,牝,山田徹,,ロージズインメイ,000a010a10,アマレーン,2016100687,アドマイヤムーン,2003102991,福田達也,ビッグレッドファーム,685.5,2000.0,2016.0,2003.0
2021106339,リアンフォール,牡,米田英世,,ルーラーシップ,2007103143,ニイガッタメール,2005103187,シンボリクリスエス,1999110099,細谷典幸,武田修一,685.5,2007.0,2005.0,1999.0
2021107096,インクルーデッド,牝,米川昇,,ヘニーヒューズ,000a011155,インクルーシブ,2012104063,ディープインパクト,2002100816,森永聡,森永聡,685.4,2003.0,2012.0,2002.0
2021100454,アストラッド,牝,和田正一,,ダノンバラード,2008103548,ドゥザボサノバ,000a011dd5,Galileo,000a00232b,江馬由将,三石川上牧場,685.0,2008.0,2008.0,1998.0
2021106168,イナズマライン,牝,井上哲,,レインボーライン,2013106183,イナズマローレル,2001101745,ピルサドスキー,1992190011,紙谷洋一,小泉牧場,684.8,2013.0,2001.0,1992.0
2021106892,ジャズブレイキー,牡,濱田一夫,,モーニン,2012110091,ラブローレル,2012100777,ブライアンズタイム,000a000082,鈴木道隆,北星村田牧場,684.2,2012.0,2012.0,1985.0
2021101779,グランナヴィール,牡,堀内岳志,,ゴールドシップ,2009102739,ウッドシップ,2008105827,クロフネ,1998110135,ヒダカ・ブリーダーズ・ユニオン,出口牧場,684.0,2009.0,2008.0,1998.0
2021106580,タイセイシップ,牡,内田勝義,,キズナ,2010105827,フライングヴィジョン,000a015985,Pollard's Vision,000a0119b7,田中成奉,新冠橋本牧場,683.8,2010.0,2008.0,2001.0
2021106446,ヤクジンミョウオウ,牡,尾林幸二,,サウンドボルケーノ,2008110123,サウンドモニカ,2011105781,クロフネ,1998110135,曽和栄司,飛渡牧場,683.6,2008.0,2011.0,1998.0
2021101363,アイランドピーク,牡,加藤和宏,,ユアーズトゥルーリ,2016104391,ナリタアルテミス,2010100957,ネオユニヴァース,2000101426,小島將之,鹿戸和幸,683.3,2016.0,2010.0,2000.0
2021104792,メードス,セ,佐藤悠太,,ダイワメジャー,2001103114,メーデイア,2008102582,キングヘイロー,1995104427,Ｇ１レーシング,追分ファーム,682.1,2001.0,2008.0,1995.0
2021103211,メイショウロージー,牝,別府真司,,ミッキーアイル,2011103916,メイショウレンマ,2013102818,メイショウサムソン,2003102205,会田裕一,まるとみ冨岡牧場,682.0,2011.0,2013.0,2003.0
2021104973,ルボートン,牝,伊藤滋規,,ダイワメジャー,2001103114,エヴァディングタンペット,000a011dcd,Dubai Destination,000a010a60,福岡隆史,社台ファーム,680.4,2001.0,2007.0,1999.0
2021106075,ナンセイタイム,牡,米田英世,,ファインニードル,2013100612,カサロサーダ,2013105950,ステイゴールド,1994108729,池田喜吉,大狩部牧場,680.0,2013.0,2013.0,1994.0
2021104721,トーセンエナジー,牡,小久保智,,ダイワメジャー,2001103114,トーセンブリリアン,2003102610,ホワイトマズル,1990109700,島川隆哉,エスティファーム,680.0,2001.0,2003.0,1990.0
2021102736,ヴァラムノス,牝,水野貴史,,キンシャサノキセキ,2003110212,ミリアム,2006102735,キングカメハメハ,2001103460,野嶋祥二,杵臼牧場,680.0,2003.0,2006.0,2001.0
2021106008,プラビータ,牝,小久保智,,シャンハイボビー,000a0127e4,タカヒロガートップ,2010105291,アドマイヤマックス,1999107004,高岡浩行,アサヒ牧場,679.0,2010.0,2010.0,1999.0
2021100997,ダイヤモンドキッス,牡,鹿沼良和,,ベストウォーリア,2010110127,メイレディ,2009101071,ジェニュイン,1992109450,ＡＳＵＫＡＫＩＫＡＫ,村下清志,679.0,2010.0,2009.0,1992.0
2021104282,サンセットカラー,牝,森山英雄,,シャンハイボビー,000a0127e4,レーヴドベティ,2008100761,ロックオブジブラルタル,000a00fd4c,山邉浩,橋本牧場,678.3,2010.0,2008.0,1999.0
2021100304,メジャーレーベル,牡,今津勝之,,シュヴァルグラン,2012104759,フィールドメジャー,2010104091,ダイワメジャー,2001103114,（同）ＪＰＮ技研,中田英樹,678.0,2012.0,2010.0,2001.0
2021101953,カガカプチーノ,牡,松島壽,,ジョーカプチーノ,2006100529,スイリンカ,2006105944,ワイルドラッシュ,000a0003a1,大黒富美子,広富牧場,676.6,2006.0,2006.0,1994.0
2021100516,カシノカンピオーネ,牡,古賀光範,,コパノリッキー,2010106548,バンドゥーラ,2015102689,スクリーンヒーロー,2004103328,柏木務,山際セントラルスタッド,676.6,2010.0,2015.0,2004.0
2021104141,シャローム,牝,佐藤茂,,サトノクラウン,2012104668,ビバパーチェ,2013104506,エンパイアメーカー,000a010542,飯田正剛,千代田牧場,676.0,2012.0,2013.0,2000.0
2021106464,タプチャン,牡,木村健,,スマートファルコン,2005100097,ヒラリータイザン,2008100798,ワイルドラッシュ,000a0003a1,平野伸茂,トモファーム,675.5,2005.0,2008.0,1994.0
2021104896,アシセバイラ,牝,高橋清顕,,マインドユアビスケッツ,000a01392e,バイラオーラ,2006102828,トワイニング,000a000006,今中俊平,社台コーポレーション白老ファーム,675.0,2013.0,2006.0,1991.0
2021101048,アーニャワクワク,牝,田村彰啓,,サトノクラウン,2012104668,マヤノロシュニ,2006104486,マンハッタンカフェ,1998101554,中西功,天羽牧場,675.0,2012.0,2006.0,1998.0
2021101532,カズノミカヅキ,牡,納谷和玖,,リオンディーズ,2013105915,センチュリーパーク,000a014d2e,General Meeting,000a001fee,鈴木可一,シンボリ牧場,673.8,2013.0,2006.0,1988.0
2021100853,エスメラルドエクラ,牡,橘友和,,レーヴミストラル,2012104929,カントリーギャル,2008106517,ティンバーカントリー,000a00035e,金野博幸,東栄牧場,673.7,2012.0,2008.0,1992.0
2021103839,オニノタマゴ,牡,安池成実,,フリオーソ,2004106867,シャドークイーン,2010102743,マンハッタンカフェ,1998101554,木村恵理,佐竹学,673.5,2004.0,2010.0,1998.0
2021102272,クラークテソーロ,牡,東眞市,,スワーヴリチャード,2014106083,アンカーテソーロ,2015110094,Giant's Causeway,000a0022e1,了徳寺健二ホールディングス,リョーケンファーム,672.6,2014.0,2015.0,1997.0
2021105041,グッドインディード,牝,佐藤裕太,,シュヴァルグラン,2012104759,ゴーフューチャー,2014105696,マンハッタンカフェ,1998101554,吉田照哉,社台ファーム,672.0,2012.0,2014.0,1998.0
2021103037,デリシュー,牡,新開幸一,,ワールドエース,2009106353,ジョリーザスターズ,2013110039,Sea The Stars,000a011c78,大塚亮一,ディアレストクラブ,672.0,2009.0,2013.0,2006.0
2021103909,ミニーバローズ,牝,山田徹,,ロジャーバローズ,2016106065,シーカーマ,000a011ada,Exchange Rate,000a011433,上手健太郎,静内フジカワ牧場,671.5,2016.0,2006.0,1997.0
2021102808,アフロプリンス,牡,的場直之,,マジェスティックウォリアー,000a011e9c,シルクナデシコ,2006102012,フジキセキ,1992109618,伊藤恵介,笹地牧場,671.0,2005.0,2006.0,1992.0
2021106965,アルヴィア,牡,小西一男,,シュヴァルグラン,2012104759,アイアムラヴィング,2005102381,ファルブラヴ,1998190004,小泉修,三村卓也,670.6,2012.0,2005.0,1998.0
2021107057,ファーストフラワー,牝,月岡健二,,ホッコータルマエ,2009100921,フルオブスターズ,2013102086,エンパイアメーカー,000a010542,佐々木雄二,村田牧場,670.0,2009.0,2013.0,2000.0
2021103550,キープライジング,牝,吉田直弘,,ブリックスアンドモルタル,000a014377,ライジングリーズン,2014101903,ブラックタイド,2001103312,岡田牧雄,岡田スタッド,669.0,2014.0,2014.0,2001.0
2021101774,バウブロッサム,牝,塚田隆男,,トゥザワールド,2011103975,エンジェルズソング,2013102361,フレンチデピュティ,000a00013a,堀井真知子,坪田晃宜,669.0,2011.0,2013.0,1992.0
2021104070,ウエストリーダー,セ,坂井英光,,シャンハイボビー,000a0127e4,ピュアライン,2010102904,サクラプレジデント,2000102261,小田吉男,谷岡牧場,668.9,2010.0,2010.0,2000.0
2021103186,デカプリオ,牡,川島正一,,ダノンレジェンド,2010110102,カタストロフィ,2012104233,ハービンジャー,000a011996,渋谷高雄,松田牧場,668.5,2010.0,2012.0,2006.0
2021102100,ミスゴールド,牝,凾館一昭,,ゴールドアクター,2011105266,ミスエコパワー,2009105971,タニノギムレット,1999100226,横田一男,前川義則,668.3,2011.0,2009.0,1999.0
2021105032,フェデラルスタイル,牝,森山英雄,,ニューイヤーズデイ,000a014589,コロニアルスタイル,2014105404,ゴールドアリュール,1999106689,山邉浩,社台ファーム,668.0,2011.0,2014.0,1999.0
2021101521,グッドヴァイブス,牡,高柳瑞樹,,シュヴァルグラン,2012104759,インドリヤ,000a013e1e,Stormy Atlantic,000a010b85,藤田晋,シンボリ牧場,668.0,2012.0,2012.0,1994.0
2021100664,ダバイカンティーク,牝,竹下太,,バンブーエール,2003104100,ルナクィーン,2005102465,フジキセキ,1992109618,本城,北俣ファーム,668.0,2003.0,2005.0,1992.0
2021102057,サノノリッチ,牝,加藤和宏,,トゥザワールド,2011103975,シックファイター,2003105271,ヘクタープロテクター,000a000d6b,ファーストビジョン,豊洋牧場,667.7,2011.0,2003.0,1988.0
2021104747,サーブザミッション,牡,古澤悟,,シュヴァルグラン,2012104759,ウィズアミッション,2011110054,Danehill Dancer,000a002309,寺島能史,追分ファーム,667.5,2012.0,2011.0,1993.0
2021107360,ベルモンド,牡,田中淳司,,パイロ,000a01176a,アンプレヴー,2006103376,トワイニング,000a000006,宮崎俊也,アースファーム,667.0,2005.0,2006.0,1991.0
2021102835,メイショウマドロス,牡,石橋守,,カリフォルニアクローム,000a012602,メイショウデイム,2007101565,マンハッタンカフェ,1998101554,松本好隆,太陽牧場,667.0,2011.0,2007.0,1998.0
2021103074,グレイストーム,牡,田中守,,エイシンヒカリ,2011101273,ムスターヴェルク,2014105819,ハーツクライ,2001103038,兼松康太,富田牧場,666.6,2011.0,2014.0,2001.0
2021100963,タルマファイト,牡,佐々木洋,,ホッコータルマエ,2009100921,タイセイラルーナ,2013103523,ゴールドアリュール,1999106689,ニケーエス（株）,藤春修二,666.0,2009.0,2013.0,1999.0
2021106149,ダイヤメ,牡,吉井竜一,,モーニン,2012110091,デフィニール,2013101391,ブラックタイド,2001103312,辻子依旦,川島牧場,665.5,2012.0,2013.0,2001.0
2021105446,ベリーク,牡,高月賢一,,シュヴァルグラン,2012104759,エルビッシュ,2013105919,キングカメハメハ,2001103460,（同）ＪＰＮ技研,ノーザンファーム,665.5,2012.0,2013.0,2001.0
2021103183,ベストポスト,牡,小久保智,,ホッコータルマエ,2009100921,シンメイゲイルス,2006105494,ダンスインザダーク,1993109188,ブルーエクウス,北光牧場,665.5,2009.0,2006.0,1993.0
2021104100,ツガノショウグン,牡,長谷川忍,,ダンカーク,000a012185,ギフトオブザラック,2008100599,ディープインパクト,2002100816,大塚進,千代田牧場,665.0,2006.0,2008.0,2002.0
2021109068,カミノカガヤキ,牝,村上実,,アルデバランII,000a010541,ローレルアンジュ,1999109402,パラダイスクリーク,1989109110,村上正喜,村上幹夫,664.7,1998.0,1999.0,1989.0
2021103380,ドナデュボア,牝,石川栄,,ダノンレジェンド,2010110102,キョウエイボヌール,2011106588,ゴールドアリュール,1999106689,内山啓,山春牧場,664.6,2010.0,2011.0,1999.0
2021103196,トミサンエンジェル,牝,田辺陽一,,アジアエクスプレス,2011110091,ナロウゲート,2012105540,フォーティナイナーズサン,000a011227,富田公一,丸幸小林牧場,664.5,2011.0,2012.0,2001.0
2021103003,メイショウカンムリ,牡,伊藤滋規,,カリフォルニアクローム,000a012602,ヒラボクウィン,2008101612,ワイルドラッシュ,000a0003a1,組）滋友会,辻牧場,664.5,2011.0,2008.0,1994.0
2021101508,スウィートドリーム,牝,高月賢一,,トビーズコーナー,000a011fed,ハイポセシス,2010100688,アグネスタキオン,1998101516,（有）新生ファーム,新生ファーム,664.1,2008.0,2010.0,1998.0
2021107039,ラシアス,牝,後藤佑耶,,カレンブラックヒル,2009106230,ブリリアントコール,2017105629,ディープブリランテ,2009105084,ＹＧＧホースクラブ,村上雅規,664.0,2009.0,2017.0,2009.0
2021106009,ペイシャツネ,牡,北野真弘,,ニシケンモノノフ,2011105438,マキノルーチェ,2007100072,スターリングローズ,1997106560,ウエスト．フォレスト．ステイブル,アサヒ牧場,663.5,2011.0,2007.0,1997.0
2021104749,エグザルテーション,牝,櫻井今朝,,ハービンジャー,000a011996,ヴィクトリーマーチ,2007102649,アグネスタキオン,1998101516,西岡透,追分ファーム,663.1,2006.0,2007.0,1998.0
2021106453,チョウガンバレ,牡,羽月友彦,,コパノリッキー,2010106548,パフュームボム,2011102225,プリサイスエンド,000a00fe9b,丸山隆雄,富本茂喜,663.0,2010.0,2011.0,1997.0
2021100548,アークプルミエ,牡,栗本陽一,,フリオーソ,2004106867,アークスピネル,2016101525,フォーティナイナーズサン,000a011227,ＡＨＣ（株）,リバティホースファーム,662.6,2004.0,2016.0,2001.0
2021106641,ハギノインスパイア,牝,飯田良弘,,キズナ,2010105827,ハギノナトゥーラ,2012100606,ダイワメジャー,2001103114,日隈良江,ノースヒルズ,662.0,2010.0,2012.0,2001.0
2021106418,グレールール,牝,野田忍,,モーニン,2012110091,サンバディ,2014101603,クロフネ,1998110135,岡本敞司,対馬正,662.0,2012.0,2014.0,1998.0
2021102885,クリングラー,牝,田口輝彦,,マジェスティックウォリアー,000a011e9c,クリスタ,2014105965,シンボリクリスエス,1999110099,吉田勝利,谷川牧場,662.0,2005.0,2014.0,1999.0
2021102864,チカチャン,牝,平山真希,,カレンブラックヒル,2009106230,シンセツ,2007101525,ホワイトマズル,1990109700,（株）ランドプロジエ,多田善弘,662.0,2009.0,2007.0,1990.0
2021103388,ハニービート,牝,松平幸秀,,トランセンド,2006104736,ヘイハニー,2006105707,Cherokee Run,000a00214a,橋本富夫,秋田育成牧場,661.9,2006.0,2006.0,1990.0
2021105588,ヘマソラール,牝,新井清重,,ダンカーク,000a012185,ジュエルトウショウ,2009103937,アグネスタキオン,1998101516,吉田勝己,ノーザンファーム,661.5,2006.0,2009.0,1998.0
2021106118,シークレットイスラ,牡,辻哲英,,イスラボニータ,2011103565,シークレットベース,2008105203,テレグノシス,1999106851,山口春夫,柏木一則,661.0,2011.0,2008.0,1999.0
2021102068,タツノスパーク,牡,山中尊徳,,スマートファルコン,2005100097,ヴィオラ,2014102165,ストリートセンス,000a0113a2,三河辰已,細川牧場,661.0,2005.0,2014.0,2004.0
2021100933,ダバイエスペランサ,牡,川島洋人,,グレーターロンドン,2012101402,メイショウシズカロ,2014103820,スズカフェニックス,2002107011,本城,ヒダカファーム,660.7,2012.0,2014.0,2002.0
2021105794,レザンクレール,牝,西村真幸,,キズナ,2010105827,マンビア,000a012f86,アルデバランII,000a010541,キャロットファーム,ノーザンファーム,660.0,2010.0,2008.0,1998.0
2021105515,トーセンレスター,牡,加藤征弘,,マインドユアビスケッツ,000a01392e,ケアレスウィスパー,2004102857,フジキセキ,1992109618,島川隆哉,ノーザンファーム,660.0,2013.0,2004.0,1992.0
2021102391,ルルディルッカ,牝,菊川正達,,デクラレーションオブウォー,000a0136f6,トウカイフィーバー,2013103460,エンパイアメーカー,000a010542,ディアレストクラブ,二風谷ファーム,660.0,2009.0,2013.0,2000.0
2021106539,ドンアポロン,牡,中川竜馬,,サンダースノー,000a013a06,エイシンジルコン,2013102269,ディープインパクト,2002100816,豊島愛子,新冠タガノファーム,659.8,2014.0,2013.0,2002.0
2021106190,ヤザン,牡,高馬元紘,,エスポワールシチー,2005102837,ブリッジポート,2007104347,ロージズインメイ,000a010a10,和田博美,小泉学,659.8,2005.0,2007.0,2000.0
2021106121,キテヤイヨジ,牝,後藤佑耶,,スマートファルコン,2005100097,ピュアモルト,2011101032,アサクサデンエン,1999110191,山口春夫,柏木一則,659.7,2005.0,2011.0,1999.0
2021100084,マグネター,牡,平松徳彦,,ダノンバラード,2008103548,ラブアスコットー,2007103536,プリサイスエンド,000a00fe9b,和田博美,加野牧場,659.3,2008.0,2007.0,1997.0
2021103767,ドンリュウスター,牡,高橋俊之,,モーニン,2012110091,ビューティブロンド,2004104676,タイキシャトル,1994109686,高橋麻樹,今牧場,658.4,2012.0,2004.0,1994.0
2021102340,ゴーダンシング,牝,平山真希,,サンダースノー,000a013a06,ロゼットブルー,2014105752,ハービンジャー,000a011996,前田剛,川向高橋育成牧場,658.0,2014.0,2014.0,2006.0
2021109044,ミライヘノメグミ,牝,森山英雄,,ディスクリートキャット,000a0113a1,ハクシュウベリー,2010109049,ルールオブロー,000a010d7d,山邉浩,諏訪牧場,657.7,2003.0,2010.0,2001.0
2021101326,ノブトモ,牡,金田一昌,,ベストウォーリア,2010110127,アーディ,2013104267,アジュディミツオー,2001104554,（有）総武開発,サンシャイン牧場,657.7,2010.0,2013.0,2001.0
2021103401,スマイルケイ,牝,納谷和玖,,トゥザワールド,2011103975,ビックセイラー,2010101087,クロフネ,1998110135,橋本義次,アフリートファーム,657.1,2011.0,2010.0,1998.0
2021103984,ポアゾンノアール,牝,中道啓二,,ポアゾンブラック,2009102733,イスタンブール,2010104034,キングカメハメハ,2001103460,村上憲政,高橋ファーム,657.0,2009.0,2010.0,2001.0
2021103042,アマモト,牡,山崎裕也,,メイショウサムソン,2003102205,ディアパヴォーネ,2014100372,エンパイアメーカー,000a010542,山藤賢（株）,ディアレストクラブ,656.5,2003.0,2014.0,2000.0
2021104847,アクロスザシーズ,牝,飯田弘道,,ジャスタウェイ,2009106461,クインオブザシーズ,2016104337,ノヴェリスト,000a012230,徳田直樹,社台コーポレーション白老ファーム,655.5,2009.0,2016.0,2009.0
2021102161,スパローズ,牡,佐々木清,,マジェスティックウォリアー,000a011e9c,ラミアカーサ,2012100610,ゴールドアリュール,1999106689,佐々木雄二,モリナガファーム,655.5,2005.0,2012.0,1999.0
2021102783,ドラムライム,セ,加藤幸保,,ブリックスアンドモルタル,000a014377,スマッシュハート,2011105753,キングカメハメハ,2001103460,巽祐子,酒井牧場,655.3,2014.0,2011.0,2001.0
2021106800,ソウキュウ,牝,金成貴史,,Arrogate,000a013798,ハイタップ,000a01b813,Tapit,000a011248,サラブレッドクラブ・ラフィアン,ビッグレッドファーム,655.0,2013.0,2006.0,2001.0
2021106627,インフルブルーム,牝,河嶋宏樹,,ダイワメジャー,2001103114,ザナ,2008110037,Galileo,000a00232b,ノースヒルズ,ノースヒルズ,655.0,2001.0,2008.0,1998.0
2021101184,ヴィヴァンラリー,牡,橋本和馬,,ナムラタイタン,2006101408,ロッキーダンサー,2003106283,パークリージェント,000a000d01,高田勇三,賀張中川牧場,655.0,2006.0,2003.0,1981.0
2021102174,スマイルクラーク,牡,渡瀬寛彰,,エスポワールシチー,2005102837,スティッチ,2006105363,カコイーシーズ,1986109001,松野真一,門別敏朗,654.8,2005.0,2006.0,1986.0
2021106106,ジュデシャンス,牝,小国博行,,ヘニーヒューズ,000a011155,バーバリアン,2014100308,マンハッタンカフェ,1998101554,西森鶴,オリエント牧場,654.5,2003.0,2014.0,1998.0
2021106722,マーゴットファブ,牡,坂本和也,,サトノアラジン,2011104063,オールアイキャンセイイズワウ,000a0117d6,Street Cry,000a0103ba,前田良平,パカパカファーム,654.0,2011.0,2005.0,1998.0
2021105206,サントグラール,牝,蛯名雄太,,グランデッツァ,2009105989,ブランニューカップ,2014105518,マンハッタンカフェ,1998101554,吉田照哉,社台ファーム,654.0,2009.0,2014.0,1998.0
2021104652,オンリエド,牡,中川竜馬,,サトノアレス,2014105493,インカブレイブ,2005101783,アメリカンボス,1995108602,田村章,池本久志,653.8,2014.0,2005.0,1995.0
2021104041,サンファウンテン,牡,石井勝男,,アルアイン,2014106046,トールディクイント,000a013e7d,Sea The Stars,000a011c78,森田一俊,田中裕之,652.6,2014.0,2015.0,2006.0
2021102673,ダイシンアレス,牡,森澤友貴,,スワーヴリチャード,2014106083,カラレイア,2015104985,エンパイアメーカー,000a010542,大八木信行,川越ファーム,652.5,2014.0,2015.0,2000.0
2021106147,カワキタボーダレス,牝,永島太郎,,ホッコータルマエ,2009100921,カワキタロック,2015102352,ゴールドアリュール,1999106689,川島和範,川島牧場,651.5,2009.0,2015.0,1999.0
2021102442,オールラウンダー,牡,嬉勝則,,シュヴァルグラン,2012104759,ソットヴォーチェ,2013105558,ヴィクトワールピサ,2007102923,（同）ＪＰＮ技研,びらとり牧場,651.4,2012.0,2013.0,2007.0
2021106078,ブルーストレイル,牡,荒川義之,,スマートファルコン,2005100097,ゲシートショウリ,2013103709,タイキシャトル,1994109686,加藤徹,大狩部牧場,649.8,2005.0,2013.0,1994.0
2021103928,シントーキズナ,牝,真島正徳,,デクラレーションオブウォー,000a0136f6,シントーアサヒ,2016100785,ストロングリターン,2006102934,山田裕二,静内山田牧場,649.8,2009.0,2016.0,2006.0
2021103823,オーケーソニック,牝,武井和実,,カリフォルニアクローム,000a012602,サイレントソニック,2008100343,ディープインパクト,2002100816,山邉浩,桜井牧場,649.5,2011.0,2008.0,2002.0
2021107206,ノアフェイス,セ,武藤善則,,アメリカンペイトリオット,000a013bba,フォレスタレガーロ,2012100705,ダイワメジャー,2001103114,佐山公男,中橋清,649.0,2013.0,2012.0,2001.0
2021102204,リュウノハイル,牡,酒井仁,,オルフェーヴル,2008102636,ピュアエクセル,2011102909,アドマイヤムーン,2003102991,蓑島竜一,門別山際牧場,648.9,2008.0,2011.0,2003.0
2021103646,セザンブレイヴ,牡,高橋純,,キタサンミカヅキ,2010100960,ダイリュウアマゾン,2013104068,ベーカバド,000a011dc0,瀬山孝一,カタオカステーブル,648.0,2010.0,2013.0,2007.0
2021110158,エコロカイザー,牡,保利良平,,American Pharoah,000a012aad,High Heeled Girl,000a01f376,Malibu Moon,000a010c8e,原村正紀,Stonehaven Steadings,647.5,2012.0,2012.0,1997.0
2021106925,ボナール,牡,山崎尋美,,グレーターロンドン,2012101402,ナンシー,2012103918,フレンチデピュティ,000a00013a,薪浦亨,松浦牧場,647.5,2012.0,2012.0,1992.0
2021100521,ジョーサルーテ,牝,小久保智,,ホッコータルマエ,2009100921,クロフォード,2007103220,フジキセキ,1992109618,上田江吏子,山際牧場,646.5,2009.0,2007.0,1992.0
2021109164,エイシンポロシリ,牡,小林俊彦,,エイシンヒカリ,2011101273,エイシンレタリング,000a013888,Lawman,000a011d55,高橋清幸,新保孝一,646.2,2011.0,2015.0,2004.0
2021104022,ペルルセレスト,牝,永田幸宏,,フリオーソ,2004106867,シンワウォッカ,2009105658,シーキングザダイヤ,2001110220,小野寺悠太,武牧場,644.8,2004.0,2009.0,2001.0
2021103671,カシスオレンジ,牡,溝橋利喜,,エスポワールシチー,2005102837,トマトチャン,2014105659,キンシャサノキセキ,2003110212,組）オールザベスト組,神垣道弘,643.0,2005.0,2014.0,2003.0
2021102071,ノボコッチャン,牝,佐藤茂,,ノボジャック,1997110152,トウケイダヴィンチ,2016105751,ゴールドアリュール,1999106689,渡辺孝祐,細川牧場,643.0,1997.0,2016.0,1999.0
2021103554,リルフロスト,牡,今津勝之,,スノードラゴン,2008104268,リルティングインク,2013103950,マツリダゴッホ,2003104570,小出水正男,岡田スタッド,642.1,2008.0,2013.0,2003.0
2021104794,ユアグローリー,牡,塚田隆男,,ドレフォン,000a013b82,ユアメモリー,2011103540,シンボリクリスエス,1999110099,ｇｌｉｔｔｅｒＧ,追分ファーム,642.0,2013.0,2011.0,1999.0
2021106931,カツテ,牝,保利良平,,ニシケンモノノフ,2011105438,ペネトレーター,2016100798,ジャスタウェイ,2009106461,薪浦州平,松浦牧場,640.5,2011.0,2016.0,2009.0
2021103933,スマートレイヴ,牝,寺地誠一,,バゴ,2001190004,スマートアイリス,2008100115,ディープインパクト,2002100816,渡邊優磨,静内山田牧場,640.5,2001.0,2008.0,2002.0
2021102929,ガーニュ,牡,川西毅,,ダンカーク,000a012185,ビーコンファイヤー,2015103166,キンシャサノキセキ,2003110212,今村明浩,谷口牧場,640.5,2006.0,2015.0,2003.0
2021106062,グッドエクスプレス,牡,吉見真幸,,アジアエクスプレス,2011110091,アイティアビー,2006104156,フジキセキ,1992109618,山崎康,岩見牧場,640.0,2011.0,2006.0,1992.0
2021106010,ショコラエクレール,牝,入口由美,,ミッキーグローリー,2013103999,ラプチュア,2015100031,バンブーエール,2003104100,田頭勇貴,アサヒ牧場,639.6,2013.0,2015.0,2003.0
2021104086,カツノオーカン,牝,加藤誠一,,ベストウォーリア,2010110127,ミスサハラ,2015105887,スウィフトカレント,2001103189,大典牧場,大典牧場,639.5,2010.0,2015.0,2001.0
2021103668,シシノハート,牝,那俄性哲,,ベストウォーリア,2010110127,サダムサロペット,2010104403,スペシャルウィーク,1995103211,組）志士十二組合,神垣道弘,639.4,2010.0,2010.0,1995.0
2021106255,アイリュール,牝,佐藤祐司,,コパノリッキー,2010106548,ミンナノアイドル,2007104021,オグリキャップ,1985102167,佐藤信廣,佐藤牧場,639.0,2010.0,2007.0,1985.0
2021106036,バロックパール,牝,東眞市,,デクラレーションオブウォー,000a0136f6,パールデルタ,000a015080,Giant's Causeway,000a0022e1,矢野悦三,アラキファーム,639.0,2009.0,2015.0,1997.0
2021105269,ビスクウィザード,牡,高橋俊之,,マインドユアビスケッツ,000a01392e,ララベル,2012104368,ゴールドアリュール,1999106689,栗嶋豊明,社台ファーム,639.0,2013.0,2012.0,1999.0
2021102949,アライグマパンチ,牡,箕輪武,,ルックスザットキル,2012110078,モエレアイドル,2006103787,ゴールドヘイロー,1997101264,藤井孝治,大道牧場,638.8,2012.0,2006.0,1997.0
2021101525,ウイントールキン,牡,真島元徳,,ドレフォン,000a013b82,シンボリバーグ,2014102667,ダイワメジャー,2001103114,（同）ＭＩＲＡＩ,シンボリ牧場,638.6,2013.0,2014.0,2001.0
2021106049,リケアオランジュ,牝,入口由美,,グレーターロンドン,2012101402,ボルジアクイーン,2013101283,ナカヤマフェスタ,2006102424,遠藤喜和,石田牧場,638.4,2012.0,2013.0,2006.0
2021107339,ユウユウプルニーマ,牝,横山保,,モンテロッソ,000a011b05,ツキノテンシ,2006104273,ムーンバラッド,000a00fe8f,北原大史,大作ステーブル,637.0,2007.0,2006.0,1999.0
2021106443,サンディビーチ,牡,林隆之,,ビーチパトロール,000a0141f9,キタサンメジャー,2014100871,ダイワメジャー,2001103114,ニッシンホールディングス,飛渡牧場,637.0,2013.0,2014.0,2001.0
2021104530,ビタリス,牝,八木正喜,,ワールドエース,2009106353,サミーカラー,2002105330,オペラハウス,000a000d77,北原大史,増本牧場,637.0,2009.0,2002.0,1988.0
2021107169,ネムレスクイーン,牝,川添明弘,,レッドファルクス,2011104416,アップロック,2017104817,ハーツクライ,2001103038,桑田照夫,社台ファーム,636.5,2011.0,2017.0,2001.0
2021106300,ゴールドイーグル,牡,雑賀正光,,シルバーステート,2013105903,グランデミノル,2015100311,エンパイアメーカー,000a010542,中野幸一,須崎牧場,636.5,2013.0,2015.0,2000.0
2021100981,オーケーサンダー,牡,倉富隆一,,サンダースノー,000a013a06,ナンヨーサフラウア,2008103295,アグネスタキオン,1998101516,（株）玄柑舎,三好牧場,636.1,2014.0,2008.0,1998.0
2021107197,ヤシロボーイ,牡,大山寿文,,ダノンレジェンド,2010110102,トリアエズナマ,2015100848,ヘニーヒューズ,000a011155,高島幸子,目名太山口牧場,636.0,2010.0,2015.0,2003.0
2021101282,グランデソレイユ,牡,凾館一昭,,バゴ,2001190004,グランデクオーレ,2012104309,シンボリクリスエス,1999110099,田村忠正,グッドラック・ファーム,636.0,2001.0,2012.0,1999.0
2021104275,キタカラキタパンチ,牝,倉地学,,ニシケンモノノフ,2011105438,キスオブザビーナス,2011105705,メイショウサムソン,2003102205,阪田英裕,橋本牧場,635.8,2011.0,2011.0,2003.0
2021102938,スマイルクオーツ,牝,加藤和宏,,トゥザグローリー,2007103265,スマイルアン,2010104709,ゴールドヘイロー,1997101264,ファーストビジョン,大道牧場,635.7,2007.0,2010.0,1997.0
2021102883,クルーミーズクライ,牡,嶋田幸晴,,カリフォルニアクローム,000a012602,エルベレス,2004105348,ダンスインザダーク,1993109188,林叔瑞,谷川牧場,635.5,2011.0,2004.0,1993.0
2021104521,コンバットトーラス,牡,笹野博司,,シゲルカガ,2011103048,シゲルスタールビー,2016105178,ノヴェリスト,000a012230,（株）アプエンテ,前田牧場,633.5,2011.0,2016.0,2009.0
2021106145,フセノスイショウ,牡,盛本信春,,サトノクラウン,2012104668,ウインヴァネッサ,2008105055,アグネスタキオン,1998101516,池田守,川島牧場,633.3,2012.0,2008.0,1998.0
2021110090,サルヴェージワーク,牡,田村康仁,,Le Havre,000a01198f,サルベーション,000a01bb47,モンジュー,1996190001,社台レースホース,Mr Teruya Yoshida,633.0,2006.0,2007.0,1996.0
2021110006,アスクナサニエル,牡,藤原英昭,,Nathaniel,000a011bdb,プリティーレディー,2015101417,エンパイアメーカー,000a010542,廣崎利洋ＨＤ,Hirosaki Toshihiro HD Inc.,633.0,2008.0,2015.0,2000.0
2021106773,コスモヴィーコ,牡,黒岩陽一,,スクリーンヒーロー,2004103328,クアルティエーレ,2013105414,ネオユニヴァース,2000101426,ビッグレッドファーム,ビッグレッドファーム,633.0,2004.0,2013.0,2000.0
2021105768,ベイステート,牡,澤佳宏,,シルバーステート,2013105903,ペニーウェディング,2013110082,Broken Vow,000a0101a0,井上久光,ノーザンファーム,633.0,2013.0,2013.0,1997.0
2021104455,アルヘンティニータ,牝,戸田博文,,Constitution,000a012973,ウェイトゥヴェルサイユ,000a01b6d5,Tizway,2005190007,宮崎俊也,ＰＲＩＤＥＲＯＣＫ,633.0,2011.0,2014.0,2005.0
2021101211,ダイユウハミルトン,セ,松永康利,,ヴィクトワールピサ,2007102923,トレグラツィエ,2007103185,シンボリクリスエス,1999110099,大友靖岐,北田剛,633.0,2007.0,2007.0,1999.0
2021100628,ウロボロス,牡,山崎尋美,,リアルスティール,2012104889,ホワイトアルバム,2008102566,クロフネ,1998110135,薪浦亨,荻伏三好ファーム,632.0,2012.0,2008.0,1998.0
2021101298,サンネリネ,牝,山田徹,,メイショウボーラー,2001100650,サンヘレナ,2013106452,パイロ,000a01176a,平本淳一,ケイズ,631.7,2001.0,2013.0,2005.0
2021105612,ヴァンセゾニエ,牡,森澤友貴,,ミッキーアイル,2011103916,スプリングゲイル,2014105930,キンシャサノキセキ,2003110212,佐々木雄二,ノーザンファーム,631.0,2011.0,2014.0,2003.0
2021103952,ラエティティア,牝,矢野義幸,,エピカリス,2014103121,ルナマリア,2005101807,ジェイドロバリー,000a0001a7,（有）総武開発,静内山田牧場,631.0,2014.0,2005.0,1987.0
2021110135,パトジュニア,セ,小崎憲,,St Patrick's Day,000a013fe1,Desoto First Lady,000a01f216,Colonel John,000a011a41,片桐拓也,Jorge Wagner,630.0,2015.0,2014.0,2005.0
2021103293,リアンクトワ,牝,辻野泰之,,ドレフォン,000a013b82,アヴェクトワ,2011103579,チチカステナンゴ,000a011135,ヒダカ・ブリーダーズ・ユニオン,宮内牧場,630.0,2013.0,2011.0,1998.0
2021102605,マンタロウ,牡,川野勇馬,,エーシントップ,2010110058,エイシンヒマワリ,2013110116,Uncle Mo,000a011ffb,上岡和男,栄進牧場,630.0,2010.0,2013.0,2008.0
2021101155,ピエナオルフェ,牡,荒川義之,,オルフェーヴル,2008102636,ピエナブラウニー,2011104466,フジキセキ,1992109618,本谷兼三,沖田牧場,630.0,2008.0,2011.0,1992.0
2021104570,ユズノキ,牝,竹下直人,,ドレフォン,000a013b82,アイアムカミノマゴ,2006102871,アグネスタキオン,1998101516,ファーストビジョン,矢野牧場,629.8,2013.0,2006.0,1998.0
2021107242,ルージュラメンテ,牝,高橋一哉,,ドゥラメンテ,2012104511,ディエンティ,000a012f6f,Storm Cat,000a001a98,東京ホースレーシング,奥山牧場,629.0,2012.0,2007.0,1983.0
2021103136,アンジェマリーナ,牝,川島豊,,マクフィ,000a011c77,ラキュストル,000a01597e,Dansili,000a010a5f,山田信明,日本中央競馬会日高育成牧場,629.0,2007.0,2015.0,1996.0
2021106684,ヴェントフレイバー,牡,稲益貴弘,,パイロ,000a01176a,アモーレエテルノ,2012104767,ゼンノロブロイ,2000101517,尾田信夫,ハシモトファーム,628.0,2005.0,2012.0,2000.0
2021104109,セレブレイトエール,牡,大久保龍,,キズナ,2010105827,サマーソワレ,000a01387d,War Front,000a011d00,前田晋二,千代田牧場,628.0,2010.0,2008.0,2002.0
2021101165,コマゼロワン,牡,渡辺博文,,コパノリッキー,2010106548,ウイニフレッド,2009102287,スペシャルウィーク,1995103211,仲尾正人,オリオンファーム,628.0,2010.0,2009.0,1995.0
2021105132,オオタニズスマイル,牡,藤ケ崎一,,ルーラーシップ,2007103143,ディオベルタ,2009105870,フジキセキ,1992109618,片岡信賢,社台ファーム,627.1,2007.0,2009.0,1992.0
2021100681,コハナ,牡,佐々木仁,,マジェスティックウォリアー,000a011e9c,サンティエ,2014105359,ステイゴールド,1994108729,吉田勝利,桑田牧場,627.0,2005.0,2014.0,1994.0
2021102440,カレンメラメーラ,牝,八木正喜,,カレンブラックヒル,2009106230,カレンコティヤール,2011102991,ディープスカイ,2005101358,山邉浩,びらとり牧場,626.6,2009.0,2011.0,2005.0
2021102906,リュウノシンクウハ,牡,高月賢一,,ドレフォン,000a013b82,ホウホウ,000a0138a4,Dylan Thomas,000a011072,二口雅一,谷川牧場,626.1,2013.0,2010.0,2003.0
2021105819,ホウオウセイメイ,セ,音無秀孝,,レイデオロ,2014106201,モルガナイト,2006103262,アグネスデジタル,1997110025,小笹芳央,ノーザンファーム,626.0,2014.0,2006.0,1997.0
2021104088,エルロロ,牝,大津剛,,アジアエクスプレス,2011110091,ヴァタルサイビーチ,2013104459,ゼンノロブロイ,2000101517,飯田貴大,千代田牧場,626.0,2011.0,2013.0,2000.0
2021100180,タキザクラ,牡,伊藤強一,,マインドユアビスケッツ,000a01392e,レーヌルネサンス,2015104301,ステイゴールド,1994108729,（同）ＪＰＮ技研,斉藤スタッド,625.5,2013.0,2015.0,1994.0
2021106435,カマクラバクフ,牡,雑賀正光,,ヴィクトワールピサ,2007102923,ブルーレイ,2006102842,トワイニング,000a000006,小菅誠,つつみ牧場,625.0,2007.0,2006.0,1991.0
2021109018,セイジョーシオン,牝,渡邊貴光,,ウインバリアシオン,2008103206,エプソムアイリス,2004102264,クロフネ,1998110135,蔀英二,織笠時男,624.5,2008.0,2004.0,1998.0
2021105866,ミッキーキャンドル,牝,岡田利一,,ロードカナロア,2008103552,リリーズキャンドル,000a014f47,Style Vendome,000a014136,野田みづき,ノーザンファーム,624.0,2008.0,2016.0,2010.0
2021103516,ポジティブスピン,牝,小林俊彦,,ビーチパトロール,000a0141f9,トップスカーレット,2009106205,ダイワメジャー,2001103114,高橋清幸,岡田スタッド,623.8,2013.0,2009.0,2001.0
2021102247,ギースバッハ,牝,藤ケ崎一,,コパノリッキー,2010106548,リントス,2009106146,ウォーエンブレム,000a00fa35,近藤芳光,ヤナガワ牧場,623.6,2010.0,2009.0,1999.0
2021101707,ドゥマンフルー,牝,後藤佑耶,,ヴァンセンヌ,2009106525,シゲルハチマンタイ,2006105720,シンボリクリスエス,1999110099,福原聡,千葉飯田牧場,623.3,2009.0,2006.0,1999.0
2021110101,ドナノーブル,牝,佐々木仁,,Medaglia d'Oro,000a010a65,Gender Agenda,000a01a7e5,Holy Roman Emperor,000a011ab8,小川眞査雄,Town & Country Horse Farms LLC,623.0,1999.0,2011.0,2004.0
2021102257,パワポケチャンプ,牡,井樋明正,,トランセンド,2006104736,ガニエ,2013101044,ダンスインザダーク,1993109188,柳原稔子,横井哲,622.9,2006.0,2013.0,1993.0
2021104901,パロサント,牝,藤原智行,,ロードカナロア,2008103552,パララサルー,2009106489,ディープインパクト,2002100816,工藤友樹,社台コーポレーション白老ファーム,622.5,2008.0,2009.0,2002.0
2021103236,コンバットペスカ,牝,角田晃一,,デクラレーションオブウォー,000a0136f6,シンメイスバル,2009100792,アドマイヤムーン,2003102991,ユーモード,三嶋牧場,622.0,2009.0,2009.0,2003.0
2021100929,フラムブランシュ,牡,新井隆太,,シャンハイボビー,000a0127e4,マリアビスティー,2008103221,ハーツクライ,2001103038,フロンティア,ヒダカファーム,622.0,2010.0,2008.0,2001.0
2021104168,ソラリゼーション,牝,胡本友晴,,ダノンレジェンド,2010110102,ラフェデビジュー,2013104476,スペシャルウィーク,1995103211,小橋亮太,千代田牧場,621.7,2010.0,2013.0,1995.0
2021110115,イスタンテ,セ,矢野英一,,Frankel,000a01239b,Noyelles,000a01bbf6,Docksider,000a00fffc,キャロットファーム,Sir Nicholas & Lady Nugent,621.0,2008.0,2004.0,1995.0
2021100912,カナアミデスマッチ,牝,佐々木功,,ビッグアーサー,2011103328,アドマイヤインディ,2006103290,フジキセキ,1992109618,遠藤喜和,ヒダカファーム,620.5,2011.0,2006.0,1992.0
2021100102,ココナツキュート,牝,迫田清美,,リアルスティール,2012104889,ココナッツパルム,2006102931,フレンチデピュティ,000a00013a,酒井孝敏,木下牧場,620.1,2012.0,2006.0,1992.0
2021104878,キングヴァージル,セ,田島俊明,,ロードカナロア,2008103552,セデュイールII,000a012f04,Elusive Quality,000a00231f,加藤裕司,社台コーポレーション白老ファーム,620.0,2008.0,2012.0,1993.0
2021102904,パシフィックルート,牡,尾関知人,,ロードカナロア,2008103552,ファンディーナ,2014103309,ディープインパクト,2002100816,ターフ・スポート,谷川牧場,620.0,2008.0,2014.0,2002.0
2021102787,ウィルダネス,牝,村田六郎,,シルバーステート,2013105903,マサイマラ,000a013899,Orpen,000a002326,篠塚和郎,酒井牧場,620.0,2013.0,2012.0,1996.0
2021101492,デルマヴァルナ,牡,鈴木慎太,,ダノンレジェンド,2010110102,モエルア,2012101434,エンパイアメーカー,000a010542,浅沼廣幸,白井牧場,620.0,2010.0,2012.0,2000.0
2021105861,コスモベラエステラ,牡,工藤裕孝,,キタサンブラック,2012102013,リプリートII,000a01435c,マクフィ,000a011c77,吉田啓,ノーザンファーム,618.7,2012.0,2013.0,2007.0
2021107023,ラッキープルーフ,牝,保利良次,,エスケンデレヤ,000a012cc0,ホワイトプラネット,2010106089,クロフネ,1998110135,石瀬浩三,ムラカミファーム,618.2,2007.0,2010.0,1998.0
2021103930,グレートノイズ,牡,高橋純,,エスケンデレヤ,000a012cc0,シントーサクラ,2015101018,ワークフォース,000a011a7f,大黒富美子,静内山田牧場,618.0,2007.0,2015.0,2007.0
2021103855,デアフリンガー,牡,新田守,,ビーチパトロール,000a0141f9,ラブユー,2011102027,マーベラスサンデー,1992103687,（同）クイック・ホー,サンコウ牧場,617.8,2013.0,2011.0,1992.0
2021103463,トルピード,牝,高橋俊之,,シニスターミニスター,000a011099,アートアロング,2010103399,アドマイヤムーン,2003102991,（株）Ｔ．Ｕ．Ｋ．,大滝康晴,617.4,2003.0,2010.0,2003.0
2021106830,フローティンローズ,牝,宗形竹見,,ロージズインメイ,000a010a10,モエレカトリーナ,2005104399,ゴールドヘイロー,1997101264,（有）ビッグレッドフ,ビッグレッドファーム,617.0,2000.0,2005.0,1997.0
2021101341,パンパパート,牡,溝橋利喜,,トーセンラー,2008102985,ミスリンディ,2009110086,Stormy Atlantic,000a010b85,組）オールザベスト組,サンシャイン牧場,616.5,2008.0,2009.0,1994.0
2021106284,シェナエース,牡,冨田敏男,,コパノリッキー,2010106548,クロススピード,2006104433,サウスヴィグラス,1996110138,冨田藤男,シンユウファーム,616.0,2010.0,2006.0,1996.0
2021102651,キラリメイラード,牝,森山雄大,,シニスターミニスター,000a011099,ワンモアグローリー,2016101405,トゥザグローリー,2007103265,桑原一樹,カナイシスタッド,616.0,2003.0,2016.0,2007.0
2021102450,カラフルピーチ,牝,平山真希,,フリオーソ,2004106867,キニナルーイ,2013101194,シニスターミニスター,000a011099,森田徹,船越伸也,615.5,2004.0,2013.0,2003.0
2021106814,ヒャクシキ,牡,加藤和宏,,ゴールドシップ,2009102739,マイネエスポワール,2005105013,アグネスデジタル,1997110025,ファーストビジョン,ビッグレッドファーム,615.0,2009.0,2005.0,1997.0
2021104523,タマモポロネーズ,牝,板垣吉則,,クリエイターII,000a013630,タマモボレロ,2012103543,ハーツクライ,2001103038,佐藤弘樹,前田牧場,615.0,2013.0,2012.0,2001.0
2021104303,シモグリ,牡,川西毅,,バゴ,2001190004,エポカローザ,2004110209,El Prado,000a001fb5,近藤秀典,八田ファーム,614.8,2001.0,2004.0,1989.0
2021103086,エムティワルツ,牝,佐藤茂,,ラブリーデイ,2010104298,ハトマークワルツ,2014102777,フレンチデピュティ,000a00013a,田中竜雄,富菜牧場,614.8,2010.0,2014.0,1992.0
2021101568,ノーブルシャン,牝,角田輝也,,マクフィ,000a011c77,レッドシャンデル,2008103418,ネオユニヴァース,2000101426,ＮＩＣＫＳ,スマイルファーム,614.3,2007.0,2008.0,2000.0
2021106821,マイネルレグルス,牡,田中守,,スクリーンヒーロー,2004103328,マイネテレジア,2007104916,ロージズインメイ,000a010a10,酒井孝敏,ビッグレッドファーム,614.0,2004.0,2007.0,2000.0
2021103245,テーオーマーシャル,牡,高柳大輔,,キタサンブラック,2012102013,ダイヤモンドハイ,2011106101,アドマイヤムーン,2003102991,小笹公也,三嶋牧場,612.0,2012.0,2011.0,2003.0
2021103907,ショウナンマリン,牝,田中譲二,,シルバーステート,2013105903,ショウナンライム,2012101683,ハーツクライ,2001103038,今井高之,静内フジカワ牧場,611.9,2013.0,2012.0,2001.0
2021100528,パープルビューティ,牝,保利良次,,フリオーソ,2004106867,クリムゾンフレア,2001100351,サンデーサイレンス,000a00033a,ＫＡＪＩＭＯＴＯホールディングス,山口忠彦,611.6,2004.0,2001.0,1986.0
2021100439,オキハル,牡,角田輝也,,パイロ,000a01176a,ナイトオブドバイ,000a012f7e,Lord of England,000a0122be,石瀬浩三,松本牧場,611.5,2005.0,2008.0,2003.0
2021102198,ファイヤーボール,牡,甲田悟史,,マインドユアビスケッツ,000a01392e,ハーツイグニション,2015104940,ハーツクライ,2001103038,竹下浩一,門別牧場,611.1,2013.0,2015.0,2001.0
2021109039,マルケイヴェスパー,牝,三野宮通,,リアルインパクト,2008103244,ヴァージャー,2014102176,タニノギムレット,1999100226,熊谷清則,諏訪牧場,611.0,2008.0,2014.0,1999.0
2021107237,クミンフレイバー,牝,真島大輔,,スワーヴリチャード,2014106083,クインズアダマン,2012103025,チチカステナンゴ,000a011135,尾田信夫,奥山牧場,611.0,2014.0,2012.0,1998.0
2021100492,ピュアジャスミン,牝,稲益貴弘,,サトノアラジン,2011104063,モンピュア,2006110033,モンジュー,1996190001,（株）ＧＯＬＤーＳＴ,明治牧場,610.5,2011.0,2006.0,1996.0
2021105286,テルケンレンテル,牡,今津博之,,キズナ,2010105827,レジュールダムール,2007102889,Kingmambo,000a001d7e,桑田照夫,社台ファーム,610.4,2010.0,2007.0,1990.0
2021101052,ニシノヤングマン,牡,酒井忍,,アポロケンタッキー,2012110098,アポロレイア,2015101025,アポロキングダム,2003110139,西山茂行,天羽禮治,610.1,2012.0,2015.0,2003.0
2021100580,ドナマギー,牝,村上実,,エスケンデレヤ,000a012cc0,ルフィーナ,2015104052,ヴィクトワールピサ,2007102923,佐々木寛明,市川ファーム,610.1,2007.0,2015.0,2007.0
2021100238,ケロシンドリームズ,牡,井上智史,,コパノリッキー,2010106548,レッドビアンカ,2013105642,Hard Spun,000a0116a1,吉田和美,タガミファーム,610.0,2010.0,2013.0,2004.0
2021102701,サイコウダネ,牡,天間昭一,,タリスマニック,000a013425,ジェムディーラー,2016103356,キングズベスト,000a0022d2,マークス,杵臼斉藤牧場,609.0,2013.0,2016.0,1997.0
2021103454,リオサラ,牝,池田忠好,,スワーヴリチャード,2014106083,ロマネクイーン,2010102412,マイネルラヴ,1995108558,岡浩二,上野正恵,608.9,2014.0,2010.0,1995.0
2021106505,イントゥーザスター,牡,森下淳平,,グロリアスノア,2006100429,マンノアクトレス,2010106202,ハーツクライ,2001103038,貝本隆三,中本牧場,608.5,2006.0,2010.0,2001.0
2021106320,ノイバラ,牝,坂口義幸,,カレンブラックヒル,2009106230,ファインロマンス,2008104573,ゴールドアリュール,1999106689,谷謙介,スピードファーム,608.2,2009.0,2008.0,1999.0
2021100652,ラピダリア,牝,吉田直弘,,マジェスティックウォリアー,000a011e9c,ベルクリア,2013102849,ヴァーミリアン,2002100877,水上行雄,笠松牧場,608.0,2005.0,2013.0,2002.0
2021100176,スペリオルパンサー,牡,加藤和義,,シニスターミニスター,000a011099,ビアンカリボン,2013102319,スペシャルウィーク,1995103211,会田裕一,斉藤スタッド,607.9,2003.0,2013.0,1995.0
2021102726,ナリタヴィクトリー,牝,新井隆太,,ミッキーアイル,2011103916,ナリタモード,2011105586,ナリタセンチュリー,1999107049,（株）オースミ,杵臼牧場,607.5,2011.0,2011.0,1999.0
2021103048,レギウス,牡,藤田弘治,,ロジャーバローズ,2016106065,バルスピュール,2009100047,チーフベアハート,1993190010,松井要,ディアレストクラブ,607.2,2016.0,2009.0,1993.0
2021101238,マウナロア,牡,米田英世,,ダノンレジェンド,2010110102,ビオレント,2011100202,ゼンノロブロイ,2000101517,細谷典幸,木村牧場,607.0,2010.0,2011.0,2000.0
2021101056,シベリアンポラリス,牡,齊藤敏,,リアルインパクト,2008103244,シベリアンクラシカ,2004110175,Siphon,000a002220,藤田在子,天羽禮治,607.0,2008.0,2004.0,1991.0
2021100256,ハクサンマロン,牝,堀場裕充,,ハクサンムーン,2009102527,アピアリング,2013104961,ステイゴールド,1994108729,河崎五市,田湯牧場,606.7,2009.0,2013.0,1994.0
2021104488,フォーゲルヴァイデ,牡,川島豊,,アニマルキングダム,000a011dad,マドリガルスコア,2007105555,ダンスインザダーク,1993109188,ファーストビジョン,北海道静内農業高等学校,606.5,2008.0,2007.0,1993.0
2021105243,マンダリンオレンジ,牡,甲田悟史,,イスラボニータ,2011103565,マルバイユ,000a010648,Marju,000a001fb6,吉田照哉,社台ファーム,606.0,2011.0,2000.0,1988.0
2021107168,コムルヴァン,牝,藤岡健一,,ブリックスアンドモルタル,000a014377,フィーリングトーン,2006102785,ワイルドラッシュ,000a0003a1,街風隆雄,社台コーポレーション白老ファーム,605.0,2014.0,2006.0,1994.0
2021106573,アイウィルビー,牝,水野貴広,,マインドユアビスケッツ,000a01392e,ダークサファイア,2000110186,Out of Place,000a0022ca,落合幸弘,新冠橋本牧場,605.0,2013.0,2000.0,1987.0
2021101961,ロトプレシャス,牝,真島元徳,,サトノアラジン,2011104063,ロトラトゥール,2011100799,ゴールドアリュール,1999106689,國武佳博,広富牧場,604.8,2011.0,2011.0,1999.0
2021104327,サンエイキャノン,牡,佐藤浩一,,パイロ,000a01176a,ユキノマーメイド,2003105308,スペシャルウィーク,1995103211,鈴木雅俊,服部牧場,604.6,2005.0,2003.0,1995.0
2021100889,スズノライン,牝,石井勝男,,マクフィ,000a011c77,リュウツバメ,2010102214,スリリングサンデー,1996107185,安西裕,中村雅明,604.0,2007.0,2010.0,1996.0
2021102493,ラグーンプリンセス,牝,箕輪武,,サトノアレス,2014105493,ラッキースプリント,2012104970,トワイニング,000a000006,池澤清,小田誠一,603.0,2014.0,2012.0,1991.0
2021103181,エイシンオキクルミ,牡,大山寿文,,エイシンヒカリ,2011101273,エイシンコアー,2011101377,エイシンデピュティ,2002102706,新井琢也,ホースィコーヒーハウス,601.5,2011.0,2011.0,2002.0
2021105306,アイソタイプ,牡,堀千亜樹,,ロゴタイプ,2010103783,ワカチナ,2013105488,ゼンノロブロイ,2000101517,吉田照哉,社台ファーム,601.0,2010.0,2013.0,2000.0
2021101528,クイーンカナロア,牝,高橋清顕,,ロードカナロア,2008103552,スイートサルサ,2010109147,デュランダル,1999106756,楊明翰,シンボリ牧場,601.0,2008.0,2010.0,1999.0
2021110117,イェルマーク,牡,西田雄一,,Blue Point,000a01bd91,Down The Hatch,000a01da2c,Flying Spur,000a00220d,吉田和美,Mr K Parsons,600.0,2014.0,2011.0,1992.0
2021104005,ディーヴァドリーム,牝,佐宗応和,,パイロ,000a01176a,レッドシェダル,2012104255,ジャングルポケット,1998101786,申雪梅,高橋義浩,600.0,2005.0,2012.0,1998.0
2021102731,ブリリアントスピカ,牝,古澤悟,,ダイワメジャー,2001103114,ブリリアントライフ,2002102858,グラスワンダー,1995108676,（有）杵臼牧場,杵臼牧場,600.0,2001.0,2002.0,1995.0
2021102122,アンダラクリスタル,牝,酒井一則,,カレンブラックヒル,2009106230,トロピカルスイーツ,2007106095,フレンチデピュティ,000a00013a,谷口祐人,槇本牧場,600.0,2009.0,2007.0,1992.0
2021106040,カレンザブーケ,牝,新田守,,カレンブラックヒル,2009106230,ドリームノート,2011102198,ディープスカイ,2005101358,谷謙介,飯島功典,599.7,2009.0,2011.0,2005.0
2021107133,オーヴァーザトップ,牡,佐宗応和,,アドマイヤムーン,2003102991,バーニングハート,2010105061,ストラヴィンスキー,000a00fa41,西田順彦,山岡牧場,599.3,2003.0,2010.0,1996.0
2021102125,ストライクノワール,牡,宗形竹見,,シニスターミニスター,000a011099,ラッキーバトル,2013100959,バトルプラン,000a0118e8,藤本栄史,槇本牧場,598.0,2003.0,2013.0,2005.0
2021106872,ダズリングプレイス,牝,平田正一,,スパロービート,2005104351,ヒカルアスピレイト,2007102453,ネオユニヴァース,2000101426,日下部勝徳,ホース・マネジメント・ボス,596.5,2005.0,2007.0,2000.0
2021100766,セイバー,牡,吉井竜一,,ディスクリートキャット,000a0113a1,ロックフォーティ,2008102088,ロックオブジブラルタル,000a00fd4c,ＫＡＪＩＭＯＴＯホールディングス,小林正仁,595.0,2003.0,2008.0,1999.0
2021102792,クインタレッリ,牡,坂口義幸,,マジェスティックウォリアー,000a011e9c,クインズコノセ,2012103564,キンシャサノキセキ,2003110212,渋谷高雄,佐々木恵一,594.8,2005.0,2012.0,2003.0
2021105820,マーシャルテイル,牡,入口由美,,ミッキーアイル,2011103916,モルジアナ,2012104626,Dubawi,000a0115e2,藤江勢津男,ノーザンファーム,594.5,2011.0,2012.0,2002.0
2021107075,エナフクキタル,牡,田中範雄,,コパノリッキー,2010106548,セレスシャイン,2005101032,アグネスデジタル,1997110025,宮原廣伸,メイタイファーム,593.8,2010.0,2005.0,1997.0
2021107073,セイウンダキシメテ,牝,山口浩幸,,タリスマニック,000a013425,セイウンエブリー,2014103813,ルーラーシップ,2007103143,冨田藤男,メイタイファーム,593.5,2013.0,2014.0,2007.0
2021104688,フェイマスグラース,牝,佐藤茂,,イスラボニータ,2011103565,ヒカルユメアカリ,2009105583,シンボリクリスエス,1999110099,堀江貞幸,宇南山牧場,593.4,2011.0,2009.0,1999.0
2021101776,エスペラード,牡,伊藤滋規,,エスポワールシチー,2005102837,デジタルゴールド,2007105786,アグネスデジタル,1997110025,大岩和也,坪田晃宜,592.5,2005.0,2007.0,1997.0
2021101511,オフビート,牝,佐々木国,,レインボーライン,2013106183,ピオニエトウショウ,2009103931,デュランダル,1999106756,（有）新生ファーム,新生ファーム,592.4,2013.0,2009.0,1999.0
2021102197,ライトフィールダー,牡,瀬戸幸一,,アジアエクスプレス,2011110091,ディープスノー,2008104247,ディープインパクト,2002100816,丸岡啓一,門別牧場,592.0,2011.0,2008.0,2002.0
2021106900,ミツカネトーラス,牡,伊藤和忍,,ラブリーデイ,2010104298,ミツカネラブ,2016101226,ハービンジャー,000a011996,小山田満,細川農場,591.8,2010.0,2016.0,2006.0
2021102471,フレアリングアーク,牝,村上正和,,ストロングリターン,2006102934,フレアリングピュア,2008106449,ブラックホーク,1994109361,山口明彦,山口明彦,591.3,2006.0,2008.0,1994.0
2021106817,マイネルコンポート,牡,笹野博司,,ゴールドシップ,2009102739,マイネサヴァラン,2009105192,マンハッタンカフェ,1998101554,（株）サラブレッドク,ビッグレッドファーム,591.0,2009.0,2009.0,1998.0
2021101874,メリア,牝,伊藤和忍,,フリオーソ,2004106867,ヴァカンス,2011102036,サウスヴィグラス,1996110138,日野光央,ノースガーデン,591.0,2004.0,2011.0,1996.0
2021105186,シンボルザサン,セ,高月賢一,,トーセンラー,2008102985,ファンタジックアイ,2011104376,ネオユニヴァース,2000101426,ＪＰＮ技研,社台ファーム,590.7,2008.0,2011.0,2000.0
2021101611,ロイヤルストレート,牡,藤ケ崎一,,エイシンフラッシュ,2007102951,アルピナブルー,2010103868,フジキセキ,1992109618,永山和夫,タバタファーム,590.7,2007.0,2010.0,1992.0
2021102780,アイヲコメテ,牝,米田英世,,シャンハイボビー,000a0127e4,コイヲダキシメヨウ,2014103210,ワークフォース,000a011a7f,高橋美雄,酒井牧場,590.0,2010.0,2014.0,2007.0
2021103008,フレッシュルーキー,牡,石井勝男,,アドミラブル,2014105979,フレッシュスマイル,2016106303,サウスヴィグラス,1996110138,松本朋治,辻牧場,589.0,2014.0,2016.0,1996.0
2021106127,ティラミスアイ,牝,雑賀伸一,,グロリアスノア,2006100429,パラマンボハーバー,2010106161,アドマイヤジャパン,2002102324,木村公子,カミイスタット,588.5,2006.0,2010.0,2002.0
2021104148,オーサムピクチャ,牝,佐々木晶,,キズナ,2010105827,プレイズネイチャ,2017103834,キングカメハメハ,2001103460,飯田貴大,千代田牧場,588.4,2010.0,2017.0,2001.0
2021107313,レイグレース,牝,川西毅,,パイロ,000a01176a,トーホウシャイン,2003106291,スペシャルウィーク,1995103211,星加浩一,絵笛牧場,588.0,2005.0,2003.0,1995.0
2021104668,フライングロッド,牡,高橋宏征,,コパノリッキー,2010106548,アンジュジョリー,2014102744,タートルボウル,000a012045,竹下浩一,上水牧場,587.9,2010.0,2014.0,2002.0
2021107128,アイディンエース,牡,佐藤浩一,,ディスクリートキャット,000a0113a1,アイディンラヴ,2011102660,マイネルラヴ,1995108558,米井新吾,山岡牧場,586.5,2003.0,2011.0,1995.0
2021107093,モデルチャン,牝,長南和宏,,ゴールドアクター,2011105266,シルキークィーン,2011105490,ゼンノロブロイ,2000101517,簗詰宜彦,森田芳男,586.2,2011.0,2011.0,2000.0
2021102155,ミスキャサリン,牝,中川雅之,,スワーヴリチャード,2014106083,ギンマクノヒロイン,2011104404,グラスワンダー,1995108676,吉田勝利,モリナガファーム,586.0,2014.0,2011.0,1995.0
2021105933,アシャカブラン,牡,大根田裕,,エスポワールシチー,2005102837,シルショコラティエ,2009105620,カコイーシーズ,1986109001,吉冨学,橋本牧場,585.0,2005.0,2009.0,1986.0
2021103742,スリーボビー,牡,藤田輝信,,シャンハイボビー,000a0127e4,バンパークロップ,2014104416,クロフネ,1998110135,永井商事（株）,グランド牧場,585.0,2010.0,2014.0,1998.0
2021100127,イッパツギャクテン,牡,中西達也,,ベストウォーリア,2010110127,レッドテオドーラ,2015104618,ディープインパクト,2002100816,エスペランサ（株）,グローリーファーム,585.0,2010.0,2015.0,2002.0
2021109022,イイデスカイハイ,牝,村上正和,,ベストウォーリア,2010110127,カゼノボレロ,2014109017,フサイチコンコルド,1993109220,須貝廣次,風ノ丘ファーム,584.8,2010.0,2014.0,1993.0
2021100920,シスターネビュラ,牝,山田質,,トランセンド,2006104736,シスターエレキング,2005101786,アグネスデジタル,1997110025,,ヒダカファーム,584.5,2006.0,2005.0,1997.0
2021106804,グレンノアラシ,牡,真島元徳,,スクリーンヒーロー,2004103328,ビラゴーティアラ,2007104013,スターオブコジーン,1988109108,鈴木克斉,ビッグレッドファーム,583.0,2004.0,2007.0,1988.0
2021104843,レトロタイプ,牡,菅原勲,,ロゴタイプ,2010103783,キトゥンズグレイス,2013105377,Kitten's Joy,000a0119b3,プレディクトレーシング,社台コーポレーション白老ファーム,583.0,2010.0,2013.0,2001.0
2021101353,サンシスイメイ,牝,入口由美,,レッドファルクス,2011104416,シンラバンショウ,2012104866,サクラバクシンオー,1989108341,遠藤喜和,サンバマウンテンファーム,582.5,2011.0,2012.0,1989.0
2021101974,シーブレ,牝,渡辺博文,,ディスクリートキャット,000a0113a1,ツインダイヤ,2006105972,ゴールドアリュール,1999106689,原大栄,ファーミングヤナキタ,582.2,2003.0,2006.0,1999.0
2021103766,ローレンスペクター,牡,鈴木啓之,,ホッコータルマエ,2009100921,パルティール,2011104009,スペシャルウィーク,1995103211,（株）ローレン,今牧場,582.0,2009.0,2011.0,1995.0
2021101066,カピタン,牝,安部幸夫,,アニマルキングダム,000a011dad,エルメスショコラ,2013109020,アドマイヤムーン,2003102991,稲葉光昭,新井昭二牧場,582.0,2008.0,2013.0,2003.0
2021100384,ニネンイーグミ,牝,吉見真幸,,エスポワールシチー,2005102837,トーセンファースト,2009102207,クロフネ,1998110135,藤本彰,幌村牧場,582.0,2005.0,2009.0,1998.0
2021104487,ヒカルエリザベス,牝,田中守,,ニシケンモノノフ,2011105438,マヤノヴァイオラ,2012101003,エンパイアメーカー,000a010542,須田靖之,北洋牧場,581.5,2011.0,2012.0,2000.0
2021100632,マオノアンコール,牡,渋谷信博,,バトルプラン,000a0118e8,ラブルビー,2007109039,ティンバーカントリー,000a00035e,湯浅健司,荻伏三好ファーム,581.5,2005.0,2007.0,1992.0
2021101766,ソルトロック,牝,新田守,,ドレフォン,000a013b82,ラヴァーズロック,2015102561,ヘニーヒューズ,000a011155,谷謙介,チャンピオンズファーム,580.0,2013.0,2015.0,2003.0
2021103089,アムンラー,牡,川島洋人,,ロジャーバローズ,2016106065,アンヌ,2014103412,タイキシャトル,1994109686,中島雅春,中島牧場,578.9,2016.0,2014.0,1994.0
2021105049,カルデア,牡,宇都英樹,,ブリックスアンドモルタル,000a014377,サラフィナ,000a011a83,Refuse to Bend,000a010bac,清宮義男,社台ファーム,578.6,2014.0,2007.0,2000.0
2021104457,バーキン,牝,永田幸宏,,ヘンリーバローズ,2015104813,バイブレイションズ,2007100260,キングカメハメハ,2001103460,上手健太郎,ＰＲＩＤＥＲＯＣＫ,578.5,2015.0,2007.0,2001.0
2021101867,モノノフノミチ,牡,諏訪貴正,,ニシケンモノノフ,2011105438,ピアッジーネ,2011102568,サクラバクシンオー,1989108341,（有）ミルファーム,日西牧場,578.4,2011.0,2011.0,1989.0
2021100891,サムライウォーリア,牡,林隆之,,レインボーライン,2013106183,フェアリーナカヤマ,2007102193,コマンダーインチーフ,000a0000b0,紙谷洋一,中山牧場,578.0,2013.0,2007.0,1990.0
2021103822,ノーブルシェイド,牝,水野貴広,,アジアエクスプレス,2011110091,クラシックチュチュ,2006102928,キングカメハメハ,2001103460,吉木伸彦,桜井牧場,577.0,2011.0,2006.0,2001.0
2021104497,マイネルスピカ,牡,黒田隆男,,コパノリッキー,2010106548,マイネジェシカ,2007104906,ロージズインメイ,000a010a10,ファーストビジョン,真歌田中牧場,576.6,2010.0,2007.0,2000.0
2021101526,ヴァレンテ,牡,平山真希,,アポロケンタッキー,2012110098,スイレン,2007110083,Roman Ruler,000a011480,清宮義男,シンボリ牧場,576.5,2012.0,2007.0,2002.0
2021106432,ドンドミノ,牡,鈴木義久,,モーニン,2012110091,ニシノコハク,2009103388,ゴールドアリュール,1999106689,小沼一成,津田牧場,576.0,2012.0,2009.0,1999.0
2021104557,キタノハヤブサ,牡,田中正人,,カレンブラックヒル,2009106230,キタノシャンシャン,2016100856,タートルボウル,000a012045,北所拓也,見上牧場,576.0,2009.0,2016.0,2002.0
2021102825,チーチャン,牝,田島寿一,,ロゴタイプ,2010103783,キクノアルバ,2007101557,サウスヴィグラス,1996110138,村田哲朗,惣田英幸,576.0,2010.0,2007.0,1996.0
2021105534,サトノアライヴ,牡,真島正徳,,ブリックスアンドモルタル,000a014377,サトノユリア,2008103211,ディープインパクト,2002100816,里見治,ノーザンファーム,575.9,2014.0,2008.0,2002.0
2021104755,ルミエールドゥース,牝,緒方努,,ハーツクライ,2001103038,ゴールディーエスポニー,000a013db5,Vespone,000a013be6,Ｇ１レーシング,追分ファーム,575.0,2001.0,2011.0,2000.0
2021100870,ボムポット,牡,坂口義幸,,リオンディーズ,2013105915,スパークルキャット,2011103281,ダンスインザダーク,1993109188,貝本隆三,中神牧場,575.0,2013.0,2011.0,1993.0
2021100851,マオノボルケーノ,牝,平田正一,,レッドファルクス,2011104416,マオノココロ,2013103031,ヴァーミリアン,2002100877,湯浅健司,ダイヤモンドファーム,575.0,2011.0,2013.0,2002.0
2021100759,セッカチドラゴン,牡,平田正一,,スノードラゴン,2008104268,ハリケーンタマ,2008102786,クロフネ,1998110135,松田真由美,小島牧場,575.0,2008.0,2008.0,1998.0
2021107108,タガノフルチャンス,牡,碇清次郎,,マジェスティックウォリアー,000a011e9c,タガノディーバ,2007106606,フジキセキ,1992109618,八木良司,八木牧場,574.0,2005.0,2007.0,1992.0
2021107182,カズヴィトシャ,牡,山田徹,,ルーラーシップ,2007103143,ボンジュールココロ,2010105912,リンカーン,2000101561,吉田和美,ノーザンファーム,573.7,2007.0,2010.0,2000.0
2021106565,ケイアイアンタレス,牡,鮫島克也,,マジェスティックウォリアー,000a011e9c,クインズヌーサ,2014100338,ゴールドアリュール,1999106689,原庸介,新冠橋本牧場,573.7,2005.0,2014.0,1999.0
2021106634,スカイイズユアーズ,牡,福永敏,,リアルインパクト,2008103244,テンモース,2014110055,Speightstown,000a011200,プレディクトレーシング,ノースヒルズ,573.5,2008.0,2014.0,1998.0
2021107257,ジェイケイクロード,牡,吉井竜一,,サンダースノー,000a013a06,アイアムエメラルド,2014103789,ステイゴールド,1994108729,小谷野次郎,浜本牧場,573.0,2014.0,2014.0,1994.0
2021104290,ゴーゴーダンサー,牝,安池成実,,ドレフォン,000a013b82,シエルブラン,2014105641,ゼンノロブロイ,2000101517,長島和彦,畠山牧場,573.0,2013.0,2014.0,2000.0
2021106969,ラヴベイ,牝,加藤和義,,New Bay,000a012bc0,アイチャン,000a01a95f,Dream Ahead,000a013cf4,村上欽哉,村上欽哉,572.4,2012.0,2014.0,2008.0
2021103390,フジファンタジスタ,牝,坂口義幸,,コパノリチャード,2010106552,アーストラベラー,2013103578,メイショウボーラー,2001100650,富士ファーム,アフリートファーム,571.7,2010.0,2013.0,2001.0
2021106290,シナノヨシキュウ,牡,鹿沼良和,,フェノーメノ,2009106599,エイシンオリヒメ,2016101698,ロードカナロア,2008103552,小林和義,スカイビーチステーブル,571.5,2009.0,2016.0,2008.0
2021103981,グレートスピリット,牡,野口寛仁,,キズナ,2010105827,レディオブキャメロット,000a01388f,モンジュー,1996190001,堂守貴志,タイヘイ牧場,571.5,2010.0,2012.0,1996.0
2021101140,イエスゴーオン,牝,別府真司,,マクフィ,000a011c77,イエスアイキャン,2011100134,スマートボーイ,1995100385,沖田方子,沖田牧場,571.2,2007.0,2011.0,1995.0
2021103112,パーフィリオン,牝,川嶋弘吉,,ホッコータルマエ,2009100921,アンジュラミエル,2014103443,カネヒキリ,2002100978,日進牧場,日進牧場,570.9,2009.0,2014.0,2002.0
2021102752,マニーブルース,牡,徳本慶一,,ディーマジェスティ,2013104704,ティンクルチャーミ,2007100860,スウェプトオーヴァーボード,000a00fa34,組）オールザベスト組,金成吉田牧場,570.8,2013.0,2007.0,1997.0
2021106004,アンフィニレイス,牡,栗林徹治,,ロゴタイプ,2010103783,クロスアンジュ,2013106103,キンシャサノキセキ,2003110212,（同）ＪＰＮ技研,アサヒ牧場,570.7,2010.0,2013.0,2003.0
2021102935,モンデフェリシティ,牝,藤ヶ崎一,,アジアエクスプレス,2011110091,アスクザリーズン,2012106405,キングカメハメハ,2001103460,近藤広基,大道牧場,570.6,2011.0,2012.0,2001.0
2021101878,エルリーブル,牡,平田正一,,エスポワールシチー,2005102837,グローリアスヴォレ,2012106380,サウスヴィグラス,1996110138,日下部勝徳,ノースガーデン,570.0,2005.0,2012.0,1996.0
2021100134,アイスノート,牝,角田輝也,,シュヴァルグラン,2012104759,エイスノート,2015102369,ロードカナロア,2008103552,小菅誠,ケイアイファーム,569.6,2012.0,2015.0,2008.0
2021104454,プレジャー,牝,今井輝和,,リアルインパクト,2008103244,アドマイヤジョイ,2016104401,ルーラーシップ,2007103143,内山啓,ＰＲＩＤＥＲＯＣＫ,569.5,2008.0,2016.0,2007.0
2021104026,ゲイシール,牡,岡野尚光,,ホッコータルマエ,2009100921,マイカ,2007100209,シンボリクリスエス,1999110099,伊藤正樹,武牧場,569.5,2009.0,2007.0,1999.0
2021101143,イイクニアシェル,牡,久保秀男,,ラブリーデイ,2010104298,オリヅル,2007105326,クロフネ,1998110135,武中進,沖田牧場,569.1,2010.0,2007.0,1998.0
2021101338,フィーロ,牡,西村守幸,,レガーロ,2013105464,フィオッコ,2015101294,カリズマティック,000a00fa33,組）オールザベスト組,サンシャイン牧場,568.8,2013.0,2015.0,1996.0
2021102876,アラジャイ,牡,碇清次郎,,ノヴェリスト,000a012230,レディストレイツ,2003110002,モンジュー,1996190001,佐藤好美,田中スタッド,568.4,2009.0,2003.0,1996.0
2021102698,シルクニードル,牝,今津博之,,ファインニードル,2013100612,ウイングフリオーソ,2014103150,フリオーソ,2004106867,北村泰規,杵臼斉藤牧場,568.3,2013.0,2014.0,2004.0
2021101050,コスモビオラ,牝,真島元徳,,ヘニーヒューズ,000a011155,ランスタン,2013100019,ダイワメジャー,2001103114,西久保弘克,天羽牧場,568.2,2003.0,2013.0,2001.0
2021106692,ヘキルリ,牝,上杉昌宏,,サトノダイヤモンド,2013106101,スルーレート,2002100888,フレンチデピュティ,000a00013a,佐藤傳二,ハシモトファーム,568.0,2013.0,2002.0,1992.0
2021105345,タイセイフォルテ,牡,竹下太,,マジェスティックウォリアー,000a011e9c,アイスパステル,2014110112,Shackleford,000a012d4d,丹下将,ノーザンファーム,565.5,2005.0,2014.0,2008.0
2021104085,マラカイト,牝,小久保智,,モーニン,2012110091,フューチャータイム,2009103805,ブライアンズタイム,000a000082,小菅誠,大典牧場,565.3,2012.0,2009.0,1985.0
2021102798,サイモンプレジール,牡,加藤和宏,,エピカリス,2014103121,ピーエムルッカ,2013106159,キンシャサノキセキ,2003110212,澤田昭紀,笹島智則,565.0,2014.0,2013.0,2003.0
2021100705,ジューンバタフライ,牝,松浦裕之,,デクラレーションオブウォー,000a0136f6,ウイングザムーン,2009101080,アドマイヤムーン,2003102991,上山泰憲,高昭牧場,565.0,2009.0,2009.0,2003.0
2021106060,フェルサイト,牡,前川恭子,,スノードラゴン,2008104268,プリンセスレジーナ,2016100099,トーセンジョーダン,2006103169,永嶋啓一,イワミ牧場,564.0,2008.0,2016.0,2006.0
2021104477,フロステッドローズ,牝,澤佳宏,,ダノンレジェンド,2010110102,ホマレエイカン,2008100916,ステイゴールド,1994108729,小林健一,へいはた牧場,564.0,2010.0,2008.0,1994.0
2021104500,カラヲヤブレ,牡,坂口義幸,,オルフェーヴル,2008102636,アールマティーニ,2016110092,Majesticperfection,000a012669,貝本隆三,前谷武志,563.6,2008.0,2016.0,2006.0
2021102527,キミハレモネード,牝,水野貴史,,タリスマニック,000a013425,ファンディータ,2011102989,パイロ,000a01176a,プレディクトレーシング,スイートファーム,563.5,2013.0,2011.0,2005.0
2021102307,モノノフゴールド,牝,那俄性哲,,ニシケンモノノフ,2011105438,フレンチフレイバー,2005105993,フレンチデピュティ,000a00013a,ウエスト．フォレスト．ステイブル,赤石牧場,563.0,2011.0,2005.0,1992.0
2021101080,コロラドフォンテン,牡,井上弘之,,レーヴミストラル,2012104929,ハニーフォンテン,2011101246,ステイゴールド,1994108729,吉橋興生,新井弘幸,563.0,2012.0,2011.0,1994.0
2021104017,ミヤビモルタル,牡,岩崎真樹,,ブリックスアンドモルタル,000a014377,ルナレディ,2011101399,タイキシャトル,1994109686,梅ケ枝容晃,高橋陵,562.5,2014.0,2011.0,1994.0
2021104432,グローリアミノル,牡,佐藤悠太,,ブリックスアンドモルタル,000a014377,レーヌミノル,2014105043,ダイワメジャー,2001103114,吉岡輝美,フジワラファーム,562.1,2014.0,2014.0,2001.0
2021106217,ウインサマースノー,牡,尾形和幸,,ゴールドシップ,2009102739,サマーソング,2007104925,ロージズインメイ,000a010a10,佐野信幸,コスモヴューファーム,562.0,2009.0,2007.0,2000.0
2021104417,アコーダンス,牝,西川進也,,サウンドスカイ,2013104773,バトルムーングロウ,2011101183,アドマイヤムーン,2003102991,生部初男,フジワラファーム,561.6,2013.0,2011.0,2003.0
2021100988,レースノワエ,牝,植松則幸,,メイショウボーラー,2001100650,デンコウデア,2009101334,スペシャルウィーク,1995103211,ファーストビジョン,村下明博,561.5,2001.0,2009.0,1995.0
2021101640,ムーンブルー,牡,田中譲二,,アドマイヤムーン,2003102991,オータムメロディー,000a010ce1,Kingmambo,000a001d7e,今井高之,ダーレー・ジャパン・ファーム,561.0,2003.0,2002.0,1990.0
2021106072,アーモンドチュイル,牝,高岩孝敏,,モーニン,2012110091,イグアスフォールズ,2016102682,サウスヴィグラス,1996110138,田頭勇貴,大狩部牧場,560.0,2012.0,2016.0,1996.0
2021105526,ジーティーパワー,牡,中村直也,,Frankel,000a01239b,コールバック,000a01a8db,ストリートセンス,000a0113a2,田畑利彦,ノーザンファーム,560.0,2008.0,2012.0,2004.0
2021104408,クラージュミノル,牡,山中尊徳,,ゴールドシップ,2009102739,ダイヤモンドギフト,2008100867,ブライアンズタイム,000a000082,川上和彦,フジワラファーム,560.0,2009.0,2008.0,1985.0
2021102945,レオボヌール,牡,渡邊貴光,,マジェスティックウォリアー,000a011e9c,ピアーノ,2011100201,シンボリクリスエス,1999110099,田中博之,大道牧場,560.0,2005.0,2011.0,1999.0
2021100930,ユイノパチョレック,牡,工藤伸輔,,バトルプラン,000a0118e8,ミサコ,2015102908,クロフネ,1998110135,（株）アプエンテ,ヒダカファーム,560.0,2005.0,2015.0,1998.0
2021102339,ユッカラン,牝,鮫島克也,,サトノアレス,2014105493,ホクセンノマイ,2015105668,ジャングルポケット,1998101786,大野和馬,川向高橋育成牧場,559.9,2014.0,2015.0,1998.0
2021102251,トーケンタカハール,牡,東原己俊,,レーヴミストラル,2012104929,シェッドラスター,2014105325,タートルボウル,000a012045,小橋亮太,山田政宏,559.5,2012.0,2014.0,2002.0
2021104146,スキルハンター,牡,宇都英樹,,バゴ,2001190004,ブライダルドレス,2010103007,クロフネ,1998110135,酒井孝敏,千代田牧場,559.3,2001.0,2010.0,1998.0
2021102771,フェイスカワサキ,牡,石崎駿,,ケープブランコ,000a011b06,ブルーミングブーケ,2016105464,ワークフォース,000a011a7f,鈴木紋菜,グランデファーム,558.5,2007.0,2016.0,2007.0
2021100467,パジャマパーティー,牝,陶文峰,,インカンテーション,2010104916,ワンズガーホッド,2006104306,マイネルラヴ,1995108558,会田裕一,三石軽種馬共同育成センター,558.4,2010.0,2006.0,1995.0
2021100475,ボエーム,牡,石栗龍彦,,アニマルキングダム,000a011dad,ラストマイア,2015104231,ローエングリン,1999106738,小野寺悠太,三石ファーム,558.0,2008.0,2015.0,1999.0
2021104498,カゼノヨウニ,牡,竹下太,,アニマルキングダム,000a011dad,マイネマリアンヌ,2009105127,ダイワメジャー,2001103114,中川浩一郎,真歌田中牧場,557.5,2008.0,2009.0,2001.0
2021102232,シルバーブロンド,牝,森澤友貴,,シルバーステート,2013105903,テーオーブロンド,2016106581,ルーラーシップ,2007103143,辻子依旦,ヤナガワ牧場,557.5,2013.0,2016.0,2007.0
2021102330,モンルネ,牝,工藤裕孝,,モーニン,2012110091,アナンタン,2009103820,キングカメハメハ,2001103460,門澤慎,オークツリーファーム,557.4,2012.0,2009.0,2001.0
2021106412,ワケガワカラナイヨ,牡,伊藤滋規,,シゲルカガ,2011103048,シゲルデリシャス,2009103257,フジキセキ,1992109618,組）滋友会,中央牧場,557.0,2011.0,2009.0,1992.0
2021105917,アルナイル,セ,伊藤大士,,ニューイヤーズデイ,000a014589,ワンミリオンス,2013105918,ゴールドアリュール,1999106689,シルクレーシング,ノーザンファーム,557.0,2011.0,2013.0,1999.0
2021101763,アンテナラスト,牝,森山英雄,,キズナ,2010105827,ヤマノラヴ,2008105732,アグネスデジタル,1997110025,（有）ランドエコノミ,チャンピオンズファーム,556.8,2010.0,2008.0,1997.0
2021106175,スナークダリ,牡,木村健,,ホッコータルマエ,2009100921,スナークヒロイン,2007109141,サクラバクシンオー,1989108341,杉本豊,小泉牧場,556.5,2009.0,2007.0,1989.0
2021101722,ベラジオハルカ,牝,吉見真幸,,キズナ,2010105827,エリモハルカ,2004106737,ナリタトップロード,1996102442,ベラジオコーポレーシ,チャンピオンズファーム,556.0,2010.0,2004.0,1996.0
2021103497,フェアクラウド,牡,高橋清顕,,ロージズインメイ,000a010a10,サマーロコガール,2007101192,キングカメハメハ,2001103460,ノルマンディーサラブレッドレーシング,岡田スタッド,555.2,2000.0,2007.0,2001.0
2021107123,イイデカンタロウ,牡,北出成人,,グァンチャーレ,2012100407,イイデメモリー,2014100910,ゴールドアリュール,1999106689,松本俊廣,山岡ファーム,555.0,2012.0,2014.0,1999.0
2021106609,メインストリーム,牡,尾関知人,,ヴィクトワールピサ,2007102923,イコールパートナー,2005105381,カリズマティック,000a00fa33,ノースヒルズ,ノースヒルズ,555.0,2007.0,2005.0,1996.0
2021105500,プエルタセクレタ,牝,佐藤博紀,,ニューイヤーズデイ,000a014589,クラーベセクレタ,2008103178,ワイルドラッシュ,000a0003a1,森本研太,ノーザンファーム,555.0,2011.0,2008.0,1994.0
2021101440,マウリノ,牡,渡辺和雄,,レイデオロ,2014106201,マウレア,2015101373,ディープインパクト,2002100816,プレディクトレーシング,下河辺牧場,554.8,2014.0,2015.0,2002.0
2021106562,ゴーゴーケイコ,牝,荒井朋弘,,ヘニーヒューズ,000a011155,エイコーンウィル,2011105032,キングカメハメハ,2001103460,川上和彦,新冠橋本牧場,554.0,2003.0,2011.0,2001.0
2021101749,グッドマン,牡,山下貴之,,エピファネイア,2010104155,ビガップ,2013105395,ネオユニヴァース,2000101426,天野克彦,チャンピオンズファーム,554.0,2010.0,2013.0,2000.0
2021101311,ラブラブバゴバゴ,牝,酒井一則,,バゴ,2001190004,ベルモントラヴ,2010105994,クロフネ,1998110135,谷謙介,小西ファーム,554.0,2001.0,2010.0,1998.0
2021101197,コムダビチュード,牝,玉井等,,モンテロッソ,000a011b05,マジェストゥーズ,2016102036,ジャスタウェイ,2009106461,高橋一郎,カロッテファーム,554.0,2007.0,2016.0,2009.0
2021103030,アウストラリス,牝,大島静夫,,ロジャーバローズ,2016106065,キュルミナン,2007106421,シンボリクリスエス,1999110099,北原大史,ディアレストクラブ,553.8,2016.0,2007.0,1999.0
2021102915,インペリオ,牡,小野寺晋,,インカンテーション,2010104916,ランブルジャンヌ,2005106219,Mutakddim,000a00217c,梶原哲朗,谷川牧場,553.5,2010.0,2005.0,1991.0
2021103505,ウエストチェリー,牝,飯田良弘,,エイシンフラッシュ,2007102951,スピリテッドエアー,2009110032,Danehill Dancer,000a002309,レックス,岡田スタッド,553.0,2007.0,2009.0,1993.0
2021101618,ピースウォリアー,牡,長谷川剛,,マジェスティックウォリアー,000a011e9c,メイマドンナ,2006102869,シンボリクリスエス,1999110099,伊藤彰敏,タバタファーム,553.0,2005.0,2006.0,1999.0
2021103456,リュウノバデン,牡,山崎尋美,,ラニ,2013110045,コーラルバード,2013102510,サウスヴィグラス,1996110138,蓑島竜一,漆原武男,552.5,2013.0,2013.0,1996.0
2021101647,インヴェスター,セ,佐藤吉勝,,バゴ,2001190004,ゴールデンチャンス,2014102203,ステイゴールド,1994108729,山邉浩,ダーレー・ジャパン・ファーム,552.5,2001.0,2014.0,1994.0
2021100714,プリンセスサクラ,牝,鹿沼良和,,カレンブラックヒル,2009106230,クールグレース,2001100101,フォーティナイナー,000a000134,（有）総武開発,高昭牧場,551.6,2009.0,2001.0,1985.0
2021104331,ダンスショウ,牡,倉兼育康,,アグニシャイン,2014105880,コスモパッション,2004106974,マイネルラヴ,1995108558,西森鶴,原則夫,551.1,2014.0,2004.0,1995.0
2021100918,ジャイロ,牡,村上正和,,シニスターミニスター,000a011099,カフジサファイア,2015103780,ロードカナロア,2008103552,近藤光将,ヒダカファーム,551.1,2003.0,2015.0,2008.0
2021109115,ボールザマホーニー,牡,有馬澄男,,サドンストーム,2009102663,ヒラボクハッピー,2011102226,タイキシャトル,1994109686,（同）ＪＰＮ技研,ストームファームコーポレーション,550.8,2009.0,2011.0,1994.0
2021102343,ラシェンテ,牝,井樋一也,,コパノリッキー,2010106548,ゴージャスガール,2012103146,ジャングルポケット,1998101786,宮崎豊治,北島牧場,550.8,2010.0,2012.0,1998.0
2021103664,イモータルウインド,牡,田中譲二,,シニスターミニスター,000a011099,ウインドブラーハ,2016104325,ヨハネスブルグ,000a0103b9,岡田将一,神垣道弘,550.6,2003.0,2016.0,1999.0
2021105194,パラトルーパー,牡,山崎裕也,,マジェスティックウォリアー,000a011e9c,フライングバルーン,2009105937,デュランダル,1999106756,吉田照哉,社台ファーム,550.5,2005.0,2009.0,1999.0
2021105180,エコロブレス,牡,竹下直人,,パドトロワ,2007102760,ピュアコンチェルト,2013105666,キンシャサノキセキ,2003110212,酒井孝敏,社台ファーム,550.5,2007.0,2013.0,2003.0
2021102925,マーゴットエクラ,牝,高月賢一,,マジェスティックウォリアー,000a011e9c,エイドローン,2014103321,プリサイスエンド,000a00fe9b,前田良平,谷口牧場,550.5,2005.0,2014.0,1997.0
2021104463,リメンバーアポロ,牡,佐藤茂,,アポロケンタッキー,2012110098,エクスポジション,2015101586,Exceed And Excel,000a010a61,酒井孝敏,へいはた牧場,550.2,2012.0,2015.0,2000.0
2021101316,ダイボウケン,牡,田中一巧,,サンダースノー,000a013a06,ムーンエクスプレス,2012101248,アドマイヤムーン,2003102991,大島豊彦,坂牧場,550.2,2014.0,2012.0,2003.0
2021110076,イザナギ,牡,坂口智康,,City of Light,000a014375,Miss Squeal,000a01d2a2,Smart Strike,000a00211c,山紫水明,G. Watts Humphrey Jr.,550.0,2014.0,2010.0,1992.0
2021107107,タガノディガー,牝,岡田稲男,,シュヴァルグラン,2012104759,エディンバラ,2013101722,キングカメハメハ,2001103460,八木昌司,八木牧場,550.0,2012.0,2013.0,2001.0
2021106982,カーリングホリデー,牝,田中勝春,,ニューイヤーズデイ,000a014589,クリッピングエリア,2009105733,シンボリクリスエス,1999110099,薗部博之,村上欽哉,550.0,2011.0,2009.0,1999.0
2021106837,マイネルヴォルムス,牡,深山雅史,,ゴールドシップ,2009102739,ゲハイムローゼ,2016100692,ロージズインメイ,000a010a10,サラブレッドクラブ・ラフィアン,ブルースターズファーム,550.0,2009.0,2016.0,2000.0
2021105962,レイクスター,牝,上村洋行,,マジェスティックウォリアー,000a011e9c,スターシンフォニー,2010104094,アグネスタキオン,1998101516,長谷川守正,レイクヴィラファーム,550.0,2005.0,2010.0,1998.0
2021105622,シュネルラウフェン,牝,手塚貴久,,ドゥラメンテ,2012104511,セリエンホルデ,000a0142f1,Soldier Hollow,000a0102ff,サンデーレーシング,ノーザンファーム,550.0,2012.0,2013.0,2000.0
2021105406,イーストウィッチ,牝,蛯名正義,,ハーツクライ,2001103038,イースト,000a01560c,Frankel,000a01239b,吉田勝己,ノーザンファーム,550.0,2001.0,2016.0,2008.0
2021105386,レシェルドランジュ,牝,坂口義幸,,ニューイヤーズデイ,000a014589,アンジュシャルマン,2014105958,マンハッタンカフェ,1998101554,増田吉彦,ノーザンファーム,550.0,2011.0,2014.0,1998.0
2021105294,ウェルキン,牝,新開幸一,,マインドユアビスケッツ,000a01392e,レッドラミア,2012104402,ディープインパクト,2002100816,井手慶祐,社台ファーム,550.0,2013.0,2012.0,2002.0
2021105214,モアナフリューゲル,牝,和田勇介,,キズナ,2010105827,ブロークンソード,000a012efe,Broken Vow,000a0101a0,鈴木昌樹,社台ファーム,550.0,2010.0,2010.0,1997.0
2021104951,モンディーン,牝,西園翔太,,リアルスティール,2012104889,アンナモンダ,000a0111c2,Monsun,000a010db6,グリーンファーム,社台ファーム,550.0,2012.0,2002.0,1990.0
2021104781,ジュレブランシュ,牝,林徹,,ドゥラメンテ,2012104511,ブランネージュ,2011103510,シンボリクリスエス,1999110099,Ｇ１レーシング,追分ファーム,550.0,2012.0,2011.0,1999.0
2021103238,サトノメルベイユ,牝,高柳瑞樹,,サトノダイヤモンド,2013106101,ジェラスガール,000a012957,Petionville,000a0021de,里見治,三嶋牧場,550.0,2013.0,2008.0,1992.0
2021102977,ルージュプレジール,牝,田中克典,,ドゥラメンテ,2012104511,サンドグロース,000a012e29,Mr. Greeley,000a00213e,東京ホースレーシング,辻牧場,550.0,2012.0,2010.0,1992.0
2021102773,ロールハーアイズ,牝,高木登,,ドレフォン,000a013b82,ラーナアズーラ,2014101601,パイロ,000a01176a,ウエスト．フォレスト．ステイブル,グランデファーム,550.0,2013.0,2014.0,2005.0
2021102585,ミキノクラップス,セ,大橋勇樹,,バトルプラン,000a0118e8,ミキノモナコ,2004101197,ディアブロ,000a0000e9,谷口久和,浦河育成牧場,550.0,2005.0,2004.0,1987.0
2021102568,メイショウモモタ,牡,高橋義忠,,サンダースノー,000a013a06,メイショウスザンナ,2009105230,アグネスデジタル,1997110025,松本好隆,赤田牧場,550.0,2014.0,2009.0,1997.0
2021102559,ムーンライトデイ,牝,藤田輝信,,ニューイヤーズデイ,000a014589,ルナリア,2010104329,ネオユニヴァース,2000101426,三河辰已,アイオイファーム,550.0,2011.0,2010.0,2000.0
2021102362,アイムプラウド,牡,金成貴史,,キンシャサノキセキ,2003110212,オートキュイジーヌ,2006102855,フレンチデピュティ,000a00013a,藤沼利夫,スガタ牧場,550.0,2003.0,2006.0,1992.0
2021102192,グランルチャドール,牡,上原佑紀,,シルバーステート,2013105903,グランクリューピサ,2013102353,ヴィクトワールピサ,2007102923,エラドゥーラ,門別牧場,550.0,2013.0,2013.0,2007.0
2021101306,サンウイキョウ,牡,秋山真一,,カレンブラックヒル,2009106230,フクノグローリア,2012100411,ブライアンズタイム,000a000082,加藤ステーブル,ケイズ,550.0,2009.0,2012.0,1985.0
2021101176,キューティクローム,牝,堀内岳志,,カリフォルニアクローム,000a012602,シナル,2008105447,キングカメハメハ,2001103460,ヒダカ・ブリーダーズ・ユニオン,加藤ステーブル,550.0,2011.0,2008.0,2001.0
2021100589,レイズトワイライト,牡,田村康仁,,サトノダイヤモンド,2013106101,バイカターキン,2013102789,エンパイアメーカー,000a010542,吉井盛治,梅田牧場,550.0,2013.0,2013.0,2000.0
2021100103,サウンドルークス,牡,鈴木啓之,,シニスターミニスター,000a011099,スカイトラベラー,2009106590,ディープインパクト,2002100816,増田雄一,木下牧場,550.0,2003.0,2009.0,2002.0
2021103069,ホウショウリナ,牝,川西毅,,ドゥラメンテ,2012104511,ストライキングヴェイル,000a011e10,Smart Strike,000a00211c,芳賀美知子,富田牧場,549.8,2012.0,2008.0,1992.0
2021100829,ミラクルラッシュ,牡,細川忠義,,トランセンド,2006104736,レディービスティー,2005102619,フジキセキ,1992109618,国田正忠,大北牧場,549.0,2006.0,2005.0,1992.0
2021101252,マリノバレリーナ,牝,東眞市,,クラウンレガーロ,2010105639,クラウンマリリン,2011106126,ディープスカイ,2005101358,（株）クラウン,クラウン日高牧場,548.9,2010.0,2011.0,2005.0
2021100565,メタルハート,牝,山崎尋美,,リオンディーズ,2013105915,ミスハレクラニ,2009106548,シンボリクリスエス,1999110099,田畑勝彦,秋場牧場,548.5,2013.0,2009.0,1999.0
2021102549,メイショウライメイ,牡,迫田清美,,ダノンバラード,2008103548,メイショウバーズ,2013104759,タニノギムレット,1999100226,蟹江知彦,中脇一幸,548.4,2008.0,2013.0,1999.0
2021106386,イクノホープアイ,牝,栗田裕光,,ストロングリターン,2006102934,キッズアベリア,2011103824,ネオユニヴァース,2000101426,小林篤,大作ステーブル,548.0,2006.0,2011.0,2000.0
2021106207,ウインリベラーレ,牡,胡本友晴,,エピファネイア,2010104155,ウインリバティ,2011104724,ダンスインザダーク,1993109188,山邉浩,コスモヴューファーム,546.0,2010.0,2011.0,1993.0
2021107178,フルリール,牝,高馬元紘,,ロードカナロア,2008103552,エリティエール,2014105975,ディープインパクト,2002100816,辻川弘,ノーザンファーム,545.5,2008.0,2014.0,2002.0
2021100339,マイラブトゥルー,牝,山崎裕也,,アドミラブル,2014105979,ノボピュアリティ,2009101727,ノボトゥルー,1996110169,渡辺孝祐,萩澤泰博,545.5,2014.0,2009.0,1996.0
2021102526,ベストオブケリー,牝,甲田悟史,,シュヴァルグラン,2012104759,ジョア,2014102955,カジノドライヴ,2005110112,スピードファーム,スイートファーム,544.5,2012.0,2014.0,2005.0
2021110036,ホットサマーナイト,牝,新子雅司,,Dubawi,000a0115e2,ミッドサマーフェア,2009102642,タニノギムレット,1999100226,ゴドルフィン,Godolphin,544.0,2002.0,2009.0,1999.0
2021100325,エイシンノクターン,牝,川田孝好,,グレーターロンドン,2012101402,エイシンヘケト,2015102898,エイシンアポロン,2007110020,（株）玄柑舎,信田牧場,543.7,2012.0,2015.0,2007.0
2021104550,ティロワール,牝,八木仁,,ファインニードル,2013100612,ジュラーレ,2013104873,ジャングルポケット,1998101786,北原大史,松田牧場,543.6,2013.0,2013.0,1998.0
2021100076,タケノゲッコウ,牝,松島壽,,エスポワールシチー,2005102837,ゴールドペンダント,2010101302,ゴールドヘイロー,1997101264,竹原孝昭,加野牧場,543.6,2005.0,2010.0,1997.0
2021107198,リリーフューシャ,牝,田中譲二,,リーチザクラウン,2006102923,ニシノワン,2010104125,ウォーエンブレム,000a00fa35,ウエスト．フォレスト．ステイブル,目名太山口牧場,543.0,2006.0,2010.0,1999.0
2021106710,マデイニスルー,牝,佐藤裕太,,フリオーソ,2004106867,ジギースンナー,2011105144,サムライハート,2002100996,佐藤雄司,浜口牧場,543.0,2004.0,2011.0,2002.0
2021107162,セクシーウィドー,牝,甲田悟史,,コパノリッキー,2010106548,シーエーパイロット,2014101545,パイロ,000a01176a,楊明翰,レジェンドファーム,541.0,2010.0,2014.0,2005.0
2021101712,テンシノトリブン,牡,澤佳宏,,ヘニーヒューズ,000a011155,アオイエンジェル,2016106404,ハーツクライ,2001103038,ニッシンホールディングス,チャンピオンズファーム,540.0,2003.0,2016.0,2001.0
2021101035,キタノマティーニ,牝,田中正人,,エスポワールシチー,2005102837,キタノユーリン,2014104081,ルーラーシップ,2007103143,北所拓也,厚賀古川牧場,540.0,2005.0,2014.0,2007.0
2021103553,ジャストチャックル,牝,藤ケ崎一,,スノードラゴン,2008104268,リブレドバンク,2012104550,ネオユニヴァース,2000101426,酒井孝敏,岡田スタッド,539.5,2008.0,2012.0,2000.0
2021103297,エナジーロマネスク,牝,坂口義幸,,エイシンフラッシュ,2007102951,エナジーピエトラ,2015103388,サウスヴィグラス,1996110138,服部康夫,宮内牧場,539.0,2007.0,2015.0,1996.0
2021103142,マリーナサンライズ,牝,田村彰啓,,ダンカーク,000a012185,ノベンバーペガサス,2008105585,サンライズペガサス,1998106718,村上淳,信岡牧場,539.0,2006.0,2008.0,1998.0
2021106186,トキノキングダム,牡,八木正喜,,ビッグアーサー,2011103328,シルバーストリーク,2010105461,クロフネ,1998110135,橋詰弘一,小泉学,538.5,2011.0,2010.0,1998.0
2021106053,ガンバリキ,牝,今津博之,,ロゴタイプ,2010103783,アルマエルモ,2012100073,クロフネ,1998110135,吉野智博,イワミ牧場,538.3,2010.0,2012.0,1998.0
2021103131,テーオーダムール,牡,川島豊,,バゴ,2001190004,フーダムール,2016105980,エンパイアメーカー,000a010542,大橋利幸,日本中央競馬会日高育成牧場,538.3,2001.0,2016.0,2000.0
2021105855,シュヴェルトリリエ,牡,矢作芳人,,モーリス,2011100655,リスグラシュー,2014106220,ハーツクライ,2001103038,キャロットファーム,ノーザンファーム,538.0,2011.0,2014.0,2001.0
2021106163,ゼンダンキズナ,牝,笹野博司,,キズナ,2010105827,キョウワフェアリー,2007104304,アルカセット,2000190010,ゼンレーシング,協和牧場,537.9,2010.0,2007.0,2000.0
2021106984,ビックリマーク,牡,藤原智行,,ビッグアーサー,2011103328,コンパクトモデル,2013102803,カンパニー,2001103435,村上卓史,村上欽哉,537.5,2011.0,2013.0,2001.0
2021103393,ジャングルマリサ,牝,徳本慶一,,ジャングルポケット,1998101786,クインズキンバリー,2013104157,ゼンノロブロイ,2000101517,平賀眞吾,アフリートファーム,537.5,1998.0,2013.0,2000.0
2021103260,アミーコアイドル,牝,鈴木義久,,ヘニーヒューズ,000a011155,ミラクルアイドル,2011106070,オレハマッテルゼ,2000101550,三嶋昌春,三嶋牧場,537.0,2003.0,2011.0,2000.0
2021106485,スマッシュヒット,牡,土屋洋之,,ニシケンモノノフ,2011105438,ダークグレイン,2017105914,ダンカーク,000a012185,濱村充哉,中地義次,536.5,2011.0,2017.0,2006.0
2021100938,ビップライアン,牡,須田和伸,,ジョーカプチーノ,2006100529,ルピナスベル,2013101518,ホワイトマズル,1990109700,横田一男,ヒダカファーム,536.5,2006.0,2013.0,1990.0
2021106622,エロース,セ,佐宗応和,,ハーツクライ,2001103038,キトゥンズクイーン,000a012f81,Kitten's Joy,000a0119b3,前田幸大,ノースヒルズ,536.0,2001.0,2010.0,2001.0
2021101490,ミッキースバル,牡,福田真広,,ミッキーロケット,2013106099,ミッキーオリーブ,2007103134,クロフネ,1998110135,酒井孝敏,白井牧場,536.0,2013.0,2007.0,1998.0
2021106327,ライジングキャノン,牡,高月賢一,,シルバーステート,2013105903,パイクーニャン,2004100420,フレンチデピュティ,000a00013a,レッドマジック,隆栄牧場,535.5,2013.0,2004.0,1992.0
2021106032,ロトカグラ,牡,工藤伸輔,,モーニン,2012110091,レッドスピリッツ,2009105881,マンハッタンカフェ,1998101554,北原大史,安達牧場,535.5,2012.0,2009.0,1998.0
2021100447,エイシンコーネリア,牝,笹野博司,,エーシントップ,2010110058,ダンスオンザルーフ,2009105853,シンボリクリスエス,1999110099,平井克彦,水丸牧場,535.3,2010.0,2009.0,1999.0
2021102006,シェナベスト,牡,山田正実,,ベストウォーリア,2010110127,リヨ,2015102515,トランセンド,2006104736,冨田藤男,藤本直弘,535.0,2010.0,2015.0,2006.0
2021101183,ディフィラリー,牡,庄子昭彦,,マインドユアビスケッツ,000a01392e,モシオトゥニヤ,2015101192,キンシャサノキセキ,2003110212,豊島愛子,賀張中川牧場,535.0,2013.0,2015.0,2003.0
2021103377,ドリーピー,牡,渡邊貴光,,アメリカンペイトリオット,000a013bba,リキサンキャロル,2006105025,ニューイングランド,1997105461,（株）心頼ＬｏｏＰ,山田昇史,534.0,2013.0,2006.0,1997.0
2021104459,コパマエチャン,牝,庄子昭彦,,コパノリッキー,2010106548,アカリアイドル,2012103393,サクラバクシンオー,1989108341,酒井孝敏,へいはた牧場,533.5,2010.0,2012.0,1989.0
2021102819,ユイノサンバンカン,牡,庄子昭彦,,アンライバルド,2006103308,メモリーフェミナ,2008101539,キャプテンスティーヴ,000a000d9d,豊島愛子,成隆牧場,533.5,2006.0,2008.0,1997.0
2021100923,ジューンサレンダー,牡,川村守男,,シルバーステート,2013105903,ジューンヴィエナ,2011102376,カンパニー,2001103435,伊藤弘泰,ヒダカファーム,533.0,2013.0,2011.0,2001.0
2021104560,マキネッタ,牡,矢内博,,ジョーカプチーノ,2006100529,ミスベルツリー,2006104843,アグネスデジタル,1997110025,田村忠正,見上牧場,532.2,2006.0,2006.0,1997.0
2021104801,レイヌドサーブル,牝,今津博之,,ヘニーヒューズ,000a011155,レイヌドネージュ,2010104515,フジキセキ,1992109618,ファーストビジョン,追分ファーム,531.5,2003.0,2010.0,1992.0
2021110058,エリカヴェローナ,牝,吉岡辰弥,,Quality Road,000a011cff,Cover Song,000a01c510,Fastnet Rock,000a010601,三木正浩,B. Flay Thoroughbreds,530.5,2006.0,2013.0,2001.0
2021101265,マリノマジカル,牝,飯田良弘,,エスケンデレヤ,000a012cc0,マジッククレスト,2009106488,ウォーエンブレム,000a00fa35,矢野雅子,クラウン日高牧場,530.5,2007.0,2009.0,1999.0
2021103228,ドゥザキャッチ,牝,田中一巧,,ドゥラメンテ,2012104511,キャッチザカクテル,000a013907,Catcher In The Rye,000a01372d,鈴木剛史,三嶋牧場,530.1,2012.0,2012.0,2000.0
2021101906,フジゴウキャク,牡,永田幸宏,,イスラボニータ,2011103565,ゲイエティ,2014102372,タニノギムレット,1999100226,荒木誠,春木ファーム,530.1,2011.0,2014.0,1999.0
2021103105,イデアガウディ,牡,鹿沼良和,,キンシャサノキセキ,2003110212,マスイデア,2009100729,リンカーン,2000101561,益田修一,中脇満,530.0,2003.0,2009.0,2000.0
2021101807,ジェノベーゼ,牡,岡野尚光,,コパノリチャード,2010106552,ベルモントレーヌ,2010105996,クロフネ,1998110135,村島昭男,中川欽一,530.0,2010.0,2010.0,1998.0
2021106890,ゲンブ,牡,瀬戸口悟,,モーニン,2012110091,ホクセーメジャー,2009105234,ダイワメジャー,2001103114,（同）ＪＰＮ技研,北星村田牧場,529.5,2012.0,2009.0,2001.0
2021103613,シンゼンハチマン,牡,石橋満,,デクラレーションオブウォー,000a0136f6,ラタンペットロゼ,2011100430,ストーミングホーム,1998190003,吉田勝利,岡田牧場,529.1,2009.0,2011.0,1998.0
2021106084,ハッカキャンディー,牡,河津裕昭,,シャンハイボビー,000a0127e4,ヒメスズラン,2011104597,ゴールドアリュール,1999106689,平野友保,大狩部牧場,528.5,2010.0,2011.0,1999.0
2021106301,バインドロック,牝,瀬戸幸一,,エスポワールシチー,2005102837,ジョリガーニャント,2013101528,キングカメハメハ,2001103460,後藤順男,須崎牧場,528.2,2005.0,2013.0,2001.0
2021107099,ブロメリア,牝,佐藤浩一,,Palace Malice,000a014a1a,スティーミーウィンドウズ,000a01b7e3,Giant's Causeway,000a0022e1,石瀬浩三,森永聡,528.0,2010.0,2015.0,1997.0
2021101402,サトノフォルテ,牡,田中一巧,,ロードカナロア,2008103552,シュンドルボン,2011100352,ハーツクライ,2001103038,里見治,下河辺牧場,528.0,2008.0,2011.0,2001.0
2021106912,ハナチャン,牝,山田質,,ファインニードル,2013100612,ウィットウォーター,2011102731,ヨハネスブルグ,000a0103b9,友近宏,松浦牧場,527.5,2013.0,2011.0,1999.0
2021103202,シャッフルガール,牝,原口次夫,,イスラボニータ,2011103565,レディギャング,2014101118,クロフネ,1998110135,近藤克麿,丸幸小林牧場,527.3,2011.0,2014.0,1998.0
2021103635,エクスペリオン,牡,高馬元紘,,バンブーエール,2003104100,テッセラレイナ,2016102738,スクリーンヒーロー,2004103328,小林正和,織田正敏,527.1,2003.0,2016.0,2004.0
2021103629,モーニントンライン,牡,森澤友貴,,アジアエクスプレス,2011110091,マコーミック,2012110105,Sebring,000a012639,今中俊平,小倉光博,527.0,2011.0,2012.0,2005.0
2021104486,ナイトストーリー,牝,鷹見浩,,サトノクラウン,2012104668,ナカヤマジェンヌ,2011104891,ステイゴールド,1994108729,（有）内田ステーブル,北洋牧場,526.0,2012.0,2011.0,1994.0
2021101834,ショウナンサクレツ,牡,吉橋淳一,,オルフェーヴル,2008102636,ショウナンアルマー,2014101931,ダイワメジャー,2001103114,川添裕起,中原牧場,525.9,2008.0,2014.0,2001.0
2021106857,エスペランサカズ,牡,阿井正雄,,ホークビル,000a01327c,グレイトアプローズ,2016110003,オルフェーヴル,2008102636,（株）ＩＴＦ,ホース・マネジメント・ボス,525.5,2013.0,2016.0,2008.0
2021100897,ヨドノルミナス,牝,森澤友貴,,ベストウォーリア,2010110127,ヨドノローズ,2013103081,スターリングローズ,1997106560,海原聖一,林農場,525.5,2010.0,2013.0,1997.0
2021106503,レミーニサミット,牝,田島寿一,,エスポワールシチー,2005102837,マミーフェスト,2010106432,エイシンサンディ,1993103280,（有）武田興業,中本牧場,525.0,2005.0,2010.0,1993.0
2021101959,レジーナティアラ,牝,鷹見浩,,コパノリッキー,2010106548,ライトレジーナ,2006105948,アジュディケーティング,000a000d5d,中山博,広富牧場,525.0,2010.0,2006.0,1987.0
2021107038,フリーパスポート,牝,角川秀樹,,カレンブラックヒル,2009106230,ヒバリエクスプレス,2007105044,アグネスデジタル,1997110025,村上雅規,村上雅規,524.7,2009.0,2007.0,1997.0
2021100835,アーニャアザザマス,牝,川西毅,,イスラボニータ,2011103565,ドリームマジック,2014103913,ルーラーシップ,2007103143,ライフ・カラー（株）,高岸順一,524.0,2011.0,2014.0,2007.0
2021105959,サトノルチル,牝,古賀慎明,,サトノクラウン,2012104668,サトノルーリー,2015104048,ディープインパクト,2002100816,里見治,レイクヴィラファーム,523.0,2012.0,2015.0,2002.0
2021105223,ルージュレイナス,牝,橋口慎介,,ストロングリターン,2006102934,プレステッツァ,2016104903,ルーラーシップ,2007103143,東京ホースレーシング,社台ファーム,523.0,2006.0,2016.0,2007.0
2021107327,アンサングヒロイン,牝,藤田正治,,ベーカバド,000a011dc0,レイニータ,2007104306,アグネスデジタル,1997110025,高野良美,レジェンドファーム,522.8,2007.0,2007.0,1997.0
2021102788,ヨシノブラボー,牝,荒井朋弘,,ホッコータルマエ,2009100921,ハヤブサマナポン,2013103359,スペシャルウィーク,1995103211,清水義徳,榊原敏明,522.5,2009.0,2013.0,1995.0
2021101239,パイロズブリッジ,牝,笹野博司,,パイロ,000a01176a,ブルーバレット,2010103501,First Defence,000a011701,サイプレスホールディングス,木村牧場,522.3,2005.0,2010.0,2004.0
2021107005,クロームノワール,牡,藤ケ崎一,,カリフォルニアクローム,000a012602,ライトゼア,000a014a39,エスケンデレヤ,000a012cc0,永山和夫,村上欽哉,522.0,2011.0,2013.0,2007.0
2021105167,カフェランデブー,牝,吉橋淳一,,シャンハイボビー,000a0127e4,バーボネラ,2014105538,ハービンジャー,000a011996,ハヤシテラソスルイス,社台ファーム,522.0,2010.0,2014.0,2006.0
2021102386,セブンスリーローズ,牝,加藤幸保,,ドレフォン,000a013b82,ジャンニーナ,2015105164,ロードカナロア,2008103552,猪又晶介,二風谷ファーム,521.6,2013.0,2015.0,2008.0
2021106567,クインズアルテミス,牝,小野望,,シルバーステート,2013105903,ケイアイアテナ,2008110026,Afleet Alex,000a010dc8,亀田和弘,新冠橋本牧場,520.6,2013.0,2008.0,2002.0
2021106283,ダズリングアイス,牝,稻田彰宏,,レッドファルクス,2011104416,オメガクリスマス,2007102745,クロフネ,1998110135,中井徹,シンユウファーム,520.5,2011.0,2007.0,1998.0
2021100395,ガルニエ,牡,秋山直之,,ブリックスアンドモルタル,000a014377,スイートザザ,2011109113,スウェプトオーヴァーボード,000a00fa34,ＫＡＪＩＭＯＴＯホールディングス,本桐牧場,520.3,2014.0,2011.0,1997.0
2021103221,ヴィオルナ,牝,阿井正雄,,ドレフォン,000a013b82,アーマンディ,2013102349,ダイワメジャー,2001103114,ＫＡＪＩＭＯＴＯホールディングス,三嶋牧場,520.2,2013.0,2013.0,2001.0
2021104281,タツノソニック,牡,鷹見浩,,ベストウォーリア,2010110127,リージェンツパーク,2014103177,キングズベスト,000a0022d2,三河辰已,橋本牧場,520.0,2010.0,2014.0,1997.0
2021103906,グラスフェロー,セ,阪本一栄,,コパノリッキー,2010106548,グラスエトワール,2012102978,ヴァーミリアン,2002100877,三岡陽,静内フジカワ牧場,520.0,2010.0,2012.0,2002.0
2021103631,エイシンローロ,牡,佐宗応和,,モーニン,2012110091,エイシンパラダイス,2010104636,タイムパラドックス,1998101683,村田裕子,織田正敏,520.0,2012.0,2010.0,1998.0
2021102711,ラストデュエル,牡,永島太郎,,リアルスティール,2012104889,カホマックス,2007103031,クロフネ,1998110135,大塚亮一（株）,杵臼牧場,520.0,2012.0,2007.0,1998.0
2021102268,リコーシャーマン,牡,川島洋人,,フリオーソ,2004106867,リコーシルエット,2010106201,サウスヴィグラス,1996110138,土橋正雄,リコーファーム,520.0,2004.0,2010.0,1996.0
2021103244,スリーオウギ,牡,阿井正雄,,ワールドエース,2009106353,タマノベレッツァ,2012105595,ワイルドラッシュ,000a0003a1,（有）総武開発,三嶋牧場,519.1,2009.0,2012.0,1994.0
2021106086,リトゥモ,牝,稲益貴弘,,パイロ,000a01176a,ヒメベニサクラ,2015105909,ディープブリランテ,2009105084,（株）Ｈｅｒｏレーシ,大狩部牧場,518.9,2005.0,2015.0,2009.0
2021103936,スマートカプリス,牡,尾原強,,キンシャサノキセキ,2003110212,スマートカーリー,2017102886,エピファネイア,2010104155,門脇竜一,静内山田牧場,518.9,2003.0,2017.0,2010.0
2021101679,シノノメ,牝,田口輝彦,,サンダースノー,000a013a06,ハウリング,2015101576,ハードスパン,000a0116a1,プレディクトレーシング,ダーレー・ジャパン・ファーム,518.0,2014.0,2015.0,2004.0
2021100080,ケイバラード,牡,池田敦,,ダノンバラード,2008103548,ブルーポラリス,2003107264,ウェイオブライト,000a000d9b,嶋田孝徳,加野牧場,518.0,2008.0,2003.0,1996.0
2021105940,ブルーアプローズ,牡,坂井英光,,オルフェーヴル,2008102636,ルージュロワイヤル,2012103908,フレンチデピュティ,000a00013a,澤風哉,橋本牧場,516.0,2008.0,2012.0,1992.0
2021105171,ダークファンタジー,牝,伊藤和忍,,スワーヴリチャード,2014106083,パンズラビリンス,2011104153,メイショウサムソン,2003102205,山中元夫,社台ファーム,515.7,2014.0,2011.0,2003.0
2021106607,ヤマニンラベーラ,牝,松平幸秀,,サトノクラウン,2012104668,ヤマニンロードン,2012100561,スペシャルウィーク,1995103211,土井久美子,錦岡牧場,515.2,2012.0,2012.0,1995.0
2021104970,レッドクレメンス,牡,茶木太樹,,ブリックスアンドモルタル,000a014377,ヴゼットジョリー,2014105655,ローエングリン,1999106738,東京ホースレーシング,社台ファーム,515.0,2014.0,2014.0,1999.0
2021104004,リンクスクードボル,牡,渡邊貴光,,シニスターミニスター,000a011099,ボンセグレート,2016104502,ゴールドアリュール,1999106689,原義信,高橋義浩,515.0,2003.0,2016.0,1999.0
2021104698,マチルダ,牝,小久保智,,ヴァンキッシュラン,2013105718,グレイスニコ,2014105586,スクリーンヒーロー,2004103328,Ａ．Ｗ（株）,エスティファーム,514.5,2013.0,2014.0,2004.0
2021100748,ワクワクドリーム,牝,目迫大輔,,リアルインパクト,2008103244,ライブザドリーム,2012105867,シニスターミニスター,000a011099,上山泰憲,高昭牧場,514.5,2008.0,2012.0,2003.0
2021100547,アークウルフ,牡,酒井一則,,ラニ,2013110045,アサクサヴェール,2004101564,フレンチデピュティ,000a00013a,ＡＨＣ（株）,リバティホースファーム,514.5,2013.0,2004.0,1992.0
2021105183,アウローラルミエル,牡,石橋満,,レッドファルクス,2011104416,ピリカクル,2015104490,オルフェーヴル,2008102636,高橋正雄,社台ファーム,514.2,2011.0,2015.0,2008.0
2021105444,セングンバンバ,セ,松永幹夫,,ブリックスアンドモルタル,000a014377,エルディアマンテ,2015104892,キングカメハメハ,2001103460,キーファーズ,ノーザンファーム,513.5,2014.0,2015.0,2001.0
2021102626,イマナンジャナイ,牝,南弘樹,,マジェスティックウォリアー,000a011e9c,アサクサフルート,2012109123,エンパイアメーカー,000a010542,仲辻正貴,オカモトファーム,513.5,2005.0,2012.0,2000.0
2021103085,ラピダニーニャ,牝,堀千亜樹,,ドレフォン,000a013b82,シウダニーニャ,2012110060,Leroidesanimaux,000a0115cc,一村哲也,富菜牧場,513.0,2013.0,2012.0,2000.0
2021102900,ノクターナル,牝,加藤和宏,,キタサンブラック,2012102013,ノーバザー,2015110088,Scat Daddy,000a0114fe,ニューマレコード,谷川牧場,513.0,2012.0,2015.0,2004.0
2021102598,ラントゥリーダンス,牝,山崎尋美,,リオンディーズ,2013105915,プリンセスネージュ,2007101267,フレンチデピュティ,000a00013a,田畑利彦,浦河日成牧場,513.0,2013.0,2007.0,1992.0
2021101455,ルージュリリカル,牝,杉山晴紀,,エピファネイア,2010104155,レッドセシリア,2010104124,ハーツクライ,2001103038,東京ホースレーシング,下河辺牧場,513.0,2010.0,2010.0,2001.0
2021106270,ドリームサンデー,牝,真島元徳,,ドリームバレンチノ,2007104877,アラマササンデー,2007104077,フジキセキ,1992109618,國武佳博,シンカンファーム,512.7,2007.0,2007.0,1992.0
2021106456,サトノハルモニア,牝,石橋満,,サトノアレス,2014105493,アットリーチェノバ,2013105094,ネオユニヴァース,2000101426,里見治,トモファーム,512.0,2014.0,2013.0,2000.0
2021106683,ジーティームテキ,セ,藤田弘治,,Le Havre,000a01198f,ワットドゥアイワントザットフォー,000a0142dc,Kodiac,000a012b10,田畑利彦,ハクレイファーム,511.7,2006.0,2013.0,2001.0
2021102617,ユニヴェールアン,牝,久保杉隆,,サトノダイヤモンド,2013106101,ヘヴンリーブライド,2015104938,ロードカナロア,2008103552,森田一俊,絵笛牧場,510.8,2013.0,2015.0,2008.0
2021109155,テイエムシマジン,牡,平山宏秀,,サトノアラジン,2011104063,テイエムクレナイ,2005101541,ティンバーカントリー,000a00035e,竹園正繼,テイエム牧場,510.0,2011.0,2005.0,1992.0
2021107078,ツーエムピシュー,牡,繁田健一,,シュヴァルグラン,2012104759,トーセントルマリン,2016103807,ノヴェリスト,000a012230,秋本竹子,メイタイファーム,510.0,2012.0,2016.0,2009.0
2021103295,アショカ,牡,工藤裕孝,,ドゥラメンテ,2012104511,アメイジングライト,2015101570,Teofilo,000a01139e,山口謙太郎,宮内牧場,510.0,2012.0,2015.0,2004.0
2021103277,メイショウマサユメ,牝,角田晃一,,マジェスティックウォリアー,000a011e9c,メイショウミハル,2014103529,ダイワメジャー,2001103114,松本好雄,三嶋牧場,510.0,2005.0,2014.0,2001.0
2021101049,シルヴァリームーン,牝,渡辺薫彦,,キズナ,2010105827,ムーンライトベイ,2006103392,High Chaparral,000a010270,インゼルレーシング,天羽牧場,510.0,2010.0,2006.0,1999.0
2021100875,コルネットロッソ,牡,林隆之,,インカンテーション,2010104916,エグランティエ,2012105278,アドマイヤジャパン,2002102324,組）マージナルレーシ,中村雅明,510.0,2010.0,2012.0,2002.0
2021100747,メイショウマゴイチ,牡,森澤友貴,,エピファネイア,2010104155,メイショウマンボ,2010102094,スズカマンボ,2001103890,松本好隆,高昭牧場,510.0,2010.0,2010.0,2001.0
2021104740,エリザベスウォーク,牝,荒山勝徳,,リアルスティール,2012104889,アスペンアベニュー,2006102758,トワイニング,000a000006,吉田晴哉,追分ファーム,508.5,2012.0,2006.0,1991.0
2021100221,カールマジ,牝,中川竜馬,,マジェスティックウォリアー,000a011e9c,フォワードカール,2011104109,ゼンノロブロイ,2000101517,谷口信喜,城地牧場,508.5,2005.0,2011.0,2000.0
2021106481,エイシンフォトン,牡,伊藤勝好,,タリスマニック,000a013425,エーシンサンファン,2008104012,ステイゴールド,1994108729,（有）ホースケア,中地義次,508.0,2013.0,2008.0,1994.0
2021101074,ヒューマンライツ,牡,久保秀男,,シルバーステート,2013105903,バージニアキャット,2008110103,Bluegrass Cat,000a01173d,小橋亮太,新井昭二牧場,508.0,2013.0,2008.0,2003.0
2021103670,シャッダンコナー,牡,松浦裕之,,ミッキーロケット,2013106099,デライトシーン,2004104244,サクラバクシンオー,1989108341,前田良平,神垣道弘,507.5,2013.0,2004.0,1989.0
2021104881,アミアン,牝,櫻井今朝,,ブリックスアンドモルタル,000a014377,セレブリティモデル,2010103939,キングカメハメハ,2001103460,山口謙太郎,社台コーポレーション白老ファーム,507.2,2014.0,2010.0,2001.0
2021107088,サヴォイア,牡,堀千亜樹,,モーニン,2012110091,モンレーヴリアン,2011104037,スペシャルウィーク,1995103211,吉崎みどり,メイタイファーム,506.0,2012.0,2011.0,1995.0
2021103834,ダンシングエリカ,牝,小林真治,,アメリカンペイトリオット,000a013bba,クインズエリカ,2013103615,ハーツクライ,2001103038,井上久光,佐竹学,505.5,2013.0,2013.0,2001.0
2021103107,ラベンダーマカロン,牝,久保勇,,トゥザワールド,2011103975,ラベンダーメモリー,2013109166,ナカヤマフェスタ,2006102424,田頭勇貴,中脇満,505.5,2011.0,2013.0,2006.0
2021106325,フォトウエディング,牝,甲田悟史,,アドミラブル,2014105979,ワールドツアラー,2014100332,ウインクリューガー,2000107407,スピードファーム,スピードファーム,505.0,2014.0,2014.0,2000.0
2021101129,タケデンプリンセス,牝,佐々木清,,シュヴァルグラン,2012104759,ケリーメイ,2005101007,アグネスデジタル,1997110025,武市一宏,ＭＳＴＡＢＬＥ,505.0,2012.0,2005.0,1997.0
2021100663,アイビーンズ,牝,大宮和也,,トビーズコーナー,000a011fed,ラブレインボー,2010102020,フレンチデピュティ,000a00013a,高橋真紀,上山牧場,505.0,2008.0,2010.0,1992.0
2021104027,フェノーウルフ,牡,鮫島克也,,フェノーメノ,2009106599,ラッシュストーム,2013100960,ザール,000a010990,瀬戸年美,武牧場,504.8,2009.0,2013.0,1995.0
2021103332,アイスブレイカー,牡,伊坂重信,,ホッコータルマエ,2009100921,チクタクボンボン,2015103763,ゴールドアリュール,1999106689,ミルファーム,ミルファーム,504.8,2009.0,2015.0,1999.0
2021105013,ヤマトフェイス,牡,中塚猛,,エピファネイア,2010104155,クィーンスプマンテ,2004103215,ジャングルポケット,1998101786,佐々木勉,社台ファーム,504.4,2010.0,2004.0,1998.0
2021106322,ケーリーバンド,牡,荒井朋弘,,ビーチパトロール,000a0141f9,モーニングテラス,2014104097,ディープスカイ,2005101358,谷謙介,スピードファーム,504.0,2013.0,2014.0,2005.0
2021101229,ジュエリークローム,牝,川嶋弘吉,,カリフォルニアクローム,000a012602,サザンジュエリー,2004105424,アフリート,000a000013,木村牧場,木村牧場,503.6,2011.0,2004.0,1984.0
2021102998,ディグナ,牝,吉見真幸,,ニューイヤーズデイ,000a014589,トーコーヴィーナス,2012104827,クロフネ,1998110135,森田和豊,辻牧場,503.2,2011.0,2012.0,1998.0
2021100455,ミツカネエリーズ,牝,高橋宏征,,シニスターミニスター,000a011099,ハルノヒダマリ,2014101356,エンパイアメーカー,000a010542,小山田満,三石川上牧場,502.8,2003.0,2014.0,2000.0
2021107190,トリオ,牡,九日俊光,,アグニシャイン,2014105880,テラザホット,2012102652,オンファイア,2003102809,酒井孝敏,大道牧場,502.7,2014.0,2012.0,2003.0
2021104776,テイクノーティス,牡,倉地学,,ハービンジャー,000a011996,ハイヤーアプシス,2014105282,ダノンシャンティ,2007105709,北原大史,追分ファーム,502.7,2006.0,2014.0,2007.0
2021104096,ミッキージャスミン,牝,岡田利一,,ミッキーアイル,2011103916,カサブランカスマイル,000a01250a,Ocean Terrace,000a0123f0,野田みづき,千代田牧場,501.9,2011.0,2006.0,2000.0
2021103514,ビッグサララルーフ,牝,伊藤和,,ビーチパトロール,000a0141f9,ディアブライド,2015104672,ヴィクトワールピサ,2007102923,大屋高広,岡田スタッド,501.9,2013.0,2015.0,2007.0
2021100452,アクシノス,牡,今津勝之,,ゴールドシップ,2009102739,クイーンハーツ,2016101418,キングカメハメハ,2001103460,（同）ＪＰＮ技研,三石川上牧場,501.3,2009.0,2016.0,2001.0
2021104502,エナノキセキ,牝,松平幸秀,,サトノダイヤモンド,2013106101,エナチャン,2012104566,キンシャサノキセキ,2003110212,橘勝年,前谷武志,501.0,2013.0,2012.0,2003.0
2021100779,ニシノザイホウ,牡,土井道隆,,シルバーステート,2013105903,ゴールドグレース,2002103893,エリシオ,1993190001,冨田藤男,鮫川啓一,500.8,2013.0,2002.0,1993.0
2021103224,モーニングコート,牡,中内田充,,ジャスタウェイ,2009106461,オペラグローブ,2015110007,Speightstown,000a011200,山紫水明,三嶋牧場,500.0,2009.0,2015.0,1998.0
2021100911,ルージュノデンゴン,牝,玉井昇,,バンブーエール,2003104100,ルージュバンブー,2006100557,マリエンバード,000a00fa36,角谷守正,バンブー牧場,500.0,2003.0,2006.0,1997.0
2021104674,ダグウッド,牡,中川竜馬,,ストロングリターン,2006102934,サニーレイ,2015104883,ステイゴールド,1994108729,奥正之,上水牧場,499.9,2006.0,2015.0,1994.0
2021107263,ナデナデ,牝,福田真広,,リアルスティール,2012104889,カノヤトップレディ,2005103537,キングヘイロー,1995104427,犬塚悠治郎,浜本牧場,499.6,2012.0,2005.0,1995.0
2021101275,テートモダン,セ,原口次夫,,グレーターロンドン,2012101402,シーキングトパーズ,2009102702,シーキングザダイヤ,2001110220,（同）ＪＰＮ技研,クリアファーム,499.5,2012.0,2009.0,2001.0
2021102630,ナムラミック,牡,赤嶺本浩,,デクラレーションオブウォー,000a0136f6,ナムラマミー,2012101058,ディープインパクト,2002100816,ファーストビジョン,オカモトファーム,499.2,2009.0,2012.0,2002.0
2021106486,ダンスハーツ,牡,西川敏弘,,ディスクリートキャット,000a0113a1,ハーツブラッド,2009105784,ハーツクライ,2001103038,西森鶴,中地義次,498.0,2003.0,2009.0,2001.0
2021105533,サトノジール,牝,古賀慎明,,モーリス,2011100655,サトノフローラ,2008103364,アグネスタキオン,1998101516,里見治,ノーザンファーム,498.0,2011.0,2008.0,1998.0
2021104142,ジャズボーカル,牝,小久保智,,リアルインパクト,2008103244,フェミニンガール,2001110158,Kingmambo,000a001d7e,小菅誠,千代田牧場,498.0,2008.0,2001.0,1990.0
2021103581,ホットエンペラー,牡,小沢宏次,,イスラボニータ,2011103565,エイシンロビン,2011110045,エンパイアメーカー,000a010542,水谷昌晃,岡田牧場,498.0,2011.0,2011.0,2000.0
2021101814,ヒロイックバイオ,牡,玉井昇,,ドレフォン,000a013b82,ヒカルトキメキ,2005102464,クロフネ,1998110135,田村忠正,中館牧場,497.5,2013.0,2005.0,1998.0
2021100837,ユメデアエタラ,牡,平山真希,,ワールドエース,2009106353,リフレクシブラヴ,2013103016,プリサイスエンド,000a00fe9b,堀口晴男,高岸順一,497.5,2009.0,2013.0,1997.0
2021104106,ガガヒャクマンゴク,牡,山崎尋美,,アジアエクスプレス,2011110091,サトノガガ,2014104813,ダイワメジャー,2001103114,蓑島竜一,千代田牧場,497.2,2011.0,2014.0,2001.0
2021100633,エクメディバンブー,牡,石井勝男,,エピカリス,2014103121,ヴィヴァチッシモ,2004103252,サクラバクシンオー,1989108341,橋本慎太郎,カケハムポニークラブ,497.0,2014.0,2004.0,1989.0
2021104744,アンティシパル,セ,山下貴之,,ニューイヤーズデイ,000a014589,アンチュラス,2009106569,ディープインパクト,2002100816,百瀬裕規,追分ファーム,496.0,2011.0,2009.0,2002.0
2021100694,ナムラビオラ,牝,田中伸一,,ワールドエース,2009106353,ナムラケイオス,2009103253,ケイムホーム,000a0108d1,木村益生,桑田正己,496.0,2009.0,2009.0,1999.0
2021104243,スターガッツマン,牡,岩崎真樹,,サトノアラジン,2011104063,スターインパルス,2014104905,サウスヴィグラス,1996110138,大島光二,西村牧場,495.7,2011.0,2014.0,1996.0
2021102795,イッポンミチ,牡,石井勝男,,メイショウサムソン,2003102205,ゴットパシオン,2016105010,オルフェーヴル,2008102636,内藤正生,笹島智則,495.5,2003.0,2016.0,2008.0
2021100056,ハッピーモンスター,牡,諏訪貴正,,アジアエクスプレス,2011110091,ハッピーエム,2011100763,プリサイスエンド,000a00fe9b,三宅勝俊,沖田博志,495.3,2011.0,2011.0,1997.0
2021104713,ルッカ,牡,橋本和馬,,マクマホン,000a0143ac,トーセンエポック,2015101118,キングカメハメハ,2001103460,島川隆哉,エスティファーム,495.0,2014.0,2015.0,2001.0
2021102918,トータルダイヤ,牡,井手上慎,,ノヴェリスト,000a012230,リーズ,2013103538,ヴィクトワールピサ,2007102923,冨田清誠,谷川牧場,495.0,2009.0,2013.0,2007.0
2021102508,ジョウショータイプ,牝,茂崎正善,,ロゴタイプ,2010103783,サワヤカブラン,2005102404,クロフネ,1998110135,小橋亮太,猿倉牧場,494.5,2010.0,2005.0,1998.0
2021103423,プエルタアスール,牝,川嶋弘吉,,バゴ,2001190004,プリメラアスール,2012102682,スペシャルウィーク,1995103211,アスール,石川栄一,494.4,2001.0,2012.0,1995.0
2021106160,キョウワレイホープ,牝,佐宗応和,,レイデオロ,2014106201,キョウワジャンヌ,2008104415,ハーツクライ,2001103038,浅川昌彦,協和牧場,492.0,2014.0,2008.0,2001.0
2021102094,アナカプリ,牡,坂本昇,,エイシンフラッシュ,2007102951,クリスエスマーチ,2006103083,シンボリクリスエス,1999110099,（有）総武開発,前川義則,492.0,2007.0,2006.0,1999.0
2021103367,エイシンボーテ,牝,東眞市,,タリスマニック,000a013425,エーシンオーレ,2010104650,キングヘイロー,1995104427,平井克彦,山田昇史,491.9,2013.0,2010.0,1995.0
2021106064,ネオゴールド,牡,櫻田康二,,ヘニーヒューズ,000a011155,シルバーキセキ,2007104111,フジキセキ,1992109618,西田俊二,岩見牧場,491.7,2003.0,2007.0,1992.0
2021102168,クライミーアリバー,牝,渡辺博文,,レイデオロ,2014106201,メロディーオブラブ,2014102582,ディープインパクト,2002100816,酒井孝敏,森永牧場,491.6,2014.0,2014.0,2002.0
2021104483,ヴォーグアルタイル,牡,真島大輔,,サトノクラウン,2012104668,キャプテンヴォーグ,2013105697,キャプテントゥーレ,2005102216,志村幸彦,北洋牧場,491.5,2012.0,2013.0,2005.0
2021101403,ブラボーキングダム,牡,藤田輝信,,アニマルキングダム,000a011dad,シルバーメール,2013100340,ネオユニヴァース,2000101426,川田篤,下河辺牧場,491.0,2008.0,2013.0,2000.0
2021100817,プリティキッス,牝,小林俊彦,,ダノンバラード,2008103548,ジャストアキッス,2015103674,エンパイアメーカー,000a010542,千葉貢,大北牧場,490.5,2008.0,2015.0,2000.0
2021104360,エールステステル,牝,沖田明子,,アポロケンタッキー,2012110098,アイスフェアリー,2015104638,ノヴェリスト,000a012230,田村浩二,藤川ファーム,490.1,2012.0,2015.0,2009.0
2021101395,ワオン,牡,武藤善則,,ジャスタウェイ,2009106461,サトノアイビス,2016103071,Bodemeister,000a0124d5,下河辺美智子,下河辺牧場,490.0,2009.0,2016.0,2009.0
2021100407,スターズウィーク,牡,石井勝男,,レイデオロ,2014106201,ラフィエスタ,2008103355,スペシャルウィーク,1995103211,宮田守,本桐牧場,490.0,2014.0,2008.0,1995.0
2021102279,ポークテソーロ,牡,千葉直人,,イスラボニータ,2011103565,ノウ,000a012f8e,Street Cry,000a0103ba,了徳寺健二ホールディングス,リョーケンファーム,489.0,2011.0,2013.0,1998.0
2021101354,ウキヨノユメ,牝,打越勇児,,ベストウォーリア,2010110127,スピーディユウマ,2010104410,ディープインパクト,2002100816,国分純,サンバマウンテンファーム,488.5,2010.0,2010.0,2002.0
2021101302,サンプルメリア,牝,山田徹,,ストロングリターン,2006102934,ティーゲット,2013103413,ゼンノロブロイ,2000101517,平本淳一,ケイズ,488.5,2006.0,2013.0,2000.0
2021105364,ナックジュピター,牝,中川雅之,,ドレフォン,000a013b82,アドマイヤキュート,2009106415,キングカメハメハ,2001103460,小松欣也,ノーザンファーム,486.5,2013.0,2009.0,2001.0
2021101604,マクッテソフィア,牝,伊藤勝好,,タリスマニック,000a013425,トーホウシンバル,2007105671,ステイゴールド,1994108729,冨田清誠,竹島幸治,486.4,2013.0,2007.0,1994.0
2021104697,クロップ,牡,中川竜馬,,マクマホン,000a0143ac,クルーズライナー,000a0139a2,Wild Event,000a0136c5,豊島愛子,エスティファーム,486.2,2014.0,2011.0,1993.0
2021100033,ライーナシェリー,牝,細川忠義,,サトノアレス,2014105493,エイシンダイヤ,2012110013,Galileo,000a00232b,田村浩二,沖田忠幸,486.2,2014.0,2012.0,1998.0
2021109008,ヴァリオ,牡,土屋洋之,,ウインバリアシオン,2008103206,シーズババズディライト,000a010f05,Distorted Humor,000a0022ea,茶谷寧,石田英機,485.0,2008.0,2001.0,1993.0
2021106048,ゼネラルウィン,牡,佐宗応和,,アジアエクスプレス,2011110091,ベルファム,2006104127,ブライアンズタイム,000a000082,（株）レジェンドファ,石田牧場,485.0,2011.0,2006.0,1985.0
2021105915,レガシーオブエリザ,牝,阿井正雄,,スワーヴリチャード,2014106083,ワシントンレガシー,2014106109,クロフネ,1998110135,（有）総武開発,ノーザンファーム,485.0,2014.0,2014.0,1998.0
2021100402,ニシノリピート,牝,冨田敏男,,マインドユアビスケッツ,000a01392e,ニシノラピート,2011103734,サウスヴィグラス,1996110138,冨田藤男,本桐牧場,485.0,2013.0,2011.0,1996.0
2021101824,タイセイキスミー,牝,佐藤茂,,アルアイン,2014106046,タイセイパルフェ,2015103934,ロードカナロア,2008103552,酒井孝敏,ナカノファーム,484.6,2014.0,2015.0,2008.0
2021105336,トーアナタリー,牝,国沢輝幸,,アジアエクスプレス,2011110091,トーアビバリーヒル,2002100325,ダンスインザダーク,1993109188,服部康夫,トーア牧場,484.5,2011.0,2002.0,1993.0
2021102423,ビービーバシリス,牝,別府真司,,アニマルキングダム,000a011dad,ビービーオドラント,2011101135,ステイゴールド,1994108729,坂本孝徳,坂東牧場,484.4,2008.0,2011.0,1994.0
2021100991,トワイライトサーガ,牝,山田徹,,リオンディーズ,2013105915,マイラッキー,2005103338,Elusive Quality,000a00231f,ノルマンディーサラブレッドレーシング,村下明博,483.9,2013.0,2005.0,1993.0
2021104060,ノーブルビーチ,牡,鮫島克也,,ビーチパトロール,000a0141f9,サクラベッシー,2007101017,サクラプレジデント,2000102261,吉木伸彦,谷岡スタット,483.7,2013.0,2007.0,2000.0
2021102569,メイショウヨスガラ,セ,小牧毅,,エイシンヒカリ,2011101273,メイショウセレーノ,2015103360,アイルハヴアナザー,000a011ed3,松本好雄,赤田牧場,483.5,2011.0,2015.0,2009.0
2021106662,ノブノキャット,牡,黒田隆男,,ディスクリートキャット,000a0113a1,クリーペル,2006104764,タイキシャトル,1994109686,ファーストビジョン,ハクツ牧場,483.1,2003.0,2006.0,1994.0
2021106368,テーオーニコラス,セ,諏訪貴正,,パレスマリス,000a014a1a,インヴァリダ,000a01b7e6,Street Cry,000a0103ba,藪上憲二,大栄牧場,483.0,2010.0,2013.0,1998.0
2021105942,ピエールテキサス,牡,玉井昇,,バンドワゴン,2011104010,ピョル,2016104197,ネオヴァンドーム,2007102913,森田一俊,宮井孝典,483.0,2011.0,2016.0,2007.0
2021102121,ウンザーシャイネン,牝,今津博之,,サトノクラウン,2012104668,テレフォトグラフ,2009103061,ハーツクライ,2001103038,中根淳,槇本牧場,483.0,2012.0,2009.0,2001.0
2021107140,テンバイパー,牝,八木仁,,シルバーステート,2013105903,キタサンアカツキ,2012104316,メイショウサムソン,2003102205,馬場剛,ヤマタケ牧場,482.0,2013.0,2012.0,2003.0
2021104388,グレートメモリーズ,牝,加藤幸保,,バトルプラン,000a0118e8,ジェイケイカルミア,2011102500,キングカメハメハ,2001103460,吉川真ノ介,藤吉牧場,482.0,2005.0,2011.0,2001.0
2021103961,ガンジャクィーン,牝,中川雅之,,トゥザワールド,2011103975,ワイルドモーション,2007100408,War Chant,000a00fce0,高尾誠,聖心台牧場,481.5,2011.0,2007.0,1997.0
2021103370,エコロセブン,牡,田嶋弘幸,,アドマイヤムーン,2003102991,タイキノワール,2005102766,グラスワンダー,1995108676,小橋亮太,山田昇史,481.3,2003.0,2005.0,1995.0
2021101920,ユナクレバー,牝,木村健,,アジアエクスプレス,2011110091,トリルビー,2012100351,デュランダル,1999106756,狩野有子,日高大洋牧場,481.0,2011.0,2012.0,1999.0
2021100699,ケンブリッジユウ,牝,田口輝彦,,バゴ,2001190004,ケンブリッジナイス,2010106286,サウスヴィグラス,1996110138,中西宏彰,ケンブリッジバレー,480.9,2001.0,2010.0,1996.0
2021103712,ポッドグラス,牡,渋谷信博,,リオンディーズ,2013105915,イントゥザストーム,2009102925,ディープインパクト,2002100816,石井太郎,グランド牧場,480.5,2013.0,2009.0,2002.0
2021106073,ナンセイキラキラ,牡,米田英世,,ゴールドシップ,2009102739,イリデッセンス,2013105946,ダイワメジャー,2001103114,池田喜吉,大狩部牧場,480.0,2009.0,2013.0,2001.0
2021106018,オーシャンレジーナ,牝,荒井朋弘,,ベストウォーリア,2010110127,セトカ,2015100353,シニスターミニスター,000a011099,中川浩一郎,安達牧場,480.0,2010.0,2015.0,2003.0
2021102318,アスクムービーオン,牡,前川恭子,,ドゥラメンテ,2012104511,ハニートリップ,2014102020,マンハッタンカフェ,1998101554,廣崎利洋ＨＤ,ＡＳＫＳＴＵＤ,480.0,2012.0,2014.0,1998.0
2021109085,ステラヴェルデ,牝,藤田正治,,リオンディーズ,2013105915,アースグリーン,2008110076,Street Cry,000a0103ba,蟹江知彦,恵比寿興業株式会社那須野牧場,479.7,2013.0,2008.0,1998.0
2021103234,コワン,牝,中川竜馬,,サトノクラウン,2012104668,シャインダイアン,2013103763,エンパイアメーカー,000a010542,豊島愛子,三嶋牧場,479.4,2012.0,2013.0,2000.0
2021107025,スカイダンスタイム,牝,宇都英樹,,ビーチパトロール,000a0141f9,イムディーナ,2010106171,スペシャルウィーク,1995103211,細川大輔,村上牧場,479.2,2013.0,2010.0,1995.0
2021104603,テイムキッド,牡,織田誠,,ビーチパトロール,000a0141f9,パンジェンシー,2007102994,フレンチデピュティ,000a00013a,櫨山慶次,小野瀬竜馬,479.0,2013.0,2007.0,1992.0
2021100710,カネトシショウカ,牡,中川雅之,,レッドファルクス,2011104416,カネトシブレス,2013101575,ダノンシャンティ,2007105709,兼松宏樹,高昭牧場,479.0,2011.0,2013.0,2007.0
2021105277,テクノドラゴン,牡,高本友芳,,シュヴァルグラン,2012104759,リリーアメリカ,000a0120ee,American Post,000a011997,梶山高志,社台ファーム,478.6,2012.0,2009.0,2001.0
2021109052,トントンプー,牡,佐藤敏彦,,アルデバランII,000a010541,ナリタメロディ,2011100411,シンボリクリスエス,1999110099,遠藤喜和,野々宮牧場,478.3,1998.0,2011.0,1999.0
2021103929,シントーキリンジ,牡,田中正人,,カレンブラックヒル,2009106230,シントーオイチ,2016100974,サムライハート,2002100996,中野辰三,静内山田牧場,478.0,2009.0,2016.0,2002.0
2021103873,ピヤージュ,牡,土井道隆,,トランセンド,2006104736,ソラトウミノアオ,2013103511,ベーカバド,000a011dc0,西村健作,静内酒井牧場,478.0,2006.0,2013.0,2007.0
2021105176,クリノスピネル,牝,藤ケ崎一,,イスラボニータ,2011103565,ヒムカ,2011104347,ゴールドアリュール,1999106689,新井裕明,社台ファーム,477.8,2011.0,2011.0,1999.0
2021102645,デンタルフロス,牝,諏訪貴正,,ホッコータルマエ,2009100921,デンタルハイジーン,2010102167,プリサイスエンド,000a00fe9b,三宅勝俊,カナイシスタッド,477.5,2009.0,2010.0,1997.0
2021106476,ルッキズム,牝,工藤裕孝,,ワールドエース,2009106353,ルミナスソード,2016110094,Candy Ride,000a01132a,川添裕起,中地広大,477.2,2009.0,2016.0,1999.0
2021104587,ライトスピード,牝,藤ケ崎一,,ダイワメジャー,2001103114,ライトインパリス,000a013e43,Aussie Rules,000a0116bf,酒井孝敏,矢野牧場,477.1,2001.0,2012.0,2003.0
2021106711,アヤメイロ,牝,佐久間雅,,アジアエクスプレス,2011110091,ダイワフェズブルー,2007102860,ネオユニヴァース,2000101426,須田靖之,浜口牧場,476.9,2011.0,2007.0,2000.0
2021100551,オーネットレオ,牡,櫻田康二,,マジェスティックウォリアー,000a011e9c,オーネットサクセス,2010101761,アドマイヤボス,1997103699,醍醐智仁,レースホース牧場,476.7,2005.0,2010.0,1997.0
2021100215,コスモホライズン,牡,小林真治,,ビッグアーサー,2011103328,アースシンボル,2005104290,トウカイテイオー,1988101025,酒井孝敏,城地牧場,476.6,2011.0,2005.0,1988.0
2021103421,メイプルキャプテン,牡,伊藤強一,,アポロケンタッキー,2012110098,ツヴィンガー,2013103871,スクリーンヒーロー,2004103328,節英司,荒谷輝和,476.5,2012.0,2013.0,2004.0
2021102354,エイカイゴールド,牝,及川良春,,ゴールドシップ,2009102739,ジョーダンエース,2015101416,エイシンフラッシュ,2007102951,谷謙介,清水牧場,476.5,2009.0,2015.0,2007.0
2021107142,トラストガーベラ,牝,吉橋淳一,,ヘニーヒューズ,000a011155,ニシノバニーガール,2003103172,ブライアンズタイム,000a000082,菅波雅巳,ヤマタケ牧場,476.0,2003.0,2003.0,1985.0
2021102928,ディアフリーゼ,牝,稲益貴弘,,ダノンレジェンド,2010110102,サトノフリージア,2016104482,ハービンジャー,000a011996,ノルマンディーサラブレッドレーシング,谷口牧場,476.0,2010.0,2016.0,2006.0
2021106390,ダンスケ,牡,北野真弘,,ラブリーデイ,2010104298,シーズオールザット,2015106154,キングズベスト,000a0022d2,節ひかる,大作ステーブル,475.5,2010.0,2015.0,1997.0
2021104628,バウンドトゥウィン,牝,中川竜馬,,フェノーメノ,2009106599,インバウンド,2016104561,ロードカナロア,2008103552,豊島愛子,アスラン,475.1,2009.0,2016.0,2008.0
2021107247,ハバナビーチ,牝,保利良平,,ホッコータルマエ,2009100921,ビーチパーティー,2007102879,ゼンノロブロイ,2000101517,ＹＧＧホースクラブ,奥山牧場,475.0,2009.0,2007.0,2000.0
2021105458,ウォータースケイプ,牡,長南和宏,,ダイワメジャー,2001103114,オープンウォーター,000a018e36,Include,000a010906,シルクレーシング,ノーザンファーム,475.0,2001.0,2009.0,1997.0
2021105012,アクトオブフェイス,牝,新井清重,,サトノアラジン,2011104063,キャーントストップ,2016105294,スクリーンヒーロー,2004103328,吉田照哉,社台ファーム,475.0,2011.0,2016.0,2004.0
2021102225,マウンテンピオニー,牝,森山広大,,グランデッツァ,2009105989,ステキナポケット,2009100599,ジャングルポケット,1998101786,中尾勝,ヤナガワ牧場,475.0,2009.0,2009.0,1998.0
2021102245,キモンキャリントン,牡,岡田利一,,ワールドエース,2009106353,メイショウネイロ,2011106546,ネオユニヴァース,2000101426,山邉浩,ヤナガワ牧場,474.8,2009.0,2011.0,2000.0
2021103104,ムソウ,牝,真島正徳,,パイロ,000a01176a,マイラティーシャ,2015101556,トランセンド,2006104736,西村健,中脇満,474.6,2005.0,2015.0,2006.0
2021103784,シラカワノセキ,牡,宇都英樹,,ゴールドシップ,2009102739,トウホクビジン,2006100953,スマートボーイ,1995100385,今井多満美,サカイファーム,474.1,2009.0,2006.0,1995.0
2021104119,トクシーオーディン,牡,新井清重,,ビッグアーサー,2011103328,セブンスハーモニー,2008100573,シンボリクリスエス,1999110099,井手尾篤志,千代田牧場,474.0,2011.0,2008.0,1999.0
2021103180,フェブラリースカイ,牝,佐々木国,,デクラレーションオブウォー,000a0136f6,マロノヴィーナス,2007103243,タニノギムレット,1999100226,大樹ファーム,ビクトリーホースランチ,474.0,2009.0,2007.0,1999.0
2021107365,ポムヴェルト,牝,川田孝好,,ベストウォーリア,2010110127,キセキノチャンス,2010103402,ゴールドアリュール,1999106689,山中秋桜,今牧場,473.4,2010.0,2010.0,1999.0
2021105825,カズアブディーン,牡,杉山晴紀,,オルフェーヴル,2008102636,ユードントラヴミー,000a013e3d,Teofilo,000a01139e,吉田和美,ノーザンファーム,473.0,2008.0,2009.0,2004.0
2021104493,カズマ,牝,井樋明正,,ヤマカツエース,2012102774,ハルサエクレバ,2012103536,スペシャルウィーク,1995103211,吉田哲,真歌田中牧場,473.0,2012.0,2012.0,1995.0
2021103397,ニカ,牝,尾林幸二,,ネロ,2011103722,ニシノクローバー,2012105623,アドマイヤオーラ,2004102987,中浦努,アフリートファーム,473.0,2011.0,2012.0,2004.0
2021100715,エクステンシヴリー,牡,工藤伸輔,,フサイチセブン,2006101225,グランドサッチャー,2013103249,ダイワメジャー,2001103114,北原大史,高昭牧場,473.0,2006.0,2013.0,2001.0
2021100203,ジミーバローズ,牡,石坂公一,,ドゥラメンテ,2012104511,エヴィータアルゼンティーナ,000a011a47,Candy Ride,000a01132a,猪熊広次,下屋敷牧場,473.0,2012.0,2006.0,1999.0
2021107323,チャーミングビビ,牝,田辺陽一,,モーニン,2012110091,ピジョンオネスト,2013101371,ブライアンズタイム,000a000082,北村和江,レジェンドファーム,472.0,2012.0,2013.0,1985.0
2021100115,テンロ,牝,小久保智,,シゲルカガ,2011103048,シゲルカゼノボン,2012105741,ファンタスティックライト,1996190005,密山根成,グローリーファーム,471.9,2011.0,2012.0,1996.0
2021107210,セイルオンファイア,牝,岩崎真樹,,バゴ,2001190004,キーミー,2017103555,トウケイヘイロー,2009101682,大木義一,坂本智広,471.0,2001.0,2017.0,2009.0
2021107021,ミシェット,牝,山田正実,,ヘニーヒューズ,000a011155,ディリジェンテ,2012104740,ステイゴールド,1994108729,秋元順紀,ムラカミファーム,471.0,2003.0,2012.0,1994.0
2021103683,アスロス,牡,佐藤雅彦,,レイデオロ,2014106201,ステラリード,2007106439,スペシャルウィーク,1995103211,石川諭,木村秀則,470.9,2014.0,2007.0,1995.0
2021107055,コパノアマンダ,牝,井樋一也,,マジェスティックウォリアー,000a011e9c,ハーランズワンダー,2013102083,Awesome Again,000a0021cb,濱村充哉,村田牧場,470.7,2005.0,2013.0,1994.0
2021110086,ヴィダル,牝,寺島良,,Make Believe,000a0141fa,Wonderfully,000a01bdc6,Galileo,000a00232b,吉田和美,Ballylinch Stud,470.0,2012.0,2011.0,1998.0
2021106551,ダイシンネイビー,牡,森澤友貴,,シルバーステート,2013105903,ダイシンステルラ,2015100531,ダイシンオレンジ,2005103381,大八木信行,新冠タガノファーム,470.0,2013.0,2015.0,2005.0
2021103036,ケンスピリタス,牡,坂本昇,,マジェスティックウォリアー,000a011e9c,シリウストウショウ,2004104742,スペシャルウィーク,1995103211,（有）総武開発,ディアレストクラブ,470.0,2005.0,2004.0,1995.0
2021101896,ダイユウファリーナ,牡,松永康利,,ドゥラメンテ,2012104511,ウインドストリーム,2010104556,アグネスタキオン,1998101516,大友靖岐,長谷川牧場,470.0,2012.0,2010.0,1998.0
2021101025,リノラナキラ,牝,谷潔,,ミッキーアイル,2011103916,カスタラナ,000a0117c9,Key of Luck,000a00fd46,松岡雅昭,アイズスタッド,470.0,2011.0,2006.0,1991.0
2021100525,ギフテッドドリーム,牡,松下武士,,キズナ,2010105827,ピュアアイズ,2010101737,ネオユニヴァース,2000101426,鈴木昭和,山際牧場,470.0,2010.0,2010.0,2000.0
2021100121,ザブルース,牝,土田稔,,ビーチパトロール,000a0141f9,パンドラ,2016104719,ハーツクライ,2001103038,酒井孝敏,グローリーファーム,470.0,2013.0,2016.0,2001.0
2021103569,レシプロターボ,牝,後藤正義,,ミッキーロケット,2013106099,ハロウィーン,2001104268,エルコンドルパサー,1995108742,堀井真知子,岡田猛,469.5,2013.0,2001.0,1995.0
2021101544,スマートビアンカ,牝,高岩孝敏,,ヘニーヒューズ,000a011155,スマートアンカー,2013104521,クロフネ,1998110135,北原大史,スマート,469.1,2003.0,2013.0,1998.0
2021102534,マオノブリージー,牝,藤田弘治,,インカンテーション,2010104916,オルビア,2004103993,カリズマティック,000a00fa33,湯浅健司,富田恭司,468.6,2010.0,2004.0,1996.0
2021106998,ニシノレヴィガータ,牝,田中淳司,,ディスクリートキャット,000a0113a1,バラッドローズ,000a0116c4,Sky Mesa,000a010a66,国信泰秀,村上欽哉,468.4,2003.0,2005.0,2000.0
2021106184,ムメ,牝,土井道隆,,イスラボニータ,2011103565,リトルアマポーラ,2005102180,アグネスタキオン,1998101516,酒井孝敏,小泉牧場,468.4,2011.0,2005.0,1998.0
2021103935,ルクスシールズ,牡,松本隆宏,,スマートファルコン,2005100097,スマートアルファ,2013104484,アグネスデジタル,1997110025,（株）ルクス,静内山田牧場,468.0,2005.0,2013.0,1997.0
2021100125,ナツリュウオー,牝,須田和伸,,スズカコーズウェイ,2004104345,リンコリュウオー,2016101140,プリサイスエンド,000a00fe9b,（有）しょうじ,グローリーファーム,468.0,2004.0,2016.0,1997.0
2021101051,ハヤブサアポチャン,牝,茂木浩幸,,アポロソニック,2010110120,アポロノカンザシ,2008110118,Ghostzapper,000a010525,（株）ＭＭＣ,天羽禮治,467.0,2010.0,2008.0,2000.0
2021104827,ピエスダルジャン,牡,有馬澄男,,ハービンジャー,000a011996,アルジャンテ,2013105998,ディープインパクト,2002100816,Ｎ’ｓレーシング,社台コーポレーション白老ファーム,466.0,2006.0,2013.0,2002.0
2021104053,ウマデスガナニカ,牝,伊藤滋規,,ニシケンモノノフ,2011105438,サクラヴィオーラ,2011102144,グラスワンダー,1995108676,内田玄祥,谷岡スタット,466.0,2011.0,2011.0,1995.0
2021102288,メーオーテソーロ,牝,西村守幸,,ダノンバラード,2008103548,ワイルドソース,000a012e2a,Exceed And Excel,000a010a61,組）オールザベスト組,リョーケンファーム,465.8,2008.0,2009.0,2000.0
2021103328,ツキガキレイデスネ,牝,金田一昌,,グレーターロンドン,2012101402,キタノリツメイ,2014103618,アイルハヴアナザー,000a011ed3,（有）ミルファーム,ミルファーム,465.6,2012.0,2014.0,2009.0
2021103409,リックトラジロオー,牡,村上頼章,,トゥザワールド,2011103975,ケイアイカグラ,2006106456,Songandaprayer,000a01069b,山邉浩,荒木貴宏,465.2,2011.0,2006.0,1998.0
2021101925,メリーゴーラウンド,牡,溝橋利喜,,ヘニーヒューズ,000a011155,ホクセツダンス,2008105996,アグネスデジタル,1997110025,組）オールザベスト組,日高大洋牧場,465.2,2003.0,2008.0,1997.0
2021103365,アエノジャッジ,牡,大宮和也,,トビーズコーナー,000a011fed,スマートウェーブ,2006103056,ネオユニヴァース,2000101426,角井紀夫,山口義彦,465.0,2008.0,2006.0,2000.0
2021100874,ハクサンフラッシュ,牝,坂口義幸,,ハクサンムーン,2009102527,アクロスザシャイン,2014105376,タニノギムレット,1999100226,河崎五市,中村雅明,465.0,2009.0,2014.0,1999.0
2021104933,カントゥータ,牝,森山英雄,,リアルスティール,2012104889,レディシャツィ,000a012042,Privately Held,000a011ff9,山邉浩,社台コーポレーション白老ファーム,464.7,2012.0,2005.0,1994.0
2021103775,ミントジュレップ,牝,吉見真幸,,ケープブランコ,000a011b06,セブンシークィーン,2006101515,コロナドズクエスト,000a0000b5,五影隆則,ゴールドアップカンパニー,464.3,2007.0,2006.0,1995.0
2021106564,ハヤブサソンタクン,牡,後藤正義,,モーリス,2011100655,ギンザヴィクトリア,2012100544,ゼンノロブロイ,2000101517,平本淳一,新冠橋本牧場,464.0,2011.0,2012.0,2000.0
2021103016,ルージュルージュ,牝,長谷川忍,,タリスマニック,000a013425,ミスズマンボ,2013104121,スズカマンボ,2001103890,由利一郎,辻牧場,463.7,2013.0,2013.0,2001.0
2021101146,ナナン,牡,碇清次郎,,ネロ,2011103722,スリーシスターズ,2012101529,パイロ,000a01176a,羽地律雄,沖田牧場,463.5,2011.0,2012.0,2005.0
2021100085,カステラ,牝,佐野謙二,,カイロス,2010101100,ワタリラッシュ,2010101296,アドマイヤマックス,1999107004,大崎洋平,加野牧場,463.5,2010.0,2010.0,1999.0
2021101276,ヤマショウカリズマ,牡,堀千亜樹,,ゼンノロブロイ,2000101517,ジュモット,2012101953,ファスリエフ,000a00fc4c,山下勇,クリアファーム,463.0,2000.0,2012.0,1997.0
2021103193,フェスティヴカレン,牝,堀場裕充,,ジャスタウェイ,2009106461,ジェルミナーレ,2013103725,アドマイヤムーン,2003102991,（有）ランドエコノミ,丸幸小林牧場,462.9,2009.0,2013.0,2003.0
2021104377,サブノフクムスメ,牝,水野善太,,ロージズインメイ,000a010a10,サブノハッピー,2012103452,アジュディケーティング,000a000d5d,小橋亮太,藤沢牧場,462.8,2000.0,2012.0,1987.0
2021101109,ビューティビースト,牝,久保勇,,エスケンデレヤ,000a012cc0,ヴェレーナ,2013100369,アルデバランII,000a010541,北原大史,ヴェルサイユファーム,462.8,2007.0,2013.0,1998.0
2021105330,ベストアルカディア,牡,矢野義幸,,ベストウォーリア,2010110127,トーコーメロディ,2011101168,ヤマニンセラフィム,1999104188,阿部憲三,ゼットステーブル,462.0,2010.0,2011.0,1999.0
2021105146,キッドストン,牡,山崎裕也,,スワーヴリチャード,2014106083,ドリーフォンテイン,000a012bbc,Fastnet Rock,000a010601,社台レースホース,社台ファーム,462.0,2014.0,2009.0,2001.0
2021101263,アンセムバローズ,牡,安部幸夫,,ニューイヤーズデイ,000a014589,ブロッサムレーン,000a0127f2,New Approach,000a011656,西村健,クラウン日高牧場,461.7,2011.0,2011.0,2005.0
2021106772,コスモインシスト,牡,東眞市,,ダノンバラード,2008103548,キーパップ,2009106458,フレンチデピュティ,000a00013a,（有）ビッグレッドフ,ビッグレッドファーム,461.0,2008.0,2009.0,1992.0
2021100352,ナナイロライン,牝,別府真司,,レインボーライン,2013106183,ミュール,2010101551,ブライアンズタイム,000a000082,国田正忠,ヒサイファーム,461.0,2013.0,2010.0,1985.0
2021101368,シーザーキック,牡,米川昇,,ストロングリターン,2006102934,トウカイユニバース,2007104672,ダンスインザダーク,1993109188,佐野幸一郎,シグラップファーム,460.4,2006.0,2007.0,1993.0
2021101042,ショウナンマントル,セ,田中道夫,,ドゥラメンテ,2012104511,セシリア,2009102124,アグネスタキオン,1998101516,（同）ＪＰＮ技研,天羽牧場,460.2,2012.0,2009.0,1998.0
2021106691,ファイアスター,牡,工藤伸輔,,ファインニードル,2013100612,ジョリーリュバン,2015104604,ノヴェリスト,000a012230,北原大史,ハシモトファーム,460.0,2013.0,2015.0,2009.0
2021104807,フミバレット,牡,鹿戸雄一,,ブリックスアンドモルタル,000a014377,ロフティーエイム,2002100466,サンデーサイレンス,000a00033a,林文彦,追分ファーム,460.0,2014.0,2002.0,1986.0
2021100974,キタノアマポーラ,牝,工藤伸輔,,シャンハイボビー,000a0127e4,トーホウリリー,2013100521,ネオユニヴァース,2000101426,北所拓也,丸村村下ファーム,460.0,2010.0,2013.0,2000.0
2021101590,マインドザヘルム,牡,佐々木清,,ミッキーロケット,2013106099,テイクザヘルム,2016104428,ノヴェリスト,000a012230,内藤好江,高山牧場,459.5,2013.0,2016.0,2009.0
2021102732,ペプチドアーニャ,牝,川嶋弘吉,,サトノアラジン,2011104063,ペプチドスピカ,2011105688,ヨハネスブルグ,000a0103b9,沼川瀧子,杵臼牧場,459.2,2011.0,2011.0,1999.0
2021107050,ユルバルス,牡,吉井竜一,,ヘニーヒューズ,000a011155,クロワラモー,2007105062,スペシャルウィーク,1995103211,（株）アウレア,村田牧場,459.0,2003.0,2007.0,1995.0
2021106593,ヤマニンブライトン,牡,目迫大輔,,パドトロワ,2007102760,ヤマニンアストレア,2007104725,キングカメハメハ,2001103460,土井久美子,錦岡牧場,459.0,2007.0,2007.0,2001.0
2021104644,アカキチノイレブン,牡,尾林幸二,,タリスマニック,000a013425,コマノスクアーロ,2008100724,ゼンノロブロイ,2000101517,神村雅己,新井牧場,459.0,2013.0,2008.0,2000.0
2021102178,オニバ,牡,藤原智行,,トゥザワールド,2011103975,ビビッドフレイム,2011102286,パイロ,000a01176a,江川伸夫,門別敏朗,459.0,2011.0,2011.0,2005.0
2021104426,ランスオブプライム,牝,奥村豊,,エピファネイア,2010104155,マイティティー,2012103478,エンパイアメーカー,000a010542,五影隆則,フジワラファーム,458.0,2010.0,2012.0,2000.0
2021101897,シャイニーアイドル,牝,藤原智行,,マクフィ,000a011c77,スペシャルリボン,2003102550,スペシャルウィーク,1995103211,小嶋絹子,長谷川牧場,458.0,2007.0,2003.0,1995.0
2021100955,プエルトガレラ,牡,松平幸秀,,ディスクリートキャット,000a0113a1,プエルトプリンセサ,2013103137,キンシャサノキセキ,2003110212,橘勝年,伏木田牧場,458.0,2003.0,2013.0,2003.0
2021105961,ジュビランス,牝,田辺陽一,,ロードカナロア,2008103552,ジョプリン,000a015942,Soldier Hollow,000a0102ff,永見貴昭,レイクヴィラファーム,457.5,2008.0,2014.0,2000.0
2021107207,ロングビーチ,牝,藤原智行,,アメリカンペイトリオット,000a013bba,アラモアナビーチ,2015102572,シニスターミニスター,000a011099,菊地博,幌村牧場,457.4,2013.0,2015.0,2003.0
2021107141,プレイフルネス,牝,三野宮通,,アジアエクスプレス,2011110091,キタサンポケット,2014100863,ジャングルポケット,1998101786,（株）アプエンテ,ヤマタケ牧場,457.4,2011.0,2014.0,1998.0
2021105135,フェイズオブムーン,牝,矢野久美,,パイロ,000a01176a,デザートオブムーン,2011104226,ゼンノロブロイ,2000101517,原久美子,社台ファーム,457.3,2005.0,2011.0,2000.0
2021109066,ハチマンタイ,牡,久保秀男,,ニシケンモノノフ,2011105438,ラヴマリッジ,2005102092,フレンチデピュティ,000a00013a,和田博美,マルシチ牧場,456.3,2011.0,2005.0,1992.0
2021104519,ガラシュ,牡,井樋一也,,パドトロワ,2007102760,アマノブラウニイー,2007102089,サクラバクシンオー,1989108341,泉一郎,前田牧場,456.3,2007.0,2007.0,1989.0
2021103887,コスタドラーダ,牡,新井清重,,Omaha Beach,000a014577,アヴァマローネ,000a01b817,Curlin,000a011734,ＹＧＧホースクラブ,静内ファーム,456.0,2016.0,2016.0,2004.0
2021102942,シンプウハヤテ,牡,小野寺晋,,ニシケンモノノフ,2011105438,ネコハッピー,2012105378,サムライハート,2002100996,神山和之,大道牧場,456.0,2011.0,2012.0,2002.0
2021101473,ベルベットハンマー,牝,井上弘之,,ノヴェリスト,000a012230,ヴェルーテ,2009104517,ディープインパクト,2002100816,豊島愛子,白井牧場,456.0,2009.0,2009.0,2002.0
2021102187,エムティリラ,牝,平山真希,,モーニン,2012110091,エムティティアラ,2015103299,オルフェーヴル,2008102636,,門別牧場,455.9,2012.0,2015.0,2008.0
2021102502,エッグタルト,牝,齊藤敏,,モーニン,2012110091,セカイノカナ,2010101371,キングヘイロー,1995104427,田頭勇貴,様似共栄牧場,455.0,2012.0,2010.0,1995.0
2021100612,セロリ,牝,櫻井今朝,,サトノダイヤモンド,2013106101,シシャモチャン,2006100245,サクラバクシンオー,1989108341,山口謙太郎,大島牧場,454.6,2013.0,2006.0,1989.0
2021100089,エイシンドラーゴ,牡,藤田正治,,エイシンヒカリ,2011101273,エーシンカリーナ,2007106413,アグネスデジタル,1997110025,小橋亮太,木田牧場,454.3,2011.0,2007.0,1997.0
2021100030,ボールドホーク,牡,伊藤強一,,ホークビル,000a01327c,ムーンスピーク,2016110004,アドマイヤムーン,2003102991,（同）ＪＰＮ技研,小河豊水,453.8,2013.0,2016.0,2003.0
2021100928,ドリームライク,牡,碇清次郎,,カリフォルニアクローム,000a012602,ペチカ,2004103191,スウェプトオーヴァーボード,000a00fa34,羽地律雄,ヒダカファーム,453.0,2011.0,2004.0,1997.0
2021100587,ケイリュウオー,牡,月岡健二,,カリフォルニアクローム,000a012602,スプリングフェスタ,2008102881,ゼンノロブロイ,2000101517,越村哲男,梅田牧場,453.0,2011.0,2008.0,2000.0
2021106606,ヤマニントレモロ,牡,真島大輔,,ストロングリターン,2006102934,ヤマニンリップル,2008104793,スペシャルウィーク,1995103211,土井久美子,錦岡牧場,452.0,2006.0,2008.0,1995.0
2021101916,ピンクレディ,牝,保利良平,,デクラレーションオブウォー,000a0136f6,オリジンファースト,000a012fcf,Exceed And Excel,000a010a61,薪浦亨,日高大洋牧場,452.0,2009.0,2010.0,2000.0
2021101909,オーネットオリーブ,牝,上杉昌宏,,トランセンド,2006104736,レースドール,2004102985,クロフネ,1998110135,醍醐伸之,春木ファーム,452.0,2006.0,2004.0,1998.0
2021101586,ポッピンベリー,牝,山田徹,,ホッコータルマエ,2009100921,アプリコットベリー,2012104078,ステイゴールド,1994108729,徳田直樹,高山牧場,451.9,2009.0,2012.0,1994.0
2021103229,ギンザターゲット,牝,井樋一也,,リオンディーズ,2013105915,ギンザボナンザ,2007103127,ゼンノロブロイ,2000101517,酒井蔀,三嶋牧場,451.0,2013.0,2007.0,2000.0
2021101617,クーリッジテソーロ,牡,小久保智,,シルバーステート,2013105903,マイビビアーヌ,2009110103,Shamardal,000a010c92,了徳寺健二ホールディングス,タバタファーム,451.0,2013.0,2009.0,2002.0
2021101806,ハイプボーイ,牡,佐藤敏彦,,サトノアレス,2014105493,デルマハヤブサ,2010103993,ロージズインメイ,000a010a10,小橋亮太,中川欽一,450.5,2014.0,2010.0,2000.0
2021106534,ベートーヴェン,牡,五十嵐冬,,モーニン,2012110091,ブチャコ,2015100940,ホワイトマズル,1990109700,三岡有香,新冠伊藤牧場,450.2,2012.0,2015.0,1990.0
2021104946,チャルドーニ,牝,橘友和,,ロゴタイプ,2010103783,アルデンテ,2016104925,エンパイアメーカー,000a010542,ジャコモ（同）,社台ファーム,450.2,2010.0,2016.0,2000.0
2021103658,レーヴエスポワール,牝,原口次夫,,エスポワールシチー,2005102837,サイレントセンティネル,000a0114af,Silver Hawk,000a0019b4,田中順二,カタオカファーム,450.2,2005.0,2004.0,1979.0
2021107318,イクノオリンピア,牡,佐々木仁,,トゥザワールド,2011103975,ガリシヤヒル,2009106723,アジュディケーティング,000a000d5d,小林篤,レジェンドファーム,450.0,2011.0,2009.0,1987.0
2021105392,オルデラン,牡,寺島良,,アルアイン,2014106046,アーマイン,000a011503,Exchange Rate,000a011433,塚本法生,ノーザンファーム,450.0,2014.0,2003.0,1997.0
2021103101,マケタラアカン,牡,佐々木清,,バゴ,2001190004,バオバブ,2013100534,クロフネ,1998110135,萩原和矢,中脇満,450.0,2001.0,2013.0,1998.0
2021100780,ハクサンソヌス,牝,加藤和宏,,ハクサンムーン,2009102527,サウンドウェーブ,2007102012,シンボリクリスエス,1999110099,河崎五市,鮫川啓一,450.0,2009.0,2007.0,1999.0
2021105930,イチバンボシ,牡,山口浩幸,,ビッグアーサー,2011103328,アワフローラ,2013105175,サムライハート,2002100996,近澤貴敏,橋本牧場,449.7,2011.0,2013.0,2002.0
2021104725,ブエナローズ,牝,廣森久雄,,マクマホン,000a0143ac,トーセンラーク,2012105999,アルデバランＩＩ,000a010541,工藤栄三,エスティファーム,449.4,2014.0,2012.0,1998.0
2021106046,ノーブルカクテル,牝,倉地学,,アルアイン,2014106046,ゴブレット,2013109021,ホワイトマズル,1990109700,吉木伸彦,石田牧場,449.2,2014.0,2013.0,1990.0
2021100619,スウィートシーズン,牝,塚田隆男,,ジャスタウェイ,2009106461,ユーリトミクス,2015104601,キングカメハメハ,2001103460,堀井真知子,大島牧場,449.2,2009.0,2015.0,2001.0
2021103206,テーオーパーソナル,牡,盛本信春,,パイロ,000a01176a,パーソナルビリーフ,2016105153,ヴィクトワールピサ,2007102923,小笹公也,まるとみ冨岡牧場,449.1,2005.0,2016.0,2007.0
2021100371,リュウノアラス,牡,川村守男,,スワーヴリチャード,2014106083,フレンチトウショウ,2009103946,フレンチデピュティ,000a00013a,蓑島竜一,広田牧場,449.1,2014.0,2009.0,1992.0
2021100265,コミックガール,牝,八木正喜,,シルバーステート,2013105903,コイクレナイ,2006105360,タイキシャトル,1994109686,北原大史,築紫洋,449.1,2013.0,2006.0,1994.0
2021106371,シチークール,牝,那俄性哲,,エスポワールシチー,2005102837,クールトップレディ,2008106481,クロフネ,1998110135,西森鶴,大栄牧場,449.0,2005.0,2008.0,1998.0
2021101483,ヘルト,牡,真島元徳,,ブリックスアンドモルタル,000a014377,ヒーラ,2009102525,ディープインパクト,2002100816,平井裕,白井牧場,448.6,2014.0,2009.0,2002.0
2021101697,タウンホール,牝,秋山直之,,ハービンジャー,000a011996,メンデンホール,2013100590,アドマイヤムーン,2003102991,内山登志雄,ダーレー・ジャパン・ファーム,448.0,2006.0,2013.0,2003.0
2021101713,ドラゴンキッド,牡,角田輝也,,レイデオロ,2014106201,アオイスカーレット,2014102676,ディープインパクト,2002100816,新谷正子,チャンピオンズファーム,447.7,2014.0,2014.0,2002.0
2021107258,ストレンジャー,牡,錦見勇夫,,ファインニードル,2013100612,アドルナメンテ,2013105787,ワークフォース,000a011a7f,錦見日出雄,浜本牧場,447.3,2013.0,2013.0,2007.0
2021106038,ブルーリベリュール,牝,蛯名雄太,,モーニン,2012110091,アセットサクラ,2015100060,エスポワールシチー,2005102837,水上美和子,飯島功典,447.0,2012.0,2015.0,2005.0
2021104254,コパノダーバン,牡,森始,,ダノンレジェンド,2010110102,ラブミーダイヤ,2012101294,ダイワメジャー,2001103114,谷野健,西村牧場,447.0,2010.0,2012.0,2001.0
2021101122,ラストフロンティア,牡,村上頼章,,シルバーステート,2013105903,ビクトリーローズ,2012103826,ザール,000a010990,酒井孝敏,ヴェルサイユファーム,446.8,2013.0,2012.0,1995.0
2021103934,スマートヌーメン,牝,藤ケ崎一,,キズナ,2010105827,スマートアクシス,2016110055,Lookin At Lucky,000a0138d4,服部康夫,静内山田牧場,446.7,2010.0,2016.0,2007.0
2021106463,パインピーチ,牝,大山寿文,,ビーチパトロール,000a0141f9,バラブシュカ,2012101175,ブレイクランアウト,2006110007,（株）さくらコーポレ,トモファーム,446.2,2013.0,2012.0,2006.0
2021106747,シングンアーメット,牡,山崎尋美,,ビーチパトロール,000a0141f9,シングンガガ,2013100851,キンシャサノキセキ,2003110212,伊坂重憲,ヒカル牧場,445.5,2013.0,2013.0,2003.0
2021104845,キャンディレイ,牝,三小田幸,,ハービンジャー,000a011996,キャンディケイン,2015104848,ハーツクライ,2001103038,北原大史,社台コーポレーション白老ファーム,445.5,2006.0,2015.0,2001.0
2021104339,スコヴィル,牝,佐々木功,,スマートファルコン,2005100097,マイネチリペッパー,2010103992,ネオユニヴァース,2000101426,大室圭一郎,原弘之,445.5,2005.0,2010.0,2000.0
2021104848,バイユーラン,牝,宮路洋一,,シャンハイボビー,000a0127e4,クイーンマグノリア,2012104157,ゴールドアリュール,1999106689,（同）ＪＰＮ技研,社台コーポレーション白老ファーム,445.0,2010.0,2012.0,1999.0
2021104415,カーラエスメラルダ,牡,荒山勝徳,,イスラボニータ,2011103565,ネフェルメモリー,2006104007,アジュディケーティング,000a000d5d,木谷哲,フジワラファーム,445.0,2011.0,2006.0,1987.0
2021103385,リワードファラオン,牡,村田一誠,,スマートファルコン,2005100097,リワードクリエン,2011106196,ケイムホーム,000a0108d1,宮崎忠比古,リワード,445.0,2005.0,2011.0,1999.0
2021102848,エイシンモシリ,牡,三野宮通,,エーシントップ,2010110058,エイシンブリード,2014101320,ハーツクライ,2001103038,（株）アプエンテ,高村牧場,444.9,2010.0,2014.0,2001.0
2021102683,ニシノウインド,牡,山口浩幸,,リーチザクラウン,2006102923,ソヨカゼII,000a011871,Monsun,000a010db6,冨田藤男,ガーベラパークスタッド,444.0,2006.0,2005.0,1990.0
2021100532,ランウェイクイーン,牝,小沢宏次,,ストロングリターン,2006102934,キタサンモデル,2015101895,キングヘイロー,1995104427,川上和彦,山野牧場,444.0,2006.0,2015.0,1995.0
2021101091,サザンフィールド,牡,山田徹,,シュヴァルグラン,2012104759,ヴィーナスアロー,2014106387,パイロ,000a01176a,原久美子,幾千世牧場,443.5,2012.0,2014.0,2005.0
2021110102,ジーティースピード,牝,矢作芳人,,Into Mischief,000a0125a7,Iotapa,000a01d5c2,Afleet Alex,000a010dc8,田畑利彦,CHC Inc.,443.0,2005.0,2010.0,2002.0
2021100666,ディノポネラ,牝,黒田隆男,,ベルシャザール,2008103004,ミヤビオウカ,2006106583,ジャングルポケット,1998101786,ファーストビジョン,北俣牧夫,442.7,2008.0,2006.0,1998.0
2021106444,グラスフラッグ,牡,久保秀男,,シニスターミニスター,000a011099,グラスベローナ,2016106338,ゼンノロブロイ,2000101517,吉川真ノ介,飛渡牧場,442.5,2003.0,2016.0,2000.0
2021101644,ユウキヒャクバイ,牡,茂木浩幸,,アドマイヤムーン,2003102991,コズミックフレイム,000a0127f3,Doyen,000a010533,（株）ネクストレンド,ダーレー・ジャパン・ファーム,442.0,2003.0,2010.0,2000.0
2021104310,コパノアルベール,牡,茂崎正善,,コパノリッキー,2010106548,コパノディール,2013105028,エンパイアメーカー,000a010542,小林照弘,服部牧場,441.8,2010.0,2013.0,2000.0
2021106726,トドイワウィンド,牝,角川秀樹,,タリスマニック,000a013425,サマーソルスティス,2014104153,サマーバード,2006190002,正木省司,パカパカファーム,441.2,2013.0,2014.0,2006.0
2021101578,カレンアイバーソン,牡,荒木道哉,,シュヴァルグラン,2012104759,カレンママ,2001103296,エンドスウィープ,000a00010f,上村秀一,高柳隆男,440.8,2012.0,2001.0,1991.0
2021107174,ラストスピリッツ,牡,戸部尚実,,ハービンジャー,000a011996,スペシャルフロート,2004103225,スペシャルウィーク,1995103211,遠藤喜和,社台ファーム,440.5,2006.0,2004.0,1995.0
2021106963,グラビティブラスト,牡,嘉藤貴行,,サトノアレス,2014105493,レヴリ,2002107654,ホワイトマズル,1990109700,ビッグレッドファーム,マリオステーブル,440.0,2014.0,2002.0,1990.0
2021105827,フェアアイル,牝,音無秀孝,,ミッキーアイル,2011103916,ライジングクロス,000a011523,Cape Cross,000a0022ae,キャロットファーム,ノーザンファーム,440.0,2011.0,2003.0,1994.0
2021104634,ペッシ,牝,小笠倫弘,,Mendelssohn,000a014f32,フーイズフー,000a01b6db,Harlan's Holiday,000a010cdf,前田葉子,アスラン,440.0,2015.0,2014.0,1999.0
2021103955,キャッスルハート,牝,渋谷信博,,スマートファルコン,2005100097,キャッスルスピカ,2006106471,タイキブリザード,1991109979,城市公,城市公,440.0,2005.0,2006.0,1991.0
2021103826,ビターメサイア,牝,坂口智康,,キズナ,2010105827,ビタースウィート,2007100337,Afleet Alex,000a010dc8,ヒダカ・ブリーダーズ・ユニオン,桜井牧場,440.0,2010.0,2007.0,2002.0
2021103031,モカラルビー,牝,笹野博司,,サトノダイヤモンド,2013106101,クロコスミア,2013102955,ステイゴールド,1994108729,高樽秀夫,ディアレストクラブ,440.0,2013.0,2013.0,1994.0
2021100530,ランプシーアステル,牝,三野宮通,,ホッコータルマエ,2009100921,アウレオーラ,2010104425,ダイワメジャー,2001103114,星加浩一,山野牧場,440.0,2009.0,2010.0,2001.0
2021106260,インフォーカス,牡,那俄性哲,,コパノリチャード,2010106552,イーストイン,2013101502,ファスリエフ,000a00fc4c,岩田雅之,サンローゼン,439.5,2010.0,2013.0,1997.0
2021104647,ショーシャンク,牡,吉井竜一,,リオンディーズ,2013105915,サワヤカムスメ,2012103766,ネオユニヴァース,2000101426,アローネットサービス,新井牧場,439.5,2013.0,2012.0,2000.0
2021101812,コヨミ,牝,川西毅,,モーニン,2012110091,エールドランジュ,2010100805,メイショウボーラー,2001100650,佐伯健,中館牧場,439.5,2012.0,2010.0,2001.0
2021100291,パシュミナ,牝,中西達也,,マジェスティックウォリアー,000a011e9c,アワーグラス,2009105032,アグネスタキオン,1998101516,前田幸貴,土居牧場,439.2,2005.0,2009.0,1998.0
2021107231,ブレイブハート,牡,林正人,,サンダースノー,000a013a06,タイクローサ,2001107561,フォーティナイナー,000a000134,（有）内田ステーブル,メイタイファーム,439.0,2014.0,2001.0,1985.0
2021100498,エイシンドップラー,牡,鋤田誠二,,エーシントップ,2010110058,エイシンイジゲン,2013103277,マンハッタンカフェ,1998101554,山口正行,元茂修一,438.3,2010.0,2013.0,1998.0
2021101850,フークレゼルヴ,牝,藤川純,,バトルプラン,000a0118e8,リコーレイス,2009101355,カコイーシーズ,1986109001,福岡隆史,西野春樹,438.2,2005.0,2009.0,1986.0
2021103685,レモンシフォン,牝,尾関知人,,ホッコータルマエ,2009100921,ゼロカラノキセキ,2013104098,キンシャサノキセキ,2003110212,広尾レース,木村秀則,438.0,2009.0,2013.0,2003.0
2021101367,マメゾウドリーム,牝,加藤誠一,,トゥザワールド,2011103975,オンリゲットベター,2014105553,ヴィクトワールピサ,2007102923,久保直樹,シグラップファーム,438.0,2011.0,2014.0,2007.0
2021100023,カノンウッドテール,牝,雑賀正光,,ドゥラメンテ,2012104511,パワーフレーズ,2014100973,クロフネ,1998110135,梶正典,上村清志,438.0,2012.0,2014.0,1998.0
2021106381,スパークロス,牡,尾林幸二,,シルバーステート,2013105903,ラヴァーズタイム,2011104885,ブライアンズタイム,000a000082,田中順二,大栄牧場,437.8,2013.0,2011.0,1985.0
2021101668,アンリトゥンルール,牡,田中譲二,,ハービンジャー,000a011996,チャリティークエスト,000a0116f0,コロナドズクエスト,000a0000b5,西岡透,ダーレー・ジャパン・ファーム,437.5,2006.0,2004.0,1995.0
2021100771,タツノアンビシャス,牡,山中尊徳,,モーニン,2012110091,ララミニョンヌ,2011103337,プリサイスエンド,000a00fe9b,三河辰已,斉藤政志,437.5,2012.0,2011.0,1997.0
2021104758,ステイフレンズ,牝,錦見勇夫,,マインドユアビスケッツ,000a01392e,サンレガーロ,2008102588,ディープインパクト,2002100816,遠藤喜和,追分ファーム,437.4,2013.0,2008.0,2002.0
2021103568,ネバーシュリンク,牝,室井眞文,,アポロケンタッキー,2012110098,ネバーグレイス,2005100156,スキャターザゴールド,000a000d99,清水隆雄,岡田猛,436.5,2012.0,2005.0,1997.0
2021102116,アスフォデロース,牝,宗形竹見,,ホークビル,000a01327c,エターナルモール,2015100684,エスポワールシチー,2005102837,（有）槇本牧場,槇本牧場,436.0,2013.0,2015.0,2005.0
2021100293,ホーハイト,牡,鮫島克也,,バゴ,2001190004,アンドレルノートル,2003100640,サンデーサイレンス,000a00033a,前田幸貴,土居牧場,436.0,2001.0,2003.0,1986.0
2021100934,ダイゴホマレリュウ,牡,山田質,,デクラレーションオブウォー,000a0136f6,ラブリースター,2009101283,サウスヴィグラス,1996110138,会田裕一,ヒダカファーム,435.9,2009.0,2009.0,1996.0
2021107006,ラヴォタ,牡,長谷川剛,,ワールドエース,2009106353,ラヴォコ,2012100845,カネヒキリ,2002100978,竹内美鈴,村上欽哉,435.0,2009.0,2012.0,2002.0
2021106019,キルケロッソ,牝,山崎裕也,,ビッグアーサー,2011103328,ツルマルアイ,2004106030,タイキシャトル,1994109686,犬飼優,安達牧場,435.0,2011.0,2004.0,1994.0
2021104312,イパネマフレイバー,牝,月岡健二,,シニスターミニスター,000a011099,スズカエルマンボ,2005100297,シンボリクリスエス,1999110099,尾田信夫,服部牧場,435.0,2003.0,2005.0,1999.0
2021105091,タイプフェイス,牝,水野貴史,,ドレフォン,000a013b82,ステレオグラム,2014105540,ローエングリン,1999106738,徳田直樹,社台ファーム,434.3,2013.0,2014.0,1999.0
2021104113,ワイルドブーケ,牝,佐藤敏彦,,ワールドエース,2009106353,シャンパントパーズ,2010102984,ワイルドラッシュ,000a0003a1,小橋亮太,千代田牧場,434.0,2009.0,2010.0,1994.0
2021107054,ガラクシア,牝,桧森邦夫,,ディープブリランテ,2009105084,ハーランズルビー,000a012062,Harlan's Holiday,000a010cdf,村田繁實,村田牧場,433.8,2009.0,2008.0,1999.0
2021103251,フォートポータル,セ,粕谷昌央,,リアルスティール,2012104889,パールオブアフリカ,000a01390a,Jeremy,000a012af9,ヒダカ・ブリーダーズ・ユニオン,三嶋牧場,433.8,2012.0,2010.0,2003.0
2021100925,ヤモリアツマレ,牡,錦見勇夫,,ミッキーグローリー,2013103999,ハナオウギ,2015110095,Super Saver,000a012d51,野田雅昭,ヒダカファーム,433.8,2013.0,2015.0,2007.0
2021105617,フライツァイト,牝,国沢輝幸,,エピファネイア,2010104155,スマイルミーティア,2012104633,チチカステナンゴ,000a011135,山本浩太郎,ノーザンファーム,433.5,2010.0,2012.0,1998.0
2021105020,クリアアレグレ,牡,的場直之,,クリエイターII,000a013630,グッバイガール,2016101929,カネヒキリ,2002100978,吉田照哉,社台ファーム,433.0,2013.0,2016.0,2002.0
2021104329,ビギンザビギン,牝,松浦裕之,,ヘンリーバローズ,2015104813,レディセラヴィ,2004105725,アグネスタキオン,1998101516,服部健太郎,服部牧場,433.0,2015.0,2004.0,1998.0
2021103966,リナリア,牝,阿井正雄,,アメリカンペイトリオット,000a013bba,サウンドアドバイス,2010102851,アグネスタキオン,1998101516,（有）総武開発,タイヘイ牧場,433.0,2013.0,2010.0,1998.0
2021101983,デルマルドラ,牡,坂本昇,,レッドファルクス,2011104416,デルマアマノジャク,2010100969,オンファイア,2003102809,浅沼廣幸,ファニーヒルファーム,432.5,2011.0,2010.0,2003.0
2021105342,アースメロディ,牝,箕輪武,,ベストウォーリア,2010110127,ヒカルマイヒメ,2007103198,アグネスタキオン,1998101516,松山増男,習志野牧場,431.5,2010.0,2007.0,1998.0
2021106792,コスモカノア,牝,川添明弘,,ゴールドシップ,2009102739,スウィートレイラニ,2011103776,ディープインパクト,2002100816,泉一郎,ビッグレッドファーム,431.4,2009.0,2011.0,2002.0
2021101591,ファーマシャイン,牝,村上正和,,シュヴァルグラン,2012104759,ファーマフローラ,2015101533,スクリーンヒーロー,2004103328,中西功,高山牧場,431.3,2012.0,2015.0,2004.0
2021104706,アイザック,牡,山中尊徳,,ヴァンキッシュラン,2013105718,ダンカンズビー,2014105387,Shamardal,000a010c92,篠原徹,エスティファーム,431.0,2013.0,2014.0,2002.0
2021100975,サンヨウラフェスタ,牝,田嶋弘幸,,ラニ,2013110045,ベルヴィンカ,2016104738,ベルシャザール,2008103004,上野孝展,丸村村下ファーム,430.8,2013.0,2016.0,2008.0
2021103963,エイシンローテイト,牡,森山英雄,,リアルインパクト,2008103244,エーシンコンファー,2005110022,Dynaformer,000a001dd9,山邉浩,曾我博,430.7,2008.0,2005.0,1985.0
2021105216,シーメジャー,牝,新井清重,,ジャスタウェイ,2009106461,プライマリーコード,2011103773,クロフネ,1998110135,福原聡,社台ファーム,430.5,2009.0,2011.0,1998.0
2021100059,ヴィーゲイツ,牝,秋田大助,,ヘンリーバローズ,2015104813,ブリーズヴェール,2012102312,バゴ,2001190004,三岡有香,小野秀治,430.5,2015.0,2012.0,2001.0
2021107076,コネクトハーツ,牡,鷹見浩,,パイロ,000a01176a,ツカサリボン,2008103463,キングカメハメハ,2001103460,井上久光,メイタイファーム,430.0,2005.0,2008.0,2001.0
2021104597,ユウトザキンパツ,牡,山田徹,,トゥザワールド,2011103975,サクラシンフォニー,2005100523,ワイルドラッシュ,000a0003a1,鈴木紋菜,山田牧場,430.0,2011.0,2005.0,1994.0
2021104253,シノブデスティーノ,牝,久保勇,,エピカリス,2014103121,ライムライトII,000a011a99,Dalakhani,000a01098f,小橋亮太,西村牧場,430.0,2014.0,2005.0,2000.0
2021102545,オーシンピーチ,牝,小久保智,,ダノンバラード,2008103548,トップジョーンズ,2017103753,アイルハヴアナザー,000a011ed3,大田慎治,中脇一幸,430.0,2008.0,2017.0,2009.0
2021106425,ムーンウォーク,牡,森山英雄,,アドマイヤムーン,2003102991,リオファンク,2014100434,トランセンド,2006104736,山邉浩,対馬正,429.6,2003.0,2014.0,2006.0
2021101401,ボワエトワール,牝,川嶋弘吉,,リオンディーズ,2013105915,シャンパンフルート,2005103150,クロフネ,1998110135,冨田清誠,下河辺牧場,429.3,2013.0,2005.0,1998.0
2021100967,ピースラピッド,牡,櫻田康二,,レッドファルクス,2011104416,イーサンコヒバリ,2013103151,シンボリクリスエス,1999110099,中平和宏,丸村村下ファーム,429.0,2011.0,2013.0,1999.0
2021100644,インターシア,牡,黒木豊,,ワールドエース,2009106353,シャルマンスタイル,2006100281,タイキシャトル,1994109686,関昭一,笠松牧場,429.0,2009.0,2006.0,1994.0
2021110066,ララモンストル,牡,中川竜馬,,Mitole,000a01b998,Speightstastic,000a01d292,Speightstown,000a011200,豊島愛子,Cove Springs LLC,428.2,2015.0,2013.0,1998.0
2021110070,アタラヨ,牝,松永幹夫,,Justify,000a013f2d,マジックファウンテン,000a01bead,War Front,000a011d00,前田幸大,North Hills Co. Limited,428.0,2015.0,2016.0,2002.0
2021105903,デンティベス,牡,田村康仁,,モーリス,2011100655,ロゼリーナ,2013106191,キングカメハメハ,2001103460,シルクレーシング,ノーザンファーム,428.0,2011.0,2013.0,2001.0
2021102948,リーダーズカノン,牝,高岩孝敏,,トビーズコーナー,000a011fed,メヌエットシチー,2005106787,サクラバクシンオー,1989108341,遠藤喜和,大道牧場,428.0,2008.0,2005.0,1989.0
2021104407,タマモブリリオ,牡,玉垣光章,,デクラレーションオブウォー,000a0136f6,タマモブリリアン,2013104320,ダンスインザダーク,1993109188,タマモ（株）,フジワラファーム,427.0,2009.0,2013.0,1993.0
2021102674,ジョーソーレ,牝,小野寺晋,,エスポワールシチー,2005102837,ジュリエッタ,2012105183,エンパイアメーカー,000a010542,大塚謹吾,川越ファーム,427.0,2005.0,2012.0,2000.0
2021100544,テリオスボス,牡,佐々木功,,タリスマニック,000a013425,モモイロアゲハ,2010106387,ダンスインザダーク,1993109188,（同）ＪＰＮ技研,米田牧場,426.7,2013.0,2010.0,1993.0
2021103266,スノークローバー,牡,加藤和宏,,サンダースノー,000a013a06,メイショウクローバ,2011106081,メイショウサムソン,2003102205,伊藤恵介,三嶋牧場,426.5,2014.0,2011.0,2003.0
2021101868,パラダイスリズム,牝,橘友和,,アドミラブル,2014105979,ピンクトルマリン,2006110137,Fusaichi Pegasus,000a0022cf,堀口晴男,日西牧場,426.4,2014.0,2006.0,1997.0
2021100051,グルタチオンシード,牡,鋤田誠二,,ヴァンセンヌ,2009106525,アデリナ,2016101085,エイシンフラッシュ,2007102951,吉山賢一,沖田博志,426.4,2009.0,2016.0,2007.0
2021102126,バエル,牝,飯田弘道,,ホークビル,000a01327c,リシャールサーバー,2011100918,フサイチリシャール,2003102955,Ｉレーシング（株）,槇本牧場,426.3,2013.0,2011.0,2003.0
2021102082,ルクスリーベン,牝,平山真希,,ブラックタイド,2001103312,スマートカペラ,2014104860,ヨハネスブルグ,000a0103b9,シグラップ・マネジメ,本間牧場,426.3,2001.0,2014.0,1999.0
2021106947,ビービーダイゴ,牡,川西毅,,アジアエクスプレス,2011110091,ハギノウィッシュ,2009106057,アグネスタキオン,1998101516,坂東勝彦,松本信行,425.3,2011.0,2009.0,1998.0
2021110043,カポデテュティカピ,牡,那俄性哲,,Frankel,000a01239b,ファハンムーラ,000a01c732,English Channel,000a011c20,上岡和男,Paca Paca Farm,425.0,2008.0,2014.0,2002.0
2021100675,アルマーレシチー,セ,上原博之,,ロジャーバローズ,2016106065,アルポルト,2016104742,ルーラーシップ,2007103143,友駿ホースクラブ,桑田牧場,425.0,2016.0,2016.0,2007.0
2021100146,セントオブシン,牝,打越勇児,,ドゥラメンテ,2012104511,シンメイフジ,2007103593,フジキセキ,1992109618,中村智幸,ケイアイファーム,425.0,2012.0,2007.0,1992.0
2021105981,ヘヴンズクライ,牡,藤原智行,,ハーツクライ,2001103038,メジロツボネ,2008102538,スウェプトオーヴァーボード,000a00fa34,工藤友樹,レイクヴィラファーム,424.0,2001.0,2008.0,1997.0
2021103643,オイデメセ,牝,植松則幸,,ゴールドアクター,2011105266,キタサンスズラン,2007100174,アルカセット,2000190010,伊藤雅康,カタオカステーブル,424.0,2011.0,2007.0,2000.0
2021100563,チーフルガール,牝,岩崎真樹,,フサイチセブン,2006101225,ファルコンレイナ,2015102851,ロードカナロア,2008103552,梅ケ枝容晃,秋場牧場,423.5,2006.0,2015.0,2008.0
2021105016,アドベントクラウン,牡,澤佳宏,,ラブリーデイ,2010104298,クリスマスキャロル,2007102758,アグネスタキオン,1998101516,ハヤシテラソスルイス,社台ファーム,423.0,2010.0,2007.0,1998.0
2021104134,ジーズデイズ,牝,平和人,,ディープブリランテ,2009105084,ハヴアグッドデイ,2010102986,シンボリクリスエス,1999110099,小橋亮太,千代田牧場,423.0,2009.0,2010.0,1999.0
2021101736,スタンドアップ,牡,山下貴之,,ルーラーシップ,2007103143,ソフトライム,2010103668,フジキセキ,1992109618,ニッシンホールディングス,チャンピオンズファーム,423.0,2007.0,2010.0,1992.0
2021103849,ベーリングキララ,牝,朝倉実,,サトノダイヤモンド,2013106101,ベーリングメファ,2012102958,スニッツェル,000a010eaa,手嶋康雄,佐竹学,422.5,2013.0,2012.0,2002.0
2021102182,サプライズワンワン,牡,嬉勝則,,アメリカンペイトリオット,000a013bba,アイランドクイーン,2015104636,ネオユニヴァース,2000101426,伊勢光,門別牧場,422.0,2013.0,2015.0,2000.0
2021106938,ソウルプラウド,牡,中川雅之,,ディープブリランテ,2009105084,ヴァルキリー,2014100799,ダンスインザダーク,1993109188,岩崎僖澄,松木加代,421.9,2009.0,2014.0,1993.0
2021105818,フォンローザ,牝,田辺陽一,,ドレフォン,000a013b82,モスカートローザ,2008103387,ディープインパクト,2002100816,三河辰已,ノーザンファーム,421.6,2013.0,2008.0,2002.0
2021104696,イエローベル,牝,小久保智,,ヴァンキッシュラン,2013105718,ガールズトーク,2008102745,ステイゴールド,1994108729,島川隆哉,エスティファーム,421.1,2013.0,2008.0,1994.0
2021100473,スカイレイ,セ,角田輝也,,ベストウォーリア,2010110127,スカイウォリアー,2011101551,テレグノシス,1999106851,（株）京都ホースレー,三石ファーム,420.6,2010.0,2011.0,1999.0
2021106271,ハクアイボビー,牡,中道啓二,,シャンハイボビー,000a0127e4,エピックフィリー,2013101222,アグネスデジタル,1997110025,アシスト・ハクユウ不,シンカンファーム,420.0,2010.0,2013.0,1997.0
2021105996,メイジョウビーナス,牝,酒井一則,,トゥザワールド,2011103975,エレガントビーナス,2013106475,ダノンシャンティ,2007105709,蟹江知彦,浅川牧場,420.0,2011.0,2013.0,2007.0
2021105074,モヴレクス,牡,金成貴史,,ブリックスアンドモルタル,000a014377,ジャドール,2004103128,フジキセキ,1992109618,Ｇリビエール・レーシング,社台ファーム,420.0,2014.0,2004.0,1992.0
2021104491,エクセルブラック,牡,入口由美,,カレンブラックヒル,2009106230,エリーフェアリー,2011105975,アルデバランII,000a010541,谷川正純,真歌田中牧場,420.0,2009.0,2011.0,1998.0
2021103128,テルケンレンジョイ,牡,今津博之,,アニマルキングダム,000a011dad,アイハヴアジョイ,2014106349,アイルハヴアナザー,000a011ed3,桑田照夫,日本中央競馬会日高育成牧場,420.0,2008.0,2014.0,2009.0
2021100264,ビーストロング,牡,的場直之,,ベストウォーリア,2010110127,ケイアイリブラ,2010101689,アグネスデジタル,1997110025,（有）内田ステーブル,築紫洋,420.0,2010.0,2010.0,1997.0
2021106669,エールクイーン,牝,中塚猛,,アルアイン,2014106046,ポポチャン,2005105412,トウカイテイオー,1988101025,田畑富子,ハクツ牧場,419.1,2014.0,2005.0,1988.0
2021106883,オトメノネガイ,牝,田島寿一,,エスポワールシチー,2005102837,アムールリアン,2014100768,ファスリエフ,000a00fc4c,組）ゴッテスフルス,北星村田牧場,419.0,2005.0,2014.0,1997.0
2021102422,ビービーピケット,牝,戸部尚実,,レッドファルクス,2011104416,ビービーアングラー,2014101552,ヴィクトワールピサ,2007102923,高橋政彦,坂東牧場,418.8,2011.0,2014.0,2007.0
2021106715,ポカポカタイム,牝,井樋明正,,エイシンフラッシュ,2007102951,コハルタイム,2004107037,キャプテンスティーヴ,000a000d9d,吉田哲,林博道,418.3,2007.0,2004.0,1997.0
2021106729,シームレス,牝,岡田利一,,ファインニードル,2013100612,スウィートアンドフローレス,000a0120d6,Unbridled's Song,000a002071,山邉浩,パカパカファーム,418.0,2013.0,2006.0,1993.0
2021103895,ショウナンハルク,牡,栗田徹,,キズナ,2010105827,ショウナンアイ,2012110081,Northern Afleet,000a010a96,国本哲秀,静内ファーム,418.0,2010.0,2012.0,1993.0
2021103791,デイジーキング,牡,大宮和也,,バゴ,2001190004,サクラキューティ,2003104897,サクラローレル,1991103498,ホンベホールディング,坂本健一,418.0,2001.0,2003.0,1991.0
2021102970,サユリバナ,牝,小国博行,,ドゥラメンテ,2012104511,オリエンタルリリー,2010104157,ダイワメジャー,2001103114,（株）ＭＭＣ,辻牧場,418.0,2012.0,2010.0,2001.0
2021102632,ウインキャロライン,牝,笹野博司,,イスラボニータ,2011103565,マルモセーラ,2008101301,クロフネ,1998110135,（株）ウイン,オカモトファーム,418.0,2011.0,2008.0,1998.0
2021103011,ブレイクショット,牝,鮫島克也,,デクラレーションオブウォー,000a0136f6,ブレイクマイハート,2013100440,ディープインパクト,2002100816,蔀英二,辻牧場,417.6,2009.0,2013.0,2002.0
2021106721,タイセイタリスマン,牡,山田信大,,タリスマニック,000a013425,オフェーリアシチー,2011106312,アドマイヤコジーン,1996106512,田中成奉,パカパカファーム,417.5,2013.0,2011.0,1996.0
2021101480,ナリタセレーノ,牝,黒田隆男,,サンダースノー,000a013a06,ナリタスカイ,2009102519,ディープインパクト,2002100816,（株）さくらコーポレ,白井牧場,417.5,2014.0,2009.0,2002.0
2021105925,ウルラニ,牡,小野望,,ラニ,2013110045,フィールザラブ,2009105592,デュランダル,1999106756,福原聡,平岡牧場,417.4,2013.0,2009.0,1999.0
2021106266,ミッドナイトベルン,牝,小国博行,,トランセンド,2006104736,オオカリベクイン,2010105541,フサイチレオン,2004102901,四本昭弘,渋谷牧場,417.1,2006.0,2010.0,2004.0
2021101345,ベルルート,牡,小林真治,,レインボーライン,2013106183,エレガントソング,2012104892,シンボリクリスエス,1999110099,井上久光,サンバマウンテンファーム,417.0,2013.0,2012.0,1999.0
2021103893,スワルナパクシャ,牝,真島正徳,,キズナ,2010105827,サブトゥエンティ,2012104887,キングカメハメハ,2001103460,西村健,静内ファーム,416.9,2010.0,2012.0,2001.0
2021105053,キープインマインド,牡,胡本友晴,,マインドユアビスケッツ,000a01392e,サンテミリオン,2007102958,ゼンノロブロイ,2000101517,ファーストビジョン,社台ファーム,416.5,2013.0,2007.0,2000.0
2021106420,タマモジャケット,牡,宮川浩一,,マクフィ,000a011c77,タマモイヤリング,2012101462,ブラックタイド,2001103312,藤井孝治,対馬正,416.0,2007.0,2012.0,2001.0
2021105495,ブリックバーン,セ,西山裕貴,,ブリックスアンドモルタル,000a014377,クィーンズバーン,2008103175,スペシャルウィーク,1995103211,プレディクトレーシング,ノーザンファーム,416.0,2014.0,2008.0,1995.0
2021104681,デュアルアップ,牝,高橋文雅,,リアルスティール,2012104889,マッテンタルト,2012103795,キングカメハメハ,2001103460,ヒダカ・ブリーダーズ・ユニオン,上水牧場,416.0,2012.0,2012.0,2001.0
2021100280,ラスク,牝,中村直也,,ドゥラメンテ,2012104511,リュシオル,2006103365,クロフネ,1998110135,土田重実,土田農場,416.0,2012.0,2006.0,1998.0
2021102540,ナムラダリル,牡,伊藤強一,,メイショウボーラー,2001100650,ナムラカメーリア,2008106123,ネオユニヴァース,2000101426,（同）ＪＰＮ技研,中尾由香,415.7,2001.0,2008.0,2000.0
2021104349,ケンタッキーダンス,牝,松島壽,,アポロケンタッキー,2012110098,フジエンジェル,2013105723,ダンスインザダーク,1993109188,高野良美,原ファーム,415.4,2012.0,2013.0,1993.0
2021101244,プリンセスナイト,牝,藤川純,,ビーチパトロール,000a0141f9,リボンティアラ,2013100217,アドマイヤムーン,2003102991,Ｉレーシング（株）,木村牧場,415.4,2013.0,2013.0,2003.0
2021105297,マースフルガール,牝,杉浦宏昭,,ダイワメジャー,2001103114,レディトゥプリーズ,000a011167,More Than Ready,000a00fcdd,社台レースホース,社台ファーム,415.0,2001.0,2003.0,1997.0
2021103310,ファンタフェスタ,牝,平山真希,,バゴ,2001190004,ドンナビアンカ,2015103399,ゴールドアリュール,1999106689,北原摩留,宮内牧場,415.0,2001.0,2015.0,1999.0
2021103179,タイキレヴィン,牡,武井和実,,ビッグアーサー,2011103328,フロレンティナ,2009106503,クロフネ,1998110135,山邉浩,ビクトリーホースランチ,415.0,2011.0,2009.0,1998.0
2021101966,ピンクマーベル,牝,西村守幸,,モーニン,2012110091,オースミイヒラニ,2012101839,ハーツクライ,2001103038,広富牧場,Ｂ．Ｃ．Ｓ．,415.0,2012.0,2012.0,2001.0
2021100028,ネオエトワール,牝,遠藤茂,,ワールドエース,2009106353,ステラグレイス,2012102685,クロフネ,1998110135,豊島愛子,小河豊水,415.0,2009.0,2012.0,1998.0
2021105046,リプレット,牝,竹下太,,ブリックスアンドモルタル,000a014377,サザナミ,2012104208,ディープインパクト,2002100816,（有）総武開発,社台ファーム,414.6,2014.0,2012.0,2002.0
2021101198,ピクシースカイ,牝,別府真司,,ディープブリランテ,2009105084,ミチル,2014102186,ストリートセンス,000a0113a2,迎徹,カロッテファーム,414.5,2009.0,2014.0,2004.0
2021100618,シュトーレン,牝,川島豊,,ロジャーバローズ,2016106065,ミスシューケット,2014103724,ルーラーシップ,2007103143,伊勢光,大島牧場,414.5,2016.0,2014.0,2007.0
2021103783,ミスレイヴバンプ,牝,繁田健一,,コパノリッキー,2010106548,ダイワデリカシー,2001104239,バブルガムフェロー,1993109219,（株）バスター,サカイファーム,414.0,2010.0,2001.0,1993.0
2021101956,イロンデル,牡,高橋清顕,,ビッグアーサー,2011103328,フラゴリーネ,2009106150,ディープインパクト,2002100816,今中俊平,広富牧場,414.0,2011.0,2009.0,2002.0
2021101274,ブエイ,牡,國澤利照,,ベストウォーリア,2010110127,ウインレーヌ,2011100188,キングカメハメハ,2001103460,小橋亮太,クリアファーム,413.2,2010.0,2011.0,2001.0
2021107375,リッチーシャーチ,牝,竹下太,,モーニン,2012110091,トーセンユーモア,2007103698,グラスワンダー,1995108676,城之内勝己,前田ファーム,413.0,2012.0,2007.0,1995.0
2021105590,ジュンプラチナ,牡,荒山勝徳,,エピファネイア,2010104155,ジュンテオドーラ,2014105817,ディープインパクト,2002100816,河合純二,ノーザンファーム,413.0,2010.0,2014.0,2002.0
2021105076,エンツォ,牡,山下貴之,,ニューイヤーズデイ,000a014589,ジュエルオブナイル,2007102985,デュランダル,1999106756,小山大介,社台ファーム,413.0,2011.0,2007.0,1999.0
2021102760,テンダーデイズ,牝,笹田和秀,,サトノクラウン,2012104668,ウィアーワン,2011105948,アドマイヤジャパン,2002102324,京都ホースレーシング,グランデファーム,413.0,2012.0,2011.0,2002.0
2021100807,マルヨファーザ,牝,柴田高志,,フリオーソ,2004106867,マルヨカルボマキ,2012104956,ゴールドアリュール,1999106689,武仲勝,鈴木武蔵,413.0,2004.0,2012.0,1999.0
2021103366,エイシンロッキー,牡,真島正徳,,ジョーカプチーノ,2006100529,エーシンエムディー,2009100231,キングカメハメハ,2001103460,梅ケ枝容晃,山田昇史,412.7,2006.0,2009.0,2001.0
2021100273,テイエムボビーダン,牡,平山宏秀,,シャンハイボビー,000a0127e4,エルクイーン,2010101452,Tiznow,000a00fa4b,竹園正繼,土田農場,412.0,2010.0,2010.0,1997.0
2021100718,テキーラワルツ,牝,千葉津代,,アジアエクスプレス,2011110091,ジューンワルツ,2016102401,ハービンジャー,000a011996,上山泰憲,高昭牧場,411.8,2011.0,2016.0,2006.0
2021103491,ウワサノルイ,牡,荒巻透,,スノードラゴン,2008104268,キネオソレイユ,2011100356,ネオユニヴァース,2000101426,インターフェース（同,岡田スタッド,411.4,2008.0,2011.0,2000.0
2021100602,モーニングスカイ,牝,塚田隆男,,ダノンレジェンド,2010110102,ゴールドマーチ,2014103027,タイムパラドックス,1998101683,（有）崇富商業,王蔵牧場,411.3,2010.0,2014.0,1998.0
2021103543,アルク,牡,井樋一也,,スピルバーグ,2009105961,ホリデイトウショウ,2008100649,タイキシャトル,1994109686,朝比奈鉄工所（株）,岡田スタッド,411.1,2009.0,2008.0,1994.0
2021102299,リュクスブリランテ,牝,加藤幸保,,ディープブリランテ,2009105084,メジャードリーム,2015104443,ダイワメジャー,2001103114,田畑憲士,若林順一,411.0,2009.0,2015.0,2001.0
2021101323,ソウ,牡,佐々木功,,ディーマジェスティ,2013104704,キタノタイセツ,2013100142,ヨハネスブルグ,000a0103b9,山路孝,佐々木康治,411.0,2013.0,2013.0,1999.0
2021100848,ダイヤキララ,牝,後藤正義,,ケープブランコ,000a011b06,タチアナ,2007102713,スペシャルウィーク,1995103211,伊藤弘泰,ダイヤモンドファーム,410.8,2007.0,2007.0,1995.0
2021103603,チュラバロー,牡,林正人,,ロジャーバローズ,2016106065,ヘーザ,2015105498,フレンチデピュティ,000a00013a,（株）Ｍ’ｓカンパニ,岡田牧場,410.5,2016.0,2015.0,1992.0
2021105241,マインドユアベイブ,牝,濱田一夫,,マインドユアビスケッツ,000a01392e,マルカアイチャン,2003102664,フレンチデピュティ,000a00013a,倉重博文,社台ファーム,410.3,2013.0,2003.0,1992.0
2021100128,リンクアームズ,牝,田嶋弘幸,,キズナ,2010105827,アドマイヤシャイ,2012104806,キンシャサノキセキ,2003110212,小橋亮太,ケイアイファーム,410.3,2010.0,2012.0,2003.0
2021104255,コパノカサノバ,牡,橋本忠明,,シャンハイボビー,000a0127e4,ラブミーブルー,2011104781,サウスヴィグラス,1996110138,小林祥晃,西村牧場,410.0,2010.0,2011.0,1996.0
2021103141,ピックアンドロール,牡,鷹見浩,,レイデオロ,2014106201,デルニエリアリテ,2015100495,ゼンノロブロイ,2000101517,鈴木道隆,信岡牧場,410.0,2014.0,2015.0,2000.0
2021100217,サマーヌード,牡,阿井正雄,,ホッコータルマエ,2009100921,エーシンスピカ,2009100250,アグネスタキオン,1998101516,（株）ＩＴＦ,城地牧場,410.0,2009.0,2009.0,1998.0
2021104034,ボンジーア,牝,山田徹,,マクフィ,000a011c77,カザリムスビ,2007102853,トワイニング,000a000006,瀬戸竜男,田中裕之,409.4,2007.0,2007.0,1991.0
2021106356,ジュネスヒマリ,牝,米田英世,,グァンチャーレ,2012100407,キャサリンアイドル,2005102764,バブルガムフェロー,1993109219,松本俊廣,タニグチ牧場,409.3,2012.0,2005.0,1993.0
2021104098,パーパスポイント,牡,藤田正治,,アジアエクスプレス,2011110091,キャルスカイ,2016105992,ダイワメジャー,2001103114,小橋亮太,千代田牧場,409.3,2011.0,2016.0,2001.0
2021102363,リケアヴィオレ,牡,鹿沼良和,,ロゴタイプ,2010103783,ダルトヴィラ,2016105103,ディープインパクト,2002100816,遠藤喜和,スガタ牧場,409.1,2010.0,2016.0,2002.0
2021103334,アルスカー,牝,那俄性哲,,ディーマジェスティ,2013104704,パドブレ,2006102113,ホワイトマズル,1990109700,松本桂昌,ミルファーム,409.0,2013.0,2006.0,1990.0
2021102172,マルゼンスキーツー,牡,今井輝和,,クラグオー,2010100350,エーシンラピッド,2010104644,クロフネ,1998110135,門別敏朗,門別敏朗,408.7,2010.0,2010.0,1998.0
2021104624,ダイシチセイ,牡,諏訪貴正,,モンテロッソ,000a011b05,リジョウクラウン,2008101998,チーフベアハート,1993190010,西尾聖,リトルブルーファーム,408.6,2007.0,2008.0,1993.0
2021103394,ジャンゴ,牡,黒木豊,,ニシケンモノノフ,2011105438,クルイザキ,2014106491,ゴールドアリュール,1999106689,宮崎麻衣子,アフリートファーム,408.5,2011.0,2014.0,1999.0
2021102975,ゴッドアマベル,牝,永島太郎,,シニスターミニスター,000a011099,グローリアスローズ,2008103144,ロックオブジブラルタル,000a00fd4c,中西憲治,辻牧場,408.5,2003.0,2008.0,1999.0
2021102877,ショットブラスト,牝,米川昇,,マジェスティックウォリアー,000a011e9c,レディマーメイド,2002110047,Fusaichi Pegasus,000a0022cf,田中定彦,田中スタッド,408.4,2005.0,2002.0,1997.0
2021104746,イングリッドローズ,牝,盛本信春,,ドレフォン,000a013b82,イングリッド,2008102578,ディープインパクト,2002100816,日下幸徳,追分ファーム,408.0,2013.0,2008.0,2002.0
2021100319,スノーシャドゥ,牝,中西達也,,アニマルキングダム,000a011dad,ビッグスマイル,2008104471,タニノギムレット,1999100226,西森三智代,ニシケンファーム,408.0,2008.0,2008.0,1999.0
2021101689,ファインプリンセス,牝,栗本陽一,,ファインニードル,2013100612,プリンセスケイト,2015101678,ハードスパン,000a0116a1,盛学志,ダーレー・ジャパン・ファーム,407.7,2013.0,2015.0,2004.0
2021110019,アーバンエア,牡,井上智史,,Invincible Spirit,000a01056d,City Chic,000a01c71c,Street Cry,000a0103ba,フェニックスレーシング,Godolphin,407.2,1997.0,2013.0,1998.0
2021109092,マッドブルーアイ,牝,山田質,,オルフェーヴル,2008102636,ブルーモントレー,2010110106,ヘニーヒューズ,000a011155,大越徹朗,恵比寿興業株式会社那須野牧場,407.0,2008.0,2010.0,2003.0
2021104248,リアンソリッド,牝,新井隆太,,アジアエクスプレス,2011110091,ブリュンヒルト,2004103268,アグネスタキオン,1998101516,（株）さくらコーポレ,西村牧場,407.0,2011.0,2004.0,1998.0
2021104009,サンクラフィーネ,牝,野口寛仁,,スワーヴリチャード,2014106083,トーセンスタッフ,2008100166,アフリート,000a000013,山崎祐嗣,高橋陵,407.0,2014.0,2008.0,1984.0
2021101738,レイエル,牝,山下貴之,,ルーラーシップ,2007103143,ダブルオベリスク,2009100619,アグネスタキオン,1998101516,菅原通次,チャンピオンズファーム,407.0,2007.0,2009.0,1998.0
2021106499,キーナイス,牝,大島静夫,,トランセンド,2006104736,キーレター,2003104182,リンドシェーバー,1988107894,北原大史,中本牧場,406.7,2006.0,2003.0,1988.0
2021102136,ピエールミシガン,牝,的場直之,,アポロソニック,2010110120,キタノオペラ,2001107051,グランドオペラ,000a000d1d,工藤栄三,三輪幸子,406.7,2010.0,2001.0,1984.0
2021105851,キングオリヴァー,牡,山田徹,,ロードカナロア,2008103552,リアオリヴィア,2016104878,ディープインパクト,2002100816,眞保栄健太,ノーザンファーム,406.6,2008.0,2016.0,2002.0
2021104305,ナムラカメジロー,牡,東美義,,サンダースノー,000a013a06,ナムラチアーズ,2008101130,マンハッタンカフェ,1998101554,（同）ＪＰＮ技研,八田ファーム,406.6,2014.0,2008.0,1998.0
2021106841,デルミオクオーレ,牡,川嶋弘吉,,スクリーンヒーロー,2004103328,フロムマイハート,2013101938,ハーツクライ,2001103038,小濱正智,ブルースターズファーム,406.5,2004.0,2013.0,2001.0
2021102190,カプリシャスラブ,牝,藤ケ崎一,,ブラックタイド,2001103312,ギリア,2009110043,Fusaichi Pegasus,000a0022cf,安本卓史,門別牧場,406.4,2001.0,2009.0,1997.0
2021107121,ユナピンクゴールド,牝,木村健,,コパノリッキー,2010106548,イイデサンドラ,2007105126,サクラプレジデント,2000102261,狩野好宗,山岡ファーム,405.5,2010.0,2007.0,2000.0
2021103927,キアラボヌール,牝,田島寿一,,ベストウォーリア,2010110127,グレイスキッス,2005106970,エアエミネム,1998110210,川原輝雄,静内山田牧場,405.5,2010.0,2005.0,1998.0
2021106739,ネコニコタツ,牝,飯田弘道,,ディスクリートキャット,000a0113a1,ミラクルプリンセス,2004100723,タイキシャトル,1994109686,大谷昌裕,パカパカファーム,405.2,2003.0,2004.0,1994.0
2021106135,バッドロージー,牝,森澤友貴,,ベストウォーリア,2010110127,ロージーサンセット,2013101345,キンシャサノキセキ,2003110212,増田江利子,カミイスタット,405.0,2010.0,2013.0,2003.0
2021104802,レッドレフィナード,牡,栗田徹,,ドゥラメンテ,2012104511,レインボーダリア,2007104556,ブライアンズタイム,000a000082,東京ホースレーシング,追分ファーム,405.0,2012.0,2007.0,1985.0
2021104186,エイコーカイザー,牡,高岩孝敏,,エピカリス,2014103121,マリアンズクック,2011102329,ブラックホーク,1994109361,山下一男,徳本幸雄,405.0,2014.0,2011.0,1994.0
2021102374,ジェーボンド,牡,高岩孝敏,,ダノンシャーク,2008105554,タイキロザリオ,2002105521,スピニングワールド,000a000325,（有）総武開発,中田牧場,405.0,2008.0,2002.0,1993.0
2021105069,グシチャンノホシ,牡,手島勝利,,イスラボニータ,2011103565,シードラゴン,2016110035,Siyouni,000a012056,眞保栄稔,社台ファーム,404.1,2011.0,2016.0,2007.0
2021107011,ジュエルアバンティ,牡,藤田正治,,フリオーソ,2004106867,グランペルル,2014101907,スウェプトオーヴァーボード,000a00fa34,小橋亮太,村上進治,404.0,2004.0,2014.0,1997.0
2021106340,バチェロレックス,牡,盛本信春,,バゴ,2001190004,バチェロレッテ,2016104574,ロードカナロア,2008103552,日下幸徳,武田修一,404.0,2001.0,2016.0,2008.0
2021104645,アスセナ,牝,諏訪貴正,,イスラボニータ,2011103565,コマノリリー,2011102370,キングカメハメハ,2001103460,三宅勝俊,新井牧場,403.5,2011.0,2011.0,2001.0
2021105130,レッドスウィング,牡,森山英雄,,ハービンジャー,000a011996,ディヴァインハイツ,2014105592,ハーツクライ,2001103038,山邉浩,社台ファーム,403.0,2006.0,2014.0,2001.0
2021104037,テリオスソラ,牝,中西達也,,リオンディーズ,2013105915,クリムゾンブーケ,2006103238,クロフネ,1998110135,鈴木美江子,田中裕之,403.0,2013.0,2006.0,1998.0
2021104232,ラブビーチ,牝,中川竜馬,,ビーチパトロール,000a0141f9,アキノバレリーナ,2013104625,ハーツクライ,2001103038,増田陽一,西村牧場,402.7,2013.0,2013.0,2001.0
2021102852,テイルスピナー,牝,柳井宏之,,ホッコータルマエ,2009100921,チェリーエンジェル,2002107204,フジキセキ,1992109618,江頭佳宏,高村牧場,402.5,2009.0,2002.0,1992.0
2021107033,マジックタクト,牝,後藤佑耶,,ベストウォーリア,2010110127,ナスノキセキ,2010106096,スウェプトオーヴァーボード,000a00fa34,福原聡,村上牧場,402.2,2010.0,2010.0,1997.0
2021107239,シュレディンガー,牡,田口輝彦,,リアルスティール,2012104889,スプレンダー,2011100589,ファンタスティックライト,1996190005,風早信昭,奥山牧場,402.0,2012.0,2011.0,1996.0
2021100101,スナイチ,牡,米谷康秀,,アポロケンタッキー,2012110098,グラディート,2016101131,シンボリクリスエス,1999110099,永井利明,木下牧場,402.0,2012.0,2016.0,1999.0
2021101882,ルックスライクパツ,牡,田中正二,,ルックスザットキル,2012110078,パツキン,2011103389,メイショウボーラー,2001100650,国信泰秀,ノースガーデン,401.2,2012.0,2011.0,2001.0
2021104315,レターフロムパリ,牝,新井健児,,タリスマニック,000a013425,ドーバーブリーズ,2016110105,Frankel,000a01239b,小橋亮太,服部牧場,400.8,2013.0,2016.0,2008.0
2021104536,ドンチャオ,牡,千葉幸喜,,トーセンラー,2008102985,エニシノイト,2010106586,スウェプトオーヴァーボード,000a00fa34,大久保和夫,増本良孝,400.2,2008.0,2010.0,1997.0
2021107147,フクノスナノバラ,セ,小野次郎,,カレンブラックヒル,2009106230,マスターギラティナ,2006105096,アグネスデジタル,1997110025,福島祐子,芳住鉄兵,400.0,2009.0,2006.0,1997.0
2021107040,グランセイント,牡,千田輝彦,,シルバーステート,2013105903,ホーリーフルーツ,2013105731,ワークフォース,000a011a7f,グランホース,村上雅規,400.0,2013.0,2013.0,2007.0
2021104662,サブノマリシテン,牝,上杉昌宏,,ディスクリートキャット,000a0113a1,ノーブルビューティ,2007100556,キングカメハメハ,2001103460,中川三郎,市川牧場,400.0,2003.0,2007.0,2001.0
2021103808,ジェミュール,牝,川島正一,,アジアエクスプレス,2011110091,プリンセスメーカー,2012106119,エンパイアメーカー,000a010542,金蘭兄弟（有）,坂本智広,400.0,2011.0,2012.0,2000.0
2021103764,ゴールデンステート,牡,佐藤裕太,,カリフォルニアクローム,000a012602,シガレット,2012110049,Sea The Stars,000a011c78,山田弘,今牧場,400.0,2011.0,2012.0,2006.0
2021103317,マンマミーア,牡,小沢宏次,,アドマイヤムーン,2003102991,ミク,2015103724,キングズベスト,000a0022d2,川上和彦,宮内牧場,400.0,2003.0,2015.0,1997.0
2021101374,アンジェラリュール,牝,迫田清美,,サトノアレス,2014105493,アンジェルブ,2011100375,Tiznow,000a00fa4b,酒井孝敏,下河辺牧場,400.0,2014.0,2011.0,1997.0
2021100537,エスケイチャンス,牝,齊藤敏,,シュヴァルグラン,2012104759,ワンダフルタイム,2011101948,サウスヴィグラス,1996110138,伊藤輔則,山野牧場,400.0,2012.0,2011.0,1996.0
2021105145,クーネルアソブ,牡,佐々木功,,ロードカナロア,2008103552,トロワボヌール,2010103823,バゴ,2001190004,横田一男,社台ファーム,399.5,2008.0,2010.0,2001.0
2021103082,スーパーキング,牡,頼本盛行,,ホークビル,000a01327c,オースミフブキ,2011103208,マンハッタンカフェ,1998101554,小橋亮太,富菜牧場,399.5,2013.0,2011.0,1998.0
2021103403,パンパカパーティー,牡,中川竜馬,,アドマイヤムーン,2003102991,フルオブドリームズ,2016110116,Dream Ahead,000a013cf4,坂本孝徳,アフリートファーム,399.0,2003.0,2016.0,2008.0
2021102253,ヨシュア,牡,国沢輝幸,,アジアエクスプレス,2011110091,ラヴィアージュ,2011103441,クロフネ,1998110135,神岡由美子,山田政宏,399.0,2011.0,2011.0,1998.0
2021100852,マドモアゼルジョリ,牝,渋谷信博,,ミッキーロケット,2013106099,オチャノコサイサイ,2007106255,ダイタクサージャン,1992108653,高岡義光,東栄牧場,399.0,2013.0,2007.0,1992.0
2021103886,シュヴァイゲン,牡,久保秀男,,ドゥラメンテ,2012104511,レッドラフィーネ,2014106313,ハービンジャー,000a011996,シグラップ・マネジメ,静内白井牧場,398.8,2012.0,2014.0,2006.0
2021101160,ピエナブリックス,牝,榎屋充,,ブリックスアンドモルタル,000a014377,メメビーナス,2007101890,フジキセキ,1992109618,小橋亮太,沖田牧場,398.8,2014.0,2007.0,1992.0
2021104599,キングプリンス,牡,真島正徳,,ミッキーロケット,2013106099,サクラメガマックス,2004104498,クロフネ,1998110135,（同）ＭＩＲＡＩ,山田牧場,398.7,2013.0,2004.0,1998.0
2021102294,チュウワダイオウ,セ,加藤公太,,ルーラーシップ,2007103143,チュウワプリンセス,2008102659,スペシャルウィーク,1995103211,中西忍,若林順一,398.1,2007.0,2008.0,1995.0
2021103531,メイショウヤスマサ,牡,有馬澄男,,マインドユアビスケッツ,000a01392e,ファーゴ,2009106345,ハーツクライ,2001103038,Ｎ’ｓレーシング,岡田スタッド,398.0,2013.0,2009.0,2001.0
2021102576,フェイクニュース,牡,荒井朋弘,,ミッキーグローリー,2013103999,カネスラッゾ,2008103314,サクラバクシンオー,1989108341,スピードファーム,今井秀樹,398.0,2013.0,2008.0,1989.0
2021101380,アンバサダー,牡,伊藤滋規,,マクフィ,000a011c77,エターナルブーケ,2013100322,マンハッタンカフェ,1998101554,伊藤弘泰,下河辺牧場,397.5,2007.0,2013.0,1998.0
2021101243,クリノオリオン,牝,西山裕貴,,ドレフォン,000a013b82,ラバーズケープ,2016104375,ダイワメジャー,2001103114,高野良美,木村牧場,397.5,2013.0,2016.0,2001.0
2021102208,フークベルエ,牝,瀬戸口悟,,マジェスティックウォリアー,000a011e9c,アガペー,2011105132,シンボリクリスエス,1999110099,福岡隆史,ヤスナカファーム,397.3,2005.0,2011.0,1999.0
2021102149,モズオラージュ,牡,小牧毅,,リアルスティール,2012104889,ジープルメリア,2013110013,ストリートセンス,000a0113a2,谷間修裕,目黒牧場,397.1,2012.0,2013.0,2004.0
2021101071,マンダレー,牡,岩崎真樹,,バゴ,2001190004,スローライフ,2011104218,ハーツクライ,2001103038,梅ケ枝容晃,新井昭二牧場,396.5,2001.0,2011.0,2001.0
2021104391,ザムト,牝,村田順一,,パドトロワ,2007102760,ラベルベート,2015101048,ハードスパン,000a0116a1,豊島愛子,藤吉牧場,396.0,2007.0,2015.0,2004.0
2021103641,リーヴルワンダー,牡,渡邊貴光,,キタサンミカヅキ,2010100960,ガールズ,2012103099,グラスワンダー,1995108676,本間進,カタオカステーブル,396.0,2010.0,2012.0,1995.0
2021102180,コルシカブルー,牡,木村健,,スマートファルコン,2005100097,フロールシータ,2011104331,エアジハード,1995107978,有馬久和,門別敏朗,396.0,2005.0,2011.0,1995.0
2021103296,エナジーフォルテ,牝,木村暁,,ホッコータルマエ,2009100921,エナジーハート,2007101822,サクラバクシンオー,1989108341,鈴木雅俊,宮内牧場,395.2,2009.0,2007.0,1989.0
2021110075,スターチスブーケ,牝,田中勝春,,Practical Joke,000a0139d1,Sovereign Halo,000a01d2a1,Haynesfield,000a012d50,ノルマンディーサラブレッドレーシング,Gerty Bloodstock,395.0,2014.0,2013.0,2006.0
2021106996,セイウンパイオニア,牡,田辺陽一,,モーニン,2012110091,ニシノフローラル,2014102706,リーチザクラウン,2006102923,和氣竜彦,村上欽哉,395.0,2012.0,2014.0,2006.0
2021106885,キャプテンジャック,牡,的場直之,,パイロ,000a01176a,カヒリ,2009106091,キングカメハメハ,2001103460,平本敏夫,北星村田牧場,395.0,2005.0,2009.0,2001.0
2021106259,ザクラウン,牡,佐宗応和,,ミュゼスルタン,2012104118,フェドゥネージュ,2008100581,アグネスデジタル,1997110025,川上和彦,佐藤義紀,395.0,2012.0,2008.0,1997.0
2021103281,ロイドール,セ,齊藤敏,,レイデオロ,2014106201,ユイフィーユ,2014103546,ディープインパクト,2002100816,三河辰已,三嶋牧場,395.0,2014.0,2014.0,2002.0
2021101014,ビューティーハニー,牝,中川雅之,,ニューイヤーズデイ,000a014589,シードパール,2012106134,ディープインパクト,2002100816,高嶋航,吉田ファーム,395.0,2011.0,2012.0,2002.0
2021102410,アルテミスバイオ,牝,土井道隆,,モンテロッソ,000a011b05,グリームバイオ,2007103193,アグネスタキオン,1998101516,林田憲次,坂東牧場,394.6,2007.0,2007.0,1998.0
2021100627,ラブショック,牝,菅原勲,,フェノーメノ,2009106599,ハーツコンセンサス,2010104516,ハーツクライ,2001103038,内山一郎,荻伏三好ファーム,394.6,2009.0,2010.0,2001.0
2021104601,イガルク,牡,渋谷信博,,サクラオリオン,2002104686,ワンスアポンタイム,2013104302,サクラプレジデント,2000102261,安藤浩也,山田牧場,394.5,2002.0,2013.0,2000.0
2021104084,トゥザコスモ,牡,吉井竜一,,トゥザワールド,2011103975,シーキングオアシス,2005110041,Seeking the Gold,000a001bea,佐藤傳二,大典牧場,394.0,2011.0,2005.0,1985.0
2021102457,マーヤボニータ,牝,櫻井拓章,,イスラボニータ,2011103565,マーヤ,2013101185,エンパイアメーカー,000a010542,船越伸也,船越伸也,394.0,2011.0,2013.0,2000.0
2021109170,カシノマーメイド,牝,飯田良弘,,ダンカーク,000a012185,サトノコンドル,2008105577,アグネスタキオン,1998101516,柏木務,福田米造,393.5,2006.0,2008.0,1998.0
2021104826,ゴーディアンノット,セ,鷹見浩,,レイデオロ,2014106201,アドヴェントス,2013105764,ジャングルポケット,1998101786,北原大史,社台コーポレーション白老ファーム,393.5,2014.0,2013.0,1998.0
2021100504,カリプソ,牝,長谷川忍,,ディープスカイ,2005101358,ステッバイステップ,2004101795,カリズマティック,000a00fa33,石田哲也,元茂牧場,393.3,2005.0,2004.0,1996.0
2021100621,ベルゲンハート,牡,石川浩文,,ミッキーアイル,2011103916,クロコレーヌ,2004104585,クロコルージュ,000a0000bf,（株）アプエンテ,大原ファーム,392.9,2011.0,2004.0,1995.0
2021100448,シャイニングローズ,牝,後藤佑耶,,ホッコータルマエ,2009100921,アイムヒアー,2008103880,プリサイスエンド,000a00fe9b,水谷光太郎,三石川上牧場,392.9,2009.0,2008.0,1997.0
2021106293,ワープ,牡,福田真広,,ミッキーロケット,2013106099,ルミナスグルーヴ,2009106212,アグネスタキオン,1998101516,岡展宏,スカイビーチステーブル,392.0,2013.0,2009.0,1998.0
2021103600,ビートリニティ,牝,鈴木啓之,,ディスクリートキャット,000a0113a1,ビーカーリー,2014101253,アドマイヤマックス,1999107004,馬場祥晃,岡田牧場,391.5,2003.0,2014.0,1999.0
2021104467,コパノステファニー,牝,佐久間雅,,シャンハイボビー,000a0127e4,コパノハート,2012103513,コパノフウジン,2002106885,廣瀬由一,へいはた牧場,391.4,2010.0,2012.0,2002.0
2021100976,ホクトシュンパチ,牡,上杉昌宏,,ダンカーク,000a012185,ホワイトアウト,2012106084,フォーティナイナーズサン,000a011227,（有）東海住宅,丸村村下ファーム,391.0,2006.0,2012.0,2001.0
2021103759,ハーピークオーレ,牝,倉地学,,ビッグアーサー,2011103328,ユアインマイハート,2012102842,ハーツクライ,2001103038,小林伸幸,グランド牧場,390.8,2011.0,2012.0,2001.0
2021105621,アジアノハナ,牝,角田輝也,,アジアエクスプレス,2011110091,スーブレット,2015104964,ゴールドアリュール,1999106689,永田和彦,ノーザンファーム,390.5,2011.0,2015.0,1999.0
2021109093,ケニルワース,セ,稲益貴弘,,ヴィクトワールピサ,2007102923,ロータスクイーン,2015110089,Blame,000a0122f4,西村健,恵比寿興業株式会社那須野牧場,390.0,2007.0,2015.0,2006.0
2021104761,ペプチドセーヌ,牝,武英智,,ルーラーシップ,2007103143,シャルムダムール,2016104324,ディープインパクト,2002100816,沼川一彦,追分ファーム,390.0,2007.0,2016.0,2002.0
2021103006,ヒルノセビリア,牝,昆貢,,アニマルキングダム,000a011dad,ヒルノマテーラ,2011105890,マンハッタンカフェ,1998101554,ヒルノ,辻牧場,390.0,2008.0,2011.0,1998.0
2021101427,ガーデンプランナー,牝,堀内岳志,,サトノダイヤモンド,2013106101,バートラムガーデン,2009102481,サクラバクシンオー,1989108341,下河辺隆行,下河辺牧場,390.0,2013.0,2009.0,1989.0
2021100542,ヘルキャット,牝,溝橋利喜,,フリオーソ,2004106867,エフヨンエフ,2014103217,ハイアーゲーム,2001103160,小谷昌吾,米田牧場,390.0,2004.0,2014.0,2001.0
2021100295,アプラド,牝,新谷功一,,アメリカンペイトリオット,000a013bba,オールウェイズラブ,2010105856,ディープインパクト,2002100816,ノースヒルズ,土居牧場,390.0,2013.0,2010.0,2002.0
2021104589,ジーティースピカ,牝,渡辺博文,,シャンハイボビー,000a0127e4,ロイヤルメジャー,2014102733,ダイワメジャー,2001103114,（有）総武開発,矢野牧場,389.9,2010.0,2014.0,2001.0
2021101392,ファインデイ,牝,松浦裕之,,レイデオロ,2014106201,コンクエストハーラネイト,000a013898,Harlan's Holiday,000a010cdf,石田勇,下河辺牧場,389.8,2014.0,2012.0,1999.0
2021103781,マルケイフォルテ,牡,石川栄,,ワールドエース,2009106353,ウォーターメアヌイ,2012102915,ダイワメジャー,2001103114,熊谷清則,サカイファーム,389.1,2009.0,2012.0,2001.0
2021107330,キングオブオーソ,牡,國澤利照,,フリオーソ,2004106867,キャスノワゼット,2016104390,ロードカナロア,2008103552,小橋亮太,宝寄山拓樹,389.0,2004.0,2016.0,2008.0
2021104231,ウェンティ,牝,井樋明正,,コパノリッキー,2010106548,ラブミーサアヤ,2016105428,スウィフトカレント,2001103189,吉田哲,西川富岡牧場,389.0,2010.0,2016.0,2001.0
2021101933,レディーズナイト,牝,新子雅司,,ダイワメジャー,2001103114,リラックススマイル,2006105690,Dubai Destination,000a010a60,渡部賢治,日高大洋牧場,389.0,2001.0,2006.0,1999.0
2021101510,ワイアード,牡,手島勝利,,ダノンレジェンド,2010110102,ヒャクマンゴク,2008104208,ブラックタキシード,1996107315,吉田勝利,新生ファーム,389.0,2010.0,2008.0,1996.0
2021107354,ヒーリングピピ,牝,阿井正雄,,サンダースノー,000a013a06,デュークストリート,2015100296,オルフェーヴル,2008102636,（有）総武開発,嶋田牧場,388.1,2014.0,2015.0,2008.0
2021103247,アクロポリス,牡,平和人,,ワールドエース,2009106353,デコラス,2014106230,タートルボウル,000a012045,中澤正志,三嶋牧場,388.0,2009.0,2014.0,2002.0
2021101921,ポムファッジ,牝,矢野英一,,リオンディーズ,2013105915,ニューアイデア,000a0116df,Cape Cross,000a0022ae,高樽さゆり,日高大洋牧場,387.7,2013.0,2007.0,1994.0
2021101209,ウルティモ,牝,尾林幸二,,キングリオ,2012104539,スズオリヅル,2007103483,フサイチコンコルド,1993109220,諸岡慶,北田剛,387.1,2012.0,2007.0,1993.0
2021100514,キタノマキシム,牡,伊藤伸一,,ロジャーバローズ,2016106065,エリモプリンセス,2006100022,キングカメハメハ,2001103460,北所直人,山際セントラルスタッド,387.0,2016.0,2006.0,2001.0
2021101817,イカホ,牝,西山裕貴,,ストロングリターン,2006102934,ワンモアミイチュー,2001106563,エンドスウィープ,000a00010f,永田廣,中館牧場,386.5,2006.0,2001.0,1991.0
2021102226,グレイスショコラ,牝,菅原右吉,,シュヴァルグラン,2012104759,ストリーク,2016106583,エイシンフラッシュ,2007102951,シグラップ・マネジメ,ヤナガワ牧場,386.3,2012.0,2016.0,2007.0
2021100133,ルミナスボディ,牝,坂口智康,,ニューイヤーズデイ,000a014589,ヴィーヴル,2012102313,ディープインパクト,2002100816,中村伊三美,ケイアイファーム,386.0,2011.0,2012.0,2002.0
2021104935,ブリージョドラード,牡,本名信行,,レイデオロ,2014106201,ワンブレスアウェイ,2013105322,ステイゴールド,1994108729,（同）ＪＰＮ技研,社台コーポレーション白老ファーム,385.4,2014.0,2013.0,1994.0
2021103875,サイカク,牡,東原己俊,,ストロングリターン,2006102934,ベラミクィーン,2016105799,アンライバルド,2006103308,小橋亮太,静内酒井牧場,385.0,2006.0,2016.0,2006.0
2021103135,マナマカナ,牝,真島二也,,クリエイターII,000a013630,ユッコ,2012104590,ハーツクライ,2001103038,（同）ＭＩＲＡＩ,日本中央競馬会日高育成牧場,384.3,2013.0,2012.0,2001.0
2021100828,マヌーバー,牡,鷹見浩,,バトルプラン,000a0118e8,メモリーマニフィカ,2013103522,マンハッタンカフェ,1998101554,シンザンクラブ,大北牧場,384.0,2005.0,2013.0,1998.0
2021106533,ビジューメファ,牝,山本学,,ゴールドシップ,2009102739,ビジューブランシュ,2014110085,Hansen,000a012bc4,手嶋康雄,新冠伊藤牧場,383.7,2009.0,2014.0,2009.0
2021102898,ニースライト,牝,坂本和也,,マクフィ,000a011c77,ニースセブンティン,2005101300,ナリタトップロード,1996102442,荻野憲夫,谷川牧場,383.2,2007.0,2005.0,1996.0
2021102712,デクランシェ,牡,後藤佑耶,,ルーラーシップ,2007103143,キュイキュイ,2014105990,ハービンジャー,000a011996,豊原純弥,杵臼牧場,383.0,2007.0,2014.0,2006.0
2021101635,ピュアケミストリー,牝,木村暁,,ディスクリートキャット,000a0113a1,エレメンツ,2013100554,パイロ,000a01176a,高田姫織,ダーレー・ジャパン・ファーム,383.0,2003.0,2013.0,2005.0
2021106376,タカラバディウス,牝,齊藤敏,,モーニン,2012110091,タカラジャンヌ,2011104884,ヨハネスブルグ,000a0103b9,村山義男,大栄牧場,382.5,2012.0,2011.0,1999.0
2021105371,グレッソネイ,牡,新井清重,,モーリス,2011100655,アドマイヤローザ,2014105794,ハービンジャー,000a011996,福原聡,ノーザンファーム,382.5,2011.0,2014.0,2006.0
2021101698,ラッキーアメリカン,牝,繁田健一,,アメリカンペイトリオット,000a013bba,ラッキーボックス,2013100645,ディープスカイ,2005101358,星野隆男,ダーレー・ジャパン・ファーム,382.5,2013.0,2013.0,2005.0
2021105776,ピーエムドレミ,牝,市村誠,,オルフェーヴル,2008102636,ボシンシェ,000a011a17,Kingmambo,000a001d7e,松山毅,ノーザンファーム,382.0,2008.0,2004.0,1990.0
2021104684,ロアー,牝,坂口義幸,,オルフェーヴル,2008102636,ロアジス,2011110021,Medaglia d'Oro,000a010a65,星野洋治,上水牧場,382.0,2008.0,2011.0,1999.0
2021104580,オイデレオ,牡,藤田正治,,レイデオロ,2014106201,プレザントブリーズ,2006101667,マンハッタンカフェ,1998101554,小橋亮太,矢野牧場,381.7,2014.0,2006.0,1998.0
2021103570,ランオブザワールド,牡,藤ケ崎一,,ヤマカツエース,2012102774,フレンチ,2007103580,キングヘイロー,1995104427,柳下直輝,岡田猛,381.5,2012.0,2007.0,1995.0
2021104588,ロジサビアーレ,牡,東美義,,ドレフォン,000a013b82,レッドエレノア,2014105185,ハーツクライ,2001103038,坂本忠教,矢野牧場,381.4,2013.0,2014.0,2001.0
2021106051,トスト,牝,赤嶺本浩,,ストロングリターン,2006102934,レアリサール,2008104260,ブライアンズタイム,000a000082,武仲勝,石田牧場,381.0,2006.0,2008.0,1985.0
2021104960,モッドフレイム,牡,大和田成,,Uncle Mo,000a011ffb,インフレイムド,000a01b0f7,Unusual Heat,000a0118fe,社台レースホース,社台ファーム,380.0,2008.0,2010.0,1990.0
2021102411,ルチェッタ,牝,田辺陽一,,リオンディーズ,2013105915,サンドミエシュ,2011103601,マンハッタンカフェ,1998101554,（有）総武開発,坂東牧場,380.0,2013.0,2011.0,1998.0
2021100670,リボリュウション,牡,柴田高志,,エピカリス,2014103121,ダンスバンド,2012103013,エイシンサンディ,1993103280,加藤鈴幸,熊谷武,380.0,2014.0,2012.0,1993.0
2021105198,メッチャサザン,牡,石川栄,,ブラックタイド,2001103312,フレンチノワール,2005102347,フレンチデピュティ,000a00013a,Ｉレーシング（株）,社台ファーム,379.5,2001.0,2005.0,1992.0
2021100485,ランドエース,牝,錦見勇夫,,ワールドエース,2009106353,シーイズドーター,2015102664,ヨハネスブルグ,000a0103b9,遠藤喜和,明治牧場,379.1,2009.0,2015.0,1999.0
2021102902,ラプラタ,牝,安池成実,,リアルインパクト,2008103244,パドックシアトル,000a014690,Seattle Fitz,000a01430b,組）ゆうゆう競馬組合,谷川牧場,379.0,2008.0,2014.0,1999.0
2021100326,スマイルフェリス,牝,高橋宏征,,コパノリッキー,2010106548,エイシンマカロン,2012102626,エンパイアメーカー,000a010542,松野真一,信田牧場,379.0,2010.0,2012.0,2000.0
2021102523,エイシンゴーオン,牡,藤ケ崎一,,エイシンヒカリ,2011101273,エーシンハーバー,2008110079,Cozzene,000a001bda,近藤克麿,清水誠一,378.9,2011.0,2008.0,1980.0
2021105181,ライネスヘルツ,牝,矢野久美,,マインドユアビスケッツ,000a01392e,ピュアマインド,2008102879,ティンバーカントリー,000a00035e,片山建治,社台ファーム,378.4,2013.0,2008.0,1992.0
2021102840,メイショウハンゾウ,牡,倉地学,,ホッコータルマエ,2009100921,レッドロザリー,2011104380,ゼンノロブロイ,2000101517,梅ケ枝容晃,太陽牧場,378.0,2009.0,2011.0,2000.0
2021104030,カミチャ,牝,金田一昌,,トゥザワールド,2011103975,ナトリフレンド,2006102260,オペラハウス,000a000d77,吉田郁実,田中啓雅,377.8,2011.0,2006.0,1988.0
2021101295,サンスズラン,牝,新田守,,スズカコーズウェイ,2004104345,ケンタッキーミント,2011102007,ゼンノロブロイ,2000101517,谷謙介,ケイズ,377.8,2004.0,2011.0,2000.0
2021100996,ガンバルフトシ,牡,田村彰啓,,レッドファルクス,2011104416,ブーケトウショウ,2010103059,サクラバクシンオー,1989108341,伊藤永二郎,村下清志,377.8,2011.0,2010.0,1989.0
2021104957,ナイトアウェイ,セ,加藤和宏,,ハーツクライ,2001103038,イブニングジュエル,000a013da6,Northern Afleet,000a010a96,ファーストビジョン,社台ファーム,377.6,2001.0,2007.0,1993.0
2021101390,ダノンアルプス,牡,坂井英光,,Justify,000a013f2d,ケアレディー,000a01b0cc,Equal Stripes,000a012c13,（株）ダノックス,下河辺牧場,377.5,2015.0,2014.0,1999.0
2021110081,リーサムギニー,牡,矢作芳人,,Zoustar,000a013f8e,Charlie Em,000a01d55a,Kheleyf,000a010a62,平田修,Highfield Farm LLP,377.4,2010.0,2010.0,2001.0
2021100336,ゼンカイワールド,セ,真島正徳,,マインドユアビスケッツ,000a01392e,エイコオレクレール,2013102464,ゴールドアリュール,1999106689,西村健,萩澤泰博,377.4,2013.0,2013.0,1999.0
2021105603,アルヒジュル,セ,西山裕貴,,アルアイン,2014106046,スカーレットリング,2009106189,シンボリクリスエス,1999110099,松木和子,ノーザンファーム,377.0,2014.0,2009.0,1999.0
2021107184,ベアウェイトゥゴー,牝,佐々木忠,,ルーラーシップ,2007103143,エイシンヴァニラ,2012105125,ダイワメジャー,2001103114,豊島愛子,アイオイファーム,376.6,2007.0,2012.0,2001.0
2021105946,ゼフィールエレ,牡,川西毅,,シルバーステート,2013105903,ネオフェリーク,2007103155,キングカメハメハ,2001103460,栗山学,ヤマイチ牧場,376.6,2013.0,2007.0,2001.0
2021101365,サバイバルリベラル,牝,瀬戸幸一,,シュヴァルグラン,2012104759,レインボーマリーン,2006103251,サクラバクシンオー,1989108341,会田裕一,鹿戸和幸,376.6,2012.0,2006.0,1989.0
2021106516,スマイルフォレスト,牡,九日俊光,,シゲルカガ,2011103048,ブルベアカイワレ,2015103541,クロフネ,1998110135,松野真一,長浜秀昭,376.1,2011.0,2015.0,1998.0
2021103138,クレスコユウシャ,牡,玉垣光章,,ディスクリートキャット,000a0113a1,スラリーアイス,2012105480,オレハマッテルゼ,2000101550,堀川三郎,信岡牧場,376.0,2003.0,2012.0,2000.0
2021101561,スクラマサクス,牡,渡邊貴光,,ホークビル,000a01327c,プリンセスケイ,2012104379,タニノギムレット,1999100226,井手慶祐,スマイルファーム,376.0,2013.0,2012.0,1999.0
2021101308,ラインポーチュラカ,牝,有馬澄男,,アニマルキングダム,000a011dad,ラインハーディー,2011103973,ゴールドアリュール,1999106689,大澤繁昌,ケイズ,375.2,2008.0,2011.0,1999.0
2021105275,リュサントノレ,牝,山崎裕也,,イスラボニータ,2011103565,リュポメルー,000a013891,Dubawi,000a0115e2,堀祥子,社台ファーム,375.0,2011.0,2011.0,2002.0
2021104968,オルドヴァイ,牡,中内田充,,オルフェーヴル,2008102636,ヴェルダ,000a012809,Observatory,000a010bee,社台レースホース,社台ファーム,375.0,2008.0,2006.0,1997.0
2021103149,ナモロカ,牝,武井和実,,デクラレーションオブウォー,000a0136f6,エアガガ,2008102794,ジャングルポケット,1998101786,シグラップ・マネジメ,林孝輝,375.0,2009.0,2008.0,1998.0
2021102353,レディアマゾネス,牝,佐々木洋,,ロジャーバローズ,2016106065,サブラタ,2010103994,ウォーエンブレム,000a00fa35,豊島愛子,清水牧場,375.0,2016.0,2010.0,1999.0
2021106276,マナアネラ,牝,米川昇,,スマートファルコン,2005100097,スマイルリリー,2011104517,スターリングローズ,1997106560,佐藤弘樹,シンカンファーム,374.4,2005.0,2011.0,1997.0
2021101783,ヤマショウシャイン,牝,小林義明,,ヤマカツエース,2012102774,パシャ,2007105756,デュランダル,1999106756,山下勇,出口牧場,374.1,2012.0,2007.0,1999.0
2021106650,ペイルムーン,牝,高野毅,,レイデオロ,2014106201,ユナリオンス,2015110055,Shamardal,000a010c92,前田幸治,ノースヒルズ,374.0,2014.0,2015.0,2002.0
2021103395,テイエムエール,牡,竹之下昭,,バンブーエール,2003104100,スプリングダイヤ,2015102106,ダイシンオレンジ,2005103381,竹園正繼,アフリートファーム,374.0,2003.0,2015.0,2005.0
2021103028,マワルカガミ,牝,高月賢一,,パイロ,000a01176a,カルブンクルス,2009100433,スタチューオブリバティ,000a0109d5,山口裕介,ディアレストクラブ,374.0,2005.0,2009.0,2000.0
2021101272,クラセイバー,牡,佐藤祐司,,ニシケンモノノフ,2011105438,クラキングレディ,2002105813,リンドシェーバー,1988107894,倉見利弘,倉見牧場,374.0,2011.0,2002.0,1988.0
2021102283,トーマステソーロ,牡,井上哲,,オルフェーヴル,2008102636,モトカ,2015110059,Frankel,000a01239b,森田至昭,リョーケンファーム,373.2,2008.0,2015.0,2008.0
2021102589,スマイルアクセス,牝,萱野浩二,,マジェスティックウォリアー,000a011e9c,トシザコジーン,2005105828,アドマイヤコジーン,1996106512,馬目卓,浦河小林牧場,373.0,2005.0,2005.0,1996.0
2021100746,ワイワイサンデー,牡,角田輝也,,カレンブラックヒル,2009106230,メイショウクサブエ,2016102436,シンボリクリスエス,1999110099,山田泰司,高昭牧場,373.0,2009.0,2016.0,1999.0
2021101573,トマチョップムスメ,牝,秋田大助,,ホッコータルマエ,2009100921,トマチョップガール,2013103510,カジノドライヴ,2005110112,北原大史,高澤正幸,372.8,2009.0,2013.0,2005.0
2021105847,ボスコヴェローチェ,牡,櫻井今朝,,ブリックスアンドモルタル,000a014377,ランズエッジ,2006103163,ダンスインザダーク,1993109188,西岡透,ノーザンファーム,372.7,2014.0,2006.0,1993.0
2021102611,ヒナノマーチス,牡,伊藤強一,,シュヴァルグラン,2012104759,エーシンマイスター,2006101782,タイキシャトル,1994109686,（同）ＪＰＮ技研,栄進牧場,372.5,2012.0,2006.0,1994.0
2021102103,シンキングモヒート,牡,宇野木博,,パドトロワ,2007102760,シンキングカミユ,2013101864,タニノギムレット,1999100226,佐藤貞夫,前野牧場,372.5,2007.0,2013.0,1999.0
2021107209,リトルアイドル,牝,大島静夫,,ブリックスアンドモルタル,000a014377,ブラックオニキス,2014102424,ブラックタイド,2001103312,北原大史,岡田スタッド,372.1,2014.0,2014.0,2001.0
2021101716,パシオンブロンド,牡,工藤真司,,アジアエクスプレス,2011110091,アールパシオン,2016106396,ゴールドアリュール,1999106689,中平和宏,チャンピオンズファーム,372.0,2011.0,2016.0,1999.0
2021101375,ブラックパーシモン,牡,及川良春,,サトノクラウン,2012104668,アンセミス,2015101392,ハーツクライ,2001103038,岩渕哲郎,下河辺牧場,371.5,2012.0,2015.0,2001.0
2021100334,シュンレツ,牡,加藤誠一,,ベストウォーリア,2010110127,ミコクイーン,2016105291,ハーツクライ,2001103038,石川博,萩澤俊雄,371.5,2010.0,2016.0,2001.0
2021104238,ロイヤルデバイサー,牡,山田義人,,エスポワールシチー,2005102837,サムタイムレーター,2003107302,エンドスウィープ,000a00010f,平本淳一,西村牧場,371.2,2005.0,2003.0,1991.0
2021103515,マインドマイワーズ,牡,鮫島克也,,マインドユアビスケッツ,000a01392e,ディスティンダリア,2012103669,ショウナンカンプ,1998102595,北原大史,岡田スタッド,371.2,2013.0,2012.0,1998.0
2021102691,コアヴェルト,牡,藤田正治,,メイショウボーラー,2001100650,ヒメカイドウ,2012106178,カルストンライトオ,1998103333,吉良商会（有）,ガーベラパークスタッド,371.0,2001.0,2012.0,1998.0
2021100576,デーレーディーバ,牝,佐々木由,,エピカリス,2014103121,ドナアンブロージア,2016101212,パイロ,000a01176a,大黒富美子,市川ファーム,371.0,2014.0,2016.0,2005.0
2021106528,シャンペートル,牡,納谷和玖,,マインドユアビスケッツ,000a01392e,グレイシャスギャル,2016104995,オルフェーヴル,2008102636,手嶋美季,新冠伊藤牧場,370.6,2013.0,2016.0,2008.0
2021105179,ピエナフェリーチェ,牝,玉垣光章,,オルフェーヴル,2008102636,ピエナヴィブレ,2007102982,クロフネ,1998110135,本谷兼三,社台ファーム,370.5,2008.0,2007.0,1998.0
2021100742,フレーズタルト,牝,中川雅之,,ホッコータルマエ,2009100921,ボリード,2014103796,ディープインパクト,2002100816,上山泰憲,高昭牧場,370.2,2009.0,2014.0,2002.0
2021100583,ヤルキゲンキユウキ,牝,川島洋人,,メイショウボーラー,2001100650,ハヤブサピクシー,2014103143,ジャングルポケット,1998101786,近藤秀典,市正牧場,370.1,2001.0,2014.0,1998.0
2021107019,イロハニホ,牝,竹之下昭,,ヘニーヒューズ,000a011155,ジャーマンアイリス,2013105791,カネヒキリ,2002100978,（同）ＪＰＮ技研,ムラカミファーム,370.0,2003.0,2013.0,2002.0
2021105949,カンタベリーローズ,牝,遠藤茂,,アニマルキングダム,000a011dad,メイショウウケヅキ,2011106526,フレンチデピュティ,000a00013a,峰哲馬,ヤマイチ牧場,370.0,2008.0,2011.0,1992.0
2021101629,ハクアイドリーム,牡,菅原右吉,,タリスマニック,000a013425,ウルバーノ,2016110018,ハーツクライ,2001103038,森田徹,ダーレー・ジャパン・ファーム,370.0,2013.0,2016.0,2001.0
2021101130,ホクトシーダー,牝,上杉昌宏,,ダンカーク,000a012185,ハルダル,2007100935,ゴールドアリュール,1999106689,飛田忠次,ＭＳＴＡＢＬＥ,370.0,2006.0,2007.0,1999.0
2021106553,タガノエイリアス,牡,松島壽,,ビーチパトロール,000a0141f9,ボディーダンシング,2010103812,ホワイトマズル,1990109700,崎谷彦司,新冠タガノファーム,369.6,2013.0,2010.0,1990.0
2021102373,ナナチャンス,牝,伊藤勝好,,バゴ,2001190004,ストロンボリ,2010101908,ゴールドアリュール,1999106689,小橋亮太,中田牧場,369.6,2001.0,2010.0,1999.0
2021103321,クリノエクリプス,牡,今津勝之,,レッドファルクス,2011104416,レッドルシアン,2011103762,ゼンノロブロイ,2000101517,（同）ＪＰＮ技研,ミリオンファーム,369.2,2011.0,2011.0,2000.0
2021102855,フルハートビート,牡,坂口義幸,,ドレフォン,000a013b82,ビートフォーセール,2014106192,ハーツクライ,2001103038,組）リノレーシング,高村牧場,369.1,2013.0,2014.0,2001.0
2021105270,クラウンパント,牝,中川竜馬,,リーチザクラウン,2006102923,ラントゥザリード,2008103044,タニノギムレット,1999100226,豊島愛子,社台ファーム,368.9,2006.0,2008.0,1999.0
2021102112,ピンクシャウラ,牡,山田和久,,フリオーソ,2004106867,ラインステッチ,2004110120,Fusaichi Pegasus,000a0022cf,（株）フロンティア,前野牧場,368.9,2004.0,2004.0,1997.0
2021105079,ヴォードノエル,牝,真島正徳,,ストロングリターン,2006102934,ジョリーノエル,2002100539,スペシャルウィーク,1995103211,梅ケ枝容晃,社台ファーム,368.5,2006.0,2002.0,1995.0
2021104440,サンライズバモス,牡,井上哲,,シャンハイボビー,000a0127e4,カリブストーリー,2009105770,アグネスタキオン,1998101516,池山慎吾,藤原牧場,368.5,2010.0,2009.0,1998.0
2021102901,ハートライト,牝,新井健児,,エピファネイア,2010104155,ハーツキー,2012104540,ハーツクライ,2001103038,桧山博守,谷川牧場,368.0,2010.0,2012.0,2001.0
2021102418,コルティリオ,牡,山崎裕也,,サトノクラウン,2012104668,テキサスルビー,2008103194,スペシャルウィーク,1995103211,高松英生,坂東牧場,368.0,2012.0,2008.0,1995.0
2021106023,パンツタイショウ,牡,藤田正治,,ベストウォーリア,2010110127,フラワーパワー,2013105533,カジノドライヴ,2005110112,（株）ＰＮＴスクワッ,安達牧場,367.1,2010.0,2013.0,2005.0
2021105960,エイユーキュート,牝,荒木道哉,,エピファネイア,2010104155,サルスエラ,2005102611,マンハッタンカフェ,1998101554,笹部義則,レイクヴィラファーム,367.0,2010.0,2005.0,1998.0
2021104439,サイコロチャン,牝,井上哲,,ディーマジェスティ,2013104704,オアシスムーン,2010103296,アグネスタキオン,1998101516,三原公子,藤原牧場,367.0,2013.0,2010.0,1998.0
2021103751,ヘブリディーズ,牝,古澤悟,,スズカコーズウェイ,2004104345,フィーリンググー,2012102858,セイントアレックス,2007110008,ＫＡＪＩＭＯＴＯホールディングス,グランド牧場,367.0,2004.0,2012.0,2007.0
2021103735,カネトシアンカー,牝,佐々木仁,,アルアイン,2014106046,トップオブザヘヴン,2007100235,キングカメハメハ,2001103460,兼松昌男,グランド牧場,367.0,2014.0,2007.0,2001.0
2021106454,ファイアンス,牝,黒木豊,,モーニン,2012110091,ミントシャイン,2002103789,サンデーサイレンス,000a00033a,関昭一,富本茂喜,366.9,2012.0,2002.0,1986.0
2021101357,ライズタイガ,牡,佐藤茂,,グレーターロンドン,2012101402,ノボミリオンヌ,2014103838,ノボジャック,1997110152,矢野琢也,サンバマウンテンファーム,365.3,2012.0,2014.0,1997.0
2021100091,エイシンボーノ,牡,碇清次郎,,マインドユアビスケッツ,000a01392e,エーシンパナギア,2008101286,エイシンサンディ,1993103280,小濱正智,木田牧場,365.0,2013.0,2008.0,1993.0
2021100197,ゼットメルベーユ,牝,田中範雄,,オルフェーヴル,2008102636,ソロデビュー,2009101565,シンボリクリスエス,1999110099,林知佐子,嶋田牧場,364.7,2008.0,2009.0,1999.0
2021102818,タノシンダモノガチ,牝,迫田清美,,ワールドエース,2009106353,メモリーフェスタ,2008101540,キャプテンスティーヴ,000a000d9d,辻祐二,成隆牧場,364.0,2009.0,2008.0,1997.0
2021104124,ティアジャーカー,牝,國澤利照,,パイロ,000a01176a,ダイワビリーブ,2012103231,エンパイアメーカー,000a010542,小橋亮太,千代田牧場,363.7,2005.0,2012.0,2000.0
2021101474,マーメイド,牝,吉田司,,サトノアラジン,2011104063,クリアンサス,2008102710,Redoute's Choice,000a00fe93,古川忠一,白井牧場,363.7,2011.0,2008.0,1996.0
2021103402,ランハルト,牡,佐々木功,,マイティスピリット,2015104965,ピンナップガール,2012109218,マイネルセレクト,1999107196,竹下佳利,アフリートファーム,363.5,2015.0,2012.0,1999.0
2021100865,タマハガネ,牡,池田敦,,ファインニードル,2013100612,フレッチャブランカ,2015103323,クロフネ,1998110135,服部知明,富塚ファーム,363.5,2013.0,2015.0,1998.0
2021100323,ハーツケリー,牝,瀬戸幸一,,ベストウォーリア,2010110127,チェストケハーツ,2013102496,ハーツクライ,2001103038,徳増栄治,沼田照秋,363.3,2010.0,2013.0,2001.0
2021103428,バルミーパール,牝,岡田利一,,リアルスティール,2012104889,ニジノムコウ,2005110160,Flatter,000a010d05,（株）さくらコーポレ,石川牧場,363.1,2012.0,2005.0,1999.0
2021106602,ヤマニントゥルシー,牡,伊藤和忍,,シニスターミニスター,000a011099,ヤマニンプチガトー,2009105000,ヤマニンセラフィム,1999104188,土井久美子,錦岡牧場,363.0,2003.0,2009.0,1999.0
2021105797,ブランシール,牝,稲垣幸雄,,ニューイヤーズデイ,000a014589,マーブルケーキ,2011103886,キングカメハメハ,2001103460,吉田勝己,ノーザンファーム,363.0,2011.0,2011.0,2001.0
2021106291,ノリサムソン,牡,大宮和也,,メイショウサムソン,2003102205,オーガストウェイ,2008102807,アグネスタキオン,1998101516,（株）ケーエム,スカイビーチステーブル,362.4,2003.0,2008.0,1998.0
2021104465,アミュニション,牡,高野毅,,ダンカーク,000a012185,キモンオレンジ,2011102583,ダンスインザダーク,1993109188,琴浦諒,へいはた牧場,362.0,2006.0,2011.0,1993.0
2021106185,ワタシハサイキョウ,牡,櫻田浩樹,,トゥザワールド,2011103975,エアワルツ,2005102399,ダンスインザダーク,1993109188,山本武司,小泉学,361.9,2011.0,2005.0,1993.0
2021104765,ラズワルドラピス,牝,櫻井今朝,,ジャスタウェイ,2009106461,スマイルワールド,2016104259,キングカメハメハ,2001103460,遠藤喜和,追分ファーム,361.9,2009.0,2016.0,2001.0
2021106921,ベルウッドボヌール,牡,加藤和義,,ミッキーロケット,2013106099,ストームイメージ,2001102785,ダンスインザダーク,1993109188,東恭平,松浦牧場,361.4,2013.0,2001.0,1993.0
2021103607,ゴルトヴェーレ,牝,井樋明正,,ゴールドシップ,2009102739,ミキノセレナーデ,2005105415,コロナドズクエスト,000a0000b5,吉田哲,岡田牧場,361.3,2009.0,2005.0,1995.0
2021106884,ミストレビノ,牝,茂崎正善,,シュヴァルグラン,2012104759,アンケセナーメン,2010106013,ブライアンズタイム,000a000082,橘勝年,北星村田牧場,361.2,2012.0,2010.0,1985.0
2021109004,アオイサクラ,牝,小島茂之,,ウインバリアシオン,2008103206,トガミサクラ,2010109003,キャプテンスティーヴ,000a000d9d,新谷幸義,荒谷牧場,361.0,2008.0,2010.0,1997.0
2021104659,スーパーソニック,牝,藤ケ崎一,,アジアエクスプレス,2011110091,シルバーチャリス,000a010c8c,Rainbow Quest,000a001b4d,酒井孝敏,市川牧場,361.0,2011.0,2001.0,1981.0
2021103872,シアワセノヨカン,牝,武井和実,,モンテロッソ,000a011b05,レッドプリモ,2015104654,ルーラーシップ,2007103143,シグラップ・マネジメ,ＣＲステーブル,361.0,2007.0,2015.0,2007.0
2021104956,エールヴァーゲ,牝,三野宮通,,ロゴタイプ,2010103783,イブニングサンダー,000a013dac,Morning Line,000a013be5,（株）アプエンテ,社台ファーム,360.9,2010.0,2015.0,2007.0
2021104350,モモダンゴ,牝,及川良春,,ビーチパトロール,000a0141f9,ルーセントオーデ,2014102549,スマートファルコン,2005100097,大黒富美子,原ファーム,360.9,2013.0,2014.0,2005.0
2021107311,エスケイプライム,牡,土井道隆,,アルアイン,2014106046,プシュケ,2016105635,ノヴェリスト,000a012230,松本英泰,木村秀則,360.8,2014.0,2016.0,2009.0
2021106495,メン,牝,大山寿文,,エピカリス,2014103121,アマレット,2008100079,スウェプトオーヴァーボード,000a00fa34,山本晋也,中本牧場,360.8,2014.0,2008.0,1997.0
2021101530,ウインラムセス,牡,後藤佑耶,,ストロングリターン,2006102934,スイートマトルーフ,2006109266,スペシャルウィーク,1995103211,佐野幸一郎,シンボリ牧場,360.6,2006.0,2006.0,1995.0
2021100518,アルマジャック,セ,加藤和宏,,ワールドエース,2009106353,アルマユディト,2015102695,ヨハネスブルグ,000a0103b9,ファーストビジョン,山際牧場,360.4,2009.0,2015.0,1999.0
2021101628,フリージングフォグ,牝,加藤和義,,ディスクリートキャット,000a0113a1,ウィンターパレス,2015101667,パイロ,000a01176a,プレディクトレーシング,ダーレー・ジャパン・ファーム,360.2,2003.0,2015.0,2005.0
2021107215,ワクワクサセテ,牝,武市康男,,アメリカンペイトリオット,000a013bba,シルクスパイシー,1999100581,ダンシングブレーヴ,000a0000cc,ミルファーム,田原橋本牧場,360.0,2013.0,1999.0,1983.0
2021103404,パニャニャン,牝,松浦裕之,,リオンディーズ,2013105915,ホワイトミーティア,2011103818,ゼンノロブロイ,2000101517,前田良平,アフリートファーム,360.0,2013.0,2011.0,2000.0
2021103258,リオネラ,牝,村田一誠,,エピファネイア,2010104155,ミッキーグッドネス,2013106298,ディープインパクト,2002100816,ＴＮレーシング,三嶋牧場,360.0,2010.0,2013.0,2002.0
2021102836,メイショウアラセツ,牡,飯田祐史,,マジェスティックウォリアー,000a011e9c,メイショウメイホウ,2015103354,オルフェーヴル,2008102636,松本好雄,太陽牧場,360.0,2005.0,2015.0,2008.0
2021100787,エコロシャイン,牝,中川竜馬,,パイロ,000a01176a,ブラックシンデレラ,2014103878,ハーツクライ,2001103038,豊島愛子,鮫川啓一,360.0,2005.0,2014.0,2001.0
2021100728,ゴールドタリスマン,牝,井上弘之,,タリスマニック,000a013425,トリンカファイブ,2012105893,ステイゴールド,1994108729,上山泰憲,高昭牧場,360.0,2013.0,2012.0,1994.0
2021102582,ワイルドウォリアー,牡,石井勝男,,マジェスティックウォリアー,000a011e9c,オーバルカット,2000101596,エリシオ,1993190001,川上和彦,鵜木唯義,359.5,2005.0,2000.0,1993.0
2021101061,インヘリタンスエス,牡,堀千亜樹,,ビッグアーサー,2011103328,マルターズクリス,2006105155,シンボリクリスエス,1999110099,藤田在子,天羽禮治,359.5,2011.0,2006.0,1999.0
2021100484,シャイニングウェイ,牝,塚田隆男,,ジャスタウェイ,2009106461,シャイニングエナジー,000a0117a6,Rahy,000a001c5e,山室哲也,明治牧場,359.5,2009.0,2002.0,1985.0
2021106897,ロンギングキイ,牝,箕輪武,,ロンギングダンサー,2009105855,プトラナ,2015100780,ノヴェリスト,000a012230,廣瀬由一,細川農場,359.1,2009.0,2015.0,2009.0
2021106405,シュヴァルエレ,牡,的場均,,シュヴァルグラン,2012104759,ラウブレック,000a01596d,Mr. Greeley,000a00213e,田頭勇貴,大作ステーブル,359.0,2012.0,2011.0,1992.0
2021102843,ノアサンサン,牝,鷹見浩,,シュヴァルグラン,2012104759,エーシンリターンズ,2007101280,キングカメハメハ,2001103460,佐山公男,高野牧場,359.0,2012.0,2007.0,2001.0
2021106423,ヒマリアン,牡,野田忍,,ナムラタイタン,2006101408,ファイアクリスタル,2013105699,ネオユニヴァース,2000101426,岡本敞司,対馬正,358.8,2006.0,2013.0,2000.0
2021104760,センドネージュ,牝,田中道夫,,サトノクラウン,2012104668,シナノネージュ,2006102742,フレンチデピュティ,000a00013a,西岡透,追分ファーム,358.0,2012.0,2006.0,1992.0
2021103356,メイショウマーブル,牡,田中淳司,,サトノアラジン,2011104063,メイショウナンバー,2014105164,エンパイアメーカー,000a010542,松本好隆,本巣敦,357.9,2011.0,2014.0,2000.0
2021104285,リーゼントジェイド,セ,矢嶋大樹,,シャンハイボビー,000a0127e4,アルコセニョーラ,2004104875,ステイゴールド,1994108729,三浦大輔,畠山牧場,357.8,2010.0,2004.0,1994.0
2021101927,トゥラムプラッツ,牡,西山裕貴,,オルフェーヴル,2008102636,マミーフィンガー,2016102516,ルーラーシップ,2007103143,（同）ＪＰＮ技研,日高大洋牧場,357.6,2008.0,2016.0,2007.0
2021101813,ヨツヤカイダン,牝,藤田正治,,ビーチパトロール,000a0141f9,ディクシーゴールド,2005102591,ゴールドアリュール,1999106689,組）リノレーシング,中館牧場,357.4,2013.0,2005.0,1999.0
2021106161,ジャスタヘイロー,牝,千葉博次,,ジャスタウェイ,2009106461,キョウワセロトーレ,2015100187,キングカメハメハ,2001103460,谷謙介,協和牧場,357.3,2009.0,2015.0,2001.0
2021104028,ネバールーズロコ,牝,國澤利照,,メイショウボーラー,2001100650,ロビングショット,2008105804,ゼンノロブロイ,2000101517,小橋亮太,武牧場,357.0,2001.0,2008.0,2000.0
2021109090,ランカ,牝,八木正喜,,マクフィ,000a011c77,トゥルーストーリー,2012109086,キンシャサノキセキ,2003110212,小泉修,恵比寿興業株式会社那須野牧場,356.5,2007.0,2012.0,2003.0
2021103577,アヌーク,牝,阪本一栄,,マクフィ,000a011c77,アートオブダンサー,2006100787,サウスヴィグラス,1996110138,（株）ファーストビジ,岡田牧場,356.5,2007.0,2006.0,1996.0
2021105023,メンドロントット,牡,宮川浩一,,ドゥラメンテ,2012104511,グレナディーン,2007102818,スペシャルウィーク,1995103211,小林善一,社台ファーム,356.0,2012.0,2007.0,1995.0
2021101718,グローリーシューズ,牡,佐藤博紀,,ニューイヤーズデイ,000a014589,イロハ,2014102685,ヴィクトワールピサ,2007102923,呉本昌時,チャンピオンズファーム,356.0,2011.0,2014.0,2007.0
2021100200,エスケイイーグル,牡,井上弘之,,カリフォルニアクローム,000a012602,ルタンデスリーズ,2009101564,サクラバクシンオー,1989108341,伊藤輔則,嶋田牧場,355.9,2011.0,2009.0,1989.0
2021103916,スラーヴァ,牡,高橋文雅,,シャンハイボビー,000a0127e4,ポリアフ,2012104881,キングカメハメハ,2001103460,鈴木康弘,静内フジカワ牧場,355.5,2010.0,2012.0,2001.0
2021103127,スターウッドテール,牡,角田輝也,,ダノンレジェンド,2010110102,ベリーキュート,2007101718,ザッツザプレンティ,2000101398,梶正典,日東牧場,355.0,2010.0,2007.0,2000.0
2021101009,リワードシデン,牡,宇野木博,,ロゴタイプ,2010103783,マイネフォクシー,2001100554,メジロライアン,1987105368,宮崎忠比古,山田牧場,355.0,2010.0,2001.0,1987.0
2021102512,クイーンオブリリー,牝,永島太郎,,ルーラーシップ,2007103143,ミステリアスガール,2008101125,アグネスタキオン,1998101516,小川勲,猿倉牧場,354.1,2007.0,2008.0,1998.0
2021109055,コンチスター,牡,栗田裕光,,アッミラーレ,1997100569,ディックカントウ,2013100301,クロフネ,1998110135,（有）フォレブルー,フォレブルー,354.0,1997.0,2013.0,1998.0
2021106592,イグニス,牡,久保田貴,,エピファネイア,2010104155,テルメディカラカラ,2012100560,ハービンジャー,000a011996,寺田寿男,錦岡牧場,354.0,2010.0,2012.0,2006.0
2021107287,ヒーローオーソ,牡,栗本陽一,,フリオーソ,2004106867,アムールブラン,2013101443,マイネルラヴ,1995108558,三田正眞,山田政宏,353.7,2004.0,2013.0,1995.0
2021105177,クールクラバート,牡,竹之下昭,,モーリス,2011100655,ビジューミニョン,2012104195,ダイワメジャー,2001103114,（同）ＪＰＮ技研,社台ファーム,353.7,2011.0,2012.0,2001.0
2021106616,コレギウム,牡,長倉功,,キズナ,2010105827,エディン,2009105029,ジャングルポケット,1998101786,尾花龍一,ノースヒルズ,353.6,2010.0,2009.0,1998.0
2021103241,サウンドイヴォーク,牡,東眞市,,ブリックスアンドモルタル,000a014377,スクービドゥー,000a011535,Johan Cruyff,000a0114c3,増田雄一,三嶋牧場,353.6,2014.0,2004.0,1994.0
2021100762,カウイラ,牝,真島元徳,,ホークビル,000a01327c,イアハート,2015103612,ヘニーヒューズ,000a011155,鈴木克斉,小林正仁,353.6,2013.0,2015.0,2003.0
2021102133,ダブルブラック,牡,藤田正治,,ビーチパトロール,000a0141f9,ダブルヨウコ,2012100452,ハーツクライ,2001103038,ファーストビジョン,増尾牧場,353.4,2013.0,2012.0,2001.0
2021106436,クリノモルガナイト,牡,玉井勝,,アスカクリチャン,2007104599,レスティヴコマンダ,1998100546,コマンダーインチーフ,000a0000b0,（有）総武開発,つつみ牧場,353.0,2007.0,1998.0,1990.0
2021106434,ウルトラクロス,牡,真島正徳,,ウルトラカイザー,2008104671,ストールンブライド,2003102514,ヘクタープロテクター,000a000d6b,中野真吾,つつみ牧場,353.0,2008.0,2003.0,1988.0
2021104132,オンザプラネット,牡,伊藤和,,エピファネイア,2010104155,ニューウェーブ,2016106045,ハーツクライ,2001103038,久保田定,千代田牧場,353.0,2010.0,2016.0,2001.0
2021101079,ボヌールアンドゥー,牝,中道啓二,,モーニン,2012110091,カクテルフォンテン,2010100179,ルールオブロー,000a010d7d,中村二郎,新井弘幸,353.0,2012.0,2010.0,2001.0
2021104642,アトニモサキニモ,牡,田中正二,,アルアイン,2014106046,コマノヴァンドール,2016104063,ロードカナロア,2008103552,新井誠,新井牧場,352.9,2014.0,2016.0,2008.0
2021102031,メイショウニコニコ,牝,齋藤雄一,,キタサンブラック,2012102013,マンドゥラ,000a0120f4,Danehill Dancer,000a002309,川村初美,碧雲牧場,352.7,2012.0,2007.0,1993.0
2021104170,リアリータイト,牝,箕輪武,,キズナ,2010105827,ラブミーテンダー,2012103200,ゼンノロブロイ,2000101517,梅ケ枝容晃,千代田牧場,352.5,2010.0,2012.0,2000.0
2021103882,ギンノアラナミ,牡,加藤幸保,,アルアイン,2014106046,マイネウェリナ,2011104877,キングカメハメハ,2001103460,佐藤範夫,静内白井牧場,352.5,2014.0,2011.0,2001.0
2021100951,メイプルドレフォン,牡,黒田隆男,,ドレフォン,000a013b82,ヘラルドスクエア,2013105453,キングカメハメハ,2001103460,山崎郡,フクオカファーム,352.5,2013.0,2013.0,2001.0
2021100015,キラン,牝,小野寺晋,,ワールドエース,2009106353,ティアラトウショウ,2012103255,アドマイヤムーン,2003102991,安田功夫,乾皆雄,352.5,2009.0,2012.0,2003.0
2021104704,リリアン,牝,小久保智,,マクマホン,000a0143ac,ジュリアー,000a0143cb,Sky Mesa,000a010a66,島川隆哉,エスティファーム,352.2,2014.0,2012.0,2000.0
2021100296,リックルイコン,牝,櫻井今朝,,ラニ,2013110045,ジョーゲルダ,2006100212,オペラハウス,000a000d77,山邉浩,土居牧場,352.1,2013.0,2006.0,1988.0
2021101487,トレポンティ,牝,後藤佑耶,,オルフェーヴル,2008102636,ブラーノ,2015104196,キングカメハメハ,2001103460,,白井牧場,352.0,2008.0,2015.0,2001.0
2021104480,オーデンリッキー,牝,小沢宏次,,コパノリッキー,2010106548,ラブミーピンク,2016106282,タイキシャトル,1994109686,横田一男,へいはた牧場,351.6,2010.0,2016.0,1994.0
2021103169,タイキオナード,牡,櫻井今朝,,アメリカンペイトリオット,000a013bba,スノーサミット,2013100592,アドマイヤムーン,2003102991,遠藤喜和,ビクトリーホースランチ,351.3,2013.0,2013.0,2003.0
2021104241,ショウナンダダン,牡,中川竜馬,,ショウナンバッハ,2011106394,ショウナンガーデン,2008102015,クロフネ,1998110135,豊島愛子,西村牧場,351.2,2011.0,2008.0,1998.0
2021103218,モリエヌス,牝,真島正徳,,ビッグアーサー,2011103328,アルケミスト,2013103749,ダイワメジャー,2001103114,加藤徹,三嶋牧場,351.0,2011.0,2013.0,2001.0
2021107235,アフリカンビート,牡,井上弘之,,マインドユアビスケッツ,000a01392e,オールモストゼア,2015104251,ディープインパクト,2002100816,（株）ＭＡＸトレーニ,奥山牧場,350.8,2013.0,2015.0,2002.0
2021106579,ハヤブサキンチャン,牝,松本隆宏,,キンシャサノキセキ,2003110212,フライアゲイン,000a013e17,Fusaichi Pegasus,000a0022cf,武田修,新冠橋本牧場,350.8,2003.0,2010.0,1997.0
2021103782,マリリア,牝,小国博行,,オルフェーヴル,2008102636,ジアトレーゼ,2011100455,ティンバーカントリー,000a00035e,二口雅一,サカイファーム,350.5,2008.0,2011.0,1992.0
2021102941,セイウンウィズミー,牝,渡邊貴光,,ネロ,2011103722,トーセンミューズ,2016103808,トーセンロレンス,2009106085,西山茂行,大道牧場,350.5,2011.0,2016.0,2009.0
2021109097,メイパワー,牝,深山雅史,,ファインニードル,2013100612,メイハンコック,2015109096,ワークフォース,000a011a7f,千明牧場,千明牧場,350.0,2013.0,2015.0,2007.0
2021106693,ハツワカ,牡,新井清重,,リオンディーズ,2013105915,ナスノカツラ,2015109079,ヴィクトワールピサ,2007102923,（株）ＩＴＦ,ハシモトファーム,350.0,2013.0,2015.0,2007.0
2021104920,ジーティーポライト,牝,原口次夫,,ハービンジャー,000a011996,ミッドタウンレディ,2007102885,ゼンノロブロイ,2000101517,小濱正智,社台コーポレーション白老ファーム,350.0,2006.0,2007.0,2000.0
2021104540,スプレムータ,牡,倉地学,,アメリカンペイトリオット,000a013bba,アウグスタ,2016106336,エイシンフラッシュ,2007102951,日野陽子,松田牧場,350.0,2013.0,2016.0,2007.0
2021103651,グランドフォレスト,牡,長倉功,,リアルインパクト,2008103244,グランドウイズダム,2013103247,キングカメハメハ,2001103460,プレディクトレーシング,片岡博,350.0,2008.0,2013.0,2001.0
2021100459,アブソリュート,牡,山崎裕也,,レッドファルクス,2011104416,ボロンベルラルーン,2010101659,アドマイヤムーン,2003102991,（有）内田ステーブル,三石川上牧場,350.0,2011.0,2010.0,2003.0
2021103589,ヴィライザベル,牝,大島静夫,,タリスマニック,000a013425,サンバビーン,2010102510,スズカマンボ,2001103890,北原大史,岡田牧場,349.9,2013.0,2010.0,2001.0
2021109127,タイセイマロン,牝,後藤佑耶,,シュヴァルグラン,2012104759,ドリーボンズレガシー,000a0117a4,Proud Citizen,000a0105b8,田中成奉,本田土寿,349.7,2012.0,2005.0,1999.0
2021100738,ホッコーアドミラル,牡,佐藤雅彦,,シュヴァルグラン,2012104759,ホッコーサラスター,2011103175,ヨハネスブルグ,000a0103b9,太田匡哉,高昭牧場,349.7,2012.0,2011.0,1999.0
2021100153,アイフィロス,牝,手島勝利,,シルバーステート,2013105903,ニンフェアアルバ,000a012520,Monsun,000a010db6,三岡陽,ケイアイファーム,349.1,2013.0,2007.0,1990.0
2021103704,サチノマーシー,牡,矢内博,,スマートファルコン,2005100097,サチノマリアージュ,2012106009,サウスヴィグラス,1996110138,田村義徳,桑嶋峰雄,349.0,2005.0,2012.0,1996.0
2021103407,ゼンダンヤマト,牡,倉地学,,サンダースノー,000a013a06,ローズデュルワ,2007102815,アフリート,000a000013,ゼンレーシング,アフリートファーム,349.0,2014.0,2007.0,1984.0
2021100418,カリスイモン,牝,藤田正治,,エピカリス,2014103121,キングアンドクイン,2012103723,キングカメハメハ,2001103460,増田吉彦,前田ファーム,349.0,2014.0,2012.0,2001.0
2021100172,パルティーダ,牡,竹下直人,,オルフェーヴル,2008102636,レジデンス,2014101083,ケープブランコ,000a011b06,ファーストビジョン,ケイアイファーム,348.6,2008.0,2014.0,2007.0
2021106674,ミリオンライブ,牝,武藤敏明,,オルフェーヴル,2008102636,ザデイ,2006100911,シンボリクリスエス,1999110099,Ｉレーシング（株）,ハクレイファーム,348.5,2008.0,2006.0,1999.0
2021105938,ラヴレボーテ,牝,米田英世,,ワールドエース,2009106353,ペルサントクリール,2004110225,Point Given,000a00fdbd,宇佐見紀之,橋本牧場,348.0,2009.0,2004.0,1998.0
2021105589,ゴールドプレイ,牡,胡本友晴,,レイデオロ,2014106201,ジュモー,2006103316,タニノギムレット,1999100226,ファーストビジョン,ノーザンファーム,348.0,2014.0,2006.0,1999.0
2021102847,タツノノヴァ,牡,田辺陽一,,モーニン,2012110091,エイシンデルフィー,2015106386,エイシンアポロン,2007110020,三河辰已,高村牧場,348.0,2012.0,2015.0,2007.0
2021100795,ピンクレモネード,牝,宇野木博,,ネロ,2011103722,ウインク,2005106043,ミラクルアドマイヤ,1995107939,鶴見恵理,鮫川ファーム,348.0,2011.0,2005.0,1995.0
2021109042,ライトイットアップ,牝,池田敦,,アメリカンペイトリオット,000a013bba,ナーサリーライム,2010100700,アグネスタキオン,1998101516,太田匡哉,諏訪牧場,347.2,2013.0,2010.0,1998.0
2021102095,アクアファースト,牝,手島勝利,,ラブリーデイ,2010104298,チリペッパー,2011100563,マンハッタンカフェ,1998101554,吉田勝利,前川義則,347.2,2010.0,2011.0,1998.0
2021104072,ジョリーメモリー,牡,森山英雄,,リアルインパクト,2008103244,プリンセスメモリー,2007102972,スウェプトオーヴァーボード,000a00fa34,海谷幸司,谷岡牧場,347.1,2008.0,2007.0,1997.0
2021102662,ベーディーナ,牝,藤田正治,,エピカリス,2014103121,インフィニティラヴ,2013103018,ファルブラヴ,1998190004,ファーストビジョン,鎌田正嗣,346.7,2014.0,2013.0,1998.0
2021104803,ベレンガリア,牝,九日俊光,,スワーヴリチャード,2014106083,レザニティエ,2013110096,Bernardini,000a0111fe,山邉浩,追分ファーム,346.6,2014.0,2013.0,2003.0
2021100050,ジツノスケ,牡,朝倉実,,エピカリス,2014103121,パッションエレナ,2012106155,ディープスカイ,2005101358,（株）ＭＭＣ,沖田哲夫,346.5,2014.0,2012.0,2005.0
2021104361,スターマンモス,牝,藤田弘治,,バトルプラン,000a0118e8,オープンベルト,2011105649,サムライハート,2002100996,坂本順子,藤川ファーム,346.2,2005.0,2011.0,2002.0
2021106820,マイネルトゥルネー,牡,梅田智之,,ロージズインメイ,000a010a10,マイネソーサリス,2001103935,ブライアンズタイム,000a000082,サラブレッドクラブ・ラフィアン,ビッグレッドファーム,346.0,2000.0,2001.0,1985.0
2021106125,ネオアステーリ,牝,岡田稲男,,Goldencents,000a0144c7,コンクェストハードキャンディ,000a01a8a4,Candy Ride,000a01132a,ＫＲジャパン,カミイスタット,346.0,2010.0,2014.0,1999.0
2021106946,アイビーブリッツ,牡,茂木浩幸,,カレンブラックヒル,2009106230,ジュローズ,2014105345,ワークフォース,000a011a7f,石坂茂ラボ（株）,松本信行,345.9,2009.0,2014.0,2007.0
2021101784,ラブリーシップ,牝,川西毅,,ラブリーデイ,2010104298,フラワーシップ,2014102257,ステイゴールド,1994108729,小林英一ホールディングス,出口牧場,345.8,2010.0,2014.0,1994.0
2021101684,ジェリーコアコアラ,牝,高馬元紘,,ダイワメジャー,2001103114,フラガリア,2014102172,タニノギムレット,1999100226,安田圭一郎,ダーレー・ジャパン・ファーム,345.7,2001.0,2014.0,1999.0
2021104516,レフトフィールダー,牡,瀬戸幸一,,ディスクリートキャット,000a0113a1,プリティマックス,2014105116,アドマイヤマックス,1999107004,丸岡啓一,前谷武志,345.6,2003.0,2014.0,1999.0
2021103945,ルクスアルム,牡,有馬澄男,,マジェスティックウォリアー,000a011e9c,ハイジトウショウ,2003105158,バブルガムフェロー,1993109219,（株）ルクス,静内山田牧場,345.6,2005.0,2003.0,1993.0
2021105690,レドンホール,牝,迫田清美,,リアルスティール,2012104889,ハーレクイーン,000a013e76,Canford Cliffs,000a0127a5,（同）ＪＰＮ技研,ノーザンファーム,345.5,2012.0,2013.0,2007.0
2021100450,ラブアンドラッキー,牝,中川雅之,,カリフォルニアクローム,000a012602,カワカミプリンセス,2003107045,キングヘイロー,1995104427,上山浩司,三石川上牧場,345.4,2011.0,2003.0,1995.0
2021103608,エターナルブルー,セ,戸部尚実,,ホークビル,000a01327c,ヤマカツサファイヤ,2013104051,マンハッタンカフェ,1998101554,矢澤和樹,岡田牧場,345.3,2013.0,2013.0,1998.0
2021105607,キトゥンヒール,牝,村田一誠,,モーリス,2011100655,ステファニーズキトゥン,000a012f07,Kitten's Joy,000a0119b3,吉田和美,ノーザンファーム,345.0,2011.0,2009.0,2001.0
2021104811,ハヤフネ,牝,高岩孝敏,,ビッグアーサー,2011103328,アシドベリー,2012101949,スウェプトオーヴァーボード,000a00fa34,八巻弘一,桑原牧場桑原康裕,345.0,2011.0,2012.0,1997.0
2021101313,オールザグッド,牝,川西毅,,ベストウォーリア,2010110127,カネスブリエ,2008105486,ロックオブジブラルタル,000a00fd4c,小林義彦,坂牧場,344.5,2010.0,2008.0,1999.0
2021106391,オリリオ,牡,栗田裕光,,マインドユアビスケッツ,000a01392e,スイートガーデン,2011101843,ブラックタイド,2001103312,山室正之,大作ステーブル,344.0,2013.0,2011.0,2001.0
2021100242,メインステイ,牡,藤原智行,,ヤマカツエース,2012102774,ジューンソフィア,2013100825,シンボリクリスエス,1999110099,中尾勝,タツヤファーム,344.0,2012.0,2013.0,1999.0
2021103489,ダンガリー,牡,林正人,,アニマルキングダム,000a011dad,オーガンディー,2011101785,フレンチデピュティ,000a00013a,栗坂崇,岡田スタッド,343.9,2008.0,2011.0,1992.0
2021103861,ユメカウツツカ,牝,井樋明正,,モーリス,2011100655,クロンヌドール,2009105896,アグネスタキオン,1998101516,西隆久,サンデーヒルズ,342.8,2011.0,2009.0,1998.0
2021106402,アドーネ,牡,松浦聡志,,エイシンフラッシュ,2007102951,モエレサンタマリア,2007103745,ゴールドヘイロー,1997101264,山口敦広,大作ステーブル,342.5,2007.0,2007.0,1997.0
2021103810,マキズシトイナ,牡,高橋清顕,,アメリカンペイトリオット,000a013bba,マユキ,2011106571,タイキシャトル,1994109686,稻井田有司,坂本智広,342.5,2013.0,2011.0,1994.0
2021101498,レオボンバイエ,牡,佐藤敏彦,,リーチザクラウン,2006102923,ニシノエクレール,2015105196,エイシンフラッシュ,2007102951,遠藤喜和,白瀬盛雄,342.0,2006.0,2015.0,2007.0
2021100634,ファルビーンズ,牡,目迫大輔,,スマートファルコン,2005100097,オカノプレイヤー,1999107594,マイニング,000a000221,高橋真紀,カケハムポニークラブ,342.0,2005.0,1999.0,1984.0
2021101863,ドンクロノス,牡,倉兼育康,,ディスクリートキャット,000a0113a1,ドナウィンディ,2014106484,フレンチデピュティ,000a00013a,上岡和男,日西牧場,341.5,2003.0,2014.0,1992.0
2021102341,アリストロシュ,牝,藤田弘治,,デクラレーションオブウォー,000a0136f6,カシマフラワー,2002107034,ヘクタープロテクター,000a000d6b,喜綿夏男,北島牧場,341.2,2009.0,2002.0,1988.0
2021104600,テンケイ,牡,沖田明子,,トビーズコーナー,000a011fed,サクラワイズ,2004104493,サクラバクシンオー,1989108341,岡田孝之,山田牧場,341.0,2008.0,2004.0,1989.0
2021101597,テクノハッピー,牡,中塚猛,,キンシャサノキセキ,2003110212,ハッピーティア,2008105717,ホワイトマズル,1990109700,梶山高志,滝本健二,340.9,2003.0,2008.0,1990.0
2021101232,グラフ,牝,真島正徳,,ヘニーヒューズ,000a011155,シルバードリーム,2013100211,サウスヴィグラス,1996110138,西村健作,木村牧場,340.5,2003.0,2013.0,1996.0
2021101217,ファインスカート,牝,高岩孝敏,,ファインニードル,2013100612,スカートフワリ,2016109118,シンボリクリスエス,1999110099,遠藤喜和,木部ファーム,340.3,2013.0,2016.0,1999.0
2021100538,キルザサイレンス,牡,後藤正義,,ルックスザットキル,2012110078,ウィズリーガーデン,2013105983,ダイワメジャー,2001103114,松本朋治,米田和子,340.3,2012.0,2013.0,2001.0
2021106457,ハートフルダイヤ,牝,玉井昇,,ヴァンセンヌ,2009106525,オテンバタイザン,2011101341,ゴールドアリュール,1999106689,角谷守正,トモファーム,340.0,2009.0,2011.0,1999.0
2021104162,タッケンウルル,牝,田中範雄,,ブラックタイド,2001103312,ミリアグラシア,2010110038,Flashy Bull,000a011b18,竹田寿,千代田牧場,340.0,2001.0,2010.0,2003.0
2021103462,ブッコワース,牡,佐々木洋,,ベーカバド,000a011dc0,メダリオンスター,2008103229,スペシャルウィーク,1995103211,栗山英樹,及川幸夫,340.0,2007.0,2008.0,1995.0
2021102960,ソルトロング,牡,荒川義之,,ニューイヤーズデイ,000a014589,アドマイヤアロング,2008103351,スペシャルウィーク,1995103211,杉浦敏夫,辻牧場,340.0,2011.0,2008.0,1995.0
2021106714,セナチャンノユメ,牝,岩崎真樹,,アポロケンタッキー,2012110098,レッドアンジェリカ,2008102747,サクラバクシンオー,1989108341,（有）カネショウ,浜口牧場,339.0,2012.0,2008.0,1989.0
2021102479,マッダレーナ,牝,今津博之,,ワールドエース,2009106353,オデッタ,2012105414,キングカメハメハ,2001103460,飯田学,寺井文秀,339.0,2009.0,2012.0,2001.0
2021102059,スマートマナリス,牡,川嶋弘吉,,ヴィクトワールピサ,2007102923,スマートアエロ,2015105990,スマートロビン,2008100685,ファーストビジョン,豊洋牧場,339.0,2007.0,2015.0,2008.0
2021100499,エイシンソーラー,牝,笹野博司,,エイシンヒカリ,2011101273,エイシンイヒラニ,2013103746,キングカメハメハ,2001103460,平井克彦,元茂修一,338.9,2011.0,2013.0,2001.0
2021101148,セイウンアーテル,牡,竹下直人,,バゴ,2001190004,ニシノカザブエ,2011103716,ステイゴールド,1994108729,安藤浩也,沖田牧場,338.8,2001.0,2011.0,1994.0
2021106519,カジカライズ,牡,久保田貴,,シルバーステート,2013105903,ジプシーマイラブ,2009106052,Manduro,000a0114b8,越村哲男,長浜牧場,338.5,2013.0,2009.0,2002.0
2021101218,リプリー,牝,榎屋充,,アドミラブル,2014105979,スズカダーリン,2006101128,タイキシャトル,1994109686,木部嚴生,木部ファーム,338.3,2014.0,2006.0,1994.0
2021110010,クラリファイ,牡,萩原清,,Justify,000a013f2d,クオウト,000a01bd03,Galileo,000a00232b,サンデーレーシング,Shadai Corporation,338.0,2015.0,2016.0,1998.0
2021106028,キアンクラッシコ,牝,川添明弘,,モーニン,2012110091,ユキノレッシャ,2009106561,フジキセキ,1992109618,本口博康,安達牧場,338.0,2012.0,2009.0,1992.0
2021105934,パンオショコラ,牝,村上頼章,,メイショウボーラー,2001100650,ドレスコード,2003100654,サンデーサイレンス,000a00033a,池田洋宣,橋本牧場,338.0,2001.0,2003.0,1986.0
2021105197,コーントップス,牝,松浦裕之,,マインドユアビスケッツ,000a01392e,フレンチアイディア,2001103165,サンデーサイレンス,000a00033a,三岡有香,社台ファーム,338.0,2013.0,2001.0,1986.0
2021101954,ヒロアプリオリ,牡,加藤誠一,,サンダースノー,000a013a06,ナリタカサブランカ,2008103667,ディープインパクト,2002100816,石川博,広富牧場,338.0,2014.0,2008.0,2002.0
2021106868,ビックピカンテ,牝,今津勝之,,ベストウォーリア,2010110127,スウィートピカンテ,2012103210,パイロ,000a01176a,関根渉,ホース・マネジメント・ボス,337.5,2010.0,2012.0,2005.0
2021106643,キラナ,牝,上杉昌宏,,キズナ,2010105827,バイコースタル,000a011797,Gone West,000a001be1,前田幸治,ノースヒルズ,337.5,2010.0,2004.0,1984.0
2021100595,ライシアム,牡,月岡健二,,グレーターロンドン,2012101402,ラブアダブダブ,2006110032,ファルブラヴ,1998190004,窪田芳郎,恵比寿牧場,337.5,2012.0,2006.0,1998.0
2021103302,メイショウベル,牝,工藤真司,,デクラレーションオブウォー,000a0136f6,シニスタークイーン,2009100820,シニスターミニスター,000a011099,ＫＡＪＩＭＯＴＯホールディングス,宮内牧場,337.2,2009.0,2009.0,2003.0
2021110024,スカイレディ,牝,吉井竜一,,Teofilo,000a01139e,Indian Skies,000a01c724,Dubawi,000a0115e2,佐山公男,Godolphin,337.0,2004.0,2014.0,2002.0
2021106441,プリマデルノールド,牝,小国博行,,サンダースノー,000a013a06,メロディライン,2014102231,パイロ,000a01176a,兼松康太,トド岩高原銀河農場物語,337.0,2014.0,2014.0,2005.0
2021101694,ハワイアンアイコン,牡,笹野博司,,ロードカナロア,2008103552,ポップアイコン,2009102557,ダイワメジャー,2001103114,舩田宏貴,ダーレー・ジャパン・ファーム,337.0,2008.0,2009.0,2001.0
2021102635,サスケスリーズ,牝,渡邊貴光,,サトノアレス,2014105493,ファンシービビッド,2008102921,ファルブラヴ,1998190004,高橋敏英,小倉牧場,336.5,2014.0,2008.0,1998.0
2021106015,モイエンド,牡,後藤正義,,イスラボニータ,2011103565,ゴールデンプライズ,2005102303,ホワイトマズル,1990109700,伊藤弘泰,安達牧場,335.7,2011.0,2005.0,1990.0
2021106228,ピエールテネシー,牝,廣森久雄,,アポロケンタッキー,2012110098,パラダイスキャリー,2004100305,ブラックタキシード,1996107315,工藤栄三,今野活博,335.6,2012.0,2004.0,1996.0
2021107223,プリマフェーヴル,牝,工藤真司,,オルフェーヴル,2008102636,プリマーベル,2013104442,キングカメハメハ,2001103460,新井原博,新冠川上牧場,335.5,2008.0,2013.0,2001.0
2021110144,クロスビー,牡,小久保智,,New Bay,000a012bc0,ウィッシングタイム,000a01bf3b,Frankel,000a01239b,島川隆哉,Takaya Shimakawa,335.0,2012.0,2014.0,2008.0
2021104219,サンラモン,牡,渡部則夫,,パドトロワ,2007102760,スカイトウショウ,2002104944,ハウスバスター,000a000187,ハヤシテラソスルイス,鳥谷勝彦,335.0,2007.0,2002.0,1987.0
2021101830,ガルフブリーズ,牝,水野貴史,,ディープブリランテ,2009105084,パラダイスコースト,2006110099,Fusaichi Pegasus,000a0022cf,吉田勝利,ナカノファーム,334.8,2009.0,2006.0,1997.0
2021100673,オルタンシア,牝,井樋明正,,アポロキングダム,2003110139,ボタングラス,2012105905,スウィフトカレント,2001103189,吉田哲,桑田ファーム,334.6,2003.0,2012.0,2001.0
2021101673,エスカルチャ,牡,板垣吉則,,ファインニードル,2013100612,デザートチル,000a0116dc,Red Ransom,000a001c68,会田裕一,ダーレー・ジャパン・ファーム,334.5,2013.0,2005.0,1987.0
2021106424,ベラジオコクオウ,牡,松浦裕之,,ホッコータルマエ,2009100921,プリティタヤス,2003100250,マーベラスサンデー,1992103687,（株）ビープロジェク,対馬正,334.0,2009.0,2003.0,1992.0
2021106251,ブラボーブラボー,牝,宇都英樹,,カレンブラックヒル,2009106230,スパイクラベンダー,2010105523,Henrythenavigator,000a0116fd,酒井孝敏,佐藤牧場,334.0,2009.0,2010.0,2005.0
2021104061,キョウエイオリオン,牡,小沢宏次,,サクラオリオン,2002104686,サクラベル,2008100408,サクラプレジデント,2000102261,田中晴夫,谷岡スタット,334.0,2002.0,2008.0,2000.0
2021102158,モミジノカンザシ,牝,安池成実,,マジェスティックウォリアー,000a011e9c,ピユカンタービレ,2008102793,スペシャルウィーク,1995103211,木村恵理,モリナガファーム,334.0,2005.0,2008.0,1995.0
2021101145,アースグレース,牝,加藤幸保,,ゴールドアクター,2011105266,ゴールドハーツ,2013100152,ハーツクライ,2001103038,中島俊房,沖田牧場,334.0,2011.0,2013.0,2001.0
2021102543,キセキノクニ,牡,伊藤強一,,アニマルキングダム,000a011dad,メガミノキセキ,2014102970,ゼンノロブロイ,2000101517,鈴木和彦,中村俊紀,333.7,2008.0,2014.0,2000.0
2021104655,オブリマイラブ,牝,胡本友晴,,サトノアレス,2014105493,ベルモントリボン,2004100815,カコイーシーズ,1986109001,岡田龍太郎,池本久志,333.0,2014.0,2004.0,1986.0
2021104225,ロイヤルスピーデー,牡,北村欣也,,モーニン,2012110091,モエレピンクダイヤ,2009101673,ゴールドヘイロー,1997101264,藤木隆之,中田浩美,333.0,2012.0,2009.0,1997.0
2021101333,プケッティ,牝,加藤幸保,,プレティオラス,2009102405,コンソラーレ,2011100273,マンハッタンカフェ,1998101554,吉川真ノ介,サンシャイン牧場,332.6,2009.0,2011.0,1998.0
2021101522,ワイドステラ,牝,植松則幸,,ジャスタウェイ,2009106461,ウタヒメ,2010110074,Mr. Greeley,000a00213e,ファーストビジョン,シンボリ牧場,332.4,2009.0,2010.0,1992.0
2021100082,サマリンダ,牝,荒巻透,,ミッキーロケット,2013106099,モエレピンクレディ,2006103785,ゴールドヘイロー,1997101264,和田博美,加野牧場,332.4,2013.0,2006.0,1997.0
2021103539,ユウユウアイリス,牝,酒井一則,,ストロングリターン,2006102934,プラチナベール,2005102496,アグネスタキオン,1998101516,北原大史,岡田スタッド,332.0,2006.0,2005.0,1998.0
2021101001,ファストフィール,牡,倉兼育康,,ディープブリランテ,2009105084,エンプレスラブ,2009101360,マイネルラヴ,1995108558,藤井肇基,村中牧場,332.0,2009.0,2009.0,1995.0
2021103067,マーニク,牝,長谷川忍,,サトノダイヤモンド,2013106101,シラバリー,000a013731,Street Cry,000a0103ba,（株）アプエンテ,富田牧場,331.9,2013.0,2013.0,1998.0
2021106762,ナギサノナツコ,牝,胡本友晴,,アジアエクスプレス,2011110091,サマーコード,2007104861,スターリングローズ,1997106560,（株）ＭＭＣ,樋渡志尚,331.5,2011.0,2007.0,1997.0
2021103284,ウォーオブサウンド,牡,戸部尚実,,ブラックタイド,2001103312,ラッシュライフ,2003102762,サクラバクシンオー,1989108341,遠藤喜和,三嶋牧場,331.5,2001.0,2003.0,1989.0
2021102344,ボーズマン,牡,伊藤強一,,コパノリッキー,2010106548,ジャズプリンセス,000a0117c2,Bahhare,000a011770,伊藤彰敏,北島牧場,331.2,2010.0,2002.0,1994.0
2021101978,ハナカンザシ,牝,斉藤正弘,,フリオーソ,2004106867,ピュアマーチ,2015103914,サウスヴィグラス,1996110138,二神健,ファーミングヤナキタ,331.2,2004.0,2015.0,1996.0
2021105249,ドナミント,牝,齊藤敏,,オルフェーヴル,2008102636,ミントフレッシュ,2016110087,War Front,000a011d00,小川眞査雄,社台ファーム,331.0,2008.0,2016.0,2002.0
2021100108,アイアンパシュート,牡,迫田清美,,サトノアラジン,2011104063,アイアンプラスワン,2009106228,シンボリクリスエス,1999110099,杉本剛彦,グローリーファーム,330.9,2011.0,2009.0,1999.0
2021106114,ヤマショウクイーン,牝,小林義明,,ネロ,2011103722,ワンダーサークル,2010102848,グラスワンダー,1995108676,山下勇,海馬沢明,330.8,2011.0,2010.0,1995.0
2021101507,ブルックリン,牡,矢野義幸,,トゥザワールド,2011103975,ザスパイスガール,2010100566,マチカネキンノホシ,1996110304,（有）新生ファーム,新生ファーム,330.8,2011.0,2010.0,1996.0
2021101592,オレアヌエヌエ,牡,山田徹,,レインボーライン,2013106183,ブラウンキャビア,2013110113,Kodiac,000a012b10,徳田直樹,高山牧場,330.1,2013.0,2013.0,2001.0
2021106775,マイネルガンナー,牡,柳井宏之,,ゴールドシップ,2009102739,クードヴァン,2013101949,ディープインパクト,2002100816,井野彰,ビッグレッドファーム,330.0,2009.0,2013.0,2002.0
2021105520,コナウェリナ,牝,宮田敬介,,ミッキーアイル,2011103916,コナブリュワーズ,2010104036,キングカメハメハ,2001103460,キャロットファーム,ノーザンファーム,330.0,2011.0,2010.0,2001.0
2021105464,エリカヴァリエンテ,牝,森澤友貴,,ハービンジャー,000a011996,オーロラエンブレム,2014106111,ディープインパクト,2002100816,三木正浩,ノーザンファーム,330.0,2006.0,2014.0,2002.0
2021104708,トーセンオリックス,牡,池上昌和,,キタサンブラック,2012102013,トーセンアルニカ,2010100233,メイショウサムソン,2003102205,島川隆哉,エスティファーム,330.0,2012.0,2010.0,2003.0
2021102827,テイエムミステリー,牡,木原一良,,サトノアラジン,2011104063,キャラメルフレンチ,2014106428,タイキシャトル,1994109686,竹園正繼,惣田英幸,330.0,2011.0,2014.0,1994.0
2021102584,ストロベリーキラー,牡,阿井正雄,,ヤマカツエース,2012102774,ミキノクレシェンド,2006106576,ブラックタキシード,1996107315,ライフエンタープライ,浦河育成牧場,330.0,2012.0,2006.0,1996.0
2021102518,ペイシャローズ,牝,萱野浩二,,ファインニードル,2013100612,セイントローズバド,2011102976,タイキシャトル,1994109686,北所直人,清水スタッド,330.0,2013.0,2011.0,1994.0
2021100741,メイショウムカバキ,牡,本田優,,サンダースノー,000a013a06,ホッコーユニバース,2010102064,アグネスタキオン,1998101516,松本好雄,高昭牧場,330.0,2014.0,2010.0,1998.0
2021109009,フライトブルー,牝,川田孝好,,アルデバランII,000a010541,ダーティダンシング,2004100727,Danehill Dancer,000a002309,宮崎信介,石田英機,329.6,1998.0,2004.0,1993.0
2021105443,エルミラージュ,セ,田中道夫,,アルアイン,2014106046,エラクレーア,2013110034,Raven's Pass,000a011d04,西岡透,ノーザンファーム,329.6,2014.0,2013.0,2005.0
2021105204,チョコレートデイ,牝,渡瀬寛彰,,ニューイヤーズデイ,000a014589,ブラッキーピサ,2010103755,タイキシャトル,1994109686,市川義美ホールディングス,社台ファーム,329.6,2011.0,2010.0,1994.0
2021106047,ベアビー,牝,川島豊,,モーニン,2012110091,ハルトリーゲル,2009104457,ファスリエフ,000a00fc4c,ファーストビジョン,石田牧場,329.3,2012.0,2009.0,1997.0
2021100353,アストリット,牝,西村守幸,,スワーヴリチャード,2014106083,ラクリモーサ,2009105982,ウォーエンブレム,000a00fa35,上田真澄,ヒサイファーム,329.0,2014.0,2009.0,1999.0
2021102385,シビックシャルル,牡,高馬元紘,,サトノダイヤモンド,2013106101,シビックハート,2012100879,バゴ,2001190004,（同）シビックレーシ,二風谷ファーム,328.5,2013.0,2012.0,2001.0
2021103676,キックアーサー,牝,藤田弘治,,ビッグアーサー,2011103328,マイスフォルテ,2012104013,ディープインパクト,2002100816,石道勝次,神垣道弘,328.4,2011.0,2012.0,2002.0
2021102501,ハルチャン,牝,今津博之,,ダノンシャンティ,2007105709,スプリングルーシー,2005101179,チーフベアハート,1993190010,北村泰規,様似共栄牧場,328.3,2007.0,2005.0,1993.0
2021103062,キャンディタフト,牝,坂口義幸,,カリフォルニアクローム,000a012602,キャンディバローズ,2013103606,ディープインパクト,2002100816,谷謙介,富田牧場,327.9,2011.0,2013.0,2002.0
2021105340,ティーエスフェアリ,牝,櫻田康二,,トゥザワールド,2011103975,エフティベス,2012104559,ハービンジャー,000a011996,鈴木智明,習志野牧場,327.7,2011.0,2012.0,2006.0
2021102874,ブリリアントゲート,牡,米川昇,,グロリアスノア,2006100429,ブリリアントアリス,2014103148,シニスターミニスター,000a011099,田中定彦,田中スタッド,327.4,2006.0,2014.0,2003.0
2021102714,サンモスクテール,牡,後藤正義,,オルフェーヴル,2008102636,ケイティマイヒメ,2005101405,コロナドズクエスト,000a0000b5,山科統,杵臼牧場,327.3,2008.0,2005.0,1995.0
2021104083,エーアイキリシマ,牡,川村守男,,タリスマニック,000a013425,メモリアルイヤー,2008103928,ゴールドアリュール,1999106689,西村新一郎,田原橋本牧場,327.0,2013.0,2008.0,1999.0
2021101599,アンクルサンダー,牡,倉兼育康,,サンダースノー,000a013a06,ウインクルサルーテ,2013103727,ハービンジャー,000a011996,岩崎僖澄,竹島幸治,326.6,2014.0,2013.0,2006.0
2021104190,オールオンフリーク,牝,戸部尚実,,エピファネイア,2010104155,オールオブナイト,2011104008,キングカメハメハ,2001103460,山口謙太郎,飛野牧場,326.1,2010.0,2011.0,2001.0
2021102270,バックシュート,牡,森沢友貴,,カレンブラックヒル,2009106230,リコーマチルダ,2013101051,ゼンノロブロイ,2000101517,瀬野尾裕久,リコーファーム,326.1,2009.0,2013.0,2000.0
2021103657,グローリーワン,牡,石橋満,,ワールドエース,2009106353,クイーングラス,2015104472,ルーラーシップ,2007103143,遠藤良一,カタオカファーム,326.0,2009.0,2015.0,2007.0
2021102897,アイアムイブシギン,牡,澤佳宏,,シニスターミニスター,000a011099,ニシノマザーアース,2007102501,ブライアンズタイム,000a000082,ＪＰＮ技研,谷川牧場,326.0,2003.0,2007.0,1985.0
2021107312,イサチルイトムスビ,牝,宇野木博,,ファインニードル,2013100612,ヴィトンクイーン,2006102298,ダンスインザダーク,1993109188,小坂功,絵笛牧場,325.7,2013.0,2006.0,1993.0
2021101889,ラブミーエール,牝,渋谷信博,,バンブーエール,2003104100,シーエーユウカ,2008100286,フレンチデピュティ,000a00013a,篠原徹,野島牧場,325.4,2003.0,2008.0,1992.0
2021100094,エイシンソル,牝,坂本和也,,エイシンヒカリ,2011101273,ケルヴィテッセ,000a012381,Sadler's Wells,000a00185d,平井克彦,木田牧場,325.4,2011.0,2006.0,1981.0
2021101190,ヤマショウルルサン,牝,小林俊彦,,ニシケンモノノフ,2011105438,ヤマショウエル,2015101204,エンパイアメーカー,000a010542,山下勇,賀張三浦牧場,325.2,2011.0,2015.0,2000.0
2021102135,ヨルノジョーオー,牝,伊藤勝己,,アポロケンタッキー,2012110098,アドヴァンテージ,2013100973,タニノギムレット,1999100226,内田玄祥,三輪幸子,325.0,2012.0,2013.0,1999.0
2021101955,ムーヴィングオン,牝,斉藤正弘,,ロードアルティマ,2000110026,ピンクスター,2014106234,タートルボウル,000a012045,木下康昭,広富牧場,324.8,2000.0,2014.0,2002.0
2021100463,ササキンポピー,牝,村田順一,,ビーチパトロール,000a0141f9,ミンナノプリンセス,2012102554,コマンズ,000a011625,佐々木均,三石川上牧場,324.2,2013.0,2012.0,1996.0
2021107325,コンジュラー,牝,迫田清美,,キタサンミカヅキ,2010100960,リサイトアチャーム,2004103235,アグネスタキオン,1998101516,蟹江知彦,レジェンドファーム,324.1,2010.0,2004.0,1998.0
2021104916,ダンジュカリユシ,牡,佐藤雅彦,,ダイワメジャー,2001103114,ベイトゥベイ,000a0120cb,Sligo Bay,000a011fef,瀬谷隆雄,社台コーポレーション白老ファーム,323.9,2001.0,2007.0,1998.0
2021103978,リュウノブライダー,牡,野口孝,,ストロングリターン,2006102934,ミネルバサウンド,2003109313,ブライアンズタイム,000a000082,蓑島竜一,タイヘイ牧場,323.5,2006.0,2003.0,1985.0
2021102974,クリスタルニクス,牡,栗林徹治,,ジャングルポケット,1998101786,クレスクント,2013105802,ハービンジャー,000a011996,（同）ＪＰＮ技研,辻牧場,323.5,1998.0,2013.0,2006.0
2021101615,ダブルレイズカード,牡,繁田健一,,カリフォルニアクローム,000a012602,ストリートキャット,2012101500,アドマイヤムーン,2003102991,（有）エッジ,タバタファーム,323.5,2011.0,2012.0,2003.0
2021103769,プリンセスパリー,牝,鈴木勝文,,サンダースノー,000a013a06,プリンセスドルチェ,2003102852,アドマイヤベガ,1996107396,（有）総武開発,今牧場,323.3,2014.0,2003.0,1996.0
2021104157,グレイトマジック,牡,田嶋弘幸,,ホッコータルマエ,2009100921,マジックシアター,2006101252,ネオユニヴァース,2000101426,小橋亮太,千代田牧場,323.1,2009.0,2006.0,2000.0
2021102689,サンドクルーザー,牡,黒田隆男,,ヴィクトワールピサ,2007102923,ハヤブサユウサン,2010104737,スペシャルウィーク,1995103211,ファーストビジョン,ガーベラパークスタッド,322.9,2007.0,2010.0,1995.0
2021101915,ワカメチャン,牝,坂口義幸,,ヴィクトワールピサ,2007102923,アルマニンファ,2012101802,スペシャルウィーク,1995103211,内田玄祥,日高大洋牧場,322.9,2007.0,2012.0,1995.0
2021103923,シシャモノタルマエ,牝,森山英雄,,ホッコータルマエ,2009100921,オーラティアラ,2014104566,カネヒキリ,2002100978,山邉浩,静内山田牧場,322.8,2009.0,2014.0,2002.0
2021106705,コンスピリート,牡,小牧毅,,ドゥラメンテ,2012104511,ミッキーパール,2007103145,タニノギムレット,1999100226,前田晋二,ハシモトファーム,322.6,2012.0,2007.0,1999.0
2021101890,スターオブウーノ,牡,庄子昭彦,,シビルウォー,2005102317,ネーレーイス,2017100713,ベーカバド,000a011dc0,酒井孝敏,野島牧場,322.4,2005.0,2017.0,2007.0
2021107104,ユウユウププリエ,牝,佐藤祐司,,カレンブラックヒル,2009106230,ヒカルエガオ,2005101946,アグネスタキオン,1998101516,北原大史,守矢牧場,322.1,2009.0,2005.0,1998.0
2021102793,トライデント,牡,新開幸一,,ビーチパトロール,000a0141f9,セインツプレイ,000a011a50,Saint Ballado,000a00212e,岡田牧雄,佐々木恵一,322.0,2013.0,2002.0,1989.0
2021100401,ニシノミニョンヌ,牝,山口浩幸,,カリフォルニアクローム,000a012602,ニシノメルモ,2007102503,スペシャルウィーク,1995103211,冨田藤男,本桐牧場,321.6,2011.0,2007.0,1995.0
2021104264,カドサンガンバル,牡,石橋満,,ラニ,2013110045,カドバン,2013104443,タイキシャトル,1994109686,芳賀克也,野坂牧場,321.4,2013.0,2013.0,1994.0
2021107342,ボタンブーケ,牝,石井勝男,,フリオーソ,2004106867,アイアンハート,2014100039,サウスヴィグラス,1996110138,竹内利子,幾千世牧場,321.1,2004.0,2014.0,1996.0
2021105256,メロディアスハード,牝,杉山佳明,,ネオユニヴァース,2000101426,モルトアレグロ,2015110036,Speightstown,000a011200,吉田照哉,社台ファーム,321.0,2000.0,2015.0,1998.0
2021100417,テーオーロバート,牡,吉田司,,リオンディーズ,2013105915,カフェドラペ,2016105224,マンハッタンカフェ,1998101554,古川忠一,前田ファーム,321.0,2013.0,2016.0,1998.0
2021100083,ソルトミル,牝,水野善太,,レーヴミストラル,2012104929,ユメウメサクラ,2012102264,マイネルセレクト,1999107196,遠藤喜和,加野牧場,321.0,2012.0,2012.0,1999.0
2021103248,テーオーロビンソン,牡,石橋満,,マインドユアビスケッツ,000a01392e,ナナイロボタン,2012104055,ネオユニヴァース,2000101426,小笹公也,三嶋牧場,320.9,2013.0,2012.0,2000.0
2021100138,ロードバロンドール,牡,池田忠好,,エピファネイア,2010104155,エンジェリックレイ,2010101354,ダイワメジャー,2001103114,光安了,ケイアイファーム,320.8,2010.0,2010.0,2001.0
2021106050,フィローシャ,牡,瀬戸幸一,,ミッキーグローリー,2013103999,マサカーネ,2005104781,トワイニング,000a000006,後藤順男,石田牧場,320.7,2013.0,2005.0,1991.0
2021104044,イマジンレノン,牡,保利良平,,キンシャサノキセキ,2003110212,プレシャスライン,2008105588,キングカメハメハ,2001103460,薪浦亨,田中裕之,320.5,2003.0,2008.0,2001.0
2021100267,エリカエレガンテ,牝,森澤友貴,,リアルスティール,2012104889,フォトジェニック,2008105783,Sinndar,000a002329,三木正浩,築紫洋,320.5,2012.0,2008.0,1997.0
2021105592,シャトーディフ,牝,矢嶋大樹,,モーリス,2011100655,ジューヌエコール,2014106231,クロフネ,1998110135,サンデーレーシング,ノーザンファーム,320.0,2011.0,2014.0,1998.0
2021104913,ジャンドル,牡,有馬澄男,,エピファネイア,2010104155,フーラブライド,2009105546,ゴールドアリュール,1999106689,Ｎ’ｓレーシング,社台コーポレーション白老ファーム,320.0,2010.0,2009.0,1999.0
2021104003,ダイノリュウジン,牡,藤原智行,,シニスターミニスター,000a011099,プンターレ,2009102820,ブラックタキシード,1996107315,渡辺一央,高橋義浩,320.0,2003.0,2009.0,1996.0
2021103474,ラフォンターナ,牡,工藤伸輔,,アルアイン,2014106046,イルジオーネ,2016104813,ワークフォース,000a011a7f,北原大史,岡田スタッド,320.0,2014.0,2016.0,2007.0
2021101139,カゼノイタズラ,牝,大宮和也,,リアルスティール,2012104889,アンタークティカ,2011100517,コマンズ,000a011625,北原大史,沖田牧場,320.0,2012.0,2011.0,1996.0
2021100893,タカイチミッキー,牡,林幻,,ミッキーアイル,2011103916,アクアリブラ,2015105103,ロードカナロア,2008103552,高橋一郎,野表俊一,320.0,2011.0,2015.0,2008.0
2021101450,ヒャクモノガタリ,牝,高馬元紘,,グレーターロンドン,2012101402,リオニアンレディー,2003110006,Kingmambo,000a001d7e,ネコメンレーシング,下河辺牧場,319.9,2012.0,2003.0,1990.0
2021103792,マロンドリーム,牝,真島二也,,フリオーソ,2004106867,リーズントウショウ,2011102317,アドマイヤムーン,2003102991,（株）ＰＮＴスクワッ,坂本健一,319.7,2004.0,2011.0,2003.0
2021107167,ステラマリーナ,牝,栗林徹治,,エピファネイア,2010104155,ゴールデンロッド,2011103664,キングカメハメハ,2001103460,（株）Ｙ’ｓｃｏｒｐ,社台コーポレーション白老ファーム,319.5,2010.0,2011.0,2001.0
2021106011,タガノアウル,牡,新子雅司,,サンダースノー,000a013a06,アイアムエレガント,2008102962,マンハッタンカフェ,1998101554,八木良司,安達牧場,319.5,2014.0,2008.0,1998.0
2021105234,モルツシャン,牝,森澤友貴,,キズナ,2010105827,ホワイトローズII,000a01387a,Tapit,000a011248,平沼宣秀,社台ファーム,319.5,2010.0,2010.0,2001.0
2021101987,パサデナドリーム,牝,坂本和也,,ノヴェリスト,000a012230,デルマシズカチャン,2011100815,スウィフトカレント,2001103189,浅沼廣幸,ファニーヒルファーム,319.5,2009.0,2011.0,2001.0
2021101976,マイラブホウセイ,牝,佐藤茂,,アドミラブル,2014105979,ノボホウセイ,2013102932,ノボジャック,1997110152,渡辺孝祐,ファーミングヤナキタ,319.3,2014.0,2013.0,1997.0
2021105682,ハイボーン,牝,角田輝也,,モーリス,2011100655,ノーブルリーズン,2012104578,ネオユニヴァース,2000101426,長谷川守正,ノーザンファーム,319.3,2011.0,2012.0,2000.0
2021106153,カルミナブラーナ,牡,工藤裕孝,,バゴ,2001190004,ベスヴィアス,2014105155,クロフネ,1998110135,山本茂,川島牧場,318.6,2001.0,2014.0,1998.0
2021100821,ネガイヲカナエテ,牝,伊藤勝己,,バゴ,2001190004,ハートランドスノー,2009101172,スペシャルウィーク,1995103211,（同）ＪＰＮ技研,大北牧場,318.4,2001.0,2009.0,1995.0
2021101585,パワーマックィーン,牡,今津勝之,,ニホンピロアワーズ,2007100191,マヤブリリアント,2013100510,メイショウボーラー,2001100650,（有）まの,高山博,318.3,2007.0,2013.0,2001.0
2021100274,ユウスペシャル,牝,角田輝也,,ビッグアーサー,2011103328,タッキーナ,2006103744,アグネスタキオン,1998101516,（株）アイテツ,土田農場,318.0,2011.0,2006.0,1998.0
2021100193,スティルザワン,セ,矢野久美,,マインドユアビスケッツ,000a01392e,プリモウェイ,000a011adb,Giant's Causeway,000a0022e1,（株）ＴＫＫ,さとう,318.0,2013.0,2005.0,1997.0
2021102803,フィルモアテソーロ,牡,東眞市,,ヴィクトワールピサ,2007102923,サンマルクイーン,2009100461,ダイワメジャー,2001103114,了徳寺健二ホールディングス,笹島政信,317.9,2007.0,2009.0,2001.0
2021100770,ニシキビブラビブレ,牡,錦見勇夫,,シュヴァルグラン,2012104759,ビブラビブレ,2011103751,ジャングルポケット,1998101786,錦見日出雄,斉藤政志,317.6,2012.0,2011.0,1998.0
2021104378,サブノレインボー,牝,永島太郎,,ロジャーバローズ,2016106065,サブノプリンセス,2014109133,ローエングリン,1999106738,有サブノ,藤沢牧場,317.5,2016.0,2014.0,1999.0
2021102140,ダバイポセイドン,牡,竹下太,,アルアイン,2014106046,ジュメイラジョアン,000a0118a5,Swain,000a0021ca,本城,三輪牧場,317.5,2014.0,2005.0,1992.0
2021103989,ヴァスキアン,牡,沖田明子,,マジェスティックウォリアー,000a011e9c,ダブルミステリー,2014105059,ダイワメジャー,2001103114,小嶋浩之,高橋ファーム,317.0,2005.0,2014.0,2001.0
2021102108,タカヤンテイオー,牡,田村彰啓,,バゴ,2001190004,ビーキュート,2009106516,マヤノトップガン,1992102988,中西功,前野牧場,317.0,2001.0,2009.0,1992.0
2021105108,エトワールドシネマ,牝,渡邊貴光,,パイロ,000a01176a,ダイワエトワール,2014105562,エンパイアメーカー,000a010542,吉田照哉,社台ファーム,316.5,2005.0,2014.0,2000.0
2021107301,アイビーイダテン,セ,井樋明正,,ダノンレジェンド,2010110102,イエスオアノー,2003105362,サクラバクシンオー,1989108341,ジェイアイ（株）,ミリオンファーム,316.3,2010.0,2003.0,1989.0
2021101721,アルディオール,牡,今津勝之,,ドゥラメンテ,2012104511,エリザベスムーン,2006102906,ダンスインザダーク,1993109188,ＪＰＮ技研,チャンピオンズファーム,316.1,2012.0,2006.0,1993.0
2021101127,トップエンプレス,牝,加藤誠一,,バトルプラン,000a0118e8,マイギフト,2014110032,Ice Box,000a012b12,谷脇智恵子,エトルタファーム,316.0,2005.0,2014.0,2007.0
2021109011,スノーピーコック,牝,櫻井今朝,,スノードラゴン,2008104268,フランシール,2004104130,アグネスタキオン,1998101516,遠藤喜和,一山育成牧場,315.7,2008.0,2004.0,1998.0
2021103950,シントーローズ,牝,濱田一夫,,デクラレーションオブウォー,000a0136f6,ミヤビフィオーラ,2015105711,マンハッタンカフェ,1998101554,鈴木道隆,静内山田牧場,315.3,2009.0,2015.0,1998.0
2021106374,ロイエ,牝,永田幸宏,,モーニン,2012110091,シアヌークビル,2013101611,ステイゴールド,1994108729,小野寺悠太,大栄牧場,315.1,2012.0,2013.0,1994.0
2021106599,ヤマニンファリダ,牝,伊藤和,,ビーチパトロール,000a0141f9,ヤマニンヌヌース,2015100571,ディープインパクト,2002100816,土井久美子,錦岡牧場,314.9,2013.0,2015.0,2002.0
2021106059,ヴァイスドラグナー,牡,榎屋充,,スノードラゴン,2008104268,フジドリーム,2009104467,オペラハウス,000a000d77,薫田芳史,イワミ牧場,314.6,2008.0,2009.0,1988.0
2021105918,ノース,牡,錦見勇夫,,サトノクラウン,2012104668,ドンナモンダ,2017104658,ダイワメジャー,2001103114,錦見日出雄,登別上水牧場,314.6,2012.0,2017.0,2001.0
2021104509,ラスダシャン,牝,木村暁,,レイデオロ,2014106201,タンギモウジア,2013105189,ハーツクライ,2001103038,安彦公一,前谷武志,314.2,2014.0,2013.0,2001.0
2021105131,ザハーフェル,牝,櫻井今朝,,サトノクラウン,2012104668,ディエルベ,2015104564,ローエングリン,1999106738,山口謙太郎,社台ファーム,314.0,2012.0,2015.0,1999.0
2021102489,アルヒルム,牡,宇都英樹,,アルアイン,2014106046,ニシノリアン,2010100830,ハーツクライ,2001103038,山田邦博,能登浩,314.0,2014.0,2010.0,2001.0
2021104127,スグラフィート,牡,田中正二,,サトノアラジン,2011104063,ダノンジュエル,2012103170,キングカメハメハ,2001103460,水上行雄,千代田牧場,313.9,2011.0,2012.0,2001.0
2021104344,タカマルカート,牝,八木正喜,,レガーロ,2013105464,グランドエンジェル,2011101921,スズカマンボ,2001103890,堀江貞幸,原ファーム,313.5,2013.0,2011.0,2001.0
2021101746,カナサンドー,牝,今井輝和,,サトノアラジン,2011104063,ハレイワ,2015103694,キングズベスト,000a0022d2,北原大史,チャンピオンズファーム,313.5,2011.0,2015.0,1997.0
2021103507,アークレアル,牝,根本康広,,キズナ,2010105827,タニノハイクレア,2004104861,クロフネ,1998110135,成富直行,岡田スタッド,313.3,2010.0,2004.0,1998.0
2021102823,ピナクルポイント,牡,菅原勲,,ファインニードル,2013100612,チェネレントラ,2010104490,アグネスタキオン,1998101516,コージーレーシング,千里ファーム,313.1,2013.0,2010.0,1998.0
2021106937,シュプリームアロー,牡,沖田明子,,レイデオロ,2014106201,ロイヤルインパクト,2008105016,ディープインパクト,2002100816,本口博康,松浦牧場,312.8,2014.0,2008.0,2002.0
2021107091,ニシノミモザ,牝,吉田正美,,マインドユアビスケッツ,000a01392e,レッドクラリス,2011104431,ハーツクライ,2001103038,冨田藤男,メイタイファーム,312.5,2013.0,2011.0,2001.0
2021100657,ベラジオソノダヒメ,牝,池田忠好,,ホッコータルマエ,2009100921,アルマシャウラ,2010102023,アドマイヤムーン,2003102991,ベラジオコーポレーシ,上山牧場,312.4,2009.0,2010.0,2003.0
2021110074,スリータイガー,牝,目迫大輔,,Into Mischief,000a0125a7,Tiger Moth,000a01d29e,ストリートセンス,000a0113a2,永井商事（株）,John D. Gunther,312.0,2005.0,2012.0,2004.0
2021103548,フォカッチャ,牝,中野博,,ミッキーグローリー,2013103999,ヤマサラグランジュ,2005100084,サクラバクシンオー,1989108341,三岡有香,岡田スタッド,312.0,2013.0,2005.0,1989.0
2021102646,リシャールウィン,牝,高月賢一,,ニューイヤーズデイ,000a014589,ハナズゴール,2009106872,オレハマッテルゼ,2000101550,鈴木道隆,カナイシスタッド,312.0,2011.0,2009.0,2000.0
2021102528,ブルースター,牝,倉兼育康,,アニマルキングダム,000a011dad,オクシペタルム,2008102782,シンボリクリスエス,1999110099,ウエスト．フォレスト．ステイブル,高村伸一,312.0,2008.0,2008.0,1999.0
2021103835,クインズミラ,牝,永田幸宏,,サンダースノー,000a013a06,クインズゴールド,2014105988,ステイゴールド,1994108729,川上和彦,佐竹学,311.8,2014.0,2014.0,1994.0
2021100882,スイートウィル,牝,川島豊,,ホッコータルマエ,2009100921,ハニーウィル,2016104485,ヘニーヒューズ,000a011155,ファーストビジョン,中村雅明,311.7,2009.0,2016.0,2003.0
2021106417,グランファースト,牡,土井道隆,,アジアエクスプレス,2011110091,ウーマンインレッド,2008104664,ステイゴールド,1994108729,組）ＦｏｒｃｅＥｑｕ,対馬正,311.5,2011.0,2008.0,1994.0
2021104944,ショウブウン,牡,後藤佑耶,,スワーヴリチャード,2014106083,アルティマチャーム,2013105364,キングカメハメハ,2001103460,重野心平,社台ファーム,311.5,2014.0,2013.0,2001.0
2021100380,スーパーバウンディ,牡,田口輝彦,,モーリス,2011100655,エフティアクトレス,2005102380,ファルブラヴ,1998190004,中西桂子,幌村牧場,311.5,2011.0,2005.0,1998.0
2021102050,ミエルシトロン,牡,藤田正治,,ダンカーク,000a012185,チャンピオンダイヤ,2008106569,ダンスインザダーク,1993109188,（同）ＪＰＮ技研,宝寄山拓樹,311.3,2006.0,2008.0,1993.0
2021101747,チャンスメーカー,牡,山田信大,,ジャスタウェイ,2009106461,パーフェクトチャンス,000a0114ad,Unbridled's Song,000a002071,西村健,チャンピオンズファーム,311.1,2009.0,2005.0,1993.0
2021101203,カミソリストレート,牡,鈴木正也,,ラブリーデイ,2010104298,フジノトップガン,2006101883,ネオユニヴァース,2000101426,三木利文,川島正広,311.1,2010.0,2006.0,2000.0
2021106462,サヨノコントラスト,牝,頼本盛行,,スマートファルコン,2005100097,トップギャル,2010103280,ワイルドラッシュ,000a0003a1,（同）ＪＰＮ技研,トモファーム,311.0,2005.0,2010.0,1994.0
2021100132,メイユーヴ,牡,打越勇児,,ジャスタウェイ,2009106461,ウッドランドドリーム,000a0118f4,Charnwood Forest,000a002095,中村智幸,ケイアイファーム,311.0,2009.0,2002.0,1992.0
2021107203,アシャンテガール,牝,雑賀伸一,,ディスクリートキャット,000a0113a1,アサンテサーナ,2011102181,スウェプトオーヴァーボード,000a00fa34,菊地博,加野牧場,310.5,2003.0,2011.0,1997.0
2021105457,ヘデンバージャイト,牝,松浦裕之,,ドレフォン,000a013b82,オージャイト,2013105927,キングカメハメハ,2001103460,三岡陽,ノーザンファーム,310.5,2013.0,2013.0,2001.0
2021101337,プロフィトロール,牝,小村正也,,プレティオラス,2009102405,デラセーラ,2008110116,Maria's Mon,000a002285,（株）ＴＫＫ,サンシャイン牧場,309.7,2009.0,2008.0,1993.0
2021105544,オクシタニア,牝,永田幸宏,,モーリス,2011100655,サンソヴール,2011103869,キングカメハメハ,2001103460,倉田吉一郎,ノーザンファーム,309.3,2011.0,2011.0,2001.0
2021105067,アヴィエーター,牡,藤田正治,,ブリックスアンドモルタル,000a014377,シルヴァーグレイス,2010103767,ハーツクライ,2001103038,（株）ファーストビジ,社台ファーム,309.3,2014.0,2010.0,2001.0
2021104972,オールトソリス,牡,佐藤裕太,,ディスクリートキャット,000a0113a1,エアティアーモ,2007102719,ロージズインメイ,000a010a10,桑野隆司,社台ファーム,309.3,2003.0,2007.0,2000.0
2021104867,ベラジオケンシロウ,牡,西川進也,,サトノアラジン,2011104063,ショコラトリー,2015104203,ノヴェリスト,000a012230,ベラジオコーポレーシ,社台コーポレーション白老ファーム,309.3,2011.0,2015.0,2009.0
2021101728,アドゥールグロー,牡,今津勝之,,ブリックスアンドモルタル,000a014377,シュウギン,2010103426,スウェプトオーヴァーボード,000a00fa34,小出水正男,チャンピオンズファーム,308.9,2014.0,2010.0,1997.0
2021103696,ブラッドショー,牡,雑賀伸一,,カリフォルニアクローム,000a012602,バーバラ,2009103471,ディープインパクト,2002100816,キヨタケ牧場,キヨタケ牧場,308.7,2011.0,2009.0,2002.0
2021106585,サカベンムーン,牡,赤嶺本浩,,アドマイヤムーン,2003102991,マンイーター,2008105787,タイキシャトル,1994109686,坂本勉,新冠橋本牧場,308.0,2003.0,2008.0,1994.0
2021104501,ラディッシュダンス,牡,今津博之,,ディオスコリダー,2014105108,インカンデセンス,2010100653,ファンタスティックライト,1996190005,大瀧啓之,前谷武志,308.0,2014.0,2010.0,1996.0
2021102858,アンジュラプソディ,牝,高橋宏征,,ユアーズトゥルーリ,2016104391,プリンシアラッテオ,2013103503,サウスヴィグラス,1996110138,竹下浩一,高村牧場,307.6,2016.0,2013.0,1996.0
2021102570,メイショウアラジン,牡,土屋洋之,,サトノアラジン,2011104063,メイショウラグーナ,2007101779,バブルガムフェロー,1993109219,濱村充哉,赤田牧場,307.5,2011.0,2007.0,1993.0
2021101393,ブラストバローズ,牡,中川雅之,,ヘニーヒューズ,000a011155,ゴッドフェニックス,2006105549,ブライアンズタイム,000a000082,若林恭平,下河辺牧場,306.8,2003.0,2006.0,1985.0
2021100954,ウォーターリッシュ,牝,塚田隆男,,ロードカナロア,2008103552,ウォーターラボ,2012103929,マンハッタンカフェ,1998101554,山岡正人,伏木田牧場,306.6,2008.0,2012.0,1998.0
2021109005,シャイニングアース,牡,矢野義幸,,ウインバリアシオン,2008103206,ネオヴェリーフェズ,2007102893,ネオユニヴァース,2000101426,（有）総武開発,荒谷牧場,306.4,2008.0,2007.0,2000.0
2021104216,ペイシャアゲイン,牝,中川竜馬,,アニマルキングダム,000a011dad,ペイシャマリヤ,2013104604,タイキシャトル,1994109686,佐藤憲治,友田牧場,306.4,2008.0,2013.0,1994.0
2021101809,モズヤッパリネ,牝,濱田一夫,,ベストウォーリア,2010110127,モズビリーブ,2013105862,クロフネ,1998110135,鈴木道隆,中川欽一,306.4,2010.0,2013.0,1998.0
2021103545,ディアマンドロップ,牝,東美義,,ブラックタイド,2001103312,マルーンドロップ,2011101749,コンデュイット,2005190006,小橋亮太,岡田スタッド,306.3,2001.0,2011.0,2005.0
2021100767,ジョーインテビット,牡,川田孝好,,ジョーカプチーノ,2006100529,ジョーイロンデル,2005101521,クロフネ,1998110135,高野良美,斉藤政志,306.2,2006.0,2005.0,1998.0
2021110166,ヤルヤン,牡,堀千亜樹,,Almanzor,000a013230,Indah,000a01f524,Dabirsim,000a013ff9,ニッシンホールディングス,Mr WM Preston,306.0,2013.0,2015.0,2009.0
2021103897,ショウナンラジョア,牝,川野勇馬,,デクラレーションオブウォー,000a0136f6,ショウナンラヴィ,2015105373,キングカメハメハ,2001103460,神岡由美子,静内ファーム,306.0,2009.0,2015.0,2001.0
2021102144,ゼネラルチーター,牡,渡部則夫,,ホークビル,000a01327c,ロマンスリップ,2009102493,ネオユニヴァース,2000101426,榊原勝好,三輪牧場,306.0,2013.0,2009.0,2000.0
2021100611,スズノアイスマン,牡,福田真広,,キズナ,2010105827,コーテサン,000a0143c4,ストリートセンス,000a0113a2,小紫嘉之,大島牧場,306.0,2010.0,2011.0,2004.0
2021100175,キタノマディソン,牡,吉田直弘,,デクラレーションオブウォー,000a0136f6,チューベローズ,2006103000,シンボリクリスエス,1999110099,北所直人,斉藤スタッド,306.0,2009.0,2006.0,1999.0
2021100635,エクセルグラン,牡,茂木浩幸,,シュヴァルグラン,2012104759,カニョット,000a01199b,Sunray Spirit,000a0118fc,谷川正純,カケハムポニークラブ,305.7,2012.0,2005.0,1999.0
2021101574,ヴァリスタ,牡,吉橋淳一,,エスポワールシチー,2005102837,ジーズドリームス,2011102533,キングカメハメハ,2001103460,吉田郁実,高藤茂,305.5,2005.0,2011.0,2001.0
2021107275,プロメッサ,牝,今津勝之,,エピカリス,2014103121,フリックフラック,2015101828,エンパイアメーカー,000a010542,小出水正男,浜本牧場,305.0,2014.0,2015.0,2000.0
2021106991,タノシサ,牝,林隆之,,サトノアラジン,2011104063,ドキュン,2004104773,ボストンハーバー,000a00007c,佐久間拓士,村上欽哉,305.0,2011.0,2004.0,1994.0
2021103880,グァンダオ,牡,小野寺晋,,スピリッツミノル,2012103484,セブンシーミノル,2014105040,エンパイアメーカー,000a010542,川上和彦,静内白井牧場,305.0,2012.0,2014.0,2000.0
2021101680,プレイソフトリー,牡,藤岡健一,,タリスマニック,000a013425,ハッシュ,2011100540,コマンズ,000a011625,ゴドルフィン,ダーレー・ジャパン・ファーム,305.0,2013.0,2011.0,1996.0
2021102961,ダンツパルス,セ,古賀光範,,デクラレーションオブウォー,000a0136f6,アドマイヤヒナタ,2013103600,キングカメハメハ,2001103460,山元哲二,辻牧場,304.8,2009.0,2013.0,2001.0
2021103793,メニー,牡,山田徹,,ワールドエース,2009106353,アニー,2008105007,ファンタスティックライト,1996190005,片岡純也,坂本智広,304.5,2009.0,2008.0,1996.0
2021105261,ナリノイングリッド,牝,蛯名雄太,,ジャスタウェイ,2009106461,ラグプリンセス,2014110012,Union Rags,000a012d4c,成塚清志,社台ファーム,304.0,2009.0,2014.0,2009.0
2021104008,リュウノリエゾン,牝,鹿沼良和,,ワールドエース,2009106353,ティーケイキャット,2008110068,Bluegrass Cat,000a01173d,（有）総武開発,高橋陵,304.0,2009.0,2008.0,2003.0
2021103825,チョボナイノ,牝,佐藤茂,,ワールドエース,2009106353,ハイカックウ,2005100375,High Chaparral,000a010270,（株）ランドプロジエ,桜井牧場,303.9,2009.0,2005.0,1999.0
2021105656,リムショット,牡,角田輝也,,ヘニーヒューズ,000a011155,ティンバレス,2012104717,ウォーエンブレム,000a00fa35,プレディクトレーシング,ノーザンファーム,303.5,2003.0,2012.0,1999.0
2021100615,ジーティーノーブル,牝,真島元徳,,カリフォルニアクローム,000a012602,ナガラフラワー,2012105774,ダンスインザダーク,1993109188,田畑利彦,大島牧場,303.5,2011.0,2012.0,1993.0
2021103243,ビロウィダダ,牡,尾林幸二,,ホッコータルマエ,2009100921,タマノパルフェット,2015103356,ハードスパン,000a0116a1,石原進,三嶋牧場,303.1,2009.0,2015.0,2004.0
2021109023,チイサナイヤリング,牝,鹿沼良和,,フェノーメノ,2009106599,クインズカリナン,2013104422,サウスヴィグラス,1996110138,内田律子,風ノ丘ファーム,303.0,2009.0,2013.0,1996.0
2021106979,エースアンドキング,牡,加藤征弘,,Yoshida,2014106077,カーリンズビーエフエフ,000a01b4ff,Curlin,000a011734,阿部友弘,村上欽哉,303.0,2014.0,2011.0,2004.0
2021105550,セルース,牝,池上昌和,,キズナ,2010105827,ザズー,000a012061,Tapit,000a011248,キャロットファーム,ノーザンファーム,303.0,2010.0,2008.0,2001.0
2021103426,アップステート,牡,福永祐一,,シルバーステート,2013105903,サウンドシップ,2015103351,ルーラーシップ,2007103143,三嶋牧場,石川牧場,303.0,2013.0,2015.0,2007.0
2021100432,アルファウィンザー,牡,長谷川剛,,オルフェーヴル,2008102636,ラピッドチェンジ,2014105495,ワークフォース,000a011a7f,近藤悦子,前田ファーム,303.0,2008.0,2014.0,2007.0
2021106948,ピュアキショウ,牡,栗本陽一,,アジアエクスプレス,2011110091,ハロードリーム,2004106632,ブライアンズタイム,000a000082,福永實,松本信行,302.9,2011.0,2004.0,1985.0
2021104499,スズノアムール,牝,川西毅,,マインドユアビスケッツ,000a01392e,アガサ,2010103794,マンハッタンカフェ,1998101554,小紫嘉之,前谷武志,302.5,2013.0,2010.0,1998.0
2021104066,サクラサンティエ,牝,板垣吉則,,シルバーステート,2013105903,サクラスリール,2010102911,ファンタスティックライト,1996190005,さくらコマース,谷岡牧場,302.5,2013.0,2010.0,1996.0
2021103355,メイショウトレック,牡,伊藤強一,,アドミラブル,2014105979,メイショウジビュス,2009100505,フジキセキ,1992109618,（同）ＪＰＮ技研,本巣敦,302.2,2014.0,2009.0,1992.0
2021105593,ゴルトツィーゲル,牡,石川浩文,,ブリックスアンドモルタル,000a014377,ジョンブドール,2012104643,ステイゴールド,1994108729,（同）ＪＰＮ技研,ノーザンファーム,302.0,2014.0,2012.0,1994.0
2021101876,ブーケマリエ,牝,山本学,,ホッコータルマエ,2009100921,キネオマドンナ,2011104415,クロフネ,1998110135,手嶋美季,ノースガーデン,302.0,2009.0,2011.0,1998.0
2021107254,ブディナラン,牝,稻田彰宏,,アメリカンペイトリオット,000a013bba,キクノルッカ,2016101271,ロードカナロア,2008103552,中井徹,ノースガーデン,301.5,2013.0,2016.0,2008.0
2021103596,タマモキサキ,牝,伊藤和,,クリエイターII,000a013630,タマモマナムスメ,2010105750,マンハッタンカフェ,1998101554,鈴木智明,岡田牧場,301.3,2013.0,2010.0,1998.0
2021106044,トンビ,牝,佐藤敏彦,,ベストウォーリア,2010110127,イシノウォーニング,2007104091,ムーンバラッド,000a00fe8f,遠藤喜和,石田牧場,301.0,2010.0,2007.0,1999.0
2021103944,スマートカナートス,牝,吉見真幸,,エピファネイア,2010104155,デアリングワールド,2003102590,エンドスウィープ,000a00010f,赤阪治恒,静内山田牧場,300.8,2010.0,2003.0,1991.0
2021101859,クリノオデッセイ,牡,迫田清美,,ダノンシャーク,2008105554,クリノミユキチャン,2011105525,キンググローリアス,000a000d48,蟹江知彦,日西牧場,300.8,2008.0,2011.0,1986.0
2021105173,ブルーパール,牝,河津裕昭,,ハーツクライ,2001103038,パールサイド,000a012fcd,Alhaarth,000a01025c,大島有志生,社台ファーム,300.5,2001.0,2010.0,1993.0
2021101887,ヌアヌノメガミ,牝,池田忠好,,カレンブラックヒル,2009106230,エクセルギー,2010100872,ブライアンズタイム,000a000082,毛利一之,野島牧場,300.4,2009.0,2010.0,1985.0
2021107159,リデンプション,牝,井樋明正,,ニューイヤーズデイ,000a014589,ウエストコースト,2006103322,シンボリクリスエス,1999110099,（株）Ｗｉｎｎｉｎｇ,レジェンドファーム,300.3,2011.0,2006.0,1999.0
2021107160,プリズムスペクトル,牝,千葉幸喜,,レインボーライン,2013106183,ウエストローズ,2001102782,スピニングワールド,000a000325,楊明翰,レジェンドファーム,300.2,2013.0,2001.0,1993.0
2021100599,フリーセント,牝,松永康利,,マインドユアビスケッツ,000a01392e,ローザディアマント,2008103280,スペシャルウィーク,1995103211,永田和彦,エムエム、ヤマダファーム,300.2,2013.0,2008.0,1995.0
2021109120,カシノディーバ,牝,和田雄二,,バゴ,2001190004,カシノティーダ,2016109123,ケイムホーム,000a0108d1,柏木務,本田土寿,300.0,2001.0,2016.0,1999.0
2021107362,カルヴィナー,牝,三小田幸,,トゥザワールド,2011103975,サクラトップピサ,2013104483,ヴィクトワールピサ,2007102923,村野慎之介,坂戸節子,300.0,2011.0,2013.0,2007.0
2021106957,トキノジーク,牡,玉井昇,,トゥザグローリー,2007103265,ダイシサンサン,2013106470,アジュディケーティング,000a000d5d,（株）ＩＴＦ,マリオステーブル,300.0,2007.0,2013.0,1987.0
2021106680,アンナネーヴェ,牝,庄子昭彦,,バゴ,2001190004,ミニョネット,2010104246,クロフネ,1998110135,豊島愛子,ハクレイファーム,300.0,2001.0,2010.0,1998.0
2021106484,サイレントニャー,牝,藪口一麻,,アドマイヤムーン,2003102991,ソルスティス,2007102372,クロフネ,1998110135,（有）内田ステーブル,中地義次,300.0,2003.0,2007.0,1998.0
2021106330,カイマナビーチ,牡,川島豊,,アジアエクスプレス,2011110091,ケアリイカイ,2014100352,ディープインパクト,2002100816,ライフエンタープライ,高瀬牧場,300.0,2011.0,2014.0,2002.0
2021103807,サクリファイス,牡,倉地学,,アメリカンペイトリオット,000a013bba,フギン,2010110143,ストリートセンス,000a0113a2,山本久美子,坂本智広,300.0,2013.0,2010.0,2004.0
2021102429,ローゼンナイツ,牝,藤田輝信,,デクラレーションオブウォー,000a0136f6,マーキークラブ,2013106028,クロフネ,1998110135,須原秀晴,坂東牧場,300.0,2009.0,2013.0,1998.0
2021101531,マッハキング,牡,堀江仁,,コパノリッキー,2010106548,スイートマルセル,2011109117,ワイルドラッシュ,000a0003a1,（株）丸若商事,シンボリ牧場,300.0,2010.0,2011.0,1994.0
2021107289,エクセプション,牡,瀬戸幸一,,シルバーステート,2013105903,ブルーパラダイス,2015105519,ロードカナロア,2008103552,鳴田啓志,新冠川上牧場,299.8,2013.0,2015.0,2008.0
2021102519,ミックスアップ,牝,森山英雄,,ファインニードル,2013100612,ドリームキセキ,2001105200,フジキセキ,1992109618,江川伸夫,清水スタッド,299.3,2013.0,2001.0,1992.0
2021101662,ダンテズセヴン,牝,藤田正治,,パイロ,000a01176a,セヴンゴシック,2014102207,ステイゴールド,1994108729,小橋亮太,ダーレー・ジャパン・ファーム,299.2,2005.0,2014.0,1994.0
2021101957,オリズジーニー,牡,宇野木博,,サトノアラジン,2011104063,フリーバード,2000105691,アフリート,000a000013,高田姫織,広富牧場,299.0,2011.0,2000.0,1984.0
2021107037,グラストップロード,牡,角川秀樹,,ベストウォーリア,2010110127,クリンゲルベルガー,2006103263,スウェプトオーヴァーボード,000a00fa34,草道喜久,村上雅規,298.9,2010.0,2006.0,1997.0
2021104222,テイルヴィーナス,牝,高馬元紘,,ベストウォーリア,2010110127,ノーブルヴィサージ,2012103385,ステイゴールド,1994108729,尾崎隆行,中田浩美,298.8,2010.0,2012.0,1994.0
2021101296,サンカグヤヒメ,牝,柴田高志,,ワールドエース,2009106353,サンウィノナ,2012109120,スニッツェル,000a010eaa,古谷剛彦,ケイズ,298.2,2009.0,2012.0,2002.0
2021109158,テイエムサガドン,牡,平山宏秀,,テイエムジンソク,2012101830,ユメノタイト,2014109154,ブラックタイド,2001103312,竹園正繼,テイエム牧場,298.0,2012.0,2014.0,2001.0
2021103076,メイショウメイボク,牝,藤田弘治,,ホークビル,000a01327c,メイショウミソラ,2012105428,ハーツクライ,2001103038,寺岡一彦,富田牧場,298.0,2013.0,2012.0,2001.0
2021100806,ラララランランラン,牝,加藤幸保,,オウケンブルースリ,2005102548,シャルルムーン,2015104804,ルーラーシップ,2007103143,内田律子,ＴＨＵＭＰｓ石川翔,298.0,2005.0,2015.0,2007.0
2021102065,ニダイメ,牡,玉井昇,,ベストウォーリア,2010110127,ホウヨウジーナス,2015101931,トランセンド,2006104736,鈴木伸哉,豊洋牧場,297.5,2010.0,2015.0,2006.0
2021105408,サトノギフテッド,牡,山下貴之,,サトノダイヤモンド,2013106101,ウィキッドリーパーフェクト,000a011ad9,Congrats,000a010687,里見治,ノーザンファーム,297.4,2013.0,2008.0,2000.0
2021100147,ロードトワイライト,牡,水野善太,,ロードカナロア,2008103552,スターコレクション,2008103539,アグネスタキオン,1998101516,小橋亮太,ケイアイファーム,297.2,2008.0,2008.0,1998.0
2021102211,ポンドスプリング,牡,朝倉実,,ダノンシャンティ,2007105709,フォーサイシア,2016104288,ヴィクトワールピサ,2007102923,小池保則,ヤスナカファーム,297.0,2007.0,2016.0,2007.0
2021101606,キミニメロメロ,牝,伊藤勝好,,タリスマニック,000a013425,トーホウハニー,2012103720,ステイゴールド,1994108729,小橋亮太,竹島幸治,297.0,2013.0,2012.0,1994.0
2021101638,フェザークイル,牡,山田徹,,ファインニードル,2013100612,オルトグラフ,2016110007,パイロ,000a01176a,伊藤稔,ダーレー・ジャパン・ファーム,296.8,2013.0,2016.0,2005.0
2021103940,ルクスソレイユ,牡,田口輝彦,,オルフェーヴル,2008102636,スマートモニカ,2014104832,ファルブラヴ,1998190004,津田一馬,静内山田牧場,296.1,2008.0,2014.0,1998.0
2021106677,トゥームレイダー,牝,尾林幸二,,リアルスティール,2012104889,ベラルーサ,000a013aa7,Orpen,000a002326,曽和栄司,ハクレイファーム,295.8,2012.0,2012.0,1996.0
2021104081,スプリングカム,牝,栗本陽一,,ワンアンドオンリー,2011105072,アサクサロータス,2005102434,フサイチコンコルド,1993109220,西村新一郎,田原橋本牧場,295.8,2011.0,2005.0,1993.0
2021109162,エイシンコンキスタ,牡,東眞市,,ウインバリアシオン,2008103206,エイシンアクロン,2012102534,サウスヴィグラス,1996110138,平井克彦,新保孝一,295.7,2008.0,2012.0,1996.0
2021106867,ナガタエナジー,牡,佐々木由,,シュヴァルグラン,2012104759,ジンダバイン,2012101518,コマンズ,000a011625,欠畑圭一,ホース・マネジメント・ボス,295.5,2012.0,2012.0,1996.0
2021106613,チェリアーナ,牡,松浦聡志,,キズナ,2010105827,ヴェルディアーナ,2014110025,Perfect Soul,000a01186e,加藤誠,ノースヒルズ,295.5,2010.0,2014.0,1998.0
2021104091,アーコレード,牝,山田徹,,モーリス,2011100655,エルラディユー,2012110087,Unbridled's Song,000a002071,荒井眞澄,千代田牧場,295.1,2011.0,2012.0,1993.0
2021103106,サイモンモーニング,牡,井樋明正,,ワールドエース,2009106353,モーニングムーン,2010106037,アドマイヤムーン,2003102991,西隆久,中脇満,295.1,2009.0,2010.0,2003.0
2021103832,モエヨカルテット,牝,小林義明,,ディーマジェスティ,2013104704,エンプレスボード,2013104242,スウェプトオーヴァーボード,000a00fa34,高橋誠,佐竹学,295.0,2013.0,2013.0,1997.0
2021101161,ベストカリフ,牡,佐々木国,,カリフォルニアクローム,000a012602,ヨウヨウ,2002105721,マヤノトップガン,1992102988,吉川真ノ介,沖田牧場,294.6,2011.0,2002.0,1992.0
2021106410,オーキッドレディ,牝,藤田正治,,シゲルカガ,2011103048,シゲルアサツキ,2015105139,ハードスパン,000a0116a1,（株）ファーストオ,中央牧場,294.3,2011.0,2015.0,2004.0
2021104382,ノーブルニードル,牡,鮫島克也,,ファインニードル,2013100612,ナドー,000a0120f0,Soave,000a01205a,吉木伸彦,藤沢牧場,294.3,2013.0,2009.0,1999.0
2021102971,セイパレル,牝,柏原誠路,,クリエイターII,000a013630,カカリア,2011102954,ヨハネスブルグ,000a0103b9,竹森幹雄,辻牧場,294.0,2013.0,2011.0,1999.0
2021100135,セブンセコンズ,牝,渡辺博文,,シルバーステート,2013105903,エイトディズアパート,000a01115b,Forest Wildcat,000a0021d8,八坂照夫,ケイアイファーム,294.0,2013.0,2004.0,1991.0
2021110140,スターメイデン,牝,加藤和義,,ヨシダ,2014106077,Astral Favor,000a01f21f,Astrology,000a01be07,塚田義広,Remount Thoroughbreds LLC,293.6,2014.0,2015.0,2008.0
2021101491,ミッキーイーグル,牡,細川忠義,,ミッキーアイル,2011103916,ミッキーマンドリン,2015101449,ロードカナロア,2008103552,組）志士十二組合,白井牧場,293.6,2011.0,2015.0,2008.0
2021105217,プルミエプランタン,牡,音無秀孝,,エピファネイア,2010104155,プランタンビジュー,2010103787,ダイワメジャー,2001103114,グリーンファーム,社台ファーム,293.5,2010.0,2010.0,2001.0
2021104130,ダイビングヘッド,牝,橘友和,,ビッグアーサー,2011103328,ティリアンパープル,2010103012,ジャングルポケット,1998101786,星野隆男,千代田牧場,293.2,2011.0,2010.0,1998.0
2021107189,オールエクシード,牝,小野寺晋,,パイロ,000a01176a,シーナリー,2012110025,Scat Daddy,000a0114fe,阿部耕三,大道牧場,293.0,2005.0,2012.0,2004.0
2021107187,サンヴェローチェ,牝,池田敦,,ワンダーアキュート,2006106794,エーピーエレナ,2015100941,ローエングリン,1999106738,（株）さくらコーポレ,大道牧場,293.0,2006.0,2015.0,1999.0
2021103960,タルナカンワル,牝,國澤利照,,シニスターミニスター,000a011099,モーガンズマンボ,000a011164,Kingmambo,000a001d7e,岡本隆児,聖心台牧場,293.0,2003.0,2002.0,1990.0
2021103479,エクスシップ,牡,和田雄二,,ゴールドシップ,2009102739,エクスシア,2011104803,シニスターミニスター,000a011099,岡田牧雄,岡田スタッド,293.0,2009.0,2011.0,2003.0
2021105331,ミハタタテナシ,牡,栗田裕光,,モーニン,2012110091,フューチャーセイル,2009101527,クロフネ,1998110135,上手健太郎,ゼットステーブル,292.2,2012.0,2009.0,1998.0
2021102181,サザングレース,牝,晴山厚司,,モーニン,2012110091,プルメリアグレース,2016102351,ロードカナロア,2008103552,小橋亮太,門別敏朗,292.1,2012.0,2016.0,2008.0
2021101555,アロウカリア,牡,佐藤雅彦,,スピルバーグ,2009105961,ゴールデンマクリス,2014105695,クロフネ,1998110135,井手慶祐,スマイルファーム,292.1,2009.0,2014.0,1998.0
2021107112,リベリューラ,牝,寺地誠一,,パドトロワ,2007102760,ガッビア,2006103185,モンジュー,1996190001,水田栄之助,八島夕起子,292.0,2007.0,2006.0,1996.0
2021104657,テーオーハイエク,牡,宮徹,,ジャスタウェイ,2009106461,アイランドファッション,2000190003,Petionville,000a0021de,小笹公也,市川牧場,292.0,2009.0,2000.0,1992.0
2021109024,カリビアンスマイル,牝,村上正和,,ダノンレジェンド,2010110102,スマイリングムーン,2008102602,フジキセキ,1992109618,藤元厚雄,風ノ丘ファーム,291.6,2010.0,2008.0,1992.0
2021104071,サクラヴィグール,牡,北野真弘,,ワールドエース,2009106353,ブリリアントスター,000a0117f8,Storm Cat,000a001a98,さくらコマース,谷岡牧場,291.6,2009.0,2003.0,1983.0
2021104538,ギブミーユアラブ,牝,佐々木忠,,ビッグアーサー,2011103328,クロネコ,2001103169,ダンスインザダーク,1993109188,豊島愛子,増本良孝,291.5,2011.0,2001.0,1993.0
2021101596,フリューゲルノア,牡,菅原勲,,アニマルキングダム,000a011dad,セトノミッシー,2010104473,ゴールドアリュール,1999106689,鈴木昌樹,滝本健二,291.4,2008.0,2010.0,1999.0
2021104680,イルローザ,牝,渡瀬寛彰,,レッドファルクス,2011104416,マクシマール,2003102660,アグネスタキオン,1998101516,伊藤準一郎,上水牧場,291.0,2011.0,2003.0,1998.0
2021100760,ソリッドエビデンス,牝,橋本忠明,,アジアエクスプレス,2011110091,ベストエビデンス,2012104203,ネオユニヴァース,2000101426,大塚亮一（株）,小島牧場,291.0,2011.0,2012.0,2000.0
2021100573,ポッドコンティ,牡,打越勇児,,オルフェーヴル,2008102636,エピストロフィー,000a015989,Charm Spirit,000a013dc6,邑田昌平,市川ファーム,291.0,2008.0,2016.0,2011.0
2021102365,ヴェルデスクーロ,牝,山田徹,,ベストウォーリア,2010110127,エパティック,2008102600,ディープインパクト,2002100816,菊池靖二,高橋啓,290.6,2010.0,2008.0,2002.0
2021107285,ミユキジョオウサマ,牝,栗本陽一,,パイロ,000a01176a,カンガルールブタン,2014102771,ローエングリン,1999106738,宮崎孝一郎,門別牧場,290.2,2005.0,2014.0,1999.0
2021110114,ミスマテンロウ,牝,昆貢,,Into Mischief,000a0125a7,ミスパンテール,2014101898,ダイワメジャー,2001103114,寺田千代乃,Chiyono Terada,290.0,2005.0,2014.0,2001.0
2021107316,プロミスザスター,牡,高橋清顕,,パイロ,000a01176a,イケトップクイーン,2008101717,キングカメハメハ,2001103460,清川孝徳,レジェンドファーム,290.0,2005.0,2008.0,2001.0
2021107042,ルヴニール,牝,奥村武,,キズナ,2010105827,アメージングムーン,2010106120,アドマイヤムーン,2003102991,ローレルレーシング,村田牧場,290.0,2010.0,2010.0,2003.0
2021106399,ミカサ,牡,小久保智,,アドミラブル,2014105979,ミストラスト,000a010a12,Nashwan,000a001ce7,山口裕介,大作ステーブル,290.0,2014.0,2001.0,1986.0
2021105695,パシフィックハイツ,牝,武井亮,,レイデオロ,2014106201,パシフィックギャル,2011103737,ゼンノロブロイ,2000101517,吉田勝己,ノーザンファーム,290.0,2014.0,2011.0,2000.0
2021105538,ニエキヤ,牝,清水久詞,,キタサンブラック,2012102013,サミター,000a0124cd,ロックオブジブラルタル,000a00fd4c,サンデーレーシング,ノーザンファーム,290.0,2012.0,2009.0,1999.0
2021105403,インクルージョン,牡,堀宣行,,ハーツクライ,2001103038,インクルードベティ,000a013db1,Include,000a010906,キャロットファーム,ノーザンファーム,290.0,2001.0,2012.0,1997.0
2021105305,フィッツジェラルド,牡,九日俊光,,イスラボニータ,2011103565,ワイルドフラッパー,2009105832,Ghostzapper,000a010525,山邉浩,社台ファーム,290.0,2011.0,2009.0,2000.0
2021105235,エンバーク,セ,小野寺晋,,ゴールドシップ,2009102739,マイジェン,000a0120d2,Fusaichi Pegasus,000a0022cf,（株）ＯＫＣ,社台ファーム,290.0,2009.0,2007.0,1997.0
2021104143,アンコーナ,牝,岩戸孝樹,,リアルスティール,2012104889,フェレッティ,2017103833,ルーラーシップ,2007103143,飯田正剛,千代田牧場,290.0,2012.0,2017.0,2007.0
2021103689,ミサトベレーザ,牝,黒川智貴,,タニノギムレット,1999100226,ミサトペニー,2004106155,オペラハウス,000a000d77,戸部政彦,木村秀則,290.0,1999.0,2004.0,1988.0
2021101169,サナダ,牡,永島太郎,,カリフォルニアクローム,000a012602,カウニスクッカ,2011100155,マンハッタンカフェ,1998101554,荻原慎司,オリオンファーム,290.0,2011.0,2011.0,1998.0
2021100756,フリューゲルコア,牡,月岡健二,,サトノダイヤモンド,2013106101,スイートウィスパー,2016104474,ルーラーシップ,2007103143,鈴木昌樹,小島牧場,290.0,2013.0,2016.0,2007.0
2021100437,エイシンボナパルト,牡,吉村圭司,,ロジャーバローズ,2016106065,エーシンセノーテ,2010102109,フレンチデピュティ,000a00013a,栄進堂,松本牧場,290.0,2016.0,2010.0,1992.0
2021104551,オッチョラゴ,牡,坂口義幸,,ホークビル,000a01327c,チェリッシュユー,2016103326,ヴィクトワールピサ,2007102923,（同）ＪＰＮ技研,松田牧場,289.8,2013.0,2016.0,2007.0
2021103640,シューニカ,牡,佐野謙二,,エイシンフラッシュ,2007102951,オーファメイ,2009106219,ディープインパクト,2002100816,大柴周司,カタオカステーブル,289.5,2007.0,2009.0,2002.0
2021100049,トキノゼーレ,牡,八木正喜,,ベストウォーリア,2010110127,コリンナ,2002102057,マヤノトップガン,1992102988,橋詰弘一,沖田哲夫,289.0,2010.0,2002.0,1992.0
2021107043,レモンスフレ,牝,田中譲二,,ローレルゲレイロ,2004100933,アルレガーロ,2009105351,スペシャルウィーク,1995103211,高橋真紀,村田牧場,288.9,2004.0,2009.0,1995.0
2021104406,ゼットサンダー,牡,宇都英樹,,サンダースノー,000a013a06,ゼットフーリ,2013104777,ワークフォース,000a011a7f,安藤浩也,フジワラファーム,288.9,2014.0,2013.0,2007.0
2021103884,ミヤビハイジア,牝,佐藤博紀,,ニューイヤーズデイ,000a014589,ミヤビグレイス,2007101118,キングカメハメハ,2001103460,（株）吉永ファーム,静内白井牧場,288.8,2011.0,2007.0,2001.0
2021103200,モスコビウム,牡,真島元徳,,エピファネイア,2010104155,ミヤジレイナ,2011106048,キングカメハメハ,2001103460,宮田美恵子,丸幸小林牧場,288.8,2010.0,2011.0,2001.0
2021106151,サイレントミニスタ,牡,杉山佳明,,ワールドエース,2009106353,フォーマルアプローバル,000a011796,Kingmambo,000a001d7e,辻子依旦,川島牧場,288.0,2009.0,2002.0,1990.0
2021104766,ベッティーナ,牝,遠藤茂,,リオンディーズ,2013105915,ソルダテッサ,2010104512,フレンチデピュティ,000a00013a,豊島愛子,追分ファーム,288.0,2013.0,2010.0,1992.0
2021103386,ティーズウィッシュ,牡,海馬沢司,,ミッキーグローリー,2013103999,タスクミストレス,2007103106,キングカメハメハ,2001103460,（同）ＪＰＮ技研,秋田育成牧場,288.0,2013.0,2007.0,2001.0
2021100472,レタコード,牡,溝橋利喜,,ベストウォーリア,2010110127,ウインサクヤヒメ,2015100240,ステイゴールド,1994108729,小谷昌吾,三石ファーム,288.0,2010.0,2015.0,1994.0
2021109130,エイヨーカルム,牡,古賀光範,,ロードバリオス,2005104227,ライトウェイレフト,000a012106,モンジュー,1996190001,柳田英子,本田土寿,287.8,2005.0,2009.0,1996.0
2021104643,マリエッティ,牝,手島勝利,,スワーヴリチャード,2014106083,コマノサラサ,2012103318,クロフネ,1998110135,吉田勝利,新井牧場,287.5,2014.0,2012.0,1998.0
2021100240,ポッドワイルド,牡,稲益貴弘,,トランセンド,2006104736,シールヴィクトリー,2015104082,キングカメハメハ,2001103460,（株）Ｈｅｒｏレーシ,タツヤファーム,287.5,2006.0,2015.0,2001.0
2021100609,レイズショコラ,牝,北村欣也,,デクラレーションオブウォー,000a0136f6,ココモオレンジ,2008102812,キングカメハメハ,2001103460,吉井盛治,大島牧場,287.3,2009.0,2008.0,2001.0
2021105790,ローゼンモンターク,牝,齋藤雄一,,サトノダイヤモンド,2013106101,マルティンスターク,2005102704,シンボリクリスエス,1999110099,江川伸夫,ノーザンファーム,287.0,2013.0,2005.0,1999.0
2021106488,ココロオドル,牝,板垣吉則,,マツリダゴッホ,2003104570,マッキーマドンナ,2000103824,メジロマックイーン,1987107235,シグラップ・マネジメ,中地義次,286.8,2003.0,2000.0,1987.0
2021100800,クリーンブラボー,牝,久保秀男,,サトノクラウン,2012104668,メイショウアリス,2007101792,マンハッタンカフェ,1998101554,シグラップ・マネジメ,鮫川ファーム,286.8,2012.0,2007.0,1998.0
2021102030,キタノジョンヌ,牝,入口由美,,ストロングリターン,2006102934,マイオール,2013106351,フレンチデピュティ,000a00013a,北所拓也,碧雲牧場,286.7,2006.0,2013.0,1992.0
2021106215,ウインセレーネ,牝,原口次夫,,ハクサンムーン,2009102527,コスモメリー,2011101467,アドマイヤジャパン,2002102324,酒井孝敏,コスモヴューファーム,286.1,2009.0,2011.0,2002.0
2021105882,ビアンケット,牝,高馬元紘,,ヘニーヒューズ,000a011155,レッドクラウディア,2009106164,アグネスタキオン,1998101516,保坂和孝,ノーザンファーム,286.0,2003.0,2009.0,1998.0
2021103661,プライムテーラー,牝,岡田利一,,モーニン,2012110091,プライムチョイス,2015103245,ロードカナロア,2008103552,大黒富美子,カタオカファーム,285.5,2012.0,2015.0,2008.0
2021101963,シャイナコムスメ,牝,小国博行,,リアルインパクト,2008103244,シャイナムスメ,2004104779,ブライアンズタイム,000a000082,安中公成,広中稔,285.3,2008.0,2004.0,1985.0
2021104380,ボールジー,牡,東原己俊,,ミッキーアイル,2011103916,ダーリング,2015106212,ハービンジャー,000a011996,野村昌弘,藤沢牧場,285.0,2011.0,2015.0,2006.0
2021102099,イニシャルティー,牡,国沢輝幸,,トビーズコーナー,000a011fed,ベティボルテクス,2002105708,ジェニュイン,1992109450,岡田孝之,前川義則,285.0,2008.0,2002.0,1992.0
2021102008,ツヴァイカンプ,牝,海馬沢司,,ヘニーヒューズ,000a011155,オルキスリアン,2013101562,キングカメハメハ,2001103460,（有）エッジ,藤本ファーム,285.0,2003.0,2013.0,2001.0
2021101385,レリッシュ,牝,天間昭一,,コパノリッキー,2010106548,カクシアジ,2011100360,スウェプトオーヴァーボード,000a00fa34,Ｍｒ．ホース,下河辺牧場,285.0,2010.0,2011.0,1997.0
2021102345,ビッグヤシチルーフ,牡,瀬戸幸一,,コパノリッキー,2010106548,フレンチカンカン,2010100017,フレンチデピュティ,000a00013a,後藤順男,北島牧場,284.5,2010.0,2010.0,1992.0
2021104717,トーセンジェンマ,牡,後藤正義,,ヴァンキッシュラン,2013105718,トーセンナチュラル,2012101083,メイショウサムソン,2003102205,島川隆哉,エスティファーム,284.2,2013.0,2012.0,2003.0
2021106030,ビーヴィーヴォ,牡,森始,,アポロケンタッキー,2012110098,ランドマカロン,2016103893,エイシンフラッシュ,2007102951,（有）総武開発,安達牧場,284.0,2012.0,2016.0,2007.0
2021102134,クレイジースター,牡,大宮和也,,ラニ,2013110045,ファーマフレア,2011101331,スウェプトオーヴァーボード,000a00fa34,中西功,増尾牧場,284.0,2013.0,2011.0,1997.0
2021100379,シャラク,牡,植松則幸,,ホッコータルマエ,2009100921,ウキヨエ,2008103063,アグネスタキオン,1998101516,ファーストビジョン,幌村牧場,283.8,2009.0,2008.0,1998.0
2021106908,エールドシャルム,牝,目迫大輔,,モーニン,2012110091,リッジローズ,000a011a5b,Sadler's Wells,000a00185d,畑山秀忠,前川隆範,283.5,2012.0,2004.0,1981.0
2021100320,ニシケンキング,牡,三小田幸,,トゥザワールド,2011103975,レインズオブパワー,2006102316,サクラバクシンオー,1989108341,桑原一樹,ニシケンファーム,283.2,2011.0,2006.0,1989.0
2021102623,セイフェミニン,牝,佐々木由,,トビーズコーナー,000a011fed,ヴァルール,2013102828,ゴールドヘイロー,1997101264,金田成基,岡部雅樹,283.1,2008.0,2013.0,1997.0
2021106188,オビワンリュウセイ,牡,八木仁,,アジアエクスプレス,2011110091,ダンツキャンサー,2011102236,アドマイヤジャパン,2002102324,富士開発,小泉学,283.0,2011.0,2011.0,2002.0
2021105169,レジーナデッラネラ,牝,高橋俊之,,キタサンブラック,2012102013,パイレートクイーン,2011104318,ダイワメジャー,2001103114,大野尚弘,社台ファーム,283.0,2012.0,2011.0,2001.0
2021103844,ニホンピロケイ,牝,今津勝之,,ニホンピロアワーズ,2007100191,ニホンピロタルト,2004104432,オペラハウス,000a000d77,小林英一,佐竹学,282.6,2007.0,2004.0,1988.0
2021103647,キタサンセレナード,牝,稲益貴弘,,キタサンミカヅキ,2010100960,ダイリュウキセキ,2011101272,ファスリエフ,000a00fc4c,大野商事,カタオカステーブル,282.5,2010.0,2011.0,1997.0
2021102989,ピークカラー,牝,北村欣也,,Constitution,000a012973,ステファニーズシスター,000a01b81a,Kitten's Joy,000a0119b3,原久美子,辻牧場,282.5,2011.0,2016.0,2001.0
2021103690,メテオクイン,牝,橘友和,,サトノクラウン,2012104668,メテオーリカ,2009105715,ディープインパクト,2002100816,永山勝敏,木村秀則,282.3,2012.0,2009.0,2002.0
2021105504,キャラメルショコラ,牝,藪口一麻,,ニューイヤーズデイ,000a014589,クロカンブッシュ,2004102856,フジキセキ,1992109618,（有）総武開発,ノーザンファーム,282.1,2011.0,2004.0,1992.0
2021107202,フライングモンキー,牡,大島静夫,,イスラボニータ,2011103565,フウコウメイビ,2010103878,サクラバクシンオー,1989108341,（同）ＪＰＮ技研,中村雅明,282.0,2011.0,2010.0,1989.0
2021104611,ヌートバー,牡,入口由美,,アドミラブル,2014105979,トーコージュエリー,2013105197,ジャングルポケット,1998101786,水野弘,千島勇一,282.0,2014.0,2013.0,1998.0
2021104244,ゼネラルリッチ,牡,辻野豊,,コパノリッキー,2010106548,タイヨウガデテキタ,2005103841,サウスヴィグラス,1996110138,榊原勝好,西村牧場,282.0,2010.0,2005.0,1996.0
2021101569,オセアハートマン,牡,倉兼育康,,オルフェーヴル,2008102636,レディヴァルール,000a01441e,Multiplex,000a014348,蕭敬如,スマイルファーム,282.0,2008.0,2013.0,2003.0
2021106869,ムゲーテスペランサ,牝,佐藤茂,,リアルインパクト,2008103244,ダノンスズラン,2007105547,Awesome Again,000a0021cb,日下部勝徳,ホース・マネジメント・ボス,281.9,2008.0,2007.0,1994.0
2021100883,ハクサンクリスタル,牝,加藤和義,,ハクサンムーン,2009102527,ヒシアメジスト,2010102206,ゴールドアリュール,1999106689,山村太三,中村雅明,281.7,2009.0,2010.0,1999.0
2021103455,ミリオンジェンヌ,牝,荒巻透,,アジアエクスプレス,2011110091,ローズアダージョ,2008100052,ディープインパクト,2002100816,稲葉光昭,上野正恵,281.2,2011.0,2008.0,2002.0
2021101058,ヤマトホマレ,牝,迫田清美,,バトルプラン,000a0118e8,ドラゴンホマレ,2014106119,トーセンホマレボシ,2009106092,蟹江知彦,天羽禮治,281.2,2005.0,2014.0,2009.0
2021104917,ギフテッドリーダー,牡,八木正喜,,ヴィクトワールピサ,2007102923,ベストリーダー,2011103571,ゼンノロブロイ,2000101517,高橋明裕,社台コーポレーション白老ファーム,280.8,2007.0,2011.0,2000.0
2021103820,セブリンブリーズ,牡,西川進也,,コパノリッキー,2010106548,ノーズトウショウ,2008100648,ブラックホーク,1994109361,（株）ＴＫＫ,坂本春雄,280.8,2010.0,2008.0,1994.0
2021101706,クィーンルーラー,牝,加藤和義,,ルーラーシップ,2007103143,クイーンギムレット,2009102698,タニノギムレット,1999100226,飯田総一郎,千葉飯田牧場,280.6,2007.0,2009.0,1999.0
2021106265,リオマカニ,牝,胡本友晴,,ジャングルポケット,1998101786,ミスローラ,2015101474,メイショウボーラー,2001100650,深野塁,サンローゼン,280.5,1998.0,2015.0,2001.0
2021106074,ヒメサユリ,牝,山崎尋美,,アメリカンペイトリオット,000a013bba,エルフィンパーク,2005102489,タニノギムレット,1999100226,岡田和惠,大狩部牧場,280.5,2013.0,2005.0,1999.0
2021102749,カムイパパイヤ,牝,井上哲,,ロゴタイプ,2010103783,モッシュピット,2016105261,オルフェーヴル,2008102636,酒井孝敏,木村牧場,280.5,2010.0,2016.0,2008.0
2021102321,ピノヌイ,牡,野口孝,,スズカコーズウェイ,2004104345,アイシースズカ,2000106983,サンデーサイレンス,000a00033a,岡田義雄,稲原牧場,280.5,2004.0,2000.0,1986.0
2021100571,ワンダーフィール,牡,鈴木勝文,,ワンダーアキュート,2006106794,ワンダービジュー,2009100312,デビッドジュニア,000a010ea9,山本能成,秋場牧場,280.5,2006.0,2009.0,2002.0
2021105977,ウィルリライト,牝,高月賢一,,モーリス,2011100655,メジロコウミョウ,2008102539,キングカメハメハ,2001103460,前田良平,レイクヴィラファーム,280.0,2011.0,2008.0,2001.0
2021102985,カナーリオ,牝,玉井等,,タリスマニック,000a013425,スズカプリズム,2013101296,プリサイスエンド,000a00fe9b,（株）ＩＴＦ,辻牧場,280.0,2013.0,2013.0,1997.0
2021102205,ドゥグラン,牝,稻田彰宏,,ビッグアーサー,2011103328,ペロチャン,2012106329,サクラプレジデント,2000102261,上田真澄,門別山際牧場,280.0,2011.0,2012.0,2000.0
2021101565,ライスベリー,牡,吉田直弘,,ドレフォン,000a013b82,ミスパスカリ,2001103436,Mr. Greeley,000a00213e,金子真人ホールディングス,スマイルファーム,280.0,2013.0,2001.0,1992.0
2021100075,ブレイクルージュ,牝,堀千亜樹,,ブレイクランアウト,2006110007,セレスチャルローブ,2005102527,シンボリクリスエス,1999110099,戸崎善之,金舛牧場,280.0,2006.0,2005.0,1999.0
2021101179,サツキバラード,牝,伊藤強一,,ダノンバラード,2008103548,エヌティボタン,2012101663,アドマイヤコジーン,1996106512,小野博郷,賀張中川牧場,279.5,2008.0,2012.0,1996.0
2021103023,マテンロウガーデン,牡,田中淳司,,レイデオロ,2014106201,レベッカ,000a01386e,Event of the Year,000a0103b2,寺田千代乃,辻牧場,279.4,2014.0,2007.0,1995.0
2021103656,ダズリングレイ,牝,黒木豊,,マジェスティックウォリアー,000a011e9c,インファクト,2013103612,ダイワメジャー,2001103114,田賀孝昭,カタオカファーム,279.1,2005.0,2013.0,2001.0
2021107139,ベニノレーヴ,牡,田島寿一,,トゥザワールド,2011103975,オグリピンキー,1998101874,トニービン,1983109006,紅谷,ヤマタケ牧場,279.0,2011.0,1998.0,1983.0
2021105988,ホウオウダイアン,牝,角田輝也,,ブリックスアンドモルタル,000a014377,レーヌドブリエ,2012103942,ゼンノロブロイ,2000101517,小笹芳央,レイクヴィラファーム,278.9,2014.0,2012.0,2000.0
2021104065,ショウヘイヒメ,牝,土井道隆,,ストロングリターン,2006102934,サクラステラーノ,2011102167,サクラプレジデント,2000102261,木稲安則,谷岡牧場,278.6,2006.0,2011.0,2000.0
2021103383,ラッピングボックス,牝,北野真弘,,ベストウォーリア,2010110127,フィールドスピカ,2007102159,パラダイスクリーク,1989109110,ウエスト．フォレスト．ステイブル,山春牧場,278.1,2010.0,2007.0,1989.0
2021106295,オースサイン,牡,荒川義之,,シルバーステート,2013105903,アルカンジュ,2011103827,チチカステナンゴ,000a011135,小林竜太郎,須崎牧場,278.0,2013.0,2011.0,1998.0
2021105572,シングルハーテッド,牝,吉岡辰弥,,ハーツクライ,2001103038,シングルゲイズ,000a01438a,Not A Single Doubt,000a013af7,サンデーレーシング,ノーザンファーム,278.0,2001.0,2012.0,2001.0
2021103363,キョウエイノヴェル,牡,阪本一栄,,エイシンフラッシュ,2007102951,キョウエイポズナン,2015102500,ルーラーシップ,2007103143,田中美代刀,山口義彦,278.0,2007.0,2015.0,2007.0
2021103147,ヴァレリア,牝,青木孝文,,アルアイン,2014106046,レッドエレンシア,2008101708,ジャングルポケット,1998101786,ターフ・スポート,信岡牧場,278.0,2014.0,2008.0,1998.0
2021102480,マイアミフォンテン,牝,玉井昇,,アドミラブル,2014105979,オペラフォンテン,2008101677,オペラハウス,000a000d77,吉橋興生,寺井文秀,278.0,2014.0,2008.0,1988.0
2021106335,ナムラスカー,牡,榎屋充,,バゴ,2001190004,ピクトリアル,2005105166,ダンスインザダーク,1993109188,遠藤喜和,武田寛治,277.9,2001.0,2005.0,1993.0
2021102029,スウィバンビーナ,牝,西川敏弘,,モーニン,2012110091,フォーミー,2008106101,アドマイヤマックス,1999107004,ウエスト．フォレスト．ステイブル,碧雲牧場,277.5,2012.0,2008.0,1999.0
2021100268,ホウショウディーバ,牝,小久保智,,ゴールドアクター,2011105266,ホウショウバレン,2012101032,ネオユニヴァース,2000101426,芳賀美知子,築紫洋,277.5,2011.0,2012.0,2000.0
2021105966,グエムル,セ,手島勝利,,ジャスタウェイ,2009106461,デリケートアーチ,2009105873,アフリート,000a000013,小嶋浩之,レイクヴィラファーム,277.2,2009.0,2009.0,1984.0
2021103788,マーケットメイク,牝,伊藤勝己,,ダノンレジェンド,2010110102,ビーインラプチャー,2010103656,アフリート,000a000013,谷謙介,サカイファーム,277.0,2010.0,2010.0,1984.0
2021102076,フランキンローズ,牝,宮下瞳,,パイロ,000a01176a,アルカナ,2010105843,ステイゴールド,1994108729,森田耕,本間牧場,277.0,2005.0,2010.0,1994.0
2021106071,エターナルキング,牡,竹下太,,ホークビル,000a01327c,アラーラム,2017106561,ダイワメジャー,2001103114,小橋亮太,大狩部牧場,276.0,2013.0,2017.0,2001.0
2021100119,ジーティージン,牡,渡辺博文,,ワールドエース,2009106353,シルバーコンパス,2014105838,タートルボウル,000a012045,（有）総武開発,グローリーファーム,275.7,2009.0,2014.0,2002.0
2021102861,ダイセントロワ,牡,今津博之,,モーニン,2012110091,ライブリハート,2010104894,プリサイスエンド,000a00fe9b,根田喜久雄,高村牧場,275.5,2012.0,2010.0,1997.0
2021101465,レーヌガレット,牝,玉垣光章,,コパノリッキー,2010106548,シーズガレット,2008101892,アグネスフライト,1997103400,橋場勇二,庄野牧場,275.5,2010.0,2008.0,1997.0
2021105346,モディリアーニ,牝,萩原清,,レイデオロ,2014106201,アイズオンリー,2010104010,ネオユニヴァース,2000101426,池谷誠一,ノーザンファーム,275.0,2014.0,2010.0,2000.0
2021100460,カワカミガンビエ,牝,本田優,,デクラレーションオブウォー,000a0136f6,ボールルーム,000a0123d7,Storm Cat,000a001a98,三石川上牧場,三石川上牧場,275.0,2009.0,2008.0,1983.0
2021107297,クリノフロンティア,牡,井上哲,,フリオーソ,2004106867,マヤノスターライト,2000105532,ジェイドロバリー,000a0001a7,小澤徳定,日西牧場,274.6,2004.0,2000.0,1987.0
2021105203,スレッタ,牝,土井道隆,,レッドファルクス,2011104416,ブライトホーン,2016104950,ハーツクライ,2001103038,酒井孝敏,社台ファーム,274.2,2011.0,2016.0,2001.0
2021102193,コファーズ,セ,柴田高志,,キンシャサノキセキ,2003110212,コフィーチャン,2008101054,シンボリクリスエス,1999110099,レックス,門別牧場,274.1,2003.0,2008.0,1999.0
2021106477,ゼネラルブラボウ,牡,嶋田幸晴,,ワールドエース,2009106353,ロイヤルフレア,2013105630,フレンチデピュティ,000a00013a,榊原勝好,中地広大,274.0,2009.0,2013.0,1992.0
2021102830,アンパオ,牝,久保杉隆,,ホッコータルマエ,2009100921,フリートカレン,2017102166,ヘニーヒューズ,000a011155,遠藤喜和,惣田英幸,273.7,2009.0,2017.0,2003.0
2021106208,リベリアンガール,牝,及川良春,,マインドユアビスケッツ,000a01392e,エイシンキンチェム,2009100946,フジキセキ,1992109618,谷謙介,コスモヴューファーム,273.2,2013.0,2009.0,1992.0
2021106700,フィロンドール,牝,地辺幸一,,ニューイヤーズデイ,000a014589,フィロンルージュ,2006103236,フレンチデピュティ,000a00013a,ファーストビジョン,ハシモトファーム,272.7,2011.0,2006.0,1992.0
2021106796,コスモロイロ,牡,堀江仁,,ロージズインメイ,000a010a10,ダリオール,000a011dc9,Highest Honor,000a00185c,村田裕子,ビッグレッドファーム,272.5,2000.0,2007.0,1983.0
2021101328,フリアンディーズ,牝,伊藤滋規,,プレティオラス,2009102405,ヴィジタンディーヌ,2010100402,ワイルドラッシュ,000a0003a1,伊達泰明,サンシャイン牧場,272.5,2009.0,2010.0,1994.0
2021103311,ピークブルーム,牝,沖田明子,,エピファネイア,2010104155,ピエノフィオレ,2012105616,キングカメハメハ,2001103460,川添裕起,宮内牧場,272.3,2010.0,2012.0,2001.0
2021106716,コギャル,牝,大津剛,,ロジャーバローズ,2016106065,スターギャル,2011101993,ヨハネスブルグ,000a0103b9,爲永良弘,林博道,272.0,2016.0,2011.0,1999.0
2021105065,シャバツィ,牝,今津勝之,,モーリス,2011100655,シュピッツェ,2009105812,Azamour,000a01053b,出口雄之,社台ファーム,272.0,2011.0,2009.0,2001.0
2021101256,クラウングスタフ,牡,水野貴広,,レイデオロ,2014106201,クラウンロゼ,2010105389,ロサード,1996107429,矢野恭裕,クラウン日高牧場,272.0,2014.0,2010.0,1996.0
2021100512,ムーンブリッジ,牡,高馬元紘,,シュヴァルグラン,2012104759,エクストラファイン,2012104281,シンボリクリスエス,1999110099,（有）仁志工業,森政巳,271.6,2012.0,2012.0,1999.0
2021102260,ダイメイオトヒメ,牝,大垣敏夫,,サンダースノー,000a013a06,ダイメイダーク,2007104165,ダンスインザダーク,1993109188,宮本昇,横井哲,271.2,2014.0,2007.0,1993.0
2021103477,ヴェヌーセ,牝,田中淳司,,ミッキーグローリー,2013103999,ヴィーナスベルト,2013103948,コンデュイット,2005190006,ノルマンディーサラブレッドレーシング,岡田スタッド,271.1,2013.0,2013.0,2005.0
2021104872,ビルンバウム,セ,渡辺薫彦,,マインドユアビスケッツ,000a01392e,スカーレル,2009105882,ゴールドアリュール,1999106689,社台レースホース,社台コーポレーション白老ファーム,271.0,2013.0,2009.0,1999.0
2021101919,フミフローレンス,牝,後藤正義,,ビッグアーサー,2011103328,ディーズハイエンド,2016103538,ダイワメジャー,2001103114,吉澤一弥,日高大洋牧場,270.7,2011.0,2016.0,2001.0
2021102417,グブリーサビタン,牡,加藤和宏,,マジェスティックウォリアー,000a011e9c,チュラカーギー,2013105838,ゴールドアリュール,1999106689,（株）ファーストビジ,坂東牧場,270.5,2005.0,2013.0,1999.0
2021101032,ジェスコ,牡,稲益貴弘,,ユアーズトゥルーリ,2016104391,ミナミ,2014106162,ルーラーシップ,2007103143,西村健,アイズスタッド,270.5,2016.0,2014.0,2007.0
2021103467,ホウオウミニスター,牝,新井清重,,シニスターミニスター,000a011099,アイアムキャツアイ,2014101537,アイルハヴアナザー,000a011ed3,岡田牧雄,岡田スタッド,270.0,2003.0,2014.0,2009.0
2021101193,ウフフトルンナ,牝,九日俊光,,タリスマニック,000a013425,イサチルルンナ,2012102521,キングカメハメハ,2001103460,小坂功,カロッテファーム,270.0,2013.0,2012.0,2001.0
2021106124,オータムルーチェ,牝,榎屋充,,ドレフォン,000a013b82,オータムカラー,2009106438,ダンスインザダーク,1993109188,仲尾正人,カミイスタット,269.5,2013.0,2009.0,1993.0
2021103025,シナモンデイジー,牝,川島洋人,,サトノダイヤモンド,2013106101,イルミナティ,2010102105,メイショウサムソン,2003102205,高樽秀夫,ディアレストクラブ,269.5,2013.0,2010.0,2003.0
2021107224,アドアプローズ,牡,小手川準,,ジャングルポケット,1998101786,マーシフルレイン,2013105726,キングカメハメハ,2001103460,アドバンス・サッポロ,新冠川上牧場,269.0,1998.0,2013.0,2001.0
2021104375,サブノプレミアム,牡,佐藤敏彦,,パイロ,000a01176a,サブノイナズマ,2005100884,カコイーシーズ,1986109001,小橋亮太,藤沢牧場,269.0,2005.0,2005.0,1986.0
2021105913,レインボーブリッジ,牝,小手川準,,リオンディーズ,2013105915,ローズマンブリッジ,2010104127,ディープインパクト,2002100816,保坂和孝,ノーザンファーム,268.8,2013.0,2010.0,2002.0
2021106741,リュウノダンマーム,牝,酒井仁,,リオンディーズ,2013105915,リリウオカラニ,2003110073,Grindstone,000a002130,蓑島竜一,パカパカファーム,268.7,2013.0,2003.0,1993.0
2021103290,イントゥユー,牝,渡辺和雄,,Into Mischief,000a0125a7,レディーオトゥール,000a01b7e0,Colonel John,000a011a41,江馬由将,三嶋牧場,268.0,2005.0,2015.0,2005.0
2021106411,パッセアジル,牡,千葉直人,,ディスクリートキャット,000a0113a1,シゲルゴホウサイ,2012100406,パイロ,000a01176a,ＭＫレーシング,中央牧場,267.5,2003.0,2012.0,2005.0
2021101017,ダノンクック,牡,中川竜馬,,ミッキーグローリー,2013103999,ダノンビーナス,2010100927,キングカメハメハ,2001103460,谷口信喜,吉田ファーム,267.4,2013.0,2010.0,2001.0
2021100692,ジンチョウゲ,牝,関本浩司,,オルフェーヴル,2008102636,ロイヤルテーラー,2014105732,ワークフォース,000a011a7f,小橋亮太,桑田牧場,267.3,2008.0,2014.0,2007.0
2021104296,ガシンカグラ,牡,今井輝和,,ワンダーアキュート,2006106794,ニュープロローグ,2011103564,キングカメハメハ,2001103460,北原大史,畠山牧場,267.0,2006.0,2011.0,2001.0
2021103508,プリドラ,牝,吉橋淳一,,マインドユアビスケッツ,000a01392e,タマヒカル,2002102475,パラダイスクリーク,1989109110,鈴木道隆,岡田スタッド,267.0,2013.0,2002.0,1989.0
2021101745,ミスティッククイン,牝,佐々木仁,,ドゥラメンテ,2012104511,ネックレス,000a01378a,Darshaan,000a0019b1,楊明翰,チャンピオンズファーム,267.0,2012.0,2001.0,1981.0
2021100864,ナツミカン,牡,中川雅之,,キンシャサノキセキ,2003110212,ナツ,2013103184,アドマイヤオーラ,2004102987,松田真由美,富塚ファーム,266.6,2003.0,2013.0,2004.0
2021104675,トレビアンクリール,牡,松本隆宏,,オルフェーヴル,2008102636,ステファニーラン,2012103793,スウェプトオーヴァーボード,000a00fa34,上水牧場,上水牧場,266.4,2008.0,2012.0,1997.0
2021104202,ブラントンアロー,牡,須田和伸,,ラブリーデイ,2010104298,スピネッタ,2006100329,シンボリクリスエス,1999110099,矢口龍彦,泊仁史,266.4,2010.0,2006.0,1999.0
2021101607,トウメイヨリキレイ,牝,藤田正治,,トーホウジャッカル,2011100482,トーホウビスカヤ,2014103212,ストリートセンス,000a0113a2,小橋亮太,竹島幸治,265.7,2011.0,2014.0,2004.0
2021106227,ルーセントメジャー,牡,市村誠,,ネロ,2011103722,コイスルオトメ,2009100606,グラスワンダー,1995108676,中原哲郎,今野活博,265.0,2011.0,2009.0,1995.0
2021104693,ジョシュア,牡,田辺陽一,,マクマホン,000a0143ac,エスティマリリン,2010100244,ザール,000a010990,（有）総武開発,エスティファーム,265.0,2014.0,2010.0,1995.0
2021103599,ラインアルファ,牡,水野貴史,,ヘニーヒューズ,000a011155,ヒストリアドリーム,2010100557,アドマイヤムーン,2003102991,大澤繁昌,岡田牧場,265.0,2003.0,2010.0,2003.0
2021101881,エルキーオ,牡,佐藤博紀,,レインボーライン,2013106183,スタイルオブメロン,2001106912,メジロマックイーン,1987107235,高樽秀夫,ノースガーデン,265.0,2013.0,2001.0,1987.0
2021100405,ルカリリ,牝,田中正人,,マインドユアビスケッツ,000a01392e,ヒマラヤタカコ,2011101475,タイキシャトル,1994109686,木村廣太,本桐牧場,265.0,2013.0,2011.0,1994.0
2021100107,アイアンロマン,牝,東美義,,サトノクラウン,2012104668,アイアンクリッパー,2008103128,ハーツクライ,2001103038,（同）ＪＰＮ技研,グローリーファーム,264.2,2012.0,2008.0,2001.0
2021104898,ゲームアップロード,牡,角川秀樹,,ロードカナロア,2008103552,パシャドーラ,2010103676,ハーツクライ,2001103038,村上卓史,社台コーポレーション白老ファーム,264.1,2008.0,2010.0,2001.0
2021105413,ビップジェンマ,牝,保利良平,,リアルスティール,2012104889,ウィーミスフランキー,000a012060,Sunriver,000a011ff7,鈴木邦英,ノーザンファーム,264.0,2012.0,2009.0,2003.0
2021104964,ドゥグンドゥグン,牝,山下貴之,,リアルインパクト,2008103244,ウェルカムヒア,2018104606,マクフィ,000a011c77,小林善一,社台ファーム,264.0,2008.0,2018.0,2007.0
2021100957,マジカルプリンス,牡,細川忠義,,アドミラブル,2014105979,マジカルプリンセス,2016110162,Temple City,000a012a6a,国田正忠,伏木田牧場,264.0,2014.0,2016.0,2005.0
2021103846,ミュークロア,牝,栗本陽一,,サンダースノー,000a013a06,ハートエンジェル,2014102214,アドマイヤムーン,2003102991,庄司紫紀,佐竹学,263.7,2014.0,2014.0,2003.0
2021102794,サシバ,牡,中川竜馬,,インカンテーション,2010104916,ビーフィットウォー,2010104464,ウォーエンブレム,000a00fa35,豊島愛子,佐々木恵一,263.5,2010.0,2010.0,1999.0
2021102531,ミヤジテン,牝,南田美知,,デクラレーションオブウォー,000a0136f6,ミニョンレーヌ,2013104340,ディープインパクト,2002100816,山口謙太郎,高村伸一,263.5,2009.0,2013.0,2002.0
2021100509,エイシンロッソネリ,牡,笹野博司,,エイシンヒカリ,2011101273,エイシンムー,2014103058,ファスリエフ,000a00fc4c,平井克彦,元道牧場,263.5,2011.0,2014.0,1997.0
2021102612,エイシンノヴァ,牡,荒巻透,,ノヴェリスト,000a012230,カベルネフラン,2009105626,アサクサデンエン,1999110191,（同）ＪＰＮ技研,栄進牧場,263.4,2009.0,2009.0,1999.0
2021106358,カミカゼレディー,牝,立花貢,,ダノンレジェンド,2010110102,テイエムブリランテ,2015100383,ディープブリランテ,2009105084,浜口寛,タニグチ牧場,263.1,2010.0,2015.0,2009.0
2021107265,ドルフィンスクエア,牝,清水久詞,,ドレフォン,000a013b82,ケンジントンII,000a01596f,Kitten's Joy,000a0119b3,吉田和美,浜本牧場,263.0,2013.0,2015.0,2001.0
2021103941,ジャヴァネ,牝,工藤裕孝,,トーセンラー,2008102985,セントフロンティア,2002110236,デインヒル,000a0000d1,Ｉレーシング（株）,静内山田牧場,263.0,2008.0,2002.0,1986.0
2021105006,カイマナエレエレ,牝,池田忠好,,ブリックスアンドモルタル,000a014377,キスミーワンス,2014105779,ネオユニヴァース,2000101426,南條浩輝,社台ファーム,262.5,2014.0,2014.0,2000.0
2021101885,エナモーニン,牡,田中範雄,,モーニン,2012110091,プレシャスクルー,2015103529,ノヴェリスト,000a012230,宮原廣伸,ノースガーデン,262.2,2012.0,2015.0,2009.0
2021102017,ソフィアトート,牝,堀千亜樹,,ファインニードル,2013100612,マドモアゼルシッシ,000a010eb4,Sadler's Wells,000a00185d,東都輸送（株）,藤本ファーム,262.0,2013.0,2003.0,1981.0
2021105281,ケイプグッドホープ,牡,瀬戸口悟,,ジャスタウェイ,2009106461,ルーラ,000a013e70,Oasis Dream,000a010d4f,谷掛龍夫,社台ファーム,261.6,2009.0,2009.0,2000.0
2021101841,コモリクイーンダム,牝,中野博,,アニマルキングダム,000a011dad,キョウエイアロマ,2008102343,キングカメハメハ,2001103460,子守貴久,中前牧場,261.6,2008.0,2008.0,2001.0
2021105653,グランドマーシャル,牝,高橋純,,ワールドエース,2009106353,ティッカーテープ,000a011de4,Royal Applause,000a010615,大黒富美子,ノーザンファーム,261.5,2009.0,2001.0,1993.0
2021101085,アンサーパスト,セ,伊藤滋規,,ニューイヤーズデイ,000a014589,エイブルインレース,2006103047,フジキセキ,1992109618,レックス,荒井ファーム,261.4,2011.0,2006.0,1992.0
2021109007,チュウオーサラ,牝,松浦裕之,,ホッコータルマエ,2009100921,マイネローレライ,2008100485,ロージズインメイ,000a010a10,上山泰憲,荒谷牧場,261.0,2009.0,2008.0,2000.0
2021107031,ライヴフリッパー,牡,赤嶺本浩,,ヘニーハウンド,2008110097,タカヒロチャーム,2006104998,エイシンサンディ,1993103280,澤田孝之,村上牧場,261.0,2008.0,2006.0,1993.0
2021102957,ラガッツァステッラ,牝,藤原智行,,ニシケンモノノフ,2011105438,ティティテア,2010104952,バブルガムフェロー,1993109219,中尾勝,津島優治,260.0,2011.0,2010.0,1993.0
2021101481,ロンドンライフ,牝,岡林光浩,,グレーターロンドン,2012101402,ハッピーベリンダ,2011103470,アグネスデジタル,1997110025,窪田芳郎,白井牧場,260.0,2012.0,2011.0,1997.0
2021100907,ファンタン,牝,田島寿一,,バンブーエール,2003104100,ブラックショコラ,2012106045,サウスヴィグラス,1996110138,神田雅行,バンブー牧場,260.0,2003.0,2012.0,1996.0
2021106581,ラダマンテュス,牡,櫻井今朝,,オルフェーヴル,2008102636,ブリトマルティス,2004101213,スペシャルウィーク,1995103211,山口謙太郎,新冠橋本牧場,259.0,2008.0,2004.0,1995.0
2021100488,アレイオン,牡,飯田弘道,,ブラックタイド,2001103312,スギノピクシー,2011103130,キングカメハメハ,2001103460,大黒富美子,明治牧場,258.6,2001.0,2011.0,2001.0
2021100421,サンティヨン,牡,森澤友貴,,ブリックスアンドモルタル,000a014377,スカイブルーダイヤ,2015104425,ロードカナロア,2008103552,奥裕嗣,前田ファーム,258.3,2014.0,2015.0,2008.0
2021103626,アップミライ,牝,藤田正治,,サンダースノー,000a013a06,バトルキクヒメ,2007100162,ホワイトマズル,1990109700,増田兼良,小倉光博,258.2,2014.0,2007.0,1990.0
2021106646,マエストロライト,牡,小牧毅,,ハービンジャー,000a011996,ブライトムーン,2014100616,ルーラーシップ,2007103143,前田晋二,ノースヒルズ,258.1,2006.0,2014.0,2007.0
2021100065,ジョードプル,牡,佐藤敏彦,,ワールドエース,2009106353,ミスフーバフーバ,000a010a9e,Gone West,000a001be1,小橋亮太,折手牧場,258.1,2009.0,2001.0,1984.0
2021107122,ユナブライト,牡,手島勝利,,ヴィクトワールピサ,2007102923,イイデステップ,2008105154,ファンタスティックライト,1996190005,三岡有香,山岡ファーム,258.0,2007.0,2008.0,1996.0
2021105451,オウケンヴィーナス,牝,松永康利,,ルーラーシップ,2007103143,オウケンビリーヴ,2013106022,クロフネ,1998110135,福井明,ノーザンファーム,258.0,2007.0,2013.0,1998.0
2021103722,スリーロマンス,牝,目迫大輔,,ダイワメジャー,2001103114,サムロマンス,000a013712,Galileo,000a00232b,永井商事（株）,グランド牧場,258.0,2001.0,2013.0,1998.0
2021102210,ビーストリート,牝,櫻田浩樹,,ベストウォーリア,2010110127,ストリートダンサー,2013105823,ダノンシャンティ,2007105709,大黒富美子,ヤスナカファーム,258.0,2010.0,2013.0,2007.0
2021104436,スペシャライト,牝,今津博之,,ディーマジェスティ,2013104704,エアディケム,2002105259,フレンチデピュティ,000a00013a,藤原牧場,藤原牧場,257.8,2013.0,2002.0,1992.0
2021102058,バタフライロック,牝,加藤和義,,ヘニーヒューズ,000a011155,ショウサンユリシス,2011101453,プリサイスエンド,000a00fe9b,谷崎森吾,豊洋牧場,257.8,2003.0,2011.0,1997.0
2021101620,サントロペ,牝,安部幸夫,,リオンディーズ,2013105915,ローデッド,2012105924,ディープインパクト,2002100816,稲葉光昭,タバタファーム,257.3,2013.0,2012.0,2002.0
2021106973,ラトレラ,牝,藤ケ崎一,,リーチザクラウン,2006102923,ウマヤノニウシ,2014105219,ストリートセンス,000a0113a2,仲尾正人,村上欽哉,257.2,2006.0,2014.0,2004.0
2021100487,スレイプナー,牝,井上哲,,ダノンレジェンド,2010110102,スギノエンプレス,2014101387,エンパイアメーカー,000a010542,酒井孝敏,明治牧場,257.0,2010.0,2014.0,2000.0
2021106808,シェルターベルト,牝,高橋俊之,,スクリーンヒーロー,2004103328,ホワイトウインド,2012103881,スウェプトオーヴァーボード,000a00fa34,佐々木均,ビッグレッドファーム,256.9,2004.0,2012.0,1997.0
2021106761,テーオーカルドア,牡,手島勝利,,シルバーステート,2013105903,コンフォータブル,2011105174,ザール,000a010990,三岡有香,樋渡志尚,256.8,2013.0,2011.0,1995.0
2021102234,テーオーエメラルド,牝,竹下直人,,コパノリッキー,2010106548,テーオールチア,2015102078,シニスターミニスター,000a011099,ファーストビジョン,ヤナガワ牧場,256.5,2010.0,2015.0,2003.0
2021102176,ブローイングキッス,牝,山田質,,ベストウォーリア,2010110127,タオルチャン,2010104690,クロフネ,1998110135,ＶＩＥＷＳＴＹＬＥ（,門別敏朗,256.5,2010.0,2010.0,1998.0
2021104548,グラスチアー,牝,竹下太,,アルアイン,2014106046,グラスルビー,2008103055,シングスピール,1992190005,武村學,松田牧場,256.4,2014.0,2008.0,1992.0
2021100753,ワンダービジブル,牡,吉村圭司,,ダンカーク,000a012185,ロイヤルソード,2015103620,スウェプトオーヴァーボード,000a00fa34,山本能成,高昭牧場,256.4,2006.0,2015.0,1997.0
2021103883,ミヤビエクセレント,牝,森山広大,,オルフェーヴル,2008102636,ミヤビキラメキ,2013104268,ハーツクライ,2001103038,（株）ベルチェ,静内白井牧場,256.2,2008.0,2013.0,2001.0
2021106016,トゥーウィン,牝,山崎裕也,,トゥザワールド,2011103975,ゴールドエンジェル,2004103933,クロフネ,1998110135,中越達也,安達牧場,256.0,2011.0,2004.0,1998.0
2021103851,ライスライス,牝,工藤伸輔,,アドマイヤムーン,2003102991,レディマスグレイヴ,2012101616,コマンズ,000a011625,北原大史,佐竹学,256.0,2003.0,2012.0,1996.0
2021109104,コウソクエミ,牝,工藤裕孝,,デクラレーションオブウォー,000a0136f6,ルビーティアラ,2014101373,マンハッタンカフェ,1998101554,野崎昭夫,下河辺トレーニングセンター,255.9,2009.0,2014.0,1998.0
2021102248,エリオットゲーム,牡,斉藤正弘,,カリフォルニアクローム,000a012602,リーグルメアリー,000a01175f,Afternoon Deelites,000a0021a7,梁川正普,ヤナガワ牧場,255.9,2011.0,2002.0,1992.0
2021101469,メイショウタダカツ,牡,松島壽,,スワーヴリチャード,2014106083,ホットバタードラム,2010104365,タニノギムレット,1999100226,高野良美,庄野牧場,255.9,2014.0,2010.0,1999.0
2021107230,パリッドキャリア,牡,清水久詞,,ヘニーヒューズ,000a011155,サンライズシェル,2015104798,キンシャサノキセキ,2003110212,広尾レース,メイタイファーム,255.8,2003.0,2015.0,2003.0
2021102237,ビリーヴサンライズ,牝,酒井仁,,デクラレーションオブウォー,000a0136f6,デイジーフローラ,2013104987,キングカメハメハ,2001103460,小橋亮太,ヤナガワ牧場,255.8,2009.0,2013.0,2001.0
2021105047,マサハヤヴォス,牡,茶木太樹,,ロゴタイプ,2010103783,サニーデイサンデー,2008102855,ジャングルポケット,1998101786,ドリーム＆Ｄｒｅａｍ,社台ファーム,255.5,2010.0,2008.0,1998.0
2021104997,ハルボタン,牝,木村暁,,ストロングリターン,2006102934,カタマチボタン,2004103222,ダンスインザダーク,1993109188,山口謙太郎,社台ファーム,255.5,2006.0,2004.0,1993.0
2021105097,ワンノブアス,牡,稻田彰宏,,レッドファルクス,2011104416,スワンキーポーチ,2005102318,アグネスタキオン,1998101516,細川幸男,社台ファーム,255.3,2011.0,2005.0,1998.0
2021105952,シラユリ,牝,佐藤敏彦,,ルーラーシップ,2007103143,イタリアンホワイト,2014106219,ステイゴールド,1994108729,岩渕瑞生,レイクヴィラファーム,255.2,2007.0,2014.0,1994.0
2021105645,ユキカゼ,牝,小崎憲,,ロードカナロア,2008103552,チカリータ,2013105882,クロフネ,1998110135,インゼルレーシング,ノーザンファーム,255.0,2008.0,2013.0,1998.0
2021105165,シアーエレガンス,牝,森山英雄,,ダイワメジャー,2001103114,ハーエミネンシー,000a013da7,Successful Appeal,000a010748,山邉浩,社台ファーム,255.0,2001.0,2012.0,1996.0
2021103506,ジュリアスローズ,牝,粕谷昌央,,エピファネイア,2010104155,タニノジュレップ,2005100234,コロナドズクエスト,000a0000b5,岡田牧雄,岡田スタッド,255.0,2010.0,2005.0,1995.0
2021107105,ナックエクスプレス,牝,中川雅之,,アジアエクスプレス,2011110091,メロークーミス,2008104870,ダンスインザダーク,1993109188,小松欣也,守矢牧場,254.9,2011.0,2008.0,1993.0
2021102613,ヒロイックロイ,牡,手島勝利,,ゼンノロブロイ,2000101517,マリーファー,000a013e7a,Dubawi,000a0115e2,プレディクトレーシング,栄進牧場,254.6,2000.0,2012.0,2002.0
2021106468,テンマワンヤ,牝,大山寿文,,エイシンフラッシュ,2007102951,プリマゴールド,2012101577,ステイゴールド,1994108729,山本晋也,トモファーム,254.5,2007.0,2012.0,1994.0
2021100041,デザイアー,牝,石井勝男,,エピカリス,2014103121,フレンチムスメ,2002101062,フレンチデピュティ,000a00013a,大栗芳一,沖田忠幸,254.5,2014.0,2002.0,1992.0
2021104539,ウナトライオン,牡,桧森邦夫,,コパノリッキー,2010106548,チーズクイーン,2012106197,モルフェデスペクタ,1998110056,高岡里枝,増本良孝,254.3,2010.0,2012.0,1998.0
2021101096,バイオレットローズ,牝,新田守,,モンテロッソ,000a011b05,ワイルドローズ,2009103412,メイショウオウドウ,1995101767,北原大史,石原牧場,254.1,2007.0,2009.0,1995.0
2021100661,カノウセイノケモノ,牡,真島元徳,,トビーズコーナー,000a011fed,ピエールナオチャン,2009101033,ケイムホーム,000a0108d1,三岡有香,上山牧場,253.9,2008.0,2009.0,1999.0
2021107136,ブラックムート,牡,渋谷信博,,トゥザワールド,2011103975,レディエマ,2014106496,オンファイア,2003102809,巴山尊文,山岡牧場,253.5,2011.0,2014.0,2003.0
2021101277,マルロス,牡,那俄性哲,,カイロス,2010101100,ディアマルコ,2013100965,スパイキュール,2000101557,（株）Ｌｏｙａｌｔｙ,クリアファーム,253.5,2010.0,2013.0,2000.0
2021101537,サンブリッジ,牝,高馬元紘,,コパノリッキー,2010106548,エイシンウィチタ,2013102455,ファルブラヴ,1998190004,（有）仁志工業,スウィングフィールド牧場,253.4,2010.0,2013.0,1998.0
2021100994,メイショウムーヴ,牝,大島静夫,,マジェスティックウォリアー,000a011e9c,メイショウユーコン,2014102935,ハーツクライ,2001103038,北原大史,村下明博,253.2,2005.0,2014.0,2001.0
2021103215,ウィズアリープ,牝,渡辺和雄,,ドゥラメンテ,2012104511,アタブ,000a01447f,New Approach,000a011656,江馬由将,三嶋牧場,253.0,2012.0,2012.0,2005.0
2021102539,エギエネス,牡,渡瀬寛彰,,エピカリス,2014103121,メガミチャン,2012104454,クロフネ,1998110135,橘木大地,富田恭司,253.0,2014.0,2012.0,1998.0
2021101339,クルトゥルン,牝,柳澤好美,,ミッキーロケット,2013106099,プリンセザ,2010100400,ブライアンズタイム,000a000082,組）西野畜産組合,サンシャイン牧場,253.0,2013.0,2010.0,1985.0
2021107194,ヴィレーラ,牝,伊藤勝好,,マジェスティックウォリアー,000a011e9c,ヴィグール,2015104849,クロフネ,1998110135,（有）ホースケア,目名太山口牧場,252.8,2005.0,2015.0,1998.0
2021105166,ディアモンクール,牝,工藤伸輔,,サトノダイヤモンド,2013106101,ハートシェイプト,000a0124be,Storm Cat,000a001a98,（株）アプエンテ,社台ファーム,252.7,2013.0,2006.0,1983.0
2021104641,アフリカンリリー,牡,保利良次,,キンシャサノキセキ,2003110212,リーガルリリー,2015103904,ヨハネスブルグ,000a0103b9,荒井康之,阿部栄乃進,252.4,2003.0,2015.0,1999.0
2021107234,サクラヒメ,牝,九日俊光,,サンダースノー,000a013a06,ヴィオレッタ,2013106064,シンボリクリスエス,1999110099,山邉浩,奥山牧場,252.1,2014.0,2013.0,1999.0
2021106522,ビッグロゴスルーフ,牡,那俄性哲,,ロゴタイプ,2010103783,トウカイミーロ,2013101701,ワークフォース,000a011a7f,ファーストビジョン,長浜牧場,252.0,2010.0,2013.0,2007.0
2021103869,クロマク,牡,中西達也,,エピファネイア,2010104155,ラヴァズアゲイン,2009100020,ファルブラヴ,1998190004,岡浩二,サンデーヒルズ,252.0,2010.0,2009.0,1998.0
2021102842,ヴァルドスター,牡,小野寺晋,,コパノリッキー,2010106548,エーシンメンフィス,2008101289,Medaglia d'Oro,000a010a65,（有）ジェムインター,高野牧場,252.0,2010.0,2008.0,1999.0
2021100840,レディースデイ,牝,宮川真衣,,ロジャーバローズ,2016106065,アグネスフィーバー,2005110173,Vindication,000a010544,廣松光成,高松牧場,252.0,2016.0,2005.0,2000.0
2021103004,ヒラボクヒーロー,牡,村田一誠,,モーリス,2011100655,ヒラボクキャロル,2004102048,ダンスインザダーク,1993109188,平田牧場,辻牧場,251.3,2011.0,2004.0,1993.0
2021107299,バリクパパン,牝,佐々木清,,アポロケンタッキー,2012110098,マスターウィンド,2007100478,サクラプレジデント,2000102261,和氣竜彦,へいはた牧場,251.0,2012.0,2007.0,2000.0
2021104685,ミラクルカカオ,牝,加藤和義,,ホークビル,000a01327c,ゴールデンリーフ,2010104608,ステイゴールド,1994108729,簗詰幸子,宇南山牧場,251.0,2013.0,2010.0,1994.0
2021103794,ハマノキョウケン,牡,月岡健二,,ディスクリートキャット,000a0113a1,アンジェラクイーン,2016102019,マンハッタンカフェ,1998101554,後藤泰彦,坂本智広,251.0,2003.0,2016.0,1998.0
2021100708,グランパリッシュ,牝,畑端省吾,,シュヴァルグラン,2012104759,カネトシパリッシュ,2010110137,Tapit,000a011248,安藤晋平,高昭牧場,251.0,2012.0,2010.0,2001.0
2021104533,フォーレ,牝,櫻田康二,,ヴァンセンヌ,2009106525,テアトロレアル,2013105999,シンボリクリスエス,1999110099,ＫＡＪＩＭＯＴＯホールディングス,増本牧場,250.8,2009.0,2013.0,1999.0
2021104990,ヘヴィリピーテッド,牡,松浦聡志,,ミッキーアイル,2011103916,オンヴェラ,000a011dcb,Smart Strike,000a00211c,吉田照哉,社台ファーム,250.5,2011.0,2007.0,1992.0
2021102242,サンライズマウレア,牡,栗林徹治,,リオンディーズ,2013105915,フォローガーネット,2012105095,サンライズペガサス,1998106718,（同）ＪＰＮ技研,ヤナガワ牧場,250.5,2013.0,2012.0,1998.0
2021100482,オルマジェス,セ,田口輝彦,,マジェスティックウォリアー,000a011e9c,グラッツェミーレ,2015102666,オルフェーヴル,2008102636,豊原純弥,明治牧場,250.4,2005.0,2015.0,2008.0
2021102664,エピタキシー,牡,武井和実,,エピカリス,2014103121,クィーンアマポーラ,2013105333,キングカメハメハ,2001103460,山邉浩,鎌田正嗣,250.1,2014.0,2013.0,2001.0
2021110162,ジュウオウ,牡,秋山真一,,Justify,000a013f2d,Coral Coast,000a01f517,So You Think,000a011bda,天野克彦,Morning Rise Stud,250.0,2015.0,2014.0,2006.0
2021105740,クールソリッド,牡,藤田輝信,,マインドユアビスケッツ,000a01392e,ブランシェクール,2013106120,ダイワメジャー,2001103114,キャロットファーム,ノーザンファーム,250.0,2013.0,2013.0,2001.0
2021105492,アルテアシップ,牡,手塚貴久,,ルーラーシップ,2007103143,ギモーヴ,2013106018,ハービンジャー,000a011996,シルクレーシング,ノーザンファーム,250.0,2007.0,2013.0,2006.0
2021105479,オールウェズキズナ,牝,矢作芳人,,キズナ,2010105827,ガリレオオールウェイズ,000a013715,Galileo,000a00232b,Ｃ．フィプケ,ノーザンファーム,250.0,2010.0,2012.0,1998.0
2021105381,スピノザ,牡,国枝栄,,エピファネイア,2010104155,アルテリテ,000a012c83,Literato,000a01289b,江馬由将,ノーザンファーム,250.0,2010.0,2010.0,2004.0
2021105368,ジュンパワフル,牝,田中博康,,ニューイヤーズデイ,000a014589,アドマイヤマリン,2007103338,クロフネ,1998110135,河合純二,ノーザンファーム,250.0,2011.0,2007.0,1998.0
2021105052,ルージュランブル,牝,萩原清,,ドゥラメンテ,2012104511,サンダーカップ,000a012e9a,サンダーガルチ,000a00035c,東京ホースレーシング,社台ファーム,250.0,2012.0,2005.0,1992.0
2021103487,ホウオウラムセス,牡,安部幸夫,,エピファネイア,2010104155,オメガフレグランス,2007102877,ゴールドアリュール,1999106689,梅ケ枝容晃,岡田スタッド,250.0,2010.0,2007.0,1999.0
2021103109,ラブラドライト,牡,武藤善則,,フェノーメノ,2009106599,ステラアクトレス,2001104220,オペラハウス,000a000d77,田頭勇貴,南部功,250.0,2009.0,2001.0,1988.0
2021101678,ノルディア,牝,高馬元紘,,ディスクリートキャット,000a0113a1,ノヴィア,2015101674,ハードスパン,000a0116a1,門別敏朗,ダーレー・ジャパン・ファーム,250.0,2003.0,2015.0,2004.0
2021100410,ブルスケッタ,牝,小手川準,,ロードカナロア,2008103552,アルスノヴァ,2005102121,ダンスインザダーク,1993109188,村島昭男,前川勝春,250.0,2008.0,2005.0,1993.0
2021100186,ニシノオンリーワン,牡,稲垣幸雄,,サトノクラウン,2012104668,ニシノストーリー,2014102315,ディープインパクト,2002100816,西山茂行,さとう,250.0,2012.0,2014.0,2002.0
2021100017,ルージュラフェリア,牝,尾関知人,,ミッキーアイル,2011103916,レッドラフェスタ,2015102257,オルフェーヴル,2008102636,東京ホースレーシング,乾皆雄,250.0,2011.0,2015.0,2008.0
2021104880,マイキーマックイン,牡,矢内博,,オルフェーヴル,2008102636,セレナズヴォイス,2017110003,Honor Code,000a01372e,小林誠,社台コーポレーション白老ファーム,249.9,2008.0,2017.0,2011.0
2021110118,ボンウィークエンド,牡,山田義人,,Dundeel,000a014aa5,Tender,000a01da30,All American,000a013b22,平本淳一,Wallings Bloodstock Pty Ltd,249.6,2009.0,2011.0,2005.0
2021102862,アクス,牝,佐藤茂,,ダノンレジェンド,2010110102,ロフティードリーム,2014103280,キングズベスト,000a0022d2,清川信弘,高村牧場,249.5,2010.0,2014.0,1997.0
2021101923,マダムファンタジア,牝,川村守男,,エピカリス,2014103121,ビッザーロ,2014103722,クロフネ,1998110135,梅ケ枝容晃,日高大洋牧場,249.5,2014.0,2014.0,1998.0
2021100249,サブリエ,牝,竹下太,,イスラボニータ,2011103565,リアルファッション,2009106133,キングカメハメハ,2001103460,太田全哉,タツヤファーム,249.2,2011.0,2009.0,2001.0
2021103571,プレイフォーエフ,牝,井樋明正,,ビッグアーサー,2011103328,プレイフォーマザー,2011100429,ディープスカイ,2005101358,吉田哲,岡田猛,249.0,2011.0,2011.0,2005.0
2021104513,コープスリバイバー,牝,藤ケ崎一,,Mendelssohn,000a014f32,ノディアック,000a014fd0,Kodiac,000a012b10,須藤英之,前谷武志,248.6,2015.0,2013.0,2001.0
2021106311,アムールベル,牝,村田順一,,カリフォルニアクローム,000a012602,ロサモスカータ,2013106190,ヴィクトワールピサ,2007102923,佐々木均,須崎牧場,248.5,2011.0,2013.0,2007.0
2021103083,ヒデノスケ,牡,茂木浩幸,,カレンブラックヒル,2009106230,クロンドローリエ,2007101671,フジキセキ,1992109618,（株）ＭＭＣ,富菜牧場,248.4,2009.0,2007.0,1992.0
2021101247,クラウンライジング,セ,手島勝利,,トランセンド,2006104736,クラウンザショパン,2009106747,ゴールドアリュール,1999106689,サンエツ企画（有）,クラウン日高牧場,248.4,2006.0,2009.0,1999.0
2021105476,フランクエフェクト,牡,木村哲也,,Frankel,000a01239b,カーミングエフェクト,000a01b837,War Front,000a011d00,シルクレーシング,ノーザンファーム,248.0,2008.0,2016.0,2002.0
2021102402,ルージュエリシア,牝,栗田徹,,リオンディーズ,2013105915,ウォンビーロング,2007103916,ストラヴィンスキー,000a00fa41,東京ホースレーシング,坂東牧場,248.0,2013.0,2007.0,1996.0
2021101320,ジュレヴァー,牝,菅原右吉,,タリスマニック,000a013425,スターポケット,2010103024,ジャングルポケット,1998101786,後藤順男,坂戸節子,248.0,2013.0,2010.0,1998.0
2021106701,ハッピーギフト,牝,真島正徳,,マジェスティックウォリアー,000a011e9c,ブライトメッセージ,2008103101,シンボリクリスエス,1999110099,西村健,ハシモトファーム,247.7,2005.0,2008.0,1999.0
2021101816,プリンセスアメリカ,牝,佐藤雅彦,,アメリカンペイトリオット,000a013bba,プリンセスプライド,2009102791,マンハッタンカフェ,1998101554,内藤正生,中館牧場,246.9,2013.0,2009.0,1998.0
2021102950,ジーティーセイント,牡,山田義人,,レイデオロ,2014106201,モントボーゲン,2011104125,ゼンノロブロイ,2000101517,上岡和男,大道牧場,246.8,2014.0,2011.0,2000.0
2021100358,ユーフラジー,牝,川嶋弘吉,,シニスターミニスター,000a011099,アクティフ,2012100870,ファスリエフ,000a00fc4c,桧森高史,平野牧場,246.8,2003.0,2012.0,1997.0
2021102790,カラーオブワンダー,牡,沖田明子,,サトノアラジン,2011104063,オオシマパンジー,2002103741,スキャン,000a000d69,北原摩留,坂本晴美,246.7,2011.0,2002.0,1988.0
2021105324,ファイストス,牝,須田和伸,,バゴ,2001190004,インプレッシヴ,2008100537,オンファイア,2003102809,熊谷貴之,ゼットステーブル,246.5,2001.0,2008.0,2003.0
2021109072,ベルウッドリアン,牡,加藤和義,,キズナ,2010105827,パールレディ,2007109242,クロフネ,1998110135,蓑島竜一,ワールドファーム,246.1,2010.0,2007.0,1998.0
2021104562,クニノダイヤ,牡,細川忠義,,サトノダイヤモンド,2013106101,ウィローパドック,2006103108,クロフネ,1998110135,国田正忠,三木田牧場,246.0,2013.0,2006.0,1998.0
2021103615,レーヴトーリス,牡,渡瀬寛彰,,アポロケンタッキー,2012110098,レーヴイマージン,2010102824,マイネルセレクト,1999107196,村上憲政,岡田牧場,246.0,2012.0,2010.0,1999.0
2021101248,プロンプトノア,牝,佐々木仁,,サムライハート,2002100996,クラウンデュナミス,2011109147,ダンディコマンド,1993109569,（株）マルベリーコー,クラウン日高牧場,246.0,2002.0,2011.0,1993.0
2021106373,サンドバンブー,牝,川村守男,,エスポワールシチー,2005102837,ゴールデンフェザー,2011102465,キングカメハメハ,2001103460,（株）孝行舎,大栄牧場,245.5,2005.0,2011.0,2001.0
2021100878,ビーチハイボール,牡,坂口義幸,,ビーチパトロール,000a0141f9,カリビアンセレブ,2006100494,ゴールドアリュール,1999106689,内田律子,中村雅明,245.4,2013.0,2006.0,1999.0
2021103090,ヒカリイロノツバサ,牡,藤ヶ崎一,,コパノリッキー,2010106548,クールマジョリック,2013103637,エンパイアメーカー,000a010542,片岡信賢,中島牧場,245.3,2010.0,2013.0,2000.0
2021104774,トラウムビルト,牝,大島静夫,,ミッキーアイル,2011103916,トラウム,2011110055,Dansili,000a010a5f,北原大史,追分ファーム,244.8,2011.0,2011.0,1996.0
2021106482,リトルラフター,牝,植松則幸,,バゴ,2001190004,カムアラウンド,2005102490,アドマイヤベガ,1996107396,（株）ファーストビジ,中地義次,244.6,2001.0,2005.0,1996.0
2021102022,オンネア,牝,入口由美,,ホッコータルマエ,2009100921,ハンドスター,2009102992,パラダイスクリーク,1989109110,田頭勇貴,船越牧場,244.2,2009.0,2009.0,1989.0
2021103240,ブギーナイツ,牝,榎屋充,,サトノクラウン,2012104668,ジャポニウム,2014103583,ダノンシャンティ,2007105709,柳下直輝,三嶋牧場,244.1,2012.0,2014.0,2007.0
2021102230,テーオーエジソン,牡,真島正徳,,サトノダイヤモンド,2013106101,テーオーアモーレ,2015102069,ヨハネスブルグ,000a0103b9,梅ケ枝容晃,ヤナガワ牧場,244.1,2013.0,2015.0,1999.0
2021103843,ニホンピロドーバー,牡,川嶋弘吉,,ダンカーク,000a012185,ニホンピロカミーユ,2014104876,カネヒキリ,2002100978,小林英一,佐竹学,243.9,2006.0,2014.0,2002.0
2021105407,キュリエール,牝,水野貴史,,ヘニーヒューズ,000a011155,ウィキッドアイズ,2015104686,オルフェーヴル,2008102636,小濱正智,ノーザンファーム,243.6,2003.0,2015.0,2008.0
2021101005,マルモリハピネス,牝,北野真弘,,ダンカーク,000a012185,ロイヤルヴィラ,2014100819,ゼンノロブロイ,2000101517,山下繁美,村中牧場,243.4,2006.0,2014.0,2000.0
2021106055,ピリカメノコ,牝,赤嶺本浩,,マジェスティックウォリアー,000a011e9c,クラリティーエス,2010103728,シンボリクリスエス,1999110099,シグラップ・マネジメ,イワミ牧場,243.0,2005.0,2010.0,1999.0
2021104712,トーセンブレンダ,牝,平松徳彦,,エピファネイア,2010104155,トーセンエトワール,2008105761,Street Cry,000a0103ba,柴原栄,エスティファーム,243.0,2010.0,2008.0,1998.0
2021102579,ワープエンジン,牝,中川竜馬,,アドミラブル,2014105979,アグネスエンジェル,2012104113,ホワイトマズル,1990109700,豊島愛子,上村勇人,242.9,2014.0,2012.0,1990.0
2021105028,モデュレーション,牝,藤田輝信,,リアルスティール,2012104889,コマンドゥールキイ,2011104264,フジキセキ,1992109618,吉田照哉,社台ファーム,242.5,2012.0,2011.0,1992.0
2021103648,ダイリュウオリヒメ,牝,米田英世,,ベストウォーリア,2010110127,ダイリュウビーナス,2011101850,ディープスカイ,2005101358,大野龍,カタオカステーブル,242.5,2010.0,2011.0,2005.0
2021103542,ホウオウマリアン,牝,川嶋弘吉,,マツリダゴッホ,2003104570,ホノカ,2014104248,ロージズインメイ,000a010a10,ファーストビジョン,岡田スタッド,242.5,2003.0,2014.0,2000.0
2021102667,ペッシュプラット,牝,栗本陽一,,アドミラブル,2014105979,ピーチフィズ,2006101872,スウェプトオーヴァーボード,000a00fa34,柴田洋一,鎌田正嗣,242.3,2014.0,2006.0,1997.0
2021101787,カガロケット,牡,三野宮通,,ミッキーロケット,2013106099,スマートマーチ,2010101218,リンカーン,2000101561,熊谷孝也,戸川牧場,242.1,2013.0,2010.0,2000.0
2021101181,タレンテッド,牡,箕輪武,,アニマルキングダム,000a011dad,ツクバクイーン,2009105808,Bernardini,000a0111fe,梅ケ枝容晃,賀張中川牧場,242.0,2008.0,2009.0,2003.0
2021104394,ハナアヤメ,牝,昆貢,,ブリックスアンドモルタル,000a014377,ヴィヴァシャスヴィヴィアン,000a0117f9,Distorted Humor,000a0022ea,フジワラ・ファーム,フジワラファーム,241.6,2014.0,2005.0,1993.0
2021106755,ジェネレート,牝,植松則幸,,メイショウボーラー,2001100650,クリニエルドゥオル,2006110089,Cozzene,000a001bda,ファーストビジョン,平山牧場,241.3,2001.0,2006.0,1980.0
2021106223,ウインクリード,牡,笹野博司,,サンダースノー,000a013a06,ベリーフ,2007102456,スペシャルウィーク,1995103211,永見貴昭,コスモヴューファーム,241.0,2014.0,2007.0,1995.0
2021102081,ブレインストーム,牡,長谷川忍,,ブラックタイド,2001103312,スマートアリシア,2013100054,ファルブラヴ,1998190004,川上和彦,本間牧場,241.0,2001.0,2013.0,1998.0
2021100758,ハクサンアップル,牝,堀場裕充,,シルポート,2005109202,ハクサンインパクト,2013104892,ディープインパクト,2002100816,河崎五市,小島牧場,240.6,2005.0,2013.0,2002.0
2021103684,ホームアンドドライ,牡,今津勝之,,シュヴァルグラン,2012104759,セイリングホーム,000a018138,Shamardal,000a010c92,ＪＰＮ技研,木村秀則,240.6,2012.0,2015.0,2002.0
2021100423,ダバイターニャ,牝,坂本昇,,スクリーンヒーロー,2004103328,ターフデライト,2009105991,アグネスタキオン,1998101516,本城,前田ファーム,240.0,2004.0,2009.0,1998.0
2021102217,サンライズアザール,牡,沖田明子,,キタサンブラック,2012102013,グッデーコパ,2006106744,マンハッタンカフェ,1998101554,福岡隆史,ヤナガワ牧場,239.9,2012.0,2006.0,1998.0
2021106791,コスモブリランテ,牝,新田守,,ジャングルポケット,1998101786,シュペリユール,2000101405,サンデーサイレンス,000a00033a,北原大史,ビッグレッドファーム,239.8,1998.0,2000.0,1986.0
2021101893,キタノヒコボシ,牡,田口輝彦,,メイショウボーラー,2001100650,モアマイガール,2001100427,フジキセキ,1992109618,北所拓也,長谷川一男,239.6,2001.0,2001.0,1992.0
2021105208,ディバインウィル,牝,田島寿一,,ロゴタイプ,2010103783,ブリスアンドラック,2014105743,ディープインパクト,2002100816,神田雅行,社台ファーム,239.5,2010.0,2014.0,2002.0
2021103239,ドーヴィル,牝,後藤佑耶,,Harry Angel,000a01a8a2,ジェントルウーマンII,000a01a961,Shamardal,000a010c92,岡本真二,三嶋牧場,239.5,2014.0,2016.0,2002.0
2021101998,リノグロワール,牝,佐藤敏彦,,リアルスティール,2012104889,プリムラジュリアン,2015101916,セイントアレックス,2007110008,組）リノレーシング,福山牧場,239.4,2012.0,2015.0,2007.0
2021100100,キュールエカシス,牝,中塚猛,,ホッコータルマエ,2009100921,キュールエアリス,2010104528,ウォーエンブレム,000a00fa35,岡本良三,木下牧場,239.0,2009.0,2010.0,1999.0
2021105164,プレカーサー,牡,藤ケ崎一,,ロゴタイプ,2010103783,ハルマッタン,2012104406,マンハッタンカフェ,1998101554,伊藤彰敏,社台ファーム,238.6,2010.0,2012.0,1998.0
2021103687,アリーエテルネ,牝,藤田弘治,,リオンディーズ,2013105915,ベネディーレ,2007105559,クロフネ,1998110135,杉岡弘和,木村秀則,238.6,2013.0,2007.0,1998.0
2021102997,ウメテマリ,牝,山田徹,,バゴ,2001190004,テンテマリ,2011105901,スズカフェニックス,2002107011,（株）紀州ほそ川飼料,辻牧場,238.2,2001.0,2011.0,2002.0
2021107324,トウキョーバサラ,牝,村上頼章,,フリオーソ,2004106867,マイルズアハード,2014106315,ロージズインメイ,000a010a10,近藤誠,レジェンドファーム,238.0,2004.0,2014.0,2000.0
2021101301,サンティーラ,牡,山田徹,,ワールドエース,2009106353,チャームエンジェル,2005110222,Theatrical,000a001bed,原久美子,ケイズ,237.6,2009.0,2005.0,1982.0
2021102464,ルヴォンサンライズ,牝,高橋優子,,ニューイヤーズデイ,000a014589,ハニーメロンチャン,2007104997,サウスヴィグラス,1996110138,（有）総武開発,雅牧場,237.1,2011.0,2007.0,1996.0
2021107378,オンテンバール,牝,胡本友晴,,ダノンレジェンド,2010110102,シーサイドチャペル,2013105543,シンボリクリスエス,1999110099,柴原栄,マリオステーブル,237.0,2010.0,2013.0,1999.0
2021106455,キタノレガーロ,牝,平山宏秀,,ホッコータルマエ,2009100921,メモリーオブハース,2012104073,ディープインパクト,2002100816,北所拓也,富本茂喜,237.0,2009.0,2012.0,2002.0
2021105721,バンデルアース,牝,矢作芳人,,サトノダイヤモンド,2013106101,ファッションプレート,000a012947,Old Fashioned,000a011f17,ラ・メール,ノーザンファーム,237.0,2013.0,2011.0,2006.0
2021104750,エールデュヴァン,牝,高馬元紘,,リアルスティール,2012104889,エールヴォア,2016104310,ヴィクトワールピサ,2007102923,佐伯由加理,追分ファーム,237.0,2012.0,2016.0,2007.0
2021107298,リアルマジェスティ,牝,齋藤雄一,,ディーマジェスティ,2013104704,アリオーン,2009104401,スターリングローズ,1997106560,蔀英二,大道牧場,236.5,2013.0,2009.0,1997.0
2021105522,レアリザシオン,セ,九日俊光,,アルアイン,2014106046,コロナシオン,2014106110,キングカメハメハ,2001103460,ＪＰＮ技研,ノーザンファーム,235.5,2014.0,2014.0,2001.0
2021103352,メイショウテンヨウ,牝,藤ケ崎一,,メイショウボーラー,2001100650,クリアーパッション,2011100326,キングヘイロー,1995104427,片岡信賢,本巣敦,235.5,2001.0,2011.0,1995.0
2021100775,ナリタマフディー,牝,佐藤雅彦,,レイデオロ,2014106201,オースミハルカ,2000100459,フサイチコンコルド,1993109220,鮫川啓一,鮫川啓一,235.4,2014.0,2000.0,1993.0
2021101810,リックトメンマ,牝,櫻井今朝,,ゼンノロブロイ,2000101517,ユアザイオン,2012104593,メイショウサムソン,2003102205,皆川なほ子,中川欽一,235.3,2000.0,2012.0,2003.0
2021100036,ヴァイナル,牡,矢野義幸,,モーニン,2012110091,ジョイナー,2015100133,スマートファルコン,2005100097,中村陽介,沖田忠幸,235.3,2012.0,2015.0,2005.0
2021107070,スプリットキャスト,牝,栗林徹治,,コパノリッキー,2010106548,スプリングノート,2014105906,シンボリクリスエス,1999110099,福田達也,メイタイファーム,235.2,2010.0,2014.0,1999.0
2021103949,フクノパピヨン,牝,堀内岳志,,アジアエクスプレス,2011110091,マトゥリアルカ,2006100224,クリプティックラスカル,000a000da1,福島祐子,静内山田牧場,235.0,2011.0,2006.0,1995.0
2021102486,ファストガーベラ,牝,渋谷信博,,アジアエクスプレス,2011110091,ローザンヌ,2016102001,ハーツクライ,2001103038,石井太郎,寺井文秀,235.0,2011.0,2016.0,2001.0
2021100137,クランベリーダンス,牝,武藤善則,,スワーヴリチャード,2014106083,エレディア,2016101144,キングカメハメハ,2001103460,村山卓也,ケイアイファーム,235.0,2014.0,2016.0,2001.0
2021103387,ハドソンテソーロ,牝,菊川正達,,サトノアラジン,2011104063,ダイストウショウ,2010103063,サクラバクシンオー,1989108341,了徳寺健二ホールディングス,秋田育成牧場,234.6,2011.0,2010.0,1989.0
2021100449,グランテミス,牝,諏訪貴正,,バトルプラン,000a0118e8,カワカミハナコ,2016101425,ネオユニヴァース,2000101426,間宮秀直,三石川上牧場,234.2,2005.0,2016.0,2000.0
2021110129,オールドマイン,牡,加藤和宏,,Catalina Cruiser,000a01401e,Natchez Trace,000a01f200,Consolidator,000a011127,（株）ファーストビジ,Farfellow Farms Ltd.,234.0,2014.0,2007.0,2002.0
2021103633,ムジコムイハン,牡,細川忠義,,ビーチパトロール,000a0141f9,エーシンジェネシス,2008101293,Medaglia d'Oro,000a010a65,酒井孝敏,織田正敏,234.0,2013.0,2008.0,1999.0
2021101702,チャージドアップ,牝,和田正一,,キズナ,2010105827,ルネイション,2013100615,アドマイヤムーン,2003102991,橋本浩,ダーレー・ジャパン・ファーム,234.0,2010.0,2013.0,2003.0
2021101623,モンテマッジョーレ,牝,藤川純,,モンテロッソ,000a011b05,アドニータ,000a011a1c,シングスピール,1992190005,門別敏朗,ダーレー・ジャパン・ファーム,234.0,2007.0,2004.0,1992.0
2021103341,エムシージャドゥ,牡,中野博,,ビーチパトロール,000a0141f9,マリーズケイ,2011101385,アッミラーレ,1997100569,（同）ＪＰＮ技研,ミルファーム,233.7,2013.0,2011.0,1997.0
2021104057,サクラリゲル,牡,板垣吉則,,サクラオリオン,2002104686,サクラジュレップ,2010103415,サクラプレジデント,2000102261,さくらコマース,谷岡スタット,233.5,2002.0,2010.0,2000.0
2021107046,グッドレイン,牝,工藤裕孝,,トビーズコーナー,000a011fed,キタサンテンビー,2016100916,ダイワメジャー,2001103114,岩渕瑞生,村田牧場,233.4,2008.0,2016.0,2001.0
2021100333,ファルコンベガ,牡,川田孝好,,スマートファルコン,2005100097,ギタートウショウ,2008100665,アグネスデジタル,1997110025,安藤浩也,萩澤俊雄,233.4,2005.0,2008.0,1997.0
2021103753,ニールセン,牝,菅原右吉,,サトノアラジン,2011104063,プリモスペード,2016110080,Tiznow,000a00fa4b,ＫＡＪＩＭＯＴＯホールディングス,グランド牧場,233.1,2011.0,2016.0,1997.0
2021105034,グランソシエ,牝,田中剛,,マインドユアビスケッツ,000a01392e,コンプリートベスト,2014105720,エンパイアメーカー,000a010542,中島真美,社台ファーム,233.0,2013.0,2014.0,2000.0
2021102117,ピローテス,牝,宗形竹見,,アメリカンペイトリオット,000a013bba,キアーロベルタ,2012101948,エンパイアメーカー,000a010542,（有）槇本牧場,槇本牧場,233.0,2013.0,2012.0,2000.0
2021101257,マリノロマンス,牝,米川昇,,マジェスティックウォリアー,000a011e9c,クラウンロマン,2013102133,カネヒキリ,2002100978,サンエツ企画（有）,クラウン日高牧場,233.0,2005.0,2013.0,2002.0
2021101142,ユヌブリーズ,牝,中川竜馬,,ミッキーアイル,2011103916,ウィンディガーデン,2007103248,タニノギムレット,1999100226,豊島愛子,沖田牧場,232.5,2011.0,2007.0,1999.0
2021100993,ブイブイエスワン,牡,須田和伸,,ジャスタウェイ,2009106461,メイショウボーテ,2013103689,シンボリクリスエス,1999110099,（株）ＳＯＫ,村下明博,232.5,2009.0,2013.0,1999.0
2021104888,サンライズジェイド,牡,坂井英光,,エピファネイア,2010104155,チャームザワールド,2015104085,ロードカナロア,2008103552,（株）ライフハウス,社台コーポレーション白老ファーム,232.0,2010.0,2015.0,2008.0
2021102580,アークジャック,牡,水野貴史,,ダンカーク,000a012185,ヴォーグジャック,2009100173,クロフネ,1998110135,アークフロンティア,鵜木唯義,232.0,2006.0,2009.0,1998.0
2021102027,フッカツノチギリ,牝,地辺幸一,,ロゴタイプ,2010103783,ダンシングエディ,000a01122e,Moscow Ballet,000a001cba,酒井孝敏,碧雲牧場,232.0,2010.0,2002.0,1982.0
2021101300,フクノローゼル,牡,打越勇児,,メイショウボーラー,2001100650,サンローレンス,2015101264,スズカマンボ,2001103890,福島祐子,ケイズ,232.0,2001.0,2015.0,2001.0
2021101196,コウユーユケユケ,牝,小野望,,パイロ,000a01176a,ジュアンレパン,2007110082,Dynaformer,000a001dd9,加治屋貞光,カロッテファーム,232.0,2005.0,2007.0,1985.0
2021102706,アルーリングソレル,牝,沖田明子,,ブリックスアンドモルタル,000a014377,アルーリングハート,2013105307,ダイワメジャー,2001103114,（有）杵臼牧場,杵臼牧場,231.8,2014.0,2013.0,2001.0
2021107314,エンランブ,牝,長谷川剛,,パイロ,000a01176a,マイネマニフィーク,2002105170,アドマイヤベガ,1996107396,増山武志,絵笛牧場,231.5,2005.0,2002.0,1996.0
2021105114,バビロン,牡,原口次夫,,アルアイン,2014106046,ダノンフローラ,2004103267,アグネスタキオン,1998101516,北原大史,社台ファーム,231.3,2014.0,2004.0,1998.0
2021101656,カヴァラ,牝,酒井仁,,ホークビル,000a01327c,スノーイルナ,2014102175,アドマイヤムーン,2003102991,皆川なほ子,ダーレー・ジャパン・ファーム,231.3,2013.0,2014.0,2003.0
2021100607,カイトルビー,牝,関本浩司,,シゲルカガ,2011103048,ミノリレディー,2014103713,シンボリクリスエス,1999110099,小橋亮太,王蔵牧場,231.3,2011.0,2014.0,1999.0
2021105410,サトノファントム,牡,川田孝好,,サトノダイヤモンド,2013106101,ウイングステルス,000a012f88,Hawk Wing,000a010d4d,里見治,ノーザンファーム,231.0,2013.0,2005.0,1999.0
2021104099,バンリイックウ,牡,新谷功一,,ヘニーヒューズ,000a011155,キープオンゴーイン,2016106044,ディープインパクト,2002100816,岡浩二,千代田牧場,231.0,2003.0,2016.0,2002.0
2021103612,ピナーカ,牡,堀場裕充,,ビッグアーサー,2011103328,ヤマカツルビー,2016105583,ジャスタウェイ,2009106461,山田和夫,岡田牧場,231.0,2011.0,2016.0,2009.0
2021102866,ルルルンルン,牝,朝倉実,,ダノンレジェンド,2010110102,メイショウベーネ,2005106274,スキャターザゴールド,000a000d99,藤本栄史,多田善弘,231.0,2010.0,2005.0,1997.0
2021101185,ベルクリヒト,牡,山崎尋美,,ベルシャザール,2008103004,ローズプラネット,2010100315,フレンチデピュティ,000a00013a,山下学,賀張中川牧場,231.0,2008.0,2010.0,1992.0
2021100791,ハクサンシャトル,牡,宮本仁,,ハクサンムーン,2009102527,メンブランツァ,2007103618,タイキシャトル,1994109686,河崎五市,鮫川啓一,230.9,2009.0,2007.0,1994.0
2021105257,ナリノカサブランカ,牝,九日俊光,,ブリックスアンドモルタル,000a014377,モレサンドニ,2010103973,フジキセキ,1992109618,組）ＦｏｒｃｅＥｑｕ,社台ファーム,230.4,2014.0,2010.0,1992.0
2021102109,テンマ,牡,齋藤雄一,,ドレフォン,000a013b82,マルヨパトリオット,2008101644,アルカセット,2000190010,増田江利子,前野牧場,230.4,2013.0,2008.0,2000.0
2021106187,キエンバンジョウ,牡,中西達也,,アジアエクスプレス,2011110091,ジェシカピンク,2009106179,ディープインパクト,2002100816,岡浩二,小泉学,230.0,2011.0,2009.0,2002.0
2021104333,ショウマ,牡,藤田輝信,,スマートファルコン,2005100097,ヴァンジェーロ,2017101934,アイルハヴアナザー,000a011ed3,新井浩明,原弘之,230.0,2005.0,2017.0,2009.0
2021101842,ドビーフラッシュ,牡,渡辺和雄,,ニシケンモノノフ,2011105438,セレスフェアリー,2002106362,アドマイヤベガ,1996107396,木下昌秀,中前牧場,230.0,2011.0,2002.0,1996.0
2021104485,アーウイン,牝,西川進也,,シニスターミニスター,000a011099,トモノメジェール,2013106038,ゼンノロブロイ,2000101517,共田義夫,北洋牧場,229.5,2003.0,2013.0,2000.0
2021102564,メイショウハコブネ,牝,菅原勲,,メイショウボーラー,2001100650,ノアビジン,2013102878,ブラックタイド,2001103312,会田裕一,赤田牧場,229.2,2001.0,2013.0,2001.0
2021107293,ゲッワイエンタン,牡,今井輝和,,サンダースノー,000a013a06,ハニーハント,2001103448,エンドスウィープ,000a00010f,北原大史,メイタイファーム,229.1,2014.0,2001.0,1991.0
2021109134,マーティー,セ,濱田一夫,,エーシンシャラク,2008104011,イイジャン,2009101503,アドマイヤコジーン,1996106512,シグラップ・マネジメ,田上雄二,228.8,2008.0,2009.0,1996.0
2021106426,カマリイワヒネ,牝,工藤裕孝,,レインボーライン,2013106183,ワイレアワヒネ,2011104919,タイキシャトル,1994109686,遠藤正廣,対馬正,228.7,2013.0,2011.0,1994.0
2021105732,バストリカ,牝,瀬戸幸一,,トーセンラー,2008102985,フレグラントブレス,2013105865,クロフネ,1998110135,後藤順男,ノーザンファーム,228.7,2008.0,2013.0,1998.0
2021102766,リフレイン,牝,鈴木慎太,,シュヴァルグラン,2012104759,スラスラスイスイ,2016102881,パイロ,000a01176a,京都ホースレーシング,グランデファーム,228.6,2012.0,2016.0,2005.0
2021100385,デリングシチー,牡,柳井宏之,,モーニン,2012110091,フロイラインローゼ,2005102467,アドマイヤベガ,1996107396,池田俊道,幌村牧場,228.6,2012.0,2005.0,1996.0
2021109152,エレスペール,牝,真島元徳,,ケイムホーム,000a0108d1,ズッチーナ,2015109130,ストラヴィンスキー,000a00fa41,ＹＧＧホースクラブ,釘田義美,228.4,1999.0,2015.0,1996.0
2021100419,マオノシャウト,牡,池田忠好,,バトルプラン,000a0118e8,コーリングオブラブ,2007100565,キングカメハメハ,2001103460,湯浅健司,前田ファーム,228.4,2005.0,2007.0,2001.0
2021107256,クスノキワーク,牝,倉地学,,アメリカンペイトリオット,000a013bba,トーセンアイリス,2004103269,フジキセキ,1992109618,大泉勉,ノースガーデン,228.3,2013.0,2004.0,1992.0
2021102810,エイルドゥノン,牝,中川竜馬,,サトノアラジン,2011104063,シャルロッカ,2010102595,タニノギムレット,1999100226,（株）ＴＥＳＯＲＯ,松栄牧場,228.3,2011.0,2010.0,1999.0
2021106469,フェザースカイ,牡,新井隆太,,ユアーズトゥルーリ,2016104391,ユウキエナージー,2012101733,オンファイア,2003102809,羽地律雄,トモファーム,228.0,2016.0,2012.0,2003.0
2021105096,ホルガーダンスク,牡,甲田悟史,,オルフェーヴル,2008102636,スペードクイーン,2013110114,Gio Ponti,000a011a7e,社台レースホース,社台ファーム,228.0,2008.0,2013.0,2005.0
2021104835,エクストラドライ,牡,笹野博司,,キンシャサノキセキ,2003110212,エクストラペトル,2012104080,キングカメハメハ,2001103460,Ｇ１レーシング,社台コーポレーション白老ファーム,228.0,2003.0,2012.0,2001.0
2021104447,アマゾネス,牝,橋本忠明,,マジェスティックウォリアー,000a011e9c,バルベーラ,2014103208,ルーラーシップ,2007103143,カナヤマホールディングス,藤原牧場,228.0,2005.0,2014.0,2007.0
2021105920,ダンツハマー,牝,古賀光範,,パイロ,000a01176a,ユメノトキメキ,2007101582,マーベラスサンデー,1992103687,山元哲二,登別上水牧場,227.9,2005.0,2007.0,1992.0
2021100211,ツクバアプローズ,牝,林正人,,リアルインパクト,2008103244,ハーランズロマン,2012110120,Harlan's Holiday,000a010cdf,細谷武史,下屋敷牧場,227.7,2008.0,2012.0,1999.0
2021106870,ヴルカヌス,牡,中川雅之,,フリオーソ,2004106867,デアリングヴェスタ,2016105377,パイロ,000a01176a,レックス,ホース・マネジメント・ボス,226.9,2004.0,2016.0,2005.0
2021102879,ムーヴオン,牝,水野善太,,ヴィクトワールピサ,2007102923,アゾフィー,000a016b59,Sea The Stars,000a011c78,小橋亮太,谷川牧場,226.9,2007.0,2016.0,2006.0
2021106903,エスケイプラン,牡,北野真弘,,バトルプラン,000a0118e8,クーファチック,2010105411,ハーツクライ,2001103038,ＡＨＣ（株）,発田文広,226.7,2005.0,2010.0,2001.0
2021104926,ワイドマルガリータ,牝,吉田司,,ルーラーシップ,2007103143,リリカルホイッスル,2011103619,ゼンノロブロイ,2000101517,古川忠一,社台コーポレーション白老ファーム,226.7,2007.0,2011.0,2000.0
2021107267,ダイノハイド,牝,竹下太,,ホークビル,000a01327c,ジェイケイドリーム,2009104134,マンハッタンカフェ,1998101554,町田武,浜本牧場,226.5,2013.0,2009.0,1998.0
2021101136,セジールレーヴ,牝,小西重征,,シュヴァルグラン,2012104759,リアリティー,2010100274,アドマイヤマックス,1999107004,小林弘明,大江牧場,226.5,2012.0,2010.0,1999.0
2021110044,キングズロア,牡,井手上慎,,Kingman,000a0124ab,Kitten's Roar,000a01bc04,Kitten's Joy,000a0119b3,吉田勝利,Paca Paca Farm,226.0,2011.0,2012.0,2001.0
2021105061,エヴィエニス,牡,田島寿一,,ヴィクトワールピサ,2007102923,シャイニンオスカー,2015104487,ディープインパクト,2002100816,川上和彦,社台ファーム,226.0,2007.0,2015.0,2002.0
2021101773,バージンエスパー,牝,井樋一也,,ダンスディレクター,2010103303,エスパージョー,2015102302,エスポワールシチー,2005102837,宮崎豊治,坪田晃宜,225.6,2010.0,2015.0,2005.0
2021105843,リアルカラー,牡,羽月友彦,,リアルスティール,2012104889,ラベンダーカラー,2008103209,サクラバクシンオー,1989108341,青芝商事,ノーザンファーム,225.5,2012.0,2008.0,1989.0
2021100755,ダックリン,牝,戸部尚実,,ロジャーバローズ,2016106065,カラヴィンカ,2008110074,Bernardini,000a0111fe,遠藤喜和,小島牧場,225.3,2016.0,2008.0,2003.0
2021105576,ナインストーンズ,牡,鈴木啓之,,キズナ,2010105827,シンハリーズ,000a011191,シングスピール,1992190005,武井良介,ノーザンファーム,225.0,2010.0,2002.0,1992.0
2021104330,クロゴウ,牝,塚田隆男,,ゴールドアクター,2011105266,クロフネマンボ,2004101468,クロフネ,1998110135,藤本直弘,原則夫,225.0,2011.0,2004.0,1998.0
2021100013,キラメキトキメキ,牡,今津勝之,,ダンカーク,000a012185,ハルランマン,2007101816,アグネスタキオン,1998101516,小出水正男,稲葉牧場,225.0,2006.0,2007.0,1998.0
2021103448,ゴールデンレイ,牡,瀬戸幸一,,ゴールデンマンデラ,2017110001,プンタレオナ,2015104984,ヘニーヒューズ,000a011155,長島利治,ウエスタンファーム,224.8,2017.0,2015.0,2003.0
2021106236,イエローアイリス,牝,小野望,,エスポワールシチー,2005102837,ヘイブンズギフト,2010103658,クロフネ,1998110135,伊藤誠吉,五丸農場,224.5,2005.0,2010.0,1998.0
2021100811,クロスアヴァンセ,牝,井樋明正,,ヴァンセンヌ,2009106525,エイシンバーサス,2012102443,ファルブラヴ,1998190004,辻高史,大北牧場,224.5,2009.0,2012.0,1998.0
2021100340,シャンアリーズ,牝,桧森邦夫,,ミッキーロケット,2013106099,アルドラ,2009103980,マイネルラヴ,1995108558,原口章,原口牧場,224.3,2013.0,2009.0,1995.0
2021104263,ココケイ,牝,真島元徳,,ラニ,2013110045,イタリアンフェッテ,2011101086,ヨハネスブルグ,000a0103b9,芳賀克也,野坂牧場,224.1,2013.0,2011.0,1999.0
2021103175,ベアファイト,牝,鈴木義久,,マスクゾロ,2011110069,パピヨナージュ,2016104586,キングカメハメハ,2001103460,熊木浩,ビクトリーホースランチ,224.0,2011.0,2016.0,2001.0
2021102500,ジオパークピリカ,牝,中川竜馬,,アメリカンペイトリオット,000a013bba,ジオパーククイーン,2014102917,バトルプラン,000a0118e8,豊島愛子,様似共栄牧場,224.0,2013.0,2014.0,2005.0
2021103482,ウインドファルクス,セ,畠山吉宏,,レッドファルクス,2011104416,エリモフローラ,2010101785,ゼンノロブロイ,2000101517,福原正博,岡田スタッド,223.8,2011.0,2010.0,2000.0
2021102070,ジークアスリート,牡,菅原欣也,,カレンブラックヒル,2009106230,ゲストアスリート,2005100692,ブライアンズタイム,000a000082,（有）カネショウ,細川牧場,223.8,2009.0,2005.0,1985.0
2021101516,ブラックモア,牡,石本孝博,,トビーズコーナー,000a011fed,ミラノリッチ,2011100440,キングカメハメハ,2001103460,（有）新生ファーム,新生ファーム,223.7,2008.0,2011.0,2001.0
2021109081,ワンダフルガイ,牡,田嶋弘幸,,デクラレーションオブウォー,000a0136f6,ワンダフルメモリー,2014104737,パイロ,000a01176a,栗山英樹,栗山牧場,223.5,2009.0,2014.0,2005.0
2021102163,ヴィスワ,牝,入口由美,,アレスバローズ,2012102017,オンザスローン,2006106150,キングカメハメハ,2001103460,内山啓,森永牧場,223.5,2012.0,2006.0,2001.0
2021104035,レオハートビート,牡,今津博之,,シュヴァルグラン,2012104759,ガラム,000a014477,Pivotal,000a002328,田中博之,田中裕之,223.3,2012.0,2014.0,1993.0
2021101144,ゴールデンアイル,牝,黒川智貴,,ミッキーアイル,2011103916,オーゴンヒリツ,2008105366,イーグルカフェ,1997110118,沖田方子,沖田牧場,223.2,2011.0,2008.0,1997.0
2021106428,シェナスタート,牝,山田正実,,アジアエクスプレス,2011110091,クルタナ,2007105552,Dixie Union,000a00fdbe,冨田藤男,津田牧場,223.0,2011.0,2007.0,1997.0
2021103707,コアクト,牝,北野真弘,,イスラボニータ,2011103565,アクトナチュラリー,2011101918,ディープインパクト,2002100816,ウエスト．フォレスト．ステイブル,グランド牧場,223.0,2011.0,2011.0,2002.0
2021102618,トモジャオッシュ,牡,大根田裕,,ホッコータルマエ,2009100921,ミナスジェライス,2011103580,マンハッタンカフェ,1998101554,吉冨学,絵笛牧場,223.0,2009.0,2011.0,1998.0
2021101649,ウーロン,牝,佐々木洋,,アドマイヤムーン,2003102991,ザマンダ,2011100544,コマンズ,000a011625,工藤栄三,ダーレー・ジャパン・ファーム,223.0,2003.0,2011.0,1996.0
2021102358,イッツマイトリート,牝,今井輝和,,ブリックスアンドモルタル,000a014377,ラッキーレディ,2010104688,ネオユニヴァース,2000101426,北原大史,清水牧場,222.8,2014.0,2010.0,2000.0
2021103327,ヌンコッチ,牝,加藤和宏,,サンダースノー,000a013a06,カハラビスティー,2009105259,ダイワメジャー,2001103114,（株）ファーストビジ,ミルファーム,222.6,2014.0,2009.0,2001.0
2021103804,シユウブラック,牡,佐久間雅,,キタサンブラック,2012102013,ノリミ,2014103457,サマーバード,2006190002,加藤志明,坂本智広,222.4,2012.0,2014.0,2006.0
2021101373,ロジスクリーン,牝,瀬戸口悟,,モーリス,2011100655,アストランティア,2016103040,キングカメハメハ,2001103460,谷謙介,下河辺牧場,222.4,2011.0,2016.0,2001.0
2021100164,ギフトフォーユー,牝,坂口義幸,,ロードカナロア,2008103552,プレミアムギフト,2016101143,オルフェーヴル,2008102636,木村明彦,ケイアイファーム,222.4,2008.0,2016.0,2008.0
2021100318,ビエントマルコ,牝,真島元徳,,ニシケンモノノフ,2011105438,ビエントブランコ,2010100762,フサイチリシャール,2003102955,原久美子,ニシケンファーム,222.3,2011.0,2010.0,2003.0
2021104608,スマートクイーン,牝,織田誠,,タリスマニック,000a013425,ファンタビュラス,2009105250,アグネスタキオン,1998101516,櫨山慶次,高橋直人,222.2,2013.0,2009.0,1998.0
2021101949,ドーンコスモ,牝,加藤和義,,リオンディーズ,2013105915,オースミコスモ,1999101368,フジキセキ,1992109618,広富牧場,広富牧場,222.2,2013.0,1999.0,1992.0
2021103900,リンゴ,牡,梅田智之,,パイロ,000a01176a,ホザンナ,2012103917,ダイワメジャー,2001103114,薪浦亨,静内ファーム,222.0,2005.0,2012.0,2001.0
2021101234,ブラウンスウィープ,牡,佐々木洋,,アドマイヤムーン,2003102991,スターオブジュニパー,000a010f04,Sadler's Wells,000a00185d,小島學,木村牧場,222.0,2003.0,1999.0,1981.0
2021103099,エクササイズ,牡,伊藤和,,サンダースノー,000a013a06,ショーハイウェイ,2015103271,パイロ,000a01176a,小嶋浩之,中脇満,221.7,2014.0,2015.0,2005.0
2021104343,スクイッドラン,セ,大塚信次,,ラニ,2013110045,キョウワルシエル,2007104305,シンボリクリスエス,1999110099,藤井猛,原ファーム,221.6,2013.0,2007.0,1999.0
2021106165,ゼンダンサクラ,牝,瀬戸口悟,,モーリス,2011100655,ミラクルステイ,2011104673,ステイゴールド,1994108729,鈴木道隆,協和牧場,221.4,2011.0,2011.0,1994.0
2021107012,キングプロフィット,牡,天間昭一,,キンシャサノキセキ,2003110212,サパス,000a010b3f,Kingmambo,000a001d7e,飯島利彦,村上進治,221.2,2003.0,2002.0,1990.0
2021102319,ベストイズアスク,牝,川添明弘,,エピファネイア,2010104155,ベストセラーアスク,2011102577,キングカメハメハ,2001103460,小橋亮太,ＡＳＫＳＴＵＤ,221.2,2010.0,2011.0,2001.0
2021106535,マイベスト,牝,高橋清顕,,モーニン,2012110091,ロイヤルジュエリー,2006105533,キングカメハメハ,2001103460,清川孝徳,新冠伊藤牧場,221.0,2012.0,2006.0,2001.0
2021104293,アストロラヴ,牝,笹野博司,,タリスマニック,000a013425,ディープラヴ,2011103897,ディープインパクト,2002100816,佐上峻作,畠山牧場,221.0,2013.0,2011.0,2002.0
2021103047,バルクアップ,牡,新田守,,ロゴタイプ,2010103783,ハナショウブ,2007106004,マリエンバード,000a00fa36,谷謙介,ディアレストクラブ,220.9,2010.0,2007.0,1997.0
2021101319,シェナダンス,牡,山口浩幸,,ラニ,2013110045,タッチブライト,2006106161,サウスヴィグラス,1996110138,冨田藤男,坂田牧場,220.2,2013.0,2006.0,1996.0
2021105815,ウェーブロック,牡,土屋洋之,,リアルスティール,2012104889,メリート,000a01256c,Redoute's Choice,000a00fe93,橘勝年,ノーザンファーム,220.0,2012.0,2006.0,1996.0
2021105655,ディアアリーチェ,牝,武幸四郎,,キズナ,2010105827,ティロレスカ,000a013234,Roman Ruler,000a011480,ＴＮレーシング,ノーザンファーム,220.0,2010.0,2011.0,2002.0
2021105650,ストロングタイズ,牡,萩原清,,キズナ,2010105827,チリーシルバー,2014110097,Malibu Moon,000a010c8e,シルクレーシング,ノーザンファーム,220.0,2010.0,2014.0,1997.0
2021105376,セウタ,牝,辻野泰之,,シルバーステート,2013105903,アビラ,000a0111cb,ロックオブジブラルタル,000a00fd4c,サンデーレーシング,ノーザンファーム,220.0,2013.0,2004.0,1999.0
2021105362,シグネチャーセント,牡,橋口慎介,,リオンディーズ,2013105915,アドマイヤアロマ,2011104013,ネオユニヴァース,2000101426,サンデーレーシング,ノーザンファーム,220.0,2013.0,2011.0,2000.0
2021105158,モデルニスモ,牝,斎藤誠,,ハーツクライ,2001103038,ノンザ,000a014471,Zanzibari,000a01355d,社台レースホース,社台ファーム,220.0,2001.0,2014.0,2007.0
2021104989,オレンジサファイア,牝,岡田稲男,,ヴィクトワールピサ,2007102923,オレンジティアラ,2007102748,サクラバクシンオー,1989108341,社台レースホース,社台ファーム,220.0,2007.0,2007.0,1989.0
2021104398,シャイニングベル,牝,後藤正義,,Make Believe,000a0141fa,キントラ,000a01b8be,Kingman,000a0124ab,（有）フジワラ・ファ,フジワラファーム,220.0,2012.0,2016.0,2011.0
2021104342,ユバチーズダブル,牝,松島壽,,ダノンレジェンド,2010110102,アルディートプリエ,2009101292,シーキングザダイヤ,2001110220,吉岡泰治,原ファーム,220.0,2010.0,2009.0,2001.0
2021104319,シャリティ,牝,四位洋文,,イスラボニータ,2011103565,プロミネント,2004103014,タイキシャトル,1994109686,井上隆次,服部牧場,220.0,2011.0,2004.0,1994.0
2021102978,シスコ,牝,四位洋文,,モーリス,2011100655,シムシマー,000a015947,Poet's Voice,000a011b0d,藤田晋,辻牧場,220.0,2011.0,2015.0,2007.0
2021102917,カプシーヌ,牝,森田直行,,サンダースノー,000a013a06,リトルジュン,2007106060,クロフネ,1998110135,阿部東亜子,谷川牧場,220.0,2014.0,2007.0,1998.0
2021101572,タミーノ,牡,田島寿一,,リーチザクラウン,2006102923,コンスタンツェ,2013104298,メイショウボーラー,2001100650,中村秀之,高澤正幸,220.0,2006.0,2013.0,2001.0
2021100685,ミスパープル,牝,松永幹夫,,サトノダイヤモンド,2013106101,ショウナンワヒネ,2009101058,シンボリクリスエス,1999110099,桑田牧場,桑田牧場,220.0,2013.0,2009.0,1999.0
2021100111,ロンギングガバーナ,牝,深山雅史,,ワールドエース,2009106353,アースファイヤー,2005105167,クロフネ,1998110135,坂本浩一,グローリーファーム,220.0,2009.0,2005.0,1998.0
2021102666,ヒラボクワン,牡,川西毅,,ルーラーシップ,2007103143,ヒラボクスペシャル,2006101873,スペシャルウィーク,1995103211,新田嘉一,鎌田正嗣,219.8,2007.0,2006.0,1995.0
2021100536,レーヴァローゼ,牝,藤田弘治,,レーヴミストラル,2012104929,リバーラスベル,2008100182,ロサード,1996107429,南條浩輝,山野牧場,219.8,2012.0,2008.0,1996.0
2021105090,ミリオーレアルバ,牡,佐藤浩一,,ニューイヤーズデイ,000a014589,ステラプラド,2008102876,ハーツクライ,2001103038,菊池一之,社台ファーム,219.7,2011.0,2008.0,2001.0
2021105298,エイカイボクサー,牡,藤原英昭,,リアルインパクト,2008103244,レニーズゴットジップ,000a012f01,City Zip,000a0127e6,二木英実,社台ファーム,219.6,2008.0,2009.0,1998.0
2021103636,ミユキマーベリック,牡,雑賀正光,,モーニン,2012110091,バブルウィズジョイ,2014105292,ダイワメジャー,2001103114,山本将司,織田正敏,219.4,2012.0,2014.0,2001.0
2021109137,キリシマジョイナー,牝,真島正徳,,マクフィ,000a011c77,キリシマオジョウ,2013109152,スクワートルスクワート,000a000da4,土屋君春,土屋牧場,219.0,2007.0,2013.0,1998.0
2021103652,サクラマウ,牝,橘友和,,ブリックスアンドモルタル,000a014377,グランドホール,2014110126,Sea The Stars,000a011c78,田畑利彦,片岡博,219.0,2014.0,2014.0,2006.0
2021105226,カリンテラス,牝,加藤幸保,,ドレフォン,000a013b82,プロキシマ,2014105605,ステイゴールド,1994108729,村田能光,社台ファーム,218.8,2013.0,2014.0,1994.0
2021102733,ペプチドシュジャク,牡,櫻田康二,,レイデオロ,2014106201,ペプチドヒノトリ,2009106335,クロフネ,1998110135,沼川瀧子,杵臼牧場,218.8,2014.0,2009.0,1998.0
2021102578,カゲンノツキ,牝,植松則幸,,ネオユニヴァース,2000101426,ステラビスティー,2008104867,ジャングルポケット,1998101786,ファーストビジョン,今井秀樹,218.7,2000.0,2008.0,1998.0
2021100228,クリノカグヤ,牝,手島勝利,,アルアイン,2014106046,ロンギングエレン,2016101225,ロードカナロア,2008103552,三岡有香,田上徹,218.6,2014.0,2016.0,2008.0
2021101642,ソングライター,牡,吉見真幸,,パイロ,000a01176a,ギフトオブソング,000a0116f1,Unbridled's Song,000a002071,（株）Ｙ’ｓｃｏｒｐ,ダーレー・ジャパン・ファーム,218.5,2005.0,2004.0,1993.0
2021104790,クラングファルベ,牝,渋谷信博,,ミッキーアイル,2011103916,ミラグレ,2014105284,ステイゴールド,1994108729,関哲雄,追分ファーム,218.0,2011.0,2014.0,1994.0
2021109080,ヒナボンボン,牝,古澤悟,,トゥザワールド,2011103975,トレイケイトカフェ,2012104993,メイショウサムソン,2003102205,小野寺悠太,栗山英樹,217.7,2011.0,2012.0,2003.0
2021102298,フリムカナイデヨ,牝,櫻田浩樹,,テイエムジンソク,2012101830,ヒシストーミイ,2010110041,Stormy Atlantic,000a010b85,田中徳夫,若林順一,217.7,2012.0,2010.0,1994.0
2021100031,プリティパンク,牝,笹野博司,,アジアエクスプレス,2011110091,レストレスハート,2003102736,サンデーサイレンス,000a00033a,エスペランサ（株）,小河豊水,217.5,2011.0,2003.0,1986.0
2021103898,リケアリラ,牝,井樋明正,,カレンブラックヒル,2009106230,スマートアルティラ,2007100654,ブライアンズタイム,000a000082,西隆久,静内ファーム,217.2,2009.0,2007.0,1985.0
2021103644,キタサンバンビーナ,牝,藤ケ崎一,,キタサンブラック,2012102013,キタサンデイジー,2015110098,Violence,000a013951,米田剛文,カタオカステーブル,217.2,2012.0,2015.0,2010.0
2021100671,ウマオー,牡,尾林幸二,,フェノーメノ,2009106599,ウマコ,2014101161,スマートファルコン,2005100097,河原義宏,桑田ファーム,217.1,2009.0,2014.0,2005.0
2021105759,シンプロレタリアト,牝,今井輝和,,サトノクラウン,2012104668,プロレタリアト,2011103739,ハーツクライ,2001103038,北原大史,ノーザンファーム,217.0,2012.0,2011.0,2001.0
2021102293,チュウワギフト,牝,加藤幸保,,リアルスティール,2012104889,チュウワフェザー,2013105814,ファルブラヴ,1998190004,中西忍,若林順一,217.0,2012.0,2013.0,1998.0
2021100470,ブナシメジ,牡,伊藤勝己,,アニマルキングダム,000a011dad,ジュエルメッセージ,2013102307,ダイワメジャー,2001103114,内田玄祥,三石橋本牧場,217.0,2008.0,2013.0,2001.0
2021106388,アタミフラッシュ,牡,井樋一也,,エイシンフラッシュ,2007102951,コンパーニ,2014100605,トランセンド,2006104736,三宅重高,大作ステーブル,216.9,2007.0,2014.0,2006.0
2021103379,エイシントレボン,牡,東美義,,ロゴタイプ,2010103783,エイシンミノアカ,2013103497,キングカメハメハ,2001103460,（同）ＪＰＮ技研,山春牧場,216.7,2010.0,2013.0,2001.0
2021106529,ビーアライブ,牝,真島元徳,,ヴァンセンヌ,2009106525,サウンドビクトリー,2014105157,サウスヴィグラス,1996110138,原久美子,新冠伊藤牧場,216.6,2009.0,2014.0,1996.0
2021104702,トーセンシナモン,牝,橋本和馬,,ゴールドシップ,2009102739,シーケーエスブエナ,000a015983,Equal Stripes,000a012c13,島川隆哉,エスティファーム,216.5,2009.0,2013.0,1999.0
2021104090,ジャイサルメール,牡,瀬戸口悟,,アジアエクスプレス,2011110091,エクセレントピーク,2008100569,アドマイヤジャパン,2002102324,北原大史,千代田牧場,216.4,2011.0,2008.0,2002.0
2021104664,バティックオーレ,牡,山田徹,,フリオーソ,2004106867,ファインセイコー,2001103367,サンデーサイレンス,000a00033a,中田悠紀,市川牧場,216.3,2004.0,2001.0,1986.0
2021104909,フラワーカンパニー,牝,山田徹,,オルフェーヴル,2008102636,ファナティック,2016104357,ジャスタウェイ,2009106461,上手健太郎,社台コーポレーション白老ファーム,216.2,2008.0,2016.0,2009.0
2021104288,キョウエイモノノフ,牝,山崎尋美,,ニシケンモノノフ,2011105438,カツゲキミヤビ,2015105341,サウスヴィグラス,1996110138,田中晴夫,畠山牧場,216.0,2011.0,2015.0,1996.0
2021101153,ピエナクレスコ,牡,谷潔,,クレスコグランド,2008103013,ピエナアイリス,2016104997,スウェプトオーヴァーボード,000a00fa34,本谷兼三,沖田牧場,216.0,2008.0,2016.0,1997.0
2021104890,ロンギングドルチェ,牝,柳澤好美,,ドゥラメンテ,2012104511,テスタオクローチェ,000a012e80,Orpen,000a002326,木村明彦,社台コーポレーション白老ファーム,215.7,2012.0,2012.0,1996.0
2021100129,ペレストリーナ,牝,高本友芳,,マジェスティックウォリアー,000a011e9c,アルセナーレ,2013102296,クロフネ,1998110135,玉井宏典,ケイアイファーム,215.5,2005.0,2013.0,1998.0
2021100679,ホワイトリバー,牡,宇都英樹,,サトノクラウン,2012104668,サダムノンノ,2013102882,ディープインパクト,2002100816,（株）ファーストビジ,桑田牧場,215.3,2012.0,2013.0,2002.0
2021100381,ルミリオン,牡,石川浩文,,エピカリス,2014103121,クラシカルレディ,2014101304,キングズベスト,000a0022d2,（株）アプエンテ,幌村牧場,215.1,2014.0,2014.0,1997.0
2021107380,マホウノコトバ,牝,桧森邦夫,,レーヴミストラル,2012104929,ドリームチャイルド,2013106429,ネイティヴハート,1998107227,田村義徳,グラストレーニングセンター,215.0,2012.0,2013.0,1998.0
2021107241,マジェンカ,牝,大山寿文,,ラブリーデイ,2010104298,ツクバビューティ,2011103498,ゼンノロブロイ,2000101517,門野重雄,奥山牧場,214.7,2010.0,2011.0,2000.0
2021106860,アークグロリアス,牡,嶋田幸晴,,レッドファルクス,2011104416,グローリアスゾーン,2015100402,パイロ,000a01176a,アークフロンティア,ホース・マネジメント・ボス,214.7,2011.0,2015.0,2005.0
2021100645,ティラージュ,牝,飯田弘道,,ハービンジャー,000a011996,トコワカ,2013102839,ディープインパクト,2002100816,前田敏文,笠松牧場,214.7,2006.0,2013.0,2002.0
2021101985,デルマプラクリティ,牡,藪口一麻,,ロゴタイプ,2010103783,デルマオシマ,2013105409,ハービンジャー,000a011996,（有）総武開発,ファニーヒルファーム,214.6,2010.0,2013.0,2006.0
2021100676,ディーズミソロジー,牝,柳井宏之,,ドゥラメンテ,2012104511,ヴェイパー,000a01389a,Galileo,000a00232b,北原大史,桑田牧場,214.5,2012.0,2008.0,1998.0
2021100489,シルバヴール,牝,渡辺博文,,シルバーステート,2013105903,バイオダイナミック,2016101470,オルフェーヴル,2008102636,遠藤喜和,明治牧場,214.4,2013.0,2016.0,2008.0
2021105421,アルジャヒリ,牡,濱田一夫,,アルアイン,2014106046,ヴィアンローズ,000a010bf2,Sevres Rose,000a010a17,角茂樹,ノーザンファーム,213.6,2014.0,2002.0,1993.0
2021102322,モリノリオン,牝,藤田正治,,リオンディーズ,2013105915,エアヴェイユ,2015104247,ハードスパン,000a0116a1,ファーストビジョン,稲原牧場,213.6,2013.0,2015.0,2004.0
2021107305,ナイトレインボー,牡,酒井一則,,モンテロッソ,000a011b05,パリスブルー,2007104263,ゼンノロブロイ,2000101517,阿部博憲,マリオステーブル,213.3,2007.0,2007.0,2000.0
2021101167,シンゼンワカミヤ,牡,宮下瞳,,イスラボニータ,2011103565,ヴァルホーリング,000a010f01,Halling,000a002075,原さや香,オリオンファーム,213.2,2011.0,2002.0,1991.0
2021103134,フェルマーポイント,牡,井手上慎,,ケープブランコ,000a011b06,ミスミズ,000a015973,Mizzen Mast,000a0109d3,鈴木道隆,日本中央競馬会日高育成牧場,213.1,2007.0,2016.0,1998.0
2021100113,ルコビューティー,牝,頼本盛行,,バゴ,2001190004,クールビューティー,2015103358,キングズベスト,000a0022d2,遠藤喜和,グローリーファーム,213.1,2001.0,2015.0,1997.0
2021109049,エキュルイユ,牝,佐々木功,,トゥザグローリー,2007103265,メイショウアシタバ,2010104881,スタチューオブリバティ,000a0109d5,谷口祐人,谷川ファーム,213.0,2007.0,2010.0,2000.0
2021107029,サラセブン,牝,小野望,,エスポワールシチー,2005102837,キセキノショウリ,2011105031,フジキセキ,1992109618,村上博將,村上牧場,213.0,2005.0,2011.0,1992.0
2021101886,クイーンオブオーソ,牝,蛯名雄太,,フリオーソ,2004106867,ラマルティーヌ,2011100596,マンハッタンカフェ,1998101554,サイプレスホールディングス,ノースガーデン,213.0,2004.0,2011.0,1998.0
2021103198,ハルノドゥミプリエ,牝,勢司和浩,,ハービンジャー,000a011996,パッショナルダンス,2002103275,サンデーサイレンス,000a00033a,丸山竜一,丸幸小林牧場,212.9,2006.0,2002.0,1986.0
2021107372,ラブリーポップ,牡,井手上慎,,ラブリーデイ,2010104298,スノーホワイト,2016103120,ディープブリランテ,2009105084,冨田清誠,鹿戸美明,212.5,2010.0,2016.0,2009.0
2021100196,オキャン,牝,今津博之,,カリフォルニアクローム,000a012602,ジャジャマーチャン,2008103040,アドマイヤコジーン,1996106512,（株）Ｗプロパティー,嶋田牧場,212.5,2011.0,2008.0,1996.0
2021105641,ハイウィルヘーズ,牝,村田六郎,,リアルインパクト,2008103244,ダートムーア,2008103121,クロフネ,1998110135,山邉浩,ノーザンファーム,212.0,2008.0,2008.0,1998.0
2021103510,オメガジャスミン,牝,酒井仁,,マツリダゴッホ,2003104570,チアフルドーラ,2005110168,Jump Start,000a010b86,前田敏文,岡田スタッド,211.8,2003.0,2005.0,1999.0
2021101752,ケルンピュール,牝,戸部尚実,,パイロ,000a01176a,ブライトメジャー,2014102689,ダイワメジャー,2001103114,稲垣誠,チャンピオンズファーム,211.8,2005.0,2014.0,2001.0
2021103100,キャラメルコード,牝,柳井宏之,,ホークビル,000a01327c,ハーモニーフェア,2010104259,シンボリクリスエス,1999110099,川添裕起,中脇満,211.6,2013.0,2010.0,1999.0
2021104966,コンソルディーノ,牝,手島勝利,,レッドファルクス,2011104416,ヴァイオリンソナタ,2016105177,ディープインパクト,2002100816,（有）総武開発,社台ファーム,211.3,2011.0,2016.0,2002.0
2021101669,ロデオクイーン,牝,九日俊光,,ハービンジャー,000a011996,チャレアーダ,2014102155,ディープインパクト,2002100816,山邉浩,ダーレー・ジャパン・ファーム,211.2,2006.0,2014.0,2002.0
2021100341,ツキノメガミ,牝,井手上慎,,アドマイヤムーン,2003102991,キタノアドラーブル,2013101651,ベーカバド,000a011dc0,冨田清誠,原口牧場,210.9,2003.0,2013.0,2007.0
2021103133,ドンタカーミ,牝,鈴木正也,,バゴ,2001190004,プレイフォミラクル,2017101414,ヘニーヒューズ,000a011155,村田滋,日本中央競馬会日高育成牧場,210.6,2001.0,2017.0,2003.0
2021100608,ビアメントブラスト,牝,田嶋弘幸,,ワールドエース,2009106353,ラファーガ,2012105767,バランスオブゲーム,1999105945,泉一郎,王蔵牧場,210.3,2009.0,2012.0,1999.0
2021102769,ジャヴァンナ,牝,北村欣也,,サトノアラジン,2011104063,ヒトミヲトジテ,2012105295,バゴ,2001190004,（有）総武開発,グランデファーム,210.0,2011.0,2012.0,2001.0
2021102638,ペイシャキク,牝,中西達也,,メイショウボーラー,2001100650,キクノフェアリー,2004103568,アグネスタキオン,1998101516,ウエスト．フォレスト．ステイブル,加藤重治,210.0,2001.0,2004.0,1998.0
2021100982,ムサシホルダー,牡,栗田泰昌,,ファインニードル,2013100612,ハーベストシーズン,2003110179,Tale of the Cat,000a002276,武蔵屋ハウス（株）,三好牧場,210.0,2013.0,2003.0,1994.0
2021106605,ヤマニンフィリア,牝,松平幸秀,,ラブリーデイ,2010104298,ヤマニンラレーヌ,2008104787,ヤマニンセラフィム,1999104188,土井久美子,錦岡牧場,209.9,2010.0,2008.0,1999.0
2021105932,カシノエタンセル,牡,古賀光範,,ゴールドアクター,2011105266,コンサートクィーン,1998101233,カコイーシーズ,1986109001,柏木務,橋本牧場,209.6,2011.0,1998.0,1986.0
2021107183,ペクトラル,牡,今津博之,,アルアイン,2014106046,マチカネタマカズラ,2003110090,Kingmambo,000a001d7e,服部知明,ノーザンファーム,209.5,2014.0,2003.0,1990.0
2021102583,ミスタータツオー,牡,井上弘之,,アドミラブル,2014105979,ワイルドテイル,2014103007,ケイムホーム,000a0108d1,真下辰夫,鵜木唯義,209.5,2014.0,2014.0,1999.0
2021101215,シルバーブリッジ,牝,藤田正治,,シルバーステート,2013105903,マイヴィクトリア,2013100545,キングカメハメハ,2001103460,高野良美,北田剛,209.5,2013.0,2013.0,2001.0
2021102273,テイラーテソーロ,牡,菊川正達,,ヴィクトワールピサ,2007102923,イージーウィン,000a012f8c,Invincible Spirit,000a01056d,了徳寺健二ホールディングス,リョーケンファーム,209.2,2007.0,2012.0,1997.0
2021106343,ブラックベル,牝,東眞市,,コパノリッキー,2010106548,イイデエース,2006104509,スペシャルウィーク,1995103211,萩原挙,武田牧場,209.1,2010.0,2006.0,1995.0
2021104019,ウインパ,牝,新田守,,パイロ,000a01176a,ウインプレセア,2006104297,アグネスタキオン,1998101516,高橋敏英,武牧場,208.9,2005.0,2006.0,1998.0
2021102707,ツマヤ,牡,小野次郎,,キズナ,2010105827,アンジェリック,2011105685,シンボリクリスエス,1999110099,林秀宣,杵臼牧場,208.7,2010.0,2011.0,1999.0
2021105224,ブンタンフィズ,牝,宮川浩一,,スクリーンヒーロー,2004103328,プレリュードフィズ,2013105663,キングカメハメハ,2001103460,笠原久夫,社台ファーム,208.5,2004.0,2013.0,2001.0
2021102705,リリーピンシャー,牡,及川良春,,ハービンジャー,000a011996,アリデッド,2006102809,ダンスインザダーク,1993109188,岩渕瑞生,杵臼牧場,208.5,2006.0,2006.0,1993.0
2021106846,ゴールドラッシュ,牡,水野貴史,,ホッコータルマエ,2009100921,カゼノサファイア,2010106157,スパイキュール,2000101557,藤平浩幸,プログレスファーム,208.0,2009.0,2010.0,2000.0
2021102924,シアワセノランプ,牝,橘友和,,マジェスティックウォリアー,000a011e9c,アンブリカル,2012102348,マンハッタンカフェ,1998101554,石川秀守,谷口牧場,207.9,2005.0,2012.0,1998.0
2021106549,タガノアミカル,牝,川田孝好,,サトノクラウン,2012104668,タガノラヴキセキ,2008105144,フジキセキ,1992109618,崎谷彦司,新冠タガノファーム,207.8,2012.0,2008.0,1992.0
2021102887,ファインノーブル,牝,九日俊光,,マジェスティックウォリアー,000a011e9c,コウヨウルビー,2010104913,バブルガムフェロー,1993109219,原庸介,谷川牧場,207.4,2005.0,2010.0,1993.0
2021101996,ハルヨコイ,牝,渡辺博文,,スピルバーグ,2009105961,マナツノヨノユメ,2014102065,ヴィクトワールピサ,2007102923,遠藤喜和,ファニーヒルファーム,207.4,2009.0,2014.0,2007.0
2021101376,リート,牝,水野善太,,サトノクラウン,2012104668,アーキタイプ,2014101920,ディープインパクト,2002100816,冨田清誠,下河辺牧場,207.1,2012.0,2014.0,2002.0
2021101336,ウィリディタス,牝,柳澤好美,,ベストウォーリア,2010110127,ディオーサ,2007105462,マンハッタンカフェ,1998101554,伊達泰明,サンシャイン牧場,207.1,2010.0,2007.0,1998.0
2021104534,ルヴィ,牝,上杉昌宏,,ヴァンセンヌ,2009106525,パワーオブフェイス,2001104702,オジジアン,000a00025e,小泉修,増本牧場,207.0,2009.0,2001.0,1983.0
2021102443,ノアアジレ,牝,川野勇馬,,ストロングリターン,2006102934,トウカイセレッソ,2009104929,キングカメハメハ,2001103460,佐山公男,びらとり牧場,207.0,2006.0,2009.0,2001.0
2021101500,ブラックヴィーナス,牝,松浦裕之,,タリスマニック,000a013425,ボーディシア,2012101530,パイロ,000a01176a,鳳山信年,白瀬盛雄,207.0,2013.0,2012.0,2005.0
2021101318,ハクズイショウ,牡,佐藤英明,,エイシンヒカリ,2011101273,ローズゴールド,2014102575,サウスヴィグラス,1996110138,小橋亮太,坂牧場,207.0,2011.0,2014.0,1996.0
2021101827,ナムラアニカ,牝,新井隆太,,アルアイン,2014106046,ナムラヒラリー,2011102118,クロフネ,1998110135,木村益生,ナカノファーム,206.7,2014.0,2011.0,1998.0
2021103757,サラサインポシブル,牝,内田勝義,,レッドファルクス,2011104416,マコレ,2015105582,シニスターミニスター,000a011099,横井良明,グランド牧場,206.5,2011.0,2015.0,2003.0
2021100825,エウロス,牡,坂口義幸,,ミッキーロケット,2013106099,ブラーゼン,2014105698,ハーツクライ,2001103038,服部康夫,大北牧場,206.5,2013.0,2014.0,2001.0
2021100388,エレガントフルール,牝,小村正也,,ヴィクトワールピサ,2007102923,アペラシオン,2009106077,アドマイヤムーン,2003102991,（株）ＴＫＫ,本桐牧場,206.5,2007.0,2009.0,2003.0
2021104495,フィンガーズクロス,牡,金田一昌,,ラブリーデイ,2010104298,マイネイディール,2008105633,アドマイヤマックス,1999107004,（同）ＪＰＮ技研,真歌田中牧場,206.1,2010.0,2008.0,1999.0
2021107213,ホワイトオニキス,セ,千葉博次,,アメリカンペイトリオット,000a013bba,キモンクイーン,2011102175,クロフネ,1998110135,谷謙介,田原橋本牧場,206.0,2013.0,2011.0,1998.0
2021106172,リノレーヴ,牡,林幻,,カレンブラックヒル,2009106230,ゲルズ,2012100210,エンパイアメーカー,000a010542,組）リノレーシング,小泉牧場,206.0,2009.0,2012.0,2000.0
2021104737,スーパーファスト,牡,張田京,,マクマホン,000a0143ac,リラカノープス,2013110076,Galileo,000a00232b,（株）ジャパン・ヘル,エスティファーム,206.0,2014.0,2013.0,1998.0
2021101870,フォーエバースター,牡,市村誠,,グランデッツァ,2009105989,フラワープリンセス,2016106570,キングズベスト,000a0022d2,堀口晴男,日西牧場,206.0,2009.0,2016.0,1997.0
2021101788,シンギングユキナ,牝,山崎尋美,,スワーヴリチャード,2014106083,ソルトオブジアース,2011100652,アグネスデジタル,1997110025,（株）前川企画,戸川牧場,206.0,2014.0,2011.0,1997.0
2021100962,タイセイディオス,牡,後藤佑耶,,タイセイレジェンド,2007103199,タイセイラナキラ,2013103144,カネヒキリ,2002100978,田中成奉,藤春修二,206.0,2007.0,2013.0,2002.0
2021102678,レッドコート,牡,佐久間雅,,レッドファルクス,2011104416,アリアプーラ,000a011bb5,Flying Spur,000a00220d,水木仁,ガーベラパークスタッド,205.9,2011.0,2002.0,1992.0
2021105954,リヒターフェルデ,牝,矢野義幸,,リアルインパクト,2008103244,ウィストラム,2002100688,フレンチデピュティ,000a00013a,岩崎伸道,レイクヴィラファーム,205.5,2008.0,2002.0,1992.0
2021102806,ソウルレコード,牝,久保勇,,ダンカーク,000a012185,ミスビートリックス,2016104803,ノヴェリスト,000a012230,北原大史,笹島政信,205.5,2006.0,2016.0,2009.0
2021102338,ピアレスルーラー,牡,金田一昌,,アドマイヤムーン,2003102991,ブライティアピア,2006106256,キングヘイロー,1995104427,山地真吾,川向高橋育成牧場,204.8,2003.0,2006.0,1995.0
2021104155,サトノリアン,牡,萩原清,,キズナ,2010105827,ホエールキャプチャ,2008100544,クロフネ,1998110135,里見治,千代田牧場,204.7,2010.0,2008.0,1998.0
2021107071,ニシノココ,牝,伊藤強一,,ホークビル,000a01327c,スーセントマリー,2013106186,ダイワメジャー,2001103114,国信泰秀,メイタイファーム,204.5,2013.0,2013.0,2001.0
2021102593,アイアンウォール,牡,鋤田誠二,,ダノンレジェンド,2010110102,メイケイソフィア,2007103161,キングカメハメハ,2001103460,宮田平,浦河小林牧場,204.2,2010.0,2007.0,2001.0
2021106742,ケイアンプルール,牡,手島勝利,,アメリカンペイトリオット,000a013bba,ルパンスール,2016103329,アドマイヤムーン,2003102991,中西宏彰,パカパカファーム,204.0,2013.0,2016.0,2003.0
2021106025,ミリウス,牡,月岡健二,,ミッキーグローリー,2013103999,プロジェクション,2013105621,メイショウサムソン,2003102205,古賀禎彦,安達牧場,204.0,2013.0,2013.0,2003.0
2021102446,ラストパラダイス,牡,櫻田康二,,フェノーメノ,2009106599,パラダイスフラワー,2004105298,ティンバーカントリー,000a00035e,山本武司,びらとり牧場,203.9,2009.0,2004.0,1992.0
2021101571,シングルモルト,牝,櫻田康二,,トゥザワールド,2011103975,カネトシエターナル,2010101466,ハーツクライ,2001103038,高澤正幸,高澤正幸,203.9,2011.0,2010.0,2001.0
2021105031,スマイルコレクター,牝,新子雅司,,ブリックスアンドモルタル,000a014377,コレクターアイテム,2010103844,ハーツクライ,2001103038,ＤＭＭドリームクラブ,社台ファーム,203.5,2014.0,2010.0,2001.0
2021101734,ノリサンブラック,牡,角田輝也,,キタサンブラック,2012102013,ステラマドレード,2003104941,フォーティナイナー,000a000134,中谷典生,チャンピオンズファーム,203.5,2012.0,2003.0,1985.0
2021104460,ヒロインユキチャン,牝,栗本陽一,,コパノリッキー,2010106548,アドマイヤセレブ,2015103196,ロードカナロア,2008103552,三田正眞,へいはた牧場,203.4,2010.0,2015.0,2008.0
2021104147,スキャタードライト,牝,迫田清美,,リアルスティール,2012104889,ブライテストリング,2015105939,ダノンシャンティ,2007105709,（同）ＪＰＮ技研,千代田牧場,203.0,2012.0,2015.0,2007.0
2021102743,サブノセレブ,牝,榎屋充,,ダンカーク,000a012185,カイテキセレブ,2004103930,ティンバーカントリー,000a00035e,遠藤喜和,木村牧場,202.9,2006.0,2004.0,1992.0
2021110032,フィクストスター,牡,関本浩司,,Iffraaj,000a0111d1,ナシーラー,000a01bcb6,Dubawi,000a0115e2,高橋悦彌,Godolphin,202.6,2001.0,2016.0,2002.0
2021105159,ピアレイジレディ,牝,横井将人,,レイデオロ,2014106201,ノーブルジュエリー,2008110008,Smarty Jones,000a01053e,西岡透,社台ファーム,202.6,2014.0,2008.0,2001.0
2021106013,マエガミイノチケイ,牝,佐藤祐司,,マインドユアビスケッツ,000a01392e,エヴァンジェリン,2013105404,ダイワメジャー,2001103114,インターフェース（,安達牧場,202.4,2013.0,2013.0,2001.0
2021104808,イシズエ,牝,後藤佑耶,,ドゥラメンテ,2012104511,ワイ,000a011de6,Galileo,000a00232b,藤沢亮輔,追分ファーム,202.3,2012.0,2008.0,1998.0
2021100808,マルヨリヴィエラ,牝,赤嶺本浩,,スズカコーズウェイ,2004104345,マルヨディローゼ,2010101791,フジキセキ,1992109618,二瓶徹,鈴木武蔵,202.0,2004.0,2010.0,1992.0
2021103627,アップリュウオウ,牡,佐藤雅彦,,モーニン,2012110091,フェリシダーデス,2012103041,ディープインパクト,2002100816,増田兼良,小倉光博,201.8,2012.0,2012.0,2002.0
2021105699,タイセイアルテミス,牝,内田勝義,,ドレフォン,000a013b82,パンデイア,2012104875,ディープインパクト,2002100816,田中成奉,ノーザンファーム,201.6,2013.0,2012.0,2002.0
2021106668,ザビジョン,牡,加藤和宏,,ディスクリートキャット,000a0113a1,プレイアップ,2010104481,Redoute's Choice,000a00fe93,佐野信幸,ハクツ牧場,201.2,2003.0,2010.0,1996.0
2021104819,カゼノテノヒラ,牝,九日俊光,,モーニン,2012110091,エンパイアライン,2012103814,エンパイアメーカー,000a010542,岡友則,笹川大晃牧場,201.2,2012.0,2012.0,2000.0
2021103362,キョウエイブラーボ,牡,森山広大,,インカンテーション,2010104916,キョウエイボサツ,2012105663,オレハマッテルゼ,2000101550,平野友保,山口義彦,201.0,2010.0,2012.0,2000.0
2021101781,ウィズユアハート,牝,川西毅,,ゴールドシップ,2009102739,クリアーウェイ,2013100399,ダノンシャンティ,2007105709,小林英一ホールディングス,出口牧場,201.0,2009.0,2013.0,2007.0
2021106767,マイネルアットーレ,牡,藤田正治,,スクリーンヒーロー,2004103328,アンネリース,2014100752,ヴィクトワールピサ,2007102923,ファーストビジョン,ビッグレッドファーム,200.9,2004.0,2014.0,2007.0
2021106408,ローズライン,牝,高本友芳,,グァンチャーレ,2012100407,アイファインバンド,2008104652,タップダンスシチー,1997110043,岡田義雄,中央牧場,200.8,2012.0,2008.0,1997.0
2021106224,ウインアリス,牝,柄崎将寿,,サンダースノー,000a013a06,マリアヴェロニカ,2008103338,ジャングルポケット,1998101786,ウイン,コスモヴューファーム,200.8,2014.0,2008.0,1998.0
2021101186,アルニャート,牝,川西毅,,ファインニードル,2013100612,エストレーラ,2006102976,シンボリクリスエス,1999110099,宮川保,賀張三浦牧場,200.8,2013.0,2006.0,1999.0
2021103178,ペルドリ,牝,九日俊光,,ビッグアーサー,2011103328,フロレンザール,2016102127,ベルシャザール,2008103004,山邉浩,ビクトリーホースランチ,200.4,2011.0,2016.0,2008.0
2021105265,キングピン,牡,四位洋文,,ハーツクライ,2001103038,ラブリーベルナデット,000a01440f,Wilburn,000a013c87,藤田晋,社台ファーム,200.0,2001.0,2014.0,2008.0
2021104720,サリエット,牝,矢内博,,マインドユアビスケッツ,000a01392e,トーセンフリージア,2007106428,シンボリクリスエス,1999110099,田村義徳,エスティファーム,200.0,2013.0,2007.0,1999.0
2021101135,グレイテストヒッツ,牝,矢野義幸,,コパノリッキー,2010106548,メイルストローム,2007102928,シンボリクリスエス,1999110099,（有）新生ファーム,大江牧場,200.0,2010.0,2007.0,1999.0
2021100534,ブルーレンジャー,牝,河津裕昭,,エピカリス,2014103121,サーペンヴィグラス,2005104686,サウスヴィグラス,1996110138,増澤一明,山野牧場,200.0,2014.0,2005.0,1996.0
2021100168,ラコルネータ,牝,中内田充,,ロードカナロア,2008103552,ラコロネル,000a0143c7,Colonel John,000a011a41,ロードホースクラブ,ケイアイファーム,200.0,2008.0,2014.0,2005.0
2021103718,マティルデ,牝,松島壽,,ビッグアーサー,2011103328,グレートハーベスト,2003104748,サンデーサイレンス,000a00033a,（株）ジャスト,グランド牧場,199.4,2011.0,2003.0,1986.0
2021101551,ファイアクラッカー,牝,宮本仁,,スワーヴリチャード,2014106083,アリスパイレーツ,2014102082,クロフネ,1998110135,遠藤喜和,スマイルファーム,199.1,2014.0,2014.0,1998.0
2021106451,クインズシリウス,牝,宇野木博,,ヘニーヒューズ,000a011155,ラパンノワール,2013105700,ステイゴールド,1994108729,北原大史,飛渡牧場,199.0,2003.0,2013.0,1994.0
2021103416,アエノジュピター,牡,藤田弘治,,アドマイヤムーン,2003102991,ラブリーサンデー,2014106354,サマーバード,2006190002,角井紀夫,荒木貴宏,198.9,2003.0,2014.0,2006.0
2021100763,オーバーソウル,牝,田嶋弘幸,,ベストウォーリア,2010110127,エンパイアソウル,2013102572,エンパイアメーカー,000a010542,小橋亮太,小林正仁,198.8,2010.0,2013.0,2000.0
2021101901,スマイルマリアンナ,牝,飯田良弘,,コパノリッキー,2010106548,スマイルプロバイド,2013102726,ゴールドヘイロー,1997101264,松野真一,原田ファーム,198.5,2010.0,2013.0,1997.0
2021100461,リアルカイザー,牡,後藤佑耶,,デクラレーションオブウォー,000a0136f6,マウンテンウーマン,000a0123d8,モンジュー,1996190001,水谷光太郎,三石川上牧場,198.5,2009.0,2008.0,1996.0
2021102816,ロングレジリエント,牡,藤田弘治,,シルバーステート,2013105903,ロックドクトリン,2008102207,ロックオブジブラルタル,000a00fd4c,角井紀夫,松栄牧場,198.3,2013.0,2008.0,1999.0
2021107177,コーンウォリス,牡,細川忠義,,ハービンジャー,000a011996,フロレットアレー,2012104369,ディープインパクト,2002100816,上岡和男,社台ファーム,198.0,2006.0,2012.0,2002.0
2021106189,ミスブンブン,牝,平田正一,,ビーチパトロール,000a0141f9,ヒシガーネット,2010105393,マンハッタンカフェ,1998101554,山内昇,小泉学,198.0,2013.0,2010.0,1998.0
2021106130,アメアガリ,牝,井上弘之,,アジアエクスプレス,2011110091,ペイシャキャサリン,2015100148,スマートファルコン,2005100097,大東正由,カミイスタット,198.0,2011.0,2015.0,2005.0
2021103755,ユウユウジラソーレ,牝,飯田弘道,,ヴィットリオドーロ,2009110009,ヘヴンリーカラーズ,2009103526,アドマイヤムーン,2003102991,北原大史,グランド牧場,197.9,2009.0,2009.0,2003.0
2021100832,ミトロージア,牝,岡田利一,,ワールドエース,2009106353,グランパルトネール,2016102515,メイショウボーラー,2001100650,鈴木真,高岸順一,197.9,2009.0,2016.0,2001.0
2021105383,アルレジャン,牡,伊藤勝己,,サトノダイヤモンド,2013106101,アルル,000a014352,Monsun,000a010db6,（同）ＪＰＮ技研,ノーザンファーム,197.8,2013.0,2012.0,1990.0
2021100697,ケイサンノーブル,牝,櫻田康二,,タリスマニック,000a013425,ケンブリッジアロー,2012102490,ブラックタイド,2001103312,中西桂子,ケンブリッジバレー,197.7,2013.0,2012.0,2001.0
2021107219,シンゼンコタロウ,牡,手島勝利,,ノヴェリスト,000a012230,シンゼンアイル,2015100403,アイルハヴアナザー,000a011ed3,吉田勝利,大作ステーブル,197.6,2009.0,2015.0,2009.0
2021100163,ロードアルフィーネ,牡,陶文峰,,ロードカナロア,2008103552,プリメラビスタ,2015104941,オルフェーヴル,2008102636,小橋亮太,ケイアイファーム,197.6,2008.0,2015.0,2008.0
2021102932,グランディーヴァ,牝,吉見真幸,,インカンテーション,2010104916,ホームウォード,000a011803,Giant's Causeway,000a0022e1,伊藤永二郎,谷口牧場,197.5,2010.0,2004.0,1997.0
2021101935,レレボード,牡,新田守,,レッドファルクス,2011104416,レディーファースト,2005101115,ダンスインザダーク,1993109188,高橋千恵子,日高大洋牧場,197.4,2011.0,2005.0,1993.0
2021101369,ボルドーエルプロモ,牡,佐々木由,,ホークビル,000a01327c,ドメーヌ,000a010e7b,Hussonet,000a0104d9,シグラップ・マネジメ,シグラップファーム,197.0,2013.0,2001.0,1991.0
2021106365,ソウテンノヒカリ,牡,高馬元紘,,ヘニーヒューズ,000a011155,ヤヤラーラ,2009106508,ゼンノロブロイ,2000101517,ネコメンレーシング,田端牧場,196.5,2003.0,2009.0,2000.0
2021106506,オグリマックイーン,牡,沖田明子,,ギンザグリングラス,2005106327,アザヤカサクラ,2008104721,サウスヴィグラス,1996110138,高木毅,長浜忠,196.5,2005.0,2008.0,1996.0
2021101381,エーケーリターン,セ,盛本信春,,ストロングリターン,2006102934,オンファロス,2012101326,ディープインパクト,2002100816,桂土地,下河辺牧場,196.4,2006.0,2012.0,2002.0
2021106042,バイラリンデプラヤ,牝,川村守男,,ロジャーバローズ,2016106065,ノーブルストーン,2004110268,Hussonet,000a0104d9,福地幸一,石郷岡松太郎,196.0,2016.0,2004.0,1991.0
2021103252,サトノスフィア,牡,沖田明子,,ロードカナロア,2008103552,プリンセスムーン,2010105140,アドマイヤムーン,2003102991,里見治,三嶋牧場,196.0,2008.0,2010.0,2003.0
2021102693,サンマルウォーリア,牡,山田徹,,ベストウォーリア,2010110127,サンマルアリュール,2012105273,ゴールドアリュール,1999106689,角田喜継,木戸口牧場,196.0,2010.0,2012.0,1999.0
2021100368,ヴァイスネリケ,牝,三小田幸,,レッドファルクス,2011104416,ライブリーチューン,000a011166,Dixieland Band,000a0017b2,鈴木克斉,平野牧場,196.0,2011.0,2004.0,1980.0
2021106852,メイショウトコナツ,牝,関本浩司,,ビーチパトロール,000a0141f9,メイショウガザニア,2008102068,キングヘイロー,1995104427,小橋亮太,プログレスファーム,195.9,2013.0,2008.0,1995.0
2021104029,イグナイトユー,牡,林正人,,ベストウォーリア,2010110127,アロマジュエリー,2002104899,グラスワンダー,1995108676,高橋皖,田中啓雅,195.9,2010.0,2002.0,1995.0
2021101260,クラウンファラデー,牡,渡辺博文,,ホークビル,000a01327c,ナオミマリア,2016104228,キングカメハメハ,2001103460,サンエツ企画（有）,クラウン日高牧場,195.9,2013.0,2016.0,2001.0
2021100616,ワンダーヒナタ,牝,西村守幸,,サトノクラウン,2012104668,ビーマイステディ,2016102307,ヴィクトワールピサ,2007102923,山本能成,大島牧場,195.9,2012.0,2016.0,2007.0
2021100960,シンコウサクラサク,牝,角田輝也,,ビッグアーサー,2011103328,クラレンスハウス,2012101369,ハービンジャー,000a011996,原さや香,藤春修二,195.8,2011.0,2012.0,2006.0
2021106460,エヌケージャパン,牝,岡田利一,,エイシンフラッシュ,2007102951,スカイノリン,2007103273,ゼンノロブロイ,2000101517,山本晋也,トモファーム,195.7,2007.0,2007.0,2000.0
2021102748,フォルトシュリット,牝,佐々木国,,トゥザグローリー,2007103265,ボンネット,2015100458,アポロキングダム,2003110139,ソウホウギョク,木村牧場,195.3,2007.0,2015.0,2003.0
2021100859,パルマノーヴァ,牝,長南和宏,,タリスマニック,000a013425,ジニオマッジョーレ,2006102162,フジキセキ,1992109618,橘勝年,富塚ファーム,195.3,2013.0,2006.0,1992.0
2021110045,ネオフィロ,牡,古賀慎明,,Teofilo,000a01139e,New Style,000a01c72b,Street Cry,000a0103ba,Ｈ．Ｈ．シェイク・ハムダン,Godolphin,195.0,2004.0,2012.0,1998.0
2021106749,アマンカエス,牝,村上頼章,,メイショウボーラー,2001100650,スイートデュプレ,2011109106,ダイワメジャー,2001103114,ハヤシテラソスルイス,ヒカル牧場,195.0,2001.0,2011.0,2001.0
2021102805,アルミウス,牡,大根田裕,,ホッコータルマエ,2009100921,ミスサイベリア,000a010ebe,Giant's Causeway,000a0022e1,奥裕嗣,笹島政信,195.0,2009.0,2003.0,1997.0
2021102311,ジャジャウマアスク,牝,田島俊明,,オルフェーヴル,2008102636,ジャジャウマガール,2013106473,ハーツクライ,2001103038,廣崎利洋ＨＤ,ＡＳＫＳＴＵＤ,195.0,2008.0,2013.0,2001.0
2021102118,クリノイザナミ,牝,宇野木博,,ニューイヤーズデイ,000a014589,クロタカ,2009103068,シーキングザダイヤ,2001110220,福田達也,槇本牧場,195.0,2011.0,2009.0,2001.0
2021101207,ザッフェラーノ,牡,成田明,,パドトロワ,2007102760,エターナルトルース,2010100735,スペシャルウィーク,1995103211,諸岡慶,北田剛,194.8,2007.0,2010.0,1995.0
2021104446,ラインレインボー,牝,井樋一也,,リオンディーズ,2013105915,テンザンコノハナ,2004105025,カリズマティック,000a00fa33,石山紘,藤原牧場,194.5,2013.0,2004.0,1996.0
2021104630,ディバインルーチェ,牡,坂口義幸,,オルフェーヴル,2008102636,サクレディーヴァ,2013106137,クロフネ,1998110135,貝本隆三,アスラン,194.3,2008.0,2013.0,1998.0
2021100946,ニシノエール,セ,山口浩幸,,ニューイヤーズデイ,000a014589,アドマイヤウイング,2011103816,スペシャルウィーク,1995103211,冨田藤男,フクオカファーム,194.3,2011.0,2011.0,1995.0
2021109143,カシノテンダー,牡,真島正徳,,アニマルキングダム,000a011dad,カシノインカローズ,2009101813,キングヘイロー,1995104427,柏木務,柏木務,194.1,2008.0,2009.0,1995.0
2021101828,ナムラモナ,牝,川添明弘,,イスラボニータ,2011103565,ナムラムラサキ,2014101663,トーセンホマレボシ,2009106092,木村益生,ナカノファーム,194.1,2011.0,2014.0,2009.0
2021100939,プロミット,セ,新井隆太,,マインドユアビスケッツ,000a01392e,レイテッド,2008102894,ジャングルポケット,1998101786,佐藤武史,ヒダカファーム,194.0,2013.0,2008.0,1998.0
2021109144,エイヨーアイビー,牝,真島正徳,,スクワートルスクワート,000a000da4,カシノエスケイプ,2003103517,スズカストリート,1992110102,柳田英子,柏木務,193.7,1998.0,2003.0,1992.0
2021109147,フォーザウィン,牡,井上哲,,メイショウボーラー,2001100650,ガリカローズ,2008101937,ロックオブジブラルタル,000a00fd4c,近藤英二,神野生男,193.5,2001.0,2008.0,1999.0
2021106416,ディスクリーキング,牡,西村守幸,,ディスクリートキャット,000a0113a1,ウェアレイ,2013101317,アドマイヤオーラ,2004102987,組）オールザベスト組,対馬正,193.5,2003.0,2013.0,2004.0
2021104475,アルテミーナ,牝,保利良次,,ロゴタイプ,2010103783,ビーチマリカ,2014105630,スマートファルコン,2005100097,内田滋三,へいはた牧場,193.3,2010.0,2014.0,2005.0
2021103027,ポウナム,牝,笹野博司,,サトノダイヤモンド,2013106101,カスタディーヴァ,2014110121,High Chaparral,000a010270,高樽秀夫,ディアレストクラブ,193.3,2013.0,2014.0,1999.0
2021107015,マルカンマイヤー,牡,高橋優子,,レッドスパーダ,2006105511,ダンツクインビー,2002104803,スペシャルウィーク,1995103211,斉藤勘介,村上進治,193.0,2006.0,2002.0,1995.0
2021106346,ハナマツリ,牝,宇都英樹,,マツリダゴッホ,2003104570,トーアハナノマイ,2009104819,タップダンスシチー,1997110043,近藤英二,武田牧場,193.0,2003.0,2009.0,1997.0
2021105836,マテンロウウイング,セ,松永幹夫,,ルーラーシップ,2007103143,ラスティングソング,2007103282,フジキセキ,1992109618,寺田千代乃,ノーザンファーム,193.0,2007.0,2007.0,1992.0
2021104207,レッドモンストル,牡,辻野泰之,,レッドファルクス,2011104416,ツインテール,2008103146,Tale of the Cat,000a002276,東京ホースレーシング,友田牧場,193.0,2011.0,2008.0,1994.0
2021103072,ランデヴーローズ,牝,上原佑紀,,デクラレーションオブウォー,000a0136f6,ピンクシャンパン,2012104344,ディープインパクト,2002100816,佐上峻作,富田牧場,193.0,2009.0,2012.0,2002.0
2021102594,アーチフライト,牝,蛯名雄太,,リオンディーズ,2013105915,ラトーヌインパクト,2009100187,ディープインパクト,2002100816,吉田稔,浦河小林牧場,193.0,2013.0,2009.0,2002.0
2021101914,プレットリンド,牝,岡田稲男,,エピファネイア,2010104155,アドマイヤエバート,2008103358,ディープインパクト,2002100816,日高大洋牧場,日高大洋牧場,193.0,2010.0,2008.0,2002.0
2021100707,テイエムゴールドン,牡,平山宏秀,,ゴールドシップ,2009102739,オールエリザベス,2014103797,パイロ,000a01176a,竹園正繼,高昭牧場,193.0,2009.0,2014.0,2005.0
2021101362,クリスマスイヴ,牝,藤ケ崎一,,エイシンヒカリ,2011101273,オモイデヲノセテ,2014102350,アドマイヤムーン,2003102991,上田力,鹿戸和幸,192.8,2011.0,2014.0,2003.0
2021104032,ナックレインボー,牝,中川雅之,,ヘニーヒューズ,000a011155,アルマフローラ,2008102887,ハーツクライ,2001103038,小松欣也,田中裕之,192.5,2003.0,2008.0,2001.0
2021104120,サクラトップセラー,牡,森澤友貴,,ダイワメジャー,2001103114,セルフィーバイブス,2017103842,キングカメハメハ,2001103460,櫻井秀樹,千代田牧場,192.1,2001.0,2017.0,2001.0
2021105957,グレナマディー,牝,土井道隆,,キンシャサノキセキ,2003110212,ゴールウェイ,2009105639,フサイチコンコルド,1993109220,江頭數義,レイクヴィラファーム,192.0,2003.0,2009.0,1993.0
2021102756,アンビシュー,牝,村田一誠,,サトノクラウン,2012104668,レッドマーキュリー,2009104147,マンハッタンカフェ,1998101554,山崎太嗣,金成吉田牧場,192.0,2012.0,2009.0,1998.0
2021102637,リベラティオ,牡,倉兼育康,,バゴ,2001190004,アルーリングアイズ,2011103563,ネオユニヴァース,2000101426,ウエスト．フォレスト．ステイブル,加藤重治,192.0,2001.0,2011.0,2000.0
2021100871,カトミリ,牡,藤田輝信,,アジアエクスプレス,2011110091,ミコノス,2005101745,With Approval,000a001c5f,武田茂男,中神牧場,192.0,2011.0,2005.0,1986.0
2021101119,リンクスリリー,牝,斉藤正弘,,サンダースノー,000a013a06,スコッチリンクス,2015102724,キンシャサノキセキ,2003110212,組）風鈴共同組合,ヴェルサイユファーム,191.9,2014.0,2015.0,2003.0
2021101476,ロバストネス,牡,藤ケ崎一,,アニマルキングダム,000a011dad,サラトガ,2004101768,クロフネ,1998110135,川上和彦,白井牧場,191.5,2008.0,2004.0,1998.0
2021103564,サンタバーバラ,牡,板垣吉則,,ヤマカツエース,2012102774,シャイニングアイズ,2004104704,アグネスタキオン,1998101516,小林祥晃,岡田猛,191.4,2012.0,2004.0,1998.0
2021102452,スターオブグローリ,牡,嶋田幸晴,,ミッキーグローリー,2013103999,ゴールドプリュム,2016106177,ゴールドアリュール,1999106689,光安了,船越伸也,191.0,2013.0,2016.0,1999.0
2021101137,アヴァンザ,牝,長南和宏,,トランセンド,2006104736,エピステーメ,2014101743,パイロ,000a01176a,辻嘉恵子,大澤己芳,191.0,2006.0,2014.0,2005.0
2021101542,メイプルキャップ,牡,伊藤強一,,アポロソニック,2010110120,ライジングネクスト,2007109303,マイネルセレクト,1999107196,節英司,スウィングフィールド牧場,190.9,2010.0,2007.0,1999.0
2021106740,ソハヤ,牡,瀬戸口悟,,レッドファルクス,2011104416,ユリカチャン,2006104785,ゴールドアリュール,1999106689,谷謙介,パカパカファーム,190.8,2011.0,2006.0,1999.0
2021104862,アールアンドビー,牡,坂口智康,,キズナ,2010105827,ザガールインザットソング,000a013cf1,My Golden Song,000a013be7,サンデーレーシング,社台コーポレーション白老ファーム,190.5,2010.0,2011.0,2003.0
2021101946,ライチ,牝,伊藤滋規,,エスケンデレヤ,000a012cc0,アルコシエロ,2009104066,ハーツクライ,2001103038,大泉勉,広富牧場,190.5,2007.0,2009.0,2001.0
2021104258,エドヒガン,牝,竹下直人,,アドミラブル,2014105979,アンティクイーン,2014104932,アンライバルド,2006103308,田中順二,野表篤夫,190.3,2014.0,2014.0,2006.0
2021103475,タイムレスブルーム,牡,宇野木博,,イスラボニータ,2011103565,ウィズアットレース,2012102169,ローレルゲレイロ,2004100933,遠藤喜和,岡田スタッド,190.2,2011.0,2012.0,2004.0
2021105786,ウィージャスト,牝,川西毅,,エピファネイア,2010104155,マハーバーラタ,2008103336,ディープインパクト,2002100816,藤田晋,ノーザンファーム,190.0,2010.0,2008.0,2002.0
2021103440,サトノセレナーデ,牝,古賀慎明,,ドゥラメンテ,2012104511,ウエスタンダンサー,2004105048,デヒア,000a0000df,里見治,ウエスタンファーム,190.0,2012.0,2004.0,1991.0
2021101324,カゼノササヤキ,牡,市村誠,,ラニ,2013110045,シャープナー,2008106681,スニッツェル,000a010eaa,堀口晴男,佐々木康治,190.0,2013.0,2008.0,2002.0
2021100433,ミスヒノクニ,牝,佐藤茂,,マインドユアビスケッツ,000a01392e,ルイーズ,2008103312,ロージズインメイ,000a010a10,田中竜雄,前田ファーム,189.8,2013.0,2008.0,2000.0
2021105137,カレンデリスモンド,牡,中野博,,ジャスタウェイ,2009106461,デリスモア,2014105396,ワークフォース,000a011a7f,（同）ＪＰＮ技研,社台ファーム,189.5,2009.0,2014.0,2007.0
2021103991,ヤタガラスマヒナ,牡,倉地学,,ラニ,2013110045,ネオザスティング,2008102981,タニノギムレット,1999100226,稲垣誠,高橋ファーム,189.1,2013.0,2008.0,1999.0
2021109074,タイムオブクリア,牝,平山宏秀,,フリオーソ,2004106867,ベストデイエヴァー,2016109095,ゼンノロブロイ,2000101517,吉武章,ワールドファーム,189.0,2004.0,2016.0,2000.0
2021102609,エイシンソロモン,牡,伊藤強一,,アルアイン,2014106046,エーシンエポナ,2010110061,Curlin,000a011734,（同）ＪＰＮ技研,栄進牧場,189.0,2014.0,2010.0,2004.0
2021104211,ニホンピロジェシカ,牝,川嶋弘吉,,ロゴタイプ,2010103783,ニホンピロルーラー,2015105998,ルーラーシップ,2007103143,小林英一,友田牧場,188.9,2010.0,2015.0,2007.0
2021109062,バスターショット,セ,吉田司,,ダノンシャーク,2008105554,ガーデンショット,2013103936,アサクサデンエン,1999110191,古川忠一,マルシチ牧場,188.7,2008.0,2013.0,1999.0
2021105372,リアルアメリカン,牝,田口輝彦,,リアルインパクト,2008103244,アナアメリカーナ,000a012516,American Post,000a011997,（株）プレディクトレ,ノーザンファーム,188.5,2008.0,2006.0,2001.0
2021102739,サリータ,牡,松浦聡志,,ドレフォン,000a013b82,レッドミモザ,2013105328,キンシャサノキセキ,2003110212,白日光,杵臼牧場,188.5,2013.0,2013.0,2003.0
2021102492,ミスフレンド,牝,伊藤勝好,,ロージズインメイ,000a010a10,プレッピー,2009100589,タニノギムレット,1999100226,（有）ホースケア,小田誠一,188.5,2000.0,2009.0,1999.0
2021103115,サインオブハピネス,牝,竹下直人,,ホークビル,000a01327c,シードオブハピネス,2011103850,ゼンノロブロイ,2000101517,山口謙太郎,日進牧場,188.4,2013.0,2011.0,2000.0
2021106142,コンバットアリーズ,牝,三野宮通,,ワールドエース,2009106353,ベレーザ,2016101846,ハーツクライ,2001103038,（株）アプエンテ,上井農場,188.2,2009.0,2016.0,2001.0
2021100638,アマルフィレモン,牡,原口次夫,,トランセンド,2006104736,レモンイエロー,2012104922,サクラバクシンオー,1989108341,酒井孝敏,カケハムポニークラブ,188.2,2006.0,2012.0,1989.0
2021104116,イエローサファイア,牝,山田徹,,デクラレーションオブウォー,000a0136f6,スターオブサファイア,000a011e09,Tapit,000a011248,角田喜継,千代田牧場,188.1,2009.0,2007.0,2001.0
2021103445,ウエスタンダンテ,牡,角田輝也,,ゴールデンマンデラ,2017110001,ウエスタンレベッカ,2010102402,ゼンノロブロイ,2000101517,西川賢,ウエスタンファーム,188.0,2017.0,2010.0,2000.0
2021101862,マチウマフローラ,牡,倉地学,,フェノーメノ,2009106599,チェリーボンボン,2014101342,プリサイスエンド,000a00fe9b,山本久美子,日西牧場,187.9,2009.0,2014.0,1997.0
2021103353,チビッコモンスター,牡,佐藤浩一,,ホッコータルマエ,2009100921,プチットマドレーヌ,2013100352,ディープインパクト,2002100816,（株）ＧＯＬＤーＳＴ,本巣敦,187.0,2009.0,2013.0,2002.0
2021106572,クリノアチーバー,牡,渡瀬寛彰,,ニューイヤーズデイ,000a014589,セイユウヴィーナス,2012100556,ハーツクライ,2001103038,栗本守,新冠橋本牧場,186.7,2011.0,2012.0,2001.0
2021104877,ヴァリアービレ,牝,川嶋弘吉,,モーリス,2011100655,スペルバインド,2005102095,ゴールドアリュール,1999106689,（株）ファーストビジ,社台コーポレーション白老ファーム,186.7,2011.0,2005.0,1999.0
2021104596,イエッタ,牝,後藤正義,,サクラゼウス,2004104495,サクラコフレドール,2008100403,ロックオブジブラルタル,000a00fd4c,上手健太郎,山田牧場,186.6,2004.0,2008.0,1999.0
2021101731,ノリスケ,牡,山下貴之,,リアルインパクト,2008103244,ジャスティンラヴ,2014102688,ステイゴールド,1994108729,中谷典生,チャンピオンズファーム,186.3,2008.0,2014.0,1994.0
2021104213,ブーケドボワ,牝,別府真司,,エピファネイア,2010104155,ペイシャフェリシタ,2013104606,ハーツクライ,2001103038,北所拓也,友田牧場,186.0,2010.0,2013.0,2001.0
2021103785,ノブアンドホワイト,牝,石橋満,,ホークビル,000a01327c,ノブアニバーサリー,2013103178,ロージズインメイ,000a010a10,前田亘輝,サカイファーム,185.6,2013.0,2013.0,2000.0
2021102801,ドゥラシェーナ,牝,佐々木晶,,ドゥラメンテ,2012104511,ゴールドコイン,2005106097,デヒア,000a0000df,ヒダカ・ブリーダーズ・ユニオン,笹島政信,185.6,2012.0,2005.0,1991.0
2021105842,フルラーナ,牝,藤田正治,,ブリックスアンドモルタル,000a014377,ラプソディーア,2014106061,ディープブリランテ,2009105084,（株）さくらコーポレ,ノーザンファーム,185.2,2014.0,2014.0,2009.0
2021102875,イズジョーゴモリー,牝,瀬戸口悟,,サンダースノー,000a013a06,リミックスアルバム,2010104825,キングカメハメハ,2001103460,小川智,田中スタッド,185.1,2014.0,2010.0,2001.0
2021106916,エムバランス,牡,藤ケ崎一,,レイデオロ,2014106201,サトノネネ,2010103898,ディープインパクト,2002100816,服部康夫,松浦牧場,185.0,2014.0,2010.0,2002.0
2021101018,セラスアエラス,牝,原口次夫,,トーホウジャッカル,2011100482,トーホウプリンセス,2007102333,サクラバクシンオー,1989108341,高橋諒輔,吉田ファーム,185.0,2011.0,2007.0,1989.0
2021102267,リコーブラート,牝,加藤和宏,,トランセンド,2006104736,フサイチモナコ,2003102992,フジキセキ,1992109618,（株）ファーストビジ,リコーファーム,184.9,2006.0,2003.0,1992.0
2021106466,ハッピーメイク,牝,田口輝彦,,トビーズコーナー,000a011fed,フェアリースマイル,2011105320,ジャングルポケット,1998101786,岩崎僖澄,トモファーム,184.8,2008.0,2011.0,1998.0
2021106415,キタノポリッシュ,牝,榎屋充,,ディープブリランテ,2009105084,アラモアナワヒネ,2013101636,グラスワンダー,1995108676,北所拓也,対馬正,184.8,2009.0,2013.0,1995.0
2021103357,メイショウアユカゼ,牝,櫻井今朝,,ビーチパトロール,000a0141f9,メイショウヒメユリ,2009100793,ハーツクライ,2001103038,遠藤喜和,本巣敦,184.7,2013.0,2009.0,2001.0
2021103326,ミューシグ,牝,金田一昌,,ジョーカプチーノ,2006100529,オーミチェリッシュ,2004103702,キャプテンスティーヴ,000a000d9d,（有）ミルファーム,ミルファーム,184.7,2006.0,2004.0,1997.0
2021103050,レンガノコブタサン,牝,土屋洋之,,リアルスティール,2012104889,ピジョンレッド,2014103854,キングズベスト,000a0022d2,（同）Ｔｓｕｍｉｋｉ,ディアレストクラブ,184.7,2012.0,2014.0,1997.0
2021107115,シャインデザイン,牝,古賀光範,,フェノーメノ,2009106599,グランドデザイン,2012103119,パイロ,000a01176a,西村新一郎,八島夕起子,184.6,2009.0,2012.0,2005.0
2021102491,サンヨウマイム,牝,田嶋弘幸,,アンライバルド,2006103308,マメールロア,2016104599,オルフェーヴル,2008102636,上野孝展,能登浩,184.6,2006.0,2016.0,2008.0
2021106465,ディーエスビー,牝,大塚信次,,スマートファルコン,2005100097,ビジネスライク,2015103652,カジノドライヴ,2005110112,山本晋也,トモファーム,184.5,2005.0,2015.0,2005.0
2021102194,アルアーシャ,牝,今津博之,,アルアイン,2014106046,ゴールドスカイ,2014110071,Kyllachy,000a010cba,小島章義,門別牧場,184.3,2014.0,2014.0,1998.0
2021104252,ケンタッキーニセイ,牝,土井道隆,,スクリーンヒーロー,2004103328,モンサンビアンカ,2012100018,キンシャサノキセキ,2003110212,木稲安則,西村牧場,184.0,2004.0,2012.0,2003.0
2021102476,シェナテイオー,牡,吉田正美,,ネロ,2011103722,セイウンキャンティ,2015101775,リーチザクラウン,2006102923,冨田藤男,熊沢牧場,184.0,2011.0,2015.0,2006.0
2021100233,テーオーサファイア,牝,九日俊光,,ファインニードル,2013100612,ノバラ,2012103019,マンハッタンカフェ,1998101554,山邉浩,タガミファーム,184.0,2013.0,2012.0,1998.0
2021104015,シャイニングキセキ,牝,藤田正治,,キンシャサノキセキ,2003110212,ラレッサングル,2013105819,キングカメハメハ,2001103460,木村明彦,高橋陵,183.5,2003.0,2013.0,2001.0
2021103992,ベストオブキング,牡,吉見真幸,,カリフォルニアクローム,000a012602,ハニーバニー,2010102654,メイショウボーラー,2001100650,（一社）ｔａｘａｂｌ,高橋ファーム,183.2,2011.0,2010.0,2001.0
2021106977,ゼンノクレバー,牡,森澤友貴,,ドゥラメンテ,2012104511,ヴォワルドール,2014100822,ハービンジャー,000a011996,（同）ＮＯＫＫＮ,村上欽哉,183.0,2012.0,2014.0,2006.0
2021106950,パンパデルカルメン,牝,林幻,,ミッキーロケット,2013106099,イストワール,2001103230,サンデーサイレンス,000a00033a,ハヤシテラソスルイス,的場牧場,183.0,2013.0,2001.0,1986.0
2021101177,エリーステラ,牝,胡本友晴,,ドゥラメンテ,2012104511,マイウィン,2008105381,タニノギムレット,1999100226,岡田龍太郎,加藤牧場,183.0,2012.0,2008.0,1999.0
2021100073,アサクサマイヒメ,牝,加藤幸保,,リオンディーズ,2013105915,ツクバエトワール,2010104553,ディープインパクト,2002100816,櫻井素子,片山牧場,183.0,2013.0,2010.0,2002.0
2021102695,サンマルファンキー,牡,山田徹,,モーニン,2012110091,サンマルタイトル,2014103953,ハーツクライ,2001103038,瀬戸竜男,木戸口牧場,182.9,2012.0,2014.0,2001.0
2021104849,ラパンリュネール,牝,酒井仁,,ロードカナロア,2008103552,クードラパン,2013106160,ダイワメジャー,2001103114,安田功夫,社台コーポレーション白老ファーム,182.8,2008.0,2013.0,2001.0
2021100896,ヨドノジョウオー,牝,川村守男,,フリオーソ,2004106867,ヨドノホープ,2006106283,ネオユニヴァース,2000101426,北原大史,林農場,182.5,2004.0,2006.0,2000.0
2021100184,ニシノリアリティ,牡,田村康仁,,Saxon Warrior,2015100991,ドリームアンドホープ,000a01b0cd,Royal Applause,000a010615,成田隆好,さとう,182.4,2015.0,2011.0,1993.0
2021106392,アーキトラオム,牡,藤ケ崎一,,ロゴタイプ,2010103783,スプリングアウェク,2006103706,アジュディケーティング,000a000d5d,伊藤彰敏,大作ステーブル,182.2,2010.0,2006.0,1987.0
2021106578,ラロマネ,牝,玉垣光章,,ドレフォン,000a013b82,フィリポナ,2017105284,ブラックタイド,2001103312,フォレストレーシング,新冠橋本牧場,182.0,2013.0,2017.0,2001.0
2021100799,マユヒメ,牝,藤川純,,ビーチパトロール,000a0141f9,ダーレームーン,2009102653,アドマイヤムーン,2003102991,谷口裕司,鮫川ファーム,182.0,2013.0,2009.0,2003.0
2021105258,ミドリタツ,牝,伊藤和忍,,イスラボニータ,2011103565,ユメノキラメキ,2007102839,ロージズインメイ,000a010a10,林弘之,社台ファーム,181.6,2011.0,2007.0,2000.0
2021100269,アニマルクィーン,牝,石川栄,,アニマルキングダム,000a011dad,サンダーバトル,2013105678,キンシャサノキセキ,2003110212,吉田喜代司,土田和男,181.6,2008.0,2013.0,2003.0
2021100910,ギンレイ,牝,齊藤敏,,ロジャーバローズ,2016106065,ルプス,2015103767,キングズベスト,000a0022d2,シグラップ・マネジメ,バンブー牧場,181.2,2016.0,2015.0,1997.0
2021103165,チャックイーズラブ,牝,高橋俊之,,スワーヴリチャード,2014106083,エステーラブ,2007106575,マイネルラヴ,1995108558,爲永良弘,ビクトリーホースランチ,180.9,2014.0,2007.0,1995.0
2021106491,フェスタアーベント,牡,真島元徳,,レーヴミストラル,2012104929,ラペーシュ,2016100377,バゴ,2001190004,宮田美恵子,中村弘昭,180.8,2012.0,2016.0,2001.0
2021102873,キタノローマン,牝,戸部尚実,,モーニン,2012110091,フランチェスカ,2000104114,ブラックタイアフェアー,000a00006e,北所拓也,田中スタッド,180.7,2012.0,2000.0,1986.0
2021100510,タイセイファルクス,牡,佐藤雅彦,,スマートファルコン,2005100097,エーシンヘラ,2010110006,モンジュー,1996190001,田中成奉,元道牧場,180.7,2005.0,2010.0,1996.0
2021100043,ユキノフルマチ,牝,田口輝彦,,マインドユアビスケッツ,000a01392e,ブルーミングスノー,2003102572,サンデーサイレンス,000a00033a,竹下佳利,沖田忠幸,180.7,2013.0,2003.0,1986.0
2021106728,シセイダイキ,牡,米川昇,,ワールドエース,2009106353,シセイキセキ,2013100984,シンボリクリスエス,1999110099,猪苗代勇,パカパカファーム,180.6,2009.0,2013.0,1999.0
2021105840,メネラオス,牡,奥村豊,,アジアエクスプレス,2011110091,ラトーナ,2010104360,Dansili,000a010a5f,ＮＹレーシング,ノーザンファーム,180.6,2011.0,2010.0,1996.0
2021100399,クレーンパーディタ,牝,酒井仁,,リオンディーズ,2013105915,ニシノフェイム,2008104129,ディープインパクト,2002100816,Ｉレーシング（株）,本桐牧場,180.5,2013.0,2008.0,2002.0
2021102967,ベラジオガール,牝,伊藤勝好,,ビーチパトロール,000a0141f9,ヴォーティブ,2015104774,トーセンホマレボシ,2009106092,（有）ホースケア,辻牧場,180.4,2013.0,2015.0,2009.0
2021106258,ソーラーシステム,牡,井手上慎,,ディープブリランテ,2009105084,ルナツー,2012101661,エンパイアメーカー,000a010542,鮎川福道,佐藤牧場,180.3,2009.0,2012.0,2000.0
2021109065,ファルコン,牡,月岡健二,,レッドファルクス,2011104416,ヤマシロギク,2004104887,アフリート,000a000013,佐々木雄二,マルシチ牧場,180.0,2011.0,2004.0,1984.0
2021109059,クリノラリマール,牝,柳井宏之,,ヘンリーバローズ,2015104813,シルクマイホーム,2006101428,ストーミングホーム,1998190003,池田俊道,町屋勝幸,180.0,2015.0,2006.0,1998.0
2021106967,アヤサンダワキング,牡,齊藤敏,,ヴィクトワールピサ,2007102923,ハルワカ,2003100858,ワカオライデン,1981100841,高山義朋,三村卓也,180.0,2007.0,2003.0,1981.0
2021106614,カンティーク,牝,飯田良弘,,ヴィクトワールピサ,2007102923,ヴェントス,2010104475,ウォーエンブレム,000a00fa35,前田幸治,ノースヒルズ,180.0,2007.0,2010.0,1999.0
2021105731,ドゥマイシング,牡,田中克典,,ドゥラメンテ,2012104511,フォースタークルック,000a014f42,Freud,000a011434,藤田晋,ノーザンファーム,180.0,2012.0,2012.0,1998.0
2021105635,プロトアステール,牝,村上頼章,,キンシャサノキセキ,2003110212,ターシャズスター,000a0121b2,Spanish Steps,000a0120bc,衣斐浩,ノーザンファーム,180.0,2003.0,2006.0,2001.0
2021105366,アドマイヤポーシュ,セ,宮田敬介,,モーリス,2011100655,アドマイヤシーマ,2011103884,ディープインパクト,2002100816,近藤旬子,ノーザンファーム,180.0,2011.0,2011.0,2002.0
2021105136,ルボーカドゥー,牝,千田輝彦,,ドゥラメンテ,2012104511,デリキットピース,2006103004,ホワイトマズル,1990109700,吉田照哉,社台ファーム,180.0,2012.0,2006.0,1990.0
2021104604,マジマックサラン,牡,和田雄二,,エイシンヒカリ,2011101273,リトルラブソング,2003103424,マイネルラヴ,1995108558,リトルブルーファーム,小野瀬竜馬,180.0,2011.0,2003.0,1995.0
2021104358,ノアファラオ,牡,川野勇馬,,ベストウォーリア,2010110127,スーパールミナル,2012106132,ゼンノロブロイ,2000101517,佐山公男,福岡駿弥,180.0,2010.0,2012.0,2000.0
2021104334,ディヴィジョンベル,牡,大宮和也,,スマートファルコン,2005100097,クラールハイト,2009105625,キングカメハメハ,2001103460,堀井良樹,原弘之,180.0,2005.0,2009.0,2001.0
2021103750,ジョナ,牡,伊藤圭三,,ニューイヤーズデイ,000a014589,ファーストレディ,2008100289,スマートボーイ,1995100385,吉岡寛行,グランド牧場,180.0,2011.0,2008.0,1995.0
2021103490,リヴァイデント,牝,山田徹,,ブリックスアンドモルタル,000a014377,オートクレール,2011100647,デュランダル,1999106756,徳田直樹,岡田スタッド,180.0,2014.0,2011.0,1999.0
2021101911,トップモーター,牝,的場直之,,トビーズコーナー,000a011fed,エピソードレディー,2011103357,ゼンノロブロイ,2000101517,堤保政,坂東ファーム,180.0,2008.0,2011.0,2000.0
2021101837,ダイシンオリーブ,牝,森澤友貴,,マジェスティックウォリアー,000a011e9c,ダイシンキャンディ,2009106529,アグネスタキオン,1998101516,大八木信行,中原牧場,180.0,2005.0,2009.0,1998.0
2021101790,ブイキャット,牝,北出成人,,モーリス,2011100655,ブイアスカ,2008105828,アドマイヤドン,1999107052,岩崎伸道,戸川牧場,180.0,2011.0,2008.0,1999.0
2021101626,ロータスシルク,牝,角田晃一,,ファインニードル,2013100612,アークティックシルク,000a0111fc,Selkirk,000a001fab,ゴドルフィン,ダーレー・ジャパン・ファーム,180.0,2013.0,2001.0,1988.0
2021101439,グランレーヴシチー,牡,栗田徹,,シュヴァルグラン,2012104759,ホワイトヴェール,2004105635,クロフネ,1998110135,友駿ホースクラブ,下河辺牧場,180.0,2012.0,2004.0,1998.0
2021100688,リヤンイヴェール,牝,栗田徹,,キズナ,2010105827,デプロマトウショウ,2009103950,ファスリエフ,000a00fc4c,広尾レース,桑田牧場,180.0,2010.0,2009.0,1997.0
2021100396,ウタマロジャパン,牡,長南和宏,,ダノンシャンティ,2007105709,スリースノーグラス,2004100240,グラスワンダー,1995108676,（株）石川産業,本桐牧場,180.0,2007.0,2004.0,1995.0
2021103938,ルクスミッシェル,牡,寺地誠一,,デクラレーションオブウォー,000a0136f6,スマートスリロス,2016103652,キンシャサノキセキ,2003110212,（株）ルクス,静内山田牧場,179.4,2009.0,2016.0,2003.0
2021102996,テンライ,牡,板垣吉則,,エピファネイア,2010104155,テンツクテン,2012105409,ステイゴールド,1994108729,三度屋,辻牧場,179.2,2010.0,2012.0,1994.0
2021100087,コンデンス,牝,真島正徳,,ダンカーク,000a012185,エーシンシルビア,2008101263,スペシャルウィーク,1995103211,原久美子,川端英幸,179.2,2006.0,2008.0,1995.0
2021103013,ヴェルダージ,牝,寺島良,,キズナ,2010105827,マダムクレアシオン,2013104598,Invincible Spirit,000a01056d,ラ・メール,辻牧場,179.0,2010.0,2013.0,1997.0
2021101371,サキノマキアート,牝,伊藤勝好,,トゥザグローリー,2007103265,ワンオリーブ,2009110060,Bernstein,000a010bae,酒井孝敏,シグラップファーム,179.0,2007.0,2009.0,1997.0
2021106598,ヤマニンアリーズ,牝,川島洋人,,シニスターミニスター,000a011099,ヤマニンシェリル,2010105809,アグネスタキオン,1998101516,土井久美子,錦岡牧場,178.7,2003.0,2010.0,1998.0
2021106139,チョウゲンキ,牡,織田誠,,アドミラブル,2014105979,クリノメダリスト,2006106767,ステイゴールド,1994108729,丸山隆雄,上井農場,178.6,2014.0,2006.0,1994.0
2021102660,ランドシュール,牡,荒木道哉,,ベストウォーリア,2010110127,ミヤビソーダライト,2011104601,アドマイヤムーン,2003102991,浅野真由美,金石牧場,178.5,2010.0,2011.0,2003.0
2021104259,アースリリイ,牝,加藤幸保,,アポロケンタッキー,2012110098,ヴィオローネ,2015104504,ルーラーシップ,2007103143,中島稔,野表篤夫,178.2,2012.0,2015.0,2007.0
2021104307,ナムラベロニカ,牝,矢野久美,,ホークビル,000a01327c,ナムラユメ,2015106079,ゼンノロブロイ,2000101517,三岡有香,八田ファーム,178.1,2013.0,2015.0,2000.0
2021100630,ルクスシグナム,牡,武井和実,,ディーマジェスティ,2013104704,マイネグロリアーナ,2010110043,Rock Hard Ten,000a010612,北原大史,荻伏三好ファーム,178.0,2013.0,2010.0,2001.0
2021105686,バンドエース,セ,石坂公一,,バンドワゴン,2011104010,ハッピーテレサ,2011103752,フジキセキ,1992109618,馬場幸夫,ノーザンファーム,177.8,2011.0,2011.0,1992.0
2021100092,キタサンヤマブキ,牝,桧森邦夫,,ヘニーヒューズ,000a011155,キタサンアメジスト,2016103583,ネオユニヴァース,2000101426,大野商事,木田牧場,177.6,2003.0,2016.0,2000.0
2021101030,ワカミヤノミコト,牡,藤ケ崎一,,ユアーズトゥルーリ,2016104391,ツヨイキモチ,2007103017,シンボリクリスエス,1999110099,伊藤彰敏,アイズスタッド,176.5,2016.0,2007.0,1999.0
2021100393,パープルトレジャー,セ,井樋明正,,エピファネイア,2010104155,グレイスフラワー,2009106185,ダイワメジャー,2001103114,西隆久,本桐牧場,176.5,2010.0,2009.0,2001.0
2021107373,ティキー,牝,佐藤祐司,,ロゴタイプ,2010103783,サダムルーティン,2012105833,ハーツクライ,2001103038,北原大史,能登浩,176.1,2010.0,2012.0,2001.0
2021107322,フクロクジュ,牡,内田勝義,,ディスクリートキャット,000a0113a1,ジュンナルトー,2012104818,ゴールドアリュール,1999106689,大志総合企画,レジェンドファーム,176.0,2003.0,2012.0,1999.0
2021100724,ヘニーアイリス,牝,松浦裕之,,ヘニーヒューズ,000a011155,ダニエラズフラワー,000a012553,Corinthian,000a01173f,上山泰憲,高昭牧場,176.0,2003.0,2009.0,2003.0
2021102127,マッドリボンガール,牝,山中尊徳,,メイショウボーラー,2001100650,リボンスティック,2012105404,シニスターミニスター,000a011099,大越徹朗,槇本牧場,175.8,2001.0,2012.0,2003.0
2021101180,ホワイトシップ,セ,村上頼章,,ゴールドシップ,2009102739,クラウンハンター,2013100181,ケイムホーム,000a0108d1,酒井孝敏,賀張中川牧場,175.5,2009.0,2013.0,1999.0
2021106914,アオイラリュヌ,牝,加藤和義,,エピファネイア,2010104155,エピックマジック,2013102003,テレグノシス,1999106851,山村太三,松浦牧場,175.4,2010.0,2013.0,1999.0
2021106794,ラヴーシュカ,牡,加藤幸保,,ゴールドシップ,2009102739,ストークアンドレイ,2010105360,クロフネ,1998110135,盛学志,ビッグレッドファーム,175.3,2009.0,2010.0,1998.0
2021109112,アツヒメ,牝,池田忠好,,サトノクラウン,2012104668,クエルクス,2008105773,フジキセキ,1992109618,小菅誠,ストームファームコーポレーション,175.0,2012.0,2008.0,1992.0
2021107394,クロイバラ,牝,佐藤英明,,キンシャサノキセキ,2003110212,パラディドル,2011104841,キングカメハメハ,2001103460,山本国広,藤本直弘,175.0,2003.0,2011.0,2001.0
2021106743,グロリアスグレイス,牡,川西毅,,ファインニードル,2013100612,レイロー,2015105282,オルフェーヴル,2008102636,（株）ルイナール,パカパカファーム,175.0,2013.0,2015.0,2008.0
2021103973,テザリング,牡,山下貴之,,キンシャサノキセキ,2003110212,ブロームフォンテン,000a0117cb,Cape Cross,000a0022ae,西村健,タイヘイ牧場,175.0,2003.0,2001.0,1994.0
2021102000,ユキグミスター,牝,岡野尚光,,ラニ,2013110045,グレースシャンティ,2013106459,ダノンシャンティ,2007105709,寺村定祐,藤本直弘,175.0,2013.0,2013.0,2007.0
2021104524,タマモルピナス,牝,原口次夫,,マジェスティックウォリアー,000a011e9c,タマモルミエール,2012102760,ハーツクライ,2001103038,北原大史,前田牧場,174.9,2005.0,2012.0,2001.0
2021103551,ヘブンズサウンド,牡,竹下太,,ダノンバラード,2008103548,ラステラ,2011106242,サッカーボーイ,1985103538,酒井孝敏,岡田スタッド,174.9,2008.0,2011.0,1985.0
2021101437,ベストベルシック,牝,菅原欣也,,ドレフォン,000a013b82,ベストベット,2014101980,キングズベスト,000a0022d2,大黒富美子,下河辺牧場,174.9,2013.0,2014.0,1997.0
2021106043,レディマジェスティ,牝,竹下太,,ディーマジェスティ,2013104704,アロゴ,2016106137,ジャスタウェイ,2009106461,武村學,石田牧場,174.8,2013.0,2016.0,2009.0
2021103470,ホウオウシーザー,牡,地辺幸一,,スクリーンヒーロー,2004103328,アワフレイム,2011110018,Stroll,000a011f19,ファーストビジョン,岡田スタッド,174.8,2004.0,2011.0,2000.0
2021102189,ダイセンネージュ,牝,今津博之,,バンブーエール,2003104100,オドゥールゲラン,2003106176,ステイゴールド,1994108729,根田喜久雄,門別牧場,174.7,2003.0,2003.0,1994.0
2021102289,ソライロ,牝,松島壽,,ゴールデンバローズ,2012110100,ヴァレッタスカイ,2014100130,マンハッタンスカイ,2004106840,山田勇,若林順一,174.6,2012.0,2014.0,2004.0
2021100986,メイショウマタベエ,牡,高馬元紘,,リオンディーズ,2013105915,サンタローズ,2002104181,パントレセレブル,000a000271,松本好雄,村下明博,174.6,2013.0,2002.0,1994.0
2021100451,ロダンスター,牝,田中一巧,,ヘニーヒューズ,000a011155,カワカミマゴコロ,2011101539,パイロ,000a01176a,星加浩一,三石川上牧場,174.6,2003.0,2011.0,2005.0
2021106082,ラヴリーディスク,牝,後藤佑耶,,ディスクリートキャット,000a0113a1,ナンセイサクラ,2011105430,シンボリクリスエス,1999110099,平川三津,大狩部牧場,174.5,2003.0,2011.0,1999.0
2021106348,ジェットラン,牝,原口次夫,,ミッキーロケット,2013106099,メイユーブルーム,2005102650,ダンスインザダーク,1993109188,北原大史,武田牧場,174.4,2013.0,2005.0,1993.0
2021104174,リュウノアスイール,牡,酒井仁,,ホッコータルマエ,2009100921,リンターバル,000a01250b,Desert Prince,000a0022c1,蓑島竜一,千代田牧場,174.4,2009.0,2005.0,1995.0
2021103698,イイヒ,牝,橘友和,,スピルバーグ,2009105961,ワイルドゲッツ,2009103470,ワイルドラッシュ,000a0003a1,湯澤寛,キヨタケ牧場,174.4,2009.0,2009.0,1994.0
2021103373,マナカノア,牡,笹野博司,,シュヴァルグラン,2012104759,ニューステップ,2009102759,アドマイヤムーン,2003102991,佐藤弘樹,山田昇史,174.3,2012.0,2009.0,2003.0
2021105299,モニーレ,牝,加藤和義,,ドレフォン,000a013b82,ロイヤルネックレス,2006102954,シンボリクリスエス,1999110099,山梨純一,社台ファーム,174.2,2013.0,2006.0,1999.0
2021107388,ワンダーサバイバル,牡,鈴木勝文,,デクラレーションオブウォー,000a0136f6,ワンダーフロレゾン,2010101573,アルデバランII,000a010541,山本能成,フクダファーム,174.0,2009.0,2010.0,1998.0
2021106676,スターティアラ,牝,三小田幸,,リアルスティール,2012104889,フルボイス,2014105842,ルーラーシップ,2007103143,北原大史,ハクレイファーム,174.0,2012.0,2014.0,2007.0
2021106400,ヒカリノアメ,牝,長南和宏,,コパノリッキー,2010106548,ミルククラウン,2003110152,Mr. Greeley,000a00213e,山田裕史,大作ステーブル,173.9,2010.0,2003.0,1992.0
2021104661,ユウトザイースト,牡,山田義人,,エスポワールシチー,2005102837,ドゥルセデレーチェ,2003102989,フレンチデピュティ,000a00013a,太田雅貴,市川牧場,173.8,2005.0,2003.0,1992.0
2021101693,ノーマンズランド,牝,井手上慎,,ディスクリートキャット,000a0113a1,ボーダレス,2013100579,アドマイヤムーン,2003102991,原口章,ダーレー・ジャパン・ファーム,173.7,2003.0,2013.0,2003.0
2021103124,マイソラ,牝,川西毅,,カリフォルニアクローム,000a012602,ミステールヴェール,2015106474,ヘニーヒューズ,000a011155,グリーンファーム,日進牧場,173.6,2011.0,2015.0,2003.0
2021100823,ヴェントアズーロ,牝,栗本陽一,,バゴ,2001190004,ピュアフライト,2017103003,プリサイスエンド,000a00fe9b,Ｉレーシング（株）,大北牧場,173.3,2001.0,2017.0,1997.0
2021102734,アンリ,牝,吉橋淳一,,ラブリーデイ,2010104298,ペプチドリリー,2014103176,ダイワメジャー,2001103114,白鳥久男,杵臼牧場,173.0,2010.0,2014.0,2001.0
2021100301,オーケーミネルバ,牝,森山英雄,,リオンディーズ,2013105915,エバーシャイニング,2007102977,ゼンノロブロイ,2000101517,山邉浩,中田英樹,173.0,2013.0,2007.0,2000.0
2021106076,プリンセスココア,牝,佐々木由,,ファインニードル,2013100612,ギフトアワード,2013104450,エンパイアメーカー,000a010542,欠畑圭一,大狩部牧場,172.8,2013.0,2013.0,2000.0
2021109150,サクラガーディアン,牡,桧森邦夫,,トビーズコーナー,000a011fed,スパイスフェアリー,2011102763,シニスターミニスター,000a011099,瓜生和彦,上村利幸,172.7,2008.0,2011.0,2003.0
2021104198,キタノヴァリュー,牝,飯田弘道,,ルーラーシップ,2007103143,ミーシャレヴュー,2009103972,アグネスタキオン,1998101516,北所拓也,飛野牧場,172.7,2007.0,2009.0,1998.0
2021105922,リュウノヤンブー,牡,齊藤敏,,ラニ,2013110045,セクシイスイート,2008102488,タヤスツヨシ,1992109612,蓑島竜一,平岡牧場,172.5,2013.0,2008.0,1992.0
2021102643,サブノイブキ,牝,阪本一栄,,メイショウボーラー,2001100650,サブノイツトー,2010103160,ブラックタイド,2001103312,有サブノ,カナイシスタッド,172.5,2001.0,2010.0,2001.0
2021101067,クィーンミツコ,牝,戸部尚実,,レッドファルクス,2011104416,コスモアンダルシア,2010105948,アドマイヤマックス,1999107004,山口謙太郎,新井昭二牧場,172.5,2011.0,2010.0,1999.0
2021100764,スターシャイン,牝,市村誠,,シニスターミニスター,000a011099,ティアップアリア,2015103602,ヘニーヒューズ,000a011155,菊地博,小林正仁,172.5,2003.0,2015.0,2003.0
2021102269,リコークルセーダー,牝,地辺幸一,,ヴィクトワールピサ,2007102923,リコーフィオラノ,2012100964,シンボリクリスエス,1999110099,ファーストビジョン,リコーファーム,172.2,2007.0,2012.0,1999.0
2021104068,サクラサルーテ,牝,田島俊明,,シャンハイボビー,000a0127e4,セダンフォーグッド,2010106289,アグネスタキオン,1998101516,さくらコマース,谷岡牧場,172.0,2010.0,2010.0,1998.0
2021103666,スカイスウィート,牝,鋤田誠二,,ワールドエース,2009106353,エバレット,2012109102,ヴァーミリアン,2002100877,清水剛,神垣道弘,172.0,2009.0,2012.0,2002.0
2021100783,ミシェルエルクール,牝,川島豊,,シュヴァルグラン,2012104759,タカミツグリーン,2008102096,タニノギムレット,1999100226,江原明,鮫川啓一,172.0,2012.0,2008.0,1999.0
2021107181,チュウワスペル,牝,加藤幸保,,リアルスティール,2012104889,プラウドスペル,000a0124bd,Proud Citizen,000a0105b8,中西忍,ノーザンファーム,171.5,2012.0,2005.0,1999.0
2021101567,コパノエルバス,牡,茂崎正善,,コパノリッキー,2010106548,ルーシーイズマイン,2012104445,ネオユニヴァース,2000101426,小林照弘,スマイルファーム,171.5,2010.0,2012.0,2000.0
2021103001,スカイウィンザー,牡,千葉幸喜,,リアルスティール,2012104889,ナンネッタ,2014102880,キンシャサノキセキ,2003110212,前田敏文,辻牧場,171.4,2012.0,2014.0,2003.0
2021104317,リーゼントキャロル,牝,角田輝也,,エピファネイア,2010104155,フレンチカクタス,2008100801,タイキシャトル,1994109686,三浦大輔,服部牧場,171.0,2010.0,2008.0,1994.0
2021100478,ジュエルドレーサー,牡,蛯名利弘,,ビッグアーサー,2011103328,ブイルージュ,1999105267,ウォーニング,000a000843,ノルマンディーサラブレッドレーシング,村上牧場,171.0,2011.0,1999.0,1985.0
2021105517,カムフラージュ,牝,新子雅司,,リアルスティール,2012104889,ケルシャンス,2011103852,Dubawi,000a0115e2,亀井哲也,ノーザンファーム,170.5,2012.0,2011.0,2002.0
2021102033,ゴットシャイン,牡,松平幸秀,,バゴ,2001190004,グランゼコール,2015101604,ステイゴールド,1994108729,猪又晶介,ベルサイユステーブル,170.1,2001.0,2015.0,1994.0
2021107079,ニシノプリモ,牝,吉田正美,,ネロ,2011103722,ニシノアリオス,2015101784,リーチザクラウン,2006102923,冨田藤男,メイタイファーム,170.0,2011.0,2015.0,2006.0
2021106396,ブラボーランナー,牝,宇野木博,,ミッキーアイル,2011103916,ホットランナー,2011104418,ダイワメジャー,2001103114,甲原晃,大作ステーブル,170.0,2011.0,2011.0,2001.0
2021104799,グランドブレーカー,牡,坂本昇,,ハービンジャー,000a011996,リュートフルシティ,2005102084,ウォーエンブレム,000a00fa35,本城,追分ファーム,170.0,2006.0,2005.0,1999.0
2021104739,ポンテローザ,牝,小久保智,,ヴァンキッシュラン,2013105718,ワールドフォース,2013110060,Canford Cliffs,000a0127a5,島川隆哉,エスティファーム,170.0,2013.0,2013.0,2007.0
2021103294,ルミナスビューティ,牝,村田順一,,ドゥラメンテ,2012104511,アクティビューティ,2007101829,バゴ,2001190004,山邉浩,宮内牧場,170.0,2012.0,2007.0,2001.0
2021103063,アドバンスソング,牝,酒井仁,,ジャスタウェイ,2009106461,クアンナム,000a013e38,Invincible Spirit,000a01056d,鈴木雅俊,富田牧場,170.0,2009.0,2010.0,1997.0
2021102487,スイヘイセン,牡,阪本一栄,,ベストウォーリア,2010110127,シップスログ,2010104440,ネオユニヴァース,2000101426,三宅勝俊,能登浩,170.0,2010.0,2010.0,2000.0
2021102349,パパメイアン,牡,畠山信一,,ヘンリーバローズ,2015104813,オードリーローズ,2003101714,ブライアンズタイム,000a000082,吉田勝利,黒川賢司,170.0,2015.0,2003.0,1985.0
2021101008,インサリュブル,牝,小林俊彦,,ビッグアーサー,2011103328,ニシノブーケトス,2007102509,スペシャルウィーク,1995103211,上手健太郎,山田牧場,170.0,2011.0,2007.0,1995.0
2021101342,ラタヴィック,牡,加藤幸保,,ダノンシャーク,2008105554,ラプレシューズ,2011110068,A.P. Indy,000a001d37,吉川真ノ介,サンシャイン牧場,169.9,2008.0,2011.0,1989.0
2021106218,ウィズホープ,牝,酒井仁,,ゴールドシップ,2009102739,シェイクラブハート,2008100533,アグネスデジタル,1997110025,山邉浩,コスモヴューファーム,169.8,2009.0,2008.0,1997.0
2021102817,カラツノ,牡,保利幸作,,トゥザグローリー,2007103265,オーバーザムーン,2009106851,アドマイヤムーン,2003102991,副島義久,成隆牧場,169.8,2007.0,2009.0,2003.0
2021106509,リュウノリヤド,牝,川村守男,,ワンダーアキュート,2006106794,サッキールビー,2013102063,シニスターミニスター,000a011099,蓑島竜一,長浜忠,169.6,2006.0,2013.0,2003.0
2021103890,プリンセスベル,牝,角田輝也,,ネオユニヴァース,2000101426,エンゲージスマイル,2014105434,シンボリクリスエス,1999110099,西村健,静内ファーム,169.5,2000.0,2014.0,1999.0
2021107116,キリシマエール,牝,櫻田浩樹,,ホークビル,000a01327c,サンデースクール,2016103310,ハービンジャー,000a011996,西村新一郎,八島夕起子,168.9,2013.0,2016.0,2006.0
2021106980,リュウノアラジン,牝,沖田明子,,サトノアラジン,2011104063,クイーンカアフマヌ,2004102744,King's Best,000a0022d2,蓑島竜一,村上欽哉,168.6,2011.0,2004.0,1997.0
2021105045,ルージュロンド,牝,坂口義幸,,Golden Horn,000a012adf,サウンドオブフリーダム,000a0142d6,Duke of Marmalade,000a011773,岡田祐一,社台ファーム,168.0,2012.0,2012.0,2004.0
2021104351,ウーアマッハ,牡,岩本洋,,ベストウォーリア,2010110127,レークサイドカフェ,2007102980,マンハッタンカフェ,1998101554,（同）クイック・ホー,原ファーム,168.0,2010.0,2007.0,1998.0
2021102566,キーシンガー,牝,胡本友晴,,パドトロワ,2007102760,マイネプルメリア,2008104486,キングカメハメハ,2001103460,（株）ファーストビジ,赤田牧場,168.0,2007.0,2008.0,2001.0
2021105139,デルマエウロパ,牡,宮川浩一,,ブラックタイド,2001103312,デルマキセキ,2015110030,Scat Daddy,000a0114fe,吉田ひとみ,社台ファーム,167.6,2001.0,2015.0,2004.0
2021106024,エクレシア,牝,榎屋充,,ヘンリーバローズ,2015104813,ブルーロゼット,2016103304,キングズベスト,000a0022d2,伊藤健,安達牧場,167.5,2015.0,2016.0,1997.0
2021101696,シンガプーラ,牝,藤田正治,,ディスクリートキャット,000a0113a1,ミュゼット,2015101609,ハードスパン,000a0116a1,組）リノレーシング,ダーレー・ジャパン・ファーム,167.5,2003.0,2015.0,2004.0
2021106079,ヘックス,牝,保利幸作,,カレンブラックヒル,2009106230,サクヤヒメ,2012103868,ホワイトマズル,1990109700,ＫＡＪＩＭＯＴＯホールディングス,大狩部牧場,167.2,2009.0,2012.0,1990.0
2021101076,ヤマミトップワン,牡,中川雅之,,ホッコータルマエ,2009100921,ヤマミダンス,2014101639,ハーツクライ,2001103038,山下勲,新井昭二牧場,167.2,2009.0,2014.0,2001.0
2021100600,ウォーターアレ,牡,塚田隆男,,ウォーターリーグ,1998110199,ウォーターボヌール,2016105896,ロードカナロア,2008103552,山岡正人,王蔵牧場,167.2,1998.0,2016.0,2008.0
2021106398,リンクスプリエール,牡,伊藤強一,,シュヴァルグラン,2012104759,マリア,2008104082,ディープインパクト,2002100816,（同）ＪＰＮ技研,大作ステーブル,166.9,2012.0,2008.0,2002.0
2021103958,イチリンノバラ,牝,佐々木国,,シビルウォー,2005102317,アリノマンボ,2013104317,オレハマッテルゼ,2000101550,渡辺尚典,聖心台牧場,166.5,2005.0,2013.0,2000.0
2021103681,ベビーヨーダ,牝,竹下太,,ドゥラメンテ,2012104511,エリドゥバビロン,2007110107,Bernstein,000a010bae,村山光弘,木村秀則,166.3,2012.0,2007.0,1997.0
2021106922,コウエツ,牝,池田敦,,ダノンバラード,2008103548,ソウタツ,2000109357,ブライアンズタイム,000a000082,渡邊優磨,松浦牧場,166.1,2008.0,2000.0,1985.0
2021110079,ヴァイタルピース,セ,吉田直弘,,Pivotal,000a002328,Tobruk,000a01f242,デクラレーションオブウォー,000a0136f6,岡田牧雄,Cheveley Park Stud Limited,166.0,1993.0,2015.0,2009.0
2021101760,グラス,牝,水野善太,,サトノダイヤモンド,2013106101,ヤマノグラス,2008105731,バブルガムフェロー,1993109219,小橋亮太,チャンピオンズファーム,165.3,2013.0,2008.0,1993.0
2021110163,ガブリエルアクア,牡,橋口慎介,,Justify,000a013f2d,Dragon's Tail,000a01f51f,Galileo,000a00232b,迫田三果子,Katom,165.0,2015.0,2007.0,1998.0
2021107261,ザソード,牡,相沢郁,,シルバーステート,2013105903,オンワードミシェル,2000100322,アンバーシャダイ,1977103827,石瀬浩三,浜本牧場,165.0,2013.0,2000.0,1977.0
2021106672,ノルン,牝,久保田貴,,モーリス,2011100655,ウルド,2013105803,ハービンジャー,000a011996,ヒダカ・ブリーダーズ・ユニオン,ハクレイファーム,165.0,2011.0,2013.0,2006.0
2021105494,ライジングアロー,セ,庄野靖志,,スワーヴリチャード,2014106083,クイックリトルミス,000a011504,Freud,000a011434,キャロットファーム,ノーザンファーム,165.0,2014.0,2004.0,1998.0
2021104728,クリエイト,牡,高野毅,,ヴァンキッシュラン,2013105718,パイアルディーナ,000a01434d,Casamento,000a011be4,島川隆哉,エスティファーム,165.0,2013.0,2014.0,2008.0
2021104682,マンダリア,牝,角川秀樹,,ラブリーデイ,2010104298,レッドアランダ,2014101990,ディープインパクト,2002100816,ユートピア牧場,上水牧場,165.0,2010.0,2014.0,2002.0
2021103719,レーヴァテイン,牡,石橋満,,モーリス,2011100655,ゴールドチェイス,2010102652,アドマイヤムーン,2003102991,竹下浩一,グランド牧場,165.0,2011.0,2010.0,2003.0
2021103458,パキラ,牝,山崎尋美,,パドトロワ,2007102760,バーニングテイスト,2014104345,ハービンジャー,000a011996,牧野好行,漆原武男,165.0,2007.0,2014.0,2006.0
2021103378,ヒルンドルスティカ,牝,別府真司,,シルバーステート,2013105903,ウーマッハ,2014106337,ロードアルティマ,2000110026,ウエスト．フォレスト．ステイブル,山春牧場,165.0,2013.0,2014.0,2000.0
2021100833,エンピリカルルール,牝,櫻田康二,,ダンカーク,000a012185,サウスエンピリカル,2005101539,マンハッタンカフェ,1998101554,レックス,高岸順一,165.0,2006.0,2005.0,1998.0
2021100816,フィオリトゥーラ,牝,森田直行,,ゴールドシップ,2009102739,ショウナンアオバ,2007103025,キングカメハメハ,2001103460,ロードホースクラブ,大北牧場,165.0,2009.0,2007.0,2001.0
2021100781,シルヴィーヘラ,牝,堀千亜樹,,ディープブリランテ,2009105084,シルヴィーボーテ,2013102956,キングカメハメハ,2001103460,菅原広隆,鮫川啓一,165.0,2009.0,2013.0,2001.0
2021103986,グラスファイン,牝,加藤和宏,,シュヴァルグラン,2012104759,グラスルーナ,2015102459,グラスワンダー,1995108676,小澤徳定,高橋ファーム,164.6,2012.0,2015.0,1995.0
2021102335,アイノカタチ,牝,石橋満,,アジアエクスプレス,2011110091,シャイニーレディ,2013101204,ゴールドアリュール,1999106689,高橋正雄,川向高橋育成牧場,164.4,2011.0,2013.0,1999.0
2021102890,スターシャワー,牝,板垣吉則,,Bated Breath,000a019850,シャイニングパス,000a01b6d7,Raven's Pass,000a011d04,堂守貴志,谷川牧場,164.1,2007.0,2016.0,2005.0
2021106878,ゴールドマジカル,牝,中川雅之,,ブリックスアンドモルタル,000a014377,ゴールドシスター,2015100766,スクリーンヒーロー,2004103328,長谷川勝彦,北勝ファーム,164.0,2014.0,2015.0,2004.0
2021101268,マリノカサブランカ,牝,頼本盛行,,サムライハート,2002100996,マリノレイラ,2014101842,グラスワンダー,1995108676,サンエツ企画（有）,クラウン日高牧場,164.0,2002.0,2014.0,1995.0
2021106277,フューゲイシャス,牡,吉田司,,エイシンフラッシュ,2007102951,ビバサムシング,2007104455,ムーンバラッド,000a00fe8f,小橋亮太,シンカンファーム,163.9,2007.0,2007.0,1999.0
2021101506,サラーム,牡,石本孝博,,スズカコーズウェイ,2004104345,サジッタ,2010100709,ネオユニヴァース,2000101426,（有）新生ファーム,新生ファーム,163.8,2004.0,2010.0,2000.0
2021100032,イキナリイイネ,牡,渡辺博文,,トーセンラー,2008102985,アナモリ,2005104006,トワイニング,000a000006,遠藤喜和,沖田忠幸,163.4,2008.0,2005.0,1991.0
2021107294,アースヒロイン,牝,倉地学,,ビーチパトロール,000a0141f9,アイファーヒロイン,2014104564,スクリーンヒーロー,2004103328,中島稔,アースファーム,163.3,2013.0,2014.0,2004.0
2021104010,コウラン,牝,山崎尋美,,アルアイン,2014106046,プードルデコール,2010104493,New Approach,000a011656,薪浦亨,高橋陵,163.0,2014.0,2010.0,2005.0
2021101409,オランジェロ,牝,今野貞一,,ロードカナロア,2008103552,スウィーティーガール,000a013e15,Star Dabbler,000a013be8,下河辺隆行,下河辺牧場,163.0,2008.0,2012.0,2003.0
2021107341,ムビュリミュゴボカ,牝,後藤正義,,ホークビル,000a01327c,シャドウマスク,2011104370,ハーツクライ,2001103038,西田順彦,成隆牧場,162.8,2013.0,2011.0,2001.0
2021106041,マヌル,牝,田中一巧,,パイロ,000a01176a,ノウゼンハレン,2012105155,ブライアンズタイム,000a000082,石瀬浩三,石郷岡松太郎,162.5,2005.0,2012.0,1985.0
2021103924,オーライシス,牝,田中正人,,リーチザクラウン,2006102923,オーラデイジー,2016105825,ルースリンド,2001106791,高橋徳昭,静内山田牧場,162.5,2006.0,2016.0,2001.0
2021103547,エラトステネス,牡,荒巻透,,ジャスタウェイ,2009106461,モトヒメ,2007100092,ショウナンカンプ,1998102595,（同）ＪＰＮ技研,岡田スタッド,162.5,2009.0,2007.0,1998.0
2021102364,ロマンスヒコー,牡,小村正也,,タリスマニック,000a013425,ルナーアピール,2016103355,アドマイヤムーン,2003102991,（株）ファーストビジ,スガタ牧場,162.5,2013.0,2016.0,2003.0
2021106928,バイアスペクター,牝,野田忍,,ダノンバラード,2008103548,フジミ,2016102780,ロードカナロア,2008103552,谷賢臣,松浦牧場,162.4,2008.0,2016.0,2008.0
2021104508,エルバ,牝,武井和実,,ドレフォン,000a013b82,タピットトゥギャザー,000a015975,Tapit,000a011248,北原大史,前谷武志,162.3,2013.0,2013.0,2001.0
2021109124,ダイチノカムイ,牡,池田忠好,,ロードバリオス,2005104227,テラノイロハ,2009106233,ゼンノロブロイ,2000101517,本田土寿,本田土寿,162.2,2005.0,2009.0,2000.0
2021100262,タイセイクエスト,牡,及川良春,,タリスマニック,000a013425,エーシンラクーリエ,2006102145,コロナドズクエスト,000a0000b5,大黒富美子,築紫洋,162.1,2013.0,2006.0,1995.0
2021106261,マイアサウラ,牝,古澤悟,,ゴールドアクター,2011105266,ヴィジオネール,2011104382,トワイニング,000a000006,長浜和也,サンローゼン,162.0,2011.0,2011.0,1991.0
2021103774,ロゴサウンド,牡,櫻井今朝,,ヘニーヒューズ,000a011155,ロゴマーク,2011104274,チチカステナンゴ,000a011135,（同）ＪＰＮ技研,今牧場,162.0,2003.0,2011.0,1998.0
2021100749,ティファニーユー,牝,目迫大輔,,リオンディーズ,2013105915,ラビングハート,2013110003,Sea The Stars,000a011c78,上山泰憲,高昭牧場,162.0,2013.0,2013.0,2006.0
2021105231,ソルセルリ,牝,菅原欣也,,ロードカナロア,2008103552,ペイドメルヴェイユ,2014105713,ローエングリン,1999106738,栗嶋豊明,社台ファーム,161.8,2008.0,2014.0,1999.0
2021100586,カリブフレイバー,牡,真島正徳,,マクフィ,000a011c77,グレンダロッホ,2013105708,ディープインパクト,2002100816,尾田信夫,梅田牧場,161.8,2007.0,2013.0,2002.0
2021104002,ドリームチェイサー,牝,溝橋利喜,,ケープブランコ,000a011b06,チャードリー,2009106462,ウォーエンブレム,000a00fa35,小林聖子,高橋義浩,161.7,2007.0,2009.0,1999.0
2021100901,ランスロット,セ,本間忍,,ビッグアーサー,2011103328,エメライン,2014103972,マンハッタンカフェ,1998101554,ノルマンディーサラブレッドレーシング,バンブー牧場,161.5,2011.0,2014.0,1998.0
2021106780,クーペ,牡,土井道隆,,ゴールドシップ,2009102739,コスモスカイライン,2003106856,グラスワンダー,1995108676,（同）ＪＰＮ技研,ビッグレッドファーム,161.4,2009.0,2003.0,1995.0
2021100070,ネクストヒロイン,牝,戸田博文,,ブリックスアンドモルタル,000a014377,ウェディングフジコ,2004106374,フジキセキ,1992109618,堂守貴志,片山牧場,161.2,2014.0,2004.0,1992.0
2021106021,カイブルーノ,牡,本名信行,,シュヴァルグラン,2012104759,パトリツィア,2015101670,キングズベスト,000a0022d2,（同）ＪＰＮ技研,安達牧場,161.0,2012.0,2015.0,1997.0
2021104610,ハンバーグイモウト,牝,土屋洋之,,アドミラブル,2014105979,イーグルアモン,2011102827,イーグルカフェ,1997110118,濱村充哉,千島勇一,161.0,2014.0,2011.0,1997.0
2021106101,ビルマチーク,牝,菅原欣也,,バゴ,2001190004,シルキークラフト,2004110099,Crafty Prospector,000a00193b,安部重夫,オリエント牧場,160.8,2001.0,2004.0,1979.0
2021100654,エデュース,牝,川島洋人,,エピファネイア,2010104155,モンクール,2009101019,ディープインパクト,2002100816,水上行雄,笠松牧場,160.8,2010.0,2009.0,2002.0
2021100275,フェイスサガ,牝,倉地学,,アニマルキングダム,000a011dad,ディヴァインクレア,2008101017,ディープインパクト,2002100816,中川雄斗,土田農場,160.7,2008.0,2008.0,2002.0
2021101346,ウィーフィー,牝,坂本昇,,ユアーズトゥルーリ,2016104391,カウベル,2012103036,ワイルドラッシュ,000a0003a1,矢野琢也,サンバマウンテンファーム,160.5,2016.0,2012.0,1994.0
2021107348,グローリーロード,牡,川田孝好,,ミッキーアイル,2011103916,ピュアーフレーム,2004110127,Silver Deputy,000a001fa3,久保博文,大作ステーブル,160.4,2011.0,2004.0,1985.0
2021104578,ダンツタロン,牡,古賀光範,,カリフォルニアクローム,000a012602,ダイワドレッサー,2013105715,ネオユニヴァース,2000101426,山元哲二,矢野牧場,160.4,2011.0,2013.0,2000.0
2021110082,モーヴシルベストル,牝,庄野靖志,,Le Havre,000a01198f,ミノレット,000a013c95,Smart Strike,000a00211c,吉田照哉,Shadai Farm,160.0,2006.0,2011.0,1992.0
2021110018,ロマンスシアター,牝,鮫島一歩,,Blue Point,000a01bd91,Ballet Romance,000a01c71b,Poet's Voice,000a011b0d,Ｈ．Ｈ．シェイク・ハムダン,Godolphin,160.0,2014.0,2016.0,2007.0
2021107271,ルーンサフィール,牡,鮫島克也,,アドマイヤムーン,2003102991,タツサファイヤ,2007109040,サクラバクシンオー,1989108341,津田一馬,浜本牧場,160.0,2003.0,2007.0,1989.0
2021107240,ビーオールライト,牡,矢野久美,,ルーラーシップ,2007103143,チェルビム,2001100015,サンデーサイレンス,000a00033a,原久美子,奥山牧場,160.0,2007.0,2001.0,1986.0
2021106944,レッグスルー,牡,瀬戸口悟,,シルバーステート,2013105903,アビシーナ,000a0123dc,Pivotal,000a002328,（同）ＪＰＮ技研,松本信行,160.0,2013.0,2009.0,1993.0
2021106906,クラウデン,牝,矢野義幸,,モーニン,2012110091,グランドアメリフローラ,000a011165,Grand Slam,000a0022b9,中村陽介,前川隆範,160.0,2012.0,2004.0,1995.0
2021104705,フレデリック,牡,小久保智,,マクマホン,000a0143ac,スマートチョイス,000a014f4d,Grand Reward,000a014b98,島川隆哉,エスティファーム,160.0,2014.0,2013.0,2001.0
2021103805,センボンサクラ,牝,月岡健二,,ダンカーク,000a012185,ハナズジャンプ,2011100044,ダンスインザダーク,1993109188,後藤泰彦,坂本智広,160.0,2006.0,2011.0,1993.0
2021103597,タマモワンカラット,牝,今津勝之,,リアルインパクト,2008103244,チャームライト,2006101404,ワイルドラッシュ,000a0003a1,小出水正男,岡田牧場,160.0,2008.0,2006.0,1994.0
2021102772,リスマルチェリ,牡,那俄性哲,,バトルプラン,000a0118e8,マルチェリブレイン,2017106508,クロフネ,1998110135,西森正樹,グランデファーム,160.0,2005.0,2017.0,1998.0
2021102634,インゼエボニータ,牡,鈴木慎太,,ダノンレジェンド,2010110102,シャリマ,2010104699,オレハマッテルゼ,2000101550,高橋敏英,小倉牧場,160.0,2010.0,2010.0,2000.0
2021102327,ゴトク,牡,西村真幸,,イスラボニータ,2011103565,スズカマンサク,2015102128,ロードカナロア,2008103552,辻牧場,稲原牧場,160.0,2011.0,2015.0,2008.0
2021101425,ダンツニーヴァ,牡,古賀光範,,リオンディーズ,2013105915,ノーティスボード,2014101934,クロフネ,1998110135,山元哲二,下河辺牧場,160.0,2013.0,2014.0,1998.0
2021101020,センチュリクィーン,牝,大島静夫,,Saxon Warrior,2015100991,ポエティックレガシー,000a01b0cf,Lope de Vega,000a012919,北原大史,吉田ファーム,160.0,2015.0,2016.0,2007.0
2021100416,タッカーライジング,牝,古賀慎明,,シルバーステート,2013105903,アサヒライジング,2003102338,ロイヤルタッチ,1993101237,小松崎孝,前田ファーム,160.0,2013.0,2003.0,1993.0
2021101855,クリノジーニアス,牡,伊藤強一,,ダノンシャーク,2008105554,クリノチョモラーリ,2010106460,スパイキュール,2000101557,（同）ＪＰＮ技研,日西牧場,159.3,2008.0,2010.0,2000.0
2021104171,フェリマール,牝,松島壽,,キンシャサノキセキ,2003110212,ラローデ,2014110086,Shackleford,000a012d4d,小橋亮太,千代田牧場,159.2,2003.0,2014.0,2008.0
2021101726,タク,牡,佐藤雅彦,,デクラレーションオブウォー,000a0136f6,クラークスデール,2016104395,ヴィクトワールピサ,2007102923,瀬谷隆雄,チャンピオンズファーム,159.1,2009.0,2016.0,2007.0
2021107022,セルリアンゲーゲン,牡,今津博之,,イスラボニータ,2011103565,フレイムコード,2009105355,タヤスツヨシ,1992109612,（有）イクタ,ムラカミファーム,159.0,2011.0,2009.0,1992.0
2021104812,イエローダイヤ,牝,藪口一麻,,スノードラゴン,2008104268,アースリーチャンス,2016103336,ネオユニヴァース,2000101426,浦野和由,桑原牧場桑原康裕,158.3,2008.0,2016.0,2000.0
2021104209,ニホンピロデルマー,牝,今津博之,,ブラックタイド,2001103312,ニホンピロチャンス,2010102749,メイショウボーラー,2001100650,小林英一,友田牧場,158.3,2001.0,2010.0,2001.0
2021107246,クレナイノヒメ,牝,工藤裕孝,,マスクゾロ,2011110069,ネブローザ,2016104534,ゴールドアリュール,1999106689,柳瀬祐太,奥山牧場,158.2,2011.0,2016.0,1999.0
2021109102,テルケンユミカブト,牝,澤佳宏,,アニマルキングダム,000a011dad,フェアブルーム,2009102479,ディープインパクト,2002100816,桑田照夫,下河辺トレーニングセンター,158.0,2008.0,2009.0,2002.0
2021104476,ツムグ,牡,平山宏秀,,ベストウォーリア,2010110127,フィールザライト,2008102486,ファンタスティックライト,1996190005,谷口凜人,へいはた牧場,158.0,2010.0,2008.0,1996.0
2021102940,ポンドレイディ,牝,宮本仁,,カレンブラックヒル,2009106230,ディーズパヒューム,2015105620,スズカマンボ,2001103890,シグラップ・マネジメ,大道牧場,158.0,2009.0,2015.0,2001.0
2021107232,ポーラスター,牡,荒巻透,,フリオーソ,2004106867,ショコラミーティア,2017105547,マジェスティックウォリアー,000a011e9c,インターフェース（,新井弘幸,157.8,2004.0,2017.0,2005.0
2021106275,ドレッドステータス,牝,田嶋弘幸,,ワンアンドオンリー,2011105072,スパニッシュソウル,2003106607,フジキセキ,1992109618,小橋亮太,シンカンファーム,157.6,2011.0,2003.0,1992.0
2021100204,ドナティアナ,牝,今津博之,,ロードカナロア,2008103552,エリモエポナ,2007101058,ゼンノロブロイ,2000101517,小川眞査雄,下屋敷牧場,157.5,2008.0,2007.0,2000.0
2021104082,ブラボーキリシマ,牝,池田敦,,タニノギムレット,1999100226,フルブロッサム,2014102227,ストリートセンス,000a0113a2,西村新一郎,田原橋本牧場,157.4,1999.0,2014.0,2004.0
2021104586,コスモモアナ,牡,東美義,,アルアイン,2014106046,モアナブリーズ,2013104908,キングカメハメハ,2001103460,（同）ＪＰＮ技研,矢野牧場,157.1,2014.0,2013.0,2001.0
2021103057,アーベントイアー,牡,加藤和宏,,ロゴタイプ,2010103783,ララベスラーナ,2014102249,デュランダル,1999106756,（株）ファーストビジ,ディアレストクラブ,157.1,2010.0,2014.0,1999.0
2021107332,テイエムスマック,牝,平山宏秀,,タリスマニック,000a013425,アッチッチ,2001106138,アフリート,000a000013,竹園正繼,高野牧場,156.8,2013.0,2001.0,1984.0
2021100872,ストームペガサス,牡,平山真希,,アジアエクスプレス,2011110091,メイショウアンデス,2006102155,ダンスインザダーク,1993109188,勝山陽介,中神牧場,156.7,2011.0,2006.0,1993.0
2021101173,ポケットマネー,牡,川西毅,,エピファネイア,2010104155,マネーペニー,000a0117a7,Monarchos,000a010b7e,保坂和孝,オリオンファーム,156.4,2010.0,2003.0,1998.0
2021106116,リケアジョーヌ,牝,八木正喜,,ヴァンセンヌ,2009106525,エレメンタリー,2011103950,ダイワメジャー,2001103114,北原大史,柏木一則,156.0,2009.0,2011.0,2001.0
2021103382,スーパーナニー,牝,倉兼育康,,スピルバーグ,2009105961,ハリウッドナニー,2006100698,キングカメハメハ,2001103460,ウエスト．フォレスト．ステイブル,山春牧場,156.0,2009.0,2006.0,2001.0
2021100209,ニシノマツリ,牡,宇都英樹,,キタサンブラック,2012102013,ディアマンティナ,000a011237,Seeking the Gold,000a001bea,西山茂行,下屋敷牧場,156.0,2012.0,2003.0,1985.0
2021103406,カミンスキ,牡,藤原智行,,ジョーカプチーノ,2006100529,ロッツオブラブ,2013101897,ステイゴールド,1994108729,江川伸夫,アフリートファーム,155.6,2006.0,2013.0,1994.0
2021103053,ミラルージュ,牝,柳井宏之,,ゴールドシップ,2009102739,フェアラフィネ,2012101890,デュランダル,1999106756,北原大史,ディアレストクラブ,155.2,2009.0,2012.0,1999.0
2021101872,アストーレティアラ,牝,沖田明子,,アポロケンタッキー,2012110098,イチノティアラ,2012101744,ブラックタイド,2001103312,山梨純一,ノースガーデン,155.1,2012.0,2012.0,2001.0
2021106000,キチロクサクラ,牝,後藤佑耶,,タリスマニック,000a013425,エメラルドクイーン,2013104095,トワイニング,000a000006,山本正美,アサヒ牧場,155.0,2013.0,2013.0,1991.0
2021105870,ブリッジワン,牝,武英智,,レイデオロ,2014106201,ルナレガーロ,2010104077,アドマイヤムーン,2003102991,コスモ・コスモ,ノーザンファーム,155.0,2014.0,2010.0,2003.0
2021105733,クランプダンス,牝,宮田敬介,,ドゥラメンテ,2012104511,フロアクラフト,2010104347,フジキセキ,1992109618,キャロットファーム,ノーザンファーム,155.0,2012.0,2010.0,1992.0
2021105029,ロジゴールデン,牡,国枝栄,,Golden Horn,000a012adf,コム,000a014964,Le Havre,000a01198f,久米田正明,社台ファーム,155.0,2012.0,2016.0,2006.0
2021100568,ロックオブソシジ,牡,佐藤雅彦,,ホッコータルマエ,2009100921,ロックオブサリサ,2005110143,ロックオブジブラルタル,000a00fd4c,石橋和夫,秋場牧場,155.0,2009.0,2005.0,1999.0
2021104757,アナザーゴースト,牡,井手上慎,,オルフェーヴル,2008102636,サザンフェアリー,2001110018,サザンヘイロー,000a00031e,山口謙太郎,追分ファーム,154.9,2008.0,2001.0,1983.0
2021102448,アノヒノアヤマチ,牝,坂口義幸,,ゴールドアクター,2011105266,リャクダツアイ,2012101642,チチカステナンゴ,000a011135,内田玄祥,びらとり牧場,154.8,2011.0,2012.0,1998.0
2021102849,ディザーブラン,牝,櫻田浩樹,,シュヴァルグラン,2012104759,エミーズレシピ,2013103502,エンパイアメーカー,000a010542,高山義朋,高村牧場,154.6,2012.0,2013.0,2000.0
2021106214,プラティア,牝,柳井宏之,,サトノクラウン,2012104668,コスモプラチナ,2003105723,ステイゴールド,1994108729,北原大史,コスモヴューファーム,154.4,2012.0,2003.0,1994.0
2021107283,ノースショア,牝,渡辺博文,,ケイムホーム,000a0108d1,マイメン,2015101899,アッミラーレ,1997100569,原大栄,ファーミングヤナキタ,154.3,1999.0,2015.0,1997.0
2021101593,リュウノジェッダ,牡,野口孝,,ジョーカプチーノ,2006100529,キセキノデアイ,2013106161,キンシャサノキセキ,2003110212,蓑島竜一,滝本健二,154.3,2006.0,2013.0,2003.0
2021100667,ソタロー,牡,伊藤和忍,,インカンテーション,2010104916,ゴールデンワトル,2012104734,スニッツェル,000a010eaa,井上達也,櫛桁牧場,154.3,2010.0,2012.0,2002.0
2021100658,エイシンモトゥール,牡,原口次夫,,スクリーンヒーロー,2004103328,エイシンタルトゥ,2012110017,Henrythenavigator,000a0116fd,ＪＰＮ技研,上山牧場,154.3,2004.0,2012.0,2005.0
2021104102,レンジャーズハウス,牡,雑賀正光,,リアルインパクト,2008103244,グラミスキャッスル,2013104449,クロフネ,1998110135,飯田正剛,千代田牧場,154.0,2008.0,2013.0,1998.0
2021103630,マサミセラス,牝,塚田隆男,,エピカリス,2014103121,ミスライト,2012100278,ハービンジャー,000a011996,松本光弘,小倉光博,154.0,2014.0,2012.0,2006.0
2021103305,ルチアラテール,牡,玉井等,,カリフォルニアクローム,000a012602,タキオンレディー,2012105607,クロフネ,1998110135,角谷守正,宮内牧場,154.0,2011.0,2012.0,1998.0
2021104386,キガタレイ,牝,池田忠好,,アメリカンペイトリオット,000a013bba,ランリーナ,2015102676,エイシンフラッシュ,2007102951,（株）玄柑舎,藤沢牧場,153.8,2013.0,2015.0,2007.0
2021104484,ブラックリバー,牝,西川進也,,バゴ,2001190004,トモノヘイヘイ,2016104902,ハーツクライ,2001103038,共田義夫,北洋牧場,153.0,2001.0,2016.0,2001.0
2021102404,マチェドニア,牝,藤田正治,,リオンディーズ,2013105915,オーラレガーレ,2008102816,マンハッタンカフェ,1998101554,岡田祐一,坂東牧場,153.0,2013.0,2008.0,1998.0
2021101796,ディーバード,牝,山崎裕也,,ヴィクトワールピサ,2007102923,ギオンゴールド,2006105769,ゴールドヘイロー,1997101264,谷口祐次,道見牧場,153.0,2007.0,2006.0,1997.0
2021101016,ダノンホダカ,牡,森澤友貴,,ダノンレジェンド,2010110102,ダノンチャコ,2010110103,エンパイアメーカー,000a010542,（株）ダノックス,吉田ファーム,153.0,2010.0,2010.0,2000.0
2021101254,クラウンフラッシュ,牡,東眞市,,ケイムホーム,000a0108d1,クラウンムーン,2013101341,アドマイヤムーン,2003102991,サンエツ企画（有）,クラウン日高牧場,152.8,1999.0,2013.0,2003.0
2021100040,トピアリーガーデン,牝,櫻田浩樹,,エスポワールシチー,2005102837,トピアリー,2003101100,タバスコキャット,000a000348,松尾正,沖田忠幸,152.8,2005.0,2003.0,1991.0
2021100952,オリフラム,牡,井樋明正,,ワールドエース,2009106353,レンヌルシャトー,2008103065,アグネスタキオン,1998101516,（同）ＪＰＮ技研,フクオカファーム,152.6,2009.0,2008.0,1998.0
2021106966,マジックライン,牡,佐藤英明,,レッドファルクス,2011104416,ハルノアシオト,2013102020,エンパイアメーカー,000a010542,柳橋俊昭,三村卓也,152.4,2011.0,2013.0,2000.0
2021103576,ヨッシーステージ,牡,茂崎正善,,カリフォルニアクローム,000a012602,アルズギャル,000a0135d5,English Channel,000a011c20,組）オールザベスト組,岡田牧場,152.3,2011.0,2011.0,2002.0
2021107035,キタノベルモント,牡,畠山信一,,パドトロワ,2007102760,ベルモントパティ,2000105245,ブライアンズタイム,000a000082,北所拓也,村上牧場,152.1,2007.0,2000.0,1985.0
2021104193,ウッドバイン,牝,武井和実,,ロジャーバローズ,2016106065,スマートグレイス,2012103286,ヤマニンセラフィム,1999104188,北原大史,飛野牧場,152.0,2016.0,2012.0,1999.0
2021103946,レガコ,牝,矢野義幸,,レガルスイ,2011102059,ハンナローズ,2000110221,Mr. Greeley,000a00213e,山田裕二,静内山田牧場,152.0,2011.0,2000.0,1992.0
2021103601,ブロードファイラム,牝,佐々木功,,アニマルキングダム,000a011dad,ブロードピーク,2008103303,ディープインパクト,2002100816,今中俊平,岡田牧場,152.0,2008.0,2008.0,2002.0
2021102120,ギャラントエルフ,セ,関本浩司,,ディーマジェスティ,2013104704,スウィートラブミー,2014102529,キングズベスト,000a0022d2,岩渕瑞生,槇本牧場,152.0,2013.0,2014.0,1997.0
2021109036,ドスコ,牝,佐久間雅,,ウインバリアシオン,2008103206,バーニングラブ,2004104331,スキャターザゴールド,000a000d99,大田恭充,清水貞信,151.8,2008.0,2004.0,1997.0
2021106001,カインドオブユー,牡,後藤正義,,バゴ,2001190004,カインドオブブルー,2006103233,クロフネ,1998110135,伊藤弘泰,アサヒ牧場,151.8,2001.0,2006.0,1998.0
2021104067,サクラキングリー,セ,佐々木国,,レイデオロ,2014106201,サクラフルーレ,2011102165,マンハッタンカフェ,1998101554,さくらコマース,谷岡牧場,151.8,2014.0,2011.0,1998.0
2021102959,シレンツィオ,牡,櫻田康二,,ロードカナロア,2008103552,アスティル,2014106075,ステイゴールド,1994108729,ＫＡＪＩＭＯＴＯホールディングス,辻牧場,151.6,2008.0,2014.0,1994.0
2021104292,マスターロックマン,牡,森山広大,,ベストウォーリア,2010110127,セイユウスマイル,2010103168,ルールオブロー,000a010d7d,松谷翔太,畠山牧場,151.5,2010.0,2010.0,2001.0
2021101907,ダイユウグラフ,牝,井樋一也,,シルバーステート,2013105903,ノアウイニング,2006100598,クリプティックラスカル,000a000da1,栗嶋豊明,春木ファーム,151.5,2013.0,2006.0,1995.0
2021103771,センタービット,牡,高橋俊之,,カリフォルニアクローム,000a012602,ベルシルエット,2012104145,ディープインパクト,2002100816,（株）Ｔ．Ｕ．Ｋ．,今牧場,151.1,2011.0,2012.0,2002.0
2021101608,イルミリオーネ,牡,八木正喜,,ヴィクトワールピサ,2007102923,トーホウリッチ,2006105644,マイネルラヴ,1995108558,北原大史,竹島幸治,151.1,2007.0,2006.0,1995.0
2021102610,エイシンポンメノコ,牝,笹野博司,,ホッコータルマエ,2009100921,エーシンサルサ,2010101446,サウスヴィグラス,1996110138,平井克彦,栄進牧場,151.0,2009.0,2010.0,1996.0
2021102370,フミタツビッグワン,牡,岡田利一,,サトノアレス,2014105493,シャンパンカクテル,2015101349,ワークフォース,000a011a7f,大黒富美子,中川隆,151.0,2014.0,2015.0,2007.0
2021107344,デザインコード,牡,國澤利照,,モンテロッソ,000a011b05,コリャコリャ,2011106574,ゼンノロブロイ,2000101517,小橋亮太,木村牧場,150.9,2007.0,2011.0,2000.0
2021106253,セキセイ,牡,南弘樹,,キズナ,2010105827,ビルズトレジャー,2014102900,ダノンシャンティ,2007105709,島井新一郎,佐藤牧場,150.5,2010.0,2014.0,2007.0
2021101452,デュバルストリート,牡,佐藤祐司,,マジェスティックウォリアー,000a011e9c,ルアーズストリート,2007105554,キングカメハメハ,2001103460,下河辺牧場,下河辺牧場,150.5,2005.0,2007.0,2001.0
2021101131,チャウチャウチャウ,牝,西村守幸,,ディープブリランテ,2009105084,グレイスファミリー,2006103404,タニノギムレット,1999100226,三宅勝俊,大江牧場,150.5,2009.0,2006.0,1999.0
2021106459,シバノテンテン,牝,藤田正治,,エイシンヒカリ,2011101273,シバノテンショウ,2016105361,アイルハヴアナザー,000a011ed3,ギリビシュヌ,トモファーム,150.3,2011.0,2016.0,2009.0
2021101871,カームゲイズ,牝,黒木豊,,ホークビル,000a01327c,プレシャスエルフ,2006100290,コロナドズクエスト,000a0000b5,関昭一,日西牧場,150.3,2013.0,2006.0,1995.0
2021102052,ペシュブロンシュ,牡,北野真弘,,ゴールドシップ,2009102739,ナイキトリック,2008102693,サクラバクシンオー,1989108341,ウエスト．フォレスト．ステイブル,宝寄山拓樹,150.2,2009.0,2008.0,1989.0
2021105273,スパイキーボウ,牡,安部幸夫,,ストロングリターン,2006102934,リボンアート,2001103115,サンデーサイレンス,000a00033a,豊田博司,社台ファーム,150.1,2006.0,2001.0,1986.0
2021105783,マコトヴィエルジ,牝,大竹正博,,レッドファルクス,2011104416,マコトクラダリング,2013106086,シンボリクリスエス,1999110099,ディアマント,ノーザンファーム,150.0,2011.0,2013.0,1999.0
2021103176,タイキエルキーオ,牡,徳本慶一,,エピカリス,2014103121,ピアレジーナ,2016102117,タイキシャトル,1994109686,組）オールザベスト組,ビクトリーホースランチ,150.0,2014.0,2016.0,1994.0
2021102737,シシノアイデアル,牝,国沢輝幸,,マジェスティックウォリアー,000a011e9c,ラジョコンダ,2011104099,フジキセキ,1992109618,組）志士十二組合,杵臼牧場,150.0,2005.0,2011.0,1992.0
2021102530,ジョーヌカレラ,牝,那俄性哲,,マクフィ,000a011c77,ジオパークミューズ,2015102779,キングズベスト,000a0022d2,ウエスト．フォレスト．ステイブル,高村伸一,150.0,2007.0,2015.0,1997.0
2021102369,マイラッキーデイ,牡,森田直行,,レインボーライン,2013106183,ブループレリュード,2012104305,ゴールドアリュール,1999106689,三田昌宏,高橋啓,150.0,2013.0,2012.0,1999.0
2021101115,ユウトザフェイス,牡,山田徹,,ジャスタウェイ,2009106461,ジョウノアドバンス,2012101292,ファルブラヴ,1998190004,中川雄斗,ヴェルサイユファーム,150.0,2009.0,2012.0,1998.0
2021107366,ジャスパーサン,セ,佐久間雅,,ドゥラメンテ,2012104511,ジャスパーマリン,2016100659,スズカフェニックス,2002107011,加藤和夫,坂本智広,149.5,2012.0,2016.0,2002.0
2021100378,マヒナルーサー,牡,朝倉実,,ビッグアーサー,2011103328,ビッグザム,000a0120fc,Zamindar,000a011b6e,楠元貴司,堀川洋之,149.5,2011.0,2005.0,1994.0
2021107095,モリデンジュウドー,牡,野田忍,,トゥザワールド,2011103975,モリデンヴィーナス,2009105364,ジェニュイン,1992109450,野田秀人,森田芳男,149.3,2011.0,2009.0,1992.0
2021103653,サンマルキングダム,牡,瀬戸口悟,,アニマルキングダム,000a011dad,ジーントウショウ,2004104739,デザートキング,000a0000e7,鈴木道隆,片岡博,149.3,2008.0,2004.0,1994.0
2021101883,クリウエーブ,牡,吉田正美,,アジアエクスプレス,2011110091,ピュアリーソリッド,2012110067,Bluegrass Cat,000a01173d,栗原清子,ノースガーデン,149.0,2011.0,2012.0,2003.0
2021103522,キナリ,牝,村田六郎,,ダンカーク,000a012185,ハナズリベンジ,2011104628,ハーツクライ,2001103038,（有）総武開発,岡田スタッド,148.8,2006.0,2011.0,2001.0
2021100862,サンヨウチェルシー,牝,田嶋弘幸,,チェリークラウン,2004102428,チェリーマドンナ,2016100448,ブラックタイド,2001103312,上野孝展,富塚ファーム,148.6,2004.0,2016.0,2001.0
2021102488,ミュークスティーヴ,牡,高馬元紘,,トゥザワールド,2011103975,ディスグラース,2013105749,ワークフォース,000a011a7f,庄司修二,能登浩,148.5,2011.0,2013.0,2007.0
2021106056,ロイロ,牡,栗田裕光,,ロゴタイプ,2010103783,チャメ,2007104105,ホワイトマズル,1990109700,岩見昌弘,イワミ牧場,148.0,2010.0,2007.0,1990.0
2021104759,サーブルクーリエ,牡,倉地学,,オルフェーヴル,2008102636,サーブルクーリール,2013110093,Tale of the Cat,000a002276,森本研太,追分ファーム,148.0,2008.0,2013.0,1994.0
2021103162,スプレンフィーノ,牝,山田質,,エスポワールシチー,2005102837,メイショウキトリ,2004102205,マリエンバード,000a00fa36,コージーレーシング,日の出牧場,148.0,2005.0,2004.0,1997.0
2021101505,ブラックアルバム,牡,山田徹,,ベストウォーリア,2010110127,クリスマスローズ,2009103201,アグネスデジタル,1997110025,（有）新生ファーム,新生ファーム,148.0,2010.0,2009.0,1997.0
2021101370,ラブアーチャー,牡,佐々木仁,,シュヴァルグラン,2012104759,リアクションレート,2007103156,スウェプトオーヴァーボード,000a00fa34,内山一郎,シグラップファーム,148.0,2012.0,2007.0,1997.0
2021106442,トドイワハリアー,牝,鋤田誠二,,アドマイヤムーン,2003102991,ヨシノファルコン,2015102113,ビービーガルダン,2004106583,関忠信,トド岩高原銀河農場物語,147.9,2003.0,2015.0,2004.0
2021100289,マーチオブタイム,牡,及川良春,,ヘンリーバローズ,2015104813,クレバーユーミン,2008101326,キングカメハメハ,2001103460,谷謙介,鳥井牧場,147.8,2015.0,2008.0,2001.0
2021100431,コンバットユラナス,牝,石川浩文,,ディーマジェスティ,2013104704,ライラックラブ,2005102209,アグネスタキオン,1998101516,山根義信,前田ファーム,147.6,2013.0,2005.0,1998.0
2021104185,ゴゴ,牝,宇都英樹,,トビーズコーナー,000a011fed,ボーアンドベッグ,2008101325,ゴールドアリュール,1999106689,（株）石川産業,徳本幸雄,147.5,2008.0,2008.0,1999.0
2021100556,ジーティーオウカ,牝,藤田正治,,リオンディーズ,2013105915,エアマチュール,2011104178,ディープインパクト,2002100816,組）リノレーシング,秋場牧場,147.5,2013.0,2011.0,2002.0
2021105994,キタノラトゥール,牡,沖田明子,,ロゴタイプ,2010103783,レディルー,2012110012,Samum,000a011ccf,北所拓也,秋田牧場,147.3,2010.0,2012.0,1997.0
2021109116,レッツゴーヒカリ,牡,田辺陽一,,ワールドエース,2009106353,ボンニデー,2013100480,キングカメハメハ,2001103460,永見貴昭,ストームファームコーポレーション,147.0,2009.0,2013.0,2001.0
2021106524,オメガモーニング,牡,松浦聡志,,ブリックスアンドモルタル,000a014377,ファミーユボヌール,2014104314,マンハッタンカフェ,1998101554,原禮子レーシング（,長浜牧場,147.0,2014.0,2014.0,1998.0
2021102652,アンバーシュガー,牝,伊藤勝好,,アジアエクスプレス,2011110091,オリーブジュエル,2009105763,ディープインパクト,2002100816,（有）ホースケア,金石牧場,146.8,2011.0,2009.0,2002.0
2021101432,トモサカエ,牝,大竹正博,,アニマルキングダム,000a011dad,ブライダルブーケ,2005103132,ゴールドアリュール,1999106689,齊藤栄一,下河辺牧場,146.8,2008.0,2005.0,1999.0
2021102169,アグリオ,牝,三野宮通,,グランデッツァ,2009105989,アリーヤ,2010103848,キングカメハメハ,2001103460,山本芳樹,門別正,146.6,2009.0,2010.0,2001.0
2021105657,ヴェルディール,牡,山田信大,,キタサンブラック,2012102013,ティールグリーン,2013110123,Scat Daddy,000a0114fe,西村健,ノーザンファーム,146.5,2012.0,2013.0,2004.0
2021106799,エムズマン,牡,土井道隆,,ダノンバラード,2008103548,ドリームローズ,2005102626,サクラバクシンオー,1989108341,江頭佳宏,ビッグレッドファーム,146.3,2008.0,2005.0,1989.0
2021103654,フミソニック,牝,櫻井今朝,,サトノクラウン,2012104668,ラフォリア,2014106098,マンハッタンカフェ,1998101554,酒井孝敏,片岡博,146.3,2012.0,2014.0,1998.0
2021101471,サンダーペコ,牝,加藤幸保,,サンダースノー,000a013a06,アイリッシュペコ,2011110060,Sea The Stars,000a011c78,石川秀守,白井牧場,146.0,2014.0,2011.0,2006.0
2021103359,ドリーミーガール,牝,佐藤祐司,,ドリームバレンチノ,2007104877,ビバジャンティ,2014102021,クロフネ,1998110135,後藤順男,モトスファーム,145.9,2007.0,2014.0,1998.0
2021103611,ピースポート,牡,金田一昌,,カリフォルニアクローム,000a012602,ヤマカツマリリン,2004104162,グラスワンダー,1995108676,安川幸彦,岡田牧場,145.8,2011.0,2004.0,1995.0
2021102124,ライヴヨーゼフ,牡,酒井仁,,ダンカーク,000a012185,ベリーベリータイム,2011100924,ブライアンズタイム,000a000082,澤田孝之,槇本牧場,145.8,2006.0,2011.0,1985.0
2021107069,ダイアヴィック,牡,伊藤強一,,エスポワールシチー,2005102837,ジュエリーストーム,2013100642,ストーミングホーム,1998190003,（同）ＪＰＮ技研,メイタイファーム,145.7,2005.0,2013.0,1998.0
2021106850,チャンピオンエース,牝,千葉幸喜,,ワールドエース,2009106353,ポーラーシェーン,2010102326,Rock Hard Ten,000a010612,岩城光一,プログレスファーム,145.6,2009.0,2010.0,2001.0
2021103816,ワンモアチャンス,牝,菅原欣也,,ドゥラメンテ,2012104511,ワンモアドリーム,2015105934,ハービンジャー,000a011996,栗嶋豊明,坂本智広,145.5,2012.0,2015.0,2006.0
2021100245,ギャップウェッジ,牡,西川進也,,ミュゼスルタン,2012104118,ハンナ,2013106149,ディープインパクト,2002100816,山口美樹,タツヤファーム,145.2,2012.0,2013.0,2002.0
2021103021,エクルベージュ,牝,武藤敏明,,バゴ,2001190004,リアンノン,2014102174,ステイゴールド,1994108729,浅野真由美,辻牧場,144.8,2001.0,2014.0,1994.0
2021102758,ティーズハンター,牡,新田守,,シュヴァルグラン,2012104759,イエロースター,2013100781,サウスヴィグラス,1996110138,谷謙介,グランデファーム,144.8,2012.0,2013.0,1996.0
2021100364,プルガトリオ,牡,今津勝之,,バトルプラン,000a0118e8,セイクリッドフレイム,000a011528,Rahy,000a001c5e,小出水正男,平野牧場,144.6,2005.0,2005.0,1985.0
2021100977,ソルベック,牝,井樋一也,,レイデオロ,2014106201,ウィズザフロウ,2009106316,アグネスタキオン,1998101516,石澤純平,三好牧場,144.2,2014.0,2009.0,1998.0
2021106667,サノノブレイダー,牡,山元博徳,,ディスクリートキャット,000a0113a1,ファニーゴールド,2002102304,エリシオ,1993190001,ファーストビジョン,ハクツ牧場,144.0,2003.0,2002.0,1993.0
2021102145,シェアーズソウル,牝,角川秀樹,,エピカリス,2014103121,シェアースマイル,2009101469,プリサイスエンド,000a00fe9b,小林秀樹,目黒牧場,143.9,2014.0,2009.0,1997.0
2021106220,ナイトプラネット,牝,井樋一也,,ダノンシャンティ,2007105709,タイプムーン,2015100246,アイルハヴアナザー,000a011ed3,田淵広樹,コスモヴューファーム,143.8,2007.0,2015.0,2009.0
2021106419,ココボロ,牝,松山将樹,,ビッグアーサー,2011103328,シルクヴァルキリー,2003100566,マーベラスサンデー,1992103687,阿部善武,対馬正,143.6,2011.0,2003.0,1992.0
2021102778,サウンドチアフル,牡,東眞市,,バゴ,2001190004,マスターコーク,2006102307,フレンチデピュティ,000a00013a,増田雄一,斉藤英牧場,143.2,2001.0,2006.0,1992.0
2021102148,カイトワザアリ,牡,尾原強,,ベーカバド,000a011dc0,ジーピークロス,2009105491,アグネスタキオン,1998101516,（同）ＪＰＮ技研,目黒牧場,143.2,2007.0,2009.0,1998.0
2021103594,タマモオペラ,牝,櫻田浩樹,,シニスターミニスター,000a011099,タマモコーラス,2014104589,サウスヴィグラス,1996110138,鈴木智明,岡田牧場,143.1,2003.0,2014.0,1996.0
2021100987,タニオブカンナ,牝,川添明弘,,ベストウォーリア,2010110127,タニオブフェーブル,2015103821,オルフェーヴル,2008102636,谷正之,村下明博,143.1,2010.0,2015.0,2008.0
2021104250,ギンガドロップ,牡,飯田弘道,,トビーズコーナー,000a011fed,マリナーズコンパス,2010103886,ディープインパクト,2002100816,川村初美,西村牧場,143.0,2008.0,2010.0,2002.0
2021102478,ゴールデンヒスイ,牝,岩本洋,,ダノンレジェンド,2010110102,ブリトン,2002104080,サクラローレル,1991103498,日本スタンダード（株,熊沢牧場,143.0,2010.0,2002.0,1991.0
2021105624,モンテレオン,牡,井手上慎,,スワーヴリチャード,2014106083,セレスタ,000a012e7c,Jump Start,000a010b86,横田一男,ノーザンファーム,142.8,2014.0,2012.0,1999.0
2021109071,カミノケンシン,牡,村上実,,アルアイン,2014106046,スズカワキア,2006106237,キングカメハメハ,2001103460,佐々木寛明,ワールドファーム,142.5,2014.0,2006.0,2001.0
2021103931,リルスター,牝,市村誠,,ストゥディウム,2012106362,シーキングザスター,2009104901,シーキングザダイヤ,2001110220,（株）高野産業,静内山田牧場,142.5,2012.0,2009.0,2001.0
2021106513,ユウユウアモル,牝,八木仁,,スマートファルコン,2005100097,サクラフォルトゥナ,2005100051,サウスヴィグラス,1996110138,北原大史,長浜秀昭,142.0,2005.0,2005.0,1996.0
2021101993,アキノヨナガニ,牝,佐々木功,,オンファイア,2003102809,デルマベリーニ,2015101901,タートルボウル,000a012045,酒井孝敏,ファニーヒルファーム,142.0,2003.0,2015.0,2002.0
2021100149,ライトスタッフ,牝,田中淳司,,Twilight Son,000a01b4f6,スワンリヴァー,000a01b842,Australia,000a012499,中村智幸,ケイアイファーム,142.0,2012.0,2017.0,2011.0
2021104472,ケラムール,牝,東美義,,アメリカンペイトリオット,000a013bba,ディアデム,2012104326,シンボリクリスエス,1999110099,（同）ＪＰＮ技研,へいはた牧場,141.7,2013.0,2012.0,1999.0
2021107228,ハンガンノキセキ,牡,佐宗応和,,アメリカンペイトリオット,000a013bba,エールミニョン,2014101994,ネオユニヴァース,2000101426,清川孝徳,メイタイファーム,141.5,2013.0,2014.0,2000.0
2021106861,ビッグプレー,牡,山田徹,,キタサンミカヅキ,2010100960,グローリアスダイナ,2015102349,アドマイヤムーン,2003102991,小菅誠,ホース・マネジメント・ボス,141.5,2010.0,2015.0,2003.0
2021104969,プレシュラージュ,牝,田中剛,,ロゴタイプ,2010103783,ヴェルメンティーノ,2011104330,ダイワメジャー,2001103114,社台レースホース,社台ファーム,141.0,2010.0,2011.0,2001.0
2021104129,ヴィル,牡,宮路洋一,,ベストウォーリア,2010110127,チャンスウィルカム,2016106000,ダンカーク,000a012185,上岡和男,千代田牧場,141.0,2010.0,2016.0,2006.0
2021102077,クレスコウェイ,牡,玉垣光章,,ジャスタウェイ,2009106461,キトゥンブルー,2008102643,ダンスインザダーク,1993109188,堀川三郎,本間牧場,141.0,2009.0,2008.0,1993.0
2021100142,ミリオンタイムズ,牝,打越勇児,,ロードカナロア,2008103552,Catch A Glimpse,000a0135d6,City Zip,000a0127e6,中村智幸,ケイアイファーム,141.0,2008.0,2013.0,1998.0
2021102956,ルリシャンティ,牝,田嶋弘幸,,メイショウボーラー,2001100650,ベイルリ,2006102116,スペシャルウィーク,1995103211,西浦和男,地興牧場,140.8,2001.0,2006.0,1995.0
2021109091,シスコスター,牝,倉地学,,モーリス,2011100655,フリスコベイ,2009110062,ハードスパン,000a0116a1,梅ケ枝容晃,恵比寿興業株式会社那須野牧場,140.3,2011.0,2009.0,2004.0
2021106098,ディーノショウミョ,牝,井手上慎,,エピカリス,2014103121,プリティクイーン,2013102052,サウスヴィグラス,1996110138,冨田清誠,大林ファーム,140.2,2014.0,2013.0,1996.0
2021110094,キツネノヨメイリ,牝,上原佑紀,,Justify,000a013f2d,Aloof,000a01d29a,Galileo,000a00232b,前田幸貴,Whisper Hill Farm LLC,140.0,2015.0,2009.0,1998.0
2021110047,ホットハートビート,牡,友道康夫,,Camelot,000a011ed2,Musharakaat,000a01cd74,Iffraaj,000a0111d1,キーファーズ,RJB Bloodstock,140.0,2009.0,2008.0,2001.0
2021106975,ゼンノジーニー,牡,飯田祐史,,サトノアラジン,2011104063,ヴァッサーマン,2016100839,ノヴェリスト,000a012230,大迫基弘,村上欽哉,140.0,2011.0,2016.0,2009.0
2021106907,キョウエイアンバー,牝,阪本一栄,,ベストウォーリア,2010110127,セーヌパリジャンヌ,2008106754,ゴールドアリュール,1999106689,田中晴夫,前川隆範,140.0,2010.0,2008.0,1999.0
2021106864,メイプルミッチャン,牝,渡邊貴光,,アポロケンタッキー,2012110098,ケンジントン,2010100672,アグネスタキオン,1998101516,節英司,ホース・マネジメント・ボス,140.0,2012.0,2010.0,1998.0
2021106657,セーラス,牝,河嶋宏樹,,キズナ,2010105827,レリカリオ,2015110009,Malibu Moon,000a010c8e,ノースヒルズ,ノースヒルズ,140.0,2010.0,2015.0,1997.0
2021106502,レディシャーロット,牝,吉井竜一,,フリオーソ,2004106867,ヘーラー,2011103260,サウスヴィグラス,1996110138,須原秀晴,中本牧場,140.0,2004.0,2011.0,1996.0
2021105844,ヒシグランディヴァ,牝,友道康夫,,シュヴァルグラン,2012104759,ラリズ,000a011abb,Bernstein,000a010bae,阿部雅英,ノーザンファーム,140.0,2012.0,2004.0,1997.0
2021105835,ミッキーアプローズ,牝,国枝栄,,エピファネイア,2010104155,ラシンティランテ,2009106061,アグネスタキオン,1998101516,野田みづき,ノーザンファーム,140.0,2010.0,2009.0,1998.0
2021105307,レッドアスール,牡,松下武士,,ハービンジャー,000a011996,インディゴブルー,2016104602,ロードカナロア,2008103552,東京ホースレーシング,社台牧場,140.0,2006.0,2016.0,2008.0
2021105025,ウィッシングスター,牝,松下武士,,キズナ,2010105827,ケンホープ,000a012e7d,Kendargent,000a0126fd,社台レースホース,社台ファーム,140.0,2010.0,2010.0,2003.0
2021104372,キョウエイスピール,牝,山崎尋美,,ロゴタイプ,2010103783,キョウエイトリガー,2007109196,イーグルカフェ,1997110118,田中晴夫,藤沢牧場,140.0,2010.0,2007.0,1997.0
2021103253,パラソル,牝,杉山晴紀,,サトノダイヤモンド,2013106101,ベットーレ,000a0139a1,Blu Air Force,000a01289c,石川達絵,三嶋牧場,140.0,2013.0,2009.0,1997.0
2021101948,ヴィラコースト,牡,牧田和弥,,リオンディーズ,2013105915,オースミアース,2012101832,ハービンジャー,000a011996,ディアレストクラブ,広富牧場,140.0,2013.0,2012.0,2006.0
2021101325,スターオブフェイム,牝,廣森久雄,,アレスバローズ,2012102017,スターオブロゼッタ,2015102386,ロードカナロア,2008103552,光安了,佐々木牧場,140.0,2012.0,2015.0,2008.0
2021100689,スマートストラグル,牡,四位洋文,,シルバーステート,2013105903,マロトウショウ,2005100686,ワイルドラッシュ,000a0003a1,大川徹,桑田牧場,140.0,2013.0,2005.0,1994.0
2021100097,ジーティーウルス,牡,森田直行,,エピファネイア,2010104155,マーゼリン,000a011a9c,Barathea,000a000054,田畑利彦,木田牧場,140.0,2010.0,2004.0,1990.0
2021106828,ペーシュメルバ,牝,玉井昇,,ゴールドシップ,2009102739,マンバラ,000a010eb2,Linamix,000a001e23,横田一男,ビッグレッドファーム,139.8,2009.0,2003.0,1987.0
2021102055,グランバイオレット,牝,三小田幸,,マクフィ,000a011c77,サノノティアラ,2016103629,クロフネ,1998110135,北原大史,豊洋牧場,139.8,2007.0,2016.0,1998.0
2021106934,ラヴィアンブーケ,牝,坂口義幸,,アジアエクスプレス,2011110091,ランデブー,2008105025,ネオユニヴァース,2000101426,貝本隆三,松浦牧場,139.6,2011.0,2008.0,2000.0
2021103634,ムーンスペシャル,牡,土井道隆,,ベストウォーリア,2010110127,スティールシャーク,2005102260,シンボリクリスエス,1999110099,木稲安則,織田正敏,139.6,2010.0,2005.0,1999.0
2021102425,モランゴ,牝,大橋敬永,,ロードカナロア,2008103552,ピスカデーラ,2014106047,ブラックタイド,2001103312,増田兼良,坂東牧場,139.6,2008.0,2014.0,2001.0
2021100964,スターガール,牝,真島元徳,,アニマルキングダム,000a011dad,ノーブルダイヤ,2014104016,アドマイヤマックス,1999107004,中山弘志,藤春修二,139.4,2008.0,2014.0,1999.0
2021100278,ベイサルシュート,牝,尾原強,,ベルシャザール,2008103004,ムーンレイク,2012102405,アドマイヤムーン,2003102991,宮崎成幸,土田農場,139.0,2008.0,2012.0,2003.0
2021103364,カーチャ,牝,九日俊光,,スマートファルコン,2005100097,コスモメソッド,2014100673,ヴィクトワールピサ,2007102923,和田博美,山口義彦,138.2,2005.0,2014.0,2007.0
2021110046,ビカムキング,牡,新子雅司,,Kingman,000a0124ab,Bugle,000a01cd72,War Front,000a011d00,伊藤強,Premier Bloodstock,138.0,2011.0,2012.0,2002.0
2021107334,ドラッチェ,牝,櫻田康二,,マジェスティックウォリアー,000a011e9c,ウィルシャー,2007101643,ブライアンズタイム,000a000082,高橋誠,宝寄山拓樹,138.0,2005.0,2007.0,1985.0
2021106644,クラリオ,牝,吉村圭司,,エピファネイア,2010104155,ピンウィール,2009105012,キングカメハメハ,2001103460,ノースヒルズ,ノースヒルズ,138.0,2010.0,2009.0,2001.0
2021105512,パステルツェ,牝,清水久詞,,ルーラーシップ,2007103143,グレイシアブルー,2002100942,サンデーサイレンス,000a00033a,キャロットファーム,ノーザンファーム,138.0,2007.0,2002.0,1986.0
2021104683,マフティ,牝,森澤友貴,,マクフィ,000a011c77,レディトリス,2013105043,エンパイアメーカー,000a010542,今村明浩,上水牧場,138.0,2007.0,2013.0,2000.0
2021103980,カチドキ,牡,橋口慎介,,ミッキーグローリー,2013103999,ルナフェリーナ,000a012547,Storm Cat,000a001a98,岡浩二,タイヘイ牧場,138.0,2013.0,2005.0,1983.0
2021103638,トップボス,牡,石栗龍彦,,ノーザンリバー,2008103212,ブラックスワン,2011106541,アジュディケーティング,000a000d5d,谷脇智恵子,織田正敏,138.0,2008.0,2011.0,1987.0
2021103192,レゲエフレイバー,牡,繁田健一,,ブリーズフレイバー,2007101776,ココナフレイバー,2011101082,スウェプトオーヴァーボード,000a00fa34,尾田信夫,丸幸小林牧場,138.0,2007.0,2011.0,1997.0
2021102699,パレットキャット,牝,倉兼育康,,タリスマニック,000a013425,ヴァンドゥーズ,2014102221,アドマイヤムーン,2003102991,ウエスト．フォレスト．ステイブル,杵臼斉藤牧場,138.0,2013.0,2014.0,2003.0
2021101715,ハマサン,牡,小西一男,,ドゥラメンテ,2012104511,アンチャン,2013105370,ゼンノロブロイ,2000101517,天野克彦,チャンピオンズファーム,138.0,2012.0,2013.0,2000.0
2021101564,ペンタクン,牡,鈴木慎太,,リアルインパクト,2008103244,ペンタプリズム,2012104920,メイショウサムソン,2003102205,吉川朋宏,スマイルファーム,138.0,2008.0,2012.0,2003.0
2021100120,タツノカラー,牡,田辺陽一,,スズカコーズウェイ,2004104345,セドゥラマジー,2015105295,ダイワメジャー,2001103114,三河辰已,グローリーファーム,138.0,2004.0,2015.0,2001.0
2021102132,ハコダテノハナ,牝,中川竜馬,,ミッキーアイル,2011103916,シュンカジョウ,2016105021,ロードカナロア,2008103552,吉橋英隆,増尾牧場,137.6,2011.0,2016.0,2008.0
2021100327,ラビリンスクィーン,牝,栗田裕光,,ミッキーロケット,2013106099,エーシンケツァール,2010104643,ディープインパクト,2002100816,酒井孝敏,信田牧場,137.6,2013.0,2010.0,2002.0
2021102416,タイセイシューター,牡,田中淳司,,タイセイレジェンド,2007103199,タイセイレガシー,2014105986,マンハッタンカフェ,1998101554,田中成奉,坂東牧場,137.5,2007.0,2014.0,1998.0
2021100411,ウインクメイド,牝,戸部尚実,,カリフォルニアクローム,000a012602,オールプリュネル,2013105552,ステイゴールド,1994108729,Ｉレーシング（株）,前川勝春,136.8,2011.0,2013.0,1994.0
2021104215,ペイシャラブリー,牝,佐々木由,,ラブリーデイ,2010104298,ペイシャフローレス,2014104877,ヴィクトワールピサ,2007102923,北所拓也,友田牧場,136.7,2010.0,2014.0,2007.0
2021100354,ダスティー,牡,加藤和義,,パイロ,000a01176a,レディパッション,2011101441,ネオユニヴァース,2000101426,山村太三,ヒサイファーム,136.7,2005.0,2011.0,2000.0
2021101154,ピエナリオン,牝,大島静夫,,リオンディーズ,2013105915,ピエナフラッシュ,2015104613,エイシンフラッシュ,2007102951,萩原挙,沖田牧場,136.6,2013.0,2015.0,2007.0
2021101758,ブラックライズ,牡,東美義,,キタサンブラック,2012102013,モーニングリズ,000a014476,Acatenango,000a001f0b,坂本忠教,チャンピオンズファーム,136.5,2012.0,2004.0,1982.0
2021105063,シャドウクロス,牡,真島正徳,,トーセンラー,2008102985,シャンデリアスピン,2015104415,ノヴェリスト,000a012230,梅ケ枝容晃,社台ファーム,136.4,2008.0,2015.0,2009.0
2021105332,マイブリッジ,牡,吉橋淳一,,コパノリッキー,2010106548,マナエヴァ,2010103625,クロフネ,1998110135,和田牧場,ゼットステーブル,136.0,2010.0,2010.0,1998.0
2021100656,エルコンドリア,牝,國澤利照,,ルースリンド,2001106791,アロマフレグランス,2011104159,ホワイトマズル,1990109700,小橋亮太,片田保,136.0,2001.0,2011.0,1990.0
2021103803,ギガフォルス,牡,小野望,,エピカリス,2014103121,トーセンペンネ,2016103855,Poet's Voice,000a012051,（有）太盛,坂本智広,135.8,2014.0,2016.0,
2021103811,マリリン,牝,千葉幸喜,,ダノンレジェンド,2010110102,ミタイナ,2012110104,Denman,000a012638,小原準一郎,坂本智広,135.6,2010.0,2012.0,2006.0
2021103372,トチノホマレ,牡,水野善太,,タリスマニック,000a013425,トチノマドンナ,2013103844,パイロ,000a01176a,冨田清誠,山田昇史,135.6,2013.0,2013.0,2005.0
2021100812,カシノレッヒエルン,牝,古賀光範,,ミッキーグローリー,2013103999,エガオヨシ,2006100450,タイキシャトル,1994109686,柏木務,大北牧場,135.6,2013.0,2006.0,1994.0
2021106526,サラルーナ,牝,藤田正治,,トゥザワールド,2011103975,アイズオブナタリー,2011104363,カンパニー,2001103435,吉良商会（有）,新冠伊藤牧場,135.5,2011.0,2011.0,2001.0
2021103195,リグイベリス,牝,手島勝利,,ブリーズフレイバー,2007101776,ナチュラルナイン,2010105109,ダイワメジャー,2001103114,上田秀二,丸幸小林牧場,135.5,2007.0,2010.0,2001.0
2021106552,タガノフレミング,牝,九日俊光,,シュヴァルグラン,2012104759,フレイミングスカイII,000a0116cb,Red Ransom,000a001c68,崎谷彦司,新冠タガノファーム,135.3,2012.0,2005.0,1987.0
2021106961,ネクタール,牝,斉藤正弘,,シルバーステート,2013105903,ブルーボサノヴァ,2011106338,パイロ,000a01176a,瀬戸省司,マリオステーブル,135.2,2013.0,2011.0,2005.0
2021102777,サンハナノアメ,牝,植松則幸,,ホッコータルマエ,2009100921,セイウンメイリー,2005106496,アグネスタキオン,1998101516,（株）ファーストビジ,斉藤英牧場,135.2,2009.0,2005.0,1998.0
2021100483,マンチェスター,牡,榎屋充,,ヴィクトワールピサ,2007102923,ゴットサーガ,2011103595,ダンスインザダーク,1993109188,柳下直輝,明治牧場,135.0,2007.0,2011.0,1993.0
2021100375,ユウユウプレスト,牝,入口由美,,カレンブラックヒル,2009106230,タッカーアリシア,2016101337,キンシャサノキセキ,2003110212,北原大史,藤巻則弘,135.0,2009.0,2016.0,2003.0
2021107336,クリノソレイユ,牝,村上頼章,,ホークビル,000a01327c,ナムカーン,2016103621,キングズベスト,000a0022d2,酒井孝敏,宝寄山拓樹,134.9,2013.0,2016.0,1997.0
2021107306,ルーナ,牝,田嶋弘幸,,パイロ,000a01176a,シェアハッピー,2014102591,ハイアーゲーム,2001103160,山本国広,門別敏朗,134.8,2005.0,2014.0,2001.0
2021103856,ピピット,牝,真島正徳,,トーセンラー,2008102985,ワンダーセーハ,2012102960,バゴ,2001190004,（株）ジャスト,サンコウ牧場,134.6,2008.0,2012.0,2001.0
2021106375,ドリームエンドレス,牝,藤ケ崎一,,コパノリッキー,2010106548,タカラジェニファ,2011104888,ヨハネスブルグ,000a0103b9,北澤信,大栄牧場,134.5,2010.0,2011.0,1999.0
2021103324,ヨウルプッキ,牡,後藤正義,,ダンカーク,000a012185,オクリモノ,2011106140,ゴールドアリュール,1999106689,伊藤弘泰,ミルファーム,134.1,2006.0,2011.0,1999.0
2021106856,エイプリルストーム,牡,佐宗応和,,ダノンシャーク,2008105554,ガストネード,2011104776,キングカメハメハ,2001103460,日下部勝徳,ホース・マネジメント・ボス,133.5,2008.0,2011.0,2001.0
2021103304,マイバンドーム,牡,鋤田誠二,,キズナ,2010105827,スマッシュ,2010104569,キングカメハメハ,2001103460,畠山朝子,宮内牧場,133.5,2010.0,2010.0,2001.0
2021107020,キングリッキー,牡,原口次夫,,コパノリッキー,2010106548,スイゲツ,2016100886,サウスヴィグラス,1996110138,伊藤裕章,ムラカミファーム,133.2,2010.0,2016.0,1996.0
2021103527,ユーキャンドゥイッ,牡,角田輝也,,エピファネイア,2010104155,ビーコンターン,000a0137a0,Shamardal,000a010c92,（株）吉澤ホールデ,岡田スタッド,133.0,2010.0,2010.0,2002.0
2021103350,ヤラカシタラオワ,牝,川嶋弘吉,,アグネスデジタル,1997110025,レディマハロ,2005106137,フォーティナイナー,000a000134,田中良輝,室田千秋,132.7,1997.0,2005.0,1985.0
2021100549,ベアナオセン,牝,大塚信次,,エピファネイア,2010104155,エトワールステージ,2003101298,デヒア,000a0000df,岡田義見,レースホース牧場,132.4,2010.0,2003.0,1991.0
2021109061,レッドスコーピオン,牡,柳井宏之,,ベルシャザール,2008103004,アドマイヤプルート,2004103496,アドマイヤコジーン,1996106512,近藤英二,マルシチ牧場,132.0,2008.0,2004.0,1996.0
2021103205,メイショウロッキー,セ,胡本友晴,,サンダースノー,000a013a06,カネトシガーネット,2011102737,キングカメハメハ,2001103460,ファーストビジョン,まるとみ冨岡牧場,132.0,2014.0,2011.0,2001.0
2021102574,シナノエール,牝,鹿沼良和,,バンブーエール,2003104100,カールブライトリー,2007103779,チアズブライトリー,1998104232,小林和義,一珍棒牧場,132.0,2003.0,2007.0,1998.0
2021101877,キングレノン,牡,頼本盛行,,パイロ,000a01176a,クラッシュオンユー,2010105285,クロフネ,1998110135,小橋亮太,ノースガーデン,132.0,2005.0,2010.0,1998.0
2021101151,ダイナミックバイオ,牡,山崎尋美,,ドレフォン,000a013b82,パイオニアバイオ,2015104664,ルーラーシップ,2007103143,バイオ（株）,沖田牧場,132.0,2013.0,2015.0,2007.0
2021106813,マイネルブラボー,牡,桧森邦夫,,サトノダイヤモンド,2013106101,マイネエカテリーナ,2009105193,アグネスタキオン,1998101516,酒井孝敏,ビッグレッドファーム,131.4,2013.0,2009.0,1998.0
2021107149,レッドジャスパー,牝,村上頼章,,トーセンラー,2008102985,レッドジェニファー,2016105264,スクリーンヒーロー,2004103328,酒井孝敏,芳住鉄兵,131.3,2008.0,2016.0,2004.0
2021102355,ハーチャン,牝,手島勝利,,コパノリッキー,2010106548,スマートアレンジ,2010105652,パーソナルラッシュ,2001110155,石山嘉七,清水牧場,131.2,2010.0,2010.0,2001.0
2021106092,カレンバローズ,牝,村上頼章,,ロジャーバローズ,2016106065,マレンカヤ,2008104283,ファンタスティックライト,1996190005,猪熊広次,大狩部牧場,131.0,2016.0,2008.0,1996.0
2021103995,テルセイラ,牝,鮫島克也,,イスラボニータ,2011103565,ベストレート,2013106068,ゼンノロブロイ,2000101517,成富直行,高橋ファーム,131.0,2011.0,2013.0,2000.0
2021102720,スマートレパード,牡,頼本盛行,,ディスクリートキャット,000a0113a1,スマートサクソン,2014100333,ドリームジャーニー,2004102753,（同）ＪＰＮ技研,杵臼牧場,130.9,2003.0,2014.0,2004.0
2021106012,リスターロッチ,牝,坂口義幸,,カキツバタロイヤル,2006106201,ウインホイッスル,2011101059,ブライアンズタイム,000a000082,遠藤喜和,安達牧場,130.8,2006.0,2011.0,1985.0
2021100202,ケイツーレオン,牡,尾原強,,ビーチパトロール,000a0141f9,レディピアレス,2004103146,Point Given,000a00fdbd,（株）ＴＫＫ,嶋田牧場,130.8,2013.0,2004.0,1998.0
2021102702,ウィンカラー,牝,大垣敏夫,,サンダースノー,000a013a06,ラメント,2010100671,アドマイヤムーン,2003102991,（株）ジャスト,杵臼斉藤牧場,130.5,2014.0,2010.0,2003.0
2021102069,ピッケレジーナ,牝,沖田明子,,バトルプラン,000a0118e8,エンドレスワルツ,2002103122,アドマイヤベガ,1996107396,谷口祐人,細川牧場,130.5,2005.0,2002.0,1996.0
2021101421,グリマルディ,セ,竹下直人,,ホッコータルマエ,2009100921,ディナスティーア,2012101375,ダイワメジャー,2001103114,（株）ファーストビジ,下河辺牧場,130.5,2009.0,2012.0,2001.0
2021103590,アスターエルビウム,セ,原口次夫,,カリフォルニアクローム,000a012602,シティウェルズ,000a013869,City Zip,000a0127e6,加藤久枝,岡田牧場,130.4,2011.0,2012.0,1998.0
2021106438,ケリーアルモニー,牝,榎屋充,,アメリカンペイトリオット,000a013bba,スティルシーキング,2015101610,ステイゴールド,1994108729,伊藤健,トド岩高原銀河農場物語,130.3,2013.0,2015.0,1994.0
2021104396,ムーンセット,牝,新井隆太,,ダイワメジャー,2001103114,エレアノラデュース,000a013e36,Azamour,000a01053b,五影隆則,フジワラファーム,130.2,2001.0,2007.0,2001.0
2021102829,バックラー,牡,九日俊光,,バゴ,2001190004,ナイツエンド,000a010edd,エンドスウィープ,000a00010f,和田博美,惣田英幸,130.2,2001.0,2001.0,1991.0
2021100464,サテフィカ,牝,山田徹,,シャンハイボビー,000a0127e4,ラッキーマンボ,2010101664,スズカマンボ,2001103890,河野洋平,三石川上牧場,130.2,2010.0,2010.0,2001.0
2021100061,スターオブメロディ,牝,手島勝利,,ダノンレジェンド,2010110102,レディキルシェ,2002106034,サンデーサイレンス,000a00033a,光安了,小野秀治,130.2,2010.0,2002.0,1986.0
2021106052,ゼネラルエメ,牝,渡部則夫,,バトルプラン,000a0118e8,ローズヘイロー,2006104129,キングヘイロー,1995104427,榊原勝好,石田牧場,130.0,2005.0,2006.0,1995.0
2021103058,ハヤブサジュンイチ,牡,細川忠義,,トーセンラー,2008102985,ルシアンネイル,2012103643,タニノギムレット,1999100226,平宅正典,ディアレストクラブ,130.0,2008.0,2012.0,1999.0
2021102781,スズノレイライン,牡,平田修,,レイデオロ,2014106201,ココロノアイ,2012105256,ステイゴールド,1994108729,小紫嘉之,酒井牧場,130.0,2014.0,2012.0,1994.0
2021102495,アピースオブケーキ,牝,齊藤敏,,ミッキーアイル,2011103916,ヨユウノヨッチャン,2008100762,スターリングローズ,1997106560,松下智,小田牧場,130.0,2011.0,2008.0,1997.0
2021106067,プリティドヌーヴ,牝,菅原欣也,,ハービンジャー,000a011996,ピサノドヌーヴ,2005102226,アグネスタキオン,1998101516,栗嶋豊明,岩見牧場,129.9,2006.0,2005.0,1998.0
2021106285,チョウカンセイ,牡,田中道夫,,オルフェーヴル,2008102636,クロスバラード,2003100364,タイキシャトル,1994109686,丸山隆雄,シンユウファーム,129.0,2008.0,2003.0,1994.0
2021103779,リッカローラ,牝,東眞市,,エイシンフラッシュ,2007102951,バアゼルローズ,2000103883,サンダーガルチ,000a00035c,立花幸雄,酒井亨,129.0,2007.0,2000.0,1992.0
2021103384,ミストブレイカー,牡,中西達也,,カレンブラックヒル,2009106230,ブライティアグラス,2007105312,キングヘイロー,1995104427,ウエスト．フォレスト．ステイブル,山春牧場,129.0,2009.0,2007.0,1995.0
2021100858,チュウオーラム,牝,伊藤勝好,,ラニ,2013110045,クロツルバミ,2014103929,スペシャルウィーク,1995103211,（有）ホースケア,富塚ファーム,129.0,2013.0,2014.0,1995.0
2021104520,ヒルズガイ,牡,九日俊光,,シゲルカガ,2011103048,シゲルアサヒダケ,2006100398,ネオユニヴァース,2000101426,岡友則,前田牧場,128.4,2011.0,2006.0,2000.0
2021102704,グレースアイリス,牝,酒井仁,,ドゥラメンテ,2012104511,アイリスフィール,2016101779,ハービンジャー,000a011996,Ｉレーシング（株）,杵臼牧場,128.4,2012.0,2016.0,2006.0
2021100818,メイショウコフデ,牝,頼本盛行,,メイショウボーラー,2001100650,セイウンクロエ,2012110053,Footstepsinthesand,000a0111b5,遠藤喜和,大北牧場,128.3,2001.0,2012.0,2002.0
2021100575,プリモパッソ,牝,今津博之,,アルアイン,2014106046,タガノシムナ,2015100525,ロードカナロア,2008103552,塚田義広,市川ファーム,128.3,2014.0,2015.0,2008.0
2021101655,シュガーフリー,牡,川嶋弘吉,,タニノギムレット,1999100226,ストロベリーフェア,000a010aae,Kingmambo,000a001d7e,（株）ファーストビジ,ダーレー・ジャパン・ファーム,128.1,1999.0,2001.0,1990.0
2021106134,ジンジャーココア,牝,吉田正美,,モーニン,2012110091,レッドカルディア,2013105591,ディープインパクト,2002100816,田頭勇貴,カミイスタット,128.0,2012.0,2013.0,2002.0
2021102558,トップリアル,牝,高橋優子,,リアルスティール,2012104889,ムザヤダ,000a0123d9,Monsun,000a010db6,宮内牧場,アイオイファーム,128.0,2012.0,2008.0,1990.0
2021102044,クリノトパーズ,牝,今津博之,,カレンブラックヒル,2009106230,クリノクレオパトラ,2011104761,ロージズインメイ,000a010a10,栗本篤志,宝寄山拓樹,128.0,2009.0,2011.0,2000.0
2021106492,フィエルテデュロワ,牡,矢野久美,,マジェスティックウォリアー,000a011e9c,レイナグラシア,2015105566,ヘニーヒューズ,000a011155,川添裕起,中村弘昭,127.6,2005.0,2015.0,2003.0
2021107003,ニシノサイエン,牝,渋谷信博,,サトノダイヤモンド,2013106101,メイクアミラクル,2009105296,ファスリエフ,000a00fc4c,和氣竜彦,村上欽哉,127.2,2013.0,2009.0,1997.0
2021105424,カイゼルスベルグ,牡,鮫島克也,,キズナ,2010105827,ヴィヤダーナ,000a011aa1,Azamour,000a01053b,西村健,ノーザンファーム,127.2,2010.0,2007.0,2001.0
2021105684,バンビーノデオーロ,牡,鹿戸雄一,,オルフェーヴル,2008102636,ハウメア,2014106012,キングカメハメハ,2001103460,サンデーレーシング,ノーザンファーム,127.0,2008.0,2014.0,2001.0
2021104150,グルマンディーズ,牝,安田翔伍,,リオンディーズ,2013105915,プレシャスライフ,2004104670,タイキシャトル,1994109686,飯田貴大,千代田牧場,127.0,2013.0,2004.0,1994.0
2021103847,サンヴァルス,牡,小久保智,,パイロ,000a01176a,バクシンヒロイン,2004104423,サクラバクシンオー,1989108341,河合裕明,佐竹学,126.5,2005.0,2004.0,1989.0
2021101761,アラホーラダン,牡,山下貴之,,パイロ,000a01176a,ヤマノサッシュ,2009106534,ファルブラヴ,1998190004,（株）チャンピオンズ,チャンピオンズファーム,126.5,2005.0,2009.0,1998.0
2021106781,コスモラミントン,牝,藤田正治,,スクリーンヒーロー,2004103328,コスモチョコレイ,2011103251,ブラックタイド,2001103312,小橋亮太,ビッグレッドファーム,126.4,2004.0,2011.0,2001.0
2021107195,カゼノタニノメロン,牝,小野寺晋,,リーチザクラウン,2006102923,コスモカゼツカイ,2009110099,Hurricane Run,000a01189d,（株）ＯＫＣ,目名太山口牧場,126.0,2006.0,2009.0,2002.0
2021100669,フジサンワイシーシ,牡,村上実,,アニマルキングダム,000a011dad,テツムーン,2009100341,アドマイヤムーン,2003102991,藤田秀行,櫛桁牧場,125.9,2008.0,2009.0,2003.0
2021101674,チャンチャマヨ,牝,竹下直人,,フリオーソ,2004106867,デストリアー,2012101572,ディープスカイ,2005101358,酒井孝敏,ダーレー・ジャパン・ファーム,125.8,2004.0,2012.0,2005.0
2021103201,エザグランマ,牝,佐々木功,,トゥザグローリー,2007103265,メモラブルワーズ,2001100704,バブルガムフェロー,1993109219,谷口祐人,丸幸小林牧場,125.5,2007.0,2001.0,1993.0
2021102483,ピースフルワールド,牝,今津博之,,マインドユアビスケッツ,000a01392e,ブリリアントピース,2009105946,アグネスタキオン,1998101516,山田弘,寺井文秀,125.5,2013.0,2009.0,1998.0
2021104907,サブリナワルツ,牝,安部幸夫,,ルーラーシップ,2007103143,ピュリティゴールド,2014105286,ゴールドアリュール,1999106689,小林誠,社台コーポレーション白老ファーム,125.4,2007.0,2014.0,1999.0
2021107286,ミユキアテスウェイ,牝,坂口義幸,,ホークビル,000a01327c,ミユキアストラーレ,2016102138,ルーラーシップ,2007103143,蔀英二,門別牧場,125.3,2013.0,2016.0,2007.0
2021104869,リトミコ,牝,角田輝也,,ドゥラメンテ,2012104511,シーティス,000a0142da,Invincible Spirit,000a01056d,サンデーレーシング,社台コーポレーション白老ファーム,125.3,2012.0,2013.0,1997.0
2021102432,タイガーハート,牡,藤田輝信,,ブリックスアンドモルタル,000a014377,ラッシュハート,2014101773,ディープインパクト,2002100816,小林茂子,坂東牧場,125.0,2014.0,2014.0,2002.0
2021102290,リュウキヒナタ,牝,高岩孝敏,,ゴールデンバローズ,2012110100,エトワールアン,2010101194,スターキングマン,1999110010,本田廣一,若林順一,125.0,2012.0,2010.0,1999.0
2021100992,メイショウムラゲ,牡,地辺幸一,,ホッコータルマエ,2009100921,メイショウアルパ,2012106099,ゼンノロブロイ,2000101517,（株）ファーストビジ,村下明博,125.0,2009.0,2012.0,2000.0
2021106786,コスモハーディング,牡,三小田幸,,ゴールドシップ,2009102739,コスモレティクルム,2013101912,ダノンシャンティ,2007105709,伊勢光,ビッグレッドファーム,124.8,2009.0,2013.0,2007.0
2021102250,マジカルウィーク,牡,佐藤英明,,ベストウォーリア,2010110127,アルトゥーナ,2011104164,ハーツクライ,2001103038,イシカリホースマンクラブ,山田政宏,124.7,2010.0,2011.0,2001.0
2021100915,アルリフラ,牝,碇清次郎,,オールステイ,2011110029,エンジェルシェア,2006100569,プリサイスエンド,000a00fe9b,（株）さくらコーポレ,ヒダカファーム,124.6,2011.0,2006.0,1997.0
2021104711,ワンショット,牡,小久保智,,マクマホン,000a0143ac,トーセンヴェール,2009106231,クロフネ,1998110135,島川隆哉,エスティファーム,124.2,2014.0,2009.0,1998.0
2021105191,フェータルツアー,牝,内田勝義,,エピファネイア,2010104155,フェータルローズ,2009105960,タニノギムレット,1999100226,吉田照哉,社台ファーム,124.0,2010.0,2009.0,1999.0
2021101286,ラブラブラブチャン,牝,松島壽,,ワールドエース,2009106353,ハタノエンジェル,2011100224,ブライアンズタイム,000a000082,三岡有香,グッドラック・ファーム,124.0,2009.0,2011.0,1985.0
2021100902,カシノペガサス,牡,鹿沼良和,,ワールドエース,2009106353,キューバンリズムII,000a01152a,Kingmambo,000a001d7e,柏木務,バンブー牧場,124.0,2009.0,2005.0,1990.0
2021102123,ボガトイーリ,牡,菅原欣也,,アドマイヤムーン,2003102991,ビクトリアペガサス,2015101996,ヨハネスブルグ,000a0103b9,小橋亮太,槇本牧場,123.9,2003.0,2015.0,1999.0
2021106065,リュージュ,牝,宇都英樹,,ドレフォン,000a013b82,ビップキャッツアイ,2014106154,シンボリクリスエス,1999110099,玉田博志,岩見牧場,123.8,2013.0,2014.0,1999.0
2021100719,スノーソフィー,牝,中川雅之,,ビッグアーサー,2011103328,スノーピアサー,2012105863,マンハッタンカフェ,1998101554,上山泰憲,高昭牧場,123.8,2011.0,2012.0,1998.0
2021100501,ディーファンクス,牡,齋藤雄一,,イスラボニータ,2011103565,エイシンリオ,2013103345,ロージズインメイ,000a010a10,紙谷洋一,元茂修一,123.8,2011.0,2013.0,2000.0
2021105118,マインドユアリズム,牝,田中範雄,,マインドユアビスケッツ,000a01392e,ダンシングワンダー,2012104264,グラスワンダー,1995108676,窪田芳郎,社台ファーム,123.6,2013.0,2012.0,1995.0
2021100519,エースオブハーツ,牝,田中淳司,,ホッコータルマエ,2009100921,カワイコチャン,2010101633,ゴールドヘイロー,1997101264,（有）内田ステーブル,山際牧場,123.3,2009.0,2010.0,1997.0
2021105110,カルデナール,牡,村上頼章,,イスラボニータ,2011103565,ダイワミランダ,2012104278,ハービンジャー,000a011996,酒井孝敏,社台ファーム,123.1,2011.0,2012.0,2006.0
2021102590,スマイルチャンス,牝,田辺陽一,,メイショウボーラー,2001100650,ヒカルカグヤヒメ,2005101869,ダンスインザダーク,1993109188,山下史晃,浦河小林牧場,123.1,2001.0,2005.0,1993.0
2021106242,フクノヤマボウシ,牡,中川竜馬,,ニシケンモノノフ,2011105438,スミヨシルビー,2008104520,ナスダックパワー,1998103430,片岡宏一,佐藤静子,123.0,2011.0,2008.0,1998.0
2021102447,セイコチャンカット,牝,坂口義幸,,ゴールドアクター,2011105266,ミダレガミ,2012104553,サムライハート,2002100996,内田玄祥,びらとり牧場,123.0,2011.0,2012.0,2002.0
2021100110,マルコスター,牡,渋谷信博,,サトノクラウン,2012104668,アースエマーブル,2009101509,キングヘイロー,1995104427,（株）ＧＯＬＤーＳＴ,グローリーファーム,123.0,2012.0,2009.0,1995.0
2021106889,メイショウナオマサ,牡,加藤和宏,,アジアエクスプレス,2011110091,フェスティヴレディ,2007104965,ブライアンズタイム,000a000082,（株）ファーストビジ,北星村田牧場,122.9,2011.0,2007.0,1985.0
2021103298,エナジーポケット,牡,石川浩文,,ジャングルポケット,1998101786,エナジーラピス,2016102203,ロードカナロア,2008103552,（株）アプエンテ,宮内牧場,122.8,1998.0,2016.0,2008.0
2021102005,ギャルピース,牝,池田忠好,,ストゥディウム,2012106362,ラファータ,2013105270,ゴールドアリュール,1999106689,山本国広,藤本直弘,122.1,2012.0,2013.0,1999.0
2021106250,スノーストーム,牡,東眞市,,ニシケンモノノフ,2011105438,スノーキトゥン,000a0114b0,Storm Cat,000a001a98,井上久光,佐藤牧場,122.0,2011.0,2001.0,1983.0
2021102659,ビキャク,牝,平山真希,,モーニン,2012110091,ミヤビセラヴィ,2016101747,アルデバランＩＩ,000a010541,角谷守正,金石牧場,122.0,2012.0,2016.0,1998.0
2021101951,シェナウルフ,牡,冨田敏男,,フリオーソ,2004106867,キュプリーヌス,2015101891,ヨハネスブルグ,000a0103b9,冨田藤男,広富牧場,122.0,2004.0,2015.0,1999.0
2021101559,ノッツェドーロ,牝,井樋一也,,スワーヴリチャード,2014106083,ノッツダルジェント,2012102366,バゴ,2001190004,吉田勝利,スマイルファーム,122.0,2014.0,2012.0,2001.0
2021100696,ケンヴェンツェル,牡,田口輝彦,,ファインニードル,2013100612,ケンアマツカゼ,2005104974,マーベラスサンデー,1992103687,中西宏彰,ケンブリッジバレー,122.0,2013.0,2005.0,1992.0
2021107304,ドリームボール,牝,真島元徳,,サンダースノー,000a013a06,グローリールピナス,2006104267,マーベラスサンデー,1992103687,三岡陽,マリオステーブル,121.6,2014.0,2006.0,1992.0
2021106656,デュランヴェリテ,牡,寺地誠一,,キズナ,2010105827,ルミエールヴェリテ,2007110112,Cozzene,000a001bda,加藤誠,ノースヒルズ,121.4,2010.0,2007.0,1980.0
2021106120,ネオクラウン,牡,田嶋弘幸,,サトノクラウン,2012104668,タイセイビビッド,2015105071,ヴィクトワールピサ,2007102923,小橋亮太,柏木一則,121.4,2012.0,2015.0,2007.0
2021102485,ヤマタケプレーダ,セ,頼本盛行,,ベストウォーリア,2010110127,ラブリッサ,2013100516,ダイワメジャー,2001103114,（同）ＪＰＮ技研,寺井文秀,121.1,2010.0,2013.0,2001.0
2021105266,オメガジェットマン,牡,小村正也,,ブリックスアンドモルタル,000a014377,ラブリーマリア,000a012efd,Majesticperfection,000a012669,ファーストビジョン,社台ファーム,121.0,2014.0,2012.0,2006.0
2021101138,コンサートバイオ,牝,新井清重,,ニューイヤーズデイ,000a014589,アイドルバイオ,2008103163,ディープインパクト,2002100816,バイオ（株）,沖田牧場,121.0,2011.0,2008.0,2002.0
2021100230,タイセイビクトリア,牝,佐藤雅彦,,デクラレーションオブウォー,000a0136f6,シャラントレディ,2007103176,フジキセキ,1992109618,相馬哲夫,タガミファーム,121.0,2009.0,2007.0,1992.0
2021100222,ヨメニケイゴ,牝,頼本盛行,,シュヴァルグラン,2012104759,レッドオランジュ,2012104177,ステイゴールド,1994108729,ＪＰＮ技研,城地牧場,120.5,2012.0,2012.0,1994.0
2021106179,フェブソラーレ,牝,九日俊光,,シルバーステート,2013105903,ミヤジヴィジェ,2014104051,エンパイアメーカー,000a010542,山邉浩,小泉牧場,120.3,2013.0,2014.0,2000.0
2021102301,タマレディ,牝,頼本盛行,,ゼンノロブロイ,2000101517,ディアースパークル,2005106887,マイネルラヴ,1995108558,遠藤喜和,和田洋平,120.3,2000.0,2005.0,1995.0
2021101062,ティテュラール,牡,齊藤敏,,ドレフォン,000a013b82,マルターズヒート,2001110249,Old Trieste,000a00fdb3,藤田在子,天羽禮治,120.2,2013.0,2001.0,1995.0
2021101040,ショウナンラッシュ,牡,加藤和宏,,ショウナンバッハ,2011106394,ショウナンマオ,2009106468,ダイワメジャー,2001103114,（株）ファーストビジ,天羽牧場,120.2,2011.0,2009.0,2001.0
2021104430,ハルテロス,牝,三小田幸,,ジャスタウェイ,2009106461,リトルシャンブルズ,000a014482,Shamardal,000a010c92,（株）ケーエム,フジワラファーム,120.0,2009.0,2011.0,2002.0
2021104000,ライヴロッキー,牡,酒井仁,,ヘニーヒューズ,000a011155,アドマイヤマリリン,2010104956,アグネスタキオン,1998101516,澤田孝之,高橋義浩,120.0,2003.0,2010.0,1998.0
2021102408,ドムスアウレア,牝,田村康仁,,キズナ,2010105827,クリスマス,2011104557,バゴ,2001190004,エンジェルレーシング,坂東牧場,120.0,2010.0,2011.0,2001.0
2021101589,ファリナータ,牝,沖田明子,,モンテロッソ,000a011b05,ジャンティエス,2015104640,ローエングリン,1999106738,近藤和彦,高山牧場,120.0,2007.0,2015.0,1999.0
2021101489,テンメリーアーサー,牝,佐藤雅彦,,ビッグアーサー,2011103328,マンハッタンガール,2014102037,マンハッタンカフェ,1998101554,天白泰司,白井牧場,120.0,2011.0,2014.0,1998.0
2021100743,マジカルステップ,牝,中川雅之,,アドマイヤムーン,2003102991,マジカルフラッシュ,2015103575,エイシンフラッシュ,2007102951,上山泰憲,高昭牧場,120.0,2003.0,2015.0,2007.0
2021100237,シャガールブルー,牝,木村暁,,エピファネイア,2010104155,レッドヴィラーゴ,2012104658,ネオユニヴァース,2000101426,ＫＡＪＩＭＯＴＯホールディングス,タガミファーム,119.9,2010.0,2012.0,2000.0
2021103269,メイショウウミカゼ,牡,櫻井今朝,,ワールドエース,2009106353,メイショウサワヤカ,2012105598,メイショウサムソン,2003102205,遠藤喜和,三嶋牧場,119.8,2009.0,2012.0,2003.0
2021105991,エポニーヌ,牝,櫻田浩樹,,リアルインパクト,2008103244,マジックポーションII,000a011dc4,Danehill Dancer,000a002309,山本武司,秋田牧場,119.6,2008.0,2006.0,1993.0
2021103035,フルブースト,牝,森山雄大,,スワーヴリチャード,2014106083,シャララ,2013103638,メイショウサムソン,2003102205,上村秀一,ディアレストクラブ,119.3,2014.0,2013.0,2003.0
2021105189,シェルブールレイン,牝,田中道夫,,サトノダイヤモンド,2013106101,フィルムフランセ,2014105654,シンボリクリスエス,1999110099,西岡透,社台ファーム,119.2,2013.0,2014.0,1999.0
2021104636,ユイフルール,牝,池田忠好,,ファインニードル,2013100612,ライブリースプライト,000a01340c,Dansili,000a010a5f,森本研太,アスラン,119.2,2013.0,2011.0,1996.0
2021102451,クルシファー,牝,稻田彰宏,,レッドファルクス,2011104416,クリヤマキアート,2009102083,クロフネ,1998110135,安部治夫,船越伸也,119.0,2011.0,2009.0,1998.0
2021101667,アイヴィハウス,牡,澤佳宏,,パイロ,000a01176a,チェリーミルズ,2010100689,Invincible Spirit,000a01056d,稲場澄,ダーレー・ジャパン・ファーム,119.0,2005.0,2010.0,1997.0
2021102851,ノーブルエンペラー,牡,倉地学,,エピファネイア,2010104155,シーズンズベスト,2007103207,ゼンノロブロイ,2000101517,吉木伸彦,高村牧場,118.9,2010.0,2007.0,2000.0
2021107361,スペクチャン,牝,岡野尚光,,ホークビル,000a01327c,セクシーモーション,2014105143,キングズベスト,000a0022d2,池添安雄,アースファーム,118.8,2013.0,2014.0,1997.0
2021102390,トウカイレイナ,牝,飯田良弘,,ジャスタウェイ,2009106461,トウカイシュテルン,2014100482,ストリートセンス,000a0113a2,（有）二風谷ファーム,二風谷ファーム,118.5,2009.0,2014.0,2004.0
2021106596,ヤマニンファロ,牡,伊藤和,,シャンハイボビー,000a0127e4,ヤマニンエルフィン,2011103348,スウィフトカレント,2001103189,土井久美子,錦岡牧場,118.4,2010.0,2011.0,2001.0
2021100347,オルトジュピター,牝,井手上慎,,アジアエクスプレス,2011110091,マキノジョリエ,2004101440,カリズマティック,000a00fa33,原口章,原口牧場,118.4,2011.0,2004.0,1996.0
2021103937,ルクスデルフィー,牝,中川雅之,,キタサンブラック,2012102013,スマートシモーヌ,2013100675,ドリームジャーニー,2004102753,工藤圭介,静内山田牧場,117.9,2012.0,2013.0,2004.0
2021102947,セイポップコーン,牝,安部幸夫,,ラブリーデイ,2010104298,フラリシング,2012101610,パイロ,000a01176a,金田成基,大道牧場,117.8,2010.0,2012.0,2005.0
2021105219,フクチャンフクメイ,牝,本名信行,,パイロ,000a01176a,プリマレジェンド,2013105587,ヴィクトワールピサ,2007102923,ファーストビジョン,社台ファーム,117.5,2005.0,2013.0,2007.0
2021104582,ジーティーウィンズ,牡,今津勝之,,リアルスティール,2012104889,ホームタイム,000a01435a,Dubai Destination,000a010a60,（同）ＪＰＮ技研,矢野牧場,117.5,2012.0,2008.0,1999.0
2021103174,アートハラン,牝,藤川純,,ディスクリートキャット,000a0113a1,タイキマロン,2013103705,ファスリエフ,000a00fc4c,大樹ファーム,ビクトリーホースランチ,117.5,2003.0,2013.0,1997.0
2021100351,スティールジェーン,牝,秋田大助,,Territories,000a014387,ブルーイリュージョン,000a01b844,Dubawi,000a0115e2,北原大史,ヒサイファーム,117.5,2012.0,2014.0,2002.0
2021104033,マルジェラ,牡,齋藤雄一,,サトノダイヤモンド,2013106101,インヴィンシブルタッチ,000a013b88,Invincible Spirit,000a01056d,紙谷洋一,田中裕之,117.2,2013.0,2007.0,1997.0
2021107175,スカイブライトネス,牡,齋藤雄一,,レイデオロ,2014106201,セウアズール,2011104252,ディープインパクト,2002100816,松谷翔太,社台ファーム,117.0,2014.0,2011.0,2002.0
2021106671,アケノミョウジョウ,牝,藤ケ崎一,,ニューイヤーズデイ,000a014589,アスタラビクトリア,2010103924,ネオユニヴァース,2000101426,伊藤彰敏,ハクレイファーム,117.0,2011.0,2010.0,2000.0
2021104694,エルマール,牝,錦見勇夫,,マクマホン,000a0143ac,エミレーツガール,000a012e25,Lizard Island,000a0129b9,錦見日出雄,エスティファーム,117.0,2014.0,2010.0,2005.0
2021101908,ビーラヴゼアー,牝,平田正一,,モーニン,2012110091,マリアンヌカフェ,2006106918,マンハッタンカフェ,1998101554,永嶋啓一,春木ファーム,117.0,2012.0,2006.0,1998.0
2021100961,ビッグヴァリーサン,牡,中道啓二,,アポロケンタッキー,2012110098,ケイリュウフレンド,2013104435,ハイアーゲーム,2001103160,西田順彦,藤春修二,117.0,2012.0,2013.0,2001.0
2021105879,サントリーニブルー,牝,齋藤雄一,,リアルスティール,2012104889,レツィーナ,2004105815,キャプテンスティーヴ,000a000d9d,遠藤喜和,ノーザンファーム,116.8,2012.0,2004.0,1997.0
2021104249,エンジェルスラップ,牝,工藤裕孝,,シルバーステート,2013105903,マイティーボタン,2004106714,タイキシャトル,1994109686,斉藤真希,西村牧場,116.6,2013.0,2004.0,1994.0
2021106247,メイショウガイフウ,牡,榎屋充,,キズナ,2010105827,キンショーユキヒメ,2013105358,メイショウサムソン,2003102205,ＫＡＪＩＭＯＴＯホールディングス,佐藤牧場,116.5,2010.0,2013.0,2003.0
2021100972,チェーロセレーノ,牝,渡辺和雄,,ワールドエース,2009106353,サニーヘイロー,2008102262,キングヘイロー,1995104427,和田正巳,丸村村下ファーム,116.5,2009.0,2008.0,1995.0
2021109067,ミロナリオヒル,牡,高橋優子,,レインボーライン,2013106183,ラーナック,2005110212,モンジュー,1996190001,栗山英樹,マルシチ牧場,116.2,2013.0,2005.0,1996.0
2021103530,オメガレジェンド,牡,安部幸夫,,マインドユアビスケッツ,000a01392e,ファンシーリシェス,2012103683,キングカメハメハ,2001103460,豊田博司,岡田スタッド,116.1,2013.0,2012.0,2001.0
2021109149,カシノフロイデ,牝,手島勝利,,ダンカーク,000a012185,ブレーヴスキー,2008101938,ストラヴィンスキー,000a00fa41,柏木務,神野生男,116.0,2006.0,2008.0,1996.0
2021106333,カネトシテミス,牝,千葉津代,,イスラボニータ,2011103565,カネトシレジアス,2005102201,ジャングルポケット,1998101786,兼松昌男,武田寛治,116.0,2011.0,2005.0,1998.0
2021103962,エイシンポップ,牡,三小田幸,,エーシントップ,2010110058,エイシンノーティス,2011105569,キングカメハメハ,2001103460,北原大史,曾我博,116.0,2010.0,2011.0,2001.0
2021103911,ショーヴェサル,牝,土井道隆,,レイデオロ,2014106201,ダイワプロパー,2012103476,ダイワメジャー,2001103114,吉冨学,静内フジカワ牧場,115.6,2014.0,2012.0,2001.0
2021103733,ディーズミラージュ,牝,内田勝義,,ディスクリートキャット,000a0113a1,ディーズプリモ,2013104163,シニスターミニスター,000a011099,秋谷壽之,グランド牧場,115.5,2003.0,2013.0,2003.0
2021103806,グランディスペース,牝,渡辺博文,,アドマイヤムーン,2003102991,ハビトゥス,2013102600,ファルブラヴ,1998190004,桑原一樹,坂本智広,115.4,2003.0,2013.0,1998.0
2021104595,サニースター,牡,小村正也,,パドトロワ,2007102760,サクラエボル,2008100400,サクラバクシンオー,1989108341,赤松敬之,山田牧場,115.2,2007.0,2008.0,1989.0
2021101534,ベストブラボー,牝,鈴木正也,,ラブリーデイ,2010104298,テンダーエモーション,000a014259,Pivotal,000a002328,新村順一,シンボリ牧場,115.1,2010.0,2011.0,1993.0
2021101034,ビッグブロック,牡,榎屋充,,ユアーズトゥルーリ,2016104391,リスクオン,2011103754,マツリダゴッホ,2003104570,西島愛治,アイズスタッド,115.0,2016.0,2011.0,2003.0
2021102665,ワンダーエトワール,牝,西村守幸,,サンダースノー,000a013a06,スイートハート,2015100554,ワークフォース,000a011a7f,山本能行,鎌田正嗣,114.5,2014.0,2015.0,2007.0
2021103148,ユーベルメンシュ,牡,櫻田康二,,Invincible Army,000a01b4f5,ロックンハードプレイス,000a01b840,ロックオブジブラルタル,000a00fd4c,中西宏彰,信岡牧場,114.2,2015.0,2014.0,1999.0
2021109046,ユイノアカゾナエ,牡,雑賀正光,,アルデバランII,000a010541,キレイキレイ,2000109306,フォーティナイナー,000a000134,中野幸一,滝沢牧場,114.0,1998.0,2000.0,1985.0
2021101267,マリノレディゴー,牝,東眞市,,サムライハート,2002100996,マリノトップレディ,2013100225,トウカイテイオー,1988101025,サンエツ企画（有）,クラウン日高牧場,113.6,2002.0,2013.0,1988.0
2021104591,ダンツエクセル,牝,古賀光範,,シュヴァルグラン,2012104759,エンゼルジョーカー,2007100557,ブライアンズタイム,000a000082,山元哲二,山際智,113.2,2012.0,2007.0,1985.0
2021100474,ユイハウス,牡,長倉功,,モーニン,2012110091,スギノフォルモーザ,1997103642,サンデーサイレンス,000a00033a,森本研太,三石ファーム,113.0,2012.0,1997.0,1986.0
2021101777,プロモシオン,牡,大橋敬永,,ダノンシャーク,2008105554,ホーマンビジュー,2013105875,キングカメハメハ,2001103460,武仲勝,坪田晃宜,112.9,2008.0,2013.0,2001.0
2021100603,サンヨウオケハザマ,牡,原口次夫,,シゲルカガ,2011103048,シゲルメジロザメ,2013106333,サウスヴィグラス,1996110138,上野孝展,王蔵牧場,112.9,2011.0,2013.0,1996.0
2021105128,アスクアメージモア,牡,前川恭子,,エピファネイア,2010104155,デアリングエッジ,2013105551,キングカメハメハ,2001103460,廣崎利洋ＨＤ,社台ファーム,112.8,2010.0,2013.0,2001.0
2021102896,ナムラブリジット,牝,今津博之,,アニマルキングダム,000a011dad,ナムラビーム,2009100025,スウェプトオーヴァーボード,000a00fa34,飯田学,谷川牧場,112.2,2008.0,2009.0,1997.0
2021107315,マメゾウシンヤ,牡,水野貴史,,サンダースノー,000a013a06,ラシアンレヴォリューション,000a0116d4,Dubai Millennium,000a0022d1,千石慎弥,絵笛牧場,112.0,2014.0,2002.0,1996.0
2021104805,ヴァンショー,牝,植松則幸,,キズナ,2010105827,レッドサン,000a01386f,Monsun,000a010db6,（株）ファーストビジ,追分ファーム,112.0,2010.0,2010.0,1990.0
2021101334,アフィナージュ,牝,藤原智行,,サトノアラジン,2011104063,ショーピース,2012101266,スクリーンヒーロー,2004103328,伊達泰明,サンシャイン牧場,112.0,2011.0,2012.0,2004.0
2021104338,オルグージョ,牡,小西重征,,ロージズインメイ,000a010a10,マイネクイーン,2008104036,アグネスタキオン,1998101516,田中克郎,原弘之,111.9,2000.0,2008.0,1998.0
2021100917,アウルムゼウス,牡,新井隆太,,メイショウボーラー,2001100650,カフェアリアドネ,2016102607,スペシャルウィーク,1995103211,近藤聡明,ヒダカファーム,111.9,2001.0,2016.0,1995.0
2021100428,ビジョイチゴウ,牝,八木正喜,,シャンハイボビー,000a0127e4,ハリウッドセレブ,2011104442,ジャングルポケット,1998101786,北原大史,前田ファーム,111.8,2010.0,2011.0,1998.0
2021100006,ペペロンチーノ,牝,武藤敏明,,オルフェーヴル,2008102636,ペパーミントラヴ,2006103126,シンボリクリスエス,1999110099,小橋亮太,飯岡牧場,111.6,2008.0,2006.0,1999.0
2021109006,メーラドーロ,牝,井樋一也,,ウインバリアシオン,2008103206,ブラウブリッツ,2008103021,シンボリクリスエス,1999110099,（有）浜本牧場,荒谷牧場,111.4,2008.0,2008.0,1999.0
2021104775,フィールアライヴ,牝,大島静夫,,マジェスティックウォリアー,000a011e9c,ヌチバナ,2008102618,キングカメハメハ,2001103460,北原大史,追分ファーム,111.2,2005.0,2008.0,2001.0
2021107010,アドマーニ,セ,九日俊光,,リヤンドファミユ,2010104396,アンドトゥモロー,2012104062,ハービンジャー,000a011996,（同）ＪＰＮ技研,村上進治,111.1,2010.0,2012.0,2006.0
2021102869,モーニングコスモス,牝,吉田司,,アドミラブル,2014105979,イッツマイタイム,2013105401,ワイルドラッシュ,000a0003a1,古川忠一,田中スタッド,111.1,2014.0,2013.0,1994.0
2021102039,テイエムドルオー,牡,平山宏秀,,ドレフォン,000a013b82,ウインアイスバーグ,2015100234,ステイゴールド,1994108729,竹園正繼,宝寄山拓樹,110.9,2013.0,2015.0,1994.0
2021109037,タナバリアシハヤイ,牡,九日俊光,,ウインバリアシオン,2008103206,アドマイヤヒラリー,2002100896,Nashwan,000a001ce7,田中俊彰,スプリングファーム,110.8,2008.0,2002.0,1986.0
2021100266,モダンアート,牝,原口次夫,,ダノンレジェンド,2010110102,スマートダズル,2006100958,スマートボーイ,1995100385,北原大史,築紫洋,110.7,2010.0,2006.0,1995.0
2021102156,ワキノルーチェ,牝,別府真司,,レイデオロ,2014106201,ショウサンミーベル,2011101519,フジキセキ,1992109618,脇山良之,モリナガファーム,110.6,2014.0,2011.0,1992.0
2021101672,エポペア,牝,新子雅司,,エピファネイア,2010104155,ティップトップ,2011100511,Dubawi,000a0115e2,ゴドルフィン,ダーレー・ジャパン・ファーム,110.5,2010.0,2011.0,2002.0
2021103511,ホウオウバラード,牡,新田守,,ダノンバラード,2008103548,チェアユーアップ,2006100751,エアジハード,1995107978,谷謙介,岡田スタッド,110.3,2008.0,2006.0,1995.0
2021100373,ティファニーアイス,牝,小林俊彦,,ワールドエース,2009106353,キャンディームーン,2006110167,Candy Ride,000a01132a,吉田好雄,藤巻則弘,110.2,2009.0,2006.0,1999.0
2021106789,コスモマチュアー,牝,九日俊光,,スクリーンヒーロー,2004103328,サバナパディーダ,000a011549,Cape Cross,000a0022ae,山邉浩,ビッグレッドファーム,110.1,2004.0,2003.0,1994.0
2021101221,ハダル,牡,飯田良弘,,ラブリーデイ,2010104298,プラチナメモリー,2013105940,ディープインパクト,2002100816,木部嚴生,木部ファーム,110.1,2010.0,2013.0,2002.0
2021110091,フルオブサクセス,牡,須貝尚介,,Almanzor,000a013230,フルオブビューティー,000a01be46,Motivator,000a010c91,吉田千津,Mr Teruya Yoshida,110.0,2013.0,2012.0,2002.0
2021106608,デヴォート,牝,橋口慎介,,ワンアンドオンリー,2011105072,アンラッシュ,2016104045,ノヴェリスト,000a012230,ノースヒルズ,ノースヒルズ,110.0,2011.0,2016.0,2009.0
2021105518,ヴェラベレッツァ,牝,小島茂之,,リアルインパクト,2008103244,コケレール,000a011d05,Zamindar,000a011b6e,キャロットファーム,ノーザンファーム,110.0,2008.0,2004.0,1994.0
2021105420,ランポレッキオ,牝,林徹,,モーリス,2011100655,ヴィアメディチ,000a012fc1,Medicean,000a010a19,吉田勝己,ノーザンファーム,110.0,2011.0,2007.0,1997.0
2021105151,ダノンタイムリー,牡,尾関知人,,Postponed,000a012bad,ニュープロヴィデンス,000a01b4fe,Bahamian Bounty,000a013f6a,ダノックス,社台ファーム,110.0,2011.0,2012.0,1994.0
2021104734,ビバヴェローナ,牝,小笠倫弘,,マクマホン,000a0143ac,マシェリガール,2013100102,トーセンファントム,2007102870,島川隆哉,エスティファーム,110.0,2014.0,2013.0,2007.0
2021104733,トーセンイライザ,牝,小久保智,,マクマホン,000a0143ac,ペンネドゥピー,000a012db2,Tiger Hill,1995190004,島川隆哉,エスティファーム,110.0,2014.0,2008.0,1995.0
2021104577,チョットオトシモノ,牝,小林真治,,ビッグアーサー,2011103328,センティフォリア,2015106298,ディープインパクト,2002100816,内田律子,矢野牧場,110.0,2011.0,2015.0,2002.0
2021102381,パープルシャイン,牝,加藤士津,,エピファネイア,2010104155,ヴェルデライト,2008103254,ディープインパクト,2002100816,藤本栄史,二風谷ファーム,110.0,2010.0,2008.0,2002.0
2021101631,ドレスメイカー,牝,伊藤圭三,,ファインニードル,2013100612,ヴィヴァルダ,2015101582,Intello,000a012293,ゴドルフィン,ダーレー・ジャパン・ファーム,110.0,2013.0,2015.0,2010.0
2021101205,ジャンル,牝,岩戸孝樹,,ロゴタイプ,2010103783,レッドティムール,2009106395,シンボリクリスエス,1999110099,中村伊三美,川端正博,110.0,2010.0,2009.0,1999.0
2021100520,ピースソックス,牝,金田一昌,,サトノダイヤモンド,2013106101,クレタパラドックス,2007104168,サクラバクシンオー,1989108341,中平和宏,山際牧場,110.0,2013.0,2007.0,1989.0
2021100436,エイシンオナーズ,牝,玉井勝,,マジェスティックウォリアー,000a011e9c,エーシンアマテラス,2007110015,Tale of the Cat,000a002276,（有）総武開発,松本牧場,110.0,2005.0,2007.0,1994.0
2021100194,ニシノプレゼント,牝,村田一誠,,カラヴァッジオ,000a014315,マストビーレイト,000a01b0ce,Champs Elysees,000a012551,西山茂行,さとう,110.0,2014.0,2016.0,2003.0
2021107084,ボルドーエゾンス,牝,高橋俊之,,ホークビル,000a01327c,ホーチャム,2012104042,ステイゴールド,1994108729,シグラップ・マネジメ,メイタイファーム,109.7,2013.0,2012.0,1994.0
2021101880,オディリア,牝,稻田彰宏,,ベストウォーリア,2010110127,スカーレットキス,2014104066,ディープインパクト,2002100816,中井徹,ノースガーデン,109.6,2010.0,2014.0,2002.0
2021102853,ノーブルレジェンド,牝,板垣吉則,,ダノンレジェンド,2010110102,ナパ,2006103401,スペシャルウィーク,1995103211,吉木伸彦,高村牧場,108.9,2010.0,2006.0,1995.0
2021104660,ガケップチー,牝,栗本陽一,,サトノアラジン,2011104063,ステップシー,2016105786,ハービンジャー,000a011996,樋口雅彦,市川牧場,108.7,2011.0,2016.0,2006.0
2021100263,ブルパーチェ,セ,迫田清美,,コパノリッキー,2010106548,カルディア,2012102300,ゼンノロブロイ,2000101517,（同）ＪＰＮ技研,築紫洋,108.5,2010.0,2012.0,2000.0
2021102619,ラッキードラゴン,牡,沖田明子,,オルフェーヴル,2008102636,ヤマカツセイレーン,2007101469,グラスワンダー,1995108676,落畑健,大西ファーム,108.4,2008.0,2007.0,1995.0
2021102744,ツルマルハート,牝,沼澤英知,,アポロケンタッキー,2012110098,トコロロ,2011105709,ティンバーカントリー,000a00035e,鶴谷義雄,木村牧場,108.1,2012.0,2011.0,1992.0
2021107376,パーシステンス,牡,胡本友晴,,サンダースノー,000a013a06,ハツガツオ,2011104643,パラダイスクリーク,1989109110,柴原栄,マリオステーブル,108.0,2014.0,2011.0,1989.0
2021107300,コーリングヘニー,牡,的場直之,,ヘニーヒューズ,000a011155,コーリンベリー,2011100069,サウスヴィグラス,1996110138,伊藤恵介,前谷武志,108.0,2003.0,2011.0,1996.0
2021102080,ソガノドルフィン,牡,斉藤正弘,,キタサンブラック,2012102013,ショコラーチ,2013100928,キンシャサノキセキ,2003110212,高瀬真尚,本間牧場,108.0,2012.0,2013.0,2003.0
2021100283,エイシンコラソン,牝,頼本盛行,,ミッキーアイル,2011103916,エーシングリフォン,2009110014,Street Cry,000a0103ba,木本成重,土田ファーム,108.0,2011.0,2009.0,1998.0
2021100422,ユイミオ,牝,櫻井拓章,,アルアイン,2014106046,スワンレーク,2016105006,ロードカナロア,2008103552,森本研太,前田ファーム,107.9,2014.0,2016.0,2008.0
2021101552,マダムルーチェ,牝,大島静夫,,エピカリス,2014103121,アルカンシエル,2011100450,スウィフトカレント,2001103189,北原大史,スマイルファーム,107.8,2014.0,2011.0,2001.0
2021107087,メイショウマサムネ,牡,藤ケ崎一,,エピカリス,2014103121,ムーンスガタ,2009103437,アドマイヤムーン,2003102991,川上和彦,メイタイファーム,107.5,2014.0,2009.0,2003.0
2021105914,イルプリンチペ,牡,迫田清美,,ワールドエース,2009106353,ローマンエンプレス,000a012940,Sadler's Wells,000a00185d,酒井孝敏,ノーザンファーム,107.5,2009.0,2006.0,1981.0
2021104051,ラメルセ,牝,水野善太,,シュヴァルグラン,2012104759,ニシノゼノビア,2017102606,エスケンデレヤ,000a012cc0,戸部昌洋,棚川祐志,107.5,2012.0,2017.0,2007.0
2021102663,ゴルドヴァッサー,牝,山田徹,,エピカリス,2014103121,オーゴンカガヤキ,2012101023,デュランダル,1999106756,瀬戸竜男,鎌田正嗣,107.2,2014.0,2012.0,1999.0
2021103157,メイショウチュラカ,牝,有馬澄男,,サトノアラジン,2011104063,メイショウボナール,2006101902,ホワイトマズル,1990109700,松本好雄,林孝輝,107.0,2011.0,2006.0,1990.0
2021102926,ハクサンダフネ,牝,坂口義幸,,シルポート,2005109202,エタニティ,2009102355,ジャングルポケット,1998101786,河崎五市,谷口牧場,107.0,2005.0,2009.0,1998.0
2021100391,ホーエンツォレルン,牝,加藤誠一,,ジョーカプチーノ,2006100529,カリズマ,2009102624,アドマイヤムーン,2003102991,森本敏正,本桐牧場,107.0,2006.0,2009.0,2003.0
2021102405,ビービークイーン,牝,佐々木功,,マジェスティックウォリアー,000a011e9c,カリビアンロマンス,2011100541,コマンズ,000a011625,横田一男,坂東牧場,106.7,2005.0,2011.0,1996.0
2021102586,インティメート,牝,川添明弘,,ディーマジェスティ,2013104704,アドマイヤオンリー,2007103052,クロフネ,1998110135,小橋亮太,浦河小林牧場,106.2,2013.0,2007.0,1998.0
2021100668,ベアロケット,牝,宗綱泰彦,,レッドファルクス,2011104416,サトノサクラ,2007100523,シンボリクリスエス,1999110099,大黒富美子,櫛桁牧場,106.1,2011.0,2007.0,1999.0
2021104262,レイズルノワール,牡,佐藤雅彦,,シャンハイボビー,000a0127e4,アーリースプリング,2006102968,クロフネ,1998110135,吉井盛治,野坂牧場,106.0,2010.0,2006.0,1998.0
2021103132,ブリーズアップ,牡,原口次夫,,マクフィ,000a011c77,ブレシッドサイレンス,000a0143ce,Siyouni,000a012056,酒井孝敏,日本中央競馬会日高育成牧場,105.9,2007.0,2013.0,2007.0
2021102171,プチカノン,牡,工藤裕孝,,ダノンシャーク,2008105554,アマレッティ,2012104750,キングカメハメハ,2001103460,川添裕起,門別敏朗,105.8,2008.0,2012.0,2001.0
2021100881,サイキョウサイコウ,牝,松島壽,,インカンテーション,2010104916,サンマルフェアー,2008102159,アドマイヤドン,1999107052,杉元四男,中村雅明,105.3,2010.0,2008.0,1999.0
2021107165,トトリムク,牝,土井道隆,,メイショウサムソン,2003102205,メイビータイム,2014105239,キャプテントゥーレ,2005102216,酒井孝敏,村上進治,105.0,2003.0,2014.0,2005.0
2021107131,タッチンオンマイ,牝,土屋洋之,,モーニン,2012110091,ネリヤカナヤ,2013102131,タイキシャトル,1994109686,濱村充哉,山岡牧場,105.0,2012.0,2013.0,1994.0
2021105672,アグリアス,牝,中川竜馬,,シュヴァルグラン,2012104759,トゥーピー,000a011a16,Intikhab,000a0022af,梶原哲朗,ノーザンファーム,105.0,2012.0,2002.0,1994.0
2021102073,フォーカルポイント,牡,胡本友晴,,カリフォルニアクローム,000a012602,ファーマペニー,2008105712,ジャングルポケット,1998101786,小橋亮太,細川牧場,105.0,2011.0,2008.0,1998.0
2021101496,トニーマルシェ,牝,田辺陽一,,アメリカンペイトリオット,000a013bba,グローリファイ,2014102199,キングズベスト,000a0022d2,山下貴晃,白瀬盛雄,105.0,2013.0,2014.0,1997.0
2021102944,バルサステソーロ,牝,三小田幸,,シャンハイボビー,000a0127e4,パッション,2010102153,アフリート,000a000013,堀江健二,大道牧場,104.9,2010.0,2010.0,1984.0
2021106286,セイカアビイロード,牝,今井輝和,,グレーターロンドン,2012101402,セイカイリス,2011100622,キングカメハメハ,2001103460,内山啓,シンユウファーム,104.8,2012.0,2011.0,2001.0
2021105701,ピアリ,牝,寺地誠一,,ロードカナロア,2008103552,パーシーズベスト,2013106015,ディープインパクト,2002100816,高野良美,ノーザンファーム,104.8,2008.0,2013.0,2002.0
2021102607,エイシンゴースト,牝,新田守,,ダイワメジャー,2001103114,エイシンルキア,2014103053,グラスワンダー,1995108676,安彦公一,栄進牧場,104.8,2001.0,2014.0,1995.0
2021101479,ロイドバローズ,牡,地辺幸一,,ロジャーバローズ,2016106065,チェルカ,2005102478,クロフネ,1998110135,（株）ファーストビジ,白井牧場,104.5,2016.0,2005.0,1998.0
2021104355,サンヨウアカヘル,牝,田嶋弘幸,,シゲルカガ,2011103048,シゲルアケビ,2009101767,ゴールドアリュール,1999106689,上野孝展,福岡駿弥,104.0,2011.0,2009.0,1999.0
2021100850,ダイヤノフッカツ,牡,戸部尚実,,ミキノバンジョー,2007100811,ピサノパスティーユ,2001103848,サンデーサイレンス,000a00033a,遠藤喜和,ダイヤモンドファーム,103.5,2007.0,2001.0,1986.0
2021103580,セレシュ,牝,井樋明正,,マスクゾロ,2011110069,エイシンイザナミ,2013102540,シンボリクリスエス,1999110099,（同）ＪＰＮ技研,岡田牧場,103.2,2011.0,2013.0,1999.0
2021100785,クイーンカゴシマ,牝,平山宏秀,,ミッキーグローリー,2013103999,ナリタアマリリス,2014103869,ハーツクライ,2001103038,上村裕希,鮫川啓一,103.2,2013.0,2014.0,2001.0
2021106810,ポンポンダリア,牝,川添明弘,,ゴールドシップ,2009102739,ポンポンルージュ,2017110166,Kitten's Joy,000a0119b3,（株）アプエンテ,ビッグレッドファーム,103.1,2009.0,2017.0,2001.0
2021104031,アストロステージ,牡,高橋優子,,カレンブラックヒル,2009106230,アナタゴノミ,2001105672,デヒア,000a0000df,平本淳一,田中裕之,103.0,2009.0,2001.0,1991.0
2021100062,スターオブステップ,牡,池田忠好,,ダノンバラード,2008103548,レネット,2015102389,ダイワメジャー,2001103114,光安了,小野秀治,102.6,2008.0,2015.0,2001.0
2021104123,サイモンクレスト,牡,寺地誠一,,リアルインパクト,2008103244,ダイワジャンヌ,2005100578,タニノギムレット,1999100226,川副真姫,千代田牧場,102.5,2008.0,2005.0,1999.0
2021106382,レインボートパーズ,牝,櫻井拓章,,Ghostzapper,000a010525,レディダイナ,000a01b7e4,Tapit,000a011248,川下竜彦,大栄牧場,102.4,2000.0,2012.0,2001.0
2021102751,エメラルグリーン,牝,平和人,,カリフォルニアクローム,000a012602,セトウチソーラー,2007104004,スペシャルウィーク,1995103211,高橋勉,金成吉田牧場,102.3,2011.0,2007.0,1995.0
2021105185,ナンヨーレギュラー,牡,角田輝也,,ブラックタイド,2001103312,ファルトレク,2016105118,ノヴェリスト,000a012230,中村徳也,社台ファーム,102.2,2001.0,2016.0,2009.0
2021106297,ヨゾラノチカイ,牡,菅原勲,,シルバーステート,2013105903,オーヴァーアンダー,000a011e0a,Seeking the Gold,000a001bea,福島徳佑,須崎牧場,102.1,2013.0,2004.0,1985.0
2021106282,リボースワールド,牝,三小田幸,,トゥザワールド,2011103975,リボース,2015106271,グラスワンダー,1995108676,桑原一樹,シンカンファーム,102.0,2011.0,2015.0,1995.0
2021104469,コパノユミル,牡,後藤正義,,ラブイズブーシェ,2009101075,コパノレイミー,2014101869,スターリングローズ,1997106560,小林照弘,へいはた牧場,102.0,2009.0,2014.0,1997.0
2021102529,リュウノジャウフ,牡,山口浩幸,,レッドファルクス,2011104416,グッドチョイス,2004103347,フレンチデピュティ,000a00013a,蓑島竜一,高村伸一,101.9,2011.0,2004.0,1992.0
2021107065,ネーヴェ,牡,田嶋弘幸,,エスポワールシチー,2005102837,グランロジエ,2015105039,キングヘイロー,1995104427,山本浩志,メイタイファーム,101.6,2005.0,2015.0,1995.0
2021101831,マイネルエタナ,牡,山田義人,,ベルシャザール,2008103004,フルーツタルト,2015101356,ディープインパクト,2002100816,上岡和男,ナカノファーム,101.6,2008.0,2015.0,2002.0
2021103517,フッカツノコロアイ,牝,植松則幸,,ヘニーヒューズ,000a011155,ナンヨーユナ,2010104266,ジャングルポケット,1998101786,（株）ファーストビジ,岡田スタッド,101.3,2003.0,2010.0,1998.0
2021102271,リコーレオパルド,牝,藤田正治,,バトルプラン,000a0118e8,リコーモンディアル,2012100966,フレンチデピュティ,000a00013a,（株）ファーストビジ,リコーファーム,100.7,2005.0,2012.0,1992.0
2021105268,ウェックスフォード,牡,加藤和宏,,オルフェーヴル,2008102636,ララア,000a01179d,Tapit,000a011248,（株）ファーストビジ,社台ファーム,100.6,2008.0,2006.0,2001.0
2021106795,レインボーフラワー,牝,藤ケ崎一,,ミッキーグローリー,2013103999,ダブルフラワー,2012102287,サムライハート,2002100996,服部康夫,ビッグレッドファーム,100.4,2013.0,2012.0,2002.0
2021104201,キャラメルソング,牝,後藤正義,,ラブイズブーシェ,2009101075,イマスグキスミー,2011104439,ジャングルポケット,1998101786,小林照弘,泊仁史,100.4,2009.0,2011.0,1998.0
2021103669,フェイトガッサン,牡,山口竜一,,ベストウォーリア,2010110127,セミプレナ,2014101905,サマーバード,2006190002,西村專次,神垣道弘,100.4,2010.0,2014.0,2006.0
2021105043,ビクトリーフォース,牡,土井道隆,,ヴィクトワールピサ,2007102923,ゴールドケープ,2014105533,ワークフォース,000a011a7f,（同）ＪＰＮ技研,社台ファーム,100.2,2007.0,2014.0,2007.0
2021106958,ダブルオーキング,牡,佐宗応和,,モーニン,2012110091,ディーズプリンセス,2009106904,ゴールドアリュール,1999106689,菊地博,マリオステーブル,100.0,2012.0,2009.0,1999.0
2021106825,フェロシライト,牡,宗形竹見,,キンシャサノキセキ,2003110212,マイネボヌール,2009105146,ロージズインメイ,000a010a10,（有）ビッグレッドフ,ビッグレッドファーム,100.0,2003.0,2009.0,2000.0
2021106112,ユウユウリリー,牝,大宮和也,,レガーロ,2013105464,サクラマシェリ,2008100255,キングカメハメハ,2001103460,北原大史,海馬沢明,100.0,2013.0,2008.0,2001.0
2021104594,エコロアルゴ,牡,保利良平,,モーニン,2012110091,サクラヴィッキー,2004104487,ダンスインザダーク,1993109188,原村正紀,山田牧場,100.0,2012.0,2004.0,1993.0
2021104505,ビジュー,牝,荒山勝徳,,エピファネイア,2010104155,グラニーズチップス,2014105916,ハーツクライ,2001103038,カナヤマホールディングス,前谷武志,100.0,2010.0,2014.0,2001.0
2021103280,スリーハウオ,牝,林幻,,ビーチパトロール,000a0141f9,メイショウルンバ,2011106067,マツリダゴッホ,2003104570,三嶋昌春,三嶋牧場,100.0,2013.0,2011.0,2003.0
2021102085,クニノポピー,牡,国沢輝幸,,シャンハイボビー,000a0127e4,セラミックアート,2010103684,フジキセキ,1992109618,国田正忠,本間牧場,100.0,2010.0,2010.0,1992.0
2021101581,ミステリー,牝,櫻井今朝,,ビッグアーサー,2011103328,メイショウシオギリ,2004105766,メイショウドトウ,1996110113,遠藤喜和,高柳隆男,100.0,2011.0,2004.0,1996.0
2021100286,トモニアユム,牝,鋤田誠二,,ベルシャザール,2008103004,ハーツデザイヤー,2004101347,アグネスタキオン,1998101516,内藤正生,土田ファーム,100.0,2008.0,2004.0,1998.0
2021103415,フラワーレジェンド,牝,錦見勇夫,,レインボーライン,2013106183,ラガーファンタジー,2010101622,クロフネ,1998110135,遠藤喜和,荒木貴宏,99.8,2013.0,2010.0,1998.0
2021103400,デュアルブレイド,牡,沖田明子,,レインボーライン,2013106183,ハッピーディレンマ,2007102865,アグネスタキオン,1998101516,谷口祐人,アフリートファーム,99.6,2013.0,2007.0,1998.0
2021110028,ポルカドットタイ,牡,伊藤和,,Blue Point,000a01bd91,Yellow Rosebud,000a01c72c,Jeremy,000a012af9,小嶋浩之,Godolphin,99.5,2014.0,2009.0,2003.0
2021106717,ダイメイヒマワリ,牝,大垣敏夫,,ワールドエース,2009106353,ダイメイジャスミン,2015103146,ロードカナロア,2008103552,宮本孝一,林博道,99.4,2009.0,2015.0,2008.0
2021106085,クレバーピコ,牝,佐藤茂,,サトノアラジン,2011104063,ヒメタチバナ,2013104536,ナカヤマフェスタ,2006102424,岡田和惠,大狩部牧場,99.2,2011.0,2013.0,2006.0
2021104726,アミュレット,牝,瀬戸幸一,,マクマホン,000a0143ac,トーセンレディ,2010103194,ダイワメジャー,2001103114,安藤浩也,エスティファーム,99.2,2014.0,2010.0,2001.0
2021104056,フェスティヴマメ,牝,加藤幸保,,サクラゼウス,2004104495,サクラグレイス,2013104403,ハービンジャー,000a011996,臼井義太郎,谷岡スタット,99.2,2004.0,2013.0,2006.0
2021106962,セレナイトグレー,牡,胡本友晴,,シルバーステート,2013105903,ポッドマロン,2012102693,ネオユニヴァース,2000101426,柴原栄,マリオステーブル,99.0,2013.0,2012.0,2000.0
2021106750,デルマスーリア,牡,菅原勲,,トゥザワールド,2011103975,ピロット,1999100384,ラムタラ,000a0001d4,浅沼廣幸,ヒカル牧場,99.0,2011.0,1999.0,1992.0
2021100869,アンヴァルガー,牝,三小田幸,,サンダースノー,000a013a06,シャインオンアテナ,2016106224,ディープブリランテ,2009105084,北原大史,中神牧場,98.9,2014.0,2016.0,2009.0
2021106198,ウインベルレーヌ,牝,櫻田康二,,ルーラーシップ,2007103143,ウインシャトレーヌ,2014104278,ダイワメジャー,2001103114,鶴谷義雄,コスモヴューファーム,98.8,2007.0,2014.0,2001.0
2021105671,ディアクルーナ,牝,黒岩陽一,,モーリス,2011100655,トゥリフォー,000a013e40,Frankel,000a01239b,小島章義,ノーザンファーム,98.6,2011.0,2014.0,2008.0
2021107077,ハプニングヒアー,牝,新子雅司,,エピカリス,2014103121,トレトレボーラー,2011103160,メイショウボーラー,2001100650,（株）ｇｌｉｔｔｅｒ,メイタイファーム,98.5,2014.0,2011.0,2001.0
2021106039,フェアリーフロス,牝,田辺陽一,,メイショウボーラー,2001100650,エレガントゴールド,2005107081,ステイゴールド,1994108729,鈴木秀明,飯島功典,98.0,2001.0,2005.0,1994.0
2021102323,カシノキャッツアイ,牝,東美義,,ディスクリートキャット,000a0113a1,エアジュプロンサ,2008103325,ハーツクライ,2001103038,柏木務,稲原牧場,98.0,2003.0,2008.0,2001.0
2021100491,アトレイ,牝,田中正二,,ワールドエース,2009106353,マプチートカーユ,2015105574,フレンチデピュティ,000a00013a,杉山忠国,明治牧場,98.0,2009.0,2015.0,1992.0
2021100312,タカイチラブリー,牝,藪口一麻,,ラブリーデイ,2010104298,トーセンネフティス,2009102232,ディープインパクト,2002100816,高橋一郎,中橋清,98.0,2010.0,2009.0,2002.0
2021102096,エニアック,牝,藤田正治,,バゴ,2001190004,ノヴェンバースカイ,2011102248,ディープスカイ,2005101358,安達洋生,前川義則,97.9,2001.0,2011.0,2005.0
2021107129,ムーンロゼ,牝,金田一昌,,アドマイヤムーン,2003102991,エトワールドロゼ,2011104525,アドマイヤマックス,1999107004,矢沼浩二,山岡牧場,97.8,2003.0,2011.0,1999.0
2021101990,ナツノオワリニ,牝,佐藤祐司,,オーシャンブルー,2008102978,デルマチャチャ,2013100865,サムライハート,2002100996,北原大史,ファニーヒルファーム,97.8,2008.0,2013.0,2002.0
2021102348,ラブミーマルボロ,牝,新井清重,,コパノリッキー,2010106548,レディマールボロ,000a011506,Smoke Glacken,000a00222c,小林祥晃,北島牧場,97.5,2010.0,2004.0,1994.0
2021100601,ゴールドクルーズ,牡,塚田隆男,,モーニン,2012110091,ゴールドウエイ,2016102204,ルーラーシップ,2007103143,（有）崇富商業,王蔵牧場,97.5,2012.0,2016.0,2007.0
2021103828,ラングレーヴン,牝,中川竜馬,,オルフェーヴル,2008102636,ファビラスタイム,2009105923,シンボリクリスエス,1999110099,豊島愛子,桜井牧場,97.3,2008.0,2009.0,1999.0
2021102881,ジャグラー,牡,角田輝也,,ダイワメジャー,2001103114,ヴァンゴーゴー,000a013713,Dutch Art,000a0121d7,寺田寿男,谷川牧場,97.3,2001.0,2009.0,2004.0
2021100959,マドモアゼルハポン,牝,櫻田浩樹,,シルバーステート,2013105903,ディアルーモ,2010102921,ネオユニヴァース,2000101426,藤井一雄,不二牧場,97.1,2013.0,2010.0,2000.0
2021100804,ランブルフィッシュ,牡,山田徹,,ミッキーアイル,2011103916,コーラルグリッタ,2009101155,ゼンノロブロイ,2000101517,岡展宏,猿橋義昭,97.1,2011.0,2009.0,2000.0
2021104939,ダズリングティアラ,牝,藤田正治,,モーリス,2011100655,アサクサティアラ,2010103956,ディープインパクト,2002100816,ファーストビジョン,社台ファーム,96.8,2011.0,2010.0,2002.0
2021103524,ガーデンオブエデン,牝,加藤和宏,,ダイワメジャー,2001103114,パラダイスガーデン,2012110030,Closing Argument,000a011594,（株）ファーストビジ,岡田スタッド,96.6,2001.0,2012.0,2002.0
2021106331,サンセットビーチ,牝,石川栄,,リオンディーズ,2013105915,シンボリティアラ,2015106251,スクリーンヒーロー,2004103328,ライフエンタープライ,高瀬牧場,96.2,2013.0,2015.0,2004.0
2021104367,リュウノカティーフ,牝,野口寛仁,,シビルウォー,2005102317,リュウノシャンソン,2016106006,トーセンラー,2008102985,蓑島竜一,藤川ファーム,96.2,2005.0,2016.0,2008.0
2021101899,ケイスリー,牡,別府真司,,トーセンラー,2008102985,エスターブレ,2010102951,タニノギムレット,1999100226,廣松光成,長谷部牧場,96.0,2008.0,2010.0,1999.0
2021103410,コタロー,牡,佐藤雅彦,,ホークビル,000a01327c,コハルチャン,2015100878,スクリーンヒーロー,2004103328,二口雅一,荒木貴宏,95.8,2013.0,2015.0,2004.0
2021106173,イナズマホリデー,牝,田口輝彦,,シャンハイボビー,000a0127e4,コウエイテンプウ,2006100647,デヒア,000a0000df,小泉賢悟,小泉牧場,95.5,2010.0,2006.0,1991.0
2021102759,ダイタジェネシス,牝,伊藤強一,,ドゥラメンテ,2012104511,イシス,2012100041,キングヘイロー,1995104427,中込哲太郎,グランデファーム,95.2,2012.0,2012.0,1995.0
2021101285,ホークアイ,牡,渡辺博文,,ヴィクトワールピサ,2007102923,ハタノアデール,2014101853,ハービンジャー,000a011996,酒井孝敏,グッドラック・ファーム,95.2,2007.0,2014.0,2006.0
2021109109,ツキミムスメ,牝,真島正徳,,リーチザクラウン,2006102923,ツキミチャン,2011106417,フジキセキ,1992109618,瓜生和彦,坂本秀樹,95.0,2006.0,2011.0,1992.0
2021105708,ビキニオンザビーチ,牝,鮫島克也,,モーリス,2011100655,ビキニブロンド,2009106375,キングカメハメハ,2001103460,北原大史,ノーザンファーム,95.0,2011.0,2009.0,2001.0
2021103858,エンムスビ,牝,室井眞文,,スクリーンヒーロー,2004103328,ウアジェト,2008101637,シンボリクリスエス,1999110099,嶋田孝徳,サンデーヒルズ,94.9,2004.0,2008.0,1999.0
2021104014,ラインロック,牝,大島静夫,,スワーヴリチャード,2014106083,ラインキャメロン,2009103711,キングカメハメハ,2001103460,吉岡時美,高橋陵,94.8,2014.0,2009.0,2001.0
2021104719,トーセンルーカス,牡,後藤正義,,マクマホン,000a0143ac,トーセンビクトリー,2012104733,キングカメハメハ,2001103460,島川隆哉,エスティファーム,94.1,2014.0,2012.0,2001.0
2021109003,ブレイキングダウン,牝,新井健児,,アルデバランII,000a010541,ゴールデンティアラ,2013101769,ハーツクライ,2001103038,（株）心頼ＬｏｏＰ,荒谷牧場,94.0,1998.0,2013.0,2001.0
2021103780,フミタツブラヴォー,牡,佐々木由,,オーシャンブルー,2008102978,ペイシャコリンナ,2016100354,カネヒキリ,2002100978,大黒富美子,酒井亨,94.0,2008.0,2016.0,2002.0
2021102946,フークパートナー,牝,齋藤雄一,,オルフェーヴル,2008102636,フォルラーヌ,2012104288,ジャングルポケット,1998101786,福岡隆史,大道牧場,94.0,2008.0,2012.0,1998.0
2021106323,サンライズテラス,牝,和田正一,,スワーヴリチャード,2014106083,ライステラス,2008104574,ソングオブウインド,2003102461,スピードファーム,スピードファーム,93.9,2014.0,2008.0,2003.0
2021106929,クールシェリー,牝,錦見勇夫,,レイデオロ,2014106201,フラワーハート,2011105310,サムライハート,2002100996,山本忍,松浦牧場,93.8,2014.0,2011.0,2002.0
2021100725,ティアップファイト,牡,菅原欣也,,リオンディーズ,2013105915,ティアップレーヴ,2010100275,クロフネ,1998110135,栗嶋豊明,高昭牧場,93.8,2013.0,2010.0,1998.0
2021109122,コウジョウノツキ,牝,平山宏秀,,ケイムホーム,000a0108d1,シャイニングピアス,2001101389,ブライアンズタイム,000a000082,ＫＡＪＩＭＯＴＯホールディングス,本田土寿,93.4,1999.0,2001.0,1985.0
2021103465,リエンダ,牡,藤ケ崎一,,ヤマカツエース,2012102774,マリアローザ,2010100499,フジキセキ,1992109618,服部康夫,大滝康晴,93.4,2012.0,2010.0,1992.0
2021105810,ロカブルン,牝,吉田直弘,,ロードカナロア,2008103552,ムードインディゴ,2005102182,ダンスインザダーク,1993109188,金子真人ホールディングス,ノーザンファーム,93.2,2008.0,2005.0,1993.0
2021104425,クルシナ,牡,安部幸夫,,シュヴァルグラン,2012104759,ペルセクション,2010110084,Invasor,000a0114ba,門野重雄,フジワラファーム,93.2,2012.0,2010.0,2002.0
2021106720,テイエムキャニー,牝,畑端省吾,,フリオーソ,2004106867,アンキャニー,2010106308,アグネスタキオン,1998101516,竹園正繼,パカパカファーム,93.0,2004.0,2010.0,1998.0
2021103313,クリノルイーズ,牝,藤川純,,キンシャサノキセキ,2003110212,フォルクスオーパー,2006102334,テイエムオペラオー,1996100292,栗本守,宮内牧場,93.0,2003.0,2006.0,1996.0
2021102943,フークマヨ,牝,関本浩司,,トビーズコーナー,000a011fed,ハシルヨアカルク,2011101357,ディープインパクト,2002100816,福岡隆史,大道牧場,93.0,2008.0,2011.0,2002.0
2021101472,オイラー,牝,宗綱泰彦,,パイロ,000a01176a,ウェイヴランナー,000a012807,Raven's Pass,000a011d04,大黒富美子,白井牧場,93.0,2005.0,2010.0,2005.0
2021105758,ゴールデンリープ,牝,池田忠好,,オルフェーヴル,2008102636,プロミストリープ,2015104981,ヘニーヒューズ,000a011155,山本将司,ノーザンファーム,92.8,2008.0,2015.0,2003.0
2021100971,マサハヤポルヴォー,牡,高橋優子,,ザサンデーフサイチ,2004102855,コハクトウ,2017104934,ルーラーシップ,2007103143,中村政夫,丸村村下ファーム,92.5,2004.0,2017.0,2007.0
2021101343,マドンニーナ,牝,桜田康二,,アンライバルド,2006103308,レクラドリール,2014101894,マヤノトップガン,1992102988,伊達泰明,サンシャイン牧場,92.4,2006.0,2014.0,1992.0
2021101723,オスピタリテ,牝,尾原強,,エピファネイア,2010104155,オモテナシII,000a012e28,Henrythenavigator,000a0116fd,谷謙介,チャンピオンズファーム,92.3,2010.0,2012.0,2005.0
2021107382,アークヴィヴィアン,牝,坂口義幸,,メイショウサムソン,2003102205,ベコニングキャット,2006110100,One Cool Cat,000a0111d2,谷謙介,グラストレーニングセンター,92.1,2003.0,2006.0,2001.0
2021100220,エイシンソナタ,牝,菅原欣也,,エイシンフラッシュ,2007102951,スウィートクレメンタイン,000a0123db,Shamardal,000a010c92,大黒富美子,城地牧場,92.0,2007.0,2007.0,2002.0
2021100048,ホットポップ,牡,藤川純,,シュヴァルグラン,2012104759,クロカミノマイ,2007105320,コマンダーインチーフ,000a0000b0,横田秀明,沖田哲夫,92.0,2012.0,2007.0,1990.0
2021102047,センベロ,牝,吉井一良,,カレンブラックヒル,2009106230,シュガーハートコン,2009103007,オンファイア,2003102809,原田猛,宝寄山拓樹,91.4,2009.0,2009.0,2003.0
2021106822,ポーラーシュテルン,牝,井上哲,,ゴールドシップ,2009102739,マイネトゥインクル,2005105525,ムタファーウエク,000a000d9e,酒井孝敏,ビッグレッドファーム,91.3,2009.0,2005.0,1996.0
2021105210,マテンロウディアナ,牝,中内田充,,ブリックスアンドモルタル,000a014377,ブルックデイル,2012104418,キングカメハメハ,2001103460,寺田千代乃,社台ファーム,91.2,2014.0,2012.0,2001.0
2021103391,ウインウェイウェイ,牝,沖田明子,,ファインニードル,2013100612,ウインシンシア,2003101878,ダンスインザダーク,1993109188,（株）ネクストレンド,アフリートファーム,91.2,2013.0,2003.0,1993.0
2021102922,ミュークインディ,牡,西川進也,,ダノンレジェンド,2010110102,レディスウィフト,2008110117,Ghostzapper,000a010525,庄司修二,谷川牧場,91.2,2010.0,2008.0,2000.0
2021101063,メタシアター,牝,佐藤浩一,,エピファネイア,2010104155,ミッシングリンク,2014101627,ヴィクトワールピサ,2007102923,小田吉男,天羽禮治,91.1,2010.0,2014.0,2007.0
2021105199,マルカフェリス,牡,瀬戸口悟,,イスラボニータ,2011103565,フレンチボウ,2008103003,ホワイトマズル,1990109700,近藤正人,社台ファーム,91.0,2011.0,2008.0,1990.0
2021103892,フレールサンク,牡,加藤和義,,バンブーエール,2003104100,コンフェッシオン,2012104684,ダイワメジャー,2001103114,山崎祐嗣,静内ファーム,91.0,2003.0,2012.0,2001.0
2021102822,ナチュラルエイト,牝,鋤田誠二,,ダノンレジェンド,2010110102,スクリプティド,2015101611,キングズベスト,000a0022d2,佐々木將吉,千里ファーム,91.0,2010.0,2015.0,1997.0
2021106201,ウインステファノス,牡,真島元徳,,ミッキーグローリー,2013103999,ウインティアラ,2012100236,ハービンジャー,000a011996,月舘範行,コスモヴューファーム,90.7,2013.0,2012.0,2006.0
2021105531,サトノクロシェット,牝,平田修,,サトノダイヤモンド,2013106101,サトノシュテルン,2014106013,Distorted Humor,000a0022ea,里見治,ノーザンファーム,90.0,2013.0,2014.0,1993.0
2021102606,キャンディシロップ,牝,後藤佑耶,,エイシンヒカリ,2011101273,エイシンマイウェイ,2017105861,ヨハネスブルグ,000a0103b9,岡田壮史,栄進牧場,90.0,2011.0,2017.0,1999.0
2021102303,カンカール,牝,藤野健太,,シャンハイボビー,000a0127e4,ウィズペイシェンス,2007103178,ネオユニヴァース,2000101426,フォレストレーシング,赤石牧場,90.0,2010.0,2007.0,2000.0
2021101765,フィリール,牡,長倉功,,ドレフォン,000a013b82,ヤマン,2013104937,ハービンジャー,000a011996,（株）チャンピオンズ,チャンピオンズファーム,90.0,2013.0,2013.0,2006.0
2021101648,アメリカンミューズ,牝,大島静夫,,アメリカンペイトリオット,000a013bba,サンデーミューズ,2007105711,アルカセット,2000190010,北原大史,ダーレー・ジャパン・ファーム,90.0,2013.0,2007.0,2000.0
2021101499,ゲティングアウト,牡,栗林徹治,,ホークビル,000a01327c,ハナズルナピエナ,2009102988,アドマイヤムーン,2003102991,伊藤健,白瀬盛雄,90.0,2013.0,2009.0,2003.0
2021101348,リターンエース,牡,東眞市,,ストロングリターン,2006102934,クィーンパレット,2012100379,ブラックタイド,2001103312,井上久光,サンバマウンテンファーム,89.6,2006.0,2012.0,2001.0
2021107072,ニシノコウテイ,セ,山口浩幸,,ネロ,2011103722,セイウンアカマイ,2015110099,アニマルキングダム,000a011dad,冨田藤男,メイタイファーム,89.4,2011.0,2015.0,2008.0
2021101249,クラウンフェリチェ,牡,東眞市,,ノボジャック,1997110152,クラウンハッピー,2008102247,スウェプトオーヴァーボード,000a00fa34,サンエツ企画（有）,クラウン日高牧場,88.8,1997.0,2008.0,1997.0
2021102325,カナデルバローズ,牝,川野勇馬,,モンテロッソ,000a011b05,キャメロンバローズ,2006105711,シングスピール,1992190005,佐山元章,稲原牧場,88.5,2007.0,2006.0,1992.0
2021103624,アイテール,牡,赤嶺亮,,エピカリス,2014103121,ソライロノハナ,2012103232,プリサイスエンド,000a00fe9b,今中俊平,小倉光博,88.0,2014.0,2012.0,1997.0
2021104438,ジュエルドパリ,牡,新子雅司,,ダンスディレクター,2010103303,エイジアンウインズ,2004103179,フジキセキ,1992109618,太田珠々子,藤原牧場,87.5,2010.0,2004.0,1992.0
2021103405,スイバ,牡,佐々木功,,アルデバランII,000a010541,ポメロ,2015104280,ワークフォース,000a011a7f,酒井孝敏,アフリートファーム,87.5,1998.0,2015.0,2007.0
2021103018,アイトワ,牝,田中一巧,,ニューイヤーズデイ,000a014589,モーレアモーレ,2011105892,ジャイアントレッカー,000a01151b,江馬由将,辻牧場,87.5,2011.0,2011.0,2002.0
2021101314,スノーワルツ,牝,酒井一則,,サンダースノー,000a013a06,サイレンスドリーム,2009105262,ディープインパクト,2002100816,瀬戸竜男,坂牧場,87.5,2014.0,2009.0,2002.0
2021106494,タマゴカケゴハン,牝,小野寺晋,,モーニン,2012110091,ヒミノオトヒメ,2002102207,コマンダーインチーフ,000a0000b0,大塚謹吾,中本隆志,87.0,2012.0,2002.0,1990.0
2021105941,プラウドコラゾン,牝,竹下太,,アポロソニック,2010110120,シワクシラナミ,2011102845,シルバーチャーム,000a00227c,古谷剛彦,宮井孝典,86.8,2010.0,2011.0,1994.0
2021106162,エザルターレ,牝,渡瀬寛彰,,エピファネイア,2010104155,キョウワゼノビア,2013101392,ハーツクライ,2001103038,浅川慶太,協和牧場,86.5,2010.0,2013.0,2001.0
2021100778,スカラーズメイト,牝,中道啓二,,コパノリッキー,2010106548,キルシュバウム,2007106366,キングヘイロー,1995104427,（株）ｗｈｉｔｅｌｅ,鮫川啓一,86.5,2010.0,2007.0,1995.0
2021105579,ジェントルレイン,牝,三小田幸,,レインボーライン,2013106183,シーオブラブ,2012104763,ディープインパクト,2002100816,北原大史,ノーザンファーム,86.4,2013.0,2012.0,2002.0
2021101278,ビンゴセーラ,牝,北村欣也,,ビッグアーサー,2011103328,モルフェワイン,2011100871,ソングオブウインド,2003102461,藤井陸治,クリアファーム,86.4,2011.0,2011.0,2003.0
2021100024,ブリックス,牡,菅原欣也,,ブリックスアンドモルタル,000a014377,ベラルーナ,2009101407,ディープインパクト,2002100816,橋本義次,上村清志,86.3,2014.0,2009.0,2002.0
2021105170,ナックエクレール,牡,中野博,,ダイワメジャー,2001103114,パワフルノンコ,2015104451,ワークフォース,000a011a7f,小松欣也,社台ファーム,86.2,2001.0,2015.0,2007.0
2021104452,ダイセンサラー,牡,菅原勲,,ビッグアーサー,2011103328,リルティングソング,2005100932,スペシャルウィーク,1995103211,根田喜久雄,藤原牧場,85.8,2011.0,2005.0,1995.0
2021102101,ローズワンステラ,牝,岡島玉一,,ラニ,2013110045,ローズオブローズ,2012102877,スマートボーイ,1995100385,新屋敬,前川義則,85.8,2013.0,2012.0,1995.0
2021103777,レオクマッキイ,牡,安部幸夫,,アポロケンタッキー,2012110098,キリノセンターガイ,2017100258,ベルシャザール,2008103004,山内昇,酒井亨,85.6,2012.0,2017.0,2008.0
2021103914,ビッグポケット,牡,金田一昌,,ビッグアーサー,2011103328,フルゴラ,2016105818,エイシンフラッシュ,2007102951,長橋秀雄,静内フジカワ牧場,85.5,2011.0,2016.0,2007.0
2021103876,スピリットアップ,牡,岩本洋,,ワールドエース,2009106353,メイケイペガムーン,2010102760,アドマイヤムーン,2003102991,（同）クイック・ホー,静内酒井牧場,85.5,2009.0,2010.0,2003.0
2021101327,フィオルダリーゾ,牡,西山裕貴,,トーセンラー,2008102985,ヴァイスヴァーサ,2011100266,ブライアンズタイム,000a000082,伊達泰明,サンシャイン牧場,85.5,2008.0,2011.0,1985.0
2021102616,ポルガラ,牝,板垣吉則,,マジェスティックウォリアー,000a011e9c,シルクドレス,2014102141,ディープスカイ,2005101358,シグラップ・マネジメ,絵笛牧場,85.3,2005.0,2014.0,2005.0
2021106252,コウソクテツドウ,牝,藤ケ崎一,,アジアエクスプレス,2011110091,セイラ,2009102772,スパイキュール,2000101557,鮎川福道,佐藤牧場,85.0,2011.0,2009.0,2000.0
2021102680,ラブリーメイク,牝,角田輝也,,ラブリーデイ,2010104298,シンデレラメイク,2015102043,ディープブリランテ,2009105084,田島政光,ガーベラパークスタッド,85.0,2010.0,2015.0,2009.0
2021101900,ホシカゼ,牝,高月賢一,,フリオーソ,2004106867,シルヴィルージュ,2008102969,アドマイヤコジーン,1996106512,鈴木基容,長谷部牧場,85.0,2004.0,2008.0,1996.0
2021109128,ポンズ,牝,加藤幸保,,ケイムホーム,000a0108d1,プリンセスゴールド,2002100724,サンデーサイレンス,000a00033a,内田玄祥,本田土寿,84.8,1999.0,2002.0,1986.0
2021102909,ホーギー,牡,石川浩文,,ホークビル,000a01327c,ポップオーヴァー,2012104831,サクラバクシンオー,1989108341,（同）ＪＰＮ技研,谷川牧場,84.8,2013.0,2012.0,1989.0
2021102394,オーシンダイヤ,牝,及川良春,,サトノダイヤモンド,2013106101,ブリーズドゥメール,2013105553,ヴィクトワールピサ,2007102923,谷謙介,二風谷ファーム,84.8,2013.0,2013.0,2007.0
2021100105,ザッツ,牡,井手上慎,,ビッグアーサー,2011103328,フェアリーロンド,2009106605,ゴールドアリュール,1999106689,太田美津子,木下牧場,84.8,2011.0,2009.0,1999.0
2021106458,サツキレジェンド,牝,手島勝利,,グレイレジェンド,2008103400,サツキミラクル,2016100108,キンシャサノキセキ,2003110212,小野さつき,トモファーム,84.4,2008.0,2016.0,2003.0
2021102184,ヤマジョーカ,牡,錦見勇夫,,ジョーカプチーノ,2006100529,エムオーアンジェラ,2006103578,マイネルラヴ,1995108558,山本忍,門別牧場,84.3,2006.0,2006.0,1995.0
2021101236,アリエス,牝,川嶋弘吉,,ダンカーク,000a012185,パイナマナ,2014101838,カネヒキリ,2002100978,木村牧場,木村牧場,84.2,2006.0,2014.0,2002.0
2021103857,オジョウ,牝,宇都英樹,,ヴィクトワールピサ,2007102923,イニシャルダブル,2010103683,ウォーエンブレム,000a00fa35,山口謙太郎,サンデーヒルズ,84.1,2007.0,2010.0,1999.0
2021107303,ペイシャイン,牡,沖田明子,,インカンテーション,2010104916,ラム,2010105185,アグネスタキオン,1998101516,北所拓也,ミリオンファーム,84.0,2010.0,2010.0,1998.0
2021107000,ユーライナー,牝,櫻井拓章,,リアルスティール,2012104889,ビクトリアスマイル,2016100851,ノヴェリスト,000a012230,北浦博樹,村上欽哉,84.0,2012.0,2016.0,2009.0
2021106895,サクラトップリッツ,牝,伊藤和忍,,ビッグアーサー,2011103328,チェリースピリッツ,2012103143,アドマイヤムーン,2003102991,櫻井秀樹,細川農場,84.0,2011.0,2012.0,2003.0
2021106577,ダークケリー,牝,後藤佑耶,,キタサンブラック,2012102013,バリアーモ,2012104909,シンボリクリスエス,1999110099,水谷昌晃,新冠橋本牧場,84.0,2012.0,2012.0,1999.0
2021104494,ベストジーニアス,牡,別府真司,,ベストウォーリア,2010110127,ヒストリコ,2016100968,スウェプトオーヴァーボード,000a00fa34,山口敦広,真歌田中牧場,84.0,2010.0,2016.0,1997.0
2021104311,スキップライト,牡,真島正徳,,イスラボニータ,2011103565,スキャンパー,000a01388e,Oasis Dream,000a010d4f,西村健,服部牧場,84.0,2011.0,2013.0,2000.0
2021100914,クレプスキュール,牝,碇清次郎,,ジョーカプチーノ,2006100529,アングレカム,2014110092,Pour Moi,000a0126ff,フジイ興産,ヒダカファーム,84.0,2006.0,2014.0,2008.0
2021105207,エターナルフレイア,牝,齋藤雄一,,ビーチパトロール,000a0141f9,ブリシンガメン,2014105584,ステイゴールド,1994108729,浦野和由,社台ファーム,83.5,2013.0,2014.0,1994.0
2021103562,ギサール,牝,酒井一則,,ヤマカツエース,2012102774,アスパラガス,2010102825,ティンバーカントリー,000a00035e,石澤純平,岡田猛,83.5,2012.0,2010.0,1992.0
2021103190,ロンギングソード,牝,工藤裕孝,,ロンギングダンサー,2009105855,カガヤクアイロ,2012105384,アドマイヤムーン,2003102991,加藤敏雄,丸幸小林牧場,83.5,2009.0,2012.0,2003.0
2021101714,ハニープリンセス,牝,川嶋弘吉,,ブリックスアンドモルタル,000a014377,アオイプリンセス,2013104960,キングカメハメハ,2001103460,坂田行夫,チャンピオンズファーム,83.5,2014.0,2013.0,2001.0
2021102547,メイショウポワロ,牝,大島静夫,,メイショウボーラー,2001100650,メイショウアガサ,2011103585,メイショウサムソン,2003102205,北原大史,中脇一幸,83.4,2001.0,2011.0,2003.0
2021107371,アマントアスク,牝,河内洋,,サンダースノー,000a013a06,ニシノプルメリア,2006102600,シングスピール,1992190005,廣崎利洋ＨＤ,マリオステーブル,83.0,2014.0,2006.0,1992.0
2021106955,ガンバレユウキ,牡,小桧山悟,,アドミラブル,2014105979,ケージーメグミ,2010105327,キングカメハメハ,2001103460,柴原榮,マリオステーブル,83.0,2014.0,2010.0,2001.0
2021105877,ピュアスマイル,牝,安田翔伍,,ハービンジャー,000a011996,レイリオン,2013106154,ダイワメジャー,2001103114,キャロットファーム,ノーザンファーム,83.0,2006.0,2013.0,2001.0
2021105813,ロールオブアームズ,牝,田村康仁,,ロードカナロア,2008103552,メジャーエンブレム,2013105840,ダイワメジャー,2001103114,サンデーレーシング,ノーザンファーム,83.0,2008.0,2013.0,2001.0
2021105468,リーゼダムール,牝,辻野泰之,,ドレフォン,000a013b82,カデナダムール,2014106194,ディープインパクト,2002100816,ＤＭＭドリームクラブ,ノーザンファーム,83.0,2013.0,2014.0,2002.0
2021105409,アリスヴィクトリア,牝,中内田充,,ロードカナロア,2008103552,ウィクトーリア,2016104836,ヴィクトワールピサ,2007102923,シルクレーシング,ノーザンファーム,83.0,2008.0,2016.0,2007.0
2021105398,エリザベスバローズ,牝,杉山晴紀,,ドゥラメンテ,2012104511,イスパニダ,000a013e81,Pure Prize,000a011252,猪熊広次,ノーザンファーム,83.0,2012.0,2013.0,1998.0
2021105051,スプレッドシャイン,牝,田中博康,,ブリックスアンドモルタル,000a014377,サンシャイン,2009105903,ハーツクライ,2001103038,社台レースホース,社台ファーム,83.0,2014.0,2009.0,2001.0
2021104975,マーシャリアーナ,牝,黒岩陽一,,ハービンジャー,000a011996,エグランティーナ,2012104257,シンボリクリスエス,1999110099,吉田照哉,社台ファーム,83.0,2006.0,2012.0,1999.0
2021104837,ニシノフルール,牝,杉浦宏昭,,モーリス,2011100655,エスプリドパリ,2012104348,ハーツクライ,2001103038,西山茂行,社台コーポレーション白老ファーム,83.0,2011.0,2012.0,2001.0
2021103983,ヒロブライト,牡,川村禎彦,,ダノンシャンティ,2007105709,アップファーレン,2015105269,ハードスパン,000a0116a1,石川博,高橋ファーム,83.0,2007.0,2015.0,2004.0
2021103836,ケイアイプロキオン,牡,和田正一,,デクラレーションオブウォー,000a0136f6,クインズサリナ,2014104515,ダノンシャンティ,2007105709,ケイアイスタリオン,佐竹学,83.0,2009.0,2014.0,2007.0
2021103540,ワンモアビスケット,牝,本間忍,,マインドユアビスケッツ,000a01392e,ヘレナモルフォ,2009102309,ジャングルポケット,1998101786,ノルマンディーサラブレッドレーシング,岡田スタッド,83.0,2013.0,2009.0,1998.0
2021103233,レッドラウル,牡,国枝栄,,キズナ,2010105827,サークリングII,000a01389d,Galileo,000a00232b,東京ホースレーシング,三嶋牧場,83.0,2010.0,2011.0,1998.0
2021103143,ルージュピエンツァ,牝,宗像義忠,,イスラボニータ,2011103565,パンツァネッラ,2014105950,ルーラーシップ,2007103143,東京ホースレーシング,信岡牧場,83.0,2011.0,2014.0,2007.0
2021103070,ヴァーニャ,牝,杉山佳明,,キズナ,2010105827,トゥルヴァ,000a01447e,Frankel,000a01239b,中辻明,富田牧場,83.0,2010.0,2015.0,2008.0
2021102600,ハートストロング,セ,笹田和秀,,オルフェーヴル,2008102636,ロワール,2013101407,アドマイヤムーン,2003102991,林進,浦河日成牧場,83.0,2008.0,2013.0,2003.0
2021102415,シュムック,牡,千田輝彦,,パイロ,000a01176a,スウィートラヴァー,2015102202,ルーラーシップ,2007103143,平山靖,坂東牧場,83.0,2005.0,2015.0,2007.0
2021101785,アストラルフロウ,牡,黒岩陽一,,ホークビル,000a01327c,プライムシスター,2016103376,ルーラーシップ,2007103143,鈴木淳人,出口牧場,83.0,2013.0,2016.0,2007.0
2021100820,ビーチプリンセス,牝,倉兼育康,,ビーチパトロール,000a0141f9,ハビタブルゾーン,2011104379,ネオユニヴァース,2000101426,国田正忠,大北牧場,83.0,2013.0,2011.0,2000.0
2021100141,メイオウ,牡,和田勇介,,シルバーステート,2013105903,キャサリンオブアラゴン,000a011dd9,Holy Roman Emperor,000a011ab8,中村伊三美,ケイアイファーム,83.0,2013.0,2008.0,2004.0
2021101389,ハセノビーバー,牡,菅原右吉,,キズナ,2010105827,クリーンファンキー,2013100389,タイキシャトル,1994109686,三木正浩,下河辺牧場,82.8,2010.0,2013.0,1994.0
2021102026,リスキリング,牡,井樋明正,,ワンアンドオンリー,2011105072,サバイバルポケット,2013105680,ジャングルポケット,1998101786,（同）ＪＰＮ技研,碧雲牧場,82.7,2011.0,2013.0,1998.0
2021107143,キャラメルタルト,牝,入口由美,,アジアエクスプレス,2011110091,ゴッドカリビアン,2013102105,ベーカバド,000a011dc0,田頭勇貴,芳住鉄兵,82.5,2011.0,2013.0,2007.0
2021106281,アマネク,牝,田嶋弘幸,,バトルプラン,000a0118e8,ミコドリーム,2017103759,ヴィクトワールピサ,2007102923,小橋亮太,シンカンファーム,82.4,2005.0,2017.0,2007.0
2021103275,メイショウノワキ,牝,濱田一夫,,キンシャサノキセキ,2003110212,メイショウヒサカタ,2015103379,シニスターミニスター,000a011099,角茂樹,三嶋牧場,82.3,2003.0,2015.0,2003.0
2021103743,パッソアパッソ,牝,藤原智行,,マジェスティックウォリアー,000a011e9c,パパラヴズマンボ,2012102883,スズカマンボ,2001103890,中尾勝,グランド牧場,82.0,2005.0,2012.0,2001.0
2021100776,ダイメイゼット,牡,岡島玉一,,ドレフォン,000a013b82,オースミミズホ,2010102122,スペシャルウィーク,1995103211,宮本昇,鮫川啓一,82.0,2013.0,2010.0,1995.0
2021101089,ハーバービュー,牝,九日俊光,,マツリダゴッホ,2003104570,サマーラグーン,2006106459,ボストンハーバー,000a00007c,酒井孝敏,荒井ファーム,81.8,2003.0,2006.0,1994.0
2021104525,リュウノアラー,牡,櫻田浩樹,,アニマルキングダム,000a011dad,チャームレディ,2005100994,アグネスタキオン,1998101516,蓑島竜一,前田牧場,81.6,2008.0,2005.0,1998.0
2021102384,カンパニヤン,牝,櫻田康二,,フリオーソ,2004106867,サプライズハッピー,2013101148,ゴールドアリュール,1999106689,西村專次,二風谷ファーム,81.6,2004.0,2013.0,1999.0
2021107385,イチバンザクラ,牝,藤田弘治,,ノヴェリスト,000a012230,イットーイチバン,2008103640,ディープインパクト,2002100816,宮内牧場,大道牧場,81.5,2009.0,2008.0,2002.0
2021100732,グランドフューチャ,牡,井手上慎,,エピファネイア,2010104155,ファウヴェリア,000a012b1f,Polish Precedent,000a001dde,山口謙太郎,高昭牧場,81.5,2010.0,2003.0,1986.0
2021106541,タガノハイブリッジ,牝,新子雅司,,アメリカンペイトリオット,000a013bba,タガノカトレア,2014100509,エンパイアメーカー,000a010542,八木良司,新冠タガノファーム,81.2,2013.0,2014.0,2000.0
2021101175,ツキヨノウサギ,牝,池田忠好,,サトノクラウン,2012104668,ルナティアーラ,2016102865,ディープインパクト,2002100816,鶴俊邦,オリオンファーム,81.2,2012.0,2016.0,2002.0
2021106649,ラスカシェロス,牝,高野毅,,ルーラーシップ,2007103143,ペルフィカ,2012100599,ゼンノロブロイ,2000101517,前田幸治,ノースヒルズ,81.0,2007.0,2012.0,2000.0
2021104357,ジョウショーブーケ,牝,雑賀伸一,,ミッキーロケット,2013106099,スターフォーユー,2006101248,アグネスデジタル,1997110025,熊田義孝,福岡駿弥,81.0,2013.0,2006.0,1997.0
2021103772,シャビーシック,牝,高橋俊之,,ロードカナロア,2008103552,マイネアンティーク,2009106193,サクラバクシンオー,1989108341,（株）Ｔ．Ｕ．Ｋ．,今牧場,80.9,2008.0,2009.0,1989.0
2021100003,トリプレッタ,牝,高橋俊之,,パイロ,000a01176a,コウユーユメダンス,2007103892,ダンスインザダーク,1993109188,佐々木均,飯岡牧場,80.9,2005.0,2007.0,1993.0
2021103988,シーヴェット,牝,池田忠好,,ロジャーバローズ,2016106065,シーヴァージア,2011101825,クロフネ,1998110135,倉重博文,高橋ファーム,80.8,2016.0,2011.0,1998.0
2021100809,アルペンホルン,牡,川西毅,,ルースリンド,2001106791,インマイラヴ,2001106409,ダンスインザダーク,1993109188,梅澤明,大北牧場,80.8,2001.0,2001.0,1993.0
2021100386,ポッピン,牝,千葉博次,,モーニン,2012110091,ミカエリビジン,2016101361,ハービンジャー,000a011996,谷謙介,幌村牧場,80.8,2012.0,2016.0,2006.0
2021100177,フライトシャーク,牡,真島元徳,,レッドファルクス,2011104416,ファイヤーアラーム,2016105193,アサクサキングス,2004103163,高山義朋,斉藤スタッド,80.8,2011.0,2016.0,2004.0
2021106523,ハーバーフロント,牝,金田一昌,,レイデオロ,2014106201,トウカイメガミ,2003100591,サンデーサイレンス,000a00033a,北原大史,長浜牧場,80.3,2014.0,2003.0,1986.0
2021102092,ジョウシュウノカゼ,牝,安部幸夫,,ネオユニヴァース,2000101426,カワイミチコ,2004106279,シンボリルドルフ,1981107017,インターフェース（同,前川義則,80.2,2000.0,2004.0,1981.0
2021109020,ドケンヤローズ,牝,野口孝,,オーシャンブルー,2008102978,オレンジローズ,2010103592,スウェプトオーヴァーボード,000a00fa34,岡田義雄,風ノ丘ファーム,80.0,2008.0,2010.0,1997.0
2021105353,ドリーミンマン,牡,小笠倫弘,,ロードカナロア,2008103552,アグレアーブル,2013106063,マンハッタンカフェ,1998101554,吉田和美,ノーザンファーム,80.0,2008.0,2013.0,1998.0
2021104568,インカルシ,牡,藪口一麻,,ホッコータルマエ,2009100921,ピンクチャリス,2008103174,アグネスタキオン,1998101516,村上進治,三木田牧場,80.0,2009.0,2008.0,1998.0
2021104397,カゲロウ,牡,藤ケ崎一,,ニューイヤーズデイ,000a014589,オールザットジャズ,2008100868,タニノギムレット,1999100226,北澤信,フジワラファーム,80.0,2011.0,2008.0,1999.0
2021104080,ミコノユメ,牝,溝橋利喜,,シニスターミニスター,000a011099,ユメヲカナエテ,2012110006,Arcano,000a011d56,大田愛奈,谷藤弘美,80.0,2003.0,2012.0,2007.0
2021102565,ミルトレオン,牡,平田正一,,リオンディーズ,2013105915,ノースファンタジー,2012105601,アドマイヤムーン,2003102991,永山勝敏,赤田牧場,80.0,2013.0,2012.0,2003.0
2021102041,リッキームーン,牝,小村正也,,コパノリッキー,2010106548,エーレンガート,2013100625,アドマイヤムーン,2003102991,（株）ＴＫＫ,宝寄山拓樹,79.8,2010.0,2013.0,2003.0
2021106833,レクエルダメ,牝,金田一昌,,ダノンバラード,2008103548,ラペルトワ,2013102727,ゼンノロブロイ,2000101517,北原大史,ビッグレッドファーム,79.7,2008.0,2013.0,2000.0
2021102287,ジェームズテソーロ,牝,室井眞文,,ヴィクトワールピサ,2007102923,ロマンシエール,2005104060,アグネスデジタル,1997110025,遠藤喜和,リョーケンファーム,79.3,2007.0,2005.0,1997.0
2021101613,オーブラボー,牡,藤ケ崎一,,サトノクラウン,2012104668,エトピリカ,2007105681,キングカメハメハ,2001103460,谷伊織,タバタファーム,79.3,2012.0,2007.0,2001.0
2021105636,ベゼルファセット,牡,伊藤勝己,,サトノダイヤモンド,2013106101,ダイヤモンドディーバ,000a0117f6,Dansili,000a010a5f,（同）ＪＰＮ技研,ノーザンファーム,79.2,2013.0,2004.0,1996.0
2021104982,プチフレーシュ,牝,高馬元紘,,ミッキーアイル,2011103916,エミーズパラダイス,2009105748,フサイチコンコルド,1993109220,田中義明,社台ファーム,79.2,2011.0,2009.0,1993.0
2021100754,ワンダーアレグリア,牝,九日俊光,,ワールドエース,2009106353,ワンダースニュマン,2013102826,エンパイアメーカー,000a010542,山本能成,高昭牧場,79.2,2009.0,2013.0,2000.0
2021103565,グランフェス,牝,宇都英樹,,シュヴァルグラン,2012104759,ストリートダイナー,2014104330,ストリートセンス,000a0113a2,（株）ファーストビジ,岡田猛,79.0,2012.0,2014.0,2004.0
2021100123,イチリュウオー,牡,小西一男,,バゴ,2001190004,マールデルプラタ,2013105985,ステイゴールド,1994108729,しょうじ,グローリーファーム,79.0,2001.0,2013.0,1994.0
2021101944,テイエムリベスト,牝,平山宏秀,,シルバーステート,2013105903,テイエムリヴィエラ,2011100636,テイエムオペラオー,1996100292,竹園正繼,日高テイエム牧場,78.8,2013.0,2011.0,1996.0
2021107273,ウェディングケーキ,牝,藤田正治,,サトノアラジン,2011104063,バンボッシュ,000a01596e,Tapit,000a011248,田頭勇貴,浜本牧場,78.7,2011.0,2012.0,2001.0
2021106273,エドヴァルド,牡,田嶋弘幸,,バトルプラン,000a0118e8,シンフォニーナイン,2016101050,ルーラーシップ,2007103143,田所英子,シンカンファーム,78.5,2005.0,2016.0,2007.0
2021104023,プリンセスマインド,牝,藤ケ崎一,,コパノリッキー,2010106548,スリーパール,2013104368,ハービンジャー,000a011996,寒川太一,武牧場,78.5,2010.0,2013.0,2006.0
2021103773,ダイノカール,牝,川島雅人,,ベストウォーリア,2010110127,リレミト,2013104190,ヴァーミリアン,2002100877,町田武,今牧場,78.5,2010.0,2013.0,2002.0
2021102427,クレアツィオーネ,牡,宗綱泰彦,,リオンディーズ,2013105915,ポケットチャーリー,2013105473,ジャングルポケット,1998101786,（同）ＪＰＮ技研,坂東牧場,78.5,2013.0,2013.0,1998.0
2021102524,エイシンポロス,牡,手島勝利,,コパノリチャード,2010106552,エーシンブランシュ,2009100248,クロフネ,1998110135,吉田勝利,清水誠一,78.4,2010.0,2009.0,1998.0
2021105511,シーグリント,牝,頼本盛行,,ルーラーシップ,2007103143,グリントオブライト,2013105769,ステイゴールド,1994108729,遠藤喜和,ノーザンファーム,78.2,2007.0,2013.0,1994.0
2021103724,ペアシェイプドバイ,牝,角川秀樹,,モーニン,2012110091,シルバームーン,2010102673,アドマイヤムーン,2003102991,椎名節,グランド牧場,78.0,2012.0,2010.0,2003.0
2021102063,トリマゴオーカン,牡,竹下直人,,シャンハイボビー,000a0127e4,プラチナムーン,2011102418,アドマイヤムーン,2003102991,森哲,豊洋牧場,78.0,2010.0,2011.0,2003.0
2021100345,シャンセレナーデ,牝,井手上慎,,ファインニードル,2013100612,セレナータ,2014102138,ストーミングホーム,1998190003,原口章,原口牧場,77.6,2013.0,2014.0,1998.0
2021105975,エイジランナー,牡,藤ケ崎一,,サトノダイヤモンド,2013106101,マザーロシア,000a012628,Mayakovsky,000a012622,広瀬将嗣,レイクヴィラファーム,77.5,2013.0,2006.0,1999.0
2021101170,リクサニー,牡,瀬戸口悟,,サトノクラウン,2012104668,ソートアフター,2014105532,ディープインパクト,2002100816,（同）ＪＰＮ技研,オリオンファーム,77.5,2012.0,2014.0,2002.0
2021100181,ブラヴォージャパン,牝,原口次夫,,トーセンラー,2008102985,エフテーストライク,2004101219,ブラックタキシード,1996107315,酒井孝敏,斉藤正男,77.4,2008.0,2004.0,1996.0
2021104409,サトノダンディ,セ,齋藤雄一,,カリフォルニアクローム,000a012602,ダイワデッセー,2009104150,スペシャルウィーク,1995103211,里見治,フジワラファーム,77.2,2011.0,2009.0,1995.0
2021103166,タイキトレコローネ,牡,新田守,,サトノクラウン,2012104668,クラウンアゲン,2013104907,マンハッタンカフェ,1998101554,北原大史,ビクトリーホースランチ,77.2,2012.0,2013.0,1998.0
2021107333,ビッグサンダー,牝,矢野義幸,,サンダースノー,000a013a06,エーシンレベルハイ,2006110043,Holy Bull,000a000180,菊地博,マリオステーブル,77.0,2014.0,2006.0,1991.0
2021103917,ミルキーメモリー,牝,竹下太,,リアルスティール,2012104889,ミルキーブロード,2009103639,クロフネ,1998110135,本城,静内フジカワ牧場,77.0,2012.0,2009.0,1998.0
2021104703,コッペリア,牝,頼本盛行,,マクマホン,000a0143ac,シーブリーズラブ,2013105887,カジノドライヴ,2005110112,大黒富美子,エスティファーム,76.8,2014.0,2013.0,2005.0
2021102375,ベルアモーレ,牡,藤田正治,,バゴ,2001190004,タイセイアモーレ,2013106009,ゼンノロブロイ,2000101517,鈴木和彦,中田牧場,76.7,2001.0,2013.0,2000.0
2021106985,ラブリネス,牝,加藤和義,,オルフェーヴル,2008102636,サトノジャスミン,2016110083,Wilburn,000a013c87,村上欽哉,村上欽哉,76.6,2008.0,2016.0,2008.0
2021102505,サニーホーク,牡,朝倉実,,モーリス,2011100655,オンケンバヤソワカ,000a013c98,Excellent Art,000a012379,蛭川年明,様似渡辺牧場,76.5,2011.0,2010.0,2004.0
2021105669,ルージュオニキス,牝,井樋一也,,サトノアラジン,2011104063,デビルズコーナー,2005110198,Songandaprayer,000a01069b,楊明翰,ノーザンファーム,76.4,2011.0,2005.0,1998.0
2021100531,マナプレ,牡,桧森邦夫,,ロゴタイプ,2010103783,オンザウインド,2013105244,ヴィクトワールピサ,2007102923,（同）ＭＩＲＡＩ,山野牧場,76.3,2010.0,2013.0,2007.0
2021103189,コーストガード,牡,櫻井今朝,,ビーチパトロール,000a0141f9,リベラルタイプ,2016105074,ノヴェリスト,000a012230,（同）ＪＰＮ技研,松田牧場,76.1,2013.0,2016.0,2009.0
2021103662,シャインウォーリア,牝,田嶋弘幸,,コパノリッキー,2010106548,ワイズアンサー,2013104084,サウスヴィグラス,1996110138,宮田平,カタオカファーム,76.0,2010.0,2013.0,1996.0
2021100216,エイシンドライアド,牝,藤田正治,,ブラックタイド,2001103312,エイシンローリン,2011101329,サウスヴィグラス,1996110138,（株）ファーストオ,城地牧場,75.7,2001.0,2011.0,1996.0
2021101349,メイゲツ,牡,濱田一夫,,ビッグアーサー,2011103328,クェスタボルタ,2015103865,ノヴェリスト,000a012230,倉重博文,サンバマウンテンファーム,75.6,2011.0,2015.0,2009.0
2021100042,インセンブレ,牝,井手上慎,,サトノクラウン,2012104668,フロンサック,2016105031,ワークフォース,000a011a7f,江津和人,沖田忠幸,75.6,2012.0,2016.0,2007.0
2021106334,ダイニセンタセーラ,牡,徳本慶一,,トゥザワールド,2011103975,ハワイアンシェーナ,2006104500,キングカメハメハ,2001103460,藤井陸治,武田寛治,75.3,2011.0,2006.0,2001.0
2021102538,デイジーリアン,牡,大宮和也,,マジェスティックウォリアー,000a011e9c,ポルタマリーナ,2007101169,ストラヴィンスキー,000a00fa41,ホンベホールディング,富田恭司,75.0,2005.0,2007.0,1996.0
2021101095,カラーパレット,牡,嶋田幸晴,,モンテロッソ,000a011b05,ハッピーラベンダー,2005102842,バブルガムフェロー,1993109219,宮本昌彦,石原牧場,75.0,2007.0,2005.0,1993.0
2021101055,フィッツロイ,牡,迫田清美,,サトノダイヤモンド,2013106101,シナスタジア,2009110042,Gone West,000a001be1,（同）ＪＰＮ技研,天羽禮治,75.0,2013.0,2009.0,1984.0
2021102053,サノノミッキー,牝,植松則幸,,ミッキーロケット,2013106099,アニマートホウヨウ,2010101033,フサイチコンコルド,1993109220,（株）ファーストビジ,豊洋牧場,74.5,2013.0,2010.0,1993.0
2021103734,キンコンテーラー,牝,佐藤茂,,レッドファルクス,2011104416,トゥービーハッピー,2010110021,Bernardini,000a0111fe,松橋公生,グランド牧場,74.4,2011.0,2010.0,2003.0
2021100159,ロードスタウト,牡,植松則幸,,ロードカナロア,2008103552,フィラデルフィア,2011103453,ディープインパクト,2002100816,（株）ファーストビジ,ケイアイファーム,74.3,2008.0,2011.0,2002.0
2021103702,イチザアン,牝,平山宏秀,,バトルプラン,000a0118e8,イチザラブ,2012103752,タイムパラドックス,1998101683,奈良崎孝一郎,桑嶋峰雄,74.2,2005.0,2012.0,1998.0
2021100037,チェリープラン,牝,坂口義幸,,バトルプラン,000a0118e8,チェリースプリング,2014103893,チェリークラウン,2004102428,谷謙介,沖田忠幸,74.1,2005.0,2014.0,2004.0
2021106849,ビナカマウ,牡,森澤友貴,,リーチザクラウン,2006102923,ビナセブン,2009103676,タイキシャトル,1994109686,井之口二三雄,プログレスファーム,74.0,2006.0,2009.0,1994.0
2021104076,サクラセンターベア,牝,後藤正義,,スクリーンヒーロー,2004103328,リンガスウラン,2013104411,ヴィクトワールピサ,2007102923,小松裕志,谷岡牧場,74.0,2004.0,2013.0,2007.0
2021105947,ダイキリ,牡,榎屋充,,ラニ,2013110045,フロントタック,2010100508,Macho Uno,000a010d0c,吉田哲,ヤマイチ牧場,73.9,2013.0,2010.0,1998.0
2021103054,タルト,牝,加藤和義,,ネロ,2011103722,ヘルムヴィーゲ,2016102452,ジャスタウェイ,2009106461,広瀬亨,ディアレストクラブ,73.9,2011.0,2016.0,2009.0
2021102647,リフトローダー,牝,高橋俊之,,ダンカーク,000a012185,ブライトチェリー,2010106163,マイネルラヴ,1995108558,栗嶋豊明,カナイシスタッド,73.6,2006.0,2010.0,1995.0
2021100167,スピナテイル,牝,田中淳司,,ロードカナロア,2008103552,メヌエット,2014101093,Tapit,000a011248,中村智幸,ケイアイファーム,73.6,2008.0,2014.0,2001.0
2021102690,ディオアビータ,牡,沖田明子,,コパノリッキー,2010106548,ハルノサキガケ,2011103725,ゼンノロブロイ,2000101517,寒川太一,ガーベラパークスタッド,73.5,2010.0,2011.0,2000.0
2021106088,シュタイフブリーゼ,牝,斉藤正弘,,ホークビル,000a01327c,ブラックシュガー,2012100093,ブラックタイド,2001103312,加藤徹,大狩部牧場,73.2,2013.0,2012.0,2001.0
2021102366,セプテンバーソング,牝,大島静夫,,ワールドエース,2009106353,オールオブユー,2012104158,ダイワメジャー,2001103114,北原大史,高橋啓,73.2,2009.0,2012.0,2001.0
2021103261,ティファニジェンヌ,牝,佐々木国,,ドレフォン,000a013b82,ミンティエアー,2004102984,アグネスタキオン,1998101516,吉田智,三嶋牧場,72.9,2013.0,2004.0,1998.0
2021100254,クライス,牝,土井道隆,,ミッキーロケット,2013106099,ワタリプリンセス,2010106261,ダンスインザダーク,1993109188,江頭佳宏,田中春美,72.9,2013.0,2010.0,1993.0
2021100943,ヤマニンアズライト,牝,森山英雄,,フェノーメノ,2009106599,ヤマニングロワール,2003100637,フレンチデピュティ,000a00013a,土井久美子,廣田光夫,72.8,2009.0,2003.0,1992.0
2021104507,マオノリオル,牝,笹野博司,,ワールドエース,2009106353,スノードリーム,2013100720,スウェプトオーヴァーボード,000a00fa34,湯浅健司,前谷武志,72.7,2009.0,2013.0,1997.0
2021100558,ジーティースズナリ,牝,伊藤強一,,ザサンデーフサイチ,2004102855,サマールナ,2009105270,アドマイヤムーン,2003102991,酒井孝敏,秋場牧場,72.4,2004.0,2009.0,2003.0
2021105471,ラファガフレイバー,牡,真島正徳,,カレンブラックヒル,2009106230,カリズマティックゴールド,000a01116b,カリズマティック,000a00fa33,尾田信夫,ノーザンファーム,72.2,2009.0,2003.0,1996.0
2021107384,ワンダーソロ,牝,九日俊光,,ワンダーアキュート,2006106794,ワンダーキラット,2014101446,バゴ,2001190004,山本能成,グラストレーニングセンター,72.1,2006.0,2014.0,2001.0
2021110093,ディフェリ,牝,松永幹夫,,Mendelssohn,000a014f32,ヘヴンリーロマンス,2000105086,サンデーサイレンス,000a00033a,ノースヒルズ,North Hills Co. Limited,72.0,2015.0,2000.0,1986.0
2021107319,ステラベッラ,牝,甲田悟史,,カレンブラックヒル,2009106230,キクノレヨン,2012105271,エンパイアメーカー,000a010542,安川幸彦,レジェンドファーム,72.0,2009.0,2012.0,2000.0
2021106632,グエンフィヴァル,牝,田中剛,,トランセンド,2006104736,スイートメドゥーサ,2010105865,アグネスタキオン,1998101516,ノースヒルズ,ノースヒルズ,72.0,2006.0,2010.0,1998.0
2021105676,カワ,牝,武幸四郎,,リアルスティール,2012104889,トレジャリング,000a014f48,Havana Gold,000a0148fc,ＴＮレーシング,ノーザンファーム,72.0,2012.0,2015.0,2010.0
2021105365,パルファンソオン,牝,黒岩陽一,,サトノアラジン,2011104063,アドマイヤキラメキ,2002100822,エンドスウィープ,000a00010f,小島章義,ノーザンファーム,72.0,2011.0,2002.0,1991.0
2021105026,ドリームシェイプ,牡,村山明,,エイシンフラッシュ,2007102951,コイウタ,2003102486,フジキセキ,1992109618,吉田千津,社台ファーム,72.0,2007.0,2003.0,1992.0
2021104925,ラドロテア,牝,斉藤崇史,,Lope de Vega,000a012919,ラフォルス,000a01a8f4,Power,000a012469,Ｇ１レーシング,社台コーポレーション白老ファーム,72.0,2007.0,2014.0,2009.0
2021104813,エレガンテ,牝,新開幸一,,アポロケンタッキー,2012110098,ガルネリ,2008102723,ゼンノロブロイ,2000101517,平川浩之,桑原牧場桑原康裕,72.0,2012.0,2008.0,2000.0
2021104571,ジェネレイティブ,牡,栗田徹,,レイデオロ,2014106201,アンシェルブルー,2007101000,マンハッタンカフェ,1998101554,ＫＲジャパン,矢野牧場,72.0,2014.0,2007.0,1998.0
2021103329,ムビョウソクサイ,牡,尾林幸二,,ゴールドシップ,2009102739,コウギョウマシェリ,2013103162,アサクサデンエン,1999110191,曽和栄司,ミルファーム,72.0,2009.0,2013.0,1999.0
2021102302,タマディープ,牡,相沢郁,,ディープブリランテ,2009105084,フジノビューティ,2015102117,ホワイトマズル,1990109700,玉井鶴枝,和田洋平,72.0,2009.0,2015.0,1990.0
2021101811,アクセルインバイオ,牡,今野貞一,,ロジャーバローズ,2016106065,エスカレートバイオ,2013101113,アルデバランII,000a010541,バイオ,中館牧場,72.0,2016.0,2013.0,1998.0
2021101686,ウィンドブレイク,牝,野中賢二,,ダイワメジャー,2001103114,ブラックパイン,2016110016,キングズベスト,000a0022d2,ゴドルフィン,ダーレー・ジャパン・ファーム,72.0,2001.0,2016.0,1997.0
2021101168,マツシマ,牡,尾形和幸,,モーリス,2011100655,エストレチャダ,000a01441b,Offlee Wild,000a01291d,高橋文男,オリオンファーム,72.0,2011.0,2011.0,2000.0
2021101013,サウンドヴェール,牝,安達昭夫,,モーリス,2011100655,サクセスセレーネ,2009101381,ディープインパクト,2002100816,増田雄一,吉田ファーム,72.0,2011.0,2009.0,2002.0
2021100950,アラブル,牡,工藤真司,,シニスターミニスター,000a011099,フィアマロッサ,2014106092,アイルハヴアナザー,000a011ed3,嶋田亘克,フクオカファーム,72.0,2003.0,2014.0,2009.0
2021100777,ベニスズメ,牝,高橋康之,,ミッキーロケット,2013106099,ガラシャ,2017102970,キズナ,2010105827,大森悌次,鮫川啓一,72.0,2013.0,2017.0,2010.0
2021103188,ナンヨーノーマル,牝,土井道隆,,エピカリス,2014103121,ミルキークォーツ,2014105913,シンボリクリスエス,1999110099,酒井孝敏,松田牧場,71.5,2014.0,2014.0,1999.0
2021109156,テイエムサガボス,牡,平山宏秀,,オーシャンブルー,2008102978,テイエムサンビカ,2011105626,ハーツクライ,2001103038,竹園正繼,テイエム牧場,70.8,2008.0,2011.0,2001.0
2021101945,テイエムノジギク,牝,竹之下昭,,サトノアラジン,2011104063,フィフスアベニュー,2004103870,マンハッタンカフェ,1998101554,竹園正繼,日高テイエム牧場,70.6,2011.0,2004.0,1998.0
2021104229,ハーレッドシューズ,牝,今津勝之,,オーシャンブルー,2008102978,ダンスインザムーン,2006101372,ダンスインザダーク,1993109188,小林克己,西川富岡牧場,70.1,2008.0,2006.0,1993.0
2021101958,バモスアガナール,牝,真島元徳,,トランセンド,2006104736,ブラボーデジタル,2010101168,アグネスデジタル,1997110025,長山幸路,広富牧場,70.1,2006.0,2010.0,1997.0
2021106117,モンブランパフェ,牡,小野望,,ヴィットリオドーロ,2009110009,ショコラパフェ,2015106317,サウスヴィグラス,1996110138,篠田くみ子,柏木一則,70.0,2009.0,2015.0,1996.0
2021104637,ミスターシナノ,牡,佐藤博紀,,アニマルキングダム,000a011dad,エナジーワイルド,2005101769,カリズマティック,000a00fa33,小林和義,阿部栄乃進,70.0,2008.0,2005.0,1996.0
2021103879,バデル,牡,村上頼章,,アニマルキングダム,000a011dad,シスターマリオン,2014104544,スズカマンボ,2001103890,（有）静内白井牧場,静内白井牧場,70.0,2008.0,2014.0,2001.0
2021103469,ローズエクスプレス,牡,今津博之,,ロージズインメイ,000a010a10,アフロディシアス,2008105107,ジャングルポケット,1998101786,レックス,岡田スタッド,70.0,2000.0,2008.0,1998.0
2021102521,シソチョウ,牝,森山英雄,,エイシンフラッシュ,2007102951,ヤマホトトギス,2011106308,サクラプレジデント,2000102261,江川伸夫,清水スタッド,70.0,2007.0,2011.0,2000.0
2021102285,モービルテソーロ,牝,小手川準,,ドゥラメンテ,2012104511,リエノテソーロ,2014110050,Speightstown,000a011200,了徳寺健二ホールディングス,リョーケンファーム,70.0,2012.0,2014.0,1998.0
2021106183,サウンドカノン,牝,瀬戸幸一,,ダンカーク,000a012185,ラインジェシカ,2007104155,マーベラスサンデー,1992103687,木村廣太,小泉牧場,69.8,2006.0,2007.0,1992.0
2021102517,アキノサザン,牡,後藤正義,,アメリカンペイトリオット,000a013bba,カネトシバニラ,2006105689,Kheleyf,000a010a62,徳山彰俊,清水スタッド,69.8,2013.0,2006.0,2001.0
2021102360,エアンスト,牝,加藤和義,,サトノダイヤモンド,2013106101,アスティクートレイル,000a015981,ハードスパン,000a0116a1,福岡隆史,スガタ牧場,69.5,2013.0,2014.0,2004.0
2021107218,ルヴェネ,牡,川西毅,,ジャングルポケット,1998101786,フェリーチェシチー,2011100786,マンハッタンカフェ,1998101554,米津佳昭,スカイビーチステーブル,69.3,1998.0,2011.0,1998.0
2021103026,ベノワ,牝,齋藤雄一,,エピカリス,2014103121,エキドナ,2013102666,スタチューオブリバティ,000a0109d5,松谷翔太,ディアレストクラブ,69.0,2014.0,2013.0,2000.0
2021101188,クーペリー,牝,那俄性哲,,ハービンジャー,000a011996,ダイトカイ,2013100167,マンハッタンカフェ,1998101554,ウエスト．フォレスト．ステイブル,賀張三浦牧場,69.0,2006.0,2013.0,1998.0
2021105822,エバーアリエル,牝,工藤裕孝,,ブリックスアンドモルタル,000a014377,モーヴサファイア,2014106185,ハービンジャー,000a011996,男澤喜惠子,ノーザンファーム,68.8,2014.0,2014.0,2006.0
2021103817,ヒロインコール,牝,田嶋弘幸,,モーニン,2012110091,アインライツ,2001103971,ティンバーカントリー,000a00035e,田頭勇貴,坂本春雄,68.8,2012.0,2001.0,1992.0
2021101520,レンゴクサクラ,牡,関本浩司,,サトノクラウン,2012104668,アドマイヤオウカ,2009106410,シンボリクリスエス,1999110099,長橋賢吾,シンボリ牧場,68.8,2012.0,2009.0,1999.0
2021103919,プラウドヒストリー,牡,小野望,,キタサンブラック,2012102013,モエレヒストリー,2005104421,ファルブラヴ,1998190004,水上行雄,静内フジカワ牧場,68.4,2012.0,2005.0,1998.0
2021100969,ウォーターストンプ,牝,塚田隆男,,シルバーステート,2013105903,クリールソレイユ,2009105741,フレンチデピュティ,000a00013a,山岡正人,丸村村下ファーム,68.3,2013.0,2009.0,1992.0
2021107249,キングムーン,牡,山元博徳,,アドマイヤムーン,2003102991,ラブカテリーナ,2013101767,オレハマッテルゼ,2000101550,（株）ファーストビジ,奥山牧場,68.0,2003.0,2013.0,2000.0
2021106763,ダズルクイーン,牝,原口次夫,,モーニン,2012110091,ダイヤインザラフ,2014100670,スマートファルコン,2005100097,丹後清勝,樋渡志尚,68.0,2012.0,2014.0,2005.0
2021102173,ウマニゴウ,牝,宗綱泰彦,,ダンスディレクター,2010103303,ゴールデンローズ,2013104938,Bernardini,000a0111fe,金野博幸,門別敏朗,67.8,2010.0,2013.0,2003.0
2021106240,ハマグリ,牡,井樋明正,,ベルシャザール,2008103004,ハッピートーク,2006105535,アグネスデジタル,1997110025,小橋亮太,坂元芳春,67.7,2008.0,2006.0,1997.0
2021104107,パームブランチ,牝,土井道隆,,アジアエクスプレス,2011110091,サトノニーケ,2014104786,マンハッタンカフェ,1998101554,岡友則,千代田牧場,67.6,2011.0,2014.0,1998.0
2021102262,クリノアイリス,牝,堀場裕充,,ストロングリターン,2006102934,モエレエターナル,2006103788,ゴールドヘイロー,1997101264,（有）総武開発,横井哲,67.5,2006.0,2006.0,1997.0
2021100665,ポラライズ,牡,今津勝之,,モーニン,2012110091,カネトシフェアリー,2013105659,ワークフォース,000a011a7f,小橋亮太,北俣牧夫,67.5,2012.0,2013.0,2007.0
2021100288,エルキュール,牝,今津勝之,,リオンディーズ,2013105915,メルジェリーナ,2015104608,ハービンジャー,000a011996,（同）ＪＰＮ技研,土田ファーム,67.5,2013.0,2015.0,2006.0
2021102804,アオイアツヒメ,牝,加藤和義,,リアルインパクト,2008103244,セキサンキセキ,2008101505,フジキセキ,1992109618,東恭平,笹島政信,67.3,2008.0,2008.0,1992.0
2021103815,エデバリ,牝,永田幸宏,,エイシンヒカリ,2011101273,レイテストバード,2014104054,サマーバード,2006190002,小原準一郎,坂本智広,67.2,2011.0,2014.0,2006.0
2021104613,ルーズユアセルフ,牝,加藤和義,,アポロケンタッキー,2012110098,アズライト,2004102702,アグネスタキオン,1998101516,矢野琢也,ハーモニーストックファーム,67.1,2012.0,2004.0,1998.0
2021102863,エイシントイトイ,牡,櫻井今朝,,エーシントップ,2010110058,エーシンチェロキー,2008101269,ディープインパクト,2002100816,酒井孝敏,多田善弘,67.0,2010.0,2008.0,2002.0
2021101540,リックピョンピョン,牡,森山英雄,,アニマルキングダム,000a011dad,ハギノクィーン,2009100007,キングカメハメハ,2001103460,山邉浩,スウィングフィールド牧場,67.0,2008.0,2009.0,2001.0
2021103429,オモイデノリボン,牝,市村誠,,ホッコータルマエ,2009100921,パルパルパピヨン,2012103079,ゴールドアリュール,1999106689,堀口晴男,石川牧場,66.9,2009.0,2012.0,1999.0
2021102747,タンワ,牝,大島静夫,,シビルウォー,2005102317,ピコピコハンマー,2009106820,アグネスタキオン,1998101516,太田雅貴,木村牧場,66.8,2005.0,2009.0,1998.0
2021100372,ルーナビアンカ,牝,荒木道哉,,ダンカーク,000a012185,ワキノドライバー,2004102870,スウェプトオーヴァーボード,000a00fa34,谷伊織,広田牧場,66.5,2006.0,2004.0,1997.0
2021102786,タイセイフェイマス,牡,佐藤雅彦,,アルアイン,2014106046,ブラジリアンビューティ,000a011a96,Galileo,000a00232b,田中成奉,酒井牧場,66.3,2014.0,2007.0,1998.0
2021103618,グライダー,牝,山口浩幸,,ラニ,2013110045,スターリーオレンジ,2011101445,サウスヴィグラス,1996110138,山上和良,岡野牧場,66.2,2013.0,2011.0,1996.0
2021104522,ビースピリット,牝,櫻田康二,,ビッグアーサー,2011103328,タマモアマリリス,2017103945,ゼンノロブロイ,2000101517,馬場祥晃,前田牧場,66.0,2011.0,2017.0,2000.0
2021103705,アクセルホーリー,牡,松木啓助,,エピカリス,2014103121,バリュアットリスク,2002100602,エルコンドルパサー,1995108742,岡林英雄,桑嶋峰雄,66.0,2014.0,2002.0,1995.0
2021103392,パラダイスライン,牝,宇都英樹,,レインボーライン,2013106183,ヴァニラシャンティ,2008102751,シンボリクリスエス,1999110099,石澤純平,アフリートファーム,66.0,2013.0,2008.0,1999.0
2021109126,タケノエビス,牡,北村欣也,,ロードバリオス,2005104227,トップヴィーナス,2007101828,キングカメハメハ,2001103460,開原匡彦,本田土寿,65.8,2005.0,2007.0,2001.0
2021100769,バードオブハピネス,牝,山田徹,,ミッキーロケット,2013106099,ジョーパルカ,2010102229,フジキセキ,1992109618,鳳山信年,斉藤政志,65.8,2013.0,2010.0,1992.0
2021102537,コイララ,牡,鈴木正也,,ブラックタイド,2001103312,ベリーフィールズ,2008101162,オペラハウス,000a000d77,隅山桂治,富田恭司,65.6,2001.0,2008.0,1988.0
2021102761,オブツーサ,牝,宗綱泰彦,,サトノアラジン,2011104063,カツンダモン,2013102712,エンパイアメーカー,000a010542,金野博幸,グランデファーム,65.5,2011.0,2013.0,2000.0
2021102715,ジーティーエイト,牡,北野真弘,,キタサンブラック,2012102013,シェルシーカー,000a01141c,Machiavellian,000a001c1d,笠原久夫,杵臼牧場,65.5,2012.0,2004.0,1987.0
2021101772,サニービーチ,牝,長倉功,,ロードカナロア,2008103552,ワイメアビーチ,2009104346,フジキセキ,1992109618,（株）チャンピオンズ,チャンピオンズファーム,65.5,2008.0,2009.0,1992.0
2021100819,ショコラショー,牝,工藤裕孝,,ゴールドシップ,2009102739,ダイワエタニティー,2008102906,ジャングルポケット,1998101786,岩渕瑞生,大北牧場,65.3,2009.0,2008.0,1998.0
2021106588,ラヴィデクラ,牝,原口次夫,,ミッキーグローリー,2013103999,オヒアレフア,2013101771,ワイルドラッシュ,000a0003a1,北原大史,錦岡牧場,65.0,2013.0,2013.0,1994.0
2021107148,サガタ,牡,土井道隆,,ミッキーロケット,2013106099,ムーンパスクイン,2014105103,ゴールドアリュール,1999106689,木稲安則,芳住鉄兵,64.8,2013.0,2014.0,1999.0
2021103413,ジャズトップ,牝,池田忠好,,ベルシャザール,2008103004,ペキンドール,2013103867,ブライアンズタイム,000a000082,堤保政,荒木貴宏,64.8,2008.0,2013.0,1985.0
2021106166,マルディーニ,牡,櫻井拓章,,ヘニーヒューズ,000a011155,イナズマアマリリス,2006104345,スエヒロコマンダー,1995104468,浦野和由,小泉牧場,64.5,2003.0,2006.0,1995.0
2021104135,チェリッシュ,牝,柴田高志,,リオンディーズ,2013105915,ハミングデイズ,2016105969,ブラックタイド,2001103312,小橋亮太,千代田牧場,64.5,2013.0,2016.0,2001.0
2021102927,ダックアンドレイク,牡,松浦聡志,,キズナ,2010105827,オフクヒメ,2013103410,キンシャサノキセキ,2003110212,加藤誠,谷口牧場,64.4,2010.0,2013.0,2003.0
2021102395,ナックブリーズ,牡,中野博,,ブリックスアンドモルタル,000a014377,ペイパーチェイン,000a012101,Dubawi,000a0115e2,小松欣也,二風谷ファーム,64.4,2014.0,2008.0,2002.0
2021106905,モンサンデネブ,牝,板垣吉則,,レインボーライン,2013106183,ジェントルフォース,2014100275,ルーラーシップ,2007103143,山下新一,発田文広,64.1,2013.0,2014.0,2007.0
2021104110,スマイルペンダント,牝,北村欣也,,サトノダイヤモンド,2013106101,サンキュースマイル,2009103848,ブライアンズタイム,000a000082,原久美子,千代田牧場,64.0,2013.0,2009.0,1985.0
2021101036,アヴニールボヌール,牝,酒井忍,,ロールボヌール,2012106120,ドゥラーレ,2012102965,フサイチリシャール,2003102955,大久保和夫,厚賀古川牧場,64.0,2012.0,2012.0,2003.0
2021100866,オカノリリー,牝,平松徳彦,,ヤマカツエース,2012102774,ヤマカツサユリ,2011103685,マンハッタンカフェ,1998101554,蒲牟田浩,富塚ファーム,64.0,2012.0,2011.0,1998.0
2021104605,カレイドハート,牝,三宅直之,,バンブーエール,2003104100,アプリコットチャン,2016105599,フレンチデピュティ,000a00013a,小橋亮太,高橋直人,63.8,2003.0,2016.0,1992.0
2021102620,ネバシーンビフォー,牝,工藤裕孝,,ディーマジェスティ,2013104704,ジュルビアン,2016101141,ルーラーシップ,2007103143,Ｉレーシング（株）,大柳ファーム,63.8,2013.0,2016.0,2007.0
2021101822,ジェイエルマリーナ,牝,諏訪貴正,,ホークビル,000a01327c,ジェイエルマリーン,2013100718,バゴ,2001190004,南條浩輝,ナカノファーム,63.6,2013.0,2013.0,2001.0
2021107132,オペラツィオーネ,牡,渡辺和雄,,サトノアレス,2014105493,ノーモアクライ,2003110105,Cozzene,000a001bda,和田正巳,山岡牧場,63.5,2014.0,2003.0,1980.0
2021102007,プティファルコン,牝,柴田高志,,スマートファルコン,2005100097,ルルマントウショウ,2012103256,キングヘイロー,1995104427,今井優,藤本直弘,63.5,2005.0,2012.0,1995.0
2021105826,カフジレニウム,牝,原口次夫,,レイデオロ,2014106201,ヨゾラニネガイヲ,2010104174,アドマイヤムーン,2003102991,加藤守,ノーザンファーム,63.3,2014.0,2010.0,2003.0
2021106026,マローネパンナ,牝,土屋洋之,,スマートファルコン,2005100097,マロンパンナ,2015101822,サウスヴィグラス,1996110138,徳永博,安達牧場,63.0,2005.0,2015.0,1996.0
2021102796,カナデルファンク,セ,伊藤勝好,,シルバーステート,2013105903,トゥルーゴールド,2007103005,フレンチデピュティ,000a00013a,（有）ホースケア,笹島智則,63.0,2013.0,2007.0,1992.0
2021103309,ワンダフルスパート,牡,角田輝也,,ロジャーバローズ,2016106065,トロピカルスパート,2014104487,フリオーソ,2004106867,日向均,宮内牧場,62.9,2016.0,2014.0,2004.0
2021107379,エゾノカズマ,牝,池田忠好,,トゥザグローリー,2007103265,スカイソング,2014106453,ディープスカイ,2005101358,（株）玄柑舎,グラストレーニングセンター,62.8,2007.0,2014.0,2005.0
2021100502,レーヴアグレアブル,牡,柴田高志,,レーヴミストラル,2012104929,キテキ,2007103975,スキャターザゴールド,000a000d99,塚田義広,元茂修一,62.8,2012.0,2007.0,1997.0
2021107030,ゴウケン,牡,碇清次郎,,アポロケンタッキー,2012110098,センティーレ,2002100986,フジキセキ,1992109618,平野正行,村上牧場,62.5,2012.0,2002.0,1992.0
2021104187,スリスリマスリ,牝,宇都英樹,,モーニン,2012110091,レンレン,2014104855,トビーズコーナー,000a011fed,脇和広,徳本幸雄,62.5,2012.0,2014.0,2008.0
2021101037,ハクアイレオ,牡,東眞市,,レイデオロ,2014106201,メイグレイス,2007103016,ネオユニヴァース,2000101426,（株）Ｈ．Ｉコーポレ,厚賀古川牧場,62.2,2014.0,2007.0,2000.0
2021101112,アイワカツテーラー,牡,井手上慎,,シュヴァルグラン,2012104759,ゴールドテーラー,2010103921,ステイゴールド,1994108729,太田美津子,ヴェルサイユファーム,62.1,2012.0,2010.0,1994.0
2021110169,サウンドトリオンフ,牡,斉藤崇史,,Siyouni,000a012056,Marunouchi,000a01f354,パントレセレブル,000a000271,増田雄一,White Birch Farm SC,62.0,2007.0,2012.0,1994.0
2021106695,クインズリゲル,牝,加藤征弘,,カリフォルニアクローム,000a012602,ハイワイヤー,000a0143d0,Street Cry,000a0103ba,ケイアイスタリオン,ハシモトファーム,62.0,2011.0,2009.0,1998.0
2021105816,ディヴァイネスト,牝,勢司和浩,,リアルスティール,2012104889,モアザンセイクリッド,000a01295d,More Than Ready,000a00fcdd,キャロットファーム,ノーザンファーム,62.0,2012.0,2009.0,1997.0
2021105787,マリガーネット,牝,久保田貴,,レイデオロ,2014106201,マリアライト,2011103832,ディープインパクト,2002100816,キャロットファーム,ノーザンファーム,62.0,2014.0,2011.0,2002.0
2021105009,オメガキングダム,牡,安田翔伍,,イスラボニータ,2011103565,キャットタング,2015110031,Tapit,000a011248,原禮子,社台ファーム,62.0,2011.0,2015.0,2001.0
2021104863,エピックストーリー,牝,金成貴史,,キタサンブラック,2012102013,シェアザストーリー,2002100903,コマンダーインチーフ,000a0000b0,シルクレーシング,社台コーポレーション白老ファーム,62.0,2012.0,2002.0,1990.0
2021104204,ガルーダフラップ,牡,中川公成,,シャンハイボビー,000a0127e4,アビイロード,2014103564,ストリートセンス,000a0113a2,ウエスト．フォレスト．ステイブル,友田牧場,62.0,2010.0,2014.0,2004.0
2021103446,ピーエムアポロ,牡,池田孝,,アニマルキングダム,000a011dad,スカイノーヴァ,2014105978,ステイゴールド,1994108729,松山毅,ウエスタンファーム,62.0,2008.0,2014.0,1994.0
2021103168,アングリフ,牡,西園翔太,,ビッグアーサー,2011103328,コスモダリア,2015100398,ディープインパクト,2002100816,中辻明,ビクトリーホースランチ,62.0,2011.0,2015.0,2002.0
2021101819,ミライヘノコール,牡,伊藤大士,,シルバーステート,2013105903,ギンザフェアレディ,2011105036,マンハッタンカフェ,1998101554,三島宣彦,ナカノファーム,62.0,2013.0,2011.0,1998.0
2021101105,ネオステラス,牡,菅原勲,,キンシャサノキセキ,2003110212,ミスパッション,2014105827,ディープブリランテ,2009105084,大久保和夫,いとう牧場,62.0,2003.0,2014.0,2009.0
2021100394,アイノユメテーラー,牝,井手上慎,,レーヴミストラル,2012104929,コウジンシュリー,2011103616,カンパニー,2001103435,冨田清誠,本桐牧場,62.0,2012.0,2011.0,2001.0
2021106511,キンパクマミレ,牝,加藤和義,,バトルプラン,000a0118e8,レイズアセイル,2011103931,ハーツクライ,2001103038,��景孤�,長浜忠,61.8,2005.0,2011.0,2001.0
2021101103,アールトラスト,牡,飯田弘道,,モーリス,2011100655,ビウイッチアス,2009102183,ダイワメジャー,2001103114,前原敏行,いとう牧場,61.7,2011.0,2009.0,2001.0
2021106877,ゴールドミラクル,牡,千葉博次,,ゴールドアクター,2011105266,ゴールドエンプレス,2016101843,キングカメハメハ,2001103460,谷謙介,北勝ファーム,61.5,2011.0,2016.0,2001.0
2021107126,ハートラン,牡,盛本信春,,トゥザワールド,2011103975,プレイズラン,2015101019,ディープブリランテ,2009105084,岡村善行,山岡ファーム,61.0,2011.0,2015.0,2009.0
2021104347,ヒロナミカゼ,牡,徳本慶一,,ゴールデンバローズ,2012110100,ナムラモンロー,2013103896,エンパイアメーカー,000a010542,廣藤知範,原ファーム,61.0,2012.0,2013.0,2000.0
2021109075,タイホーリバティ,牝,飯田弘道,,キョウエイギア,2013109168,ローレルアイ,2000109419,フサイチコンコルド,1993109220,山田武雄,ワールドファーム,60.8,2013.0,2000.0,1993.0
2021109012,テンチャスカーラ,牝,武藤敏明,,レインボーライン,2013106183,ベルモントエルメス,2006104908,ティンバーカントリー,000a00035e,酒井孝敏,一山育成牧場,60.8,2013.0,2006.0,1992.0
2021104245,エムザックディーバ,牝,中川雅之,,ダノンレジェンド,2010110102,ディープデザイア,2007104835,アグネスタキオン,1998101516,寺西正彰,西村牧場,60.8,2010.0,2007.0,1998.0
2021102627,ミユキフォーエバー,牝,瀬戸口悟,,リアルスティール,2012104889,ギャラクシーハニー,2016104365,スクリーンヒーロー,2004103328,梶原哲朗,オカモトファーム,60.8,2012.0,2016.0,2004.0
2021106719,サンデーダイヤ,牡,佐久間雅,,サトノダイヤモンド,2013106101,アップワードスパイラル,000a012509,Teofilo,000a01139e,山口雄司,パカパカファーム,60.6,2013.0,2010.0,2004.0
2021106525,エンジェルズキッス,牝,柳井宏之,,エイシンフラッシュ,2007102951,レースパイロット,2002101011,サンデーサイレンス,000a00033a,薄井隆博,長浜牧場,60.4,2007.0,2002.0,1986.0
2021107188,パンジャボサツ,牝,瀬戸幸一,,ダイワメジャー,2001103114,ココクイーン,2012106397,キングカメハメハ,2001103460,深澤朝房,大道牧場,60.0,2001.0,2012.0,2001.0
2021106507,カレンバンブー,牝,中川雅之,,カレンブラックヒル,2009106230,カネショウバナナ,2004100577,カコイーシーズ,1986109001,大竹和彦,長浜忠,60.0,2009.0,2004.0,1986.0
2021105964,ヤンアンドオンリー,牡,高橋清顕,,ロジャーバローズ,2016106065,ツボミ,2013105205,スペシャルウィーク,1995103211,楊明翰,レイクヴィラファーム,60.0,2016.0,2013.0,1995.0
2021104616,プリティーロコ,牡,佐藤裕太,,ダンカーク,000a012185,プリティーピュティ,2007102701,フレンチデピュティ,000a00013a,武田浩典,久田公氣,60.0,2006.0,2007.0,1992.0
2021104364,プレストスナイパー,牡,玉井勝,,レッドファルクス,2011104416,ファブラノヴァ,2011100565,コマンズ,000a011625,（有）ランドエコノミ,藤川ファーム,60.0,2011.0,2011.0,1996.0
2021104230,ブラックストーン,牡,玉井昇,,ベルシャザール,2008103004,ナガラフライト,2011103070,スタチューオブリバティ,000a0109d5,森田一俊,西川富岡牧場,60.0,2008.0,2011.0,2000.0
2021103891,テクノアロハ,牡,佐藤裕太,,バンブーエール,2003104100,コスモアオイ,2010105972,アグネスデジタル,1997110025,西村健,静内ファーム,60.0,2003.0,2010.0,1997.0
2021103399,ワイドマイスター,牡,金田一昌,,エピカリス,2014103121,ニシノミーチャン,2006102597,キングカメハメハ,2001103460,谷口祐人,アフリートファーム,60.0,2014.0,2006.0,2001.0
2021102719,スカーレットキング,牡,朝倉実,,オルフェーヴル,2008102636,スカーレットダイヤ,2005106198,ブライアンズタイム,000a000082,宇賀神英子,杵臼牧場,60.0,2008.0,2005.0,1985.0
2021102397,ビップソフィア,牝,宇都英樹,,バゴ,2001190004,レオアルテミス,2012103060,クロフネ,1998110135,（同）ＪＰＮ技研,二風谷ファーム,60.0,2001.0,2012.0,1998.0
2021102114,アラタマファルクス,牝,胡本友晴,,レッドファルクス,2011104416,アイビー,2006106071,サクラバクシンオー,1989108341,中嶋弘士,槇本牧場,60.0,2011.0,2006.0,1989.0
2021101741,ツルマルケンタッキ,牝,岡林光浩,,アポロケンタッキー,2012110098,トマトーマ,2016106419,ローエングリン,1999106738,鶴谷義雄,チャンピオンズファーム,60.0,2012.0,2016.0,1999.0
2021101503,ザグレウス,牡,堀江仁,,ベストウォーリア,2010110127,レッドフォーリア,2006103027,ダンスインザダーク,1993109188,大島慎一郎,白瀬盛雄,60.0,2010.0,2006.0,1993.0
2021101494,ビューティーゲラン,牝,真島正徳,,ダノンレジェンド,2010110102,ラヴィーゲラン,2012101432,スペシャルウィーク,1995103211,西村健作,白井牧場,60.0,2010.0,2012.0,1995.0
2021100592,オーヴェルトゥーレ,牝,渡辺博文,,サンダースノー,000a013a06,マリーンウィナー,2005105424,フジキセキ,1992109618,三岡陽,梅田牧場,60.0,2014.0,2005.0,1992.0
2021100064,ロードクルーガー,牡,打越勇児,,ファインニードル,2013100612,スヴァラッシー,2011103533,ディープインパクト,2002100816,中村智幸,折手牧場,60.0,2013.0,2011.0,2002.0
2021106807,コスモガーディアン,牝,佐々木由,,ダノンバラード,2008103548,ホクトグレイン,2006104874,アグネスデジタル,1997110025,大黒富美子,ビッグレッドファーム,59.7,2008.0,2006.0,1997.0
2021103620,チョコチップ,牝,板垣吉則,,バトルプラン,000a0118e8,バトルエニシ,2014105620,ネオユニヴァース,2000101426,小国和紀,小国スティーブル,59.3,2005.0,2014.0,2000.0
2021102757,ソノパッツァディテ,牝,竹下太,,オルフェーヴル,2008102636,カワカミショコラ,2007103928,アグネスデジタル,1997110025,黒岩初美,久保昇,59.3,2008.0,2007.0,1997.0
2021109013,メロディーダンサー,牝,新子雅司,,バゴ,2001190004,アイランドルビー,2016106129,グランプリボス,2008103388,前迫義幸,伊藤牧場,59.2,2001.0,2016.0,2008.0
2021103605,ユイノグランコード,牡,室井眞文,,カリフォルニアクローム,000a012602,マンボビーン,2008100167,スズカマンボ,2001103890,（株）ファーストビジ,岡田牧場,59.1,2011.0,2008.0,2001.0
2021106099,グランパープル,牡,菅原欣也,,シュヴァルグラン,2012104759,アイルビーファイン,2008103535,アグネスタキオン,1998101516,（同）ＪＰＮ技研,オリエント牧場,59.0,2012.0,2008.0,1998.0
2021105909,サイレンスホープ,牡,田中淳司,,リオンディーズ,2013105915,ローザフェリーチェ,2015105111,エンパイアメーカー,000a010542,吉田和美,ノーザンファーム,58.9,2013.0,2015.0,2000.0
2021105263,バニーホップ,牝,五十嵐冬,,イスラボニータ,2011103565,ラビットラン,2014110010,Tapit,000a011248,社台レースホース,社台ファーム,58.9,2011.0,2014.0,2001.0
2021103022,ベルジャスティーナ,牝,田中淳司,,デクラレーションオブウォー,000a0136f6,ルミナーラ,2013103574,ヴィクトワールピサ,2007102923,辻助,辻牧場,58.9,2009.0,2013.0,2007.0
2021103354,メイショウイチリン,牝,伊藤勝好,,ワールドエース,2009106353,メイショウクジャク,2014104133,サウスヴィグラス,1996110138,（有）ホースケア,本巣敦,58.7,2009.0,2014.0,1996.0
2021102215,サンライズダマシイ,牡,伊藤和,,エピファネイア,2010104155,オーパスクイーン,2007105507,スペシャルウィーク,1995103211,小嶋浩之,ヤナガワ牧場,58.7,2010.0,2007.0,1995.0
2021106288,ミオン,牝,森山英雄,,マジェスティックウォリアー,000a011e9c,プティットクルール,2014104702,マンハッタンカフェ,1998101554,岩崎伸道,シンユウファーム,58.6,2005.0,2014.0,1998.0
2021100570,ワンダーヒヨリ,牝,九日俊光,,ワンダーアキュート,2006106794,ワンダーストーリリ,2007106714,バゴ,2001190004,山本能成,秋場牧場,58.4,2006.0,2007.0,2001.0
2021106131,イロイロ,牝,千葉博次,,マジェスティックウォリアー,000a011e9c,マウロア,2012104931,キングカメハメハ,2001103460,谷謙介,カミイスタット,58.0,2005.0,2012.0,2001.0
2021104700,ボーラ,牝,栗本陽一,,マクマホン,000a0143ac,サクラレディ,2014110127,Galileo,000a00232b,吉田勝利,エスティファーム,57.6,2014.0,2014.0,1998.0
2021103619,ミニマムミッキー,牝,伊藤強一,,ミッキーロケット,2013106099,ミッキークロス,2014106190,ハーツクライ,2001103038,酒井孝敏,岡野牧場,57.6,2013.0,2014.0,2001.0
2021106154,リベラメ,牝,加藤和義,,デクラレーションオブウォー,000a0136f6,ミラクルクロス,2008104412,フジキセキ,1992109618,ＫＡＪＩＭＯＴＯホールディングス,川島牧場,57.5,2009.0,2008.0,1992.0
2021105558,ヴァイゼ,牝,栗本陽一,,ハービンジャー,000a011996,シャレードスマイル,2013105932,ステイゴールド,1994108729,北原大史,ノーザンファーム,57.2,2006.0,2013.0,1994.0
2021109084,スラストアウェイ,牡,真島正徳,,モーニン,2012110091,アドバンスクラーレ,2007103139,サクラバクシンオー,1989108341,西村健,恵比寿興業株式会社那須野牧場,56.8,2012.0,2007.0,1989.0
2021104546,アイリータイム,牝,古賀光範,,ベストウォーリア,2010110127,クレヨンルージュ,2003103002,フジキセキ,1992109618,須田靖之,松田牧場,56.8,2010.0,2003.0,1992.0
2021100550,リネンニューイヤー,牡,濱田一夫,,ニューイヤーズデイ,000a014589,エレガントテソーロ,2015104119,ハーツクライ,2001103038,戸山光男,レースホース牧場,56.8,2011.0,2015.0,2001.0
2021100784,ニシノサヨシグレ,牡,石川浩文,,イスラボニータ,2011103565,ナイアガラモンロー,2012105927,アドマイヤムーン,2003102991,和氣竜彦,鮫川啓一,56.7,2011.0,2012.0,2003.0
2021104529,カシノシャンデリア,牝,東美義,,バンブーエール,2003104100,オーシャンレディー,2004101043,アグネスタキオン,1998101516,柏木務,増本牧場,56.6,2003.0,2004.0,1998.0
2021101835,ショウナンサーガ,牝,塚田隆男,,ショウナンバッハ,2011106394,ショウナンタイリン,2006100328,キングカメハメハ,2001103460,酒井孝敏,中原牧場,56.3,2011.0,2006.0,2001.0
2021101214,ダイボサツトウゲ,牡,藤田正治,,メジロダイボサツ,2008102525,ポールウィン,2015100596,オルフェーヴル,2008102636,山田均,北田剛,56.3,2008.0,2015.0,2008.0
2021100712,レインボーカロル,牝,頼本盛行,,レインボーライン,2013106183,キャロルロゼ,2007102054,タイキシャトル,1994109686,（同）ＪＰＮ技研,高昭牧場,56.3,2013.0,2007.0,1994.0
2021110038,エッセイ,牝,後藤佑耶,,Invincible Spirit,000a01056d,Agathonia,000a01bbfa,Street Cry,000a0103ba,（株）吉永ファーム,Godolphin,56.0,1997.0,2014.0,1998.0
2021106384,グレイトボヤージュ,牡,川添明弘,,リアルインパクト,2008103244,アイランドリトリート,000a01597c,Medaglia d'Oro,000a010a65,（株）アプエンテ,大作ステーブル,56.0,2008.0,2013.0,1999.0
2021106360,デフィニトリー,牝,大橋敬永,,スワーヴリチャード,2014106083,アブソルートリー,000a012168,Redoute's Choice,000a00fe93,中西功,田端牧場,56.0,2014.0,2007.0,1996.0
2021103521,ピコリーナ,牝,平山宏秀,,ダンカーク,000a012185,ハッピーダイアリー,2007102864,アグネスタキオン,1998101516,矢野義智,岡田スタッド,56.0,2006.0,2007.0,1998.0
2021101699,ドゥルチス,牝,藤川純,,ファインニードル,2013100612,ラドルチェ,000a011429,Gone West,000a001be1,Ｉレーシング（株）,ダーレー・ジャパン・ファーム,56.0,2013.0,2004.0,1984.0
2021106976,アイノアロウズ,牝,佐藤雅彦,,ビッグアーサー,2011103328,ヴァンデグローブ,2014100828,ハービンジャー,000a011996,會田浩史,村上欽哉,55.9,2011.0,2014.0,2006.0
2021101979,スティールヒューズ,牡,飯田弘道,,モーニン,2012110091,フライア,2016102458,ヴィクトワールピサ,2007102923,遠藤喜和,ファーミングヤナキタ,55.9,2012.0,2016.0,2007.0
2021101756,ロジミザイ,牝,藤田弘治,,エピファネイア,2010104155,ミザイ,2014105799,クロフネ,1998110135,鈴木道隆,チャンピオンズファーム,55.6,2010.0,2014.0,1998.0
2021103700,スタラグマイト,牡,高月賢一,,メイショウボーラー,2001100650,モアスマイル,2005100579,ホワイトマズル,1990109700,飯田貴大,久保秀雄,55.5,2001.0,2005.0,1990.0
2021100346,エリナローズ,牝,高月賢一,,フリオーソ,2004106867,フーリン,2009102101,ダイワメジャー,2001103114,（株）ＢＺＨＯＬＤＩ,原口牧場,55.5,2004.0,2009.0,2001.0
2021102157,キムケンハッピー,牝,宇都英樹,,エピファネイア,2010104155,ビップベリンダ,2015102039,ハーツクライ,2001103038,吉田稔,モリナガファーム,55.4,2010.0,2015.0,2001.0
2021102018,キリングパート,牝,宇都英樹,,ファインニードル,2013100612,エイシンアポロニア,2012110014,Dalakhani,000a01098f,松永直記,船越牧場,55.3,2013.0,2012.0,2000.0
2021103814,ライヴラスカル,牡,鮫島克也,,ダイワメジャー,2001103114,ラスエモーショネス,2015110006,Fastnet Rock,000a010601,西村健,坂本智広,55.2,2001.0,2015.0,2001.0
2021110145,サウンドガネーシャ,牡,安達昭夫,,レイデオロ,2014106201,サウンドパラダイス,2013105611,ワークフォース,000a011a7f,増田雄一,Mr Yuichi Masuda,55.0,2014.0,2013.0,2007.0
2021110089,バラン,牝,中竹和也,,Frankel,000a01239b,ブランボヌール,2013101835,ディープインパクト,2002100816,前田葉子,North Hills Co. Ltd,55.0,2008.0,2013.0,2002.0
2021110034,アイカムインピース,牡,堀宣行,,Ribchester,000a01353b,Reunite,000a01278e,Kingmambo,000a001d7e,ゴドルフィン,Godolphin,55.0,2013.0,2003.0,1990.0
2021110013,トーマスフレア,牡,迫田清美,,Saxon Warrior,2015100991,Dancing On Air,000a01bf05,Fastnet Rock,000a010601,（同）ＪＰＮ技研,Framont Ltd,55.0,2015.0,2013.0,2001.0
2021109026,キタノワシントン,牡,高橋裕,,アドマイヤムーン,2003102991,ハワイアンスマイル,2011102096,キングカメハメハ,2001103460,北所直人,風ノ丘ファーム,55.0,2003.0,2011.0,2001.0
2021107233,ルージュプリエール,牝,松永幹夫,,レイデオロ,2014106201,アンジュパッセ,2015101648,Shamardal,000a010c92,東京ホースレーシング,奥山牧場,55.0,2014.0,2015.0,2002.0
2021107118,ピノガール,牝,三野宮通,,レーヴミストラル,2012104929,ヒシヴェリタス,2007102184,アドマイヤドン,1999107052,（株）アプエンテ,八島夕起子,55.0,2012.0,2007.0,1999.0
2021107028,ストロベリーナイト,牡,根本康広,,ミッキーグローリー,2013103999,カイアナイト,2008103219,シンボリクリスエス,1999110099,田頭勇貴,村上牧場,55.0,2013.0,2008.0,1999.0
2021106901,トップエリア,牡,萱野浩二,,シルバーステート,2013105903,レッドキャンティー,2011103439,ヨハネスブルグ,000a0103b9,紅露純,細川農場,55.0,2013.0,2011.0,1999.0
2021106836,ウォーブルースター,牝,中川竜馬,,エイシンフラッシュ,2007102951,ウォーブル,2014102906,トーセンホマレボシ,2009106092,豊島愛子,ブルースターズファーム,55.0,2007.0,2014.0,2009.0
2021106788,ハッピーイメージ,牝,武市康男,,Good Magic,000a01a8ef,サッシーイメージ,000a01b9dc,Broken Vow,000a0101a0,サラブレッドクラブ・ラフィアン,ビッグレッドファーム,55.0,2015.0,2007.0,1997.0
2021106636,フォルティシーム,セ,佐々木晶,,マインドユアビスケッツ,000a01392e,デビュタント,2012103219,ディープインパクト,2002100816,ノースヒルズ,ノースヒルズ,55.0,2013.0,2012.0,2002.0
2021106584,マコトジャーベ,牝,坂本和也,,ビッグアーサー,2011103328,マコトサンパギータ,2008104057,ジャングルポケット,1998101786,（株）ディアマント,新冠橋本牧場,55.0,2011.0,2008.0,1998.0
2021106093,ミヤビネルソン,牡,笹田和秀,,リオンディーズ,2013105915,ミヤビハルカ,2005101523,ウォーエンブレム,000a00fa35,村上義勝,大狩部牧場,55.0,2013.0,2005.0,1999.0
2021105785,ファピオラ,牝,小野望,,キタサンブラック,2012102013,マニーズオンシャーロット,000a014413,Mizzen Mast,000a0109d3,桑野隆司,ノーザンファーム,55.0,2012.0,2012.0,1998.0
2021105507,クーデメイン,牝,矢嶋大樹,,サトノアラジン,2011104063,クーデグレイス,2006103197,ホワイトマズル,1990109700,吉田勝己,ノーザンファーム,55.0,2011.0,2006.0,1990.0
2021105440,マリーマカロン,牝,黒岩陽一,,レイデオロ,2014106201,エピックラヴ,000a011dce,Dansili,000a010a5f,吉田和美,ノーザンファーム,55.0,2014.0,2008.0,1996.0
2021105437,ヘルミーネ,牝,和田正一,,キンシャサノキセキ,2003110212,エノラ,000a012f85,Noverre,000a0103cf,サンデーレーシング,ノーザンファーム,55.0,2003.0,2007.0,1998.0
2021105426,ヴェストリア,牝,友道康夫,,レイデオロ,2014106201,ヴィルシーナ,2009106264,ディープインパクト,2002100816,佐々木主浩,ノーザンファーム,55.0,2014.0,2009.0,2002.0
2021105380,バスティオン,牡,池田敦,,ハービンジャー,000a011996,アルギュロス,2012104647,マンハッタンカフェ,1998101554,（株）ＴＫＫ,ノーザンファーム,55.0,2006.0,2012.0,1998.0
2021105001,カレンウユ,牝,安田翔伍,,デクラレーションオブウォー,000a0136f6,カレンケカリーナ,2010103791,ハーツクライ,2001103038,鈴木隆司,社台ファーム,55.0,2009.0,2010.0,2001.0
2021104996,シークレットレーン,牝,矢作芳人,,キズナ,2010105827,カウアイレーン,2006104791,キングカメハメハ,2001103460,社台レースホース,社台ファーム,55.0,2010.0,2006.0,2001.0
2021104988,エコログラシアス,牝,須貝尚介,,リアルスティール,2012104889,オリオンムーン,000a0129c0,Manduro,000a0114b8,原村正紀,社台ファーム,55.0,2012.0,2009.0,2002.0
2021104743,クセノポン,牡,中内田充,,ハーツクライ,2001103038,アレイヴィングビューティ,000a014b05,Mastercraftsman,000a01249a,金子真人ホールディングス,追分ファーム,55.0,2001.0,2013.0,2006.0
2021104371,リプレイ,牝,戸田博文,,ミッキーアイル,2011103916,ヴェルナッツァ,000a011812,Unbridled's Song,000a002071,藤沢牧場,藤沢牧場,55.0,2011.0,2007.0,1993.0
2021103870,タイガノイッテキ,セ,土田稔,,エピファネイア,2010104155,ラプザントゥール,2011104558,キングカメハメハ,2001103460,サンデーヒルズ,サンデーヒルズ,55.0,2010.0,2011.0,2001.0
2021102880,ラフォンテーヌ,牝,奥村豊,,ヘニーヒューズ,000a011155,ヴァローア,2012105360,エンパイアメーカー,000a010542,ターフ・スポート,谷川牧場,55.0,2003.0,2012.0,2000.0
2021102839,ステラカフェ,牝,嘉藤貴行,,ダイワメジャー,2001103114,レジーナカフェ,2015103105,ノヴェリスト,000a012230,西川光一,太陽牧場,55.0,2001.0,2015.0,2009.0
2021102513,ミヤノキングリー,牡,石橋守,,インカンテーション,2010104916,ショウナンダズル,2015101374,シャンハイボビー,000a0127e4,宮副敏明,澤井義一,55.0,2010.0,2015.0,2010.0
2021102428,トニーアワード,牝,萩原清,,モーリス,2011100655,ポップコーンジャズ,2000101560,ダンスインザダーク,1993109188,金子真人ホールディングス,坂東牧場,55.0,2011.0,2000.0,1993.0
2021102282,サッチャーテソーロ,牡,伊坂重信,,ロジャーバローズ,2016106065,ビューティテソーロ,2015110053,Camelot,000a011ed2,了徳寺健二ホールディングス,リョーケンファーム,55.0,2016.0,2015.0,2009.0
2021102229,ダンシングボビー,牡,尾形和幸,,シャンハイボビー,000a0127e4,ダンシングミッシー,2009103145,シニスターミニスター,000a011099,伊東純一,ヤナガワ牧場,55.0,2010.0,2009.0,2003.0
2021102216,サイモンベーネ,牝,羽月友彦,,ブラックタイド,2001103312,キモンプライド,2010106551,ダイワメジャー,2001103114,澤田昭紀,ヤナガワ牧場,55.0,2001.0,2010.0,2001.0
2021101070,ピエサエルモソ,牝,加用正,,リアルインパクト,2008103244,シンギングセンセーション,000a011e2f,コロナドズクエスト,000a0000b5,グリーンファーム,新井昭二牧場,55.0,2008.0,2004.0,1995.0
2021100919,カフジホルミウム,牡,木原一良,,ビッグアーサー,2011103328,カフジティアラ,2013103113,カネヒキリ,2002100978,加藤守,ヒダカファーム,55.0,2011.0,2013.0,2002.0
2021100841,グランアルザン,牡,松山将樹,,リアルインパクト,2008103244,エイシンミレレ,2013103753,キングカメハメハ,2001103460,飯田訓大,高松牧場,55.0,2008.0,2013.0,2001.0
2021100408,リキサンワールド,牡,奥平雅士,,ジャスタウェイ,2009106461,リキサンピュアティ,2000101649,トニービン,1983109006,ハイパワー商事,本桐牧場,55.0,2009.0,2000.0,1983.0
2021100302,グラッシー,牡,榎屋充,,アルアイン,2014106046,グランドゲルニカ,2012102423,ネオユニヴァース,2000101426,伊藤健,中田英樹,55.0,2014.0,2012.0,2000.0
2021100118,ヒカルファルコン,牡,藤ヶ崎一,,スマートファルコン,2005100097,シルバーウインド,2006105772,サウスヴィグラス,1996110138,いつきトラスト（株）,グローリーファーム,55.0,2005.0,2006.0,1996.0
2021107347,ベルクミニー,牝,山田徹,,アルアイン,2014106046,クレバースランチェ,2010110079,Duke of Marmalade,000a011773,山本宏臣,ミリオンファーム,54.8,2014.0,2010.0,2004.0
2021106387,マジックワールド,牝,加藤和宏,,ベルシャザール,2008103004,グッドモーメント,2015106459,ゴールドアリュール,1999106689,安部重夫,大作ステーブル,54.5,2008.0,2015.0,1999.0
2021109172,エイシンオットー,牝,中川雅之,,バゴ,2001190004,エイシンフレア,2011101841,エイシンデピュティ,2002102706,平井克彦,吉永ファーム,54.4,2001.0,2011.0,2002.0
2021104184,ササ,牝,飯田弘道,,ディーマジェスティ,2013104704,ウェットサンプ,2010103068,シニスターミニスター,000a011099,大黒富美子,徳本幸雄,54.2,2013.0,2010.0,2003.0
2021107288,ボーラーパレード,牡,田中伸一,,ニシケンモノノフ,2011105438,レジャンドドレ,2013105245,ステイゴールド,1994108729,小橋亮太,山田政宏,54.0,2011.0,2013.0,1994.0
2021104506,サマードリーム,牝,佐藤祐司,,ファインニードル,2013100612,サテンドール,2014102895,ステイゴールド,1994108729,北原大史,前谷武志,54.0,2013.0,2014.0,1994.0
2021103443,ビジューレイ,牡,角田輝也,,ゴールデンマンデラ,2017110001,ウエスタンビジュー,2013103903,エンパイアメーカー,000a010542,西川賢,ウエスタンファーム,54.0,2017.0,2013.0,2000.0
2021103389,アフェットレイ,牡,山口浩幸,,グランデッツァ,2009105989,アストロラーベ,2010104128,クロフネ,1998110135,田中英昭,アフリートファーム,54.0,2009.0,2010.0,1998.0
2021102567,メイショウボヌール,牝,森澤友貴,,ミッキーアイル,2011103916,メイショウゴウヒメ,2008101553,ジャングルポケット,1998101786,松本好隆,赤田牧場,54.0,2011.0,2008.0,1998.0
2021102243,セイウンシテンノウ,牡,中西達也,,ダイワメジャー,2001103114,プルージャ,000a013e82,Sidney's Candy,000a0126c5,和氣竜彦,ヤナガワ牧場,54.0,2001.0,2013.0,2007.0
2021101892,セルリアンジャガー,牡,栗本陽一,,モーニン,2012110091,チェキ,2014100840,ゴールドアリュール,1999106689,吉田勝利,長谷川一男,54.0,2012.0,2014.0,1999.0
2021101332,ラシパラツィ,牝,西山裕貴,,トーセンラー,2008102985,コルディリエーラ,2013100287,キャプテントゥーレ,2005102216,伊達泰明,サンシャイン牧場,54.0,2008.0,2013.0,2005.0
2021100497,ドルドーニュ,牡,佐々木由,,ダンカーク,000a012185,レッドフォーチュン,2010101699,クロフネ,1998110135,大黒富美子,明治牧場,54.0,2006.0,2010.0,1998.0
2021106748,ケンシスキー,牡,秋田大助,,シュヴァルグラン,2012104759,シングンレガシイ,2015101267,タイムパラドックス,1998101683,林田憲次,ヒカル牧場,53.9,2012.0,2015.0,1998.0
2021104195,スマートパナセア,牡,藤ケ崎一,,パドトロワ,2007102760,ハロックライン,2013105667,キングカメハメハ,2001103460,川上和彦,飛野牧場,53.8,2007.0,2013.0,2001.0
2021101767,マメタクン,セ,瀬戸幸一,,ダノンバラード,2008103548,ラチカベッラ,2014104141,エンパイアメーカー,000a010542,吉川朋宏,チャンピオンズファーム,53.6,2008.0,2014.0,2000.0
2021106397,ハッピーワンダー,牝,九日俊光,,サトノダイヤモンド,2013106101,ポラリス,2009101017,キングカメハメハ,2001103460,岡友則,大作ステーブル,53.5,2013.0,2009.0,2001.0
2021102473,ラグランデテソーロ,牝,東眞市,,ドレフォン,000a013b82,ヒアーズトウショウ,2011102308,フジキセキ,1992109618,了徳寺健二ホールディングス,エクセルマネジメント,53.4,2013.0,2011.0,1992.0
2021105088,アステルスフィーダ,牡,小林俊彦,,エピファネイア,2010104155,ステイアライヴ,000a0120f2,Iffraaj,000a0111d1,小島正宏,社台ファーム,53.2,2010.0,2008.0,2001.0
2021101717,サンマルエレガンス,牝,三野宮通,,ブラックタイド,2001103312,イスルギ,2011103478,キングカメハメハ,2001103460,石橋侑子,チャンピオンズファーム,53.2,2001.0,2011.0,2001.0
2021109017,ハナノクロコ,牝,栗本陽一,,スウィフトカレント,2001103189,ハナノゴジュウマル,2009101249,フォーティナイナーズサン,000a011227,田中忠商事（株）,太田ファーム,53.0,2001.0,2009.0,2001.0
2021100481,ドゥラエンヌ,牝,田口輝彦,,ドゥラメンテ,2012104511,ギュイエンヌ,2005104636,タニノギムレット,1999100226,（株）ＴＳホールディ,明治牧場,53.0,2012.0,2005.0,1999.0
2021101646,タリスカーベイ,牝,川添明弘,,タリスマニック,000a013425,コーズウェイベイ,2015101605,ハードスパン,000a0116a1,桑田照夫,ダーレー・ジャパン・ファーム,52.8,2013.0,2015.0,2004.0
2021107370,フェイズウォーク,牝,桜井拓章,,キズナ,2010105827,フリーティングスピリット,000a012517,Invincible Spirit,000a01056d,吉田和美,ノーザンファーム,52.5,2010.0,2005.0,1997.0
2021107094,モリデンパワー,牝,海馬沢司,,カレンブラックヒル,2009106230,ナイスクラップ,2006105040,ディアブロ,000a0000e9,森田芳男,森田芳男,52.5,2009.0,2006.0,1987.0
2021104284,ヤックル,牝,木村健,,ワールドエース,2009106353,アペリラ,2013105925,キングカメハメハ,2001103460,（有）内田ステーブル,畠山牧場,52.5,2009.0,2013.0,2001.0
2021103741,サラサハウキュート,牝,松本隆宏,,ダブルスター,2009103518,バライロー,2008100294,タニノギムレット,1999100226,横井良明,グランド牧場,52.5,2009.0,2008.0,1999.0
2021102763,アーキットエーサー,牝,藤ヶ崎一,,レーヴミストラル,2012104929,サダムブルーハワイ,2012105831,ハービンジャー,000a011996,高井孝二,グランデファーム,52.5,2012.0,2012.0,2006.0
2021103899,クイーンズタウン,牝,大垣敏夫,,モーニン,2012110091,セレスティーヌ,2012104270,ハーツクライ,2001103038,三岡陽,静内ファーム,52.2,2012.0,2012.0,2001.0
2021105327,リッチレオーネ,牡,長谷川忍,,ラブリーデイ,2010104298,コンゴウビジン,2015105918,ケイムホーム,000a0108d1,高山竜二,ゼットステーブル,52.0,2010.0,2015.0,1999.0
2021104748,レオンフォルテ,牡,山田義人,,リオンディーズ,2013105915,ヴァゼム,2011103526,ゼンノロブロイ,2000101517,松田正一,追分ファーム,52.0,2013.0,2011.0,2000.0
2021102035,ペイシャバロ,牝,細川忠義,,ビッグアーサー,2011103328,ペイシャリサ,2014102959,ケイムホーム,000a0108d1,田村浩二,ベルサイユステーブル,52.0,2011.0,2014.0,1999.0
2021107357,ホークビッツ,牝,宗綱泰彦,,ホークビル,000a01327c,センスオブラヴ,2014104177,ストリートセンス,000a0113a2,金野博幸,山田政宏,51.5,2013.0,2014.0,2004.0
2021103830,アンタキア,牝,櫻井今朝,,バトルプラン,000a0118e8,アレクサンドレッタ,2016105025,ダイワメジャー,2001103114,酒井孝敏,佐竹学,51.4,2005.0,2016.0,2001.0
2021102286,チャーチルテソーロ,牡,東眞市,,ネオユニヴァース,2000101426,レディーエリオット,000a013b86,Authorized,000a01139f,了徳寺健二ホールディングス,リョーケンファーム,51.4,2000.0,2010.0,2004.0
2021103970,ダイバーステラ,牝,佐藤茂,,マインドユアビスケッツ,000a01392e,ドリームバラード,2009103705,タニノギムレット,1999100226,ニットー商事,タイヘイ牧場,51.2,2013.0,2009.0,1999.0
2021106589,ブルジョンドレーヴ,牡,松平幸秀,,エピファネイア,2010104155,ガンダーラプソディ,2000105052,ジェイドロバリー,000a0001a7,土井久美子,錦岡牧場,51.0,2010.0,2000.0,1987.0
2021104206,ヘルツシュラーク,牡,中西達也,,シュヴァルグラン,2012104759,グリーンケープ,2015101572,Cape Cross,000a0022ae,ウエスト．フォレスト．ステイブル,友田牧場,51.0,2012.0,2015.0,1994.0
2021102765,ドーヌム,牡,中川竜馬,,サトノクラウン,2012104668,シェイキットオフ,2013102875,マーベラスサンデー,1992103687,谷口信喜,グランデファーム,51.0,2012.0,2013.0,1992.0
2021110142,プティアレッサ,牝,佐藤浩一,,New Bay,000a012bc0,サマーウィンドII,000a01bf39,Sebi Halo,000a01be9e,島川隆哉,Mr Takaya Shimakawa,50.9,2012.0,2014.0,1998.0
2021104125,カノティエ,牝,栗本陽一,,リアルスティール,2012104889,ダノンエレガント,2009103862,ブライアンズタイム,000a000082,盛学志,千代田牧場,50.3,2012.0,2009.0,1985.0
2021107214,ケイティバトラー,牡,榎屋充,,ファインニードル,2013100612,サーブルクイーン,2016103299,キングズベスト,000a0022d2,瀧本和義,田原橋本牧場,50.0,2013.0,2016.0,1997.0
2021106990,ファミリー,牝,大垣敏夫,,ダイワメジャー,2001103114,トーセンハーディ,000a014481,Compton Place,000a00fc4f,三岡有香,村上欽哉,50.0,2001.0,2015.0,1994.0
2021102037,リュウノラッシュ,牝,加藤和義,,ハービンジャー,000a011996,ルエヴェルロール,2014105350,ステイゴールド,1994108729,蓑島竜一,ベルサイユステーブル,49.9,2006.0,2014.0,1994.0
2021102552,メイショウイゾウ,牡,伊藤強一,,ダンカーク,000a012185,ヨシカワクン,2010101882,アドマイヤムーン,2003102991,（同）ＪＰＮ技研,中脇一幸,49.8,2006.0,2010.0,2003.0
2021100324,エイシンノチウ,牝,三小田幸,,アジアエクスプレス,2011110091,エイシンキララ,2013103263,ハーツクライ,2001103038,桑原一樹,信田牧場,49.8,2011.0,2013.0,2001.0
2021105246,ランフォーリリーズ,牝,高橋優子,,マインドユアビスケッツ,000a01392e,ミオリチャン,2007102943,スウェプトオーヴァーボード,000a00fa34,長谷川千惠,社台ファーム,49.6,2013.0,2007.0,1997.0
2021100577,サンダーボール,牝,山田徹,,ホッコータルマエ,2009100921,ファストソング,2010103028,ヘクタープロテクター,000a000d6b,平本淳一,市川ファーム,49.6,2009.0,2010.0,1988.0
2021102621,ウイニングロア,牡,藤川純,,ロードカナロア,2008103552,タッチアス,2006110087,Mineshaft,000a010545,曽和由行,大柳ファーム,49.5,2008.0,2006.0,1999.0
2021100729,サクブット,牝,伊藤強一,,ダンカーク,000a012185,トロンボーン,2010102076,アグネスタキオン,1998101516,（同）ＪＰＮ技研,高昭牧場,49.5,2006.0,2010.0,1998.0
2021104340,ゴールドクレイン,牡,佐々木由,,スマートファルコン,2005100097,ミヤビハンター,2005107055,メイショウホムラ,1988101162,大黒富美子,原弘之,49.0,2005.0,2005.0,1988.0
2021104012,ルナプレス,牝,中塚猛,,アジアエクスプレス,2011110091,マーティンルナ,2015100839,ハービンジャー,000a011996,大戸志浦,高橋陵,49.0,2011.0,2015.0,2006.0
2021102872,ピロコシンザン,牝,南弘樹,,ロジャーバローズ,2016106065,ネーベルホルン,2014101094,Henrythenavigator,000a0116fd,長橋賢吾,田中スタッド,49.0,2016.0,2014.0,2005.0
2021105999,ペア,牝,手島勝利,,アニマルキングダム,000a011dad,イセエビ,2014105449,ハービンジャー,000a011996,三岡有香,アサヒ牧場,48.6,2008.0,2014.0,2006.0
2021103308,ルビーリング,牝,高橋優子,,メイショウボーラー,2001100650,トップルビー,2008101804,チーフベアハート,1993190010,畠山朝子,宮内牧場,48.6,2001.0,2008.0,1993.0
2021102166,ヴェスペロ,牡,石川浩文,,ヘニーヒューズ,000a011155,スターリットスカイ,2008103242,フジキセキ,1992109618,（株）ＴＫＫ,森永牧場,48.6,2003.0,2008.0,1992.0
2021104543,ユーセイパンジー,牝,藤田正治,,アドミラブル,2014105979,エスプリドゥルミエ,2014105138,ジャングルポケット,1998101786,浅井隆夫,松田牧場,48.4,2014.0,2014.0,1998.0
2021103374,ダイバキャンデー,牝,箕輪武,,アポロケンタッキー,2012110098,ハニームーナー,2010100696,アドマイヤムーン,2003102991,丹呉通孝,山田昇史,48.0,2012.0,2010.0,2003.0
2021101710,グレイワークス,牡,長倉功,,サトノダイヤモンド,2013106101,アイリーグレイ,2012103729,クロフネ,1998110135,前原敏行,チャンピオンズファーム,47.7,2013.0,2012.0,1998.0
2021110143,アリスバリー,牝,後藤正義,,New Bay,000a012bc0,ヴィヴァルダII,000a01f355,Southdale,000a014b99,島川隆哉,Mr Takaya Shimakawa,47.2,2012.0,2015.0,2006.0
2021109064,キタノアベル,牡,田口輝彦,,ディープブリランテ,2009105084,ムーンライトペスカ,2007101426,キングカメハメハ,2001103460,北所拓也,マルシチ牧場,47.2,2009.0,2007.0,2001.0
2021106875,ゴールドジューク,牡,中川雅之,,ゴールドアクター,2011105266,ゴールドアピール,2014100761,ベーカバド,000a011dc0,高尾誠,北勝ファーム,47.2,2011.0,2014.0,2007.0
2021100124,ゴマスノー,牝,室井眞文,,ダンカーク,000a012185,ミヤコスマイル,2015104340,キングカメハメハ,2001103460,遠藤喜和,グローリーファーム,47.1,2006.0,2015.0,2001.0
2021100063,グランフリオ,牡,飯田弘道,,フリオーソ,2004106867,グランオマージュ,2003102732,サンデーサイレンス,000a00033a,橋本政信,折手牧場,47.1,2004.0,2003.0,1986.0
2021104544,ケイアイオリオン,牡,横山保,,ブラックタイド,2001103312,クインズミリセント,2014105147,エンパイアメーカー,000a010542,北原大史,松田牧場,47.0,2001.0,2014.0,2000.0
2021103637,ホノカクレヨン,牝,岡田利一,,モーニン,2012110091,パテティーク,2013101907,アドマイヤマックス,1999107004,福原博,織田正敏,47.0,2012.0,2013.0,1999.0
2021102463,ハッピーベル,牝,角田輝也,,バンドワゴン,2011104010,ハッピーランラン,2014106060,ワークフォース,000a011a7f,馬場幸夫,雅牧場,47.0,2011.0,2014.0,2007.0
2021102038,オヒメサマダッコ,牝,永田幸宏,,ヘニーハウンド,2008110097,アネラノヘア,2011104061,ゴールドアリュール,1999106689,喜多清貴,宝寄山拓樹,47.0,2008.0,2011.0,1999.0
2021100927,ムージャン,牝,加藤幸保,,ヴィクトワールピサ,2007102923,ピワ,2015103773,ヘニーヒューズ,000a011155,北山敏隆,ヒダカファーム,47.0,2007.0,2015.0,2003.0
2021101720,パネンカポコ,牝,三小田幸,,カレンブラックヒル,2009106230,ウジラーサン,2016106408,オルフェーヴル,2008102636,酒井孝敏,チャンピオンズファーム,47.0,2009.0,2016.0,2008.0
2021109167,ムーンパスドリーム,牡,土井道隆,,スクワートルスクワート,000a000da4,コトノハ,2003100948,フジキセキ,1992109618,木稲安則,長谷川牧場,46.8,1998.0,2003.0,1992.0
2021107130,セザンステート,牡,田口輝彦,,シルバーステート,2013105903,ディアテイスティー,2008102080,ジャングルポケット,1998101786,瀬山孝一,山岡牧場,46.4,2013.0,2008.0,1998.0
2021104291,ショードミュール,牝,土井道隆,,ドゥラメンテ,2012104511,ショーウェイ,2014103422,メイショウボーラー,2001100650,吉冨学,畠山牧場,46.4,2012.0,2014.0,2001.0
2021102588,ドレスウェル,牝,大島静夫,,シニスターミニスター,000a011099,カシュカシュ,2009102465,アフリート,000a000013,北原大史,浦河小林牧場,46.4,2003.0,2009.0,1984.0
2021100276,カワカミラトゥール,牝,千葉津代,,バトルプラン,000a0118e8,ノーザンスター,2001101099,カーネギー,000a000093,上山浩司,土田農場,46.2,2005.0,2001.0,1991.0
2021106235,シカンスイヨウ,牝,三小田幸,,アニマルキングダム,000a011dad,ピンクベリーニ,2011105902,フジキセキ,1992109618,北原大史,五丸農場,45.8,2008.0,2011.0,1992.0
2021105282,ダイナミックス,牝,橘友和,,ロゴタイプ,2010103783,レイクキャリー,2014105753,ダイワメジャー,2001103114,長沼秀明,社台ファーム,45.6,2010.0,2014.0,2001.0
2021103408,ペレク,牝,池田忠好,,ファインニードル,2013100612,クインズアイザ,2014100528,タイキシャトル,1994109686,重松慶城,荒木貴宏,45.6,2013.0,2014.0,1994.0
2021100861,チェリーネアルコ,牝,保利良次,,チェリークラウン,2004102428,チェリーグレイス,2008100721,ティンバーカントリー,000a00035e,櫻井悦朗,富塚ファーム,45.4,2004.0,2008.0,1992.0
2021100793,ミルクキャンディー,牝,菅原勲,,レインボーライン,2013106183,ラティエラ,2004105693,スキャターザゴールド,000a000d99,松本桂昌,鮫川啓一,45.3,2013.0,2004.0,1997.0
2021103688,ファイアーストーム,牡,山田徹,,アジアエクスプレス,2011110091,ホットサマーデイ,2008105162,アポインテッドデイ,2001110204,成富直行,木村秀則,45.2,2011.0,2008.0,2001.0
2021101847,フークアクティース,牝,手島勝利,,エピカリス,2014103121,スズカシャルム,2015106135,アドマイヤコジーン,1996106512,福岡隆史,西野春樹,45.1,2014.0,2015.0,1996.0
2021109106,ホクソウドルチェ,牝,山田徹,,グランシルク,2012104915,ホクソウアイ,2008103488,プリサイスエンド,000a00fe9b,林作一,北総ファーム,45.0,2012.0,2008.0,1997.0
2021105628,タイセイシンガー,牡,後藤佑耶,,シュヴァルグラン,2012104759,ソングライティング,2013110090,Giant's Causeway,000a0022e1,田中成奉,ノーザンファーム,45.0,2012.0,2013.0,1997.0
2021101962,キタサンフーゲツ,牝,繁田健一,,パイロ,000a01176a,キタサンジュエリー,2001106863,サクラバクシンオー,1989108341,大野商事,広中稔,45.0,2005.0,2001.0,1989.0
2021101172,サンノゼシズル,牝,三小田幸,,ラブリーデイ,2010104298,ベルエアシズル,000a011a46,Unusual Heat,000a0118fe,伊勢光,オリオンファーム,45.0,2010.0,2005.0,1990.0
2021100900,エドノマーガレット,牝,渡辺和雄,,ビッグアーサー,2011103328,ヴィカバンブー,2011103330,アドマイヤムーン,2003102991,遠藤正子,バンブー牧場,45.0,2011.0,2011.0,2003.0
2021101997,ヤマモミジ,牝,山田義人,,エイシンフラッシュ,2007102951,ユークロニア,2002101012,アドマイヤベガ,1996107396,浅沼廣幸,ファニーヒルファーム,44.8,2007.0,2002.0,1996.0
2021101768,ラストヒロイン,牝,加藤和宏,,カリフォルニアクローム,000a012602,リリアンタイム,2004104534,ブライアンズタイム,000a000082,（株）ファーストビジ,チャンピオンズファーム,44.8,2011.0,2004.0,1985.0
2021101152,リネンワールド,牡,濱田一夫,,トゥザワールド,2011103975,ヒカリブラッシア,2000107332,ヒカリバオー,1994109699,戸山光男,沖田牧場,44.8,2011.0,2000.0,1994.0
2021104322,ミッドナッツソル,牝,室井眞文,,ビッグアーサー,2011103328,マザイ,000a011a98,ファスリエフ,000a00fc4c,（株）ファーストビジ,服部牧場,44.4,2011.0,2005.0,1997.0
2021102274,ローグテソーロ,牝,加藤和宏,,ブラックタイド,2001103312,ウイントゥルーラヴ,2008104108,ロックオブジブラルタル,000a00fd4c,（株）ファーストビジ,リョーケンファーム,44.3,2001.0,2008.0,1999.0
2021107243,ラグリマスマリア,牝,斉藤正弘,,ビッグアーサー,2011103328,ディマクコンダ,2004103033,バチアー,000a00004b,（株）奥山ファーム,奥山牧場,44.1,2011.0,2004.0,1997.0
2021104602,ビーチピーチピール,牝,坂口義幸,,ビーチパトロール,000a0141f9,シイラヴズユウ,2017105679,スマートファルコン,2005100097,内田律子,小野瀬竜馬,44.1,2013.0,2017.0,2005.0
2021107204,アオイエクラタン,牝,加藤和義,,ミッキーアイル,2011103916,エイシンシルダリア,2013102949,キングカメハメハ,2001103460,小林和義,下屋敷牧場,44.0,2011.0,2013.0,2001.0
2021101117,キタノデュエル,牝,小国博行,,マクフィ,000a011c77,ジョウノマドンナ,2006105451,ダンスインザダーク,1993109188,北所拓也,ヴェルサイユファーム,43.4,2007.0,2006.0,1993.0
2021101517,デリシャスパーティ,牝,手島勝利,,ダノンシャンティ,2007105709,ユメハオオキク,2012101451,アドマイヤオーラ,2004102987,吉田勝利,新生ファーム,43.0,2007.0,2012.0,2004.0
2021107120,コンバットレーヴ,牡,石川浩文,,レーヴミストラル,2012104929,マヤリッシュ,2008104576,イーグルカフェ,1997110118,（株）アプエンテ,八島夕起子,42.8,2012.0,2008.0,1997.0
2021106452,キタノアイヴォリー,牝,榎屋充,,ダノンバラード,2008103548,ハワイアンアイ,2012100439,キングカメハメハ,2001103460,北所拓也,富本茂喜,42.7,2008.0,2012.0,2001.0
2021106517,シールビーライト,牝,板垣吉則,,ヘニーハウンド,2008110097,マヤノブリッツ,2011101063,サムライハート,2002100996,松下智,長浜秀昭,42.6,2008.0,2011.0,2002.0
2021107277,ミヤビアストレア,牝,今津勝之,,シュヴァルグラン,2012104759,ミヤビペルラ,2016105879,ロードカナロア,2008103552,小出水正男,浜本牧場,42.5,2012.0,2016.0,2008.0
2021106777,コスモリダッシュ,牡,榎屋充,,マツリダゴッホ,2003104570,ケイティラブ,2004103689,スキャン,000a000d69,蟹江知彦,ビッグレッドファーム,42.5,2003.0,2004.0,1988.0
2021101764,アイラヴノリコ,牝,角田輝也,,コパノリッキー,2010106548,ヤマノリリコイ,2012104474,アドマイヤムーン,2003102991,中谷典生,チャンピオンズファーム,42.5,2010.0,2012.0,2003.0
2021101101,ヴェネラリア,牝,中川雅之,,サトノクラウン,2012104668,ダノニー,2006105209,マンハッタンカフェ,1998101554,辻高史,いとう牧場,42.3,2012.0,2006.0,1998.0
2021103699,フレンドマキ,牝,櫻田康二,,ワールドエース,2009106353,シルクアウローラ,2003105084,クロフネ,1998110135,横尾晴人,久保秀雄,42.1,2009.0,2003.0,1998.0
2021106873,アークジェネシス,牡,平田正一,,アジアエクスプレス,2011110091,ルーマードダイヤ,2009101630,シーキングザダイヤ,2001110220,アークフロンティア,ホース・マネジメント・ボス,42.0,2011.0,2009.0,2001.0
2021106141,ハニーディライト,牝,小野望,,オルフェーヴル,2008102636,ディレット,2016101432,リーチザクラウン,2006102923,池田草龍,上井農場,42.0,2008.0,2016.0,2006.0
2021104559,ウーバークイーン,牝,佐々木由,,バゴ,2001190004,フラヴィニー,2013105022,キンシャサノキセキ,2003110212,原昌久,見上牧場,42.0,2001.0,2013.0,2003.0
2021104059,ブレイヴストーリー,牝,山崎尋美,,スズカコーズウェイ,2004104345,サクラフェリース,2010102805,サクラバクシンオー,1989108341,延原弘茂,谷岡スタット,42.0,2004.0,2010.0,1989.0
2021101797,ジーウィズ,牝,斉藤正弘,,ストロングリターン,2006102934,シギル,2010100789,アドマイヤムーン,2003102991,和田博美,道見牧場,42.0,2006.0,2010.0,2003.0
2021109119,カシノブロッサム,牝,濱田一夫,,ロードバリオス,2005104227,イサミステルス,2001100753,トワイニング,000a000006,柏木務,本田土寿,41.8,2005.0,2001.0,1991.0
2021101755,マナ,牝,奥村豊,,キンシャサノキセキ,2003110212,マンダラキッス,2013104756,サウスヴィグラス,1996110138,ニッシンホールディングス,チャンピオンズファーム,41.6,2003.0,2013.0,1996.0
2021103888,インスタントラバー,牝,宗綱泰彦,,アジアエクスプレス,2011110091,アナザーガール,2010103636,ダイワメジャー,2001103114,金野博幸,静内ファーム,41.5,2011.0,2010.0,2001.0
2021110100,ジーティーロッソ,牝,橘友和,,Curlin,000a011734,Eltimaas,000a013b81,Ghostzapper,000a010525,田畑利彦,Machmer Hall Carrie Brogden & Craig Brogden,41.4,2004.0,2007.0,2000.0
2021100744,ファストチアフル,牝,瀬戸幸一,,サトノダイヤモンド,2013106101,マスターチアフル,2006100383,ボストンハーバー,000a00007c,Ｉレーシング（株）,高昭牧場,41.2,2013.0,2006.0,1994.0
2021104686,アイルオブゴールド,牡,岡田利一,,ミッキーアイル,2011103916,ゴールドアシュレイ,2008100587,マヤノトップガン,1992102988,（同）クイック・ホー,宇南山牧場,41.0,2011.0,2008.0,1992.0
2021103990,ジュールズ,牝,田口輝彦,,トビーズコーナー,000a011fed,チャリシー,2012104801,ハービンジャー,000a011996,西唯克,高橋ファーム,41.0,2008.0,2012.0,2006.0
2021100751,ダブルリード,牡,頼本盛行,,ラブリーデイ,2010104298,リードフルート,2014105679,ネオユニヴァース,2000101426,（同）ＪＰＮ技研,高昭牧場,40.5,2010.0,2014.0,2000.0
2021100192,クィックタイム,牡,織田誠,,アグニシャイン,2014105880,フィネス,2014101150,ディープインパクト,2002100816,藤井猛,さとう,40.3,2014.0,2014.0,2002.0
2021107229,トゥーナトリケラ,牝,宮下靖旨,,フリオーソ,2004106867,ガラドリエル,2012105350,カンパニー,2001103435,薄井隆博,メイタイファーム,40.0,2004.0,2012.0,2001.0
2021107018,トキノトビラ,牡,佐々木功,,アドミラブル,2014105979,プロムクイーン,2015101618,キングズベスト,000a0022d2,谷口祐人,村上進治,40.0,2014.0,2015.0,1997.0
2021106367,セットラー,牡,川嶋弘吉,,アジアエクスプレス,2011110091,ラヴソースウィート,2006105017,スペシャルウィーク,1995103211,ニッシンホールディングス,田渕牧場,40.0,2011.0,2006.0,1995.0
2021106318,ユリアンアルプス,牝,荒井朋弘,,バンドワゴン,2011104010,サザンアルプス,2014100423,トーセンホマレボシ,2009106092,スピードファーム,スピードファーム,40.0,2011.0,2014.0,2009.0
2021106212,ウインヘラクレス,牡,飯田弘道,,ゴールドシップ,2009102739,コスモエルデスト,2011105940,ブラックホーク,1994109361,小阪優友,コスモヴューファーム,40.0,2009.0,2011.0,1994.0
2021105955,トパーズ,牝,庄子昭彦,,ワールドエース,2009106353,ヴェロニカグレース,2015104719,ハービンジャー,000a011996,佐藤良男,レイクヴィラファーム,40.0,2009.0,2015.0,2006.0
2021104919,ロッサヴィール,牡,諏訪貴正,,リアルインパクト,2008103244,ポーレン,000a011cd8,Orpen,000a002326,工藤友樹,社台コーポレーション白老ファーム,40.0,2008.0,2005.0,1996.0
2021104336,オプションプラン,牡,松本隆宏,,バトルプラン,000a0118e8,ダイワノブレス,2001103200,サンデーサイレンス,000a00033a,岡田牧雄,原弘之,40.0,2005.0,2001.0,1986.0
2021103749,マスターオブアジア,牡,内田勝義,,アジアエクスプレス,2011110091,ファイトユアソング,2011101942,スズカマンボ,2001103890,星野隆男,グランド牧場,40.0,2011.0,2011.0,2001.0
2021103432,モリノマロン,牝,齊藤敏,,ロゴタイプ,2010103783,ヤマイチマロン,2013103886,エンパイアメーカー,000a010542,森和久,石川牧場,40.0,2010.0,2013.0,2000.0
2021103014,コウリュウ,牡,田中淳司,,タリスマニック,000a013425,マダムジェニファー,2015104742,ヘニーヒューズ,000a011155,大和屋暁,辻牧場,40.0,2013.0,2015.0,2003.0
2021102453,ユウユウカグヤ,牝,佐々木忠,,ベーカバド,000a011dc0,サマーリガード,2007104927,アドマイヤマックス,1999107004,北原大史,船越伸也,40.0,2007.0,2007.0,1999.0
2021101486,ムーランボルドー,牝,角川秀樹,,リオンディーズ,2013105915,フローレンスガール,2003110054,El Corredor,000a010238,村上卓史,白井牧場,40.0,2013.0,2003.0,1997.0
2021100596,プエラリアチェコ,牝,櫻田康二,,ディープブリランテ,2009105084,ネイルドイット,2015104685,ワークフォース,000a011a7f,谷脇智恵子,エムエム、ヤマダファーム,40.0,2009.0,2015.0,2007.0
2021106362,センカラット,牡,宗綱泰彦,,リアルインパクト,2008103244,サビアーレ,2000110006,Capote,000a00185a,小島將之,田端牧場,39.5,2008.0,2000.0,1984.0
2021102183,アタックボーイ,牡,川西毅,,バトルプラン,000a0118e8,アタックガール,2013106321,パイロ,000a01176a,吉野武,門別牧場,39.3,2005.0,2013.0,2005.0
2021105218,オメガサミット,牡,井樋明正,,ミッキーアイル,2011103916,プリエンプト,2014105534,ステイゴールド,1994108729,（同）ＪＰＮ技研,社台ファーム,39.2,2011.0,2014.0,1994.0
2021100465,ミスサンマリノ,牝,加藤幸保,,ホッコータルマエ,2009100921,ラブミークリーム,2009105402,スウェプトオーヴァーボード,000a00fa34,上山浩司,三石川上牧場,39.2,2009.0,2009.0,1997.0
2021100281,トンチャン,牝,佐々木国,,ワールドエース,2009106353,ルドラ,000a011529,Cape Cross,000a0022ae,山際拓馬,土田農場,39.1,2009.0,2005.0,1994.0
2021101114,アンベイル,牡,桜田浩樹,,ディープブリランテ,2009105084,サンマルリトリート,2015105141,ハードスパン,000a0116a1,山本武司,ヴェルサイユファーム,38.8,2009.0,2015.0,2004.0
2021107158,シャオラオバン,牝,井樋明正,,ロゴタイプ,2010103783,アースウィンド,2011106058,ディープスカイ,2005101358,楊明翰,レジェンドファーム,38.4,2010.0,2011.0,2005.0
2021100218,ハセケンザン,牡,野田幸雄,,ロジャーバローズ,2016106065,エーシンミモザ,2008101295,キングカメハメハ,2001103460,川合満,城地牧場,38.4,2016.0,2008.0,2001.0
2021101502,リュウノサライ,牝,佐藤祐司,,オルフェーヴル,2008102636,リュウノラブソング,2016105375,クロフネ,1998110135,インターフェース（,白瀬盛雄,38.3,2008.0,2016.0,1998.0
2021107292,トゥーナタンゴ,牡,佐藤敏彦,,ゴールドアクター,2011105266,ラプリュベル,2016105275,ハーツクライ,2001103038,薄井隆博,メイタイファーム,38.2,2011.0,2016.0,2001.0
2021106801,カンバセーショナル,牝,塚田隆男,,ダイワメジャー,2001103114,ハーコントゥーズ,000a015944,Invincible Spirit,000a01056d,山口謙太郎,ビッグレッドファーム,38.0,2001.0,2016.0,1997.0
2021102789,クールキャンドウ,牝,保利幸作,,メイショウボーラー,2001100650,メイショウトパーズ,2012105591,クロフネ,1998110135,川上哲司,榊原敏明,38.0,2001.0,2012.0,1998.0
2021100942,ヤマニントリル,牝,森山広大,,マツリダゴッホ,2003104570,ヤマニングルノイユ,2007104741,タイキシャトル,1994109686,土井久美子,廣田光夫,38.0,2003.0,2007.0,1994.0
2021106414,カプリアズーラ,牡,尾形和幸,,ダノンレジェンド,2010110102,ティランジア,2015101603,ハードスパン,000a0116a1,手嶋康雄,中央牧場,37.5,2010.0,2015.0,2004.0
2021104163,ミレフォス,牡,矢作芳人,,キズナ,2010105827,ミリオンドリームズ,2016106031,Frankel,000a01239b,寺田寿男,千代田牧場,37.5,2010.0,2016.0,2008.0
2021101004,ミヤジブリヤン,牝,川西毅,,エピファネイア,2010104155,ミヤジレリゴー,2012106117,キングカメハメハ,2001103460,曽我司,村中牧場,37.5,2010.0,2012.0,2001.0
2021104692,リバティースマイル,牝,後藤正義,,マクマホン,000a0143ac,ヴーヴフルニ,000a014f4c,Christine's Outlaw,000a014b97,島川隆哉,エスティファーム,37.0,2014.0,2011.0,2000.0
2021102165,バニッツア,牝,櫻田康二,,シルバーステート,2013105903,ザッハトルテ,2007106175,クロフネ,1998110135,永田和彦,森永牧場,37.0,2013.0,2007.0,1998.0
2021101995,パサデナノアサ,牝,藤田正治,,トーセンラー,2008102985,デルマユリア,2007103167,ネオユニヴァース,2000101426,インターフェース（,ファニーヒルファーム,37.0,2008.0,2007.0,2000.0
2021101028,ベアソルジャー,牡,鈴木義久,,ネロ,2011103722,サトノジュエル,2009103846,アグネスタキオン,1998101516,熊木浩,アイズスタッド,37.0,2011.0,2009.0,1998.0
2021110071,フルールオンレーヴ,牝,鮫島克也,,Gun Runner,000a0138fb,ヨシノザクラ,2013101794,ディープインパクト,2002100816,前田幸貴,North Hills Co. Limited,36.8,2013.0,2013.0,2002.0
2021107310,ニンファ,牝,後藤佑耶,,ダノンレジェンド,2010110102,スーンシャイン,2016105640,ジャスタウェイ,2009106461,稲葉光昭,木村秀則,36.0,2010.0,2016.0,2009.0
2021105267,ラボニータ,牝,宮川真衣,,イスラボニータ,2011103565,ラブーム,000a011a9b,Monsun,000a010db6,松本桂昌,社台ファーム,36.0,2011.0,2003.0,1990.0
2021104753,バッジオブオナー,牡,伊藤強一,,ブリックスアンドモルタル,000a014377,クィーンチャーム,2012103980,キングカメハメハ,2001103460,（同）ＪＰＮ技研,追分ファーム,36.0,2014.0,2012.0,2001.0
2021103778,グルーラフォルテ,牝,石井勝男,,コパノリッキー,2010106548,クオーレフォルテ,2010103440,フサイチリシャール,2003102955,鳥飼慶一,酒井亨,36.0,2010.0,2010.0,2003.0
2021103483,ノヴァスピーシーズ,牡,新子雅司,,ビーチパトロール,000a0141f9,エレガンテヴィータ,2010102451,アグネスタキオン,1998101516,幅田昌伸,岡田スタッド,36.0,2013.0,2010.0,1998.0
2021102097,プリンセスコチャ,牝,宮下靖旨,,マスクゾロ,2011110069,ハツネ,2009103042,トウカイテイオー,1988101025,横田一男,前川義則,36.0,2011.0,2009.0,1988.0
2021100232,スリーモーメント,牡,目迫大輔,,モーリス,2011100655,ナリタブルースター,2007102800,マンハッタンカフェ,1998101554,永井商事（株）,タガミファーム,36.0,2011.0,2007.0,1998.0
2021103417,リックモモカ,牝,九日俊光,,ディープスカイ,2005101358,リックタラキチ,2011101635,オンファイア,2003102809,山邉浩,荒木貴宏,35.7,2005.0,2011.0,2003.0
2021104715,ゼファーガール,牝,佐藤浩一,,マクマホン,000a0143ac,トーセンスマッシュ,2004101464,トウカイテイオー,1988101025,中田喜久子,エスティファーム,35.1,2014.0,2004.0,1988.0
2021106480,エイシンオンネプ,牡,小国博行,,エイシンヒカリ,2011101273,エーシンオマーン,2010104646,アグネスデジタル,1997110025,平井克彦,中地義次,35.0,2011.0,2010.0,1997.0
2021104203,アティランレーヴ,牝,小林真治,,サトノアレス,2014105493,スレバルナ,2002104277,パラダイスクリーク,1989109110,（有）太盛,泊仁史,35.0,2014.0,2002.0,1989.0
2021104177,ウルトラハニー,牝,竹下太,,ドレフォン,000a013b82,レストンベ,2016106040,ハービンジャー,000a011996,酒井孝敏,千代田牧場,35.0,2013.0,2016.0,2006.0
2021102878,オクテット,牝,小沢宏次,,ジャスタウェイ,2009106461,アウトスマート,2014110068,Smart Strike,000a00211c,橋元勇氣,谷川牧場,35.0,2009.0,2014.0,1992.0
2021102227,ミリオンラプソディ,牝,斉藤正弘,,オルフェーヴル,2008102636,セイリングデイ,2012106356,ブラックタイド,2001103312,梁川正普,ヤナガワ牧場,35.0,2008.0,2012.0,2001.0
2021101866,ビーナオーカン,牝,戸部尚実,,サトノクラウン,2012104668,ハービーナ,2015104446,ハービンジャー,000a011996,遠藤喜和,日西牧場,35.0,2012.0,2015.0,2006.0
2021106342,チリエージョドラマ,牝,櫻田康二,,アニマルキングダム,000a011dad,ロマンチックドラマ,2013106456,ハービンジャー,000a011996,吉田久則,武田修一,34.8,2008.0,2013.0,2006.0
2021100188,セイウンラビリンス,牡,川添明弘,,ストロングリターン,2006102934,ニシノヒナマツリ,2014102705,マツリダゴッホ,2003104570,矢部文子,さとう,34.6,2006.0,2014.0,2003.0
2021107345,ダイアログ,牡,佐藤浩一,,モンテロッソ,000a011b05,モシモシ,2010106531,ジャングルポケット,1998101786,横山育生,木村牧場,34.0,2007.0,2010.0,1998.0
2021100322,エミリアエミリオ,牝,中川雅之,,メイショウボーラー,2001100650,ヴェンティミリア,2012105997,ダンスインザダーク,1993109188,森田高史,沼田照秋,34.0,2001.0,2012.0,1993.0
2021102999,フルドライヴ,牡,小林俊彦,,キタサンミカヅキ,2010100960,トーコーユズキ,2009106289,ディープインパクト,2002100816,小橋亮太,辻牧場,33.8,2010.0,2009.0,2002.0
2021102350,リュウノマッカ,牝,沖田明子,,ベストウォーリア,2010110127,メイショウフーガ,2010102301,メイショウサムソン,2003102205,蓑島竜一,黒川賢司,33.8,2010.0,2010.0,2003.0
2021107393,シンゼンマドンナ,牝,井樋一也,,ゴールドシップ,2009102739,シンゼンクイーン,2014101599,キングズベスト,000a0022d2,吉田勝利,大作ステーブル,33.8,2009.0,2014.0,1997.0
2021103468,アイヲサケブオトコ,牡,室井眞文,,ラブリーデイ,2010104298,アイコチャン,2002104892,ピルサドスキー,1992190011,（株）ファーストビジ,岡田スタッド,33.7,2010.0,2002.0,1992.0
2021100908,エマニエル,牡,北野真弘,,ビッグアーサー,2011103328,ベッライリス,2012104817,ディープインパクト,2002100816,眞田誠之,バンブー牧場,33.6,2011.0,2012.0,2002.0
2021104707,ジェロディ,牡,佐藤浩一,,マクマホン,000a0143ac,チャイナドレス,2013105970,ハービンジャー,000a011996,島川隆哉,エスティファーム,33.4,2014.0,2013.0,2006.0
2021103904,ダイヤモンドアツシ,牡,工藤裕孝,,ロジャーバローズ,2016106065,アースフライト,2015105731,ドリームジャーニー,2004102753,鈴木正浩,静内フジカワ牧場,33.3,2016.0,2015.0,2004.0
2021104621,クッキークリーム,牝,真島正徳,,ワンアンドオンリー,2011105072,ミレナ,2015105323,リーチザクラウン,2006102923,小野瀬悦子,リトルブルーファーム,33.2,2011.0,2015.0,2006.0
2021102240,チョウシュリッキー,牝,板垣吉則,,コパノリッキー,2010106548,ヒットザフロアー,2012104398,ステイゴールド,1994108729,小林祐介,ヤナガワ牧場,33.1,2010.0,2012.0,1994.0
2021101312,ハイジウォー,牝,千葉博次,,シビルウォー,2005102317,リードハイシ,2005103003,スターオブコジーン,1988109108,谷謙介,小西ファーム,33.1,2005.0,2005.0,1988.0
2021107092,ボルドーシトロン,牝,荒巻透,,トビーズコーナー,000a011fed,レモンティー,2011103127,タイキシャトル,1994109686,シグラップ・マネジメ,メイタイファーム,33.0,2008.0,2011.0,1994.0
2021105998,セイグラッセ,牝,甲田悟史,,ヴァンセンヌ,2009106525,アルマネーレーイス,2009104470,ジャングルポケット,1998101786,金田成基,アサヒ牧場,33.0,2009.0,2009.0,1998.0
2021102533,エイユーウォーリア,牡,倉兼育康,,ベストウォーリア,2010110127,エイユーモモチャン,2010100501,サクラバクシンオー,1989108341,笹部義則,富田恭司,33.0,2010.0,2010.0,1989.0
2021100686,スマートエステラ,牝,田中伸一,,キンシャサノキセキ,2003110212,スマートオランプ,2014104835,キングズベスト,000a0022d2,小橋亮太,桑田牧場,33.0,2003.0,2014.0,1997.0
2021106514,ヒルズクィーン,牝,九日俊光,,シゲルカガ,2011103048,シゲルミマサカ,2011105378,サウスヴィグラス,1996110138,岡友則,長浜秀昭,32.8,2011.0,2011.0,1996.0
2021103071,ノボリサクラ,牝,頼本盛行,,レイデオロ,2014106201,ノボリレジェンド,2011104454,ディープインパクト,2002100816,遠藤喜和,富田牧場,32.6,2014.0,2011.0,2002.0
2021106197,ウインカルディア,牝,中川竜馬,,エピファネイア,2010104155,ウインシトリン,2014100214,ステイゴールド,1994108729,豊島愛子,コスモヴューファーム,32.5,2010.0,2014.0,1994.0
2021106239,ライオンズマーチ,牝,佐藤祐司,,スマートファルコン,2005100097,タンスチョキン,2010100473,ストラヴィンスキー,000a00fa41,大木義一,坂元芳春,32.4,2005.0,2010.0,1996.0
2021106095,フルクティクルス,牝,真島正徳,,ホークビル,000a01327c,ラメール,2009100337,ダイワメジャー,2001103114,加藤徹,大狩部牧場,32.4,2013.0,2009.0,2001.0
2021104271,ベアデザイア,牡,鮫島克也,,カリフォルニアクローム,000a012602,リビングマイライフ,2015104166,ダイワメジャー,2001103114,西村清子,野坂牧場,32.2,2011.0,2015.0,2001.0
2021103167,ソウルノット,牝,伊藤勝好,,メイショウボーラー,2001100650,グッドイヴニング,2011100519,コマンズ,000a011625,（有）ホースケア,ビクトリーホースランチ,32.2,2001.0,2011.0,1996.0
2021101918,リーチザウィーク,牝,藤川純,,リーチザクラウン,2006102923,サンピング,000a012fd0,Any Given Saturday,000a0113a0,山本国広,日高大洋牧場,32.0,2006.0,2010.0,2004.0
2021100513,ボルドーネージュ,牡,地辺幸一,,ダンカーク,000a012185,サワヤカスズカ,1997102949,サクラバクシンオー,1989108341,シグラップ・マネジメ,森政巳,32.0,2006.0,1997.0,1989.0
2021100508,ファーストクラウン,牝,川島豊,,エイシンヒカリ,2011101273,エイシンムジカ,2014101061,キングカメハメハ,2001103460,伊勢光,元道牧場,32.0,2011.0,2014.0,2001.0
2021100285,リュウノツライフ,牡,野口孝,,イスラボニータ,2011103565,シップフォクイーン,2015102483,ルーラーシップ,2007103143,蓑島竜一,土田ファーム,32.0,2011.0,2015.0,2007.0
2021103087,クレミーノ,牝,大島静夫,,ロジャーバローズ,2016106065,プラリネ,2010105000,アドマイヤムーン,2003102991,北原大史,富菜牧場,31.9,2016.0,2010.0,2003.0
2021101903,サンダーサーヴェル,牡,坂口義幸,,スマートファルコン,2005100097,ビフォーダーク,2007105499,キングカメハメハ,2001103460,（同）ＪＰＮ技研,原田ファーム,31.2,2005.0,2007.0,2001.0
2021104821,モリノカリーナ,牝,井樋明正,,シルバーステート,2013105903,モリノビーナス,2016104120,ベーカバド,000a011dc0,吉田哲,笹川大晃牧場,30.9,2013.0,2016.0,2007.0
2021106575,グッドイナフ,牝,田嶋弘幸,,デクラレーションオブウォー,000a0136f6,ニーマルオトメ,2007104714,ゼンノロブロイ,2000101517,加藤康成,新冠橋本牧場,30.8,2009.0,2007.0,2000.0
2021104566,アリアドネ,牝,田中淳司,,レイデオロ,2014106201,ドゥハ,2014106246,ゼンノロブロイ,2000101517,佐藤則子,三木田牧場,30.8,2014.0,2014.0,2000.0
2021101757,アナベルアンヌリー,牝,田中淳司,,ドレフォン,000a013b82,モナリザ,000a01388a,Giant's Causeway,000a0022e1,村家康俊,チャンピオンズファーム,30.8,2013.0,2002.0,1997.0
2021100029,ネオグラン,牝,櫻田康二,,シュヴァルグラン,2012104759,ネバーエンディング,2002100784,エンドスウィープ,000a00010f,西田俊二,小河豊水,30.7,2012.0,2002.0,1991.0
2021100270,アンロック,牝,佐宗応和,,シュヴァルグラン,2012104759,スタートウショウ,2002104955,スキャターザゴールド,000a000d99,吉田郁実,土田和男,30.5,2012.0,2002.0,1997.0
2021104563,ブルーシープ,牡,高橋純,,アメリカンペイトリオット,000a013bba,エカポールパンダ,2011106515,ダンスインザダーク,1993109188,石瀬浩三,三木田牧場,30.4,2013.0,2011.0,1993.0
2021106824,マイネルエムロード,牡,沖田明子,,ゴールドシップ,2009102739,マイネプレセア,2011105191,マイネルラヴ,1995108558,（株）ＯＫＣ,ビッグレッドファーム,30.0,2009.0,2011.0,1995.0
2021106407,バックホー,牝,伊藤勝己,,エピカリス,2014103121,ランドクイーン,2010105653,サウスヴィグラス,1996110138,（同）ＪＰＮ技研,大作ステーブル,30.0,2014.0,2010.0,1996.0
2021102143,クリノブルームーン,牡,伊藤勝己,,シュヴァルグラン,2012104759,ライアンシャーク,2010101106,タイキシャトル,1994109686,（同）ＪＰＮ技研,三輪牧場,30.0,2012.0,2010.0,1994.0
2021101971,フォルラニオス,牡,土井道隆,,ラニ,2013110045,コスモフリップ,2014100751,アイルハヴアナザー,000a011ed3,木稲安則,ファーミングヤナキタ,30.0,2013.0,2014.0,2009.0
2021101233,ミランダアスール,牝,竹下直人,,オルフェーヴル,2008102636,ジョイフルティアラ,2004104102,サクラバクシンオー,1989108341,酒井孝敏,木村牧場,30.0,2008.0,2004.0,1989.0
2021103088,シンペキ,牡,飯田弘道,,ディープブリランテ,2009105084,ミサノグリーン,2008101833,タニノギムレット,1999100226,北原大史,トラストスリーファーム,29.9,2009.0,2008.0,1999.0
2021107002,アオイフォール,牝,加藤和義,,リアルスティール,2012104889,フラットウェアー,000a0143cc,Flatter,000a010d05,東恭平,村上欽哉,29.6,2012.0,2013.0,1999.0
2021104251,サクセスビクトリー,牝,桧森邦夫,,ヴィクトワールピサ,2007102923,メジャーメアリー,2012102010,ブライアンズタイム,000a000082,小林章,西村牧場,29.4,2007.0,2012.0,1985.0
2021109010,リケアブロンシュ,牝,佐藤英明,,アルデバランII,000a010541,ホットレッグス,2003102468,Galileo,000a00232b,小橋亮太,石田英機,29.3,1998.0,2003.0,1998.0
2021100109,ラストワイジー,牡,藤ヶ崎一,,ディーマジェスティ,2013104704,アースウイザード,2005106176,エイシンプレストン,1997110161,柳下直輝,グローリーファーム,29.3,2013.0,2005.0,1997.0
2021105071,サットサンガ,牡,池田忠好,,マジェスティックウォリアー,000a011e9c,ジッパーレーン,2014105456,ディープインパクト,2002100816,志邑宣彦,社台ファーム,29.2,2005.0,2014.0,2002.0
2021109029,アイズオブファイア,牡,真島元徳,,デビッドジュニア,000a010ea9,ボールドカップ,2005109172,オペラハウス,000a000d77,木村友典,北村牧場,28.8,2002.0,2005.0,1988.0
2021102090,コンバットジェイ,牡,石川浩文,,ディスクリートキャット,000a0113a1,ラペールノアール,2015100620,ディープインパクト,2002100816,（株）アプエンテ,本間牧場,28.8,2003.0,2015.0,2002.0
2021107152,マホガニー,牝,板垣吉則,,ホークビル,000a01327c,タイムリメンバード,2016100444,プリサイスエンド,000a00fe9b,八百板生,ラッキー牧場,28.6,2013.0,2016.0,1997.0
2021107205,ハクサンリュウオウ,牡,加藤和義,,ハクサンムーン,2009102527,ダイアンスマイル,2008101063,ロックオブジブラルタル,000a00fd4c,河崎五市,田湯牧場,28.0,2009.0,2008.0,1999.0
2021106597,ヤマニンエジェリー,牝,伊藤和,,サトノアラジン,2011104063,ヤマニンギモーヴ,2007104727,アグネスデジタル,1997110025,土井久美子,錦岡牧場,28.0,2011.0,2007.0,1997.0
2021106350,ケイツートラール,牝,竹下直人,,ヴィクトワールピサ,2007102923,マルトクビクトリー,2012106363,フレンチデピュティ,000a00013a,酒井孝敏,竹中牧場,27.9,2007.0,2012.0,1992.0
2021107317,ラヴォンドリコ,牝,酒井仁,,モンテロッソ,000a011b05,カレイジャスミン,2005103797,タヤスツヨシ,1992109612,広瀬将嗣,レジェンドファーム,27.6,2007.0,2005.0,1992.0
2021103974,スターリーアイド,牡,櫻井今朝,,デクラレーションオブウォー,000a0136f6,プリンセスオブザスターズ,000a012e23,Sea The Stars,000a011c78,（同）ＪＰＮ技研,タイヘイ牧場,27.5,2009.0,2012.0,2006.0
2021101227,クリノタンザナイト,牡,迫田清美,,カレンブラックヒル,2009106230,クリノフラゴナール,2015101218,キングカメハメハ,2001103460,（同）ＪＰＮ技研,木村牧場,27.5,2009.0,2015.0,2001.0
2021104374,テイエムライメイ,牡,平山宏秀,,サンダースノー,000a013a06,サファーガ,2009106068,アグネスタキオン,1998101516,竹園正繼,藤沢牧場,27.4,2014.0,2009.0,1998.0
2021107081,ニシノシンク,牝,宇都英樹,,ヘニーヒューズ,000a011155,ニシノビアンカ,2016101334,クロフネ,1998110135,和氣竜彦,メイタイファーム,27.0,2003.0,2016.0,1998.0
2021105316,ジョリピエ,牝,藪口一麻,,ホールウォーカー,2003105250,クイーンオブヘブン,2013102458,スターリングローズ,1997106560,（有）太盛,ストロベリーフィールドファーム,27.0,2003.0,2013.0,1997.0
2021103009,マダムカリーニョ,牝,金田一昌,,リッチーリッチー,2013110008,ブブールチャチャ,2014106134,ステイゴールド,1994108729,北原大史,辻牧場,27.0,2013.0,2014.0,1994.0
2021107111,サンシャインドナウ,牝,池田敦,,アメリカンペイトリオット,000a013bba,エイシンドナウ,2011105568,グラスワンダー,1995108676,西村新一郎,八島夕起子,26.9,2013.0,2011.0,1995.0
2021106774,コモリウタ,牝,頼本盛行,,トーセンラー,2008102985,クリスティロマンス,2007102799,シンボリクリスエス,1999110099,遠藤喜和,ビッグレッドファーム,26.6,2008.0,2007.0,1999.0
2021107090,アフロマン,牡,竹下太,,アルアイン,2014106046,リュイールスター,2013101955,キングカメハメハ,2001103460,小澤徳定,メイタイファーム,26.4,2014.0,2013.0,2001.0
2021106490,ウィッシュドリーム,牡,松島壽,,ディープブリランテ,2009105084,マザーズウィッシュ,2004100355,タイキシャトル,1994109686,小橋亮太,中村弘昭,26.3,2009.0,2004.0,1994.0
2021101829,ナムラマーヤ,牝,新田守,,アルアイン,2014106046,ナムラルンタ,2014102292,ダイワメジャー,2001103114,北原大史,ナカノファーム,26.2,2014.0,2014.0,2001.0
2021106497,リベレーター,牝,東眞市,,アドミラブル,2014105979,カボスチャン,2012104414,タニノギムレット,1999100226,津田浩一,中本牧場,25.6,2014.0,2012.0,1999.0
2021104126,クレバーナイト,牡,佐藤茂,,ブリックスアンドモルタル,000a014377,ダノングラシアス,2012103158,マンハッタンカフェ,1998101554,岡田和惠,千代田牧場,25.6,2014.0,2012.0,1998.0
2021106096,ササジマセンプウ,牝,加藤幸保,,コパノリチャード,2010106552,キースカーフ,2012106110,キングヘイロー,1995104427,藤井猛,大林ファーム,25.5,2010.0,2012.0,1995.0
2021101663,サイナシュア,牝,渡辺博文,,Masar,000a013d93,セレブリティ,2008104079,タニノギムレット,1999100226,遠藤喜和,ダーレー・ジャパン・ファーム,25.3,2015.0,2008.0,1999.0
2021101264,マリノボリー,牝,東眞市,,クラウンレガーロ,2010105639,プリンシプルマリー,2016102946,ジャングルポケット,1998101786,矢野恭裕,クラウン日高牧場,25.3,2010.0,2016.0,1998.0
2021103471,モカラ,牝,西川進也,,サトノアラジン,2011104063,アンカジャポニカ,2010110048,Authorized,000a01139f,湯浅徹,岡田スタッド,25.0,2011.0,2010.0,2004.0
2021102520,ダラスフォンテン,牡,玉井昇,,ベーカバド,000a011dc0,ナドレ,2006102973,スウェプトオーヴァーボード,000a00fa34,吉橋興生,清水スタッド,25.0,2007.0,2006.0,1997.0
2021102185,オーロラパール,牡,倉地学,,ホッコータルマエ,2009100921,エムオーパール,2011102771,ステイゴールド,1994108729,前田清二,門別牧場,25.0,2009.0,2011.0,1994.0
2021101610,クリンキー,牡,村上正和,,スワーヴリチャード,2014106083,アナザーワールド,2013100546,ディープインパクト,2002100816,栗坂崇,タバタファーム,25.0,2014.0,2013.0,2002.0
2021100585,フロイデントレーネ,牡,新子雅司,,ディスクリートキャット,000a0113a1,アルカイクスマイル,2016102281,クロフネ,1998110135,野田善己,梅田牧場,25.0,2003.0,2016.0,1998.0
2021100839,ダンスアリーナ,牝,佐藤祐司,,コパノリッキー,2010106548,アグネスアーニャ,2012104116,アグネスデジタル,1997110025,森田徹,高松牧場,24.9,2010.0,2012.0,1997.0
2021106155,デュエルイメル,牡,橘友和,,ヘニーヒューズ,000a011155,ルリニガナ,2008104407,スニッツェル,000a010eaa,ＫＡＪＩＭＯＴＯホールディングス,川島牧場,24.8,2003.0,2008.0,2002.0
2021103264,メイショウナニクソ,牡,高橋俊之,,エピファネイア,2010104155,メイショウガンツ,2010105141,ダイワメジャー,2001103114,前田敏文,三嶋牧場,24.8,2010.0,2010.0,2001.0
2021102554,オーミステラータ,牝,手島勝利,,ゼンノロブロイ,2000101517,アムールエテルネル,2007105124,アルカセット,2000190010,岩崎僖澄,山本和彦,24.8,2000.0,2007.0,2000.0
2021110110,アールヴヘイム,牝,小崎憲,,Arrogate,000a013798,Duff One,000a01d5bd,Harlan's Holiday,000a010cdf,田頭勇貴,Theta Holdings 1 Inc.,24.5,2013.0,2011.0,1999.0
2021106483,ガリグラス,牡,小国博行,,ケープブランコ,000a011b06,コリンズグラス,2002100977,グラスワンダー,1995108676,西森鶴,中地義次,24.5,2007.0,2002.0,1995.0
2021105109,グランスカーレット,牡,盛本信春,,ロードカナロア,2008103552,ダイワスカーレット,2004103198,アグネスタキオン,1998101516,社台レースホース,社台ファーム,24.5,2008.0,2004.0,1998.0
2021107127,リンピッドアイズ,牝,加藤和義,,スクリーンヒーロー,2004103328,ライムチャン,2013105436,キンシャサノキセキ,2003110212,津田浩一,山岡ファーム,24.0,2004.0,2013.0,2003.0
2021106409,シゲルブレイブ,牡,九日俊光,,シゲルカガ,2011103048,オペラシーズン,2015101630,キングズベスト,000a0022d2,森中啓子,中央牧場,24.0,2011.0,2015.0,1997.0
2021106002,ヤマショウポール,牡,佐藤浩一,,グランプリボス,2008103388,カッチャウカモネ,2015104420,タートルボウル,000a012045,山下勇,アサヒ牧場,24.0,2008.0,2015.0,2002.0
2021103606,マーブルカリクロ,セ,茶木太樹,,カリフォルニアクローム,000a012602,マーブルフレンテ,2013104017,キンシャサノキセキ,2003110212,下村直,岡田牧場,24.0,2011.0,2013.0,2003.0
2021103447,ワイドセレブ,牝,手島勝利,,ホークビル,000a01327c,プテリュクス,2016104478,スマートファルコン,2005100097,上田秀二,ウエスタンファーム,24.0,2013.0,2016.0,2005.0
2021101838,ダイシンカーリー,牝,吉田直弘,,キズナ,2010105827,ダイシンパーティー,2003100653,ブライアンズタイム,000a000082,大八木信行,中原牧場,24.0,2010.0,2003.0,1985.0
2021101563,ノカプア,牡,加藤幸保,,ビッグアーサー,2011103328,ベルモントラハイナ,2011105260,スウィフトカレント,2001103189,和田牧場,スマイルファーム,24.0,2011.0,2011.0,2001.0
2021106933,リズヴェリオ,牝,藤ケ崎一,,エピカリス,2014103121,マダムジルウェット,2011100191,フジキセキ,1992109618,服部康夫,松浦牧場,23.9,2014.0,2011.0,1992.0
2021101884,ヴァルチャー,牝,高橋俊之,,タイセイレジェンド,2007103199,フレスカ,2014103735,ディープスカイ,2005101358,庭田文雄,ノースガーデン,23.8,2007.0,2014.0,2005.0
2021106007,エテルノアキーロ,牡,菅原右吉,,アポロケンタッキー,2012110098,ススメヨンマル,2016101714,ケープブランコ,000a011b06,大木義一,アサヒ牧場,23.5,2012.0,2016.0,2007.0
2021106557,タガノディミトラ,牝,松島壽,,サンダースノー,000a013a06,ラーダー,2013105331,ハービンジャー,000a011996,崎谷彦司,新冠タガノファーム,23.4,2014.0,2013.0,2006.0
2021100887,エコロヴェルデ,牡,村上実,,ビーチパトロール,000a0141f9,ヒシパール,2010102213,ディープインパクト,2002100816,岩渕瑞生,中村雅明,23.3,2013.0,2010.0,2002.0
2021104451,カリナンラホーヤ,牝,井樋一也,,サトノダイヤモンド,2013106101,ラホーヤビーチ,2012103499,タイキシャトル,1994109686,泉一郎,藤原牧場,23.2,2013.0,2012.0,1994.0
2021100555,ハラハラギャル,牝,手島勝利,,ルーラーシップ,2007103143,レジェ,2013105928,ステイゴールド,1994108729,瀬戸年美,レースホース牧場,23.2,2007.0,2013.0,1994.0
2021100014,ピスケスナイン,牝,九日俊光,,アドミラブル,2014105979,ホッテストチケット,2004104864,ゼンノエルシド,1997110179,田中誠一,稲葉牧場,23.2,2014.0,2004.0,1997.0
2021103655,テイエムバラード,牝,平山宏秀,,ベストウォーリア,2010110127,アグネスバラード,2002103118,ヘネシー,000a000178,竹園正繼,カタオカファーム,23.1,2010.0,2002.0,1993.0
2021105184,ショウナンアムロ,牡,保利良平,,ハーツクライ,2001103038,ファタルベーレ,000a014568,Pedro the Great,000a0143ec,国本哲秀,社台ファーム,23.0,2001.0,2015.0,2010.0
2021104567,ゴールドブラッサム,牡,雑賀伸一,,ダンカーク,000a012185,ヒロブラッサム,2015104592,ロードカナロア,2008103552,西野晴夫,三木田牧場,23.0,2006.0,2015.0,2008.0
2021101293,ヨシミツ,牡,原口次夫,,エイシンフラッシュ,2007102951,ファーマシスト,2014102140,Shamardal,000a010c92,酒井孝敏,グッドラック・ファーム,22.9,2007.0,2014.0,2002.0
2021105846,アーガイルプレイド,牡,土井道隆,,サトノダイヤモンド,2013106101,ランウェイデビュー,2015105303,ストロングリターン,2006102934,岡友則,ノーザンファーム,22.5,2013.0,2015.0,2006.0
2021104573,プレザントウインド,牝,倉地学,,モーリス,2011100655,キュリオスティー,2011103583,ディープインパクト,2002100816,稲垣誠,矢野牧場,22.5,2011.0,2011.0,2002.0
2021102688,ヴィーナスウインズ,牝,植松則幸,,オルフェーヴル,2008102636,ノーブルサンズ,2013103352,ゴールドアリュール,1999106689,（株）ファーストビジ,ガーベラパークスタッド,22.5,2008.0,2013.0,1999.0
2021102292,チュウワレイク,牝,加藤幸保,,ヘニーヒューズ,000a011155,チュウワアピール,2011104038,マンハッタンカフェ,1998101554,中西忍,若林順一,22.5,2003.0,2011.0,1998.0
2021101456,リベルティーヌ,牝,栗本陽一,,レイデオロ,2014106201,ロイヤルストリート,2012101374,ディープインパクト,2002100816,原田篤史,下河辺牧場,22.5,2014.0,2012.0,2002.0
2021100885,ヴァリエンテシチー,牡,九日俊光,,イスラボニータ,2011103565,ヒシヴァリアント,2006100493,Galileo,000a00232b,山邉浩,中村雅明,22.5,2011.0,2006.0,1998.0
2021102130,クリノガリレオ,牡,藤川純,,ベルシャザール,2008103004,クリノエカテリーナ,2014102765,スズカマンボ,2001103890,栗本篤志,増尾牧場,22.4,2008.0,2014.0,2001.0
2021100071,アオイカメリア,牝,加藤和義,,ドレフォン,000a013b82,キャリーウェーブ,2008103478,アグネスタキオン,1998101516,小林和義,片山牧場,22.4,2013.0,2008.0,1998.0
2021102407,ビービーレーヌ,牝,佐藤祐司,,ワールドエース,2009106353,クイーンズムーヴ,2015101628,キングズベスト,000a0022d2,後藤順男,坂東牧場,22.3,2009.0,2015.0,1997.0
2021101271,レデツカ,牝,伊藤和忍,,フェノーメノ,2009106599,ラッポルティ,2016102940,ジャングルポケット,1998101786,徳増栄治,クラウン日高牧場,22.0,2009.0,2016.0,1998.0
2021101022,イチナイス,牝,原口次夫,,カレンブラックヒル,2009106230,イチザプラチナ,2013101558,メイショウボーラー,2001100650,北原大史,アースファーム,22.0,2009.0,2013.0,2001.0
2021109163,エイシンクォーク,牡,大島静夫,,フェノーメノ,2009106599,エイシンガイア,2012105588,ハービンジャー,000a011996,北原大史,新保孝一,21.6,2009.0,2012.0,2006.0
2021106475,クロユリジョウ,牝,菅原欣也,,サトノクラウン,2012104668,ハコダテダリア,2015100461,ステイゴールド,1994108729,小橋亮太,中地広大,21.6,2012.0,2015.0,1994.0
2021105945,ブロットキャスター,牡,原口次夫,,マクフィ,000a011c77,チャームアップ,2006105986,シルバーチャーム,000a00227c,小濱正智,ヤマイチ牧場,21.6,2007.0,2006.0,1994.0
2021102697,セクシーガール,牝,高橋優子,,ヤマカツエース,2012102774,ヤマカツバーバラ,2014104350,サウスヴィグラス,1996110138,山田和夫,木戸口牧場,21.6,2012.0,2014.0,1996.0
2021102015,ダイユウヒンギス,牝,室井眞文,,リアルスティール,2012104889,ハートビートワルツ,2003102935,ブライアンズタイム,000a000082,泉一郎,藤本ファーム,21.6,2012.0,2003.0,1985.0
2021100272,ミッレマンドルリ,牝,及川良春,,ビッグアーサー,2011103328,アルマバテーム,2014103979,エンパイアメーカー,000a010542,谷謙介,土田農場,21.6,2011.0,2014.0,2000.0
2021104729,アダム,牡,佐藤浩一,,マクマホン,000a0143ac,ファストカラー,2008103284,フジキセキ,1992109618,島川隆哉,エスティファーム,21.1,2014.0,2008.0,1992.0
2021106793,ストレンジケース,牡,黒田隆男,,スクリーンヒーロー,2004103328,ストレンジラブ,2007104497,ネオユニヴァース,2000101426,（株）ファーストビジ,ビッグレッドファーム,21.0,2004.0,2007.0,2000.0
2021106448,ラブリスペクト,牝,新井隆太,,スクリーンヒーロー,2004103328,ヒシエトワール,2016104621,オルフェーヴル,2008102636,飛渡清一,飛渡牧場,21.0,2004.0,2016.0,2008.0
2021104149,サンタルチア,牝,高橋純,,リオンディーズ,2013105915,プレシャスメイト,2012103180,ステイゴールド,1994108729,谷謙介,千代田牧場,21.0,2013.0,2012.0,1994.0
2021103337,チャンミコチョロン,牝,田中守,,ジョーカプチーノ,2006100529,ブリッサ,2009104935,ブラックホーク,1994109361,須田靖之,ミルファーム,21.0,2006.0,2009.0,1994.0
2021100154,ウインドスピード,牡,打越勇児,,ドゥラメンテ,2012104511,ハリケーンフラッグ,000a012f10,Storm Cat,000a001a98,中村智幸,ケイアイファーム,21.0,2012.0,2007.0,1983.0
2021107067,ユウユウミカノモリ,牝,大島静夫,,サトノクラウン,2012104668,ザマーチャン,2013105493,ディープインパクト,2002100816,北原大史,メイタイファーム,20.8,2012.0,2013.0,2002.0
2021101771,トウケンスピカ,牝,金田一昌,,ディープブリランテ,2009105084,ワイオリ,2016106394,ヴィクトワールピサ,2007102923,鈴木道隆,チャンピオンズファーム,20.8,2009.0,2016.0,2007.0
2021107163,フォーメリトゥム,牝,東眞市,,エイシンヒカリ,2011101273,フォーシンズ,000a011533,Sinndar,000a002329,サンエツ企画（有）,レジェンドファーム,20.6,2011.0,2004.0,1997.0
2021102179,サザンレーヴ,牝,井手上慎,,ロゴタイプ,2010103783,フィオレンツァ,2013103972,グラスワンダー,1995108676,横田一男,門別敏朗,20.6,2010.0,2013.0,1995.0
2021106352,パイナップルソーダ,牝,藤ケ崎一,,アポロケンタッキー,2012110098,アポロオスカー,2013103013,スペシャルウィーク,1995103211,安本卓史,タニグチ牧場,20.4,2012.0,2013.0,1995.0
2021106267,サンライトムゲン,牝,伊藤勝好,,フェノーメノ,2009106599,マグナカルタ,2011100601,ルールオブロー,000a010d7d,遠藤喜和,渋谷牧場,20.2,2009.0,2011.0,2001.0
2021100223,ワンダーセイレーン,牝,九日俊光,,アニマルキングダム,000a011dad,ワンダービーナス,2007103642,バゴ,2001190004,山本能成,城地牧場,20.1,2008.0,2007.0,2001.0
2021106919,ソウルブレイズ,牡,田辺陽一,,エピカリス,2014103121,ジョワイユ,2014102247,パイロ,000a01176a,（株）吉永ファーム,松浦牧場,20.0,2014.0,2014.0,2005.0
2021106313,アッパレ,牡,大山寿文,,ヴェリーハード,2006101853,ディアハピネス,2009102885,サクラバクシンオー,1989108341,山崎郡,スターファーム,20.0,2006.0,2009.0,1989.0
2021104352,イタズラボウズ,牡,田村彰啓,,エピカリス,2014103121,ユノマニッシュ,2006103103,ホワイトマズル,1990109700,村上淳,原田久司,20.0,2014.0,2006.0,1990.0
2021104224,マサノブラーヴァ,牝,齊藤敏,,トウケイヘイロー,2009101682,マサノマリリン,2011101409,キングカメハメハ,2001103460,中村時子,中田浩美,20.0,2009.0,2011.0,2001.0
2021104165,ロッキンドア,牡,伊藤勝好,,ビッグアーサー,2011103328,メイクヒストリー,2001104235,サンデーサイレンス,000a00033a,小橋亮太,千代田牧場,20.0,2011.0,2001.0,1986.0
2021101125,ヴェルサイユノハナ,牝,長谷川忍,,ビッグアーサー,2011103328,ララカサブランカ,2017100121,ハーツクライ,2001103038,岩崎美由紀,ヴェルサイユファーム,20.0,2011.0,2017.0,2001.0
2021100560,グランドシュギョク,牡,伊藤強一,,リオンディーズ,2013105915,ティーエスクライ,2012105115,ハーツクライ,2001103038,（同）ＪＰＮ技研,秋場牧場,19.7,2013.0,2012.0,2001.0
2021102694,ウブド,牝,永田幸宏,,アドミラブル,2014105979,サンマルガイア,2014103144,メイショウボーラー,2001100650,木村薫,木戸口牧場,19.5,2014.0,2014.0,2001.0
2021107013,エルモシージョ,牝,井樋一也,,バゴ,2001190004,シェリトリンド,2014106195,ステイゴールド,1994108729,扇原毅士,村上進治,19.2,2001.0,2014.0,1994.0
2021106222,ウインパルファン,牝,川田孝好,,オルフェーヴル,2008102636,フラワーウィンド,2006103662,タニノギムレット,1999100226,成富直行,コスモヴューファーム,19.0,2008.0,2006.0,1999.0
2021101360,ジュントゥルーリ,牡,櫻田康二,,ユアーズトゥルーリ,2016104391,ラベンダーヒスイ,2013102160,サウスヴィグラス,1996110138,簗詰貴彦,サンバマウンテンファーム,19.0,2016.0,2013.0,1996.0
2021107221,シャンゼリゼハート,牝,千葉幸喜,,ミッキーロケット,2013106099,ステイインハート,2013105306,ステイゴールド,1994108729,新井原博,新冠川上牧場,18.8,2013.0,2013.0,1994.0
2021109001,ジナコ,牝,永田幸宏,,ウインバリアシオン,2008103206,ミスジーナ,2015101739,ディープブリランテ,2009105084,組）馬主組合みすじの,青森ホースファーム,18.7,2008.0,2015.0,2009.0
2021104736,ダニエラ,牝,後藤正義,,マクマホン,000a0143ac,ライズスクリュー,2014101705,トーセンホマレボシ,2009106092,島川隆哉,エスティファーム,18.6,2014.0,2014.0,2009.0
2021103831,マルモリトマホーク,牡,竹下太,,ホークビル,000a01327c,ウマヒトスジ,2006101021,Tale of the Cat,000a002276,小林昭徳,佐竹学,18.3,2013.0,2006.0,1994.0
2021103697,シェナパワー,牡,山口浩幸,,ベルシャザール,2008103004,パワーアン,2003107472,ディアブロ,000a0000e9,冨田藤男,キヨタケ牧場,18.2,2008.0,2003.0,1987.0
2021106709,ジョイレンジャー,牡,高橋純,,モーニン,2012110091,シンキングジョリー,2012100652,タイムパラドックス,1998101683,西村亮二,浜口牧場,18.0,2012.0,2012.0,1998.0
2021104156,セントオブメイ,牝,鈴木義久,,ヘニーヒューズ,000a011155,マイスイートホーム,2006101249,ブライアンズタイム,000a000082,飯田正剛,千代田牧場,18.0,2003.0,2006.0,1985.0
2021103330,ハーデンベルギア,牝,田嶋弘幸,,ディスクリートキャット,000a0113a1,サンクタリリアス,2012100961,スウェプトオーヴァーボード,000a00fa34,小橋亮太,ミルファーム,18.0,2003.0,2012.0,1997.0
2021106471,ソワンドレイライン,牡,石川浩文,,アルアイン,2014106046,ラインラピット,2015100455,ヨハネスブルグ,000a0103b9,西村静子,土井牧場,17.9,2014.0,2015.0,1999.0
2021102668,スターリージェット,牝,水野善太,,エピカリス,2014103121,プリティウイッチ,2010104172,クロフネ,1998110135,伊藤捷一,鎌田正嗣,17.8,2014.0,2010.0,1998.0
2021106718,ダイメイコスズ,牡,平山宏秀,,スピルバーグ,2009105961,ダイメイスズ,2015102094,ジャングルポケット,1998101786,宮本孝一,林博道,17.6,2009.0,2015.0,1998.0
2021105648,チャーモニウム,牝,大島静夫,,シルバーステート,2013105903,チャームクォーク,2014106095,クロフネ,1998110135,北原大史,ノーザンファーム,17.6,2013.0,2014.0,1998.0
2021106847,ブラックシリカ,牝,田中淳司,,ブラックタイド,2001103312,シリカ,2013102122,メイショウボーラー,2001100650,西森鶴,プログレスファーム,17.5,2001.0,2013.0,2001.0
2021106244,ドリカムマーメイド,牝,小村正也,,グランデッツァ,2009105989,レイクマーメイド,2005105068,トウカイテイオー,1988101025,下田政一,佐藤静子,17.5,2009.0,2005.0,1988.0
2021102923,ソロンドール,牡,小野望,,アニマルキングダム,000a011dad,レムミラス,2011105837,キングヘイロー,1995104427,鳥居公子,谷川牧場,17.5,2008.0,2011.0,1995.0
2021101024,アースウォーリア,牝,加藤幸保,,ベストウォーリア,2010110127,タカラインディ,2012100377,エンパイアメーカー,000a010542,中島稔,アースファーム,17.5,2010.0,2012.0,2000.0
2021110168,マノア,牝,川嶋弘吉,,The Autumn Sun,000a01e732,Kirovskaya,000a01460d,フレンチデピュティ,000a00013a,ニッシンホールディングス,Arrowfield Pastoral Pty Ltd,16.8,2015.0,2005.0,1992.0
2021110035,クイーンモーガン,牝,井樋一也,,Camelot,000a011ed2,リージェンシーロマンス,000a0127ea,ディクタット,1995190007,宮崎豊治,Godolphin,16.8,2009.0,2008.0,1995.0
2021105937,プレシャスシル,牝,米川昇,,バゴ,2001190004,プレシャスフラワー,2001105204,サンデーサイレンス,000a00033a,橋本善太,橋本牧場,16.8,2001.0,2001.0,1986.0
2021105200,エオナス,牝,金田一昌,,ロゴタイプ,2010103783,フローラルカーヴ,2004103127,アグネスタキオン,1998101516,北原大史,社台ファーム,16.8,2010.0,2004.0,1998.0
2021104419,クールドゥー,牝,五十嵐冬,,ニューイヤーズデイ,000a014589,パーリオミノル,2013104774,ディープインパクト,2002100816,（有）フジワラ・ファ,フジワラファーム,16.8,2011.0,2013.0,2002.0
2021102857,タルマイサン,牡,秋田大助,,ホッコータルマエ,2009100921,プライムウィッシュ,2006105923,シンボリクリスエス,1999110099,北原大史,高村牧場,16.8,2009.0,2006.0,1999.0
2021102601,エイシンオリオール,牡,頼本盛行,,シュヴァルグラン,2012104759,エイシンアリエル,2012102269,サクラバクシンオー,1989108341,遠藤喜和,栄進牧場,16.7,2012.0,2012.0,1989.0
2021101934,シェイクヒップ,牝,藤田正治,,アルアイン,2014106046,レディオスソープ,2008103198,アグネスタキオン,1998101516,（同）ＪＰＮ技研,日高大洋牧場,16.7,2014.0,2008.0,1998.0
2021109166,ムーンパスオオサキ,牡,土井道隆,,ケイムホーム,000a0108d1,アイディンビュー,2010103392,バブルガムフェロー,1993109219,木稲安則,長谷川牧場,16.0,1999.0,2010.0,1993.0
2021109142,レコパンリリー,牝,矢野久美,,ケイムホーム,000a0108d1,リリー,2008101111,スキャターザゴールド,000a000d99,山下壽,吉野政敏,16.0,1999.0,2008.0,1997.0
2021107114,ダブルギフト,牡,中川雅之,,ラニ,2013110045,クッカ,2015105898,ディープブリランテ,2009105084,西村新一郎,八島夕起子,16.0,2013.0,2015.0,2009.0
2021106518,ツヨポンフェイス,牝,真島正徳,,リアルスティール,2012104889,アドヴェンチャレス,2015106526,ロードカナロア,2008103552,梅ケ枝容晃,長浜牧場,16.0,2012.0,2015.0,2008.0
2021105936,エムエスマルゼン,牡,竹下直人,,ディーマジェスティ,2013104704,フレンチジェンヌ,2013104282,グラスワンダー,1995108676,森哲,橋本牧場,16.0,2013.0,2013.0,1995.0
2021101347,ナックウォリアー,牡,金田一昌,,ベストウォーリア,2010110127,キュアエンジェル,2015106493,シンボリクリスエス,1999110099,小松欣也,サンバマウンテンファーム,16.0,2010.0,2015.0,1999.0
2021104709,トーセンシエンタ,牝,佐藤浩一,,マクマホン,000a0143ac,トーセンアルバータ,2013110131,More Than Ready,000a00fcdd,島川隆哉,エスティファーム,15.8,2014.0,2013.0,1997.0
2021103496,タイセイサクシード,牡,佐藤雅彦,,サトノクラウン,2012104668,グレイスミノル,2012100358,バゴ,2001190004,相馬哲夫,岡田スタッド,15.8,2012.0,2012.0,2001.0
2021101423,プラクティコ,牡,佐藤祐司,,シュヴァルグラン,2012104759,ネイチャーガイド,2003106127,エルコンドルパサー,1995108742,村野康司,下河辺牧場,15.8,2012.0,2003.0,1995.0
2021100700,ケンオスロ,牡,櫻田康二,,バゴ,2001190004,ケンブリッジハーツ,2011102914,キングヘイロー,1995104427,中西宏彰,ケンブリッジバレー,15.8,2001.0,2011.0,1995.0
2021105024,グランヴィルローズ,牝,吉田司,,リアルインパクト,2008103244,グレースアンバー,2016105008,ストロングリターン,2006102934,古川忠一,社台ファーム,15.5,2008.0,2016.0,2006.0
2021110095,トコトワ,牝,中野博,,Smooth Daddy,000a01d476,ボーントゥービーオネスト,000a01be4c,Born To Sea,000a016477,三岡有香,Born To Be Honest Partners,15.4,2011.0,2014.0,2009.0
2021100079,ビーシャイニー,牝,工藤裕孝,,ビーチパトロール,000a0141f9,ブルーベルベット,2003107000,フォーティナイナー,000a000134,山本幸生,加野牧場,15.4,2013.0,2003.0,1985.0
2021100726,アルシャリフ,牡,川田孝好,,アルアイン,2014106046,テイケイラピッド,2012103951,スニッツェル,000a010eaa,高野良美,高昭牧場,15.3,2014.0,2012.0,2002.0
2021100442,エイシンオーリアン,牝,柳井宏之,,ディスクリートキャット,000a0113a1,エイシンオルドス,2011103055,フジキセキ,1992109618,北原大史,水丸牧場,15.2,2003.0,2011.0,1992.0
2021109176,ルミナスアイ,セ,瀬戸口悟,,バゴ,2001190004,カントリーウーマン,2002109156,イシノサンデー,1993101059,鈴木正浩,山田雅章,15.0,2001.0,2002.0,1993.0
2021106568,ケイアイスバル,牡,佐宗応和,,パイロ,000a01176a,ケイアイデイジー,2007106562,クロフネ,1998110135,（株）啓愛義肢材料販,新冠橋本牧場,15.0,2005.0,2007.0,1998.0
2021104300,ホシヨミノミコ,牝,新井健児,,ロジャーバローズ,2016106065,ポワティエ,2011103976,Le Havre,000a01198f,渡辺敏道,畠山牧場,15.0,2016.0,2011.0,2006.0
2021104247,ジューンブライダー,牝,小手川準,,アルアイン,2014106046,ブライダルベール,2006100872,キングカメハメハ,2001103460,馬目時宗,西村牧場,15.0,2014.0,2006.0,2001.0
2021101940,テイエムエースコ,牝,竹之下昭,,ワールドエース,2009106353,テイエムサンピラー,2013105173,クロフネ,1998110135,竹園正繼,日高テイエム牧場,15.0,2009.0,2013.0,1998.0
2021101230,ビックリポン,牝,尾林幸二,,デクラレーションオブウォー,000a0136f6,ショウナンハイル,2015101751,ハーツクライ,2001103038,諸岡慶,木村牧場,15.0,2009.0,2015.0,2001.0
2021103333,ドングリコロコロ,牝,飯田弘道,,ミッキーグローリー,2013103999,テイア,2012103681,マヤノトップガン,1992102988,大黒富美子,ミルファーム,14.9,2013.0,2012.0,1992.0
2021100429,テイエムボニータ,牝,竹之下昭,,イスラボニータ,2011103565,バニラマカロン,2012104839,クロフネ,1998110135,竹園正繼,前田ファーム,14.9,2011.0,2012.0,1998.0
2021106182,ヤサカサラ,牝,池田忠好,,ベストウォーリア,2010110127,ラインキュート,2012104561,ハーツクライ,2001103038,志邑宣彦,小泉牧場,14.8,2010.0,2012.0,2001.0
2021106316,ミスターローズ,牡,櫻田康二,,カレンブラックヒル,2009106230,エバーローズ,2009104752,ウインクリューガー,2000107407,スピードファーム,スピードファーム,14.4,2009.0,2009.0,2000.0
2021106378,キングスクラウン,牡,桧森邦夫,,Yoshida,2014106077,チューリップスガロア,000a01b7e7,Giant's Causeway,000a0022e1,酒井孝敏,大栄牧場,14.0,2014.0,2013.0,1997.0
2021103896,ショウナンアルン,牝,小牧毅,,メイショウサムソン,2003102205,ショウナンハウメア,2013105344,キングカメハメハ,2001103460,秋元順紀,静内ファーム,14.0,2003.0,2013.0,2001.0
2021102990,スリーウエーブ,牝,木原一良,,スズカコーズウェイ,2004104345,スリーカーニバル,2010102675,マンハッタンカフェ,1998101554,永井商事,辻牧場,14.0,2004.0,2010.0,1998.0
2021101007,エルヴェーラ,牝,藤田正治,,モーニン,2012110091,エリカオンヒル,2005110169,Century City,000a010f0f,（株）ファーストビジ,山田牧場,14.0,2012.0,2005.0,1999.0
2021100214,ボクラノカガヤキ,牡,加藤幸保,,ガルボ,2007101163,トゥファーアウェイ,2011105750,チチカステナンゴ,000a011135,石川秀守,白井吉美,14.0,2007.0,2011.0,1998.0
2021106704,ポントワーズ,牝,池田忠好,,モンテロッソ,000a011b05,ポンテペルレ,2002100767,Green Desert,000a0017d2,原久美子,ハシモトファーム,13.8,2007.0,2002.0,1983.0
2021106274,マナククナ,牝,佐藤雅彦,,スピルバーグ,2009105961,スカイプラネット,2008104350,ネオユニヴァース,2000101426,（同）ＭＩＲＡＩ,シンカンファーム,13.8,2009.0,2008.0,2000.0
2021101099,ルクスクロワール,牡,頼本盛行,,サトノクラウン,2012104668,サトノルミナス,2016104446,ディープインパクト,2002100816,（同）ＪＰＮ技研,いとう牧場,13.8,2012.0,2016.0,2002.0
2021102045,クリノガリバー,牡,渡辺薫彦,,リアルインパクト,2008103244,クリノリトミシュル,2013100904,アグネスデジタル,1997110025,栗本博晴,宝寄山拓樹,13.6,2008.0,2013.0,1997.0
2021106341,ツンツン,牝,坂口義幸,,バゴ,2001190004,リュウキンカ,2013105615,ステイゴールド,1994108729,内田玄祥,武田修一,12.9,2001.0,2013.0,1994.0
2021104218,メルメルメー,牝,田嶋弘幸,,ヴァンセンヌ,2009106525,エリザベスサクラ,2005100733,アラムシャー,000a00fdab,本田光司,鳥谷勝彦,12.8,2009.0,2005.0,2000.0
2021102086,イズモ,牝,藤田弘治,,アジアエクスプレス,2011110091,ソラリス,2010106059,ウインラディウス,1998105841,パニオロ,本間牧場,12.8,2011.0,2010.0,1998.0
2021101792,ゴールデンスレッド,牝,井樋一也,,モーリス,2011100655,レッドマシェリ,2007102830,Gone West,000a001be1,谷口祐人,戸川牧場,12.8,2011.0,2007.0,1984.0
2021106843,マルボルド,牝,藤ケ崎一,,ビーチパトロール,000a0141f9,マイネカトレア,2010105956,アグネスタキオン,1998101516,酒井孝敏,ブルースターズファーム,12.5,2013.0,2010.0,1998.0
2021103692,アフタヌーンティー,牝,荒巻透,,ダンカーク,000a012185,ラズベリータイム,2003104385,フジキセキ,1992109618,インターフェース（,木村秀則,12.5,2006.0,2003.0,1992.0
2021101609,ラブリーアーニャ,牝,原口次夫,,ブリックスアンドモルタル,000a014377,トーホウルス,2016103265,ディープインパクト,2002100816,東豊物産,竹島幸治,12.5,2014.0,2016.0,2002.0
2021109108,ハナベ,牝,手島勝利,,ケイムホーム,000a0108d1,プリンスリーバトン,2014109125,ホワイトマズル,1990109700,片山建治,片山ファーム,12.4,1999.0,2014.0,1990.0
2021102167,ピュアシルバー,牝,高橋純,,シルバーステート,2013105903,ピュアゴシップ,000a01250c,Pure Prize,000a011252,加藤和成,森永牧場,12.2,2013.0,2009.0,1998.0
2021100445,ホウオウサーキット,牡,菅原右吉,,ベルシャザール,2008103004,エーシンベタラネリ,2006110036,Elusive Quality,000a00231f,森田徹,水丸牧場,12.2,2008.0,2006.0,1993.0
2021100349,キープザナゲット,牝,佐久間雅,,ワールドエース,2009106353,アドマイヤカラット,2015104914,エイシンフラッシュ,2007102951,竹本いずみ,ヒサイファーム,12.2,2009.0,2015.0,2007.0
2021109145,カシノルンバ,牝,北村欣也,,ケイムホーム,000a0108d1,カシノワルツ,2010105716,ローエングリン,1999106738,柏木務,柏木務,12.0,1999.0,2010.0,1999.0
2021107151,ウレピョン,牡,田中譲二,,アドマイヤムーン,2003102991,シルクプロミス,2006104637,マヤノトップガン,1992102988,（同）ＪＰＮ技研,ラッキー牧場,12.0,2003.0,2006.0,1992.0
2021107064,ニシノタカラジマ,牡,中西達也,,コパノリッキー,2010106548,キーラ,2014106224,ディープブリランテ,2009105084,和氣竜彦,メイタイファーム,12.0,2010.0,2014.0,2009.0
2021103795,ボーントゥビフリー,牡,新子雅司,,ホッコータルマエ,2009100921,カンポデフィオーリ,2014105809,ゼンノロブロイ,2000101517,近藤洋司,坂本智広,12.0,2009.0,2014.0,2000.0
2021102233,ツキノサクラ,牝,森澤友貴,,ファインニードル,2013100612,テーオーメーテル,2014106467,ゴールドアリュール,1999106689,辻子依旦,ヤナガワ牧場,12.0,2013.0,2014.0,1999.0
2021102042,クリノシャイニー,牝,大垣敏夫,,シュヴァルグラン,2012104759,クリノアマダブラム,2010104874,オレハマッテルゼ,2000101550,伊勢光,宝寄山拓樹,12.0,2012.0,2010.0,2000.0
2021100279,ハードメープル,牡,北野真弘,,マクフィ,000a011c77,メープル,2015102477,マンハッタンカフェ,1998101554,ウエスト．フォレスト．ステイブル,土田農場,12.0,2007.0,2015.0,1998.0
2021107358,ヤマショウアテナ,牝,瀬戸幸一,,サイレントディール,2000101634,エレン,2004103665,ハンセル,000a000169,山下勇,センチュリースタッドファーム,11.9,2000.0,2004.0,1988.0
2021106349,リュウノカイバー,牡,酒井仁,,ディープスカイ,2005101358,ギンマク,2007104495,スペシャルウィーク,1995103211,蓑島竜一,竹中牧場,11.9,2005.0,2007.0,1995.0
2021104572,デイトゥリメンバー,牝,小野望,,ドゥラメンテ,2012104511,キストゥリメンバー,000a013866,Big Brown,000a01173e,矢野亨憲,矢野牧場,11.2,2012.0,2011.0,2005.0
2021101632,トゥルーマンショウ,牡,高橋俊之,,タリスマニック,000a013425,エアショウ,2013100606,ディープスカイ,2005101358,宮谷内文雄,ダーレー・ジャパン・ファーム,11.2,2013.0,2013.0,2005.0
2021101545,スマートビトラス,牝,藤田正治,,ダイワメジャー,2001103114,スマートムービー,2007101003,サクラバクシンオー,1989108341,（株）ファーストビジ,スマート,11.2,2001.0,2007.0,1989.0
2021106351,リケアモーヴ,牝,橘友和,,ロージズインメイ,000a010a10,レッドアモーレ,2010103738,ダイワメジャー,2001103114,稲場澄,竹中牧場,11.1,2000.0,2010.0,2001.0
2021104569,サウナストーン,牡,土井道隆,,ワールドエース,2009106353,プラニスフィア,2012101598,ディープスカイ,2005101358,酒井孝敏,三木田牧場,11.1,2009.0,2012.0,2005.0
2021103996,ルペルクス,牡,山田徹,,エスポワールシチー,2005102837,ボナデア,2015106227,ルーラーシップ,2007103143,西村健,高橋ファーム,10.8,2005.0,2015.0,2007.0
2021103349,エイシンフォルス,牝,坂口義幸,,エイシンヒカリ,2011101273,エイシンバヤール,2012105118,ハーツクライ,2001103038,遠藤喜和,室田千秋,10.8,2011.0,2012.0,2001.0
2021101931,アジュナイス,牡,矢野久美,,Gleneagles,000a0128fa,ユーブゴットイット,000a01395c,Sea The Stars,000a011c78,原大栄,日高大洋牧場,10.8,2012.0,2011.0,2006.0
2021106675,バノフィー,牝,渡瀬寛彰,,ハービンジャー,000a011996,パスティエーラ,2015104929,キングカメハメハ,2001103460,藤沼利夫,ハクレイファーム,10.5,2006.0,2015.0,2001.0
2021106558,エンタブラチュア,牝,原口次夫,,レイデオロ,2014106201,アドマイヤカグラ,2007103029,スペシャルウィーク,1995103211,酒井孝敏,新冠橋本牧場,10.0,2014.0,2007.0,1995.0
2021105291,ピケアラベスク,牝,藤ケ崎一,,ドゥラメンテ,2012104511,レッドシルヴィ,2013105540,ヴィクトワールピサ,2007102923,山口謙太郎,社台ファーム,10.0,2012.0,2013.0,2007.0
2021104620,パピナ,牝,宇都英樹,,トビーズコーナー,000a011fed,パピチャン,2007103411,ウインラディウス,1998105841,小橋亮太,リトルブルーファーム,10.0,2008.0,2007.0,1998.0
2021102921,ムーンボウ,牝,塚田隆男,,エピファネイア,2010104155,レイナアラ,2013105391,マンハッタンカフェ,1998101554,増田兼良,谷川牧場,10.0,2010.0,2013.0,1998.0
2021101820,サルバシオン,牡,宇都英樹,,エピカリス,2014103121,クリームヒルト,2015104766,ノヴェリスト,000a012230,（同）ＪＰＮ技研,ナカノファーム,10.0,2014.0,2015.0,2009.0
2021110029,アルシンダガ,牡,室井眞文,,Dubawi,000a0115e2,エンシェントアート,000a0127f1,Monsun,000a010db6,（株）ファーストビジ,Godolphin,9.6,2002.0,2008.0,1990.0
2021101664,ラストニードル,牝,金田一昌,,ファインニードル,2013100612,セントリフュージ,2015101637,ハードスパン,000a0116a1,矢沼浩二,ダーレー・ジャパン・ファーム,9.4,2013.0,2015.0,2004.0
2021106968,ラッキーラン,牝,佐々木由,,ドレフォン,000a013b82,ラッキーダイス,2007102944,ネオユニヴァース,2000101426,大黒富美子,三村卓也,9.1,2013.0,2007.0,2000.0
2021105313,ジョウショーローズ,牝,雑賀正光,,リアルスティール,2012104889,ジュエルインザサン,2016104777,ルーラーシップ,2007103143,熊田義孝,社台牧場,9.0,2012.0,2016.0,2007.0
2021104093,プエルトプラタ,牝,川嶋弘吉,,ビーチパトロール,000a0141f9,オルニス,2015105913,マンハッタンカフェ,1998101554,冨田清誠,千代田牧場,9.0,2013.0,2015.0,1998.0
2021103926,アルジョンテ,牡,藤田正治,,シルバーステート,2013105903,ガスター,2011100228,ファスリエフ,000a00fc4c,住宅データ,静内山田牧場,9.0,2013.0,2011.0,1997.0
2021102750,ブルーアース,牝,櫻田康二,,メイショウボーラー,2001100650,ワラッチャオ,2012106421,ハーツクライ,2001103038,スピードファーム,木村牧場,9.0,2001.0,2012.0,2001.0
2021102703,クラルスマーネ,牝,別府真司,,ホークビル,000a01327c,ルアス,2008100755,タイキシャトル,1994109686,ウエスト．フォレスト．ステイブル,杵臼斉藤牧場,9.0,2013.0,2008.0,1994.0
2021102021,マルケイヴァレット,牡,石川栄,,フリオーソ,2004106867,テールバインダー,2007106038,カコイーシーズ,1986109001,熊谷清則,船越牧場,9.0,2004.0,2007.0,1986.0
2021101583,タイガーエルドラド,牝,原口次夫,,ストロングリターン,2006102934,タイガーティアラ,2011105366,マイネルラヴ,1995108558,伊藤和夫,高山博,9.0,2006.0,2011.0,1995.0
2021100849,ダイヤモンドキララ,牡,伊藤勝好,,バゴ,2001190004,バードオブワンダー,2006105654,グラスワンダー,1995108676,遠藤喜和,ダイヤモンドファーム,9.0,2001.0,2006.0,1995.0
2021106862,ゴルトシュトラール,牡,伊藤強一,,オルフェーヴル,2008102636,グローリアスレイ,2012103941,チチカステナンゴ,000a011135,日下部勝徳,ホース・マネジメント・ボス,8.8,2008.0,2012.0,1998.0
2021100068,ブレッザマリーナ,牝,菅原欣也,,イスラボニータ,2011103565,ワイキキブリーズ,2007103513,フレンチデピュティ,000a00013a,折手邦雄,折手牧場,8.8,2011.0,2007.0,1992.0
2021103418,リックチョゲリラー,牡,大塚信次,,トゥザワールド,2011103975,リックブライアン,2011102416,ブライアンズタイム,000a000082,大黒富美子,荒木貴宏,8.5,2011.0,2011.0,1985.0
2021104629,ボナフォルトゥーナ,牝,秋田大助,,ファインニードル,2013100612,エンドレストライ,2011102201,ゼンノロブロイ,2000101517,北原大史,アスラン,8.4,2013.0,2011.0,2000.0
2021104299,ライブリボイル,牝,渡瀬寛彰,,コパノリッキー,2010106548,ボイルトウショウ,2011102321,ケイムホーム,000a0108d1,加藤哲郎,畠山牧場,8.4,2010.0,2011.0,1999.0
2021104152,ウィズキッド,牡,佐々木国,,マインドユアビスケッツ,000a01392e,プロディジー,2015105952,ヴィクトワールピサ,2007102923,飯田正剛,千代田牧場,8.4,2013.0,2015.0,2007.0
2021104042,ピンクシティー,牝,佐藤英明,,リアルインパクト,2008103244,ニシノカーリー,2008102449,Shamardal,000a010c92,柳橋俊昭,田中裕之,8.4,2008.0,2008.0,2002.0
2021103024,モナビジュー,牝,井樋一也,,サトノダイヤモンド,2013106101,アロンザモナ,2014101289,ストリートセンス,000a0113a2,岡田孝之,ディアレストクラブ,8.4,2013.0,2014.0,2004.0
2021102548,メイショウマダケ,牡,大島静夫,,メイショウサムソン,2003102205,メイショウアテン,2014102976,ヴァーミリアン,2002100877,北原大史,中脇一幸,8.4,2003.0,2014.0,2002.0
2021102850,キクノジョワイユ,牝,川西毅,,シニスターミニスター,000a011099,キクノハヤブサ,2003102231,サクラバクシンオー,1989108341,菊池五郎,高村牧場,8.1,2003.0,2003.0,1989.0
2021102238,サンライズフランツ,牡,竹下直人,,カリフォルニアクローム,000a012602,デイジーメーカー,2015102076,エンパイアメーカー,000a010542,（株）ファーストビジ,ヤナガワ牧場,8.1,2011.0,2015.0,2000.0
2021100282,トキメキタロー,牡,今津勝之,,サトノクラウン,2012104668,ウィッシュ,2008102843,ディープインパクト,2002100816,（同）ＪＰＮ技研,土田ファーム,8.1,2012.0,2008.0,2002.0
2021109118,ユイドゥラレーヴ,牝,池田忠好,,ロードバリオス,2005104227,アヴェニューズレディ,000a010ac5,Avenue of Flags,000a00217e,森本研太,本田土寿,8.0,2005.0,2001.0,1988.0
2021101065,リヴィングカラー,牝,佐藤祐司,,カリフォルニアクローム,000a012602,アースリヴィング,2006110122,Yonaguska,000a010be8,北原大史,新井昭二牧場,8.0,2011.0,2006.0,1998.0
2021100802,ピヨルピ,牝,渡瀬寛彰,,トゥザグローリー,2007103265,イオ,2012105517,タイキシャトル,1994109686,（有）Ｓ．Ｌ,猿橋義昭,8.0,2007.0,2012.0,1994.0
2021103012,ヒロノワカ,セ,頼本盛行,,デクラレーションオブウォー,000a0136f6,マコトブリジャール,2010101874,ストーミングホーム,1998190003,（同）ＪＰＮ技研,辻牧場,7.9,2009.0,2010.0,1998.0
2021101582,フーククリコ,牝,斎藤雄一,,モンテロッソ,000a011b05,スーパープルーム,2013102045,ネオユニヴァース,2000101426,福岡隆史,高山博,7.8,2007.0,2013.0,2000.0
2021101941,テイエムスイジン,牝,平山宏秀,,テイエムジンソク,2012101830,テイエムヒスイ,2003102102,テイエムオペラオー,1996100292,竹園正繼,日高テイエム牧場,7.7,2012.0,2003.0,1996.0
2021101460,ワイドジャイキリ,牝,石川浩文,,ビッグアーサー,2011103328,ワイドロータス,2006105530,ダンスインザダーク,1993109188,（株）アプエンテ,下河辺牧場,7.7,2011.0,2006.0,1993.0
2021107045,ディクスミュード,牝,本名信行,,パイロ,000a01176a,オーシャンフリート,2008105085,アフリート,000a000013,酒井孝敏,村田牧場,7.5,2005.0,2008.0,1984.0
2021106926,ライズオブザサン,牡,角田輝也,,モーニン,2012110091,ピースフルデイズ,2015100800,ディープインパクト,2002100816,（株）吉澤ホールデ,松浦牧場,7.5,2012.0,2015.0,2002.0
2021106871,カルテット,牡,沖田明子,,トランセンド,2006104736,パーカッショニスト,2007102927,アグネスタキオン,1998101516,竹内敬輔,ホース・マネジメント・ボス,7.5,2006.0,2007.0,1998.0
2021105147,クワッドルッツ,牡,今津勝之,,マインドユアビスケッツ,000a01392e,ナチュラルスタンス,2010103709,フジキセキ,1992109618,（同）ＪＰＮ技研,社台ファーム,7.5,2013.0,2010.0,1992.0
2021103336,ファンタジー,牝,本名信行,,アメリカンペイトリオット,000a013bba,ファンファーレ,2011102915,フレンチデピュティ,000a00013a,酒井孝敏,ミルファーム,7.5,2013.0,2011.0,1992.0
2021102206,シャボン,牝,竹口勝利,,レーヴミストラル,2012104929,ヤマトダイアンサス,2010101172,ゼンノロブロイ,2000101517,（同）ＪＰＮ技研,門別山際牧場,7.5,2012.0,2010.0,2000.0
2021100507,アプローチ,セ,宇都英樹,,メイショウサムソン,2003102205,アップルティー,2002100502,サンデーサイレンス,000a00033a,近藤英二,元道牧場,7.5,2003.0,2002.0,1986.0
2021109110,フレアビート,牝,山田徹,,アポロケンタッキー,2012110098,ビートフォルテ,2014105443,ゴールドアリュール,1999106689,ノルマンディーサラブレッドレーシング,坂本秀樹,7.2,2012.0,2014.0,1999.0
2021102110,モズパリパリ,牝,三小田幸,,グランプリボス,2008103388,モズコールズ,2016100834,ジャスタウェイ,2009106461,北原大史,前野牧場,7.2,2008.0,2016.0,2009.0
2021109056,コンチオーサム,牝,大塚信次,,ユアーズトゥルーリ,2016104391,フィーユドノワール,2003102781,クロフネ,1998110135,（株）さくらコーポレ,フォレブルー,7.0,2016.0,2003.0,1998.0
2021105419,エルグレコ,牡,柏原誠路,,スワーヴリチャード,2014106083,ヴァンフレーシュ,2010104207,サクラバクシンオー,1989108341,池谷誠一,ノーザンファーム,7.0,2014.0,2010.0,1989.0
2021103187,ガットソリアーノ,牝,沖田明子,,スノードラゴン,2008104268,ビクトワールイゾレ,2008101742,ダンスインザダーク,1993109188,松田次郎,松田牧場,7.0,2008.0,2008.0,1993.0
2021101163,ハードウィック,牡,五十嵐冬,,フェノーメノ,2009106599,ワシリーサ,2007100995,ストラヴィンスキー,000a00fa41,沖田方子,沖田牧場,7.0,2009.0,2007.0,1996.0
2021106204,プレミアヒロイン,牝,手島勝利,,モーリス,2011100655,ウインプルミエ,2014100230,ステイゴールド,1994108729,三岡有香,コスモヴューファーム,6.8,2011.0,2014.0,1994.0
2021103610,ヤマカツパルフェ,牝,堀場裕充,,ヤマカツエース,2012102774,ヤマカツマヤリス,2007100146,クロフネ,1998110135,山田和夫,岡田牧場,6.4,2012.0,2007.0,1998.0
2021106686,バトゥーラ,牝,伊藤勝好,,トーセンラー,2008102985,ヴェイルドクリス,2005102348,シンボリクリスエス,1999110099,小橋亮太,ハシモトファーム,6.0,2008.0,2005.0,1999.0
2021104025,シゲキテキ,牝,瀬戸口悟,,アドマイヤムーン,2003102991,ホーリーシー,2012106090,タニノギムレット,1999100226,鈴木正浩,武牧場,6.0,2003.0,2012.0,1999.0
2021103762,ヒポカンポ,牝,角田輝也,,ブリックスアンドモルタル,000a014377,レコードチェイサー,2016105669,ディープブリランテ,2009105084,吉田勝利,グランド牧場,6.0,2014.0,2016.0,2009.0
2021101222,コードナイン,牡,永田幸宏,,アルアイン,2014106046,ラレンヌ,2010100889,ルールオブロー,000a010d7d,木部嚴生,木部ファーム,6.0,2014.0,2010.0,2001.0
2021103829,ピュアバブル,牝,橋本忠明,,アメリカンペイトリオット,000a013bba,ラックスフィールドロード,000a013ebc,Quality Road,000a011cff,高樽秀夫,桜井牧場,5.6,2013.0,2013.0,2006.0
2021103216,シャッフル,牡,佐藤英明,,アルアイン,2014106046,アプローズ,2015103385,Acclamation,000a0122b0,小橋亮太,三嶋牧場,5.6,2014.0,2015.0,1999.0
2021103164,サンダーストライク,牝,佐々木国,,サンダースノー,000a013a06,アッシュベリー,2009102615,Any Given Saturday,000a0113a0,大樹ファーム,ビクトリーホースランチ,5.6,2014.0,2009.0,2004.0
2021102308,ペイシャグレイス,牝,山田和久,,クリエイターII,000a013630,ペイシャオブワキア,2014101455,フリオーソ,2004106867,北所拓也,赤石牧場,5.6,2013.0,2014.0,2004.0
2021102831,ケヤキザカ,牝,竹下直人,,ロゴタイプ,2010103783,フレンチミステリー,2003102773,フレンチデピュティ,000a00013a,山口謙太郎,惣田英幸,5.4,2010.0,2003.0,1992.0
2021101124,アマンディーヌ,牝,倉地学,,ロジャーバローズ,2016106065,プリンセスミユキ,2011100295,スウェプトオーヴァーボード,000a00fa34,北原大史,ヴェルサイユファーム,5.4,2016.0,2011.0,1997.0
2021102860,プティキャドウ,牝,矢野久美,,レイデオロ,2014106201,モハンマディ,2015106369,ディープインパクト,2002100816,三岡有香,高村牧場,5.2,2014.0,2015.0,2002.0
2021102141,ターントゥオーバー,牝,村上実,,バゴ,2001190004,ターントゥタイド,2011100942,ブラックタイド,2001103312,西村隆平,三輪牧場,5.2,2001.0,2011.0,2001.0
2021101258,クラウンチャンス,牡,東眞市,,クラウンレガーロ,2010105639,シーブライド,2015100492,エイシンフラッシュ,2007102951,サンエツ企画（有）,クラウン日高牧場,5.2,2010.0,2015.0,2007.0
2021104938,ワンダホー,牝,川西毅,,レイデオロ,2014106201,アオゾラペダル,2006103044,ホワイトマズル,1990109700,本田知聖,社台ファーム,5.0,2014.0,2006.0,1990.0
2021104592,パステルローズ,牝,頼本盛行,,ビッグアーサー,2011103328,カイドウ,2011100354,ワイルドラッシュ,000a0003a1,遠藤喜和,山際智,5.0,2011.0,2011.0,1994.0
2021101111,アレアヤクタエスト,牡,今津博之,,エピファネイア,2010104155,グッディー,2013102107,キングカメハメハ,2001103460,エンジェルレーシング,ヴェルサイユファーム,5.0,2010.0,2013.0,2001.0
2021101075,ヴェルディッキオ,牝,藤ケ崎一,,スクリーンヒーロー,2004103328,ファインビンテージ,2003102825,ダンスインザダーク,1993109188,酒井孝敏,新井昭二牧場,5.0,2004.0,2003.0,1993.0
2021106256,ギガストーム,牡,中川雅之,,ヘニーヒューズ,000a011155,ヤマノローラ,2006104415,スペシャルウィーク,1995103211,廣村憲郎,佐藤牧場,4.8,2003.0,2006.0,1995.0
2021105201,デルマペッパ,牝,山田徹,,ヴィクトワールピサ,2007102923,フローリオット,000a0111c6,Monsun,000a010db6,浅沼廣幸,社台ファーム,4.8,2007.0,2002.0,1990.0
2021103032,パラベイド,牡,高橋俊之,,コパノリッキー,2010106548,サクセスウイッチ,2000104885,ブライアンズタイム,000a000082,宮谷内文雄,ディアレストクラブ,4.8,2010.0,2000.0,1985.0
2021101778,モズクマチー,牝,加藤和宏,,グランプリボス,2008103388,モズキンメダリスト,2014110033,Bernardini,000a0111fe,（株）ファーストビジ,坪田晃宜,4.8,2008.0,2014.0,2003.0
2021101208,オープンソース,牝,川添明弘,,コパノリッキー,2010106548,グリーンアイズII,000a0120a6,Green Desert,000a0017d2,小橋亮太,北田剛,4.8,2010.0,2003.0,1983.0
2021100693,ホダカヤマブシ,牡,黒木豊,,バゴ,2001190004,イセノメガミ,2008100749,ネオユニヴァース,2000101426,中田了也,桑田正己,4.8,2001.0,2008.0,2000.0
2021100239,トウコンリュウジン,牡,真島元徳,,ビッグアーサー,2011103328,ナムラエラン,2005100385,アグネスタキオン,1998101516,宮田直也,竹内良一,4.8,2011.0,2005.0,1998.0
2021102837,メイショウユメカゼ,牡,頼本盛行,,ミッキーアイル,2011103916,メイショウルクール,2015102823,エンパイアメーカー,000a010542,（同）ＪＰＮ技研,太陽牧場,4.5,2011.0,2015.0,2000.0
2021101012,キープソーキュート,牝,中川雅之,,スワーヴリチャード,2014106083,キスオンザグリーン,2015103864,オルフェーヴル,2008102636,高嶋航,吉田ファーム,4.3,2014.0,2015.0,2008.0
2021106083,アレグリメ,牝,桧森邦夫,,アメリカンペイトリオット,000a013bba,パストゥレイユ,2015104732,ダノンシャンティ,2007105709,八嶋長久,大狩部牧場,4.2,2013.0,2015.0,2007.0
2021104337,ノイジーボーイ,牡,廣森久雄,,バトルプラン,000a0118e8,パーフェクトブルー,2000102924,サンデーサイレンス,000a00033a,光安了,原弘之,4.2,2005.0,2000.0,1986.0
2021104133,スモウブハナヒラク,牡,高橋俊之,,ビッグアーサー,2011103328,ノットフォーマル,2012103224,ヴァーミリアン,2002100877,芳賀克也,千代田牧場,4.0,2011.0,2012.0,2002.0
2021102815,アブデラザール,牝,加藤和義,,ヘンリーバローズ,2015104813,メイショウブリエ,2010104854,タイキシャトル,1994109686,ＫＡＪＩＭＯＴＯホールディングス,松栄牧場,4.0,2015.0,2010.0,1994.0
2021102560,スケルツォ,牝,伊藤強一,,トランセンド,2006104736,エメラルドタワー,2010103307,アドマイヤマックス,1999107004,川上和彦,赤田牧場,4.0,2006.0,2010.0,1999.0
2021101690,アースアート,牝,中川雅之,,タリスマニック,000a013425,ヘヴンアンドアース,2012101599,アドマイヤムーン,2003102991,栗嶋豊明,ダーレー・ジャパン・ファーム,4.0,2013.0,2012.0,2003.0
2021107208,ベッラチェレステ,牝,飯田弘道,,サンカルロ,2006102822,ベッラバンビーナ,2014103290,スマートファルコン,2005100097,北原大史,アフリートファーム,3.9,2006.0,2014.0,2005.0
2021104345,プティパレ,牝,飯田弘道,,ワールドエース,2009106353,シグラップマリア,2013104315,スタチューオブリバティ,000a0109d5,遠藤喜和,原ファーム,3.9,2009.0,2013.0,2000.0
2021101875,ダンシングウィズ,牝,川島雅人,,タリスマニック,000a013425,エクスミッション,2014105546,シンボリクリスエス,1999110099,日下部勝徳,ノースガーデン,3.8,2013.0,2014.0,1999.0
2021106989,ガトーマロン,牡,小手川準,,イスラボニータ,2011103565,デッセシャテーヌ,2013105280,ヴィクトワールピサ,2007102923,篠田くみ子,村上欽哉,3.5,2011.0,2013.0,2007.0
2021106776,コスモバルトロ,牝,沼澤英知,,ロージズインメイ,000a010a10,クールベット,2002103478,キングヘイロー,1995104427,（有）ビッグレッドフ,ビッグレッドファーム,3.5,2000.0,2002.0,1995.0
2021102398,スラジ,牝,米川昇,,ファインニードル,2013100612,フラワータッチ,2009102059,バブルガムフェロー,1993109219,芳住革二,原田新治,3.5,2013.0,2009.0,1993.0
2021102175,タイムビギニング,牡,雑賀伸一,,サトノクラウン,2012104668,タイムビヨンド,2012101872,タイムパラドックス,1998101683,木谷哲,門別敏朗,3.5,2012.0,2012.0,1998.0
2021103093,ナムラベティ,牝,中川竜馬,,マジェスティックウォリアー,000a011e9c,ナムラネネ,2010104932,ケイムホーム,000a0108d1,梶原哲朗,中島牧場,3.4,2005.0,2010.0,1999.0
2021102767,フェイスクラ,牝,山田義人,,サトノクラウン,2012104668,タオヤカ,2016101367,プリサイスエンド,000a00fe9b,中川雄斗,グランデファーム,3.4,2012.0,2016.0,1997.0
2021101943,テイエムライオジン,牝,平山宏秀,,サトノアラジン,2011104063,テイエムライオネス,2010106031,フジキセキ,1992109618,竹園正繼,日高テイエム牧場,3.4,2011.0,2010.0,1992.0
2021101158,クイーンブラッド,牝,三小田幸,,コパノリッキー,2010106548,メイフラワー,2010100285,オペラハウス,000a000d77,桑原一樹,沖田牧場,3.4,2010.0,2010.0,1988.0
2021103673,ハイジア,牝,飯田弘道,,エピカリス,2014103121,ヒットザトレイル,2010104280,ファスリエフ,000a00fc4c,前田敏文,神垣道弘,3.2,2014.0,2010.0,1997.0
2021103459,グランデスティニー,牝,中野博,,ヤマカツエース,2012102774,ブラッシュウィズデスティニー,000a010aa4,Broad Brush,000a001e93,三岡有香,漆原武男,3.2,2012.0,2001.0,1983.0
2021100174,ロードウィンザー,牡,矢野久美,,ハーツクライ,2001103038,ワイルドココ,000a012d45,Shirocco,000a010db9,原久美子,ケイアイファーム,3.2,2001.0,2008.0,2001.0
2021104214,ペイシャスペシャル,牡,別府真司,,マクフィ,000a011c77,ペイシャフェリス,2011102351,スペシャルウィーク,1995103211,北所拓也,友田牧場,3.0,2007.0,2011.0,1995.0
2021106842,ジュエルソング,牝,秋田大助,,ダノンバラード,2008103548,ヘリンヌリング,2016100753,アイルハヴアナザー,000a011ed3,北原大史,ブルースターズファーム,2.8,2008.0,2016.0,2009.0
2021105660,ジャポネ,牡,小林俊彦,,ダイワメジャー,2001103114,テーブルロンド,000a01379e,Astronomer Royal,000a0136f4,落合幸弘,ノーザンファーム,2.8,2001.0,2010.0,2004.0
2021101547,フェデラボーテ,牝,森山雄大,,エピファネイア,2010104155,アサクラ,2011100267,クロフネ,1998110135,三橋慶太,スマイルファーム,2.8,2010.0,2011.0,1998.0
2021101097,キタノワイオリ,牝,山田和久,,ディスクリートキャット,000a0113a1,アドマイヤジュエル,2004100255,アドマイヤベガ,1996107396,北所拓也,いとう牧場,2.8,2003.0,2004.0,1996.0
2021107222,ムーラングリース,牝,斉藤正弘,,ジャングルポケット,1998101786,ビアンコカンドーレ,2011104025,チチカステナンゴ,000a011135,村上卓史,新冠川上牧場,2.2,1998.0,2011.0,1998.0
2021106406,ラブパラドックス,牡,伊藤勝好,,ビッグアーサー,2011103328,ラブターボ,2013104632,スクリーンヒーロー,2004103328,遠藤喜和,大作ステーブル,2.2,2011.0,2013.0,2004.0
2021105027,ヴェルミリオ,牝,加藤幸保,,マインドユアビスケッツ,000a01392e,コケット,2015104581,ダイワメジャー,2001103114,安斉廣行,社台ファーム,2.2,2013.0,2015.0,2001.0
2021104885,タンタルイーズ,牝,伊藤強一,,ハービンジャー,000a011996,タンタビクトリア,2013105252,ディープインパクト,2002100816,酒井孝敏,社台コーポレーション白老ファーム,2.2,2006.0,2013.0,2002.0
2021104489,フレンドエメラルド,牝,加藤幸保,,バゴ,2001190004,エメラルドチャーム,2009104964,フジキセキ,1992109618,横尾晴人,真歌田中牧場,2.2,2001.0,2009.0,1992.0
2021103623,エムアイマシュー,牡,後藤佑耶,,ロジャーバローズ,2016106065,スペランツァーレ,2009102674,シングスピール,1992190005,岩崎充利,小倉光博,2.2,2016.0,2009.0,1992.0
2021104181,アオイシン,牡,伊藤強一,,レイデオロ,2014106201,ロイヤルヴォルト,2012103226,ディープインパクト,2002100816,（同）ＪＰＮ技研,千代田牧場,2.0,2014.0,2012.0,2002.0
2021500002,ミツイサムの2021,牡,,,フジナミカイドウ,2001500400,ミツイサム,2010502004,オーシャンキング,1993500843,,宮内庁御料牧場,0.0,2001.0,2010.0,1993.0
2021500001,シズトモの2021,牡,,,フジナミカイドウ,2001500400,シズトモ,2014500057,オーシャンキング,1993500843,,宮内庁御料牧場,0.0,2001.0,2014.0,1993.0
2021110167,ズーキャンベラ,牝,上原佑紀,,Zoustar,000a013f8e,Yattarna,000a01f529,Exceed And Excel,000a010a61,前原敏行,China Horse Club Racing Pty Ltd,0.0,2010.0,2012.0,2000.0
2021110150,アアル,牡,松浦聡志,,Malibu Moon,000a010c8e,Ginza,000a01f365,Kitten's Joy,000a0119b3,加藤誠,RGP Ocala Holdings LLC,0.0,1997.0,2014.0,2001.0
2021110125,ブラックムサシ,牡,永田幸宏,,Smart Missile,000a013ee8,Adagirl,000a01ec37,Lonhro,000a011187,鈴木康弘,Wallings Bloodstock Pty Ltd,0.0,2008.0,2015.0,1998.0
2021110124,ソーユーアクト,牡,伊坂重信,,So You Think,000a011bda,Miss Presidential,000a01ec32,Encosta de Lago,000a0112ca,鈴木康弘,Parrakoola Park,0.0,2006.0,2006.0,1993.0
2021110120,ロードスカイライン,牡,友道康夫,,Kitten's Joy,000a0119b3,フライングティパット,000a01bea3,Tapit,000a011248,ロードホースクラブ,K I Farm Corporation,0.0,2001.0,2012.0,2001.0
2021110111,ワイドエトワール,牝,藤岡健一,,Justify,000a013f2d,Overheard,000a014a4f,Macho Uno,000a010d0c,幅田昌伸,The Justify Syndicate and Pin Oak Stud LLC,0.0,2015.0,2010.0,1998.0
2021110085,マドンナマント,牝,西園翔太,,Night of Thunder,000a013801,Malaspina,000a01d563,Whipper,000a0114a6,吉田和美,Kildaragh Stud,0.0,2011.0,2007.0,2001.0
2021110083,レヨンドゥソレイユ,牝,和田勇介,,Renat,000a01d54d,グリーンバナナズ,000a01a7f5,Green Tune,000a01025d,吉田千津,Shadai Farm,0.0,2016.0,2006.0,1991.0
2021110073,ケアラウレア,牝,田中克典,,Quality Road,000a011cff,Hard Not to Like,000a01d29d,ハードスパン,000a0116a1,前田幸治,Dattt Farm LLC,0.0,2006.0,2009.0,2004.0
2021110068,シングマイブルース,セ,中竹和也,,War Front,000a011d00,Solo Piano,000a01d293,エンパイアメーカー,000a010542,前田幸治,Galteemore Bloodstock Grouseridge LTD & OPA Bloodstock,0.0,2002.0,2005.0,2000.0
2021110064,メイショウブルー,牡,河内洋,,Air Force Blue,000a012ed4,With Pleasure,000a01d28d,ケープブランコ,000a011b06,松本好雄,Lemon's Mill LLC,0.0,2013.0,2014.0,2007.0
2021110054,ワンチャンプ,牡,森秀行,,Curlin,000a011734,Stage Magic,000a013f2c,Ghostzapper,000a010525,藤田晋,John D. Gunther,0.0,2004.0,2007.0,2000.0
2021110053,ワインダモ,牡,森秀行,,Into Mischief,000a0125a7,Shopit,000a01d0d2,Yes It's True,000a010753,藤田晋,Newtown Anner Stud,0.0,2005.0,2005.0,1996.0
2021110052,ピンクイーグル,牡,森秀行,,American Pharoah,000a012aad,Daisy Miller,000a01d0d0,Smart Strike,000a00211c,木村久子,Greathouse Equine LLC David Greathouse Kerry Cauthen & Tony Lacy,0.0,2012.0,2014.0,1992.0
2021110051,イケメンシャチョウ,牡,森秀行,,Classic Empire,000a0139a5,Pink Nightie,000a01d0ce,Giant's Causeway,000a0022e1,ミキハウスＨＫサービス,Jeff Ganje,0.0,2014.0,2010.0,1997.0
2021110050,マイキオラ,牝,角田晃一,,No Nay Never,000a013cf5,Cuff,000a01cd76,Galileo,000a00232b,キーファーズ,Coolmore,0.0,2011.0,2014.0,1998.0
2021110037,ヒートレジスタント,牝,,,Harry Angel,000a01a8a2,Heat Of The Day,000a019859,Raven's Pass,000a011d04,,Godolphin,0.0,2014.0,2014.0,2005.0
2021110026,トキカゼ,牡,小栗実,,Blue Point,000a01bd91,Mise En Rose,000a01c727,War Front,000a011d00,Ｈ．Ｈ．シェイク・ハムダン,Godolphin,0.0,2014.0,2013.0,2002.0
2021110025,ジークフリート,牡,伊藤圭三,,Raven's Pass,000a011d04,Kazimiera,000a01c726,Dubawi,000a0115e2,Ｈ．Ｈ．シェイク・ハムダン,Godolphin,0.0,2005.0,2014.0,2002.0
2021110017,セイシェルブラック,牝,,,Dark Angel,000a0122b4,Asi Siempre,000a01404d,El Prado,000a001fb5,,Godolphin,0.0,2005.0,2002.0,1989.0
2021110015,トーセンドルチェ,牝,,,Highland Reel,000a0128f6,Tosen Gift,000a01c139,Lope de Vega,000a012919,,Mr Takaya Shimakawa,0.0,2012.0,2015.0,2007.0
2021110011,サーティーンスクエアドの2021,牝,,,Advertise,000a0147be,サーティーンスクエアド,000a01a8df,Liaison,000a013c85,Ｇ１レーシング,Shadai Corporation,0.0,2016.0,2015.0,2009.0
2021109175,ロックランザの2021,牝,,,ウインバリアシオン,2008103206,ロックランザ,2007103316,ロックオブジブラルタル,000a00fd4c,,スプリングファーム,0.0,2008.0,2007.0,1999.0
2021109173,エイシンゾイド,牡,小林俊彦,,レッドファルクス,2011104416,エーシンスパイシー,2010104652,クロフネ,1998110135,石川祐介,吉永ファーム,0.0,2011.0,2010.0,1998.0
2021109169,ラブショータイム,牝,土井道隆,,ケイムホーム,000a0108d1,ムーンパスラブ,2011106498,マイネルラヴ,1995108558,木稲安則,長谷川牧場,0.0,1999.0,2011.0,1995.0
2021109168,シャイニングアローの2021,牝,,,ケイムホーム,000a0108d1,シャイニングアロー,2013104904,キンシャサノキセキ,2003110212,,長谷川牧場,0.0,1999.0,2013.0,2003.0
2021109165,カタカタケンケン,牡,,,ケイムホーム,000a0108d1,カシノエルサ,2016109140,ケープブランコ,000a011b06,,新保孝一,0.0,1999.0,2016.0,2007.0
2021109160,キンコウワン,牡,川田孝好,,ケイムホーム,000a0108d1,ユメサカス,2006109072,イシノナイト,1996106813,倉重博文,徳重正幸,0.0,1999.0,2006.0,1996.0
2021109159,アイラノハルカ,牡,,,ケイムホーム,000a0108d1,サキノザザ,2009101716,タイムパラドックス,1998101683,,徳重正幸,0.0,1999.0,2009.0,1998.0
2021109154,テイエムキングラン,牡,平山宏秀,,アニマルキングダム,000a011dad,ダウンタウンガール,000a012954,City Zip,000a0127e6,竹園正繼,テイエム牧場,0.0,2008.0,2010.0,1998.0
2021109153,アパキリシマ,牡,,,ダノンシャーク,2008105554,モンタージュ,2010100708,アドマイヤムーン,2003102991,,釘田義美,0.0,2008.0,2010.0,2003.0
2021109148,トルシュローズの2021,牝,,,マジェスティックウォリアー,000a011e9c,トルシュローズ,2013102820,アグネスデジタル,1997110025,,神野生男,0.0,2005.0,2013.0,1997.0
2021109146,カシノポノ,牝,蛯名利弘,,ホークビル,000a01327c,クノイチ,2016103354,アドマイヤムーン,2003102991,柏木務,柏木務,0.0,2013.0,2016.0,2003.0
2021109141,サカエダノハナの2021,牝,,,ケイムホーム,000a0108d1,サカエダノハナ,2008100892,サクラバクシンオー,1989108341,,吉野政敏,0.0,1999.0,2008.0,1989.0
2021109140,ボルドープティット,牝,,,グレーターロンドン,2012101402,イランカラプテ,2015101854,アドマイヤマックス,1999107004,,吉野政敏,0.0,2012.0,2015.0,1999.0
2021109139,タケノフクアリ,牡,,,ケイムホーム,000a0108d1,ウインソリティア,2015100238,ステイゴールド,1994108729,,川上貴昭,0.0,1999.0,2015.0,1994.0
2021109138,キリシマアトム,牡,石毛善彦,,マクフィ,000a011c77,コウエイテンペスタ,2011104609,ブライアンズタイム,000a000082,土屋君春,土屋牧場,0.0,2007.0,2011.0,1985.0
2021109136,キリシマエアヒメ,牝,笹田和秀,,デクラレーションオブウォー,000a0136f6,エアエマイユ,2013105398,ジャングルポケット,1998101786,土屋君春,土屋牧場,0.0,2009.0,2013.0,1998.0
2021109135,タイバ,牡,浅野洋一,,スクワートルスクワート,000a000da4,クロヅルストーリー,2015109119,ストロングリターン,2006102934,杉浦和也,田上雄二,0.0,1998.0,2015.0,2006.0
2021109133,ロイヤルパレードの2021,牡,,,スクワートルスクワート,000a000da4,ロイヤルパレード,2012102069,ブラックタイド,2001103312,,橋口幸一郎,0.0,1998.0,2012.0,2001.0
2021109132,タケノイタダキ,牝,北村欣也,,ケイムホーム,000a0108d1,クマリ,2014106534,タイムパラドックス,1998101683,竹原孝昭,川上貴昭,0.0,1999.0,2014.0,1998.0
2021109131,コパノバリー,牡,村山明,,コパノリッキー,2010106548,レスタンノール,2008102607,ステイゴールド,1994108729,小林祥晃,本田土寿,0.0,2010.0,2008.0,1994.0
2021109121,トンコツラーメン,牡,北村欣也,,ヴァンセンヌ,2009106525,コロモホステフ,2014102167,アドマイヤムーン,2003102991,内田律子,本田土寿,0.0,2009.0,2014.0,2003.0
2021109117,グランドバリューの2021,牡,,,バトルプラン,000a0118e8,グランドバリュー,2011104352,マンハッタンカフェ,1998101554,,竹原孝昭,0.0,2005.0,2011.0,1998.0
2021109111,エンジェルユーの2021,牡,,,アジアエクスプレス,2011110091,エンジェルユー,2013104148,ディープインパクト,2002100816,,ストームファームコーポレーション,0.0,2011.0,2013.0,2002.0
2021109107,ニシノフリヒメの2021,牝,,,ネロ,2011103722,ニシノフリヒメ,2015101778,タニノギムレット,1999100226,,片山建治,0.0,2011.0,2015.0,1999.0
2021109105,ホクソウカリーニョ,牝,嶋田幸晴,,グランシルク,2012104915,アーリージャスミン,2013106146,ハービンジャー,000a011996,林作一,北総ファーム,0.0,2012.0,2013.0,2006.0
2021109103,プリティブルー,牝,,,ジャスタウェイ,2009106461,ムスタパルタ,2011104137,Tapit,000a011248,,下河辺トレーニングセンター,0.0,2009.0,2011.0,2001.0
2021109101,メイオリビア,牝,勢司和浩,,シニスターミニスター,000a011099,メイロビン,2015109094,キングヘイロー,1995104427,千明牧場,千明牧場,0.0,2003.0,2015.0,1995.0
2021109100,サウザンビースト,牡,岩戸孝樹,,ハービンジャー,000a011996,メイラヴェル,2015105030,ダイワメジャー,2001103114,千明牧場,千明牧場,0.0,2006.0,2015.0,2001.0
2021109099,メイフーミン,牝,水野貴広,,ルーラーシップ,2007103143,メイラヴィーン,2014109098,ファルブラヴ,1998190004,千明牧場,千明牧場,0.0,2007.0,2014.0,1998.0
2021109098,メイブルーム,牝,斎藤誠,,ビッグアーサー,2011103328,メイモアナ,2015109095,ロードカナロア,2008103552,千明牧場,千明牧場,0.0,2011.0,2015.0,2008.0
2021109095,メイシャローナ,牝,大竹正博,,ミッキーアイル,2011103916,メイグランデ,2014105722,マンハッタンカフェ,1998101554,千明牧場,千明牧場,0.0,2011.0,2014.0,1998.0
2021109083,シンライピース,牝,凾館一昭,,アルデバランII,000a010541,レッツゴーピース,2016100153,シビルウォー,2005102317,（株）心頼ＬｏｏＰ,安田和男,0.0,1998.0,2016.0,2005.0
2021109078,ダキシメテトゥナイ,牝,真島元徳,,アルデバランII,000a010541,スプンキーウーマン,2007105715,アルカセット,2000190010,三岡陽,早坂牧場,0.0,1998.0,2007.0,2000.0
2021109077,ノーブルレイン,牝,粕谷昌央,,バゴ,2001190004,オーバーザレインボ,2008101530,ダンスインザダーク,1993109188,吉木伸彦,菅井澄,0.0,2001.0,2008.0,1993.0
2021109076,シナノカラーの2021,牝,,,レーヴミストラル,2012104929,シナノカラー,2012104795,アグネスデジタル,1997110025,,佐藤庄一,0.0,2012.0,2012.0,1997.0
2021109060,ハマッコタイガー,牡,,,アルデバランII,000a010541,レースウィング,1999107096,バブルガムフェロー,1993109219,,町屋勝幸,0.0,1998.0,1999.0,1993.0
2021109058,コンチブラボー,牝,,,アルデバランII,000a010541,メイショウオリビア,2007101559,フジキセキ,1992109618,,フォレブルー,0.0,1998.0,2007.0,1992.0
2021109057,アオダマドリーム,牝,,,スウィフトカレント,2001103189,ヘレニウム,2010102650,サウスヴィグラス,1996110138,,フォレブルー,0.0,2001.0,2010.0,1996.0
2021109054,コンチダンス,牝,桧森邦夫,,アッミラーレ,1997100569,ダンスダンスダンス,2013100527,サウスヴィグラス,1996110138,（有）フォレブルー,フォレブルー,0.0,1997.0,2013.0,1996.0
2021109053,コンチネバー,牡,栗田裕光,,スウィフトカレント,2001103189,スニーク,2008104121,ティンバーカントリー,000a00035e,（有）フォレブルー,フォレブルー,0.0,2001.0,2008.0,1992.0
2021109051,タムロマンサーナの2021,牝,,,ウインバリアシオン,2008103206,タムロマンサーナ,2001109258,ジェネラス,000a000148,,野々宮牧場,0.0,2008.0,2001.0,1988.0
2021109050,アラリーンの2021,牝,,,アドマイヤムーン,2003102991,アラリーン,000a0127f0,Selkirk,000a001fab,,長谷地義正,0.0,2003.0,2008.0,1988.0
2021109048,グランカナリアの2021,牡,,,アルデバランII,000a010541,グランカナリア,2005110073,Malibu Moon,000a010c8e,,谷川ファーム,0.0,1998.0,2005.0,1997.0
2021109047,オーシャンルミナスの2021,牝,,,メイショウサムソン,2003102205,オーシャンルミナス,2004106736,フレンチデピュティ,000a00013a,,谷川ファーム,0.0,2003.0,2004.0,1992.0
2021109045,ムサシサカイ,牡,,,アメリカンペイトリオット,000a013bba,ルーナディア,2013101768,ゼンノロブロイ,2000101517,,諏訪牧場,0.0,2013.0,2013.0,2000.0
2021109041,シャープフェザー,牝,松永康利,,タリスマニック,000a013425,チャンドラプラバー,2012104592,アドマイヤムーン,2003102991,リーヴァ,諏訪牧場,0.0,2013.0,2012.0,2003.0
2021109040,タムロブライトの2021,牡,,,オルフェーヴル,2008102636,タムロブライト,2006109157,シルバーチャーム,000a00227c,,諏訪牧場,0.0,2008.0,2006.0,1994.0
2021109038,プリマノアール,牝,,,ウインバリアシオン,2008103206,エジーサンドレ,2012104320,チチカステナンゴ,000a011135,,スプリングファーム,0.0,2008.0,2012.0,1998.0
2021109035,リュウノセブン,牡,,,ウインバリアシオン,2008103206,セブンチャン,2015109028,カネヒキリ,2002100978,,清水貞信,0.0,2008.0,2015.0,2002.0
2021109034,セットミーフリー,牡,佐藤雅彦,,ウインバリアシオン,2008103206,ヨンハ,2011109046,ヨハネスブルグ,000a0103b9,瀬谷隆雄,佐々木牧場,0.0,2008.0,2011.0,1999.0
2021109032,マリーシアの2021,牝,,,アルデバランII,000a010541,マリーシア,2008103169,クロフネ,1998110135,,久保ファーム,0.0,1998.0,2008.0,1998.0
2021109031,ブラックボックス,牡,高馬元紘,,アニマルキングダム,000a011dad,ブラックシップ,2006104432,クロフネ,1998110135,藤田岳彦,久保ファーム,0.0,2008.0,2006.0,1998.0
2021109030,キタロラン,牝,,,デビッドジュニア,000a010ea9,リキサンセレブ,2002101894,コマンダーインチーフ,000a0000b0,,北村牧場,0.0,2002.0,2002.0,1990.0
2021109028,サマーカサブランカ,牝,,,ウインバリアシオン,2008103206,レモンリーフ,2001106243,リンドシェーバー,1988107894,,風ノ丘ファーム,0.0,2008.0,2001.0,1988.0
2021109025,キタノクラージュ,牡,飯田弘道,,ディスクリートキャット,000a0113a1,ソトーグラシオ,2008103122,アグネスタキオン,1998101516,北所拓也,風ノ丘ファーム,0.0,2003.0,2008.0,1998.0
2021109015,リケアブル,牡,桜田浩樹,,バゴ,2001190004,マリーンジャングル,2010100491,ジャングルポケット,1998101786,稲場澄,伊藤牧場,0.0,2001.0,2010.0,1998.0
2021109014,ストケシア,牝,佐藤博紀,,ウインバリアシオン,2008103206,ペプチドモアモア,2016109037,トーセンホマレボシ,2009106092,高田孝彦,伊藤牧場,0.0,2008.0,2016.0,2009.0
2021109002,ゼネラルソクハヤ,牡,村上頼章,,ウインバリアシオン,2008103206,カリアティード,2013106151,カジノドライヴ,2005110112,榊原勝好,荒谷牧場,0.0,2008.0,2013.0,2005.0
2021107392,シュトウルム,牡,小桧山悟,,モンテロッソ,000a011b05,ローブディアンジェ,2012104824,ネオユニヴァース,2000101426,柴原榮,新冠川上牧場,0.0,2007.0,2012.0,2000.0
2021107391,ジクジタルオモイ,牝,斉藤正弘,,タリスマニック,000a013425,グレイスフルワード,2012103646,ハーツクライ,2001103038,小塩利文,新冠川上牧場,0.0,2013.0,2012.0,2001.0
2021107390,ハイカラレディ,牝,平山真希,,モンテロッソ,000a011b05,ギャラリスト,2012104529,ハービンジャー,000a011996,新井原博,新冠川上牧場,0.0,2007.0,2012.0,2006.0
2021107389,ワンダーベレーザの2021,牝,,,ワンダーアキュート,2006106794,ワンダーベレーザ,2011103306,アルデバランII,000a010541,,フクダファーム,0.0,2006.0,2011.0,1998.0
2021107387,ワンダーガナンシア,牝,羽月友彦,,アニマルキングダム,000a011dad,ワンダートロワ,2011106539,アルデバランII,000a010541,山本能行,フクダファーム,0.0,2008.0,2011.0,1998.0
2021107386,ワンダーサラリ,牝,碇清次郎,,マクフィ,000a011c77,ワンダーエレメント,2008104033,ボストンハーバー,000a00007c,山本能成,フクダファーム,0.0,2007.0,2008.0,1994.0
2021107383,ロディニア,牡,高柳瑞樹,,キズナ,2010105827,ミスペンバリー,2002110196,モンジュー,1996190001,広尾レース,木村秀則,0.0,2010.0,2002.0,1996.0
2021107377,ニットウリエの2021,牝,,,ホールウォーカー,2003105250,ニットウリエ,2012105476,ケイムホーム,000a0108d1,,ＰＹＲＡＭＩＤＴＲＡＩＮＩＮＧ,0.0,2003.0,2012.0,1999.0
2021107374,レックストレメンデ,牡,宗像義忠,,カリフォルニアクローム,000a012602,ピアレスピンク,2012105304,エンパイアメーカー,000a010542,ウエスト．フォレスト．ステイブル,ミリオンファーム,0.0,2011.0,2012.0,2000.0
2021107368,ローバウンス,牡,伊藤勝己,,ミュゼスルタン,2012104118,ヤマイチジャスティ,2013103678,エンパイアメーカー,000a010542,（同）ＪＰＮ技研,坂本智広,0.0,2012.0,2013.0,2000.0
2021107367,ウェンズデイ,牡,大塚信次,,ミュゼスルタン,2012104118,ドゥリーミン,2013100270,シニスターミニスター,000a011099,大黒富美子,坂本智広,0.0,2012.0,2013.0,2003.0
2021107363,フィールスペシャル,牝,青木孝文,,ダノンレジェンド,2010110102,グランドメージャー,000a012511,A.P. Indy,000a001d37,長塩豊,絵笛牧場,0.0,2010.0,2004.0,1989.0
2021107359,アイキャンの2021,牝,,,エスポワールシチー,2005102837,アイキャン,2007101894,タイキシャトル,1994109686,,アースファーム,0.0,2005.0,2007.0,1994.0
2021107350,ゴッドスペル,牡,萱野浩二,,イスラボニータ,2011103565,ベルアンブル,2017104812,ロードカナロア,2008103552,馬目卓,大作ステーブル,0.0,2011.0,2017.0,2008.0
2021107349,ミリオンセラーの2021,牡,,,マインドユアビスケッツ,000a01392e,ミリオンセラー,2009105895,フジキセキ,1992109618,,大作ステーブル,0.0,2013.0,2009.0,1992.0
2021107346,オセアサンク,牡,辻哲英,,ホークビル,000a01327c,キマグレ,2002100290,サクラバクシンオー,1989108341,ＸＩＡＯジャパン,田中裕之,0.0,2013.0,2002.0,1989.0
2021107343,キタノアイザック,牡,粕谷昌央,,ホークビル,000a01327c,キイレ,2007101669,フジキセキ,1992109618,北所直人,木村牧場,0.0,2013.0,2007.0,1992.0
2021107340,アローウィザード,牝,佐々木由,,モンテロッソ,000a011b05,ハートマイハート,2009104572,キングカメハメハ,2001103460,欠畑圭一,大作ステーブル,0.0,2007.0,2009.0,2001.0
2021107337,クリノユウセイ,牡,伊藤伸一,,エピカリス,2014103121,ダンシングクイーン,2006100664,Giant's Causeway,000a0022e1,栗本博晴,若林順一,0.0,2014.0,2006.0,1997.0
2021107335,エヴァンジェリスト,牡,武藤善則,,ディスクリートキャット,000a0113a1,ガーランドワルツ,2014105997,ハーツクライ,2001103038,佐々木雄二,宝寄山拓樹,0.0,2003.0,2014.0,2001.0
2021107329,サザンスノー,牡,立花伸,,サンダースノー,000a013a06,アマルティア,2013106245,アドマイヤムーン,2003102991,村山忠弘,アースファーム,0.0,2014.0,2013.0,2003.0
2021107326,リンベストの2021,牝,,,シルバーステート,2013105903,リンベスト,2016106610,キングズベスト,000a0022d2,,レジェンドファーム,0.0,2013.0,2016.0,1997.0
2021107320,グリッシーニの2021,牡,,,ニシケンモノノフ,2011105438,グリッシーニ,2015106339,アドマイヤムーン,2003102991,,レジェンドファーム,0.0,2011.0,2015.0,2003.0
2021107308,キョウエイチアフル,牝,勢司和浩,,ダノンレジェンド,2010110102,ウディバードソング,1999110058,Woodman,000a001beb,田中晴夫,木村秀則,0.0,2010.0,1999.0,1983.0
2021107307,アラマサクロフネの2021,牝,,,ダノンレジェンド,2010110102,アラマサクロフネ,2011104560,クロフネ,1998110135,,木村秀則,0.0,2010.0,2011.0,1998.0
2021107302,ブライトフラワー,牝,尾形和幸,,ホークビル,000a01327c,マジェスティックブライト,000a011dfc,Pivotal,000a002328,松浦雄一郎,ミリオンファーム,0.0,2013.0,2007.0,1993.0
2021107296,ドナメジャーの2021,牝,,,パイロ,000a01176a,ドナメジャー,2009102846,ダイワメジャー,2001103114,,日西牧場,0.0,2005.0,2009.0,2001.0
2021107291,キイモップアップ,牡,小桧山悟,,モンテロッソ,000a011b05,シレリアナ,2017106737,ネオユニヴァース,2000101426,安田嘉太郎,マリオステーブル,0.0,2007.0,2017.0,2000.0
2021107284,スターオブウォリア,牡,嶋田幸晴,,ベストウォーリア,2010110127,ミフユ,2005100255,ティンバーカントリー,000a00035e,光安了,ファーミングヤナキタ,0.0,2010.0,2005.0,1992.0
2021107282,トニーファースト,牝,宇都英樹,,アポロケンタッキー,2012110098,レフア,2010101093,キングカメハメハ,2001103460,トニーホースコーポレ,浜本牧場,0.0,2012.0,2010.0,2001.0
2021107274,パイレートシップ,セ,水野善太,,スズカコーズウェイ,2004104345,ファシル,2014102357,ハーツクライ,2001103038,戸部昌洋,浜本牧場,0.0,2004.0,2014.0,2001.0
2021107272,インディアナポリス,牡,,,シャンハイボビー,000a0127e4,テンシノホホエミ,2011100756,ダイワメジャー,2001103114,,浜本牧場,0.0,2010.0,2011.0,2001.0
2021107269,スウィートショットの2021,牡,,,ダイワメジャー,2001103114,スウィートショット,000a015970,Trappe Shot,000a012876,,浜本牧場,0.0,2001.0,2015.0,2007.0
2021107268,ゲットレディ,牝,,,Distorted Humor,000a0022ea,ジェントルキトゥン,000a01b7e2,Kitten's Joy,000a0119b3,,浜本牧場,0.0,1993.0,2014.0,2001.0
2021107260,ミルクギモーヴ,牝,田嶋弘幸,,Constitution,000a012973,エマジェスティック,000a01b9dd,Zensational,000a0119b2,田頭勇貴,浜本牧場,0.0,2011.0,2012.0,2006.0
2021107252,フィーユドーの2021,牝,,,ホークビル,000a01327c,フィーユドー,2016103308,オルフェーヴル,2008102636,,西野春樹,0.0,2013.0,2016.0,2008.0
2021107251,ホリデイスクリーンの2021,牡,,,フリオーソ,2004106867,ホリデイスクリーン,2006104607,フレンチデピュティ,000a00013a,,白瀬盛雄,0.0,2004.0,2006.0,1992.0
2021107248,ピュアウィッシーズの2021,牝,,,レイデオロ,2014106201,ピュアウィッシーズ,2013106110,Manduro,000a0114b8,,奥山牧場,0.0,2014.0,2013.0,2002.0
2021107245,ポッドソング,牡,小野次郎,,ダンカーク,000a012185,トロピカルガーデン,2012102832,ハイアーゲーム,2001103160,小川眞査雄,奥山牧場,0.0,2006.0,2012.0,2001.0
2021107244,トリプレットの2021,牝,,,アジアエクスプレス,2011110091,トリプレット,2014102188,ストリートセンス,000a0113a2,,奥山牧場,0.0,2011.0,2014.0,2004.0
2021107227,ジュンシオリ,牝,伊坂重信,,ジュンツバサ,2012104777,ジュンクミチャン,2015106269,ネオユニヴァース,2000101426,河合純二,マリオステーブル,0.0,2012.0,2015.0,2000.0
2021107226,チュッチュチュ,牝,,,リオンディーズ,2013105915,ブライトエピローグ,2014105576,ダイワメジャー,2001103114,,ハシモトファーム,0.0,2013.0,2014.0,2001.0
2021107225,ファイナルプラン,牝,小桧山悟,,ジャングルポケット,1998101786,ラスリーズ,2009103077,ブライアンズタイム,000a000082,福田光博,新冠川上牧場,0.0,1998.0,2009.0,1985.0
2021107217,ジェルトルーデ,牝,橘友和,,カリフォルニアクローム,000a012602,カフジビーナス,2013101381,ディープインパクト,2002100816,ＫＡＪＩＭＯＴＯホールディングス,川島牧場,0.0,2011.0,2013.0,2002.0
2021107216,ケイツーセディ,牝,蛯名利弘,,シニスターミニスター,000a011099,ペイシャオーシャン,2014106345,ゴールドアリュール,1999106689,楠本勝美,オリエント牧場,0.0,2003.0,2014.0,1999.0
2021107211,マラネロ,牡,上村洋行,,ユアーズトゥルーリ,2016104391,プルミエエトワール,2013106123,ヴィクトワールピサ,2007102923,竹下浩一,静内酒井牧場,0.0,2016.0,2013.0,2007.0
2021107201,サットーの2021,牝,,,バゴ,2001190004,サットー,2011102247,ステイゴールド,1994108729,,中村雅明,0.0,2001.0,2011.0,1994.0
2021107199,コミタス,牝,萱野浩二,,サンダースノー,000a013a06,ダンスザクラシックス,000a0117c3,Sadler's Wells,000a00185d,ＫＡＪＩＭＯＴＯホールディングス,王蔵牧場,0.0,2014.0,2004.0,1981.0
2021107196,セイヴェルビットの2021,牡,,,セイクリムズン,2006100106,セイヴェルビット,2015100034,シニスターミニスター,000a011099,,目名太山口牧場,0.0,2006.0,2015.0,2003.0
2021107193,パワポケワビン,牝,,,スノードラゴン,2008104268,パワポケエリ,2016105451,ローエングリン,1999106738,,ＨＡＲＵＮＯファーム,0.0,2008.0,2016.0,1999.0
2021107191,レッドセラス,牡,大竹正博,,ハービンジャー,000a011996,アストライア,2016104567,キングカメハメハ,2001103460,東京ホースレーシング,辻牧場,0.0,2006.0,2016.0,2001.0
2021107186,メイショウロマン,牡,角田晃一,,ロジャーバローズ,2016106065,サーリセルカ,2005102176,ウォーエンブレム,000a00fa35,松本好隆,太陽牧場,0.0,2016.0,2005.0,1999.0
2021107185,カリメロ,牝,中村直也,,パイロ,000a01176a,ミステリアスオーラ,2006106882,シンボリクリスエス,1999110099,永山勝敏,笹地牧場,0.0,2005.0,2006.0,1999.0
2021107164,ケイティブルーム,牝,瀬戸口悟,,アメリカンペイトリオット,000a013bba,ベルフロレゾン,2015104690,クロフネ,1998110135,（同）ＪＰＮ技研,レジェンドファーム,0.0,2013.0,2015.0,1998.0
2021107161,シャオユンイン,牡,高岩孝敏,,ロジャーバローズ,2016106065,キャッスルブラウン,2000110255,Silver Hawk,000a0019b4,楊明翰,レジェンドファーム,0.0,2016.0,2000.0,1979.0
2021107157,コンドルソード,牡,武井和実,,ホークビル,000a01327c,アンビホールドゥン,2009110113,Bluegrass Cat,000a01173d,楊明翰,レジェンドファーム,0.0,2013.0,2009.0,2003.0
2021107156,クラート,牡,高橋優子,,サトノクラウン,2012104668,パチュリー,2015106278,キンシャサノキセキ,2003110212,（有）総武開発,ラッキー牧場,0.0,2012.0,2015.0,2003.0
2021107155,パイライトパワーの2021,牡,,,エスポワールシチー,2005102837,パイライトパワー,2009104774,ケイムホーム,000a0108d1,,ラッキー牧場,0.0,2005.0,2009.0,1999.0
2021107153,スマイルサミット,牝,宮川真衣,,エスポワールシチー,2005102837,トスカーナ,2008105797,Medicean,000a010a19,山崎康,ラッキー牧場,0.0,2005.0,2008.0,1997.0
2021107150,サンデーアゲインの2021,牝,,,タリスマニック,000a013425,サンデーアゲイン,2011105479,マーベラスサンデー,1992103687,,ラッキー牧場,0.0,2013.0,2011.0,1992.0
2021107125,マラケシュ,牡,原口次夫,,ディスクリートキャット,000a0113a1,パルトネール,2014100907,カジノドライヴ,2005110112,手嶋康雄,山岡ファーム,0.0,2003.0,2014.0,2005.0
2021107124,メイジイシン,牝,青木孝文,,スクリーンヒーロー,2004103328,スカイグラフィティ,2010102979,ジャングルポケット,1998101786,小菅誠,山岡ファーム,0.0,2004.0,2010.0,1998.0
2021107119,ピカイチキリシマ,牡,天間昭一,,ラブイズブーシェ,2009101075,ピカンチラヴ,2007102834,ネオユニヴァース,2000101426,西村新一郎,八島夕起子,0.0,2009.0,2007.0,2000.0
2021107117,リモートビジン,牝,伊藤伸一,,ヴァンセンヌ,2009106525,スイートグラーツ,2005109313,サクラバクシンオー,1989108341,西村新一郎,八島夕起子,0.0,2009.0,2005.0,1989.0
2021107113,スペシャルキリシマ,牝,高馬元紘,,ヴァンセンヌ,2009106525,キアラ,2006103973,ステイゴールド,1994108729,西村新一郎,八島夕起子,0.0,2009.0,2006.0,1994.0
2021107110,タガノグレイシア,牝,盛本信春,,コパノリッキー,2010106548,タバスコムスメ,2003105800,タバスコキャット,000a000348,八木昌司,八木牧場,0.0,2010.0,2003.0,1991.0
2021107109,タガノフォーク,牡,庄野靖志,,イスラボニータ,2011103565,タガノフレイア,2014100500,タニノギムレット,1999100226,八木良司,八木牧場,0.0,2011.0,2014.0,1999.0
2021107106,パラパライ,牡,佐久間雅,,アメリカンペイトリオット,000a013bba,ラサンバ,000a011bb7,Orientate,000a010902,一村哲也,守矢牧場,0.0,2013.0,2004.0,1998.0
2021107103,タマモルル,牝,菊沢隆徳,,アルアイン,2014106046,タマモジャイブ,2016106321,ヘニーヒューズ,000a011155,タマモ,守矢牧場,0.0,2014.0,2016.0,2003.0
2021107102,ロードサバイバー,牡,菊川正達,,ホッコータルマエ,2009100921,セラフィックロンプ,2004100976,マンハッタンカフェ,1998101554,ロードホースクラブ,守矢牧場,0.0,2009.0,2004.0,1998.0
2021107082,ニシノアオゾラ,牡,,,ルーラーシップ,2007103143,ニシノマメフク,2015105197,スペシャルウィーク,1995103211,,メイタイファーム,0.0,2007.0,2015.0,1995.0
2021107074,ニシノウスベニ,牝,和田勇介,,ネロ,2011103722,セイウンチャーム,2014110115,Dominus,000a0131a6,西山茂行,メイタイファーム,0.0,2011.0,2014.0,2008.0
2021107066,シアワセカーニバル,牝,,,トーホウジャッカル,2011100482,サニツ,2015104874,ロードカナロア,2008103552,,メイタイファーム,0.0,2011.0,2015.0,2008.0
2021107061,キタノキングダム,牡,,,モーニン,2012110091,ガーリッシュハート,2011104490,ハーツクライ,2001103038,,村本牧場,0.0,2012.0,2011.0,2001.0
2021107059,アジャスト,牝,尾関知人,,シルバーステート,2013105903,メリオール,2012100888,キングカメハメハ,2001103460,ターフ・スポート,村田牧場,0.0,2013.0,2012.0,2001.0
2021107051,ゴシップクイーンの2021,牝,,,サトノダイヤモンド,2013106101,ゴシップクイーン,2004103341,フレンチデピュティ,000a00013a,,村田牧場,0.0,2013.0,2004.0,1992.0
2021107048,コマチ,牝,村田六郎,,キタサンミカヅキ,2010100960,クライオブザソウル,2015100901,ハーツクライ,2001103038,大野商事,村田牧場,0.0,2010.0,2015.0,2001.0
2021107041,テイエムポワール,牝,石栗龍彦,,エスポワールシチー,2005102837,マルティプライ,2007103081,Fusaichi Pegasus,000a0022cf,竹園正繼,村上雅規,0.0,2005.0,2007.0,1997.0
2021107036,アーチェリー,牝,浅野洋一,,パドトロワ,2007102760,ボンジュールカレン,2006103066,ゴールドアリュール,1999106689,田頭勇貴,村上牧場,0.0,2007.0,2006.0,1999.0
2021107034,サクラパルフェ,牝,小野望,,エピカリス,2014103121,フジヤマサクラ,2003102829,クロフネ,1998110135,小野美子,村上牧場,0.0,2014.0,2003.0,1998.0
2021107017,キルシュトルテ,牝,西川進也,,モンドキャンノ,2014106235,ブラストエルサ,2006101029,キングカメハメハ,2001103460,藤田司,村上進治,0.0,2014.0,2006.0,2001.0
2021107016,ビターココアの2021,牡,,,リヤンドファミユ,2010104396,ビターココア,2014100424,トーセンホマレボシ,2009106092,,村上進治,0.0,2010.0,2014.0,2009.0
2021107014,コージェント,牡,沼澤英知,,パドトロワ,2007102760,シバノサンデー,2012102640,スターリングローズ,1997106560,（株）中央ビジネスグ,村上進治,0.0,2007.0,2012.0,1997.0
2021107008,タザワコ,牝,,,カリフォルニアクローム,000a012602,レイクポンチャトレイン,000a01598b,Afleet Express,000a014ef2,,村上欽哉,0.0,2011.0,2012.0,2007.0
2021107007,ヴェンチュラサン,牝,小島茂之,,ホークビル,000a01327c,ラスヴェンチュラス,2009105821,ディープインパクト,2002100816,西見徹也,村上欽哉,0.0,2013.0,2009.0,2002.0
2021107004,メジロミドウの2021,牝,,,リオンディーズ,2013105915,メジロミドウ,2008102519,ステイゴールド,1994108729,,村上欽哉,0.0,2013.0,2008.0,1994.0
2021106997,ニシノモンクスの2021,牝,,,ドレフォン,000a013b82,ニシノモンクス,2010101117,タニノギムレット,1999100226,,村上欽哉,0.0,2013.0,2010.0,1999.0
2021106995,ニシノデスティーノ,セ,武藤善則,,ネロ,2011103722,ニシノナースコール,2002100167,ブライアンズタイム,000a000082,西山茂行,村上欽哉,0.0,2011.0,2002.0,1985.0
2021106992,ドロミティの2021,牡,,,キズナ,2010105827,ドロミティ,000a014f4f,Pure Prize,000a011252,,村上欽哉,0.0,2010.0,2015.0,1998.0
2021106987,ミスタータイセイ,牡,高橋文雅,,ミッキーアイル,2011103916,ダンシングロイヤル,2008105189,サクラバクシンオー,1989108341,古賀和夫,村上欽哉,0.0,2011.0,2008.0,1989.0
2021106981,リッククレイジー,牝,村田一誠,,カラヴァッジオ,000a014315,クラケルジャック,000a01a960,Oxbow,000a014f59,下澤晃紀,村上欽哉,0.0,2014.0,2015.0,2010.0
2021106978,レスモワフェール,牝,,,バゴ,2001190004,カウントオンミー,2003102538,バブルガムフェロー,1993109219,,村上欽哉,0.0,2001.0,2003.0,1993.0
2021106974,マテンロウマルス,牡,昆貢,,Saxon Warrior,2015100991,ウルス,000a01a95d,Poet's Voice,000a011b0d,寺田千代乃,村上欽哉,0.0,2015.0,2016.0,2007.0
2021106971,ロコウォリアー,牡,小手川準,,マジェスティックウォリアー,000a011e9c,ウインルナ,2006104964,フレンチデピュティ,000a00013a,フィールドレーシング,村上欽哉,0.0,2005.0,2006.0,1992.0
2021106970,アグネッタの2021,牡,,,ジャスタウェイ,2009106461,アグネッタ,2013102192,エンパイアメーカー,000a010542,,村上欽哉,0.0,2009.0,2013.0,2000.0
2021106964,ユユシキジタイ,牝,小桧山悟,,アポロケンタッキー,2012110098,ワイルドダンス,2004105889,ダンスインザダーク,1993109188,小塩利文,マリオステーブル,0.0,2012.0,2004.0,1993.0
2021106960,サンサンサンキュー,牡,菅原欣也,,アドミラブル,2014105979,ブルージャーニー,2013106471,カジノドライヴ,2005110112,（同）ＪＰＮ技研,マリオステーブル,0.0,2014.0,2013.0,2005.0
2021106953,ニングル,牡,藪口一麻,,シルバーステート,2013105903,ホワイトウォーター,000a010e56,Forestry,000a002270,菅原仁人,的場牧場,0.0,2013.0,2001.0,1996.0
2021106951,ヴァレンティーネの2021,牝,,,モーニン,2012110091,ヴァレンティーネ,2010106054,デュランダル,1999106756,,的場牧場,0.0,2012.0,2010.0,1999.0
2021106943,リエラ,牝,高橋康之,,ワールドエース,2009106353,ルージュマジック,2008100552,アフリート,000a000013,ローレルレーシング,松木加代,0.0,2009.0,2008.0,1984.0
2021106932,フェルテラーゾ,牝,藤ケ崎一,,キズナ,2010105827,ボナマティーナ,2015100810,キングズベスト,000a0022d2,玉田博志,松浦牧場,0.0,2010.0,2015.0,1997.0
2021106930,フルマークスの2021,牡,,,ディスクリートキャット,000a0113a1,フルマークス,2011104777,Kitten's Joy,000a0119b3,,松浦牧場,0.0,2003.0,2011.0,2001.0
2021106927,フェアリッシュ,牝,牧田和弥,,エピファネイア,2010104155,フェアリーバニヤン,2003100823,Honour and Glory,000a002072,ローレルレーシング,松浦牧場,0.0,2010.0,2003.0,1993.0
2021106924,トラストバシレウス,牡,羽月友彦,,オルフェーヴル,2008102636,トラストマヴィア,2013101996,シンボリクリスエス,1999110099,菅波雅巳,松浦牧場,0.0,2008.0,2013.0,1999.0
2021106920,エムティアース,牝,堂山芳則,,アジアエクスプレス,2011110091,ストーミーウェザー,000a01117b,Storm Cat,000a001a98,（株）門別牧場,松浦牧場,0.0,2011.0,2002.0,1983.0
2021106913,エッチアキャットの2021,牡,,,カリフォルニアクローム,000a012602,エッチアキャット,000a015972,Tale of the Cat,000a002276,,松浦牧場,0.0,2011.0,2012.0,1994.0
2021106911,アップルハウス,牝,木村健,,サンダースノー,000a013a06,インプレショニスト,2010104315,ディープインパクト,2002100816,薪浦亨,松浦牧場,0.0,2014.0,2010.0,2002.0
2021106909,スティングビー,牡,井樋一也,,キンシャサノキセキ,2003110212,アリー,000a011502,Deputy Minister,000a001849,中尾勝,松浦牧場,0.0,2003.0,2004.0,1979.0
2021106902,ロンギングシャネルの2021,牝,,,エスケンデレヤ,000a012cc0,ロンギングシャネル,2010104187,ネオユニヴァース,2000101426,,細川農場,0.0,2007.0,2010.0,2000.0
2021106898,ステイクイーン,牝,矢野義幸,,ミッキーロケット,2013106099,ベルメール,2012100779,ハーツクライ,2001103038,阿部憲三,細川農場,0.0,2013.0,2012.0,2001.0
2021106891,コライユ,牝,頼本盛行,,アジアエクスプレス,2011110091,メイクユアデイ,2013101978,スペシャルウィーク,1995103211,遠藤喜和,北星村田牧場,0.0,2011.0,2013.0,1995.0
2021106887,ラブヒューズ,牝,蛯名利弘,,ヘニーヒューズ,000a011155,グリーンモネ,2011105277,メイショウサムソン,2003102205,増田陽一,北星村田牧場,0.0,2003.0,2011.0,2003.0
2021106886,エトワルポレール,牝,高橋義忠,,レイデオロ,2014106201,クイーンオブトロイ,000a012f9c,Storm Cat,000a001a98,北星村田牧場,北星村田牧場,0.0,2014.0,2007.0,1983.0
2021106880,ゴールドブレーカー,牡,鈴木慎太,,ゴールドアクター,2011105266,ゴールドタイリン,2011105263,ネオユニヴァース,2000101426,居城寿与,北勝ファーム,0.0,2011.0,2011.0,2000.0
2021106876,ゴールドキッカー,牡,,,ゴールドアクター,2011105266,ゴールドエルフ,2009105221,キングヘイロー,1995104427,,北勝ファーム,0.0,2011.0,2009.0,1995.0
2021106863,パイクプレイス,牝,櫻田浩樹,,メイショウサムソン,2003102205,グローリアスロウラ,2013101278,アサクサキングス,2004103163,幸田茂樹,ホース・マネジメント・ボス,0.0,2003.0,2013.0,2004.0
2021106858,フェヴリエパシオン,牝,平田正一,,アニマルキングダム,000a011dad,グローリアスイリス,2014100299,メイショウサムソン,2003102205,日下部勝徳,ホース・マネジメント・ボス,0.0,2008.0,2014.0,2003.0
2021106839,マイネルトバーン,牡,和田雄二,,ダノンバラード,2008103548,トバーン,000a012f91,Teofilo,000a01139e,サラブレッドクラブ・ラフィアン,ブルースターズファーム,0.0,2008.0,2010.0,2004.0
2021106838,マクスウェルカフェ,牡,佐藤吉勝,,ジョーカプチーノ,2006100529,コスモマクスウェル,2007104370,アドマイヤマックス,1999107004,ブルースターズファーム,ブルースターズファーム,0.0,2006.0,2007.0,1999.0
2021106819,マイネルギルバート,牡,伊藤大士,,スクリーンヒーロー,2004103328,マイネソルシエール,2008104953,ロージズインメイ,000a010a10,サラブレッドクラブ・ラフィアン,ビッグレッドファーム,0.0,2004.0,2008.0,2000.0
2021106818,マイネルズコット,牡,吉田直弘,,ゴールドシップ,2009102739,マイネショコラーデ,2008104913,ロージズインメイ,000a010a10,サラブレッドクラブ・ラフィアン,ビッグレッドファーム,0.0,2009.0,2008.0,2000.0
2021106803,コスモバタール,牝,粕谷昌央,,Cracksman,000a0137be,パーフェクトノート,000a01b8bd,Shamardal,000a010c92,ビッグレッドファーム,ビッグレッドファーム,0.0,2014.0,2007.0,2002.0
2021106783,コスモカンタータ,牡,土田稔,,ゴールドシップ,2009102739,コスモバルバラ,2009105203,ロージズインメイ,000a010a10,ビッグレッドファーム,ビッグレッドファーム,0.0,2009.0,2009.0,2000.0
2021106779,コスモコルデスの2021,牝,,,マインドユアビスケッツ,000a01392e,コスモコルデス,2010100785,ゴールドヘイロー,1997101264,,ビッグレッドファーム,0.0,2013.0,2010.0,1997.0
2021106771,アイムフィアレス,牝,新田守,,ゴールドシップ,2009102739,キューンハイト,2014100717,ディープインパクト,2002100816,北原大史,ビッグレッドファーム,0.0,2009.0,2014.0,2002.0
2021106770,ミチスウ,牡,清水英克,,カリフォルニアクローム,000a012602,ヴェイグストーリー,2009105726,ゴールドアリュール,1999106689,ビッグレッドファーム,ビッグレッドファーム,0.0,2011.0,2009.0,1999.0
2021106769,マイネルチアフル,牡,上原博之,,ロージズインメイ,000a010a10,ヴィオトポス,2015100726,マツリダゴッホ,2003104570,サラブレッドクラブ・ラフィアン,ビッグレッドファーム,0.0,2000.0,2015.0,2003.0
2021106764,マイネルメダリオン,牡,三小田幸,,Catalina Cruiser,000a01401e,アカデミック,000a01b814,ヘニーヒューズ,000a011155,北原大史,ビッグレッドファーム,0.0,2014.0,2012.0,2003.0
2021106760,ヒトリゴツ,牝,石栗龍彦,,ベストウォーリア,2010110127,クインズプリンセス,2015100678,アドマイヤオーラ,2004102987,檜森高史,樋渡志尚,0.0,2010.0,2015.0,2004.0
2021106744,ワビサビの2021,牝,,,ハービンジャー,000a011996,ワビサビ,2015105044,シンボリクリスエス,1999110099,,パカパカファーム,0.0,2006.0,2015.0,1999.0
2021106737,トゥジュール,牡,奥村武,,リアルスティール,2012104889,フォーエヴァーユアーズ,000a018139,Motivator,000a010c91,広尾レース,パカパカファーム,0.0,2012.0,2015.0,2002.0
2021106736,ユウワンダー,セ,角田輝也,,アドマイヤムーン,2003102991,パティシエール,2016103353,タニノギムレット,1999100226,（株）アイテツ,パカパカファーム,0.0,2003.0,2016.0,1999.0
2021106733,クライノーモア,牝,藤岡健一,,ハーツクライ,2001103038,ナン,000a011a69,High Yield,000a00fd81,フクキタル,パカパカファーム,0.0,2001.0,2006.0,1997.0
2021106732,バルフィ,牡,大和田成,,サトノアラジン,2011104063,デザートオブライフ,000a0138a2,Mastercraftsman,000a01249a,ブルースターズファーム,パカパカファーム,0.0,2011.0,2013.0,2006.0
2021106731,フミゼンアイ,牡,伊藤強一,,ジャングルポケット,1998101786,ツーソックス,2005105450,ファルブラヴ,1998190004,川上和彦,パカパカファーム,0.0,1998.0,2005.0,1998.0
2021106727,シセイカナタの2021,牝,,,ノヴェリスト,000a012230,シセイカナタ,2012101967,バゴ,2001190004,,パカパカファーム,0.0,2009.0,2012.0,2001.0
2021106725,クリムゾンスターの2021,牡,,,ルーラーシップ,2007103143,クリムゾンスター,2016104459,ハーツクライ,2001103038,,パカパカファーム,0.0,2007.0,2016.0,2001.0
2021106712,アミマネラ,牡,勢司和浩,,ベストウォーリア,2010110127,トップレイスター,2006106838,マヤノトップガン,1992102988,細川勝也,浜口牧場,0.0,2010.0,2006.0,1992.0
2021106703,レゴーラドーロ,牡,小西一男,,ディーマジェスティ,2013104704,ペイトンドーロ,000a0120d5,Medaglia d'Oro,000a010a65,Ｇ１レーシング,ハシモトファーム,0.0,2013.0,2006.0,1999.0
2021106696,フウシカデン,牝,寺島良,,モーリス,2011100655,ハルノナゴリ,2016104350,ステイゴールド,1994108729,三田昌宏,ハシモトファーム,0.0,2011.0,2016.0,1994.0
2021106687,カガリターン,牡,小野次郎,,ストロングリターン,2006102934,カガフレグランス,2011103820,ゴールドアリュール,1999106689,香川憲次,ハシモトファーム,0.0,2006.0,2011.0,1999.0
2021106685,アースサウンドの2021,牡,杉山晴紀,,デクラレーションオブウォー,000a0136f6,アースサウンド,2007110094,Yes It's True,000a010753,グリーンファーム,ハシモトファーム,0.0,2009.0,2007.0,1996.0
2021106679,コトブキボタン,牝,金成貴史,,サトノダイヤモンド,2013106101,ホウライマツリ,2012102391,エンパイアメーカー,000a010542,尾上松壽,ハクレイファーム,0.0,2013.0,2012.0,2000.0
2021106670,ラストパートナーの2021,牡,,,バゴ,2001190004,ラストパートナー,2001102160,エリシオ,1993190001,,ハクツ牧場,0.0,2001.0,2001.0,1993.0
2021106654,ライトアップスター,牡,,,キズナ,2010105827,ラフィーリア,000a015943,Frankel,000a01239b,,ノースヒルズ,0.0,2010.0,2014.0,2008.0
2021106653,ピンクピース,牝,高橋康之,,ルーラーシップ,2007103143,ラナンキュラス,2007104775,スペシャルウィーク,1995103211,ノースヒルズ,ノースヒルズ,0.0,2007.0,2007.0,1995.0
2021106651,ポンポネット,牝,橋口慎介,,キズナ,2010105827,ユメノトビラ,2014110053,Bernardini,000a0111fe,前田晋二,ノースヒルズ,0.0,2010.0,2014.0,2003.0
2021106647,アンミッコ,牝,上原博之,,ドレフォン,000a013b82,ブルジュオン,2010105858,ダイワメジャー,2001103114,ノースヒルズ,ノースヒルズ,0.0,2013.0,2010.0,2001.0
2021106638,シンデレラタイム,牝,大竹正博,,ブラックタイド,2001103312,ドリームジョブ,000a013887,Dubawi,000a0115e2,ノースヒルズ,ノースヒルズ,0.0,2001.0,2012.0,2002.0
2021106630,シャンパンルージュの2021,牝,,,ラニ,2013110045,シャンパンルージュ,2010105853,ファスリエフ,000a00fc4c,,ノースヒルズ,0.0,2013.0,2010.0,1997.0
2021106629,エンカンターダ,牝,中舘英二,,ワンアンドオンリー,2011105072,シャインリザルト,2002110053,Victory Gallop,000a0022d4,ノースヒルズ,ノースヒルズ,0.0,2011.0,2002.0,1995.0
2021106620,エクラ,牝,北出成人,,キンシャサノキセキ,2003110212,ガラッシアファータ,2011110024,Distorted Humor,000a0022ea,ノースヒルズ,ノースヒルズ,0.0,2003.0,2011.0,1993.0
2021106619,マートル,牝,清水久詞,,レイデオロ,2014106201,オールスマイル,2013101795,エンパイアメーカー,000a010542,ノースヒルズ,ノースヒルズ,0.0,2014.0,2013.0,2000.0
2021106604,ヤマニンプラビーダ,牡,川島洋人,,リオンディーズ,2013105915,ヤマニンメルベイユ,2002102259,メジロマックイーン,1987107235,土井久美子,錦岡牧場,0.0,2013.0,2002.0,1987.0
2021106600,ヤマニンスターダム,牡,千田輝彦,,エピファネイア,2010104155,ヤマニンバステト,2011105053,ディープインパクト,2002100816,土井肇,錦岡牧場,0.0,2010.0,2011.0,2002.0
2021106590,ラシャンススウリ,牝,川島洋人,,シュヴァルグラン,2012104759,ゴールデンメロディ,2015100565,ディープブリランテ,2009105084,土井久美子,錦岡牧場,0.0,2012.0,2015.0,2009.0
2021106582,ダイナスティシチー,牡,村山明,,リアルスティール,2012104889,プリンセスルーシー,000a012524,Strategic Prince,000a01246a,友駿ホースクラブ,新冠橋本牧場,0.0,2012.0,2010.0,2004.0
2021106571,ローレルロイズ,牡,北出成人,,モーリス,2011100655,ジョディーズロマン,2010105781,サムライハート,2002100996,ローレルレーシング,新冠橋本牧場,0.0,2011.0,2010.0,2002.0
2021106560,ローザリサリ,牝,角田輝也,,ルーラーシップ,2007103143,イオス,2007102838,バゴ,2001190004,渡辺はつ子,新冠橋本牧場,0.0,2007.0,2007.0,2001.0
2021106556,タガノラデツキー,牝,高橋一哉,,ニューイヤーズデイ,000a014589,ラグタイム,2011102919,ディープインパクト,2002100816,八木良司,新冠タガノファーム,0.0,2011.0,2011.0,2002.0
2021106555,ヤマカツセレーヌの2021,牝,,,ワールドエース,2009106353,ヤマカツセレーヌ,2012101691,キングカメハメハ,2001103460,,新冠タガノファーム,0.0,2009.0,2012.0,2001.0
2021106546,アルムラジャスタン,牝,碇清次郎,,オルフェーヴル,2008102636,タガノトリオンフ,2012100505,ワイルドラッシュ,000a0003a1,崎川美枝子,新冠タガノファーム,0.0,2008.0,2012.0,1994.0
2021106545,タガノラウディー,牝,中尾秀正,,デクラレーションオブウォー,000a0136f6,タガノシャーロット,2013101730,シンボリクリスエス,1999110099,八木良司,新冠タガノファーム,0.0,2009.0,2013.0,1999.0
2021106543,タガノグラシアスの2021,牡,,,アレスバローズ,2012102017,タガノグラシアス,2016100523,キングズベスト,000a0022d2,,新冠タガノファーム,0.0,2012.0,2016.0,1997.0
2021106538,ダイシンペルル,牝,森澤友貴,,デクラレーションオブウォー,000a0136f6,アレキパ,2010103863,スペシャルウィーク,1995103211,大八木秀子,新冠タガノファーム,0.0,2009.0,2010.0,1995.0
2021106536,タガノグランエース,牝,鮫島一歩,,アニマルキングダム,000a011dad,アドマイヤシルク,2009106443,シンボリクリスエス,1999110099,八木良司,新冠タガノファーム,0.0,2008.0,2009.0,1999.0
2021106532,リップスライド,牝,天間昭一,,キンシャサノキセキ,2003110212,バイタルスタイル,2007101001,スペシャルウィーク,1995103211,手嶋康雄,新冠伊藤牧場,0.0,2003.0,2007.0,1995.0
2021106531,ノーブルジュピタの2021,牝,,,ラブリーデイ,2010104298,ノーブルジュピタ,2010105277,アドマイヤジュピタ,2003102883,,新冠伊藤牧場,0.0,2010.0,2010.0,2003.0
2021106530,ツァイホーン,牡,,,レインボーライン,2013106183,チュロ,2011100012,キングヘイロー,1995104427,,新冠伊藤牧場,0.0,2013.0,2011.0,1995.0
2021106527,ノーブルエレガンス,牝,倉地学,,ヴィクトワールピサ,2007102923,エイシンエレガンス,2015102869,ハービンジャー,000a011996,吉木伸彦,新冠伊藤牧場,0.0,2007.0,2015.0,2006.0
2021106515,コイスルカレン,牝,堀千亜樹,,カレンブラックヒル,2009106230,シゲルヨリツキ,2003100586,コマンダーインチーフ,000a0000b0,吉崎みどり,長浜秀昭,0.0,2009.0,2003.0,1990.0
2021106512,セレーネアイ,牝,畑端省吾,,ミッキーロケット,2013106099,オペラアイ,2000104483,オペラハウス,000a000d77,ノルマンディーサラブレッドレーシング,長浜秀昭,0.0,2013.0,2000.0,1988.0
2021106508,クインオブクインの2021,牡,,,トーセンラー,2008102985,クインオブクイン,2002102476,キングヘイロー,1995104427,,長浜忠,0.0,2008.0,2002.0,1995.0
2021106504,シアワセノカタチ,牝,杉山佳明,,アニマルキングダム,000a011dad,マリーゴールド,2017104607,スピルバーグ,2009105961,北前孔一郎,中本牧場,0.0,2008.0,2017.0,2009.0
2021106501,ジーティーサンサン,牝,大垣敏夫,,バゴ,2001190004,シルクヴェルサイユ,2008104712,スペシャルウィーク,1995103211,三岡有香,中本牧場,0.0,2001.0,2008.0,1995.0
2021106498,キーツヨイの2021,牡,,,コパノリッキー,2010106548,キーツヨイ,2002102567,タバスコキャット,000a000348,,中本牧場,0.0,2010.0,2002.0,1991.0
2021106496,エンジェルスマイルの2021,牡,,,ディープスカイ,2005101358,エンジェルスマイル,2016104699,エイシンフラッシュ,2007102951,,中本牧場,0.0,2005.0,2016.0,2007.0
2021106493,カナエチャンの2021,牡,,,ネロ,2011103722,カナエチャン,2008101997,マンハッタンカフェ,1998101554,,中本隆志,0.0,2011.0,2008.0,1998.0
2021106489,シーザライトの2021,牝,,,ワールドエース,2009106353,シーザライト,2015105553,ルーラーシップ,2007103143,,中村弘昭,0.0,2009.0,2015.0,2007.0
2021106478,トーセンウィズダムの2021,牝,,,スノードラゴン,2008104268,トーセンウィズダム,2015101131,トーセンロレンス,2009106085,,中地康弘,0.0,2008.0,2015.0,2009.0
2021106473,カカアデンカの2021,牡,,,バゴ,2001190004,カカアデンカ,2010100475,ステイゴールド,1994108729,,中地広大,0.0,2001.0,2010.0,1994.0
2021106470,ララクリストフル,牡,坂口智康,,アジアエクスプレス,2011110091,スーパーマダム,2010103717,タニノギムレット,1999100226,フジイ興産,土井牧場,0.0,2011.0,2010.0,1999.0
2021106467,リズムチャン,牝,,,ダブルスター,2009103518,ブラディーリッパー,2014103847,マツリダゴッホ,2003104570,,トモファーム,0.0,2009.0,2014.0,2003.0
2021106461,グローバルスカイ,牝,,,コパノリチャード,2010106552,スクワットゴールズ,2015105847,ナカヤマフェスタ,2006102424,,トモファーム,0.0,2010.0,2015.0,2006.0
2021106450,オルパダン,牡,村田一誠,,モーニン,2012110091,ヒシラスティ,2008104356,フサイチコンコルド,1993109220,鈴木康弘,飛渡牧場,0.0,2012.0,2008.0,1993.0
2021106445,サウンドビアンコ,牝,,,エスポワールシチー,2005102837,サウンドマジック,2014103373,トビーズコーナー,000a011fed,,飛渡牧場,0.0,2005.0,2014.0,2008.0
2021106437,ローレルメーゼの2021,牡,,,カレンブラックヒル,2009106230,ローレルメーゼ,2014100545,スマートファルコン,2005100097,,つつみ牧場,0.0,2009.0,2014.0,2005.0
2021106433,ピースフルブラボー,牝,戸田博文,,サンダースノー,000a013a06,ワンサイドゲーム,2009106132,ウォーエンブレム,000a00fa35,北嶋義三,津田牧場,0.0,2014.0,2009.0,1999.0
2021106427,ピースフルスマイル,牝,河津裕昭,,デクラレーションオブウォー,000a0136f6,ウインパレード,2006106240,アグネスデジタル,1997110025,北嶋義三,津田牧場,0.0,2009.0,2006.0,1997.0
2021106413,チュウオーサーヤの2021,牡,,,サトノダイヤモンド,2013106101,チュウオーサーヤ,2002107293,ディアブロ,000a0000e9,,中央牧場,0.0,2013.0,2002.0,1987.0
2021106404,ユメヲシンジテ,牝,古澤悟,,ダンカーク,000a012185,ユメノカケハシ,2007102940,デュランダル,1999106756,広瀬将嗣,大作ステーブル,0.0,2006.0,2007.0,1999.0
2021106401,タツアレックス,牡,的場均,,タツゴウゲキ,2012106426,メグリ,2007104224,フジキセキ,1992109618,鈴木伸幸,大作ステーブル,0.0,2012.0,2007.0,1992.0
2021106389,シャンパンコール,牝,川添明弘,,ダノンレジェンド,2010110102,シャンパンサーベル,2012100798,キンシャサノキセキ,2003110212,田頭勇貴,大作ステーブル,0.0,2010.0,2012.0,2003.0
2021106385,アイノグロワール,牡,,,スピルバーグ,2009105961,オルターネイティヴ,2000106581,タイキシャトル,1994109686,,大作ステーブル,0.0,2009.0,2000.0,1994.0
2021106383,ジョイフルメドレー,セ,根本康広,,カレンブラックヒル,2009106230,ロンデル,2015101638,キングズベスト,000a0022d2,田頭勇貴,大栄牧場,0.0,2009.0,2015.0,1997.0
2021106380,ドルフィンリング,牝,的場均,,ブラックタイド,2001103312,ペトロシネッラ,2015101646,Teofilo,000a01139e,田頭勇貴,大栄牧場,0.0,2001.0,2015.0,2004.0
2021106379,アエロプラニーノ,牡,中川雅之,,シルバーステート,2013105903,ドリームピーチ,2007104565,タップダンスシチー,1997110043,工藤圭介,大栄牧場,0.0,2013.0,2007.0,1997.0
2021106377,タカラフローリックの2021,牝,,,アジアエクスプレス,2011110091,タカラフローリック,2011104282,マンハッタンカフェ,1998101554,,大栄牧場,0.0,2011.0,2011.0,1998.0
2021106357,サクセスカウジー,牡,桜井拓章,,リアルインパクト,2008103244,サクセスアイニー,2007104540,ジャングルポケット,1998101786,高嶋哲,タニグチ牧場,0.0,2008.0,2007.0,1998.0
2021106355,ミルトヒーロー,牡,中竹和也,,ヴィクトワールピサ,2007102923,エリモインプレス,2003103506,エルコンドルパサー,1995108742,永山勝敏,タニグチ牧場,0.0,2007.0,2003.0,1995.0
2021106354,モズトップガン,牡,平田修,,ワールドエース,2009106353,ヴェルサイユパーク,2011104867,チチカステナンゴ,000a011135,キャピタル・システム,タニグチ牧場,0.0,2009.0,2011.0,1998.0
2021106344,ジュンクロヒョウ,牡,川田孝好,,ディーマジェスティ,2013104704,タマノエスペランサ,2010105618,ワイルドラッシュ,000a0003a1,河合純二,武田牧場,0.0,2013.0,2010.0,1994.0
2021106338,リヴァーダンス,牝,後藤佑耶,,ニューイヤーズデイ,000a014589,キープレイヤー,2011109135,メイショウボーラー,2001100650,有下河辺トレーニング,武田修一,0.0,2011.0,2011.0,2001.0
2021106337,グラビティカレント,牡,,,エスポワールシチー,2005102837,キャトルキャール,2005106592,サクラローレル,1991103498,,武田修一,0.0,2005.0,2005.0,1991.0
2021106336,モズブルーム,牡,荒川義之,,エピファネイア,2010104155,アキノクリンチ,2011101389,クロフネ,1998110135,キャピタル・システム,武田修一,0.0,2010.0,2011.0,1998.0
2021106329,アルボランシーの2021,牝,,,カレンブラックヒル,2009106230,アルボランシー,2008104594,ロックオブジブラルタル,000a00fd4c,,高瀬牧場,0.0,2009.0,2008.0,1999.0
2021106324,ナイフリッジ,牡,,,ダノンシャーク,2008105554,リバークルーズ,2012100330,マルカシェンク,2003102542,,スピードファーム,0.0,2008.0,2012.0,2003.0
2021106321,エメラルドフィジー,牝,加藤和宏,,アドミラブル,2014105979,フィジークルーズ,2008104568,スピードワールド,1994109494,スピードファーム,スピードファーム,0.0,2014.0,2008.0,1994.0
2021106319,ノーザー,牡,和田正一,,カレンブラックヒル,2009106230,ハートヴァイン,2009104756,スピードワールド,1994109494,スピードファーム,スピードファーム,0.0,2009.0,2009.0,1994.0
2021106317,キラーインキラーズ,牡,佐藤吉勝,,ミッキーグローリー,2013103999,キューバンマンボ,2014104833,スズカマンボ,2001103890,スピードファーム,スピードファーム,0.0,2013.0,2014.0,2001.0
2021106314,レッドヘザー,牝,桧森邦夫,,スマートファルコン,2005100097,マルゲリータ,2009104745,フィガロ,1995108837,田村義徳,スターファーム,0.0,2005.0,2009.0,1995.0
2021106312,エクレアローズの2021,牡,,,ヴェリーハード,2006101853,エクレアローズ,2008102575,グリーンアプローズ,1994109559,,スターファーム,0.0,2006.0,2008.0,1994.0
2021106309,ランウェイの2021,牝,,,キズナ,2010105827,ランウェイ,2012102699,キングカメハメハ,2001103460,,須崎牧場,0.0,2010.0,2012.0,2001.0
2021106306,プレイフォーユーの2021,牝,,,ベストウォーリア,2010110127,プレイフォーユー,2013105733,ハーツクライ,2001103038,,須崎牧場,0.0,2010.0,2013.0,2001.0
2021106302,テンプルツリーの2021,牝,,,アジアエクスプレス,2011110091,テンプルツリー,2013102098,ブラックタイド,2001103312,,須崎牧場,0.0,2011.0,2013.0,2001.0
2021106292,ダディーズブライト,牝,千田輝彦,,サトノダイヤモンド,2013106101,ケイティーズギフト,2002100852,フレンチデピュティ,000a00013a,田島大史,スカイビーチステーブル,0.0,2013.0,2002.0,1992.0
2021106289,ニューカップクロス,牝,,,ビーチパトロール,000a0141f9,ミスマリーン,2011104789,マヤノトップガン,1992102988,,シンユウファーム,0.0,2013.0,2011.0,1992.0
2021106287,セイカボアソナード,牡,相沢郁,,ノヴェリスト,000a012230,セイカハルカゼ,2016103362,グラスワンダー,1995108676,久米大,シンユウファーム,0.0,2009.0,2016.0,1995.0
2021106280,セプテントリオ,牝,佐藤吉勝,,ゴールドシップ,2009102739,マイネルーチェ,2004100789,スペシャルウィーク,1995103211,ビッグレッドファーム,シンカンファーム,0.0,2009.0,2004.0,1995.0
2021106279,マニフィコ,牝,和田勇介,,トゥザワールド,2011103975,マイネチャーム,2010105485,アグネスタキオン,1998101516,サラブレッドクラブ・ラフィアン,シンカンファーム,0.0,2011.0,2010.0,1998.0
2021106278,マイネカメリアの2021,牝,,,エイシンフラッシュ,2007102951,マイネカメリア,2009105164,ディープインパクト,2002100816,,シンカンファーム,0.0,2007.0,2009.0,2002.0
2021106272,シンカンミグフジの2021,牡,,,ミュゼスルタン,2012104118,シンカンミグフジ,2008104204,キャプテンスティーヴ,000a000d9d,,シンカンファーム,0.0,2012.0,2008.0,1997.0
2021106269,スカイミラージュ,牡,畠山信一,,ミュゼスルタン,2012104118,アゼリア,2012104287,ゼンノロブロイ,2000101517,吉田勝利,シンカンファーム,0.0,2012.0,2012.0,2000.0
2021106268,アヴィドの2021,牝,,,ミュゼスルタン,2012104118,アヴィド,2005104724,マヤノトップガン,1992102988,,シンカンファーム,0.0,2012.0,2005.0,1992.0
2021106263,フューココ,牡,飯田弘道,,オルフェーヴル,2008102636,サンシャインキッス,2014102224,ストリートセンス,000a0113a2,野村茂雄,サンローゼン,0.0,2008.0,2014.0,2004.0
2021106257,テアトロ,牡,南弘樹,,ロゴタイプ,2010103783,ラガッツァカリーナ,2013106070,ヴァーミリアン,2002100877,島井新一郎,佐藤牧場,0.0,2010.0,2013.0,2002.0
2021106254,ミヤギラプラス,牡,,,カリフォルニアクローム,000a012602,ベストフューチャー,2007104417,ロージズインメイ,000a010a10,,佐藤牧場,0.0,2011.0,2007.0,2000.0
2021106243,エムティダン,牡,米川昇,,アポロケンタッキー,2012110098,ブラックウィッチ,2004100203,ブラックホーク,1994109361,（株）門別牧場,佐藤静子,0.0,2012.0,2004.0,1994.0
2021106241,ケンタッキーセーラ,牝,,,アポロケンタッキー,2012110098,ヴィーナスゴスペル,2006105470,スペシャルウィーク,1995103211,,佐藤静子,0.0,2012.0,2006.0,1995.0
2021106234,ユイボンマッチ,牡,桜井拓章,,アジアエクスプレス,2011110091,タケノミリオン,2011105303,ハーツクライ,2001103038,森本研太,五丸農場,0.0,2011.0,2011.0,2001.0
2021106233,ジョウショービート,牡,,,バンドワゴン,2011104010,ジョウショーマンボ,2015100256,マルカシェンク,2003102542,,五丸農場,0.0,2011.0,2015.0,2003.0
2021106231,レッツゴーアーミー,牝,久保杉隆,,ヤングマンパワー,2012104685,ゴーゴーサンデー,2006104158,キングカメハメハ,2001103460,星野壽市,五丸農場,0.0,2012.0,2006.0,2001.0
2021106225,タイガーディーバ,牝,原口次夫,,コパノリッキー,2010106548,キングシスター,2002101949,キンググローリアス,000a000d48,伊藤和夫,小松隆弘,0.0,2010.0,2002.0,1986.0
2021106210,ウインウィズハート,牡,雑賀正光,,ジョーカプチーノ,2006100529,ココロチラリ,2009106012,エアジハード,1995107978,中野幸一,コスモヴューファーム,0.0,2006.0,2009.0,1995.0
2021106205,ゴールドカプチーノ,牝,沖田明子,,ハクサンムーン,2009102527,ウインミューズ,2013101436,ダイワメジャー,2001103114,伊勢光,コスモヴューファーム,0.0,2009.0,2013.0,2001.0
2021106202,ウインファビラスの2021,牝,畠山吉宏,,レイデオロ,2014106201,ウインファビラス,2013101453,ステイゴールド,1994108729,ウイン,コスモヴューファーム,0.0,2014.0,2013.0,1994.0
2021106181,サウンドルミネ,牝,村山明,,ヘニーヒューズ,000a011155,ヤサカシャイニー,2008104310,アドマイヤジャパン,2002102324,増田雄一,小泉牧場,0.0,2003.0,2008.0,2002.0
2021106174,サウンドプレジール,牝,斉藤崇史,,デクラレーションオブウォー,000a0136f6,サウンドガガ,2009110065,Roman Ruler,000a011480,増田雄一,小泉牧場,0.0,2009.0,2009.0,2002.0
2021106169,イナズマシルバー,牡,平田修,,シルバーステート,2013105903,グッドスカイ,2013106062,ステイゴールド,1994108729,小泉賢悟,小泉牧場,0.0,2013.0,2013.0,1994.0
2021106167,イナズマイーリスの2021,牡,,,ゴールドアクター,2011105266,イナズマイーリス,2012100212,ハーツクライ,2001103038,,小泉牧場,0.0,2011.0,2012.0,2001.0
2021106156,モンサンパヴァーヌ,牝,矢野英一,,サトノダイヤモンド,2013106101,レユシット,2015100170,ルーラーシップ,2007103143,山下新一,川島牧場,0.0,2013.0,2015.0,2007.0
2021106148,ヨリノサクラ,牝,竹内正洋,,エピファネイア,2010104155,キンショーダリヤ,2014104850,ダイワメジャー,2001103114,辻子依旦,川島牧場,0.0,2010.0,2014.0,2001.0
2021106146,ウインディサンデー,牝,根本康広,,レイデオロ,2014106201,カフジウインド,2011104651,ディープインパクト,2002100816,辻子依旦,川島牧場,0.0,2014.0,2011.0,2002.0
2021106144,ベニカケソラ,牡,杉浦宏昭,,サトノクラウン,2012104668,アカリ,2006101670,ネオユニヴァース,2000101426,山岸桂市,川島牧場,0.0,2012.0,2006.0,2000.0
2021106143,チョウノリノリ,牝,田中道夫,,スマートファルコン,2005100097,ペイデュソレイユ,2007102782,シンボリクリスエス,1999110099,丸山隆雄,上井農場,0.0,2005.0,2007.0,1999.0
2021106140,シアワセレシピ,牝,粕谷昌央,,ワールドエース,2009106353,タイキルナ,2005102757,タイキシャトル,1994109686,池田草龍,上井農場,0.0,2009.0,2005.0,1994.0
2021106137,シルバーフィズ,牝,大和田成,,シルバーステート,2013105903,アイアムジュエル,2005102365,アグネスタキオン,1998101516,池田草龍,上井農場,0.0,2013.0,2005.0,1998.0
2021106133,エスケイプリンセス,牝,,,ミッキーロケット,2013106099,マリノアマゾネス,2014100133,マンハッタンカフェ,1998101554,,カミイスタット,0.0,2013.0,2014.0,1998.0
2021106132,アーキル,牝,田村康仁,,レイデオロ,2014106201,マドレボニータ,2005102581,ジャングルポケット,1998101786,子安裕樹ＲＣ,カミイスタット,0.0,2014.0,2005.0,1998.0
2021106129,スプレス,牝,羽月友彦,,スクリーンヒーロー,2004103328,ヒシラストレディ,2009110115,Posse,000a01124c,阿部東亜子,カミイスタット,0.0,2004.0,2009.0,2000.0
2021106123,タカコーハク,牝,小野望,,ミッキーグローリー,2013103999,ミヤジサクラコ,2015103842,ロードカナロア,2008103552,八木光博,柏木一則,0.0,2013.0,2015.0,2008.0
2021106113,トウバレリーナの2021,牡,,,レーヴミストラル,2012104929,トウバレリーナ,2012104174,マンハッタンカフェ,1998101554,,海馬沢明,0.0,2012.0,2012.0,1998.0
2021106111,ガランティサーダの2021,牝,,,カレンブラックヒル,2009106230,ガランティサーダ,2008103103,ゼンノロブロイ,2000101517,,海馬沢明,0.0,2009.0,2008.0,2000.0
2021106110,プティサンティーユ,牝,本田優,,ヘニーヒューズ,000a011155,ロードライト,2015100128,ヴィクトワールピサ,2007102923,榊原源一郎,オリエント牧場,0.0,2003.0,2015.0,2007.0
2021106109,ペニーウエイトの2021,牝,,,アジアエクスプレス,2011110091,ペニーウエイト,2009104518,ダイワメジャー,2001103114,,オリエント牧場,0.0,2011.0,2009.0,2001.0
2021106107,シベルクーナ,牝,上原博之,,ダイワメジャー,2001103114,ファイヤードラゴン,2015102350,ジャングルポケット,1998101786,鈴木義孝,オリエント牧場,0.0,2001.0,2015.0,1998.0
2021106097,エアインハート,牡,秋田大助,,タリスマニック,000a013425,ヒロコファンタジー,2007105104,ゼンノロブロイ,2000101517,北原大史,大林ファーム,0.0,2013.0,2007.0,2000.0
2021106089,ヌーベルブリエ,牡,安部幸夫,,ホークビル,000a01327c,ペスカネラ,2014100253,ブラックタイド,2001103312,山口敦広,大狩部牧場,0.0,2013.0,2014.0,2001.0
2021106061,シエナフレイバー,牝,,,ヘニーヒューズ,000a011155,ベッラフレイバー,2013104931,マヤノトップガン,1992102988,,イワミ牧場,0.0,2003.0,2013.0,1992.0
2021106058,ノーブルクラウンの2021,牡,,,リオンディーズ,2013105915,ノーブルクラウン,2014105890,ゼンノロブロイ,2000101517,,イワミ牧場,0.0,2013.0,2014.0,2000.0
2021106045,ゴールドラン,牡,藤沢則雄,,シュヴァルグラン,2012104759,イシノエストック,2004100069,タバスコキャット,000a000348,谷岡正次,石田牧場,0.0,2012.0,2004.0,1991.0
2021106037,ブリックスラヴ,牝,斎藤誠,,ブリックスアンドモルタル,000a014377,ラヴザットマスタング,000a0143d1,Candy Ride,000a01132a,アラキファーム,アラキファーム,0.0,2014.0,2012.0,1999.0
2021106035,アラマサスナイパーの2021,牡,,,デクラレーションオブウォー,000a0136f6,アラマサスナイパー,2003100057,ステイゴールド,1994108729,,アラキファーム,0.0,2009.0,2003.0,1994.0
2021106031,モズテイクオフ,牡,藤岡健一,,シルバーステート,2013105903,レイバーリフォーム,2016104388,ルーラーシップ,2007103143,キャピタル・システム,安達牧場,0.0,2013.0,2016.0,2007.0
2021106017,リトルブラック,牝,菅原右吉,,ストゥディウム,2012106362,シュール,2014109067,ロードアルティマ,2000110026,森田徹,安達牧場,0.0,2012.0,2014.0,2000.0
2021105997,キタノエレガント,牝,,,アポロケンタッキー,2012110098,ステージワンスモア,2004100232,タニノギムレット,1999100226,,浅川牧場,0.0,2012.0,2004.0,1999.0
2021105995,レディプレステージ,牝,小桧山悟,,ビーチパトロール,000a0141f9,ロジナン,2012106230,ディープインパクト,2002100816,小林博雄,秋田牧場,0.0,2013.0,2012.0,2002.0
2021105987,ルージュアリエル,牝,矢嶋大樹,,レイデオロ,2014106201,レッドエルザ,2010110011,Smart Strike,000a00211c,東京ホースレーシング,レイクヴィラファーム,0.0,2014.0,2010.0,1992.0
2021105986,ベルメーテル,牝,西村真幸,,モーリス,2011100655,リトルダーリン,2008101078,ディープインパクト,2002100816,宮崎俊也,レイクヴィラファーム,0.0,2011.0,2008.0,2002.0
2021105983,ソーブエクスプレス,牝,杉山佳明,,アジアエクスプレス,2011110091,メジロルルド,2002100396,サンデーサイレンス,000a00033a,戸佐眞弓,レイクヴィラファーム,0.0,2011.0,2002.0,1986.0
2021105979,シホノヴェローチェ,牡,杉山佳明,,ダイワメジャー,2001103114,メジロジェニファー,2007102572,ホワイトマズル,1990109700,村瀬寛紀,レイクヴィラファーム,0.0,2001.0,2007.0,1990.0
2021105963,ストラスペイの2021,牝,,,リアルスティール,2012104889,ストラスペイ,2009106339,シンボリクリスエス,1999110099,,レイクヴィラファーム,0.0,2012.0,2009.0,1999.0
2021105950,キセキヒカル,牡,河内洋,,デクラレーションオブウォー,000a0136f6,ピュアダイヤモンド,2009105676,フジキセキ,1992109618,伊藤篤,習志野牧場,0.0,2009.0,2009.0,1992.0
2021105948,ブラウンシュバイク,牡,奥平雅士,,サトノアラジン,2011104063,マイルストーン,2007100726,タイキシャトル,1994109686,内田玄祥,ヤマイチ牧場,0.0,2011.0,2007.0,1994.0
2021105944,カンタベリーアース,牡,的場均,,ラブリーデイ,2010104298,ケンコウランハート,2004104264,タニノギムレット,1999100226,峰哲馬,ヤマイチ牧場,0.0,2010.0,2004.0,1999.0
2021105943,ケイアイセイラの2021,牝,,,モンテロッソ,000a011b05,ケイアイセイラ,2009104269,タイキシャトル,1994109686,,ヤマイチ牧場,0.0,2007.0,2009.0,1994.0
2021105935,クイーンズアームス,牝,水野貴広,,ダンカーク,000a012185,ピュアノアール,2012103910,ブラックタイド,2001103312,野村茂雄,橋本牧場,0.0,2006.0,2012.0,2001.0
2021105928,アンプリエールの2021,牡,,,レインボーライン,2013106183,アンプリエール,2007100549,バゴ,2001190004,,ホースガーデンしらおい,0.0,2013.0,2007.0,2001.0
2021105927,キュートクインビー,牝,荒山勝徳,,アポロケンタッキー,2012110098,アポロレレ,2011100029,ディープスカイ,2005101358,兼松康太,ホースガーデンしらおい,0.0,2012.0,2011.0,2005.0
2021105924,フィールザクイーン,牝,村上正和,,サトノクラウン,2012104668,フィールザビュウ,2000110184,Distant View,000a002161,櫻井正,平岡牧場,0.0,2012.0,2000.0,1991.0
2021105921,エムエスネオン,牝,,,サトノクラウン,2012104668,カラフル,2015104011,ブラックタイド,2001103312,,平岡牧場,0.0,2012.0,2015.0,2001.0
2021105908,ローガンサファイアの2021,牡,,,ハービンジャー,000a011996,ローガンサファイア,2010104200,ダイワメジャー,2001103114,,ノーザンファーム,0.0,2006.0,2010.0,2001.0
2021105906,リンドバーグ,セ,寺島良,,ドゥラメンテ,2012104511,ロベルタ,2008103143,ブライアンズタイム,000a000082,近藤英子,ノーザンファーム,0.0,2012.0,2008.0,1985.0
2021105900,レーヌクロード,牝,小栗実,,オルフェーヴル,2008102636,ロザリンド,2011103895,シンボリクリスエス,1999110099,吉田和美,ノーザンファーム,0.0,2008.0,2011.0,1999.0
2021105899,ロクセラーナの2021,牡,,,アドミラブル,2014105979,ロクセラーナ,2015105045,キングカメハメハ,2001103460,,ノーザンファーム,0.0,2014.0,2015.0,2001.0
2021105893,アストラエルナ,牝,,,ルーラーシップ,2007103143,レーヴデトワール,2011104124,ゼンノロブロイ,2000101517,,ノーザンファーム,0.0,2007.0,2011.0,2000.0
2021105892,リアソール,牝,萩原清,,ロードカナロア,2008103552,レーヴディソール,2008103374,アグネスタキオン,1998101516,サンデーレーシング,ノーザンファーム,0.0,2008.0,2008.0,1998.0
2021105891,トルタディメーレ,牝,橋口慎介,,モーリス,2011100655,レネットグルーヴ,2010104041,キングカメハメハ,2001103460,キャロットファーム,ノーザンファーム,0.0,2011.0,2010.0,2001.0
2021105884,フランブルー,牡,斉藤崇史,,Saxon Warrior,2015100991,レッドティー,000a01a8f1,Sakhee,000a010bed,林正道,ノーザンファーム,0.0,2015.0,2013.0,1997.0
2021105876,レイズアンドコールの2021,牡,奥村豊,,サトノダイヤモンド,2013106101,レイズアンドコール,2001103471,サクラバクシンオー,1989108341,東京ホースレーシング,ノーザンファーム,0.0,2013.0,2001.0,1989.0
2021105869,ルヴォワールの2021,牡,,,サトノクラウン,2012104668,ルヴォワール,2014106218,ハーツクライ,2001103038,,ノーザンファーム,0.0,2012.0,2014.0,2001.0
2021105858,リップスポイズンの2021,牝,,,サトノダイヤモンド,2013106101,リップスポイズン,000a011d98,Mamool,000a011cde,,ノーザンファーム,0.0,2013.0,2008.0,1999.0
2021105854,ナイトクラウン,牡,久保田貴,,ニューイヤーズデイ,000a014589,リコリス,2006103235,シンボリクリスエス,1999110099,諸江幸祐,ノーザンファーム,0.0,2011.0,2006.0,1999.0
2021105852,クラペ,牝,中川公成,,リアルスティール,2012104889,リアリサトリス,000a011dd1,Numerous,000a002191,サンデーレーシング,ノーザンファーム,0.0,2012.0,2008.0,1991.0
2021105850,アニタ,牝,武幸四郎,,モーリス,2011100655,リアアントニア,000a01294c,Rockport Harbor,000a0111ff,シルクレーシング,ノーザンファーム,0.0,2011.0,2011.0,2002.0
2021105848,リコリコ,牝,村田一誠,,ドレフォン,000a013b82,ランニングボブキャッツ,000a0121b7,Running Stag,000a010002,カカムーチョレーシング,ノーザンファーム,0.0,2013.0,2002.0,1994.0
2021105841,メイケイアリッサム,牝,中竹和也,,ミッキーアイル,2011103916,ラファダリ,2009102636,シングスピール,1992190005,名古屋競馬,ノーザンファーム,0.0,2011.0,2009.0,1992.0
2021105834,モンジュイック,牝,萩原清,,Justify,000a013f2d,ラサルダン,000a01b941,Kingsalsa,000a010eea,吉田勝己,ノーザンファーム,0.0,2015.0,2014.0,1996.0
2021105832,ダブルイプシロン,牝,矢作芳人,,レイデオロ,2014106201,ラキシス,2010104304,ディープインパクト,2002100816,大島昌也,ノーザンファーム,0.0,2014.0,2010.0,2002.0
2021105823,ダノンモンブラン,牡,中内田充,,ロードカナロア,2008103552,ヤンキーローズ,000a013bb2,All American,000a013b22,ダノックス,ノーザンファーム,0.0,2008.0,2013.0,2005.0
2021105809,ハッピージャズ,牡,高橋文雅,,ロードカナロア,2008103552,ミリッサ,2014105951,ダイワメジャー,2001103114,吉田和美,ノーザンファーム,0.0,2008.0,2014.0,2001.0
2021105806,ミッキーダイヤ,牡,,,ロードカナロア,2008103552,ミッキークイーン,2012104870,ディープインパクト,2002100816,,ノーザンファーム,0.0,2008.0,2012.0,2002.0
2021105804,アートワーク,牡,斉藤崇史,,ドゥラメンテ,2012104511,ミスドバウィ,2013110037,Dubawi,000a0115e2,林正道,ノーザンファーム,0.0,2012.0,2013.0,2002.0
2021105798,ヘルス,牡,手塚貴久,,ロードカナロア,2008103552,ミカリーニョ,2015105023,ハーツクライ,2001103038,馬場幸夫,ノーザンファーム,0.0,2008.0,2015.0,2001.0
2021105793,グシュタッドパレス,牝,池田忠好,,ハービンジャー,000a011996,マンハイム,2014106169,ダイワメジャー,2001103114,鶴俊邦,ノーザンファーム,0.0,2006.0,2014.0,2001.0
2021105791,プティトゥ,牝,石橋守,,サトノクラウン,2012104668,マンディ,2014106170,ディープインパクト,2002100816,キーファーズ,ノーザンファーム,0.0,2012.0,2014.0,2002.0
2021105782,ルミナスティ,牝,加藤征弘,,ドゥラメンテ,2012104511,マイハッピーフェイス,000a014417,Tiz Wonderful,000a011c23,キャロットファーム,ノーザンファーム,0.0,2012.0,2010.0,2004.0
2021105781,マイティースルーの2021,牡,,,ハービンジャー,000a011996,マイティースルー,2006103249,クロフネ,1998110135,キャロットファーム,ノーザンファーム,0.0,2006.0,2006.0,1998.0
2021105770,ペルペテュイテ,牝,,,ミッキーアイル,2011103916,ペルペトゥオ,2015110069,Pioneerof the Nile,000a0122f5,Ｇ１レーシング,ノーザンファーム,0.0,2011.0,2015.0,2006.0
2021105766,ベルディーヴァの2021,牝,,,レイデオロ,2014106201,ベルディーヴァ,2012104760,ダイワメジャー,2001103114,,ノーザンファーム,0.0,2014.0,2012.0,2001.0
2021105762,ベアインマインドの2021,牡,,,ルーラーシップ,2007103143,ベアインマインド,2013105794,ディープインパクト,2002100816,,ノーザンファーム,0.0,2007.0,2013.0,2002.0
2021105756,プレシャライジングの2021,牝,,,ハーツクライ,2001103038,プレシャライジング,000a013f6d,Henrythenavigator,000a0116fd,,ノーザンファーム,0.0,2001.0,2010.0,2005.0
2021105754,ファロウ,牡,斎藤誠,,ニューイヤーズデイ,000a014589,プリームス,2009106399,フジキセキ,1992109618,林正道,ノーザンファーム,0.0,2011.0,2009.0,1992.0
2021105751,マテンロウソル,牝,四位洋文,,ブリックスアンドモルタル,000a014377,プリモンディアル,2011104026,ディープインパクト,2002100816,寺田千代乃,ノーザンファーム,0.0,2014.0,2011.0,2002.0
2021105748,ボリンジャーバンド,牝,黒岩陽一,,ドゥラメンテ,2012104511,プライストトゥパーフェクション,000a014418,Temple City,000a012a6a,吉田和美,ノーザンファーム,0.0,2012.0,2013.0,2005.0
2021105745,ブールアンブレス,牝,櫻井今朝,,モーリス,2011100655,ブレッシングテレサ,2013105765,マンハッタンカフェ,1998101554,遠藤喜和,ノーザンファーム,0.0,2011.0,2013.0,1998.0
2021105741,ブリーチング,牝,桜井拓章,,サトノクラウン,2012104668,ブリガアルタ,2013106057,コンデュイット,2005190006,吉田和美,吉田俊介,0.0,2012.0,2013.0,2005.0
2021105737,クイーンズクラウン,牝,宮田敬介,,キズナ,2010105827,ブラックエンブレム,2005102480,ウォーエンブレム,000a00fa35,シルクレーシング,ノーザンファーム,0.0,2010.0,2005.0,1999.0
2021105735,フローレスマジックの2021,牡,,,レイデオロ,2014106201,フローレスマジック,2014106151,ディープインパクト,2002100816,,ノーザンファーム,0.0,2014.0,2014.0,2002.0
2021105726,フェルミオンの2021,牡,,,マインドユアビスケッツ,000a01392e,フェルミオン,2006103313,アグネスタキオン,1998101516,,ノーザンファーム,0.0,2013.0,2006.0,1998.0
2021105725,プリンセスプリン,牝,藤原英昭,,ミッキーアイル,2011103916,フェイトカラー,2011103781,サクラバクシンオー,1989108341,ラ・メール,ノーザンファーム,0.0,2011.0,2011.0,1989.0
2021105720,ホウオウルーセント,牝,高柳瑞樹,,ルーラーシップ,2007103143,ファシネートダイア,2009106248,アグネスタキオン,1998101516,小笹芳央,ノーザンファーム,0.0,2007.0,2009.0,1998.0
2021105717,フルスコア,牝,田中博康,,ロードカナロア,2008103552,ファイナルスコア,000a013c70,Dylan Thomas,000a011072,シルクレーシング,ノーザンファーム,0.0,2008.0,2011.0,2003.0
2021105712,ピュアチャプレットの2021,牡,,,レイデオロ,2014106201,ピュアチャプレット,2006103306,クロフネ,1998110135,,ノーザンファーム,0.0,2014.0,2006.0,1998.0
2021105705,ヒストリックレディの2021,牡,,,レイデオロ,2014106201,ヒストリックレディ,2010104245,ネオユニヴァース,2000101426,,ノーザンファーム,0.0,2014.0,2010.0,2000.0
2021105703,パールドロップ,牝,坂口智康,,イスラボニータ,2011103565,パーリーアヴェニュー,000a013e3c,Anabaa,000a0022e2,サンデーレーシング,ノーザンファーム,0.0,2011.0,2010.0,1992.0
2021105698,パロネラの2021,牝,,,エピファネイア,2010104155,パロネラ,2016104861,ロードカナロア,2008103552,,ノーザンファーム,0.0,2010.0,2016.0,2008.0
2021105697,スパルティート,牝,和田正一,,ブリックスアンドモルタル,000a014377,パルティトゥーラ,2014106097,マンハッタンカフェ,1998101554,キャロットファーム,ノーザンファーム,0.0,2014.0,2014.0,1998.0
2021105693,リケアルージュ,牝,澤佳宏,,リアルインパクト,2008103244,バランセラ,000a011522,Acatenango,000a001f0b,稲場澄,ノーザンファーム,0.0,2008.0,2001.0,1982.0
2021105691,リルト,牝,高橋一哉,,ロードカナロア,2008103552,バウンスシャッセ,2011104105,ゼンノロブロイ,2000101517,キャロットファーム,ノーザンファーム,0.0,2008.0,2011.0,2000.0
2021105685,ソーブルーム,牝,高橋文雅,,スワーヴリチャード,2014106083,ハクモクレン,2016110138,シャンハイボビー,000a0127e4,吉田和美,ノーザンファーム,0.0,2014.0,2016.0,2010.0
2021105683,ドレス,牝,清水久詞,,ドレフォン,000a013b82,ハイヒール,2015104910,トーセンホマレボシ,2009106092,石川達絵,ノーザンファーム,0.0,2013.0,2015.0,2009.0
2021105679,ドナウワルツ,牝,手塚貴久,,モーリス,2011100655,ドナウブルー,2008103250,ディープインパクト,2002100816,サンデーレーシング,ノーザンファーム,0.0,2011.0,2008.0,2002.0
2021105678,クラシカルチェリー,牝,,,モーリス,2011100655,トーセンソレイユ,2010104045,ネオユニヴァース,2000101426,,ノーザンファーム,0.0,2011.0,2010.0,2000.0
2021105674,ビートメイカー,牝,大竹正博,,スワーヴリチャード,2014106083,トップライナーII,000a011e13,サンダーガルチ,000a00035c,キャロットファーム,ノーザンファーム,0.0,2014.0,2002.0,1992.0
2021105667,クエントマジェスタ,牡,田中克典,,マジェスティックウォリアー,000a011e9c,ディープストーリー,2010104352,ディープインパクト,2002100816,シルクレーシング,ノーザンファーム,0.0,2005.0,2010.0,2002.0
2021105666,バラスルビー,牡,福永祐一,,ロードカナロア,2008103552,ディープジュエリー,2012104666,ディープインパクト,2002100816,吉田勝己,ノーザンファーム,0.0,2008.0,2012.0,2002.0
2021105665,マハーワンサ,牡,,,ドゥラメンテ,2012104511,ディーパワンサ,2014106144,ディープブリランテ,2009105084,キャロットファーム,ノーザンファーム,0.0,2012.0,2014.0,2009.0
2021105664,キタサンミューズ,牝,五十嵐冬,,キタサンブラック,2012102013,ディステイン,000a013e3e,Champs Elysees,000a012551,大野商事,ノーザンファーム,0.0,2012.0,2012.0,2003.0
2021105663,ディオジェーヌの2021,牝,,,エピファネイア,2010104155,ディオジェーヌ,2010104264,ディープインパクト,2002100816,,ノーザンファーム,0.0,2010.0,2010.0,2002.0
2021105658,テディーズプロミスの2021,牡,,,リアルスティール,2012104889,テディーズプロミス,000a012f0a,Salt Lake,000a001f5a,,ノーザンファーム,0.0,2012.0,2008.0,1989.0
2021105651,オールライズ,牡,大竹正博,,モーリス,2011100655,ツルマルワンピース,2008101894,キングカメハメハ,2001103460,シルクレーシング,ノーザンファーム,0.0,2011.0,2008.0,2001.0
2021105649,チャームドヴェールの2021,牝,,,ドレフォン,000a013b82,チャームドヴェール,2010104052,ネオユニヴァース,2000101426,,ノーザンファーム,0.0,2013.0,2010.0,2000.0
2021105644,ギガル,牝,中内田充,,キズナ,2010105827,チェリーコレクト,000a012130,Oratorio,000a010d4e,藤田晋,ノーザンファーム,0.0,2010.0,2009.0,2002.0
2021105638,ダノンマヤ,牝,,,ミッキーロケット,2013106099,ダノンアモーレ,2015104694,ディープインパクト,2002100816,,ノーザンファーム,0.0,2013.0,2015.0,2002.0
2021105634,タンザナイトの2021,牡,,,ニューイヤーズデイ,000a014589,タンザナイト,2000101554,サンデーサイレンス,000a00033a,,ノーザンファーム,0.0,2011.0,2000.0,1986.0
2021105632,キーノート,牡,高野友和,,モーリス,2011100655,タッチングスピーチ,2012104906,ディープインパクト,2002100816,サンデーレーシング,ノーザンファーム,0.0,2011.0,2012.0,2002.0
2021105631,オズリック,牡,西田雄一,,サトノクラウン,2012104668,タイトルパート,2006103260,アグネスタキオン,1998101516,吉田和美,ノーザンファーム,0.0,2012.0,2006.0,1998.0
2021105629,ソーディヴァインの2021,牡,西村真幸,,モーリス,2011100655,ソーディヴァイン,2013105956,キンシャサノキセキ,2003110212,シルクレーシング,ノーザンファーム,0.0,2011.0,2013.0,2003.0
2021105627,ソプラニスタ,牡,田中博康,,リオンディーズ,2013105915,ソングバード,2004103030,ダンスインザダーク,1993109188,Ｇ１レーシング,ノーザンファーム,0.0,2013.0,2004.0,1993.0
2021105620,リコルディーノ,牝,小笠倫弘,,リアルスティール,2012104889,スーヴェニアギフト,000a010ac6,Souvenir Copy,000a00fc4e,吉田勝己,ノーザンファーム,0.0,2012.0,2002.0,1995.0
2021105595,ジングルベルロックの2021,牡,,,スワーヴリチャード,2014106083,ジングルベルロック,2013110036,ロックオブジブラルタル,000a00fd4c,,ノーザンファーム,0.0,2014.0,2013.0,1999.0
2021105586,エヴァンジェリーナ,牝,斉藤崇史,,モーリス,2011100655,ジェンティルドンナ,2009106253,ディープインパクト,2002100816,サンデーレーシング,ノーザンファーム,0.0,2011.0,2009.0,2002.0
2021105573,ハイランドヒロイン,牝,山田和久,,レイデオロ,2014106201,シンシアズブレス,2013105847,ダイワメジャー,2001103114,日向英二,ノーザンファーム,0.0,2014.0,2013.0,2001.0
2021105568,ピラージライト,牡,矢作芳人,,リアルスティール,2012104889,シルヴァースカヤ,000a0117fe,Silver Hawk,000a0019b4,サンデーレーシング,ノーザンファーム,0.0,2012.0,2001.0,1979.0
2021105566,シュクルノアール,牝,辻野泰之,,キタサンブラック,2012102013,シュクルダール,2014105703,シンボリクリスエス,1999110099,シルクレーシング,ノーザンファーム,0.0,2012.0,2014.0,1999.0
2021105551,ザマッケムブレットの2021,牝,,,キズナ,2010105827,ザマッケムブレット,000a01451c,Society Rock,000a01451d,,ノーザンファーム,0.0,2010.0,2016.0,2007.0
2021105547,ジョリスリール,牝,尾関知人,,ドレフォン,000a013b82,サンデースマイルII,000a01165a,サンデーサイレンス,000a00033a,シルクレーシング,ノーザンファーム,0.0,2013.0,2003.0,1986.0
2021105545,ルージュアイトーン,牝,宮田敬介,,キズナ,2010105827,サンタフェチーフ,2012110011,Wiesenpfad,000a0122bf,東京ホースレーシング,ノーザンファーム,0.0,2010.0,2012.0,2003.0
2021105542,ルージュロンサール,牝,高橋義忠,,モーリス,2011100655,サンエルピス,2011104024,キングカメハメハ,2001103460,三田昌宏,ノーザンファーム,0.0,2011.0,2011.0,2001.0
2021105539,デタシェ,牡,西園正都,,ラブリーデイ,2010104298,サルタート,2014105780,ゴールドアリュール,1999106689,サンデーレーシング,ノーザンファーム,0.0,2010.0,2014.0,1999.0
2021105535,サバンナズチョイスの2021,牡,,,ドゥラメンテ,2012104511,サバンナズチョイス,000a01460f,Redoute's Choice,000a00fe93,,ノーザンファーム,0.0,2012.0,2007.0,1996.0
2021105527,ゴージャスゴールド,牝,高橋亮,,ダイワメジャー,2001103114,ゴールドエッセンス,2012104748,キングカメハメハ,2001103460,サンデーレーシング,ノーザンファーム,0.0,2001.0,2012.0,2001.0
2021105525,ホーリーゴールド,牝,小栗実,,オルフェーヴル,2008102636,コーラルプリンセス,2014106136,クロフネ,1998110135,吉田和美,ノーザンファーム,0.0,2008.0,2014.0,1998.0
2021105523,ユアシンフォニー,牝,,,ロードカナロア,2008103552,コンドコマンド,000a012f06,Tiz Wonderful,000a011c23,,ノーザンファーム,0.0,2008.0,2012.0,2004.0
2021105514,セラドングリーン,牡,萩原清,,ブラックタイド,2001103312,グレーパール,2013105818,クロフネ,1998110135,金子真人ホールディングス,ノーザンファーム,0.0,2001.0,2013.0,1998.0
2021105513,レベルソ,牝,高橋亮,,ニューイヤーズデイ,000a014589,グレイトフルデッド,2012104548,ハーツクライ,2001103038,市川義美ホールディングス,ノーザンファーム,0.0,2011.0,2012.0,2001.0
2021105510,オーデンヴァルト,牝,林徹,,ロードカナロア,2008103552,グリューネワルト,2007103195,スペシャルウィーク,1995103211,キャロットファーム,ノーザンファーム,0.0,2008.0,2007.0,1995.0
2021105505,クロノネクサス,牝,斉藤崇史,,レイデオロ,2014106201,クロノロジスト,2003103047,クロフネ,1998110135,サンデーレーシング,ノーザンファーム,0.0,2014.0,2003.0,1998.0
2021105498,イーストオブエデン,牝,菊沢隆徳,,モーリス,2011100655,クッカーニャ,2009106254,フジキセキ,1992109618,シルクレーシング,ノーザンファーム,0.0,2011.0,2009.0,1992.0
2021105497,クイーンビーIIの2021,牝,,,サトノダイヤモンド,2013106101,クイーンビーII,000a012e2e,Le Havre,000a01198f,,ノーザンファーム,0.0,2013.0,2012.0,2006.0
2021105490,ルージュセレスト,牝,池江泰寿,,シュヴァルグラン,2012104759,ギエナー,2014110116,Redoute's Choice,000a00fe93,東京ホースレーシング,ノーザンファーム,0.0,2012.0,2014.0,1996.0
2021105483,キャリースピン,牝,田中博康,,リアルスティール,2012104889,キャッチータイトル,2003102900,オペラハウス,000a000d77,サンデーレーシング,ノーザンファーム,0.0,2012.0,2003.0,1988.0
2021105482,ヒシアマレット,牝,清水久詞,,ブリックスアンドモルタル,000a014377,ガールオンファイア,2009106401,アグネスタキオン,1998101516,阿部雅英,ノーザンファーム,0.0,2014.0,2009.0,1998.0
2021105481,アントニア,牝,,,キズナ,2010105827,ガートルード,2011103769,ジャングルポケット,1998101786,,ノーザンファーム,0.0,2010.0,2011.0,1998.0
2021105469,カラフルブラッサムの2021,牡,,,ロードカナロア,2008103552,カラフルブラッサム,2010104227,ハーツクライ,2001103038,,ノーザンファーム,0.0,2008.0,2010.0,2001.0
2021105463,シエルサンリミット,牡,加藤士津,,ブリックスアンドモルタル,000a014377,オーロトラジェ,2016104637,オルフェーヴル,2008102636,ライオンレースホース,ノーザンファーム,0.0,2014.0,2016.0,2008.0
2021105461,アスクオーバーマン,牡,,,スワーヴリチャード,2014106083,オールドタイムワルツ,000a01435b,War Front,000a011d00,,ノーザンファーム,0.0,2014.0,2014.0,2002.0
2021105460,チェルビック,牝,池添学,,アルアイン,2014106046,オールザウェイベイビー,000a010fb1,Grand Slam,000a0022b9,シルクレーシング,ノーザンファーム,0.0,2014.0,2000.0,1995.0
2021105456,メイケイノヴァ,牝,武英智,,リオンディーズ,2013105915,オーシャンビーナス,2008103301,リンカーン,2000101561,名古屋競馬,ノーザンファーム,0.0,2013.0,2008.0,2000.0
2021105452,オンディナドバイの2021,牡,,,ドゥラメンテ,2012104511,オンディナドバイ,000a0169e3,E Dubai,000a010a94,,ノーザンファーム,0.0,2012.0,2016.0,1998.0
2021105450,エンシェントヒルの2021,牡,,,サトノアラジン,2011104063,エンシェントヒル,2001103297,エンドスウィープ,000a00010f,,ノーザンファーム,0.0,2011.0,2001.0,1991.0
2021105445,ハットルグリムス,牡,宮田敬介,,モーリス,2011100655,エルノルテ,2011103899,ディープインパクト,2002100816,吉田勝己,ノーザンファーム,0.0,2011.0,2011.0,2002.0
2021105439,エピセアロームの2021,牡,,,レイデオロ,2014106201,エピセアローム,2009106383,ダイワメジャー,2001103114,,ノーザンファーム,0.0,2014.0,2009.0,2001.0
2021105411,チャンドラ,牡,藤原英昭,,ブラックタイド,2001103312,ウィンターコスモス,2007103360,キングカメハメハ,2001103460,金子真人ホールディングス,ノーザンファーム,0.0,2001.0,2007.0,2001.0
2021105404,ジャスティンローマ,牡,鹿戸雄一,,ドゥラメンテ,2012104511,インナーレルム,000a013895,Galileo,000a00232b,三木正浩,ノーザンファーム,0.0,2012.0,2008.0,1998.0
2021105402,レグラデオロ,牝,蛯名正義,,レイデオロ,2014106201,イルーシヴグレイス,2015104684,ディープインパクト,2002100816,シルクレーシング,ノーザンファーム,0.0,2014.0,2015.0,2002.0
2021105400,イリデッサの2021,牡,[西],,No Nay Never,000a013cf5,イリデッサ,000a01a8f3,Ruler of The World,000a0121e2,サンデーレーシング,ノーザンファーム,0.0,2011.0,2016.0,2010.0
2021105393,アンフォルメル,牡,板垣吉則,,ドゥラメンテ,2012104511,アールブリュット,2012104535,マクフィ,000a011c77,キャロットファーム,ノーザンファーム,0.0,2012.0,2012.0,2007.0
2021105378,ジョリアンジュ,牝,佐々木晶,,エピファネイア,2010104155,アメリ,2010104018,Distorted Humor,000a0022ea,サンデーレーシング,ノーザンファーム,0.0,2010.0,2010.0,1993.0
2021105377,レトリカル,牡,高柳大輔,,ダイワメジャー,2001103114,アピールII,000a012f7f,Selkirk,000a001fab,キャロットファーム,ノーザンファーム,0.0,2001.0,2008.0,1988.0
2021105363,ハンターバローズ,牡,友道康夫,,ルーラーシップ,2007103143,アドマイヤアロー,2014103382,ワークフォース,000a011a7f,猪熊広次,ノーザンファーム,0.0,2007.0,2014.0,2007.0
2021105359,アッファシナンテ,牝,高野友和,,キズナ,2010105827,アディクティド,000a011a9f,ディクタット,1995190007,キャロットファーム,ノーザンファーム,0.0,2010.0,2006.0,1995.0
2021105357,ミュジニー,牝,高橋文雅,,ルーラーシップ,2007103143,アソルータ,2008103297,ゼンノロブロイ,2000101517,雅苑興業,ノーザンファーム,0.0,2007.0,2008.0,2000.0
2021105355,アステリックスの2021,牡,,,レイデオロ,2014106201,アステリックス,2010104011,ネオユニヴァース,2000101426,,ノーザンファーム,0.0,2014.0,2010.0,2000.0
2021105350,アクセッション,牝,櫻井拓章,,レイデオロ,2014106201,アヴェンチュラ,2008103078,ジャングルポケット,1998101786,吉田和美,ノーザンファーム,0.0,2014.0,2008.0,1998.0
2021105343,ブラックジョワ,牝,大塚信次,,サトノアラジン,2011104063,ファニーママ,2006102546,ロサード,1996107429,大黒富美子,習志野牧場,0.0,2011.0,2006.0,1996.0
2021105341,クリスザブラック,牝,清水英克,,ブラックタイド,2001103312,クリスチャンパール,2006102531,シンボリクリスエス,1999110099,ユートピア牧場,習志野牧場,0.0,2001.0,2006.0,1999.0
2021105338,エイダイテンシ,牡,,,トゥザワールド,2011103975,ディーズエフォート,2015101833,ヘニーヒューズ,000a011155,,東振牧場,0.0,2011.0,2015.0,2003.0
2021105337,トーアポリネシアの2021,牝,,,ベストウォーリア,2010110127,トーアポリネシア,2014102808,キンシャサノキセキ,2003110212,,トーア牧場,0.0,2010.0,2014.0,2003.0
2021105326,エリーナハーラーの2021,牡,,,ビッグアーサー,2011103328,エリーナハーラー,2015109088,ヨハネスブルグ,000a0103b9,,ゼットステーブル,0.0,2011.0,2015.0,1999.0
2021105323,コトブキローズ,牝,田島俊明,,マクフィ,000a011c77,ルミノアルマース,2011102790,ダイワメジャー,2001103114,尾上松壽,青藍牧場,0.0,2007.0,2011.0,2001.0
2021105320,マゼラン,牡,森田直行,,アドミラブル,2014105979,ティイ,2015103982,エイシンフラッシュ,2007102951,近藤英子,青藍牧場,0.0,2014.0,2015.0,2007.0
2021105319,ショウナンタイトル,牡,,,ドゥラメンテ,2012104511,ショウナンバーチ,2015103977,ディープインパクト,2002100816,,青藍牧場,0.0,2012.0,2015.0,2002.0
2021105318,ルポルポラン,牝,,,フラットライナーズ,2012104995,ファッションハート,2003100043,シャンハイ,000a000d73,,ストロベリーフィールドファーム,0.0,2012.0,2003.0,1989.0
2021105317,エクラエル,牝,小野望,,ホールウォーカー,2003105250,ニシエイビュレット,2005102940,タヤスツヨシ,1992109612,（有）太盛,ストロベリーフィールドファーム,0.0,2003.0,2005.0,1992.0
2021105314,ルージュグレイシア,牝,高柳瑞樹,,ドゥラメンテ,2012104511,ドライヴンスノー,000a012f78,Storm Cat,000a001a98,東京ホースレーシング,社台牧場,0.0,2012.0,2006.0,1983.0
2021105311,クイーンズアドヴァイスの2021,牡,友道康夫,,ハーツクライ,2001103038,クイーンズアドヴァイス,000a013799,Orpen,000a002326,東京ホースレーシング,社台牧場,0.0,2001.0,2010.0,1996.0
2021105309,ユネバウォクアロン,牡,森山雄大,,ビッグアーサー,2011103328,オウケンダイヤ,2013103572,オウケンマジック,2006104477,山邉浩,社台牧場,0.0,2011.0,2013.0,2006.0
2021105304,ポーラーウインド,牡,伊藤圭三,,ダイワメジャー,2001103114,ワイルドウインド,000a013879,Danehill Dancer,000a002309,社台レースホース,社台ファーム,0.0,2001.0,2008.0,1993.0
2021105303,ラインメジャー,牡,水野貴広,,ダイワメジャー,2001103114,ロールラフィネ,2016105298,Medaglia d'Oro,000a010a65,大澤繁昌,社台ファーム,0.0,2001.0,2016.0,1999.0
2021105301,ベイジーニョ,牝,田中剛,,リアルインパクト,2008103244,ロッタラブ,2014105745,タートルボウル,000a012045,加藤誠,社台ファーム,0.0,2008.0,2014.0,2002.0
2021105293,ナリタエスポワール,牡,高橋亮,,サトノクラウン,2012104668,レッドミラベル,2014105575,ステイゴールド,1994108729,オースミ,社台ファーム,0.0,2012.0,2014.0,1994.0
2021105292,レッドマニッシュの2021,牝,,,キタサンブラック,2012102013,レッドマニッシュ,2010103781,シンボリクリスエス,1999110099,,社台ファーム,0.0,2012.0,2010.0,1999.0
2021105288,レッドオーヴァルの2021,牡,,,エピファネイア,2010104155,レッドオーヴァル,2010103743,ディープインパクト,2002100816,,社台ファーム,0.0,2010.0,2010.0,2002.0
2021105284,レイヨンヴェールの2021,牡,,,クリエイターII,000a013630,レイヨンヴェール,2011104196,ゴールドアリュール,1999106689,,社台ファーム,0.0,2013.0,2011.0,1999.0
2021105279,ルコンセールの2021,牝,,,マインドユアビスケッツ,000a01392e,ルコンセール,2015104399,キンシャサノキセキ,2003110212,,社台ファーム,0.0,2013.0,2015.0,2003.0
2021105278,リーサルヒートの2021,牡,,,ブラックタイド,2001103312,リーサルヒート,000a011d32,Unusual Heat,000a0118fe,,社台ファーム,0.0,2001.0,2005.0,1990.0
2021105259,ラヴファンシフルの2021,牝,,,シュヴァルグラン,2012104759,ラヴファンシフル,2015104427,ハービンジャー,000a011996,,社台ファーム,0.0,2012.0,2015.0,2006.0
2021105254,メープルリキュールの2021,牡,,,レッドファルクス,2011104416,メープルリキュール,2015104623,オルフェーヴル,2008102636,,社台ファーム,0.0,2011.0,2015.0,2008.0
2021105248,ワンライトムーン,牡,茶木太樹,,シニスターミニスター,000a011099,ミュージックアワー,2004103308,アグネスタキオン,1998101516,宮本育也,社台ファーム,0.0,2003.0,2004.0,1998.0
2021105239,クルンパコイス,牝,,,ハーツクライ,2001103038,マダムダンスアロット,000a014410,Sir Prancealot,000a01423f,,社台ファーム,0.0,2001.0,2014.0,2010.0
2021105233,ホウオウモンロー,牝,池上昌和,,ハービンジャー,000a011996,ホウオウマリリン,2013105446,ダイワメジャー,2001103114,小笹芳央,社台ファーム,0.0,2006.0,2013.0,2001.0
2021105232,ペディクラリスの2021,牡,,,ロードカナロア,2008103552,ペディクラリス,2003104258,サンデーサイレンス,000a00033a,,社台ファーム,0.0,2008.0,2003.0,1986.0
2021105230,ミラクルアース,牡,蛯名正義,,レイデオロ,2014106201,ベルルミエール,2011104391,スウェプトオーヴァーボード,000a00fa34,キーファーズ,社台ファーム,0.0,2014.0,2011.0,1997.0
2021105227,ベアトリッツの2021,牡,,,エピファネイア,2010104155,ベアトリッツ,2010103862,ディープインパクト,2002100816,,社台ファーム,0.0,2010.0,2010.0,2002.0
2021105222,アルサプーア,牝,斉藤崇史,,ダイワメジャー,2001103114,プレイプリティー,000a015601,Indian Charlie,000a00fcd8,社台レースホース,社台ファーム,0.0,2001.0,2012.0,1995.0
2021105220,プリンセスアスタの2021,牝,,,サトノダイヤモンド,2013106101,プリンセスアスタ,000a014472,Canford Cliffs,000a0127a5,,社台ファーム,0.0,2013.0,2013.0,2007.0
2021105215,エスカラーチェ,牝,角田輝也,,ハービンジャー,000a011996,ブーケフレグランス,2005102286,ダンスインザダーク,1993109188,石川眞実,社台ファーム,0.0,2006.0,2005.0,1993.0
2021105213,ブロークインベガスの2021,牡,,,ロゴタイプ,2010103783,ブロークインベガス,2017104701,キングカメハメハ,2001103460,,社台ファーム,0.0,2010.0,2017.0,2001.0
2021105205,レッドマーレ,牡,小椋研介,,モーリス,2011100655,ブラックスビーチ,2014105627,ディープインパクト,2002100816,東京ホースレーシング,社台ファーム,0.0,2011.0,2014.0,2002.0
2021105196,モンタンヴェール,牝,堀宣行,,ブリックスアンドモルタル,000a014377,フレジェール,2004103199,アグネスタキオン,1998101516,キャロットファーム,社台ファーム,0.0,2014.0,2004.0,1998.0
2021105192,マルサルッカ,牡,藤岡健一,,キズナ,2010105827,フォルト,000a01440b,Blame,000a0122f4,社台レースホース,社台ファーム,0.0,2010.0,2014.0,2006.0
2021105190,フェータルデイ,牝,,,トーセンラー,2008102985,フェータルイヴ,2016105182,ノヴェリスト,000a012230,,社台ファーム,0.0,2008.0,2016.0,2009.0
2021105188,ヒットチャート,牝,安達昭夫,,ドゥラメンテ,2012104511,フィジオクラート,000a013893,Doctor Dino,000a0137fd,中塚孝明,社台ファーム,0.0,2012.0,2012.0,2002.0
2021105187,フィオドラの2021,牝,,,キズナ,2010105827,フィオドラ,000a012e7f,Lord of England,000a0122be,,社台ファーム,0.0,2010.0,2011.0,2003.0
2021105172,レッジェンダ,牝,佐々木国,,ネオユニヴァース,2000101426,パーソナルレジェンド,000a010ac0,Awesome Again,000a0021cb,岡田孝之,社台ファーム,0.0,2000.0,2000.0,1994.0
2021105163,オーシンクラッパー,牝,高橋義忠,,ニューイヤーズデイ,000a014589,ハラペーニョペパー,2012104484,ゼンノロブロイ,2000101517,大田慎治,社台ファーム,0.0,2011.0,2012.0,2000.0
2021105157,ノボリディアーナの2021,牝,,,リアルスティール,2012104889,ノボリディアーナ,2010103780,フレンチデピュティ,000a00013a,,社台ファーム,0.0,2012.0,2010.0,1992.0
2021105154,デルマラジャス,牡,山田徹,,ハービンジャー,000a011996,ノスタルジア,2015104619,ノヴェリスト,000a012230,浅沼廣幸,社台ファーム,0.0,2006.0,2015.0,2009.0
2021105153,フライフリーダム,牡,高柳瑞樹,,ドゥラメンテ,2012104511,ノヴァホーク,000a0120f1,Hawk Wing,000a010d4d,社台レースホース,社台ファーム,0.0,2012.0,2008.0,1999.0
2021105152,ヌーベルバーグの2021,牝,,,レッドファルクス,2011104416,ヌーベルバーグ,2008102997,ディープインパクト,2002100816,,社台ファーム,0.0,2011.0,2008.0,2002.0
2021105140,シャウトアウト,牡,今野貞一,,エピファネイア,2010104155,デルマコイウタ,2014105424,ディープブリランテ,2009105084,吉田照哉,社台ファーム,0.0,2010.0,2014.0,2009.0
2021105133,ディノーラの2021,牡,,,ロージズインメイ,000a010a10,ディノーラ,2016104979,ハーツクライ,2001103038,,社台ファーム,0.0,2000.0,2016.0,2001.0
2021105129,ブレイヴリー,牝,黒岩陽一,,マインドユアビスケッツ,000a01392e,デアリングハート,2002100600,サンデーサイレンス,000a00033a,吉田ひとみ,社台ファーム,0.0,2013.0,2002.0,1986.0
2021105126,カブキモン,牡,小笠倫弘,,マインドユアビスケッツ,000a01392e,ツヅミモン,2015104289,ストロングリターン,2006102934,諸江幸祐,社台ファーム,0.0,2013.0,2015.0,2006.0
2021105124,チョコレートバインの2021,牝,,,ドゥラメンテ,2012104511,チョコレートバイン,2011104253,ディープインパクト,2002100816,,社台ファーム,0.0,2012.0,2011.0,2002.0
2021105116,ダルシャの2021,牝,,,ダノンバラード,2008103548,ダルシャ,000a012515,Sakhee,000a010bed,,社台ファーム,0.0,2008.0,2004.0,1997.0
2021105115,ダリボルカ,牝,宗像義忠,,イスラボニータ,2011103565,ダリシア,000a011800,Acatenango,000a001f0b,吉田照哉,社台ファーム,0.0,2011.0,2001.0,1982.0
2021105107,ダイワウィズミーの2021,牡,,,リアルスティール,2012104889,ダイワウィズミー,2013105530,キングカメハメハ,2001103460,,社台ファーム,0.0,2012.0,2013.0,2001.0
2021105103,ソウルフルヴォイスの2021,牝,,,モーリス,2011100655,ソウルフルヴォイス,2007102847,キングカメハメハ,2001103460,,社台ファーム,0.0,2011.0,2007.0,2001.0
2021105101,ニシノメロディ,牝,北出成人,,ダイワメジャー,2001103114,セータコローナ,2013105487,Distorted Humor,000a0022ea,西山茂行,社台ファーム,0.0,2001.0,2013.0,1993.0
2021105100,ドレッシーナイト,牡,林徹,,エピファネイア,2010104155,センシュアルドレス,2004103196,アグネスタキオン,1998101516,社台レースホース,社台ファーム,0.0,2010.0,2004.0,1998.0
2021105095,スペランツァデーアの2021,牝,,,マインドユアビスケッツ,000a01392e,スペランツァデーア,2011104170,マンハッタンカフェ,1998101554,,社台ファーム,0.0,2013.0,2011.0,1998.0
2021105093,アルデリシャス,牝,田中剛,,ルーラーシップ,2007103143,スパツィアーレ,2013105503,シンボリクリスエス,1999110099,秋元竜弥,社台ファーム,0.0,2007.0,2013.0,1999.0
2021105087,オンザジュピター,牝,大和田成,,リアルインパクト,2008103244,スターファセット,2012104196,メイショウサムソン,2003102205,久保田定,社台ファーム,0.0,2008.0,2012.0,2003.0
2021105084,スターシップトラッフルズの2021,牝,,,ニューイヤーズデイ,000a014589,スターシップトラッフルズ,000a012f02,Ghostzapper,000a010525,,社台ファーム,0.0,2011.0,2009.0,2000.0
2021105081,ジルダの2021,牝,,,ラブリーデイ,2010104298,ジルダ,2012104152,ゼンノロブロイ,2000101517,,社台ファーム,0.0,2010.0,2012.0,2000.0
2021105080,シトリンクォーツ,牝,武井亮,,ハービンジャー,000a011996,ジョンブリアン,2013105469,ステイゴールド,1994108729,吉田照哉,社台ファーム,0.0,2006.0,2013.0,1994.0
2021105075,ティールサファイア,牝,杉山晴紀,,ロードカナロア,2008103552,ジュエラー,2013105582,ヴィクトワールピサ,2007102923,社台レースホース,社台ファーム,0.0,2008.0,2013.0,2007.0
2021105070,シーニーンガールの2021,牝,,,トーセンラー,2008102985,シーニーンガール,000a012944,Spring At Last,000a0127d9,,社台ファーム,0.0,2008.0,2010.0,2003.0
2021105064,シュテルンターラーの2021,牝,,,シャンハイボビー,000a0127e4,シュテルンターラー,2007102845,ネオユニヴァース,2000101426,,社台ファーム,0.0,2010.0,2007.0,2000.0
2021105059,ルージュベラドンナ,牝,平田修,,クリエイターII,000a013630,シティイメージ,000a01446f,Elusive City,000a01239c,東京ホースレーシング,社台ファーム,0.0,2013.0,2010.0,2000.0
2021105044,アインハーディ,牝,山元博徳,,アルアイン,2014106046,サイレントクロップ,2009105801,シンボリクリスエス,1999110099,（株）ファーストビジ,社台ファーム,0.0,2014.0,2009.0,1999.0
2021105042,ゴールデンムーンの2021,牡,,,ジャスタウェイ,2009106461,ゴールデンムーン,2009105875,アドマイヤムーン,2003102991,,社台ファーム,0.0,2009.0,2009.0,2003.0
2021105036,コートマイアイズ,牝,,,ロードカナロア,2008103552,コートシャルマン,2012104217,ハーツクライ,2001103038,,社台ファーム,0.0,2008.0,2012.0,2001.0
2021105030,プレイフルデイズ,牡,加藤幸保,,ラブリーデイ,2010104298,コルデトゥリーニ,2016105058,ダイワメジャー,2001103114,亀岡和彦,社台ファーム,0.0,2010.0,2016.0,2001.0
2021105019,ダノンボーテ,牡,,,ブリックスアンドモルタル,000a014377,クールドボーテ,000a014470,Dabirsim,000a013ff9,,社台ファーム,0.0,2014.0,2015.0,2009.0
2021105018,プレパラシオン,牝,杉山佳明,,マインドユアビスケッツ,000a01392e,クードロア,2015104402,ハードスパン,000a0116a1,亀岡和彦,社台ファーム,0.0,2013.0,2015.0,2004.0
2021105015,クラリスピンクの2021,牡,,,レッドファルクス,2011104416,クラリスピンク,2008102916,ネオユニヴァース,2000101426,,社台ファーム,0.0,2011.0,2008.0,2000.0
2021105014,クイーンズリングの2021,牝,,,ロードカナロア,2008103552,クイーンズリング,2012104105,マンハッタンカフェ,1998101554,社台レースホース,社台ファーム,0.0,2008.0,2012.0,1998.0
2021105010,キャリサガの2021,牝,,,キタサンブラック,2012102013,キャリサガ,000a01593e,Sageburg,000a01260d,,社台ファーム,0.0,2012.0,2014.0,2004.0
2021105008,パッリス,牝,加藤和宏,,ルーラーシップ,2007103143,キネオダンサー,2011106345,ディープインパクト,2002100816,竹内敬輔,社台ファーム,0.0,2007.0,2011.0,2002.0
2021104993,オープンユアアイズの2021,牡,,,イスラボニータ,2011103565,オープンユアアイズ,2013105372,ヴィクトワールピサ,2007102923,,社台ファーム,0.0,2011.0,2013.0,2007.0
2021104985,フェニコッテロ,牝,,,ブラックタイド,2001103312,エルーセラ,000a006a32,Spirit One,000a012399,,社台ファーム,0.0,2001.0,2010.0,2004.0
2021104984,エリツィーノ,牝,四位洋文,,リアルスティール,2012104889,エリンコート,2008102805,デュランダル,1999106756,吉田照哉,社台ファーム,0.0,2012.0,2008.0,1999.0
2021104983,エメラルドスターの2021,牡,,,ダイワメジャー,2001103114,エメラルドスター,000a013894,Mount Nelson,000a0124b6,,社台ファーム,0.0,2001.0,2011.0,2004.0
2021104980,ポッドフラッター,牡,今津博之,,ロードカナロア,2008103552,エバーブロッサム,2010103752,ディープインパクト,2002100816,小川眞査雄,社台ファーム,0.0,2008.0,2010.0,2002.0
2021104979,エバーキュートの2021,牡,,,オルフェーヴル,2008102636,エバーキュート,2012104360,チチカステナンゴ,000a011135,,社台ファーム,0.0,2008.0,2012.0,1998.0
2021104977,エッグドロップの2021,牡,,,イスラボニータ,2011103565,エッグドロップ,000a013874,Alphabet Soup,000a002286,,社台ファーム,0.0,2011.0,2009.0,1991.0
2021104967,アルバロッサ,牡,小林真也,,イスラボニータ,2011103565,ヴァインドレッサー,2002100510,エンドスウィープ,000a00010f,グリーンファーム,社台ファーム,0.0,2011.0,2002.0,1991.0
2021104962,ウィケットキーパーの2021,牝,,,スワーヴリチャード,2014106083,ウィケットキーパー,2009105795,アグネスタキオン,1998101516,,社台ファーム,0.0,2014.0,2009.0,1998.0
2021104958,アスターサマリウム,牡,中竹和也,,ヴィクトワールピサ,2007102923,イマーキュレイトキャット,000a0120cf,Storm Cat,000a001a98,加藤久枝,社台ファーム,0.0,2007.0,2008.0,1983.0
2021104953,イーストブルー,牝,蛯名正義,,ドゥラメンテ,2012104511,アンリミテッドバジェット,000a012946,ストリートセンス,000a0113a2,菅野隆志,社台ファーム,0.0,2012.0,2010.0,2004.0
2021104942,ハートアンドソウル,牡,小栗実,,リアルインパクト,2008103244,アフターダーク,2013105410,ワークフォース,000a011a7f,三田昌宏,社台ファーム,0.0,2008.0,2013.0,2007.0
2021104940,スパイ,牡,福永敏,,ヴィクトワールピサ,2007102923,アスワンサンセット,2017110044,Pioneerof the Nile,000a0122f5,石川達絵,社台ファーム,0.0,2007.0,2017.0,2006.0
2021104937,アネッロデルビーノ,牡,堀内岳志,,アルアイン,2014106046,アイアムルビー,2007110004,Saint Liam,000a010610,吉田千津,社台ファーム,0.0,2014.0,2007.0,2000.0
2021104934,シュウズダイヤ,セ,戸田博文,,オルフェーヴル,2008102636,ローズカットダイヤ,2005102310,フレンチデピュティ,000a00013a,青芝商事,社台コーポレーション白老ファーム,0.0,2008.0,2005.0,1992.0
2021104930,レオパルディナの2021,牡,,,ミッキーアイル,2011103916,レオパルディナ,2012104768,スニッツェル,000a010eaa,,社台コーポレーション白老ファーム,0.0,2011.0,2012.0,2002.0
2021104921,レッドハルバード,セ,尾関知人,,レッドファルクス,2011104416,メガン,2014105302,ディープインパクト,2002100816,東京ホースレーシング,社台コーポレーション白老ファーム,0.0,2011.0,2014.0,2002.0
2021104912,ブラッドサーガ,牡,森田直行,,レッドファルクス,2011104416,フルオブグレース,2014105437,ヴィクトワールピサ,2007102923,吉田照哉,社台コーポレーション白老ファーム,0.0,2011.0,2014.0,2007.0
2021104904,ビートゴーズオンの2021,牡,,,オルフェーヴル,2008102636,ビートゴーズオン,2011103627,Curlin,000a011734,,社台コーポレーション白老ファーム,0.0,2008.0,2011.0,2004.0
2021104902,グランルフレ,牡,,,リアルインパクト,2008103244,ヒカルアモーレ,2004102760,クロフネ,1998110135,キャロットファーム,社台コーポレーション白老ファーム,0.0,2008.0,2004.0,1998.0
2021104895,ネロディアマンテの2021,牡,,,スクリーンヒーロー,2004103328,ネロディアマンテ,2010104383,シンボリクリスエス,1999110099,,社台コーポレーション白老ファーム,0.0,2004.0,2010.0,1999.0
2021104892,パルファンドリス,セ,黒岩陽一,,エピファネイア,2010104155,トワイライトライフ,2014105317,ゴールドアリュール,1999106689,Ｇ１レーシング,社台コーポレーション白老ファーム,0.0,2010.0,2014.0,1999.0
2021104884,タイムハンドラーの2021,牝,,,モーリス,2011100655,タイムハンドラー,2016104283,ディープブリランテ,2009105084,キャロットファーム,社台コーポレーション白老ファーム,0.0,2011.0,2016.0,2009.0
2021104883,ソルヴェイグの2021,牝,,,ロードカナロア,2008103552,ソルヴェイグ,2013105357,ダイワメジャー,2001103114,,社台コーポレーション白老ファーム,0.0,2008.0,2013.0,2001.0
2021104879,セブンスセンスの2021,牡,,,サトノダイヤモンド,2013106101,セブンスセンス,2013105258,キングカメハメハ,2001103460,,社台コーポレーション白老ファーム,0.0,2013.0,2013.0,2001.0
2021104875,スナッチマインドの2021,牡,,,ハービンジャー,000a011996,スナッチマインド,2011103620,ディープインパクト,2002100816,,社台コーポレーション白老ファーム,0.0,2006.0,2011.0,2002.0
2021104870,リスポレール,牝,,,ロードカナロア,2008103552,ジュールポレール,2013105318,ディープインパクト,2002100816,Ｇ１レーシング,社台コーポレーション白老ファーム,0.0,2008.0,2013.0,2002.0
2021104866,レイナドラーダ,牝,高野友和,,レイデオロ,2014106201,ショウナンパンドラ,2011103584,ディープインパクト,2002100816,シルクレーシング,社台コーポレーション白老ファーム,0.0,2014.0,2011.0,2002.0
2021104864,サーマヴェーダ,牝,高柳瑞樹,,ドレフォン,000a013b82,シャクンタラー,2013106111,ゼンノロブロイ,2000101517,シルクレーシング,社台コーポレーション白老ファーム,0.0,2013.0,2013.0,2000.0
2021104859,シャトーブレール,牝,伊藤大士,,ダイワメジャー,2001103114,サンヴァンサン,2007103098,クロフネ,1998110135,Ｇ１レーシング,社台コーポレーション白老ファーム,0.0,2001.0,2007.0,1998.0
2021104858,マーゴットクラーベ,牝,伊坂重信,,マインドユアビスケッツ,000a01392e,サルサドゥーラ,2010104539,ゴールドアリュール,1999106689,前田良平,社台コーポレーション白老ファーム,0.0,2013.0,2010.0,1999.0
2021104852,コレーの2021,牡,,,オルフェーヴル,2008102636,コレー,2017105002,キングカメハメハ,2001103460,,社台コーポレーション白老ファーム,0.0,2008.0,2017.0,2001.0
2021104851,ブリゾ,牝,田中淳司,,ニューイヤーズデイ,000a014589,ココファンタジア,2013105871,ステイゴールド,1994108729,吉田和美,社台コーポレーション白老ファーム,0.0,2011.0,2013.0,1994.0
2021104841,ウィレムスタット,セ,高野友和,,カリフォルニアクローム,000a012602,カラフルデイズ,2008102625,フジキセキ,1992109618,社台レースホース,社台コーポレーション白老ファーム,0.0,2011.0,2008.0,1992.0
2021104836,ポンポーソ,牝,,,ブリックスアンドモルタル,000a014377,エスティタート,2013105321,ドリームジャーニー,2004102753,キャロットファーム,社台コーポレーション白老ファーム,0.0,2014.0,2013.0,2004.0
2021104833,ウイングレットの2021,牡,,,ロゴタイプ,2010103783,ウイングレット,2001103057,タイキシャトル,1994109686,,社台コーポレーション白老ファーム,0.0,2010.0,2001.0,1994.0
2021104828,アルスフェルトの2021,牡,田中博康,,ジャスタウェイ,2009106461,アルスフェルト,2013105305,キングカメハメハ,2001103460,社台レースホース,社台コーポレーション白老ファーム,0.0,2009.0,2013.0,2001.0
2021104823,ナオリュウオー,牝,須田和伸,,デクラレーションオブウォー,000a0136f6,リュウメイ,2005101843,コロナドズクエスト,000a0000b5,（有）しょうじ,笹川大晃牧場,0.0,2009.0,2005.0,1995.0
2021104815,キャントセイワーズの2021,牡,,,ゴールドシップ,2009102739,キャントセイワーズ,2009103901,アフリート,000a000013,,桑原牧場桑原康裕,0.0,2009.0,2009.0,1984.0
2021104809,ダイアトリーム,牡,堀宣行,,ロードカナロア,2008103552,ワッツダチャンセズ,000a012f0c,Diamond Green,000a012e7a,Ｇ１レーシング,追分ファーム,0.0,2008.0,2010.0,2001.0
2021104804,ロイヤルストーリー,牡,,,ロードカナロア,2008103552,レジネッタ,2005102077,フレンチデピュティ,000a00013a,Ｇ１レーシング,追分ファーム,0.0,2008.0,2005.0,1992.0
2021104798,チェリシュオール,牝,杉山晴紀,,Gleneagles,000a0128fa,リメンバーユー,000a01a93a,Invincible Spirit,000a01056d,ＫＲジャパン,追分ファーム,0.0,2012.0,2011.0,1997.0
2021104796,ラバヤデールの2021,牡,,,レイデオロ,2014106201,ラバヤデール,2000101283,サンデーサイレンス,000a00033a,,追分ファーム,0.0,2014.0,2000.0,1986.0
2021104795,ヴェルヴ,牡,伊藤強一,,ドゥラメンテ,2012104511,ヨナグッチ,000a012546,Yonaguska,000a010be8,（同）ＪＰＮ技研,追分ファーム,0.0,2012.0,2005.0,1998.0
2021104793,レジットダンサーズ,牝,田中一巧,,ダイワメジャー,2001103114,モクレン,2011110056,Galileo,000a00232b,桑野隆司,追分ファーム,0.0,2001.0,2011.0,1998.0
2021104789,シグナル,牡,友道康夫,,レイデオロ,2014106201,ミネット,2013105297,ディープインパクト,2002100816,石川達絵,追分ファーム,0.0,2014.0,2013.0,2002.0
2021104788,ミッドナイトラヴの2021,牝,,,カリフォルニアクローム,000a012602,ミッドナイトラヴ,2016104321,ロードカナロア,2008103552,,追分ファーム,0.0,2011.0,2016.0,2008.0
2021104787,ミゼリコルデの2021,牡,,,イスラボニータ,2011103565,ミゼリコルデ,2005110107,ファスリエフ,000a00fc4c,,追分ファーム,0.0,2011.0,2005.0,1997.0
2021104785,ジュネプリュファン,牡,中村直也,,ダイワメジャー,2001103114,ベルロワイヤル,000a012140,Val Royal,000a0120e9,吉田安惠,追分ファーム,0.0,2001.0,2008.0,1996.0
2021104783,ベラコルサ,牝,長谷川浩,,キンシャサノキセキ,2003110212,ベラポーサ,2013110091,Tapit,000a011248,Ｇ１レーシング,追分ファーム,0.0,2003.0,2013.0,2001.0
2021104778,パーソナルリバティ,牡,藤原英昭,,ハーツクライ,2001103038,パーソナルダイアリー,000a0137a5,City Zip,000a0127e6,Ｇ１レーシング,追分ファーム,0.0,2001.0,2011.0,1998.0
2021104773,ディーチェの2021,牡,,,ビッグアーサー,2011103328,ディーチェ,2014105333,ダイワメジャー,2001103114,Ｇ１レーシング,追分ファーム,0.0,2011.0,2014.0,2001.0
2021104772,ジェリクルソング,牝,伊藤強一,,ノヴェリスト,000a012230,ディミータ,2007102689,ダンスインザダーク,1993109188,酒井孝敏,追分ファーム,0.0,2009.0,2007.0,1993.0
2021104771,ルスディヴィナ,牝,武英智,,ロードカナロア,2008103552,ディヴィナプレシオーサ,000a01294e,Crocker Road,000a0127e2,吉田晴哉,追分ファーム,0.0,2008.0,2010.0,2001.0
2021104769,チェルシークロイスターズの2021,牡,,,キズナ,2010105827,チェルシークロイスターズ,000a015920,First Samurai,000a011157,,追分ファーム,0.0,2010.0,2016.0,2003.0
2021104767,ブレイキン,牡,,,マジェスティックウォリアー,000a011e9c,ソロダンサー,2013105260,ゴールドアリュール,1999106689,Ｇ１レーシング,追分ファーム,0.0,2005.0,2013.0,1999.0
2021104764,ザフラッグ,牡,武幸四郎,,ハーツクライ,2001103038,スパニッシュクイーン,000a012f0b,Tribal Rule,000a011b10,藤田晋,追分ファーム,0.0,2001.0,2012.0,1996.0
2021104742,アイレント,牝,櫻井今朝,,オルフェーヴル,2008102636,アルメーリヒ,2007102677,ネオユニヴァース,2000101426,山口謙太郎,追分ファーム,0.0,2008.0,2007.0,2000.0
2021104741,アニマシオン,牡,奥村武,,ルーラーシップ,2007103143,アニマトゥール,2010104564,ホワイトマズル,1990109700,Ｇ１レーシング,追分ファーム,0.0,2007.0,2010.0,1990.0
2021104735,マデリーン,牝,後藤正義,,マクマホン,000a0143ac,メモリーリング,2014101706,トーセンホマレボシ,2009106092,島川隆哉,エスティファーム,0.0,2014.0,2014.0,2009.0
2021104732,シェルドン,牡,,,ヴァンキッシュラン,2013105718,ペナンクライ,000a012dc0,Barathea,000a000054,,エスティファーム,0.0,2013.0,2005.0,1990.0
2021104731,ベラルーチェの2021,牡,,,マクマホン,000a0143ac,ベラルーチェ,2014105790,クロフネ,1998110135,,エスティファーム,0.0,2014.0,2014.0,1998.0
2021104730,ハリー,牡,小野次郎,,マクマホン,000a0143ac,フォレガ,000a01434b,Oasis Dream,000a010d4f,島川隆哉,エスティファーム,0.0,2014.0,2014.0,2000.0
2021104723,シャトルラン,牡,,,ヴァンキッシュラン,2013105718,トーセンマリオン,2012101085,トーセンブライト,2001103660,,エスティファーム,0.0,2013.0,2012.0,2001.0
2021104718,レディーアメリア,牝,小笠倫弘,,マクマホン,000a0143ac,トーセンニケ,2015104969,オルフェーヴル,2008102636,島川隆哉,エスティファーム,0.0,2014.0,2015.0,2008.0
2021104714,ティエルナ,牝,濱田一夫,,マクマホン,000a0143ac,トーセンクリス,2013110132,Redoute's Choice,000a00fe93,倉重博文,エスティファーム,0.0,2014.0,2013.0,1996.0
2021104710,アストロウィンド,牡,,,マクマホン,000a0143ac,トーセンアンバー,2015101147,ディープインパクト,2002100816,,エスティファーム,0.0,2014.0,2015.0,2002.0
2021104701,トーセンアナベル,牝,小桧山悟,,ヴァンキッシュラン,2013105718,シゲラ,000a012e26,New Approach,000a011656,島川隆哉,エスティファーム,0.0,2013.0,2011.0,2005.0
2021104699,コドウの2021,牝,,,ヴァンキッシュラン,2013105718,コドウ,2013100120,ジャングルポケット,1998101786,,エスティファーム,0.0,2013.0,2013.0,1998.0
2021104690,ジュガールマスター,牡,,,モーニン,2012110091,ミッキースマシング,2013105514,ハービンジャー,000a011996,,エイトカラーファームズ,0.0,2012.0,2013.0,2006.0
2021104687,テイエムスノーフジ,牡,浜田多実,,サンダースノー,000a013a06,ヒカルマイハート,2003107143,フジキセキ,1992109618,竹園正繼,宇南山牧場,0.0,2014.0,2003.0,1992.0
2021104679,ルパンモージュ,牡,中竹和也,,レイデオロ,2014106201,ベストティアラ,2013105044,マンハッタンカフェ,1998101554,加藤誠,上水牧場,0.0,2014.0,2013.0,1998.0
2021104677,グレイトデザイア,牡,笹野博司,,ストロングリターン,2006102934,バイオレントハート,2004102427,ダンスインザダーク,1993109188,鈴木道隆,上水牧場,0.0,2006.0,2004.0,1993.0
2021104676,ブラッシュアップ,牝,,,エピファネイア,2010104155,ハーズシャドウ,2015104210,オルフェーヴル,2008102636,,上水牧場,0.0,2010.0,2015.0,2008.0
2021104656,ヤマワラウ,牝,細川忠義,,グレーターロンドン,2012101402,マジックルーラー,2014106029,ルーラーシップ,2007103143,田村章,池本久志,0.0,2012.0,2014.0,2007.0
2021104654,ダイメイロッコウの2021,牝,,,グレーターロンドン,2012101402,ダイメイロッコウ,2013105020,ロッコウオロシ,2008110119,,池本久志,0.0,2012.0,2013.0,2008.0
2021104651,リヒト,牡,,,エイシンフラッシュ,2007102951,ライトエメラルド,2008102318,ノボジャック,1997110152,,新井牧場,0.0,2007.0,2008.0,1997.0
2021104650,ヴェントデグロリア,牡,堀内岳志,,ナカヤマフェスタ,2006102424,マイネハッピー,2010105942,ブライアンズタイム,000a000082,木村牧場,新井牧場,0.0,2006.0,2010.0,1985.0
2021104648,スリーアフロディテの2021,牡,,,ファインニードル,2013100612,スリーアフロディテ,2009105449,スズカマンボ,2001103890,,新井牧場,0.0,2013.0,2009.0,2001.0
2021104640,リリースタイルの2021,牡,,,サトノクラウン,2012104668,リリースタイル,2013105011,マンハッタンカフェ,1998101554,,阿部栄乃進,0.0,2012.0,2013.0,1998.0
2021104638,ギンマクノスター,牡,,,デクラレーションオブウォー,000a0136f6,ギンマクノヨウセイ,2002100021,グラスワンダー,1995108676,,阿部栄乃進,0.0,2009.0,2002.0,1995.0
2021104633,ハーヴェ,牝,佐々木由,,ネオリアリズム,2011103978,フェアリーズ,000a019465,Medaglia d'Oro,000a010a65,小泉修,アスラン,0.0,2011.0,2011.0,1999.0
2021104626,クリスマスベルの2021,牡,,,ダブルスター,2009103518,クリスマスベル,2016105678,ロジユニヴァース,2006103140,,中橋清,0.0,2009.0,2016.0,2006.0
2021104623,サツキイルージョン,牝,新井隆太,,トビーズコーナー,000a011fed,ユメカスミ,2016106459,エイシンフラッシュ,2007102951,小野博郷,リトルブルーファーム,0.0,2008.0,2016.0,2007.0
2021104619,クロスファイヤーの2021,牝,,,サトノクラウン,2012104668,クロスファイヤー,2009104360,カリズマティック,000a00fa33,,リトルブルーファーム,0.0,2012.0,2009.0,1996.0
2021104612,リプカの2021,牡,,,スピルバーグ,2009105961,リプカ,2012104469,ハービンジャー,000a011996,,中川郁夫,0.0,2009.0,2012.0,2006.0
2021104609,イングラッド,牡,蛯名雄太,,アメリカンペイトリオット,000a013bba,レナプリンセス,2006103455,メジロライアン,1987105368,篠原賢二,高橋直人,0.0,2013.0,2006.0,1987.0
2021104607,ハナオウ,牡,,,アメリカンペイトリオット,000a013bba,ハナウマ,2017106577,ヴィクトワールピサ,2007102923,,高橋直人,0.0,2013.0,2017.0,2007.0
2021104598,クミホ,牝,嶋田幸晴,,ビーチパトロール,000a0141f9,サクラパピルス,2011102142,アグネスデジタル,1997110025,矢沼浩二,山田牧場,0.0,2013.0,2011.0,1997.0
2021104593,タンドレス,牝,吉田直弘,,ダノンレジェンド,2010110102,テレキネシス,2011103609,ダイワメジャー,2001103114,ＧｒａｎｄｅＲａｃｉｎｇ,山際智,0.0,2010.0,2011.0,2001.0
2021104585,メイデイローズの2021,牡,,,ドゥラメンテ,2012104511,メイデイローズ,000a012047,Rockport Harbor,000a0111ff,,矢野牧場,0.0,2012.0,2008.0,2002.0
2021104584,アルゼンチンタンゴ,牝,永田幸宏,,キズナ,2010105827,マンゴタンゴ,000a015945,Siyouni,000a012056,上手健太郎,矢野牧場,0.0,2010.0,2013.0,2007.0
2021104583,マチュアードの2021,牝,,,キタサンブラック,2012102013,マチュアード,000a01251f,Manduro,000a0114b8,,矢野牧場,0.0,2012.0,2009.0,2002.0
2021104579,ブリリアントクランの2021,牡,,,ジャスタウェイ,2009106461,ブリリアントクラン,2008101014,ロックオブジブラルタル,000a00fd4c,,矢野牧場,0.0,2009.0,2008.0,1999.0
2021104575,ジュモートリステの2021,牝,,,ヘニーヒューズ,000a011155,ジュモートリステ,2012104769,ハービンジャー,000a011996,,矢野牧場,0.0,2003.0,2012.0,2006.0
2021104555,セブンキュート,牝,本間忍,,サンダースノー,000a013a06,ラヴトワイス,2014105150,ファルブラヴ,1998190004,橋川欣司,松田牧場,0.0,2014.0,2014.0,1998.0
2021104553,マイネマキアージュの2021,牡,,,ラブリーデイ,2010104298,マイネマキアージュ,2009104652,アグネスデジタル,1997110025,,松田牧場,0.0,2010.0,2009.0,1997.0
2021104535,ナットテイクワン,牡,,,サトノクラウン,2012104668,エイシンダーラ,2012105563,キングカメハメハ,2001103460,,増本良孝,0.0,2012.0,2012.0,2001.0
2021104532,スリリングライフ,牡,高橋清顕,,ビーチパトロール,000a0141f9,ダムガルヌンナ,2014103161,ストリートセンス,000a0113a2,吉田照哉,増本牧場,0.0,2013.0,2014.0,2004.0
2021104531,シーダーローズの2021,牡,,,アドマイヤムーン,2003102991,シーダーローズ,2006101602,タイキシャトル,1994109686,,増本牧場,0.0,2003.0,2006.0,1994.0
2021104528,ユキノロンシャン,セ,石毛善彦,,ビッグアーサー,2011103328,ユキノサンブライト,2011102559,ブラックタイド,2001103312,井上基之,前田牧場,0.0,2011.0,2011.0,2001.0
2021104526,タマモラプトル,牡,坂口義幸,,ヘニーヒューズ,000a011155,プティトシャンティ,2014105123,ダノンシャンティ,2007105709,橘勝年,前田牧場,0.0,2003.0,2014.0,2007.0
2021104518,ハートオブロック,牡,雑賀正光,,ダイワメジャー,2001103114,ロックマイハート,000a012952,Sholokhov,000a01196d,小菅誠,前谷武志,0.0,2001.0,2009.0,1999.0
2021104517,ブラーヴミノル,牡,本田優,,マジェスティックウォリアー,000a011e9c,ホーマンピクシー,2007103702,キングカメハメハ,2001103460,吉岡輝美,前谷武志,0.0,2005.0,2007.0,2001.0
2021104515,ヨシノアカツキ,牝,盛本信春,,Yoshida,2014106077,フォークレジェンド,000a01a8a5,Tapizar,000a0123f3,清水義徳,前谷武志,0.0,2014.0,2016.0,2008.0
2021104492,ディパッションの2021,牝,,,ビッグアーサー,2011103328,ディパッション,2010104446,ダイワメジャー,2001103114,,真歌田中牧場,0.0,2011.0,2010.0,2001.0
2021104482,ウィナールーツ,牡,堀内岳志,,ナカヤマフェスタ,2006102424,キズナII,000a012e2b,Hurricane Run,000a01189d,和泉憲一,北洋牧場,0.0,2006.0,2010.0,2002.0
2021104473,ウエノマルマン,牡,井上弘之,,ワールドエース,2009106353,ナリタシリカ,2006105565,コマンダーインチーフ,000a0000b0,大東正由,へいはた牧場,0.0,2009.0,2006.0,1990.0
2021104471,ケイティガイア,牝,村山明,,シルバーステート,2013105903,ジュエルヨコハマ,2015105297,メイショウサムソン,2003102205,瀧本和義,へいはた牧場,0.0,2013.0,2015.0,2003.0
2021104470,ダイノハンプ,牡,川島雅人,,アポロケンタッキー,2012110098,サクラミラージュ,2008100496,ブライアンズタイム,000a000082,町田武,へいはた牧場,0.0,2012.0,2008.0,1985.0
2021104468,オイテカナイデ,牡,赤嶺亮,,コパノリッキー,2010106548,コパノプレゼント,2006101763,サクラバクシンオー,1989108341,岩城拓実,へいはた牧場,0.0,2010.0,2006.0,1989.0
2021104458,シトパレード,牡,松山将樹,,スズカコーズウェイ,2004104345,プロフュージョン,2001103879,ジョリーズヘイロー,000a0001aa,加藤興一,ＰＲＩＤＥＲＯＣＫ,0.0,2004.0,2001.0,1987.0
2021104450,プリンセスペスカの2021,牝,,,カリフォルニアクローム,000a012602,プリンセスペスカ,2006101542,チーフベアハート,1993190010,,藤原牧場,0.0,2011.0,2006.0,1993.0
2021104449,ドレープサンライズ,牝,河内洋,,リオンディーズ,2013105915,フォローハート,2011105545,サンライズペガサス,1998106718,松岡隆雄,藤原牧場,0.0,2013.0,2011.0,1998.0
2021104444,コンバットアモーレ,牝,山田和久,,レッドファルクス,2011104416,テンザンアモーレ,2002105266,タイキシャトル,1994109686,（株）アプエンテ,藤原牧場,0.0,2011.0,2002.0,1994.0
2021104443,センショウレイナの2021,牝,,,エイシンヒカリ,2011101273,センショウレイナ,2013103991,ハービンジャー,000a011996,,藤原牧場,0.0,2011.0,2013.0,2006.0
2021104442,パナマテソーロ,牝,畠山吉宏,,シャンハイボビー,000a0127e4,ストームツイスター,2006101543,ワイルドラッシュ,000a0003a1,了徳寺健二ホールディングス,藤原牧場,0.0,2010.0,2006.0,1994.0
2021104441,リーフィー,牡,鮫島一歩,,ロジャーバローズ,2016106065,グローバルソング,2004105019,ブライアンズタイム,000a000082,齊藤雅志,藤原牧場,0.0,2016.0,2004.0,1985.0
2021104433,ラウドワルド,牡,黒岩陽一,,サンダースノー,000a013a06,ロゼラニ,2010105905,ブラックタイド,2001103312,宮田大三,フジワラファーム,0.0,2014.0,2010.0,2001.0
2021104429,ヤマカツピーチ,牝,谷潔,,ヤマカツエース,2012102774,ヤマカツオーキッド,2005100161,ダンスインザダーク,1993109188,山田和夫,フジワラファーム,0.0,2012.0,2005.0,1993.0
2021104423,ビアンヴェニュー,牝,新井隆太,,リオンディーズ,2013105915,プラリーヌ,000a016b5a,Pivotal,000a002328,（有）フジワラ・ファ,フジワラファーム,0.0,2013.0,2011.0,1993.0
2021104420,サトノスペラーレ,牝,,,サトノダイヤモンド,2013106101,ビューティフルストリート,000a01456a,Street Cry,000a0103ba,,フジワラファーム,0.0,2013.0,2015.0,1998.0
2021104418,パルストリーナの2021,牡,,,イスラボニータ,2011103565,パルストリーナ,000a0138a3,Medaglia d'Oro,000a010a65,,フジワラファーム,0.0,2011.0,2011.0,1999.0
2021104412,タマモギガジョッキ,牡,木原一良,,バゴ,2001190004,チャームポット,2006102033,フジキセキ,1992109618,タマモ,フジワラファーム,0.0,2001.0,2006.0,1992.0
2021104403,パリソワール,牝,,,エピファネイア,2010104155,ストライクルート,2010110002,Smart Strike,000a00211c,,フジワラファーム,0.0,2010.0,2010.0,1992.0
2021104402,ジニアスミノルの2021,牡,,,ビッグアーサー,2011103328,ジニアスミノル,2012103468,ディープインパクト,2002100816,,フジワラファーム,0.0,2011.0,2012.0,2002.0
2021104393,フウチャン,牝,,,スワーヴリチャード,2014106083,アンジェラスキッス,2004110255,Gone West,000a001be1,,フジワラファーム,0.0,2014.0,2004.0,1984.0
2021104389,チップクロ,牝,鈴木勝文,,ユアーズトゥルーリ,2016104391,マイガール,2011100929,アドマイヤマックス,1999107004,大島光二,藤吉牧場,0.0,2016.0,2011.0,1999.0
2021104384,ハルダヨリの2021,牝,,,ディーマジェスティ,2013104704,ハルダヨリ,2012100821,ファルブラヴ,1998190004,,藤沢牧場,0.0,2013.0,2012.0,1998.0
2021104381,ビフウ,牝,,,ドレフォン,000a013b82,デュエット,2011104479,コンデュイット,2005190006,,藤沢牧場,0.0,2013.0,2011.0,2005.0
2021104373,キョウエイルフィーの2021,牡,,,オルフェーヴル,2008102636,キョウエイルフィー,2015106137,ルーラーシップ,2007103143,,藤沢牧場,0.0,2008.0,2015.0,2007.0
2021104370,ダイヤフレンド,牝,羽月友彦,,サトノダイヤモンド,2013106101,アドマイヤレッド,2006102845,ストラヴィンスキー,000a00fa41,大野數芳,藤沢牧場,0.0,2013.0,2006.0,1996.0
2021104369,ワタシキレイ,牝,安部幸夫,,レッドファルクス,2011104416,アツコ,2013100913,ワークフォース,000a011a7f,豊田博司,藤沢牧場,0.0,2011.0,2013.0,2007.0
2021104363,ヒカルアルテミスの2021,牡,,,アポロケンタッキー,2012110098,ヒカルアルテミス,2005102138,ファルブラヴ,1998190004,,藤川ファーム,0.0,2012.0,2005.0,1998.0
2021104354,アバンテジュニア,牡,川添明弘,,ダノンシャンティ,2007105709,サチノストリート,2008100198,ロックオブジブラルタル,000a00fd4c,扇原毅士,福岡駿弥,0.0,2007.0,2008.0,1999.0
2021104348,パンパードサマーの2021,牡,,,ハクサンムーン,2009102527,パンパードサマー,2011102479,ショウナンカンプ,1998102595,,原ファーム,0.0,2009.0,2011.0,1998.0
2021104346,スターシャルロット,牝,松島壽,,エーシントップ,2010110058,タンポポプリンセス,2004104929,パークリージェント,000a000d01,吉岡泰治,原ファーム,0.0,2010.0,2004.0,1981.0
2021104341,アイヲシルセーラ,牝,,,ゴールデンバローズ,2012110100,アイヲシルニッポン,2013104733,スタチューオブリバティ,000a0109d5,,原ファーム,0.0,2012.0,2013.0,2000.0
2021104335,シンビジウムの2021,牝,,,ジョーカプチーノ,2006100529,シンビジウム,2016100711,アイルハヴアナザー,000a011ed3,,原弘之,0.0,2006.0,2016.0,2009.0
2021104332,ウインルリアン,牝,深山雅史,,ロージズインメイ,000a010a10,ウインセラヴィ,2010102117,ハーツクライ,2001103038,ウイン,原弘之,0.0,2000.0,2010.0,2001.0
2021104328,シャーリーバローズ,牝,奥村武,,ロジャーバローズ,2016106065,ラダームブランシェ,2012104532,チチカステナンゴ,000a011135,猪熊広次,服部牧場,0.0,2016.0,2012.0,1998.0
2021104323,マイセイレーン,牡,田中淳司,,ディーマジェスティ,2013104704,マスターセイレーン,2007100767,ネオユニヴァース,2000101426,嶋田賢,服部牧場,0.0,2013.0,2007.0,2000.0
2021104306,ナムラオルパダン,牡,吉村圭司,,ファインニードル,2013100612,ナムラボルテージ,2007100758,グランデラ,000a00fe3b,奈村睦弘,八田ファーム,0.0,2013.0,2007.0,1998.0
2021104301,ダイセツテーラー,セ,高橋文雅,,エピカリス,2014103121,ラカンパーナ,2008100777,ワイルドラッシュ,000a0003a1,中西浩一,畠山牧場,0.0,2014.0,2008.0,1994.0
2021104298,サンエルガー,牝,安達昭夫,,ビッグアーサー,2011103328,フォーエバーワン,2016105183,ハービンジャー,000a011996,サン,畠山牧場,0.0,2011.0,2016.0,2006.0
2021104294,ロンドンハース,牡,田中伸一,,グレーターロンドン,2012101402,トパーズトウショウ,2010103042,フレンチデピュティ,000a00013a,小橋亮太,畠山牧場,0.0,2012.0,2010.0,1992.0
2021104287,キモンエメラルド,牝,奥平雅士,,ディーマジェスティ,2013104704,エメラルドビーム,2012101002,ファスリエフ,000a00fc4c,小林祥晃,畠山牧場,0.0,2013.0,2012.0,1997.0
2021104286,アルティマヒートの2021,牡,,,カリフォルニアクローム,000a012602,アルティマヒート,2013105334,ステイゴールド,1994108729,,畠山牧場,0.0,2011.0,2013.0,1994.0
2021104279,リフレクティング,牝,鮫島一歩,,ネオユニヴァース,2000101426,ヒーリング,2013101094,バトルプラン,000a0118e8,栗山学,橋本牧場,0.0,2000.0,2013.0,2005.0
2021104274,カジノスマイルの2021,牝,,,ダンカーク,000a012185,カジノスマイル,2013103888,カジノドライヴ,2005110112,,橋本牧場,0.0,2006.0,2013.0,2005.0
2021104273,ドボクサギョウイン,牡,,,カリフォルニアクローム,000a012602,イヴェイジョン,000a01598a,エンパイアメーカー,000a010542,,橋本牧場,0.0,2011.0,2008.0,2000.0
2021104272,ゾクチョウノアキ,牡,青木孝文,,リオンディーズ,2013105915,アルヘンティーノ,2015104169,オルフェーヴル,2008102636,植村仁,橋本牧場,0.0,2013.0,2015.0,2008.0
2021104269,ナムラジュエルの2021,牝,,,マジェスティックウォリアー,000a011e9c,ナムラジュエル,2008100751,マーベラスサンデー,1992103687,,野坂牧場,0.0,2005.0,2008.0,1992.0
2021104266,クツワワールド,牝,高橋俊之,,ラニ,2013110045,クツワホームラン,2011102409,ハーツクライ,2001103038,芳賀克也,野坂牧場,0.0,2013.0,2011.0,2001.0
2021104265,クイックモーションの2021,牝,,,ビッグアーサー,2011103328,クイックモーション,2013105846,ディープインパクト,2002100816,,野坂牧場,0.0,2011.0,2013.0,2002.0
2021104261,サラサエンジェル,牝,岡田稲男,,キズナ,2010105827,アサケゴマ,2010103144,クロフネ,1998110135,横井良明,野坂牧場,0.0,2010.0,2010.0,1998.0
2021104260,ラピスラズリアイ,牝,渡部則夫,,ベルシャザール,2008103004,ワイエスハクサン,2007100711,パラダイスクリーク,1989109110,（株）ＩＴＦ,野表篤夫,0.0,2008.0,2007.0,1989.0
2021104257,オリオンザブラックの2021,牝,,,タツゴウゲキ,2012106426,オリオンザブラック,2006104240,サクラプレジデント,2000102261,,ニッコウファーム,0.0,2012.0,2006.0,2000.0
2021104246,アドミラシオンカズ,牡,渡部則夫,,ラブイズブーシェ,2009101075,フルオブラヴ,2012104383,チチカステナンゴ,000a011135,（株）ＩＴＦ,西村牧場,0.0,2009.0,2012.0,1998.0
2021104239,ショウナンカイラ,牝,加藤士津,,シルバーステート,2013105903,ショウナンアヤカ,2005102545,ウォーエンブレム,000a00fa35,国本哲秀,西村牧場,0.0,2013.0,2005.0,1999.0
2021104236,オリジナルラブ,牝,工藤伸輔,,ラブイズブーシェ,2009101075,コパノオリジナル,2014104906,キモンノカシワ,2009104021,小林祥晃,西村牧場,0.0,2009.0,2014.0,2009.0
2021104234,キモンキネン,牡,上原博之,,コパノリッキー,2010106548,キモンカラー,2016106099,シニスターミニスター,000a011099,小林祥晃,西村牧場,0.0,2010.0,2016.0,2003.0
2021104226,ワキノグロリーア,牡,別府真司,,ミッキーグローリー,2013103999,サクラジュノー,2002104426,サクラバクシンオー,1989108341,脇山良之,西川富岡牧場,0.0,2013.0,2002.0,1989.0
2021104223,ウタ,牝,小崎憲,,スピルバーグ,2009105961,プラセール,1998105977,ヘクタープロテクター,000a000d6b,叶哲也,中田浩美,0.0,2009.0,1998.0,1988.0
2021104221,スパイトフル,牡,,,トランセンド,2006104736,クッキーチャン,2009105862,スペシャルウィーク,1995103211,,中田浩美,0.0,2006.0,2009.0,1995.0
2021104220,プリモスペシャルの2021,牡,,,レーヴミストラル,2012104929,プリモスペシャル,2004103808,フォーティナイナー,000a000134,,鳥谷勝彦,0.0,2012.0,2004.0,1985.0
2021104212,エッジオブジアース,牡,嘉藤貴行,,ロジャーバローズ,2016106065,プレザントケイプ,000a0117bd,Cape Cross,000a0022ae,ＫＲジャパン,友田牧場,0.0,2016.0,2006.0,1994.0
2021104199,リトルブックの2021,牡,,,ドゥラメンテ,2012104511,リトルブック,000a012100,Librettist,000a012055,,飛野牧場,0.0,2012.0,2008.0,2002.0
2021104196,ゲンパチイグナイト,牡,田中剛,,カリフォルニアクローム,000a012602,パープル,000a01386c,Galileo,000a00232b,平野武志,飛野牧場,0.0,2011.0,2009.0,1998.0
2021104192,スマートエリクサー,牡,蛯名正義,,スクリーンヒーロー,2004103328,ゴールドヴァレー,2010103081,ブライアンズタイム,000a000082,大川徹,飛野牧場,0.0,2004.0,2010.0,1985.0
2021104188,リリーロジャー,牝,,,ロジャーバローズ,2016106065,アイラブリリ,2009103971,ストラヴィンスキー,000a00fa41,,飛野牧場,0.0,2016.0,2009.0,1996.0
2021104183,トウショウエース,牡,,,ワールドエース,2009106353,ブリーズトウショウ,2013104581,シンボリクリスエス,1999110099,,トウショウ産業株式会社トウショウ牧場,0.0,2009.0,2013.0,1999.0
2021104182,ノヴェルトウショウ,牝,,,ノヴェリスト,000a012230,ガイアトウショウ,2013104568,デュランダル,1999106756,,トウショウ産業株式会社トウショウ牧場,0.0,2009.0,2013.0,1999.0
2021104178,イナズマミノル,牡,本田優,,デクラレーションオブウォー,000a0136f6,レディジョアン,000a011ac3,Orientate,000a010902,吉岡輝美,千代田牧場,0.0,2009.0,2004.0,1998.0
2021104175,グッドムード,牝,寺島良,,ダイワメジャー,2001103114,リーサムガガ,2008110069,Giant's Causeway,000a0022e1,飯田正剛,千代田牧場,0.0,2001.0,2008.0,1997.0
2021104172,サクラトップローズ,牝,,,リアルスティール,2012104889,ランブリングローズ,2007100566,アグネスデジタル,1997110025,,千代田牧場,0.0,2012.0,2007.0,1997.0
2021104169,ピースイズグッド,牝,,,デクラレーションオブウォー,000a0136f6,ラブアンドピース,2006101245,キングカメハメハ,2001103460,,千代田牧場,0.0,2009.0,2006.0,2001.0
2021104166,ソーラーエクリプス,牡,清水英克,,トーセンラー,2008102985,モアザンベスト,2002110024,Giant's Causeway,000a0022e1,永見貴昭,千代田牧場,0.0,2008.0,2002.0,1997.0
2021104164,ナスカラインズ,牡,角川秀樹,,アジアエクスプレス,2011110091,ミルフィアタッチ,2006101207,キングカメハメハ,2001103460,（株）オリオンファー,千代田牧場,0.0,2011.0,2006.0,2001.0
2021104161,ミエノソニック,牡,高橋亮,,サトノクラウン,2012104668,ミエノサクシード,2013104496,ステイゴールド,1994108729,里見美惠子,千代田牧場,0.0,2012.0,2013.0,1994.0
2021104144,フォルチューヌ,牝,平田修,,ロードカナロア,2008103552,フォーチュンワード,2005100580,デヒア,000a0000df,飯田正剛,千代田牧場,0.0,2008.0,2005.0,1991.0
2021104136,ミスティカルレイ,牝,国枝栄,,ロードカナロア,2008103552,バディーラ,000a011ac4,Unbridled's Song,000a002071,飯田正剛,千代田牧場,0.0,2008.0,2008.0,1993.0
2021104121,タニノアーバンシーの2021,牝,,,リアルスティール,2012104889,タニノアーバンシー,2013110057,Sea The Stars,000a011c78,,千代田牧場,0.0,2012.0,2013.0,2006.0
2021104118,マイアヴィータ,牝,田嶋弘幸,,スワーヴリチャード,2014106083,スマイルプライズ,2007100528,ホワイトマズル,1990109700,小橋亮太,千代田牧場,0.0,2014.0,2007.0,1990.0
2021104114,エレファンタ,牝,武英智,,デクラレーションオブウォー,000a0136f6,シーブリーズライフ,2010103002,アドマイヤジャパン,2002102324,飯田正剛,千代田牧場,0.0,2009.0,2010.0,2002.0
2021104111,サーキットレディの2021,牝,,,キンシャサノキセキ,2003110212,サーキットレディ,2004110024,Grand Slam,000a0022b9,,千代田牧場,0.0,2003.0,2004.0,1995.0
2021104108,サトノラミアの2021,牝,,,リオンディーズ,2013105915,サトノラミア,2009103886,ブライアンズタイム,000a000082,,千代田牧場,0.0,2013.0,2009.0,1985.0
2021104097,カスクノワール,牡,角田晃一,,ブラックタイド,2001103312,カチューシャ,2009103906,ケイムホーム,000a0108d1,窪田芳郎,千代田牧場,0.0,2001.0,2009.0,1999.0
2021104095,カウントオンイットの2021,牝,,,レイデオロ,2014106201,カウントオンイット,2014104738,クロフネ,1998110135,,千代田牧場,0.0,2014.0,2014.0,1998.0
2021104087,ダンツアバロン,牡,谷潔,,デクラレーションオブウォー,000a0136f6,アンシェンヌヴィル,2015105976,ディープインパクト,2002100816,山元哲二,千代田牧場,0.0,2009.0,2015.0,2002.0
2021104075,リッキーアンドミー,牝,村山明,,コパノリッキー,2010106548,ラブミーチャン,2007100269,サウスヴィグラス,1996110138,小林祥晃,谷岡牧場,0.0,2010.0,2007.0,1996.0
2021104064,ムーンパスブルー,牡,土井道隆,,ヴァンセンヌ,2009106525,エバーアンドエバー,2012103106,ハーツクライ,2001103038,木稲安則,谷岡牧場,0.0,2009.0,2012.0,2001.0
2021104054,グランパレス,牝,,,サクラオリオン,2002104686,サクラエミリー,2008100397,タイキシャトル,1994109686,,谷岡スタット,0.0,2002.0,2008.0,1994.0
2021104048,ニシノオーシャン,牡,千葉直人,,ビーチパトロール,000a0141f9,ダイヤモンドローズ,2013104582,ダノンシャンティ,2007105709,西山茂行,棚川祐志,0.0,2013.0,2013.0,2007.0
2021104036,キタサンクリーガー,牡,奥村武,,キタサンブラック,2012102013,キャラメライズ,2016105262,キングカメハメハ,2001103460,大野商事,田中裕之,0.0,2012.0,2016.0,2001.0
2021104024,タイキエリーゼの2021,牝,,,アドマイヤムーン,2003102991,タイキエリーゼ,2004106655,キングオブキングス,000a0001b8,,武牧場,0.0,2003.0,2004.0,1995.0
2021104018,エッセンシア,牝,佐々木国,,ダノンシャーク,2008105554,アフィニティ,2006101116,サクラバクシンオー,1989108341,迎徹,武牧場,0.0,2008.0,2006.0,1989.0
2021104016,イデアパシオン,牡,矢嶋大樹,,アニマルキングダム,000a011dad,リアリーラヴユー,2008103046,スペシャルウィーク,1995103211,益田修一,高橋陵,0.0,2008.0,2008.0,1995.0
2021104013,ミヤビソフィアの2021,牝,,,キンシャサノキセキ,2003110212,ミヤビソフィア,2016105804,ハービンジャー,000a011996,,高橋陵,0.0,2003.0,2016.0,2006.0
2021104007,エーオークイーン,牝,久保田貴,,スワーヴリチャード,2014106083,オートロンシャン,2011103006,クロフネ,1998110135,ネクストトライ,高橋陵,0.0,2014.0,2011.0,1998.0
2021103999,バンドウォーク,牝,栗田裕光,,タリスマニック,000a013425,アクトオネストリー,2016104261,ジャスタウェイ,2009106461,横田恵子,高橋義浩,0.0,2013.0,2016.0,2009.0
2021103998,ブートストラップ,セ,井樋一也,,ダノンレジェンド,2010110102,マスターマイン,2006100801,Belong to Me,000a001ff2,梶原大輔,高橋ファーム,0.0,2010.0,2006.0,1989.0
2021103985,オルボンディールの2021,牡,,,アドマイヤムーン,2003102991,オルボンディール,2015104787,ステイゴールド,1994108729,,高橋ファーム,0.0,2003.0,2015.0,1994.0
2021103972,ヤルキゲンキフトシ,牡,高馬元紘,,アメリカンペイトリオット,000a013bba,パーティークィーン,2010102846,アグネスタキオン,1998101516,伊藤準一郎,タイヘイ牧場,0.0,2013.0,2010.0,1998.0
2021103968,グロリオサリリー,牝,川島正一,,ストロングリターン,2006102934,ショウリダバンザイ,2007106452,プリサイスエンド,000a00fe9b,ノルマンディーサラブレッドレーシング,タイヘイ牧場,0.0,2006.0,2007.0,1997.0
2021103965,ビヨンザリーフ,牝,,,Frankel,000a01239b,カフェブリリアント,2010102841,ブライアンズタイム,000a000082,,タイヘイ牧場,0.0,2008.0,2010.0,1985.0
2021103957,シルクパサージュの2021,牡,,,バンブーエール,2003104100,シルクパサージュ,2006104589,マイネルラヴ,1995108558,,城市公,0.0,2003.0,2006.0,1995.0
2021103942,シュゴシン,牡,,,インカンテーション,2010104916,ソヨカゼステップ,2009100739,スタチューオブリバティ,000a0109d5,,静内山田牧場,0.0,2010.0,2009.0,2000.0
2021103921,スマートレガリア,牡,寺島良,,イスラボニータ,2011103565,アンフィデルマール,2016104757,エンパイアメーカー,000a010542,大川徹,静内山田牧場,0.0,2011.0,2016.0,2000.0
2021103920,マニハール,牡,矢野義幸,,アポロケンタッキー,2012110098,アリディルーチェ,2014103318,ロードアルティマ,2000110026,（株）Ｎｉｃｋｓ,静内山田牧場,0.0,2012.0,2014.0,2000.0
2021103915,ブルーメンコルソ,セ,高柳大輔,,マジェスティックウォリアー,000a011e9c,フロリアード,2012104191,クロフネ,1998110135,吉田和美,静内フジカワ牧場,0.0,2005.0,2012.0,1998.0
2021103913,エレンバローズ,牝,松下武士,,キンシャサノキセキ,2003110212,ナイアガラロール,2013110137,Bluegrass Cat,000a01173d,猪熊広次,静内フジカワ牧場,0.0,2003.0,2013.0,2003.0
2021103905,キラリピカリ,牝,根本康広,,ジャスタウェイ,2009106461,エンジェルステップ,2014105855,タートルボウル,000a012045,三岡陽,静内フジカワ牧場,0.0,2009.0,2014.0,2002.0
2021103889,ブライトマハロ,牝,新谷功一,,ビッグアーサー,2011103328,エイシンウルル,2014103046,ディープインパクト,2002100816,西村清子,静内ファーム,0.0,2011.0,2014.0,2002.0
2021103885,ムーンオンタイド,牝,小島茂之,,ブラックタイド,2001103312,ムーンフライト,2011104163,アドマイヤムーン,2003102991,静内白井牧場,静内白井牧場,0.0,2001.0,2011.0,2003.0
2021103881,オリエンタルリーチ,牡,,,エイシンヒカリ,2011101273,ピンクノミーナ,2014104223,ダイワメジャー,2001103114,,静内白井牧場,0.0,2011.0,2014.0,2001.0
2021103877,レーヴマイハートの2021,牝,,,ヤマカツエース,2012102774,レーヴマイハート,2013104712,ハービンジャー,000a011996,,静内酒井牧場,0.0,2012.0,2013.0,2006.0
2021103874,オーデングローリー,牝,甲田悟史,,トゥザグローリー,2007103265,ブーケパルフェ,2008100545,アフリート,000a000013,横田一男,静内酒井牧場,0.0,2007.0,2008.0,1984.0
2021103871,シデン,セ,藤岡健一,,サンダースノー,000a013a06,ジャストゥラヴ,2013102740,シニスターミニスター,000a011099,カナヤマホールディングス,ＣＲステーブル,0.0,2014.0,2013.0,2003.0
2021103865,ユキノハナ,牝,,,モーリス,2011100655,ピンクガーベラ,2014100617,ディープインパクト,2002100816,,サンデーヒルズ,0.0,2011.0,2014.0,2002.0
2021103860,フトコロガタナ,牡,土田稔,,ディスクリートキャット,000a0113a1,クランベリー,2007103527,フジキセキ,1992109618,サンデーヒルズ,サンデーヒルズ,0.0,2003.0,2007.0,1992.0
2021103853,スモールクイーン,牝,池田敦,,トーセンラー,2008102985,チークハート,2016105793,アグネスデジタル,1997110025,服部知明,サンコウ牧場,0.0,2008.0,2016.0,1997.0
2021103852,ディープシャドー,牡,斉藤正弘,,ディーマジェスティ,2013104704,クイーンレガシー,2014104532,キングズベスト,000a0022d2,三宅光男,サンコウ牧場,0.0,2013.0,2014.0,1997.0
2021103850,ハバナギータ,牝,,,ビッグアーサー,2011103328,ボデギータ,2011105129,ゼンノロブロイ,2000101517,,佐竹学,0.0,2011.0,2011.0,2000.0
2021103848,クインズマイア,牝,小林真也,,カリフォルニアクローム,000a012602,プリンセスキナウ,2008100346,キングカメハメハ,2001103460,ケイアイスタリオン,佐竹学,0.0,2011.0,2008.0,2001.0
2021103840,クインズプレアデス,牝,平田修,,シュヴァルグラン,2012104759,ジャストトゥートゥー,000a0114a2,In Excess,000a00228f,ケイアイスタリオン,佐竹学,0.0,2012.0,2000.0,1987.0
2021103838,ドローンシマス,牡,南田美知,,スワーヴリチャード,2014106083,コウエイラブリー,2012102466,エンパイアメーカー,000a010542,Ｍｒ．ホース,佐竹学,0.0,2014.0,2012.0,2000.0
2021103827,クリノビックマロン,牡,藤川純,,カリフォルニアクローム,000a012602,ファッションストリート,000a015976,ストリートセンス,000a0113a2,栗本守,桜井牧場,0.0,2011.0,2013.0,2004.0
2021103824,インフレイサー,牝,水野貴広,,レイデオロ,2014106201,ナスケンアイリス,2007100331,フレンチデピュティ,000a00013a,桜井牧場,桜井牧場,0.0,2014.0,2007.0,1992.0
2021103801,ルージュチルル,牝,音無秀孝,,シルバーステート,2013105903,チルノ,2016110038,Kingman,000a0124ab,東京ホースレーシング,坂本智広,0.0,2013.0,2016.0,2011.0
2021103800,アジルブロンテ,牡,嘉藤貴行,,ホークビル,000a01327c,スールマカロン,2015105005,ハービンジャー,000a011996,野嶋祥二,坂本智広,0.0,2013.0,2015.0,2006.0
2021103797,ヴィゴラス,牡,山崎裕也,,ディスクリートキャット,000a0113a1,キナウ,2011104108,キングカメハメハ,2001103460,徳増栄治,坂本智広,0.0,2003.0,2011.0,2001.0
2021103796,カーティバルの2021,牡,,,アドマイヤムーン,2003102991,カーティバル,2015100561,ロードカナロア,2008103552,,坂本智広,0.0,2003.0,2015.0,2008.0
2021103789,ラヴバインドの2021,牡,,,ミッキーアイル,2011103916,ラヴバインド,2015100249,ショウナンカンプ,1998102595,,サカイファーム,0.0,2011.0,2015.0,1998.0
2021103787,ヒルノグエル,牡,西村真幸,,サトノクラウン,2012104668,ヒルノリスボン,2013104197,マンハッタンカフェ,1998101554,ヒルノ,サカイファーム,0.0,2012.0,2013.0,1998.0
2021103768,フェイスマークの2021,牡,,,ヘニーヒューズ,000a011155,フェイスマーク,2015104377,ローエングリン,1999106738,,今牧場,0.0,2003.0,2015.0,1999.0
2021103765,カツノイレヴンズ,牡,伊藤伸一,,ミッキーロケット,2013106099,チアズスワロー,2004104380,フレンチデピュティ,000a00013a,勝野産業,今牧場,0.0,2013.0,2004.0,1992.0
2021103756,ホールドミータイトの2021,牡,,,カレンブラックヒル,2009106230,ホールドミータイト,2011101944,コマンズ,000a011625,,グランド牧場,0.0,2009.0,2011.0,1996.0
2021103746,ビジータイムの2021,牝,,,ロジャーバローズ,2016106065,ビジータイム,2011101910,マンハッタンカフェ,1998101554,,グランド牧場,0.0,2016.0,2011.0,1998.0
2021103745,ミヤパルフェ,牝,伊藤圭三,,ドゥラメンテ,2012104511,ビジュ,000a012f83,ストリートセンス,000a0113a2,山本益臣,グランド牧場,0.0,2012.0,2012.0,2004.0
2021103740,マミネエ,牝,,,コパノリッキー,2010106548,ハヤブサレディゴー,2013104145,サウスヴィグラス,1996110138,,グランド牧場,0.0,2010.0,2013.0,1996.0
2021103736,エリカビーナス,牝,田中淳司,,エピファネイア,2010104155,ナタリー,2012102857,ディープインパクト,2002100816,三木正浩,グランド牧場,0.0,2010.0,2012.0,2002.0
2021103731,ドレフォンエンゼル,牝,牧田和弥,,ドレフォン,000a013b82,ディーズフェイク,2015105613,マンハッタンカフェ,1998101554,鈴木昭和,グランド牧場,0.0,2013.0,2015.0,1998.0
2021103729,ヘップバーン,牝,吉岡辰弥,,キタサンブラック,2012102013,チークトゥチーク,2014106181,クロフネ,1998110135,モンレーヴ,グランド牧場,0.0,2012.0,2014.0,1998.0
2021103721,サトノハニーの2021,牡,,,ダンカーク,000a012185,サトノハニー,2012102875,ディープインパクト,2002100816,,グランド牧場,0.0,2006.0,2012.0,2002.0
2021103715,ミトノダービー,牝,角田輝也,,サトノダイヤモンド,2013106101,ガーデニア,000a013711,Galileo,000a00232b,竹内三年,グランド牧場,0.0,2013.0,2013.0,1998.0
2021103714,カレドニアロードの2021,牡,,,Justify,000a013f2d,カレドニアロード,000a01a81b,Quality Road,000a011cff,,グランド牧場,0.0,2015.0,2015.0,2006.0
2021103709,ソニャンド,牝,吉見真幸,,サトノクラウン,2012104668,アリュマージュ,2015104175,ハーツクライ,2001103038,河野孝明,グランド牧場,0.0,2012.0,2015.0,2001.0
2021103693,ナンヨーシュート,牡,櫻井今朝,,リアルスティール,2012104889,ルックオブラヴ,2013106260,キングズベスト,000a0022d2,（同）ＪＰＮ技研,木村秀則,0.0,2012.0,2013.0,1997.0
2021103686,ラヴシュプリーム,牡,長南和宏,,サトノクラウン,2012104668,パーフェクトラヴ,2017103442,オルフェーヴル,2008102636,山田裕史,木村秀則,0.0,2012.0,2017.0,2008.0
2021103680,エクレアスターライトの2021,牡,,,ロードカナロア,2008103552,エクレアスターライト,000a014096,Fastnet Rock,000a010601,,木村秀則,0.0,2008.0,2014.0,2001.0
2021103679,メイショウリーチ,牡,,,バトルプラン,000a0118e8,ラブコール,2011101877,チチカステナンゴ,000a011135,,神垣道弘,0.0,2005.0,2011.0,1998.0
2021103672,ネオファンシーの2021,牝,,,バトルプラン,000a0118e8,ネオファンシー,2008102019,ネオユニヴァース,2000101426,,神垣道弘,0.0,2005.0,2008.0,2000.0
2021103663,インコグニートの2021,牝,,,レインボーライン,2013106183,インコグニート,1999106687,Gone West,000a001be1,,神垣道弘,0.0,2013.0,1999.0,1984.0
2021103650,プッティー,牝,本間忍,,マインドユアビスケッツ,000a01392e,クインスウィーティ,2010104627,デュランダル,1999106756,田畑利彦,片岡博,0.0,2013.0,2010.0,1999.0
2021103642,キタサングラシアスの2021,牡,,,シルバーステート,2013105903,キタサングラシアス,2014102426,キングヘイロー,1995104427,,カタオカステーブル,0.0,2013.0,2014.0,1995.0
2021103632,エイシンボンバー,牡,勢司和浩,,エイシンヒカリ,2011101273,エルヴィエント,2008103032,ワイルドラッシュ,000a0003a1,栄進堂,織田正敏,0.0,2011.0,2008.0,1994.0
2021103628,ポップスキャットの2021,牡,,,ファインニードル,2013100612,ポップスキャット,2012104496,ダンスインザダーク,1993109188,,小倉光博,0.0,2013.0,2012.0,1993.0
2021103621,アインクラングの2021,牡,,,ディスクリートキャット,000a0113a1,アインクラング,2011103578,チチカステナンゴ,000a011135,,小倉光博,0.0,2003.0,2011.0,1998.0
2021103616,ローズクローム,牝,田中淳司,,カリフォルニアクローム,000a012602,ローズカリーナ,2012104934,ハービンジャー,000a011996,水谷昌晃,岡田牧場,0.0,2011.0,2012.0,2006.0
2021103609,ヤマカツダンディー,セ,笹田和秀,,ヤマカツエース,2012102774,ヤマカツナタリー,2009103395,アグネスタキオン,1998101516,山田和夫,岡田牧場,0.0,2012.0,2009.0,1998.0
2021103604,ゴールドテンペスト,牡,,,ゴールドシップ,2009102739,マリンランプ,2013104053,スウェプトオーヴァーボード,000a00fa34,,岡田牧場,0.0,2009.0,2013.0,1997.0
2021103592,タマモパラッツォ,牡,中竹和也,,シニスターミニスター,000a011099,タマモエスカルゴ,2011102613,ケイムホーム,000a0108d1,タマモ,岡田牧場,0.0,2003.0,2011.0,1999.0
2021103587,ラストプレイヤー,牝,大和田成,,アニマルキングダム,000a011dad,クインズプレイヤー,2004104185,トウカイテイオー,1988101025,嶋田賢,岡田牧場,0.0,2008.0,2004.0,1988.0
2021103584,ナオヤ,牡,,,ロジャーバローズ,2016106065,カルナヴァレ,2009104243,ローエングリン,1999106738,,岡田牧場,0.0,2016.0,2009.0,1999.0
2021103579,キコ,牡,新谷功一,,デクラレーションオブウォー,000a0136f6,ヴェリタスマリコ,2012106081,キングカメハメハ,2001103460,Ｇリビエール・レーシング,岡田牧場,0.0,2009.0,2012.0,2001.0
2021103567,チャームピクチャーの2021,牝,,,シャンハイボビー,000a0127e4,チャームピクチャー,2004105073,ダンスインザダーク,1993109188,,岡田猛,0.0,2010.0,2004.0,1993.0
2021103563,ゴーファイトウィンの2021,牡,,,ディーマジェスティ,2013104704,ゴーファイトウィン,2003102678,エンドスウィープ,000a00010f,,岡田猛,0.0,2013.0,2003.0,1991.0
2021103560,ラルビッツ,牝,山田和久,,イスラボニータ,2011103565,ローゼンタール,2013103962,ロージズインメイ,000a010a10,遠藤喜和,岡田スタッド,0.0,2011.0,2013.0,2000.0
2021103541,ホウオウサブリナの2021,牡,,,エピファネイア,2010104155,ホウオウサブリナ,2015104903,ルーラーシップ,2007103143,,岡田スタッド,0.0,2010.0,2015.0,2007.0
2021103538,オビワンクィーン,牝,鹿戸雄一,,イスラボニータ,2011103565,プラチナテーラー,2010102455,ジャングルポケット,1998101786,富士開発,岡田スタッド,0.0,2011.0,2010.0,1998.0
2021103523,ノールシャピートル,牡,菊川正達,,ビーチパトロール,000a0141f9,ハルシュタット,2009106298,ファスリエフ,000a00fc4c,永見貴昭,岡田スタッド,0.0,2013.0,2009.0,1997.0
2021103503,ストゥデンテッサの2021,牡,,,マツリダゴッホ,2003104570,ストゥデンテッサ,000a011aba,High Yield,000a00fd81,,岡田スタッド,0.0,2003.0,2007.0,1997.0
2021103501,マイエール,牝,水野貴史,,ダノンバラード,2008103548,シーデイライト,2015100667,ヘニーヒューズ,000a011155,湯澤寛,岡田スタッド,0.0,2008.0,2015.0,2003.0
2021103499,シャルマンレーヌの2021,牡,,,スノードラゴン,2008104268,シャルマンレーヌ,2004107197,ダンスインザダーク,1993109188,,岡田スタッド,0.0,2008.0,2004.0,1993.0
2021103498,ザッツザウェイの2021,牡,,,サトノアラジン,2011104063,ザッツザウェイ,2003104870,フサイチコンコルド,1993109220,,岡田スタッド,0.0,2011.0,2003.0,1993.0
2021103494,オメガジャカランダ,牝,大和田成,,ニューイヤーズデイ,000a014589,クレーデリンテ,2013105416,ダイワメジャー,2001103114,原禮子,岡田スタッド,0.0,2011.0,2013.0,2001.0
2021103492,エクラメテオール,牡,高橋俊之,,エイシンフラッシュ,2007102951,ギャラクシーセレブ,2013101515,ブラックタイド,2001103312,高橋麻樹,岡田スタッド,0.0,2007.0,2013.0,2001.0
2021103485,プリマディーバ,牝,藤田弘治,,サトノダイヤモンド,2013106101,エーソングフォー,2005110174,More Than Ready,000a00fcdd,ノルマンディーサラブレッドレーシング,岡田スタッド,0.0,2013.0,2005.0,1997.0
2021103473,イッツマインの2021,牡,,,ヘンリーバローズ,2015104813,イッツマイン,2012101916,Medicean,000a010a19,,岡田スタッド,0.0,2015.0,2012.0,1997.0
2021103472,パステルパレット,牝,高橋一哉,,ディーマジェスティ,2013104704,アンローランサン,2006100741,フサイチコンコルド,1993109220,ノルマンディーサラブレッドレーシング,岡田スタッド,0.0,2013.0,2006.0,1993.0
2021103464,オセアルクレット,牡,藤ケ崎一,,アジアエクスプレス,2011110091,カラマンシー,2012104497,ゼンノロブロイ,2000101517,伊藤彰敏,大滝康晴,0.0,2011.0,2012.0,2000.0
2021103461,ティーエスカラフル,牝,伊藤和,,リーチザクラウン,2006102923,マダムメガミ,2003100803,マヤノトップガン,1992102988,鈴木智明,及川ミツ子,0.0,2006.0,2003.0,1992.0
2021103460,ソーリャ,牡,今津勝之,,ビーチパトロール,000a0141f9,リキアイノキセキ,2002104395,フジキセキ,1992109618,山本国広,漆原武男,0.0,2013.0,2002.0,1992.0
2021103453,エクアトゥール,牝,,,ホッコータルマエ,2009100921,マイネリスペクト,2008104071,リンカーン,2000101561,,上野正恵,0.0,2009.0,2008.0,2000.0
2021103450,マイティーハニーの2021,牡,,,ゴールデンマンデラ,2017110001,マイティーハニー,2012104837,ハーツクライ,2001103038,,ウエスタンファーム,0.0,2017.0,2012.0,2001.0
2021103437,ライヴパトラッシュ,セ,尾形和幸,,コパノリッキー,2010106548,バックアタック,2007100060,アグネスデジタル,1997110025,澤田孝之,伊藤敏明,0.0,2010.0,2007.0,1997.0
2021103436,コパノサスペンス,牡,上原博之,,コパノリッキー,2010106548,スパイオブラヴ,2005102254,フレンチデピュティ,000a00013a,小林祥晃,伊藤敏明,0.0,2010.0,2005.0,1992.0
2021103433,ロジデオロ,牡,大竹正博,,レイデオロ,2014106201,ロジシエロ,2017105650,ロジユニヴァース,2006103140,久米田正明,石川牧場,0.0,2014.0,2017.0,2006.0
2021103431,プティエル,牝,工藤真司,,シルバーステート,2013105903,ヤマイチシキブ,2008100045,ブライアンズタイム,000a000082,森本敏正,石川牧場,0.0,2013.0,2008.0,1985.0
2021103430,ライジングキャスト,牝,,,ファインニードル,2013100612,ボンボンキャスト,2012106035,ゼンノロブロイ,2000101517,,石川牧場,0.0,2013.0,2012.0,2000.0
2021103427,タカイチダンカーク,牡,藪口一麻,,ダンカーク,000a012185,ダンシングハート,2002102487,サンデーサイレンス,000a00033a,高橋一郎,石川牧場,0.0,2006.0,2002.0,1986.0
2021103424,ルネッタアスールの2021,牡,,,キンシャサノキセキ,2003110212,ルネッタアスール,2009105867,ロージズインメイ,000a010a10,,石川栄一,0.0,2003.0,2009.0,2000.0
2021103420,サトノフタバの2021,牝,,,アポロケンタッキー,2012110098,サトノフタバ,2005102271,アグネスタキオン,1998101516,,荒谷輝和,0.0,2012.0,2005.0,1998.0
2021103414,コスモールロック,牝,鈴木勝文,,ベストウォーリア,2010110127,マリーエスペランサ,2013100526,マンハッタンカフェ,1998101554,石井啓之,荒木貴宏,0.0,2010.0,2013.0,1998.0
2021103412,クスノアオバ,牝,,,サンダースノー,000a013a06,ザペキンハート,2000101698,サンデーウェル,1992107451,,荒木貴宏,0.0,2014.0,2000.0,1992.0
2021103411,アプラウゾ,牝,柳沢好美,,アドマイヤムーン,2003102991,ゴッデス,2013104930,サムライハート,2002100996,木村明彦,荒木貴宏,0.0,2003.0,2013.0,2002.0
2021103381,クィーンオブキネマの2021,牝,,,サトノアラジン,2011104063,クィーンオブキネマ,2004100416,タイキシャトル,1994109686,,山春牧場,0.0,2011.0,2004.0,1994.0
2021103375,サンヨウアスリート,牝,山田和久,,アジアエクスプレス,2011110091,ポワンセティ,2015100544,ロードカナロア,2008103552,上野孝展,山田昇史,0.0,2011.0,2015.0,2008.0
2021103369,チョコラティート,牡,,,ファインニードル,2013100612,タイキジャスパー,2006104799,タイキシャトル,1994109686,,山田昇史,0.0,2013.0,2006.0,1994.0
2021103368,フクシマジョワイユ,牝,的場均,,アメリカンペイトリオット,000a013bba,サンブリリアント,2014103661,タイキシャトル,1994109686,西本資史,山田昇史,0.0,2013.0,2014.0,1994.0
2021103360,マイネトップレディの2021,牡,,,ダノンレジェンド,2010110102,マイネトップレディ,2003103533,ムタファーウエク,000a000d9e,,モトスファーム,0.0,2010.0,2003.0,1996.0
2021103358,タカラブネクイーンの2021,牝,,,ダノンレジェンド,2010110102,タカラブネクイーン,2013105112,ヴァーミリアン,2002100877,,モトスファーム,0.0,2010.0,2013.0,2002.0
2021103351,ウォータートスカの2021,牝,,,ワールドエース,2009106353,ウォータートスカ,2004101667,オペラハウス,000a000d77,,本巣敦,0.0,2009.0,2004.0,1988.0
2021103348,ロージーカーペット,牝,,,ディスクリートキャット,000a0113a1,ローブドヴルール,2006105366,サウスヴィグラス,1996110138,,ミルファーム,0.0,2003.0,2006.0,1996.0
2021103347,ポゴシプタ,牝,清水英克,,ダノンバラード,2008103548,リーベストラウム,2005100990,ゼンノエルシド,1997110179,ミルファーム,ミルファーム,0.0,2008.0,2005.0,1997.0
2021103346,ジュエルアイズ,牝,,,ディスクリートキャット,000a0113a1,ヨイミヤ,2013103983,マツリダゴッホ,2003104570,,ミルファーム,0.0,2003.0,2013.0,2003.0
2021103344,ヘブンリーエナジー,牝,西田雄一,,ダノンレジェンド,2010110102,メランコリア,2012105638,プリサイスエンド,000a00fe9b,ミルファーム,ミルファーム,0.0,2010.0,2012.0,1997.0
2021103340,タンポポ,牝,南田美知,,ドレフォン,000a013b82,ポンポン,2014100625,ブラックタイド,2001103312,ミルファーム,ミルファーム,0.0,2013.0,2014.0,2001.0
2021103339,オンネリネン,牝,,,メイショウボーラー,2001100650,ポロロッカ,2010106194,スパイキュール,2000101557,,ミルファーム,0.0,2001.0,2010.0,2000.0
2021103335,スパークリー,牝,石毛善彦,,ロゴタイプ,2010103783,ピカピカ,2015104014,トーセンホマレボシ,2009106092,ミルファーム,ミルファーム,0.0,2010.0,2015.0,2009.0
2021103307,リアルブル,牡,,,ニューイヤーズデイ,000a014589,デンファレ,2007101820,フジキセキ,1992109618,,宮内牧場,0.0,2011.0,2007.0,1992.0
2021103292,アンディバローズ,牡,清水久詞,,ロジャーバローズ,2016106065,ロックザボート,2015105112,Fastnet Rock,000a010601,猪熊広次,三嶋牧場,0.0,2016.0,2015.0,2001.0
2021103286,シマイ,牝,国枝栄,,Medaglia d'Oro,000a010a65,リリカルモーメント,000a01ba9d,Unbridled's Song,000a002071,嶋田賢,三嶋牧場,0.0,1999.0,2013.0,1993.0
2021103279,メイショウツバメ,牝,荒川義之,,シルバーステート,2013105903,メイショウルイーズ,2003102285,アフリート,000a000013,松本好雄,三嶋牧場,0.0,2013.0,2003.0,1984.0
2021103274,メイショウナナホシ,牝,荒川義之,,イスラボニータ,2011103565,メイショウナナイロ,2008101791,タイキシャトル,1994109686,松本好隆,三嶋牧場,0.0,2011.0,2008.0,1994.0
2021103271,ミッシーフォール,牝,矢野英一,,イスラボニータ,2011103565,メイショウスイヅキ,2013106291,パイロ,000a01176a,三嶋牧場,三嶋牧場,0.0,2011.0,2013.0,2005.0
2021103265,メイショウガーデンの2021,牝,,,エピファネイア,2010104155,メイショウガーデン,2013103773,マンハッタンカフェ,1998101554,,三嶋牧場,0.0,2010.0,2013.0,1998.0
2021103256,マドモアゼルの2021,牝,,,デクラレーションオブウォー,000a0136f6,マドモアゼル,2015103365,ブラックタイド,2001103312,,三嶋牧場,0.0,2009.0,2015.0,2001.0
2021103254,モリシオ,牡,宮徹,,コパノリッキー,2010106548,ベルペスカ,2015103361,ディープブリランテ,2009105084,小林祥晃,三嶋牧場,0.0,2010.0,2015.0,2009.0
2021103246,テーオーフェアリーの2021,牡,,,タリスマニック,000a013425,テーオーフェアリー,2009100790,キングカメハメハ,2001103460,,三嶋牧場,0.0,2013.0,2009.0,2001.0
2021103235,ハッカー,牡,上村洋行,,ロジャーバローズ,2016106065,シャンロッサ,000a01251d,Galileo,000a00232b,石川達絵,三嶋牧場,0.0,2016.0,2006.0,1998.0
2021103231,サヨナラ,牝,,,スワーヴリチャード,2014106083,コムフレイ,000a010ce2,A.P. Indy,000a001d37,,三嶋牧場,0.0,2014.0,2002.0,1989.0
2021103230,レディトゥゲザー,牝,,,スワーヴリチャード,2014106083,グリーンダンディ,000a011e11,Green Desert,000a0017d2,,三嶋牧場,0.0,2014.0,2007.0,1983.0
2021103222,カフェロワン,牡,古賀慎明,,カフェラピード,2008101059,エルドールカフェ,2013103487,ロージズインメイ,000a010a10,西川光一,三嶋牧場,0.0,2008.0,2013.0,2000.0
2021103220,ニューウィンド,牝,高馬元紘,,オルフェーヴル,2008102636,アンナパブロワ,000a0169e5,St. Petersburg,000a015fd5,堂守貴志,三嶋牧場,0.0,2008.0,2013.0,1997.0
2021103212,ニードルフェルト,牝,杉浦宏昭,,ファインニードル,2013100612,リーズン,2015104979,ロードカナロア,2008103552,山口正行,まるとみ冨岡牧場,0.0,2013.0,2015.0,2008.0
2021103194,ナチュラルダイヤの2021,牡,,,ダンカーク,000a012185,ナチュラルダイヤ,2017106354,エピファネイア,2010104155,,丸幸小林牧場,0.0,2006.0,2017.0,2010.0
2021103173,プレゼンター,牡,,,アジアエクスプレス,2011110091,タイキソレイユ,2009100720,フジキセキ,1992109618,,ビクトリーホースランチ,0.0,2011.0,2009.0,1992.0
2021103170,ローズソーン,牝,高野友和,,ラブリーデイ,2010104298,スピーナ,2016105308,ハーツクライ,2001103038,大樹ファーム,ビクトリーホースランチ,0.0,2010.0,2016.0,2001.0
2021103163,ギュウニュウ,牝,深山雅史,,ダンカーク,000a012185,ルミアージュ,2010104342,ハーツクライ,2001103038,由井健太郎,日の出牧場,0.0,2006.0,2010.0,2001.0
2021103160,ジャーロイヤル,牝,鮫島一歩,,ルーラーシップ,2007103143,サトノエレーナ,2016103059,ノヴェリスト,000a012230,本間茂,日の出牧場,0.0,2007.0,2016.0,2009.0
2021103159,メイショウアンゾフ,牡,四位洋文,,マジェスティックウォリアー,000a011e9c,エフティアテナ,2015104711,ルーラーシップ,2007103143,松本好雄,日の出牧場,0.0,2005.0,2015.0,2007.0
2021103153,クイーンズフジコ,牝,,,ロードカナロア,2008103552,フロンテアクイーン,2013103682,メイショウサムソン,2003102205,,林孝輝,0.0,2008.0,2013.0,2003.0
2021103152,チカーラ,牡,小林真治,,エピファネイア,2010104155,フォーシーム,2013103684,ダイワメジャー,2001103114,井上久光,林孝輝,0.0,2010.0,2013.0,2001.0
2021103151,メイショウシオン,牝,石橋守,,オルフェーヴル,2008102636,ハービンジャーラス,000a012e27,Thousand Words,000a012c44,松本好雄,林孝輝,0.0,2008.0,2010.0,2004.0
2021103139,テンキングボス,牡,寺島良,,Saxon Warrior,2015100991,ダリナー,000a01b841,Shamardal,000a010c92,天白泰司,信岡牧場,0.0,2015.0,2015.0,2002.0
2021103137,フジ,牡,,,スピルバーグ,2009105961,エイシンエルヴァー,2015105218,タイキシャトル,1994109686,,信岡牧場,0.0,2009.0,2015.0,1994.0
2021103126,チャコールアニー,牝,高橋文雅,,ビーチパトロール,000a0141f9,ドキドキガール,2009100684,キングヘイロー,1995104427,日東牧場,日東牧場,0.0,2013.0,2009.0,1995.0
2021103122,キーコンセプト,牡,鈴木孝志,,キズナ,2010105827,マイユクール,2008101691,バゴ,2001190004,ノースヒルズ,日進牧場,0.0,2010.0,2008.0,2001.0
2021103117,スールキートスの2021,牡,,,ダンカーク,000a012185,スールキートス,2012105471,キングヘイロー,1995104427,,日進牧場,0.0,2006.0,2012.0,1995.0
2021103114,ケイアイカシオペヤ,牡,奥平雅士,,ダノンレジェンド,2010110102,クインズアリエス,2015106262,ヘニーヒューズ,000a011155,亀田和弘,日進牧場,0.0,2010.0,2015.0,2003.0
2021103113,ラナ,牝,,,ハービンジャー,000a011996,カトルズリップス,2008102915,マンハッタンカフェ,1998101554,,日進牧場,0.0,2006.0,2008.0,1998.0
2021103110,ミスターキンの2021,牝,,,スマートファルコン,2005100097,ミスターキン,2004102155,オジジアン,000a00025e,,南部功,0.0,2005.0,2004.0,1983.0
2021103108,キングシャーク,牡,,,ダノンシャーク,2008105554,オンワードラトゥル,2002103781,ストローズクリーク,000a000d9a,,南部功,0.0,2008.0,2002.0,1991.0
2021103102,フローズンムーンの2021,牡,,,パイロ,000a01176a,フローズンムーン,2010100639,アドマイヤムーン,2003102991,,中脇満,0.0,2005.0,2010.0,2003.0
2021103098,カツナデシコの2021,牡,,,パイロ,000a01176a,カツナデシコ,2007101695,カリズマティック,000a00fa33,,中脇満,0.0,2005.0,2007.0,1996.0
2021103097,タマモマックイーン,牡,栗本陽一,,ギンザグリングラス,2005106327,エタンスラント,2012100709,コンデュイット,2005190006,高木毅,中脇満,0.0,2005.0,2012.0,2005.0
2021103084,コウエイレディーの2021,牡,,,バンブーエール,2003104100,コウエイレディー,2010105455,タニノギムレット,1999100226,,富菜牧場,0.0,2003.0,2010.0,1999.0
2021103081,サンマルク,牝,水野貴広,,ロゴタイプ,2010103783,アンナトルテ,2013103628,エンパイアメーカー,000a010542,ビッグレッドファーム,富菜牧場,0.0,2010.0,2013.0,2000.0
2021103079,レッドマーシャル,牡,中内田充,,レイデオロ,2014106201,レッドシェリール,2011104077,ゼンノロブロイ,2000101517,東京ホースレーシング,富田牧場,0.0,2014.0,2011.0,2000.0
2021103077,ルフランビクトリー,牡,,,シャンハイボビー,000a0127e4,ルフランエトワール,2016106366,オルフェーヴル,2008102636,,富田牧場,0.0,2010.0,2016.0,2008.0
2021103068,ロフティーテーラー,牝,緒方努,,ドゥラメンテ,2012104511,ジプシー,000a01389b,Distorted Humor,000a0022ea,中西浩一,富田牧場,0.0,2012.0,2007.0,1993.0
2021103066,ココリロビン,牝,北野真弘,,オルフェーヴル,2008102636,シャンテクレール,2011110058,Dubawi,000a0115e2,美崎光二郎,富田牧場,0.0,2008.0,2011.0,2002.0
2021103059,ハルメネス,牝,櫻井今朝,,ロゴタイプ,2010103783,レディーガリレオ,2013110006,Galileo,000a00232b,酒井孝敏,ディアレストクラブ,0.0,2010.0,2013.0,1998.0
2021103046,トリアンドルスの2021,牡,,,サトノダイヤモンド,2013106101,トリアンドルス,2012105900,マツリダゴッホ,2003104570,,ディアレストクラブ,0.0,2013.0,2012.0,2003.0
2021103043,ディアアネラ,牝,,,コパノリッキー,2010106548,ディアユリアザミ,2014100369,ボストンハーバー,000a00007c,,ディアレストクラブ,0.0,2010.0,2014.0,1994.0
2021103034,ハードタック,牡,高木登,,マインドユアビスケッツ,000a01392e,サトノバーキン,2011102258,クロフネ,1998110135,ディアレストクラブ,ディアレストクラブ,0.0,2013.0,2011.0,1998.0
2021103029,リルピース,牝,,,ゴールドシップ,2009102739,カレイメモワール,2009103099,アドマイヤムーン,2003102991,,ディアレストクラブ,0.0,2009.0,2009.0,2003.0
2021103019,ミラノヴェローチェ,牝,須貝尚介,,ブリックスアンドモルタル,000a014377,ユキエチャン,2016104843,ジャスタウェイ,2009106461,大野照旺,辻牧場,0.0,2014.0,2016.0,2009.0
2021103015,マラジニアの2021,牡,,,ブラックタイド,2001103312,マラジニア,000a012f92,Whipper,000a0114a6,,辻牧場,0.0,2001.0,2008.0,2001.0
2021103007,トラウムライゼ,牡,池江泰寿,,モーリス,2011100655,ファイナルドリーム,2016110102,Frankel,000a01239b,ＤＭＭドリームクラブ,辻牧場,0.0,2011.0,2016.0,2008.0
2021102994,アンジュトレゾール,牝,藤岡健一,,デクラレーションオブウォー,000a0136f6,ティックルピンク,2006102841,フレンチデピュティ,000a00013a,ヒダカ・ブリーダーズ・ユニオン,辻牧場,0.0,2009.0,2006.0,1992.0
2021102986,ミスズオンリーミー,牝,河嶋宏樹,,リアルスティール,2012104889,スズカローゼ,2007101654,クロフネ,1998110135,永井啓弍,辻牧場,0.0,2012.0,2007.0,1998.0
2021102984,スリーリチャード,牡,,,スワーヴリチャード,2014106083,スズカフォイル,2002104223,フレンチデピュティ,000a00013a,,辻牧場,0.0,2014.0,2002.0,1992.0
2021102983,ミスズクライ,牝,谷潔,,カリフォルニアクローム,000a012602,スズカクイーン,2015104709,クロフネ,1998110135,永井啓弍,辻牧場,0.0,2011.0,2015.0,1998.0
2021102979,ラリッサ,牝,小栗実,,ロジャーバローズ,2016106065,シンフォニア,2012105410,サクラバクシンオー,1989108341,辻助,辻牧場,0.0,2016.0,2012.0,1989.0
2021102976,オーチモ,牡,,,リッチーリッチー,2013110008,コルボノワール,2012101285,マンハッタンカフェ,1998101554,,辻牧場,0.0,2013.0,2012.0,1998.0
2021102965,マダムリエート,牝,小椋研介,,スワーヴリチャード,2014106083,アンブラッセモワ,2013110032,Zoffany,000a012701,ラ・メール,辻牧場,0.0,2014.0,2013.0,2008.0
2021102964,アズデザイヤ,牡,,,デクラレーションオブウォー,000a0136f6,アンジュデジール,2014103365,ディープインパクト,2002100816,,辻牧場,0.0,2009.0,2014.0,2002.0
2021102962,ヒメユリ,牝,奥村武,,デクラレーションオブウォー,000a0136f6,アドマイヤラブ,2011103747,アドマイヤムーン,2003102991,嶋田賢,辻牧場,0.0,2009.0,2011.0,2003.0
2021102958,ピアノコンクールの2021,牡,,,レインボーライン,2013106183,ピアノコンクール,2011103341,フォーティナイナーズサン,000a011227,,津島優治,0.0,2013.0,2011.0,2001.0
2021102955,ロンギングドクター,牡,武藤敏明,,ロンギングダンサー,2009105855,インソムニア,2012105365,エンパイアメーカー,000a010542,（同）ＪＰＮ技研,地興牧場,0.0,2009.0,2012.0,2000.0
2021102951,ダイタクロノス,牡,土田稔,,シルバーステート,2013105903,クールメアリー,2015103074,タイキシャトル,1994109686,中込哲太郎,チェスナットファーム,0.0,2013.0,2015.0,1994.0
2021102939,セイスピカの2021,牝,,,セイクリムズン,2006100106,セイスピカ,2016100823,パイロ,000a01176a,,大道牧場,0.0,2006.0,2016.0,2005.0
2021102936,ミラクルボーイ,牡,山口竜一,,ヴィクトワールピサ,2007102923,ヴェスティージ,2015101588,Raven's Pass,000a011d04,橋本富夫,大道牧場,0.0,2007.0,2015.0,2005.0
2021102934,アップライズ,牡,石坂公一,,アニマルキングダム,000a011dad,メジャーシャルマン,2015105049,ダイワメジャー,2001103114,吉澤ホールディングス,谷口牧場,0.0,2008.0,2015.0,2001.0
2021102916,クリノリヴィング,牡,渡瀬寛彰,,リアルインパクト,2008103244,リヴィングビーイング,000a013e7c,Medicean,000a010a19,栗本守,谷川牧場,0.0,2008.0,2014.0,1997.0
2021102892,タイセイララバイの2021,牝,,,タイセイレジェンド,2007103199,タイセイララバイ,2011103900,シンボリクリスエス,1999110099,,谷川牧場,0.0,2007.0,2011.0,1999.0
2021102891,スプリンググローリーの2021,牡,,,ダイワメジャー,2001103114,スプリンググローリー,000a014691,Manipulator,000a011c99,,谷川牧場,0.0,2001.0,2015.0,2001.0
2021102884,マーレブル,牝,木原一良,,ルーラーシップ,2007103143,カワイアラ,2014100114,クロフネ,1998110135,名古屋友豊,谷川牧場,0.0,2007.0,2014.0,1998.0
2021102871,チョコレートリリーの2021,牡,,,シルバーステート,2013105903,チョコレートリリー,2010104501,ウォーエンブレム,000a00fa35,,田中スタッド,0.0,2013.0,2010.0,1999.0
2021102870,オリジナルレイザー,牡,,,ホッコータルマエ,2009100921,シエルクレール,2015103054,ダイワメジャー,2001103114,,田中スタッド,0.0,2009.0,2015.0,2001.0
2021102859,シエルスラン,牝,黒川智貴,,コパノリッキー,2010106548,メイショウホノボノ,2010105030,メイショウサムソン,2003102205,日進牧場,高村牧場,0.0,2010.0,2010.0,2003.0
2021102856,リターンロード,牡,小椋研介,,リアルスティール,2012104889,ピエールドリュヌ,2011105824,キングカメハメハ,2001103460,池袋レーシング,高村牧場,0.0,2012.0,2011.0,2001.0
2021102846,エターナルローズ,牝,鈴木伸尋,,ワールドエース,2009106353,アルバローズ,2000101690,エリシオ,1993190001,ターフ・スポート,高村牧場,0.0,2009.0,2000.0,1993.0
2021102833,メイショウバンリ,牝,本田優,,ビッグアーサー,2011103328,プリンプリンカフェ,2014105587,ネオユニヴァース,2000101426,松本好雄,太陽牧場,0.0,2011.0,2014.0,2000.0
2021102828,ジーシスターの2021,牝,,,ミッキーロケット,2013106099,ジーシスター,2012105224,ジャングルポケット,1998101786,,惣田英幸,0.0,2013.0,2012.0,1998.0
2021102824,ドナドナ,牝,小崎憲,,サンダースノー,000a013a06,ドナパフューム,2010110141,Bertolini,000a00fe97,ニッシンホールディングス,千里ファーム,0.0,2014.0,2010.0,1996.0
2021102821,ランガン,牝,伊藤大士,,Gun Runner,000a0138fb,クリスティザー,000a01b7e1,Tapizar,000a0123f3,ニッシンホールディングス,千里ファーム,0.0,2013.0,2016.0,2008.0
2021102820,モモンドゥジョワ,牝,辻哲英,,エピカリス,2014103121,アウトオブタイム,000a011194,Panis,000a0110a4,ヒダカ・ブリーダーズ・ユニオン,千里ファーム,0.0,2014.0,2004.0,1998.0
2021102814,メイショウケンプウの2021,牝,,,ルーラーシップ,2007103143,メイショウケンプウ,2013103688,マンハッタンカフェ,1998101554,,松栄牧場,0.0,2007.0,2013.0,1998.0
2021102812,トウカイアスター,牡,,,ニューイヤーズデイ,000a014589,トウカイポプリ,2005105314,タイキシャトル,1994109686,,松栄牧場,0.0,2011.0,2005.0,1994.0
2021102811,マサノナデシコ,牝,高橋康之,,ダノンレジェンド,2010110102,タカネナデシコ,2010109091,スズカフェニックス,2002107011,猪野毛雅人,松栄牧場,0.0,2010.0,2010.0,2002.0
2021102809,アンバローズ,牝,繁田健一,,ヘンリーバローズ,2015104813,セドゥ,2016102158,キングカメハメハ,2001103460,猪熊広次,三栄牧場,0.0,2015.0,2016.0,2001.0
2021102799,ミカンノハナ,牝,飯田良弘,,アニマルキングダム,000a011dad,フジクイーン,2013103621,クロフネ,1998110135,平口信行,笹島智則,0.0,2008.0,2013.0,1998.0
2021102791,ダノンワン,牝,,,ダノンレジェンド,2010110102,エイシンボン,2011105757,ハーツクライ,2001103038,,佐々木恵一,0.0,2010.0,2011.0,2001.0
2021102785,レッドアウェイク,牡,福永祐一,,ドゥラメンテ,2012104511,ティズウインディ,000a013868,Tiznow,000a00fa4b,東京ホースレーシング,酒井牧場,0.0,2012.0,2011.0,1997.0
2021102782,ココロノイロ,牝,尾関知人,,リオンディーズ,2013105915,シエルルージュ,000a011a95,Red Ransom,000a001c68,酒井牧場,酒井牧場,0.0,2013.0,2006.0,1987.0
2021102776,トライバルアート,牡,,,ストロングリターン,2006102934,アラビアンパール,2009106515,フジキセキ,1992109618,,江谷牧場,0.0,2006.0,2009.0,1992.0
2021102764,ダイタマジェスティ,牡,牧浦充徳,,レイデオロ,2014106201,シェアザジョイフル,2012106275,ブラックタイド,2001103312,中込哲太郎,グランデファーム,0.0,2014.0,2012.0,2001.0
2021102742,ライスネイチャ,牡,橋本忠明,,メイショウボーラー,2001100650,オムスビ,2011105708,オレハマッテルゼ,2000101550,山田信太郎,木村牧場,0.0,2001.0,2011.0,2000.0
2021102741,フライトブランシェ,牝,,,インカンテーション,2010104916,オジャッタモンセ,2003107164,クロフネ,1998110135,,木村牧場,0.0,2010.0,2003.0,1998.0
2021102740,ハマジー,牡,,,ミッキーグローリー,2013103999,イツノヒカ,2009103750,アドマイヤムーン,2003102991,,木村牧場,0.0,2013.0,2009.0,2003.0
2021102738,アウトセイル,牝,辻哲英,,エピファネイア,2010104155,レッドセイリング,2010104204,ゼンノロブロイ,2000101517,ローレルレーシング,杵臼牧場,0.0,2010.0,2010.0,2000.0
2021102730,リズムエモーション,牝,,,ニューイヤーズデイ,000a014589,フラワーファースト,2013105790,ネオユニヴァース,2000101426,,杵臼牧場,0.0,2011.0,2013.0,2000.0
2021102725,オックスブラッド,牝,西園翔太,,キズナ,2010105827,テイコフトウショウ,2010103061,タイキシャトル,1994109686,ローレルレーシング,杵臼牧場,0.0,2010.0,2010.0,1994.0
2021102724,タケショウナデシコの2021,牝,,,ホッコータルマエ,2009100921,タケショウナデシコ,2010104758,スペシャルウィーク,1995103211,,杵臼牧場,0.0,2009.0,2010.0,1995.0
2021102723,フレースヴェルグ,牡,宗像義忠,,ルーラーシップ,2007103143,スマートルビー,2013103386,ゼンノロブロイ,2000101517,村木隆,杵臼牧場,0.0,2007.0,2013.0,2000.0
2021102713,エリカルツェルン,牝,安田翔伍,,レイデオロ,2014106201,クイーンオリーブ,2008101424,マンハッタンカフェ,1998101554,三木正浩,杵臼牧場,0.0,2014.0,2008.0,1998.0
2021102696,ローズアイ,牝,,,ヘンリーバローズ,2015104813,タガノレベッカ,2011105001,サクラバクシンオー,1989108341,,木戸口牧場,0.0,2015.0,2011.0,1989.0
2021102692,モーニングヤマト,牡,土田稔,,ダンカーク,000a012185,ゴールドウィング,2012105259,ステイゴールド,1994108729,今朝光,木戸口牧場,0.0,2006.0,2012.0,1994.0
2021102687,ニシノリンドの2021,牡,,,ハービンジャー,000a011996,ニシノリンド,2013104981,キングカメハメハ,2001103460,,ガーベラパークスタッド,0.0,2006.0,2013.0,2001.0
2021102684,ニシノアルバ,牝,中野栄治,,シルバーステート,2013105903,ニシノアカツキ,2011103162,オペラハウス,000a000d77,西山茂行,ガーベラパークスタッド,0.0,2013.0,2011.0,1988.0
2021102682,セイウンブランニュ,牡,,,ネロ,2011103722,セイウンデライラ,2012110062,Munnings,000a0123f6,,ガーベラパークスタッド,0.0,2011.0,2012.0,2006.0
2021102679,ヴァリアブルヨシノ,牝,高木登,,ドレフォン,000a013b82,アースプレイ,2011105664,ゼンノロブロイ,2000101517,清水義徳,ガーベラパークスタッド,0.0,2013.0,2011.0,2000.0
2021102675,ライズガール,牝,牧光二,,ドゥラメンテ,2012104511,ハンナリト,2007101397,ネオユニヴァース,2000101426,辻子依旦,川越ファーム,0.0,2012.0,2007.0,2000.0
2021102655,オレンジブルボン,牡,武市康男,,ジョーカプチーノ,2006100529,マイネオレンジ,2010105940,ロージズインメイ,000a010a10,ビッグレッドファーム,金石牧場,0.0,2006.0,2010.0,2000.0
2021102650,シュネルグロース,牡,,,ダンカーク,000a012185,リボンチャン,2015101816,エンパイアメーカー,000a010542,,カナイシスタッド,0.0,2006.0,2015.0,2000.0
2021102649,ゲンパチマッケン,牡,西田雄一,,ホッコータルマエ,2009100921,ラブリイステラ,2008101364,クロフネ,1998110135,平野武志,カナイシスタッド,0.0,2009.0,2008.0,1998.0
2021102648,ピンクノハロ,牝,平山宏秀,,バゴ,2001190004,ラクスクライン,2007101183,ステイゴールド,1994108729,三宅勝俊,カナイシスタッド,0.0,2001.0,2007.0,1994.0
2021102644,イムナラムール,牝,佐々木晶,,マジェスティックウォリアー,000a011e9c,ダイオプサイド,2011105640,フジキセキ,1992109618,平井裕,カナイシスタッド,0.0,2005.0,2011.0,1992.0
2021102642,グランアリア,牝,,,ダノンレジェンド,2010110102,グランシュクレ,2012100953,サムライハート,2002100996,,カナイシスタッド,0.0,2010.0,2012.0,2002.0
2021102640,ハダシノメガミ,牝,,,ニシケンモノノフ,2011105438,インカローズ,2013106385,ディープスカイ,2005101358,,カナイシスタッド,0.0,2011.0,2013.0,2005.0
2021102636,ワールドオンラインの2021,牝,,,トゥザグローリー,2007103265,ワールドオンライン,2014103090,プリサイスエンド,000a00fe9b,,小倉牧場,0.0,2007.0,2014.0,1997.0
2021102628,タイセイトーマス,牡,,,イスラボニータ,2011103565,グランシャルム,2009106050,Dylan Thomas,000a011072,,オカモトファーム,0.0,2011.0,2009.0,2003.0
2021102625,ペイシャエール,牡,石栗龍彦,,バンブーエール,2003104100,マロンベル,2012104424,ハーツクライ,2001103038,北所直人,岡部雅樹,0.0,2003.0,2012.0,2001.0
2021102614,ミルクチャン,牝,,,ホッコータルマエ,2009100921,アイスカチャン,2011100670,ゴールドヘイロー,1997101264,,絵笛牧場,0.0,2009.0,2011.0,1997.0
2021102608,エイシンコロクル,牡,三小田幸,,カリフォルニアクローム,000a012602,エーシンアマゾーン,2007101308,ファルブラヴ,1998190004,酒井孝敏,栄進牧場,0.0,2011.0,2007.0,1998.0
2021102604,エイシンソブリン,牡,森澤友貴,,ハービンジャー,000a011996,エイシンティンクル,2013102273,ディープインパクト,2002100816,平井克彦,栄進牧場,0.0,2006.0,2013.0,2002.0
2021102599,メイショウイコマ,牡,河内洋,,ワールドエース,2009106353,メイショウフウシャ,2013103611,エンパイアメーカー,000a010542,松本好雄,浦河日成牧場,0.0,2009.0,2013.0,2000.0
2021102596,スーサンステラ,牡,鈴木孝志,,フサイチセブン,2006101225,スーサンゴー,2014103034,ジャングルポケット,1998101786,林千枝子,浦河日成牧場,0.0,2006.0,2014.0,1998.0
2021102591,フォロミーバゴの2021,牝,,,マクフィ,000a011c77,フォロミーバゴ,2015102840,バゴ,2001190004,,浦河小林牧場,0.0,2007.0,2015.0,2001.0
2021102587,エボニーアイボリーの2021,牡,,,ロゴタイプ,2010103783,エボニーアイボリー,2014105550,ファルブラヴ,1998190004,,浦河小林牧場,0.0,2010.0,2014.0,1998.0
2021102571,メイショウワカクサの2021,牡,,,ディスクリートキャット,000a0113a1,メイショウワカクサ,2014103471,サマーバード,2006190002,,赤田牧場,0.0,2003.0,2014.0,2006.0
2021102563,テーオーダイヤ,牝,盛本信春,,カリフォルニアクローム,000a012602,ジョリファム,2010103607,スペシャルウィーク,1995103211,小笹公也,赤田牧場,0.0,2011.0,2010.0,1995.0
2021102557,ミサキジュエルの2021,牡,,,ジャスタウェイ,2009106461,ミサキジュエル,2011106557,ネオユニヴァース,2000101426,,アイオイファーム,0.0,2009.0,2011.0,2000.0
2021102556,ベルリガード,牝,蛯名利弘,,サトノダイヤモンド,2013106101,クレバースプリント,2007106749,サクラバクシンオー,1989108341,ノルマンディーサラブレッドレーシング,アイオイファーム,0.0,2013.0,2007.0,1989.0
2021102553,ナムラコナー,牡,浅野洋一,,ワールドエース,2009106353,タガノディナー,2012100501,タニノギムレット,1999100226,奈村睦弘,林時春,0.0,2009.0,2012.0,1999.0
2021102551,メイショウレクセラの2021,牝,,,タリスマニック,000a013425,メイショウレクセラ,2013103754,キングカメハメハ,2001103460,,中脇一幸,0.0,2013.0,2013.0,2001.0
2021102546,プラッキーエリーナの2021,牡,,,ゴールドシップ,2009102739,プラッキーエリーナ,2009100111,マヤノトップガン,1992102988,,中脇一幸,0.0,2009.0,2009.0,1992.0
2021102544,メイショウゲンボク,牝,藤沢則雄,,アニマルキングダム,000a011dad,ヴィヴァマリアンヌ,2015102792,ヘニーヒューズ,000a011155,松本好雄,中脇一幸,0.0,2008.0,2015.0,2003.0
2021102542,エグゾールテッド,牡,本間忍,,グァンチャーレ,2012100407,カンシャノキモチ,2006101913,カリズマティック,000a00fa33,田中勝麻,中村勝則,0.0,2012.0,2006.0,1996.0
2021102541,メイショウミソハギ,牝,藤沢則雄,,メイショウサムソン,2003102205,ピッコレット,2005101235,アグネスタキオン,1998101516,松本好雄,中尾由香,0.0,2003.0,2005.0,1998.0
2021102536,ピーチファービーの2021,牝,,,フェノーメノ,2009106599,ピーチファービー,2015105249,ハードスパン,000a0116a1,,富田恭司,0.0,2009.0,2015.0,2004.0
2021102525,レコレクション,牝,本間忍,,デクラレーションオブウォー,000a0136f6,サンデーメモリー,2002106511,サンデーサイレンス,000a00033a,日進牧場,スイートファーム,0.0,2009.0,2002.0,1986.0
2021102515,ティアラハオルチア,牝,清水英克,,アメリカンペイトリオット,000a013bba,ウイニングティアラ,2008101389,マーベラスサンデー,1992103687,ウエスト．フォレスト．ステイブル,清水スタッド,0.0,2013.0,2008.0,1992.0
2021102511,エニーアース,牝,小崎憲,,ブリックスアンドモルタル,000a014377,ハーモニックソウル,2012104215,ハービンジャー,000a011996,フィールドレーシング,猿倉牧場,0.0,2014.0,2012.0,2006.0
2021102509,スポットライト,牝,藤川純,,キズナ,2010105827,スコアズビー,2007103203,ロックオブジブラルタル,000a00fd4c,河村祥史,猿倉牧場,0.0,2010.0,2007.0,1999.0
2021102507,シュラハト,牡,石坂公一,,デクラレーションオブウォー,000a0136f6,エアマスカット,2010103698,ジャングルポケット,1998101786,東豊物産,猿倉牧場,0.0,2009.0,2010.0,1998.0
2021102506,ヒメイチバン,牝,的場均,,ブリックスアンドモルタル,000a014377,フラムドール,2007102819,フレンチデピュティ,000a00013a,渡辺牧場,様似渡辺牧場,0.0,2014.0,2007.0,1992.0
2021102504,マリアワルツ,牝,諏訪貴正,,ベストウォーリア,2010110127,マツリダワルツ,2004109391,チーフベアハート,1993190010,楊明山,様似堀牧場,0.0,2010.0,2004.0,1993.0
2021102496,セパルティ,牡,村田一誠,,デクラレーションオブウォー,000a0136f6,ラタンバスケット,2006102947,タイキシャトル,1994109686,加藤天明,小田牧場,0.0,2009.0,2006.0,1994.0
2021102490,パッショングルーヴ,牝,,,ザサンデーフサイチ,2004102855,パッシオーネ,2010104078,ゼンノロブロイ,2000101517,,能登浩,0.0,2004.0,2010.0,2000.0
2021102484,オルトワックサー,牝,,,レッドファルクス,2011104416,ミルファンティ,2012104435,クロフネ,1998110135,,寺井文秀,0.0,2011.0,2012.0,1998.0
2021102481,トンドゥアモールの2021,牝,,,ニシケンモノノフ,2011105438,トンドゥアモール,2013100517,スパイキュール,2000101557,,寺井文秀,0.0,2011.0,2013.0,2000.0
2021102477,フラッパーウィングの2021,牝,,,バンブーエール,2003104100,フラッパーウィング,2007101663,スペシャルウィーク,1995103211,,熊沢牧場,0.0,2003.0,2007.0,1995.0
2021102475,マルモリハイマース,牡,,,ナムラタイタン,2006101408,シュクレビジュー,2014106147,カジノドライヴ,2005110112,,熊沢牧場,0.0,2006.0,2014.0,2005.0
2021102474,サザンローマンの2021,牡,,,バンブーエール,2003104100,サザンローマン,2015106446,ロードバリオス,2005104227,,熊沢牧場,0.0,2003.0,2015.0,2005.0
2021102472,ヤマノミルフィー,牝,村上正和,,ナムラタイタン,2006101408,ヤーマンミルフィー,2010100138,バブルガムフェロー,1993109219,山口明彦,山口明彦,0.0,2006.0,2010.0,1993.0
2021102470,レーヴメッセージ,牡,,,パドトロワ,2007102760,スマイルメッセージ,2015102247,スクリーンヒーロー,2004103328,,山口明彦,0.0,2007.0,2015.0,2004.0
2021102467,シャイニーマンボ,牝,晴山厚司,,リオンディーズ,2013105915,ブライティアダンス,2005104041,ダンスインザダーク,1993109188,小林昌志,雅牧場,0.0,2013.0,2005.0,1993.0
2021102466,シャイニーリッキー,牡,,,コパノリッキー,2010106548,ブライティアセンス,2014101591,ストリートセンス,000a0113a2,,雅牧場,0.0,2010.0,2014.0,2004.0
2021102460,シャイニービット,牡,,,エイシンヒカリ,2011101273,シャイニーデジタル,2013101199,アグネスデジタル,1997110025,,雅牧場,0.0,2011.0,2013.0,1997.0
2021102459,シャイニーガールの2021,牝,,,リオンディーズ,2013105915,シャイニーガール,2011101162,ブラックタイド,2001103312,,雅牧場,0.0,2013.0,2011.0,2001.0
2021102444,トウカイネオの2021,牡,,,ダノンレジェンド,2010110102,トウカイネオ,2012102142,ハービンジャー,000a011996,,びらとり牧場,0.0,2010.0,2012.0,2006.0
2021102439,カラオケスナックの2021,牡,,,トランセンド,2006104736,カラオケスナック,2013102708,スタチューオブリバティ,000a0109d5,,びらとり牧場,0.0,2006.0,2013.0,2000.0
2021102437,レッドマーベルの2021,牝,,,ワールドエース,2009106353,レッドマーベル,2008106403,シンボリクリスエス,1999110099,,坂東牧場,0.0,2009.0,2008.0,1999.0
2021102435,シャンソンダムール,牝,,,アルアイン,2014106046,ルソンデュレーヴ,2015104644,キングカメハメハ,2001103460,,坂東牧場,0.0,2014.0,2015.0,2001.0
2021102434,ルージュロッサ,牝,武幸四郎,,オルフェーヴル,2008102636,リヴィアローズ,2007110053,Galileo,000a00232b,東京ホースレーシング,坂東牧場,0.0,2008.0,2007.0,1998.0
2021102431,セブンオーシャン,牡,伊藤大士,,ジャスタウェイ,2009106461,ライクザウインド,2000101535,デインヒル,000a0000d1,グリーンファーム,坂東牧場,0.0,2009.0,2000.0,1986.0
2021102430,ダッシュチョウサン,牝,和田正一,,ストロングリターン,2006102934,モカチョウサン,2015102213,オルフェーヴル,2008102636,チョウサン,坂東牧場,0.0,2006.0,2015.0,2008.0
2021102426,ゴールドチョウサン,牝,佐藤吉勝,,ブリックスアンドモルタル,000a014377,プジュリ,2003104378,ダンスインザダーク,1993109188,チョウサン,坂東牧場,0.0,2014.0,2003.0,1993.0
2021102421,ビップカイザー,牡,高柳瑞樹,,リオンディーズ,2013105915,ビップピュアレディ,2007103328,フジキセキ,1992109618,鈴木邦英,坂東牧場,0.0,2013.0,2007.0,1992.0
2021102414,レッドフェルマータ,セ,宮田敬介,,ドゥラメンテ,2012104511,ジョリージョコンド,000a012fc7,Marju,000a001fb6,東京ホースレーシング,坂東牧場,0.0,2012.0,2008.0,1988.0
2021102403,アモールエテルノ,牝,奥村武,,ラブリーデイ,2010104298,エンドレスノット,2009106084,ディープインパクト,2002100816,金子真人ホールディングス,坂東牧場,0.0,2010.0,2009.0,2002.0
2021102393,マルカビクトリー,牡,橋本忠明,,リアルスティール,2012104889,ヒダロマン,2013105656,ワークフォース,000a011a7f,日下部猛,二風谷ファーム,0.0,2012.0,2013.0,2007.0
2021102387,カシノディオーサ,牝,東美義,,サトノダイヤモンド,2013106101,スワンソング,2010100697,シングスピール,1992190005,柏木務,二風谷ファーム,0.0,2013.0,2010.0,1992.0
2021102383,ジョウエン,牝,小栗実,,サトノダイヤモンド,2013106101,サイエン,2015102186,バゴ,2001190004,二風谷ファーム,二風谷ファーム,0.0,2013.0,2015.0,2001.0
2021102382,テンノナウシカ,牝,高柳大輔,,レイデオロ,2014106201,クイーンズシアター,2011104289,ディープインパクト,2002100816,天白泰司,二風谷ファーム,0.0,2014.0,2011.0,2002.0
2021102376,ツクバエンジェルの2021,牝,,,バゴ,2001190004,ツクバエンジェル,2007106196,クロフネ,1998110135,,中田牧場,0.0,2001.0,2007.0,1998.0
2021102372,ジェーボーイ,牡,,,アニマルキングダム,000a011dad,シャトレーヌ,2013105251,ゴールドアリュール,1999106689,,中田牧場,0.0,2008.0,2013.0,1999.0
2021102368,オーシーズウォーム,牝,川西毅,,リオンディーズ,2013105915,デイドリーム,2012100904,アドマイヤムーン,2003102991,栗山学,高橋啓,0.0,2013.0,2012.0,2003.0
2021102367,レーザービーム,牡,大垣敏夫,,ゴールドアクター,2011105266,カレンマーガレット,2007102647,ネオユニヴァース,2000101426,三岡有香,高橋啓,0.0,2011.0,2007.0,2000.0
2021102361,アルーリングカラー,牝,田中淳司,,オルフェーヴル,2008102636,アルーリングアクト,1997103555,エンドスウィープ,000a00010f,若林武雄,スガタ牧場,0.0,2008.0,1997.0,1991.0
2021102356,サヴィヤン,牡,田中克典,,ゴールドシップ,2009102739,チーティンハート,2009103082,シンボリクリスエス,1999110099,廣崎智子,清水牧場,0.0,2009.0,2009.0,1999.0
2021102346,サラサカリスマ,牡,,,ホッコータルマエ,2009100921,マヤノプリヤ,2003105692,フサイチコンコルド,1993109220,,北島牧場,0.0,2009.0,2003.0,1993.0
2021102337,ブライティアロック,牝,,,ラブリーデイ,2010104298,ノードラメール,2009110012,ロックオブジブラルタル,000a00fd4c,,川向高橋育成牧場,0.0,2010.0,2009.0,1999.0
2021102334,ドロップ,牝,本名信行,,ディープブリランテ,2009105084,エアルシアン,2012104691,ジャングルポケット,1998101786,酒井孝敏,川向高橋育成牧場,0.0,2009.0,2012.0,1998.0
2021102331,シンパティカ,牝,昆貢,,Bernardini,000a0111fe,サクソンブライド,000a01b816,Macho Uno,000a010d0c,エラドゥーラ,ＢｌｏｏｍｉｎｇＦａｒｍ,0.0,2003.0,2017.0,1998.0
2021102329,ジュステス,牝,山田質,,サトノクラウン,2012104668,ロイヤルムーン,2011101049,アドマイヤムーン,2003102991,米津佳昭,稲原牧場,0.0,2012.0,2011.0,2003.0
2021102328,ストーミーラン,牡,尾形和幸,,シャンハイボビー,000a0127e4,ラーケン,2014101468,エンパイアメーカー,000a010542,岡村善行,稲原牧場,0.0,2010.0,2014.0,2000.0
2021102324,エアマデイラ,牝,大竹正博,,アルアイン,2014106046,エアベルヘザー,2007110077,エンパイアメーカー,000a010542,ラッキーフィールド,稲原牧場,0.0,2014.0,2007.0,2000.0
2021102317,アスクストライク,牡,坂口智康,,ルーラーシップ,2007103143,ネヴァーピリオド,2002102752,タイキシャトル,1994109686,廣崎利洋,ＡＳＫＳＴＵＤ,0.0,2007.0,2002.0,1994.0
2021102316,ハーツクライアスク,牝,玉垣光章,,ルーラーシップ,2007103143,ネヴァーハーツ,2009104578,ハーツクライ,2001103038,廣崎双葉,ＡＳＫＳＴＵＤ,0.0,2007.0,2009.0,2001.0
2021102314,アスクミイナウ,セ,久保田貴,,ゴールドシップ,2009102739,ダイヤモンドアスク,2008100905,ジャングルポケット,1998101786,廣崎利洋ＨＤ,ＡＳＫＳＴＵＤ,0.0,2009.0,2008.0,1998.0
2021102313,ペアスリール,牝,青木孝文,,ダンカーク,000a012185,スマイリンアスク,2010103285,ディープインパクト,2002100816,廣崎双葉,ＡＳＫＳＴＵＤ,0.0,2006.0,2010.0,2002.0
2021102310,アスクブラボー,牡,笹田和秀,,エピファネイア,2010104155,エンジェルドンキ,2014105077,ディープインパクト,2002100816,廣崎利洋ＨＤ,ＡＳＫＳＴＵＤ,0.0,2010.0,2014.0,2002.0
2021102309,プレミアナイン,牝,中舘英二,,ダンカーク,000a012185,アッパレドンキ,2013104815,ディープインパクト,2002100816,廣崎智子,ＡＳＫＳＴＵＤ,0.0,2006.0,2013.0,2002.0
2021102305,コスモウィローの2021,牝,,,ホークビル,000a01327c,コスモウィロー,2009110023,Cherokee Run,000a00214a,,赤石牧場,0.0,2013.0,2009.0,1990.0
2021102300,ポートゥカリス,牡,,,エピカリス,2014103121,レオキラメキ,2007101153,アルカセット,2000190010,,若林順一,0.0,2014.0,2007.0,2000.0
2021102297,バカニシナイデヨの2021,牡,,,ゴールデンバローズ,2012110100,バカニシナイデヨ,2011101027,チーフベアハート,1993190010,,若林順一,0.0,2012.0,2011.0,1993.0
2021102284,ネルソンテソーロ,牝,稲垣幸雄,,オルフェーヴル,2008102636,モトカノテソーロ,2014110020,Unbridled's Song,000a002071,了徳寺健二ホールディングス,リョーケンファーム,0.0,2008.0,2014.0,1993.0
2021102278,ムーステソーロ,牝,鮫島克也,,スワーヴリチャード,2014106083,トロントテソーロ,2016110046,シャンハイボビー,000a0127e4,了徳寺健二ホールディングス,リョーケンファーム,0.0,2014.0,2016.0,2010.0
2021102266,ナニーズアリュールの2021,牡,,,ヴィクトワールピサ,2007102923,ナニーズアリュール,2011103856,ゴールドアリュール,1999106689,,リコーファーム,0.0,2007.0,2011.0,1999.0
2021102265,リコーチャーフィー,牡,,,トランセンド,2006104736,テラザフィーリア,2013102653,サムライハート,2002100996,,リコーファーム,0.0,2006.0,2013.0,2002.0
2021102263,エララミンクスの2021,牡,,,シビルウォー,2005102317,エララミンクス,2015103952,ローレルゲレイロ,2004100933,,横井直美,0.0,2005.0,2015.0,2004.0
2021102258,クリノガーベラ,牝,平松徳彦,,アルアイン,2014106046,クリノビャクダン,2006105891,クロフネ,1998110135,栗本依利子,横井哲,0.0,2014.0,2006.0,1998.0
2021102255,ロロスピアー,牡,宗綱泰彦,,ダノンシャンティ,2007105709,フサイチミライ,2003102632,エンドスウィープ,000a00010f,（同）ＪＰＮ技研,Ｕ・Ｍ・Ａ,0.0,2007.0,2003.0,1991.0
2021102252,ホウオウサファイアの2021,牝,,,モーニン,2012110091,ホウオウサファイア,2013104182,サウスヴィグラス,1996110138,,山田政宏,0.0,2012.0,2013.0,1996.0
2021102249,ワンダービリーヴの2021,牡,,,シャンハイボビー,000a0127e4,ワンダービリーヴ,2010101165,ディープインパクト,2002100816,,ヤナガワ牧場,0.0,2010.0,2010.0,2002.0
2021102241,スターリーシー,牝,根本康広,,レイデオロ,2014106201,ヒムノティック,000a013e19,War Front,000a011d00,辻子依旦,ヤナガワ牧場,0.0,2014.0,2013.0,2002.0
2021102239,メイショウタッピ,牡,池添学,,シャンハイボビー,000a0127e4,ヒガシドリーム,2013106396,ドリームジャーニー,2004102753,松本好雄,ヤナガワ牧場,0.0,2010.0,2013.0,2004.0
2021102228,カリフォルニアラブ,牡,根本康広,,カリフォルニアクローム,000a012602,タッチオブパラダイス,000a013e39,Frankel,000a01239b,辻子依旦,ヤナガワ牧場,0.0,2011.0,2014.0,2008.0
2021102222,ヨリノサルティア,牝,根本康広,,コパノリッキー,2010106548,サンチャゴボラーレ,2014106462,ヴィクトワールピサ,2007102923,辻子依旦,ヤナガワ牧場,0.0,2010.0,2014.0,2007.0
2021102220,ゴールデンモモコ,牝,上原博之,,ホッコータルマエ,2009100921,コパノリンデン,2012106360,ゴールドアリュール,1999106689,辻子依旦,ヤナガワ牧場,0.0,2009.0,2012.0,1999.0
2021102218,コパノオーシャンズの2021,牝,,,ラブリーデイ,2010104298,コパノオーシャンズ,2004106983,アグネスタキオン,1998101516,,ヤナガワ牧場,0.0,2010.0,2004.0,1998.0
2021102214,ノレッジギフト,牝,奥村豊,,ビッグアーサー,2011103328,アムールリンクス,2016106507,オルフェーヴル,2008102636,ヤナガワ牧場,ヤナガワ牧場,0.0,2011.0,2016.0,2008.0
2021102207,ラッキーガールの2021,牡,,,コパノリッキー,2010106548,ラッキーガール,2010102623,サウスヴィグラス,1996110138,,門別山際牧場,0.0,2010.0,2010.0,1996.0
2021102201,マンチャの2021,牝,,,パドトロワ,2007102760,マンチャ,2006110056,キングズベスト,000a0022d2,,門別牧場,0.0,2007.0,2006.0,1997.0
2021102199,アンジュトネール,牝,,,エピカリス,2014103121,フィーユドトネール,2014106171,カネヒキリ,2002100978,,門別牧場,0.0,2014.0,2014.0,2002.0
2021102196,シェフレラ,牝,,,トゥザワールド,2011103975,サツマガイア,2008101362,タイキシャトル,1994109686,,門別牧場,0.0,2011.0,2008.0,1994.0
2021102195,キタノバンライフ,牡,蛯名利弘,,トビーズコーナー,000a011fed,サイレントスター,2009102632,Rahy,000a001c5e,北所直人,門別牧場,0.0,2008.0,2009.0,1985.0
2021102188,モエヨスピカ,牝,箕輪武,,ロードアルティマ,2000110026,エースジャンヌ,2009105390,オンファイア,2003102809,望月朋子,門別牧場,0.0,2000.0,2009.0,2003.0
2021102186,ユウトザルンルン,牡,倉地学,,ラブリーデイ,2010104298,エムオープラチナ,2015102805,ヨハネスブルグ,000a0103b9,鈴木紋菜,門別牧場,0.0,2010.0,2015.0,1999.0
2021102170,シャドウリーフの2021,牝,,,サトノアレス,2014105493,シャドウリーフ,2011101126,ヨハネスブルグ,000a0103b9,,門別正,0.0,2014.0,2011.0,1999.0
2021102152,トゥルグール,牡,奥平雅士,,スワーヴリチャード,2014106083,イリデ,2008110111,Indian Charlie,000a00fcd8,もだんスタイルレーシング,モリナガファーム,0.0,2014.0,2008.0,1995.0
2021102147,ジーフローズン,牝,松下武士,,サンダースノー,000a013a06,ジーニアスドール,2012104820,ゼンノロブロイ,2000101517,ジーホース,目黒牧場,0.0,2014.0,2012.0,2000.0
2021102146,ジーエンゲージの2021,牡,,,シュヴァルグラン,2012104759,ジーエンゲージ,2014110048,Distorted Humor,000a0022ea,,目黒牧場,0.0,2012.0,2014.0,1993.0
2021102142,ミライポケットの2021,牡,,,ニシケンモノノフ,2011105438,ミライポケット,2008103551,ジャングルポケット,1998101786,,三輪牧場,0.0,2011.0,2008.0,1998.0
2021102139,クリノアクアマリン,牝,原口次夫,,アスカクリチャン,2007104599,クリノレイステル,2015102011,ヴァーミリアン,2002100877,北原大史,三輪牧場,0.0,2007.0,2015.0,2002.0
2021102138,クリノリッチマン,牡,藤沢則雄,,スクリーンヒーロー,2004103328,クリノハッチャン,2011100941,ステイゴールド,1994108729,栗本博晴,三輪牧場,0.0,2004.0,2011.0,1994.0
2021102137,タミーベラドンナ,牝,藤ケ崎一,,ビッグアーサー,2011103328,ミワノロマンス,2010106323,サムライハート,2002100996,櫻井多美子,三輪幸子,0.0,2011.0,2010.0,2002.0
2021102131,クロフネジョウの2021,牡,,,サトノダイヤモンド,2013106101,クロフネジョウ,2014100450,クロフネ,1998110135,,増尾牧場,0.0,2013.0,2014.0,1998.0
2021102119,ヴィジランテ,牡,,,カレンブラックヒル,2009106230,シュヴァルツィーナ,2014102526,カジノドライヴ,2005110112,,槇本牧場,0.0,2009.0,2014.0,2005.0
2021102113,ミラクルテン,牝,,,オルフェーヴル,2008102636,ラヴィオリ,2011100705,サクラバクシンオー,1989108341,,前野牧場,0.0,2008.0,2011.0,1989.0
2021102107,タニセンラッキー,牡,加藤士津,,カリフォルニアクローム,000a012602,バロネスサッチャー,000a011a67,ヨハネスブルグ,000a0103b9,染谷幸雄,前野牧場,0.0,2011.0,2004.0,1999.0
2021102104,ブルーアルドール,牝,相沢郁,,ヴィクトワールピサ,2007102923,ジョイチャイルド,2006104397,シンボリクリスエス,1999110099,星野壽市,前野牧場,0.0,2007.0,2006.0,1999.0
2021102102,エリナイトニケの2021,牡,,,ヤングマンパワー,2012104685,エリナイトニケ,2017100889,エイシンフラッシュ,2007102951,,前野牧場,0.0,2012.0,2017.0,2007.0
2021102093,キューティホークの2021,牝,,,ミュゼスルタン,2012104118,キューティホーク,2002106761,トウカイテイオー,1988101025,,前川義則,0.0,2012.0,2002.0,1988.0
2021102089,プーシーの2021,牡,,,ホークビル,000a01327c,プーシー,2016104441,ゴールドアリュール,1999106689,,本間牧場,0.0,2013.0,2016.0,1999.0
2021102075,ステイジーロード,牝,石井勝男,,フェノーメノ,2009106599,マザーロード,2006102478,フォーティナイナー,000a000134,飯田総一郎,細川牧場,0.0,2009.0,2006.0,1985.0
2021102074,ヤマタケボヌール,牝,長南和宏,,マツリダゴッホ,2003104570,ボヌールバトー,2014102256,ジャングルポケット,1998101786,山中和子,細川牧場,0.0,2003.0,2014.0,1998.0
2021102072,ラズベリータルト,牝,石毛善彦,,キタサンミカヅキ,2010100960,ナイスゴールド,2009102332,サウスヴィグラス,1996110138,田頭勇貴,細川牧場,0.0,2010.0,2009.0,1996.0
2021102062,バフィー,牝,吉村圭司,,シニスターミニスター,000a011099,フォルテドンナ,2015101942,ヘニーヒューズ,000a011155,ヒダカ・ブリーダーズ・ユニオン,豊洋牧場,0.0,2003.0,2015.0,2003.0
2021102060,ルクスルイナール,牝,有馬澄男,,シャンハイボビー,000a0127e4,スマートアムール,2014103175,ダイワメジャー,2001103114,（株）ルクス,豊洋牧場,0.0,2010.0,2014.0,2001.0
2021102056,サノノプリンセス,牝,尾形和幸,,シニスターミニスター,000a011099,サンメンフィス,2011106482,マイネルセレクト,1999107196,佐野信幸,豊洋牧場,0.0,2003.0,2011.0,1999.0
2021102051,クリノハピネス,牝,渡辺薫彦,,コパノリッキー,2010106548,ツルマルミホ,2006102044,ネオユニヴァース,2000101426,栗本博晴,宝寄山拓樹,0.0,2010.0,2006.0,2000.0
2021102048,シャトーラブリー,牝,根本康広,,ラブリーデイ,2010104298,ソーシャライツ,2014105708,ジャングルポケット,1998101786,円城幸男,宝寄山拓樹,0.0,2010.0,2014.0,1998.0
2021102046,クリノクレセント,牡,橋本忠明,,シャンハイボビー,000a0127e4,ゴールデンターキン,2014103686,ネオユニヴァース,2000101426,栗本依利子,宝寄山拓樹,0.0,2010.0,2014.0,2000.0
2021102043,クリノビバーチェ,牝,細川忠義,,アスカクリチャン,2007104599,クリノカッシミー,2014101533,ハービンジャー,000a011996,濱口正章,宝寄山拓樹,0.0,2007.0,2014.0,2006.0
2021102040,ウィンナワルツの2021,牡,,,ザサンデーフサイチ,2004102855,ウィンナワルツ,2004103231,アグネスタキオン,1998101516,,宝寄山拓樹,0.0,2004.0,2004.0,1998.0
2021102032,グラッドスマイルの2021,牝,,,リーチザクラウン,2006102923,グラッドスマイル,2016100892,スクリーンヒーロー,2004103328,,ベルサイユステーブル,0.0,2006.0,2016.0,2004.0
2021102028,トウカイファインの2021,牝,,,リアルスティール,2012104889,トウカイファイン,2004106738,フレンチデピュティ,000a00013a,,碧雲牧場,0.0,2012.0,2004.0,1992.0
2021102025,ガラスノイチゴ,牝,菅原欣也,,ダノンレジェンド,2010110102,イチゴアミーラ,2013100816,シンボリクリスエス,1999110099,栗嶋豊明,碧雲牧場,0.0,2010.0,2013.0,1999.0
2021102023,ペイシプリンプリン,牝,伊藤伸一,,サンダースノー,000a013a06,ミエノプリンプリン,2012104204,ハービンジャー,000a011996,北所直人,船越牧場,0.0,2014.0,2012.0,2006.0
2021102019,ソードフィッシュ,牝,倉地学,,ファインニードル,2013100612,エコーズインザウインド,000a01280c,モンジュー,1996190001,国信泰秀,船越牧場,0.0,2013.0,2009.0,1996.0
2021102012,オルセー,牡,菅原右吉,,サトノアラジン,2011104063,セルプランタン,2016105231,ロードカナロア,2008103552,栗坂崇,藤本ファーム,0.0,2011.0,2016.0,2008.0
2021102011,ワールドジェニー,牝,宇都英樹,,ワールドエース,2009106353,シルバージェニー,2012110121,Lantana Mob,000a012599,酒井孝敏,藤本ファーム,0.0,2009.0,2012.0,2005.0
2021102004,マルヨバナーヌの2021,牝,,,レガーロ,2013105464,マルヨバナーヌ,2012101935,エイシンサンディ,1993103280,,藤本直弘,0.0,2013.0,2012.0,1993.0
2021102003,ナムラチルー,牝,吉村圭司,,ビッグアーサー,2011103328,ナムラジュノー,2015102802,トーセンホマレボシ,2009106092,奈村睦弘,藤本直弘,0.0,2011.0,2015.0,2009.0
2021102001,カリジェン,セ,細川忠義,,エピカリス,2014103121,トーコーアンジェ,2011104572,ディープスカイ,2005101358,西森鶴,藤本直弘,0.0,2014.0,2011.0,2005.0
2021101999,ボンシュヴァル,牡,,,ヴァンセンヌ,2009106525,クラフトアンサー,2015101818,アドマイヤムーン,2003102991,,藤本直弘,0.0,2009.0,2015.0,2003.0
2021101994,デルマラーマ,牡,鈴木慎太,,ノヴェリスト,000a012230,デルマヤブラコウジ,2012104223,ジャングルポケット,1998101786,浅沼廣幸,ファニーヒルファーム,0.0,2009.0,2012.0,1998.0
2021101992,デルマノママナノダの2021,牡,,,エイシンフラッシュ,2007102951,デルマノママナノダ,2011104292,ハイアーゲーム,2001103160,,ファニーヒルファーム,0.0,2007.0,2011.0,2001.0
2021101991,デルマブラフマン,牡,勢司和浩,,オンファイア,2003102809,デルマトモエゴゼン,2013105482,キングカメハメハ,2001103460,浅沼廣幸,ファニーヒルファーム,0.0,2003.0,2013.0,2001.0
2021101989,デルママントラ,牡,畑端省吾,,ストロングリターン,2006102934,デルマセンヒメ,2013105717,ワークフォース,000a011a7f,浅沼廣幸,ファニーヒルファーム,0.0,2006.0,2013.0,2007.0
2021101988,デルマスカンダ,牡,伊藤強一,,トーセンラー,2008102985,デルマスピリタス,2015101904,ノヴェリスト,000a012230,森田一俊,ファニーヒルファーム,0.0,2008.0,2015.0,2009.0
2021101982,デルマアルジュナ,牡,天間昭一,,フェノーメノ,2009106599,オープンアップ,2003102568,タヤスツヨシ,1992109612,浅沼廣幸,ファニーヒルファーム,0.0,2009.0,2003.0,1992.0
2021101981,リスペクトマナーの2021,牡,,,ダブルスター,2009103518,リスペクトマナー,2015104506,カジノドライヴ,2005110112,,ファーミングヤナキタ,0.0,2009.0,2015.0,2005.0
2021101980,ペプチドアサヒ,牡,石毛善彦,,ディスクリートキャット,000a0113a1,ペプチドプラム,2015103002,ロードカナロア,2008103552,沼川一彦,ファーミングヤナキタ,0.0,2003.0,2015.0,2008.0
2021101975,ニュールックの2021,牡,,,シビルウォー,2005102317,ニュールック,2016103589,スウェプトオーヴァーボード,000a00fa34,,ファーミングヤナキタ,0.0,2005.0,2016.0,1997.0
2021101972,シングンアリスの2021,牡,,,シビルウォー,2005102317,シングンアリス,2014105173,シニスターミニスター,000a011099,,ファーミングヤナキタ,0.0,2005.0,2014.0,2003.0
2021101968,ショウキンカセギ,牡,根本康広,,タリスマニック,000a013425,ルナールフェノメナ,2012101841,バゴ,2001190004,福田光博,Ｂ．Ｃ．Ｓ．,0.0,2013.0,2012.0,2001.0
2021101967,ゼクトの2021,牝,,,コパノリッキー,2010106548,ゼクト,2012102235,サウスヴィグラス,1996110138,,Ｂ．Ｃ．Ｓ．,0.0,2010.0,2012.0,1996.0
2021101965,リリーオブザバリーの2021,牝,,,キタサンミカヅキ,2010100960,リリーオブザバリー,2006105951,バブルガムフェロー,1993109219,,広中稔,0.0,2010.0,2006.0,1993.0
2021101947,バンシー,牝,,,アニマルキングダム,000a011dad,エスワンスペクター,2001106947,シャンハイ,000a000d73,,広富牧場,0.0,2008.0,2001.0,1989.0
2021101942,テイエムエクスポ,牝,鈴木孝志,,アジアエクスプレス,2011110091,テイエムヨカドー,2004109152,テイエムオペラオー,1996100292,竹園正繼,日高テイエム牧場,0.0,2011.0,2004.0,1996.0
2021101939,テイエムクリスタルの2021,牝,,,ベルシャザール,2008103004,テイエムクリスタル,2003102951,サクラバクシンオー,1989108341,,日高テイエム牧場,0.0,2008.0,2003.0,1989.0
2021101938,テイエムカルメンの2021,牝,,,テイエムジンソク,2012101830,テイエムカルメン,2006105927,タイキシャトル,1994109686,,日高テイエム牧場,0.0,2012.0,2006.0,1994.0
2021101937,テイエムソクリョク,牡,加藤和宏,,テイエムジンソク,2012101830,テイエムオペレッタ,2004106018,アドマイヤベガ,1996107396,竹園正繼,日高テイエム牧場,0.0,2012.0,2004.0,1996.0
2021101936,テイエムオドロキの2021,牝,,,テイエムジンソク,2012101830,テイエムオドロキ,2011100637,マーベラスサンデー,1992103687,,日高テイエム牧場,0.0,2012.0,2011.0,1992.0
2021101922,ギャヴァガイ,牝,中内田充,,ニューイヤーズデイ,000a014589,バニーテール,2014105828,カネヒキリ,2002100978,金子真人ホールディングス,日高大洋牧場,0.0,2011.0,2014.0,2002.0
2021101917,フラーケン,牡,伊坂重信,,コパノリッキー,2010106548,サンキャッチャー,2014102393,シンボリクリスエス,1999110099,竹下佳利,日高大洋牧場,0.0,2010.0,2014.0,1999.0
2021101913,エイジョー,牡,加藤和宏,,バンブーエール,2003104100,プリンセスハルカ,2010101284,ハーツクライ,2001103038,重松國建,坂東ファーム,0.0,2003.0,2010.0,2001.0
2021101912,テンザンオロシ,牡,,,バンブーエール,2003104100,セングウ,2012105263,マイネルセレクト,1999107196,,坂東ファーム,0.0,2003.0,2012.0,1999.0
2021101910,ウルビーノの2021,牝,,,モーニン,2012110091,ウルビーノ,2007100885,ワイルドラッシュ,000a0003a1,,坂東ファーム,0.0,2012.0,2007.0,1994.0
2021101902,テッペン,牝,長谷川忍,,エピカリス,2014103121,バッテリーパーク,2013100161,ブレイクランアウト,2006110007,山田大輔,原田ファーム,0.0,2014.0,2013.0,2006.0
2021101895,ペイシャビスケッツ,牡,小西一男,,マインドユアビスケッツ,000a01392e,アーリー,2017104664,ハーツクライ,2001103038,北所直人,長谷川牧場,0.0,2013.0,2017.0,2001.0
2021101894,セルリアンコバルト,牡,緒方努,,ワールドエース,2009106353,ユウアールシー,2005106001,クロフネ,1998110135,イクタ,長谷川一男,0.0,2009.0,2005.0,1998.0
2021101888,リノン,牝,小野望,,エスポワールシチー,2005102837,サクラサクラサクラ,2006105871,アッミラーレ,1997100569,野島泰,野島牧場,0.0,2005.0,2006.0,1997.0
2021101879,ヴェールジェイド,牝,川島雅人,,ワンアンドオンリー,2011105072,グローリアスゼーレ,2014101204,ジャングルポケット,1998101786,吉田郁実,ノースガーデン,0.0,2011.0,2014.0,1998.0
2021101865,ネオバラード,牝,秋田大助,,アルアイン,2014106046,ネオヴェルザンディ,2013110104,Temple City,000a012a6a,（株）アプエンテ,日西牧場,0.0,2014.0,2013.0,2005.0
2021101860,シュクハイノヨカン,牝,南田美知,,リーチザクラウン,2006102923,スープミント,2010102014,キングカメハメハ,2001103460,鹽田久義,日西牧場,0.0,2006.0,2010.0,2001.0
2021101858,クリノトリガー,牡,藤沢則雄,,フリオーソ,2004106867,クリノマカローン,2017106529,トーセンラー,2008102985,栗本博晴,日西牧場,0.0,2004.0,2017.0,2008.0
2021101857,メイショウパロマー,牡,安達昭夫,,バゴ,2001190004,クリノバンダイサン,2010102010,フレンチデピュティ,000a00013a,松本好雄,日西牧場,0.0,2001.0,2010.0,1992.0
2021101856,クリノエタニティ,牝,安達昭夫,,アスカクリチャン,2007104599,クリノテレジア,2014106485,スクリーンヒーロー,2004103328,栗本博晴,日西牧場,0.0,2007.0,2014.0,2004.0
2021101854,クリノキャンサー,牝,大根田裕,,サトノアラジン,2011104063,クリノアスコット,2015101936,トワイニング,000a000006,栗本博晴,日西牧場,0.0,2011.0,2015.0,1991.0
2021101853,マオノサムライ,牡,黒岩陽一,,ジャングルポケット,1998101786,キープサニーハート,2013103148,キングヘイロー,1995104427,湯浅健司,日西牧場,0.0,1998.0,2013.0,1995.0
2021101852,クリノヴァルキリー,牝,藤ケ崎一,,レッドファルクス,2011104416,アートシュアリー,2015104562,ハービンジャー,000a011996,谷伊織,日西牧場,0.0,2011.0,2015.0,2006.0
2021101849,メイショウアオバの2021,牝,,,エピカリス,2014103121,メイショウアオバ,2006100795,メイショウドトウ,1996110113,,西野春樹,0.0,2014.0,2006.0,1996.0
2021101848,ベイリービーズの2021,牡,,,ロゴタイプ,2010103783,ベイリービーズ,2010100406,ワイルドラッシュ,000a0003a1,,西野春樹,0.0,2010.0,2010.0,1994.0
2021101844,オールホープ,牝,松山将樹,,アジアエクスプレス,2011110091,ベルゲン,2013106035,ヴァーミリアン,2002100877,プレミアムレースホース,中前牧場,0.0,2011.0,2013.0,2002.0
2021101843,バルモラル,牝,的場均,,イスラボニータ,2011103565,ヌレエフクイン,2008105892,ストラヴィンスキー,000a00fa41,岡浩二,中前牧場,0.0,2011.0,2008.0,1996.0
2021101839,ラテラルアーク,牝,伊藤和忍,,トーセンラー,2008102985,エーシンラクーン,2010104645,ジャングルポケット,1998101786,石山嘉七,中前牧場,0.0,2008.0,2010.0,1998.0
2021101832,ベネボレンス,牝,勢司和浩,,オルフェーヴル,2008102636,ベネフィット,2011100608,マンハッタンカフェ,1998101554,ターフ・スポート,ナカノファーム,0.0,2008.0,2011.0,1998.0
2021101823,ナムラレイ,牡,荒川義之,,シルバーステート,2013105903,ジャスティシア,2009102796,キングカメハメハ,2001103460,奈村睦弘,ナカノファーム,0.0,2013.0,2009.0,2001.0
2021101821,ジェイエルガルフ,牡,小西一男,,アニマルキングダム,000a011dad,ジェイエルシップ,2016103408,ハービンジャー,000a011996,橋元幸人,ナカノファーム,0.0,2008.0,2016.0,2006.0
2021101818,タカトラ,牡,安部幸夫,,マインドユアビスケッツ,000a01392e,アデュラリア,2006105798,クロフネ,1998110135,西村健,ナカノファーム,0.0,2013.0,2006.0,1998.0
2021101808,ウェルノウン,牡,高馬元紘,,コパノリッキー,2010106548,モズエエヤン,2013100988,アグネスデジタル,1997110025,藤田岳彦,中川欽一,0.0,2010.0,2013.0,1997.0
2021101805,コンバットマルヌ,牝,,,ヴァンセンヌ,2009106525,サルガッソ,2012103645,ハービンジャー,000a011996,,中川欽一,0.0,2009.0,2012.0,2006.0
2021101795,ジャイロロマン,牝,今井輝和,,メイショウボーラー,2001100650,ヤマショウラッキー,2015101711,エンパイアメーカー,000a010542,高橋照比古,豊郷牧場,0.0,2001.0,2015.0,2000.0
2021101794,キタノスティール,牡,粕谷昌央,,エイシンフラッシュ,2007102951,ベルベットカフェ,2007105785,マンハッタンカフェ,1998101554,北所直人,豊郷牧場,0.0,2007.0,2007.0,1998.0
2021101789,フェアチャイルドの2021,牡,,,アルアイン,2014106046,フェアチャイルド,2014102890,エンパイアメーカー,000a010542,,戸川牧場,0.0,2014.0,2014.0,2000.0
2021101786,アルファエッジ,牡,橘友和,,ゴールドシップ,2009102739,ルビーズアンドダイアモンズ,000a01141f,シングスピール,1992190005,幡有,出口牧場,0.0,2009.0,2004.0,1992.0
2021101782,ホワイトマカロン,牝,,,ゴールドシップ,2009102739,サニーアンジェリカ,2004103790,サクラバクシンオー,1989108341,,出口牧場,0.0,2009.0,2004.0,1989.0
2021101780,ヤマショウロザリオ,牝,,,シビルウォー,2005102317,ガイーヌ,2007103240,デュランダル,1999106756,,出口牧場,0.0,2005.0,2007.0,1999.0
2021101762,プロフォンド,牡,友道康夫,,モーリス,2011100655,ヤマノフェアリー,2011104048,ディープインパクト,2002100816,金子真人ホールディングス,チャンピオンズファーム,0.0,2011.0,2011.0,2002.0
2021101759,ヤマノアイリーの2021,牡,,,サトノクラウン,2012104668,ヤマノアイリー,2010103806,グラスワンダー,1995108676,,チャンピオンズファーム,0.0,2012.0,2010.0,1995.0
2021101754,ビックボウルバレル,牝,尾形和幸,,リオンディーズ,2013105915,ボウルズ,2015104205,エイシンフラッシュ,2007102951,チャンピオンズファーム,チャンピオンズファーム,0.0,2013.0,2015.0,2007.0
2021101750,ピアンピアーノの2021,牡,,,ホッコータルマエ,2009100921,ピアンピアーノ,2014102693,マンハッタンカフェ,1998101554,,チャンピオンズファーム,0.0,2009.0,2014.0,1998.0
2021101748,ピコピー,牡,,,モーリス,2011100655,パールヴァティー,2012102371,タイキシャトル,1994109686,,チャンピオンズファーム,0.0,2011.0,2012.0,1994.0
2021101740,ラッキーマーチ,牝,千田輝彦,,レイデオロ,2014106201,ディープエクセル,2015105165,ディープインパクト,2002100816,長谷川千代子,チャンピオンズファーム,0.0,2014.0,2015.0,2002.0
2021101735,セクレタの2021,牡,,,ラブリーデイ,2010104298,セクレタ,2015102933,スズカマンボ,2001103890,,チャンピオンズファーム,0.0,2010.0,2015.0,2001.0
2021101729,パイントレイン,牝,尾形和幸,,ドゥラメンテ,2012104511,シルバートレイン,2003107095,シングスピール,1992190005,チャンピオンズファーム,チャンピオンズファーム,0.0,2012.0,2003.0,1992.0
2021101719,コンセンティメント,牝,尾形和幸,,ドゥラメンテ,2012104511,インターリム,000a012f77,Elusive City,000a01239c,チャンピオンズファーム,チャンピオンズファーム,0.0,2012.0,2010.0,2000.0
2021101709,マクルール,牡,水野貴広,,ミッキーアイル,2011103916,レインボーラヴラヴ,2011100628,マイネルラヴ,1995108558,コスモヴューファーム,千葉飯田牧場,0.0,2011.0,2011.0,1995.0
2021101704,レディミドルトンの2021,牝,,,スクリーンヒーロー,2004103328,レディミドルトン,000a0116d0,Kingmambo,000a001d7e,,ダーレー・ジャパン・ファーム,0.0,2004.0,2005.0,1990.0
2021101700,リオズラストライト,牝,,,ファインニードル,2013100612,リオズスターレット,000a01152f,Galileo,000a00232b,,ダーレー・ジャパン・ファーム,0.0,2013.0,2005.0,1998.0
2021101695,マイナーズドリームの2021,牝,,,パイロ,000a01176a,マイナーズドリーム,2016103340,ゴールドアリュール,1999106689,,ダーレー・ジャパン・ファーム,0.0,2005.0,2016.0,1999.0
2021101692,ニューズホーク,牝,堀宣行,,Too Darn Hot,000a014032,ホーカマー,000a01a5ec,New Approach,000a011656,ゴドルフィン,ダーレー・ジャパン・ファーム,0.0,2016.0,2016.0,2005.0
2021101687,クイドプロクオ,牡,伊藤圭三,,Teofilo,000a01139e,プリティーアセット,000a01a5ee,Shamardal,000a010c92,ゴドルフィン,ダーレー・ジャパン・ファーム,0.0,2004.0,2014.0,2002.0
2021101683,フェリシタスの2021,牝,,,ディスクリートキャット,000a0113a1,フェリシタス,000a0116ca,キングズベスト,000a0022d2,,ダーレー・ジャパン・ファーム,0.0,2003.0,2003.0,1997.0
2021101681,ラヴバーズ,牡,,,オルフェーヴル,2008102636,ハピネス,2011100582,コマンズ,000a011625,,ダーレー・ジャパン・ファーム,0.0,2008.0,2011.0,1996.0
2021101676,ニューチャプターＩＩの2021,牡,,,アメリカンペイトリオット,000a013bba,ニューチャプターＩＩ,000a0114ac,A.P. Indy,000a001d37,,ダーレー・ジャパン・ファーム,0.0,2013.0,2005.0,1989.0
2021101675,デュナミスの2021,牝,,,ホークビル,000a01327c,デュナミス,2014102181,ストリートセンス,000a0113a2,,ダーレー・ジャパン・ファーム,0.0,2013.0,2014.0,2004.0
2021101670,シャーモーザ,牝,,,タリスマニック,000a013425,チャーム,2013100632,パイロ,000a01176a,,ダーレー・ジャパン・ファーム,0.0,2013.0,2013.0,2005.0
2021101665,フェイスフリー,牝,,,アメリカンペイトリオット,000a013bba,タクトフリー,000a0127ed,ディスクリートキャット,000a0113a1,,ダーレー・ジャパン・ファーム,0.0,2013.0,2009.0,2003.0
2021101657,スノーレパードの2021,牡,,,アメリカンペイトリオット,000a013bba,スノーレパード,2011100553,ストーミングホーム,1998190003,,ダーレー・ジャパン・ファーム,0.0,2013.0,2011.0,1998.0
2021101645,タスマンベイ,牝,,,タリスマニック,000a013425,コージーベイ,000a0116f2,Storm Cat,000a001a98,,ダーレー・ジャパン・ファーム,0.0,2013.0,2005.0,1983.0
2021101641,バイユー,牡,新谷功一,,ファインニードル,2013100612,カオール,2011100591,コマンズ,000a011625,ゴドルフィン,ダーレー・ジャパン・ファーム,0.0,2013.0,2011.0,1996.0
2021101627,ファノン,牝,嶋田幸晴,,ホークビル,000a01327c,イヴニングブルーム,2016110014,アドマイヤムーン,2003102991,矢沼浩二,ダーレー・ジャパン・ファーム,0.0,2013.0,2016.0,2003.0
2021101622,ブランニューイヤー,牝,斉藤崇史,,ニューイヤーズデイ,000a014589,アクアリスト,000a0116c3,コロナドズクエスト,000a0000b5,ゴドルフィン,ダーレー・ジャパン・ファーム,0.0,2011.0,2003.0,1995.0
2021101616,ウルフキング,牡,迫田清美,,フェノーメノ,2009106599,ナツバ,2016103270,ルーラーシップ,2007103143,（同）ＪＰＮ技研,タバタファーム,0.0,2009.0,2016.0,2007.0
2021101614,ソレックス,牝,西田雄一,,ラブリーデイ,2010104298,ステルス,2012101498,ディープインパクト,2002100816,ＨｉｍＲｏｃｋＲａｃｉｎｇホールディングス,タバタファーム,0.0,2010.0,2012.0,2002.0
2021101600,アンクルジーニー,セ,高橋亮,,サトノアラジン,2011104063,ウインクルスーパー,2013100520,アンクルスーパー,1997100632,塚本能交,竹島幸治,0.0,2011.0,2013.0,1997.0
2021101594,ガールノーヴァ,牝,広森久雄,,ミッキーロケット,2013106099,スマイルジュノ,2008105716,ステイゴールド,1994108729,瀧本健二,滝本健二,0.0,2013.0,2008.0,1994.0
2021101588,コウソクヒカリの2021,牡,,,バゴ,2001190004,コウソクヒカリ,2015104541,ステイゴールド,1994108729,,高山牧場,0.0,2001.0,2015.0,1994.0
2021101579,コマゼロツー,牝,,,シルバーステート,2013105903,ミラクルピッチ,2009101655,マイネルラヴ,1995108558,,高柳隆男,0.0,2013.0,2009.0,1995.0
2021101575,ハギノアップラウゾの2021,牡,,,エスポワールシチー,2005102837,ハギノアップラウゾ,2008104825,キングカメハメハ,2001103460,,高藤茂,0.0,2005.0,2008.0,2001.0
2021101570,ビーサシノ,牝,小桧山悟,,ネロ,2011103722,プロスペラスマム,2007105629,マイネルセレクト,1999107196,本杉芳郎,瀬戸牧場,0.0,2011.0,2007.0,1999.0
2021101566,マルモリミッション,牝,大橋勇樹,,ブリックスアンドモルタル,000a014377,ラーチャプルック,2005103542,マーベラスサンデー,1992103687,山下繁美,スマイルファーム,0.0,2014.0,2005.0,1992.0
2021101562,ネクステージ,牡,千葉津代,,アドミラブル,2014105979,ベリーニピンク,2016104655,ダイワメジャー,2001103114,冨沢敦子,スマイルファーム,0.0,2014.0,2016.0,2001.0
2021101560,パスーイングザドリームの2021,牝,,,More Than Ready,000a00fcdd,パスーイングザドリーム,000a01a8ec,Dream Ahead,000a013cf4,,スマイルファーム,0.0,1997.0,2015.0,2008.0
2021101556,オラクル,牝,吉村圭司,,Speightstown,000a011200,シャイスター,000a01a8eb,Equal Stripes,000a012c13,ＫＲジャパン,スマイルファーム,0.0,1998.0,2015.0,1999.0
2021101553,ウキヨノジナンボウ,牡,菊沢隆徳,,サトノクラウン,2012104668,ウキヨノカゼ,2010100975,オンファイア,2003102809,國分純,スマイルファーム,0.0,2012.0,2010.0,2003.0
2021101546,スマートマートル,牝,吉村圭司,,ヴィクトワールピサ,2007102923,スマートレグルス,2016103216,ロードカナロア,2008103552,大川徹,スマート,0.0,2007.0,2016.0,2008.0
2021101543,ワディラムの2021,牡,,,バゴ,2001190004,ワディラム,2001103035,サンデーサイレンス,000a00033a,,スウィングフィールド牧場,0.0,2001.0,2001.0,1986.0
2021101541,モンテミウの2021,牡,,,ワールドエース,2009106353,モンテミウ,2005109199,ボストンハーバー,000a00007c,,スウィングフィールド牧場,0.0,2009.0,2005.0,1994.0
2021101539,ユイノシビレグスリ,牡,深山雅史,,ロージズインメイ,000a010a10,ハイキートーン,2010100504,ハーツクライ,2001103038,由井健太郎,スウィングフィールド牧場,0.0,2000.0,2010.0,2001.0
2021101538,クールアイランドの2021,牡,,,レッドファルクス,2011104416,クールアイランド,2015101347,ハットトリック,2001103018,,スウィングフィールド牧場,0.0,2011.0,2015.0,2001.0
2021101527,スイートエルドールの2021,牡,,,ロジャーバローズ,2016106065,スイートエルドール,2012109099,フレンチデピュティ,000a00013a,,シンボリ牧場,0.0,2016.0,2012.0,1992.0
2021101524,ビッグアンサー,牡,牧田和弥,,ビッグアーサー,2011103328,コリエドペルル,2010109143,アグネスタキオン,1998101516,丸山大知,シンボリ牧場,0.0,2011.0,2010.0,1998.0
2021101515,アビーシアター,牡,,,ホッコータルマエ,2009100921,ミスミランダー,2013100454,アッミラーレ,1997100569,,新生ファーム,0.0,2009.0,2013.0,1997.0
2021101513,ケルティック,牝,,,グランデッツァ,2009105989,ベッティング,2014102055,カジノドライヴ,2005110112,,新生ファーム,0.0,2009.0,2014.0,2005.0
2021101512,ピンナップの2021,牡,,,ワールドエース,2009106353,ピンナップ,2014102050,スマートボーイ,1995100385,,新生ファーム,0.0,2009.0,2014.0,1995.0
2021101497,サイモンパルフェの2021,牝,,,フリオーソ,2004106867,サイモンパルフェ,2010106547,ゼンノロブロイ,2000101517,,白瀬盛雄,0.0,2004.0,2010.0,2000.0
2021101493,シャンパン,牝,石坂公一,,ルーラーシップ,2007103143,ラヴィアンフルール,2010100289,ステイゴールド,1994108729,石川達絵,白井牧場,0.0,2007.0,2010.0,1994.0
2021101484,シャインネイト,牝,金田一昌,,ブリックスアンドモルタル,000a014377,フィールフリーリー,2010103946,アグネスタキオン,1998101516,北原大史,白井牧場,0.0,2014.0,2010.0,1998.0
2021101477,ダノンボーンレディ,牝,坂口智康,,ダノンシャンティ,2007105709,ダノンエンジェル,2012104099,ディープインパクト,2002100816,ダノックス,白井牧場,0.0,2007.0,2012.0,2002.0
2021101475,ルトレフル,牝,斎藤誠,,キンシャサノキセキ,2003110212,グリーリーレイ,2007103009,Mr. Greeley,000a00213e,平井裕,白井牧場,0.0,2003.0,2007.0,1992.0
2021101467,ケイシンリュウ,牡,矢野英一,,デクラレーションオブウォー,000a0136f6,センターグランタス,2004101200,アグネスタキオン,1998101516,井山登,庄野牧場,0.0,2009.0,2004.0,1998.0
2021101463,キミーズキッドの2021,牡,,,サトノアレス,2014105493,キミーズキッド,000a0112b0,Exploit,000a002319,,庄野牧場,0.0,2014.0,2001.0,1996.0
2021101462,ハピアー,牡,,,ユアーズトゥルーリ,2016104391,カイミラ,2011100566,パイロ,000a01176a,,庄野牧場,0.0,2016.0,2011.0,2005.0
2021101458,ロンドンダンス,牝,杉山晴紀,,アルアイン,2014106046,ロンドンシーズン,2015101408,ロードカナロア,2008103552,サイプレスホールディングス,下河辺牧場,0.0,2014.0,2015.0,2008.0
2021101451,リンネの2021,牡,,,コパノリッキー,2010106548,リンネ,2013100383,ワイルドラッシュ,000a0003a1,,下河辺牧場,0.0,2010.0,2013.0,1994.0
2021101447,ホライゾン,セ,手塚貴久,,アジアエクスプレス,2011110091,モンローライン,2006105516,ダンスインザダーク,1993109188,石川達絵,下河辺牧場,0.0,2011.0,2006.0,1993.0
2021101445,パンファギア,牝,大久保龍,,エピファネイア,2010104155,メモリーパフィア,2006105996,ノボジャック,1997110152,シンザンクラブ,下河辺牧場,0.0,2010.0,2006.0,1997.0
2021101442,ミスターマスター,牡,茶木太樹,,コパノリッキー,2010106548,マジカルシェイプ,2006105536,Street Cry,000a0103ba,スリーエイチレーシング,下河辺牧場,0.0,2010.0,2006.0,1998.0
2021101441,トウエンノチカイ,牝,竹内正洋,,サトノアラジン,2011104063,マザーズデイ,2011100353,サクラバクシンオー,1989108341,由井健太郎,下河辺牧場,0.0,2011.0,2011.0,1989.0
2021101424,ホシキララ,牝,,,ロードカナロア,2008103552,ノットナウキャロライン,000a01596c,Tapit,000a011248,,下河辺牧場,0.0,2008.0,2013.0,2001.0
2021101418,ダノンマウナケア,牡,,,ミッキーロケット,2013106099,ダノンディーヴァ,2014101953,ディープインパクト,2002100816,,下河辺牧場,0.0,2013.0,2014.0,2002.0
2021101417,ダッシャーレーヌの2021,牡,,,リオンディーズ,2013105915,ダッシャーレーヌ,2011100355,ディープインパクト,2002100816,,下河辺牧場,0.0,2013.0,2011.0,2002.0
2021101410,サトノジーニー,牡,橋口慎介,,サトノアラジン,2011104063,スカイランダーガール,000a0143ca,Stroll,000a011f19,里見治,下河辺牧場,0.0,2011.0,2011.0,2000.0
2021101408,スイートジュエリーの2021,牡,,,エピファネイア,2010104155,スイートジュエリー,2009102461,キングカメハメハ,2001103460,,下河辺牧場,0.0,2010.0,2009.0,2001.0
2021101405,ブレードバローズ,牡,新子雅司,,ドゥラメンテ,2012104511,ジェニサ,000a012f0e,Storm Cat,000a001a98,猪熊広次,下河辺牧場,0.0,2012.0,2007.0,1983.0
2021101404,エコロアース,牡,斎藤誠,,レイデオロ,2014106201,シークレットアセット,000a012f0f,Awesome Again,000a0021cb,原村正紀,下河辺牧場,0.0,2014.0,2008.0,1994.0
2021101396,サトノオーブ,牝,杉山晴紀,,サトノクラウン,2012104668,サトノエカテリーナ,2011100389,ディープインパクト,2002100816,里見治,下河辺牧場,0.0,2012.0,2011.0,2002.0
2021101388,カティアール,牝,,,キズナ,2010105827,キャシーズソング,000a01507f,Candy Ride,000a01132a,,下河辺牧場,0.0,2010.0,2014.0,1999.0
2021101379,イナンクルアンナー,牝,,,ビッグアーサー,2011103328,ウェルカミング,2012101318,マンハッタンカフェ,1998101554,,下河辺牧場,0.0,2011.0,2012.0,1998.0
2021101378,インプレスゴールドの2021,牡,,,グレーターロンドン,2012101402,インプレスゴールド,2004105639,ブライアンズタイム,000a000082,,下河辺牧場,0.0,2012.0,2004.0,1985.0
2021101372,セイウンイチリンの2021,牝,,,ネロ,2011103722,セイウンイチリン,2014101367,リーチザクラウン,2006102923,,渋谷健作,0.0,2011.0,2014.0,2006.0
2021101366,ワンダフルタテヤマ,牡,加藤和宏,,ラブリーデイ,2010104298,ピュアマリーン,2006102400,スクワートルスクワート,000a000da4,小島將之,鹿戸美明,0.0,2010.0,2006.0,1998.0
2021101361,ワイドモンターニュ,牡,杉山佳明,,ビッグアーサー,2011103328,ワイドチキチータ,2013103197,ハービンジャー,000a011996,幅田昌伸,サンバマウンテンファーム,0.0,2011.0,2013.0,2006.0
2021101358,ナナイロノユメ,牝,加藤和義,,アドミラブル,2014105979,ノボレインボー,2006105613,ノボジャック,1997110152,矢野琢也,サンバマウンテンファーム,0.0,2014.0,2006.0,1997.0
2021101355,デルマオコマの2021,牝,,,ミッキーロケット,2013106099,デルマオコマ,2012104184,ゴールドアリュール,1999106689,,サンバマウンテンファーム,0.0,2013.0,2012.0,1999.0
2021101352,メイアルア,牡,,,ユアーズトゥルーリ,2016104391,サワキック,2009103375,アグネスデジタル,1997110025,,サンバマウンテンファーム,0.0,2016.0,2009.0,1997.0
2021101335,マントヴァ,牝,加藤幸保,,トーセンラー,2008102985,セミニョン,2008105508,マンハッタンカフェ,1998101554,伊達泰明,サンシャイン牧場,0.0,2008.0,2008.0,1998.0
2021101317,クーデピンヌ,牝,和田雄二,,カレンブラックヒル,2009106230,レーヌビクトリア,2015101273,スターリングローズ,1997106560,吉岡誠,坂牧場,0.0,2009.0,2015.0,1997.0
2021101315,レッツダンス,牝,田島俊明,,パイロ,000a01176a,スマートプラネット,2012106216,ファルブラヴ,1998190004,田島榮二郎,坂牧場,0.0,2005.0,2012.0,1998.0
2021101310,ティーブラウニーの2021,牝,,,スマートファルコン,2005100097,ティーブラウニー,2010101773,ホワイトマズル,1990109700,,小西ファーム,0.0,2005.0,2010.0,1990.0
2021101303,サンブーゲンビリア,牝,櫻井拓章,,バンブーエール,2003104100,ネビュラ,2011100555,ネオユニヴァース,2000101426,加藤ステーブル,ケイズ,0.0,2003.0,2011.0,2000.0
2021101294,ヴィレッジアップ,牡,小崎憲,,ニューイヤーズデイ,000a014589,ラフェクレール,2007103123,スペシャルウィーク,1995103211,坂口慎吾,グッドラック・ファーム,0.0,2011.0,2007.0,1995.0
2021101292,ハタノリュクスの2021,牡,,,グレーターロンドン,2012101402,ハタノリュクス,2016102968,ロードカナロア,2008103552,,グッドラック・ファーム,0.0,2012.0,2016.0,2008.0
2021101288,キャラメルミルク,牝,佐藤吉勝,,カレンブラックヒル,2009106230,ハタノサンドリヨン,2015101256,ヨハネスブルグ,000a0103b9,田頭勇貴,グッドラック・ファーム,0.0,2009.0,2015.0,1999.0
2021101287,ズングリムックリ,牡,,,ダノンレジェンド,2010110102,ハタノオヌール,2014101850,サウスヴィグラス,1996110138,,グッドラック・ファーム,0.0,2010.0,2014.0,1996.0
2021101283,ストロングハッピー,牡,的場均,,ストロングリターン,2006102934,ステイハッピー,2012104004,ステイゴールド,1994108729,長谷川守正,グッドラック・ファーム,0.0,2006.0,2012.0,1994.0
2021101270,マリノエルドラド,牝,藤岡健一,,レイデオロ,2014106201,ラヴァリーノ,000a011426,Unbridled's Song,000a002071,矢野悦三,クラウン日高牧場,0.0,2014.0,2004.0,1993.0
2021101262,クラウンアラベスク,牡,梅田智之,,リアルスティール,2012104889,ニアメ,000a01180f,Pivotal,000a002328,矢野雅子,クラウン日高牧場,0.0,2012.0,2006.0,1993.0
2021101251,ロンギングリョウマ,牡,,,ロンギングダンサー,2009105855,クラウンポインター,2008105995,ワイルドラッシュ,000a0003a1,,クラウン日高牧場,0.0,2009.0,2008.0,1994.0
2021101246,マリノノーレア,牝,小手川準,,サトノクラウン,2012104668,クラウンイヴ,2011100216,ブラックタイド,2001103312,矢野まり子,クラウン日高牧場,0.0,2012.0,2011.0,2001.0
2021101224,オウケンハナミズキの2021,牡,,,レッドファルクス,2011104416,オウケンハナミズキ,2009100106,バゴ,2001190004,,木村牧場,0.0,2011.0,2009.0,2001.0
2021101220,ジリオラ,牝,,,サトノアラジン,2011104063,デネブ,2013104096,ハーツクライ,2001103038,,木部ファーム,0.0,2011.0,2013.0,2001.0
2021101213,マッチョマン,牡,安達昭夫,,ラブリーデイ,2010104298,ブルドッグギャル,2014103879,ハーツクライ,2001103038,ＨｉｍＲｏｃｋＲａｃｉｎｇホールディングス,北田剛,0.0,2010.0,2014.0,2001.0
2021101212,アネッロ,牝,尾林幸二,,ベストウォーリア,2010110127,ビジョナリー,2011100346,ディープインパクト,2002100816,諸岡慶,北田剛,0.0,2010.0,2011.0,2002.0
2021101202,ライクアウィスパー,牝,井樋一也,,シュヴァルグラン,2012104759,テーマソング,2006102978,ジャングルポケット,1998101786,本井寿幸,川島正広,0.0,2012.0,2006.0,1998.0
2021101200,クリノアレグロ,牡,本間忍,,ダンカーク,000a012185,クリノハイスバル,2011106628,ハーツクライ,2001103038,栗本博晴,川島正広,0.0,2006.0,2011.0,2001.0
2021101199,クリノツネチャンの2021,牡,,,フェノーメノ,2009106599,クリノツネチャン,2011100187,マイネルセレクト,1999107196,,川島正広,0.0,2009.0,2011.0,1999.0
2021101192,サンレディダリア,牡,,,スマートファルコン,2005100097,アイランドリリー,2010105259,タイムパラドックス,1998101683,,神島芳仁,0.0,2005.0,2010.0,1998.0
2021101187,オムニポテンス,牡,深山雅史,,ネオユニヴァース,2000101426,カルナアヴァンセ,2008106341,キングヘイロー,1995104427,ウエスト．フォレスト．ステイブル,賀張三浦牧場,0.0,2000.0,2008.0,1995.0
2021101182,ホシノキラメキの2021,牝,,,ファインニードル,2013100612,ホシノキラメキ,2011100923,メイショウサムソン,2003102205,,賀張中川牧場,0.0,2013.0,2011.0,2003.0
2021101178,ビッグロードヒマリ,牡,尾形和幸,,アメリカンペイトリオット,000a013bba,ヴィクトワール,2005107013,アドマイヤベガ,1996107396,ビッグ,賀張中川牧場,0.0,2013.0,2005.0,1996.0
2021101171,セオファニア,牝,角川秀樹,,エピファネイア,2010104155,ブルーグラスチャッター,000a0124d3,Bluegrass Cat,000a01173d,（株）オリオンファー,オリオンファーム,0.0,2010.0,2008.0,2003.0
2021101166,ノーマジック,牝,戸田博文,,ストロングリターン,2006102934,ウインルキア,2008105370,ディープインパクト,2002100816,山岡重行,オリオンファーム,0.0,2006.0,2008.0,2002.0
2021101162,リネンエース,牝,南田美知,,ワールドエース,2009106353,リネンフィールド,2004101480,パラダイスクリーク,1989109110,戸山光男,沖田牧場,0.0,2009.0,2004.0,1989.0
2021101159,メメフェリーチェ,牝,中川竜馬,,ビッグアーサー,2011103328,メメキューティー,2010104269,ゴールドアリュール,1999106689,酒井孝敏,沖田牧場,0.0,2011.0,2010.0,1999.0
2021101149,ニシノミチノリ,牡,,,ネロ,2011103722,ニシノミチシルベ,2011103729,タイキシャトル,1994109686,,沖田牧場,0.0,2011.0,2011.0,1994.0
2021101133,シャインセレブの2021,牡,,,ビッグアーサー,2011103328,シャインセレブ,2007102941,クロフネ,1998110135,,大江牧場,0.0,2011.0,2007.0,1998.0
2021101132,シャインエフォートの2021,牡,,,ホッコータルマエ,2009100921,シャインエフォート,2006105244,バブルガムフェロー,1993109219,,大江牧場,0.0,2009.0,2006.0,1993.0
2021101126,クリノローレライ,牝,長谷川浩,,ビッグアーサー,2011103328,アスカトップレディ,2007103852,アドマイヤボス,1997103699,栗本博晴,永村侑,0.0,2011.0,2007.0,1997.0
2021101123,ツルオカキット,牡,,,ヴィクトワールピサ,2007102923,ピアグラス,2010103733,チチカステナンゴ,000a011135,,ヴェルサイユファーム,0.0,2007.0,2010.0,1998.0
2021101113,ダンストンイレーネ,牝,,,ビッグアーサー,2011103328,サンマルサクラコ,2017100114,ゴールドシップ,2009102739,,ヴェルサイユファーム,0.0,2011.0,2017.0,2009.0
2021101108,ヴィーナスブルーの2021,牝,,,ベストウォーリア,2010110127,ヴィーナスブルー,2014101215,ルーラーシップ,2007103143,,ヴェルサイユファーム,0.0,2010.0,2014.0,2007.0
2021101104,ベルエアメイダンの2021,牝,,,オルフェーヴル,2008102636,ベルエアメイダン,2009110097,Shamardal,000a010c92,,いとう牧場,0.0,2008.0,2009.0,2002.0
2021101094,コスモハートの2021,牝,,,シニスターミニスター,000a011099,コスモハート,2006104848,マイネルラヴ,1995108558,,石原牧場,0.0,2003.0,2006.0,1995.0
2021101092,イケノナインの2021,牡,,,バトルプラン,000a0118e8,イケノナイン,2006105198,ジェリ,000a00014a,,池添安雄,0.0,2005.0,2006.0,1992.0
2021101086,ゲヴァント,牝,上原博之,,ダノンバラード,2008103548,コスモピクシス,2013101930,ステイゴールド,1994108729,サラブレッドクラブ・ラフィアン,荒井ファーム,0.0,2008.0,2013.0,1994.0
2021101083,アマランサス,牝,,,カレンブラックヒル,2009106230,アイアムトゥルー,2004110123,Yes It's True,000a010753,,荒井ファーム,0.0,2009.0,2004.0,1996.0
2021101082,ナムラオルトロス,牡,佐藤茂,,グレーターロンドン,2012101402,ロイズブラスハート,2015101053,ショウナンカンプ,1998102595,本井寿幸,新井弘幸,0.0,2012.0,2015.0,1998.0
2021101078,ナムラケルベロス,牡,鈴木孝志,,グレーターロンドン,2012101402,イーサンラヴ,2004105248,マイネルラヴ,1995108558,奈村睦弘,新井弘幸,0.0,2012.0,2004.0,1995.0
2021101060,オリジナルオリジン,牝,橋本忠明,,マルターズアポジー,2012100939,マルターズオリジン,2005110167,Swain,000a0021ca,藤田在子,天羽禮治,0.0,2012.0,2005.0,1992.0
2021101047,ショウナンアラレ,牝,尾関知人,,サトノダイヤモンド,2013106101,マヤノマヤ,2006105137,タイキシャトル,1994109686,湘南,天羽牧場,0.0,2013.0,2006.0,1994.0
2021101046,コンピアチェーレ,牝,田島俊明,,ダイワメジャー,2001103114,プルクワパ,2016102770,ルーラーシップ,2007103143,尾上寿夫,天羽牧場,0.0,2001.0,2016.0,2007.0
2021101044,ナツメの2021,牝,,,エイシンヒカリ,2011101273,ナツメ,000a015988,Monsun,000a010db6,,天羽牧場,0.0,2011.0,2013.0,1990.0
2021101043,センセーションの2021,牡,,,ヘニーヒューズ,000a011155,センセーション,2011100018,ゼンノロブロイ,2000101517,,天羽牧場,0.0,2003.0,2011.0,2000.0
2021101038,セキテイサク,牝,嘉藤貴行,,キンシャサノキセキ,2003110212,エンパイアガール,2014101625,エンパイアメーカー,000a010542,杉山元洋,天羽牧場,0.0,2003.0,2014.0,2000.0
2021101031,クラリャ,牝,,,ストロングリターン,2006102934,マチカネセキガハラ,2006106114,フジキセキ,1992109618,,アイズスタッド,0.0,2006.0,2006.0,1992.0
2021101027,メッツガー,牝,藤ケ崎一,,ユアーズトゥルーリ,2016104391,ケイティーズベスト,2005102517,ファルブラヴ,1998190004,酒井孝敏,アイズスタッド,0.0,2016.0,2005.0,1998.0
2021101021,ラフレーバー,牝,,,ホークビル,000a01327c,イルミナーレ,2013100853,ハーツクライ,2001103038,,上山牧場,0.0,2013.0,2013.0,2001.0
2021101010,ドリームシーガル,牝,晴山厚司,,ゴールドアクター,2011105266,リキサンフロール,2012102511,ゼンノロブロイ,2000101517,昆亜紀夫,山田牧場,0.0,2011.0,2012.0,2000.0
2021100999,イソノスワローの2021,牡,,,オルフェーヴル,2008102636,イソノスワロー,2002104194,デヒア,000a0000df,,村下農場,0.0,2008.0,2002.0,1991.0
2021100990,ハギノアネラ,牝,飯田良弘,,オルフェーヴル,2008102636,ハギノアーク,2009101332,アドマイヤムーン,2003102991,安岡美津子,村下明博,0.0,2008.0,2009.0,2003.0
2021100985,シンデレラフィット,牝,保利幸作,,ストロングリターン,2006102934,クインズジャスミン,2016102024,ジャスタウェイ,2009106461,村瀬正,村下明博,0.0,2006.0,2016.0,2009.0
2021100984,スリークロス,牡,森澤友貴,,アジアエクスプレス,2011110091,ラブインザミスト,2010102296,ルールオブロー,000a010d7d,瀬野尾裕久,三好牧場,0.0,2011.0,2010.0,2001.0
2021100983,ヤシマ,牡,藤野健太,,ミッキーロケット,2013106099,ユメノツリー,2015106480,ブラックタイド,2001103312,平口信行,三好牧場,0.0,2013.0,2015.0,2001.0
2021100978,オーケープリンス,牡,,,ハービンジャー,000a011996,オーケーブロッサム,2016110076,ディープインパクト,2002100816,,三好牧場,0.0,2006.0,2016.0,2002.0
2021100973,アマノメルシー,牝,藤沢則雄,,マジェスティックウォリアー,000a011e9c,シャンパンマリー,2005102685,タニノギムレット,1999100226,中村孝,丸村村下ファーム,0.0,2005.0,2005.0,1999.0
2021100970,マグノオンゾウシ,牡,笹田和秀,,ホークビル,000a01327c,コスモパープル,2012101034,ステイゴールド,1994108729,ＭＭＳホールディングス,丸村村下ファーム,0.0,2013.0,2012.0,1994.0
2021100966,ワンダーフウランの2021,牝,,,アニマルキングダム,000a011dad,ワンダーフウラン,2006103682,カリズマティック,000a00fa33,,藤春修二,0.0,2008.0,2006.0,1996.0
2021100965,エクイティ,牝,高木登,,アルアイン,2014106046,モダンハート,2014101956,ヴィクトワールピサ,2007102923,ディアレストクラブ,藤春修二,0.0,2014.0,2014.0,2007.0
2021100945,ヤマニンモルフォ,牝,村田一誠,,ディープブリランテ,2009105084,ヤマニンファビュル,2003100621,エアジハード,1995107978,土井肇,廣田光夫,0.0,2009.0,2003.0,1995.0
2021100944,ヤマニンパソドブルの2021,牡,,,ディーマジェスティ,2013104704,ヤマニンパソドブル,2007104730,シンボリクリスエス,1999110099,,廣田光夫,0.0,2013.0,2007.0,1999.0
2021100941,メレンゲローズ,牝,,,シニスターミニスター,000a011099,ローゼクヴァルツ,2011103785,スペシャルウィーク,1995103211,,ヒダカファーム,0.0,2003.0,2011.0,1995.0
2021100940,インビジブルタッチ,牡,新井隆太,,キンシャサノキセキ,2003110212,ローザビアンカ,2013103100,ワイルドラッシュ,000a0003a1,新木鈴子,ヒダカファーム,0.0,2003.0,2013.0,1994.0
2021100937,プレアマール,牡,新井隆太,,バトルプラン,000a0118e8,ルナフォース,2014103992,ディープブリランテ,2009105084,フロンティア,ヒダカファーム,0.0,2005.0,2014.0,2009.0
2021100936,ヴィオロンダングレ,牡,安田武広,,ヴィクトワールピサ,2007102923,ラララルジェス,2013105374,ファルブラヴ,1998190004,藤井亮輔,ヒダカファーム,0.0,2007.0,2013.0,1998.0
2021100931,ライムストリート,牡,的場均,,エイシンフラッシュ,2007102951,ミリオーレ,2013103064,ゴールドアリュール,1999106689,大河裕之,ヒダカファーム,0.0,2007.0,2013.0,1999.0
2021100926,ビップシャルジュ,牡,嘉藤貴行,,バゴ,2001190004,ビップセーラ,2016104784,ヴィクトワールピサ,2007102923,鈴木邦英,ヒダカファーム,0.0,2001.0,2016.0,2007.0
2021100924,サヨノバクシン,牡,今津勝之,,ビッグアーサー,2011103328,ティアップリバティ,2013102917,カジノドライヴ,2005110112,（同）ＪＰＮ技研,ヒダカファーム,0.0,2011.0,2013.0,2005.0
2021100921,トレジャーボックス,牡,加藤幸保,,オルフェーヴル,2008102636,ジュエルボックスII,000a012efb,Pivotal,000a002328,（株）ヒダカ・ブリー,ヒダカファーム,0.0,2008.0,2009.0,1993.0
2021100905,イニシエ,セ,飯田祐史,,ビッグアーサー,2011103328,バルビーナ,2012101348,ブラックタイド,2001103312,中辻明,バンブー牧場,0.0,2011.0,2012.0,2001.0
2021100904,チョウカイクリスの2021,牡,,,バンブーエール,2003104100,チョウカイクリス,2003105070,サクラバクシンオー,1989108341,,バンブー牧場,0.0,2003.0,2003.0,1989.0
2021100903,ファントムブレイズ,牡,,,カリフォルニアクローム,000a012602,クライフターン,2013103099,バンブーエール,2003104100,,バンブー牧場,0.0,2011.0,2013.0,2003.0
2021100894,タカイチワン,牡,,,エイシンヒカリ,2011101273,タカイチホワイト,2014103958,クロフネ,1998110135,,野表俊一,0.0,2011.0,2014.0,1998.0
2021100892,ジューンオーランド,牡,長谷川浩,,シャンハイボビー,000a0127e4,ロードナカヤマ,2014103957,トビーズコーナー,000a011fed,吉川潤,中山牧場,0.0,2010.0,2014.0,2008.0
2021100877,オスカージュエル,牝,池上昌和,,マジェスティックウォリアー,000a011e9c,オスカーティアラ,2016105040,シンボリクリスエス,1999110099,森保彦,中村雅明,0.0,2005.0,2016.0,1999.0
2021100863,チェリーブランコ,牡,勢司和浩,,ケープブランコ,000a011b06,チェリーメドゥーサ,2009104005,シックスセンス,2002100476,櫻井悦朗,富塚ファーム,0.0,2007.0,2009.0,2002.0
2021100856,エイシンノンノ,牝,伊藤勝己,,サンダースノー,000a013a06,エイシンユートピア,2014103050,カンパニー,2001103435,（同）ＪＰＮ技研,富塚ファーム,0.0,2014.0,2014.0,2001.0
2021100855,エイシンゾンダー,牡,平松徳彦,,マジェスティックウォリアー,000a011e9c,エイシンゴージャス,2011110046,Exchange Rate,000a011433,平井克彦,富塚ファーム,0.0,2005.0,2011.0,1997.0
2021100843,サザンクーガー,牡,鈴木伸尋,,ホッコータルマエ,2009100921,スカーレットダンス,2010105782,ダンスインザダーク,1993109188,山本茂,高松牧場,0.0,2009.0,2010.0,1993.0
2021100834,キタノシャルドネ,牝,,,ダンカーク,000a012185,ドゥエベリーニ,2015106088,マンハッタンカフェ,1998101554,,高岸順一,0.0,2006.0,2015.0,1998.0
2021100830,ティンカーベル,牝,,,メイショウボーラー,2001100650,エイシンヴィーヴォ,2013102358,サウスヴィグラス,1996110138,,高岸順一,0.0,2001.0,2013.0,1996.0
2021100827,ミーヤチャスカの2021,牡,,,サトノアラジン,2011104063,ミーヤチャスカ,2010110085,First Samurai,000a011157,,大北牧場,0.0,2011.0,2010.0,2003.0
2021100824,フェリスホイールの2021,牡,,,バゴ,2001190004,フェリスホイール,2006103062,ダンスインザダーク,1993109188,,大北牧場,0.0,2001.0,2006.0,1993.0
2021100814,ヤームスウィフト,牡,,,シルバーステート,2013105903,オーシャンティ,2014106222,ダノンシャンティ,2007105709,,大北牧場,0.0,2013.0,2014.0,2007.0
2021100803,ビルカバンバ,牡,大和田成,,ディープブリランテ,2009105084,インティワタナ,2010101401,フサイチコンコルド,1993109220,ミルファーム,猿橋義昭,0.0,2009.0,2010.0,1993.0
2021100797,エスケイミネルバの2021,牡,,,ホッコータルマエ,2009100921,エスケイミネルバ,2012105938,メイショウボーラー,2001100650,,鮫川ファーム,0.0,2009.0,2012.0,2001.0
2021100796,エスカルラータの2021,牝,,,サトノクラウン,2012104668,エスカルラータ,2016105097,ルーラーシップ,2007103143,,鮫川ファーム,0.0,2012.0,2016.0,2007.0
2021100790,マルハチラブームの2021,牡,,,キズナ,2010105827,マルハチラブーム,2006100415,キングカメハメハ,2001103460,,鮫川啓一,0.0,2010.0,2006.0,2001.0
2021100788,タケヒロ,牡,羽月友彦,,キンシャサノキセキ,2003110212,プリンセスオーラ,2013102967,ドリームジャーニー,2004102753,大森悌次,鮫川啓一,0.0,2003.0,2013.0,2004.0
2021100774,アースラブームの2021,牡,,,ビーチパトロール,000a0141f9,アースラブーム,2014103875,マンハッタンカフェ,1998101554,,鮫川啓一,0.0,2013.0,2014.0,1998.0
2021100773,アドマイヤエレノアの2021,牝,,,ビッグアーサー,2011103328,アドマイヤエレノア,2008103247,ディープインパクト,2002100816,,鮫川啓一,0.0,2011.0,2008.0,2002.0
2021100772,ハクサンアレース,牡,松山将樹,,ハクサンムーン,2009102527,アオイサンライズ,2014102682,ステイゴールド,1994108729,河崎五市,鮫川啓一,0.0,2009.0,2014.0,1994.0
2021100750,バーガーポテト,牡,小栗実,,カリフォルニアクローム,000a012602,リマンドインパクト,2009101105,ディープインパクト,2002100816,増田和啓,高昭牧場,0.0,2011.0,2009.0,2002.0
2021100737,ジザケ,牡,,,ホッコータルマエ,2009100921,ホッコーヴァール,2012101185,スタチューオブリバティ,000a0109d5,,高昭牧場,0.0,2009.0,2012.0,2000.0
2021100736,ルメユールノワール,牡,,,マジェスティックウォリアー,000a011e9c,ブラックピクシー,2015103594,マンハッタンカフェ,1998101554,,高昭牧場,0.0,2005.0,2015.0,1998.0
2021100735,フローラルバド,牝,畑端省吾,,ホッコータルマエ,2009100921,フロー,2016102400,ゴールドアリュール,1999106689,ターフ・スポート,高昭牧場,0.0,2009.0,2016.0,1999.0
2021100733,ワンダーマニューバ,牡,笹田和秀,,イスラボニータ,2011103565,フォーモサマンボ,2011103180,ノボジャック,1997110152,山本能行,高昭牧場,0.0,2011.0,2011.0,1997.0
2021100731,ノボプレシャスの2021,牡,,,ノボジャック,1997110152,ノボプレシャス,2009101099,ゴールドアリュール,1999106689,,高昭牧場,0.0,1997.0,2009.0,1999.0
2021100727,テイケイレーヴの2021,牡,,,リアルインパクト,2008103244,テイケイレーヴ,2013105210,ワークフォース,000a011a7f,,高昭牧場,0.0,2008.0,2013.0,2007.0
2021100723,エターナルポピー,牝,西田雄一,,メイショウボーラー,2001100650,ダイワエターナル,2016105065,ロードカナロア,2008103552,高昭牧場,高昭牧場,0.0,2001.0,2016.0,2008.0
2021100722,マロングラッセ,牡,,,メイショウサムソン,2003102205,ダイヤモンドアイズ,2015103573,マンハッタンカフェ,1998101554,,高昭牧場,0.0,2003.0,2015.0,1998.0
2021100721,メイショウオロシ,牡,飯田祐史,,トビーズコーナー,000a011fed,タキオンコウショウ,2007102056,アグネスタキオン,1998101516,松本好雄,高昭牧場,0.0,2008.0,2007.0,1998.0
2021100720,スーサンパルサー,牡,笹田和秀,,ザサンデーフサイチ,2004102855,スーサンヘイロー,2012100187,アドマイヤムーン,2003102991,林進,高昭牧場,0.0,2004.0,2012.0,2003.0
2021100717,タプファーアイ,セ,四位洋文,,エピファネイア,2010104155,ジェネロシティー,2010102085,フジキセキ,1992109618,井上隆次,高昭牧場,0.0,2010.0,2010.0,1992.0
2021100706,ヴィーヴィーグッドナイトの2021,牝,,,ルーラーシップ,2007103143,ヴィーヴィーグッドナイト,000a013865,Midnight Lute,000a011c22,,高昭牧場,0.0,2007.0,2011.0,2003.0
2021100704,アグネスマクシムの2021,牝,,,レインボーライン,2013106183,アグネスマクシム,2012104110,アグネスデジタル,1997110025,,高昭牧場,0.0,2013.0,2012.0,1997.0
2021100702,ショウナンマハロ,牡,,,エピファネイア,2010104155,アクアブルーハート,2012105952,エンパイアメーカー,000a010542,,高昭牧場,0.0,2010.0,2012.0,2000.0
2021100691,レティセントガールの2021,牡,,,デクラレーションオブウォー,000a0136f6,レティセントガール,2005102157,フォーティナイナー,000a000134,,桑田牧場,0.0,2009.0,2005.0,1985.0
2021100684,アビスバローズ,牝,清水久詞,,ヘンリーバローズ,2015104813,ショウナンカラット,2007102038,ブライアンズタイム,000a000082,猪熊広次,桑田牧場,0.0,2015.0,2007.0,1985.0
2021100659,クールアンフルールの2021,牝,,,エピファネイア,2010104155,クールアンフルール,2006100304,サクラバクシンオー,1989108341,,上山牧場,0.0,2010.0,2006.0,1989.0
2021100655,ヴィシェラ,牝,石坂公一,,レイデオロ,2014106201,リアルヴィーナス,2011103108,ネオユニヴァース,2000101426,水上行雄,笠松牧場,0.0,2014.0,2011.0,2000.0
2021100647,ニュアージュグリス,牝,,,カリフォルニアクローム,000a012602,ニュアージュドール,2012105791,ディープスカイ,2005101358,,笠松牧場,0.0,2011.0,2012.0,2005.0
2021100640,ビストワル,牡,小野望,,Nathaniel,000a011bdb,コンシダレイト,000a01a8e7,Dansili,000a010a5f,水上行雄,笠松牧場,0.0,2008.0,2010.0,1996.0
2021100624,パシュートの2021,牝,,,トビーズコーナー,000a011fed,パシュート,2016102318,キングヘイロー,1995104427,,荻伏服部牧場,0.0,2008.0,2016.0,1995.0
2021100622,キュート,牝,,,ミッキーロケット,2013106099,ベスタルキュート,2009100978,デュランダル,1999106756,,大原ファーム,0.0,2013.0,2009.0,1999.0
2021100613,ジョリーアップの2021,牡,,,マジェスティックウォリアー,000a011e9c,ジョリーアップ,2012105770,バトルプラン,000a0118e8,,大島牧場,0.0,2005.0,2012.0,2005.0
2021100598,コウユーハレルヤ,牡,辻哲英,,ディープスカイ,2005101358,ボムシェル,2003103747,キャプテンスティーヴ,000a000d9d,加治屋貞光,エムエム、ヤマダファーム,0.0,2005.0,2003.0,1997.0
2021100593,プリンスジョイ,牡,浜田多実,,ホークビル,000a01327c,オトヒメII,000a014355,Pivotal,000a002328,窪田芳郎,恵比寿牧場,0.0,2013.0,2014.0,1993.0
2021100591,カイゼルブルート,牡,,,ホッコータルマエ,2009100921,ホワイトフーガ,2012105752,クロフネ,1998110135,,梅田牧場,0.0,2009.0,2012.0,1998.0
2021100590,ペイシャソプラノ,牝,石栗龍彦,,ビッグアーサー,2011103328,ペイシャバラード,2013102795,ベーカバド,000a011dc0,北所直人,梅田牧場,0.0,2011.0,2013.0,2007.0
2021100584,ユキノセリーヌの2021,牝,,,ダノンレジェンド,2010110102,ユキノセリーヌ,2008100874,ワイルドラッシュ,000a0003a1,,市正牧場,0.0,2010.0,2008.0,1994.0
2021100582,サードパーティ,牝,小久保智,,ダノンレジェンド,2010110102,ティアドロップス,1997103387,サンデーサイレンス,000a00033a,ＨｉｍＲｏｃｋＲａｃｉｎｇホールディングス,市正牧場,0.0,2010.0,1997.0,1986.0
2021100581,ブラボーサミット,牡,,,ヘニーハウンド,2008110097,エーシンロレーン,2006110042,Rahy,000a001c5e,,市正牧場,0.0,2008.0,2006.0,1985.0
2021100567,ジンバアンゼン,牡,,,ダンカーク,000a012185,レイナプティ,2014103038,ネオユニヴァース,2000101426,,秋場牧場,0.0,2006.0,2014.0,2000.0
2021100566,ジーティーウォリア,牡,,,ヘンリーバローズ,2015104813,メバエ,2015104954,ハービンジャー,000a011996,,秋場牧場,0.0,2015.0,2015.0,2006.0
2021100562,ジーティードリーム,セ,伊藤伸一,,エピファネイア,2010104155,ヒストリック,2016100420,ハーツクライ,2001103038,田畑利彦,秋場牧場,0.0,2010.0,2016.0,2001.0
2021100553,プロセニアムアーチ,牡,竹内正洋,,リアルインパクト,2008103244,ストーリーライン,2010102992,ブライアンズタイム,000a000082,水上行雄,レースホース牧場,0.0,2008.0,2010.0,1985.0
2021100546,ワンダーハヤセ,牡,九日俊光,,アニマルキングダム,000a011dad,ワンダーノンブーレ,2003102207,デヒア,000a0000df,山本能成,米田牧場,0.0,2008.0,2003.0,1991.0
2021100545,ワンダージョイ,牡,河内洋,,ロジャーバローズ,2016106065,ワンダースキー,2007104031,ストラヴィンスキー,000a00fa41,山本能成,米田牧場,0.0,2016.0,2007.0,1996.0
2021100543,ガメイラヴァー,牝,大竹正博,,エスポワールシチー,2005102837,ジュエルド,2014102223,ストーミングホーム,1998190003,藤井亮輔,米田牧場,0.0,2005.0,2014.0,1998.0
2021100539,ツーエムウィザード,牡,寺島良,,マクフィ,000a011c77,アクアシャンデリア,2008110001,Galileo,000a00232b,水谷昌晃,米田牧場,0.0,2007.0,2008.0,1998.0
2021100533,ココロノスポーツの2021,牝,,,サトノダイヤモンド,2013106101,ココロノスポーツ,2010110092,Monarchos,000a010b7e,,山野牧場,0.0,2013.0,2010.0,1998.0
2021100529,パッションレッドの2021,牡,,,レッドファルクス,2011104416,パッションレッド,2004103339,アグネスタキオン,1998101516,,山口忠彦,0.0,2011.0,2004.0,1998.0
2021100517,ミスクリスエスの2021,牝,,,リアルスティール,2012104889,ミスクリスエス,2017102720,シンボリクリスエス,1999110099,,山際セントラルスタッド,0.0,2012.0,2017.0,1999.0
2021100515,ローズブラウン,牡,菊川正達,,シャンハイボビー,000a0127e4,スマートローズ,2012102619,ケイムホーム,000a0108d1,プレミアムレースホース,山際セントラルスタッド,0.0,2010.0,2012.0,1999.0
2021100503,サウスグロリア,牡,,,アニマルキングダム,000a011dad,アルデグロリア,2010101708,アルデバランＩＩ,000a010541,,元茂牧場,0.0,2008.0,2010.0,1998.0
2021100495,リュニヴェールの2021,牡,,,リオンディーズ,2013105915,リュニヴェール,2015102657,ハーツクライ,2001103038,,明治牧場,0.0,2013.0,2015.0,2001.0
2021100468,カフェヴィテス,牡,中舘英二,,カフェラピード,2008101059,カフェララルー,2001110111,ストラヴィンスキー,000a00fa41,西川光一,三石橋本牧場,0.0,2008.0,2001.0,1996.0
2021100462,ミスムーンライトIIの2021,牝,,,ディーマジェスティ,2013104704,ミスムーンライトII,000a012523,プラティニ,1989109107,,三石川上牧場,0.0,2013.0,2010.0,1989.0
2021100458,ネバーレインズ,セ,千葉直人,,カリフォルニアクローム,000a012602,ブルーロータス,2011104372,ディープインパクト,2002100816,ライオンレースホース,三石川上牧場,0.0,2011.0,2011.0,2002.0
2021100457,ライドオンウエイブ,牝,山田和久,,ベストウォーリア,2010110127,フォーモサアピール,2005101451,タイキシャトル,1994109686,上山浩司,三石川上牧場,0.0,2010.0,2005.0,1994.0
2021100440,センチネル,牡,,,ロジャーバローズ,2016106065,メディナ,2016101145,ロードカナロア,2008103552,,松本牧場,0.0,2016.0,2016.0,2008.0
2021100435,エイシンピカソの2021,牡,,,ファインニードル,2013100612,エイシンピカソ,2013110066,Drosselmeyer,000a012874,,松本牧場,0.0,2013.0,2013.0,2007.0
2021100430,グットロゼ,牝,蛯名利弘,,レッドファルクス,2011104416,ポークチョップ,2010101630,ゴールドヘイロー,1997101264,佐藤啓子,前田ファーム,0.0,2011.0,2010.0,1997.0
2021100427,アスカノハッピー,牡,川村禎彦,,ミッキーアイル,2011103916,ハッピーサンディー,2014102877,カジノドライヴ,2005110112,豊田智郎,前田ファーム,0.0,2011.0,2014.0,2005.0
2021100426,ニシノキララコの2021,牡,,,ネロ,2011103722,ニシノキララコ,2014102322,アドマイヤムーン,2003102991,,前田ファーム,0.0,2011.0,2014.0,2003.0
2021100425,ニシノイカルガ,牡,小手川準,,リーチザクラウン,2006102923,ニシノアスカ,2015101772,ドリームジャーニー,2004102753,西山茂行,前田ファーム,0.0,2006.0,2015.0,2004.0
2021100424,クロスザウォール,牡,伊藤和,,ロジャーバローズ,2016106065,ティアランドール,2007110025,Action This Day,000a010ab3,小嶋浩之,前田ファーム,0.0,2016.0,2007.0,2001.0
2021100420,シャドウカラーズの2021,牡,,,ジャスタウェイ,2009106461,シャドウカラーズ,2011104250,キングカメハメハ,2001103460,,前田ファーム,0.0,2009.0,2011.0,2001.0
2021100414,ラガービックワン,牡,池添学,,キンシャサノキセキ,2003110212,ラガーデリゲート,2015102600,ロードカナロア,2008103552,奥村啓二,前川勝春,0.0,2003.0,2015.0,2008.0
2021100413,キュルビス,牝,櫻田康二,,エピファネイア,2010104155,ハロウィンデイズ,2015104614,ディープインパクト,2002100816,谷崎森吾,前川勝春,0.0,2010.0,2015.0,2002.0
2021100406,ブリザードベアー,牡,川村禎彦,,カリフォルニアクローム,000a012602,フュージョン,2008101002,クロフネ,1998110135,古賀慎一,本桐牧場,0.0,2011.0,2008.0,1998.0
2021100404,バゴラグーンの2021,牡,,,ビッグアーサー,2011103328,バゴラグーン,2011104206,バゴ,2001190004,,本桐牧場,0.0,2011.0,2011.0,2001.0
2021100400,ニシノブルームーンの2021,牝,,,サトノアラジン,2011104063,ニシノブルームーン,2004102548,タニノギムレット,1999100226,,本桐牧場,0.0,2011.0,2004.0,1999.0
2021100392,グァパカスターニョ,牝,蛯名利弘,,カリフォルニアクローム,000a012602,クレーンズラヴァー,2007103866,ゼンノロブロイ,2000101517,栗山道郎,本桐牧場,0.0,2011.0,2007.0,2000.0
2021100390,グレイルソング,牡,,,エスポワールシチー,2005102837,オルフィーク,2012102504,ヴァーミリアン,2002100877,,本桐牧場,0.0,2005.0,2012.0,2002.0
2021100377,ジャイロバランス,牡,,,ヘンリーバローズ,2015104813,シャイントウショウ,2007100631,オペラハウス,000a000d77,,堀川洋之,0.0,2015.0,2007.0,1988.0
2021100366,トウカイリーゼ,牝,北出成人,,ドレフォン,000a013b82,トウカイレーヌ,2014101285,ディープインパクト,2002100816,内村正則,平野牧場,0.0,2013.0,2014.0,2002.0
2021100357,トクシーカイゼリン,牝,井上哲,,アジアエクスプレス,2011110091,ダイワサンルージュ,2006103694,コロナドズクエスト,000a0000b5,紙谷洋一,久井牧場,0.0,2011.0,2006.0,1995.0
2021100355,クールブルーダイヤ,牝,矢野英一,,カリフォルニアクローム,000a012602,クールホタルビ,2012103383,マツリダゴッホ,2003104570,川上哲司,久井牧場,0.0,2011.0,2012.0,2003.0
2021100344,ジルキャット,牝,,,ディスクリートキャット,000a0113a1,ジューンメイプル,2015105815,サウスヴィグラス,1996110138,,原口牧場,0.0,2003.0,2015.0,1996.0
2021100321,メイボウコウシ,牝,伊藤勝己,,ラブリーデイ,2010104298,アリーペデ,2006106569,タニノギムレット,1999100226,（同）ＪＰＮ技研,沼田照秋,0.0,2010.0,2006.0,1999.0
2021100313,ヘヴンズムーンの2021,牡,,,ヘンリーバローズ,2015104813,ヘヴンズムーン,2010102664,アドマイヤムーン,2003102991,,中橋清,0.0,2015.0,2010.0,2003.0
2021100311,スズカカラーズの2021,牝,,,ミュゼスルタン,2012104118,スズカカラーズ,2001103910,サンデーサイレンス,000a00033a,,中橋清,0.0,2012.0,2001.0,1986.0
2021100310,ジュウゴヤムーンの2021,牝,,,ミッキーグローリー,2013103999,ジュウゴヤムーン,2009103533,アドマイヤムーン,2003102991,,中橋清,0.0,2013.0,2009.0,2003.0
2021100309,グレイアンジェラの2021,牝,,,ニシケンモノノフ,2011105438,グレイアンジェラ,2016105725,スマートボーイ,1995100385,,中橋清,0.0,2011.0,2016.0,1995.0
2021100308,ビックメイラード,牡,,,コパノリチャード,2010106552,クラッシーシャーロット,000a010aa1,A.P. Indy,000a001d37,,中橋清,0.0,2010.0,1998.0,1989.0
2021100307,オブラディオブラダの2021,牝,,,ヘンリーバローズ,2015104813,オブラディオブラダ,2011101937,ゼンノロブロイ,2000101517,,中橋清,0.0,2015.0,2011.0,2000.0
2021100299,ノウリッジズパワー,セ,長谷川浩,,シニスターミニスター,000a011099,ラバニーユ,2012102422,クロフネ,1998110135,ノースヒルズ,土居牧場,0.0,2003.0,2012.0,1998.0
2021100290,バルログ,牡,渡辺薫彦,,ラニ,2013110045,アイトマコト,2016100619,ディープインパクト,2002100816,ノースヒルズ,土居牧場,0.0,2013.0,2016.0,2002.0
2021100277,ビッグキャット,牡,小崎憲,,ビッグアーサー,2011103328,バーミスキャット,000a010b78,Storm Cat,000a001a98,ニッシンホールディングス,土田農場,0.0,2011.0,2002.0,1983.0
2021100271,トシエスマイル,牝,加藤征弘,,ラブリーデイ,2010104298,ミヤコマンハッタン,2009100373,マンハッタンカフェ,1998101554,吉田喜代司,土田和男,0.0,2010.0,2009.0,1998.0
2021100261,レオレオヌイ,牡,,,ダノンレジェンド,2010110102,エーシンエーユー,2004110042,Unbridled's Song,000a002071,,築紫洋,0.0,2010.0,2004.0,1993.0
2021100259,エイシンミントの2021,牡,,,ミッキーグローリー,2013103999,エイシンミント,2013102395,ジャングルポケット,1998101786,,築紫洋,0.0,2013.0,2013.0,1998.0
2021100253,ミッチースマイル,牡,松永康利,,ビーチパトロール,000a0141f9,ビキニクィーン,2010103895,キングヘイロー,1995104427,道永幸治,田中春美,0.0,2013.0,2010.0,1995.0
2021100252,ワンキーカナザワ,牡,,,アニマルキングダム,000a011dad,トチノスカーレット,2010101431,サムライハート,2002100996,,田中春美,0.0,2008.0,2010.0,2002.0
2021100241,ジュネスガールの2021,牝,,,ホッコータルマエ,2009100921,ジュネスガール,2015102708,サウスヴィグラス,1996110138,,タツヤファーム,0.0,2009.0,2015.0,1996.0
2021100235,プリンセスフローラの2021,牡,,,キズナ,2010105827,プリンセスフローラ,2010104279,キングカメハメハ,2001103460,,タガミファーム,0.0,2010.0,2010.0,2001.0
2021100234,キョウエイトラスト,牡,,,ストロングリターン,2006102934,ハッピーユーゲント,2009106326,ディープインパクト,2002100816,,タガミファーム,0.0,2006.0,2009.0,2002.0
2021100227,ドッキンカゼコマチ,牝,,,アルアイン,2014106046,レッドアシェット,2011104169,ダイワメジャー,2001103114,,田上徹,0.0,2014.0,2011.0,2001.0
2021100224,トモジャデュポー,牡,鈴木伸尋,,レイデオロ,2014106201,インヴィジブルワン,2015104197,ディープインパクト,2002100816,吉冨学,田上徹,0.0,2014.0,2015.0,2002.0
2021100212,ポッドインディ,牡,小野次郎,,マジェスティックウォリアー,000a011e9c,ポッドクヒオ,2013105388,キングカメハメハ,2001103460,小川眞査雄,下屋敷牧場,0.0,2005.0,2013.0,2001.0
2021100208,シャイニンオーラの2021,牡,,,エピファネイア,2010104155,シャイニンオーラ,2008110028,キングカメハメハ,2001103460,,下屋敷牧場,0.0,2010.0,2008.0,2001.0
2021100205,ロワルート,牡,辻野泰之,,ドゥラメンテ,2012104511,カネショウメロン,2004102378,ディアブロ,000a0000e9,ノルマンディーサラブレッドレーシング,下屋敷牧場,0.0,2012.0,2004.0,1987.0
2021100201,ゼットホウライ,牡,吉田直弘,,アルアイン,2014106046,レディナデシコ,2007103581,ワイルドラッシュ,000a0003a1,フォーレスト,嶋田牧場,0.0,2014.0,2007.0,1994.0
2021100195,バーレスクダンサー,牝,須田和伸,,ビッグアーサー,2011103328,クロストウショウ,2007100635,アグネスタキオン,1998101516,長島和彦,嶋田牧場,0.0,2011.0,2007.0,1998.0
2021100191,キムドン,牝,,,エピカリス,2014103121,ノーブルルシファー,2016101189,シビルウォー,2005102317,,さとう,0.0,2014.0,2016.0,2005.0
2021100185,ニシノネライウチ,牡,伊藤大士,,クリエイターII,000a013630,ニシノウララ,2015100854,リーチザクラウン,2006102923,西山茂行,さとう,0.0,2013.0,2015.0,2006.0
2021100183,ヨッシークイン,牝,,,グレーターロンドン,2012101402,チーカ,2011103634,チチカステナンゴ,000a011135,,さとう,0.0,2012.0,2011.0,1998.0
2021100182,タヌキダンス,牡,木原一良,,サトノアラジン,2011104063,タケショウメーカー,2013103629,エンパイアメーカー,000a010542,菅藤孝雄,さとう,0.0,2011.0,2013.0,2000.0
2021100178,ペロペロキャンディ,牝,,,シャンハイボビー,000a0127e4,メイカ,2004102801,ダンスインザダーク,1993109188,,斉藤スタッド,0.0,2010.0,2004.0,1993.0
2021100160,ジャスミーナ,牝,,,キンシャサノキセキ,2003110212,フォーエバーローズ,2016101173,ロードカナロア,2008103552,,ケイアイファーム,0.0,2003.0,2016.0,2008.0
2021100156,デナリハイウェイ,牝,松下武士,,オルフェーヴル,2008102636,パノラマウェイ,2017102404,ロードカナロア,2008103552,ロードホースクラブ,ケイアイファーム,0.0,2008.0,2017.0,2008.0
2021100140,リフレクト,牝,四位洋文,,ロードカナロア,2008103552,オーシュペール,2009101530,ダイワメジャー,2001103114,ロードホースクラブ,ケイアイファーム,0.0,2008.0,2009.0,2001.0
2021100131,インディアナギャルの2021,牝,,,ロードカナロア,2008103552,インディアナギャル,000a011a94,Intikhab,000a0022af,,ケイアイファーム,0.0,2008.0,2005.0,1994.0
2021100122,ディーフリーダム,牝,的場直之,,ビーチパトロール,000a0141f9,マザーフェアリー,2009101511,スパイキュール,2000101557,荒川将一,グローリーファーム,0.0,2013.0,2009.0,2000.0
2021100117,グロリモーニ,牡,宇都英樹,,モーニン,2012110091,シャインエタニティ,2010105177,グラスワンダー,1995108676,仲尾正人,グローリーファーム,0.0,2012.0,2010.0,1995.0
2021100116,シシャルディンの2021,牡,,,バゴ,2001190004,シシャルディン,2014105694,ステイゴールド,1994108729,,グローリーファーム,0.0,2001.0,2014.0,1994.0
2021100106,フェリシアの2021,牡,,,ワールドエース,2009106353,フェリシア,2002100480,グラスワンダー,1995108676,,木下牧場,0.0,2009.0,2002.0,1995.0
2021100095,トピカIIの2021,牝,,,ジャスタウェイ,2009106461,トピカII,000a0129cd,Whipper,000a0114a6,,木田牧場,0.0,2009.0,2009.0,2001.0
2021100078,ブルーオニオン,牝,及川良春,,ゴールドアクター,2011105266,ブルーハピネス,2004101149,エイシンサンディ,1993103280,大黒富美子,加野牧場,0.0,2011.0,2004.0,1993.0
2021100077,ビッグスタールーフ,牡,井上弘之,,グランプリボス,2008103388,フジノドラマ,2012102266,フォーティナイナーズサン,000a011227,大屋高広,加野牧場,0.0,2008.0,2012.0,2001.0
2021100072,チャイニーズフレアの2021,牡,,,レッドファルクス,2011104416,チャイニーズフレア,2004102935,タヤスツヨシ,1992109612,,片山牧場,0.0,2011.0,2004.0,1992.0
2021100069,シアンカーン,牝,田島俊明,,ドゥラメンテ,2012104511,イセベル,2015102330,シンボリクリスエス,1999110099,谷掛龍夫,片山牧場,0.0,2012.0,2015.0,1999.0
2021100067,ローズシュクレの2021,牝,橋口慎介,,ミッキーアイル,2011103916,ローズシュクレ,2014106251,スマートファルコン,2005100097,ヒダカ・ブリーダーズ・ユニオン,折手牧場,0.0,2011.0,2014.0,2005.0
2021100066,インパルス,牡,藤川純,,サトノクラウン,2012104668,リヴァプール,2002101083,ダンスインザダーク,1993109188,横田秀明,折手牧場,0.0,2012.0,2002.0,1993.0
2021100058,エールラパース,牡,,,ワイルドワンダー,2002104665,ミヤサンキューティ,2008103578,クロフネ,1998110135,,オギオギ牧場,0.0,2002.0,2008.0,1998.0
2021100047,エクスプレシーヴ,牝,,,アジアエクスプレス,2011110091,オボロヅキ,2005100266,カリズマティック,000a00fa33,,沖田哲夫,0.0,2011.0,2005.0,1996.0
2021100046,ラリエットの2021,牡,,,クリエイターII,000a013630,ラリエット,2009102571,メイショウボーラー,2001100650,,沖田忠幸,0.0,2013.0,2009.0,2001.0
2021100044,グランマッシュ,牝,,,バゴ,2001190004,マッシュレイヤー,2006103252,ジャングルポケット,1998101786,,沖田忠幸,0.0,2001.0,2006.0,1998.0
2021100038,チャノカオリの2021,牝,,,アニマルキングダム,000a011dad,チャノカオリ,2015102288,ゴールドアリュール,1999106689,,沖田忠幸,0.0,2008.0,2015.0,1999.0
2021100027,コーリンマカロンの2021,牝,,,サンダースノー,000a013a06,コーリンマカロン,2014101672,ゴールドアリュール,1999106689,,小河豊水,0.0,2014.0,2014.0,1999.0
2021100025,ロージーローズの2021,牡,,,ヘニーヒューズ,000a011155,ロージーローズ,2010101223,シンボリクリスエス,1999110099,,上村清志,0.0,2003.0,2010.0,1999.0
2021100022,モズセブンキー,牝,矢作芳人,,ジャングルポケット,1998101786,グランプリエンゼル,2006103499,アグネスデジタル,1997110025,キャピタル・システム,上村清志,0.0,1998.0,2006.0,1997.0
2021100021,ヤマイチファミリーの2021,牡,,,アニマルキングダム,000a011dad,ヤマイチファミリー,2013102178,エンパイアメーカー,000a010542,,猪野毛牧場,0.0,2008.0,2013.0,2000.0
2021100020,マサノエメラルド,牝,高橋康之,,マクフィ,000a011c77,マサノバルサー,2016101042,エンパイアメーカー,000a010542,猪野毛雅人,猪野毛牧場,0.0,2007.0,2016.0,2000.0
2021100018,ソリューション,牡,加用正,,レイデオロ,2014106201,マサノヴィクトワル,2017102269,ヴィクトワールピサ,2007102923,寺田寿男,猪野毛牧場,0.0,2014.0,2017.0,2007.0
2021100002,クィーンズトレイルの2021,牡,,,サトノクラウン,2012104668,クィーンズトレイル,2008103097,ディープインパクト,2002100816,,飯岡牧場,0.0,2012.0,2008.0,2002.0
2021100001,アットファースト,牝,,,Into Mischief,000a0125a7,ワンダーガドット,000a01a8f6,Medaglia d'Oro,000a010a65,,ケイアイファーム,0.0,2005.0,2015.0,1999.0
